Workbook

Sheet Report1
A3: PAPER MACHINE 16 DAILY REPORT 1
A6: Date | B6: Grade | C6: GSM | D6: Speed yankee (mpm) | E6: Speed reel (mpm) | F6: Creep ( % ) | G6: Real Eff PM ( % ) | H6: Real Eff PM vs Target (%) | I6: Real Eff FG vs Real Eff PM (%) | J6: Eff FG vs Target (%) | L6: Kapasitas Target (ton) | N6: Kapasitas Teori Real (ton) | P6: PM PROD Timbangan (TON) | R6: FINSHED GOODS (TON) | T6: GAS HOOD | Z6: STEAM (TON) | AF6: POWER (kWh) | AL6: Kapasitas Running (ton) | AN6: Eff FG vs Target Running(%)
T7: CONSUMPTION | V7: /TON PM. | X7: /TON FG. | Z7: CONSUMPTION | AB7: /TON PM. | AD7: /TON FG. | AF7: CONSUMPTION | AH7: /TON PM | AJ7: /TON FG
J8: TODAY | K8: TODATE | L8: TODAY | M8: TODATE | N8: TODAY | O8: TODATE | P8: TODAY | Q8: TODATE | R8: TODAY | S8: TODATE | T8: TODAY | U8: TODATE | V8: TODAY | W8: TODATE | X8: TODAY | Y8: TODATE | Z8: TODAY | AA8: TODATE | AB8: TODAY | AC8: TODATE | AD8: TODAY | AE8: TODATE | AF8: TODAY | AG8: TODATE | AH8: TODAY | AI8: TODATE | AJ8: TODAY | AK8: TODATE | AL8: TODAY | AM8: TODATE | AN8: TODAY | AO8: TODATE
A9: 45931 | B9: Toilet | C9: 12,5/15 | D9: =+'1'!F42 -> 1193.9777 | E9: =+'1'!G42 -> 907.42302 | F9: =1-(E9/D9) -> 0.24 | G9: =+P9/N9 -> 0.62770305 | H9: =+P9/L9 -> 0.57573809 | I9: =+R9/P9 -> 0.65324244 | J9: =+R9/L9 -> 0.37609655 | K9: =+S9/M9 -> 0.37609655 | L9: =+SUM(Efficiency1!K6:K7) -> 49.68405 | M9: =L9 -> 49.68405 | N9: =+SUM(Efficiency1!C6:C7) -> 45.570911 | O9: =N9 -> 45.570911 | P9: ='1'!I38 -> 28.605 | Q9: =P9 -> 28.605 | R9: ='1'!I40 -> 18.686 | S9: =R9 -> 18.686 | T9: 0 | U9: =T9 -> 0 | V9: =T9/P9 -> 0 | W9: =U9/Q9 -> 0 | X9: =IF(AND(R9>0,T9>0),(T9/(R9*1000))*1000,0) -> 0 | Y9: =IF(AND(S9>0,U9>0),U9/S9,0) -> 0 | Z9: 79.6 | AA9: =Z9 -> 79.6 | AB9: =Z9/(P9) -> 2.7827303 | AC9: =AA9/(Q9) -> 2.7827303 | AD9: =IF(AND(R9>0,Z9>0),Z9/(R9),0) -> 4.2598737 | AE9: =IF(AND(S9>0,AA9>0),AA9/(S9),0) -> 4.2598737 | AF9: ='1'!I46 -> 37404.6 | AG9: =AF9 -> 37404.6 | AH9: =IF(AND(L9>0,AF9>0),(AF9/(P9*1000)*1000),0) -> 1307.6245 | AI9: =IF(AND(M9>0,AG9>0),(AG9/(Q9*1000)*1000),0) -> 1307.6245 | AJ9: =IF(AND(R9>0,AF9>0),(AF9/(R9*1000)*1000),0) -> 2001.7446 | AK9: =IF(AND(S9>0,AG9>0),(AG9/(S9*1000)*1000),0) -> 2001.7446 | AL9: =+SUM(Efficiency2!K6:K7) -> 38.699181 | AM9: =AL9 -> 38.699181 | AN9: =+R9/AL9 -> 0.4828526 | AO9: =+S9/AM9 -> 0.4828526
A10: =A9+1 -> 45932 | B10: Toilet | C10: 15/14,5 | D10: =+'2'!F42 -> 1099.0278 | E10: =+'2'!G42 -> 836.35 | F10: =1-(E10/D10) -> 0.23900923 | G10: =+P10/N10 -> 1.0131651 | H10: =+P10/L10 -> 0.95131093 | I10: =+R10/P10 -> 1.0001393 | J10: =+R10/L10 -> 0.95144341 | K10: =+S10/M10 -> 0.67262167 | L10: =+SUM(Efficiency1!K11:K12) -> 52.838666 | M10: =M9+L10 -> 102.52272 | N10: =+SUM(Efficiency1!C11:C12) -> 49.61284 | O10: =O9+N10 -> 95.183751 | P10: ='2'!I38 -> 50.266 | Q10: =Q9+P10 -> 78.871 | R10: ='2'!I40 -> 50.273 | S10: =S9+R10 -> 68.959 | U10: =T10+U9 -> 0 | V10: =T10/P10 -> 0 | W10: =U10/Q10 -> 0 | X10: =IF(AND(R10>0,T10>0),(T10/(R10*1000))*1000,0) -> 0 | Y10: =IF(AND(S10>0,U10>0),U10/S10,0) -> 0 | Z10: 117.4 | AA10: =Z10+AA9 -> 197 | AB10: =Z10/(P10) -> 2.3355747 | AC10: =AA10/(Q10) -> 2.4977495 | AD10: =IF(AND(R10>0,Z10>0),Z10/(R10),0) -> 2.3352495 | AE10: =IF(AND(S10>0,AA10>0),AA10/(S10),0) -> 2.85677 | AF10: ='2'!I46 -> 44118.36 | AG10: =AF10+AG9 -> 81522.96 | AH10: =IF(AND(L10>0,AF10>0),(AF10/(P10*1000)*1000),0) -> 877.69785 | AI10: =IF(AND(M10>0,AG10>0),(AG10/(Q10*1000)*1000),0) -> 1033.624 | AJ10: =IF(AND(R10>0,AF10>0),(AF10/(R10*1000)*1000),0) -> 877.57564 | AK10: =IF(AND(S10>0,AG10>0),(AG10/(S10*1000)*1000),0) -> 1182.1946 | AL10: =+SUM(Efficiency2!K11:K12) -> 52.838666 | AM10: =AM9+AL10 -> 91.537847 | AN10: =+R10/AL10 -> 0.95144341 | AO10: =+S10/AM10 -> 0.75333867
A11: =A10+1 -> 45933 | B11: Toilet | C11: 14,5/12,5 | D11: =+'3'!F42 -> 1215.2778 | E11: =+'3'!G42 -> 956.72917 | F11: =1-(E11/D11) -> 0.21274857 | G11: =+P11/N11 -> 0.93574089 | H11: =+P11/L11 -> 0.91973787 | I11: =+R11/P11 -> 0.86932224 | J11: =+R11/L11 -> 0.79954858 | K11: =+S11/M11 -> 0.71604177 | L11: =+SUM(Efficiency1!K15:K16) -> 53.30758 | M11: =M10+L11 -> 155.8303 | N11: =+SUM(Efficiency1!C15:C16) -> 52.395915 | O11: =O10+N11 -> 147.57967 | P11: ='3'!I38 -> 49.029 | Q11: =Q10+P11 -> 127.9 | R11: ='3'!I40 -> 42.622 | S11: =S10+R11 -> 111.581 | U11: =T11+U10 -> 0 | V11: =T11/P11 -> 0 | W11: =U11/Q11 -> 0 | X11: =IF(AND(R11>0,T11>0),(T11/(R11*1000))*1000,0) -> 0 | Y11: =IF(AND(S11>0,U11>0),U11/S11,0) -> 0 | Z11: 125 | AA11: =Z11+AA10 -> 322 | AB11: =Z11/(P11) -> 2.5495115 | AC11: =AA11/(Q11) -> 2.5175919 | AD11: =IF(AND(R11>0,Z11>0),Z11/(R11),0) -> 2.9327577 | AE11: =IF(AND(S11>0,AA11>0),AA11/(S11),0) -> 2.885796 | AF11: ='3'!I46 -> 45154.44 | AG11: =AF11+AG10 -> 126677.4 | AH11: =IF(AND(L11>0,AF11>0),(AF11/(P11*1000)*1000),0) -> 920.97412 | AI11: =IF(AND(M11>0,AG11>0),(AG11/(Q11*1000)*1000),0) -> 990.44097 | AJ11: =IF(AND(R11>0,AF11>0),(AF11/(R11*1000)*1000),0) -> 1059.4163 | AK11: =IF(AND(S11>0,AG11>0),(AG11/(S11*1000)*1000),0) -> 1135.2954 | AL11: =+SUM(Efficiency2!K15:K16) -> 53.30758 | AM11: =AM10+AL11 -> 144.84543 | AN11: =+R11/AL11 -> 0.79954858 | AO11: =+S11/AM11 -> 0.77034534
A12: =A11+1 -> 45934 | B12: Toilet/Facial | C12: 12,5/12/13,5/12 | D12: =+'4'!F42 -> 1370 | E12: =+'4'!G42 -> 1072.6149 | F12: =1-(E12/D12) -> 0.21706944 | G12: =+P12/N12 -> 0.92544684 | H12: =+P12/L12 -> 0.92544684 | I12: =+R12/P12 -> 0.95637707 | J12: =+R12/L12 -> 0.88507614 | K12: =+S12/M12 -> 0.75890216 | L12: =+SUM(Efficiency1!K20:K23) -> 52.934429 | M12: =M11+L12 -> 208.76472 | N12: =+SUM(Efficiency1!C20:C23) -> 52.934429 | O12: =O11+N12 -> 200.51409 | P12: ='4'!I38 -> 48.988 | Q12: =Q11+P12 -> 176.888 | R12: ='4'!I40 -> 46.851 | S12: =S11+R12 -> 158.432 | U12: =T12+U11 -> 0 | V12: =T12/P12 -> 0 | W12: =U12/Q12 -> 0 | X12: =IF(AND(R12>0,T12>0),(T12/(R12*1000))*1000,0) -> 0 | Y12: =IF(AND(S12>0,U12>0),U12/S12,0) -> 0 | Z12: 126.6 | AA12: =Z12+AA11 -> 448.6 | AB12: =Z12/(P12) -> 2.5843064 | AC12: =AA12/(Q12) -> 2.536068 | AD12: =IF(AND(R12>0,Z12>0),Z12/(R12),0) -> 2.7021835 | AE12: =IF(AND(S12>0,AA12>0),AA12/(S12),0) -> 2.8314987 | AF12: ='4'!I46 -> 50042.88 | AG12: =AF12+AG11 -> 176720.28 | AH12: =IF(AND(L12>0,AF12>0),(AF12/(P12*1000)*1000),0) -> 1021.5334 | AI12: =IF(AND(M12>0,AG12>0),(AG12/(Q12*1000)*1000),0) -> 999.05183 | AJ12: =IF(AND(R12>0,AF12>0),(AF12/(R12*1000)*1000),0) -> 1068.1283 | AK12: =IF(AND(S12>0,AG12>0),(AG12/(S12*1000)*1000),0) -> 1115.433 | AL12: =+SUM(Efficiency2!K20:K23) -> 52.934429 | AM12: =AM11+AL12 -> 197.77986 | AN12: =+R12/AL12 -> 0.88507614 | AO12: =+S12/AM12 -> 0.80105226
A13: =A12+1 -> 45935 | B13: Facial | C13: 12/12,5 | D13: =+'5'!F42 -> 1370 | E13: =+'5'!G42 -> 1041.2 | F13: =1-(E13/D13) -> 0.24 | G13: =+P13/N13 -> 0.92682145 | H13: =+P13/L13 -> 0.92682145 | I13: =+R13/P13 -> 0.93725593 | J13: =+R13/L13 -> 0.86866891 | K13: =+S13/M13 -> 0.77983074 | L13: =+SUM(Efficiency1!K25:K26) -> 49.180994 | M13: =M12+L13 -> 257.94572 | N13: =+SUM(Efficiency1!C25:C26) -> 49.180994 | O13: =O12+N13 -> 249.69509 | P13: ='5'!I38 -> 45.582 | Q13: =Q12+P13 -> 222.47 | R13: ='5'!I40 -> 42.722 | S13: =S12+R13 -> 201.154 | U13: =T13+U12 -> 0 | V13: =T13/P13 -> 0 | W13: =U13/Q13 -> 0 | X13: =IF(AND(R13>0,T13>0),(T13/(R13*1000))*1000,0) -> 0 | Y13: =IF(AND(S13>0,U13>0),U13/S13,0) -> 0 | Z13: 123.3 | AA13: =Z13+AA12 -> 571.9 | AB13: =Z13/(P13) -> 2.7050151 | AC13: =AA13/(Q13) -> 2.5706837 | AD13: =IF(AND(R13>0,Z13>0),Z13/(R13),0) -> 2.8861008 | AE13: =IF(AND(S13>0,AA13>0),AA13/(S13),0) -> 2.8430953 | AF13: ='5'!I46 -> 48740.96 | AG13: =AF13+AG12 -> 225461.24 | AH13: =IF(AND(L13>0,AF13>0),(AF13/(P13*1000)*1000),0) -> 1069.3028 | AI13: =IF(AND(M13>0,AG13>0),(AG13/(Q13*1000)*1000),0) -> 1013.4456 | AJ13: =IF(AND(R13>0,AF13>0),(AF13/(R13*1000)*1000),0) -> 1140.8867 | AK13: =IF(AND(S13>0,AG13>0),(AG13/(S13*1000)*1000),0) -> 1120.839 | AL13: =+SUM(Efficiency2!K25:K26) -> 49.180994 | AM13: =AM12+AL13 -> 246.96085 | AN13: =+R13/AL13 -> 0.86866891 | AO13: =+S13/AM13 -> 0.81451777
A14: =A13+1 -> 45936 | B14: Facial | C14: 12,5 | D14: =+'6'!F42 -> 1370 | E14: =+'6'!G42 -> 1041.2 | F14: =1-(E14/D14) -> 0.24 | G14: =+P14/N14 -> 0.89169065 | H14: =+P14/L14 -> 0.89169065 | I14: =+R14/P14 -> 0.97910754 | J14: =+R14/L14 -> 0.87306104 | K14: =+S14/M14 -> 0.79531404 | L14: =+Efficiency1!K29 -> 51.369833 | M14: =M13+L14 -> 309.31555 | N14: =+Efficiency1!C29 -> 51.369833 | O14: =O13+N14 -> 301.06492 | P14: ='6'!I38 -> 45.806 | Q14: =Q13+P14 -> 268.276 | R14: ='6'!I40 -> 44.849 | S14: =S13+R14 -> 246.003 | U14: =T14+U13 -> 0 | V14: =T14/P14 -> 0 | W14: =U14/Q14 -> 0 | X14: =IF(AND(R14>0,T14>0),(T14/(R14*1000))*1000,0) -> 0 | Y14: =IF(AND(S14>0,U14>0),U14/S14,0) -> 0 | Z14: 124.6 | AA14: =Z14+AA13 -> 696.5 | AB14: =Z14/(P14) -> 2.7201677 | AC14: =AA14/(Q14) -> 2.5962069 | AD14: =IF(AND(R14>0,Z14>0),Z14/(R14),0) -> 2.7782113 | AE14: =IF(AND(S14>0,AA14>0),AA14/(S14),0) -> 2.8312663 | AF14: ='6'!I46 -> 50699.48 | AG14: =AF14+AG13 -> 276160.72 | AH14: =IF(AND(L14>0,AF14>0),(AF14/(P14*1000)*1000),0) -> 1106.8305 | AI14: =IF(AND(M14>0,AG14>0),(AG14/(Q14*1000)*1000),0) -> 1029.3903 | AJ14: =IF(AND(R14>0,AF14>0),(AF14/(R14*1000)*1000),0) -> 1130.4484 | AK14: =IF(AND(S14>0,AG14>0),(AG14/(S14*1000)*1000),0) -> 1122.5909 | AL14: =+Efficiency2!K29 -> 51.369833 | AM14: =AM13+AL14 -> 298.33068 | AN14: =+R14/AL14 -> 0.87306104 | AO14: =+S14/AM14 -> 0.82459839
A15: =A14+1 -> 45937 | B15: Facial/Toilet | C15: 12,5/12/13/12,5 | D15: =+'7'!F42 -> 1370 | E15: =+'7'!G42 -> 1046.9083 | F15: =1-(E15/D15) -> 0.23583333 | G15: =+P15/N15 -> 0.92818405 | H15: =+P15/L15 -> 0.92818405 | I15: =+R15/P15 -> 0.94330944 | J15: =+R15/L15 -> 0.87556478 | K15: =+S15/M15 -> 0.80655069 | L15: =+SUM(Efficiency1!K33:K36) -> 50.361779 | M15: =M14+L15 -> 359.67733 | N15: =+SUM(Efficiency1!C33:C36) -> 50.361779 | O15: =O14+N15 -> 351.4267 | P15: ='7'!I38 -> 46.745 | Q15: =Q14+P15 -> 315.021 | R15: ='7'!I40 -> 44.095 | S15: =S14+R15 -> 290.098 | U15: =T15+U14 -> 0 | V15: =T15/P15 -> 0 | W15: =U15/Q15 -> 0 | X15: =IF(AND(R15>0,T15>0),(T15/(R15*1000))*1000,0) -> 0 | Y15: =IF(AND(S15>0,U15>0),U15/S15,0) -> 0 | Z15: 123.4 | AA15: =Z15+AA14 -> 819.9 | AB15: =Z15/(P15) -> 2.6398545 | AC15: =AA15/(Q15) -> 2.6026836 | AD15: =IF(AND(R15>0,Z15>0),Z15/(R15),0) -> 2.7985032 | AE15: =IF(AND(S15>0,AA15>0),AA15/(S15),0) -> 2.8262863 | AF15: ='7'!I46 -> 55121.6 | AG15: =AF15+AG14 -> 331282.32 | AH15: =IF(AND(L15>0,AF15>0),(AF15/(P15*1000)*1000),0) -> 1179.1978 | AI15: =IF(AND(M15>0,AG15>0),(AG15/(Q15*1000)*1000),0) -> 1051.6198 | AJ15: =IF(AND(R15>0,AF15>0),(AF15/(R15*1000)*1000),0) -> 1250.0646 | AK15: =IF(AND(S15>0,AG15>0),(AG15/(S15*1000)*1000),0) -> 1141.9669 | AL15: =+SUM(Efficiency2!K33:K36) -> 50.361779 | AM15: =AM14+AL15 -> 348.69246 | AN15: =+R15/AL15 -> 0.87556478 | AO15: =+S15/AM15 -> 0.83195948
A16: =A15+1 -> 45938 | B16: Toilet | C16: 12,5 | D16: =+'8'!F42 -> 1370 | E16: =+'8'!G42 -> 1109.7 | F16: =1-(E16/D16) -> 0.19 | G16: =+P16/N16 -> 0.91532935 | H16: =+P16/L16 -> 0.91532935 | I16: =+R16/P16 -> 0.95212978 | J16: =+R16/L16 -> 0.87151233 | K16: =+S16/M16 -> 0.81515145 | L16: =+Efficiency1!K38 -> 54.887347 | M16: =M15+L16 -> 414.56468 | N16: =+Efficiency1!C38 -> 54.887347 | O16: =O15+N16 -> 406.31405 | P16: ='8'!I38 -> 50.24 | Q16: =Q15+P16 -> 365.261 | R16: ='8'!I40 -> 47.835 | S16: =S15+R16 -> 337.933 | U16: =T16+U15 -> 0 | V16: =T16/P16 -> 0 | W16: =U16/Q16 -> 0 | X16: =IF(AND(R16>0,T16>0),(T16/(R16*1000))*1000,0) -> 0 | Y16: =IF(AND(S16>0,U16>0),U16/S16,0) -> 0 | Z16: 123.5 | AA16: =Z16+AA15 -> 943.4 | AB16: =Z16/(P16) -> 2.4582006 | AC16: =AA16/(Q16) -> 2.5828106 | AD16: =IF(AND(R16>0,Z16>0),Z16/(R16),0) -> 2.5817916 | AE16: =IF(AND(S16>0,AA16>0),AA16/(S16),0) -> 2.7916776 | AF16: ='8'!I46 -> 48453.52 | AG16: =AF16+AG15 -> 379735.84 | AH16: =IF(AND(L16>0,AF16>0),(AF16/(P16*1000)*1000),0) -> 964.44108 | AI16: =IF(AND(M16>0,AG16>0),(AG16/(Q16*1000)*1000),0) -> 1039.6288 | AJ16: =IF(AND(R16>0,AF16>0),(AF16/(R16*1000)*1000),0) -> 1012.9303 | AK16: =IF(AND(S16>0,AG16>0),(AG16/(S16*1000)*1000),0) -> 1123.7016 | AL16: =+Efficiency2!K38 -> 54.887347 | AM16: =AM15+AL16 -> 403.57981 | AN16: =+R16/AL16 -> 0.87151233 | AO16: =+S16/AM16 -> 0.83733872
A17: =A16+1 -> 45939 | B17: Toilet | C17: 12,5 | D17: =+'9'!F42 -> 1383.3333 | E17: =+'9'!G42 -> 1120.5 | F17: =1-(E17/D17) -> 0.19 | G17: =+P17/N17 -> 0.94565151 | H17: =+P17/L17 -> 0.94565151 | I17: =+R17/P17 -> 1.057457 | J17: =+R17/L17 -> 0.99998578 | K17: =+S17/M17 -> 0.83747379 | L17: =+Efficiency1!K42 -> 56.94381 | M17: =M16+L17 -> 471.50849 | N17: =+Efficiency1!C42 -> 56.94381 | O17: =O16+N17 -> 463.25786 | P17: ='9'!I38 -> 53.849 | Q17: =Q16+P17 -> 419.11 | R17: ='9'!I40 -> 56.943 | S17: =S16+R17 -> 394.876 | U17: =T17+U16 -> 0 | V17: =T17/P17 -> 0 | W17: =U17/Q17 -> 0 | X17: =IF(AND(R17>0,T17>0),(T17/(R17*1000))*1000,0) -> 0 | Y17: =IF(AND(S17>0,U17>0),U17/S17,0) -> 0 | Z17: 124.7 | AA17: =Z17+AA16 -> 1068.1 | AB17: =Z17/(P17) -> 2.3157347 | AC17: =AA17/(Q17) -> 2.5484956 | AD17: =IF(AND(R17>0,Z17>0),Z17/(R17),0) -> 2.1899092 | AE17: =IF(AND(S17>0,AA17>0),AA17/(S17),0) -> 2.7048998 | AF17: ='9'!I46 -> 59159.72 | AG17: =AF17+AG16 -> 438895.56 | AH17: =IF(AND(L17>0,AF17>0),(AF17/(P17*1000)*1000),0) -> 1098.6224 | AI17: =IF(AND(M17>0,AG17>0),(AG17/(Q17*1000)*1000),0) -> 1047.2085 | AJ17: =IF(AND(R17>0,AF17>0),(AF17/(R17*1000)*1000),0) -> 1038.9288 | AK17: =IF(AND(S17>0,AG17>0),(AG17/(S17*1000)*1000),0) -> 1111.4769 | AL17: =+Efficiency2!K42 -> 56.94381 | AM17: =AM16+AL17 -> 460.52362 | AN17: =+R17/AL17 -> 0.99998578 | AO17: =+S17/AM17 -> 0.85745005
A18: =A17+1 -> 45940 | B18: Toilet | C18: 12,5 | D18: =+'10'!F42 -> 1397.5694 | E18: =+'10'!G42 -> 1118.0556 | F18: =1-(E18/D18) -> 0.2 | G18: =+P18/N18 -> 0.89478395 | H18: =+P18/L18 -> 0.89478395 | I18: =+R18/P18 -> 0.80414045 | J18: =+R18/L18 -> 0.71953197 | K18: =+S18/M18 -> 0.82500006 | L18: =+Efficiency1!K46 -> 55.765417 | M18: =M17+L18 -> 527.2739 | N18: =+Efficiency1!C46 -> 55.765417 | O18: =O17+N18 -> 519.02327 | P18: ='10'!I38 -> 49.898 | Q18: =Q17+P18 -> 469.008 | R18: ='10'!I40 -> 40.125 | S18: =S17+R18 -> 435.001 | U18: =T18+U17 -> 0 | V18: =T18/P18 -> 0 | W18: =U18/Q18 -> 0 | X18: =IF(AND(R18>0,T18>0),(T18/(R18*1000))*1000,0) -> 0 | Y18: =IF(AND(S18>0,U18>0),U18/S18,0) -> 0 | Z18: 124.8 | AA18: =Z18+AA17 -> 1192.9 | AB18: =Z18/(P18) -> 2.5011022 | AC18: =AA18/(Q18) -> 2.5434534 | AD18: =IF(AND(R18>0,Z18>0),Z18/(R18),0) -> 3.1102804 | AE18: =IF(AND(S18>0,AA18>0),AA18/(S18),0) -> 2.7422925 | AF18: ='10'!I46 -> 51974.438 | AG18: =AF18+AG17 -> 490870 | AH18: =IF(AND(L18>0,AF18>0),(AF18/(P18*1000)*1000),0) -> 1041.6136 | AI18: =IF(AND(M18>0,AG18>0),(AG18/(Q18*1000)*1000),0) -> 1046.6133 | AJ18: =IF(AND(R18>0,AF18>0),(AF18/(R18*1000)*1000),0) -> 1295.3131 | AK18: =IF(AND(S18>0,AG18>0),(AG18/(S18*1000)*1000),0) -> 1128.4342 | AL18: =+Efficiency2!K46 -> 55.765417 | AM18: =AM17+AL18 -> 516.28904 | AN18: =+R18/AL18 -> 0.71953197 | AO18: =+S18/AM18 -> 0.84255324
A19: =A18+1 -> 45941 | B19: Toilet | C19: 12,5/14 | D19: =+'11'!F42 -> 1379.8611 | E19: =+'11'!G42 -> 1082.2361 | F19: =1-(E19/D19) -> 0.215692 | G19: =+P19/N19 -> 0.93907939 | H19: =+P19/L19 -> 0.92962045 | I19: =+R19/P19 -> 1.0485532 | J19: =+R19/L19 -> 0.97475649 | K19: =+S19/M19 -> 0.83913283 | L19: =+SUM(Efficiency1!K50:K51) -> 54.945005 | M19: =M18+L19 -> 582.21891 | N19: =+SUM(Efficiency1!C50:C51) -> 54.391567 | O19: =O18+N19 -> 573.41484 | P19: ='11'!I38 -> 51.078 | Q19: =Q18+P19 -> 520.086 | R19: ='11'!I40 -> 53.558 | S19: =S18+R19 -> 488.559 | U19: =T19+U18 -> 0 | V19: =T19/P19 -> 0 | W19: =U19/Q19 -> 0 | X19: =IF(AND(R19>0,T19>0),(T19/(R19*1000))*1000,0) -> 0 | Y19: =IF(AND(S19>0,U19>0),U19/S19,0) -> 0 | Z19: 121 | AA19: =Z19+AA18 -> 1313.9 | AB19: =Z19/(P19) -> 2.368926 | AC19: =AA19/(Q19) -> 2.526313 | AD19: =IF(AND(R19>0,Z19>0),Z19/(R19),0) -> 2.259233 | AE19: =IF(AND(S19>0,AA19>0),AA19/(S19),0) -> 2.6893374 | AF19: ='11'!I46 -> 48763.17 | AG19: =AF19+AG18 -> 539633.17 | AH19: =IF(AND(L19>0,AF19>0),(AF19/(P19*1000)*1000),0) -> 954.68049 | AI19: =IF(AND(M19>0,AG19>0),(AG19/(Q19*1000)*1000),0) -> 1037.5845 | AJ19: =IF(AND(R19>0,AF19>0),(AF19/(R19*1000)*1000),0) -> 910.47407 | AK19: =IF(AND(S19>0,AG19>0),(AG19/(S19*1000)*1000),0) -> 1104.5404 | AL19: =+SUM(Efficiency2!K50:K51) -> 54.945005 | AM19: =AM18+AL19 -> 571.23404 | AN19: =+R19/AL19 -> 0.97475649 | AO19: =+S19/AM19 -> 0.85526941
A20: =A19+1 -> 45942 | B20: Toilet | C20: 14/15/12,5 | D20: =+'12'!F42 -> 1329.1667 | E20: =+'12'!G42 -> 1010.1667 | F20: =1-(E20/D20) -> 0.24 | G20: =+P20/N20 -> 0.91225022 | H20: =+P20/L20 -> 0.90890791 | I20: =+R20/P20 -> 1.0106905 | J20: =+R20/L20 -> 0.9186246 | K20: =+S20/M20 -> 0.84603596 | L20: =+SUM(Efficiency1!K54:K56) -> 55.368646 | M20: =M19+L20 -> 637.58755 | N20: =+SUM(Efficiency1!C54:C56) -> 55.165786 | O20: =O19+N20 -> 628.58063 | P20: ='12'!I38 -> 50.325 | Q20: =Q19+P20 -> 570.411 | R20: ='12'!I40 -> 50.863 | S20: =S19+R20 -> 539.422 | U20: =T20+U19 -> 0 | V20: =T20/P20 -> 0 | W20: =U20/Q20 -> 0 | X20: =IF(AND(R20>0,T20>0),(T20/(R20*1000))*1000,0) -> 0 | Y20: =IF(AND(S20>0,U20>0),U20/S20,0) -> 0 | Z20: 122.5 | AA20: =Z20+AA19 -> 1436.4 | AB20: =Z20/(P20) -> 2.4341778 | AC20: =AA20/(Q20) -> 2.5181843 | AD20: =IF(AND(R20>0,Z20>0),Z20/(R20),0) -> 2.4084305 | AE20: =IF(AND(S20>0,AA20>0),AA20/(S20),0) -> 2.6628502 | AF20: ='12'!I46 -> 49974.62 | AG20: =AF20+AG19 -> 589607.79 | AH20: =IF(AND(L20>0,AF20>0),(AF20/(P20*1000)*1000),0) -> 993.03766 | AI20: =IF(AND(M20>0,AG20>0),(AG20/(Q20*1000)*1000),0) -> 1033.6543 | AJ20: =IF(AND(R20>0,AF20>0),(AF20/(R20*1000)*1000),0) -> 982.53387 | AK20: =IF(AND(S20>0,AG20>0),(AG20/(S20*1000)*1000),0) -> 1093.0362 | AL20: =+SUM(Efficiency2!K54:K56) -> 55.368646 | AM20: =AM19+AL20 -> 626.60269 | AN20: =+R20/AL20 -> 0.9186246 | AO20: =+S20/AM20 -> 0.86086768
A21: =A20+1 -> 45943 | B21: Toilet | C21: 12,5/14 | D21: =+'13'!F42 -> 1387.5 | E21: =+'13'!G42 -> 1054.5 | F21: =1-(E21/D21) -> 0.24 | G21: =+P21/N21 -> 0.97897867 | H21: =+P21/L21 -> 0.95726523 | I21: =+R21/P21 -> 0.92241447 | J21: =+R21/L21 -> 0.8829953 | K21: =+S21/M21 -> 0.84889087 | L21: =+SUM(Efficiency1!K59:K61) -> 53.372878 | M21: =M20+L21 -> 690.96043 | N21: =+SUM(Efficiency1!C59:C61) -> 52.189084 | O21: =O20+N21 -> 680.76971 | P21: ='13'!I38 -> 51.092 | Q21: =Q20+P21 -> 621.503 | R21: ='13'!I40 -> 47.128 | S21: =S20+R21 -> 586.55 | U21: =T21+U20 -> 0 | V21: =T21/P21 -> 0 | W21: =U21/Q21 -> 0 | X21: =IF(AND(R21>0,T21>0),(T21/(R21*1000))*1000,0) -> 0 | Y21: =IF(AND(S21>0,U21>0),U21/S21,0) -> 0 | Z21: 122.3 | AA21: =Z21+AA20 -> 1558.7 | AB21: =Z21/(P21) -> 2.3937211 | AC21: =AA21/(Q21) -> 2.5079525 | AD21: =IF(AND(R21>0,Z21>0),Z21/(R21),0) -> 2.5950603 | AE21: =IF(AND(S21>0,AA21>0),AA21/(S21),0) -> 2.6574035 | AF21: ='13'!I46 -> 44644.41 | AG21: =AF21+AG20 -> 634252.2 | AH21: =IF(AND(L21>0,AF21>0),(AF21/(P21*1000)*1000),0) -> 873.80431 | AI21: =IF(AND(M21>0,AG21>0),(AG21/(Q21*1000)*1000),0) -> 1020.5135 | AJ21: =IF(AND(R21>0,AF21>0),(AF21/(R21*1000)*1000),0) -> 947.30118 | AK21: =IF(AND(S21>0,AG21>0),(AG21/(S21*1000)*1000),0) -> 1081.3267 | AL21: =+SUM(Efficiency2!K59:K61) -> 53.372878 | AM21: =AM20+AL21 -> 679.97556 | AN21: =+R21/AL21 -> 0.8829953 | AO21: =+S21/AM21 -> 0.86260453
A22: =A21+1 -> 45944 | B22: Toilet | C22: 14/15 | D22: =+'14'!F42 -> 1235.0694 | E22: =+'14'!G42 -> 946.24306 | F22: =1-(E22/D22) -> 0.23385437 | G22: =+P22/N22 -> 1.0224665 | H22: =+P22/L22 -> 1.0224665 | I22: =+R22/P22 -> 0.76796394 | J22: =+R22/L22 -> 0.78521739 | K22: =+S22/M22 -> 0.84429089 | L22: =+SUM(Efficiency1!K63:K64) -> 53.804208 | M22: =M21+L22 -> 744.76464 | N22: =+SUM(Efficiency1!C63:C64) -> 53.804208 | O22: =O21+N22 -> 734.57392 | P22: ='14'!I38 -> 55.013 | Q22: =Q21+P22 -> 676.516 | R22: ='14'!I40 -> 42.248 | S22: =S21+R22 -> 628.798 | U22: =T22+U21 -> 0 | V22: =T22/P22 -> 0 | W22: =U22/Q22 -> 0 | X22: =IF(AND(R22>0,T22>0),(T22/(R22*1000))*1000,0) -> 0 | Y22: =IF(AND(S22>0,U22>0),U22/S22,0) -> 0 | Z22: 129.3 | AA22: =Z22+AA21 -> 1688 | AB22: =Z22/(P22) -> 2.3503536 | AC22: =AA22/(Q22) -> 2.4951368 | AD22: =IF(AND(R22>0,Z22>0),Z22/(R22),0) -> 3.0604999 | AE22: =IF(AND(S22>0,AA22>0),AA22/(S22),0) -> 2.6844869 | AF22: ='14'!I46 -> 43708.6 | AG22: =AF22+AG21 -> 677960.8 | AH22: =IF(AND(L22>0,AF22>0),(AF22/(P22*1000)*1000),0) -> 794.51402 | AI22: =IF(AND(M22>0,AG22>0),(AG22/(Q22*1000)*1000),0) -> 1002.1356 | AJ22: =IF(AND(R22>0,AF22>0),(AF22/(R22*1000)*1000),0) -> 1034.5721 | AK22: =IF(AND(S22>0,AG22>0),(AG22/(S22*1000)*1000),0) -> 1078.1854 | AL22: =+SUM(Efficiency2!K63:K64) -> 53.804208 | AM22: =AM21+AL22 -> 733.77977 | AN22: =+R22/AL22 -> 0.78521739 | AO22: =+S22/AM22 -> 0.85693014
A23: =A22+1 -> 45945 | B23: Toilet | C23: 15/14/17 | D23: =+'15'!F42 -> 1236.4931 | E23: =+'15'!G42 -> 959.12049 | F23: =1-(E23/D23) -> 0.22432198 | G23: =+P23/N23 -> 0.94628336 | H23: =+P23/L23 -> 0.94628336 | I23: =+R23/P23 -> 0.92257824 | J23: =+R23/L23 -> 0.87302044 | K23: =+S23/M23 -> 0.84623167 | L23: =+SUM(Efficiency1!K67:K69) -> 53.956354 | M23: =M22+L23 -> 798.72099 | N23: =+SUM(Efficiency1!C67:C69) -> 53.956354 | O23: =O22+N23 -> 788.53027 | P23: ='15'!I38 -> 51.058 | Q23: =Q22+P23 -> 727.574 | R23: ='15'!I40 -> 47.105 | S23: =S22+R23 -> 675.903 | U23: =T23+U22 -> 0 | V23: =T23/P23 -> 0 | W23: =U23/Q23 -> 0 | X23: =IF(AND(R23>0,T23>0),(T23/(R23*1000))*1000,0) -> 0 | Y23: =IF(AND(S23>0,U23>0),U23/S23,0) -> 0 | Z23: 130.8 | AA23: =Z23+AA22 -> 1818.8 | AB23: =Z23/(P23) -> 2.5617925 | AC23: =AA23/(Q23) -> 2.4998145 | AD23: =IF(AND(R23>0,Z23>0),Z23/(R23),0) -> 2.7767753 | AE23: =IF(AND(S23>0,AA23>0),AA23/(S23),0) -> 2.6909187 | AF23: ='15'!I46 -> 44240.8 | AG23: =AF23+AG22 -> 722201.6 | AH23: =IF(AND(L23>0,AF23>0),(AF23/(P23*1000)*1000),0) -> 866.48126 | AI23: =IF(AND(M23>0,AG23>0),(AG23/(Q23*1000)*1000),0) -> 992.61601 | AJ23: =IF(AND(R23>0,AF23>0),(AF23/(R23*1000)*1000),0) -> 939.19541 | AK23: =IF(AND(S23>0,AG23>0),(AG23/(S23*1000)*1000),0) -> 1068.4989 | AL23: =+SUM(Efficiency2!K67:K69) -> 53.956354 | AM23: =AM22+AL23 -> 787.73613 | AN23: =+R23/AL23 -> 0.87302044 | AO23: =+S23/AM23 -> 0.85803225
A24: =A23+1 -> 45946 | B24: Toilet/Facial | C24: 17/13 | D24: =+'16'!F42 -> 1261.2639 | E24: =+'16'!G42 -> 964.13542 | F24: =1-(E24/D24) -> 0.23557994 | G24: =+P24/N24 -> 0.90327784 | H24: =+P24/L24 -> 0.90327784 | I24: =+R24/P24 -> 1.0541995 | J24: =+R24/L24 -> 0.95223505 | K24: =+S24/M24 -> 0.85300468 | L24: =+SUM(Efficiency1!K71:K72) -> 54.517002 | M24: =M23+L24 -> 853.238 | N24: =+SUM(Efficiency1!C71:C72) -> 54.517002 | O24: =O23+N24 -> 843.04728 | P24: ='16'!I38 -> 49.244 | Q24: =Q23+P24 -> 776.818 | R24: ='16'!I40 -> 51.913 | S24: =S23+R24 -> 727.816 | U24: =T24+U23 -> 0 | V24: =T24/P24 -> 0 | W24: =U24/Q24 -> 0 | X24: =IF(AND(R24>0,T24>0),(T24/(R24*1000))*1000,0) -> 0 | Y24: =IF(AND(S24>0,U24>0),U24/S24,0) -> 0 | Z24: 130 | AA24: =Z24+AA23 -> 1948.8 | AB24: =Z24/(P24) -> 2.6399155 | AC24: =AA24/(Q24) -> 2.5086957 | AD24: =IF(AND(R24>0,Z24>0),Z24/(R24),0) -> 2.5041897 | AE24: =IF(AND(S24>0,AA24>0),AA24/(S24),0) -> 2.6775998 | AF24: ='16'!I46 -> 49460.6 | AG24: =AF24+AG23 -> 771662.2 | AH24: =IF(AND(L24>0,AF24>0),(AF24/(P24*1000)*1000),0) -> 1004.3985 | AI24: =IF(AND(M24>0,AG24>0),(AG24/(Q24*1000)*1000),0) -> 993.36292 | AJ24: =IF(AND(R24>0,AF24>0),(AF24/(R24*1000)*1000),0) -> 952.75942 | AK24: =IF(AND(S24>0,AG24>0),(AG24/(S24*1000)*1000),0) -> 1060.2435 | AL24: =+SUM(Efficiency2!K71:K72) -> 54.517002 | AM24: =AM23+AL24 -> 842.25313 | AN24: =+R24/AL24 -> 0.95223505 | AO24: =+S24/AM24 -> 0.86412977
A25: =A24+1 -> 45947 | B25: Facial | C25: 13/12 | D25: =+'17'!F42 -> 1364.5833 | E25: =+'17'!G42 -> 1027.3333 | F25: =1-(E25/D25) -> 0.24714504 | G25: =+P25/N25 -> 0.94938532 | H25: =+P25/L25 -> 0.94938532 | I25: =+R25/P25 -> 0.94167655 | J25: =+R25/L25 -> 0.89401389 | K25: =+S25/M25 -> 0.85537787 | L25: =+SUM(Efficiency1!K77:K78) -> 52.4097 | M25: =M24+L25 -> 905.6477 | N25: =+SUM(Efficiency1!C77:C78) -> 52.4097 | O25: =O24+N25 -> 895.45698 | P25: ='17'!I38 -> 49.757 | Q25: =Q24+P25 -> 826.575 | R25: ='17'!I40 -> 46.855 | S25: =S24+R25 -> 774.671 | U25: =T25+U24 -> 0 | V25: =T25/P25 -> 0 | W25: =U25/Q25 -> 0 | X25: =IF(AND(R25>0,T25>0),(T25/(R25*1000))*1000,0) -> 0 | Y25: =IF(AND(S25>0,U25>0),U25/S25,0) -> 0 | Z25: 130 | AA25: =Z25+AA24 -> 2078.8 | AB25: =Z25/(P25) -> 2.6126977 | AC25: =AA25/(Q25) -> 2.5149563 | AD25: =IF(AND(R25>0,Z25>0),Z25/(R25),0) -> 2.7745171 | AE25: =IF(AND(S25>0,AA25>0),AA25/(S25),0) -> 2.6834618 | AF25: ='17'!I46 -> 50788.14 | AG25: =AF25+AG24 -> 822450.34 | AH25: =IF(AND(L25>0,AF25>0),(AF25/(P25*1000)*1000),0) -> 1020.7235 | AI25: =IF(AND(M25>0,AG25>0),(AG25/(Q25*1000)*1000),0) -> 995.00994 | AJ25: =IF(AND(R25>0,AF25>0),(AF25/(R25*1000)*1000),0) -> 1083.9428 | AK25: =IF(AND(S25>0,AG25>0),(AG25/(S25*1000)*1000),0) -> 1061.6769 | AL25: =+SUM(Efficiency2!K77:K78) -> 52.4097 | AM25: =AM24+AL25 -> 894.66283 | AN25: =+R25/AL25 -> 0.89401389 | AO25: =+S25/AM25 -> 0.86588039
A26: =A25+1 -> 45948 | B26: Facial | C26: 12 | D26: =+'18'!F42 -> 1400 | E26: =+'18'!G42 -> 1050 | F26: =1-(E26/D26) -> 0.25 | G26: =+P26/N26 -> 0.89630181 | H26: =+P26/L26 -> 0.89630181 | I26: =+R26/P26 -> 0.98071813 | J26: =+R26/L26 -> 0.87901943 | K26: =+S26/M26 -> 0.85663363 | L26: =+Efficiency1!K81 -> 50.8032 | M26: =M25+L26 -> 956.4509 | N26: =+Efficiency1!C81 -> 50.8032 | O26: =O25+N26 -> 946.26018 | P26: ='18'!I38 -> 45.535 | Q26: =Q25+P26 -> 872.11 | R26: ='18'!I40 -> 44.657 | S26: =S25+R26 -> 819.328 | U26: =T26+U25 -> 0 | V26: =T26/P26 -> 0 | W26: =U26/Q26 -> 0 | X26: =IF(AND(R26>0,T26>0),(T26/(R26*1000))*1000,0) -> 0 | Y26: =IF(AND(S26>0,U26>0),U26/S26,0) -> 0 | Z26: 126.7 | AA26: =Z26+AA25 -> 2205.5 | AB26: =Z26/(P26) -> 2.782475 | AC26: =AA26/(Q26) -> 2.5289241 | AD26: =IF(AND(R26>0,Z26>0),Z26/(R26),0) -> 2.8371812 | AE26: =IF(AND(S26>0,AA26>0),AA26/(S26),0) -> 2.6918401 | AF26: ='18'!I46 -> 52391.97 | AG26: =AF26+AG25 -> 874842.31 | AH26: =IF(AND(L26>0,AF26>0),(AF26/(P26*1000)*1000),0) -> 1150.5868 | AI26: =IF(AND(M26>0,AG26>0),(AG26/(Q26*1000)*1000),0) -> 1003.133 | AJ26: =IF(AND(R26>0,AF26>0),(AF26/(R26*1000)*1000),0) -> 1173.2085 | AK26: =IF(AND(S26>0,AG26>0),(AG26/(S26*1000)*1000),0) -> 1067.7559 | AL26: =+Efficiency2!K81 -> 50.8032 | AM26: =AM25+AL26 -> 945.46603 | AN26: =+R26/AL26 -> 0.87901943 | AO26: =+S26/AM26 -> 0.8665864
A27: =A26+1 -> 45949 | B27: Facial | C27: 12 | D27: =+'19'!F42 -> 1397.6389 | E27: =+'19'!G42 -> 1048.2292 | F27: =1-(E27/D27) -> 0.25 | G27: =+P27/N27 -> 0.96311886 | H27: =+P27/L27 -> 0.96149455 | I27: =+R27/P27 -> 0.95776609 | J27: =+R27/L27 -> 0.92088687 | K27: =+S27/M27 -> 0.85987439 | L27: =+Efficiency1!K85 -> 50.8032 | M27: =M26+L27 -> 1007.2541 | N27: =+Efficiency1!C85 -> 50.71752 | O27: =O26+N27 -> 996.9777 | P27: ='19'!I38 -> 48.847 | Q27: =Q26+P27 -> 920.957 | R27: ='19'!I40 -> 46.784 | S27: =S26+R27 -> 866.112 | U27: =T27+U26 -> 0 | V27: =T27/P27 -> 0 | W27: =U27/Q27 -> 0 | X27: =IF(AND(R27>0,T27>0),(T27/(R27*1000))*1000,0) -> 0 | Y27: =IF(AND(S27>0,U27>0),U27/S27,0) -> 0 | Z27: 128.5 | AA27: =Z27+AA26 -> 2334 | AB27: =Z27/(P27) -> 2.6306631 | AC27: =AA27/(Q27) -> 2.5343203 | AD27: =IF(AND(R27>0,Z27>0),Z27/(R27),0) -> 2.7466655 | AE27: =IF(AND(S27>0,AA27>0),AA27/(S27),0) -> 2.6948016 | AF27: ='19'!I46 -> 54304.87 | AG27: =AF27+AG26 -> 929147.18 | AH27: =IF(AND(L27>0,AF27>0),(AF27/(P27*1000)*1000),0) -> 1111.734 | AI27: =IF(AND(M27>0,AG27>0),(AG27/(Q27*1000)*1000),0) -> 1008.8931 | AJ27: =IF(AND(R27>0,AF27>0),(AF27/(R27*1000)*1000),0) -> 1160.7573 | AK27: =IF(AND(S27>0,AG27>0),(AG27/(S27*1000)*1000),0) -> 1072.7795 | AL27: =+Efficiency2!K85 -> 50.8032 | AM27: =AM26+AL27 -> 996.26923 | AN27: =+R27/AL27 -> 0.92088687 | AO27: =+S27/AM27 -> 0.86935537
A28: =A27+1 -> 45950 | B28: Facial | C28: 12 | D28: =+'20'!F42 -> 1400 | E28: =+'20'!G42 -> 1050 | F28: =1-(E28/D28) -> 0.25 | G28: =+P28/N28 -> 1.0185118 | H28: =+P28/L28 -> 1.0185118 | I28: =+R28/P28 -> 0.98807106 | J28: =+R28/L28 -> 1.0063621 | K28: =+S28/M28 -> 0.86677509 | L28: =+Efficiency1!K89 -> 49.7952 | M28: =M27+L28 -> 1057.0493 | N28: =+Efficiency1!C89 -> 49.7952 | O28: =O27+N28 -> 1046.7729 | P28: ='20'!I38 -> 50.717 | Q28: =Q27+P28 -> 971.674 | R28: ='20'!I40 -> 50.112 | S28: =S27+R28 -> 916.224 | U28: =T28+U27 -> 0 | V28: =T28/P28 -> 0 | W28: =U28/Q28 -> 0 | X28: =IF(AND(R28>0,T28>0),(T28/(R28*1000))*1000,0) -> 0 | Y28: =IF(AND(S28>0,U28>0),U28/S28,0) -> 0 | Z28: 129.1 | AA28: =Z28+AA27 -> 2463.1 | AB28: =Z28/(P28) -> 2.5454976 | AC28: =AA28/(Q28) -> 2.5349037 | AD28: =IF(AND(R28>0,Z28>0),Z28/(R28),0) -> 2.5762292 | AE28: =IF(AND(S28>0,AA28>0),AA28/(S28),0) -> 2.6883164 | AF28: ='20'!I46 -> 51377.83 | AG28: =AF28+AG27 -> 980525.01 | AH28: =IF(AND(L28>0,AF28>0),(AF28/(P28*1000)*1000),0) -> 1013.0298 | AI28: =IF(AND(M28>0,AG28>0),(AG28/(Q28*1000)*1000),0) -> 1009.109 | AJ28: =IF(AND(R28>0,AF28>0),(AF28/(R28*1000)*1000),0) -> 1025.26 | AK28: =IF(AND(S28>0,AG28>0),(AG28/(S28*1000)*1000),0) -> 1070.1804 | AL28: =+Efficiency2!K89 -> 49.7952 | AM28: =AM27+AL28 -> 1046.0644 | AN28: =+R28/AL28 -> 1.0063621 | AO28: =+S28/AM28 -> 0.87587722
A29: =A28+1 -> 45951 | B29: Facial/Toilet | C29: 12/12,5 | D29: =+'21'!F42 -> 1361.25 | E29: =+'21'!G42 -> 1042.9694 | F29: =1-(E29/D29) -> 0.23381492 | G29: =+P29/N29 -> 0.9005983 | H29: =+P29/L29 -> 0.9005983 | I29: =+R29/P29 -> 0.90292028 | J29: =+R29/L29 -> 0.81316847 | K29: =+S29/M29 -> 0.86425919 | L29: =+SUM(Efficiency1!K93:K94) -> 52.053174 | M29: =M28+L29 -> 1109.1025 | N29: =+SUM(Efficiency2!K93:K94) -> 52.053174 | O29: =O28+N29 -> 1098.8261 | P29: ='21'!I38 -> 46.879 | Q29: =Q28+P29 -> 1018.553 | R29: ='21'!I40 -> 42.328 | S29: =S28+R29 -> 958.552 | U29: =T29+U28 -> 0 | V29: =T29/P29 -> 0 | W29: =U29/Q29 -> 0 | X29: =IF(AND(R29>0,T29>0),(T29/(R29*1000))*1000,0) -> 0 | Y29: =IF(AND(S29>0,U29>0),U29/S29,0) -> 0 | Z29: 131.8 | AA29: =Z29+AA28 -> 2594.9 | AB29: =Z29/(P29) -> 2.8114934 | AC29: =AA29/(Q29) -> 2.5476338 | AD29: =IF(AND(R29>0,Z29>0),Z29/(R29),0) -> 3.1137781 | AE29: =IF(AND(S29>0,AA29>0),AA29/(S29),0) -> 2.707104 | AF29: ='21'!I46 -> 48122.29 | AG29: =AF29+AG28 -> 1028647.3 | AH29: =IF(AND(L29>0,AF29>0),(AF29/(P29*1000)*1000),0) -> 1026.5213 | AI29: =IF(AND(M29>0,AG29>0),(AG29/(Q29*1000)*1000),0) -> 1009.9104 | AJ29: =IF(AND(R29>0,AF29>0),(AF29/(R29*1000)*1000),0) -> 1136.8902 | AK29: =IF(AND(S29>0,AG29>0),(AG29/(S29*1000)*1000),0) -> 1073.1262 | AL29: =+SUM(Efficiency2!K93:K94) -> 52.053174 | AM29: =AM28+AL29 -> 1098.1176 | AN29: =+R29/AL29 -> 0.81316847 | AO29: =+S29/AM29 -> 0.87290469
A30: =A29+1 -> 45952 | B30: Toilet | C30: 12,5/14,5/18 | D30: =+'22'!F42 -> 1257.5 | E30: =+'22'!G42 -> 963.45833 | F30: =1-(E30/D30) -> 0.23383035 | G30: =+P30/N30 -> 0.97865227 | H30: =+P30/L30 -> 0.97168991 | I30: =+R30/P30 -> 0.97862957 | J30: =+R30/L30 -> 0.95092448 | K30: =+S30/M30 -> 0.86842517 | L30: =+SUM(Efficiency1!K97:K99) -> 56.006551 | M30: =M29+L30 -> 1165.109 | N30: =+SUM(Efficiency1!C97:C99) -> 55.608107 | O30: =O29+N30 -> 1154.4342 | P30: ='22'!I38 -> 54.421 | Q30: =Q29+P30 -> 1072.974 | R30: ='22'!I40 -> 53.258 | S30: =S29+R30 -> 1011.81 | U30: =T30+U29 -> 0 | V30: =T30/P30 -> 0 | W30: =U30/Q30 -> 0 | X30: =IF(AND(R30>0,T30>0),(T30/(R30*1000))*1000,0) -> 0 | Y30: =IF(AND(S30>0,U30>0),U30/S30,0) -> 0 | Z30: 134.2 | AA30: =Z30+AA29 -> 2729.1 | AB30: =Z30/(P30) -> 2.4659598 | AC30: =AA30/(Q30) -> 2.5434913 | AD30: =IF(AND(R30>0,Z30>0),Z30/(R30),0) -> 2.5198092 | AE30: =IF(AND(S30>0,AA30>0),AA30/(S30),0) -> 2.6972455 | AF30: ='22'!I46 -> 44206.22 | AG30: =AF30+AG29 -> 1072853.5 | AH30: =IF(AND(L30>0,AF30>0),(AF30/(P30*1000)*1000),0) -> 812.30077 | AI30: =IF(AND(M30>0,AG30>0),(AG30/(Q30*1000)*1000),0) -> 999.88771 | AJ30: =IF(AND(R30>0,AF30>0),(AF30/(R30*1000)*1000),0) -> 830.03906 | AK30: =IF(AND(S30>0,AG30>0),(AG30/(S30*1000)*1000),0) -> 1060.331 | AL30: =+SUM(Efficiency2!K97:K99) -> 56.006551 | AM30: =AM29+AL30 -> 1154.1242 | AN30: =+R30/AL30 -> 0.95092448 | AO30: =+S30/AM30 -> 0.87669078
A31: =A30+1 -> 45953 | B31: Toilet | C31: 18/14,5/12,5 | D31: =+'23'!F42 -> 1166.4236 | E31: =+'23'!G42 -> 886.48194 | F31: =1-(E31/D31) -> 0.24 | G31: =+P31/N31 -> 0.97533627 | H31: =+P31/L31 -> 0.96567135 | I31: =+R31/P31 -> 0.69476082 | J31: =+R31/L31 -> 0.67091062 | K31: =+S31/M31 -> 0.8593099 | L31: =+SUM(Efficiency1!K101:K103) -> 56.371146 | M31: =M30+L31 -> 1221.4802 | N31: =+SUM(Efficiency1!C101:C103) -> 55.812546 | O31: =O30+N31 -> 1210.2467 | P31: ='23'!I38 -> 54.436 | Q31: =Q30+P31 -> 1127.41 | R31: ='23'!I40 -> 37.82 | S31: =S30+R31 -> 1049.63 | U31: =T31+U30 -> 0 | V31: =T31/P31 -> 0 | W31: =U31/Q31 -> 0 | X31: =IF(AND(R31>0,T31>0),(T31/(R31*1000))*1000,0) -> 0 | Y31: =IF(AND(S31>0,U31>0),U31/S31,0) -> 0 | Z31: 128.9 | AA31: =Z31+AA30 -> 2858 | AB31: =Z31/(P31) -> 2.3679183 | AC31: =AA31/(Q31) -> 2.5350139 | AD31: =IF(AND(R31>0,Z31>0),Z31/(R31),0) -> 3.4082496 | AE31: =IF(AND(S31>0,AA31>0),AA31/(S31),0) -> 2.7228642 | AF31: ='23'!I46 -> 42635.91 | AG31: =AF31+AG30 -> 1115489.4 | AH31: =IF(AND(L31>0,AF31>0),(AF31/(P31*1000)*1000),0) -> 783.23003 | AI31: =IF(AND(M31>0,AG31>0),(AG31/(Q31*1000)*1000),0) -> 989.42659 | AJ31: =IF(AND(R31>0,AF31>0),(AF31/(R31*1000)*1000),0) -> 1127.3377 | AK31: =IF(AND(S31>0,AG31>0),(AG31/(S31*1000)*1000),0) -> 1062.7454 | AL31: =+SUM(Efficiency2!K101:K103) -> 49.585209 | AM31: =AM30+AL31 -> 1203.7094 | AN31: =+R31/AL31 -> 0.76272745 | AO31: =+S31/AM31 -> 0.87199621
A32: =A31+1 -> 45954 | B32: Toilet | C32: 12,5/18/14,5/15 | D32: =+'24'!F42 -> 1287.7083 | E32: =+'24'!G42 -> 988.41528 | F32: =1-(E32/D32) -> 0.23242302 | G32: =+P32/N32 -> 0.93501853 | H32: =+P32/L32 -> 0.90167523 | I32: =+R32/P32 -> 0.86105411 | J32: =+R32/L32 -> 0.77639117 | K32: =+S32/M32 -> 0.85572904 | L32: =+SUM(Efficiency1!K106:K109) -> 55.130715 | M32: =M31+L32 -> 1276.6109 | N32: =+SUM(Efficiency1!C106:C109) -> 53.164722 | O32: =O31+N32 -> 1263.4114 | P32: ='24'!I38 -> 49.71 | Q32: =Q31+P32 -> 1177.12 | R32: ='24'!I40 -> 42.803 | S32: =S31+R32 -> 1092.433 | U32: =T32+U31 -> 0 | V32: =T32/P32 -> 0 | W32: =U32/Q32 -> 0 | X32: =IF(AND(R32>0,T32>0),(T32/(R32*1000))*1000,0) -> 0 | Y32: =IF(AND(S32>0,U32>0),U32/S32,0) -> 0 | Z32: 132 | AA32: =Z32+AA31 -> 2990 | AB32: =Z32/(P32) -> 2.6554013 | AC32: =AA32/(Q32) -> 2.5400979 | AD32: =IF(AND(R32>0,Z32>0),Z32/(R32),0) -> 3.083896 | AE32: =IF(AND(S32>0,AA32>0),AA32/(S32),0) -> 2.73701 | AF32: =+'24'!I46 -> 47208.19 | AG32: =AF32+AG31 -> 1162697.6 | AH32: =IF(AND(L32>0,AF32>0),(AF32/(P32*1000)*1000),0) -> 949.6719 | AI32: =IF(AND(M32>0,AG32>0),(AG32/(Q32*1000)*1000),0) -> 987.74774 | AJ32: =IF(AND(R32>0,AF32>0),(AF32/(R32*1000)*1000),0) -> 1102.9178 | AK32: =IF(AND(S32>0,AG32>0),(AG32/(S32*1000)*1000),0) -> 1064.3194 | AL32: =+SUM(Efficiency2!K106:K109) -> 55.130715 | AM32: =AM31+AL32 -> 1258.8401 | AN32: =+R32/AL32 -> 0.77639117 | AO32: =+S32/AM32 -> 0.8678092
A33: =A32+1 -> 45955 | B33: Toilet | C33: 12,5 | D33: =+'25'!F42 -> 1393.3333 | E33: =+'25'!G42 -> 1058.9333 | F33: =1-(E33/D33) -> 0.24 | G33: =+P33/N33 -> 0.94415519 | H33: =+P33/L33 -> 0.93965922 | I33: =+R33/P33 -> 0.94662686 | J33: =+R33/L33 -> 0.88950665 | K33: =+S33/M33 -> 0.85705205 | L33: =+Efficiency1!K111 -> 52.041207 | M33: =M32+L33 -> 1328.6521 | N33: =+Efficiency1!C111 -> 51.793392 | O33: =O32+N33 -> 1315.2048 | P33: ='25'!I38 -> 48.901 | Q33: =Q32+P33 -> 1226.021 | R33: ='25'!I40 -> 46.291 | S33: =S32+R33 -> 1138.724 | U33: =T33+U32 -> 0 | V33: =T33/P33 -> 0 | W33: =U33/Q33 -> 0 | X33: =IF(AND(R33>0,T33>0),(T33/(R33*1000))*1000,0) -> 0 | Y33: =IF(AND(S33>0,U33>0),U33/S33,0) -> 0 | Z33: 134.9 | AA33: =Z33+AA32 -> 3124.9 | AB33: =Z33/(P33) -> 2.7586348 | AC33: =AA33/(Q33) -> 2.5488144 | AD33: =IF(AND(R33>0,Z33>0),Z33/(R33),0) -> 2.9141734 | AE33: =IF(AND(S33>0,AA33>0),AA33/(S33),0) -> 2.7442119 | AF33: =+'25'!I46 -> 49875.96 | AG33: =AF33+AG32 -> 1212573.6 | AH33: =IF(AND(L33>0,AF33>0),(AF33/(P33*1000)*1000),0) -> 1019.9374 | AI33: =IF(AND(M33>0,AG33>0),(AG33/(Q33*1000)*1000),0) -> 989.03165 | AJ33: =IF(AND(R33>0,AF33>0),(AF33/(R33*1000)*1000),0) -> 1077.444 | AK33: =IF(AND(S33>0,AG33>0),(AG33/(S33*1000)*1000),0) -> 1064.8529 | AL33: =+Efficiency2!K111 -> 52.041207 | AM33: =AM32+AL33 -> 1310.8813 | AN33: =+R33/AL33 -> 0.88950665 | AO33: =+S33/AM33 -> 0.86867058
A34: =A33+1 -> 45956 | B34: Toilet | C34: 12,5 | D34: =+'26'!F42 -> 1394.0208 | E34: =+'26'!G42 -> 1059.4558 | F34: =1-(E34/D34) -> 0.24 | G34: =+P34/N34 -> 0.91710889 | H34: =+P34/L34 -> 0.91319207 | I34: =+R34/P34 -> 0.88928393 | J34: =+R34/L34 -> 0.81208704 | K34: =+S34/M34 -> 0.85533759 | L34: =+Efficiency1!K115 -> 52.668 | M34: =M33+L34 -> 1381.3201 | N34: =+Efficiency1!C115 -> 52.443064 | O34: =O33+N34 -> 1367.6479 | P34: ='26'!I38 -> 48.096 | Q34: =Q33+P34 -> 1274.117 | R34: ='26'!I40 -> 42.771 | S34: =S33+R34 -> 1181.495 | U34: =T34+U33 -> 0 | V34: =T34/P34 -> 0 | W34: =U34/Q34 -> 0 | X34: =IF(AND(R34>0,T34>0),(T34/(R34*1000))*1000,0) -> 0 | Y34: =IF(AND(S34>0,U34>0),U34/S34,0) -> 0 | Z34: 135.8 | AA34: =Z34+AA33 -> 3260.7 | AB34: =Z34/(P34) -> 2.8235196 | AC34: =AA34/(Q34) -> 2.5591841 | AD34: =IF(AND(R34>0,Z34>0),Z34/(R34),0) -> 3.1750485 | AE34: =IF(AND(S34>0,AA34>0),AA34/(S34),0) -> 2.7598085 | AF34: ='26'!I46 -> 47430.33 | AG34: =AF34+AG33 -> 1260003.9 | AH34: =IF(AND(L34>0,AF34>0),(AF34/(P34*1000)*1000),0) -> 986.15956 | AI34: =IF(AND(M34>0,AG34>0),(AG34/(Q34*1000)*1000),0) -> 988.92324 | AJ34: =IF(AND(R34>0,AF34>0),(AF34/(R34*1000)*1000),0) -> 1108.9367 | AK34: =IF(AND(S34>0,AG34>0),(AG34/(S34*1000)*1000),0) -> 1066.4488 | AL34: =+Efficiency2!K115 -> 52.668 | AM34: =AM33+AL34 -> 1363.5493 | AN34: =+R34/AL34 -> 0.81208704 | AO34: =+S34/AM34 -> 0.866485
A35: =A34+1 -> 45957 | B35: Toilet/Facial | C35: 12,5/12 | D35: =+'27'!F42 -> 1398.2014 | E35: =+'27'!G42 -> 1062.6331 | F35: =1-(E35/D35) -> 0.24 | G35: =+P35/N35 -> 0.9137336 | H35: =+P35/L35 -> 0.91254251 | I35: =+R35/P35 -> 0.8055016 | J35: =+R35/L35 -> 0.73505446 | K35: =+S35/M35 -> 0.85098126 | L35: =+SUM(Efficiency1!K119:K120) -> 51.907719 | M35: =M34+L35 -> 1433.2278 | N35: =+SUM(Efficiency1!C119:C120) -> 51.840055 | O35: =O34+N35 -> 1419.488 | P35: ='27'!I38 -> 47.368 | Q35: =Q34+P35 -> 1321.485 | R35: ='27'!I40 -> 38.155 | S35: =S34+R35 -> 1219.65 | U35: =T35+U34 -> 0 | V35: =T35/P35 -> 0 | W35: =U35/Q35 -> 0 | X35: =IF(AND(R35>0,T35>0),(T35/(R35*1000))*1000,0) -> 0 | Y35: =IF(AND(S35>0,U35>0),U35/S35,0) -> 0 | Z35: 133.1 | AA35: =Z35+AA34 -> 3393.8 | AB35: =Z35/(P35) -> 2.8099139 | AC35: =AA35/(Q35) -> 2.5681714 | AD35: =IF(AND(R35>0,Z35>0),Z35/(R35),0) -> 3.4884026 | AE35: =IF(AND(S35>0,AA35>0),AA35/(S35),0) -> 2.7826016 | AF35: ='27'!I46 -> 49997.73 | AG35: =AF35+AG34 -> 1310001.6 | AH35: =IF(AND(L35>0,AF35>0),(AF35/(P35*1000)*1000),0) -> 1055.517 | AI35: =IF(AND(M35>0,AG35>0),(AG35/(Q35*1000)*1000),0) -> 991.31026 | AJ35: =IF(AND(R35>0,AF35>0),(AF35/(R35*1000)*1000),0) -> 1310.3847 | AK35: =IF(AND(S35>0,AG35>0),(AG35/(S35*1000)*1000),0) -> 1074.08 | AL35: =+SUM(Efficiency2!K119:K120) -> 51.907719 | AM35: =AM34+AL35 -> 1415.457 | AN35: =+R35/AL35 -> 0.73505446 | AO35: =+S35/AM35 -> 0.86166517
A36: =A35+1 -> 45958 | B36: Facial | C36: 12/13 | D36: =+'28'!F42 -> 1385.625 | E36: =+'28'!G42 -> 1053.075 | F36: =1-(E36/D36) -> 0.24 | G36: =+P36/N36 -> 0.8896474 | H36: =+P36/L36 -> 0.88521159 | I36: =+R36/P36 -> 0.89565121 | J36: =+R36/L36 -> 0.79284083 | K36: =+S36/M36 -> 0.8489818 | L36: =+SUM(Efficiency1!K123:K124) -> 51.044293 | M36: =M35+L36 -> 1484.2721 | N36: =+SUM(Efficiency1!C123:C124) -> 50.789785 | O36: =O35+N36 -> 1470.2777 | P36: ='28'!I38 -> 45.185 | Q36: =Q35+P36 -> 1366.67 | R36: ='28'!I40 -> 40.47 | S36: =S35+R36 -> 1260.12 | U36: =T36+U35 -> 0 | V36: =T36/P36 -> 0 | W36: =U36/Q36 -> 0 | X36: =IF(AND(R36>0,T36>0),(T36/(R36*1000))*1000,0) -> 0 | Y36: =IF(AND(S36>0,U36>0),U36/S36,0) -> 0 | Z36: 133.6 | AA36: =Z36+AA35 -> 3527.4 | AB36: =Z36/(P36) -> 2.9567334 | AC36: =AA36/(Q36) -> 2.5810181 | AD36: =IF(AND(R36>0,Z36>0),Z36/(R36),0) -> 3.3012108 | AE36: =IF(AND(S36>0,AA36>0),AA36/(S36),0) -> 2.7992572 | AF36: ='28'!I46 -> 45213.17 | AG36: =AF36+AG35 -> 1355214.8 | AH36: =IF(AND(L36>0,AF36>0),(AF36/(P36*1000)*1000),0) -> 1000.6234 | AI36: =IF(AND(M36>0,AG36>0),(AG36/(Q36*1000)*1000),0) -> 991.61817 | AJ36: =IF(AND(R36>0,AF36>0),(AF36/(R36*1000)*1000),0) -> 1117.2021 | AK36: =IF(AND(S36>0,AG36>0),(AG36/(S36*1000)*1000),0) -> 1075.4649 | AL36: =+SUM(Efficiency2!K123:K124) -> 51.044293 | AM36: =AM35+AL36 -> 1466.5013 | AN36: =+R36/AL36 -> 0.79284083 | AO36: =+S36/AM36 -> 0.85926961
A37: =A36+1 -> 45959 | B37: Facial | C37: 13/12 | D37: =+'29'!F42 -> 1370 | E37: =+'29'!G42 -> 1041.2 | F37: =1-(E37/D37) -> 0.24 | G37: =+P37/N37 -> 0.91447309 | H37: =+P37/L37 -> 0.90515036 | I37: =+R37/P37 -> 0.91337815 | J37: =+R37/L37 -> 0.82674456 | K37: =+S37/M37 -> 0.8482277 | L37: =+SUM(Efficiency1!K127:K128) -> 52.100736 | M37: =M36+L37 -> 1536.3728 | N37: =+SUM(Efficiency1!C127:C128) -> 51.569587 | O37: =O36+N37 -> 1521.8473 | P37: ='29'!I38 -> 47.159 | Q37: =Q36+P37 -> 1413.829 | R37: ='29'!I40 -> 43.074 | S37: =S36+R37 -> 1303.194 | U37: =T37+U36 -> 0 | V37: =T37/P37 -> 0 | W37: =U37/Q37 -> 0 | X37: =IF(AND(R37>0,T37>0),(T37/(R37*1000))*1000,0) -> 0 | Y37: =IF(AND(S37>0,U37>0),U37/S37,0) -> 0 | Z37: 136.2 | AA37: =Z37+AA36 -> 3663.6 | AB37: =Z37/(P37) -> 2.888102 | AC37: =AA37/(Q37) -> 2.591261 | AD37: =IF(AND(R37>0,Z37>0),Z37/(R37),0) -> 3.1620003 | AE37: =IF(AND(S37>0,AA37>0),AA37/(S37),0) -> 2.8112468 | AF37: ='29'!I46 -> 49073.74 | AG37: =AF37+AG36 -> 1404288.5 | AH37: =IF(AND(L37>0,AF37>0),(AF37/(P37*1000)*1000),0) -> 1040.6018 | AI37: =IF(AND(M37>0,AG37>0),(AG37/(Q37*1000)*1000),0) -> 993.25205 | AJ37: =IF(AND(R37>0,AF37>0),(AF37/(R37*1000)*1000),0) -> 1139.2891 | AK37: =IF(AND(S37>0,AG37>0),(AG37/(S37*1000)*1000),0) -> 1077.5744 | AL37: =+SUM(Efficiency2!K127:K128) -> 52.100736 | AM37: =AM36+AL37 -> 1518.602 | AN37: =+R37/AL37 -> 0.82674456 | AO37: =+S37/AM37 -> 0.85815373
A38: =A37+1 -> 45960 | B38: Facial/Toilet | C38: 12/12,5 | D38: =+'30'!F42 -> 1388.3333 | E38: =+'30'!G42 -> 1059.1 | F38: =1-(E38/D38) -> 0.23714286 | G38: =+P38/N38 -> 0.93759555 | H38: =+P38/L38 -> 0.93250723 | I38: =+R38/P38 -> 0.80176048 | J38: =+R38/L38 -> 0.74764745 | K38: =+S38/M38 -> 0.8449262 | L38: =+SUM(Efficiency1!K131:K132) -> 52.142223 | M38: =M37+L38 -> 1588.5151 | N38: =+SUM(Efficiency1!C131:C132) -> 51.859248 | O38: =O37+N38 -> 1573.7066 | P38: ='30'!I38 -> 48.623 | Q38: =Q37+P38 -> 1462.452 | R38: ='30'!I40 -> 38.984 | S38: =S37+R38 -> 1342.178 | U38: =T38+U37 -> 0 | V38: =T38/P38 -> 0 | W38: =U38/Q38 -> 0 | X38: =IF(AND(R38>0,T38>0),(T38/(R38*1000))*1000,0) -> 0 | Y38: =IF(AND(S38>0,U38>0),U38/S38,0) -> 0 | Z38: 138.3 | AA38: =Z38+AA37 -> 3801.9 | AB38: =Z38/(P38) -> 2.8443329 | AC38: =AA38/(Q38) -> 2.5996751 | AD38: =IF(AND(R38>0,Z38>0),Z38/(R38),0) -> 3.5476093 | AE38: =IF(AND(S38>0,AA38>0),AA38/(S38),0) -> 2.8326347 | AF38: ='30'!I46 -> 55118.02 | AG38: =AF38+AG37 -> 1459406.6 | AH38: =IF(AND(L38>0,AF38>0),(AF38/(P38*1000)*1000),0) -> 1133.5792 | AI38: =IF(AND(M38>0,AG38>0),(AG38/(Q38*1000)*1000),0) -> 997.91758 | AJ38: =IF(AND(R38>0,AF38>0),(AF38/(R38*1000)*1000),0) -> 1413.8626 | AK38: =IF(AND(S38>0,AG38>0),(AG38/(S38*1000)*1000),0) -> 1087.342 | AL38: =+SUM(Efficiency2!K131:K132) -> 52.142223 | AM38: =AM37+AL38 -> 1570.7443 | AN38: =+R38/AL38 -> 0.74764745 | AO38: =+S38/AM38 -> 0.85448538
A39: =A38+1 -> 45961 | B39: Toilet | C39: 12,5/13 | D39: =+'31'!F42 -> 1357.9167 | E39: =+'31'!G42 -> 1045.5958 | F39: =1-(E39/D39) -> 0.23 | G39: =+P39/N39 -> 0.9495878 | H39: =+P39/L39 -> 0.93601602 | I39: =+R39/P39 -> 0.89861238 | J39: =+R39/L39 -> 0.84111559 | K39: =+S39/M39 -> 0.84480151 | L39: =+SUM(Efficiency1!K135:K136) -> 53.740533 | M39: =M38+L39 -> 1642.2556 | N39: =+SUM(Efficiency1!C135:C136) -> 52.972458 | O39: =O38+N39 -> 1626.679 | P39: ='31'!I38 -> 50.302 | Q39: =Q38+P39 -> 1512.754 | R39: ='31'!I40 -> 45.202 | S39: =S38+R39 -> 1387.38 | U39: =T39+U38 -> 0 | V39: =T39/P39 -> 0 | W39: =U39/Q39 -> 0 | X39: =IF(AND(R39>0,T39>0),(T39/(R39*1000))*1000,0) -> 0 | Y39: =IF(AND(S39>0,U39>0),U39/S39,0) -> 0 | Z39: 140.3 | AA39: =Z39+AA38 -> 3942.2 | AB39: =Z39/(P39) -> 2.7891535 | AC39: =AA39/(Q39) -> 2.6059756 | AD39: =IF(AND(R39>0,Z39>0),Z39/(R39),0) -> 3.103845 | AE39: =IF(AND(S39>0,AA39>0),AA39/(S39),0) -> 2.841471 | AF39: ='31'!I46 -> 59209.96 | AG39: =AF39+AG38 -> 1518616.5 | AH39: =IF(AND(L39>0,AF39>0),(AF39/(P39*1000)*1000),0) -> 1177.0896 | AI39: =IF(AND(M39>0,AG39>0),(AG39/(Q39*1000)*1000),0) -> 1003.8754 | AJ39: =IF(AND(R39>0,AF39>0),(AF39/(R39*1000)*1000),0) -> 1309.8969 | AK39: =IF(AND(S39>0,AG39>0),(AG39/(S39*1000)*1000),0) -> 1094.5931 | AL39: =+SUM(Efficiency2!K135:K136) -> 53.740533 | AM39: =AM38+AL39 -> 1624.4848 | AN39: =+R39/AL39 -> 0.84111559 | AO39: =+S39/AM39 -> 0.85404309
G41: =+P41/N41 -> 0.92996465 | H41: =+P41/L41 -> 0.92114407 | I41: =+R41/P41 -> 0.91712202 | J41: =+R41/L41 -> 0.84480151 | L41: =SUM(L9:L39) -> 1642.2556 | N41: =SUM(N9:N39) -> 1626.679 | P41: =SUM(P9:P39) -> 1512.754 | R41: =SUM(R9:R39) -> 1387.38 | T41: =SUM(T9:T39) -> 0 | V41: =T41/P41 -> 0 | X41: =IF(AND(R41>0,T41>0),(T41/(R41*1000))*1000,0) -> 0 | Z41: =SUM(Z9:Z40) -> 3942.2 | AB41: =Z41/P41 -> 2.6059756 | AD41: =Z41/R41 -> 2.841471 | AF41: =SUM(AF9:AF39) -> 1518616.5 | AH41: =AF41/P41 -> 1003.8754 | AJ41: =AF41/R41 -> 1094.5931 | AL41: =SUM(AL9:AL39) -> 1624.4848 | AN41: =+R41/AL41 -> 0.85404309

Sheet GRAFIK

Sheet Listrik
A2: MACHINE POWER CONSUMPTION (PER PANEL)
A4: Date | B4: PM (TON) | C4: FINSHED GOODS (TON) | AN4: Total PM16
D5: Vacuum A | H5: Vacuum B | L5: MCC Aux TM | P5: Multi Screen | T5: MCC | X5: Drive Panel | AB5: Aux Panel | AF5: Stock Prep | AJ5: Pulper
D6: KWH | E6: Consumption | F6: /TON PM | G6: /TON FG | H6: KWH | I6: Consumption | J6: /TON PM | K6: /TON FG | L6: KWH | M6: Consumption | N6: /TON PM | O6: /TON FG | P6: KWH | Q6: Consumption | R6: /TON PM | S6: /TON FG | T6: KWH | U6: Consumption | V6: /TON PM | W6: /TON FG | X6: KWH | Y6: Consumption | Z6: /TON PM | AA6: /TON FG | AB6: KWH | AC6: Consumption | AD6: /TON PM | AE6: /TON FG | AF6: KWH | AG6: Consumption | AH6: /TON PM | AI6: /TON FG | AJ6: KWH | AK6: Consumption | AL6: /TON PM | AM6: /TON FG | AN6: Consumption | AO6: /TON PM | AP6: /TON FG
A8: =+Report1!A9 -> 45931 | B8: =+Report1!P9 -> 28.605 | C8: =+Report1!R9 -> 18.686 | D8: =+D7+E8 -> 0 | F8: =E8/B8 -> 0 | G8: =E8/C8 -> 0 | H8: =+H7+I8 -> 0 | I8: 0 | J8: =I8/B8 -> 0 | K8: =I8/C8 -> 0 | L8: =+L7+M8 -> 0 | N8: =M8/B8 -> 0 | O8: =M8/C8 -> 0 | P8: =+P7+Q8 -> 0 | R8: =Q8/B8 -> 0 | S8: =Q8/C8 -> 0 | T8: =+T7+U8 -> 6818.65 | U8: =+[1]DailyOct!AT7 -> 6818.65 | V8: =U8/B8 -> 238.37266 | W8: =U8/C8 -> 364.90688 | X8: =+X7+Y8 -> 8000 | Y8: =+[1]DailyOct!AU7 -> 8000 | Z8: =Y8/B8 -> 279.67139 | AA8: =Y8/C8 -> 428.12801 | AB8: =+AB7+AC8 -> 8568.65 | AC8: =+[1]DailyOct!AV7 -> 8568.65 | AD8: =AC8/B8 -> 299.55078 | AE8: =AC8/C8 -> 458.55988 | AF8: =+AF7+AG8 -> 12937.3 | AG8: =+[1]DailyOct!AW7 -> 12937.3 | AH8: =AG8/B8 -> 452.27408 | AI8: =AG8/C8 -> 692.35256 | AJ8: =+AJ7+AK8 -> 1080 | AK8: =+[1]DailyOct!AX7 -> 1080 | AL8: =AK8/B8 -> 37.755637 | AM8: =AK8/C8 -> 57.797281 | AN8: =+E8+I8+M8+Q8+U8+Y8+AC8+AG8+AK8 -> 37404.6 | AO8: =AN8/B8 -> 1307.6245 | AP8: =AN8/C8 -> 2001.7446 | AT8: Off Reel | AU8: Off Rewinder
A9: =A8+1 -> 45932 | B9: =+Report1!P10 -> 50.266 | C9: =+Report1!R10 -> 50.273 | D9: =+D8+E9 -> 0 | F9: =E9/B9 -> 0 | G9: =E9/C9 -> 0 | H9: =+H8+I9 -> 0 | J9: =I9/B9 -> 0 | K9: =I9/C9 -> 0 | L9: =+L8+M9 -> 0 | N9: =M9/B9 -> 0 | O9: =M9/C9 -> 0 | P9: =+P8+Q9 -> 0 | R9: =Q9/B9 -> 0 | S9: =Q9/C9 -> 0 | T9: =+T8+U9 -> 13895.74 | U9: =+[1]DailyOct!AT8 -> 7077.09 | V9: =U9/B9 -> 140.79278 | W9: =U9/C9 -> 140.77318 | X9: =+X8+Y9 -> 18000 | Y9: =+[1]DailyOct!AU8 -> 10000 | Z9: =Y9/B9 -> 198.94163 | AA9: =Y9/C9 -> 198.91393 | AB9: =+AB8+AC9 -> 20945.74 | AC9: =+[1]DailyOct!AV8 -> 12377.09 | AD9: =AC9/B9 -> 246.23185 | AE9: =AC9/C9 -> 246.19756 | AF9: =+AF8+AG9 -> 25891.48 | AG9: =+[1]DailyOct!AW8 -> 12954.18 | AH9: =AG9/B9 -> 257.71257 | AI9: =AG9/C9 -> 257.67669 | AJ9: =+AJ8+AK9 -> 2790 | AK9: =+[1]DailyOct!AX8 -> 1710 | AL9: =AK9/B9 -> 34.019019 | AM9: =AK9/C9 -> 34.014282 | AN9: =+E9+I9+M9+Q9+U9+Y9+AC9+AG9+AK9 -> 44118.36 | AO9: =AN9/B9 -> 877.69785 | AP9: =AN9/C9 -> 877.57564 | AT9: Kwh/ ton | AU9: Kwh/ ton
A10: =A9+1 -> 45933 | B10: =+Report1!P11 -> 49.029 | C10: =+Report1!R11 -> 42.622 | D10: =+D9+E10 -> 0 | F10: =E10/B10 -> 0 | G10: =E10/C10 -> 0 | H10: =+H9+I10 -> 0 | J10: =I10/B10 -> 0 | K10: =I10/C10 -> 0 | L10: =+L9+M10 -> 0 | N10: =M10/B10 -> 0 | O10: =M10/C10 -> 0 | P10: =+P9+Q10 -> 0 | R10: =Q10/B10 -> 0 | S10: =Q10/C10 -> 0 | T10: =+T9+U10 -> 20731.85 | U10: =+[1]DailyOct!AT9 -> 6836.11 | V10: =U10/B10 -> 139.42993 | W10: =U10/C10 -> 160.38924 | X10: =+X9+Y10 -> 32000 | Y10: =+[1]DailyOct!AU9 -> 14000 | Z10: =Y10/B10 -> 285.54529 | AA10: =Y10/C10 -> 328.46887 | AB10: =+AB9+AC10 -> 30631.85 | AC10: =+[1]DailyOct!AV9 -> 9686.11 | AD10: =AC10/B10 -> 197.55879 | AE10: =AC10/C10 -> 227.25611 | AF10: =+AF9+AG10 -> 39263.7 | AG10: =+[1]DailyOct!AW9 -> 13372.22 | AH10: =AG10/B10 -> 272.74103 | AI10: =AG10/C10 -> 313.73985 | AJ10: =+AJ9+AK10 -> 4050 | AK10: =+[1]DailyOct!AX9 -> 1260 | AL10: =AK10/B10 -> 25.699076 | AM10: =AK10/C10 -> 29.562198 | AN10: =+E10+I10+M10+Q10+U10+Y10+AC10+AG10+AK10 -> 45154.44 | AO10: =AN10/B10 -> 920.97412 | AP10: =AN10/C10 -> 1059.4163 | AT10: Kwh/ ton | AU10: Kwh/ ton
A11: =A10+1 -> 45934 | B11: =+Report1!P12 -> 48.988 | C11: =+Report1!R12 -> 46.851 | D11: =+D10+E11 -> 0 | F11: =E11/B11 -> 0 | G11: =E11/C11 -> 0 | H11: =+H10+I11 -> 0 | J11: =I11/B11 -> 0 | K11: =I11/C11 -> 0 | L11: =+L10+M11 -> 0 | N11: =M11/B11 -> 0 | O11: =M11/C11 -> 0 | P11: =+P10+Q11 -> 0 | R11: =Q11/B11 -> 0 | S11: =Q11/C11 -> 0 | T11: =+T10+U11 -> 26995.07 | U11: =+[1]DailyOct!AT10 -> 6263.22 | V11: =U11/B11 -> 127.85213 | W11: =U11/C11 -> 133.68381 | X11: =+X10+Y11 -> 50000 | Y11: =+[1]DailyOct!AU10 -> 18000 | Z11: =Y11/B11 -> 367.43692 | AA11: =Y11/C11 -> 384.19671 | AB11: =+AB10+AC11 -> 41445.07 | AC11: =+[1]DailyOct!AV10 -> 10813.22 | AD11: =AC11/B11 -> 220.73202 | AE11: =AC11/C11 -> 230.8002 | AF11: =+AF10+AG11 -> 52490.14 | AG11: =+[1]DailyOct!AW10 -> 13226.44 | AH11: =AG11/B11 -> 269.99347 | AI11: =AG11/C11 -> 282.3086 | AJ11: =+AJ10+AK11 -> 5790 | AK11: =+[1]DailyOct!AX10 -> 1740 | AL11: =AK11/B11 -> 35.518903 | AM11: =AK11/C11 -> 37.139015 | AN11: =+E11+I11+M11+Q11+U11+Y11+AC11+AG11+AK11 -> 50042.88 | AO11: =AN11/B11 -> 1021.5334 | AP11: =AN11/C11 -> 1068.1283 | AS11: Vacuum B | AT11: =+J39 -> 0 | AU11: =+K39 -> 0
A12: =A11+1 -> 45935 | B12: =+Report1!P13 -> 45.582 | C12: =+Report1!R13 -> 42.722 | D12: =+D11+E12 -> 0 | F12: =E12/B12 -> 0 | G12: =E12/C12 -> 0 | H12: =+H11+I12 -> 0 | J12: =I12/B12 -> 0 | K12: =I12/C12 -> 0 | L12: =+L11+M12 -> 0 | N12: =M12/B12 -> 0 | O12: =M12/C12 -> 0 | P12: =+P11+Q12 -> 0 | R12: =Q12/B12 -> 0 | S12: =Q12/C12 -> 0 | T12: =+T11+U12 -> 34055.31 | U12: =+[1]DailyOct!AT11 -> 7060.24 | V12: =U12/B12 -> 154.89097 | W12: =U12/C12 -> 165.26005 | X12: =+X11+Y12 -> 66000 | Y12: =+[1]DailyOct!AU11 -> 16000 | Z12: =Y12/B12 -> 351.01575 | AA12: =Y12/C12 -> 374.5143 | AB12: =+AB11+AC12 -> 51905.31 | AC12: =+[1]DailyOct!AV11 -> 10460.24 | AD12: =AC12/B12 -> 229.48181 | AE12: =AC12/C12 -> 244.84434 | AF12: =+AF11+AG12 -> 66210.62 | AG12: =+[1]DailyOct!AW11 -> 13720.48 | AH12: =AG12/B12 -> 301.00654 | AI12: =AG12/C12 -> 321.15725 | AJ12: =+AJ11+AK12 -> 7290 | AK12: =+[1]DailyOct!AX11 -> 1500 | AL12: =AK12/B12 -> 32.907727 | AM12: =AK12/C12 -> 35.110716 | AN12: =+E12+I12+M12+Q12+U12+Y12+AC12+AG12+AK12 -> 48740.96 | AO12: =AN12/B12 -> 1069.3028 | AP12: =AN12/C12 -> 1140.8867 | AS12: MCC Aux TM | AT12: =+N39 -> 0 | AU12: =+O39 -> 0
A13: =A12+1 -> 45936 | B13: =+Report1!P14 -> 45.806 | C13: =+Report1!R14 -> 44.849 | D13: =+D12+E13 -> 0 | F13: =E13/B13 -> 0 | G13: =E13/C13 -> 0 | H13: =+H12+I13 -> 0 | J13: =I13/B13 -> 0 | K13: =I13/C13 -> 0 | L13: =+L12+M13 -> 0 | N13: =M13/B13 -> 0 | O13: =M13/C13 -> 0 | P13: =+P12+Q13 -> 0 | R13: =Q13/B13 -> 0 | S13: =Q13/C13 -> 0 | T13: =+T12+U13 -> 41667.68 | U13: =+[1]DailyOct!AT12 -> 7612.37 | V13: =U13/B13 -> 166.18718 | W13: =U13/C13 -> 169.73333 | X13: =+X12+Y13 -> 83000 | Y13: =+[1]DailyOct!AU12 -> 17000 | Z13: =Y13/B13 -> 371.13042 | AA13: =Y13/C13 -> 379.0497 | AB13: =+AB12+AC13 -> 62487.68 | AC13: =+[1]DailyOct!AV12 -> 10582.37 | AD13: =AC13/B13 -> 231.02585 | AE13: =AC13/C13 -> 235.95554 | AF13: =+AF12+AG13 -> 79975.36 | AG13: =+[1]DailyOct!AW12 -> 13764.74 | AH13: =AG13/B13 -> 300.50081 | AI13: =AG13/C13 -> 306.91297 | AJ13: =+AJ12+AK13 -> 9030 | AK13: =+[1]DailyOct!AX12 -> 1740 | AL13: =AK13/B13 -> 37.98629 | AM13: =AK13/C13 -> 38.796852 | AN13: =+E13+I13+M13+Q13+U13+Y13+AC13+AG13+AK13 -> 50699.48 | AO13: =AN13/B13 -> 1106.8305 | AP13: =AN13/C13 -> 1130.4484 | AS13: Multi Screen | AT13: =+R39 -> 0 | AU13: =+S39 -> 0
A14: =A13+1 -> 45937 | B14: =+Report1!P15 -> 46.745 | C14: =+Report1!R15 -> 44.095 | D14: =+D13+E14 -> 0 | F14: =E14/B14 -> 0 | G14: =E14/C14 -> 0 | H14: =+H13+I14 -> 0 | J14: =I14/B14 -> 0 | K14: =I14/C14 -> 0 | L14: =+L13+M14 -> 0 | N14: =M14/B14 -> 0 | O14: =M14/C14 -> 0 | P14: =+P13+Q14 -> 0 | R14: =Q14/B14 -> 0 | S14: =Q14/C14 -> 0 | T14: =+T13+U14 -> 49399.33 | U14: =+[1]DailyOct!AT13 -> 7731.65 | V14: =U14/B14 -> 165.40058 | W14: =U14/C14 -> 175.34074 | X14: =+X13+Y14 -> 101000 | Y14: =+[1]DailyOct!AU13 -> 18000 | Z14: =Y14/B14 -> 385.06792 | AA14: =Y14/C14 -> 408.20955 | AB14: =+AB13+AC14 -> 74174.33 | AC14: =+[1]DailyOct!AV13 -> 11686.65 | AD14: =AC14/B14 -> 250.00856 | AE14: =AC14/C14 -> 265.03345 | AF14: =+AF13+AG14 -> 95748.66 | AG14: =+[1]DailyOct!AW13 -> 15773.3 | AH14: =AG14/B14 -> 337.43288 | AI14: =AG14/C14 -> 357.71176 | AJ14: =+AJ13+AK14 -> 10960 | AK14: =+[1]DailyOct!AX13 -> 1930 | AL14: =AK14/B14 -> 41.287838 | AM14: =AK14/C14 -> 43.769135 | AN14: =+E14+I14+M14+Q14+U14+Y14+AC14+AG14+AK14 -> 55121.6 | AO14: =AN14/B14 -> 1179.1978 | AP14: =AN14/C14 -> 1250.0646 | AS14: WL II 1250 A (yankee + popereel) | AT14: =+V39 -> 0 | AU14: =+W39 -> 0
A15: =A14+1 -> 45938 | B15: =+Report1!P16 -> 50.24 | C15: =+Report1!R16 -> 47.835 | D15: =+D14+E15 -> 0 | F15: =E15/B15 -> 0 | G15: =E15/C15 -> 0 | H15: =+H14+I15 -> 0 | J15: =I15/B15 -> 0 | K15: =I15/C15 -> 0 | L15: =+L14+M15 -> 0 | N15: =M15/B15 -> 0 | O15: =M15/C15 -> 0 | P15: =+P14+Q15 -> 0 | R15: =Q15/B15 -> 0 | S15: =Q15/C15 -> 0 | T15: =+T14+U15 -> 56076.46 | U15: =+[1]DailyOct!AT14 -> 6677.13 | V15: =U15/B15 -> 132.90466 | W15: =U15/C15 -> 139.5867 | X15: =+X14+Y15 -> 117000 | Y15: =+[1]DailyOct!AU14 -> 16000 | Z15: =Y15/B15 -> 318.47134 | AA15: =Y15/C15 -> 334.48312 | AB15: =+AB14+AC15 -> 84446.46 | AC15: =+[1]DailyOct!AV14 -> 10272.13 | AD15: =AC15/B15 -> 204.46119 | AE15: =AC15/C15 -> 214.74088 | AF15: =+AF14+AG15 -> 109692.92 | AG15: =+[1]DailyOct!AW14 -> 13944.26 | AH15: =AG15/B15 -> 277.55295 | AI15: =AG15/C15 -> 291.50747 | AJ15: =+AJ14+AK15 -> 12520 | AK15: =+[1]DailyOct!AX14 -> 1560 | AL15: =AK15/B15 -> 31.050955 | AM15: =AK15/C15 -> 32.612104 | AN15: =+E15+I15+M15+Q15+U15+Y15+AC15+AG15+AK15 -> 48453.52 | AO15: =AN15/B15 -> 964.44108 | AP15: =AN15/C15 -> 1012.9303 | AS15: WL II 3200 A (Hood, Fan Pump, Felt & Wire) | AT15: =+Z39 -> 0 | AU15: =+AA39 -> 0
A16: =A15+1 -> 45939 | B16: =+Report1!P17 -> 53.849 | C16: =+Report1!R17 -> 56.943 | D16: =+D15+E16 -> 0 | F16: =E16/B16 -> 0 | G16: =E16/C16 -> 0 | H16: =+H15+I16 -> 0 | J16: =I16/B16 -> 0 | K16: =I16/C16 -> 0 | L16: =+L15+M16 -> 0 | N16: =M16/B16 -> 0 | O16: =M16/C16 -> 0 | P16: =+P15+Q16 -> 0 | R16: =Q16/B16 -> 0 | S16: =Q16/C16 -> 0 | T16: =+T15+U16 -> 62696.39 | U16: =+[1]DailyOct!AT15 -> 6619.93 | V16: =U16/B16 -> 122.93506 | W16: =U16/C16 -> 116.25538 | X16: =+X15+Y16 -> 135000 | Y16: =+[1]DailyOct!AU15 -> 18000 | Z16: =Y16/B16 -> 334.26805 | AA16: =Y16/C16 -> 316.10558 | AB16: =+AB15+AC16 -> 95176.39 | AC16: =+[1]DailyOct!AV15 -> 10729.93 | AD16: =AC16/B16 -> 199.2596 | AE16: =AC16/C16 -> 188.43282 | AF16: =+AF15+AG16 -> 131752.78 | AG16: =+[1]DailyOct!AW15 -> 22059.86 | AH16: =AG16/B16 -> 409.66146 | AI16: =AG16/C16 -> 387.40249 | AJ16: =+AJ15+AK16 -> 14270 | AK16: =+[1]DailyOct!AX15 -> 1750 | AL16: =AK16/B16 -> 32.498282 | AM16: =AK16/C16 -> 30.732487 | AN16: =+E16+I16+M16+Q16+U16+Y16+AC16+AG16+AK16 -> 59159.72 | AO16: =AN16/B16 -> 1098.6224 | AP16: =AN16/C16 -> 1038.9288 | AT16: =SUM(AT10:AT15) -> 0 | AU16: =SUM(AU10:AU15) -> 0
A17: =A16+1 -> 45940 | B17: =+Report1!P18 -> 49.898 | C17: =+Report1!R18 -> 40.125 | D17: =+D16+E17 -> 0 | F17: =E17/B17 -> 0 | G17: =E17/C17 -> 0 | H17: =+H16+I17 -> 0 | J17: =I17/B17 -> 0 | K17: =I17/C17 -> 0 | L17: =+L16+M17 -> 0 | N17: =M17/B17 -> 0 | O17: =M17/C17 -> 0 | P17: =+P16+Q17 -> 0 | R17: =Q17/B17 -> 0 | S17: =Q17/C17 -> 0 | T17: =+T16+U17 -> 69665.06 | U17: =+[1]DailyOct!AT16 -> 6968.67 | V17: =U17/B17 -> 139.6583 | W17: =U17/C17 -> 173.67402 | X17: =+X16+Y17 -> 152700 | Y17: =+[1]DailyOct!AU16 -> 17700 | Z17: =Y17/B17 -> 354.72364 | AA17: =Y17/C17 -> 441.1215 | AB17: =+AB16+AC17 -> 105183.06 | AC17: =+[1]DailyOct!AV16 -> 10006.67 | AD17: =AC17/B17 -> 200.54251 | AE17: =AC17/C17 -> 249.38741 | AF17: =+AF16+AG17 -> 147091.88 | AG17: =+[1]DailyOct!AW16 -> 15339.098 | AH17: =AG17/B17 -> 307.40907 | AI17: =AG17/C17 -> 382.28281 | AJ17: =+AJ16+AK17 -> 16230 | AK17: =+[1]DailyOct!AX16 -> 1960 | AL17: =AK17/B17 -> 39.280131 | AM17: =AK17/C17 -> 48.847352 | AN17: =+E17+I17+M17+Q17+U17+Y17+AC17+AG17+AK17 -> 51974.438 | AO17: =AN17/B17 -> 1041.6136 | AP17: =AN17/C17 -> 1295.3131 | AR17: Stockprep | AS17: Stock Prep & UTM 1 (3200 A) | AT17: =+AD39 -> 0 | AU17: =+AE39 -> 0
A18: =A17+1 -> 45941 | B18: =+Report1!P19 -> 51.078 | C18: =+Report1!R19 -> 53.558 | D18: =+D17+E18 -> 0 | F18: =E18/B18 -> 0 | G18: =E18/C18 -> 0 | H18: =+H17+I18 -> 0 | J18: =I18/B18 -> 0 | K18: =I18/C18 -> 0 | L18: =+L17+M18 -> 0 | N18: =M18/B18 -> 0 | O18: =M18/C18 -> 0 | P18: =+P17+Q18 -> 0 | R18: =Q18/B18 -> 0 | S18: =Q18/C18 -> 0 | T18: =+T17+U18 -> 76736.45 | U18: =+[1]DailyOct!AT17 -> 7071.39 | V18: =U18/B18 -> 138.44297 | W18: =U18/C18 -> 132.03238 | X18: =+X17+Y18 -> 169870 | Y18: =+[1]DailyOct!AU17 -> 17170 | Z18: =Y18/B18 -> 336.15255 | AA18: =Y18/C18 -> 320.58703 | AB18: =+AB17+AC18 -> 115328.45 | AC18: =+[1]DailyOct!AV17 -> 10145.39 | AD18: =AC18/B18 -> 198.62544 | AE18: =AC18/C18 -> 189.4281 | AF18: =+AF17+AG18 -> 159268.27 | AG18: =+[1]DailyOct!AW17 -> 12176.39 | AH18: =AG18/B18 -> 238.38815 | AI18: =AG18/C18 -> 227.3496 | AJ18: =+AJ17+AK18 -> 18430 | AK18: =+[1]DailyOct!AX17 -> 2200 | AL18: =AK18/B18 -> 43.071381 | AM18: =AK18/C18 -> 41.076963 | AN18: =+E18+I18+M18+Q18+U18+Y18+AC18+AG18+AK18 -> 48763.17 | AO18: =AN18/B18 -> 954.68049 | AP18: =AN18/C18 -> 910.47407 | AS18: Stock Prep & UTM 2 (3200 A) | AT18: =+AH39 -> 0 | AU18: =+AI39 -> 0
A19: =A18+1 -> 45942 | B19: =+Report1!P20 -> 50.325 | C19: =+Report1!R20 -> 50.863 | D19: =+D18+E19 -> 0 | F19: =E19/B19 -> 0 | G19: =E19/C19 -> 0 | H19: =+H18+I19 -> 0 | J19: =I19/B19 -> 0 | K19: =I19/C19 -> 0 | L19: =+L18+M19 -> 0 | N19: =M19/B19 -> 0 | O19: =M19/C19 -> 0 | P19: =+P18+Q19 -> 0 | R19: =Q19/B19 -> 0 | S19: =Q19/C19 -> 0 | T19: =+T18+U19 -> 85651.99 | U19: =+[1]DailyOct!AT18 -> 8915.54 | V19: =U19/B19 -> 177.15926 | W19: =U19/C19 -> 175.28537 | X19: =+X18+Y19 -> 185000 | Y19: =+[1]DailyOct!AU18 -> 15130 | Z19: =Y19/B19 -> 300.6458 | AA19: =Y19/C19 -> 297.46574 | AB19: =+AB18+AC19 -> 126571.99 | AC19: =+[1]DailyOct!AV18 -> 11243.54 | AD19: =AC19/B19 -> 223.41858 | AE19: =AC19/C19 -> 221.05538 | AF19: =+AF18+AG19 -> 171503.81 | AG19: =+[1]DailyOct!AW18 -> 12235.54 | AH19: =AG19/B19 -> 243.13045 | AI19: =AG19/C19 -> 240.55876 | AJ19: =+AJ18+AK19 -> 20880 | AK19: =+[1]DailyOct!AX18 -> 2450 | AL19: =AK19/B19 -> 48.683557 | AM19: =AK19/C19 -> 48.16861 | AN19: =+E19+I19+M19+Q19+U19+Y19+AC19+AG19+AK19 -> 49974.62 | AO19: =AN19/B19 -> 993.03766 | AP19: =AN19/C19 -> 982.53387 | AT19: =SUM(AT17:AT18) -> 0 | AU19: =SUM(AU17:AU18) -> 0
A20: =A19+1 -> 45943 | B20: =+Report1!P21 -> 51.092 | C20: =+Report1!R21 -> 47.128 | D20: =+D19+E20 -> 0 | F20: =E20/B20 -> 0 | G20: =E20/C20 -> 0 | H20: =+H19+I20 -> 0 | J20: =I20/B20 -> 0 | K20: =I20/C20 -> 0 | L20: =+L19+M20 -> 0 | N20: =M20/B20 -> 0 | O20: =M20/C20 -> 0 | P20: =+P19+Q20 -> 0 | R20: =Q20/B20 -> 0 | S20: =Q20/C20 -> 0 | T20: =+T19+U20 -> 90313.46 | U20: =+[1]DailyOct!AT19 -> 4661.47 | V20: =U20/B20 -> 91.236789 | W20: =U20/C20 -> 98.910839 | X20: =+X19+Y20 -> 202000 | Y20: =+[1]DailyOct!AU19 -> 17000 | Z20: =Y20/B20 -> 332.73311 | AA20: =Y20/C20 -> 360.71974 | AB20: =+AB19+AC20 -> 136133.46 | AC20: =+[1]DailyOct!AV19 -> 9561.47 | AD20: =AC20/B20 -> 187.14221 | AE20: =AC20/C20 -> 202.883 | AF20: =+AF19+AG20 -> 182965.28 | AG20: =+[1]DailyOct!AW19 -> 11461.47 | AH20: =AG20/B20 -> 224.33003 | AI20: =AG20/C20 -> 243.19874 | AJ20: =+AJ19+AK20 -> 22840 | AK20: =+[1]DailyOct!AX19 -> 1960 | AL20: =AK20/B20 -> 38.36217 | AM20: =AK20/C20 -> 41.588864 | AN20: =+E20+I20+M20+Q20+U20+Y20+AC20+AG20+AK20 -> 44644.41 | AO20: =AN20/B20 -> 873.80431 | AP20: =AN20/C20 -> 947.30118 | AR20: Rewinder | AS20: Rewinder 1 (800 A) | AT20: =+AL39 -> 0 | AU20: =+AM39 -> 0
A21: =A20+1 -> 45944 | B21: =+Report1!P22 -> 55.013 | C21: =+Report1!R22 -> 42.248 | D21: =+D20+E21 -> 0 | F21: =E21/B21 -> 0 | G21: =E21/C21 -> 0 | H21: =+H20+I21 -> 0 | J21: =I21/B21 -> 0 | K21: =I21/C21 -> 0 | L21: =+L20+M21 -> 0 | N21: =M21/B21 -> 0 | O21: =M21/C21 -> 0 | P21: =+P20+Q21 -> 0 | R21: =Q21/B21 -> 0 | S21: =Q21/C21 -> 0 | T21: =+T20+U21 -> 97109.66 | U21: =+[1]DailyOct!AT20 -> 6796.2 | V21: =U21/B21 -> 123.53807 | W21: =U21/C21 -> 160.86442 | X21: =+X20+Y21 -> 215000 | Y21: =+[1]DailyOct!AU20 -> 13000 | Z21: =Y21/B21 -> 236.30778 | AA21: =Y21/C21 -> 307.70687 | AB21: =+AB20+AC21 -> 146839.66 | AC21: =+[1]DailyOct!AV20 -> 10706.2 | AD21: =AC21/B21 -> 194.61218 | AE21: =AC21/C21 -> 253.41318 | AF21: =+AF20+AG21 -> 194771.48 | AG21: =+[1]DailyOct!AW20 -> 11806.2 | AH21: =AG21/B21 -> 214.60746 | AI21: =AG21/C21 -> 279.44991 | AJ21: =+AJ20+AK21 -> 24240 | AK21: =+[1]DailyOct!AX20 -> 1400 | AL21: =AK21/B21 -> 25.44853 | AM21: =AK21/C21 -> 33.137663 | AN21: =+E21+I21+M21+Q21+U21+Y21+AC21+AG21+AK21 -> 43708.6 | AO21: =AN21/B21 -> 794.51402 | AP21: =AN21/C21 -> 1034.5721 | AS21: Rewinder 2 (800A) | AT21: =+#REF! -> #REF! | AU21: =+#REF! -> #REF!
A22: =A21+1 -> 45945 | B22: =+Report1!P23 -> 51.058 | C22: =+Report1!R23 -> 47.105 | D22: =+D21+E22 -> 0 | F22: =E22/B22 -> 0 | G22: =E22/C22 -> 0 | H22: =+H21+I22 -> 0 | J22: =I22/B22 -> 0 | K22: =I22/C22 -> 0 | L22: =+L21+M22 -> 0 | N22: =M22/B22 -> 0 | O22: =M22/C22 -> 0 | P22: =+P21+Q22 -> 0 | R22: =Q22/B22 -> 0 | S22: =Q22/C22 -> 0 | T22: =+T21+U22 -> 104493.26 | U22: =+[1]DailyOct!AT21 -> 7383.6 | V22: =U22/B22 -> 144.61201 | W22: =U22/C22 -> 156.74769 | X22: =+X21+Y22 -> 228000 | Y22: =+[1]DailyOct!AU21 -> 13000 | Z22: =Y22/B22 -> 254.6124 | AA22: =Y22/C22 -> 275.9792 | AB22: =+AB21+AC22 -> 157573.26 | AC22: =+[1]DailyOct!AV21 -> 10733.6 | AD22: =AC22/B22 -> 210.22367 | AE22: =AC22/C22 -> 227.86541 | AF22: =+AF21+AG22 -> 206505.08 | AG22: =+[1]DailyOct!AW21 -> 11733.6 | AH22: =AG22/B22 -> 229.80924 | AI22: =AG22/C22 -> 249.09458 | AJ22: =+AJ21+AK22 -> 25630 | AK22: =+[1]DailyOct!AX21 -> 1390 | AL22: =AK22/B22 -> 27.223941 | AM22: =AK22/C22 -> 29.508545 | AN22: =+E22+I22+M22+Q22+U22+Y22+AC22+AG22+AK22 -> 44240.8 | AO22: =AN22/B22 -> 866.48126 | AP22: =AN22/C22 -> 939.19541 | AT22: =SUM(AT20:AT21) -> #REF! | AU22: =SUM(AU20:AU21) -> #REF!
A23: =A22+1 -> 45946 | B23: =+Report1!P24 -> 49.244 | C23: =+Report1!R24 -> 51.913 | D23: =+D22+E23 -> 0 | F23: =E23/B23 -> 0 | G23: =E23/C23 -> 0 | H23: =+H22+I23 -> 0 | J23: =I23/B23 -> 0 | K23: =I23/C23 -> 0 | L23: =+L22+M23 -> 0 | N23: =M23/B23 -> 0 | O23: =M23/C23 -> 0 | P23: =+P22+Q23 -> 0 | R23: =Q23/B23 -> 0 | S23: =Q23/C23 -> 0 | T23: =+T22+U23 -> 112793.46 | U23: =+[1]DailyOct!AT22 -> 8300.2 | V23: =U23/B23 -> 168.55251 | W23: =U23/C23 -> 159.88673 | X23: =+X22+Y23 -> 243000 | Y23: =+[1]DailyOct!AU22 -> 15000 | Z23: =Y23/B23 -> 304.60564 | AA23: =Y23/C23 -> 288.94497 | AB23: =+AB22+AC23 -> 168288.46 | AC23: =+[1]DailyOct!AV22 -> 10715.2 | AD23: =AC23/B23 -> 217.59402 | AE23: =AC23/C23 -> 206.40687 | AF23: =+AF22+AG23 -> 220220.28 | AG23: =+[1]DailyOct!AW22 -> 13715.2 | AH23: =AG23/B23 -> 278.51515 | AI23: =AG23/C23 -> 264.19587 | AJ23: =+AJ22+AK23 -> 27360 | AK23: =+[1]DailyOct!AX22 -> 1730 | AL23: =AK23/B23 -> 35.131183 | AM23: =AK23/C23 -> 33.324986 | AN23: =+E23+I23+M23+Q23+U23+Y23+AC23+AG23+AK23 -> 49460.6 | AO23: =AN23/B23 -> 1004.3985 | AP23: =AN23/C23 -> 952.75942
A24: =A23+1 -> 45947 | B24: =+Report1!P25 -> 49.757 | C24: =+Report1!R25 -> 46.855 | D24: =+D23+E24 -> 0 | F24: =E24/B24 -> 0 | G24: =E24/C24 -> 0 | H24: =+H23+I24 -> 0 | J24: =I24/B24 -> 0 | K24: =I24/C24 -> 0 | L24: =+L23+M24 -> 0 | N24: =M24/B24 -> 0 | O24: =M24/C24 -> 0 | P24: =+P23+Q24 -> 0 | R24: =Q24/B24 -> 0 | S24: =Q24/C24 -> 0 | T24: =+T23+U24 -> 119882.84 | U24: =+[1]DailyOct!AT23 -> 7089.38 | V24: =U24/B24 -> 142.48005 | W24: =U24/C24 -> 151.30466 | X24: =+X23+Y24 -> 259000 | Y24: =+[1]DailyOct!AU23 -> 16000 | Z24: =Y24/B24 -> 321.5628 | AA24: =Y24/C24 -> 341.47903 | AB24: =+AB23+AC24 -> 178517.84 | AC24: =+[1]DailyOct!AV23 -> 10229.38 | AD24: =AC24/B24 -> 205.58675 | AE24: =AC24/C24 -> 218.31992 | AF24: =+AF23+AG24 -> 235749.66 | AG24: =+[1]DailyOct!AW23 -> 15529.38 | AH24: =AG24/B24 -> 312.10443 | AI24: =AG24/C24 -> 331.43485 | AJ24: =+AJ23+AK24 -> 29300 | AK24: =+[1]DailyOct!AX23 -> 1940 | AL24: =AK24/B24 -> 38.989489 | AM24: =AK24/C24 -> 41.404333 | AN24: =+E24+I24+M24+Q24+U24+Y24+AC24+AG24+AK24 -> 50788.14 | AO24: =AN24/B24 -> 1020.7235 | AP24: =AN24/C24 -> 1083.9428 | AS24: Total | AT24: =+AT16+AT19+AT22 -> #REF! | AU24: =+AU16+AU19+AU22 -> #REF!
A25: =A24+1 -> 45948 | B25: =+Report1!P26 -> 45.535 | C25: =+Report1!R26 -> 44.657 | D25: =+D24+E25 -> 0 | F25: =E25/B25 -> 0 | G25: =E25/C25 -> 0 | H25: =+H24+I25 -> 0 | J25: =I25/B25 -> 0 | K25: =I25/C25 -> 0 | L25: =+L24+M25 -> 0 | N25: =M25/B25 -> 0 | O25: =M25/C25 -> 0 | P25: =+P24+Q25 -> 0 | R25: =Q25/B25 -> 0 | S25: =Q25/C25 -> 0 | T25: =+T24+U25 -> 127266.83 | U25: =+[1]DailyOct!AT24 -> 7383.99 | V25: =U25/B25 -> 162.16076 | W25: =U25/C25 -> 165.34899 | X25: =+X24+Y25 -> 277000 | Y25: =+[1]DailyOct!AU24 -> 18000 | Z25: =Y25/B25 -> 395.30032 | AA25: =Y25/C25 -> 403.07231 | AB25: =+AB24+AC25 -> 188586.83 | AC25: =+[1]DailyOct!AV24 -> 10068.99 | AD25: =AC25/B25 -> 221.12639 | AE25: =AC25/C25 -> 225.47395 | AF25: =+AF24+AG25 -> 250618.65 | AG25: =+[1]DailyOct!AW24 -> 14868.99 | AH25: =AG25/B25 -> 326.5398 | AI25: =AG25/C25 -> 332.95989 | AJ25: =+AJ24+AK25 -> 31370 | AK25: =+[1]DailyOct!AX24 -> 2070 | AL25: =AK25/B25 -> 45.459537 | AM25: =AK25/C25 -> 46.353315 | AN25: =+E25+I25+M25+Q25+U25+Y25+AC25+AG25+AK25 -> 52391.97 | AO25: =AN25/B25 -> 1150.5868 | AP25: =AN25/C25 -> 1173.2085
A26: =A25+1 -> 45949 | B26: =+Report1!P27 -> 48.847 | C26: =+Report1!R27 -> 46.784 | D26: =+D25+E26 -> 0 | F26: =E26/B26 -> 0 | G26: =E26/C26 -> 0 | H26: =+H25+I26 -> 0 | J26: =I26/B26 -> 0 | K26: =I26/C26 -> 0 | L26: =+L25+M26 -> 0 | N26: =M26/B26 -> 0 | O26: =M26/C26 -> 0 | P26: =+P25+Q26 -> 0 | R26: =Q26/B26 -> 0 | S26: =Q26/C26 -> 0 | T26: =+T25+U26 -> 135555.12 | U26: =+[1]DailyOct!AT25 -> 8288.29 | V26: =U26/B26 -> 169.67859 | W26: =U26/C26 -> 177.16078 | X26: =+X25+Y26 -> 294000 | Y26: =+[1]DailyOct!AU25 -> 17000 | Z26: =Y26/B26 -> 348.02547 | AA26: =Y26/C26 -> 363.37209 | AB26: =+AB25+AC26 -> 199440.12 | AC26: =+[1]DailyOct!AV25 -> 10853.29 | AD26: =AC26/B26 -> 222.18949 | AE26: =AC26/C26 -> 231.98722 | AF26: =+AF25+AG26 -> 266771.94 | AG26: =+[1]DailyOct!AW25 -> 16153.29 | AH26: =AG26/B26 -> 330.69155 | AI26: =AG26/C26 -> 345.27381 | AJ26: =+AJ25+AK26 -> 33380 | AK26: =+[1]DailyOct!AX25 -> 2010 | AL26: =AK26/B26 -> 41.148893 | AM26: =AK26/C26 -> 42.963406 | AN26: =+E26+I26+M26+Q26+U26+Y26+AC26+AG26+AK26 -> 54304.87 | AO26: =AN26/B26 -> 1111.734 | AP26: =AN26/C26 -> 1160.7573 | AS26: LEBIH TINGGI DARI OFF REEL | AU26: =+AU24/AT24-1 -> #REF!
A27: =A26+1 -> 45950 | B27: =+Report1!P28 -> 50.717 | C27: =+Report1!R28 -> 50.112 | D27: =+D26+E27 -> 0 | F27: =E27/B27 -> 0 | G27: =E27/C27 -> 0 | H27: =+H26+I27 -> 0 | J27: =I27/B27 -> 0 | K27: =I27/C27 -> 0 | L27: =+L26+M27 -> 0 | N27: =M27/B27 -> 0 | O27: =M27/C27 -> 0 | P27: =+P26+Q27 -> 0 | R27: =Q27/B27 -> 0 | S27: =Q27/C27 -> 0 | T27: =+T26+U27 -> 142707.73 | U27: =+[1]DailyOct!AT26 -> 7152.61 | V27: =U27/B27 -> 141.02983 | W27: =U27/C27 -> 142.73248 | X27: =+X26+Y27 -> 312000 | Y27: =+[1]DailyOct!AU26 -> 18000 | Z27: =Y27/B27 -> 354.91058 | AA27: =Y27/C27 -> 359.1954 | AB27: =+AB26+AC27 -> 209212.73 | AC27: =+[1]DailyOct!AV26 -> 9772.61 | AD27: =AC27/B27 -> 192.68904 | AE27: =AC27/C27 -> 195.01537 | AF27: =+AF26+AG27 -> 281344.55 | AG27: =+[1]DailyOct!AW26 -> 14572.61 | AH27: =AG27/B27 -> 287.33186 | AI27: =AG27/C27 -> 290.80081 | AJ27: =+AJ26+AK27 -> 35260 | AK27: =+[1]DailyOct!AX26 -> 1880 | AL27: =AK27/B27 -> 37.068439 | AM27: =AK27/C27 -> 37.515964 | AN27: =+E27+I27+M27+Q27+U27+Y27+AC27+AG27+AK27 -> 51377.83 | AO27: =AN27/B27 -> 1013.0298 | AP27: =AN27/C27 -> 1025.26
A28: =A27+1 -> 45951 | B28: =+Report1!P29 -> 46.879 | C28: =+Report1!R29 -> 42.328 | D28: =+D27+E28 -> 0 | F28: =E28/B28 -> 0 | G28: =E28/C28 -> 0 | H28: =+H27+I28 -> 0 | J28: =I28/B28 -> 0 | K28: =I28/C28 -> 0 | L28: =+L27+M28 -> 0 | N28: =M28/B28 -> 0 | O28: =M28/C28 -> 0 | P28: =+P27+Q28 -> 0 | R28: =Q28/B28 -> 0 | S28: =Q28/C28 -> 0 | T28: =+T27+U28 -> 149605.16 | U28: =+[1]DailyOct!AT27 -> 6897.43 | V28: =U28/B28 -> 147.13262 | W28: =U28/C28 -> 162.95195 | X28: =+X27+Y28 -> 329000 | Y28: =+[1]DailyOct!AU27 -> 17000 | Z28: =Y28/B28 -> 362.63572 | AA28: =Y28/C28 -> 401.6254 | AB28: =+AB27+AC28 -> 219635.16 | AC28: =+[1]DailyOct!AV27 -> 10422.43 | AD28: =AC28/B28 -> 222.3262 | AE28: =AC28/C28 -> 246.23015 | AF28: =+AF27+AG28 -> 293666.98 | AG28: =+[1]DailyOct!AW27 -> 12322.43 | AH28: =AG28/B28 -> 262.85608 | AI28: =AG28/C28 -> 291.1177 | AJ28: =+AJ27+AK28 -> 36740 | AK28: =+[1]DailyOct!AX27 -> 1480 | AL28: =AK28/B28 -> 31.570639 | AM28: =AK28/C28 -> 34.965035 | AN28: =+E28+I28+M28+Q28+U28+Y28+AC28+AG28+AK28 -> 48122.29 | AO28: =AN28/B28 -> 1026.5213 | AP28: =AN28/C28 -> 1136.8902
A29: =A28+1 -> 45952 | B29: =+Report1!P30 -> 54.421 | C29: =+Report1!R30 -> 53.258 | D29: =+D28+E29 -> 0 | F29: =E29/B29 -> 0 | G29: =E29/C29 -> 0 | H29: =+H28+I29 -> 0 | J29: =I29/B29 -> 0 | K29: =I29/C29 -> 0 | L29: =+L28+M29 -> 0 | N29: =M29/B29 -> 0 | O29: =M29/C29 -> 0 | P29: =+P28+Q29 -> 0 | R29: =Q29/B29 -> 0 | S29: =Q29/C29 -> 0 | T29: =+T28+U29 -> 156343.9 | U29: =+[1]DailyOct!AT28 -> 6738.74 | V29: =U29/B29 -> 123.8261 | W29: =U29/C29 -> 126.5301 | X29: =+X28+Y29 -> 343000 | Y29: =+[1]DailyOct!AU28 -> 14000 | Z29: =Y29/B29 -> 257.25363 | AA29: =Y29/C29 -> 262.87131 | AB29: =+AB28+AC29 -> 230343.9 | AC29: =+[1]DailyOct!AV28 -> 10708.74 | AD29: =AC29/B29 -> 196.77588 | AE29: =AC29/C29 -> 201.07289 | AF29: =+AF28+AG29 -> 304375.72 | AG29: =+[1]DailyOct!AW28 -> 10708.74 | AH29: =AG29/B29 -> 196.77588 | AI29: =AG29/C29 -> 201.07289 | AJ29: =+AJ28+AK29 -> 38790 | AK29: =+[1]DailyOct!AX28 -> 2050 | AL29: =AK29/B29 -> 37.669282 | AM29: =AK29/C29 -> 38.49187 | AN29: =+E29+I29+M29+Q29+U29+Y29+AC29+AG29+AK29 -> 44206.22 | AO29: =AN29/B29 -> 812.30077 | AP29: =AN29/C29 -> 830.03906
A30: =A29+1 -> 45953 | B30: =+Report1!P31 -> 54.436 | C30: =+Report1!R31 -> 37.82 | D30: =+D29+E30 -> 0 | F30: =E30/B30 -> 0 | G30: =E30/C30 -> 0 | H30: =+H29+I30 -> 0 | J30: =I30/B30 -> 0 | K30: =I30/C30 -> 0 | L30: =+L29+M30 -> 0 | N30: =M30/B30 -> 0 | O30: =M30/C30 -> 0 | P30: =+P29+Q30 -> 0 | R30: =Q30/B30 -> 0 | S30: =Q30/C30 -> 0 | T30: =+T29+U30 -> 164585.87 | U30: =+[1]DailyOct!AT29 -> 8241.97 | V30: =U30/B30 -> 151.40661 | W30: =U30/C30 -> 217.92623 | X30: =+X29+Y30 -> 354000 | Y30: =+[1]DailyOct!AU29 -> 11000 | Z30: =Y30/B30 -> 202.07216 | AA30: =Y30/C30 -> 290.8514 | AB30: =+AB29+AC30 -> 241235.87 | AC30: =+[1]DailyOct!AV29 -> 10891.97 | AD30: =AC30/B30 -> 200.08763 | AE30: =AC30/C30 -> 287.99498 | AF30: =+AF29+AG30 -> 314967.69 | AG30: =+[1]DailyOct!AW29 -> 10591.97 | AH30: =AG30/B30 -> 194.57657 | AI30: =AG30/C30 -> 280.06267 | AJ30: =+AJ29+AK30 -> 40700 | AK30: =+[1]DailyOct!AX29 -> 1910 | AL30: =AK30/B30 -> 35.087075 | AM30: =AK30/C30 -> 50.50238 | AN30: =+E30+I30+M30+Q30+U30+Y30+AC30+AG30+AK30 -> 42635.91 | AO30: =AN30/B30 -> 783.23003 | AP30: =AN30/C30 -> 1127.3377
A31: =A30+1 -> 45954 | B31: =+Report1!P32 -> 49.71 | C31: =+Report1!R32 -> 42.803 | D31: =+D30+E31 -> 0 | F31: =E31/B31 -> 0 | G31: =E31/C31 -> 0 | H31: =+H30+I31 -> 0 | J31: =I31/B31 -> 0 | K31: =I31/C31 -> 0 | L31: =+L30+M31 -> 0 | N31: =M31/B31 -> 0 | O31: =M31/C31 -> 0 | P31: =+P30+Q31 -> 0 | R31: =Q31/B31 -> 0 | S31: =Q31/C31 -> 0 | T31: =+T30+U31 -> 172048.6 | U31: =+[1]DailyOct!AT30 -> 7462.73 | V31: =U31/B31 -> 150.12533 | W31: =U31/C31 -> 174.35063 | X31: =+X30+Y31 -> 369000 | Y31: =+[1]DailyOct!AU30 -> 15000 | Z31: =Y31/B31 -> 301.75015 | AA31: =Y31/C31 -> 350.44273 | AB31: =+AB30+AC31 -> 252398.6 | AC31: =+[1]DailyOct!AV30 -> 11162.73 | AD31: =AC31/B31 -> 224.55703 | AE31: =AC31/C31 -> 260.79317 | AF31: =+AF30+AG31 -> 326830.42 | AG31: =+[1]DailyOct!AW30 -> 11862.73 | AH31: =AG31/B31 -> 238.6387 | AI31: =AG31/C31 -> 277.14716 | AJ31: =+AJ30+AK31 -> 42420 | AK31: =+[1]DailyOct!AX30 -> 1720 | AL31: =AK31/B31 -> 34.600684 | AM31: =AK31/C31 -> 40.184099 | AN31: =+E31+I31+M31+Q31+U31+Y31+AC31+AG31+AK31 -> 47208.19 | AO31: =AN31/B31 -> 949.6719 | AP31: =AN31/C31 -> 1102.9178
A32: =A31+1 -> 45955 | B32: =+Report1!P33 -> 48.901 | C32: =+Report1!R33 -> 46.291 | D32: =+D31+E32 -> 0 | F32: =E32/B32 -> 0 | G32: =E32/C32 -> 0 | H32: =+H31+I32 -> 0 | J32: =I32/B32 -> 0 | K32: =I32/C32 -> 0 | L32: =+L31+M32 -> 0 | N32: =M32/B32 -> 0 | O32: =M32/C32 -> 0 | P32: =+P31+Q32 -> 0 | R32: =Q32/B32 -> 0 | S32: =Q32/C32 -> 0 | T32: =+T31+U32 -> 179843.92 | U32: =+[1]DailyOct!AT31 -> 7795.32 | V32: =U32/B32 -> 159.41024 | W32: =U32/C32 -> 168.39818 | X32: =+X31+Y32 -> 388000 | Y32: =+[1]DailyOct!AU31 -> 19000 | Z32: =Y32/B32 -> 388.54011 | AA32: =Y32/C32 -> 410.44696 | AB32: =+AB31+AC32 -> 262643.92 | AC32: =+[1]DailyOct!AV31 -> 10245.32 | AD32: =AC32/B32 -> 209.51146 | AE32: =AC32/C32 -> 221.32423 | AF32: =+AF31+AG32 -> 337575.74 | AG32: =+[1]DailyOct!AW31 -> 10745.32 | AH32: =AG32/B32 -> 219.7362 | AI32: =AG32/C32 -> 232.12547 | AJ32: =+AJ31+AK32 -> 44510 | AK32: =+[1]DailyOct!AX31 -> 2090 | AL32: =AK32/B32 -> 42.739412 | AM32: =AK32/C32 -> 45.149165 | AN32: =+E32+I32+M32+Q32+U32+Y32+AC32+AG32+AK32 -> 49875.96 | AO32: =AN32/B32 -> 1019.9374 | AP32: =AN32/C32 -> 1077.444
A33: =A32+1 -> 45956 | B33: =+Report1!P34 -> 48.096 | C33: =+Report1!R34 -> 42.771 | D33: =+D32+E33 -> 0 | F33: =E33/B33 -> 0 | G33: =E33/C33 -> 0 | H33: =+H32+I33 -> 0 | J33: =I33/B33 -> 0 | K33: =I33/C33 -> 0 | L33: =+L32+M33 -> 0 | N33: =M33/B33 -> 0 | O33: =M33/C33 -> 0 | P33: =+P32+Q33 -> 0 | R33: =Q33/B33 -> 0 | S33: =Q33/C33 -> 0 | T33: =+T32+U33 -> 187914.03 | U33: =+[1]DailyOct!AT32 -> 8070.11 | V33: =U33/B33 -> 167.79171 | W33: =U33/C33 -> 188.68182 | X33: =+X32+Y33 -> 406000 | Y33: =+[1]DailyOct!AU32 -> 18000 | Z33: =Y33/B33 -> 374.2515 | AA33: =Y33/C33 -> 420.8459 | AB33: =+AB32+AC33 -> 272764.03 | AC33: =+[1]DailyOct!AV32 -> 10120.11 | AD33: =AC33/B33 -> 210.4148 | AE33: =AC33/C33 -> 236.61149 | AF33: =+AF32+AG33 -> 347195.85 | AG33: =+[1]DailyOct!AW32 -> 9620.11 | AH33: =AG33/B33 -> 200.01892 | AI33: =AG33/C33 -> 224.92133 | AJ33: =+AJ32+AK33 -> 46130 | AK33: =+[1]DailyOct!AX32 -> 1620 | AL33: =AK33/B33 -> 33.682635 | AM33: =AK33/C33 -> 37.876131 | AN33: =+E33+I33+M33+Q33+U33+Y33+AC33+AG33+AK33 -> 47430.33 | AO33: =AN33/B33 -> 986.15956 | AP33: =AN33/C33 -> 1108.9367
A34: =A33+1 -> 45957 | B34: =+Report1!P35 -> 47.368 | C34: =+Report1!R35 -> 38.155 | D34: =+D33+E34 -> 0 | F34: =E34/B34 -> 0 | G34: =E34/C34 -> 0 | H34: =+H33+I34 -> 0 | J34: =I34/B34 -> 0 | K34: =I34/C34 -> 0 | L34: =+L33+M34 -> 0 | N34: =M34/B34 -> 0 | O34: =M34/C34 -> 0 | P34: =+P33+Q34 -> 0 | R34: =Q34/B34 -> 0 | S34: =Q34/C34 -> 0 | T34: =+T33+U34 -> 197219.94 | U34: =+[1]DailyOct!AT33 -> 9305.91 | V34: =U34/B34 -> 196.45985 | W34: =U34/C34 -> 243.89752 | X34: =+X33+Y34 -> 424000 | Y34: =+[1]DailyOct!AU33 -> 18000 | Z34: =Y34/B34 -> 380.00338 | AA34: =Y34/C34 -> 471.75993 | AB34: =+AB33+AC34 -> 283419.94 | AC34: =+[1]DailyOct!AV33 -> 10655.91 | AD34: =AC34/B34 -> 224.9601 | AE34: =AC34/C34 -> 279.27952 | AF34: =+AF33+AG34 -> 357351.76 | AG34: =+[1]DailyOct!AW33 -> 10155.91 | AH34: =AG34/B34 -> 214.40445 | AI34: =AG34/C34 -> 266.17508 | AJ34: =+AJ33+AK34 -> 48010 | AK34: =+[1]DailyOct!AX33 -> 1880 | AL34: =AK34/B34 -> 39.689242 | AM34: =AK34/C34 -> 49.272703 | AN34: =+E34+I34+M34+Q34+U34+Y34+AC34+AG34+AK34 -> 49997.73 | AO34: =AN34/B34 -> 1055.517 | AP34: =AN34/C34 -> 1310.3847
A35: =A34+1 -> 45958 | B35: =+Report1!P36 -> 45.185 | C35: =+Report1!R36 -> 40.47 | D35: =+D34+E35 -> 0 | F35: =E35/B35 -> 0 | G35: =E35/C35 -> 0 | H35: =+H34+I35 -> 0 | J35: =I35/B35 -> 0 | K35: =I35/C35 -> 0 | L35: =+L34+M35 -> 0 | N35: =M35/B35 -> 0 | O35: =M35/C35 -> 0 | P35: =+P34+Q35 -> 0 | R35: =Q35/B35 -> 0 | S35: =Q35/C35 -> 0 | T35: =+T34+U35 -> 202474.33 | U35: =+[1]DailyOct!AT34 -> 5254.39 | V35: =U35/B35 -> 116.28616 | W35: =U35/C35 -> 129.8342 | X35: =+X34+Y35 -> 442000 | Y35: =+[1]DailyOct!AU34 -> 18000 | Z35: =Y35/B35 -> 398.36229 | AA35: =Y35/C35 -> 444.77391 | AB35: =+AB34+AC35 -> 293094.33 | AC35: =+[1]DailyOct!AV34 -> 9674.39 | AD35: =AC35/B35 -> 214.10623 | AE35: =AC35/C35 -> 239.0509 | AF35: =+AF34+AG35 -> 367626.15 | AG35: =+[1]DailyOct!AW34 -> 10274.39 | AH35: =AG35/B35 -> 227.38497 | AI35: =AG35/C35 -> 253.8767 | AJ35: =+AJ34+AK35 -> 50020 | AK35: =+[1]DailyOct!AX34 -> 2010 | AL35: =AK35/B35 -> 44.483789 | AM35: =AK35/C35 -> 49.66642 | AN35: =+E35+I35+M35+Q35+U35+Y35+AC35+AG35+AK35 -> 45213.17 | AO35: =AN35/B35 -> 1000.6234 | AP35: =AN35/C35 -> 1117.2021
A36: =A35+1 -> 45959 | B36: =+Report1!P37 -> 47.159 | C36: =+Report1!R37 -> 43.074 | D36: =+D35+E36 -> 0 | F36: =E36/B36 -> 0 | G36: =E36/C36 -> 0 | H36: =+H35+I36 -> 0 | J36: =I36/B36 -> 0 | K36: =I36/C36 -> 0 | L36: =+L35+M36 -> 0 | N36: =M36/B36 -> 0 | O36: =M36/C36 -> 0 | P36: =+P35+Q36 -> 0 | R36: =Q36/B36 -> 0 | S36: =Q36/C36 -> 0 | T36: =+T35+U36 -> 209693.91 | U36: =+[1]DailyOct!AT35 -> 7219.58 | V36: =U36/B36 -> 153.09018 | W36: =U36/C36 -> 167.60877 | X36: =+X35+Y36 -> 459000 | Y36: =+[1]DailyOct!AU35 -> 17000 | Z36: =Y36/B36 -> 360.48262 | AA36: =Y36/C36 -> 394.66964 | AB36: =+AB35+AC36 -> 304023.91 | AC36: =+[1]DailyOct!AV35 -> 10929.58 | AD36: =AC36/B36 -> 231.76022 | AE36: =AC36/C36 -> 253.73961 | AF36: =+AF35+AG36 -> 379655.73 | AG36: =+[1]DailyOct!AW35 -> 12029.58 | AH36: =AG36/B36 -> 255.08556 | AI36: =AG36/C36 -> 279.27706 | AJ36: =+AJ35+AK36 -> 51915 | AK36: =+[1]DailyOct!AX35 -> 1895 | AL36: =AK36/B36 -> 40.18321 | AM36: =AK36/C36 -> 43.994057 | AN36: =+E36+I36+M36+Q36+U36+Y36+AC36+AG36+AK36 -> 49073.74 | AO36: =AN36/B36 -> 1040.6018 | AP36: =AN36/C36 -> 1139.2891
A37: =A36+1 -> 45960 | B37: =+Report1!P38 -> 48.623 | C37: =+Report1!R38 -> 38.984 | D37: =+D36+E37 -> 0 | F37: =E37/B37 -> 0 | G37: =E37/C37 -> 0 | H37: =+H36+I37 -> 0 | J37: =I37/B37 -> 0 | K37: =I37/C37 -> 0 | L37: =+L36+M37 -> 0 | N37: =M37/B37 -> 0 | O37: =M37/C37 -> 0 | P37: =+P36+Q37 -> 0 | R37: =Q37/B37 -> 0 | S37: =Q37/C37 -> 0 | T37: =+T36+U37 -> 217654.21 | U37: =+[1]DailyOct!AT36 -> 7960.3 | V37: =U37/B37 -> 163.7147 | W37: =U37/C37 -> 204.19403 | X37: =+X36+Y37 -> 477000 | Y37: =+[1]DailyOct!AU36 -> 18000 | Z37: =Y37/B37 -> 370.19518 | AA37: =Y37/C37 -> 461.72789 | AB37: =+AB36+AC37 -> 314329.21 | AC37: =+[1]DailyOct!AV36 -> 10305.3 | AD37: =AC37/B37 -> 211.94291 | AE37: =AC37/C37 -> 264.34691 | AF37: =+AF36+AG37 -> 396743.15 | AG37: =+[1]DailyOct!AW36 -> 17087.42 | AH37: =AG37/B37 -> 351.42669 | AI37: =AG37/C37 -> 438.3188 | AJ37: =+AJ36+AK37 -> 53680 | AK37: =+[1]DailyOct!AX36 -> 1765 | AL37: =AK37/B37 -> 36.299694 | AM37: =AK37/C37 -> 45.274985 | AN37: =+E37+I37+M37+Q37+U37+Y37+AC37+AG37+AK37 -> 55118.02 | AO37: =AN37/B37 -> 1133.5792 | AP37: =AN37/C37 -> 1413.8626
A38: =A37+1 -> 45961 | B38: =+Report1!P39 -> 50.302 | C38: =+Report1!R39 -> 45.202 | D38: =+D37+E38 -> 0 | F38: =E38/B38 -> 0 | G38: =E38/C38 -> 0 | H38: =+H37+I38 -> 0 | J38: =I38/B38 -> 0 | K38: =I38/C38 -> 0 | L38: =+L37+M38 -> 0 | N38: =M38/B38 -> 0 | O38: =M38/C38 -> 0 | P38: =+P37+Q38 -> 0 | R38: =Q38/B38 -> 0 | S38: =Q38/C38 -> 0 | T38: =+T37+U38 -> 225934.2 | U38: =+[1]DailyOct!AT37 -> 8279.99 | V38: =U38/B38 -> 164.60558 | W38: =U38/C38 -> 183.17751 | X38: =+X37+Y38 -> 494000 | Y38: =+[1]DailyOct!AU37 -> 17000 | Z38: =Y38/B38 -> 337.95873 | AA38: =Y38/C38 -> 376.08955 | AB38: =+AB37+AC38 -> 325264.2 | AC38: =+[1]DailyOct!AV37 -> 10934.99 | AD38: =AC38/B38 -> 217.38678 | AE38: =AC38/C38 -> 241.91385 | AF38: =+AF37+AG38 -> 417813.13 | AG38: =+[1]DailyOct!AW37 -> 21069.98 | AH38: =AG38/B38 -> 418.86963 | AI38: =AG38/C38 -> 466.12937 | AJ38: =+AJ37+AK38 -> 55605 | AK38: =+[1]DailyOct!AX37 -> 1925 | AL38: =AK38/B38 -> 38.268856 | AM38: =AK38/C38 -> 42.586611 | AN38: =+E38+I38+M38+Q38+U38+Y38+AC38+AG38+AK38 -> 59209.96 | AO38: =AN38/B38 -> 1177.0896 | AP38: =AN38/C38 -> 1309.8969
A40: TOTAL | B40: =SUM(B8:B38) -> 1512.754 | C40: =SUM(C8:C38) -> 1387.38 | E40: =SUM(E8:E38) -> 0 | F40: =E40/B40 -> 0 | G40: =E40/C40 -> 0 | I40: =SUM(I8:I38) -> 0 | J40: =I40/B40 -> 0 | K40: =I40/C40 -> 0 | M40: =SUM(M8:M38) -> 0 | N40: =M40/B40 -> 0 | O40: =M40/C40 -> 0 | Q40: =SUM(Q8:Q38) -> 0 | R40: =Q40/B40 -> 0 | S40: =Q40/C40 -> 0 | U40: =SUM(U8:U39) -> 225934.2 | V40: =U40/B40 -> 149.3529 | W40: =U40/C40 -> 162.84954 | Y40: =SUM(Y8:Y39) -> 494000 | Z40: =Y40/B40 -> 326.55673 | AA40: =Y40/C40 -> 356.06683 | AC40: =SUM(AC8:AC39) -> 325264.2 | AD40: =AC40/B40 -> 215.0146 | AE40: =AC40/C40 -> 234.44492 | AG40: =SUM(AG8:AG39) -> 417813.13 | AH40: =AG40/B40 -> 276.1937 | AI40: =AG40/C40 -> 301.15262 | AK40: =SUM(AK8:AK39) -> 55605 | AL40: =AK40/B40 -> 36.757464 | AM40: =AK40/C40 -> 40.079142 | AN40: =+E40+I40+M40+Q40+U40+Y40+AC40+AG40+AK40 -> 1518616.5 | AO40: =AN40/B40 -> 1003.8754 | AP40: =AN40/C40 -> 1094.5931
AN42: =+AN40-[1]DailyOct!$AY$38 -> 0

Sheet Trim Rwd
A1: PM 16 | B1: =+Report1!A9 -> 45931
A3: Tgl | B3: Grade | C3: Ply | D3: Kombinasi Pot. | E3: Lebar Trim | F3: Jml Turunan | G3: Lebar x Turunan | H3: Rata-rata | I3: PHP PM
A4: =+B1 -> 45931 | B4: T 12,5 | C4: 2 | D4: 275*2 | E4: =140+126 -> 266 | F4: =14+13+13 -> 40 | G4: =+E4*F4 -> 10640 | H4: =+G4/F4 -> 266 | I4: =+'1'!L37 -> 22.826
B5: T 15 | C5: 2 | D5: 213+43+19 | E5: =213+43+19 -> 275 | F5: 0 | G5: =+E5*F5 -> 0 | H5: =+E5 -> 275 | I5: =+'1'!L38 -> 5.779
A7: 45932 | B7: T 15 | C7: 2 | D7: 213+43+19 | E7: =213+43+19 -> 275 | F7: =21+31+23 -> 75 | G7: =+E7*F7 -> 20625 | H7: =+G7/F7 -> 275 | I7: =+'2'!L37 -> 48.41
B8: T 14,5 | C8: 2 | D8: 277*1 | E8: =277*1 -> 277 | F8: 0 | G8: =+E8*F8 -> 0 | H8: =+E8 -> 277 | I8: =+'2'!L38 -> 1.856
B9: T 12,5 | C9: 2 | D9: 275*1 | E9: 275 | F9: 4 | G9: =+E9*F9 -> 1100 | H9: =+G9/F9 -> 275 | I9: Backlog
A11: 45933 | B11: T 14,5 | C11: 2 | D11: 277*1 | E11: =277*1 -> 277 | F11: =9+16+23 -> 48 | G11: =+E11*F11 -> 13296 | H11: =+G11/F11 -> 277 | I11: =+'3'!L37 -> 34.221
B12: T 12,5 | C12: 2 | D12: 275*1 | E12: =275*1 -> 275 | F12: 14 | G12: =+E12*F12 -> 3850 | H12: =+G12/F12 -> 275 | I12: =+'3'!L38 -> 14.808
B13: T 15 | C13: 2 | D13: 213+43+19 | E13: =213+43+19 -> 275 | F13: 1 | G13: =+E13*F13 -> 275 | H13: =+G13/F13 -> 275 | I13: Backlog
A15: 45934 | B15: T 12,5 | C15: 2 | D15: 275*1 | E15: =275*1 -> 275 | F15: =5+9+2 -> 16 | G15: =+E15*F15 -> 4400 | H15: =+G15/F15 -> 275 | I15: =+'4'!N37 -> 8.879
B16: T 12 | C16: 2 | D16: 273*1 | E16: 273 | F16: =6+6+4 -> 16 | G16: =+E16*F16 -> 4368 | H16: =+G16/F16 -> 273 | I16: =+'4'!N38 -> 10.703
B17: T 13,5 | C17: 2 | D17: 276*1 | E17: 276 | F17: =5+9+1+7 -> 22 | G17: =+E17*F17 -> 6072 | H17: =+G17/F17 -> 276 | I17: =+'4'!N39 -> 16.641
B18: F 12 | C18: 2 | D18: 150+120 | E18: =150+120 -> 270 | F18: =5+10 -> 15 | G18: =+E18*F18 -> 4050 | H18: =+G18/F18 -> 270 | I18: =+'4'!N40 -> 12.765
A20: 45935 | B20: F 12 | C20: 2 | D20: 150+120 | E20: =150+120 -> 270 | F20: =22+3+11 -> 36 | G20: =+E20*F20 -> 9720 | H20: =+(E20*F20+E21*F21)/(SUM(F20:F21)) -> 273.26582 | I20: =+'5'!N37 -> 45.582
B21: F 12 | C21: 2 | D21: 146+130 | E21: =146+130 -> 276 | F21: =16+14+13 -> 43 | G21: =+E21*F21 -> 11868
B22: F 12,5 | C22: 2 | D22: 274*1 | E22: 274 | F22: 0 | G22: 0 | H22: =+E22 -> 274 | I22: =+'5'!N38 -> 0
A24: 45936 | B24: F 12,5 | C24: 2 | D24: 146+130 | E24: =146+130 -> 276 | F24: 4 | G24: =+E24*F24 -> 1104 | H24: =+(E24*F24+E25*F25)/(SUM(F24:F25)) -> 274.09524 | I24: =+'6'!I38 -> 45.806
B25: F 12,5 | C25: 2 | D25: 130+72*2 | E25: =130+72*2 -> 274 | F25: =13+13+15+11+15+13 -> 80 | G25: =+E25*F25 -> 21920
A27: 45937 | B27: F 12,5 | C27: 2 | D27: 130+72*2 | E27: =130+72*2 -> 274 | F27: =11+15+2 -> 28 | G27: =+E27*F27 -> 7672 | H27: =+G27/F27 -> 274 | I27: =+'7'!L37 -> 12.727
B28: F 12 | C28: 2 | D28: 146+130 | E28: =146+130 -> 276 | F28: =2+3 -> 5 | G28: =+E28*F28 -> 1380 | H28: =+(E28*F28+E29*F29)/(SUM(F28:F29)) -> 267.51515 | I28: =+'7'!L38 -> 19.17
B29: F 12 | C29: 2 | D29: 133*2 | E29: =133*2 -> 266 | F29: =9+4+4+4+7 -> 28 | G29: =+E29*F29 -> 7448
B30: F 13 | C30: 2 | D30: 133*2 | E30: =133*2 -> 266 | F30: 8 | G30: =+E30*F30 -> 2128 | H30: =+G30/F30 -> 266 | I30: =+'7'!L39 -> 11.238
B31: T 12,5 | C31: 2 | D31: 275*1 | E31: =275*1 -> 275 | F31: 0 | G31: 0 | H31: =+E31 -> 275 | I31: =+'7'!L40 -> 3.61
A33: 45938 | B33: T 12,5 | C33: 2 | D33: 275*1 | E33: =275*1 -> 275 | F33: =22+24+19 -> 65 | G33: =+E33*F33 -> 17875 | H33: =+(E33*F33+E34*F34)/(SUM(F33:F34)) -> 274.78571 | I33: =+'8'!I38 -> 50.24
B34: T 12,5 | C34: 2 | D34: 146+126 | E34: =146+126 -> 272 | F34: 5 | G34: =+E34*F34 -> 1360
A36: 45939 | B36: T 12,5 | C36: 2 | D36: 286*1 | E36: 286 | F36: =7+10+11 -> 28 | G36: =+E36*F36 -> 8008 | H36: =+(E36*F36+E37*F37)/(SUM(F36:F37)) -> 282.33333 | I36: =+'9'!I38 -> 53.849
B37: T 12,5 | C37: 2 | D37: 275*1 | E37: 275 | F37: 14 | G37: =+E37*F37 -> 3850
A39: 45940 | B39: T 12,5 | C39: 2 | D39: 286*1 | E39: 286 | F39: 8 | G39: =+E39*F39 -> 2288 | H39: =+(E39*F39+E40*F40)/(SUM(F39:F40)) -> 277.09524 | I39: =+'10'!I38 -> 49.898
B40: T 12,5 | C40: 2 | D40: 275*1 | E40: 275 | F40: =1+13+20 -> 34 | G40: =+E40*F40 -> 9350
A42: 45941 | B42: T 12,5 | C42: 2 | D42: 275*1 | E42: 275 | F42: =28+19+22 -> 69 | G42: =+E42*F42 -> 18975 | H42: =+G42/F42 -> 275 | I42: =+'11'!N37 -> 41.58
B43: T 14 | C43: 2 | D43: 133*2 | E43: =133*2 -> 266 | F43: 6 | G43: =+E43*F43 -> 1596 | H43: =+G43/F43 -> 266 | I43: =+'11'!N38 -> 9.498
A45: 45942 | B45: T 14 | C45: 2 | D45: 140*2 | E45: =133*2 -> 266 | F45: =4+11 -> 15 | G45: =+E45*F45 -> 3990 | H45: =+(E45*F45+E46*F46)/(SUM(F45:F46)) -> 266 | I45: =+'12'!N37 -> 15.816
B46: T 14 | C46: 2 | D46: 133*2 | E46: =133*2 -> 266 | F46: 23 | G46: =+E46*F46 -> 6118
B47: T 15 | C47: 2 | D47: 276*1 | E47: =276*1 -> 276 | F47: =18+16 -> 34 | G47: =+E47*F47 -> 9384 | H47: =+G47/F47 -> 276 | I47: =+'12'!N38 -> 21.844
B48: T 12,5 | C48: 2 | D48: 276*1 | E48: =276*1 -> 276 | F48: 11 | G48: =+E48*F48 -> 3036 | H48: =+G48/F48 -> 276 | I48: =+'12'!N39 -> 12.665
A50: 45943 | B50: T 12,5 | C50: 2 | D50: 276*1 | E50: =276*1 -> 276 | F50: =5+12+6+15 -> 38 | G50: =+E50*F50 -> 10488 | H50: =+(E50*F50+E51*F51)/(SUM(F50:F51)) -> 275.38182 | I50: =+'13'!N37 -> 32.776
B51: T 12,5 | C51: 2 | D51: 274*1 | E51: =274*1 -> 274 | F51: 17 | G51: =+E51*F51 -> 4658
B52: T 12 | C52: 2 | D52: 276*1 | E52: =276*1 -> 276 | F52: =5+5+1+9 -> 20 | G52: =+E52*F52 -> 5520 | H52: =+G52/F52 -> 276 | I52: =+'13'!N38 -> 12.917
B53: T 14 | C53: 2 | D53: 133*2 | E53: =133*2 -> 266 | F53: 0 | G53: 0 | H53: =+E53 -> 266 | I53: =+'13'!N39 -> 5.399
A55: 45944 | B55: T 14 | C55: 2 | D55: 133*2 | E55: =133*2 -> 266 | F55: 50 | G55: =+E55*F55 -> 13300 | H55: =+G55/F55 -> 266 | I55: =+'14'!N37 -> 19.216
B56: T 15 | C56: 2 | D56: 106,5+165 | E56: =106.5+165 -> 271.5 | F56: =8+15 -> 23 | G56: =+E56*F56 -> 6244.5 | H56: =+G56/F56 -> 271.5 | I56: =+'14'!N38 -> 35.797
B57: T 12,5 | C57: 2 | D57: 274*1 | E57: =274*1 -> 274 | F57: 1 | G57: =+E57*F57 -> 274 | H57: =+G57/F57 -> 274 | I57: Backlog
A59: 45945 | B59: T 15 | C59: 2 | D59: 165+106,5 | E59: =165+106.5 -> 271.5 | F59: =20+16 -> 36 | G59: =+E59*F59 -> 9774 | H59: =+G59/F59 -> 271.5 | I59: =+'15'!N37 -> 14.412
B60: T 14 | C60: 2 | D60: 133*2 | E60: =133*2 -> 266 | F60: 47 | G60: =+E60*F60 -> 12502 | H60: =+G60/F60 -> 266 | I60: =+'15'!N38 -> 31.826
B61: T 17 | C61: 2 | D61: 135*2 | E61: =135*2 -> 270 | F61: 0 | G61: =+E61*F61 -> 0 | H61: =+E61 -> 270 | I61: =+'15'!N39 -> 4.82
A63: 45946 | B63: T 17 | C63: 2 | D63: 135*2 | E63: =135*2 -> 270 | F63: 75 | G63: =+E63*F63 -> 20250 | H63: =+G63/F63 -> 270 | I63: =+'16'!N37 -> 19.324
B64: F 13 | C64: 2 | D64: 140*2 | E64: =140*2 -> 280 | F64: 39 | G64: =+E64*F64 -> 10920 | H64: =+G64/F64 -> 280 | I64: =+'16'!N38 -> 29.92
B65: T 14 | C65: 2 | D65: 133*2 | E65: =133*2 -> 266 | F65: =30/2 -> 15 | G65: =+E65*F65 -> 3990 | H65: =+G65/F65 -> 266 | I65: Backlog
A67: 45947 | B67: F 13 | C67: 2 | D67: 140*2 | E67: =140*2 -> 280 | F67: =144/2 -> 72 | G67: =+E67*F67 -> 20160 | H67: =+G67/F67 -> 280 | I67: =+'17'!N37 -> 35.76
B68: F 12 | C68: 2 | D68: 140*2 | E68: =140*2 -> 280 | F68: 13 | G68: =+E68*F68 -> 3640 | H68: =+G68/F68 -> 280 | I68: =+'17'!N38 -> 13.997
A70: 45948 | B70: F 12 | C70: 2 | D70: 140*2 | E70: =140*2 -> 280 | F70: =17+25+33 -> 75 | G70: =+E70*F70 -> 21000 | H70: =+(E70*F70+E71*F71)/(SUM(F70:F71)) -> 280 | I70: =+'18'!I38 -> 45.535
B71: F 12 | C71: 2 | D71: 150+130 | E71: =140*2 -> 280 | F71: 9 | G71: =+E71*F71 -> 2520
A73: 45949 | B73: F 12 | C73: 2 | D73: 140*2 | E73: =140*2 -> 280 | F73: 15 | G73: =+E73*F73 -> 4200 | H73: =+(E73*F73+E74*F74)/(SUM(F73:F74)) -> 280 | I73: =+'19'!I38 -> 48.847
B74: F 12 | C74: 2 | D74: 150+130 | E74: =140*2 -> 280 | F74: =15+33+25 -> 73 | G74: =+E74*F74 -> 20440
A76: 45950 | B76: F 12 | C76: 2 | D76: 140+130 | E76: =140+130 -> 270 | F76: =30+25 -> 55 | G76: =+E76*F76 -> 14850 | H76: =+(E76*F76+E77*F77)/(SUM(F76:F77)) -> 274.44444 | I76: =+'20'!I38 -> 50.717
B77: F 12 | C77: 2 | D77: 150+130 | E77: =150+130 -> 280 | F77: =37+7 -> 44 | G77: =+E77*F77 -> 12320
A79: 45951 | B79: F 12 | C79: 2 | D79: 140+130 | E79: =140+130 -> 270 | F79: =28+1 -> 29 | G79: =+E79*F79 -> 7830 | H79: =+(E79*F79+E80*F80)/(SUM(F79:F80)) -> 276.50602 | I79: =+'21'!N37 -> 25.087
B80: F 12 | C80: 2 | D80: 140*2 | E80: =140*2 -> 280 | F80: =6+48 -> 54 | G80: =+E80*F80 -> 15120
B81: T 12,5 | C81: 2 | D81: 278*1 | E81: =278*1 -> 278 | F81: 17 | G81: =+E81*F81 -> 4726 | H81: =+G81/F81 -> 278 | I81: =+'21'!N38 -> 21.792
A83: 45952 | B83: T 12,5 | C83: 2 | D83: 278*1 | E83: =278*1 -> 278 | F83: =22+8 -> 30 | G83: =+E83*F83 -> 8340 | H83: =+G83/F83 -> 278 | I83: =+'22'!N37 -> 16.194
B84: T 14,5 | C84: 2 | D84: 277*1 | E84: =277*1 -> 277 | F84: =24+24 -> 48 | G84: =+E84*F84 -> 13296 | H84: =+G84/F84 -> 277 | I84: =+'22'!N38 -> 27.995
B85: T 18 | C85: 2 | D85: 140*2 | E85: =140*2 -> 280 | F85: 5 | G85: =+E85*F85 -> 1400 | H85: =+G85/F85 -> 280 | I85: =+'22'!N39 -> 10.232
A87: 45953 | B87: T 18 | C87: 2 | D87: 280*1 | E87: =280*1 -> 280 | F87: =4+28+2 -> 34 | G87: =+E87*F87 -> 9520 | H87: =+(E87*F87+E88*F88)/(SUM(F87:F88)) -> 280 | I87: =+'23'!N37 -> 31.657
B88: T 18 | C88: 2 | D88: 140*2 | E88: =140*2 -> 280 | F88: 14 | G88: =+E88*F88 -> 3920
B89: T 14,5 | C89: 2 | D89: 280*1 | E89: 280 | F89: 11 | G89: =+E89*F89 -> 3080 | H89: =+G89/F89 -> 280 | I89: =+'23'!N38 -> 10.46
B90: T 18 | C90: 2 | D90: 280*1 | E90: =140*2 -> 280 | F90: 9 | G90: =+E90*F90 -> 2520 | H90: =+G90/F90 -> 280 | I90: =+'23'!N39 -> 12.319
A92: 45954 | B92: T 12,5 | C92: 2 | D92: 280*1 | E92: =280*1 -> 280 | F92: 24 | G92: =+E92*F92 -> 6720 | H92: =+(E92*F92+E93*F93)/(SUM(F92:F93)) -> 277.85714 | I92: =+'24'!O37 -> 31.674
B93: T 12,5 | C93: 2 | D93: 275*1 | E93: 275 | F93: 18 | G93: =+E93*F93 -> 4950
B94: T 18 | C94: 2 | D94: 280*1 | E94: =280*1 -> 280 | F94: 5 | G94: =+E94*F94 -> 1400 | H94: =+G94/F94 -> 280 | I94: =+'24'!O38 -> 2.444
B95: T 14,5 | C95: 2 | D95: 280*1 | E95: 280 | F95: 6 | G95: =+E95*F95 -> 1680 | H95: =+G95/F95 -> 280 | I95: =+'24'!O39 -> 3.086
B96: T 15 | C96: 2 | D96: 137*2 | E96: =137*2 -> 274 | F96: =34/2 -> 17 | G96: =+E96*F96 -> 4658 | H96: =+G96/F96 -> 274 | I96: =+'24'!O40 -> 12.506
A98: 45955 | B98: T 12,5 | C98: 2 | D98: 275*1 | E98: 275 | F98: =32+1+2+19+20+2 -> 76 | G98: =+E98*F98 -> 20900 | H98: =+(E98*F98+E99*F99)/(SUM(F98:F99)) -> 271.72727 | I98: =+'25'!I38 -> 48.901
B99: T 12,5 | C99: 2 | D99: 23*1 | E99: 23 | F99: 1 | G99: =+E99*F99 -> 23
A101: 45956 | B101: T 12,5 | C101: 2 | D101: 275*1 | E101: 275 | F101: =23+27+27 -> 77 | G101: =+E101*F101 -> 21175 | H101: =+G101/F101 -> 275 | I101: =+'26'!I38 -> 48.096
A103: 45957 | B103: T 12,5 | C103: 2 | D103: 275*1 | E103: 275 | F103: 30 | G103: =+E103*F103 -> 8250 | H103: =+G103/F103 -> 275 | I103: =+'27'!N37 -> 17.556
B104: F 12 | C104: 2 | D104: 140*2 | E104: =140*2 -> 280 | F104: 42 | G104: =+E104*F104 -> 11760 | H104: =+(E104*F104+E105*F105)/(SUM(F104:F105)) -> 280 | I104: =+'27'!N38 -> 29.812
A106: 45958 | B106: F 12 | C106: 2 | D106: 140*2 | E106: =140*2 -> 280 | F106: =14+15+7 -> 36 | G106: =+E106*F106 -> 10080 | H106: =+(E106*F106+E107*F107)/(SUM(F106:F107)) -> 274.8 | I106: =+'28'!N37 -> 37.425
B107: F 12 | C107: 2 | D107: 140+130 | E107: =140+130 -> 270 | F107: =20+12+7 -> 39 | G107: =+E107*F107 -> 10530
B108: T 12,5 | C108: 2 | D108: 280*1 | E108: =280*1 -> 280 | F108: 2 | G108: =+E108*F108 -> 560 | H108: =+G108/F108 -> 280 | I108: Backlog
B109: F 13 | C109: 2 | D109: 140*2 | E109: =140*2 -> 280 | F109: 4 | G109: =+E109*F109 -> 1120 | H109: =+G109/F109 -> 280 | I109: =+'28'!N38 -> 7.76
A111: 45959 | B111: F 13 | C111: 2 | D111: 140*2 | E111: =140*2 -> 280 | F111: 36 | G111: =+E111*F111 -> 10080 | H111: =+G111/F111 -> 280 | I111: =+'29'!N37 -> 16.471
B112: F 12 | C112: 2 | D112: 140*2 | E112: =140*2 -> 280 | F112: 37 | G112: =+E112*F112 -> 10360 | H112: =+(E112*F112+E113*F113)/(SUM(F112:F113)) -> 278.80952 | I112: =+'29'!N38 -> 30.688
B113: F 12 | C113: 2 | D113: 140+130 | E113: =140+130 -> 270 | F113: 5 | G113: =+E113*F113 -> 1350
A115: 45960 | B115: F 12 | C115: 2 | D115: 140*2 | E115: =140*2 -> 280 | F115: 65 | G115: =+E115*F115 -> 18200 | H115: =+G115/F115 -> 280 | I115: =+'30'!N37 -> 34.273
B116: T 12,5 | C116: 2 | D116: 256+24 | E116: =256+24 -> 280 | F116: 9 | G116: =+E116*F116 -> 2520 | H116: =+G116/F116 -> 280 | I116: =+'30'!N38 -> 14.35
A118: 45961 | B118: T 12,5 | C118: 2 | D118: 256+24 | E118: =256+24 -> 280 | F118: =20+21+21 -> 62 | G118: =+E118*F118 -> 17360 | H118: =+G118/F118 -> 280 | I118: =+'31'!N37 -> 40.042
B119: T 13 | C119: 2 | D119: 276*1 | E119: =276*1 -> 276 | F119: 6 | G119: =+E119*F119 -> 1656 | H119: =+G119/F119 -> 276 | I119: =+'31'!N38 -> 10.26

Sheet Efficiency1
A1: PM16 Efficiency Running Report
A3: Date | B3: Grade | C3: Speed real (ton) with Available Time | D3: Colour | E3: gsm | F3: Ply | G3: Standard | L3: Real Running | O3: Trim Rewinder (cm) | P3: Trim Rewinder x Running Time | Q3: Available Time (mnt) | R3: Down Time (mnt) | S3: Loss Time (mnt) | T3: Real Speed & Real Creepe Ratio with Available Time (ton) | U3: Real Speed & Real Creepe Ratio setelah dipotong DT & LT (ton) | V3: Loss tonase akibat DT + LT dari hitungan Teori with available time (ton) | W3: Accepted (ton) | X3: Real Eff dr Target Eff | Y3: Backlog | Z3: Reject Rewinder (ton) | AA3: Estimasi Reject to Broke Plant (ton) | AB3: Estimasi Faktor BW (ton) | AC3: Loss Opportunity in Speed (ton) | AD3: Downtime/ Losstime | AE3: Reason of Downtime / Losstime | AF3: Loss Time | AM3: Total Losstime | AN3: Unschedule Shut Down (mnt) | AS3: Schedule Shut Down | AT3: Marketing | AV3: EXT FACTOR | AX3: EXT FACTOR | AZ3: MANAGEMENT | BA3: Total Down Time | BB3: Freq. Sheets Break (X) | BC3: Freq. Change Blade (X) | BD3: Steam, & gangguan sinergy (X) | BE3: Freq, Trip PLN (X) | BF3: Cleaning Holes (X)
AF4: Proses | AI4: Change Grade | AJ4: Mekanik | AK4: Electric & Instrument | AL4: Boiler | AN4: Down Time Produksi | AO4: Mekanik | AP4: Electrical & Instrument | AQ4: Boiler | AR4: Total Unschedule Shut Down | AV4: LOSS | AW4: DOWN TIME | AX4: LOSS | AY4: DOWN TIME
G5: Yankee Speed (mpm) | H5: Max % Creeping | I5: Target Eff | J5: Kapasitas PM-Teori (ton) | K5: Teori (ton) with Available Time | L5: Yankee Speed (mpm) | M5: Popereel Speed (mpm) | N5: % Creeping | AF5: sheet break | AG5: change blade | AH5: change spool | AT5: Loss time | AU5: Down Time | AV5: SINERGY | AW5: SINERGY | AX5: PLN | AY5: PLN
A6: =+Report1!A9 -> 45931 | B6: Toilet | C6: =(M6*E6*O6*Q6)/100000000 -> 38.599925 | D6: VP OW | E6: 12.5 | F6: 1 | G6: 1350 | H6: =+N6 -> 0.24 | I6: 0.88 | J6: =E6*G6*(1-H6)*1440/1000000*2.87 -> 53.00316 | K6: =(IF(G6<L6,L6,G6)*(1-IF(H6<N6,H6,N6))*E6*O6*Q6)/100000000 -> 41.687919 | L6: 1250 | M6: =+L6-L6*0.24 -> 950 | N6: =1-(M6/L6) -> 0.24 | O6: =+'Trim Rwd'!H4 -> 266 | P6: =O6*(Q6-R6-S6) -> 170772 | Q6: 1222 | R6: 545 | S6: 35 | T6: =E6*M6*O6*Q6/100000000 -> 38.599925 | U6: =E6*M6*O6*(Q6-R6-S6)/100000000 -> 20.279175 | V6: =E6*G6*(1-N6)*O6/100*(R6+S6)/1000000 -> 19.78641 | W6: =+'1'!K7/1000 -> 18.686 | X6: =SUM(W6:W9)/SUM(K6:K9) -> 0.37609655 | Y6: 0 | Z6: =+'1'!D34/1000 -> 0.5 | AA6: =SUM(U6:U9)-SUM(W6:W9)-SUM(Z6:Z9)-SUM(Y6:Y9) -> 8.064161 | AB6: =(SUM(K6:K9)-SUM(W6:W9)-SUM(Y6:Y9)-SUM(Z6:Z9)-SUM(AC6:AC9)-SUM(V6:V9))-AA6 -> -1.46566 | AC6: =K6-T6 -> 3.087994 | AD6: =+AM6+BA6 -> 0 | AE6: - Sheet Breaks (0x) | AF6: 0 | AM6: =SUM(AF6:AL6)+AT6+AV6+AX6 -> 0 | AR6: =SUM(AN6:AQ6) -> 0 | BA6: =+AR6+AS6+AU6+AW6+AY6+AZ6 -> 0 | BB6: 0
B7: Toilet | C7: =(M7*E7*O7*Q7)/100000000 -> 6.970986 | D7: VP OW | E7: 15 | F7: 1 | G7: 1170 | H7: =+N7 -> 0.24 | I7: 0.88 | J7: =E7*G7*(1-H7)*1440/1000000*2.87 -> 55.123286 | K7: =(IF(G7<L7,L7,G7)*(1-IF(H7<N7,H7,N7))*E7*O7*Q7)/100000000 -> 7.996131 | L7: 1020 | M7: =+L7-L7*0.24 -> 775.2 | N7: =1-(M7/L7) -> 0.24 | O7: =+'Trim Rwd'!H5 -> 275 | P7: =O7*(Q7-R7-S7) -> 59950 | Q7: 218 | R7: 0 | S7: 0 | T7: =E7*M7*O7*Q7/100000000 -> 6.970986 | U7: =E7*M7*O7*(Q7-R7-S7)/100000000 -> 6.970986 | V7: =E7*G7*(1-N7)*O7/100*(R7+S7)/1000000 -> 0 | W7: =+'1'!K8/1000 -> 0 | AC7: =K7-T7 -> 1.025145 | AD7: =+AM7+BA7 -> 15 | AE7: - Change Blade (9x) | AG7: 15 | AM7: =SUM(AF7:AL7)+AT7+AV7+AX7 -> 15 | AR7: =SUM(AN7:AQ7) -> 0 | BA7: =+AR7+AS7+AU7+AW7+AY7+AZ7 -> 0 | BC7: 9
AD8: =+AM8+BA8 -> 20 | AE8: - Change Spool (18x) | AH8: 20 | AM8: =SUM(AF8:AL8)+AT8+AV8+AX8 -> 20 | AR8: =SUM(AN8:AQ8) -> 0 | BA8: =+AR8+AS8+AU8+AW8+AY8+AZ8 -> 0
AD9: =+AM9+BA9 -> 545 | AE9: - Awal shift pm stop perbaikan jalur pipa steam | AM9: =SUM(AF9:AL9)+AT9+AV9+AX9 -> 0 | AR9: =SUM(AN9:AQ9) -> 0 | AW9: 545 | BA9: =+AR9+AS9+AU9+AW9+AY9+AZ9 -> 545
A11: 45932 | B11: Toilet | C11: =(M11*E11*O11*Q11)/100000000 -> 47.15667 | D11: VP OW | E11: 15 | F11: 1 | G11: 1170 | H11: =+N11 -> 0.24 | I11: 0.88 | J11: =E11*G11*(1-H11)*1440/1000000*2.87 -> 55.123286 | K11: =(IF(G11<L11,L11,G11)*(1-IF(H11<N11,H11,N11))*E11*O11*Q11)/100000000 -> 50.250915 | L11: 1097.9562 | M11: 834.44672 | N11: =1-(M11/L11) -> 0.24 | O11: =+'Trim Rwd'!H7 -> 275 | P11: =O11*(Q11-R11-S11) -> 363000 | Q11: 1370 | R11: 0 | S11: 50 | T11: =E11*M11*O11*Q11/100000000 -> 47.15667 | U11: =E11*M11*O11*(Q11-R11-S11)/100000000 -> 45.435624 | V11: =E11*G11*(1-N11)*O11/100*(R11+S11)/1000000 -> 1.833975 | W11: =+'2'!K8/1000 -> 47.851 | X11: =SUM(W11:W14)/SUM(K11:K14) -> 0.95144341 | Y11: 0 | Z11: =+'2'!D34/1000 -> 0.72 | AA11: =SUM(U11:U14)-SUM(W11:W14)-SUM(Z11:Z14)-SUM(Y11:Y14) -> -3.1362944 | AB11: =(SUM(K11:K14)-SUM(W11:W14)-SUM(Y11:Y14)-SUM(Z11:Z14)-SUM(AC11:AC14)-SUM(V11:V14))-AA11 -> -0.11480837 | AC11: =K11-T11 -> 3.094245 | AD11: =+AM11+BA11 -> 10 | AE11: - Sheet Breaks (2x) | AF11: 10 | AM11: =SUM(AF11:AL11)+AT11+AV11+AX11 -> 10 | AR11: =SUM(AN11:AQ11) -> 0 | BA11: =+AR11+AS11+AU11+AW11+AY11+AZ11 -> 0 | BB11: 2
B12: Toilet | C12: =(M12*E12*O12*Q12)/100000000 -> 2.4561701 | D12: VP OW | E12: 14.5 | F12: 1 | G12: 1180 | H12: 0.22 | I12: 0.88 | J12: =E12*G12*(1-H12)*1440/1000000*2.87 -> 55.155522 | K12: =(IF(G12<L12,L12,G12)*(1-IF(H12<N12,H12,N12))*E12*O12*Q12)/100000000 -> 2.5877506 | L12: 1120 | M12: 873.6 | N12: =1-(M12/L12) -> 0.22 | O12: =+'Trim Rwd'!H8 -> 277 | P12: =O12*(Q12-R12-S12) -> 19113 | Q12: 70 | R12: 0 | S12: 1 | T12: =E12*M12*O12*Q12/100000000 -> 2.4561701 | U12: =E12*M12*O12*(Q12-R12-S12)/100000000 -> 2.4210819 | V12: =E12*G12*(1-N12)*O12/100*(R12+S12)/1000000 -> 0.036967866 | W12: =+'2'!K9/1000 -> 0 | AC12: =K12-T12 -> 0.13158054 | AD12: =+AM12+BA12 -> 18 | AE12: - Change Blade (13x) | AG12: 18 | AM12: =SUM(AF12:AL12)+AT12+AV12+AX12 -> 18 | AR12: =SUM(AN12:AQ12) -> 0 | BA12: =+AR12+AS12+AU12+AW12+AY12+AZ12 -> 0 | BC12: 13
B13: Toilet | E13: 12.5 | W13: =+'2'!K7/1000 -> 2.422 | AD13: =+AM13+BA13 -> 23 | AE13: - Change Spool (24x) | AH13: 23 | AM13: =SUM(AF13:AL13)+AT13+AV13+AX13 -> 23 | AR13: =SUM(AN13:AQ13) -> 0 | BA13: =+AR13+AS13+AU13+AW13+AY13+AZ13 -> 0
A15: 45933 | B15: Toilet | C15: =(M15*E15*O15*Q15)/100000000 -> 34.947165 | D15: VP OW | E15: 14.5 | F15: 1 | G15: 1180 | H15: 0.22 | I15: 0.88 | J15: =E15*G15*(1-H15)*1440/1000000*2.87 -> 55.155522 | K15: =(IF(G15<L15,L15,G15)*(1-IF(H15<N15,H15,N15))*E15*O15*Q15)/100000000 -> 35.85883 | L15: 1150 | M15: =+L15-L15*0.22 -> 897 | N15: =1-(M15/L15) -> 0.22 | O15: =+'Trim Rwd'!H11 -> 277 | P15: =O15*(Q15-R15-S15) -> 255948 | Q15: 970 | R15: 0 | S15: =30+16 -> 46 | T15: =E15*M15*O15*Q15/100000000 -> 34.947165 | U15: =E15*M15*O15*(Q15-R15-S15)/100000000 -> 33.289877 | V15: =E15*G15*(1-N15)*O15/100*(R15+S15)/1000000 -> 1.7005218 | W15: =+'3'!K9/1000 -> 28.386 | X15: =SUM(W15:W18)/SUM(K15:K18) -> 0.79954858 | Y15: 0 | Z15: =+('3'!D7+'3'!D16)/1000 -> 3 | AA15: =SUM(U15:U18)-SUM(W15:W18)-SUM(Z15:Z18)-SUM(Y15:Y18) -> 1.9035016 | AB15: =(SUM(K15:K18)-SUM(W15:W18)-SUM(Y15:Y18)-SUM(Z15:Z18)-SUM(AC15:AC18)-SUM(V15:V18))-AA15 -> -0.043233606 | AC15: =K15-T15 -> 0.91166517 | AD15: =+AM15+BA15 -> 30 | AE15: - Sheet Breaks (6x) | AF15: 30 | AM15: =SUM(AF15:AL15)+AT15+AV15+AX15 -> 30 | AR15: =SUM(AN15:AQ15) -> 0 | BA15: =+AR15+AS15+AU15+AW15+AY15+AZ15 -> 0 | BB15: 6
B16: Toilet | C16: =(M16*E16*O16*Q16)/100000000 -> 17.44875 | D16: VP OW | E16: 12.5 | F16: 1 | G16: 1350 | H16: 0.2 | I16: 0.88 | J16: =E16*G16*(1-H16)*1440/1000000*2.87 -> 55.7928 | K16: =(IF(G16<L16,L16,G16)*(1-IF(H16<N16,H16,N16))*E16*O16*Q16)/100000000 -> 17.44875 | L16: 1350 | M16: =+L16-L16*0.2 -> 1080 | N16: =1-(M16/L16) -> 0.2 | O16: =+'Trim Rwd'!H12 -> 275 | P16: =O16*(Q16-R16-S16) -> 111375 | Q16: 470 | R16: 0 | S16: =29+36 -> 65 | T16: =E16*M16*O16*Q16/100000000 -> 17.44875 | U16: =E16*M16*O16*(Q16-R16-S16)/100000000 -> 15.035625 | V16: =E16*G16*(1-N16)*O16/100*(R16+S16)/1000000 -> 2.413125 | W16: =+'3'!K7/1000 -> 10.464 | Z16: =+'3'!D26/1000 -> 0.7 | AC16: =K16-T16 -> 0 | AD16: =+AM16+BA16 -> 16 | AE16: - Change Blade (15x) | AG16: 16 | AM16: =SUM(AF16:AL16)+AT16+AV16+AX16 -> 16 | AR16: =SUM(AN16:AQ16) -> 0 | BA16: =+AR16+AS16+AU16+AW16+AY16+AZ16 -> 0 | BC16: 15
B17: Toilet | E17: 15 | W17: =+'3'!K8/1000 -> 3.772 | Z17: =+'3'!D8/1000 -> 0.1 | AD17: =+AM17+BA17 -> 29 | AE17: - Change Spool (28x) | AH17: 29 | AM17: =SUM(AF17:AL17)+AT17+AV17+AX17 -> 29 | AR17: =SUM(AN17:AQ17) -> 0 | BA17: =+AR17+AS17+AU17+AW17+AY17+AZ17 -> 0
AD18: =+AM18+BA18 -> 36 | AE18: - Reject : 1292 kg / 7.6% ( penampang kotor kena oli, joint over) | AJ18: 36 | AM18: =SUM(AF18:AL18)+AT18+AV18+AX18 -> 36 | AR18: =SUM(AN18:AQ18) -> 0 | BA18: =+AR18+AS18+AU18+AW18+AY18+AZ18 -> 0
A20: 45934 | B20: Toilet | C20: =(M20*E20*O20*Q20)/100000000 -> 7.949425 | D20: VP OW | E20: 12.5 | F20: 1 | G20: 1350 | H20: 0.2 | I20: 0.88 | J20: =E20*G20*(1-H20)*1440/1000000*2.87 -> 55.7928 | K20: =(IF(G20<L20,L20,G20)*(1-IF(H20<N20,H20,N20))*E20*O20*Q20)/100000000 -> 7.949425 | L20: 1370 | M20: =+L20-L20*0.2 -> 1096 | N20: =1-(M20/L20) -> 0.2 | O20: =+'Trim Rwd'!H15 -> 275 | P20: =O20*(Q20-R20-S20) -> 55275 | Q20: 211 | R20: 0 | S20: 10 | T20: =E20*M20*O20*Q20/100000000 -> 7.949425 | U20: =E20*M20*O20*(Q20-R20-S20)/100000000 -> 7.572675 | V20: =E20*G20*(1-N20)*O20/100*(R20+S20)/1000000 -> 0.37125 | W20: =+'4'!K7/1000 -> 12.008 | X20: =SUM(W20:W23)/SUM(K20:K23) -> 0.88507614 | Y20: 0 | Z20: 0 | AA20: =SUM(U20:U23)-SUM(W20:W23)-SUM(Z20:Z23)-SUM(Y20:Y23) -> 3.8643697 | AB20: =(SUM(K20:K23)-SUM(W20:W23)-SUM(Y20:Y23)-SUM(Z20:Z23)-SUM(AC20:AC23)-SUM(V20:V23))-AA20 -> 0.032395024 | AC20: =K20-T20 -> 0 | AD20: =+AM20+BA20 -> 20 | AE20: - Sheet Breaks (4x) | AF20: 20 | AM20: =SUM(AF20:AL20)+AT20+AV20+AX20 -> 20 | AR20: =SUM(AN20:AQ20) -> 0 | BA20: =+AR20+AS20+AU20+AW20+AY20+AZ20 -> 0 | BB20: 4
B21: Toilet | C21: =(M21*E21*O21*Q21)/100000000 -> 11.16734 | D21: VP OW | E21: 12 | F21: 1 | G21: 1350 | H21: 0.24 | I21: 0.88 | J21: =E21*G21*(1-H21)*1440/1000000*2.87 -> 50.883034 | K21: =(IF(G21<L21,L21,G21)*(1-IF(H21<N21,H21,N21))*E21*O21*Q21)/100000000 -> 11.16734 | L21: 1370 | M21: =+L21-L21*0.22 -> 1068.6 | N21: =1-(M21/L21) -> 0.22 | O21: =+'Trim Rwd'!H16 -> 273 | P21: =O21*(Q21-R21-S21) -> 84357 | Q21: 319 | R21: 0 | S21: 10 | T21: =E21*M21*O21*Q21/100000000 -> 11.16734 | U21: =E21*M21*O21*(Q21-R21-S21)/100000000 -> 10.817267 | V21: =E21*G21*(1-N21)*O21/100*(R21+S21)/1000000 -> 0.3449628 | W21: =+'4'!K10/1000 -> 11.079 | AC21: =K21-T21 -> 0 | AD21: =+AM21+BA21 -> 14 | AE21: - Change Blade (11x) | AG21: 14 | AM21: =SUM(AF21:AL21)+AT21+AV21+AX21 -> 14 | AR21: =SUM(AN21:AQ21) -> 0 | BA21: =+AR21+AS21+AU21+AW21+AY21+AZ21 -> 0 | BC21: 11
B22: Toilet | C22: =(M22*E22*O22*Q22)/100000000 -> 17.718136 | D22: VP OW | E22: 13.5 | F22: 1 | G22: 1350 | H22: 0.24 | I22: 0.88 | J22: =E22*G22*(1-H22)*1440/1000000*2.87 -> 57.243413 | K22: =(IF(G22<L22,L22,G22)*(1-IF(H22<N22,H22,N22))*E22*O22*Q22)/100000000 -> 17.718136 | L22: 1370 | M22: =+L22-L22*0.22 -> 1068.6 | N22: =1-(M22/L22) -> 0.22 | O22: =+'Trim Rwd'!H17 -> 276 | P22: =O22*(Q22-R22-S22) -> 118956 | Q22: 445 | R22: 0 | S22: 14 | T22: =E22*M22*O22*Q22/100000000 -> 17.718136 | U22: =E22*M22*O22*(Q22-R22-S22)/100000000 -> 17.160712 | V22: =E22*G22*(1-N22)*O22/100*(R22+S22)/1000000 -> 0.54928692 | W22: =+'4'!K11/1000 -> 15.672 | AC22: =K22-T22 -> 0 | AD22: =+AM22+BA22 -> 27 | AE22: - Change Spool (29x) | AH22: 27 | AM22: =SUM(AF22:AL22)+AT22+AV22+AX22 -> 27 | AR22: =SUM(AN22:AQ22) -> 0 | BA22: =+AR22+AS22+AU22+AW22+AY22+AZ22 -> 0
B23: Facial | C23: =(M23*E23*O23*Q23)/100000000 -> 16.099528 | D23: VP OW | E23: 12 | F23: 1 | G23: 1350 | H23: 0.24 | I23: 0.88 | J23: =E23*G23*(1-H23)*1440/1000000*2.87 -> 50.883034 | K23: =(IF(G23<L23,L23,G23)*(1-IF(H23<N23,H23,N23))*E23*O23*Q23)/100000000 -> 16.099528 | L23: 1370 | M23: =+L23-L23*0.22 -> 1068.6 | N23: =1-(M23/L23) -> 0.22 | O23: =+'Trim Rwd'!H18 -> 270 | P23: =O23*(Q23-R23-S23) -> 118260 | Q23: 465 | R23: 0 | S23: 27 | T23: =E23*M23*O23*Q23/100000000 -> 16.099528 | U23: =E23*M23*O23*(Q23-R23-S23)/100000000 -> 15.164716 | V23: =E23*G23*(1-N23)*O23/100*(R23+S23)/1000000 -> 0.9211644 | W23: =+'4'!K12/1000 -> 8.092 | AC23: =K23-T23 -> 0
A25: 45935 | B25: Facial | C25: =(M25*E25*O25*Q25)/100000000 -> 48.824383 | D25: VP OW | E25: 12 | F25: 1 | G25: 1350 | H25: 0.24 | I25: 0.88 | J25: =E25*G25*(1-H25)*1440/1000000*2.87 -> 50.883034 | K25: =(IF(G25<L25,L25,G25)*(1-IF(H25<N25,H25,N25))*E25*O25*Q25)/100000000 -> 48.824383 | L25: 1370 | M25: =+L25-L25*0.24 -> 1041.2 | N25: =1-(M25/L25) -> 0.24 | O25: =+'Trim Rwd'!H20 -> 273.26582 | P25: =O25*(Q25-R25-S25) -> 374374.18 | Q25: 1430 | R25: 0 | S25: 60 | T25: =E25*M25*O25*Q25/100000000 -> 48.824383 | U25: =E25*M25*O25*(Q25-R25-S25)/100000000 -> 46.775807 | V25: =E25*G25*(1-N25)*O25/100*(R25+S25)/1000000 -> 2.0186693 | W25: =+'5'!K12/1000 -> 42.722 | X25: =SUM(W25:W28)/SUM(K25:K28) -> 0.86866891 | Y25: 0 | Z25: =+'5'!D34/1000 -> 0.587 | AA25: =SUM(U25:U28)-SUM(W25:W28)-SUM(Z25:Z28)-SUM(Y25:Y28) -> 3.8234182 | AB25: =(SUM(K25:K28)-SUM(W25:W28)-SUM(Y25:Y28)-SUM(Z25:Z28)-SUM(AC25:AC28)-SUM(V25:V28))-AA25 -> 0.029906212 | AC25: =K25-T25 -> 0 | AD25: =+AM25+BA25 -> 15 | AE25: - Sheet Breaks (3x) | AF25: 15 | AM25: =SUM(AF25:AL25)+AT25+AV25+AX25 -> 15 | AR25: =SUM(AN25:AQ25) -> 0 | BA25: =+AR25+AS25+AU25+AW25+AY25+AZ25 -> 0 | BB25: 3
B26: Facial | C26: =(M26*E26*O26*Q26)/100000000 -> 0.356611 | D26: VP OW | E26: 12.5 | F26: 1 | G26: 1350 | H26: 0.24 | I26: 0.88 | J26: =E26*G26*(1-H26)*1440/1000000*2.87 -> 53.00316 | K26: =(IF(G26<L26,L26,G26)*(1-IF(H26<N26,H26,N26))*E26*O26*Q26)/100000000 -> 0.356611 | L26: 1370 | M26: =+L26-L26*0.24 -> 1041.2 | N26: =1-(M26/L26) -> 0.24 | O26: =+'Trim Rwd'!H22 -> 274 | P26: =O26*(Q26-R26-S26) -> 2740 | Q26: 10 | R26: 0 | S26: 0 | T26: =E26*M26*O26*Q26/100000000 -> 0.356611 | U26: =E26*M26*O26*(Q26-R26-S26)/100000000 -> 0.356611 | V26: =E26*G26*(1-N26)*O26/100*(R26+S26)/1000000 -> 0 | W26: =+'5'!K13/1000 -> 0 | AC26: =K26-T26 -> 0 | AD26: =+AM26+BA26 -> 16 | AE26: - Change Blade (13x) | AG26: 16 | AM26: =SUM(AF26:AL26)+AT26+AV26+AX26 -> 16 | AR26: =SUM(AN26:AQ26) -> 0 | BA26: =+AR26+AS26+AU26+AW26+AY26+AZ26 -> 0 | BC26: 13
AD27: =+AM27+BA27 -> 29 | AE27: - Change Spool (27x) | AH27: 29 | AM27: =SUM(AF27:AL27)+AT27+AV27+AX27 -> 29 | AR27: =SUM(AN27:AQ27) -> 0 | BA27: =+AR27+AS27+AU27+AW27+AY27+AZ27 -> 0
A29: 45936 | B29: Facial | C29: =(M29*E29*O29*Q29)/100000000 -> 51.369833 | D29: VP OW | E29: 12.5 | F29: 1 | G29: 1350 | H29: 0.24 | I29: 0.88 | J29: =E29*G29*(1-H29)*1440/1000000*2.87 -> 53.00316 | K29: =(IF(G29<L29,L29,G29)*(1-IF(H29<N29,H29,N29))*E29*O29*Q29)/100000000 -> 51.369833 | L29: 1370 | M29: =+L29-L29*0.24 -> 1041.2 | N29: =1-(M29/L29) -> 0.24 | O29: =+'Trim Rwd'!H24 -> 274.09524 | P29: =O29*(Q29-R29-S29) -> 368658.1 | Q29: 1440 | R29: 0 | S29: 95 | T29: =E29*M29*O29*Q29/100000000 -> 51.369833 | U29: =E29*M29*O29*(Q29-R29-S29)/100000000 -> 47.980851 | V29: =E29*G29*(1-N29)*O29/100*(R29+S29)/1000000 -> 3.3395079 | W29: =+'6'!K34/1000 -> 44.849 | X29: =SUM(W29:W32)/SUM(K29:K32) -> 0.87306104 | Y29: 0 | Z29: 0 | AA29: =SUM(U29:U32)-SUM(W29:W32)-SUM(Z29:Z32)-SUM(Y29:Y32) -> 3.1318511 | AB29: =(SUM(K29:K32)-SUM(W29:W32)-SUM(Y29:Y32)-SUM(Z29:Z32)-SUM(AC29:AC32)-SUM(V29:V32))-AA29 -> 0.04947419 | AC29: =K29-T29 -> 0 | AD29: =+AM29+BA29 -> 40 | AE29: - Sheet Breaks (3x) | AF29: 40 | AM29: =SUM(AF29:AL29)+AT29+AV29+AX29 -> 40 | AR29: =SUM(AN29:AQ29) -> 0 | BA29: =+AR29+AS29+AU29+AW29+AY29+AZ29 -> 0 | BB29: 3
AD30: =+AM30+BA30 -> 23 | AE30: - Change Blade (15x) | AG30: 23 | AM30: =SUM(AF30:AL30)+AT30+AV30+AX30 -> 23 | AR30: =SUM(AN30:AQ30) -> 0 | BA30: =+AR30+AS30+AU30+AW30+AY30+AZ30 -> 0 | BC30: 15
AD31: =+AM31+BA31 -> 32 | AE31: - Change Spool (27x) | AH31: 32 | AM31: =SUM(AF31:AL31)+AT31+AV31+AX31 -> 32 | AR31: =SUM(AN31:AQ31) -> 0 | BA31: =+AR31+AS31+AU31+AW31+AY31+AZ31 -> 0
A33: 45937 | B33: Facial | C33: =(M33*E33*O33*Q33)/100000000 -> 11.411552 | D33: VP OW | E33: 12.5 | F33: 1 | G33: 1350 | H33: 0.24 | I33: 0.88 | J33: =E33*G33*(1-H33)*1440/1000000*2.87 -> 53.00316 | K33: =(IF(G33<L33,L33,G33)*(1-IF(H33<N33,H33,N33))*E33*O33*Q33)/100000000 -> 11.411552 | L33: 1370 | M33: =+L33-L33*0.24 -> 1041.2 | N33: =1-(M33/L33) -> 0.24 | O33: =+'Trim Rwd'!H27 -> 274 | P33: =O33*(Q33-R33-S33) -> 81378 | Q33: 320 | R33: 0 | S33: 23 | T33: =E33*M33*O33*Q33/100000000 -> 11.411552 | U33: =E33*M33*O33*(Q33-R33-S33)/100000000 -> 10.591347 | V33: =E33*G33*(1-N33)*O33/100*(R33+S33)/1000000 -> 0.8082315 | W33: =+'7'!K8/1000 -> 15.393 | X33: =SUM(W33:W36)/SUM(K33:K36) -> 0.87556478 | Y33: 0 | Z33: 0 | AA33: =SUM(U33:U36)-SUM(W33:W36)-SUM(Z33:Z36)-SUM(Y33:Y36) -> 3.3520082 | AB33: =(SUM(K33:K36)-SUM(W33:W36)-SUM(Y33:Y36)-SUM(Z33:Z36)-SUM(AC33:AC36)-SUM(V33:V36))-AA33 -> 0.042551397 | AC33: =K33-T33 -> 0 | AD33: =+AM33+BA33 -> 30 | AE33: - Sheet Breaks (6x) | AF33: 30 | AM33: =SUM(AF33:AL33)+AT33+AV33+AX33 -> 30 | AR33: =SUM(AN33:AQ33) -> 0 | BA33: =+AR33+AS33+AU33+AW33+AY33+AZ33 -> 0 | BB33: 6
B34: Facial | C34: =(M34*E34*O34*Q34)/100000000 -> 21.05738 | D34: VP OW | E34: 12 | F34: 1 | G34: 1350 | H34: 0.24 | I34: 0.88 | J34: =E34*G34*(1-H34)*1440/1000000*2.87 -> 50.883034 | K34: =(IF(G34<L34,L34,G34)*(1-IF(H34<N34,H34,N34))*E34*O34*Q34)/100000000 -> 21.05738 | L34: 1370 | M34: =+L34-L34*0.24 -> 1041.2 | N34: =1-(M34/L34) -> 0.24 | O34: =+'Trim Rwd'!H28 -> 267.51515 | P34: =O34*(Q34-R34-S34) -> 160509.09 | Q34: =40+60+10+520 -> 630 | R34: 0 | S34: 30 | T34: =E34*M34*O34*Q34/100000000 -> 21.05738 | U34: =E34*M34*O34*(Q34-R34-S34)/100000000 -> 20.054648 | V34: =E34*G34*(1-N34)*O34/100*(R34+S34)/1000000 -> 0.98809396 | W34: =+'7'!K12/1000 -> 18.49 | AC34: =K34-T34 -> 0 | AD34: =+AM34+BA34 -> 23 | AE34: - Change Blade (18x) | AG34: 23 | AM34: =SUM(AF34:AL34)+AT34+AV34+AX34 -> 23 | AR34: =SUM(AN34:AQ34) -> 0 | BA34: =+AR34+AS34+AU34+AW34+AY34+AZ34 -> 0 | BC34: 18
B35: Facial | C35: =(M35*E35*O35*Q35)/100000000 -> 12.241597 | D35: VP OW | E35: 13 | F35: 1 | G35: 1350 | H35: 0.24 | I35: 0.88 | J35: =E35*G35*(1-H35)*1440/1000000*2.87 -> 55.123286 | K35: =(IF(G35<L35,L35,G35)*(1-IF(H35<N35,H35,N35))*E35*O35*Q35)/100000000 -> 12.241597 | L35: 1370 | M35: =+L35-L35*0.24 -> 1041.2 | N35: =1-(M35/L35) -> 0.24 | O35: =+'Trim Rwd'!H30 -> 266 | P35: =O35*(Q35-R35-S35) -> 84322 | Q35: =10+330 -> 340 | R35: 0 | S35: 23 | T35: =E35*M35*O35*Q35/100000000 -> 12.241597 | U35: =E35*M35*O35*(Q35-R35-S35)/100000000 -> 11.413489 | V35: =E35*G35*(1-N35)*O35/100*(R35+S35)/1000000 -> 0.81601884 | W35: =+'7'!K9/1000 -> 10.212 | AC35: =K35-T35 -> 0 | AD35: =+AM35+BA35 -> 30 | AE35: - Change Spool (28x) | AH35: 30 | AM35: =SUM(AF35:AL35)+AT35+AV35+AX35 -> 30 | AR35: =SUM(AN35:AQ35) -> 0 | BA35: =+AR35+AS35+AU35+AW35+AY35+AZ35 -> 0
B36: Toilet | C36: =(M36*E36*O36*Q36)/100000000 -> 5.65125 | D36: VP OW | E36: 12.5 | F36: 1 | G36: 1350 | H36: 0.2 | I36: 0.88 | J36: =E36*G36*(1-H36)*1440/1000000*2.87 -> 55.7928 | K36: =(IF(G36<L36,L36,G36)*(1-IF(H36<N36,H36,N36))*E36*O36*Q36)/100000000 -> 5.65125 | L36: 1370 | M36: =+L36-L36*0.2 -> 1096 | N36: =1-(M36/L36) -> 0.2 | O36: =+'Trim Rwd'!H31 -> 275 | P36: =O36*(Q36-R36-S36) -> 39325 | Q36: =30+120 -> 150 | R36: 0 | S36: 7 | T36: =E36*M36*O36*Q36/100000000 -> 5.65125 | U36: =E36*M36*O36*(Q36-R36-S36)/100000000 -> 5.387525 | V36: =E36*G36*(1-N36)*O36/100*(R36+S36)/1000000 -> 0.259875 | W36: =+'7'!K10/1000 -> 0 | AC36: =K36-T36 -> 0
A38: 45938 | B38: Toilet | C38: =(M38*E38*O38*Q38)/100000000 -> 54.887347 | D38: VP OW | E38: 12.5 | F38: 1 | G38: 1350 | H38: 0.2 | I38: 0.88 | J38: =E38*G38*(1-H38)*1440/1000000*2.87 -> 55.7928 | K38: =(IF(G38<L38,L38,G38)*(1-IF(H38<N38,H38,N38))*E38*O38*Q38)/100000000 -> 54.887347 | L38: =+(L34*480+L35*480+L36*480)/1440 -> 1370 | M38: 1109.7 | N38: =1-(M38/L38) -> 0.19 | O38: =+'Trim Rwd'!H33 -> 274.78571 | P38: =O38*(Q38-R38-S38) -> 378105.14 | Q38: 1440 | R38: 0 | S38: 64 | T38: =E38*M38*O38*Q38/100000000 -> 54.887347 | U38: =E38*M38*O38*(Q38-R38-S38)/100000000 -> 52.44791 | V38: =E38*G38*(1-N38)*O38/100*(R38+S38)/1000000 -> 2.4038254 | W38: =+'8'!K34/1000 -> 47.835 | X38: =SUM(W38:W41)/SUM(K38:K41) -> 0.87151233 | Y38: 0 | Z38: 0 | AA38: =SUM(U38:U41)-SUM(W38:W41)-SUM(Z38:Z41)-SUM(Y38:Y41) -> 4.6129096 | AB38: =(SUM(K38:K41)-SUM(W38:W41)-SUM(Y38:Y41)-SUM(Z38:Z41)-SUM(AC38:AC41)-SUM(V38:V41))-AA38 -> 0.035612229 | AC38: =K38-T38 -> 0 | AD38: =+AM38+BA38 -> 20 | AE38: - Sheet Breaks (4x) | AF38: 20 | AM38: =SUM(AF38:AL38)+AT38+AV38+AX38 -> 20 | AR38: =SUM(AN38:AQ38) -> 0 | BA38: =+AR38+AS38+AU38+AW38+AY38+AZ38 -> 0 | BB38: 4
AD39: =+AM39+BA39 -> 17 | AE39: - Change Blade (14x) | AG39: 17 | AM39: =SUM(AF39:AL39)+AT39+AV39+AX39 -> 17 | AR39: =SUM(AN39:AQ39) -> 0 | BA39: =+AR39+AS39+AU39+AW39+AY39+AZ39 -> 0 | BC39: 14
AD40: =+AM40+BA40 -> 27 | AE40: - Change Spool (26x) | AH40: 27 | AM40: =SUM(AF40:AL40)+AT40+AV40+AX40 -> 27 | AR40: =SUM(AN40:AQ40) -> 0 | BA40: =+AR40+AS40+AU40+AW40+AY40+AZ40 -> 0
A42: 45939 | B42: Toilet | C42: =(M42*E42*O42*Q42)/100000000 -> 56.94381 | D42: VP OW | E42: 12.5 | F42: 1 | G42: 1350 | H42: 0.2 | I42: 0.88 | J42: =E42*G42*(1-H42)*1440/1000000*2.87 -> 55.7928 | K42: =(IF(G42<L42,L42,G42)*(1-IF(H42<N42,H42,N42))*E42*O42*Q42)/100000000 -> 56.94381 | L42: 1383.3333 | M42: 1120.5 | N42: =1-(M42/L42) -> 0.19 | O42: =+'Trim Rwd'!H36 -> 282.33333 | P42: =O42*(Q42-R42-S42) -> 385385 | Q42: 1440 | R42: 0 | S42: 75 | T42: =E42*M42*O42*Q42/100000000 -> 56.94381 | U42: =E42*M42*O42*(Q42-R42-S42)/100000000 -> 53.977987 | V42: =E42*G42*(1-N42)*O42/100*(R42+S42)/1000000 -> 2.8943578 | W42: =+'9'!K34/1000 -> 56.943 | X42: =SUM(W42:W45)/SUM(K42:K45) -> 0.99998578 | Y42: 0 | Z42: 0 | AA42: =SUM(U42:U45)-SUM(W42:W45)-SUM(Z42:Z45)-SUM(Y42:Y45) -> -2.9650134 | AB42: =(SUM(K42:K45)-SUM(W42:W45)-SUM(Y42:Y45)-SUM(Z42:Z45)-SUM(AC42:AC45)-SUM(V42:V45))-AA42 -> 0.071465625 | AC42: =K42-T42 -> 0 | AD42: =+AM42+BA42 -> 25 | AE42: - Sheet Breaks (5x) | AF42: 25 | AM42: =SUM(AF42:AL42)+AT42+AV42+AX42 -> 25 | AR42: =SUM(AN42:AQ42) -> 0 | BA42: =+AR42+AS42+AU42+AW42+AY42+AZ42 -> 0 | BB42: 5
AD43: =+AM43+BA43 -> 18 | AE43: - Change Blade (17x) | AG43: 18 | AM43: =SUM(AF43:AL43)+AT43+AV43+AX43 -> 18 | AR43: =SUM(AN43:AQ43) -> 0 | BA43: =+AR43+AS43+AU43+AW43+AY43+AZ43 -> 0 | BC43: 17
AD44: =+AM44+BA44 -> 32 | AE44: - Change Spool (32x) | AH44: 32 | AM44: =SUM(AF44:AL44)+AT44+AV44+AX44 -> 32 | AR44: =SUM(AN44:AQ44) -> 0 | BA44: =+AR44+AS44+AU44+AW44+AY44+AZ44 -> 0
A46: 45940 | B46: Toilet | C46: =(M46*E46*O46*Q46)/100000000 -> 55.765417 | D46: VP OW | E46: 12.5 | F46: 1 | G46: 1350 | H46: 0.2 | I46: 0.88 | J46: =E46*G46*(1-H46)*1440/1000000*2.87 -> 55.7928 | K46: =(IF(G46<L46,L46,G46)*(1-IF(H46<N46,H46,N46))*E46*O46*Q46)/100000000 -> 55.765417 | L46: 1397.5694 | M46: 1118.0556 | N46: =1-(M46/L46) -> 0.2 | O46: =+'Trim Rwd'!H39 -> 277.09524 | P46: =O46*(Q46-R46-S46) -> 383776.9 | Q46: 1440 | R46: 0 | S46: 55 | T46: =E46*M46*O46*Q46/100000000 -> 55.765417 | U46: =E46*M46*O46*(Q46-R46-S46)/100000000 -> 53.635488 | V46: =E46*G46*(1-N46)*O46/100*(R46+S46)/1000000 -> 2.0574321 | W46: =+'10'!K34/1000 -> 40.125 | X46: =SUM(W46:W49)/SUM(K46:K49) -> 0.71953197 | Y46: 0 | Z46: 0 | AA46: =SUM(U46:U49)-SUM(W46:W49)-SUM(Z46:Z49)-SUM(Y46:Y49) -> 13.510488 | AB46: =(SUM(K46:K49)-SUM(W46:W49)-SUM(Y46:Y49)-SUM(Z46:Z49)-SUM(AC46:AC49)-SUM(V46:V49))-AA46 -> 0.072496966 | AC46: =K46-T46 -> 0 | AD46: =+AM46+BA46 -> 10 | AE46: - Sheet Breaks (2x) | AF46: 10 | AM46: =SUM(AF46:AL46)+AT46+AV46+AX46 -> 10 | AR46: =SUM(AN46:AQ46) -> 0 | BA46: =+AR46+AS46+AU46+AW46+AY46+AZ46 -> 0 | BB46: 2
AD47: =+AM47+BA47 -> 15 | AE47: - Change Blade (8x) | AG47: 15 | AM47: =SUM(AF47:AL47)+AT47+AV47+AX47 -> 15 | AR47: =SUM(AN47:AQ47) -> 0 | BA47: =+AR47+AS47+AU47+AW47+AY47+AZ47 -> 0 | BC47: 8
AD48: =+AM48+BA48 -> 30 | AE48: - Change Spool (27x) | AH48: 30 | AM48: =SUM(AF48:AL48)+AT48+AV48+AX48 -> 30 | AR48: =SUM(AN48:AQ48) -> 0 | BA48: =+AR48+AS48+AU48+AW48+AY48+AZ48 -> 0
A50: 45941 | B50: Toilet | C50: =(M50*E50*O50*Q50)/100000000 -> 43.721562 | D50: VP OW | E50: 12.5 | F50: 1 | G50: 1350 | H50: 0.2 | I50: 0.88 | J50: =E50*G50*(1-H50)*1440/1000000*2.87 -> 55.7928 | K50: =(IF(G50<L50,L50,G50)*(1-IF(H50<N50,H50,N50))*E50*O50*Q50)/100000000 -> 44.275 | L50: 1400 | M50: =+L50-L50*0.21 -> 1106 | N50: =1-(M50/L50) -> 0.21 | O50: =+'Trim Rwd'!H42 -> 275 | P50: =O50*(Q50-R50-S50) -> 309100 | Q50: 1150 | R50: 0 | S50: 26 | T50: =E50*M50*O50*Q50/100000000 -> 43.721562 | U50: =E50*M50*O50*(Q50-R50-S50)/100000000 -> 42.733075 | V50: =E50*G50*(1-N50)*O50/100*(R50+S50)/1000000 -> 0.95318437 | W50: =+'11'!K13/1000 -> 50.205 | X50: =SUM(W50:W53)/SUM(K50:K53) -> 0.97475649 | Y50: 0 | Z50: 0 | AA50: =SUM(U50:U53)-SUM(W50:W53)-SUM(Z50:Z53)-SUM(Y50:Y53) -> -0.48605828 | AB50: =(SUM(K50:K53)-SUM(W50:W53)-SUM(Y50:Y53)-SUM(Z50:Z53)-SUM(AC50:AC53)-SUM(V50:V53))-AA50 -> 0.046765597 | AC50: =K50-T50 -> 0.5534375 | AD50: =+AM50+BA50 -> 0 | AE50: - Sheet Breaks (0x) | AF50: 0 | AM50: =SUM(AF50:AL50)+AT50+AV50+AX50 -> 0 | AR50: =SUM(AN50:AQ50) -> 0 | BA50: =+AR50+AS50+AU50+AW50+AY50+AZ50 -> 0 | BB50: 4
B51: Toilet | C51: =(M51*E51*O51*Q51)/100000000 -> 10.670005 | D51: VP OW | E51: 14 | F51: 1 | G51: 1255 | H51: 0.24 | I51: 0.88 | J51: =E51*G51*(1-H51)*1440/1000000*2.87 -> 55.186105 | K51: =(IF(G51<L51,L51,G51)*(1-IF(H51<N51,H51,N51))*E51*O51*Q51)/100000000 -> 10.670005 | L51: 1300 | M51: =+L51-L51*0.24 -> 988 | N51: =1-(M51/L51) -> 0.24 | O51: =+'Trim Rwd'!H43 -> 266 | P51: =O51*(Q51-R51-S51) -> 74746 | Q51: 290 | R51: 0 | S51: 9 | T51: =E51*M51*O51*Q51/100000000 -> 10.670005 | U51: =E51*M51*O51*(Q51-R51-S51)/100000000 -> 10.338867 | V51: =E51*G51*(1-N51)*O51/100*(R51+S51)/1000000 -> 0.31967561 | W51: =+'11'!K14/1000 -> 3.353 | AC51: =K51-T51 -> 0 | AD51: =+AM51+BA51 -> 9 | AE51: - Change Blade (4x) | AG51: 9 | AM51: =SUM(AF51:AL51)+AT51+AV51+AX51 -> 9 | AR51: =SUM(AN51:AQ51) -> 0 | BA51: =+AR51+AS51+AU51+AW51+AY51+AZ51 -> 0 | BC51: 25
AD52: =+AM52+BA52 -> 26 | AE52: - Change Spool (25x) | AH52: 26 | AM52: =SUM(AF52:AL52)+AT52+AV52+AX52 -> 26 | AR52: =SUM(AN52:AQ52) -> 0 | BA52: =+AR52+AS52+AU52+AW52+AY52+AZ52 -> 0
A54: 45942 | B54: Toilet | C54: =(M54*E54*O54*Q54)/100000000 -> 17.660698 | D54: VP OW | E54: 14 | F54: 1 | G54: 1255 | H54: 0.24 | I54: 0.88 | J54: =E54*G54*(1-H54)*1440/1000000*2.87 -> 55.186105 | K54: =(IF(G54<L54,L54,G54)*(1-IF(H54<N54,H54,N54))*E54*O54*Q54)/100000000 -> 17.660698 | L54: 1300 | M54: =+L54-L54*0.24 -> 988 | N54: =1-(M54/L54) -> 0.24 | O54: =+'Trim Rwd'!H45 -> 266 | P54: =O54*(Q54-R54-S54) -> 123690 | Q54: 480 | R54: 0 | S54: 15 | T54: =E54*M54*O54*Q54/100000000 -> 17.660698 | U54: =E54*M54*O54*(Q54-R54-S54)/100000000 -> 17.108801 | V54: =E54*G54*(1-N54)*O54/100*(R54+S54)/1000000 -> 0.53279268 | W54: =+'12'!K14/1000 -> 23.04 | X54: =SUM(W54:W57)/SUM(K54:K57) -> 0.9186246 | Y54: 0 | Z54: 0 | AA54: =SUM(U54:U57)-SUM(W54:W57)-SUM(Z54:Z57)-SUM(Y54:Y57) -> 1.3124288 | AB54: =(SUM(K54:K57)-SUM(W54:W57)-SUM(Y54:Y57)-SUM(Z54:Z57)-SUM(AC54:AC57)-SUM(V54:V57))-AA54 -> 0.06158052 | AC54: =K54-T54 -> 0 | AD54: =+AM54+BA54 -> 15 | AE54: - Sheet Breaks (3x) | AF54: 15 | AM54: =SUM(AF54:AL54)+AT54+AV54+AX54 -> 15 | AR54: =SUM(AN54:AQ54) -> 0 | BA54: =+AR54+AS54+AU54+AW54+AY54+AZ54 -> 0 | BB54: 3
B55: Toilet | C55: =(M55*E55*O55*Q55)/100000000 -> 22.087728 | D55: VP OW | E55: 15 | F55: 1 | G55: 1255 | H55: 0.24 | I55: 0.88 | J55: =E55*G55*(1-H55)*1440/1000000*2.87 -> 59.12797 | K55: =(IF(G55<L55,L55,G55)*(1-IF(H55<N55,H55,N55))*E55*O55*Q55)/100000000 -> 22.087728 | L55: 1300 | M55: =+L55-L55*0.24 -> 988 | N55: =1-(M55/L55) -> 0.24 | O55: =+'Trim Rwd'!H47 -> 276 | P55: =O55*(Q55-R55-S55) -> 140760 | Q55: =480+60 -> 540 | R55: 0 | S55: 30 | T55: =E55*M55*O55*Q55/100000000 -> 22.087728 | U55: =E55*M55*O55*(Q55-R55-S55)/100000000 -> 20.860632 | V55: =E55*G55*(1-N55)*O55/100*(R55+S55)/1000000 -> 1.1846196 | W55: =+'12'!K15/1000 -> 20.471 | AC55: =K55-T55 -> 0 | AD55: =+AM55+BA55 -> 8 | AE55: - Change Blade (2x) | AG55: 8 | AM55: =SUM(AF55:AL55)+AT55+AV55+AX55 -> 8 | AR55: =SUM(AN55:AQ55) -> 0 | BA55: =+AR55+AS55+AU55+AW55+AY55+AZ55 -> 0 | BC55: 2
B56: Toilet | C56: =(M56*E56*O56*Q56)/100000000 -> 15.41736 | D56: VP OW | E56: 12.5 | F56: 1 | G56: 1400 | H56: 0.23 | I56: 0.88 | J56: =E56*G56*(1-H56)*1440/1000000*2.87 -> 55.68948 | K56: =(IF(G56<L56,L56,G56)*(1-IF(H56<N56,H56,N56))*E56*O56*Q56)/100000000 -> 15.62022 | L56: 1400 | M56: =+L56-L56*0.24 -> 1064 | N56: =1-(M56/L56) -> 0.24 | O56: =+'Trim Rwd'!H48 -> 276 | P56: =O56*(Q56-R56-S56) -> 106812 | Q56: 420 | R56: 0 | S56: 33 | T56: =E56*M56*O56*Q56/100000000 -> 15.41736 | U56: =E56*M56*O56*(Q56-R56-S56)/100000000 -> 14.205996 | V56: =E56*G56*(1-N56)*O56/100*(R56+S56)/1000000 -> 1.211364 | W56: =+'12'!K13/1000 -> 7.352 | AC56: =K56-T56 -> 0.20286 | AD56: =+AM56+BA56 -> 30 | AE56: - Change Spool (28x) | AH56: 30 | AM56: =SUM(AF56:AL56)+AT56+AV56+AX56 -> 30 | AR56: =SUM(AN56:AQ56) -> 0 | BA56: =+AR56+AS56+AU56+AW56+AY56+AZ56 -> 0
AD57: =+AM57+BA57 -> 25 | AE57: - 08.20 MED setting doctor blade | AJ57: 25 | AM57: =SUM(AF57:AL57)+AT57+AV57+AX57 -> 25 | AR57: =SUM(AN57:AQ57) -> 0 | BA57: =+AR57+AS57+AU57+AW57+AY57+AZ57 -> 0
A59: 45943 | B59: Toilet | C59: =(M59*E59*O59*Q59)/100000000 -> 30.765657 | D59: VP OW | E59: 12.5 | F59: 1 | G59: 1400 | H59: 0.23 | I59: 0.88 | J59: =E59*G59*(1-H59)*1440/1000000*2.87 -> 55.68948 | K59: =(IF(G59<L59,L59,G59)*(1-IF(H59<N59,H59,N59))*E59*O59*Q59)/100000000 -> 31.170468 | L59: 1400 | M59: =+L59-L59*0.24 -> 1064 | N59: =1-(M59/L59) -> 0.24 | O59: =+'Trim Rwd'!H50 -> 275.38182 | P59: =O59*(Q59-R59-S59) -> 224436.18 | Q59: 840 | R59: 0 | S59: 25 | T59: =E59*M59*O59*Q59/100000000 -> 30.765657 | U59: =E59*M59*O59*(Q59-R59-S59)/100000000 -> 29.850012 | V59: =E59*G59*(1-N59)*O59/100*(R59+S59)/1000000 -> 0.91564455 | W59: =+'13'!K13/1000 -> 34.926 | X59: =SUM(W59:W62)/SUM(K59:K62) -> 0.8829953 | Y59: 0 | Z59: =+'13'!D34/1000 -> 0.66 | AA59: =SUM(U59:U62)-SUM(W59:W62)-SUM(Z59:Z62)-SUM(Y59:Y62) -> 3.2356547 | AB59: =(SUM(K59:K62)-SUM(W59:W62)-SUM(Y59:Y62)-SUM(Z59:Z62)-SUM(AC59:AC62)-SUM(V59:V62))-AA59 -> 0.002547216 | AC59: =K59-T59 -> 0.40481127 | AD59: =+AM59+BA59 -> 5 | AE59: - Sheet Breaks (1x) | AF59: 5 | AM59: =SUM(AF59:AL59)+AT59+AV59+AX59 -> 5 | AR59: =SUM(AN59:AQ59) -> 0 | BA59: =+AR59+AS59+AU59+AW59+AY59+AZ59 -> 0 | BB59: 1
B60: Toilet | C60: =(M60*E60*O60*Q60)/100000000 -> 14.800666 | D60: VP OW | E60: 12 | F60: 1 | G60: 1400 | H60: 0.2 | I60: 0.88 | J60: =E60*G60*(1-H60)*1440/1000000*2.87 -> 55.544832 | K60: =(IF(G60<L60,L60,G60)*(1-IF(H60<N60,H60,N60))*E60*O60*Q60)/100000000 -> 15.579648 | L60: 1400 | M60: =+L60-L60*0.24 -> 1064 | N60: =1-(M60/L60) -> 0.24 | O60: =+'Trim Rwd'!H52 -> 276 | P60: =O60*(Q60-R60-S60) -> 114540 | Q60: 420 | R60: 0 | S60: 5 | T60: =E60*M60*O60*Q60/100000000 -> 14.800666 | U60: =E60*M60*O60*(Q60-R60-S60)/100000000 -> 14.624467 | V60: =E60*G60*(1-N60)*O60/100*(R60+S60)/1000000 -> 0.1761984 | W60: =+'13'!K10/1000 -> 12.202 | AC60: =K60-T60 -> 0.7789824 | AD60: =+AM60+BA60 -> 5 | AE60: - Change Blade (1x) | AG60: 5 | AM60: =SUM(AF60:AL60)+AT60+AV60+AX60 -> 5 | AR60: =SUM(AN60:AQ60) -> 0 | BA60: =+AR60+AS60+AU60+AW60+AY60+AZ60 -> 0 | BC60: 1
B61: Toilet | C61: =(M61*E61*O61*Q61)/100000000 -> 6.6227616 | D61: VP OW | E61: 14 | F61: 1 | G61: 1255 | H61: 0.24 | I61: 0.88 | J61: =E61*G61*(1-H61)*1440/1000000*2.87 -> 55.186105 | K61: =(IF(G61<L61,L61,G61)*(1-IF(H61<N61,H61,N61))*E61*O61*Q61)/100000000 -> 6.6227616 | L61: 1300 | M61: =+L61-L61*0.24 -> 988 | N61: =1-(M61/L61) -> 0.24 | O61: =+'Trim Rwd'!H53 -> 266 | P61: =O61*(Q61-R61-S61) -> 47348 | Q61: 180 | R61: 0 | S61: 2 | T61: =E61*M61*O61*Q61/100000000 -> 6.6227616 | U61: =E61*M61*O61*(Q61-R61-S61)/100000000 -> 6.5491754 | V61: =E61*G61*(1-N61)*O61/100*(R61+S61)/1000000 -> 0.071039024 | W61: =+'13'!K14/1000 -> 0 | AC61: =K61-T61 -> 0 | AD61: =+AM61+BA61 -> 22 | AE61: - Change Spool (30x) | AH61: 22 | AM61: =SUM(AF61:AL61)+AT61+AV61+AX61 -> 22 | AR61: =SUM(AN61:AQ61) -> 0 | BA61: =+AR61+AS61+AU61+AW61+AY61+AZ61 -> 0
A63: 45944 | B63: Toilet | C63: =(M63*E63*O63*Q63)/100000000 -> 18.212594 | D63: VP OW | E63: 14 | F63: 1 | G63: 1255 | H63: 0.24 | I63: 0.88 | J63: =E63*G63*(1-H63)*1440/1000000*2.87 -> 55.186105 | K63: =(IF(G63<L63,L63,G63)*(1-IF(H63<N63,H63,N63))*E63*O63*Q63)/100000000 -> 18.212594 | L63: 1300 | M63: =+L63-L63*0.24 -> 988 | N63: =1-(M63/L63) -> 0.24 | O63: =+'Trim Rwd'!H55 -> 266 | P63: =O63*(Q63-R63-S63) -> 129542 | Q63: 495 | R63: 0 | S63: 8 | T63: =E63*M63*O63*Q63/100000000 -> 18.212594 | U63: =E63*M63*O63*(Q63-R63-S63)/100000000 -> 17.918249 | V63: =E63*G63*(1-N63)*O63/100*(R63+S63)/1000000 -> 0.2841561 | W63: =+'14'!K14/1000 -> 27.901 | X63: =SUM(W63:W66)/SUM(K63:K66) -> 0.78521739 | Y63: 0 | Z63: =+'14'!D34/1000 -> 1.22 | AA63: =SUM(U63:U66)-SUM(W63:W66)-SUM(Z63:Z66)-SUM(Y63:Y66) -> 9.6652324 | AB63: =(SUM(K63:K66)-SUM(W63:W66)-SUM(Y63:Y66)-SUM(Z63:Z66)-SUM(AC63:AC66)-SUM(V63:V66))-AA63 -> 0.023063997 | AC63: =K63-T63 -> 0 | AD63: =+AM63+BA63 -> 0 | AE63: - Sheet Breaks (0x) | AF63: 0 | AM63: =SUM(AF63:AL63)+AT63+AV63+AX63 -> 0 | AR63: =SUM(AN63:AQ63) -> 0 | BA63: =+AR63+AS63+AU63+AW63+AY63+AZ63 -> 0 | BB63: 0
B64: Toilet | C64: =(M64*E64*O64*Q64)/100000000 -> 35.591614 | D64: VP OW | E64: 15 | F64: 1 | G64: 1160 | H64: =+N64 -> 0.23 | I64: 0.88 | J64: =E64*G64*(1-H64)*1440/1000000*2.87 -> 55.371254 | K64: =(IF(G64<L64,L64,G64)*(1-IF(H64<N64,H64,N64))*E64*O64*Q64)/100000000 -> 35.591614 | L64: 1201.0582 | M64: 924.81481 | N64: =1-(M64/L64) -> 0.23 | O64: =+'Trim Rwd'!H56 -> 271.5 | P64: =O64*(Q64-R64-S64) -> 253852.5 | Q64: 945 | R64: 0 | S64: 10 | T64: =E64*M64*O64*Q64/100000000 -> 35.591614 | U64: =E64*M64*O64*(Q64-R64-S64)/100000000 -> 35.214983 | V64: =E64*G64*(1-N64)*O64/100*(R64+S64)/1000000 -> 0.3637557 | W64: =+'14'!K15/1000 -> 13.813 | AC64: =K64-T64 -> 0 | AD64: =+AM64+BA64 -> 0 | AE64: - Change Blade (0x) | AG64: 0 | AM64: =SUM(AF64:AL64)+AT64+AV64+AX64 -> 0 | AR64: =SUM(AN64:AQ64) -> 0 | BA64: =+AR64+AS64+AU64+AW64+AY64+AZ64 -> 0 | BC64: 0
B65: Toilet | E65: 12.5 | W65: =+'14'!K13/1000 -> 0.534 | AD65: =+AM65+BA65 -> 18 | AE65: - Change Spool (28x) | AH65: 18 | AM65: =SUM(AF65:AL65)+AT65+AV65+AX65 -> 18 | AR65: =SUM(AN65:AQ65) -> 0 | BA65: =+AR65+AS65+AU65+AW65+AY65+AZ65 -> 0
A67: 45945 | B67: Toilet | C67: =(M67*E67*O67*Q67)/100000000 -> 14.618483 | D67: VP OW | E67: 15 | F67: 1 | G67: 1140 | H67: =+N67 -> 0.22 | I67: 0.88 | J67: =E67*G67*(1-H67)*1440/1000000*2.87 -> 55.123286 | K67: =(IF(G67<L67,L67,G67)*(1-IF(H67<N67,H67,N67))*E67*O67*Q67)/100000000 -> 14.618483 | L67: 1180 | M67: =+L67-L67*0.22 -> 920.4 | N67: =1-(M67/L67) -> 0.22 | O67: =+'Trim Rwd'!H59 -> 271.5 | P67: =O67*(Q67-R67-S67) -> 104527.5 | Q67: 390 | R67: 0 | S67: 5 | T67: =E67*M67*O67*Q67/100000000 -> 14.618483 | U67: =E67*M67*O67*(Q67-R67-S67)/100000000 -> 14.431067 | V67: =E67*G67*(1-N67)*O67/100*(R67+S67)/1000000 -> 0.18106335 | W67: =+'15'!K15/1000 -> 20.726 | X67: =SUM(W67:W70)/SUM(K67:K70) -> 0.87302044 | Y67: 0 | Z67: =+'15'!D7/1000 -> 1.83 | AA67: =SUM(U67:U70)-SUM(W67:W70)-SUM(Z67:Z70)-SUM(Y67:Y70) -> 4.1042124 | AB67: =(SUM(K67:K70)-SUM(W67:W70)-SUM(Y67:Y70)-SUM(Z67:Z70)-SUM(AC67:AC70)-SUM(V67:V70))-AA67 -> 0.028539568 | AC67: =K67-T67 -> 0 | AD67: =+AM67+BA67 -> 0 | AE67: - Sheet Breaks (0x) | AF67: 0 | AM67: =SUM(AF67:AL67)+AT67+AV67+AX67 -> 0 | AR67: =SUM(AN67:AQ67) -> 0 | BA67: =+AR67+AS67+AU67+AW67+AY67+AZ67 -> 0 | BB67: 0
B68: Toilet | C68: =(M68*E68*O68*Q68)/100000000 -> 32.596079 | D68: VP OW | E68: 14 | F68: 1 | G68: 1240 | H68: =+N68 -> 0.23 | I68: 0.88 | J68: =E68*G68*(1-H68)*1440/1000000*2.87 -> 55.243964 | K68: =(IF(G68<L68,L68,G68)*(1-IF(H68<N68,H68,N68))*E68*O68*Q68)/100000000 -> 32.596079 | L68: 1291.7614 | M68: 994.65625 | N68: =1-(M68/L68) -> 0.23 | O68: =+'Trim Rwd'!H60 -> 266 | P68: =O68*(Q68-R68-S68) -> 231420 | Q68: 880 | R68: 0 | S68: 10 | T68: =E68*M68*O68*Q68/100000000 -> 32.596079 | U68: =E68*M68*O68*(Q68-R68-S68)/100000000 -> 32.225669 | V68: =E68*G68*(1-N68)*O68/100*(R68+S68)/1000000 -> 0.35556752 | W68: =+'15'!K14/1000 -> 26.379 | Z68: =+'15'!D17/1000 -> 0.28 | AC68: =K68-T68 -> 0 | AD68: =+AM68+BA68 -> 0 | AE68: - Change Blade (0x) | AG68: 0 | AM68: =SUM(AF68:AL68)+AT68+AV68+AX68 -> 0 | AR68: =SUM(AN68:AQ68) -> 0 | BA68: =+AR68+AS68+AU68+AW68+AY68+AZ68 -> 0 | BC68: 0
B69: Toilet | C69: =(M69*E69*O69*Q69)/100000000 -> 6.741792 | D69: VP OW | E69: 17 | F69: 1 | G69: 980 | H69: =+N69 -> 0.2 | I69: 0.88 | J69: =E69*G69*(1-H69)*1440/1000000*2.87 -> 55.081958 | K69: =(IF(G69<L69,L69,G69)*(1-IF(H69<N69,H69,N69))*E69*O69*Q69)/100000000 -> 6.741792 | L69: 1080 | M69: =+L69-L69*0.2 -> 864 | N69: =1-(M69/L69) -> 0.2 | O69: =+'Trim Rwd'!H61 -> 270 | P69: =O69*(Q69-R69-S69) -> 45360 | Q69: 170 | R69: 0 | S69: 2 | T69: =E69*M69*O69*Q69/100000000 -> 6.741792 | U69: =E69*M69*O69*(Q69-R69-S69)/100000000 -> 6.6624768 | V69: =E69*G69*(1-N69)*O69/100*(R69+S69)/1000000 -> 0.0719712 | W69: =+'15'!K16/1000 -> 0 | AC69: =K69-T69 -> 0 | AD69: =+AM69+BA69 -> 17 | AE69: - Change Spool (23x) | AH69: 17 | AM69: =SUM(AF69:AL69)+AT69+AV69+AX69 -> 17 | AR69: =SUM(AN69:AQ69) -> 0 | BA69: =+AR69+AS69+AU69+AW69+AY69+AZ69 -> 0
A71: 45946 | B71: Toilet | C71: =(M71*E71*O71*Q71)/100000000 -> 19.233936 | D71: VP OW | E71: 17 | F71: 1 | G71: 980 | H71: =+N71 -> 0.2 | I71: 0.88 | J71: =E71*G71*(1-H71)*1440/1000000*2.87 -> 55.081958 | K71: =(IF(G71<L71,L71,G71)*(1-IF(H71<N71,H71,N71))*E71*O71*Q71)/100000000 -> 19.233936 | L71: 1080 | M71: =+L71-L71*0.2 -> 864 | N71: =1-(M71/L71) -> 0.2 | O71: =+'Trim Rwd'!H63 -> 270 | P71: =O71*(Q71-R71-S71) -> 119340 | Q71: 485 | R71: 0 | S71: 43 | T71: =E71*M71*O71*Q71/100000000 -> 19.233936 | U71: =E71*M71*O71*(Q71-R71-S71)/100000000 -> 17.528659 | V71: =E71*G71*(1-N71)*O71/100*(R71+S71)/1000000 -> 1.5473808 | W71: =+'16'!K16/1000 -> 22.278 | X71: =SUM(W71:W74)/SUM(K71:K74) -> 0.95223505 | Y71: 0 | Z71: =+'16'!D16/1000 -> 0.284 | AA71: =SUM(U71:U74)-SUM(W71:W74)-SUM(Z71:Z74)-SUM(Y71:Y74) -> -3.8187491 | AB71: =(SUM(K71:K74)-SUM(W71:W74)-SUM(Y71:Y74)-SUM(Z71:Z74)-SUM(AC71:AC74)-SUM(V71:V74))-AA71 -> 0.16877026 | AC71: =K71-T71 -> 0 | AD71: =+AM71+BA71 -> 45 | AE71: - Sheet Breaks (9x) | AF71: 45 | AM71: =SUM(AF71:AL71)+AT71+AV71+AX71 -> 45 | AR71: =SUM(AN71:AQ71) -> 0 | BA71: =+AR71+AS71+AU71+AW71+AY71+AZ71 -> 0 | BB71: 9
B72: Facial | C72: =(M72*E72*O72*Q72)/100000000 -> 35.283066 | D72: VP OW | E72: 13 | F72: 1 | G72: 1350 | H72: =+N72 -> 0.25 | I72: 0.88 | J72: =E72*G72*(1-H72)*1440/1000000*2.87 -> 54.39798 | K72: =(IF(G72<L72,L72,G72)*(1-IF(H72<N72,H72,N72))*E72*O72*Q72)/100000000 -> 35.283066 | L72: 1353.3194 | M72: 1014.9895 | N72: =1-(M72/L72) -> 0.25 | O72: =+'Trim Rwd'!H64 -> 280 | P72: =O72*(Q72-R72-S72) -> 233800 | Q72: 955 | R72: 0 | S72: 120 | T72: =E72*M72*O72*Q72/100000000 -> 35.283066 | U72: =E72*M72*O72*(Q72-R72-S72)/100000000 -> 30.849592 | V72: =E72*G72*(1-N72)*O72/100*(R72+S72)/1000000 -> 4.4226 | W72: =+'16'!K9/1000 -> 21.424 | Z72: 0 | AC72: =K72-T72 -> 0 | AD72: =+AM72+BA72 -> 5 | AE72: - Change Blade (1x) | AG72: 5 | AM72: =SUM(AF72:AL72)+AT72+AV72+AX72 -> 5 | AR72: =SUM(AN72:AQ72) -> 0 | BA72: =+AR72+AS72+AU72+AW72+AY72+AZ72 -> 0 | BC72: 1
B73: Toilet | E73: 14 | W73: =+'16'!K14/1000 -> 8.211 | AD73: =+AM73+BA73 -> 23 | AE73: - Change Spool (22x) | AH73: 23 | AM73: =SUM(AF73:AL73)+AT73+AV73+AX73 -> 23 | AR73: =SUM(AN73:AQ73) -> 0 | BA73: =+AR73+AS73+AU73+AW73+AY73+AZ73 -> 0
AD74: =+AM74+BA74 -> 40 | AE74: - 10.25 - 11.04 Cek alignment popereel (MED) | AJ74: 40 | AM74: =SUM(AF74:AL74)+AT74+AV74+AX74 -> 40 | AR74: =SUM(AN74:AQ74) -> 0 | BA74: =+AR74+AS74+AU74+AW74+AY74+AZ74 -> 0
AD75: =+AM75+BA75 -> 50 | AE75: - Kertas brosot fan pump manual, cleaning uhle box, ganti blade | AK75: 50 | AM75: =SUM(AF75:AL75)+AT75+AV75+AX75 -> 50 | AR75: =SUM(AN75:AQ75) -> 0 | BA75: =+AR75+AS75+AU75+AW75+AY75+AZ75 -> 0
A77: 45947 | B77: Facial | C77: =(M77*E77*O77*Q77)/100000000 -> 37.5921 | D77: VP OW | E77: 13 | F77: 1 | G77: 1350 | H77: =+N77 -> 0.25 | I77: 0.88 | J77: =E77*G77*(1-H77)*1440/1000000*2.87 -> 54.39798 | K77: =(IF(G77<L77,L77,G77)*(1-IF(H77<N77,H77,N77))*E77*O77*Q77)/100000000 -> 37.5921 | L77: 1350 | M77: 1012.5 | N77: =1-(M77/L77) -> 0.25 | O77: =+'Trim Rwd'!H67 -> 280 | P77: =O77*(Q77-R77-S77) -> 274400 | Q77: =960+60 -> 1020 | R77: 0 | S77: 40 | T77: =E77*M77*O77*Q77/100000000 -> 37.5921 | U77: =E77*M77*O77*(Q77-R77-S77)/100000000 -> 36.1179 | V77: =E77*G77*(1-N77)*O77/100*(R77+S77)/1000000 -> 1.4742 | W77: =+'17'!K9/1000 -> 39.992 | X77: =SUM(W77:W80)/SUM(K77:K80) -> 0.89401389 | Y77: 0 | Z77: =+'16'!D22/1000 -> 0 | AA77: =SUM(U77:U80)-SUM(W77:W80)-SUM(Z77:Z80)-SUM(Y77:Y80) -> 3.83354 | AB77: =(SUM(K77:K80)-SUM(W77:W80)-SUM(Y77:Y80)-SUM(Z77:Z80)-SUM(AC77:AC80)-SUM(V77:V80))-AA77 -> 4.4408921e-15 | AC77: =K77-T77 -> 0 | AD77: =+AM77+BA77 -> 15 | AE77: - Sheet Breaks (3x) | AF77: 15 | AM77: =SUM(AF77:AL77)+AT77+AV77+AX77 -> 15 | AR77: =SUM(AN77:AQ77) -> 0 | BA77: =+AR77+AS77+AU77+AW77+AY77+AZ77 -> 0 | BB77: 3
B78: Facial | C78: =(M78*E78*O78*Q78)/100000000 -> 14.8176 | D78: VP OW | E78: 12 | F78: 1 | G78: 1400 | H78: =+N78 -> 0.25 | I78: 0.88 | J78: =E78*G78*(1-H78)*1440/1000000*2.87 -> 52.07328 | K78: =(IF(G78<L78,L78,G78)*(1-IF(H78<N78,H78,N78))*E78*O78*Q78)/100000000 -> 14.8176 | L78: 1400 | M78: 1050 | N78: =1-(M78/L78) -> 0.25 | O78: =+'Trim Rwd'!H68 -> 280 | P78: =O78*(Q78-R78-S78) -> 115640 | Q78: 420 | R78: 0 | S78: 7 | T78: =E78*M78*O78*Q78/100000000 -> 14.8176 | U78: =E78*M78*O78*(Q78-R78-S78)/100000000 -> 14.57064 | V78: =E78*G78*(1-N78)*O78/100*(R78+S78)/1000000 -> 0.24696 | W78: =+'17'!K12/1000 -> 6.863 | AC78: =K78-T78 -> 0 | AD78: =+AM78+BA78 -> 0 | AE78: - Change Blade (0x) | AG78: 0 | AM78: =SUM(AF78:AL78)+AT78+AV78+AX78 -> 0 | AR78: =SUM(AN78:AQ78) -> 0 | BA78: =+AR78+AS78+AU78+AW78+AY78+AZ78 -> 0 | BC78: 0
AD79: =+AM79+BA79 -> 32 | AE79: - Change Spool (27x) | AH79: 32 | AM79: =SUM(AF79:AL79)+AT79+AV79+AX79 -> 32 | AR79: =SUM(AN79:AQ79) -> 0 | BA79: =+AR79+AS79+AU79+AW79+AY79+AZ79 -> 0
A81: 45948 | B81: Facial | C81: =(M81*E81*O81*Q81)/100000000 -> 50.8032 | D81: VP OW | E81: 12 | F81: 1 | G81: 1400 | H81: =+N81 -> 0.25 | I81: 0.88 | J81: =E81*G81*(1-H81)*1440/1000000*2.87 -> 52.07328 | K81: =(IF(G81<L81,L81,G81)*(1-IF(H81<N81,H81,N81))*E81*O81*Q81)/100000000 -> 50.8032 | L81: 1400 | M81: 1050 | N81: =1-(M81/L81) -> 0.25 | O81: =+'Trim Rwd'!H70 -> 280 | P81: =O81*(Q81-R81-S81) -> 384440 | Q81: 1440 | R81: 0 | S81: =35+4+28 -> 67 | T81: =E81*M81*O81*Q81/100000000 -> 50.8032 | U81: =E81*M81*O81*(Q81-R81-S81)/100000000 -> 48.43944 | V81: =E81*G81*(1-N81)*O81/100*(R81+S81)/1000000 -> 2.36376 | W81: =+'18'!K34/1000 -> 44.657 | X81: =SUM(W81:W84)/SUM(K81:K84) -> 0.87901943 | Y81: 0 | Z81: =+'18'!D34/1000 -> 0.25 | AA81: =SUM(U81:U84)-SUM(W81:W84)-SUM(Z81:Z84)-SUM(Y81:Y84) -> 3.53244 | AB81: =(SUM(K81:K84)-SUM(W81:W84)-SUM(Y81:Y84)-SUM(Z81:Z84)-SUM(AC81:AC84)-SUM(V81:V84))-AA81 -> 0 | AC81: =K81-T81 -> 0 | AD81: =+AM81+BA81 -> 35 | AE81: - Sheet Breaks (7x) | AF81: 35 | AM81: =SUM(AF81:AL81)+AT81+AV81+AX81 -> 35 | AR81: =SUM(AN81:AQ81) -> 0 | BA81: =+AR81+AS81+AU81+AW81+AY81+AZ81 -> 0 | BB81: 7
AD82: =+AM82+BA82 -> 4 | AE82: - Change Blade (1x) | AG82: 4 | AM82: =SUM(AF82:AL82)+AT82+AV82+AX82 -> 4 | AR82: =SUM(AN82:AQ82) -> 0 | BA82: =+AR82+AS82+AU82+AW82+AY82+AZ82 -> 0 | BC82: 1
AD83: =+AM83+BA83 -> 28 | AE83: - Change Spool (25x) | AH83: 28 | AM83: =SUM(AF83:AL83)+AT83+AV83+AX83 -> 28 | AR83: =SUM(AN83:AQ83) -> 0 | BA83: =+AR83+AS83+AU83+AW83+AY83+AZ83 -> 0
A85: 45949 | B85: Facial | C85: =(M85*E85*O85*Q85)/100000000 -> 50.71752 | D85: VP OW | E85: 12 | F85: 1 | G85: 1400 | H85: =+N85 -> 0.25 | I85: 0.88 | J85: =E85*G85*(1-H85)*1440/1000000*2.87 -> 52.07328 | K85: =(IF(G85<L85,L85,G85)*(1-IF(H85<N85,H85,N85))*E85*O85*Q85)/100000000 -> 50.8032 | L85: 1397.6389 | M85: 1048.2292 | N85: =1-(M85/L85) -> 0.25 | O85: =+'Trim Rwd'!H73 -> 280 | P85: =O85*(Q85-R85-S85) -> 386400 | Q85: 1440 | R85: 0 | S85: 60 | T85: =E85*M85*O85*Q85/100000000 -> 50.71752 | U85: =E85*M85*O85*(Q85-R85-S85)/100000000 -> 48.60429 | V85: =E85*G85*(1-N85)*O85/100*(R85+S85)/1000000 -> 2.1168 | W85: =+'19'!K34/1000 -> 46.784 | X85: =SUM(W85:W88)/SUM(K85:K88) -> 0.92088687 | Y85: 0 | Z85: 0 | AA85: =SUM(U85:U88)-SUM(W85:W88)-SUM(Z85:Z88)-SUM(Y85:Y88) -> 1.82029 | AB85: =(SUM(K85:K88)-SUM(W85:W88)-SUM(Y85:Y88)-SUM(Z85:Z88)-SUM(AC85:AC88)-SUM(V85:V88))-AA85 -> -0.00357 | AC85: =K85-T85 -> 0.08568 | AD85: =+AM85+BA85 -> 35 | AE85: - Sheet Breaks (7x) | AF85: 35 | AM85: =SUM(AF85:AL85)+AT85+AV85+AX85 -> 35 | AR85: =SUM(AN85:AQ85) -> 0 | BA85: =+AR85+AS85+AU85+AW85+AY85+AZ85 -> 0 | BB85: 7
AD86: =+AM86+BA86 -> 0 | AE86: - Change Blade (0x) | AG86: 0 | AM86: =SUM(AF86:AL86)+AT86+AV86+AX86 -> 0 | AR86: =SUM(AN86:AQ86) -> 0 | BA86: =+AR86+AS86+AU86+AW86+AY86+AZ86 -> 0 | BC86: 0
AD87: =+AM87+BA87 -> 25 | AE87: - Change Spool (27x) | AH87: 25 | AM87: =SUM(AF87:AL87)+AT87+AV87+AX87 -> 25 | AR87: =SUM(AN87:AQ87) -> 0 | BA87: =+AR87+AS87+AU87+AW87+AY87+AZ87 -> 0
A89: 45950 | B89: Facial | C89: =(M89*E89*O89*Q89)/100000000 -> 49.7952 | D89: VP OW | E89: 12 | F89: 1 | G89: 1400 | H89: =+N89 -> 0.25 | I89: 0.88 | J89: =E89*G89*(1-H89)*1440/1000000*2.87 -> 52.07328 | K89: =(IF(G89<L89,L89,G89)*(1-IF(H89<N89,H89,N89))*E89*O89*Q89)/100000000 -> 49.7952 | L89: 1400 | M89: 1050 | N89: =1-(M89/L89) -> 0.25 | O89: =+'Trim Rwd'!H76 -> 274.44444 | P89: =O89*(Q89-R89-S89) -> 386417.78 | Q89: 1440 | R89: 0 | S89: 32 | T89: =E89*M89*O89*Q89/100000000 -> 49.7952 | U89: =E89*M89*O89*(Q89-R89-S89)/100000000 -> 48.68864 | V89: =E89*G89*(1-N89)*O89/100*(R89+S89)/1000000 -> 1.10656 | W89: =+'20'!K34/1000 -> 50.112 | X89: =SUM(W89:W92)/SUM(K89:K92) -> 1.0063621 | Y89: 0 | Z89: 0 | AA89: =SUM(U89:U92)-SUM(W89:W92)-SUM(Z89:Z92)-SUM(Y89:Y92) -> -1.42336 | AB89: =(SUM(K89:K92)-SUM(W89:W92)-SUM(Y89:Y92)-SUM(Z89:Z92)-SUM(AC89:AC92)-SUM(V89:V92))-AA89 -> 1.7763568e-15 | AC89: =K89-T89 -> 0 | AD89: =+AM89+BA89 -> 5 | AE89: - Sheet Breaks (1x) | AF89: 5 | AM89: =SUM(AF89:AL89)+AT89+AV89+AX89 -> 5 | AR89: =SUM(AN89:AQ89) -> 0 | BA89: =+AR89+AS89+AU89+AW89+AY89+AZ89 -> 0 | BB89: 1
AD90: =+AM90+BA90 -> 0 | AE90: - Change Blade (0x) | AG90: 0 | AM90: =SUM(AF90:AL90)+AT90+AV90+AX90 -> 0 | AR90: =SUM(AN90:AQ90) -> 0 | BA90: =+AR90+AS90+AU90+AW90+AY90+AZ90 -> 0 | BC90: 0
AD91: =+AM91+BA91 -> 27 | AE91: - Change Spool (31x) | AH91: 27 | AM91: =SUM(AF91:AL91)+AT91+AV91+AX91 -> 27 | AR91: =SUM(AN91:AQ91) -> 0 | BA91: =+AR91+AS91+AU91+AW91+AY91+AZ91 -> 0
A93: 45951 | B93: Facial | C93: =(M93*E93*O93*Q93)/100000000 -> 26.125174 | D93: VP OW | E93: 12 | F93: 1 | G93: 1400 | H93: =+N93 -> 0.24 | I93: 0.88 | J93: =E93*G93*(1-H93)*1440/1000000*2.87 -> 52.76759 | K93: =(IF(G93<L93,L93,G93)*(1-IF(H93<N93,H93,N93))*E93*O93*Q93)/100000000 -> 26.125174 | L93: 1400 | M93: 1064 | N93: =1-(M93/L93) -> 0.24 | O93: =+'Trim Rwd'!H79 -> 276.50602 | P93: =O93*(Q93-R93-S93) -> 198254.82 | Q93: 740 | R93: 0 | S93: 23 | T93: =E93*M93*O93*Q93/100000000 -> 26.125174 | U93: =E93*M93*O93*(Q93-R93-S93)/100000000 -> 25.313175 | V93: =E93*G93*(1-N93)*O93/100*(R93+S93)/1000000 -> 0.81199865 | W93: =+'21'!K12/1000 -> 28.648 | X93: =SUM(W93:W96)/SUM(K93:K96) -> 0.81316847 | Y93: 0 | Z93: =+'21'!D16/1000 -> 0.502 | AA93: =SUM(U93:U96)-SUM(W93:W96)-SUM(Z93:Z96)-SUM(Y93:Y96) -> 5.5955857 | AB93: =(SUM(K93:K96)-SUM(W93:W96)-SUM(Y93:Y96)-SUM(Z93:Z96)-SUM(AC93:AC96)-SUM(V93:V96))-AA93 -> -0.042727334 | AC93: =K93-T93 -> 0 | AD93: =+AM93+BA93 -> 20 | AE93: - Sheet Breaks (4x) | AF93: 20 | AM93: =SUM(AF93:AL93)+AT93+AV93+AX93 -> 20 | AR93: =SUM(AN93:AQ93) -> 0 | BA93: =+AR93+AS93+AU93+AW93+AY93+AZ93 -> 0 | BB93: 4
B94: Toilet | C94: =(M94*E94*O94*Q94)/100000000 -> 24.627603 | D94: VP OW | E94: 12.5 | F94: 1 | G94: 1390 | H94: =+N94 -> 0.23316598 | I94: 0.88 | J94: =E94*G94*(1-H94)*1440/1000000*2.87 -> 55.064357 | K94: =(IF(G94<L94,L94,G94)*(1-IF(H94<N94,H94,N94))*E94*O94*Q94)/100000000 -> 25.928 | L94: 1320.2857 | M94: 1012.44 | N94: =1-(M94/L94) -> 0.23316598 | O94: =+'Trim Rwd'!H81 -> 278 | P94: =O94*(Q94-R94-S94) -> 188206 | Q94: 700 | R94: 0 | S94: 23 | T94: =E94*M94*O94*Q94/100000000 -> 24.627603 | U94: =E94*M94*O94*(Q94-R94-S94)/100000000 -> 23.81841 | V94: =E94*G94*(1-N94)*O94/100*(R94+S94)/1000000 -> 0.85192 | W94: =+'21'!K13/1000 -> 13.68 | Z94: =+'21'!D25/1000 -> 0.706 | AC94: =K94-T94 -> 1.3003971 | AD94: =+AM94+BA94 -> 1 | AE94: - Change Blade (1x) | AG94: 1 | AM94: =SUM(AF94:AL94)+AT94+AV94+AX94 -> 1 | AR94: =SUM(AN94:AQ94) -> 0 | BA94: =+AR94+AS94+AU94+AW94+AY94+AZ94 -> 0 | BC94: 1
AD95: =+AM95+BA95 -> 25 | AE95: - Change Spool (27x) | AH95: 25 | AM95: =SUM(AF95:AL95)+AT95+AV95+AX95 -> 25 | AR95: =SUM(AN95:AQ95) -> 0 | BA95: =+AR95+AS95+AU95+AW95+AY95+AZ95 -> 0
A97: 45952 | B97: Toilet | C97: =(M97*E97*O97*Q97)/100000000 -> 15.140853 | D97: VP OW | E97: 12.5 | F97: 1 | G97: 1365 | H97: =+N97 -> 0.22 | I97: 0.88 | J97: =E97*G97*(1-H97)*1440/1000000*2.87 -> 55.002402 | K97: =(IF(G97<L97,L97,G97)*(1-IF(H97<N97,H97,N97))*E97*O97*Q97)/100000000 -> 15.539297 | L97: 1330 | M97: 1037.4 | N97: =1-(M97/L97) -> 0.22 | O97: =+'Trim Rwd'!H83 -> 278 | P97: =O97*(Q97-R97-S97) -> 115370 | Q97: 420 | R97: 0 | S97: 5 | T97: =E97*M97*O97*Q97/100000000 -> 15.140853 | U97: =E97*M97*O97*(Q97-R97-S97)/100000000 -> 14.960605 | V97: =E97*G97*(1-N97)*O97/100*(R97+S97)/1000000 -> 0.18499162 | W97: =+'22'!K7/1000 -> 22.746 | X97: =SUM(W97:W100)/SUM(K97:K100) -> 0.95092448 | Y97: 0 | Z97: =+'21'!D20/1000 -> 0 | AA97: =SUM(U97:U100)-SUM(W97:W100)-SUM(Z97:Z100)-SUM(Y97:Y100) -> 1.3762342 | AB97: =(SUM(K97:K100)-SUM(W97:W100)-SUM(Y97:Y100)-SUM(Z97:Z100)-SUM(AC97:AC100)-SUM(V97:V100))-AA97 -> 0.04257687 | AC97: =K97-T97 -> 0.3984435 | AD97: =+AM97+BA97 -> 0 | AE97: - Sheet Breaks (0x) | AF97: 0 | AM97: =SUM(AF97:AL97)+AT97+AV97+AX97 -> 0 | AR97: =SUM(AN97:AQ97) -> 0 | BA97: =+AR97+AS97+AU97+AW97+AY97+AZ97 -> 0 | BB97: 0
B98: Toilet | C98: =(M98*E98*O98*Q98)/100000000 -> 29.420381 | D98: VP OW | E98: 14.5 | F98: 1 | G98: 1220 | H98: =+N98 -> 0.24 | I98: 0.88 | J98: =E98*G98*(1-H98)*1440/1000000*2.87 -> 55.563016 | K98: =(IF(G98<L98,L98,G98)*(1-IF(H98<N98,H98,N98))*E98*O98*Q98)/100000000 -> 29.420381 | L98: 1302.4324 | M98: 989.84865 | N98: =1-(M98/L98) -> 0.24 | O98: =+'Trim Rwd'!H84 -> 277 | P98: =O98*(Q98-R98-S98) -> 200825 | Q98: 740 | R98: 0 | S98: 15 | T98: =E98*M98*O98*Q98/100000000 -> 29.420381 | U98: =E98*M98*O98*(Q98-R98-S98)/100000000 -> 28.824021 | V98: =E98*G98*(1-N98)*O98/100*(R98+S98)/1000000 -> 0.55861482 | W98: =+'22'!K17/1000 -> 27.229 | AC98: =K98-T98 -> 0 | AD98: =+AM98+BA98 -> 1 | AE98: - Change Blade (1x) | AG98: 1 | AM98: =SUM(AF98:AL98)+AT98+AV98+AX98 -> 1 | AR98: =SUM(AN98:AQ98) -> 0 | BA98: =+AR98+AS98+AU98+AW98+AY98+AZ98 -> 0 | BC98: 1
B99: Toilet | C99: =(M99*E99*O99*Q99)/100000000 -> 11.046874 | D99: VP OW | E99: 18 | F99: 1 | G99: 980 | H99: =+N99 -> 0.24 | I99: 0.88 | J99: =E99*G99*(1-H99)*1440/1000000*2.87 -> 55.40597 | K99: =(IF(G99<L99,L99,G99)*(1-IF(H99<N99,H99,N99))*E99*O99*Q99)/100000000 -> 11.046874 | L99: 1030 | M99: 782.8 | N99: =1-(M99/L99) -> 0.24 | O99: =+'Trim Rwd'!H85 -> 280 | P99: =O99*(Q99-R99-S99) -> 77000 | Q99: 280 | R99: 0 | S99: 5 | T99: =E99*M99*O99*Q99/100000000 -> 11.046874 | U99: =E99*M99*O99*(Q99-R99-S99)/100000000 -> 10.849608 | V99: =E99*G99*(1-N99)*O99/100*(R99+S99)/1000000 -> 0.1876896 | W99: =+'22'!K18/1000 -> 3.283 | AC99: =K99-T99 -> 0 | AD99: =+AM99+BA99 -> 24 | AE99: - Change Spool (27x) | AH99: 24 | AM99: =SUM(AF99:AL99)+AT99+AV99+AX99 -> 24 | AR99: =SUM(AN99:AQ99) -> 0 | BA99: =+AR99+AS99+AU99+AW99+AY99+AZ99 -> 0
A101: 45953 | B101: Toilet | C101: =(M101*E101*O101*Q101)/100000000 -> 11.046874 | D101: VP OW | E101: 18 | F101: 1 | G101: 980 | H101: =+N101 -> 0.24 | I101: 0.88 | J101: =E101*G101*(1-H101)*1440/1000000*2.87 -> 55.40597 | K101: =(IF(G101<L101,L101,G101)*(1-IF(H101<N101,H101,N101))*E101*O101*Q101)/100000000 -> 11.046874 | L101: 1030 | M101: =+L101-L101*0.24 -> 782.8 | N101: =1-(M101/L101) -> 0.24 | O101: =+'Trim Rwd'!H87 -> 280 | P101: =O101*(Q101-R101-S101) -> 28840 | Q101: 280 | R101: 0 | S101: =5+172 -> 177 | T101: =E101*M101*O101*Q101/100000000 -> 11.046874 | U101: =E101*M101*O101*(Q101-R101-S101)/100000000 -> 4.0636714 | V101: =E101*G101*(1-N101)*O101/100*(R101+S101)/1000000 -> 6.6442118 | W101: =+'23'!K18/1000 -> 26.914 | X101: =SUM(W101:W104)/SUM(K101:K104) -> 0.67091062 | Y101: 0 | Z101: =+('23'!D7+'23'!D16+'23'!D25)/1000 -> 3.876 | AA101: =SUM(U101:U104)-SUM(W101:W104)-SUM(Z101:Z104)-SUM(Y101:Y104) -> 5.4067706 | AB101: =(SUM(K101:K104)-SUM(W101:W104)-SUM(Y101:Y104)-SUM(Z101:Z104)-SUM(AC101:AC104)-SUM(V101:V104))-AA101 -> 0.39785088 | AC101: =K101-T101 -> 0 | AD101: =+AM101+BA101 -> 5 | AE101: - Sheet Breaks (1x) | AF101: 5 | AM101: =SUM(AF101:AL101)+AT101+AV101+AX101 -> 5 | AR101: =SUM(AN101:AQ101) -> 0 | BA101: =+AR101+AS101+AU101+AW101+AY101+AZ101 -> 0 | BB101: 1
B102: Toilet | C102: =(M102*E102*O102*Q102)/100000000 -> 29.683472 | D102: VP OW | E102: 14.5 | F102: 1 | G102: 1220 | H102: =+N102 -> 0.24 | I102: 0.88 | J102: =E102*G102*(1-H102)*1440/1000000*2.87 -> 55.563016 | K102: =(IF(G102<L102,L102,G102)*(1-IF(H102<N102,H102,N102))*E102*O102*Q102)/100000000 -> 29.683472 | L102: 1300 | M102: =+L102-L102*0.24 -> 988 | N102: =1-(M102/L102) -> 0.24 | O102: =+'Trim Rwd'!H89 -> 280 | P102: =O102*(Q102-R102-S102) -> 199920 | Q102: 740 | R102: 0 | S102: 26 | T102: =E102*M102*O102*Q102/100000000 -> 29.683472 | U102: =E102*M102*O102*(Q102-R102-S102)/100000000 -> 28.640539 | V102: =E102*G102*(1-N102)*O102/100*(R102+S102)/1000000 -> 0.97875232 | W102: =+'23'!K17/1000 -> 6.292 | Z102: =+'23'!D26/1000 -> 0.54 | AC102: =K102-T102 -> 0 | AD102: =+AM102+BA102 -> 4 | AE102: - Change Blade (2x) | AG102: 4 | AM102: =SUM(AF102:AL102)+AT102+AV102+AX102 -> 4 | AR102: =SUM(AN102:AQ102) -> 0 | BA102: =+AR102+AS102+AU102+AW102+AY102+AZ102 -> 0 | BC102: 2
B103: Toilet | C103: =(M103*E103*O103*Q103)/100000000 -> 15.0822 | D103: VP OW | E103: 12.5 | F103: 1 | G103: 1400 | H103: =+N103 -> 0.24 | I103: 0.88 | J103: =E103*G103*(1-H103)*1440/1000000*2.87 -> 54.96624 | K103: =(IF(G103<L103,L103,G103)*(1-IF(H103<N103,H103,N103))*E103*O103*Q103)/100000000 -> 15.6408 | L103: 1350 | M103: =+L103-L103*0.24 -> 1026 | N103: =1-(M103/L103) -> 0.24 | O103: =+'Trim Rwd'!H90 -> 280 | P103: =O103*(Q103-R103-S103) -> 116480 | Q103: 420 | R103: 0 | S103: 4 | T103: =E103*M103*O103*Q103/100000000 -> 15.0822 | U103: =E103*M103*O103*(Q103-R103-S103)/100000000 -> 14.93856 | V103: =E103*G103*(1-N103)*O103/100*(R103+S103)/1000000 -> 0.14896 | W103: =+'23'!K13/1000 -> 4.614 | AC103: =K103-T103 -> 0.5586 | AD103: =+AM103+BA103 -> 26 | AE103: - Change Spool (26x) | AH103: 26 | AM103: =SUM(AF103:AL103)+AT103+AV103+AX103 -> 26 | AR103: =SUM(AN103:AQ103) -> 0 | BA103: =+AR103+AS103+AU103+AW103+AY103+AZ103 -> 0
AD104: =+AM104+BA104 -> 172 | AE104: - Seset steam drop dan tidak stabil | AM104: =SUM(AF104:AL104)+AT104+AV104+AX104 -> 172 | AR104: =SUM(AN104:AQ104) -> 0 | AV104: 172 | BA104: =+AR104+AS104+AU104+AW104+AY104+AZ104 -> 0
A106: 45954 | B106: Toilet | C106: =(M106*E106*O106*Q106)/100000000 -> 32.87439 | D106: VP OW | E106: 12.5 | F106: 1 | G106: 1400 | H106: =+N106 -> 0.23694171 | I106: 0.88 | J106: =E106*G106*(1-H106)*1440/1000000*2.87 -> 55.187428 | K106: =(IF(G106<L106,L106,G106)*(1-IF(H106<N106,H106,N106))*E106*O106*Q106)/100000000 -> 34.840383 | L106: 1321 | M106: 1008 | N106: =1-(M106/L106) -> 0.23694171 | O106: =+'Trim Rwd'!H92 -> 277.85714 | P106: =O106*(Q106-R106-S106) -> 255350.71 | Q106: 939 | R106: 0 | S106: 20 | T106: =E106*M106*O106*Q106/100000000 -> 32.87439 | U106: =E106*M106*O106*(Q106-R106-S106)/100000000 -> 32.17419 | V106: =E106*G106*(1-N106)*O106/100*(R106+S106)/1000000 -> 0.74207419 | W106: =+'24'!K13/1000 -> 25.766 | X106: =SUM(W106:W109)/SUM(K106:K109) -> 0.77639117 | Y106: 0 | Z106: =+'24'!D16/1000 -> 0.49 | AA106: =SUM(U106:U109)-SUM(W106:W109)-SUM(Z106:Z109)-SUM(Y106:Y109) -> 7.3053756 | AB106: =(SUM(K106:K109)-SUM(W106:W109)-SUM(Y106:Y109)-SUM(Z106:Z109)-SUM(AC106:AC109)-SUM(V106:V109))-AA106 -> 0.0081360969 | AC106: =K106-T106 -> 1.965993 | AD106: =+AM106+BA106 -> 0 | AE106: - Sheet Breaks (0x) | AF106: 0 | AM106: =SUM(AF106:AL106)+AT106+AV106+AX106 -> 0 | AR106: =SUM(AN106:AQ106) -> 0 | BA106: =+AR106+AS106+AU106+AW106+AY106+AZ106 -> 0 | BB106: 0
B107: Toilet | C107: =(M107*E107*O107*Q107)/100000000 -> 3.217536 | D107: VP OW | E107: 18 | F107: 1 | G107: 930 | H107: =+N107 -> 0.2 | I107: 0.88 | J107: =E107*G107*(1-H107)*1440/1000000*2.87 -> 55.346458 | K107: =(IF(G107<L107,L107,G107)*(1-IF(H107<N107,H107,N107))*E107*O107*Q107)/100000000 -> 3.217536 | L107: 1050 | M107: 840 | N107: =1-(M107/L107) -> 0.2 | O107: =+'Trim Rwd'!H94 -> 280 | P107: =O107*(Q107-R107-S107) -> 20720 | Q107: 76 | R107: 0 | S107: 2 | T107: =E107*M107*O107*Q107/100000000 -> 3.217536 | U107: =E107*M107*O107*(Q107-R107-S107)/100000000 -> 3.132864 | V107: =E107*G107*(1-N107)*O107/100*(R107+S107)/1000000 -> 0.0749952 | W107: =+'24'!K18/1000 -> 3.205 | Z107: 0 | AC107: =K107-T107 -> 0 | AD107: =+AM107+BA107 -> 2 | AE107: - Change Blade (1x) | AG107: 2 | AM107: =SUM(AF107:AL107)+AT107+AV107+AX107 -> 2 | AR107: =SUM(AN107:AQ107) -> 0 | BA107: =+AR107+AS107+AU107+AW107+AY107+AZ107 -> 0 | BC107: 1
B108: Toilet | C108: =(M108*E108*O108*Q108)/100000000 -> 3.335696 | D108: VP OW | E108: 14.5 | F108: 1 | G108: 1150 | H108: =+N108 -> 0.2 | I108: 0.88 | J108: =E108*G108*(1-H108)*1440/1000000*2.87 -> 55.131552 | K108: =(IF(G108<L108,L108,G108)*(1-IF(H108<N108,H108,N108))*E108*O108*Q108)/100000000 -> 3.335696 | L108: 1300 | M108: 1040 | N108: =1-(M108/L108) -> 0.2 | O108: =+'Trim Rwd'!H95 -> 280 | P108: =O108*(Q108-R108-S108) -> 21560 | Q108: 79 | R108: 0 | S108: 2 | T108: =E108*M108*O108*Q108/100000000 -> 3.335696 | U108: =E108*M108*O108*(Q108-R108-S108)/100000000 -> 3.251248 | V108: =E108*G108*(1-N108)*O108/100*(R108+S108)/1000000 -> 0.074704 | W108: =+'24'!K17/1000 -> 3.631 | Z108: 0 | AC108: =K108-T108 -> 0 | AD108: =+AM108+BA108 -> 32 | AE108: - Change Spool (29x) | AH108: 32 | AM108: =SUM(AF108:AL108)+AT108+AV108+AX108 -> 32 | AR108: =SUM(AN108:AQ108) -> 0 | BA108: =+AR108+AS108+AU108+AW108+AY108+AZ108 -> 0
B109: Toilet | C109: =(M109*E109*O109*Q109)/100000000 -> 13.7371 | D109: VP OW | E109: 15 | F109: 1 | G109: 1150 | H109: =+N109 -> 0.2247191 | I109: 0.88 | J109: =E109*G109*(1-H109)*1440/1000000*2.87 -> 55.270396 | K109: =(IF(G109<L109,L109,G109)*(1-IF(H109<N109,H109,N109))*E109*O109*Q109)/100000000 -> 13.7371 | L109: 1246 | M109: 966 | N109: =1-(M109/L109) -> 0.2247191 | O109: =+'Trim Rwd'!H96 -> 274 | P109: =O109*(Q109-R109-S109) -> 92064 | Q109: 346 | R109: 0 | S109: 10 | T109: =E109*M109*O109*Q109/100000000 -> 13.7371 | U109: =E109*M109*O109*(Q109-R109-S109)/100000000 -> 13.340074 | V109: =E109*G109*(1-N109)*O109/100*(R109+S109)/1000000 -> 0.36643652 | W109: =+'24'!K15/1000 -> 10.201 | Z109: =+('24'!D19+'24'!D26)/1000 -> 1.3 | AC109: =K109-T109 -> 0
A111: 45955 | B111: Toilet | C111: =(M111*E111*O111*Q111)/100000000 -> 51.793392 | D111: VP OW | E111: 12.5 | F111: 1 | G111: 1400 | H111: =+N111 -> 0.24 | I111: 0.88 | J111: =E111*G111*(1-H111)*1440/1000000*2.87 -> 54.96624 | K111: =(IF(G111<L111,L111,G111)*(1-IF(H111<N111,H111,N111))*E111*O111*Q111)/100000000 -> 52.041207 | L111: 1393.3333 | M111: 1058.9333 | N111: =1-(M111/L111) -> 0.24 | O111: =+'Trim Rwd'!H98 -> 271.72727 | P111: =O111*(Q111-R111-S111) -> 379331.27 | Q111: 1440 | R111: 0 | S111: 44 | T111: =E111*M111*O111*Q111/100000000 -> 51.793392 | U111: =E111*M111*O111*(Q111-R111-S111)/100000000 -> 50.210816 | V111: =E111*G111*(1-N111)*O111/100*(R111+S111)/1000000 -> 1.590148 | W111: =+'25'!K34/1000 -> 46.291 | X111: =SUM(W111:W114)/SUM(K111:K114) -> 0.88950665 | Y111: 0 | Z111: =+'25'!D34/1000 -> 0.6 | AA111: =SUM(U111:U114)-SUM(W111:W114)-SUM(Z111:Z114)-SUM(Y111:Y114) -> 3.3198161 | AB111: =(SUM(K111:K114)-SUM(W111:W114)-SUM(Y111:Y114)-SUM(Z111:Z114)-SUM(AC111:AC114)-SUM(V111:V114))-AA111 -> -0.0075721333 | AC111: =K111-T111 -> 0.24781527 | AD111: =+AM111+BA111 -> 0 | AE111: - Sheet Breaks (0x) | AF111: 0 | AM111: =SUM(AF111:AL111)+AT111+AV111+AX111 -> 0 | AR111: =SUM(AN111:AQ111) -> 0 | BA111: =+AR111+AS111+AU111+AW111+AY111+AZ111 -> 0 | BB111: 0
AD112: =+AM112+BA112 -> 15 | AE112: - Change Blade (3x) | AG112: 15 | AM112: =SUM(AF112:AL112)+AT112+AV112+AX112 -> 15 | AR112: =SUM(AN112:AQ112) -> 0 | BA112: =+AR112+AS112+AU112+AW112+AY112+AZ112 -> 0 | BC112: 3
AD113: =+AM113+BA113 -> 29 | AE113: - Change Spool (26x) | AH113: 29 | AM113: =SUM(AF113:AL113)+AT113+AV113+AX113 -> 29 | AR113: =SUM(AN113:AQ113) -> 0 | BA113: =+AR113+AS113+AU113+AW113+AY113+AZ113 -> 0
A115: 45956 | B115: Toilet | C115: =(M115*E115*O115*Q115)/100000000 -> 52.443064 | D115: VP OW | E115: 12.5 | F115: 1 | G115: 1400 | H115: =+N115 -> 0.24 | I115: 0.88 | J115: =E115*G115*(1-H115)*1440/1000000*2.87 -> 54.96624 | K115: =(IF(G115<L115,L115,G115)*(1-IF(H115<N115,H115,N115))*E115*O115*Q115)/100000000 -> 52.668 | L115: 1394.0208 | M115: 1059.4558 | N115: =1-(M115/L115) -> 0.24 | O115: =+'Trim Rwd'!H101 -> 275 | P115: =O115*(Q115-R115-S115) -> 382800 | Q115: 1440 | R115: 0 | S115: 48 | T115: =E115*M115*O115*Q115/100000000 -> 52.443064 | U115: =E115*M115*O115*(Q115-R115-S115)/100000000 -> 50.694962 | V115: =E115*G115*(1-N115)*O115/100*(R115+S115)/1000000 -> 1.7556 | W115: =+'26'!K34/1000 -> 42.771 | X115: =SUM(W115:W118)/SUM(K115:K118) -> 0.81208704 | Y115: 0 | Z115: =+'26'!D34/1000 -> 2.5 | AA115: =SUM(U115:U118)-SUM(W115:W118)-SUM(Z115:Z118)-SUM(Y115:Y118) -> 5.4239616 | AB115: =(SUM(K115:K118)-SUM(W115:W118)-SUM(Y115:Y118)-SUM(Z115:Z118)-SUM(AC115:AC118)-SUM(V115:V118))-AA115 -> -0.007497875 | AC115: =K115-T115 -> 0.22493625 | AD115: =+AM115+BA115 -> 20 | AE115: - Sheet Breaks (4x) | AF115: 20 | AM115: =SUM(AF115:AL115)+AT115+AV115+AX115 -> 20 | AR115: =SUM(AN115:AQ115) -> 0 | BA115: =+AR115+AS115+AU115+AW115+AY115+AZ115 -> 0 | BB115: 4
AD116: =+AM116+BA116 -> 0 | AE116: - Change Blade (0x) | AG116: 0 | AM116: =SUM(AF116:AL116)+AT116+AV116+AX116 -> 0 | AR116: =SUM(AN116:AQ116) -> 0 | BA116: =+AR116+AS116+AU116+AW116+AY116+AZ116 -> 0 | BC116: 0
AD117: =+AM117+BA117 -> 28 | AE117: - Change Spool (27x) | AH117: 28 | AM117: =SUM(AF117:AL117)+AT117+AV117+AX117 -> 28 | AR117: =SUM(AN117:AQ117) -> 0 | BA117: =+AR117+AS117+AU117+AW117+AY117+AZ117 -> 0
A119: 45957 | B119: Toilet | C119: =(M119*E119*O119*Q119)/100000000 -> 18.878186 | D119: VP OW | E119: 12.5 | F119: 1 | G119: 1400 | H119: =+N119 -> 0.24 | I119: 0.88 | J119: =E119*G119*(1-H119)*1440/1000000*2.87 -> 54.96624 | K119: =(IF(G119<L119,L119,G119)*(1-IF(H119<N119,H119,N119))*E119*O119*Q119)/100000000 -> 18.94585 | L119: 1395 | M119: =+L119-L119*0.24 -> 1060.2 | N119: =1-(M119/L119) -> 0.24 | O119: =+'Trim Rwd'!H103 -> 275 | P119: =O119*(Q119-R119-S119) -> 136950 | Q119: 518 | R119: 0 | S119: 20 | T119: =E119*M119*O119*Q119/100000000 -> 18.878186 | U119: =E119*M119*O119*(Q119-R119-S119)/100000000 -> 18.149299 | V119: =E119*G119*(1-N119)*O119/100*(R119+S119)/1000000 -> 0.7315 | W119: =+'27'!K13/1000 -> 16.288 | X119: =SUM(W119:W122)/SUM(K119:K122) -> 0.73505446 | Y119: 0 | Z119: =+'27'!D7/1000 -> 1 | AA119: =SUM(U119:U122)-SUM(W119:W122)-SUM(Z119:Z122)-SUM(Y119:Y122) -> 10.633656 | AB119: =(SUM(K119:K122)-SUM(W119:W122)-SUM(Y119:Y122)-SUM(Z119:Z122)-SUM(AC119:AC122)-SUM(V119:V122))-AA119 -> -0.0026125 | AC119: =K119-T119 -> 0.06766375 | AD119: =+AM119+BA119 -> 20 | AE119: - Sheet Breaks (4x) | AF119: 20 | AM119: =SUM(AF119:AL119)+AT119+AV119+AX119 -> 20 | AR119: =SUM(AN119:AQ119) -> 0 | BA119: =+AR119+AS119+AU119+AW119+AY119+AZ119 -> 0 | BB119: 4
B120: Facial | C120: =(M120*E120*O120*Q120)/100000000 -> 32.961869 | D120: VP OW | E120: 12 | F120: 1 | G120: 1400 | H120: =+N120 -> 0.24 | I120: 0.88 | J120: =E120*G120*(1-H120)*1440/1000000*2.87 -> 52.76759 | K120: =(IF(G120<L120,L120,G120)*(1-IF(H120<N120,H120,N120))*E120*O120*Q120)/100000000 -> 32.961869 | L120: 1400 | M120: =+L120-L120*0.24 -> 1064 | N120: =1-(M120/L120) -> 0.24 | O120: =+'Trim Rwd'!H104 -> 280 | P120: =O120*(Q120-R120-S120) -> 249760 | Q120: 922 | R120: 0 | S120: 30 | T120: =E120*M120*O120*Q120/100000000 -> 32.961869 | U120: =E120*M120*O120*(Q120-R120-S120)/100000000 -> 31.889357 | V120: =E120*G120*(1-N120)*O120/100*(R120+S120)/1000000 -> 1.072512 | W120: =+'27'!K12/1000 -> 21.867 | Z120: =+'27'!D25/1000 -> 0.25 | AC120: =K120-T120 -> 0 | AD120: =+AM120+BA120 -> 0 | AE120: - Change Blade (0x) | AG120: 0 | AM120: =SUM(AF120:AL120)+AT120+AV120+AX120 -> 0 | AR120: =SUM(AN120:AQ120) -> 0 | BA120: =+AR120+AS120+AU120+AW120+AY120+AZ120 -> 0 | BC120: 0
AD121: =+AM121+BA121 -> 30 | AE121: - Change Spool (26x) | AH121: 30 | AM121: =SUM(AF121:AL121)+AT121+AV121+AX121 -> 30 | AR121: =SUM(AN121:AQ121) -> 0 | BA121: =+AR121+AS121+AU121+AW121+AY121+AZ121 -> 0
A123: 45958 | B123: Facial | C123: =(M123*E123*O123*Q123)/100000000 -> 42.454621 | D123: VP OW | E123: 12 | F123: 1 | G123: 1400 | H123: =+N123 -> 0.24 | I123: 0.88 | J123: =E123*G123*(1-H123)*1440/1000000*2.87 -> 52.76759 | K123: =(IF(G123<L123,L123,G123)*(1-IF(H123<N123,H123,N123))*E123*O123*Q123)/100000000 -> 42.454621 | L123: 1400 | M123: =+L123-L123*0.24 -> 1064 | N123: =1-(M123/L123) -> 0.24 | O123: =+'Trim Rwd'!H106 -> 274.8 | P123: =O123*(Q123-R123-S123) -> 318768 | Q123: 1210 | R123: 0 | S123: 50 | T123: =E123*M123*O123*Q123/100000000 -> 42.454621 | U123: =E123*M123*O123*(Q123-R123-S123)/100000000 -> 40.700298 | V123: =E123*G123*(1-N123)*O123/100*(R123+S123)/1000000 -> 1.7543232 | W123: =+'28'!K12/1000 -> 37.71 | X123: =SUM(W123:W126)/SUM(K123:K126) -> 0.79284083 | Y123: 0 | Z123: =+'28'!D25/1000 -> 0.26 | AA123: =SUM(U123:U126)-SUM(W123:W126)-SUM(Z123:Z126)-SUM(Y123:Y126) -> 7.5342622 | AB123: =(SUM(K123:K126)-SUM(W123:W126)-SUM(Y123:Y126)-SUM(Z123:Z126)-SUM(AC123:AC126)-SUM(V123:V126))-AA123 -> -0.0055328 | AC123: =K123-T123 -> 0 | AD123: =+AM123+BA123 -> 25 | AE123: - Sheet Breaks (5x) | AF123: 25 | AM123: =SUM(AF123:AL123)+AT123+AV123+AX123 -> 25 | AR123: =SUM(AN123:AQ123) -> 0 | BA123: =+AR123+AS123+AU123+AW123+AY123+AZ123 -> 0 | BB123: 5
B124: Facial | C124: =(M124*E124*O124*Q124)/100000000 -> 8.3351632 | D124: VP OW | E124: 13 | F124: 1 | G124: 1350 | H124: =+N124 -> 0.24 | I124: 0.88 | J124: =E124*G124*(1-H124)*1440/1000000*2.87 -> 55.123286 | K124: =(IF(G124<L124,L124,G124)*(1-IF(H124<N124,H124,N124))*E124*O124*Q124)/100000000 -> 8.589672 | L124: 1310 | M124: =+L124-L124*0.24 -> 995.6 | N124: =1-(M124/L124) -> 0.24 | O124: =+'Trim Rwd'!H109 -> 280 | P124: =O124*(Q124-R124-S124) -> 63000 | Q124: 230 | R124: 0 | S124: 5 | T124: =E124*M124*O124*Q124/100000000 -> 8.3351632 | U124: =E124*M124*O124*(Q124-R124-S124)/100000000 -> 8.153964 | V124: =E124*G124*(1-N124)*O124/100*(R124+S124)/1000000 -> 0.186732 | W124: =+'28'!K9/1000 -> 2.164 | Z124: 0 | AC124: =K124-T124 -> 0.2545088 | AD124: =+AM124+BA124 -> 0 | AE124: - Change Blade (0x) | AG124: 0 | AM124: =SUM(AF124:AL124)+AT124+AV124+AX124 -> 0 | AR124: =SUM(AN124:AQ124) -> 0 | BA124: =+AR124+AS124+AU124+AW124+AY124+AZ124 -> 0 | BC124: 0
B125: Toilet | E125: 12.5 | W125: =+'28'!K13/1000 -> 0.596 | Z125: =+'28'!D27/1000 -> 0.59 | AD125: =+AM125+BA125 -> 30 | AE125: - Change Spool (25x) | AH125: 30 | AM125: =SUM(AF125:AL125)+AT125+AV125+AX125 -> 30 | AR125: =SUM(AN125:AQ125) -> 0 | BA125: =+AR125+AS125+AU125+AW125+AY125+AZ125 -> 0
A127: 45959 | B127: Facial | C127: =(M127*E127*O127*Q127)/100000000 -> 17.395123 | D127: VP OW | E127: 13 | F127: 1 | G127: 1350 | H127: =+N127 -> 0.24 | I127: 0.88 | J127: =E127*G127*(1-H127)*1440/1000000*2.87 -> 55.123286 | K127: =(IF(G127<L127,L127,G127)*(1-IF(H127<N127,H127,N127))*E127*O127*Q127)/100000000 -> 17.926272 | L127: 1310 | M127: =+L127-L127*0.24 -> 995.6 | N127: =1-(M127/L127) -> 0.24 | O127: =+'Trim Rwd'!H111 -> 280 | P127: =O127*(Q127-R127-S127) -> 130200 | Q127: 480 | R127: 0 | S127: 15 | T127: =E127*M127*O127*Q127/100000000 -> 17.395123 | U127: =E127*M127*O127*(Q127-R127-S127)/100000000 -> 16.851526 | V127: =E127*G127*(1-N127)*O127/100*(R127+S127)/1000000 -> 0.560196 | W127: =+'29'!K9/1000 -> 21.527 | X127: =SUM(W127:W130)/SUM(K127:K130) -> 0.82674456 | Y127: 0 | Z127: =+'29'!D7/1000 -> 0.26 | AA127: =SUM(U127:U130)-SUM(W127:W130)-SUM(Z127:Z130)-SUM(Y127:Y130) -> 6.2464312 | AB127: =(SUM(K127:K130)-SUM(W127:W130)-SUM(Y127:Y130)-SUM(Z127:Z130)-SUM(AC127:AC130)-SUM(V127:V130))-AA127 -> -0.0165984 | AC127: =K127-T127 -> 0.5311488 | AD127: =+AM127+BA127 -> 15 | AE127: - Sheet Breaks (3x) | AF127: 15 | AM127: =SUM(AF127:AL127)+AT127+AV127+AX127 -> 15 | AR127: =SUM(AN127:AQ127) -> 0 | BA127: =+AR127+AS127+AU127+AW127+AY127+AZ127 -> 0 | BB127: 3
B128: Facial | C128: =(M128*E128*O128*Q128)/100000000 -> 34.174464 | D128: VP OW | E128: 12 | F128: 1 | G128: 1400 | H128: =+N128 -> 0.24 | I128: 0.88 | J128: =E128*G128*(1-H128)*1440/1000000*2.87 -> 52.76759 | K128: =(IF(G128<L128,L128,G128)*(1-IF(H128<N128,H128,N128))*E128*O128*Q128)/100000000 -> 34.174464 | L128: 1400 | M128: =+L128-L128*0.24 -> 1064 | N128: =1-(M128/L128) -> 0.24 | O128: =+'Trim Rwd'!H112 -> 278.80952 | P128: =O128*(Q128-R128-S128) -> 260408.1 | Q128: 960 | R128: 0 | S128: 26 | T128: =E128*M128*O128*Q128/100000000 -> 34.174464 | U128: =E128*M128*O128*(Q128-R128-S128)/100000000 -> 33.248906 | V128: =E128*G128*(1-N128)*O128/100*(R128+S128)/1000000 -> 0.9255584 | W128: =+'29'!K12/1000 -> 21.547 | Z128: =+'29'!D16/1000 -> 0.52 | AC128: =K128-T128 -> 0 | AD128: =+AM128+BA128 -> 0 | AE128: - Change Blade (0x) | AG128: 0 | AM128: =SUM(AF128:AL128)+AT128+AV128+AX128 -> 0 | AR128: =SUM(AN128:AQ128) -> 0 | BA128: =+AR128+AS128+AU128+AW128+AY128+AZ128 -> 0 | BC128: 0
AD129: =+AM129+BA129 -> 26 | AE129: - Change Spool (27x) | AH129: 26 | AM129: =SUM(AF129:AL129)+AT129+AV129+AX129 -> 26 | AR129: =SUM(AN129:AQ129) -> 0 | BA129: =+AR129+AS129+AU129+AW129+AY129+AZ129 -> 0
...

Sheet Efficiency2
A1: PM16 Efficiency Running Report
A3: Date | B3: Grade | C3: Speed real (ton) with Available Time | D3: Colour | E3: gsm | F3: Ply | G3: Standard | L3: Real Running | O3: Trim Rewinder (cm) | P3: Trim Rewinder x Running Time | Q3: Available Time (mnt) | R3: Down Time (mnt) | S3: Loss Time (mnt) | T3: Real Speed & Real Creepe Ratio with Available Time (ton) | U3: Real Speed & Real Creepe Ratio setelah dipotong DT & LT (ton) | V3: Loss tonase akibat DT + LT dari hitungan Teori with available time (ton) | W3: Accepted (ton) | X3: Real Eff dr Target Eff | Y3: Backlog | Z3: Reject Rewinder (ton) | AA3: Estimasi Reject to Broke Plant (ton) | AB3: Estimasi Faktor BW (ton) | AC3: Loss Opportunity in Speed (ton) | AD3: Downtime/ Losstime | AE3: Reason of Downtime / Losstime | AF3: Loss Time | AM3: Total Losstime | AN3: Unschedule Shut Down (mnt) | AS3: Schedule Shut Down | AT3: Marketing | AV3: EXT FACTOR | AX3: EXT FACTOR | AZ3: MANAGEMENT | BA3: Total Down Time | BB3: Freq. Sheets Break (X) | BC3: Freq. Change Blade (X) | BD3: Steam, & gangguan sinergy (X) | BE3: Freq, Trip PLN (X) | BF3: Cleaning Holes (X)
AF4: Proses | AI4: Change Grade | AJ4: Mekanik | AK4: Electric & Instrument | AL4: Boiler | AN4: Down Time Produksi | AO4: Mekanik | AP4: Electrical & Instrument | AQ4: Boiler | AR4: Total Unschedule Shut Down | AV4: LOSS | AW4: DOWN TIME | AX4: LOSS | AY4: DOWN TIME
G5: Yankee Speed (mpm) | H5: Max % Creeping | I5: Target Eff | J5: Kapasitas PM-Teori (ton) | K5: Teori (ton) with Available Time | L5: Yankee Speed (mpm) | M5: Popereel Speed (mpm) | N5: % Creeping | AF5: sheet break | AG5: change blade | AH5: change spool | AT5: Loss time | AU5: Down Time | AV5: SINERGY | AW5: SINERGY | AX5: PLN | AY5: PLN
A6: =+Report1!A9 -> 45931 | B6: Toilet | C6: =(M6*E6*O6*Q6)/100000000 -> 28.42875 | D6: VP OW | E6: 12.5 | F6: 1 | G6: 1350 | H6: =+N6 -> 0.24 | I6: 0.88 | J6: =E6*G6*(1-H6)*1440/1000000*2.87 -> 53.00316 | K6: =(IF(G6<L6,L6,G6)*(1-IF(H6<N6,H6,N6))*E6*O6*Q6)/100000000 -> 30.70305 | L6: 1250 | M6: =+L6-L6*0.24 -> 950 | N6: =1-(M6/L6) -> 0.24 | O6: =+'Trim Rwd'!H4 -> 266 | P6: =O6*(Q6-R6-S6) -> 170772 | Q6: =1222-322 -> 900 | R6: =545-322 -> 223 | S6: 35 | T6: =E6*M6*O6*Q6/100000000 -> 28.42875 | U6: =E6*M6*O6*(Q6-R6-S6)/100000000 -> 20.279175 | V6: =E6*G6*(1-N6)*O6/100*(R6+S6)/1000000 -> 8.801541 | W6: =+'1'!K7/1000 -> 18.686 | X6: =SUM(W6:W9)/SUM(K6:K9) -> 0.4828526 | Y6: 0 | Z6: =+'1'!D34/1000 -> 0.5 | AA6: =SUM(U6:U9)-SUM(W6:W9)-SUM(Z6:Z9)-SUM(Y6:Y9) -> 8.064161 | AB6: =(SUM(K6:K9)-SUM(W6:W9)-SUM(Y6:Y9)-SUM(Z6:Z9)-SUM(AC6:AC9)-SUM(V6:V9))-AA6 -> -0.651966 | AC6: =K6-T6 -> 2.2743 | AD6: =+AM6+BA6 -> 0 | AE6: - Sheet Breaks (0x) | AF6: 0 | AM6: =SUM(AF6:AL6)+AT6+AV6+AX6 -> 0 | AR6: =SUM(AN6:AQ6) -> 0 | BA6: =+AR6+AS6+AU6+AW6+AY6+AZ6 -> 0 | BB6: 0
B7: Toilet | C7: =(M7*E7*O7*Q7)/100000000 -> 6.970986 | D7: VP OW | E7: 15 | F7: 1 | G7: 1170 | H7: =+N7 -> 0.24 | I7: 0.88 | J7: =E7*G7*(1-H7)*1440/1000000*2.87 -> 55.123286 | K7: =(IF(G7<L7,L7,G7)*(1-IF(H7<N7,H7,N7))*E7*O7*Q7)/100000000 -> 7.996131 | L7: 1020 | M7: =+L7-L7*0.24 -> 775.2 | N7: =1-(M7/L7) -> 0.24 | O7: =+'Trim Rwd'!H5 -> 275 | P7: =O7*(Q7-R7-S7) -> 59950 | Q7: 218 | R7: 0 | S7: 0 | T7: =E7*M7*O7*Q7/100000000 -> 6.970986 | U7: =E7*M7*O7*(Q7-R7-S7)/100000000 -> 6.970986 | V7: =E7*G7*(1-N7)*O7/100*(R7+S7)/1000000 -> 0 | W7: =+'1'!K8/1000 -> 0 | AC7: =K7-T7 -> 1.025145 | AD7: =+AM7+BA7 -> 15 | AE7: - Change Blade (9x) | AG7: 15 | AM7: =SUM(AF7:AL7)+AT7+AV7+AX7 -> 15 | AR7: =SUM(AN7:AQ7) -> 0 | BA7: =+AR7+AS7+AU7+AW7+AY7+AZ7 -> 0 | BC7: 9
AD8: =+AM8+BA8 -> 20 | AE8: - Change Spool (18x) | AH8: 20 | AM8: =SUM(AF8:AL8)+AT8+AV8+AX8 -> 20 | AR8: =SUM(AN8:AQ8) -> 0 | BA8: =+AR8+AS8+AU8+AW8+AY8+AZ8 -> 0
AD9: =+AM9+BA9 -> 223 | AE9: - Awal shift pm stop perbaikan jalur pipa steam | AM9: =SUM(AF9:AL9)+AT9+AV9+AX9 -> 0 | AR9: =SUM(AN9:AQ9) -> 0 | AW9: =545-322 -> 223 | BA9: =+AR9+AS9+AU9+AW9+AY9+AZ9 -> 223
A11: 45932 | B11: Toilet | C11: =(M11*E11*O11*Q11)/100000000 -> 47.15667 | D11: VP OW | E11: 15 | F11: 1 | G11: 1170 | H11: =+N11 -> 0.24 | I11: 0.88 | J11: =E11*G11*(1-H11)*1440/1000000*2.87 -> 55.123286 | K11: =(IF(G11<L11,L11,G11)*(1-IF(H11<N11,H11,N11))*E11*O11*Q11)/100000000 -> 50.250915 | L11: 1097.9562 | M11: 834.44672 | N11: =1-(M11/L11) -> 0.24 | O11: =+'Trim Rwd'!H7 -> 275 | P11: =O11*(Q11-R11-S11) -> 363000 | Q11: 1370 | R11: 0 | S11: 50 | T11: =E11*M11*O11*Q11/100000000 -> 47.15667 | U11: =E11*M11*O11*(Q11-R11-S11)/100000000 -> 45.435624 | V11: =E11*G11*(1-N11)*O11/100*(R11+S11)/1000000 -> 1.833975 | W11: =+'2'!K8/1000 -> 47.851 | X11: =SUM(W11:W14)/SUM(K11:K14) -> 0.95144341 | Y11: 0 | Z11: =+'2'!D34/1000 -> 0.72 | AA11: =SUM(U11:U14)-SUM(W11:W14)-SUM(Z11:Z14)-SUM(Y11:Y14) -> -3.1362944 | AB11: =(SUM(K11:K14)-SUM(W11:W14)-SUM(Y11:Y14)-SUM(Z11:Z14)-SUM(AC11:AC14)-SUM(V11:V14))-AA11 -> -0.11480837 | AC11: =K11-T11 -> 3.094245 | AD11: =+AM11+BA11 -> 10 | AE11: - Sheet Breaks (2x) | AF11: 10 | AM11: =SUM(AF11:AL11)+AT11+AV11+AX11 -> 10 | AR11: =SUM(AN11:AQ11) -> 0 | BA11: =+AR11+AS11+AU11+AW11+AY11+AZ11 -> 0 | BB11: 2
B12: Toilet | C12: =(M12*E12*O12*Q12)/100000000 -> 2.4561701 | D12: VP OW | E12: 14.5 | F12: 1 | G12: 1180 | H12: 0.22 | I12: 0.88 | J12: =E12*G12*(1-H12)*1440/1000000*2.87 -> 55.155522 | K12: =(IF(G12<L12,L12,G12)*(1-IF(H12<N12,H12,N12))*E12*O12*Q12)/100000000 -> 2.5877506 | L12: 1120 | M12: 873.6 | N12: =1-(M12/L12) -> 0.22 | O12: =+'Trim Rwd'!H8 -> 277 | P12: =O12*(Q12-R12-S12) -> 19113 | Q12: 70 | R12: 0 | S12: 1 | T12: =E12*M12*O12*Q12/100000000 -> 2.4561701 | U12: =E12*M12*O12*(Q12-R12-S12)/100000000 -> 2.4210819 | V12: =E12*G12*(1-N12)*O12/100*(R12+S12)/1000000 -> 0.036967866 | W12: =+'2'!K9/1000 -> 0 | AC12: =K12-T12 -> 0.13158054 | AD12: =+AM12+BA12 -> 18 | AE12: - Change Blade (13x) | AG12: 18 | AM12: =SUM(AF12:AL12)+AT12+AV12+AX12 -> 18 | AR12: =SUM(AN12:AQ12) -> 0 | BA12: =+AR12+AS12+AU12+AW12+AY12+AZ12 -> 0 | BC12: 13
B13: Toilet | E13: 12.5 | W13: =+'2'!K7/1000 -> 2.422 | AD13: =+AM13+BA13 -> 23 | AE13: - Change Spool (24x) | AH13: 23 | AM13: =SUM(AF13:AL13)+AT13+AV13+AX13 -> 23 | AR13: =SUM(AN13:AQ13) -> 0 | BA13: =+AR13+AS13+AU13+AW13+AY13+AZ13 -> 0
A15: 45933 | B15: Toilet | C15: =(M15*E15*O15*Q15)/100000000 -> 34.947165 | D15: VP OW | E15: 14.5 | F15: 1 | G15: 1180 | H15: 0.22 | I15: 0.88 | J15: =E15*G15*(1-H15)*1440/1000000*2.87 -> 55.155522 | K15: =(IF(G15<L15,L15,G15)*(1-IF(H15<N15,H15,N15))*E15*O15*Q15)/100000000 -> 35.85883 | L15: 1150 | M15: =+L15-L15*0.22 -> 897 | N15: =1-(M15/L15) -> 0.22 | O15: =+'Trim Rwd'!H11 -> 277 | P15: =O15*(Q15-R15-S15) -> 255948 | Q15: 970 | R15: 0 | S15: =30+16 -> 46 | T15: =E15*M15*O15*Q15/100000000 -> 34.947165 | U15: =E15*M15*O15*(Q15-R15-S15)/100000000 -> 33.289877 | V15: =E15*G15*(1-N15)*O15/100*(R15+S15)/1000000 -> 1.7005218 | W15: =+'3'!K9/1000 -> 28.386 | X15: =SUM(W15:W18)/SUM(K15:K18) -> 0.79954858 | Y15: 0 | Z15: =+('3'!D7+'3'!D16)/1000 -> 3 | AA15: =SUM(U15:U18)-SUM(W15:W18)-SUM(Z15:Z18)-SUM(Y15:Y18) -> 1.9035016 | AB15: =(SUM(K15:K18)-SUM(W15:W18)-SUM(Y15:Y18)-SUM(Z15:Z18)-SUM(AC15:AC18)-SUM(V15:V18))-AA15 -> -0.043233606 | AC15: =K15-T15 -> 0.91166517 | AD15: =+AM15+BA15 -> 30 | AE15: - Sheet Breaks (6x) | AF15: 30 | AM15: =SUM(AF15:AL15)+AT15+AV15+AX15 -> 30 | AR15: =SUM(AN15:AQ15) -> 0 | BA15: =+AR15+AS15+AU15+AW15+AY15+AZ15 -> 0 | BB15: 6
B16: Toilet | C16: =(M16*E16*O16*Q16)/100000000 -> 17.44875 | D16: VP OW | E16: 12.5 | F16: 1 | G16: 1350 | H16: 0.2 | I16: 0.88 | J16: =E16*G16*(1-H16)*1440/1000000*2.87 -> 55.7928 | K16: =(IF(G16<L16,L16,G16)*(1-IF(H16<N16,H16,N16))*E16*O16*Q16)/100000000 -> 17.44875 | L16: 1350 | M16: =+L16-L16*0.2 -> 1080 | N16: =1-(M16/L16) -> 0.2 | O16: =+'Trim Rwd'!H12 -> 275 | P16: =O16*(Q16-R16-S16) -> 111375 | Q16: 470 | R16: 0 | S16: =29+36 -> 65 | T16: =E16*M16*O16*Q16/100000000 -> 17.44875 | U16: =E16*M16*O16*(Q16-R16-S16)/100000000 -> 15.035625 | V16: =E16*G16*(1-N16)*O16/100*(R16+S16)/1000000 -> 2.413125 | W16: =+'3'!K7/1000 -> 10.464 | Z16: =+'3'!D26/1000 -> 0.7 | AC16: =K16-T16 -> 0 | AD16: =+AM16+BA16 -> 16 | AE16: - Change Blade (15x) | AG16: 16 | AM16: =SUM(AF16:AL16)+AT16+AV16+AX16 -> 16 | AR16: =SUM(AN16:AQ16) -> 0 | BA16: =+AR16+AS16+AU16+AW16+AY16+AZ16 -> 0 | BC16: 15
B17: Toilet | E17: 15 | W17: =+'3'!K8/1000 -> 3.772 | Z17: =+'3'!D8/1000 -> 0.1 | AD17: =+AM17+BA17 -> 29 | AE17: - Change Spool (28x) | AH17: 29 | AM17: =SUM(AF17:AL17)+AT17+AV17+AX17 -> 29 | AR17: =SUM(AN17:AQ17) -> 0 | BA17: =+AR17+AS17+AU17+AW17+AY17+AZ17 -> 0
AD18: =+AM18+BA18 -> 36 | AE18: - Reject : 1292 kg / 7.6% ( penampang kotor kena oli, joint over) | AJ18: 36 | AM18: =SUM(AF18:AL18)+AT18+AV18+AX18 -> 36 | AR18: =SUM(AN18:AQ18) -> 0 | BA18: =+AR18+AS18+AU18+AW18+AY18+AZ18 -> 0
A20: 45934 | B20: Toilet | C20: =(M20*E20*O20*Q20)/100000000 -> 7.949425 | D20: VP OW | E20: 12.5 | F20: 1 | G20: 1350 | H20: 0.2 | I20: 0.88 | J20: =E20*G20*(1-H20)*1440/1000000*2.87 -> 55.7928 | K20: =(IF(G20<L20,L20,G20)*(1-IF(H20<N20,H20,N20))*E20*O20*Q20)/100000000 -> 7.949425 | L20: 1370 | M20: =+L20-L20*0.2 -> 1096 | N20: =1-(M20/L20) -> 0.2 | O20: =+'Trim Rwd'!H15 -> 275 | P20: =O20*(Q20-R20-S20) -> 55275 | Q20: 211 | R20: 0 | S20: 10 | T20: =E20*M20*O20*Q20/100000000 -> 7.949425 | U20: =E20*M20*O20*(Q20-R20-S20)/100000000 -> 7.572675 | V20: =E20*G20*(1-N20)*O20/100*(R20+S20)/1000000 -> 0.37125 | W20: =+'4'!K7/1000 -> 12.008 | X20: =SUM(W20:W23)/SUM(K20:K23) -> 0.88507614 | Y20: 0 | Z20: 0 | AA20: =SUM(U20:U23)-SUM(W20:W23)-SUM(Z20:Z23)-SUM(Y20:Y23) -> 3.8643697 | AB20: =(SUM(K20:K23)-SUM(W20:W23)-SUM(Y20:Y23)-SUM(Z20:Z23)-SUM(AC20:AC23)-SUM(V20:V23))-AA20 -> 0.032395024 | AC20: =K20-T20 -> 0 | AD20: =+AM20+BA20 -> 20 | AE20: - Sheet Breaks (4x) | AF20: 20 | AM20: =SUM(AF20:AL20)+AT20+AV20+AX20 -> 20 | AR20: =SUM(AN20:AQ20) -> 0 | BA20: =+AR20+AS20+AU20+AW20+AY20+AZ20 -> 0 | BB20: 4
B21: Toilet | C21: =(M21*E21*O21*Q21)/100000000 -> 11.16734 | D21: VP OW | E21: 12 | F21: 1 | G21: 1350 | H21: 0.24 | I21: 0.88 | J21: =E21*G21*(1-H21)*1440/1000000*2.87 -> 50.883034 | K21: =(IF(G21<L21,L21,G21)*(1-IF(H21<N21,H21,N21))*E21*O21*Q21)/100000000 -> 11.16734 | L21: 1370 | M21: =+L21-L21*0.22 -> 1068.6 | N21: =1-(M21/L21) -> 0.22 | O21: =+'Trim Rwd'!H16 -> 273 | P21: =O21*(Q21-R21-S21) -> 84357 | Q21: 319 | R21: 0 | S21: 10 | T21: =E21*M21*O21*Q21/100000000 -> 11.16734 | U21: =E21*M21*O21*(Q21-R21-S21)/100000000 -> 10.817267 | V21: =E21*G21*(1-N21)*O21/100*(R21+S21)/1000000 -> 0.3449628 | W21: =+'4'!K10/1000 -> 11.079 | AC21: =K21-T21 -> 0 | AD21: =+AM21+BA21 -> 14 | AE21: - Change Blade (11x) | AG21: 14 | AM21: =SUM(AF21:AL21)+AT21+AV21+AX21 -> 14 | AR21: =SUM(AN21:AQ21) -> 0 | BA21: =+AR21+AS21+AU21+AW21+AY21+AZ21 -> 0 | BC21: 11
B22: Toilet | C22: =(M22*E22*O22*Q22)/100000000 -> 17.718136 | D22: VP OW | E22: 13.5 | F22: 1 | G22: 1350 | H22: 0.24 | I22: 0.88 | J22: =E22*G22*(1-H22)*1440/1000000*2.87 -> 57.243413 | K22: =(IF(G22<L22,L22,G22)*(1-IF(H22<N22,H22,N22))*E22*O22*Q22)/100000000 -> 17.718136 | L22: 1370 | M22: =+L22-L22*0.22 -> 1068.6 | N22: =1-(M22/L22) -> 0.22 | O22: =+'Trim Rwd'!H17 -> 276 | P22: =O22*(Q22-R22-S22) -> 118956 | Q22: 445 | R22: 0 | S22: 14 | T22: =E22*M22*O22*Q22/100000000 -> 17.718136 | U22: =E22*M22*O22*(Q22-R22-S22)/100000000 -> 17.160712 | V22: =E22*G22*(1-N22)*O22/100*(R22+S22)/1000000 -> 0.54928692 | W22: =+'4'!K11/1000 -> 15.672 | AC22: =K22-T22 -> 0 | AD22: =+AM22+BA22 -> 27 | AE22: - Change Spool (29x) | AH22: 27 | AM22: =SUM(AF22:AL22)+AT22+AV22+AX22 -> 27 | AR22: =SUM(AN22:AQ22) -> 0 | BA22: =+AR22+AS22+AU22+AW22+AY22+AZ22 -> 0
B23: Facial | C23: =(M23*E23*O23*Q23)/100000000 -> 16.099528 | D23: VP OW | E23: 12 | F23: 1 | G23: 1350 | H23: 0.24 | I23: 0.88 | J23: =E23*G23*(1-H23)*1440/1000000*2.87 -> 50.883034 | K23: =(IF(G23<L23,L23,G23)*(1-IF(H23<N23,H23,N23))*E23*O23*Q23)/100000000 -> 16.099528 | L23: 1370 | M23: =+L23-L23*0.22 -> 1068.6 | N23: =1-(M23/L23) -> 0.22 | O23: =+'Trim Rwd'!H18 -> 270 | P23: =O23*(Q23-R23-S23) -> 118260 | Q23: 465 | R23: 0 | S23: 27 | T23: =E23*M23*O23*Q23/100000000 -> 16.099528 | U23: =E23*M23*O23*(Q23-R23-S23)/100000000 -> 15.164716 | V23: =E23*G23*(1-N23)*O23/100*(R23+S23)/1000000 -> 0.9211644 | W23: =+'4'!K12/1000 -> 8.092 | AC23: =K23-T23 -> 0
A25: 45935 | B25: Facial | C25: =(M25*E25*O25*Q25)/100000000 -> 48.824383 | D25: VP OW | E25: 12 | F25: 1 | G25: 1350 | H25: 0.24 | I25: 0.88 | J25: =E25*G25*(1-H25)*1440/1000000*2.87 -> 50.883034 | K25: =(IF(G25<L25,L25,G25)*(1-IF(H25<N25,H25,N25))*E25*O25*Q25)/100000000 -> 48.824383 | L25: 1370 | M25: =+L25-L25*0.24 -> 1041.2 | N25: =1-(M25/L25) -> 0.24 | O25: =+'Trim Rwd'!H20 -> 273.26582 | P25: =O25*(Q25-R25-S25) -> 374374.18 | Q25: 1430 | R25: 0 | S25: 60 | T25: =E25*M25*O25*Q25/100000000 -> 48.824383 | U25: =E25*M25*O25*(Q25-R25-S25)/100000000 -> 46.775807 | V25: =E25*G25*(1-N25)*O25/100*(R25+S25)/1000000 -> 2.0186693 | W25: =+'5'!K12/1000 -> 42.722 | X25: =SUM(W25:W28)/SUM(K25:K28) -> 0.86866891 | Y25: 0 | Z25: =+'5'!D34/1000 -> 0.587 | AA25: =SUM(U25:U28)-SUM(W25:W28)-SUM(Z25:Z28)-SUM(Y25:Y28) -> 3.8234182 | AB25: =(SUM(K25:K28)-SUM(W25:W28)-SUM(Y25:Y28)-SUM(Z25:Z28)-SUM(AC25:AC28)-SUM(V25:V28))-AA25 -> 0.029906212 | AC25: =K25-T25 -> 0 | AD25: =+AM25+BA25 -> 15 | AE25: - Sheet Breaks (3x) | AF25: 15 | AM25: =SUM(AF25:AL25)+AT25+AV25+AX25 -> 15 | AR25: =SUM(AN25:AQ25) -> 0 | BA25: =+AR25+AS25+AU25+AW25+AY25+AZ25 -> 0 | BB25: 3
B26: Facial | C26: =(M26*E26*O26*Q26)/100000000 -> 0.356611 | D26: VP OW | E26: 12.5 | F26: 1 | G26: 1350 | H26: 0.24 | I26: 0.88 | J26: =E26*G26*(1-H26)*1440/1000000*2.87 -> 53.00316 | K26: =(IF(G26<L26,L26,G26)*(1-IF(H26<N26,H26,N26))*E26*O26*Q26)/100000000 -> 0.356611 | L26: 1370 | M26: =+L26-L26*0.24 -> 1041.2 | N26: =1-(M26/L26) -> 0.24 | O26: =+'Trim Rwd'!H22 -> 274 | P26: =O26*(Q26-R26-S26) -> 2740 | Q26: 10 | R26: 0 | S26: 0 | T26: =E26*M26*O26*Q26/100000000 -> 0.356611 | U26: =E26*M26*O26*(Q26-R26-S26)/100000000 -> 0.356611 | V26: =E26*G26*(1-N26)*O26/100*(R26+S26)/1000000 -> 0 | W26: =+'5'!K13/1000 -> 0 | AC26: =K26-T26 -> 0 | AD26: =+AM26+BA26 -> 16 | AE26: - Change Blade (13x) | AG26: 16 | AM26: =SUM(AF26:AL26)+AT26+AV26+AX26 -> 16 | AR26: =SUM(AN26:AQ26) -> 0 | BA26: =+AR26+AS26+AU26+AW26+AY26+AZ26 -> 0 | BC26: 13
AD27: =+AM27+BA27 -> 29 | AE27: - Change Spool (27x) | AH27: 29 | AM27: =SUM(AF27:AL27)+AT27+AV27+AX27 -> 29 | AR27: =SUM(AN27:AQ27) -> 0 | BA27: =+AR27+AS27+AU27+AW27+AY27+AZ27 -> 0
A29: 45936 | B29: Facial | C29: =(M29*E29*O29*Q29)/100000000 -> 51.369833 | D29: VP OW | E29: 12.5 | F29: 1 | G29: 1350 | H29: 0.24 | I29: 0.88 | J29: =E29*G29*(1-H29)*1440/1000000*2.87 -> 53.00316 | K29: =(IF(G29<L29,L29,G29)*(1-IF(H29<N29,H29,N29))*E29*O29*Q29)/100000000 -> 51.369833 | L29: 1370 | M29: =+L29-L29*0.24 -> 1041.2 | N29: =1-(M29/L29) -> 0.24 | O29: =+'Trim Rwd'!H24 -> 274.09524 | P29: =O29*(Q29-R29-S29) -> 368658.1 | Q29: 1440 | R29: 0 | S29: 95 | T29: =E29*M29*O29*Q29/100000000 -> 51.369833 | U29: =E29*M29*O29*(Q29-R29-S29)/100000000 -> 47.980851 | V29: =E29*G29*(1-N29)*O29/100*(R29+S29)/1000000 -> 3.3395079 | W29: =+'6'!K34/1000 -> 44.849 | X29: =SUM(W29:W32)/SUM(K29:K32) -> 0.87306104 | Y29: 0 | Z29: 0 | AA29: =SUM(U29:U32)-SUM(W29:W32)-SUM(Z29:Z32)-SUM(Y29:Y32) -> 3.1318511 | AB29: =(SUM(K29:K32)-SUM(W29:W32)-SUM(Y29:Y32)-SUM(Z29:Z32)-SUM(AC29:AC32)-SUM(V29:V32))-AA29 -> 0.04947419 | AC29: =K29-T29 -> 0 | AD29: =+AM29+BA29 -> 40 | AE29: - Sheet Breaks (3x) | AF29: 40 | AM29: =SUM(AF29:AL29)+AT29+AV29+AX29 -> 40 | AR29: =SUM(AN29:AQ29) -> 0 | BA29: =+AR29+AS29+AU29+AW29+AY29+AZ29 -> 0 | BB29: 3
AD30: =+AM30+BA30 -> 23 | AE30: - Change Blade (15x) | AG30: 23 | AM30: =SUM(AF30:AL30)+AT30+AV30+AX30 -> 23 | AR30: =SUM(AN30:AQ30) -> 0 | BA30: =+AR30+AS30+AU30+AW30+AY30+AZ30 -> 0 | BC30: 15
AD31: =+AM31+BA31 -> 32 | AE31: - Change Spool (27x) | AH31: 32 | AM31: =SUM(AF31:AL31)+AT31+AV31+AX31 -> 32 | AR31: =SUM(AN31:AQ31) -> 0 | BA31: =+AR31+AS31+AU31+AW31+AY31+AZ31 -> 0
A33: 45937 | B33: Facial | C33: =(M33*E33*O33*Q33)/100000000 -> 11.411552 | D33: VP OW | E33: 12.5 | F33: 1 | G33: 1350 | H33: 0.24 | I33: 0.88 | J33: =E33*G33*(1-H33)*1440/1000000*2.87 -> 53.00316 | K33: =(IF(G33<L33,L33,G33)*(1-IF(H33<N33,H33,N33))*E33*O33*Q33)/100000000 -> 11.411552 | L33: 1370 | M33: =+L33-L33*0.24 -> 1041.2 | N33: =1-(M33/L33) -> 0.24 | O33: =+'Trim Rwd'!H27 -> 274 | P33: =O33*(Q33-R33-S33) -> 81378 | Q33: 320 | R33: 0 | S33: 23 | T33: =E33*M33*O33*Q33/100000000 -> 11.411552 | U33: =E33*M33*O33*(Q33-R33-S33)/100000000 -> 10.591347 | V33: =E33*G33*(1-N33)*O33/100*(R33+S33)/1000000 -> 0.8082315 | W33: =+'7'!K8/1000 -> 15.393 | X33: =SUM(W33:W36)/SUM(K33:K36) -> 0.87556478 | Y33: 0 | Z33: 0 | AA33: =SUM(U33:U36)-SUM(W33:W36)-SUM(Z33:Z36)-SUM(Y33:Y36) -> 3.3520082 | AB33: =(SUM(K33:K36)-SUM(W33:W36)-SUM(Y33:Y36)-SUM(Z33:Z36)-SUM(AC33:AC36)-SUM(V33:V36))-AA33 -> 0.042551397 | AC33: =K33-T33 -> 0 | AD33: =+AM33+BA33 -> 30 | AE33: - Sheet Breaks (6x) | AF33: 30 | AM33: =SUM(AF33:AL33)+AT33+AV33+AX33 -> 30 | AR33: =SUM(AN33:AQ33) -> 0 | BA33: =+AR33+AS33+AU33+AW33+AY33+AZ33 -> 0 | BB33: 6
B34: Facial | C34: =(M34*E34*O34*Q34)/100000000 -> 21.05738 | D34: VP OW | E34: 12 | F34: 1 | G34: 1350 | H34: 0.24 | I34: 0.88 | J34: =E34*G34*(1-H34)*1440/1000000*2.87 -> 50.883034 | K34: =(IF(G34<L34,L34,G34)*(1-IF(H34<N34,H34,N34))*E34*O34*Q34)/100000000 -> 21.05738 | L34: 1370 | M34: =+L34-L34*0.24 -> 1041.2 | N34: =1-(M34/L34) -> 0.24 | O34: =+'Trim Rwd'!H28 -> 267.51515 | P34: =O34*(Q34-R34-S34) -> 160509.09 | Q34: =40+60+10+520 -> 630 | R34: 0 | S34: 30 | T34: =E34*M34*O34*Q34/100000000 -> 21.05738 | U34: =E34*M34*O34*(Q34-R34-S34)/100000000 -> 20.054648 | V34: =E34*G34*(1-N34)*O34/100*(R34+S34)/1000000 -> 0.98809396 | W34: =+'7'!K12/1000 -> 18.49 | AC34: =K34-T34 -> 0 | AD34: =+AM34+BA34 -> 23 | AE34: - Change Blade (18x) | AG34: 23 | AM34: =SUM(AF34:AL34)+AT34+AV34+AX34 -> 23 | AR34: =SUM(AN34:AQ34) -> 0 | BA34: =+AR34+AS34+AU34+AW34+AY34+AZ34 -> 0 | BC34: 18
B35: Facial | C35: =(M35*E35*O35*Q35)/100000000 -> 12.241597 | D35: VP OW | E35: 13 | F35: 1 | G35: 1350 | H35: 0.24 | I35: 0.88 | J35: =E35*G35*(1-H35)*1440/1000000*2.87 -> 55.123286 | K35: =(IF(G35<L35,L35,G35)*(1-IF(H35<N35,H35,N35))*E35*O35*Q35)/100000000 -> 12.241597 | L35: 1370 | M35: =+L35-L35*0.24 -> 1041.2 | N35: =1-(M35/L35) -> 0.24 | O35: =+'Trim Rwd'!H30 -> 266 | P35: =O35*(Q35-R35-S35) -> 84322 | Q35: =10+330 -> 340 | R35: 0 | S35: 23 | T35: =E35*M35*O35*Q35/100000000 -> 12.241597 | U35: =E35*M35*O35*(Q35-R35-S35)/100000000 -> 11.413489 | V35: =E35*G35*(1-N35)*O35/100*(R35+S35)/1000000 -> 0.81601884 | W35: =+'7'!K9/1000 -> 10.212 | AC35: =K35-T35 -> 0 | AD35: =+AM35+BA35 -> 30 | AE35: - Change Spool (28x) | AH35: 30 | AM35: =SUM(AF35:AL35)+AT35+AV35+AX35 -> 30 | AR35: =SUM(AN35:AQ35) -> 0 | BA35: =+AR35+AS35+AU35+AW35+AY35+AZ35 -> 0
B36: Toilet | C36: =(M36*E36*O36*Q36)/100000000 -> 5.65125 | D36: VP OW | E36: 12.5 | F36: 1 | G36: 1350 | H36: 0.2 | I36: 0.88 | J36: =E36*G36*(1-H36)*1440/1000000*2.87 -> 55.7928 | K36: =(IF(G36<L36,L36,G36)*(1-IF(H36<N36,H36,N36))*E36*O36*Q36)/100000000 -> 5.65125 | L36: 1370 | M36: =+L36-L36*0.2 -> 1096 | N36: =1-(M36/L36) -> 0.2 | O36: =+'Trim Rwd'!H31 -> 275 | P36: =O36*(Q36-R36-S36) -> 39325 | Q36: =30+120 -> 150 | R36: 0 | S36: 7 | T36: =E36*M36*O36*Q36/100000000 -> 5.65125 | U36: =E36*M36*O36*(Q36-R36-S36)/100000000 -> 5.387525 | V36: =E36*G36*(1-N36)*O36/100*(R36+S36)/1000000 -> 0.259875 | W36: =+'7'!K10/1000 -> 0 | AC36: =K36-T36 -> 0
A38: 45938 | B38: Toilet | C38: =(M38*E38*O38*Q38)/100000000 -> 54.887347 | D38: VP OW | E38: 12.5 | F38: 1 | G38: 1350 | H38: 0.2 | I38: 0.88 | J38: =E38*G38*(1-H38)*1440/1000000*2.87 -> 55.7928 | K38: =(IF(G38<L38,L38,G38)*(1-IF(H38<N38,H38,N38))*E38*O38*Q38)/100000000 -> 54.887347 | L38: =+(L34*480+L35*480+L36*480)/1440 -> 1370 | M38: 1109.7 | N38: =1-(M38/L38) -> 0.19 | O38: =+'Trim Rwd'!H33 -> 274.78571 | P38: =O38*(Q38-R38-S38) -> 378105.14 | Q38: 1440 | R38: 0 | S38: 64 | T38: =E38*M38*O38*Q38/100000000 -> 54.887347 | U38: =E38*M38*O38*(Q38-R38-S38)/100000000 -> 52.44791 | V38: =E38*G38*(1-N38)*O38/100*(R38+S38)/1000000 -> 2.4038254 | W38: =+'8'!K34/1000 -> 47.835 | X38: =SUM(W38:W41)/SUM(K38:K41) -> 0.87151233 | Y38: 0 | Z38: 0 | AA38: =SUM(U38:U41)-SUM(W38:W41)-SUM(Z38:Z41)-SUM(Y38:Y41) -> 4.6129096 | AB38: =(SUM(K38:K41)-SUM(W38:W41)-SUM(Y38:Y41)-SUM(Z38:Z41)-SUM(AC38:AC41)-SUM(V38:V41))-AA38 -> 0.035612229 | AC38: =K38-T38 -> 0 | AD38: =+AM38+BA38 -> 20 | AE38: - Sheet Breaks (4x) | AF38: 20 | AM38: =SUM(AF38:AL38)+AT38+AV38+AX38 -> 20 | AR38: =SUM(AN38:AQ38) -> 0 | BA38: =+AR38+AS38+AU38+AW38+AY38+AZ38 -> 0 | BB38: 4
AD39: =+AM39+BA39 -> 17 | AE39: - Change Blade (14x) | AG39: 17 | AM39: =SUM(AF39:AL39)+AT39+AV39+AX39 -> 17 | AR39: =SUM(AN39:AQ39) -> 0 | BA39: =+AR39+AS39+AU39+AW39+AY39+AZ39 -> 0 | BC39: 14
AD40: =+AM40+BA40 -> 27 | AE40: - Change Spool (26x) | AH40: 27 | AM40: =SUM(AF40:AL40)+AT40+AV40+AX40 -> 27 | AR40: =SUM(AN40:AQ40) -> 0 | BA40: =+AR40+AS40+AU40+AW40+AY40+AZ40 -> 0
A42: 45939 | B42: Toilet | C42: =(M42*E42*O42*Q42)/100000000 -> 56.94381 | D42: VP OW | E42: 12.5 | F42: 1 | G42: 1350 | H42: 0.2 | I42: 0.88 | J42: =E42*G42*(1-H42)*1440/1000000*2.87 -> 55.7928 | K42: =(IF(G42<L42,L42,G42)*(1-IF(H42<N42,H42,N42))*E42*O42*Q42)/100000000 -> 56.94381 | L42: 1383.3333 | M42: 1120.5 | N42: =1-(M42/L42) -> 0.19 | O42: =+'Trim Rwd'!H36 -> 282.33333 | P42: =O42*(Q42-R42-S42) -> 385385 | Q42: 1440 | R42: 0 | S42: 75 | T42: =E42*M42*O42*Q42/100000000 -> 56.94381 | U42: =E42*M42*O42*(Q42-R42-S42)/100000000 -> 53.977987 | V42: =E42*G42*(1-N42)*O42/100*(R42+S42)/1000000 -> 2.8943578 | W42: =+'9'!K34/1000 -> 56.943 | X42: =SUM(W42:W45)/SUM(K42:K45) -> 0.99998578 | Y42: 0 | Z42: 0 | AA42: =SUM(U42:U45)-SUM(W42:W45)-SUM(Z42:Z45)-SUM(Y42:Y45) -> -2.9650134 | AB42: =(SUM(K42:K45)-SUM(W42:W45)-SUM(Y42:Y45)-SUM(Z42:Z45)-SUM(AC42:AC45)-SUM(V42:V45))-AA42 -> 0.071465625 | AC42: =K42-T42 -> 0 | AD42: =+AM42+BA42 -> 25 | AE42: - Sheet Breaks (5x) | AF42: 25 | AM42: =SUM(AF42:AL42)+AT42+AV42+AX42 -> 25 | AR42: =SUM(AN42:AQ42) -> 0 | BA42: =+AR42+AS42+AU42+AW42+AY42+AZ42 -> 0 | BB42: 5
AD43: =+AM43+BA43 -> 18 | AE43: - Change Blade (17x) | AG43: 18 | AM43: =SUM(AF43:AL43)+AT43+AV43+AX43 -> 18 | AR43: =SUM(AN43:AQ43) -> 0 | BA43: =+AR43+AS43+AU43+AW43+AY43+AZ43 -> 0 | BC43: 17
AD44: =+AM44+BA44 -> 32 | AE44: - Change Spool (32x) | AH44: 32 | AM44: =SUM(AF44:AL44)+AT44+AV44+AX44 -> 32 | AR44: =SUM(AN44:AQ44) -> 0 | BA44: =+AR44+AS44+AU44+AW44+AY44+AZ44 -> 0
A46: 45940 | B46: Toilet | C46: =(M46*E46*O46*Q46)/100000000 -> 55.765417 | D46: VP OW | E46: 12.5 | F46: 1 | G46: 1350 | H46: 0.2 | I46: 0.88 | J46: =E46*G46*(1-H46)*1440/1000000*2.87 -> 55.7928 | K46: =(IF(G46<L46,L46,G46)*(1-IF(H46<N46,H46,N46))*E46*O46*Q46)/100000000 -> 55.765417 | L46: 1397.5694 | M46: 1118.0556 | N46: =1-(M46/L46) -> 0.2 | O46: =+'Trim Rwd'!H39 -> 277.09524 | P46: =O46*(Q46-R46-S46) -> 383776.9 | Q46: 1440 | R46: 0 | S46: 55 | T46: =E46*M46*O46*Q46/100000000 -> 55.765417 | U46: =E46*M46*O46*(Q46-R46-S46)/100000000 -> 53.635488 | V46: =E46*G46*(1-N46)*O46/100*(R46+S46)/1000000 -> 2.0574321 | W46: =+'10'!K34/1000 -> 40.125 | X46: =SUM(W46:W49)/SUM(K46:K49) -> 0.71953197 | Y46: 0 | Z46: 0 | AA46: =SUM(U46:U49)-SUM(W46:W49)-SUM(Z46:Z49)-SUM(Y46:Y49) -> 13.510488 | AB46: =(SUM(K46:K49)-SUM(W46:W49)-SUM(Y46:Y49)-SUM(Z46:Z49)-SUM(AC46:AC49)-SUM(V46:V49))-AA46 -> 0.072496966 | AC46: =K46-T46 -> 0 | AD46: =+AM46+BA46 -> 10 | AE46: - Sheet Breaks (2x) | AF46: 10 | AM46: =SUM(AF46:AL46)+AT46+AV46+AX46 -> 10 | AR46: =SUM(AN46:AQ46) -> 0 | BA46: =+AR46+AS46+AU46+AW46+AY46+AZ46 -> 0 | BB46: 2
AD47: =+AM47+BA47 -> 15 | AE47: - Change Blade (8x) | AG47: 15 | AM47: =SUM(AF47:AL47)+AT47+AV47+AX47 -> 15 | AR47: =SUM(AN47:AQ47) -> 0 | BA47: =+AR47+AS47+AU47+AW47+AY47+AZ47 -> 0 | BC47: 8
AD48: =+AM48+BA48 -> 30 | AE48: - Change Spool (27x) | AH48: 30 | AM48: =SUM(AF48:AL48)+AT48+AV48+AX48 -> 30 | AR48: =SUM(AN48:AQ48) -> 0 | BA48: =+AR48+AS48+AU48+AW48+AY48+AZ48 -> 0
A50: 45941 | B50: Toilet | C50: =(M50*E50*O50*Q50)/100000000 -> 43.721562 | D50: VP OW | E50: 12.5 | F50: 1 | G50: 1350 | H50: 0.2 | I50: 0.88 | J50: =E50*G50*(1-H50)*1440/1000000*2.87 -> 55.7928 | K50: =(IF(G50<L50,L50,G50)*(1-IF(H50<N50,H50,N50))*E50*O50*Q50)/100000000 -> 44.275 | L50: 1400 | M50: =+L50-L50*0.21 -> 1106 | N50: =1-(M50/L50) -> 0.21 | O50: =+'Trim Rwd'!H42 -> 275 | P50: =O50*(Q50-R50-S50) -> 309100 | Q50: 1150 | R50: 0 | S50: 26 | T50: =E50*M50*O50*Q50/100000000 -> 43.721562 | U50: =E50*M50*O50*(Q50-R50-S50)/100000000 -> 42.733075 | V50: =E50*G50*(1-N50)*O50/100*(R50+S50)/1000000 -> 0.95318437 | W50: =+'11'!K13/1000 -> 50.205 | X50: =SUM(W50:W53)/SUM(K50:K53) -> 0.97475649 | Y50: 0 | Z50: 0 | AA50: =SUM(U50:U53)-SUM(W50:W53)-SUM(Z50:Z53)-SUM(Y50:Y53) -> -0.48605828 | AB50: =(SUM(K50:K53)-SUM(W50:W53)-SUM(Y50:Y53)-SUM(Z50:Z53)-SUM(AC50:AC53)-SUM(V50:V53))-AA50 -> 0.046765597 | AC50: =K50-T50 -> 0.5534375 | AD50: =+AM50+BA50 -> 0 | AE50: - Sheet Breaks (0x) | AF50: 0 | AM50: =SUM(AF50:AL50)+AT50+AV50+AX50 -> 0 | AR50: =SUM(AN50:AQ50) -> 0 | BA50: =+AR50+AS50+AU50+AW50+AY50+AZ50 -> 0 | BB50: 4
B51: Toilet | C51: =(M51*E51*O51*Q51)/100000000 -> 10.670005 | D51: VP OW | E51: 14 | F51: 1 | G51: 1255 | H51: 0.24 | I51: 0.88 | J51: =E51*G51*(1-H51)*1440/1000000*2.87 -> 55.186105 | K51: =(IF(G51<L51,L51,G51)*(1-IF(H51<N51,H51,N51))*E51*O51*Q51)/100000000 -> 10.670005 | L51: 1300 | M51: =+L51-L51*0.24 -> 988 | N51: =1-(M51/L51) -> 0.24 | O51: =+'Trim Rwd'!H43 -> 266 | P51: =O51*(Q51-R51-S51) -> 74746 | Q51: 290 | R51: 0 | S51: 9 | T51: =E51*M51*O51*Q51/100000000 -> 10.670005 | U51: =E51*M51*O51*(Q51-R51-S51)/100000000 -> 10.338867 | V51: =E51*G51*(1-N51)*O51/100*(R51+S51)/1000000 -> 0.31967561 | W51: =+'11'!K14/1000 -> 3.353 | AC51: =K51-T51 -> 0 | AD51: =+AM51+BA51 -> 9 | AE51: - Change Blade (4x) | AG51: 9 | AM51: =SUM(AF51:AL51)+AT51+AV51+AX51 -> 9 | AR51: =SUM(AN51:AQ51) -> 0 | BA51: =+AR51+AS51+AU51+AW51+AY51+AZ51 -> 0 | BC51: 25
AD52: =+AM52+BA52 -> 26 | AE52: - Change Spool (25x) | AH52: 26 | AM52: =SUM(AF52:AL52)+AT52+AV52+AX52 -> 26 | AR52: =SUM(AN52:AQ52) -> 0 | BA52: =+AR52+AS52+AU52+AW52+AY52+AZ52 -> 0
A54: 45942 | B54: Toilet | C54: =(M54*E54*O54*Q54)/100000000 -> 17.660698 | D54: VP OW | E54: 14 | F54: 1 | G54: 1255 | H54: 0.24 | I54: 0.88 | J54: =E54*G54*(1-H54)*1440/1000000*2.87 -> 55.186105 | K54: =(IF(G54<L54,L54,G54)*(1-IF(H54<N54,H54,N54))*E54*O54*Q54)/100000000 -> 17.660698 | L54: 1300 | M54: =+L54-L54*0.24 -> 988 | N54: =1-(M54/L54) -> 0.24 | O54: =+'Trim Rwd'!H45 -> 266 | P54: =O54*(Q54-R54-S54) -> 123690 | Q54: 480 | R54: 0 | S54: 15 | T54: =E54*M54*O54*Q54/100000000 -> 17.660698 | U54: =E54*M54*O54*(Q54-R54-S54)/100000000 -> 17.108801 | V54: =E54*G54*(1-N54)*O54/100*(R54+S54)/1000000 -> 0.53279268 | W54: =+'12'!K14/1000 -> 23.04 | X54: =SUM(W54:W57)/SUM(K54:K57) -> 0.9186246 | Y54: 0 | Z54: 0 | AA54: =SUM(U54:U57)-SUM(W54:W57)-SUM(Z54:Z57)-SUM(Y54:Y57) -> 1.3124288 | AB54: =(SUM(K54:K57)-SUM(W54:W57)-SUM(Y54:Y57)-SUM(Z54:Z57)-SUM(AC54:AC57)-SUM(V54:V57))-AA54 -> 0.06158052 | AC54: =K54-T54 -> 0 | AD54: =+AM54+BA54 -> 15 | AE54: - Sheet Breaks (3x) | AF54: 15 | AM54: =SUM(AF54:AL54)+AT54+AV54+AX54 -> 15 | AR54: =SUM(AN54:AQ54) -> 0 | BA54: =+AR54+AS54+AU54+AW54+AY54+AZ54 -> 0 | BB54: 3
B55: Toilet | C55: =(M55*E55*O55*Q55)/100000000 -> 22.087728 | D55: VP OW | E55: 15 | F55: 1 | G55: 1255 | H55: 0.24 | I55: 0.88 | J55: =E55*G55*(1-H55)*1440/1000000*2.87 -> 59.12797 | K55: =(IF(G55<L55,L55,G55)*(1-IF(H55<N55,H55,N55))*E55*O55*Q55)/100000000 -> 22.087728 | L55: 1300 | M55: =+L55-L55*0.24 -> 988 | N55: =1-(M55/L55) -> 0.24 | O55: =+'Trim Rwd'!H47 -> 276 | P55: =O55*(Q55-R55-S55) -> 140760 | Q55: =480+60 -> 540 | R55: 0 | S55: 30 | T55: =E55*M55*O55*Q55/100000000 -> 22.087728 | U55: =E55*M55*O55*(Q55-R55-S55)/100000000 -> 20.860632 | V55: =E55*G55*(1-N55)*O55/100*(R55+S55)/1000000 -> 1.1846196 | W55: =+'12'!K15/1000 -> 20.471 | AC55: =K55-T55 -> 0 | AD55: =+AM55+BA55 -> 8 | AE55: - Change Blade (2x) | AG55: 8 | AM55: =SUM(AF55:AL55)+AT55+AV55+AX55 -> 8 | AR55: =SUM(AN55:AQ55) -> 0 | BA55: =+AR55+AS55+AU55+AW55+AY55+AZ55 -> 0 | BC55: 2
B56: Toilet | C56: =(M56*E56*O56*Q56)/100000000 -> 15.41736 | D56: VP OW | E56: 12.5 | F56: 1 | G56: 1400 | H56: 0.23 | I56: 0.88 | J56: =E56*G56*(1-H56)*1440/1000000*2.87 -> 55.68948 | K56: =(IF(G56<L56,L56,G56)*(1-IF(H56<N56,H56,N56))*E56*O56*Q56)/100000000 -> 15.62022 | L56: 1400 | M56: =+L56-L56*0.24 -> 1064 | N56: =1-(M56/L56) -> 0.24 | O56: =+'Trim Rwd'!H48 -> 276 | P56: =O56*(Q56-R56-S56) -> 106812 | Q56: 420 | R56: 0 | S56: 33 | T56: =E56*M56*O56*Q56/100000000 -> 15.41736 | U56: =E56*M56*O56*(Q56-R56-S56)/100000000 -> 14.205996 | V56: =E56*G56*(1-N56)*O56/100*(R56+S56)/1000000 -> 1.211364 | W56: =+'12'!K13/1000 -> 7.352 | AC56: =K56-T56 -> 0.20286 | AD56: =+AM56+BA56 -> 30 | AE56: - Change Spool (28x) | AH56: 30 | AM56: =SUM(AF56:AL56)+AT56+AV56+AX56 -> 30 | AR56: =SUM(AN56:AQ56) -> 0 | BA56: =+AR56+AS56+AU56+AW56+AY56+AZ56 -> 0
AD57: =+AM57+BA57 -> 25 | AE57: - 08.20 MED setting doctor blade | AJ57: 25 | AM57: =SUM(AF57:AL57)+AT57+AV57+AX57 -> 25 | AR57: =SUM(AN57:AQ57) -> 0 | BA57: =+AR57+AS57+AU57+AW57+AY57+AZ57 -> 0
A59: 45943 | B59: Toilet | C59: =(M59*E59*O59*Q59)/100000000 -> 30.765657 | D59: VP OW | E59: 12.5 | F59: 1 | G59: 1400 | H59: 0.23 | I59: 0.88 | J59: =E59*G59*(1-H59)*1440/1000000*2.87 -> 55.68948 | K59: =(IF(G59<L59,L59,G59)*(1-IF(H59<N59,H59,N59))*E59*O59*Q59)/100000000 -> 31.170468 | L59: 1400 | M59: =+L59-L59*0.24 -> 1064 | N59: =1-(M59/L59) -> 0.24 | O59: =+'Trim Rwd'!H50 -> 275.38182 | P59: =O59*(Q59-R59-S59) -> 224436.18 | Q59: 840 | R59: 0 | S59: 25 | T59: =E59*M59*O59*Q59/100000000 -> 30.765657 | U59: =E59*M59*O59*(Q59-R59-S59)/100000000 -> 29.850012 | V59: =E59*G59*(1-N59)*O59/100*(R59+S59)/1000000 -> 0.91564455 | W59: =+'13'!K13/1000 -> 34.926 | X59: =SUM(W59:W62)/SUM(K59:K62) -> 0.8829953 | Y59: 0 | Z59: =+'13'!D34/1000 -> 0.66 | AA59: =SUM(U59:U62)-SUM(W59:W62)-SUM(Z59:Z62)-SUM(Y59:Y62) -> 3.2356547 | AB59: =(SUM(K59:K62)-SUM(W59:W62)-SUM(Y59:Y62)-SUM(Z59:Z62)-SUM(AC59:AC62)-SUM(V59:V62))-AA59 -> 0.002547216 | AC59: =K59-T59 -> 0.40481127 | AD59: =+AM59+BA59 -> 5 | AE59: - Sheet Breaks (1x) | AF59: 5 | AM59: =SUM(AF59:AL59)+AT59+AV59+AX59 -> 5 | AR59: =SUM(AN59:AQ59) -> 0 | BA59: =+AR59+AS59+AU59+AW59+AY59+AZ59 -> 0 | BB59: 1
B60: Toilet | C60: =(M60*E60*O60*Q60)/100000000 -> 14.800666 | D60: VP OW | E60: 12 | F60: 1 | G60: 1400 | H60: 0.2 | I60: 0.88 | J60: =E60*G60*(1-H60)*1440/1000000*2.87 -> 55.544832 | K60: =(IF(G60<L60,L60,G60)*(1-IF(H60<N60,H60,N60))*E60*O60*Q60)/100000000 -> 15.579648 | L60: 1400 | M60: =+L60-L60*0.24 -> 1064 | N60: =1-(M60/L60) -> 0.24 | O60: =+'Trim Rwd'!H52 -> 276 | P60: =O60*(Q60-R60-S60) -> 114540 | Q60: 420 | R60: 0 | S60: 5 | T60: =E60*M60*O60*Q60/100000000 -> 14.800666 | U60: =E60*M60*O60*(Q60-R60-S60)/100000000 -> 14.624467 | V60: =E60*G60*(1-N60)*O60/100*(R60+S60)/1000000 -> 0.1761984 | W60: =+'13'!K10/1000 -> 12.202 | AC60: =K60-T60 -> 0.7789824 | AD60: =+AM60+BA60 -> 5 | AE60: - Change Blade (1x) | AG60: 5 | AM60: =SUM(AF60:AL60)+AT60+AV60+AX60 -> 5 | AR60: =SUM(AN60:AQ60) -> 0 | BA60: =+AR60+AS60+AU60+AW60+AY60+AZ60 -> 0 | BC60: 1
B61: Toilet | C61: =(M61*E61*O61*Q61)/100000000 -> 6.6227616 | D61: VP OW | E61: 14 | F61: 1 | G61: 1255 | H61: 0.24 | I61: 0.88 | J61: =E61*G61*(1-H61)*1440/1000000*2.87 -> 55.186105 | K61: =(IF(G61<L61,L61,G61)*(1-IF(H61<N61,H61,N61))*E61*O61*Q61)/100000000 -> 6.6227616 | L61: 1300 | M61: =+L61-L61*0.24 -> 988 | N61: =1-(M61/L61) -> 0.24 | O61: =+'Trim Rwd'!H53 -> 266 | P61: =O61*(Q61-R61-S61) -> 47348 | Q61: 180 | R61: 0 | S61: 2 | T61: =E61*M61*O61*Q61/100000000 -> 6.6227616 | U61: =E61*M61*O61*(Q61-R61-S61)/100000000 -> 6.5491754 | V61: =E61*G61*(1-N61)*O61/100*(R61+S61)/1000000 -> 0.071039024 | W61: =+'13'!K14/1000 -> 0 | AC61: =K61-T61 -> 0 | AD61: =+AM61+BA61 -> 22 | AE61: - Change Spool (30x) | AH61: 22 | AM61: =SUM(AF61:AL61)+AT61+AV61+AX61 -> 22 | AR61: =SUM(AN61:AQ61) -> 0 | BA61: =+AR61+AS61+AU61+AW61+AY61+AZ61 -> 0
A63: 45944 | B63: Toilet | C63: =(M63*E63*O63*Q63)/100000000 -> 18.212594 | D63: VP OW | E63: 14 | F63: 1 | G63: 1255 | H63: 0.24 | I63: 0.88 | J63: =E63*G63*(1-H63)*1440/1000000*2.87 -> 55.186105 | K63: =(IF(G63<L63,L63,G63)*(1-IF(H63<N63,H63,N63))*E63*O63*Q63)/100000000 -> 18.212594 | L63: 1300 | M63: =+L63-L63*0.24 -> 988 | N63: =1-(M63/L63) -> 0.24 | O63: =+'Trim Rwd'!H55 -> 266 | P63: =O63*(Q63-R63-S63) -> 129542 | Q63: 495 | R63: 0 | S63: 8 | T63: =E63*M63*O63*Q63/100000000 -> 18.212594 | U63: =E63*M63*O63*(Q63-R63-S63)/100000000 -> 17.918249 | V63: =E63*G63*(1-N63)*O63/100*(R63+S63)/1000000 -> 0.2841561 | W63: =+'14'!K14/1000 -> 27.901 | X63: =SUM(W63:W66)/SUM(K63:K66) -> 0.78521739 | Y63: 0 | Z63: =+'14'!D34/1000 -> 1.22 | AA63: =SUM(U63:U66)-SUM(W63:W66)-SUM(Z63:Z66)-SUM(Y63:Y66) -> 9.6652324 | AB63: =(SUM(K63:K66)-SUM(W63:W66)-SUM(Y63:Y66)-SUM(Z63:Z66)-SUM(AC63:AC66)-SUM(V63:V66))-AA63 -> 0.023063997 | AC63: =K63-T63 -> 0 | AD63: =+AM63+BA63 -> 0 | AE63: - Sheet Breaks (0x) | AF63: 0 | AM63: =SUM(AF63:AL63)+AT63+AV63+AX63 -> 0 | AR63: =SUM(AN63:AQ63) -> 0 | BA63: =+AR63+AS63+AU63+AW63+AY63+AZ63 -> 0 | BB63: 0
B64: Toilet | C64: =(M64*E64*O64*Q64)/100000000 -> 35.591614 | D64: VP OW | E64: 15 | F64: 1 | G64: 1160 | H64: =+N64 -> 0.23 | I64: 0.88 | J64: =E64*G64*(1-H64)*1440/1000000*2.87 -> 55.371254 | K64: =(IF(G64<L64,L64,G64)*(1-IF(H64<N64,H64,N64))*E64*O64*Q64)/100000000 -> 35.591614 | L64: 1201.0582 | M64: 924.81481 | N64: =1-(M64/L64) -> 0.23 | O64: =+'Trim Rwd'!H56 -> 271.5 | P64: =O64*(Q64-R64-S64) -> 253852.5 | Q64: 945 | R64: 0 | S64: 10 | T64: =E64*M64*O64*Q64/100000000 -> 35.591614 | U64: =E64*M64*O64*(Q64-R64-S64)/100000000 -> 35.214983 | V64: =E64*G64*(1-N64)*O64/100*(R64+S64)/1000000 -> 0.3637557 | W64: =+'14'!K15/1000 -> 13.813 | AC64: =K64-T64 -> 0 | AD64: =+AM64+BA64 -> 0 | AE64: - Change Blade (0x) | AG64: 0 | AM64: =SUM(AF64:AL64)+AT64+AV64+AX64 -> 0 | AR64: =SUM(AN64:AQ64) -> 0 | BA64: =+AR64+AS64+AU64+AW64+AY64+AZ64 -> 0 | BC64: 0
B65: Toilet | E65: 12.5 | W65: =+'14'!K13/1000 -> 0.534 | AD65: =+AM65+BA65 -> 18 | AE65: - Change Spool (28x) | AH65: 18 | AM65: =SUM(AF65:AL65)+AT65+AV65+AX65 -> 18 | AR65: =SUM(AN65:AQ65) -> 0 | BA65: =+AR65+AS65+AU65+AW65+AY65+AZ65 -> 0
A67: 45945 | B67: Toilet | C67: =(M67*E67*O67*Q67)/100000000 -> 14.618483 | D67: VP OW | E67: 15 | F67: 1 | G67: 1140 | H67: =+N67 -> 0.22 | I67: 0.88 | J67: =E67*G67*(1-H67)*1440/1000000*2.87 -> 55.123286 | K67: =(IF(G67<L67,L67,G67)*(1-IF(H67<N67,H67,N67))*E67*O67*Q67)/100000000 -> 14.618483 | L67: 1180 | M67: =+L67-L67*0.22 -> 920.4 | N67: =1-(M67/L67) -> 0.22 | O67: =+'Trim Rwd'!H59 -> 271.5 | P67: =O67*(Q67-R67-S67) -> 104527.5 | Q67: 390 | R67: 0 | S67: 5 | T67: =E67*M67*O67*Q67/100000000 -> 14.618483 | U67: =E67*M67*O67*(Q67-R67-S67)/100000000 -> 14.431067 | V67: =E67*G67*(1-N67)*O67/100*(R67+S67)/1000000 -> 0.18106335 | W67: =+'15'!K15/1000 -> 20.726 | X67: =SUM(W67:W70)/SUM(K67:K70) -> 0.87302044 | Y67: 0 | Z67: =+'15'!D7/1000 -> 1.83 | AA67: =SUM(U67:U70)-SUM(W67:W70)-SUM(Z67:Z70)-SUM(Y67:Y70) -> 4.1042124 | AB67: =(SUM(K67:K70)-SUM(W67:W70)-SUM(Y67:Y70)-SUM(Z67:Z70)-SUM(AC67:AC70)-SUM(V67:V70))-AA67 -> 0.028539568 | AC67: =K67-T67 -> 0 | AD67: =+AM67+BA67 -> 0 | AE67: - Sheet Breaks (0x) | AF67: 0 | AM67: =SUM(AF67:AL67)+AT67+AV67+AX67 -> 0 | AR67: =SUM(AN67:AQ67) -> 0 | BA67: =+AR67+AS67+AU67+AW67+AY67+AZ67 -> 0 | BB67: 0
