Workbook

Sheet eff all value

Sheet eff all value (2)

Sheet eff all value (3)

Sheet eff all value (4)

Sheet Report1
A3: PAPER MACHINE 16 DAILY REPORT 1
A6: Date | B6: Grade | C6: GSM | D6: Speed yankee (mpm) | E6: Speed reel (mpm) | F6: Creep ( % ) | G6: Real Eff PM ( % ) | H6: Real Eff PM vs Target (%) | I6: Real Eff FG vs Real Eff PM (%) | J6: Eff FG vs Target (%) | L6: Kapasitas Target (ton) | N6: Kapasitas Teori Real (ton) | P6: PM PROD Timbangan (TON) | R6: FINSHED GOODS (TON) | T6: STEAM (TON) | Z6: POWER (kWh) | AF6: POWER WPL (kWh) | AL6: Kapasitas Running (ton) | AN6: Eff FG vs Target Running(%)
T7: CONSUMPTION | V7: /TON PM. | X7: /TON FG. | Z7: CONSUMPTION | AB7: /TON PM | AD7: /TON FG | AF7: CONSUMPTION | AH7: /TON PM | AJ7: /TON FG
J8: TODAY | K8: TODATE | L8: TODAY | M8: TODATE | N8: TODAY | O8: TODATE | P8: TODAY | Q8: TODATE | R8: TODAY | S8: TODATE | T8: TODAY | U8: TODATE | V8: TODAY | W8: TODATE | X8: TODAY | Y8: TODATE | Z8: TODAY | AA8: TODATE | AB8: TODAY | AC8: TODATE | AD8: TODAY | AE8: TODATE | AF8: TODAY | AG8: TODATE | AH8: TODAY | AI8: TODATE | AJ8: TODAY | AK8: TODATE | AL8: TODAY | AM8: TODATE | AN8: TODAY | AO8: TODATE
A9: 46113 | B9: Napkin | C9: 12 | D9: =+'1'!F42 -> 1393.7121 | E9: =+'1'!G42 -> 1142.8439 | F9: =1-(E9/D9) -> 0.18 | G9: =+P9/N9 -> 0.69173976 | H9: =+P9/L9 -> 0.68863292 | I9: =+R9/P9 -> 0.9656732 | J9: =+R9/L9 -> 0.66499436 | K9: =+S9/M9 -> 0.66499436 | L9: =+Efficiency1!K6 -> 55.544832 | M9: =L9 -> 55.544832 | N9: =+Efficiency1!C6 -> 55.295361 | O9: =N9 -> 55.295361 | P9: ='1'!I38 -> 38.25 | Q9: =P9 -> 38.25 | R9: ='1'!I40 -> 36.937 | S9: =R9 -> 36.937 | T9: 121.9 | U9: =T9 -> 121.9 | V9: =T9/(P9) -> 3.1869281 | W9: =U9/(Q9) -> 3.1869281 | X9: =IF(AND(R9>0,T9>0),T9/(R9),0) -> 3.3002139 | Y9: =IF(AND(S9>0,U9>0),U9/(S9),0) -> 3.3002139 | Z9: ='1'!I46 -> 49061.086 | AA9: =Z9 -> 49061.086 | AB9: =IF(AND(L9>0,Z9>0),(Z9/(P9*1000)*1000),0) -> 1282.6428 | AC9: =IF(AND(M9>0,AA9>0),(AA9/(Q9*1000)*1000),0) -> 1282.6428 | AD9: =IF(AND(R9>0,Z9>0),(Z9/(R9*1000)*1000),0) -> 1328.2369 | AE9: =IF(AND(S9>0,AA9>0),(AA9/(S9*1000)*1000),0) -> 1328.2369 | AF9: =+Listrik!AQ8 -> 0 | AG9: =AF9 -> 0 | AH9: =IF(AND(L9>0,AF9>0),(AF9/(P9*1000)*1000),0) -> 0 | AI9: =IF(AND(M9>0,AG9>0),(AG9/(Q9*1000)*1000),0) -> 0 | AJ9: =IF(AND(R9>0,AF9>0),(AF9/(R9*1000)*1000),0) -> 0 | AK9: =IF(AND(S9>0,AG9>0),(AG9/(S9*1000)*1000),0) -> 0 | AL9: =+Efficiency2!K6 -> 55.544832 | AM9: =AL9 -> 55.544832 | AN9: =+R9/AL9 -> 0.66499436 | AO9: =+S9/AM9 -> 0.66499436
A10: =A9+1 -> 46114 | B10: Napkin | C10: 12 | D10: =+'2'!F42 -> 1400 | E10: =+'2'!G42 -> 1148 | F10: =1-(E10/D10) -> 0.18 | G10: =+P10/N10 -> 0.94487638 | H10: =+P10/L10 -> 0.94487638 | I10: =+R10/P10 -> 1.0229027 | J10: =+R10/L10 -> 0.96651656 | K10: =+S10/M10 -> 0.81575546 | L10: =+Efficiency1!K11 -> 55.544832 | M10: =M9+L10 -> 111.08966 | N10: =+Efficiency1!C11 -> 55.544832 | O10: =O9+N10 -> 110.84019 | P10: ='2'!I38 -> 52.483 | Q10: =Q9+P10 -> 90.733 | R10: ='2'!I40 -> 53.685 | S10: =S9+R10 -> 90.622 | T10: 126.1 | U10: =T10+U9 -> 248 | V10: =T10/(P10) -> 2.4026828 | W10: =U10/(Q10) -> 2.7332944 | X10: =IF(AND(R10>0,T10>0),T10/(R10),0) -> 2.348887 | Y10: =IF(AND(S10>0,U10>0),U10/(S10),0) -> 2.7366423 | Z10: ='2'!I46 -> 56751.539 | AA10: =Z10+AA9 -> 105812.63 | AB10: =IF(AND(L10>0,Z10>0),(Z10/(P10*1000)*1000),0) -> 1081.3318 | AC10: =IF(AND(M10>0,AA10>0),(AA10/(Q10*1000)*1000),0) -> 1166.1978 | AD10: =IF(AND(R10>0,Z10>0),(Z10/(R10*1000)*1000),0) -> 1057.121 | AE10: =IF(AND(S10>0,AA10>0),(AA10/(S10*1000)*1000),0) -> 1167.6262 | AF10: =+Listrik!AQ9 -> 0 | AG10: =AF10+AG9 -> 0 | AH10: =IF(AND(L10>0,AF10>0),(AF10/(P10*1000)*1000),0) -> 0 | AI10: =IF(AND(M10>0,AG10>0),(AG10/(Q10*1000)*1000),0) -> 0 | AJ10: =IF(AND(R10>0,AF10>0),(AF10/(R10*1000)*1000),0) -> 0 | AK10: =IF(AND(S10>0,AG10>0),(AG10/(S10*1000)*1000),0) -> 0 | AL10: =+Efficiency2!K11 -> 55.544832 | AM10: =AM9+AL10 -> 111.08966 | AN10: =+R10/AL10 -> 0.96651656 | AO10: =+S10/AM10 -> 0.81575546
A11: =A10+1 -> 46115 | B11: Napkin | C11: 12/11 | D11: =+'3'!F42 -> 1400 | E11: =+'3'!G42 -> 1148 | F11: =1-(E11/D11) -> 0.18 | G11: =+P11/N11 -> 0.98510456 | H11: =+P11/L11 -> 0.98510456 | I11: =+R11/P11 -> 1.1140426 | J11: =+R11/L11 -> 1.0974484 | K11: =+S11/M11 -> 0.90459365 | L11: =+SUM(Efficiency1!K16:K17) -> 51.173248 | M11: =M10+L11 -> 162.26291 | N11: =+SUM(Efficiency1!C16:C17) -> 51.173248 | O11: =O10+N11 -> 162.01344 | P11: ='3'!I38 -> 50.411 | Q11: =Q10+P11 -> 141.144 | R11: ='3'!I40 -> 56.16 | S11: =S10+R11 -> 146.782 | T11: 126.8 | U11: =T11+U10 -> 374.8 | V11: =T11/(P11) -> 2.515324 | W11: =U11/(Q11) -> 2.6554441 | X11: =IF(AND(R11>0,T11>0),T11/(R11),0) -> 2.2578348 | Y11: =IF(AND(S11>0,U11>0),U11/(S11),0) -> 2.5534466 | Z11: ='3'!I46 -> 54153.334 | AA11: =Z11+AA10 -> 159965.96 | AB11: =IF(AND(L11>0,Z11>0),(Z11/(P11*1000)*1000),0) -> 1074.2365 | AC11: =IF(AND(M11>0,AA11>0),(AA11/(Q11*1000)*1000),0) -> 1133.3529 | AD11: =IF(AND(R11>0,Z11>0),(Z11/(R11*1000)*1000),0) -> 964.26876 | AE11: =IF(AND(S11>0,AA11>0),(AA11/(S11*1000)*1000),0) -> 1089.82 | AF11: =+Listrik!AQ10 -> 0 | AG11: =AF11+AG10 -> 0 | AH11: =IF(AND(L11>0,AF11>0),(AF11/(P11*1000)*1000),0) -> 0 | AI11: =IF(AND(M11>0,AG11>0),(AG11/(Q11*1000)*1000),0) -> 0 | AJ11: =IF(AND(R11>0,AF11>0),(AF11/(R11*1000)*1000),0) -> 0 | AK11: =IF(AND(S11>0,AG11>0),(AG11/(S11*1000)*1000),0) -> 0 | AL11: =+SUM(Efficiency2!K16:K17) -> 51.173248 | AM11: =AM10+AL11 -> 162.26291 | AN11: =+R11/AL11 -> 1.0974484 | AO11: =+S11/AM11 -> 0.90459365
A12: =A11+1 -> 46116 | B12: Napkin | C12: 11/16,5/17 | D12: =+'4'!F42 -> 1160.3333 | E12: =+'4'!G42 -> 968.78333 | F12: =1-(E12/D12) -> 0.16508187 | G12: =+P12/N12 -> 0.94752367 | H12: =+P12/L12 -> 0.94752367 | I12: =+R12/P12 -> 0.90292706 | J12: =+R12/L12 -> 0.85554476 | K12: =+S12/M12 -> 0.89247977 | L12: =+SUM(Efficiency1!K20:K23) -> 53.218723 | M12: =M11+L12 -> 215.48164 | N12: =+SUM(Efficiency1!C20:C23) -> 53.218723 | O12: =O11+N12 -> 215.23216 | P12: ='4'!I38 -> 50.426 | Q12: =Q11+P12 -> 191.57 | R12: ='4'!I40 -> 45.531 | S12: =S11+R12 -> 192.313 | T12: 123 | U12: =T12+U11 -> 497.8 | V12: =T12/(P12) -> 2.4392179 | W12: =U12/(Q12) -> 2.598528 | X12: =IF(AND(R12>0,T12>0),T12/(R12),0) -> 2.7014562 | Y12: =IF(AND(S12>0,U12>0),U12/(S12),0) -> 2.5884886 | Z12: ='4'!I46 -> 45869.034 | AA12: =Z12+AA11 -> 205834.99 | AB12: =IF(AND(L12>0,Z12>0),(Z12/(P12*1000)*1000),0) -> 909.63062 | AC12: =IF(AND(M12>0,AA12>0),(AA12/(Q12*1000)*1000),0) -> 1074.4636 | AD12: =IF(AND(R12>0,Z12>0),(Z12/(R12*1000)*1000),0) -> 1007.4243 | AE12: =IF(AND(S12>0,AA12>0),(AA12/(S12*1000)*1000),0) -> 1070.3124 | AF12: =+Listrik!AQ11 -> 0 | AG12: =AF12+AG11 -> 0 | AH12: =IF(AND(L12>0,AF12>0),(AF12/(P12*1000)*1000),0) -> 0 | AI12: =IF(AND(M12>0,AG12>0),(AG12/(Q12*1000)*1000),0) -> 0 | AJ12: =IF(AND(R12>0,AF12>0),(AF12/(R12*1000)*1000),0) -> 0 | AK12: =IF(AND(S12>0,AG12>0),(AG12/(S12*1000)*1000),0) -> 0 | AL12: =+SUM(Efficiency2!K20:K23) -> 53.218723 | AM12: =AM11+AL12 -> 215.48164 | AN12: =+R12/AL12 -> 0.85554476 | AO12: =+S12/AM12 -> 0.89247977
A13: =A12+1 -> 46117 | B13: Napkin | C13: 17 | D13: =+'5'!F42 -> 980 | E13: =+'5'!G42 -> 833 | F13: =1-(E13/D13) -> 0.15 | G13: =+P13/N13 -> 0.87618562 | H13: =+P13/L13 -> 0.87618562 | I13: =+R13/P13 -> 0.77002964 | J13: =+R13/L13 -> 0.6746889 | K13: =+S13/M13 -> 0.84815678 | L13: =+Efficiency1!K25 -> 55.057968 | M13: =M12+L13 -> 270.5396 | N13: =+Efficiency1!C25 -> 55.057968 | O13: =O12+N13 -> 270.29013 | P13: ='5'!I38 -> 48.241 | Q13: =Q12+P13 -> 239.811 | R13: ='5'!I40 -> 37.147 | S13: =S12+R13 -> 229.46 | T13: 117.8 | U13: =T13+U12 -> 615.6 | V13: =T13/(P13) -> 2.4419063 | W13: =U13/(Q13) -> 2.5670215 | X13: =IF(AND(R13>0,T13>0),T13/(R13),0) -> 3.1711848 | Y13: =IF(AND(S13>0,U13>0),U13/(S13),0) -> 2.6828205 | Z13: ='5'!I46 -> 44000.883 | AA13: =Z13+AA12 -> 249835.88 | AB13: =IF(AND(L13>0,Z13>0),(Z13/(P13*1000)*1000),0) -> 912.10553 | AC13: =IF(AND(M13>0,AA13>0),(AA13/(Q13*1000)*1000),0) -> 1041.8032 | AD13: =IF(AND(R13>0,Z13>0),(Z13/(R13*1000)*1000),0) -> 1184.507 | AE13: =IF(AND(S13>0,AA13>0),(AA13/(S13*1000)*1000),0) -> 1088.7992 | AF13: =+Listrik!AQ12 -> 0 | AG13: =AF13+AG12 -> 0 | AH13: =IF(AND(L13>0,AF13>0),(AF13/(P13*1000)*1000),0) -> 0 | AI13: =IF(AND(M13>0,AG13>0),(AG13/(Q13*1000)*1000),0) -> 0 | AJ13: =IF(AND(R13>0,AF13>0),(AF13/(R13*1000)*1000),0) -> 0 | AK13: =IF(AND(S13>0,AG13>0),(AG13/(S13*1000)*1000),0) -> 0 | AL13: =+Efficiency2!K25 -> 55.057968 | AM13: =AM12+AL13 -> 270.5396 | AN13: =+R13/AL13 -> 0.6746889 | AO13: =+S13/AM13 -> 0.84815678
A14: =A13+1 -> 46118 | B14: Napkin/Towel | C14: 17/17,5/17 | D14: =+'6'!F42 -> 980 | E14: =+'6'!G42 -> 814.7509 | F14: =1-(E14/D14) -> 0.16862153 | G14: =+P14/N14 -> 0.96634942 | H14: =+P14/L14 -> 0.96634942 | I14: =+R14/P14 -> 0.78915038 | J14: =+R14/L14 -> 0.76259501 | K14: =+S14/M14 -> 0.83349853 | L14: =+SUM(Efficiency1!K30:K32) -> 55.93008 | M14: =M13+L14 -> 326.46968 | N14: =+SUM(Efficiency1!C30:C32) -> 55.93008 | O14: =O13+N14 -> 326.22021 | P14: ='6'!I38 -> 54.048 | Q14: =Q13+P14 -> 293.859 | R14: ='6'!I40 -> 42.652 | S14: =S13+R14 -> 272.112 | T14: 119.1 | U14: =T14+U13 -> 734.7 | V14: =T14/(P14) -> 2.2035968 | W14: =U14/(Q14) -> 2.5001787 | X14: =IF(AND(R14>0,T14>0),T14/(R14),0) -> 2.7923661 | Y14: =IF(AND(S14>0,U14>0),U14/(S14),0) -> 2.6999912 | Z14: ='6'!I46 -> 43195.426 | AA14: =Z14+AA13 -> 293031.3 | AB14: =IF(AND(L14>0,Z14>0),(Z14/(P14*1000)*1000),0) -> 799.20489 | AC14: =IF(AND(M14>0,AA14>0),(AA14/(Q14*1000)*1000),0) -> 997.18335 | AD14: =IF(AND(R14>0,Z14>0),(Z14/(R14*1000)*1000),0) -> 1012.7409 | AE14: =IF(AND(S14>0,AA14>0),(AA14/(S14*1000)*1000),0) -> 1076.8775 | AF14: =+Listrik!AQ13 -> 0 | AG14: =AF14+AG13 -> 0 | AH14: =IF(AND(L14>0,AF14>0),(AF14/(P14*1000)*1000),0) -> 0 | AI14: =IF(AND(M14>0,AG14>0),(AG14/(Q14*1000)*1000),0) -> 0 | AJ14: =IF(AND(R14>0,AF14>0),(AF14/(R14*1000)*1000),0) -> 0 | AK14: =IF(AND(S14>0,AG14>0),(AG14/(S14*1000)*1000),0) -> 0 | AL14: =+SUM(Efficiency2!K30:K32) -> 55.93008 | AM14: =AM13+AL14 -> 326.46968 | AN14: =+R14/AL14 -> 0.76259501 | AO14: =+S14/AM14 -> 0.83349853
A15: =A14+1 -> 46119 | B15: Towel | C15: 17 | D15: =+'7'!F42 -> 980 | E15: =+'7'!G42 -> 784 | F15: =1-(E15/D15) -> 0.2 | G15: =+P15/N15 -> 0.97626476 | H15: =+P15/L15 -> 0.97626476 | I15: =+R15/P15 -> 1.1492099 | J15: =+R15/L15 -> 1.1219331 | K15: =+S15/M15 -> 0.87426578 | L15: =+Efficiency1!K34 -> 53.738496 | M15: =M14+L15 -> 380.20818 | N15: =+Efficiency1!C34 -> 53.738496 | O15: =O14+N15 -> 379.95871 | P15: ='7'!I38 -> 52.463 | Q15: =Q14+P15 -> 346.322 | R15: ='7'!I40 -> 60.291 | S15: =S14+R15 -> 332.403 | T15: 120.3 | U15: =T15+U14 -> 855 | V15: =T15/(P15) -> 2.2930446 | W15: =U15/(Q15) -> 2.4688007 | X15: =IF(AND(R15>0,T15>0),T15/(R15),0) -> 1.9953227 | Y15: =IF(AND(S15>0,U15>0),U15/(S15),0) -> 2.572179 | Z15: ='7'!I46 -> 49844.235 | AA15: =Z15+AA14 -> 342875.54 | AB15: =IF(AND(L15>0,Z15>0),(Z15/(P15*1000)*1000),0) -> 950.08359 | AC15: =IF(AND(M15>0,AA15>0),(AA15/(Q15*1000)*1000),0) -> 990.04838 | AD15: =IF(AND(R15>0,Z15>0),(Z15/(R15*1000)*1000),0) -> 826.72763 | AE15: =IF(AND(S15>0,AA15>0),(AA15/(S15*1000)*1000),0) -> 1031.5055 | AF15: =+Listrik!AQ14 -> 0 | AG15: =AF15+AG14 -> 0 | AH15: =IF(AND(L15>0,AF15>0),(AF15/(P15*1000)*1000),0) -> 0 | AI15: =IF(AND(M15>0,AG15>0),(AG15/(Q15*1000)*1000),0) -> 0 | AJ15: =IF(AND(R15>0,AF15>0),(AF15/(R15*1000)*1000),0) -> 0 | AK15: =IF(AND(S15>0,AG15>0),(AG15/(S15*1000)*1000),0) -> 0 | AL15: =+Efficiency2!K34 -> 53.738496 | AM15: =AM14+AL15 -> 380.20818 | AN15: =+R15/AL15 -> 1.1219331 | AO15: =+S15/AM15 -> 0.87426578
A16: =A15+1 -> 46120 | B16: Towel | C16: 17 | D16: =+'8'!F42 -> 980 | E16: =+'8'!G42 -> 774.2 | F16: =1-(E16/D16) -> 0.21 | G16: =+P16/N16 -> 0.91313273 | H16: =+P16/L16 -> 0.90171857 | I16: =+R16/P16 -> 0.95466083 | J16: =+R16/L16 -> 0.86083541 | K16: =+S16/M16 -> 0.87260261 | L16: =+Efficiency1!K38 -> 53.738496 | M16: =M15+L16 -> 433.94667 | N16: =+Efficiency1!C38 -> 53.066765 | O16: =O15+N16 -> 433.02547 | P16: ='8'!I38 -> 48.457 | Q16: =Q15+P16 -> 394.779 | R16: ='8'!I40 -> 46.26 | S16: =S15+R16 -> 378.663 | T16: 112 | U16: =T16+U15 -> 967 | V16: =T16/(P16) -> 2.3113276 | W16: =U16/(Q16) -> 2.4494717 | X16: =IF(AND(R16>0,T16>0),T16/(R16),0) -> 2.4210981 | Y16: =IF(AND(S16>0,U16>0),U16/(S16),0) -> 2.5537219 | Z16: ='8'!I46 -> 45712.115 | AA16: =Z16+AA15 -> 388587.65 | AB16: =IF(AND(L16>0,Z16>0),(Z16/(P16*1000)*1000),0) -> 943.3542 | AC16: =IF(AND(M16>0,AA16>0),(AA16/(Q16*1000)*1000),0) -> 984.31692 | AD16: =IF(AND(R16>0,Z16>0),(Z16/(R16*1000)*1000),0) -> 988.15639 | AE16: =IF(AND(S16>0,AA16>0),(AA16/(S16*1000)*1000),0) -> 1026.2097 | AF16: =+Listrik!AQ15 -> 0 | AG16: =AF16+AG15 -> 0 | AH16: =IF(AND(L16>0,AF16>0),(AF16/(P16*1000)*1000),0) -> 0 | AI16: =IF(AND(M16>0,AG16>0),(AG16/(Q16*1000)*1000),0) -> 0 | AJ16: =IF(AND(R16>0,AF16>0),(AF16/(R16*1000)*1000),0) -> 0 | AK16: =IF(AND(S16>0,AG16>0),(AG16/(S16*1000)*1000),0) -> 0 | AL16: =+Efficiency2!K38 -> 53.738496 | AM16: =AM15+AL16 -> 433.94667 | AN16: =+R16/AL16 -> 0.86083541 | AO16: =+S16/AM16 -> 0.87260261
A17: =A16+1 -> 46121 | B17: Towel | C17: 17 | D17: =+'9'!F42 -> 980 | E17: =+'9'!G42 -> 774.2 | F17: =1-(E17/D17) -> 0.21 | G17: =+P17/N17 -> 1.0270458 | H17: =+P17/L17 -> 1.0142078 | I17: =+R17/P17 -> 0.90099446 | J17: =+R17/L17 -> 0.91379558 | K17: =+S17/M17 -> 0.8771417 | L17: =+Efficiency1!K43 -> 53.738496 | M17: =M16+L17 -> 487.68517 | N17: =+Efficiency1!C43 -> 53.066765 | O17: =O16+N17 -> 486.09224 | P17: ='9'!I38 -> 54.502 | Q17: =Q16+P17 -> 449.281 | R17: ='9'!I40 -> 49.106 | S17: =S16+R17 -> 427.769 | T17: 127.6 | U17: =T17+U16 -> 1094.6 | V17: =T17/(P17) -> 2.3411985 | W17: =U17/(Q17) -> 2.4363372 | X17: =IF(AND(R17>0,T17>0),T17/(R17),0) -> 2.5984605 | Y17: =IF(AND(S17>0,U17>0),U17/(S17),0) -> 2.5588577 | Z17: ='9'!I46 -> 48950.709 | AA17: =Z17+AA16 -> 437538.36 | AB17: =IF(AND(L17>0,Z17>0),(Z17/(P17*1000)*1000),0) -> 898.14519 | AC17: =IF(AND(M17>0,AA17>0),(AA17/(Q17*1000)*1000),0) -> 973.86348 | AD17: =IF(AND(R17>0,Z17>0),(Z17/(R17*1000)*1000),0) -> 996.83764 | AE17: =IF(AND(S17>0,AA17>0),(AA17/(S17*1000)*1000),0) -> 1022.8379 | AF17: =+Listrik!AQ16 -> 0 | AG17: =AF17+AG16 -> 0 | AH17: =IF(AND(L17>0,AF17>0),(AF17/(P17*1000)*1000),0) -> 0 | AI17: =IF(AND(M17>0,AG17>0),(AG17/(Q17*1000)*1000),0) -> 0 | AJ17: =IF(AND(R17>0,AF17>0),(AF17/(R17*1000)*1000),0) -> 0 | AK17: =IF(AND(S17>0,AG17>0),(AG17/(S17*1000)*1000),0) -> 0 | AL17: =+Efficiency2!K43 -> 53.738496 | AM17: =AM16+AL17 -> 487.68517 | AN17: =+R17/AL17 -> 0.91379558 | AO17: =+S17/AM17 -> 0.8771417
A18: =A17+1 -> 46122 | B18: Towel | C18: 17 | D18: =+'10'!F42 -> 980 | E18: =+'10'!G42 -> 774.2 | F18: =1-(E18/D18) -> 0.21 | G18: =+P18/N18 -> 1.0068637 | H18: =+P18/L18 -> 0.99427792 | I18: =+R18/P18 -> 1.0644944 | J18: =+R18/L18 -> 1.0584033 | K18: =+S18/M18 -> 0.89513265 | L18: =+Efficiency1!K48 -> 53.738496 | M18: =M17+L18 -> 541.42367 | N18: =+Efficiency1!C48 -> 53.066765 | O18: =O17+N18 -> 539.159 | P18: ='10'!I38 -> 53.431 | Q18: =Q17+P18 -> 502.712 | R18: ='10'!I40 -> 56.877 | S18: =S17+R18 -> 484.646 | T18: 127.2 | U18: =T18+U17 -> 1221.8 | V18: =T18/(P18) -> 2.3806405 | W18: =U18/(Q18) -> 2.4304174 | X18: =IF(AND(R18>0,T18>0),T18/(R18),0) -> 2.2364049 | Y18: =IF(AND(S18>0,U18>0),U18/(S18),0) -> 2.5210153 | Z18: ='10'!I46 -> 48563.043 | AA18: =Z18+AA17 -> 486101.4 | AB18: =IF(AND(L18>0,Z18>0),(Z18/(P18*1000)*1000),0) -> 908.89265 | AC18: =IF(AND(M18>0,AA18>0),(AA18/(Q18*1000)*1000),0) -> 966.95803 | AD18: =IF(AND(R18>0,Z18>0),(Z18/(R18*1000)*1000),0) -> 853.82568 | AE18: =IF(AND(S18>0,AA18>0),(AA18/(S18*1000)*1000),0) -> 1003.003 | AF18: =+Listrik!AQ17 -> 0 | AG18: =AF18+AG17 -> 0 | AH18: =IF(AND(L18>0,AF18>0),(AF18/(P18*1000)*1000),0) -> 0 | AI18: =IF(AND(M18>0,AG18>0),(AG18/(Q18*1000)*1000),0) -> 0 | AJ18: =IF(AND(R18>0,AF18>0),(AF18/(R18*1000)*1000),0) -> 0 | AK18: =IF(AND(S18>0,AG18>0),(AG18/(S18*1000)*1000),0) -> 0 | AL18: =+Efficiency2!K48 -> 53.738496 | AM18: =AM17+AL18 -> 541.42367 | AN18: =+R18/AL18 -> 1.0584033 | AO18: =+S18/AM18 -> 0.89513265
A19: =A18+1 -> 46123 | B19: Towel/Napkin | C19: 17/15,5 | D19: =+'11'!F42 -> 1010.8681 | E19: =+'11'!G42 -> 816.05903 | F19: =1-(E19/D19) -> 0.19271459 | G19: =+P19/N19 -> 0.95324701 | H19: =+P19/L19 -> 0.95324701 | I19: =+R19/P19 -> 0.85254175 | J19: =+R19/L19 -> 0.81268287 | K19: =+S19/M19 -> 0.88767526 | L19: =+SUM(Efficiency1!K52:K53) -> 53.84019 | M19: =M18+L19 -> 595.26386 | N19: =+SUM(Efficiency1!C52:C53) -> 53.84019 | O19: =O18+N19 -> 592.99919 | P19: ='11'!I38 -> 51.323 | Q19: =Q18+P19 -> 554.035 | R19: ='11'!I40 -> 43.755 | S19: =S18+R19 -> 528.401 | T19: 128.2 | U19: =T19+U18 -> 1350 | V19: =T19/(P19) -> 2.4979054 | W19: =U19/(Q19) -> 2.4366692 | X19: =IF(AND(R19>0,T19>0),T19/(R19),0) -> 2.9299509 | Y19: =IF(AND(S19>0,U19>0),U19/(S19),0) -> 2.5548778 | Z19: ='11'!I46 -> 46365.074 | AA19: =Z19+AA18 -> 532466.48 | AB19: =IF(AND(L19>0,Z19>0),(Z19/(P19*1000)*1000),0) -> 903.39758 | AC19: =IF(AND(M19>0,AA19>0),(AA19/(Q19*1000)*1000),0) -> 961.07011 | AD19: =IF(AND(R19>0,Z19>0),(Z19/(R19*1000)*1000),0) -> 1059.652 | AE19: =IF(AND(S19>0,AA19>0),(AA19/(S19*1000)*1000),0) -> 1007.6939 | AF19: =+Listrik!AQ18 -> 0 | AG19: =AF19+AG18 -> 0 | AH19: =IF(AND(L19>0,AF19>0),(AF19/(P19*1000)*1000),0) -> 0 | AI19: =IF(AND(M19>0,AG19>0),(AG19/(Q19*1000)*1000),0) -> 0 | AJ19: =IF(AND(R19>0,AF19>0),(AF19/(R19*1000)*1000),0) -> 0 | AK19: =IF(AND(S19>0,AG19>0),(AG19/(S19*1000)*1000),0) -> 0 | AL19: =+SUM(Efficiency2!K52:K53) -> 53.84019 | AM19: =AM18+AL19 -> 595.26386 | AN19: =+R19/AL19 -> 0.81268287 | AO19: =+S19/AM19 -> 0.88767526
A20: =A19+1 -> 46124 | B20: Napkin | C20: 15,5/11 | D20: =+'12'!F42 -> 1177.0526 | E20: =+'12'!G42 -> 936.79368 | F20: =1-(E20/D20) -> 0.20411912 | G20: =+P20/N20 -> 0.97544492 | H20: =+P20/L20 -> 0.97544492 | I20: =+R20/P20 -> 1.0219334 | J20: =+R20/L20 -> 0.99683971 | K20: =+S20/M20 -> 0.89604845 | L20: =+SUM(Efficiency1!K56:K57) -> 49.45128 | M20: =M19+L20 -> 644.71514 | N20: =+SUM(Efficiency1!C56:C57) -> 49.45128 | O20: =O19+N20 -> 642.45047 | P20: ='12'!I38 -> 48.237 | Q20: =Q19+P20 -> 602.272 | R20: ='12'!I40 -> 49.295 | S20: =S19+R20 -> 577.696 | T20: 129.6 | U20: =T20+U19 -> 1479.6 | V20: =T20/(P20) -> 2.6867342 | W20: =U20/(Q20) -> 2.4566973 | X20: =IF(AND(R20>0,T20>0),T20/(R20),0) -> 2.6290699 | Y20: =IF(AND(S20>0,U20>0),U20/(S20),0) -> 2.5612087 | Z20: ='12'!I46 -> 51463.622 | AA20: =Z20+AA19 -> 583930.1 | AB20: =IF(AND(L20>0,Z20>0),(Z20/(P20*1000)*1000),0) -> 1066.891 | AC20: =IF(AND(M20>0,AA20>0),(AA20/(Q20*1000)*1000),0) -> 969.54549 | AD20: =IF(AND(R20>0,Z20>0),(Z20/(R20*1000)*1000),0) -> 1043.9927 | AE20: =IF(AND(S20>0,AA20>0),(AA20/(S20*1000)*1000),0) -> 1010.7913 | AF20: =+Listrik!AQ19 -> 0 | AG20: =AF20+AG19 -> 0 | AH20: =IF(AND(L20>0,AF20>0),(AF20/(P20*1000)*1000),0) -> 0 | AI20: =IF(AND(M20>0,AG20>0),(AG20/(Q20*1000)*1000),0) -> 0 | AJ20: =IF(AND(R20>0,AF20>0),(AF20/(R20*1000)*1000),0) -> 0 | AK20: =IF(AND(S20>0,AG20>0),(AG20/(S20*1000)*1000),0) -> 0 | AL20: =+SUM(Efficiency2!K56:K57) -> 49.45128 | AM20: =AM19+AL20 -> 644.71514 | AN20: =+R20/AL20 -> 0.99683971 | AO20: =+S20/AM20 -> 0.89604845
A21: =A20+1 -> 46125 | B21: Napkin | C21: 11 | D21: =+'13'!F42 -> 1221 | E21: =+'13'!G42 -> 976.8 | F21: =1-(E21/D21) -> 0.2 | G21: =+P21/N21 -> 0.62705674 | H21: =+P21/L21 -> 0.55885859 | I21: =+R21/P21 -> 0.66874034 | J21: =+R21/L21 -> 0.37373128 | K21: =+S21/M21 -> 0.85942821 | L21: =+Efficiency1!K62 -> 48.609792 | M21: =M20+L21 -> 693.32493 | N21: =+Efficiency1!C62 -> 43.323034 | O21: =O20+N21 -> 685.77351 | P21: ='13'!I38 -> 27.166 | Q21: =Q20+P21 -> 629.438 | R21: ='13'!I40 -> 18.167 | S21: =S20+R21 -> 595.863 | T21: 82.8 | U21: =T21+U20 -> 1562.4 | V21: =T21/(P21) -> 3.0479276 | W21: =U21/(Q21) -> 2.4822143 | X21: =IF(AND(R21>0,T21>0),T21/(R21),0) -> 4.5577145 | Y21: =IF(AND(S21>0,U21>0),U21/(S21),0) -> 2.6220792 | Z21: ='13'!I46 -> 36531.48 | AA21: =Z21+AA20 -> 620461.58 | AB21: =IF(AND(L21>0,Z21>0),(Z21/(P21*1000)*1000),0) -> 1344.7501 | AC21: =IF(AND(M21>0,AA21>0),(AA21/(Q21*1000)*1000),0) -> 985.73899 | AD21: =IF(AND(R21>0,Z21>0),(Z21/(R21*1000)*1000),0) -> 2010.8703 | AE21: =IF(AND(S21>0,AA21>0),(AA21/(S21*1000)*1000),0) -> 1041.2823 | AF21: =+Listrik!AQ20 -> 0 | AG21: =AF21+AG20 -> 0 | AH21: =IF(AND(L21>0,AF21>0),(AF21/(P21*1000)*1000),0) -> 0 | AI21: =IF(AND(M21>0,AG21>0),(AG21/(Q21*1000)*1000),0) -> 0 | AJ21: =IF(AND(R21>0,AF21>0),(AF21/(R21*1000)*1000),0) -> 0 | AK21: =IF(AND(S21>0,AG21>0),(AG21/(S21*1000)*1000),0) -> 0 | AL21: =+Efficiency2!K62 -> 34.972045 | AM21: =AM20+AL21 -> 679.68718 | AN21: =+R21/AL21 -> 0.51947206 | AO21: =+S21/AM21 -> 0.87667241
A22: =A21+1 -> 46126 | B22: Napkin/Toilet | C22: 11/14/16/18 | D22: =+'14'!F42 -> 1075.3125 | E22: =+'14'!G42 -> 807.19271 | F22: =1-(E22/D22) -> 0.24934128 | G22: =+P22/N22 -> 0.96735614 | H22: =+P22/L22 -> 0.9621501 | I22: =+R22/P22 -> 1.047739 | J22: =+R22/L22 -> 1.0080822 | K22: =+S22/M22 -> 0.87009993 | L22: =+SUM(Efficiency1!K67:K70) -> 53.622611 | M22: =M21+L22 -> 746.94754 | N22: =+SUM(Efficiency1!C67:C70) -> 53.334029 | O22: =O21+N22 -> 739.10753 | P22: ='14'!I38 -> 51.593 | Q22: =Q21+P22 -> 681.031 | R22: ='14'!I40 -> 54.056 | S22: =S21+R22 -> 649.919 | T22: 123.4 | U22: =T22+U21 -> 1685.8 | V22: =T22/(P22) -> 2.3917973 | W22: =U22/(Q22) -> 2.4753646 | X22: =IF(AND(R22>0,T22>0),T22/(R22),0) -> 2.2828178 | Y22: =IF(AND(S22>0,U22>0),U22/(S22),0) -> 2.5938617 | Z22: ='14'!I46 -> 39509.715 | AA22: =Z22+AA21 -> 659971.29 | AB22: =IF(AND(L22>0,Z22>0),(Z22/(P22*1000)*1000),0) -> 765.79603 | AC22: =IF(AND(M22>0,AA22>0),(AA22/(Q22*1000)*1000),0) -> 969.07673 | AD22: =IF(AND(R22>0,Z22>0),(Z22/(R22*1000)*1000),0) -> 730.90341 | AE22: =IF(AND(S22>0,AA22>0),(AA22/(S22*1000)*1000),0) -> 1015.467 | AF22: =+Listrik!AQ21 -> 0 | AG22: =AF22+AG21 -> 0 | AH22: =IF(AND(L22>0,AF22>0),(AF22/(P22*1000)*1000),0) -> 0 | AI22: =IF(AND(M22>0,AG22>0),(AG22/(Q22*1000)*1000),0) -> 0 | AJ22: =IF(AND(R22>0,AF22>0),(AF22/(R22*1000)*1000),0) -> 0 | AK22: =IF(AND(S22>0,AG22>0),(AG22/(S22*1000)*1000),0) -> 0 | AL22: =+SUM(Efficiency2!K67:K70) -> 53.622611 | AM22: =AM21+AL22 -> 733.30979 | AN22: =+R22/AL22 -> 1.0080822 | AO22: =+S22/AM22 -> 0.88628163
A23: =A22+1 -> 46127 | B23: Toilet | C23: 18/16 | D23: =+'15'!F42 -> 1139.75 | E23: =+'15'!G42 -> 854.8125 | F23: =1-(E23/D23) -> 0.25 | G23: =+P23/N23 -> 0.99540412 | H23: =+P23/L23 -> 0.99540412 | I23: =+R23/P23 -> 0.91397132 | J23: =+R23/L23 -> 0.90977082 | K23: =+S23/M23 -> 0.87285249 | L23: =+SUM(Efficiency1!K72:K73) -> 55.690949 | M23: =M22+L23 -> 802.63849 | N23: =+SUM(Efficiency1!C72:C73) -> 55.690949 | O23: =O22+N23 -> 794.79848 | P23: ='15'!I38 -> 55.435 | Q23: =Q22+P23 -> 736.466 | R23: ='15'!I40 -> 50.666 | S23: =S22+R23 -> 700.585 | T23: 125.8 | U23: =T23+U22 -> 1811.6 | V23: =T23/(P23) -> 2.2693244 | W23: =U23/(Q23) -> 2.4598556 | X23: =IF(AND(R23>0,T23>0),T23/(R23),0) -> 2.4829274 | Y23: =IF(AND(S23>0,U23>0),U23/(S23),0) -> 2.585839 | Z23: ='15'!I46 -> 40176.573 | AA23: =Z23+AA22 -> 700147.87 | AB23: =IF(AND(L23>0,Z23>0),(Z23/(P23*1000)*1000),0) -> 724.75103 | AC23: =IF(AND(M23>0,AA23>0),(AA23/(Q23*1000)*1000),0) -> 950.68594 | AD23: =IF(AND(R23>0,Z23>0),(Z23/(R23*1000)*1000),0) -> 792.96912 | AE23: =IF(AND(S23>0,AA23>0),(AA23/(S23*1000)*1000),0) -> 999.37605 | AF23: =+Listrik!AQ22 -> 0 | AG23: =AF23+AG22 -> 0 | AH23: =IF(AND(L23>0,AF23>0),(AF23/(P23*1000)*1000),0) -> 0 | AI23: =IF(AND(M23>0,AG23>0),(AG23/(Q23*1000)*1000),0) -> 0 | AJ23: =IF(AND(R23>0,AF23>0),(AF23/(R23*1000)*1000),0) -> 0 | AK23: =IF(AND(S23>0,AG23>0),(AG23/(S23*1000)*1000),0) -> 0 | AL23: =+SUM(Efficiency2!K72:K73) -> 55.690949 | AM23: =AM22+AL23 -> 789.00074 | AN23: =+R23/AL23 -> 0.90977082 | AO23: =+S23/AM23 -> 0.8879396
A24: =A23+1 -> 46128 | B24: Toilet/Facial | C24: 16/15/13 | D24: =+'16'!F42 -> 1283.3681 | E24: =+'16'!G42 -> 962.52604 | F24: =1-(E24/D24) -> 0.25 | G24: =+P24/N24 -> 0.93853484 | H24: =+P24/L24 -> 0.93522708 | I24: =+R24/P24 -> 0.81753694 | J24: =+R24/L24 -> 0.76458269 | K24: =+S24/M24 -> 0.86619277 | L24: =+SUM(Efficiency1!K76:K78) -> 52.606475 | M24: =M23+L24 -> 855.24496 | N24: =+SUM(Efficiency1!C76:C78) -> 52.42107 | O24: =O23+N24 -> 847.21955 | P24: ='16'!I38 -> 49.199 | Q24: =Q23+P24 -> 785.665 | R24: ='16'!I40 -> 40.222 | S24: =S23+R24 -> 740.807 | T24: 123.7 | U24: =T24+U23 -> 1935.3 | V24: =T24/(P24) -> 2.5142787 | W24: =U24/(Q24) -> 2.4632636 | X24: =IF(AND(R24>0,T24>0),T24/(R24),0) -> 3.0754314 | Y24: =IF(AND(S24>0,U24>0),U24/(S24),0) -> 2.6124213 | Z24: ='16'!I46 -> 46468.109 | AA24: =Z24+AA23 -> 746615.98 | AB24: =IF(AND(L24>0,Z24>0),(Z24/(P24*1000)*1000),0) -> 944.49296 | AC24: =IF(AND(M24>0,AA24>0),(AA24/(Q24*1000)*1000),0) -> 950.29813 | AD24: =IF(AND(R24>0,Z24>0),(Z24/(R24*1000)*1000),0) -> 1155.2909 | AE24: =IF(AND(S24>0,AA24>0),(AA24/(S24*1000)*1000),0) -> 1007.8414 | AF24: =+Listrik!AQ23 -> 0 | AG24: =AF24+AG23 -> 0 | AH24: =IF(AND(L24>0,AF24>0),(AF24/(P24*1000)*1000),0) -> 0 | AI24: =IF(AND(M24>0,AG24>0),(AG24/(Q24*1000)*1000),0) -> 0 | AJ24: =IF(AND(R24>0,AF24>0),(AF24/(R24*1000)*1000),0) -> 0 | AK24: =IF(AND(S24>0,AG24>0),(AG24/(S24*1000)*1000),0) -> 0 | AL24: =+SUM(Efficiency2!K76:K78) -> 52.606475 | AM24: =AM23+AL24 -> 841.60722 | AN24: =+R24/AL24 -> 0.76458269 | AO24: =+S24/AM24 -> 0.88022891
A25: =A24+1 -> 46129 | B25: Facial | C25: 13 | D25: =+'17'!F42 -> 1350 | E25: =+'17'!G42 -> 1012.5 | F25: =1-(E25/D25) -> 0.25 | G25: =+P25/N25 -> 0.93113966 | H25: =+P25/L25 -> 0.93113966 | I25: =+R25/P25 -> 0.87329729 | J25: =+R25/L25 -> 0.81316174 | K25: =+S25/M25 -> 0.86319475 | L25: =+Efficiency1!K80 -> 51.246877 | M25: =M24+L25 -> 906.49184 | N25: =+Efficiency1!C80 -> 51.246877 | O25: =O24+N25 -> 898.46643 | P25: ='17'!I38 -> 47.718 | Q25: =Q24+P25 -> 833.383 | R25: ='17'!I40 -> 41.672 | S25: =S24+R25 -> 782.479 | T25: 125.7 | U25: =T25+U24 -> 2061 | V25: =T25/(P25) -> 2.6342261 | W25: =U25/(Q25) -> 2.4730526 | X25: =IF(AND(R25>0,T25>0),T25/(R25),0) -> 3.0164139 | Y25: =IF(AND(S25>0,U25>0),U25/(S25),0) -> 2.6339365 | Z25: ='17'!I46 -> 48839.193 | AA25: =Z25+AA24 -> 795455.17 | AB25: =IF(AND(L25>0,Z25>0),(Z25/(P25*1000)*1000),0) -> 1023.4962 | AC25: =IF(AND(M25>0,AA25>0),(AA25/(Q25*1000)*1000),0) -> 954.48932 | AD25: =IF(AND(R25>0,Z25>0),(Z25/(R25*1000)*1000),0) -> 1171.9906 | AE25: =IF(AND(S25>0,AA25>0),(AA25/(S25*1000)*1000),0) -> 1016.5834 | AF25: =+Listrik!AQ24 -> 0 | AG25: =AF25+AG24 -> 0 | AH25: =IF(AND(L25>0,AF25>0),(AF25/(P25*1000)*1000),0) -> 0 | AI25: =IF(AND(M25>0,AG25>0),(AG25/(Q25*1000)*1000),0) -> 0 | AJ25: =IF(AND(R25>0,AF25>0),(AF25/(R25*1000)*1000),0) -> 0 | AK25: =IF(AND(S25>0,AG25>0),(AG25/(S25*1000)*1000),0) -> 0 | AL25: =+SUM(Efficiency2!K80) -> 51.246877 | AM25: =AM24+AL25 -> 892.85409 | AN25: =+R25/AL25 -> 0.81316174 | AO25: =+S25/AM25 -> 0.87637947
A26: =A25+1 -> 46130 | B26: Facial | C26: 13 | D26: =+'18'!F42 -> 1350 | E26: =+'18'!G42 -> 1012.5 | F26: =1-(E26/D26) -> 0.25 | G26: =+P26/N26 -> 0.97049727 | H26: =+P26/L26 -> 0.97049727 | I26: =+R26/P26 -> 1.0365918 | J26: =+R26/L26 -> 1.0060095 | K26: =+S26/M26 -> 0.8708131 | L26: =+Efficiency1!K84 -> 51.08103 | M26: =M25+L26 -> 957.57287 | N26: =+Efficiency1!C84 -> 51.08103 | O26: =O25+N26 -> 949.54746 | P26: ='18'!I38 -> 49.574 | Q26: =Q25+P26 -> 882.957 | R26: ='18'!I40 -> 51.388 | S26: =S25+R26 -> 833.867 | T26: 122.2 | U26: =T26+U25 -> 2183.2 | V26: =T26/(P26) -> 2.4650018 | W26: =U26/(Q26) -> 2.4726006 | X26: =IF(AND(R26>0,T26>0),T26/(R26),0) -> 2.3779871 | Y26: =IF(AND(S26>0,U26>0),U26/(S26),0) -> 2.6181633 | Z26: ='18'!I46 -> 44126.787 | AA26: =Z26+AA25 -> 839581.96 | AB26: =IF(AND(L26>0,Z26>0),(Z26/(P26*1000)*1000),0) -> 890.11956 | AC26: =IF(AND(M26>0,AA26>0),(AA26/(Q26*1000)*1000),0) -> 950.87525 | AD26: =IF(AND(R26>0,Z26>0),(Z26/(R26*1000)*1000),0) -> 858.69827 | AE26: =IF(AND(S26>0,AA26>0),(AA26/(S26*1000)*1000),0) -> 1006.8536 | AF26: =+Listrik!AQ25 -> 0 | AG26: =AF26+AG25 -> 0 | AH26: =IF(AND(L26>0,AF26>0),(AF26/(P26*1000)*1000),0) -> 0 | AI26: =IF(AND(M26>0,AG26>0),(AG26/(Q26*1000)*1000),0) -> 0 | AJ26: =IF(AND(R26>0,AF26>0),(AF26/(R26*1000)*1000),0) -> 0 | AK26: =IF(AND(S26>0,AG26>0),(AG26/(S26*1000)*1000),0) -> 0 | AL26: =+Efficiency2!K84 -> 51.08103 | AM26: =AM25+AL26 -> 943.93512 | AN26: =+R26/AL26 -> 1.0060095 | AO26: =+S26/AM26 -> 0.8833944
A27: =A26+1 -> 46131 | B27: Facial | C27: 13 | D27: =+'19'!F42 -> 1350 | E27: =+'19'!G42 -> 1012.5 | F27: =1-(E27/D27) -> 0.25 | G27: =+P27/N27 -> 0.96160001 | H27: =+P27/L27 -> 0.96160001 | I27: =+R27/P27 -> 1.0973636 | J27: =+R27/L27 -> 1.0552249 | K27: =+S27/M27 -> 0.88027551 | L27: =+Efficiency1!K88 -> 51.791805 | M27: =M26+L27 -> 1009.3647 | N27: =+Efficiency1!C88 -> 51.791805 | O27: =O26+N27 -> 1001.3393 | P27: ='19'!I38 -> 49.803 | Q27: =Q26+P27 -> 932.76 | R27: ='19'!I40 -> 54.652 | S27: =S26+R27 -> 888.519 | T27: 122.2 | U27: =T27+U26 -> 2305.4 | V27: =T27/(P27) -> 2.4536674 | W27: =U27/(Q27) -> 2.4715897 | X27: =IF(AND(R27>0,T27>0),T27/(R27),0) -> 2.2359657 | Y27: =IF(AND(S27>0,U27>0),U27/(S27),0) -> 2.5946547 | Z27: ='19'!I46 -> 45466.082 | AA27: =Z27+AA26 -> 885048.04 | AB27: =IF(AND(L27>0,Z27>0),(Z27/(P27*1000)*1000),0) -> 912.91853 | AC27: =IF(AND(M27>0,AA27>0),(AA27/(Q27*1000)*1000),0) -> 948.84862 | AD27: =IF(AND(R27>0,Z27>0),(Z27/(R27*1000)*1000),0) -> 831.91981 | AE27: =IF(AND(S27>0,AA27>0),(AA27/(S27*1000)*1000),0) -> 996.09354 | AF27: =+Listrik!AQ26 -> 0 | AG27: =AF27+AG26 -> 0 | AH27: =IF(AND(L27>0,AF27>0),(AF27/(P27*1000)*1000),0) -> 0 | AI27: =IF(AND(M27>0,AG27>0),(AG27/(Q27*1000)*1000),0) -> 0 | AJ27: =IF(AND(R27>0,AF27>0),(AF27/(R27*1000)*1000),0) -> 0 | AK27: =IF(AND(S27>0,AG27>0),(AG27/(S27*1000)*1000),0) -> 0 | AL27: =+Efficiency2!K88 -> 51.791805 | AM27: =AM26+AL27 -> 995.72693 | AN27: =+R27/AL27 -> 1.0552249 | AO27: =+S27/AM27 -> 0.892332
A28: =A27+1 -> 46132 | B28: Facial | C28: 13 | D28: =+'20'!F42 -> 1350 | E28: =+'20'!G42 -> 1012.5 | F28: =1-(E28/D28) -> 0.25 | G28: =+P28/N28 -> 0.97178933 | H28: =+P28/L28 -> 0.97178933 | I28: =+R28/P28 -> 0.90592264 | J28: =+R28/L28 -> 0.88036596 | K28: =+S28/M28 -> 0.88027986 | L28: =+Efficiency1!K92 -> 51.08103 | M28: =M27+L28 -> 1060.4457 | N28: =+Efficiency1!C92 -> 51.08103 | O28: =O27+N28 -> 1052.4203 | P28: ='20'!I38 -> 49.64 | Q28: =Q27+P28 -> 982.4 | R28: ='20'!I40 -> 44.97 | S28: =S27+R28 -> 933.489 | T28: 121.2 | U28: =T28+U27 -> 2426.6 | V28: =T28/(P28) -> 2.4415794 | W28: =U28/(Q28) -> 2.4700733 | X28: =IF(AND(R28>0,T28>0),T28/(R28),0) -> 2.6951301 | Y28: =IF(AND(S28>0,U28>0),U28/(S28),0) -> 2.599495 | Z28: ='20'!I46 -> 45745.382 | AA28: =Z28+AA27 -> 930793.42 | AB28: =IF(AND(L28>0,Z28>0),(Z28/(P28*1000)*1000),0) -> 921.54275 | AC28: =IF(AND(M28>0,AA28>0),(AA28/(Q28*1000)*1000),0) -> 947.46887 | AD28: =IF(AND(R28>0,Z28>0),(Z28/(R28*1000)*1000),0) -> 1017.2422 | AE28: =IF(AND(S28>0,AA28>0),(AA28/(S28*1000)*1000),0) -> 997.11236 | AF28: =+Listrik!AQ27 -> 0 | AG28: =AF28+AG27 -> 0 | AH28: =IF(AND(L28>0,AF28>0),(AF28/(P28*1000)*1000),0) -> 0 | AI28: =IF(AND(M28>0,AG28>0),(AG28/(Q28*1000)*1000),0) -> 0 | AJ28: =IF(AND(R28>0,AF28>0),(AF28/(R28*1000)*1000),0) -> 0 | AK28: =IF(AND(S28>0,AG28>0),(AG28/(S28*1000)*1000),0) -> 0 | AL28: =+Efficiency2!K92 -> 51.08103 | AM28: =AM27+AL28 -> 1046.808 | AN28: =+R28/AL28 -> 0.88036596 | AO28: =+S28/AM28 -> 0.89174809
A29: =A28+1 -> 46133 | B29: Facial | C29: 13 | D29: =+'21'!F42 -> 1350 | E29: =+'21'!G42 -> 1012.5 | F29: =1-(E29/D29) -> 0.25 | G29: =+P29/N29 -> 1.0123328 | H29: =+P29/L29 -> 1.0123328 | I29: =+R29/P29 -> 1.0016438 | J29: =+R29/L29 -> 1.0139968 | K29: =+S29/M29 -> 0.88642492 | L29: =+Efficiency1!K96 -> 51.08103 | M29: =M28+L29 -> 1111.5267 | N29: =+Efficiency1!C96 -> 51.08103 | O29: =O28+N29 -> 1103.5013 | P29: ='21'!I38 -> 51.711 | Q29: =Q28+P29 -> 1034.111 | R29: ='21'!I40 -> 51.796 | S29: =S28+R29 -> 985.285 | T29: 119 | U29: =T29+U28 -> 2545.6 | V29: =T29/(P29) -> 2.3012512 | W29: =U29/(Q29) -> 2.4616313 | X29: =IF(AND(R29>0,T29>0),T29/(R29),0) -> 2.2974747 | Y29: =IF(AND(S29>0,U29>0),U29/(S29),0) -> 2.5836179 | Z29: ='21'!I46 -> 48826.457 | AA29: =Z29+AA28 -> 979619.88 | AB29: =IF(AND(L29>0,Z29>0),(Z29/(P29*1000)*1000),0) -> 944.21799 | AC29: =IF(AND(M29>0,AA29>0),(AA29/(Q29*1000)*1000),0) -> 947.30631 | AD29: =IF(AND(R29>0,Z29>0),(Z29/(R29*1000)*1000),0) -> 942.66848 | AE29: =IF(AND(S29>0,AA29>0),(AA29/(S29*1000)*1000),0) -> 994.25027 | AF29: =+Listrik!AQ28 -> 0 | AG29: =AF29+AG28 -> 0 | AH29: =IF(AND(L29>0,AF29>0),(AF29/(P29*1000)*1000),0) -> 0 | AI29: =IF(AND(M29>0,AG29>0),(AG29/(Q29*1000)*1000),0) -> 0 | AJ29: =IF(AND(R29>0,AF29>0),(AF29/(R29*1000)*1000),0) -> 0 | AK29: =IF(AND(S29>0,AG29>0),(AG29/(S29*1000)*1000),0) -> 0 | AL29: =+Efficiency2!K96 -> 51.08103 | AM29: =AM28+AL29 -> 1097.889 | AN29: =+R29/AL29 -> 1.0139968 | AO29: =+S29/AM29 -> 0.89743591
A30: =A29+1 -> 46134 | B30: Facial | C30: 13 | D30: =+'22'!F42 -> 1350 | E30: =+'22'!G42 -> 1012.5 | F30: =1-(E30/D30) -> 0.25 | G30: =+P30/N30 -> 0.97531314 | H30: =+P30/L30 -> 0.97531314 | I30: =+R30/P30 -> 0.97996788 | J30: =+R30/L30 -> 0.95577556 | K30: =+S30/M30 -> 0.88947195 | L30: =+Efficiency1!K100 -> 51.08103 | M30: =M29+L30 -> 1162.6078 | N30: =+Efficiency1!C100 -> 51.08103 | O30: =O29+N30 -> 1154.5824 | P30: ='22'!I38 -> 49.82 | Q30: =Q29+P30 -> 1083.931 | R30: ='22'!I40 -> 48.822 | S30: =S29+R30 -> 1034.107 | T30: 119.4 | U30: =T30+U29 -> 2665 | V30: =T30/(P30) -> 2.3966279 | W30: =U30/(Q30) -> 2.4586436 | X30: =IF(AND(R30>0,T30>0),T30/(R30),0) -> 2.4456188 | Y30: =IF(AND(S30>0,U30>0),U30/(S30),0) -> 2.5771028 | Z30: ='22'!I46 -> 44440.815 | AA30: =Z30+AA29 -> 1024060.7 | AB30: =IF(AND(L30>0,Z30>0),(Z30/(P30*1000)*1000),0) -> 892.02759 | AC30: =IF(AND(M30>0,AA30>0),(AA30/(Q30*1000)*1000),0) -> 944.76557 | AD30: =IF(AND(R30>0,Z30>0),(Z30/(R30*1000)*1000),0) -> 910.26207 | AE30: =IF(AND(S30>0,AA30>0),(AA30/(S30*1000)*1000),0) -> 990.28504 | AF30: =+Listrik!AQ29 -> 0 | AG30: =AF30+AG29 -> 0 | AH30: =IF(AND(L30>0,AF30>0),(AF30/(P30*1000)*1000),0) -> 0 | AI30: =IF(AND(M30>0,AG30>0),(AG30/(Q30*1000)*1000),0) -> 0 | AJ30: =IF(AND(R30>0,AF30>0),(AF30/(R30*1000)*1000),0) -> 0 | AK30: =IF(AND(S30>0,AG30>0),(AG30/(S30*1000)*1000),0) -> 0 | AL30: =+Efficiency2!K100 -> 51.08103 | AM30: =AM29+AL30 -> 1148.97 | AN30: =+R30/AL30 -> 0.95577556 | AO30: =+S30/AM30 -> 0.90002958
A31: =A30+1 -> 46135 | B31: Facial | C31: 13 | D31: =+'23'!F42 -> 1350 | E31: =+'23'!G42 -> 1012.5 | F31: =1-(E31/D31) -> 0.25 | G31: =+P31/N31 -> 1.010982 | H31: =+P31/L31 -> 1.010982 | I31: =+R31/P31 -> 0.92941792 | J31: =+R31/L31 -> 0.93962475 | K31: =+S31/M31 -> 0.89158275 | L31: =+Efficiency1!K105 -> 51.08103 | M31: =M30+L31 -> 1213.6888 | N31: =+Efficiency1!C105 -> 51.08103 | O31: =O30+N31 -> 1205.6634 | P31: ='23'!I38 -> 51.642 | Q31: =Q30+P31 -> 1135.573 | R31: ='23'!I40 -> 47.997 | S31: =S30+R31 -> 1082.104 | T31: 119.3 | U31: =T31+U30 -> 2784.3 | V31: =T31/(P31) -> 2.3101352 | W31: =U31/(Q31) -> 2.4518899 | X31: =IF(AND(R31>0,T31>0),T31/(R31),0) -> 2.485572 | Y31: =IF(AND(S31>0,U31>0),U31/(S31),0) -> 2.5730429 | Z31: ='23'!I46 -> 44584.471 | AA31: =Z31+AA30 -> 1068645.2 | AB31: =IF(AND(L31>0,Z31>0),(Z31/(P31*1000)*1000),0) -> 863.33743 | AC31: =IF(AND(M31>0,AA31>0),(AA31/(Q31*1000)*1000),0) -> 941.0625 | AD31: =IF(AND(R31>0,Z31>0),(Z31/(R31*1000)*1000),0) -> 928.90121 | AE31: =IF(AND(S31>0,AA31>0),(AA31/(S31*1000)*1000),0) -> 987.56234 | AF31: =+Listrik!AQ30 -> 0 | AG31: =AF31+AG30 -> 0 | AH31: =IF(AND(L31>0,AF31>0),(AF31/(P31*1000)*1000),0) -> 0 | AI31: =IF(AND(M31>0,AG31>0),(AG31/(Q31*1000)*1000),0) -> 0 | AJ31: =IF(AND(R31>0,AF31>0),(AF31/(R31*1000)*1000),0) -> 0 | AK31: =IF(AND(S31>0,AG31>0),(AG31/(S31*1000)*1000),0) -> 0 | AL31: =+Efficiency2!K105 -> 51.08103 | AM31: =AM30+AL31 -> 1200.051 | AN31: =+R31/AL31 -> 0.93962475 | AO31: =+S31/AM31 -> 0.90171497
A32: =A31+1 -> 46136 | B32: Facial | C32: 13 | D32: =+'24'!F42 -> 1350 | E32: =+'24'!G42 -> 1012.5 | F32: =1-(E32/D32) -> 0.25 | G32: =+P32/N32 -> 0.96431102 | H32: =+P32/L32 -> 0.96431102 | I32: =+R32/P32 -> 1.0916196 | J32: =+R32/L32 -> 1.0526608 | K32: =+S32/M32 -> 0.89808831 | L32: =+Efficiency1!K109 -> 51.08103 | M32: =M31+L32 -> 1264.7698 | N32: =+Efficiency1!C109 -> 51.08103 | O32: =O31+N32 -> 1256.7444 | P32: ='24'!I38 -> 49.258 | Q32: =Q31+P32 -> 1184.831 | R32: ='24'!I40 -> 53.771 | S32: =S31+R32 -> 1135.875 | T32: 120 | U32: =T32+U31 -> 2904.3 | V32: =T32/(P32) -> 2.4361525 | W32: =U32/(Q32) -> 2.4512357 | X32: =IF(AND(R32>0,T32>0),T32/(R32),0) -> 2.2316862 | Y32: =IF(AND(S32>0,U32>0),U32/(S32),0) -> 2.5568835 | Z32: =+'24'!I46 -> 46550.358 | AA32: =Z32+AA31 -> 1115195.5 | AB32: =IF(AND(L32>0,Z32>0),(Z32/(P32*1000)*1000),0) -> 945.03143 | AC32: =IF(AND(M32>0,AA32>0),(AA32/(Q32*1000)*1000),0) -> 941.2275 | AD32: =IF(AND(R32>0,Z32>0),(Z32/(R32*1000)*1000),0) -> 865.71494 | AE32: =IF(AND(S32>0,AA32>0),(AA32/(S32*1000)*1000),0) -> 981.79423 | AF32: =+Listrik!AQ31 -> 0 | AG32: =AF32+AG31 -> 0 | AH32: =IF(AND(L32>0,AF32>0),(AF32/(P32*1000)*1000),0) -> 0 | AI32: =IF(AND(M32>0,AG32>0),(AG32/(Q32*1000)*1000),0) -> 0 | AJ32: =IF(AND(R32>0,AF32>0),(AF32/(R32*1000)*1000),0) -> 0 | AK32: =IF(AND(S32>0,AG32>0),(AG32/(S32*1000)*1000),0) -> 0 | AL32: =+Efficiency2!K109 -> 51.08103 | AM32: =AM31+AL32 -> 1251.1321 | AN32: =+R32/AL32 -> 1.0526608 | AO32: =+S32/AM32 -> 0.90787777
A33: =A32+1 -> 46137 | B33: Facial | C33: 13 | D33: =+'25'!F42 -> 1350 | E33: =+'25'!G42 -> 1012.5 | F33: =1-(E33/D33) -> 0.25 | G33: =+P33/N33 -> 0.95882953 | H33: =+P33/L33 -> 0.95882953 | I33: =+R33/P33 -> 0.89777043 | J33: =+R33/L33 -> 0.8608088 | K33: =+S33/M33 -> 0.89664113 | L33: =+Efficiency1!K113 -> 51.08103 | M33: =M32+L33 -> 1315.8509 | N33: =+Efficiency1!C113 -> 51.08103 | O33: =O32+N33 -> 1307.8254 | P33: ='25'!I38 -> 48.978 | Q33: =Q32+P33 -> 1233.809 | R33: ='25'!I40 -> 43.971 | S33: =S32+R33 -> 1179.846 | T33: 120.6 | U33: =T33+U32 -> 3024.9 | V33: =T33/(P33) -> 2.46233 | W33: =U33/(Q33) -> 2.4516761 | X33: =IF(AND(R33>0,T33>0),T33/(R33),0) -> 2.7427168 | Y33: =IF(AND(S33>0,U33>0),U33/(S33),0) -> 2.5638092 | Z33: =+'25'!I46 -> 47143.817 | AA33: =Z33+AA32 -> 1162339.3 | AB33: =IF(AND(L33>0,Z33>0),(Z33/(P33*1000)*1000),0) -> 962.55088 | AC33: =IF(AND(M33>0,AA33>0),(AA33/(Q33*1000)*1000),0) -> 942.07397 | AD33: =IF(AND(R33>0,Z33>0),(Z33/(R33*1000)*1000),0) -> 1072.157 | AE33: =IF(AND(S33>0,AA33>0),(AA33/(S33*1000)*1000),0) -> 985.16191 | AF33: =+Listrik!AQ32 -> 0 | AG33: =AF33+AG32 -> 0 | AH33: =IF(AND(L33>0,AF33>0),(AF33/(P33*1000)*1000),0) -> 0 | AI33: =IF(AND(M33>0,AG33>0),(AG33/(Q33*1000)*1000),0) -> 0 | AJ33: =IF(AND(R33>0,AF33>0),(AF33/(R33*1000)*1000),0) -> 0 | AK33: =IF(AND(S33>0,AG33>0),(AG33/(S33*1000)*1000),0) -> 0 | AL33: =+Efficiency2!K113 -> 51.08103 | AM33: =AM32+AL33 -> 1302.2131 | AN33: =+R33/AL33 -> 0.8608088 | AO33: =+S33/AM33 -> 0.90603143
A34: =A33+1 -> 46138 | B34: Facial | C34: 13 | D34: =+'26'!F42 -> 1350 | E34: =+'26'!G42 -> 1012.5 | F34: =1-(E34/D34) -> 0.25 | G34: =+P34/N34 -> 1.0116476 | H34: =+P34/L34 -> 1.0116476 | I34: =+R34/P34 -> 0.87355832 | J34: =+R34/L34 -> 0.88373316 | K34: =+S34/M34 -> 0.89615877 | L34: =+Efficiency1!K117 -> 51.08103 | M34: =M33+L34 -> 1366.9319 | N34: =+Efficiency1!C117 -> 51.08103 | O34: =O33+N34 -> 1358.9065 | P34: ='26'!I38 -> 51.676 | Q34: =Q33+P34 -> 1285.485 | R34: ='26'!I40 -> 45.142 | S34: =S33+R34 -> 1224.988 | T34: 121.2 | U34: =T34+U33 -> 3146.1 | V34: =T34/(P34) -> 2.3453828 | W34: =U34/(Q34) -> 2.4474031 | X34: =IF(AND(R34>0,T34>0),T34/(R34),0) -> 2.6848611 | Y34: =IF(AND(S34>0,U34>0),U34/(S34),0) -> 2.5682701 | Z34: ='26'!I46 -> 48978.838 | AA34: =Z34+AA33 -> 1211318.2 | AB34: =IF(AND(L34>0,Z34>0),(Z34/(P34*1000)*1000),0) -> 947.8063 | AC34: =IF(AND(M34>0,AA34>0),(AA34/(Q34*1000)*1000),0) -> 942.3044 | AD34: =IF(AND(R34>0,Z34>0),(Z34/(R34*1000)*1000),0) -> 1084.9949 | AE34: =IF(AND(S34>0,AA34>0),(AA34/(S34*1000)*1000),0) -> 988.84085 | AF34: =+Listrik!AQ33 -> 0 | AG34: =AF34+AG33 -> 0 | AH34: =IF(AND(L34>0,AF34>0),(AF34/(P34*1000)*1000),0) -> 0 | AI34: =IF(AND(M34>0,AG34>0),(AG34/(Q34*1000)*1000),0) -> 0 | AJ34: =IF(AND(R34>0,AF34>0),(AF34/(R34*1000)*1000),0) -> 0 | AK34: =IF(AND(S34>0,AG34>0),(AG34/(S34*1000)*1000),0) -> 0 | AL34: =+Efficiency2!K117 -> 51.08103 | AM34: =AM33+AL34 -> 1353.2941 | AN34: =+R34/AL34 -> 0.88373316 | AO34: =+S34/AM34 -> 0.90518976
A35: =A34+1 -> 46139 | B35: Facial | C35: 13/12 | D35: =+'27'!F42 -> 1350 | E35: =+'27'!G42 -> 1012.5 | F35: =1-(E35/D35) -> 0.25 | G35: =+P35/N35 -> 0.85035249 | H35: =+P35/L35 -> 0.84474641 | I35: =+R35/P35 -> 1.1663071 | J35: =+R35/L35 -> 0.98523373 | K35: =+S35/M35 -> 0.8993644 | L35: =+SUM(Efficiency1!K121:K122) -> 51.029516 | M35: =M34+L35 -> 1417.9614 | N35: =+SUM(Efficiency1!C121:C122) -> 50.693096 | O35: =O34+N35 -> 1409.5996 | P35: ='27'!I38 -> 43.107 | Q35: =Q34+P35 -> 1328.592 | R35: ='27'!I40 -> 50.276 | S35: =S34+R35 -> 1275.264 | T35: 106.8 | U35: =T35+U34 -> 3252.9 | V35: =T35/(P35) -> 2.4775558 | W35: =U35/(Q35) -> 2.4483814 | X35: =IF(AND(R35>0,T35>0),T35/(R35),0) -> 2.124274 | Y35: =IF(AND(S35>0,U35>0),U35/(S35),0) -> 2.550766 | Z35: ='27'!I46 -> 42056.831 | AA35: =Z35+AA34 -> 1253375 | AB35: =IF(AND(L35>0,Z35>0),(Z35/(P35*1000)*1000),0) -> 975.63808 | AC35: =IF(AND(M35>0,AA35>0),(AA35/(Q35*1000)*1000),0) -> 943.38594 | AD35: =IF(AND(R35>0,Z35>0),(Z35/(R35*1000)*1000),0) -> 836.51903 | AE35: =IF(AND(S35>0,AA35>0),(AA35/(S35*1000)*1000),0) -> 982.83572 | AF35: =+Listrik!AQ34 -> 0 | AG35: =AF35+AG34 -> 0 | AH35: =IF(AND(L35>0,AF35>0),(AF35/(P35*1000)*1000),0) -> 0 | AI35: =IF(AND(M35>0,AG35>0),(AG35/(Q35*1000)*1000),0) -> 0 | AJ35: =IF(AND(R35>0,AF35>0),(AF35/(R35*1000)*1000),0) -> 0 | AK35: =IF(AND(S35>0,AG35>0),(AG35/(S35*1000)*1000),0) -> 0 | AL35: =+SUM(Efficiency2!K121:K122) -> 51.029516 | AM35: =AM34+AL35 -> 1404.3237 | AN35: =+R35/AL35 -> 0.98523373 | AO35: =+S35/AM35 -> 0.90809835
A36: =A35+1 -> 46140 | B36: Facial/Toilet | C36: 14/13/15 | D36: =+'28'!F42 -> 1275.8279 | E36: =+'28'!G42 -> 956.87093 | F36: =1-(E36/D36) -> 0.25 | G36: =+P36/N36 -> 0.47696246 | H36: =+P36/L36 -> 0.44968034 | I36: =+R36/P36 -> 0.94910241 | J36: =+R36/L36 -> 0.42679269 | K36: =+S36/M36 -> 0.88198631 | L36: =+SUM(Efficiency1!K126:K128) -> 54.13401 | M36: =M35+L36 -> 1472.0954 | N36: =+SUM(Efficiency1!C126:C128) -> 51.03756 | O36: =O35+N36 -> 1460.6371 | P36: ='28'!I38 -> 24.343 | Q36: =Q35+P36 -> 1352.935 | R36: ='28'!I40 -> 23.104 | S36: =S35+R36 -> 1298.368 | T36: 82.3 | U36: =T36+U35 -> 3335.2 | V36: =T36/(P36) -> 3.3808487 | W36: =U36/(Q36) -> 2.4651591 | X36: =IF(AND(R36>0,T36>0),T36/(R36),0) -> 3.5621537 | Y36: =IF(AND(S36>0,U36>0),U36/(S36),0) -> 2.5687632 | Z36: ='28'!I46 -> 25534.648 | AA36: =Z36+AA35 -> 1278909.7 | AB36: =IF(AND(L36>0,Z36>0),(Z36/(P36*1000)*1000),0) -> 1048.9524 | AC36: =IF(AND(M36>0,AA36>0),(AA36/(Q36*1000)*1000),0) -> 945.28536 | AD36: =IF(AND(R36>0,Z36>0),(Z36/(R36*1000)*1000),0) -> 1105.2047 | AE36: =IF(AND(S36>0,AA36>0),(AA36/(S36*1000)*1000),0) -> 985.01323 | AF36: =+Listrik!AQ35 -> 0 | AG36: =AF36+AG35 -> 0 | AH36: =IF(AND(L36>0,AF36>0),(AF36/(P36*1000)*1000),0) -> 0 | AI36: =IF(AND(M36>0,AG36>0),(AG36/(Q36*1000)*1000),0) -> 0 | AJ36: =IF(AND(R36>0,AF36>0),(AF36/(R36*1000)*1000),0) -> 0 | AK36: =IF(AND(S36>0,AG36>0),(AG36/(S36*1000)*1000),0) -> 0 | AL36: =+SUM(Efficiency2!K126:K128) -> 49.177832 | AM36: =AM35+AL36 -> 1453.5015 | AN36: =+R36/AL36 -> 0.46980518 | AO36: =+S36/AM36 -> 0.89326912
A37: =A36+1 -> 46141 | B37: Toilet | C37: 15/16 | D37: =+'29'!F42 -> 1195.8197 | E37: =+'29'!G42 -> 896.86475 | F37: =1-(E37/D37) -> 0.25 | G37: =+P37/N37 -> 0.85225194 | H37: =+P37/L37 -> 0.85225194 | I37: =+R37/P37 -> 0.88257188 | J37: =+R37/L37 -> 0.7521736 | K37: =+S37/M37 -> 0.87740053 | L37: =+SUM(Efficiency1!K132:K133) -> 53.907768 | M37: =M36+L37 -> 1526.0032 | N37: =+SUM(Efficiency1!C132:C133) -> 53.907768 | O37: =O36+N37 -> 1514.5449 | P37: ='29'!I38 -> 45.943 | Q37: =Q36+P37 -> 1398.878 | R37: ='29'!I40 -> 40.548 | S37: =S36+R37 -> 1338.916 | T37: 111 | U37: =T37+U36 -> 3446.2 | V37: =T37/(P37) -> 2.4160373 | W37: =U37/(Q37) -> 2.4635458 | X37: =IF(AND(R37>0,T37>0),T37/(R37),0) -> 2.7374963 | Y37: =IF(AND(S37>0,U37>0),U37/(S37),0) -> 2.5738732 | Z37: ='29'!I46 -> 39450.608 | AA37: =Z37+AA36 -> 1318360.3 | AB37: =IF(AND(L37>0,Z37>0),(Z37/(P37*1000)*1000),0) -> 858.68594 | AC37: =IF(AND(M37>0,AA37>0),(AA37/(Q37*1000)*1000),0) -> 942.4412 | AD37: =IF(AND(R37>0,Z37>0),(Z37/(R37*1000)*1000),0) -> 972.93598 | AE37: =IF(AND(S37>0,AA37>0),(AA37/(S37*1000)*1000),0) -> 984.64748 | AF37: =+Listrik!AQ36 -> 0 | AG37: =AF37+AG36 -> 0 | AH37: =IF(AND(L37>0,AF37>0),(AF37/(P37*1000)*1000),0) -> 0 | AI37: =IF(AND(M37>0,AG37>0),(AG37/(Q37*1000)*1000),0) -> 0 | AJ37: =IF(AND(R37>0,AF37>0),(AF37/(R37*1000)*1000),0) -> 0 | AK37: =IF(AND(S37>0,AG37>0),(AG37/(S37*1000)*1000),0) -> 0 | AL37: =+SUM(Efficiency2!K132:K133) -> 45.710568 | AM37: =AM36+AL37 -> 1499.2121 | AN37: =+R37/AL37 -> 0.88705964 | AO37: =+S37/AM37 -> 0.8930798
A38: =A37+1 -> 46142 | B38: Facial/Toilet | C38: 12/14/18/19 | D38: =+'30'!F42 -> 1193.2519 | E38: =+'30'!G42 -> 894.93893 | F38: =1-(E38/D38) -> 0.25 | G38: =+P38/N38 -> 0.9079211 | H38: =+P38/L38 -> 0.83450878 | I38: =+R38/P38 -> 0.88411409 | J38: =+R38/L38 -> 0.73780097 | K38: =+S38/M38 -> 0.87269494 | L38: =+SUM(Efficiency1!K137:K140) -> 53.232514 | M38: =M37+L38 -> 1579.2357 | N38: =+SUM(Efficiency1!C137:C140) -> 48.92826 | O38: =O37+N38 -> 1563.4732 | P38: ='30'!I38 -> 44.423 | Q38: =Q37+P38 -> 1443.301 | R38: ='30'!I40 -> 39.275 | S38: =S37+R38 -> 1378.191 | T38: 105 | U38: =T38+U37 -> 3551.2 | V38: =T38/(P38) -> 2.3636405 | W38: =U38/(Q38) -> 2.4604708 | X38: =IF(AND(R38>0,T38>0),T38/(R38),0) -> 2.6734564 | Y38: =IF(AND(S38>0,U38>0),U38/(S38),0) -> 2.5767111 | Z38: ='30'!I46 -> 42080.284 | AA38: =Z38+AA37 -> 1360440.5 | AB38: =IF(AND(L38>0,Z38>0),(Z38/(P38*1000)*1000),0) -> 947.26344 | AC38: =IF(AND(M38>0,AA38>0),(AA38/(Q38*1000)*1000),0) -> 942.58962 | AD38: =IF(AND(R38>0,Z38>0),(Z38/(R38*1000)*1000),0) -> 1071.4267 | AE38: =IF(AND(S38>0,AA38>0),(AA38/(S38*1000)*1000),0) -> 987.12047 | AF38: =+Listrik!AQ37 -> 0 | AG38: =AF38+AG37 -> 0 | AH38: =IF(AND(L38>0,AF38>0),(AF38/(P38*1000)*1000),0) -> 0 | AI38: =IF(AND(M38>0,AG38>0),(AG38/(Q38*1000)*1000),0) -> 0 | AJ38: =IF(AND(R38>0,AF38>0),(AF38/(R38*1000)*1000),0) -> 0 | AK38: =IF(AND(S38>0,AG38>0),(AG38/(S38*1000)*1000),0) -> 0 | AL38: =+SUM(Efficiency2!K137:K140) -> 48.809914 | AM38: =AM37+AL38 -> 1548.022 | AN38: =+R38/AL38 -> 0.80465211 | AO38: =+S38/AM38 -> 0.89029163
G41: =+P41/N41 -> 0.92313769 | H41: =+P41/L41 -> 0.91392375 | I41: =+R41/P41 -> 0.95488813 | J41: =+R41/L41 -> 0.87269494 | L41: =SUM(L9:L39) -> 1579.2357 | N41: =SUM(N9:N39) -> 1563.4732 | P41: =SUM(P9:P39) -> 1443.301 | R41: =SUM(R9:R39) -> 1378.191 | T41: =SUM(T9:T40) -> 3551.2 | V41: =T41/P41 -> 2.4604708 | X41: =T41/R41 -> 2.5767111 | Z41: =SUM(Z9:Z39) -> 1360440.5 | AB41: =Z41/P41 -> 942.58962 | AD41: =Z41/R41 -> 987.12047 | AF41: =SUM(AF9:AF39) -> 0 | AH41: =AF41/P41 -> 0 | AJ41: =AF41/R41 -> 0 | AL41: =SUM(AL9:AL39) -> 1548.022 | AN41: =+R41/AL41 -> 0.89029163

Sheet GRAFIK

Sheet Listrik
A2: MACHINE POWER CONSUMPTION (PER PANEL)
A4: Date | B4: PM (TON) | C4: FINSHED GOODS (TON) | AN4: Total PM16 | AQ4: LISTRIK WPL
D5: Vacuum A | H5: Vacuum B | L5: MCC Aux TM | P5: Multi Screen | T5: MCC | X5: Drive Panel | AB5: Aux Panel | AF5: Stock Prep | AJ5: Pulper
D6: KWH | E6: Consumption | F6: /TON PM | G6: /TON FG | H6: KWH | I6: Consumption | J6: /TON PM | K6: /TON FG | L6: KWH | M6: Consumption | N6: /TON PM | O6: /TON FG | P6: KWH | Q6: Consumption | R6: /TON PM | S6: /TON FG | T6: KWH | U6: Consumption | V6: /TON PM | W6: /TON FG | X6: KWH | Y6: Consumption | Z6: /TON PM | AA6: /TON FG | AB6: KWH | AC6: Consumption | AD6: /TON PM | AE6: /TON FG | AF6: KWH | AG6: Consumption | AH6: /TON PM | AI6: /TON FG | AJ6: KWH | AK6: Consumption | AL6: /TON PM | AM6: /TON FG | AN6: Consumption | AO6: /TON PM | AP6: /TON FG | AQ6: Consumption | AR6: /TON PM | AS6: /TON FG
A8: =+Report1!A9 -> 46113 | B8: =+Report1!P9 -> 38.25 | C8: =+Report1!R9 -> 36.937 | D8: =+D7+E8 -> 0 | F8: =E8/B8 -> 0 | G8: =E8/C8 -> 0 | H8: =+H7+I8 -> 0 | I8: 0 | J8: =I8/B8 -> 0 | K8: =I8/C8 -> 0 | L8: =+L7+M8 -> 0 | N8: =M8/B8 -> 0 | O8: =M8/C8 -> 0 | P8: =+P7+Q8 -> 0 | R8: =Q8/B8 -> 0 | S8: =Q8/C8 -> 0 | T8: =+T7+U8 -> 6273.01 | U8: =+[1]DailyApr!$AT7 -> 6273.01 | V8: =U8/B8 -> 164.00026 | W8: =U8/C8 -> 169.82998 | X8: =+X7+Y8 -> 19110 | Y8: =+[1]DailyApr!$AU7 -> 19110 | Z8: =Y8/B8 -> 499.60784 | AA8: =Y8/C8 -> 517.36741 | AB8: =+AB7+AC8 -> 9924.01 | AC8: =+[1]DailyApr!$AV7 -> 9924.01 | AD8: =AC8/B8 -> 259.45124 | AE8: =AC8/C8 -> 268.67396 | AF8: =+AF7+AG8 -> 12011.666 | AG8: =+[1]DailyApr!$AW7 -> 12011.666 | AH8: =AG8/B8 -> 314.03049 | AI8: =AG8/C8 -> 325.19334 | AJ8: =+AJ7+AK8 -> 1742.4 | AK8: =+[1]DailyApr!$AX7 -> 1742.4 | AL8: =AK8/B8 -> 45.552941 | AM8: =AK8/C8 -> 47.172212 | AN8: =+E8+I8+M8+Q8+U8+Y8+AC8+AG8+AK8 -> 49061.086 | AO8: =AN8/B8 -> 1282.6428 | AP8: =AN8/C8 -> 1328.2369 | AQ8: =+[1]DailyApr!BS7 -> 0 | AR8: =AQ8/B8 -> 0 | AS8: =AQ8/C8 -> 0 | AW8: Off Reel | AX8: Off Rewinder
A9: =A8+1 -> 46114 | B9: =+Report1!P10 -> 52.483 | C9: =+Report1!R10 -> 53.685 | D9: =+D8+E9 -> 0 | F9: =E9/B9 -> 0 | G9: =E9/C9 -> 0 | H9: =+H8+I9 -> 0 | J9: =I9/B9 -> 0 | K9: =I9/C9 -> 0 | L9: =+L8+M9 -> 0 | N9: =M9/B9 -> 0 | O9: =M9/C9 -> 0 | P9: =+P8+Q9 -> 0 | R9: =Q9/B9 -> 0 | S9: =Q9/C9 -> 0 | T9: =+T8+U9 -> 13028.22 | U9: =+[1]DailyApr!$AT8 -> 6755.21 | V9: =U9/B9 -> 128.71234 | W9: =U9/C9 -> 125.83049 | X9: =+X8+Y9 -> 37850 | Y9: =+[1]DailyApr!$AU8 -> 18740 | Z9: =Y9/B9 -> 357.068 | AA9: =Y9/C9 -> 349.0733 | AB9: =+AB8+AC9 -> 20740.22 | AC9: =+[1]DailyApr!$AV8 -> 10816.21 | AD9: =AC9/B9 -> 206.08978 | AE9: =AC9/C9 -> 201.47546 | AF9: =+AF8+AG9 -> 30606.985 | AG9: =+[1]DailyApr!$AW8 -> 18595.319 | AH9: =AG9/B9 -> 354.31128 | AI9: =AG9/C9 -> 346.3783 | AJ9: =+AJ8+AK9 -> 3587.2 | AK9: =+[1]DailyApr!$AX8 -> 1844.8 | AL9: =AK9/B9 -> 35.15043 | AM9: =AK9/C9 -> 34.363416 | AN9: =+E9+I9+M9+Q9+U9+Y9+AC9+AG9+AK9 -> 56751.539 | AO9: =AN9/B9 -> 1081.3318 | AP9: =AN9/C9 -> 1057.121 | AQ9: =+[1]DailyApr!BS8 -> 0 | AR9: =AQ9/B9 -> 0 | AS9: =AQ9/C9 -> 0 | AW9: Kwh/ ton | AX9: Kwh/ ton
A10: =A9+1 -> 46115 | B10: =+Report1!P11 -> 50.411 | C10: =+Report1!R11 -> 56.16 | D10: =+D9+E10 -> 0 | F10: =E10/B10 -> 0 | G10: =E10/C10 -> 0 | H10: =+H9+I10 -> 0 | J10: =I10/B10 -> 0 | K10: =I10/C10 -> 0 | L10: =+L9+M10 -> 0 | N10: =M10/B10 -> 0 | O10: =M10/C10 -> 0 | P10: =+P9+Q10 -> 0 | R10: =Q10/B10 -> 0 | S10: =Q10/C10 -> 0 | T10: =+T9+U10 -> 19629.33 | U10: =+[1]DailyApr!$AT9 -> 6601.11 | V10: =U10/B10 -> 130.94583 | W10: =U10/C10 -> 117.54113 | X10: =+X9+Y10 -> 57850 | Y10: =+[1]DailyApr!$AU9 -> 20000 | Z10: =Y10/B10 -> 396.73881 | AA10: =Y10/C10 -> 356.12536 | AB10: =+AB9+AC10 -> 30641.33 | AC10: =+[1]DailyApr!$AV9 -> 9901.11 | AD10: =AC10/B10 -> 196.40773 | AE10: =AC10/C10 -> 176.30182 | AF10: =+AF9+AG10 -> 46288.099 | AG10: =+[1]DailyApr!$AW9 -> 15681.114 | AH10: =AG10/B10 -> 311.06532 | AI10: =AG10/C10 -> 279.22211 | AJ10: =+AJ9+AK10 -> 5557.2 | AK10: =+[1]DailyApr!$AX9 -> 1970 | AL10: =AK10/B10 -> 39.078772 | AM10: =AK10/C10 -> 35.078348 | AN10: =+E10+I10+M10+Q10+U10+Y10+AC10+AG10+AK10 -> 54153.334 | AO10: =AN10/B10 -> 1074.2365 | AP10: =AN10/C10 -> 964.26876 | AQ10: =+[1]DailyApr!BS9 -> 0 | AR10: =AQ10/B10 -> 0 | AS10: =AQ10/C10 -> 0 | AW10: Kwh/ ton | AX10: Kwh/ ton
A11: =A10+1 -> 46116 | B11: =+Report1!P12 -> 50.426 | C11: =+Report1!R12 -> 45.531 | D11: =+D10+E11 -> 0 | F11: =E11/B11 -> 0 | G11: =E11/C11 -> 0 | H11: =+H10+I11 -> 0 | J11: =I11/B11 -> 0 | K11: =I11/C11 -> 0 | L11: =+L10+M11 -> 0 | N11: =M11/B11 -> 0 | O11: =M11/C11 -> 0 | P11: =+P10+Q11 -> 0 | R11: =Q11/B11 -> 0 | S11: =Q11/C11 -> 0 | T11: =+T10+U11 -> 25293.02 | U11: =+[1]DailyApr!$AT10 -> 5663.69 | V11: =U11/B11 -> 112.31686 | W11: =U11/C11 -> 124.39195 | X11: =+X10+Y11 -> 71850 | Y11: =+[1]DailyApr!$AU10 -> 14000 | Z11: =Y11/B11 -> 277.63455 | AA11: =Y11/C11 -> 307.48281 | AB11: =+AB10+AC11 -> 40455.02 | AC11: =+[1]DailyApr!$AV10 -> 9813.69 | AD11: =AC11/B11 -> 194.61567 | AE11: =AC11/C11 -> 215.53864 | AF11: =+AF10+AG11 -> 60709.753 | AG11: =+[1]DailyApr!$AW10 -> 14421.654 | AH11: =AG11/B11 -> 285.99638 | AI11: =AG11/C11 -> 316.74362 | AJ11: =+AJ10+AK11 -> 7527.2 | AK11: =+[1]DailyApr!$AX10 -> 1970 | AL11: =AK11/B11 -> 39.067148 | AM11: =AK11/C11 -> 43.267225 | AN11: =+E11+I11+M11+Q11+U11+Y11+AC11+AG11+AK11 -> 45869.034 | AO11: =AN11/B11 -> 909.63062 | AP11: =AN11/C11 -> 1007.4243 | AQ11: =+[1]DailyApr!BS10 -> 0 | AR11: =AQ11/B11 -> 0 | AS11: =AQ11/C11 -> 0 | AV11: Vacuum B | AW11: =+J39 -> 0 | AX11: =+K39 -> 0
A12: =A11+1 -> 46117 | B12: =+Report1!P13 -> 48.241 | C12: =+Report1!R13 -> 37.147 | D12: =+D11+E12 -> 0 | F12: =E12/B12 -> 0 | G12: =E12/C12 -> 0 | H12: =+H11+I12 -> 0 | J12: =I12/B12 -> 0 | K12: =I12/C12 -> 0 | L12: =+L11+M12 -> 0 | N12: =M12/B12 -> 0 | O12: =M12/C12 -> 0 | P12: =+P11+Q12 -> 0 | R12: =Q12/B12 -> 0 | S12: =Q12/C12 -> 0 | T12: =+T11+U12 -> 32700.46 | U12: =+[1]DailyApr!$AT11 -> 7407.44 | V12: =U12/B12 -> 153.55071 | W12: =U12/C12 -> 199.40884 | X12: =+X11+Y12 -> 79850 | Y12: =+[1]DailyApr!$AU11 -> 8000 | Z12: =Y12/B12 -> 165.83404 | AA12: =Y12/C12 -> 215.36059 | AB12: =+AB11+AC12 -> 50912.46 | AC12: =+[1]DailyApr!$AV11 -> 10457.44 | AD12: =AC12/B12 -> 216.77494 | AE12: =AC12/C12 -> 281.51506 | AF12: =+AF11+AG12 -> 76975.756 | AG12: =+[1]DailyApr!$AW11 -> 16266.003 | AH12: =AG12/B12 -> 337.18212 | AI12: =AG12/C12 -> 437.882 | AJ12: =+AJ11+AK12 -> 9397.2 | AK12: =+[1]DailyApr!$AX11 -> 1870 | AL12: =AK12/B12 -> 38.763707 | AM12: =AK12/C12 -> 50.340539 | AN12: =+E12+I12+M12+Q12+U12+Y12+AC12+AG12+AK12 -> 44000.883 | AO12: =AN12/B12 -> 912.10553 | AP12: =AN12/C12 -> 1184.507 | AQ12: =+[1]DailyApr!BS11 -> 0 | AR12: =AQ12/B12 -> 0 | AS12: =AQ12/C12 -> 0 | AV12: MCC Aux TM | AW12: =+N39 -> 0 | AX12: =+O39 -> 0
A13: =A12+1 -> 46118 | B13: =+Report1!P14 -> 54.048 | C13: =+Report1!R14 -> 42.652 | D13: =+D12+E13 -> 0 | F13: =E13/B13 -> 0 | G13: =E13/C13 -> 0 | H13: =+H12+I13 -> 0 | J13: =I13/B13 -> 0 | K13: =I13/C13 -> 0 | L13: =+L12+M13 -> 0 | N13: =M13/B13 -> 0 | O13: =M13/C13 -> 0 | P13: =+P12+Q13 -> 0 | R13: =Q13/B13 -> 0 | S13: =Q13/C13 -> 0 | T13: =+T12+U13 -> 38620.91 | U13: =+[1]DailyApr!$AT12 -> 5920.45 | V13: =U13/B13 -> 109.54059 | W13: =U13/C13 -> 138.80826 | X13: =+X12+Y13 -> 88850 | Y13: =+[1]DailyApr!$AU12 -> 9000 | Z13: =Y13/B13 -> 166.51865 | AA13: =Y13/C13 -> 211.01003 | AB13: =+AB12+AC13 -> 61332.91 | AC13: =+[1]DailyApr!$AV12 -> 10420.45 | AD13: =AC13/B13 -> 192.79992 | AE13: =AC13/C13 -> 244.31328 | AF13: =+AF12+AG13 -> 93100.281 | AG13: =+[1]DailyApr!$AW12 -> 16124.526 | AH13: =AG13/B13 -> 298.33714 | AI13: =AG13/C13 -> 378.04852 | AJ13: =+AJ12+AK13 -> 11127.2 | AK13: =+[1]DailyApr!$AX12 -> 1730 | AL13: =AK13/B13 -> 32.008585 | AM13: =AK13/C13 -> 40.560818 | AN13: =+E13+I13+M13+Q13+U13+Y13+AC13+AG13+AK13 -> 43195.426 | AO13: =AN13/B13 -> 799.20489 | AP13: =AN13/C13 -> 1012.7409 | AQ13: =+[1]DailyApr!BS12 -> 0 | AR13: =AQ13/B13 -> 0 | AS13: =AQ13/C13 -> 0 | AV13: Multi Screen | AW13: =+R39 -> 0 | AX13: =+S39 -> 0
A14: =A13+1 -> 46119 | B14: =+Report1!P15 -> 52.463 | C14: =+Report1!R15 -> 60.291 | D14: =+D13+E14 -> 0 | F14: =E14/B14 -> 0 | G14: =E14/C14 -> 0 | H14: =+H13+I14 -> 0 | J14: =I14/B14 -> 0 | K14: =I14/C14 -> 0 | L14: =+L13+M14 -> 0 | N14: =M14/B14 -> 0 | O14: =M14/C14 -> 0 | P14: =+P13+Q14 -> 0 | R14: =Q14/B14 -> 0 | S14: =Q14/C14 -> 0 | T14: =+T13+U14 -> 45562.06 | U14: =+[1]DailyApr!$AT13 -> 6941.15 | V14: =U14/B14 -> 132.30562 | W14: =U14/C14 -> 115.12747 | X14: =+X13+Y14 -> 98850 | Y14: =+[1]DailyApr!$AU13 -> 10000 | Z14: =Y14/B14 -> 190.61053 | AA14: =Y14/C14 -> 165.86223 | AB14: =+AB13+AC14 -> 71424.06 | AC14: =+[1]DailyApr!$AV13 -> 10091.15 | AD14: =AC14/B14 -> 192.34794 | AE14: =AC14/C14 -> 167.37407 | AF14: =+AF13+AG14 -> 114022.22 | AG14: =+[1]DailyApr!$AW13 -> 20921.935 | AH14: =AG14/B14 -> 398.79411 | AI14: =AG14/C14 -> 347.0159 | AJ14: =+AJ13+AK14 -> 13017.2 | AK14: =+[1]DailyApr!$AX13 -> 1890 | AL14: =AK14/B14 -> 36.025389 | AM14: =AK14/C14 -> 31.347962 | AN14: =+E14+I14+M14+Q14+U14+Y14+AC14+AG14+AK14 -> 49844.235 | AO14: =AN14/B14 -> 950.08359 | AP14: =AN14/C14 -> 826.72763 | AQ14: =+[1]DailyApr!BS13 -> 0 | AR14: =AQ14/B14 -> 0 | AS14: =AQ14/C14 -> 0 | AV14: WL II 1250 A (yankee + popereel) | AW14: =+V39 -> 0 | AX14: =+W39 -> 0
A15: =A14+1 -> 46120 | B15: =+Report1!P16 -> 48.457 | C15: =+Report1!R16 -> 46.26 | D15: =+D14+E15 -> 0 | F15: =E15/B15 -> 0 | G15: =E15/C15 -> 0 | H15: =+H14+I15 -> 0 | J15: =I15/B15 -> 0 | K15: =I15/C15 -> 0 | L15: =+L14+M15 -> 0 | N15: =M15/B15 -> 0 | O15: =M15/C15 -> 0 | P15: =+P14+Q15 -> 0 | R15: =Q15/B15 -> 0 | S15: =Q15/C15 -> 0 | T15: =+T14+U15 -> 51448.52 | U15: =+[1]DailyApr!$AT14 -> 5886.46 | V15: =U15/B15 -> 121.47801 | W15: =U15/C15 -> 127.2473 | X15: =+X14+Y15 -> 106850 | Y15: =+[1]DailyApr!$AU14 -> 8000 | Z15: =Y15/B15 -> 165.09483 | AA15: =Y15/C15 -> 172.93558 | AB15: =+AB14+AC15 -> 81910.52 | AC15: =+[1]DailyApr!$AV14 -> 10486.46 | AD15: =AC15/B15 -> 216.40754 | AE15: =AC15/C15 -> 226.68526 | AF15: =+AF14+AG15 -> 133881.41 | AG15: =+[1]DailyApr!$AW14 -> 19859.195 | AH15: =AG15/B15 -> 409.83128 | AI15: =AG15/C15 -> 429.29517 | AJ15: =+AJ14+AK15 -> 14497.2 | AK15: =+[1]DailyApr!$AX14 -> 1480 | AL15: =AK15/B15 -> 30.542543 | AM15: =AK15/C15 -> 31.993083 | AN15: =+E15+I15+M15+Q15+U15+Y15+AC15+AG15+AK15 -> 45712.115 | AO15: =AN15/B15 -> 943.3542 | AP15: =AN15/C15 -> 988.15639 | AQ15: =+[1]DailyApr!BS14 -> 0 | AR15: =AQ15/B15 -> 0 | AS15: =AQ15/C15 -> 0 | AV15: WL II 3200 A (Hood, Fan Pump, Felt & Wire) | AW15: =+Z39 -> 0 | AX15: =+AA39 -> 0
A16: =A15+1 -> 46121 | B16: =+Report1!P17 -> 54.502 | C16: =+Report1!R17 -> 49.106 | D16: =+D15+E16 -> 0 | F16: =E16/B16 -> 0 | G16: =E16/C16 -> 0 | H16: =+H15+I16 -> 0 | J16: =I16/B16 -> 0 | K16: =I16/C16 -> 0 | L16: =+L15+M16 -> 0 | N16: =M16/B16 -> 0 | O16: =M16/C16 -> 0 | P16: =+P15+Q16 -> 0 | R16: =Q16/B16 -> 0 | S16: =Q16/C16 -> 0 | T16: =+T15+U16 -> 58175.91 | U16: =+[1]DailyApr!$AT15 -> 6727.39 | V16: =U16/B16 -> 123.43382 | W16: =U16/C16 -> 136.99731 | X16: =+X15+Y16 -> 116850 | Y16: =+[1]DailyApr!$AU15 -> 10000 | Z16: =Y16/B16 -> 183.47951 | AA16: =Y16/C16 -> 203.6411 | AB16: =+AB15+AC16 -> 91787.91 | AC16: =+[1]DailyApr!$AV15 -> 9877.39 | AD16: =AC16/B16 -> 181.22986 | AE16: =AC16/C16 -> 201.14426 | AF16: =+AF15+AG16 -> 154327.34 | AG16: =+[1]DailyApr!$AW15 -> 20445.929 | AH16: =AG16/B16 -> 375.14089 | AI16: =AG16/C16 -> 416.36315 | AJ16: =+AJ15+AK16 -> 16397.2 | AK16: =+[1]DailyApr!$AX15 -> 1900 | AL16: =AK16/B16 -> 34.861106 | AM16: =AK16/C16 -> 38.69181 | AN16: =+E16+I16+M16+Q16+U16+Y16+AC16+AG16+AK16 -> 48950.709 | AO16: =AN16/B16 -> 898.14519 | AP16: =AN16/C16 -> 996.83764 | AQ16: =+[1]DailyApr!BS15 -> 0 | AR16: =AQ16/B16 -> 0 | AS16: =AQ16/C16 -> 0 | AW16: =SUM(AW10:AW15) -> 0 | AX16: =SUM(AX10:AX15) -> 0
A17: =A16+1 -> 46122 | B17: =+Report1!P18 -> 53.431 | C17: =+Report1!R18 -> 56.877 | D17: =+D16+E17 -> 0 | F17: =E17/B17 -> 0 | G17: =E17/C17 -> 0 | H17: =+H16+I17 -> 0 | J17: =I17/B17 -> 0 | K17: =I17/C17 -> 0 | L17: =+L16+M17 -> 0 | N17: =M17/B17 -> 0 | O17: =M17/C17 -> 0 | P17: =+P16+Q17 -> 0 | R17: =Q17/B17 -> 0 | S17: =Q17/C17 -> 0 | T17: =+T16+U17 -> 64026.48 | U17: =+[1]DailyApr!$AT16 -> 5850.57 | V17: =U17/B17 -> 109.49767 | W17: =U17/C17 -> 102.86355 | X17: =+X16+Y17 -> 125850 | Y17: =+[1]DailyApr!$AU16 -> 9000 | Z17: =Y17/B17 -> 168.44154 | AA17: =Y17/C17 -> 158.23619 | AB17: =+AB16+AC17 -> 102288.48 | AC17: =+[1]DailyApr!$AV16 -> 10500.57 | AD17: =AC17/B17 -> 196.5258 | AE17: =AC17/C17 -> 184.61891 | AF17: =+AF16+AG17 -> 175339.24 | AG17: =+[1]DailyApr!$AW16 -> 21011.903 | AH17: =AG17/B17 -> 393.25304 | AI17: =AG17/C17 -> 369.42706 | AJ17: =+AJ16+AK17 -> 18597.2 | AK17: =+[1]DailyApr!$AX16 -> 2200 | AL17: =AK17/B17 -> 41.174599 | AM17: =AK17/C17 -> 38.679959 | AN17: =+E17+I17+M17+Q17+U17+Y17+AC17+AG17+AK17 -> 48563.043 | AO17: =AN17/B17 -> 908.89265 | AP17: =AN17/C17 -> 853.82568 | AQ17: =+[1]DailyApr!BS16 -> 0 | AR17: =AQ17/B17 -> 0 | AS17: =AQ17/C17 -> 0 | AU17: Stockprep | AV17: Stock Prep & UTM 1 (3200 A) | AW17: =+AD39 -> 0 | AX17: =+AE39 -> 0
A18: =A17+1 -> 46123 | B18: =+Report1!P19 -> 51.323 | C18: =+Report1!R19 -> 43.755 | D18: =+D17+E18 -> 0 | F18: =E18/B18 -> 0 | G18: =E18/C18 -> 0 | H18: =+H17+I18 -> 0 | J18: =I18/B18 -> 0 | K18: =I18/C18 -> 0 | L18: =+L17+M18 -> 0 | N18: =M18/B18 -> 0 | O18: =M18/C18 -> 0 | P18: =+P17+Q18 -> 0 | R18: =Q18/B18 -> 0 | S18: =Q18/C18 -> 0 | T18: =+T17+U18 -> 69996.31 | U18: =+[1]DailyApr!$AT17 -> 5969.83 | V18: =U18/B18 -> 116.3188 | W18: =U18/C18 -> 136.43766 | X18: =+X17+Y18 -> 135850 | Y18: =+[1]DailyApr!$AU17 -> 10000 | Z18: =Y18/B18 -> 194.84442 | AA18: =Y18/C18 -> 228.54531 | AB18: =+AB17+AC18 -> 112508.31 | AC18: =+[1]DailyApr!$AV17 -> 10219.83 | AD18: =AC18/B18 -> 199.12768 | AE18: =AC18/C18 -> 233.56942 | AF18: =+AF17+AG18 -> 193354.66 | AG18: =+[1]DailyApr!$AW17 -> 18015.414 | AH18: =AG18/B18 -> 351.02028 | AI18: =AG18/C18 -> 411.73383 | AJ18: =+AJ17+AK18 -> 20757.2 | AK18: =+[1]DailyApr!$AX17 -> 2160 | AL18: =AK18/B18 -> 42.086394 | AM18: =AK18/C18 -> 49.365787 | AN18: =+E18+I18+M18+Q18+U18+Y18+AC18+AG18+AK18 -> 46365.074 | AO18: =AN18/B18 -> 903.39758 | AP18: =AN18/C18 -> 1059.652 | AQ18: =+[1]DailyApr!BS17 -> 0 | AR18: =AQ18/B18 -> 0 | AS18: =AQ18/C18 -> 0 | AV18: Stock Prep & UTM 2 (3200 A) | AW18: =+AH39 -> 0 | AX18: =+AI39 -> 0
A19: =A18+1 -> 46124 | B19: =+Report1!P20 -> 48.237 | C19: =+Report1!R20 -> 49.295 | D19: =+D18+E19 -> 0 | F19: =E19/B19 -> 0 | G19: =E19/C19 -> 0 | H19: =+H18+I19 -> 0 | J19: =I19/B19 -> 0 | K19: =I19/C19 -> 0 | L19: =+L18+M19 -> 0 | N19: =M19/B19 -> 0 | O19: =M19/C19 -> 0 | P19: =+P18+Q19 -> 0 | R19: =Q19/B19 -> 0 | S19: =Q19/C19 -> 0 | T19: =+T18+U19 -> 77398.39 | U19: =+[1]DailyApr!$AT18 -> 7402.08 | V19: =U19/B19 -> 153.45233 | W19: =U19/C19 -> 150.15884 | X19: =+X18+Y19 -> 149850 | Y19: =+[1]DailyApr!$AU18 -> 14000 | Z19: =Y19/B19 -> 290.23364 | AA19: =Y19/C19 -> 284.00446 | AB19: =+AB18+AC19 -> 123060.39 | AC19: =+[1]DailyApr!$AV18 -> 10552.08 | AD19: =AC19/B19 -> 218.7549 | AE19: =AC19/C19 -> 214.05984 | AF19: =+AF18+AG19 -> 210664.12 | AG19: =+[1]DailyApr!$AW18 -> 17309.462 | AH19: =AG19/B19 -> 358.84202 | AI19: =AG19/C19 -> 351.14033 | AJ19: =+AJ18+AK19 -> 22957.2 | AK19: =+[1]DailyApr!$AX18 -> 2200 | AL19: =AK19/B19 -> 45.608143 | AM19: =AK19/C19 -> 44.629273 | AN19: =+E19+I19+M19+Q19+U19+Y19+AC19+AG19+AK19 -> 51463.622 | AO19: =AN19/B19 -> 1066.891 | AP19: =AN19/C19 -> 1043.9927 | AQ19: =+[1]DailyApr!BS18 -> 0 | AR19: =AQ19/B19 -> 0 | AS19: =AQ19/C19 -> 0 | AW19: =SUM(AW17:AW18) -> 0 | AX19: =SUM(AX17:AX18) -> 0
A20: =A19+1 -> 46125 | B20: =+Report1!P21 -> 27.166 | C20: =+Report1!R21 -> 18.167 | D20: =+D19+E20 -> 0 | F20: =E20/B20 -> 0 | G20: =E20/C20 -> 0 | H20: =+H19+I20 -> 0 | J20: =I20/B20 -> 0 | K20: =I20/C20 -> 0 | L20: =+L19+M20 -> 0 | N20: =M20/B20 -> 0 | O20: =M20/C20 -> 0 | P20: =+P19+Q20 -> 0 | R20: =Q20/B20 -> 0 | S20: =Q20/C20 -> 0 | T20: =+T19+U20 -> 82202.96 | U20: =+[1]DailyApr!$AT19 -> 4804.57 | V20: =U20/B20 -> 176.85968 | W20: =U20/C20 -> 264.46689 | X20: =+X19+Y20 -> 161850 | Y20: =+[1]DailyApr!$AU19 -> 12000 | Z20: =Y20/B20 -> 441.72863 | AA20: =Y20/C20 -> 660.53834 | AB20: =+AB19+AC20 -> 129464.96 | AC20: =+[1]DailyApr!$AV19 -> 6404.57 | AD20: =AC20/B20 -> 235.75683 | AE20: =AC20/C20 -> 352.53867 | AF20: =+AF19+AG20 -> 222576.46 | AG20: =+[1]DailyApr!$AW19 -> 11912.34 | AH20: =AG20/B20 -> 438.50181 | AI20: =AG20/C20 -> 655.71312 | AJ20: =+AJ19+AK20 -> 24367.2 | AK20: =+[1]DailyApr!$AX19 -> 1410 | AL20: =AK20/B20 -> 51.903114 | AM20: =AK20/C20 -> 77.613255 | AN20: =+E20+I20+M20+Q20+U20+Y20+AC20+AG20+AK20 -> 36531.48 | AO20: =AN20/B20 -> 1344.7501 | AP20: =AN20/C20 -> 2010.8703 | AQ20: =+[1]DailyApr!BS19 -> 0 | AR20: =AQ20/B20 -> 0 | AS20: =AQ20/C20 -> 0 | AU20: Rewinder | AV20: Rewinder 1 (800 A) | AW20: =+AL39 -> 0 | AX20: =+AM39 -> 0
A21: =A20+1 -> 46126 | B21: =+Report1!P22 -> 51.593 | C21: =+Report1!R22 -> 54.056 | D21: =+D20+E21 -> 0 | F21: =E21/B21 -> 0 | G21: =E21/C21 -> 0 | H21: =+H20+I21 -> 0 | J21: =I21/B21 -> 0 | K21: =I21/C21 -> 0 | L21: =+L20+M21 -> 0 | N21: =M21/B21 -> 0 | O21: =M21/C21 -> 0 | P21: =+P20+Q21 -> 0 | R21: =Q21/B21 -> 0 | S21: =Q21/C21 -> 0 | T21: =+T20+U21 -> 87964.13 | U21: =+[1]DailyApr!$AT20 -> 5761.17 | V21: =U21/B21 -> 111.66573 | W21: =U21/C21 -> 106.57781 | X21: =+X20+Y21 -> 172850 | Y21: =+[1]DailyApr!$AU20 -> 11000 | Z21: =Y21/B21 -> 213.20722 | AA21: =Y21/C21 -> 203.49267 | AB21: =+AB20+AC21 -> 139976.13 | AC21: =+[1]DailyApr!$AV20 -> 10511.17 | AD21: =AC21/B21 -> 203.73248 | AE21: =AC21/C21 -> 194.44964 | AF21: =+AF20+AG21 -> 232963.83 | AG21: =+[1]DailyApr!$AW20 -> 10387.375 | AH21: =AG21/B21 -> 201.33302 | AI21: =AG21/C21 -> 192.15951 | AJ21: =+AJ20+AK21 -> 26217.2 | AK21: =+[1]DailyApr!$AX20 -> 1850 | AL21: =AK21/B21 -> 35.857578 | AM21: =AK21/C21 -> 34.223768 | AN21: =+E21+I21+M21+Q21+U21+Y21+AC21+AG21+AK21 -> 39509.715 | AO21: =AN21/B21 -> 765.79603 | AP21: =AN21/C21 -> 730.90341 | AQ21: =+[1]DailyApr!BS20 -> 0 | AR21: =AQ21/B21 -> 0 | AS21: =AQ21/C21 -> 0 | AV21: Rewinder 2 (800A) | AW21: =+#REF! -> #REF! | AX21: =+#REF! -> #REF!
A22: =A21+1 -> 46127 | B22: =+Report1!P23 -> 55.435 | C22: =+Report1!R23 -> 50.666 | D22: =+D21+E22 -> 0 | F22: =E22/B22 -> 0 | G22: =E22/C22 -> 0 | H22: =+H21+I22 -> 0 | J22: =I22/B22 -> 0 | K22: =I22/C22 -> 0 | L22: =+L21+M22 -> 0 | N22: =M22/B22 -> 0 | O22: =M22/C22 -> 0 | P22: =+P21+Q22 -> 0 | R22: =Q22/B22 -> 0 | S22: =Q22/C22 -> 0 | T22: =+T21+U22 -> 93760.31 | U22: =+[1]DailyApr!$AT21 -> 5796.18 | V22: =U22/B22 -> 104.55813 | W22: =U22/C22 -> 114.39979 | X22: =+X21+Y22 -> 183850 | Y22: =+[1]DailyApr!$AU21 -> 11000 | Z22: =Y22/B22 -> 198.43059 | AA22: =Y22/C22 -> 217.10812 | AB22: =+AB21+AC22 -> 149772.31 | AC22: =+[1]DailyApr!$AV21 -> 9796.18 | AD22: =AC22/B22 -> 176.71471 | AE22: =AC22/C22 -> 193.3482 | AF22: =+AF21+AG22 -> 244648.05 | AG22: =+[1]DailyApr!$AW21 -> 11684.213 | AH22: =AG22/B22 -> 210.77322 | AI22: =AG22/C22 -> 230.61251 | AJ22: =+AJ21+AK22 -> 28117.2 | AK22: =+[1]DailyApr!$AX21 -> 1900 | AL22: =AK22/B22 -> 34.274375 | AM22: =AK22/C22 -> 37.500493 | AN22: =+E22+I22+M22+Q22+U22+Y22+AC22+AG22+AK22 -> 40176.573 | AO22: =AN22/B22 -> 724.75103 | AP22: =AN22/C22 -> 792.96912 | AQ22: =+[1]DailyApr!BS21 -> 0 | AR22: =AQ22/B22 -> 0 | AS22: =AQ22/C22 -> 0 | AW22: =SUM(AW20:AW21) -> #REF! | AX22: =SUM(AX20:AX21) -> #REF!
A23: =A22+1 -> 46128 | B23: =+Report1!P24 -> 49.199 | C23: =+Report1!R24 -> 40.222 | D23: =+D22+E23 -> 0 | F23: =E23/B23 -> 0 | G23: =E23/C23 -> 0 | H23: =+H22+I23 -> 0 | J23: =I23/B23 -> 0 | K23: =I23/C23 -> 0 | L23: =+L22+M23 -> 0 | N23: =M23/B23 -> 0 | O23: =M23/C23 -> 0 | P23: =+P22+Q23 -> 0 | R23: =Q23/B23 -> 0 | S23: =Q23/C23 -> 0 | T23: =+T22+U23 -> 100663.48 | U23: =+[1]DailyApr!$AT22 -> 6903.17 | V23: =U23/B23 -> 140.31119 | W23: =U23/C23 -> 171.62672 | X23: =+X22+Y23 -> 198850 | Y23: =+[1]DailyApr!$AU22 -> 15000 | Z23: =Y23/B23 -> 304.88425 | AA23: =Y23/C23 -> 372.93024 | AB23: =+AB22+AC23 -> 160975.48 | AC23: =+[1]DailyApr!$AV22 -> 11203.17 | AD23: =AC23/B23 -> 227.71134 | AE23: =AC23/C23 -> 278.53339 | AF23: =+AF22+AG23 -> 256089.82 | AG23: =+[1]DailyApr!$AW22 -> 11441.769 | AH23: =AG23/B23 -> 232.56101 | AI23: =AG23/C23 -> 284.46544 | AJ23: =+AJ22+AK23 -> 30037.2 | AK23: =+[1]DailyApr!$AX22 -> 1920 | AL23: =AK23/B23 -> 39.025183 | AM23: =AK23/C23 -> 47.73507 | AN23: =+E23+I23+M23+Q23+U23+Y23+AC23+AG23+AK23 -> 46468.109 | AO23: =AN23/B23 -> 944.49296 | AP23: =AN23/C23 -> 1155.2909 | AQ23: =+[1]DailyApr!BS22 -> 0 | AR23: =AQ23/B23 -> 0 | AS23: =AQ23/C23 -> 0
A24: =A23+1 -> 46129 | B24: =+Report1!P25 -> 47.718 | C24: =+Report1!R25 -> 41.672 | D24: =+D23+E24 -> 0 | F24: =E24/B24 -> 0 | G24: =E24/C24 -> 0 | H24: =+H23+I24 -> 0 | J24: =I24/B24 -> 0 | K24: =I24/C24 -> 0 | L24: =+L23+M24 -> 0 | N24: =M24/B24 -> 0 | O24: =M24/C24 -> 0 | P24: =+P23+Q24 -> 0 | R24: =Q24/B24 -> 0 | S24: =Q24/C24 -> 0 | T24: =+T23+U24 -> 106558.4 | U24: =+[1]DailyApr!$AT23 -> 5894.92 | V24: =U24/B24 -> 123.53661 | W24: =U24/C24 -> 141.45997 | X24: =+X23+Y24 -> 218850 | Y24: =+[1]DailyApr!$AU23 -> 20000 | Z24: =Y24/B24 -> 419.12905 | AA24: =Y24/C24 -> 479.93857 | AB24: =+AB23+AC24 -> 170470.4 | AC24: =+[1]DailyApr!$AV23 -> 9494.92 | AD24: =AC24/B24 -> 198.97984 | AE24: =AC24/C24 -> 227.84892 | AF24: =+AF23+AG24 -> 267609.17 | AG24: =+[1]DailyApr!$AW23 -> 11519.353 | AH24: =AG24/B24 -> 241.40477 | AI24: =AG24/C24 -> 276.42908 | AJ24: =+AJ23+AK24 -> 31967.2 | AK24: =+[1]DailyApr!$AX23 -> 1930 | AL24: =AK24/B24 -> 40.445953 | AM24: =AK24/C24 -> 46.314072 | AN24: =+E24+I24+M24+Q24+U24+Y24+AC24+AG24+AK24 -> 48839.193 | AO24: =AN24/B24 -> 1023.4962 | AP24: =AN24/C24 -> 1171.9906 | AQ24: =+[1]DailyApr!BS23 -> 0 | AR24: =AQ24/B24 -> 0 | AS24: =AQ24/C24 -> 0 | AV24: Total | AW24: =+AW16+AW19+AW22 -> #REF! | AX24: =+AX16+AX19+AX22 -> #REF!
A25: =A24+1 -> 46130 | B25: =+Report1!P26 -> 49.574 | C25: =+Report1!R26 -> 51.388 | D25: =+D24+E25 -> 0 | F25: =E25/B25 -> 0 | G25: =E25/C25 -> 0 | H25: =+H24+I25 -> 0 | J25: =I25/B25 -> 0 | K25: =I25/C25 -> 0 | L25: =+L24+M25 -> 0 | N25: =M25/B25 -> 0 | O25: =M25/C25 -> 0 | P25: =+P24+Q25 -> 0 | R25: =Q25/B25 -> 0 | S25: =Q25/C25 -> 0 | T25: =+T24+U25 -> 111075.29 | U25: =+[1]DailyApr!$AT24 -> 4516.89 | V25: =U25/B25 -> 91.114092 | W25: =U25/C25 -> 87.897758 | X25: =+X24+Y25 -> 236850 | Y25: =+[1]DailyApr!$AU24 -> 18000 | Z25: =Y25/B25 -> 363.09356 | AA25: =Y25/C25 -> 350.27633 | AB25: =+AB24+AC25 -> 178987.29 | AC25: =+[1]DailyApr!$AV24 -> 8516.89 | AD25: =AC25/B25 -> 171.80155 | AE25: =AC25/C25 -> 165.73694 | AF25: =+AF24+AG25 -> 278602.18 | AG25: =+[1]DailyApr!$AW24 -> 10993.007 | AH25: =AG25/B25 -> 221.74944 | AI25: =AG25/C25 -> 213.92167 | AJ25: =+AJ24+AK25 -> 34067.2 | AK25: =+[1]DailyApr!$AX24 -> 2100 | AL25: =AK25/B25 -> 42.360915 | AM25: =AK25/C25 -> 40.865572 | AN25: =+E25+I25+M25+Q25+U25+Y25+AC25+AG25+AK25 -> 44126.787 | AO25: =AN25/B25 -> 890.11956 | AP25: =AN25/C25 -> 858.69827 | AQ25: =+[1]DailyApr!BS24 -> 0 | AR25: =AQ25/B25 -> 0 | AS25: =AQ25/C25 -> 0
A26: =A25+1 -> 46131 | B26: =+Report1!P27 -> 49.803 | C26: =+Report1!R27 -> 54.652 | D26: =+D25+E26 -> 0 | F26: =E26/B26 -> 0 | G26: =E26/C26 -> 0 | H26: =+H25+I26 -> 0 | J26: =I26/B26 -> 0 | K26: =I26/C26 -> 0 | L26: =+L25+M26 -> 0 | N26: =M26/B26 -> 0 | O26: =M26/C26 -> 0 | P26: =+P25+Q26 -> 0 | R26: =Q26/B26 -> 0 | S26: =Q26/C26 -> 0 | T26: =+T25+U26 -> 117887.52 | U26: =+[1]DailyApr!$AT25 -> 6812.23 | V26: =U26/B26 -> 136.78353 | W26: =U26/C26 -> 124.64741 | X26: =+X25+Y26 -> 254850 | Y26: =+[1]DailyApr!$AU25 -> 18000 | Z26: =Y26/B26 -> 361.42401 | AA26: =Y26/C26 -> 329.35666 | AB26: =+AB25+AC26 -> 189549.52 | AC26: =+[1]DailyApr!$AV25 -> 10562.23 | AD26: =AC26/B26 -> 212.0802 | AE26: =AC26/C26 -> 193.26338 | AF26: =+AF25+AG26 -> 286683.8 | AG26: =+[1]DailyApr!$AW25 -> 8081.6216 | AH26: =AG26/B26 -> 162.27178 | AI26: =AG26/C26 -> 147.87421 | AJ26: =+AJ25+AK26 -> 36077.2 | AK26: =+[1]DailyApr!$AX25 -> 2010 | AL26: =AK26/B26 -> 40.359015 | AM26: =AK26/C26 -> 36.77816 | AN26: =+E26+I26+M26+Q26+U26+Y26+AC26+AG26+AK26 -> 45466.082 | AO26: =AN26/B26 -> 912.91853 | AP26: =AN26/C26 -> 831.91981 | AQ26: =+[1]DailyApr!BS25 -> 0 | AR26: =AQ26/B26 -> 0 | AS26: =AQ26/C26 -> 0 | AV26: LEBIH TINGGI DARI OFF REEL | AX26: =+AX24/AW24-1 -> #REF!
A27: =A26+1 -> 46132 | B27: =+Report1!P28 -> 49.64 | C27: =+Report1!R28 -> 44.97 | D27: =+D26+E27 -> 0 | F27: =E27/B27 -> 0 | G27: =E27/C27 -> 0 | H27: =+H26+I27 -> 0 | J27: =I27/B27 -> 0 | K27: =I27/C27 -> 0 | L27: =+L26+M27 -> 0 | N27: =M27/B27 -> 0 | O27: =M27/C27 -> 0 | P27: =+P26+Q27 -> 0 | R27: =Q27/B27 -> 0 | S27: =Q27/C27 -> 0 | T27: =+T26+U27 -> 122579.61 | U27: =+[1]DailyApr!$AT26 -> 4692.09 | V27: =U27/B27 -> 94.522361 | W27: =U27/C27 -> 104.33823 | X27: =+X26+Y27 -> 272130 | Y27: =+[1]DailyApr!$AU26 -> 17280 | Z27: =Y27/B27 -> 348.10637 | AA27: =Y27/C27 -> 384.25617 | AB27: =+AB26+AC27 -> 198525.61 | AC27: =+[1]DailyApr!$AV26 -> 8976.09 | AD27: =AC27/B27 -> 180.82373 | AE27: =AC27/C27 -> 199.60173 | AF27: =+AF26+AG27 -> 299510 | AG27: =+[1]DailyApr!$AW26 -> 12826.202 | AH27: =AG27/B27 -> 258.38441 | AI27: =AG27/C27 -> 285.21686 | AJ27: =+AJ26+AK27 -> 38048.2 | AK27: =+[1]DailyApr!$AX26 -> 1971 | AL27: =AK27/B27 -> 39.705882 | AM27: =AK27/C27 -> 43.829219 | AN27: =+E27+I27+M27+Q27+U27+Y27+AC27+AG27+AK27 -> 45745.382 | AO27: =AN27/B27 -> 921.54275 | AP27: =AN27/C27 -> 1017.2422 | AQ27: =+[1]DailyApr!BS26 -> 0 | AR27: =AQ27/B27 -> 0 | AS27: =AQ27/C27 -> 0
A28: =A27+1 -> 46133 | B28: =+Report1!P29 -> 51.711 | C28: =+Report1!R29 -> 51.796 | D28: =+D27+E28 -> 0 | F28: =E28/B28 -> 0 | G28: =E28/C28 -> 0 | H28: =+H27+I28 -> 0 | J28: =I28/B28 -> 0 | K28: =I28/C28 -> 0 | L28: =+L27+M28 -> 0 | N28: =M28/B28 -> 0 | O28: =M28/C28 -> 0 | P28: =+P27+Q28 -> 0 | R28: =Q28/B28 -> 0 | S28: =Q28/C28 -> 0 | T28: =+T27+U28 -> 129853.28 | U28: =+[1]DailyApr!$AT27 -> 7273.67 | V28: =U28/B28 -> 140.66001 | W28: =U28/C28 -> 140.42918 | X28: =+X27+Y28 -> 290340 | Y28: =+[1]DailyApr!$AU27 -> 18210 | Z28: =Y28/B28 -> 352.14945 | AA28: =Y28/C28 -> 351.57155 | AB28: =+AB27+AC28 -> 208790.28 | AC28: =+[1]DailyApr!$AV27 -> 10264.67 | AD28: =AC28/B28 -> 198.50071 | AE28: =AC28/C28 -> 198.17496 | AF28: =+AF27+AG28 -> 310712.32 | AG28: =+[1]DailyApr!$AW27 -> 11202.317 | AH28: =AG28/B28 -> 216.63314 | AI28: =AG28/C28 -> 216.27764 | AJ28: =+AJ27+AK28 -> 39924 | AK28: =+[1]DailyApr!$AX27 -> 1875.8 | AL28: =AK28/B28 -> 36.27468 | AM28: =AK28/C28 -> 36.215152 | AN28: =+E28+I28+M28+Q28+U28+Y28+AC28+AG28+AK28 -> 48826.457 | AO28: =AN28/B28 -> 944.21799 | AP28: =AN28/C28 -> 942.66848 | AQ28: =+[1]DailyApr!BS27 -> 0 | AR28: =AQ28/B28 -> 0 | AS28: =AQ28/C28 -> 0
A29: =A28+1 -> 46134 | B29: =+Report1!P30 -> 49.82 | C29: =+Report1!R30 -> 48.822 | D29: =+D28+E29 -> 0 | F29: =E29/B29 -> 0 | G29: =E29/C29 -> 0 | H29: =+H28+I29 -> 0 | J29: =I29/B29 -> 0 | K29: =I29/C29 -> 0 | L29: =+L28+M29 -> 0 | N29: =M29/B29 -> 0 | O29: =M29/C29 -> 0 | P29: =+P28+Q29 -> 0 | R29: =Q29/B29 -> 0 | S29: =Q29/C29 -> 0 | T29: =+T28+U29 -> 135206.38 | U29: =+[1]DailyApr!$AT28 -> 5353.1 | V29: =U29/B29 -> 107.44882 | W29: =U29/C29 -> 109.64524 | X29: =+X28+Y29 -> 308530 | Y29: =+[1]DailyApr!$AU28 -> 18190 | Z29: =Y29/B29 -> 365.11441 | AA29: =Y29/C29 -> 372.57794 | AB29: =+AB28+AC29 -> 218077.38 | AC29: =+[1]DailyApr!$AV28 -> 9287.1 | AD29: =AC29/B29 -> 186.41309 | AE29: =AC29/C29 -> 190.22367 | AF29: =+AF28+AG29 -> 320619.73 | AG29: =+[1]DailyApr!$AW28 -> 9907.4147 | AH29: =AG29/B29 -> 198.86421 | AI29: =AG29/C29 -> 202.92931 | AJ29: =+AJ28+AK29 -> 41627.2 | AK29: =+[1]DailyApr!$AX28 -> 1703.2 | AL29: =AK29/B29 -> 34.187073 | AM29: =AK29/C29 -> 34.885912 | AN29: =+E29+I29+M29+Q29+U29+Y29+AC29+AG29+AK29 -> 44440.815 | AO29: =AN29/B29 -> 892.02759 | AP29: =AN29/C29 -> 910.26207 | AQ29: =+[1]DailyApr!BS28 -> 0 | AR29: =AQ29/B29 -> 0 | AS29: =AQ29/C29 -> 0
A30: =A29+1 -> 46135 | B30: =+Report1!P31 -> 51.642 | C30: =+Report1!R31 -> 47.997 | D30: =+D29+E30 -> 0 | F30: =E30/B30 -> 0 | G30: =E30/C30 -> 0 | H30: =+H29+I30 -> 0 | J30: =I30/B30 -> 0 | K30: =I30/C30 -> 0 | L30: =+L29+M30 -> 0 | N30: =M30/B30 -> 0 | O30: =M30/C30 -> 0 | P30: =+P29+Q30 -> 0 | R30: =Q30/B30 -> 0 | S30: =Q30/C30 -> 0 | T30: =+T29+U30 -> 140178.6 | U30: =+[1]DailyApr!$AT29 -> 4972.22 | V30: =U30/B30 -> 96.282483 | W30: =U30/C30 -> 103.59439 | X30: =+X29+Y30 -> 326690 | Y30: =+[1]DailyApr!$AU29 -> 18160 | Z30: =Y30/B30 -> 351.65176 | AA30: =Y30/C30 -> 378.35698 | AB30: =+AB29+AC30 -> 227707.6 | AC30: =+[1]DailyApr!$AV29 -> 9630.22 | AD30: =AC30/B30 -> 186.48038 | AE30: =AC30/C30 -> 200.64212 | AF30: =+AF29+AG30 -> 330710.76 | AG30: =+[1]DailyApr!$AW29 -> 10091.031 | AH30: =AG30/B30 -> 195.40358 | AI30: =AG30/C30 -> 210.24296 | AJ30: =+AJ29+AK30 -> 43358.2 | AK30: =+[1]DailyApr!$AX29 -> 1731 | AL30: =AK30/B30 -> 33.519229 | AM30: =AK30/C30 -> 36.064754 | AN30: =+E30+I30+M30+Q30+U30+Y30+AC30+AG30+AK30 -> 44584.471 | AO30: =AN30/B30 -> 863.33743 | AP30: =AN30/C30 -> 928.90121 | AQ30: =+[1]DailyApr!BS29 -> 0 | AR30: =AQ30/B30 -> 0 | AS30: =AQ30/C30 -> 0
A31: =A30+1 -> 46136 | B31: =+Report1!P32 -> 49.258 | C31: =+Report1!R32 -> 53.771 | D31: =+D30+E31 -> 0 | F31: =E31/B31 -> 0 | G31: =E31/C31 -> 0 | H31: =+H30+I31 -> 0 | J31: =I31/B31 -> 0 | K31: =I31/C31 -> 0 | L31: =+L30+M31 -> 0 | N31: =M31/B31 -> 0 | O31: =M31/C31 -> 0 | P31: =+P30+Q31 -> 0 | R31: =Q31/B31 -> 0 | S31: =Q31/C31 -> 0 | T31: =+T30+U31 -> 145692.41 | U31: =+[1]DailyApr!$AT30 -> 5513.81 | V31: =U31/B31 -> 111.93735 | W31: =U31/C31 -> 102.54245 | X31: =+X30+Y31 -> 345200 | Y31: =+[1]DailyApr!$AU30 -> 18510 | Z31: =Y31/B31 -> 375.77652 | AA31: =Y31/C31 -> 344.2376 | AB31: =+AB30+AC31 -> 237966.41 | AC31: =+[1]DailyApr!$AV30 -> 10258.81 | AD31: =AC31/B31 -> 208.26688 | AE31: =AC31/C31 -> 190.78704 | AF31: =+AF30+AG31 -> 341093.7 | AG31: =+[1]DailyApr!$AW30 -> 10382.938 | AH31: =AG31/B31 -> 210.78684 | AI31: =AG31/C31 -> 193.0955 | AJ31: =+AJ30+AK31 -> 45243 | AK31: =+[1]DailyApr!$AX30 -> 1884.8 | AL31: =AK31/B31 -> 38.263835 | AM31: =AK31/C31 -> 35.052352 | AN31: =+E31+I31+M31+Q31+U31+Y31+AC31+AG31+AK31 -> 46550.358 | AO31: =AN31/B31 -> 945.03143 | AP31: =AN31/C31 -> 865.71494 | AQ31: =+[1]DailyApr!BS30 -> 0 | AR31: =AQ31/B31 -> 0 | AS31: =AQ31/C31 -> 0
A32: =A31+1 -> 46137 | B32: =+Report1!P33 -> 48.978 | C32: =+Report1!R33 -> 43.971 | D32: =+D31+E32 -> 0 | F32: =E32/B32 -> 0 | G32: =E32/C32 -> 0 | H32: =+H31+I32 -> 0 | J32: =I32/B32 -> 0 | K32: =I32/C32 -> 0 | L32: =+L31+M32 -> 0 | N32: =M32/B32 -> 0 | O32: =M32/C32 -> 0 | P32: =+P31+Q32 -> 0 | R32: =Q32/B32 -> 0 | S32: =Q32/C32 -> 0 | T32: =+T31+U32 -> 151546.11 | U32: =+[1]DailyApr!$AT31 -> 5853.7 | V32: =U32/B32 -> 119.51693 | W32: =U32/C32 -> 133.12638 | X32: =+X31+Y32 -> 363280 | Y32: =+[1]DailyApr!$AU31 -> 18080 | Z32: =Y32/B32 -> 369.14533 | AA32: =Y32/C32 -> 411.1801 | AB32: =+AB31+AC32 -> 248372.11 | AC32: =+[1]DailyApr!$AV31 -> 10405.7 | AD32: =AC32/B32 -> 212.45661 | AE32: =AC32/C32 -> 236.64916 | AF32: =+AF31+AG32 -> 351904.82 | AG32: =+[1]DailyApr!$AW31 -> 10811.117 | AH32: =AG32/B32 -> 220.73414 | AI32: =AG32/C32 -> 245.86925 | AJ32: =+AJ31+AK32 -> 47236.3 | AK32: =+[1]DailyApr!$AX31 -> 1993.3 | AL32: =AK32/B32 -> 40.697864 | AM32: =AK32/C32 -> 45.332151 | AN32: =+E32+I32+M32+Q32+U32+Y32+AC32+AG32+AK32 -> 47143.817 | AO32: =AN32/B32 -> 962.55088 | AP32: =AN32/C32 -> 1072.157 | AQ32: =+[1]DailyApr!BS31 -> 0 | AR32: =AQ32/B32 -> 0 | AS32: =AQ32/C32 -> 0
A33: =A32+1 -> 46138 | B33: =+Report1!P34 -> 51.676 | C33: =+Report1!R34 -> 45.142 | D33: =+D32+E33 -> 0 | F33: =E33/B33 -> 0 | G33: =E33/C33 -> 0 | H33: =+H32+I33 -> 0 | J33: =I33/B33 -> 0 | K33: =I33/C33 -> 0 | L33: =+L32+M33 -> 0 | N33: =M33/B33 -> 0 | O33: =M33/C33 -> 0 | P33: =+P32+Q33 -> 0 | R33: =Q33/B33 -> 0 | S33: =Q33/C33 -> 0 | T33: =+T32+U33 -> 157895.72 | U33: =+[1]DailyApr!$AT32 -> 6349.61 | V33: =U33/B33 -> 122.87348 | W33: =U33/C33 -> 140.65859 | X33: =+X32+Y33 -> 381850 | Y33: =+[1]DailyApr!$AU32 -> 18570 | Z33: =Y33/B33 -> 359.35444 | AA33: =Y33/C33 -> 411.36857 | AB33: =+AB32+AC33 -> 259107.72 | AC33: =+[1]DailyApr!$AV32 -> 10735.61 | AD33: =AC33/B33 -> 207.74847 | AE33: =AC33/C33 -> 237.81866 | AF33: =+AF32+AG33 -> 363347.54 | AG33: =+[1]DailyApr!$AW32 -> 11442.718 | AH33: =AG33/B33 -> 221.43196 | AI33: =AG33/C33 -> 253.48275 | AJ33: =+AJ32+AK33 -> 49117.2 | AK33: =+[1]DailyApr!$AX32 -> 1880.9 | AL33: =AK33/B33 -> 36.397941 | AM33: =AK33/C33 -> 41.666297 | AN33: =+E33+I33+M33+Q33+U33+Y33+AC33+AG33+AK33 -> 48978.838 | AO33: =AN33/B33 -> 947.8063 | AP33: =AN33/C33 -> 1084.9949 | AQ33: =+[1]DailyApr!BS32 -> 0 | AR33: =AQ33/B33 -> 0 | AS33: =AQ33/C33 -> 0
A34: =A33+1 -> 46139 | B34: =+Report1!P35 -> 43.107 | C34: =+Report1!R35 -> 50.276 | D34: =+D33+E34 -> 0 | F34: =E34/B34 -> 0 | G34: =E34/C34 -> 0 | H34: =+H33+I34 -> 0 | J34: =I34/B34 -> 0 | K34: =I34/C34 -> 0 | L34: =+L33+M34 -> 0 | N34: =M34/B34 -> 0 | O34: =M34/C34 -> 0 | P34: =+P33+Q34 -> 0 | R34: =Q34/B34 -> 0 | S34: =Q34/C34 -> 0 | T34: =+T33+U34 -> 163301.57 | U34: =+[1]DailyApr!$AT33 -> 5405.85 | V34: =U34/B34 -> 125.40539 | W34: =U34/C34 -> 107.52347 | X34: =+X33+Y34 -> 397850 | Y34: =+[1]DailyApr!$AU33 -> 16000 | Z34: =Y34/B34 -> 371.16942 | AA34: =Y34/C34 -> 318.2433 | AB34: =+AB33+AC34 -> 268013.57 | AC34: =+[1]DailyApr!$AV33 -> 8905.85 | AD34: =AC34/B34 -> 206.5987 | AE34: =AC34/C34 -> 177.13919 | AF34: =+AF33+AG34 -> 373062.67 | AG34: =+[1]DailyApr!$AW33 -> 9715.1307 | AH34: =AG34/B34 -> 225.37246 | AI34: =AG34/C34 -> 193.23595 | AJ34: =+AJ33+AK34 -> 51147.2 | AK34: =+[1]DailyApr!$AX33 -> 2030 | AL34: =AK34/B34 -> 47.09212 | AM34: =AK34/C34 -> 40.377118 | AN34: =+E34+I34+M34+Q34+U34+Y34+AC34+AG34+AK34 -> 42056.831 | AO34: =AN34/B34 -> 975.63808 | AP34: =AN34/C34 -> 836.51903 | AQ34: =+[1]DailyApr!BS33 -> 0 | AR34: =AQ34/B34 -> 0 | AS34: =AQ34/C34 -> 0
A35: =A34+1 -> 46140 | B35: =+Report1!P36 -> 24.343 | C35: =+Report1!R36 -> 23.104 | D35: =+D34+E35 -> 0 | F35: =E35/B35 -> 0 | G35: =E35/C35 -> 0 | H35: =+H34+I35 -> 0 | J35: =I35/B35 -> 0 | K35: =I35/C35 -> 0 | L35: =+L34+M35 -> 0 | N35: =M35/B35 -> 0 | O35: =M35/C35 -> 0 | P35: =+P34+Q35 -> 0 | R35: =Q35/B35 -> 0 | S35: =Q35/C35 -> 0 | T35: =+T34+U35 -> 167318.63 | U35: =+[1]DailyApr!$AT34 -> 4017.06 | V35: =U35/B35 -> 165.0191 | W35: =U35/C35 -> 173.86859 | X35: =+X34+Y35 -> 405850 | Y35: =+[1]DailyApr!$AU34 -> 8000 | Z35: =Y35/B35 -> 328.63657 | AA35: =Y35/C35 -> 346.26039 | AB35: =+AB34+AC35 -> 273930.63 | AC35: =+[1]DailyApr!$AV34 -> 5917.06 | AD35: =AC35/B35 -> 243.07029 | AE35: =AC35/C35 -> 256.10544 | AF35: =+AF34+AG35 -> 379243.2 | AG35: =+[1]DailyApr!$AW34 -> 6180.5283 | AH35: =AG35/B35 -> 253.89345 | AI35: =AG35/C35 -> 267.50902 | AJ35: =+AJ34+AK35 -> 52567.2 | AK35: =+[1]DailyApr!$AX34 -> 1420 | AL35: =AK35/B35 -> 58.332991 | AM35: =AK35/C35 -> 61.461219 | AN35: =+E35+I35+M35+Q35+U35+Y35+AC35+AG35+AK35 -> 25534.648 | AO35: =AN35/B35 -> 1048.9524 | AP35: =AN35/C35 -> 1105.2047 | AQ35: =+[1]DailyApr!BS34 -> 0 | AR35: =AQ35/B35 -> 0 | AS35: =AQ35/C35 -> 0
A36: =A35+1 -> 46141 | B36: =+Report1!P37 -> 45.943 | C36: =+Report1!R37 -> 40.548 | D36: =+D35+E36 -> 0 | F36: =E36/B36 -> 0 | G36: =E36/C36 -> 0 | H36: =+H35+I36 -> 0 | J36: =I36/B36 -> 0 | K36: =I36/C36 -> 0 | L36: =+L35+M36 -> 0 | N36: =M36/B36 -> 0 | O36: =M36/C36 -> 0 | P36: =+P35+Q36 -> 0 | R36: =Q36/B36 -> 0 | S36: =Q36/C36 -> 0 | T36: =+T35+U36 -> 173492.5 | U36: =+[1]DailyApr!$AT35 -> 6173.87 | V36: =U36/B36 -> 134.38108 | W36: =U36/C36 -> 152.26078 | X36: =+X35+Y36 -> 417850 | Y36: =+[1]DailyApr!$AU35 -> 12000 | Z36: =Y36/B36 -> 261.19322 | AA36: =Y36/C36 -> 295.94555 | AB36: =+AB35+AC36 -> 282554.5 | AC36: =+[1]DailyApr!$AV35 -> 8623.87 | AD36: =AC36/B36 -> 187.70803 | AE36: =AC36/C36 -> 212.68299 | AF36: =+AF35+AG36 -> 390136.06 | AG36: =+[1]DailyApr!$AW35 -> 10892.868 | AH36: =AG36/B36 -> 237.09528 | AI36: =AG36/C36 -> 268.64132 | AJ36: =+AJ35+AK36 -> 54327.2 | AK36: =+[1]DailyApr!$AX35 -> 1760 | AL36: =AK36/B36 -> 38.308339 | AM36: =AK36/C36 -> 43.405347 | AN36: =+E36+I36+M36+Q36+U36+Y36+AC36+AG36+AK36 -> 39450.608 | AO36: =AN36/B36 -> 858.68594 | AP36: =AN36/C36 -> 972.93598 | AQ36: =+[1]DailyApr!BS35 -> 0 | AR36: =AQ36/B36 -> 0 | AS36: =AQ36/C36 -> 0
A37: =A36+1 -> 46142 | B37: =+Report1!P38 -> 44.423 | C37: =+Report1!R38 -> 39.275 | D37: =+D36+E37 -> 0 | F37: =E37/B37 -> 0 | G37: =E37/C37 -> 0 | H37: =+H36+I37 -> 0 | J37: =I37/B37 -> 0 | K37: =I37/C37 -> 0 | L37: =+L36+M37 -> 0 | N37: =M37/B37 -> 0 | O37: =M37/C37 -> 0 | P37: =+P36+Q37 -> 0 | R37: =Q37/B37 -> 0 | S37: =Q37/C37 -> 0 | T37: =+T36+U37 -> 180555.59 | U37: =+[1]DailyApr!$AT36 -> 7063.09 | V37: =U37/B37 -> 158.99624 | W37: =U37/C37 -> 179.83679 | X37: =+X36+Y37 -> 430850 | Y37: =+[1]DailyApr!$AU36 -> 13000 | Z37: =Y37/B37 -> 292.6412 | AA37: =Y37/C37 -> 330.99936 | AB37: =+AB36+AC37 -> 291467.59 | AC37: =+[1]DailyApr!$AV36 -> 8913.09 | AD37: =AC37/B37 -> 200.64133 | AE37: =AC37/C37 -> 226.94055 | AF37: =+AF36+AG37 -> 402080.17 | AG37: =+[1]DailyApr!$AW36 -> 11944.104 | AH37: =AG37/B37 -> 268.87207 | AI37: =AG37/C37 -> 304.11468 | AJ37: =+AJ36+AK37 -> 55487.2 | AK37: =+[1]DailyApr!$AX36 -> 1160 | AL37: =AK37/B37 -> 26.112599 | AM37: =AK37/C37 -> 29.535328 | AN37: =+E37+I37+M37+Q37+U37+Y37+AC37+AG37+AK37 -> 42080.284 | AO37: =AN37/B37 -> 947.26344 | AP37: =AN37/C37 -> 1071.4267 | AQ37: =+[1]DailyApr!BS36 -> 0 | AR37: =AQ37/B37 -> 0 | AS37: =AQ37/C37 -> 0
A40: TOTAL | B40: =SUM(B8:B38) -> 1443.301 | C40: =SUM(C8:C38) -> 1378.191 | E40: =SUM(E8:E38) -> 0 | F40: =E40/B40 -> 0 | G40: =E40/C40 -> 0 | I40: =SUM(I8:I38) -> 0 | J40: =I40/B40 -> 0 | K40: =I40/C40 -> 0 | M40: =SUM(M8:M38) -> 0 | N40: =M40/B40 -> 0 | O40: =M40/C40 -> 0 | Q40: =SUM(Q8:Q38) -> 0 | R40: =Q40/B40 -> 0 | S40: =Q40/C40 -> 0 | U40: =SUM(U8:U39) -> 180555.59 | V40: =U40/B40 -> 125.09905 | W40: =U40/C40 -> 131.00912 | Y40: =SUM(Y8:Y39) -> 430850 | Z40: =Y40/B40 -> 298.51708 | AA40: =Y40/C40 -> 312.61995 | AC40: =SUM(AC8:AC39) -> 291467.59 | AD40: =AC40/B40 -> 201.94512 | AE40: =AC40/C40 -> 211.48563 | AG40: =SUM(AG8:AG39) -> 402080.17 | AH40: =AG40/B40 -> 278.58372 | AI40: =AG40/C40 -> 291.74488 | AK40: =SUM(AK8:AK39) -> 55487.2 | AL40: =AK40/B40 -> 38.444649 | AM40: =AK40/C40 -> 40.260893 | AN40: =+E40+I40+M40+Q40+U40+Y40+AC40+AG40+AK40 -> 1360440.5 | AO40: =AN40/B40 -> 942.58962 | AP40: =AN40/C40 -> 987.12047 | AQ40: =SUM(AQ8:AQ39) -> 0 | AR40: =AQ40/E40 -> #DIV/0! | AS40: =AQ40/F40 -> #DIV/0!
AN42: =+AN40-[1]DailyApr!$AY$38 -> 0 | AQ42: =+AQ40-[1]DailyApr!$BS$38 -> 0

Sheet Trim Rwd
A1: PM 16 | B1: =+Report1!A9 -> 46113
A3: Tgl | B3: Grade | C3: Ply | D3: Kombinasi Pot. | E3: Lebar Trim | F3: Jml Turunan | G3: Lebar x Turunan | H3: Rata-rata | I3: PHP PM
A4: =+B1 -> 46113 | B4: N 12 | C4: 2 | D4: 140*2 | E4: =140*2 -> 280 | F4: 40 | G4: =+E4*F4 -> 11200 | H4: =+(E4*F4+E5*F5)/(SUM(F4:F5)) -> 280 | I4: =+'1'!I38 -> 38.25
B5: N 12 | C5: 2 | D5: 70*4 | E5: =70*4 -> 280 | F5: 8 | G5: =+E5*F5 -> 2240
K6: =SUM(I:I) -> 1443.301
A7: 46114 | B7: N 12 | C7: 2 | D7: 140*2 | E7: =140*2 -> 280 | F7: 36 | G7: =+E7*F7 -> 10080 | H7: =+(E7*F7+E8*F8)/(SUM(F7:F8)) -> 280 | I7: =+'2'!I38 -> 52.483 | K7: =+K6-'31'!J38 -> 0
B8: N 12 | C8: 2 | D8: 70*4 | E8: =70*4 -> 280 | F8: 31 | G8: =+E8*F8 -> 8680
A10: 46115 | B10: N 12 | C10: 2 | D10: 70*4 | E10: =70*4 -> 280 | F10: 18 | G10: =+E10*F10 -> 5040 | H10: =+G10/F10 -> 280 | I10: =+'3'!N37 -> 3.226
B11: N 11 | C11: 2 | D11: 70*4 | E11: =70*4 -> 280 | F11: =216/4 -> 54 | G11: =+E11*F11 -> 15120 | H11: =+G11/F11 -> 280 | I11: =+'3'!N38 -> 47.185
A13: 46116 | B13: N 11 | C13: 2 | D13: 70*4 | E13: =70*4 -> 280 | F13: =56/4 -> 14 | G13: =+E13*F13 -> 3920 | H13: =+G13/F13 -> 280 | I13: =+'4'!N37 -> 25.56
B14: N 16,5 | C14: 2 | D14: 60*3+90 | E14: =60*3+90 -> 270 | F14: 13 | G14: =+E14*F14 -> 3510 | H14: =+G14/F14 -> 270 | I14: =+'4'!N38 -> 3.928
B15: N 17 | C15: 2 | D15: 90*3 | E15: =90*3 -> 270 | F15: 8 | G15: =+E15*F15 -> 2160 | H15: =+G15/F15 -> 270 | I15: =+'4'!N39 -> 20.938
B16: N 12 | C16: 2 | D16: 70*4 | E16: =70*4 -> 280 | F16: 3 | G16: =+E16*F16 -> 840 | H16: =+G16/F16 -> 280 | I16: Backlog
A18: 46117 | B18: N 17 | C18: 2 | D18: 90*3 | E18: =90*3 -> 270 | F18: 32 | G18: =+E18*F18 -> 8640 | H18: =+(E18*F18+E19*F19)/(SUM(F18:F19)) -> 270 | I18: =+'5'!I38 -> 48.241
B19: N 16,5 | C19: 2 | D19: 60*3+90 | E19: =60*3+90 -> 270 | F19: 5 | G19: =+E19*F19 -> 1350
A21: 46118 | B21: N 17 | C21: 2 | D21: 90*3 | E21: =90*3 -> 270 | F21: =7+9+8+8 -> 32 | G21: =+E21*F21 -> 8640 | H21: =+G21/F21 -> 270 | I21: =+'6'!N37 -> 21.389
B22: N 17,5 | C22: 2 | D22: 86*3+22 | E22: =86*3+22 -> 280 | F22: =1+2+7+9 -> 19 | G22: =+E22*F22 -> 5320 | H22: =+G22/F22 -> 280 | I22: =+'6'!N38 -> 32.659
B23: TW 17 | C23: 2 | D23: 256+24 | E23: =256+24 -> 280 | F23: 0 | G23: =+E23*F23 -> 0 | H23: =+E23 -> 280 | I23: =+'6'!N39 -> 0
A25: 46119 | B25: TW 17 | C25: 2 | D25: 256+24 | E25: =256+24 -> 280 | F25: =16+18+18 -> 52 | G25: =+E25*F25 -> 14560 | H25: =+G25/F25 -> 280 | I25: =+'7'!I38 -> 52.463
B26: N 17,5 | C26: 2 | D26: 86*3+22 | E26: =86*3+22 -> 280 | F26: 7 | G26: =+E26*F26 -> 1960 | H26: =+G26/F26 -> 280 | I26: Backlog
A28: 46120 | B28: TW 17 | C28: 2 | D28: 256+24 | E28: =256+24 -> 280 | F28: =17+15+11 -> 43 | G28: =+E28*F28 -> 12040 | H28: =+G28/F28 -> 280 | I28: =+'8'!I38 -> 48.457
A30: 46121 | B30: TW 17 | C30: 2 | D30: 256+24 | E30: =256+24 -> 280 | F30: 44 | G30: =+E30*F30 -> 12320 | H30: =+G30/F30 -> 280 | I30: =+'9'!I38 -> 54.502
A32: 46122 | B32: TW 17 | C32: 2 | D32: 256+24 | E32: =256+24 -> 280 | F32: =19+15+17 -> 51 | G32: =+E32*F32 -> 14280 | H32: =+G32/F32 -> 280 | I32: =+'10'!I38 -> 53.431
A34: 46123 | B34: TW 17 | C34: 2 | D34: 256+24 | E34: =256+24 -> 280 | F34: =3+15+16 -> 34 | G34: =+E34*F34 -> 9520 | H34: =+G34/F34 -> 280 | I34: =+'11'!N37 -> 34.724
B35: N 15,5 | C35: 2 | D35: 114+162 | E35: =114+162 -> 276 | F35: 7 | G35: =+E35*F35 -> 1932 | H35: =+G35/F35 -> 276 | I35: =+'11'!N38 -> 16.599
A37: 46124 | B37: N 15,5 | C37: 2 | D37: 114+162 | E37: =114+162 -> 276 | F37: =22+15+3 -> 40 | G37: =+E37*F37 -> 11040 | H37: =+G37/F37 -> 276 | I37: =+'12'!N37 -> 18.956
B38: N 11 | C38: 2 | D38: 286*1 | E38: =114+162 -> 276 | F38: 3 | G38: =+E38*F38 -> 828 | H38: =+(E38*F38+E39*F39)/(SUM(F38:F39)) -> 279.07692 | I38: =+'12'!N38 -> 29.281
B39: N 11 | C39: 2 | D39: 70*4 | E39: =70*4 -> 280 | F39: 10 | G39: =+E39*F39 -> 2800
A41: 46125 | B41: N 11 | C41: 2 | D41: 70*4 | E41: =70*4 -> 280 | F41: 22 | G41: =+E41*F41 -> 6160 | H41: =+G41/F41 -> 280 | I41: =+'13'!I38 -> 27.166
A43: 46126 | B43: N 11 | C43: 2 | D43: 70*4 | E43: =70*4 -> 280 | F43: 11 | G43: =+E43*F43 -> 3080 | H43: =+G43/F43 -> 280 | I43: =+'14'!N37 -> 1.078
B44: T 14 | C44: 2 | D44: 133*2 | E44: =133*2 -> 266 | F44: 15 | G44: =+E44*F44 -> 3990 | H44: =+G44/F44 -> 266 | I44: =+'14'!N38 -> 8.64
B45: T 16 | C45: 2 | D45: 276*1 | E45: =276*1 -> 276 | F45: 15 | G45: =+E45*F45 -> 4140 | H45: =+G45/F45 -> 276 | I45: =+'14'!N39 -> 10.234
B46: T 18 | C46: 2 | D46: 276*1 | E46: =276*1 -> 276 | F46: 17 | G46: =+E46*F46 -> 4692 | H46: =+G46/F46 -> 276 | I46: =+'14'!N40 -> 31.641
A48: 46127 | B48: T 18 | C48: 2 | D48: 276*1 | E48: =276*1 -> 276 | F48: 24 | G48: =+E48*F48 -> 6624 | H48: =+G48/F48 -> 276 | I48: =+'15'!N37 -> 10.968
B49: T 16 | C49: 2 | D49: 276*1 | E49: =276*1 -> 276 | F49: =1+25+25 -> 51 | G49: =+E49*F49 -> 14076 | H49: =+G49/F49 -> 276 | I49: =+'15'!N38 -> 44.467
A51: 46128 | B51: T 16 | C51: 2 | D51: 276*1 | E51: =276*1 -> 276 | F51: =23+6 -> 29 | G51: =+E51*F51 -> 8004 | H51: =+G51/F51 -> 276 | I51: =+'16'!N37 -> 11.593
B52: T 15 | C52: 2 | D52: 276*1 | E52: =276*1 -> 276 | F52: 17 | G52: =+E52*F52 -> 4692 | H52: =+G52/F52 -> 276 | I52: =+'16'!N38 -> 9.936
B53: F 13 | C53: 2 | D53: 129,5+140 | E53: =129.5+140 -> 269.5 | F53: =5+15 -> 20 | G53: =+E53*F53 -> 5390 | H53: =+G53/F53 -> 269.5 | I53: =+'16'!N39 -> 27.67
A55: 46129 | B55: F 13 | C55: 2 | D55: 129,5+140 | E55: =129.5+140 -> 269.5 | F55: =132/2 -> 66 | G55: =+E55*F55 -> 17787 | H55: =+(E55*F55+E56*F56)/(SUM(F55:F56)) -> 270.375 | I55: =+'17'!I38 -> 47.718
B56: F 13 | C56: 2 | D56: 140*2 | E56: =140*2 -> 280 | F56: 6 | G56: =+E56*F56 -> 1680
A58: 46130 | B58: F 13 | C58: 2 | D58: 129,5+140 | E58: =129.5+140 -> 269.5 | F58: =23+35+38 -> 96 | G58: =+E58*F58 -> 25872 | H58: =+G58/F58 -> 269.5 | I58: =+'18'!I38 -> 49.574
A60: 46131 | B60: F 13 | C60: 2 | D60: 129,5+140 | E60: =129.5+140 -> 269.5 | F60: =23+22+18 -> 63 | G60: =+E60*F60 -> 16978.5 | H60: =+(E60*F60+E61*F61)/(SUM(F60:F61)) -> 273.25 | I60: =+'19'!I38 -> 49.803
B61: F 13 | C61: 2 | D61: 140*2 | E61: =140*2 -> 280 | F61: 35 | G61: =+E61*F61 -> 9800
A63: 46132 | B63: F 13 | C63: 2 | D63: 129,5+140 | E63: =129.5+140 -> 269.5 | F63: =22+5+16+16+23 -> 82 | G63: =+E63*F63 -> 22099 | H63: =+G63/F63 -> 269.5 | I63: =+'20'!I38 -> 49.64
A65: 46133 | B65: F 13 | C65: 2 | D65: 129,5+140 | E65: =129.5+140 -> 269.5 | F65: =38+26+30 -> 94 | G65: =+E65*F65 -> 25333 | H65: =+G65/F65 -> 269.5 | I65: =+'21'!I38 -> 51.711
A67: 46134 | B67: F 13 | C67: 2 | D67: 129,5+140 | E67: =129.5+140 -> 269.5 | F67: =33+32+25 -> 90 | G67: =+E67*F67 -> 24255 | H67: =+G67/F67 -> 269.5 | I67: =+'22'!I38 -> 49.82
A69: 46135 | B69: F 13 | C69: 2 | D69: 129,5+140 | E69: =129.5+140 -> 269.5 | F69: =28+35+26 -> 89 | G69: =+E69*F69 -> 23985.5 | H69: =+G69/F69 -> 269.5 | I69: =+'23'!I38 -> 51.642
A71: 46136 | B71: F 13 | C71: 2 | D71: 129,5+140 | E71: =129.5+140 -> 269.5 | F71: =32+31+35 -> 98 | G71: =+E71*F71 -> 26411 | H71: =+G71/F71 -> 269.5 | I71: =+'24'!I38 -> 49.258
A73: 46137 | B73: F 13 | C73: 2 | D73: 129,5+140 | E73: =129.5+140 -> 269.5 | F73: =24+30+27 -> 81 | G73: =+E73*F73 -> 21829.5 | H73: =+G73/F73 -> 269.5 | I73: =+'25'!I38 -> 48.978
A75: 46138 | B75: F 13 | C75: 2 | D75: 129,5+140 | E75: =129.5+140 -> 269.5 | F75: =24+31+28 -> 83 | G75: =+E75*F75 -> 22368.5 | H75: =+G75/F75 -> 269.5 | I75: =+'26'!I38 -> 51.676
A77: 46139 | B77: F 13 | C77: 2 | D77: 129,5+140 | E77: =129.5+140 -> 269.5 | F77: =36+37+6 -> 79 | G77: =+E77*F77 -> 21290.5 | H77: =+G77/F77 -> 269.5 | I77: =+'27'!L37 -> 35.245
B78: F 12 | C78: 2 | D78: 140*2 | E78: =140*2 -> 280 | F78: 23 | G78: =+E78*F78 -> 6440 | H78: =+G78/F78 -> 280 | I78: =+'27'!L38 -> 7.862
A80: 46140 | B80: F 12 | C80: 2 | D80: 140*2 | E80: =140*2 -> 280 | F80: 1 | G80: =+E80*F80 -> 280 | H80: =+G80/F80 -> 280 | I80: Backlog
B81: F 14 | C81: 2 | D81: 133*2 | E81: =133*2 -> 266 | F81: 34 | G81: =+E81*F81 -> 9044 | H81: =+G81/F81 -> 266 | I81: =+'28'!L37 -> 15.008
B82: F 13 | C82: 2 | D82: 136,5*2 | E82: =136.5*2 -> 273 | F82: 6 | G82: =+E82*F82 -> 1638 | H82: =+G82/F82 -> 273 | I82: =+'28'!L38 -> 9.335
B83: T 15 | C83: 2 | D83: 136,5*2 | E83: =136.5*2 -> 273 | F83: 0 | G83: =+E83*F83 -> 0 | H83: =+E83 -> 273 | I83: =+'28'!L39 -> 0
A85: 46141 | B85: T 15 | C85: 2 | D85: 276*1 | E85: =276*1 -> 276 | F85: =6+31+27 -> 64 | G85: =+E85*F85 -> 17664 | H85: =+E85 -> 276 | I85: =+'29'!L37 -> 29.72
B86: T 16 | C86: 2 | D86: 276*1 | E86: =276*1 -> 276 | F86: 2 | G86: =+E86*F86 -> 552 | H86: =+E86 -> 276 | I86: =+'29'!L38 -> 16.223
B87: F 13 | C87: 2 | D87: 136,5*2 | E87: =136.5*2 -> 273 | F87: 2 | G87: =+E87*F87 -> 546 | H87: =+E87 -> 273 | I87: Backlog
A89: 46142 | B89: F 12 | C89: 2 | D89: 130+140 | E89: =130+140 -> 270 | F89: =13+6 -> 19 | G89: =+E89*F89 -> 5130 | H89: =+G89/F89 -> 270 | I89: =+'30'!L37 -> 13.675
B90: T 14 | C90: 2 | D90: 272*1 | E90: =272*1 -> 272 | F90: =9+28 -> 37 | G90: =+E90*F90 -> 10064 | H90: =+G90/F90 -> 272 | I90: =+'30'!L38 -> 16.87
B91: T 18 | C91: 2 | D91: 276*1 | E91: =276*1 -> 276 | F91: 4 | G91: =+E91*F91 -> 1104 | H91: =+G91/F91 -> 276 | I91: =+'30'!L39 -> 2.285
B92: T 19 | C92: 2 | D92: 276*1 | E92: =276*1 -> 276 | F92: 0 | G92: =+E92*F92 -> 0 | H92: =+E92 -> 276 | I92: =+'30'!L40 -> 11.593
B93: T 16 | C93: 2 | D93: 276*1 | E93: =276*1 -> 276 | F93: 7 | G93: =+E93*F93 -> 1932 | H93: =+G93/F93 -> 276 | I93: Backlog

Sheet Efficiency1
A1: PM16 Efficiency Running Report
A3: Date | B3: Grade | C3: Speed real (ton) with Available Time | D3: Colour | E3: gsm | F3: Ply | G3: Standard | L3: Real Running | O3: Trim Rewinder (cm) | P3: Trim Rewinder x Running Time | Q3: Available Time (mnt) | R3: Down Time (mnt) | S3: Loss Time (mnt) | T3: Real Speed & Real Creepe Ratio with Available Time (ton) | U3: Real Speed & Real Creepe Ratio setelah dipotong DT & LT (ton) | V3: Loss tonase akibat DT + LT dari hitungan Teori with available time (ton) | W3: Accepted (ton) | X3: Real Eff dr Target Eff | Y3: Backlog | Z3: Reject Rewinder (ton) | AA3: Estimasi Reject to Broke Plant (ton) | AB3: Estimasi Faktor BW (ton) | AC3: Loss Opportunity in Speed (ton) | AD3: Downtime/ Losstime | AE3: Reason of Downtime / Losstime | AF3: Loss Time | AM3: Total Losstime | AN3: Unschedule Shut Down (mnt) | AS3: Schedule Shut Down | AT3: Marketing | AV3: EXT FACTOR | AX3: EXT FACTOR | AZ3: MANAGEMENT | BA3: Total Down Time | BB3: Freq. Sheets Break (X) | BC3: Freq. Change Blade (X) | BD3: Steam, & gangguan sinergy (X) | BE3: Freq, Trip PLN (X) | BF3: Cleaning Holes (X)
AF4: Proses | AI4: Change Grade | AJ4: Mekanik | AK4: Electric & Instrument | AL4: Boiler | AN4: Down Time Produksi | AO4: Mekanik | AP4: Electrical & Instrument | AQ4: Boiler | AR4: Total Unschedule Shut Down | AV4: LOSS | AW4: DOWN TIME | AX4: LOSS | AY4: DOWN TIME
G5: Yankee Speed (mpm) | H5: Max % Creeping | I5: Target Eff | J5: Kapasitas PM-Teori (ton) | K5: Teori (ton) with Available Time | L5: Yankee Speed (mpm) | M5: Popereel Speed (mpm) | N5: % Creeping | AF5: sheet break | AG5: change blade | AH5: change spool | AT5: Loss time | AU5: Down Time | AV5: SINERGY | AW5: SINERGY | AX5: PLN | AY5: PLN
A6: =+Report1!A9 -> 46113 | B6: Napkin | C6: =(M6*E6*O6*Q6)/100000000 -> 55.295361 | D6: VP OW | E6: 12 | F6: 1 | G6: 1400 | H6: =+N6 -> 0.18 | I6: 0.88 | J6: =E6*G6*(1-H6)*1440/1000000*2.87 -> 56.933453 | K6: =(IF(G6<L6,L6,G6)*(1-IF(H6<N6,H6,N6))*E6*O6*Q6)/100000000 -> 55.544832 | L6: 1393.7121 | M6: 1142.8439 | N6: =1-(M6/L6) -> 0.18 | O6: =+'Trim Rwd'!H4 -> 280 | P6: =O6*(Q6-R6-S6) -> 359520 | Q6: 1440 | R6: 120 | S6: 36 | T6: =E6*M6*O6*Q6/100000000 -> 55.295361 | U6: =E6*M6*O6*(Q6-R6-S6)/100000000 -> 49.30503 | V6: =E6*G6*(1-N6)*O6/100*(R6+S6)/1000000 -> 6.0173568 | W6: =+'1'!K34/1000 -> 36.937 | X6: =SUM(W6:W9)/SUM(K6:K9) -> 0.66499436 | Y6: 0 | Z6: =+'1'!D34/1000 -> 0.396 | AA6: =SUM(U6:U9)-SUM(W6:W9)-SUM(Z6:Z9)-SUM(Y6:Y9) -> 11.97203 | AB6: =(SUM(K6:K9)-SUM(W6:W9)-SUM(Y6:Y9)-SUM(Z6:Z9)-SUM(AC6:AC9)-SUM(V6:V9))-AA6 -> -0.027026007 | AC6: =K6-T6 -> 0.24947084 | AD6: =+AM6+BA6 -> 0 | AE6: - Sheet Breaks (0x) | AF6: 0 | AM6: =SUM(AF6:AL6)+AT6+AV6+AX6 -> 0 | AR6: =SUM(AN6:AQ6) -> 0 | BA6: =+AR6+AS6+AU6+AW6+AY6+AZ6 -> 0 | BB6: 0
AD7: =+AM7+BA7 -> 7 | AE7: - Change Blade (2x) | AG7: 7 | AM7: =SUM(AF7:AL7)+AT7+AV7+AX7 -> 7 | AR7: =SUM(AN7:AQ7) -> 0 | BA7: =+AR7+AS7+AU7+AW7+AY7+AZ7 -> 0 | BC7: 2
AD8: =+AM8+BA8 -> 29 | AE8: - Change Spool (22x) | AH8: 29 | AM8: =SUM(AF8:AL8)+AT8+AV8+AX8 -> 29 | AR8: =SUM(AN8:AQ8) -> 0 | BA8: =+AR8+AS8+AU8+AW8+AY8+AZ8 -> 0
AD9: =+AM9+BA9 -> 120 | AE9: - 16:02 Kertas berosot sisi center, Stock off | AM9: =SUM(AF9:AL9)+AT9+AV9+AX9 -> 0 | AN9: 120 | AR9: =SUM(AN9:AQ9) -> 120 | BA9: =+AR9+AS9+AU9+AW9+AY9+AZ9 -> 120
A11: 46114 | B11: Napkin | C11: =(M11*E11*O11*Q11)/100000000 -> 55.544832 | D11: VP OW | E11: 12 | F11: 1 | G11: 1400 | H11: =+N11 -> 0.18 | I11: 0.88 | J11: =E11*G11*(1-H11)*1440/1000000*2.87 -> 56.933453 | K11: =(IF(G11<L11,L11,G11)*(1-IF(H11<N11,H11,N11))*E11*O11*Q11)/100000000 -> 55.544832 | L11: 1400 | M11: 1148 | N11: =1-(M11/L11) -> 0.18 | O11: =+'Trim Rwd'!H7 -> 280 | P11: =O11*(Q11-R11-S11) -> 374360 | Q11: 1440 | R11: 71 | S11: 32 | T11: =E11*M11*O11*Q11/100000000 -> 55.544832 | U11: =E11*M11*O11*(Q11-R11-S11)/100000000 -> 51.571834 | V11: =E11*G11*(1-N11)*O11/100*(R11+S11)/1000000 -> 3.9729984 | W11: =+'2'!K34/1000 -> 53.685 | X11: =SUM(W11:W14)/SUM(K11:K14) -> 0.96651656 | Y11: 0 | Z11: =+'2'!D34/1000 -> 0.203 | AA11: =SUM(U11:U14)-SUM(W11:W14)-SUM(Z11:Z14)-SUM(Y11:Y14) -> -2.3161664 | AB11: =(SUM(K11:K14)-SUM(W11:W14)-SUM(Y11:Y14)-SUM(Z11:Z14)-SUM(AC11:AC14)-SUM(V11:V14))-AA11 -> 0 | AC11: =K11-T11 -> 0 | AD11: =+AM11+BA11 -> 0 | AE11: - Sheet Breaks (0x) | AF11: 0 | AM11: =SUM(AF11:AL11)+AT11+AV11+AX11 -> 0 | AR11: =SUM(AN11:AQ11) -> 0 | BA11: =+AR11+AS11+AU11+AW11+AY11+AZ11 -> 0 | BB11: 0
AD12: =+AM12+BA12 -> 3 | AE12: - Change Blade (1x) | AG12: 3 | AM12: =SUM(AF12:AL12)+AT12+AV12+AX12 -> 3 | AR12: =SUM(AN12:AQ12) -> 0 | BA12: =+AR12+AS12+AU12+AW12+AY12+AZ12 -> 0 | BC12: 1
AD13: =+AM13+BA13 -> 29 | AE13: - Change Spool (23x) | AH13: 29 | AM13: =SUM(AF13:AL13)+AT13+AV13+AX13 -> 29 | AR13: =SUM(AN13:AQ13) -> 0 | BA13: =+AR13+AS13+AU13+AW13+AY13+AZ13 -> 0
AD14: =+AM14+BA14 -> 71 | AE14: - 11.12 Sheet break, Ganti blade (kertas lolos), stock off cleaning doctor blade | AM14: =SUM(AF14:AL14)+AT14+AV14+AX14 -> 0 | AN14: 71 | AR14: =SUM(AN14:AQ14) -> 71 | BA14: =+AR14+AS14+AU14+AW14+AY14+AZ14 -> 71
A16: 46115 | B16: Napkin | C16: =(M16*E16*O16*Q16)/100000000 -> 3.085824 | D16: VP OW | E16: 12 | F16: 1 | G16: 1400 | H16: =+N16 -> 0.18 | I16: 0.88 | J16: =E16*G16*(1-H16)*1440/1000000*2.87 -> 56.933453 | K16: =(IF(G16<L16,L16,G16)*(1-IF(H16<N16,H16,N16))*E16*O16*Q16)/100000000 -> 3.085824 | L16: 1400 | M16: 1148 | N16: =1-(M16/L16) -> 0.18 | O16: =+'Trim Rwd'!H10 -> 280 | P16: =O16*(Q16-R16-S16) -> 22400 | Q16: =60+20 -> 80 | R16: 0 | S16: 0 | T16: =E16*M16*O16*Q16/100000000 -> 3.085824 | U16: =E16*M16*O16*(Q16-R16-S16)/100000000 -> 3.085824 | V16: =E16*G16*(1-N16)*O16/100*(R16+S16)/1000000 -> 0 | W16: =+'3'!K7/1000 -> 14.145 | X16: =SUM(W16:W19)/SUM(K16:K19) -> 1.0974484 | Y16: 0 | Z16: =+'3'!D34/1000 -> 0.208 | AA16: =SUM(U16:U19)-SUM(W16:W19)-SUM(Z16:Z19)-SUM(Y16:Y19) -> -6.0079952 | AB16: =(SUM(K16:K19)-SUM(W16:W19)-SUM(Y16:Y19)-SUM(Z16:Z19)-SUM(AC16:AC19)-SUM(V16:V19))-AA16 -> 0 | AC16: =K16-T16 -> 0 | AD16: =+AM16+BA16 -> 0 | AE16: - Sheet Breaks (0x) | AF16: 0 | AM16: =SUM(AF16:AL16)+AT16+AV16+AX16 -> 0 | AR16: =SUM(AN16:AQ16) -> 0 | BA16: =+AR16+AS16+AU16+AW16+AY16+AZ16 -> 0 | BB16: 0
B17: Napkin | C17: =(M17*E17*O17*Q17)/100000000 -> 48.087424 | D17: VP OW | E17: 11 | F17: 1 | G17: 1400 | H17: =+N17 -> 0.18 | I17: 0.88 | J17: =E17*G17*(1-H17)*1440/1000000*2.87 -> 52.188998 | K17: =(IF(G17<L17,L17,G17)*(1-IF(H17<N17,H17,N17))*E17*O17*Q17)/100000000 -> 48.087424 | L17: 1400 | M17: 1148 | N17: =1-(M17/L17) -> 0.18 | O17: =+'Trim Rwd'!H11 -> 280 | P17: =O17*(Q17-R17-S17) -> 374360 | Q17: =1440-Q16 -> 1360 | R17: 0 | S17: 23 | T17: =E17*M17*O17*Q17/100000000 -> 48.087424 | U17: =E17*M17*O17*(Q17-R17-S17)/100000000 -> 47.274181 | V17: =E17*G17*(1-N17)*O17/100*(R17+S17)/1000000 -> 0.8132432 | W17: =+'3'!K8/1000 -> 42.015 | AC17: =K17-T17 -> 0 | AD17: =+AM17+BA17 -> 0 | AE17: - Change Blade (0x) | AG17: 0 | AM17: =SUM(AF17:AL17)+AT17+AV17+AX17 -> 0 | AR17: =SUM(AN17:AQ17) -> 0 | BA17: =+AR17+AS17+AU17+AW17+AY17+AZ17 -> 0 | BC17: 0
AD18: =+AM18+BA18 -> 23 | AE18: - Change Spool (27x) | AH18: 23 | AM18: =SUM(AF18:AL18)+AT18+AV18+AX18 -> 23 | AR18: =SUM(AN18:AQ18) -> 0 | BA18: =+AR18+AS18+AU18+AW18+AY18+AZ18 -> 0
A20: 46116 | B20: Napkin | C20: =(M20*E20*O20*Q20)/100000000 -> 21.21504 | D20: VP OW | E20: 11 | F20: 1 | G20: 1400 | H20: =+N20 -> 0.18 | I20: 0.88 | J20: =E20*G20*(1-H20)*1440/1000000*2.87 -> 52.188998 | K20: =(IF(G20<L20,L20,G20)*(1-IF(H20<N20,H20,N20))*E20*O20*Q20)/100000000 -> 21.21504 | L20: 1400 | M20: 1148 | N20: =1-(M20/L20) -> 0.18 | O20: =+'Trim Rwd'!H13 -> 280 | P20: =O20*(Q20-R20-S20) -> 165200 | Q20: 600 | R20: 0 | S20: 10 | T20: =E20*M20*O20*Q20/100000000 -> 21.21504 | U20: =E20*M20*O20*(Q20-R20-S20)/100000000 -> 20.861456 | V20: =E20*G20*(1-N20)*O20/100*(R20+S20)/1000000 -> 0.353584 | W20: =+'4'!K8/1000 -> 24.406 | X20: =SUM(W20:W23)/SUM(K20:K23) -> 0.85554476 | Y20: 0 | Z20: =+'4'!D7/1000 -> 0.54 | AA20: =SUM(U20:U23)-SUM(W20:W23)-SUM(Z20:Z23)-SUM(Y20:Y23) -> 3.318462 | AB20: =(SUM(K20:K23)-SUM(W20:W23)-SUM(Y20:Y23)-SUM(Z20:Z23)-SUM(AC20:AC23)-SUM(V20:V23))-AA20 -> 0.0369954 | AC20: =K20-T20 -> 0 | AD20: =+AM20+BA20 -> 0 | AE20: - Sheet Breaks (0x) | AF20: 0 | AM20: =SUM(AF20:AL20)+AT20+AV20+AX20 -> 0 | AR20: =SUM(AN20:AQ20) -> 0 | BA20: =+AR20+AS20+AU20+AW20+AY20+AZ20 -> 0 | BB20: 0
B21: Napkin | C21: =(M21*E21*O21*Q21)/100000000 -> 13.6323 | D21: VP OW | E21: 16.5 | F21: 1 | G21: 950 | H21: =+N21 -> 0.15 | I21: 0.88 | J21: =E21*G21*(1-H21)*1440/1000000*2.87 -> 55.064394 | K21: =(IF(G21<L21,L21,G21)*(1-IF(H21<N21,H21,N21))*E21*O21*Q21)/100000000 -> 13.6323 | L21: 1000 | M21: 850 | N21: =1-(M21/L21) -> 0.15 | O21: =+'Trim Rwd'!H14 -> 270 | P21: =O21*(Q21-R21-S21) -> 95040 | Q21: 360 | R21: 0 | S21: 8 | T21: =E21*M21*O21*Q21/100000000 -> 13.6323 | U21: =E21*M21*O21*(Q21-R21-S21)/100000000 -> 13.32936 | V21: =E21*G21*(1-N21)*O21/100*(R21+S21)/1000000 -> 0.287793 | W21: =+'4'!K9/1000 -> 4.155 | Z21: =+'4'!D18/1000 -> 0.3 | AC21: =K21-T21 -> 0 | AD21: =+AM21+BA21 -> 0 | AE21: - Change Blade (0x) | AG21: 0 | AM21: =SUM(AF21:AL21)+AT21+AV21+AX21 -> 0 | AR21: =SUM(AN21:AQ21) -> 0 | BA21: =+AR21+AS21+AU21+AW21+AY21+AZ21 -> 0 | BC21: 0
B22: Napkin | C22: =(M22*E22*O22*Q22)/100000000 -> 18.371383 | D22: VP OW | E22: 17 | F22: 1 | G22: 925 | H22: =+N22 -> 0.15 | I22: 0.88 | J22: =E22*G22*(1-H22)*1440/1000000*2.87 -> 55.240038 | K22: =(IF(G22<L22,L22,G22)*(1-IF(H22<N22,H22,N22))*E22*O22*Q22)/100000000 -> 18.371383 | L22: 981 | M22: 833.85 | N22: =1-(M22/L22) -> 0.15 | O22: =+'Trim Rwd'!H15 -> 270 | P22: =O22*(Q22-R22-S22) -> 126900 | Q22: 480 | R22: 0 | S22: 10 | T22: =E22*M22*O22*Q22/100000000 -> 18.371383 | U22: =E22*M22*O22*(Q22-R22-S22)/100000000 -> 17.988646 | V22: =E22*G22*(1-N22)*O22/100*(R22+S22)/1000000 -> 0.36088875 | W22: =+'4'!K10/1000 -> 13.906 | Z22: =+'4'!D25/1000 -> 1.49 | AC22: =K22-T22 -> 0 | AD22: =+AM22+BA22 -> 28 | AE22: - Change Spool (21x) | AH22: 28 | AM22: =SUM(AF22:AL22)+AT22+AV22+AX22 -> 28 | AR22: =SUM(AN22:AQ22) -> 0 | BA22: =+AR22+AS22+AU22+AW22+AY22+AZ22 -> 0
B23: Napkin | E23: 12 | W23: =+'4'!K7/1000 -> 3.064 | Z23: =+('4'!D8+'4'!D17)/1000 -> 1
A25: 46117 | B25: Napkin | C25: =(M25*E25*O25*Q25)/100000000 -> 55.057968 | D25: VP OW | E25: 17 | F25: 1 | G25: 925 | H25: =+N25 -> 0.15 | I25: 0.88 | J25: =E25*G25*(1-H25)*1440/1000000*2.87 -> 55.240038 | K25: =(IF(G25<L25,L25,G25)*(1-IF(H25<N25,H25,N25))*E25*O25*Q25)/100000000 -> 55.057968 | L25: 980 | M25: 833 | N25: =1-(M25/L25) -> 0.15 | O25: =+'Trim Rwd'!H18 -> 270 | P25: =O25*(Q25-R25-S25) -> 360180 | Q25: =1440-Q24 -> 1440 | R25: 60 | S25: 46 | T25: =E25*M25*O25*Q25/100000000 -> 55.057968 | U25: =E25*M25*O25*(Q25-R25-S25)/100000000 -> 51.00509 | V25: =E25*G25*(1-N25)*O25/100*(R25+S25)/1000000 -> 3.8254208 | W25: =+'5'!K34/1000 -> 37.147 | X25: =SUM(W25:W28)/SUM(K25:K28) -> 0.6746889 | Y25: 0 | Z25: =+'5'!D34/1000 -> 5.02 | AA25: =SUM(U25:U28)-SUM(W25:W28)-SUM(Z25:Z28)-SUM(Y25:Y28) -> 8.8380898 | AB25: =(SUM(K25:K28)-SUM(W25:W28)-SUM(Y25:Y28)-SUM(Z25:Z28)-SUM(AC25:AC28)-SUM(V25:V28))-AA25 -> 0.22745745 | AC25: =K25-T25 -> 0 | AD25: =+AM25+BA25 -> 20 | AE25: - Sheet Breaks (4x) | AF25: 20 | AM25: =SUM(AF25:AL25)+AT25+AV25+AX25 -> 20 | AR25: =SUM(AN25:AQ25) -> 0 | BA25: =+AR25+AS25+AU25+AW25+AY25+AZ25 -> 0 | BB25: 4
AD26: =+AM26+BA26 -> 2 | AE26: - Change Blade (1x) | AG26: 2 | AM26: =SUM(AF26:AL26)+AT26+AV26+AX26 -> 2 | AR26: =SUM(AN26:AQ26) -> 0 | BA26: =+AR26+AS26+AU26+AW26+AY26+AZ26 -> 0 | BC26: 1
AD27: =+AM27+BA27 -> 24 | AE27: - Change Spool (18x) | AH27: 24 | AM27: =SUM(AF27:AL27)+AT27+AV27+AX27 -> 24 | AR27: =SUM(AN27:AQ27) -> 0 | BA27: =+AR27+AS27+AU27+AW27+AY27+AZ27 -> 0
AD28: =+AM28+BA28 -> 60 | AE28: - 16.32 PM stop, flicker PLN | AM28: =SUM(AF28:AL28)+AT28+AV28+AX28 -> 0 | AR28: =SUM(AN28:AQ28) -> 0 | AY28: 60 | BA28: =+AR28+AS28+AU28+AW28+AY28+AZ28 -> 60
A30: 46118 | B30: Napkin | C30: =(M30*E30*O30*Q30)/100000000 -> 20.657983 | D30: VP OW | E30: 17 | F30: 1 | G30: 940 | H30: =+N30 -> 0.165 | I30: 0.88 | J30: =E30*G30*(1-H30)*1440/1000000*2.87 -> 55.14519 | K30: =(IF(G30<L30,L30,G30)*(1-IF(H30<N30,H30,N30))*E30*O30*Q30)/100000000 -> 20.657983 | L30: 980 | M30: =+L30-L30*0.165 -> 818.3 | N30: =1-(M30/L30) -> 0.165 | O30: =+'Trim Rwd'!H21 -> 270 | P30: =O30*(Q30-R30-S30) -> 145800 | Q30: 550 | R30: 0 | S30: 10 | T30: =E30*M30*O30*Q30/100000000 -> 20.657983 | U30: =E30*M30*O30*(Q30-R30-S30)/100000000 -> 20.282384 | V30: =E30*G30*(1-N30)*O30/100*(R30+S30)/1000000 -> 0.3602691 | W30: =+'6'!K10/1000 -> 25.321 | X30: =SUM(W30:W33)/SUM(K30:K33) -> 0.76259501 | Y30: 0 | Z30: =+('6'!D7+'6'!D16)/1000 -> 2.51 | AA30: =SUM(U30:U33)-SUM(W30:W33)-SUM(Z30:Z33)-SUM(Y30:Y33) -> 9.1805343 | AB30: =(SUM(K30:K33)-SUM(W30:W33)-SUM(Y30:Y33)-SUM(Z30:Z33)-SUM(AC30:AC33)-SUM(V30:V33))-AA30 -> 0.05256325 | AC30: =K30-T30 -> 0 | AD30: =+AM30+BA30 -> 5 | AE30: - Sheet Breaks (1x) | AF30: 5 | AM30: =SUM(AF30:AL30)+AT30+AV30+AX30 -> 5 | AR30: =SUM(AN30:AQ30) -> 0 | BA30: =+AR30+AS30+AU30+AW30+AY30+AZ30 -> 0 | BB30: 1
B31: Napkin | C31: =(M31*E31*O31*Q31)/100000000 -> 29.711655 | D31: VP OW | E31: 17.5 | F31: 1 | G31: 915 | H31: =+N31 -> 0.165 | I31: 0.88 | J31: =E31*G31*(1-H31)*1440/1000000*2.87 -> 55.257344 | K31: =(IF(G31<L31,L31,G31)*(1-IF(H31<N31,H31,N31))*E31*O31*Q31)/100000000 -> 29.711655 | L31: 980 | M31: =+L31-L31*0.165 -> 818.3 | N31: =1-(M31/L31) -> 0.165 | O31: =+'Trim Rwd'!H22 -> 280 | P31: =O31*(Q31-R31-S31) -> 203560 | Q31: 741 | R31: 0 | S31: 14 | T31: =E31*M31*O31*Q31/100000000 -> 29.711655 | U31: =E31*M31*O31*(Q31-R31-S31)/100000000 -> 29.150301 | V31: =E31*G31*(1-N31)*O31/100*(R31+S31)/1000000 -> 0.52412115 | W31: =+'6'!K11/1000 -> 17.331 | Z31: =+'6'!D17/1000 -> 0.464 | AC31: =K31-T31 -> 0 | AD31: =+AM31+BA31 -> 0 | AE31: - Change Blade (0x) | AG31: 0 | AM31: =SUM(AF31:AL31)+AT31+AV31+AX31 -> 0 | AR31: =SUM(AN31:AQ31) -> 0 | BA31: =+AR31+AS31+AU31+AW31+AY31+AZ31 -> 0 | BC31: 0
B32: Towel | C32: =(M32*E32*O32*Q32)/100000000 -> 5.5604416 | D32: VP OW | E32: 17 | F32: 1 | G32: 980 | H32: =+N32 -> 0.2 | I32: 0.88 | J32: =E32*G32*(1-H32)*1440/1000000*2.87 -> 55.081958 | K32: =(IF(G32<L32,L32,G32)*(1-IF(H32<N32,H32,N32))*E32*O32*Q32)/100000000 -> 5.5604416 | L32: 980 | M32: =+L32-L32*0.2 -> 784 | N32: =1-(M32/L32) -> 0.2 | O32: =+'Trim Rwd'!H23 -> 280 | P32: =O32*(Q32-R32-S32) -> 40320 | Q32: 149 | R32: 0 | S32: 5 | T32: =E32*M32*O32*Q32/100000000 -> 5.5604416 | U32: =E32*M32*O32*(Q32-R32-S32)/100000000 -> 5.3738496 | V32: =E32*G32*(1-N32)*O32/100*(R32+S32)/1000000 -> 0.186592 | W32: =+'6'!K12/1000 -> 0 | AD32: =+AM32+BA32 -> 24 | AE32: - Change Spool (20x) | AH32: 24 | AM32: =SUM(AF32:AL32)+AT32+AV32+AX32 -> 24 | AR32: =SUM(AN32:AQ32) -> 0 | BA32: =+AR32+AS32+AU32+AW32+AY32+AZ32 -> 0
A34: 46119 | B34: Towel | C34: =(M34*E34*O34*Q34)/100000000 -> 53.738496 | D34: VP OW | E34: 17 | F34: 1 | G34: 980 | H34: =+N34 -> 0.2 | I34: 0.88 | J34: =E34*G34*(1-H34)*1440/1000000*2.87 -> 55.081958 | K34: =(IF(G34<L34,L34,G34)*(1-IF(H34<N34,H34,N34))*E34*O34*Q34)/100000000 -> 53.738496 | L34: 980 | M34: =+L34-L34*0.2 -> 784 | N34: =1-(M34/L34) -> 0.2 | O34: =+'Trim Rwd'!H25 -> 280 | P34: =O34*(Q34-R34-S34) -> 397600 | Q34: 1440 | R34: 0 | S34: 20 | T34: =E34*M34*O34*Q34/100000000 -> 53.738496 | U34: =E34*M34*O34*(Q34-R34-S34)/100000000 -> 52.992128 | V34: =E34*G34*(1-N34)*O34/100*(R34+S34)/1000000 -> 0.746368 | W34: =+'7'!K12/1000 -> 54.087 | X34: =SUM(W34:W37)/SUM(K34:K37) -> 1.1219331 | Y34: 0 | Z34: 0 | AA34: =SUM(U34:U37)-SUM(W34:W37)-SUM(Z34:Z37)-SUM(Y34:Y37) -> -7.298872 | AB34: =(SUM(K34:K37)-SUM(W34:W37)-SUM(Y34:Y37)-SUM(Z34:Z37)-SUM(AC34:AC37)-SUM(V34:V37))-AA34 -> 0 | AC34: =K34-T34 -> 0 | AD34: =+AM34+BA34 -> 0 | AE34: - Sheet Breaks (0x) | AF34: 0 | AM34: =SUM(AF34:AL34)+AT34+AV34+AX34 -> 0 | AR34: =SUM(AN34:AQ34) -> 0 | BA34: =+AR34+AS34+AU34+AW34+AY34+AZ34 -> 0 | BB34: 0
B35: Napkin | E35: 17.5 | W35: =+'7'!K11/1000 -> 6.204 | AD35: =+AM35+BA35 -> 1 | AE35: - Change Blade (1x) | AG35: 1 | AM35: =SUM(AF35:AL35)+AT35+AV35+AX35 -> 1 | AR35: =SUM(AN35:AQ35) -> 0 | BA35: =+AR35+AS35+AU35+AW35+AY35+AZ35 -> 0 | BC35: 1
AD36: =+AM36+BA36 -> 19 | AE36: - Change Spool (21x) | AH36: 19 | AM36: =SUM(AF36:AL36)+AT36+AV36+AX36 -> 19 | AR36: =SUM(AN36:AQ36) -> 0 | BA36: =+AR36+AS36+AU36+AW36+AY36+AZ36 -> 0
A38: 46120 | B38: Towel | C38: =(M38*E38*O38*Q38)/100000000 -> 53.066765 | D38: VP OW | E38: 17 | F38: 1 | G38: 980 | H38: 0.2 | I38: 0.88 | J38: =E38*G38*(1-H38)*1440/1000000*2.87 -> 55.081958 | K38: =(IF(G38<L38,L38,G38)*(1-IF(H38<N38,H38,N38))*E38*O38*Q38)/100000000 -> 53.738496 | L38: 980 | M38: 774.2 | N38: =1-(M38/L38) -> 0.21 | O38: =+'Trim Rwd'!H28 -> 280 | P38: =O38*(Q38-R38-S38) -> 364000 | Q38: 1440 | R38: 126 | S38: 14 | T38: =E38*M38*O38*Q38/100000000 -> 53.066765 | U38: =E38*M38*O38*(Q38-R38-S38)/100000000 -> 47.907496 | V38: =E38*G38*(1-N38)*O38/100*(R38+S38)/1000000 -> 5.1592688 | W38: =+'8'!K34/1000 -> 46.26 | X38: =SUM(W38:W41)/SUM(K38:K41) -> 0.86083541 | Y38: 0 | Z38: 0 | AA38: =SUM(U38:U41)-SUM(W38:W41)-SUM(Z38:Z41)-SUM(Y38:Y41) -> 1.647496 | AB38: =(SUM(K38:K41)-SUM(W38:W41)-SUM(Y38:Y41)-SUM(Z38:Z41)-SUM(AC38:AC41)-SUM(V38:V41))-AA38 -> 0 | AC38: =K38-T38 -> 0.6717312 | AD38: =+AM38+BA38 -> 0 | AE38: - Sheet Breaks (0x) | AF38: 0 | AM38: =SUM(AF38:AL38)+AT38+AV38+AX38 -> 0 | AR38: =SUM(AN38:AQ38) -> 0 | BA38: =+AR38+AS38+AU38+AW38+AY38+AZ38 -> 0 | BB38: 0
AD39: =+AM39+BA39 -> 0 | AE39: - Change Blade (0x) | AG39: 0 | AM39: =SUM(AF39:AL39)+AT39+AV39+AX39 -> 0 | AR39: =SUM(AN39:AQ39) -> 0 | BA39: =+AR39+AS39+AU39+AW39+AY39+AZ39 -> 0 | BC39: 0
AD40: =+AM40+BA40 -> 14 | AE40: - Change Spool (19x) | AH40: 14 | AM40: =SUM(AF40:AL40)+AT40+AV40+AX40 -> 14 | AR40: =SUM(AN40:AQ40) -> 0 | BA40: =+AR40+AS40+AU40+AW40+AY40+AZ40 -> 0
AD41: =+AM41+BA41 -> 126 | AE41: - 15.50 PM Trip (EID Listrik mati) | AM41: =SUM(AF41:AL41)+AT41+AV41+AX41 -> 0 | AP41: 126 | AR41: =SUM(AN41:AQ41) -> 126 | BA41: =+AR41+AS41+AU41+AW41+AY41+AZ41 -> 126
A43: 46121 | B43: Towel | C43: =(M43*E43*O43*Q43)/100000000 -> 53.066765 | D43: VP OW | E43: 17 | F43: 1 | G43: 980 | H43: 0.2 | I43: 0.88 | J43: =E43*G43*(1-H43)*1440/1000000*2.87 -> 55.081958 | K43: =(IF(G43<L43,L43,G43)*(1-IF(H43<N43,H43,N43))*E43*O43*Q43)/100000000 -> 53.738496 | L43: 980 | M43: 774.2 | N43: =1-(M43/L43) -> 0.21 | O43: =+'Trim Rwd'!H30 -> 280 | P43: =O43*(Q43-R43-S43) -> 382480 | Q43: 1440 | R43: 0 | S43: =12+62 -> 74 | T43: =E43*M43*O43*Q43/100000000 -> 53.066765 | U43: =E43*M43*O43*(Q43-R43-S43)/100000000 -> 50.339723 | V43: =E43*G43*(1-N43)*O43/100*(R43+S43)/1000000 -> 2.7270421 | W43: =+'9'!K34/1000 -> 49.106 | X43: =SUM(W43:W46)/SUM(K43:K46) -> 0.91379558 | Y43: 0 | Z43: =+'9'!D34/1000 -> 2.2 | AA43: =SUM(U43:U46)-SUM(W43:W46)-SUM(Z43:Z46)-SUM(Y43:Y46) -> -0.96627728 | AB43: =(SUM(K43:K46)-SUM(W43:W46)-SUM(Y43:Y46)-SUM(Z43:Z46)-SUM(AC43:AC46)-SUM(V43:V46))-AA43 -> -3.5527137e-15 | AC43: =K43-T43 -> 0.6717312 | AD43: =+AM43+BA43 -> 0 | AE43: - Sheet Breaks (0x) | AF43: 0 | AM43: =SUM(AF43:AL43)+AT43+AV43+AX43 -> 0 | AR43: =SUM(AN43:AQ43) -> 0 | BA43: =+AR43+AS43+AU43+AW43+AY43+AZ43 -> 0 | BB43: 0
AD44: =+AM44+BA44 -> 3 | AE44: - Change Blade (2x) | AG44: 3 | AM44: =SUM(AF44:AL44)+AT44+AV44+AX44 -> 3 | AR44: =SUM(AN44:AQ44) -> 0 | BA44: =+AR44+AS44+AU44+AW44+AY44+AZ44 -> 0 | BC44: 2
AD45: =+AM45+BA45 -> 9 | AE45: - Change Spool (21x) | AH45: 9 | AM45: =SUM(AF45:AL45)+AT45+AV45+AX45 -> 9 | AR45: =SUM(AN45:AQ45) -> 0 | BA45: =+AR45+AS45+AU45+AW45+AY45+AZ45 -> 0
AD46: =+AM46+BA46 -> 62 | AE46: - Reject : 2.280 kg/ 12.7% (Keriput, dan thickness rendah steam drop 02.30) | AM46: =SUM(AF46:AL46)+AT46+AV46+AX46 -> 62 | AR46: =SUM(AN46:AQ46) -> 0 | AV46: 62 | BA46: =+AR46+AS46+AU46+AW46+AY46+AZ46 -> 0 | BD46: 1
A48: 46122 | B48: Towel | C48: =(M48*E48*O48*Q48)/100000000 -> 53.066765 | D48: VP OW | E48: 17 | F48: 1 | G48: 980 | H48: 0.2 | I48: 0.88 | J48: =E48*G48*(1-H48)*1440/1000000*2.87 -> 55.081958 | K48: =(IF(G48<L48,L48,G48)*(1-IF(H48<N48,H48,N48))*E48*O48*Q48)/100000000 -> 53.738496 | L48: 980 | M48: 774.2 | N48: =1-(M48/L48) -> 0.21 | O48: =+'Trim Rwd'!H32 -> 280 | P48: =O48*(Q48-R48-S48) -> 397880 | Q48: 1440 | R48: 0 | S48: 19 | T48: =E48*M48*O48*Q48/100000000 -> 53.066765 | U48: =E48*M48*O48*(Q48-R48-S48)/100000000 -> 52.366578 | V48: =E48*G48*(1-N48)*O48/100*(R48+S48)/1000000 -> 0.70018648 | W48: =+'10'!K34/1000 -> 56.877 | X48: =SUM(W48:W51)/SUM(K48:K51) -> 1.0584033 | Y48: 0 | Z48: 0 | AA48: =SUM(U48:U51)-SUM(W48:W51)-SUM(Z48:Z51)-SUM(Y48:Y51) -> -4.5104217 | AB48: =(SUM(K48:K51)-SUM(W48:W51)-SUM(Y48:Y51)-SUM(Z48:Z51)-SUM(AC48:AC51)-SUM(V48:V51))-AA48 -> 0 | AC48: =K48-T48 -> 0.6717312 | AD48: =+AM48+BA48 -> 0 | AE48: - Sheet Breaks (0x) | AF48: 0 | AM48: =SUM(AF48:AL48)+AT48+AV48+AX48 -> 0 | AR48: =SUM(AN48:AQ48) -> 0 | BA48: =+AR48+AS48+AU48+AW48+AY48+AZ48 -> 0 | BB48: 0
AD49: =+AM49+BA49 -> 0 | AE49: - Change Blade (0x) | AG49: 0 | AM49: =SUM(AF49:AL49)+AT49+AV49+AX49 -> 0 | AR49: =SUM(AN49:AQ49) -> 0 | BA49: =+AR49+AS49+AU49+AW49+AY49+AZ49 -> 0 | BC49: 0
AD50: =+AM50+BA50 -> 19 | AE50: - Change Spool (24x) | AH50: 19 | AM50: =SUM(AF50:AL50)+AT50+AV50+AX50 -> 19 | AR50: =SUM(AN50:AQ50) -> 0 | BA50: =+AR50+AS50+AU50+AW50+AY50+AZ50 -> 0
A52: 46123 | B52: Towel | C52: =(M52*E52*O52*Q52)/100000000 -> 35.239232 | D52: VP OW | E52: 17 | F52: 1 | G52: 980 | H52: 0.2 | I52: 0.88 | J52: =E52*G52*(1-H52)*1440/1000000*2.87 -> 55.081958 | K52: =(IF(G52<L52,L52,G52)*(1-IF(H52<N52,H52,N52))*E52*O52*Q52)/100000000 -> 35.239232 | L52: 989.73262 | M52: 791.7861 | N52: =1-(M52/L52) -> 0.2 | O52: =+'Trim Rwd'!H34 -> 280 | P52: =O52*(Q52-R52-S52) -> 256200 | Q52: 935 | R52: 0 | S52: 20 | T52: =E52*M52*O52*Q52/100000000 -> 35.239232 | U52: =E52*M52*O52*(Q52-R52-S52)/100000000 -> 34.485452 | V52: =E52*G52*(1-N52)*O52/100*(R52+S52)/1000000 -> 0.746368 | W52: =+'11'!K12/1000 -> 37.24 | X52: =SUM(W52:W55)/SUM(K52:K55) -> 0.81268287 | Y52: 0 | Z52: 0 | AA52: =SUM(U52:U55)-SUM(W52:W55)-SUM(Z52:Z55)-SUM(Y52:Y55) -> 8.0599073 | AB52: =(SUM(K52:K55)-SUM(W52:W55)-SUM(Y52:Y55)-SUM(Z52:Z55)-SUM(AC52:AC55)-SUM(V52:V55))-AA52 -> 0.0074123636 | AC52: =K52-T52 -> 0 | AD52: =+AM52+BA52 -> 0 | AE52: - Sheet Breaks (0x) | AF52: 0 | AM52: =SUM(AF52:AL52)+AT52+AV52+AX52 -> 0 | AR52: =SUM(AN52:AQ52) -> 0 | BA52: =+AR52+AS52+AU52+AW52+AY52+AZ52 -> 0 | BB52: 0
B53: Napkin | C53: =(M53*E53*O53*Q53)/100000000 -> 18.600958 | D53: VP OW | E53: 15.5 | F53: 1 | G53: 1050 | H53: =+N53 -> 0.18 | I53: 0.88 | J53: =E53*G53*(1-H53)*1440/1000000*2.87 -> 55.154282 | K53: =(IF(G53<L53,L53,G53)*(1-IF(H53<N53,H53,N53))*E53*O53*Q53)/100000000 -> 18.600958 | L53: 1050 | M53: 861 | N53: =1-(M53/L53) -> 0.18 | O53: =+'Trim Rwd'!H35 -> 276 | P53: =O53*(Q53-R53-S53) -> 136896 | Q53: 505 | R53: 0 | S53: 9 | T53: =E53*M53*O53*Q53/100000000 -> 18.600958 | U53: =E53*M53*O53*(Q53-R53-S53)/100000000 -> 18.269456 | V53: =E53*G53*(1-N53)*O53/100*(R53+S53)/1000000 -> 0.33150222 | W53: =+'11'!K13/1000 -> 6.515 | Z53: =+'11'!D26/1000 -> 0.94 | AC53: =K53-T53 -> 0 | AD53: =+AM53+BA53 -> 1 | AE53: - Change Blade (1x) | AG53: 1 | AM53: =SUM(AF53:AL53)+AT53+AV53+AX53 -> 1 | AR53: =SUM(AN53:AQ53) -> 0 | BA53: =+AR53+AS53+AU53+AW53+AY53+AZ53 -> 0 | BC53: 0
AD54: =+AM54+BA54 -> 28 | AE54: - Change Spool (22x) | AH54: 28 | AM54: =SUM(AF54:AL54)+AT54+AV54+AX54 -> 28 | AR54: =SUM(AN54:AQ54) -> 0 | BA54: =+AR54+AS54+AU54+AW54+AY54+AZ54 -> 0
A56: 46124 | B56: Napkin | C56: =(M56*E56*O56*Q56)/100000000 -> 25.22651 | D56: VP OW | E56: 15.5 | F56: 1 | G56: 1050 | H56: =+N56 -> 0.22 | I56: 0.88 | J56: =E56*G56*(1-H56)*1440/1000000*2.87 -> 52.46383 | K56: =(IF(G56<L56,L56,G56)*(1-IF(H56<N56,H56,N56))*E56*O56*Q56)/100000000 -> 25.22651 | L56: 1050 | M56: =+L56-L56*0.22 -> 819 | N56: =1-(M56/L56) -> 0.22 | O56: =+'Trim Rwd'!H37 -> 276 | P56: =O56*(Q56-R56-S56) -> 186576 | Q56: 720 | R56: 15 | S56: 29 | T56: =E56*M56*O56*Q56/100000000 -> 25.22651 | U56: =E56*M56*O56*(Q56-R56-S56)/100000000 -> 23.68489 | V56: =E56*G56*(1-N56)*O56/100*(R56+S56)/1000000 -> 1.5416201 | W56: =+'12'!K13/1000 -> 34.006 | X56: =SUM(W56:W59)/SUM(K56:K59) -> 0.99683971 | Y56: 0 | Z56: 0 | AA56: =SUM(U56:U59)-SUM(W56:W59)-SUM(Z56:Z59)-SUM(Y56:Y59) -> -3.0757423 | AB56: =(SUM(K56:K59)-SUM(W56:W59)-SUM(Y56:Y59)-SUM(Z56:Z59)-SUM(AC56:AC59)-SUM(V56:V59))-AA56 -> -3.5527137e-15 | AC56: =K56-T56 -> 0 | AD56: =+AM56+BA56 -> 35 | AE56: - Sheet Breaks (7x) | AF56: 35 | AM56: =SUM(AF56:AL56)+AT56+AV56+AX56 -> 35 | AR56: =SUM(AN56:AQ56) -> 0 | BA56: =+AR56+AS56+AU56+AW56+AY56+AZ56 -> 0 | BB56: 0
B57: Napkin | C57: =(M57*E57*O57*Q57)/100000000 -> 24.22477 | D57: VP OW | E57: 11 | F57: 1 | G57: 1370 | H57: =+N57 -> 0.2 | I57: 0.88 | J57: =E57*G57*(1-H57)*1440/1000000*2.87 -> 49.825037 | K57: =(IF(G57<L57,L57,G57)*(1-IF(H57<N57,H57,N57))*E57*O57*Q57)/100000000 -> 24.22477 | L57: 1370 | M57: =+L57-L57*0.2 -> 1096 | N57: =1-(M57/L57) -> 0.2 | O57: =+'Trim Rwd'!H38 -> 279.07692 | P57: =O57*(Q57-R57-S57) -> 188656 | Q57: 720 | R57: 0 | S57: =35+9 -> 44 | T57: =E57*M57*O57*Q57/100000000 -> 24.22477 | U57: =E57*M57*O57*(Q57-R57-S57)/100000000 -> 22.744367 | V57: =E57*G57*(1-N57)*O57/100*(R57+S57)/1000000 -> 1.4804026 | W57: =+'12'!K14/1000 -> 15.289 | Z57: =+'12'!D26/1000 -> 0.21 | AD57: =+AM57+BA57 -> 0 | AE57: - Change Blade (0x) | AG57: 0 | AM57: =SUM(AF57:AL57)+AT57+AV57+AX57 -> 0 | AR57: =SUM(AN57:AQ57) -> 0 | BA57: =+AR57+AS57+AU57+AW57+AY57+AZ57 -> 0 | BC57: 0
AD58: =+AM58+BA58 -> 29 | AE58: - Change Spool (22x) | AH58: 29 | AM58: =SUM(AF58:AL58)+AT58+AV58+AX58 -> 29 | AR58: =SUM(AN58:AQ58) -> 0 | BA58: =+AR58+AS58+AU58+AW58+AY58+AZ58 -> 0
AD59: =+AM59+BA59 -> 15 | AE59: - Flicker | AM59: =SUM(AF59:AL59)+AT59+AV59+AX59 -> 0 | AP59: 15 | AR59: =SUM(AN59:AQ59) -> 15 | BA59: =+AR59+AS59+AU59+AW59+AY59+AZ59 -> 15
AD60: =+AM60+BA60 -> 9 | AE60: - Reject : 300 kg/1.8 % (Reject EID, Sensor diameter rewinder error potongan bergelombang) | AK60: 9 | AM60: =SUM(AF60:AL60)+AT60+AV60+AX60 -> 9 | AR60: =SUM(AN60:AQ60) -> 0 | BA60: =+AR60+AS60+AU60+AW60+AY60+AZ60 -> 0
A62: 46125 | B62: Napkin | C62: =(M62*E62*O62*Q62)/100000000 -> 43.323034 | D62: VP OW | E62: 11 | F62: 1 | G62: 1370 | H62: =+N62 -> 0.2 | I62: 0.88 | J62: =E62*G62*(1-H62)*1440/1000000*2.87 -> 49.825037 | K62: =(IF(G62<L62,L62,G62)*(1-IF(H62<N62,H62,N62))*E62*O62*Q62)/100000000 -> 48.609792 | L62: 1221 | M62: 976.8 | N62: =1-(M62/L62) -> 0.2 | O62: =+'Trim Rwd'!H41 -> 280 | P62: =O62*(Q62-R62-S62) -> 246400 | Q62: 1440 | R62: 498 | S62: 62 | T62: =E62*M62*O62*Q62/100000000 -> 43.323034 | U62: =E62*M62*O62*(Q62-R62-S62)/100000000 -> 26.475187 | V62: =E62*G62*(1-N62)*O62/100*(R62+S62)/1000000 -> 18.903808 | W62: =+'13'!K34/1000 -> 18.167 | X62: =SUM(W62:W65)/SUM(K62:K65) -> 0.37373128 | Y62: 0 | Z62: =+'13'!D34/1000 -> 4.726 | AA62: =SUM(U62:U65)-SUM(W62:W65)-SUM(Z62:Z65)-SUM(Y62:Y65) -> 3.5821872 | AB62: =(SUM(K62:K65)-SUM(W62:W65)-SUM(Y62:Y65)-SUM(Z62:Z65)-SUM(AC62:AC65)-SUM(V62:V65))-AA62 -> -2.0559616 | AC62: =K62-T62 -> 5.2867584 | AD62: =+AM62+BA62 -> 35 | AE62: - Sheet Breaks (7x) | AF62: 35 | AM62: =SUM(AF62:AL62)+AT62+AV62+AX62 -> 35 | AR62: =SUM(AN62:AQ62) -> 0 | BA62: =+AR62+AS62+AU62+AW62+AY62+AZ62 -> 0 | BB62: 7
AD63: =+AM63+BA63 -> 3 | AE63: - Change Blade (3x) | AG63: 3 | AM63: =SUM(AF63:AL63)+AT63+AV63+AX63 -> 3 | AR63: =SUM(AN63:AQ63) -> 0 | BA63: =+AR63+AS63+AU63+AW63+AY63+AZ63 -> 0 | BC63: 0
AD64: =+AM64+BA64 -> 24 | AE64: - Change Spool (16x) | AH64: 24 | AM64: =SUM(AF64:AL64)+AT64+AV64+AX64 -> 24 | AR64: =SUM(AN64:AQ64) -> 0 | BA64: =+AR64+AS64+AU64+AW64+AY64+AZ64 -> 0
AD65: =+AM65+BA65 -> 498 | AE65: - 10.00 PM Stop (PLN) | AM65: =SUM(AF65:AL65)+AT65+AV65+AX65 -> 0 | AR65: =SUM(AN65:AQ65) -> 0 | AY65: 498 | BA65: =+AR65+AS65+AU65+AW65+AY65+AZ65 -> 498
A67: 46126 | B67: Napkin | C67: =(M67*E67*O67*Q67)/100000000 -> 0.502656 | D67: VP OW | E67: 11 | F67: 1 | G67: 1370 | H67: =+N67 -> 0.2 | I67: 0.88 | J67: =E67*G67*(1-H67)*1440/1000000*2.87 -> 49.825037 | K67: =(IF(G67<L67,L67,G67)*(1-IF(H67<N67,H67,N67))*E67*O67*Q67)/100000000 -> 0.506352 | L67: 1360 | M67: =+L67-L67*0.2 -> 1088 | N67: =1-(M67/L67) -> 0.2 | O67: =+'Trim Rwd'!H43 -> 280 | P67: =O67*(Q67-R67-S67) -> 4200 | Q67: 15 | R67: 0 | S67: 0 | T67: =E67*M67*O67*Q67/100000000 -> 0.502656 | U67: =E67*M67*O67*(Q67-R67-S67)/100000000 -> 0.502656 | V67: =E67*G67*(1-N67)*O67/100*(R67+S67)/1000000 -> 0 | W67: =+'14'!K14/1000 -> 8.519 | X67: =SUM(W67:W70)/SUM(K67:K70) -> 1.0080822 | Y67: 0 | Z67: =+'14'!D7/1000 -> 0.86 | AA67: =SUM(U67:U70)-SUM(W67:W70)-SUM(Z67:Z70)-SUM(Y67:Y70) -> -2.6533225 | AB67: =(SUM(K67:K70)-SUM(W67:W70)-SUM(Y67:Y70)-SUM(Z67:Z70)-SUM(AC67:AC70)-SUM(V67:V70))-AA67 -> 0.0170214 | AC67: =K67-T67 -> 0.003696 | AD67: =+AM67+BA67 -> 0 | AE67: - Sheet Breaks (0x) | AF67: 0 | AM67: =SUM(AF67:AL67)+AT67+AV67+AX67 -> 0 | AR67: =SUM(AN67:AQ67) -> 0 | BA67: =+AR67+AS67+AU67+AW67+AY67+AZ67 -> 0 | BB67: 0
B68: Toilet | C68: =(M68*E68*O68*Q68)/100000000 -> 8.7602445 | D68: VP OW | E68: 14 | F68: 1 | G68: 1270 | H68: =+N68 -> 0.25 | I68: 0.88 | J68: =E68*G68*(1-H68)*1440/1000000*2.87 -> 55.110888 | K68: =(IF(G68<L68,L68,G68)*(1-IF(H68<N68,H68,N68))*E68*O68*Q68)/100000000 -> 9.0451305 | L68: 1230 | M68: =+L68-L68*0.25 -> 922.5 | N68: =1-(M68/L68) -> 0.25 | O68: =+'Trim Rwd'!H44 -> 266 | P68: =O68*(Q68-R68-S68) -> 65170 | Q68: 255 | R68: 0 | S68: 10 | T68: =E68*M68*O68*Q68/100000000 -> 8.7602445 | U68: =E68*M68*O68*(Q68-R68-S68)/100000000 -> 8.4167055 | V68: =E68*G68*(1-N68)*O68/100*(R68+S68)/1000000 -> 0.354711 | W68: =+'14'!K15/1000 -> 8.404 | AC68: =K68-T68 -> 0.284886 | AD68: =+AM68+BA68 -> 0 | AE68: - Change Blade (0x) | AG68: 0 | AM68: =SUM(AF68:AL68)+AT68+AV68+AX68 -> 0 | AR68: =SUM(AN68:AQ68) -> 0 | BA68: =+AR68+AS68+AU68+AW68+AY68+AZ68 -> 0 | BC68: 0
B69: Toilet | C69: =(M69*E69*O69*Q69)/100000000 -> 9.419328 | D69: VP OW | E69: 16 | F69: 1 | G69: 1110 | H69: =+N69 -> 0.25 | I69: 0.88 | J69: =E69*G69*(1-H69)*1440/1000000*2.87 -> 55.048896 | K69: =(IF(G69<L69,L69,G69)*(1-IF(H69<N69,H69,N69))*E69*O69*Q69)/100000000 -> 9.419328 | L69: 1185 | M69: 888.75 | N69: =1-(M69/L69) -> 0.25 | O69: =+'Trim Rwd'!H45 -> 276 | P69: =O69*(Q69-R69-S69) -> 63480 | Q69: 240 | R69: 0 | S69: 10 | T69: =E69*M69*O69*Q69/100000000 -> 9.419328 | U69: =E69*M69*O69*(Q69-R69-S69)/100000000 -> 9.026856 | V69: =E69*G69*(1-N69)*O69/100*(R69+S69)/1000000 -> 0.367632 | W69: =+'14'!K16/1000 -> 9.351 | AC69: =K69-T69 -> 0 | AD69: =+AM69+BA69 -> 29 | AE69: - Change Spool (25x) | AH69: 29 | AM69: =SUM(AF69:AL69)+AT69+AV69+AX69 -> 29 | AR69: =SUM(AN69:AQ69) -> 0 | BA69: =+AR69+AS69+AU69+AW69+AY69+AZ69 -> 0
B70: Toilet | C70: =(M70*E70*O70*Q70)/100000000 -> 34.6518 | D70: VP OW | E70: 18 | F70: 1 | G70: 990 | H70: =+N70 -> 0.25 | I70: 0.88 | J70: =E70*G70*(1-H70)*1440/1000000*2.87 -> 55.234872 | K70: =(IF(G70<L70,L70,G70)*(1-IF(H70<N70,H70,N70))*E70*O70*Q70)/100000000 -> 34.6518 | L70: 1000 | M70: =+L70-L70*0.25 -> 750 | N70: =1-(M70/L70) -> 0.25 | O70: =+'Trim Rwd'!H46 -> 276 | P70: =O70*(Q70-R70-S70) -> 254196 | Q70: 930 | R70: 0 | S70: 9 | T70: =E70*M70*O70*Q70/100000000 -> 34.6518 | U70: =E70*M70*O70*(Q70-R70-S70)/100000000 -> 34.31646 | V70: =E70*G70*(1-N70)*O70/100*(R70+S70)/1000000 -> 0.3319866 | W70: =+'14'!K17/1000 -> 27.782 | AC70: =K70-T70 -> 0
A72: 46127 | B72: Toilet | C72: =(M72*E72*O72*Q72)/100000000 -> 11.99772 | D72: VP OW | E72: 18 | F72: 1 | G72: 990 | H72: =+N72 -> 0.25 | I72: 0.88 | J72: =E72*G72*(1-H72)*1440/1000000*2.87 -> 55.234872 | K72: =(IF(G72<L72,L72,G72)*(1-IF(H72<N72,H72,N72))*E72*O72*Q72)/100000000 -> 11.99772 | L72: 1000 | M72: =+L72-L72*0.25 -> 750 | N72: =1-(M72/L72) -> 0.25 | O72: =+'Trim Rwd'!H48 -> 276 | P72: =O72*(Q72-R72-S72) -> 88320 | Q72: 322 | R72: 0 | S72: 2 | T72: =E72*M72*O72*Q72/100000000 -> 11.99772 | U72: =E72*M72*O72*(Q72-R72-S72)/100000000 -> 11.9232 | V72: =E72*G72*(1-N72)*O72/100*(R72+S72)/1000000 -> 0.0737748 | W72: =+'15'!K17/1000 -> 16.524 | X72: =SUM(W72:W75)/SUM(K72:K75) -> 0.90977082 | Y72: 0 | Z72: 0 | AA72: =SUM(U72:U75)-SUM(W72:W75)-SUM(Z72:Z75)-SUM(Y72:Y75) -> 3.856144 | AB72: =(SUM(K72:K75)-SUM(W72:W75)-SUM(Y72:Y75)-SUM(Z72:Z75)-SUM(AC72:AC75)-SUM(V72:V75))-AA72 -> 0.0656604 | AC72: =K72-T72 -> 0 | AD72: =+AM72+BA72 -> 0 | AE72: - Sheet Breaks (0x) | AF72: 0 | AM72: =SUM(AF72:AL72)+AT72+AV72+AX72 -> 0 | AR72: =SUM(AN72:AQ72) -> 0 | BA72: =+AR72+AS72+AU72+AW72+AY72+AZ72 -> 0 | BB72: 0
B73: Toilet | C73: =(M73*E73*O73*Q73)/100000000 -> 43.693229 | D73: VP OW | E73: 16 | F73: 1 | G73: 1110 | H73: =+N73 -> 0.25 | I73: 0.88 | J73: =E73*G73*(1-H73)*1440/1000000*2.87 -> 55.048896 | K73: =(IF(G73<L73,L73,G73)*(1-IF(H73<N73,H73,N73))*E73*O73*Q73)/100000000 -> 43.693229 | L73: 1180 | M73: =+L73-L73*0.25 -> 885 | N73: =1-(M73/L73) -> 0.25 | O73: =+'Trim Rwd'!H49 -> 276 | P73: =O73*(Q73-R73-S73) -> 300840 | Q73: 1118 | R73: 0 | S73: 28 | T73: =E73*M73*O73*Q73/100000000 -> 43.693229 | U73: =E73*M73*O73*(Q73-R73-S73)/100000000 -> 42.598944 | V73: =E73*G73*(1-N73)*O73/100*(R73+S73)/1000000 -> 1.0293696 | W73: =+'15'!K16/1000 -> 34.142 | AC73: =K73-T73 -> 0 | AD73: =+AM73+BA73 -> 2 | AE73: - Change Blade (1x) | AG73: 2 | AM73: =SUM(AF73:AL73)+AT73+AV73+AX73 -> 2 | AR73: =SUM(AN73:AQ73) -> 0 | BA73: =+AR73+AS73+AU73+AW73+AY73+AZ73 -> 0 | BC73: 1
AD74: =+AM74+BA74 -> 28 | AE74: - Change Spool (29x) | AH74: 28 | AM74: =SUM(AF74:AL74)+AT74+AV74+AX74 -> 28 | AR74: =SUM(AN74:AQ74) -> 0 | BA74: =+AR74+AS74+AU74+AW74+AY74+AZ74 -> 0
A76: 46128 | B76: Toilet | C76: =(M76*E76*O76*Q76)/100000000 -> 11.333664 | D76: VP OW | E76: 16 | F76: 1 | G76: 1110 | H76: =+N76 -> 0.25 | I76: 0.88 | J76: =E76*G76*(1-H76)*1440/1000000*2.87 -> 55.048896 | K76: =(IF(G76<L76,L76,G76)*(1-IF(H76<N76,H76,N76))*E76*O76*Q76)/100000000 -> 11.333664 | L76: 1180 | M76: =+L76-L76*0.25 -> 885 | N76: =1-(M76/L76) -> 0.25 | O76: =+'Trim Rwd'!H51 -> 276 | P76: =O76*(Q76-R76-S76) -> 79212 | Q76: 290 | R76: 0 | S76: 3 | T76: =E76*M76*O76*Q76/100000000 -> 11.333664 | U76: =E76*M76*O76*(Q76-R76-S76)/100000000 -> 11.216419 | V76: =E76*G76*(1-N76)*O76/100*(R76+S76)/1000000 -> 0.1102896 | W76: =+'16'!K16/1000 -> 18.673 | X76: =SUM(W76:W79)/SUM(K76:K79) -> 0.76458269 | Y76: 0 | Z76: 0 | AA76: =SUM(U76:U79)-SUM(W76:W79)-SUM(Z76:Z79)-SUM(Y76:Y79) -> 9.756163 | AB76: =(SUM(K76:K79)-SUM(W76:W79)-SUM(Y76:Y79)-SUM(Z76:Z79)-SUM(AC76:AC79)-SUM(V76:V79))-AA76 -> 0.0006489 | AC76: =K76-T76 -> 0 | AD76: =+AM76+BA76 -> 10 | AE76: - Sheet Breaks (2x) | AF76: 10 | AM76: =SUM(AF76:AL76)+AT76+AV76+AX76 -> 10 | AR76: =SUM(AN76:AQ76) -> 0 | BA76: =+AR76+AS76+AU76+AW76+AY76+AZ76 -> 0 | BB76: 2
B77: Toilet | C77: =(M77*E77*O77*Q77)/100000000 -> 9.98568 | D77: VP OW | E77: 15 | F77: 1 | G77: 1200 | H77: =+N77 -> 0.25 | I77: 0.88 | J77: =E77*G77*(1-H77)*1440/1000000*2.87 -> 55.7928 | K77: =(IF(G77<L77,L77,G77)*(1-IF(H77<N77,H77,N77))*E77*O77*Q77)/100000000 -> 9.98568 | L77: 1200 | M77: =+L77-L77*0.25 -> 900 | N77: =1-(M77/L77) -> 0.25 | O77: =+'Trim Rwd'!H52 -> 276 | P77: =O77*(Q77-R77-S77) -> 73140 | Q77: 268 | R77: 0 | S77: 3 | T77: =E77*M77*O77*Q77/100000000 -> 9.98568 | U77: =E77*M77*O77*(Q77-R77-S77)/100000000 -> 9.8739 | V77: =E77*G77*(1-N77)*O77/100*(R77+S77)/1000000 -> 0.11178 | W77: =+'16'!K18/1000 -> 9.983 | Z77: =+'16'!D17/1000 -> 0.57 | AC77: =K77-T77 -> 0 | AD77: =+AM77+BA77 -> 2 | AE77: - Change Blade (2x) | AG77: 2 | AM77: =SUM(AF77:AL77)+AT77+AV77+AX77 -> 2 | AR77: =SUM(AN77:AQ77) -> 0 | BA77: =+AR77+AS77+AU77+AW77+AY77+AZ77 -> 0 | BC77: 2
B78: Facial | C78: =(M78*E78*O78*Q78)/100000000 -> 31.101726 | D78: VP OW | E78: 13 | F78: 1 | G78: 1350 | H78: =+N78 -> 0.25 | I78: 0.88 | J78: =E78*G78*(1-H78)*1440/1000000*2.87 -> 54.39798 | K78: =(IF(G78<L78,L78,G78)*(1-IF(H78<N78,H78,N78))*E78*O78*Q78)/100000000 -> 31.287131 | L78: 1342 | M78: =+L78-L78*0.25 -> 1006.5 | N78: =1-(M78/L78) -> 0.25 | O78: =+'Trim Rwd'!H53 -> 269.5 | P78: =O78*(Q78-R78-S78) -> 229614 | Q78: 882 | R78: 0 | S78: 30 | T78: =E78*M78*O78*Q78/100000000 -> 31.101726 | U78: =E78*M78*O78*(Q78-R78-S78)/100000000 -> 30.043844 | V78: =E78*G78*(1-N78)*O78/100*(R78+S78)/1000000 -> 1.0641881 | W78: =+'16'!K9/1000 -> 11.566 | Z78: =+'16'!D25/1000 -> 0.586 | AC78: =K78-T78 -> 0.18540522 | AD78: =+AM78+BA78 -> 24 | AE78: - Change Spool (25x) | AH78: 24 | AM78: =SUM(AF78:AL78)+AT78+AV78+AX78 -> 24 | AR78: =SUM(AN78:AQ78) -> 0 | BA78: =+AR78+AS78+AU78+AW78+AY78+AZ78 -> 0
A80: 46129 | B80: Facial | C80: =(M80*E80*O80*Q80)/100000000 -> 51.246877 | D80: VP OW | E80: 13 | F80: 1 | G80: 1350 | H80: =+N80 -> 0.25 | I80: 0.88 | J80: =E80*G80*(1-H80)*1440/1000000*2.87 -> 54.39798 | K80: =(IF(G80<L80,L80,G80)*(1-IF(H80<N80,H80,N80))*E80*O80*Q80)/100000000 -> 51.246877 | L80: 1350 | M80: 1012.5 | N80: =1-(M80/L80) -> 0.25 | O80: =+'Trim Rwd'!H55 -> 270.375 | P80: =O80*(Q80-R80-S80) -> 377173.12 | Q80: 1440 | R80: 0 | S80: 45 | T80: =E80*M80*O80*Q80/100000000 -> 51.246877 | U80: =E80*M80*O80*(Q80-R80-S80)/100000000 -> 49.645413 | V80: =E80*G80*(1-N80)*O80/100*(R80+S80)/1000000 -> 1.6014649 | W80: =+'17'!K9/1000 -> 41.672 | X80: =SUM(W80:W83)/SUM(K80:K83) -> 0.81316174 | Y80: 0 | Z80: =+'17'!D34/1000 -> 3.296 | AA80: =SUM(U80:U83)-SUM(W80:W83)-SUM(Z80:Z83)-SUM(Y80:Y83) -> 4.6774126 | AB80: =(SUM(K80:K83)-SUM(W80:W83)-SUM(Y80:Y83)-SUM(Z80:Z83)-SUM(AC80:AC83)-SUM(V80:V83))-AA80 -> 0 | AC80: =K80-T80 -> 0 | AD80: =+AM80+BA80 -> 9 | AE80: - Sheet Breaks (3x) | AF80: 9 | AM80: =SUM(AF80:AL80)+AT80+AV80+AX80 -> 9 | AR80: =SUM(AN80:AQ80) -> 0 | BA80: =+AR80+AS80+AU80+AW80+AY80+AZ80 -> 0 | BB80: 3
AD81: =+AM81+BA81 -> 6 | AE81: - Change Blade (4x) | AG81: 6 | AM81: =SUM(AF81:AL81)+AT81+AV81+AX81 -> 6 | AR81: =SUM(AN81:AQ81) -> 0 | BA81: =+AR81+AS81+AU81+AW81+AY81+AZ81 -> 0 | BC81: 4
AD82: =+AM82+BA82 -> 30 | AE82: - Change Spool (22x) | AH82: 30 | AM82: =SUM(AF82:AL82)+AT82+AV82+AX82 -> 30 | AR82: =SUM(AN82:AQ82) -> 0 | BA82: =+AR82+AS82+AU82+AW82+AY82+AZ82 -> 0
A84: 46130 | B84: Facial | C84: =(M84*E84*O84*Q84)/100000000 -> 51.08103 | D84: VP OW | E84: 13 | F84: 1 | G84: 1350 | H84: =+N84 -> 0.25 | I84: 0.88 | J84: =E84*G84*(1-H84)*1440/1000000*2.87 -> 54.39798 | K84: =(IF(G84<L84,L84,G84)*(1-IF(H84<N84,H84,N84))*E84*O84*Q84)/100000000 -> 51.08103 | L84: 1350 | M84: 1012.5 | N84: =1-(M84/L84) -> 0.25 | O84: =+'Trim Rwd'!H58 -> 269.5 | P84: =O84*(Q84-R84-S84) -> 381881.5 | Q84: 1440 | R84: 0 | S84: 23 | T84: =E84*M84*O84*Q84/100000000 -> 51.08103 | U84: =E84*M84*O84*(Q84-R84-S84)/100000000 -> 50.265152 | V84: =E84*G84*(1-N84)*O84/100*(R84+S84)/1000000 -> 0.81587756 | W84: =+'18'!K34/1000 -> 51.388 | X84: =SUM(W84:W87)/SUM(K84:K87) -> 1.0060095 | Y84: 0 | Z84: =+'18'!D34/1000 -> 0.3 | AA84: =SUM(U84:U87)-SUM(W84:W87)-SUM(Z84:Z87)-SUM(Y84:Y87) -> -1.4228476 | AB84: =(SUM(K84:K87)-SUM(W84:W87)-SUM(Y84:Y87)-SUM(Z84:Z87)-SUM(AC84:AC87)-SUM(V84:V87))-AA84 -> 0 | AC84: =K84-T84 -> 0 | AD84: =+AM84+BA84 -> 0 | AE84: - Sheet Breaks (0x) | AF84: 0 | AM84: =SUM(AF84:AL84)+AT84+AV84+AX84 -> 0 | AR84: =SUM(AN84:AQ84) -> 0 | BA84: =+AR84+AS84+AU84+AW84+AY84+AZ84 -> 0 | BB84: 0
AD85: =+AM85+BA85 -> 2 | AE85: - Change Blade (1x) | AG85: 2 | AM85: =SUM(AF85:AL85)+AT85+AV85+AX85 -> 2 | AR85: =SUM(AN85:AQ85) -> 0 | BA85: =+AR85+AS85+AU85+AW85+AY85+AZ85 -> 0 | BC85: 1
AD86: =+AM86+BA86 -> 21 | AE86: - Change Spool (23x) | AH86: 21 | AM86: =SUM(AF86:AL86)+AT86+AV86+AX86 -> 21 | AR86: =SUM(AN86:AQ86) -> 0 | BA86: =+AR86+AS86+AU86+AW86+AY86+AZ86 -> 0
A88: 46131 | B88: Facial | C88: =(M88*E88*O88*Q88)/100000000 -> 51.791805 | D88: VP OW | E88: 13 | F88: 1 | G88: 1350 | H88: =+N88 -> 0.25 | I88: 0.88 | J88: =E88*G88*(1-H88)*1440/1000000*2.87 -> 54.39798 | K88: =(IF(G88<L88,L88,G88)*(1-IF(H88<N88,H88,N88))*E88*O88*Q88)/100000000 -> 51.791805 | L88: 1350 | M88: 1012.5 | N88: =1-(M88/L88) -> 0.25 | O88: =+'Trim Rwd'!H60 -> 273.25 | P88: =O88*(Q88-R88-S88) -> 387741.75 | Q88: 1440 | R88: 0 | S88: 21 | T88: =E88*M88*O88*Q88/100000000 -> 51.791805 | U88: =E88*M88*O88*(Q88-R88-S88)/100000000 -> 51.036508 | V88: =E88*G88*(1-N88)*O88/100*(R88+S88)/1000000 -> 0.75529716 | W88: =+'19'!K34/1000 -> 54.652 | X88: =SUM(W88:W91)/SUM(K88:K91) -> 1.0552249 | Y88: 0 | Z88: 0 | AA88: =SUM(U88:U91)-SUM(W88:W91)-SUM(Z88:Z91)-SUM(Y88:Y91) -> -3.6154922 | AB88: =(SUM(K88:K91)-SUM(W88:W91)-SUM(Y88:Y91)-SUM(Z88:Z91)-SUM(AC88:AC91)-SUM(V88:V91))-AA88 -> -5.3290705e-15 | AC88: =K88-T88 -> 0 | AD88: =+AM88+BA88 -> 0 | AE88: - Sheet Breaks (0x) | AF88: 0 | AM88: =SUM(AF88:AL88)+AT88+AV88+AX88 -> 0 | AR88: =SUM(AN88:AQ88) -> 0 | BA88: =+AR88+AS88+AU88+AW88+AY88+AZ88 -> 0 | BB88: 0
AD89: =+AM89+BA89 -> 1 | AE89: - Change Blade (1x) | AG89: 1 | AM89: =SUM(AF89:AL89)+AT89+AV89+AX89 -> 1 | AR89: =SUM(AN89:AQ89) -> 0 | BA89: =+AR89+AS89+AU89+AW89+AY89+AZ89 -> 0 | BC89: 1
AD90: =+AM90+BA90 -> 20 | AE90: - Change Spool (24x) | AH90: 20 | AM90: =SUM(AF90:AL90)+AT90+AV90+AX90 -> 20 | AR90: =SUM(AN90:AQ90) -> 0 | BA90: =+AR90+AS90+AU90+AW90+AY90+AZ90 -> 0
A92: 46132 | B92: Facial | C92: =(M92*E92*O92*Q92)/100000000 -> 51.08103 | D92: VP OW | E92: 13 | F92: 1 | G92: 1350 | H92: =+N92 -> 0.25 | I92: 0.88 | J92: =E92*G92*(1-H92)*1440/1000000*2.87 -> 54.39798 | K92: =(IF(G92<L92,L92,G92)*(1-IF(H92<N92,H92,N92))*E92*O92*Q92)/100000000 -> 51.08103 | L92: 1350 | M92: 1012.5 | N92: =1-(M92/L92) -> 0.25 | O92: =+'Trim Rwd'!H63 -> 269.5 | P92: =O92*(Q92-R92-S92) -> 381342.5 | Q92: 1440 | R92: 0 | S92: 25 | T92: =E92*M92*O92*Q92/100000000 -> 51.08103 | U92: =E92*M92*O92*(Q92-R92-S92)/100000000 -> 50.194207 | V92: =E92*G92*(1-N92)*O92/100*(R92+S92)/1000000 -> 0.88682344 | W92: =+'20'!K34/1000 -> 44.97 | X92: =SUM(W92:W95)/SUM(K92:K95) -> 0.88036596 | Y92: 0 | Z92: 0 | AA92: =SUM(U92:U95)-SUM(W92:W95)-SUM(Z92:Z95)-SUM(Y92:Y95) -> 5.2242066 | AB92: =(SUM(K92:K95)-SUM(W92:W95)-SUM(Y92:Y95)-SUM(Z92:Z95)-SUM(AC92:AC95)-SUM(V92:V95))-AA92 -> 0 | AC92: =K92-T92 -> 0 | AD92: =+AM92+BA92 -> 5 | AE92: - Sheet Breaks (1x) | AF92: 5 | AM92: =SUM(AF92:AL92)+AT92+AV92+AX92 -> 5 | AR92: =SUM(AN92:AQ92) -> 0 | BA92: =+AR92+AS92+AU92+AW92+AY92+AZ92 -> 0 | BB92: 1
AD93: =+AM93+BA93 -> 1 | AE93: - Change Blade (1x) | AG93: 1 | AM93: =SUM(AF93:AL93)+AT93+AV93+AX93 -> 1 | AR93: =SUM(AN93:AQ93) -> 0 | BA93: =+AR93+AS93+AU93+AW93+AY93+AZ93 -> 0 | BC93: 1
AD94: =+AM94+BA94 -> 19 | AE94: - Change Spool (26x) | AH94: 19 | AM94: =SUM(AF94:AL94)+AT94+AV94+AX94 -> 19 | AR94: =SUM(AN94:AQ94) -> 0 | BA94: =+AR94+AS94+AU94+AW94+AY94+AZ94 -> 0
A96: 46133 | B96: Facial | C96: =(M96*E96*O96*Q96)/100000000 -> 51.08103 | D96: VP OW | E96: 13 | F96: 1 | G96: 1350 | H96: =+N96 -> 0.25 | I96: 0.88 | J96: =E96*G96*(1-H96)*1440/1000000*2.87 -> 54.39798 | K96: =(IF(G96<L96,L96,G96)*(1-IF(H96<N96,H96,N96))*E96*O96*Q96)/100000000 -> 51.08103 | L96: 1350 | M96: 1012.5 | N96: =1-(M96/L96) -> 0.25 | O96: =+'Trim Rwd'!H65 -> 269.5 | P96: =O96*(Q96-R96-S96) -> 382690 | Q96: 1440 | R96: 0 | S96: 20 | T96: =E96*M96*O96*Q96/100000000 -> 51.08103 | U96: =E96*M96*O96*(Q96-R96-S96)/100000000 -> 50.371571 | V96: =E96*G96*(1-N96)*O96/100*(R96+S96)/1000000 -> 0.70945875 | W96: =+'21'!K34/1000 -> 51.796 | X96: =SUM(W96:W99)/SUM(K96:K99) -> 1.0139968 | Y96: 0 | Z96: =+'21'!D34/1000 -> 0.28 | AA96: =SUM(U96:U99)-SUM(W96:W99)-SUM(Z96:Z99)-SUM(Y96:Y99) -> -1.7044287 | AB96: =(SUM(K96:K99)-SUM(W96:W99)-SUM(Y96:Y99)-SUM(Z96:Z99)-SUM(AC96:AC99)-SUM(V96:V99))-AA96 -> -3.9968029e-15 | AC96: =K96-T96 -> 0 | AD96: =+AM96+BA96 -> 0 | AE96: - Sheet Breaks (0x) | AF96: 0 | AM96: =SUM(AF96:AL96)+AT96+AV96+AX96 -> 0 | AR96: =SUM(AN96:AQ96) -> 0 | BA96: =+AR96+AS96+AU96+AW96+AY96+AZ96 -> 0 | BB96: 0
AD97: =+AM97+BA97 -> 2 | AE97: - Change Blade (1x) | AG97: 2 | AM97: =SUM(AF97:AL97)+AT97+AV97+AX97 -> 2 | AR97: =SUM(AN97:AQ97) -> 0 | BA97: =+AR97+AS97+AU97+AW97+AY97+AZ97 -> 0 | BC97: 1
AD98: =+AM98+BA98 -> 18 | AE98: - Change Spool (27x) | AH98: 18 | AM98: =SUM(AF98:AL98)+AT98+AV98+AX98 -> 18 | AR98: =SUM(AN98:AQ98) -> 0 | BA98: =+AR98+AS98+AU98+AW98+AY98+AZ98 -> 0
A100: 46134 | B100: Facial | C100: =(M100*E100*O100*Q100)/100000000 -> 51.08103 | D100: VP OW | E100: 13 | F100: 1 | G100: 1350 | H100: =+N100 -> 0.25 | I100: 0.88 | J100: =E100*G100*(1-H100)*1440/1000000*2.87 -> 54.39798 | K100: =(IF(G100<L100,L100,G100)*(1-IF(H100<N100,H100,N100))*E100*O100*Q100)/100000000 -> 51.08103 | L100: 1350 | M100: 1012.5 | N100: =1-(M100/L100) -> 0.25 | O100: =+'Trim Rwd'!H67 -> 269.5 | P100: =O100*(Q100-R100-S100) -> 378647.5 | Q100: 1440 | R100: 0 | S100: 35 | T100: =E100*M100*O100*Q100/100000000 -> 51.08103 | U100: =E100*M100*O100*(Q100-R100-S100)/100000000 -> 49.839477 | V100: =E100*G100*(1-N100)*O100/100*(R100+S100)/1000000 -> 1.2415528 | W100: =+'22'!K34/1000 -> 48.822 | X100: =SUM(W100:W103)/SUM(K100:K103) -> 0.95577556 | Y100: 0 | Z100: =+'22'!D34/1000 -> 0.26 | AA100: =SUM(U100:U103)-SUM(W100:W103)-SUM(Z100:Z103)-SUM(Y100:Y103) -> 0.75747719 | AB100: =(SUM(K100:K103)-SUM(W100:W103)-SUM(Y100:Y103)-SUM(Z100:Z103)-SUM(AC100:AC103)-SUM(V100:V103))-AA100 -> -3.3306691e-15 | AC100: =K100-T100 -> 0 | AD100: =+AM100+BA100 -> 0 | AE100: - Sheet Breaks (0x) | AF100: 0 | AM100: =SUM(AF100:AL100)+AT100+AV100+AX100 -> 0 | AR100: =SUM(AN100:AQ100) -> 0 | BA100: =+AR100+AS100+AU100+AW100+AY100+AZ100 -> 0 | BB100: 0
AD101: =+AM101+BA101 -> 1 | AE101: - Change Blade (1x) | AG101: 1 | AM101: =SUM(AF101:AL101)+AT101+AV101+AX101 -> 1 | AR101: =SUM(AN101:AQ101) -> 0 | BA101: =+AR101+AS101+AU101+AW101+AY101+AZ101 -> 0 | BC101: 1
AD102: =+AM102+BA102 -> 26 | AE102: - Change Spool (27x) | AH102: 26 | AM102: =SUM(AF102:AL102)+AT102+AV102+AX102 -> 26 | AR102: =SUM(AN102:AQ102) -> 0 | BA102: =+AR102+AS102+AU102+AW102+AY102+AZ102 -> 0
AD103: =+AM103+BA103 -> 8 | AE103: - Reject Rw : 285 kg/ 1.7 % (MED/chuck tidak bisa putar) | AJ103: 8 | AM103: =SUM(AF103:AL103)+AT103+AV103+AX103 -> 8 | AR103: =SUM(AN103:AQ103) -> 0 | BA103: =+AR103+AS103+AU103+AW103+AY103+AZ103 -> 0
A105: 46135 | B105: Facial | C105: =(M105*E105*O105*Q105)/100000000 -> 51.08103 | D105: VP OW | E105: 13 | F105: 1 | G105: 1350 | H105: =+N105 -> 0.25 | I105: 0.88 | J105: =E105*G105*(1-H105)*1440/1000000*2.87 -> 54.39798 | K105: =(IF(G105<L105,L105,G105)*(1-IF(H105<N105,H105,N105))*E105*O105*Q105)/100000000 -> 51.08103 | L105: 1350 | M105: 1012.5 | N105: =1-(M105/L105) -> 0.25 | O105: =+'Trim Rwd'!H69 -> 269.5 | P105: =O105*(Q105-R105-S105) -> 382690 | Q105: 1440 | R105: 0 | S105: 20 | T105: =E105*M105*O105*Q105/100000000 -> 51.08103 | U105: =E105*M105*O105*(Q105-R105-S105)/100000000 -> 50.371571 | V105: =E105*G105*(1-N105)*O105/100*(R105+S105)/1000000 -> 0.70945875 | W105: =+'23'!K34/1000 -> 47.997 | X105: =SUM(W105:W108)/SUM(K105:K108) -> 0.93962475 | Y105: 0 | Z105: =+'23'!D34/1000 -> 0.28 | AA105: =SUM(U105:U108)-SUM(W105:W108)-SUM(Z105:Z108)-SUM(Y105:Y108) -> 2.0945713 | AB105: =(SUM(K105:K108)-SUM(W105:W108)-SUM(Y105:Y108)-SUM(Z105:Z108)-SUM(AC105:AC108)-SUM(V105:V108))-AA105 -> -3.9968029e-15 | AC105: =K105-T105 -> 0 | AD105: =+AM105+BA105 -> 0 | AE105: - Sheet Breaks (0x) | AF105: 0 | AM105: =SUM(AF105:AL105)+AT105+AV105+AX105 -> 0 | AR105: =SUM(AN105:AQ105) -> 0 | BA105: =+AR105+AS105+AU105+AW105+AY105+AZ105 -> 0 | BB105: 0
AD106: =+AM106+BA106 -> 0 | AE106: - Change Blade (0x) | AG106: 0 | AM106: =SUM(AF106:AL106)+AT106+AV106+AX106 -> 0 | AR106: =SUM(AN106:AQ106) -> 0 | BA106: =+AR106+AS106+AU106+AW106+AY106+AZ106 -> 0 | BC106: 0
AD107: =+AM107+BA107 -> 20 | AE107: - Change Spool (24x) | AH107: 20 | AM107: =SUM(AF107:AL107)+AT107+AV107+AX107 -> 20 | AR107: =SUM(AN107:AQ107) -> 0 | BA107: =+AR107+AS107+AU107+AW107+AY107+AZ107 -> 0
A109: 46136 | B109: Facial | C109: =(M109*E109*O109*Q109)/100000000 -> 51.08103 | D109: VP OW | E109: 13 | F109: 1 | G109: 1350 | H109: =+N109 -> 0.25 | I109: 0.88 | J109: =E109*G109*(1-H109)*1440/1000000*2.87 -> 54.39798 | K109: =(IF(G109<L109,L109,G109)*(1-IF(H109<N109,H109,N109))*E109*O109*Q109)/100000000 -> 51.08103 | L109: 1350 | M109: 1012.5 | N109: =1-(M109/L109) -> 0.25 | O109: =+'Trim Rwd'!H71 -> 269.5 | P109: =O109*(Q109-R109-S109) -> 381612 | Q109: 1440 | R109: 0 | S109: 24 | T109: =E109*M109*O109*Q109/100000000 -> 51.08103 | U109: =E109*M109*O109*(Q109-R109-S109)/100000000 -> 50.22968 | V109: =E109*G109*(1-N109)*O109/100*(R109+S109)/1000000 -> 0.8513505 | W109: =+'24'!K34/1000 -> 53.771 | X109: =SUM(W109:W112)/SUM(K109:K112) -> 1.0526608 | Y109: 0 | Z109: 0 | AA109: =SUM(U109:U112)-SUM(W109:W112)-SUM(Z109:Z112)-SUM(Y109:Y112) -> -3.5413205 | AB109: =(SUM(K109:K112)-SUM(W109:W112)-SUM(Y109:Y112)-SUM(Z109:Z112)-SUM(AC109:AC112)-SUM(V109:V112))-AA109 -> -4.8849813e-15 | AC109: =K109-T109 -> 0 | AD109: =+AM109+BA109 -> 0 | AE109: - Sheet Breaks (0x) | AF109: 0 | AM109: =SUM(AF109:AL109)+AT109+AV109+AX109 -> 0 | AR109: =SUM(AN109:AQ109) -> 0 | BA109: =+AR109+AS109+AU109+AW109+AY109+AZ109 -> 0 | BB109: 0
AD110: =+AM110+BA110 -> 2 | AE110: - Change Blade (1x) | AG110: 2 | AM110: =SUM(AF110:AL110)+AT110+AV110+AX110 -> 2 | AR110: =SUM(AN110:AQ110) -> 0 | BA110: =+AR110+AS110+AU110+AW110+AY110+AZ110 -> 0 | BC110: 1
AD111: =+AM111+BA111 -> 22 | AE111: - Change Spool (26x) | AH111: 22 | AM111: =SUM(AF111:AL111)+AT111+AV111+AX111 -> 22 | AR111: =SUM(AN111:AQ111) -> 0 | BA111: =+AR111+AS111+AU111+AW111+AY111+AZ111 -> 0
A113: 46137 | B113: Facial | C113: =(M113*E113*O113*Q113)/100000000 -> 51.08103 | D113: VP OW | E113: 13 | F113: 1 | G113: 1350 | H113: =+N113 -> 0.25 | I113: 0.88 | J113: =E113*G113*(1-H113)*1440/1000000*2.87 -> 54.39798 | K113: =(IF(G113<L113,L113,G113)*(1-IF(H113<N113,H113,N113))*E113*O113*Q113)/100000000 -> 51.08103 | L113: 1350 | M113: 1012.5 | N113: =1-(M113/L113) -> 0.25 | O113: =+'Trim Rwd'!H73 -> 269.5 | P113: =O113*(Q113-R113-S113) -> 381612 | Q113: 1440 | R113: 0 | S113: 24 | T113: =E113*M113*O113*Q113/100000000 -> 51.08103 | U113: =E113*M113*O113*(Q113-R113-S113)/100000000 -> 50.22968 | V113: =E113*G113*(1-N113)*O113/100*(R113+S113)/1000000 -> 0.8513505 | W113: =+'25'!K34/1000 -> 43.971 | X113: =SUM(W113:W116)/SUM(K113:K116) -> 0.8608088 | Y113: 0 | Z113: =+'25'!D34/1000 -> 0.28 | AA113: =SUM(U113:U116)-SUM(W113:W116)-SUM(Z113:Z116)-SUM(Y113:Y116) -> 5.9786795 | AB113: =(SUM(K113:K116)-SUM(W113:W116)-SUM(Y113:Y116)-SUM(Z113:Z116)-SUM(AC113:AC116)-SUM(V113:V116))-AA113 -> 0 | AC113: =K113-T113 -> 0 | AD113: =+AM113+BA113 -> 0 | AE113: - Sheet Breaks (0x) | AF113: 0 | AM113: =SUM(AF113:AL113)+AT113+AV113+AX113 -> 0 | AR113: =SUM(AN113:AQ113) -> 0 | BA113: =+AR113+AS113+AU113+AW113+AY113+AZ113 -> 0 | BB113: 0
AD114: =+AM114+BA114 -> 3 | AE114: - Change Blade (2x) | AG114: 3 | AM114: =SUM(AF114:AL114)+AT114+AV114+AX114 -> 3 | AR114: =SUM(AN114:AQ114) -> 0 | BA114: =+AR114+AS114+AU114+AW114+AY114+AZ114 -> 0 | BC114: 2
AD115: =+AM115+BA115 -> 21 | AE115: - Change Spool (26x) | AH115: 21 | AM115: =SUM(AF115:AL115)+AT115+AV115+AX115 -> 21 | AR115: =SUM(AN115:AQ115) -> 0 | BA115: =+AR115+AS115+AU115+AW115+AY115+AZ115 -> 0
A117: 46138 | B117: Facial | C117: =(M117*E117*O117*Q117)/100000000 -> 51.08103 | D117: VP OW | E117: 13 | F117: 1 | G117: 1350 | H117: =+N117 -> 0.25 | I117: 0.88 | J117: =E117*G117*(1-H117)*1440/1000000*2.87 -> 54.39798 | K117: =(IF(G117<L117,L117,G117)*(1-IF(H117<N117,H117,N117))*E117*O117*Q117)/100000000 -> 51.08103 | L117: 1350 | M117: 1012.5 | N117: =1-(M117/L117) -> 0.25 | O117: =+'Trim Rwd'!H75 -> 269.5 | P117: =O117*(Q117-R117-S117) -> 380803.5 | Q117: 1440 | R117: 0 | S117: 27 | T117: =E117*M117*O117*Q117/100000000 -> 51.08103 | U117: =E117*M117*O117*(Q117-R117-S117)/100000000 -> 50.123261 | V117: =E117*G117*(1-N117)*O117/100*(R117+S117)/1000000 -> 0.95776931 | W117: =+'26'!K34/1000 -> 45.142 | X117: =SUM(W117:W120)/SUM(K117:K120) -> 0.88373316 | Y117: 0 | Z117: 0 | AA117: =SUM(U117:U120)-SUM(W117:W120)-SUM(Z117:Z120)-SUM(Y117:Y120) -> 4.9812607 | AB117: =(SUM(K117:K120)-SUM(W117:W120)-SUM(Y117:Y120)-SUM(Z117:Z120)-SUM(AC117:AC120)-SUM(V117:V120))-AA117 -> 0 | AC117: =K117-T117 -> 0 | AD117: =+AM117+BA117 -> 0 | AE117: - Sheet Breaks (0x) | AF117: 0 | AM117: =SUM(AF117:AL117)+AT117+AV117+AX117 -> 0 | AR117: =SUM(AN117:AQ117) -> 0 | BA117: =+AR117+AS117+AU117+AW117+AY117+AZ117 -> 0 | BB117: 0
AD118: =+AM118+BA118 -> 1 | AE118: - Change Blade (1x) | AG118: 1 | AM118: =SUM(AF118:AL118)+AT118+AV118+AX118 -> 1 | AR118: =SUM(AN118:AQ118) -> 0 | BA118: =+AR118+AS118+AU118+AW118+AY118+AZ118 -> 0 | BC118: 1
AD119: =+AM119+BA119 -> 26 | AE119: - Change Spool (26x) | AH119: 26 | AM119: =SUM(AF119:AL119)+AT119+AV119+AX119 -> 26 | AR119: =SUM(AN119:AQ119) -> 0 | BA119: =+AR119+AS119+AU119+AW119+AY119+AZ119 -> 0
A121: 46139 | B121: Facial | C121: =(M121*E121*O121*Q121)/100000000 -> 41.609756 | D121: VP OW | E121: 13 | F121: 1 | G121: 1350 | H121: =+N121 -> 0.25 | I121: 0.88 | J121: =E121*G121*(1-H121)*1440/1000000*2.87 -> 54.39798 | K121: =(IF(G121<L121,L121,G121)*(1-IF(H121<N121,H121,N121))*E121*O121*Q121)/100000000 -> 41.609756 | L121: 1350 | M121: =+L121-L121*0.25 -> 1012.5 | N121: =1-(M121/L121) -> 0.25 | O121: =+'Trim Rwd'!H77 -> 269.5 | P121: =O121*(Q121-R121-S121) -> 256833.5 | Q121: 1173 | R121: 200 | S121: 20 | T121: =E121*M121*O121*Q121/100000000 -> 41.609756 | U121: =E121*M121*O121*(Q121-R121-S121)/100000000 -> 33.805709 | V121: =E121*G121*(1-N121)*O121/100*(R121+S121)/1000000 -> 7.8040462 | W121: =+'27'!K9/1000 -> 42.764 | X121: =SUM(W121:W124)/SUM(K121:K124) -> 0.98523373 | Y121: 0 | Z121: 0 | AA121: =SUM(U121:U124)-SUM(W121:W124)-SUM(Z121:Z124)-SUM(Y121:Y124) -> -7.9500906 | AB121: =(SUM(K121:K124)-SUM(W121:W124)-SUM(Y121:Y124)-SUM(Z121:Z124)-SUM(AC121:AC124)-SUM(V121:V124))-AA121 -> -0.00882 | AC121: =K121-T121 -> 0 | AD121: =+AM121+BA121 -> 0 | AE121: - Sheet Breaks (0x) | AF121: 0 | AM121: =SUM(AF121:AL121)+AT121+AV121+AX121 -> 0 | AR121: =SUM(AN121:AQ121) -> 0 | BA121: =+AR121+AS121+AU121+AW121+AY121+AZ121 -> 0 | BB121: 0
B122: Facial | C122: =(M122*E122*O122*Q122)/100000000 -> 9.08334 | D122: VP OW | E122: 12 | F122: 1 | G122: 1400 | H122: =+N122 -> 0.25 | I122: 0.88 | J122: =E122*G122*(1-H122)*1440/1000000*2.87 -> 52.07328 | K122: =(IF(G122<L122,L122,G122)*(1-IF(H122<N122,H122,N122))*E122*O122*Q122)/100000000 -> 9.41976 | L122: 1350 | M122: =+L122-L122*0.25 -> 1012.5 | N122: =1-(M122/L122) -> 0.25 | O122: =+'Trim Rwd'!H78 -> 280 | P122: =O122*(Q122-R122-S122) -> 72800 | Q122: 267 | R122: 0 | S122: 7 | T122: =E122*M122*O122*Q122/100000000 -> 9.08334 | U122: =E122*M122*O122*(Q122-R122-S122)/100000000 -> 8.8452 | V122: =E122*G122*(1-N122)*O122/100*(R122+S122)/1000000 -> 0.24696 | W122: =+'27'!K19/1000 -> 7.512 | Z122: =+'27'!D26/1000 -> 0.325 | AC122: =K122-T122 -> 0.33642 | AD122: =+AM122+BA122 -> 2 | AE122: - Change Blade (2x) | AG122: 2 | AM122: =SUM(AF122:AL122)+AT122+AV122+AX122 -> 2 | AR122: =SUM(AN122:AQ122) -> 0 | BA122: =+AR122+AS122+AU122+AW122+AY122+AZ122 -> 0 | BC122: 2
AD123: =+AM123+BA123 -> 25 | AE123: - Change Spool (24x) | AH123: 25 | AM123: =SUM(AF123:AL123)+AT123+AV123+AX123 -> 25 | AR123: =SUM(AN123:AQ123) -> 0 | BA123: =+AR123+AS123+AU123+AW123+AY123+AZ123 -> 0
AD124: =+AM124+BA124 -> 200 | AE124: - 04.15 pm stop kertas brosot, cek felt bagian sisi fs ada hole bolong | AM124: =SUM(AF124:AL124)+AT124+AV124+AX124 -> 0 | AN124: 200 | AR124: =SUM(AN124:AQ124) -> 200 | BA124: =+AR124+AS124+AU124+AW124+AY124+AZ124 -> 200 | BF124: 1
A126: 46140 | B126: Facial | C126: =(M126*E126*O126*Q126)/100000000 -> 39.682944 | D126: VP OW | E126: 14 | F126: 1 | G126: 1350 | H126: =+N126 -> 0.25 | I126: 0.88 | J126: =E126*G126*(1-H126)*1440/1000000*2.87 -> 58.58244 | K126: =(IF(G126<L126,L126,G126)*(1-IF(H126<N126,H126,N126))*E126*O126*Q126)/100000000 -> 41.853105 | L126: 1280 | M126: =+L126-L126*0.25 -> 960 | N126: =1-(M126/L126) -> 0.25 | O126: =+'Trim Rwd'!H81 -> 266 | P126: =O126*(Q126-R126-S126) -> 146300 | Q126: =570+540 -> 1110 | R126: 540 | S126: 20 | T126: =E126*M126*O126*Q126/100000000 -> 39.682944 | U126: =E126*M126*O126*(Q126-R126-S126)/100000000 -> 19.66272 | V126: =E126*G126*(1-N126)*O126/100*(R126+S126)/1000000 -> 21.11508 | W126: =+'28'!K20/1000 -> 18.33 | X126: =SUM(W126:W129)/SUM(K126:K129) -> 0.42679269 | Y126: 0 | Z126: 0 | AA126: =SUM(U126:U129)-SUM(W126:W129)-SUM(Z126:Z129)-SUM(Y126:Y129) -> 3.3819728 | AB126: =(SUM(K126:K129)-SUM(W126:W129)-SUM(Y126:Y129)-SUM(Z126:Z129)-SUM(AC126:AC129)-SUM(V126:V129))-AA126 -> -1.5196713 | AC126: =K126-T126 -> 2.170161 | AD126: =+AM126+BA126 -> 0 | AE126: - Sheet Breaks (0x) | AF126: 0 | AM126: =SUM(AF126:AL126)+AT126+AV126+AX126 -> 0 | AR126: =SUM(AN126:AQ126) -> 0 | BA126: =+AR126+AS126+AU126+AW126+AY126+AZ126 -> 0 | BB126: 0
B127: Facial | C127: =(M127*E127*O127*Q127)/100000000 -> 9.880416 | D127: VP OW | E127: 13 | F127: 1 | G127: 1400 | H127: =+N127 -> 0.25 | I127: 0.88 | J127: =E127*G127*(1-H127)*1440/1000000*2.87 -> 56.41272 | K127: =(IF(G127<L127,L127,G127)*(1-IF(H127<N127,H127,N127))*E127*O127*Q127)/100000000 -> 10.806705 | L127: 1280 | M127: =+L127-L127*0.25 -> 960 | N127: =1-(M127/L127) -> 0.25 | O127: =+'Trim Rwd'!H82 -> 273 | P127: =O127*(Q127-R127-S127) -> 42861 | Q127: 290 | R127: 133 | S127: 0 | T127: =E127*M127*O127*Q127/100000000 -> 9.880416 | U127: =E127*M127*O127*(Q127-R127-S127)/100000000 -> 5.3490528 | V127: =E127*G127*(1-N127)*O127/100*(R127+S127)/1000000 -> 4.9561785 | W127: =+'28'!K9/1000 -> 4.106 | AC127: =K127-T127 -> 0.926289 | AD127: =+AM127+BA127 -> 2 | AE127: - Change Blade (1x) | AG127: 2 | AM127: =SUM(AF127:AL127)+AT127+AV127+AX127 -> 2 | AR127: =SUM(AN127:AQ127) -> 0 | BA127: =+AR127+AS127+AU127+AW127+AY127+AZ127 -> 0 | BC127: 2
B128: Toilet | C128: =(M128*E128*O128*Q128)/100000000 -> 1.4742 | D128: VP OW | E128: 15 | F128: 1 | G128: 1200 | H128: =+N128 -> 0.25 | I128: 0.88 | J128: =E128*G128*(1-H128)*1440/1000000*2.87 -> 55.7928 | K128: =(IF(G128<L128,L128,G128)*(1-IF(H128<N128,H128,N128))*E128*O128*Q128)/100000000 -> 1.4742 | L128: 1200 | M128: =+L128-L128*0.25 -> 900 | N128: =1-(M128/L128) -> 0.25 | O128: =+'Trim Rwd'!H83 -> 273 | P128: =O128*(Q128-R128-S128) -> 10920 | Q128: 40 | R128: 0 | S128: 0 | T128: =E128*M128*O128*Q128/100000000 -> 1.4742 | U128: =E128*M128*O128*(Q128-R128-S128)/100000000 -> 1.4742 | V128: =E128*G128*(1-N128)*O128/100*(R128+S128)/1000000 -> 0 | W128: =+'28'!K18/1000 -> 0 | AC128: =K128-T128 -> 0 | AD128: =+AM128+BA128 -> 18 | AE128: - Change Spool (16x) | AH128: 18 | AM128: =SUM(AF128:AL128)+AT128+AV128+AX128 -> 18 | AR128: =SUM(AN128:AQ128) -> 0 | BA128: =+AR128+AS128+AU128+AW128+AY128+AZ128 -> 0
...

Sheet Efficiency2
A1: PM16 Efficiency Running Report
A3: Date | B3: Grade | C3: Speed real (ton) with Available Time | D3: Colour | E3: gsm | F3: Ply | G3: Standard | L3: Real Running | O3: Trim Rewinder (cm) | P3: Trim Rewinder x Running Time | Q3: Available Time (mnt) | R3: Down Time (mnt) | S3: Loss Time (mnt) | T3: Real Speed & Real Creepe Ratio with Available Time (ton) | U3: Real Speed & Real Creepe Ratio setelah dipotong DT & LT (ton) | V3: Loss tonase akibat DT + LT dari hitungan Teori with available time (ton) | W3: Accepted (ton) | X3: Real Eff dr Target Eff | Y3: Backlog | Z3: Reject Rewinder (ton) | AA3: Estimasi Reject to Broke Plant (ton) | AB3: Estimasi Faktor BW (ton) | AC3: Loss Opportunity in Speed (ton) | AD3: Downtime/ Losstime | AE3: Reason of Downtime / Losstime | AF3: Loss Time | AM3: Total Losstime | AN3: Unschedule Shut Down (mnt) | AS3: Schedule Shut Down | AT3: Marketing | AV3: EXT FACTOR | AX3: EXT FACTOR | AZ3: MANAGEMENT | BA3: Total Down Time | BB3: Freq. Sheets Break (X) | BC3: Freq. Change Blade (X) | BD3: Steam, & gangguan sinergy (X) | BE3: Freq, Trip PLN (X) | BF3: Cleaning Holes (X)
AF4: Proses | AI4: Change Grade | AJ4: Mekanik | AK4: Electric & Instrument | AL4: Boiler | AN4: Down Time Produksi | AO4: Mekanik | AP4: Electrical & Instrument | AQ4: Boiler | AR4: Total Unschedule Shut Down | AV4: LOSS | AW4: DOWN TIME | AX4: LOSS | AY4: DOWN TIME
G5: Yankee Speed (mpm) | H5: Max % Creeping | I5: Target Eff | J5: Kapasitas PM-Teori (ton) | K5: Teori (ton) with Available Time | L5: Yankee Speed (mpm) | M5: Popereel Speed (mpm) | N5: % Creeping | AF5: sheet break | AG5: change blade | AH5: change spool | AT5: Loss time | AU5: Down Time | AV5: SINERGY | AW5: SINERGY | AX5: PLN | AY5: PLN
A6: =+Report1!A9 -> 46113 | B6: Napkin | C6: =(M6*E6*O6*Q6)/100000000 -> 55.295361 | D6: VP OW | E6: 12 | F6: 1 | G6: 1400 | H6: =+N6 -> 0.18 | I6: 0.88 | J6: =E6*G6*(1-H6)*1440/1000000*2.87 -> 56.933453 | K6: =(IF(G6<L6,L6,G6)*(1-IF(H6<N6,H6,N6))*E6*O6*Q6)/100000000 -> 55.544832 | L6: 1393.7121 | M6: 1142.8439 | N6: =1-(M6/L6) -> 0.18 | O6: =+'Trim Rwd'!H4 -> 280 | P6: =O6*(Q6-R6-S6) -> 359520 | Q6: 1440 | R6: 120 | S6: 36 | T6: =E6*M6*O6*Q6/100000000 -> 55.295361 | U6: =E6*M6*O6*(Q6-R6-S6)/100000000 -> 49.30503 | V6: =E6*G6*(1-N6)*O6/100*(R6+S6)/1000000 -> 6.0173568 | W6: =+'1'!K34/1000 -> 36.937 | X6: =SUM(W6:W9)/SUM(K6:K9) -> 0.66499436 | Y6: 0 | Z6: =+'1'!D34/1000 -> 0.396 | AA6: =SUM(U6:U9)-SUM(W6:W9)-SUM(Z6:Z9)-SUM(Y6:Y9) -> 11.97203 | AB6: =(SUM(K6:K9)-SUM(W6:W9)-SUM(Y6:Y9)-SUM(Z6:Z9)-SUM(AC6:AC9)-SUM(V6:V9))-AA6 -> -0.027026007 | AC6: =K6-T6 -> 0.24947084 | AD6: =+AM6+BA6 -> 0 | AE6: - Sheet Breaks (0x) | AF6: 0 | AM6: =SUM(AF6:AL6)+AT6+AV6+AX6 -> 0 | AR6: =SUM(AN6:AQ6) -> 0 | BA6: =+AR6+AS6+AU6+AW6+AY6+AZ6 -> 0 | BB6: 0
AD7: =+AM7+BA7 -> 7 | AE7: - Change Blade (2x) | AG7: 7 | AM7: =SUM(AF7:AL7)+AT7+AV7+AX7 -> 7 | AR7: =SUM(AN7:AQ7) -> 0 | BA7: =+AR7+AS7+AU7+AW7+AY7+AZ7 -> 0 | BC7: 2
AD8: =+AM8+BA8 -> 29 | AE8: - Change Spool (22x) | AH8: 29 | AM8: =SUM(AF8:AL8)+AT8+AV8+AX8 -> 29 | AR8: =SUM(AN8:AQ8) -> 0 | BA8: =+AR8+AS8+AU8+AW8+AY8+AZ8 -> 0
AD9: =+AM9+BA9 -> 120 | AE9: - 16:02 Kertas berosot sisi center, Stock off | AM9: =SUM(AF9:AL9)+AT9+AV9+AX9 -> 0 | AN9: 120 | AR9: =SUM(AN9:AQ9) -> 120 | BA9: =+AR9+AS9+AU9+AW9+AY9+AZ9 -> 120
A11: 46114 | B11: Napkin | C11: =(M11*E11*O11*Q11)/100000000 -> 55.544832 | D11: VP OW | E11: 12 | F11: 1 | G11: 1400 | H11: =+N11 -> 0.18 | I11: 0.88 | J11: =E11*G11*(1-H11)*1440/1000000*2.87 -> 56.933453 | K11: =(IF(G11<L11,L11,G11)*(1-IF(H11<N11,H11,N11))*E11*O11*Q11)/100000000 -> 55.544832 | L11: 1400 | M11: 1148 | N11: =1-(M11/L11) -> 0.18 | O11: =+'Trim Rwd'!H7 -> 280 | P11: =O11*(Q11-R11-S11) -> 374360 | Q11: 1440 | R11: 71 | S11: 32 | T11: =E11*M11*O11*Q11/100000000 -> 55.544832 | U11: =E11*M11*O11*(Q11-R11-S11)/100000000 -> 51.571834 | V11: =E11*G11*(1-N11)*O11/100*(R11+S11)/1000000 -> 3.9729984 | W11: =+'2'!K34/1000 -> 53.685 | X11: =SUM(W11:W14)/SUM(K11:K14) -> 0.96651656 | Y11: 0 | Z11: =+'2'!D34/1000 -> 0.203 | AA11: =SUM(U11:U14)-SUM(W11:W14)-SUM(Z11:Z14)-SUM(Y11:Y14) -> -2.3161664 | AB11: =(SUM(K11:K14)-SUM(W11:W14)-SUM(Y11:Y14)-SUM(Z11:Z14)-SUM(AC11:AC14)-SUM(V11:V14))-AA11 -> 0 | AC11: =K11-T11 -> 0 | AD11: =+AM11+BA11 -> 0 | AE11: - Sheet Breaks (0x) | AF11: 0 | AM11: =SUM(AF11:AL11)+AT11+AV11+AX11 -> 0 | AR11: =SUM(AN11:AQ11) -> 0 | BA11: =+AR11+AS11+AU11+AW11+AY11+AZ11 -> 0 | BB11: 0
AD12: =+AM12+BA12 -> 3 | AE12: - Change Blade (1x) | AG12: 3 | AM12: =SUM(AF12:AL12)+AT12+AV12+AX12 -> 3 | AR12: =SUM(AN12:AQ12) -> 0 | BA12: =+AR12+AS12+AU12+AW12+AY12+AZ12 -> 0 | BC12: 1
AD13: =+AM13+BA13 -> 29 | AE13: - Change Spool (23x) | AH13: 29 | AM13: =SUM(AF13:AL13)+AT13+AV13+AX13 -> 29 | AR13: =SUM(AN13:AQ13) -> 0 | BA13: =+AR13+AS13+AU13+AW13+AY13+AZ13 -> 0
AD14: =+AM14+BA14 -> 71 | AE14: - 11.12 Sheet break, Ganti blade (kertas lolos), stock off cleaning doctor blade | AM14: =SUM(AF14:AL14)+AT14+AV14+AX14 -> 0 | AN14: 71 | AR14: =SUM(AN14:AQ14) -> 71 | BA14: =+AR14+AS14+AU14+AW14+AY14+AZ14 -> 71
A16: 46115 | B16: Napkin | C16: =(M16*E16*O16*Q16)/100000000 -> 3.085824 | D16: VP OW | E16: 12 | F16: 1 | G16: 1400 | H16: =+N16 -> 0.18 | I16: 0.88 | J16: =E16*G16*(1-H16)*1440/1000000*2.87 -> 56.933453 | K16: =(IF(G16<L16,L16,G16)*(1-IF(H16<N16,H16,N16))*E16*O16*Q16)/100000000 -> 3.085824 | L16: 1400 | M16: 1148 | N16: =1-(M16/L16) -> 0.18 | O16: =+'Trim Rwd'!H10 -> 280 | P16: =O16*(Q16-R16-S16) -> 22400 | Q16: =60+20 -> 80 | R16: 0 | S16: 0 | T16: =E16*M16*O16*Q16/100000000 -> 3.085824 | U16: =E16*M16*O16*(Q16-R16-S16)/100000000 -> 3.085824 | V16: =E16*G16*(1-N16)*O16/100*(R16+S16)/1000000 -> 0 | W16: =+'3'!K7/1000 -> 14.145 | X16: =SUM(W16:W19)/SUM(K16:K19) -> 1.0974484 | Y16: 0 | Z16: =+'3'!D34/1000 -> 0.208 | AA16: =SUM(U16:U19)-SUM(W16:W19)-SUM(Z16:Z19)-SUM(Y16:Y19) -> -6.0079952 | AB16: =(SUM(K16:K19)-SUM(W16:W19)-SUM(Y16:Y19)-SUM(Z16:Z19)-SUM(AC16:AC19)-SUM(V16:V19))-AA16 -> 0 | AC16: =K16-T16 -> 0 | AD16: =+AM16+BA16 -> 0 | AE16: - Sheet Breaks (0x) | AF16: 0 | AM16: =SUM(AF16:AL16)+AT16+AV16+AX16 -> 0 | AR16: =SUM(AN16:AQ16) -> 0 | BA16: =+AR16+AS16+AU16+AW16+AY16+AZ16 -> 0 | BB16: 0
B17: Napkin | C17: =(M17*E17*O17*Q17)/100000000 -> 48.087424 | D17: VP OW | E17: 11 | F17: 1 | G17: 1400 | H17: =+N17 -> 0.18 | I17: 0.88 | J17: =E17*G17*(1-H17)*1440/1000000*2.87 -> 52.188998 | K17: =(IF(G17<L17,L17,G17)*(1-IF(H17<N17,H17,N17))*E17*O17*Q17)/100000000 -> 48.087424 | L17: 1400 | M17: 1148 | N17: =1-(M17/L17) -> 0.18 | O17: =+'Trim Rwd'!H11 -> 280 | P17: =O17*(Q17-R17-S17) -> 374360 | Q17: =1440-Q16 -> 1360 | R17: 0 | S17: 23 | T17: =E17*M17*O17*Q17/100000000 -> 48.087424 | U17: =E17*M17*O17*(Q17-R17-S17)/100000000 -> 47.274181 | V17: =E17*G17*(1-N17)*O17/100*(R17+S17)/1000000 -> 0.8132432 | W17: =+'3'!K8/1000 -> 42.015 | AC17: =K17-T17 -> 0 | AD17: =+AM17+BA17 -> 0 | AE17: - Change Blade (0x) | AG17: 0 | AM17: =SUM(AF17:AL17)+AT17+AV17+AX17 -> 0 | AR17: =SUM(AN17:AQ17) -> 0 | BA17: =+AR17+AS17+AU17+AW17+AY17+AZ17 -> 0 | BC17: 0
AD18: =+AM18+BA18 -> 23 | AE18: - Change Spool (27x) | AH18: 23 | AM18: =SUM(AF18:AL18)+AT18+AV18+AX18 -> 23 | AR18: =SUM(AN18:AQ18) -> 0 | BA18: =+AR18+AS18+AU18+AW18+AY18+AZ18 -> 0
A20: 46116 | B20: Napkin | C20: =(M20*E20*O20*Q20)/100000000 -> 21.21504 | D20: VP OW | E20: 11 | F20: 1 | G20: 1400 | H20: =+N20 -> 0.18 | I20: 0.88 | J20: =E20*G20*(1-H20)*1440/1000000*2.87 -> 52.188998 | K20: =(IF(G20<L20,L20,G20)*(1-IF(H20<N20,H20,N20))*E20*O20*Q20)/100000000 -> 21.21504 | L20: 1400 | M20: 1148 | N20: =1-(M20/L20) -> 0.18 | O20: =+'Trim Rwd'!H13 -> 280 | P20: =O20*(Q20-R20-S20) -> 165200 | Q20: 600 | R20: 0 | S20: 10 | T20: =E20*M20*O20*Q20/100000000 -> 21.21504 | U20: =E20*M20*O20*(Q20-R20-S20)/100000000 -> 20.861456 | V20: =E20*G20*(1-N20)*O20/100*(R20+S20)/1000000 -> 0.353584 | W20: =+'4'!K8/1000 -> 24.406 | X20: =SUM(W20:W23)/SUM(K20:K23) -> 0.85554476 | Y20: 0 | Z20: =+'4'!D7/1000 -> 0.54 | AA20: =SUM(U20:U23)-SUM(W20:W23)-SUM(Z20:Z23)-SUM(Y20:Y23) -> 3.318462 | AB20: =(SUM(K20:K23)-SUM(W20:W23)-SUM(Y20:Y23)-SUM(Z20:Z23)-SUM(AC20:AC23)-SUM(V20:V23))-AA20 -> 0.0369954 | AC20: =K20-T20 -> 0 | AD20: =+AM20+BA20 -> 0 | AE20: - Sheet Breaks (0x) | AF20: 0 | AM20: =SUM(AF20:AL20)+AT20+AV20+AX20 -> 0 | AR20: =SUM(AN20:AQ20) -> 0 | BA20: =+AR20+AS20+AU20+AW20+AY20+AZ20 -> 0 | BB20: 0
B21: Napkin | C21: =(M21*E21*O21*Q21)/100000000 -> 13.6323 | D21: VP OW | E21: 16.5 | F21: 1 | G21: 950 | H21: =+N21 -> 0.15 | I21: 0.88 | J21: =E21*G21*(1-H21)*1440/1000000*2.87 -> 55.064394 | K21: =(IF(G21<L21,L21,G21)*(1-IF(H21<N21,H21,N21))*E21*O21*Q21)/100000000 -> 13.6323 | L21: 1000 | M21: 850 | N21: =1-(M21/L21) -> 0.15 | O21: =+'Trim Rwd'!H14 -> 270 | P21: =O21*(Q21-R21-S21) -> 95040 | Q21: 360 | R21: 0 | S21: 8 | T21: =E21*M21*O21*Q21/100000000 -> 13.6323 | U21: =E21*M21*O21*(Q21-R21-S21)/100000000 -> 13.32936 | V21: =E21*G21*(1-N21)*O21/100*(R21+S21)/1000000 -> 0.287793 | W21: =+'4'!K9/1000 -> 4.155 | Z21: =+'4'!D18/1000 -> 0.3 | AC21: =K21-T21 -> 0 | AD21: =+AM21+BA21 -> 0 | AE21: - Change Blade (0x) | AG21: 0 | AM21: =SUM(AF21:AL21)+AT21+AV21+AX21 -> 0 | AR21: =SUM(AN21:AQ21) -> 0 | BA21: =+AR21+AS21+AU21+AW21+AY21+AZ21 -> 0 | BC21: 0
B22: Napkin | C22: =(M22*E22*O22*Q22)/100000000 -> 18.371383 | D22: VP OW | E22: 17 | F22: 1 | G22: 925 | H22: =+N22 -> 0.15 | I22: 0.88 | J22: =E22*G22*(1-H22)*1440/1000000*2.87 -> 55.240038 | K22: =(IF(G22<L22,L22,G22)*(1-IF(H22<N22,H22,N22))*E22*O22*Q22)/100000000 -> 18.371383 | L22: 981 | M22: 833.85 | N22: =1-(M22/L22) -> 0.15 | O22: =+'Trim Rwd'!H15 -> 270 | P22: =O22*(Q22-R22-S22) -> 126900 | Q22: 480 | R22: 0 | S22: 10 | T22: =E22*M22*O22*Q22/100000000 -> 18.371383 | U22: =E22*M22*O22*(Q22-R22-S22)/100000000 -> 17.988646 | V22: =E22*G22*(1-N22)*O22/100*(R22+S22)/1000000 -> 0.36088875 | W22: =+'4'!K10/1000 -> 13.906 | Z22: =+'4'!D25/1000 -> 1.49 | AC22: =K22-T22 -> 0 | AD22: =+AM22+BA22 -> 28 | AE22: - Change Spool (21x) | AH22: 28 | AM22: =SUM(AF22:AL22)+AT22+AV22+AX22 -> 28 | AR22: =SUM(AN22:AQ22) -> 0 | BA22: =+AR22+AS22+AU22+AW22+AY22+AZ22 -> 0
B23: Napkin | E23: 12 | W23: =+'4'!K7/1000 -> 3.064 | Z23: =+('4'!D8+'4'!D17)/1000 -> 1
A25: 46117 | B25: Napkin | C25: =(M25*E25*O25*Q25)/100000000 -> 55.057968 | D25: VP OW | E25: 17 | F25: 1 | G25: 925 | H25: =+N25 -> 0.15 | I25: 0.88 | J25: =E25*G25*(1-H25)*1440/1000000*2.87 -> 55.240038 | K25: =(IF(G25<L25,L25,G25)*(1-IF(H25<N25,H25,N25))*E25*O25*Q25)/100000000 -> 55.057968 | L25: 980 | M25: 833 | N25: =1-(M25/L25) -> 0.15 | O25: =+'Trim Rwd'!H18 -> 270 | P25: =O25*(Q25-R25-S25) -> 360180 | Q25: =1440-Q24 -> 1440 | R25: 60 | S25: 46 | T25: =E25*M25*O25*Q25/100000000 -> 55.057968 | U25: =E25*M25*O25*(Q25-R25-S25)/100000000 -> 51.00509 | V25: =E25*G25*(1-N25)*O25/100*(R25+S25)/1000000 -> 3.8254208 | W25: =+'5'!K34/1000 -> 37.147 | X25: =SUM(W25:W28)/SUM(K25:K28) -> 0.6746889 | Y25: 0 | Z25: =+'5'!D34/1000 -> 5.02 | AA25: =SUM(U25:U28)-SUM(W25:W28)-SUM(Z25:Z28)-SUM(Y25:Y28) -> 8.8380898 | AB25: =(SUM(K25:K28)-SUM(W25:W28)-SUM(Y25:Y28)-SUM(Z25:Z28)-SUM(AC25:AC28)-SUM(V25:V28))-AA25 -> 0.22745745 | AC25: =K25-T25 -> 0 | AD25: =+AM25+BA25 -> 20 | AE25: - Sheet Breaks (4x) | AF25: 20 | AM25: =SUM(AF25:AL25)+AT25+AV25+AX25 -> 20 | AR25: =SUM(AN25:AQ25) -> 0 | BA25: =+AR25+AS25+AU25+AW25+AY25+AZ25 -> 0 | BB25: 4
AD26: =+AM26+BA26 -> 2 | AE26: - Change Blade (1x) | AG26: 2 | AM26: =SUM(AF26:AL26)+AT26+AV26+AX26 -> 2 | AR26: =SUM(AN26:AQ26) -> 0 | BA26: =+AR26+AS26+AU26+AW26+AY26+AZ26 -> 0 | BC26: 1
AD27: =+AM27+BA27 -> 24 | AE27: - Change Spool (18x) | AH27: 24 | AM27: =SUM(AF27:AL27)+AT27+AV27+AX27 -> 24 | AR27: =SUM(AN27:AQ27) -> 0 | BA27: =+AR27+AS27+AU27+AW27+AY27+AZ27 -> 0
AD28: =+AM28+BA28 -> 60 | AE28: - 16.32 PM stop, flicker PLN | AM28: =SUM(AF28:AL28)+AT28+AV28+AX28 -> 0 | AR28: =SUM(AN28:AQ28) -> 0 | AY28: 60 | BA28: =+AR28+AS28+AU28+AW28+AY28+AZ28 -> 60
A30: 46118 | B30: Napkin | C30: =(M30*E30*O30*Q30)/100000000 -> 20.657983 | D30: VP OW | E30: 17 | F30: 1 | G30: 940 | H30: =+N30 -> 0.165 | I30: 0.88 | J30: =E30*G30*(1-H30)*1440/1000000*2.87 -> 55.14519 | K30: =(IF(G30<L30,L30,G30)*(1-IF(H30<N30,H30,N30))*E30*O30*Q30)/100000000 -> 20.657983 | L30: 980 | M30: =+L30-L30*0.165 -> 818.3 | N30: =1-(M30/L30) -> 0.165 | O30: =+'Trim Rwd'!H21 -> 270 | P30: =O30*(Q30-R30-S30) -> 145800 | Q30: 550 | R30: 0 | S30: 10 | T30: =E30*M30*O30*Q30/100000000 -> 20.657983 | U30: =E30*M30*O30*(Q30-R30-S30)/100000000 -> 20.282384 | V30: =E30*G30*(1-N30)*O30/100*(R30+S30)/1000000 -> 0.3602691 | W30: =+'6'!K10/1000 -> 25.321 | X30: =SUM(W30:W33)/SUM(K30:K33) -> 0.76259501 | Y30: 0 | Z30: =+('6'!D7+'6'!D16)/1000 -> 2.51 | AA30: =SUM(U30:U33)-SUM(W30:W33)-SUM(Z30:Z33)-SUM(Y30:Y33) -> 9.1805343 | AB30: =(SUM(K30:K33)-SUM(W30:W33)-SUM(Y30:Y33)-SUM(Z30:Z33)-SUM(AC30:AC33)-SUM(V30:V33))-AA30 -> 0.05256325 | AC30: =K30-T30 -> 0 | AD30: =+AM30+BA30 -> 5 | AE30: - Sheet Breaks (1x) | AF30: 5 | AM30: =SUM(AF30:AL30)+AT30+AV30+AX30 -> 5 | AR30: =SUM(AN30:AQ30) -> 0 | BA30: =+AR30+AS30+AU30+AW30+AY30+AZ30 -> 0 | BB30: 1
B31: Napkin | C31: =(M31*E31*O31*Q31)/100000000 -> 29.711655 | D31: VP OW | E31: 17.5 | F31: 1 | G31: 915 | H31: =+N31 -> 0.165 | I31: 0.88 | J31: =E31*G31*(1-H31)*1440/1000000*2.87 -> 55.257344 | K31: =(IF(G31<L31,L31,G31)*(1-IF(H31<N31,H31,N31))*E31*O31*Q31)/100000000 -> 29.711655 | L31: 980 | M31: =+L31-L31*0.165 -> 818.3 | N31: =1-(M31/L31) -> 0.165 | O31: =+'Trim Rwd'!H22 -> 280 | P31: =O31*(Q31-R31-S31) -> 203560 | Q31: 741 | R31: 0 | S31: 14 | T31: =E31*M31*O31*Q31/100000000 -> 29.711655 | U31: =E31*M31*O31*(Q31-R31-S31)/100000000 -> 29.150301 | V31: =E31*G31*(1-N31)*O31/100*(R31+S31)/1000000 -> 0.52412115 | W31: =+'6'!K11/1000 -> 17.331 | Z31: =+'6'!D17/1000 -> 0.464 | AC31: =K31-T31 -> 0 | AD31: =+AM31+BA31 -> 0 | AE31: - Change Blade (0x) | AG31: 0 | AM31: =SUM(AF31:AL31)+AT31+AV31+AX31 -> 0 | AR31: =SUM(AN31:AQ31) -> 0 | BA31: =+AR31+AS31+AU31+AW31+AY31+AZ31 -> 0 | BC31: 0
B32: Towel | C32: =(M32*E32*O32*Q32)/100000000 -> 5.5604416 | D32: VP OW | E32: 17 | F32: 1 | G32: 980 | H32: =+N32 -> 0.2 | I32: 0.88 | J32: =E32*G32*(1-H32)*1440/1000000*2.87 -> 55.081958 | K32: =(IF(G32<L32,L32,G32)*(1-IF(H32<N32,H32,N32))*E32*O32*Q32)/100000000 -> 5.5604416 | L32: 980 | M32: =+L32-L32*0.2 -> 784 | N32: =1-(M32/L32) -> 0.2 | O32: =+'Trim Rwd'!H23 -> 280 | P32: =O32*(Q32-R32-S32) -> 40320 | Q32: 149 | R32: 0 | S32: 5 | T32: =E32*M32*O32*Q32/100000000 -> 5.5604416 | U32: =E32*M32*O32*(Q32-R32-S32)/100000000 -> 5.3738496 | V32: =E32*G32*(1-N32)*O32/100*(R32+S32)/1000000 -> 0.186592 | W32: =+'6'!K12/1000 -> 0 | AD32: =+AM32+BA32 -> 24 | AE32: - Change Spool (20x) | AH32: 24 | AM32: =SUM(AF32:AL32)+AT32+AV32+AX32 -> 24 | AR32: =SUM(AN32:AQ32) -> 0 | BA32: =+AR32+AS32+AU32+AW32+AY32+AZ32 -> 0
A34: 46119 | B34: Towel | C34: =(M34*E34*O34*Q34)/100000000 -> 53.738496 | D34: VP OW | E34: 17 | F34: 1 | G34: 980 | H34: =+N34 -> 0.2 | I34: 0.88 | J34: =E34*G34*(1-H34)*1440/1000000*2.87 -> 55.081958 | K34: =(IF(G34<L34,L34,G34)*(1-IF(H34<N34,H34,N34))*E34*O34*Q34)/100000000 -> 53.738496 | L34: 980 | M34: =+L34-L34*0.2 -> 784 | N34: =1-(M34/L34) -> 0.2 | O34: =+'Trim Rwd'!H25 -> 280 | P34: =O34*(Q34-R34-S34) -> 397600 | Q34: 1440 | R34: 0 | S34: 20 | T34: =E34*M34*O34*Q34/100000000 -> 53.738496 | U34: =E34*M34*O34*(Q34-R34-S34)/100000000 -> 52.992128 | V34: =E34*G34*(1-N34)*O34/100*(R34+S34)/1000000 -> 0.746368 | W34: =+'7'!K12/1000 -> 54.087 | X34: =SUM(W34:W37)/SUM(K34:K37) -> 1.1219331 | Y34: 0 | Z34: 0 | AA34: =SUM(U34:U37)-SUM(W34:W37)-SUM(Z34:Z37)-SUM(Y34:Y37) -> -7.298872 | AB34: =(SUM(K34:K37)-SUM(W34:W37)-SUM(Y34:Y37)-SUM(Z34:Z37)-SUM(AC34:AC37)-SUM(V34:V37))-AA34 -> 0 | AC34: =K34-T34 -> 0 | AD34: =+AM34+BA34 -> 0 | AE34: - Sheet Breaks (0x) | AF34: 0 | AM34: =SUM(AF34:AL34)+AT34+AV34+AX34 -> 0 | AR34: =SUM(AN34:AQ34) -> 0 | BA34: =+AR34+AS34+AU34+AW34+AY34+AZ34 -> 0 | BB34: 0
B35: Napkin | E35: 17.5 | W35: =+'7'!K11/1000 -> 6.204 | AD35: =+AM35+BA35 -> 1 | AE35: - Change Blade (1x) | AG35: 1 | AM35: =SUM(AF35:AL35)+AT35+AV35+AX35 -> 1 | AR35: =SUM(AN35:AQ35) -> 0 | BA35: =+AR35+AS35+AU35+AW35+AY35+AZ35 -> 0 | BC35: 1
AD36: =+AM36+BA36 -> 19 | AE36: - Change Spool (21x) | AH36: 19 | AM36: =SUM(AF36:AL36)+AT36+AV36+AX36 -> 19 | AR36: =SUM(AN36:AQ36) -> 0 | BA36: =+AR36+AS36+AU36+AW36+AY36+AZ36 -> 0
A38: 46120 | B38: Towel | C38: =(M38*E38*O38*Q38)/100000000 -> 53.066765 | D38: VP OW | E38: 17 | F38: 1 | G38: 980 | H38: 0.2 | I38: 0.88 | J38: =E38*G38*(1-H38)*1440/1000000*2.87 -> 55.081958 | K38: =(IF(G38<L38,L38,G38)*(1-IF(H38<N38,H38,N38))*E38*O38*Q38)/100000000 -> 53.738496 | L38: 980 | M38: 774.2 | N38: =1-(M38/L38) -> 0.21 | O38: =+'Trim Rwd'!H28 -> 280 | P38: =O38*(Q38-R38-S38) -> 364000 | Q38: 1440 | R38: 126 | S38: 14 | T38: =E38*M38*O38*Q38/100000000 -> 53.066765 | U38: =E38*M38*O38*(Q38-R38-S38)/100000000 -> 47.907496 | V38: =E38*G38*(1-N38)*O38/100*(R38+S38)/1000000 -> 5.1592688 | W38: =+'8'!K34/1000 -> 46.26 | X38: =SUM(W38:W41)/SUM(K38:K41) -> 0.86083541 | Y38: 0 | Z38: 0 | AA38: =SUM(U38:U41)-SUM(W38:W41)-SUM(Z38:Z41)-SUM(Y38:Y41) -> 1.647496 | AB38: =(SUM(K38:K41)-SUM(W38:W41)-SUM(Y38:Y41)-SUM(Z38:Z41)-SUM(AC38:AC41)-SUM(V38:V41))-AA38 -> 0 | AC38: =K38-T38 -> 0.6717312 | AD38: =+AM38+BA38 -> 0 | AE38: - Sheet Breaks (0x) | AF38: 0 | AM38: =SUM(AF38:AL38)+AT38+AV38+AX38 -> 0 | AR38: =SUM(AN38:AQ38) -> 0 | BA38: =+AR38+AS38+AU38+AW38+AY38+AZ38 -> 0 | BB38: 0
AD39: =+AM39+BA39 -> 0 | AE39: - Change Blade (0x) | AG39: 0 | AM39: =SUM(AF39:AL39)+AT39+AV39+AX39 -> 0 | AR39: =SUM(AN39:AQ39) -> 0 | BA39: =+AR39+AS39+AU39+AW39+AY39+AZ39 -> 0 | BC39: 0
AD40: =+AM40+BA40 -> 14 | AE40: - Change Spool (19x) | AH40: 14 | AM40: =SUM(AF40:AL40)+AT40+AV40+AX40 -> 14 | AR40: =SUM(AN40:AQ40) -> 0 | BA40: =+AR40+AS40+AU40+AW40+AY40+AZ40 -> 0
AD41: =+AM41+BA41 -> 126 | AE41: - 15.50 PM Trip (EID Listrik mati) | AM41: =SUM(AF41:AL41)+AT41+AV41+AX41 -> 0 | AP41: 126 | AR41: =SUM(AN41:AQ41) -> 126 | BA41: =+AR41+AS41+AU41+AW41+AY41+AZ41 -> 126
A43: 46121 | B43: Towel | C43: =(M43*E43*O43*Q43)/100000000 -> 53.066765 | D43: VP OW | E43: 17 | F43: 1 | G43: 980 | H43: 0.2 | I43: 0.88 | J43: =E43*G43*(1-H43)*1440/1000000*2.87 -> 55.081958 | K43: =(IF(G43<L43,L43,G43)*(1-IF(H43<N43,H43,N43))*E43*O43*Q43)/100000000 -> 53.738496 | L43: 980 | M43: 774.2 | N43: =1-(M43/L43) -> 0.21 | O43: =+'Trim Rwd'!H30 -> 280 | P43: =O43*(Q43-R43-S43) -> 382480 | Q43: 1440 | R43: 0 | S43: =12+62 -> 74 | T43: =E43*M43*O43*Q43/100000000 -> 53.066765 | U43: =E43*M43*O43*(Q43-R43-S43)/100000000 -> 50.339723 | V43: =E43*G43*(1-N43)*O43/100*(R43+S43)/1000000 -> 2.7270421 | W43: =+'9'!K34/1000 -> 49.106 | X43: =SUM(W43:W46)/SUM(K43:K46) -> 0.91379558 | Y43: 0 | Z43: =+'9'!D34/1000 -> 2.2 | AA43: =SUM(U43:U46)-SUM(W43:W46)-SUM(Z43:Z46)-SUM(Y43:Y46) -> -0.96627728 | AB43: =(SUM(K43:K46)-SUM(W43:W46)-SUM(Y43:Y46)-SUM(Z43:Z46)-SUM(AC43:AC46)-SUM(V43:V46))-AA43 -> -3.5527137e-15 | AC43: =K43-T43 -> 0.6717312 | AD43: =+AM43+BA43 -> 0 | AE43: - Sheet Breaks (0x) | AF43: 0 | AM43: =SUM(AF43:AL43)+AT43+AV43+AX43 -> 0 | AR43: =SUM(AN43:AQ43) -> 0 | BA43: =+AR43+AS43+AU43+AW43+AY43+AZ43 -> 0 | BB43: 0
AD44: =+AM44+BA44 -> 3 | AE44: - Change Blade (2x) | AG44: 3 | AM44: =SUM(AF44:AL44)+AT44+AV44+AX44 -> 3 | AR44: =SUM(AN44:AQ44) -> 0 | BA44: =+AR44+AS44+AU44+AW44+AY44+AZ44 -> 0 | BC44: 2
AD45: =+AM45+BA45 -> 9 | AE45: - Change Spool (21x) | AH45: 9 | AM45: =SUM(AF45:AL45)+AT45+AV45+AX45 -> 9 | AR45: =SUM(AN45:AQ45) -> 0 | BA45: =+AR45+AS45+AU45+AW45+AY45+AZ45 -> 0
AD46: =+AM46+BA46 -> 62 | AE46: - Reject : 2.280 kg/ 12.7% (Keriput, dan thickness rendah steam drop 02.30) | AM46: =SUM(AF46:AL46)+AT46+AV46+AX46 -> 62 | AR46: =SUM(AN46:AQ46) -> 0 | AV46: 62 | BA46: =+AR46+AS46+AU46+AW46+AY46+AZ46 -> 0 | BD46: 1
A48: 46122 | B48: Towel | C48: =(M48*E48*O48*Q48)/100000000 -> 53.066765 | D48: VP OW | E48: 17 | F48: 1 | G48: 980 | H48: 0.2 | I48: 0.88 | J48: =E48*G48*(1-H48)*1440/1000000*2.87 -> 55.081958 | K48: =(IF(G48<L48,L48,G48)*(1-IF(H48<N48,H48,N48))*E48*O48*Q48)/100000000 -> 53.738496 | L48: 980 | M48: 774.2 | N48: =1-(M48/L48) -> 0.21 | O48: =+'Trim Rwd'!H32 -> 280 | P48: =O48*(Q48-R48-S48) -> 397880 | Q48: 1440 | R48: 0 | S48: 19 | T48: =E48*M48*O48*Q48/100000000 -> 53.066765 | U48: =E48*M48*O48*(Q48-R48-S48)/100000000 -> 52.366578 | V48: =E48*G48*(1-N48)*O48/100*(R48+S48)/1000000 -> 0.70018648 | W48: =+'10'!K34/1000 -> 56.877 | X48: =SUM(W48:W51)/SUM(K48:K51) -> 1.0584033 | Y48: 0 | Z48: 0 | AA48: =SUM(U48:U51)-SUM(W48:W51)-SUM(Z48:Z51)-SUM(Y48:Y51) -> -4.5104217 | AB48: =(SUM(K48:K51)-SUM(W48:W51)-SUM(Y48:Y51)-SUM(Z48:Z51)-SUM(AC48:AC51)-SUM(V48:V51))-AA48 -> 0 | AC48: =K48-T48 -> 0.6717312 | AD48: =+AM48+BA48 -> 0 | AE48: - Sheet Breaks (0x) | AF48: 0 | AM48: =SUM(AF48:AL48)+AT48+AV48+AX48 -> 0 | AR48: =SUM(AN48:AQ48) -> 0 | BA48: =+AR48+AS48+AU48+AW48+AY48+AZ48 -> 0 | BB48: 0
AD49: =+AM49+BA49 -> 0 | AE49: - Change Blade (0x) | AG49: 0 | AM49: =SUM(AF49:AL49)+AT49+AV49+AX49 -> 0 | AR49: =SUM(AN49:AQ49) -> 0 | BA49: =+AR49+AS49+AU49+AW49+AY49+AZ49 -> 0 | BC49: 0
AD50: =+AM50+BA50 -> 19 | AE50: - Change Spool (24x) | AH50: 19 | AM50: =SUM(AF50:AL50)+AT50+AV50+AX50 -> 19 | AR50: =SUM(AN50:AQ50) -> 0 | BA50: =+AR50+AS50+AU50+AW50+AY50+AZ50 -> 0
A52: 46123 | B52: Towel | C52: =(M52*E52*O52*Q52)/100000000 -> 35.239232 | D52: VP OW | E52: 17 | F52: 1 | G52: 980 | H52: 0.2 | I52: 0.88 | J52: =E52*G52*(1-H52)*1440/1000000*2.87 -> 55.081958 | K52: =(IF(G52<L52,L52,G52)*(1-IF(H52<N52,H52,N52))*E52*O52*Q52)/100000000 -> 35.239232 | L52: 989.73262 | M52: 791.7861 | N52: =1-(M52/L52) -> 0.2 | O52: =+'Trim Rwd'!H34 -> 280 | P52: =O52*(Q52-R52-S52) -> 256200 | Q52: 935 | R52: 0 | S52: 20 | T52: =E52*M52*O52*Q52/100000000 -> 35.239232 | U52: =E52*M52*O52*(Q52-R52-S52)/100000000 -> 34.485452 | V52: =E52*G52*(1-N52)*O52/100*(R52+S52)/1000000 -> 0.746368 | W52: =+'11'!K12/1000 -> 37.24 | X52: =SUM(W52:W55)/SUM(K52:K55) -> 0.81268287 | Y52: 0 | Z52: 0 | AA52: =SUM(U52:U55)-SUM(W52:W55)-SUM(Z52:Z55)-SUM(Y52:Y55) -> 8.0599073 | AB52: =(SUM(K52:K55)-SUM(W52:W55)-SUM(Y52:Y55)-SUM(Z52:Z55)-SUM(AC52:AC55)-SUM(V52:V55))-AA52 -> 0.0074123636 | AC52: =K52-T52 -> 0 | AD52: =+AM52+BA52 -> 0 | AE52: - Sheet Breaks (0x) | AF52: 0 | AM52: =SUM(AF52:AL52)+AT52+AV52+AX52 -> 0 | AR52: =SUM(AN52:AQ52) -> 0 | BA52: =+AR52+AS52+AU52+AW52+AY52+AZ52 -> 0 | BB52: 0
B53: Napkin | C53: =(M53*E53*O53*Q53)/100000000 -> 18.600958 | D53: VP OW | E53: 15.5 | F53: 1 | G53: 1050 | H53: =+N53 -> 0.18 | I53: 0.88 | J53: =E53*G53*(1-H53)*1440/1000000*2.87 -> 55.154282 | K53: =(IF(G53<L53,L53,G53)*(1-IF(H53<N53,H53,N53))*E53*O53*Q53)/100000000 -> 18.600958 | L53: 1050 | M53: 861 | N53: =1-(M53/L53) -> 0.18 | O53: =+'Trim Rwd'!H35 -> 276 | P53: =O53*(Q53-R53-S53) -> 136896 | Q53: 505 | R53: 0 | S53: 9 | T53: =E53*M53*O53*Q53/100000000 -> 18.600958 | U53: =E53*M53*O53*(Q53-R53-S53)/100000000 -> 18.269456 | V53: =E53*G53*(1-N53)*O53/100*(R53+S53)/1000000 -> 0.33150222 | W53: =+'11'!K13/1000 -> 6.515 | Z53: =+'11'!D26/1000 -> 0.94 | AC53: =K53-T53 -> 0 | AD53: =+AM53+BA53 -> 1 | AE53: - Change Blade (1x) | AG53: 1 | AM53: =SUM(AF53:AL53)+AT53+AV53+AX53 -> 1 | AR53: =SUM(AN53:AQ53) -> 0 | BA53: =+AR53+AS53+AU53+AW53+AY53+AZ53 -> 0 | BC53: 0
AD54: =+AM54+BA54 -> 28 | AE54: - Change Spool (22x) | AH54: 28 | AM54: =SUM(AF54:AL54)+AT54+AV54+AX54 -> 28 | AR54: =SUM(AN54:AQ54) -> 0 | BA54: =+AR54+AS54+AU54+AW54+AY54+AZ54 -> 0
A56: 46124 | B56: Napkin | C56: =(M56*E56*O56*Q56)/100000000 -> 25.22651 | D56: VP OW | E56: 15.5 | F56: 1 | G56: 1050 | H56: =+N56 -> 0.22 | I56: 0.88 | J56: =E56*G56*(1-H56)*1440/1000000*2.87 -> 52.46383 | K56: =(IF(G56<L56,L56,G56)*(1-IF(H56<N56,H56,N56))*E56*O56*Q56)/100000000 -> 25.22651 | L56: 1050 | M56: =+L56-L56*0.22 -> 819 | N56: =1-(M56/L56) -> 0.22 | O56: =+'Trim Rwd'!H37 -> 276 | P56: =O56*(Q56-R56-S56) -> 186576 | Q56: 720 | R56: 15 | S56: 29 | T56: =E56*M56*O56*Q56/100000000 -> 25.22651 | U56: =E56*M56*O56*(Q56-R56-S56)/100000000 -> 23.68489 | V56: =E56*G56*(1-N56)*O56/100*(R56+S56)/1000000 -> 1.5416201 | W56: =+'12'!K13/1000 -> 34.006 | X56: =SUM(W56:W59)/SUM(K56:K59) -> 0.99683971 | Y56: 0 | Z56: 0 | AA56: =SUM(U56:U59)-SUM(W56:W59)-SUM(Z56:Z59)-SUM(Y56:Y59) -> -3.0757423 | AB56: =(SUM(K56:K59)-SUM(W56:W59)-SUM(Y56:Y59)-SUM(Z56:Z59)-SUM(AC56:AC59)-SUM(V56:V59))-AA56 -> -3.5527137e-15 | AC56: =K56-T56 -> 0 | AD56: =+AM56+BA56 -> 35 | AE56: - Sheet Breaks (7x) | AF56: 35 | AM56: =SUM(AF56:AL56)+AT56+AV56+AX56 -> 35 | AR56: =SUM(AN56:AQ56) -> 0 | BA56: =+AR56+AS56+AU56+AW56+AY56+AZ56 -> 0 | BB56: 0
B57: Napkin | C57: =(M57*E57*O57*Q57)/100000000 -> 24.22477 | D57: VP OW | E57: 11 | F57: 1 | G57: 1370 | H57: =+N57 -> 0.2 | I57: 0.88 | J57: =E57*G57*(1-H57)*1440/1000000*2.87 -> 49.825037 | K57: =(IF(G57<L57,L57,G57)*(1-IF(H57<N57,H57,N57))*E57*O57*Q57)/100000000 -> 24.22477 | L57: 1370 | M57: =+L57-L57*0.2 -> 1096 | N57: =1-(M57/L57) -> 0.2 | O57: =+'Trim Rwd'!H38 -> 279.07692 | P57: =O57*(Q57-R57-S57) -> 188656 | Q57: 720 | R57: 0 | S57: =35+9 -> 44 | T57: =E57*M57*O57*Q57/100000000 -> 24.22477 | U57: =E57*M57*O57*(Q57-R57-S57)/100000000 -> 22.744367 | V57: =E57*G57*(1-N57)*O57/100*(R57+S57)/1000000 -> 1.4804026 | W57: =+'12'!K14/1000 -> 15.289 | Z57: =+'12'!D26/1000 -> 0.21 | AD57: =+AM57+BA57 -> 0 | AE57: - Change Blade (0x) | AG57: 0 | AM57: =SUM(AF57:AL57)+AT57+AV57+AX57 -> 0 | AR57: =SUM(AN57:AQ57) -> 0 | BA57: =+AR57+AS57+AU57+AW57+AY57+AZ57 -> 0 | BC57: 0
AD58: =+AM58+BA58 -> 29 | AE58: - Change Spool (22x) | AH58: 29 | AM58: =SUM(AF58:AL58)+AT58+AV58+AX58 -> 29 | AR58: =SUM(AN58:AQ58) -> 0 | BA58: =+AR58+AS58+AU58+AW58+AY58+AZ58 -> 0
AD59: =+AM59+BA59 -> 15 | AE59: - Flicker | AM59: =SUM(AF59:AL59)+AT59+AV59+AX59 -> 0 | AP59: 15 | AR59: =SUM(AN59:AQ59) -> 15 | BA59: =+AR59+AS59+AU59+AW59+AY59+AZ59 -> 15
AD60: =+AM60+BA60 -> 9 | AE60: - Reject : 300 kg/1.8 % (Reject EID, Sensor diameter rewinder error potongan bergelombang) | AK60: 9 | AM60: =SUM(AF60:AL60)+AT60+AV60+AX60 -> 9 | AR60: =SUM(AN60:AQ60) -> 0 | BA60: =+AR60+AS60+AU60+AW60+AY60+AZ60 -> 0
A62: 46125 | B62: Napkin | C62: =(M62*E62*O62*Q62)/100000000 -> 31.168516 | D62: VP OW | E62: 11 | F62: 1 | G62: 1370 | H62: =+N62 -> 0.2 | I62: 0.88 | J62: =E62*G62*(1-H62)*1440/1000000*2.87 -> 49.825037 | K62: =(IF(G62<L62,L62,G62)*(1-IF(H62<N62,H62,N62))*E62*O62*Q62)/100000000 -> 34.972045 | L62: 1221 | M62: 976.8 | N62: =1-(M62/L62) -> 0.2 | O62: =+'Trim Rwd'!H41 -> 280 | P62: =O62*(Q62-R62-S62) -> 246400 | Q62: =1440-404 -> 1036 | R62: =498-404 -> 94 | S62: 62 | T62: =E62*M62*O62*Q62/100000000 -> 31.168516 | U62: =E62*M62*O62*(Q62-R62-S62)/100000000 -> 26.475187 | V62: =E62*G62*(1-N62)*O62/100*(R62+S62)/1000000 -> 5.2660608 | W62: =+'13'!K34/1000 -> 18.167 | X62: =SUM(W62:W65)/SUM(K62:K65) -> 0.51947206 | Y62: 0 | Z62: =+'13'!D34/1000 -> 4.726 | AA62: =SUM(U62:U65)-SUM(W62:W65)-SUM(Z62:Z65)-SUM(Y62:Y65) -> 3.5821872 | AB62: =(SUM(K62:K65)-SUM(W62:W65)-SUM(Y62:Y65)-SUM(Z62:Z65)-SUM(AC62:AC65)-SUM(V62:V65))-AA62 -> -0.57273216 | AC62: =K62-T62 -> 3.803529 | AD62: =+AM62+BA62 -> 35 | AE62: - Sheet Breaks (7x) | AF62: 35 | AM62: =SUM(AF62:AL62)+AT62+AV62+AX62 -> 35 | AR62: =SUM(AN62:AQ62) -> 0 | BA62: =+AR62+AS62+AU62+AW62+AY62+AZ62 -> 0 | BB62: 7
AD63: =+AM63+BA63 -> 3 | AE63: - Change Blade (3x) | AG63: 3 | AM63: =SUM(AF63:AL63)+AT63+AV63+AX63 -> 3 | AR63: =SUM(AN63:AQ63) -> 0 | BA63: =+AR63+AS63+AU63+AW63+AY63+AZ63 -> 0 | BC63: 0
AD64: =+AM64+BA64 -> 24 | AE64: - Change Spool (16x) | AH64: 24 | AM64: =SUM(AF64:AL64)+AT64+AV64+AX64 -> 24 | AR64: =SUM(AN64:AQ64) -> 0 | BA64: =+AR64+AS64+AU64+AW64+AY64+AZ64 -> 0
AD65: =+AM65+BA65 -> 94 | AE65: - 10.00 PM Stop (PLN) | AM65: =SUM(AF65:AL65)+AT65+AV65+AX65 -> 0 | AR65: =SUM(AN65:AQ65) -> 0 | AY65: =498-404 -> 94 | BA65: =+AR65+AS65+AU65+AW65+AY65+AZ65 -> 94
A67: 46126 | B67: Napkin | C67: =(M67*E67*O67*Q67)/100000000 -> 0.502656 | D67: VP OW | E67: 11 | F67: 1 | G67: 1370 | H67: =+N67 -> 0.2 | I67: 0.88 | J67: =E67*G67*(1-H67)*1440/1000000*2.87 -> 49.825037 | K67: =(IF(G67<L67,L67,G67)*(1-IF(H67<N67,H67,N67))*E67*O67*Q67)/100000000 -> 0.506352 | L67: 1360 | M67: =+L67-L67*0.2 -> 1088 | N67: =1-(M67/L67) -> 0.2 | O67: =+'Trim Rwd'!H43 -> 280 | P67: =O67*(Q67-R67-S67) -> 4200 | Q67: 15 | R67: 0 | S67: 0 | T67: =E67*M67*O67*Q67/100000000 -> 0.502656 | U67: =E67*M67*O67*(Q67-R67-S67)/100000000 -> 0.502656 | V67: =E67*G67*(1-N67)*O67/100*(R67+S67)/1000000 -> 0 | W67: =+'14'!K14/1000 -> 8.519 | X67: =SUM(W67:W70)/SUM(K67:K70) -> 1.0080822 | Y67: 0 | Z67: =+'14'!D7/1000 -> 0.86 | AA67: =SUM(U67:U70)-SUM(W67:W70)-SUM(Z67:Z70)-SUM(Y67:Y70) -> -2.6533225 | AB67: =(SUM(K67:K70)-SUM(W67:W70)-SUM(Y67:Y70)-SUM(Z67:Z70)-SUM(AC67:AC70)-SUM(V67:V70))-AA67 -> 0.0170214 | AC67: =K67-T67 -> 0.003696 | AD67: =+AM67+BA67 -> 0 | AE67: - Sheet Breaks (0x) | AF67: 0 | AM67: =SUM(AF67:AL67)+AT67+AV67+AX67 -> 0 | AR67: =SUM(AN67:AQ67) -> 0 | BA67: =+AR67+AS67+AU67+AW67+AY67+AZ67 -> 0 | BB67: 0
B68: Toilet | C68: =(M68*E68*O68*Q68)/100000000 -> 8.7602445 | D68: VP OW | E68: 14 | F68: 1 | G68: 1270 | H68: =+N68 -> 0.25 | I68: 0.88 | J68: =E68*G68*(1-H68)*1440/1000000*2.87 -> 55.110888 | K68: =(IF(G68<L68,L68,G68)*(1-IF(H68<N68,H68,N68))*E68*O68*Q68)/100000000 -> 9.0451305 | L68: 1230 | M68: =+L68-L68*0.25 -> 922.5 | N68: =1-(M68/L68) -> 0.25 | O68: =+'Trim Rwd'!H44 -> 266 | P68: =O68*(Q68-R68-S68) -> 65170 | Q68: 255 | R68: 0 | S68: 10 | T68: =E68*M68*O68*Q68/100000000 -> 8.7602445 | U68: =E68*M68*O68*(Q68-R68-S68)/100000000 -> 8.4167055 | V68: =E68*G68*(1-N68)*O68/100*(R68+S68)/1000000 -> 0.354711 | W68: =+'14'!K15/1000 -> 8.404 | AC68: =K68-T68 -> 0.284886 | AD68: =+AM68+BA68 -> 0 | AE68: - Change Blade (0x) | AG68: 0 | AM68: =SUM(AF68:AL68)+AT68+AV68+AX68 -> 0 | AR68: =SUM(AN68:AQ68) -> 0 | BA68: =+AR68+AS68+AU68+AW68+AY68+AZ68 -> 0 | BC68: 0
B69: Toilet | C69: =(M69*E69*O69*Q69)/100000000 -> 9.419328 | D69: VP OW | E69: 16 | F69: 1 | G69: 1110 | H69: =+N69 -> 0.25 | I69: 0.88 | J69: =E69*G69*(1-H69)*1440/1000000*2.87 -> 55.048896 | K69: =(IF(G69<L69,L69,G69)*(1-IF(H69<N69,H69,N69))*E69*O69*Q69)/100000000 -> 9.419328 | L69: 1185 | M69: 888.75 | N69: =1-(M69/L69) -> 0.25 | O69: =+'Trim Rwd'!H45 -> 276 | P69: =O69*(Q69-R69-S69) -> 63480 | Q69: 240 | R69: 0 | S69: 10 | T69: =E69*M69*O69*Q69/100000000 -> 9.419328 | U69: =E69*M69*O69*(Q69-R69-S69)/100000000 -> 9.026856 | V69: =E69*G69*(1-N69)*O69/100*(R69+S69)/1000000 -> 0.367632 | W69: =+'14'!K16/1000 -> 9.351 | AC69: =K69-T69 -> 0 | AD69: =+AM69+BA69 -> 29 | AE69: - Change Spool (25x) | AH69: 29 | AM69: =SUM(AF69:AL69)+AT69+AV69+AX69 -> 29 | AR69: =SUM(AN69:AQ69) -> 0 | BA69: =+AR69+AS69+AU69+AW69+AY69+AZ69 -> 0
B70: Toilet | C70: =(M70*E70*O70*Q70)/100000000 -> 34.6518 | D70: VP OW | E70: 18 | F70: 1 | G70: 990 | H70: =+N70 -> 0.25 | I70: 0.88 | J70: =E70*G70*(1-H70)*1440/1000000*2.87 -> 55.234872 | K70: =(IF(G70<L70,L70,G70)*(1-IF(H70<N70,H70,N70))*E70*O70*Q70)/100000000 -> 34.6518 | L70: 1000 | M70: =+L70-L70*0.25 -> 750 | N70: =1-(M70/L70) -> 0.25 | O70: =+'Trim Rwd'!H46 -> 276 | P70: =O70*(Q70-R70-S70) -> 254196 | Q70: 930 | R70: 0 | S70: 9 | T70: =E70*M70*O70*Q70/100000000 -> 34.6518 | U70: =E70*M70*O70*(Q70-R70-S70)/100000000 -> 34.31646 | V70: =E70*G70*(1-N70)*O70/100*(R70+S70)/1000000 -> 0.3319866 | W70: =+'14'!K17/1000 -> 27.782 | AC70: =K70-T70 -> 0
A72: 46127 | B72: Toilet | C72: =(M72*E72*O72*Q72)/100000000 -> 11.99772 | D72: VP OW | E72: 18 | F72: 1 | G72: 990 | H72: =+N72 -> 0.25 | I72: 0.88 | J72: =E72*G72*(1-H72)*1440/1000000*2.87 -> 55.234872 | K72: =(IF(G72<L72,L72,G72)*(1-IF(H72<N72,H72,N72))*E72*O72*Q72)/100000000 -> 11.99772 | L72: 1000 | M72: =+L72-L72*0.25 -> 750 | N72: =1-(M72/L72) -> 0.25 | O72: =+'Trim Rwd'!H48 -> 276 | P72: =O72*(Q72-R72-S72) -> 88320 | Q72: 322 | R72: 0 | S72: 2 | T72: =E72*M72*O72*Q72/100000000 -> 11.99772 | U72: =E72*M72*O72*(Q72-R72-S72)/100000000 -> 11.9232 | V72: =E72*G72*(1-N72)*O72/100*(R72+S72)/1000000 -> 0.0737748 | W72: =+'15'!K17/1000 -> 16.524 | X72: =SUM(W72:W75)/SUM(K72:K75) -> 0.90977082 | Y72: 0 | Z72: 0 | AA72: =SUM(U72:U75)-SUM(W72:W75)-SUM(Z72:Z75)-SUM(Y72:Y75) -> 3.856144 | AB72: =(SUM(K72:K75)-SUM(W72:W75)-SUM(Y72:Y75)-SUM(Z72:Z75)-SUM(AC72:AC75)-SUM(V72:V75))-AA72 -> 0.0656604 | AC72: =K72-T72 -> 0 | AD72: =+AM72+BA72 -> 0 | AE72: - Sheet Breaks (0x) | AF72: 0 | AM72: =SUM(AF72:AL72)+AT72+AV72+AX72 -> 0 | AR72: =SUM(AN72:AQ72) -> 0 | BA72: =+AR72+AS72+AU72+AW72+AY72+AZ72 -> 0 | BB72: 0
B73: Toilet | C73: =(M73*E73*O73*Q73)/100000000 -> 43.693229 | D73: VP OW | E73: 16 | F73: 1 | G73: 1110 | H73: =+N73 -> 0.25 | I73: 0.88 | J73: =E73*G73*(1-H73)*1440/1000000*2.87 -> 55.048896 | K73: =(IF(G73<L73,L73,G73)*(1-IF(H73<N73,H73,N73))*E73*O73*Q73)/100000000 -> 43.693229 | L73: 1180 | M73: =+L73-L73*0.25 -> 885 | N73: =1-(M73/L73) -> 0.25 | O73: =+'Trim Rwd'!H49 -> 276 | P73: =O73*(Q73-R73-S73) -> 300840 | Q73: 1118 | R73: 0 | S73: 28 | T73: =E73*M73*O73*Q73/100000000 -> 43.693229 | U73: =E73*M73*O73*(Q73-R73-S73)/100000000 -> 42.598944 | V73: =E73*G73*(1-N73)*O73/100*(R73+S73)/1000000 -> 1.0293696 | W73: =+'15'!K16/1000 -> 34.142 | AC73: =K73-T73 -> 0 | AD73: =+AM73+BA73 -> 2 | AE73: - Change Blade (1x) | AG73: 2 | AM73: =SUM(AF73:AL73)+AT73+AV73+AX73 -> 2 | AR73: =SUM(AN73:AQ73) -> 0 | BA73: =+AR73+AS73+AU73+AW73+AY73+AZ73 -> 0 | BC73: 1
AD74: =+AM74+BA74 -> 28 | AE74: - Change Spool (29x) | AH74: 28 | AM74: =SUM(AF74:AL74)+AT74+AV74+AX74 -> 28 | AR74: =SUM(AN74:AQ74) -> 0 | BA74: =+AR74+AS74+AU74+AW74+AY74+AZ74 -> 0
A76: 46128 | B76: Toilet | C76: =(M76*E76*O76*Q76)/100000000 -> 11.333664 | D76: VP OW | E76: 16 | F76: 1 | G76: 1110 | H76: =+N76 -> 0.25 | I76: 0.88 | J76: =E76*G76*(1-H76)*1440/1000000*2.87 -> 55.048896 | K76: =(IF(G76<L76,L76,G76)*(1-IF(H76<N76,H76,N76))*E76*O76*Q76)/100000000 -> 11.333664 | L76: 1180 | M76: =+L76-L76*0.25 -> 885 | N76: =1-(M76/L76) -> 0.25 | O76: =+'Trim Rwd'!H51 -> 276 | P76: =O76*(Q76-R76-S76) -> 79212 | Q76: 290 | R76: 0 | S76: 3 | T76: =E76*M76*O76*Q76/100000000 -> 11.333664 | U76: =E76*M76*O76*(Q76-R76-S76)/100000000 -> 11.216419 | V76: =E76*G76*(1-N76)*O76/100*(R76+S76)/1000000 -> 0.1102896 | W76: =+'16'!K16/1000 -> 18.673 | X76: =SUM(W76:W79)/SUM(K76:K79) -> 0.76458269 | Y76: 0 | Z76: 0 | AA76: =SUM(U76:U79)-SUM(W76:W79)-SUM(Z76:Z79)-SUM(Y76:Y79) -> 9.756163 | AB76: =(SUM(K76:K79)-SUM(W76:W79)-SUM(Y76:Y79)-SUM(Z76:Z79)-SUM(AC76:AC79)-SUM(V76:V79))-AA76 -> 0.0006489 | AC76: =K76-T76 -> 0 | AD76: =+AM76+BA76 -> 10 | AE76: - Sheet Breaks (2x) | AF76: 10 | AM76: =SUM(AF76:AL76)+AT76+AV76+AX76 -> 10 | AR76: =SUM(AN76:AQ76) -> 0 | BA76: =+AR76+AS76+AU76+AW76+AY76+AZ76 -> 0 | BB76: 2
B77: Toilet | C77: =(M77*E77*O77*Q77)/100000000 -> 9.98568 | D77: VP OW | E77: 15 | F77: 1 | G77: 1200 | H77: =+N77 -> 0.25 | I77: 0.88 | J77: =E77*G77*(1-H77)*1440/1000000*2.87 -> 55.7928 | K77: =(IF(G77<L77,L77,G77)*(1-IF(H77<N77,H77,N77))*E77*O77*Q77)/100000000 -> 9.98568 | L77: 1200 | M77: =+L77-L77*0.25 -> 900 | N77: =1-(M77/L77) -> 0.25 | O77: =+'Trim Rwd'!H52 -> 276 | P77: =O77*(Q77-R77-S77) -> 73140 | Q77: 268 | R77: 0 | S77: 3 | T77: =E77*M77*O77*Q77/100000000 -> 9.98568 | U77: =E77*M77*O77*(Q77-R77-S77)/100000000 -> 9.8739 | V77: =E77*G77*(1-N77)*O77/100*(R77+S77)/1000000 -> 0.11178 | W77: =+'16'!K18/1000 -> 9.983 | Z77: =+'16'!D17/1000 -> 0.57 | AC77: =K77-T77 -> 0 | AD77: =+AM77+BA77 -> 2 | AE77: - Change Blade (2x) | AG77: 2 | AM77: =SUM(AF77:AL77)+AT77+AV77+AX77 -> 2 | AR77: =SUM(AN77:AQ77) -> 0 | BA77: =+AR77+AS77+AU77+AW77+AY77+AZ77 -> 0 | BC77: 2
B78: Facial | C78: =(M78*E78*O78*Q78)/100000000 -> 31.101726 | D78: VP OW | E78: 13 | F78: 1 | G78: 1350 | H78: =+N78 -> 0.25 | I78: 0.88 | J78: =E78*G78*(1-H78)*1440/1000000*2.87 -> 54.39798 | K78: =(IF(G78<L78,L78,G78)*(1-IF(H78<N78,H78,N78))*E78*O78*Q78)/100000000 -> 31.287131 | L78: 1342 | M78: =+L78-L78*0.25 -> 1006.5 | N78: =1-(M78/L78) -> 0.25 | O78: =+'Trim Rwd'!H53 -> 269.5 | P78: =O78*(Q78-R78-S78) -> 229614 | Q78: 882 | R78: 0 | S78: 30 | T78: =E78*M78*O78*Q78/100000000 -> 31.101726 | U78: =E78*M78*O78*(Q78-R78-S78)/100000000 -> 30.043844 | V78: =E78*G78*(1-N78)*O78/100*(R78+S78)/1000000 -> 1.0641881 | W78: =+'16'!K9/1000 -> 11.566 | Z78: =+'16'!D25/1000 -> 0.586 | AC78: =K78-T78 -> 0.18540522 | AD78: =+AM78+BA78 -> 24 | AE78: - Change Spool (25x) | AH78: 24 | AM78: =SUM(AF78:AL78)+AT78+AV78+AX78 -> 24 | AR78: =SUM(AN78:AQ78) -> 0 | BA78: =+AR78+AS78+AU78+AW78+AY78+AZ78 -> 0
A80: 46129 | B80: Facial | C80: =(M80*E80*O80*Q80)/100000000 -> 51.246877 | D80: VP OW | E80: 13 | F80: 1 | G80: 1350 | H80: =+N80 -> 0.25 | I80: 0.88 | J80: =E80*G80*(1-H80)*1440/1000000*2.87 -> 54.39798 | K80: =(IF(G80<L80,L80,G80)*(1-IF(H80<N80,H80,N80))*E80*O80*Q80)/100000000 -> 51.246877 | L80: 1350 | M80: 1012.5 | N80: =1-(M80/L80) -> 0.25 | O80: =+'Trim Rwd'!H55 -> 270.375 | P80: =O80*(Q80-R80-S80) -> 377173.12 | Q80: 1440 | R80: 0 | S80: 45 | T80: =E80*M80*O80*Q80/100000000 -> 51.246877 | U80: =E80*M80*O80*(Q80-R80-S80)/100000000 -> 49.645413 | V80: =E80*G80*(1-N80)*O80/100*(R80+S80)/1000000 -> 1.6014649 | W80: =+'17'!K9/1000 -> 41.672 | X80: =SUM(W80:W83)/SUM(K80:K83) -> 0.81316174 | Y80: 0 | Z80: =+'17'!D34/1000 -> 3.296 | AA80: =SUM(U80:U83)-SUM(W80:W83)-SUM(Z80:Z83)-SUM(Y80:Y83) -> 4.6774126 | AB80: =(SUM(K80:K83)-SUM(W80:W83)-SUM(Y80:Y83)-SUM(Z80:Z83)-SUM(AC80:AC83)-SUM(V80:V83))-AA80 -> 0 | AC80: =K80-T80 -> 0 | AD80: =+AM80+BA80 -> 9 | AE80: - Sheet Breaks (3x) | AF80: 9 | AM80: =SUM(AF80:AL80)+AT80+AV80+AX80 -> 9 | AR80: =SUM(AN80:AQ80) -> 0 | BA80: =+AR80+AS80+AU80+AW80+AY80+AZ80 -> 0 | BB80: 3
AD81: =+AM81+BA81 -> 6 | AE81: - Change Blade (4x) | AG81: 6 | AM81: =SUM(AF81:AL81)+AT81+AV81+AX81 -> 6 | AR81: =SUM(AN81:AQ81) -> 0 | BA81: =+AR81+AS81+AU81+AW81+AY81+AZ81 -> 0 | BC81: 4
AD82: =+AM82+BA82 -> 30 | AE82: - Change Spool (22x) | AH82: 30 | AM82: =SUM(AF82:AL82)+AT82+AV82+AX82 -> 30 | AR82: =SUM(AN82:AQ82) -> 0 | BA82: =+AR82+AS82+AU82+AW82+AY82+AZ82 -> 0
A84: 46130 | B84: Facial | C84: =(M84*E84*O84*Q84)/100000000 -> 51.08103 | D84: VP OW | E84: 13 | F84: 1 | G84: 1350 | H84: =+N84 -> 0.25 | I84: 0.88 | J84: =E84*G84*(1-H84)*1440/1000000*2.87 -> 54.39798 | K84: =(IF(G84<L84,L84,G84)*(1-IF(H84<N84,H84,N84))*E84*O84*Q84)/100000000 -> 51.08103 | L84: 1350 | M84: 1012.5 | N84: =1-(M84/L84) -> 0.25 | O84: =+'Trim Rwd'!H58 -> 269.5 | P84: =O84*(Q84-R84-S84) -> 381881.5 | Q84: 1440 | R84: 0 | S84: 23 | T84: =E84*M84*O84*Q84/100000000 -> 51.08103 | U84: =E84*M84*O84*(Q84-R84-S84)/100000000 -> 50.265152 | V84: =E84*G84*(1-N84)*O84/100*(R84+S84)/1000000 -> 0.81587756 | W84: =+'18'!K34/1000 -> 51.388 | X84: =SUM(W84:W87)/SUM(K84:K87) -> 1.0060095 | Y84: 0 | Z84: =+'18'!D34/1000 -> 0.3 | AA84: =SUM(U84:U87)-SUM(W84:W87)-SUM(Z84:Z87)-SUM(Y84:Y87) -> -1.4228476 | AB84: =(SUM(K84:K87)-SUM(W84:W87)-SUM(Y84:Y87)-SUM(Z84:Z87)-SUM(AC84:AC87)-SUM(V84:V87))-AA84 -> 0 | AC84: =K84-T84 -> 0 | AD84: =+AM84+BA84 -> 0 | AE84: - Sheet Breaks (0x) | AF84: 0 | AM84: =SUM(AF84:AL84)+AT84+AV84+AX84 -> 0 | AR84: =SUM(AN84:AQ84) -> 0 | BA84: =+AR84+AS84+AU84+AW84+AY84+AZ84 -> 0 | BB84: 0
AD85: =+AM85+BA85 -> 2 | AE85: - Change Blade (1x) | AG85: 2 | AM85: =SUM(AF85:AL85)+AT85+AV85+AX85 -> 2 | AR85: =SUM(AN85:AQ85) -> 0 | BA85: =+AR85+AS85+AU85+AW85+AY85+AZ85 -> 0 | BC85: 1
AD86: =+AM86+BA86 -> 21 | AE86: - Change Spool (23x) | AH86: 21 | AM86: =SUM(AF86:AL86)+AT86+AV86+AX86 -> 21 | AR86: =SUM(AN86:AQ86) -> 0 | BA86: =+AR86+AS86+AU86+AW86+AY86+AZ86 -> 0
A88: 46131 | B88: Facial | C88: =(M88*E88*O88*Q88)/100000000 -> 51.791805 | D88: VP OW | E88: 13 | F88: 1 | G88: 1350 | H88: =+N88 -> 0.25 | I88: 0.88 | J88: =E88*G88*(1-H88)*1440/1000000*2.87 -> 54.39798 | K88: =(IF(G88<L88,L88,G88)*(1-IF(H88<N88,H88,N88))*E88*O88*Q88)/100000000 -> 51.791805 | L88: 1350 | M88: 1012.5 | N88: =1-(M88/L88) -> 0.25 | O88: =+'Trim Rwd'!H60 -> 273.25 | P88: =O88*(Q88-R88-S88) -> 387741.75 | Q88: 1440 | R88: 0 | S88: 21 | T88: =E88*M88*O88*Q88/100000000 -> 51.791805 | U88: =E88*M88*O88*(Q88-R88-S88)/100000000 -> 51.036508 | V88: =E88*G88*(1-N88)*O88/100*(R88+S88)/1000000 -> 0.75529716 | W88: =+'19'!K34/1000 -> 54.652 | X88: =SUM(W88:W91)/SUM(K88:K91) -> 1.0552249 | Y88: 0 | Z88: 0 | AA88: =SUM(U88:U91)-SUM(W88:W91)-SUM(Z88:Z91)-SUM(Y88:Y91) -> -3.6154922 | AB88: =(SUM(K88:K91)-SUM(W88:W91)-SUM(Y88:Y91)-SUM(Z88:Z91)-SUM(AC88:AC91)-SUM(V88:V91))-AA88 -> -5.3290705e-15 | AC88: =K88-T88 -> 0 | AD88: =+AM88+BA88 -> 0 | AE88: - Sheet Breaks (0x) | AF88: 0 | AM88: =SUM(AF88:AL88)+AT88+AV88+AX88 -> 0 | AR88: =SUM(AN88:AQ88) -> 0 | BA88: =+AR88+AS88+AU88+AW88+AY88+AZ88 -> 0 | BB88: 0
AD89: =+AM89+BA89 -> 1 | AE89: - Change Blade (1x) | AG89: 1 | AM89: =SUM(AF89:AL89)+AT89+AV89+AX89 -> 1 | AR89: =SUM(AN89:AQ89) -> 0 | BA89: =+AR89+AS89+AU89+AW89+AY89+AZ89 -> 0 | BC89: 1
AD90: =+AM90+BA90 -> 20 | AE90: - Change Spool (24x) | AH90: 20 | AM90: =SUM(AF90:AL90)+AT90+AV90+AX90 -> 20 | AR90: =SUM(AN90:AQ90) -> 0 | BA90: =+AR90+AS90+AU90+AW90+AY90+AZ90 -> 0
A92: 46132 | B92: Facial | C92: =(M92*E92*O92*Q92)/100000000 -> 51.08103 | D92: VP OW | E92: 13 | F92: 1 | G92: 1350 | H92: =+N92 -> 0.25 | I92: 0.88 | J92: =E92*G92*(1-H92)*1440/1000000*2.87 -> 54.39798 | K92: =(IF(G92<L92,L92,G92)*(1-IF(H92<N92,H92,N92))*E92*O92*Q92)/100000000 -> 51.08103 | L92: 1350 | M92: 1012.5 | N92: =1-(M92/L92) -> 0.25 | O92: =+'Trim Rwd'!H63 -> 269.5 | P92: =O92*(Q92-R92-S92) -> 381342.5 | Q92: 1440 | R92: 0 | S92: 25 | T92: =E92*M92*O92*Q92/100000000 -> 51.08103 | U92: =E92*M92*O92*(Q92-R92-S92)/100000000 -> 50.194207 | V92: =E92*G92*(1-N92)*O92/100*(R92+S92)/1000000 -> 0.88682344 | W92: =+'20'!K34/1000 -> 44.97 | X92: =SUM(W92:W95)/SUM(K92:K95) -> 0.88036596 | Y92: 0 | Z92: 0 | AA92: =SUM(U92:U95)-SUM(W92:W95)-SUM(Z92:Z95)-SUM(Y92:Y95) -> 5.2242066 | AB92: =(SUM(K92:K95)-SUM(W92:W95)-SUM(Y92:Y95)-SUM(Z92:Z95)-SUM(AC92:AC95)-SUM(V92:V95))-AA92 -> 0 | AC92: =K92-T92 -> 0 | AD92: =+AM92+BA92 -> 5 | AE92: - Sheet Breaks (1x) | AF92: 5 | AM92: =SUM(AF92:AL92)+AT92+AV92+AX92 -> 5 | AR92: =SUM(AN92:AQ92) -> 0 | BA92: =+AR92+AS92+AU92+AW92+AY92+AZ92 -> 0 | BB92: 1
AD93: =+AM93+BA93 -> 1 | AE93: - Change Blade (1x) | AG93: 1 | AM93: =SUM(AF93:AL93)+AT93+AV93+AX93 -> 1 | AR93: =SUM(AN93:AQ93) -> 0 | BA93: =+AR93+AS93+AU93+AW93+AY93+AZ93 -> 0 | BC93: 1
AD94: =+AM94+BA94 -> 19 | AE94: - Change Spool (26x) | AH94: 19 | AM94: =SUM(AF94:AL94)+AT94+AV94+AX94 -> 19 | AR94: =SUM(AN94:AQ94) -> 0 | BA94: =+AR94+AS94+AU94+AW94+AY94+AZ94 -> 0
A96: 46133 | B96: Facial | C96: =(M96*E96*O96*Q96)/100000000 -> 51.08103 | D96: VP OW | E96: 13 | F96: 1 | G96: 1350 | H96: =+N96 -> 0.25 | I96: 0.88 | J96: =E96*G96*(1-H96)*1440/1000000*2.87 -> 54.39798 | K96: =(IF(G96<L96,L96,G96)*(1-IF(H96<N96,H96,N96))*E96*O96*Q96)/100000000 -> 51.08103 | L96: 1350 | M96: 1012.5 | N96: =1-(M96/L96) -> 0.25 | O96: =+'Trim Rwd'!H65 -> 269.5 | P96: =O96*(Q96-R96-S96) -> 382690 | Q96: 1440 | R96: 0 | S96: 20 | T96: =E96*M96*O96*Q96/100000000 -> 51.08103 | U96: =E96*M96*O96*(Q96-R96-S96)/100000000 -> 50.371571 | V96: =E96*G96*(1-N96)*O96/100*(R96+S96)/1000000 -> 0.70945875 | W96: =+'21'!K34/1000 -> 51.796 | X96: =SUM(W96:W99)/SUM(K96:K99) -> 1.0139968 | Y96: 0 | Z96: =+'21'!D34/1000 -> 0.28 | AA96: =SUM(U96:U99)-SUM(W96:W99)-SUM(Z96:Z99)-SUM(Y96:Y99) -> -1.7044287 | AB96: =(SUM(K96:K99)-SUM(W96:W99)-SUM(Y96:Y99)-SUM(Z96:Z99)-SUM(AC96:AC99)-SUM(V96:V99))-AA96 -> -3.9968029e-15 | AC96: =K96-T96 -> 0 | AD96: =+AM96+BA96 -> 0 | AE96: - Sheet Breaks (0x) | AF96: 0 | AM96: =SUM(AF96:AL96)+AT96+AV96+AX96 -> 0 | AR96: =SUM(AN96:AQ96) -> 0 | BA96: =+AR96+AS96+AU96+AW96+AY96+AZ96 -> 0 | BB96: 0
AD97: =+AM97+BA97 -> 2 | AE97: - Change Blade (1x) | AG97: 2 | AM97: =SUM(AF97:AL97)+AT97+AV97+AX97 -> 2 | AR97: =SUM(AN97:AQ97) -> 0 | BA97: =+AR97+AS97+AU97+AW97+AY97+AZ97 -> 0 | BC97: 1
AD98: =+AM98+BA98 -> 18 | AE98: - Change Spool (27x) | AH98: 18 | AM98: =SUM(AF98:AL98)+AT98+AV98+AX98 -> 18 | AR98: =SUM(AN98:AQ98) -> 0 | BA98: =+AR98+AS98+AU98+AW98+AY98+AZ98 -> 0
A100: 46134 | B100: Facial | C100: =(M100*E100*O100*Q100)/100000000 -> 51.08103 | D100: VP OW | E100: 13 | F100: 1 | G100: 1350 | H100: =+N100 -> 0.25 | I100: 0.88 | J100: =E100*G100*(1-H100)*1440/1000000*2.87 -> 54.39798 | K100: =(IF(G100<L100,L100,G100)*(1-IF(H100<N100,H100,N100))*E100*O100*Q100)/100000000 -> 51.08103 | L100: 1350 | M100: 1012.5 | N100: =1-(M100/L100) -> 0.25 | O100: =+'Trim Rwd'!H67 -> 269.5 | P100: =O100*(Q100-R100-S100) -> 378647.5 | Q100: 1440 | R100: 0 | S100: 35 | T100: =E100*M100*O100*Q100/100000000 -> 51.08103 | U100: =E100*M100*O100*(Q100-R100-S100)/100000000 -> 49.839477 | V100: =E100*G100*(1-N100)*O100/100*(R100+S100)/1000000 -> 1.2415528 | W100: =+'22'!K34/1000 -> 48.822 | X100: =SUM(W100:W103)/SUM(K100:K103) -> 0.95577556 | Y100: 0 | Z100: =+'22'!D34/1000 -> 0.26 | AA100: =SUM(U100:U103)-SUM(W100:W103)-SUM(Z100:Z103)-SUM(Y100:Y103) -> 0.75747719 | AB100: =(SUM(K100:K103)-SUM(W100:W103)-SUM(Y100:Y103)-SUM(Z100:Z103)-SUM(AC100:AC103)-SUM(V100:V103))-AA100 -> -3.3306691e-15 | AC100: =K100-T100 -> 0 | AD100: =+AM100+BA100 -> 0 | AE100: - Sheet Breaks (0x) | AF100: 0 | AM100: =SUM(AF100:AL100)+AT100+AV100+AX100 -> 0 | AR100: =SUM(AN100:AQ100) -> 0 | BA100: =+AR100+AS100+AU100+AW100+AY100+AZ100 -> 0 | BB100: 0
AD101: =+AM101+BA101 -> 1 | AE101: - Change Blade (1x) | AG101: 1 | AM101: =SUM(AF101:AL101)+AT101+AV101+AX101 -> 1 | AR101: =SUM(AN101:AQ101) -> 0 | BA101: =+AR101+AS101+AU101+AW101+AY101+AZ101 -> 0 | BC101: 1
AD102: =+AM102+BA102 -> 26 | AE102: - Change Spool (27x) | AH102: 26 | AM102: =SUM(AF102:AL102)+AT102+AV102+AX102 -> 26 | AR102: =SUM(AN102:AQ102) -> 0 | BA102: =+AR102+AS102+AU102+AW102+AY102+AZ102 -> 0
AD103: =+AM103+BA103 -> 8 | AE103: - Reject Rw : 285 kg/ 1.7 % (MED/chuck tidak bisa putar) | AJ103: 8 | AM103: =SUM(AF103:AL103)+AT103+AV103+AX103 -> 8 | AR103: =SUM(AN103:AQ103) -> 0 | BA103: =+AR103+AS103+AU103+AW103+AY103+AZ103 -> 0
A105: 46135 | B105: Facial | C105: =(M105*E105*O105*Q105)/100000000 -> 51.08103 | D105: VP OW | E105: 13 | F105: 1 | G105: 1350 | H105: =+N105 -> 0.25 | I105: 0.88 | J105: =E105*G105*(1-H105)*1440/1000000*2.87 -> 54.39798 | K105: =(IF(G105<L105,L105,G105)*(1-IF(H105<N105,H105,N105))*E105*O105*Q105)/100000000 -> 51.08103 | L105: 1350 | M105: 1012.5 | N105: =1-(M105/L105) -> 0.25 | O105: =+'Trim Rwd'!H69 -> 269.5 | P105: =O105*(Q105-R105-S105) -> 382690 | Q105: 1440 | R105: 0 | S105: 20 | T105: =E105*M105*O105*Q105/100000000 -> 51.08103 | U105: =E105*M105*O105*(Q105-R105-S105)/100000000 -> 50.371571 | V105: =E105*G105*(1-N105)*O105/100*(R105+S105)/1000000 -> 0.70945875 | W105: =+'23'!K34/1000 -> 47.997 | X105: =SUM(W105:W108)/SUM(K105:K108) -> 0.93962475 | Y105: 0 | Z105: =+'23'!D34/1000 -> 0.28 | AA105: =SUM(U105:U108)-SUM(W105:W108)-SUM(Z105:Z108)-SUM(Y105:Y108) -> 2.0945713 | AB105: =(SUM(K105:K108)-SUM(W105:W108)-SUM(Y105:Y108)-SUM(Z105:Z108)-SUM(AC105:AC108)-SUM(V105:V108))-AA105 -> -3.9968029e-15 | AC105: =K105-T105 -> 0 | AD105: =+AM105+BA105 -> 0 | AE105: - Sheet Breaks (0x) | AF105: 0 | AM105: =SUM(AF105:AL105)+AT105+AV105+AX105 -> 0 | AR105: =SUM(AN105:AQ105) -> 0 | BA105: =+AR105+AS105+AU105+AW105+AY105+AZ105 -> 0 | BB105: 0
AD106: =+AM106+BA106 -> 0 | AE106: - Change Blade (0x) | AG106: 0 | AM106: =SUM(AF106:AL106)+AT106+AV106+AX106 -> 0 | AR106: =SUM(AN106:AQ106) -> 0 | BA106: =+AR106+AS106+AU106+AW106+AY106+AZ106 -> 0 | BC106: 0
AD107: =+AM107+BA107 -> 20 | AE107: - Change Spool (24x) | AH107: 20 | AM107: =SUM(AF107:AL107)+AT107+AV107+AX107 -> 20 | AR107: =SUM(AN107:AQ107) -> 0 | BA107: =+AR107+AS107+AU107+AW107+AY107+AZ107 -> 0
