Workbook

Sheet Report1
A3: PAPER MACHINE 16 DAILY REPORT 1
A6: Date | B6: Grade | C6: GSM | D6: Speed yankee (mpm) | E6: Speed reel (mpm) | F6: Creep ( % ) | G6: Real Eff PM ( % ) | H6: Real Eff PM vs Target (%) | I6: Real Eff FG vs Real Eff PM (%) | J6: Eff FG vs Target (%) | L6: Kapasitas Target (ton) | N6: Kapasitas Teori Real (ton) | P6: PM PROD Timbangan (TON) | R6: FINSHED GOODS (TON) | T6: GAS HOOD | Z6: STEAM (TON) | AF6: POWER (kWh) | AL6: Kapasitas Running (ton) | AN6: Eff FG vs Target Running(%)
T7: CONSUMPTION | V7: /TON PM. | X7: /TON FG. | Z7: CONSUMPTION | AB7: /TON PM. | AD7: /TON FG. | AF7: CONSUMPTION | AH7: /TON PM | AJ7: /TON FG
J8: TODAY | K8: TODATE | L8: TODAY | M8: TODATE | N8: TODAY | O8: TODATE | P8: TODAY | Q8: TODATE | R8: TODAY | S8: TODATE | T8: TODAY | U8: TODATE | V8: TODAY | W8: TODATE | X8: TODAY | Y8: TODATE | Z8: TODAY | AA8: TODATE | AB8: TODAY | AC8: TODATE | AD8: TODAY | AE8: TODATE | AF8: TODAY | AG8: TODATE | AH8: TODAY | AI8: TODATE | AJ8: TODAY | AK8: TODATE | AL8: TODAY | AM8: TODATE | AN8: TODAY | AO8: TODATE
A9: 45992 | B9: Facial/Toilet | C9: 15/12,5/14 | D9: =+'1'!F42 -> 1305.2083 | E9: =+'1'!G42 -> 991.95833 | F9: =1-(E9/D9) -> 0.24 | G9: =+P9/N9 -> 1.0075891 | H9: =+P9/L9 -> 1.0075891 | I9: =+R9/P9 -> 1.0125728 | J9: =+R9/L9 -> 1.0202573 | K9: =+S9/M9 -> 1.0202573 | L9: =+SUM(Efficiency1!K6:K8) -> 53.677633 | M9: =L9 -> 53.677633 | N9: =+SUM(Efficiency1!C6:C8) -> 53.677633 | O9: =N9 -> 53.677633 | P9: ='1'!I38 -> 54.085 | Q9: =P9 -> 54.085 | R9: ='1'!I40 -> 54.765 | S9: =R9 -> 54.765 | T9: 0 | U9: =T9 -> 0 | V9: =T9/P9 -> 0 | W9: =U9/Q9 -> 0 | X9: =IF(AND(R9>0,T9>0),(T9/(R9*1000))*1000,0) -> 0 | Y9: =IF(AND(S9>0,U9>0),U9/S9,0) -> 0 | Z9: 126.4 | AA9: =Z9 -> 126.4 | AB9: =Z9/(P9) -> 2.337062 | AC9: =AA9/(Q9) -> 2.337062 | AD9: =IF(AND(R9>0,Z9>0),Z9/(R9),0) -> 2.3080435 | AE9: =IF(AND(S9>0,AA9>0),AA9/(S9),0) -> 2.3080435 | AF9: ='1'!I46 -> 33191.36 | AG9: =AF9 -> 33191.36 | AH9: =IF(AND(L9>0,AF9>0),(AF9/(P9*1000)*1000),0) -> 613.68882 | AI9: =IF(AND(M9>0,AG9>0),(AG9/(Q9*1000)*1000),0) -> 613.68882 | AJ9: =IF(AND(R9>0,AF9>0),(AF9/(R9*1000)*1000),0) -> 606.06884 | AK9: =IF(AND(S9>0,AG9>0),(AG9/(S9*1000)*1000),0) -> 606.06884 | AL9: =+SUM(Efficiency2!K6:K8) -> 53.677633 | AM9: =AL9 -> 53.677633 | AN9: =+R9/AL9 -> 1.0202573 | AO9: =+S9/AM9 -> 1.0202573
A10: =A9+1 -> 45993 | B10: Toilet | C10: 14 | D10: =+'2'!F42 -> 1300 | E10: =+'2'!G42 -> 988 | F10: =1-(E10/D10) -> 0.24 | G10: =+P10/N10 -> 0.99169064 | H10: =+P10/L10 -> 0.99169064 | I10: =+R10/P10 -> 0.98844157 | J10: =+R10/L10 -> 0.98022825 | K10: =+S10/M10 -> 1.0001501 | L10: =+Efficiency1!K11 -> 54.177178 | M10: =M9+L10 -> 107.85481 | N10: =+Efficiency1!C11 -> 54.177178 | O10: =O9+N10 -> 107.85481 | P10: ='2'!I38 -> 53.727 | Q10: =Q9+P10 -> 107.812 | R10: ='2'!I40 -> 53.106 | S10: =S9+R10 -> 107.871 | U10: =T10+U9 -> 0 | V10: =T10/P10 -> 0 | W10: =U10/Q10 -> 0 | X10: =IF(AND(R10>0,T10>0),(T10/(R10*1000))*1000,0) -> 0 | Y10: =IF(AND(S10>0,U10>0),U10/S10,0) -> 0 | Z10: 128.5 | AA10: =Z10+AA9 -> 254.9 | AB10: =Z10/(P10) -> 2.3917211 | AC10: =AA10/(Q10) -> 2.3643008 | AD10: =IF(AND(R10>0,Z10>0),Z10/(R10),0) -> 2.4196889 | AE10: =IF(AND(S10>0,AA10>0),AA10/(S10),0) -> 2.3630077 | AF10: ='2'!I46 -> 32671.9 | AG10: =AF10+AG9 -> 65863.26 | AH10: =IF(AND(L10>0,AF10>0),(AF10/(P10*1000)*1000),0) -> 608.10952 | AI10: =IF(AND(M10>0,AG10>0),(AG10/(Q10*1000)*1000),0) -> 610.90843 | AJ10: =IF(AND(R10>0,AF10>0),(AF10/(R10*1000)*1000),0) -> 615.2205 | AK10: =IF(AND(S10>0,AG10>0),(AG10/(S10*1000)*1000),0) -> 610.5743 | AL10: =+Efficiency2!K11 -> 54.177178 | AM10: =AM9+AL10 -> 107.85481 | AN10: =+R10/AL10 -> 0.98022825 | AO10: =+S10/AM10 -> 1.0001501
A11: =A10+1 -> 45994 | B11: Toilet | C11: 14 | D11: =+'3'!F42 -> 1300 | E11: =+'3'!G42 -> 988 | F11: =1-(E11/D11) -> 0.24 | G11: =+P11/N11 -> 1.0149661 | H11: =+P11/L11 -> 1.0149661 | I11: =+R11/P11 -> 1.0383356 | J11: =+R11/L11 -> 1.0538755 | K11: =+S11/M11 -> 1.0181138 | L11: =+Efficiency1!K16 -> 54.177178 | M11: =M10+L11 -> 162.03199 | N11: =+Efficiency1!C16 -> 54.177178 | O11: =O10+N11 -> 162.03199 | P11: ='3'!I38 -> 54.988 | Q11: =Q10+P11 -> 162.8 | R11: ='3'!I40 -> 57.096 | S11: =S10+R11 -> 164.967 | U11: =T11+U10 -> 0 | V11: =T11/P11 -> 0 | W11: =U11/Q11 -> 0 | X11: =IF(AND(R11>0,T11>0),(T11/(R11*1000))*1000,0) -> 0 | Y11: =IF(AND(S11>0,U11>0),U11/S11,0) -> 0 | Z11: 128.6 | AA11: =Z11+AA10 -> 383.5 | AB11: =Z11/(P11) -> 2.3386921 | AC11: =AA11/(Q11) -> 2.3556511 | AD11: =IF(AND(R11>0,Z11>0),Z11/(R11),0) -> 2.2523469 | AE11: =IF(AND(S11>0,AA11>0),AA11/(S11),0) -> 2.3247074 | AF11: ='3'!I46 -> 34318.84 | AG11: =AF11+AG10 -> 100182.1 | AH11: =IF(AND(L11>0,AF11>0),(AF11/(P11*1000)*1000),0) -> 624.11508 | AI11: =IF(AND(M11>0,AG11>0),(AG11/(Q11*1000)*1000),0) -> 615.36916 | AJ11: =IF(AND(R11>0,AF11>0),(AF11/(R11*1000)*1000),0) -> 601.07258 | AK11: =IF(AND(S11>0,AG11>0),(AG11/(S11*1000)*1000),0) -> 607.2857 | AL11: =+Efficiency2!K16 -> 54.177178 | AM11: =AM10+AL11 -> 162.03199 | AN11: =+R11/AL11 -> 1.0538755 | AO11: =+S11/AM11 -> 1.0181138
A12: =A11+1 -> 45995 | B12: Toilet | C12: 14 | D12: =+'4'!F42 -> 1300 | E12: =+'4'!G42 -> 988 | F12: =1-(E12/D12) -> 0.24 | G12: =+P12/N12 -> 0.90248334 | H12: =+P12/L12 -> 0.90248334 | I12: =+R12/P12 -> 0.83961222 | J12: =+R12/L12 -> 0.75773604 | K12: =+S12/M12 -> 0.95286894 | L12: =+Efficiency1!K20 -> 54.177178 | M12: =M11+L12 -> 216.20917 | N12: =+Efficiency1!C20 -> 54.177178 | O12: =O11+N12 -> 216.20917 | P12: ='4'!I38 -> 48.894 | Q12: =Q11+P12 -> 211.694 | R12: ='4'!I40 -> 41.052 | S12: =S11+R12 -> 206.019 | U12: =T12+U11 -> 0 | V12: =T12/P12 -> 0 | W12: =U12/Q12 -> 0 | X12: =IF(AND(R12>0,T12>0),(T12/(R12*1000))*1000,0) -> 0 | Y12: =IF(AND(S12>0,U12>0),U12/S12,0) -> 0 | Z12: 120.8 | AA12: =Z12+AA11 -> 504.3 | AB12: =Z12/(P12) -> 2.4706508 | AC12: =AA12/(Q12) -> 2.3822121 | AD12: =IF(AND(R12>0,Z12>0),Z12/(R12),0) -> 2.9426094 | AE12: =IF(AND(S12>0,AA12>0),AA12/(S12),0) -> 2.4478325 | AF12: ='4'!I46 -> 29201.52 | AG12: =AF12+AG11 -> 129383.62 | AH12: =IF(AND(L12>0,AF12>0),(AF12/(P12*1000)*1000),0) -> 597.24138 | AI12: =IF(AND(M12>0,AG12>0),(AG12/(Q12*1000)*1000),0) -> 611.18227 | AJ12: =IF(AND(R12>0,AF12>0),(AF12/(R12*1000)*1000),0) -> 711.33002 | AK12: =IF(AND(S12>0,AG12>0),(AG12/(S12*1000)*1000),0) -> 628.0179 | AL12: =+Efficiency2!K20 -> 54.177178 | AM12: =AM11+AL12 -> 216.20917 | AN12: =+R12/AL12 -> 0.75773604 | AO12: =+S12/AM12 -> 0.95286894
A13: =A12+1 -> 45996 | B13: Toilet | C13: 14/18/12,5 | D13: =+'5'!F42 -> 1214.5833 | E13: =+'5'!G42 -> 923.08333 | F13: =1-(E13/D13) -> 0.24 | G13: =+P13/N13 -> 0.98564952 | H13: =+P13/L13 -> 0.98564952 | I13: =+R13/P13 -> 0.96639294 | J13: =+R13/L13 -> 0.95252474 | K13: =+S13/M13 -> 0.95279941 | L13: =+SUM(Efficiency1!K25:K27) -> 54.732437 | M13: =M12+L13 -> 270.9416 | N13: =+SUM(Efficiency1!C25:C27) -> 54.732437 | O13: =O12+N13 -> 270.9416 | P13: ='5'!I38 -> 53.947 | Q13: =Q12+P13 -> 265.641 | R13: ='5'!I40 -> 52.134 | S13: =S12+R13 -> 258.153 | U13: =T13+U12 -> 0 | V13: =T13/P13 -> 0 | W13: =U13/Q13 -> 0 | X13: =IF(AND(R13>0,T13>0),(T13/(R13*1000))*1000,0) -> 0 | Y13: =IF(AND(S13>0,U13>0),U13/S13,0) -> 0 | Z13: 130.3 | AA13: =Z13+AA12 -> 634.6 | AB13: =Z13/(P13) -> 2.4153336 | AC13: =AA13/(Q13) -> 2.3889385 | AD13: =IF(AND(R13>0,Z13>0),Z13/(R13),0) -> 2.4993287 | AE13: =IF(AND(S13>0,AA13>0),AA13/(S13),0) -> 2.4582321 | AF13: ='5'!I46 -> 36373.82 | AG13: =AF13+AG12 -> 165757.44 | AH13: =IF(AND(L13>0,AF13>0),(AF13/(P13*1000)*1000),0) -> 674.25102 | AI13: =IF(AND(M13>0,AG13>0),(AG13/(Q13*1000)*1000),0) -> 623.99042 | AJ13: =IF(AND(R13>0,AF13>0),(AF13/(R13*1000)*1000),0) -> 697.69862 | AK13: =IF(AND(S13>0,AG13>0),(AG13/(S13*1000)*1000),0) -> 642.08992 | AL13: =+SUM(Efficiency2!K25:K27) -> 54.732437 | AM13: =AM12+AL13 -> 270.9416 | AN13: =+R13/AL13 -> 0.95252474 | AO13: =+S13/AM13 -> 0.95279941
A14: =A13+1 -> 45997 | B14: Toilet/Facial | C14: 12,5/13/12 | D14: =+'6'!F42 -> 1358.9792 | E14: =+'6'!G42 -> 1032.8242 | F14: =1-(E14/D14) -> 0.24 | G14: =+P14/N14 -> 0.94638359 | H14: =+P14/L14 -> 0.93905161 | I14: =+R14/P14 -> 0.95942082 | J14: =+R14/L14 -> 0.90094567 | K14: =+S14/M14 -> 0.94443053 | L14: =+SUM(Efficiency1!K29:K31) -> 52.144099 | M14: =M13+L14 -> 323.0857 | N14: =+SUM(Efficiency1!C29:C31) -> 51.74012 | O14: =O13+N14 -> 322.68172 | P14: ='6'!I38 -> 48.966 | Q14: =Q13+P14 -> 314.607 | R14: ='6'!I40 -> 46.979 | S14: =S13+R14 -> 305.132 | U14: =T14+U13 -> 0 | V14: =T14/P14 -> 0 | W14: =U14/Q14 -> 0 | X14: =IF(AND(R14>0,T14>0),(T14/(R14*1000))*1000,0) -> 0 | Y14: =IF(AND(S14>0,U14>0),U14/S14,0) -> 0 | Z14: 128.8 | AA14: =Z14+AA13 -> 763.4 | AB14: =Z14/(P14) -> 2.6303966 | AC14: =AA14/(Q14) -> 2.4265194 | AD14: =IF(AND(R14>0,Z14>0),Z14/(R14),0) -> 2.7416505 | AE14: =IF(AND(S14>0,AA14>0),AA14/(S14),0) -> 2.501868 | AF14: ='6'!I46 -> 52185.497 | AG14: =AF14+AG13 -> 217942.94 | AH14: =IF(AND(L14>0,AF14>0),(AF14/(P14*1000)*1000),0) -> 1065.7496 | AI14: =IF(AND(M14>0,AG14>0),(AG14/(Q14*1000)*1000),0) -> 692.74662 | AJ14: =IF(AND(R14>0,AF14>0),(AF14/(R14*1000)*1000),0) -> 1110.8261 | AK14: =IF(AND(S14>0,AG14>0),(AG14/(S14*1000)*1000),0) -> 714.25789 | AL14: =+SUM(Efficiency2!K29:K31) -> 52.144099 | AM14: =AM13+AL14 -> 323.0857 | AN14: =+R14/AL14 -> 0.90094567 | AO14: =+S14/AM14 -> 0.94443053
A15: =A14+1 -> 45998 | B15: Facial | C15: 12 | D15: =+'7'!F42 -> 1400 | E15: =+'7'!G42 -> 1064 | F15: =1-(E15/D15) -> 0.24 | G15: =+P15/N15 -> 0.95224265 | H15: =+P15/L15 -> 0.95224265 | I15: =+R15/P15 -> 0.90736812 | J15: =+R15/L15 -> 0.86403462 | K15: =+S15/M15 -> 0.93338087 | L15: =+Efficiency1!K33 -> 51.480576 | M15: =M14+L15 -> 374.56628 | N15: =+Efficiency1!C33 -> 51.480576 | O15: =O14+N15 -> 374.1623 | P15: ='7'!I38 -> 49.022 | Q15: =Q14+P15 -> 363.629 | R15: ='7'!I40 -> 44.481 | S15: =S14+R15 -> 349.613 | U15: =T15+U14 -> 0 | V15: =T15/P15 -> 0 | W15: =U15/Q15 -> 0 | X15: =IF(AND(R15>0,T15>0),(T15/(R15*1000))*1000,0) -> 0 | Y15: =IF(AND(S15>0,U15>0),U15/S15,0) -> 0 | Z15: 124.5 | AA15: =Z15+AA14 -> 887.9 | AB15: =Z15/(P15) -> 2.5396761 | AC15: =AA15/(Q15) -> 2.4417744 | AD15: =IF(AND(R15>0,Z15>0),Z15/(R15),0) -> 2.7989479 | AE15: =IF(AND(S15>0,AA15>0),AA15/(S15),0) -> 2.5396653 | AF15: ='7'!I46 -> 53845.359 | AG15: =AF15+AG14 -> 271788.3 | AH15: =IF(AND(L15>0,AF15>0),(AF15/(P15*1000)*1000),0) -> 1098.3917 | AI15: =IF(AND(M15>0,AG15>0),(AG15/(Q15*1000)*1000),0) -> 747.43295 | AJ15: =IF(AND(R15>0,AF15>0),(AF15/(R15*1000)*1000),0) -> 1210.5249 | AK15: =IF(AND(S15>0,AG15>0),(AG15/(S15*1000)*1000),0) -> 777.39757 | AL15: =+Efficiency2!K33 -> 51.480576 | AM15: =AM14+AL15 -> 374.56628 | AN15: =+R15/AL15 -> 0.86403462 | AO15: =+S15/AM15 -> 0.93338087
A16: =A15+1 -> 45999 | B16: Facial | C16: 12 | D16: =+'8'!F42 -> 1400 | E16: =+'8'!G42 -> 1064 | F16: =1-(E16/D16) -> 0.24 | G16: =+P16/N16 -> 0.93070054 | H16: =+P16/L16 -> 0.93070054 | I16: =+R16/P16 -> 1.1306743 | J16: =+R16/L16 -> 1.0523192 | K16: =+S16/M16 -> 0.94775257 | L16: =+Efficiency1!K37 -> 51.480576 | M16: =M15+L16 -> 426.04685 | N16: =+Efficiency1!C37 -> 51.480576 | O16: =O15+N16 -> 425.64287 | P16: ='8'!I38 -> 47.913 | Q16: =Q15+P16 -> 411.542 | R16: ='8'!I40 -> 54.174 | S16: =S15+R16 -> 403.787 | U16: =T16+U15 -> 0 | V16: =T16/P16 -> 0 | W16: =U16/Q16 -> 0 | X16: =IF(AND(R16>0,T16>0),(T16/(R16*1000))*1000,0) -> 0 | Y16: =IF(AND(S16>0,U16>0),U16/S16,0) -> 0 | Z16: 123.7 | AA16: =Z16+AA15 -> 1011.6 | AB16: =Z16/(P16) -> 2.5817628 | AC16: =AA16/(Q16) -> 2.4580723 | AD16: =IF(AND(R16>0,Z16>0),Z16/(R16),0) -> 2.2833832 | AE16: =IF(AND(S16>0,AA16>0),AA16/(S16),0) -> 2.5052812 | AF16: ='8'!I46 -> 51471.653 | AG16: =AF16+AG15 -> 323259.95 | AH16: =IF(AND(L16>0,AF16>0),(AF16/(P16*1000)*1000),0) -> 1074.2732 | AI16: =IF(AND(M16>0,AG16>0),(AG16/(Q16*1000)*1000),0) -> 785.48471 | AJ16: =IF(AND(R16>0,AF16>0),(AF16/(R16*1000)*1000),0) -> 950.11727 | AK16: =IF(AND(S16>0,AG16>0),(AG16/(S16*1000)*1000),0) -> 800.57047 | AL16: =+Efficiency2!K37 -> 51.480576 | AM16: =AM15+AL16 -> 426.04685 | AN16: =+R16/AL16 -> 1.0523192 | AO16: =+S16/AM16 -> 0.94775257
A17: =A16+1 -> 46000 | B17: Facial | C17: 12 | D17: =+'9'!F42 -> 1400 | E17: =+'9'!G42 -> 1064 | F17: =1-(E17/D17) -> 0.24 | G17: =+P17/N17 -> 0.92157089 | H17: =+P17/L17 -> 0.92157089 | I17: =+R17/P17 -> 1.0377506 | J17: =+R17/L17 -> 0.95636071 | K17: =+S17/M17 -> 0.94868058 | L17: =+Efficiency1!K41 -> 51.480576 | M17: =M16+L17 -> 477.52743 | N17: =+Efficiency1!C41 -> 51.480576 | O17: =O16+N17 -> 477.12345 | P17: ='9'!I38 -> 47.443 | Q17: =Q16+P17 -> 458.985 | R17: ='9'!I40 -> 49.234 | S17: =S16+R17 -> 453.021 | U17: =T17+U16 -> 0 | V17: =T17/P17 -> 0 | W17: =U17/Q17 -> 0 | X17: =IF(AND(R17>0,T17>0),(T17/(R17*1000))*1000,0) -> 0 | Y17: =IF(AND(S17>0,U17>0),U17/S17,0) -> 0 | Z17: 121.2 | AA17: =Z17+AA16 -> 1132.8 | AB17: =Z17/(P17) -> 2.5546445 | AC17: =AA17/(Q17) -> 2.4680545 | AD17: =IF(AND(R17>0,Z17>0),Z17/(R17),0) -> 2.4617135 | AE17: =IF(AND(S17>0,AA17>0),AA17/(S17),0) -> 2.5005463 | AF17: ='9'!I46 -> 51496.608 | AG17: =AF17+AG16 -> 374756.56 | AH17: =IF(AND(L17>0,AF17>0),(AF17/(P17*1000)*1000),0) -> 1085.4417 | AI17: =IF(AND(M17>0,AG17>0),(AG17/(Q17*1000)*1000),0) -> 816.48977 | AJ17: =IF(AND(R17>0,AF17>0),(AF17/(R17*1000)*1000),0) -> 1045.9562 | AK17: =IF(AND(S17>0,AG17>0),(AG17/(S17*1000)*1000),0) -> 827.23882 | AL17: =+Efficiency2!K41 -> 51.480576 | AM17: =AM16+AL17 -> 477.52743 | AN17: =+R17/AL17 -> 0.95636071 | AO17: =+S17/AM17 -> 0.94868058
A18: =A17+1 -> 46001 | B18: Facial | C18: 12 | D18: =+'10'!F42 -> 1400 | E18: =+'10'!G42 -> 1064 | F18: =1-(E18/D18) -> 0.24 | G18: =+P18/N18 -> 0.97052139 | H18: =+P18/L18 -> 0.97052139 | I18: =+R18/P18 -> 0.99055301 | J18: =+R18/L18 -> 0.96135288 | K18: =+S18/M18 -> 0.94991379 | L18: =+Efficiency1!K45 -> 51.480576 | M18: =M17+L18 -> 529.00801 | N18: =+Efficiency1!C45 -> 51.480576 | O18: =O17+N18 -> 528.60403 | P18: ='10'!I38 -> 49.963 | Q18: =Q17+P18 -> 508.948 | R18: ='10'!I40 -> 49.491 | S18: =S17+R18 -> 502.512 | U18: =T18+U17 -> 0 | V18: =T18/P18 -> 0 | W18: =U18/Q18 -> 0 | X18: =IF(AND(R18>0,T18>0),(T18/(R18*1000))*1000,0) -> 0 | Y18: =IF(AND(S18>0,U18>0),U18/S18,0) -> 0 | Z18: 119 | AA18: =Z18+AA17 -> 1251.8 | AB18: =Z18/(P18) -> 2.3817625 | AC18: =AA18/(Q18) -> 2.4595833 | AD18: =IF(AND(R18>0,Z18>0),Z18/(R18),0) -> 2.4044776 | AE18: =IF(AND(S18>0,AA18>0),AA18/(S18),0) -> 2.4910848 | AF18: ='10'!I46 -> 54581.959 | AG18: =AF18+AG17 -> 429338.52 | AH18: =IF(AND(L18>0,AF18>0),(AF18/(P18*1000)*1000),0) -> 1092.4476 | AI18: =IF(AND(M18>0,AG18>0),(AG18/(Q18*1000)*1000),0) -> 843.58032 | AJ18: =IF(AND(R18>0,AF18>0),(AF18/(R18*1000)*1000),0) -> 1102.8664 | AK18: =IF(AND(S18>0,AG18>0),(AG18/(S18*1000)*1000),0) -> 854.3846 | AL18: =+Efficiency2!K45 -> 51.480576 | AM18: =AM17+AL18 -> 529.00801 | AN18: =+R18/AL18 -> 0.96135288 | AO18: =+S18/AM18 -> 0.94991379
A19: =A18+1 -> 46002 | B19: Facial | C19: 12 | D19: =+'11'!F42 -> 1400 | E19: =+'11'!G42 -> 1064 | F19: =1-(E19/D19) -> 0.24 | G19: =+P19/N19 -> 0.9101491 | H19: =+P19/L19 -> 0.9101491 | I19: =+R19/P19 -> 0.89896489 | J19: =+R19/L19 -> 0.81819209 | K19: =+S19/M19 -> 0.93823206 | L19: =+Efficiency1!K49 -> 51.480576 | M19: =M18+L19 -> 580.48858 | N19: =+Efficiency1!C49 -> 51.480576 | O19: =O18+N19 -> 580.0846 | P19: ='11'!I38 -> 46.855 | Q19: =Q18+P19 -> 555.803 | R19: ='11'!I40 -> 42.121 | S19: =S18+R19 -> 544.633 | U19: =T19+U18 -> 0 | V19: =T19/P19 -> 0 | W19: =U19/Q19 -> 0 | X19: =IF(AND(R19>0,T19>0),(T19/(R19*1000))*1000,0) -> 0 | Y19: =IF(AND(S19>0,U19>0),U19/S19,0) -> 0 | Z19: 120.2 | AA19: =Z19+AA18 -> 1372 | AB19: =Z19/(P19) -> 2.5653612 | AC19: =AA19/(Q19) -> 2.4685005 | AD19: =IF(AND(R19>0,Z19>0),Z19/(R19),0) -> 2.8536834 | AE19: =IF(AND(S19>0,AA19>0),AA19/(S19),0) -> 2.5191276 | AF19: ='11'!I46 -> 48587.584 | AG19: =AF19+AG18 -> 477926.1 | AH19: =IF(AND(L19>0,AF19>0),(AF19/(P19*1000)*1000),0) -> 1036.9776 | AI19: =IF(AND(M19>0,AG19>0),(AG19/(Q19*1000)*1000),0) -> 859.88399 | AJ19: =IF(AND(R19>0,AF19>0),(AF19/(R19*1000)*1000),0) -> 1153.524 | AK19: =IF(AND(S19>0,AG19>0),(AG19/(S19*1000)*1000),0) -> 877.51954 | AL19: =+Efficiency2!K49 -> 51.480576 | AM19: =AM18+AL19 -> 580.48858 | AN19: =+R19/AL19 -> 0.81819209 | AO19: =+S19/AM19 -> 0.93823206
A20: =A19+1 -> 46003 | B20: Facial | C20: 12 | D20: =+'12'!F42 -> 1400 | E20: =+'12'!G42 -> 1064 | F20: =1-(E20/D20) -> 0.24 | G20: =+P20/N20 -> 0.89894099 | H20: =+P20/L20 -> 0.89894099 | I20: =+R20/P20 -> 0.92478067 | J20: =+R20/L20 -> 0.83132325 | K20: =+S20/M20 -> 0.92952321 | L20: =+Efficiency1!K53 -> 51.480576 | M20: =M19+L20 -> 631.96916 | N20: =+Efficiency2!K53 -> 51.480576 | O20: =O19+N20 -> 631.56518 | P20: ='12'!I38 -> 46.278 | Q20: =Q19+P20 -> 602.081 | R20: ='12'!I40 -> 42.797 | S20: =S19+R20 -> 587.43 | U20: =T20+U19 -> 0 | V20: =T20/P20 -> 0 | W20: =U20/Q20 -> 0 | X20: =IF(AND(R20>0,T20>0),(T20/(R20*1000))*1000,0) -> 0 | Y20: =IF(AND(S20>0,U20>0),U20/S20,0) -> 0 | Z20: 119.8 | AA20: =Z20+AA19 -> 1491.8 | AB20: =Z20/(P20) -> 2.5887031 | AC20: =AA20/(Q20) -> 2.4777397 | AD20: =IF(AND(R20>0,Z20>0),Z20/(R20),0) -> 2.7992616 | AE20: =IF(AND(S20>0,AA20>0),AA20/(S20),0) -> 2.5395366 | AF20: ='12'!I46 -> 53430.178 | AG20: =AF20+AG19 -> 531356.28 | AH20: =IF(AND(L20>0,AF20>0),(AF20/(P20*1000)*1000),0) -> 1154.5481 | AI20: =IF(AND(M20>0,AG20>0),(AG20/(Q20*1000)*1000),0) -> 882.53288 | AJ20: =IF(AND(R20>0,AF20>0),(AF20/(R20*1000)*1000),0) -> 1248.4561 | AK20: =IF(AND(S20>0,AG20>0),(AG20/(S20*1000)*1000),0) -> 904.54399 | AL20: =+Efficiency2!K53 -> 51.480576 | AM20: =AM19+AL20 -> 631.96916 | AN20: =+R20/AL20 -> 0.83132325 | AO20: =+S20/AM20 -> 0.92952321
A21: =A20+1 -> 46004 | B21: Facial | C21: 12 | D21: =+'13'!F42 -> 1400 | E21: =+'13'!G42 -> 1064 | F21: =1-(E21/D21) -> 0.24 | G21: =+P21/N21 -> 0.95226207 | H21: =+P21/L21 -> 0.95226207 | I21: =+R21/P21 -> 0.99383963 | J21: =+R21/L21 -> 0.94639578 | K21: =+S21/M21 -> 0.93079413 | L21: =+Efficiency1!K57 -> 51.480576 | M21: =M20+L21 -> 683.44973 | N21: =+Efficiency1!C57 -> 51.480576 | O21: =O20+N21 -> 683.04575 | P21: ='13'!I38 -> 49.023 | Q21: =Q20+P21 -> 651.104 | R21: ='13'!I40 -> 48.721 | S21: =S20+R21 -> 636.151 | U21: =T21+U20 -> 0 | V21: =T21/P21 -> 0 | W21: =U21/Q21 -> 0 | X21: =IF(AND(R21>0,T21>0),(T21/(R21*1000))*1000,0) -> 0 | Y21: =IF(AND(S21>0,U21>0),U21/S21,0) -> 0 | Z21: 116.4 | AA21: =Z21+AA20 -> 1608.2 | AB21: =Z21/(P21) -> 2.3743957 | AC21: =AA21/(Q21) -> 2.4699587 | AD21: =IF(AND(R21>0,Z21>0),Z21/(R21),0) -> 2.3891135 | AE21: =IF(AND(S21>0,AA21>0),AA21/(S21),0) -> 2.5280161 | AF21: ='13'!I46 -> 53717.128 | AG21: =AF21+AG20 -> 585073.41 | AH21: =IF(AND(L21>0,AF21>0),(AF21/(P21*1000)*1000),0) -> 1095.7536 | AI21: =IF(AND(M21>0,AG21>0),(AG21/(Q21*1000)*1000),0) -> 898.58672 | AJ21: =IF(AND(R21>0,AF21>0),(AF21/(R21*1000)*1000),0) -> 1102.5457 | AK21: =IF(AND(S21>0,AG21>0),(AG21/(S21*1000)*1000),0) -> 919.70838 | AL21: =+Efficiency2!K57 -> 51.480576 | AM21: =AM20+AL21 -> 683.44973 | AN21: =+R21/AL21 -> 0.94639578 | AO21: =+S21/AM21 -> 0.93079413
A22: =A21+1 -> 46005 | B22: Facial | C22: 12/13/11,5 | D22: =+'14'!F42 -> 1387.5816 | E22: =+'14'!G42 -> 1054.562 | F22: =1-(E22/D22) -> 0.24 | G22: =+P22/N22 -> 0.92014455 | H22: =+P22/L22 -> 0.92014455 | I22: =+R22/P22 -> 0.97182102 | J22: =+R22/L22 -> 0.89421582 | K22: =+S22/M22 -> 0.92819769 | L22: =+SUM(Efficiency1!K61:K63) -> 52.220056 | M22: =M21+L22 -> 735.66979 | N22: =+SUM(Efficiency1!C61:C63) -> 52.220056 | O22: =O21+N22 -> 735.26581 | P22: ='14'!I38 -> 48.05 | Q22: =Q21+P22 -> 699.154 | R22: ='14'!I40 -> 46.696 | S22: =S21+R22 -> 682.847 | U22: =T22+U21 -> 0 | V22: =T22/P22 -> 0 | W22: =U22/Q22 -> 0 | X22: =IF(AND(R22>0,T22>0),(T22/(R22*1000))*1000,0) -> 0 | Y22: =IF(AND(S22>0,U22>0),U22/S22,0) -> 0 | Z22: 116.4 | AA22: =Z22+AA21 -> 1724.6 | AB22: =Z22/(P22) -> 2.4224766 | AC22: =AA22/(Q22) -> 2.4666955 | AD22: =IF(AND(R22>0,Z22>0),Z22/(R22),0) -> 2.4927189 | AE22: =IF(AND(S22>0,AA22>0),AA22/(S22),0) -> 2.5256024 | AF22: ='14'!I46 -> 47159.3 | AG22: =AF22+AG21 -> 632232.71 | AH22: =IF(AND(L22>0,AF22>0),(AF22/(P22*1000)*1000),0) -> 981.46306 | AI22: =IF(AND(M22>0,AG22>0),(AG22/(Q22*1000)*1000),0) -> 904.28247 | AJ22: =IF(AND(R22>0,AF22>0),(AF22/(R22*1000)*1000),0) -> 1009.9216 | AK22: =IF(AND(S22>0,AG22>0),(AG22/(S22*1000)*1000),0) -> 925.87755 | AL22: =+SUM(Efficiency2!K61:K63) -> 52.220056 | AM22: =AM21+AL22 -> 735.66979 | AN22: =+R22/AL22 -> 0.89421582 | AO22: =+S22/AM22 -> 0.92819769
A23: =A22+1 -> 46006 | B23: Facial | C23: 11,5 | D23: =+'15'!F42 -> 1400 | E23: =+'15'!G42 -> 1064 | F23: =1-(E23/D23) -> 0.24 | G23: =+P23/N23 -> 0.89688983 | H23: =+P23/L23 -> 0.89688983 | I23: =+R23/P23 -> 0.87939139 | J23: =+R23/L23 -> 0.7887172 | K23: =+S23/M23 -> 0.91947136 | L23: =+Efficiency1!K66 -> 49.097446 | M23: =M22+L23 -> 784.76724 | N23: =+Efficiency1!C66 -> 49.097446 | O23: =O22+N23 -> 784.36326 | P23: ='15'!I38 -> 44.035 | Q23: =Q22+P23 -> 743.189 | R23: ='15'!I40 -> 38.724 | S23: =S22+R23 -> 721.571 | U23: =T23+U22 -> 0 | V23: =T23/P23 -> 0 | W23: =U23/Q23 -> 0 | X23: =IF(AND(R23>0,T23>0),(T23/(R23*1000))*1000,0) -> 0 | Y23: =IF(AND(S23>0,U23>0),U23/S23,0) -> 0 | Z23: 115.4 | AA23: =Z23+AA22 -> 1840 | AB23: =Z23/(P23) -> 2.6206427 | AC23: =AA23/(Q23) -> 2.4758171 | AD23: =IF(AND(R23>0,Z23>0),Z23/(R23),0) -> 2.980064 | AE23: =IF(AND(S23>0,AA23>0),AA23/(S23),0) -> 2.5499916 | AF23: ='15'!I46 -> 46980.992 | AG23: =AF23+AG22 -> 679213.7 | AH23: =IF(AND(L23>0,AF23>0),(AF23/(P23*1000)*1000),0) -> 1066.9012 | AI23: =IF(AND(M23>0,AG23>0),(AG23/(Q23*1000)*1000),0) -> 913.91786 | AJ23: =IF(AND(R23>0,AF23>0),(AF23/(R23*1000)*1000),0) -> 1213.2267 | AK23: =IF(AND(S23>0,AG23>0),(AG23/(S23*1000)*1000),0) -> 941.2985 | AL23: =+Efficiency2!K66 -> 49.097446 | AM23: =AM22+AL23 -> 784.76724 | AN23: =+R23/AL23 -> 0.7887172 | AO23: =+S23/AM23 -> 0.91947136
A24: =A23+1 -> 46007 | B24: Facial/Toilet | C24: 11,5/12 | D24: =+'16'!F42 -> 1400 | E24: =+'16'!G42 -> 1064 | F24: =1-(E24/D24) -> 0.24 | G24: =+P24/N24 -> 0.9566245 | H24: =+P24/L24 -> 0.9566245 | I24: =+R24/P24 -> 0.96012212 | J24: =+R24/L24 -> 0.91847634 | K24: =+S24/M24 -> 0.91941178 | L24: =+SUM(Efficiency1!K70:K71) -> 49.989312 | M24: =M23+L24 -> 834.75655 | N24: =+SUM(Efficiency1!C70:C71) -> 49.989312 | O24: =O23+N24 -> 834.35257 | P24: ='16'!I38 -> 47.821 | Q24: =Q23+P24 -> 791.01 | R24: ='16'!I40 -> 45.914 | S24: =S23+R24 -> 767.485 | U24: =T24+U23 -> 0 | V24: =T24/P24 -> 0 | W24: =U24/Q24 -> 0 | X24: =IF(AND(R24>0,T24>0),(T24/(R24*1000))*1000,0) -> 0 | Y24: =IF(AND(S24>0,U24>0),U24/S24,0) -> 0 | Z24: 116.7 | AA24: =Z24+AA23 -> 1956.7 | AB24: =Z24/(P24) -> 2.4403505 | AC24: =AA24/(Q24) -> 2.4736729 | AD24: =IF(AND(R24>0,Z24>0),Z24/(R24),0) -> 2.5417084 | AE24: =IF(AND(S24>0,AA24>0),AA24/(S24),0) -> 2.5494961 | AF24: ='16'!I46 -> 46468.575 | AG24: =AF24+AG23 -> 725682.27 | AH24: =IF(AND(L24>0,AF24>0),(AF24/(P24*1000)*1000),0) -> 971.719 | AI24: =IF(AND(M24>0,AG24>0),(AG24/(Q24*1000)*1000),0) -> 917.41226 | AJ24: =IF(AND(R24>0,AF24>0),(AF24/(R24*1000)*1000),0) -> 1012.0785 | AK24: =IF(AND(S24>0,AG24>0),(AG24/(S24*1000)*1000),0) -> 945.53284 | AL24: =+SUM(Efficiency2!K70:K71) -> 49.989312 | AM24: =AM23+AL24 -> 834.75655 | AN24: =+R24/AL24 -> 0.91847634 | AO24: =+S24/AM24 -> 0.91941178
A25: =A24+1 -> 46008 | B25: Toilet | C25: 12/17/18 | D25: =+'17'!F42 -> 1303.6667 | E25: =+'17'!G42 -> 1029.6667 | F25: =1-(E25/D25) -> 0.21017643 | G25: =+P25/N25 -> 0.98631032 | H25: =+P25/L25 -> 0.98631032 | I25: =+R25/P25 -> 1.0223232 | J25: =+R25/L25 -> 1.0083279 | K25: =+S25/M25 -> 0.924729 | L25: =+SUM(Efficiency1!K74:K76) -> 53.093837 | M25: =M24+L25 -> 887.85038 | N25: =+SUM(Efficiency1!C74:C76) -> 53.093837 | O25: =O24+N25 -> 887.44641 | P25: ='17'!I38 -> 52.367 | Q25: =Q24+P25 -> 843.377 | R25: ='17'!I40 -> 53.536 | S25: =S24+R25 -> 821.021 | U25: =T25+U24 -> 0 | V25: =T25/P25 -> 0 | W25: =U25/Q25 -> 0 | X25: =IF(AND(R25>0,T25>0),(T25/(R25*1000))*1000,0) -> 0 | Y25: =IF(AND(S25>0,U25>0),U25/S25,0) -> 0 | Z25: 121.1 | AA25: =Z25+AA24 -> 2077.8 | AB25: =Z25/(P25) -> 2.3125251 | AC25: =AA25/(Q25) -> 2.4636669 | AD25: =IF(AND(R25>0,Z25>0),Z25/(R25),0) -> 2.2620293 | AE25: =IF(AND(S25>0,AA25>0),AA25/(S25),0) -> 2.5307513 | AF25: ='17'!I46 -> 43860.739 | AG25: =AF25+AG24 -> 769543.01 | AH25: =IF(AND(L25>0,AF25>0),(AF25/(P25*1000)*1000),0) -> 837.56448 | AI25: =IF(AND(M25>0,AG25>0),(AG25/(Q25*1000)*1000),0) -> 912.45435 | AJ25: =IF(AND(R25>0,AF25>0),(AF25/(R25*1000)*1000),0) -> 819.27561 | AK25: =IF(AND(S25>0,AG25>0),(AG25/(S25*1000)*1000),0) -> 937.30003 | AL25: =+SUM(Efficiency2!K74:K76) -> 53.093837 | AM25: =AM24+AL25 -> 887.85038 | AN25: =+R25/AL25 -> 1.0083279 | AO25: =+S25/AM25 -> 0.924729
A26: =A25+1 -> 46009 | B26: Toilet | C26: 18 | D26: =+'18'!F42 -> 1100 | E26: =+'18'!G42 -> 847 | F26: =1-(E26/D26) -> 0.23 | G26: =+P26/N26 -> 0.92606984 | H26: =+P26/L26 -> 0.92606984 | I26: =+R26/P26 -> 0.91230352 | J26: =+R26/L26 -> 0.84485678 | K26: =+S26/M26 -> 0.91962617 | L26: =+Efficiency1!K78 -> 60.593702 | M26: =M25+L26 -> 948.44409 | N26: =+Efficiency1!C78 -> 60.593702 | O26: =O25+N26 -> 948.04011 | P26: ='18'!I38 -> 56.114 | Q26: =Q25+P26 -> 899.491 | R26: ='18'!I40 -> 51.193 | S26: =S25+R26 -> 872.214 | U26: =T26+U25 -> 0 | V26: =T26/P26 -> 0 | W26: =U26/Q26 -> 0 | X26: =IF(AND(R26>0,T26>0),(T26/(R26*1000))*1000,0) -> 0 | Y26: =IF(AND(S26>0,U26>0),U26/S26,0) -> 0 | Z26: 120.4 | AA26: =Z26+AA25 -> 2198.2 | AB26: =Z26/(P26) -> 2.1456321 | AC26: =AA26/(Q26) -> 2.4438266 | AD26: =IF(AND(R26>0,Z26>0),Z26/(R26),0) -> 2.351884 | AE26: =IF(AND(S26>0,AA26>0),AA26/(S26),0) -> 2.5202531 | AF26: ='18'!I46 -> 40830.024 | AG26: =AF26+AG25 -> 810373.04 | AH26: =IF(AND(L26>0,AF26>0),(AF26/(P26*1000)*1000),0) -> 727.62634 | AI26: =IF(AND(M26>0,AG26>0),(AG26/(Q26*1000)*1000),0) -> 900.92401 | AJ26: =IF(AND(R26>0,AF26>0),(AF26/(R26*1000)*1000),0) -> 797.57045 | AK26: =IF(AND(S26>0,AG26>0),(AG26/(S26*1000)*1000),0) -> 929.09886 | AL26: =+Efficiency2!K78 -> 60.593702 | AM26: =AM25+AL26 -> 948.44409 | AN26: =+R26/AL26 -> 0.84485678 | AO26: =+S26/AM26 -> 0.91962617
A27: =A26+1 -> 46010 | B27: Toilet | C27: 18/16 | D27: =+'19'!F42 -> 1113.125 | E27: =+'19'!G42 -> 838.51042 | F27: =1-(E27/D27) -> 0.24670597 | G27: =+P27/N27 -> 1.015056 | H27: =+P27/L27 -> 1.015056 | I27: =+R27/P27 -> 0.93932373 | J27: =+R27/L27 -> 0.95346615 | K27: =+S27/M27 -> 0.9215978 | L27: =+SUM(Efficiency1!K82:K83) -> 58.678538 | M27: =M26+L27 -> 1007.1226 | N27: =+SUM(Efficiency1!C82:C83) -> 58.678538 | O27: =O26+N27 -> 1006.7186 | P27: ='19'!I38 -> 59.562 | Q27: =Q26+P27 -> 959.053 | R27: ='19'!I40 -> 55.948 | S27: =S26+R27 -> 928.162 | U27: =T27+U26 -> 0 | V27: =T27/P27 -> 0 | W27: =U27/Q27 -> 0 | X27: =IF(AND(R27>0,T27>0),(T27/(R27*1000))*1000,0) -> 0 | Y27: =IF(AND(S27>0,U27>0),U27/S27,0) -> 0 | Z27: 121.5 | AA27: =Z27+AA26 -> 2319.7 | AB27: =Z27/(P27) -> 2.0398912 | AC27: =AA27/(Q27) -> 2.4187402 | AD27: =IF(AND(R27>0,Z27>0),Z27/(R27),0) -> 2.1716594 | AE27: =IF(AND(S27>0,AA27>0),AA27/(S27),0) -> 2.4992404 | AF27: ='19'!I46 -> 44507.821 | AG27: =AF27+AG26 -> 854880.86 | AH27: =IF(AND(L27>0,AF27>0),(AF27/(P27*1000)*1000),0) -> 747.25196 | AI27: =IF(AND(M27>0,AG27>0),(AG27/(Q27*1000)*1000),0) -> 891.3802 | AJ27: =IF(AND(R27>0,AF27>0),(AF27/(R27*1000)*1000),0) -> 795.52122 | AK27: =IF(AND(S27>0,AG27>0),(AG27/(S27*1000)*1000),0) -> 921.04703 | AL27: =+SUM(Efficiency2!K82:K83) -> 58.678538 | AM27: =AM26+AL27 -> 1007.1226 | AN27: =+R27/AL27 -> 0.95346615 | AO27: =+S27/AM27 -> 0.9215978
A28: =A27+1 -> 46011 | B28: Toilet | C28: 16/15 | D28: =+'20'!F42 -> 1191.5278 | E28: =+'20'!G42 -> 893.64583 | F28: =1-(E28/D28) -> 0.25 | G28: =+P28/N28 -> 0.98133738 | H28: =+P28/L28 -> 0.98133738 | I28: =+R28/P28 -> 1.117707 | J28: =+R28/L28 -> 1.0968476 | K28: =+S28/M28 -> 0.93083102 | L28: =+SUM(Efficiency1!K86:K87) -> 56.012337 | M28: =M27+L28 -> 1063.135 | N28: =+SUM(Efficiency1!C86:C87) -> 56.012337 | O28: =O27+N28 -> 1062.731 | P28: ='20'!I38 -> 54.967 | Q28: =Q27+P28 -> 1014.02 | R28: ='20'!I40 -> 61.437 | S28: =S27+R28 -> 989.599 | U28: =T28+U27 -> 0 | V28: =T28/P28 -> 0 | W28: =U28/Q28 -> 0 | X28: =IF(AND(R28>0,T28>0),(T28/(R28*1000))*1000,0) -> 0 | Y28: =IF(AND(S28>0,U28>0),U28/S28,0) -> 0 | Z28: 119.3 | AA28: =Z28+AA27 -> 2439 | AB28: =Z28/(P28) -> 2.1703931 | AC28: =AA28/(Q28) -> 2.405278 | AD28: =IF(AND(R28>0,Z28>0),Z28/(R28),0) -> 1.9418266 | AE28: =IF(AND(S28>0,AA28>0),AA28/(S28),0) -> 2.4646347 | AF28: ='20'!I46 -> 44667.521 | AG28: =AF28+AG27 -> 899548.38 | AH28: =IF(AND(L28>0,AF28>0),(AF28/(P28*1000)*1000),0) -> 812.62432 | AI28: =IF(AND(M28>0,AG28>0),(AG28/(Q28*1000)*1000),0) -> 887.11108 | AJ28: =IF(AND(R28>0,AF28>0),(AF28/(R28*1000)*1000),0) -> 727.04593 | AK28: =IF(AND(S28>0,AG28>0),(AG28/(S28*1000)*1000),0) -> 909.00292 | AL28: =+SUM(Efficiency2!K86:K87) -> 56.012337 | AM28: =AM27+AL28 -> 1063.135 | AN28: =+R28/AL28 -> 1.0968476 | AO28: =+S28/AM28 -> 0.93083102
A29: =A28+1 -> 46012 | B29: Toilet | C29: 15 | D29: =+'21'!F42 -> 1270 | E29: =+'21'!G42 -> 952.5 | F29: =1-(E29/D29) -> 0.25 | G29: =+P29/N29 -> 0.94045461 | H29: =+P29/L29 -> 0.94045461 | I29: =+R29/P29 -> 0.9298354 | J29: =+R29/L29 -> 0.87446799 | K29: =+S29/M29 -> 0.92797319 | L29: =+Efficiency1!K90 -> 56.78424 | M29: =M28+L29 -> 1119.9192 | N29: =+Efficiency1!C90 -> 56.78424 | O29: =O28+N29 -> 1119.5152 | P29: ='21'!I38 -> 53.403 | Q29: =Q28+P29 -> 1067.423 | R29: ='21'!I40 -> 49.656 | S29: =S28+R29 -> 1039.255 | U29: =T29+U28 -> 0 | V29: =T29/P29 -> 0 | W29: =U29/Q29 -> 0 | X29: =IF(AND(R29>0,T29>0),(T29/(R29*1000))*1000,0) -> 0 | Y29: =IF(AND(S29>0,U29>0),U29/S29,0) -> 0 | Z29: 125.5 | AA29: =Z29+AA28 -> 2564.5 | AB29: =Z29/(P29) -> 2.3500552 | AC29: =AA29/(Q29) -> 2.4025152 | AD29: =IF(AND(R29>0,Z29>0),Z29/(R29),0) -> 2.5273884 | AE29: =IF(AND(S29>0,AA29>0),AA29/(S29),0) -> 2.4676331 | AF29: ='21'!I46 -> 45190.689 | AG29: =AF29+AG28 -> 944739.07 | AH29: =IF(AND(L29>0,AF29>0),(AF29/(P29*1000)*1000),0) -> 846.22005 | AI29: =IF(AND(M29>0,AG29>0),(AG29/(Q29*1000)*1000),0) -> 885.06531 | AJ29: =IF(AND(R29>0,AF29>0),(AF29/(R29*1000)*1000),0) -> 910.0751 | AK29: =IF(AND(S29>0,AG29>0),(AG29/(S29*1000)*1000),0) -> 909.05415 | AL29: =+Efficiency2!K90 -> 56.78424 | AM29: =AM28+AL29 -> 1119.9192 | AN29: =+R29/AL29 -> 0.87446799 | AO29: =+S29/AM29 -> 0.92797319
A30: =A29+1 -> 46013 | B30: Toilet | C30: 15/13,5 | D30: =+'22'!F42 -> 1281.9444 | E30: =+'22'!G42 -> 961.45833 | F30: =1-(E30/D30) -> 0.25 | G30: =+P30/N30 -> 0.96802836 | H30: =+P30/L30 -> 0.96802836 | I30: =+R30/P30 -> 1.016302 | J30: =+R30/L30 -> 0.98380913 | K30: =+S30/M30 -> 0.93065308 | L30: =+SUM(Efficiency1!K94:K95) -> 56.461155 | M30: =M29+L30 -> 1176.3804 | N30: =+SUM(Efficiency1!C94:C95) -> 56.461155 | O30: =O29+N30 -> 1175.9764 | P30: ='22'!I38 -> 54.656 | Q30: =Q29+P30 -> 1122.079 | R30: ='22'!I40 -> 55.547 | S30: =S29+R30 -> 1094.802 | U30: =T30+U29 -> 0 | V30: =T30/P30 -> 0 | W30: =U30/Q30 -> 0 | X30: =IF(AND(R30>0,T30>0),(T30/(R30*1000))*1000,0) -> 0 | Y30: =IF(AND(S30>0,U30>0),U30/S30,0) -> 0 | Z30: 124.1 | AA30: =Z30+AA29 -> 2688.6 | AB30: =Z30/(P30) -> 2.270565 | AC30: =AA30/(Q30) -> 2.396088 | AD30: =IF(AND(R30>0,Z30>0),Z30/(R30),0) -> 2.2341441 | AE30: =IF(AND(S30>0,AA30>0),AA30/(S30),0) -> 2.4557865 | AF30: ='22'!I46 -> 45153.744 | AG30: =AF30+AG29 -> 989892.81 | AH30: =IF(AND(L30>0,AF30>0),(AF30/(P30*1000)*1000),0) -> 826.14432 | AI30: =IF(AND(M30>0,AG30>0),(AG30/(Q30*1000)*1000),0) -> 882.19529 | AJ30: =IF(AND(R30>0,AF30>0),(AF30/(R30*1000)*1000),0) -> 812.89258 | AK30: =IF(AND(S30>0,AG30>0),(AG30/(S30*1000)*1000),0) -> 904.17519 | AL30: =+SUM(Efficiency2!K94:K95) -> 56.461155 | AM30: =AM29+AL30 -> 1176.3804 | AN30: =+R30/AL30 -> 0.98380913 | AO30: =+S30/AM30 -> 0.93065308
A31: =A30+1 -> 46014 | B31: Toilet | C31: 13,5/14,5 | D31: =+'23'!F42 -> 1297.5 | E31: =+'23'!G42 -> 973.125 | F31: =1-(E31/D31) -> 0.25 | G31: =+P31/N31 -> 0.9691408 | H31: =+P31/L31 -> 0.9691408 | I31: =+R31/P31 -> 0.9492759 | J31: =+R31/L31 -> 0.91998201 | K31: =+S31/M31 -> 0.93017523 | L31: =+SUM(Efficiency1!K98:K99) -> 55.147817 | M31: =M30+L31 -> 1231.5282 | N31: =+SUM(Efficiency1!C98:C99) -> 55.147817 | O31: =O30+N31 -> 1231.1242 | P31: ='23'!I38 -> 53.446 | Q31: =Q30+P31 -> 1175.525 | R31: ='23'!I40 -> 50.735 | S31: =S30+R31 -> 1145.537 | U31: =T31+U30 -> 0 | V31: =T31/P31 -> 0 | W31: =U31/Q31 -> 0 | X31: =IF(AND(R31>0,T31>0),(T31/(R31*1000))*1000,0) -> 0 | Y31: =IF(AND(S31>0,U31>0),U31/S31,0) -> 0 | Z31: 120.1 | AA31: =Z31+AA30 -> 2808.7 | AB31: =Z31/(P31) -> 2.2471279 | AC31: =AA31/(Q31) -> 2.3893154 | AD31: =IF(AND(R31>0,Z31>0),Z31/(R31),0) -> 2.3672021 | AE31: =IF(AND(S31>0,AA31>0),AA31/(S31),0) -> 2.4518632 | AF31: ='23'!I46 -> 47900.264 | AG31: =AF31+AG30 -> 1037793.1 | AH31: =IF(AND(L31>0,AF31>0),(AF31/(P31*1000)*1000),0) -> 896.23665 | AI31: =IF(AND(M31>0,AG31>0),(AG31/(Q31*1000)*1000),0) -> 882.83369 | AJ31: =IF(AND(R31>0,AF31>0),(AF31/(R31*1000)*1000),0) -> 944.12662 | AK31: =IF(AND(S31>0,AG31>0),(AG31/(S31*1000)*1000),0) -> 905.94461 | AL31: =+SUM(Efficiency2!K98:K99) -> 55.147817 | AM31: =AM30+AL31 -> 1231.5282 | AN31: =+R31/AL31 -> 0.91998201 | AO31: =+S31/AM31 -> 0.93017523
A32: =A31+1 -> 46015 | B32: Toilet/Facial | C32: 14,5/116/13/12 | D32: =+'24'!F42 -> 1311.1111 | E32: =+'24'!G42 -> 992.33333 | F32: =1-(E32/D32) -> 0.24313559 | G32: =+P32/N32 -> 0.96571176 | H32: =+P32/L32 -> 0.96216501 | I32: =+R32/P32 -> 1.0331959 | J32: =+R32/L32 -> 0.99410497 | K32: =+S32/M32 -> 0.93278636 | L32: =+SUM(Efficiency1!K102:K105) -> 52.442148 | M32: =M31+L32 -> 1283.9703 | N32: =+SUM(Efficiency1!C102:C105) -> 52.249545 | O32: =O31+N32 -> 1283.3737 | P32: ='24'!I38 -> 50.458 | Q32: =Q31+P32 -> 1225.983 | R32: ='24'!I40 -> 52.133 | S32: =S31+R32 -> 1197.67 | U32: =T32+U31 -> 0 | V32: =T32/P32 -> 0 | W32: =U32/Q32 -> 0 | X32: =IF(AND(R32>0,T32>0),(T32/(R32*1000))*1000,0) -> 0 | Y32: =IF(AND(S32>0,U32>0),U32/S32,0) -> 0 | Z32: 120.5 | AA32: =Z32+AA31 -> 2929.2 | AB32: =Z32/(P32) -> 2.3881248 | AC32: =AA32/(Q32) -> 2.3892664 | AD32: =IF(AND(R32>0,Z32>0),Z32/(R32),0) -> 2.3113959 | AE32: =IF(AND(S32>0,AA32>0),AA32/(S32),0) -> 2.4457488 | AF32: =+'24'!I46 -> 48553.369 | AG32: =AF32+AG31 -> 1086346.4 | AH32: =IF(AND(L32>0,AF32>0),(AF32/(P32*1000)*1000),0) -> 962.25314 | AI32: =IF(AND(M32>0,AG32>0),(AG32/(Q32*1000)*1000),0) -> 886.10237 | AJ32: =IF(AND(R32>0,AF32>0),(AF32/(R32*1000)*1000),0) -> 931.33656 | AK32: =IF(AND(S32>0,AG32>0),(AG32/(S32*1000)*1000),0) -> 907.04989 | AL32: =+SUM(Efficiency2!K102:K105) -> 52.442148 | AM32: =AM31+AL32 -> 1283.9703 | AN32: =+R32/AL32 -> 0.99410497 | AO32: =+S32/AM32 -> 0.93278636
A33: =A32+1 -> 46016 | B33: Facial | C33: 12/12,5 | D33: =+'25'!F42 -> 1400 | E33: =+'25'!G42 -> 1064 | F33: =1-(E33/D33) -> 0.24 | G33: =+P33/N33 -> 0.97320103 | H33: =+P33/L33 -> 0.97320103 | I33: =+R33/P33 -> 0.92763393 | J33: =+R33/L33 -> 0.90277429 | K33: =+S33/M33 -> 0.93162193 | L33: =+SUM(Efficiency1!K107:K108) -> 51.826908 | M33: =M32+L33 -> 1335.7972 | N33: =+SUM(Efficiency1!C107:C108) -> 51.826908 | O33: =O32+N33 -> 1335.2006 | P33: ='25'!I38 -> 50.438 | Q33: =Q32+P33 -> 1276.421 | R33: ='25'!I40 -> 46.788 | S33: =S32+R33 -> 1244.458 | U33: =T33+U32 -> 0 | V33: =T33/P33 -> 0 | W33: =U33/Q33 -> 0 | X33: =IF(AND(R33>0,T33>0),(T33/(R33*1000))*1000,0) -> 0 | Y33: =IF(AND(S33>0,U33>0),U33/S33,0) -> 0 | Z33: 123.8 | AA33: =Z33+AA32 -> 3053 | AB33: =Z33/(P33) -> 2.4544986 | AC33: =AA33/(Q33) -> 2.3918441 | AD33: =IF(AND(R33>0,Z33>0),Z33/(R33),0) -> 2.6459776 | AE33: =IF(AND(S33>0,AA33>0),AA33/(S33),0) -> 2.4532768 | AF33: =+'25'!I46 -> 51416.83 | AG33: =AF33+AG32 -> 1137763.3 | AH33: =IF(AND(L33>0,AF33>0),(AF33/(P33*1000)*1000),0) -> 1019.4066 | AI33: =IF(AND(M33>0,AG33>0),(AG33/(Q33*1000)*1000),0) -> 891.36991 | AJ33: =IF(AND(R33>0,AF33>0),(AF33/(R33*1000)*1000),0) -> 1098.932 | AK33: =IF(AND(S33>0,AG33>0),(AG33/(S33*1000)*1000),0) -> 914.2641 | AL33: =+SUM(Efficiency2!K107:K108) -> 51.826908 | AM33: =AM32+AL33 -> 1335.7972 | AN33: =+R33/AL33 -> 0.90277429 | AO33: =+S33/AM33 -> 0.93162193
A34: =A33+1 -> 46017 | B34: Facial | C34: 12,5 | D34: =+'26'!F42 -> 1400 | E34: =+'26'!G42 -> 1064 | F34: =1-(E34/D34) -> 0.24 | G34: =+P34/N34 -> 0.90591061 | H34: =+P34/L34 -> 0.90591061 | I34: =+R34/P34 -> 0.97573075 | J34: =+R34/L34 -> 0.88392484 | K34: =+S34/M34 -> 0.92978104 | L34: =+Efficiency1!K111 -> 53.6256 | M34: =M33+L34 -> 1389.4228 | N34: =+Efficiency1!C111 -> 53.6256 | O34: =O33+N34 -> 1388.8262 | P34: ='26'!I38 -> 48.58 | Q34: =Q33+P34 -> 1325.001 | R34: ='26'!I40 -> 47.401 | S34: =S33+R34 -> 1291.859 | U34: =T34+U33 -> 0 | V34: =T34/P34 -> 0 | W34: =U34/Q34 -> 0 | X34: =IF(AND(R34>0,T34>0),(T34/(R34*1000))*1000,0) -> 0 | Y34: =IF(AND(S34>0,U34>0),U34/S34,0) -> 0 | Z34: 118.7 | AA34: =Z34+AA33 -> 3171.7 | AB34: =Z34/(P34) -> 2.4433923 | AC34: =AA34/(Q34) -> 2.393734 | AD34: =IF(AND(R34>0,Z34>0),Z34/(R34),0) -> 2.5041666 | AE34: =IF(AND(S34>0,AA34>0),AA34/(S34),0) -> 2.4551441 | AF34: ='26'!I46 -> 49826.74 | AG34: =AF34+AG33 -> 1187590 | AH34: =IF(AND(L34>0,AF34>0),(AF34/(P34*1000)*1000),0) -> 1025.6636 | AI34: =IF(AND(M34>0,AG34>0),(AG34/(Q34*1000)*1000),0) -> 896.29367 | AJ34: =IF(AND(R34>0,AF34>0),(AF34/(R34*1000)*1000),0) -> 1051.1749 | AK34: =IF(AND(S34>0,AG34>0),(AG34/(S34*1000)*1000),0) -> 919.28764 | AL34: =+Efficiency2!K111 -> 53.6256 | AM34: =AM33+AL34 -> 1389.4228 | AN34: =+R34/AL34 -> 0.88392484 | AO34: =+S34/AM34 -> 0.92978104
A35: =A34+1 -> 46018 | B35: Facial | C35: 12,5/12 | D35: =+'27'!F42 -> 1400 | E35: =+'27'!G42 -> 1064 | F35: =1-(E35/D35) -> 0.24 | G35: =+P35/N35 -> 0.91146949 | H35: =+P35/L35 -> 0.91146949 | I35: =+R35/P35 -> 1.0428911 | J35: =+R35/L35 -> 0.95056341 | K35: =+S35/M35 -> 0.93053969 | L35: =+SUM(Efficiency1!K115:K116) -> 52.642464 | M35: =M34+L35 -> 1442.0653 | N35: =+SUM(Efficiency1!C115:C116) -> 52.642464 | O35: =O34+N35 -> 1441.4687 | P35: ='27'!I38 -> 47.982 | Q35: =Q34+P35 -> 1372.983 | R35: ='27'!I40 -> 50.04 | S35: =S34+R35 -> 1341.899 | U35: =T35+U34 -> 0 | V35: =T35/P35 -> 0 | W35: =U35/Q35 -> 0 | X35: =IF(AND(R35>0,T35>0),(T35/(R35*1000))*1000,0) -> 0 | Y35: =IF(AND(S35>0,U35>0),U35/S35,0) -> 0 | Z35: 117.3 | AA35: =Z35+AA34 -> 3289 | AB35: =Z35/(P35) -> 2.4446668 | AC35: =AA35/(Q35) -> 2.395514 | AD35: =IF(AND(R35>0,Z35>0),Z35/(R35),0) -> 2.3441247 | AE35: =IF(AND(S35>0,AA35>0),AA35/(S35),0) -> 2.4510041 | AF35: ='27'!I46 -> 49423.229 | AG35: =AF35+AG34 -> 1237013.2 | AH35: =IF(AND(L35>0,AF35>0),(AF35/(P35*1000)*1000),0) -> 1030.0369 | AI35: =IF(AND(M35>0,AG35>0),(AG35/(Q35*1000)*1000),0) -> 900.96763 | AJ35: =IF(AND(R35>0,AF35>0),(AF35/(R35*1000)*1000),0) -> 987.67445 | AK35: =IF(AND(S35>0,AG35>0),(AG35/(S35*1000)*1000),0) -> 921.83782 | AL35: =+SUM(Efficiency2!K115:K116) -> 52.642464 | AM35: =AM34+AL35 -> 1442.0653 | AN35: =+R35/AL35 -> 0.95056341 | AO35: =+S35/AM35 -> 0.93053969
A36: =A35+1 -> 46019 | B36: Facial | C36: 12 | D36: =+'28'!F42 -> 1400 | E36: =+'28'!G42 -> 1064 | F36: =1-(E36/D36) -> 0.24 | G36: =+P36/N36 -> 0.95527645 | H36: =+P36/L36 -> 0.95527645 | I36: =+R36/P36 -> 0.97711562 | J36: =+R36/L36 -> 0.93341554 | K36: =+S36/M36 -> 0.93063742 | L36: =+Efficiency1!K119 -> 50.729818 | M36: =M35+L36 -> 1492.7951 | N36: =+Efficiency1!C119 -> 50.729818 | O36: =O35+N36 -> 1492.1985 | P36: ='28'!I38 -> 48.461 | Q36: =Q35+P36 -> 1421.444 | R36: ='28'!I40 -> 47.352 | S36: =S35+R36 -> 1389.251 | U36: =T36+U35 -> 0 | V36: =T36/P36 -> 0 | W36: =U36/Q36 -> 0 | X36: =IF(AND(R36>0,T36>0),(T36/(R36*1000))*1000,0) -> 0 | Y36: =IF(AND(S36>0,U36>0),U36/S36,0) -> 0 | Z36: 118.2 | AA36: =Z36+AA35 -> 3407.2 | AB36: =Z36/(P36) -> 2.4390747 | AC36: =AA36/(Q36) -> 2.3969991 | AD36: =IF(AND(R36>0,Z36>0),Z36/(R36),0) -> 2.4961987 | AE36: =IF(AND(S36>0,AA36>0),AA36/(S36),0) -> 2.4525446 | AF36: ='28'!I46 -> 53616.462 | AG36: =AF36+AG35 -> 1290629.7 | AH36: =IF(AND(L36>0,AF36>0),(AF36/(P36*1000)*1000),0) -> 1106.3837 | AI36: =IF(AND(M36>0,AG36>0),(AG36/(Q36*1000)*1000),0) -> 907.97084 | AJ36: =IF(AND(R36>0,AF36>0),(AF36/(R36*1000)*1000),0) -> 1132.2956 | AK36: =IF(AND(S36>0,AG36>0),(AG36/(S36*1000)*1000),0) -> 929.01118 | AL36: =+Efficiency2!K119 -> 50.729818 | AM36: =AM35+AL36 -> 1492.7951 | AN36: =+R36/AL36 -> 0.93341554 | AO36: =+S36/AM36 -> 0.93063742
A37: =A36+1 -> 46020 | B37: Facial | C37: 12 | D37: =+'29'!F42 -> 1400 | E37: =+'29'!G42 -> 1064 | F37: =1-(E37/D37) -> 0.24 | G37: =+P37/N37 -> 0.96596474 | H37: =+P37/L37 -> 0.96596474 | I37: =+R37/P37 -> 0.95683925 | J37: =+R37/L37 -> 0.92427298 | K37: =+S37/M37 -> 0.93043553 | L37: =+Efficiency1!K123 -> 48.906547 | M37: =M36+L37 -> 1541.7017 | N37: =+Efficiency1!C123 -> 48.906547 | O37: =O36+N37 -> 1541.1051 | P37: ='29'!I38 -> 47.242 | Q37: =Q36+P37 -> 1468.686 | R37: ='29'!I40 -> 45.203 | S37: =S36+R37 -> 1434.454 | U37: =T37+U36 -> 0 | V37: =T37/P37 -> 0 | W37: =U37/Q37 -> 0 | X37: =IF(AND(R37>0,T37>0),(T37/(R37*1000))*1000,0) -> 0 | Y37: =IF(AND(S37>0,U37>0),U37/S37,0) -> 0 | Z37: 116 | AA37: =Z37+AA36 -> 3523.2 | AB37: =Z37/(P37) -> 2.4554422 | AC37: =AA37/(Q37) -> 2.398879 | AD37: =IF(AND(R37>0,Z37>0),Z37/(R37),0) -> 2.5662014 | AE37: =IF(AND(S37>0,AA37>0),AA37/(S37),0) -> 2.4561262 | AF37: ='29'!I46 -> 45280.98 | AG37: =AF37+AG36 -> 1335910.7 | AH37: =IF(AND(L37>0,AF37>0),(AF37/(P37*1000)*1000),0) -> 958.48989 | AI37: =IF(AND(M37>0,AG37>0),(AG37/(Q37*1000)*1000),0) -> 909.59585 | AJ37: =IF(AND(R37>0,AF37>0),(AF37/(R37*1000)*1000),0) -> 1001.7251 | AK37: =IF(AND(S37>0,AG37>0),(AG37/(S37*1000)*1000),0) -> 931.30256 | AL37: =+Efficiency2!K123 -> 48.906547 | AM37: =AM36+AL37 -> 1541.7017 | AN37: =+R37/AL37 -> 0.92427298 | AO37: =+S37/AM37 -> 0.93043553
A38: =A37+1 -> 46021 | B38: Facial/Toilet | C38: 12/15 | D38: =+'30'!F42 -> 1327.9236 | E38: =+'30'!G42 -> 995.94271 | F38: =1-(E38/D38) -> 0.25 | G38: =+P38/N38 -> 0.94362244 | H38: =+P38/L38 -> 0.94362244 | I38: =+R38/P38 -> 0.97564321 | J38: =+R38/L38 -> 0.92063883 | K38: =+S38/M38 -> 0.93012187 | L38: =+SUM(Efficiency1!K128:K129) -> 50.992852 | M38: =M37+L38 -> 1592.6945 | N38: =+SUM(Efficiency1!C128:C129) -> 50.992852 | O38: =O37+N38 -> 1592.0979 | P38: ='30'!I38 -> 48.118 | Q38: =Q37+P38 -> 1516.804 | R38: ='30'!I40 -> 46.946 | S38: =S37+R38 -> 1481.4 | U38: =T38+U37 -> 0 | V38: =T38/P38 -> 0 | W38: =U38/Q38 -> 0 | X38: =IF(AND(R38>0,T38>0),(T38/(R38*1000))*1000,0) -> 0 | Y38: =IF(AND(S38>0,U38>0),U38/S38,0) -> 0 | Z38: 122.7 | AA38: =Z38+AA37 -> 3645.9 | AB38: =Z38/(P38) -> 2.5499813 | AC38: =AA38/(Q38) -> 2.4036725 | AD38: =IF(AND(R38>0,Z38>0),Z38/(R38),0) -> 2.6136412 | AE38: =IF(AND(S38>0,AA38>0),AA38/(S38),0) -> 2.4611179 | AF38: ='30'!I46 -> 44525.152 | AG38: =AF38+AG37 -> 1380435.8 | AH38: =IF(AND(L38>0,AF38>0),(AF38/(P38*1000)*1000),0) -> 925.33257 | AI38: =IF(AND(M38>0,AG38>0),(AG38/(Q38*1000)*1000),0) -> 910.09507 | AJ38: =IF(AND(R38>0,AF38>0),(AF38/(R38*1000)*1000),0) -> 948.43336 | AK38: =IF(AND(S38>0,AG38>0),(AG38/(S38*1000)*1000),0) -> 931.84544 | AL38: =+SUM(Efficiency2!K128:K129) -> 50.992852 | AM38: =AM37+AL38 -> 1592.6945 | AN38: =+R38/AL38 -> 0.92063883 | AO38: =+S38/AM38 -> 0.93012187
A39: =A38+1 -> 46022 | B39: Toilet | C39: 15 | D39: =+'31'!F42 -> 1249.8958 | E39: =+'31'!G42 -> 937.42188 | F39: =1-(E39/D39) -> 0.25 | G39: =+P39/N39 -> 1.018464 | H39: =+P39/L39 -> 1.018464 | I39: =+R39/P39 -> 0.95480671 | J39: =+R39/L39 -> 0.97243622 | K39: =+S39/M39 -> 0.93153026 | L39: =+Efficiency1!K132 -> 54.836502 | M39: =M38+L39 -> 1647.531 | N39: =+Efficiency1!C132 -> 54.836502 | O39: =O38+N39 -> 1646.9344 | P39: ='31'!I38 -> 55.849 | Q39: =Q38+P39 -> 1572.653 | R39: ='31'!I40 -> 53.325 | S39: =S38+R39 -> 1534.725 | U39: =T39+U38 -> 0 | V39: =T39/P39 -> 0 | W39: =U39/Q39 -> 0 | X39: =IF(AND(R39>0,T39>0),(T39/(R39*1000))*1000,0) -> 0 | Y39: =IF(AND(S39>0,U39>0),U39/S39,0) -> 0 | Z39: 130.6 | AA39: =Z39+AA38 -> 3776.5 | AB39: =Z39/(P39) -> 2.3384483 | AC39: =AA39/(Q39) -> 2.4013562 | AD39: =IF(AND(R39>0,Z39>0),Z39/(R39),0) -> 2.4491327 | AE39: =IF(AND(S39>0,AA39>0),AA39/(S39),0) -> 2.4607014 | AF39: ='31'!I46 -> 41738.34 | AG39: =AF39+AG38 -> 1422174.2 | AH39: =IF(AND(L39>0,AF39>0),(AF39/(P39*1000)*1000),0) -> 747.34265 | AI39: =IF(AND(M39>0,AG39>0),(AG39/(Q39*1000)*1000),0) -> 904.3153 | AJ39: =IF(AND(R39>0,AF39>0),(AF39/(R39*1000)*1000),0) -> 782.71617 | AK39: =IF(AND(S39>0,AG39>0),(AG39/(S39*1000)*1000),0) -> 926.66385 | AL39: =+Efficiency2!K132 -> 54.836502 | AM39: =AM38+AL39 -> 1647.531 | AN39: =+R39/AL39 -> 0.97243622 | AO39: =+S39/AM39 -> 0.93153026
G41: =+P41/N41 -> 0.95489715 | H41: =+P41/L41 -> 0.95455138 | I41: =+R41/P41 -> 0.97588279 | J41: =+R41/L41 -> 0.93153026 | L41: =SUM(L9:L39) -> 1647.531 | N41: =SUM(N9:N39) -> 1646.9344 | P41: =SUM(P9:P39) -> 1572.653 | R41: =SUM(R9:R39) -> 1534.725 | T41: =SUM(T9:T39) -> 0 | V41: =T41/P41 -> 0 | X41: =IF(AND(R41>0,T41>0),(T41/(R41*1000))*1000,0) -> 0 | Z41: =SUM(Z9:Z40) -> 3776.5 | AB41: =Z41/P41 -> 2.4013562 | AD41: =Z41/R41 -> 2.4607014 | AF41: =SUM(AF9:AF39) -> 1422174.2 | AH41: =AF41/P41 -> 904.3153 | AJ41: =AF41/R41 -> 926.66385 | AL41: =SUM(AL9:AL39) -> 1647.531 | AN41: =+R41/AL41 -> 0.93153026

Sheet GRAFIK

Sheet Listrik
A2: MACHINE POWER CONSUMPTION (PER PANEL)
A4: Date | B4: PM (TON) | C4: FINSHED GOODS (TON) | AN4: Total PM16
D5: Vacuum A | H5: Vacuum B | L5: MCC Aux TM | P5: Multi Screen | T5: MCC | X5: Drive Panel | AB5: Aux Panel | AF5: Stock Prep | AJ5: Pulper
D6: KWH | E6: Consumption | F6: /TON PM | G6: /TON FG | H6: KWH | I6: Consumption | J6: /TON PM | K6: /TON FG | L6: KWH | M6: Consumption | N6: /TON PM | O6: /TON FG | P6: KWH | Q6: Consumption | R6: /TON PM | S6: /TON FG | T6: KWH | U6: Consumption | V6: /TON PM | W6: /TON FG | X6: KWH | Y6: Consumption | Z6: /TON PM | AA6: /TON FG | AB6: KWH | AC6: Consumption | AD6: /TON PM | AE6: /TON FG | AF6: KWH | AG6: Consumption | AH6: /TON PM | AI6: /TON FG | AJ6: KWH | AK6: Consumption | AL6: /TON PM | AM6: /TON FG | AN6: Consumption | AO6: /TON PM | AP6: /TON FG
A8: =+Report1!A9 -> 45992 | B8: =+Report1!P9 -> 54.085 | C8: =+Report1!R9 -> 54.765 | D8: =+D7+E8 -> 0 | F8: =E8/B8 -> 0 | G8: =E8/C8 -> 0 | H8: =+H7+I8 -> 0 | I8: 0 | J8: =I8/B8 -> 0 | K8: =I8/C8 -> 0 | L8: =+L7+M8 -> 0 | N8: =M8/B8 -> 0 | O8: =M8/C8 -> 0 | P8: =+P7+Q8 -> 0 | R8: =Q8/B8 -> 0 | S8: =Q8/C8 -> 0 | T8: =+T7+U8 -> 7383.33 | U8: =+[1]DailyDes!AT7 -> 7383.33 | V8: =U8/B8 -> 136.51345 | W8: =U8/C8 -> 134.81841 | X8: =+X7+Y8 -> 14430 | Y8: =+[1]DailyDes!AU7 -> 14430 | Z8: =Y8/B8 -> 266.80226 | AA8: =Y8/C8 -> 263.48945 | AB8: =+AB7+AC8 -> 9749.33 | AC8: =+[1]DailyDes!AV7 -> 9749.33 | AD8: =AC8/B8 -> 180.25941 | AE8: =AC8/C8 -> 178.02118 | AF8: =+AF7+AG8 -> 0 | AG8: =+[1]DailyDes!AW7 -> 0 | AH8: =AG8/B8 -> 0 | AI8: =AG8/C8 -> 0 | AJ8: =+AJ7+AK8 -> 1628.7 | AK8: =+[1]DailyDes!AX7 -> 1628.7 | AL8: =AK8/B8 -> 30.11371 | AM8: =AK8/C8 -> 29.739797 | AN8: =+E8+I8+M8+Q8+U8+Y8+AC8+AG8+AK8 -> 33191.36 | AO8: =AN8/B8 -> 613.68882 | AP8: =AN8/C8 -> 606.06884 | AT8: Off Reel | AU8: Off Rewinder
A9: =A8+1 -> 45993 | B9: =+Report1!P10 -> 53.727 | C9: =+Report1!R10 -> 53.106 | D9: =+D8+E9 -> 0 | F9: =E9/B9 -> 0 | G9: =E9/C9 -> 0 | H9: =+H8+I9 -> 0 | J9: =I9/B9 -> 0 | K9: =I9/C9 -> 0 | L9: =+L8+M9 -> 0 | N9: =M9/B9 -> 0 | O9: =M9/C9 -> 0 | P9: =+P8+Q9 -> 0 | R9: =Q9/B9 -> 0 | S9: =Q9/C9 -> 0 | T9: =+T8+U9 -> 14291.28 | U9: =+[1]DailyDes!AT8 -> 6907.95 | V9: =U9/B9 -> 128.57502 | W9: =U9/C9 -> 130.07852 | X9: =+X8+Y9 -> 29110 | Y9: =+[1]DailyDes!AU8 -> 14680 | Z9: =Y9/B9 -> 273.2332 | AA9: =Y9/C9 -> 276.42828 | AB9: =+AB8+AC9 -> 18959.28 | AC9: =+[1]DailyDes!AV8 -> 9209.95 | AD9: =AC9/B9 -> 171.42126 | AE9: =AC9/C9 -> 173.42579 | AF9: =+AF8+AG9 -> 0 | AG9: =+[1]DailyDes!AW8 -> 0 | AH9: =AG9/B9 -> 0 | AI9: =AG9/C9 -> 0 | AJ9: =+AJ8+AK9 -> 3502.7 | AK9: =+[1]DailyDes!AX8 -> 1874 | AL9: =AK9/B9 -> 34.880042 | AM9: =AK9/C9 -> 35.287915 | AN9: =+E9+I9+M9+Q9+U9+Y9+AC9+AG9+AK9 -> 32671.9 | AO9: =AN9/B9 -> 608.10952 | AP9: =AN9/C9 -> 615.2205 | AT9: Kwh/ ton | AU9: Kwh/ ton
A10: =A9+1 -> 45994 | B10: =+Report1!P11 -> 54.988 | C10: =+Report1!R11 -> 57.096 | D10: =+D9+E10 -> 0 | F10: =E10/B10 -> 0 | G10: =E10/C10 -> 0 | H10: =+H9+I10 -> 0 | J10: =I10/B10 -> 0 | K10: =I10/C10 -> 0 | L10: =+L9+M10 -> 0 | N10: =M10/B10 -> 0 | O10: =M10/C10 -> 0 | P10: =+P9+Q10 -> 0 | R10: =Q10/B10 -> 0 | S10: =Q10/C10 -> 0 | T10: =+T9+U10 -> 21615.7 | U10: =+[1]DailyDes!AT9 -> 7324.42 | V10: =U10/B10 -> 133.20033 | W10: =U10/C10 -> 128.28254 | X10: =+X9+Y10 -> 42110 | Y10: =+[1]DailyDes!AU9 -> 13000 | Z10: =Y10/B10 -> 236.41522 | AA10: =Y10/C10 -> 227.6867 | AB10: =+AB9+AC10 -> 31033.7 | AC10: =+[1]DailyDes!AV9 -> 12074.42 | AD10: =AC10/B10 -> 219.58282 | AE10: =AC10/C10 -> 211.47576 | AF10: =+AF9+AG10 -> 0 | AG10: =+[1]DailyDes!AW9 -> 0 | AH10: =AG10/B10 -> 0 | AI10: =AG10/C10 -> 0 | AJ10: =+AJ9+AK10 -> 5422.7 | AK10: =+[1]DailyDes!AX9 -> 1920 | AL10: =AK10/B10 -> 34.916709 | AM10: =AK10/C10 -> 33.627575 | AN10: =+E10+I10+M10+Q10+U10+Y10+AC10+AG10+AK10 -> 34318.84 | AO10: =AN10/B10 -> 624.11508 | AP10: =AN10/C10 -> 601.07258 | AT10: Kwh/ ton | AU10: Kwh/ ton
A11: =A10+1 -> 45995 | B11: =+Report1!P12 -> 48.894 | C11: =+Report1!R12 -> 41.052 | D11: =+D10+E11 -> 0 | F11: =E11/B11 -> 0 | G11: =E11/C11 -> 0 | H11: =+H10+I11 -> 0 | J11: =I11/B11 -> 0 | K11: =I11/C11 -> 0 | L11: =+L10+M11 -> 0 | N11: =M11/B11 -> 0 | O11: =M11/C11 -> 0 | P11: =+P10+Q11 -> 0 | R11: =Q11/B11 -> 0 | S11: =Q11/C11 -> 0 | T11: =+T10+U11 -> 27901.46 | U11: =+[1]DailyDes!AT10 -> 6285.76 | V11: =U11/B11 -> 128.55892 | W11: =U11/C11 -> 153.11702 | X11: =+X10+Y11 -> 55110 | Y11: =+[1]DailyDes!AU10 -> 13000 | Z11: =Y11/B11 -> 265.88129 | AA11: =Y11/C11 -> 316.67154 | AB11: =+AB10+AC11 -> 38869.46 | AC11: =+[1]DailyDes!AV10 -> 7835.76 | AD11: =AC11/B11 -> 160.26015 | AE11: =AC11/C11 -> 190.87401 | AF11: =+AF10+AG11 -> 0 | AG11: =+[1]DailyDes!AW10 -> 0 | AH11: =AG11/B11 -> 0 | AI11: =AG11/C11 -> 0 | AJ11: =+AJ10+AK11 -> 7502.7 | AK11: =+[1]DailyDes!AX10 -> 2080 | AL11: =AK11/B11 -> 42.541007 | AM11: =AK11/C11 -> 50.667446 | AN11: =+E11+I11+M11+Q11+U11+Y11+AC11+AG11+AK11 -> 29201.52 | AO11: =AN11/B11 -> 597.24138 | AP11: =AN11/C11 -> 711.33002 | AS11: Vacuum B | AT11: =+J39 -> 0 | AU11: =+K39 -> 0
A12: =A11+1 -> 45996 | B12: =+Report1!P13 -> 53.947 | C12: =+Report1!R13 -> 52.134 | D12: =+D11+E12 -> 0 | F12: =E12/B12 -> 0 | G12: =E12/C12 -> 0 | H12: =+H11+I12 -> 0 | J12: =I12/B12 -> 0 | K12: =I12/C12 -> 0 | L12: =+L11+M12 -> 0 | N12: =M12/B12 -> 0 | O12: =M12/C12 -> 0 | P12: =+P11+Q12 -> 0 | R12: =Q12/B12 -> 0 | S12: =Q12/C12 -> 0 | T12: =+T11+U12 -> 35283.37 | U12: =+[1]DailyDes!AT11 -> 7381.91 | V12: =U12/B12 -> 136.83634 | W12: =U12/C12 -> 141.59493 | X12: =+X11+Y12 -> 72110 | Y12: =+[1]DailyDes!AU11 -> 17000 | Z12: =Y12/B12 -> 315.1241 | AA12: =Y12/C12 -> 326.08279 | AB12: =+AB11+AC12 -> 49051.37 | AC12: =+[1]DailyDes!AV11 -> 10181.91 | AD12: =AC12/B12 -> 188.73913 | AE12: =AC12/C12 -> 195.30268 | AF12: =+AF11+AG12 -> 0 | AG12: =+[1]DailyDes!AW11 -> 0 | AH12: =AG12/B12 -> 0 | AI12: =AG12/C12 -> 0 | AJ12: =+AJ11+AK12 -> 9312.7 | AK12: =+[1]DailyDes!AX11 -> 1810 | AL12: =AK12/B12 -> 33.551449 | AM12: =AK12/C12 -> 34.718226 | AN12: =+E12+I12+M12+Q12+U12+Y12+AC12+AG12+AK12 -> 36373.82 | AO12: =AN12/B12 -> 674.25102 | AP12: =AN12/C12 -> 697.69862 | AS12: MCC Aux TM | AT12: =+N39 -> 0 | AU12: =+O39 -> 0
A13: =A12+1 -> 45997 | B13: =+Report1!P14 -> 48.966 | C13: =+Report1!R14 -> 46.979 | D13: =+D12+E13 -> 0 | F13: =E13/B13 -> 0 | G13: =E13/C13 -> 0 | H13: =+H12+I13 -> 0 | J13: =I13/B13 -> 0 | K13: =I13/C13 -> 0 | L13: =+L12+M13 -> 0 | N13: =M13/B13 -> 0 | O13: =M13/C13 -> 0 | P13: =+P12+Q13 -> 0 | R13: =Q13/B13 -> 0 | S13: =Q13/C13 -> 0 | T13: =+T12+U13 -> 42800.36 | U13: =+[1]DailyDes!AT12 -> 7516.99 | V13: =U13/B13 -> 153.51448 | W13: =U13/C13 -> 160.00745 | X13: =+X12+Y13 -> 90110 | Y13: =+[1]DailyDes!AU12 -> 18000 | Z13: =Y13/B13 -> 367.60201 | AA13: =Y13/C13 -> 383.14992 | AB13: =+AB12+AC13 -> 59518.36 | AC13: =+[1]DailyDes!AV12 -> 10466.99 | AD13: =AC13/B13 -> 213.76036 | AE13: =AC13/C13 -> 222.80146 | AF13: =+AF12+AG13 -> 14401.517 | AG13: =+[1]DailyDes!AW12 -> 14401.517 | AH13: =AG13/B13 -> 294.11259 | AI13: =AG13/C13 -> 306.55223 | AJ13: =+AJ12+AK13 -> 11112.7 | AK13: =+[1]DailyDes!AX12 -> 1800 | AL13: =AK13/B13 -> 36.760201 | AM13: =AK13/C13 -> 38.314992 | AN13: =+E13+I13+M13+Q13+U13+Y13+AC13+AG13+AK13 -> 52185.497 | AO13: =AN13/B13 -> 1065.7496 | AP13: =AN13/C13 -> 1110.8261 | AS13: Multi Screen | AT13: =+R39 -> 0 | AU13: =+S39 -> 0
A14: =A13+1 -> 45998 | B14: =+Report1!P15 -> 49.022 | C14: =+Report1!R15 -> 44.481 | D14: =+D13+E14 -> 0 | F14: =E14/B14 -> 0 | G14: =E14/C14 -> 0 | H14: =+H13+I14 -> 0 | J14: =I14/B14 -> 0 | K14: =I14/C14 -> 0 | L14: =+L13+M14 -> 0 | N14: =M14/B14 -> 0 | O14: =M14/C14 -> 0 | P14: =+P13+Q14 -> 0 | R14: =Q14/B14 -> 0 | S14: =Q14/C14 -> 0 | T14: =+T13+U14 -> 50612.15 | U14: =+[1]DailyDes!AT13 -> 7811.79 | V14: =U14/B14 -> 159.35274 | W14: =U14/C14 -> 175.62083 | X14: =+X13+Y14 -> 109110 | Y14: =+[1]DailyDes!AU13 -> 19000 | Z14: =Y14/B14 -> 387.58109 | AA14: =Y14/C14 -> 427.14867 | AB14: =+AB13+AC14 -> 70030.15 | AC14: =+[1]DailyDes!AV13 -> 10511.79 | AD14: =AC14/B14 -> 214.43005 | AE14: =AC14/C14 -> 236.3209 | AF14: =+AF13+AG14 -> 29033.296 | AG14: =+[1]DailyDes!AW13 -> 14631.779 | AH14: =AG14/B14 -> 298.47372 | AI14: =AG14/C14 -> 328.94446 | AJ14: =+AJ13+AK14 -> 13002.7 | AK14: =+[1]DailyDes!AX13 -> 1890 | AL14: =AK14/B14 -> 38.554119 | AM14: =AK14/C14 -> 42.490052 | AN14: =+E14+I14+M14+Q14+U14+Y14+AC14+AG14+AK14 -> 53845.359 | AO14: =AN14/B14 -> 1098.3917 | AP14: =AN14/C14 -> 1210.5249 | AS14: WL II 1250 A (yankee + popereel) | AT14: =+V39 -> 0 | AU14: =+W39 -> 0
A15: =A14+1 -> 45999 | B15: =+Report1!P16 -> 47.913 | C15: =+Report1!R16 -> 54.174 | D15: =+D14+E15 -> 0 | F15: =E15/B15 -> 0 | G15: =E15/C15 -> 0 | H15: =+H14+I15 -> 0 | J15: =I15/B15 -> 0 | K15: =I15/C15 -> 0 | L15: =+L14+M15 -> 0 | N15: =M15/B15 -> 0 | O15: =M15/C15 -> 0 | P15: =+P14+Q15 -> 0 | R15: =Q15/B15 -> 0 | S15: =Q15/C15 -> 0 | T15: =+T14+U15 -> 58077.34 | U15: =+[1]DailyDes!AT14 -> 7465.19 | V15: =U15/B15 -> 155.80719 | W15: =U15/C15 -> 137.80024 | X15: =+X14+Y15 -> 127110 | Y15: =+[1]DailyDes!AU14 -> 18000 | Z15: =Y15/B15 -> 375.68092 | AA15: =Y15/C15 -> 332.26271 | AB15: =+AB14+AC15 -> 80145.34 | AC15: =+[1]DailyDes!AV14 -> 10115.19 | AD15: =AC15/B15 -> 211.11577 | AE15: =AC15/C15 -> 186.71669 | AF15: =+AF14+AG15 -> 42994.569 | AG15: =+[1]DailyDes!AW14 -> 13961.273 | AH15: =AG15/B15 -> 291.38799 | AI15: =AG15/C15 -> 257.71169 | AJ15: =+AJ14+AK15 -> 14932.7 | AK15: =+[1]DailyDes!AX14 -> 1930 | AL15: =AK15/B15 -> 40.281343 | AM15: =AK15/C15 -> 35.625946 | AN15: =+E15+I15+M15+Q15+U15+Y15+AC15+AG15+AK15 -> 51471.653 | AO15: =AN15/B15 -> 1074.2732 | AP15: =AN15/C15 -> 950.11727 | AS15: WL II 3200 A (Hood, Fan Pump, Felt & Wire) | AT15: =+Z39 -> 0 | AU15: =+AA39 -> 0
A16: =A15+1 -> 46000 | B16: =+Report1!P17 -> 47.443 | C16: =+Report1!R17 -> 49.234 | D16: =+D15+E16 -> 0 | F16: =E16/B16 -> 0 | G16: =E16/C16 -> 0 | H16: =+H15+I16 -> 0 | J16: =I16/B16 -> 0 | K16: =I16/C16 -> 0 | L16: =+L15+M16 -> 0 | N16: =M16/B16 -> 0 | O16: =M16/C16 -> 0 | P16: =+P15+Q16 -> 0 | R16: =Q16/B16 -> 0 | S16: =Q16/C16 -> 0 | T16: =+T15+U16 -> 64076.5 | U16: =+[1]DailyDes!AT15 -> 5999.16 | V16: =U16/B16 -> 126.44985 | W16: =U16/C16 -> 121.84994 | X16: =+X15+Y16 -> 146110 | Y16: =+[1]DailyDes!AU15 -> 19000 | Z16: =Y16/B16 -> 400.48058 | AA16: =Y16/C16 -> 385.91217 | AB16: =+AB15+AC16 -> 90844.5 | AC16: =+[1]DailyDes!AV15 -> 10699.16 | AD16: =AC16/B16 -> 225.51609 | AE16: =AC16/C16 -> 217.31243 | AF16: =+AF15+AG16 -> 56792.857 | AG16: =+[1]DailyDes!AW15 -> 13798.288 | AH16: =AG16/B16 -> 290.83929 | AI16: =AG16/C16 -> 280.25934 | AJ16: =+AJ15+AK16 -> 16932.7 | AK16: =+[1]DailyDes!AX15 -> 2000 | AL16: =AK16/B16 -> 42.15585 | AM16: =AK16/C16 -> 40.622334 | AN16: =+E16+I16+M16+Q16+U16+Y16+AC16+AG16+AK16 -> 51496.608 | AO16: =AN16/B16 -> 1085.4417 | AP16: =AN16/C16 -> 1045.9562 | AT16: =SUM(AT10:AT15) -> 0 | AU16: =SUM(AU10:AU15) -> 0
A17: =A16+1 -> 46001 | B17: =+Report1!P18 -> 49.963 | C17: =+Report1!R18 -> 49.491 | D17: =+D16+E17 -> 0 | F17: =E17/B17 -> 0 | G17: =E17/C17 -> 0 | H17: =+H16+I17 -> 0 | J17: =I17/B17 -> 0 | K17: =I17/C17 -> 0 | L17: =+L16+M17 -> 0 | N17: =M17/B17 -> 0 | O17: =M17/C17 -> 0 | P17: =+P16+Q17 -> 0 | R17: =Q17/B17 -> 0 | S17: =Q17/C17 -> 0 | T17: =+T16+U17 -> 72552.8 | U17: =+[1]DailyDes!AT16 -> 8476.3 | V17: =U17/B17 -> 169.65154 | W17: =U17/C17 -> 171.26952 | X17: =+X16+Y17 -> 165110 | Y17: =+[1]DailyDes!AU16 -> 19000 | Z17: =Y17/B17 -> 380.28141 | AA17: =Y17/C17 -> 383.90819 | AB17: =+AB16+AC17 -> 101420.8 | AC17: =+[1]DailyDes!AV16 -> 10576.3 | AD17: =AC17/B17 -> 211.68265 | AE17: =AC17/C17 -> 213.70148 | AF17: =+AF16+AG17 -> 70812.216 | AG17: =+[1]DailyDes!AW16 -> 14019.359 | AH17: =AG17/B17 -> 280.59482 | AI17: =AG17/C17 -> 283.27088 | AJ17: =+AJ16+AK17 -> 19442.7 | AK17: =+[1]DailyDes!AX16 -> 2510 | AL17: =AK17/B17 -> 50.237176 | AM17: =AK17/C17 -> 50.716292 | AN17: =+E17+I17+M17+Q17+U17+Y17+AC17+AG17+AK17 -> 54581.959 | AO17: =AN17/B17 -> 1092.4476 | AP17: =AN17/C17 -> 1102.8664 | AR17: Stockprep | AS17: Stock Prep & UTM 1 (3200 A) | AT17: =+AD39 -> 0 | AU17: =+AE39 -> 0
A18: =A17+1 -> 46002 | B18: =+Report1!P19 -> 46.855 | C18: =+Report1!R19 -> 42.121 | D18: =+D17+E18 -> 0 | F18: =E18/B18 -> 0 | G18: =E18/C18 -> 0 | H18: =+H17+I18 -> 0 | J18: =I18/B18 -> 0 | K18: =I18/C18 -> 0 | L18: =+L17+M18 -> 0 | N18: =M18/B18 -> 0 | O18: =M18/C18 -> 0 | P18: =+P17+Q18 -> 0 | R18: =Q18/B18 -> 0 | S18: =Q18/C18 -> 0 | T18: =+T17+U18 -> 79655.42 | U18: =+[1]DailyDes!AT17 -> 7102.62 | V18: =U18/B18 -> 151.58724 | W18: =U18/C18 -> 168.6242 | X18: =+X17+Y18 -> 183110 | Y18: =+[1]DailyDes!AU17 -> 18000 | Z18: =Y18/B18 -> 384.16391 | AA18: =Y18/C18 -> 427.34028 | AB18: =+AB17+AC18 -> 110723.42 | AC18: =+[1]DailyDes!AV17 -> 9302.62 | AD18: =AC18/B18 -> 198.5406 | AE18: =AC18/C18 -> 220.85468 | AF18: =+AF17+AG18 -> 82604.56 | AG18: =+[1]DailyDes!AW17 -> 11792.344 | AH18: =AG18/B18 -> 251.67738 | AI18: =AG18/C18 -> 279.96352 | AJ18: =+AJ17+AK18 -> 21832.7 | AK18: =+[1]DailyDes!AX17 -> 2390 | AL18: =AK18/B18 -> 51.00843 | AM18: =AK18/C18 -> 56.741293 | AN18: =+E18+I18+M18+Q18+U18+Y18+AC18+AG18+AK18 -> 48587.584 | AO18: =AN18/B18 -> 1036.9776 | AP18: =AN18/C18 -> 1153.524 | AS18: Stock Prep & UTM 2 (3200 A) | AT18: =+AH39 -> 0 | AU18: =+AI39 -> 0
A19: =A18+1 -> 46003 | B19: =+Report1!P20 -> 46.278 | C19: =+Report1!R20 -> 42.797 | D19: =+D18+E19 -> 0 | F19: =E19/B19 -> 0 | G19: =E19/C19 -> 0 | H19: =+H18+I19 -> 0 | J19: =I19/B19 -> 0 | K19: =I19/C19 -> 0 | L19: =+L18+M19 -> 0 | N19: =M19/B19 -> 0 | O19: =M19/C19 -> 0 | P19: =+P18+Q19 -> 0 | R19: =Q19/B19 -> 0 | S19: =Q19/C19 -> 0 | T19: =+T18+U19 -> 87344.66 | U19: =+[1]DailyDes!AT18 -> 7689.24 | V19: =U19/B19 -> 166.15325 | W19: =U19/C19 -> 179.66773 | X19: =+X18+Y19 -> 202110 | Y19: =+[1]DailyDes!AU18 -> 19000 | Z19: =Y19/B19 -> 410.56225 | AA19: =Y19/C19 -> 443.95635 | AB19: =+AB18+AC19 -> 121712.66 | AC19: =+[1]DailyDes!AV18 -> 10989.24 | AD19: =AC19/B19 -> 237.46143 | AE19: =AC19/C19 -> 256.77594 | AF19: =+AF18+AG19 -> 95936.258 | AG19: =+[1]DailyDes!AW18 -> 13331.698 | AH19: =AG19/B19 -> 288.07852 | AI19: =AG19/C19 -> 311.5101 | AJ19: =+AJ18+AK19 -> 24252.7 | AK19: =+[1]DailyDes!AX18 -> 2420 | AL19: =AK19/B19 -> 52.292666 | AM19: =AK19/C19 -> 56.54602 | AN19: =+E19+I19+M19+Q19+U19+Y19+AC19+AG19+AK19 -> 53430.178 | AO19: =AN19/B19 -> 1154.5481 | AP19: =AN19/C19 -> 1248.4561 | AT19: =SUM(AT17:AT18) -> 0 | AU19: =SUM(AU17:AU18) -> 0
A20: =A19+1 -> 46004 | B20: =+Report1!P21 -> 49.023 | C20: =+Report1!R21 -> 48.721 | D20: =+D19+E20 -> 0 | F20: =E20/B20 -> 0 | G20: =E20/C20 -> 0 | H20: =+H19+I20 -> 0 | J20: =I20/B20 -> 0 | K20: =I20/C20 -> 0 | L20: =+L19+M20 -> 0 | N20: =M20/B20 -> 0 | O20: =M20/C20 -> 0 | P20: =+P19+Q20 -> 0 | R20: =Q20/B20 -> 0 | S20: =Q20/C20 -> 0 | T20: =+T19+U20 -> 95700.07 | U20: =+[1]DailyDes!AT19 -> 8355.41 | V20: =U20/B20 -> 170.43857 | W20: =U20/C20 -> 171.49504 | X20: =+X19+Y20 -> 220110 | Y20: =+[1]DailyDes!AU19 -> 18000 | Z20: =Y20/B20 -> 367.17459 | AA20: =Y20/C20 -> 369.45054 | AB20: =+AB19+AC20 -> 132818.07 | AC20: =+[1]DailyDes!AV19 -> 11105.41 | AD20: =AC20/B20 -> 226.53469 | AE20: =AC20/C20 -> 227.93888 | AF20: =+AF19+AG20 -> 109802.57 | AG20: =+[1]DailyDes!AW19 -> 13866.308 | AH20: =AG20/B20 -> 282.8531 | AI20: =AG20/C20 -> 284.60639 | AJ20: =+AJ19+AK20 -> 26642.7 | AK20: =+[1]DailyDes!AX19 -> 2390 | AL20: =AK20/B20 -> 48.752626 | AM20: =AK20/C20 -> 49.054822 | AN20: =+E20+I20+M20+Q20+U20+Y20+AC20+AG20+AK20 -> 53717.128 | AO20: =AN20/B20 -> 1095.7536 | AP20: =AN20/C20 -> 1102.5457 | AR20: Rewinder | AS20: Rewinder 1 (800 A) | AT20: =+AL39 -> 0 | AU20: =+AM39 -> 0
A21: =A20+1 -> 46005 | B21: =+Report1!P22 -> 48.05 | C21: =+Report1!R22 -> 46.696 | D21: =+D20+E21 -> 0 | F21: =E21/B21 -> 0 | G21: =E21/C21 -> 0 | H21: =+H20+I21 -> 0 | J21: =I21/B21 -> 0 | K21: =I21/C21 -> 0 | L21: =+L20+M21 -> 0 | N21: =M21/B21 -> 0 | O21: =M21/C21 -> 0 | P21: =+P20+Q21 -> 0 | R21: =Q21/B21 -> 0 | S21: =Q21/C21 -> 0 | T21: =+T20+U21 -> 101853.48 | U21: =+[1]DailyDes!AT20 -> 6153.41 | V21: =U21/B21 -> 128.06264 | W21: =U21/C21 -> 131.77596 | X21: =+X20+Y21 -> 239110 | Y21: =+[1]DailyDes!AU20 -> 19000 | Z21: =Y21/B21 -> 395.42144 | AA21: =Y21/C21 -> 406.8871 | AB21: =+AB20+AC21 -> 140671.48 | AC21: =+[1]DailyDes!AV20 -> 7853.41 | AD21: =AC21/B21 -> 163.44246 | AE21: =AC21/C21 -> 168.18164 | AF21: =+AF20+AG21 -> 122245.05 | AG21: =+[1]DailyDes!AW20 -> 12442.48 | AH21: =AG21/B21 -> 258.9486 | AI21: =AG21/C21 -> 266.45709 | AJ21: =+AJ20+AK21 -> 28352.7 | AK21: =+[1]DailyDes!AX20 -> 1710 | AL21: =AK21/B21 -> 35.587929 | AM21: =AK21/C21 -> 36.619839 | AN21: =+E21+I21+M21+Q21+U21+Y21+AC21+AG21+AK21 -> 47159.3 | AO21: =AN21/B21 -> 981.46306 | AP21: =AN21/C21 -> 1009.9216 | AS21: Rewinder 2 (800A) | AT21: =+#REF! -> #REF! | AU21: =+#REF! -> #REF!
A22: =A21+1 -> 46006 | B22: =+Report1!P23 -> 44.035 | C22: =+Report1!R23 -> 38.724 | D22: =+D21+E22 -> 0 | F22: =E22/B22 -> 0 | G22: =E22/C22 -> 0 | H22: =+H21+I22 -> 0 | J22: =I22/B22 -> 0 | K22: =I22/C22 -> 0 | L22: =+L21+M22 -> 0 | N22: =M22/B22 -> 0 | O22: =M22/C22 -> 0 | P22: =+P21+Q22 -> 0 | R22: =Q22/B22 -> 0 | S22: =Q22/C22 -> 0 | T22: =+T21+U22 -> 109239.03 | U22: =+[1]DailyDes!AT21 -> 7385.55 | V22: =U22/B22 -> 167.72 | W22: =U22/C22 -> 190.72281 | X22: =+X21+Y22 -> 256110 | Y22: =+[1]DailyDes!AU21 -> 17000 | Z22: =Y22/B22 -> 386.05655 | AA22: =Y22/C22 -> 439.00424 | AB22: =+AB21+AC22 -> 149252.03 | AC22: =+[1]DailyDes!AV21 -> 8580.55 | AD22: =AC22/B22 -> 194.8575 | AE22: =AC22/C22 -> 221.58222 | AF22: =+AF21+AG22 -> 134579.94 | AG22: =+[1]DailyDes!AW21 -> 12334.892 | AH22: =AG22/B22 -> 280.11565 | AI22: =AG22/C22 -> 318.53353 | AJ22: =+AJ21+AK22 -> 30032.7 | AK22: =+[1]DailyDes!AX21 -> 1680 | AL22: =AK22/B22 -> 38.15147 | AM22: =AK22/C22 -> 43.383948 | AN22: =+E22+I22+M22+Q22+U22+Y22+AC22+AG22+AK22 -> 46980.992 | AO22: =AN22/B22 -> 1066.9012 | AP22: =AN22/C22 -> 1213.2267 | AT22: =SUM(AT20:AT21) -> #REF! | AU22: =SUM(AU20:AU21) -> #REF!
A23: =A22+1 -> 46007 | B23: =+Report1!P24 -> 47.821 | C23: =+Report1!R24 -> 45.914 | D23: =+D22+E23 -> 0 | F23: =E23/B23 -> 0 | G23: =E23/C23 -> 0 | H23: =+H22+I23 -> 0 | J23: =I23/B23 -> 0 | K23: =I23/C23 -> 0 | L23: =+L22+M23 -> 0 | N23: =M23/B23 -> 0 | O23: =M23/C23 -> 0 | P23: =+P22+Q23 -> 0 | R23: =Q23/B23 -> 0 | S23: =Q23/C23 -> 0 | T23: =+T22+U23 -> 115930.8 | U23: =+[1]DailyDes!AT22 -> 6691.77 | V23: =U23/B23 -> 139.93371 | W23: =U23/C23 -> 145.74574 | X23: =+X22+Y23 -> 273110 | Y23: =+[1]DailyDes!AU22 -> 17000 | Z23: =Y23/B23 -> 355.49236 | AA23: =Y23/C23 -> 370.25744 | AB23: =+AB22+AC23 -> 158098.8 | AC23: =+[1]DailyDes!AV22 -> 8846.77 | AD23: =AC23/B23 -> 184.9976 | AE23: =AC23/C23 -> 192.68132 | AF23: =+AF22+AG23 -> 146769.97 | AG23: =+[1]DailyDes!AW22 -> 12190.035 | AH23: =AG23/B23 -> 254.90965 | AI23: =AG23/C23 -> 265.49711 | AJ23: =+AJ22+AK23 -> 31772.7 | AK23: =+[1]DailyDes!AX22 -> 1740 | AL23: =AK23/B23 -> 36.385688 | AM23: =AK23/C23 -> 37.896938 | AN23: =+E23+I23+M23+Q23+U23+Y23+AC23+AG23+AK23 -> 46468.575 | AO23: =AN23/B23 -> 971.719 | AP23: =AN23/C23 -> 1012.0785
A24: =A23+1 -> 46008 | B24: =+Report1!P25 -> 52.367 | C24: =+Report1!R25 -> 53.536 | D24: =+D23+E24 -> 0 | F24: =E24/B24 -> 0 | G24: =E24/C24 -> 0 | H24: =+H23+I24 -> 0 | J24: =I24/B24 -> 0 | K24: =I24/C24 -> 0 | L24: =+L23+M24 -> 0 | N24: =M24/B24 -> 0 | O24: =M24/C24 -> 0 | P24: =+P23+Q24 -> 0 | R24: =Q24/B24 -> 0 | S24: =Q24/C24 -> 0 | T24: =+T23+U24 -> 123573.36 | U24: =+[1]DailyDes!AT23 -> 7642.56 | V24: =U24/B24 -> 145.94229 | W24: =U24/C24 -> 142.75553 | X24: =+X23+Y24 -> 284110 | Y24: =+[1]DailyDes!AU23 -> 11000 | Z24: =Y24/B24 -> 210.05595 | AA24: =Y24/C24 -> 205.46922 | AB24: =+AB23+AC24 -> 167341.36 | AC24: =+[1]DailyDes!AV23 -> 9242.56 | AD24: =AC24/B24 -> 176.49588 | AE24: =AC24/C24 -> 172.64196 | AF24: =+AF23+AG24 -> 161035.59 | AG24: =+[1]DailyDes!AW23 -> 14265.619 | AH24: =AG24/B24 -> 272.4162 | AI24: =AG24/C24 -> 266.46778 | AJ24: =+AJ23+AK24 -> 33482.7 | AK24: =+[1]DailyDes!AX23 -> 1710 | AL24: =AK24/B24 -> 32.654152 | AM24: =AK24/C24 -> 31.941124 | AN24: =+E24+I24+M24+Q24+U24+Y24+AC24+AG24+AK24 -> 43860.739 | AO24: =AN24/B24 -> 837.56448 | AP24: =AN24/C24 -> 819.27561 | AS24: Total | AT24: =+AT16+AT19+AT22 -> #REF! | AU24: =+AU16+AU19+AU22 -> #REF!
A25: =A24+1 -> 46009 | B25: =+Report1!P26 -> 56.114 | C25: =+Report1!R26 -> 51.193 | D25: =+D24+E25 -> 0 | F25: =E25/B25 -> 0 | G25: =E25/C25 -> 0 | H25: =+H24+I25 -> 0 | J25: =I25/B25 -> 0 | K25: =I25/C25 -> 0 | L25: =+L24+M25 -> 0 | N25: =M25/B25 -> 0 | O25: =M25/C25 -> 0 | P25: =+P24+Q25 -> 0 | R25: =Q25/B25 -> 0 | S25: =Q25/C25 -> 0 | T25: =+T24+U25 -> 129569.26 | U25: =+[1]DailyDes!AT24 -> 5995.9 | V25: =U25/B25 -> 106.85212 | W25: =U25/C25 -> 117.12343 | X25: =+X24+Y25 -> 295110 | Y25: =+[1]DailyDes!AU24 -> 11000 | Z25: =Y25/B25 -> 196.02951 | AA25: =Y25/C25 -> 214.87313 | AB25: =+AB24+AC25 -> 176237.26 | AC25: =+[1]DailyDes!AV24 -> 8895.9 | AD25: =AC25/B25 -> 158.53263 | AE25: =AC25/C25 -> 173.7718 | AF25: =+AF24+AG25 -> 174183.82 | AG25: =+[1]DailyDes!AW24 -> 13148.224 | AH25: =AG25/B25 -> 234.31272 | AI25: =AG25/C25 -> 256.83637 | AJ25: =+AJ24+AK25 -> 35272.7 | AK25: =+[1]DailyDes!AX24 -> 1790 | AL25: =AK25/B25 -> 31.899348 | AM25: =AK25/C25 -> 34.965718 | AN25: =+E25+I25+M25+Q25+U25+Y25+AC25+AG25+AK25 -> 40830.024 | AO25: =AN25/B25 -> 727.62634 | AP25: =AN25/C25 -> 797.57045
A26: =A25+1 -> 46010 | B26: =+Report1!P27 -> 59.562 | C26: =+Report1!R27 -> 55.948 | D26: =+D25+E26 -> 0 | F26: =E26/B26 -> 0 | G26: =E26/C26 -> 0 | H26: =+H25+I26 -> 0 | J26: =I26/B26 -> 0 | K26: =I26/C26 -> 0 | L26: =+L25+M26 -> 0 | N26: =M26/B26 -> 0 | O26: =M26/C26 -> 0 | P26: =+P25+Q26 -> 0 | R26: =Q26/B26 -> 0 | S26: =Q26/C26 -> 0 | T26: =+T25+U26 -> 136571.99 | U26: =+[1]DailyDes!AT25 -> 7002.73 | V26: =U26/B26 -> 117.57043 | W26: =U26/C26 -> 125.16497 | X26: =+X25+Y26 -> 308110 | Y26: =+[1]DailyDes!AU25 -> 13000 | Z26: =Y26/B26 -> 218.25996 | AA26: =Y26/C26 -> 232.35862 | AB26: =+AB25+AC26 -> 185289.99 | AC26: =+[1]DailyDes!AV25 -> 9052.73 | AD26: =AC26/B26 -> 151.98835 | AE26: =AC26/C26 -> 161.80614 | AF26: =+AF25+AG26 -> 187816.18 | AG26: =+[1]DailyDes!AW25 -> 13632.361 | AH26: =AG26/B26 -> 228.87682 | AI26: =AG26/C26 -> 243.66128 | AJ26: =+AJ25+AK26 -> 37092.7 | AK26: =+[1]DailyDes!AX25 -> 1820 | AL26: =AK26/B26 -> 30.556395 | AM26: =AK26/C26 -> 32.530207 | AN26: =+E26+I26+M26+Q26+U26+Y26+AC26+AG26+AK26 -> 44507.821 | AO26: =AN26/B26 -> 747.25196 | AP26: =AN26/C26 -> 795.52122 | AS26: LEBIH TINGGI DARI OFF REEL | AU26: =+AU24/AT24-1 -> #REF!
A27: =A26+1 -> 46011 | B27: =+Report1!P28 -> 54.967 | C27: =+Report1!R28 -> 61.437 | D27: =+D26+E27 -> 0 | F27: =E27/B27 -> 0 | G27: =E27/C27 -> 0 | H27: =+H26+I27 -> 0 | J27: =I27/B27 -> 0 | K27: =I27/C27 -> 0 | L27: =+L26+M27 -> 0 | N27: =M27/B27 -> 0 | O27: =M27/C27 -> 0 | P27: =+P26+Q27 -> 0 | R27: =Q27/B27 -> 0 | S27: =Q27/C27 -> 0 | T27: =+T26+U27 -> 143488.85 | U27: =+[1]DailyDes!AT26 -> 6916.86 | V27: =U27/B27 -> 125.83659 | W27: =U27/C27 -> 112.5846 | X27: =+X26+Y27 -> 323110 | Y27: =+[1]DailyDes!AU26 -> 15000 | Z27: =Y27/B27 -> 272.89101 | AA27: =Y27/C27 -> 244.15255 | AB27: =+AB26+AC27 -> 193856.85 | AC27: =+[1]DailyDes!AV26 -> 8566.86 | AD27: =AC27/B27 -> 155.8546 | AE27: =AC27/C27 -> 139.44138 | AF27: =+AF26+AG27 -> 200209.98 | AG27: =+[1]DailyDes!AW26 -> 12393.801 | AH27: =AG27/B27 -> 225.47712 | AI27: =AG27/C27 -> 201.73187 | AJ27: =+AJ26+AK27 -> 38882.7 | AK27: =+[1]DailyDes!AX26 -> 1790 | AL27: =AK27/B27 -> 32.564994 | AM27: =AK27/C27 -> 29.135537 | AN27: =+E27+I27+M27+Q27+U27+Y27+AC27+AG27+AK27 -> 44667.521 | AO27: =AN27/B27 -> 812.62432 | AP27: =AN27/C27 -> 727.04593
A28: =A27+1 -> 46012 | B28: =+Report1!P29 -> 53.403 | C28: =+Report1!R29 -> 49.656 | D28: =+D27+E28 -> 0 | F28: =E28/B28 -> 0 | G28: =E28/C28 -> 0 | H28: =+H27+I28 -> 0 | J28: =I28/B28 -> 0 | K28: =I28/C28 -> 0 | L28: =+L27+M28 -> 0 | N28: =M28/B28 -> 0 | O28: =M28/C28 -> 0 | P28: =+P27+Q28 -> 0 | R28: =Q28/B28 -> 0 | S28: =Q28/C28 -> 0 | T28: =+T27+U28 -> 150588.44 | U28: =+[1]DailyDes!AT27 -> 7099.59 | V28: =U28/B28 -> 132.94365 | W28: =U28/C28 -> 142.97547 | X28: =+X27+Y28 -> 337430 | Y28: =+[1]DailyDes!AU27 -> 14320 | Z28: =Y28/B28 -> 268.14973 | AA28: =Y28/C28 -> 288.38408 | AB28: =+AB27+AC28 -> 202785.44 | AC28: =+[1]DailyDes!AV27 -> 8928.59 | AD28: =AC28/B28 -> 167.19267 | AE28: =AC28/C28 -> 179.80889 | AF28: =+AF27+AG28 -> 213216.89 | AG28: =+[1]DailyDes!AW27 -> 13006.909 | AH28: =AG28/B28 -> 243.5614 | AI28: =AG28/C28 -> 261.94033 | AJ28: =+AJ27+AK28 -> 40718.3 | AK28: =+[1]DailyDes!AX27 -> 1835.6 | AL28: =AK28/B28 -> 34.372601 | AM28: =AK28/C28 -> 36.966328 | AN28: =+E28+I28+M28+Q28+U28+Y28+AC28+AG28+AK28 -> 45190.689 | AO28: =AN28/B28 -> 846.22005 | AP28: =AN28/C28 -> 910.0751
A29: =A28+1 -> 46013 | B29: =+Report1!P30 -> 54.656 | C29: =+Report1!R30 -> 55.547 | D29: =+D28+E29 -> 0 | F29: =E29/B29 -> 0 | G29: =E29/C29 -> 0 | H29: =+H28+I29 -> 0 | J29: =I29/B29 -> 0 | K29: =I29/C29 -> 0 | L29: =+L28+M29 -> 0 | N29: =M29/B29 -> 0 | O29: =M29/C29 -> 0 | P29: =+P28+Q29 -> 0 | R29: =Q29/B29 -> 0 | S29: =Q29/C29 -> 0 | T29: =+T28+U29 -> 156478.83 | U29: =+[1]DailyDes!AT28 -> 5890.39 | V29: =U29/B29 -> 107.77207 | W29: =U29/C29 -> 106.04335 | X29: =+X28+Y29 -> 353510 | Y29: =+[1]DailyDes!AU28 -> 16080 | Z29: =Y29/B29 -> 294.20375 | AA29: =Y29/C29 -> 289.48458 | AB29: =+AB28+AC29 -> 211379.83 | AC29: =+[1]DailyDes!AV28 -> 8594.39 | AD29: =AC29/B29 -> 157.24513 | AE29: =AC29/C29 -> 154.72285 | AF29: =+AF28+AG29 -> 226105.25 | AG29: =+[1]DailyDes!AW28 -> 12888.364 | AH29: =AG29/B29 -> 235.80877 | AI29: =AG29/C29 -> 232.02629 | AJ29: =+AJ28+AK29 -> 42418.9 | AK29: =+[1]DailyDes!AX28 -> 1700.6 | AL29: =AK29/B29 -> 31.114608 | AM29: =AK29/C29 -> 30.615515 | AN29: =+E29+I29+M29+Q29+U29+Y29+AC29+AG29+AK29 -> 45153.744 | AO29: =AN29/B29 -> 826.14432 | AP29: =AN29/C29 -> 812.89258
A30: =A29+1 -> 46014 | B30: =+Report1!P31 -> 53.446 | C30: =+Report1!R31 -> 50.735 | D30: =+D29+E30 -> 0 | F30: =E30/B30 -> 0 | G30: =E30/C30 -> 0 | H30: =+H29+I30 -> 0 | J30: =I30/B30 -> 0 | K30: =I30/C30 -> 0 | L30: =+L29+M30 -> 0 | N30: =M30/B30 -> 0 | O30: =M30/C30 -> 0 | P30: =+P29+Q30 -> 0 | R30: =Q30/B30 -> 0 | S30: =Q30/C30 -> 0 | T30: =+T29+U30 -> 164020.03 | U30: =+[1]DailyDes!AT29 -> 7541.2 | V30: =U30/B30 -> 141.09943 | W30: =U30/C30 -> 148.63901 | X30: =+X29+Y30 -> 369840 | Y30: =+[1]DailyDes!AU29 -> 16330 | Z30: =Y30/B30 -> 305.54204 | AA30: =Y30/C30 -> 321.86853 | AB30: =+AB29+AC30 -> 220871.03 | AC30: =+[1]DailyDes!AV29 -> 9491.2 | AD30: =AC30/B30 -> 177.58485 | AE30: =AC30/C30 -> 187.07401 | AF30: =+AF29+AG30 -> 238974.22 | AG30: =+[1]DailyDes!AW29 -> 12868.964 | AH30: =AG30/B30 -> 240.78442 | AI30: =AG30/C30 -> 253.65062 | AJ30: =+AJ29+AK30 -> 44087.8 | AK30: =+[1]DailyDes!AX29 -> 1668.9 | AL30: =AK30/B30 -> 31.22591 | AM30: =AK30/C30 -> 32.894452 | AN30: =+E30+I30+M30+Q30+U30+Y30+AC30+AG30+AK30 -> 47900.264 | AO30: =AN30/B30 -> 896.23665 | AP30: =AN30/C30 -> 944.12662
A31: =A30+1 -> 46015 | B31: =+Report1!P32 -> 50.458 | C31: =+Report1!R32 -> 52.133 | D31: =+D30+E31 -> 0 | F31: =E31/B31 -> 0 | G31: =E31/C31 -> 0 | H31: =+H30+I31 -> 0 | J31: =I31/B31 -> 0 | K31: =I31/C31 -> 0 | L31: =+L30+M31 -> 0 | N31: =M31/B31 -> 0 | O31: =M31/C31 -> 0 | P31: =+P30+Q31 -> 0 | R31: =Q31/B31 -> 0 | S31: =Q31/C31 -> 0 | T31: =+T30+U31 -> 170779.72 | U31: =+[1]DailyDes!AT30 -> 6759.69 | V31: =U31/B31 -> 133.96667 | W31: =U31/C31 -> 129.6624 | X31: =+X30+Y31 -> 388480 | Y31: =+[1]DailyDes!AU30 -> 18640 | Z31: =Y31/B31 -> 369.41615 | AA31: =Y31/C31 -> 357.54704 | AB31: =+AB30+AC31 -> 229889.72 | AC31: =+[1]DailyDes!AV30 -> 9018.69 | AD31: =AC31/B31 -> 178.73657 | AE31: =AC31/C31 -> 172.99388 | AF31: =+AF30+AG31 -> 251362.4 | AG31: =+[1]DailyDes!AW30 -> 12388.189 | AH31: =AG31/B31 -> 245.51486 | AI31: =AG31/C31 -> 237.62662 | AJ31: =+AJ30+AK31 -> 45834.6 | AK31: =+[1]DailyDes!AX30 -> 1746.8 | AL31: =AK31/B31 -> 34.618891 | AM31: =AK31/C31 -> 33.506608 | AN31: =+E31+I31+M31+Q31+U31+Y31+AC31+AG31+AK31 -> 48553.369 | AO31: =AN31/B31 -> 962.25314 | AP31: =AN31/C31 -> 931.33656
A32: =A31+1 -> 46016 | B32: =+Report1!P33 -> 50.438 | C32: =+Report1!R33 -> 46.788 | D32: =+D31+E32 -> 0 | F32: =E32/B32 -> 0 | G32: =E32/C32 -> 0 | H32: =+H31+I32 -> 0 | J32: =I32/B32 -> 0 | K32: =I32/C32 -> 0 | L32: =+L31+M32 -> 0 | N32: =M32/B32 -> 0 | O32: =M32/C32 -> 0 | P32: =+P31+Q32 -> 0 | R32: =Q32/B32 -> 0 | S32: =Q32/C32 -> 0 | T32: =+T31+U32 -> 177747.65 | U32: =+[1]DailyDes!AT31 -> 6967.93 | V32: =U32/B32 -> 138.14842 | W32: =U32/C32 -> 148.92558 | X32: =+X31+Y32 -> 408110 | Y32: =+[1]DailyDes!AU31 -> 19630 | Z32: =Y32/B32 -> 389.19069 | AA32: =Y32/C32 -> 419.55202 | AB32: =+AB31+AC32 -> 239165.65 | AC32: =+[1]DailyDes!AV31 -> 9275.93 | AD32: =AC32/B32 -> 183.90757 | AE32: =AC32/C32 -> 198.25447 | AF32: =+AF31+AG32 -> 264687.27 | AG32: =+[1]DailyDes!AW31 -> 13324.87 | AH32: =AG32/B32 -> 264.18316 | AI32: =AG32/C32 -> 284.79247 | AJ32: =+AJ31+AK32 -> 48052.7 | AK32: =+[1]DailyDes!AX31 -> 2218.1 | AL32: =AK32/B32 -> 43.976764 | AM32: =AK32/C32 -> 47.407455 | AN32: =+E32+I32+M32+Q32+U32+Y32+AC32+AG32+AK32 -> 51416.83 | AO32: =AN32/B32 -> 1019.4066 | AP32: =AN32/C32 -> 1098.932
A33: =A32+1 -> 46017 | B33: =+Report1!P34 -> 48.58 | C33: =+Report1!R34 -> 47.401 | D33: =+D32+E33 -> 0 | F33: =E33/B33 -> 0 | G33: =E33/C33 -> 0 | H33: =+H32+I33 -> 0 | J33: =I33/B33 -> 0 | K33: =I33/C33 -> 0 | L33: =+L32+M33 -> 0 | N33: =M33/B33 -> 0 | O33: =M33/C33 -> 0 | P33: =+P32+Q33 -> 0 | R33: =Q33/B33 -> 0 | S33: =Q33/C33 -> 0 | T33: =+T32+U33 -> 184969.33 | U33: =+[1]DailyDes!AT32 -> 7221.68 | V33: =U33/B33 -> 148.65541 | W33: =U33/C33 -> 152.3529 | X33: =+X32+Y33 -> 426110 | Y33: =+[1]DailyDes!AU32 -> 18000 | Z33: =Y33/B33 -> 370.52285 | AA33: =Y33/C33 -> 379.73882 | AB33: =+AB32+AC33 -> 247987.33 | AC33: =+[1]DailyDes!AV32 -> 8821.68 | AD33: =AC33/B33 -> 181.59078 | AE33: =AC33/C33 -> 186.10747 | AF33: =+AF32+AG33 -> 278280.65 | AG33: =+[1]DailyDes!AW32 -> 13593.38 | AH33: =AG33/B33 -> 279.81432 | AI33: =AG33/C33 -> 286.77411 | AJ33: =+AJ32+AK33 -> 50242.7 | AK33: =+[1]DailyDes!AX32 -> 2190 | AL33: =AK33/B33 -> 45.08028 | AM33: =AK33/C33 -> 46.201557 | AN33: =+E33+I33+M33+Q33+U33+Y33+AC33+AG33+AK33 -> 49826.74 | AO33: =AN33/B33 -> 1025.6636 | AP33: =AN33/C33 -> 1051.1749
A34: =A33+1 -> 46018 | B34: =+Report1!P35 -> 47.982 | C34: =+Report1!R35 -> 50.04 | D34: =+D33+E34 -> 0 | F34: =E34/B34 -> 0 | G34: =E34/C34 -> 0 | H34: =+H33+I34 -> 0 | J34: =I34/B34 -> 0 | K34: =I34/C34 -> 0 | L34: =+L33+M34 -> 0 | N34: =M34/B34 -> 0 | O34: =M34/C34 -> 0 | P34: =+P33+Q34 -> 0 | R34: =Q34/B34 -> 0 | S34: =Q34/C34 -> 0 | T34: =+T33+U34 -> 191966.86 | U34: =+[1]DailyDes!AT33 -> 6997.53 | V34: =U34/B34 -> 145.83656 | W34: =U34/C34 -> 139.83873 | X34: =+X33+Y34 -> 444110 | Y34: =+[1]DailyDes!AU33 -> 18000 | Z34: =Y34/B34 -> 375.14068 | AA34: =Y34/C34 -> 359.71223 | AB34: =+AB33+AC34 -> 256734.86 | AC34: =+[1]DailyDes!AV33 -> 8747.53 | AD34: =AC34/B34 -> 182.30857 | AE34: =AC34/C34 -> 174.81075 | AF34: =+AF33+AG34 -> 291418.82 | AG34: =+[1]DailyDes!AW33 -> 13138.169 | AH34: =AG34/B34 -> 273.81455 | AI34: =AG34/C34 -> 262.55335 | AJ34: =+AJ33+AK34 -> 52782.7 | AK34: =+[1]DailyDes!AX33 -> 2540 | AL34: =AK34/B34 -> 52.936518 | AM34: =AK34/C34 -> 50.759392 | AN34: =+E34+I34+M34+Q34+U34+Y34+AC34+AG34+AK34 -> 49423.229 | AO34: =AN34/B34 -> 1030.0369 | AP34: =AN34/C34 -> 987.67445
A35: =A34+1 -> 46019 | B35: =+Report1!P36 -> 48.461 | C35: =+Report1!R36 -> 47.352 | D35: =+D34+E35 -> 0 | F35: =E35/B35 -> 0 | G35: =E35/C35 -> 0 | H35: =+H34+I35 -> 0 | J35: =I35/B35 -> 0 | K35: =I35/C35 -> 0 | L35: =+L34+M35 -> 0 | N35: =M35/B35 -> 0 | O35: =M35/C35 -> 0 | P35: =+P34+Q35 -> 0 | R35: =Q35/B35 -> 0 | S35: =Q35/C35 -> 0 | T35: =+T34+U35 -> 200271.69 | U35: =+[1]DailyDes!AT34 -> 8304.83 | V35: =U35/B35 -> 171.37141 | W35: =U35/C35 -> 175.38499 | X35: =+X34+Y35 -> 464110 | Y35: =+[1]DailyDes!AU34 -> 20000 | Z35: =Y35/B35 -> 412.703 | AA35: =Y35/C35 -> 422.36864 | AB35: =+AB34+AC35 -> 266389.69 | AC35: =+[1]DailyDes!AV34 -> 9654.83 | AD35: =AC35/B35 -> 199.22886 | AE35: =AC35/C35 -> 203.89487 | AF35: =+AF34+AG35 -> 304615.63 | AG35: =+[1]DailyDes!AW34 -> 13196.802 | AH35: =AG35/B35 -> 272.31799 | AI35: =AG35/C35 -> 278.69577 | AJ35: =+AJ34+AK35 -> 55242.7 | AK35: =+[1]DailyDes!AX34 -> 2460 | AL35: =AK35/B35 -> 50.762469 | AM35: =AK35/C35 -> 51.951343 | AN35: =+E35+I35+M35+Q35+U35+Y35+AC35+AG35+AK35 -> 53616.462 | AO35: =AN35/B35 -> 1106.3837 | AP35: =AN35/C35 -> 1132.2956
A36: =A35+1 -> 46020 | B36: =+Report1!P37 -> 47.242 | C36: =+Report1!R37 -> 45.203 | D36: =+D35+E36 -> 0 | F36: =E36/B36 -> 0 | G36: =E36/C36 -> 0 | H36: =+H35+I36 -> 0 | J36: =I36/B36 -> 0 | K36: =I36/C36 -> 0 | L36: =+L35+M36 -> 0 | N36: =M36/B36 -> 0 | O36: =M36/C36 -> 0 | P36: =+P35+Q36 -> 0 | R36: =Q36/B36 -> 0 | S36: =Q36/C36 -> 0 | T36: =+T35+U36 -> 206957.19 | U36: =+[1]DailyDes!AT35 -> 6685.5 | V36: =U36/B36 -> 141.51602 | W36: =U36/C36 -> 147.89948 | X36: =+X35+Y36 -> 480110 | Y36: =+[1]DailyDes!AU35 -> 16000 | Z36: =Y36/B36 -> 338.68168 | AA36: =Y36/C36 -> 353.95881 | AB36: =+AB35+AC36 -> 275425.19 | AC36: =+[1]DailyDes!AV35 -> 9035.5 | AD36: =AC36/B36 -> 191.2599 | AE36: =AC36/C36 -> 199.88718 | AF36: =+AF35+AG36 -> 316005.6 | AG36: =+[1]DailyDes!AW35 -> 11389.98 | AH36: =AG36/B36 -> 241.09859 | AI36: =AG36/C36 -> 251.97397 | AJ36: =+AJ35+AK36 -> 57412.7 | AK36: =+[1]DailyDes!AX35 -> 2170 | AL36: =AK36/B36 -> 45.933703 | AM36: =AK36/C36 -> 48.005663 | AN36: =+E36+I36+M36+Q36+U36+Y36+AC36+AG36+AK36 -> 45280.98 | AO36: =AN36/B36 -> 958.48989 | AP36: =AN36/C36 -> 1001.7251
A37: =A36+1 -> 46021 | B37: =+Report1!P38 -> 48.118 | C37: =+Report1!R38 -> 46.946 | D37: =+D36+E37 -> 0 | F37: =E37/B37 -> 0 | G37: =E37/C37 -> 0 | H37: =+H36+I37 -> 0 | J37: =I37/B37 -> 0 | K37: =I37/C37 -> 0 | L37: =+L36+M37 -> 0 | N37: =M37/B37 -> 0 | O37: =M37/C37 -> 0 | P37: =+P36+Q37 -> 0 | R37: =Q37/B37 -> 0 | S37: =Q37/C37 -> 0 | T37: =+T36+U37 -> 213521.69 | U37: =+[1]DailyDes!AT36 -> 6564.5 | V37: =U37/B37 -> 136.42504 | W37: =U37/C37 -> 139.83087 | X37: =+X36+Y37 -> 494110 | Y37: =+[1]DailyDes!AU36 -> 14000 | Z37: =Y37/B37 -> 290.95141 | AA37: =Y37/C37 -> 298.21497 | AB37: =+AB36+AC37 -> 285339.69 | AC37: =+[1]DailyDes!AV36 -> 9914.5 | AD37: =AC37/B37 -> 206.04555 | AE37: =AC37/C37 -> 211.18945 | AF37: =+AF36+AG37 -> 328481.76 | AG37: =+[1]DailyDes!AW36 -> 12476.152 | AH37: =AG37/B37 -> 259.28244 | AI37: =AG37/C37 -> 265.75539 | AJ37: =+AJ36+AK37 -> 58982.7 | AK37: =+[1]DailyDes!AX36 -> 1570 | AL37: =AK37/B37 -> 32.628123 | AM37: =AK37/C37 -> 33.442679 | AN37: =+E37+I37+M37+Q37+U37+Y37+AC37+AG37+AK37 -> 44525.152 | AO37: =AN37/B37 -> 925.33257 | AP37: =AN37/C37 -> 948.43336
A38: =A37+1 -> 46022 | B38: =+Report1!P39 -> 55.849 | C38: =+Report1!R39 -> 53.325 | D38: =+D37+E38 -> 0 | F38: =E38/B38 -> 0 | G38: =E38/C38 -> 0 | H38: =+H37+I38 -> 0 | J38: =I38/B38 -> 0 | K38: =I38/C38 -> 0 | L38: =+L37+M38 -> 0 | N38: =M38/B38 -> 0 | O38: =M38/C38 -> 0 | P38: =+P37+Q38 -> 0 | R38: =Q38/B38 -> 0 | S38: =Q38/C38 -> 0 | T38: =+T37+U38 -> 221271.05 | U38: =+[1]DailyDes!AT37 -> 7749.36 | V38: =U38/B38 -> 138.75557 | W38: =U38/C38 -> 145.32321 | X38: =+X37+Y38 -> 509110 | Y38: =+[1]DailyDes!AU37 -> 15000 | Z38: =Y38/B38 -> 268.58135 | AA38: =Y38/C38 -> 281.29395 | AB38: =+AB37+AC38 -> 295639.05 | AC38: =+[1]DailyDes!AV37 -> 10299.36 | AD38: =AC38/B38 -> 184.4144 | AE38: =AC38/C38 -> 193.14318 | AF38: =+AF37+AG38 -> 335451.38 | AG38: =+[1]DailyDes!AW37 -> 6969.6197 | AH38: =AG38/B38 -> 124.79399 | AI38: =AG38/C38 -> 130.70079 | AJ38: =+AJ37+AK38 -> 60702.7 | AK38: =+[1]DailyDes!AX37 -> 1720 | AL38: =AK38/B38 -> 30.797329 | AM38: =AK38/C38 -> 32.25504 | AN38: =+E38+I38+M38+Q38+U38+Y38+AC38+AG38+AK38 -> 41738.34 | AO38: =AN38/B38 -> 747.34265 | AP38: =AN38/C38 -> 782.71617
A40: TOTAL | B40: =SUM(B8:B38) -> 1572.653 | C40: =SUM(C8:C38) -> 1534.725 | E40: =SUM(E8:E38) -> 0 | F40: =E40/B40 -> 0 | G40: =E40/C40 -> 0 | I40: =SUM(I8:I38) -> 0 | J40: =I40/B40 -> 0 | K40: =I40/C40 -> 0 | M40: =SUM(M8:M38) -> 0 | N40: =M40/B40 -> 0 | O40: =M40/C40 -> 0 | Q40: =SUM(Q8:Q38) -> 0 | R40: =Q40/B40 -> 0 | S40: =Q40/C40 -> 0 | U40: =SUM(U8:U39) -> 221271.05 | V40: =U40/B40 -> 140.69922 | W40: =U40/C40 -> 144.17635 | Y40: =SUM(Y8:Y39) -> 509110 | Z40: =Y40/B40 -> 323.72685 | AA40: =Y40/C40 -> 331.72718 | AC40: =SUM(AC8:AC39) -> 295639.05 | AD40: =AC40/B40 -> 187.98746 | AE40: =AC40/C40 -> 192.63324 | AG40: =SUM(AG8:AG39) -> 335451.38 | AH40: =AG40/B40 -> 213.30286 | AI40: =AG40/C40 -> 218.57426 | AK40: =SUM(AK8:AK39) -> 60702.7 | AL40: =AK40/B40 -> 38.598915 | AM40: =AK40/C40 -> 39.552819 | AN40: =+E40+I40+M40+Q40+U40+Y40+AC40+AG40+AK40 -> 1422174.2 | AO40: =AN40/B40 -> 904.3153 | AP40: =AN40/C40 -> 926.66385
AN42: =+AN40-[1]DailyDes!$AY$38 -> 0

Sheet Trim Rwd
A1: PM 16 | B1: =+Report1!A9 -> 45992
A3: Tgl | B3: Grade | C3: Ply | D3: Kombinasi Pot. | E3: Lebar Trim | F3: Jml Turunan | G3: Lebar x Turunan | H3: Rata-rata | I3: PHP PM
A4: =+B1 -> 45992 | B4: F 15 | C4: 2 | D4: 277*1 | E4: =277*1 -> 277 | F4: 16 | G4: =+E4*F4 -> 4432 | H4: =+G4/F4 -> 277 | I4: =+'1'!L37 -> 13.088
B5: F 12 | C5: 2 | D5: 140*2 | E5: =140*2 -> 280 | F5: 16 | G5: =+E5*F5 -> 4480 | H5: =+G5/F5 -> 280 | I5: Backlog
B6: T 12,5 | C6: 2 | D6: 275*1 | E6: =275*1 -> 275 | F6: 21 | G6: =+E6*F6 -> 5775 | H6: =+G6/F6 -> 275 | I6: =+'1'!L38 -> 14.989
B7: T 14 | C7: 2 | D7: 272*1 | E7: =272*1 -> 272 | F7: =5+27 -> 32 | G7: =+E7*F7 -> 8704 | H7: =+G7/F7 -> 272 | I7: =+'1'!L39 -> 26.008
A9: 45993 | B9: T 14 | C9: 2 | D9: 272*1 | E9: =272*1 -> 272 | F9: 92 | G9: =+E9*F9 -> 25024 | H9: =+G9/F9 -> 272 | I9: =+'2'!I38 -> 53.727
A11: 45994 | B11: T 14 | C11: 2 | D11: 272*1 | E11: =272*1 -> 272 | F11: 98 | G11: =+E11*F11 -> 26656 | H11: =+G11/F11 -> 272 | I11: =+'3'!I38 -> 54.988
K12: =SUM(I:I) -> 1468.749
A13: 45995 | B13: T 14 | C13: 2 | D13: 272*1 | E13: =272*1 -> 272 | F13: 72 | G13: =+E13*F13 -> 19584 | H13: =+G13/F13 -> 272 | I13: =+'4'!I38 -> 48.894 | K13: =+K12-'31'!J38 -> -103.904
A15: 45996 | B15: T 14 | C15: 2 | D15: 272*1 | E15: =272*1 -> 272 | F15: 14 | G15: =+E15*F15 -> 3808 | H15: =+(E15*F15+E16*F16)/(SUM(F15:F16)) -> 271.46667 | I15: =+'5'!L37 -> 10.872
B16: T 14 | C16: 2 | D16: 271*1 | E16: =271*1 -> 271 | F16: 16 | G16: =+E16*F16 -> 4336
B17: T 18 | C17: 2 | D17: 280*1 | E17: =280*1 -> 280 | F17: =6+26 -> 32 | G17: =+E17*F17 -> 8960 | H17: =+G17/F17 -> 280 | I17: =+'5'!L38 -> 23.853
B18: T 12,5 | C18: 2 | D18: 280*1 | E18: =280*1 -> 280 | F18: 20 | G18: =+E18*F18 -> 5600 | H18: =+G18/F18 -> 280 | I18: =+'5'!L39 -> 19.222
A20: 45997 | B20: T 12,5 | C20: 2 | D20: 280*1 | E20: =280*1 -> 280 | F20: 13 | G20: =+E20*F20 -> 3640 | H20: =+G20/F20 -> 280 | I20: =+'6'!N37 -> 2.45
B21: F 13 | C21: 2 | D21: 140*2 | E21: =280*1 -> 280 | F21: 23 | G21: =+E21*F21 -> 6440 | H21: =+(E21*F21+E22*F22)/(SUM(F21:F22)) -> 274.05 | I21: =+'6'!N38 -> 28.792
B22: F 13 | C22: 2 | D22: 133*2 | E22: =133*2 -> 266 | F22: 17 | G22: =+E22*F22 -> 4522
B23: F 12 | C23: 2 | D23: 140*2 | E23: =280*1 -> 280 | F23: 22 | G23: =+E23*F23 -> 6160 | H23: =+G23/F23 -> 280 | I23: =+'6'!N39 -> 17.724
A25: 45998 | B25: F 12 | C25: 2 | D25: 140*2 | E25: =280*1 -> 280 | F25: 82 | G25: =+E25*F25 -> 22960 | H25: =+G25/F25 -> 280 | I25: =+'7'!I38 -> 49.022
A27: 45999 | B27: F 12 | C27: 2 | D27: 140*2 | E27: =280*1 -> 280 | F27: 99 | G27: =+E27*F27 -> 27720 | H27: =+G27/F27 -> 280 | I27: =+'8'!I38 -> 47.913
A29: 46000 | B29: F 12 | C29: 2 | D29: 140*2 | E29: =280*1 -> 280 | F29: =178/2 -> 89 | G29: =+E29*F29 -> 24920 | H29: =+G29/F29 -> 280 | I29: =+'9'!I38 -> 47.443
A31: 46001 | B31: F 12 | C31: 2 | D31: 140*2 | E31: =280*1 -> 280 | F31: 90 | G31: =+E31*F31 -> 25200 | H31: =+G31/F31 -> 280 | I31: =+'10'!I38 -> 49.963
A33: 46002 | B33: F 12 | C33: 2 | D33: 140*2 | E33: =280*1 -> 280 | F33: =156/2 -> 78 | G33: =+E33*F33 -> 21840 | H33: =+G33/F33 -> 280 | I33: =+'11'!I38 -> 46.855
A35: 46003 | B35: F 12 | C35: 2 | D35: 140*2 | E35: =280*1 -> 280 | F35: =158/2 -> 79 | G35: =+E35*F35 -> 22120 | H35: =+G35/F35 -> 280 | I35: =+'12'!I38 -> 46.278
A37: 46004 | B37: F 12 | C37: 2 | D37: 140*2 | E37: =280*1 -> 280 | F37: 91 | G37: =+E37*F37 -> 25480 | H37: =+G37/F37 -> 280 | I37: =+'13'!I38 -> 49.023
A39: 46005 | B39: F 12 | C39: 2 | D39: 140*2 | E39: =280*1 -> 280 | F39: =82/2 -> 41 | G39: =+E39*F39 -> 11480 | H39: =+G39/F39 -> 280 | I39: =+'14'!N37 -> 20.311
B40: F 13 | C40: 2 | D40: 140*2 | E40: =280*1 -> 280 | F40: =58/2 -> 29 | G40: =+E40*F40 -> 8120 | H40: =+G40/F40 -> 280 | I40: =+'14'!N38 -> 20.53
B41: F 11,5 | C41: 2 | D41: 139*2 | E41: =139*2 -> 278 | F41: 5 | G41: =+E41*F41 -> 1390 | H41: =+G41/F41 -> 278 | I41: =+'14'!N39 -> 7.209
A43: 46006 | B43: F 11,5 | C43: 2 | D43: 139*2 | E43: =139*2 -> 278 | F43: 50 | G43: =+E43*F43 -> 13900 | H43: =+(E43*F43+E44*F44)/(SUM(F43:F44)) -> 278.64865 | I43: =+'15'!I38 -> 44.035
B44: F 11,5 | C44: 2 | D44: 140*2 | E44: =140*2 -> 280 | F44: 24 | G44: =+E44*F44 -> 6720
A46: 46007 | B46: F 11,5 | C46: 2 | D46: 140*2 | E46: =140*2 -> 280 | F46: 50 | G46: =+E46*F46 -> 14000 | H46: =+G46/F46 -> 280 | I46: =+'16'!N37 -> 21.999
B47: T 12 | C47: 2 | D47: 274*1 | E47: =274*1 -> 274 | F47: =9+8 -> 17 | G47: =+E47*F47 -> 4658 | H47: =+(E47*F47+E48*F48)/(SUM(F47:F48)) -> 274.39286 | I47: =+'16'!N38 -> 25.822
B48: T 12 | C48: 2 | D48: 275*1 | E48: =275*1 -> 275 | F48: 11 | G48: =+E48*F48 -> 3025
A50: 46008 | B50: T 12 | C50: 2 | D50: 277*1 | E50: =277*1 -> 277 | F50: 17 | G50: =+E50*F50 -> 4709 | H50: =+(E50*F50+E51*F51+E52*F52)/(SUM(F50:F52)) -> 276.16393 | I50: =+'17'!N37 -> 34.079
B51: T 12 | C51: 2 | D51: 276*1 | E51: =276*1 -> 276 | F51: =29+8 -> 37 | G51: =+E51*F51 -> 10212
B52: T 12 | C52: 2 | D52: 275*1 | E52: =275*1 -> 275 | F52: 7 | G52: =+E52*F52 -> 1925
B53: T 17 | C53: 2 | D53: 280*1 | E53: =280*1 -> 280 | F53: 16 | G53: =+E53*F53 -> 4480 | H53: =+G53/F53 -> 280 | I53: =+'17'!N38 -> 12.102
B54: T 18 | C54: 2 | D54: 276*1 | E54: =276*1 -> 276 | F54: 2 | G54: =+E54*F54 -> 552 | H54: =+G54/F54 -> 276 | I54: =+'17'!N39 -> 6.186
A56: 46009 | B56: T 18 | C56: 2 | D56: 276*1 | E56: =276*1 -> 276 | F56: 74 | G56: =+E56*F56 -> 20424 | H56: =+G56/F56 -> 276 | I56: =+'18'!I38 -> 56.114
A58: 46010 | B58: T 18 | C58: 2 | D58: 276*1 | E58: =276*1 -> 276 | F58: 82 | G58: =+E58*F58 -> 22632 | H58: =+G58/F58 -> 276 | I58: =+'19'!N37 -> 49.67
B59: T 16 | C59: 2 | D59: 276*1 | E59: =276*1 -> 276 | F59: 0 | G59: =+E59*F59 -> 0 | H59: =+E59 -> 276 | I59: =+'19'!N38 -> 9.892
A61: 46011 | B61: T 16 | C61: 2 | D61: 276*1 | E61: =276*1 -> 276 | F61: =35+30+15 -> 80 | G61: =+E61*F61 -> 22080 | H61: =+G61/F61 -> 276 | I61: =+'20'!N37 -> 44.042
B62: T 15 | C62: 2 | D62: 276*1 | E62: =276*1 -> 276 | F62: =9+4 -> 13 | G62: =+E62*F62 -> 3588 | H62: =+G62/F62 -> 276 | I62: =+'20'!N38 -> 10.925
B63: T 18 | C63: 2 | D63: 276*1 | E63: =276*1 -> 276 | F63: 2 | G63: =+E63*F63 -> 552 | H63: =+G63/F63 -> 276 | I63: Backlog
A65: 46012 | B65: T 15 | C65: 2 | D65: 276*1 | E65: =276*1 -> 276 | F65: 78 | G65: =+E65*F65 -> 21528 | H65: =+G65/F65 -> 276 | I65: =+'21'!I38 -> 53.403
A67: 46013 | B67: T 15 | C67: 2 | D67: 276*1 | E67: =276*1 -> 276 | F67: =31+31+22 -> 84 | G67: =+E67*F67 -> 23184 | H67: =+G67/F67 -> 276 | I67: =+'22'!N37 -> 45.536
B68: T 13,5 | C68: 2 | D68: 277,5*1 | E68: =277.5*1 -> 277.5 | F68: 4 | G68: =+E68*F68 -> 1110 | H68: =+G68/F68 -> 277.5 | I68: =+'22'!N38 -> 9.12
A70: 46014 | B70: T 13,5 | C70: 2 | D70: 277,5*1 | E70: =277.5*1 -> 277.5 | F70: =17+5+1 -> 23 | G70: =+E70*F70 -> 6382.5 | H70: =+G70/F70 -> 277.5 | I70: =+'22'!N40 -> 0
B71: T 15 | C71: 2 | D71: 276*1 | E71: =276*1 -> 276 | F71: 1 | G71: =+E71*F71 -> 276 | H71: =+G71/F71 -> 276 | I71: =+'22'!N41 -> 0
B72: T 14,5 | C72: 2 | D72: 138*2 | E72: =138*2 -> 276 | F72: =13+9+5+7+13+8 -> 55 | G72: =+E72*F72 -> 15180 | H72: =+G72/F72 -> 276
A74: 46015 | B74: T 14,5 | C74: 2 | D74: 138*2 | E74: =138*2 -> 276 | F74: =13+5 -> 18 | G74: =+E74*F74 -> 4968 | H74: =+G74/F74 -> 276 | I74: =+'22'!N44 -> 0
B75: F 16 | C75: 2 | D75: 45*6 | E75: =45*6 -> 270 | F75: =5+2+5+4 -> 16 | G75: =+E75*F75 -> 4320 | H75: =+G75/F75 -> 270 | I75: =+'22'!N45 -> 0
B76: F 13 | C76: 2 | D76: 68*4 | E76: =68*4 -> 272 | F76: =8+8+5 -> 21 | G76: =+E76*F76 -> 5712 | H76: =+(E76*F76+E77*F77)/(SUM(F76:F77)) -> 268.68085
B77: F 13 | C77: 2 | D77: 133*2 | E77: =133*2 -> 266 | F77: =13+2+11 -> 26 | G77: =+E77*F77 -> 6916
B78: F 12 | C78: 2 | D78: 150+122,5 | E78: =150+122.5 -> 272.5 | F78: 4 | G78: =+E78*F78 -> 1090 | H78: =+G78/F78 -> 272.5
A80: 46016 | B80: F 12 | C80: 2 | D80: 150+122,5 | E80: =150+122.5 -> 272.5 | F80: =8+13+7+13 -> 41 | G80: =+E80*F80 -> 11172.5 | H80: =+G80/F80 -> 272.5 | I80: =+'25'!I38-'Trim Rwd'!I81 -> 30.318
B81: F 12,5 | C81: 2 | D81: 140*2 | E81: =140*2 -> 280 | F81: =6+2+10+12+13+6 -> 49 | G81: =+E81*F81 -> 13720 | H81: =+G81/F81 -> 280 | I81: 20.12
A83: 46017 | B83: F 12,5 | C83: 2 | D83: 140*2 | E83: =140*2 -> 280 | F83: 85 | G83: =+E83*F83 -> 23800 | H83: =+(E83*F83+E84*F84)/(SUM(F83:F84)) -> 280 | I83: =+'26'!I38 -> 48.58
B84: F 12 | C84: 2 | D84: 140*2 | E84: =140*2 -> 280 | F84: 1 | G84: =+E84*F84 -> 280
A86: 46018 | B86: F 12,5 | C86: 2 | D86: 140*2 | E86: =140*2 -> 280 | F86: 60 | G86: =+E86*F86 -> 16800 | H86: =+G86/F86 -> 280 | I86: =+'27'!N37 -> 32.829
B87: F 12 | C87: 2 | D87: 140*2 | E87: =140*2 -> 280 | F87: 24 | G87: =+E87*F87 -> 6720 | H87: =+G87/F87 -> 280 | I87: =+'27'!N38 -> 15.153
A89: 46019 | B89: F 12 | C89: 2 | D89: 140*2 | E89: =140*2 -> 280 | F89: 51 | G89: =+E89*F89 -> 14280 | H89: =+(E89*F89+E90*F90)/(SUM(F89:F90)) -> 275.91667 | I89: =+'28'!I38 -> 48.461
B90: F 12 | C90: 2 | D90: 133*2 | E90: =133*2 -> 266 | F90: 21 | G90: =+E90*F90 -> 5586
A92: 46020 | B92: F 12 | C92: 2 | D92: 133*2 | E92: =133*2 -> 266 | F92: 72 | G92: =+E92*F92 -> 19152 | H92: =+G92/F92 -> 266 | I92: =+'29'!I38 -> 47.242
A94: 46021 | B94: F 12 | C94: 2 | D94: 133*2 | E94: =133*2 -> 266 | F94: =13+2+7+11+13+2+2 -> 50 | G94: =+E94*F94 -> 13300 | H94: =+G94/F94 -> 266 | I94: =+'30'!I38 -> 48.118
B95: T 15 | C95: 2 | D95: 276*1 | E95: =276*1 -> 276 | F95: 24 | G95: =+E95*F95 -> 6624 | H95: =+G95/F95 -> 276
A97: 46387 | B97: T 15 | C97: 2 | D97: 276*1 | E97: =276*1 -> 276 | F97: 42 | G97: =+E97*F97 -> 11592 | H97: =+G97/F97 -> 276 | I97: =+'31'!I38 -> 55.849

Sheet Efficiency1
A1: PM16 Efficiency Running Report
A3: Date | B3: Grade | C3: Speed real (ton) with Available Time | D3: Colour | E3: gsm | F3: Ply | G3: Standard | L3: Real Running | O3: Trim Rewinder (cm) | P3: Trim Rewinder x Running Time | Q3: Available Time (mnt) | R3: Down Time (mnt) | S3: Loss Time (mnt) | T3: Real Speed & Real Creepe Ratio with Available Time (ton) | U3: Real Speed & Real Creepe Ratio setelah dipotong DT & LT (ton) | V3: Loss tonase akibat DT + LT dari hitungan Teori with available time (ton) | W3: Accepted (ton) | X3: Real Eff dr Target Eff | Y3: Backlog | Z3: Reject Rewinder (ton) | AA3: Estimasi Reject to Broke Plant (ton) | AB3: Estimasi Faktor BW (ton) | AC3: Loss Opportunity in Speed (ton) | AD3: Downtime/ Losstime | AE3: Reason of Downtime / Losstime | AF3: Loss Time | AM3: Total Losstime | AN3: Unschedule Shut Down (mnt) | AS3: Schedule Shut Down | AT3: Marketing | AV3: EXT FACTOR | AX3: EXT FACTOR | AZ3: MANAGEMENT | BA3: Total Down Time | BB3: Freq. Sheets Break (X) | BC3: Freq. Change Blade (X) | BD3: Steam, & gangguan sinergy (X) | BE3: Freq, Trip PLN (X) | BF3: Cleaning Holes (X)
AF4: Proses | AI4: Change Grade | AJ4: Mekanik | AK4: Electric & Instrument | AL4: Boiler | AN4: Down Time Produksi | AO4: Mekanik | AP4: Electrical & Instrument | AQ4: Boiler | AR4: Total Unschedule Shut Down | AV4: LOSS | AW4: DOWN TIME | AX4: LOSS | AY4: DOWN TIME
G5: Yankee Speed (mpm) | H5: Max % Creeping | I5: Target Eff | J5: Kapasitas PM-Teori (ton) | K5: Teori (ton) with Available Time | L5: Yankee Speed (mpm) | M5: Popereel Speed (mpm) | N5: % Creeping | AF5: sheet break | AG5: change blade | AH5: change spool | AT5: Loss time | AU5: Down Time | AV5: SINERGY | AW5: SINERGY | AX5: PLN | AY5: PLN
A6: =+Report1!A9 -> 45992 | B6: Facial | C6: =(M6*E6*O6*Q6)/100000000 -> 11.447025 | D6: VP OW | E6: 15 | F6: 1 | G6: 1250 | H6: =+N6 -> 0.24 | I6: 0.88 | J6: =E6*G6*(1-H6)*1440/1000000*2.87 -> 58.8924 | K6: =(IF(G6<L6,L6,G6)*(1-IF(H6<N6,H6,N6))*E6*O6*Q6)/100000000 -> 11.447025 | L6: 1250 | M6: =+L6-L6*0.24 -> 950 | N6: =1-(M6/L6) -> 0.24 | O6: =+'Trim Rwd'!H4 -> 277 | P6: =O6*(Q6-R6-S6) -> 79499 | Q6: 290 | R6: 0 | S6: 3 | T6: =E6*M6*O6*Q6/100000000 -> 11.447025 | U6: =E6*M6*O6*(Q6-R6-S6)/100000000 -> 11.328608 | V6: =E6*G6*(1-N6)*O6/100*(R6+S6)/1000000 -> 0.1184175 | W6: =+'1'!K7/1000 -> 12.732 | X6: =SUM(W6:W9)/SUM(K6:K9) -> 1.0202573 | Y6: 0 | Z6: =+'1'!D34/1000 -> 0 | AA6: =SUM(U6:U9)-SUM(W6:W9)-SUM(Z6:Z9)-SUM(Y6:Y9) -> -1.934702 | AB6: =(SUM(K6:K9)-SUM(W6:W9)-SUM(Y6:Y9)-SUM(Z6:Z9)-SUM(AC6:AC9)-SUM(V6:V9))-AA6 -> 0.01157632 | AC6: =K6-T6 -> 0 | AD6: =+AM6+BA6 -> 0 | AE6: - Sheet Breaks (0x) | AF6: 0 | AM6: =SUM(AF6:AL6)+AT6+AV6+AX6 -> 0 | AR6: =SUM(AN6:AQ6) -> 0 | BA6: =+AR6+AS6+AU6+AW6+AY6+AZ6 -> 0 | BB6: 0
B7: Toilet | C7: =(M7*E7*O7*Q7)/100000000 -> 15.51825 | D7: VP OW | E7: 12.5 | F7: 1 | G7: 1350 | H7: =+N7 -> 0.24 | I7: 0.88 | J7: =E7*G7*(1-H7)*1440/1000000*2.87 -> 53.00316 | K7: =(IF(G7<L7,L7,G7)*(1-IF(H7<N7,H7,N7))*E7*O7*Q7)/100000000 -> 15.51825 | L7: 1350 | M7: =+L7-L7*0.24 -> 1026 | N7: =1-(M7/L7) -> 0.24 | O7: =+'Trim Rwd'!H6 -> 275 | P7: =O7*(Q7-R7-S7) -> 118250 | Q7: 440 | R7: 0 | S7: 10 | T7: =E7*M7*O7*Q7/100000000 -> 15.51825 | U7: =E7*M7*O7*(Q7-R7-S7)/100000000 -> 15.165563 | V7: =E7*G7*(1-N7)*O7/100*(R7+S7)/1000000 -> 0.3526875 | W7: =+'1'!K8/1000 -> 14.342 | AC7: =K7-T7 -> 0 | AD7: =+AM7+BA7 -> 0 | AE7: - Change Blade (0x) | AG7: 0 | AM7: =SUM(AF7:AL7)+AT7+AV7+AX7 -> 0 | AR7: =SUM(AN7:AQ7) -> 0 | BA7: =+AR7+AS7+AU7+AW7+AY7+AZ7 -> 0 | BC7: 0
B8: Toilet | C8: =(M8*E8*O8*Q8)/100000000 -> 26.712358 | D8: VP OW | E8: 14 | F8: 1 | G8: 1260 | H8: =+N8 -> 0.24 | I8: 0.88 | J8: =E8*G8*(1-H8)*1440/1000000*2.87 -> 55.40597 | K8: =(IF(G8<L8,L8,G8)*(1-IF(H8<N8,H8,N8))*E8*O8*Q8)/100000000 -> 26.712358 | L8: 1300 | M8: =+L8-L8*0.24 -> 988 | N8: =1-(M8/L8) -> 0.24 | O8: =+'Trim Rwd'!H7 -> 272 | P8: =O8*(Q8-R8-S8) -> 190400 | Q8: 710 | R8: 0 | S8: 10 | T8: =E8*M8*O8*Q8/100000000 -> 26.712358 | U8: =E8*M8*O8*(Q8-R8-S8)/100000000 -> 26.336128 | V8: =E8*G8*(1-N8)*O8/100*(R8+S8)/1000000 -> 0.36465408 | W8: =+'1'!K9/1000 -> 18.489 | AC8: =K8-T8 -> 0 | AD8: =+AM8+BA8 -> 23 | AE8: - Change Spool (26x) | AH8: 23 | AM8: =SUM(AF8:AL8)+AT8+AV8+AX8 -> 23 | AR8: =SUM(AN8:AQ8) -> 0 | BA8: =+AR8+AS8+AU8+AW8+AY8+AZ8 -> 0
B9: Facial | E9: 12 | W9: =+'1'!K10/1000 -> 9.202
A11: 45993 | B11: Toilet | C11: =(M11*E11*O11*Q11)/100000000 -> 54.177178 | D11: VP OW | E11: 14 | F11: 1 | G11: 1260 | H11: =+N11 -> 0.24 | I11: 0.88 | J11: =E11*G11*(1-H11)*1440/1000000*2.87 -> 55.40597 | K11: =(IF(G11<L11,L11,G11)*(1-IF(H11<N11,H11,N11))*E11*O11*Q11)/100000000 -> 54.177178 | L11: 1300 | M11: =+L11-L11*0.24 -> 988 | N11: =1-(M11/L11) -> 0.24 | O11: =+'Trim Rwd'!H9 -> 272 | P11: =O11*(Q11-R11-S11) -> 375632 | Q11: 1440 | R11: 8 | S11: 51 | T11: =E11*M11*O11*Q11/100000000 -> 54.177178 | U11: =E11*M11*O11*(Q11-R11-S11)/100000000 -> 51.957418 | V11: =E11*G11*(1-N11)*O11/100*(R11+S11)/1000000 -> 2.1514591 | W11: =+'2'!K34/1000 -> 53.106 | X11: =SUM(W11:W14)/SUM(K11:K14) -> 0.98022825 | Y11: 0 | Z11: =+'1'!D39/1000 -> 0 | AA11: =SUM(U11:U14)-SUM(W11:W14)-SUM(Z11:Z14)-SUM(Y11:Y14) -> -1.1485818 | AB11: =(SUM(K11:K14)-SUM(W11:W14)-SUM(Y11:Y14)-SUM(Z11:Z14)-SUM(AC11:AC14)-SUM(V11:V14))-AA11 -> 0.068300288 | AC11: =K11-T11 -> 0 | AD11: =+AM11+BA11 -> 21 | AE11: - Sheet Breaks (4x) | AF11: 21 | AM11: =SUM(AF11:AL11)+AT11+AV11+AX11 -> 21 | AR11: =SUM(AN11:AQ11) -> 0 | BA11: =+AR11+AS11+AU11+AW11+AY11+AZ11 -> 0 | BB11: 4
AD12: =+AM12+BA12 -> 2 | AE12: - Change Blade (1x) | AG12: 2 | AM12: =SUM(AF12:AL12)+AT12+AV12+AX12 -> 2 | AR12: =SUM(AN12:AQ12) -> 0 | BA12: =+AR12+AS12+AU12+AW12+AY12+AZ12 -> 0 | BC12: 1
AD13: =+AM13+BA13 -> 28 | AE13: - Change Spool (26x) | AH13: 28 | AM13: =SUM(AF13:AL13)+AT13+AV13+AX13 -> 28 | AR13: =SUM(AN13:AQ13) -> 0 | BA13: =+AR13+AS13+AU13+AW13+AY13+AZ13 -> 0
AD14: =+AM14+BA14 -> 8 | AE14: - 15:30 Tegangan PLN turun, Motor sirkulasi hood trip | AM14: =SUM(AF14:AL14)+AT14+AV14+AX14 -> 0 | AR14: =SUM(AN14:AQ14) -> 0 | AY14: 8 | BA14: =+AR14+AS14+AU14+AW14+AY14+AZ14 -> 8 | BE14: 1
A16: 45994 | B16: Toilet | C16: =(M16*E16*O16*Q16)/100000000 -> 54.177178 | D16: VP OW | E16: 14 | F16: 1 | G16: 1260 | H16: =+N16 -> 0.24 | I16: 0.88 | J16: =E16*G16*(1-H16)*1440/1000000*2.87 -> 55.40597 | K16: =(IF(G16<L16,L16,G16)*(1-IF(H16<N16,H16,N16))*E16*O16*Q16)/100000000 -> 54.177178 | L16: 1300 | M16: =+L16-L16*0.24 -> 988 | N16: =1-(M16/L16) -> 0.24 | O16: =+'Trim Rwd'!H11 -> 272 | P16: =O16*(Q16-R16-S16) -> 384336 | Q16: 1440 | R16: 0 | S16: 27 | T16: =E16*M16*O16*Q16/100000000 -> 54.177178 | U16: =E16*M16*O16*(Q16-R16-S16)/100000000 -> 53.161356 | V16: =E16*G16*(1-N16)*O16/100*(R16+S16)/1000000 -> 0.98456602 | W16: =+'3'!K34/1000 -> 57.096 | X16: =SUM(W16:W19)/SUM(K16:K19) -> 1.0538755 | Y16: 0 | Z16: 0 | AA16: =SUM(U16:U19)-SUM(W16:W19)-SUM(Z16:Z19)-SUM(Y16:Y19) -> -3.9346445 | AB16: =(SUM(K16:K19)-SUM(W16:W19)-SUM(Y16:Y19)-SUM(Z16:Z19)-SUM(AC16:AC19)-SUM(V16:V19))-AA16 -> 0.031256064 | AC16: =K16-T16 -> 0 | AD16: =+AM16+BA16 -> 0 | AE16: - Sheet Breaks (0x) | AF16: 0 | AM16: =SUM(AF16:AL16)+AT16+AV16+AX16 -> 0 | AR16: =SUM(AN16:AQ16) -> 0 | BA16: =+AR16+AS16+AU16+AW16+AY16+AZ16 -> 0 | BB16: 0
AD17: =+AM17+BA17 -> 0 | AE17: - Change Blade (0x) | AG17: 0 | AM17: =SUM(AF17:AL17)+AT17+AV17+AX17 -> 0 | AR17: =SUM(AN17:AQ17) -> 0 | BA17: =+AR17+AS17+AU17+AW17+AY17+AZ17 -> 0 | BC17: 0
AD18: =+AM18+BA18 -> 27 | AE18: - Change Spool (27x) | AH18: 27 | AM18: =SUM(AF18:AL18)+AT18+AV18+AX18 -> 27 | AR18: =SUM(AN18:AQ18) -> 0 | BA18: =+AR18+AS18+AU18+AW18+AY18+AZ18 -> 0
A20: 45995 | B20: Toilet | C20: =(M20*E20*O20*Q20)/100000000 -> 54.177178 | D20: VP OW | E20: 14 | F20: 1 | G20: 1260 | H20: =+N20 -> 0.24 | I20: 0.88 | J20: =E20*G20*(1-H20)*1440/1000000*2.87 -> 55.40597 | K20: =(IF(G20<L20,L20,G20)*(1-IF(H20<N20,H20,N20))*E20*O20*Q20)/100000000 -> 54.177178 | L20: 1300 | M20: =+L20-L20*0.24 -> 988 | N20: =1-(M20/L20) -> 0.24 | O20: =+'Trim Rwd'!H13 -> 272 | P20: =O20*(Q20-R20-S20) -> 356320 | Q20: 1440 | R20: 110 | S20: 20 | T20: =E20*M20*O20*Q20/100000000 -> 54.177178 | U20: =E20*M20*O20*(Q20-R20-S20)/100000000 -> 49.286182 | V20: =E20*G20*(1-N20)*O20/100*(R20+S20)/1000000 -> 4.740503 | W20: =+'4'!K34/1000 -> 41.052 | X20: =SUM(W20:W23)/SUM(K20:K23) -> 0.75773604 | Y20: 0 | Z20: 0 | AA20: =SUM(U20:U23)-SUM(W20:W23)-SUM(Z20:Z23)-SUM(Y20:Y23) -> 8.2341824 | AB20: =(SUM(K20:K23)-SUM(W20:W23)-SUM(Y20:Y23)-SUM(Z20:Z23)-SUM(AC20:AC23)-SUM(V20:V23))-AA20 -> 0.15049216 | AC20: =K20-T20 -> 0 | AD20: =+AM20+BA20 -> 0 | AE20: - Sheet Breaks (0x) | AF20: 0 | AM20: =SUM(AF20:AL20)+AT20+AV20+AX20 -> 0 | AR20: =SUM(AN20:AQ20) -> 0 | BA20: =+AR20+AS20+AU20+AW20+AY20+AZ20 -> 0 | BB20: 0
AD21: =+AM21+BA21 -> 1 | AE21: - Change Blade (1x) | AG21: 1 | AM21: =SUM(AF21:AL21)+AT21+AV21+AX21 -> 1 | AR21: =SUM(AN21:AQ21) -> 0 | BA21: =+AR21+AS21+AU21+AW21+AY21+AZ21 -> 0 | BC21: 1
AD22: =+AM22+BA22 -> 19 | AE22: - Change Spool (23x) | AH22: 19 | AM22: =SUM(AF22:AL22)+AT22+AV22+AX22 -> 19 | AR22: =SUM(AN22:AQ22) -> 0 | BA22: =+AR22+AS22+AU22+AW22+AY22+AZ22 -> 0
AD23: =+AM23+BA23 -> 110 | AE23: - 16:05 PM Trip, Cleaning area pm. Uhlebox dan hood | AM23: =SUM(AF23:AL23)+AT23+AV23+AX23 -> 0 | AP23: 110 | AR23: =SUM(AN23:AQ23) -> 110 | BA23: =+AR23+AS23+AU23+AW23+AY23+AZ23 -> 110
A25: 45996 | B25: Toilet | C25: =(M25*E25*O25*Q25)/100000000 -> 9.0118246 | D25: VP OW | E25: 14 | F25: 1 | G25: 1260 | H25: =+N25 -> 0.24 | I25: 0.88 | J25: =E25*G25*(1-H25)*1440/1000000*2.87 -> 55.40597 | K25: =(IF(G25<L25,L25,G25)*(1-IF(H25<N25,H25,N25))*E25*O25*Q25)/100000000 -> 9.0118246 | L25: 1300 | M25: =+L25-L25*0.24 -> 988 | N25: =1-(M25/L25) -> 0.24 | O25: =+'Trim Rwd'!H15 -> 271.46667 | P25: =O25*(Q25-R25-S25) -> 63251.733 | Q25: 240 | R25: 0 | S25: 7 | T25: =E25*M25*O25*Q25/100000000 -> 9.0118246 | U25: =E25*M25*O25*(Q25-R25-S25)/100000000 -> 8.7489798 | V25: =E25*G25*(1-N25)*O25/100*(R25+S25)/1000000 -> 0.25475735 | W25: =+'5'!K9/1000 -> 16.889 | X25: =SUM(W25:W28)/SUM(K25:K28) -> 0.95252474 | Y25: 0 | Z25: 0 | AA25: =SUM(U25:U28)-SUM(W25:W28)-SUM(Z25:Z28)-SUM(Y25:Y28) -> 0.50774375 | AB25: =(SUM(K25:K28)-SUM(W25:W28)-SUM(Y25:Y28)-SUM(Z25:Z28)-SUM(AC25:AC28)-SUM(V25:V28))-AA25 -> 0.048306735 | AC25: =K25-T25 -> 0 | AD25: =+AM25+BA25 -> 5 | AE25: - Sheet Breaks (1x) | AF25: 5 | AM25: =SUM(AF25:AL25)+AT25+AV25+AX25 -> 5 | AR25: =SUM(AN25:AQ25) -> 0 | BA25: =+AR25+AS25+AU25+AW25+AY25+AZ25 -> 0 | BB25: 1
B26: Toilet | C26: =(M26*E26*O26*Q26)/100000000 -> 24.533712 | D26: VP OW | E26: 18 | F26: 1 | G26: 980 | H26: =+N26 -> 0.24 | I26: 0.88 | J26: =E26*G26*(1-H26)*1440/1000000*2.87 -> 55.40597 | K26: =(IF(G26<L26,L26,G26)*(1-IF(H26<N26,H26,N26))*E26*O26*Q26)/100000000 -> 24.533712 | L26: 1050 | M26: 798 | N26: =1-(M26/L26) -> 0.24 | O26: =+'Trim Rwd'!H17 -> 280 | P26: =O26*(Q26-R26-S26) -> 166600 | Q26: 610 | R26: 0 | S26: 15 | T26: =E26*M26*O26*Q26/100000000 -> 24.533712 | U26: =E26*M26*O26*(Q26-R26-S26)/100000000 -> 23.930424 | V26: =E26*G26*(1-N26)*O26/100*(R26+S26)/1000000 -> 0.5630688 | W26: =+'5'!K11/1000 -> 21.393 | Z26: =+'5'!D34/1000 -> 0.65 | AC26: =K26-T26 -> 0 | AD26: =+AM26+BA26 -> 6 | AE26: - Change Blade (4x) | AG26: 6 | AM26: =SUM(AF26:AL26)+AT26+AV26+AX26 -> 6 | AR26: =SUM(AN26:AQ26) -> 0 | BA26: =+AR26+AS26+AU26+AW26+AY26+AZ26 -> 0 | BC26: 4
B27: Toilet | C27: =(M27*E27*O27*Q27)/100000000 -> 21.1869 | D27: VP OW | E27: 12.5 | F27: 1 | G27: 1350 | H27: =+N27 -> 0.24 | I27: 0.88 | J27: =E27*G27*(1-H27)*1440/1000000*2.87 -> 53.00316 | K27: =(IF(G27<L27,L27,G27)*(1-IF(H27<N27,H27,N27))*E27*O27*Q27)/100000000 -> 21.1869 | L27: 1350 | M27: 1026 | N27: =1-(M27/L27) -> 0.24 | O27: =+'Trim Rwd'!H18 -> 280 | P27: =O27*(Q27-R27-S27) -> 160720 | Q27: 590 | R27: 0 | S27: 16 | T27: =E27*M27*O27*Q27/100000000 -> 21.1869 | U27: =E27*M27*O27*(Q27-R27-S27)/100000000 -> 20.61234 | V27: =E27*G27*(1-N27)*O27/100*(R27+S27)/1000000 -> 0.57456 | W27: =+'5'!K8/1000 -> 13.852 | AC27: =K27-T27 -> 0 | AD27: =+AM27+BA27 -> 27 | AE27: - Change Spool (27x) | AH27: 27 | AM27: =SUM(AF27:AL27)+AT27+AV27+AX27 -> 27 | AR27: =SUM(AN27:AQ27) -> 0 | BA27: =+AR27+AS27+AU27+AW27+AY27+AZ27 -> 0
A29: 45997 | B29: Toilet | C29: =(M29*E29*O29*Q29)/100000000 -> 2.1546 | D29: VP OW | E29: 12.5 | F29: 1 | G29: 1350 | H29: =+N29 -> 0.24 | I29: 0.88 | J29: =E29*G29*(1-H29)*1440/1000000*2.87 -> 53.00316 | K29: =(IF(G29<L29,L29,G29)*(1-IF(H29<N29,H29,N29))*E29*O29*Q29)/100000000 -> 2.1546 | L29: 1350 | M29: 1026 | N29: =1-(M29/L29) -> 0.24 | O29: =+'Trim Rwd'!H20 -> 280 | P29: =O29*(Q29-R29-S29) -> 15400 | Q29: 60 | R29: 0 | S29: 5 | T29: =E29*M29*O29*Q29/100000000 -> 2.1546 | U29: =E29*M29*O29*(Q29-R29-S29)/100000000 -> 1.97505 | V29: =E29*G29*(1-N29)*O29/100*(R29+S29)/1000000 -> 0.17955 | W29: =+'6'!K8/1000 -> 7.433 | X29: =SUM(W29:W32)/SUM(K29:K32) -> 0.90094567 | Y29: 0 | Z29: 0 | AA29: =SUM(U29:U32)-SUM(W29:W32)-SUM(Z29:Z32)-SUM(Y29:Y32) -> 3.2442903 | AB29: =(SUM(K29:K32)-SUM(W29:W32)-SUM(Y29:Y32)-SUM(Z29:Z32)-SUM(AC29:AC32)-SUM(V29:V32))-AA29 -> -0.00715008 | AC29: =K29-T29 -> 0 | AD29: =+AM29+BA29 -> 15 | AE29: - Sheet Breaks (3x) | AF29: 15 | AM29: =SUM(AF29:AL29)+AT29+AV29+AX29 -> 15 | AR29: =SUM(AN29:AQ29) -> 0 | BA29: =+AR29+AS29+AU29+AW29+AY29+AZ29 -> 0 | BB29: 3
B30: Facial | C30: =(M30*E30*O30*Q30)/100000000 -> 29.790523 | D30: VP OW | E30: 13 | F30: 1 | G30: 1350 | H30: =+N30 -> 0.24 | I30: 0.88 | J30: =E30*G30*(1-H30)*1440/1000000*2.87 -> 55.123286 | K30: =(IF(G30<L30,L30,G30)*(1-IF(H30<N30,H30,N30))*E30*O30*Q30)/100000000 -> 29.790523 | L30: 1350 | M30: =+L30-L30*0.24 -> 1026 | N30: =1-(M30/L30) -> 0.24 | O30: =+'Trim Rwd'!H21 -> 274.05 | P30: =O30*(Q30-R30-S30) -> 215951.4 | Q30: 815 | R30: 0 | S30: 27 | T30: =E30*M30*O30*Q30/100000000 -> 29.790523 | U30: =E30*M30*O30*(Q30-R30-S30)/100000000 -> 28.803598 | V30: =E30*G30*(1-N30)*O30/100*(R30+S30)/1000000 -> 0.9869253 | W30: =+'6'!K12/1000 -> 27.738 | AC30: =K30-T30 -> 0 | AD30: =+AM30+BA30 -> 0 | AE30: - Change Blade (0x) | AG30: 0 | AM30: =SUM(AF30:AL30)+AT30+AV30+AX30 -> 0 | AR30: =SUM(AN30:AQ30) -> 0 | BA30: =+AR30+AS30+AU30+AW30+AY30+AZ30 -> 0 | BC30: 0
B31: Facial | C31: =(M31*E31*O31*Q31)/100000000 -> 19.794996 | D31: VP OW | E31: 12 | F31: 1 | G31: 1400 | H31: =+N31 -> 0.24 | I31: 0.88 | J31: =E31*G31*(1-H31)*1440/1000000*2.87 -> 52.76759 | K31: =(IF(G31<L31,L31,G31)*(1-IF(H31<N31,H31,N31))*E31*O31*Q31)/100000000 -> 20.198976 | L31: 1372 | M31: =+L31-L31*0.24 -> 1042.72 | N31: =1-(M31/L31) -> 0.24 | O31: =+'Trim Rwd'!H23 -> 280 | P31: =O31*(Q31-R31-S31) -> 155400 | Q31: 565 | R31: 0 | S31: 10 | T31: =E31*M31*O31*Q31/100000000 -> 19.794996 | U31: =E31*M31*O31*(Q31-R31-S31)/100000000 -> 19.444643 | V31: =E31*G31*(1-N31)*O31/100*(R31+S31)/1000000 -> 0.357504 | W31: =+'6'!K7/1000 -> 11.808 | AC31: =K31-T31 -> 0.40397952 | AD31: =+AM31+BA31 -> 27 | AE31: - Change Spool (28x) | AH31: 27 | AM31: =SUM(AF31:AL31)+AT31+AV31+AX31 -> 27 | AR31: =SUM(AN31:AQ31) -> 0 | BA31: =+AR31+AS31+AU31+AW31+AY31+AZ31 -> 0
A33: 45998 | B33: Facial | C33: =(M33*E33*O33*Q33)/100000000 -> 51.480576 | D33: VP OW | E33: 12 | F33: 1 | G33: 1400 | H33: =+N33 -> 0.24 | I33: 0.88 | J33: =E33*G33*(1-H33)*1440/1000000*2.87 -> 52.76759 | K33: =(IF(G33<L33,L33,G33)*(1-IF(H33<N33,H33,N33))*E33*O33*Q33)/100000000 -> 51.480576 | L33: 1400 | M33: =+L33-L33*0.24 -> 1064 | N33: =1-(M33/L33) -> 0.24 | O33: =+'Trim Rwd'!H25 -> 280 | P33: =O33*(Q33-R33-S33) -> 394240 | Q33: 1440 | R33: 0 | S33: 32 | T33: =E33*M33*O33*Q33/100000000 -> 51.480576 | U33: =E33*M33*O33*(Q33-R33-S33)/100000000 -> 50.336563 | V33: =E33*G33*(1-N33)*O33/100*(R33+S33)/1000000 -> 1.1440128 | W33: =+'7'!K34/1000 -> 44.481 | X33: =SUM(W33:W36)/SUM(K33:K36) -> 0.86403462 | Y33: 0 | Z33: 0 | AA33: =SUM(U33:U36)-SUM(W33:W36)-SUM(Z33:Z36)-SUM(Y33:Y36) -> 5.8555632 | AB33: =(SUM(K33:K36)-SUM(W33:W36)-SUM(Y33:Y36)-SUM(Z33:Z36)-SUM(AC33:AC36)-SUM(V33:V36))-AA33 -> 0 | AC33: =K33-T33 -> 0 | AD33: =+AM33+BA33 -> 5 | AE33: - Sheet Breaks (1x) | AF33: 5 | AM33: =SUM(AF33:AL33)+AT33+AV33+AX33 -> 5 | AR33: =SUM(AN33:AQ33) -> 0 | BA33: =+AR33+AS33+AU33+AW33+AY33+AZ33 -> 0 | BB33: 1
AD34: =+AM34+BA34 -> 5 | AE34: - Change Blade (2x) | AG34: 5 | AM34: =SUM(AF34:AL34)+AT34+AV34+AX34 -> 5 | AR34: =SUM(AN34:AQ34) -> 0 | BA34: =+AR34+AS34+AU34+AW34+AY34+AZ34 -> 0 | BC34: 2
AD35: =+AM35+BA35 -> 22 | AE35: - Change Spool (24x) | AH35: 22 | AM35: =SUM(AF35:AL35)+AT35+AV35+AX35 -> 22 | AR35: =SUM(AN35:AQ35) -> 0 | BA35: =+AR35+AS35+AU35+AW35+AY35+AZ35 -> 0
A37: 45999 | B37: Facial | C37: =(M37*E37*O37*Q37)/100000000 -> 51.480576 | D37: VP OW | E37: 12 | F37: 1 | G37: 1400 | H37: =+N37 -> 0.24 | I37: 0.88 | J37: =E37*G37*(1-H37)*1440/1000000*2.87 -> 52.76759 | K37: =(IF(G37<L37,L37,G37)*(1-IF(H37<N37,H37,N37))*E37*O37*Q37)/100000000 -> 51.480576 | L37: 1400 | M37: =+L37-L37*0.24 -> 1064 | N37: =1-(M37/L37) -> 0.24 | O37: =+'Trim Rwd'!H27 -> 280 | P37: =O37*(Q37-R37-S37) -> 394800 | Q37: 1440 | R37: 0 | S37: 30 | T37: =E37*M37*O37*Q37/100000000 -> 51.480576 | U37: =E37*M37*O37*(Q37-R37-S37)/100000000 -> 50.408064 | V37: =E37*G37*(1-N37)*O37/100*(R37+S37)/1000000 -> 1.072512 | W37: =+'8'!K34/1000 -> 54.174 | X37: =SUM(W37:W40)/SUM(K37:K40) -> 1.0523192 | Y37: 0 | Z37: 0 | AA37: =SUM(U37:U40)-SUM(W37:W40)-SUM(Z37:Z40)-SUM(Y37:Y40) -> -3.765936 | AB37: =(SUM(K37:K40)-SUM(W37:W40)-SUM(Y37:Y40)-SUM(Z37:Z40)-SUM(AC37:AC40)-SUM(V37:V40))-AA37 -> -3.5527137e-15 | AC37: =K37-T37 -> 0 | AD37: =+AM37+BA37 -> 0 | AE37: - Sheet Breaks (0x) | AF37: 0 | AM37: =SUM(AF37:AL37)+AT37+AV37+AX37 -> 0 | AR37: =SUM(AN37:AQ37) -> 0 | BA37: =+AR37+AS37+AU37+AW37+AY37+AZ37 -> 0 | BB37: 1
AD38: =+AM38+BA38 -> 2 | AE38: - Change Blade (1x) | AG38: 2 | AM38: =SUM(AF38:AL38)+AT38+AV38+AX38 -> 2 | AR38: =SUM(AN38:AQ38) -> 0 | BA38: =+AR38+AS38+AU38+AW38+AY38+AZ38 -> 0 | BC38: 1
AD39: =+AM39+BA39 -> 28 | AE39: - Change Spool (26x) | AH39: 28 | AM39: =SUM(AF39:AL39)+AT39+AV39+AX39 -> 28 | AR39: =SUM(AN39:AQ39) -> 0 | BA39: =+AR39+AS39+AU39+AW39+AY39+AZ39 -> 0
A41: 46000 | B41: Facial | C41: =(M41*E41*O41*Q41)/100000000 -> 51.480576 | D41: VP OW | E41: 12 | F41: 1 | G41: 1400 | H41: =+N41 -> 0.24 | I41: 0.88 | J41: =E41*G41*(1-H41)*1440/1000000*2.87 -> 52.76759 | K41: =(IF(G41<L41,L41,G41)*(1-IF(H41<N41,H41,N41))*E41*O41*Q41)/100000000 -> 51.480576 | L41: 1400 | M41: =+L41-L41*0.24 -> 1064 | N41: =1-(M41/L41) -> 0.24 | O41: =+'Trim Rwd'!H29 -> 280 | P41: =O41*(Q41-R41-S41) -> 393960 | Q41: 1440 | R41: 0 | S41: 33 | T41: =E41*M41*O41*Q41/100000000 -> 51.480576 | U41: =E41*M41*O41*(Q41-R41-S41)/100000000 -> 50.300813 | V41: =E41*G41*(1-N41)*O41/100*(R41+S41)/1000000 -> 1.1797632 | W41: =+'9'!K34/1000 -> 49.234 | X41: =SUM(W41:W44)/SUM(K41:K44) -> 0.95636071 | Y41: 0 | Z41: 0 | AA41: =SUM(U41:U44)-SUM(W41:W44)-SUM(Z41:Z44)-SUM(Y41:Y44) -> 1.0668128 | AB41: =(SUM(K41:K44)-SUM(W41:W44)-SUM(Y41:Y44)-SUM(Z41:Z44)-SUM(AC41:AC44)-SUM(V41:V44))-AA41 -> -3.5527137e-15 | AC41: =K41-T41 -> 0 | AD41: =+AM41+BA41 -> 0 | AE41: - Sheet Breaks (0x) | AF41: 0 | AM41: =SUM(AF41:AL41)+AT41+AV41+AX41 -> 0 | AR41: =SUM(AN41:AQ41) -> 0 | BA41: =+AR41+AS41+AU41+AW41+AY41+AZ41 -> 0 | BB41: 0
AD42: =+AM42+BA42 -> 2 | AE42: - Change Blade (2x) | AG42: 2 | AM42: =SUM(AF42:AL42)+AT42+AV42+AX42 -> 2 | AR42: =SUM(AN42:AQ42) -> 0 | BA42: =+AR42+AS42+AU42+AW42+AY42+AZ42 -> 0 | BC42: 2
AD43: =+AM43+BA43 -> 31 | AE43: - Change Spool (27x) | AH43: 31 | AM43: =SUM(AF43:AL43)+AT43+AV43+AX43 -> 31 | AR43: =SUM(AN43:AQ43) -> 0 | BA43: =+AR43+AS43+AU43+AW43+AY43+AZ43 -> 0
A45: 46001 | B45: Facial | C45: =(M45*E45*O45*Q45)/100000000 -> 51.480576 | D45: VP OW | E45: 12 | F45: 1 | G45: 1400 | H45: =+N45 -> 0.24 | I45: 0.88 | J45: =E45*G45*(1-H45)*1440/1000000*2.87 -> 52.76759 | K45: =(IF(G45<L45,L45,G45)*(1-IF(H45<N45,H45,N45))*E45*O45*Q45)/100000000 -> 51.480576 | L45: 1400 | M45: =+L45-L45*0.24 -> 1064 | N45: =1-(M45/L45) -> 0.24 | O45: =+'Trim Rwd'!H31 -> 280 | P45: =O45*(Q45-R45-S45) -> 392840 | Q45: 1440 | R45: 0 | S45: 37 | T45: =E45*M45*O45*Q45/100000000 -> 51.480576 | U45: =E45*M45*O45*(Q45-R45-S45)/100000000 -> 50.157811 | V45: =E45*G45*(1-N45)*O45/100*(R45+S45)/1000000 -> 1.3227648 | W45: =+'10'!K34/1000 -> 49.491 | X45: =SUM(W45:W48)/SUM(K45:K48) -> 0.96135288 | Y45: 0 | Z45: 0 | AA45: =SUM(U45:U48)-SUM(W45:W48)-SUM(Z45:Z48)-SUM(Y45:Y48) -> 0.6668112 | AB45: =(SUM(K45:K48)-SUM(W45:W48)-SUM(Y45:Y48)-SUM(Z45:Z48)-SUM(AC45:AC48)-SUM(V45:V48))-AA45 -> 1.5543122e-15 | AC45: =K45-T45 -> 0 | AD45: =+AM45+BA45 -> 0 | AE45: - Sheet Breaks (0x) | AF45: 0 | AM45: =SUM(AF45:AL45)+AT45+AV45+AX45 -> 0 | AR45: =SUM(AN45:AQ45) -> 0 | BA45: =+AR45+AS45+AU45+AW45+AY45+AZ45 -> 0 | BB45: 0
AD46: =+AM46+BA46 -> 2 | AE46: - Change Blade (2x) | AG46: 2 | AM46: =SUM(AF46:AL46)+AT46+AV46+AX46 -> 2 | AR46: =SUM(AN46:AQ46) -> 0 | BA46: =+AR46+AS46+AU46+AW46+AY46+AZ46 -> 0 | BC46: 1
AD47: =+AM47+BA47 -> 35 | AE47: - Change Spool (26x) | AH47: 35 | AM47: =SUM(AF47:AL47)+AT47+AV47+AX47 -> 35 | AR47: =SUM(AN47:AQ47) -> 0 | BA47: =+AR47+AS47+AU47+AW47+AY47+AZ47 -> 0
A49: 46002 | B49: Facial | C49: =(M49*E49*O49*Q49)/100000000 -> 51.480576 | D49: VP OW | E49: 12 | F49: 1 | G49: 1400 | H49: =+N49 -> 0.24 | I49: 0.88 | J49: =E49*G49*(1-H49)*1440/1000000*2.87 -> 52.76759 | K49: =(IF(G49<L49,L49,G49)*(1-IF(H49<N49,H49,N49))*E49*O49*Q49)/100000000 -> 51.480576 | L49: 1400 | M49: 1064 | N49: =1-(M49/L49) -> 0.24 | O49: =+'Trim Rwd'!H33 -> 280 | P49: =O49*(Q49-R49-S49) -> 390600 | Q49: 1440 | R49: 0 | S49: 45 | T49: =E49*M49*O49*Q49/100000000 -> 51.480576 | U49: =E49*M49*O49*(Q49-R49-S49)/100000000 -> 49.871808 | V49: =E49*G49*(1-N49)*O49/100*(R49+S49)/1000000 -> 1.608768 | W49: =+'11'!K10/1000 -> 42.121 | X49: =SUM(W49:W52)/SUM(K49:K52) -> 0.81819209 | Y49: 0 | Z49: =+'11'!D34/1000 -> 1 | AA49: =SUM(U49:U52)-SUM(W49:W52)-SUM(Z49:Z52)-SUM(Y49:Y52) -> 6.750808 | AB49: =(SUM(K49:K52)-SUM(W49:W52)-SUM(Y49:Y52)-SUM(Z49:Z52)-SUM(AC49:AC52)-SUM(V49:V52))-AA49 -> 0 | AC49: =K49-T49 -> 0 | AD49: =+AM49+BA49 -> 0 | AE49: - Sheet Breaks (0x) | AF49: 0 | AM49: =SUM(AF49:AL49)+AT49+AV49+AX49 -> 0 | AR49: =SUM(AN49:AQ49) -> 0 | BA49: =+AR49+AS49+AU49+AW49+AY49+AZ49 -> 0 | BB49: 0
AD50: =+AM50+BA50 -> 0 | AE50: - Change Blade (0x) | AG50: 0 | AM50: =SUM(AF50:AL50)+AT50+AV50+AX50 -> 0 | AR50: =SUM(AN50:AQ50) -> 0 | BA50: =+AR50+AS50+AU50+AW50+AY50+AZ50 -> 0 | BC50: 1
AD51: =+AM51+BA51 -> 45 | AE51: - Change Spool (28x) | AH51: 45 | AM51: =SUM(AF51:AL51)+AT51+AV51+AX51 -> 45 | AR51: =SUM(AN51:AQ51) -> 0 | BA51: =+AR51+AS51+AU51+AW51+AY51+AZ51 -> 0
A53: 46003 | B53: Facial | C53: =(M53*E53*O53*Q53)/100000000 -> 51.480576 | D53: VP OW | E53: 12 | F53: 1 | G53: 1400 | H53: =+N53 -> 0.24 | I53: 0.88 | J53: =E53*G53*(1-H53)*1440/1000000*2.87 -> 52.76759 | K53: =(IF(G53<L53,L53,G53)*(1-IF(H53<N53,H53,N53))*E53*O53*Q53)/100000000 -> 51.480576 | L53: 1400 | M53: 1064 | N53: =1-(M53/L53) -> 0.24 | O53: =+'Trim Rwd'!H35 -> 280 | P53: =O53*(Q53-R53-S53) -> 388640 | Q53: 1440 | R53: 0 | S53: 52 | T53: =E53*M53*O53*Q53/100000000 -> 51.480576 | U53: =E53*M53*O53*(Q53-R53-S53)/100000000 -> 49.621555 | V53: =E53*G53*(1-N53)*O53/100*(R53+S53)/1000000 -> 1.8590208 | W53: =+'12'!K34/1000 -> 42.797 | X53: =SUM(W53:W56)/SUM(K53:K56) -> 0.83132325 | Y53: 0 | Z53: =+'12'!D34/1000 -> 0.52 | AA53: =SUM(U53:U56)-SUM(W53:W56)-SUM(Z53:Z56)-SUM(Y53:Y56) -> 6.3045552 | AB53: =(SUM(K53:K56)-SUM(W53:W56)-SUM(Y53:Y56)-SUM(Z53:Z56)-SUM(AC53:AC56)-SUM(V53:V56))-AA53 -> 0 | AC53: =K53-T53 -> 0 | AD53: =+AM53+BA53 -> 15 | AE53: - Sheet Breaks (3x) | AF53: 15 | AM53: =SUM(AF53:AL53)+AT53+AV53+AX53 -> 15 | AR53: =SUM(AN53:AQ53) -> 0 | BA53: =+AR53+AS53+AU53+AW53+AY53+AZ53 -> 0 | BB53: 3
AD54: =+AM54+BA54 -> 7 | AE54: - Change Blade (2x) | AG54: 7 | AM54: =SUM(AF54:AL54)+AT54+AV54+AX54 -> 7 | AR54: =SUM(AN54:AQ54) -> 0 | BA54: =+AR54+AS54+AU54+AW54+AY54+AZ54 -> 0 | BC54: 2
AD55: =+AM55+BA55 -> 30 | AE55: - Change Spool (28x) | AH55: 30 | AM55: =SUM(AF55:AL55)+AT55+AV55+AX55 -> 30 | AR55: =SUM(AN55:AQ55) -> 0 | BA55: =+AR55+AS55+AU55+AW55+AY55+AZ55 -> 0
A57: 46004 | B57: Facial | C57: =(M57*E57*O57*Q57)/100000000 -> 51.480576 | D57: VP OW | E57: 12 | F57: 1 | G57: 1400 | H57: =+N57 -> 0.24 | I57: 0.88 | J57: =E57*G57*(1-H57)*1440/1000000*2.87 -> 52.76759 | K57: =(IF(G57<L57,L57,G57)*(1-IF(H57<N57,H57,N57))*E57*O57*Q57)/100000000 -> 51.480576 | L57: 1400 | M57: 1064 | N57: =1-(M57/L57) -> 0.24 | O57: =+'Trim Rwd'!H37 -> 280 | P57: =O57*(Q57-R57-S57) -> 390880 | Q57: 1440 | R57: 0 | S57: 44 | T57: =E57*M57*O57*Q57/100000000 -> 51.480576 | U57: =E57*M57*O57*(Q57-R57-S57)/100000000 -> 49.907558 | V57: =E57*G57*(1-N57)*O57/100*(R57+S57)/1000000 -> 1.5730176 | W57: =+'13'!K34/1000 -> 48.721 | X57: =SUM(W57:W60)/SUM(K57:K60) -> 0.94639578 | Y57: 0 | Z57: 0 | AA57: =SUM(U57:U60)-SUM(W57:W60)-SUM(Z57:Z60)-SUM(Y57:Y60) -> 1.1865584 | AB57: =(SUM(K57:K60)-SUM(W57:W60)-SUM(Y57:Y60)-SUM(Z57:Z60)-SUM(AC57:AC60)-SUM(V57:V60))-AA57 -> 0 | AC57: =K57-T57 -> 0 | AD57: =+AM57+BA57 -> 0 | AE57: - Sheet Breaks (0x) | AF57: 0 | AM57: =SUM(AF57:AL57)+AT57+AV57+AX57 -> 0 | AR57: =SUM(AN57:AQ57) -> 0 | BA57: =+AR57+AS57+AU57+AW57+AY57+AZ57 -> 0 | BB57: 0
AD58: =+AM58+BA58 -> 0 | AE58: - Change Blade (0x) | AG58: 0 | AM58: =SUM(AF58:AL58)+AT58+AV58+AX58 -> 0 | AR58: =SUM(AN58:AQ58) -> 0 | BA58: =+AR58+AS58+AU58+AW58+AY58+AZ58 -> 0 | BC58: 0
AD59: =+AM59+BA59 -> 44 | AE59: - Change Spool (28x) | AH59: 44 | AM59: =SUM(AF59:AL59)+AT59+AV59+AX59 -> 44 | AR59: =SUM(AN59:AQ59) -> 0 | BA59: =+AR59+AS59+AU59+AW59+AY59+AZ59 -> 0
A61: 46005 | B61: Facial | C61: =(M61*E61*O61*Q61)/100000000 -> 21.092736 | D61: VP OW | E61: 12 | F61: 1 | G61: 1400 | H61: =+N61 -> 0.24 | I61: 0.88 | J61: =E61*G61*(1-H61)*1440/1000000*2.87 -> 52.76759 | K61: =(IF(G61<L61,L61,G61)*(1-IF(H61<N61,H61,N61))*E61*O61*Q61)/100000000 -> 21.092736 | L61: 1400 | M61: =+L61-L61*0.24 -> 1064 | N61: =1-(M61/L61) -> 0.24 | O61: =+'Trim Rwd'!H39 -> 280 | P61: =O61*(Q61-R61-S61) -> 162400 | Q61: 590 | R61: 0 | S61: 10 | T61: =E61*M61*O61*Q61/100000000 -> 21.092736 | U61: =E61*M61*O61*(Q61-R61-S61)/100000000 -> 20.735232 | V61: =E61*G61*(1-N61)*O61/100*(R61+S61)/1000000 -> 0.357504 | W61: =+'14'!K10/1000 -> 23.862 | X61: =SUM(W61:W64)/SUM(K61:K64) -> 0.89421582 | Y61: 0 | Z61: 0 | AA61: =SUM(U61:U64)-SUM(W61:W64)-SUM(Z61:Z64)-SUM(Y61:Y64) -> 3.0867512 | AB61: =(SUM(K61:K64)-SUM(W61:W64)-SUM(Y61:Y64)-SUM(Z61:Z64)-SUM(AC61:AC64)-SUM(V61:V64))-AA61 -> 0.0055328 | AC61: =K61-T61 -> 0 | AD61: =+AM61+BA61 -> 0 | AE61: - Sheet Breaks (0x) | AF61: 0 | AM61: =SUM(AF61:AL61)+AT61+AV61+AX61 -> 0 | AR61: =SUM(AN61:AQ61) -> 0 | BA61: =+AR61+AS61+AU61+AW61+AY61+AZ61 -> 0 | BB61: 0
B62: Facial | C62: =(M62*E62*O62*Q62)/100000000 -> 21.602818 | D62: VP OW | E62: 13 | F62: 1 | G62: 1350 | H62: =+N62 -> 0.24 | I62: 0.88 | J62: =E62*G62*(1-H62)*1440/1000000*2.87 -> 55.123286 | K62: =(IF(G62<L62,L62,G62)*(1-IF(H62<N62,H62,N62))*E62*O62*Q62)/100000000 -> 21.602818 | L62: 1370 | M62: =+L62-L62*0.24 -> 1041.2 | N62: =1-(M62/L62) -> 0.24 | O62: =+'Trim Rwd'!H40 -> 280 | P62: =O62*(Q62-R62-S62) -> 156800 | Q62: 570 | R62: 0 | S62: 10 | T62: =E62*M62*O62*Q62/100000000 -> 21.602818 | U62: =E62*M62*O62*(Q62-R62-S62)/100000000 -> 21.223821 | V62: =E62*G62*(1-N62)*O62/100*(R62+S62)/1000000 -> 0.373464 | W62: =+'14'!K12/1000 -> 20.123 | AC62: =K62-T62 -> 0 | AD62: =+AM62+BA62 -> 1 | AE62: - Change Blade (1x) | AG62: 1 | AM62: =SUM(AF62:AL62)+AT62+AV62+AX62 -> 1 | AR62: =SUM(AN62:AQ62) -> 0 | BA62: =+AR62+AS62+AU62+AW62+AY62+AZ62 -> 0 | BC62: 1
B63: Facial | C63: =(M63*E63*O63*Q63)/100000000 -> 9.5245024 | D63: VP OW | E63: 11.5 | F63: 1 | G63: 1400 | H63: =+N63 -> 0.24 | I63: 0.88 | J63: =E63*G63*(1-H63)*1440/1000000*2.87 -> 50.568941 | K63: =(IF(G63<L63,L63,G63)*(1-IF(H63<N63,H63,N63))*E63*O63*Q63)/100000000 -> 9.5245024 | L63: 1400 | M63: =+L63-L63*0.24 -> 1064 | N63: =1-(M63/L63) -> 0.24 | O63: =+'Trim Rwd'!H41 -> 278 | P63: =O63*(Q63-R63-S63) -> 63940 | Q63: 280 | R63: 40 | S63: 10 | T63: =E63*M63*O63*Q63/100000000 -> 9.5245024 | U63: =E63*M63*O63*(Q63-R63-S63)/100000000 -> 7.8236984 | V63: =E63*G63*(1-N63)*O63/100*(R63+S63)/1000000 -> 1.700804 | W63: =+'14'!K13/1000 -> 2.711 | AC63: =K63-T63 -> 0 | AD63: =+AM63+BA63 -> 29 | AE63: - Change Spool (29x) | AH63: 29 | AM63: =SUM(AF63:AL63)+AT63+AV63+AX63 -> 29 | AR63: =SUM(AN63:AQ63) -> 0 | BA63: =+AR63+AS63+AU63+AW63+AY63+AZ63 -> 0
AD64: =+AM64+BA64 -> 40 | AE64: - 06.00 kertas brosot satu deckel pm stop spray yankee buntu semua Fresh water Tangki Chamber coating release habis (pelampung eror) bersihkan shower coating release yang mampet | AM64: =SUM(AF64:AL64)+AT64+AV64+AX64 -> 0 | AN64: 40 | AR64: =SUM(AN64:AQ64) -> 40 | BA64: =+AR64+AS64+AU64+AW64+AY64+AZ64 -> 40
A66: 46006 | B66: Facial | C66: =(M66*E66*O66*Q66)/100000000 -> 49.097446 | D66: VP OW | E66: 11.5 | F66: 1 | G66: 1400 | H66: =+N66 -> 0.24 | I66: 0.88 | J66: =E66*G66*(1-H66)*1440/1000000*2.87 -> 50.568941 | K66: =(IF(G66<L66,L66,G66)*(1-IF(H66<N66,H66,N66))*E66*O66*Q66)/100000000 -> 49.097446 | L66: 1400 | M66: 1064 | N66: =1-(M66/L66) -> 0.24 | O66: =+'Trim Rwd'!H43 -> 278.64865 | P66: =O66*(Q66-R66-S66) -> 377847.57 | Q66: 1440 | R66: 0 | S66: 84 | T66: =E66*M66*O66*Q66/100000000 -> 49.097446 | U66: =E66*M66*O66*(Q66-R66-S66)/100000000 -> 46.233428 | V66: =E66*G66*(1-N66)*O66/100*(R66+S66)/1000000 -> 2.8640177 | W66: =+'15'!K34/1000 -> 38.724 | X66: =SUM(W66:W69)/SUM(K66:K69) -> 0.7887172 | Y66: 0 | Z66: 0 | AA66: =SUM(U66:U69)-SUM(W66:W69)-SUM(Z66:Z69)-SUM(Y66:Y69) -> 7.5094284 | AB66: =(SUM(K66:K69)-SUM(W66:W69)-SUM(Y66:Y69)-SUM(Z66:Z69)-SUM(AC66:AC69)-SUM(V66:V69))-AA66 -> 0 | AC66: =K66-T66 -> 0 | AD66: =+AM66+BA66 -> 50 | AE66: - Sheet Breaks (10x) | AF66: 50 | AM66: =SUM(AF66:AL66)+AT66+AV66+AX66 -> 50 | AR66: =SUM(AN66:AQ66) -> 0 | BA66: =+AR66+AS66+AU66+AW66+AY66+AZ66 -> 0 | BB66: 10
AD67: =+AM67+BA67 -> 5 | AE67: - Change Blade (1x) | AG67: 5 | AM67: =SUM(AF67:AL67)+AT67+AV67+AX67 -> 5 | AR67: =SUM(AN67:AQ67) -> 0 | BA67: =+AR67+AS67+AU67+AW67+AY67+AZ67 -> 0 | BC67: 1
AD68: =+AM68+BA68 -> 29 | AE68: - Change Spool (24x) | AH68: 29 | AM68: =SUM(AF68:AL68)+AT68+AV68+AX68 -> 29 | AR68: =SUM(AN68:AQ68) -> 0 | BA68: =+AR68+AS68+AU68+AW68+AY68+AZ68 -> 0
A70: 46007 | B70: Facial | C70: =(M70*E70*O70*Q70)/100000000 -> 20.385176 | D70: VP OW | E70: 11.5 | F70: 1 | G70: 1400 | H70: =+N70 -> 0.24 | I70: 0.88 | J70: =E70*G70*(1-H70)*1440/1000000*2.87 -> 50.568941 | K70: =(IF(G70<L70,L70,G70)*(1-IF(H70<N70,H70,N70))*E70*O70*Q70)/100000000 -> 20.385176 | L70: 1400 | M70: 1064 | N70: =1-(M70/L70) -> 0.24 | O70: =+'Trim Rwd'!H46 -> 280 | P70: =O70*(Q70-R70-S70) -> 160440 | Q70: 595 | R70: 0 | S70: 22 | T70: =E70*M70*O70*Q70/100000000 -> 20.385176 | U70: =E70*M70*O70*(Q70-R70-S70)/100000000 -> 19.631438 | V70: =E70*G70*(1-N70)*O70/100*(R70+S70)/1000000 -> 0.7537376 | W70: =+'16'!K13/1000 -> 27.555 | X70: =SUM(W70:W73)/SUM(K70:K73) -> 0.91847634 | Y70: 0 | Z70: =+'16'!D34/1000 -> 0.275 | AA70: =SUM(U70:U73)-SUM(W70:W73)-SUM(Z70:Z73)-SUM(Y70:Y73) -> 2.2758154 | AB70: =(SUM(K70:K73)-SUM(W70:W73)-SUM(Y70:Y73)-SUM(Z70:Z73)-SUM(AC70:AC73)-SUM(V70:V73))-AA70 -> 0 | AC70: =K70-T70 -> 0 | AD70: =+AM70+BA70 -> 0 | AE70: - Sheet Breaks (0x) | AF70: 0 | AM70: =SUM(AF70:AL70)+AT70+AV70+AX70 -> 0 | AR70: =SUM(AN70:AQ70) -> 0 | BA70: =+AR70+AS70+AU70+AW70+AY70+AZ70 -> 0 | BB70: 0
B71: Toilet | C71: =(M71*E71*O71*Q71)/100000000 -> 29.604136 | D71: VP OW | E71: 12 | F71: 1 | G71: 1400 | H71: =+N71 -> 0.24 | I71: 0.88 | J71: =E71*G71*(1-H71)*1440/1000000*2.87 -> 52.76759 | K71: =(IF(G71<L71,L71,G71)*(1-IF(H71<N71,H71,N71))*E71*O71*Q71)/100000000 -> 29.604136 | L71: 1400 | M71: 1064 | N71: =1-(M71/L71) -> 0.24 | O71: =+'Trim Rwd'!H47 -> 274.39286 | P71: =O71*(Q71-R71-S71) -> 225825.32 | Q71: 845 | R71: 0 | S71: 22 | T71: =E71*M71*O71*Q71/100000000 -> 29.604136 | U71: =E71*M71*O71*(Q71-R71-S71)/100000000 -> 28.833377 | V71: =E71*G71*(1-N71)*O71/100*(R71+S71)/1000000 -> 0.77075856 | W71: =+'16'!K14/1000 -> 18.359 | AC71: =K71-T71 -> 0 | AD71: =+AM71+BA71 -> 6 | AE71: - Change Blade (2x) | AG71: 6 | AM71: =SUM(AF71:AL71)+AT71+AV71+AX71 -> 6 | AR71: =SUM(AN71:AQ71) -> 0 | BA71: =+AR71+AS71+AU71+AW71+AY71+AZ71 -> 0 | BC71: 2
AD72: =+AM72+BA72 -> 38 | AE72: - Change Spool (29x) | AH72: 38 | AM72: =SUM(AF72:AL72)+AT72+AV72+AX72 -> 38 | AR72: =SUM(AN72:AQ72) -> 0 | BA72: =+AR72+AS72+AU72+AW72+AY72+AZ72 -> 0
A74: 46008 | B74: Toilet | C74: =(M74*E74*O74*Q74)/100000000 -> 34.908005 | D74: VP OW | E74: 12 | F74: 1 | G74: 1400 | H74: =+N74 -> 0.24 | I74: 0.88 | J74: =E74*G74*(1-H74)*1440/1000000*2.87 -> 52.76759 | K74: =(IF(G74<L74,L74,G74)*(1-IF(H74<N74,H74,N74))*E74*O74*Q74)/100000000 -> 34.908005 | L74: 1400 | M74: 1064 | N74: =1-(M74/L74) -> 0.24 | O74: =+'Trim Rwd'!H50 -> 276.16393 | P74: =O74*(Q74-R74-S74) -> 266498.2 | Q74: 990 | R74: 0 | S74: 25 | T74: =E74*M74*O74*Q74/100000000 -> 34.908005 | U74: =E74*M74*O74*(Q74-R74-S74)/100000000 -> 34.02649 | V74: =E74*G74*(1-N74)*O74/100*(R74+S74)/1000000 -> 0.88151528 | W74: =+'17'!K14/1000 -> 41.504 | X74: =SUM(W74:W77)/SUM(K74:K77) -> 1.0083279 | Y74: 0 | Z74: =+'17'!D34/1000 -> 0.632 | AA74: =SUM(U74:U77)-SUM(W74:W77)-SUM(Z74:Z77)-SUM(Y74:Y77) -> -2.5203777 | AB74: =(SUM(K74:K77)-SUM(W74:W77)-SUM(Y74:Y77)-SUM(Z74:Z77)-SUM(AC74:AC77)-SUM(V74:V77))-AA74 -> 0.038519161 | AC74: =K74-T74 -> 0 | AD74: =+AM74+BA74 -> 10 | AE74: - Sheet Breaks (2x) | AF74: 10 | AM74: =SUM(AF74:AL74)+AT74+AV74+AX74 -> 10 | AR74: =SUM(AN74:AQ74) -> 0 | BA74: =+AR74+AS74+AU74+AW74+AY74+AZ74 -> 0 | BB74: 2
B75: Toilet | C75: =(M75*E75*O75*Q75)/100000000 -> 10.91959 | D75: VP OW | E75: 17 | F75: 1 | G75: 980 | H75: =+N75 -> 0.18857143 | I75: 0.88 | J75: =E75*G75*(1-H75)*1440/1000000*2.87 -> 55.868844 | K75: =(IF(G75<L75,L75,G75)*(1-IF(H75<N75,H75,N75))*E75*O75*Q75)/100000000 -> 10.91959 | L75: 1009.697 | M75: 819.29697 | N75: =1-(M75/L75) -> 0.18857143 | O75: =+'Trim Rwd'!H53 -> 280 | P75: =O75*(Q75-R75-S75) -> 75880 | Q75: 280 | R75: 0 | S75: 9 | T75: =E75*M75*O75*Q75/100000000 -> 10.91959 | U75: =E75*M75*O75*(Q75-R75-S75)/100000000 -> 10.568603 | V75: =E75*G75*(1-N75)*O75/100*(R75+S75)/1000000 -> 0.34066368 | W75: =+'17'!K15/1000 -> 10.757 | AC75: =K75-T75 -> 0 | AD75: =+AM75+BA75 -> 0 | AE75: - Change Blade (0x) | AG75: 0 | AM75: =SUM(AF75:AL75)+AT75+AV75+AX75 -> 0 | AR75: =SUM(AN75:AQ75) -> 0 | BA75: =+AR75+AS75+AU75+AW75+AY75+AZ75 -> 0 | BC75: 0
B76: Toilet | C76: =(M76*E76*O76*Q76)/100000000 -> 7.2662423 | D76: VP OW | E76: 18 | F76: 1 | G76: 965 | H76: =+N76 -> 0.22606447 | I76: 0.88 | J76: =E76*G76*(1-H76)*1440/1000000*2.87 -> 55.558306 | K76: =(IF(G76<L76,L76,G76)*(1-IF(H76<N76,H76,N76))*E76*O76*Q76)/100000000 -> 7.2662423 | L76: 1111.6667 | M76: 860.35833 | N76: =1-(M76/L76) -> 0.22606447 | O76: =+'Trim Rwd'!H54 -> 276 | P76: =O76*(Q76-R76-S76) -> 45540 | Q76: 170 | R76: 0 | S76: 5 | T76: =E76*M76*O76*Q76/100000000 -> 7.2662423 | U76: =E76*M76*O76*(Q76-R76-S76)/100000000 -> 7.0525293 | V76: =E76*G76*(1-N76)*O76/100*(R76+S76)/1000000 -> 0.18551699 | W76: =+'17'!K11/1000 -> 1.275 | AC76: =K76-T76 -> 0 | AD76: =+AM76+BA76 -> 29 | AE76: - Change Spool (28x) | AH76: 29 | AM76: =SUM(AF76:AL76)+AT76+AV76+AX76 -> 29 | AR76: =SUM(AN76:AQ76) -> 0 | BA76: =+AR76+AS76+AU76+AW76+AY76+AZ76 -> 0
A78: 46009 | B78: Toilet | C78: =(M78*E78*O78*Q78)/100000000 -> 60.593702 | D78: VP OW | E78: 18 | F78: 1 | G78: 965 | H78: =+N78 -> 0.23 | I78: 0.88 | J78: =E78*G78*(1-H78)*1440/1000000*2.87 -> 55.275787 | K78: =(IF(G78<L78,L78,G78)*(1-IF(H78<N78,H78,N78))*E78*O78*Q78)/100000000 -> 60.593702 | L78: 1100 | M78: 847 | N78: =1-(M78/L78) -> 0.23 | O78: =+'Trim Rwd'!H56 -> 276 | P78: =O78*(Q78-R78-S78) -> 388884 | Q78: 1440 | R78: 0 | S78: 31 | T78: =E78*M78*O78*Q78/100000000 -> 60.593702 | U78: =E78*M78*O78*(Q78-R78-S78)/100000000 -> 59.289255 | V78: =E78*G78*(1-N78)*O78/100*(R78+S78)/1000000 -> 1.1443564 | W78: =+'18'!K34/1000 -> 51.193 | X78: =SUM(W78:W81)/SUM(K78:K81) -> 0.84485678 | Y78: 0 | Z78: 0 | AA78: =SUM(U78:U81)-SUM(W78:W81)-SUM(Z78:Z81)-SUM(Y78:Y81) -> 8.0962546 | AB78: =(SUM(K78:K81)-SUM(W78:W81)-SUM(Y78:Y81)-SUM(Z78:Z81)-SUM(AC78:AC81)-SUM(V78:V81))-AA78 -> 0.16009132 | AC78: =K78-T78 -> 0 | AD78: =+AM78+BA78 -> 0 | AE78: - Sheet Breaks (0x) | AF78: 0 | AM78: =SUM(AF78:AL78)+AT78+AV78+AX78 -> 0 | AR78: =SUM(AN78:AQ78) -> 0 | BA78: =+AR78+AS78+AU78+AW78+AY78+AZ78 -> 0 | BB78: 0
AD79: =+AM79+BA79 -> 4 | AE79: - Change Blade (1x) | AG79: 4 | AM79: =SUM(AF79:AL79)+AT79+AV79+AX79 -> 4 | AR79: =SUM(AN79:AQ79) -> 0 | BA79: =+AR79+AS79+AU79+AW79+AY79+AZ79 -> 0 | BC79: 1
AD80: =+AM80+BA80 -> 27 | AE80: - Change Spool (21x) | AH80: 27 | AM80: =SUM(AF80:AL80)+AT80+AV80+AX80 -> 27 | AR80: =SUM(AN80:AQ80) -> 0 | BA80: =+AR80+AS80+AU80+AW80+AY80+AZ80 -> 0
A82: 46010 | B82: Toilet | C82: =(M82*E82*O82*Q82)/100000000 -> 48.21593 | D82: VP OW | E82: 18 | F82: 1 | G82: 990 | H82: =+N82 -> 0.24589744 | I82: 0.88 | J82: =E82*G82*(1-H82)*1440/1000000*2.87 -> 55.537011 | K82: =(IF(G82<L82,L82,G82)*(1-IF(H82<N82,H82,N82))*E82*O82*Q82)/100000000 -> 48.21593 | L82: 1100 | M82: 829.51282 | N82: =1-(M82/L82) -> 0.24589744 | O82: =+'Trim Rwd'!H58 -> 276 | P82: =O82*(Q82-R82-S82) -> 317400 | Q82: 1170 | R82: 0 | S82: 20 | T82: =E82*M82*O82*Q82/100000000 -> 48.21593 | U82: =E82*M82*O82*(Q82-R82-S82)/100000000 -> 47.391726 | V82: =E82*G82*(1-N82)*O82/100*(R82+S82)/1000000 -> 0.74178354 | W82: =+'19'!K11/1000 -> 55.948 | X82: =SUM(W82:W85)/SUM(K82:K85) -> 0.95346615 | Y82: 0 | Z82: =+'19'!D34/1000 -> 0.683 | AA82: =SUM(U82:U85)-SUM(W82:W85)-SUM(Z82:Z85)-SUM(Y82:Y85) -> 0.95208166 | AB82: =(SUM(K82:K85)-SUM(W82:W85)-SUM(Y82:Y85)-SUM(Z82:Z85)-SUM(AC82:AC85)-SUM(V82:V85))-AA82 -> 0.096330794 | AC82: =K82-T82 -> 0 | AD82: =+AM82+BA82 -> 0 | AE82: - Sheet Breaks (0x) | AF82: 0 | AM82: =SUM(AF82:AL82)+AT82+AV82+AX82 -> 0 | AR82: =SUM(AN82:AQ82) -> 0 | BA82: =+AR82+AS82+AU82+AW82+AY82+AZ82 -> 0 | BB82: 0
B83: Toilet | C83: =(M83*E83*O83*Q83)/100000000 -> 10.462608 | D83: VP OW | E83: 16 | F83: 1 | G83: 1110 | H83: =+N83 -> 0.25 | I83: 0.88 | J83: =E83*G83*(1-H83)*1440/1000000*2.87 -> 55.048896 | K83: =(IF(G83<L83,L83,G83)*(1-IF(H83<N83,H83,N83))*E83*O83*Q83)/100000000 -> 10.462608 | L83: 1170 | M83: =+L83-L83*0.25 -> 877.5 | N83: =1-(M83/L83) -> 0.25 | O83: =+'Trim Rwd'!H59 -> 276 | P83: =O83*(Q83-R83-S83) -> 72588 | Q83: 270 | R83: 0 | S83: 7 | T83: =E83*M83*O83*Q83/100000000 -> 10.462608 | U83: =E83*M83*O83*(Q83-R83-S83)/100000000 -> 10.191355 | V83: =E83*G83*(1-N83)*O83/100*(R83+S83)/1000000 -> 0.2573424 | W83: =+'19'!K16/1000 -> 0 | AC83: =K83-T83 -> 0 | AD83: =+AM83+BA83 -> 2 | AE83: - Change Blade (2x) | AG83: 2 | AM83: =SUM(AF83:AL83)+AT83+AV83+AX83 -> 2 | AR83: =SUM(AN83:AQ83) -> 0 | BA83: =+AR83+AS83+AU83+AW83+AY83+AZ83 -> 0 | BC83: 2
AD84: =+AM84+BA84 -> 25 | AE84: - Change Spool (23x) | AH84: 25 | AM84: =SUM(AF84:AL84)+AT84+AV84+AX84 -> 25 | AR84: =SUM(AN84:AQ84) -> 0 | BA84: =+AR84+AS84+AU84+AW84+AY84+AZ84 -> 0
A86: 46011 | B86: Toilet | C86: =(M86*E86*O86*Q86)/100000000 -> 43.787952 | D86: VP OW | E86: 16 | F86: 1 | G86: 1110 | H86: =+N86 -> 0.25 | I86: 0.88 | J86: =E86*G86*(1-H86)*1440/1000000*2.87 -> 55.048896 | K86: =(IF(G86<L86,L86,G86)*(1-IF(H86<N86,H86,N86))*E86*O86*Q86)/100000000 -> 43.787952 | L86: 1170 | M86: =+L86-L86*0.25 -> 877.5 | N86: =1-(M86/L86) -> 0.25 | O86: =+'Trim Rwd'!H61 -> 276 | P86: =O86*(Q86-R86-S86) -> 306084 | Q86: 1130 | R86: 0 | S86: 21 | T86: =E86*M86*O86*Q86/100000000 -> 43.787952 | U86: =E86*M86*O86*(Q86-R86-S86)/100000000 -> 42.974194 | V86: =E86*G86*(1-N86)*O86/100*(R86+S86)/1000000 -> 0.7720272 | W86: =+'20'!K16/1000 -> 52.404 | X86: =SUM(W86:W89)/SUM(K86:K89) -> 1.0968476 | Y86: 0 | Z86: 0 | AA86: =SUM(U86:U89)-SUM(W86:W89)-SUM(Z86:Z89)-SUM(Y86:Y89) -> -6.4750224 | AB86: =(SUM(K86:K89)-SUM(W86:W89)-SUM(Y86:Y89)-SUM(Z86:Z89)-SUM(AC86:AC89)-SUM(V86:V89))-AA86 -> 0.0566352 | AC86: =K86-T86 -> 0 | AD86: =+AM86+BA86 -> 0 | AE86: - Sheet Breaks (0x) | AF86: 0 | AM86: =SUM(AF86:AL86)+AT86+AV86+AX86 -> 0 | AR86: =SUM(AN86:AQ86) -> 0 | BA86: =+AR86+AS86+AU86+AW86+AY86+AZ86 -> 0 | BB86: 0
B87: Toilet | C87: =(M87*E87*O87*Q87)/100000000 -> 12.224385 | D87: VP OW | E87: 15 | F87: 1 | G87: 1190 | H87: =+N87 -> 0.25 | I87: 0.88 | J87: =E87*G87*(1-H87)*1440/1000000*2.87 -> 55.32786 | K87: =(IF(G87<L87,L87,G87)*(1-IF(H87<N87,H87,N87))*E87*O87*Q87)/100000000 -> 12.224385 | L87: 1270 | M87: =+L87-L87*0.25 -> 952.5 | N87: =1-(M87/L87) -> 0.25 | O87: =+'Trim Rwd'!H62 -> 276 | P87: =O87*(Q87-R87-S87) -> 83904 | Q87: 310 | R87: 0 | S87: 6 | T87: =E87*M87*O87*Q87/100000000 -> 12.224385 | U87: =E87*M87*O87*(Q87-R87-S87)/100000000 -> 11.987784 | V87: =E87*G87*(1-N87)*O87/100*(R87+S87)/1000000 -> 0.221697 | W87: =+'20'!K17/1000 -> 7.677 | AC87: =K87-T87 -> 0 | AD87: =+AM87+BA87 -> 6 | AE87: - Change Blade (2x) | AG87: 6 | AM87: =SUM(AF87:AL87)+AT87+AV87+AX87 -> 6 | AR87: =SUM(AN87:AQ87) -> 0 | BA87: =+AR87+AS87+AU87+AW87+AY87+AZ87 -> 0 | BC87: 2
B88: Toilet | E88: 18 | W88: =+'20'!K11/1000 -> 1.356 | AD88: =+AM88+BA88 -> 21 | AE88: - Change Spool (25x) | AH88: 21 | AM88: =SUM(AF88:AL88)+AT88+AV88+AX88 -> 21 | AR88: =SUM(AN88:AQ88) -> 0 | BA88: =+AR88+AS88+AU88+AW88+AY88+AZ88 -> 0
A90: 46012 | B90: Toilet | C90: =(M90*E90*O90*Q90)/100000000 -> 56.78424 | D90: VP OW | E90: 15 | F90: 1 | G90: 1190 | H90: =+N90 -> 0.25 | I90: 0.88 | J90: =E90*G90*(1-H90)*1440/1000000*2.87 -> 55.32786 | K90: =(IF(G90<L90,L90,G90)*(1-IF(H90<N90,H90,N90))*E90*O90*Q90)/100000000 -> 56.78424 | L90: 1270 | M90: =+L90-L90*0.25 -> 952.5 | N90: =1-(M90/L90) -> 0.25 | O90: =+'Trim Rwd'!H65 -> 276 | P90: =O90*(Q90-R90-S90) -> 391092 | Q90: 1440 | R90: 0 | S90: 23 | T90: =E90*M90*O90*Q90/100000000 -> 56.78424 | U90: =E90*M90*O90*(Q90-R90-S90)/100000000 -> 55.877269 | V90: =E90*G90*(1-N90)*O90/100*(R90+S90)/1000000 -> 0.8498385 | W90: =+'21'!K34/1000 -> 49.656 | X90: =SUM(W90:W93)/SUM(K90:K93) -> 0.87446799 | Y90: 0 | Z90: 0 | AA90: =SUM(U90:U93)-SUM(W90:W93)-SUM(Z90:Z93)-SUM(Y90:Y93) -> 6.2212695 | AB90: =(SUM(K90:K93)-SUM(W90:W93)-SUM(Y90:Y93)-SUM(Z90:Z93)-SUM(AC90:AC93)-SUM(V90:V93))-AA90 -> 0.057132 | AC90: =K90-T90 -> 0 | AD90: =+AM90+BA90 -> 0 | AE90: - Sheet Breaks (0x) | AF90: 0 | AM90: =SUM(AF90:AL90)+AT90+AV90+AX90 -> 0 | AR90: =SUM(AN90:AQ90) -> 0 | BA90: =+AR90+AS90+AU90+AW90+AY90+AZ90 -> 0 | BB90: 0
AD91: =+AM91+BA91 -> 1 | AE91: - Change Blade (1x) | AG91: 1 | AM91: =SUM(AF91:AL91)+AT91+AV91+AX91 -> 1 | AR91: =SUM(AN91:AQ91) -> 0 | BA91: =+AR91+AS91+AU91+AW91+AY91+AZ91 -> 0 | BC91: 1
AD92: =+AM92+BA92 -> 22 | AE92: - Change Spool (24x) | AH92: 22 | AM92: =SUM(AF92:AL92)+AT92+AV92+AX92 -> 22 | AR92: =SUM(AN92:AQ92) -> 0 | BA92: =+AR92+AS92+AU92+AW92+AY92+AZ92 -> 0
A94: 46013 | B94: Toilet | C94: =(M94*E94*O94*Q94)/100000000 -> 48.306038 | D94: VP OW | E94: 15 | F94: 1 | G94: 1190 | H94: =+N94 -> 0.25 | I94: 0.88 | J94: =E94*G94*(1-H94)*1440/1000000*2.87 -> 55.32786 | K94: =(IF(G94<L94,L94,G94)*(1-IF(H94<N94,H94,N94))*E94*O94*Q94)/100000000 -> 48.306038 | L94: 1270 | M94: =+L94-L94*0.25 -> 952.5 | N94: =1-(M94/L94) -> 0.25 | O94: =+'Trim Rwd'!H67 -> 276 | P94: =O94*(Q94-R94-S94) -> 332028 | Q94: 1225 | R94: 0 | S94: 22 | T94: =E94*M94*O94*Q94/100000000 -> 48.306038 | U94: =E94*M94*O94*(Q94-R94-S94)/100000000 -> 47.438501 | V94: =E94*G94*(1-N94)*O94/100*(R94+S94)/1000000 -> 0.812889 | W94: =+'22'!K17/1000 -> 52.56 | X94: =SUM(W94:W97)/SUM(K94:K97) -> 0.98380913 | Y94: 0 | Z94: 0 | AA94: =SUM(U94:U97)-SUM(W94:W97)-SUM(Z94:Z97)-SUM(Y94:Y97) -> -0.029243094 | AB94: =(SUM(K94:K97)-SUM(W94:W97)-SUM(Y94:Y97)-SUM(Z94:Z97)-SUM(AC94:AC97)-SUM(V94:V97))-AA94 -> 0.056333813 | AC94: =K94-T94 -> 0 | AD94: =+AM94+BA94 -> 0 | AE94: - Sheet Breaks (0x) | AF94: 0 | AM94: =SUM(AF94:AL94)+AT94+AV94+AX94 -> 0 | AR94: =SUM(AN94:AQ94) -> 0 | BA94: =+AR94+AS94+AU94+AW94+AY94+AZ94 -> 0 | BB94: 0
B95: Toilet | C95: =(M95*E95*O95*Q95)/100000000 -> 8.155118 | D95: VP OW | E95: 13.5 | F95: 1 | G95: 1320 | H95: =+N95 -> 0.25 | I95: 0.88 | J95: =E95*G95*(1-H95)*1440/1000000*2.87 -> 55.234872 | K95: =(IF(G95<L95,L95,G95)*(1-IF(H95<N95,H95,N95))*E95*O95*Q95)/100000000 -> 8.155118 | L95: 1350 | M95: =+L95-L95*0.25 -> 1012.5 | N95: =1-(M95/L95) -> 0.25 | O95: =+'Trim Rwd'!H68 -> 277.5 | P95: =O95*(Q95-R95-S95) -> 59107.5 | Q95: 215 | R95: 0 | S95: 2 | T95: =E95*M95*O95*Q95/100000000 -> 8.155118 | U95: =E95*M95*O95*(Q95-R95-S95)/100000000 -> 8.0792564 | V95: =E95*G95*(1-N95)*O95/100*(R95+S95)/1000000 -> 0.07417575 | W95: =+'22'!K18/1000 -> 2.987 | AC95: =K95-T95 -> 0 | AD95: =+AM95+BA95 -> 2 | AE95: - Change Blade (1x) | AG95: 2 | AM95: =SUM(AF95:AL95)+AT95+AV95+AX95 -> 2 | AR95: =SUM(AN95:AQ95) -> 0 | BA95: =+AR95+AS95+AU95+AW95+AY95+AZ95 -> 0 | BC95: 1
AD96: =+AM96+BA96 -> 22 | AE96: - Change Spool (26x) | AH96: 22 | AM96: =SUM(AF96:AL96)+AT96+AV96+AX96 -> 22 | AR96: =SUM(AN96:AQ96) -> 0 | BA96: =+AR96+AS96+AU96+AW96+AY96+AZ96 -> 0
A98: 46014 | B98: Toilet | C98: =(M98*E98*O98*Q98)/100000000 -> 13.655081 | D98: VP OW | E98: 13.5 | F98: 1 | G98: 1320 | H98: =+N98 -> 0.25 | I98: 0.88 | J98: =E98*G98*(1-H98)*1440/1000000*2.87 -> 55.234872 | K98: =(IF(G98<L98,L98,G98)*(1-IF(H98<N98,H98,N98))*E98*O98*Q98)/100000000 -> 13.655081 | L98: 1350 | M98: 1012.5 | N98: =1-(M98/L98) -> 0.25 | O98: =+'Trim Rwd'!H70 -> 277.5 | P98: =O98*(Q98-R98-S98) -> 98235 | Q98: 360 | R98: 0 | S98: 6 | T98: =E98*M98*O98*Q98/100000000 -> 13.655081 | U98: =E98*M98*O98*(Q98-R98-S98)/100000000 -> 13.427497 | V98: =E98*G98*(1-N98)*O98/100*(R98+S98)/1000000 -> 0.22252725 | W98: =+'23'!K18/1000 -> 17.661 | X98: =SUM(W98:W101)/SUM(K98:K101) -> 0.91998201 | Y98: 0 | Z98: 0 | AA98: =SUM(U98:U101)-SUM(W98:W101)-SUM(Z98:Z101)-SUM(Y98:Y101) -> 3.493687 | AB98: =(SUM(K98:K101)-SUM(W98:W101)-SUM(Y98:Y101)-SUM(Z98:Z101)-SUM(AC98:AC101)-SUM(V98:V101))-AA98 -> 0.034772287 | AC98: =K98-T98 -> 0 | AD98: =+AM98+BA98 -> 0 | AE98: - Sheet Breaks (0x) | AF98: 0 | AM98: =SUM(AF98:AL98)+AT98+AV98+AX98 -> 0 | AR98: =SUM(AN98:AQ98) -> 0 | BA98: =+AR98+AS98+AU98+AW98+AY98+AZ98 -> 0 | BB98: 0
B99: Toilet | C99: =(M99*E99*O99*Q99)/100000000 -> 41.492736 | D99: VP OW | E99: 14.5 | F99: 1 | G99: 1225 | H99: =+N99 -> 0.25 | I99: 0.88 | J99: =E99*G99*(1-H99)*1440/1000000*2.87 -> 55.056645 | K99: =(IF(G99<L99,L99,G99)*(1-IF(H99<N99,H99,N99))*E99*O99*Q99)/100000000 -> 41.492736 | L99: 1280 | M99: 960 | N99: =1-(M99/L99) -> 0.25 | O99: =+'Trim Rwd'!H72 -> 276 | P99: =O99*(Q99-R99-S99) -> 293112 | Q99: 1080 | R99: 0 | S99: 18 | T99: =E99*M99*O99*Q99/100000000 -> 41.492736 | U99: =E99*M99*O99*(Q99-R99-S99)/100000000 -> 40.80119 | V99: =E99*G99*(1-N99)*O99/100*(R99+S99)/1000000 -> 0.66183075 | W99: =+'23'!K19/1000 -> 32.443 | AC99: =K99-T99 -> 0 | AD99: =+AM99+BA99 -> 2 | AE99: - Change Blade (1x) | AG99: 2 | AM99: =SUM(AF99:AL99)+AT99+AV99+AX99 -> 2 | AR99: =SUM(AN99:AQ99) -> 0 | BA99: =+AR99+AS99+AU99+AW99+AY99+AZ99 -> 0 | BC99: 1
B100: Toilet | E100: 15 | W100: =+'23'!K17/1000 -> 0.631 | AD100: =+AM100+BA100 -> 22 | AE100: - Change Spool (26x) | AH100: 22 | AM100: =SUM(AF100:AL100)+AT100+AV100+AX100 -> 22 | AR100: =SUM(AN100:AQ100) -> 0 | BA100: =+AR100+AS100+AU100+AW100+AY100+AZ100 -> 0
A102: 46015 | B102: Toilet | C102: =(M102*E102*O102*Q102)/100000000 -> 3.90195 | D102: VP OW | E102: 14.5 | F102: 1 | G102: 1225 | H102: =+N102 -> 0.25 | I102: 0.88 | J102: =E102*G102*(1-H102)*1440/1000000*2.87 -> 55.056645 | K102: =(IF(G102<L102,L102,G102)*(1-IF(H102<N102,H102,N102))*E102*O102*Q102)/100000000 -> 3.90195 | L102: 1300 | M102: 975 | N102: =1-(M102/L102) -> 0.25 | O102: =+'Trim Rwd'!H74 -> 276 | P102: =O102*(Q102-R102-S102) -> 27048 | Q102: 100 | R102: 0 | S102: 2 | T102: =E102*M102*O102*Q102/100000000 -> 3.90195 | U102: =E102*M102*O102*(Q102-R102-S102)/100000000 -> 3.823911 | V102: =E102*G102*(1-N102)*O102/100*(R102+S102)/1000000 -> 0.07353675 | W102: =+'24'!K19/1000 -> 9.442 | X102: =SUM(W102:W105)/SUM(K102:K105) -> 0.99410497 | Y102: 0 | Z102: 0 | AA102: =SUM(U102:U105)-SUM(W102:W105)-SUM(Z102:Z105)-SUM(Y102:Y105) -> -0.90734883 | AB102: =(SUM(K102:K105)-SUM(W102:W105)-SUM(Y102:Y105)-SUM(Z102:Z105)-SUM(AC102:AC105)-SUM(V102:V105))-AA102 -> 0.02118645 | AC102: =K102-T102 -> 0 | AD102: =+AM102+BA102 -> 0 | AE102: - Sheet Breaks (0x) | AF102: 0 | AM102: =SUM(AF102:AL102)+AT102+AV102+AX102 -> 0 | AR102: =SUM(AN102:AQ102) -> 0 | BA102: =+AR102+AS102+AU102+AW102+AY102+AZ102 -> 0 | BB102: 0
B103: Facial | C103: =(M103*E103*O103*Q103)/100000000 -> 11.4696 | D103: VP OW | E103: 16 | F103: 1 | G103: 1110 | H103: =+N103 -> 0.25 | I103: 0.88 | J103: =E103*G103*(1-H103)*1440/1000000*2.87 -> 55.048896 | K103: =(IF(G103<L103,L103,G103)*(1-IF(H103<N103,H103,N103))*E103*O103*Q103)/100000000 -> 11.4696 | L103: 1180 | M103: 885 | N103: =1-(M103/L103) -> 0.25 | O103: =+'Trim Rwd'!H75 -> 270 | P103: =O103*(Q103-R103-S103) -> 78570 | Q103: 300 | R103: 0 | S103: 9 | T103: =E103*M103*O103*Q103/100000000 -> 11.4696 | U103: =E103*M103*O103*(Q103-R103-S103)/100000000 -> 11.125512 | V103: =E103*G103*(1-N103)*O103/100*(R103+S103)/1000000 -> 0.323676 | W103: =+'24'!K20/1000 -> 10.982 | AC103: =K103-T103 -> 0 | AD103: =+AM103+BA103 -> 3 | AE103: - Change Blade (2x) | AG103: 3 | AM103: =SUM(AF103:AL103)+AT103+AV103+AX103 -> 3 | AR103: =SUM(AN103:AQ103) -> 0 | BA103: =+AR103+AS103+AU103+AW103+AY103+AZ103 -> 0 | BC103: 1
B104: Facial | C104: =(M104*E104*O104*Q104)/100000000 -> 31.677714 | D104: VP OW | E104: 13 | F104: 1 | G104: 1350 | H104: =+N104 -> 0.24090395 | I104: 0.88 | J104: =E104*G104*(1-H104)*1440/1000000*2.87 -> 55.057722 | K104: =(IF(G104<L104,L104,G104)*(1-IF(H104<N104,H104,N104))*E104*O104*Q104)/100000000 -> 31.677714 | L104: 1350 | M104: 1024.7797 | N104: =1-(M104/L104) -> 0.24090395 | O104: =+'Trim Rwd'!H76 -> 268.68085 | P104: =O104*(Q104-R104-S104) -> 234021.02 | Q104: 885 | R104: 0 | S104: =28-S102-S103-S105 -> 14 | T104: =E104*M104*O104*Q104/100000000 -> 31.677714 | U104: =E104*M104*O104*(Q104-R104-S104)/100000000 -> 31.176598 | V104: =E104*G104*(1-N104)*O104/100*(R104+S104)/1000000 -> 0.50111638 | W104: =+'24'!K12/1000 -> 29.642 | AC104: =K104-T104 -> 0 | AD104: =+AM104+BA104 -> 25 | AE104: - Change Spool (28x) | AH104: 25 | AM104: =SUM(AF104:AL104)+AT104+AV104+AX104 -> 25 | AR104: =SUM(AN104:AQ104) -> 0 | BA104: =+AR104+AS104+AU104+AW104+AY104+AZ104 -> 0
B105: Facial | C105: =(M105*E105*O105*Q105)/100000000 -> 5.200281 | D105: VP OW | E105: 12 | F105: 1 | G105: 1400 | H105: =+N105 -> 0.24 | I105: 0.88 | J105: =E105*G105*(1-H105)*1440/1000000*2.87 -> 52.76759 | K105: =(IF(G105<L105,L105,G105)*(1-IF(H105<N105,H105,N105))*E105*O105*Q105)/100000000 -> 5.392884 | L105: 1350 | M105: 1026 | N105: =1-(M105/L105) -> 0.24 | O105: =+'Trim Rwd'!H78 -> 272.5 | P105: =O105*(Q105-R105-S105) -> 41420 | Q105: 155 | R105: 0 | S105: 3 | T105: =E105*M105*O105*Q105/100000000 -> 5.200281 | U105: =E105*M105*O105*(Q105-R105-S105)/100000000 -> 5.0996304 | V105: =E105*G105*(1-N105)*O105/100*(R105+S105)/1000000 -> 0.1043784 | W105: =+'24'!K10/1000 -> 2.067 | AC105: =K105-T105 -> 0.192603
A107: 46016 | B107: Facial | C107: =(M107*E107*O107*Q107)/100000000 -> 25.572708 | D107: VP OW | E107: 12 | F107: 1 | G107: 1400 | H107: =+N107 -> 0.24 | I107: 0.88 | J107: =E107*G107*(1-H107)*1440/1000000*2.87 -> 52.76759 | K107: =(IF(G107<L107,L107,G107)*(1-IF(H107<N107,H107,N107))*E107*O107*Q107)/100000000 -> 25.572708 | L107: 1400 | M107: 1064 | N107: =1-(M107/L107) -> 0.24 | O107: =+'Trim Rwd'!H80 -> 272.5 | P107: =O107*(Q107-R107-S107) -> 195110 | Q107: 735 | R107: 0 | S107: 19 | T107: =E107*M107*O107*Q107/100000000 -> 25.572708 | U107: =E107*M107*O107*(Q107-R107-S107)/100000000 -> 24.911645 | V107: =E107*G107*(1-N107)*O107/100*(R107+S107)/1000000 -> 0.6610632 | W107: =+'25'!K10/1000 -> 26.246 | X107: =SUM(W107:W110)/SUM(K107:K110) -> 0.90277429 | Y107: 0 | Z107: =+'25'!D7/1000 -> 1.04 | AA107: =SUM(U107:U110)-SUM(W107:W110)-SUM(Z107:Z110)-SUM(Y107:Y110) -> 2.7047648 | AB107: =(SUM(K107:K110)-SUM(W107:W110)-SUM(Y107:Y110)-SUM(Z107:Z110)-SUM(AC107:AC110)-SUM(V107:V110))-AA107 -> 0.02261 | AC107: =K107-T107 -> 0 | AD107: =+AM107+BA107 -> 0 | AE107: - Sheet Breaks (0x) | AF107: 0 | AM107: =SUM(AF107:AL107)+AT107+AV107+AX107 -> 0 | AR107: =SUM(AN107:AQ107) -> 0 | BA107: =+AR107+AS107+AU107+AW107+AY107+AZ107 -> 0 | BB107: 0
B108: Facial | C108: =(M108*E108*O108*Q108)/100000000 -> 26.2542 | D108: VP OW | E108: 12.5 | F108: 1 | G108: 1350 | H108: =+N108 -> 0.24 | I108: 0.88 | J108: =E108*G108*(1-H108)*1440/1000000*2.87 -> 53.00316 | K108: =(IF(G108<L108,L108,G108)*(1-IF(H108<N108,H108,N108))*E108*O108*Q108)/100000000 -> 26.2542 | L108: 1400 | M108: 1064 | N108: =1-(M108/L108) -> 0.24 | O108: =+'Trim Rwd'!H81 -> 280 | P108: =O108*(Q108-R108-S108) -> 192640 | Q108: 705 | R108: 0 | S108: 17 | T108: =E108*M108*O108*Q108/100000000 -> 26.2542 | U108: =E108*M108*O108*(Q108-R108-S108)/100000000 -> 25.62112 | V108: =E108*G108*(1-N108)*O108/100*(R108+S108)/1000000 -> 0.61047 | W108: =+'25'!K21/1000 -> 20.542 | AC108: =K108-T108 -> 0 | AD108: =+AM108+BA108 -> 2 | AE108: - Change Blade (1x) | AG108: 2 | AM108: =SUM(AF108:AL108)+AT108+AV108+AX108 -> 2 | AR108: =SUM(AN108:AQ108) -> 0 | BA108: =+AR108+AS108+AU108+AW108+AY108+AZ108 -> 0 | BC108: 1
AD109: =+AM109+BA109 -> 34 | AE109: - Change Spool (25x) | AH109: 34 | AM109: =SUM(AF109:AL109)+AT109+AV109+AX109 -> 34 | AR109: =SUM(AN109:AQ109) -> 0 | BA109: =+AR109+AS109+AU109+AW109+AY109+AZ109 -> 0
A111: 46017 | B111: Facial | C111: =(M111*E111*O111*Q111)/100000000 -> 53.6256 | D111: VP OW | E111: 12.5 | F111: 1 | G111: 1350 | H111: =+N111 -> 0.24 | I111: 0.88 | J111: =E111*G111*(1-H111)*1440/1000000*2.87 -> 53.00316 | K111: =(IF(G111<L111,L111,G111)*(1-IF(H111<N111,H111,N111))*E111*O111*Q111)/100000000 -> 53.6256 | L111: 1400 | M111: 1064 | N111: =1-(M111/L111) -> 0.24 | O111: =+'Trim Rwd'!H83 -> 280 | P111: =O111*(Q111-R111-S111) -> 393680 | Q111: 1440 | R111: 0 | S111: 34 | T111: =E111*M111*O111*Q111/100000000 -> 53.6256 | U111: =E111*M111*O111*(Q111-R111-S111)/100000000 -> 52.35944 | V111: =E111*G111*(1-N111)*O111/100*(R111+S111)/1000000 -> 1.22094 | W111: =+'26'!K34/1000 -> 47.401 | X111: =SUM(W111:W114)/SUM(K111:K114) -> 0.88392484 | Y111: 0 | Z111: 0 | AA111: =SUM(U111:U114)-SUM(W111:W114)-SUM(Z111:Z114)-SUM(Y111:Y114) -> 4.95844 | AB111: =(SUM(K111:K114)-SUM(W111:W114)-SUM(Y111:Y114)-SUM(Z111:Z114)-SUM(AC111:AC114)-SUM(V111:V114))-AA111 -> 0.04522 | AC111: =K111-T111 -> 0 | AD111: =+AM111+BA111 -> 5 | AE111: - Sheet Breaks (1x) | AF111: 5 | AM111: =SUM(AF111:AL111)+AT111+AV111+AX111 -> 5 | AR111: =SUM(AN111:AQ111) -> 0 | BA111: =+AR111+AS111+AU111+AW111+AY111+AZ111 -> 0 | BB111: 1
AD112: =+AM112+BA112 -> 2 | AE112: - Change Blade (1x) | AG112: 2 | AM112: =SUM(AF112:AL112)+AT112+AV112+AX112 -> 2 | AR112: =SUM(AN112:AQ112) -> 0 | BA112: =+AR112+AS112+AU112+AW112+AY112+AZ112 -> 0 | BC112: 1
AD113: =+AM113+BA113 -> 27 | AE113: - Change Spool (25x) | AH113: 27 | AM113: =SUM(AF113:AL113)+AT113+AV113+AX113 -> 27 | AR113: =SUM(AN113:AQ113) -> 0 | BA113: =+AR113+AS113+AU113+AW113+AY113+AZ113 -> 0
A115: 46018 | B115: Facial | C115: =(M115*E115*O115*Q115)/100000000 -> 29.0472 | D115: VP OW | E115: 12.5 | F115: 1 | G115: 1350 | H115: =+N115 -> 0.24 | I115: 0.88 | J115: =E115*G115*(1-H115)*1440/1000000*2.87 -> 53.00316 | K115: =(IF(G115<L115,L115,G115)*(1-IF(H115<N115,H115,N115))*E115*O115*Q115)/100000000 -> 29.0472 | L115: 1400 | M115: 1064 | N115: =1-(M115/L115) -> 0.24 | O115: =+'Trim Rwd'!H86 -> 280 | P115: =O115*(Q115-R115-S115) -> 211680 | Q115: 780 | R115: 0 | S115: 24 | T115: =E115*M115*O115*Q115/100000000 -> 29.0472 | U115: =E115*M115*O115*(Q115-R115-S115)/100000000 -> 28.15344 | V115: =E115*G115*(1-N115)*O115/100*(R115+S115)/1000000 -> 0.86184 | W115: =+'27'!K21/1000 -> 33.106 | X115: =SUM(W115:W118)/SUM(K115:K118) -> 0.95056341 | Y115: 0 | Z115: 0 | AA115: =SUM(U115:U118)-SUM(W115:W118)-SUM(Z115:Z118)-SUM(Y115:Y118) -> 1.3512 | AB115: =(SUM(K115:K118)-SUM(W115:W118)-SUM(Y115:Y118)-SUM(Z115:Z118)-SUM(AC115:AC118)-SUM(V115:V118))-AA115 -> 0.03192 | AC115: =K115-T115 -> 0 | AD115: =+AM115+BA115 -> 10 | AE115: - Sheet Breaks (2x) | AF115: 10 | AM115: =SUM(AF115:AL115)+AT115+AV115+AX115 -> 10 | AR115: =SUM(AN115:AQ115) -> 0 | BA115: =+AR115+AS115+AU115+AW115+AY115+AZ115 -> 0 | BB115: 2
B116: Facial | C116: =(M116*E116*O116*Q116)/100000000 -> 23.595264 | D116: VP OW | E116: 12 | F116: 1 | G116: 1400 | H116: =+N116 -> 0.24 | I116: 0.88 | J116: =E116*G116*(1-H116)*1440/1000000*2.87 -> 52.76759 | K116: =(IF(G116<L116,L116,G116)*(1-IF(H116<N116,H116,N116))*E116*O116*Q116)/100000000 -> 23.595264 | L116: 1400 | M116: 1064 | N116: =1-(M116/L116) -> 0.24 | O116: =+'Trim Rwd'!H87 -> 280 | P116: =O116*(Q116-R116-S116) -> 182000 | Q116: 660 | R116: 0 | S116: 10 | T116: =E116*M116*O116*Q116/100000000 -> 23.595264 | U116: =E116*M116*O116*(Q116-R116-S116)/100000000 -> 23.23776 | V116: =E116*G116*(1-N116)*O116/100*(R116+S116)/1000000 -> 0.357504 | W116: =+'27'!K10/1000 -> 16.934 | AC116: =K116-T116 -> 0 | AD116: =+AM116+BA116 -> 0 | AE116: - Change Blade (0x) | AG116: 0 | AM116: =SUM(AF116:AL116)+AT116+AV116+AX116 -> 0 | AR116: =SUM(AN116:AQ116) -> 0 | BA116: =+AR116+AS116+AU116+AW116+AY116+AZ116 -> 0 | BC116: 0
AD117: =+AM117+BA117 -> 24 | AE117: - Change Spool (24x) | AH117: 24 | AM117: =SUM(AF117:AL117)+AT117+AV117+AX117 -> 24 | AR117: =SUM(AN117:AQ117) -> 0 | BA117: =+AR117+AS117+AU117+AW117+AY117+AZ117 -> 0
A119: 46019 | B119: Facial | C119: =(M119*E119*O119*Q119)/100000000 -> 50.729818 | D119: VP OW | E119: 12 | F119: 1 | G119: 1400 | H119: =+N119 -> 0.24 | I119: 0.88 | J119: =E119*G119*(1-H119)*1440/1000000*2.87 -> 52.76759 | K119: =(IF(G119<L119,L119,G119)*(1-IF(H119<N119,H119,N119))*E119*O119*Q119)/100000000 -> 50.729818 | L119: 1400 | M119: 1064 | N119: =1-(M119/L119) -> 0.24 | O119: =+'Trim Rwd'!H89 -> 275.91667 | P119: =O119*(Q119-R119-S119) -> 388490.67 | Q119: 1440 | R119: 0 | S119: 32 | T119: =E119*M119*O119*Q119/100000000 -> 50.729818 | U119: =E119*M119*O119*(Q119-R119-S119)/100000000 -> 49.602488 | V119: =E119*G119*(1-N119)*O119/100*(R119+S119)/1000000 -> 1.1273293 | W119: =+'28'!K34/1000 -> 47.352 | X119: =SUM(W119:W122)/SUM(K119:K122) -> 0.93341554 | Y119: 0 | Z119: 0 | AA119: =SUM(U119:U122)-SUM(W119:W122)-SUM(Z119:Z122)-SUM(Y119:Y122) -> 2.2504883 | AB119: =(SUM(K119:K122)-SUM(W119:W122)-SUM(Y119:Y122)-SUM(Z119:Z122)-SUM(AC119:AC122)-SUM(V119:V122))-AA119 -> 4.4408921e-15 | AC119: =K119-T119 -> 0 | AD119: =+AM119+BA119 -> 5 | AE119: - Sheet Breaks (1x) | AF119: 5 | AM119: =SUM(AF119:AL119)+AT119+AV119+AX119 -> 5 | AR119: =SUM(AN119:AQ119) -> 0 | BA119: =+AR119+AS119+AU119+AW119+AY119+AZ119 -> 0 | BB119: 1
AD120: =+AM120+BA120 -> 1 | AE120: - Change Blade (1x) | AG120: 1 | AM120: =SUM(AF120:AL120)+AT120+AV120+AX120 -> 1 | AR120: =SUM(AN120:AQ120) -> 0 | BA120: =+AR120+AS120+AU120+AW120+AY120+AZ120 -> 0 | BC120: 1
AD121: =+AM121+BA121 -> 26 | AE121: - Change Spool (27x) | AH121: 26 | AM121: =SUM(AF121:AL121)+AT121+AV121+AX121 -> 26 | AR121: =SUM(AN121:AQ121) -> 0 | BA121: =+AR121+AS121+AU121+AW121+AY121+AZ121 -> 0
A123: 46020 | B123: Facial | C123: =(M123*E123*O123*Q123)/100000000 -> 48.906547 | D123: VP OW | E123: 12 | F123: 1 | G123: 1400 | H123: =+N123 -> 0.24 | I123: 0.88 | J123: =E123*G123*(1-H123)*1440/1000000*2.87 -> 52.76759 | K123: =(IF(G123<L123,L123,G123)*(1-IF(H123<N123,H123,N123))*E123*O123*Q123)/100000000 -> 48.906547 | L123: 1400 | M123: 1064 | N123: =1-(M123/L123) -> 0.24 | O123: =+'Trim Rwd'!H92 -> 266 | P123: =O123*(Q123-R123-S123) -> 369474 | Q123: 1440 | R123: 15 | S123: 36 | T123: =E123*M123*O123*Q123/100000000 -> 48.906547 | U123: =E123*M123*O123*(Q123-R123-S123)/100000000 -> 47.17444 | V123: =E123*G123*(1-N123)*O123/100*(R123+S123)/1000000 -> 1.7321069 | W123: =+'29'!K34/1000 -> 45.203 | X123: =SUM(W123:W126)/SUM(K123:K126) -> 0.92427298 | Y123: 0 | Z123: =+'29'!D34/1000 -> 0.652 | AA123: =SUM(U123:U126)-SUM(W123:W126)-SUM(Z123:Z126)-SUM(Y123:Y126) -> 1.3194403 | AB123: =(SUM(K123:K126)-SUM(W123:W126)-SUM(Y123:Y126)-SUM(Z123:Z126)-SUM(AC123:AC126)-SUM(V123:V126))-AA123 -> -3.5527137e-15 | AC123: =K123-T123 -> 0 | AD123: =+AM123+BA123 -> 5 | AE123: - Sheet Breaks (1x) | AF123: 5 | AM123: =SUM(AF123:AL123)+AT123+AV123+AX123 -> 5 | AR123: =SUM(AN123:AQ123) -> 0 | BA123: =+AR123+AS123+AU123+AW123+AY123+AZ123 -> 0 | BB123: 1
AD124: =+AM124+BA124 -> 5 | AE124: - Change Blade (2x) | AG124: 5 | AM124: =SUM(AF124:AL124)+AT124+AV124+AX124 -> 5 | AR124: =SUM(AN124:AQ124) -> 0 | BA124: =+AR124+AS124+AU124+AW124+AY124+AZ124 -> 0 | BC124: 2
AD125: =+AM125+BA125 -> 26 | AE125: - Change Spool (27x) | AH125: 26 | AM125: =SUM(AF125:AL125)+AT125+AV125+AX125 -> 26 | AR125: =SUM(AN125:AQ125) -> 0 | BA125: =+AR125+AS125+AU125+AW125+AY125+AZ125 -> 0
AD126: =+AM126+BA126 -> 15 | AE126: - 01:06 Ganti New blade ceramic -> saat loading no 2 Brosot 1 deckle PM stock off | AM126: =SUM(AF126:AL126)+AT126+AV126+AX126 -> 0 | AN126: 15 | AR126: =SUM(AN126:AQ126) -> 15 | BA126: =+AR126+AS126+AU126+AW126+AY126+AZ126 -> 15
A128: 46021 | B128: Facial | C128: =(M128*E128*O128*Q128)/100000000 -> 28.220472 | D128: VP OW | E128: 12 | F128: 1 | G128: 1400 | H128: =+N128 -> 0.25 | I128: 0.88 | J128: =E128*G128*(1-H128)*1440/1000000*2.87 -> 52.07328 | K128: =(IF(G128<L128,L128,G128)*(1-IF(H128<N128,H128,N128))*E128*O128*Q128)/100000000 -> 28.220472 | L128: 1400 | M128: 1050 | N128: =1-(M128/L128) -> 0.25 | O128: =+'Trim Rwd'!H94 -> 266 | P128: =O128*(Q128-R128-S128) -> 218652 | Q128: 842 | R128: 0 | S128: 20 | T128: =E128*M128*O128*Q128/100000000 -> 28.220472 | U128: =E128*M128*O128*(Q128-R128-S128)/100000000 -> 27.550152 | V128: =E128*G128*(1-N128)*O128/100*(R128+S128)/1000000 -> 0.67032 | W128: =+'30'!K10/1000 -> 31.961 | X128: =SUM(W128:W131)/SUM(K128:K131) -> 0.92063883 | Y128: 0 | Z128: 0 | AA128: =SUM(U128:U131)-SUM(W128:W131)-SUM(Z128:Z131)-SUM(Y128:Y131) -> 2.8433998 | AB128: =(SUM(K128:K131)-SUM(W128:W131)-SUM(Y128:Y131)-SUM(Z128:Z131)-SUM(AC128:AC131)-SUM(V128:V131))-AA128 -> 0.018013154 | AC128: =K128-T128 -> 0 | AD128: =+AM128+BA128 -> 2 | AE128: - Sheet Breaks (1x) | AF128: 2 | AM128: =SUM(AF128:AL128)+AT128+AV128+AX128 -> 2 | AR128: =SUM(AN128:AQ128) -> 0 | BA128: =+AR128+AS128+AU128+AW128+AY128+AZ128 -> 0 | BB128: 1
B129: Toilet | C129: =(M129*E129*O129*Q129)/100000000 -> 22.772381 | D129: VP OW | E129: 15 | F129: 1 | G129: 1185 | H129: =+N129 -> 0.25 | I129: 0.88 | J129: =E129*G129*(1-H129)*1440/1000000*2.87 -> 55.09539 | K129: =(IF(G129<L129,L129,G129)*(1-IF(H129<N129,H129,N129))*E129*O129*Q129)/100000000 -> 22.772381 | L129: 1226.4381 | M129: 919.8286 | N129: =1-(M129/L129) -> 0.25 | O129: =+'Trim Rwd'!H95 -> 276 | P129: =O129*(Q129-R129-S129) -> 161184 | Q129: 598 | R129: 0 | S129: 14 | T129: =E129*M129*O129*Q129/100000000 -> 22.772381 | U129: =E129*M129*O129*(Q129-R129-S129)/100000000 -> 22.239248 | V129: =E129*G129*(1-N129)*O129/100*(R129+S129)/1000000 -> 0.5151195 | W129: =+'30'!K17/1000 -> 14.985 | AC129: =K129-T129 -> 0 | AD129: =+AM129+BA129 -> 0 | AE129: - Change Blade (0x) | AG129: 0 | AM129: =SUM(AF129:AL129)+AT129+AV129+AX129 -> 0 | AR129: =SUM(AN129:AQ129) -> 0 | BA129: =+AR129+AS129+AU129+AW129+AY129+AZ129 -> 0 | BC129: 2
AD130: =+AM130+BA130 -> 32 | AE130: - Change Spool (26x) | AH130: 32 | AM130: =SUM(AF130:AL130)+AT130+AV130+AX130 -> 32 | AR130: =SUM(AN130:AQ130) -> 0 | BA130: =+AR130+AS130+AU130+AW130+AY130+AZ130 -> 0
...

Sheet Efficiency2
A1: PM16 Efficiency Running Report
A3: Date | B3: Grade | C3: Speed real (ton) with Available Time | D3: Colour | E3: gsm | F3: Ply | G3: Standard | L3: Real Running | O3: Trim Rewinder (cm) | P3: Trim Rewinder x Running Time | Q3: Available Time (mnt) | R3: Down Time (mnt) | S3: Loss Time (mnt) | T3: Real Speed & Real Creepe Ratio with Available Time (ton) | U3: Real Speed & Real Creepe Ratio setelah dipotong DT & LT (ton) | V3: Loss tonase akibat DT + LT dari hitungan Teori with available time (ton) | W3: Accepted (ton) | X3: Real Eff dr Target Eff | Y3: Backlog | Z3: Reject Rewinder (ton) | AA3: Estimasi Reject to Broke Plant (ton) | AB3: Estimasi Faktor BW (ton) | AC3: Loss Opportunity in Speed (ton) | AD3: Downtime/ Losstime | AE3: Reason of Downtime / Losstime | AF3: Loss Time | AM3: Total Losstime | AN3: Unschedule Shut Down (mnt) | AS3: Schedule Shut Down | AT3: Marketing | AV3: EXT FACTOR | AX3: EXT FACTOR | AZ3: MANAGEMENT | BA3: Total Down Time | BB3: Freq. Sheets Break (X) | BC3: Freq. Change Blade (X) | BD3: Steam, & gangguan sinergy (X) | BE3: Freq, Trip PLN (X) | BF3: Cleaning Holes (X)
AF4: Proses | AI4: Change Grade | AJ4: Mekanik | AK4: Electric & Instrument | AL4: Boiler | AN4: Down Time Produksi | AO4: Mekanik | AP4: Electrical & Instrument | AQ4: Boiler | AR4: Total Unschedule Shut Down | AV4: LOSS | AW4: DOWN TIME | AX4: LOSS | AY4: DOWN TIME
G5: Yankee Speed (mpm) | H5: Max % Creeping | I5: Target Eff | J5: Kapasitas PM-Teori (ton) | K5: Teori (ton) with Available Time | L5: Yankee Speed (mpm) | M5: Popereel Speed (mpm) | N5: % Creeping | AF5: sheet break | AG5: change blade | AH5: change spool | AT5: Loss time | AU5: Down Time | AV5: SINERGY | AW5: SINERGY | AX5: PLN | AY5: PLN
A6: =+Report1!A9 -> 45992 | B6: Facial | C6: =(M6*E6*O6*Q6)/100000000 -> 11.447025 | D6: VP OW | E6: 15 | F6: 1 | G6: 1250 | H6: =+N6 -> 0.24 | I6: 0.88 | J6: =E6*G6*(1-H6)*1440/1000000*2.87 -> 58.8924 | K6: =(IF(G6<L6,L6,G6)*(1-IF(H6<N6,H6,N6))*E6*O6*Q6)/100000000 -> 11.447025 | L6: 1250 | M6: =+L6-L6*0.24 -> 950 | N6: =1-(M6/L6) -> 0.24 | O6: =+'Trim Rwd'!H4 -> 277 | P6: =O6*(Q6-R6-S6) -> 79499 | Q6: 290 | R6: 0 | S6: 3 | T6: =E6*M6*O6*Q6/100000000 -> 11.447025 | U6: =E6*M6*O6*(Q6-R6-S6)/100000000 -> 11.328608 | V6: =E6*G6*(1-N6)*O6/100*(R6+S6)/1000000 -> 0.1184175 | W6: =+'1'!K7/1000 -> 12.732 | X6: =SUM(W6:W9)/SUM(K6:K9) -> 1.0202573 | Y6: 0 | Z6: =+'1'!D34/1000 -> 0 | AA6: =SUM(U6:U9)-SUM(W6:W9)-SUM(Z6:Z9)-SUM(Y6:Y9) -> -1.934702 | AB6: =(SUM(K6:K9)-SUM(W6:W9)-SUM(Y6:Y9)-SUM(Z6:Z9)-SUM(AC6:AC9)-SUM(V6:V9))-AA6 -> 0.01157632 | AC6: =K6-T6 -> 0 | AD6: =+AM6+BA6 -> 0 | AE6: - Sheet Breaks (0x) | AF6: 0 | AM6: =SUM(AF6:AL6)+AT6+AV6+AX6 -> 0 | AR6: =SUM(AN6:AQ6) -> 0 | BA6: =+AR6+AS6+AU6+AW6+AY6+AZ6 -> 0 | BB6: 0
B7: Toilet | C7: =(M7*E7*O7*Q7)/100000000 -> 15.51825 | D7: VP OW | E7: 12.5 | F7: 1 | G7: 1350 | H7: =+N7 -> 0.24 | I7: 0.88 | J7: =E7*G7*(1-H7)*1440/1000000*2.87 -> 53.00316 | K7: =(IF(G7<L7,L7,G7)*(1-IF(H7<N7,H7,N7))*E7*O7*Q7)/100000000 -> 15.51825 | L7: 1350 | M7: =+L7-L7*0.24 -> 1026 | N7: =1-(M7/L7) -> 0.24 | O7: =+'Trim Rwd'!H6 -> 275 | P7: =O7*(Q7-R7-S7) -> 118250 | Q7: 440 | R7: 0 | S7: 10 | T7: =E7*M7*O7*Q7/100000000 -> 15.51825 | U7: =E7*M7*O7*(Q7-R7-S7)/100000000 -> 15.165563 | V7: =E7*G7*(1-N7)*O7/100*(R7+S7)/1000000 -> 0.3526875 | W7: =+'1'!K8/1000 -> 14.342 | AC7: =K7-T7 -> 0 | AD7: =+AM7+BA7 -> 0 | AE7: - Change Blade (0x) | AG7: 0 | AM7: =SUM(AF7:AL7)+AT7+AV7+AX7 -> 0 | AR7: =SUM(AN7:AQ7) -> 0 | BA7: =+AR7+AS7+AU7+AW7+AY7+AZ7 -> 0 | BC7: 0
B8: Toilet | C8: =(M8*E8*O8*Q8)/100000000 -> 26.712358 | D8: VP OW | E8: 14 | F8: 1 | G8: 1260 | H8: =+N8 -> 0.24 | I8: 0.88 | J8: =E8*G8*(1-H8)*1440/1000000*2.87 -> 55.40597 | K8: =(IF(G8<L8,L8,G8)*(1-IF(H8<N8,H8,N8))*E8*O8*Q8)/100000000 -> 26.712358 | L8: 1300 | M8: =+L8-L8*0.24 -> 988 | N8: =1-(M8/L8) -> 0.24 | O8: =+'Trim Rwd'!H7 -> 272 | P8: =O8*(Q8-R8-S8) -> 190400 | Q8: 710 | R8: 0 | S8: 10 | T8: =E8*M8*O8*Q8/100000000 -> 26.712358 | U8: =E8*M8*O8*(Q8-R8-S8)/100000000 -> 26.336128 | V8: =E8*G8*(1-N8)*O8/100*(R8+S8)/1000000 -> 0.36465408 | W8: =+'1'!K9/1000 -> 18.489 | AC8: =K8-T8 -> 0 | AD8: =+AM8+BA8 -> 23 | AE8: - Change Spool (26x) | AH8: 23 | AM8: =SUM(AF8:AL8)+AT8+AV8+AX8 -> 23 | AR8: =SUM(AN8:AQ8) -> 0 | BA8: =+AR8+AS8+AU8+AW8+AY8+AZ8 -> 0
B9: Facial | E9: 12 | W9: =+'1'!K10/1000 -> 9.202
A11: 45993 | B11: Toilet | C11: =(M11*E11*O11*Q11)/100000000 -> 54.177178 | D11: VP OW | E11: 14 | F11: 1 | G11: 1260 | H11: =+N11 -> 0.24 | I11: 0.88 | J11: =E11*G11*(1-H11)*1440/1000000*2.87 -> 55.40597 | K11: =(IF(G11<L11,L11,G11)*(1-IF(H11<N11,H11,N11))*E11*O11*Q11)/100000000 -> 54.177178 | L11: 1300 | M11: =+L11-L11*0.24 -> 988 | N11: =1-(M11/L11) -> 0.24 | O11: =+'Trim Rwd'!H9 -> 272 | P11: =O11*(Q11-R11-S11) -> 375632 | Q11: 1440 | R11: 8 | S11: 51 | T11: =E11*M11*O11*Q11/100000000 -> 54.177178 | U11: =E11*M11*O11*(Q11-R11-S11)/100000000 -> 51.957418 | V11: =E11*G11*(1-N11)*O11/100*(R11+S11)/1000000 -> 2.1514591 | W11: =+'2'!K34/1000 -> 53.106 | X11: =SUM(W11:W14)/SUM(K11:K14) -> 0.98022825 | Y11: 0 | Z11: =+'1'!D39/1000 -> 0 | AA11: =SUM(U11:U14)-SUM(W11:W14)-SUM(Z11:Z14)-SUM(Y11:Y14) -> -1.1485818 | AB11: =(SUM(K11:K14)-SUM(W11:W14)-SUM(Y11:Y14)-SUM(Z11:Z14)-SUM(AC11:AC14)-SUM(V11:V14))-AA11 -> 0.068300288 | AC11: =K11-T11 -> 0 | AD11: =+AM11+BA11 -> 21 | AE11: - Sheet Breaks (4x) | AF11: 21 | AM11: =SUM(AF11:AL11)+AT11+AV11+AX11 -> 21 | AR11: =SUM(AN11:AQ11) -> 0 | BA11: =+AR11+AS11+AU11+AW11+AY11+AZ11 -> 0 | BB11: 4
AD12: =+AM12+BA12 -> 2 | AE12: - Change Blade (1x) | AG12: 2 | AM12: =SUM(AF12:AL12)+AT12+AV12+AX12 -> 2 | AR12: =SUM(AN12:AQ12) -> 0 | BA12: =+AR12+AS12+AU12+AW12+AY12+AZ12 -> 0 | BC12: 1
AD13: =+AM13+BA13 -> 28 | AE13: - Change Spool (26x) | AH13: 28 | AM13: =SUM(AF13:AL13)+AT13+AV13+AX13 -> 28 | AR13: =SUM(AN13:AQ13) -> 0 | BA13: =+AR13+AS13+AU13+AW13+AY13+AZ13 -> 0
AD14: =+AM14+BA14 -> 8 | AE14: - 15:30 Tegangan PLN turun, Motor sirkulasi hood trip | AM14: =SUM(AF14:AL14)+AT14+AV14+AX14 -> 0 | AR14: =SUM(AN14:AQ14) -> 0 | AY14: 8 | BA14: =+AR14+AS14+AU14+AW14+AY14+AZ14 -> 8 | BE14: 1
A16: 45994 | B16: Toilet | C16: =(M16*E16*O16*Q16)/100000000 -> 54.177178 | D16: VP OW | E16: 14 | F16: 1 | G16: 1260 | H16: =+N16 -> 0.24 | I16: 0.88 | J16: =E16*G16*(1-H16)*1440/1000000*2.87 -> 55.40597 | K16: =(IF(G16<L16,L16,G16)*(1-IF(H16<N16,H16,N16))*E16*O16*Q16)/100000000 -> 54.177178 | L16: 1300 | M16: =+L16-L16*0.24 -> 988 | N16: =1-(M16/L16) -> 0.24 | O16: =+'Trim Rwd'!H11 -> 272 | P16: =O16*(Q16-R16-S16) -> 384336 | Q16: 1440 | R16: 0 | S16: 27 | T16: =E16*M16*O16*Q16/100000000 -> 54.177178 | U16: =E16*M16*O16*(Q16-R16-S16)/100000000 -> 53.161356 | V16: =E16*G16*(1-N16)*O16/100*(R16+S16)/1000000 -> 0.98456602 | W16: =+'3'!K34/1000 -> 57.096 | X16: =SUM(W16:W19)/SUM(K16:K19) -> 1.0538755 | Y16: 0 | Z16: 0 | AA16: =SUM(U16:U19)-SUM(W16:W19)-SUM(Z16:Z19)-SUM(Y16:Y19) -> -3.9346445 | AB16: =(SUM(K16:K19)-SUM(W16:W19)-SUM(Y16:Y19)-SUM(Z16:Z19)-SUM(AC16:AC19)-SUM(V16:V19))-AA16 -> 0.031256064 | AC16: =K16-T16 -> 0 | AD16: =+AM16+BA16 -> 0 | AE16: - Sheet Breaks (0x) | AF16: 0 | AM16: =SUM(AF16:AL16)+AT16+AV16+AX16 -> 0 | AR16: =SUM(AN16:AQ16) -> 0 | BA16: =+AR16+AS16+AU16+AW16+AY16+AZ16 -> 0 | BB16: 0
AD17: =+AM17+BA17 -> 0 | AE17: - Change Blade (0x) | AG17: 0 | AM17: =SUM(AF17:AL17)+AT17+AV17+AX17 -> 0 | AR17: =SUM(AN17:AQ17) -> 0 | BA17: =+AR17+AS17+AU17+AW17+AY17+AZ17 -> 0 | BC17: 0
AD18: =+AM18+BA18 -> 27 | AE18: - Change Spool (27x) | AH18: 27 | AM18: =SUM(AF18:AL18)+AT18+AV18+AX18 -> 27 | AR18: =SUM(AN18:AQ18) -> 0 | BA18: =+AR18+AS18+AU18+AW18+AY18+AZ18 -> 0
A20: 45995 | B20: Toilet | C20: =(M20*E20*O20*Q20)/100000000 -> 54.177178 | D20: VP OW | E20: 14 | F20: 1 | G20: 1260 | H20: =+N20 -> 0.24 | I20: 0.88 | J20: =E20*G20*(1-H20)*1440/1000000*2.87 -> 55.40597 | K20: =(IF(G20<L20,L20,G20)*(1-IF(H20<N20,H20,N20))*E20*O20*Q20)/100000000 -> 54.177178 | L20: 1300 | M20: =+L20-L20*0.24 -> 988 | N20: =1-(M20/L20) -> 0.24 | O20: =+'Trim Rwd'!H13 -> 272 | P20: =O20*(Q20-R20-S20) -> 356320 | Q20: 1440 | R20: 110 | S20: 20 | T20: =E20*M20*O20*Q20/100000000 -> 54.177178 | U20: =E20*M20*O20*(Q20-R20-S20)/100000000 -> 49.286182 | V20: =E20*G20*(1-N20)*O20/100*(R20+S20)/1000000 -> 4.740503 | W20: =+'4'!K34/1000 -> 41.052 | X20: =SUM(W20:W23)/SUM(K20:K23) -> 0.75773604 | Y20: 0 | Z20: 0 | AA20: =SUM(U20:U23)-SUM(W20:W23)-SUM(Z20:Z23)-SUM(Y20:Y23) -> 8.2341824 | AB20: =(SUM(K20:K23)-SUM(W20:W23)-SUM(Y20:Y23)-SUM(Z20:Z23)-SUM(AC20:AC23)-SUM(V20:V23))-AA20 -> 0.15049216 | AC20: =K20-T20 -> 0 | AD20: =+AM20+BA20 -> 0 | AE20: - Sheet Breaks (0x) | AF20: 0 | AM20: =SUM(AF20:AL20)+AT20+AV20+AX20 -> 0 | AR20: =SUM(AN20:AQ20) -> 0 | BA20: =+AR20+AS20+AU20+AW20+AY20+AZ20 -> 0 | BB20: 0
AD21: =+AM21+BA21 -> 1 | AE21: - Change Blade (1x) | AG21: 1 | AM21: =SUM(AF21:AL21)+AT21+AV21+AX21 -> 1 | AR21: =SUM(AN21:AQ21) -> 0 | BA21: =+AR21+AS21+AU21+AW21+AY21+AZ21 -> 0 | BC21: 1
AD22: =+AM22+BA22 -> 19 | AE22: - Change Spool (23x) | AH22: 19 | AM22: =SUM(AF22:AL22)+AT22+AV22+AX22 -> 19 | AR22: =SUM(AN22:AQ22) -> 0 | BA22: =+AR22+AS22+AU22+AW22+AY22+AZ22 -> 0
AD23: =+AM23+BA23 -> 110 | AE23: - 16:05 PM Trip, Cleaning area pm. Uhlebox dan hood | AM23: =SUM(AF23:AL23)+AT23+AV23+AX23 -> 0 | AP23: 110 | AR23: =SUM(AN23:AQ23) -> 110 | BA23: =+AR23+AS23+AU23+AW23+AY23+AZ23 -> 110
A25: 45996 | B25: Toilet | C25: =(M25*E25*O25*Q25)/100000000 -> 9.0118246 | D25: VP OW | E25: 14 | F25: 1 | G25: 1260 | H25: =+N25 -> 0.24 | I25: 0.88 | J25: =E25*G25*(1-H25)*1440/1000000*2.87 -> 55.40597 | K25: =(IF(G25<L25,L25,G25)*(1-IF(H25<N25,H25,N25))*E25*O25*Q25)/100000000 -> 9.0118246 | L25: 1300 | M25: =+L25-L25*0.24 -> 988 | N25: =1-(M25/L25) -> 0.24 | O25: =+'Trim Rwd'!H15 -> 271.46667 | P25: =O25*(Q25-R25-S25) -> 63251.733 | Q25: 240 | R25: 0 | S25: 7 | T25: =E25*M25*O25*Q25/100000000 -> 9.0118246 | U25: =E25*M25*O25*(Q25-R25-S25)/100000000 -> 8.7489798 | V25: =E25*G25*(1-N25)*O25/100*(R25+S25)/1000000 -> 0.25475735 | W25: =+'5'!K9/1000 -> 16.889 | X25: =SUM(W25:W28)/SUM(K25:K28) -> 0.95252474 | Y25: 0 | Z25: 0 | AA25: =SUM(U25:U28)-SUM(W25:W28)-SUM(Z25:Z28)-SUM(Y25:Y28) -> 0.50774375 | AB25: =(SUM(K25:K28)-SUM(W25:W28)-SUM(Y25:Y28)-SUM(Z25:Z28)-SUM(AC25:AC28)-SUM(V25:V28))-AA25 -> 0.048306735 | AC25: =K25-T25 -> 0 | AD25: =+AM25+BA25 -> 5 | AE25: - Sheet Breaks (1x) | AF25: 5 | AM25: =SUM(AF25:AL25)+AT25+AV25+AX25 -> 5 | AR25: =SUM(AN25:AQ25) -> 0 | BA25: =+AR25+AS25+AU25+AW25+AY25+AZ25 -> 0 | BB25: 1
B26: Toilet | C26: =(M26*E26*O26*Q26)/100000000 -> 24.533712 | D26: VP OW | E26: 18 | F26: 1 | G26: 980 | H26: =+N26 -> 0.24 | I26: 0.88 | J26: =E26*G26*(1-H26)*1440/1000000*2.87 -> 55.40597 | K26: =(IF(G26<L26,L26,G26)*(1-IF(H26<N26,H26,N26))*E26*O26*Q26)/100000000 -> 24.533712 | L26: 1050 | M26: 798 | N26: =1-(M26/L26) -> 0.24 | O26: =+'Trim Rwd'!H17 -> 280 | P26: =O26*(Q26-R26-S26) -> 166600 | Q26: 610 | R26: 0 | S26: 15 | T26: =E26*M26*O26*Q26/100000000 -> 24.533712 | U26: =E26*M26*O26*(Q26-R26-S26)/100000000 -> 23.930424 | V26: =E26*G26*(1-N26)*O26/100*(R26+S26)/1000000 -> 0.5630688 | W26: =+'5'!K11/1000 -> 21.393 | Z26: =+'5'!D34/1000 -> 0.65 | AC26: =K26-T26 -> 0 | AD26: =+AM26+BA26 -> 6 | AE26: - Change Blade (4x) | AG26: 6 | AM26: =SUM(AF26:AL26)+AT26+AV26+AX26 -> 6 | AR26: =SUM(AN26:AQ26) -> 0 | BA26: =+AR26+AS26+AU26+AW26+AY26+AZ26 -> 0 | BC26: 4
B27: Toilet | C27: =(M27*E27*O27*Q27)/100000000 -> 21.1869 | D27: VP OW | E27: 12.5 | F27: 1 | G27: 1350 | H27: =+N27 -> 0.24 | I27: 0.88 | J27: =E27*G27*(1-H27)*1440/1000000*2.87 -> 53.00316 | K27: =(IF(G27<L27,L27,G27)*(1-IF(H27<N27,H27,N27))*E27*O27*Q27)/100000000 -> 21.1869 | L27: 1350 | M27: 1026 | N27: =1-(M27/L27) -> 0.24 | O27: =+'Trim Rwd'!H18 -> 280 | P27: =O27*(Q27-R27-S27) -> 160720 | Q27: 590 | R27: 0 | S27: 16 | T27: =E27*M27*O27*Q27/100000000 -> 21.1869 | U27: =E27*M27*O27*(Q27-R27-S27)/100000000 -> 20.61234 | V27: =E27*G27*(1-N27)*O27/100*(R27+S27)/1000000 -> 0.57456 | W27: =+'5'!K8/1000 -> 13.852 | AC27: =K27-T27 -> 0 | AD27: =+AM27+BA27 -> 27 | AE27: - Change Spool (27x) | AH27: 27 | AM27: =SUM(AF27:AL27)+AT27+AV27+AX27 -> 27 | AR27: =SUM(AN27:AQ27) -> 0 | BA27: =+AR27+AS27+AU27+AW27+AY27+AZ27 -> 0
A29: 45997 | B29: Toilet | C29: =(M29*E29*O29*Q29)/100000000 -> 2.1546 | D29: VP OW | E29: 12.5 | F29: 1 | G29: 1350 | H29: =+N29 -> 0.24 | I29: 0.88 | J29: =E29*G29*(1-H29)*1440/1000000*2.87 -> 53.00316 | K29: =(IF(G29<L29,L29,G29)*(1-IF(H29<N29,H29,N29))*E29*O29*Q29)/100000000 -> 2.1546 | L29: 1350 | M29: 1026 | N29: =1-(M29/L29) -> 0.24 | O29: =+'Trim Rwd'!H20 -> 280 | P29: =O29*(Q29-R29-S29) -> 15400 | Q29: 60 | R29: 0 | S29: 5 | T29: =E29*M29*O29*Q29/100000000 -> 2.1546 | U29: =E29*M29*O29*(Q29-R29-S29)/100000000 -> 1.97505 | V29: =E29*G29*(1-N29)*O29/100*(R29+S29)/1000000 -> 0.17955 | W29: =+'6'!K8/1000 -> 7.433 | X29: =SUM(W29:W32)/SUM(K29:K32) -> 0.90094567 | Y29: 0 | Z29: 0 | AA29: =SUM(U29:U32)-SUM(W29:W32)-SUM(Z29:Z32)-SUM(Y29:Y32) -> 3.2442903 | AB29: =(SUM(K29:K32)-SUM(W29:W32)-SUM(Y29:Y32)-SUM(Z29:Z32)-SUM(AC29:AC32)-SUM(V29:V32))-AA29 -> -0.00715008 | AC29: =K29-T29 -> 0 | AD29: =+AM29+BA29 -> 15 | AE29: - Sheet Breaks (3x) | AF29: 15 | AM29: =SUM(AF29:AL29)+AT29+AV29+AX29 -> 15 | AR29: =SUM(AN29:AQ29) -> 0 | BA29: =+AR29+AS29+AU29+AW29+AY29+AZ29 -> 0 | BB29: 3
B30: Facial | C30: =(M30*E30*O30*Q30)/100000000 -> 29.790523 | D30: VP OW | E30: 13 | F30: 1 | G30: 1350 | H30: =+N30 -> 0.24 | I30: 0.88 | J30: =E30*G30*(1-H30)*1440/1000000*2.87 -> 55.123286 | K30: =(IF(G30<L30,L30,G30)*(1-IF(H30<N30,H30,N30))*E30*O30*Q30)/100000000 -> 29.790523 | L30: 1350 | M30: =+L30-L30*0.24 -> 1026 | N30: =1-(M30/L30) -> 0.24 | O30: =+'Trim Rwd'!H21 -> 274.05 | P30: =O30*(Q30-R30-S30) -> 215951.4 | Q30: 815 | R30: 0 | S30: 27 | T30: =E30*M30*O30*Q30/100000000 -> 29.790523 | U30: =E30*M30*O30*(Q30-R30-S30)/100000000 -> 28.803598 | V30: =E30*G30*(1-N30)*O30/100*(R30+S30)/1000000 -> 0.9869253 | W30: =+'6'!K12/1000 -> 27.738 | AC30: =K30-T30 -> 0 | AD30: =+AM30+BA30 -> 0 | AE30: - Change Blade (0x) | AG30: 0 | AM30: =SUM(AF30:AL30)+AT30+AV30+AX30 -> 0 | AR30: =SUM(AN30:AQ30) -> 0 | BA30: =+AR30+AS30+AU30+AW30+AY30+AZ30 -> 0 | BC30: 0
B31: Facial | C31: =(M31*E31*O31*Q31)/100000000 -> 19.794996 | D31: VP OW | E31: 12 | F31: 1 | G31: 1400 | H31: =+N31 -> 0.24 | I31: 0.88 | J31: =E31*G31*(1-H31)*1440/1000000*2.87 -> 52.76759 | K31: =(IF(G31<L31,L31,G31)*(1-IF(H31<N31,H31,N31))*E31*O31*Q31)/100000000 -> 20.198976 | L31: 1372 | M31: =+L31-L31*0.24 -> 1042.72 | N31: =1-(M31/L31) -> 0.24 | O31: =+'Trim Rwd'!H23 -> 280 | P31: =O31*(Q31-R31-S31) -> 155400 | Q31: 565 | R31: 0 | S31: 10 | T31: =E31*M31*O31*Q31/100000000 -> 19.794996 | U31: =E31*M31*O31*(Q31-R31-S31)/100000000 -> 19.444643 | V31: =E31*G31*(1-N31)*O31/100*(R31+S31)/1000000 -> 0.357504 | W31: =+'6'!K7/1000 -> 11.808 | AC31: =K31-T31 -> 0.40397952 | AD31: =+AM31+BA31 -> 27 | AE31: - Change Spool (28x) | AH31: 27 | AM31: =SUM(AF31:AL31)+AT31+AV31+AX31 -> 27 | AR31: =SUM(AN31:AQ31) -> 0 | BA31: =+AR31+AS31+AU31+AW31+AY31+AZ31 -> 0
A33: 45998 | B33: Facial | C33: =(M33*E33*O33*Q33)/100000000 -> 51.480576 | D33: VP OW | E33: 12 | F33: 1 | G33: 1400 | H33: =+N33 -> 0.24 | I33: 0.88 | J33: =E33*G33*(1-H33)*1440/1000000*2.87 -> 52.76759 | K33: =(IF(G33<L33,L33,G33)*(1-IF(H33<N33,H33,N33))*E33*O33*Q33)/100000000 -> 51.480576 | L33: 1400 | M33: =+L33-L33*0.24 -> 1064 | N33: =1-(M33/L33) -> 0.24 | O33: =+'Trim Rwd'!H25 -> 280 | P33: =O33*(Q33-R33-S33) -> 394240 | Q33: 1440 | R33: 0 | S33: 32 | T33: =E33*M33*O33*Q33/100000000 -> 51.480576 | U33: =E33*M33*O33*(Q33-R33-S33)/100000000 -> 50.336563 | V33: =E33*G33*(1-N33)*O33/100*(R33+S33)/1000000 -> 1.1440128 | W33: =+'7'!K34/1000 -> 44.481 | X33: =SUM(W33:W36)/SUM(K33:K36) -> 0.86403462 | Y33: 0 | Z33: 0 | AA33: =SUM(U33:U36)-SUM(W33:W36)-SUM(Z33:Z36)-SUM(Y33:Y36) -> 5.8555632 | AB33: =(SUM(K33:K36)-SUM(W33:W36)-SUM(Y33:Y36)-SUM(Z33:Z36)-SUM(AC33:AC36)-SUM(V33:V36))-AA33 -> 0 | AC33: =K33-T33 -> 0 | AD33: =+AM33+BA33 -> 5 | AE33: - Sheet Breaks (1x) | AF33: 5 | AM33: =SUM(AF33:AL33)+AT33+AV33+AX33 -> 5 | AR33: =SUM(AN33:AQ33) -> 0 | BA33: =+AR33+AS33+AU33+AW33+AY33+AZ33 -> 0 | BB33: 1
AD34: =+AM34+BA34 -> 5 | AE34: - Change Blade (2x) | AG34: 5 | AM34: =SUM(AF34:AL34)+AT34+AV34+AX34 -> 5 | AR34: =SUM(AN34:AQ34) -> 0 | BA34: =+AR34+AS34+AU34+AW34+AY34+AZ34 -> 0 | BC34: 2
AD35: =+AM35+BA35 -> 22 | AE35: - Change Spool (24x) | AH35: 22 | AM35: =SUM(AF35:AL35)+AT35+AV35+AX35 -> 22 | AR35: =SUM(AN35:AQ35) -> 0 | BA35: =+AR35+AS35+AU35+AW35+AY35+AZ35 -> 0
A37: 45999 | B37: Facial | C37: =(M37*E37*O37*Q37)/100000000 -> 51.480576 | D37: VP OW | E37: 12 | F37: 1 | G37: 1400 | H37: =+N37 -> 0.24 | I37: 0.88 | J37: =E37*G37*(1-H37)*1440/1000000*2.87 -> 52.76759 | K37: =(IF(G37<L37,L37,G37)*(1-IF(H37<N37,H37,N37))*E37*O37*Q37)/100000000 -> 51.480576 | L37: 1400 | M37: =+L37-L37*0.24 -> 1064 | N37: =1-(M37/L37) -> 0.24 | O37: =+'Trim Rwd'!H27 -> 280 | P37: =O37*(Q37-R37-S37) -> 394800 | Q37: 1440 | R37: 0 | S37: 30 | T37: =E37*M37*O37*Q37/100000000 -> 51.480576 | U37: =E37*M37*O37*(Q37-R37-S37)/100000000 -> 50.408064 | V37: =E37*G37*(1-N37)*O37/100*(R37+S37)/1000000 -> 1.072512 | W37: =+'8'!K34/1000 -> 54.174 | X37: =SUM(W37:W40)/SUM(K37:K40) -> 1.0523192 | Y37: 0 | Z37: 0 | AA37: =SUM(U37:U40)-SUM(W37:W40)-SUM(Z37:Z40)-SUM(Y37:Y40) -> -3.765936 | AB37: =(SUM(K37:K40)-SUM(W37:W40)-SUM(Y37:Y40)-SUM(Z37:Z40)-SUM(AC37:AC40)-SUM(V37:V40))-AA37 -> -3.5527137e-15 | AC37: =K37-T37 -> 0 | AD37: =+AM37+BA37 -> 0 | AE37: - Sheet Breaks (0x) | AF37: 0 | AM37: =SUM(AF37:AL37)+AT37+AV37+AX37 -> 0 | AR37: =SUM(AN37:AQ37) -> 0 | BA37: =+AR37+AS37+AU37+AW37+AY37+AZ37 -> 0 | BB37: 1
AD38: =+AM38+BA38 -> 2 | AE38: - Change Blade (1x) | AG38: 2 | AM38: =SUM(AF38:AL38)+AT38+AV38+AX38 -> 2 | AR38: =SUM(AN38:AQ38) -> 0 | BA38: =+AR38+AS38+AU38+AW38+AY38+AZ38 -> 0 | BC38: 1
AD39: =+AM39+BA39 -> 28 | AE39: - Change Spool (26x) | AH39: 28 | AM39: =SUM(AF39:AL39)+AT39+AV39+AX39 -> 28 | AR39: =SUM(AN39:AQ39) -> 0 | BA39: =+AR39+AS39+AU39+AW39+AY39+AZ39 -> 0
A41: 46000 | B41: Facial | C41: =(M41*E41*O41*Q41)/100000000 -> 51.480576 | D41: VP OW | E41: 12 | F41: 1 | G41: 1400 | H41: =+N41 -> 0.24 | I41: 0.88 | J41: =E41*G41*(1-H41)*1440/1000000*2.87 -> 52.76759 | K41: =(IF(G41<L41,L41,G41)*(1-IF(H41<N41,H41,N41))*E41*O41*Q41)/100000000 -> 51.480576 | L41: 1400 | M41: =+L41-L41*0.24 -> 1064 | N41: =1-(M41/L41) -> 0.24 | O41: =+'Trim Rwd'!H29 -> 280 | P41: =O41*(Q41-R41-S41) -> 393960 | Q41: 1440 | R41: 0 | S41: 33 | T41: =E41*M41*O41*Q41/100000000 -> 51.480576 | U41: =E41*M41*O41*(Q41-R41-S41)/100000000 -> 50.300813 | V41: =E41*G41*(1-N41)*O41/100*(R41+S41)/1000000 -> 1.1797632 | W41: =+'9'!K34/1000 -> 49.234 | X41: =SUM(W41:W44)/SUM(K41:K44) -> 0.95636071 | Y41: 0 | Z41: 0 | AA41: =SUM(U41:U44)-SUM(W41:W44)-SUM(Z41:Z44)-SUM(Y41:Y44) -> 1.0668128 | AB41: =(SUM(K41:K44)-SUM(W41:W44)-SUM(Y41:Y44)-SUM(Z41:Z44)-SUM(AC41:AC44)-SUM(V41:V44))-AA41 -> -3.5527137e-15 | AC41: =K41-T41 -> 0 | AD41: =+AM41+BA41 -> 0 | AE41: - Sheet Breaks (0x) | AF41: 0 | AM41: =SUM(AF41:AL41)+AT41+AV41+AX41 -> 0 | AR41: =SUM(AN41:AQ41) -> 0 | BA41: =+AR41+AS41+AU41+AW41+AY41+AZ41 -> 0 | BB41: 0
AD42: =+AM42+BA42 -> 2 | AE42: - Change Blade (2x) | AG42: 2 | AM42: =SUM(AF42:AL42)+AT42+AV42+AX42 -> 2 | AR42: =SUM(AN42:AQ42) -> 0 | BA42: =+AR42+AS42+AU42+AW42+AY42+AZ42 -> 0 | BC42: 2
AD43: =+AM43+BA43 -> 31 | AE43: - Change Spool (27x) | AH43: 31 | AM43: =SUM(AF43:AL43)+AT43+AV43+AX43 -> 31 | AR43: =SUM(AN43:AQ43) -> 0 | BA43: =+AR43+AS43+AU43+AW43+AY43+AZ43 -> 0
A45: 46001 | B45: Facial | C45: =(M45*E45*O45*Q45)/100000000 -> 51.480576 | D45: VP OW | E45: 12 | F45: 1 | G45: 1400 | H45: =+N45 -> 0.24 | I45: 0.88 | J45: =E45*G45*(1-H45)*1440/1000000*2.87 -> 52.76759 | K45: =(IF(G45<L45,L45,G45)*(1-IF(H45<N45,H45,N45))*E45*O45*Q45)/100000000 -> 51.480576 | L45: 1400 | M45: =+L45-L45*0.24 -> 1064 | N45: =1-(M45/L45) -> 0.24 | O45: =+'Trim Rwd'!H31 -> 280 | P45: =O45*(Q45-R45-S45) -> 392840 | Q45: 1440 | R45: 0 | S45: 37 | T45: =E45*M45*O45*Q45/100000000 -> 51.480576 | U45: =E45*M45*O45*(Q45-R45-S45)/100000000 -> 50.157811 | V45: =E45*G45*(1-N45)*O45/100*(R45+S45)/1000000 -> 1.3227648 | W45: =+'10'!K34/1000 -> 49.491 | X45: =SUM(W45:W48)/SUM(K45:K48) -> 0.96135288 | Y45: 0 | Z45: 0 | AA45: =SUM(U45:U48)-SUM(W45:W48)-SUM(Z45:Z48)-SUM(Y45:Y48) -> 0.6668112 | AB45: =(SUM(K45:K48)-SUM(W45:W48)-SUM(Y45:Y48)-SUM(Z45:Z48)-SUM(AC45:AC48)-SUM(V45:V48))-AA45 -> 1.5543122e-15 | AC45: =K45-T45 -> 0 | AD45: =+AM45+BA45 -> 0 | AE45: - Sheet Breaks (0x) | AF45: 0 | AM45: =SUM(AF45:AL45)+AT45+AV45+AX45 -> 0 | AR45: =SUM(AN45:AQ45) -> 0 | BA45: =+AR45+AS45+AU45+AW45+AY45+AZ45 -> 0 | BB45: 0
AD46: =+AM46+BA46 -> 2 | AE46: - Change Blade (2x) | AG46: 2 | AM46: =SUM(AF46:AL46)+AT46+AV46+AX46 -> 2 | AR46: =SUM(AN46:AQ46) -> 0 | BA46: =+AR46+AS46+AU46+AW46+AY46+AZ46 -> 0 | BC46: 1
AD47: =+AM47+BA47 -> 35 | AE47: - Change Spool (26x) | AH47: 35 | AM47: =SUM(AF47:AL47)+AT47+AV47+AX47 -> 35 | AR47: =SUM(AN47:AQ47) -> 0 | BA47: =+AR47+AS47+AU47+AW47+AY47+AZ47 -> 0
A49: 46002 | B49: Facial | C49: =(M49*E49*O49*Q49)/100000000 -> 51.480576 | D49: VP OW | E49: 12 | F49: 1 | G49: 1400 | H49: =+N49 -> 0.24 | I49: 0.88 | J49: =E49*G49*(1-H49)*1440/1000000*2.87 -> 52.76759 | K49: =(IF(G49<L49,L49,G49)*(1-IF(H49<N49,H49,N49))*E49*O49*Q49)/100000000 -> 51.480576 | L49: 1400 | M49: 1064 | N49: =1-(M49/L49) -> 0.24 | O49: =+'Trim Rwd'!H33 -> 280 | P49: =O49*(Q49-R49-S49) -> 390600 | Q49: 1440 | R49: 0 | S49: 45 | T49: =E49*M49*O49*Q49/100000000 -> 51.480576 | U49: =E49*M49*O49*(Q49-R49-S49)/100000000 -> 49.871808 | V49: =E49*G49*(1-N49)*O49/100*(R49+S49)/1000000 -> 1.608768 | W49: =+'11'!K10/1000 -> 42.121 | X49: =SUM(W49:W52)/SUM(K49:K52) -> 0.81819209 | Y49: 0 | Z49: =+'11'!D34/1000 -> 1 | AA49: =SUM(U49:U52)-SUM(W49:W52)-SUM(Z49:Z52)-SUM(Y49:Y52) -> 6.750808 | AB49: =(SUM(K49:K52)-SUM(W49:W52)-SUM(Y49:Y52)-SUM(Z49:Z52)-SUM(AC49:AC52)-SUM(V49:V52))-AA49 -> 0 | AC49: =K49-T49 -> 0 | AD49: =+AM49+BA49 -> 0 | AE49: - Sheet Breaks (0x) | AF49: 0 | AM49: =SUM(AF49:AL49)+AT49+AV49+AX49 -> 0 | AR49: =SUM(AN49:AQ49) -> 0 | BA49: =+AR49+AS49+AU49+AW49+AY49+AZ49 -> 0 | BB49: 0
AD50: =+AM50+BA50 -> 0 | AE50: - Change Blade (0x) | AG50: 0 | AM50: =SUM(AF50:AL50)+AT50+AV50+AX50 -> 0 | AR50: =SUM(AN50:AQ50) -> 0 | BA50: =+AR50+AS50+AU50+AW50+AY50+AZ50 -> 0 | BC50: 1
AD51: =+AM51+BA51 -> 45 | AE51: - Change Spool (28x) | AH51: 45 | AM51: =SUM(AF51:AL51)+AT51+AV51+AX51 -> 45 | AR51: =SUM(AN51:AQ51) -> 0 | BA51: =+AR51+AS51+AU51+AW51+AY51+AZ51 -> 0
A53: 46003 | B53: Facial | C53: =(M53*E53*O53*Q53)/100000000 -> 51.480576 | D53: VP OW | E53: 12 | F53: 1 | G53: 1400 | H53: =+N53 -> 0.24 | I53: 0.88 | J53: =E53*G53*(1-H53)*1440/1000000*2.87 -> 52.76759 | K53: =(IF(G53<L53,L53,G53)*(1-IF(H53<N53,H53,N53))*E53*O53*Q53)/100000000 -> 51.480576 | L53: 1400 | M53: 1064 | N53: =1-(M53/L53) -> 0.24 | O53: =+'Trim Rwd'!H35 -> 280 | P53: =O53*(Q53-R53-S53) -> 388640 | Q53: 1440 | R53: 0 | S53: 52 | T53: =E53*M53*O53*Q53/100000000 -> 51.480576 | U53: =E53*M53*O53*(Q53-R53-S53)/100000000 -> 49.621555 | V53: =E53*G53*(1-N53)*O53/100*(R53+S53)/1000000 -> 1.8590208 | W53: =+'12'!K34/1000 -> 42.797 | X53: =SUM(W53:W56)/SUM(K53:K56) -> 0.83132325 | Y53: 0 | Z53: =+'12'!D34/1000 -> 0.52 | AA53: =SUM(U53:U56)-SUM(W53:W56)-SUM(Z53:Z56)-SUM(Y53:Y56) -> 6.3045552 | AB53: =(SUM(K53:K56)-SUM(W53:W56)-SUM(Y53:Y56)-SUM(Z53:Z56)-SUM(AC53:AC56)-SUM(V53:V56))-AA53 -> 0 | AC53: =K53-T53 -> 0 | AD53: =+AM53+BA53 -> 15 | AE53: - Sheet Breaks (3x) | AF53: 15 | AM53: =SUM(AF53:AL53)+AT53+AV53+AX53 -> 15 | AR53: =SUM(AN53:AQ53) -> 0 | BA53: =+AR53+AS53+AU53+AW53+AY53+AZ53 -> 0 | BB53: 3
AD54: =+AM54+BA54 -> 7 | AE54: - Change Blade (2x) | AG54: 7 | AM54: =SUM(AF54:AL54)+AT54+AV54+AX54 -> 7 | AR54: =SUM(AN54:AQ54) -> 0 | BA54: =+AR54+AS54+AU54+AW54+AY54+AZ54 -> 0 | BC54: 2
AD55: =+AM55+BA55 -> 30 | AE55: - Change Spool (28x) | AH55: 30 | AM55: =SUM(AF55:AL55)+AT55+AV55+AX55 -> 30 | AR55: =SUM(AN55:AQ55) -> 0 | BA55: =+AR55+AS55+AU55+AW55+AY55+AZ55 -> 0
A57: 46004 | B57: Facial | C57: =(M57*E57*O57*Q57)/100000000 -> 51.480576 | D57: VP OW | E57: 12 | F57: 1 | G57: 1400 | H57: =+N57 -> 0.24 | I57: 0.88 | J57: =E57*G57*(1-H57)*1440/1000000*2.87 -> 52.76759 | K57: =(IF(G57<L57,L57,G57)*(1-IF(H57<N57,H57,N57))*E57*O57*Q57)/100000000 -> 51.480576 | L57: 1400 | M57: 1064 | N57: =1-(M57/L57) -> 0.24 | O57: =+'Trim Rwd'!H37 -> 280 | P57: =O57*(Q57-R57-S57) -> 390880 | Q57: 1440 | R57: 0 | S57: 44 | T57: =E57*M57*O57*Q57/100000000 -> 51.480576 | U57: =E57*M57*O57*(Q57-R57-S57)/100000000 -> 49.907558 | V57: =E57*G57*(1-N57)*O57/100*(R57+S57)/1000000 -> 1.5730176 | W57: =+'13'!K34/1000 -> 48.721 | X57: =SUM(W57:W60)/SUM(K57:K60) -> 0.94639578 | Y57: 0 | Z57: 0 | AA57: =SUM(U57:U60)-SUM(W57:W60)-SUM(Z57:Z60)-SUM(Y57:Y60) -> 1.1865584 | AB57: =(SUM(K57:K60)-SUM(W57:W60)-SUM(Y57:Y60)-SUM(Z57:Z60)-SUM(AC57:AC60)-SUM(V57:V60))-AA57 -> 0 | AC57: =K57-T57 -> 0 | AD57: =+AM57+BA57 -> 0 | AE57: - Sheet Breaks (0x) | AF57: 0 | AM57: =SUM(AF57:AL57)+AT57+AV57+AX57 -> 0 | AR57: =SUM(AN57:AQ57) -> 0 | BA57: =+AR57+AS57+AU57+AW57+AY57+AZ57 -> 0 | BB57: 0
AD58: =+AM58+BA58 -> 0 | AE58: - Change Blade (0x) | AG58: 0 | AM58: =SUM(AF58:AL58)+AT58+AV58+AX58 -> 0 | AR58: =SUM(AN58:AQ58) -> 0 | BA58: =+AR58+AS58+AU58+AW58+AY58+AZ58 -> 0 | BC58: 0
AD59: =+AM59+BA59 -> 44 | AE59: - Change Spool (28x) | AH59: 44 | AM59: =SUM(AF59:AL59)+AT59+AV59+AX59 -> 44 | AR59: =SUM(AN59:AQ59) -> 0 | BA59: =+AR59+AS59+AU59+AW59+AY59+AZ59 -> 0
A61: 46005 | B61: Facial | C61: =(M61*E61*O61*Q61)/100000000 -> 21.092736 | D61: VP OW | E61: 12 | F61: 1 | G61: 1400 | H61: =+N61 -> 0.24 | I61: 0.88 | J61: =E61*G61*(1-H61)*1440/1000000*2.87 -> 52.76759 | K61: =(IF(G61<L61,L61,G61)*(1-IF(H61<N61,H61,N61))*E61*O61*Q61)/100000000 -> 21.092736 | L61: 1400 | M61: =+L61-L61*0.24 -> 1064 | N61: =1-(M61/L61) -> 0.24 | O61: =+'Trim Rwd'!H39 -> 280 | P61: =O61*(Q61-R61-S61) -> 162400 | Q61: 590 | R61: 0 | S61: 10 | T61: =E61*M61*O61*Q61/100000000 -> 21.092736 | U61: =E61*M61*O61*(Q61-R61-S61)/100000000 -> 20.735232 | V61: =E61*G61*(1-N61)*O61/100*(R61+S61)/1000000 -> 0.357504 | W61: =+'14'!K10/1000 -> 23.862 | X61: =SUM(W61:W64)/SUM(K61:K64) -> 0.89421582 | Y61: 0 | Z61: 0 | AA61: =SUM(U61:U64)-SUM(W61:W64)-SUM(Z61:Z64)-SUM(Y61:Y64) -> 3.0867512 | AB61: =(SUM(K61:K64)-SUM(W61:W64)-SUM(Y61:Y64)-SUM(Z61:Z64)-SUM(AC61:AC64)-SUM(V61:V64))-AA61 -> 0.0055328 | AC61: =K61-T61 -> 0 | AD61: =+AM61+BA61 -> 0 | AE61: - Sheet Breaks (0x) | AF61: 0 | AM61: =SUM(AF61:AL61)+AT61+AV61+AX61 -> 0 | AR61: =SUM(AN61:AQ61) -> 0 | BA61: =+AR61+AS61+AU61+AW61+AY61+AZ61 -> 0 | BB61: 0
B62: Facial | C62: =(M62*E62*O62*Q62)/100000000 -> 21.602818 | D62: VP OW | E62: 13 | F62: 1 | G62: 1350 | H62: =+N62 -> 0.24 | I62: 0.88 | J62: =E62*G62*(1-H62)*1440/1000000*2.87 -> 55.123286 | K62: =(IF(G62<L62,L62,G62)*(1-IF(H62<N62,H62,N62))*E62*O62*Q62)/100000000 -> 21.602818 | L62: 1370 | M62: =+L62-L62*0.24 -> 1041.2 | N62: =1-(M62/L62) -> 0.24 | O62: =+'Trim Rwd'!H40 -> 280 | P62: =O62*(Q62-R62-S62) -> 156800 | Q62: 570 | R62: 0 | S62: 10 | T62: =E62*M62*O62*Q62/100000000 -> 21.602818 | U62: =E62*M62*O62*(Q62-R62-S62)/100000000 -> 21.223821 | V62: =E62*G62*(1-N62)*O62/100*(R62+S62)/1000000 -> 0.373464 | W62: =+'14'!K12/1000 -> 20.123 | AC62: =K62-T62 -> 0 | AD62: =+AM62+BA62 -> 1 | AE62: - Change Blade (1x) | AG62: 1 | AM62: =SUM(AF62:AL62)+AT62+AV62+AX62 -> 1 | AR62: =SUM(AN62:AQ62) -> 0 | BA62: =+AR62+AS62+AU62+AW62+AY62+AZ62 -> 0 | BC62: 1
B63: Facial | C63: =(M63*E63*O63*Q63)/100000000 -> 9.5245024 | D63: VP OW | E63: 11.5 | F63: 1 | G63: 1400 | H63: =+N63 -> 0.24 | I63: 0.88 | J63: =E63*G63*(1-H63)*1440/1000000*2.87 -> 50.568941 | K63: =(IF(G63<L63,L63,G63)*(1-IF(H63<N63,H63,N63))*E63*O63*Q63)/100000000 -> 9.5245024 | L63: 1400 | M63: =+L63-L63*0.24 -> 1064 | N63: =1-(M63/L63) -> 0.24 | O63: =+'Trim Rwd'!H41 -> 278 | P63: =O63*(Q63-R63-S63) -> 63940 | Q63: 280 | R63: 40 | S63: 10 | T63: =E63*M63*O63*Q63/100000000 -> 9.5245024 | U63: =E63*M63*O63*(Q63-R63-S63)/100000000 -> 7.8236984 | V63: =E63*G63*(1-N63)*O63/100*(R63+S63)/1000000 -> 1.700804 | W63: =+'14'!K13/1000 -> 2.711 | AC63: =K63-T63 -> 0 | AD63: =+AM63+BA63 -> 29 | AE63: - Change Spool (29x) | AH63: 29 | AM63: =SUM(AF63:AL63)+AT63+AV63+AX63 -> 29 | AR63: =SUM(AN63:AQ63) -> 0 | BA63: =+AR63+AS63+AU63+AW63+AY63+AZ63 -> 0
AD64: =+AM64+BA64 -> 40 | AE64: - 06.00 kertas brosot satu deckel pm stop spray yankee buntu semua Fresh water Tangki Chamber coating release habis (pelampung eror) bersihkan shower coating release yang mampet | AM64: =SUM(AF64:AL64)+AT64+AV64+AX64 -> 0 | AN64: 40 | AR64: =SUM(AN64:AQ64) -> 40 | BA64: =+AR64+AS64+AU64+AW64+AY64+AZ64 -> 40
A66: 46006 | B66: Facial | C66: =(M66*E66*O66*Q66)/100000000 -> 49.097446 | D66: VP OW | E66: 11.5 | F66: 1 | G66: 1400 | H66: =+N66 -> 0.24 | I66: 0.88 | J66: =E66*G66*(1-H66)*1440/1000000*2.87 -> 50.568941 | K66: =(IF(G66<L66,L66,G66)*(1-IF(H66<N66,H66,N66))*E66*O66*Q66)/100000000 -> 49.097446 | L66: 1400 | M66: 1064 | N66: =1-(M66/L66) -> 0.24 | O66: =+'Trim Rwd'!H43 -> 278.64865 | P66: =O66*(Q66-R66-S66) -> 377847.57 | Q66: 1440 | R66: 0 | S66: 84 | T66: =E66*M66*O66*Q66/100000000 -> 49.097446 | U66: =E66*M66*O66*(Q66-R66-S66)/100000000 -> 46.233428 | V66: =E66*G66*(1-N66)*O66/100*(R66+S66)/1000000 -> 2.8640177 | W66: =+'15'!K34/1000 -> 38.724 | X66: =SUM(W66:W69)/SUM(K66:K69) -> 0.7887172 | Y66: 0 | Z66: 0 | AA66: =SUM(U66:U69)-SUM(W66:W69)-SUM(Z66:Z69)-SUM(Y66:Y69) -> 7.5094284 | AB66: =(SUM(K66:K69)-SUM(W66:W69)-SUM(Y66:Y69)-SUM(Z66:Z69)-SUM(AC66:AC69)-SUM(V66:V69))-AA66 -> 0 | AC66: =K66-T66 -> 0 | AD66: =+AM66+BA66 -> 50 | AE66: - Sheet Breaks (10x) | AF66: 50 | AM66: =SUM(AF66:AL66)+AT66+AV66+AX66 -> 50 | AR66: =SUM(AN66:AQ66) -> 0 | BA66: =+AR66+AS66+AU66+AW66+AY66+AZ66 -> 0 | BB66: 10
AD67: =+AM67+BA67 -> 5 | AE67: - Change Blade (1x) | AG67: 5 | AM67: =SUM(AF67:AL67)+AT67+AV67+AX67 -> 5 | AR67: =SUM(AN67:AQ67) -> 0 | BA67: =+AR67+AS67+AU67+AW67+AY67+AZ67 -> 0 | BC67: 1
AD68: =+AM68+BA68 -> 29 | AE68: - Change Spool (24x) | AH68: 29 | AM68: =SUM(AF68:AL68)+AT68+AV68+AX68 -> 29 | AR68: =SUM(AN68:AQ68) -> 0 | BA68: =+AR68+AS68+AU68+AW68+AY68+AZ68 -> 0
A70: 46007 | B70: Facial | C70: =(M70*E70*O70*Q70)/100000000 -> 20.385176 | D70: VP OW | E70: 11.5 | F70: 1 | G70: 1400 | H70: =+N70 -> 0.24 | I70: 0.88 | J70: =E70*G70*(1-H70)*1440/1000000*2.87 -> 50.568941 | K70: =(IF(G70<L70,L70,G70)*(1-IF(H70<N70,H70,N70))*E70*O70*Q70)/100000000 -> 20.385176 | L70: 1400 | M70: 1064 | N70: =1-(M70/L70) -> 0.24 | O70: =+'Trim Rwd'!H46 -> 280 | P70: =O70*(Q70-R70-S70) -> 160440 | Q70: 595 | R70: 0 | S70: 22 | T70: =E70*M70*O70*Q70/100000000 -> 20.385176 | U70: =E70*M70*O70*(Q70-R70-S70)/100000000 -> 19.631438 | V70: =E70*G70*(1-N70)*O70/100*(R70+S70)/1000000 -> 0.7537376 | W70: =+'16'!K13/1000 -> 27.555 | X70: =SUM(W70:W73)/SUM(K70:K73) -> 0.91847634 | Y70: 0 | Z70: =+'16'!D34/1000 -> 0.275 | AA70: =SUM(U70:U73)-SUM(W70:W73)-SUM(Z70:Z73)-SUM(Y70:Y73) -> 2.2758154 | AB70: =(SUM(K70:K73)-SUM(W70:W73)-SUM(Y70:Y73)-SUM(Z70:Z73)-SUM(AC70:AC73)-SUM(V70:V73))-AA70 -> 0 | AC70: =K70-T70 -> 0 | AD70: =+AM70+BA70 -> 0 | AE70: - Sheet Breaks (0x) | AF70: 0 | AM70: =SUM(AF70:AL70)+AT70+AV70+AX70 -> 0 | AR70: =SUM(AN70:AQ70) -> 0 | BA70: =+AR70+AS70+AU70+AW70+AY70+AZ70 -> 0 | BB70: 0
B71: Toilet | C71: =(M71*E71*O71*Q71)/100000000 -> 29.604136 | D71: VP OW | E71: 12 | F71: 1 | G71: 1400 | H71: =+N71 -> 0.24 | I71: 0.88 | J71: =E71*G71*(1-H71)*1440/1000000*2.87 -> 52.76759 | K71: =(IF(G71<L71,L71,G71)*(1-IF(H71<N71,H71,N71))*E71*O71*Q71)/100000000 -> 29.604136 | L71: 1400 | M71: 1064 | N71: =1-(M71/L71) -> 0.24 | O71: =+'Trim Rwd'!H47 -> 274.39286 | P71: =O71*(Q71-R71-S71) -> 225825.32 | Q71: 845 | R71: 0 | S71: 22 | T71: =E71*M71*O71*Q71/100000000 -> 29.604136 | U71: =E71*M71*O71*(Q71-R71-S71)/100000000 -> 28.833377 | V71: =E71*G71*(1-N71)*O71/100*(R71+S71)/1000000 -> 0.77075856 | W71: =+'16'!K14/1000 -> 18.359 | AC71: =K71-T71 -> 0 | AD71: =+AM71+BA71 -> 6 | AE71: - Change Blade (2x) | AG71: 6 | AM71: =SUM(AF71:AL71)+AT71+AV71+AX71 -> 6 | AR71: =SUM(AN71:AQ71) -> 0 | BA71: =+AR71+AS71+AU71+AW71+AY71+AZ71 -> 0 | BC71: 2
AD72: =+AM72+BA72 -> 38 | AE72: - Change Spool (29x) | AH72: 38 | AM72: =SUM(AF72:AL72)+AT72+AV72+AX72 -> 38 | AR72: =SUM(AN72:AQ72) -> 0 | BA72: =+AR72+AS72+AU72+AW72+AY72+AZ72 -> 0
A74: 46008 | B74: Toilet | C74: =(M74*E74*O74*Q74)/100000000 -> 34.908005 | D74: VP OW | E74: 12 | F74: 1 | G74: 1400 | H74: =+N74 -> 0.24 | I74: 0.88 | J74: =E74*G74*(1-H74)*1440/1000000*2.87 -> 52.76759 | K74: =(IF(G74<L74,L74,G74)*(1-IF(H74<N74,H74,N74))*E74*O74*Q74)/100000000 -> 34.908005 | L74: 1400 | M74: 1064 | N74: =1-(M74/L74) -> 0.24 | O74: =+'Trim Rwd'!H50 -> 276.16393 | P74: =O74*(Q74-R74-S74) -> 266498.2 | Q74: 990 | R74: 0 | S74: 25 | T74: =E74*M74*O74*Q74/100000000 -> 34.908005 | U74: =E74*M74*O74*(Q74-R74-S74)/100000000 -> 34.02649 | V74: =E74*G74*(1-N74)*O74/100*(R74+S74)/1000000 -> 0.88151528 | W74: =+'17'!K14/1000 -> 41.504 | X74: =SUM(W74:W77)/SUM(K74:K77) -> 1.0083279 | Y74: 0 | Z74: =+'17'!D34/1000 -> 0.632 | AA74: =SUM(U74:U77)-SUM(W74:W77)-SUM(Z74:Z77)-SUM(Y74:Y77) -> -2.5203777 | AB74: =(SUM(K74:K77)-SUM(W74:W77)-SUM(Y74:Y77)-SUM(Z74:Z77)-SUM(AC74:AC77)-SUM(V74:V77))-AA74 -> 0.038519161 | AC74: =K74-T74 -> 0 | AD74: =+AM74+BA74 -> 10 | AE74: - Sheet Breaks (2x) | AF74: 10 | AM74: =SUM(AF74:AL74)+AT74+AV74+AX74 -> 10 | AR74: =SUM(AN74:AQ74) -> 0 | BA74: =+AR74+AS74+AU74+AW74+AY74+AZ74 -> 0 | BB74: 2
B75: Toilet | C75: =(M75*E75*O75*Q75)/100000000 -> 10.91959 | D75: VP OW | E75: 17 | F75: 1 | G75: 980 | H75: =+N75 -> 0.18857143 | I75: 0.88 | J75: =E75*G75*(1-H75)*1440/1000000*2.87 -> 55.868844 | K75: =(IF(G75<L75,L75,G75)*(1-IF(H75<N75,H75,N75))*E75*O75*Q75)/100000000 -> 10.91959 | L75: 1009.697 | M75: 819.29697 | N75: =1-(M75/L75) -> 0.18857143 | O75: =+'Trim Rwd'!H53 -> 280 | P75: =O75*(Q75-R75-S75) -> 75880 | Q75: 280 | R75: 0 | S75: 9 | T75: =E75*M75*O75*Q75/100000000 -> 10.91959 | U75: =E75*M75*O75*(Q75-R75-S75)/100000000 -> 10.568603 | V75: =E75*G75*(1-N75)*O75/100*(R75+S75)/1000000 -> 0.34066368 | W75: =+'17'!K15/1000 -> 10.757 | AC75: =K75-T75 -> 0 | AD75: =+AM75+BA75 -> 0 | AE75: - Change Blade (0x) | AG75: 0 | AM75: =SUM(AF75:AL75)+AT75+AV75+AX75 -> 0 | AR75: =SUM(AN75:AQ75) -> 0 | BA75: =+AR75+AS75+AU75+AW75+AY75+AZ75 -> 0 | BC75: 0
B76: Toilet | C76: =(M76*E76*O76*Q76)/100000000 -> 7.2662423 | D76: VP OW | E76: 18 | F76: 1 | G76: 965 | H76: =+N76 -> 0.22606447 | I76: 0.88 | J76: =E76*G76*(1-H76)*1440/1000000*2.87 -> 55.558306 | K76: =(IF(G76<L76,L76,G76)*(1-IF(H76<N76,H76,N76))*E76*O76*Q76)/100000000 -> 7.2662423 | L76: 1111.6667 | M76: 860.35833 | N76: =1-(M76/L76) -> 0.22606447 | O76: =+'Trim Rwd'!H54 -> 276 | P76: =O76*(Q76-R76-S76) -> 45540 | Q76: 170 | R76: 0 | S76: 5 | T76: =E76*M76*O76*Q76/100000000 -> 7.2662423 | U76: =E76*M76*O76*(Q76-R76-S76)/100000000 -> 7.0525293 | V76: =E76*G76*(1-N76)*O76/100*(R76+S76)/1000000 -> 0.18551699 | W76: =+'17'!K11/1000 -> 1.275 | AC76: =K76-T76 -> 0 | AD76: =+AM76+BA76 -> 29 | AE76: - Change Spool (28x) | AH76: 29 | AM76: =SUM(AF76:AL76)+AT76+AV76+AX76 -> 29 | AR76: =SUM(AN76:AQ76) -> 0 | BA76: =+AR76+AS76+AU76+AW76+AY76+AZ76 -> 0
A78: 46009 | B78: Toilet | C78: =(M78*E78*O78*Q78)/100000000 -> 60.593702 | D78: VP OW | E78: 18 | F78: 1 | G78: 965 | H78: =+N78 -> 0.23 | I78: 0.88 | J78: =E78*G78*(1-H78)*1440/1000000*2.87 -> 55.275787 | K78: =(IF(G78<L78,L78,G78)*(1-IF(H78<N78,H78,N78))*E78*O78*Q78)/100000000 -> 60.593702 | L78: 1100 | M78: 847 | N78: =1-(M78/L78) -> 0.23 | O78: =+'Trim Rwd'!H56 -> 276 | P78: =O78*(Q78-R78-S78) -> 388884 | Q78: 1440 | R78: 0 | S78: 31 | T78: =E78*M78*O78*Q78/100000000 -> 60.593702 | U78: =E78*M78*O78*(Q78-R78-S78)/100000000 -> 59.289255 | V78: =E78*G78*(1-N78)*O78/100*(R78+S78)/1000000 -> 1.1443564 | W78: =+'18'!K34/1000 -> 51.193 | X78: =SUM(W78:W81)/SUM(K78:K81) -> 0.84485678 | Y78: 0 | Z78: 0 | AA78: =SUM(U78:U81)-SUM(W78:W81)-SUM(Z78:Z81)-SUM(Y78:Y81) -> 8.0962546 | AB78: =(SUM(K78:K81)-SUM(W78:W81)-SUM(Y78:Y81)-SUM(Z78:Z81)-SUM(AC78:AC81)-SUM(V78:V81))-AA78 -> 0.16009132 | AC78: =K78-T78 -> 0 | AD78: =+AM78+BA78 -> 0 | AE78: - Sheet Breaks (0x) | AF78: 0 | AM78: =SUM(AF78:AL78)+AT78+AV78+AX78 -> 0 | AR78: =SUM(AN78:AQ78) -> 0 | BA78: =+AR78+AS78+AU78+AW78+AY78+AZ78 -> 0 | BB78: 0
AD79: =+AM79+BA79 -> 4 | AE79: - Change Blade (1x) | AG79: 4 | AM79: =SUM(AF79:AL79)+AT79+AV79+AX79 -> 4 | AR79: =SUM(AN79:AQ79) -> 0 | BA79: =+AR79+AS79+AU79+AW79+AY79+AZ79 -> 0 | BC79: 1
AD80: =+AM80+BA80 -> 27 | AE80: - Change Spool (21x) | AH80: 27 | AM80: =SUM(AF80:AL80)+AT80+AV80+AX80 -> 27 | AR80: =SUM(AN80:AQ80) -> 0 | BA80: =+AR80+AS80+AU80+AW80+AY80+AZ80 -> 0
A82: 46010 | B82: Toilet | C82: =(M82*E82*O82*Q82)/100000000 -> 48.21593 | D82: VP OW | E82: 18 | F82: 1 | G82: 990 | H82: =+N82 -> 0.24589744 | I82: 0.88 | J82: =E82*G82*(1-H82)*1440/1000000*2.87 -> 55.537011 | K82: =(IF(G82<L82,L82,G82)*(1-IF(H82<N82,H82,N82))*E82*O82*Q82)/100000000 -> 48.21593 | L82: 1100 | M82: 829.51282 | N82: =1-(M82/L82) -> 0.24589744 | O82: =+'Trim Rwd'!H58 -> 276 | P82: =O82*(Q82-R82-S82) -> 317400 | Q82: 1170 | R82: 0 | S82: 20 | T82: =E82*M82*O82*Q82/100000000 -> 48.21593 | U82: =E82*M82*O82*(Q82-R82-S82)/100000000 -> 47.391726 | V82: =E82*G82*(1-N82)*O82/100*(R82+S82)/1000000 -> 0.74178354 | W82: =+'19'!K11/1000 -> 55.948 | X82: =SUM(W82:W85)/SUM(K82:K85) -> 0.95346615 | Y82: 0 | Z82: =+'19'!D34/1000 -> 0.683 | AA82: =SUM(U82:U85)-SUM(W82:W85)-SUM(Z82:Z85)-SUM(Y82:Y85) -> 0.95208166 | AB82: =(SUM(K82:K85)-SUM(W82:W85)-SUM(Y82:Y85)-SUM(Z82:Z85)-SUM(AC82:AC85)-SUM(V82:V85))-AA82 -> 0.096330794 | AC82: =K82-T82 -> 0 | AD82: =+AM82+BA82 -> 0 | AE82: - Sheet Breaks (0x) | AF82: 0 | AM82: =SUM(AF82:AL82)+AT82+AV82+AX82 -> 0 | AR82: =SUM(AN82:AQ82) -> 0 | BA82: =+AR82+AS82+AU82+AW82+AY82+AZ82 -> 0 | BB82: 0
B83: Toilet | C83: =(M83*E83*O83*Q83)/100000000 -> 10.462608 | D83: VP OW | E83: 16 | F83: 1 | G83: 1110 | H83: =+N83 -> 0.25 | I83: 0.88 | J83: =E83*G83*(1-H83)*1440/1000000*2.87 -> 55.048896 | K83: =(IF(G83<L83,L83,G83)*(1-IF(H83<N83,H83,N83))*E83*O83*Q83)/100000000 -> 10.462608 | L83: 1170 | M83: =+L83-L83*0.25 -> 877.5 | N83: =1-(M83/L83) -> 0.25 | O83: =+'Trim Rwd'!H59 -> 276 | P83: =O83*(Q83-R83-S83) -> 72588 | Q83: 270 | R83: 0 | S83: 7 | T83: =E83*M83*O83*Q83/100000000 -> 10.462608 | U83: =E83*M83*O83*(Q83-R83-S83)/100000000 -> 10.191355 | V83: =E83*G83*(1-N83)*O83/100*(R83+S83)/1000000 -> 0.2573424 | W83: =+'19'!K16/1000 -> 0 | AC83: =K83-T83 -> 0 | AD83: =+AM83+BA83 -> 2 | AE83: - Change Blade (2x) | AG83: 2 | AM83: =SUM(AF83:AL83)+AT83+AV83+AX83 -> 2 | AR83: =SUM(AN83:AQ83) -> 0 | BA83: =+AR83+AS83+AU83+AW83+AY83+AZ83 -> 0 | BC83: 2
AD84: =+AM84+BA84 -> 25 | AE84: - Change Spool (23x) | AH84: 25 | AM84: =SUM(AF84:AL84)+AT84+AV84+AX84 -> 25 | AR84: =SUM(AN84:AQ84) -> 0 | BA84: =+AR84+AS84+AU84+AW84+AY84+AZ84 -> 0
A86: 46011 | B86: Toilet | C86: =(M86*E86*O86*Q86)/100000000 -> 43.787952 | D86: VP OW | E86: 16 | F86: 1 | G86: 1110 | H86: =+N86 -> 0.25 | I86: 0.88 | J86: =E86*G86*(1-H86)*1440/1000000*2.87 -> 55.048896 | K86: =(IF(G86<L86,L86,G86)*(1-IF(H86<N86,H86,N86))*E86*O86*Q86)/100000000 -> 43.787952 | L86: 1170 | M86: =+L86-L86*0.25 -> 877.5 | N86: =1-(M86/L86) -> 0.25 | O86: =+'Trim Rwd'!H61 -> 276 | P86: =O86*(Q86-R86-S86) -> 306084 | Q86: 1130 | R86: 0 | S86: 21 | T86: =E86*M86*O86*Q86/100000000 -> 43.787952 | U86: =E86*M86*O86*(Q86-R86-S86)/100000000 -> 42.974194 | V86: =E86*G86*(1-N86)*O86/100*(R86+S86)/1000000 -> 0.7720272 | W86: =+'20'!K16/1000 -> 52.404 | X86: =SUM(W86:W89)/SUM(K86:K89) -> 1.0968476 | Y86: 0 | Z86: 0 | AA86: =SUM(U86:U89)-SUM(W86:W89)-SUM(Z86:Z89)-SUM(Y86:Y89) -> -6.4750224 | AB86: =(SUM(K86:K89)-SUM(W86:W89)-SUM(Y86:Y89)-SUM(Z86:Z89)-SUM(AC86:AC89)-SUM(V86:V89))-AA86 -> 0.0566352 | AC86: =K86-T86 -> 0 | AD86: =+AM86+BA86 -> 0 | AE86: - Sheet Breaks (0x) | AF86: 0 | AM86: =SUM(AF86:AL86)+AT86+AV86+AX86 -> 0 | AR86: =SUM(AN86:AQ86) -> 0 | BA86: =+AR86+AS86+AU86+AW86+AY86+AZ86 -> 0 | BB86: 0
B87: Toilet | C87: =(M87*E87*O87*Q87)/100000000 -> 12.224385 | D87: VP OW | E87: 15 | F87: 1 | G87: 1190 | H87: =+N87 -> 0.25 | I87: 0.88 | J87: =E87*G87*(1-H87)*1440/1000000*2.87 -> 55.32786 | K87: =(IF(G87<L87,L87,G87)*(1-IF(H87<N87,H87,N87))*E87*O87*Q87)/100000000 -> 12.224385 | L87: 1270 | M87: =+L87-L87*0.25 -> 952.5 | N87: =1-(M87/L87) -> 0.25 | O87: =+'Trim Rwd'!H62 -> 276 | P87: =O87*(Q87-R87-S87) -> 83904 | Q87: 310 | R87: 0 | S87: 6 | T87: =E87*M87*O87*Q87/100000000 -> 12.224385 | U87: =E87*M87*O87*(Q87-R87-S87)/100000000 -> 11.987784 | V87: =E87*G87*(1-N87)*O87/100*(R87+S87)/1000000 -> 0.221697 | W87: =+'20'!K17/1000 -> 7.677 | AC87: =K87-T87 -> 0 | AD87: =+AM87+BA87 -> 6 | AE87: - Change Blade (2x) | AG87: 6 | AM87: =SUM(AF87:AL87)+AT87+AV87+AX87 -> 6 | AR87: =SUM(AN87:AQ87) -> 0 | BA87: =+AR87+AS87+AU87+AW87+AY87+AZ87 -> 0 | BC87: 2
B88: Toilet | E88: 18 | W88: =+'20'!K11/1000 -> 1.356 | AD88: =+AM88+BA88 -> 21 | AE88: - Change Spool (25x) | AH88: 21 | AM88: =SUM(AF88:AL88)+AT88+AV88+AX88 -> 21 | AR88: =SUM(AN88:AQ88) -> 0 | BA88: =+AR88+AS88+AU88+AW88+AY88+AZ88 -> 0
A90: 46012 | B90: Toilet | C90: =(M90*E90*O90*Q90)/100000000 -> 56.78424 | D90: VP OW | E90: 15 | F90: 1 | G90: 1190 | H90: =+N90 -> 0.25 | I90: 0.88 | J90: =E90*G90*(1-H90)*1440/1000000*2.87 -> 55.32786 | K90: =(IF(G90<L90,L90,G90)*(1-IF(H90<N90,H90,N90))*E90*O90*Q90)/100000000 -> 56.78424 | L90: 1270 | M90: =+L90-L90*0.25 -> 952.5 | N90: =1-(M90/L90) -> 0.25 | O90: =+'Trim Rwd'!H65 -> 276 | P90: =O90*(Q90-R90-S90) -> 391092 | Q90: 1440 | R90: 0 | S90: 23 | T90: =E90*M90*O90*Q90/100000000 -> 56.78424 | U90: =E90*M90*O90*(Q90-R90-S90)/100000000 -> 55.877269 | V90: =E90*G90*(1-N90)*O90/100*(R90+S90)/1000000 -> 0.8498385 | W90: =+'21'!K34/1000 -> 49.656 | X90: =SUM(W90:W93)/SUM(K90:K93) -> 0.87446799 | Y90: 0 | Z90: 0 | AA90: =SUM(U90:U93)-SUM(W90:W93)-SUM(Z90:Z93)-SUM(Y90:Y93) -> 6.2212695 | AB90: =(SUM(K90:K93)-SUM(W90:W93)-SUM(Y90:Y93)-SUM(Z90:Z93)-SUM(AC90:AC93)-SUM(V90:V93))-AA90 -> 0.057132 | AC90: =K90-T90 -> 0 | AD90: =+AM90+BA90 -> 0 | AE90: - Sheet Breaks (0x) | AF90: 0 | AM90: =SUM(AF90:AL90)+AT90+AV90+AX90 -> 0 | AR90: =SUM(AN90:AQ90) -> 0 | BA90: =+AR90+AS90+AU90+AW90+AY90+AZ90 -> 0 | BB90: 0
AD91: =+AM91+BA91 -> 1 | AE91: - Change Blade (1x) | AG91: 1 | AM91: =SUM(AF91:AL91)+AT91+AV91+AX91 -> 1 | AR91: =SUM(AN91:AQ91) -> 0 | BA91: =+AR91+AS91+AU91+AW91+AY91+AZ91 -> 0 | BC91: 1
AD92: =+AM92+BA92 -> 22 | AE92: - Change Spool (24x) | AH92: 22 | AM92: =SUM(AF92:AL92)+AT92+AV92+AX92 -> 22 | AR92: =SUM(AN92:AQ92) -> 0 | BA92: =+AR92+AS92+AU92+AW92+AY92+AZ92 -> 0
A94: 46013 | B94: Toilet | C94: =(M94*E94*O94*Q94)/100000000 -> 48.306038 | D94: VP OW | E94: 15 | F94: 1 | G94: 1190 | H94: =+N94 -> 0.25 | I94: 0.88 | J94: =E94*G94*(1-H94)*1440/1000000*2.87 -> 55.32786 | K94: =(IF(G94<L94,L94,G94)*(1-IF(H94<N94,H94,N94))*E94*O94*Q94)/100000000 -> 48.306038 | L94: 1270 | M94: =+L94-L94*0.25 -> 952.5 | N94: =1-(M94/L94) -> 0.25 | O94: =+'Trim Rwd'!H67 -> 276 | P94: =O94*(Q94-R94-S94) -> 332028 | Q94: 1225 | R94: 0 | S94: 22 | T94: =E94*M94*O94*Q94/100000000 -> 48.306038 | U94: =E94*M94*O94*(Q94-R94-S94)/100000000 -> 47.438501 | V94: =E94*G94*(1-N94)*O94/100*(R94+S94)/1000000 -> 0.812889 | W94: =+'22'!K17/1000 -> 52.56 | X94: =SUM(W94:W97)/SUM(K94:K97) -> 0.98380913 | Y94: 0 | Z94: 0 | AA94: =SUM(U94:U97)-SUM(W94:W97)-SUM(Z94:Z97)-SUM(Y94:Y97) -> -0.029243094 | AB94: =(SUM(K94:K97)-SUM(W94:W97)-SUM(Y94:Y97)-SUM(Z94:Z97)-SUM(AC94:AC97)-SUM(V94:V97))-AA94 -> 0.056333813 | AC94: =K94-T94 -> 0 | AD94: =+AM94+BA94 -> 0 | AE94: - Sheet Breaks (0x) | AF94: 0 | AM94: =SUM(AF94:AL94)+AT94+AV94+AX94 -> 0 | AR94: =SUM(AN94:AQ94) -> 0 | BA94: =+AR94+AS94+AU94+AW94+AY94+AZ94 -> 0 | BB94: 0
B95: Toilet | C95: =(M95*E95*O95*Q95)/100000000 -> 8.155118 | D95: VP OW | E95: 13.5 | F95: 1 | G95: 1320 | H95: =+N95 -> 0.25 | I95: 0.88 | J95: =E95*G95*(1-H95)*1440/1000000*2.87 -> 55.234872 | K95: =(IF(G95<L95,L95,G95)*(1-IF(H95<N95,H95,N95))*E95*O95*Q95)/100000000 -> 8.155118 | L95: 1350 | M95: =+L95-L95*0.25 -> 1012.5 | N95: =1-(M95/L95) -> 0.25 | O95: =+'Trim Rwd'!H68 -> 277.5 | P95: =O95*(Q95-R95-S95) -> 59107.5 | Q95: 215 | R95: 0 | S95: 2 | T95: =E95*M95*O95*Q95/100000000 -> 8.155118 | U95: =E95*M95*O95*(Q95-R95-S95)/100000000 -> 8.0792564 | V95: =E95*G95*(1-N95)*O95/100*(R95+S95)/1000000 -> 0.07417575 | W95: =+'22'!K18/1000 -> 2.987 | AC95: =K95-T95 -> 0 | AD95: =+AM95+BA95 -> 2 | AE95: - Change Blade (1x) | AG95: 2 | AM95: =SUM(AF95:AL95)+AT95+AV95+AX95 -> 2 | AR95: =SUM(AN95:AQ95) -> 0 | BA95: =+AR95+AS95+AU95+AW95+AY95+AZ95 -> 0 | BC95: 1
AD96: =+AM96+BA96 -> 22 | AE96: - Change Spool (26x) | AH96: 22 | AM96: =SUM(AF96:AL96)+AT96+AV96+AX96 -> 22 | AR96: =SUM(AN96:AQ96) -> 0 | BA96: =+AR96+AS96+AU96+AW96+AY96+AZ96 -> 0
A98: 46014 | B98: Toilet | C98: =(M98*E98*O98*Q98)/100000000 -> 13.655081 | D98: VP OW | E98: 13.5 | F98: 1 | G98: 1320 | H98: =+N98 -> 0.25 | I98: 0.88 | J98: =E98*G98*(1-H98)*1440/1000000*2.87 -> 55.234872 | K98: =(IF(G98<L98,L98,G98)*(1-IF(H98<N98,H98,N98))*E98*O98*Q98)/100000000 -> 13.655081 | L98: 1350 | M98: 1012.5 | N98: =1-(M98/L98) -> 0.25 | O98: =+'Trim Rwd'!H70 -> 277.5 | P98: =O98*(Q98-R98-S98) -> 98235 | Q98: 360 | R98: 0 | S98: 6 | T98: =E98*M98*O98*Q98/100000000 -> 13.655081 | U98: =E98*M98*O98*(Q98-R98-S98)/100000000 -> 13.427497 | V98: =E98*G98*(1-N98)*O98/100*(R98+S98)/1000000 -> 0.22252725 | W98: =+'23'!K18/1000 -> 17.661 | X98: =SUM(W98:W101)/SUM(K98:K101) -> 0.91998201 | Y98: 0 | Z98: 0 | AA98: =SUM(U98:U101)-SUM(W98:W101)-SUM(Z98:Z101)-SUM(Y98:Y101) -> 3.493687 | AB98: =(SUM(K98:K101)-SUM(W98:W101)-SUM(Y98:Y101)-SUM(Z98:Z101)-SUM(AC98:AC101)-SUM(V98:V101))-AA98 -> 0.034772287 | AC98: =K98-T98 -> 0 | AD98: =+AM98+BA98 -> 0 | AE98: - Sheet Breaks (0x) | AF98: 0 | AM98: =SUM(AF98:AL98)+AT98+AV98+AX98 -> 0 | AR98: =SUM(AN98:AQ98) -> 0 | BA98: =+AR98+AS98+AU98+AW98+AY98+AZ98 -> 0 | BB98: 0
