Workbook

Sheet Report1
A3: PAPER MACHINE 14 DAILY REPORT 1
A6: Date | B6: Grade | C6: GSM | D6: Speed yankee (mpm) | E6: Speed reel (mpm) | F6: Creep ( % ) | G6: Real Eff PM ( % ) | H6: Real Eff PM vs Target (%) | I6: Real Eff FG vs Real Eff PM (%) | J6: Eff FG vs Target (%) | L6: Kapasitas Target (ton) | N6: Kapasitas Teori Real (ton) | P6: PM PROD Timbangan (TON) | R6: FINSHED GOODS (TON) | T6: GAS HOOD | Z6: STEAM (TON) | AF6: POWER (kWh) | BA6: Kapasitas Running (ton) | BC6: Eff FG vs Target Running(%)
T7: CONSUMPTION | V7: /TON PM. | X7: /TON FG. | Z7: CONSUMPTION | AB7: /TON PM. | AD7: /TON FG. | AF7: CONSUMPTION | AH7: /TON PM | AJ7: /TON FG | AL7: Gas based on report DCS | AO7: total | AP7: Flowmeter | AQ7: Selisih | AR7: % pengali | AU7: Adjust | AX7: PEMAKAIAN GAS
J8: TODAY | K8: TODATE | L8: TODAY | M8: TODATE | N8: TODAY | O8: TODATE | P8: TODAY | Q8: TODATE | R8: TODAY | S8: TODATE | T8: TODAY | U8: TODATE | V8: TODAY | W8: TODATE | X8: TODAY | Y8: TODATE | Z8: TODAY | AA8: TODATE | AB8: TODAY | AC8: TODATE | AD8: TODAY | AE8: TODATE | AF8: TODAY | AG8: TODATE | AH8: TODAY | AI8: TODATE | AJ8: TODAY | AK8: TODATE | AL8: 14 | AM8: 15 | AN8: 17 | AP8: PGN | AU8: 14 | AV8: 15 | AW8: 17 | AX8: 14 | AY8: 15 | AZ8: 17 | BA8: TODAY | BB8: TODATE | BC8: TODAY | BD8: TODATE
A9: 45839 | B9: Toilet/Facial | C9: 12,5/13 | D9: =+'1'!F42 -> 1200.9428 | E9: =+'1'!G42 -> 924.72597 | F9: =1-(E9/D9) -> 0.23 | G9: =+P9/N9 -> 0.85281324 | H9: =+P9/L9 -> 0.82669998 | I9: =+R9/P9 -> 0.9629347 | J9: =+R9/L9 -> 0.7960581 | K9: =+S9/M9 -> 0.7960581 | L9: =+SUM(Efficiency1!K6:K7) -> 44.383695 | M9: =L9 -> 44.383695 | N9: =+SUM(Efficiency1!C6:C7) -> 43.02466 | O9: =N9 -> 43.02466 | P9: ='1'!I38 -> 36.692 | Q9: =P9 -> 36.692 | R9: ='1'!I40 -> 35.332 | S9: =R9 -> 35.332 | T9: =+AX9 -> 3947.4227 | U9: =T9 -> 3947.4227 | V9: =T9/P9 -> 107.58265 | W9: =U9/Q9 -> 107.58265 | X9: =IF(AND(R9>0,T9>0),(T9/(R9*1000))*1000,0) -> 111.72373 | Y9: =IF(AND(S9>0,U9>0),U9/S9,0) -> 111.72373 | Z9: 57.7 | AA9: =Z9 -> 57.7 | AB9: =Z9/(P9) -> 1.5725499 | AC9: =AA9/(Q9) -> 1.5725499 | AD9: =IF(AND(R9>0,Z9>0),Z9/(R9),0) -> 1.6330805 | AE9: =IF(AND(S9>0,AA9>0),AA9/(S9),0) -> 1.6330805 | AF9: ='1'!I46 -> 36445.06 | AG9: =AF9 -> 36445.06 | AH9: =IF(AND(L9>0,AF9>0),(AF9/(P9*1000)*1000),0) -> 993.26992 | AI9: =IF(AND(M9>0,AG9>0),(AG9/(Q9*1000)*1000),0) -> 993.26992 | AJ9: =IF(AND(R9>0,AF9>0),(AF9/(R9*1000)*1000),0) -> 1031.5029 | AK9: =IF(AND(S9>0,AG9>0),(AG9/(S9*1000)*1000),0) -> 1031.5029 | AL9: 4106.3 | AM9: 4519.1 | AN9: 2767.4 | AO9: =SUM(AL9:AN9) -> 11392.8 | AP9: =+[1]Jul!N4 -> 10952 | AQ9: =+AP9-AO9 -> -440.8 | AR9: =+AL9/AO9 -> 0.36042939 | AS9: =+AM9/AO9 -> 0.3966628 | AT9: =1-AR9-AS9 -> 0.2429078 | AU9: =+AR9*AQ9 -> -158.87728 | AV9: =+AS9*AQ9 -> -174.84896 | AW9: =+AT9*AQ9 -> -107.07376 | AX9: =+AL9+AU9 -> 3947.4227 | AY9: =+AM9+AV9 -> 4344.251 | AZ9: =+AN9+AW9 -> 2660.3262 | BA9: =+SUM(Efficiency2!K6:K7) -> 42.010499 | BB9: =BA9 -> 42.010499 | BC9: =+R9/BA9 -> 0.84102785 | BD9: =+S9/BB9 -> 0.84102785
A10: =A9+1 -> 45840 | B10: Facial | C10: 13/12 | D10: =+'2'!F42 -> 1216.7306 | E10: =+'2'!G42 -> 936.88258 | F10: =1-(E10/D10) -> 0.23 | G10: =+P10/N10 -> 0.89628352 | H10: =+P10/L10 -> 0.8762102 | I10: =+R10/P10 -> 0.95528539 | J10: =+R10/L10 -> 0.8370308 | K10: =+S10/M10 -> 0.81659189 | L10: =+SUM(Efficiency1!K12:K13) -> 44.589757 | M10: =M9+L10 -> 88.973452 | N10: =+SUM(Efficiency1!C12:C13) -> 43.591117 | O10: =O9+N10 -> 86.615777 | P10: ='2'!I38 -> 39.07 | Q10: =Q9+P10 -> 75.762 | R10: ='2'!I40 -> 37.323 | S10: =S9+R10 -> 72.655 | T10: =+AX10 -> 3750.9815 | U10: =T10+U9 -> 7698.4042 | V10: =T10/P10 -> 96.006694 | W10: =U10/Q10 -> 101.613 | X10: =IF(AND(R10>0,T10>0),(T10/(R10*1000))*1000,0) -> 100.50054 | Y10: =IF(AND(S10>0,U10>0),U10/S10,0) -> 105.95835 | Z10: 59.3 | AA10: =Z10+AA9 -> 117 | AB10: =Z10/(P10) -> 1.5177886 | AC10: =AA10/(Q10) -> 1.5443098 | AD10: =IF(AND(R10>0,Z10>0),Z10/(R10),0) -> 1.5888326 | AE10: =IF(AND(S10>0,AA10>0),AA10/(S10),0) -> 1.6103503 | AF10: ='2'!I46 -> 34580.4 | AG10: =AF10+AG9 -> 71025.46 | AH10: =IF(AND(L10>0,AF10>0),(AF10/(P10*1000)*1000),0) -> 885.0883 | AI10: =IF(AND(M10>0,AG10>0),(AG10/(Q10*1000)*1000),0) -> 937.48132 | AJ10: =IF(AND(R10>0,AF10>0),(AF10/(R10*1000)*1000),0) -> 926.51716 | AK10: =IF(AND(S10>0,AG10>0),(AG10/(S10*1000)*1000),0) -> 977.57154 | AL10: 4230.4 | AM10: 4280.3 | AN10: 2831.7 | AO10: =SUM(AL10:AN10) -> 11342.4 | AP10: =+[1]Jul!N5 -> 10057 | AQ10: =+AP10-AO10 -> -1285.4 | AR10: =+AL10/AO10 -> 0.37297221 | AS10: =+AM10/AO10 -> 0.37737163 | AT10: =1-AR10-AS10 -> 0.24965616 | AU10: =+AR10*AQ10 -> -479.41848 | AV10: =+AS10*AQ10 -> -485.0735 | AW10: =+AT10*AQ10 -> -320.90802 | AX10: =+AL10+AU10 -> 3750.9815 | AY10: =+AM10+AV10 -> 3795.2265 | AZ10: =+AN10+AW10 -> 2510.792 | BA10: =+SUM(Efficiency1!K12:K13) -> 44.589757 | BB10: =BB9+BA10 -> 86.600256 | BC10: =+R10/BA10 -> 0.8370308 | BD10: =+S10/BB10 -> 0.8389698
A11: =A10+1 -> 45841 | B11: Facial | C11: 12 | D11: =+'3'!F42 -> 1230 | E11: =+'3'!G42 -> 947.1 | F11: =1-(E11/D11) -> 0.23 | G11: =+P11/N11 -> 0.96550133 | H11: =+P11/L11 -> 0.96550133 | I11: =+R11/P11 -> 0.9500191 | J11: =+R11/L11 -> 0.91724471 | K11: =+S11/M11 -> 0.84957779 | L11: =+Efficiency1!K17 -> 43.372286 | M11: =M10+L11 -> 132.34574 | N11: =+Efficiency1!C17 -> 43.372286 | O11: =O10+N11 -> 129.98806 | P11: ='3'!I38 -> 41.876 | Q11: =Q10+P11 -> 117.638 | R11: ='3'!I40 -> 39.783 | S11: =S10+R11 -> 112.438 | T11: =+AX11 -> 4079.1682 | U11: =T11+U10 -> 11777.572 | V11: =T11/P11 -> 97.410645 | W11: =U11/Q11 -> 100.11707 | X11: =IF(AND(R11>0,T11>0),(T11/(R11*1000))*1000,0) -> 102.53546 | Y11: =IF(AND(S11>0,U11>0),U11/S11,0) -> 104.74726 | Z11: 61.4 | AA11: =Z11+AA10 -> 178.4 | AB11: =Z11/(P11) -> 1.4662336 | AC11: =AA11/(Q11) -> 1.5165168 | AD11: =IF(AND(R11>0,Z11>0),Z11/(R11),0) -> 1.5433728 | AE11: =IF(AND(S11>0,AA11>0),AA11/(S11),0) -> 1.5866522 | AF11: ='3'!I46 -> 37132.28 | AG11: =AF11+AG10 -> 108157.74 | AH11: =IF(AND(L11>0,AF11>0),(AF11/(P11*1000)*1000),0) -> 886.71984 | AI11: =IF(AND(M11>0,AG11>0),(AG11/(Q11*1000)*1000),0) -> 919.41158 | AJ11: =IF(AND(R11>0,AF11>0),(AF11/(R11*1000)*1000),0) -> 933.37054 | AK11: =IF(AND(S11>0,AG11>0),(AG11/(S11*1000)*1000),0) -> 961.93226 | AL11: 4353.9 | AM11: 3740.6 | AN11: 3412.6 | AO11: =SUM(AL11:AN11) -> 11507.1 | AP11: =+[1]Jul!N6 -> 10781 | AQ11: =+AP11-AO11 -> -726.1 | AR11: =+AL11/AO11 -> 0.3783664 | AS11: =+AM11/AO11 -> 0.32506887 | AT11: =1-AR11-AS11 -> 0.29656473 | AU11: =+AR11*AQ11 -> -274.73184 | AV11: =+AS11*AQ11 -> -236.03251 | AW11: =+AT11*AQ11 -> -215.33565 | AX11: =+AL11+AU11 -> 4079.1682 | AY11: =+AM11+AV11 -> 3504.5675 | AZ11: =+AN11+AW11 -> 3197.2643 | BA11: =+Efficiency2!K17 -> 43.372286 | BB11: =BB10+BA11 -> 129.97254 | BC11: =+R11/BA11 -> 0.91724471 | BD11: =+S11/BB11 -> 0.86509041
A12: =A11+1 -> 45842 | B12: Facial | C12: 12 | D12: =+'4'!F42 -> 1230 | E12: =+'4'!G42 -> 947.1 | F12: =1-(E12/D12) -> 0.23 | G12: =+P12/N12 -> 0.97263559 | H12: =+P12/L12 -> 0.97263559 | I12: =+R12/P12 -> 0.9897029 | J12: =+R12/L12 -> 0.96262026 | K12: =+S12/M12 -> 0.87755786 | L12: =+Efficiency1!K21 -> 43.533262 | M12: =M11+L12 -> 175.879 | N12: =+Efficiency1!C21 -> 43.533262 | O12: =O11+N12 -> 173.52133 | P12: ='4'!I38 -> 42.342 | Q12: =Q11+P12 -> 159.98 | R12: ='4'!I40 -> 41.906 | S12: =S11+R12 -> 154.344 | T12: =+AX12 -> 4306.327 | U12: =T12+U11 -> 16083.899 | V12: =T12/P12 -> 101.70344 | W12: =U12/Q12 -> 100.53694 | X12: =IF(AND(R12>0,T12>0),(T12/(R12*1000))*1000,0) -> 102.76159 | Y12: =IF(AND(S12>0,U12>0),U12/S12,0) -> 104.20813 | Z12: 62.1 | AA12: =Z12+AA11 -> 240.5 | AB12: =Z12/(P12) -> 1.4666289 | AC12: =AA12/(Q12) -> 1.5033129 | AD12: =IF(AND(R12>0,Z12>0),Z12/(R12),0) -> 1.481888 | AE12: =IF(AND(S12>0,AA12>0),AA12/(S12),0) -> 1.5582076 | AF12: ='4'!I46 -> 38589.9 | AG12: =AF12+AG11 -> 146747.64 | AH12: =IF(AND(L12>0,AF12>0),(AF12/(P12*1000)*1000),0) -> 911.38586 | AI12: =IF(AND(M12>0,AG12>0),(AG12/(Q12*1000)*1000),0) -> 917.28741 | AJ12: =IF(AND(R12>0,AF12>0),(AF12/(R12*1000)*1000),0) -> 920.86813 | AK12: =IF(AND(S12>0,AG12>0),(AG12/(S12*1000)*1000),0) -> 950.78293 | AL12: 4368 | AM12: 1733.2 | AN12: 3623.1 | AO12: =SUM(AL12:AN12) -> 9724.3 | AP12: =+[1]Jul!N7 -> 9587 | AQ12: =+AP12-AO12 -> -137.3 | AR12: =+AL12/AO12 -> 0.449184 | AS12: =+AM12/AO12 -> 0.17823391 | AT12: =1-AR12-AS12 -> 0.37258209 | AU12: =+AR12*AQ12 -> -61.672964 | AV12: =+AS12*AQ12 -> -24.471516 | AW12: =+AT12*AQ12 -> -51.155521 | AX12: =+AL12+AU12 -> 4306.327 | AY12: =+AM12+AV12 -> 1708.7285 | AZ12: =+AN12+AW12 -> 3571.9445 | BA12: =+Efficiency2!K21 -> 43.533262 | BB12: =BB11+BA12 -> 173.5058 | BC12: =+R12/BA12 -> 0.96262026 | BD12: =+S12/BB12 -> 0.88956102
A13: =A12+1 -> 45843 | B13: Facial | C13: 12/12,5/13 | D13: =+'5'!F42 -> 1230 | E13: =+'5'!G42 -> 947.1 | F13: =1-(E13/D13) -> 0.23 | G13: =+P13/N13 -> 0.95649458 | H13: =+P13/L13 -> 0.95163911 | I13: =+R13/P13 -> 0.95503024 | J13: =+R13/L13 -> 0.90884413 | K13: =+S13/M13 -> 0.8839903 | L13: =+SUM(Efficiency1!K25:K27) -> 45.519357 | M13: =M12+L13 -> 221.39836 | N13: =+SUM(Efficiency1!C25:C27) -> 45.288286 | O13: =O12+N13 -> 218.80961 | P13: ='5'!I38 -> 43.318 | Q13: =Q12+P13 -> 203.298 | R13: ='5'!I40 -> 41.37 | S13: =S12+R13 -> 195.714 | T13: =+AX13 -> 4276.7356 | U13: =T13+U12 -> 20360.635 | V13: =T13/P13 -> 98.728833 | W13: =U13/Q13 -> 100.15167 | X13: =IF(AND(R13>0,T13>0),(T13/(R13*1000))*1000,0) -> 103.3777 | Y13: =IF(AND(S13>0,U13>0),U13/S13,0) -> 104.03259 | Z13: 61.7 | AA13: =Z13+AA12 -> 302.2 | AB13: =Z13/(P13) -> 1.4243502 | AC13: =AA13/(Q13) -> 1.4864878 | AD13: =IF(AND(R13>0,Z13>0),Z13/(R13),0) -> 1.4914189 | AE13: =IF(AND(S13>0,AA13>0),AA13/(S13),0) -> 1.5440898 | AF13: ='5'!I46 -> 39792.82 | AG13: =AF13+AG12 -> 186540.46 | AH13: =IF(AND(L13>0,AF13>0),(AF13/(P13*1000)*1000),0) -> 918.6209 | AI13: =IF(AND(M13>0,AG13>0),(AG13/(Q13*1000)*1000),0) -> 917.57155 | AJ13: =IF(AND(R13>0,AF13>0),(AF13/(R13*1000)*1000),0) -> 961.87624 | AK13: =IF(AND(S13>0,AG13>0),(AG13/(S13*1000)*1000),0) -> 953.12783 | AL13: 4484.7 | AM13: 4740.3 | AN13: 3681.5 | AO13: =SUM(AL13:AN13) -> 12906.5 | AP13: =+[1]Jul!N8 -> 12308 | AQ13: =+AP13-AO13 -> -598.5 | AR13: =+AL13/AO13 -> 0.34747608 | AS13: =+AM13/AO13 -> 0.36728005 | AT13: =1-AR13-AS13 -> 0.28524387 | AU13: =+AR13*AQ13 -> -207.96443 | AV13: =+AS13*AQ13 -> -219.81711 | AW13: =+AT13*AQ13 -> -170.71846 | AX13: =+AL13+AU13 -> 4276.7356 | AY13: =+AM13+AV13 -> 4520.4829 | AZ13: =+AN13+AW13 -> 3510.7815 | BA13: =+SUM(Efficiency2!K25:K27) -> 45.519357 | BB13: =BB12+BA13 -> 219.02516 | BC13: =+R13/BA13 -> 0.90884413 | BD13: =+S13/BB13 -> 0.89356857
A14: =A13+1 -> 45844 | B14: Facial | C14: 13 | D14: =+'6'!F42 -> 1230 | E14: =+'6'!G42 -> 947.1 | F14: =1-(E14/D14) -> 0.23 | G14: =+P14/N14 -> 0.93403464 | H14: =+P14/L14 -> 0.93403464 | I14: =+R14/P14 -> 0.97493995 | J14: =+R14/L14 -> 0.91062769 | K14: =+S14/M14 -> 0.88860181 | L14: =+Efficiency1!K29 -> 46.353741 | M14: =M13+L14 -> 267.7521 | N14: =+Efficiency1!C29 -> 46.353741 | O14: =O13+N14 -> 265.16335 | P14: ='6'!I38 -> 43.296 | Q14: =Q13+P14 -> 246.594 | R14: ='6'!I40 -> 42.211 | S14: =S13+R14 -> 237.925 | T14: =+AX14 -> 4134.0052 | U14: =T14+U13 -> 24494.64 | V14: =T14/P14 -> 95.482381 | W14: =U14/Q14 -> 99.331858 | X14: =IF(AND(R14>0,T14>0),(T14/(R14*1000))*1000,0) -> 97.936679 | Y14: =IF(AND(S14>0,U14>0),U14/S14,0) -> 102.9511 | Z14: 63 | AA14: =Z14+AA13 -> 365.2 | AB14: =Z14/(P14) -> 1.4550998 | AC14: =AA14/(Q14) -> 1.4809768 | AD14: =IF(AND(R14>0,Z14>0),Z14/(R14),0) -> 1.492502 | AE14: =IF(AND(S14>0,AA14>0),AA14/(S14),0) -> 1.5349375 | AF14: ='6'!I46 -> 37410.66 | AG14: =AF14+AG13 -> 223951.12 | AH14: =IF(AND(L14>0,AF14>0),(AF14/(P14*1000)*1000),0) -> 864.06735 | AI14: =IF(AND(M14>0,AG14>0),(AG14/(Q14*1000)*1000),0) -> 908.17749 | AJ14: =IF(AND(R14>0,AF14>0),(AF14/(R14*1000)*1000),0) -> 886.27751 | AK14: =IF(AND(S14>0,AG14>0),(AG14/(S14*1000)*1000),0) -> 941.26771 | AL14: 4368.5 | AM14: 4174.6 | AN14: 3873.4 | AO14: =SUM(AL14:AN14) -> 12416.5 | AP14: =+[1]Jul!N9 -> 11750 | AQ14: =+AP14-AO14 -> -666.5 | AR14: =+AL14/AO14 -> 0.35183023 | AS14: =+AM14/AO14 -> 0.33621391 | AT14: =1-AR14-AS14 -> 0.31195587 | AU14: =+AR14*AQ14 -> -234.49485 | AV14: =+AS14*AQ14 -> -224.08657 | AW14: =+AT14*AQ14 -> -207.91858 | AX14: =+AL14+AU14 -> 4134.0052 | AY14: =+AM14+AV14 -> 3950.5134 | AZ14: =+AN14+AW14 -> 3665.4814 | BA14: =+Efficiency2!K29 -> 46.353741 | BB14: =BB13+BA14 -> 265.3789 | BC14: =+R14/BA14 -> 0.91062769 | BD14: =+S14/BB14 -> 0.89654829
A15: =A14+1 -> 45845 | B15: Facial/Toilet | C15: 13/13 | D15: =+'7'!F42 -> 1196.9375 | E15: =+'7'!G42 -> 921.64188 | F15: =1-(E15/D15) -> 0.23 | G15: =+P15/N15 -> 0.94990754 | H15: =+P15/L15 -> 0.9245159 | I15: =+R15/P15 -> 0.95442182 | J15: =+R15/L15 -> 0.88237815 | K15: =+S15/M15 -> 0.8876939 | L15: =+SUM(Efficiency1!K33:K34) -> 45.73096 | M15: =M14+L15 -> 313.48306 | N15: =+SUM(Efficiency1!C33:C34) -> 44.508543 | O15: =O14+N15 -> 309.67189 | P15: ='7'!I38 -> 42.279 | Q15: =Q14+P15 -> 288.873 | R15: ='7'!I40 -> 40.352 | S15: =S14+R15 -> 278.277 | T15: =+AX15 -> 4151.3907 | U15: =T15+U14 -> 28646.031 | V15: =T15/P15 -> 98.190372 | W15: =U15/Q15 -> 99.164792 | X15: =IF(AND(R15>0,T15>0),(T15/(R15*1000))*1000,0) -> 102.87943 | Y15: =IF(AND(S15>0,U15>0),U15/S15,0) -> 102.94071 | Z15: 62.3 | AA15: =Z15+AA14 -> 427.5 | AB15: =Z15/(P15) -> 1.4735448 | AC15: =AA15/(Q15) -> 1.4798891 | AD15: =IF(AND(R15>0,Z15>0),Z15/(R15),0) -> 1.5439136 | AE15: =IF(AND(S15>0,AA15>0),AA15/(S15),0) -> 1.5362391 | AF15: ='7'!I46 -> 38100.62 | AG15: =AF15+AG14 -> 262051.74 | AH15: =IF(AND(L15>0,AF15>0),(AF15/(P15*1000)*1000),0) -> 901.17127 | AI15: =IF(AND(M15>0,AG15>0),(AG15/(Q15*1000)*1000),0) -> 907.15207 | AJ15: =IF(AND(R15>0,AF15>0),(AF15/(R15*1000)*1000),0) -> 944.20648 | AK15: =IF(AND(S15>0,AG15>0),(AG15/(S15*1000)*1000),0) -> 941.69385 | AL15: 4358.1 | AM15: 4068.7 | AN15: 3984.9 | AO15: =SUM(AL15:AN15) -> 12411.7 | AP15: =+[1]Jul!N10 -> 11823 | AQ15: =+AP15-AO15 -> -588.7 | AR15: =+AL15/AO15 -> 0.35112837 | AS15: =+AM15/AO15 -> 0.32781166 | AT15: =1-AR15-AS15 -> 0.32105997 | AU15: =+AR15*AQ15 -> -206.70927 | AV15: =+AS15*AQ15 -> -192.98273 | AW15: =+AT15*AQ15 -> -189.008 | AX15: =+AL15+AU15 -> 4151.3907 | AY15: =+AM15+AV15 -> 3875.7173 | AZ15: =+AN15+AW15 -> 3795.892 | BA15: =+SUM(Efficiency2!K33:K34) -> 45.73096 | BB15: =BB14+BA15 -> 311.10986 | BC15: =+R15/BA15 -> 0.88237815 | BD15: =+S15/BB15 -> 0.89446538
A16: =A15+1 -> 45846 | B16: Toilet | C16: 13 | D16: =+'8'!F42 -> 1220 | E16: =+'8'!G42 -> 976 | F16: =1-(E16/D16) -> 0.2 | G16: =+P16/N16 -> 0.90207072 | H16: =+P16/L16 -> 0.89473681 | I16: =+R16/P16 -> 0.91519811 | J16: =+R16/L16 -> 0.81886143 | K16: =+S16/M16 -> 0.87867824 | L16: =+Efficiency1!K37 -> 47.248531 | M16: =M15+L16 -> 360.73159 | N16: =+Efficiency1!C37 -> 46.864397 | O16: =O15+N16 -> 356.53629 | P16: ='8'!I38 -> 42.275 | Q16: =Q15+P16 -> 331.148 | R16: ='8'!I40 -> 38.69 | S16: =S15+R16 -> 316.967 | T16: =+AX16 -> 4353.7087 | U16: =T16+U15 -> 32999.74 | V16: =T16/P16 -> 102.98542 | W16: =U16/Q16 -> 99.652541 | X16: =IF(AND(R16>0,T16>0),(T16/(R16*1000))*1000,0) -> 112.52801 | Y16: =IF(AND(S16>0,U16>0),U16/S16,0) -> 104.11096 | Z16: 62.9 | AA16: =Z16+AA15 -> 490.4 | AB16: =Z16/(P16) -> 1.487877 | AC16: =AA16/(Q16) -> 1.4809088 | AD16: =IF(AND(R16>0,Z16>0),Z16/(R16),0) -> 1.6257431 | AE16: =IF(AND(S16>0,AA16>0),AA16/(S16),0) -> 1.5471642 | AF16: ='8'!I46 -> 36718.62 | AG16: =AF16+AG15 -> 298770.36 | AH16: =IF(AND(L16>0,AF16>0),(AF16/(P16*1000)*1000),0) -> 868.56582 | AI16: =IF(AND(M16>0,AG16>0),(AG16/(Q16*1000)*1000),0) -> 902.22607 | AJ16: =IF(AND(R16>0,AF16>0),(AF16/(R16*1000)*1000),0) -> 949.04678 | AK16: =IF(AND(S16>0,AG16>0),(AG16/(S16*1000)*1000),0) -> 942.59137 | AL16: 4555.2 | AM16: 4321.8 | AN16: 3907.5 | AO16: =SUM(AL16:AN16) -> 12784.5 | AP16: =+[1]Jul!N11 -> 12219 | AQ16: =+AP16-AO16 -> -565.5 | AR16: =+AL16/AO16 -> 0.35630646 | AS16: =+AM16/AO16 -> 0.33804998 | AT16: =1-AR16-AS16 -> 0.30564355 | AU16: =+AR16*AQ16 -> -201.49131 | AV16: =+AS16*AQ16 -> -191.16727 | AW16: =+AT16*AQ16 -> -172.84143 | AX16: =+AL16+AU16 -> 4353.7087 | AY16: =+AM16+AV16 -> 4130.6327 | AZ16: =+AN16+AW16 -> 3734.6586 | BA16: =+Efficiency2!K37 -> 47.248531 | BB16: =BB15+BA16 -> 358.35839 | BC16: =+R16/BA16 -> 0.81886143 | BD16: =+S16/BB16 -> 0.88449721
A17: =A16+1 -> 45847 | B17: Toilet | C17: 13 | D17: =+'9'!F42 -> 1210 | E17: =+'9'!G42 -> 931.7 | F17: =1-(E17/D17) -> 0.23 | G17: =+P17/N17 -> 1.0022317 | H17: =+P17/L17 -> 0.98593528 | I17: =+R17/P17 -> 1.027939 | J17: =+R17/L17 -> 1.0134814 | K17: =+S17/M17 -> 0.89354809 | L17: =+Efficiency1!K41 -> 44.725045 | M17: =M16+L17 -> 405.45664 | N17: =+Efficiency1!C41 -> 43.997809 | O17: =O16+N17 -> 400.5341 | P17: ='9'!I38 -> 44.096 | Q17: =Q16+P17 -> 375.244 | R17: ='9'!I40 -> 45.328 | S17: =S16+R17 -> 362.295 | T17: =+AX17 -> 4492.3171 | U17: =T17+U16 -> 37492.057 | V17: =T17/P17 -> 101.87584 | W17: =U17/Q17 -> 99.913807 | X17: =IF(AND(R17>0,T17>0),(T17/(R17*1000))*1000,0) -> 99.10689 | Y17: =IF(AND(S17>0,U17>0),U17/S17,0) -> 103.48489 | Z17: 62.3 | AA17: =Z17+AA16 -> 552.7 | AB17: =Z17/(P17) -> 1.4128266 | AC17: =AA17/(Q17) -> 1.4729083 | AD17: =IF(AND(R17>0,Z17>0),Z17/(R17),0) -> 1.3744264 | AE17: =IF(AND(S17>0,AA17>0),AA17/(S17),0) -> 1.5255524 | AF17: ='9'!I46 -> 36803.46 | AG17: =AF17+AG16 -> 335573.82 | AH17: =IF(AND(L17>0,AF17>0),(AF17/(P17*1000)*1000),0) -> 834.62128 | AI17: =IF(AND(M17>0,AG17>0),(AG17/(Q17*1000)*1000),0) -> 894.28164 | AJ17: =IF(AND(R17>0,AF17>0),(AF17/(R17*1000)*1000),0) -> 811.93655 | AK17: =IF(AND(S17>0,AG17>0),(AG17/(S17*1000)*1000),0) -> 926.24469 | AL17: 4750.3 | AM17: 4562.5 | AN17: 3791.9 | AO17: =SUM(AL17:AN17) -> 13104.7 | AP17: =+[1]Jul!N12 -> 12393 | AQ17: =+AP17-AO17 -> -711.7 | AR17: =+AL17/AO17 -> 0.36248827 | AS17: =+AM17/AO17 -> 0.34815753 | AT17: =1-AR17-AS17 -> 0.2893542 | AU17: =+AR17*AQ17 -> -257.9829 | AV17: =+AS17*AQ17 -> -247.78372 | AW17: =+AT17*AQ17 -> -205.93338 | AX17: =+AL17+AU17 -> 4492.3171 | AY17: =+AM17+AV17 -> 4314.7163 | AZ17: =+AN17+AW17 -> 3585.9666 | BA17: =+Efficiency2!K41 -> 44.725045 | BB17: =BB16+BA17 -> 403.08344 | BC17: =+R17/BA17 -> 1.0134814 | BD17: =+S17/BB17 -> 0.89880894
A18: =A17+1 -> 45848 | B18: Toilet | C18: 13 | D18: =+'10'!F42 -> 1187.125 | E18: =+'10'!G42 -> 926.08625 | F18: =1-(E18/D18) -> 0.21989154 | G18: =+P18/N18 -> 0.94671419 | H18: =+P18/L18 -> 0.91371389 | I18: =+R18/P18 -> 1.0348151 | J18: =+R18/L18 -> 0.94552493 | K18: =+S18/M18 -> 0.89884313 | L18: =+Efficiency1!K45 -> 45.990326 | M18: =M17+L18 -> 451.44696 | N18: =+Efficiency1!C45 -> 44.387208 | O18: =O17+N18 -> 444.92131 | P18: ='10'!I38 -> 42.022 | Q18: =Q17+P18 -> 417.266 | R18: ='10'!I40 -> 43.485 | S18: =S17+R18 -> 405.78 | T18: =+AX18 -> 4345.6713 | U18: =T18+U17 -> 41837.728 | V18: =T18/P18 -> 103.4142 | W18: =U18/Q18 -> 100.26632 | X18: =IF(AND(R18>0,T18>0),(T18/(R18*1000))*1000,0) -> 99.934951 | Y18: =IF(AND(S18>0,U18>0),U18/S18,0) -> 103.10446 | Z18: 65.5 | AA18: =Z18+AA17 -> 618.2 | AB18: =Z18/(P18) -> 1.5587073 | AC18: =AA18/(Q18) -> 1.4815489 | AD18: =IF(AND(R18>0,Z18>0),Z18/(R18),0) -> 1.5062665 | AE18: =IF(AND(S18>0,AA18>0),AA18/(S18),0) -> 1.5234856 | AF18: ='10'!I46 -> 36389.82 | AG18: =AF18+AG17 -> 371963.64 | AH18: =IF(AND(L18>0,AF18>0),(AF18/(P18*1000)*1000),0) -> 865.97068 | AI18: =IF(AND(M18>0,AG18>0),(AG18/(Q18*1000)*1000),0) -> 891.4305 | AJ18: =IF(AND(R18>0,AF18>0),(AF18/(R18*1000)*1000),0) -> 836.83615 | AK18: =IF(AND(S18>0,AG18>0),(AG18/(S18*1000)*1000),0) -> 916.66332 | AL18: 4567.5 | AM18: 4709.7 | AN18: 3937.6 | AO18: =SUM(AL18:AN18) -> 13214.8 | AP18: =+[1]Jul!N13 -> 12573 | AQ18: =+AP18-AO18 -> -641.8 | AR18: =+AL18/AO18 -> 0.3456352 | AS18: =+AM18/AO18 -> 0.35639586 | AT18: =1-AR18-AS18 -> 0.29796894 | AU18: =+AR18*AQ18 -> -221.82867 | AV18: =+AS18*AQ18 -> -228.73486 | AW18: =+AT18*AQ18 -> -191.23647 | AX18: =+AL18+AU18 -> 4345.6713 | AY18: =+AM18+AV18 -> 4480.9651 | AZ18: =+AN18+AW18 -> 3746.3635 | BA18: =+Efficiency2!K45 -> 45.990326 | BB18: =BB17+BA18 -> 449.07377 | BC18: =+R18/BA18 -> 0.94552493 | BD18: =+S18/BB18 -> 0.9035932
A19: =A18+1 -> 45849 | B19: Toilet | C19: 13 | D19: =+'11'!F42 -> 1200.6042 | E19: =+'11'!G42 -> 924.46521 | F19: =1-(E19/D19) -> 0.23 | G19: =+P19/N19 -> 0.93868282 | H19: =+P19/L19 -> 0.91624919 | I19: =+R19/P19 -> 1.0331189 | J19: =+R19/L19 -> 0.94659439 | K19: =+S19/M19 -> 0.90321316 | L19: =+Efficiency1!K49 -> 45.476711 | M19: =M18+L19 -> 496.92367 | N19: =+Efficiency1!C49 -> 44.389861 | O19: =O18+N19 -> 489.31117 | P19: ='11'!I38 -> 41.668 | Q19: =Q18+P19 -> 458.934 | R19: ='11'!I40 -> 43.048 | S19: =S18+R19 -> 448.828 | T19: =+AX19 -> 4442.0066 | U19: =T19+U18 -> 46279.735 | V19: =T19/P19 -> 106.60475 | W19: =U19/Q19 -> 100.84181 | X19: =IF(AND(R19>0,T19>0),(T19/(R19*1000))*1000,0) -> 103.18729 | Y19: =IF(AND(S19>0,U19>0),U19/S19,0) -> 103.11241 | Z19: 66.6 | AA19: =Z19+AA18 -> 684.8 | AB19: =Z19/(P19) -> 1.5983489 | AC19: =AA19/(Q19) -> 1.4921536 | AD19: =IF(AND(R19>0,Z19>0),Z19/(R19),0) -> 1.5471102 | AE19: =IF(AND(S19>0,AA19>0),AA19/(S19),0) -> 1.5257515 | AF19: ='11'!I46 -> 37610.1 | AG19: =AF19+AG18 -> 409573.74 | AH19: =IF(AND(L19>0,AF19>0),(AF19/(P19*1000)*1000),0) -> 902.61352 | AI19: =IF(AND(M19>0,AG19>0),(AG19/(Q19*1000)*1000),0) -> 892.44584 | AJ19: =IF(AND(R19>0,AF19>0),(AF19/(R19*1000)*1000),0) -> 873.67822 | AK19: =IF(AND(S19>0,AG19>0),(AG19/(S19*1000)*1000),0) -> 912.54053 | AL19: 4660 | AM19: 4924.2 | AN19: 3975.1 | AO19: =SUM(AL19:AN19) -> 13559.3 | AP19: =+[1]Jul!N14 -> 12925 | AQ19: =+AP19-AO19 -> -634.3 | AR19: =+AL19/AO19 -> 0.34367556 | AS19: =+AM19/AO19 -> 0.36316034 | AT19: =1-AR19-AS19 -> 0.2931641 | AU19: =+AR19*AQ19 -> -217.99341 | AV19: =+AS19*AQ19 -> -230.3526 | AW19: =+AT19*AQ19 -> -185.95399 | AX19: =+AL19+AU19 -> 4442.0066 | AY19: =+AM19+AV19 -> 4693.8474 | AZ19: =+AN19+AW19 -> 3789.146 | BA19: =+Efficiency1!K49 -> 45.476711 | BB19: =BB18+BA19 -> 494.55048 | BC19: =+R19/BA19 -> 0.94659439 | BD19: =+S19/BB19 -> 0.9075474
A20: =A19+1 -> 45850 | B20: Toilet | C20: 13 | D20: =+'12'!F42 -> 1200 | E20: =+'12'!G42 -> 932 | F20: =1-(E20/D20) -> 0.22333333 | G20: =+P20/N20 -> 1.0431792 | H20: =+P20/L20 -> 1.0177358 | I20: =+R20/P20 -> 0.93222517 | J20: =+R20/L20 -> 0.94875897 | K20: =+S20/M20 -> 0.90706214 | L20: =+Efficiency1!K53 -> 45.870449 | M20: =M19+L20 -> 542.79412 | N20: =+Efficiency1!C53 -> 44.751658 | O20: =O19+N20 -> 534.06283 | P20: ='12'!I38 -> 46.684 | Q20: =Q19+P20 -> 505.618 | R20: ='12'!I40 -> 43.52 | S20: =S19+R20 -> 492.348 | T20: =+AX20 -> 4270.4265 | U20: =T20+U19 -> 50550.161 | V20: =T20/P20 -> 91.475162 | W20: =U20/Q20 -> 99.976981 | X20: =IF(AND(R20>0,T20>0),(T20/(R20*1000))*1000,0) -> 98.125608 | Y20: =IF(AND(S20>0,U20>0),U20/S20,0) -> 102.67161 | Z20: 66.9 | AA20: =Z20+AA19 -> 751.7 | AB20: =Z20/(P20) -> 1.4330392 | AC20: =AA20/(Q20) -> 1.4866955 | AD20: =IF(AND(R20>0,Z20>0),Z20/(R20),0) -> 1.5372243 | AE20: =IF(AND(S20>0,AA20>0),AA20/(S20),0) -> 1.5267656 | AF20: ='12'!I46 -> 37292.42 | AG20: =AF20+AG19 -> 446866.16 | AH20: =IF(AND(L20>0,AF20>0),(AF20/(P20*1000)*1000),0) -> 798.82658 | AI20: =IF(AND(M20>0,AG20>0),(AG20/(Q20*1000)*1000),0) -> 883.80192 | AJ20: =IF(AND(R20>0,AF20>0),(AF20/(R20*1000)*1000),0) -> 856.90303 | AK20: =IF(AND(S20>0,AG20>0),(AG20/(S20*1000)*1000),0) -> 907.62258 | AL20: 4613.2 | AM20: 4892.6 | AN20: 4098 | AO20: =SUM(AL20:AN20) -> 13603.8 | AP20: =+[1]Jul!N15 -> 12593 | AQ20: =+AP20-AO20 -> -1010.8 | AR20: =+AL20/AO20 -> 0.33911113 | AS20: =+AM20/AO20 -> 0.35964951 | AT20: =1-AR20-AS20 -> 0.30123936 | AU20: =+AR20*AQ20 -> -342.77353 | AV20: =+AS20*AQ20 -> -363.53372 | AW20: =+AT20*AQ20 -> -304.49274 | AX20: =+AL20+AU20 -> 4270.4265 | AY20: =+AM20+AV20 -> 4529.0663 | AZ20: =+AN20+AW20 -> 3793.5073 | BA20: =+Efficiency2!K53 -> 45.870449 | BB20: =BB19+BA20 -> 540.42093 | BC20: =+R20/BA20 -> 0.94875897 | BD20: =+S20/BB20 -> 0.9110454
A21: =A20+1 -> 45851 | B21: Toilet | C21: 13/11,5 | D21: =+'13'!F42 -> 1225.5765 | E21: =+'13'!G42 -> 945.68335 | F21: =1-(E21/D21) -> 0.22837672 | G21: =+P21/N21 -> 0.9245531 | H21: =+P21/L21 -> 0.9214304 | I21: =+R21/P21 -> 0.97315962 | J21: =+R21/L21 -> 0.89669886 | K21: =+S21/M21 -> 0.90627991 | L21: =+SUM(Efficiency1!K57:K58) -> 44.315881 | M21: =M20+L21 -> 587.11 | N21: =+SUM(Efficiency1!C57:C58) -> 44.166203 | O21: =O20+N21 -> 578.22903 | P21: ='13'!I38 -> 40.834 | Q21: =Q20+P21 -> 546.452 | R21: ='13'!I40 -> 39.738 | S21: =S20+R21 -> 532.086 | T21: =+AX21 -> 3965.377 | U21: =T21+U20 -> 54515.538 | V21: =T21/P21 -> 97.109687 | W21: =U21/Q21 -> 99.76272 | X21: =IF(AND(R21>0,T21>0),(T21/(R21*1000))*1000,0) -> 99.788036 | Y21: =IF(AND(S21>0,U21>0),U21/S21,0) -> 102.45625 | Z21: 60.5 | AA21: =Z21+AA20 -> 812.2 | AB21: =Z21/(P21) -> 1.4816085 | AC21: =AA21/(Q21) -> 1.4863154 | AD21: =IF(AND(R21>0,Z21>0),Z21/(R21),0) -> 1.5224722 | AE21: =IF(AND(S21>0,AA21>0),AA21/(S21),0) -> 1.526445 | AF21: ='13'!I46 -> 34840.26 | AG21: =AF21+AG20 -> 481706.42 | AH21: =IF(AND(L21>0,AF21>0),(AF21/(P21*1000)*1000),0) -> 853.21693 | AI21: =IF(AND(M21>0,AG21>0),(AG21/(Q21*1000)*1000),0) -> 881.51644 | AJ21: =IF(AND(R21>0,AF21>0),(AF21/(R21*1000)*1000),0) -> 876.74921 | AK21: =IF(AND(S21>0,AG21>0),(AG21/(S21*1000)*1000),0) -> 905.31685 | AL21: 4139.7 | AM21: 4901.5 | AN21: 4114.8 | AO21: =SUM(AL21:AN21) -> 13156 | AP21: =+[1]Jul!N16 -> 12602 | AQ21: =+AP21-AO21 -> -554 | AR21: =+AL21/AO21 -> 0.31466251 | AS21: =+AM21/AO21 -> 0.37256765 | AT21: =1-AR21-AS21 -> 0.31276984 | AU21: =+AR21*AQ21 -> -174.32303 | AV21: =+AS21*AQ21 -> -206.40248 | AW21: =+AT21*AQ21 -> -173.27449 | AX21: =+AL21+AU21 -> 3965.377 | AY21: =+AM21+AV21 -> 4695.0975 | AZ21: =+AN21+AW21 -> 3941.5255 | BA21: =+SUM(Efficiency2!K57:K58) -> 44.315881 | BB21: =BB20+BA21 -> 584.73681 | BC21: =+R21/BA21 -> 0.89669886 | BD21: =+S21/BB21 -> 0.90995811
A22: =A21+1 -> 45852 | B22: Facial | C22: 12 | D22: =+'14'!F42 -> 967.5226 | E22: =+'14'!G42 -> 744.99241 | F22: =1-(E22/D22) -> 0.23 | G22: =+P22/N22 -> 0.36059475 | H22: =+P22/L22 -> 0.28364518 | I22: =+R22/P22 -> 0.86240687 | J22: =+R22/L22 -> 0.24461755 | K22: =+S22/M22 -> 0.8606054 | L22: =+Efficiency1!K62 -> 43.533262 | M22: =M21+L22 -> 630.64326 | N22: =+Efficiency1!C62 -> 34.243427 | O22: =O21+N22 -> 612.47246 | P22: ='14'!I38 -> 12.348 | Q22: =Q21+P22 -> 558.8 | R22: ='14'!I40 -> 10.649 | S22: =S21+R22 -> 542.735 | T22: =+AX22 -> 1533.3189 | U22: =T22+U21 -> 56048.857 | V22: =T22/P22 -> 124.17549 | W22: =U22/Q22 -> 100.30218 | X22: =IF(AND(R22>0,T22>0),(T22/(R22*1000))*1000,0) -> 143.98713 | Y22: =IF(AND(S22>0,U22>0),U22/S22,0) -> 103.27113 | Z22: 28.3 | AA22: =Z22+AA21 -> 840.5 | AB22: =Z22/(P22) -> 2.2918691 | AC22: =AA22/(Q22) -> 1.504116 | AD22: =IF(AND(R22>0,Z22>0),Z22/(R22),0) -> 2.6575265 | AE22: =IF(AND(S22>0,AA22>0),AA22/(S22),0) -> 1.5486379 | AF22: ='14'!I46 -> 16139.64 | AG22: =AF22+AG21 -> 497846.06 | AH22: =IF(AND(L22>0,AF22>0),(AF22/(P22*1000)*1000),0) -> 1307.0651 | AI22: =IF(AND(M22>0,AG22>0),(AG22/(Q22*1000)*1000),0) -> 890.91994 | AJ22: =IF(AND(R22>0,AF22>0),(AF22/(R22*1000)*1000),0) -> 1515.6015 | AK22: =IF(AND(S22>0,AG22>0),(AG22/(S22*1000)*1000),0) -> 917.29124 | AL22: 1590.4 | AM22: 4915.1 | AN22: 4043.1 | AO22: =SUM(AL22:AN22) -> 10548.6 | AP22: =+[1]Jul!N17 -> 10170 | AQ22: =+AP22-AO22 -> -378.6 | AR22: =+AL22/AO22 -> 0.15076882 | AS22: =+AM22/AO22 -> 0.46594809 | AT22: =1-AR22-AS22 -> 0.38328309 | AU22: =+AR22*AQ22 -> -57.081076 | AV22: =+AS22*AQ22 -> -176.40795 | AW22: =+AT22*AQ22 -> -145.11098 | AX22: =+AL22+AU22 -> 1533.3189 | AY22: =+AM22+AV22 -> 4738.6921 | AZ22: =+AN22+AW22 -> 3897.989 | BA22: =+Efficiency2!K62 -> 43.533262 | BB22: =BB21+BA22 -> 628.27007 | BC22: =+R22/BA22 -> 0.24461755 | BD22: =+S22/BB22 -> 0.86385621
A23: =A22+1 -> 45853 | B23: Facial | C23: 12/13 | D23: =+'15'!F42 -> 1146.8611 | E23: =+'15'!G42 -> 883.08306 | F23: =1-(E23/D23) -> 0.23 | G23: =+P23/N23 -> 0.99295494 | H23: =+P23/L23 -> 0.91500073 | I23: =+R23/P23 -> 0.93511867 | J23: =+R23/L23 -> 0.85563427 | K23: =+S23/M23 -> 0.86026052 | L23: =+SUM(Efficiency1!K67:K68) -> 47.013077 | M23: =M22+L23 -> 677.65634 | N23: =+SUM(Efficiency1!C67:C68) -> 43.322208 | O23: =O22+N23 -> 655.79467 | P23: ='15'!I38 -> 43.017 | Q23: =Q22+P23 -> 601.817 | R23: ='15'!I40 -> 40.226 | S23: =S22+R23 -> 582.961 | T23: =+AX23 -> 4134.2351 | U23: =T23+U22 -> 60183.092 | V23: =T23/P23 -> 96.107007 | W23: =U23/Q23 -> 100.00231 | X23: =IF(AND(R23>0,T23>0),(T23/(R23*1000))*1000,0) -> 102.7752 | Y23: =IF(AND(S23>0,U23>0),U23/S23,0) -> 103.23691 | Z23: 60.6 | AA23: =Z23+AA22 -> 901.1 | AB23: =Z23/(P23) -> 1.4087454 | AC23: =AA23/(Q23) -> 1.497299 | AD23: =IF(AND(R23>0,Z23>0),Z23/(R23),0) -> 1.5064883 | AE23: =IF(AND(S23>0,AA23>0),AA23/(S23),0) -> 1.5457295 | AF23: ='15'!I46 -> 36531.46 | AG23: =AF23+AG22 -> 534377.52 | AH23: =IF(AND(L23>0,AF23>0),(AF23/(P23*1000)*1000),0) -> 849.23309 | AI23: =IF(AND(M23>0,AG23>0),(AG23/(Q23*1000)*1000),0) -> 887.94022 | AJ23: =IF(AND(R23>0,AF23>0),(AF23/(R23*1000)*1000),0) -> 908.15542 | AK23: =IF(AND(S23>0,AG23>0),(AG23/(S23*1000)*1000),0) -> 916.66084 | AL23: 4372.1 | AM23: 5394.7 | AN23: 3972.7 | AO23: =SUM(AL23:AN23) -> 13739.5 | AP23: =+[1]Jul!N18 -> 12992 | AQ23: =+AP23-AO23 -> -747.5 | AR23: =+AL23/AO23 -> 0.31821391 | AS23: =+AM23/AO23 -> 0.39264165 | AT23: =1-AR23-AS23 -> 0.28914444 | AU23: =+AR23*AQ23 -> -237.8649 | AV23: =+AS23*AQ23 -> -293.49964 | AW23: =+AT23*AQ23 -> -216.13547 | AX23: =+AL23+AU23 -> 4134.2351 | AY23: =+AM23+AV23 -> 5101.2004 | AZ23: =+AN23+AW23 -> 3756.5645 | BA23: =+SUM(Efficiency2!K67:K68) -> 47.013077 | BB23: =BB22+BA23 -> 675.28315 | BC23: =+R23/BA23 -> 0.85563427 | BD23: =+S23/BB23 -> 0.8632838
A24: =A23+1 -> 45854 | B24: Facial | C24: 13 | D24: =+'16'!F42 -> 1230 | E24: =+'16'!G42 -> 947.1 | F24: =1-(E24/D24) -> 0.23 | G24: =+P24/N24 -> 0.95549421 | H24: =+P24/L24 -> 0.95549421 | I24: =+R24/P24 -> 0.98654987 | J24: =+R24/L24 -> 0.94264269 | K24: =+S24/M24 -> 0.86544602 | L24: =+Efficiency1!K71 -> 45.519899 | M24: =M23+L24 -> 723.17624 | N24: =+Efficiency1!C71 -> 45.519899 | O24: =O23+N24 -> 701.31456 | P24: ='16'!I38 -> 43.494 | Q24: =Q23+P24 -> 645.311 | R24: ='16'!I40 -> 42.909 | S24: =S23+R24 -> 625.87 | T24: =+AX24 -> 4221.3948 | U24: =T24+U23 -> 64404.487 | V24: =T24/P24 -> 97.056947 | W24: =U24/Q24 -> 99.803795 | X24: =IF(AND(R24>0,T24>0),(T24/(R24*1000))*1000,0) -> 98.380173 | Y24: =IF(AND(S24>0,U24>0),U24/S24,0) -> 102.90394 | Z24: 60.2 | AA24: =Z24+AA23 -> 961.3 | AB24: =Z24/(P24) -> 1.384099 | AC24: =AA24/(Q24) -> 1.4896693 | AD24: =IF(AND(R24>0,Z24>0),Z24/(R24),0) -> 1.4029691 | AE24: =IF(AND(S24>0,AA24>0),AA24/(S24),0) -> 1.535942 | AF24: ='16'!I46 -> 37673.26 | AG24: =AF24+AG23 -> 572050.78 | AH24: =IF(AND(L24>0,AF24>0),(AF24/(P24*1000)*1000),0) -> 866.17143 | AI24: =IF(AND(M24>0,AG24>0),(AG24/(Q24*1000)*1000),0) -> 886.473 | AJ24: =IF(AND(R24>0,AF24>0),(AF24/(R24*1000)*1000),0) -> 877.98038 | AK24: =IF(AND(S24>0,AG24>0),(AG24/(S24*1000)*1000),0) -> 914.00895 | AL24: 4442.4 | AM24: 5087.9 | AN24: =1317.09+1307.39+1321.66 -> 3946.14 | AO24: =SUM(AL24:AN24) -> 13476.44 | AP24: =+[1]Jul!N19 -> 12806 | AQ24: =+AP24-AO24 -> -670.44 | AR24: =+AL24/AO24 -> 0.32964195 | AS24: =+AM24/AO24 -> 0.37754036 | AT24: =1-AR24-AS24 -> 0.29281769 | AU24: =+AR24*AQ24 -> -221.00515 | AV24: =+AS24*AQ24 -> -253.11816 | AW24: =+AT24*AQ24 -> -196.31669 | AX24: =+AL24+AU24 -> 4221.3948 | AY24: =+AM24+AV24 -> 4834.7818 | AZ24: =+AN24+AW24 -> 3749.8233 | BA24: =+Efficiency2!K71 -> 45.519899 | BB24: =BB23+BA24 -> 720.80305 | BC24: =+R24/BA24 -> 0.94264269 | BD24: =+S24/BB24 -> 0.86829544
A25: =A24+1 -> 45855 | B25: Facial | C25: 13 | D25: =+'17'!F42 -> 1230 | E25: =+'17'!G42 -> 947.1 | F25: =1-(E25/D25) -> 0.23 | G25: =+P25/N25 -> 0.99211331 | H25: =+P25/L25 -> 0.99211331 | I25: =+R25/P25 -> 0.96144317 | J25: =+R25/L25 -> 0.95386057 | K25: =+S25/M25 -> 0.87068659 | L25: =+Efficiency1!K75 -> 45.56536 | M25: =M24+L25 -> 768.7416 | N25: =+Efficiency1!C75 -> 45.56536 | O25: =O24+N25 -> 746.87992 | P25: ='17'!I38 -> 45.206 | Q25: =Q24+P25 -> 690.517 | R25: ='17'!I40 -> 43.463 | S25: =S24+R25 -> 669.333 | T25: =+AX25 -> 4001.3637 | U25: =T25+U24 -> 68405.851 | V25: =T25/P25 -> 88.513997 | W25: =U25/Q25 -> 99.064687 | X25: =IF(AND(R25>0,T25>0),(T25/(R25*1000))*1000,0) -> 92.06368 | Y25: =IF(AND(S25>0,U25>0),U25/S25,0) -> 102.20003 | Z25: 61.9 | AA25: =Z25+AA24 -> 1023.2 | AB25: =Z25/(P25) -> 1.3692873 | AC25: =AA25/(Q25) -> 1.4817883 | AD25: =IF(AND(R25>0,Z25>0),Z25/(R25),0) -> 1.4241999 | AE25: =IF(AND(S25>0,AA25>0),AA25/(S25),0) -> 1.528686 | AF25: ='17'!I46 -> 37665.5 | AG25: =AF25+AG24 -> 609716.28 | AH25: =IF(AND(L25>0,AF25>0),(AF25/(P25*1000)*1000),0) -> 833.19692 | AI25: =IF(AND(M25>0,AG25>0),(AG25/(Q25*1000)*1000),0) -> 882.98518 | AJ25: =IF(AND(R25>0,AF25>0),(AF25/(R25*1000)*1000),0) -> 866.61068 | AK25: =IF(AND(S25>0,AG25>0),(AG25/(S25*1000)*1000),0) -> 910.93115 | AL25: 4224.4 | AM25: 5101.5 | AN25: 3898.3 | AO25: =SUM(AL25:AN25) -> 13224.2 | AP25: =+[1]Jul!N20 -> 12526 | AQ25: =+AP25-AO25 -> -698.2 | AR25: =+AL25/AO25 -> 0.31944465 | AS25: =+AM25/AO25 -> 0.38577003 | AT25: =1-AR25-AS25 -> 0.29478532 | AU25: =+AR25*AQ25 -> -223.03626 | AV25: =+AS25*AQ25 -> -269.34463 | AW25: =+AT25*AQ25 -> -205.81911 | AX25: =+AL25+AU25 -> 4001.3637 | AY25: =+AM25+AV25 -> 4832.1554 | AZ25: =+AN25+AW25 -> 3692.4809 | BA25: =+Efficiency2!K75 -> 45.56536 | BB25: =BB24+BA25 -> 766.36841 | BC25: =+R25/BA25 -> 0.95386057 | BD25: =+S25/BB25 -> 0.87338282
A26: =A25+1 -> 45856 | B26: Facial/Toilet | C26: 13/15 | D26: =+'18'!F42 -> 1206.0417 | E26: =+'18'!G42 -> 928.65208 | F26: =1-(E26/D26) -> 0.23 | G26: =+P26/N26 -> 0.96245898 | H26: =+P26/L26 -> 0.95015601 | I26: =+R26/P26 -> 1.0029733 | J26: =+R26/L26 -> 0.95298114 | K26: =+S26/M26 -> 0.87553627 | L26: =+SUM(Efficiency1!K79:K80) -> 48.139463 | M26: =M25+L26 -> 816.88106 | N26: =+SUM(Efficiency1!C79:C80) -> 47.524104 | O26: =O25+N26 -> 794.40403 | P26: ='18'!I38 -> 45.74 | Q26: =Q25+P26 -> 736.257 | R26: ='18'!I40 -> 45.876 | S26: =S25+R26 -> 715.209 | T26: =+AX26 -> 4256.073 | U26: =T26+U25 -> 72661.924 | V26: =T26/P26 -> 93.049257 | W26: =U26/Q26 -> 98.690978 | X26: =IF(AND(R26>0,T26>0),(T26/(R26*1000))*1000,0) -> 92.773412 | Y26: =IF(AND(S26>0,U26>0),U26/S26,0) -> 101.59537 | Z26: 63.4 | AA26: =Z26+AA25 -> 1086.6 | AB26: =Z26/(P26) -> 1.3860953 | AC26: =AA26/(Q26) -> 1.4758434 | AD26: =IF(AND(R26>0,Z26>0),Z26/(R26),0) -> 1.3819862 | AE26: =IF(AND(S26>0,AA26>0),AA26/(S26),0) -> 1.5192762 | AF26: ='18'!I46 -> 36624.74 | AG26: =AF26+AG25 -> 646341.02 | AH26: =IF(AND(L26>0,AF26>0),(AF26/(P26*1000)*1000),0) -> 800.71578 | AI26: =IF(AND(M26>0,AG26>0),(AG26/(Q26*1000)*1000),0) -> 877.87419 | AJ26: =IF(AND(R26>0,AF26>0),(AF26/(R26*1000)*1000),0) -> 798.34205 | AK26: =IF(AND(S26>0,AG26>0),(AG26/(S26*1000)*1000),0) -> 903.70929 | AL26: 4456.7 | AM26: 5108.2 | AN26: 3958.9 | AO26: =SUM(AL26:AN26) -> 13523.8 | AP26: =+[1]Jul!N21 -> 12915 | AQ26: =+AP26-AO26 -> -608.8 | AR26: =+AL26/AO26 -> 0.32954495 | AS26: =+AM26/AO26 -> 0.37771928 | AT26: =1-AR26-AS26 -> 0.29273577 | AU26: =+AR26*AQ26 -> -200.62697 | AV26: =+AS26*AQ26 -> -229.9555 | AW26: =+AT26*AQ26 -> -178.21754 | AX26: =+AL26+AU26 -> 4256.073 | AY26: =+AM26+AV26 -> 4878.2445 | AZ26: =+AN26+AW26 -> 3780.6825 | BA26: =+SUM(Efficiency2!K79:K80) -> 48.139463 | BB26: =BB25+BA26 -> 814.50787 | BC26: =+R26/BA26 -> 0.95298114 | BD26: =+S26/BB26 -> 0.87808728
A27: =A26+1 -> 45857 | B27: Toilet | C27: 15/12,5 | D27: =+'19'!F42 -> 1191.5972 | E27: =+'19'!G42 -> 922.52431 | F27: =1-(E27/D27) -> 0.22580861 | G27: =+P27/N27 -> 0.98831577 | H27: =+P27/L27 -> 0.96981534 | I27: =+R27/P27 -> 0.99582982 | J27: =+R27/L27 -> 0.96577104 | K27: =+S27/M27 -> 0.88051675 | L27: =+SUM(Efficiency1!K83:K84) -> 47.721456 | M27: =M26+L27 -> 864.60252 | N27: =+SUM(Efficiency1!C83:C84) -> 46.828151 | O27: =O26+N27 -> 841.23218 | P27: ='19'!I38 -> 46.281 | Q27: =Q26+P27 -> 782.538 | R27: ='19'!I40 -> 46.088 | S27: =S26+R27 -> 761.297 | T27: =+AX27 -> 4316.479 | U27: =T27+U26 -> 76978.403 | V27: =T27/P27 -> 93.266762 | W27: =U27/Q27 -> 98.370178 | X27: =IF(AND(R27>0,T27>0),(T27/(R27*1000))*1000,0) -> 93.65733 | Y27: =IF(AND(S27>0,U27>0),U27/S27,0) -> 101.11481 | Z27: 64.1 | AA27: =Z27+AA26 -> 1150.7 | AB27: =Z27/(P27) -> 1.3850176 | AC27: =AA27/(Q27) -> 1.4704717 | AD27: =IF(AND(R27>0,Z27>0),Z27/(R27),0) -> 1.3908176 | AE27: =IF(AND(S27>0,AA27>0),AA27/(S27),0) -> 1.5114995 | AF27: ='19'!I46 -> 39685.12 | AG27: =AF27+AG26 -> 686026.14 | AH27: =IF(AND(L27>0,AF27>0),(AF27/(P27*1000)*1000),0) -> 857.4819 | AI27: =IF(AND(M27>0,AG27>0),(AG27/(Q27*1000)*1000),0) -> 876.66815 | AJ27: =IF(AND(R27>0,AF27>0),(AF27/(R27*1000)*1000),0) -> 861.07273 | AK27: =IF(AND(S27>0,AG27>0),(AG27/(S27*1000)*1000),0) -> 901.12813 | AL27: 4547.3 | AM27: 5105.8 | AN27: 3991.5 | AO27: =SUM(AL27:AN27) -> 13644.6 | AP27: =+[1]Jul!N22 -> 12952 | AQ27: =+AP27-AO27 -> -692.6 | AR27: =+AL27/AO27 -> 0.33326737 | AS27: =+AM27/AO27 -> 0.37419932 | AT27: =1-AR27-AS27 -> 0.29253331 | AU27: =+AR27*AQ27 -> -230.82098 | AV27: =+AS27*AQ27 -> -259.17045 | AW27: =+AT27*AQ27 -> -202.60857 | AX27: =+AL27+AU27 -> 4316.479 | AY27: =+AM27+AV27 -> 4846.6296 | AZ27: =+AN27+AW27 -> 3788.8914 | BA27: =+SUM(Efficiency2!K83:K84) -> 47.721456 | BB27: =BB26+BA27 -> 862.22932 | BC27: =+R27/BA27 -> 0.96577104 | BD27: =+S27/BB27 -> 0.88294028
A28: =A27+1 -> 45858 | B28: Toilet | C28: 12,5 | D28: =+'20'!F42 -> 1230 | E28: =+'20'!G42 -> 947.1 | F28: =1-(E28/D28) -> 0.23 | G28: =+P28/N28 -> 1.0184456 | H28: =+P28/L28 -> 1.0184456 | I28: =+R28/P28 -> 0.99569709 | J28: =+R28/L28 -> 1.0140633 | K28: =+S28/M28 -> 0.8869577 | L28: =+Efficiency1!K87 -> 43.812846 | M28: =M27+L28 -> 908.41537 | N28: =+Efficiency1!C87 -> 43.812846 | O28: =O27+N28 -> 885.04502 | P28: ='20'!I38 -> 44.621 | Q28: =Q27+P28 -> 827.159 | R28: ='20'!I40 -> 44.429 | S28: =S27+R28 -> 805.726 | T28: =+AX28 -> 4210.3931 | U28: =T28+U27 -> 81188.796 | V28: =T28/P28 -> 94.359003 | W28: =U28/Q28 -> 98.153796 | X28: =IF(AND(R28>0,T28>0),(T28/(R28*1000))*1000,0) -> 94.766776 | Y28: =IF(AND(S28>0,U28>0),U28/S28,0) -> 100.76477 | Z28: 60.5 | AA28: =Z28+AA27 -> 1211.2 | AB28: =Z28/(P28) -> 1.3558638 | AC28: =AA28/(Q28) -> 1.4642892 | AD28: =IF(AND(R28>0,Z28>0),Z28/(R28),0) -> 1.3617232 | AE28: =IF(AND(S28>0,AA28>0),AA28/(S28),0) -> 1.5032406 | AF28: ='20'!I46 -> 36051.22 | AG28: =AF28+AG27 -> 722077.36 | AH28: =IF(AND(L28>0,AF28>0),(AF28/(P28*1000)*1000),0) -> 807.9429 | AI28: =IF(AND(M28>0,AG28>0),(AG28/(Q28*1000)*1000),0) -> 872.96077 | AJ28: =IF(AND(R28>0,AF28>0),(AF28/(R28*1000)*1000),0) -> 811.43442 | AK28: =IF(AND(S28>0,AG28>0),(AG28/(S28*1000)*1000),0) -> 896.18228 | AL28: 4404.5 | AM28: 5188.3 | AN28: 4026.4 | AO28: =SUM(AL28:AN28) -> 13619.2 | AP28: =+[1]Jul!N23 -> 13019 | AQ28: =+AP28-AO28 -> -600.2 | AR28: =+AL28/AO28 -> 0.32340372 | AS28: =+AM28/AO28 -> 0.38095483 | AT28: =1-AR28-AS28 -> 0.29564145 | AU28: =+AR28*AQ28 -> -194.10692 | AV28: =+AS28*AQ28 -> -228.64909 | AW28: =+AT28*AQ28 -> -177.444 | AX28: =+AL28+AU28 -> 4210.3931 | AY28: =+AM28+AV28 -> 4959.6509 | AZ28: =+AN28+AW28 -> 3848.956 | BA28: =+Efficiency2!K87 -> 43.812846 | BB28: =BB27+BA28 -> 906.04217 | BC28: =+R28/BA28 -> 1.0140633 | BD28: =+S28/BB28 -> 0.8892809
A29: =A28+1 -> 45859 | B29: Toilet/Facial | C29: 12,5/11,5 | D29: =+'21'!F42 -> 1230 | E29: =+'21'!G42 -> 947.1 | F29: =1-(E29/D29) -> 0.23 | G29: =+P29/N29 -> 0.96282191 | H29: =+P29/L29 -> 0.96282191 | I29: =+R29/P29 -> 0.94758597 | J29: =+R29/L29 -> 0.91235653 | K29: =+S29/M29 -> 0.88807274 | L29: =+SUM(Efficiency1!K91:K92) -> 41.711764 | M29: =M28+L29 -> 950.12713 | N29: =+SUM(Efficiency1!C91:C92) -> 41.711764 | O29: =O28+N29 -> 926.75679 | P29: ='21'!I38 -> 40.161 | Q29: =Q28+P29 -> 867.32 | R29: ='21'!I40 -> 38.056 | S29: =S28+R29 -> 843.782 | T29: =+AX29 -> 3958.8362 | U29: =T29+U28 -> 85147.632 | V29: =T29/P29 -> 98.574145 | W29: =U29/Q29 -> 98.17326 | X29: =IF(AND(R29>0,T29>0),(T29/(R29*1000))*1000,0) -> 104.0266 | Y29: =IF(AND(S29>0,U29>0),U29/S29,0) -> 100.91188 | Z29: 59.8 | AA29: =Z29+AA28 -> 1271 | AB29: =Z29/(P29) -> 1.4890067 | AC29: =AA29/(Q29) -> 1.4654337 | AD29: =IF(AND(R29>0,Z29>0),Z29/(R29),0) -> 1.5713685 | AE29: =IF(AND(S29>0,AA29>0),AA29/(S29),0) -> 1.5063132 | AF29: ='21'!I46 -> 38510.48 | AG29: =AF29+AG28 -> 760587.84 | AH29: =IF(AND(L29>0,AF29>0),(AF29/(P29*1000)*1000),0) -> 958.90242 | AI29: =IF(AND(M29>0,AG29>0),(AG29/(Q29*1000)*1000),0) -> 876.94028 | AJ29: =IF(AND(R29>0,AF29>0),(AF29/(R29*1000)*1000),0) -> 1011.9424 | AK29: =IF(AND(S29>0,AG29>0),(AG29/(S29*1000)*1000),0) -> 901.40325 | AL29: 4163.8 | AM29: 5832.8 | AN29: 3967.8 | AO29: =SUM(AL29:AN29) -> 13964.4 | AP29: =+[1]Jul!N24 -> 13277 | AQ29: =+AP29-AO29 -> -687.4 | AR29: =+AL29/AO29 -> 0.2981725 | AS29: =+AM29/AO29 -> 0.4176907 | AT29: =1-AR29-AS29 -> 0.28413681 | AU29: =+AR29*AQ29 -> -204.96377 | AV29: =+AS29*AQ29 -> -287.12059 | AW29: =+AT29*AQ29 -> -195.31564 | AX29: =+AL29+AU29 -> 3958.8362 | AY29: =+AM29+AV29 -> 5545.6794 | AZ29: =+AN29+AW29 -> 3772.4844 | BA29: =+SUM(Efficiency2!K91:K92) -> 41.711764 | BB29: =BB28+BA29 -> 947.75393 | BC29: =+R29/BA29 -> 0.91235653 | BD29: =+S29/BB29 -> 0.89029649
A30: =A29+1 -> 45860 | B30: Facial | C30: 11,5/14 | D30: =+'22'!F42 -> 1217.0139 | E30: =+'22'!G42 -> 914.29792 | F30: =1-(E30/D30) -> 0.24873666 | G30: =+P30/N30 -> 0.92901482 | H30: =+P30/L30 -> 0.91911453 | I30: =+R30/P30 -> 0.93670225 | J30: =+R30/L30 -> 0.86093665 | K30: =+S30/M30 -> 0.88677022 | L30: =+SUM(Efficiency1!K95:K96) -> 47.904802 | M30: =M29+L30 -> 998.03193 | N30: =+SUM(Efficiency1!C95:C96) -> 47.394292 | O30: =O29+N30 -> 974.15108 | P30: ='22'!I38 -> 44.03 | Q30: =Q29+P30 -> 911.35 | R30: ='22'!I40 -> 41.243 | S30: =S29+R30 -> 885.025 | T30: =+AX30 -> 4123.4521 | U30: =T30+U29 -> 89271.084 | V30: =T30/P30 -> 93.650967 | W30: =U30/Q30 -> 97.954775 | X30: =IF(AND(R30>0,T30>0),(T30/(R30*1000))*1000,0) -> 99.97944 | Y30: =IF(AND(S30>0,U30>0),U30/S30,0) -> 100.86843 | Z30: 62.3 | AA30: =Z30+AA29 -> 1333.3 | AB30: =Z30/(P30) -> 1.4149444 | AC30: =AA30/(Q30) -> 1.4629945 | AD30: =IF(AND(R30>0,Z30>0),Z30/(R30),0) -> 1.5105594 | AE30: =IF(AND(S30>0,AA30>0),AA30/(S30),0) -> 1.5065111 | AF30: ='22'!I46 -> 36024.98 | AG30: =AF30+AG29 -> 796612.82 | AH30: =IF(AND(L30>0,AF30>0),(AF30/(P30*1000)*1000),0) -> 818.19169 | AI30: =IF(AND(M30>0,AG30>0),(AG30/(Q30*1000)*1000),0) -> 874.10196 | AJ30: =IF(AND(R30>0,AF30>0),(AF30/(R30*1000)*1000),0) -> 873.48108 | AK30: =IF(AND(S30>0,AG30>0),(AG30/(S30*1000)*1000),0) -> 900.10205 | AL30: 4343.3 | AM30: 5893.1 | AN30: 3928.6 | AO30: =SUM(AL30:AN30) -> 14165 | AP30: =+[1]Jul!N25 -> 13448 | AQ30: =+AP30-AO30 -> -717 | AR30: =+AL30/AO30 -> 0.30662196 | AS30: =+AM30/AO30 -> 0.41603247 | AT30: =1-AR30-AS30 -> 0.27734557 | AU30: =+AR30*AQ30 -> -219.84794 | AV30: =+AS30*AQ30 -> -298.29528 | AW30: =+AT30*AQ30 -> -198.85677 | AX30: =+AL30+AU30 -> 4123.4521 | AY30: =+AM30+AV30 -> 5594.8047 | AZ30: =+AN30+AW30 -> 3729.7432 | BA30: =+SUM(Efficiency2!K95:K96) -> 47.904802 | BB30: =BB29+BA30 -> 995.65874 | BC30: =+R30/BA30 -> 0.86093665 | BD30: =+S30/BB30 -> 0.88888388
A31: =A30+1 -> 45861 | B31: Facial | C31: 14 | D31: =+'23'!F42 -> 1230 | E31: =+'23'!G42 -> 922.5 | F31: =1-(E31/D31) -> 0.25 | G31: =+P31/N31 -> 0.53830354 | H31: =+P31/L31 -> 0.53830354 | I31: =+R31/P31 -> 1.0159053 | J31: =+R31/L31 -> 0.54686544 | K31: =+S31/M31 -> 0.87106313 | L31: =+Efficiency1!K99 -> 48.35376 | M31: =M30+L31 -> 1046.3857 | N31: =+Efficiency1!C99 -> 48.35376 | O31: =O30+N31 -> 1022.5048 | P31: ='23'!I38 -> 26.029 | Q31: =Q30+P31 -> 937.379 | R31: ='23'!I40 -> 26.443 | S31: =S30+R31 -> 911.468 | T31: =+AX31 -> 2112.7659 | U31: =T31+U30 -> 91383.85 | V31: =T31/P31 -> 81.169691 | W31: =U31/Q31 -> 97.488689 | X31: =IF(AND(R31>0,T31>0),(T31/(R31*1000))*1000,0) -> 79.898873 | Y31: =IF(AND(S31>0,U31>0),U31/S31,0) -> 100.26007 | Z31: 35.8 | AA31: =Z31+AA30 -> 1369.1 | AB31: =Z31/(P31) -> 1.375389 | AC31: =AA31/(Q31) -> 1.4605618 | AD31: =IF(AND(R31>0,Z31>0),Z31/(R31),0) -> 1.3538555 | AE31: =IF(AND(S31>0,AA31>0),AA31/(S31),0) -> 1.5020824 | AF31: ='23'!I46 -> 22313.46 | AG31: =AF31+AG30 -> 818926.28 | AH31: =IF(AND(L31>0,AF31>0),(AF31/(P31*1000)*1000),0) -> 857.25383 | AI31: =IF(AND(M31>0,AG31>0),(AG31/(Q31*1000)*1000),0) -> 873.63412 | AJ31: =IF(AND(R31>0,AF31>0),(AF31/(R31*1000)*1000),0) -> 843.83239 | AK31: =IF(AND(S31>0,AG31>0),(AG31/(S31*1000)*1000),0) -> 898.46959 | AL31: 2293.2 | AM31: 5984 | AN31: 3931.4 | AO31: =SUM(AL31:AN31) -> 12208.6 | AP31: =+[1]Jul!N26 -> 11248 | AQ31: =+AP31-AO31 -> -960.6 | AR31: =+AL31/AO31 -> 0.1878348 | AS31: =+AM31/AO31 -> 0.49014629 | AT31: =1-AR31-AS31 -> 0.3220189 | AU31: =+AR31*AQ31 -> -180.43411 | AV31: =+AS31*AQ31 -> -470.83453 | AW31: =+AT31*AQ31 -> -309.33136 | AX31: =+AL31+AU31 -> 2112.7659 | AY31: =+AM31+AV31 -> 5513.1655 | AZ31: =+AN31+AW31 -> 3622.0686 | BA31: =+Efficiency2!K99 -> 48.35376 | BB31: =BB30+BA31 -> 1044.0125 | BC31: =+R31/BA31 -> 0.54686544 | BD31: =+S31/BB31 -> 0.87304319
A32: =A31+1 -> 45862 | B32: Facial | C32: 14 | D32: =+'24'!F42 -> 1219.5714 | E32: =+'24'!G42 -> 914.67857 | F32: =1-(E32/D32) -> 0.25 | G32: =+P32/N32 -> 0.88205372 | H32: =+P32/L32 -> 0.87457521 | I32: =+R32/P32 -> 0.8750266 | J32: =+R32/L32 -> 0.76527658 | K32: =+S32/M32 -> 0.86639063 | L32: =+Efficiency1!K104 -> 48.35376 | M32: =M31+L32 -> 1094.7395 | N32: =+Efficiency1!C104 -> 47.943792 | O32: =O31+N32 -> 1070.4486 | P32: ='24'!I38 -> 42.289 | Q32: =Q31+P32 -> 979.668 | R32: ='24'!I40 -> 37.004 | S32: =S31+R32 -> 948.472 | T32: =+AX32 -> 4181.3367 | U32: =T32+U31 -> 95565.187 | V32: =T32/P32 -> 98.87528 | W32: =U32/Q32 -> 97.548544 | X32: =IF(AND(R32>0,T32>0),(T32/(R32*1000))*1000,0) -> 112.99688 | Y32: =IF(AND(S32>0,U32>0),U32/S32,0) -> 100.75699 | Z32: 64.6 | AA32: =Z32+AA31 -> 1433.7 | AB32: =Z32/(P32) -> 1.527584 | AC32: =AA32/(Q32) -> 1.463455 | AD32: =IF(AND(R32>0,Z32>0),Z32/(R32),0) -> 1.7457572 | AE32: =IF(AND(S32>0,AA32>0),AA32/(S32),0) -> 1.5115892 | AF32: =+'24'!I46 -> 34295.7 | AG32: =AF32+AG31 -> 853221.98 | AH32: =IF(AND(L32>0,AF32>0),(AF32/(P32*1000)*1000),0) -> 810.98394 | AI32: =IF(AND(M32>0,AG32>0),(AG32/(Q32*1000)*1000),0) -> 870.92972 | AJ32: =IF(AND(R32>0,AF32>0),(AF32/(R32*1000)*1000),0) -> 926.81062 | AK32: =IF(AND(S32>0,AG32>0),(AG32/(S32*1000)*1000),0) -> 899.5753 | AL32: 4255.3 | AM32: 5978.8 | AN32: =1282.16+1270.45+1273.68 -> 3826.29 | AO32: =SUM(AL32:AN32) -> 14060.39 | AP32: =+[1]Jul!N27 -> 13816 | AQ32: =+AP32-AO32 -> -244.39 | AR32: =+AL32/AO32 -> 0.30264452 | AS32: =+AM32/AO32 -> 0.42522291 | AT32: =1-AR32-AS32 -> 0.27213257 | AU32: =+AR32*AQ32 -> -73.963295 | AV32: =+AS32*AQ32 -> -103.92023 | AW32: =+AT32*AQ32 -> -66.506478 | AX32: =+AL32+AU32 -> 4181.3367 | AY32: =+AM32+AV32 -> 5874.8798 | AZ32: =+AN32+AW32 -> 3759.7835 | BA32: =+Efficiency2!K104 -> 48.35376 | BB32: =BB31+BA32 -> 1092.3663 | BC32: =+R32/BA32 -> 0.76527658 | BD32: =+S32/BB32 -> 0.86827288
A33: =A32+1 -> 45863 | B33: Facial | C33: 14 | D33: =+'25'!F42 -> 1208.75 | E33: =+'25'!G42 -> 897.55 | F33: =1-(E33/D33) -> 0.25745605 | G33: =+P33/N33 -> 0.92824082 | H33: =+P33/L33 -> 0.92824082 | I33: =+R33/P33 -> 0.97888711 | J33: =+R33/L33 -> 0.90864298 | K33: =+S33/M33 -> 0.86813159 | L33: =+SUM(Efficiency1!K109:K110) -> 47.045981 | M33: =M32+L33 -> 1141.7854 | N33: =+SUM(Efficiency1!C109:C110) -> 47.045981 | O33: =O32+N33 -> 1117.4946 | P33: ='25'!I38 -> 43.67 | Q33: =Q32+P33 -> 1023.338 | R33: ='25'!I40 -> 42.748 | S33: =S32+R33 -> 991.22 | T33: =+AX33 -> 4185.9291 | U33: =T33+U32 -> 99751.116 | V33: =T33/P33 -> 95.853655 | W33: =U33/Q33 -> 97.476216 | X33: =IF(AND(R33>0,T33>0),(T33/(R33*1000))*1000,0) -> 97.921051 | Y33: =IF(AND(S33>0,U33>0),U33/S33,0) -> 100.63469 | Z33: 62.9 | AA33: =Z33+AA32 -> 1496.6 | AB33: =Z33/(P33) -> 1.4403481 | AC33: =AA33/(Q33) -> 1.4624689 | AD33: =IF(AND(R33>0,Z33>0),Z33/(R33),0) -> 1.4714139 | AE33: =IF(AND(S33>0,AA33>0),AA33/(S33),0) -> 1.5098565 | AF33: =+'25'!I46 -> 34188.82 | AG33: =AF33+AG32 -> 887410.8 | AH33: =IF(AND(L33>0,AF33>0),(AF33/(P33*1000)*1000),0) -> 782.89031 | AI33: =IF(AND(M33>0,AG33>0),(AG33/(Q33*1000)*1000),0) -> 867.17272 | AJ33: =IF(AND(R33>0,AF33>0),(AF33/(R33*1000)*1000),0) -> 799.7759 | AK33: =IF(AND(S33>0,AG33>0),(AG33/(S33*1000)*1000),0) -> 895.27128 | AL33: 4418.1 | AM33: 5969.4 | AN33: 3924.6 | AO33: =SUM(AL33:AN33) -> 14312.1 | AP33: =+[1]Jul!N28 -> 13560 | AQ33: =+AP33-AO33 -> -752.1 | AR33: =+AL33/AO33 -> 0.30869684 | AS33: =+AM33/AO33 -> 0.41708764 | AT33: =1-AR33-AS33 -> 0.27421552 | AU33: =+AR33*AQ33 -> -232.17089 | AV33: =+AS33*AQ33 -> -313.69161 | AW33: =+AT33*AQ33 -> -206.2375 | AX33: =+AL33+AU33 -> 4185.9291 | AY33: =+AM33+AV33 -> 5655.7084 | AZ33: =+AN33+AW33 -> 3718.3625 | BA33: =+SUM(Efficiency2!K109:K110) -> 47.045981 | BB33: =BB32+BA33 -> 1139.4122 | BC33: =+R33/BA33 -> 0.90864298 | BD33: =+S33/BB33 -> 0.86993975
A34: =A33+1 -> 45864 | B34: Facial | C34: 14 | D34: =+'26'!F42 -> 1203.7639 | E34: =+'26'!G42 -> 920.97292 | F34: =1-(E34/D34) -> 0.23492229 | G34: =+P34/N34 -> 0.92541042 | H34: =+P34/L34 -> 0.90567125 | I34: =+R34/P34 -> 0.99538871 | J34: =+R34/L34 -> 0.90149494 | K34: =+S34/M34 -> 0.86951322 | L34: =+Efficiency1!K113 -> 49.325845 | M34: =M33+L34 -> 1191.1113 | N34: =+Efficiency1!C113 -> 48.273716 | O34: =O33+N34 -> 1165.7683 | P34: ='26'!I38 -> 44.673 | Q34: =Q33+P34 -> 1068.011 | R34: ='26'!I40 -> 44.467 | S34: =S33+R34 -> 1035.687 | T34: =+AX34 -> 4020.2917 | U34: =T34+U33 -> 103771.41 | V34: =T34/P34 -> 89.99377 | W34: =U34/Q34 -> 97.163238 | X34: =IF(AND(R34>0,T34>0),(T34/(R34*1000))*1000,0) -> 90.41068 | Y34: =IF(AND(S34>0,U34>0),U34/S34,0) -> 100.19572 | Z34: 61.7 | AA34: =Z34+AA33 -> 1558.3 | AB34: =Z34/(P34) -> 1.3811474 | AC34: =AA34/(Q34) -> 1.4590674 | AD34: =IF(AND(R34>0,Z34>0),Z34/(R34),0) -> 1.3875458 | AE34: =IF(AND(S34>0,AA34>0),AA34/(S34),0) -> 1.5046052 | AF34: ='26'!I46 -> 36331.34 | AG34: =AF34+AG33 -> 923742.14 | AH34: =IF(AND(L34>0,AF34>0),(AF34/(P34*1000)*1000),0) -> 813.27289 | AI34: =IF(AND(M34>0,AG34>0),(AG34/(Q34*1000)*1000),0) -> 864.91819 | AJ34: =IF(AND(R34>0,AF34>0),(AF34/(R34*1000)*1000),0) -> 817.0405 | AK34: =IF(AND(S34>0,AG34>0),(AG34/(S34*1000)*1000),0) -> 891.91246 | AL34: 4252.3 | AM34: 5885.8 | AN34: 4089 | AO34: =SUM(AL34:AN34) -> 14227.1 | AP34: =+[1]Jul!N29 -> 13450.86 | AQ34: =+AP34-AO34 -> -776.24 | AR34: =+AL34/AO34 -> 0.29888733 | AS34: =+AM34/AO34 -> 0.41370343 | AT34: =1-AR34-AS34 -> 0.28740924 | AU34: =+AR34*AQ34 -> -232.0083 | AV34: =+AS34*AQ34 -> -321.13315 | AW34: =+AT34*AQ34 -> -223.09855 | AX34: =+AL34+AU34 -> 4020.2917 | AY34: =+AM34+AV34 -> 5564.6669 | AZ34: =+AN34+AW34 -> 3865.9015 | BA34: =+Efficiency1!K113 -> 49.325845 | BB34: =BB33+BA34 -> 1188.7381 | BC34: =+R34/BA34 -> 0.90149494 | BD34: =+S34/BB34 -> 0.87124911
A35: =A34+1 -> 45865 | B35: Facial | C35: 14/12 | D35: =+'27'!F42 -> 1204.0694 | E35: =+'27'!G42 -> 903.9575 | F35: =1-(E35/D35) -> 0.24924804 | G35: =+P35/N35 -> 0.96505259 | H35: =+P35/L35 -> 0.94460454 | I35: =+R35/P35 -> 0.98545495 | J35: =+R35/L35 -> 0.93086522 | K35: =+S35/M35 -> 0.87189508 | L35: =+SUM(Efficiency1!K117:K118) -> 48.11008 | M35: =M34+L35 -> 1239.2214 | N35: =+SUM(Efficiency1!C117:C118) -> 47.090698 | O35: =O34+N35 -> 1212.859 | P35: ='27'!I38 -> 45.445 | Q35: =Q34+P35 -> 1113.456 | R35: ='27'!I40 -> 44.784 | S35: =S34+R35 -> 1080.471 | T35: =+AX35 -> 3828.5367 | U35: =T35+U34 -> 107599.94 | V35: =T35/P35 -> 84.245498 | W35: =U35/Q35 -> 96.636009 | X35: =IF(AND(R35>0,T35>0),(T35/(R35*1000))*1000,0) -> 85.48894 | Y35: =IF(AND(S35>0,U35>0),U35/S35,0) -> 99.586147 | Z35: 62 | AA35: =Z35+AA34 -> 1620.3 | AB35: =Z35/(P35) -> 1.3642865 | AC35: =AA35/(Q35) -> 1.4551989 | AD35: =IF(AND(R35>0,Z35>0),Z35/(R35),0) -> 1.384423 | AE35: =IF(AND(S35>0,AA35>0),AA35/(S35),0) -> 1.4996238 | AF35: ='27'!I46 -> 34511.34 | AG35: =AF35+AG34 -> 958253.48 | AH35: =IF(AND(L35>0,AF35>0),(AF35/(P35*1000)*1000),0) -> 759.40896 | AI35: =IF(AND(M35>0,AG35>0),(AG35/(Q35*1000)*1000),0) -> 860.6119 | AJ35: =IF(AND(R35>0,AF35>0),(AF35/(R35*1000)*1000),0) -> 770.61763 | AK35: =IF(AND(S35>0,AG35>0),(AG35/(S35*1000)*1000),0) -> 886.88496 | AL35: 4022.1 | AM35: 5922.1 | AN35: 4180.7 | AO35: =SUM(AL35:AN35) -> 14124.9 | AP35: =+[1]Jul!N30 -> 13445.14 | AQ35: =+AP35-AO35 -> -679.76 | AR35: =+AL35/AO35 -> 0.28475246 | AS35: =+AM35/AO35 -> 0.41926669 | AT35: =1-AR35-AS35 -> 0.29598086 | AU35: =+AR35*AQ35 -> -193.56333 | AV35: =+AS35*AQ35 -> -285.00072 | AW35: =+AT35*AQ35 -> -201.19595 | AX35: =+AL35+AU35 -> 3828.5367 | AY35: =+AM35+AV35 -> 5637.0993 | AZ35: =+AN35+AW35 -> 3979.5041 | BA35: =+SUM(Efficiency2!K117:K118) -> 48.11008 | BB35: =BB34+BA35 -> 1236.8482 | BC35: =+R35/BA35 -> 0.93086522 | BD35: =+S35/BB35 -> 0.87356802
A36: =A35+1 -> 45866 | B36: Facial | C36: 12 | D36: =+'28'!F42 -> 1230 | E36: =+'28'!G42 -> 947.1 | F36: =1-(E36/D36) -> 0.23 | G36: =+P36/N36 -> 0.99632225 | H36: =+P36/L36 -> 0.99632225 | I36: =+R36/P36 -> 0.96495475 | J36: =+R36/L36 -> 0.9614059 | K36: =+S36/M36 -> 0.87487676 | L36: =+Efficiency1!K121 -> 42.702047 | M36: =M35+L36 -> 1281.9234 | N36: =+Efficiency1!C121 -> 42.702047 | O36: =O35+N36 -> 1255.5611 | P36: ='28'!I38 -> 42.545 | Q36: =Q35+P36 -> 1156.001 | R36: ='28'!I40 -> 41.054 | S36: =S35+R36 -> 1121.525 | T36: =+AX36 -> 3778.128 | U36: =T36+U35 -> 111378.07 | V36: =T36/P36 -> 88.803102 | W36: =U36/Q36 -> 96.34773 | X36: =IF(AND(R36>0,T36>0),(T36/(R36*1000))*1000,0) -> 92.028255 | Y36: =IF(AND(S36>0,U36>0),U36/S36,0) -> 99.309487 | Z36: 59.4 | AA36: =Z36+AA35 -> 1679.7 | AB36: =Z36/(P36) -> 1.3961688 | AC36: =AA36/(Q36) -> 1.4530264 | AD36: =IF(AND(R36>0,Z36>0),Z36/(R36),0) -> 1.4468748 | AE36: =IF(AND(S36>0,AA36>0),AA36/(S36),0) -> 1.4976929 | AF36: ='28'!I46 -> 36738.5 | AG36: =AF36+AG35 -> 994991.98 | AH36: =IF(AND(L36>0,AF36>0),(AF36/(P36*1000)*1000),0) -> 863.52098 | AI36: =IF(AND(M36>0,AG36>0),(AG36/(Q36*1000)*1000),0) -> 860.71896 | AJ36: =IF(AND(R36>0,AF36>0),(AF36/(R36*1000)*1000),0) -> 894.88235 | AK36: =IF(AND(S36>0,AG36>0),(AG36/(S36*1000)*1000),0) -> 887.17771 | AL36: 3974.8 | AM36: 5808.4 | AN36: 4190.2 | AO36: =SUM(AL36:AN36) -> 13973.4 | AP36: =+[1]Jul!N31 -> 13282 | AQ36: =+AP36-AO36 -> -691.4 | AR36: =+AL36/AO36 -> 0.28445475 | AS36: =+AM36/AO36 -> 0.4156755 | AT36: =1-AR36-AS36 -> 0.29986975 | AU36: =+AR36*AQ36 -> -196.67201 | AV36: =+AS36*AQ36 -> -287.39804 | AW36: =+AT36*AQ36 -> -207.32995 | AX36: =+AL36+AU36 -> 3778.128 | AY36: =+AM36+AV36 -> 5521.002 | AZ36: =+AN36+AW36 -> 3982.8701 | BA36: =+Efficiency2!K121 -> 42.702047 | BB36: =BB35+BA36 -> 1279.5502 | BC36: =+R36/BA36 -> 0.9614059 | BD36: =+S36/BB36 -> 0.87649941
A37: =A36+1 -> 45867 | B37: Facial | C37: 12/13 | D37: =+'29'!F42 -> 1230 | E37: =+'29'!G42 -> 947.1 | F37: =1-(E37/D37) -> 0.23 | G37: =+P37/N37 -> 0.96829147 | H37: =+P37/L37 -> 0.96829147 | I37: =+R37/P37 -> 0.96809253 | J37: =+R37/L37 -> 0.93739574 | K37: =+S37/M37 -> 0.87696851 | L37: =+SUM(Efficiency1!K125:K126) -> 44.375068 | M37: =M36+L37 -> 1326.2985 | N37: =+SUM(Efficiency1!C125:C126) -> 44.375068 | O37: =O36+N37 -> 1299.9361 | P37: ='29'!I38 -> 42.968 | Q37: =Q36+P37 -> 1198.969 | R37: ='29'!I40 -> 41.597 | S37: =S36+R37 -> 1163.122 | T37: =+AX37 -> 3825.5265 | U37: =T37+U36 -> 115203.6 | V37: =T37/P37 -> 89.03199 | W37: =U37/Q37 -> 96.085552 | X37: =IF(AND(R37>0,T37>0),(T37/(R37*1000))*1000,0) -> 91.966405 | Y37: =IF(AND(S37>0,U37>0),U37/S37,0) -> 99.046874 | Z37: 60.6 | AA37: =Z37+AA36 -> 1740.3 | AB37: =Z37/(P37) -> 1.4103519 | AC37: =AA37/(Q37) -> 1.4514971 | AD37: =IF(AND(R37>0,Z37>0),Z37/(R37),0) -> 1.4568358 | AE37: =IF(AND(S37>0,AA37>0),AA37/(S37),0) -> 1.4962317 | AF37: ='29'!I46 -> 39176.9 | AG37: =AF37+AG36 -> 1034168.9 | AH37: =IF(AND(L37>0,AF37>0),(AF37/(P37*1000)*1000),0) -> 911.76922 | AI37: =IF(AND(M37>0,AG37>0),(AG37/(Q37*1000)*1000),0) -> 862.54847 | AJ37: =IF(AND(R37>0,AF37>0),(AF37/(R37*1000)*1000),0) -> 941.82032 | AK37: =IF(AND(S37>0,AG37>0),(AG37/(S37*1000)*1000),0) -> 889.13191 | AL37: 4030.1 | AM37: 5692.9 | AN37: 4218.7 | AO37: =SUM(AL37:AN37) -> 13941.7 | AP37: =+[1]Jul!N32 -> 13234 | AQ37: =+AP37-AO37 -> -707.7 | AR37: =+AL37/AO37 -> 0.28906805 | AS37: =+AM37/AO37 -> 0.40833614 | AT37: =1-AR37-AS37 -> 0.30259581 | AU37: =+AR37*AQ37 -> -204.57346 | AV37: =+AS37*AQ37 -> -288.97949 | AW37: =+AT37*AQ37 -> -214.14705 | AX37: =+AL37+AU37 -> 3825.5265 | AY37: =+AM37+AV37 -> 5403.9205 | AZ37: =+AN37+AW37 -> 4004.5529 | BA37: =+SUM(Efficiency2!K125:K126) -> 44.375068 | BB37: =BB36+BA37 -> 1323.9253 | BC37: =+R37/BA37 -> 0.93739574 | BD37: =+S37/BB37 -> 0.87854052
A38: =A37+1 -> 45868 | B38: Facial/Toilet | C38: 13/13 | D38: =+'30'!F42 -> 1230 | E38: =+'30'!G42 -> 947.1 | F38: =1-(E38/D38) -> 0.23 | G38: =+P38/N38 -> 1.0246069 | H38: =+P38/L38 -> 1.0246069 | I38: =+R38/P38 -> 0.91174599 | J38: =+R38/L38 -> 0.9341812 | K38: =+S38/M38 -> 0.87894881 | L38: =+SUM(Efficiency1!K129:K130) -> 47.552873 | M38: =M37+L38 -> 1373.8513 | N38: =+SUM(Efficiency1!C129:C130) -> 47.552873 | O38: =O37+N38 -> 1347.489 | P38: ='30'!I38 -> 48.723 | Q38: =Q37+P38 -> 1247.692 | R38: ='30'!I40 -> 44.423 | S38: =S37+R38 -> 1207.545 | T38: =+AX38 -> 4131.4278 | U38: =T38+U37 -> 119335.03 | V38: =T38/P38 -> 84.794201 | W38: =U38/Q38 -> 95.644619 | X38: =IF(AND(R38>0,T38>0),(T38/(R38*1000))*1000,0) -> 93.002 | Y38: =IF(AND(S38>0,U38>0),U38/S38,0) -> 98.824496 | Z38: 62.3 | AA38: =Z38+AA37 -> 1802.6 | AB38: =Z38/(P38) -> 1.2786569 | AC38: =AA38/(Q38) -> 1.4447476 | AD38: =IF(AND(R38>0,Z38>0),Z38/(R38),0) -> 1.4024267 | AE38: =IF(AND(S38>0,AA38>0),AA38/(S38),0) -> 1.4927808 | AF38: ='30'!I46 -> 37362.64 | AG38: =AF38+AG37 -> 1071531.5 | AH38: =IF(AND(L38>0,AF38>0),(AF38/(P38*1000)*1000),0) -> 766.83784 | AI38: =IF(AND(M38>0,AG38>0),(AG38/(Q38*1000)*1000),0) -> 858.81092 | AJ38: =IF(AND(R38>0,AF38>0),(AF38/(R38*1000)*1000),0) -> 841.06521 | AK38: =IF(AND(S38>0,AG38>0),(AG38/(S38*1000)*1000),0) -> 887.36363 | AL38: 4337 | AM38: 5846.5 | AN38: 4356.7 | AO38: =SUM(AL38:AN38) -> 14540.2 | AP38: =+[1]Jul!N33 -> 13851 | AQ38: =+AP38-AO38 -> -689.2 | AR38: =+AL38/AO38 -> 0.2982765 | AS38: =+AM38/AO38 -> 0.40209213 | AT38: =1-AR38-AS38 -> 0.29963137 | AU38: =+AR38*AQ38 -> -205.57217 | AV38: =+AS38*AQ38 -> -277.1219 | AW38: =+AT38*AQ38 -> -206.50594 | AX38: =+AL38+AU38 -> 4131.4278 | AY38: =+AM38+AV38 -> 5569.3781 | AZ38: =+AN38+AW38 -> 4150.1941 | BA38: =+SUM(Efficiency2!K129:K130) -> 47.552873 | BB38: =BB37+BA38 -> 1371.4782 | BC38: =+R38/BA38 -> 0.9341812 | BD38: =+S38/BB38 -> 0.88046973
A39: =A38+1 -> 45869 | B39: Toilet | C39: 13 | D39: =+'31'!F42 -> 1230 | E39: =+'31'!G42 -> 947.1 | F39: =1-(E39/D39) -> 0.23 | G39: =+P39/N39 -> 0.96284721 | H39: =+P39/L39 -> 0.96284721 | I39: =+R39/P39 -> 1.0052046 | J39: =+R39/L39 -> 0.96785843 | K39: =+S39/M39 -> 0.88193173 | L39: =+Efficiency1!K133 -> 47.692925 | M39: =M38+L39 -> 1421.5443 | N39: =+Efficiency1!C133 -> 47.692925 | O39: =O38+N39 -> 1395.1819 | P39: ='31'!I38 -> 45.921 | Q39: =Q38+P39 -> 1293.613 | R39: ='31'!I40 -> 46.16 | S39: =S38+R39 -> 1253.705 | T39: =+AX39 -> 4176.2677 | U39: =T39+U38 -> 123511.29 | V39: =T39/P39 -> 90.944617 | W39: =U39/Q39 -> 95.477778 | X39: =IF(AND(R39>0,T39>0),(T39/(R39*1000))*1000,0) -> 90.473738 | Y39: =IF(AND(S39>0,U39>0),U39/S39,0) -> 98.517031 | Z39: 61.8 | AA39: =Z39+AA38 -> 1864.4 | AB39: =Z39/(P39) -> 1.3457895 | AC39: =AA39/(Q39) -> 1.4412347 | AD39: =IF(AND(R39>0,Z39>0),Z39/(R39),0) -> 1.3388215 | AE39: =IF(AND(S39>0,AA39>0),AA39/(S39),0) -> 1.4871122 | AF39: ='31'!I46 -> 38324.02 | AG39: =AF39+AG38 -> 1109855.5 | AH39: =IF(AND(L39>0,AF39>0),(AF39/(P39*1000)*1000),0) -> 834.56414 | AI39: =IF(AND(M39>0,AG39>0),(AG39/(Q39*1000)*1000),0) -> 857.95021 | AJ39: =IF(AND(R39>0,AF39>0),(AF39/(R39*1000)*1000),0) -> 830.24307 | AK39: =IF(AND(S39>0,AG39>0),(AG39/(S39*1000)*1000),0) -> 885.26052 | AL39: 4398.5 | AM39: 5846.1 | AN39: 4358.2 | AO39: =SUM(AL39:AN39) -> 14602.8 | AP39: =+[1]Jul!N34 -> 13865 | AQ39: =+AP39-AO39 -> -737.8 | AR39: =+AL39/AO39 -> 0.30120936 | AS39: =+AM39/AO39 -> 0.40034103 | AT39: =1-AR39-AS39 -> 0.29844961 | AU39: =+AR39*AQ39 -> -222.23226 | AV39: =+AS39*AQ39 -> -295.37161 | AW39: =+AT39*AQ39 -> -220.19612 | AX39: =+AL39+AU39 -> 4176.2677 | AY39: =+AM39+AV39 -> 5550.7284 | AZ39: =+AN39+AW39 -> 4138.0039 | BA39: =+Efficiency2!K133 -> 47.692925 | BB39: =BB38+BA39 -> 1419.1711 | BC39: =+R39/BA39 -> 0.96785843 | BD39: =+S39/BB39 -> 0.88340653
G41: =+P41/N41 -> 0.92720022 | H41: =+P41/L41 -> 0.91000543 | I41: =+R41/P41 -> 0.96914997 | J41: =+R41/L41 -> 0.88193173 | L41: =SUM(L9:L39) -> 1421.5443 | N41: =SUM(N9:N39) -> 1395.1819 | P41: =SUM(P9:P39) -> 1293.613 | R41: =SUM(R9:R39) -> 1253.705 | T41: =SUM(T9:T39) -> 123511.29 | V41: =T41/P41 -> 95.477778 | X41: =IF(AND(R41>0,T41>0),(T41/(R41*1000))*1000,0) -> 98.517031 | Z41: =SUM(Z9:Z40) -> 1864.4 | AB41: =Z41/P41 -> 1.4412347 | AD41: =Z41/R41 -> 1.4871122 | AF41: =SUM(AF9:AF39) -> 1109855.5 | AH41: =AF41/P41 -> 857.95021 | AJ41: =AF41/R41 -> 885.26052 | AP41: =SUM(AP9:AP40) -> 386420 | AX41: =SUM(AX9:AX39) -> 123511.29 | AY41: =SUM(AY9:AY39) -> 148166.2 | AZ41: =SUM(AZ9:AZ39) -> 114742.51 | BA41: =SUM(BA9:BA39) -> 1419.1711 | BC41: =+R41/BA41 -> 0.88340653
AY43: =SUM(AX41:AZ41) -> 386420

Sheet GRAFIK

Sheet Listrik
A2: MACHINE POWER CONSUMPTION (PER PANEL)
A4: Date | B4: PM (TON) | C4: FINSHED GOODS (TON) | P4: Total PM14
D5: Trafo (2500 A) | H5: Trafo (2500 B) | L5: Trafo (2500 A)
D6: KWH | E6: Consumption | F6: /TON PM | G6: /TON FG | H6: KWH | I6: Consumption | J6: /TON PM | K6: /TON FG | L6: KWH | M6: Consumption | N6: /TON PM | O6: /TON FG | P6: Consumption | Q6: /TON PM | R6: /TON FG
A7: =A8-1 -> 45838 | B7: 0 | C7: 0
A8: =+Report1!A9 -> 45839 | B8: =+Report1!P9 -> 36.692 | C8: =+Report1!R9 -> 35.332 | D8: =+D7+E8 -> 4400 | E8: =+[3]DailyJul!AH7 -> 4400 | F8: =E8/B8 -> 119.91715 | G8: =E8/C8 -> 124.533 | H8: =+H7+I8 -> 7942.53 | I8: =+[3]DailyJul!AI7 -> 7942.53 | J8: =I8/B8 -> 216.4649 | K8: =I8/C8 -> 224.79707 | L8: =+L7+M8 -> 24102.53 | M8: =+[3]DailyJul!AJ7 -> 24102.53 | N8: =M8/B8 -> 656.88788 | O8: =M8/C8 -> 682.17282 | P8: =+E8+I8+M8 -> 36445.06 | Q8: =P8/B8 -> 993.26992 | R8: =P8/C8 -> 1031.5029 | V8: Off Reel | W8: Off Rewinder
A9: 45506 | B9: =+Report1!P10 -> 39.07 | C9: =+Report1!R10 -> 37.323 | D9: =+D8+E9 -> 8600 | E9: =+[3]DailyJul!AH8 -> 4200 | F9: =E9/B9 -> 107.49936 | G9: =E9/C9 -> 112.53115 | H9: =+H8+I9 -> 15052.73 | I9: =+[3]DailyJul!AI8 -> 7110.2 | J9: =I9/B9 -> 181.98618 | K9: =I9/C9 -> 190.50451 | L9: =+L8+M9 -> 47372.73 | M9: =+[3]DailyJul!AJ8 -> 23270.2 | N9: =M9/B9 -> 595.60276 | O9: =M9/C9 -> 623.4815 | P9: =+E9+I9+M9 -> 34580.4 | Q9: =P9/B9 -> 885.0883 | R9: =P9/C9 -> 926.51716 | V9: Off Reel | W9: Off Rewinder
A10: 45507 | B10: =+Report1!P11 -> 41.876 | C10: =+Report1!R11 -> 39.783 | D10: =+D9+E10 -> 13100 | E10: =+[3]DailyJul!AH9 -> 4500 | F10: =E10/B10 -> 107.46012 | G10: =E10/C10 -> 113.11364 | H10: =+H9+I10 -> 23288.87 | I10: =+[3]DailyJul!AI9 -> 8236.14 | J10: =I10/B10 -> 196.67924 | K10: =I10/C10 -> 207.02662 | L10: =+L9+M10 -> 71768.87 | M10: =+[3]DailyJul!AJ9 -> 24396.14 | N10: =M10/B10 -> 582.58048 | O10: =M10/C10 -> 613.23027 | P10: =+E10+I10+M10 -> 37132.28 | Q10: =P10/B10 -> 886.71984 | R10: =P10/C10 -> 933.37054 | V10: Off Reel | W10: Off Rewinder
A11: 45508 | B11: =+Report1!P12 -> 42.342 | C11: =+Report1!R12 -> 41.906 | D11: =+D10+E11 -> 17500 | E11: =+[3]DailyJul!AH10 -> 4400 | F11: =E11/B11 -> 103.91573 | G11: =E11/C11 -> 104.9969 | H11: =+H10+I11 -> 31803.82 | I11: =+[3]DailyJul!AI10 -> 8514.95 | J11: =I11/B11 -> 201.09938 | K11: =I11/C11 -> 203.19167 | L11: =+L10+M11 -> 97443.82 | M11: =+[3]DailyJul!AJ10 -> 25674.95 | N11: =M11/B11 -> 606.37074 | O11: =M11/C11 -> 612.67957 | P11: =+E11+I11+M11 -> 38589.9 | Q11: =P11/B11 -> 911.38586 | R11: =P11/C11 -> 920.86813 | V11: Off Reel | W11: Off Rewinder
A12: 45509 | B12: =+Report1!P13 -> 43.318 | C12: =+Report1!R13 -> 41.37 | D12: =+D11+E12 -> 22000 | E12: =+[3]DailyJul!AH11 -> 4500 | F12: =E12/B12 -> 103.88291 | G12: =E12/C12 -> 108.77447 | H12: =+H11+I12 -> 40370.23 | I12: =+[3]DailyJul!AI11 -> 8566.41 | J12: =I12/B12 -> 197.75636 | K12: =I12/C12 -> 207.06817 | L12: =+L11+M12 -> 124170.23 | M12: =+[3]DailyJul!AJ11 -> 26726.41 | N12: =M12/B12 -> 616.98162 | O12: =M12/C12 -> 646.0336 | P12: =+E12+I12+M12 -> 39792.82 | Q12: =P12/B12 -> 918.6209 | R12: =P12/C12 -> 961.87624 | V12: Off Reel | W12: Off Rewinder
A13: 45510 | B13: =+Report1!P14 -> 43.296 | C13: =+Report1!R14 -> 42.211 | D13: =+D12+E13 -> 26600 | E13: =+[3]DailyJul!AH12 -> 4600 | F13: =E13/B13 -> 106.24538 | G13: =E13/C13 -> 108.97633 | H13: =+H12+I13 -> 48195.56 | I13: =+[3]DailyJul!AI12 -> 7825.33 | J13: =I13/B13 -> 180.74025 | K13: =I13/C13 -> 185.38604 | L13: =+L12+M13 -> 149155.56 | M13: =+[3]DailyJul!AJ12 -> 24985.33 | N13: =M13/B13 -> 577.08172 | O13: =M13/C13 -> 591.91514 | P13: =+E13+I13+M13 -> 37410.66 | Q13: =P13/B13 -> 864.06735 | R13: =P13/C13 -> 886.27751 | V13: Off Reel | W13: Off Rewinder
A14: =+A13+1 -> 45511 | B14: =+Report1!P15 -> 42.279 | C14: =+Report1!R15 -> 40.352 | D14: =+D13+E14 -> 30700 | E14: =+[3]DailyJul!AH13 -> 4100 | F14: =E14/B14 -> 96.974857 | G14: =E14/C14 -> 101.60587 | H14: =+H13+I14 -> 56615.87 | I14: =+[3]DailyJul!AI13 -> 8420.31 | J14: =I14/B14 -> 199.16058 | K14: =I14/C14 -> 208.67144 | L14: =+L13+M14 -> 174735.87 | M14: =+[3]DailyJul!AJ13 -> 25580.31 | N14: =M14/B14 -> 605.03583 | O14: =M14/C14 -> 633.92917 | P14: =+E14+I14+M14 -> 38100.62 | Q14: =P14/B14 -> 901.17127 | R14: =P14/C14 -> 944.20648 | V14: Off Reel | W14: Off Rewinder
A15: =+A14+1 -> 45512 | B15: =+Report1!P16 -> 42.275 | C15: =+Report1!R16 -> 38.69 | D15: =+D14+E15 -> 34500 | E15: =+[3]DailyJul!AH14 -> 3800 | F15: =E15/B15 -> 89.88764 | G15: =E15/C15 -> 98.216593 | H15: =+H14+I15 -> 64495.18 | I15: =+[3]DailyJul!AI14 -> 7879.31 | J15: =I15/B15 -> 186.38226 | K15: =I15/C15 -> 203.65236 | L15: =+L14+M15 -> 199775.18 | M15: =+[3]DailyJul!AJ14 -> 25039.31 | N15: =M15/B15 -> 592.29592 | O15: =M15/C15 -> 647.17782 | P15: =+E15+I15+M15 -> 36718.62 | Q15: =P15/B15 -> 868.56582 | R15: =P15/C15 -> 949.04678 | V15: Off Reel | W15: Off Rewinder
A16: =+A15+1 -> 45513 | B16: =+Report1!P17 -> 44.096 | C16: =+Report1!R17 -> 45.328 | D16: =+D15+E16 -> 38500 | E16: =+[3]DailyJul!AH15 -> 4000 | F16: =E16/B16 -> 90.711176 | G16: =E16/C16 -> 88.245676 | H16: =+H15+I16 -> 72316.91 | I16: =+[3]DailyJul!AI15 -> 7821.73 | J16: =I16/B16 -> 177.37958 | K16: =I16/C16 -> 172.55846 | L16: =+L15+M16 -> 224756.91 | M16: =+[3]DailyJul!AJ15 -> 24981.73 | N16: =M16/B16 -> 566.53052 | O16: =M16/C16 -> 551.13241 | P16: =+E16+I16+M16 -> 36803.46 | Q16: =P16/B16 -> 834.62128 | R16: =P16/C16 -> 811.93655 | V16: Off Reel | W16: Off Rewinder
A17: =+A16+1 -> 45514 | B17: =+Report1!P18 -> 42.022 | C17: =+Report1!R18 -> 43.485 | D17: =+D16+E17 -> 42700 | E17: =+[3]DailyJul!AH16 -> 4200 | F17: =E17/B17 -> 99.947646 | G17: =E17/C17 -> 96.585029 | H17: =+H16+I17 -> 80331.82 | I17: =+[3]DailyJul!AI16 -> 8014.91 | J17: =I17/B17 -> 190.73128 | K17: =I17/C17 -> 184.31436 | L17: =+L16+M17 -> 248931.82 | M17: =+[3]DailyJul!AJ16 -> 24174.91 | N17: =M17/B17 -> 575.29175 | O17: =M17/C17 -> 555.93676 | P17: =+E17+I17+M17 -> 36389.82 | Q17: =P17/B17 -> 865.97068 | R17: =P17/C17 -> 836.83615 | V17: Off Reel | W17: Off Rewinder
A18: =+A17+1 -> 45515 | B18: =+Report1!P19 -> 41.668 | C18: =+Report1!R19 -> 43.048 | D18: =+D17+E18 -> 46500 | E18: =+[3]DailyJul!AH17 -> 3800 | F18: =E18/B18 -> 91.197082 | G18: =E18/C18 -> 88.273555 | H18: =+H17+I18 -> 88656.87 | I18: =+[3]DailyJul!AI17 -> 8325.05 | J18: =I18/B18 -> 199.79481 | K18: =I18/C18 -> 193.38994 | L18: =+L17+M18 -> 274416.87 | M18: =+[3]DailyJul!AJ17 -> 25485.05 | N18: =M18/B18 -> 611.62163 | O18: =M18/C18 -> 592.01473 | P18: =+E18+I18+M18 -> 37610.1 | Q18: =P18/B18 -> 902.61352 | R18: =P18/C18 -> 873.67822 | V18: Off Reel | W18: Off Rewinder
A19: =+A18+1 -> 45516 | B19: =+Report1!P20 -> 46.684 | C19: =+Report1!R20 -> 43.52 | D19: =+D18+E19 -> 50200 | E19: =+[3]DailyJul!AH18 -> 3700 | F19: =E19/B19 -> 79.256276 | G19: =E19/C19 -> 85.018382 | H19: =+H18+I19 -> 96873.08 | I19: =+[3]DailyJul!AI18 -> 8216.21 | J19: =I19/B19 -> 175.99627 | K19: =I19/C19 -> 188.79159 | L19: =+L18+M19 -> 299793.08 | M19: =+[3]DailyJul!AJ18 -> 25376.21 | N19: =M19/B19 -> 543.57403 | O19: =M19/C19 -> 583.09306 | P19: =+E19+I19+M19 -> 37292.42 | Q19: =P19/B19 -> 798.82658 | R19: =P19/C19 -> 856.90303 | V19: Off Reel | W19: Off Rewinder
A20: =+A19+1 -> 45517 | B20: =+Report1!P21 -> 40.834 | C20: =+Report1!R21 -> 39.738 | D20: =+D19+E20 -> 54000 | E20: =+[3]DailyJul!AH19 -> 3800 | F20: =E20/B20 -> 93.059705 | G20: =E20/C20 -> 95.626353 | H20: =+H19+I20 -> 104813.21 | I20: =+[3]DailyJul!AI19 -> 7940.13 | J20: =I20/B20 -> 194.44899 | K20: =I20/C20 -> 199.81202 | L20: =+L19+M20 -> 322893.21 | M20: =+[3]DailyJul!AJ19 -> 23100.13 | N20: =M20/B20 -> 565.70823 | O20: =M20/C20 -> 581.31084 | P20: =+E20+I20+M20 -> 34840.26 | Q20: =P20/B20 -> 853.21693 | R20: =P20/C20 -> 876.74921 | V20: Off Reel | W20: Off Rewinder
A21: =+A20+1 -> 45518 | B21: =+Report1!P22 -> 12.348 | C21: =+Report1!R22 -> 10.649 | D21: =+D20+E21 -> 56300 | E21: =+[3]DailyJul!AH20 -> 2300 | F21: =E21/B21 -> 186.26498 | G21: =E21/C21 -> 215.98272 | H21: =+H20+I21 -> 107653.03 | I21: =+[3]DailyJul!AI20 -> 2839.82 | J21: =I21/B21 -> 229.98218 | K21: =I21/C21 -> 266.67481 | L21: =+L20+M21 -> 333893.03 | M21: =+[3]DailyJul!AJ20 -> 10999.82 | N21: =M21/B21 -> 890.81795 | O21: =M21/C21 -> 1032.9439 | P21: =+E21+I21+M21 -> 16139.64 | Q21: =P21/B21 -> 1307.0651 | R21: =P21/C21 -> 1515.6015 | V21: Off Reel | W21: Off Rewinder
A22: =+A21+1 -> 45519 | B22: =+Report1!P23 -> 43.017 | C22: =+Report1!R23 -> 40.226 | D22: =+D21+E22 -> 60600 | E22: =+[3]DailyJul!AH21 -> 4300 | F22: =E22/B22 -> 99.960481 | G22: =E22/C22 -> 106.89604 | H22: =+H21+I22 -> 114688.76 | I22: =+[3]DailyJul!AI21 -> 7035.73 | J22: =I22/B22 -> 163.55697 | K22: =I22/C22 -> 174.90504 | L22: =+L21+M22 -> 359088.76 | M22: =+[3]DailyJul!AJ21 -> 25195.73 | N22: =M22/B22 -> 585.71565 | O22: =M22/C22 -> 626.35435 | P22: =+E22+I22+M22 -> 36531.46 | Q22: =P22/B22 -> 849.23309 | R22: =P22/C22 -> 908.15542 | V22: Off Reel | W22: Off Rewinder
A23: =+A22+1 -> 45520 | B23: =+Report1!P24 -> 43.494 | C23: =+Report1!R24 -> 42.909 | D23: =+D22+E23 -> 64700 | E23: =+[3]DailyJul!AH22 -> 4100 | F23: =E23/B23 -> 94.265876 | G23: =E23/C23 -> 95.55105 | H23: =+H22+I23 -> 122895.39 | I23: =+[3]DailyJul!AI22 -> 8206.63 | J23: =I23/B23 -> 188.68419 | K23: =I23/C23 -> 191.25661 | L23: =+L22+M23 -> 384455.39 | M23: =+[3]DailyJul!AJ22 -> 25366.63 | N23: =M23/B23 -> 583.22136 | O23: =M23/C23 -> 591.17271 | P23: =+E23+I23+M23 -> 37673.26 | Q23: =P23/B23 -> 866.17143 | R23: =P23/C23 -> 877.98038 | V23: Off Reel | W23: Off Rewinder
A24: =+A23+1 -> 45521 | B24: =+Report1!P25 -> 45.206 | C24: =+Report1!R25 -> 43.463 | D24: =+D23+E24 -> 68900 | E24: =+[3]DailyJul!AH23 -> 4200 | F24: =E24/B24 -> 92.908021 | G24: =E24/C24 -> 96.633919 | H24: =+H23+I24 -> 131048.14 | I24: =+[3]DailyJul!AI23 -> 8152.75 | J24: =I24/B24 -> 180.34664 | K24: =I24/C24 -> 187.57909 | L24: =+L23+M24 -> 409768.14 | M24: =+[3]DailyJul!AJ23 -> 25312.75 | N24: =M24/B24 -> 559.94226 | O24: =M24/C24 -> 582.39767 | P24: =+E24+I24+M24 -> 37665.5 | Q24: =P24/B24 -> 833.19692 | R24: =P24/C24 -> 866.61068 | V24: Off Reel | W24: Off Rewinder
A25: =+A24+1 -> 45522 | B25: =+Report1!P26 -> 45.74 | C25: =+Report1!R26 -> 45.876 | D25: =+D24+E25 -> 72900 | E25: =+[3]DailyJul!AH24 -> 4000 | F25: =E25/B25 -> 87.450809 | G25: =E25/C25 -> 87.19156 | H25: =+H24+I25 -> 138780.51 | I25: =+[3]DailyJul!AI24 -> 7732.37 | J25: =I25/B25 -> 169.0505 | K25: =I25/C25 -> 168.54935 | L25: =+L24+M25 -> 434660.51 | M25: =+[3]DailyJul!AJ24 -> 24892.37 | N25: =M25/B25 -> 544.21447 | O25: =M25/C25 -> 542.60114 | P25: =+E25+I25+M25 -> 36624.74 | Q25: =P25/B25 -> 800.71578 | R25: =P25/C25 -> 798.34205 | V25: Off Reel | W25: Off Rewinder
... A33: =+A32+1 -> 45530 | B33: =+Report1!P34 -> 44.673 | C33: =+Report1!R34 -> 44.467 | D33: =+D32+E33 -> 106900 | E33: =+[3]DailyJul!AH32 -> 4600 | F33: =E33/B33 -> 102.97047 | G33: =E33/C33 -> 103.4475 | H33: =+H32+I33 -> 200341.07 | I33: =+[3]DailyJul!AI32 -> 8785.67 | J33: =I33/B33 -> 196.66622 | K33: =I33/C33 -> 197.5773 | L33: =+L32+M33 -> 616501.07 | M33: =+[3]DailyJul!AJ32 -> 22945.67 | N33: =M33/B33 -> 513.6362 | O33: =M33/C33 -> 516.0157 | P33: =+E33+I33+M33 -> 36331.34 | Q33: =P33/B33 -> 813.27289 | R33: =P33/C33 -> 817.0405 | V33: Off Reel | W33: Off Rewinder
A34: =+A33+1 -> 45531 | B34: =+Report1!P35 -> 45.445 | C34: =+Report1!R35 -> 44.784 | D34: =+D33+E34 -> 111600 | E34: =+[3]DailyJul!AH33 -> 4700 | F34: =E34/B34 -> 103.42172 | G34: =E34/C34 -> 104.9482 | H34: =+H33+I34 -> 208666.74 | I34: =+[3]DailyJul!AI33 -> 8325.67 | J34: =I34/B34 -> 183.20321 | K34: =I34/C34 -> 185.90724 | L34: =+L33+M34 -> 637986.74 | M34: =+[3]DailyJul!AJ33 -> 21485.67 | N34: =M34/B34 -> 472.78402 | O34: =M34/C34 -> 479.76219 | P34: =+E34+I34+M34 -> 34511.34 | Q34: =P34/B34 -> 759.40896 | R34: =P34/C34 -> 770.61763
A35: =+A34+1 -> 45532 | B35: =+Report1!P36 -> 42.545 | C35: =+Report1!R36 -> 41.054 | D35: =+D34+E35 -> 116100 | E35: =+[3]DailyJul!AH34 -> 4500 | F35: =E35/B35 -> 105.77036 | G35: =E35/C35 -> 109.61173 | H35: =+H34+I35 -> 216705.99 | I35: =+[3]DailyJul!AI34 -> 8039.25 | J35: =I35/B35 -> 188.95875 | K35: =I35/C35 -> 195.82136 | L35: =+L34+M35 -> 662185.99 | M35: =+[3]DailyJul!AJ34 -> 24199.25 | N35: =M35/B35 -> 568.79187 | O35: =M35/C35 -> 589.44926 | P35: =+E35+I35+M35 -> 36738.5 | Q35: =P35/B35 -> 863.52098 | R35: =P35/C35 -> 894.88235
A36: =+A35+1 -> 45533 | B36: =+Report1!P37 -> 42.968 | C36: =+Report1!R37 -> 41.597 | D36: =+D35+E36 -> 120800 | E36: =+[3]DailyJul!AH35 -> 4700 | F36: =E36/B36 -> 109.38373 | G36: =E36/C36 -> 112.98892 | H36: =+H35+I36 -> 225364.44 | I36: =+[3]DailyJul!AI35 -> 8658.45 | J36: =I36/B36 -> 201.50926 | K36: =I36/C36 -> 208.15083 | L36: =+L35+M36 -> 688004.44 | M36: =+[3]DailyJul!AJ35 -> 25818.45 | N36: =M36/B36 -> 600.87623 | O36: =M36/C36 -> 620.68058 | P36: =+E36+I36+M36 -> 39176.9 | Q36: =P36/B36 -> 911.76922 | R36: =P36/C36 -> 941.82032
A37: =+A36+1 -> 45534 | B37: =+Report1!P38 -> 48.723 | C37: =+Report1!R38 -> 44.423 | D37: =+D36+E37 -> 125300 | E37: =+[3]DailyJul!AH36 -> 4500 | F37: =E37/B37 -> 92.358845 | G37: =E37/C37 -> 101.29888 | H37: =+H36+I37 -> 233715.76 | I37: =+[3]DailyJul!AI36 -> 8351.32 | J37: =I37/B37 -> 171.40406 | K37: =I37/C37 -> 187.99541 | L37: =+L36+M37 -> 712515.76 | M37: =+[3]DailyJul!AJ36 -> 24511.32 | N37: =M37/B37 -> 503.07493 | O37: =M37/C37 -> 551.77093 | P37: =+E37+I37+M37 -> 37362.64 | Q37: =P37/B37 -> 766.83784 | R37: =P37/C37 -> 841.06521
A38: =+A37+1 -> 45535 | B38: =+Report1!P39 -> 45.921 | C38: =+Report1!R39 -> 46.16 | D38: =+D37+E38 -> 129700 | E38: =+[3]DailyJul!AH37 -> 4400 | F38: =E38/B38 -> 95.816729 | G38: =E38/C38 -> 95.320624 | H38: =+H37+I38 -> 241597.77 | I38: =+[3]DailyJul!AI37 -> 7882.01 | J38: =I38/B38 -> 171.64282 | K38: =I38/C38 -> 170.75412 | L38: =+L37+M38 -> 738557.77 | M38: =+[3]DailyJul!AJ37 -> 26042.01 | N38: =M38/B38 -> 567.10459 | O38: =M38/C38 -> 564.16833 | P38: =+E38+I38+M38 -> 38324.02 | Q38: =P38/B38 -> 834.56414 | R38: =P38/C38 -> 830.24307
A40: TOTAL | B40: =SUM(B8:B38) -> 1293.613 | C40: =SUM(C8:C38) -> 1253.705 | E40: =SUM(E8:E39) -> 129700 | F40: =E40/B40 -> 100.26182 | G40: =E40/C40 -> 103.45336 | I40: =SUM(I8:I39) -> 241597.77 | J40: =I40/B40 -> 186.76201 | K40: =I40/C40 -> 192.70703 | M40: =SUM(M8:M39) -> 738557.77 | N40: =M40/B40 -> 570.92637 | O40: =M40/C40 -> 589.10012 | P40: =+E40+I40+M40 -> 1109855.5 | Q40: =P40/B40 -> 857.95021 | R40: =P40/C40 -> 885.26052
P42: -1320860.8

Sheet Trim Rwd
A1: PM 14 | B1: =+Report1!A9 -> 45839
A3: Tgl | B3: Grade | C3: Ply | D3: Kombinasi Pot. | E3: Lebar Trim | F3: Jml Turunan | G3: Lebar x Turunan | H3: Rata-rata | I3: PHP PM
A4: 45839 | B4: T 12,5 | C4: 1 | D4: 257*1 | E4: =257*1 -> 257 | F4: =14+19 -> 33 | G4: =+E4*F4 -> 8481 | H4: =+SUM(G4/F4) -> 257 | I4: =+'1'!I38 -> 36.692
B5: F 13 | C5: 1 | D5: 68*3+47,5 | E5: =68*3+47.5 -> 251.5 | F5: =1+8+4+8+7 -> 28 | G5: =+E5*F5 -> 7042 | H5: =+SUM(G5/F5) -> 251.5
A7: 45840 | B7: F 13 | C7: 1 | D7: 68*3+47,5 | E7: =68*3+47.5 -> 251.5 | F7: 70 | G7: =+E7*F7 -> 17605 | H7: =+SUM(G7/F7) -> 251.5 | I7: =+'2'!I38 -> 39.07
B8: F 12 | C8: 1 | D8: 120+126 | E8: =120+126 -> 246 | F8: =6/2 -> 3 | G8: =+E8*F8 -> 738 | H8: =+SUM(G8/F8) -> 246
A10: 45841 | B10: F 12 | C10: 1 | D10: 120+126 | E10: =120+126 -> 246 | F10: 3 | G10: =+E10*F10 -> 738 | H10: =+SUM(F10*E10+F11*E11+F12*E12)/SUM(F10:F12) -> 265.01639 | I10: =+'3'!I38 -> 41.876
B11: F 12 | C11: 1 | D11: 133*2 | E11: =133*2 -> 266 | F11: =10+13+6 -> 29 | G11: =+E11*F11 -> 7714
B12: F 12 | C12: 1 | D12: 126+140 | E12: =126+140 -> 266 | F12: =7+3+4+13+2 -> 29 | G12: =+E12*F12 -> 7714
A14: 45842 | B14: F 12 | C14: 1 | D14: 133*2 | E14: =133*2 -> 266 | F14: =124/2 -> 62 | G14: =+E14*F14 -> 16492 | H14: =+SUM(G14/F14) -> 266 | I14: =+'4'!I38 -> 42.342
A16: 45843 | B16: F 12 | C16: 1 | D16: 133*2 | E16: =133*2 -> 266 | F16: =9+3 -> 12 | G16: =+E16*F16 -> 3192 | H16: =+SUM(G16/F16) -> 266 | I16: =+'5'!I38 -> 43.318
B17: F 12,5 | C17: 1 | D17: 133*2 | E17: =133*2 -> 266 | F17: =4+4+13+1 -> 22 | G17: =+E17*F17 -> 5852 | H17: =+SUM(G17/F17) -> 266
B18: F 13 | C18: 1 | D18: 129*2 | E18: =129*2 -> 258 | F18: =5+13+9+5 -> 32 | G18: =+E18*F18 -> 8256 | H18: =+SUM(G18/F18) -> 258
A20: 45844 | B20: F 13 | C20: 1 | D20: 129*2 | E20: =129*2 -> 258 | F20: =13+10+5 -> 28 | G20: =+E20*F20 -> 7224 | H20: =+SUM(F20*E20+F21*E21)/SUM(F20:F21) -> 261.44667 | I20: =+'6'!I38 -> 43.296
B21: F 13 | C21: 1 | D21: 72*3+47.5 | E21: =72*3+47.5 -> 263.5 | F21: =8+2+8+8+8+8+5 -> 47 | G21: =+E21*F21 -> 12384.5
A23: 45845 | B23: F 13 | C23: 1 | D23: 72*3+47.5 | E23: =72*3+47.5 -> 263.5 | F23: =8+1+8+4 -> 21 | G23: =+E23*F23 -> 5533.5 | H23: =+SUM(G23/F23) -> 263.5 | I23: =+'7'!I38 -> 42.279
B24: T 13 | C24: 1 | D24: 256,5*1 | E24: =256.5*1 -> 256.5 | F24: =9+10 -> 19 | G24: =+E24*F24 -> 4873.5 | H24: =+SUM(G24/F24) -> 256.5
A26: 45846 | B26: T 13 | C26: 1 | D26: 256,5*1 | E26: =256.5*1 -> 256.5 | F26: 26 | G26: =+E26*F26 -> 6669 | H26: =+SUM(G26/F26) -> 256.5 | I26: =+'8'!I38 -> 42.275
A28: 45847 | B28: T 13 | C28: 1 | D28: 256,5*1 | E28: =256.5*1 -> 256.5 | F28: =9+9+7 -> 25 | G28: =+E28*F28 -> 6412.5 | H28: =+SUM(F28*E28+F29*E29+F30*E30)/SUM(F28:F30) -> 252.26042 | I28: =+'9'!I38 -> 44.096
B29: T 13 | C29: 1 | D29: 133+114 | E29: =133+114 -> 247 | F29: =2+3+13 -> 18 | G29: =+E29*F29 -> 4446
B30: T 12,5 | C30: 1 | D30: 250*1 | E30: =250*1 -> 250 | F30: 5 | G30: =+E30*F30 -> 1250
A32: 45848 | B32: T 13 | C32: 1 | D32: 256,5*1 | E32: =256.5*1 -> 256.5 | F32: =9+9+8 -> 26 | G32: =+E32*F32 -> 6669 | H32: =+SUM(F32*E32+F33*E33+F34*E34)/SUM(F32:F34) -> 256.03571 | I32: =+'10'!I38 -> 42.022
B33: T 12,5 | C33: 1 | D33: 250*1 | E33: =250*1 -> 250 | F33: 2 | G33: =+E33*F33 -> 500
A35: 45849 | B35: T 13 | C35: 1 | D35: 256,5*1 | E35: =256.5*1 -> 256.5 | F35: 28 | G35: =+E35*F35 -> 7182 | H35: =+SUM(G35/F35) -> 256.5 | I35: =+'11'!I38 -> 41.668
A37: 45850 | B37: T 13 | C37: 1 | D37: 256,5*1 | E37: =256.5*1 -> 256.5 | F37: 29 | G37: =+E37*F37 -> 7438.5 | H37: =+SUM(G37/F37) -> 256.5 | I37: =+'12'!I38 -> 46.684
A39: 45851 | B39: T 13 | C39: 1 | D39: 256,5*1 | E39: =256.5*1 -> 256.5 | F39: 8 | G39: =+E39*F39 -> 2052 | H39: =+SUM(G39/F39) -> 256.5 | I39: =+'13'!I38 -> 40.834
B40: F 11,5 | C40: 1 | D40: 122,5*2 | E40: =122.5*2 -> 245 | F40: 12 | G40: =+E40*F40 -> 2940 | H40: =+SUM(G40/F40) -> 245
A42: 45852 | B42: F 11,5 | C42: 1 | D42: 122,5*2 | E42: =122.5*2 -> 245 | F42: 2 | G42: =+E42*F42 -> 490 | H42: =+SUM(G42/F42) -> 245 | I42: =+'14'!I38 -> 12.348
B43: F 12 | C43: 1 | D43: 133*2 | E43: =133*2 -> 266 | F43: 13 | G43: =+E43*F43 -> 3458 | H43: =+SUM(G43/F43) -> 266
A45: 45853 | B45: F 12 | C45: 1 | D45: 133*2 | E45: =133*2 -> 266 | F45: 7 | G45: =+E45*F45 -> 1862 | H45: =+SUM(G45/F45) -> 266 | I45: =+'15'!I38 -> 43.017
B46: F 13 | C46: 1 | D46: 133*2 | E46: =133*2 -> 266 | F46: =14+13+7+3+11 -> 48 | G46: =+E46*F46 -> 12768 | H46: =+SUM(F46*E46+F47*E47+F48*E48)/SUM(F46:F48) -> 263.4
B47: F 13 | C47: 1 | D47: 40*3+45*3 | E47: =40*3+45*3 -> 255 | F47: =5+3 -> 8 | G47: =+E47*F47 -> 2040
B48: F 13 | C48: 1 | D48: 128,5*2 | E48: =128.5*2 -> 257 | F48: 9 | G48: =+E48*F48 -> 2313
A50: 45854 | B50: F 13 | C50: 1 | D50: 40*3+45*3 | E50: =40*3+45*3 -> 255 | F50: =60/6 -> 10 | G50: =+E50*F50 -> 2550 | H50: =+SUM(F50*E50+F51*E51+F52*E52)/SUM(F50:F52) -> 256.74359 | I50: =+'16'!I38 -> 43.494
B51: F 13 | C51: 1 | D51: 128,5*2 | E51: =128.5*2 -> 257 | F51: =136/2 -> 68 | G51: =+E51*F51 -> 17476
A53: 45855 | B53: F 13 | C53: 1 | D53: 128,5*2 | E53: =128.5*2 -> 257 | F53: =158/2 -> 79 | G53: =+E53*F53 -> 20303 | H53: =+SUM(G53/F53) -> 257 | I53: =+'17'!I38 -> 45.206
A55: 45856 | B55: F 13 | C55: 1 | D55: 128,5*2 | E55: =128.5*2 -> 257 | F55: 45 | G55: =+E55*F55 -> 11565 | H55: =+SUM(G55/F55) -> 257 | I55: =+'18'!I38 -> 45.74
B56: T 15 | C56: 1 | D56: 253*1 | E56: =253*1 -> 253 | F56: =30+5 -> 35 | G56: =+E56*F56 -> 8855 | H56: =+SUM(G56/F56) -> 253
A58: 45857 | B58: T 15 | C58: 1 | D58: 253*1 | E58: =253*1 -> 253 | F58: =22+23 -> 45 | G58: =+E58*F58 -> 11385 | H58: =+SUM(G58/F58) -> 253 | I58: =+'19'!I38 -> 46.281
B59: T 12,5 | C59: 1 | D59: 257*1 | E59: =257*1 -> 257 | F59: =22+3 -> 25 | G59: =+E59*F59 -> 6425 | H59: =+SUM(G59/F59) -> 257
A61: 45858 | B61: T 12,5 | C61: 1 | D61: 257*1 | E61: =257*1 -> 257 | F61: =22+3 -> 25 | G61: =+E61*F61 -> 6425 | H61: =+SUM(G61/F61) -> 257 | I61: =+'20'!I38 -> 44.621
A63: 45859 | B63: T 12,5 | C63: 1 | D63: 257*1 | E63: =257*1 -> 257 | F63: 17 | G63: =+E63*F63 -> 4369 | H63: =+SUM(G63/F63) -> 257 | I63: =+'21'!I38 -> 40.161
B64: F 11,5 | C64: 1 | D64: 140+122,5 | E64: =140+122.5 -> 262.5 | F64: =84/2 -> 42 | G64: =+E64*F64 -> 11025 | H64: =+SUM(G64/F64) -> 262.5
A66: 45860 | B66: F 11,5 | C66: 1 | D66: 140+122,5 | E66: =140+122.5 -> 262.5 | F66: 10 | G66: =+E66*F66 -> 2625 | H66: =+SUM(G66/F66) -> 262.5 | I66: =+'22'!I38 -> 44.03
B67: F 14 | C67: 1 | D67: 140+120 | E67: =140+120 -> 260 | F67: =102/2 -> 51 | G67: =+E67*F67 -> 13260 | H67: =+SUM(G67/F67) -> 260
A69: 45861 | B69: F 14 | C69: 1 | D69: 140+120 | E69: =140+120 -> 260 | F69: =102/2 -> 51 | G69: =+E69*F69 -> 13260 | H69: =+SUM(G69/F69) -> 260 | I69: =+'23'!I38 -> 26.029
A71: 45862 | B71: F 14 | C71: 1 | D71: 140+120 | E71: =140+120 -> 260 | F71: 49 | G71: =+E71*F71 -> 12740 | H71: =+SUM(G71/F71) -> 260 | I71: =+'24'!I38 -> 42.289
A73: 45863 | B73: F 14 | C73: 1 | D73: 140+120 | E73: =140+120 -> 260 | F73: =110/2 -> 55 | G73: =+E73*F73 -> 14300 | H73: =+SUM(G73/F73) -> 260 | I73: =+'25'!I38 -> 43.67
A75: 45864 | B75: F 14 | C75: 1 | D75: 140+120 | E75: =140+120 -> 260 | F75: =124/2 -> 62 | G75: =+E75*F75 -> 16120 | H75: =+SUM(G75/F75) -> 260 | I75: =+'26'!I38 -> 44.673
A77: 45865 | B77: F 14 | C77: 1 | D77: 140+120 | E77: =140+120 -> 260 | F77: =124/2 -> 62 | G77: =+E77*F77 -> 16120 | H77: =+SUM(G77/F77) -> 260 | I77: =+'27'!I38 -> 45.445
B78: F 12 | C78: 1 | D78: 255*1 | E78: =255*1 -> 255 | F78: 0 | G78: 0 | H78: =+E78 -> 255
A80: 45866 | B80: F 14 | C80: 1 | D80: 140+120 | E80: =140+120 -> 260 | F80: 2 | G80: =+E80*F80 -> 520 | H80: =+SUM(G80/F80) -> 260 | I80: =+'28'!I38 -> 42.545
B81: F 12 | C81: 1 | D81: 120+135 | E81: =120+135 -> 255 | F81: =13+3 -> 16 | G81: =+E81*F81 -> 4080 | H81: =+SUM(F81*E81+F82*E82+F83*E83)/SUM(F81:F83) -> 260.92105
B82: F 12 | C82: 1 | D82: 140+122,5 | E82: =140+122.5 -> 262.5 | F82: =2+13+13+4+13+4+11 -> 60 | G82: =+E82*F82 -> 15750
A84: 45867 | B84: F 12 | C84: 1 | D84: 140+122,5 | E84: =140+122.5 -> 262.5 | F84: =13+7+5+13+15+1 -> 54 | G84: =+E84*F84 -> 14175 | H84: =+SUM(G84/F84) -> 262.5 | I84: =+'29'!I38 -> 42.968
B85: F 13 | C85: 1 | D85: 47,5+107,5*2 | E85: =47.5+107.5*2 -> 262.5 | F85: =10+10+2 -> 22 | G85: =+E85*F85 -> 5775 | H85: =+SUM(G85/F85) -> 262.5
A87: 45868 | B87: F 13 | C87: 1 | D87: 47,5+107,5*2 | E87: =47.5+107.5*2 -> 262.5 | F87: =48/2 -> 24 | G87: =+E87*F87 -> 6300 | H87: =+SUM(G87/F87) -> 262.5 | I87: =+'29'!I38 -> 42.968
B88: T 13 | C88: 1 | D88: 129+140 | E88: =129+140 -> 269 | F88: =25+33+4 -> 62 | G88: =+E88*F88 -> 16678 | H88: =+SUM(G88/F88) -> 269
A90: 45869 | B90: T 13 | C90: 1 | D90: 129+140 | E90: =129+140 -> 269 | F90: =152/2 -> 76 | G90: =+E90*F90 -> 20444 | H90: =+SUM(G90/F90) -> 269 | I90: =+'31'!I38 -> 45.921

Sheet Efficiency1
A1: PM14 Efficiency Report
A3: Date | B3: Grade | C3: Speed real (ton) with Available Time | D3: Colour | E3: gsm | F3: Ply | G3: Standard | L3: Real Running | O3: Trim Rewinder (cm) | P3: Trim Rewinder x Running Time | Q3: Available Time (mnt) | R3: Down Time (mnt) | S3: Loss Time (mnt) | T3: Real Speed & Real Creepe Ratio with Available Time (ton) | U3: Real Speed & Real Creepe Ratio setelah dipotong DT & LT (ton) | V3: Loss tonase akibat DT + LT dari hitungan Teori with available time (ton) | W3: Accepted (ton) | X3: Real Eff dr Target Eff | Y3: Backlog | Z3: Reject Rewinder (ton) | AA3: Estimasi Reject to Broke Plant (ton) | AB3: Estimasi Faktor BW (ton) | AC3: Loss Opportunity in Speed (ton) | AD3: Downtime/ Losstime | AE3: Reason of Downtime / Losstime | AF3: Loss Time | AM3: Total Losstime | AN3: Unschedule Shut Down (mnt) | AS3: Schedule Shut Down | AT3: Marketing | AV3: EXT FACTOR | AX3: EXT FACTOR | AZ3: MANAGEMENT | BA3: Total Down Time | BB3: Freq. Sheets Break (X) | BC3: Freq. Change Blade (X) | BD3: Steam, & gangguan sinergy (X) | BE3: Freq, Trip PLN (X) | BF3: Cleaning Holes (X)
AF4: Proses | AI4: Change Grade/Cleaning | AJ4: Mekanik | AK4: Electric & Instrument | AL4: Boiler | AN4: Down Time Produksi | AO4: Mekanik | AP4: Electrical & Instrument | AQ4: Boiler | AR4: Total Unschedule Shut Down | AV4: LOSS | AW4: DOWN TIME | AX4: LOSS | AY4: DOWN TIME
G5: Yankee Speed (mpm) | H5: Max % Creeping | I5: Target Eff | J5: Kapasitas PM-Teori (ton) | K5: Teori (ton) with Available Time | L5: Yankee Speed (mpm) | M5: Popereel Speed (mpm) | N5: % Creeping | AF5: sheet break | AG5: change blade | AH5: change spool | AT5: Loss time | AU5: Down Time | AV5: SINERGY | AW5: SINERGY | AX5: PLN | AY5: PLN
A6: =+Report1!A9 -> 45839 | B6: Toilet | C6: =(M6*E6*O6*Q6)/100000000 -> 24.323048 | D6: VP OW | E6: 12.5 | F6: 1 | G6: 1230 | H6: 0.23 | I6: 0.88 | J6: =E6*G6*(1-H6)*1440/1000000*2.74 -> 46.710972 | K6: =(IF(G6<L6,L6,G6)*(1-IF(H6<N6,H6,N6))*E6*O6*Q6)/100000000 -> 25.37494 | L6: 1179.0116 | M6: 907.83895 | N6: =1-(M6/L6) -> 0.23 | O6: =+'Trim Rwd'!H4 -> 257 | P6: =O6*(Q6-R6-S6) -> 165508 | Q6: =688+146 -> 834 | R6: 146 | S6: 44 | T6: =E6*M6*O6*Q6/100000000 -> 24.323048 | U6: =E6*M6*O6*(Q6-R6-S6)/100000000 -> 18.781826 | V6: =E6*G6*(1-N6)*O6/100*(R6+S6)/1000000 -> 5.7808616 | W6: =+'1'!K7/1000 -> 21.165 | X6: =SUM(W6:W10)/SUM(K6:K10) -> 0.7960581 | Y6: 0 | Z6: =+'1'!D25/1000 -> 0 | AA6: =SUM(U6:U10)-SUM(W6:W10)-SUM(Z6:Z10)-SUM(Y6:Y10) -> 0.7935653 | AB6: =(SUM(K6:K10)-SUM(W6:W10)-SUM(Y6:Y10)-SUM(Z6:Z10)-SUM(AC6:AC10)-SUM(V6:V10))-AA6 -> 0.062897452 | AC6: =K6-T6 -> 1.0518918 | AD6: =+AM6+BA6 -> 21 | AE6: - Sheet Breaks (6x) | AF6: 21 | AM6: =SUM(AF6:AL6)+AT6+AV6+AX6 -> 21 | AR6: =SUM(AN6:AQ6) -> 0 | BA6: =+AR6+AS6+AU6+AW6+AY6+AZ6 -> 0 | BB6: 6 | BD6: 3
B7: Facial | C7: =(M7*E7*O7*Q7)/100000000 -> 18.701612 | D7: VP OW | E7: 13 | F7: 1 | G7: 1230 | H7: 0.22 | I7: 0.88 | J7: =E7*G7*(1-H7)*1440/1000000*2.74 -> 49.210312 | K7: =(IF(G7<L7,L7,G7)*(1-IF(H7<N7,H7,N7))*E7*O7*Q7)/100000000 -> 19.008755 | L7: 1225.8416 | M7: 943.89802 | N7: =1-(M7/L7) -> 0.23 | O7: =+'Trim Rwd'!H5 -> 251.5 | P7: =O7*(Q7-R7-S7) -> 141343 | Q7: 606 | R7: 0 | S7: 44 | T7: =E7*M7*O7*Q7/100000000 -> 18.701612 | U7: =E7*M7*O7*(Q7-R7-S7)/100000000 -> 17.343739 | V7: =E7*G7*(1-N7)*O7/100*(R7+S7)/1000000 -> 1.3624791 | W7: =+'1'!K8/1000 -> 14.167 | AD7: =+AM7+BA7 -> 10 | AE7: - Change Blade (5x) | AG7: 10 | AM7: =SUM(AF7:AL7)+AT7+AV7+AX7 -> 10 | AR7: =SUM(AN7:AQ7) -> 0 | BA7: =+AR7+AS7+AU7+AW7+AY7+AZ7 -> 0 | BC7: 5
AD8: =+AM8+BA8 -> 39 | AE8: - Change Spool (27x) | AH8: 39 | AM8: =SUM(AF8:AL8)+AT8+AV8+AX8 -> 39 | AR8: =SUM(AN8:AQ8) -> 0 | BA8: =+AR8+AS8+AU8+AW8+AY8+AZ8 -> 0
AD9: =+AM9+BA9 -> 18 | AE9: - Steam drop | AM9: =SUM(AF9:AL9)+AT9+AV9+AX9 -> 18 | AR9: =SUM(AN9:AQ9) -> 0 | AV9: 18 | BA9: =+AR9+AS9+AU9+AW9+AY9+AZ9 -> 0
AD10: =+AM10+BA10 -> 146 | AE10: - 14:00 PM stop (steam boiler off) | AM10: =SUM(AF10:AL10)+AT10+AV10+AX10 -> 0 | AR10: =SUM(AN10:AQ10) -> 0 | AW10: 146 | BA10: =+AR10+AS10+AU10+AW10+AY10+AZ10 -> 146
AM11: =SUM(AF11:AL11)+AT11+AV11+AX11 -> 0
A12: 45840 | B12: Facial | C12: =(M12*E12*O12*Q12)/100000000 -> 38.838191 | D12: VP OW | E12: 13 | F12: 1 | G12: 1230 | H12: 0.22 | I12: 0.88 | J12: =E12*G12*(1-H12)*1440/1000000*2.74 -> 49.210312 | K12: =(IF(G12<L12,L12,G12)*(1-IF(H12<N12,H12,N12))*E12*O12*Q12)/100000000 -> 39.83683 | L12: 1214.7396 | M12: 935.34951 | N12: =1-(M12/L12) -> 0.23 | O12: =+'Trim Rwd'!H7 -> 251.5 | P12: =O12*(Q12-R12-S12) -> 272877.5 | Q12: =1133+137 -> 1270 | R12: 137 | S12: 48 | T12: =E12*M12*O12*Q12/100000000 -> 38.838191 | U12: =E12*M12*O12*(Q12-R12-S12)/100000000 -> 33.180659 | V12: =E12*G12*(1-N12)*O12/100*(R12+S12)/1000000 -> 5.7286054 | W12: =+'2'!K8/1000 -> 35.624 | X12: =SUM(W12:W15)/SUM(K12:K15) -> 0.8370308 | Y12: 0 | Z12: =+'1'!D31/1000 -> 0 | AA12: =SUM(U12:U15)-SUM(W12:W15)-SUM(Z12:Z15)-SUM(Y12:Y15) -> 0.33100155 | AB12: =(SUM(K12:K15)-SUM(W12:W15)-SUM(Y12:Y15)-SUM(Z12:Z15)-SUM(AC12:AC15)-SUM(V12:V15))-AA12 -> -0.071073692 | AC12: =K12-T12 -> 0.99863989 | AD12: =+AM12+BA12 -> 6 | AE12: - Sheet Breaks (3x) | AF12: 6 | AM12: =SUM(AF12:AL12)+AT12+AV12+AX12 -> 6 | AR12: =SUM(AN12:AQ12) -> 0 | BA12: =+AR12+AS12+AU12+AW12+AY12+AZ12 -> 0 | BB12: 3 | BD12: 3
B13: Facial | C13: =(M13*E13*O13*Q13)/100000000 -> 4.7529266 | D13: VP OW | E13: 12 | F13: 1 | G13: 1230 | H13: 0.23 | I13: 0.88 | J13: =E13*G13*(1-H13)*1440/1000000*2.74 -> 44.842533 | K13: =(IF(G13<L13,L13,G13)*(1-IF(H13<N13,H13,N13))*E13*O13*Q13)/100000000 -> 4.7529266 | L13: 1230 | M13: 947.1 | N13: =1-(M13/L13) -> 0.23 | O13: =+'Trim Rwd'!H8 -> 246 | P13: =O13*(Q13-R13-S13) -> 39360 | Q13: 170 | R13: 0 | S13: 10 | T13: =E13*M13*O13*Q13/100000000 -> 4.7529266 | U13: =E13*M13*O13*(Q13-R13-S13)/100000000 -> 4.4733427 | V13: =E13*G13*(1-N13)*O13/100*(R13+S13)/1000000 -> 0.27958392 | W13: =+'2'!K9/1000 -> 1.699 | AD13: =+AM13+BA13 -> 8 | AE13: - Change Blade (5x) | AG13: 8 | AM13: =SUM(AF13:AL13)+AT13+AV13+AX13 -> 8 | AR13: =SUM(AN13:AQ13) -> 0 | BA13: =+AR13+AS13+AU13+AW13+AY13+AZ13 -> 0 | BC13: 5
AD14: =+AM14+BA14 -> 44 | AE14: - Change Spool (28x) | AH14: 44 | AM14: =SUM(AF14:AL14)+AT14+AV14+AX14 -> 44 | AR14: =SUM(AN14:AQ14) -> 0 | BA14: =+AR14+AS14+AU14+AW14+AY14+AZ14 -> 0
AD15: =+AM15+BA15 -> 137 | AE15: - 11:40 PM stop steam off | AM15: =SUM(AF15:AL15)+AT15+AV15+AX15 -> 0 | AR15: =SUM(AN15:AQ15) -> 0 | AW15: 137 | BA15: =+AR15+AS15+AU15+AW15+AY15+AZ15 -> 137
BD16: 5
A17: 45841 | B17: Facial | C17: =(M17*E17*O17*Q17)/100000000 -> 43.372286 | D17: VP OW | E17: 12 | F17: 1 | G17: 1230 | H17: 0.23 | I17: 0.88 | J17: =E17*G17*(1-H17)*1440/1000000*2.74 -> 44.842533 | K17: =(IF(G17<L17,L17,G17)*(1-IF(H17<N17,H17,N17))*E17*O17*Q17)/100000000 -> 43.372286 | L17: 1230 | M17: 947.1 | N17: =1-(M17/L17) -> 0.23 | O17: =+'Trim Rwd'!H10 -> 265.01639 | P17: =O17*(Q17-R17-S17) -> 361217.34 | Q17: 1440 | R17: 0 | S17: 77 | T17: =E17*M17*O17*Q17/100000000 -> 43.372286 | U17: =E17*M17*O17*(Q17-R17-S17)/100000000 -> 41.053074 | V17: =E17*G17*(1-N17)*O17/100*(R17+S17)/1000000 -> 2.3192125 | W17: =+'3'!K9/1000 -> 39.783 | X17: =SUM(W17:W20)/SUM(K17:K20) -> 0.91724471 | Y17: =+SUM(RBP!AG8:AG9) -> 0 | Z17: =+'1'!D36/1000 -> 0 | AA17: =SUM(U17:U20)-SUM(W17:W20)-SUM(Z17:Z20)-SUM(Y17:Y20) -> 1.2700736 | AB17: =(SUM(K17:K20)-SUM(W17:W20)-SUM(Y17:Y20)-SUM(Z17:Z20)-SUM(AC17:AC20)-SUM(V17:V20))-AA17 -> 3.1086245e-15 | AC17: =K17-T17 -> 0 | AD17: =+AM17+BA17 -> 15 | AE17: - Sheet Breaks (5x) | AF17: 15 | AM17: =SUM(AF17:AL17)+AT17+AV17+AX17 -> 15 | AR17: =SUM(AN17:AQ17) -> 0 | BA17: =+AR17+AS17+AU17+AW17+AY17+AZ17 -> 0 | BB17: 5
AD18: =+AM18+BA18 -> 9 | AE18: - Change Blade (5x) | AG18: 9 | AM18: =SUM(AF18:AL18)+AT18+AV18+AX18 -> 9 | AR18: =SUM(AN18:AQ18) -> 0 | BA18: =+AR18+AS18+AU18+AW18+AY18+AZ18 -> 0 | BC18: 5
AD19: =+AM19+BA19 -> 53 | AE19: - Change Spool (29x) | AH19: 53 | AM19: =SUM(AF19:AL19)+AT19+AV19+AX19 -> 53 | AR19: =SUM(AN19:AQ19) -> 0 | BA19: =+AR19+AS19+AU19+AW19+AY19+AZ19 -> 0
A21: 45842 | B21: Facial | C21: =(M21*E21*O21*Q21)/100000000 -> 43.533262 | D21: VP OW | E21: 12 | F21: 1 | G21: 1230 | H21: 0.23 | I21: 0.88 | J21: =E21*G21*(1-H21)*1440/1000000*2.74 -> 44.842533 | K21: =(IF(G21<L21,L21,G21)*(1-IF(H21<N21,H21,N21))*E21*O21*Q21)/100000000 -> 43.533262 | L21: 1230 | M21: 947.1 | N21: =1-(M21/L21) -> 0.23 | O21: =+'Trim Rwd'!H14 -> 266 | P21: =O21*(Q21-R21-S21) -> 366548 | Q21: 1440 | R21: 0 | S21: 62 | T21: =E21*M21*O21*Q21/100000000 -> 43.533262 | U21: =E21*M21*O21*(Q21-R21-S21)/100000000 -> 41.658913 | V21: =E21*G21*(1-N21)*O21/100*(R21+S21)/1000000 -> 1.8743488 | W21: =+'4'!K9/1000 -> 41.906 | X21: =SUM(W21:W24)/SUM(K21:K24) -> 0.96262026 | Y21: 0 | Z21: =+'1'!D40/1000 -> 0 | AA21: =SUM(U21:U24)-SUM(W21:W24)-SUM(Z21:Z24)-SUM(Y21:Y24) -> -0.2470867 | AB21: =(SUM(K21:K24)-SUM(W21:W24)-SUM(Y21:Y24)-SUM(Z21:Z24)-SUM(AC21:AC24)-SUM(V21:V24))-AA21 -> 6.2172489e-15 | AC21: =K21-T21 -> 0 | AD21: =+AM21+BA21 -> 9 | AE21: - Sheet Breaks (3x) | AF21: 9 | AM21: =SUM(AF21:AL21)+AT21+AV21+AX21 -> 9 | AR21: =SUM(AN21:AQ21) -> 0 | BA21: =+AR21+AS21+AU21+AW21+AY21+AZ21 -> 0 | BB21: 3
AD22: =+AM22+BA22 -> 16 | AE22: - Change Blade (9x) | AG22: 16 | AM22: =SUM(AF22:AL22)+AT22+AV22+AX22 -> 16 | AR22: =SUM(AN22:AQ22) -> 0 | BA22: =+AR22+AS22+AU22+AW22+AY22+AZ22 -> 0 | BC22: 9
AD23: =+AM23+BA23 -> 37 | AE23: - Change Spool (28x) | AH23: 37 | AM23: =SUM(AF23:AL23)+AT23+AV23+AX23 -> 37 | AR23: =SUM(AN23:AQ23) -> 0 | BA23: =+AR23+AS23+AU23+AW23+AY23+AZ23 -> 0
A25: 45843 | B25: Facial | C25: =(M25*E25*O25*Q25)/100000000 -> 5.8951292 | D25: VP OW | E25: 12 | F25: 1 | G25: 1230 | H25: 0.23 | I25: 0.88 | J25: =E25*G25*(1-H25)*1440/1000000*2.74 -> 44.842533 | K25: =(IF(G25<L25,L25,G25)*(1-IF(H25<N25,H25,N25))*E25*O25*Q25)/100000000 -> 5.8951292 | L25: 1230 | M25: 947.1 | N25: =1-(M25/L25) -> 0.23 | O25: =+'Trim Rwd'!H16 -> 266 | P25: =O25*(Q25-R25-S25) -> 47880 | Q25: 195 | R25: 0 | S25: 15 | T25: =E25*M25*O25*Q25/100000000 -> 5.8951292 | U25: =E25*M25*O25*(Q25-R25-S25)/100000000 -> 5.4416578 | V25: =E25*G25*(1-N25)*O25/100*(R25+S25)/1000000 -> 0.45347148 | W25: =+'5'!K9/1000 -> 3.408 | X25: =SUM(W25:W28)/SUM(K25:K28) -> 0.90884413 | Y25: 0 | Z25: =+'1'!D44/1000 -> 0 | AA25: =SUM(U25:U28)-SUM(W25:W28)-SUM(Z25:Z28)-SUM(Y25:Y28) -> 1.7245654 | AB25: =(SUM(K25:K28)-SUM(W25:W28)-SUM(Y25:Y28)-SUM(Z25:Z28)-SUM(AC25:AC28)-SUM(V25:V28))-AA25 -> 0.23107087 | AC25: =K25-T25 -> 0 | AD25: =+AM25+BA25 -> 12 | AE25: - Sheet Breaks (3x) | AF25: 12 | AM25: =SUM(AF25:AL25)+AT25+AV25+AX25 -> 12 | AR25: =SUM(AN25:AQ25) -> 0 | BA25: =+AR25+AS25+AU25+AW25+AY25+AZ25 -> 0 | BB25: 3
B26: Facial | C26: =(M26*E26*O26*Q26)/100000000 -> 17.792457 | D26: VP OW | E26: 12.5 | F26: 1 | G26: 1230 | H26: 0.22 | I26: 0.88 | J26: =E26*G26*(1-H26)*1440/1000000*2.74 -> 47.317608 | K26: =(IF(G26<L26,L26,G26)*(1-IF(H26<N26,H26,N26))*E26*O26*Q26)/100000000 -> 18.023528 | L26: 1230 | M26: 947.1 | N26: =1-(M26/L26) -> 0.23 | O26: =+'Trim Rwd'!H17 -> 266 | P26: =O26*(Q26-R26-S26) -> 143640 | Q26: 565 | R26: 0 | S26: 25 | T26: =E26*M26*O26*Q26/100000000 -> 17.792457 | U26: =E26*M26*O26*(Q26-R26-S26)/100000000 -> 17.00518 | V26: =E26*G26*(1-N26)*O26/100*(R26+S26)/1000000 -> 0.78727687 | W26: =+'5'!K10/1000 -> 19.792 | AD26: =+AM26+BA26 -> 9 | AE26: - Change Blade (5x) | AG26: 9 | AM26: =SUM(AF26:AL26)+AT26+AV26+AX26 -> 9 | AR26: =SUM(AN26:AQ26) -> 0 | BA26: =+AR26+AS26+AU26+AW26+AY26+AZ26 -> 0 | BC26: 5
B27: Facial | C27: =(M27*E27*O27*Q27)/100000000 -> 21.600699 | D27: VP OW | E27: 13 | F27: 1 | G27: 1230 | H27: 0.23 | I27: 0.88 | J27: =E27*G27*(1-H27)*1440/1000000*2.74 -> 48.579411 | K27: =(IF(G27<L27,L27,G27)*(1-IF(H27<N27,H27,N27))*E27*O27*Q27)/100000000 -> 21.600699 | L27: 1230 | M27: 947.1 | N27: =1-(M27/L27) -> 0.23 | O27: =+'Trim Rwd'!H18 -> 258 | P27: =O27*(Q27-R27-S27) -> 167700 | Q27: 680 | R27: 0 | S27: 30 | T27: =E27*M27*O27*Q27/100000000 -> 21.600699 | U27: =E27*M27*O27*(Q27-R27-S27)/100000000 -> 20.647727 | V27: =E27*G27*(1-N27)*O27/100*(R27+S27)/1000000 -> 0.95297202 | W27: =+'5'!K8/1000 -> 18.17 | AD27: =+AM27+BA27 -> 49 | AE27: - Change Spool (29x) | AH27: 49 | AM27: =SUM(AF27:AL27)+AT27+AV27+AX27 -> 49 | AR27: =SUM(AN27:AQ27) -> 0 | BA27: =+AR27+AS27+AU27+AW27+AY27+AZ27 -> 0
A29: 45844 | B29: Facial | C29: =(M29*E29*O29*Q29)/100000000 -> 46.353741 | D29: VP OW | E29: 13 | F29: 1 | G29: 1230 | H29: 0.23 | I29: 0.88 | J29: =E29*G29*(1-H29)*1440/1000000*2.74 -> 48.579411 | K29: =(IF(G29<L29,L29,G29)*(1-IF(H29<N29,H29,N29))*E29*O29*Q29)/100000000 -> 46.353741 | L29: 1230 | M29: 947.1 | N29: =1-(M29/L29) -> 0.23 | O29: =+'Trim Rwd'!H20 -> 261.44667 | P29: =O29*(Q29-R29-S29) -> 349815.64 | Q29: 1440 | R29: 0 | S29: 102 | T29: =E29*M29*O29*Q29/100000000 -> 46.353741 | U29: =E29*M29*O29*(Q29-R29-S29)/100000000 -> 43.070351 | V29: =E29*G29*(1-N29)*O29/100*(R29+S29)/1000000 -> 3.28339 | W29: =+'6'!K8/1000 -> 42.211 | X29: =SUM(W29:W32)/SUM(K29:K32) -> 0.91062769 | Y29: =+SUM(RBP!AG20:AG21) -> 0 | Z29: =+'6'!D34/1000 -> 0.458 | AA29: =SUM(U29:U32)-SUM(W29:W32)-SUM(Z29:Z32)-SUM(Y29:Y32) -> 0.40135104 | AB29: =(SUM(K29:K32)-SUM(W29:W32)-SUM(Y29:Y32)-SUM(Z29:Z32)-SUM(AC29:AC32)-SUM(V29:V32))-AA29 -> 0 | AC29: =K29-T29 -> 0 | AD29: =+AM29+BA29 -> 57 | AE29: - Sheet Breaks (15x) | AF29: 57 | AM29: =SUM(AF29:AL29)+AT29+AV29+AX29 -> 57 | AR29: =SUM(AN29:AQ29) -> 0 | BA29: =+AR29+AS29+AU29+AW29+AY29+AZ29 -> 0 | BB29: 15 | BF29: 2
AD30: =+AM30+BA30 -> 0 | AE30: - Change Blade (0x) | AG30: 0 | AM30: =SUM(AF30:AL30)+AT30+AV30+AX30 -> 0 | AR30: =SUM(AN30:AQ30) -> 0 | BA30: =+AR30+AS30+AU30+AW30+AY30+AZ30 -> 0 | BC30: 0
AD31: =+AM31+BA31 -> 45 | AE31: - Change Spool (28x) | AH31: 45 | AM31: =SUM(AF31:AL31)+AT31+AV31+AX31 -> 45 | AR31: =SUM(AN31:AQ31) -> 0 | BA31: =+AR31+AS31+AU31+AW31+AY31+AZ31 -> 0
A33: 45845 | B33: Facial | C33: =(M33*E33*O33*Q33)/100000000 -> 9.5706586 | D33: VP OW | E33: 13 | F33: 1 | G33: 1230 | H33: 0.23 | I33: 0.88 | J33: =E33*G33*(1-H33)*1440/1000000*2.74 -> 48.579411 | K33: =(IF(G33<L33,L33,G33)*(1-IF(H33<N33,H33,N33))*E33*O33*Q33)/100000000 -> 9.5706586 | L33: 1230 | M33: 947.1 | N33: =1-(M33/L33) -> 0.23 | O33: =+'Trim Rwd'!H23 -> 263.5 | P33: =O33*(Q33-R33-S33) -> 69037 | Q33: 295 | R33: 0 | S33: 33 | T33: =E33*M33*O33*Q33/100000000 -> 9.5706586 | U33: =E33*M33*O33*(Q33-R33-S33)/100000000 -> 8.5000426 | V33: =E33*G33*(1-N33)*O33/100*(R33+S33)/1000000 -> 1.070616 | W33: =+'7'!K8/1000 -> 11.216 | X33: =SUM(W33:W36)/SUM(K33:K36) -> 0.88237815 | Y33: =+SUM(RBP!AG24:AG25) -> 0 | Z33: 0 | AA33: =SUM(U33:U36)-SUM(W33:W36)-SUM(Z33:Z36)-SUM(Y33:Y36) -> 0.70512038 | AB33: =(SUM(K33:K36)-SUM(W33:W36)-SUM(Y33:Y36)-SUM(Z33:Z36)-SUM(AC33:AC36)-SUM(V33:V36))-AA33 -> 1.1583609 | AC33: =K33-T33 -> 0 | AD33: =+AM33+BA33 -> 48 | AE33: - Sheet Breaks (18x) | AF33: 48 | AM33: =SUM(AF33:AL33)+AT33+AV33+AX33 -> 48 | AR33: =SUM(AN33:AQ33) -> 0 | BA33: =+AR33+AS33+AU33+AW33+AY33+AZ33 -> 0 | BB33: 18
B34: Toilet | C34: =(M34*E34*O34*Q34)/100000000 -> 34.937884 | D34: VP OW | E34: 13 | F34: 1 | G34: 1230 | H34: 0.23 | I34: 0.88 | J34: =E34*G34*(1-H34)*1440/1000000*2.74 -> 48.579411 | K34: =(IF(G34<L34,L34,G34)*(1-IF(H34<N34,H34,N34))*E34*O34*Q34)/100000000 -> 36.160302 | L34: 1188.4192 | M34: 915.08279 | N34: =1-(M34/L34) -> 0.23 | O34: =+'Trim Rwd'!H24 -> 256.5 | P34: =O34*(Q34-R34-S34) -> 278302.5 | Q34: 1145 | R34: 0 | S34: 60 | T34: =E34*M34*O34*Q34/100000000 -> 34.937884 | U34: =E34*M34*O34*(Q34-R34-S34)/100000000 -> 33.107078 | V34: =E34*G34*(1-N34)*O34/100*(R34+S34)/1000000 -> 1.894863 | W34: =+'7'!K11/1000 -> 29.136 | Z34: =+'7'!D7/1000 -> 0.55 | AD34: =+AM34+BA34 -> 0 | AE34: - Change Blade (0x) | AG34: 0 | AM34: =SUM(AF34:AL34)+AT34+AV34+AX34 -> 0 | AR34: =SUM(AN34:AQ34) -> 0 | BA34: =+AR34+AS34+AU34+AW34+AY34+AZ34 -> 0 | BC34: 0
AD35: =+AM35+BA35 -> 45 | AE35: - Change Spool (30x) | AH35: 45 | AM35: =SUM(AF35:AL35)+AT35+AV35+AX35 -> 45 | AR35: =SUM(AN35:AQ35) -> 0 | BA35: =+AR35+AS35+AU35+AW35+AY35+AZ35 -> 0
A37: 45846 | B37: Toilet | C37: =(M37*E37*O37*Q37)/100000000 -> 46.864397 | D37: VP OW | E37: 13 | F37: 1 | G37: 1230 | H37: 0.23 | I37: 0.88 | J37: =E37*G37*(1-H37)*1440/1000000*2.74 -> 48.579411 | K37: =(IF(G37<L37,L37,G37)*(1-IF(H37<N37,H37,N37))*E37*O37*Q37)/100000000 -> 47.248531 | L37: 1220 | M37: 976 | N37: =1-(M37/L37) -> 0.2 | O37: =+'Trim Rwd'!H26 -> 256.5 | P37: =O37*(Q37-R37-S37) -> 347557.5 | Q37: 1440 | R37: 0 | S37: 85 | T37: =E37*M37*O37*Q37/100000000 -> 46.864397 | U37: =E37*M37*O37*(Q37-R37-S37)/100000000 -> 44.098096 | V37: =E37*G37*(1-N37)*O37/100*(R37+S37)/1000000 -> 2.7889758 | W37: =+'8'!K11/1000 -> 38.69 | X37: =SUM(W37:W40)/SUM(K37:K40) -> 0.81886143 | Y37: =+SUM(RBP!AG28:AG29) -> 0 | Z37: =+'6'!D42/1000 -> 0 | AA37: =SUM(U37:U40)-SUM(W37:W40)-SUM(Z37:Z40)-SUM(Y37:Y40) -> 5.4080956 | AB37: =(SUM(K37:K40)-SUM(W37:W40)-SUM(Y37:Y40)-SUM(Z37:Z40)-SUM(AC37:AC40)-SUM(V37:V40))-AA37 -> -0.0226746 | AC37: =K37-T37 -> 0.3841344 | AD37: =+AM37+BA37 -> 45 | AE37: - Sheet Breaks (13x) | AF37: 45 | AM37: =SUM(AF37:AL37)+AT37+AV37+AX37 -> 45 | AR37: =SUM(AN37:AQ37) -> 0 | BA37: =+AR37+AS37+AU37+AW37+AY37+AZ37 -> 0 | BB37: 13 | BD37: 4
AD38: =+AM38+BA38 -> 8 | AE38: - Change Blade (6x) | AG38: 8 | AM38: =SUM(AF38:AL38)+AT38+AV38+AX38 -> 8 | AR38: =SUM(AN38:AQ38) -> 0 | BA38: =+AR38+AS38+AU38+AW38+AY38+AZ38 -> 0 | BC38: 6
AD39: =+AM39+BA39 -> 32 | AE39: - Change Spool (29x) | AH39: 32 | AM39: =SUM(AF39:AL39)+AT39+AV39+AX39 -> 32 | AR39: =SUM(AN39:AQ39) -> 0 | BA39: =+AR39+AS39+AU39+AW39+AY39+AZ39 -> 0
A41: 45847 | B41: Toilet | C41: =(M41*E41*O41*Q41)/100000000 -> 43.997809 | D41: VP OW | E41: 13 | F41: 1 | G41: 1230 | H41: 0.23 | I41: 0.88 | J41: =E41*G41*(1-H41)*1440/1000000*2.74 -> 48.579411 | K41: =(IF(G41<L41,L41,G41)*(1-IF(H41<N41,H41,N41))*E41*O41*Q41)/100000000 -> 44.725045 | L41: 1210 | M41: 931.7 | N41: =1-(M41/L41) -> 0.23 | O41: =+'Trim Rwd'!H28 -> 252.26042 | P41: =O41*(Q41-R41-S41) -> 340047.04 | Q41: 1440 | R41: 0 | S41: 92 | T41: =E41*M41*O41*Q41/100000000 -> 43.997809 | U41: =E41*M41*O41*(Q41-R41-S41)/100000000 -> 41.186838 | V41: =E41*G41*(1-N41)*O41/100*(R41+S41)/1000000 -> 2.8574335 | W41: =+'9'!K11/1000 -> 45.328 | X41: =SUM(W41:W44)/SUM(K41:K44) -> 1.0134814 | Y41: =+SUM(RBP!AG32:AG33) -> 0 | Z41: =+'6'!D46/1000 -> 0 | AA41: =SUM(U41:U44)-SUM(W41:W44)-SUM(Z41:Z44)-SUM(Y41:Y44) -> -4.1411623 | AB41: =(SUM(K41:K44)-SUM(W41:W44)-SUM(Y41:Y44)-SUM(Z41:Z44)-SUM(AC41:AC44)-SUM(V41:V44))-AA41 -> -0.046462333 | AC41: =K41-T41 -> 0.72723651 | AD41: =+AM41+BA41 -> 47 | AE41: - Sheet Breaks (13x) | AF41: 47 | AM41: =SUM(AF41:AL41)+AT41+AV41+AX41 -> 47 | AR41: =SUM(AN41:AQ41) -> 0 | BA41: =+AR41+AS41+AU41+AW41+AY41+AZ41 -> 0 | BB41: 13
AD42: =+AM42+BA42 -> 10 | AE42: - Change Blade (10x) | AG42: 10 | AM42: =SUM(AF42:AL42)+AT42+AV42+AX42 -> 10 | AR42: =SUM(AN42:AQ42) -> 0 | BA42: =+AR42+AS42+AU42+AW42+AY42+AZ42 -> 0 | BC42: 10
AD43: =+AM43+BA43 -> 35 | AE43: - Change Spool (28x) | AH43: 35 | AM43: =SUM(AF43:AL43)+AT43+AV43+AX43 -> 35 | AR43: =SUM(AN43:AQ43) -> 0 | BA43: =+AR43+AS43+AU43+AW43+AY43+AZ43 -> 0
A45: 45848 | B45: Toilet | C45: =(M45*E45*O45*Q45)/100000000 -> 44.387208 | D45: VP OW | E45: 13 | F45: 1 | G45: 1230 | H45: 0.23 | I45: 0.88 | J45: =E45*G45*(1-H45)*1440/1000000*2.74 -> 48.579411 | K45: =(IF(G45<L45,L45,G45)*(1-IF(H45<N45,H45,N45))*E45*O45*Q45)/100000000 -> 45.990326 | L45: 1187.125 | M45: 926.08625 | N45: =1-(M45/L45) -> 0.21989154 | O45: =+'Trim Rwd'!H32 -> 256.03571 | P45: =O45*(Q45-R45-S45) -> 343343.89 | Q45: 1440 | R45: 0 | S45: 99 | T45: =E45*M45*O45*Q45/100000000 -> 44.387208 | U45: =E45*M45*O45*(Q45-R45-S45)/100000000 -> 41.335588 | V45: =E45*G45*(1-N45)*O45/100*(R45+S45)/1000000 -> 3.1618349 | W45: =+'10'!K11/1000 -> 43.485 | X45: =SUM(W45:W48)/SUM(K45:K48) -> 0.94552493 | Y45: =+SUM(RBP!AG36:AG37) -> 0 | Z45: =+'6'!D50/1000 -> 0 | AA45: =SUM(U45:U48)-SUM(W45:W48)-SUM(Z45:Z48)-SUM(Y45:Y48) -> -2.1494124 | AB45: =(SUM(K45:K48)-SUM(W45:W48)-SUM(Y45:Y48)-SUM(Z45:Z48)-SUM(AC45:AC48)-SUM(V45:V48))-AA45 -> -0.11021437 | AC45: =K45-T45 -> 1.6031181 | AD45: =+AM45+BA45 -> 49 | AE45: - Sheet Breaks (13x) | AF45: 49 | AM45: =SUM(AF45:AL45)+AT45+AV45+AX45 -> 49 | AR45: =SUM(AN45:AQ45) -> 0 | BA45: =+AR45+AS45+AU45+AW45+AY45+AZ45 -> 0 | BB45: 13 | BF45: 3
AD46: =+AM46+BA46 -> 9 | AE46: - Change Blade (8x) | AG46: 9 | AM46: =SUM(AF46:AL46)+AT46+AV46+AX46 -> 9 | AR46: =SUM(AN46:AQ46) -> 0 | BA46: =+AR46+AS46+AU46+AW46+AY46+AZ46 -> 0 | BC46: 8
AD47: =+AM47+BA47 -> 41 | AE47: - Change Spool (27x) | AH47: 41 | AM47: =SUM(AF47:AL47)+AT47+AV47+AX47 -> 41 | AR47: =SUM(AN47:AQ47) -> 0 | BA47: =+AR47+AS47+AU47+AW47+AY47+AZ47 -> 0
A49: 45849 | B49: Toilet | C49: =(M49*E49*O49*Q49)/100000000 -> 44.389861 | D49: VP OW | E49: 13 | F49: 1 | G49: 1230 | H49: 0.23 | I49: 0.88 | J49: =E49*G49*(1-H49)*1440/1000000*2.74 -> 48.579411 | K49: =(IF(G49<L49,L49,G49)*(1-IF(H49<N49,H49,N49))*E49*O49*Q49)/100000000 -> 45.476711 | L49: 1200.6042 | M49: 924.46521 | N49: =1-(M49/L49) -> 0.23 | O49: =+'Trim Rwd'!H35 -> 256.5 | P49: =O49*(Q49-R49-S49) -> 347814 | Q49: 1440 | R49: 0 | S49: 84 | T49: =E49*M49*O49*Q49/100000000 -> 44.389861 | U49: =E49*M49*O49*(Q49-R49-S49)/100000000 -> 41.800452 | V49: =E49*G49*(1-N49)*O49/100*(R49+S49)/1000000 -> 2.6528082 | W49: =+'11'!K11/1000 -> 43.048 | X49: =SUM(W49:W52)/SUM(K49:K52) -> 0.94659439 | Y49: =+SUM(RBP!AG40:AG41) -> 0 | Z49: =+'6'!D54/1000 -> 0 | AA49: =SUM(U49:U52)-SUM(W49:W52)-SUM(Z49:Z52)-SUM(Y49:Y52) -> -1.2475475 | AB49: =(SUM(K49:K52)-SUM(W49:W52)-SUM(Y49:Y52)-SUM(Z49:Z52)-SUM(AC49:AC52)-SUM(V49:V52))-AA49 -> -0.063399599 | AC49: =K49-T49 -> 1.0868503 | AD49: =+AM49+BA49 -> 41 | AE49: - Sheet Breaks (28x) | AF49: 41 | AM49: =SUM(AF49:AL49)+AT49+AV49+AX49 -> 41 | AR49: =SUM(AN49:AQ49) -> 0 | BA49: =+AR49+AS49+AU49+AW49+AY49+AZ49 -> 0 | BB49: 28 | BF49: 1
AD50: =+AM50+BA50 -> 0 | AE50: - Change Blade (0x) | AG50: 0 | AM50: =SUM(AF50:AL50)+AT50+AV50+AX50 -> 0 | AR50: =SUM(AN50:AQ50) -> 0 | BA50: =+AR50+AS50+AU50+AW50+AY50+AZ50 -> 0 | BC50: 0
AD51: =+AM51+BA51 -> 43 | AE51: - Change Spool (27x) | AH51: 43 | AM51: =SUM(AF51:AL51)+AT51+AV51+AX51 -> 43 | AR51: =SUM(AN51:AQ51) -> 0 | BA51: =+AR51+AS51+AU51+AW51+AY51+AZ51 -> 0
A53: 45850 | B53: Toilet | C53: =(M53*E53*O53*Q53)/100000000 -> 44.751658 | D53: VP OW | E53: 13 | F53: 1 | G53: 1230 | H53: 0.23 | I53: 0.88 | J53: =E53*G53*(1-H53)*1440/1000000*2.74 -> 48.579411 | K53: =(IF(G53<L53,L53,G53)*(1-IF(H53<N53,H53,N53))*E53*O53*Q53)/100000000 -> 45.870449 | L53: 1200 | M53: 932 | N53: =1-(M53/L53) -> 0.22333333 | O53: =+'Trim Rwd'!H37 -> 256.5 | P53: =O53*(Q53-R53-S53) -> 348840 | Q53: 1440 | R53: 0 | S53: 80 | T53: =E53*M53*O53*Q53/100000000 -> 44.751658 | U53: =E53*M53*O53*(Q53-R53-S53)/100000000 -> 42.265454 | V53: =E53*G53*(1-N53)*O53/100*(R53+S53)/1000000 -> 2.5483583 | W53: =+'12'!K11/1000 -> 43.52 | X53: =SUM(W53:W56)/SUM(K53:K56) -> 0.94875897 | Y53: =+SUM(RBP!AG44:AG45) -> 0 | Z53: =+'6'!D58/1000 -> 0 | AA53: =SUM(U53:U56)-SUM(W53:W56)-SUM(Z53:Z56)-SUM(Y53:Y56) -> -1.2545456 | AB53: =(SUM(K53:K56)-SUM(W53:W56)-SUM(Y53:Y56)-SUM(Z53:Z56)-SUM(AC53:AC56)-SUM(V53:V56))-AA53 -> -0.06215508 | AC53: =K53-T53 -> 1.1187914 | AD53: =+AM53+BA53 -> 24 | AE53: - Sheet Breaks (8x) | AF53: 24 | AM53: =SUM(AF53:AL53)+AT53+AV53+AX53 -> 24 | AR53: =SUM(AN53:AQ53) -> 0 | BA53: =+AR53+AS53+AU53+AW53+AY53+AZ53 -> 0 | BB53: 8
AD54: =+AM54+BA54 -> 10 | AE54: - Change Blade (9x) | AG54: 10 | AM54: =SUM(AF54:AL54)+AT54+AV54+AX54 -> 10 | AR54: =SUM(AN54:AQ54) -> 0 | BA54: =+AR54+AS54+AU54+AW54+AY54+AZ54 -> 0 | BC54: 9
AD55: =+AM55+BA55 -> 46 | AE55: - Change Spool (30x) | AH55: 46 | AM55: =SUM(AF55:AL55)+AT55+AV55+AX55 -> 46 | AR55: =SUM(AN55:AQ55) -> 0 | BA55: =+AR55+AS55+AU55+AW55+AY55+AZ55 -> 0
A57: 45851 | B57: Toilet | C57: =(M57*E57*O57*Q57)/100000000 -> 37.364031 | D57: VP OW | E57: 13 | F57: 1 | G57: 1230 | H57: 0.23 | I57: 0.88 | J57: =E57*G57*(1-H57)*1440/1000000*2.74 -> 48.579411 | K57: =(IF(G57<L57,L57,G57)*(1-IF(H57<N57,H57,N57))*E57*O57*Q57)/100000000 -> 37.457954 | L57: 1226.9159 | M57: 947.19252 | N57: =1-(M57/L57) -> 0.22798903 | O57: =+'Trim Rwd'!H39 -> 256.5 | P57: =O57*(Q57-R57-S57) -> 259065 | Q57: =1070+113 -> 1183 | R57: 113 | S57: 60 | T57: =E57*M57*O57*Q57/100000000 -> 37.364031 | U57: =E57*M57*O57*(Q57-R57-S57)/100000000 -> 31.899976 | V57: =E57*G57*(1-N57)*O57/100*(R57+S57)/1000000 -> 5.4777904 | W57: =+'13'!K11/1000 -> 34.942 | X57: =SUM(W57:W60)/SUM(K57:K60) -> 0.89669886 | Y57: =+SUM(RBP!AG48:AG49) -> 0 | Z57: =+'6'!D62/1000 -> 0 | AA57: =SUM(U57:U60)-SUM(W57:W60)-SUM(Z57:Z60)-SUM(Y57:Y60) -> -1.5916715 | AB57: =(SUM(K57:K60)-SUM(W57:W60)-SUM(Y57:Y60)-SUM(Z57:Z60)-SUM(AC57:AC60)-SUM(V57:V60))-AA57 -> 0.037464553 | AC57: =K57-T57 -> 0.093922382 | AD57: =+AM57+BA57 -> 32 | AE57: - Sheet Breaks (8x) | AF57: 32 | AM57: =SUM(AF57:AL57)+AT57+AV57+AX57 -> 32 | AR57: =SUM(AN57:AQ57) -> 0 | BA57: =+AR57+AS57+AU57+AW57+AY57+AZ57 -> 0 | BB57: 8
B58: Facial | C58: =(M58*E58*O58*Q58)/100000000 -> 6.8021719 | D58: VP OW | E58: 11.5 | F58: 1 | G58: 1230 | H58: 0.23 | I58: 0.88 | J58: =E58*G58*(1-H58)*1440/1000000*2.74 -> 42.974094 | K58: =(IF(G58<L58,L58,G58)*(1-IF(H58<N58,H58,N58))*E58*O58*Q58)/100000000 -> 6.8579274 | L58: 1220 | M58: 939.4 | N58: =1-(M58/L58) -> 0.23 | O58: =+'Trim Rwd'!H40 -> 245 | P58: =O58*(Q58-R58-S58) -> 57820 | Q58: 257 | R58: 0 | S58: 21 | T58: =E58*M58*O58*Q58/100000000 -> 6.8021719 | U58: =E58*M58*O58*(Q58-R58-S58)/100000000 -> 6.2463524 | V58: =E58*G58*(1-N58)*O58/100*(R58+S58)/1000000 -> 0.56037539 | W58: =+'13'!K12/1000 -> 4.796 | AD58: =+AM58+BA58 -> 9 | AE58: - Change Blade (8x) | AG58: 9 | AM58: =SUM(AF58:AL58)+AT58+AV58+AX58 -> 9 | AR58: =SUM(AN58:AQ58) -> 0 | BA58: =+AR58+AS58+AU58+AW58+AY58+AZ58 -> 0 | BC58: 8
AD59: =+AM59+BA59 -> 40 | AE59: - Change Spool (29x) | AH59: 40 | AM59: =SUM(AF59:AL59)+AT59+AV59+AX59 -> 40 | AR59: =SUM(AN59:AQ59) -> 0 | BA59: =+AR59+AS59+AU59+AW59+AY59+AZ59 -> 0
AD60: =+AM60+BA60 -> 113 | AE60: - Ganti Felt | AM60: =SUM(AF60:AL60)+AT60+AV60+AX60 -> 0 | AR60: =SUM(AN60:AQ60) -> 0 | AS60: 113 | BA60: =+AR60+AS60+AU60+AW60+AY60+AZ60 -> 113
A62: 45852 | B62: Facial | C62: =(M62*E62*O62*Q62)/100000000 -> 34.243427 | D62: VP OW | E62: 12 | F62: 1 | G62: 1230 | H62: 0.23 | I62: 0.88 | J62: =E62*G62*(1-H62)*1440/1000000*2.74 -> 44.842533 | K62: =(IF(G62<L62,L62,G62)*(1-IF(H62<N62,H62,N62))*E62*O62*Q62)/100000000 -> 43.533262 | L62: 967.5226 | M62: 744.99241 | N62: =1-(M62/L62) -> 0.23 | O62: =+'Trim Rwd'!H43 -> 266 | P62: =O62*(Q62-R62-S62) -> 139384 | Q62: 1440 | R62: 887 | S62: 29 | T62: =E62*M62*O62*Q62/100000000 -> 34.243427 | U62: =E62*M62*O62*(Q62-R62-S62)/100000000 -> 12.460803 | V62: =E62*G62*(1-N62)*O62/100*(R62+S62)/1000000 -> 27.691992 | W62: =+'14'!K9/1000 -> 9.506 | X62: =SUM(W62:W65)/SUM(K62:K65) -> 0.24461755 | Y62: =+SUM(RBP!AG53:AG54) -> 0 | Z62: =+'6'!D67/1000 -> 0 | AA62: =SUM(U62:U65)-SUM(W62:W65)-SUM(Z62:Z65)-SUM(Y62:Y65) -> 1.8118026 | AB62: =(SUM(K62:K65)-SUM(W62:W65)-SUM(Y62:Y65)-SUM(Z62:Z65)-SUM(AC62:AC65)-SUM(V62:V65))-AA62 -> -5.9093674 | AC62: =K62-T62 -> 9.2898352 | AD62: =+AM62+BA62 -> 8 | AE62: - Sheet Breaks (4x) | AF62: 8 | AM62: =SUM(AF62:AL62)+AT62+AV62+AX62 -> 8 | AR62: =SUM(AN62:AQ62) -> 0 | BA62: =+AR62+AS62+AU62+AW62+AY62+AZ62 -> 0 | BB62: 4
B63: Facial | E63: 11.5 | W63: =+'14'!K12/1000 -> 1.143 | AD63: =+AM63+BA63 -> 0 | AE63: - Change Blade (0x) | AG63: 0 | AM63: =SUM(AF63:AL63)+AT63+AV63+AX63 -> 0 | AR63: =SUM(AN63:AQ63) -> 0 | BA63: =+AR63+AS63+AU63+AW63+AY63+AZ63 -> 0 | BC63: 0
AD64: =+AM64+BA64 -> 21 | AE64: - Change Spool (13x) | AH64: 21 | AM64: =SUM(AF64:AL64)+AT64+AV64+AX64 -> 21 | AR64: =SUM(AN64:AQ64) -> 0 | BA64: =+AR64+AS64+AU64+AW64+AY64+AZ64 -> 0
AD65: =+AM65+BA65 -> 887 | AE65: - Ganti Felt | AM65: =SUM(AF65:AL65)+AT65+AV65+AX65 -> 0 | AR65: =SUM(AN65:AQ65) -> 0 | AS65: 887 | BA65: =+AR65+AS65+AU65+AW65+AY65+AZ65 -> 887
A67: 45853 | B67: Facial | C67: =(M67*E67*O67*Q67)/100000000 -> 3.0418228 | D67: VP OW | E67: 12 | F67: 1 | G67: 1230 | H67: 0.23 | I67: 0.88 | J67: =E67*G67*(1-H67)*1440/1000000*2.74 -> 44.842533 | K67: =(IF(G67<L67,L67,G67)*(1-IF(H67<N67,H67,N67))*E67*O67*Q67)/100000000 -> 3.3859204 | L67: 1105 | M67: 850.85 | N67: =1-(M67/L67) -> 0.23 | O67: =+'Trim Rwd'!H45 -> 266 | P67: =O67*(Q67-R67-S67) -> 25270 | Q67: 112 | R67: 0 | S67: 17 | T67: =E67*M67*O67*Q67/100000000 -> 3.0418228 | U67: =E67*M67*O67*(Q67-R67-S67)/100000000 -> 2.5801175 | V67: =E67*G67*(1-N67)*O67/100*(R67+S67)/1000000 -> 0.51393434 | W67: =+'15'!K9/1000 -> 4.682 | X67: =SUM(W67:W70)/SUM(K67:K70) -> 0.85563427 | Y67: 0 | Z67: =+'6'!D72/1000 -> 0 | AA67: =SUM(U67:U70)-SUM(W67:W70)-SUM(Z67:Z70)-SUM(Y67:Y70) -> 0.81460557 | AB67: =(SUM(K67:K70)-SUM(W67:W70)-SUM(Y67:Y70)-SUM(Z67:Z70)-SUM(AC67:AC70)-SUM(V67:V70))-AA67 -> 3.1686039 | AC67: =K67-T67 -> 0.3440976 | AD67: =+AM67+BA67 -> 32 | AE67: - Sheet Breaks (12x) | AF67: 32 | AM67: =SUM(AF67:AL67)+AT67+AV67+AX67 -> 32 | AR67: =SUM(AN67:AQ67) -> 0 | BA67: =+AR67+AS67+AU67+AW67+AY67+AZ67 -> 0 | BB67: 12
B68: Facial | C68: =(M68*E68*O68*Q68)/100000000 -> 40.280385 | D68: VP OW | E68: 13 | F68: 1 | G68: 1230 | H68: 0.22 | I68: 0.88 | J68: =E68*G68*(1-H68)*1440/1000000*2.74 -> 49.210312 | K68: =(IF(G68<L68,L68,G68)*(1-IF(H68<N68,H68,N68))*E68*O68*Q68)/100000000 -> 43.627157 | L68: 1150.3916 | M68: 885.80151 | N68: =1-(M68/L68) -> 0.23 | O68: =+'Trim Rwd'!H46 -> 263.4 | P68: =O68*(Q68-R68-S68) -> 333991.2 | Q68: 1328 | R68: 0 | S68: 60 | T68: =E68*M68*O68*Q68/100000000 -> 40.280385 | U68: =E68*M68*O68*(Q68-R68-S68)/100000000 -> 38.460488 | V68: =E68*G68*(1-N68)*O68/100*(R68+S68)/1000000 -> 1.9458359 | W68: =+'15'!K8/1000 -> 35.544 | AD68: =+AM68+BA68 -> 0 | AE68: - Change Blade (0x) | AG68: 0 | AM68: =SUM(AF68:AL68)+AT68+AV68+AX68 -> 0 | AR68: =SUM(AN68:AQ68) -> 0 | BA68: =+AR68+AS68+AU68+AW68+AY68+AZ68 -> 0 | BC68: 0
AD69: =+AM69+BA69 -> 45 | AE69: - Change Spool (30x) | AH69: 45 | AM69: =SUM(AF69:AL69)+AT69+AV69+AX69 -> 45 | AR69: =SUM(AN69:AQ69) -> 0 | BA69: =+AR69+AS69+AU69+AW69+AY69+AZ69 -> 0
A71: 45854 | B71: Facial | C71: =(M71*E71*O71*Q71)/100000000 -> 45.519899 | D71: VP OW | E71: 13 | F71: 1 | G71: 1230 | H71: 0.23 | I71: 0.88 | J71: =E71*G71*(1-H71)*1440/1000000*2.74 -> 48.579411 | K71: =(IF(G71<L71,L71,G71)*(1-IF(H71<N71,H71,N71))*E71*O71*Q71)/100000000 -> 45.519899 | L71: 1230 | M71: 947.1 | N71: =1-(M71/L71) -> 0.23 | O71: =+'Trim Rwd'!H50 -> 256.74359 | P71: =O71*(Q71-R71-S71) -> 350198.26 | Q71: 1440 | R71: 0 | S71: 76 | T71: =E71*M71*O71*Q71/100000000 -> 45.519899 | U71: =E71*M71*O71*(Q71-R71-S71)/100000000 -> 43.11746 | V71: =E71*G71*(1-N71)*O71/100*(R71+S71)/1000000 -> 2.4024391 | W71: =+'16'!K8/1000 -> 42.909 | X71: =SUM(W71:W74)/SUM(K71:K74) -> 0.94264269 | Y71: =+SUM(RBP!AG62:AG63) -> 0 | Z71: =+'6'!D76/1000 -> 0 | AA71: =SUM(U71:U74)-SUM(W71:W74)-SUM(Z71:Z74)-SUM(Y71:Y74) -> 0.20845992 | AB71: =(SUM(K71:K74)-SUM(W71:W74)-SUM(Y71:Y74)-SUM(Z71:Z74)-SUM(AC71:AC74)-SUM(V71:V74))-AA71 -> 3.9968029e-15 | AC71: =K71-T71 -> 0 | AD71: =+AM71+BA71 -> 16 | AE71: - Sheet Breaks (4x) | AF71: 16 | AM71: =SUM(AF71:AL71)+AT71+AV71+AX71 -> 16 | AR71: =SUM(AN71:AQ71) -> 0 | BA71: =+AR71+AS71+AU71+AW71+AY71+AZ71 -> 0 | BB71: 4
AD72: =+AM72+BA72 -> 17 | AE72: - Change Blade (10x) | AG72: 17 | AM72: =SUM(AF72:AL72)+AT72+AV72+AX72 -> 17 | AR72: =SUM(AN72:AQ72) -> 0 | BA72: =+AR72+AS72+AU72+AW72+AY72+AZ72 -> 0 | BC72: 10
AD73: =+AM73+BA73 -> 43 | AE73: - Change Spool (32x) | AH73: 43 | AM73: =SUM(AF73:AL73)+AT73+AV73+AX73 -> 43 | AR73: =SUM(AN73:AQ73) -> 0 | BA73: =+AR73+AS73+AU73+AW73+AY73+AZ73 -> 0
A75: 45855 | B75: Facial | C75: =(M75*E75*O75*Q75)/100000000 -> 45.56536 | D75: VP OW | E75: 13 | F75: 1 | G75: 1230 | H75: 0.23 | I75: 0.88 | J75: =E75*G75*(1-H75)*1440/1000000*2.74 -> 48.579411 | K75: =(IF(G75<L75,L75,G75)*(1-IF(H75<N75,H75,N75))*E75*O75*Q75)/100000000 -> 45.56536 | L75: 1230 | M75: 947.1 | N75: =1-(M75/L75) -> 0.23 | O75: =+'Trim Rwd'!H53 -> 257 | P75: =O75*(Q75-R75-S75) -> 349006 | Q75: 1440 | R75: 0 | S75: 82 | T75: =E75*M75*O75*Q75/100000000 -> 45.56536 | U75: =E75*M75*O75*(Q75-R75-S75)/100000000 -> 42.970666 | V75: =E75*G75*(1-N75)*O75/100*(R75+S75)/1000000 -> 2.5946941 | W75: =+'17'!K8/1000 -> 43.463 | X75: =SUM(W75:W78)/SUM(K75:K78) -> 0.95386057 | Y75: =+SUM(RBP!AG66:AG67) -> 0 | Z75: =+'6'!D80/1000 -> 0 | AA75: =SUM(U75:U78)-SUM(W75:W78)-SUM(Z75:Z78)-SUM(Y75:Y78) -> -0.49233426 | AB75: =(SUM(K75:K78)-SUM(W75:W78)-SUM(Y75:Y78)-SUM(Z75:Z78)-SUM(AC75:AC78)-SUM(V75:V78))-AA75 -> -8.8817842e-16 | AC75: =K75-T75 -> 0 | AD75: =+AM75+BA75 -> 28 | AE75: - Sheet Breaks (4x) | AF75: 28 | AM75: =SUM(AF75:AL75)+AT75+AV75+AX75 -> 28 | AR75: =SUM(AN75:AQ75) -> 0 | BA75: =+AR75+AS75+AU75+AW75+AY75+AZ75 -> 0 | BB75: 4
AD76: =+AM76+BA76 -> 18 | AE76: - Change Blade (10x) | AG76: 18 | AM76: =SUM(AF76:AL76)+AT76+AV76+AX76 -> 18 | AR76: =SUM(AN76:AQ76) -> 0 | BA76: =+AR76+AS76+AU76+AW76+AY76+AZ76 -> 0 | BC76: 10
AD77: =+AM77+BA77 -> 36 | AE77: - Change Spool (32x) | AH77: 36 | AM77: =SUM(AF77:AL77)+AT77+AV77+AX77 -> 36 | AR77: =SUM(AN77:AQ77) -> 0 | BA77: =+AR77+AS77+AU77+AW77+AY77+AZ77 -> 0
A79: 45856 | B79: Facial | C79: =(M79*E79*O79*Q79)/100000000 -> 23.731958 | D79: VP OW | E79: 13 | F79: 1 | G79: 1230 | H79: 0.23 | I79: 0.88 | J79: =E79*G79*(1-H79)*1440/1000000*2.74 -> 48.579411 | K79: =(IF(G79<L79,L79,G79)*(1-IF(H79<N79,H79,N79))*E79*O79*Q79)/100000000 -> 23.731958 | L79: 1230 | M79: 947.1 | N79: =1-(M79/L79) -> 0.23 | O79: =+'Trim Rwd'!H55 -> 257 | P79: =O79*(Q79-R79-S79) -> 183498 | Q79: 750 | R79: 0 | S79: 36 | T79: =E79*M79*O79*Q79/100000000 -> 23.731958 | U79: =E79*M79*O79*(Q79-R79-S79)/100000000 -> 22.592824 | V79: =E79*G79*(1-N79)*O79/100*(R79+S79)/1000000 -> 1.139134 | W79: =+'18'!K8/1000 -> 24.781 | X79: =SUM(W79:W82)/SUM(K79:K82) -> 0.95298114 | Y79: =+SUM(RBP!AG70:AG71) -> 0 | Z79: =+'18'!D7/1000 -> 0.291 | AA79: =SUM(U79:U82)-SUM(W79:W82)-SUM(Z79:Z82)-SUM(Y79:Y82) -> -0.6440647 | AB79: =(SUM(K79:K82)-SUM(W79:W82)-SUM(Y79:Y82)-SUM(Z79:Z82)-SUM(AC79:AC82)-SUM(V79:V82))-AA79 -> 0.60440119 | AC79: =K79-T79 -> 0 | AD79: =+AM79+BA79 -> 6 | AE79: - Sheet Breaks (3x) | AF79: 6 | AM79: =SUM(AF79:AL79)+AT79+AV79+AX79 -> 6 | AR79: =SUM(AN79:AQ79) -> 0 | BA79: =+AR79+AS79+AU79+AW79+AY79+AZ79 -> 0 | BB79: 3
B80: Toilet | C80: =(M80*E80*O80*Q80)/100000000 -> 23.792145 | D80: VP OW | E80: 15 | F80: 1 | G80: 1195 | H80: 0.22 | I80: 0.88 | J80: =E80*G80*(1-H80)*1440/1000000*2.74 -> 55.165406 | K80: =(IF(G80<L80,L80,G80)*(1-IF(H80<N80,H80,N80))*E80*O80*Q80)/100000000 -> 24.407505 | L80: 1180 | M80: 908.6 | N80: =1-(M80/L80) -> 0.23 | O80: =+'Trim Rwd'!H56 -> 253 | P80: =O80*(Q80-R80-S80) -> 168245 | Q80: 690 | R80: 0 | S80: 25 | T80: =E80*M80*O80*Q80/100000000 -> 23.792145 | U80: =E80*M80*O80*(Q80-R80-S80)/100000000 -> 22.930111 | V80: =E80*G80*(1-N80)*O80/100*(R80+S80)/1000000 -> 0.87299231 | W80: =+'18'!K13/1000 -> 21.095 | AD80: =+AM80+BA80 -> 18 | AE80: - Change Blade (13x) | AG80: 18 | AM80: =SUM(AF80:AL80)+AT80+AV80+AX80 -> 18 | AR80: =SUM(AN80:AQ80) -> 0 | BA80: =+AR80+AS80+AU80+AW80+AY80+AZ80 -> 0 | BC80: 13
AD81: =+AM81+BA81 -> 37 | AE81: - Change Spool (31x) | AH81: 37 | AM81: =SUM(AF81:AL81)+AT81+AV81+AX81 -> 37 | AR81: =SUM(AN81:AQ81) -> 0 | BA81: =+AR81+AS81+AU81+AW81+AY81+AZ81 -> 0
A83: 45857 | B83: Toilet | C83: =(M83*E83*O83*Q83)/100000000 -> 27.051519 | D83: VP OW | E83: 15 | F83: 1 | G83: 1195 | H83: 0.22 | I83: 0.88 | J83: =E83*G83*(1-H83)*1440/1000000*2.74 -> 55.165406 | K83: =(IF(G83<L83,L83,G83)*(1-IF(H83<N83,H83,N83))*E83*O83*Q83)/100000000 -> 27.944824 | L83: 1160 | M83: 902.3038 | N83: =1-(M83/L83) -> 0.2221519 | O83: =+'Trim Rwd'!H58 -> 253 | P83: =O83*(Q83-R83-S83) -> 192280 | Q83: 790 | R83: 0 | S83: 30 | T83: =E83*M83*O83*Q83/100000000 -> 27.051519 | U83: =E83*M83*O83*(Q83-R83-S83)/100000000 -> 26.024246 | V83: =E83*G83*(1-N83)*O83/100*(R83+S83)/1000000 -> 1.0582682 | W83: =+'19'!K13/1000 -> 16.416 | X83: =SUM(W83:W86)/SUM(K83:K86) -> 0.96577104 | Y83: =+SUM(RBP!AG74:AG75) -> 0 | Z83: =+'18'!D11/1000 -> 0 | AA83: =SUM(U83:U86)-SUM(W83:W86)-SUM(Z83:Z86)-SUM(Y83:Y86) -> -1.169464 | AB83: =(SUM(K83:K86)-SUM(W83:W86)-SUM(Y83:Y86)-SUM(Z83:Z86)-SUM(AC83:AC86)-SUM(V83:V86))-AA83 -> -0.030995302 | AC83: =K83-T83 -> 0.89330505 | AD83: =+AM83+BA83 -> 12 | AE83: - Sheet Breaks (6x) | AF83: 12 | AM83: =SUM(AF83:AL83)+AT83+AV83+AX83 -> 12 | AR83: =SUM(AN83:AQ83) -> 0 | BA83: =+AR83+AS83+AU83+AW83+AY83+AZ83 -> 0 | BB83: 6
B84: Toilet | C84: =(M84*E84*O84*Q84)/100000000 -> 19.776632 | D84: VP OW | E84: 12.5 | F84: 1 | G84: 1230 | H84: 0.23 | I84: 0.88 | J84: =E84*G84*(1-H84)*1440/1000000*2.74 -> 46.710972 | K84: =(IF(G84<L84,L84,G84)*(1-IF(H84<N84,H84,N84))*E84*O84*Q84)/100000000 -> 19.776632 | L84: 1230 | M84: 947.1 | N84: =1-(M84/L84) -> 0.23 | O84: =+'Trim Rwd'!H59 -> 257 | P84: =O84*(Q84-R84-S84) -> 159597 | Q84: 650 | R84: 0 | S84: 29 | T84: =E84*M84*O84*Q84/100000000 -> 19.776632 | U84: =E84*M84*O84*(Q84-R84-S84)/100000000 -> 18.89429 | V84: =E84*G84*(1-N84)*O84/100*(R84+S84)/1000000 -> 0.88234204 | W84: =+'19'!K7/1000 -> 29.672 | AD84: =+AM84+BA84 -> 9 | AE84: - Change Blade (12x) | AG84: 9 | AM84: =SUM(AF84:AL84)+AT84+AV84+AX84 -> 9 | AR84: =SUM(AN84:AQ84) -> 0 | BA84: =+AR84+AS84+AU84+AW84+AY84+AZ84 -> 0 | BC84: 12
AD85: =+AM85+BA85 -> 38 | AE85: - Change Spool (31x) | AH85: 38 | AM85: =SUM(AF85:AL85)+AT85+AV85+AX85 -> 38 | AR85: =SUM(AN85:AQ85) -> 0 | BA85: =+AR85+AS85+AU85+AW85+AY85+AZ85 -> 0
A87: 45858 | B87: Toilet | C87: =(M87*E87*O87*Q87)/100000000 -> 43.812846 | D87: VP OW | E87: 12.5 | F87: 1 | G87: 1230 | H87: 0.23 | I87: 0.88 | J87: =E87*G87*(1-H87)*1440/1000000*2.74 -> 46.710972 | K87: =(IF(G87<L87,L87,G87)*(1-IF(H87<N87,H87,N87))*E87*O87*Q87)/100000000 -> 43.812846 | L87: 1230 | M87: 947.1 | N87: =1-(M87/L87) -> 0.23 | O87: =+'Trim Rwd'!H61 -> 257 | P87: =O87*(Q87-R87-S87) -> 351833 | Q87: 1440 | R87: 0 | S87: 71 | T87: =E87*M87*O87*Q87/100000000 -> 43.812846 | U87: =E87*M87*O87*(Q87-R87-S87)/100000000 -> 41.652629 | V87: =E87*G87*(1-N87)*O87/100*(R87+S87)/1000000 -> 2.1602167 | W87: =+'20'!K7/1000 -> 44.429 | X87: =SUM(W87:W90)/SUM(K87:K90) -> 1.0140633 | Y87: =+SUM(RBP!AG78:AG79) -> 0 | Z87: =+'18'!D15/1000 -> 1.9724802e-05 | AA87: =SUM(U87:U90)-SUM(W87:W90)-SUM(Z87:Z90)-SUM(Y87:Y90) -> -2.7763904 | AB87: =(SUM(K87:K90)-SUM(W87:W90)-SUM(Y87:Y90)-SUM(Z87:Z90)-SUM(AC87:AC90)-SUM(V87:V90))-AA87 -> -4.4408921e-15 | AC87: =K87-T87 -> 0 | AD87: =+AM87+BA87 -> 30 | AE87: - Sheet Breaks (9x) | AF87: 30 | AM87: =SUM(AF87:AL87)+AT87+AV87+AX87 -> 30 | AR87: =SUM(AN87:AQ87) -> 0 | BA87: =+AR87+AS87+AU87+AW87+AY87+AZ87 -> 0 | BB87: 9
AD88: =+AM88+BA88 -> 0 | AE88: - Change Blade (0x) | AG88: 0 | AM88: =SUM(AF88:AL88)+AT88+AV88+AX88 -> 0 | AR88: =SUM(AN88:AQ88) -> 0 | BA88: =+AR88+AS88+AU88+AW88+AY88+AZ88 -> 0 | BC88: 0
AD89: =+AM89+BA89 -> 41 | AE89: - Change Spool (28x) | AH89: 41 | AM89: =SUM(AF89:AL89)+AT89+AV89+AX89 -> 41 | AR89: =SUM(AN89:AQ89) -> 0 | BA89: =+AR89+AS89+AU89+AW89+AY89+AZ89 -> 0
A91: 45859 | B91: Toilet | C91: =(M91*E91*O91*Q91)/100000000 -> 8.9755483 | D91: VP OW | E91: 12.5 | F91: 1 | G91: 1230 | H91: 0.23 | I91: 0.88 | J91: =E91*G91*(1-H91)*1440/1000000*2.74 -> 46.710972 | K91: =(IF(G91<L91,L91,G91)*(1-IF(H91<N91,H91,N91))*E91*O91*Q91)/100000000 -> 8.9755483 | L91: 1230 | M91: 947.1 | N91: =1-(M91/L91) -> 0.23 | O91: =+'Trim Rwd'!H63 -> 257 | P91: =O91*(Q91-R91-S91) -> 69390 | Q91: 295 | R91: 0 | S91: 25 | T91: =E91*M91*O91*Q91/100000000 -> 8.9755483 | U91: =E91*M91*O91*(Q91-R91-S91)/100000000 -> 8.2149086 | V91: =E91*G91*(1-N91)*O91/100*(R91+S91)/1000000 -> 0.76063969 | W91: =+'21'!K7/1000 -> 11.255 | X91: =SUM(W91:W94)/SUM(K91:K94) -> 0.91235653 | Y91: =+SUM(RBP!AG82:AG83) -> 0 | Z91: =+'18'!D19/1000 -> 0 | AA91: =SUM(U91:U94)-SUM(W91:W94)-SUM(Z91:Z94)-SUM(Y91:Y94) -> 1.2368704 | AB91: =(SUM(K91:K94)-SUM(W91:W94)-SUM(Y91:Y94)-SUM(Z91:Z94)-SUM(AC91:AC94)-SUM(V91:V94))-AA91 -> -1.1990409e-14 | AC91: =K91-T91 -> 0 | AD91: =+AM91+BA91 -> 33 | AE91: - Sheet Breaks (10x) | AF91: 33 | AM91: =SUM(AF91:AL91)+AT91+AV91+AX91 -> 33 | AR91: =SUM(AN91:AQ91) -> 0 | BA91: =+AR91+AS91+AU91+AW91+AY91+AZ91 -> 0 | BB91: 10
B92: Facial | C92: =(M92*E92*O92*Q92)/100000000 -> 32.736216 | D92: VP OW | E92: 11.5 | F92: 1 | G92: 1230 | H92: 0.23 | I92: 0.88 | J92: =E92*G92*(1-H92)*1440/1000000*2.74 -> 42.974094 | K92: =(IF(G92<L92,L92,G92)*(1-IF(H92<N92,H92,N92))*E92*O92*Q92)/100000000 -> 32.736216 | L92: 1230 | M92: 947.1 | N92: =1-(M92/L92) -> 0.23 | O92: =+'Trim Rwd'!H64 -> 262.5 | P92: =O92*(Q92-R92-S92) -> 285337.5 | Q92: 1145 | R92: 0 | S92: =83-S91 -> 58 | T92: =E92*M92*O92*Q92/100000000 -> 32.736216 | U92: =E92*M92*O92*(Q92-R92-S92)/100000000 -> 31.077962 | V92: =E92*G92*(1-N92)*O92/100*(R92+S92)/1000000 -> 1.6582537 | W92: =+'21'!K12/1000 -> 26.801 | AD92: =+AM92+BA92 -> 0 | AE92: - Change Blade (0x) | AG92: 0 | AM92: =SUM(AF92:AL92)+AT92+AV92+AX92 -> 0 | AR92: =SUM(AN92:AQ92) -> 0 | BA92: =+AR92+AS92+AU92+AW92+AY92+AZ92 -> 0 | BC92: 0
AD93: =+AM93+BA93 -> 50 | AE93: - Change Spool (29x) | AH93: 50 | AM93: =SUM(AF93:AL93)+AT93+AV93+AX93 -> 50 | AR93: =SUM(AN93:AQ93) -> 0 | BA93: =+AR93+AS93+AU93+AW93+AY93+AZ93 -> 0
A95: 45860 | B95: Facial | C95: =(M95*E95*O95*Q95)/100000000 -> 2.5731523 | D95: VP OW | E95: 11.5 | F95: 1 | G95: 1230 | H95: 0.23 | I95: 0.88 | J95: =E95*G95*(1-H95)*1440/1000000*2.74 -> 42.974094 | K95: =(IF(G95<L95,L95,G95)*(1-IF(H95<N95,H95,N95))*E95*O95*Q95)/100000000 -> 2.5731523 | L95: 1230 | M95: 947.1 | N95: =1-(M95/L95) -> 0.23 | O95: =+'Trim Rwd'!H66 -> 262.5 | P95: =O95*(Q95-R95-S95) -> 20475 | Q95: 90 | R95: 0 | S95: 12 | T95: =E95*M95*O95*Q95/100000000 -> 2.5731523 | U95: =E95*M95*O95*(Q95-R95-S95)/100000000 -> 2.2300653 | V95: =E95*G95*(1-N95)*O95/100*(R95+S95)/1000000 -> 0.34308697 | W95: =+'22'!K12/1000 -> 6.251 | X95: =SUM(W95:W98)/SUM(K95:K98) -> 0.86093665 | Y95: =+SUM(RBP!AG86:AG87) -> 0 | Z95: =+'18'!D23/1000 -> 0 | AA95: =SUM(U95:U98)-SUM(W95:W98)-SUM(Z95:Z98)-SUM(Y95:Y98) -> 3.8161547 | AB95: =(SUM(K95:K98)-SUM(W95:W98)-SUM(Y95:Y98)-SUM(Z95:Z98)-SUM(AC95:AC98)-SUM(V95:V98))-AA95 -> 0.48782067 | AC95: =K95-T95 -> 0 | AD95: =+AM95+BA95 -> 25 | AE95: - Sheet Breaks (7x) | AF95: 25 | AM95: =SUM(AF95:AL95)+AT95+AV95+AX95 -> 25 | AR95: =SUM(AN95:AQ95) -> 0 | BA95: =+AR95+AS95+AU95+AW95+AY95+AZ95 -> 0 | BB95: 7 | BF95: 1
B96: Facial | C96: =(M96*E96*O96*Q96)/100000000 -> 44.82114 | D96: VP OW | E96: 14 | F96: 1 | G96: 1230 | H96: 0.25 | I96: 0.88 | J96: =E96*G96*(1-H96)*1440/1000000*2.74 -> 50.957424 | K96: =(IF(G96<L96,L96,G96)*(1-IF(H96<N96,H96,N96))*E96*O96*Q96)/100000000 -> 45.33165 | L96: 1216.1481 | M96: 912.11111 | N96: =1-(M96/L96) -> 0.25 | O96: =+'Trim Rwd'!H67 -> 260 | P96: =O96*(Q96-R96-S96) -> 335400 | Q96: 1350 | R96: 0 | S96: 60 | T96: =E96*M96*O96*Q96/100000000 -> 44.82114 | U96: =E96*M96*O96*(Q96-R96-S96)/100000000 -> 42.829089 | V96: =E96*G96*(1-N96)*O96/100*(R96+S96)/1000000 -> 2.01474 | W96: =+'22'!K14/1000 -> 34.992 | AD96: =+AM96+BA96 -> 9 | AE96: - Change Blade (5x) | AG96: 9 | AM96: =SUM(AF96:AL96)+AT96+AV96+AX96 -> 9 | AR96: =SUM(AN96:AQ96) -> 0 | BA96: =+AR96+AS96+AU96+AW96+AY96+AZ96 -> 0 | BC96: 5
AD97: =+AM97+BA97 -> 38 | AE97: - Change Spool (33x) | AH97: 38 | AM97: =SUM(AF97:AL97)+AT97+AV97+AX97 -> 38 | AR97: =SUM(AN97:AQ97) -> 0 | BA97: =+AR97+AS97+AU97+AW97+AY97+AZ97 -> 0
A99: 45861 | B99: Facial | C99: =(M99*E99*O99*Q99)/100000000 -> 48.35376 | D99: VP OW | E99: 14 | F99: 1 | G99: 1230 | H99: 0.25 | I99: 0.88 | J99: =E99*G99*(1-H99)*1440/1000000*2.74 -> 50.957424 | K99: =(IF(G99<L99,L99,G99)*(1-IF(H99<N99,H99,N99))*E99*O99*Q99)/100000000 -> 48.35376 | L99: 1230 | M99: 922.5 | N99: =1-(M99/L99) -> 0.25 | O99: =+'Trim Rwd'!H69 -> 260 | P99: =O99*(Q99-R99-S99) -> 191620 | Q99: 1440 | R99: 660 | S99: 43 | T99: =E99*M99*O99*Q99/100000000 -> 48.35376 | U99: =E99*M99*O99*(Q99-R99-S99)/100000000 -> 24.747723 | V99: =E99*G99*(1-N99)*O99/100*(R99+S99)/1000000 -> 23.606037 | W99: =+'23'!K14/1000 -> 26.443 | X99: =SUM(W99:W102)/SUM(K99:K102) -> 0.54686544 | Y99: =+SUM(RBP!AG90:AG91) -> 0 | Z99: =+'18'!D27/1000 -> 0 | AA99: =SUM(U99:U102)-SUM(W99:W102)-SUM(Z99:Z102)-SUM(Y99:Y102) -> -1.695277 | AB99: =(SUM(K99:K102)-SUM(W99:W102)-SUM(Y99:Y102)-SUM(Z99:Z102)-SUM(AC99:AC102)-SUM(V99:V102))-AA99 -> 0 | AC99: =K99-T99 -> 0 | AD99: =+AM99+BA99 -> 0 | AE99: - Sheet Breaks (0x) | AF99: 0 | AM99: =SUM(AF99:AL99)+AT99+AV99+AX99 -> 0 | AR99: =SUM(AN99:AQ99) -> 0 | BA99: =+AR99+AS99+AU99+AW99+AY99+AZ99 -> 0 | BB99: 0
AD100: =+AM100+BA100 -> 12 | AE100: - Change Blade (6x) | AG100: 12 | AM100: =SUM(AF100:AL100)+AT100+AV100+AX100 -> 12 | AR100: =SUM(AN100:AQ100) -> 0 | BA100: =+AR100+AS100+AU100+AW100+AY100+AZ100 -> 0 | BC100: 6
AD101: =+AM101+BA101 -> 31 | AE101: - Change Spool (21x) | AH101: 31 | AM101: =SUM(AF101:AL101)+AT101+AV101+AX101 -> 31 | AR101: =SUM(AN101:AQ101) -> 0 | BA101: =+AR101+AS101+AU101+AW101+AY101+AZ101 -> 0
AD102: =+AM102+BA102 -> 660 | AE102: - 20:00 pm trip ( motor spr short ) info EID | AM102: =SUM(AF102:AL102)+AT102+AV102+AX102 -> 0 | AP102: 660 | AR102: =SUM(AN102:AQ102) -> 660 | BA102: =+AR102+AS102+AU102+AW102+AY102+AZ102 -> 660
A104: 45862 | B104: Facial | C104: =(M104*E104*O104*Q104)/100000000 -> 47.943792 | D104: VP OW | E104: 14 | F104: 1 | G104: 1230 | H104: 0.25 | I104: 0.88 | J104: =E104*G104*(1-H104)*1440/1000000*2.74 -> 50.957424 | K104: =(IF(G104<L104,L104,G104)*(1-IF(H104<N104,H104,N104))*E104*O104*Q104)/100000000 -> 48.35376 | L104: 1219.5714 | M104: 914.67857 | N104: =1-(M104/L104) -> 0.25 | O104: =+'Trim Rwd'!H71 -> 260 | P104: =O104*(Q104-R104-S104) -> 343460 | Q104: 1440 | R104: 40 | S104: 79 | T104: =E104*M104*O104*Q104/100000000 -> 47.943792 | U104: =E104*M104*O104*(Q104-R104-S104)/100000000 -> 43.98177 | V104: =E104*G104*(1-N104)*O104/100*(R104+S104)/1000000 -> 3.995901 | W104: =+'24'!K14/1000 -> 37.004 | X104: =SUM(W104:W107)/SUM(K104:K107) -> 0.76527658 | Y104: =+SUM(RBP!AG95:AG96) -> 0 | Z104: =+'18'!D32/1000 -> 0 | AA104: =SUM(U104:U107)-SUM(W104:W107)-SUM(Z104:Z107)-SUM(Y104:Y107) -> 6.9777703 | AB104: =(SUM(K104:K107)-SUM(W104:W107)-SUM(Y104:Y107)-SUM(Z104:Z107)-SUM(AC104:AC107)-SUM(V104:V107))-AA104 -> -0.0338793 | AC104: =K104-T104 -> 0.409968 | AD104: =+AM104+BA104 -> 22 | AE104: - Sheet Breaks (7x) | AF104: 22 | AM104: =SUM(AF104:AL104)+AT104+AV104+AX104 -> 22 | AR104: =SUM(AN104:AQ104) -> 0 | BA104: =+AR104+AS104+AU104+AW104+AY104+AZ104 -> 0 | BB104: 7
AD105: =+AM105+BA105 -> 12 | AE105: - Change Blade (6x) | AG105: 12 | AM105: =SUM(AF105:AL105)+AT105+AV105+AX105 -> 12 | AR105: =SUM(AN105:AQ105) -> 0 | BA105: =+AR105+AS105+AU105+AW105+AY105+AZ105 -> 0 | BC105: 6
AD106: =+AM106+BA106 -> 45 | AE106: - Change Spool (33x) | AH106: 45 | AM106: =SUM(AF106:AL106)+AT106+AV106+AX106 -> 45 | AR106: =SUM(AN106:AQ106) -> 0 | BA106: =+AR106+AS106+AU106+AW106+AY106+AZ106 -> 0
AD107: =+AM107+BA107 -> 40 | AE107: - 7:40 pm on reel SU F14. Speed 1100/-25% gulung ke bg kertas kurang soft, | AM107: =SUM(AF107:AL107)+AT107+AV107+AX107 -> 0 | AP107: 40 | AR107: =SUM(AN107:AQ107) -> 40 | BA107: =+AR107+AS107+AU107+AW107+AY107+AZ107 -> 40
A109: 45863 | B109: Facial | C109: =(M109*E109*O109*Q109)/100000000 -> 34.957541 | D109: VP OW | E109: 14 | F109: 1 | G109: =+L109 -> 1201.6667 | H109: 0.26 | I109: 0.88 | J109: =E109*G109*(1-H109)*1440/1000000*2.74 -> 49.119827 | K109: =(IF(G109<L109,L109,G109)*(1-IF(H109<N109,H109,N109))*E109*O109*Q109)/100000000 -> 34.957541 | L109: 1201.6667 | M109: 889.23333 | N109: =1-(M109/L109) -> 0.26 | O109: =+'Trim Rwd'!H73 -> 260 | P109: =O109*(Q109-R109-S109) -> 265460 | Q109: =18*60 -> 1080 | R109: 0 | S109: 59 | T109: =E109*M109*O109*Q109/100000000 -> 34.957541 | U109: =E109*M109*O109*(Q109-R109-S109)/100000000 -> 33.047823 | V109: =E109*G109*(1-N109)*O109/100*(R109+S109)/1000000 -> 1.9097175 | W109: =+'25'!K14/1000 -> 42.748 | X109: =SUM(W109:W112)/SUM(K109:K112) -> 0.90864298 | Y109: =+SUM(RBP!AG100:AG101) -> 0 | Z109: 0 | AA109: =SUM(U109:U112)-SUM(W109:W112)-SUM(Z109:Z112)-SUM(Y109:Y112) -> 1.8845783 | AB109: =(SUM(K109:K112)-SUM(W109:W112)-SUM(Y109:Y112)-SUM(Z109:Z112)-SUM(AC109:AC112)-SUM(V109:V112))-AA109 -> -1.0214052e-14 | AC109: =K109-T109 -> 0 | AD109: =+AM109+BA109 -> 15 | AE109: - Sheet Breaks (5x) | AF109: 15 | AM109: =SUM(AF109:AL109)+AT109+AV109+AX109 -> 15 | AR109: =SUM(AN109:AQ109) -> 0 | BA109: =+AR109+AS109+AU109+AW109+AY109+AZ109 -> 0 | BB109: 5 | BF109: 1
B110: Facial | C110: =(M110*E110*O110*Q110)/100000000 -> 12.08844 | D110: VP OW | E110: 14 | F110: 1 | G110: 1230 | H110: 0.25 | I110: 0.88 | J110: =E110*G110*(1-H110)*1440/1000000*2.74 -> 50.957424 | K110: =(IF(G110<L110,L110,G110)*(1-IF(H110<N110,H110,N110))*E110*O110*Q110)/100000000 -> 12.08844 | L110: 1230 | M110: 922.5 | N110: =1-(M110/L110) -> 0.25 | O110: =+'Trim Rwd'!H73 -> 260 | P110: =O110*(Q110-R110-S110) -> 89700 | Q110: =6*60 -> 360 | R110: 0 | S110: =74-S109 -> 15 | T110: =E110*M110*O110*Q110/100000000 -> 12.08844 | U110: =E110*M110*O110*(Q110-R110-S110)/100000000 -> 11.584755 | V110: =E110*G110*(1-N110)*O110/100*(R110+S110)/1000000 -> 0.503685 | W110: =+'24'!K20/1000 -> 0 | AD110: =+AM110+BA110 -> 18 | AE110: - Change Blade (27x) | AG110: 18 | AM110: =SUM(AF110:AL110)+AT110+AV110+AX110 -> 18 | AR110: =SUM(AN110:AQ110) -> 0 | BA110: =+AR110+AS110+AU110+AW110+AY110+AZ110 -> 0 | BC110: 27
AD111: =+AM111+BA111 -> 41 | AE111: - Change Spool (30x) | AH111: 41 | AM111: =SUM(AF111:AL111)+AT111+AV111+AX111 -> 41 | AR111: =SUM(AN111:AQ111) -> 0 | BA111: =+AR111+AS111+AU111+AW111+AY111+AZ111 -> 0
A113: 45864 | B113: Facial | C113: =(M113*E113*O113*Q113)/100000000 -> 48.273716 | D113: VP OW | E113: 14 | F113: 1 | G113: 1230 | H113: 0.25 | I113: 0.88 | J113: =E113*G113*(1-H113)*1440/1000000*2.74 -> 50.957424 | K113: =(IF(G113<L113,L113,G113)*(1-IF(H113<N113,H113,N113))*E113*O113*Q113)/100000000 -> 49.325845 | L113: 1203.7639 | M113: 920.97292 | N113: =1-(M113/L113) -> 0.23492229 | O113: =+'Trim Rwd'!H75 -> 260 | P113: =O113*(Q113-R113-S113) -> 349960 | Q113: 1440 | R113: 0 | S113: 94 | T113: =E113*M113*O113*Q113/100000000 -> 48.273716 | U113: =E113*M113*O113*(Q113-R113-S113)/100000000 -> 45.122515 | V113: =E113*G113*(1-N113)*O113/100*(R113+S113)/1000000 -> 3.2198816 | W113: =+'26'!K14/1000 -> 44.467 | X113: =SUM(W113:W116)/SUM(K113:K116) -> 0.90149494 | Y113: =+SUM(RBP!AG104:AG105) -> 0 | Z113: =+'18'!D41/1000 -> 0 | AA113: =SUM(U113:U116)-SUM(W113:W116)-SUM(Z113:Z116)-SUM(Y113:Y116) -> 0.65551547 | AB113: =(SUM(K113:K116)-SUM(W113:W116)-SUM(Y113:Y116)-SUM(Z113:Z116)-SUM(AC113:AC116)-SUM(V113:V116))-AA113 -> -0.068680626 | AC113: =K113-T113 -> 1.0521287 | AD113: =+AM113+BA113 -> 9 | AE113: - Sheet Breaks (3x) | AF113: 9 | AM113: =SUM(AF113:AL113)+AT113+AV113+AX113 -> 9 | AR113: =SUM(AN113:AQ113) -> 0 | BA113: =+AR113+AS113+AU113+AW113+AY113+AZ113 -> 0 | BB113: 3
AD114: =+AM114+BA114 -> 38 | AE114: - Change Blade (18x) | AG114: 38 | AM114: =SUM(AF114:AL114)+AT114+AV114+AX114 -> 38 | AR114: =SUM(AN114:AQ114) -> 0 | BA114: =+AR114+AS114+AU114+AW114+AY114+AZ114 -> 0 | BC114: 18
AD115: =+AM115+BA115 -> 47 | AE115: - Change Spool (35x) | AH115: 47 | AM115: =SUM(AF115:AL115)+AT115+AV115+AX115 -> 47 | AR115: =SUM(AN115:AQ115) -> 0 | BA115: =+AR115+AS115+AU115+AW115+AY115+AZ115 -> 0
A117: 45865 | B117: Facial | C117: =(M117*E117*O117*Q117)/100000000 -> 45.554691 | D117: VP OW | E117: 14 | F117: 1 | G117: 1230 | H117: 0.25 | I117: 0.88 | J117: =E117*G117*(1-H117)*1440/1000000*2.74 -> 50.957424 | K117: =(IF(G117<L117,L117,G117)*(1-IF(H117<N117,H117,N117))*E117*O117*Q117)/100000000 -> 46.574073 | L117: 1203.0786 | M117: 902.30894 | N117: =1-(M117/L117) -> 0.25 | O117: =+'Trim Rwd'!H77 -> 260 | P117: =O117*(Q117-R117-S117) -> 337220 | Q117: 1387 | R117: 0 | S117: 90 | T117: =E117*M117*O117*Q117/100000000 -> 45.554691 | U117: =E117*M117*O117*(Q117-R117-S117)/100000000 -> 42.598727 | V117: =E117*G117*(1-N117)*O117/100*(R117+S117)/1000000 -> 3.02211 | W117: =+'27'!K14/1000 -> 44.784 | X117: =SUM(W117:W120)/SUM(K117:K120) -> 0.93086522 | Y117: =+SUM(RBP!AG108:AG109) -> 0 | Z117: =+'18'!D45/1000 -> 0 | AA117: =SUM(U117:U120)-SUM(W117:W120)-SUM(Z117:Z120)-SUM(Y117:Y120) -> -1.1129665 | AB117: =(SUM(K117:K120)-SUM(W117:W120)-SUM(Y117:Y120)-SUM(Z117:Z120)-SUM(AC117:AC120)-SUM(V117:V120))-AA117 -> -0.066145912 | AC117: =K117-T117 -> 1.019382 | AD117: =+AM117+BA117 -> 44 | AE117: - Sheet Breaks (11x) | AF117: 44 | AM117: =SUM(AF117:AL117)+AT117+AV117+AX117 -> 44 | AR117: =SUM(AN117:AQ117) -> 0 | BA117: =+AR117+AS117+AU117+AW117+AY117+AZ117 -> 0 | BB117: 11
B118: Facial | C118: =(M118*E118*O118*Q118)/100000000 -> 1.5360068 | D118: VP OW | E118: 12 | F118: 1 | G118: 1230 | H118: 0.23 | I118: 0.88 | J118: =E118*G118*(1-H118)*1440/1000000*2.74 -> 44.842533 | K118: =(IF(G118<L118,L118,G118)*(1-IF(H118<N118,H118,N118))*E118*O118*Q118)/100000000 -> 1.5360068 | L118: 1230 | M118: 947.1 | N118: =1-(M118/L118) -> 0.23 | O118: =+'Trim Rwd'!H78 -> 255 | P118: =O118*(Q118-R118-S118) -> 9435 | Q118: 53 | R118: 0 | S118: 16 | T118: =E118*M118*O118*Q118/100000000 -> 1.5360068 | U118: =E118*M118*O118*(Q118-R118-S118)/100000000 -> 1.0723066 | V118: =E118*G118*(1-N118)*O118/100*(R118+S118)/1000000 -> 0.46370016 | W118: =+'24'!K28/1000 -> 0 | AD118: =+AM118+BA118 -> 0 | AE118: - Change Blade (0x) | AG118: 0 | AM118: =SUM(AF118:AL118)+AT118+AV118+AX118 -> 0 | AR118: =SUM(AN118:AQ118) -> 0 | BA118: =+AR118+AS118+AU118+AW118+AY118+AZ118 -> 0 | BC118: 0
AD119: =+AM119+BA119 -> 62 | AE119: - Change Spool (33x) | AH119: 62 | AM119: =SUM(AF119:AL119)+AT119+AV119+AX119 -> 62 | AR119: =SUM(AN119:AQ119) -> 0 | BA119: =+AR119+AS119+AU119+AW119+AY119+AZ119 -> 0
A121: 45866 | B121: Facial | C121: =(M121*E121*O121*Q121)/100000000 -> 42.702047 | D121: VP OW | E121: 12 | F121: 1 | G121: 1230 | H121: 0.23 | I121: 0.88 | J121: =E121*G121*(1-H121)*1440/1000000*2.74 -> 44.842533 | K121: =(IF(G121<L121,L121,G121)*(1-IF(H121<N121,H121,N121))*E121*O121*Q121)/100000000 -> 42.702047 | L121: 1230 | M121: 947.1 | N121: =1-(M121/L121) -> 0.23 | O121: =+'Trim Rwd'!H81 -> 260.92105 | P121: =O121*(Q121-R121-S121) -> 358505.53 | Q121: 1440 | R121: 0 | S121: 66 | T121: =E121*M121*O121*Q121/100000000 -> 42.702047 | U121: =E121*M121*O121*(Q121-R121-S121)/100000000 -> 40.74487 | V121: =E121*G121*(1-N121)*O121/100*(R121+S121)/1000000 -> 1.9571772 | W121: =+'28'!K9/1000 -> 39.575 | X121: =SUM(W121:W124)/SUM(K121:K124) -> 0.9614059 | Y121: =+SUM(RBP!AG112:AG113) -> 0 | Z121: 0 | AA121: =SUM(U121:U124)-SUM(W121:W124)-SUM(Z121:Z124)-SUM(Y121:Y124) -> -0.30912992 | AB121: =(SUM(K121:K124)-SUM(W121:W124)-SUM(Y121:Y124)-SUM(Z121:Z124)-SUM(AC121:AC124)-SUM(V121:V124))-AA121 -> -3.5527137e-15 | AC121: =K121-T121 -> 0 | AD121: =+AM121+BA121 -> 12 | AE121: - Sheet Breaks (4x) | AF121: 12 | AM121: =SUM(AF121:AL121)+AT121+AV121+AX121 -> 12 | AR121: =SUM(AN121:AQ121) -> 0 | BA121: =+AR121+AS121+AU121+AW121+AY121+AZ121 -> 0 | BB121: 4
B122: Facial | D122: VP OW | E122: 14 | W122: =+'28'!K14/1000 -> 1.479 | AD122: =+AM122+BA122 -> 12 | AE122: - Change Blade (7x) | AG122: 12 | AM122: =SUM(AF122:AL122)+AT122+AV122+AX122 -> 12 | AR122: =SUM(AN122:AQ122) -> 0 | BA122: =+AR122+AS122+AU122+AW122+AY122+AZ122 -> 0 | BC122: 7
AD123: =+AM123+BA123 -> 42 | AE123: - Change Spool (30x) | AH123: 42 | AM123: =SUM(AF123:AL123)+AT123+AV123+AX123 -> 42 | AR123: =SUM(AN123:AQ123) -> 0 | BA123: =+AR123+AS123+AU123+AW123+AY123+AZ123 -> 0
A125: 45867 | B125: Facial | C125: =(M125*E125*O125*Q125)/100000000 -> 25.985109 | D125: VP OW | E125: 12 | F125: 1 | G125: 1230 | H125: 0.23 | I125: 0.88 | J125: =E125*G125*(1-H125)*1440/1000000*2.74 -> 44.842533 | K125: =(IF(G125<L125,L125,G125)*(1-IF(H125<N125,H125,N125))*E125*O125*Q125)/100000000 -> 25.985109 | L125: 1230 | M125: 947.1 | N125: =1-(M125/L125) -> 0.23 | O125: =+'Trim Rwd'!H84 -> 262.5 | P125: =O125*(Q125-R125-S125) -> 217087.5 | Q125: 871 | R125: 0 | S125: 44 | T125: =E125*M125*O125*Q125/100000000 -> 25.985109 | U125: =E125*M125*O125*(Q125-R125-S125)/100000000 -> 24.672429 | V125: =E125*G125*(1-N125)*O125/100*(R125+S125)/1000000 -> 1.3126806 | W125: =+'29'!K9/1000 -> 27.817 | X125: =SUM(W125:W128)/SUM(K125:K128) -> 0.93739574 | Y125: =+SUM(RBP!AG116:AG117) -> 0 | Z125: =+'18'!D53/1000 -> 0.00010335648 | AA125: =SUM(U125:U128)-SUM(W125:W128)-SUM(Z125:Z128)-SUM(Y125:Y128) -> 0.49569066 | AB125: =(SUM(K125:K128)-SUM(W125:W128)-SUM(Y125:Y128)-SUM(Z125:Z128)-SUM(AC125:AC128)-SUM(V125:V128))-AA125 -> 2.2759572e-15 | AC125: =K125-T125 -> 0 | AD125: =+AM125+BA125 -> 17 | AE125: - Sheet Breaks (8x) | AF125: 17 | AM125: =SUM(AF125:AL125)+AT125+AV125+AX125 -> 17 | AR125: =SUM(AN125:AQ125) -> 0 | BA125: =+AR125+AS125+AU125+AW125+AY125+AZ125 -> 0 | BB125: 8
B126: Facial | C126: =(M126*E126*O126*Q126)/100000000 -> 18.389959 | D126: VP OW | E126: 13 | F126: 1 | G126: 1230 | H126: 0.23 | I126: 0.88 | J126: =E126*G126*(1-H126)*1440/1000000*2.74 -> 48.579411 | K126: =(IF(G126<L126,L126,G126)*(1-IF(H126<N126,H126,N126))*E126*O126*Q126)/100000000 -> 18.389959 | L126: 1230 | M126: 947.1 | N126: =1-(M126/L126) -> 0.23 | O126: =+'Trim Rwd'!H85 -> 262.5 | P126: =O126*(Q126-R126-S126) -> 141487.5 | Q126: 569 | R126: 0 | S126: 30 | T126: =E126*M126*O126*Q126/100000000 -> 18.389959 | U126: =E126*M126*O126*(Q126-R126-S126)/100000000 -> 17.420365 | V126: =E126*G126*(1-N126)*O126/100*(R126+S126)/1000000 -> 0.96959363 | W126: =+'29'!K8/1000 -> 13.78 | AD126: =+AM126+BA126 -> 8 | AE126: - Change Blade (4x) | AG126: 8 | AM126: =SUM(AF126:AL126)+AT126+AV126+AX126 -> 8 | AR126: =SUM(AN126:AQ126) -> 0 | BA126: =+AR126+AS126+AU126+AW126+AY126+AZ126 -> 0 | BC126: 4
AD127: =+AM127+BA127 -> 49 | AE127: - Change Spool (30x) | AH127: 49 | AM127: =SUM(AF127:AL127)+AT127+AV127+AX127 -> 49 | AR127: =SUM(AN127:AQ127) -> 0 | BA127: =+AR127+AS127+AU127+AW127+AY127+AZ127 -> 0
...

Sheet Efficiency2
A1: PM14 Efficiency Report
A3: Date | B3: Grade | C3: Speed real (ton) with Available Time | D3: Colour | E3: gsm | F3: Ply | G3: Standard | L3: Real Running | O3: Trim Rewinder (cm) | P3: Trim Rewinder x Running Time | Q3: Available Time (mnt) | R3: Down Time (mnt) | S3: Loss Time (mnt) | T3: Real Speed & Real Creepe Ratio with Available Time (ton) | U3: Real Speed & Real Creepe Ratio setelah dipotong DT & LT (ton) | V3: Loss tonase akibat DT + LT dari hitungan Teori with available time (ton) | W3: Accepted (ton) | X3: Real Eff dr Target Eff | Y3: Backlog | Z3: Reject Rewinder (ton) | AA3: Estimasi Reject to Broke Plant (ton) | AB3: Estimasi Faktor BW (ton) | AC3: Loss Opportunity in Speed (ton) | AD3: Downtime/ Losstime | AE3: Reason of Downtime / Losstime | AF3: Loss Time | AM3: Total Losstime | AN3: Unschedule Shut Down (mnt) | AS3: Schedule Shut Down | AT3: Marketing | AV3: EXT FACTOR | AX3: EXT FACTOR | AZ3: MANAGEMENT | BA3: Total Down Time | BB3: Freq. Sheets Break (X) | BC3: Freq. Change Blade (X) | BD3: Steam, & gangguan sinergy (X) | BE3: Freq, Trip PLN (X) | BF3: Cleaning Holes (X)
AF4: Proses | AI4: Change Grade | AJ4: Mekanik | AK4: Electric & Instrument | AL4: Boiler | AN4: Down Time Produksi | AO4: Mekanik | AP4: Electrical & Instrument | AQ4: Boiler | AR4: Total Unschedule Shut Down | AV4: LOSS | AW4: DOWN TIME | AX4: LOSS | AY4: DOWN TIME
G5: Yankee Speed (mpm) | H5: Max % Creeping | I5: Target Eff | J5: Kapasitas PM-Teori (ton) | K5: Teori (ton) with Available Time | L5: Yankee Speed (mpm) | M5: Popereel Speed (mpm) | N5: % Creeping | AF5: sheet break | AG5: change blade | AH5: change spool | AT5: Loss time | AU5: Down Time | AV5: SINERGY | AW5: SINERGY | AX5: PLN | AY5: PLN
A6: =+Report1!A9 -> 45839 | B6: Toilet | C6: =(M6*E6*O6*Q6)/100000000 -> 22.048231 | D6: VP OW | E6: 12.5 | F6: 1 | G6: 1230 | H6: 0.23 | I6: 0.88 | J6: =E6*G6*(1-H6)*1440/1000000*2.74 -> 46.710972 | K6: =(IF(G6<L6,L6,G6)*(1-IF(H6<N6,H6,N6))*E6*O6*Q6)/100000000 -> 23.001744 | L6: 1179.0116 | M6: 907.83895 | N6: =1-(M6/L6) -> 0.23 | O6: =+'Trim Rwd'!H4 -> 257 | P6: =O6*(Q6-R6-S6) -> 165508 | Q6: =834-78 -> 756 | R6: =146-78 -> 68 | S6: 44 | T6: =E6*M6*O6*Q6/100000000 -> 22.048231 | U6: =E6*M6*O6*(Q6-R6-S6)/100000000 -> 18.781826 | V6: =E6*G6*(1-N6)*O6/100*(R6+S6)/1000000 -> 3.4076658 | W6: =+'1'!K7/1000 -> 21.165 | X6: =SUM(W6:W10)/SUM(K6:K10) -> 0.84102785 | Y6: 0 | Z6: =+'1'!D25/1000 -> 0 | AA6: =SUM(U6:U10)-SUM(W6:W10)-SUM(Z6:Z10)-SUM(Y6:Y10) -> 0.7935653 | AB6: =(SUM(K6:K10)-SUM(W6:W10)-SUM(Y6:Y10)-SUM(Z6:Z10)-SUM(AC6:AC10)-SUM(V6:V10))-AA6 -> 0.16127582 | AC6: =K6-T6 -> 0.95351341 | AD6: =+AM6+BA6 -> 21 | AE6: - Sheet Breaks (6x) | AF6: 21 | AM6: =SUM(AF6:AL6)+AT6+AV6+AX6 -> 21 | AR6: =SUM(AN6:AQ6) -> 0 | BA6: =+AR6+AS6+AU6+AW6+AY6+AZ6 -> 0 | BB6: 6 | BD6: 3
B7: Facial | C7: =(M7*E7*O7*Q7)/100000000 -> 18.701612 | D7: VP OW | E7: 13 | F7: 1 | G7: 1230 | H7: 0.22 | I7: 0.88 | J7: =E7*G7*(1-H7)*1440/1000000*2.74 -> 49.210312 | K7: =(IF(G7<L7,L7,G7)*(1-IF(H7<N7,H7,N7))*E7*O7*Q7)/100000000 -> 19.008755 | L7: 1225.8416 | M7: 943.89802 | N7: =1-(M7/L7) -> 0.23 | O7: =+'Trim Rwd'!H5 -> 251.5 | P7: =O7*(Q7-R7-S7) -> 141343 | Q7: 606 | R7: 0 | S7: 44 | T7: =E7*M7*O7*Q7/100000000 -> 18.701612 | U7: =E7*M7*O7*(Q7-R7-S7)/100000000 -> 17.343739 | V7: =E7*G7*(1-N7)*O7/100*(R7+S7)/1000000 -> 1.3624791 | W7: =+'1'!K8/1000 -> 14.167 | AD7: =+AM7+BA7 -> 10 | AE7: - Change Blade (5x) | AG7: 10 | AM7: =SUM(AF7:AL7)+AT7+AV7+AX7 -> 10 | AR7: =SUM(AN7:AQ7) -> 0 | BA7: =+AR7+AS7+AU7+AW7+AY7+AZ7 -> 0 | BC7: 5
AD8: =+AM8+BA8 -> 39 | AE8: - Change Spool (27x) | AH8: 39 | AM8: =SUM(AF8:AL8)+AT8+AV8+AX8 -> 39 | AR8: =SUM(AN8:AQ8) -> 0 | BA8: =+AR8+AS8+AU8+AW8+AY8+AZ8 -> 0
AD9: =+AM9+BA9 -> 18 | AE9: - Steam drop | AM9: =SUM(AF9:AL9)+AT9+AV9+AX9 -> 18 | AR9: =SUM(AN9:AQ9) -> 0 | AV9: 18 | BA9: =+AR9+AS9+AU9+AW9+AY9+AZ9 -> 0
AD10: =+AM10+BA10 -> 68 | AE10: - 14:00 PM stop (steam boiler off) | AM10: =SUM(AF10:AL10)+AT10+AV10+AX10 -> 0 | AR10: =SUM(AN10:AQ10) -> 0 | AW10: =146-78 -> 68 | BA10: =+AR10+AS10+AU10+AW10+AY10+AZ10 -> 68
AM11: =SUM(AF11:AL11)+AT11+AV11+AX11 -> 0
A12: 45840 | B12: Facial | C12: =(M12*E12*O12*Q12)/100000000 -> 38.838191 | D12: VP OW | E12: 13 | F12: 1 | G12: 1230 | H12: 0.22 | I12: 0.88 | J12: =E12*G12*(1-H12)*1440/1000000*2.74 -> 49.210312 | K12: =(IF(G12<L12,L12,G12)*(1-IF(H12<N12,H12,N12))*E12*O12*Q12)/100000000 -> 39.83683 | L12: 1214.7396 | M12: 935.34951 | N12: =1-(M12/L12) -> 0.23 | O12: =+'Trim Rwd'!H7 -> 251.5 | P12: =O12*(Q12-R12-S12) -> 272877.5 | Q12: =1133+137 -> 1270 | R12: 137 | S12: 48 | T12: =E12*M12*O12*Q12/100000000 -> 38.838191 | U12: =E12*M12*O12*(Q12-R12-S12)/100000000 -> 33.180659 | V12: =E12*G12*(1-N12)*O12/100*(R12+S12)/1000000 -> 5.7286054 | W12: =+'2'!K8/1000 -> 35.624 | X12: =SUM(W12:W15)/SUM(K12:K15) -> 0.8370308 | Y12: 0 | Z12: =+'1'!D31/1000 -> 0 | AA12: =SUM(U12:U15)-SUM(W12:W15)-SUM(Z12:Z15)-SUM(Y12:Y15) -> 0.33100155 | AB12: =(SUM(K12:K15)-SUM(W12:W15)-SUM(Y12:Y15)-SUM(Z12:Z15)-SUM(AC12:AC15)-SUM(V12:V15))-AA12 -> -0.071073692 | AC12: =K12-T12 -> 0.99863989 | AD12: =+AM12+BA12 -> 6 | AE12: - Sheet Breaks (3x) | AF12: 6 | AM12: =SUM(AF12:AL12)+AT12+AV12+AX12 -> 6 | AR12: =SUM(AN12:AQ12) -> 0 | BA12: =+AR12+AS12+AU12+AW12+AY12+AZ12 -> 0 | BB12: 3 | BD12: 3
B13: Facial | C13: =(M13*E13*O13*Q13)/100000000 -> 4.7529266 | D13: VP OW | E13: 12 | F13: 1 | G13: 1230 | H13: 0.23 | I13: 0.88 | J13: =E13*G13*(1-H13)*1440/1000000*2.74 -> 44.842533 | K13: =(IF(G13<L13,L13,G13)*(1-IF(H13<N13,H13,N13))*E13*O13*Q13)/100000000 -> 4.7529266 | L13: 1230 | M13: 947.1 | N13: =1-(M13/L13) -> 0.23 | O13: =+'Trim Rwd'!H8 -> 246 | P13: =O13*(Q13-R13-S13) -> 39360 | Q13: 170 | R13: 0 | S13: 10 | T13: =E13*M13*O13*Q13/100000000 -> 4.7529266 | U13: =E13*M13*O13*(Q13-R13-S13)/100000000 -> 4.4733427 | V13: =E13*G13*(1-N13)*O13/100*(R13+S13)/1000000 -> 0.27958392 | W13: =+'2'!K9/1000 -> 1.699 | AD13: =+AM13+BA13 -> 8 | AE13: - Change Blade (5x) | AG13: 8 | AM13: =SUM(AF13:AL13)+AT13+AV13+AX13 -> 8 | AR13: =SUM(AN13:AQ13) -> 0 | BA13: =+AR13+AS13+AU13+AW13+AY13+AZ13 -> 0 | BC13: 5
AD14: =+AM14+BA14 -> 44 | AE14: - Change Spool (28x) | AH14: 44 | AM14: =SUM(AF14:AL14)+AT14+AV14+AX14 -> 44 | AR14: =SUM(AN14:AQ14) -> 0 | BA14: =+AR14+AS14+AU14+AW14+AY14+AZ14 -> 0
AD15: =+AM15+BA15 -> 137 | AE15: - 11:40 PM stop steam off | AM15: =SUM(AF15:AL15)+AT15+AV15+AX15 -> 0 | AR15: =SUM(AN15:AQ15) -> 0 | AW15: 137 | BA15: =+AR15+AS15+AU15+AW15+AY15+AZ15 -> 137
BD16: 5
A17: 45841 | B17: Facial | C17: =(M17*E17*O17*Q17)/100000000 -> 43.372286 | D17: VP OW | E17: 12 | F17: 1 | G17: 1230 | H17: 0.23 | I17: 0.88 | J17: =E17*G17*(1-H17)*1440/1000000*2.74 -> 44.842533 | K17: =(IF(G17<L17,L17,G17)*(1-IF(H17<N17,H17,N17))*E17*O17*Q17)/100000000 -> 43.372286 | L17: 1230 | M17: 947.1 | N17: =1-(M17/L17) -> 0.23 | O17: =+'Trim Rwd'!H10 -> 265.01639 | P17: =O17*(Q17-R17-S17) -> 361217.34 | Q17: 1440 | R17: 0 | S17: 77 | T17: =E17*M17*O17*Q17/100000000 -> 43.372286 | U17: =E17*M17*O17*(Q17-R17-S17)/100000000 -> 41.053074 | V17: =E17*G17*(1-N17)*O17/100*(R17+S17)/1000000 -> 2.3192125 | W17: =+'3'!K9/1000 -> 39.783 | X17: =SUM(W17:W20)/SUM(K17:K20) -> 0.91724471 | Y17: =+SUM(RBP!AG8:AG9) -> 0 | Z17: =+'1'!D36/1000 -> 0 | AA17: =SUM(U17:U20)-SUM(W17:W20)-SUM(Z17:Z20)-SUM(Y17:Y20) -> 1.2700736 | AB17: =(SUM(K17:K20)-SUM(W17:W20)-SUM(Y17:Y20)-SUM(Z17:Z20)-SUM(AC17:AC20)-SUM(V17:V20))-AA17 -> 3.1086245e-15 | AC17: =K17-T17 -> 0 | AD17: =+AM17+BA17 -> 15 | AE17: - Sheet Breaks (5x) | AF17: 15 | AM17: =SUM(AF17:AL17)+AT17+AV17+AX17 -> 15 | AR17: =SUM(AN17:AQ17) -> 0 | BA17: =+AR17+AS17+AU17+AW17+AY17+AZ17 -> 0 | BB17: 5
AD18: =+AM18+BA18 -> 9 | AE18: - Change Blade (5x) | AG18: 9 | AM18: =SUM(AF18:AL18)+AT18+AV18+AX18 -> 9 | AR18: =SUM(AN18:AQ18) -> 0 | BA18: =+AR18+AS18+AU18+AW18+AY18+AZ18 -> 0 | BC18: 5
AD19: =+AM19+BA19 -> 53 | AE19: - Change Spool (29x) | AH19: 53 | AM19: =SUM(AF19:AL19)+AT19+AV19+AX19 -> 53 | AR19: =SUM(AN19:AQ19) -> 0 | BA19: =+AR19+AS19+AU19+AW19+AY19+AZ19 -> 0
A21: 45842 | B21: Facial | C21: =(M21*E21*O21*Q21)/100000000 -> 43.533262 | D21: VP OW | E21: 12 | F21: 1 | G21: 1230 | H21: 0.23 | I21: 0.88 | J21: =E21*G21*(1-H21)*1440/1000000*2.74 -> 44.842533 | K21: =(IF(G21<L21,L21,G21)*(1-IF(H21<N21,H21,N21))*E21*O21*Q21)/100000000 -> 43.533262 | L21: 1230 | M21: 947.1 | N21: =1-(M21/L21) -> 0.23 | O21: =+'Trim Rwd'!H14 -> 266 | P21: =O21*(Q21-R21-S21) -> 366548 | Q21: 1440 | R21: 0 | S21: 62 | T21: =E21*M21*O21*Q21/100000000 -> 43.533262 | U21: =E21*M21*O21*(Q21-R21-S21)/100000000 -> 41.658913 | V21: =E21*G21*(1-N21)*O21/100*(R21+S21)/1000000 -> 1.8743488 | W21: =+'4'!K9/1000 -> 41.906 | X21: =SUM(W21:W24)/SUM(K21:K24) -> 0.96262026 | Y21: 0 | Z21: =+'1'!D40/1000 -> 0 | AA21: =SUM(U21:U24)-SUM(W21:W24)-SUM(Z21:Z24)-SUM(Y21:Y24) -> -0.2470867 | AB21: =(SUM(K21:K24)-SUM(W21:W24)-SUM(Y21:Y24)-SUM(Z21:Z24)-SUM(AC21:AC24)-SUM(V21:V24))-AA21 -> 6.2172489e-15 | AC21: =K21-T21 -> 0 | AD21: =+AM21+BA21 -> 9 | AE21: - Sheet Breaks (3x) | AF21: 9 | AM21: =SUM(AF21:AL21)+AT21+AV21+AX21 -> 9 | AR21: =SUM(AN21:AQ21) -> 0 | BA21: =+AR21+AS21+AU21+AW21+AY21+AZ21 -> 0 | BB21: 3
AD22: =+AM22+BA22 -> 16 | AE22: - Change Blade (9x) | AG22: 16 | AM22: =SUM(AF22:AL22)+AT22+AV22+AX22 -> 16 | AR22: =SUM(AN22:AQ22) -> 0 | BA22: =+AR22+AS22+AU22+AW22+AY22+AZ22 -> 0 | BC22: 9
AD23: =+AM23+BA23 -> 37 | AE23: - Change Spool (28x) | AH23: 37 | AM23: =SUM(AF23:AL23)+AT23+AV23+AX23 -> 37 | AR23: =SUM(AN23:AQ23) -> 0 | BA23: =+AR23+AS23+AU23+AW23+AY23+AZ23 -> 0
A25: 45843 | B25: Facial | C25: =(M25*E25*O25*Q25)/100000000 -> 5.8951292 | D25: VP OW | E25: 12 | F25: 1 | G25: 1230 | H25: 0.23 | I25: 0.88 | J25: =E25*G25*(1-H25)*1440/1000000*2.74 -> 44.842533 | K25: =(IF(G25<L25,L25,G25)*(1-IF(H25<N25,H25,N25))*E25*O25*Q25)/100000000 -> 5.8951292 | L25: 1230 | M25: 947.1 | N25: =1-(M25/L25) -> 0.23 | O25: =+'Trim Rwd'!H16 -> 266 | P25: =O25*(Q25-R25-S25) -> 47880 | Q25: 195 | R25: 0 | S25: 15 | T25: =E25*M25*O25*Q25/100000000 -> 5.8951292 | U25: =E25*M25*O25*(Q25-R25-S25)/100000000 -> 5.4416578 | V25: =E25*G25*(1-N25)*O25/100*(R25+S25)/1000000 -> 0.45347148 | W25: =+'5'!K9/1000 -> 3.408 | X25: =SUM(W25:W28)/SUM(K25:K28) -> 0.90884413 | Y25: 0 | Z25: =+'1'!D44/1000 -> 0 | AA25: =SUM(U25:U28)-SUM(W25:W28)-SUM(Z25:Z28)-SUM(Y25:Y28) -> 1.7245654 | AB25: =(SUM(K25:K28)-SUM(W25:W28)-SUM(Y25:Y28)-SUM(Z25:Z28)-SUM(AC25:AC28)-SUM(V25:V28))-AA25 -> 0.23107087 | AC25: =K25-T25 -> 0 | AD25: =+AM25+BA25 -> 12 | AE25: - Sheet Breaks (3x) | AF25: 12 | AM25: =SUM(AF25:AL25)+AT25+AV25+AX25 -> 12 | AR25: =SUM(AN25:AQ25) -> 0 | BA25: =+AR25+AS25+AU25+AW25+AY25+AZ25 -> 0 | BB25: 3
B26: Facial | C26: =(M26*E26*O26*Q26)/100000000 -> 17.792457 | D26: VP OW | E26: 12.5 | F26: 1 | G26: 1230 | H26: 0.22 | I26: 0.88 | J26: =E26*G26*(1-H26)*1440/1000000*2.74 -> 47.317608 | K26: =(IF(G26<L26,L26,G26)*(1-IF(H26<N26,H26,N26))*E26*O26*Q26)/100000000 -> 18.023528 | L26: 1230 | M26: 947.1 | N26: =1-(M26/L26) -> 0.23 | O26: =+'Trim Rwd'!H17 -> 266 | P26: =O26*(Q26-R26-S26) -> 143640 | Q26: 565 | R26: 0 | S26: 25 | T26: =E26*M26*O26*Q26/100000000 -> 17.792457 | U26: =E26*M26*O26*(Q26-R26-S26)/100000000 -> 17.00518 | V26: =E26*G26*(1-N26)*O26/100*(R26+S26)/1000000 -> 0.78727687 | W26: =+'5'!K10/1000 -> 19.792 | AD26: =+AM26+BA26 -> 9 | AE26: - Change Blade (5x) | AG26: 9 | AM26: =SUM(AF26:AL26)+AT26+AV26+AX26 -> 9 | AR26: =SUM(AN26:AQ26) -> 0 | BA26: =+AR26+AS26+AU26+AW26+AY26+AZ26 -> 0 | BC26: 5
B27: Facial | C27: =(M27*E27*O27*Q27)/100000000 -> 21.600699 | D27: VP OW | E27: 13 | F27: 1 | G27: 1230 | H27: 0.23 | I27: 0.88 | J27: =E27*G27*(1-H27)*1440/1000000*2.74 -> 48.579411 | K27: =(IF(G27<L27,L27,G27)*(1-IF(H27<N27,H27,N27))*E27*O27*Q27)/100000000 -> 21.600699 | L27: 1230 | M27: 947.1 | N27: =1-(M27/L27) -> 0.23 | O27: =+'Trim Rwd'!H18 -> 258 | P27: =O27*(Q27-R27-S27) -> 167700 | Q27: 680 | R27: 0 | S27: 30 | T27: =E27*M27*O27*Q27/100000000 -> 21.600699 | U27: =E27*M27*O27*(Q27-R27-S27)/100000000 -> 20.647727 | V27: =E27*G27*(1-N27)*O27/100*(R27+S27)/1000000 -> 0.95297202 | W27: =+'5'!K8/1000 -> 18.17 | AD27: =+AM27+BA27 -> 49 | AE27: - Change Spool (29x) | AH27: 49 | AM27: =SUM(AF27:AL27)+AT27+AV27+AX27 -> 49 | AR27: =SUM(AN27:AQ27) -> 0 | BA27: =+AR27+AS27+AU27+AW27+AY27+AZ27 -> 0
A29: 45844 | B29: Facial | C29: =(M29*E29*O29*Q29)/100000000 -> 46.353741 | D29: VP OW | E29: 13 | F29: 1 | G29: 1230 | H29: 0.23 | I29: 0.88 | J29: =E29*G29*(1-H29)*1440/1000000*2.74 -> 48.579411 | K29: =(IF(G29<L29,L29,G29)*(1-IF(H29<N29,H29,N29))*E29*O29*Q29)/100000000 -> 46.353741 | L29: 1230 | M29: 947.1 | N29: =1-(M29/L29) -> 0.23 | O29: =+'Trim Rwd'!H20 -> 261.44667 | P29: =O29*(Q29-R29-S29) -> 349815.64 | Q29: 1440 | R29: 0 | S29: 102 | T29: =E29*M29*O29*Q29/100000000 -> 46.353741 | U29: =E29*M29*O29*(Q29-R29-S29)/100000000 -> 43.070351 | V29: =E29*G29*(1-N29)*O29/100*(R29+S29)/1000000 -> 3.28339 | W29: =+'6'!K8/1000 -> 42.211 | X29: =SUM(W29:W32)/SUM(K29:K32) -> 0.91062769 | Y29: =+SUM(RBP!AG20:AG21) -> 0 | Z29: =+'6'!D34/1000 -> 0.458 | AA29: =SUM(U29:U32)-SUM(W29:W32)-SUM(Z29:Z32)-SUM(Y29:Y32) -> 0.40135104 | AB29: =(SUM(K29:K32)-SUM(W29:W32)-SUM(Y29:Y32)-SUM(Z29:Z32)-SUM(AC29:AC32)-SUM(V29:V32))-AA29 -> 0 | AC29: =K29-T29 -> 0 | AD29: =+AM29+BA29 -> 57 | AE29: - Sheet Breaks (15x) | AF29: 57 | AM29: =SUM(AF29:AL29)+AT29+AV29+AX29 -> 57 | AR29: =SUM(AN29:AQ29) -> 0 | BA29: =+AR29+AS29+AU29+AW29+AY29+AZ29 -> 0 | BB29: 15 | BF29: 2
AD30: =+AM30+BA30 -> 0 | AE30: - Change Blade (0x) | AG30: 0 | AM30: =SUM(AF30:AL30)+AT30+AV30+AX30 -> 0 | AR30: =SUM(AN30:AQ30) -> 0 | BA30: =+AR30+AS30+AU30+AW30+AY30+AZ30 -> 0 | BC30: 0
AD31: =+AM31+BA31 -> 45 | AE31: - Change Spool (28x) | AH31: 45 | AM31: =SUM(AF31:AL31)+AT31+AV31+AX31 -> 45 | AR31: =SUM(AN31:AQ31) -> 0 | BA31: =+AR31+AS31+AU31+AW31+AY31+AZ31 -> 0
A33: 45845 | B33: Facial | C33: =(M33*E33*O33*Q33)/100000000 -> 9.5706586 | D33: VP OW | E33: 13 | F33: 1 | G33: 1230 | H33: 0.23 | I33: 0.88 | J33: =E33*G33*(1-H33)*1440/1000000*2.74 -> 48.579411 | K33: =(IF(G33<L33,L33,G33)*(1-IF(H33<N33,H33,N33))*E33*O33*Q33)/100000000 -> 9.5706586 | L33: 1230 | M33: 947.1 | N33: =1-(M33/L33) -> 0.23 | O33: =+'Trim Rwd'!H23 -> 263.5 | P33: =O33*(Q33-R33-S33) -> 69037 | Q33: 295 | R33: 0 | S33: 33 | T33: =E33*M33*O33*Q33/100000000 -> 9.5706586 | U33: =E33*M33*O33*(Q33-R33-S33)/100000000 -> 8.5000426 | V33: =E33*G33*(1-N33)*O33/100*(R33+S33)/1000000 -> 1.070616 | W33: =+'7'!K8/1000 -> 11.216 | X33: =SUM(W33:W36)/SUM(K33:K36) -> 0.88237815 | Y33: =+SUM(RBP!AG24:AG25) -> 0 | Z33: 0 | AA33: =SUM(U33:U36)-SUM(W33:W36)-SUM(Z33:Z36)-SUM(Y33:Y36) -> 0.70512038 | AB33: =(SUM(K33:K36)-SUM(W33:W36)-SUM(Y33:Y36)-SUM(Z33:Z36)-SUM(AC33:AC36)-SUM(V33:V36))-AA33 -> 1.1583609 | AC33: =K33-T33 -> 0 | AD33: =+AM33+BA33 -> 48 | AE33: - Sheet Breaks (18x) | AF33: 48 | AM33: =SUM(AF33:AL33)+AT33+AV33+AX33 -> 48 | AR33: =SUM(AN33:AQ33) -> 0 | BA33: =+AR33+AS33+AU33+AW33+AY33+AZ33 -> 0 | BB33: 18
B34: Toilet | C34: =(M34*E34*O34*Q34)/100000000 -> 34.937884 | D34: VP OW | E34: 13 | F34: 1 | G34: 1230 | H34: 0.23 | I34: 0.88 | J34: =E34*G34*(1-H34)*1440/1000000*2.74 -> 48.579411 | K34: =(IF(G34<L34,L34,G34)*(1-IF(H34<N34,H34,N34))*E34*O34*Q34)/100000000 -> 36.160302 | L34: 1188.4192 | M34: 915.08279 | N34: =1-(M34/L34) -> 0.23 | O34: =+'Trim Rwd'!H24 -> 256.5 | P34: =O34*(Q34-R34-S34) -> 278302.5 | Q34: 1145 | R34: 0 | S34: 60 | T34: =E34*M34*O34*Q34/100000000 -> 34.937884 | U34: =E34*M34*O34*(Q34-R34-S34)/100000000 -> 33.107078 | V34: =E34*G34*(1-N34)*O34/100*(R34+S34)/1000000 -> 1.894863 | W34: =+'7'!K11/1000 -> 29.136 | Z34: =+'7'!D7/1000 -> 0.55 | AD34: =+AM34+BA34 -> 0 | AE34: - Change Blade (0x) | AG34: 0 | AM34: =SUM(AF34:AL34)+AT34+AV34+AX34 -> 0 | AR34: =SUM(AN34:AQ34) -> 0 | BA34: =+AR34+AS34+AU34+AW34+AY34+AZ34 -> 0 | BC34: 0
AD35: =+AM35+BA35 -> 45 | AE35: - Change Spool (30x) | AH35: 45 | AM35: =SUM(AF35:AL35)+AT35+AV35+AX35 -> 45 | AR35: =SUM(AN35:AQ35) -> 0 | BA35: =+AR35+AS35+AU35+AW35+AY35+AZ35 -> 0
A37: 45846 | B37: Toilet | C37: =(M37*E37*O37*Q37)/100000000 -> 46.864397 | D37: VP OW | E37: 13 | F37: 1 | G37: 1230 | H37: 0.23 | I37: 0.88 | J37: =E37*G37*(1-H37)*1440/1000000*2.74 -> 48.579411 | K37: =(IF(G37<L37,L37,G37)*(1-IF(H37<N37,H37,N37))*E37*O37*Q37)/100000000 -> 47.248531 | L37: 1220 | M37: 976 | N37: =1-(M37/L37) -> 0.2 | O37: =+'Trim Rwd'!H26 -> 256.5 | P37: =O37*(Q37-R37-S37) -> 347557.5 | Q37: 1440 | R37: 0 | S37: 85 | T37: =E37*M37*O37*Q37/100000000 -> 46.864397 | U37: =E37*M37*O37*(Q37-R37-S37)/100000000 -> 44.098096 | V37: =E37*G37*(1-N37)*O37/100*(R37+S37)/1000000 -> 2.7889758 | W37: =+'8'!K11/1000 -> 38.69 | X37: =SUM(W37:W40)/SUM(K37:K40) -> 0.81886143 | Y37: =+SUM(RBP!AG28:AG29) -> 0 | Z37: =+'6'!D42/1000 -> 0 | AA37: =SUM(U37:U40)-SUM(W37:W40)-SUM(Z37:Z40)-SUM(Y37:Y40) -> 5.4080956 | AB37: =(SUM(K37:K40)-SUM(W37:W40)-SUM(Y37:Y40)-SUM(Z37:Z40)-SUM(AC37:AC40)-SUM(V37:V40))-AA37 -> -0.0226746 | AC37: =K37-T37 -> 0.3841344 | AD37: =+AM37+BA37 -> 45 | AE37: - Sheet Breaks (13x) | AF37: 45 | AM37: =SUM(AF37:AL37)+AT37+AV37+AX37 -> 45 | AR37: =SUM(AN37:AQ37) -> 0 | BA37: =+AR37+AS37+AU37+AW37+AY37+AZ37 -> 0 | BB37: 13 | BD37: 4
AD38: =+AM38+BA38 -> 8 | AE38: - Change Blade (6x) | AG38: 8 | AM38: =SUM(AF38:AL38)+AT38+AV38+AX38 -> 8 | AR38: =SUM(AN38:AQ38) -> 0 | BA38: =+AR38+AS38+AU38+AW38+AY38+AZ38 -> 0 | BC38: 6
AD39: =+AM39+BA39 -> 32 | AE39: - Change Spool (29x) | AH39: 32 | AM39: =SUM(AF39:AL39)+AT39+AV39+AX39 -> 32 | AR39: =SUM(AN39:AQ39) -> 0 | BA39: =+AR39+AS39+AU39+AW39+AY39+AZ39 -> 0
A41: 45847 | B41: Toilet | C41: =(M41*E41*O41*Q41)/100000000 -> 43.997809 | D41: VP OW | E41: 13 | F41: 1 | G41: 1230 | H41: 0.23 | I41: 0.88 | J41: =E41*G41*(1-H41)*1440/1000000*2.74 -> 48.579411 | K41: =(IF(G41<L41,L41,G41)*(1-IF(H41<N41,H41,N41))*E41*O41*Q41)/100000000 -> 44.725045 | L41: 1210 | M41: 931.7 | N41: =1-(M41/L41) -> 0.23 | O41: =+'Trim Rwd'!H28 -> 252.26042 | P41: =O41*(Q41-R41-S41) -> 340047.04 | Q41: 1440 | R41: 0 | S41: 92 | T41: =E41*M41*O41*Q41/100000000 -> 43.997809 | U41: =E41*M41*O41*(Q41-R41-S41)/100000000 -> 41.186838 | V41: =E41*G41*(1-N41)*O41/100*(R41+S41)/1000000 -> 2.8574335 | W41: =+'9'!K11/1000 -> 45.328 | X41: =SUM(W41:W44)/SUM(K41:K44) -> 1.0134814 | Y41: =+SUM(RBP!AG32:AG33) -> 0 | Z41: =+'6'!D46/1000 -> 0 | AA41: =SUM(U41:U44)-SUM(W41:W44)-SUM(Z41:Z44)-SUM(Y41:Y44) -> -4.1411623 | AB41: =(SUM(K41:K44)-SUM(W41:W44)-SUM(Y41:Y44)-SUM(Z41:Z44)-SUM(AC41:AC44)-SUM(V41:V44))-AA41 -> -0.046462333 | AC41: =K41-T41 -> 0.72723651 | AD41: =+AM41+BA41 -> 47 | AE41: - Sheet Breaks (13x) | AF41: 47 | AM41: =SUM(AF41:AL41)+AT41+AV41+AX41 -> 47 | AR41: =SUM(AN41:AQ41) -> 0 | BA41: =+AR41+AS41+AU41+AW41+AY41+AZ41 -> 0 | BB41: 13
AD42: =+AM42+BA42 -> 10 | AE42: - Change Blade (10x) | AG42: 10 | AM42: =SUM(AF42:AL42)+AT42+AV42+AX42 -> 10 | AR42: =SUM(AN42:AQ42) -> 0 | BA42: =+AR42+AS42+AU42+AW42+AY42+AZ42 -> 0 | BC42: 10
AD43: =+AM43+BA43 -> 35 | AE43: - Change Spool (28x) | AH43: 35 | AM43: =SUM(AF43:AL43)+AT43+AV43+AX43 -> 35 | AR43: =SUM(AN43:AQ43) -> 0 | BA43: =+AR43+AS43+AU43+AW43+AY43+AZ43 -> 0
A45: 45848 | B45: Toilet | C45: =(M45*E45*O45*Q45)/100000000 -> 44.387208 | D45: VP OW | E45: 13 | F45: 1 | G45: 1230 | H45: 0.23 | I45: 0.88 | J45: =E45*G45*(1-H45)*1440/1000000*2.74 -> 48.579411 | K45: =(IF(G45<L45,L45,G45)*(1-IF(H45<N45,H45,N45))*E45*O45*Q45)/100000000 -> 45.990326 | L45: 1187.125 | M45: 926.08625 | N45: =1-(M45/L45) -> 0.21989154 | O45: =+'Trim Rwd'!H32 -> 256.03571 | P45: =O45*(Q45-R45-S45) -> 343343.89 | Q45: 1440 | R45: 0 | S45: 99 | T45: =E45*M45*O45*Q45/100000000 -> 44.387208 | U45: =E45*M45*O45*(Q45-R45-S45)/100000000 -> 41.335588 | V45: =E45*G45*(1-N45)*O45/100*(R45+S45)/1000000 -> 3.1618349 | W45: =+'10'!K11/1000 -> 43.485 | X45: =SUM(W45:W48)/SUM(K45:K48) -> 0.94552493 | Y45: =+SUM(RBP!AG36:AG37) -> 0 | Z45: =+'6'!D50/1000 -> 0 | AA45: =SUM(U45:U48)-SUM(W45:W48)-SUM(Z45:Z48)-SUM(Y45:Y48) -> -2.1494124 | AB45: =(SUM(K45:K48)-SUM(W45:W48)-SUM(Y45:Y48)-SUM(Z45:Z48)-SUM(AC45:AC48)-SUM(V45:V48))-AA45 -> -0.11021437 | AC45: =K45-T45 -> 1.6031181 | AD45: =+AM45+BA45 -> 49 | AE45: - Sheet Breaks (13x) | AF45: 49 | AM45: =SUM(AF45:AL45)+AT45+AV45+AX45 -> 49 | AR45: =SUM(AN45:AQ45) -> 0 | BA45: =+AR45+AS45+AU45+AW45+AY45+AZ45 -> 0 | BB45: 13 | BF45: 3
AD46: =+AM46+BA46 -> 9 | AE46: - Change Blade (8x) | AG46: 9 | AM46: =SUM(AF46:AL46)+AT46+AV46+AX46 -> 9 | AR46: =SUM(AN46:AQ46) -> 0 | BA46: =+AR46+AS46+AU46+AW46+AY46+AZ46 -> 0 | BC46: 8
AD47: =+AM47+BA47 -> 41 | AE47: - Change Spool (27x) | AH47: 41 | AM47: =SUM(AF47:AL47)+AT47+AV47+AX47 -> 41 | AR47: =SUM(AN47:AQ47) -> 0 | BA47: =+AR47+AS47+AU47+AW47+AY47+AZ47 -> 0
A49: 45849 | B49: Toilet | C49: =(M49*E49*O49*Q49)/100000000 -> 44.389861 | D49: VP OW | E49: 13 | F49: 1 | G49: 1230 | H49: 0.23 | I49: 0.88 | J49: =E49*G49*(1-H49)*1440/1000000*2.74 -> 48.579411 | K49: =(IF(G49<L49,L49,G49)*(1-IF(H49<N49,H49,N49))*E49*O49*Q49)/100000000 -> 45.476711 | L49: 1200.6042 | M49: 924.46521 | N49: =1-(M49/L49) -> 0.23 | O49: =+'Trim Rwd'!H35 -> 256.5 | P49: =O49*(Q49-R49-S49) -> 347814 | Q49: 1440 | R49: 0 | S49: 84 | T49: =E49*M49*O49*Q49/100000000 -> 44.389861 | U49: =E49*M49*O49*(Q49-R49-S49)/100000000 -> 41.800452 | V49: =E49*G49*(1-N49)*O49/100*(R49+S49)/1000000 -> 2.6528082 | W49: =+'11'!K11/1000 -> 43.048 | X49: =SUM(W49:W52)/SUM(K49:K52) -> 0.94659439 | Y49: =+SUM(RBP!AG40:AG41) -> 0 | Z49: =+'6'!D54/1000 -> 0 | AA49: =SUM(U49:U52)-SUM(W49:W52)-SUM(Z49:Z52)-SUM(Y49:Y52) -> -1.2475475 | AB49: =(SUM(K49:K52)-SUM(W49:W52)-SUM(Y49:Y52)-SUM(Z49:Z52)-SUM(AC49:AC52)-SUM(V49:V52))-AA49 -> -0.063399599 | AC49: =K49-T49 -> 1.0868503 | AD49: =+AM49+BA49 -> 41 | AE49: - Sheet Breaks (28x) | AF49: 41 | AM49: =SUM(AF49:AL49)+AT49+AV49+AX49 -> 41 | AR49: =SUM(AN49:AQ49) -> 0 | BA49: =+AR49+AS49+AU49+AW49+AY49+AZ49 -> 0 | BB49: 28 | BF49: 1
AD50: =+AM50+BA50 -> 0 | AE50: - Change Blade (0x) | AG50: 0 | AM50: =SUM(AF50:AL50)+AT50+AV50+AX50 -> 0 | AR50: =SUM(AN50:AQ50) -> 0 | BA50: =+AR50+AS50+AU50+AW50+AY50+AZ50 -> 0 | BC50: 0
AD51: =+AM51+BA51 -> 43 | AE51: - Change Spool (27x) | AH51: 43 | AM51: =SUM(AF51:AL51)+AT51+AV51+AX51 -> 43 | AR51: =SUM(AN51:AQ51) -> 0 | BA51: =+AR51+AS51+AU51+AW51+AY51+AZ51 -> 0
A53: 45850 | B53: Toilet | C53: =(M53*E53*O53*Q53)/100000000 -> 44.751658 | D53: VP OW | E53: 13 | F53: 1 | G53: 1230 | H53: 0.23 | I53: 0.88 | J53: =E53*G53*(1-H53)*1440/1000000*2.74 -> 48.579411 | K53: =(IF(G53<L53,L53,G53)*(1-IF(H53<N53,H53,N53))*E53*O53*Q53)/100000000 -> 45.870449 | L53: 1200 | M53: 932 | N53: =1-(M53/L53) -> 0.22333333 | O53: =+'Trim Rwd'!H37 -> 256.5 | P53: =O53*(Q53-R53-S53) -> 348840 | Q53: 1440 | R53: 0 | S53: 80 | T53: =E53*M53*O53*Q53/100000000 -> 44.751658 | U53: =E53*M53*O53*(Q53-R53-S53)/100000000 -> 42.265454 | V53: =E53*G53*(1-N53)*O53/100*(R53+S53)/1000000 -> 2.5483583 | W53: =+'12'!K11/1000 -> 43.52 | X53: =SUM(W53:W56)/SUM(K53:K56) -> 0.94875897 | Y53: =+SUM(RBP!AG44:AG45) -> 0 | Z53: =+'6'!D58/1000 -> 0 | AA53: =SUM(U53:U56)-SUM(W53:W56)-SUM(Z53:Z56)-SUM(Y53:Y56) -> -1.2545456 | AB53: =(SUM(K53:K56)-SUM(W53:W56)-SUM(Y53:Y56)-SUM(Z53:Z56)-SUM(AC53:AC56)-SUM(V53:V56))-AA53 -> -0.06215508 | AC53: =K53-T53 -> 1.1187914 | AD53: =+AM53+BA53 -> 24 | AE53: - Sheet Breaks (8x) | AF53: 24 | AM53: =SUM(AF53:AL53)+AT53+AV53+AX53 -> 24 | AR53: =SUM(AN53:AQ53) -> 0 | BA53: =+AR53+AS53+AU53+AW53+AY53+AZ53 -> 0 | BB53: 8
AD54: =+AM54+BA54 -> 10 | AE54: - Change Blade (9x) | AG54: 10 | AM54: =SUM(AF54:AL54)+AT54+AV54+AX54 -> 10 | AR54: =SUM(AN54:AQ54) -> 0 | BA54: =+AR54+AS54+AU54+AW54+AY54+AZ54 -> 0 | BC54: 9
AD55: =+AM55+BA55 -> 46 | AE55: - Change Spool (30x) | AH55: 46 | AM55: =SUM(AF55:AL55)+AT55+AV55+AX55 -> 46 | AR55: =SUM(AN55:AQ55) -> 0 | BA55: =+AR55+AS55+AU55+AW55+AY55+AZ55 -> 0
A57: 45851 | B57: Toilet | C57: =(M57*E57*O57*Q57)/100000000 -> 37.364031 | D57: VP OW | E57: 13 | F57: 1 | G57: 1230 | H57: 0.23 | I57: 0.88 | J57: =E57*G57*(1-H57)*1440/1000000*2.74 -> 48.579411 | K57: =(IF(G57<L57,L57,G57)*(1-IF(H57<N57,H57,N57))*E57*O57*Q57)/100000000 -> 37.457954 | L57: 1226.9159 | M57: 947.19252 | N57: =1-(M57/L57) -> 0.22798903 | O57: =+'Trim Rwd'!H39 -> 256.5 | P57: =O57*(Q57-R57-S57) -> 259065 | Q57: =1070+113 -> 1183 | R57: 113 | S57: 60 | T57: =E57*M57*O57*Q57/100000000 -> 37.364031 | U57: =E57*M57*O57*(Q57-R57-S57)/100000000 -> 31.899976 | V57: =E57*G57*(1-N57)*O57/100*(R57+S57)/1000000 -> 5.4777904 | W57: =+'13'!K11/1000 -> 34.942 | X57: =SUM(W57:W60)/SUM(K57:K60) -> 0.89669886 | Y57: =+SUM(RBP!AG48:AG49) -> 0 | Z57: =+'6'!D62/1000 -> 0 | AA57: =SUM(U57:U60)-SUM(W57:W60)-SUM(Z57:Z60)-SUM(Y57:Y60) -> -1.5916715 | AB57: =(SUM(K57:K60)-SUM(W57:W60)-SUM(Y57:Y60)-SUM(Z57:Z60)-SUM(AC57:AC60)-SUM(V57:V60))-AA57 -> 0.037464553 | AC57: =K57-T57 -> 0.093922382 | AD57: =+AM57+BA57 -> 32 | AE57: - Sheet Breaks (8x) | AF57: 32 | AM57: =SUM(AF57:AL57)+AT57+AV57+AX57 -> 32 | AR57: =SUM(AN57:AQ57) -> 0 | BA57: =+AR57+AS57+AU57+AW57+AY57+AZ57 -> 0 | BB57: 8
B58: Facial | C58: =(M58*E58*O58*Q58)/100000000 -> 6.8021719 | D58: VP OW | E58: 11.5 | F58: 1 | G58: 1230 | H58: 0.23 | I58: 0.88 | J58: =E58*G58*(1-H58)*1440/1000000*2.74 -> 42.974094 | K58: =(IF(G58<L58,L58,G58)*(1-IF(H58<N58,H58,N58))*E58*O58*Q58)/100000000 -> 6.8579274 | L58: 1220 | M58: 939.4 | N58: =1-(M58/L58) -> 0.23 | O58: =+'Trim Rwd'!H40 -> 245 | P58: =O58*(Q58-R58-S58) -> 57820 | Q58: 257 | R58: 0 | S58: 21 | T58: =E58*M58*O58*Q58/100000000 -> 6.8021719 | U58: =E58*M58*O58*(Q58-R58-S58)/100000000 -> 6.2463524 | V58: =E58*G58*(1-N58)*O58/100*(R58+S58)/1000000 -> 0.56037539 | W58: =+'13'!K12/1000 -> 4.796 | AD58: =+AM58+BA58 -> 9 | AE58: - Change Blade (8x) | AG58: 9 | AM58: =SUM(AF58:AL58)+AT58+AV58+AX58 -> 9 | AR58: =SUM(AN58:AQ58) -> 0 | BA58: =+AR58+AS58+AU58+AW58+AY58+AZ58 -> 0 | BC58: 8
AD59: =+AM59+BA59 -> 40 | AE59: - Change Spool (29x) | AH59: 40 | AM59: =SUM(AF59:AL59)+AT59+AV59+AX59 -> 40 | AR59: =SUM(AN59:AQ59) -> 0 | BA59: =+AR59+AS59+AU59+AW59+AY59+AZ59 -> 0
AD60: =+AM60+BA60 -> 113 | AE60: - Ganti Felt | AM60: =SUM(AF60:AL60)+AT60+AV60+AX60 -> 0 | AR60: =SUM(AN60:AQ60) -> 0 | AS60: 113 | BA60: =+AR60+AS60+AU60+AW60+AY60+AZ60 -> 113
A62: 45852 | B62: Facial | C62: =(M62*E62*O62*Q62)/100000000 -> 34.243427 | D62: VP OW | E62: 12 | F62: 1 | G62: 1230 | H62: 0.23 | I62: 0.88 | J62: =E62*G62*(1-H62)*1440/1000000*2.74 -> 44.842533 | K62: =(IF(G62<L62,L62,G62)*(1-IF(H62<N62,H62,N62))*E62*O62*Q62)/100000000 -> 43.533262 | L62: 967.5226 | M62: 744.99241 | N62: =1-(M62/L62) -> 0.23 | O62: =+'Trim Rwd'!H43 -> 266 | P62: =O62*(Q62-R62-S62) -> 139384 | Q62: 1440 | R62: 887 | S62: 29 | T62: =E62*M62*O62*Q62/100000000 -> 34.243427 | U62: =E62*M62*O62*(Q62-R62-S62)/100000000 -> 12.460803 | V62: =E62*G62*(1-N62)*O62/100*(R62+S62)/1000000 -> 27.691992 | W62: =+'14'!K9/1000 -> 9.506 | X62: =SUM(W62:W65)/SUM(K62:K65) -> 0.24461755 | Y62: =+SUM(RBP!AG53:AG54) -> 0 | Z62: =+'6'!D67/1000 -> 0 | AA62: =SUM(U62:U65)-SUM(W62:W65)-SUM(Z62:Z65)-SUM(Y62:Y65) -> 1.8118026 | AB62: =(SUM(K62:K65)-SUM(W62:W65)-SUM(Y62:Y65)-SUM(Z62:Z65)-SUM(AC62:AC65)-SUM(V62:V65))-AA62 -> -5.9093674 | AC62: =K62-T62 -> 9.2898352 | AD62: =+AM62+BA62 -> 8 | AE62: - Sheet Breaks (4x) | AF62: 8 | AM62: =SUM(AF62:AL62)+AT62+AV62+AX62 -> 8 | AR62: =SUM(AN62:AQ62) -> 0 | BA62: =+AR62+AS62+AU62+AW62+AY62+AZ62 -> 0 | BB62: 4
B63: Facial | E63: 11.5 | W63: =+'14'!K12/1000 -> 1.143 | AD63: =+AM63+BA63 -> 0 | AE63: - Change Blade (0x) | AG63: 0 | AM63: =SUM(AF63:AL63)+AT63+AV63+AX63 -> 0 | AR63: =SUM(AN63:AQ63) -> 0 | BA63: =+AR63+AS63+AU63+AW63+AY63+AZ63 -> 0 | BC63: 0
AD64: =+AM64+BA64 -> 21 | AE64: - Change Spool (13x) | AH64: 21 | AM64: =SUM(AF64:AL64)+AT64+AV64+AX64 -> 21 | AR64: =SUM(AN64:AQ64) -> 0 | BA64: =+AR64+AS64+AU64+AW64+AY64+AZ64 -> 0
AD65: =+AM65+BA65 -> 887 | AE65: - Ganti Felt | AM65: =SUM(AF65:AL65)+AT65+AV65+AX65 -> 0 | AR65: =SUM(AN65:AQ65) -> 0 | AS65: 887 | BA65: =+AR65+AS65+AU65+AW65+AY65+AZ65 -> 887
A67: 45853 | B67: Facial | C67: =(M67*E67*O67*Q67)/100000000 -> 3.0418228 | D67: VP OW | E67: 12 | F67: 1 | G67: 1230 | H67: 0.23 | I67: 0.88 | J67: =E67*G67*(1-H67)*1440/1000000*2.74 -> 44.842533 | K67: =(IF(G67<L67,L67,G67)*(1-IF(H67<N67,H67,N67))*E67*O67*Q67)/100000000 -> 3.3859204 | L67: 1105 | M67: 850.85 | N67: =1-(M67/L67) -> 0.23 | O67: =+'Trim Rwd'!H45 -> 266 | P67: =O67*(Q67-R67-S67) -> 25270 | Q67: 112 | R67: 0 | S67: 17 | T67: =E67*M67*O67*Q67/100000000 -> 3.0418228 | U67: =E67*M67*O67*(Q67-R67-S67)/100000000 -> 2.5801175 | V67: =E67*G67*(1-N67)*O67/100*(R67+S67)/1000000 -> 0.51393434 | W67: =+'15'!K9/1000 -> 4.682 | X67: =SUM(W67:W70)/SUM(K67:K70) -> 0.85563427 | Y67: 0 | Z67: =+'6'!D72/1000 -> 0 | AA67: =SUM(U67:U70)-SUM(W67:W70)-SUM(Z67:Z70)-SUM(Y67:Y70) -> 0.81460557 | AB67: =(SUM(K67:K70)-SUM(W67:W70)-SUM(Y67:Y70)-SUM(Z67:Z70)-SUM(AC67:AC70)-SUM(V67:V70))-AA67 -> 3.1686039 | AC67: =K67-T67 -> 0.3440976 | AD67: =+AM67+BA67 -> 32 | AE67: - Sheet Breaks (12x) | AF67: 32 | AM67: =SUM(AF67:AL67)+AT67+AV67+AX67 -> 32 | AR67: =SUM(AN67:AQ67) -> 0 | BA67: =+AR67+AS67+AU67+AW67+AY67+AZ67 -> 0 | BB67: 12
B68: Facial | C68: =(M68*E68*O68*Q68)/100000000 -> 40.280385 | D68: VP OW | E68: 13 | F68: 1 | G68: 1230 | H68: 0.22 | I68: 0.88 | J68: =E68*G68*(1-H68)*1440/1000000*2.74 -> 49.210312 | K68: =(IF(G68<L68,L68,G68)*(1-IF(H68<N68,H68,N68))*E68*O68*Q68)/100000000 -> 43.627157 | L68: 1150.3916 | M68: 885.80151 | N68: =1-(M68/L68) -> 0.23 | O68: =+'Trim Rwd'!H46 -> 263.4 | P68: =O68*(Q68-R68-S68) -> 333991.2 | Q68: 1328 | R68: 0 | S68: 60 | T68: =E68*M68*O68*Q68/100000000 -> 40.280385 | U68: =E68*M68*O68*(Q68-R68-S68)/100000000 -> 38.460488 | V68: =E68*G68*(1-N68)*O68/100*(R68+S68)/1000000 -> 1.9458359 | W68: =+'15'!K8/1000 -> 35.544 | AD68: =+AM68+BA68 -> 0 | AE68: - Change Blade (0x) | AG68: 0 | AM68: =SUM(AF68:AL68)+AT68+AV68+AX68 -> 0 | AR68: =SUM(AN68:AQ68) -> 0 | BA68: =+AR68+AS68+AU68+AW68+AY68+AZ68 -> 0 | BC68: 0
AD69: =+AM69+BA69 -> 45 | AE69: - Change Spool (30x) | AH69: 45 | AM69: =SUM(AF69:AL69)+AT69+AV69+AX69 -> 45 | AR69: =SUM(AN69:AQ69) -> 0 | BA69: =+AR69+AS69+AU69+AW69+AY69+AZ69 -> 0
A71: 45854 | B71: Facial | C71: =(M71*E71*O71*Q71)/100000000 -> 45.519899 | D71: VP OW | E71: 13 | F71: 1 | G71: 1230 | H71: 0.23 | I71: 0.88 | J71: =E71*G71*(1-H71)*1440/1000000*2.74 -> 48.579411 | K71: =(IF(G71<L71,L71,G71)*(1-IF(H71<N71,H71,N71))*E71*O71*Q71)/100000000 -> 45.519899 | L71: 1230 | M71: 947.1 | N71: =1-(M71/L71) -> 0.23 | O71: =+'Trim Rwd'!H50 -> 256.74359 | P71: =O71*(Q71-R71-S71) -> 350198.26 | Q71: 1440 | R71: 0 | S71: 76 | T71: =E71*M71*O71*Q71/100000000 -> 45.519899 | U71: =E71*M71*O71*(Q71-R71-S71)/100000000 -> 43.11746 | V71: =E71*G71*(1-N71)*O71/100*(R71+S71)/1000000 -> 2.4024391 | W71: =+'16'!K8/1000 -> 42.909 | X71: =SUM(W71:W74)/SUM(K71:K74) -> 0.94264269 | Y71: =+SUM(RBP!AG62:AG63) -> 0 | Z71: =+'6'!D76/1000 -> 0 | AA71: =SUM(U71:U74)-SUM(W71:W74)-SUM(Z71:Z74)-SUM(Y71:Y74) -> 0.20845992 | AB71: =(SUM(K71:K74)-SUM(W71:W74)-SUM(Y71:Y74)-SUM(Z71:Z74)-SUM(AC71:AC74)-SUM(V71:V74))-AA71 -> 3.9968029e-15 | AC71: =K71-T71 -> 0 | AD71: =+AM71+BA71 -> 16 | AE71: - Sheet Breaks (4x) | AF71: 16 | AM71: =SUM(AF71:AL71)+AT71+AV71+AX71 -> 16 | AR71: =SUM(AN71:AQ71) -> 0 | BA71: =+AR71+AS71+AU71+AW71+AY71+AZ71 -> 0 | BB71: 4
AD72: =+AM72+BA72 -> 17 | AE72: - Change Blade (10x) | AG72: 17 | AM72: =SUM(AF72:AL72)+AT72+AV72+AX72 -> 17 | AR72: =SUM(AN72:AQ72) -> 0 | BA72: =+AR72+AS72+AU72+AW72+AY72+AZ72 -> 0 | BC72: 10
AD73: =+AM73+BA73 -> 43 | AE73: - Change Spool (32x) | AH73: 43 | AM73: =SUM(AF73:AL73)+AT73+AV73+AX73 -> 43 | AR73: =SUM(AN73:AQ73) -> 0 | BA73: =+AR73+AS73+AU73+AW73+AY73+AZ73 -> 0
A75: 45855 | B75: Facial | C75: =(M75*E75*O75*Q75)/100000000 -> 45.56536 | D75: VP OW | E75: 13 | F75: 1 | G75: 1230 | H75: 0.23 | I75: 0.88 | J75: =E75*G75*(1-H75)*1440/1000000*2.74 -> 48.579411 | K75: =(IF(G75<L75,L75,G75)*(1-IF(H75<N75,H75,N75))*E75*O75*Q75)/100000000 -> 45.56536 | L75: 1230 | M75: 947.1 | N75: =1-(M75/L75) -> 0.23 | O75: =+'Trim Rwd'!H53 -> 257 | P75: =O75*(Q75-R75-S75) -> 349006 | Q75: 1440 | R75: 0 | S75: 82 | T75: =E75*M75*O75*Q75/100000000 -> 45.56536 | U75: =E75*M75*O75*(Q75-R75-S75)/100000000 -> 42.970666 | V75: =E75*G75*(1-N75)*O75/100*(R75+S75)/1000000 -> 2.5946941 | W75: =+'17'!K8/1000 -> 43.463 | X75: =SUM(W75:W78)/SUM(K75:K78) -> 0.95386057 | Y75: =+SUM(RBP!AG66:AG67) -> 0 | Z75: =+'6'!D80/1000 -> 0 | AA75: =SUM(U75:U78)-SUM(W75:W78)-SUM(Z75:Z78)-SUM(Y75:Y78) -> -0.49233426 | AB75: =(SUM(K75:K78)-SUM(W75:W78)-SUM(Y75:Y78)-SUM(Z75:Z78)-SUM(AC75:AC78)-SUM(V75:V78))-AA75 -> -8.8817842e-16 | AC75: =K75-T75 -> 0 | AD75: =+AM75+BA75 -> 28 | AE75: - Sheet Breaks (4x) | AF75: 28 | AM75: =SUM(AF75:AL75)+AT75+AV75+AX75 -> 28 | AR75: =SUM(AN75:AQ75) -> 0 | BA75: =+AR75+AS75+AU75+AW75+AY75+AZ75 -> 0 | BB75: 4
AD76: =+AM76+BA76 -> 18 | AE76: - Change Blade (10x) | AG76: 18 | AM76: =SUM(AF76:AL76)+AT76+AV76+AX76 -> 18 | AR76: =SUM(AN76:AQ76) -> 0 | BA76: =+AR76+AS76+AU76+AW76+AY76+AZ76 -> 0 | BC76: 10
AD77: =+AM77+BA77 -> 36 | AE77: - Change Spool (32x) | AH77: 36 | AM77: =SUM(AF77:AL77)+AT77+AV77+AX77 -> 36 | AR77: =SUM(AN77:AQ77) -> 0 | BA77: =+AR77+AS77+AU77+AW77+AY77+AZ77 -> 0
A79: 45856 | B79: Facial | C79: =(M79*E79*O79*Q79)/100000000 -> 23.731958 | D79: VP OW | E79: 13 | F79: 1 | G79: 1230 | H79: 0.23 | I79: 0.88 | J79: =E79*G79*(1-H79)*1440/1000000*2.74 -> 48.579411 | K79: =(IF(G79<L79,L79,G79)*(1-IF(H79<N79,H79,N79))*E79*O79*Q79)/100000000 -> 23.731958 | L79: 1230 | M79: 947.1 | N79: =1-(M79/L79) -> 0.23 | O79: =+'Trim Rwd'!H55 -> 257 | P79: =O79*(Q79-R79-S79) -> 183498 | Q79: 750 | R79: 0 | S79: 36 | T79: =E79*M79*O79*Q79/100000000 -> 23.731958 | U79: =E79*M79*O79*(Q79-R79-S79)/100000000 -> 22.592824 | V79: =E79*G79*(1-N79)*O79/100*(R79+S79)/1000000 -> 1.139134 | W79: =+'18'!K8/1000 -> 24.781 | X79: =SUM(W79:W82)/SUM(K79:K82) -> 0.95298114 | Y79: =+SUM(RBP!AG70:AG71) -> 0 | Z79: =+'18'!D7/1000 -> 0.291 | AA79: =SUM(U79:U82)-SUM(W79:W82)-SUM(Z79:Z82)-SUM(Y79:Y82) -> -0.6440647 | AB79: =(SUM(K79:K82)-SUM(W79:W82)-SUM(Y79:Y82)-SUM(Z79:Z82)-SUM(AC79:AC82)-SUM(V79:V82))-AA79 -> 0.60440119 | AC79: =K79-T79 -> 0 | AD79: =+AM79+BA79 -> 6 | AE79: - Sheet Breaks (3x) | AF79: 6 | AM79: =SUM(AF79:AL79)+AT79+AV79+AX79 -> 6 | AR79: =SUM(AN79:AQ79) -> 0 | BA79: =+AR79+AS79+AU79+AW79+AY79+AZ79 -> 0 | BB79: 3
B80: Toilet | C80: =(M80*E80*O80*Q80)/100000000 -> 23.792145 | D80: VP OW | E80: 15 | F80: 1 | G80: 1195 | H80: 0.22 | I80: 0.88 | J80: =E80*G80*(1-H80)*1440/1000000*2.74 -> 55.165406 | K80: =(IF(G80<L80,L80,G80)*(1-IF(H80<N80,H80,N80))*E80*O80*Q80)/100000000 -> 24.407505 | L80: 1180 | M80: 908.6 | N80: =1-(M80/L80) -> 0.23 | O80: =+'Trim Rwd'!H56 -> 253 | P80: =O80*(Q80-R80-S80) -> 168245 | Q80: 690 | R80: 0 | S80: 25 | T80: =E80*M80*O80*Q80/100000000 -> 23.792145 | U80: =E80*M80*O80*(Q80-R80-S80)/100000000 -> 22.930111 | V80: =E80*G80*(1-N80)*O80/100*(R80+S80)/1000000 -> 0.87299231 | W80: =+'18'!K13/1000 -> 21.095 | AD80: =+AM80+BA80 -> 18 | AE80: - Change Blade (13x) | AG80: 18 | AM80: =SUM(AF80:AL80)+AT80+AV80+AX80 -> 18 | AR80: =SUM(AN80:AQ80) -> 0 | BA80: =+AR80+AS80+AU80+AW80+AY80+AZ80 -> 0 | BC80: 13
AD81: =+AM81+BA81 -> 37 | AE81: - Change Spool (31x) | AH81: 37 | AM81: =SUM(AF81:AL81)+AT81+AV81+AX81 -> 37 | AR81: =SUM(AN81:AQ81) -> 0 | BA81: =+AR81+AS81+AU81+AW81+AY81+AZ81 -> 0
A83: 45857 | B83: Toilet | C83: =(M83*E83*O83*Q83)/100000000 -> 27.051519 | D83: VP OW | E83: 15 | F83: 1 | G83: 1195 | H83: 0.22 | I83: 0.88 | J83: =E83*G83*(1-H83)*1440/1000000*2.74 -> 55.165406 | K83: =(IF(G83<L83,L83,G83)*(1-IF(H83<N83,H83,N83))*E83*O83*Q83)/100000000 -> 27.944824 | L83: 1160 | M83: 902.3038 | N83: =1-(M83/L83) -> 0.2221519 | O83: =+'Trim Rwd'!H58 -> 253 | P83: =O83*(Q83-R83-S83) -> 192280 | Q83: 790 | R83: 0 | S83: 30 | T83: =E83*M83*O83*Q83/100000000 -> 27.051519 | U83: =E83*M83*O83*(Q83-R83-S83)/100000000 -> 26.024246 | V83: =E83*G83*(1-N83)*O83/100*(R83+S83)/1000000 -> 1.0582682 | W83: =+'19'!K13/1000 -> 16.416 | X83: =SUM(W83:W86)/SUM(K83:K86) -> 0.96577104 | Y83: =+SUM(RBP!AG74:AG75) -> 0 | Z83: =+'18'!D11/1000 -> 0 | AA83: =SUM(U83:U86)-SUM(W83:W86)-SUM(Z83:Z86)-SUM(Y83:Y86) -> -1.169464 | AB83: =(SUM(K83:K86)-SUM(W83:W86)-SUM(Y83:Y86)-SUM(Z83:Z86)-SUM(AC83:AC86)-SUM(V83:V86))-AA83 -> -0.030995302 | AC83: =K83-T83 -> 0.89330505 | AD83: =+AM83+BA83 -> 12 | AE83: - Sheet Breaks (6x) | AF83: 12 | AM83: =SUM(AF83:AL83)+AT83+AV83+AX83 -> 12 | AR83: =SUM(AN83:AQ83) -> 0 | BA83: =+AR83+AS83+AU83+AW83+AY83+AZ83 -> 0 | BB83: 6
B84: Toilet | C84: =(M84*E84*O84*Q84)/100000000 -> 19.776632 | D84: VP OW | E84: 12.5 | F84: 1 | G84: 1230 | H84: 0.23 | I84: 0.88 | J84: =E84*G84*(1-H84)*1440/1000000*2.74 -> 46.710972 | K84: =(IF(G84<L84,L84,G84)*(1-IF(H84<N84,H84,N84))*E84*O84*Q84)/100000000 -> 19.776632 | L84: 1230 | M84: 947.1 | N84: =1-(M84/L84) -> 0.23 | O84: =+'Trim Rwd'!H59 -> 257 | P84: =O84*(Q84-R84-S84) -> 159597 | Q84: 650 | R84: 0 | S84: 29 | T84: =E84*M84*O84*Q84/100000000 -> 19.776632 | U84: =E84*M84*O84*(Q84-R84-S84)/100000000 -> 18.89429 | V84: =E84*G84*(1-N84)*O84/100*(R84+S84)/1000000 -> 0.88234204 | W84: =+'19'!K7/1000 -> 29.672 | AD84: =+AM84+BA84 -> 9 | AE84: - Change Blade (12x) | AG84: 9 | AM84: =SUM(AF84:AL84)+AT84+AV84+AX84 -> 9 | AR84: =SUM(AN84:AQ84) -> 0 | BA84: =+AR84+AS84+AU84+AW84+AY84+AZ84 -> 0 | BC84: 12
AD85: =+AM85+BA85 -> 38 | AE85: - Change Spool (31x) | AH85: 38 | AM85: =SUM(AF85:AL85)+AT85+AV85+AX85 -> 38 | AR85: =SUM(AN85:AQ85) -> 0 | BA85: =+AR85+AS85+AU85+AW85+AY85+AZ85 -> 0
A87: 45858 | B87: Toilet | C87: =(M87*E87*O87*Q87)/100000000 -> 43.812846 | D87: VP OW | E87: 12.5 | F87: 1 | G87: 1230 | H87: 0.23 | I87: 0.88 | J87: =E87*G87*(1-H87)*1440/1000000*2.74 -> 46.710972 | K87: =(IF(G87<L87,L87,G87)*(1-IF(H87<N87,H87,N87))*E87*O87*Q87)/100000000 -> 43.812846 | L87: 1230 | M87: 947.1 | N87: =1-(M87/L87) -> 0.23 | O87: =+'Trim Rwd'!H61 -> 257 | P87: =O87*(Q87-R87-S87) -> 351833 | Q87: 1440 | R87: 0 | S87: 71 | T87: =E87*M87*O87*Q87/100000000 -> 43.812846 | U87: =E87*M87*O87*(Q87-R87-S87)/100000000 -> 41.652629 | V87: =E87*G87*(1-N87)*O87/100*(R87+S87)/1000000 -> 2.1602167 | W87: =+'20'!K7/1000 -> 44.429 | X87: =SUM(W87:W90)/SUM(K87:K90) -> 1.0140633 | Y87: =+SUM(RBP!AG78:AG79) -> 0 | Z87: =+'18'!D15/1000 -> 1.9724802e-05 | AA87: =SUM(U87:U90)-SUM(W87:W90)-SUM(Z87:Z90)-SUM(Y87:Y90) -> -2.7763904 | AB87: =(SUM(K87:K90)-SUM(W87:W90)-SUM(Y87:Y90)-SUM(Z87:Z90)-SUM(AC87:AC90)-SUM(V87:V90))-AA87 -> -4.4408921e-15 | AC87: =K87-T87 -> 0 | AD87: =+AM87+BA87 -> 30 | AE87: - Sheet Breaks (9x) | AF87: 30 | AM87: =SUM(AF87:AL87)+AT87+AV87+AX87 -> 30 | AR87: =SUM(AN87:AQ87) -> 0 | BA87: =+AR87+AS87+AU87+AW87+AY87+AZ87 -> 0 | BB87: 9
AD88: =+AM88+BA88 -> 0 | AE88: - Change Blade (0x) | AG88: 0 | AM88: =SUM(AF88:AL88)+AT88+AV88+AX88 -> 0 | AR88: =SUM(AN88:AQ88) -> 0 | BA88: =+AR88+AS88+AU88+AW88+AY88+AZ88 -> 0 | BC88: 0
AD89: =+AM89+BA89 -> 41 | AE89: - Change Spool (28x) | AH89: 41 | AM89: =SUM(AF89:AL89)+AT89+AV89+AX89 -> 41 | AR89: =SUM(AN89:AQ89) -> 0 | BA89: =+AR89+AS89+AU89+AW89+AY89+AZ89 -> 0
A91: 45859 | B91: Toilet | C91: =(M91*E91*O91*Q91)/100000000 -> 8.9755483 | D91: VP OW | E91: 12.5 | F91: 1 | G91: 1230 | H91: 0.23 | I91: 0.88 | J91: =E91*G91*(1-H91)*1440/1000000*2.74 -> 46.710972 | K91: =(IF(G91<L91,L91,G91)*(1-IF(H91<N91,H91,N91))*E91*O91*Q91)/100000000 -> 8.9755483 | L91: 1230 | M91: 947.1 | N91: =1-(M91/L91) -> 0.23 | O91: =+'Trim Rwd'!H63 -> 257 | P91: =O91*(Q91-R91-S91) -> 69390 | Q91: 295 | R91: 0 | S91: 25 | T91: =E91*M91*O91*Q91/100000000 -> 8.9755483 | U91: =E91*M91*O91*(Q91-R91-S91)/100000000 -> 8.2149086 | V91: =E91*G91*(1-N91)*O91/100*(R91+S91)/1000000 -> 0.76063969 | W91: =+'21'!K7/1000 -> 11.255 | X91: =SUM(W91:W94)/SUM(K91:K94) -> 0.91235653 | Y91: =+SUM(RBP!AG82:AG83) -> 0 | Z91: =+'18'!D19/1000 -> 0 | AA91: =SUM(U91:U94)-SUM(W91:W94)-SUM(Z91:Z94)-SUM(Y91:Y94) -> 1.2368704 | AB91: =(SUM(K91:K94)-SUM(W91:W94)-SUM(Y91:Y94)-SUM(Z91:Z94)-SUM(AC91:AC94)-SUM(V91:V94))-AA91 -> -1.1990409e-14 | AC91: =K91-T91 -> 0 | AD91: =+AM91+BA91 -> 33 | AE91: - Sheet Breaks (10x) | AF91: 33 | AM91: =SUM(AF91:AL91)+AT91+AV91+AX91 -> 33 | AR91: =SUM(AN91:AQ91) -> 0 | BA91: =+AR91+AS91+AU91+AW91+AY91+AZ91 -> 0 | BB91: 10
B92: Facial | C92: =(M92*E92*O92*Q92)/100000000 -> 32.736216 | D92: VP OW | E92: 11.5 | F92: 1 | G92: 1230 | H92: 0.23 | I92: 0.88 | J92: =E92*G92*(1-H92)*1440/1000000*2.74 -> 42.974094 | K92: =(IF(G92<L92,L92,G92)*(1-IF(H92<N92,H92,N92))*E92*O92*Q92)/100000000 -> 32.736216 | L92: 1230 | M92: 947.1 | N92: =1-(M92/L92) -> 0.23 | O92: =+'Trim Rwd'!H64 -> 262.5 | P92: =O92*(Q92-R92-S92) -> 285337.5 | Q92: 1145 | R92: 0 | S92: =83-S91 -> 58 | T92: =E92*M92*O92*Q92/100000000 -> 32.736216 | U92: =E92*M92*O92*(Q92-R92-S92)/100000000 -> 31.077962 | V92: =E92*G92*(1-N92)*O92/100*(R92+S92)/1000000 -> 1.6582537 | W92: =+'21'!K12/1000 -> 26.801 | AD92: =+AM92+BA92 -> 0 | AE92: - Change Blade (0x) | AG92: 0 | AM92: =SUM(AF92:AL92)+AT92+AV92+AX92 -> 0 | AR92: =SUM(AN92:AQ92) -> 0 | BA92: =+AR92+AS92+AU92+AW92+AY92+AZ92 -> 0 | BC92: 0
AD93: =+AM93+BA93 -> 50 | AE93: - Change Spool (29x) | AH93: 50 | AM93: =SUM(AF93:AL93)+AT93+AV93+AX93 -> 50 | AR93: =SUM(AN93:AQ93) -> 0 | BA93: =+AR93+AS93+AU93+AW93+AY93+AZ93 -> 0
A95: 45860 | B95: Facial | C95: =(M95*E95*O95*Q95)/100000000 -> 2.5731523 | D95: VP OW | E95: 11.5 | F95: 1 | G95: 1230 | H95: 0.23 | I95: 0.88 | J95: =E95*G95*(1-H95)*1440/1000000*2.74 -> 42.974094 | K95: =(IF(G95<L95,L95,G95)*(1-IF(H95<N95,H95,N95))*E95*O95*Q95)/100000000 -> 2.5731523 | L95: 1230 | M95: 947.1 | N95: =1-(M95/L95) -> 0.23 | O95: =+'Trim Rwd'!H66 -> 262.5 | P95: =O95*(Q95-R95-S95) -> 20475 | Q95: 90 | R95: 0 | S95: 12 | T95: =E95*M95*O95*Q95/100000000 -> 2.5731523 | U95: =E95*M95*O95*(Q95-R95-S95)/100000000 -> 2.2300653 | V95: =E95*G95*(1-N95)*O95/100*(R95+S95)/1000000 -> 0.34308697 | W95: =+'22'!K12/1000 -> 6.251 | X95: =SUM(W95:W98)/SUM(K95:K98) -> 0.86093665 | Y95: =+SUM(RBP!AG86:AG87) -> 0 | Z95: =+'18'!D23/1000 -> 0 | AA95: =SUM(U95:U98)-SUM(W95:W98)-SUM(Z95:Z98)-SUM(Y95:Y98) -> 3.8161547 | AB95: =(SUM(K95:K98)-SUM(W95:W98)-SUM(Y95:Y98)-SUM(Z95:Z98)-SUM(AC95:AC98)-SUM(V95:V98))-AA95 -> 0.48782067 | AC95: =K95-T95 -> 0 | AD95: =+AM95+BA95 -> 25 | AE95: - Sheet Breaks (7x) | AF95: 25 | AM95: =SUM(AF95:AL95)+AT95+AV95+AX95 -> 25 | AR95: =SUM(AN95:AQ95) -> 0 | BA95: =+AR95+AS95+AU95+AW95+AY95+AZ95 -> 0 | BB95: 7 | BF95: 1
B96: Facial | C96: =(M96*E96*O96*Q96)/100000000 -> 44.82114 | D96: VP OW | E96: 14 | F96: 1 | G96: 1230 | H96: 0.25 | I96: 0.88 | J96: =E96*G96*(1-H96)*1440/1000000*2.74 -> 50.957424 | K96: =(IF(G96<L96,L96,G96)*(1-IF(H96<N96,H96,N96))*E96*O96*Q96)/100000000 -> 45.33165 | L96: 1216.1481 | M96: 912.11111 | N96: =1-(M96/L96) -> 0.25 | O96: =+'Trim Rwd'!H67 -> 260 | P96: =O96*(Q96-R96-S96) -> 335400 | Q96: 1350 | R96: 0 | S96: 60 | T96: =E96*M96*O96*Q96/100000000 -> 44.82114 | U96: =E96*M96*O96*(Q96-R96-S96)/100000000 -> 42.829089 | V96: =E96*G96*(1-N96)*O96/100*(R96+S96)/1000000 -> 2.01474 | W96: =+'22'!K14/1000 -> 34.992 | AD96: =+AM96+BA96 -> 9 | AE96: - Change Blade (5x) | AG96: 9 | AM96: =SUM(AF96:AL96)+AT96+AV96+AX96 -> 9 | AR96: =SUM(AN96:AQ96) -> 0 | BA96: =+AR96+AS96+AU96+AW96+AY96+AZ96 -> 0 | BC96: 5
AD97: =+AM97+BA97 -> 38 | AE97: - Change Spool (33x) | AH97: 38 | AM97: =SUM(AF97:AL97)+AT97+AV97+AX97 -> 38 | AR97: =SUM(AN97:AQ97) -> 0 | BA97: =+AR97+AS97+AU97+AW97+AY97+AZ97 -> 0
A99: 45861 | B99: Facial | C99: =(M99*E99*O99*Q99)/100000000 -> 48.35376 | D99: VP OW | E99: 14 | F99: 1 | G99: 1230 | H99: 0.25 | I99: 0.88 | J99: =E99*G99*(1-H99)*1440/1000000*2.74 -> 50.957424 | K99: =(IF(G99<L99,L99,G99)*(1-IF(H99<N99,H99,N99))*E99*O99*Q99)/100000000 -> 48.35376 | L99: 1230 | M99: 922.5 | N99: =1-(M99/L99) -> 0.25 | O99: =+'Trim Rwd'!H69 -> 260 | P99: =O99*(Q99-R99-S99) -> 191620 | Q99: 1440 | R99: 660 | S99: 43 | T99: =E99*M99*O99*Q99/100000000 -> 48.35376 | U99: =E99*M99*O99*(Q99-R99-S99)/100000000 -> 24.747723 | V99: =E99*G99*(1-N99)*O99/100*(R99+S99)/1000000 -> 23.606037 | W99: =+'23'!K14/1000 -> 26.443 | X99: =SUM(W99:W102)/SUM(K99:K102) -> 0.54686544 | Y99: =+SUM(RBP!AG90:AG91) -> 0 | Z99: =+'18'!D27/1000 -> 0 | AA99: =SUM(U99:U102)-SUM(W99:W102)-SUM(Z99:Z102)-SUM(Y99:Y102) -> -1.695277 | AB99: =(SUM(K99:K102)-SUM(W99:W102)-SUM(Y99:Y102)-SUM(Z99:Z102)-SUM(AC99:AC102)-SUM(V99:V102))-AA99 -> 0 | AC99: =K99-T99 -> 0 | AD99: =+AM99+BA99 -> 0 | AE99: - Sheet Breaks (0x) | AF99: 0 | AM99: =SUM(AF99:AL99)+AT99+AV99+AX99 -> 0 | AR99: =SUM(AN99:AQ99) -> 0 | BA99: =+AR99+AS99+AU99+AW99+AY99+AZ99 -> 0 | BB99: 0
AD100: =+AM100+BA100 -> 12 | AE100: - Change Blade (6x) | AG100: 12 | AM100: =SUM(AF100:AL100)+AT100+AV100+AX100 -> 12 | AR100: =SUM(AN100:AQ100) -> 0 | BA100: =+AR100+AS100+AU100+AW100+AY100+AZ100 -> 0 | BC100: 6
AD101: =+AM101+BA101 -> 31 | AE101: - Change Spool (21x) | AH101: 31 | AM101: =SUM(AF101:AL101)+AT101+AV101+AX101 -> 31 | AR101: =SUM(AN101:AQ101) -> 0 | BA101: =+AR101+AS101+AU101+AW101+AY101+AZ101 -> 0
AD102: =+AM102+BA102 -> 660 | AE102: - 20:00 pm trip ( motor spr short ) info EID | AM102: =SUM(AF102:AL102)+AT102+AV102+AX102 -> 0 | AP102: 660 | AR102: =SUM(AN102:AQ102) -> 660 | BA102: =+AR102+AS102+AU102+AW102+AY102+AZ102 -> 660
A104: 45862 | B104: Facial | C104: =(M104*E104*O104*Q104)/100000000 -> 47.943792 | D104: VP OW | E104: 14 | F104: 1 | G104: 1230 | H104: 0.25 | I104: 0.88 | J104: =E104*G104*(1-H104)*1440/1000000*2.74 -> 50.957424 | K104: =(IF(G104<L104,L104,G104)*(1-IF(H104<N104,H104,N104))*E104*O104*Q104)/100000000 -> 48.35376 | L104: 1219.5714 | M104: 914.67857 | N104: =1-(M104/L104) -> 0.25 | O104: =+'Trim Rwd'!H71 -> 260 | P104: =O104*(Q104-R104-S104) -> 343460 | Q104: 1440 | R104: 40 | S104: 79 | T104: =E104*M104*O104*Q104/100000000 -> 47.943792 | U104: =E104*M104*O104*(Q104-R104-S104)/100000000 -> 43.98177 | V104: =E104*G104*(1-N104)*O104/100*(R104+S104)/1000000 -> 3.995901 | W104: =+'24'!K14/1000 -> 37.004 | X104: =SUM(W104:W107)/SUM(K104:K107) -> 0.76527658 | Y104: =+SUM(RBP!AG95:AG96) -> 0 | Z104: =+'18'!D32/1000 -> 0 | AA104: =SUM(U104:U107)-SUM(W104:W107)-SUM(Z104:Z107)-SUM(Y104:Y107) -> 6.9777703 | AB104: =(SUM(K104:K107)-SUM(W104:W107)-SUM(Y104:Y107)-SUM(Z104:Z107)-SUM(AC104:AC107)-SUM(V104:V107))-AA104 -> -0.0338793 | AC104: =K104-T104 -> 0.409968 | AD104: =+AM104+BA104 -> 22 | AE104: - Sheet Breaks (7x) | AF104: 22 | AM104: =SUM(AF104:AL104)+AT104+AV104+AX104 -> 22 | AR104: =SUM(AN104:AQ104) -> 0 | BA104: =+AR104+AS104+AU104+AW104+AY104+AZ104 -> 0 | BB104: 7
AD105: =+AM105+BA105 -> 12 | AE105: - Change Blade (6x) | AG105: 12 | AM105: =SUM(AF105:AL105)+AT105+AV105+AX105 -> 12 | AR105: =SUM(AN105:AQ105) -> 0 | BA105: =+AR105+AS105+AU105+AW105+AY105+AZ105 -> 0 | BC105: 6
AD106: =+AM106+BA106 -> 45 | AE106: - Change Spool (33x) | AH106: 45 | AM106: =SUM(AF106:AL106)+AT106+AV106+AX106 -> 45 | AR106: =SUM(AN106:AQ106) -> 0 | BA106: =+AR106+AS106+AU106+AW106+AY106+AZ106 -> 0
AD107: =+AM107+BA107 -> 40 | AE107: - 7:40 pm on reel SU F14. Speed 1100/-25% gulung ke bg kertas kurang soft, | AM107: =SUM(AF107:AL107)+AT107+AV107+AX107 -> 0 | AP107: 40 | AR107: =SUM(AN107:AQ107) -> 40 | BA107: =+AR107+AS107+AU107+AW107+AY107+AZ107 -> 40
A109: 45863 | B109: Facial | C109: =(M109*E109*O109*Q109)/100000000 -> 34.957541 | D109: VP OW | E109: 14 | F109: 1 | G109: =+L109 -> 1201.6667 | H109: 0.26 | I109: 0.88 | J109: =E109*G109*(1-H109)*1440/1000000*2.74 -> 49.119827 | K109: =(IF(G109<L109,L109,G109)*(1-IF(H109<N109,H109,N109))*E109*O109*Q109)/100000000 -> 34.957541 | L109: 1201.6667 | M109: 889.23333 | N109: =1-(M109/L109) -> 0.26 | O109: =+'Trim Rwd'!H73 -> 260 | P109: =O109*(Q109-R109-S109) -> 265460 | Q109: =18*60 -> 1080 | R109: 0 | S109: 59 | T109: =E109*M109*O109*Q109/100000000 -> 34.957541 | U109: =E109*M109*O109*(Q109-R109-S109)/100000000 -> 33.047823 | V109: =E109*G109*(1-N109)*O109/100*(R109+S109)/1000000 -> 1.9097175 | W109: =+'25'!K14/1000 -> 42.748 | X109: =SUM(W109:W112)/SUM(K109:K112) -> 0.90864298 | Y109: =+SUM(RBP!AG100:AG101) -> 0 | Z109: 0 | AA109: =SUM(U109:U112)-SUM(W109:W112)-SUM(Z109:Z112)-SUM(Y109:Y112) -> 1.8845783 | AB109: =(SUM(K109:K112)-SUM(W109:W112)-SUM(Y109:Y112)-SUM(Z109:Z112)-SUM(AC109:AC112)-SUM(V109:V112))-AA109 -> -1.0214052e-14 | AC109: =K109-T109 -> 0 | AD109: =+AM109+BA109 -> 15 | AE109: - Sheet Breaks (5x) | AF109: 15 | AM109: =SUM(AF109:AL109)+AT109+AV109+AX109 -> 15 | AR109: =SUM(AN109:AQ109) -> 0 | BA109: =+AR109+AS109+AU109+AW109+AY109+AZ109 -> 0 | BB109: 5 | BF109: 1
B110: Facial | C110: =(M110*E110*O110*Q110)/100000000 -> 12.08844 | D110: VP OW | E110: 14 | F110: 1 | G110: 1230 | H110: 0.25 | I110: 0.88 | J110: =E110*G110*(1-H110)*1440/1000000*2.74 -> 50.957424 | K110: =(IF(G110<L110,L110,G110)*(1-IF(H110<N110,H110,N110))*E110*O110*Q110)/100000000 -> 12.08844 | L110: 1230 | M110: 922.5 | N110: =1-(M110/L110) -> 0.25 | O110: =+'Trim Rwd'!H73 -> 260 | P110: =O110*(Q110-R110-S110) -> 89700 | Q110: =6*60 -> 360 | R110: 0 | S110: =74-S109 -> 15 | T110: =E110*M110*O110*Q110/100000000 -> 12.08844 | U110: =E110*M110*O110*(Q110-R110-S110)/100000000 -> 11.584755 | V110: =E110*G110*(1-N110)*O110/100*(R110+S110)/1000000 -> 0.503685 | W110: =+'24'!K20/1000 -> 0 | AD110: =+AM110+BA110 -> 18 | AE110: - Change Blade (27x) | AG110: 18 | AM110: =SUM(AF110:AL110)+AT110+AV110+AX110 -> 18 | AR110: =SUM(AN110:AQ110) -> 0 | BA110: =+AR110+AS110+AU110+AW110+AY110+AZ110 -> 0 | BC110: 27
AD111: =+AM111+BA111 -> 41 | AE111: - Change Spool (30x) | AH111: 41 | AM111: =SUM(AF111:AL111)+AT111+AV111+AX111 -> 41 | AR111: =SUM(AN111:AQ111) -> 0 | BA111: =+AR111+AS111+AU111+AW111+AY111+AZ111 -> 0
A113: 45864 | B113: Facial | C113: =(M113*E113*O113*Q113)/100000000 -> 48.273716 | D113: VP OW | E113: 14 | F113: 1 | G113: 1230 | H113: 0.25 | I113: 0.88 | J113: =E113*G113*(1-H113)*1440/1000000*2.74 -> 50.957424 | K113: =(IF(G113<L113,L113,G113)*(1-IF(H113<N113,H113,N113))*E113*O113*Q113)/100000000 -> 49.325845 | L113: 1203.7639 | M113: 920.97292 | N113: =1-(M113/L113) -> 0.23492229 | O113: =+'Trim Rwd'!H75 -> 260 | P113: =O113*(Q113-R113-S113) -> 349960 | Q113: 1440 | R113: 0 | S113: 94 | T113: =E113*M113*O113*Q113/100000000 -> 48.273716 | U113: =E113*M113*O113*(Q113-R113-S113)/100000000 -> 45.122515 | V113: =E113*G113*(1-N113)*O113/100*(R113+S113)/1000000 -> 3.2198816 | W113: =+'26'!K14/1000 -> 44.467 | X113: =SUM(W113:W116)/SUM(K113:K116) -> 0.90149494 | Y113: =+SUM(RBP!AG104:AG105) -> 0 | Z113: =+'18'!D41/1000 -> 0 | AA113: =SUM(U113:U116)-SUM(W113:W116)-SUM(Z113:Z116)-SUM(Y113:Y116) -> 0.65551547 | AB113: =(SUM(K113:K116)-SUM(W113:W116)-SUM(Y113:Y116)-SUM(Z113:Z116)-SUM(AC113:AC116)-SUM(V113:V116))-AA113 -> -0.068680626 | AC113: =K113-T113 -> 1.0521287 | AD113: =+AM113+BA113 -> 9 | AE113: - Sheet Breaks (3x) | AF113: 9 | AM113: =SUM(AF113:AL113)+AT113+AV113+AX113 -> 9 | AR113: =SUM(AN113:AQ113) -> 0 | BA113: =+AR113+AS113+AU113+AW113+AY113+AZ113 -> 0 | BB113: 3
AD114: =+AM114+BA114 -> 38 | AE114: - Change Blade (18x) | AG114: 38 | AM114: =SUM(AF114:AL114)+AT114+AV114+AX114 -> 38 | AR114: =SUM(AN114:AQ114) -> 0 | BA114: =+AR114+AS114+AU114+AW114+AY114+AZ114 -> 0 | BC114: 18
AD115: =+AM115+BA115 -> 47 | AE115: - Change Spool (35x) | AH115: 47 | AM115: =SUM(AF115:AL115)+AT115+AV115+AX115 -> 47 | AR115: =SUM(AN115:AQ115) -> 0 | BA115: =+AR115+AS115+AU115+AW115+AY115+AZ115 -> 0
A117: 45865 | B117: Facial | C117: =(M117*E117*O117*Q117)/100000000 -> 45.554691 | D117: VP OW | E117: 14 | F117: 1 | G117: 1230 | H117: 0.25 | I117: 0.88 | J117: =E117*G117*(1-H117)*1440/1000000*2.74 -> 50.957424 | K117: =(IF(G117<L117,L117,G117)*(1-IF(H117<N117,H117,N117))*E117*O117*Q117)/100000000 -> 46.574073 | L117: 1203.0786 | M117: 902.30894 | N117: =1-(M117/L117) -> 0.25 | O117: =+'Trim Rwd'!H77 -> 260 | P117: =O117*(Q117-R117-S117) -> 337220 | Q117: 1387 | R117: 0 | S117: 90 | T117: =E117*M117*O117*Q117/100000000 -> 45.554691 | U117: =E117*M117*O117*(Q117-R117-S117)/100000000 -> 42.598727 | V117: =E117*G117*(1-N117)*O117/100*(R117+S117)/1000000 -> 3.02211 | W117: =+'27'!K14/1000 -> 44.784 | X117: =SUM(W117:W120)/SUM(K117:K120) -> 0.93086522 | Y117: =+SUM(RBP!AG108:AG109) -> 0 | Z117: =+'18'!D45/1000 -> 0 | AA117: =SUM(U117:U120)-SUM(W117:W120)-SUM(Z117:Z120)-SUM(Y117:Y120) -> -1.1129665 | AB117: =(SUM(K117:K120)-SUM(W117:W120)-SUM(Y117:Y120)-SUM(Z117:Z120)-SUM(AC117:AC120)-SUM(V117:V120))-AA117 -> -0.066145912 | AC117: =K117-T117 -> 1.019382 | AD117: =+AM117+BA117 -> 44 | AE117: - Sheet Breaks (11x) | AF117: 44 | AM117: =SUM(AF117:AL117)+AT117+AV117+AX117 -> 44 | AR117: =SUM(AN117:AQ117) -> 0 | BA117: =+AR117+AS117+AU117+AW117+AY117+AZ117 -> 0 | BB117: 11
B118: Facial | C118: =(M118*E118*O118*Q118)/100000000 -> 1.5360068 | D118: VP OW | E118: 12 | F118: 1 | G118: 1230 | H118: 0.23 | I118: 0.88 | J118: =E118*G118*(1-H118)*1440/1000000*2.74 -> 44.842533 | K118: =(IF(G118<L118,L118,G118)*(1-IF(H118<N118,H118,N118))*E118*O118*Q118)/100000000 -> 1.5360068 | L118: 1230 | M118: 947.1 | N118: =1-(M118/L118) -> 0.23 | O118: =+'Trim Rwd'!H78 -> 255 | P118: =O118*(Q118-R118-S118) -> 9435 | Q118: 53 | R118: 0 | S118: 16 | T118: =E118*M118*O118*Q118/100000000 -> 1.5360068 | U118: =E118*M118*O118*(Q118-R118-S118)/100000000 -> 1.0723066 | V118: =E118*G118*(1-N118)*O118/100*(R118+S118)/1000000 -> 0.46370016 | W118: =+'24'!K28/1000 -> 0 | AD118: =+AM118+BA118 -> 0 | AE118: - Change Blade (0x) | AG118: 0 | AM118: =SUM(AF118:AL118)+AT118+AV118+AX118 -> 0 | AR118: =SUM(AN118:AQ118) -> 0 | BA118: =+AR118+AS118+AU118+AW118+AY118+AZ118 -> 0 | BC118: 0
AD119: =+AM119+BA119 -> 62 | AE119: - Change Spool (33x) | AH119: 62 | AM119: =SUM(AF119:AL119)+AT119+AV119+AX119 -> 62 | AR119: =SUM(AN119:AQ119) -> 0 | BA119: =+AR119+AS119+AU119+AW119+AY119+AZ119 -> 0
A121: 45866 | B121: Facial | C121: =(M121*E121*O121*Q121)/100000000 -> 42.702047 | D121: VP OW | E121: 12 | F121: 1 | G121: 1230 | H121: 0.23 | I121: 0.88 | J121: =E121*G121*(1-H121)*1440/1000000*2.74 -> 44.842533 | K121: =(IF(G121<L121,L121,G121)*(1-IF(H121<N121,H121,N121))*E121*O121*Q121)/100000000 -> 42.702047 | L121: 1230 | M121: 947.1 | N121: =1-(M121/L121) -> 0.23 | O121: =+'Trim Rwd'!H81 -> 260.92105 | P121: =O121*(Q121-R121-S121) -> 358505.53 | Q121: 1440 | R121: 0 | S121: 66 | T121: =E121*M121*O121*Q121/100000000 -> 42.702047 | U121: =E121*M121*O121*(Q121-R121-S121)/100000000 -> 40.74487 | V121: =E121*G121*(1-N121)*O121/100*(R121+S121)/1000000 -> 1.9571772 | W121: =+'28'!K9/1000 -> 39.575 | X121: =SUM(W121:W124)/SUM(K121:K124) -> 0.9614059 | Y121: =+SUM(RBP!AG112:AG113) -> 0 | Z121: 0 | AA121: =SUM(U121:U124)-SUM(W121:W124)-SUM(Z121:Z124)-SUM(Y121:Y124) -> -0.30912992 | AB121: =(SUM(K121:K124)-SUM(W121:W124)-SUM(Y121:Y124)-SUM(Z121:Z124)-SUM(AC121:AC124)-SUM(V121:V124))-AA121 -> -3.5527137e-15 | AC121: =K121-T121 -> 0 | AD121: =+AM121+BA121 -> 12 | AE121: - Sheet Breaks (4x) | AF121: 12 | AM121: =SUM(AF121:AL121)+AT121+AV121+AX121 -> 12 | AR121: =SUM(AN121:AQ121) -> 0 | BA121: =+AR121+AS121+AU121+AW121+AY121+AZ121 -> 0 | BB121: 4
B122: Facial | D122: VP OW | E122: 14 | W122: =+'28'!K14/1000 -> 1.479 | AD122: =+AM122+BA122 -> 12 | AE122: - Change Blade (7x) | AG122: 12 | AM122: =SUM(AF122:AL122)+AT122+AV122+AX122 -> 12 | AR122: =SUM(AN122:AQ122) -> 0 | BA122: =+AR122+AS122+AU122+AW122+AY122+AZ122 -> 0 | BC122: 7
AD123: =+AM123+BA123 -> 42 | AE123: - Change Spool (30x) | AH123: 42 | AM123: =SUM(AF123:AL123)+AT123+AV123+AX123 -> 42 | AR123: =SUM(AN123:AQ123) -> 0 | BA123: =+AR123+AS123+AU123+AW123+AY123+AZ123 -> 0
A125: 45867 | B125: Facial | C125: =(M125*E125*O125*Q125)/100000000 -> 25.985109 | D125: VP OW | E125: 12 | F125: 1 | G125: 1230 | H125: 0.23 | I125: 0.88 | J125: =E125*G125*(1-H125)*1440/1000000*2.74 -> 44.842533 | K125: =(IF(G125<L125,L125,G125)*(1-IF(H125<N125,H125,N125))*E125*O125*Q125)/100000000 -> 25.985109 | L125: 1230 | M125: 947.1 | N125: =1-(M125/L125) -> 0.23 | O125: =+'Trim Rwd'!H84 -> 262.5 | P125: =O125*(Q125-R125-S125) -> 217087.5 | Q125: 871 | R125: 0 | S125: 44 | T125: =E125*M125*O125*Q125/100000000 -> 25.985109 | U125: =E125*M125*O125*(Q125-R125-S125)/100000000 -> 24.672429 | V125: =E125*G125*(1-N125)*O125/100*(R125+S125)/1000000 -> 1.3126806 | W125: =+'29'!K9/1000 -> 27.817 | X125: =SUM(W125:W128)/SUM(K125:K128) -> 0.93739574 | Y125: =+SUM(RBP!AG116:AG117) -> 0 | Z125: =+'18'!D53/1000 -> 0.00010335648 | AA125: =SUM(U125:U128)-SUM(W125:W128)-SUM(Z125:Z128)-SUM(Y125:Y128) -> 0.49569066 | AB125: =(SUM(K125:K128)-SUM(W125:W128)-SUM(Y125:Y128)-SUM(Z125:Z128)-SUM(AC125:AC128)-SUM(V125:V128))-AA125 -> 2.2759572e-15 | AC125: =K125-T125 -> 0 | AD125: =+AM125+BA125 -> 17 | AE125: - Sheet Breaks (8x) | AF125: 17 | AM125: =SUM(AF125:AL125)+AT125+AV125+AX125 -> 17 | AR125: =SUM(AN125:AQ125) -> 0 | BA125: =+AR125+AS125+AU125+AW125+AY125+AZ125 -> 0 | BB125: 8
B126: Facial | C126: =(M126*E126*O126*Q126)/100000000 -> 18.389959 | D126: VP OW | E126: 13 | F126: 1 | G126: 1230 | H126: 0.23 | I126: 0.88 | J126: =E126*G126*(1-H126)*1440/1000000*2.74 -> 48.579411 | K126: =(IF(G126<L126,L126,G126)*(1-IF(H126<N126,H126,N126))*E126*O126*Q126)/100000000 -> 18.389959 | L126: 1230 | M126: 947.1 | N126: =1-(M126/L126) -> 0.23 | O126: =+'Trim Rwd'!H85 -> 262.5 | P126: =O126*(Q126-R126-S126) -> 141487.5 | Q126: 569 | R126: 0 | S126: 30 | T126: =E126*M126*O126*Q126/100000000 -> 18.389959 | U126: =E126*M126*O126*(Q126-R126-S126)/100000000 -> 17.420365 | V126: =E126*G126*(1-N126)*O126/100*(R126+S126)/1000000 -> 0.96959363 | W126: =+'29'!K8/1000 -> 13.78 | AD126: =+AM126+BA126 -> 8 | AE126: - Change Blade (4x) | AG126: 8 | AM126: =SUM(AF126:AL126)+AT126+AV126+AX126 -> 8 | AR126: =SUM(AN126:AQ126) -> 0 | BA126: =+AR126+AS126+AU126+AW126+AY126+AZ126 -> 0 | BC126: 4
AD127: =+AM127+BA127 -> 49 | AE127: - Change Spool (30x) | AH127: 49 | AM127: =SUM(AF127:AL127)+AT127+AV127+AX127 -> 49 | AR127: =SUM(AN127:AQ127) -> 0 | BA127: =+AR127+AS127+AU127+AW127+AY127+AZ127 -> 0
...

Sheet Chem
A4: CHEMICAL DAILY REPORT PM 14
F5: Paper Mill's Chemicals | GD5: Deinking's Chemicals | KT5: Paper mill's Chemicals | KU5: Deinking's Chemicals
