Workbook

Sheet Report1
A3: PAPER MACHINE 14 DAILY REPORT 1
A6: Date | B6: Grade | C6: GSM | D6: Speed yankee (mpm) | E6: Speed reel (mpm) | F6: Creep ( % ) | G6: Real Eff PM ( % ) | H6: Real Eff PM vs Target (%) | I6: Real Eff FG vs Real Eff PM (%) | J6: Eff FG vs Target (%) | L6: Kapasitas Target (ton) | N6: Kapasitas Teori Real (ton) | P6: PM PROD Timbangan (TON) | R6: FINSHED GOODS (TON) | T6: GAS HOOD | Z6: STEAM (TON) | AF6: POWER (kWh) | BA6: Kapasitas Running (ton) | BC6: Eff FG vs Target Running(%)
T7: CONSUMPTION | V7: /TON PM. | X7: /TON FG. | Z7: CONSUMPTION | AB7: /TON PM. | AD7: /TON FG. | AF7: CONSUMPTION | AH7: /TON PM | AJ7: /TON FG | AL7: Gas based on report DCS | AO7: total | AP7: Flowmeter | AQ7: Selisih | AR7: % pengali | AU7: Adjust | AX7: PEMAKAIAN GAS
J8: TODAY | K8: TODATE | L8: TODAY | M8: TODATE | N8: TODAY | O8: TODATE | P8: TODAY | Q8: TODATE | R8: TODAY | S8: TODATE | T8: TODAY | U8: TODATE | V8: TODAY | W8: TODATE | X8: TODAY | Y8: TODATE | Z8: TODAY | AA8: TODATE | AB8: TODAY | AC8: TODATE | AD8: TODAY | AE8: TODATE | AF8: TODAY | AG8: TODATE | AH8: TODAY | AI8: TODATE | AJ8: TODAY | AK8: TODATE | AL8: 14 | AM8: 15 | AN8: 17 | AP8: PGN | AU8: 14 | AV8: 15 | AW8: 17 | AX8: 14 | AY8: 15 | AZ8: 17 | BA8: TODAY | BB8: TODATE | BC8: TODAY | BD8: TODATE
A9: 46023 | B9: Toilet | C9: 13 | D9: =+'1'!F42 -> 1176.1736 | E9: =+'1'!G42 -> 878.23514 | F9: =1-(E9/D9) -> 0.25331164 | G9: =+P9/N9 -> 0.92091197 | H9: =+P9/L9 -> 0.92091197 | I9: =+R9/P9 -> 1.0052225 | J9: =+R9/L9 -> 0.9257214 | K9: =+S9/M9 -> 0.9257214 | L9: =+Efficiency1!K6 -> 42.416649 | M9: =L9 -> 42.416649 | N9: =+Efficiency1!C6 -> 42.416649 | O9: =N9 -> 42.416649 | P9: ='1'!I38 -> 39.062 | Q9: =P9 -> 39.062 | R9: ='1'!I40 -> 39.266 | S9: =R9 -> 39.266 | T9: =+AX9 -> 5387.3708 | U9: =T9 -> 5387.3708 | V9: =T9/P9 -> 137.91846 | W9: =U9/Q9 -> 137.91846 | X9: =IF(AND(R9>0,T9>0),(T9/(R9*1000))*1000,0) -> 137.20193 | Y9: =IF(AND(S9>0,U9>0),U9/S9,0) -> 137.20193 | Z9: 50.3 | AA9: =Z9 -> 50.3 | AB9: =Z9/(P9) -> 1.2876965 | AC9: =AA9/(Q9) -> 1.2876965 | AD9: =IF(AND(R9>0,Z9>0),Z9/(R9),0) -> 1.2810065 | AE9: =IF(AND(S9>0,AA9>0),AA9/(S9),0) -> 1.2810065 | AF9: ='1'!I46 -> 38461.28 | AG9: =AF9 -> 38461.28 | AH9: =IF(AND(L9>0,AF9>0),(AF9/(P9*1000)*1000),0) -> 984.62137 | AI9: =IF(AND(M9>0,AG9>0),(AG9/(Q9*1000)*1000),0) -> 984.62137 | AJ9: =IF(AND(R9>0,AF9>0),(AF9/(R9*1000)*1000),0) -> 979.50593 | AK9: =IF(AND(S9>0,AG9>0),(AG9/(S9*1000)*1000),0) -> 979.50593 | AL9: 5632.1 | AM9: 4819.2 | AN9: 4440.8 | AO9: =SUM(AL9:AN9) -> 14892.1 | AP9: =+[1]Jan!N5 -> 14245 | AQ9: =+AP9-AO9 -> -647.1 | AR9: =+AL9/AO9 -> 0.37819381 | AS9: =+AM9/AO9 -> 0.32360782 | AT9: =1-AR9-AS9 -> 0.29819837 | AU9: =+AR9*AQ9 -> -244.72921 | AV9: =+AS9*AQ9 -> -209.40662 | AW9: =+AT9*AQ9 -> -192.96417 | AX9: =+AL9+AU9 -> 5387.3708 | AY9: =+AM9+AV9 -> 4609.7934 | AZ9: =+AN9+AW9 -> 4247.8358 | BA9: =+Efficiency2!K6 -> 42.416649 | BB9: =BA9 -> 42.416649 | BC9: =+R9/BA9 -> 0.9257214 | BD9: =+S9/BB9 -> 0.9257214
A10: =A9+1 -> 46024 | B10: Toilet | C10: 13 | D10: =+'2'!F42 -> 1170 | E10: =+'2'!G42 -> 865.8 | F10: =1-(E10/D10) -> 0.26 | G10: =+P10/N10 -> 0.93208203 | H10: =+P10/L10 -> 0.93208203 | I10: =+R10/P10 -> 0.9294181 | J10: =+R10/L10 -> 0.86629391 | K10: =+S10/M10 -> 0.89621952 | L10: =+Efficiency1!K11 -> 41.816062 | M10: =M9+L10 -> 84.232712 | N10: =+Efficiency1!C11 -> 41.816062 | O10: =O9+N10 -> 84.232712 | P10: ='2'!I38 -> 38.976 | Q10: =Q9+P10 -> 78.038 | R10: ='2'!I40 -> 36.225 | S10: =S9+R10 -> 75.491 | T10: =+AX10 -> 5472.3172 | U10: =T10+U9 -> 10859.688 | V10: =T10/P10 -> 140.40223 | W10: =U10/Q10 -> 139.15897 | X10: =IF(AND(R10>0,T10>0),(T10/(R10*1000))*1000,0) -> 151.06466 | Y10: =IF(AND(S10>0,U10>0),U10/S10,0) -> 143.85407 | Z10: 47.5 | AA10: =Z10+AA9 -> 97.8 | AB10: =Z10/(P10) -> 1.2186987 | AC10: =AA10/(Q10) -> 1.2532356 | AD10: =IF(AND(R10>0,Z10>0),Z10/(R10),0) -> 1.3112491 | AE10: =IF(AND(S10>0,AA10>0),AA10/(S10),0) -> 1.2955187 | AF10: ='2'!I46 -> 40110.8 | AG10: =AF10+AG9 -> 78572.08 | AH10: =IF(AND(L10>0,AF10>0),(AF10/(P10*1000)*1000),0) -> 1029.1154 | AI10: =IF(AND(M10>0,AG10>0),(AG10/(Q10*1000)*1000),0) -> 1006.8438 | AJ10: =IF(AND(R10>0,AF10>0),(AF10/(R10*1000)*1000),0) -> 1107.2685 | AK10: =IF(AND(S10>0,AG10>0),(AG10/(S10*1000)*1000),0) -> 1040.8139 | AL10: 5718.7 | AM10: 5450.5 | AN10: 3288.7 | AO10: =SUM(AL10:AN10) -> 14457.9 | AP10: =+[1]Jan!N6 -> 13835 | AQ10: =+AP10-AO10 -> -622.9 | AR10: =+AL10/AO10 -> 0.39554154 | AS10: =+AM10/AO10 -> 0.37699113 | AT10: =1-AR10-AS10 -> 0.22746734 | AU10: =+AR10*AQ10 -> -246.38282 | AV10: =+AS10*AQ10 -> -234.82777 | AW10: =+AT10*AQ10 -> -141.6894 | AX10: =+AL10+AU10 -> 5472.3172 | AY10: =+AM10+AV10 -> 5215.6722 | AZ10: =+AN10+AW10 -> 3147.0106 | BA10: =+Efficiency2!K11 -> 41.816062 | BB10: =BB9+BA10 -> 84.232712 | BC10: =+R10/BA10 -> 0.86629391 | BD10: =+S10/BB10 -> 0.89621952
A11: =A10+1 -> 46025 | B11: Toilet/Facial | C11: 13/12 | D11: =+'3'!F42 -> 1216.5278 | E11: =+'3'!G42 -> 916.41458 | F11: =1-(E11/D11) -> 0.24669654 | G11: =+P11/N11 -> 0.9373055 | H11: =+P11/L11 -> 0.91934953 | I11: =+R11/P11 -> 0.97734678 | J11: =+R11/L11 -> 0.8985233 | K11: =+S11/M11 -> 0.89699087 | L11: =+SUM(Efficiency1!K16:K18) -> 42.398455 | M11: =M10+L11 -> 126.63117 | N11: =+SUM(Efficiency1!C16:C18) -> 41.586228 | O11: =O10+N11 -> 125.81894 | P11: ='3'!I38 -> 38.979 | Q11: =Q10+P11 -> 117.017 | R11: ='3'!I40 -> 38.096 | S11: =S10+R11 -> 113.587 | T11: =+AX11 -> 5163.867 | U11: =T11+U10 -> 16023.555 | V11: =T11/P11 -> 132.47818 | W11: =U11/Q11 -> 136.93356 | X11: =IF(AND(R11>0,T11>0),(T11/(R11*1000))*1000,0) -> 135.5488 | Y11: =IF(AND(S11>0,U11>0),U11/S11,0) -> 141.06856 | Z11: 47.2 | AA11: =Z11+AA10 -> 145 | AB11: =Z11/(P11) -> 1.2109084 | AC11: =AA11/(Q11) -> 1.2391362 | AD11: =IF(AND(R11>0,Z11>0),Z11/(R11),0) -> 1.2389752 | AE11: =IF(AND(S11>0,AA11>0),AA11/(S11),0) -> 1.2765545 | AF11: ='3'!I46 -> 37896.56 | AG11: =AF11+AG10 -> 116468.64 | AH11: =IF(AND(L11>0,AF11>0),(AF11/(P11*1000)*1000),0) -> 972.23018 | AI11: =IF(AND(M11>0,AG11>0),(AG11/(Q11*1000)*1000),0) -> 995.31384 | AJ11: =IF(AND(R11>0,AF11>0),(AF11/(R11*1000)*1000),0) -> 994.7648 | AK11: =IF(AND(S11>0,AG11>0),(AG11/(S11*1000)*1000),0) -> 1025.3695 | AL11: 5409.1 | AM11: 5038.3 | AN11: 4494 | AO11: =SUM(AL11:AN11) -> 14941.4 | AP11: =+[1]Jan!N7 -> 14264 | AQ11: =+AP11-AO11 -> -677.4 | AR11: =+AL11/AO11 -> 0.36202096 | AS11: =+AM11/AO11 -> 0.33720401 | AT11: =1-AR11-AS11 -> 0.30077503 | AU11: =+AR11*AQ11 -> -245.233 | AV11: =+AS11*AQ11 -> -228.422 | AW11: =+AT11*AQ11 -> -203.745 | AX11: =+AL11+AU11 -> 5163.867 | AY11: =+AM11+AV11 -> 4809.878 | AZ11: =+AN11+AW11 -> 4290.255 | BA11: =+SUM(Efficiency2!K16:K17) -> 42.398455 | BB11: =BB10+BA11 -> 126.63117 | BC11: =+R11/BA11 -> 0.8985233 | BD11: =+S11/BB11 -> 0.89699087
A12: =A11+1 -> 46026 | B12: Facial | C12: 12 | D12: =+'4'!F42 -> 1230 | E12: =+'4'!G42 -> 934.8 | F12: =1-(E12/D12) -> 0.24 | G12: =+P12/N12 -> 0.92999172 | H12: =+P12/L12 -> 0.92999172 | I12: =+R12/P12 -> 0.96246894 | J12: =+R12/L12 -> 0.89508814 | K12: =+S12/M12 -> 0.89651356 | L12: =+Efficiency1!K21 -> 42.402528 | M12: =M11+L12 -> 169.03369 | N12: =+Efficiency1!C21 -> 42.402528 | O12: =O11+N12 -> 168.22147 | P12: ='4'!I38 -> 39.434 | Q12: =Q11+P12 -> 156.451 | R12: ='4'!I40 -> 37.954 | S12: =S11+R12 -> 151.541 | T12: =+AX12 -> 5173.5018 | U12: =T12+U11 -> 21197.057 | V12: =T12/P12 -> 131.19394 | W12: =U12/Q12 -> 135.48687 | X12: =IF(AND(R12>0,T12>0),(T12/(R12*1000))*1000,0) -> 136.30979 | Y12: =IF(AND(S12>0,U12>0),U12/S12,0) -> 139.87671 | Z12: 48.2 | AA12: =Z12+AA11 -> 193.2 | AB12: =Z12/(P12) -> 1.2222955 | AC12: =AA12/(Q12) -> 1.2348914 | AD12: =IF(AND(R12>0,Z12>0),Z12/(R12),0) -> 1.2699584 | AE12: =IF(AND(S12>0,AA12>0),AA12/(S12),0) -> 1.2749025 | AF12: ='4'!I46 -> 40047 | AG12: =AF12+AG11 -> 156515.64 | AH12: =IF(AND(L12>0,AF12>0),(AF12/(P12*1000)*1000),0) -> 1015.545 | AI12: =IF(AND(M12>0,AG12>0),(AG12/(Q12*1000)*1000),0) -> 1000.4132 | AJ12: =IF(AND(R12>0,AF12>0),(AF12/(R12*1000)*1000),0) -> 1055.1457 | AK12: =IF(AND(S12>0,AG12>0),(AG12/(S12*1000)*1000),0) -> 1032.827 | AL12: 5418.3 | AM12: 5188.8 | AN12: 4718.3 | AO12: =SUM(AL12:AN12) -> 15325.4 | AP12: =+[1]Jan!N8 -> 14633 | AQ12: =+AP12-AO12 -> -692.4 | AR12: =+AL12/AO12 -> 0.35355032 | AS12: =+AM12/AO12 -> 0.33857518 | AT12: =1-AR12-AS12 -> 0.30787451 | AU12: =+AR12*AQ12 -> -244.79824 | AV12: =+AS12*AQ12 -> -234.42945 | AW12: =+AT12*AQ12 -> -213.17231 | AX12: =+AL12+AU12 -> 5173.5018 | AY12: =+AM12+AV12 -> 4954.3705 | AZ12: =+AN12+AW12 -> 4505.1277 | BA12: =+Efficiency2!K21 -> 42.402528 | BB12: =BB11+BA12 -> 169.03369 | BC12: =+R12/BA12 -> 0.89508814 | BD12: =+S12/BB12 -> 0.89651356
A13: =A12+1 -> 46027 | B13: Facial | C13: 12/13,5/12,5 | D13: =+'5'!F42 -> 1223.0833 | E13: =+'5'!G42 -> 940.61 | F13: =1-(E13/D13) -> 0.23095183 | G13: =+P13/N13 -> 0.91366027 | H13: =+P13/L13 -> 0.90798196 | I13: =+R13/P13 -> 0.97933163 | J13: =+R13/L13 -> 0.88921545 | K13: =+S13/M13 -> 0.8949513 | L13: =+SUM(Efficiency1!K26:K28) -> 46.039461 | M13: =M12+L13 -> 215.07316 | N13: =+SUM(Efficiency1!C26:C28) -> 45.75333 | O13: =O12+N13 -> 213.9748 | P13: ='5'!I38 -> 41.803 | Q13: =Q12+P13 -> 198.254 | R13: ='5'!I40 -> 40.939 | S13: =S12+R13 -> 192.48 | T13: =+AX13 -> 5355.5718 | U13: =T13+U12 -> 26552.629 | V13: =T13/P13 -> 128.11453 | W13: =U13/Q13 -> 133.93237 | X13: =IF(AND(R13>0,T13>0),(T13/(R13*1000))*1000,0) -> 130.81833 | Y13: =IF(AND(S13>0,U13>0),U13/S13,0) -> 137.95007 | Z13: 53 | AA13: =Z13+AA12 -> 246.2 | AB13: =Z13/(P13) -> 1.2678516 | AC13: =AA13/(Q13) -> 1.2418413 | AD13: =IF(AND(R13>0,Z13>0),Z13/(R13),0) -> 1.2946091 | AE13: =IF(AND(S13>0,AA13>0),AA13/(S13),0) -> 1.2790939 | AF13: ='5'!I46 -> 37287.78 | AG13: =AF13+AG12 -> 193803.42 | AH13: =IF(AND(L13>0,AF13>0),(AF13/(P13*1000)*1000),0) -> 891.98813 | AI13: =IF(AND(M13>0,AG13>0),(AG13/(Q13*1000)*1000),0) -> 977.55112 | AJ13: =IF(AND(R13>0,AF13>0),(AF13/(R13*1000)*1000),0) -> 910.81316 | AK13: =IF(AND(S13>0,AG13>0),(AG13/(S13*1000)*1000),0) -> 1006.8756 | AL13: 5613 | AM13: 5501 | AN13: 4694 | AO13: =SUM(AL13:AN13) -> 15808 | AP13: =+[1]Jan!N9 -> 15083 | AQ13: =+AP13-AO13 -> -725 | AR13: =+AL13/AO13 -> 0.35507338 | AS13: =+AM13/AO13 -> 0.34798836 | AT13: =1-AR13-AS13 -> 0.29693826 | AU13: =+AR13*AQ13 -> -257.4282 | AV13: =+AS13*AQ13 -> -252.29156 | AW13: =+AT13*AQ13 -> -215.28024 | AX13: =+AL13+AU13 -> 5355.5718 | AY13: =+AM13+AV13 -> 5248.7084 | AZ13: =+AN13+AW13 -> 4478.7198 | BA13: =+SUM(Efficiency2!K26:K28) -> 46.039461 | BB13: =BB12+BA13 -> 215.07316 | BC13: =+R13/BA13 -> 0.88921545 | BD13: =+S13/BB13 -> 0.8949513
A14: =A13+1 -> 46028 | B14: Facial | C14: 12,5/12 | D14: =+'6'!F42 -> 1230 | E14: =+'6'!G42 -> 934.8 | F14: =1-(E14/D14) -> 0.24 | G14: =+P14/N14 -> 0.94196116 | H14: =+P14/L14 -> 0.94196116 | I14: =+R14/P14 -> 0.89613568 | J14: =+R14/L14 -> 0.84412501 | K14: =+S14/M14 -> 0.88642059 | L14: =+SUM(Efficiency1!K31:K32) -> 43.378646 | M14: =M13+L14 -> 258.4518 | N14: =+SUM(Efficiency1!C31:C32) -> 43.378646 | O14: =O13+N14 -> 257.35344 | P14: ='6'!I38 -> 40.861 | Q14: =Q13+P14 -> 239.115 | R14: ='6'!I40 -> 36.617 | S14: =S13+R14 -> 229.097 | T14: =+AX14 -> 5569.0332 | U14: =T14+U13 -> 32121.662 | V14: =T14/P14 -> 136.29214 | W14: =U14/Q14 -> 134.33562 | X14: =IF(AND(R14>0,T14>0),(T14/(R14*1000))*1000,0) -> 152.08873 | Y14: =IF(AND(S14>0,U14>0),U14/S14,0) -> 140.20987 | Z14: 50.9 | AA14: =Z14+AA13 -> 297.1 | AB14: =Z14/(P14) -> 1.2456866 | AC14: =AA14/(Q14) -> 1.2424984 | AD14: =IF(AND(R14>0,Z14>0),Z14/(R14),0) -> 1.3900647 | AE14: =IF(AND(S14>0,AA14>0),AA14/(S14),0) -> 1.2968306 | AF14: ='6'!I46 -> 40858.38 | AG14: =AF14+AG13 -> 234661.8 | AH14: =IF(AND(L14>0,AF14>0),(AF14/(P14*1000)*1000),0) -> 999.93588 | AI14: =IF(AND(M14>0,AG14>0),(AG14/(Q14*1000)*1000),0) -> 981.37633 | AJ14: =IF(AND(R14>0,AF14>0),(AF14/(R14*1000)*1000),0) -> 1115.8309 | AK14: =IF(AND(S14>0,AG14>0),(AG14/(S14*1000)*1000),0) -> 1024.2901 | AL14: 5594.8 | AM14: 2273 | AN14: 4986.4 | AO14: =SUM(AL14:AN14) -> 12854.2 | AP14: =+[1]Jan!N10 -> 12795 | AQ14: =+AP14-AO14 -> -59.2 | AR14: =+AL14/AO14 -> 0.43525074 | AS14: =+AM14/AO14 -> 0.17682936 | AT14: =1-AR14-AS14 -> 0.3879199 | AU14: =+AR14*AQ14 -> -25.766844 | AV14: =+AS14*AQ14 -> -10.468298 | AW14: =+AT14*AQ14 -> -22.964858 | AX14: =+AL14+AU14 -> 5569.0332 | AY14: =+AM14+AV14 -> 2262.5317 | AZ14: =+AN14+AW14 -> 4963.4351 | BA14: =+SUM(Efficiency2!K31:K32) -> 43.378646 | BB14: =BB13+BA14 -> 258.4518 | BC14: =+R14/BA14 -> 0.84412501 | BD14: =+S14/BB14 -> 0.88642059
A15: =A14+1 -> 46029 | B15: Facial | C15: 12 | D15: =+'7'!F42 -> 1230 | E15: =+'7'!G42 -> 934.8 | F15: =1-(E15/D15) -> 0.24 | G15: =+P15/N15 -> 0.94631883 | H15: =+P15/L15 -> 0.94631883 | I15: =+R15/P15 -> 0.95881815 | J15: =+R15/L15 -> 0.90734767 | K15: =+S15/M15 -> 0.88932167 | L15: =+Efficiency1!K36 -> 41.594861 | M15: =M14+L15 -> 300.04666 | N15: =+Efficiency1!C36 -> 41.594861 | O15: =O14+N15 -> 298.9483 | P15: ='7'!I38 -> 39.362 | Q15: =Q14+P15 -> 278.477 | R15: ='7'!I40 -> 37.741 | S15: =S14+R15 -> 266.838 | T15: =+AX15 -> 5682.3678 | U15: =T15+U14 -> 37804.029 | V15: =T15/P15 -> 144.36176 | W15: =U15/Q15 -> 135.75279 | X15: =IF(AND(R15>0,T15>0),(T15/(R15*1000))*1000,0) -> 150.56219 | Y15: =IF(AND(S15>0,U15>0),U15/S15,0) -> 141.67408 | Z15: 48.7 | AA15: =Z15+AA14 -> 345.8 | AB15: =Z15/(P15) -> 1.2372339 | AC15: =AA15/(Q15) -> 1.2417543 | AD15: =IF(AND(R15>0,Z15>0),Z15/(R15),0) -> 1.2903739 | AE15: =IF(AND(S15>0,AA15>0),AA15/(S15),0) -> 1.2959174 | AF15: ='7'!I46 -> 41157.44 | AG15: =AF15+AG14 -> 275819.24 | AH15: =IF(AND(L15>0,AF15>0),(AF15/(P15*1000)*1000),0) -> 1045.6135 | AI15: =IF(AND(M15>0,AG15>0),(AG15/(Q15*1000)*1000),0) -> 990.45609 | AJ15: =IF(AND(R15>0,AF15>0),(AF15/(R15*1000)*1000),0) -> 1090.5233 | AK15: =IF(AND(S15>0,AG15>0),(AG15/(S15*1000)*1000),0) -> 1033.658 | AL15: 5959.7 | AM15: 5069.6 | AN15: 5173.7 | AO15: =SUM(AL15:AN15) -> 16203 | AP15: =+[1]Jan!N11 -> 15449 | AQ15: =+AP15-AO15 -> -754 | AR15: =+AL15/AO15 -> 0.3678146 | AS15: =+AM15/AO15 -> 0.31288033 | AT15: =1-AR15-AS15 -> 0.31930507 | AU15: =+AR15*AQ15 -> -277.33221 | AV15: =+AS15*AQ15 -> -235.91177 | AW15: =+AT15*AQ15 -> -240.75602 | AX15: =+AL15+AU15 -> 5682.3678 | AY15: =+AM15+AV15 -> 4833.6882 | AZ15: =+AN15+AW15 -> 4932.944 | BA15: =+Efficiency2!K36 -> 41.594861 | BB15: =BB14+BA15 -> 300.04666 | BC15: =+R15/BA15 -> 0.90734767 | BD15: =+S15/BB15 -> 0.88932167
A16: =A15+1 -> 46030 | B16: Facial | C16: 12 | D16: =+'8'!F42 -> 1230 | E16: =+'8'!G42 -> 934.8 | F16: =1-(E16/D16) -> 0.24 | G16: =+P16/N16 -> 0.89345478 | H16: =+P16/L16 -> 0.89345478 | I16: =+R16/P16 -> 0.9784298 | J16: =+R16/L16 -> 0.87418278 | K16: =+S16/M16 -> 0.88747168 | L16: =+Efficiency1!K41 -> 41.770441 | M16: =M15+L16 -> 341.8171 | N16: =+Efficiency1!C41 -> 41.770441 | O16: =O15+N16 -> 340.71874 | P16: ='8'!I38 -> 37.32 | Q16: =Q15+P16 -> 315.797 | R16: ='8'!I40 -> 36.515 | S16: =S15+R16 -> 303.353 | T16: =+AX16 -> 5709.9831 | U16: =T16+U15 -> 43514.013 | V16: =T16/P16 -> 153.00062 | W16: =U16/Q16 -> 137.79109 | X16: =IF(AND(R16>0,T16>0),(T16/(R16*1000))*1000,0) -> 156.37363 | Y16: =IF(AND(S16>0,U16>0),U16/S16,0) -> 143.44349 | Z16: 47.4 | AA16: =Z16+AA15 -> 393.2 | AB16: =Z16/(P16) -> 1.2700965 | AC16: =AA16/(Q16) -> 1.2451037 | AD16: =IF(AND(R16>0,Z16>0),Z16/(R16),0) -> 1.2980967 | AE16: =IF(AND(S16>0,AA16>0),AA16/(S16),0) -> 1.2961797 | AF16: ='8'!I46 -> 37269.14 | AG16: =AF16+AG15 -> 313088.38 | AH16: =IF(AND(L16>0,AF16>0),(AF16/(P16*1000)*1000),0) -> 998.63719 | AI16: =IF(AND(M16>0,AG16>0),(AG16/(Q16*1000)*1000),0) -> 991.42291 | AJ16: =IF(AND(R16>0,AF16>0),(AF16/(R16*1000)*1000),0) -> 1020.6529 | AK16: =IF(AND(S16>0,AG16>0),(AG16/(S16*1000)*1000),0) -> 1032.0926 | AL16: 5979.3 | AM16: 5268.9 | AN16: 5194.4 | AO16: =SUM(AL16:AN16) -> 16442.6 | AP16: =+[1]Jan!N12 -> 15702 | AQ16: =+AP16-AO16 -> -740.6 | AR16: =+AL16/AO16 -> 0.36364687 | AS16: =+AM16/AO16 -> 0.32044202 | AT16: =1-AR16-AS16 -> 0.31591111 | AU16: =+AR16*AQ16 -> -269.31687 | AV16: =+AS16*AQ16 -> -237.31936 | AW16: =+AT16*AQ16 -> -233.96377 | AX16: =+AL16+AU16 -> 5709.9831 | AY16: =+AM16+AV16 -> 5031.5806 | AZ16: =+AN16+AW16 -> 4960.4362 | BA16: =+Efficiency2!K41 -> 41.770441 | BB16: =BB15+BA16 -> 341.8171 | BC16: =+R16/BA16 -> 0.87418278 | BD16: =+S16/BB16 -> 0.88747168
A17: =A16+1 -> 46031 | B17: Facial | C17: 12/13,5 | D17: =+'9'!F42 -> 1087.8484 | E17: =+'9'!G42 -> 826.76477 | F17: =1-(E17/D17) -> 0.24 | G17: =+P17/N17 -> 0.61950859 | H17: =+P17/L17 -> 0.53490385 | I17: =+R17/P17 -> 1.0024555 | J17: =+R17/L17 -> 0.53621733 | K17: =+S17/M17 -> 0.84485121 | L17: =+SUM(Efficiency1!K46:K47) -> 47.202876 | M17: =M16+L17 -> 389.01998 | N17: =+SUM(Efficiency1!C46:C47) -> 40.756497 | O17: =O16+N17 -> 381.47524 | P17: ='9'!I38 -> 25.249 | Q17: =Q16+P17 -> 341.046 | R17: ='9'!I40 -> 25.311 | S17: =S16+R17 -> 328.664 | T17: =+AX17 -> 2522.5856 | U17: =T17+U16 -> 46036.598 | V17: =T17/P17 -> 99.908338 | W17: =U17/Q17 -> 134.98648 | X17: =IF(AND(R17>0,T17>0),(T17/(R17*1000))*1000,0) -> 99.66361 | Y17: =IF(AND(S17>0,U17>0),U17/S17,0) -> 140.07192 | Z17: 39.9 | AA17: =Z17+AA16 -> 433.1 | AB17: =Z17/(P17) -> 1.5802606 | AC17: =AA17/(Q17) -> 1.2699167 | AD17: =IF(AND(R17>0,Z17>0),Z17/(R17),0) -> 1.5763897 | AE17: =IF(AND(S17>0,AA17>0),AA17/(S17),0) -> 1.3177592 | AF17: ='9'!I46 -> 24652.36 | AG17: =AF17+AG16 -> 337740.74 | AH17: =IF(AND(L17>0,AF17>0),(AF17/(P17*1000)*1000),0) -> 976.36976 | AI17: =IF(AND(M17>0,AG17>0),(AG17/(Q17*1000)*1000),0) -> 990.30846 | AJ17: =IF(AND(R17>0,AF17>0),(AF17/(R17*1000)*1000),0) -> 973.97811 | AK17: =IF(AND(S17>0,AG17>0),(AG17/(S17*1000)*1000),0) -> 1027.6171 | AL17: 2675.3 | AM17: 4110.5 | AN17: 4590.6 | AO17: =SUM(AL17:AN17) -> 11376.4 | AP17: =+[1]Jan!N13 -> 10727 | AQ17: =+AP17-AO17 -> -649.4 | AR17: =+AL17/AO17 -> 0.23516227 | AS17: =+AM17/AO17 -> 0.36131817 | AT17: =1-AR17-AS17 -> 0.40351957 | AU17: =+AR17*AQ17 -> -152.71438 | AV17: =+AS17*AQ17 -> -234.64002 | AW17: =+AT17*AQ17 -> -262.04561 | AX17: =+AL17+AU17 -> 2522.5856 | AY17: =+AM17+AV17 -> 3875.86 | AZ17: =+AN17+AW17 -> 4328.5544 | BA17: =+SUM(Efficiency2!K46:K47) -> 25.495137 | BB17: =BB16+BA17 -> 367.31224 | BC17: =+R17/BA17 -> 0.99277757 | BD17: =+S17/BB17 -> 0.89478096
A18: =A17+1 -> 46032 | B18: Facial | C18: 12/13,5 | D18: =+'10'!F42 -> 1071.2804 | E18: =+'10'!G42 -> 814.17307 | F18: =1-(E18/D18) -> 0.24 | G18: =+P18/N18 -> 0.86970669 | H18: =+P18/L18 -> 0.75623749 | I18: =+R18/P18 -> 0.88173928 | J18: =+R18/L18 -> 0.6668043 | K18: =+S18/M18 -> 0.82574194 | L18: =+SUM(Efficiency1!K53:K54) -> 46.772344 | M18: =M17+L18 -> 435.79232 | N18: =+SUM(Efficiency1!C53:C54) -> 40.670033 | O18: =O17+N18 -> 422.14528 | P18: ='10'!I38 -> 35.371 | Q18: =Q17+P18 -> 376.417 | R18: ='10'!I40 -> 31.188 | S18: =S17+R18 -> 359.852 | T18: =+AX18 -> 4453.5488 | U18: =T18+U17 -> 50490.147 | V18: =T18/P18 -> 125.90961 | W18: =U18/Q18 -> 134.13355 | X18: =IF(AND(R18>0,T18>0),(T18/(R18*1000))*1000,0) -> 142.79687 | Y18: =IF(AND(S18>0,U18>0),U18/S18,0) -> 140.30809 | Z18: 56.6 | AA18: =Z18+AA17 -> 489.7 | AB18: =Z18/(P18) -> 1.6001809 | AC18: =AA18/(Q18) -> 1.3009508 | AD18: =IF(AND(R18>0,Z18>0),Z18/(R18),0) -> 1.8148006 | AE18: =IF(AND(S18>0,AA18>0),AA18/(S18),0) -> 1.3608372 | AF18: ='10'!I46 -> 32748.46 | AG18: =AF18+AG17 -> 370489.2 | AH18: =IF(AND(L18>0,AF18>0),(AF18/(P18*1000)*1000),0) -> 925.85621 | AI18: =IF(AND(M18>0,AG18>0),(AG18/(Q18*1000)*1000),0) -> 984.25204 | AJ18: =IF(AND(R18>0,AF18>0),(AF18/(R18*1000)*1000),0) -> 1050.034 | AK18: =IF(AND(S18>0,AG18>0),(AG18/(S18*1000)*1000),0) -> 1029.5599 | AL18: 4135.1 | AM18: 4298.3 | AN18: 4668.6 | AO18: =SUM(AL18:AN18) -> 13102 | AP18: =+[1]Jan!N14 -> 14111 | AQ18: =+AP18-AO18 -> 1009 | AR18: =+AL18/AO18 -> 0.3156083 | AS18: =+AM18/AO18 -> 0.32806442 | AT18: =1-AR18-AS18 -> 0.35632728 | AU18: =+AR18*AQ18 -> 318.44878 | AV18: =+AS18*AQ18 -> 331.017 | AW18: =+AT18*AQ18 -> 359.53422 | AX18: =+AL18+AU18 -> 4453.5488 | AY18: =+AM18+AV18 -> 4629.317 | AZ18: =+AN18+AW18 -> 5028.1342 | BA18: =+SUM(Efficiency2!K53:K54) -> 38.705038 | BB18: =BB17+BA18 -> 406.01728 | BC18: =+R18/BA18 -> 0.80578657 | BD18: =+S18/BB18 -> 0.88629726
A19: =A18+1 -> 46033 | B19: Facial | C19: 13,5 | D19: =+'11'!F42 -> 1200 | E19: =+'11'!G42 -> 912 | F19: =1-(E19/D19) -> 0.24 | G19: =+P19/N19 -> 0.93132119 | H19: =+P19/L19 -> 0.90860604 | I19: =+R19/P19 -> 1.0305776 | J19: =+R19/L19 -> 0.93638906 | K19: =+S19/M19 -> 0.83678969 | L19: =+Efficiency1!K60 -> 48.338882 | M19: =M18+L19 -> 484.1312 | N19: =+Efficiency1!C60 -> 47.159885 | O19: =O18+N19 -> 469.30516 | P19: ='11'!I38 -> 43.921 | Q19: =Q18+P19 -> 420.338 | R19: ='11'!I40 -> 45.264 | S19: =S18+R19 -> 405.116 | T19: =+AX19 -> 5404.6366 | U19: =T19+U18 -> 55894.784 | V19: =T19/P19 -> 123.05359 | W19: =U19/Q19 -> 132.9758 | X19: =IF(AND(R19>0,T19>0),(T19/(R19*1000))*1000,0) -> 119.40254 | Y19: =IF(AND(S19>0,U19>0),U19/S19,0) -> 137.97229 | Z19: 54.8 | AA19: =Z19+AA18 -> 544.5 | AB19: =Z19/(P19) -> 1.2476947 | AC19: =AA19/(Q19) -> 1.2953861 | AD19: =IF(AND(R19>0,Z19>0),Z19/(R19),0) -> 1.2106752 | AE19: =IF(AND(S19>0,AA19>0),AA19/(S19),0) -> 1.3440595 | AF19: ='11'!I46 -> 39524.34 | AG19: =AF19+AG18 -> 410013.54 | AH19: =IF(AND(L19>0,AF19>0),(AF19/(P19*1000)*1000),0) -> 899.89618 | AI19: =IF(AND(M19>0,AG19>0),(AG19/(Q19*1000)*1000),0) -> 975.43772 | AJ19: =IF(AND(R19>0,AF19>0),(AF19/(R19*1000)*1000),0) -> 873.19592 | AK19: =IF(AND(S19>0,AG19>0),(AG19/(S19*1000)*1000),0) -> 1012.0892 | AL19: 6160.6 | AM19: 5979.3 | AN19: 5289.9 | AO19: =SUM(AL19:AN19) -> 17429.8 | AP19: =+[1]Jan!N15 -> 15291 | AQ19: =+AP19-AO19 -> -2138.8 | AR19: =+AL19/AO19 -> 0.35345213 | AS19: =+AM19/AO19 -> 0.34305041 | AT19: =1-AR19-AS19 -> 0.30349746 | AU19: =+AR19*AQ19 -> -755.96342 | AV19: =+AS19*AQ19 -> -733.71621 | AW19: =+AT19*AQ19 -> -649.12036 | AX19: =+AL19+AU19 -> 5404.6366 | AY19: =+AM19+AV19 -> 5245.5838 | AZ19: =+AN19+AW19 -> 4640.7796 | BA19: =+Efficiency2!K60 -> 48.338882 | BB19: =BB18+BA19 -> 454.35616 | BC19: =+R19/BA19 -> 0.93638906 | BD19: =+S19/BB19 -> 0.89162652
A20: =A19+1 -> 46034 | B20: Facial | C20: 13,5/12 | D20: =+'12'!F42 -> 1221.2083 | E20: =+'12'!G42 -> 931.635 | F20: =1-(E20/D20) -> 0.23712034 | G20: =+P20/N20 -> 0.93185084 | H20: =+P20/L20 -> 0.92442517 | I20: =+R20/P20 -> 0.95791573 | J20: =+R20/L20 -> 0.88552141 | K20: =+S20/M20 -> 0.84084364 | L20: =+SUM(Efficiency1!K65:K66) -> 43.928921 | M20: =M19+L20 -> 528.06013 | N20: =+SUM(Efficiency1!C65:C66) -> 43.578863 | O20: =O19+N20 -> 512.88402 | P20: ='12'!I38 -> 40.609 | Q20: =Q19+P20 -> 460.947 | R20: ='12'!I40 -> 38.9 | S20: =S19+R20 -> 444.016 | T20: =+AX20 -> 5666.3387 | U20: =T20+U19 -> 61561.122 | V20: =T20/P20 -> 139.53406 | W20: =U20/Q20 -> 133.55358 | X20: =IF(AND(R20>0,T20>0),(T20/(R20*1000))*1000,0) -> 145.66423 | Y20: =IF(AND(S20>0,U20>0),U20/S20,0) -> 138.64618 | Z20: 51.4 | AA20: =Z20+AA19 -> 595.9 | AB20: =Z20/(P20) -> 1.2657293 | AC20: =AA20/(Q20) -> 1.2927734 | AD20: =IF(AND(R20>0,Z20>0),Z20/(R20),0) -> 1.3213368 | AE20: =IF(AND(S20>0,AA20>0),AA20/(S20),0) -> 1.3420688 | AF20: ='12'!I46 -> 38692.88 | AG20: =AF20+AG19 -> 448706.42 | AH20: =IF(AND(L20>0,AF20>0),(AF20/(P20*1000)*1000),0) -> 952.81539 | AI20: =IF(AND(M20>0,AG20>0),(AG20/(Q20*1000)*1000),0) -> 973.44471 | AJ20: =IF(AND(R20>0,AF20>0),(AF20/(R20*1000)*1000),0) -> 994.67558 | AK20: =IF(AND(S20>0,AG20>0),(AG20/(S20*1000)*1000),0) -> 1010.5636 | AL20: 5877.5 | AM20: 6056.9 | AN20: 5236.5 | AO20: =SUM(AL20:AN20) -> 17170.9 | AP20: =+[1]Jan!N16 -> 16554 | AQ20: =+AP20-AO20 -> -616.9 | AR20: =+AL20/AO20 -> 0.34229423 | AS20: =+AM20/AO20 -> 0.35274214 | AT20: =1-AR20-AS20 -> 0.30496363 | AU20: =+AR20*AQ20 -> -211.16131 | AV20: =+AS20*AQ20 -> -217.60663 | AW20: =+AT20*AQ20 -> -188.13206 | AX20: =+AL20+AU20 -> 5666.3387 | AY20: =+AM20+AV20 -> 5839.2934 | AZ20: =+AN20+AW20 -> 5048.3679 | BA20: =+SUM(Efficiency2!K65:K66) -> 43.928921 | BB20: =BB19+BA20 -> 498.28508 | BC20: =+R20/BA20 -> 0.88552141 | BD20: =+S20/BB20 -> 0.89108829
A21: =A20+1 -> 46035 | B21: Facial | C21: 12/14 | D21: =+'13'!F42 -> 1212.2569 | E21: =+'13'!G42 -> 904.56583 | F21: =1-(E21/D21) -> 0.25381674 | G21: =+P21/N21 -> 0.95065588 | H21: =+P21/L21 -> 0.95065588 | I21: =+R21/P21 -> 0.93899882 | J21: =+R21/L21 -> 0.89266475 | K21: =+S21/M21 -> 0.84479973 | L21: =+SUM(Efficiency1!K70:K71) -> 43.644605 | M21: =M20+L21 -> 571.70473 | N21: =+SUM(Efficiency1!C70:C71) -> 43.644605 | O21: =O20+N21 -> 556.52863 | P21: ='13'!I38 -> 41.491 | Q21: =Q20+P21 -> 502.438 | R21: ='13'!I40 -> 38.96 | S21: =S20+R21 -> 482.976 | T21: =+AX21 -> 5614.3242 | U21: =T21+U20 -> 67175.446 | V21: =T21/P21 -> 135.31427 | W21: =U21/Q21 -> 133.69898 | X21: =IF(AND(R21>0,T21>0),(T21/(R21*1000))*1000,0) -> 144.10483 | Y21: =IF(AND(S21>0,U21>0),U21/S21,0) -> 139.08651 | Z21: 50 | AA21: =Z21+AA20 -> 645.9 | AB21: =Z21/(P21) -> 1.2050806 | AC21: =AA21/(Q21) -> 1.2855317 | AD21: =IF(AND(R21>0,Z21>0),Z21/(R21),0) -> 1.2833676 | AE21: =IF(AND(S21>0,AA21>0),AA21/(S21),0) -> 1.3373335 | AF21: ='13'!I46 -> 38028.86 | AG21: =AF21+AG20 -> 486735.28 | AH21: =IF(AND(L21>0,AF21>0),(AF21/(P21*1000)*1000),0) -> 916.55684 | AI21: =IF(AND(M21>0,AG21>0),(AG21/(Q21*1000)*1000),0) -> 968.74695 | AJ21: =IF(AND(R21>0,AF21>0),(AF21/(R21*1000)*1000),0) -> 976.1001 | AK21: =IF(AND(S21>0,AG21>0),(AG21/(S21*1000)*1000),0) -> 1007.7836 | AL21: 5809 | AM21: 5521.3 | AN21: 5200.7 | AO21: =SUM(AL21:AN21) -> 16531 | AP21: =+[1]Jan!N17 -> 15977 | AQ21: =+AP21-AO21 -> -554 | AR21: =+AL21/AO21 -> 0.3514004 | AS21: =+AM21/AO21 -> 0.33399673 | AT21: =1-AR21-AS21 -> 0.31460287 | AU21: =+AR21*AQ21 -> -194.67582 | AV21: =+AS21*AQ21 -> -185.03419 | AW21: =+AT21*AQ21 -> -174.28999 | AX21: =+AL21+AU21 -> 5614.3242 | AY21: =+AM21+AV21 -> 5336.2658 | AZ21: =+AN21+AW21 -> 5026.41 | BA21: =+SUM(Efficiency2!K70:K71) -> 43.644605 | BB21: =BB20+BA21 -> 541.92969 | BC21: =+R21/BA21 -> 0.89266475 | BD21: =+S21/BB21 -> 0.89121525
A22: =A21+1 -> 46036 | B22: Facial | C22: 12/13 | D22: =+'14'!F42 -> 1227.5417 | E22: =+'14'!G42 -> 932.93167 | F22: =1-(E22/D22) -> 0.24 | G22: =+P22/N22 -> 0.93094702 | H22: =+P22/L22 -> 0.92900787 | I22: =+R22/P22 -> 0.94603056 | J22: =+R22/L22 -> 0.87886984 | K22: =+S22/M22 -> 0.84719952 | L22: =+SUM(Efficiency1!K75:K76) -> 43.320408 | M22: =M21+L22 -> 615.02514 | N22: =+SUM(Efficiency1!C75:C76) -> 43.230172 | O22: =O21+N22 -> 599.7588 | P22: ='14'!I38 -> 40.245 | Q22: =Q21+P22 -> 542.683 | R22: ='14'!I40 -> 38.073 | S22: =S21+R22 -> 521.049 | T22: =+AX22 -> 5374.615 | U22: =T22+U21 -> 72550.061 | V22: =T22/P22 -> 133.5474 | W22: =U22/Q22 -> 133.68774 | X22: =IF(AND(R22>0,T22>0),(T22/(R22*1000))*1000,0) -> 141.16605 | Y22: =IF(AND(S22>0,U22>0),U22/S22,0) -> 139.23846 | Z22: 53 | AA22: =Z22+AA21 -> 698.9 | AB22: =Z22/(P22) -> 1.3169338 | AC22: =AA22/(Q22) -> 1.2878605 | AD22: =IF(AND(R22>0,Z22>0),Z22/(R22),0) -> 1.3920626 | AE22: =IF(AND(S22>0,AA22>0),AA22/(S22),0) -> 1.3413326 | AF22: ='14'!I46 -> 39390.38 | AG22: =AF22+AG21 -> 526125.66 | AH22: =IF(AND(L22>0,AF22>0),(AF22/(P22*1000)*1000),0) -> 978.76457 | AI22: =IF(AND(M22>0,AG22>0),(AG22/(Q22*1000)*1000),0) -> 969.48985 | AJ22: =IF(AND(R22>0,AF22>0),(AF22/(R22*1000)*1000),0) -> 1034.6014 | AK22: =IF(AND(S22>0,AG22>0),(AG22/(S22*1000)*1000),0) -> 1009.7432 | AL22: 5594.4 | AM22: 6001.1 | AN22: 5046.3 | AO22: =SUM(AL22:AN22) -> 16641.8 | AP22: =+[1]Jan!N18 -> 15988 | AQ22: =+AP22-AO22 -> -653.8 | AR22: =+AL22/AO22 -> 0.33616556 | AS22: =+AM22/AO22 -> 0.36060402 | AT22: =1-AR22-AS22 -> 0.30323042 | AU22: =+AR22*AQ22 -> -219.78504 | AV22: =+AS22*AQ22 -> -235.76291 | AW22: =+AT22*AQ22 -> -198.25205 | AX22: =+AL22+AU22 -> 5374.615 | AY22: =+AM22+AV22 -> 5765.3371 | AZ22: =+AN22+AW22 -> 4848.048 | BA22: =+SUM(Efficiency2!K75:K76) -> 43.320408 | BB22: =BB21+BA22 -> 585.25009 | BC22: =+R22/BA22 -> 0.87886984 | BD22: =+S22/BB22 -> 0.89030144
A23: =A22+1 -> 46037 | B23: Facial | C23: 12/13/16 | D23: =+'15'!F42 -> 1107.8958 | E23: =+'15'!G42 -> 825.05292 | F23: =1-(E23/D23) -> 0.25529739 | G23: =+P23/N23 -> 0.94455752 | H23: =+P23/L23 -> 0.8754591 | I23: =+R23/P23 -> 0.94968866 | J23: =+R23/L23 -> 0.83141358 | K23: =+S23/M23 -> 0.84595075 | L23: =+SUM(Efficiency1!K80:K82) -> 52.831709 | M23: =M22+L23 -> 667.85685 | N23: =+SUM(Efficiency1!C80:C82) -> 48.966843 | O23: =O22+N23 -> 648.72564 | P23: ='15'!I38 -> 46.252 | Q23: =Q22+P23 -> 588.935 | R23: ='15'!I40 -> 43.925 | S23: =S22+R23 -> 564.974 | T23: =+AX23 -> 4986.9277 | U23: =T23+U22 -> 77536.989 | V23: =T23/P23 -> 107.8208 | W23: =U23/Q23 -> 131.65628 | X23: =IF(AND(R23>0,T23>0),(T23/(R23*1000))*1000,0) -> 113.53279 | Y23: =IF(AND(S23>0,U23>0),U23/S23,0) -> 137.23992 | Z23: 52.3 | AA23: =Z23+AA22 -> 751.2 | AB23: =Z23/(P23) -> 1.1307619 | AC23: =AA23/(Q23) -> 1.2755228 | AD23: =IF(AND(R23>0,Z23>0),Z23/(R23),0) -> 1.1906659 | AE23: =IF(AND(S23>0,AA23>0),AA23/(S23),0) -> 1.3296187 | AF23: ='15'!I46 -> 35513.52 | AG23: =AF23+AG22 -> 561639.18 | AH23: =IF(AND(L23>0,AF23>0),(AF23/(P23*1000)*1000),0) -> 767.82669 | AI23: =IF(AND(M23>0,AG23>0),(AG23/(Q23*1000)*1000),0) -> 953.65224 | AJ23: =IF(AND(R23>0,AF23>0),(AF23/(R23*1000)*1000),0) -> 808.50359 | AK23: =IF(AND(S23>0,AG23>0),(AG23/(S23*1000)*1000),0) -> 994.09739 | AL23: 5286.7 | AM23: 5943.4 | AN23: 4915.4 | AO23: =SUM(AL23:AN23) -> 16145.5 | AP23: =+[1]Jan!N19 -> 15230 | AQ23: =+AP23-AO23 -> -915.5 | AR23: =+AL23/AO23 -> 0.32744108 | AS23: =+AM23/AO23 -> 0.36811495 | AT23: =1-AR23-AS23 -> 0.30444396 | AU23: =+AR23*AQ23 -> -299.77231 | AV23: =+AS23*AQ23 -> -337.00924 | AW23: =+AT23*AQ23 -> -278.71845 | AX23: =+AL23+AU23 -> 4986.9277 | AY23: =+AM23+AV23 -> 5606.3908 | AZ23: =+AN23+AW23 -> 4636.6816 | BA23: =+SUM(Efficiency2!K80:K82) -> 52.831709 | BB23: =BB22+BA23 -> 638.0818 | BC23: =+R23/BA23 -> 0.83141358 | BD23: =+S23/BB23 -> 0.88542566
A24: =A23+1 -> 46038 | B24: Facial | C24: 16/13 | D24: =+'16'!F42 -> 1179.1667 | E24: =+'16'!G42 -> 887.07833 | F24: =1-(E24/D24) -> 0.24770742 | G24: =+P24/N24 -> 0.94963607 | H24: =+P24/L24 -> 0.91643247 | I24: =+R24/P24 -> 0.88451966 | J24: =+R24/L24 -> 0.81060254 | K24: =+S24/M24 -> 0.84357005 | L24: =+SUM(Efficiency1!K85:K86) -> 48.228322 | M24: =M23+L24 -> 716.08517 | N24: =+SUM(Efficiency1!C85:C86) -> 46.54204 | O24: =O23+N24 -> 695.26768 | P24: ='16'!I38 -> 44.198 | Q24: =Q23+P24 -> 633.133 | R24: ='16'!I40 -> 39.094 | S24: =S23+R24 -> 604.068 | T24: =+AX24 -> 5332.2498 | U24: =T24+U23 -> 82869.239 | V24: =T24/P24 -> 120.64459 | W24: =U24/Q24 -> 130.88757 | X24: =IF(AND(R24>0,T24>0),(T24/(R24*1000))*1000,0) -> 136.39561 | Y24: =IF(AND(S24>0,U24>0),U24/S24,0) -> 137.18528 | Z24: 54.8 | AA24: =Z24+AA23 -> 806 | AB24: =Z24/(P24) -> 1.2398751 | AC24: =AA24/(Q24) -> 1.2730343 | AD24: =IF(AND(R24>0,Z24>0),Z24/(R24),0) -> 1.4017496 | AE24: =IF(AND(S24>0,AA24>0),AA24/(S24),0) -> 1.3342869 | AF24: ='16'!I46 -> 37061.78 | AG24: =AF24+AG23 -> 598700.96 | AH24: =IF(AND(L24>0,AF24>0),(AF24/(P24*1000)*1000),0) -> 838.53975 | AI24: =IF(AND(M24>0,AG24>0),(AG24/(Q24*1000)*1000),0) -> 945.61642 | AJ24: =IF(AND(R24>0,AF24>0),(AF24/(R24*1000)*1000),0) -> 948.01709 | AK24: =IF(AND(S24>0,AG24>0),(AG24/(S24*1000)*1000),0) -> 991.11517 | AL24: 5398 | AM24: 5900.1 | AN24: 4768.6 | AO24: =SUM(AL24:AN24) -> 16066.7 | AP24: =+[1]Jan!N20 -> 15871 | AQ24: =+AP24-AO24 -> -195.7 | AR24: =+AL24/AO24 -> 0.33597441 | AS24: =+AM24/AO24 -> 0.36722538 | AT24: =1-AR24-AS24 -> 0.29680021 | AU24: =+AR24*AQ24 -> -65.750191 | AV24: =+AS24*AQ24 -> -71.866007 | AW24: =+AT24*AQ24 -> -58.083802 | AX24: =+AL24+AU24 -> 5332.2498 | AY24: =+AM24+AV24 -> 5828.234 | AZ24: =+AN24+AW24 -> 4710.5162 | BA24: =+SUM(Efficiency2!K85:K86) -> 48.228322 | BB24: =BB23+BA24 -> 686.31012 | BC24: =+R24/BA24 -> 0.81060254 | BD24: =+S24/BB24 -> 0.88016769
A25: =A24+1 -> 46039 | B25: Facial | C25: 13 | D25: =+'17'!F42 -> 1224.9583 | E25: =+'17'!G42 -> 930.96833 | F25: =1-(E25/D25) -> 0.24 | G25: =+P25/N25 -> 1.0209196 | H25: =+P25/L25 -> 1.0167349 | I25: =+R25/P25 -> 0.94984868 | J25: =+R25/L25 -> 0.96574431 | K25: =+S25/M25 -> 0.85086899 | L25: =+Efficiency1!K90 -> 45.498586 | M25: =M24+L25 -> 761.58375 | N25: =+Efficiency1!C90 -> 45.312091 | O25: =O24+N25 -> 740.57977 | P25: ='17'!I38 -> 46.26 | Q25: =Q24+P25 -> 679.393 | R25: ='17'!I40 -> 43.94 | S25: =S24+R25 -> 648.008 | T25: =+AX25 -> 5587.7336 | U25: =T25+U24 -> 88456.973 | V25: =T25/P25 -> 120.78975 | W25: =U25/Q25 -> 130.20001 | X25: =IF(AND(R25>0,T25>0),(T25/(R25*1000))*1000,0) -> 127.16736 | Y25: =IF(AND(S25>0,U25>0),U25/S25,0) -> 136.50599 | Z25: 56 | AA25: =Z25+AA24 -> 862 | AB25: =Z25/(P25) -> 1.2105491 | AC25: =AA25/(Q25) -> 1.2687796 | AD25: =IF(AND(R25>0,Z25>0),Z25/(R25),0) -> 1.2744652 | AE25: =IF(AND(S25>0,AA25>0),AA25/(S25),0) -> 1.3302305 | AF25: ='17'!I46 -> 36600.24 | AG25: =AF25+AG24 -> 635301.2 | AH25: =IF(AND(L25>0,AF25>0),(AF25/(P25*1000)*1000),0) -> 791.18547 | AI25: =IF(AND(M25>0,AG25>0),(AG25/(Q25*1000)*1000),0) -> 935.10119 | AJ25: =IF(AND(R25>0,AF25>0),(AF25/(R25*1000)*1000),0) -> 832.95949 | AK25: =IF(AND(S25>0,AG25>0),(AG25/(S25*1000)*1000),0) -> 980.39098 | AL25: 5716.1 | AM25: 5329.9 | AN25: 4837.7 | AO25: =SUM(AL25:AN25) -> 15883.7 | AP25: =+[1]Jan!N21 -> 15527 | AQ25: =+AP25-AO25 -> -356.7 | AR25: =+AL25/AO25 -> 0.35987207 | AS25: =+AM25/AO25 -> 0.33555784 | AT25: =1-AR25-AS25 -> 0.30457009 | AU25: =+AR25*AQ25 -> -128.36637 | AV25: =+AS25*AQ25 -> -119.69348 | AW25: =+AT25*AQ25 -> -108.64015 | AX25: =+AL25+AU25 -> 5587.7336 | AY25: =+AM25+AV25 -> 5210.2065 | AZ25: =+AN25+AW25 -> 4729.0598 | BA25: =+Efficiency2!K90 -> 45.498586 | BB25: =BB24+BA25 -> 731.80871 | BC25: =+R25/BA25 -> 0.96574431 | BD25: =+S25/BB25 -> 0.88548823
A26: =A25+1 -> 46040 | B26: Facial | C26: 13/13,5 | D26: =+'18'!F42 -> 1230 | E26: =+'18'!G42 -> 934.8 | F26: =1-(E26/D26) -> 0.24 | G26: =+P26/N26 -> 0.92774924 | H26: =+P26/L26 -> 0.92774924 | I26: =+R26/P26 -> 0.94727984 | J26: =+R26/L26 -> 0.87883815 | K26: =+S26/M26 -> 0.8525075 | L26: =+SUM(Efficiency1!K95:K96) -> 47.392116 | M26: =M25+L26 -> 808.97587 | N26: =+SUM(Efficiency1!C95:C96) -> 47.392116 | O26: =O25+N26 -> 787.97189 | P26: ='18'!I38 -> 43.968 | Q26: =Q25+P26 -> 723.361 | R26: ='18'!I40 -> 41.65 | S26: =S25+R26 -> 689.658 | T26: =+AX26 -> 5314.1827 | U26: =T26+U25 -> 93771.155 | V26: =T26/P26 -> 120.86478 | W26: =U26/Q26 -> 129.63258 | X26: =IF(AND(R26>0,T26>0),(T26/(R26*1000))*1000,0) -> 127.59142 | Y26: =IF(AND(S26>0,U26>0),U26/S26,0) -> 135.96762 | Z26: 53.7 | AA26: =Z26+AA25 -> 915.7 | AB26: =Z26/(P26) -> 1.2213428 | AC26: =AA26/(Q26) -> 1.2658963 | AD26: =IF(AND(R26>0,Z26>0),Z26/(R26),0) -> 1.2893157 | AE26: =IF(AND(S26>0,AA26>0),AA26/(S26),0) -> 1.3277596 | AF26: ='18'!I46 -> 39292.02 | AG26: =AF26+AG25 -> 674593.22 | AH26: =IF(AND(L26>0,AF26>0),(AF26/(P26*1000)*1000),0) -> 893.65038 | AI26: =IF(AND(M26>0,AG26>0),(AG26/(Q26*1000)*1000),0) -> 932.58168 | AJ26: =IF(AND(R26>0,AF26>0),(AF26/(R26*1000)*1000),0) -> 943.38583 | AK26: =IF(AND(S26>0,AG26>0),(AG26/(S26*1000)*1000),0) -> 978.15616 | AL26: 5747 | AM26: 5820.3 | AN26: 4665.2 | AO26: =SUM(AL26:AN26) -> 16232.5 | AP26: =+[1]Jan!N22 -> 15010 | AQ26: =+AP26-AO26 -> -1222.5 | AR26: =+AL26/AO26 -> 0.35404282 | AS26: =+AM26/AO26 -> 0.35855845 | AT26: =1-AR26-AS26 -> 0.28739874 | AU26: =+AR26*AQ26 -> -432.81734 | AV26: =+AS26*AQ26 -> -438.3377 | AW26: =+AT26*AQ26 -> -351.34496 | AX26: =+AL26+AU26 -> 5314.1827 | AY26: =+AM26+AV26 -> 5381.9623 | AZ26: =+AN26+AW26 -> 4313.855 | BA26: =+SUM(Efficiency2!K95:K96) -> 47.392116 | BB26: =BB25+BA26 -> 779.20083 | BC26: =+R26/BA26 -> 0.87883815 | BD26: =+S26/BB26 -> 0.88508376
A27: =A26+1 -> 46041 | B27: Facial | C27: 13,5 | D27: =+'19'!F42 -> 1208.8889 | E27: =+'19'!G42 -> 918.75556 | F27: =1-(E27/D27) -> 0.24 | G27: =+P27/N27 -> 0.93468178 | H27: =+P27/L27 -> 0.91863937 | I27: =+R27/P27 -> 0.97966491 | J27: =+R27/L27 -> 0.89995876 | K27: =+S27/M27 -> 0.855183 | L27: =+Efficiency1!K100 -> 48.338882 | M27: =M26+L27 -> 857.31475 | N27: =+Efficiency1!C100 -> 47.509217 | O27: =O26+N27 -> 835.48111 | P27: ='19'!I38 -> 44.406 | Q27: =Q26+P27 -> 767.767 | R27: ='19'!I40 -> 43.503 | S27: =S26+R27 -> 733.161 | T27: =+AX27 -> 5468.3955 | U27: =T27+U26 -> 99239.551 | V27: =T27/P27 -> 123.14542 | W27: =U27/Q27 -> 129.25738 | X27: =IF(AND(R27>0,T27>0),(T27/(R27*1000))*1000,0) -> 125.70157 | Y27: =IF(AND(S27>0,U27>0),U27/S27,0) -> 135.35847 | Z27: 54.4 | AA27: =Z27+AA26 -> 970.1 | AB27: =Z27/(P27) -> 1.2250597 | AC27: =AA27/(Q27) -> 1.2635344 | AD27: =IF(AND(R27>0,Z27>0),Z27/(R27),0) -> 1.2504885 | AE27: =IF(AND(S27>0,AA27>0),AA27/(S27),0) -> 1.3231746 | AF27: ='19'!I46 -> 38192.98 | AG27: =AF27+AG26 -> 712786.2 | AH27: =IF(AND(L27>0,AF27>0),(AF27/(P27*1000)*1000),0) -> 860.08602 | AI27: =IF(AND(M27>0,AG27>0),(AG27/(Q27*1000)*1000),0) -> 928.38869 | AJ27: =IF(AND(R27>0,AF27>0),(AF27/(R27*1000)*1000),0) -> 877.93899 | AK27: =IF(AND(S27>0,AG27>0),(AG27/(S27*1000)*1000),0) -> 972.20965 | AL27: 5717.3 | AM27: 6078 | AN27: 4051.6 | AO27: =SUM(AL27:AN27) -> 15846.9 | AP27: =+[1]Jan!N23 -> 15157 | AQ27: =+AP27-AO27 -> -689.9 | AR27: =+AL27/AO27 -> 0.3607835 | AS27: =+AM27/AO27 -> 0.38354505 | AT27: =1-AR27-AS27 -> 0.25567146 | AU27: =+AR27*AQ27 -> -248.90453 | AV27: =+AS27*AQ27 -> -264.60773 | AW27: =+AT27*AQ27 -> -176.38774 | AX27: =+AL27+AU27 -> 5468.3955 | AY27: =+AM27+AV27 -> 5813.3923 | AZ27: =+AN27+AW27 -> 3875.2123 | BA27: =+Efficiency2!K100 -> 48.338882 | BB27: =BB26+BA27 -> 827.53971 | BC27: =+R27/BA27 -> 0.89995876 | BD27: =+S27/BB27 -> 0.88595265
A28: =A27+1 -> 46042 | B28: Facial | C28: 13,5/13 | D28: =+'20'!F42 -> 1225.375 | E28: =+'20'!G42 -> 931.285 | F28: =1-(E28/D28) -> 0.24 | G28: =+P28/N28 -> 0.97326292 | H28: =+P28/L28 -> 0.96951172 | I28: =+R28/P28 -> 1.0133855 | J28: =+R28/L28 -> 0.98248915 | K28: =+S28/M28 -> 0.86182068 | L28: =+SUM(Efficiency1!K105:K106) -> 47.15879 | M28: =M27+L28 -> 904.47354 | N28: =+SUM(Efficiency1!C105:C106) -> 46.977028 | O28: =O27+N28 -> 882.45814 | P28: ='20'!I38 -> 45.721 | Q28: =Q27+P28 -> 813.488 | R28: ='20'!I40 -> 46.333 | S28: =S27+R28 -> 779.494 | T28: =+AX28 -> 5498.6401 | U28: =T28+U27 -> 104738.19 | V28: =T28/P28 -> 120.26509 | W28: =U28/Q28 -> 128.75198 | X28: =IF(AND(R28>0,T28>0),(T28/(R28*1000))*1000,0) -> 118.67654 | Y28: =IF(AND(S28>0,U28>0),U28/S28,0) -> 134.3669 | Z28: 54.3 | AA28: =Z28+AA27 -> 1024.4 | AB28: =Z28/(P28) -> 1.1876381 | AC28: =AA28/(Q28) -> 1.2592687 | AD28: =IF(AND(R28>0,Z28>0),Z28/(R28),0) -> 1.1719509 | AE28: =IF(AND(S28>0,AA28>0),AA28/(S28),0) -> 1.3141859 | AF28: ='20'!I46 -> 39205.32 | AG28: =AF28+AG27 -> 751991.52 | AH28: =IF(AND(L28>0,AF28>0),(AF28/(P28*1000)*1000),0) -> 857.49043 | AI28: =IF(AND(M28>0,AG28>0),(AG28/(Q28*1000)*1000),0) -> 924.40395 | AJ28: =IF(AND(R28>0,AF28>0),(AF28/(R28*1000)*1000),0) -> 846.16407 | AK28: =IF(AND(S28>0,AG28>0),(AG28/(S28*1000)*1000),0) -> 964.71752 | AL28: 5796.5 | AM28: 6106.5 | AN28: 3860 | AO28: =SUM(AL28:AN28) -> 15763 | AP28: =+[1]Jan!N24 -> 14953 | AQ28: =+AP28-AO28 -> -810 | AR28: =+AL28/AO28 -> 0.36772822 | AS28: =+AM28/AO28 -> 0.38739453 | AT28: =1-AR28-AS28 -> 0.24487724 | AU28: =+AR28*AQ28 -> -297.85986 | AV28: =+AS28*AQ28 -> -313.78957 | AW28: =+AT28*AQ28 -> -198.35057 | AX28: =+AL28+AU28 -> 5498.6401 | AY28: =+AM28+AV28 -> 5792.7104 | AZ28: =+AN28+AW28 -> 3661.6494 | BA28: =+SUM(Efficiency2!K105:K106) -> 47.15879 | BB28: =BB27+BA28 -> 874.6985 | BC28: =+R28/BA28 -> 0.98248915 | BD28: =+S28/BB28 -> 0.89115735
A29: =A28+1 -> 46043 | B29: Facial | C29: 13/11/14 | D29: =+'21'!F42 -> 1228.3333 | E29: =+'21'!G42 -> 933.53333 | F29: =1-(E29/D29) -> 0.24 | G29: =+P29/N29 -> 0.96690557 | H29: =+P29/L29 -> 0.9653767 | I29: =+R29/P29 -> 0.94547997 | J29: =+R29/L29 -> 0.91274434 | K29: =+S29/M29 -> 0.86412965 | L29: =+SUM(Efficiency1!K110:K112) -> 42.95836 | M29: =M28+L29 -> 947.4319 | N29: =+SUM(Efficiency1!C110:C112) -> 42.890434 | O29: =O28+N29 -> 925.34857 | P29: ='21'!I38 -> 41.471 | Q29: =Q28+P29 -> 854.959 | R29: ='21'!I40 -> 39.21 | S29: =S28+R29 -> 818.704 | T29: =+AX29 -> 5231.3554 | U29: =T29+U28 -> 109969.55 | V29: =T29/P29 -> 126.14491 | W29: =U29/Q29 -> 128.62552 | X29: =IF(AND(R29>0,T29>0),(T29/(R29*1000))*1000,0) -> 133.41891 | Y29: =IF(AND(S29>0,U29>0),U29/S29,0) -> 134.3215 | Z29: 54.4 | AA29: =Z29+AA28 -> 1078.8 | AB29: =Z29/(P29) -> 1.31176 | AC29: =AA29/(Q29) -> 1.2618149 | AD29: =IF(AND(R29>0,Z29>0),Z29/(R29),0) -> 1.3874012 | AE29: =IF(AND(S29>0,AA29>0),AA29/(S29),0) -> 1.3176924 | AF29: ='21'!I46 -> 38765.38 | AG29: =AF29+AG28 -> 790756.9 | AH29: =IF(AND(L29>0,AF29>0),(AF29/(P29*1000)*1000),0) -> 934.75875 | AI29: =IF(AND(M29>0,AG29>0),(AG29/(Q29*1000)*1000),0) -> 924.90622 | AJ29: =IF(AND(R29>0,AF29>0),(AF29/(R29*1000)*1000),0) -> 988.66055 | AK29: =IF(AND(S29>0,AG29>0),(AG29/(S29*1000)*1000),0) -> 965.86422 | AL29: 5481.5 | AM29: 5700.1 | AN29: 3861.9 | AO29: =SUM(AL29:AN29) -> 15043.5 | AP29: =+[1]Jan!N25 -> 14357 | AQ29: =+AP29-AO29 -> -686.5 | AR29: =+AL29/AO29 -> 0.36437664 | AS29: =+AM29/AO29 -> 0.37890783 | AT29: =1-AR29-AS29 -> 0.25671552 | AU29: =+AR29*AQ29 -> -250.14456 | AV29: =+AS29*AQ29 -> -260.12023 | AW29: =+AT29*AQ29 -> -176.23521 | AX29: =+AL29+AU29 -> 5231.3554 | AY29: =+AM29+AV29 -> 5439.9798 | AZ29: =+AN29+AW29 -> 3685.6648 | BA29: =+SUM(Efficiency2!K110:K112) -> 42.95836 | BB29: =BB28+BA29 -> 917.65686 | BC29: =+R29/BA29 -> 0.91274434 | BD29: =+S29/BB29 -> 0.89216791
A30: =A29+1 -> 46044 | B30: Facial/Toilet | C30: 14/13 | D30: =+'22'!F42 -> 1221.1111 | E30: =+'22'!G42 -> 928.04444 | F30: =1-(E30/D30) -> 0.24 | G30: =+P30/N30 -> 0.96004106 | H30: =+P30/L30 -> 0.95243101 | I30: =+R30/P30 -> 0.97792226 | J30: =+R30/L30 -> 0.93140348 | K30: =+S30/M30 -> 0.86722546 | L30: =+SUM(Efficiency1!K114:K115) -> 45.701998 | M30: =M29+L30 -> 993.1339 | N30: =+SUM(Efficiency1!C114:C115) -> 45.339727 | O30: =O29+N30 -> 970.6883 | P30: ='22'!I38 -> 43.528 | Q30: =Q29+P30 -> 898.487 | R30: ='22'!I40 -> 42.567 | S30: =S29+R30 -> 861.271 | T30: =+AX30 -> 5611.1446 | U30: =T30+U29 -> 115580.69 | V30: =T30/P30 -> 128.90886 | W30: =U30/Q30 -> 128.63925 | X30: =IF(AND(R30>0,T30>0),(T30/(R30*1000))*1000,0) -> 131.81912 | Y30: =IF(AND(S30>0,U30>0),U30/S30,0) -> 134.19782 | Z30: 56.3 | AA30: =Z30+AA29 -> 1135.1 | AB30: =Z30/(P30) -> 1.2934203 | AC30: =AA30/(Q30) -> 1.263346 | AD30: =IF(AND(R30>0,Z30>0),Z30/(R30),0) -> 1.3226208 | AE30: =IF(AND(S30>0,AA30>0),AA30/(S30),0) -> 1.3179359 | AF30: ='22'!I46 -> 41312.34 | AG30: =AF30+AG29 -> 832069.24 | AH30: =IF(AND(L30>0,AF30>0),(AF30/(P30*1000)*1000),0) -> 949.09805 | AI30: =IF(AND(M30>0,AG30>0),(AG30/(Q30*1000)*1000),0) -> 926.07822 | AJ30: =IF(AND(R30>0,AF30>0),(AF30/(R30*1000)*1000),0) -> 970.52505 | AK30: =IF(AND(S30>0,AG30>0),(AG30/(S30*1000)*1000),0) -> 966.09457 | AL30: 5897.3 | AM30: 5999.3 | AN30: 3957.7 | AO30: =SUM(AL30:AN30) -> 15854.3 | AP30: =+[1]Jan!N26 -> 15085 | AQ30: =+AP30-AO30 -> -769.3 | AR30: =+AL30/AO30 -> 0.37196849 | AS30: =+AM30/AO30 -> 0.37840207 | AT30: =1-AR30-AS30 -> 0.24962944 | AU30: =+AR30*AQ30 -> -286.15536 | AV30: =+AS30*AQ30 -> -291.10472 | AW30: =+AT30*AQ30 -> -192.03993 | AX30: =+AL30+AU30 -> 5611.1446 | AY30: =+AM30+AV30 -> 5708.1953 | AZ30: =+AN30+AW30 -> 3765.6601 | BA30: =+SUM(Efficiency2!K114:K115) -> 45.701998 | BB30: =BB29+BA30 -> 963.35886 | BC30: =+R30/BA30 -> 0.93140348 | BD30: =+S30/BB30 -> 0.89402925
A31: =A30+1 -> 46045 | B31: Toilet | C31: 13 | D31: =+'23'!F42 -> 1042.0833 | E31: =+'23'!G42 -> 791.98333 | F31: =1-(E31/D31) -> 0.24 | G31: =+P31/N31 -> 0.93827872 | H31: =+P31/L31 -> 0.79493058 | I31: =+R31/P31 -> 1.0063527 | J31: =+R31/L31 -> 0.79998057 | K31: =+S31/M31 -> 0.86430138 | L31: =+Efficiency1!K118 -> 45.148596 | M31: =M30+L31 -> 1038.2825 | N31: =+Efficiency1!C118 -> 38.250894 | O31: =O30+N31 -> 1008.9392 | P31: ='23'!I38 -> 35.89 | Q31: =Q30+P31 -> 934.377 | R31: ='23'!I40 -> 36.118 | S31: =S30+R31 -> 897.389 | T31: =+AX31 -> 3241.8264 | U31: =T31+U30 -> 118822.52 | V31: =T31/P31 -> 90.326733 | W31: =U31/Q31 -> 127.16764 | X31: =IF(AND(R31>0,T31>0),(T31/(R31*1000))*1000,0) -> 89.756533 | Y31: =IF(AND(S31>0,U31>0),U31/S31,0) -> 132.40915 | Z31: 57.9 | AA31: =Z31+AA30 -> 1193 | AB31: =Z31/(P31) -> 1.6132627 | AC31: =AA31/(Q31) -> 1.2767866 | AD31: =IF(AND(R31>0,Z31>0),Z31/(R31),0) -> 1.6030788 | AE31: =IF(AND(S31>0,AA31>0),AA31/(S31),0) -> 1.3294123 | AF31: ='23'!I46 -> 37009.68 | AG31: =AF31+AG30 -> 869078.92 | AH31: =IF(AND(L31>0,AF31>0),(AF31/(P31*1000)*1000),0) -> 1031.1975 | AI31: =IF(AND(M31>0,AG31>0),(AG31/(Q31*1000)*1000),0) -> 930.11592 | AJ31: =IF(AND(R31>0,AF31>0),(AF31/(R31*1000)*1000),0) -> 1024.688 | AK31: =IF(AND(S31>0,AG31>0),(AG31/(S31*1000)*1000),0) -> 968.45283 | AL31: 3443.1 | AM31: 4324 | AN31: 3950.9 | AO31: =SUM(AL31:AN31) -> 11718 | AP31: =+[1]Jan!N27 -> 11033 | AQ31: =+AP31-AO31 -> -685 | AR31: =+AL31/AO31 -> 0.29383001 | AS31: =+AM31/AO31 -> 0.36900495 | AT31: =1-AR31-AS31 -> 0.33716505 | AU31: =+AR31*AQ31 -> -201.27355 | AV31: =+AS31*AQ31 -> -252.76839 | AW31: =+AT31*AQ31 -> -230.95806 | AX31: =+AL31+AU31 -> 3241.8264 | AY31: =+AM31+AV31 -> 4071.2316 | AZ31: =+AN31+AW31 -> 3719.9419 | BA31: =+Efficiency2!K118 -> 38.250894 | BB31: =BB30+BA31 -> 1001.6098 | BC31: =+R31/BA31 -> 0.94423936 | BD31: =+S31/BB31 -> 0.89594675
A32: =A31+1 -> 46046 | B32: Toilet | C32: 13 | D32: =+'24'!F42 -> 989.21528 | E32: =+'24'!G42 -> 751.80361 | F32: =1-(E32/D32) -> 0.24 | G32: =+P32/N32 -> 0.98517473 | H32: =+P32/L32 -> 0.79231699 | I32: =+R32/P32 -> 0.92474561 | J32: =+R32/L32 -> 0.73269166 | K32: =+S32/M32 -> 0.85881696 | L32: =+Efficiency1!K123 -> 45.148596 | M32: =M31+L32 -> 1083.4311 | N32: =+Efficiency1!C123 -> 36.31031 | O32: =O31+N32 -> 1045.2495 | P32: ='24'!I38 -> 35.772 | Q32: =Q31+P32 -> 970.149 | R32: ='24'!I40 -> 33.08 | S32: =S31+R32 -> 930.469 | T32: =+AX32 -> 2886.1894 | U32: =T32+U31 -> 121708.71 | V32: =T32/P32 -> 80.682919 | W32: =U32/Q32 -> 125.45362 | X32: =IF(AND(R32>0,T32>0),(T32/(R32*1000))*1000,0) -> 87.248772 | Y32: =IF(AND(S32>0,U32>0),U32/S32,0) -> 130.80361 | Z32: 52.9 | AA32: =Z32+AA31 -> 1245.9 | AB32: =Z32/(P32) -> 1.4788102 | AC32: =AA32/(Q32) -> 1.2842357 | AD32: =IF(AND(R32>0,Z32>0),Z32/(R32),0) -> 1.5991536 | AE32: =IF(AND(S32>0,AA32>0),AA32/(S32),0) -> 1.3390022 | AF32: =+'24'!I46 -> 36510.9 | AG32: =AF32+AG31 -> 905589.82 | AH32: =IF(AND(L32>0,AF32>0),(AF32/(P32*1000)*1000),0) -> 1020.6558 | AI32: =IF(AND(M32>0,AG32>0),(AG32/(Q32*1000)*1000),0) -> 933.45437 | AJ32: =IF(AND(R32>0,AF32>0),(AF32/(R32*1000)*1000),0) -> 1103.7152 | AK32: =IF(AND(S32>0,AG32>0),(AG32/(S32*1000)*1000),0) -> 973.26168 | AL32: 4078.9 | AM32: 4709.8 | AN32: 3948.9 | AO32: =SUM(AL32:AN32) -> 12737.6 | AP32: =+[1]Jan!N28 -> 9013 | AQ32: =+AP32-AO32 -> -3724.6 | AR32: =+AL32/AO32 -> 0.32022516 | AS32: =+AM32/AO32 -> 0.36975568 | AT32: =1-AR32-AS32 -> 0.31001916 | AU32: =+AR32*AQ32 -> -1192.7106 | AV32: =+AS32*AQ32 -> -1377.192 | AW32: =+AT32*AQ32 -> -1154.6973 | AX32: =+AL32+AU32 -> 2886.1894 | AY32: =+AM32+AV32 -> 3332.608 | AZ32: =+AN32+AW32 -> 2794.2027 | BA32: =+Efficiency2!K123 -> 36.31031 | BB32: =BB31+BA32 -> 1037.9201 | BC32: =+R32/BA32 -> 0.91103601 | BD32: =+S32/BB32 -> 0.89647463
A33: =A32+1 -> 46047 | B33: Toilet | C33: 13 | D33: =+'25'!F42 -> 1116.1762 | E33: =+'25'!G42 -> 848.29394 | F33: =1-(E33/D33) -> 0.24 | G33: =+P33/N33 -> 0.8922504 | H33: =+P33/L33 -> 0.80968187 | I33: =+R33/P33 -> 0.94329248 | J33: =+R33/L33 -> 0.76376682 | K33: =+S33/M33 -> 0.8550145 | L33: =+Efficiency1!K128 -> 45.148596 | M33: =M32+L33 -> 1128.5797 | N33: =+Efficiency1!C128 -> 40.970561 | O33: =O32+N33 -> 1086.2201 | P33: ='25'!I38 -> 36.556 | Q33: =Q32+P33 -> 1006.705 | R33: ='25'!I40 -> 34.483 | S33: =S32+R33 -> 964.952 | T33: =+AX33 -> 0 | U33: =T33+U32 -> 121708.71 | V33: =T33/P33 -> 0 | W33: =U33/Q33 -> 120.89809 | X33: =IF(AND(R33>0,T33>0),(T33/(R33*1000))*1000,0) -> 0 | Y33: =IF(AND(S33>0,U33>0),U33/S33,0) -> 126.12929 | Z33: 49.6 | AA33: =Z33+AA32 -> 1295.5 | AB33: =Z33/(P33) -> 1.3568224 | AC33: =AA33/(Q33) -> 1.2868715 | AD33: =IF(AND(R33>0,Z33>0),Z33/(R33),0) -> 1.4383899 | AE33: =IF(AND(S33>0,AA33>0),AA33/(S33),0) -> 1.3425538 | AF33: =+'25'!I46 -> 35651.6 | AG33: =AF33+AG32 -> 941241.42 | AH33: =IF(AND(L33>0,AF33>0),(AF33/(P33*1000)*1000),0) -> 975.25988 | AI33: =IF(AND(M33>0,AG33>0),(AG33/(Q33*1000)*1000),0) -> 934.97243 | AJ33: =IF(AND(R33>0,AF33>0),(AF33/(R33*1000)*1000),0) -> 1033.8892 | AK33: =IF(AND(S33>0,AG33>0),(AG33/(S33*1000)*1000),0) -> 975.42823 | AL33: 4516.3 | AM33: 4379.5 | AN33: 3475.9 | AO33: =SUM(AL33:AN33) -> 12371.7 | AP33: =+[1]Jan!N29 -> 0 | AQ33: =+AP33-AO33 -> -12371.7 | AR33: =+AL33/AO33 -> 0.36505088 | AS33: =+AM33/AO33 -> 0.35399339 | AT33: =1-AR33-AS33 -> 0.28095573 | AU33: =+AR33*AQ33 -> -4516.3 | AV33: =+AS33*AQ33 -> -4379.5 | AW33: =+AT33*AQ33 -> -3475.9 | AX33: =+AL33+AU33 -> 0 | AY33: =+AM33+AV33 -> 0 | AZ33: =+AN33+AW33 -> 0 | BA33: =+Efficiency2!K128 -> 40.970561 | BB33: =BB32+BA33 -> 1078.8906 | BC33: =+R33/BA33 -> 0.8416531 | BD33: =+S33/BB33 -> 0.8943928
A34: =A33+1 -> 46048 | B34: Toilet | C34: 13 | D34: =+'26'!F42 -> 814.00438 | E34: =+'26'!G42 -> 618.64333 | F34: =1-(E34/D34) -> 0.24 | G34: =+P34/N34 -> 1.0226585 | H34: =+P34/L34 -> 0.67678737 | I34: =+R34/P34 -> 1.0527883 | J34: =+R34/L34 -> 0.71251384 | K34: =+S34/M34 -> 0.84953307 | L34: =+Efficiency1!K134 -> 45.148596 | M34: =M33+L34 -> 1173.7283 | N34: =+Efficiency1!C134 -> 29.878988 | O34: =O33+N34 -> 1116.0991 | P34: ='26'!I38 -> 30.556 | Q34: =Q33+P34 -> 1037.261 | R34: ='26'!I40 -> 32.169 | S34: =S33+R34 -> 997.121 | T34: =+AX34 -> 1540.5817 | U34: =T34+U33 -> 123249.29 | V34: =T34/P34 -> 50.418305 | W34: =U34/Q34 -> 118.82187 | X34: =IF(AND(R34>0,T34>0),(T34/(R34*1000))*1000,0) -> 47.890258 | Y34: =IF(AND(S34>0,U34>0),U34/S34,0) -> 123.60515 | Z34: 51.7 | AA34: =Z34+AA33 -> 1347.2 | AB34: =Z34/(P34) -> 1.6919754 | AC34: =AA34/(Q34) -> 1.2988052 | AD34: =IF(AND(R34>0,Z34>0),Z34/(R34),0) -> 1.6071373 | AE34: =IF(AND(S34>0,AA34>0),AA34/(S34),0) -> 1.3510898 | AF34: ='26'!I46 -> 31840.26 | AG34: =AF34+AG33 -> 973081.68 | AH34: =IF(AND(L34>0,AF34>0),(AF34/(P34*1000)*1000),0) -> 1042.0297 | AI34: =IF(AND(M34>0,AG34>0),(AG34/(Q34*1000)*1000),0) -> 938.12616 | AJ34: =IF(AND(R34>0,AF34>0),(AF34/(R34*1000)*1000),0) -> 989.78084 | AK34: =IF(AND(S34>0,AG34>0),(AG34/(S34*1000)*1000),0) -> 975.89127 | AL34: 2566.2 | AM34: 1221.1 | AN34: 3776.8 | AO34: =SUM(AL34:AN34) -> 7564.1 | AP34: =+[1]Jan!N30 -> 4541 | AQ34: =+AP34-AO34 -> -3023.1 | AR34: =+AL34/AO34 -> 0.33926045 | AS34: =+AM34/AO34 -> 0.16143361 | AT34: =1-AR34-AS34 -> 0.49930593 | AU34: =+AR34*AQ34 -> -1025.6183 | AV34: =+AS34*AQ34 -> -488.02996 | AW34: =+AT34*AQ34 -> -1509.4518 | AX34: =+AL34+AU34 -> 1540.5817 | AY34: =+AM34+AV34 -> 733.07004 | AZ34: =+AN34+AW34 -> 2267.3482 | BA34: =+Efficiency2!K134 -> 28.447286 | BB34: =BB33+BA34 -> 1107.3379 | BC34: =+R34/BA34 -> 1.1308284 | BD34: =+S34/BB34 -> 0.90046678
A35: =A34+1 -> 46049 | B35: Toilet | C35: 13 | D35: =+'27'!F42 -> 798.38889 | E35: =+'27'!G42 -> 606.77556 | F35: =1-(E35/D35) -> 0.24 | G35: =+P35/N35 -> 1.003692 | H35: =+P35/L35 -> 0.65149312 | I35: =+R35/P35 -> 0.95903311 | J35: =+R35/L35 -> 0.62480348 | K35: =+S35/M35 -> 0.84120883 | L35: =+Efficiency1!K140 -> 45.148596 | M35: =M34+L35 -> 1218.8769 | N35: =+Efficiency1!C140 -> 29.305803 | O35: =O34+N35 -> 1145.4049 | P35: ='27'!I38 -> 29.414 | Q35: =Q34+P35 -> 1066.675 | R35: ='27'!I40 -> 28.209 | S35: =S34+R35 -> 1025.33 | T35: =+AX35 -> 2226.685 | U35: =T35+U34 -> 125475.97 | V35: =T35/P35 -> 75.701537 | W35: =U35/Q35 -> 117.63281 | X35: =IF(AND(R35>0,T35>0),(T35/(R35*1000))*1000,0) -> 78.93527 | Y35: =IF(AND(S35>0,U35>0),U35/S35,0) -> 122.37618 | Z35: 52.1 | AA35: =Z35+AA34 -> 1399.3 | AB35: =Z35/(P35) -> 1.7712654 | AC35: =AA35/(Q35) -> 1.3118335 | AD35: =IF(AND(R35>0,Z35>0),Z35/(R35),0) -> 1.8469283 | AE35: =IF(AND(S35>0,AA35>0),AA35/(S35),0) -> 1.3647314 | AF35: ='27'!I46 -> 35303.02 | AG35: =AF35+AG34 -> 1008384.7 | AH35: =IF(AND(L35>0,AF35>0),(AF35/(P35*1000)*1000),0) -> 1200.2115 | AI35: =IF(AND(M35>0,AG35>0),(AG35/(Q35*1000)*1000),0) -> 945.35327 | AJ35: =IF(AND(R35>0,AF35>0),(AF35/(R35*1000)*1000),0) -> 1251.4807 | AK35: =IF(AND(S35>0,AG35>0),(AG35/(S35*1000)*1000),0) -> 983.47332 | AL35: 2278.6 | AM35: 561.7 | AN35: 3642.4 | AO35: =SUM(AL35:AN35) -> 6482.7 | AP35: =+[1]Jan!N31 -> 6335 | AQ35: =+AP35-AO35 -> -147.7 | AR35: =+AL35/AO35 -> 0.35148935 | AS35: =+AM35/AO35 -> 0.086645996 | AT35: =1-AR35-AS35 -> 0.56186466 | AU35: =+AR35*AQ35 -> -51.914977 | AV35: =+AS35*AQ35 -> -12.797614 | AW35: =+AT35*AQ35 -> -82.98741 | AX35: =+AL35+AU35 -> 2226.685 | AY35: =+AM35+AV35 -> 548.90239 | AZ35: =+AN35+AW35 -> 3559.4126 | BA35: =+Efficiency2!K140 -> 29.305803 | BB35: =BB34+BA35 -> 1136.6437 | BC35: =+R35/BA35 -> 0.96257386 | BD35: =+S35/BB35 -> 0.90206807
A36: =A35+1 -> 46050 | B36: Toilet | C36: 13 | D36: =+'28'!F42 -> 741.11111 | E36: =+'28'!G42 -> 563.24444 | F36: =1-(E36/D36) -> 0.24 | G36: =+P36/N36 -> 0.97256387 | H36: =+P36/L36 -> 0.58599828 | I36: =+R36/P36 -> 1.0075216 | J36: =+R36/L36 -> 0.59040595 | K36: =+S36/M36 -> 0.83225063 | L36: =+Efficiency1!K145 -> 45.148596 | M36: =M35+L36 -> 1264.0255 | N36: =+Efficiency1!C145 -> 27.203355 | O36: =O35+N36 -> 1172.6082 | P36: ='28'!I38 -> 26.457 | Q36: =Q35+P36 -> 1093.132 | R36: ='28'!I40 -> 26.656 | S36: =S35+R36 -> 1051.986 | T36: =+AX36 -> 1820.7379 | U36: =T36+U35 -> 127296.71 | V36: =T36/P36 -> 68.81876 | W36: =U36/Q36 -> 116.45136 | X36: =IF(AND(R36>0,T36>0),(T36/(R36*1000))*1000,0) -> 68.304995 | Y36: =IF(AND(S36>0,U36>0),U36/S36,0) -> 121.00609 | Z36: 48 | AA36: =Z36+AA35 -> 1447.3 | AB36: =Z36/(P36) -> 1.8142647 | AC36: =AA36/(Q36) -> 1.3239938 | AD36: =IF(AND(R36>0,Z36>0),Z36/(R36),0) -> 1.8007203 | AE36: =IF(AND(S36>0,AA36>0),AA36/(S36),0) -> 1.3757788 | AF36: ='28'!I46 -> 34063.18 | AG36: =AF36+AG35 -> 1042447.9 | AH36: =IF(AND(L36>0,AF36>0),(AF36/(P36*1000)*1000),0) -> 1287.4922 | AI36: =IF(AND(M36>0,AG36>0),(AG36/(Q36*1000)*1000),0) -> 953.63404 | AJ36: =IF(AND(R36>0,AF36>0),(AF36/(R36*1000)*1000),0) -> 1277.8804 | AK36: =IF(AND(S36>0,AG36>0),(AG36/(S36*1000)*1000),0) -> 990.93323 | AL36: 1868.9 | AM36: 771.6 | AN36: 3350.9 | AO36: =SUM(AL36:AN36) -> 5991.4 | AP36: =+[1]Jan!N32 -> 5837 | AQ36: =+AP36-AO36 -> -154.4 | AR36: =+AL36/AO36 -> 0.31193043 | AS36: =+AM36/AO36 -> 0.12878459 | AT36: =1-AR36-AS36 -> 0.55928498 | AU36: =+AR36*AQ36 -> -48.162059 | AV36: =+AS36*AQ36 -> -19.884341 | AW36: =+AT36*AQ36 -> -86.3536 | AX36: =+AL36+AU36 -> 1820.7379 | AY36: =+AM36+AV36 -> 751.71566 | AZ36: =+AN36+AW36 -> 3264.5464 | BA36: =+Efficiency2!K145 -> 27.203355 | BB36: =BB35+BA36 -> 1163.8471 | BC36: =+R36/BA36 -> 0.97987914 | BD36: =+S36/BB36 -> 0.9038868
A37: =A36+1 -> 46051 | B37: Toilet | C37: 13/12,5 | D37: =+'29'!F42 -> 759.58333 | E37: =+'29'!G42 -> 577.28333 | F37: =1-(E37/D37) -> 0.24 | G37: =+P37/N37 -> 1.0270225 | H37: =+P37/L37 -> 0.63335854 | I37: =+R37/P37 -> 1.0161319 | J37: =+R37/L37 -> 0.64357584 | K37: =+S37/M37 -> 0.8259525 | L37: =+SUM(Efficiency1!K150:K151) -> 43.651421 | M37: =M36+L37 -> 1307.6769 | N37: =+SUM(Efficiency1!C150:C151) -> 26.919565 | O37: =O36+N37 -> 1199.5278 | P37: ='29'!I38 -> 27.647 | Q37: =Q36+P37 -> 1120.779 | R37: ='29'!I40 -> 28.093 | S37: =S36+R37 -> 1080.079 | T37: =+AX37 -> 2272.2948 | U37: =T37+U36 -> 129569.01 | V37: =T37/P37 -> 82.189563 | W37: =U37/Q37 -> 115.6062 | X37: =IF(AND(R37>0,T37>0),(T37/(R37*1000))*1000,0) -> 80.884734 | Y37: =IF(AND(S37>0,U37>0),U37/S37,0) -> 119.96253 | Z37: 48.2 | AA37: =Z37+AA36 -> 1495.5 | AB37: =Z37/(P37) -> 1.743408 | AC37: =AA37/(Q37) -> 1.3343398 | AD37: =IF(AND(R37>0,Z37>0),Z37/(R37),0) -> 1.7157299 | AE37: =IF(AND(S37>0,AA37>0),AA37/(S37),0) -> 1.3846209 | AF37: ='29'!I46 -> 34150.74 | AG37: =AF37+AG36 -> 1076598.6 | AH37: =IF(AND(L37>0,AF37>0),(AF37/(P37*1000)*1000),0) -> 1235.2422 | AI37: =IF(AND(M37>0,AG37>0),(AG37/(Q37*1000)*1000),0) -> 960.58065 | AJ37: =IF(AND(R37>0,AF37>0),(AF37/(R37*1000)*1000),0) -> 1215.6317 | AK37: =IF(AND(S37>0,AG37>0),(AG37/(S37*1000)*1000),0) -> 996.77766 | AL37: 2325.4 | AM37: 758.8 | AN37: 3668 | AO37: =SUM(AL37:AN37) -> 6752.2 | AP37: =+[1]Jan!N33 -> 6598 | AQ37: =+AP37-AO37 -> -154.2 | AR37: =+AL37/AO37 -> 0.34439146 | AS37: =+AM37/AO37 -> 0.11237819 | AT37: =1-AR37-AS37 -> 0.54323035 | AU37: =+AR37*AQ37 -> -53.105163 | AV37: =+AS37*AQ37 -> -17.328717 | AW37: =+AT37*AQ37 -> -83.766121 | AX37: =+AL37+AU37 -> 2272.2948 | AY37: =+AM37+AV37 -> 741.47128 | AZ37: =+AN37+AW37 -> 3584.2339 | BA37: =+SUM(Efficiency2!K150:K151) -> 26.919565 | BB37: =BB36+BA37 -> 1190.7666 | BC37: =+R37/BA37 -> 1.0435904 | BD37: =+S37/BB37 -> 0.90704507
A38: =A37+1 -> 46052 | B38: Toilet | C38: 12,5 | D38: =+'30'!F42 -> 1005.4286 | E38: =+'30'!G42 -> 764.12571 | F38: =1-(E38/D38) -> 0.24 | G38: =+P38/N38 -> 0.99900846 | H38: =+P38/L38 -> 0.8166111 | I38: =+R38/P38 -> 0.95098931 | J38: =+R38/L38 -> 0.77658843 | K38: =+S38/M38 -> 0.82437827 | L38: =+Efficiency1!K155 -> 43.075584 | M38: =M37+L38 -> 1350.7525 | N38: =+Efficiency1!C155 -> 35.210913 | O38: =O37+N38 -> 1234.7387 | P38: ='30'!I38 -> 35.176 | Q38: =Q37+P38 -> 1155.955 | R38: ='30'!I40 -> 33.452 | S38: =S37+R38 -> 1113.531 | T38: =+AX38 -> 3435.5617 | U38: =T38+U37 -> 133004.57 | V38: =T38/P38 -> 97.667777 | W38: =U38/Q38 -> 115.06033 | X38: =IF(AND(R38>0,T38>0),(T38/(R38*1000))*1000,0) -> 102.70123 | Y38: =IF(AND(S38>0,U38>0),U38/S38,0) -> 119.44397 | Z38: 49.9 | AA38: =Z38+AA37 -> 1545.4 | AB38: =Z38/(P38) -> 1.4185809 | AC38: =AA38/(Q38) -> 1.3369033 | AD38: =IF(AND(R38>0,Z38>0),Z38/(R38),0) -> 1.4916896 | AE38: =IF(AND(S38>0,AA38>0),AA38/(S38),0) -> 1.3878374 | AF38: ='30'!I46 -> 35169.74 | AG38: =AF38+AG37 -> 1111768.4 | AH38: =IF(AND(L38>0,AF38>0),(AF38/(P38*1000)*1000),0) -> 999.82204 | AI38: =IF(AND(M38>0,AG38>0),(AG38/(Q38*1000)*1000),0) -> 961.77477 | AJ38: =IF(AND(R38>0,AF38>0),(AF38/(R38*1000)*1000),0) -> 1051.3494 | AK38: =IF(AND(S38>0,AG38>0),(AG38/(S38*1000)*1000),0) -> 998.41707 | AL38: 3558.7 | AM38: 3632.7 | AN38: 3157.7 | AO38: =SUM(AL38:AN38) -> 10349.1 | AP38: =+[1]Jan!N34 -> 9991 | AQ38: =+AP38-AO38 -> -358.1 | AR38: =+AL38/AO38 -> 0.34386565 | AS38: =+AM38/AO38 -> 0.35101603 | AT38: =1-AR38-AS38 -> 0.30511832 | AU38: =+AR38*AQ38 -> -123.13829 | AV38: =+AS38*AQ38 -> -125.69884 | AW38: =+AT38*AQ38 -> -109.26287 | AX38: =+AL38+AU38 -> 3435.5617 | AY38: =+AM38+AV38 -> 3507.0012 | AZ38: =+AN38+AW38 -> 3048.4371 | BA38: =+Efficiency2!K155 -> 35.210913 | BB38: =BB37+BA38 -> 1225.9775 | BC38: =+R38/BA38 -> 0.95004637 | BD38: =+S38/BB38 -> 0.90828009
A39: =A38+1 -> 46053 | B39: Toilet/Facial | C39: 12,5/13 | D39: =+'31'!F42 -> 1220.8861 | E39: =+'31'!G42 -> 927.87342 | F39: =1-(E39/D39) -> 0.24 | G39: =+P39/N39 -> 0.89113858 | H39: =+P39/L39 -> 0.88484103 | I39: =+R39/P39 -> 0.95426051 | J39: =+R39/L39 -> 0.84436885 | K39: =+S39/M39 -> 0.82500624 | L39: =+SUM(Efficiency1!K161:K162) -> 43.807869 | M39: =M38+L39 -> 1394.5604 | N39: =+SUM(Efficiency1!C161:C162) -> 43.498285 | O39: =O38+N39 -> 1278.237 | P39: ='31'!I38 -> 38.763 | Q39: =Q38+P39 -> 1194.718 | R39: ='31'!I40 -> 36.99 | S39: =S38+R39 -> 1150.521 | T39: =+AX39 -> 5669.1655 | U39: =T39+U38 -> 138673.73 | V39: =T39/P39 -> 146.25198 | W39: =U39/Q39 -> 116.07236 | X39: =IF(AND(R39>0,T39>0),(T39/(R39*1000))*1000,0) -> 153.26211 | Y39: =IF(AND(S39>0,U39>0),U39/S39,0) -> 120.53125 | Z39: 49.5 | AA39: =Z39+AA38 -> 1594.9 | AB39: =Z39/(P39) -> 1.2769909 | AC39: =AA39/(Q39) -> 1.3349594 | AD39: =IF(AND(R39>0,Z39>0),Z39/(R39),0) -> 1.3381995 | AE39: =IF(AND(S39>0,AA39>0),AA39/(S39),0) -> 1.3862415 | AF39: ='31'!I46 -> 35605.02 | AG39: =AF39+AG38 -> 1147373.4 | AH39: =IF(AND(L39>0,AF39>0),(AF39/(P39*1000)*1000),0) -> 918.53107 | AI39: =IF(AND(M39>0,AG39>0),(AG39/(Q39*1000)*1000),0) -> 960.37172 | AJ39: =IF(AND(R39>0,AF39>0),(AF39/(R39*1000)*1000),0) -> 962.55799 | AK39: =IF(AND(S39>0,AG39>0),(AG39/(S39*1000)*1000),0) -> 997.26418 | AL39: 5608 | AM39: 49.5 | AN39: 4345.4 | AO39: =SUM(AL39:AN39) -> 10002.9 | AP39: =+[1]Jan!N35 -> 10112 | AQ39: =+AP39-AO39 -> 109.1 | AR39: =+AL39/AO39 -> 0.56063742 | AS39: =+AM39/AO39 -> 0.0049485649 | AT39: =1-AR39-AS39 -> 0.43441402 | AU39: =+AR39*AQ39 -> 61.165542 | AV39: =+AS39*AQ39 -> 0.53988843 | AW39: =+AT39*AQ39 -> 47.39457 | AX39: =+AL39+AU39 -> 5669.1655 | AY39: =+AM39+AV39 -> 50.039888 | AZ39: =+AN39+AW39 -> 4392.7946 | BA39: =+SUM(Efficiency2!K161:K162) -> 43.807869 | BB39: =BB38+BA39 -> 1269.7854 | BC39: =+R39/BA39 -> 0.84436885 | BD39: =+S39/BB39 -> 0.90607514
G41: =+P41/N41 -> 0.93466081 | H41: =+P41/L41 -> 0.85669867 | I41: =+R41/P41 -> 0.96300633 | J41: =+R41/L41 -> 0.82500624 | L41: =SUM(L9:L39) -> 1394.5604 | N41: =SUM(N9:N39) -> 1278.237 | P41: =SUM(P9:P39) -> 1194.718 | R41: =SUM(R9:R39) -> 1150.521 | T41: =SUM(T9:T39) -> 138673.73 | V41: =T41/P41 -> 116.07236 | X41: =IF(AND(R41>0,T41>0),(T41/(R41*1000))*1000,0) -> 120.53125 | Z41: =SUM(Z9:Z40) -> 1594.9 | AB41: =Z41/P41 -> 1.3349594 | AD41: =Z41/R41 -> 1.3862415 | AF41: =SUM(AF9:AF39) -> 1147373.4 | AH41: =AF41/P41 -> 960.37172 | AJ41: =AF41/R41 -> 997.26418 | AP41: =SUM(AP9:AP40) -> 389304 | AX41: =SUM(AX9:AX39) -> 138673.73 | AY41: =SUM(AY9:AY39) -> 126174.99 | AZ41: =SUM(AZ9:AZ39) -> 124455.27 | BA41: =SUM(BA9:BA39) -> 1269.7854 | BC41: =+R41/BA41 -> 0.90607514
AY43: =SUM(AX41:AZ41) -> 389304

Sheet GRAFIK

Sheet Listrik
A2: MACHINE POWER CONSUMPTION (PER PANEL)
A4: Date | B4: PM (TON) | C4: FINSHED GOODS (TON) | P4: Total PM14
D5: Trafo (2500 A) | H5: Trafo (2500 B) | L5: Trafo (2500 A)
D6: KWH | E6: Consumption | F6: /TON PM | G6: /TON FG | H6: KWH | I6: Consumption | J6: /TON PM | K6: /TON FG | L6: KWH | M6: Consumption | N6: /TON PM | O6: /TON FG | P6: Consumption | Q6: /TON PM | R6: /TON FG
A7: =A8-1 -> 46022 | B7: 0 | C7: 0
A8: =+Report1!A9 -> 46023 | B8: =+Report1!P9 -> 39.062 | C8: =+Report1!R9 -> 39.266 | D8: =+D7+E8 -> 4700 | E8: =+[3]DailyJan!AH7 -> 4700 | F8: =E8/B8 -> 120.32154 | G8: =E8/C8 -> 119.69643 | H8: =+H7+I8 -> 6800.64 | I8: =+[3]DailyJan!AI7 -> 6800.64 | J8: =I8/B8 -> 174.09861 | K8: =I8/C8 -> 173.19411 | L8: =+L7+M8 -> 26960.64 | M8: =+[3]DailyJan!AJ7 -> 26960.64 | N8: =M8/B8 -> 690.20122 | O8: =M8/C8 -> 686.61539 | P8: =+E8+I8+M8 -> 38461.28 | Q8: =P8/B8 -> 984.62137 | R8: =P8/C8 -> 979.50593 | V8: Off Reel | W8: Off Rewinder
A9: =+Report1!A10 -> 46024 | B9: =+Report1!P10 -> 38.976 | C9: =+Report1!R10 -> 36.225 | D9: =+D8+E9 -> 9000 | E9: =+[3]DailyJan!AH8 -> 4300 | F9: =E9/B9 -> 110.3243 | G9: =E9/C9 -> 118.70255 | H9: =+H8+I9 -> 14626.04 | I9: =+[3]DailyJan!AI8 -> 7825.4 | J9: =I9/B9 -> 200.77484 | K9: =I9/C9 -> 216.02208 | L9: =+L8+M9 -> 54946.04 | M9: =+[3]DailyJan!AJ8 -> 27985.4 | N9: =M9/B9 -> 718.01622 | O9: =M9/C9 -> 772.54382 | P9: =+E9+I9+M9 -> 40110.8 | Q9: =P9/B9 -> 1029.1154 | R9: =P9/C9 -> 1107.2685 | V9: Off Reel | W9: Off Rewinder
A10: =+Report1!A11 -> 46025 | B10: =+Report1!P11 -> 38.979 | C10: =+Report1!R11 -> 38.096 | D10: =+D9+E10 -> 13100 | E10: =+[3]DailyJan!AH9 -> 4100 | F10: =E10/B10 -> 105.18484 | G10: =E10/C10 -> 107.62285 | H10: =+H9+I10 -> 21944.32 | I10: =+[3]DailyJan!AI9 -> 7318.28 | J10: =I10/B10 -> 187.7493 | K10: =I10/C10 -> 192.10101 | L10: =+L9+M10 -> 81424.32 | M10: =+[3]DailyJan!AJ9 -> 26478.28 | N10: =M10/B10 -> 679.29603 | O10: =M10/C10 -> 695.04095 | P10: =+E10+I10+M10 -> 37896.56 | Q10: =P10/B10 -> 972.23018 | R10: =P10/C10 -> 994.7648 | V10: Off Reel | W10: Off Rewinder
A11: =+Report1!A12 -> 46026 | B11: =+Report1!P12 -> 39.434 | C11: =+Report1!R12 -> 37.954 | D11: =+D10+E11 -> 17500 | E11: =+[3]DailyJan!AH10 -> 4400 | F11: =E11/B11 -> 111.57884 | G11: =E11/C11 -> 115.92981 | H11: =+H10+I11 -> 30187.82 | I11: =+[3]DailyJan!AI10 -> 8243.5 | J11: =I11/B11 -> 209.04549 | K11: =I11/C11 -> 217.19713 | L11: =+L10+M11 -> 108827.82 | M11: =+[3]DailyJan!AJ10 -> 27403.5 | N11: =M11/B11 -> 694.92063 | O11: =M11/C11 -> 722.01876 | P11: =+E11+I11+M11 -> 40047 | Q11: =P11/B11 -> 1015.545 | R11: =P11/C11 -> 1055.1457 | V11: Off Reel | W11: Off Rewinder
A12: =+Report1!A13 -> 46027 | B12: =+Report1!P13 -> 41.803 | C12: =+Report1!R13 -> 40.939 | D12: =+D11+E12 -> 21700 | E12: =+[3]DailyJan!AH11 -> 4200 | F12: =E12/B12 -> 100.47126 | G12: =E12/C12 -> 102.59166 | H12: =+H11+I12 -> 36651.71 | I12: =+[3]DailyJan!AI11 -> 6463.89 | J12: =I12/B12 -> 154.62742 | K12: =I12/C12 -> 157.89076 | L12: =+L11+M12 -> 135451.71 | M12: =+[3]DailyJan!AJ11 -> 26623.89 | N12: =M12/B12 -> 636.88946 | O12: =M12/C12 -> 650.33074 | P12: =+E12+I12+M12 -> 37287.78 | Q12: =P12/B12 -> 891.98813 | R12: =P12/C12 -> 910.81316 | V12: Off Reel | W12: Off Rewinder
A13: =+Report1!A14 -> 46028 | B13: =+Report1!P14 -> 40.861 | C13: =+Report1!R14 -> 36.617 | D13: =+D12+E13 -> 26100 | E13: =+[3]DailyJan!AH12 -> 4400 | F13: =E13/B13 -> 107.68214 | G13: =E13/C13 -> 120.16277 | H13: =+H12+I13 -> 45300.9 | I13: =+[3]DailyJan!AI12 -> 8649.19 | J13: =I13/B13 -> 211.67348 | K13: =I13/C13 -> 236.20695 | L13: =+L12+M13 -> 163260.9 | M13: =+[3]DailyJan!AJ12 -> 27809.19 | N13: =M13/B13 -> 680.58026 | O13: =M13/C13 -> 759.46118 | P13: =+E13+I13+M13 -> 40858.38 | Q13: =P13/B13 -> 999.93588 | R13: =P13/C13 -> 1115.8309 | V13: Off Reel | W13: Off Rewinder
A14: =+Report1!A15 -> 46029 | B14: =+Report1!P15 -> 39.362 | C14: =+Report1!R15 -> 37.741 | D14: =+D13+E14 -> 30600 | E14: =+[3]DailyJan!AH13 -> 4500 | F14: =E14/B14 -> 114.32346 | G14: =E14/C14 -> 119.23372 | H14: =+H13+I14 -> 53549.62 | I14: =+[3]DailyJan!AI13 -> 8248.72 | J14: =I14/B14 -> 209.56049 | K14: =I14/C14 -> 218.56125 | L14: =+L13+M14 -> 191669.62 | M14: =+[3]DailyJan!AJ13 -> 28408.72 | N14: =M14/B14 -> 721.72959 | O14: =M14/C14 -> 752.72833 | P14: =+E14+I14+M14 -> 41157.44 | Q14: =P14/B14 -> 1045.6135 | R14: =P14/C14 -> 1090.5233 | V14: Off Reel | W14: Off Rewinder
A15: =+Report1!A16 -> 46030 | B15: =+Report1!P16 -> 37.32 | C15: =+Report1!R16 -> 36.515 | D15: =+D14+E15 -> 35100 | E15: =+[3]DailyJan!AH14 -> 4500 | F15: =E15/B15 -> 120.57878 | G15: =E15/C15 -> 123.23703 | H15: =+H14+I15 -> 60354.19 | I15: =+[3]DailyJan!AI14 -> 6804.57 | J15: =I15/B15 -> 182.33039 | K15: =I15/C15 -> 186.34999 | L15: =+L14+M15 -> 217634.19 | M15: =+[3]DailyJan!AJ14 -> 25964.57 | N15: =M15/B15 -> 695.72803 | O15: =M15/C15 -> 711.06586 | P15: =+E15+I15+M15 -> 37269.14 | Q15: =P15/B15 -> 998.63719 | R15: =P15/C15 -> 1020.6529 | V15: Off Reel | W15: Off Rewinder
A16: =+Report1!A17 -> 46031 | B16: =+Report1!P17 -> 25.249 | C16: =+Report1!R17 -> 25.311 | D16: =+D15+E16 -> 38200 | E16: =+[3]DailyJan!AH15 -> 3100 | F16: =E16/B16 -> 122.77714 | G16: =E16/C16 -> 122.47639 | H16: =+H15+I16 -> 65050.37 | I16: =+[3]DailyJan!AI15 -> 4696.18 | J16: =I16/B16 -> 185.99469 | K16: =I16/C16 -> 185.53909 | L16: =+L15+M16 -> 234490.37 | M16: =+[3]DailyJan!AJ15 -> 16856.18 | N16: =M16/B16 -> 667.59792 | O16: =M16/C16 -> 665.96262 | P16: =+E16+I16+M16 -> 24652.36 | Q16: =P16/B16 -> 976.36976 | R16: =P16/C16 -> 973.97811 | V16: Off Reel | W16: Off Rewinder
A17: =+Report1!A18 -> 46032 | B17: =+Report1!P18 -> 35.371 | C17: =+Report1!R18 -> 31.188 | D17: =+D16+E17 -> 42300 | E17: =+[3]DailyJan!AH16 -> 4100 | F17: =E17/B17 -> 115.91417 | G17: =E17/C17 -> 131.46082 | H17: =+H16+I17 -> 70794.6 | I17: =+[3]DailyJan!AI16 -> 5744.23 | J17: =I17/B17 -> 162.39942 | K17: =I17/C17 -> 184.18077 | L17: =+L16+M17 -> 257394.6 | M17: =+[3]DailyJan!AJ16 -> 22904.23 | N17: =M17/B17 -> 647.54262 | O17: =M17/C17 -> 734.39239 | P17: =+E17+I17+M17 -> 32748.46 | Q17: =P17/B17 -> 925.85621 | R17: =P17/C17 -> 1050.034 | V17: Off Reel | W17: Off Rewinder
A18: =+Report1!A19 -> 46033 | B18: =+Report1!P19 -> 43.921 | C18: =+Report1!R19 -> 45.264 | D18: =+D17+E18 -> 46700 | E18: =+[3]DailyJan!AH17 -> 4400 | F18: =E18/B18 -> 100.17987 | G18: =E18/C18 -> 97.207494 | H18: =+H17+I18 -> 79776.77 | I18: =+[3]DailyJan!AI17 -> 8982.17 | J18: =I18/B18 -> 204.50741 | K18: =I18/C18 -> 198.4396 | L18: =+L17+M18 -> 283536.77 | M18: =+[3]DailyJan!AJ17 -> 26142.17 | N18: =M18/B18 -> 595.2089 | O18: =M18/C18 -> 577.54882 | P18: =+E18+I18+M18 -> 39524.34 | Q18: =P18/B18 -> 899.89618 | R18: =P18/C18 -> 873.19592 | V18: Off Reel | W18: Off Rewinder
A19: =+Report1!A20 -> 46034 | B19: =+Report1!P20 -> 40.609 | C19: =+Report1!R20 -> 38.9 | D19: =+D18+E19 -> 51300 | E19: =+[3]DailyJan!AH18 -> 4600 | F19: =E19/B19 -> 113.27538 | G19: =E19/C19 -> 118.25193 | H19: =+H18+I19 -> 87243.21 | I19: =+[3]DailyJan!AI18 -> 7466.44 | J19: =I19/B19 -> 183.86171 | K19: =I19/C19 -> 191.93933 | L19: =+L18+M19 -> 310163.21 | M19: =+[3]DailyJan!AJ18 -> 26626.44 | N19: =M19/B19 -> 655.6783 | O19: =M19/C19 -> 684.48432 | P19: =+E19+I19+M19 -> 38692.88 | Q19: =P19/B19 -> 952.81539 | R19: =P19/C19 -> 994.67558 | V19: Off Reel | W19: Off Rewinder
... A33: =+Report1!A34 -> 46048 | B33: =+Report1!P34 -> 30.556 | C33: =+Report1!R34 -> 32.169 | D33: =+D32+E33 -> 113600 | E33: =+[3]DailyJan!AH32 -> 4300 | F33: =E33/B33 -> 140.72523 | G33: =E33/C33 -> 133.66906 | H33: =+H32+I33 -> 191160.84 | I33: =+[3]DailyJan!AI32 -> 4690.13 | J33: =I33/B33 -> 153.49293 | K33: =I33/C33 -> 145.79657 | L33: =+L32+M33 -> 668320.84 | M33: =+[3]DailyJan!AJ32 -> 22850.13 | N33: =M33/B33 -> 747.81156 | O33: =M33/C33 -> 710.31521 | P33: =+E33+I33+M33 -> 31840.26 | Q33: =P33/B33 -> 1042.0297 | R33: =P33/C33 -> 989.78084 | V33: Off Reel | W33: Off Rewinder
A34: =+Report1!A35 -> 46049 | B34: =+Report1!P35 -> 29.414 | C34: =+Report1!R35 -> 28.209 | D34: =+D33+E34 -> 118000 | E34: =+[3]DailyJan!AH33 -> 4400 | F34: =E34/B34 -> 149.58863 | G34: =E34/C34 -> 155.97859 | H34: =+H33+I34 -> 197032.35 | I34: =+[3]DailyJan!AI33 -> 5871.51 | J34: =I34/B34 -> 199.61617 | K34: =I34/C34 -> 208.14315 | L34: =+L33+M34 -> 693352.35 | M34: =+[3]DailyJan!AJ33 -> 25031.51 | N34: =M34/B34 -> 851.00666 | O34: =M34/C34 -> 887.359 | P34: =+E34+I34+M34 -> 35303.02 | Q34: =P34/B34 -> 1200.2115 | R34: =P34/C34 -> 1251.4807
A35: =+Report1!A36 -> 46050 | B35: =+Report1!P36 -> 26.457 | C35: =+Report1!R36 -> 26.656 | D35: =+D34+E35 -> 122600 | E35: =+[3]DailyJan!AH34 -> 4600 | F35: =E35/B35 -> 173.86703 | G35: =E35/C35 -> 172.56903 | H35: =+H34+I35 -> 202183.94 | I35: =+[3]DailyJan!AI34 -> 5151.59 | J35: =I35/B35 -> 194.71558 | K35: =I35/C35 -> 193.26193 | L35: =+L34+M35 -> 717663.94 | M35: =+[3]DailyJan!AJ34 -> 24311.59 | N35: =M35/B35 -> 918.90955 | O35: =M35/C35 -> 912.04944 | P35: =+E35+I35+M35 -> 34063.18 | Q35: =P35/B35 -> 1287.4922 | R35: =P35/C35 -> 1277.8804
A36: =+Report1!A37 -> 46051 | B36: =+Report1!P37 -> 27.647 | C36: =+Report1!R37 -> 28.093 | D36: =+D35+E36 -> 127200 | E36: =+[3]DailyJan!AH35 -> 4600 | F36: =E36/B36 -> 166.38333 | G36: =E36/C36 -> 163.74186 | H36: =+H35+I36 -> 207379.31 | I36: =+[3]DailyJan!AI35 -> 5195.37 | J36: =I36/B36 -> 187.91804 | K36: =I36/C36 -> 184.93468 | L36: =+L35+M36 -> 742019.31 | M36: =+[3]DailyJan!AJ35 -> 24355.37 | N36: =M36/B36 -> 880.94079 | O36: =M36/C36 -> 866.95511 | P36: =+E36+I36+M36 -> 34150.74 | Q36: =P36/B36 -> 1235.2422 | R36: =P36/C36 -> 1215.6317
A37: =+Report1!A38 -> 46052 | B37: =+Report1!P38 -> 35.176 | C37: =+Report1!R38 -> 33.452 | D37: =+D36+E37 -> 131700 | E37: =+[3]DailyJan!AH36 -> 4500 | F37: =E37/B37 -> 127.92813 | G37: =E37/C37 -> 134.5211 | H37: =+H36+I37 -> 214134.18 | I37: =+[3]DailyJan!AI36 -> 6754.87 | J37: =I37/B37 -> 192.03065 | K37: =I37/C37 -> 201.92724 | L37: =+L36+M37 -> 765934.18 | M37: =+[3]DailyJan!AJ36 -> 23914.87 | N37: =M37/B37 -> 679.86326 | O37: =M37/C37 -> 714.90105 | P37: =+E37+I37+M37 -> 35169.74 | Q37: =P37/B37 -> 999.82204 | R37: =P37/C37 -> 1051.3494
A38: =+Report1!A39 -> 46053 | B38: =+Report1!P39 -> 38.763 | C38: =+Report1!R39 -> 36.99 | D38: =+D37+E38 -> 136200 | E38: =+[3]DailyJan!AH37 -> 4500 | F38: =E38/B38 -> 116.09009 | G38: =E38/C38 -> 121.6545 | H38: =+H37+I38 -> 220606.69 | I38: =+[3]DailyJan!AI37 -> 6472.51 | J38: =I38/B38 -> 166.9765 | K38: =I38/C38 -> 174.97999 | L38: =+L37+M38 -> 790566.69 | M38: =+[3]DailyJan!AJ37 -> 24632.51 | N38: =M38/B38 -> 635.46449 | O38: =M38/C38 -> 665.92349 | P38: =+E38+I38+M38 -> 35605.02 | Q38: =P38/B38 -> 918.53107 | R38: =P38/C38 -> 962.55799
A40: TOTAL | B40: =SUM(B8:B38) -> 1194.718 | C40: =SUM(C8:C38) -> 1150.521 | E40: =SUM(E8:E39) -> 136200 | F40: =E40/B40 -> 114.0018 | G40: =E40/C40 -> 118.38115 | I40: =SUM(I8:I39) -> 220606.69 | J40: =I40/B40 -> 184.65168 | K40: =I40/C40 -> 191.74504 | M40: =SUM(M8:M39) -> 790566.69 | N40: =M40/B40 -> 661.71824 | O40: =M40/C40 -> 687.13799 | P40: =+E40+I40+M40 -> 1147373.4 | Q40: =P40/B40 -> 960.37172 | R40: =P40/C40 -> 997.26418
P42: -1320860.8

Sheet Trim Rwd
A1: PM 14 | B1: =+Report1!A9 -> 46023
A3: Tgl | B3: Grade | C3: Ply | D3: Kombinasi Pot. | E3: Lebar Trim | F3: Jml Turunan | G3: Lebar x Turunan | H3: Rata-rata | I3: PHP PM
A4: =+B1 -> 46023 | B4: T 13 | C4: 1 | D4: 129*2 | E4: =129*2 -> 258 | F4: =150/2 -> 75 | G4: =+E4*F4 -> 19350 | H4: =+SUM(G4/F4) -> 258 | I4: =+'1'!I38 -> 39.062
A6: 46024 | B6: T 13 | C6: 1 | D6: 129*2 | E6: =129*2 -> 258 | F6: =138/2 -> 69 | G6: =+E6*F6 -> 17802 | H6: =+SUM(G6/F6) -> 258 | I6: =+'2'!I38 -> 38.976
A8: 46025 | B8: T 13 | C8: 1 | D8: 129*2 | E8: =129*2 -> 258 | F8: 7 | G8: =+E8*F8 -> 1806 | H8: =+SUM(G8/F8) -> 258 | I8: =+'3'!I38 -> 38.979
B9: F 12 | C9: 1 | D9: 140+122,5 | E9: =140+122.5 -> 262.5 | F9: =110/2 -> 55 | G9: =+E9*F9 -> 14437.5 | H9: =+SUM(G9/F9) -> 262.5
A11: 46026 | B11: F 12 | C11: 1 | D11: 140+122,5 | E11: =140+122.5 -> 262.5 | F11: =148/2 -> 74 | G11: =+E11*F11 -> 19425 | H11: =+SUM(G11/F11) -> 262.5 | I11: =+'4'!I38 -> 39.434
A13: 46027 | B13: F 12 | C13: 1 | D13: 140+122,5 | E13: =140+122.5 -> 262.5 | F13: 5 | G13: =+E13*F13 -> 1312.5 | H13: =+SUM(G13/F13) -> 262.5 | I13: =+'5'!I38 -> 41.803
B14: F 13,5 | C14: 1 | D14: 133*2 | E14: =133*2 -> 266 | F14: 13 | G14: =+E14*F14 -> 3458 | H14: =+SUM(G14/F14) -> 266
B15: F 12,5 | C15: 1 | D15: 133*2 | E15: =133*2 -> 266 | F15: 45 | G15: =+E15*F15 -> 11970 | H15: =+SUM(G15/F15) -> 266
A17: 46028 | B17: F 12,5 | C17: 1 | D17: 133*2 | E17: =133*2 -> 266 | F17: 46 | G17: =+E17*F17 -> 12236 | H17: =+SUM(G17/F17) -> 266 | I17: =+'6'!I38 -> 40.861
B18: F 12 | C18: 1 | D18: 180+77,5 | E18: =180+77.5 -> 257.5 | F18: 20 | G18: =+E18*F18 -> 5150 | H18: =+SUM(G18/F18) -> 257.5
A20: 46029 | B20: F 12 | C20: 1 | D20: 180+77,5 | E20: =180+77.5 -> 257.5 | F20: =132/2 -> 66 | G20: =+E20*F20 -> 16995 | H20: =+SUM(G20/F20) -> 257.5 | I20: =+'7'!I38 -> 39.362
A22: 46030 | B22: F 12 | C22: 1 | D22: 180+77,5 | E22: =180+77.5 -> 257.5 | F22: =13+10+13+3 -> 39 | G22: =+E22*F22 -> 10042.5 | H22: =+SUM(F22*E22+F23*E23)/SUM(F22:F23) -> 258.58696 | I22: =+'8'!I38 -> 37.32
B23: F 12 | C23: 1 | D23: 120+140 | E23: =120+140 -> 260 | F23: =6+13+9+2 -> 30 | G23: =+E23*F23 -> 7800
A25: 46031 | B25: F 12 | C25: 1 | D25: 120+140 | E25: =120+140 -> 260 | F25: =13+6 -> 19 | G25: =+E25*F25 -> 4940 | H25: =+SUM(F25*E25+F26*E26)/SUM(F25:F26) -> 260.3 | I25: =+'9'!I38 -> 25.249
B26: F 12 | C26: 1 | D26: 133*2 | E26: =133*2 -> 266 | F26: 1 | G26: =+E26*F26 -> 266
B27: F 13,5 | C27: 1 | D27: 133*2 | E27: =133*2 -> 266 | F27: =13+12+3 -> 28 | G27: =+E27*F27 -> 7448 | H27: =+SUM(G27/F27) -> 266
A29: 46032 | B29: F 13,5 | C29: 1 | D29: 133*2 | E29: =133*2 -> 266 | F29: =88/2 -> 44 | G29: =+E29*F29 -> 11704 | H29: =+SUM(G29/F29) -> 266 | I29: =+'10'!I38 -> 35.371
B30: F 12 | C30: 1 | D30: 133*2 | E30: =133*2 -> 266 | F30: =22/2 -> 11 | G30: =+E30*F30 -> 2926 | H30: =+SUM(G30/F30) -> 266
A32: 46033 | B32: F 13,5 | C32: 1 | D32: 133*2 | E32: =133*2 -> 266 | F32: =158/2 -> 79 | G32: =+E32*F32 -> 21014 | H32: =+SUM(G32/F32) -> 266 | I32: =+'11'!I38 -> 43.921
A34: 46034 | B34: F 13,5 | C34: 1 | D34: 133*2 | E34: =133*2 -> 266 | F34: =58/2 -> 29 | G34: =+E34*F34 -> 7714 | H34: =+SUM(G34/F34) -> 266 | I34: =+'12'!I38 -> 40.609
B35: F 12 | C35: 1 | D35: 129,5*2 | E35: =129.5*2 -> 259 | F35: 46 | G35: =+E35*F35 -> 11914 | H35: =+SUM(G35/F35) -> 259
A37: 46035 | B37: F 12 | C37: 1 | D37: 129,5*2 | E37: =129.5*2 -> 259 | F37: =96/2 -> 48 | G37: =+E37*F37 -> 12432 | H37: =+SUM(G37/F37) -> 259 | I37: =+'13'!I38 -> 41.491
B38: F 14 | C38: 1 | D38: 274*1 | E38: =274*1 -> 274 | F38: =7+5 -> 12 | G38: =+E38*F38 -> 3288 | H38: =+SUM(G38/F38) -> 274
A40: 46036 | B40: F 12 | C40: 1 | D40: 129,5*2 | E40: =129.5*2 -> 259 | F40: 35 | G40: =+E40*F40 -> 9065 | H40: =+SUM(G40/F40) -> 259 | I40: =+'14'!I38 -> 40.245
B41: F 13 | C41: 1 | D41: 129*2 | E41: =129*2 -> 258 | F41: =80/2 -> 40 | G41: =+E41*F41 -> 10320 | H41: =+SUM(G41/F41) -> 258
A43: 46037 | B43: F 12 | C43: 1 | D43: 129,5*2 | E43: =129.5*2 -> 259 | F43: 6 | G43: =+E43*F43 -> 1554 | H43: =+SUM(F43*E43+F44*E44)/SUM(F43:F44) -> 263.375 | I43: =+'15'!I38 -> 46.252
B44: F 12 | C44: 1 | D44: 133*2 | E44: =133*2 -> 266 | F44: 10 | G44: =+E44*F44 -> 2660
B45: F 14 | C45: 1 | D45: 133*2 | E45: =133*2 -> 266 | F45: =4+6 -> 10 | G45: =+E45*F45 -> 2660 | H45: =+SUM(F45*E45+F46*E46)/SUM(F45:F46) -> 266
B46: F 13 | C46: 1 | D46: 140+126 | E46: =140+126 -> 266 | F46: 3 | G46: =+E46*F46 -> 798
B47: F 16 | C47: 1 | D47: 275*1 | E47: =275*1 -> 275 | F47: 17 | G47: =+E47*F47 -> 4675 | H47: =+SUM(G47/F47) -> 275
A49: 46038 | B49: F 16 | C49: 1 | D49: 275*1 | E49: =275*1 -> 275 | F49: 7 | G49: =+E49*F49 -> 1925 | H49: =+SUM(G49/F49) -> 275 | I49: =+'16'!I38 -> 44.198
B50: F 13 | C50: 1 | D50: 140+126 | E50: =140+126 -> 266 | F50: =13+8+6+3+7 -> 37 | G50: =+E50*F50 -> 9842 | H50: =+SUM(F50*E50+F51*E51)/SUM(F50:F51) -> 264.7234
B51: F 13 | C51: 1 | D51: 120+140 | E51: =120+140 -> 260 | F51: 10 | G51: =+E51*F51 -> 2600
A53: 46039 | B53: F 13 | C53: 1 | D53: 120+140 | E53: =120+140 -> 260 | F53: =162/2 -> 81 | G53: =+E53*F53 -> 21060 | H53: =+SUM(G53/F53) -> 260 | I53: =+'17'!I38 -> 46.26
A55: 46040 | B55: F 13 | C55: 1 | D55: 120+140 | E55: =120+140 -> 260 | F55: =23+6 -> 29 | G55: =+E55*F55 -> 7540 | H55: =+SUM(G55/F55) -> 260 | I55: =+'18'!I38 -> 43.968
B56: F 13,5 | C56: 1 | D56: 133*2 | E56: =133*2 -> 266 | F56: 46 | G56: =+E56*F56 -> 12236 | H56: =+SUM(G56/F56) -> 266
A58: 46041 | B58: F 13,5 | C58: 1 | D58: 133*2 | E58: =133*2 -> 266 | F58: =154/2 -> 77 | G58: =+E58*F58 -> 20482 | H58: =+SUM(G58/F58) -> 266 | I58: =+'19'!I38 -> 44.406
A60: 46042 | B60: F 13,5 | C60: 1 | D60: 133*2 | E60: =133*2 -> 266 | F60: =122/2 -> 61 | G60: =+E60*F60 -> 16226 | H60: =+SUM(G60/F60) -> 266 | I60: =+'20'!I38 -> 45.721
B61: F 13 | C61: 1 | D61: 116+140 | E61: =116+140 -> 256 | F61: 21 | G61: =+E61*F61 -> 5376 | H61: =+SUM(G61/F61) -> 256
A63: 46043 | B63: F 13 | C63: 1 | D63: 116+140 | E63: =116+140 -> 256 | F63: =118/2 -> 59 | G63: =+E63*F63 -> 15104 | H63: =+SUM(G63/F63) -> 256 | I63: =+'21'!I38 -> 41.471
B64: F 11 | C64: 1 | D64: 129*2 | E64: =129*2 -> 258 | F64: 15 | G64: =+E64*F64 -> 3870 | H64: =+SUM(G64/F64) -> 258
B65: F 14 | C65: 1 | D65: 133*2 | E65: =133*2 -> 266 | F65: 0 | G65: =+E65*F65 -> 0 | H65: =+E65 -> 266
A67: 46044 | B67: F 11 | C67: 1 | D67: 129*2 | E67: =129*2 -> 258 | F67: 5 | G67: =+E67*F67 -> 1290 | H67: =+SUM(G67/F67) -> 258 | I67: Backlog
B68: F 14 | C68: 1 | D68: 133*2 | E68: =133*2 -> 266 | F68: 7 | G68: =+E68*F68 -> 1862 | H68: =+SUM(G68/F68) -> 266 | I68: =+'22'!L37 -> 5.181
B69: T 13 | C69: 1 | D69: 129*2 | E69: =129*2 -> 258 | F69: =10+24+25 -> 59 | G69: =+E69*F69 -> 15222 | H69: =+SUM(G69/F69) -> 258 | I69: =+'22'!L38 -> 38.347
A71: 46045 | B71: T 13 | C71: 1 | D71: 129*2 | E71: =129*2 -> 258 | F71: 64 | G71: =+E71*F71 -> 16512 | H71: =+SUM(G71/F71) -> 258 | I71: =+'23'!I38 -> 35.89
A73: 46046 | B73: T 13 | C73: 1 | D73: 129*2 | E73: =129*2 -> 258 | F73: =114/2 -> 57 | G73: =+E73*F73 -> 14706 | H73: =+SUM(G73/F73) -> 258 | I73: =+'24'!I38 -> 35.772
A75: 46047 | B75: T 13 | C75: 1 | D75: 129*2 | E75: =129*2 -> 258 | F75: =118/2 -> 59 | G75: =+E75*F75 -> 15222 | H75: =+SUM(G75/F75) -> 258 | I75: =+'25'!I38 -> 36.556
A77: 46048 | B77: T 13 | C77: 1 | D77: 129*2 | E77: =129*2 -> 258 | F77: =106/2 -> 53 | G77: =+E77*F77 -> 13674 | H77: =+SUM(G77/F77) -> 258 | I77: =+'26'!I38 -> 30.556
A79: 46049 | B79: T 13 | C79: 1 | D79: 129*2 | E79: =129*2 -> 258 | F79: =94/2 -> 47 | G79: =+E79*F79 -> 12126 | H79: =+SUM(G79/F79) -> 258 | I79: =+'27'!I38 -> 29.414
A81: 46050 | B81: T 13 | C81: 1 | D81: 129*2 | E81: =129*2 -> 258 | F81: 45 | G81: =+E81*F81 -> 11610 | H81: =+SUM(G81/F81) -> 258 | I81: =+'28'!I38 -> 26.457
A83: 46051 | B83: T 13 | C83: 1 | D83: 129*2 | E83: =129*2 -> 258 | F83: 17 | G83: =+E83*F83 -> 4386 | H83: =+SUM(G83/F83) -> 258 | I83: =+'29'!I38 -> 27.647
B84: T 12,5 | C84: 1 | D84: 256*1 | E84: =256*1 -> 256 | F84: =11+12 -> 23 | G84: =+E84*F84 -> 5888 | H84: =+SUM(G84/F84) -> 256
A86: 46052 | B86: T 12,5 | C86: 1 | D86: 256*1 | E86: =256*1 -> 256 | F86: 42 | G86: =+E86*F86 -> 10752 | H86: =+SUM(G86/F86) -> 256 | I86: =+'30'!I38 -> 35.176
A88: 46053 | B88: T 12,5 | C88: 1 | D88: 256*1 | E88: =256*1 -> 256 | F88: =13+17+1 -> 31 | G88: =+E88*F88 -> 7936 | H88: =+SUM(G88/F88) -> 256 | I88: =+'31'!I38 -> 38.763
B89: F 13 | C89: 1 | D89: 116+140 | E89: =116+140 -> 256 | F89: 25 | G89: =+E89*F89 -> 6400 | H89: =+SUM(G89/F89) -> 256

Sheet Efficiency1
A1: PM14 Efficiency Report
A3: Date | B3: Grade | C3: Speed real (ton) with Available Time | D3: Colour | E3: gsm | F3: Ply | G3: Standard | L3: Real Running | O3: Trim Rewinder (cm) | P3: Trim Rewinder x Running Time | Q3: Available Time (mnt) | R3: Down Time (mnt) | S3: Loss Time (mnt) | T3: Real Speed & Real Creepe Ratio with Available Time (ton) | U3: Real Speed & Real Creepe Ratio setelah dipotong DT & LT (ton) | V3: Loss tonase akibat DT + LT dari hitungan Teori with available time (ton) | W3: Accepted (ton) | X3: Real Eff dr Target Eff | Y3: Backlog | Z3: Reject Rewinder (ton) | AA3: Estimasi Reject to Broke Plant (ton) | AB3: Estimasi Faktor BW (ton) | AC3: Loss Opportunity in Speed (ton) | AD3: Downtime/ Losstime | AE3: Reason of Downtime / Losstime | AF3: Loss Time | AM3: Total Losstime | AN3: Unschedule Shut Down (mnt) | AS3: Schedule Shut Down | AT3: Marketing | AV3: EXT FACTOR | AX3: EXT FACTOR | AZ3: EXT FACTOR | BB3: MANAGEMENT | BC3: Total Down Time | BD3: Freq. Sheets Break (X) | BE3: Freq. Change Blade (X) | BF3: Steam, & gangguan sinergy (X) | BG3: Freq, Trip PLN (X) | BH3: Cleaning Holes (X)
AF4: Proses | AI4: Change Grade/Cleaning | AJ4: Mekanik | AK4: Electric & Instrument | AL4: Boiler | AN4: Down Time Produksi | AO4: Mekanik | AP4: Electrical & Instrument | AQ4: Boiler | AR4: Total Unschedule Shut Down | AV4: LOSS | AW4: DOWN TIME | AX4: LOSS | AY4: DOWN TIME | AZ4: LOSS | BA4: DOWN TIME
G5: Yankee Speed (mpm) | H5: Max % Creeping | I5: Target Eff | J5: Kapasitas PM-Teori (ton) | K5: Teori (ton) with Available Time | L5: Yankee Speed (mpm) | M5: Popereel Speed (mpm) | N5: % Creeping | AF5: sheet break | AG5: change blade | AH5: change spool | AT5: Loss time | AU5: Down Time | AV5: SINERGY | AW5: SINERGY | AX5: PLN | AY5: PLN | AZ5: PGN | BA5: PGN
A6: =+Report1!A9 -> 46023 | B6: Toilet | C6: =(M6*E6*O6*Q6)/100000000 -> 42.416649 | D6: VP OW | E6: 13 | F6: 1 | G6: =+L6 -> 1176.1736 | H6: =+N6 -> 0.25331164 | I6: 0.88 | J6: =E6*G6*(1-H6)*1440/1000000*2.74 -> 45.047139 | K6: =(IF(G6<L6,L6,G6)*(1-IF(H6<N6,H6,N6))*E6*O6*Q6)/100000000 -> 42.416649 | L6: 1176.1736 | M6: 878.23514 | N6: =1-(M6/L6) -> 0.25331164 | O6: =+'Trim Rwd'!H4 -> 258 | P6: =O6*(Q6-R6-S6) -> 355008 | Q6: 1440 | R6: 0 | S6: 64 | T6: =E6*M6*O6*Q6/100000000 -> 42.416649 | U6: =E6*M6*O6*(Q6-R6-S6)/100000000 -> 40.531465 | V6: =E6*G6*(1-N6)*O6/100*(R6+S6)/1000000 -> 1.8851844 | W6: =+'1'!C34/1000 -> 39.266 | X6: =SUM(W6:W10)/SUM(K6:K10) -> 0.9257214 | Y6: 0 | Z6: =+'1'!D16/1000 -> 0.51 | AA6: =SUM(U6:U10)-SUM(W6:W10)-SUM(Z6:Z10)-SUM(Y6:Y10) -> 0.75546502 | AB6: =(SUM(K6:K10)-SUM(W6:W10)-SUM(Y6:Y10)-SUM(Z6:Z10)-SUM(AC6:AC10)-SUM(V6:V10))-AA6 -> 1.7763568e-15 | AC6: =K6-T6 -> 0 | AD6: =+AM6+BC6 -> 0 | AE6: - Sheet Breaks (0x) | AF6: 0 | AM6: =SUM(AF6:AL6)+AT6+AV6+AX6 -> 0 | AR6: =SUM(AN6:AQ6) -> 0 | BC6: =+AR6+AS6+AU6+AW6+AY6+BB6 -> 0 | BD6: 0
AD7: =+AM7+BC7 -> 19 | AE7: - Change Blade (8x) | AG7: 19 | AM7: =SUM(AF7:AL7)+AT7+AV7+AX7 -> 19 | AR7: =SUM(AN7:AQ7) -> 0 | BC7: =+AR7+AS7+AU7+AW7+AY7+BB7 -> 0 | BE7: 8
T8: =+T8:AD8 -> 0 | AD8: =+AM8+BC8 -> 45 | AE8: - Change Spool (27x) | AH8: 45 | AM8: =SUM(AF8:AL8)+AT8+AV8+AX8 -> 45 | AR8: =SUM(AN8:AQ8) -> 0 | BC8: =+AR8+AS8+AU8+AW8+AY8+BB8 -> 0
AD9: =+AM9+BC9 -> 0 | AE9: - Cleaning | AI9: 0 | AM9: =SUM(AF9:AL9)+AT9+AV9+AX9 -> 0 | AR9: =SUM(AN9:AQ9) -> 0 | BC9: =+AR9+AS9+AU9+AW9+AY9+BB9 -> 0
A11: 46024 | B11: Toilet | C11: =(M11*E11*O11*Q11)/100000000 -> 41.816062 | D11: VP OW | E11: 13 | F11: 1 | G11: =+L11 -> 1170 | H11: =+N11 -> 0.26 | I11: 0.88 | J11: =E11*G11*(1-H11)*1440/1000000*2.74 -> 44.409306 | K11: =(IF(G11<L11,L11,G11)*(1-IF(H11<N11,H11,N11))*E11*O11*Q11)/100000000 -> 41.816062 | L11: 1170 | M11: 865.8 | N11: =1-(M11/L11) -> 0.26 | O11: =+'Trim Rwd'!H6 -> 258 | P11: =O11*(Q11-R11-S11) -> 353460 | Q11: 1440 | R11: 0 | S11: 70 | T11: =E11*M11*O11*Q11/100000000 -> 41.816062 | U11: =E11*M11*O11*(Q11-R11-S11)/100000000 -> 39.783337 | V11: =E11*G11*(1-N11)*O11/100*(R11+S11)/1000000 -> 2.0327252 | W11: =+'2'!K7/1000 -> 36.225 | X11: =SUM(W11:W15)/SUM(K11:K15) -> 0.86629391 | Y11: 0 | Z11: =+'2'!D34/1000 -> 0.52 | AA11: =SUM(U11:U15)-SUM(W11:W15)-SUM(Z11:Z15)-SUM(Y11:Y15) -> 3.0383368 | AB11: =(SUM(K11:K15)-SUM(W11:W15)-SUM(Y11:Y15)-SUM(Z11:Z15)-SUM(AC11:AC15)-SUM(V11:V15))-AA11 -> 0 | AC11: =K11-T11 -> 0 | AD11: =+AM11+BC11 -> 18 | AE11: - Sheet Breaks (6x) | AF11: 18 | AM11: =SUM(AF11:AL11)+AT11+AV11+AX11 -> 18 | AR11: =SUM(AN11:AQ11) -> 0 | BC11: =+AR11+AS11+AU11+AW11+AY11+BB11 -> 0 | BD11: 6
AD12: =+AM12+BC12 -> 8 | AE12: - Change Blade (4x) | AG12: 8 | AM12: =SUM(AF12:AL12)+AT12+AV12+AX12 -> 8 | AR12: =SUM(AN12:AQ12) -> 0 | BC12: =+AR12+AS12+AU12+AW12+AY12+BB12 -> 0 | BE12: 4
AD13: =+AM13+BC13 -> 44 | AE13: - Change Spool (26x) | AH13: 44 | AM13: =SUM(AF13:AL13)+AT13+AV13+AX13 -> 44 | AR13: =SUM(AN13:AQ13) -> 0 | BC13: =+AR13+AS13+AU13+AW13+AY13+BB13 -> 0
AD14: =+AM14+BC14 -> 0 | AE14: - Cleaning | AI14: 0 | AM14: =SUM(AF14:AL14)+AT14+AV14+AX14 -> 0 | AR14: =SUM(AN14:AQ14) -> 0 | BC14: =+AR14+AS14+AU14+AW14+AY14+BB14 -> 0
A16: 46025 | B16: Toilet | C16: =(M16*E16*O16*Q16)/100000000 -> 0.29038932 | D16: VP OW | E16: 13 | F16: 1 | G16: =+L16 -> 1170 | H16: =+N16 -> 0.26 | I16: 0.88 | J16: =E16*G16*(1-H16)*1440/1000000*2.74 -> 44.409306 | K16: =(IF(G16<L16,L16,G16)*(1-IF(H16<N16,H16,N16))*E16*O16*Q16)/100000000 -> 0.29038932 | L16: 1170 | M16: 865.8 | N16: =1-(M16/L16) -> 0.26 | O16: =+'Trim Rwd'!H8 -> 258 | P16: =O16*(Q16-R16-S16) -> 1290 | Q16: 10 | R16: 0 | S16: 5 | T16: =E16*M16*O16*Q16/100000000 -> 0.29038932 | U16: =E16*M16*O16*(Q16-R16-S16)/100000000 -> 0.14519466 | V16: =E16*G16*(1-N16)*O16/100*(R16+S16)/1000000 -> 0.14519466 | W16: =+'3'!K7/1000 -> 3.676 | X16: =SUM(W16:W20)/SUM(K16:K20) -> 0.8985233 | Y16: 0 | Z16: =+'2'!D39/1000 -> 0 | AA16: =SUM(U16:U20)-SUM(W16:W20)-SUM(Z16:Z20)-SUM(Y16:Y20) -> 1.7278535 | AB16: =(SUM(K16:K20)-SUM(W16:W20)-SUM(Y16:Y20)-SUM(Z16:Z20)-SUM(AC16:AC20)-SUM(V16:V20))-AA16 -> -0.017471972 | AC16: =K16-T16 -> 0 | AD16: =+AM16+BC16 -> 4 | AE16: - Sheet Breaks (2x) | AF16: 4 | AM16: =SUM(AF16:AL16)+AT16+AV16+AX16 -> 4 | AR16: =SUM(AN16:AQ16) -> 0 | BC16: =+AR16+AS16+AU16+AW16+AY16+BB16 -> 0 | BD16: 2
B17: Facial | C17: =(M17*E17*O17*Q17)/100000000 -> 41.295839 | D17: VP OW | E17: 12 | F17: 1 | G17: 1230 | H17: 0.24 | I17: 0.88 | J17: =E17*G17*(1-H17)*1440/1000000*2.74 -> 44.260163 | K17: =(IF(G17<L17,L17,G17)*(1-IF(H17<N17,H17,N17))*E17*O17*Q17)/100000000 -> 42.108066 | L17: 1216.8531 | M17: 916.76853 | N17: =1-(M17/L17) -> 0.24660709 | O17: =+'Trim Rwd'!H9 -> 262.5 | P17: =O17*(Q17-R17-S17) -> 360675 | Q17: 1430 | R17: 0 | S17: =61-S16 -> 56 | T17: =E17*M17*O17*Q17/100000000 -> 41.295839 | U17: =E17*M17*O17*(Q17-R17-S17)/100000000 -> 39.678659 | V17: =E17*G17*(1-N17)*O17/100*(R17+S17)/1000000 -> 1.6346517 | W17: =+'3'!K8/1000 -> 34.42 | AC17: =K17-T17 -> 0.8122275 | AD17: =+AM17+BC17 -> 9 | AE17: - Change Blade (3x) | AG17: 9 | AM17: =SUM(AF17:AL17)+AT17+AV17+AX17 -> 9 | AR17: =SUM(AN17:AQ17) -> 0 | BC17: =+AR17+AS17+AU17+AW17+AY17+BB17 -> 0 | BE17: 3
AD18: =+AM18+BC18 -> 48 | AE18: - Change Spool (26x) | AH18: 48 | AM18: =SUM(AF18:AL18)+AT18+AV18+AX18 -> 48 | AR18: =SUM(AN18:AQ18) -> 0 | BC18: =+AR18+AS18+AU18+AW18+AY18+BB18 -> 0
AD19: =+AM19+BC19 -> 0 | AE19: - Cleaning | AI19: 0 | AM19: =SUM(AF19:AL19)+AT19+AV19+AX19 -> 0 | AR19: =SUM(AN19:AQ19) -> 0 | BC19: =+AR19+AS19+AU19+AW19+AY19+BB19 -> 0
A21: 46026 | B21: Facial | C21: =(M21*E21*O21*Q21)/100000000 -> 42.402528 | D21: VP OW | E21: 12 | F21: 1 | G21: 1230 | H21: 0.24 | I21: 0.88 | J21: =E21*G21*(1-H21)*1440/1000000*2.74 -> 44.260163 | K21: =(IF(G21<L21,L21,G21)*(1-IF(H21<N21,H21,N21))*E21*O21*Q21)/100000000 -> 42.402528 | L21: 1230 | M21: 934.8 | N21: =1-(M21/L21) -> 0.24 | O21: =+'Trim Rwd'!H11 -> 262.5 | P21: =O21*(Q21-R21-S21) -> 361200 | Q21: 1440 | R21: 0 | S21: 64 | T21: =E21*M21*O21*Q21/100000000 -> 42.402528 | U21: =E21*M21*O21*(Q21-R21-S21)/100000000 -> 40.517971 | V21: =E21*G21*(1-N21)*O21/100*(R21+S21)/1000000 -> 1.8845568 | W21: =+'4'!K8/1000 -> 37.954 | X21: =SUM(W21:W25)/SUM(K21:K25) -> 0.89508814 | Y21: 0 | Z21: =+'2'!D44/1000 -> 0 | AA21: =SUM(U21:U25)-SUM(W21:W25)-SUM(Z21:Z25)-SUM(Y21:Y25) -> 2.5639712 | AB21: =(SUM(K21:K25)-SUM(W21:W25)-SUM(Y21:Y25)-SUM(Z21:Z25)-SUM(AC21:AC25)-SUM(V21:V25))-AA21 -> 0 | AC21: =K21-T21 -> 0 | AD21: =+AM21+BC21 -> 15 | AE21: - Sheet Breaks (6x) | AF21: 15 | AM21: =SUM(AF21:AL21)+AT21+AV21+AX21 -> 15 | AR21: =SUM(AN21:AQ21) -> 0 | BC21: =+AR21+AS21+AU21+AW21+AY21+BB21 -> 0 | BD21: 6
AD22: =+AM22+BC22 -> 5 | AE22: - Change Blade (4x) | AG22: 5 | AM22: =SUM(AF22:AL22)+AT22+AV22+AX22 -> 5 | AR22: =SUM(AN22:AQ22) -> 0 | BC22: =+AR22+AS22+AU22+AW22+AY22+BB22 -> 0 | BE22: 4
AD23: =+AM23+BC23 -> 44 | AE23: - Change Spool (29x) | AH23: 44 | AM23: =SUM(AF23:AL23)+AT23+AV23+AX23 -> 44 | AR23: =SUM(AN23:AQ23) -> 0 | BC23: =+AR23+AS23+AU23+AW23+AY23+BB23 -> 0
AD24: =+AM24+BC24 -> 0 | AE24: - Cleaning | AI24: 0 | AM24: =SUM(AF24:AL24)+AT24+AV24+AX24 -> 0 | AR24: =SUM(AN24:AQ24) -> 0 | BC24: =+AR24+AS24+AU24+AW24+AY24+BB24 -> 0
A26: 46027 | B26: Facial | C26: =(M26*E26*O26*Q26)/100000000 -> 2.355696 | D26: VP OW | E26: 12 | F26: 1 | G26: 1230 | H26: 0.24 | I26: 0.88 | J26: =E26*G26*(1-H26)*1440/1000000*2.74 -> 44.260163 | K26: =(IF(G26<L26,L26,G26)*(1-IF(H26<N26,H26,N26))*E26*O26*Q26)/100000000 -> 2.355696 | L26: 1230 | M26: 934.8 | N26: =1-(M26/L26) -> 0.24 | O26: =+'Trim Rwd'!H13 -> 262.5 | P26: =O26*(Q26-R26-S26) -> 18900 | Q26: 80 | R26: 0 | S26: 8 | T26: =E26*M26*O26*Q26/100000000 -> 2.355696 | U26: =E26*M26*O26*(Q26-R26-S26)/100000000 -> 2.1201264 | V26: =E26*G26*(1-N26)*O26/100*(R26+S26)/1000000 -> 0.2355696 | W26: =+'5'!K8/1000 -> 5.163 | X26: =SUM(W26:W30)/SUM(K26:K30) -> 0.88921545 | Y26: 0 | Z26: =+'2'!D49/1000 -> 0 | AA26: =SUM(U26:U30)-SUM(W26:W30)-SUM(Z26:Z30)-SUM(Y26:Y30) -> 2.3760044 | AB26: =(SUM(K26:K30)-SUM(W26:W30)-SUM(Y26:Y30)-SUM(Z26:Z30)-SUM(AC26:AC30)-SUM(V26:V30))-AA26 -> -0.0172368 | AC26: =K26-T26 -> 0 | AD26: =+AM26+BC26 -> 21 | AE26: - Sheet Breaks (9x) | AF26: 21 | AM26: =SUM(AF26:AL26)+AT26+AV26+AX26 -> 21 | AR26: =SUM(AN26:AQ26) -> 0 | BC26: =+AR26+AS26+AU26+AW26+AY26+BB26 -> 0 | BD26: 9
B27: Facial | C27: =(M27*E27*O27*Q27)/100000000 -> 11.445235 | D27: VP OW | E27: 13.5 | F27: 1 | G27: 1230 | H27: =+N27 -> 0.2 | I27: 0.88 | J27: =E27*G27*(1-H27)*1440/1000000*2.74 -> 52.41335 | K27: =(IF(G27<L27,L27,G27)*(1-IF(H27<N27,H27,N27))*E27*O27*Q27)/100000000 -> 11.731366 | L27: 1200 | M27: 960 | N27: =1-(M27/L27) -> 0.2 | O27: =+'Trim Rwd'!H14 -> 266 | P27: =O27*(Q27-R27-S27) -> 82992 | Q27: 332 | R27: 0 | S27: 20 | T27: =E27*M27*O27*Q27/100000000 -> 11.445235 | U27: =E27*M27*O27*(Q27-R27-S27)/100000000 -> 10.755763 | V27: =E27*G27*(1-N27)*O27/100*(R27+S27)/1000000 -> 0.7067088 | W27: =+'5'!K9/1000 -> 10.666 | AC27: =K27-T27 -> 0.28613088 | AD27: =+AM27+BC27 -> 0 | AE27: - Change Blade (0x) | AG27: 0 | AM27: =SUM(AF27:AL27)+AT27+AV27+AX27 -> 0 | AR27: =SUM(AN27:AQ27) -> 0 | BC27: =+AR27+AS27+AU27+AW27+AY27+BB27 -> 0 | BE27: 0
B28: Facial | C28: =(M28*E28*O28*Q28)/100000000 -> 31.952399 | D28: VP OW | E28: 12.5 | F28: 1 | G28: 1230 | H28: =+N28 -> 0.24 | I28: 0.88 | J28: =E28*G28*(1-H28)*1440/1000000*2.74 -> 46.104336 | K28: =(IF(G28<L28,L28,G28)*(1-IF(H28<N28,H28,N28))*E28*O28*Q28)/100000000 -> 31.952399 | L28: 1230 | M28: 934.8 | N28: =1-(M28/L28) -> 0.24 | O28: =+'Trim Rwd'!H15 -> 266 | P28: =O28*(Q28-R28-S28) -> 262808 | Q28: 1028 | R28: 0 | S28: 40 | T28: =E28*M28*O28*Q28/100000000 -> 31.952399 | U28: =E28*M28*O28*(Q28-R28-S28)/100000000 -> 30.709115 | V28: =E28*G28*(1-N28)*O28/100*(R28+S28)/1000000 -> 1.243284 | W28: =+'5'!K10/1000 -> 25.11 | Z28: =+'5'!D16/1000 -> 0.27 | AC28: =K28-T28 -> 0 | AD28: =+AM28+BC28 -> 47 | AE28: - Change Spool (31x) | AH28: 47 | AM28: =SUM(AF28:AL28)+AT28+AV28+AX28 -> 47 | AR28: =SUM(AN28:AQ28) -> 0 | BC28: =+AR28+AS28+AU28+AW28+AY28+BB28 -> 0
AD29: =+AM29+BC29 -> 0 | AE29: - Cleaning | AI29: 0 | AM29: =SUM(AF29:AL29)+AT29+AV29+AX29 -> 0 | AR29: =SUM(AN29:AQ29) -> 0 | BC29: =+AR29+AS29+AU29+AW29+AY29+BB29 -> 0
A31: 46028 | B31: Facial | C31: =(M31*E31*O31*Q31)/100000000 -> 25.238665 | D31: VP OW | E31: 12.5 | F31: 1 | G31: 1230 | H31: =+N31 -> 0.24 | I31: 0.88 | J31: =E31*G31*(1-H31)*1440/1000000*2.74 -> 46.104336 | K31: =(IF(G31<L31,L31,G31)*(1-IF(H31<N31,H31,N31))*E31*O31*Q31)/100000000 -> 25.238665 | L31: 1230 | M31: 934.8 | N31: =1-(M31/L31) -> 0.24 | O31: =+'Trim Rwd'!H17 -> 266 | P31: =O31*(Q31-R31-S31) -> 204022 | Q31: 812 | R31: 0 | S31: 45 | T31: =E31*M31*O31*Q31/100000000 -> 25.238665 | U31: =E31*M31*O31*(Q31-R31-S31)/100000000 -> 23.839971 | V31: =E31*G31*(1-N31)*O31/100*(R31+S31)/1000000 -> 1.3986945 | W31: =+'6'!K10/1000 -> 25.568 | X31: =SUM(W31:W35)/SUM(K31:K35) -> 0.84412501 | Y31: 0 | Z31: =+'6'!D16/1000 -> 0.27 | AA31: =SUM(U31:U35)-SUM(W31:W35)-SUM(Z31:Z35)-SUM(Y31:Y35) -> 4.3708187 | AB31: =(SUM(K31:K35)-SUM(W31:W35)-SUM(Y31:Y35)-SUM(Z31:Z35)-SUM(AC31:AC35)-SUM(V31:V35))-AA31 -> 0 | AC31: =K31-T31 -> 0 | AD31: =+AM31+BC31 -> 18 | AE31: - Sheet Breaks (9x) | AF31: 18 | AM31: =SUM(AF31:AL31)+AT31+AV31+AX31 -> 18 | AR31: =SUM(AN31:AQ31) -> 0 | BC31: =+AR31+AS31+AU31+AW31+AY31+BB31 -> 0 | BD31: 9
B32: Facial | C32: =(M32*E32*O32*Q32)/100000000 -> 18.139981 | D32: VP OW | E32: 12 | F32: 1 | G32: 1230 | H32: =+N32 -> 0.24 | I32: 0.88 | J32: =E32*G32*(1-H32)*1440/1000000*2.74 -> 44.260163 | K32: =(IF(G32<L32,L32,G32)*(1-IF(H32<N32,H32,N32))*E32*O32*Q32)/100000000 -> 18.139981 | L32: 1230 | M32: 934.8 | N32: =1-(M32/L32) -> 0.24 | O32: =+'Trim Rwd'!H18 -> 257.5 | P32: =O32*(Q32-R32-S32) -> 155272.5 | Q32: 628 | R32: 0 | S32: 25 | T32: =E32*M32*O32*Q32/100000000 -> 18.139981 | U32: =E32*M32*O32*(Q32-R32-S32)/100000000 -> 17.417848 | V32: =E32*G32*(1-N32)*O32/100*(R32+S32)/1000000 -> 0.722133 | W32: =+'6'!K8/1000 -> 11.049 | AC32: =K32-T32 -> 0 | AD32: =+AM32+BC32 -> 0 | AE32: - Change Blade (0x) | AG32: 0 | AM32: =SUM(AF32:AL32)+AT32+AV32+AX32 -> 0 | AR32: =SUM(AN32:AQ32) -> 0 | BC32: =+AR32+AS32+AU32+AW32+AY32+BB32 -> 0 | BE32: 0
AD33: =+AM33+BC33 -> 52 | AE33: - Change Spool (29x) | AH33: 52 | AM33: =SUM(AF33:AL33)+AT33+AV33+AX33 -> 52 | AR33: =SUM(AN33:AQ33) -> 0 | BC33: =+AR33+AS33+AU33+AW33+AY33+BB33 -> 0
AD34: =+AM34+BC34 -> 0 | AE34: - Cleaning | AI34: 0 | AM34: =SUM(AF34:AL34)+AT34+AV34+AX34 -> 0 | AR34: =SUM(AN34:AQ34) -> 0 | BC34: =+AR34+AS34+AU34+AW34+AY34+BB34 -> 0
A36: 46029 | B36: Facial | C36: =(M36*E36*O36*Q36)/100000000 -> 41.594861 | D36: VP OW | E36: 12 | F36: 1 | G36: 1230 | H36: =+N36 -> 0.24 | I36: 0.88 | J36: =E36*G36*(1-H36)*1440/1000000*2.74 -> 44.260163 | K36: =(IF(G36<L36,L36,G36)*(1-IF(H36<N36,H36,N36))*E36*O36*Q36)/100000000 -> 41.594861 | L36: 1230 | M36: 934.8 | N36: =1-(M36/L36) -> 0.24 | O36: =+'Trim Rwd'!H20 -> 257.5 | P36: =O36*(Q36-R36-S36) -> 353032.5 | Q36: 1440 | R36: 0 | S36: 69 | T36: =E36*M36*O36*Q36/100000000 -> 41.594861 | U36: =E36*M36*O36*(Q36-R36-S36)/100000000 -> 39.601774 | V36: =E36*G36*(1-N36)*O36/100*(R36+S36)/1000000 -> 1.9930871 | W36: =+'7'!K8/1000 -> 37.741 | X36: =SUM(W36:W40)/SUM(K36:K40) -> 0.90734767 | Y36: 0 | Z36: =+'7'!D7/1000 -> 0.579 | AA36: =SUM(U36:U40)-SUM(W36:W40)-SUM(Z36:Z40)-SUM(Y36:Y40) -> 1.2817737 | AB36: =(SUM(K36:K40)-SUM(W36:W40)-SUM(Y36:Y40)-SUM(Z36:Z40)-SUM(AC36:AC40)-SUM(V36:V40))-AA36 -> -4.6629367e-15 | AC36: =K36-T36 -> 0 | AD36: =+AM36+BC36 -> 24 | AE36: - Sheet Breaks (9x) | AF36: 24 | AM36: =SUM(AF36:AL36)+AT36+AV36+AX36 -> 24 | AR36: =SUM(AN36:AQ36) -> 0 | BC36: =+AR36+AS36+AU36+AW36+AY36+BB36 -> 0 | BD36: 9
AD37: =+AM37+BC37 -> 0 | AE37: - Change Blade (0x) | AG37: 0 | AM37: =SUM(AF37:AL37)+AT37+AV37+AX37 -> 0 | AR37: =SUM(AN37:AQ37) -> 0 | BC37: =+AR37+AS37+AU37+AW37+AY37+BB37 -> 0 | BE37: 0
AD38: =+AM38+BC38 -> 45 | AE38: - Change Spool (27x) | AH38: 45 | AM38: =SUM(AF38:AL38)+AT38+AV38+AX38 -> 45 | AR38: =SUM(AN38:AQ38) -> 0 | BC38: =+AR38+AS38+AU38+AW38+AY38+BB38 -> 0
AD39: =+AM39+BC39 -> 0 | AE39: - Cleaning | AI39: 0 | AM39: =SUM(AF39:AL39)+AT39+AV39+AX39 -> 0 | AR39: =SUM(AN39:AQ39) -> 0 | BC39: =+AR39+AS39+AU39+AW39+AY39+BB39 -> 0
A41: 46030 | B41: Facial | C41: =(M41*E41*O41*Q41)/100000000 -> 41.770441 | D41: VP OW | E41: 12 | F41: 1 | G41: 1230 | H41: =+N41 -> 0.24 | I41: 0.88 | J41: =E41*G41*(1-H41)*1440/1000000*2.74 -> 44.260163 | K41: =(IF(G41<L41,L41,G41)*(1-IF(H41<N41,H41,N41))*E41*O41*Q41)/100000000 -> 41.770441 | L41: 1230 | M41: 934.8 | N41: =1-(M41/L41) -> 0.24 | O41: =+'Trim Rwd'!H22 -> 258.58696 | P41: =O41*(Q41-R41-S41) -> 352971.2 | Q41: 1440 | R41: 0 | S41: 75 | T41: =E41*M41*O41*Q41/100000000 -> 41.770441 | U41: =E41*M41*O41*(Q41-R41-S41)/100000000 -> 39.594897 | V41: =E41*G41*(1-N41)*O41/100*(R41+S41)/1000000 -> 2.1755438 | W41: =+'8'!K8/1000 -> 36.515 | X41: =SUM(W41:W45)/SUM(K41:K45) -> 0.87418278 | Y41: 0 | Z41: =+'7'!D12/1000 -> 0 | AA41: =SUM(U41:U45)-SUM(W41:W45)-SUM(Z41:Z45)-SUM(Y41:Y45) -> 3.0798968 | AB41: =(SUM(K41:K45)-SUM(W41:W45)-SUM(Y41:Y45)-SUM(Z41:Z45)-SUM(AC41:AC45)-SUM(V41:V45))-AA41 -> 3.5527137e-15 | AC41: =K41-T41 -> 0 | AD41: =+AM41+BC41 -> 15 | AE41: - Sheet Breaks (6x) | AF41: 15 | AM41: =SUM(AF41:AL41)+AT41+AV41+AX41 -> 15 | AR41: =SUM(AN41:AQ41) -> 0 | BC41: =+AR41+AS41+AU41+AW41+AY41+BB41 -> 0 | BD41: 6
AD42: =+AM42+BC42 -> 8 | AE42: - Change Blade (4x) | AG42: 8 | AM42: =SUM(AF42:AL42)+AT42+AV42+AX42 -> 8 | AR42: =SUM(AN42:AQ42) -> 0 | BC42: =+AR42+AS42+AU42+AW42+AY42+BB42 -> 0 | BE42: 4
AD43: =+AM43+BC43 -> 52 | AE43: - Change Spool (28x) | AH43: 52 | AM43: =SUM(AF43:AL43)+AT43+AV43+AX43 -> 52 | AR43: =SUM(AN43:AQ43) -> 0 | BC43: =+AR43+AS43+AU43+AW43+AY43+BB43 -> 0
AD44: =+AM44+BC44 -> 0 | AE44: - Cleaning | AI44: 0 | AM44: =SUM(AF44:AL44)+AT44+AV44+AX44 -> 0 | AR44: =SUM(AN44:AQ44) -> 0 | BC44: =+AR44+AS44+AU44+AW44+AY44+BB44 -> 0
A46: 46031 | B46: Facial | C46: =(M46*E46*O46*Q46)/100000000 -> 7.5918473 | D46: VP OW | E46: 12 | F46: 1 | G46: 1230 | H46: =+N46 -> 0.24 | I46: 0.88 | J46: =E46*G46*(1-H46)*1440/1000000*2.74 -> 44.260163 | K46: =(IF(G46<L46,L46,G46)*(1-IF(H46<N46,H46,N46))*E46*O46*Q46)/100000000 -> 7.5918473 | L46: 1230 | M46: 934.8 | N46: =1-(M46/L46) -> 0.24 | O46: =+'Trim Rwd'!H25 -> 260.3 | P46: =O46*(Q46-R46-S46) -> 66116.2 | Q46: 260 | R46: 0 | S46: 6 | T46: =E46*M46*O46*Q46/100000000 -> 7.5918473 | U46: =E46*M46*O46*(Q46-R46-S46)/100000000 -> 7.4166509 | V46: =E46*G46*(1-N46)*O46/100*(R46+S46)/1000000 -> 0.17519648 | W46: =+'9'!K8/1000 -> 9.857 | X46: =SUM(W46:W50)/SUM(K46:K50) -> 0.53621733 | Y46: 0 | Z46: =+'9'!D7/1000 -> 0.27 | AA46: =SUM(U46:U50)-SUM(W46:W50)-SUM(Z46:Z50)-SUM(Y46:Y50) -> -1.385285 | AB46: =(SUM(K46:K50)-SUM(W46:W50)-SUM(Y46:Y50)-SUM(Z46:Z50)-SUM(AC46:AC50)-SUM(V46:V50))-AA46 -> -3.1849481 | AC46: =K46-T46 -> 0 | AD46: =+AM46+BC46 -> 15 | AE46: - Sheet Breaks (6x) | AF46: 15 | AM46: =SUM(AF46:AL46)+AT46+AV46+AX46 -> 15 | AR46: =SUM(AN46:AQ46) -> 0 | BC46: =+AR46+AS46+AU46+AW46+AY46+BB46 -> 0 | BD46: 6
B47: Facial | C47: =(M47*E47*O47*Q47)/100000000 -> 33.164649 | D47: VP OW | E47: 13.5 | F47: 1 | G47: 1230 | H47: =+N47 -> 0.24 | I47: 0.88 | J47: =E47*G47*(1-H47)*1440/1000000*2.74 -> 49.792683 | K47: =(IF(G47<L47,L47,G47)*(1-IF(H47<N47,H47,N47))*E47*O47*Q47)/100000000 -> 39.611028 | L47: 1029.8273 | M47: 782.66876 | N47: =1-(M47/L47) -> 0.24 | O47: =+'Trim Rwd'!H27 -> 266 | P47: =O47*(Q47-R47-S47) -> 158802 | Q47: =637+543 -> 1180 | R47: 543 | S47: 40 | T47: =E47*M47*O47*Q47/100000000 -> 33.164649 | U47: =E47*M47*O47*(Q47-R47-S47)/100000000 -> 16.779064 | V47: =E47*G47*(1-N47)*O47/100*(R47+S47)/1000000 -> 19.570533 | W47: =+'9'!K9/1000 -> 15.454 | AC47: =K47-T47 -> 6.4463787 | AD47: =+AM47+BC47 -> 0 | AE47: - Change Blade (0x) | AG47: 0 | AM47: =SUM(AF47:AL47)+AT47+AV47+AX47 -> 0 | AR47: =SUM(AN47:AQ47) -> 0 | BC47: =+AR47+AS47+AU47+AW47+AY47+BB47 -> 0 | BE47: 0
AD48: =+AM48+BC48 -> 31 | AE48: - Change Spool (15x) | AH48: 31 | AM48: =SUM(AF48:AL48)+AT48+AV48+AX48 -> 31 | AR48: =SUM(AN48:AQ48) -> 0 | BC48: =+AR48+AS48+AU48+AW48+AY48+BB48 -> 0
AD49: =+AM49+BC49 -> 0 | AE49: - Cleaning | AI49: 0 | AM49: =SUM(AF49:AL49)+AT49+AV49+AX49 -> 0 | AR49: =SUM(AN49:AQ49) -> 0 | BC49: =+AR49+AS49+AU49+AW49+AY49+BB49 -> 0
AD50: =+AM50+BC50 -> 543 | AE50: - 21:57 Burner hood wet dan dry trip , pressure gas terlalu rendah ( 51mbar) pm stop | AM50: =SUM(AF50:AL50)+AT50+AV50+AX50 -> 0 | AR50: =SUM(AN50:AQ50) -> 0 | BA50: 543 | BC50: =+AR50+AS50+AU50+AW50+AY50+BB50+BA50 -> 543
AD51: =+AM51+BC51 -> 0 | AE51: - Loss Speed Efek PGN | AM51: =SUM(AF51:AL51)+AT51+AV51+AX51+AZ51 -> 0 | AR51: =SUM(AN51:AQ51) -> 0 | BC51: =+AR51+AS51+AU51+AW51+AY51+BB51+BA51 -> 0
A53: 46032 | B53: Facial | C53: =(M53*E53*O53*Q53)/100000000 -> 10.188864 | D53: VP OW | E53: 12 | F53: 1 | G53: 1230 | H53: =+N53 -> 0.24 | I53: 0.88 | J53: =E53*G53*(1-H53)*1440/1000000*2.74 -> 44.260163 | K53: =(IF(G53<L53,L53,G53)*(1-IF(H53<N53,H53,N53))*E53*O53*Q53)/100000000 -> 12.532303 | L53: 1000 | M53: 760 | N53: =1-(M53/L53) -> 0.24 | O53: =+'Trim Rwd'!H30 -> 266 | P53: =O53*(Q53-R53-S53) -> 82992 | Q53: =339+81 -> 420 | R53: 81 | S53: =18+9 -> 27 | T53: =E53*M53*O53*Q53/100000000 -> 10.188864 | U53: =E53*M53*O53*(Q53-R53-S53)/100000000 -> 7.5688704 | V53: =E53*G53*(1-N53)*O53/100*(R53+S53)/1000000 -> 3.2225921 | W53: =+'10'!K8/1000 -> 7.343 | X53: =SUM(W53:W57)/SUM(K53:K57) -> 0.6668043 | Y53: 0 | Z53: =+'9'!D13/1000 -> 0 | AA53: =SUM(U53:U57)-SUM(W53:W57)-SUM(Z53:Z57)-SUM(Y53:Y57) -> 5.7563502 | AB53: =(SUM(K53:K57)-SUM(W53:W57)-SUM(Y53:Y57)-SUM(Z53:Z57)-SUM(AC53:AC57)-SUM(V53:V57))-AA53 -> -0.73894977 | AC53: =K53-T53 -> 2.3434387 | AD53: =+AM53+BC53 -> 18 | AE53: - Sheet Breaks (6x) | AF53: 18 | AM53: =SUM(AF53:AL53)+AT53+AV53+AX53 -> 18 | AR53: =SUM(AN53:AQ53) -> 0 | BC53: =+AR53+AS53+AU53+AW53+AY53+BB53 -> 0 | BD53: 6
B54: Facial | C54: =(M54*E54*O54*Q54)/100000000 -> 30.481169 | D54: VP OW | E54: 13.5 | F54: 1 | G54: 1230 | H54: =+N54 -> 0.24 | I54: 0.88 | J54: =E54*G54*(1-H54)*1440/1000000*2.74 -> 49.792683 | K54: =(IF(G54<L54,L54,G54)*(1-IF(H54<N54,H54,N54))*E54*O54*Q54)/100000000 -> 34.240041 | L54: 1094.9706 | M54: 832.17765 | N54: =1-(M54/L54) -> 0.24 | O54: =+'Trim Rwd'!H29 -> 266 | P54: =O54*(Q54-R54-S54) -> 261478 | Q54: 1020 | R54: 0 | S54: 37 | T54: =E54*M54*O54*Q54/100000000 -> 30.481169 | U54: =E54*M54*O54*(Q54-R54-S54)/100000000 -> 29.37548 | V54: =E54*G54*(1-N54)*O54/100*(R54+S54)/1000000 -> 1.2420407 | W54: =+'10'!K9/1000 -> 23.845 | AC54: =K54-T54 -> 3.7588721 | AD54: =+AM54+BC54 -> 9 | AE54: - Change Blade (0x) | AG54: 9 | AM54: =SUM(AF54:AL54)+AT54+AV54+AX54 -> 9 | AR54: =SUM(AN54:AQ54) -> 0 | BC54: =+AR54+AS54+AU54+AW54+AY54+BB54 -> 0 | BE54: 0
AD55: =+AM55+BC55 -> 37 | AE55: - Change Spool (15x) | AH55: 37 | AM55: =SUM(AF55:AL55)+AT55+AV55+AX55 -> 37 | AR55: =SUM(AN55:AQ55) -> 0 | BC55: =+AR55+AS55+AU55+AW55+AY55+BB55 -> 0
AD56: =+AM56+BC56 -> 0 | AE56: - Cleaning | AI56: 0 | AM56: =SUM(AF56:AL56)+AT56+AV56+AX56 -> 0 | AR56: =SUM(AN56:AQ56) -> 0 | BC56: =+AR56+AS56+AU56+AW56+AY56+BB56 -> 0
AD57: =+AM57+BC57 -> 81 | AE57: - Stop Pressure gas dari PGN | AM57: =SUM(AF57:AL57)+AT57+AV57+AX57 -> 0 | AR57: =SUM(AN57:AQ57) -> 0 | BA57: 81 | BC57: =+AR57+AS57+AU57+AW57+AY57+BB57+BA57 -> 81
AD58: =+AM58+BC58 -> 0 | AE58: - Loss Speed Efek PGN | AM58: =SUM(AF58:AL58)+AT58+AV58+AX58+AZ58 -> 0 | AR58: =SUM(AN58:AQ58) -> 0 | BC58: =+AR58+AS58+AU58+AW58+AY58+BB58+BA58 -> 0
A60: 46033 | B60: Facial | C60: =(M60*E60*O60*Q60)/100000000 -> 47.159885 | D60: VP OW | E60: 13.5 | F60: 1 | G60: 1230 | H60: =+N60 -> 0.24 | I60: 0.88 | J60: =E60*G60*(1-H60)*1440/1000000*2.74 -> 49.792683 | K60: =(IF(G60<L60,L60,G60)*(1-IF(H60<N60,H60,N60))*E60*O60*Q60)/100000000 -> 48.338882 | L60: 1200 | M60: 912 | N60: =1-(M60/L60) -> 0.24 | O60: =+'Trim Rwd'!H32 -> 266 | P60: =O60*(Q60-R60-S60) -> 365750 | Q60: 1440 | R60: 0 | S60: 65 | T60: =E60*M60*O60*Q60/100000000 -> 47.159885 | U60: =E60*M60*O60*(Q60-R60-S60)/100000000 -> 45.03114 | V60: =E60*G60*(1-N60)*O60/100*(R60+S60)/1000000 -> 2.1819634 | W60: =+'11'!K9/1000 -> 45.264 | X60: =SUM(W60:W64)/SUM(K60:K64) -> 0.93638906 | Y60: 0 | Z60: =+'7'!D30/1000 -> 0 | AA60: =SUM(U60:U64)-SUM(W60:W64)-SUM(Z60:Z64)-SUM(Y60:Y64) -> -0.23286 | AB60: =(SUM(K60:K64)-SUM(W60:W64)-SUM(Y60:Y64)-SUM(Z60:Z64)-SUM(AC60:AC64)-SUM(V60:V64))-AA60 -> -0.05321862 | AC60: =K60-T60 -> 1.1789971 | AD60: =+AM60+BC60 -> 27 | AE60: - Sheet Breaks (9x) | AF60: 27 | AM60: =SUM(AF60:AL60)+AT60+AV60+AX60 -> 27 | AR60: =SUM(AN60:AQ60) -> 0 | BC60: =+AR60+AS60+AU60+AW60+AY60+BB60 -> 0 | BD60: 9
AD61: =+AM61+BC61 -> 0 | AE61: - Change Blade (0x) | AG61: 0 | AM61: =SUM(AF61:AL61)+AT61+AV61+AX61 -> 0 | AR61: =SUM(AN61:AQ61) -> 0 | BC61: =+AR61+AS61+AU61+AW61+AY61+BB61 -> 0 | BE61: 0
AD62: =+AM62+BC62 -> 38 | AE62: - Change Spool (28x) | AH62: 38 | AM62: =SUM(AF62:AL62)+AT62+AV62+AX62 -> 38 | AR62: =SUM(AN62:AQ62) -> 0 | BC62: =+AR62+AS62+AU62+AW62+AY62+BB62 -> 0
AD63: =+AM63+BC63 -> 0 | AE63: - Cleaning | AI63: 0 | AM63: =SUM(AF63:AL63)+AT63+AV63+AX63 -> 0 | AR63: =SUM(AN63:AQ63) -> 0 | BC63: =+AR63+AS63+AU63+AW63+AY63+BB63 -> 0
A65: 46034 | B65: Facial | C65: =(M65*E65*O65*Q65)/100000000 -> 14.002314 | D65: VP OW | E65: 13.5 | F65: 1 | G65: 1230 | H65: =+N65 -> 0.23 | I65: 0.88 | J65: =E65*G65*(1-H65)*1440/1000000*2.74 -> 50.44785 | K65: =(IF(G65<L65,L65,G65)*(1-IF(H65<N65,H65,N65))*E65*O65*Q65)/100000000 -> 14.352372 | L65: 1200 | M65: 924 | N65: =1-(M65/L65) -> 0.23 | O65: =+'Trim Rwd'!H34 -> 266 | P65: =O65*(Q65-R65-S65) -> 105336 | Q65: 422 | R65: 0 | S65: 26 | T65: =E65*M65*O65*Q65/100000000 -> 14.002314 | U65: =E65*M65*O65*(Q65-R65-S65)/100000000 -> 13.139613 | V65: =E65*G65*(1-N65)*O65/100*(R65+S65)/1000000 -> 0.88426939 | W65: =+'12'!K9/1000 -> 16.573 | X65: =SUM(W65:W69)/SUM(K65:K69) -> 0.88552141 | Y65: 0 | Z65: =+'7'!D35/1000 -> 1.5109603e-05 | AA65: =SUM(U65:U69)-SUM(W65:W69)-SUM(Z65:Z69)-SUM(Y65:Y69) -> 2.2657348 | AB65: =(SUM(K65:K69)-SUM(W65:W69)-SUM(Y65:Y69)-SUM(Z65:Z69)-SUM(AC65:AC69)-SUM(V65:V69))-AA65 -> -0.021567546 | AC65: =K65-T65 -> 0.35005786 | AD65: =+AM65+BC65 -> 12 | AE65: - Sheet Breaks (6x) | AF65: 12 | AM65: =SUM(AF65:AL65)+AT65+AV65+AX65 -> 12 | AR65: =SUM(AN65:AQ65) -> 0 | BC65: =+AR65+AS65+AU65+AW65+AY65+BB65 -> 0 | BD65: 6
B66: Facial | C66: =(M66*E66*O66*Q66)/100000000 -> 29.576549 | D66: VP OW | E66: 12 | F66: 1 | G66: 1230 | H66: =+N66 -> 0.24 | I66: 0.88 | J66: =E66*G66*(1-H66)*1440/1000000*2.74 -> 44.260163 | K66: =(IF(G66<L66,L66,G66)*(1-IF(H66<N66,H66,N66))*E66*O66*Q66)/100000000 -> 29.576549 | L66: 1230 | M66: 934.8 | N66: =1-(M66/L66) -> 0.24 | O66: =+'Trim Rwd'!H35 -> 259 | P66: =O66*(Q66-R66-S66) -> 252007 | Q66: 1018 | R66: 0 | S66: 45 | T66: =E66*M66*O66*Q66/100000000 -> 29.576549 | U66: =E66*M66*O66*(Q66-R66-S66)/100000000 -> 28.269137 | V66: =E66*G66*(1-N66)*O66/100*(R66+S66)/1000000 -> 1.3074113 | W66: =+'12'!K8/1000 -> 22.327 | Z66: =+'12'!D17/1000 -> 0.243 | AC66: =K66-T66 -> 0 | AD66: =+AM66+BC66 -> 10 | AE66: - Change Blade (5x) | AG66: 10 | AM66: =SUM(AF66:AL66)+AT66+AV66+AX66 -> 10 | AR66: =SUM(AN66:AQ66) -> 0 | BC66: =+AR66+AS66+AU66+AW66+AY66+BB66 -> 0 | BE66: 5
AD67: =+AM67+BC67 -> 49 | AE67: - Change Spool (27x) | AH67: 49 | AM67: =SUM(AF67:AL67)+AT67+AV67+AX67 -> 49 | AR67: =SUM(AN67:AQ67) -> 0 | BC67: =+AR67+AS67+AU67+AW67+AY67+BB67 -> 0
AD68: =+AM68+BC68 -> 0 | AE68: - Cleaning | AI68: 0 | AM68: =SUM(AF68:AL68)+AT68+AV68+AX68 -> 0 | AR68: =SUM(AN68:AQ68) -> 0 | BC68: =+AR68+AS68+AU68+AW68+AY68+BB68 -> 0
A70: 46035 | B70: Facial | C70: =(M70*E70*O70*Q70)/100000000 -> 26.99078 | D70: VP OW | E70: 12 | F70: 1 | G70: 1230 | H70: =+N70 -> 0.24 | I70: 0.88 | J70: =E70*G70*(1-H70)*1440/1000000*2.74 -> 44.260163 | K70: =(IF(G70<L70,L70,G70)*(1-IF(H70<N70,H70,N70))*E70*O70*Q70)/100000000 -> 26.99078 | L70: 1230 | M70: 934.8 | N70: =1-(M70/L70) -> 0.24 | O70: =+'Trim Rwd'!H37 -> 259 | P70: =O70*(Q70-R70-S70) -> 229474 | Q70: 929 | R70: 0 | S70: 43 | T70: =E70*M70*O70*Q70/100000000 -> 26.99078 | U70: =E70*M70*O70*(Q70-R70-S70)/100000000 -> 25.741475 | V70: =E70*G70*(1-N70)*O70/100*(R70+S70)/1000000 -> 1.2493041 | W70: =+'13'!K8/1000 -> 23.678 | X70: =SUM(W70:W74)/SUM(K70:K74) -> 0.89266475 | Y70: 0 | Z70: =+'13'!D7/1000 -> 0.5 | AA70: =SUM(U70:U74)-SUM(W70:W74)-SUM(Z70:Z74)-SUM(Y70:Y74) -> 2.2834875 | AB70: =(SUM(K70:K74)-SUM(W70:W74)-SUM(Y70:Y74)-SUM(Z70:Z74)-SUM(AC70:AC74)-SUM(V70:V74))-AA70 -> 0 | AC70: =K70-T70 -> 0 | AD70: =+AM70+BC70 -> 8 | AE70: - Sheet Breaks (3x) | AF70: 8 | AM70: =SUM(AF70:AL70)+AT70+AV70+AX70 -> 8 | AR70: =SUM(AN70:AQ70) -> 0 | BC70: =+AR70+AS70+AU70+AW70+AY70+BB70 -> 0 | BD70: 3
B71: Facial | C71: =(M71*E71*O71*Q71)/100000000 -> 16.653825 | D71: VP OW | E71: 14 | F71: 1 | G71: =+L71 -> 1180 | H71: =+N71 -> 0.28 | I71: 0.88 | J71: =E71*G71*(1-H71)*1440/1000000*2.74 -> 46.930545 | K71: =(IF(G71<L71,L71,G71)*(1-IF(H71<N71,H71,N71))*E71*O71*Q71)/100000000 -> 16.653825 | L71: 1180 | M71: 849.6 | N71: =1-(M71/L71) -> 0.28 | O71: =+'Trim Rwd'!H38 -> 274 | P71: =O71*(Q71-R71-S71) -> 134534 | Q71: 511 | R71: 0 | S71: 20 | T71: =E71*M71*O71*Q71/100000000 -> 16.653825 | U71: =E71*M71*O71*(Q71-R71-S71)/100000000 -> 16.002012 | V71: =E71*G71*(1-N71)*O71/100*(R71+S71)/1000000 -> 0.65181312 | W71: =+'13'!K11/1000 -> 15.282 | Z71: =+'12'!D22/1000 -> 0 | AC71: =K71-T71 -> 0 | AD71: =+AM71+BC71 -> 14 | AE71: - Change Blade (9x) | AG71: 14 | AM71: =SUM(AF71:AL71)+AT71+AV71+AX71 -> 14 | AR71: =SUM(AN71:AQ71) -> 0 | BC71: =+AR71+AS71+AU71+AW71+AY71+BB71 -> 0 | BE71: 9
AD72: =+AM72+BC72 -> 41 | AE72: - Change Spool (33x) | AH72: 41 | AM72: =SUM(AF72:AL72)+AT72+AV72+AX72 -> 41 | AR72: =SUM(AN72:AQ72) -> 0 | BC72: =+AR72+AS72+AU72+AW72+AY72+BB72 -> 0
AD73: =+AM73+BC73 -> 0 | AE73: - Cleaning | AI73: 0 | AM73: =SUM(AF73:AL73)+AT73+AV73+AX73 -> 0 | AR73: =SUM(AN73:AQ73) -> 0 | BC73: =+AR73+AS73+AU73+AW73+AY73+BB73 -> 0
A75: 46036 | B75: Facial | C75: =(M75*E75*O75*Q75)/100000000 -> 23.097599 | D75: VP OW | E75: 12 | F75: 1 | G75: 1230 | H75: =+N75 -> 0.24 | I75: 0.88 | J75: =E75*G75*(1-H75)*1440/1000000*2.74 -> 44.260163 | K75: =(IF(G75<L75,L75,G75)*(1-IF(H75<N75,H75,N75))*E75*O75*Q75)/100000000 -> 23.097599 | L75: 1230 | M75: 934.8 | N75: =1-(M75/L75) -> 0.24 | O75: =+'Trim Rwd'!H40 -> 259 | P75: =O75*(Q75-R75-S75) -> 195545 | Q75: 795 | R75: 0 | S75: 40 | T75: =E75*M75*O75*Q75/100000000 -> 23.097599 | U75: =E75*M75*O75*(Q75-R75-S75)/100000000 -> 21.935456 | V75: =E75*G75*(1-N75)*O75/100*(R75+S75)/1000000 -> 1.1621434 | W75: =+'14'!K8/1000 -> 17.624 | X75: =SUM(W75:W79)/SUM(K75:K79) -> 0.87886984 | Y75: 0 | Z75: =+'13'!D12/1000 -> 0 | AA75: =SUM(U75:U79)-SUM(W75:W79)-SUM(Z75:Z79)-SUM(Y75:Y79) -> 3.0274167 | AB75: =(SUM(K75:K79)-SUM(W75:W79)-SUM(Y75:Y79)-SUM(Z75:Z79)-SUM(AC75:AC79)-SUM(V75:V79))-AA75 -> -0.0043369248 | AC75: =K75-T75 -> 0 | AD75: =+AM75+BC75 -> 16 | AE75: - Sheet Breaks (8x) | AF75: 16 | AM75: =SUM(AF75:AL75)+AT75+AV75+AX75 -> 16 | AR75: =SUM(AN75:AQ75) -> 0 | BC75: =+AR75+AS75+AU75+AW75+AY75+BB75 -> 0 | BD75: 8
B76: Facial | C76: =(M76*E76*O76*Q76)/100000000 -> 20.132573 | D76: VP OW | E76: 13 | F76: 1 | G76: 1230 | H76: =+N76 -> 0.24 | I76: 0.88 | J76: =E76*G76*(1-H76)*1440/1000000*2.74 -> 47.948509 | K76: =(IF(G76<L76,L76,G76)*(1-IF(H76<N76,H76,N76))*E76*O76*Q76)/100000000 -> 20.222809 | L76: 1224.5116 | M76: 930.62884 | N76: =1-(M76/L76) -> 0.24 | O76: =+'Trim Rwd'!H41 -> 258 | P76: =O76*(Q76-R76-S76) -> 158412 | Q76: 645 | R76: 0 | S76: 31 | T76: =E76*M76*O76*Q76/100000000 -> 20.132573 | U76: =E76*M76*O76*(Q76-R76-S76)/100000000 -> 19.164961 | V76: =E76*G76*(1-N76)*O76/100*(R76+S76)/1000000 -> 0.97194895 | W76: =+'14'!K12/1000 -> 20.449 | Z76: =+'12'!D27/1000 -> 0 | AC76: =K76-T76 -> 0.090236016 | AD76: =+AM76+BC76 -> 0 | AE76: - Change Blade (0x) | AG76: 0 | AM76: =SUM(AF76:AL76)+AT76+AV76+AX76 -> 0 | AR76: =SUM(AN76:AQ76) -> 0 | BC76: =+AR76+AS76+AU76+AW76+AY76+BB76 -> 0 | BE76: 0
AD77: =+AM77+BC77 -> 55 | AE77: - Change Spool (30x) | AH77: 55 | AM77: =SUM(AF77:AL77)+AT77+AV77+AX77 -> 55 | AR77: =SUM(AN77:AQ77) -> 0 | BC77: =+AR77+AS77+AU77+AW77+AY77+BB77 -> 0
AD78: =+AM78+BC78 -> 0 | AE78: - Cleaning | AI78: 0 | AM78: =SUM(AF78:AL78)+AT78+AV78+AX78 -> 0 | AR78: =SUM(AN78:AQ78) -> 0 | BC78: =+AR78+AS78+AU78+AW78+AY78+BB78 -> 0
A80: 46037 | B80: Facial | C80: =(M80*E80*O80*Q80)/100000000 -> 6.6179353 | D80: VP OW | E80: 12 | F80: 1 | G80: 1230 | H80: =+N80 -> 0.24 | I80: 0.88 | J80: =E80*G80*(1-H80)*1440/1000000*2.74 -> 44.260163 | K80: =(IF(G80<L80,L80,G80)*(1-IF(H80<N80,H80,N80))*E80*O80*Q80)/100000000 -> 6.6179353 | L80: 1230 | M80: 934.8 | N80: =1-(M80/L80) -> 0.24 | O80: =+'Trim Rwd'!H43 -> 263.375 | P80: =O80*(Q80-R80-S80) -> 55045.375 | Q80: 224 | R80: 0 | S80: 15 | T80: =E80*M80*O80*Q80/100000000 -> 6.6179353 | U80: =E80*M80*O80*(Q80-R80-S80)/100000000 -> 6.17477 | V80: =E80*G80*(1-N80)*O80/100*(R80+S80)/1000000 -> 0.44316531 | W80: =+'15'!K8/1000 -> 9.766 | X80: =SUM(W80:W84)/SUM(K80:K84) -> 0.83141358 | Y80: 0 | Z80: =+'13'!D17/1000 -> 0 | AA80: =SUM(U80:U84)-SUM(W80:W84)-SUM(Z80:Z84)-SUM(Y80:Y84) -> 1.7058281 | AB80: =(SUM(K80:K84)-SUM(W80:W84)-SUM(Y80:Y84)-SUM(Z80:Z84)-SUM(AC80:AC84)-SUM(V80:V84))-AA80 -> -0.13551398 | AC80: =K80-T80 -> 0 | AD80: =+AM80+BC80 -> 14 | AE80: - Sheet Breaks (6x) | AF80: 14 | AM80: =SUM(AF80:AL80)+AT80+AV80+AX80 -> 14 | AR80: =SUM(AN80:AQ80) -> 0 | BC80: =+AR80+AS80+AU80+AW80+AY80+BB80 -> 0 | BD80: 6
B81: Facial | C81: =(M81*E81*O81*Q81)/100000000 -> 2.6175677 | D81: VP OW | E81: 13 | F81: 1 | G81: 1230 | H81: =+N81 -> 0.24 | I81: 0.88 | J81: =E81*G81*(1-H81)*1440/1000000*2.74 -> 47.948509 | K81: =(IF(G81<L81,L81,G81)*(1-IF(H81<N81,H81,N81))*E81*O81*Q81)/100000000 -> 2.6830069 | L81: 1200 | M81: 912 | N81: =1-(M81/L81) -> 0.24 | O81: =+'Trim Rwd'!H45 -> 266 | P81: =O81*(Q81-R81-S81) -> 20482 | Q81: 83 | R81: 0 | S81: 6 | T81: =E81*M81*O81*Q81/100000000 -> 2.6175677 | U81: =E81*M81*O81*(Q81-R81-S81)/100000000 -> 2.4283459 | V81: =E81*G81*(1-N81)*O81/100*(R81+S81)/1000000 -> 0.1939523 | W81: =+'15'!K12/1000 -> 5.379 | Z81: =+'12'!D32/1000 -> 0 | AC81: =K81-T81 -> 0.065439192 | AD81: =+AM81+BC81 -> 0 | AE81: - Change Blade (0x) | AG81: 0 | AM81: =SUM(AF81:AL81)+AT81+AV81+AX81 -> 0 | AR81: =SUM(AN81:AQ81) -> 0 | BC81: =+AR81+AS81+AU81+AW81+AY81+BB81 -> 0 | BE81: 0
B82: Facial | C82: =(M82*E82*O82*Q82)/100000000 -> 39.73134 | D82: VP OW | E82: 16 | F82: 1 | G82: 1180 | H82: =+N82 -> 0.26 | I82: 0.88 | J82: =E82*G82*(1-H82)*1440/1000000*2.74 -> 55.124767 | K82: =(IF(G82<L82,L82,G82)*(1-IF(H82<N82,H82,N82))*E82*O82*Q82)/100000000 -> 43.530766 | L82: 1077.0079 | M82: 796.98588 | N82: =1-(M82/L82) -> 0.26 | O82: =+'Trim Rwd'!H47 -> 275 | P82: =O82*(Q82-R82-S82) -> 300850 | Q82: 1133 | R82: 0 | S82: =60-S80-S81 -> 39 | T82: =E82*M82*O82*Q82/100000000 -> 39.73134 | U82: =E82*M82*O82*(Q82-R82-S82)/100000000 -> 38.363712 | V82: =E82*G82*(1-N82)*O82/100*(R82+S82)/1000000 -> 1.4984112 | W82: =+'15'!K13/1000 -> 28.78 | Z82: =+'15'!D25/1000 -> 1.336 | AC82: =K82-T82 -> 3.7994264 | AD82: =+AM82+BC82 -> 46 | AE82: - Change Spool (32x) | AH82: 46 | AM82: =SUM(AF82:AL82)+AT82+AV82+AX82 -> 46 | AR82: =SUM(AN82:AQ82) -> 0 | BC82: =+AR82+AS82+AU82+AW82+AY82+BB82 -> 0
AD83: =+AM83+BC83 -> 0 | AE83: - Cleaning | AI83: 0 | AM83: =SUM(AF83:AL83)+AT83+AV83+AX83 -> 0 | AR83: =SUM(AN83:AQ83) -> 0 | BC83: =+AR83+AS83+AU83+AW83+AY83+BB83 -> 0
A85: 46038 | B85: Facial | C85: =(M85*E85*O85*Q85)/100000000 -> 11.850538 | D85: VP OW | E85: 16 | F85: 1 | G85: 1180 | H85: =+N85 -> 0.26 | I85: 0.88 | J85: =E85*G85*(1-H85)*1440/1000000*2.74 -> 55.124767 | K85: =(IF(G85<L85,L85,G85)*(1-IF(H85<N85,H85,N85))*E85*O85*Q85)/100000000 -> 12.94781 | L85: 1080 | M85: 799.2 | N85: =1-(M85/L85) -> 0.26 | O85: =+'Trim Rwd'!H49 -> 275 | P85: =O85*(Q85-R85-S85) -> 88825 | Q85: 337 | R85: 0 | S85: 14 | T85: =E85*M85*O85*Q85/100000000 -> 11.850538 | U85: =E85*M85*O85*(Q85-R85-S85)/100000000 -> 11.35823 | V85: =E85*G85*(1-N85)*O85/100*(R85+S85)/1000000 -> 0.5378912 | W85: =+'16'!K12/1000 -> 27.06 | X85: =SUM(W85:W89)/SUM(K85:K89) -> 0.81060254 | Y85: 0 | Z85: =+'13'!D22/1000 -> 0 | AA85: =SUM(U85:U89)-SUM(W85:W89)-SUM(Z85:Z89)-SUM(Y85:Y89) -> 5.5718469 | AB85: =(SUM(K85:K89)-SUM(W85:W89)-SUM(Y85:Y89)-SUM(Z85:Z89)-SUM(AC85:AC89)-SUM(V85:V89))-AA85 -> -0.069080308 | AC85: =K85-T85 -> 1.097272 | AD85: =+AM85+BC85 -> 8 | AE85: - Sheet Breaks (4x) | AF85: 8 | AM85: =SUM(AF85:AL85)+AT85+AV85+AX85 -> 8 | AR85: =SUM(AN85:AQ85) -> 0 | BC85: =+AR85+AS85+AU85+AW85+AY85+BB85 -> 0 | BD85: 4
B86: Facial | C86: =(M86*E86*O86*Q86)/100000000 -> 34.691502 | D86: VP OW | E86: 13 | F86: 1 | G86: 1230 | H86: =+N86 -> 0.24435369 | I86: 0.88 | J86: =E86*G86*(1-H86)*1440/1000000*2.74 -> 47.673834 | K86: =(IF(G86<L86,L86,G86)*(1-IF(H86<N86,H86,N86))*E86*O86*Q86)/100000000 -> 35.280512 | L86: 1209.4651 | M86: 913.92783 | N86: =1-(M86/L86) -> 0.24435369 | O86: =+'Trim Rwd'!H50 -> 264.7234 | P86: =O86*(Q86-R86-S86) -> 280342.09 | Q86: 1103 | R86: 0 | S86: =58-S85 -> 44 | T86: =E86*M86*O86*Q86/100000000 -> 34.691502 | U86: =E86*M86*O86*(Q86-R86-S86)/100000000 -> 33.307616 | V86: =E86*G86*(1-N86)*O86/100*(R86+S86)/1000000 -> 1.4073822 | W86: =+'16'!K13/1000 -> 12.034 | AC86: =K86-T86 -> 0.58900972 | AD86: =+AM86+BC86 -> 0 | AE86: - Change Blade (0x) | AG86: 0 | AM86: =SUM(AF86:AL86)+AT86+AV86+AX86 -> 0 | AR86: =SUM(AN86:AQ86) -> 0 | BC86: =+AR86+AS86+AU86+AW86+AY86+BB86 -> 0 | BE86: 0
AD87: =+AM87+BC87 -> 50 | AE87: - Change Spool (26x) | AH87: 50 | AM87: =SUM(AF87:AL87)+AT87+AV87+AX87 -> 50 | AR87: =SUM(AN87:AQ87) -> 0 | BC87: =+AR87+AS87+AU87+AW87+AY87+BB87 -> 0
AD88: =+AM88+BC88 -> 0 | AE88: - Cleaning | AI88: 0 | AM88: =SUM(AF88:AL88)+AT88+AV88+AX88 -> 0 | AR88: =SUM(AN88:AQ88) -> 0 | BC88: =+AR88+AS88+AU88+AW88+AY88+BB88 -> 0
A90: 46039 | B90: Facial | C90: =(M90*E90*O90*Q90)/100000000 -> 45.312091 | D90: VP OW | E90: 13 | F90: 1 | G90: 1230 | H90: =+N90 -> 0.24 | I90: 0.88 | J90: =E90*G90*(1-H90)*1440/1000000*2.74 -> 47.948509 | K90: =(IF(G90<L90,L90,G90)*(1-IF(H90<N90,H90,N90))*E90*O90*Q90)/100000000 -> 45.498586 | L90: 1224.9583 | M90: 930.96833 | N90: =1-(M90/L90) -> 0.24 | O90: =+'Trim Rwd'!H53 -> 260 | P90: =O90*(Q90-R90-S90) -> 354380 | Q90: 1440 | R90: 0 | S90: 77 | T90: =E90*M90*O90*Q90/100000000 -> 45.312091 | U90: =E90*M90*O90*(Q90-R90-S90)/100000000 -> 42.889153 | V90: =E90*G90*(1-N90)*O90/100*(R90+S90)/1000000 -> 2.4329105 | W90: =+'17'!K12/1000 -> 43.94 | X90: =SUM(W90:W94)/SUM(K90:K94) -> 0.96574431 | Y90: 0 | Z90: =+'17'!D34/1000 -> 0.527 | AA90: =SUM(U90:U94)-SUM(W90:W94)-SUM(Z90:Z94)-SUM(Y90:Y94) -> -1.5778475 | AB90: =(SUM(K90:K94)-SUM(W90:W94)-SUM(Y90:Y94)-SUM(Z90:Z94)-SUM(AC90:AC94)-SUM(V90:V94))-AA90 -> -0.0099722957 | AC90: =K90-T90 -> 0.18649488 | AD90: =+AM90+BC90 -> 16 | AE90: - Sheet Breaks (6x) | AF90: 16 | AM90: =SUM(AF90:AL90)+AT90+AV90+AX90 -> 16 | AR90: =SUM(AN90:AQ90) -> 0 | BC90: =+AR90+AS90+AU90+AW90+AY90+BB90 -> 0 | BD90: 6
AC91: =K91-T91 -> 0 | AD91: =+AM91+BC91 -> 0 | AE91: - Change Blade (0x) | AG91: 0 | AM91: =SUM(AF91:AL91)+AT91+AV91+AX91 -> 0 | AR91: =SUM(AN91:AQ91) -> 0 | BC91: =+AR91+AS91+AU91+AW91+AY91+BB91 -> 0 | BE91: 0
AD92: =+AM92+BC92 -> 61 | AE92: - Change Spool (28x) | AH92: 61 | AM92: =SUM(AF92:AL92)+AT92+AV92+AX92 -> 61 | AR92: =SUM(AN92:AQ92) -> 0 | BC92: =+AR92+AS92+AU92+AW92+AY92+BB92 -> 0
AD93: =+AM93+BC93 -> 0 | AE93: - Cleaning | AI93: 0 | AM93: =SUM(AF93:AL93)+AT93+AV93+AX93 -> 0 | AR93: =SUM(AN93:AQ93) -> 0 | BC93: =+AR93+AS93+AU93+AW93+AY93+BB93 -> 0
A95: 46040 | B95: Facial | C95: =(M95*E95*O95*Q95)/100000000 -> 15.166195 | D95: VP OW | E95: 13 | F95: 1 | G95: 1230 | H95: =+N95 -> 0.24 | I95: 0.88 | J95: =E95*G95*(1-H95)*1440/1000000*2.74 -> 47.948509 | K95: =(IF(G95<L95,L95,G95)*(1-IF(H95<N95,H95,N95))*E95*O95*Q95)/100000000 -> 15.166195 | L95: 1230 | M95: 934.8 | N95: =1-(M95/L95) -> 0.24 | O95: =+'Trim Rwd'!H55 -> 260 | P95: =O95*(Q95-R95-S95) -> 119600 | Q95: 480 | R95: 0 | S95: 20 | T95: =E95*M95*O95*Q95/100000000 -> 15.166195 | U95: =E95*M95*O95*(Q95-R95-S95)/100000000 -> 14.53427 | V95: =E95*G95*(1-N95)*O95/100*(R95+S95)/1000000 -> 0.6319248 | W95: =+'18'!K12/1000 -> 15.583 | X95: =SUM(W95:W99)/SUM(K95:K99) -> 0.87883815 | Y95: 0 | Z95: =+'13'!D32/1000 -> 0 | AA95: =SUM(U95:U99)-SUM(W95:W99)-SUM(Z95:Z99)-SUM(Y95:Y99) -> 2.2560716 | AB95: =(SUM(K95:K99)-SUM(W95:W99)-SUM(Y95:Y99)-SUM(Z95:Z99)-SUM(AC95:AC99)-SUM(V95:V99))-AA95 -> 0 | AC95: =K95-T95 -> 0 | AD95: =+AM95+BC95 -> 23 | AE95: - Sheet Breaks (8x) | AF95: 23 | AM95: =SUM(AF95:AL95)+AT95+AV95+AX95 -> 23 | AR95: =SUM(AN95:AQ95) -> 0 | BC95: =+AR95+AS95+AU95+AW95+AY95+BB95 -> 0 | BD95: 8
B96: Facial | C96: =(M96*E96*O96*Q96)/100000000 -> 32.225921 | D96: VP OW | E96: 13.5 | F96: 1 | G96: 1230 | H96: =+N96 -> 0.24 | I96: 0.88 | J96: =E96*G96*(1-H96)*1440/1000000*2.74 -> 49.792683 | K96: =(IF(G96<L96,L96,G96)*(1-IF(H96<N96,H96,N96))*E96*O96*Q96)/100000000 -> 32.225921 | L96: 1230 | M96: 934.8 | N96: =1-(M96/L96) -> 0.24 | O96: =+'Trim Rwd'!H56 -> 266 | P96: =O96*(Q96-R96-S96) -> 239400 | Q96: =1440-Q95 -> 960 | R96: 0 | S96: =80-S95 -> 60 | T96: =E96*M96*O96*Q96/100000000 -> 32.225921 | U96: =E96*M96*O96*(Q96-R96-S96)/100000000 -> 30.211801 | V96: =E96*G96*(1-N96)*O96/100*(R96+S96)/1000000 -> 2.0141201 | W96: =+'18'!K9/1000 -> 26.067 | Z96: =+'18'!D25/1000 -> 0.84 | AC96: =K96-T96 -> 0 | AD96: =+AM96+BC96 -> 0 | AE96: - Change Blade (0x) | AG96: 0 | AM96: =SUM(AF96:AL96)+AT96+AV96+AX96 -> 0 | AR96: =SUM(AN96:AQ96) -> 0 | BC96: =+AR96+AS96+AU96+AW96+AY96+BB96 -> 0 | BE96: 0
AD97: =+AM97+BC97 -> 49 | AE97: - Change Spool (26x) | AH97: 49 | AM97: =SUM(AF97:AL97)+AT97+AV97+AX97 -> 49 | AR97: =SUM(AN97:AQ97) -> 0 | BC97: =+AR97+AS97+AU97+AW97+AY97+BB97 -> 0
AD98: =+AM98+BC98 -> 8 | AE98: - Cleaning | AI98: 8 | AM98: =SUM(AF98:AL98)+AT98+AV98+AX98 -> 8 | AR98: =SUM(AN98:AQ98) -> 0 | BC98: =+AR98+AS98+AU98+AW98+AY98+BB98 -> 0
A100: 46041 | B100: Facial | C100: =(M100*E100*O100*Q100)/100000000 -> 47.509217 | D100: VP OW | E100: 13.5 | F100: 1 | G100: 1230 | H100: =+N100 -> 0.24 | I100: 0.88 | J100: =E100*G100*(1-H100)*1440/1000000*2.74 -> 49.792683 | K100: =(IF(G100<L100,L100,G100)*(1-IF(H100<N100,H100,N100))*E100*O100*Q100)/100000000 -> 48.338882 | L100: 1208.8889 | M100: 918.75556 | N100: =1-(M100/L100) -> 0.24 | O100: =+'Trim Rwd'!H58 -> 266 | P100: =O100*(Q100-R100-S100) -> 352982 | Q100: =1440-Q99 -> 1440 | R100: 0 | S100: 113 | T100: =E100*M100*O100*Q100/100000000 -> 47.509217 | U100: =E100*M100*O100*(Q100-R100-S100)/100000000 -> 43.781063 | V100: =E100*G100*(1-N100)*O100/100*(R100+S100)/1000000 -> 3.7932595 | W100: =+'19'!K9/1000 -> 43.503 | X100: =SUM(W100:W104)/SUM(K100:K104) -> 0.89995876 | Y100: 0 | Z100: 0 | AA100: =SUM(U100:U104)-SUM(W100:W104)-SUM(Z100:Z104)-SUM(Y100:Y104) -> 0.27806342 | AB100: =(SUM(K100:K104)-SUM(W100:W104)-SUM(Y100:Y104)-SUM(Z100:Z104)-SUM(AC100:AC104)-SUM(V100:V104))-AA100 -> -0.065105628 | AC100: =K100-T100 -> 0.82966464 | AD100: =+AM100+BC100 -> 27 | AE100: - Sheet Breaks (9x) | AF100: 27 | AM100: =SUM(AF100:AL100)+AT100+AV100+AX100 -> 27 | AR100: =SUM(AN100:AQ100) -> 0 | BC100: =+AR100+AS100+AU100+AW100+AY100+BB100 -> 0 | BD100: 9
AC101: =K101-T101 -> 0 | AD101: =+AM101+BC101 -> 0 | AE101: - Change Blade (0x) | AG101: 0 | AM101: =SUM(AF101:AL101)+AT101+AV101+AX101 -> 0 | AR101: =SUM(AN101:AQ101) -> 0 | BC101: =+AR101+AS101+AU101+AW101+AY101+BB101 -> 0 | BE101: 0
AD102: =+AM102+BC102 -> 36 | AE102: - Change Spool (27x) | AH102: 36 | AM102: =SUM(AF102:AL102)+AT102+AV102+AX102 -> 36 | AR102: =SUM(AN102:AQ102) -> 0 | BC102: =+AR102+AS102+AU102+AW102+AY102+BB102 -> 0
AD103: =+AM103+BC103 -> 50 | AE103: - Loss speed karena EID | AK103: 50 | AM103: =SUM(AF103:AL103)+AT103+AV103+AX103 -> 50 | AR103: =SUM(AN103:AQ103) -> 0 | BC103: =+AR103+AS103+AU103+AW103+AY103+BB103 -> 0
A105: 46042 | B105: Facial | C105: =(M105*E105*O105*Q105)/100000000 -> 32.044159 | D105: VP OW | E105: 13.5 | F105: 1 | G105: 1230 | H105: =+N105 -> 0.24 | I105: 0.88 | J105: =E105*G105*(1-H105)*1440/1000000*2.74 -> 49.792683 | K105: =(IF(G105<L105,L105,G105)*(1-IF(H105<N105,H105,N105))*E105*O105*Q105)/100000000 -> 32.225921 | L105: 1223.0625 | M105: 929.5275 | N105: =1-(M105/L105) -> 0.24 | O105: =+'Trim Rwd'!H60 -> 266 | P105: =O105*(Q105-R105-S105) -> 235144 | Q105: 960 | R105: 0 | S105: 76 | T105: =E105*M105*O105*Q105/100000000 -> 32.044159 | U105: =E105*M105*O105*(Q105-R105-S105)/100000000 -> 29.50733 | V105: =E105*G105*(1-N105)*O105/100*(R105+S105)/1000000 -> 2.5512188 | W105: =+'20'!K9/1000 -> 35.351 | X105: =SUM(W105:W109)/SUM(K105:K109) -> 0.98248915 | Y105: 0 | Z105: 0 | AA105: =SUM(U105:U109)-SUM(W105:W109)-SUM(Z105:Z109)-SUM(Y105:Y109) -> -2.5150038 | AB105: =(SUM(K105:K109)-SUM(W105:W109)-SUM(Y105:Y109)-SUM(Z105:Z109)-SUM(AC105:AC109)-SUM(V105:V109))-AA105 -> -0.014389496 | AC105: =K105-T105 -> 0.18176206 | AD105: =+AM105+BC105 -> 12 | AE105: - Sheet Breaks (6x) | AF105: 12 | AM105: =SUM(AF105:AL105)+AT105+AV105+AX105 -> 12 | AR105: =SUM(AN105:AQ105) -> 0 | BC105: =+AR105+AS105+AU105+AW105+AY105+BB105 -> 0 | BD105: 6
B106: Facial | C106: =(M106*E106*O106*Q106)/100000000 -> 14.932869 | D106: VP OW | E106: 13 | F106: 1 | G106: 1230 | H106: =+N106 -> 0.24 | I106: 0.88 | J106: =E106*G106*(1-H106)*1440/1000000*2.74 -> 47.948509 | K106: =(IF(G106<L106,L106,G106)*(1-IF(H106<N106,H106,N106))*E106*O106*Q106)/100000000 -> 14.932869 | L106: 1230 | M106: 934.8 | N106: =1-(M106/L106) -> 0.24 | O106: =+'Trim Rwd'!H61 -> 256 | P106: =O106*(Q106-R106-S106) -> 117760 | Q106: 480 | R106: 0 | S106: 20 | T106: =E106*M106*O106*Q106/100000000 -> 14.932869 | U106: =E106*M106*O106*(Q106-R106-S106)/100000000 -> 14.310666 | V106: =E106*G106*(1-N106)*O106/100*(R106+S106)/1000000 -> 0.62220288 | W106: =+'20'!K12/1000 -> 10.982 | AC106: =K106-T106 -> 0 | AD106: =+AM106+BC106 -> 8 | AE106: - Change Blade (4x) | AG106: 8 | AM106: =SUM(AF106:AL106)+AT106+AV106+AX106 -> 8 | AR106: =SUM(AN106:AQ106) -> 0 | BC106: =+AR106+AS106+AU106+AW106+AY106+BB106 -> 0 | BE106: 4
AD107: =+AM107+BC107 -> 39 | AE107: - Change Spool (29x) | AH107: 39 | AM107: =SUM(AF107:AL107)+AT107+AV107+AX107 -> 39 | AR107: =SUM(AN107:AQ107) -> 0 | BC107: =+AR107+AS107+AU107+AW107+AY107+BB107 -> 0
AD108: =+AM108+BC108 -> 37 | AE108: - Loss speed karena EID | AK108: 37 | AM108: =SUM(AF108:AL108)+AT108+AV108+AX108 -> 37 | AR108: =SUM(AN108:AQ108) -> 0 | BC108: =+AR108+AS108+AU108+AW108+AY108+BB108 -> 0
A110: 46043 | B110: Facial | C110: =(M110*E110*O110*Q110)/100000000 -> 30.612382 | D110: VP OW | E110: 13 | F110: 1 | G110: 1230 | H110: =+N110 -> 0.24 | I110: 0.88 | J110: =E110*G110*(1-H110)*1440/1000000*2.74 -> 47.948509 | K110: =(IF(G110<L110,L110,G110)*(1-IF(H110<N110,H110,N110))*E110*O110*Q110)/100000000 -> 30.612382 | L110: 1230 | M110: 934.8 | N110: =1-(M110/L110) -> 0.24 | O110: =+'Trim Rwd'!H63 -> 256 | P110: =O110*(Q110-R110-S110) -> 241664 | Q110: 984 | R110: 0 | S110: 40 | T110: =E110*M110*O110*Q110/100000000 -> 30.612382 | U110: =E110*M110*O110*(Q110-R110-S110)/100000000 -> 29.367976 | V110: =E110*G110*(1-N110)*O110/100*(R110+S110)/1000000 -> 1.2444058 | W110: =+'21'!K12/1000 -> 31.542 | X110: =SUM(W110:W113)/SUM(K110:K113) -> 0.91274434 | Y110: 0 | Z110: 0 | AA110: =SUM(U110:U113)-SUM(W110:W113)-SUM(Z110:Z113)-SUM(Y110:Y113) -> 1.5775014 | AB110: =(SUM(K110:K113)-SUM(W110:W113)-SUM(Y110:Y113)-SUM(Z110:Z113)-SUM(AC110:AC113)-SUM(V110:V113))-AA110 -> 0.054340608 | AC110: =K110-T110 -> 0 | AD110: =+AM110+BC110 -> 18 | AE110: - Sheet Breaks (6x) | AF110: 18 | AM110: =SUM(AF110:AL110)+AT110+AV110+AX110 -> 18 | AR110: =SUM(AN110:AQ110) -> 0 | BC110: =+AR110+AS110+AU110+AW110+AY110+BB110 -> 0 | BD110: 6
B111: Facial | C111: =(M111*E111*O111*Q111)/100000000 -> 11.30162 | D111: VP OW | E111: 11 | F111: 1 | G111: 1230 | H111: =+N111 -> 0.24 | I111: 0.88 | J111: =E111*G111*(1-H111)*1440/1000000*2.74 -> 40.571816 | K111: =(IF(G111<L111,L111,G111)*(1-IF(H111<N111,H111,N111))*E111*O111*Q111)/100000000 -> 11.30162 | L111: 1230 | M111: 934.8 | N111: =1-(M111/L111) -> 0.24 | O111: =+'Trim Rwd'!H64 -> 258 | P111: =O111*(Q111-R111-S111) -> 103458 | Q111: 426 | R111: 0 | S111: 25 | T111: =E111*M111*O111*Q111/100000000 -> 11.30162 | U111: =E111*M111*O111*(Q111-R111-S111)/100000000 -> 10.638379 | V111: =E111*G111*(1-N111)*O111/100*(R111+S111)/1000000 -> 0.6632406 | W111: =+'21'!K14/1000 -> 7.668 | AC111: =K111-T111 -> 0 | AD111: =+AM111+BC111 -> 9 | AE111: - Change Blade (5x) | AG111: 9 | AM111: =SUM(AF111:AL111)+AT111+AV111+AX111 -> 9 | AR111: =SUM(AN111:AQ111) -> 0 | BC111: =+AR111+AS111+AU111+AW111+AY111+BB111 -> 0 | BE111: 5
B112: Facial | C112: =(M112*E112*O112*Q112)/100000000 -> 0.9764328 | D112: VP OW | E112: 14 | F112: 1 | G112: 1230 | H112: =+N112 -> 0.24 | I112: 0.88 | J112: =E112*G112*(1-H112)*1440/1000000*2.74 -> 51.636856 | K112: =(IF(G112<L112,L112,G112)*(1-IF(H112<N112,H112,N112))*E112*O112*Q112)/100000000 -> 1.0443586 | L112: 1150 | M112: 874 | N112: =1-(M112/L112) -> 0.24 | O112: =+'Trim Rwd'!H65 -> 266 | P112: =O112*(Q112-R112-S112) -> 6384 | Q112: 30 | R112: 0 | S112: =71-S110-S111 -> 6 | T112: =E112*M112*O112*Q112/100000000 -> 0.9764328 | U112: =E112*M112*O112*(Q112-R112-S112)/100000000 -> 0.78114624 | V112: =E112*G112*(1-N112)*O112/100*(R112+S112)/1000000 -> 0.20887171 | W112: =+'20'!K16/1000 -> 0 | AD112: =+AM112+BC112 -> 44 | AE112: - Change Spool (22x) | AH112: 44 | AM112: =SUM(AF112:AL112)+AT112+AV112+AX112 -> 44 | AR112: =SUM(AN112:AQ112) -> 0 | BC112: =+AR112+AS112+AU112+AW112+AY112+BB112 -> 0
A114: 46044 | B114: Facial | C114: =(M114*E114*O114*Q114)/100000000 -> 5.2076416 | D114: VP OW | E114: 14 | F114: 1 | G114: 1230 | H114: =+N114 -> 0.24 | I114: 0.88 | J114: =E114*G114*(1-H114)*1440/1000000*2.74 -> 51.636856 | K114: =(IF(G114<L114,L114,G114)*(1-IF(H114<N114,H114,N114))*E114*O114*Q114)/100000000 -> 5.5699123 | L114: 1150 | M114: =+L114-L114*0.24 -> 874 | N114: =1-(M114/L114) -> 0.24 | O114: =+'Trim Rwd'!H68 -> 266 | P114: =O114*(Q114-R114-S114) -> 40166 | Q114: 160 | R114: 0 | S114: 9 | T114: =E114*M114*O114*Q114/100000000 -> 5.2076416 | U114: =E114*M114*O114*(Q114-R114-S114)/100000000 -> 4.9147118 | V114: =E114*G114*(1-N114)*O114/100*(R114+S114)/1000000 -> 0.31330757 | W114: =+'22'!K11/1000 -> 5.092 | X114: =SUM(W114:W117)/SUM(K114:K117) -> 0.93140348 | Y114: 0 | Z114: 0 | AA114: =SUM(U114:U117)-SUM(W114:W117)-SUM(Z114:Z117)-SUM(Y114:Y117) -> 0.598606 | AB114: =(SUM(K114:K117)-SUM(W114:W117)-SUM(Y114:Y117)-SUM(Z114:Z117)-SUM(AC114:AC117)-SUM(V114:V117))-AA114 -> -0.020377728 | AC114: =K114-T114 -> 0.36227072 | AD114: =+AM114+BC114 -> 38 | AE114: - Sheet Breaks (8x) | AF114: 38 | AM114: =SUM(AF114:AL114)+AT114+AV114+AX114 -> 38 | AR114: =SUM(AN114:AQ114) -> 0 | BC114: =+AR114+AS114+AU114+AW114+AY114+BB114 -> 0 | BD114: 8
B115: Toilet | C115: =(M115*E115*O115*Q115)/100000000 -> 40.132086 | D115: VP OW | E115: 13 | F115: 1 | G115: =+L115 -> 1230 | H115: =+N115 -> 0.24 | I115: 0.88 | J115: =E115*G115*(1-H115)*1440/1000000*2.74 -> 47.948509 | K115: =(IF(G115<L115,L115,G115)*(1-IF(H115<N115,H115,N115))*E115*O115*Q115)/100000000 -> 40.132086 | L115: 1230 | M115: =+L115-L115*0.24 -> 934.8 | N115: =1-(M115/L115) -> 0.24 | O115: =+'Trim Rwd'!H69 -> 258 | P115: =O115*(Q115-R115-S115) -> 314760 | Q115: 1280 | R115: 0 | S115: 60 | T115: =E115*M115*O115*Q115/100000000 -> 40.132086 | U115: =E115*M115*O115*(Q115-R115-S115)/100000000 -> 38.250894 | V115: =E115*G115*(1-N115)*O115/100*(R115+S115)/1000000 -> 1.8811915 | W115: =+'22'!K7/1000 -> 34.83 | AC115: =K115-T115 -> 0 | AD115: =+AM115+BC115 -> 0 | AE115: - Change Blade (0x) | AG115: 0 | AM115: =SUM(AF115:AL115)+AT115+AV115+AX115 -> 0 | AR115: =SUM(AN115:AQ115) -> 0 | BC115: =+AR115+AS115+AU115+AW115+AY115+BB115 -> 0 | BE115: 0
B116: Facial | E116: 11 | W116: =+'22'!K14/1000 -> 2.645 | AC116: =K116-T116 -> 0 | AD116: =+AM116+BC116 -> 31 | AE116: - Change Spool (28x) | AH116: 31 | AM116: =SUM(AF116:AL116)+AT116+AV116+AX116 -> 31 | AR116: =SUM(AN116:AQ116) -> 0 | BC116: =+AR116+AS116+AU116+AW116+AY116+BB116 -> 0
A118: 46045 | B118: Toilet | C118: =(M118*E118*O118*Q118)/100000000 -> 38.250894 | D118: VP OW | E118: 13 | F118: 1 | G118: 1230 | H118: =+N118 -> 0.24 | I118: 0.88 | J118: =E118*G118*(1-H118)*1440/1000000*2.74 -> 47.948509 | K118: =(IF(G118<L118,L118,G118)*(1-IF(H118<N118,H118,N118))*E118*O118*Q118)/100000000 -> 45.148596 | L118: 1042.0833 | M118: 791.98333 | N118: =1-(M118/L118) -> 0.24 | O118: =+'Trim Rwd'!H71 -> 258 | P118: =O118*(Q118-R118-S118) -> 356040 | Q118: 1440 | R118: 0 | S118: =24+36 -> 60 | T118: =E118*M118*O118*Q118/100000000 -> 38.250894 | U118: =E118*M118*O118*(Q118-R118-S118)/100000000 -> 36.657107 | V118: =E118*G118*(1-N118)*O118/100*(R118+S118)/1000000 -> 1.8811915 | W118: =+'23'!K7/1000 -> 36.118 | X118: =SUM(W118:W122)/SUM(K118:K122) -> 0.79998057 | Y118: 0 | Z118: =+'23'!D16/1000 -> 0.285 | AA118: =SUM(U118:U122)-SUM(W118:W122)-SUM(Z118:Z122)-SUM(Y118:Y122) -> 0.25410698 | AB118: =(SUM(K118:K122)-SUM(W118:W122)-SUM(Y118:Y122)-SUM(Z118:Z122)-SUM(AC118:AC122)-SUM(V118:V122))-AA118 -> -0.28740426 | AC118: =K118-T118 -> 6.8977022 | AD118: =+AM118+BC118 -> 24 | AE118: - Sheet Breaks (9x) | AF118: 24 | AM118: =SUM(AF118:AL118)+AT118+AV118+AX118 -> 24 | AR118: =SUM(AN118:AQ118) -> 0 | BC118: =+AR118+AS118+AU118+AW118+AY118+BB118 -> 0 | BD118: 9
AC119: =K119-T119 -> 0 | AD119: =+AM119+BC119 -> 0 | AE119: - Change Blade (0x) | AG119: 0 | AM119: =SUM(AF119:AL119)+AT119+AV119+AX119 -> 0 | AR119: =SUM(AN119:AQ119) -> 0 | BC119: =+AR119+AS119+AU119+AW119+AY119+BB119 -> 0 | BE119: 0
AD120: =+AM120+BC120 -> 36 | AE120: - Change Spool (24x) | AH120: 36 | AM120: =SUM(AF120:AL120)+AT120+AV120+AX120 -> 36 | AR120: =SUM(AN120:AQ120) -> 0 | BC120: =+AR120+AS120+AU120+AW120+AY120+BB120 -> 0
AD121: =+AM121+BC121 -> 0 | AE121: - Loss Speed Efek PGN | AM121: =SUM(AF121:AL121)+AT121+AV121+AX121+AZ121 -> 0 | AR121: =SUM(AN121:AQ121) -> 0 | BC121: =+AR121+AS121+AU121+AW121+AY121+BB121+BA121 -> 0
A123: 46046 | B123: Toilet | C123: =(M123*E123*O123*Q123)/100000000 -> 36.31031 | D123: VP OW | E123: 13 | F123: 1 | G123: 1230 | H123: =+N123 -> 0.24 | I123: 0.88 | J123: =E123*G123*(1-H123)*1440/1000000*2.74 -> 47.948509 | K123: =(IF(G123<L123,L123,G123)*(1-IF(H123<N123,H123,N123))*E123*O123*Q123)/100000000 -> 45.148596 | L123: 989.21528 | M123: 751.80361 | N123: =1-(M123/L123) -> 0.24 | O123: =+'Trim Rwd'!H73 -> 258 | P123: =O123*(Q123-R123-S123) -> 355266 | Q123: 1440 | R123: 0 | S123: 63 | T123: =E123*M123*O123*Q123/100000000 -> 36.31031 | U123: =E123*M123*O123*(Q123-R123-S123)/100000000 -> 34.721734 | V123: =E123*G123*(1-N123)*O123/100*(R123+S123)/1000000 -> 1.9752511 | W123: =+'24'!K7/1000 -> 33.08 | X123: =SUM(W123:W127)/SUM(K123:K127) -> 0.73269166 | Y123: 0 | Z123: =+'23'!D21/1000 -> 0 | AA123: =SUM(U123:U127)-SUM(W123:W127)-SUM(Z123:Z127)-SUM(Y123:Y127) -> 1.641734 | AB123: =(SUM(K123:K127)-SUM(W123:W127)-SUM(Y123:Y127)-SUM(Z123:Z127)-SUM(AC123:AC127)-SUM(V123:V127))-AA123 -> -0.38667503 | AC123: =K123-T123 -> 8.8382864 | AD123: =+AM123+BC123 -> 12 | AE123: - Sheet Breaks (6x) | AF123: 12 | AM123: =SUM(AF123:AL123)+AT123+AV123+AX123 -> 12 | AR123: =SUM(AN123:AQ123) -> 0 | BC123: =+AR123+AS123+AU123+AW123+AY123+BB123 -> 0 | BD123: 6
AC124: =K124-T124 -> 0 | AD124: =+AM124+BC124 -> 6 | AE124: - Change Blade (3x) | AG124: 6 | AM124: =SUM(AF124:AL124)+AT124+AV124+AX124 -> 6 | AR124: =SUM(AN124:AQ124) -> 0 | BC124: =+AR124+AS124+AU124+AW124+AY124+BB124 -> 0 | BE124: 3
...

Sheet Efficiency2
A1: PM14 Efficiency Report
A3: Date | B3: Grade | C3: Speed real (ton) with Available Time | D3: Colour | E3: gsm | F3: Ply | G3: Standard | L3: Real Running | O3: Trim Rewinder (cm) | P3: Trim Rewinder x Running Time | Q3: Available Time (mnt) | R3: Down Time (mnt) | S3: Loss Time (mnt) | T3: Real Speed & Real Creepe Ratio with Available Time (ton) | U3: Real Speed & Real Creepe Ratio setelah dipotong DT & LT (ton) | V3: Loss tonase akibat DT + LT dari hitungan Teori with available time (ton) | W3: Accepted (ton) | X3: Real Eff dr Target Eff | Y3: Backlog | Z3: Reject Rewinder (ton) | AA3: Estimasi Reject to Broke Plant (ton) | AB3: Estimasi Faktor BW (ton) | AC3: Loss Opportunity in Speed (ton) | AD3: Downtime/ Losstime | AE3: Reason of Downtime / Losstime | AF3: Loss Time | AM3: Total Losstime | AN3: Unschedule Shut Down (mnt) | AS3: Schedule Shut Down | AT3: Marketing | AV3: EXT FACTOR | AX3: EXT FACTOR | AZ3: EXT FACTOR | BB3: MANAGEMENT | BC3: Total Down Time | BD3: Freq. Sheets Break (X) | BE3: Freq. Change Blade (X) | BF3: Steam, & gangguan sinergy (X) | BG3: Freq, Trip PLN (X) | BH3: Cleaning Holes (X)
AF4: Proses | AI4: Change Grade/Cleaning | AJ4: Mekanik | AK4: Electric & Instrument | AL4: Boiler | AN4: Down Time Produksi | AO4: Mekanik | AP4: Electrical & Instrument | AQ4: Boiler | AR4: Total Unschedule Shut Down | AV4: LOSS | AW4: DOWN TIME | AX4: LOSS | AY4: DOWN TIME | AZ4: LOSS | BA4: DOWN TIME
G5: Yankee Speed (mpm) | H5: Max % Creeping | I5: Target Eff | J5: Kapasitas PM-Teori (ton) | K5: Teori (ton) with Available Time | L5: Yankee Speed (mpm) | M5: Popereel Speed (mpm) | N5: % Creeping | AF5: sheet break | AG5: change blade | AH5: change spool | AT5: Loss time | AU5: Down Time | AV5: SINERGY | AW5: SINERGY | AX5: PLN | AY5: PLN | AZ5: PGN | BA5: PGN
A6: =+Report1!A9 -> 46023 | B6: Toilet | C6: =(M6*E6*O6*Q6)/100000000 -> 42.416649 | D6: VP OW | E6: 13 | F6: 1 | G6: =+L6 -> 1176.1736 | H6: =+N6 -> 0.25331164 | I6: 0.88 | J6: =E6*G6*(1-H6)*1440/1000000*2.74 -> 45.047139 | K6: =(IF(G6<L6,L6,G6)*(1-IF(H6<N6,H6,N6))*E6*O6*Q6)/100000000 -> 42.416649 | L6: 1176.1736 | M6: 878.23514 | N6: =1-(M6/L6) -> 0.25331164 | O6: =+'Trim Rwd'!H4 -> 258 | P6: =O6*(Q6-R6-S6) -> 355008 | Q6: 1440 | R6: 0 | S6: 64 | T6: =E6*M6*O6*Q6/100000000 -> 42.416649 | U6: =E6*M6*O6*(Q6-R6-S6)/100000000 -> 40.531465 | V6: =E6*G6*(1-N6)*O6/100*(R6+S6)/1000000 -> 1.8851844 | W6: =+'1'!C34/1000 -> 39.266 | X6: =SUM(W6:W10)/SUM(K6:K10) -> 0.9257214 | Y6: 0 | Z6: =+'1'!D16/1000 -> 0.51 | AA6: =SUM(U6:U10)-SUM(W6:W10)-SUM(Z6:Z10)-SUM(Y6:Y10) -> 0.75546502 | AB6: =(SUM(K6:K10)-SUM(W6:W10)-SUM(Y6:Y10)-SUM(Z6:Z10)-SUM(AC6:AC10)-SUM(V6:V10))-AA6 -> 1.7763568e-15 | AC6: =K6-T6 -> 0 | AD6: =+AM6+BC6 -> 0 | AE6: - Sheet Breaks (0x) | AF6: 0 | AM6: =SUM(AF6:AL6)+AT6+AV6+AX6 -> 0 | AR6: =SUM(AN6:AQ6) -> 0 | BC6: =+AR6+AS6+AU6+AW6+AY6+BB6 -> 0 | BD6: 0
AD7: =+AM7+BC7 -> 19 | AE7: - Change Blade (8x) | AG7: 19 | AM7: =SUM(AF7:AL7)+AT7+AV7+AX7 -> 19 | AR7: =SUM(AN7:AQ7) -> 0 | BC7: =+AR7+AS7+AU7+AW7+AY7+BB7 -> 0 | BE7: 8
T8: =+T8:AD8 -> 0 | AD8: =+AM8+BC8 -> 45 | AE8: - Change Spool (27x) | AH8: 45 | AM8: =SUM(AF8:AL8)+AT8+AV8+AX8 -> 45 | AR8: =SUM(AN8:AQ8) -> 0 | BC8: =+AR8+AS8+AU8+AW8+AY8+BB8 -> 0
AD9: =+AM9+BC9 -> 0 | AE9: - Cleaning | AI9: 0 | AM9: =SUM(AF9:AL9)+AT9+AV9+AX9 -> 0 | AR9: =SUM(AN9:AQ9) -> 0 | BC9: =+AR9+AS9+AU9+AW9+AY9+BB9 -> 0
A11: 46024 | B11: Toilet | C11: =(M11*E11*O11*Q11)/100000000 -> 41.816062 | D11: VP OW | E11: 13 | F11: 1 | G11: =+L11 -> 1170 | H11: =+N11 -> 0.26 | I11: 0.88 | J11: =E11*G11*(1-H11)*1440/1000000*2.74 -> 44.409306 | K11: =(IF(G11<L11,L11,G11)*(1-IF(H11<N11,H11,N11))*E11*O11*Q11)/100000000 -> 41.816062 | L11: 1170 | M11: 865.8 | N11: =1-(M11/L11) -> 0.26 | O11: =+'Trim Rwd'!H6 -> 258 | P11: =O11*(Q11-R11-S11) -> 353460 | Q11: 1440 | R11: 0 | S11: 70 | T11: =E11*M11*O11*Q11/100000000 -> 41.816062 | U11: =E11*M11*O11*(Q11-R11-S11)/100000000 -> 39.783337 | V11: =E11*G11*(1-N11)*O11/100*(R11+S11)/1000000 -> 2.0327252 | W11: =+'2'!K7/1000 -> 36.225 | X11: =SUM(W11:W15)/SUM(K11:K15) -> 0.86629391 | Y11: 0 | Z11: =+'2'!D34/1000 -> 0.52 | AA11: =SUM(U11:U15)-SUM(W11:W15)-SUM(Z11:Z15)-SUM(Y11:Y15) -> 3.0383368 | AB11: =(SUM(K11:K15)-SUM(W11:W15)-SUM(Y11:Y15)-SUM(Z11:Z15)-SUM(AC11:AC15)-SUM(V11:V15))-AA11 -> 0 | AC11: =K11-T11 -> 0 | AD11: =+AM11+BC11 -> 18 | AE11: - Sheet Breaks (6x) | AF11: 18 | AM11: =SUM(AF11:AL11)+AT11+AV11+AX11 -> 18 | AR11: =SUM(AN11:AQ11) -> 0 | BC11: =+AR11+AS11+AU11+AW11+AY11+BB11 -> 0 | BD11: 6
AD12: =+AM12+BC12 -> 8 | AE12: - Change Blade (4x) | AG12: 8 | AM12: =SUM(AF12:AL12)+AT12+AV12+AX12 -> 8 | AR12: =SUM(AN12:AQ12) -> 0 | BC12: =+AR12+AS12+AU12+AW12+AY12+BB12 -> 0 | BE12: 4
AD13: =+AM13+BC13 -> 44 | AE13: - Change Spool (26x) | AH13: 44 | AM13: =SUM(AF13:AL13)+AT13+AV13+AX13 -> 44 | AR13: =SUM(AN13:AQ13) -> 0 | BC13: =+AR13+AS13+AU13+AW13+AY13+BB13 -> 0
AD14: =+AM14+BC14 -> 0 | AE14: - Cleaning | AI14: 0 | AM14: =SUM(AF14:AL14)+AT14+AV14+AX14 -> 0 | AR14: =SUM(AN14:AQ14) -> 0 | BC14: =+AR14+AS14+AU14+AW14+AY14+BB14 -> 0
A16: 46025 | B16: Toilet | C16: =(M16*E16*O16*Q16)/100000000 -> 0.29038932 | D16: VP OW | E16: 13 | F16: 1 | G16: =+L16 -> 1170 | H16: =+N16 -> 0.26 | I16: 0.88 | J16: =E16*G16*(1-H16)*1440/1000000*2.74 -> 44.409306 | K16: =(IF(G16<L16,L16,G16)*(1-IF(H16<N16,H16,N16))*E16*O16*Q16)/100000000 -> 0.29038932 | L16: 1170 | M16: 865.8 | N16: =1-(M16/L16) -> 0.26 | O16: =+'Trim Rwd'!H8 -> 258 | P16: =O16*(Q16-R16-S16) -> 1290 | Q16: 10 | R16: 0 | S16: 5 | T16: =E16*M16*O16*Q16/100000000 -> 0.29038932 | U16: =E16*M16*O16*(Q16-R16-S16)/100000000 -> 0.14519466 | V16: =E16*G16*(1-N16)*O16/100*(R16+S16)/1000000 -> 0.14519466 | W16: =+'3'!K7/1000 -> 3.676 | X16: =SUM(W16:W20)/SUM(K16:K20) -> 0.8985233 | Y16: 0 | Z16: =+'2'!D39/1000 -> 0 | AA16: =SUM(U16:U20)-SUM(W16:W20)-SUM(Z16:Z20)-SUM(Y16:Y20) -> 1.7278535 | AB16: =(SUM(K16:K20)-SUM(W16:W20)-SUM(Y16:Y20)-SUM(Z16:Z20)-SUM(AC16:AC20)-SUM(V16:V20))-AA16 -> -0.017471972 | AC16: =K16-T16 -> 0 | AD16: =+AM16+BC16 -> 4 | AE16: - Sheet Breaks (2x) | AF16: 4 | AM16: =SUM(AF16:AL16)+AT16+AV16+AX16 -> 4 | AR16: =SUM(AN16:AQ16) -> 0 | BC16: =+AR16+AS16+AU16+AW16+AY16+BB16 -> 0 | BD16: 2
B17: Facial | C17: =(M17*E17*O17*Q17)/100000000 -> 41.295839 | D17: VP OW | E17: 12 | F17: 1 | G17: 1230 | H17: 0.24 | I17: 0.88 | J17: =E17*G17*(1-H17)*1440/1000000*2.74 -> 44.260163 | K17: =(IF(G17<L17,L17,G17)*(1-IF(H17<N17,H17,N17))*E17*O17*Q17)/100000000 -> 42.108066 | L17: 1216.8531 | M17: 916.76853 | N17: =1-(M17/L17) -> 0.24660709 | O17: =+'Trim Rwd'!H9 -> 262.5 | P17: =O17*(Q17-R17-S17) -> 360675 | Q17: 1430 | R17: 0 | S17: =61-S16 -> 56 | T17: =E17*M17*O17*Q17/100000000 -> 41.295839 | U17: =E17*M17*O17*(Q17-R17-S17)/100000000 -> 39.678659 | V17: =E17*G17*(1-N17)*O17/100*(R17+S17)/1000000 -> 1.6346517 | W17: =+'3'!K8/1000 -> 34.42 | AC17: =K17-T17 -> 0.8122275 | AD17: =+AM17+BC17 -> 9 | AE17: - Change Blade (3x) | AG17: 9 | AM17: =SUM(AF17:AL17)+AT17+AV17+AX17 -> 9 | AR17: =SUM(AN17:AQ17) -> 0 | BC17: =+AR17+AS17+AU17+AW17+AY17+BB17 -> 0 | BE17: 3
AD18: =+AM18+BC18 -> 48 | AE18: - Change Spool (26x) | AH18: 48 | AM18: =SUM(AF18:AL18)+AT18+AV18+AX18 -> 48 | AR18: =SUM(AN18:AQ18) -> 0 | BC18: =+AR18+AS18+AU18+AW18+AY18+BB18 -> 0
AD19: =+AM19+BC19 -> 0 | AE19: - Cleaning | AI19: 0 | AM19: =SUM(AF19:AL19)+AT19+AV19+AX19 -> 0 | AR19: =SUM(AN19:AQ19) -> 0 | BC19: =+AR19+AS19+AU19+AW19+AY19+BB19 -> 0
A21: 46026 | B21: Facial | C21: =(M21*E21*O21*Q21)/100000000 -> 42.402528 | D21: VP OW | E21: 12 | F21: 1 | G21: 1230 | H21: 0.24 | I21: 0.88 | J21: =E21*G21*(1-H21)*1440/1000000*2.74 -> 44.260163 | K21: =(IF(G21<L21,L21,G21)*(1-IF(H21<N21,H21,N21))*E21*O21*Q21)/100000000 -> 42.402528 | L21: 1230 | M21: 934.8 | N21: =1-(M21/L21) -> 0.24 | O21: =+'Trim Rwd'!H11 -> 262.5 | P21: =O21*(Q21-R21-S21) -> 361200 | Q21: 1440 | R21: 0 | S21: 64 | T21: =E21*M21*O21*Q21/100000000 -> 42.402528 | U21: =E21*M21*O21*(Q21-R21-S21)/100000000 -> 40.517971 | V21: =E21*G21*(1-N21)*O21/100*(R21+S21)/1000000 -> 1.8845568 | W21: =+'4'!K8/1000 -> 37.954 | X21: =SUM(W21:W25)/SUM(K21:K25) -> 0.89508814 | Y21: 0 | Z21: =+'2'!D44/1000 -> 0 | AA21: =SUM(U21:U25)-SUM(W21:W25)-SUM(Z21:Z25)-SUM(Y21:Y25) -> 2.5639712 | AB21: =(SUM(K21:K25)-SUM(W21:W25)-SUM(Y21:Y25)-SUM(Z21:Z25)-SUM(AC21:AC25)-SUM(V21:V25))-AA21 -> 0 | AC21: =K21-T21 -> 0 | AD21: =+AM21+BC21 -> 15 | AE21: - Sheet Breaks (6x) | AF21: 15 | AM21: =SUM(AF21:AL21)+AT21+AV21+AX21 -> 15 | AR21: =SUM(AN21:AQ21) -> 0 | BC21: =+AR21+AS21+AU21+AW21+AY21+BB21 -> 0 | BD21: 6
AD22: =+AM22+BC22 -> 5 | AE22: - Change Blade (4x) | AG22: 5 | AM22: =SUM(AF22:AL22)+AT22+AV22+AX22 -> 5 | AR22: =SUM(AN22:AQ22) -> 0 | BC22: =+AR22+AS22+AU22+AW22+AY22+BB22 -> 0 | BE22: 4
AD23: =+AM23+BC23 -> 44 | AE23: - Change Spool (29x) | AH23: 44 | AM23: =SUM(AF23:AL23)+AT23+AV23+AX23 -> 44 | AR23: =SUM(AN23:AQ23) -> 0 | BC23: =+AR23+AS23+AU23+AW23+AY23+BB23 -> 0
AD24: =+AM24+BC24 -> 0 | AE24: - Cleaning | AI24: 0 | AM24: =SUM(AF24:AL24)+AT24+AV24+AX24 -> 0 | AR24: =SUM(AN24:AQ24) -> 0 | BC24: =+AR24+AS24+AU24+AW24+AY24+BB24 -> 0
A26: 46027 | B26: Facial | C26: =(M26*E26*O26*Q26)/100000000 -> 2.355696 | D26: VP OW | E26: 12 | F26: 1 | G26: 1230 | H26: 0.24 | I26: 0.88 | J26: =E26*G26*(1-H26)*1440/1000000*2.74 -> 44.260163 | K26: =(IF(G26<L26,L26,G26)*(1-IF(H26<N26,H26,N26))*E26*O26*Q26)/100000000 -> 2.355696 | L26: 1230 | M26: 934.8 | N26: =1-(M26/L26) -> 0.24 | O26: =+'Trim Rwd'!H13 -> 262.5 | P26: =O26*(Q26-R26-S26) -> 18900 | Q26: 80 | R26: 0 | S26: 8 | T26: =E26*M26*O26*Q26/100000000 -> 2.355696 | U26: =E26*M26*O26*(Q26-R26-S26)/100000000 -> 2.1201264 | V26: =E26*G26*(1-N26)*O26/100*(R26+S26)/1000000 -> 0.2355696 | W26: =+'5'!K8/1000 -> 5.163 | X26: =SUM(W26:W30)/SUM(K26:K30) -> 0.88921545 | Y26: 0 | Z26: =+'2'!D49/1000 -> 0 | AA26: =SUM(U26:U30)-SUM(W26:W30)-SUM(Z26:Z30)-SUM(Y26:Y30) -> 2.3760044 | AB26: =(SUM(K26:K30)-SUM(W26:W30)-SUM(Y26:Y30)-SUM(Z26:Z30)-SUM(AC26:AC30)-SUM(V26:V30))-AA26 -> -0.0172368 | AC26: =K26-T26 -> 0 | AD26: =+AM26+BC26 -> 21 | AE26: - Sheet Breaks (9x) | AF26: 21 | AM26: =SUM(AF26:AL26)+AT26+AV26+AX26 -> 21 | AR26: =SUM(AN26:AQ26) -> 0 | BC26: =+AR26+AS26+AU26+AW26+AY26+BB26 -> 0 | BD26: 9
B27: Facial | C27: =(M27*E27*O27*Q27)/100000000 -> 11.445235 | D27: VP OW | E27: 13.5 | F27: 1 | G27: 1230 | H27: =+N27 -> 0.2 | I27: 0.88 | J27: =E27*G27*(1-H27)*1440/1000000*2.74 -> 52.41335 | K27: =(IF(G27<L27,L27,G27)*(1-IF(H27<N27,H27,N27))*E27*O27*Q27)/100000000 -> 11.731366 | L27: 1200 | M27: 960 | N27: =1-(M27/L27) -> 0.2 | O27: =+'Trim Rwd'!H14 -> 266 | P27: =O27*(Q27-R27-S27) -> 82992 | Q27: 332 | R27: 0 | S27: 20 | T27: =E27*M27*O27*Q27/100000000 -> 11.445235 | U27: =E27*M27*O27*(Q27-R27-S27)/100000000 -> 10.755763 | V27: =E27*G27*(1-N27)*O27/100*(R27+S27)/1000000 -> 0.7067088 | W27: =+'5'!K9/1000 -> 10.666 | AC27: =K27-T27 -> 0.28613088 | AD27: =+AM27+BC27 -> 0 | AE27: - Change Blade (0x) | AG27: 0 | AM27: =SUM(AF27:AL27)+AT27+AV27+AX27 -> 0 | AR27: =SUM(AN27:AQ27) -> 0 | BC27: =+AR27+AS27+AU27+AW27+AY27+BB27 -> 0 | BE27: 0
B28: Facial | C28: =(M28*E28*O28*Q28)/100000000 -> 31.952399 | D28: VP OW | E28: 12.5 | F28: 1 | G28: 1230 | H28: =+N28 -> 0.24 | I28: 0.88 | J28: =E28*G28*(1-H28)*1440/1000000*2.74 -> 46.104336 | K28: =(IF(G28<L28,L28,G28)*(1-IF(H28<N28,H28,N28))*E28*O28*Q28)/100000000 -> 31.952399 | L28: 1230 | M28: 934.8 | N28: =1-(M28/L28) -> 0.24 | O28: =+'Trim Rwd'!H15 -> 266 | P28: =O28*(Q28-R28-S28) -> 262808 | Q28: 1028 | R28: 0 | S28: 40 | T28: =E28*M28*O28*Q28/100000000 -> 31.952399 | U28: =E28*M28*O28*(Q28-R28-S28)/100000000 -> 30.709115 | V28: =E28*G28*(1-N28)*O28/100*(R28+S28)/1000000 -> 1.243284 | W28: =+'5'!K10/1000 -> 25.11 | Z28: =+'5'!D16/1000 -> 0.27 | AC28: =K28-T28 -> 0 | AD28: =+AM28+BC28 -> 47 | AE28: - Change Spool (31x) | AH28: 47 | AM28: =SUM(AF28:AL28)+AT28+AV28+AX28 -> 47 | AR28: =SUM(AN28:AQ28) -> 0 | BC28: =+AR28+AS28+AU28+AW28+AY28+BB28 -> 0
AD29: =+AM29+BC29 -> 0 | AE29: - Cleaning | AI29: 0 | AM29: =SUM(AF29:AL29)+AT29+AV29+AX29 -> 0 | AR29: =SUM(AN29:AQ29) -> 0 | BC29: =+AR29+AS29+AU29+AW29+AY29+BB29 -> 0
A31: 46028 | B31: Facial | C31: =(M31*E31*O31*Q31)/100000000 -> 25.238665 | D31: VP OW | E31: 12.5 | F31: 1 | G31: 1230 | H31: =+N31 -> 0.24 | I31: 0.88 | J31: =E31*G31*(1-H31)*1440/1000000*2.74 -> 46.104336 | K31: =(IF(G31<L31,L31,G31)*(1-IF(H31<N31,H31,N31))*E31*O31*Q31)/100000000 -> 25.238665 | L31: 1230 | M31: 934.8 | N31: =1-(M31/L31) -> 0.24 | O31: =+'Trim Rwd'!H17 -> 266 | P31: =O31*(Q31-R31-S31) -> 204022 | Q31: 812 | R31: 0 | S31: 45 | T31: =E31*M31*O31*Q31/100000000 -> 25.238665 | U31: =E31*M31*O31*(Q31-R31-S31)/100000000 -> 23.839971 | V31: =E31*G31*(1-N31)*O31/100*(R31+S31)/1000000 -> 1.3986945 | W31: =+'6'!K10/1000 -> 25.568 | X31: =SUM(W31:W35)/SUM(K31:K35) -> 0.84412501 | Y31: 0 | Z31: =+'6'!D16/1000 -> 0.27 | AA31: =SUM(U31:U35)-SUM(W31:W35)-SUM(Z31:Z35)-SUM(Y31:Y35) -> 4.3708187 | AB31: =(SUM(K31:K35)-SUM(W31:W35)-SUM(Y31:Y35)-SUM(Z31:Z35)-SUM(AC31:AC35)-SUM(V31:V35))-AA31 -> 0 | AC31: =K31-T31 -> 0 | AD31: =+AM31+BC31 -> 18 | AE31: - Sheet Breaks (9x) | AF31: 18 | AM31: =SUM(AF31:AL31)+AT31+AV31+AX31 -> 18 | AR31: =SUM(AN31:AQ31) -> 0 | BC31: =+AR31+AS31+AU31+AW31+AY31+BB31 -> 0 | BD31: 9
B32: Facial | C32: =(M32*E32*O32*Q32)/100000000 -> 18.139981 | D32: VP OW | E32: 12 | F32: 1 | G32: 1230 | H32: =+N32 -> 0.24 | I32: 0.88 | J32: =E32*G32*(1-H32)*1440/1000000*2.74 -> 44.260163 | K32: =(IF(G32<L32,L32,G32)*(1-IF(H32<N32,H32,N32))*E32*O32*Q32)/100000000 -> 18.139981 | L32: 1230 | M32: 934.8 | N32: =1-(M32/L32) -> 0.24 | O32: =+'Trim Rwd'!H18 -> 257.5 | P32: =O32*(Q32-R32-S32) -> 155272.5 | Q32: 628 | R32: 0 | S32: 25 | T32: =E32*M32*O32*Q32/100000000 -> 18.139981 | U32: =E32*M32*O32*(Q32-R32-S32)/100000000 -> 17.417848 | V32: =E32*G32*(1-N32)*O32/100*(R32+S32)/1000000 -> 0.722133 | W32: =+'6'!K8/1000 -> 11.049 | AC32: =K32-T32 -> 0 | AD32: =+AM32+BC32 -> 0 | AE32: - Change Blade (0x) | AG32: 0 | AM32: =SUM(AF32:AL32)+AT32+AV32+AX32 -> 0 | AR32: =SUM(AN32:AQ32) -> 0 | BC32: =+AR32+AS32+AU32+AW32+AY32+BB32 -> 0 | BE32: 0
AD33: =+AM33+BC33 -> 52 | AE33: - Change Spool (29x) | AH33: 52 | AM33: =SUM(AF33:AL33)+AT33+AV33+AX33 -> 52 | AR33: =SUM(AN33:AQ33) -> 0 | BC33: =+AR33+AS33+AU33+AW33+AY33+BB33 -> 0
AD34: =+AM34+BC34 -> 0 | AE34: - Cleaning | AI34: 0 | AM34: =SUM(AF34:AL34)+AT34+AV34+AX34 -> 0 | AR34: =SUM(AN34:AQ34) -> 0 | BC34: =+AR34+AS34+AU34+AW34+AY34+BB34 -> 0
A36: 46029 | B36: Facial | C36: =(M36*E36*O36*Q36)/100000000 -> 41.594861 | D36: VP OW | E36: 12 | F36: 1 | G36: 1230 | H36: =+N36 -> 0.24 | I36: 0.88 | J36: =E36*G36*(1-H36)*1440/1000000*2.74 -> 44.260163 | K36: =(IF(G36<L36,L36,G36)*(1-IF(H36<N36,H36,N36))*E36*O36*Q36)/100000000 -> 41.594861 | L36: 1230 | M36: 934.8 | N36: =1-(M36/L36) -> 0.24 | O36: =+'Trim Rwd'!H20 -> 257.5 | P36: =O36*(Q36-R36-S36) -> 353032.5 | Q36: 1440 | R36: 0 | S36: 69 | T36: =E36*M36*O36*Q36/100000000 -> 41.594861 | U36: =E36*M36*O36*(Q36-R36-S36)/100000000 -> 39.601774 | V36: =E36*G36*(1-N36)*O36/100*(R36+S36)/1000000 -> 1.9930871 | W36: =+'7'!K8/1000 -> 37.741 | X36: =SUM(W36:W40)/SUM(K36:K40) -> 0.90734767 | Y36: 0 | Z36: =+'7'!D7/1000 -> 0.579 | AA36: =SUM(U36:U40)-SUM(W36:W40)-SUM(Z36:Z40)-SUM(Y36:Y40) -> 1.2817737 | AB36: =(SUM(K36:K40)-SUM(W36:W40)-SUM(Y36:Y40)-SUM(Z36:Z40)-SUM(AC36:AC40)-SUM(V36:V40))-AA36 -> -4.6629367e-15 | AC36: =K36-T36 -> 0 | AD36: =+AM36+BC36 -> 24 | AE36: - Sheet Breaks (9x) | AF36: 24 | AM36: =SUM(AF36:AL36)+AT36+AV36+AX36 -> 24 | AR36: =SUM(AN36:AQ36) -> 0 | BC36: =+AR36+AS36+AU36+AW36+AY36+BB36 -> 0 | BD36: 9
AD37: =+AM37+BC37 -> 0 | AE37: - Change Blade (0x) | AG37: 0 | AM37: =SUM(AF37:AL37)+AT37+AV37+AX37 -> 0 | AR37: =SUM(AN37:AQ37) -> 0 | BC37: =+AR37+AS37+AU37+AW37+AY37+BB37 -> 0 | BE37: 0
AD38: =+AM38+BC38 -> 45 | AE38: - Change Spool (27x) | AH38: 45 | AM38: =SUM(AF38:AL38)+AT38+AV38+AX38 -> 45 | AR38: =SUM(AN38:AQ38) -> 0 | BC38: =+AR38+AS38+AU38+AW38+AY38+BB38 -> 0
AD39: =+AM39+BC39 -> 0 | AE39: - Cleaning | AI39: 0 | AM39: =SUM(AF39:AL39)+AT39+AV39+AX39 -> 0 | AR39: =SUM(AN39:AQ39) -> 0 | BC39: =+AR39+AS39+AU39+AW39+AY39+BB39 -> 0
A41: 46030 | B41: Facial | C41: =(M41*E41*O41*Q41)/100000000 -> 41.770441 | D41: VP OW | E41: 12 | F41: 1 | G41: 1230 | H41: =+N41 -> 0.24 | I41: 0.88 | J41: =E41*G41*(1-H41)*1440/1000000*2.74 -> 44.260163 | K41: =(IF(G41<L41,L41,G41)*(1-IF(H41<N41,H41,N41))*E41*O41*Q41)/100000000 -> 41.770441 | L41: 1230 | M41: 934.8 | N41: =1-(M41/L41) -> 0.24 | O41: =+'Trim Rwd'!H22 -> 258.58696 | P41: =O41*(Q41-R41-S41) -> 352971.2 | Q41: 1440 | R41: 0 | S41: 75 | T41: =E41*M41*O41*Q41/100000000 -> 41.770441 | U41: =E41*M41*O41*(Q41-R41-S41)/100000000 -> 39.594897 | V41: =E41*G41*(1-N41)*O41/100*(R41+S41)/1000000 -> 2.1755438 | W41: =+'8'!K8/1000 -> 36.515 | X41: =SUM(W41:W45)/SUM(K41:K45) -> 0.87418278 | Y41: 0 | Z41: =+'7'!D12/1000 -> 0 | AA41: =SUM(U41:U45)-SUM(W41:W45)-SUM(Z41:Z45)-SUM(Y41:Y45) -> 3.0798968 | AB41: =(SUM(K41:K45)-SUM(W41:W45)-SUM(Y41:Y45)-SUM(Z41:Z45)-SUM(AC41:AC45)-SUM(V41:V45))-AA41 -> 3.5527137e-15 | AC41: =K41-T41 -> 0 | AD41: =+AM41+BC41 -> 15 | AE41: - Sheet Breaks (6x) | AF41: 15 | AM41: =SUM(AF41:AL41)+AT41+AV41+AX41 -> 15 | AR41: =SUM(AN41:AQ41) -> 0 | BC41: =+AR41+AS41+AU41+AW41+AY41+BB41 -> 0 | BD41: 6
AD42: =+AM42+BC42 -> 8 | AE42: - Change Blade (4x) | AG42: 8 | AM42: =SUM(AF42:AL42)+AT42+AV42+AX42 -> 8 | AR42: =SUM(AN42:AQ42) -> 0 | BC42: =+AR42+AS42+AU42+AW42+AY42+BB42 -> 0 | BE42: 4
AD43: =+AM43+BC43 -> 52 | AE43: - Change Spool (28x) | AH43: 52 | AM43: =SUM(AF43:AL43)+AT43+AV43+AX43 -> 52 | AR43: =SUM(AN43:AQ43) -> 0 | BC43: =+AR43+AS43+AU43+AW43+AY43+BB43 -> 0
AD44: =+AM44+BC44 -> 0 | AE44: - Cleaning | AI44: 0 | AM44: =SUM(AF44:AL44)+AT44+AV44+AX44 -> 0 | AR44: =SUM(AN44:AQ44) -> 0 | BC44: =+AR44+AS44+AU44+AW44+AY44+BB44 -> 0
A46: 46031 | B46: Facial | C46: =(M46*E46*O46*Q46)/100000000 -> 7.5918473 | D46: VP OW | E46: 12 | F46: 1 | G46: =+L46 -> 1230 | H46: =+N46 -> 0.24 | I46: 0.88 | J46: =E46*G46*(1-H46)*1440/1000000*2.74 -> 44.260163 | K46: =(IF(G46<L46,L46,G46)*(1-IF(H46<N46,H46,N46))*E46*O46*Q46)/100000000 -> 7.5918473 | L46: 1230 | M46: 934.8 | N46: =1-(M46/L46) -> 0.24 | O46: =+'Trim Rwd'!H25 -> 260.3 | P46: =O46*(Q46-R46-S46) -> 64814.7 | Q46: 260 | R46: 0 | S46: 11 | T46: =E46*M46*O46*Q46/100000000 -> 7.5918473 | U46: =E46*M46*O46*(Q46-R46-S46)/100000000 -> 7.2706538 | V46: =E46*G46*(1-N46)*O46/100*(R46+S46)/1000000 -> 0.32119354 | W46: =+'9'!K8/1000 -> 9.857 | X46: =SUM(W46:W50)/SUM(K46:K50) -> 0.99277757 | Y46: 0 | Z46: =+'9'!D7/1000 -> 0.27 | AA46: =SUM(U46:U50)-SUM(W46:W50)-SUM(Z46:Z50)-SUM(Y46:Y50) -> -1.3907538 | AB46: =(SUM(K46:K50)-SUM(W46:W50)-SUM(Y46:Y50)-SUM(Z46:Z50)-SUM(AC46:AC50)-SUM(V46:V50))-AA46 -> 2.8865799e-15 | AC46: =K46-T46 -> 0 | AD46: =+AM46+BC46 -> 15 | AE46: - Sheet Breaks (6x) | AF46: 15 | AM46: =SUM(AF46:AL46)+AT46+AV46+AX46 -> 15 | AR46: =SUM(AN46:AQ46) -> 0 | BC46: =+AR46+AS46+AU46+AW46+AY46+BB46 -> 0 | BD46: 6
B47: Facial | C47: =(M47*E47*O47*Q47)/100000000 -> 17.90329 | D47: VP OW | E47: 13.5 | F47: 1 | G47: =+L47 -> 1029.8273 | H47: =+N47 -> 0.24 | I47: 0.88 | J47: =E47*G47*(1-H47)*1440/1000000*2.74 -> 41.689321 | K47: =(IF(G47<L47,L47,G47)*(1-IF(H47<N47,H47,N47))*E47*O47*Q47)/100000000 -> 17.90329 | L47: 1029.8273 | M47: 782.66876 | N47: =1-(M47/L47) -> 0.24 | O47: =+'Trim Rwd'!H27 -> 266 | P47: =O47*(Q47-R47-S47) -> 160132 | Q47: =637 -> 637 | R47: =543-543 -> 0 | S47: =139-104 -> 35 | T47: =E47*M47*O47*Q47/100000000 -> 17.90329 | U47: =E47*M47*O47*(Q47-R47-S47)/100000000 -> 16.919592 | V47: =E47*G47*(1-N47)*O47/100*(R47+S47)/1000000 -> 0.98369723 | W47: =+'9'!K9/1000 -> 15.454 | AC47: =K47-T47 -> 0 | AD47: =+AM47+BC47 -> 0 | AE47: - Change Blade (0x) | AG47: 0 | AM47: =SUM(AF47:AL47)+AT47+AV47+AX47 -> 0 | AR47: =SUM(AN47:AQ47) -> 0 | BC47: =+AR47+AS47+AU47+AW47+AY47+BB47 -> 0 | BE47: 0
AD48: =+AM48+BC48 -> 31 | AE48: - Change Spool (15x) | AH48: 31 | AM48: =SUM(AF48:AL48)+AT48+AV48+AX48 -> 31 | AR48: =SUM(AN48:AQ48) -> 0 | BC48: =+AR48+AS48+AU48+AW48+AY48+BB48 -> 0
AD49: =+AM49+BC49 -> 0 | AE49: - Cleaning | AI49: 0 | AM49: =SUM(AF49:AL49)+AT49+AV49+AX49 -> 0 | AR49: =SUM(AN49:AQ49) -> 0 | BC49: =+AR49+AS49+AU49+AW49+AY49+BB49 -> 0
AD50: =+AM50+BC50 -> 0 | AE50: - 21:57 Burner hood wet dan dry trip , pressure gas terlalu rendah ( 51mbar) pm stop | AM50: =SUM(AF50:AL50)+AT50+AV50+AX50 -> 0 | AR50: =SUM(AN50:AQ50) -> 0 | BA50: =543-543 -> 0 | BC50: =+AR50+AS50+AU50+AW50+AY50+BB50+BA50 -> 0
AD51: =+AM51+BC51 -> 0 | AE51: - Loss Speed Efek PGN | AM51: =SUM(AF51:AL51)+AT51+AV51+AX51+AZ51 -> 0 | AR51: =SUM(AN51:AQ51) -> 0 | BC51: =+AR51+AS51+AU51+AW51+AY51+BB51+BA51 -> 0
A53: 46032 | B53: Facial | C53: =(M53*E53*O53*Q53)/100000000 -> 8.2238688 | D53: VP OW | E53: 12 | F53: 1 | G53: =+L53 -> 1000 | H53: =+N53 -> 0.24 | I53: 0.88 | J53: =E53*G53*(1-H53)*1440/1000000*2.74 -> 35.983872 | K53: =(IF(G53<L53,L53,G53)*(1-IF(H53<N53,H53,N53))*E53*O53*Q53)/100000000 -> 8.2238688 | L53: 1000 | M53: 760 | N53: =1-(M53/L53) -> 0.24 | O53: =+'Trim Rwd'!H30 -> 266 | P53: =O53*(Q53-R53-S53) -> 81662 | Q53: =339 -> 339 | R53: =81-81 -> 0 | S53: =108-76 -> 32 | T53: =E53*M53*O53*Q53/100000000 -> 8.2238688 | U53: =E53*M53*O53*(Q53-R53-S53)/100000000 -> 7.4475744 | V53: =E53*G53*(1-N53)*O53/100*(R53+S53)/1000000 -> 0.7762944 | W53: =+'10'!K8/1000 -> 7.343 | X53: =SUM(W53:W57)/SUM(K53:K57) -> 0.80578657 | Y53: 0 | Z53: =+'9'!D13/1000 -> 0 | AA53: =SUM(U53:U57)-SUM(W53:W57)-SUM(Z53:Z57)-SUM(Y53:Y57) -> 5.7844717 | AB53: =(SUM(K53:K57)-SUM(W53:W57)-SUM(Y53:Y57)-SUM(Z53:Z57)-SUM(AC53:AC57)-SUM(V53:V57))-AA53 -> 0 | AC53: =K53-T53 -> 0 | AD53: =+AM53+BC53 -> 18 | AE53: - Sheet Breaks (6x) | AF53: 18 | AM53: =SUM(AF53:AL53)+AT53+AV53+AX53 -> 18 | AR53: =SUM(AN53:AQ53) -> 0 | BC53: =+AR53+AS53+AU53+AW53+AY53+BB53 -> 0 | BD53: 6
B54: Facial | C54: =(M54*E54*O54*Q54)/100000000 -> 30.481169 | D54: VP OW | E54: 13.5 | F54: 1 | G54: =+L54 -> 1094.9706 | H54: =+N54 -> 0.24 | I54: 0.88 | J54: =E54*G54*(1-H54)*1440/1000000*2.74 -> 44.326442 | K54: =(IF(G54<L54,L54,G54)*(1-IF(H54<N54,H54,N54))*E54*O54*Q54)/100000000 -> 30.481169 | L54: 1094.9706 | M54: 832.17765 | N54: =1-(M54/L54) -> 0.24 | O54: =+'Trim Rwd'!H29 -> 266 | P54: =O54*(Q54-R54-S54) -> 262808 | Q54: 1020 | R54: 0 | S54: =132-100 -> 32 | T54: =E54*M54*O54*Q54/100000000 -> 30.481169 | U54: =E54*M54*O54*(Q54-R54-S54)/100000000 -> 29.524897 | V54: =E54*G54*(1-N54)*O54/100*(R54+S54)/1000000 -> 0.95627198 | W54: =+'10'!K9/1000 -> 23.845 | AC54: =K54-T54 -> 0 | AD54: =+AM54+BC54 -> 9 | AE54: - Change Blade (0x) | AG54: 9 | AM54: =SUM(AF54:AL54)+AT54+AV54+AX54 -> 9 | AR54: =SUM(AN54:AQ54) -> 0 | BC54: =+AR54+AS54+AU54+AW54+AY54+BB54 -> 0 | BE54: 0
AD55: =+AM55+BC55 -> 37 | AE55: - Change Spool (15x) | AH55: 37 | AM55: =SUM(AF55:AL55)+AT55+AV55+AX55 -> 37 | AR55: =SUM(AN55:AQ55) -> 0 | BC55: =+AR55+AS55+AU55+AW55+AY55+BB55 -> 0
AD56: =+AM56+BC56 -> 0 | AE56: - Cleaning | AI56: 0 | AM56: =SUM(AF56:AL56)+AT56+AV56+AX56 -> 0 | AR56: =SUM(AN56:AQ56) -> 0 | BC56: =+AR56+AS56+AU56+AW56+AY56+BB56 -> 0
AD57: =+AM57+BC57 -> 0 | AE57: - Stop Pressure gas dari PGN | AM57: =SUM(AF57:AL57)+AT57+AV57+AX57 -> 0 | AR57: =SUM(AN57:AQ57) -> 0 | BA57: =81-81 -> 0 | BC57: =+AR57+AS57+AU57+AW57+AY57+BB57+BA57 -> 0
AD58: =+AM58+BC58 -> 0 | AE58: - Loss Speed Efek PGN | AM58: =SUM(AF58:AL58)+AT58+AV58+AX58+AZ58 -> 0 | AR58: =SUM(AN58:AQ58) -> 0 | BC58: =+AR58+AS58+AU58+AW58+AY58+BB58+BA58 -> 0
A60: 46033 | B60: Facial | C60: =(M60*E60*O60*Q60)/100000000 -> 47.159885 | D60: VP OW | E60: 13.5 | F60: 1 | G60: 1230 | H60: =+N60 -> 0.24 | I60: 0.88 | J60: =E60*G60*(1-H60)*1440/1000000*2.74 -> 49.792683 | K60: =(IF(G60<L60,L60,G60)*(1-IF(H60<N60,H60,N60))*E60*O60*Q60)/100000000 -> 48.338882 | L60: 1200 | M60: 912 | N60: =1-(M60/L60) -> 0.24 | O60: =+'Trim Rwd'!H32 -> 266 | P60: =O60*(Q60-R60-S60) -> 365750 | Q60: 1440 | R60: 0 | S60: 65 | T60: =E60*M60*O60*Q60/100000000 -> 47.159885 | U60: =E60*M60*O60*(Q60-R60-S60)/100000000 -> 45.03114 | V60: =E60*G60*(1-N60)*O60/100*(R60+S60)/1000000 -> 2.1819634 | W60: =+'11'!K9/1000 -> 45.264 | X60: =SUM(W60:W64)/SUM(K60:K64) -> 0.93638906 | Y60: 0 | Z60: =+'7'!D30/1000 -> 0 | AA60: =SUM(U60:U64)-SUM(W60:W64)-SUM(Z60:Z64)-SUM(Y60:Y64) -> -0.23286 | AB60: =(SUM(K60:K64)-SUM(W60:W64)-SUM(Y60:Y64)-SUM(Z60:Z64)-SUM(AC60:AC64)-SUM(V60:V64))-AA60 -> -0.05321862 | AC60: =K60-T60 -> 1.1789971 | AD60: =+AM60+BC60 -> 27 | AE60: - Sheet Breaks (9x) | AF60: 27 | AM60: =SUM(AF60:AL60)+AT60+AV60+AX60 -> 27 | AR60: =SUM(AN60:AQ60) -> 0 | BC60: =+AR60+AS60+AU60+AW60+AY60+BB60 -> 0 | BD60: 9
AD61: =+AM61+BC61 -> 0 | AE61: - Change Blade (0x) | AG61: 0 | AM61: =SUM(AF61:AL61)+AT61+AV61+AX61 -> 0 | AR61: =SUM(AN61:AQ61) -> 0 | BC61: =+AR61+AS61+AU61+AW61+AY61+BB61 -> 0 | BE61: 0
AD62: =+AM62+BC62 -> 38 | AE62: - Change Spool (28x) | AH62: 38 | AM62: =SUM(AF62:AL62)+AT62+AV62+AX62 -> 38 | AR62: =SUM(AN62:AQ62) -> 0 | BC62: =+AR62+AS62+AU62+AW62+AY62+BB62 -> 0
AD63: =+AM63+BC63 -> 0 | AE63: - Cleaning | AI63: 0 | AM63: =SUM(AF63:AL63)+AT63+AV63+AX63 -> 0 | AR63: =SUM(AN63:AQ63) -> 0 | BC63: =+AR63+AS63+AU63+AW63+AY63+BB63 -> 0
A65: 46034 | B65: Facial | C65: =(M65*E65*O65*Q65)/100000000 -> 14.002314 | D65: VP OW | E65: 13.5 | F65: 1 | G65: 1230 | H65: =+N65 -> 0.23 | I65: 0.88 | J65: =E65*G65*(1-H65)*1440/1000000*2.74 -> 50.44785 | K65: =(IF(G65<L65,L65,G65)*(1-IF(H65<N65,H65,N65))*E65*O65*Q65)/100000000 -> 14.352372 | L65: 1200 | M65: 924 | N65: =1-(M65/L65) -> 0.23 | O65: =+'Trim Rwd'!H34 -> 266 | P65: =O65*(Q65-R65-S65) -> 105336 | Q65: 422 | R65: 0 | S65: 26 | T65: =E65*M65*O65*Q65/100000000 -> 14.002314 | U65: =E65*M65*O65*(Q65-R65-S65)/100000000 -> 13.139613 | V65: =E65*G65*(1-N65)*O65/100*(R65+S65)/1000000 -> 0.88426939 | W65: =+'12'!K9/1000 -> 16.573 | X65: =SUM(W65:W69)/SUM(K65:K69) -> 0.88552141 | Y65: 0 | Z65: =+'7'!D35/1000 -> 1.5109603e-05 | AA65: =SUM(U65:U69)-SUM(W65:W69)-SUM(Z65:Z69)-SUM(Y65:Y69) -> 2.2657348 | AB65: =(SUM(K65:K69)-SUM(W65:W69)-SUM(Y65:Y69)-SUM(Z65:Z69)-SUM(AC65:AC69)-SUM(V65:V69))-AA65 -> -0.021567546 | AC65: =K65-T65 -> 0.35005786 | AD65: =+AM65+BC65 -> 12 | AE65: - Sheet Breaks (6x) | AF65: 12 | AM65: =SUM(AF65:AL65)+AT65+AV65+AX65 -> 12 | AR65: =SUM(AN65:AQ65) -> 0 | BC65: =+AR65+AS65+AU65+AW65+AY65+BB65 -> 0 | BD65: 6
B66: Facial | C66: =(M66*E66*O66*Q66)/100000000 -> 29.576549 | D66: VP OW | E66: 12 | F66: 1 | G66: 1230 | H66: =+N66 -> 0.24 | I66: 0.88 | J66: =E66*G66*(1-H66)*1440/1000000*2.74 -> 44.260163 | K66: =(IF(G66<L66,L66,G66)*(1-IF(H66<N66,H66,N66))*E66*O66*Q66)/100000000 -> 29.576549 | L66: 1230 | M66: 934.8 | N66: =1-(M66/L66) -> 0.24 | O66: =+'Trim Rwd'!H35 -> 259 | P66: =O66*(Q66-R66-S66) -> 252007 | Q66: 1018 | R66: 0 | S66: 45 | T66: =E66*M66*O66*Q66/100000000 -> 29.576549 | U66: =E66*M66*O66*(Q66-R66-S66)/100000000 -> 28.269137 | V66: =E66*G66*(1-N66)*O66/100*(R66+S66)/1000000 -> 1.3074113 | W66: =+'12'!K8/1000 -> 22.327 | Z66: =+'12'!D17/1000 -> 0.243 | AC66: =K66-T66 -> 0 | AD66: =+AM66+BC66 -> 10 | AE66: - Change Blade (5x) | AG66: 10 | AM66: =SUM(AF66:AL66)+AT66+AV66+AX66 -> 10 | AR66: =SUM(AN66:AQ66) -> 0 | BC66: =+AR66+AS66+AU66+AW66+AY66+BB66 -> 0 | BE66: 5
AD67: =+AM67+BC67 -> 49 | AE67: - Change Spool (27x) | AH67: 49 | AM67: =SUM(AF67:AL67)+AT67+AV67+AX67 -> 49 | AR67: =SUM(AN67:AQ67) -> 0 | BC67: =+AR67+AS67+AU67+AW67+AY67+BB67 -> 0
AD68: =+AM68+BC68 -> 0 | AE68: - Cleaning | AI68: 0 | AM68: =SUM(AF68:AL68)+AT68+AV68+AX68 -> 0 | AR68: =SUM(AN68:AQ68) -> 0 | BC68: =+AR68+AS68+AU68+AW68+AY68+BB68 -> 0
A70: 46035 | B70: Facial | C70: =(M70*E70*O70*Q70)/100000000 -> 26.99078 | D70: VP OW | E70: 12 | F70: 1 | G70: 1230 | H70: =+N70 -> 0.24 | I70: 0.88 | J70: =E70*G70*(1-H70)*1440/1000000*2.74 -> 44.260163 | K70: =(IF(G70<L70,L70,G70)*(1-IF(H70<N70,H70,N70))*E70*O70*Q70)/100000000 -> 26.99078 | L70: 1230 | M70: 934.8 | N70: =1-(M70/L70) -> 0.24 | O70: =+'Trim Rwd'!H37 -> 259 | P70: =O70*(Q70-R70-S70) -> 229474 | Q70: 929 | R70: 0 | S70: 43 | T70: =E70*M70*O70*Q70/100000000 -> 26.99078 | U70: =E70*M70*O70*(Q70-R70-S70)/100000000 -> 25.741475 | V70: =E70*G70*(1-N70)*O70/100*(R70+S70)/1000000 -> 1.2493041 | W70: =+'13'!K8/1000 -> 23.678 | X70: =SUM(W70:W74)/SUM(K70:K74) -> 0.89266475 | Y70: 0 | Z70: =+'13'!D7/1000 -> 0.5 | AA70: =SUM(U70:U74)-SUM(W70:W74)-SUM(Z70:Z74)-SUM(Y70:Y74) -> 2.2834875 | AB70: =(SUM(K70:K74)-SUM(W70:W74)-SUM(Y70:Y74)-SUM(Z70:Z74)-SUM(AC70:AC74)-SUM(V70:V74))-AA70 -> 0 | AC70: =K70-T70 -> 0 | AD70: =+AM70+BC70 -> 8 | AE70: - Sheet Breaks (3x) | AF70: 8 | AM70: =SUM(AF70:AL70)+AT70+AV70+AX70 -> 8 | AR70: =SUM(AN70:AQ70) -> 0 | BC70: =+AR70+AS70+AU70+AW70+AY70+BB70 -> 0 | BD70: 3
B71: Facial | C71: =(M71*E71*O71*Q71)/100000000 -> 16.653825 | D71: VP OW | E71: 14 | F71: 1 | G71: =+L71 -> 1180 | H71: =+N71 -> 0.28 | I71: 0.88 | J71: =E71*G71*(1-H71)*1440/1000000*2.74 -> 46.930545 | K71: =(IF(G71<L71,L71,G71)*(1-IF(H71<N71,H71,N71))*E71*O71*Q71)/100000000 -> 16.653825 | L71: 1180 | M71: 849.6 | N71: =1-(M71/L71) -> 0.28 | O71: =+'Trim Rwd'!H38 -> 274 | P71: =O71*(Q71-R71-S71) -> 134534 | Q71: 511 | R71: 0 | S71: 20 | T71: =E71*M71*O71*Q71/100000000 -> 16.653825 | U71: =E71*M71*O71*(Q71-R71-S71)/100000000 -> 16.002012 | V71: =E71*G71*(1-N71)*O71/100*(R71+S71)/1000000 -> 0.65181312 | W71: =+'13'!K11/1000 -> 15.282 | Z71: =+'12'!D22/1000 -> 0 | AC71: =K71-T71 -> 0 | AD71: =+AM71+BC71 -> 14 | AE71: - Change Blade (9x) | AG71: 14 | AM71: =SUM(AF71:AL71)+AT71+AV71+AX71 -> 14 | AR71: =SUM(AN71:AQ71) -> 0 | BC71: =+AR71+AS71+AU71+AW71+AY71+BB71 -> 0 | BE71: 9
AD72: =+AM72+BC72 -> 41 | AE72: - Change Spool (33x) | AH72: 41 | AM72: =SUM(AF72:AL72)+AT72+AV72+AX72 -> 41 | AR72: =SUM(AN72:AQ72) -> 0 | BC72: =+AR72+AS72+AU72+AW72+AY72+BB72 -> 0
AD73: =+AM73+BC73 -> 0 | AE73: - Cleaning | AI73: 0 | AM73: =SUM(AF73:AL73)+AT73+AV73+AX73 -> 0 | AR73: =SUM(AN73:AQ73) -> 0 | BC73: =+AR73+AS73+AU73+AW73+AY73+BB73 -> 0
A75: 46036 | B75: Facial | C75: =(M75*E75*O75*Q75)/100000000 -> 23.097599 | D75: VP OW | E75: 12 | F75: 1 | G75: 1230 | H75: =+N75 -> 0.24 | I75: 0.88 | J75: =E75*G75*(1-H75)*1440/1000000*2.74 -> 44.260163 | K75: =(IF(G75<L75,L75,G75)*(1-IF(H75<N75,H75,N75))*E75*O75*Q75)/100000000 -> 23.097599 | L75: 1230 | M75: 934.8 | N75: =1-(M75/L75) -> 0.24 | O75: =+'Trim Rwd'!H40 -> 259 | P75: =O75*(Q75-R75-S75) -> 195545 | Q75: 795 | R75: 0 | S75: 40 | T75: =E75*M75*O75*Q75/100000000 -> 23.097599 | U75: =E75*M75*O75*(Q75-R75-S75)/100000000 -> 21.935456 | V75: =E75*G75*(1-N75)*O75/100*(R75+S75)/1000000 -> 1.1621434 | W75: =+'14'!K8/1000 -> 17.624 | X75: =SUM(W75:W79)/SUM(K75:K79) -> 0.87886984 | Y75: 0 | Z75: =+'13'!D12/1000 -> 0 | AA75: =SUM(U75:U79)-SUM(W75:W79)-SUM(Z75:Z79)-SUM(Y75:Y79) -> 3.0274167 | AB75: =(SUM(K75:K79)-SUM(W75:W79)-SUM(Y75:Y79)-SUM(Z75:Z79)-SUM(AC75:AC79)-SUM(V75:V79))-AA75 -> -0.0043369248 | AC75: =K75-T75 -> 0 | AD75: =+AM75+BC75 -> 16 | AE75: - Sheet Breaks (8x) | AF75: 16 | AM75: =SUM(AF75:AL75)+AT75+AV75+AX75 -> 16 | AR75: =SUM(AN75:AQ75) -> 0 | BC75: =+AR75+AS75+AU75+AW75+AY75+BB75 -> 0 | BD75: 8
B76: Facial | C76: =(M76*E76*O76*Q76)/100000000 -> 20.132573 | D76: VP OW | E76: 13 | F76: 1 | G76: 1230 | H76: =+N76 -> 0.24 | I76: 0.88 | J76: =E76*G76*(1-H76)*1440/1000000*2.74 -> 47.948509 | K76: =(IF(G76<L76,L76,G76)*(1-IF(H76<N76,H76,N76))*E76*O76*Q76)/100000000 -> 20.222809 | L76: 1224.5116 | M76: 930.62884 | N76: =1-(M76/L76) -> 0.24 | O76: =+'Trim Rwd'!H41 -> 258 | P76: =O76*(Q76-R76-S76) -> 158412 | Q76: 645 | R76: 0 | S76: 31 | T76: =E76*M76*O76*Q76/100000000 -> 20.132573 | U76: =E76*M76*O76*(Q76-R76-S76)/100000000 -> 19.164961 | V76: =E76*G76*(1-N76)*O76/100*(R76+S76)/1000000 -> 0.97194895 | W76: =+'14'!K12/1000 -> 20.449 | Z76: =+'12'!D27/1000 -> 0 | AC76: =K76-T76 -> 0.090236016 | AD76: =+AM76+BC76 -> 0 | AE76: - Change Blade (0x) | AG76: 0 | AM76: =SUM(AF76:AL76)+AT76+AV76+AX76 -> 0 | AR76: =SUM(AN76:AQ76) -> 0 | BC76: =+AR76+AS76+AU76+AW76+AY76+BB76 -> 0 | BE76: 0
AD77: =+AM77+BC77 -> 55 | AE77: - Change Spool (30x) | AH77: 55 | AM77: =SUM(AF77:AL77)+AT77+AV77+AX77 -> 55 | AR77: =SUM(AN77:AQ77) -> 0 | BC77: =+AR77+AS77+AU77+AW77+AY77+BB77 -> 0
AD78: =+AM78+BC78 -> 0 | AE78: - Cleaning | AI78: 0 | AM78: =SUM(AF78:AL78)+AT78+AV78+AX78 -> 0 | AR78: =SUM(AN78:AQ78) -> 0 | BC78: =+AR78+AS78+AU78+AW78+AY78+BB78 -> 0
A80: 46037 | B80: Facial | C80: =(M80*E80*O80*Q80)/100000000 -> 6.6179353 | D80: VP OW | E80: 12 | F80: 1 | G80: 1230 | H80: =+N80 -> 0.24 | I80: 0.88 | J80: =E80*G80*(1-H80)*1440/1000000*2.74 -> 44.260163 | K80: =(IF(G80<L80,L80,G80)*(1-IF(H80<N80,H80,N80))*E80*O80*Q80)/100000000 -> 6.6179353 | L80: 1230 | M80: 934.8 | N80: =1-(M80/L80) -> 0.24 | O80: =+'Trim Rwd'!H43 -> 263.375 | P80: =O80*(Q80-R80-S80) -> 55045.375 | Q80: 224 | R80: 0 | S80: 15 | T80: =E80*M80*O80*Q80/100000000 -> 6.6179353 | U80: =E80*M80*O80*(Q80-R80-S80)/100000000 -> 6.17477 | V80: =E80*G80*(1-N80)*O80/100*(R80+S80)/1000000 -> 0.44316531 | W80: =+'15'!K8/1000 -> 9.766 | X80: =SUM(W80:W84)/SUM(K80:K84) -> 0.83141358 | Y80: 0 | Z80: =+'13'!D17/1000 -> 0 | AA80: =SUM(U80:U84)-SUM(W80:W84)-SUM(Z80:Z84)-SUM(Y80:Y84) -> 1.7058281 | AB80: =(SUM(K80:K84)-SUM(W80:W84)-SUM(Y80:Y84)-SUM(Z80:Z84)-SUM(AC80:AC84)-SUM(V80:V84))-AA80 -> -0.13551398 | AC80: =K80-T80 -> 0 | AD80: =+AM80+BC80 -> 14 | AE80: - Sheet Breaks (6x) | AF80: 14 | AM80: =SUM(AF80:AL80)+AT80+AV80+AX80 -> 14 | AR80: =SUM(AN80:AQ80) -> 0 | BC80: =+AR80+AS80+AU80+AW80+AY80+BB80 -> 0 | BD80: 6
B81: Facial | C81: =(M81*E81*O81*Q81)/100000000 -> 2.6175677 | D81: VP OW | E81: 13 | F81: 1 | G81: 1230 | H81: =+N81 -> 0.24 | I81: 0.88 | J81: =E81*G81*(1-H81)*1440/1000000*2.74 -> 47.948509 | K81: =(IF(G81<L81,L81,G81)*(1-IF(H81<N81,H81,N81))*E81*O81*Q81)/100000000 -> 2.6830069 | L81: 1200 | M81: 912 | N81: =1-(M81/L81) -> 0.24 | O81: =+'Trim Rwd'!H45 -> 266 | P81: =O81*(Q81-R81-S81) -> 20482 | Q81: 83 | R81: 0 | S81: 6 | T81: =E81*M81*O81*Q81/100000000 -> 2.6175677 | U81: =E81*M81*O81*(Q81-R81-S81)/100000000 -> 2.4283459 | V81: =E81*G81*(1-N81)*O81/100*(R81+S81)/1000000 -> 0.1939523 | W81: =+'15'!K12/1000 -> 5.379 | Z81: =+'12'!D32/1000 -> 0 | AC81: =K81-T81 -> 0.065439192 | AD81: =+AM81+BC81 -> 0 | AE81: - Change Blade (0x) | AG81: 0 | AM81: =SUM(AF81:AL81)+AT81+AV81+AX81 -> 0 | AR81: =SUM(AN81:AQ81) -> 0 | BC81: =+AR81+AS81+AU81+AW81+AY81+BB81 -> 0 | BE81: 0
B82: Facial | C82: =(M82*E82*O82*Q82)/100000000 -> 39.73134 | D82: VP OW | E82: 16 | F82: 1 | G82: 1180 | H82: =+N82 -> 0.26 | I82: 0.88 | J82: =E82*G82*(1-H82)*1440/1000000*2.74 -> 55.124767 | K82: =(IF(G82<L82,L82,G82)*(1-IF(H82<N82,H82,N82))*E82*O82*Q82)/100000000 -> 43.530766 | L82: 1077.0079 | M82: 796.98588 | N82: =1-(M82/L82) -> 0.26 | O82: =+'Trim Rwd'!H47 -> 275 | P82: =O82*(Q82-R82-S82) -> 300850 | Q82: 1133 | R82: 0 | S82: =60-S80-S81 -> 39 | T82: =E82*M82*O82*Q82/100000000 -> 39.73134 | U82: =E82*M82*O82*(Q82-R82-S82)/100000000 -> 38.363712 | V82: =E82*G82*(1-N82)*O82/100*(R82+S82)/1000000 -> 1.4984112 | W82: =+'15'!K13/1000 -> 28.78 | Z82: =+'15'!D25/1000 -> 1.336 | AC82: =K82-T82 -> 3.7994264 | AD82: =+AM82+BC82 -> 46 | AE82: - Change Spool (32x) | AH82: 46 | AM82: =SUM(AF82:AL82)+AT82+AV82+AX82 -> 46 | AR82: =SUM(AN82:AQ82) -> 0 | BC82: =+AR82+AS82+AU82+AW82+AY82+BB82 -> 0
AD83: =+AM83+BC83 -> 0 | AE83: - Cleaning | AI83: 0 | AM83: =SUM(AF83:AL83)+AT83+AV83+AX83 -> 0 | AR83: =SUM(AN83:AQ83) -> 0 | BC83: =+AR83+AS83+AU83+AW83+AY83+BB83 -> 0
A85: 46038 | B85: Facial | C85: =(M85*E85*O85*Q85)/100000000 -> 11.850538 | D85: VP OW | E85: 16 | F85: 1 | G85: 1180 | H85: =+N85 -> 0.26 | I85: 0.88 | J85: =E85*G85*(1-H85)*1440/1000000*2.74 -> 55.124767 | K85: =(IF(G85<L85,L85,G85)*(1-IF(H85<N85,H85,N85))*E85*O85*Q85)/100000000 -> 12.94781 | L85: 1080 | M85: 799.2 | N85: =1-(M85/L85) -> 0.26 | O85: =+'Trim Rwd'!H49 -> 275 | P85: =O85*(Q85-R85-S85) -> 88825 | Q85: 337 | R85: 0 | S85: 14 | T85: =E85*M85*O85*Q85/100000000 -> 11.850538 | U85: =E85*M85*O85*(Q85-R85-S85)/100000000 -> 11.35823 | V85: =E85*G85*(1-N85)*O85/100*(R85+S85)/1000000 -> 0.5378912 | W85: =+'16'!K12/1000 -> 27.06 | X85: =SUM(W85:W89)/SUM(K85:K89) -> 0.81060254 | Y85: 0 | Z85: =+'13'!D22/1000 -> 0 | AA85: =SUM(U85:U89)-SUM(W85:W89)-SUM(Z85:Z89)-SUM(Y85:Y89) -> 5.5718469 | AB85: =(SUM(K85:K89)-SUM(W85:W89)-SUM(Y85:Y89)-SUM(Z85:Z89)-SUM(AC85:AC89)-SUM(V85:V89))-AA85 -> -0.069080308 | AC85: =K85-T85 -> 1.097272 | AD85: =+AM85+BC85 -> 8 | AE85: - Sheet Breaks (4x) | AF85: 8 | AM85: =SUM(AF85:AL85)+AT85+AV85+AX85 -> 8 | AR85: =SUM(AN85:AQ85) -> 0 | BC85: =+AR85+AS85+AU85+AW85+AY85+BB85 -> 0 | BD85: 4
B86: Facial | C86: =(M86*E86*O86*Q86)/100000000 -> 34.691502 | D86: VP OW | E86: 13 | F86: 1 | G86: 1230 | H86: =+N86 -> 0.24435369 | I86: 0.88 | J86: =E86*G86*(1-H86)*1440/1000000*2.74 -> 47.673834 | K86: =(IF(G86<L86,L86,G86)*(1-IF(H86<N86,H86,N86))*E86*O86*Q86)/100000000 -> 35.280512 | L86: 1209.4651 | M86: 913.92783 | N86: =1-(M86/L86) -> 0.24435369 | O86: =+'Trim Rwd'!H50 -> 264.7234 | P86: =O86*(Q86-R86-S86) -> 280342.09 | Q86: 1103 | R86: 0 | S86: =58-S85 -> 44 | T86: =E86*M86*O86*Q86/100000000 -> 34.691502 | U86: =E86*M86*O86*(Q86-R86-S86)/100000000 -> 33.307616 | V86: =E86*G86*(1-N86)*O86/100*(R86+S86)/1000000 -> 1.4073822 | W86: =+'16'!K13/1000 -> 12.034 | AC86: =K86-T86 -> 0.58900972 | AD86: =+AM86+BC86 -> 0 | AE86: - Change Blade (0x) | AG86: 0 | AM86: =SUM(AF86:AL86)+AT86+AV86+AX86 -> 0 | AR86: =SUM(AN86:AQ86) -> 0 | BC86: =+AR86+AS86+AU86+AW86+AY86+BB86 -> 0 | BE86: 0
AD87: =+AM87+BC87 -> 50 | AE87: - Change Spool (26x) | AH87: 50 | AM87: =SUM(AF87:AL87)+AT87+AV87+AX87 -> 50 | AR87: =SUM(AN87:AQ87) -> 0 | BC87: =+AR87+AS87+AU87+AW87+AY87+BB87 -> 0
AD88: =+AM88+BC88 -> 0 | AE88: - Cleaning | AI88: 0 | AM88: =SUM(AF88:AL88)+AT88+AV88+AX88 -> 0 | AR88: =SUM(AN88:AQ88) -> 0 | BC88: =+AR88+AS88+AU88+AW88+AY88+BB88 -> 0
A90: 46039 | B90: Facial | C90: =(M90*E90*O90*Q90)/100000000 -> 45.312091 | D90: VP OW | E90: 13 | F90: 1 | G90: 1230 | H90: =+N90 -> 0.24 | I90: 0.88 | J90: =E90*G90*(1-H90)*1440/1000000*2.74 -> 47.948509 | K90: =(IF(G90<L90,L90,G90)*(1-IF(H90<N90,H90,N90))*E90*O90*Q90)/100000000 -> 45.498586 | L90: 1224.9583 | M90: 930.96833 | N90: =1-(M90/L90) -> 0.24 | O90: =+'Trim Rwd'!H53 -> 260 | P90: =O90*(Q90-R90-S90) -> 354380 | Q90: 1440 | R90: 0 | S90: 77 | T90: =E90*M90*O90*Q90/100000000 -> 45.312091 | U90: =E90*M90*O90*(Q90-R90-S90)/100000000 -> 42.889153 | V90: =E90*G90*(1-N90)*O90/100*(R90+S90)/1000000 -> 2.4329105 | W90: =+'17'!K12/1000 -> 43.94 | X90: =SUM(W90:W94)/SUM(K90:K94) -> 0.96574431 | Y90: 0 | Z90: =+'17'!D34/1000 -> 0.527 | AA90: =SUM(U90:U94)-SUM(W90:W94)-SUM(Z90:Z94)-SUM(Y90:Y94) -> -1.5778475 | AB90: =(SUM(K90:K94)-SUM(W90:W94)-SUM(Y90:Y94)-SUM(Z90:Z94)-SUM(AC90:AC94)-SUM(V90:V94))-AA90 -> -0.0099722957 | AC90: =K90-T90 -> 0.18649488 | AD90: =+AM90+BC90 -> 16 | AE90: - Sheet Breaks (6x) | AF90: 16 | AM90: =SUM(AF90:AL90)+AT90+AV90+AX90 -> 16 | AR90: =SUM(AN90:AQ90) -> 0 | BC90: =+AR90+AS90+AU90+AW90+AY90+BB90 -> 0 | BD90: 6
AC91: =K91-T91 -> 0 | AD91: =+AM91+BC91 -> 0 | AE91: - Change Blade (0x) | AG91: 0 | AM91: =SUM(AF91:AL91)+AT91+AV91+AX91 -> 0 | AR91: =SUM(AN91:AQ91) -> 0 | BC91: =+AR91+AS91+AU91+AW91+AY91+BB91 -> 0 | BE91: 0
AD92: =+AM92+BC92 -> 61 | AE92: - Change Spool (28x) | AH92: 61 | AM92: =SUM(AF92:AL92)+AT92+AV92+AX92 -> 61 | AR92: =SUM(AN92:AQ92) -> 0 | BC92: =+AR92+AS92+AU92+AW92+AY92+BB92 -> 0
AD93: =+AM93+BC93 -> 0 | AE93: - Cleaning | AI93: 0 | AM93: =SUM(AF93:AL93)+AT93+AV93+AX93 -> 0 | AR93: =SUM(AN93:AQ93) -> 0 | BC93: =+AR93+AS93+AU93+AW93+AY93+BB93 -> 0
A95: 46040 | B95: Facial | C95: =(M95*E95*O95*Q95)/100000000 -> 15.166195 | D95: VP OW | E95: 13 | F95: 1 | G95: 1230 | H95: =+N95 -> 0.24 | I95: 0.88 | J95: =E95*G95*(1-H95)*1440/1000000*2.74 -> 47.948509 | K95: =(IF(G95<L95,L95,G95)*(1-IF(H95<N95,H95,N95))*E95*O95*Q95)/100000000 -> 15.166195 | L95: 1230 | M95: 934.8 | N95: =1-(M95/L95) -> 0.24 | O95: =+'Trim Rwd'!H55 -> 260 | P95: =O95*(Q95-R95-S95) -> 119600 | Q95: 480 | R95: 0 | S95: 20 | T95: =E95*M95*O95*Q95/100000000 -> 15.166195 | U95: =E95*M95*O95*(Q95-R95-S95)/100000000 -> 14.53427 | V95: =E95*G95*(1-N95)*O95/100*(R95+S95)/1000000 -> 0.6319248 | W95: =+'18'!K12/1000 -> 15.583 | X95: =SUM(W95:W99)/SUM(K95:K99) -> 0.87883815 | Y95: 0 | Z95: =+'13'!D32/1000 -> 0 | AA95: =SUM(U95:U99)-SUM(W95:W99)-SUM(Z95:Z99)-SUM(Y95:Y99) -> 2.2560716 | AB95: =(SUM(K95:K99)-SUM(W95:W99)-SUM(Y95:Y99)-SUM(Z95:Z99)-SUM(AC95:AC99)-SUM(V95:V99))-AA95 -> 0 | AC95: =K95-T95 -> 0 | AD95: =+AM95+BC95 -> 23 | AE95: - Sheet Breaks (8x) | AF95: 23 | AM95: =SUM(AF95:AL95)+AT95+AV95+AX95 -> 23 | AR95: =SUM(AN95:AQ95) -> 0 | BC95: =+AR95+AS95+AU95+AW95+AY95+BB95 -> 0 | BD95: 8
B96: Facial | C96: =(M96*E96*O96*Q96)/100000000 -> 32.225921 | D96: VP OW | E96: 13.5 | F96: 1 | G96: 1230 | H96: =+N96 -> 0.24 | I96: 0.88 | J96: =E96*G96*(1-H96)*1440/1000000*2.74 -> 49.792683 | K96: =(IF(G96<L96,L96,G96)*(1-IF(H96<N96,H96,N96))*E96*O96*Q96)/100000000 -> 32.225921 | L96: 1230 | M96: 934.8 | N96: =1-(M96/L96) -> 0.24 | O96: =+'Trim Rwd'!H56 -> 266 | P96: =O96*(Q96-R96-S96) -> 239400 | Q96: =1440-Q95 -> 960 | R96: 0 | S96: =80-S95 -> 60 | T96: =E96*M96*O96*Q96/100000000 -> 32.225921 | U96: =E96*M96*O96*(Q96-R96-S96)/100000000 -> 30.211801 | V96: =E96*G96*(1-N96)*O96/100*(R96+S96)/1000000 -> 2.0141201 | W96: =+'18'!K9/1000 -> 26.067 | Z96: =+'18'!D25/1000 -> 0.84 | AC96: =K96-T96 -> 0 | AD96: =+AM96+BC96 -> 0 | AE96: - Change Blade (0x) | AG96: 0 | AM96: =SUM(AF96:AL96)+AT96+AV96+AX96 -> 0 | AR96: =SUM(AN96:AQ96) -> 0 | BC96: =+AR96+AS96+AU96+AW96+AY96+BB96 -> 0 | BE96: 0
AD97: =+AM97+BC97 -> 49 | AE97: - Change Spool (26x) | AH97: 49 | AM97: =SUM(AF97:AL97)+AT97+AV97+AX97 -> 49 | AR97: =SUM(AN97:AQ97) -> 0 | BC97: =+AR97+AS97+AU97+AW97+AY97+BB97 -> 0
AD98: =+AM98+BC98 -> 8 | AE98: - Cleaning | AI98: 8 | AM98: =SUM(AF98:AL98)+AT98+AV98+AX98 -> 8 | AR98: =SUM(AN98:AQ98) -> 0 | BC98: =+AR98+AS98+AU98+AW98+AY98+BB98 -> 0
A100: 46041 | B100: Facial | C100: =(M100*E100*O100*Q100)/100000000 -> 47.509217 | D100: VP OW | E100: 13.5 | F100: 1 | G100: 1230 | H100: =+N100 -> 0.24 | I100: 0.88 | J100: =E100*G100*(1-H100)*1440/1000000*2.74 -> 49.792683 | K100: =(IF(G100<L100,L100,G100)*(1-IF(H100<N100,H100,N100))*E100*O100*Q100)/100000000 -> 48.338882 | L100: 1208.8889 | M100: 918.75556 | N100: =1-(M100/L100) -> 0.24 | O100: =+'Trim Rwd'!H58 -> 266 | P100: =O100*(Q100-R100-S100) -> 352982 | Q100: =1440-Q99 -> 1440 | R100: 0 | S100: 113 | T100: =E100*M100*O100*Q100/100000000 -> 47.509217 | U100: =E100*M100*O100*(Q100-R100-S100)/100000000 -> 43.781063 | V100: =E100*G100*(1-N100)*O100/100*(R100+S100)/1000000 -> 3.7932595 | W100: =+'19'!K9/1000 -> 43.503 | X100: =SUM(W100:W104)/SUM(K100:K104) -> 0.89995876 | Y100: 0 | Z100: 0 | AA100: =SUM(U100:U104)-SUM(W100:W104)-SUM(Z100:Z104)-SUM(Y100:Y104) -> 0.27806342 | AB100: =(SUM(K100:K104)-SUM(W100:W104)-SUM(Y100:Y104)-SUM(Z100:Z104)-SUM(AC100:AC104)-SUM(V100:V104))-AA100 -> -0.065105628 | AC100: =K100-T100 -> 0.82966464 | AD100: =+AM100+BC100 -> 27 | AE100: - Sheet Breaks (9x) | AF100: 27 | AM100: =SUM(AF100:AL100)+AT100+AV100+AX100 -> 27 | AR100: =SUM(AN100:AQ100) -> 0 | BC100: =+AR100+AS100+AU100+AW100+AY100+BB100 -> 0 | BD100: 9
AC101: =K101-T101 -> 0 | AD101: =+AM101+BC101 -> 0 | AE101: - Change Blade (0x) | AG101: 0 | AM101: =SUM(AF101:AL101)+AT101+AV101+AX101 -> 0 | AR101: =SUM(AN101:AQ101) -> 0 | BC101: =+AR101+AS101+AU101+AW101+AY101+BB101 -> 0 | BE101: 0
AD102: =+AM102+BC102 -> 36 | AE102: - Change Spool (27x) | AH102: 36 | AM102: =SUM(AF102:AL102)+AT102+AV102+AX102 -> 36 | AR102: =SUM(AN102:AQ102) -> 0 | BC102: =+AR102+AS102+AU102+AW102+AY102+BB102 -> 0
AD103: =+AM103+BC103 -> 50 | AE103: - Loss speed karena EID | AK103: 50 | AM103: =SUM(AF103:AL103)+AT103+AV103+AX103 -> 50 | AR103: =SUM(AN103:AQ103) -> 0 | BC103: =+AR103+AS103+AU103+AW103+AY103+BB103 -> 0
A105: 46042 | B105: Facial | C105: =(M105*E105*O105*Q105)/100000000 -> 32.044159 | D105: VP OW | E105: 13.5 | F105: 1 | G105: 1230 | H105: =+N105 -> 0.24 | I105: 0.88 | J105: =E105*G105*(1-H105)*1440/1000000*2.74 -> 49.792683 | K105: =(IF(G105<L105,L105,G105)*(1-IF(H105<N105,H105,N105))*E105*O105*Q105)/100000000 -> 32.225921 | L105: 1223.0625 | M105: 929.5275 | N105: =1-(M105/L105) -> 0.24 | O105: =+'Trim Rwd'!H60 -> 266 | P105: =O105*(Q105-R105-S105) -> 235144 | Q105: 960 | R105: 0 | S105: 76 | T105: =E105*M105*O105*Q105/100000000 -> 32.044159 | U105: =E105*M105*O105*(Q105-R105-S105)/100000000 -> 29.50733 | V105: =E105*G105*(1-N105)*O105/100*(R105+S105)/1000000 -> 2.5512188 | W105: =+'20'!K9/1000 -> 35.351 | X105: =SUM(W105:W109)/SUM(K105:K109) -> 0.98248915 | Y105: 0 | Z105: 0 | AA105: =SUM(U105:U109)-SUM(W105:W109)-SUM(Z105:Z109)-SUM(Y105:Y109) -> -2.5150038 | AB105: =(SUM(K105:K109)-SUM(W105:W109)-SUM(Y105:Y109)-SUM(Z105:Z109)-SUM(AC105:AC109)-SUM(V105:V109))-AA105 -> -0.014389496 | AC105: =K105-T105 -> 0.18176206 | AD105: =+AM105+BC105 -> 12 | AE105: - Sheet Breaks (6x) | AF105: 12 | AM105: =SUM(AF105:AL105)+AT105+AV105+AX105 -> 12 | AR105: =SUM(AN105:AQ105) -> 0 | BC105: =+AR105+AS105+AU105+AW105+AY105+BB105 -> 0 | BD105: 6
B106: Facial | C106: =(M106*E106*O106*Q106)/100000000 -> 14.932869 | D106: VP OW | E106: 13 | F106: 1 | G106: 1230 | H106: =+N106 -> 0.24 | I106: 0.88 | J106: =E106*G106*(1-H106)*1440/1000000*2.74 -> 47.948509 | K106: =(IF(G106<L106,L106,G106)*(1-IF(H106<N106,H106,N106))*E106*O106*Q106)/100000000 -> 14.932869 | L106: 1230 | M106: 934.8 | N106: =1-(M106/L106) -> 0.24 | O106: =+'Trim Rwd'!H61 -> 256 | P106: =O106*(Q106-R106-S106) -> 117760 | Q106: 480 | R106: 0 | S106: 20 | T106: =E106*M106*O106*Q106/100000000 -> 14.932869 | U106: =E106*M106*O106*(Q106-R106-S106)/100000000 -> 14.310666 | V106: =E106*G106*(1-N106)*O106/100*(R106+S106)/1000000 -> 0.62220288 | W106: =+'20'!K12/1000 -> 10.982 | AC106: =K106-T106 -> 0 | AD106: =+AM106+BC106 -> 8 | AE106: - Change Blade (4x) | AG106: 8 | AM106: =SUM(AF106:AL106)+AT106+AV106+AX106 -> 8 | AR106: =SUM(AN106:AQ106) -> 0 | BC106: =+AR106+AS106+AU106+AW106+AY106+BB106 -> 0 | BE106: 4
AD107: =+AM107+BC107 -> 39 | AE107: - Change Spool (29x) | AH107: 39 | AM107: =SUM(AF107:AL107)+AT107+AV107+AX107 -> 39 | AR107: =SUM(AN107:AQ107) -> 0 | BC107: =+AR107+AS107+AU107+AW107+AY107+BB107 -> 0
AD108: =+AM108+BC108 -> 37 | AE108: - Loss speed karena EID | AK108: 37 | AM108: =SUM(AF108:AL108)+AT108+AV108+AX108 -> 37 | AR108: =SUM(AN108:AQ108) -> 0 | BC108: =+AR108+AS108+AU108+AW108+AY108+BB108 -> 0
A110: 46043 | B110: Facial | C110: =(M110*E110*O110*Q110)/100000000 -> 30.612382 | D110: VP OW | E110: 13 | F110: 1 | G110: 1230 | H110: =+N110 -> 0.24 | I110: 0.88 | J110: =E110*G110*(1-H110)*1440/1000000*2.74 -> 47.948509 | K110: =(IF(G110<L110,L110,G110)*(1-IF(H110<N110,H110,N110))*E110*O110*Q110)/100000000 -> 30.612382 | L110: 1230 | M110: 934.8 | N110: =1-(M110/L110) -> 0.24 | O110: =+'Trim Rwd'!H63 -> 256 | P110: =O110*(Q110-R110-S110) -> 241664 | Q110: 984 | R110: 0 | S110: 40 | T110: =E110*M110*O110*Q110/100000000 -> 30.612382 | U110: =E110*M110*O110*(Q110-R110-S110)/100000000 -> 29.367976 | V110: =E110*G110*(1-N110)*O110/100*(R110+S110)/1000000 -> 1.2444058 | W110: =+'21'!K12/1000 -> 31.542 | X110: =SUM(W110:W113)/SUM(K110:K113) -> 0.91274434 | Y110: 0 | Z110: 0 | AA110: =SUM(U110:U113)-SUM(W110:W113)-SUM(Z110:Z113)-SUM(Y110:Y113) -> 1.5775014 | AB110: =(SUM(K110:K113)-SUM(W110:W113)-SUM(Y110:Y113)-SUM(Z110:Z113)-SUM(AC110:AC113)-SUM(V110:V113))-AA110 -> 0.054340608 | AC110: =K110-T110 -> 0 | AD110: =+AM110+BC110 -> 18 | AE110: - Sheet Breaks (6x) | AF110: 18 | AM110: =SUM(AF110:AL110)+AT110+AV110+AX110 -> 18 | AR110: =SUM(AN110:AQ110) -> 0 | BC110: =+AR110+AS110+AU110+AW110+AY110+BB110 -> 0 | BD110: 6
B111: Facial | C111: =(M111*E111*O111*Q111)/100000000 -> 11.30162 | D111: VP OW | E111: 11 | F111: 1 | G111: 1230 | H111: =+N111 -> 0.24 | I111: 0.88 | J111: =E111*G111*(1-H111)*1440/1000000*2.74 -> 40.571816 | K111: =(IF(G111<L111,L111,G111)*(1-IF(H111<N111,H111,N111))*E111*O111*Q111)/100000000 -> 11.30162 | L111: 1230 | M111: 934.8 | N111: =1-(M111/L111) -> 0.24 | O111: =+'Trim Rwd'!H64 -> 258 | P111: =O111*(Q111-R111-S111) -> 103458 | Q111: 426 | R111: 0 | S111: 25 | T111: =E111*M111*O111*Q111/100000000 -> 11.30162 | U111: =E111*M111*O111*(Q111-R111-S111)/100000000 -> 10.638379 | V111: =E111*G111*(1-N111)*O111/100*(R111+S111)/1000000 -> 0.6632406 | W111: =+'21'!K14/1000 -> 7.668 | AC111: =K111-T111 -> 0 | AD111: =+AM111+BC111 -> 9 | AE111: - Change Blade (5x) | AG111: 9 | AM111: =SUM(AF111:AL111)+AT111+AV111+AX111 -> 9 | AR111: =SUM(AN111:AQ111) -> 0 | BC111: =+AR111+AS111+AU111+AW111+AY111+BB111 -> 0 | BE111: 5
B112: Facial | C112: =(M112*E112*O112*Q112)/100000000 -> 0.9764328 | D112: VP OW | E112: 14 | F112: 1 | G112: 1230 | H112: =+N112 -> 0.24 | I112: 0.88 | J112: =E112*G112*(1-H112)*1440/1000000*2.74 -> 51.636856 | K112: =(IF(G112<L112,L112,G112)*(1-IF(H112<N112,H112,N112))*E112*O112*Q112)/100000000 -> 1.0443586 | L112: 1150 | M112: 874 | N112: =1-(M112/L112) -> 0.24 | O112: =+'Trim Rwd'!H65 -> 266 | P112: =O112*(Q112-R112-S112) -> 6384 | Q112: 30 | R112: 0 | S112: =71-S110-S111 -> 6 | T112: =E112*M112*O112*Q112/100000000 -> 0.9764328 | U112: =E112*M112*O112*(Q112-R112-S112)/100000000 -> 0.78114624 | V112: =E112*G112*(1-N112)*O112/100*(R112+S112)/1000000 -> 0.20887171 | W112: =+'20'!K16/1000 -> 0 | AD112: =+AM112+BC112 -> 44 | AE112: - Change Spool (22x) | AH112: 44 | AM112: =SUM(AF112:AL112)+AT112+AV112+AX112 -> 44 | AR112: =SUM(AN112:AQ112) -> 0 | BC112: =+AR112+AS112+AU112+AW112+AY112+BB112 -> 0
A114: 46044 | B114: Facial | C114: =(M114*E114*O114*Q114)/100000000 -> 5.2076416 | D114: VP OW | E114: 14 | F114: 1 | G114: 1230 | H114: =+N114 -> 0.24 | I114: 0.88 | J114: =E114*G114*(1-H114)*1440/1000000*2.74 -> 51.636856 | K114: =(IF(G114<L114,L114,G114)*(1-IF(H114<N114,H114,N114))*E114*O114*Q114)/100000000 -> 5.5699123 | L114: 1150 | M114: =+L114-L114*0.24 -> 874 | N114: =1-(M114/L114) -> 0.24 | O114: =+'Trim Rwd'!H68 -> 266 | P114: =O114*(Q114-R114-S114) -> 40166 | Q114: 160 | R114: 0 | S114: 9 | T114: =E114*M114*O114*Q114/100000000 -> 5.2076416 | U114: =E114*M114*O114*(Q114-R114-S114)/100000000 -> 4.9147118 | V114: =E114*G114*(1-N114)*O114/100*(R114+S114)/1000000 -> 0.31330757 | W114: =+'22'!K11/1000 -> 5.092 | X114: =SUM(W114:W117)/SUM(K114:K117) -> 0.93140348 | Y114: 0 | Z114: 0 | AA114: =SUM(U114:U117)-SUM(W114:W117)-SUM(Z114:Z117)-SUM(Y114:Y117) -> 0.598606 | AB114: =(SUM(K114:K117)-SUM(W114:W117)-SUM(Y114:Y117)-SUM(Z114:Z117)-SUM(AC114:AC117)-SUM(V114:V117))-AA114 -> -0.020377728 | AC114: =K114-T114 -> 0.36227072 | AD114: =+AM114+BC114 -> 38 | AE114: - Sheet Breaks (8x) | AF114: 38 | AM114: =SUM(AF114:AL114)+AT114+AV114+AX114 -> 38 | AR114: =SUM(AN114:AQ114) -> 0 | BC114: =+AR114+AS114+AU114+AW114+AY114+BB114 -> 0 | BD114: 8
B115: Toilet | C115: =(M115*E115*O115*Q115)/100000000 -> 40.132086 | D115: VP OW | E115: 13 | F115: 1 | G115: =+L115 -> 1230 | H115: =+N115 -> 0.24 | I115: 0.88 | J115: =E115*G115*(1-H115)*1440/1000000*2.74 -> 47.948509 | K115: =(IF(G115<L115,L115,G115)*(1-IF(H115<N115,H115,N115))*E115*O115*Q115)/100000000 -> 40.132086 | L115: 1230 | M115: =+L115-L115*0.24 -> 934.8 | N115: =1-(M115/L115) -> 0.24 | O115: =+'Trim Rwd'!H69 -> 258 | P115: =O115*(Q115-R115-S115) -> 314760 | Q115: 1280 | R115: 0 | S115: 60 | T115: =E115*M115*O115*Q115/100000000 -> 40.132086 | U115: =E115*M115*O115*(Q115-R115-S115)/100000000 -> 38.250894 | V115: =E115*G115*(1-N115)*O115/100*(R115+S115)/1000000 -> 1.8811915 | W115: =+'22'!K7/1000 -> 34.83 | AC115: =K115-T115 -> 0 | AD115: =+AM115+BC115 -> 0 | AE115: - Change Blade (0x) | AG115: 0 | AM115: =SUM(AF115:AL115)+AT115+AV115+AX115 -> 0 | AR115: =SUM(AN115:AQ115) -> 0 | BC115: =+AR115+AS115+AU115+AW115+AY115+BB115 -> 0 | BE115: 0
B116: Facial | E116: 11 | W116: =+'22'!K14/1000 -> 2.645 | AC116: =K116-T116 -> 0 | AD116: =+AM116+BC116 -> 31 | AE116: - Change Spool (28x) | AH116: 31 | AM116: =SUM(AF116:AL116)+AT116+AV116+AX116 -> 31 | AR116: =SUM(AN116:AQ116) -> 0 | BC116: =+AR116+AS116+AU116+AW116+AY116+BB116 -> 0
A118: 46045 | B118: Toilet | C118: =(M118*E118*O118*Q118)/100000000 -> 38.250894 | D118: VP OW | E118: 13 | F118: 1 | G118: =+L118 -> 1042.0833 | H118: =+N118 -> 0.24 | I118: 0.88 | J118: =E118*G118*(1-H118)*1440/1000000*2.74 -> 40.623043 | K118: =(IF(G118<L118,L118,G118)*(1-IF(H118<N118,H118,N118))*E118*O118*Q118)/100000000 -> 38.250894 | L118: 1042.0833 | M118: 791.98333 | N118: =1-(M118/L118) -> 0.24 | O118: =+'Trim Rwd'!H71 -> 258 | P118: =O118*(Q118-R118-S118) -> 356040 | Q118: 1440 | R118: 0 | S118: =280-220 -> 60 | T118: =E118*M118*O118*Q118/100000000 -> 38.250894 | U118: =E118*M118*O118*(Q118-R118-S118)/100000000 -> 36.657107 | V118: =E118*G118*(1-N118)*O118/100*(R118+S118)/1000000 -> 1.5937873 | W118: =+'23'!K7/1000 -> 36.118 | X118: =SUM(W118:W122)/SUM(K118:K122) -> 0.94423936 | Y118: 0 | Z118: =+'23'!D16/1000 -> 0.285 | AA118: =SUM(U118:U122)-SUM(W118:W122)-SUM(Z118:Z122)-SUM(Y118:Y122) -> 0.25410698 | AB118: =(SUM(K118:K122)-SUM(W118:W122)-SUM(Y118:Y122)-SUM(Z118:Z122)-SUM(AC118:AC122)-SUM(V118:V122))-AA118 -> -1.2767565e-15 | AC118: =K118-T118 -> 0 | AD118: =+AM118+BC118 -> 24 | AE118: - Sheet Breaks (9x) | AF118: 24 | AM118: =SUM(AF118:AL118)+AT118+AV118+AX118 -> 24 | AR118: =SUM(AN118:AQ118) -> 0 | BC118: =+AR118+AS118+AU118+AW118+AY118+BB118 -> 0 | BD118: 9
AC119: =K119-T119 -> 0 | AD119: =+AM119+BC119 -> 0 | AE119: - Change Blade (0x) | AG119: 0 | AM119: =SUM(AF119:AL119)+AT119+AV119+AX119 -> 0 | AR119: =SUM(AN119:AQ119) -> 0 | BC119: =+AR119+AS119+AU119+AW119+AY119+BB119 -> 0 | BE119: 0
AD120: =+AM120+BC120 -> 36 | AE120: - Change Spool (24x) | AH120: 36 | AM120: =SUM(AF120:AL120)+AT120+AV120+AX120 -> 36 | AR120: =SUM(AN120:AQ120) -> 0 | BC120: =+AR120+AS120+AU120+AW120+AY120+BB120 -> 0
AD121: =+AM121+BC121 -> 0 | AE121: - Loss Speed Efek PGN | AM121: =SUM(AF121:AL121)+AT121+AV121+AX121+AZ121 -> 0 | AR121: =SUM(AN121:AQ121) -> 0 | BC121: =+AR121+AS121+AU121+AW121+AY121+BB121+BA121 -> 0
A123: 46046 | B123: Toilet | C123: =(M123*E123*O123*Q123)/100000000 -> 36.31031 | D123: VP OW | E123: 13 | F123: 1 | G123: =+L123 -> 989.21528 | H123: =+N123 -> 0.24 | I123: 0.88 | J123: =E123*G123*(1-H123)*1440/1000000*2.74 -> 38.562112 | K123: =(IF(G123<L123,L123,G123)*(1-IF(H123<N123,H123,N123))*E123*O123*Q123)/100000000 -> 36.31031 | L123: 989.21528 | M123: 751.80361 | N123: =1-(M123/L123) -> 0.24 | O123: =+'Trim Rwd'!H73 -> 258 | P123: =O123*(Q123-R123-S123) -> 355266 | Q123: 1440 | R123: 0 | S123: =157-94 -> 63 | T123: =E123*M123*O123*Q123/100000000 -> 36.31031 | U123: =E123*M123*O123*(Q123-R123-S123)/100000000 -> 34.721734 | V123: =E123*G123*(1-N123)*O123/100*(R123+S123)/1000000 -> 1.5885761 | W123: =+'24'!K7/1000 -> 33.08 | X123: =SUM(W123:W127)/SUM(K123:K127) -> 0.91103601 | Y123: 0 | Z123: =+'23'!D21/1000 -> 0 | AA123: =SUM(U123:U127)-SUM(W123:W127)-SUM(Z123:Z127)-SUM(Y123:Y127) -> 1.641734 | AB123: =(SUM(K123:K127)-SUM(W123:W127)-SUM(Y123:Y127)-SUM(Z123:Z127)-SUM(AC123:AC127)-SUM(V123:V127))-AA123 -> 0 | AC123: =K123-T123 -> 0 | AD123: =+AM123+BC123 -> 12 | AE123: - Sheet Breaks (6x) | AF123: 12 | AM123: =SUM(AF123:AL123)+AT123+AV123+AX123 -> 12 | AR123: =SUM(AN123:AQ123) -> 0 | BC123: =+AR123+AS123+AU123+AW123+AY123+BB123 -> 0 | BD123: 6
AC124: =K124-T124 -> 0 | AD124: =+AM124+BC124 -> 6 | AE124: - Change Blade (3x) | AG124: 6 | AM124: =SUM(AF124:AL124)+AT124+AV124+AX124 -> 6 | AR124: =SUM(AN124:AQ124) -> 0 | BC124: =+AR124+AS124+AU124+AW124+AY124+BB124 -> 0 | BE124: 3
...

Sheet Chem
A4: CHEMICAL DAILY REPORT PM 14
F5: Paper Mill's Chemicals | GD5: Deinking's Chemicals | KT5: Paper mill's Chemicals | KU5: Deinking's Chemicals
A6: DATE | B6: GRADE | C6: GSM | D6: REEL PROD (TON) | E6: REW PROD (TON) | F6: AMIBOND DS 947 | I6: AMIBOND WS 418 | L6: WSR RESIN P-5500 | O6: AMICIDE BX 9127 | R6: AMICIDE BX 9160 | U6: AMICIDE BX 9193 | X6: AMICIDE BX 9226 | AA6: AMICIDE BX 9347 | AD6: AMICLEAN AP 1797 | AG6: AMICLEAN AP 1817 | AJ6: AMICLEAN AP 2048 | AM6: AMICOAT TC 6101 | AP6: AMICOAT TC 6218 | AS6: AMICOAT TC 6407 | AV6: AMICOAT TM 6123 | AY6: AMICOAT TR 6112 | BB6: AMICOAT TR 6113 | BE6: AMICOAT TR 6159 | BH6: AMICOAT TR 6248 | BK6: AMIFLOC 737 | BN6: AMIPAC AP 8511 | BQ6: AMISOFT 6538 | BT6: AMISPERSE AP 8826 | BW6: ANEDIR BLUE 2R LIQ | BZ6: CAUSTIC SODA CAIR 48% | CC6: DEKATOGEN SDC-60 | CF6: FENNOPOL K 9952 | CI6: HIDROGEN PEROXIDE | CL6: INDOSIZE CR 835 | CO6: KAPORIT 60% | CR6: KAPORIT 65% | CU6: NGR 900 | CX6: NGR MULTIPAC 120 | DA6: PAC - 280SP | DD6: PAPYRASE LIL | DG6: PERGASOL VIOLET BN LIQ | DJ6: PEWARNA MAKANAN PINK | DM6: SODIUM TIO SULPHATE | DP6: SOLSA SPRAY 550 | DS6: SUCOLITE SP 210 | DV6: TCCA POWDER | DY6: XYLENE | EB6: EPOSTRONG | EE6: SODIUM HYPOCHLORID | EH6: Detac DC779F | EK6: SOFTENER PURIFEC | EN6: CHEMZYME CL | GD6: PAPYRASE IL | GG6: DEKAINK | GJ6: DI 370/DKF 250 | GM6: ELTEXIN | GP6: ELTEBRIGHT BL 1000 | GS6: SOLMIX L40 | GV6: CHEMBRIGHT C LIQUID | GY6: K-Bright Liquid | HB6: CAUSTIC SODA CAIR 48% | HE6: TCCA POWDER | HH6: SUCOLITE SP 210 | HK6: AMIPAC AP 8511 | HN6: NGR 200 | HQ6: NGR 900 | HT6: ANEDIR YELLOW BKL | HW6: ANEDIR RED BKL | HZ6: ANEDIR BLACK L LIQ | IC6: ANEDIR BROWN CC-04 LIQ | IF6: Anedir Brown cc-03 | II6: FENNOPOL K 9952 | IL6: KAPORIT 60% | IO6: KAPORIT 65% | IR6: DEKATOGEN SDC-60 | IU6: DEKAWET NA30 | IX6: PAC - 280SP | JA6: Burstrong Fixing Agent | JD6: DI N40 | JG6: CHROMACLEAR | JJ6: DFR 810S
F7: Pemakaian | H7: Price | I7: Pemakaian | K7: Price | L7: Pemakaian | N7: Price | O7: Pemakaian | Q7: Price | R7: Pemakaian | T7: Price | U7: Pemakaian | W7: Price | X7: Pemakaian | Z7: Price | AA7: Pemakaian | AC7: Price | AD7: Pemakaian | AF7: Price | AG7: Pemakaian | AI7: Price | AJ7: Pemakaian | AL7: Price | AM7: Pemakaian | AO7: Price | AP7: Pemakaian | AR7: Price | AS7: Pemakaian | AU7: Price | AV7: Pemakaian | AX7: Price | AY7: Pemakaian | BA7: Price | BB7: Pemakaian | BD7: Price | BE7: Pemakaian | BG7: Price | BH7: Pemakaian | BJ7: Price | BK7: Pemakaian | BM7: Price | BN7: Pemakaian | BP7: Price | BQ7: Pemakaian | BS7: Price | BT7: Pemakaian | BV7: Price | BW7: Pemakaian | BY7: Price | BZ7: Pemakaian | CB7: Price | CC7: Pemakaian | CE7: Price | CF7: Pemakaian | CH7: Price | CI7: Pemakaian | CK7: Price | CL7: Pemakaian | CN7: Price | CO7: Pemakaian | CQ7: Price | CR7: Pemakaian | CT7: Price | CU7: Pemakaian | CW7: Price | CX7: Pemakaian | CZ7: Price | DA7: Pemakaian | DC7: Price | DD7: Pemakaian | DF7: Price | DG7: Pemakaian | DI7: Price | DJ7: Pemakaian | DL7: Price | DM7: Pemakaian | DO7: Price | DP7: Pemakaian | DR7: Price | DS7: Pemakaian | DU7: Price | DV7: Pemakaian | DX7: Price | DY7: Pemakaian | EA7: Price | EB7: Pemakaian | ED7: Price | EE7: Pemakaian | EG7: Price | EH7: Pemakaian | EJ7: Price | EK7: Pemakaian | EM7: Price | EN7: Pemakaian | EP7: Price | EQ7: Pemakaian | ES7: Price | ET7: Pemakaian | EV7: Price | EW7: Pemakaian | EY7: Price | EZ7: Pemakaian | FB7: Price | FC7: Pemakaian | FE7: Price | FF7: Pemakaian | FH7: Price | FI7: Pemakaian | FK7: Price | FL7: Pemakaian | FN7: Price | FO7: Pemakaian | FQ7: Price | FR7: Pemakaian | FT7: Price | FU7: Pemakaian | FW7: Price | FX7: Pemakaian | FZ7: Price | GA7: Pemakaian | GC7: Price | GD7: Pemakaian | GF7: Price | GG7: Pemakaian | GI7: Price | GJ7: Pemakaian | GL7: Price | GM7: Pemakaian | GO7: Price | GP7: Pemakaian | GR7: Price | GS7: Pemakaian | GU7: Price | GV7: Pemakaian | GX7: Price | GY7: Pemakaian | HA7: Price | HB7: Pemakaian | HD7: Price | HE7: Pemakaian | HG7: Price | HH7: Pemakaian | HJ7: Price | HK7: Pemakaian | HM7: Price | HN7: Pemakaian | HP7: Price | HQ7: Pemakaian | HS7: Price | HT7: Pemakaian | HV7: Price | HW7: Pemakaian | HY7: Price | HZ7: Pemakaian | IB7: Price | IC7: Pemakaian | IE7: Price | IF7: Pemakaian | IH7: Price | II7: Pemakaian | IK7: Price | IL7: Pemakaian | IN7: Price | IO7: Pemakaian | IQ7: Price | IR7: Pemakaian | IT7: Price | IU7: Pemakaian | IW7: Price | IX7: Pemakaian | IZ7: Price | JA7: Pemakaian | JC7: Price | JD7: Pemakaian | JF7: Price | JG7: Pemakaian | JI7: Price | JJ7: Pemakaian | JL7: Price | JM7: Pemakaian | JO7: Price | JP7: Pemakaian | JR7: Price | JS7: Pemakaian | JU7: Price | JV7: Pemakaian | JX7: Price | JY7: Pemakaian | KA7: Price | KB7: Pemakaian | KD7: Price | KE7: Pemakaian | KG7: Price | KH7: Pemakaian | KJ7: Price | KK7: Pemakaian | KM7: Price | KN7: Pemakaian | KP7: Price | KQ7: Pemakaian | KS7: Price
F8: Qty | G8: Kg/ton | I8: Qty | J8: Kg/ton | L8: Qty | M8: Kg/ton | O8: Qty | P8: Kg/ton | R8: Qty | S8: Kg/ton | U8: Qty | V8: Kg/ton | X8: Qty | Y8: Kg/ton | AA8: Qty | AB8: Kg/ton | AD8: Qty | AE8: Kg/ton | AG8: Qty | AH8: Kg/ton | AJ8: Qty | AK8: Kg/ton | AM8: Qty | AN8: Kg/ton | AP8: Qty | AQ8: Kg/ton | AS8: Qty | AT8: Kg/ton | AV8: Qty | AW8: Kg/ton | AY8: Qty | AZ8: Kg/ton | BB8: Qty | BC8: Kg/ton | BE8: Qty | BF8: Kg/ton | BH8: Qty | BI8: Kg/ton | BK8: Qty | BL8: Kg/ton | BN8: Qty | BO8: Kg/ton | BQ8: Qty | BR8: Kg/ton | BT8: Qty | BU8: Kg/ton | BW8: Qty | BX8: Kg/ton | BZ8: Qty | CA8: Kg/ton | CC8: Qty | CD8: Kg/ton | CF8: Qty | CG8: Kg/ton | CI8: Qty | CJ8: Kg/ton | CL8: Qty | CM8: Kg/ton | CO8: Qty | CP8: Kg/ton | CR8: Qty | CS8: Kg/ton | CU8: Qty | CV8: Kg/ton | CX8: Qty | CY8: Kg/ton | DA8: Qty | DB8: Kg/ton | DD8: Qty | DE8: Kg/ton | DG8: Qty | DH8: Kg/ton | DJ8: Qty | DK8: Kg/ton | DM8: Qty | DN8: Kg/ton | DP8: Qty | DQ8: Kg/ton | DS8: Qty | DT8: Kg/ton | DV8: Qty | DW8: Kg/ton | DY8: Qty | DZ8: Kg/ton | EB8: Qty | EC8: Kg/ton | EE8: Qty | EF8: Kg/ton | EH8: Qty | EI8: Kg/ton | EK8: Qty | EL8: Kg/ton | EN8: Qty | EO8: Kg/ton | EQ8: Qty | ER8: Kg/ton | ET8: Qty | EU8: Kg/ton | EW8: Qty | EX8: Kg/ton | EZ8: Qty | FA8: Kg/ton | FC8: Qty | FD8: Kg/ton | FF8: Qty | FG8: Kg/ton | FI8: Qty | FJ8: Kg/ton | FL8: Qty | FM8: Kg/ton | FO8: Qty | FP8: Kg/ton | FR8: Qty | FS8: Kg/ton | FU8: Qty | FV8: Kg/ton | FX8: Qty | FY8: Kg/ton | GA8: Qty | GB8: Kg/ton | GD8: Qty | GE8: Kg/ton | GG8: Qty | GH8: Kg/ton | GJ8: Qty | GK8: Kg/ton | GM8: Qty | GN8: Kg/ton | GP8: Qty | GQ8: Kg/ton | GS8: Qty | GT8: Kg/ton | GV8: Qty | GW8: Kg/ton | GY8: Qty | GZ8: Kg/ton | HB8: Qty | HC8: Kg/ton | HE8: Qty | HF8: Kg/ton | HH8: Qty | HI8: Kg/ton | HK8: Qty | HL8: Kg/ton | HN8: Qty | HO8: Kg/ton | HQ8: Qty | HR8: Kg/ton | HT8: Qty | HU8: Kg/ton | HW8: Qty | HX8: Kg/ton | HZ8: Qty | IA8: Kg/ton | IC8: Qty | ID8: Kg/ton | IF8: Qty | IG8: Kg/ton | II8: Qty | IJ8: Kg/ton | IL8: Qty | IM8: Kg/ton | IO8: Qty | IP8: Kg/ton | IR8: Qty | IS8: Kg/ton | IU8: Qty | IV8: Kg/ton | IX8: Qty | IY8: Kg/ton | JA8: Qty | JB8: Kg/ton | JD8: Qty | JE8: Kg/ton | JG8: Qty | JH8: Kg/ton | JJ8: Qty | JK8: Kg/ton | JL8: 0 | JM8: Qty | JN8: Kg/ton | JO8: 0 | JP8: Qty | JQ8: Kg/ton | JR8: 0 | JS8: Qty | JT8: Kg/ton | JU8: 0 | JV8: Qty | JW8: Kg/ton | JX8: 0 | JY8: Qty | JZ8: Kg/ton | KA8: 0 | KB8: Qty | KC8: Kg/ton | KD8: 0 | KE8: Qty | KF8: Kg/ton | KG8: 0 | KH8: Qty | KI8: Kg/ton | KJ8: 0 | KK8: Qty | KL8: Kg/ton | KM8: 0 | KN8: Qty | KO8: Kg/ton | KP8: 0 | KQ8: Qty | KR8: Kg/ton | KS8: 0
