Workbook

Sheet Report1
A3: PAPER MACHINE 14 DAILY REPORT 1
A6: Date | B6: Grade | C6: GSM | D6: Speed yankee (mpm) | E6: Speed reel (mpm) | F6: Creep ( % ) | G6: Real Eff PM ( % ) | H6: Real Eff PM vs Target (%) | I6: Real Eff FG vs Real Eff PM (%) | J6: Eff FG vs Target (%) | L6: Kapasitas Target (ton) | N6: Kapasitas Teori Real (ton) | P6: PM PROD Timbangan (TON) | R6: FINSHED GOODS (TON) | T6: GAS HOOD | Z6: STEAM (TON) | AF6: POWER (kWh) | BA6: Kapasitas Running (ton) | BC6: Eff FG vs Target Running(%)
T7: CONSUMPTION | V7: /TON PM. | X7: /TON FG. | Z7: CONSUMPTION | AB7: /TON PM. | AD7: /TON FG. | AF7: CONSUMPTION | AH7: /TON PM | AJ7: /TON FG | AL7: Gas based on report DCS | AO7: total | AP7: Flowmeter | AQ7: Selisih | AR7: % pengali | AU7: Adjust | AX7: PEMAKAIAN GAS
J8: TODAY | K8: TODATE | L8: TODAY | M8: TODATE | N8: TODAY | O8: TODATE | P8: TODAY | Q8: TODATE | R8: TODAY | S8: TODATE | T8: TODAY | U8: TODATE | V8: TODAY | W8: TODATE | X8: TODAY | Y8: TODATE | Z8: TODAY | AA8: TODATE | AB8: TODAY | AC8: TODATE | AD8: TODAY | AE8: TODATE | AF8: TODAY | AG8: TODATE | AH8: TODAY | AI8: TODATE | AJ8: TODAY | AK8: TODATE | AL8: 14 | AM8: 15 | AN8: 17 | AP8: PGN | AU8: 14 | AV8: 15 | AW8: 17 | AX8: 14 | AY8: 15 | AZ8: 17 | BA8: TODAY | BB8: TODATE | BC8: TODAY | BD8: TODATE
A9: 45931 | B9: Facial | C9: 12 | D9: =+'1'!F42 -> 1092.6998 | E9: =+'1'!G42 -> 841.37888 | F9: =1-(E9/D9) -> 0.23 | G9: =+P9/N9 -> 0.43093761 | H9: =+P9/L9 -> 0.3828337 | I9: =+R9/P9 -> 0.53480139 | J9: =+R9/L9 -> 0.20474 | K9: =+S9/M9 -> 0.20474 | L9: =+Efficiency1!K6 -> 43.533262 | M9: =L9 -> 43.533262 | N9: =+Efficiency1!C6 -> 38.673812 | O9: =N9 -> 38.673812 | P9: ='1'!I38 -> 16.666 | Q9: =P9 -> 16.666 | R9: ='1'!I40 -> 8.913 | S9: =R9 -> 8.913 | T9: =+AX9 -> 2177.5973 | U9: =T9 -> 2177.5973 | V9: =T9/P9 -> 130.66106 | W9: =U9/Q9 -> 130.66106 | X9: =IF(AND(R9>0,T9>0),(T9/(R9*1000))*1000,0) -> 244.31698 | Y9: =IF(AND(S9>0,U9>0),U9/S9,0) -> 244.31698 | Z9: 39.2 | AA9: =Z9 -> 39.2 | AB9: =Z9/(P9) -> 2.3520941 | AC9: =AA9/(Q9) -> 2.3520941 | AD9: =IF(AND(R9>0,Z9>0),Z9/(R9),0) -> 4.3980702 | AE9: =IF(AND(S9>0,AA9>0),AA9/(S9),0) -> 4.3980702 | AF9: ='1'!I46 -> 24597.3 | AG9: =AF9 -> 24597.3 | AH9: =IF(AND(L9>0,AF9>0),(AF9/(P9*1000)*1000),0) -> 1475.897 | AI9: =IF(AND(M9>0,AG9>0),(AG9/(Q9*1000)*1000),0) -> 1475.897 | AJ9: =IF(AND(R9>0,AF9>0),(AF9/(R9*1000)*1000),0) -> 2759.7105 | AK9: =IF(AND(S9>0,AG9>0),(AG9/(S9*1000)*1000),0) -> 2759.7105 | AL9: 2226 | AM9: 4134.3 | AN9: 0 | AO9: =SUM(AL9:AN9) -> 6360.3 | AP9: =+[1]Okt!N4 -> 6222 | AQ9: =+AP9-AO9 -> -138.3 | AR9: =+AL9/AO9 -> 0.34998349 | AS9: =+AM9/AO9 -> 0.65001651 | AT9: =1-AR9-AS9 -> 0 | AU9: =+AR9*AQ9 -> -48.402717 | AV9: =+AS9*AQ9 -> -89.897283 | AW9: =+AT9*AQ9 -> 0 | AX9: =+AL9+AU9 -> 2177.5973 | AY9: =+AM9+AV9 -> 4044.4027 | AZ9: =+AN9+AW9 -> 0 | BA9: =+Efficiency2!K6 -> 21.766631 | BB9: =BA9 -> 21.766631 | BC9: =+R9/BA9 -> 0.40948 | BD9: =+S9/BB9 -> 0.40948
A10: =A9+1 -> 45932 | B10: Facial | C10: 12 | D10: =+'2'!F42 -> 1215.9375 | E10: =+'2'!G42 -> 936.27188 | F10: =1-(E10/D10) -> 0.23 | G10: =+P10/N10 -> 0.94537097 | H10: =+P10/L10 -> 0.93456261 | I10: =+R10/P10 -> 0.90811388 | J10: =+R10/L10 -> 0.84868927 | K10: =+S10/M10 -> 0.52514178 | L10: =+Efficiency1!K12 -> 43.110006 | M10: =M9+L10 -> 86.643268 | N10: =+Efficiency1!C12 -> 42.617133 | O10: =O9+N10 -> 81.290945 | P10: ='2'!I38 -> 40.289 | Q10: =Q9+P10 -> 56.955 | R10: ='2'!I40 -> 36.587 | S10: =S9+R10 -> 45.5 | T10: =+AX10 -> 4583.8842 | U10: =T10+U9 -> 6761.4814 | V10: =T10/P10 -> 113.77508 | W10: =U10/Q10 -> 118.7162 | X10: =IF(AND(R10>0,T10>0),(T10/(R10*1000))*1000,0) -> 125.28724 | Y10: =IF(AND(S10>0,U10>0),U10/S10,0) -> 148.60399 | Z10: 60.6 | AA10: =Z10+AA9 -> 99.8 | AB10: =Z10/(P10) -> 1.5041326 | AC10: =AA10/(Q10) -> 1.7522606 | AD10: =IF(AND(R10>0,Z10>0),Z10/(R10),0) -> 1.656326 | AE10: =IF(AND(S10>0,AA10>0),AA10/(S10),0) -> 2.1934066 | AF10: ='2'!I46 -> 40714.18 | AG10: =AF10+AG9 -> 65311.48 | AH10: =IF(AND(L10>0,AF10>0),(AF10/(P10*1000)*1000),0) -> 1010.5533 | AI10: =IF(AND(M10>0,AG10>0),(AG10/(Q10*1000)*1000),0) -> 1146.7207 | AJ10: =IF(AND(R10>0,AF10>0),(AF10/(R10*1000)*1000),0) -> 1112.8045 | AK10: =IF(AND(S10>0,AG10>0),(AG10/(S10*1000)*1000),0) -> 1435.4171 | AL10: 4823.4 | AM10: 5878 | AN10: 0 | AO10: =SUM(AL10:AN10) -> 10701.4 | AP10: =+[1]Okt!N5 -> 10170 | AQ10: =+AP10-AO10 -> -531.4 | AR10: =+AL10/AO10 -> 0.45072607 | AS10: =+AM10/AO10 -> 0.54927393 | AT10: =1-AR10-AS10 -> 0 | AU10: =+AR10*AQ10 -> -239.51584 | AV10: =+AS10*AQ10 -> -291.88416 | AW10: =+AT10*AQ10 -> 0 | AX10: =+AL10+AU10 -> 4583.8842 | AY10: =+AM10+AV10 -> 5586.1158 | AZ10: =+AN10+AW10 -> 0 | BA10: =+Efficiency2!K12 -> 43.110006 | BB10: =BB9+BA10 -> 64.876637 | BC10: =+R10/BA10 -> 0.84868927 | BD10: =+S10/BB10 -> 0.70133105
A11: =A10+1 -> 45933 | B11: Facial | C11: 12 | D11: =+'3'!F42 -> 1222.6389 | E11: =+'3'!G42 -> 941.43194 | F11: =1-(E11/D11) -> 0.23 | G11: =+P11/N11 -> 0.89120524 | H11: =+P11/L11 -> 0.88587169 | I11: =+R11/P11 -> 0.96784719 | J11: =+R11/L11 -> 0.85738843 | K11: =+S11/M11 -> 0.63456998 | L11: =+Efficiency1!K16 -> 42.551309 | M11: =M10+L11 -> 129.19458 | N11: =+Efficiency1!C16 -> 42.296654 | O11: =O10+N11 -> 123.5876 | P11: ='3'!I38 -> 37.695 | Q11: =Q10+P11 -> 94.65 | R11: ='3'!I40 -> 36.483 | S11: =S10+R11 -> 81.983 | T11: =+AX11 -> 4518.3479 | U11: =T11+U10 -> 11279.829 | V11: =T11/P11 -> 119.86597 | W11: =U11/Q11 -> 119.17411 | X11: =IF(AND(R11>0,T11>0),(T11/(R11*1000))*1000,0) -> 123.84804 | Y11: =IF(AND(S11>0,U11>0),U11/S11,0) -> 137.58742 | Z11: 55.7 | AA11: =Z11+AA10 -> 155.5 | AB11: =Z11/(P11) -> 1.4776496 | AC11: =AA11/(Q11) -> 1.6428949 | AD11: =IF(AND(R11>0,Z11>0),Z11/(R11),0) -> 1.5267385 | AE11: =IF(AND(S11>0,AA11>0),AA11/(S11),0) -> 1.8967347 | AF11: ='3'!I46 -> 39132.22 | AG11: =AF11+AG10 -> 104443.7 | AH11: =IF(AND(L11>0,AF11>0),(AF11/(P11*1000)*1000),0) -> 1038.1276 | AI11: =IF(AND(M11>0,AG11>0),(AG11/(Q11*1000)*1000),0) -> 1103.4728 | AJ11: =IF(AND(R11>0,AF11>0),(AF11/(R11*1000)*1000),0) -> 1072.6152 | AK11: =IF(AND(S11>0,AG11>0),(AG11/(S11*1000)*1000),0) -> 1273.9678 | AL11: 4743.4 | AM11: 6494.8 | AN11: 0 | AO11: =SUM(AL11:AN11) -> 11238.2 | AP11: =+[1]Okt!N6 -> 10705 | AQ11: =+AP11-AO11 -> -533.2 | AR11: =+AL11/AO11 -> 0.42207827 | AS11: =+AM11/AO11 -> 0.57792173 | AT11: =1-AR11-AS11 -> 0 | AU11: =+AR11*AQ11 -> -225.05213 | AV11: =+AS11*AQ11 -> -308.14787 | AW11: =+AT11*AQ11 -> 0 | AX11: =+AL11+AU11 -> 4518.3479 | AY11: =+AM11+AV11 -> 6186.6521 | AZ11: =+AN11+AW11 -> 0 | BA11: =+Efficiency2!K16 -> 42.551309 | BB11: =BB10+BA11 -> 107.42795 | BC11: =+R11/BA11 -> 0.85738843 | BD11: =+S11/BB11 -> 0.76314407
A12: =A11+1 -> 45934 | B12: Facial/Toilet | C12: 12/12,5/13 | D12: =+'4'!F42 -> 1216.1875 | E12: =+'4'!G42 -> 936.46438 | F12: =1-(E12/D12) -> 0.23 | G12: =+P12/N12 -> 0.95155376 | H12: =+P12/L12 -> 0.94113387 | I12: =+R12/P12 -> 0.96847165 | J12: =+R12/L12 -> 0.91146148 | K12: =+S12/M12 -> 0.70620875 | L12: =+SUM(Efficiency1!K20:K22) -> 45.092416 | M12: =M11+L12 -> 174.28699 | N12: =+SUM(Efficiency1!C20:C22) -> 44.598636 | O12: =O11+N12 -> 168.18624 | P12: ='4'!I38 -> 42.438 | Q12: =Q11+P12 -> 137.088 | R12: ='4'!I40 -> 41.1 | S12: =S11+R12 -> 123.083 | T12: =+AX12 -> 4445.8054 | U12: =T12+U11 -> 15725.635 | V12: =T12/P12 -> 104.76001 | W12: =U12/Q12 -> 114.71197 | X12: =IF(AND(R12>0,T12>0),(T12/(R12*1000))*1000,0) -> 108.17045 | Y12: =IF(AND(S12>0,U12>0),U12/S12,0) -> 127.76447 | Z12: 60.8 | AA12: =Z12+AA11 -> 216.3 | AB12: =Z12/(P12) -> 1.4326783 | AC12: =AA12/(Q12) -> 1.5778186 | AD12: =IF(AND(R12>0,Z12>0),Z12/(R12),0) -> 1.4793187 | AE12: =IF(AND(S12>0,AA12>0),AA12/(S12),0) -> 1.7573507 | AF12: ='4'!I46 -> 37086.44 | AG12: =AF12+AG11 -> 141530.14 | AH12: =IF(AND(L12>0,AF12>0),(AF12/(P12*1000)*1000),0) -> 873.89698 | AI12: =IF(AND(M12>0,AG12>0),(AG12/(Q12*1000)*1000),0) -> 1032.4036 | AJ12: =IF(AND(R12>0,AF12>0),(AF12/(R12*1000)*1000),0) -> 902.34647 | AK12: =IF(AND(S12>0,AG12>0),(AG12/(S12*1000)*1000),0) -> 1149.8756 | AL12: 4506.9 | AM12: 5946.2 | AN12: 0 | AO12: =SUM(AL12:AN12) -> 10453.1 | AP12: =+[1]Okt!N7 -> 10311.4 | AQ12: =+AP12-AO12 -> -141.7 | AR12: =+AL12/AO12 -> 0.43115439 | AS12: =+AM12/AO12 -> 0.56884561 | AT12: =1-AR12-AS12 -> 0 | AU12: =+AR12*AQ12 -> -61.094578 | AV12: =+AS12*AQ12 -> -80.605422 | AW12: =+AT12*AQ12 -> 0 | AX12: =+AL12+AU12 -> 4445.8054 | AY12: =+AM12+AV12 -> 5865.5946 | AZ12: =+AN12+AW12 -> 0 | BA12: =+SUM(Efficiency2!K20:K22) -> 45.092416 | BB12: =BB11+BA12 -> 152.52036 | BC12: =+R12/BA12 -> 0.91146148 | BD12: =+S12/BB12 -> 0.80699389
A13: =A12+1 -> 45935 | B13: Toilet | C13: 13 | D13: =+'5'!F42 -> 1166.6667 | E13: =+'5'!G42 -> 898.33333 | F13: =1-(E13/D13) -> 0.23 | G13: =+P13/N13 -> 0.9587358 | H13: =+P13/L13 -> 0.9587358 | I13: =+R13/P13 -> 0.96939683 | J13: =+R13/L13 -> 0.92939545 | K13: =+S13/M13 -> 0.75069483 | L13: =+Efficiency1!K24 -> 43.387344 | M13: =M12+L13 -> 217.67434 | N13: =+Efficiency1!C24 -> 43.387344 | O13: =O12+N13 -> 211.57358 | P13: ='5'!I38 -> 41.597 | Q13: =Q12+P13 -> 178.685 | R13: ='5'!I40 -> 40.324 | S13: =S12+R13 -> 163.407 | T13: =+AX13 -> 4238.7397 | U13: =T13+U12 -> 19964.374 | V13: =T13/P13 -> 101.90013 | W13: =U13/Q13 -> 111.72944 | X13: =IF(AND(R13>0,T13>0),(T13/(R13*1000))*1000,0) -> 105.11704 | Y13: =IF(AND(S13>0,U13>0),U13/S13,0) -> 122.17576 | Z13: 60.5 | AA13: =Z13+AA12 -> 276.8 | AB13: =Z13/(P13) -> 1.4544318 | AC13: =AA13/(Q13) -> 1.5490948 | AD13: =IF(AND(R13>0,Z13>0),Z13/(R13),0) -> 1.5003472 | AE13: =IF(AND(S13>0,AA13>0),AA13/(S13),0) -> 1.6939299 | AF13: ='5'!I46 -> 39380.48 | AG13: =AF13+AG12 -> 180910.62 | AH13: =IF(AND(L13>0,AF13>0),(AF13/(P13*1000)*1000),0) -> 946.71443 | AI13: =IF(AND(M13>0,AG13>0),(AG13/(Q13*1000)*1000),0) -> 1012.4556 | AJ13: =IF(AND(R13>0,AF13>0),(AF13/(R13*1000)*1000),0) -> 976.60153 | AK13: =IF(AND(S13>0,AG13>0),(AG13/(S13*1000)*1000),0) -> 1107.1167 | AL13: 4573.2 | AM13: 5285.3 | AN13: 0 | AO13: =SUM(AL13:AN13) -> 9858.5 | AP13: =+[1]Okt!N8 -> 9137.5 | AQ13: =+AP13-AO13 -> -721 | AR13: =+AL13/AO13 -> 0.46388396 | AS13: =+AM13/AO13 -> 0.53611604 | AT13: =1-AR13-AS13 -> 0 | AU13: =+AR13*AQ13 -> -334.46033 | AV13: =+AS13*AQ13 -> -386.53967 | AW13: =+AT13*AQ13 -> 0 | AX13: =+AL13+AU13 -> 4238.7397 | AY13: =+AM13+AV13 -> 4898.7603 | AZ13: =+AN13+AW13 -> 0 | BA13: =+Efficiency2!K24 -> 43.387344 | BB13: =BB12+BA13 -> 195.90771 | BC13: =+R13/BA13 -> 0.92939545 | BD13: =+S13/BB13 -> 0.83410195
A14: =A13+1 -> 45936 | B14: Toilet | C14: 13 | D14: =+'6'!F42 -> 1180 | E14: =+'6'!G42 -> 908.6 | F14: =1-(E14/D14) -> 0.23 | G14: =+P14/N14 -> 0.97893956 | H14: =+P14/L14 -> 0.97893956 | I14: =+R14/P14 -> 0.97113527 | J14: =+R14/L14 -> 0.95068274 | K14: =+S14/M14 -> 0.7842481 | L14: =+Efficiency1!K28 -> 43.883199 | M14: =M13+L14 -> 261.55754 | N14: =+Efficiency1!C28 -> 43.883199 | O14: =O13+N14 -> 255.45678 | P14: ='6'!I38 -> 42.959 | Q14: =Q13+P14 -> 221.644 | R14: ='6'!I40 -> 41.719 | S14: =S13+R14 -> 205.126 | T14: =+AX14 -> 4467.8397 | U14: =T14+U13 -> 24432.214 | V14: =T14/P14 -> 104.00241 | W14: =U14/Q14 -> 110.23179 | X14: =IF(AND(R14>0,T14>0),(T14/(R14*1000))*1000,0) -> 107.09364 | Y14: =IF(AND(S14>0,U14>0),U14/S14,0) -> 119.10832 | Z14: 59.1 | AA14: =Z14+AA13 -> 335.9 | AB14: =Z14/(P14) -> 1.3757303 | AC14: =AA14/(Q14) -> 1.5154933 | AD14: =IF(AND(R14>0,Z14>0),Z14/(R14),0) -> 1.4166207 | AE14: =IF(AND(S14>0,AA14>0),AA14/(S14),0) -> 1.6375301 | AF14: ='6'!I46 -> 37424.74 | AG14: =AF14+AG13 -> 218335.36 | AH14: =IF(AND(L14>0,AF14>0),(AF14/(P14*1000)*1000),0) -> 871.17344 | AI14: =IF(AND(M14>0,AG14>0),(AG14/(Q14*1000)*1000),0) -> 985.07228 | AJ14: =IF(AND(R14>0,AF14>0),(AF14/(R14*1000)*1000),0) -> 897.06704 | AK14: =IF(AND(S14>0,AG14>0),(AG14/(S14*1000)*1000),0) -> 1064.3963 | AL14: 4540.4 | AM14: 5083.5 | AN14: 0 | AO14: =SUM(AL14:AN14) -> 9623.9 | AP14: =+[1]Okt!N9 -> 9470.1 | AQ14: =+AP14-AO14 -> -153.8 | AR14: =+AL14/AO14 -> 0.47178379 | AS14: =+AM14/AO14 -> 0.52821621 | AT14: =1-AR14-AS14 -> 0 | AU14: =+AR14*AQ14 -> -72.560347 | AV14: =+AS14*AQ14 -> -81.239653 | AW14: =+AT14*AQ14 -> 0 | AX14: =+AL14+AU14 -> 4467.8397 | AY14: =+AM14+AV14 -> 5002.2603 | AZ14: =+AN14+AW14 -> 0 | BA14: =+Efficiency2!K28 -> 43.883199 | BB14: =BB13+BA14 -> 239.79091 | BC14: =+R14/BA14 -> 0.95068274 | BD14: =+S14/BB14 -> 0.85543695
A15: =A14+1 -> 45937 | B15: Toilet | C15: 13/12,5 | D15: =+'7'!F42 -> 1211.7083 | E15: =+'7'!G42 -> 933.01542 | F15: =1-(E15/D15) -> 0.23 | G15: =+P15/N15 -> 0.99278718 | H15: =+P15/L15 -> 0.98096726 | I15: =+R15/P15 -> 0.98576214 | J15: =+R15/L15 -> 0.96700039 | K15: =+S15/M15 -> 0.81047101 | L15: =+SUM(Efficiency1!K32:K33) -> 43.817976 | M15: =M14+L15 -> 305.37551 | N15: =+SUM(Efficiency1!C32:C33) -> 43.296288 | O15: =O14+N15 -> 298.75307 | P15: ='7'!I38 -> 42.984 | Q15: =Q14+P15 -> 264.628 | R15: ='7'!I40 -> 42.372 | S15: =S14+R15 -> 247.498 | T15: =+AX15 -> 4214.2 | U15: =T15+U14 -> 28646.414 | V15: =T15/P15 -> 98.041132 | W15: =U15/Q15 -> 108.25164 | X15: =IF(AND(R15>0,T15>0),(T15/(R15*1000))*1000,0) -> 99.457189 | Y15: =IF(AND(S15>0,U15>0),U15/S15,0) -> 115.74402 | Z15: 58.9 | AA15: =Z15+AA14 -> 394.8 | AB15: =Z15/(P15) -> 1.3702773 | AC15: =AA15/(Q15) -> 1.4919056 | AD15: =IF(AND(R15>0,Z15>0),Z15/(R15),0) -> 1.3900689 | AE15: =IF(AND(S15>0,AA15>0),AA15/(S15),0) -> 1.5951644 | AF15: ='7'!I46 -> 39433.3 | AG15: =AF15+AG14 -> 257768.66 | AH15: =IF(AND(L15>0,AF15>0),(AF15/(P15*1000)*1000),0) -> 917.39484 | AI15: =IF(AND(M15>0,AG15>0),(AG15/(Q15*1000)*1000),0) -> 974.07931 | AJ15: =IF(AND(R15>0,AF15>0),(AF15/(R15*1000)*1000),0) -> 930.64524 | AK15: =IF(AND(S15>0,AG15>0),(AG15/(S15*1000)*1000),0) -> 1041.498 | AL15: 4415.4 | AM15: 5218.6 | AN15: 0 | AO15: =SUM(AL15:AN15) -> 9634 | AP15: =+[1]Okt!N10 -> 9195 | AQ15: =+AP15-AO15 -> -439 | AR15: =+AL15/AO15 -> 0.4583143 | AS15: =+AM15/AO15 -> 0.5416857 | AT15: =1-AR15-AS15 -> 0 | AU15: =+AR15*AQ15 -> -201.19998 | AV15: =+AS15*AQ15 -> -237.80002 | AW15: =+AT15*AQ15 -> 0 | AX15: =+AL15+AU15 -> 4214.2 | AY15: =+AM15+AV15 -> 4980.8 | AZ15: =+AN15+AW15 -> 0 | BA15: =+SUM(Efficiency2!K32:K33) -> 43.817976 | BB15: =BB14+BA15 -> 283.60888 | BC15: =+R15/BA15 -> 0.96700039 | BD15: =+S15/BB15 -> 0.87267366
A16: =A15+1 -> 45938 | B16: Toilet | C16: 12,5 | D16: =+'8'!F42 -> 1220 | E16: =+'8'!G42 -> 939.4 | F16: =1-(E16/D16) -> 0.23 | G16: =+P16/N16 -> 0.96970212 | H16: =+P16/L16 -> 0.96181837 | I16: =+R16/P16 -> 1.0248458 | J16: =+R16/L16 -> 0.98571547 | K16: =+S16/M16 -> 0.83245902 | L16: =+Efficiency1!K36 -> 43.812846 | M16: =M15+L16 -> 349.18836 | N16: =+Efficiency1!C36 -> 43.456644 | O16: =O15+N16 -> 342.20971 | P16: ='8'!I38 -> 42.14 | Q16: =Q15+P16 -> 306.768 | R16: ='8'!I40 -> 43.187 | S16: =S15+R16 -> 290.685 | T16: =+AX16 -> 4448.3363 | U16: =T16+U15 -> 33094.75 | V16: =T16/P16 -> 105.5609 | W16: =U16/Q16 -> 107.88202 | X16: =IF(AND(R16>0,T16>0),(T16/(R16*1000))*1000,0) -> 103.00174 | Y16: =IF(AND(S16>0,U16>0),U16/S16,0) -> 113.85091 | Z16: 59.2 | AA16: =Z16+AA15 -> 454 | AB16: =Z16/(P16) -> 1.404841 | AC16: =AA16/(Q16) -> 1.4799458 | AD16: =IF(AND(R16>0,Z16>0),Z16/(R16),0) -> 1.3707829 | AE16: =IF(AND(S16>0,AA16>0),AA16/(S16),0) -> 1.5618281 | AF16: ='8'!I46 -> 37804.26 | AG16: =AF16+AG15 -> 295572.92 | AH16: =IF(AND(L16>0,AF16>0),(AF16/(P16*1000)*1000),0) -> 897.11106 | AI16: =IF(AND(M16>0,AG16>0),(AG16/(Q16*1000)*1000),0) -> 963.50636 | AJ16: =IF(AND(R16>0,AF16>0),(AF16/(R16*1000)*1000),0) -> 875.36203 | AK16: =IF(AND(S16>0,AG16>0),(AG16/(S16*1000)*1000),0) -> 1016.8152 | AL16: 4490.4 | AM16: 5939.3 | AN16: 0 | AO16: =SUM(AL16:AN16) -> 10429.7 | AP16: =+[1]Okt!N11 -> 10332 | AQ16: =+AP16-AO16 -> -97.7 | AR16: =+AL16/AO16 -> 0.43053971 | AS16: =+AM16/AO16 -> 0.56946029 | AT16: =1-AR16-AS16 -> 0 | AU16: =+AR16*AQ16 -> -42.06373 | AV16: =+AS16*AQ16 -> -55.63627 | AW16: =+AT16*AQ16 -> 0 | AX16: =+AL16+AU16 -> 4448.3363 | AY16: =+AM16+AV16 -> 5883.6637 | AZ16: =+AN16+AW16 -> 0 | BA16: =+Efficiency2!K36 -> 43.812846 | BB16: =BB15+BA16 -> 327.42173 | BC16: =+R16/BA16 -> 0.98571547 | BD16: =+S16/BB16 -> 0.88779997
A17: =A16+1 -> 45939 | B17: Toilet | C17: 12,5 | D17: =+'9'!F42 -> 1215.6944 | E17: =+'9'!G42 -> 936.08472 | F17: =1-(E17/D17) -> 0.23 | G17: =+P17/N17 -> 0.88930015 | H17: =+P17/L17 -> 0.88207007 | I17: =+R17/P17 -> 0.94558298 | J17: =+R17/L17 -> 0.83407045 | K17: =+S17/M17 -> 0.83263867 | L17: =+Efficiency1!K40 -> 43.812846 | M17: =M16+L17 -> 393.0012 | N17: =+Efficiency1!C40 -> 43.456644 | O17: =O16+N17 -> 385.66636 | P17: ='9'!I38 -> 38.646 | Q17: =Q16+P17 -> 345.414 | R17: ='9'!I40 -> 36.543 | S17: =S16+R17 -> 327.228 | T17: =+AX17 -> 4318.1632 | U17: =T17+U16 -> 37412.913 | V17: =T17/P17 -> 111.73635 | W17: =U17/Q17 -> 108.31325 | X17: =IF(AND(R17>0,T17>0),(T17/(R17*1000))*1000,0) -> 118.16663 | Y17: =IF(AND(S17>0,U17>0),U17/S17,0) -> 114.33286 | Z17: 58.3 | AA17: =Z17+AA16 -> 512.3 | AB17: =Z17/(P17) -> 1.5085649 | AC17: =AA17/(Q17) -> 1.4831478 | AD17: =IF(AND(R17>0,Z17>0),Z17/(R17),0) -> 1.5953808 | AE17: =IF(AND(S17>0,AA17>0),AA17/(S17),0) -> 1.5655751 | AF17: ='9'!I46 -> 37619.86 | AG17: =AF17+AG16 -> 333192.78 | AH17: =IF(AND(L17>0,AF17>0),(AF17/(P17*1000)*1000),0) -> 973.4477 | AI17: =IF(AND(M17>0,AG17>0),(AG17/(Q17*1000)*1000),0) -> 964.61863 | AJ17: =IF(AND(R17>0,AF17>0),(AF17/(R17*1000)*1000),0) -> 1029.4683 | AK17: =IF(AND(S17>0,AG17>0),(AG17/(S17*1000)*1000),0) -> 1018.2282 | AL17: 4402.7 | AM17: 4586.4 | AN17: 2822.7 | AO17: =SUM(AL17:AN17) -> 11811.8 | AP17: =+[1]Okt!N12 -> 11585 | AQ17: =+AP17-AO17 -> -226.8 | AR17: =+AL17/AO17 -> 0.37273743 | AS17: =+AM17/AO17 -> 0.38828968 | AT17: =1-AR17-AS17 -> 0.23897289 | AU17: =+AR17*AQ17 -> -84.53685 | AV17: =+AS17*AQ17 -> -88.064099 | AW17: =+AT17*AQ17 -> -54.199052 | AX17: =+AL17+AU17 -> 4318.1632 | AY17: =+AM17+AV17 -> 4498.3359 | AZ17: =+AN17+AW17 -> 2768.5009 | BA17: =+Efficiency2!K40 -> 43.812846 | BB17: =BB16+BA17 -> 371.23457 | BC17: =+R17/BA17 -> 0.83407045 | BD17: =+S17/BB17 -> 0.88145885
A18: =A17+1 -> 45940 | B18: Toilet | C18: 12,5 | D18: =+'10'!F42 -> 1215.0625 | E18: =+'10'!G42 -> 935.59812 | F18: =1-(E18/D18) -> 0.23 | G18: =+P18/N18 -> 0.9298356 | H18: =+P18/L18 -> 0.91854339 | I18: =+R18/P18 -> 0.89310208 | J18: =+R18/L18 -> 0.82035301 | K18: =+S18/M18 -> 0.83140641 | L18: =+Efficiency1!K44 -> 43.812846 | M18: =M17+L18 -> 436.81405 | N18: =+Efficiency1!C44 -> 43.280769 | O18: =O17+N18 -> 428.94712 | P18: ='10'!I38 -> 40.244 | Q18: =Q17+P18 -> 385.658 | R18: ='10'!I40 -> 35.942 | S18: =S17+R18 -> 363.17 | T18: =+AX18 -> 4182.7571 | U18: =T18+U17 -> 41595.671 | V18: =T18/P18 -> 103.93492 | W18: =U18/Q18 -> 107.85637 | X18: =IF(AND(R18>0,T18>0),(T18/(R18*1000))*1000,0) -> 116.37519 | Y18: =IF(AND(S18>0,U18>0),U18/S18,0) -> 114.53499 | Z18: 58.9 | AA18: =Z18+AA17 -> 571.2 | AB18: =Z18/(P18) -> 1.4635722 | AC18: =AA18/(Q18) -> 1.481105 | AD18: =IF(AND(R18>0,Z18>0),Z18/(R18),0) -> 1.6387513 | AE18: =IF(AND(S18>0,AA18>0),AA18/(S18),0) -> 1.5728171 | AF18: ='10'!I46 -> 38977.34 | AG18: =AF18+AG17 -> 372170.12 | AH18: =IF(AND(L18>0,AF18>0),(AF18/(P18*1000)*1000),0) -> 968.52549 | AI18: =IF(AND(M18>0,AG18>0),(AG18/(Q18*1000)*1000),0) -> 965.02632 | AJ18: =IF(AND(R18>0,AF18>0),(AF18/(R18*1000)*1000),0) -> 1084.4511 | AK18: =IF(AND(S18>0,AG18>0),(AG18/(S18*1000)*1000),0) -> 1024.7821 | AL18: 4378.8 | AM18: 5420.6 | AN18: 3977.4 | AO18: =SUM(AL18:AN18) -> 13776.8 | AP18: =+[1]Okt!N13 -> 13160 | AQ18: =+AP18-AO18 -> -616.8 | AR18: =+AL18/AO18 -> 0.31783869 | AS18: =+AM18/AO18 -> 0.39345857 | AT18: =1-AR18-AS18 -> 0.28870275 | AU18: =+AR18*AQ18 -> -196.0429 | AV18: =+AS18*AQ18 -> -242.68524 | AW18: =+AT18*AQ18 -> -178.07185 | AX18: =+AL18+AU18 -> 4182.7571 | AY18: =+AM18+AV18 -> 5177.9148 | AZ18: =+AN18+AW18 -> 3799.3281 | BA18: =+Efficiency2!K44 -> 43.812846 | BB18: =BB17+BA18 -> 415.04742 | BC18: =+R18/BA18 -> 0.82035301 | BD18: =+S18/BB18 -> 0.87500845
A19: =A18+1 -> 45941 | B19: Toilet | C19: 12,5/12 | D19: =+'11'!F42 -> 1192.8958 | E19: =+'11'!G42 -> 918.52979 | F19: =1-(E19/D19) -> 0.23 | G19: =+P19/N19 -> 0.93202562 | H19: =+P19/L19 -> 0.90391084 | I19: =+R19/P19 -> 1.0150727 | J19: =+R19/L19 -> 0.91753522 | K19: =+S19/M19 -> 0.83925863 | L19: =+SUM(Efficiency1!K48:K49) -> 43.818481 | M19: =M18+L19 -> 480.63253 | N19: =+SUM(Efficiency1!C48:C49) -> 42.496686 | O19: =O18+N19 -> 471.44381 | P19: ='11'!I38 -> 39.608 | Q19: =Q18+P19 -> 425.266 | R19: ='11'!I40 -> 40.205 | S19: =S18+R19 -> 403.375 | T19: =+AX19 -> 4123.4125 | U19: =T19+U18 -> 45719.083 | V19: =T19/P19 -> 104.10555 | W19: =U19/Q19 -> 107.50703 | X19: =IF(AND(R19>0,T19>0),(T19/(R19*1000))*1000,0) -> 102.55969 | Y19: =IF(AND(S19>0,U19>0),U19/S19,0) -> 113.34139 | Z19: 59.1 | AA19: =Z19+AA18 -> 630.3 | AB19: =Z19/(P19) -> 1.4921228 | AC19: =AA19/(Q19) -> 1.4821312 | AD19: =IF(AND(R19>0,Z19>0),Z19/(R19),0) -> 1.4699664 | AE19: =IF(AND(S19>0,AA19>0),AA19/(S19),0) -> 1.5625659 | AF19: ='11'!I46 -> 38902.78 | AG19: =AF19+AG18 -> 411072.9 | AH19: =IF(AND(L19>0,AF19>0),(AF19/(P19*1000)*1000),0) -> 982.19501 | AI19: =IF(AND(M19>0,AG19>0),(AG19/(Q19*1000)*1000),0) -> 966.62536 | AJ19: =IF(AND(R19>0,AF19>0),(AF19/(R19*1000)*1000),0) -> 967.6105 | AK19: =IF(AND(S19>0,AG19>0),(AG19/(S19*1000)*1000),0) -> 1019.0837 | AL19: 4306.9 | AM19: 5661.5 | AN19: 4300.5 | AO19: =SUM(AL19:AN19) -> 14268.9 | AP19: =+[1]Okt!N14 -> 13661 | AQ19: =+AP19-AO19 -> -607.9 | AR19: =+AL19/AO19 -> 0.30183826 | AS19: =+AM19/AO19 -> 0.396772 | AT19: =1-AR19-AS19 -> 0.30138974 | AU19: =+AR19*AQ19 -> -183.48748 | AV19: =+AS19*AQ19 -> -241.1977 | AW19: =+AT19*AQ19 -> -183.21482 | AX19: =+AL19+AU19 -> 4123.4125 | AY19: =+AM19+AV19 -> 5420.3023 | AZ19: =+AN19+AW19 -> 4117.2852 | BA19: =+SUM(Efficiency2!K48:K49) -> 43.818481 | BB19: =BB18+BA19 -> 458.8659 | BC19: =+R19/BA19 -> 0.91753522 | BD19: =+S19/BB19 -> 0.87906946
A20: =A19+1 -> 45942 | B20: Toilet | C20: 12/12,5 | D20: =+'12'!F42 -> 1171.7986 | E20: =+'12'!G42 -> 923.28757 | F20: =1-(E20/D20) -> 0.21207658 | G20: =+P20/N20 -> 0.96239948 | H20: =+P20/L20 -> 0.9167236 | I20: =+R20/P20 -> 0.95710626 | J20: =+R20/L20 -> 0.8774019 | K20: =+S20/M20 -> 0.84261756 | L20: =+SUM(Efficiency1!K52:K53) -> 46.412026 | M20: =M19+L20 -> 527.04456 | N20: =+SUM(Efficiency1!C52:C53) -> 44.209292 | O20: =O19+N20 -> 515.6531 | P20: ='12'!I38 -> 42.547 | Q20: =Q19+P20 -> 467.813 | R20: ='12'!I40 -> 40.722 | S20: =S19+R20 -> 444.097 | T20: =+AX20 -> 4182.6529 | U20: =T20+U19 -> 49901.736 | V20: =T20/P20 -> 98.306648 | W20: =U20/Q20 -> 106.67026 | X20: =IF(AND(R20>0,T20>0),(T20/(R20*1000))*1000,0) -> 102.71237 | Y20: =IF(AND(S20>0,U20>0),U20/S20,0) -> 112.36675 | Z20: 60.4 | AA20: =Z20+AA19 -> 690.7 | AB20: =Z20/(P20) -> 1.4196066 | AC20: =AA20/(Q20) -> 1.4764446 | AD20: =IF(AND(R20>0,Z20>0),Z20/(R20),0) -> 1.4832277 | AE20: =IF(AND(S20>0,AA20>0),AA20/(S20),0) -> 1.5552908 | AF20: ='12'!I46 -> 37891.08 | AG20: =AF20+AG19 -> 448963.98 | AH20: =IF(AND(L20>0,AF20>0),(AF20/(P20*1000)*1000),0) -> 890.56996 | AI20: =IF(AND(M20>0,AG20>0),(AG20/(Q20*1000)*1000),0) -> 959.70822 | AJ20: =IF(AND(R20>0,AF20>0),(AF20/(R20*1000)*1000),0) -> 930.4818 | AK20: =IF(AND(S20>0,AG20>0),(AG20/(S20*1000)*1000),0) -> 1010.9593 | AL20: 4451.9 | AM20: 5604.5 | AN20: 3814.5 | AO20: =SUM(AL20:AN20) -> 13870.9 | AP20: =+[1]Okt!N15 -> 13032 | AQ20: =+AP20-AO20 -> -838.9 | AR20: =+AL20/AO20 -> 0.3209525 | AS20: =+AM20/AO20 -> 0.40404732 | AT20: =1-AR20-AS20 -> 0.27500018 | AU20: =+AR20*AQ20 -> -269.24705 | AV20: =+AS20*AQ20 -> -338.9553 | AW20: =+AT20*AQ20 -> -230.69765 | AX20: =+AL20+AU20 -> 4182.6529 | AY20: =+AM20+AV20 -> 5265.5447 | AZ20: =+AN20+AW20 -> 3583.8023 | BA20: =+SUM(Efficiency2!K52:K53) -> 46.412026 | BB20: =BB19+BA20 -> 505.27793 | BC20: =+R20/BA20 -> 0.8774019 | BD20: =+S20/BB20 -> 0.87891629
A21: =A20+1 -> 45943 | B21: Toilet | C21: 12,5 | D21: =+'13'!F42 -> 1184.7083 | E21: =+'13'!G42 -> 928.02542 | F21: =1-(E21/D21) -> 0.21666338 | G21: =+P21/N21 -> 0.91511603 | H21: =+P21/L21 -> 0.88141918 | I21: =+R21/P21 -> 0.96849198 | J21: =+R21/L21 -> 0.8536474 | K21: =+S21/M21 -> 0.84350837 | L21: =+Efficiency1!K56 -> 46.306004 | M21: =M20+L21 -> 573.35056 | N21: =+Efficiency1!C56 -> 44.600902 | O21: =O20+N21 -> 560.254 | P21: ='13'!I38 -> 40.815 | Q21: =Q20+P21 -> 508.628 | R21: ='13'!I40 -> 39.529 | S21: =S20+R21 -> 483.626 | T21: =+AX21 -> 4251.7673 | U21: =T21+U20 -> 54153.503 | V21: =T21/P21 -> 104.17168 | W21: =U21/Q21 -> 106.46976 | X21: =IF(AND(R21>0,T21>0),(T21/(R21*1000))*1000,0) -> 107.56071 | Y21: =IF(AND(S21>0,U21>0),U21/S21,0) -> 111.97393 | Z21: 61 | AA21: =Z21+AA20 -> 751.7 | AB21: =Z21/(P21) -> 1.4945486 | AC21: =AA21/(Q21) -> 1.4778974 | AD21: =IF(AND(R21>0,Z21>0),Z21/(R21),0) -> 1.5431708 | AE21: =IF(AND(S21>0,AA21>0),AA21/(S21),0) -> 1.5543002 | AF21: ='13'!I46 -> 37582.94 | AG21: =AF21+AG20 -> 486546.92 | AH21: =IF(AND(L21>0,AF21>0),(AF21/(P21*1000)*1000),0) -> 920.81196 | AI21: =IF(AND(M21>0,AG21>0),(AG21/(Q21*1000)*1000),0) -> 956.58698 | AJ21: =IF(AND(R21>0,AF21>0),(AF21/(R21*1000)*1000),0) -> 950.7688 | AK21: =IF(AND(S21>0,AG21>0),(AG21/(S21*1000)*1000),0) -> 1006.0396 | AL21: 4409.2 | AM21: 4895.5 | AN21: 4113.4 | AO21: =SUM(AL21:AN21) -> 13418.1 | AP21: =+[1]Okt!N16 -> 12939 | AQ21: =+AP21-AO21 -> -479.1 | AR21: =+AL21/AO21 -> 0.32860092 | AS21: =+AM21/AO21 -> 0.36484301 | AT21: =1-AR21-AS21 -> 0.30655607 | AU21: =+AR21*AQ21 -> -157.4327 | AV21: =+AS21*AQ21 -> -174.79629 | AW21: =+AT21*AQ21 -> -146.87101 | AX21: =+AL21+AU21 -> 4251.7673 | AY21: =+AM21+AV21 -> 4720.7037 | AZ21: =+AN21+AW21 -> 3966.529 | BA21: =+Efficiency2!K56 -> 46.306004 | BB21: =BB20+BA21 -> 551.58393 | BC21: =+R21/BA21 -> 0.8536474 | BD21: =+S21/BB21 -> 0.87679494
A22: =A21+1 -> 45944 | B22: Toilet | C22: 12,5 | D22: =+'14'!F42 -> 1186.4583 | E22: =+'14'!G42 -> 934.21097 | F22: =1-(E22/D22) -> 0.21260533 | G22: =+P22/N22 -> 0.88745247 | H22: =+P22/L22 -> 0.85603689 | I22: =+R22/P22 -> 0.87421257 | J22: =+R22/L22 -> 0.74835821 | K22: =+S22/M22 -> 0.83636388 | L22: =+Efficiency1!K60 -> 46.545891 | M22: =M21+L22 -> 619.89645 | N22: =+Efficiency1!C60 -> 44.898179 | O22: =O21+N22 -> 605.15218 | P22: ='14'!I38 -> 39.845 | Q22: =Q21+P22 -> 548.473 | R22: ='14'!I40 -> 34.833 | S22: =S21+R22 -> 518.459 | T22: =+AX22 -> 4089.8407 | U22: =T22+U21 -> 58243.344 | V22: =T22/P22 -> 102.64376 | W22: =U22/Q22 -> 106.19182 | X22: =IF(AND(R22>0,T22>0),(T22/(R22*1000))*1000,0) -> 117.41282 | Y22: =IF(AND(S22>0,U22>0),U22/S22,0) -> 112.33934 | Z22: 59.7 | AA22: =Z22+AA21 -> 811.4 | AB22: =Z22/(P22) -> 1.4983059 | AC22: =AA22/(Q22) -> 1.47938 | AD22: =IF(AND(R22>0,Z22>0),Z22/(R22),0) -> 1.713892 | AE22: =IF(AND(S22>0,AA22>0),AA22/(S22),0) -> 1.5650225 | AF22: ='14'!I46 -> 37272.4 | AG22: =AF22+AG21 -> 523819.32 | AH22: =IF(AND(L22>0,AF22>0),(AF22/(P22*1000)*1000),0) -> 935.43481 | AI22: =IF(AND(M22>0,AG22>0),(AG22/(Q22*1000)*1000),0) -> 955.05033 | AJ22: =IF(AND(R22>0,AF22>0),(AF22/(R22*1000)*1000),0) -> 1070.0313 | AK22: =IF(AND(S22>0,AG22>0),(AG22/(S22*1000)*1000),0) -> 1010.3389 | AL22: 4334.3 | AM22: 5648.2 | AN22: 4354.1 | AO22: =SUM(AL22:AN22) -> 14336.6 | AP22: =+[1]Okt!N17 -> 13528 | AQ22: =+AP22-AO22 -> -808.6 | AR22: =+AL22/AO22 -> 0.30232412 | AS22: =+AM22/AO22 -> 0.39397068 | AT22: =1-AR22-AS22 -> 0.3037052 | AU22: =+AR22*AQ22 -> -244.45928 | AV22: =+AS22*AQ22 -> -318.56469 | AW22: =+AT22*AQ22 -> -245.57603 | AX22: =+AL22+AU22 -> 4089.8407 | AY22: =+AM22+AV22 -> 5329.6353 | AZ22: =+AN22+AW22 -> 4108.524 | BA22: =+Efficiency2!K60 -> 46.545891 | BB22: =BB21+BA22 -> 598.12982 | BC22: =+R22/BA22 -> 0.74835821 | BD22: =+S22/BB22 -> 0.86680012
A23: =A22+1 -> 45945 | B23: Toilet/Facial | C23: 12,5/12,5 | D23: =+'15'!F42 -> 1194.7228 | E23: =+'15'!G42 -> 919.50495 | F23: =1-(E23/D23) -> 0.23036128 | G23: =+P23/N23 -> 0.78355259 | H23: =+P23/L23 -> 0.76125701 | I23: =+R23/P23 -> 1.0134456 | J23: =+R23/L23 -> 0.77149255 | K23: =+S23/M23 -> 0.83197873 | L23: =+SUM(Efficiency1!K64:K65) -> 44.941458 | M23: =M22+L23 -> 664.83791 | N23: =+SUM(Efficiency1!C64:C65) -> 43.662672 | O23: =O22+N23 -> 648.81486 | P23: ='15'!I38 -> 34.212 | Q23: =Q22+P23 -> 582.685 | R23: ='15'!I40 -> 34.672 | S23: =S22+R23 -> 553.131 | T23: =+AX23 -> 3585.3573 | U23: =T23+U22 -> 61828.701 | V23: =T23/P23 -> 104.79824 | W23: =U23/Q23 -> 106.10999 | X23: =IF(AND(R23>0,T23>0),(T23/(R23*1000))*1000,0) -> 103.40786 | Y23: =IF(AND(S23>0,U23>0),U23/S23,0) -> 111.77949 | Z23: 57.3 | AA23: =Z23+AA22 -> 868.7 | AB23: =Z23/(P23) -> 1.6748509 | AC23: =AA23/(Q23) -> 1.490857 | AD23: =IF(AND(R23>0,Z23>0),Z23/(R23),0) -> 1.6526304 | AE23: =IF(AND(S23>0,AA23>0),AA23/(S23),0) -> 1.570514 | AF23: ='15'!I46 -> 38927.2 | AG23: =AF23+AG22 -> 562746.52 | AH23: =IF(AND(L23>0,AF23>0),(AF23/(P23*1000)*1000),0) -> 1137.823 | AI23: =IF(AND(M23>0,AG23>0),(AG23/(Q23*1000)*1000),0) -> 965.78172 | AJ23: =IF(AND(R23>0,AF23>0),(AF23/(R23*1000)*1000),0) -> 1122.7273 | AK23: =IF(AND(S23>0,AG23>0),(AG23/(S23*1000)*1000),0) -> 1017.3838 | AL23: 3727.4 | AM23: 3122.3 | AN23: 4074.6 | AO23: =SUM(AL23:AN23) -> 10924.3 | AP23: =+[1]Okt!N18 -> 10508 | AQ23: =+AP23-AO23 -> -416.3 | AR23: =+AL23/AO23 -> 0.34120264 | AS23: =+AM23/AO23 -> 0.28581236 | AT23: =1-AR23-AS23 -> 0.372985 | AU23: =+AR23*AQ23 -> -142.04266 | AV23: =+AS23*AQ23 -> -118.98369 | AW23: =+AT23*AQ23 -> -155.27365 | AX23: =+AL23+AU23 -> 3585.3573 | AY23: =+AM23+AV23 -> 3003.3163 | AZ23: =+AN23+AW23 -> 3919.3263 | BA23: =+SUM(Efficiency2!K64:K65) -> 44.941458 | BB23: =BB22+BA23 -> 643.07128 | BC23: =+R23/BA23 -> 0.77149255 | BD23: =+S23/BB23 -> 0.86013949
A24: =A23+1 -> 45946 | B24: Facial | C24: 12,5/13 | D24: =+'16'!F42 -> 1227.3958 | E24: =+'16'!G42 -> 945.09479 | F24: =1-(E24/D24) -> 0.23 | G24: =+P24/N24 -> 0.8936512 | H24: =+P24/L24 -> 0.8917769 | I24: =+R24/P24 -> 0.9525096 | J24: =+R24/L24 -> 0.84942606 | K24: =+S24/M24 -> 0.83309035 | L24: =+SUM(Efficiency1!K69:K70) -> 45.241136 | M24: =M23+L24 -> 710.07905 | N24: =+SUM(Efficiency1!C69:C70) -> 45.146249 | O24: =O23+N24 -> 693.96111 | P24: ='16'!I38 -> 40.345 | Q24: =Q23+P24 -> 623.03 | R24: ='16'!I40 -> 38.429 | S24: =S23+R24 -> 591.56 | T24: =+AX24 -> 3564.7565 | U24: =T24+U23 -> 65393.458 | V24: =T24/P24 -> 88.356834 | W24: =U24/Q24 -> 104.96037 | X24: =IF(AND(R24>0,T24>0),(T24/(R24*1000))*1000,0) -> 92.762145 | Y24: =IF(AND(S24>0,U24>0),U24/S24,0) -> 110.54408 | Z24: 62.6 | AA24: =Z24+AA23 -> 931.3 | AB24: =Z24/(P24) -> 1.5516173 | AC24: =AA24/(Q24) -> 1.4947916 | AD24: =IF(AND(R24>0,Z24>0),Z24/(R24),0) -> 1.6289781 | AE24: =IF(AND(S24>0,AA24>0),AA24/(S24),0) -> 1.574312 | AF24: ='16'!I46 -> 34790.4 | AG24: =AF24+AG23 -> 597536.92 | AH24: =IF(AND(L24>0,AF24>0),(AF24/(P24*1000)*1000),0) -> 862.32247 | AI24: =IF(AND(M24>0,AG24>0),(AG24/(Q24*1000)*1000),0) -> 959.0821 | AJ24: =IF(AND(R24>0,AF24>0),(AF24/(R24*1000)*1000),0) -> 905.3163 | AK24: =IF(AND(S24>0,AG24>0),(AG24/(S24*1000)*1000),0) -> 1010.1037 | AL24: 3787.7 | AM24: 4341.1 | AN24: 4173.3 | AO24: =SUM(AL24:AN24) -> 12302.1 | AP24: =+[1]Okt!N19 -> 11578 | AQ24: =+AP24-AO24 -> -724.1 | AR24: =+AL24/AO24 -> 0.30789052 | AS24: =+AM24/AO24 -> 0.35287471 | AT24: =1-AR24-AS24 -> 0.33923476 | AU24: =+AR24*AQ24 -> -222.94353 | AV24: =+AS24*AQ24 -> -255.51658 | AW24: =+AT24*AQ24 -> -245.63989 | AX24: =+AL24+AU24 -> 3564.7565 | AY24: =+AM24+AV24 -> 4085.5834 | AZ24: =+AN24+AW24 -> 3927.6601 | BA24: =+SUM(Efficiency2!K69:K70) -> 45.241136 | BB24: =BB23+BA24 -> 688.31242 | BC24: =+R24/BA24 -> 0.84942606 | BD24: =+S24/BB24 -> 0.85943532
A25: =A24+1 -> 45947 | B25: Facial | C25: 13/11/12 | D25: =+'17'!F42 -> 1222.8932 | E25: =+'17'!G42 -> 941.801 | F25: =1-(E25/D25) -> 0.22985831 | G25: =+P25/N25 -> 0.9051437 | H25: =+P25/L25 -> 0.89871234 | I25: =+R25/P25 -> 0.96631936 | J25: =+R25/L25 -> 0.86844313 | K25: =+S25/M25 -> 0.83503483 | L25: =+SUM(Efficiency1!K73:K75) -> 41.329131 | M25: =M24+L25 -> 751.40818 | N25: =+SUM(Efficiency1!C73:C75) -> 41.035473 | O25: =O24+N25 -> 734.99658 | P25: ='17'!I38 -> 37.143 | Q25: =Q24+P25 -> 660.173 | R25: ='17'!I40 -> 35.892 | S25: =S24+R25 -> 627.452 | T25: =+AX25 -> 3330.3376 | U25: =T25+U24 -> 68723.795 | V25: =T25/P25 -> 89.662591 | W25: =U25/Q25 -> 104.09968 | X25: =IF(AND(R25>0,T25>0),(T25/(R25*1000))*1000,0) -> 92.787741 | Y25: =IF(AND(S25>0,U25>0),U25/S25,0) -> 109.52837 | Z25: 59.3 | AA25: =Z25+AA24 -> 990.6 | AB25: =Z25/(P25) -> 1.5965323 | AC25: =AA25/(Q25) -> 1.5005158 | AD25: =IF(AND(R25>0,Z25>0),Z25/(R25),0) -> 1.6521788 | AE25: =IF(AND(S25>0,AA25>0),AA25/(S25),0) -> 1.5787662 | AF25: ='17'!I46 -> 39718.76 | AG25: =AF25+AG24 -> 637255.68 | AH25: =IF(AND(L25>0,AF25>0),(AF25/(P25*1000)*1000),0) -> 1069.3471 | AI25: =IF(AND(M25>0,AG25>0),(AG25/(Q25*1000)*1000),0) -> 965.28589 | AJ25: =IF(AND(R25>0,AF25>0),(AF25/(R25*1000)*1000),0) -> 1106.6187 | AK25: =IF(AND(S25>0,AG25>0),(AG25/(S25*1000)*1000),0) -> 1015.6246 | AL25: 3500 | AM25: 4664.2 | AN25: 4353.6 | AO25: =SUM(AL25:AN25) -> 12517.8 | AP25: =+[1]Okt!N20 -> 11911 | AQ25: =+AP25-AO25 -> -606.8 | AR25: =+AL25/AO25 -> 0.27960185 | AS25: =+AM25/AO25 -> 0.37260541 | AT25: =1-AR25-AS25 -> 0.34779274 | AU25: =+AR25*AQ25 -> -169.6624 | AV25: =+AS25*AQ25 -> -226.09696 | AW25: =+AT25*AQ25 -> -211.04064 | AX25: =+AL25+AU25 -> 3330.3376 | AY25: =+AM25+AV25 -> 4438.103 | AZ25: =+AN25+AW25 -> 4142.5594 | BA25: =+SUM(Efficiency2!K73:K75) -> 41.329131 | BB25: =BB24+BA25 -> 729.64155 | BC25: =+R25/BA25 -> 0.86844313 | BD25: =+S25/BB25 -> 0.85994555
A26: =A25+1 -> 45948 | B26: Facial | C26: 12 | D26: =+'18'!F42 -> 1223.3333 | E26: =+'18'!G42 -> 941.96667 | F26: =1-(E26/D26) -> 0.23 | G26: =+P26/N26 -> 0.88430387 | H26: =+P26/L26 -> 0.8795109 | I26: =+R26/P26 -> 0.94477772 | J26: =+R26/L26 -> 0.8309423 | K26: =+S26/M26 -> 0.83481596 | L26: =+Efficiency1!K77 -> 42.455415 | M26: =M25+L26 -> 793.86359 | N26: =+Efficiency1!C77 -> 42.225304 | O26: =O25+N26 -> 777.22188 | P26: ='18'!I38 -> 37.34 | Q26: =Q25+P26 -> 697.513 | R26: ='18'!I40 -> 35.278 | S26: =S25+R26 -> 662.73 | T26: =+AX26 -> 3170.1144 | U26: =T26+U25 -> 71893.91 | V26: =T26/P26 -> 84.898618 | W26: =U26/Q26 -> 103.07178 | X26: =IF(AND(R26>0,T26>0),(T26/(R26*1000))*1000,0) -> 89.860944 | Y26: =IF(AND(S26>0,U26>0),U26/S26,0) -> 108.48145 | Z26: 60.5 | AA26: =Z26+AA25 -> 1051.1 | AB26: =Z26/(P26) -> 1.6202464 | AC26: =AA26/(Q26) -> 1.5069253 | AD26: =IF(AND(R26>0,Z26>0),Z26/(R26),0) -> 1.7149498 | AE26: =IF(AND(S26>0,AA26>0),AA26/(S26),0) -> 1.5860154 | AF26: ='18'!I46 -> 37297.98 | AG26: =AF26+AG25 -> 674553.66 | AH26: =IF(AND(L26>0,AF26>0),(AF26/(P26*1000)*1000),0) -> 998.87467 | AI26: =IF(AND(M26>0,AG26>0),(AG26/(Q26*1000)*1000),0) -> 967.084 | AJ26: =IF(AND(R26>0,AF26>0),(AF26/(R26*1000)*1000),0) -> 1057.2589 | AK26: =IF(AND(S26>0,AG26>0),(AG26/(S26*1000)*1000),0) -> 1017.8408 | AL26: 3580.9 | AM26: 4857.2 | AN26: 4384.9 | AO26: =SUM(AL26:AN26) -> 12823 | AP26: =+[1]Okt!N21 -> 11352 | AQ26: =+AP26-AO26 -> -1471 | AR26: =+AL26/AO26 -> 0.27925602 | AS26: =+AM26/AO26 -> 0.37878812 | AT26: =1-AR26-AS26 -> 0.34195586 | AU26: =+AR26*AQ26 -> -410.78561 | AV26: =+AS26*AQ26 -> -557.19732 | AW26: =+AT26*AQ26 -> -503.01707 | AX26: =+AL26+AU26 -> 3170.1144 | AY26: =+AM26+AV26 -> 4300.0027 | AZ26: =+AN26+AW26 -> 3881.8829 | BA26: =+Efficiency2!K77 -> 42.455415 | BB26: =BB25+BA26 -> 772.09696 | BC26: =+R26/BA26 -> 0.8309423 | BD26: =+S26/BB26 -> 0.85835074
A27: =A26+1 -> 45949 | B27: Facial | C27: 12 | D27: =+'19'!F42 -> 1230 | E27: =+'19'!G42 -> 947.1 | F27: =1-(E27/D27) -> 0.23 | G27: =+P27/N27 -> 0.024691296 | H27: =+P27/L27 -> 0.024557467 | I27: =+R27/P27 -> 2.6739336 | J27: =+R27/L27 -> 0.065665039 | K27: =+S27/M27 -> 0.79532968 | L27: =+Efficiency1!K81 -> 42.960456 | M27: =M26+L27 -> 836.82405 | N27: =+Efficiency1!C81 -> 42.727608 | O27: =O26+N27 -> 819.94949 | P27: ='19'!I38 -> 1.055 | Q27: =Q26+P27 -> 698.568 | R27: ='19'!I40 -> 2.821 | S27: =S26+R27 -> 665.551 | T27: =+AX27 -> 0 | U27: =T27+U26 -> 71893.91 | V27: =T27/P27 -> 0 | W27: =U27/Q27 -> 102.91612 | X27: =IF(AND(R27>0,T27>0),(T27/(R27*1000))*1000,0) -> 0 | Y27: =IF(AND(S27>0,U27>0),U27/S27,0) -> 108.02164 | Z27: 16.7 | AA27: =Z27+AA26 -> 1067.8 | AB27: =Z27/(P27) -> 15.829384 | AC27: =AA27/(Q27) -> 1.5285556 | AD27: =IF(AND(R27>0,Z27>0),Z27/(R27),0) -> 5.9198866 | AE27: =IF(AND(S27>0,AA27>0),AA27/(S27),0) -> 1.6043849 | AF27: ='19'!I46 -> 8166.58 | AG27: =AF27+AG26 -> 682720.24 | AH27: =IF(AND(L27>0,AF27>0),(AF27/(P27*1000)*1000),0) -> 7740.8341 | AI27: =IF(AND(M27>0,AG27>0),(AG27/(Q27*1000)*1000),0) -> 977.31393 | AJ27: =IF(AND(R27>0,AF27>0),(AF27/(R27*1000)*1000),0) -> 2894.9238 | AK27: =IF(AND(S27>0,AG27>0),(AG27/(S27*1000)*1000),0) -> 1025.797 | AL27: 0 | AM27: 5204 | AN27: 4519.6 | AO27: =SUM(AL27:AN27) -> 9723.6 | AP27: =+[1]Okt!N22 -> 10235 | AQ27: =+AP27-AO27 -> 511.4 | AR27: =+AL27/AO27 -> 0 | AS27: =+AM27/AO27 -> 0.53519273 | AT27: =1-AR27-AS27 -> 0.46480727 | AU27: =+AR27*AQ27 -> 0 | AV27: =+AS27*AQ27 -> 273.69756 | AW27: =+AT27*AQ27 -> 237.70244 | AX27: =+AL27+AU27 -> 0 | AY27: =+AM27+AV27 -> 5477.6976 | AZ27: =+AN27+AW27 -> 4757.3024 | BA27: =+Efficiency2!K81 -> 0.7756749 | BB27: =BB26+BA27 -> 772.87264 | BC27: =+R27/BA27 -> 3.6368329 | BD27: =+S27/BB27 -> 0.8611393
A28: =A27+1 -> 45950 | B28: Facial | C28: 12 | D28: =+'20'!F42 -> 0 | E28: =+'20'!G42 -> 0 | F28: =1-(E28/D28) -> #DIV/0! | G28: =+P28/N28 -> 0 | H28: =+P28/L28 -> 0 | I28: =+R28/P28 -> #DIV/0! | J28: =+R28/L28 -> 0 | K28: =+S28/M28 -> 0.75649321 | L28: =+Efficiency1!K86 -> 42.960456 | M28: =M27+L28 -> 879.78451 | N28: =+Efficiency1!C86 -> 42.727608 | O28: =O27+N28 -> 862.6771 | P28: ='20'!I38 -> 0 | Q28: =Q27+P28 -> 698.568 | R28: ='20'!I40 -> 0 | S28: =S27+R28 -> 665.551 | T28: =+AX28 -> 0 | U28: =T28+U27 -> 71893.91 | V28: =T28/P28 -> #DIV/0! | W28: =U28/Q28 -> 102.91612 | X28: =IF(AND(R28>0,T28>0),(T28/(R28*1000))*1000,0) -> 0 | Y28: =IF(AND(S28>0,U28>0),U28/S28,0) -> 108.02164 | Z28: 34.2 | AA28: =Z28+AA27 -> 1102 | AB28: =Z28/(P28) -> #DIV/0! | AC28: =AA28/(Q28) -> 1.5775129 | AD28: =IF(AND(R28>0,Z28>0),Z28/(R28),0) -> 0 | AE28: =IF(AND(S28>0,AA28>0),AA28/(S28),0) -> 1.6557709 | AF28: ='20'!I46 -> 5005.22 | AG28: =AF28+AG27 -> 687725.46 | AH28: =IF(AND(L28>0,AF28>0),(AF28/(P28*1000)*1000),0) -> #DIV/0! | AI28: =IF(AND(M28>0,AG28>0),(AG28/(Q28*1000)*1000),0) -> 984.47891 | AJ28: =IF(AND(R28>0,AF28>0),(AF28/(R28*1000)*1000),0) -> 0 | AK28: =IF(AND(S28>0,AG28>0),(AG28/(S28*1000)*1000),0) -> 1033.3174 | AL28: 0 | AM28: 5534.8 | AN28: 4526.7 | AO28: =SUM(AL28:AN28) -> 10061.5 | AP28: =+[1]Okt!N23 -> 10155 | AQ28: =+AP28-AO28 -> 93.5 | AR28: =+AL28/AO28 -> 0 | AS28: =+AM28/AO28 -> 0.5500969 | AT28: =1-AR28-AS28 -> 0.4499031 | AU28: =+AR28*AQ28 -> 0 | AV28: =+AS28*AQ28 -> 51.434061 | AW28: =+AT28*AQ28 -> 42.065939 | AX28: =+AL28+AU28 -> 0 | AY28: =+AM28+AV28 -> 5586.2341 | AZ28: =+AN28+AW28 -> 4568.7659 | BA28: =+Efficiency2!K86 -> 0 | BB28: =BB27+BA28 -> 772.87264 | BC28: =+R28/BA28 -> #DIV/0! | BD28: =+S28/BB28 -> 0.8611393
A29: =A28+1 -> 45951 | B29: Facial | C29: 12 | D29: =+'21'!F42 -> 0 | E29: =+'21'!G42 -> 0 | F29: =1-(E29/D29) -> #DIV/0! | G29: =+P29/N29 -> 0 | H29: =+P29/L29 -> 0 | I29: =+R29/P29 -> #DIV/0! | J29: =+R29/L29 -> 0 | K29: =+S29/M29 -> 0.72127297 | L29: =+Efficiency1!K91 -> 42.960456 | M29: =M28+L29 -> 922.74496 | N29: =+Efficiency1!C91 -> 42.727608 | O29: =O28+N29 -> 905.40471 | P29: ='21'!I38 -> 0 | Q29: =Q28+P29 -> 698.568 | R29: ='21'!I40 -> 0 | S29: =S28+R29 -> 665.551 | T29: =+AX29 -> 0 | U29: =T29+U28 -> 71893.91 | V29: =T29/P29 -> #DIV/0! | W29: =U29/Q29 -> 102.91612 | X29: =IF(AND(R29>0,T29>0),(T29/(R29*1000))*1000,0) -> 0 | Y29: =IF(AND(S29>0,U29>0),U29/S29,0) -> 108.02164 | Z29: 36.9 | AA29: =Z29+AA28 -> 1138.9 | AB29: =Z29/(P29) -> #DIV/0! | AC29: =AA29/(Q29) -> 1.6303352 | AD29: =IF(AND(R29>0,Z29>0),Z29/(R29),0) -> 0 | AE29: =IF(AND(S29>0,AA29>0),AA29/(S29),0) -> 1.7112137 | AF29: ='21'!I46 -> 6204.86 | AG29: =AF29+AG28 -> 693930.32 | AH29: =IF(AND(L29>0,AF29>0),(AF29/(P29*1000)*1000),0) -> #DIV/0! | AI29: =IF(AND(M29>0,AG29>0),(AG29/(Q29*1000)*1000),0) -> 993.36116 | AJ29: =IF(AND(R29>0,AF29>0),(AF29/(R29*1000)*1000),0) -> 0 | AK29: =IF(AND(S29>0,AG29>0),(AG29/(S29*1000)*1000),0) -> 1042.6403 | AL29: 0 | AM29: 5595.2 | AN29: 4367.9 | AO29: =SUM(AL29:AN29) -> 9963.1 | AP29: =+[1]Okt!N24 -> 10321 | AQ29: =+AP29-AO29 -> 357.9 | AR29: =+AL29/AO29 -> 0 | AS29: =+AM29/AO29 -> 0.56159228 | AT29: =1-AR29-AS29 -> 0.43840772 | AU29: =+AR29*AQ29 -> 0 | AV29: =+AS29*AQ29 -> 200.99388 | AW29: =+AT29*AQ29 -> 156.90612 | AX29: =+AL29+AU29 -> 0 | AY29: =+AM29+AV29 -> 5796.1939 | AZ29: =+AN29+AW29 -> 4524.8061 | BA29: =+Efficiency2!K91 -> 0 | BB29: =BB28+BA29 -> 772.87264 | BC29: =+R29/BA29 -> #DIV/0! | BD29: =+S29/BB29 -> 0.8611393
A30: =A29+1 -> 45952 | B30: Facial | C30: 12 | D30: =+'22'!F42 -> 0 | E30: =+'22'!G42 -> 0 | F30: =1-(E30/D30) -> #DIV/0! | G30: =+P30/N30 -> 0 | H30: =+P30/L30 -> 0 | I30: =+R30/P30 -> #DIV/0! | J30: =+R30/L30 -> 0 | K30: =+S30/M30 -> 0.68918636 | L30: =+Efficiency1!K96 -> 42.960456 | M30: =M29+L30 -> 965.70542 | N30: =+Efficiency1!C96 -> 42.727608 | O30: =O29+N30 -> 948.13232 | P30: ='22'!I38 -> 0 | Q30: =Q29+P30 -> 698.568 | R30: ='22'!I40 -> 0 | S30: =S29+R30 -> 665.551 | T30: =+AX30 -> 0 | U30: =T30+U29 -> 71893.91 | V30: =T30/P30 -> #DIV/0! | W30: =U30/Q30 -> 102.91612 | X30: =IF(AND(R30>0,T30>0),(T30/(R30*1000))*1000,0) -> 0 | Y30: =IF(AND(S30>0,U30>0),U30/S30,0) -> 108.02164 | Z30: 16.9 | AA30: =Z30+AA29 -> 1155.8 | AB30: =Z30/(P30) -> #DIV/0! | AC30: =AA30/(Q30) -> 1.6545275 | AD30: =IF(AND(R30>0,Z30>0),Z30/(R30),0) -> 0 | AE30: =IF(AND(S30>0,AA30>0),AA30/(S30),0) -> 1.7366062 | AF30: ='22'!I46 -> 6077.48 | AG30: =AF30+AG29 -> 700007.8 | AH30: =IF(AND(L30>0,AF30>0),(AF30/(P30*1000)*1000),0) -> #DIV/0! | AI30: =IF(AND(M30>0,AG30>0),(AG30/(Q30*1000)*1000),0) -> 1002.0611 | AJ30: =IF(AND(R30>0,AF30>0),(AF30/(R30*1000)*1000),0) -> 0 | AK30: =IF(AND(S30>0,AG30>0),(AG30/(S30*1000)*1000),0) -> 1051.7718 | AL30: 0 | AM30: 5494.5 | AN30: 4432.7 | AO30: =SUM(AL30:AN30) -> 9927.2 | AP30: =+[1]Okt!N25 -> 10307 | AQ30: =+AP30-AO30 -> 379.8 | AR30: =+AL30/AO30 -> 0 | AS30: =+AM30/AO30 -> 0.55347933 | AT30: =1-AR30-AS30 -> 0.44652067 | AU30: =+AR30*AQ30 -> 0 | AV30: =+AS30*AQ30 -> 210.21145 | AW30: =+AT30*AQ30 -> 169.58855 | AX30: =+AL30+AU30 -> 0 | AY30: =+AM30+AV30 -> 5704.7114 | AZ30: =+AN30+AW30 -> 4602.2886 | BA30: =+Efficiency2!K96 -> 0 | BB30: =BB29+BA30 -> 772.87264 | BC30: =+R30/BA30 -> #DIV/0! | BD30: =+S30/BB30 -> 0.8611393
A31: =A30+1 -> 45953 | B31: Facial | C31: 12 | D31: =+'23'!F42 -> 0 | E31: =+'23'!G42 -> 0 | F31: =1-(E31/D31) -> #DIV/0! | G31: =+P31/N31 -> 0 | H31: =+P31/L31 -> 0 | I31: =+R31/P31 -> #DIV/0! | J31: =+R31/L31 -> 0 | K31: =+S31/M31 -> 0.65983297 | L31: =+Efficiency1!K101 -> 42.960456 | M31: =M30+L31 -> 1008.6659 | N31: =+Efficiency1!C101 -> 42.727608 | O31: =O30+N31 -> 990.85992 | P31: ='23'!I38 -> 0 | Q31: =Q30+P31 -> 698.568 | R31: ='23'!I40 -> 0 | S31: =S30+R31 -> 665.551 | T31: =+AX31 -> 0 | U31: =T31+U30 -> 71893.91 | V31: =T31/P31 -> #DIV/0! | W31: =U31/Q31 -> 102.91612 | X31: =IF(AND(R31>0,T31>0),(T31/(R31*1000))*1000,0) -> 0 | Y31: =IF(AND(S31>0,U31>0),U31/S31,0) -> 108.02164 | Z31: 17.2 | AA31: =Z31+AA30 -> 1173 | AB31: =Z31/(P31) -> #DIV/0! | AC31: =AA31/(Q31) -> 1.6791493 | AD31: =IF(AND(R31>0,Z31>0),Z31/(R31),0) -> 0 | AE31: =IF(AND(S31>0,AA31>0),AA31/(S31),0) -> 1.7624495 | AF31: ='23'!I46 -> 4543.94 | AG31: =AF31+AG30 -> 704551.74 | AH31: =IF(AND(L31>0,AF31>0),(AF31/(P31*1000)*1000),0) -> #DIV/0! | AI31: =IF(AND(M31>0,AG31>0),(AG31/(Q31*1000)*1000),0) -> 1008.5657 | AJ31: =IF(AND(R31>0,AF31>0),(AF31/(R31*1000)*1000),0) -> 0 | AK31: =IF(AND(S31>0,AG31>0),(AG31/(S31*1000)*1000),0) -> 1058.5992 | AL31: 0 | AM31: 5482.2 | AN31: 4481.7 | AO31: =SUM(AL31:AN31) -> 9963.9 | AP31: =+[1]Okt!N26 -> 10405 | AQ31: =+AP31-AO31 -> 441.1 | AR31: =+AL31/AO31 -> 0 | AS31: =+AM31/AO31 -> 0.55020624 | AT31: =1-AR31-AS31 -> 0.44979376 | AU31: =+AR31*AQ31 -> 0 | AV31: =+AS31*AQ31 -> 242.69597 | AW31: =+AT31*AQ31 -> 198.40403 | AX31: =+AL31+AU31 -> 0 | AY31: =+AM31+AV31 -> 5724.896 | AZ31: =+AN31+AW31 -> 4680.104 | BA31: =+Efficiency2!K101 -> 0 | BB31: =BB30+BA31 -> 772.87264 | BC31: =+R31/BA31 -> #DIV/0! | BD31: =+S31/BB31 -> 0.8611393
A32: =A31+1 -> 45954 | B32: Facial | C32: 12 | D32: =+'24'!F42 -> 0 | E32: =+'24'!G42 -> 0 | F32: =1-(E32/D32) -> #DIV/0! | G32: =+P32/N32 -> 0 | H32: =+P32/L32 -> 0 | I32: =+R32/P32 -> #DIV/0! | J32: =+R32/L32 -> 0 | K32: =+S32/M32 -> 0.63287784 | L32: =+Efficiency1!K106 -> 42.960456 | M32: =M31+L32 -> 1051.6263 | N32: =+Efficiency1!C106 -> 42.727608 | O32: =O31+N32 -> 1033.5875 | P32: ='24'!I38 -> 0 | Q32: =Q31+P32 -> 698.568 | R32: ='24'!I40 -> 0 | S32: =S31+R32 -> 665.551 | T32: =+AX32 -> 0 | U32: =T32+U31 -> 71893.91 | V32: =T32/P32 -> #DIV/0! | W32: =U32/Q32 -> 102.91612 | X32: =IF(AND(R32>0,T32>0),(T32/(R32*1000))*1000,0) -> 0 | Y32: =IF(AND(S32>0,U32>0),U32/S32,0) -> 108.02164 | Z32: 17.2 | AA32: =Z32+AA31 -> 1190.2 | AB32: =Z32/(P32) -> #DIV/0! | AC32: =AA32/(Q32) -> 1.7037711 | AD32: =IF(AND(R32>0,Z32>0),Z32/(R32),0) -> 0 | AE32: =IF(AND(S32>0,AA32>0),AA32/(S32),0) -> 1.7882927 | AF32: =+'24'!I46 -> 7185.46 | AG32: =AF32+AG31 -> 711737.2 | AH32: =IF(AND(L32>0,AF32>0),(AF32/(P32*1000)*1000),0) -> #DIV/0! | AI32: =IF(AND(M32>0,AG32>0),(AG32/(Q32*1000)*1000),0) -> 1018.8517 | AJ32: =IF(AND(R32>0,AF32>0),(AF32/(R32*1000)*1000),0) -> 0 | AK32: =IF(AND(S32>0,AG32>0),(AG32/(S32*1000)*1000),0) -> 1069.3954 | AL32: 0 | AM32: 5473.8 | AN32: 4361.8 | AO32: =SUM(AL32:AN32) -> 9835.6 | AP32: =+[1]Okt!N27 -> 9612 | AQ32: =+AP32-AO32 -> -223.6 | AR32: =+AL32/AO32 -> 0 | AS32: =+AM32/AO32 -> 0.55652934 | AT32: =1-AR32-AS32 -> 0.44347066 | AU32: =+AR32*AQ32 -> 0 | AV32: =+AS32*AQ32 -> -124.43996 | AW32: =+AT32*AQ32 -> -99.160039 | AX32: =+AL32+AU32 -> 0 | AY32: =+AM32+AV32 -> 5349.36 | AZ32: =+AN32+AW32 -> 4262.64 | BA32: =+Efficiency2!K106 -> 0 | BB32: =BB31+BA32 -> 772.87264 | BC32: =+R32/BA32 -> #DIV/0! | BD32: =+S32/BB32 -> 0.8611393
A33: =A32+1 -> 45955 | B33: Facial | C33: 12 | D33: =+'25'!F42 -> 0 | E33: =+'25'!G42 -> 0 | F33: =1-(E33/D33) -> #DIV/0! | G33: =+P33/N33 -> 0 | H33: =+P33/L33 -> 0 | I33: =+R33/P33 -> #DIV/0! | J33: =+R33/L33 -> 0 | K33: =+S33/M33 -> 0.60803859 | L33: =+Efficiency1!K111 -> 42.960456 | M33: =M32+L33 -> 1094.5868 | N33: =+Efficiency1!C111 -> 42.727608 | O33: =O32+N33 -> 1076.3151 | P33: ='25'!I38 -> 0 | Q33: =Q32+P33 -> 698.568 | R33: ='25'!I40 -> 0 | S33: =S32+R33 -> 665.551 | T33: =+AX33 -> 0 | U33: =T33+U32 -> 71893.91 | V33: =T33/P33 -> #DIV/0! | W33: =U33/Q33 -> 102.91612 | X33: =IF(AND(R33>0,T33>0),(T33/(R33*1000))*1000,0) -> 0 | Y33: =IF(AND(S33>0,U33>0),U33/S33,0) -> 108.02164 | Z33: 13.7 | AA33: =Z33+AA32 -> 1203.9 | AB33: =Z33/(P33) -> #DIV/0! | AC33: =AA33/(Q33) -> 1.7233827 | AD33: =IF(AND(R33>0,Z33>0),Z33/(R33),0) -> 0 | AE33: =IF(AND(S33>0,AA33>0),AA33/(S33),0) -> 1.8088772 | AF33: =+'25'!I46 -> 5950.64 | AG33: =AF33+AG32 -> 717687.84 | AH33: =IF(AND(L33>0,AF33>0),(AF33/(P33*1000)*1000),0) -> #DIV/0! | AI33: =IF(AND(M33>0,AG33>0),(AG33/(Q33*1000)*1000),0) -> 1027.37 | AJ33: =IF(AND(R33>0,AF33>0),(AF33/(R33*1000)*1000),0) -> 0 | AK33: =IF(AND(S33>0,AG33>0),(AG33/(S33*1000)*1000),0) -> 1078.3364 | AL33: 0 | AM33: 4273 | AN33: 3610.5 | AO33: =SUM(AL33:AN33) -> 7883.5 | AP33: =+[1]Okt!N28 -> 6796 | AQ33: =+AP33-AO33 -> -1087.5 | AR33: =+AL33/AO33 -> 0 | AS33: =+AM33/AO33 -> 0.54201814 | AT33: =1-AR33-AS33 -> 0.45798186 | AU33: =+AR33*AQ33 -> 0 | AV33: =+AS33*AQ33 -> -589.44473 | AW33: =+AT33*AQ33 -> -498.05527 | AX33: =+AL33+AU33 -> 0 | AY33: =+AM33+AV33 -> 3683.5553 | AZ33: =+AN33+AW33 -> 3112.4447 | BA33: =+Efficiency2!K111 -> 0 | BB33: =BB32+BA33 -> 772.87264 | BC33: =+R33/BA33 -> #DIV/0! | BD33: =+S33/BB33 -> 0.8611393
A34: =A33+1 -> 45956 | B34: Facial | C34: 12 | D34: =+'26'!F42 -> 0 | E34: =+'26'!G42 -> 0 | F34: =1-(E34/D34) -> #DIV/0! | G34: =+P34/N34 -> 0 | H34: =+P34/L34 -> 0 | I34: =+R34/P34 -> #DIV/0! | J34: =+R34/L34 -> 0 | K34: =+S34/M34 -> 0.58507548 | L34: =+Efficiency1!K116 -> 42.960456 | M34: =M33+L34 -> 1137.5472 | N34: =+Efficiency1!C116 -> 42.727608 | O34: =O33+N34 -> 1119.0427 | P34: ='26'!I38 -> 0 | Q34: =Q33+P34 -> 698.568 | R34: ='26'!I40 -> 0 | S34: =S33+R34 -> 665.551 | T34: =+AX34 -> 87.298903 | U34: =T34+U33 -> 71981.209 | V34: =T34/P34 -> #DIV/0! | W34: =U34/Q34 -> 103.04109 | X34: =IF(AND(R34>0,T34>0),(T34/(R34*1000))*1000,0) -> 0 | Y34: =IF(AND(S34>0,U34>0),U34/S34,0) -> 108.15281 | Z34: 27 | AA34: =Z34+AA33 -> 1230.9 | AB34: =Z34/(P34) -> #DIV/0! | AC34: =AA34/(Q34) -> 1.7620332 | AD34: =IF(AND(R34>0,Z34>0),Z34/(R34),0) -> 0 | AE34: =IF(AND(S34>0,AA34>0),AA34/(S34),0) -> 1.849445 | AF34: ='26'!I46 -> 4700.22 | AG34: =AF34+AG33 -> 722388.06 | AH34: =IF(AND(L34>0,AF34>0),(AF34/(P34*1000)*1000),0) -> #DIV/0! | AI34: =IF(AND(M34>0,AG34>0),(AG34/(Q34*1000)*1000),0) -> 1034.0984 | AJ34: =IF(AND(R34>0,AF34>0),(AF34/(R34*1000)*1000),0) -> 0 | AK34: =IF(AND(S34>0,AG34>0),(AG34/(S34*1000)*1000),0) -> 1085.3985 | AL34: 58.8 | AM34: 1243.1 | AN34: 831.9 | AO34: =SUM(AL34:AN34) -> 2133.8 | AP34: =+[1]Okt!N29 -> 3168 | AQ34: =+AP34-AO34 -> 1034.2 | AR34: =+AL34/AO34 -> 0.027556472 | AS34: =+AM34/AO34 -> 0.58257569 | AT34: =1-AR34-AS34 -> 0.38986784 | AU34: =+AR34*AQ34 -> 28.498903 | AV34: =+AS34*AQ34 -> 602.49978 | AW34: =+AT34*AQ34 -> 403.20132 | AX34: =+AL34+AU34 -> 87.298903 | AY34: =+AM34+AV34 -> 1845.5998 | AZ34: =+AN34+AW34 -> 1235.1013 | BA34: =+Efficiency2!K116 -> 0 | BB34: =BB33+BA34 -> 772.87264 | BC34: =+R34/BA34 -> #DIV/0! | BD34: =+S34/BB34 -> 0.8611393
A35: =A34+1 -> 45957 | B35: Facial | C35: 14 | D35: =+'27'!F42 -> 887.89474 | E35: =+'27'!G42 -> 698.04737 | F35: =1-(E35/D35) -> 0.21381743 | G35: =+P35/N35 -> 0.54021551 | H35: =+P35/L35 -> 0.38996301 | I35: =+R35/P35 -> 0.71526061 | J35: =+R35/L35 -> 0.27892518 | K35: =+S35/M35 -> 0.57172779 | L35: =+Efficiency1!K121 -> 51.8562 | M35: =M34+L35 -> 1189.4034 | N35: =+Efficiency1!C121 -> 37.433209 | O35: =O34+N35 -> 1156.476 | P35: ='27'!I38 -> 20.222 | Q35: =Q34+P35 -> 718.79 | R35: ='27'!I40 -> 14.464 | S35: =S34+R35 -> 680.015 | T35: =+AX35 -> 2773.7318 | U35: =T35+U34 -> 74754.941 | V35: =T35/P35 -> 137.16407 | W35: =U35/Q35 -> 104.00109 | X35: =IF(AND(R35>0,T35>0),(T35/(R35*1000))*1000,0) -> 191.76796 | Y35: =IF(AND(S35>0,U35>0),U35/S35,0) -> 109.93131 | Z35: 46.5 | AA35: =Z35+AA34 -> 1277.4 | AB35: =Z35/(P35) -> 2.2994758 | AC35: =AA35/(Q35) -> 1.7771533 | AD35: =IF(AND(R35>0,Z35>0),Z35/(R35),0) -> 3.2148783 | AE35: =IF(AND(S35>0,AA35>0),AA35/(S35),0) -> 1.878488 | AF35: ='27'!I46 -> 23771.82 | AG35: =AF35+AG34 -> 746159.88 | AH35: =IF(AND(L35>0,AF35>0),(AF35/(P35*1000)*1000),0) -> 1175.5425 | AI35: =IF(AND(M35>0,AG35>0),(AG35/(Q35*1000)*1000),0) -> 1038.0777 | AJ35: =IF(AND(R35>0,AF35>0),(AF35/(R35*1000)*1000),0) -> 1643.5163 | AK35: =IF(AND(S35>0,AG35>0),(AG35/(S35*1000)*1000),0) -> 1097.2697 | AL35: 2893.7 | AM35: 5928.5 | AN35: 3421.4 | AO35: =SUM(AL35:AN35) -> 12243.6 | AP35: =+[1]Okt!N30 -> 11736 | AQ35: =+AP35-AO35 -> -507.6 | AR35: =+AL35/AO35 -> 0.23634389 | AS35: =+AM35/AO35 -> 0.48421216 | AT35: =1-AR35-AS35 -> 0.27944395 | AU35: =+AR35*AQ35 -> -119.96816 | AV35: =+AS35*AQ35 -> -245.78609 | AW35: =+AT35*AQ35 -> -141.84575 | AX35: =+AL35+AU35 -> 2773.7318 | AY35: =+AM35+AV35 -> 5682.7139 | AZ35: =+AN35+AW35 -> 3279.5542 | BA35: =+Efficiency2!K121 -> 32.84226 | BB35: =BB34+BA35 -> 805.7149 | BC35: =+R35/BA35 -> 0.44040818 | BD35: =+S35/BB35 -> 0.84398961
A36: =A35+1 -> 45958 | B36: Facial | C36: 14/12 | D36: =+'28'!F42 -> 734.59399 | E36: =+'28'!G42 -> 587.67519 | F36: =1-(E36/D36) -> 0.2 | G36: =+P36/N36 -> 0.54688352 | H36: =+P36/L36 -> 0.33788475 | I36: =+R36/P36 -> 0.60445633 | J36: =+R36/L36 -> 0.20423658 | K36: =+S36/M36 -> 0.55695657 | L36: =+SUM(Efficiency1!K126:K127) -> 49.809883 | M36: =M35+L36 -> 1239.2133 | N36: =+SUM(Efficiency1!C126:C127) -> 30.774378 | O36: =O35+N36 -> 1187.2503 | P36: ='28'!I38 -> 16.83 | Q36: =Q35+P36 -> 735.62 | R36: ='28'!I40 -> 10.173 | S36: =S35+R36 -> 690.188 | T36: =+AX36 -> 1947.9531 | U36: =T36+U35 -> 76702.894 | V36: =T36/P36 -> 115.74291 | W36: =U36/Q36 -> 104.26972 | X36: =IF(AND(R36>0,T36>0),(T36/(R36*1000))*1000,0) -> 191.48266 | Y36: =IF(AND(S36>0,U36>0),U36/S36,0) -> 111.13333 | Z36: 37.5 | AA36: =Z36+AA35 -> 1314.9 | AB36: =Z36/(P36) -> 2.228164 | AC36: =AA36/(Q36) -> 1.7874718 | AD36: =IF(AND(R36>0,Z36>0),Z36/(R36),0) -> 3.6862283 | AE36: =IF(AND(S36>0,AA36>0),AA36/(S36),0) -> 1.9051331 | AF36: ='28'!I46 -> 19308.78 | AG36: =AF36+AG35 -> 765468.66 | AH36: =IF(AND(L36>0,AF36>0),(AF36/(P36*1000)*1000),0) -> 1147.2834 | AI36: =IF(AND(M36>0,AG36>0),(AG36/(Q36*1000)*1000),0) -> 1040.5762 | AJ36: =IF(AND(R36>0,AF36>0),(AF36/(R36*1000)*1000),0) -> 1898.0419 | AK36: =IF(AND(S36>0,AG36>0),(AG36/(S36*1000)*1000),0) -> 1109.0727 | AL36: 2015.8 | AM36: 6051.2 | AN36: 4126.4 | AO36: =SUM(AL36:AN36) -> 12193.4 | AP36: =+[1]Okt!N31 -> 11783 | AQ36: =+AP36-AO36 -> -410.4 | AR36: =+AL36/AO36 -> 0.16531894 | AS36: =+AM36/AO36 -> 0.49626847 | AT36: =1-AR36-AS36 -> 0.33841258 | AU36: =+AR36*AQ36 -> -67.846894 | AV36: =+AS36*AQ36 -> -203.66858 | AW36: =+AT36*AQ36 -> -138.88452 | AX36: =+AL36+AU36 -> 1947.9531 | AY36: =+AM36+AV36 -> 5847.5314 | AZ36: =+AN36+AW36 -> 3987.5155 | BA36: =+SUM(Efficiency2!K126:K127) -> 49.809883 | BB36: =BB35+BA36 -> 855.52478 | BC36: =+R36/BA36 -> 0.20423658 | BD36: =+S36/BB36 -> 0.80674227
A37: =A36+1 -> 45959 | B37: Facial | C37: 12 | D37: =+'29'!F42 -> 700 | E37: =+'29'!G42 -> 560 | F37: =1-(E37/D37) -> 0.2 | G37: =+P37/N37 -> 0.2846122 | H37: =+P37/L37 -> 0.16197442 | I37: =+R37/P37 -> 1.4200109 | J37: =+R37/L37 -> 0.23000545 | K37: =+S37/M37 -> 0.54544357 | L37: =+Efficiency1!K131 -> 45.229363 | M37: =M36+L37 -> 1284.4427 | N37: =+Efficiency1!C131 -> 25.740288 | O37: =O36+N37 -> 1212.9906 | P37: ='29'!I38 -> 7.326 | Q37: =Q36+P37 -> 742.946 | R37: ='29'!I40 -> 10.403 | S37: =S36+R37 -> 700.591 | T37: =+AX37 -> 589.01261 | U37: =T37+U36 -> 77291.906 | V37: =T37/P37 -> 80.400302 | W37: =U37/Q37 -> 104.03435 | X37: =IF(AND(R37>0,T37>0),(T37/(R37*1000))*1000,0) -> 56.619495 | Y37: =IF(AND(S37>0,U37>0),U37/S37,0) -> 110.32386 | Z37: 13.9 | AA37: =Z37+AA36 -> 1328.8 | AB37: =Z37/(P37) -> 1.8973519 | AC37: =AA37/(Q37) -> 1.7885553 | AD37: =IF(AND(R37>0,Z37>0),Z37/(R37),0) -> 1.336153 | AE37: =IF(AND(S37>0,AA37>0),AA37/(S37),0) -> 1.8966844 | AF37: ='29'!I46 -> 14019.16 | AG37: =AF37+AG36 -> 779487.82 | AH37: =IF(AND(L37>0,AF37>0),(AF37/(P37*1000)*1000),0) -> 1913.6173 | AI37: =IF(AND(M37>0,AG37>0),(AG37/(Q37*1000)*1000),0) -> 1049.185 | AJ37: =IF(AND(R37>0,AF37>0),(AF37/(R37*1000)*1000),0) -> 1347.6074 | AK37: =IF(AND(S37>0,AG37>0),(AG37/(S37*1000)*1000),0) -> 1112.6147 | AL37: 610.6 | AM37: 5759.2 | AN37: 4288 | AO37: =SUM(AL37:AN37) -> 10657.8 | AP37: =+[1]Okt!N32 -> 10281 | AQ37: =+AP37-AO37 -> -376.8 | AR37: =+AL37/AO37 -> 0.057291373 | AS37: =+AM37/AO37 -> 0.54037419 | AT37: =1-AR37-AS37 -> 0.40233444 | AU37: =+AR37*AQ37 -> -21.58739 | AV37: =+AS37*AQ37 -> -203.61299 | AW37: =+AT37*AQ37 -> -151.59962 | AX37: =+AL37+AU37 -> 589.01261 | AY37: =+AM37+AV37 -> 5555.587 | AZ37: =+AN37+AW37 -> 4136.4004 | BA37: =+Efficiency2!K131 -> 12.092573 | BB37: =BB36+BA37 -> 867.61735 | BC37: =+R37/BA37 -> 0.86028012 | BD37: =+S37/BB37 -> 0.80748846
A38: =A37+1 -> 45960 | B38: Facial | C38: 12 | D38: =+'30'!F42 -> 0 | E38: =+'30'!G42 -> 0 | F38: =1-(E38/D38) -> #DIV/0! | G38: =+P38/N38 -> 0 | H38: =+P38/L38 -> 0 | I38: =+R38/P38 -> #DIV/0! | J38: =+R38/L38 -> 0 | K38: =+S38/M38 -> 0.52756302 | L38: =+Efficiency1!K136 -> 43.533262 | M38: =M37+L38 -> 1327.9759 | N38: =+Efficiency1!C136 -> 43.297309 | O38: =O37+N38 -> 1256.2879 | P38: ='30'!I38 -> 0 | Q38: =Q37+P38 -> 742.946 | R38: ='30'!I40 -> 0 | S38: =S37+R38 -> 700.591 | T38: =+AX38 -> 0 | U38: =T38+U37 -> 77291.906 | V38: =T38/P38 -> #DIV/0! | W38: =U38/Q38 -> 104.03435 | X38: =IF(AND(R38>0,T38>0),(T38/(R38*1000))*1000,0) -> 0 | Y38: =IF(AND(S38>0,U38>0),U38/S38,0) -> 110.32386 | Z38: 14.4 | AA38: =Z38+AA37 -> 1343.2 | AB38: =Z38/(P38) -> #DIV/0! | AC38: =AA38/(Q38) -> 1.8079376 | AD38: =IF(AND(R38>0,Z38>0),Z38/(R38),0) -> 0 | AE38: =IF(AND(S38>0,AA38>0),AA38/(S38),0) -> 1.9172384 | AF38: ='30'!I46 -> 5070.6 | AG38: =AF38+AG37 -> 784558.42 | AH38: =IF(AND(L38>0,AF38>0),(AF38/(P38*1000)*1000),0) -> #DIV/0! | AI38: =IF(AND(M38>0,AG38>0),(AG38/(Q38*1000)*1000),0) -> 1056.01 | AJ38: =IF(AND(R38>0,AF38>0),(AF38/(R38*1000)*1000),0) -> 0 | AK38: =IF(AND(S38>0,AG38>0),(AG38/(S38*1000)*1000),0) -> 1119.8523 | AL38: 0 | AM38: 5794.8 | AN38: 4261.5 | AO38: =SUM(AL38:AN38) -> 10056.3 | AP38: =+[1]Okt!N33 -> 9687 | AQ38: =+AP38-AO38 -> -369.3 | AR38: =+AL38/AO38 -> 0 | AS38: =+AM38/AO38 -> 0.57623579 | AT38: =1-AR38-AS38 -> 0.42376421 | AU38: =+AR38*AQ38 -> 0 | AV38: =+AS38*AQ38 -> -212.80388 | AW38: =+AT38*AQ38 -> -156.49612 | AX38: =+AL38+AU38 -> 0 | AY38: =+AM38+AV38 -> 5581.9961 | AZ38: =+AN38+AW38 -> 4105.0039 | BA38: =+Efficiency2!K136 -> 0 | BB38: =BB37+BA38 -> 867.61735 | BC38: =+R38/BA38 -> #DIV/0! | BD38: =+S38/BB38 -> 0.80748846
A39: =A38+1 -> 45961 | B39: Facial | C39: 12 | D39: =+'31'!F42 -> 0 | E39: =+'31'!G42 -> 0 | F39: =1-(E39/D39) -> #DIV/0! | G39: =+P39/N39 -> 0 | H39: =+P39/L39 -> 0 | I39: =+R39/P39 -> #DIV/0! | J39: =+R39/L39 -> 0 | K39: =+S39/M39 -> 0.51081757 | L39: =+Efficiency1!K141 -> 43.533262 | M39: =M38+L39 -> 1371.5092 | N39: =+Efficiency1!C141 -> 43.297309 | O39: =O38+N39 -> 1299.5852 | P39: ='31'!I38 -> 0 | Q39: =Q38+P39 -> 742.946 | R39: ='31'!I40 -> 0 | S39: =S38+R39 -> 700.591 | T39: =+AX39 -> 0 | U39: =T39+U38 -> 77291.906 | V39: =T39/P39 -> #DIV/0! | W39: =U39/Q39 -> 104.03435 | X39: =IF(AND(R39>0,T39>0),(T39/(R39*1000))*1000,0) -> 0 | Y39: =IF(AND(S39>0,U39>0),U39/S39,0) -> 110.32386 | Z39: 17.2 | AA39: =Z39+AA38 -> 1360.4 | AB39: =Z39/(P39) -> #DIV/0! | AC39: =AA39/(Q39) -> 1.8310887 | AD39: =IF(AND(R39>0,Z39>0),Z39/(R39),0) -> 0 | AE39: =IF(AND(S39>0,AA39>0),AA39/(S39),0) -> 1.9417891 | AF39: ='31'!I46 -> 5629.98 | AG39: =AF39+AG38 -> 790188.4 | AH39: =IF(AND(L39>0,AF39>0),(AF39/(P39*1000)*1000),0) -> #DIV/0! | AI39: =IF(AND(M39>0,AG39>0),(AG39/(Q39*1000)*1000),0) -> 1063.5879 | AJ39: =IF(AND(R39>0,AF39>0),(AF39/(R39*1000)*1000),0) -> 0 | AK39: =IF(AND(S39>0,AG39>0),(AG39/(S39*1000)*1000),0) -> 1127.8883 | AL39: 0 | AM39: 5295.8 | AN39: 3404.9 | AO39: =SUM(AL39:AN39) -> 8700.7 | AP39: =+[1]Okt!N34 -> 8568 | AQ39: =+AP39-AO39 -> -132.7 | AR39: =+AL39/AO39 -> 0 | AS39: =+AM39/AO39 -> 0.60866367 | AT39: =1-AR39-AS39 -> 0.39133633 | AU39: =+AR39*AQ39 -> 0 | AV39: =+AS39*AQ39 -> -80.769669 | AW39: =+AT39*AQ39 -> -51.930331 | AX39: =+AL39+AU39 -> 0 | AY39: =+AM39+AV39 -> 5215.0303 | AZ39: =+AN39+AW39 -> 3352.9697 | BA39: =+Efficiency2!K141 -> 0 | BB39: =BB38+BA39 -> 867.61735 | BC39: =+R39/BA39 -> #DIV/0! | BD39: =+S39/BB39 -> 0.80748846
G41: =+P41/N41 -> 0.57167931 | H41: =+P41/L41 -> 0.54169961 | I41: =+R41/P41 -> 0.94299047 | J41: =+R41/L41 -> 0.51081757 | L41: =SUM(L9:L39) -> 1371.5092 | N41: =SUM(N9:N39) -> 1299.5852 | P41: =SUM(P9:P39) -> 742.946 | R41: =SUM(R9:R39) -> 700.591 | T41: =SUM(T9:T39) -> 77291.906 | V41: =T41/P41 -> 104.03435 | X41: =IF(AND(R41>0,T41>0),(T41/(R41*1000))*1000,0) -> 110.32386 | Z41: =SUM(Z9:Z40) -> 1360.4 | AB41: =Z41/P41 -> 1.8310887 | AD41: =Z41/R41 -> 1.9417891 | AF41: =SUM(AF9:AF39) -> 790188.4 | AH41: =AF41/P41 -> 1063.5879 | AJ41: =AF41/R41 -> 1127.8883 | AP41: =SUM(AP9:AP40) -> 321851 | AX41: =SUM(AX9:AX39) -> 77291.906 | AY41: =SUM(AY9:AY39) -> 155738.8 | AZ41: =SUM(AZ9:AZ39) -> 88820.295 | BA41: =SUM(BA9:BA39) -> 867.61735 | BC41: =+R41/BA41 -> 0.80748846
AY43: =SUM(AX41:AZ41) -> 321851

Sheet GRAFIK

Sheet Listrik
A2: MACHINE POWER CONSUMPTION (PER PANEL)
A4: Date | B4: PM (TON) | C4: FINSHED GOODS (TON) | P4: Total PM14
D5: Trafo (2500 A) | H5: Trafo (2500 B) | L5: Trafo (2500 A)
D6: KWH | E6: Consumption | F6: /TON PM | G6: /TON FG | H6: KWH | I6: Consumption | J6: /TON PM | K6: /TON FG | L6: KWH | M6: Consumption | N6: /TON PM | O6: /TON FG | P6: Consumption | Q6: /TON PM | R6: /TON FG
A7: =A8-1 -> 45930 | B7: 0 | C7: 0
A8: =+Report1!A9 -> 45931 | B8: =+Report1!P9 -> 16.666 | C8: =+Report1!R9 -> 8.913 | D8: =+D7+E8 -> 2500 | E8: =+[3]DailyOct!AH7 -> 2500 | F8: =E8/B8 -> 150.006 | G8: =E8/C8 -> 280.48917 | H8: =+H7+I8 -> 4968.65 | I8: =+[3]DailyOct!AI7 -> 4968.65 | J8: =I8/B8 -> 298.13093 | K8: =I8/C8 -> 557.46101 | L8: =+L7+M8 -> 17128.65 | M8: =+[3]DailyOct!AJ7 -> 17128.65 | N8: =M8/B8 -> 1027.7601 | O8: =M8/C8 -> 1921.7604 | P8: =+E8+I8+M8 -> 24597.3 | Q8: =P8/B8 -> 1475.897 | R8: =P8/C8 -> 2759.7105 | V8: Off Reel | W8: Off Rewinder
A9: =+Report1!A10 -> 45932 | B9: =+Report1!P10 -> 40.289 | C9: =+Report1!R10 -> 36.587 | D9: =+D8+E9 -> 7100 | E9: =+[3]DailyOct!AH8 -> 4600 | F9: =E9/B9 -> 114.17509 | G9: =E9/C9 -> 125.72772 | H9: =+H8+I9 -> 13445.74 | I9: =+[3]DailyOct!AI8 -> 8477.09 | J9: =I9/B9 -> 210.40706 | K9: =I9/C9 -> 231.69678 | L9: =+L8+M9 -> 44765.74 | M9: =+[3]DailyOct!AJ8 -> 27637.09 | N9: =M9/B9 -> 685.97111 | O9: =M9/C9 -> 755.38005 | P9: =+E9+I9+M9 -> 40714.18 | Q9: =P9/B9 -> 1010.5533 | R9: =P9/C9 -> 1112.8045 | V9: Off Reel | W9: Off Rewinder
A10: =+Report1!A11 -> 45933 | B10: =+Report1!P11 -> 37.695 | C10: =+Report1!R11 -> 36.483 | D10: =+D9+E10 -> 11700 | E10: =+[3]DailyOct!AH9 -> 4600 | F10: =E10/B10 -> 122.0321 | G10: =E10/C10 -> 126.08612 | H10: =+H9+I10 -> 21631.85 | I10: =+[3]DailyOct!AI9 -> 8186.11 | J10: =I10/B10 -> 217.167 | K10: =I10/C10 -> 224.38149 | L10: =+L9+M10 -> 71111.85 | M10: =+[3]DailyOct!AJ9 -> 26346.11 | N10: =M10/B10 -> 698.92851 | O10: =M10/C10 -> 722.14758 | P10: =+E10+I10+M10 -> 39132.22 | Q10: =P10/B10 -> 1038.1276 | R10: =P10/C10 -> 1072.6152 | V10: Off Reel | W10: Off Rewinder
A11: =+Report1!A12 -> 45934 | B11: =+Report1!P12 -> 42.438 | C11: =+Report1!R12 -> 41.1 | D11: =+D10+E11 -> 16400 | E11: =+[3]DailyOct!AH10 -> 4700 | F11: =E11/B11 -> 110.7498 | G11: =E11/C11 -> 114.35523 | H11: =+H10+I11 -> 28245.07 | I11: =+[3]DailyOct!AI10 -> 6613.22 | J11: =I11/B11 -> 155.83251 | K11: =I11/C11 -> 160.9056 | L11: =+L10+M11 -> 96885.07 | M11: =+[3]DailyOct!AJ10 -> 25773.22 | N11: =M11/B11 -> 607.31467 | O11: =M11/C11 -> 627.08564 | P11: =+E11+I11+M11 -> 37086.44 | Q11: =P11/B11 -> 873.89698 | R11: =P11/C11 -> 902.34647 | V11: Off Reel | W11: Off Rewinder
A12: =+Report1!A13 -> 45935 | B12: =+Report1!P13 -> 41.597 | C12: =+Report1!R13 -> 40.324 | D12: =+D11+E12 -> 20900 | E12: =+[3]DailyOct!AH11 -> 4500 | F12: =E12/B12 -> 108.18088 | G12: =E12/C12 -> 111.59607 | H12: =+H11+I12 -> 36605.31 | I12: =+[3]DailyOct!AI11 -> 8360.24 | J12: =I12/B12 -> 200.9818 | K12: =I12/C12 -> 207.32665 | L12: =+L11+M12 -> 123405.31 | M12: =+[3]DailyOct!AJ11 -> 26520.24 | N12: =M12/B12 -> 637.55175 | O12: =M12/C12 -> 657.6788 | P12: =+E12+I12+M12 -> 39380.48 | Q12: =P12/B12 -> 946.71443 | R12: =P12/C12 -> 976.60153 | V12: Off Reel | W12: Off Rewinder
A13: =+Report1!A14 -> 45936 | B13: =+Report1!P14 -> 42.959 | C13: =+Report1!R14 -> 41.719 | D13: =+D12+E13 -> 25400 | E13: =+[3]DailyOct!AH12 -> 4500 | F13: =E13/B13 -> 104.75104 | G13: =E13/C13 -> 107.86452 | H13: =+H12+I13 -> 43487.68 | I13: =+[3]DailyOct!AI12 -> 6882.37 | J13: =I13/B13 -> 160.20787 | K13: =I13/C13 -> 164.96968 | L13: =+L12+M13 -> 149447.68 | M13: =+[3]DailyOct!AJ12 -> 26042.37 | N13: =M13/B13 -> 606.21453 | O13: =M13/C13 -> 624.23284 | P13: =+E13+I13+M13 -> 37424.74 | Q13: =P13/B13 -> 871.17344 | R13: =P13/C13 -> 897.06704 | V13: Off Reel | W13: Off Rewinder
A14: =+Report1!A15 -> 45937 | B14: =+Report1!P15 -> 42.984 | C14: =+Report1!R15 -> 42.372 | D14: =+D13+E14 -> 29900 | E14: =+[3]DailyOct!AH13 -> 4500 | F14: =E14/B14 -> 104.69012 | G14: =E14/C14 -> 106.20221 | H14: =+H13+I14 -> 52374.33 | I14: =+[3]DailyOct!AI13 -> 8886.65 | J14: =I14/B14 -> 206.74321 | K14: =I14/C14 -> 209.7293 | L14: =+L13+M14 -> 175494.33 | M14: =+[3]DailyOct!AJ13 -> 26046.65 | N14: =M14/B14 -> 605.96152 | O14: =M14/C14 -> 614.71373 | P14: =+E14+I14+M14 -> 39433.3 | Q14: =P14/B14 -> 917.39484 | R14: =P14/C14 -> 930.64524 | V14: Off Reel | W14: Off Rewinder
A15: =+Report1!A16 -> 45938 | B15: =+Report1!P16 -> 42.14 | C15: =+Report1!R16 -> 43.187 | D15: =+D14+E15 -> 34600 | E15: =+[3]DailyOct!AH14 -> 4700 | F15: =E15/B15 -> 111.53299 | G15: =E15/C15 -> 108.82905 | H15: =+H14+I15 -> 60346.46 | I15: =+[3]DailyOct!AI14 -> 7972.13 | J15: =I15/B15 -> 189.18201 | K15: =I15/C15 -> 184.5956 | L15: =+L14+M15 -> 200626.46 | M15: =+[3]DailyOct!AJ14 -> 25132.13 | N15: =M15/B15 -> 596.39606 | O15: =M15/C15 -> 581.93739 | P15: =+E15+I15+M15 -> 37804.26 | Q15: =P15/B15 -> 897.11106 | R15: =P15/C15 -> 875.36203 | V15: Off Reel | W15: Off Rewinder
A16: =+Report1!A17 -> 45939 | B16: =+Report1!P17 -> 38.646 | C16: =+Report1!R17 -> 36.543 | D16: =+D15+E16 -> 39000 | E16: =+[3]DailyOct!AH15 -> 4400 | F16: =E16/B16 -> 113.85396 | G16: =E16/C16 -> 120.4061 | H16: =+H15+I16 -> 68376.39 | I16: =+[3]DailyOct!AI15 -> 8029.93 | J16: =I16/B16 -> 207.78166 | K16: =I16/C16 -> 219.73921 | L16: =+L15+M16 -> 225816.39 | M16: =+[3]DailyOct!AJ15 -> 25189.93 | N16: =M16/B16 -> 651.81209 | O16: =M16/C16 -> 689.32299 | P16: =+E16+I16+M16 -> 37619.86 | Q16: =P16/B16 -> 973.4477 | R16: =P16/C16 -> 1029.4683 | V16: Off Reel | W16: Off Rewinder
A17: =+Report1!A18 -> 45940 | B17: =+Report1!P18 -> 40.244 | C17: =+Report1!R18 -> 35.942 | D17: =+D16+E17 -> 43500 | E17: =+[3]DailyOct!AH16 -> 4500 | F17: =E17/B17 -> 111.81791 | G17: =E17/C17 -> 125.20171 | H17: =+H16+I17 -> 76535.06 | I17: =+[3]DailyOct!AI16 -> 8158.67 | J17: =I17/B17 -> 202.7301 | K17: =I17/C17 -> 226.99544 | L17: =+L16+M17 -> 252135.06 | M17: =+[3]DailyOct!AJ16 -> 26318.67 | N17: =M17/B17 -> 653.97749 | O17: =M17/C17 -> 732.25391 | P17: =+E17+I17+M17 -> 38977.34 | Q17: =P17/B17 -> 968.52549 | R17: =P17/C17 -> 1084.4511 | V17: Off Reel | W17: Off Rewinder
A18: =+Report1!A19 -> 45941 | B18: =+Report1!P19 -> 39.608 | C18: =+Report1!R19 -> 40.205 | D18: =+D17+E18 -> 48100 | E18: =+[3]DailyOct!AH17 -> 4600 | F18: =E18/B18 -> 116.13815 | G18: =E18/C18 -> 114.41363 | H18: =+H17+I18 -> 84606.45 | I18: =+[3]DailyOct!AI17 -> 8071.39 | J18: =I18/B18 -> 203.78181 | K18: =I18/C18 -> 200.75588 | L18: =+L17+M18 -> 278366.45 | M18: =+[3]DailyOct!AJ17 -> 26231.39 | N18: =M18/B18 -> 662.27505 | O18: =M18/C18 -> 652.44099 | P18: =+E18+I18+M18 -> 38902.78 | Q18: =P18/B18 -> 982.19501 | R18: =P18/C18 -> 967.6105 | V18: Off Reel | W18: Off Rewinder
A19: =+Report1!A20 -> 45942 | B19: =+Report1!P20 -> 42.547 | C19: =+Report1!R20 -> 40.722 | D19: =+D18+E19 -> 52500 | E19: =+[3]DailyOct!AH18 -> 4400 | F19: =E19/B19 -> 103.41505 | G19: =E19/C19 -> 108.0497 | H19: =+H18+I19 -> 92271.99 | I19: =+[3]DailyOct!AI18 -> 7665.54 | J19: =I19/B19 -> 180.1664 | K19: =I19/C19 -> 188.24075 | L19: =+L18+M19 -> 304191.99 | M19: =+[3]DailyOct!AJ18 -> 25825.54 | N19: =M19/B19 -> 606.98851 | O19: =M19/C19 -> 634.19135 | P19: =+E19+I19+M19 -> 37891.08 | Q19: =P19/B19 -> 890.56996 | R19: =P19/C19 -> 930.4818 | V19: Off Reel | W19: Off Rewinder
... A33: =+Report1!A34 -> 45956 | B33: =+Report1!P34 -> 0 | C33: =+Report1!R34 -> 0 | D33: =+D32+E33 -> 82300 | E33: =+[3]DailyOct!AH32 -> 300 | F33: =E33/B33 -> #DIV/0! | G33: =E33/C33 -> #DIV/0! | H33: =+H32+I33 -> 147464.03 | I33: =+[3]DailyOct!AI32 -> 120.11 | J33: =I33/B33 -> #DIV/0! | K33: =I33/C33 -> #DIV/0! | L33: =+L32+M33 -> 492624.03 | M33: =+[3]DailyOct!AJ32 -> 4280.11 | N33: =M33/B33 -> #DIV/0! | O33: =M33/C33 -> #DIV/0! | P33: =+E33+I33+M33 -> 4700.22 | Q33: =P33/B33 -> #DIV/0! | R33: =P33/C33 -> #DIV/0! | V33: Off Reel | W33: Off Rewinder
A34: =+Report1!A35 -> 45957 | B34: =+Report1!P35 -> 20.222 | C34: =+Report1!R35 -> 14.464 | D34: =+D33+E34 -> 85600 | E34: =+[3]DailyOct!AH33 -> 3300 | F34: =E34/B34 -> 163.18861 | G34: =E34/C34 -> 228.15265 | H34: =+H33+I34 -> 151119.94 | I34: =+[3]DailyOct!AI33 -> 3655.91 | J34: =I34/B34 -> 180.78874 | K34: =I34/C34 -> 252.75926 | L34: =+L33+M34 -> 509439.94 | M34: =+[3]DailyOct!AJ33 -> 16815.91 | N34: =M34/B34 -> 831.56513 | O34: =M34/C34 -> 1162.6044 | P34: =+E34+I34+M34 -> 23771.82 | Q34: =P34/B34 -> 1175.5425 | R34: =P34/C34 -> 1643.5163
A35: =+Report1!A36 -> 45958 | B35: =+Report1!P36 -> 16.83 | C35: =+Report1!R36 -> 10.173 | D35: =+D34+E35 -> 89200 | E35: =+[3]DailyOct!AH34 -> 3600 | F35: =E35/B35 -> 213.90374 | G35: =E35/C35 -> 353.87791 | H35: =+H34+I35 -> 152894.33 | I35: =+[3]DailyOct!AI34 -> 1774.39 | J35: =I35/B35 -> 105.43018 | K35: =I35/C35 -> 174.42151 | L35: =+L34+M35 -> 523374.33 | M35: =+[3]DailyOct!AJ34 -> 13934.39 | N35: =M35/B35 -> 827.94949 | O35: =M35/C35 -> 1369.7425 | P35: =+E35+I35+M35 -> 19308.78 | Q35: =P35/B35 -> 1147.2834 | R35: =P35/C35 -> 1898.0419
A36: =+Report1!A37 -> 45959 | B36: =+Report1!P37 -> 7.326 | C36: =+Report1!R37 -> 10.403 | D36: =+D35+E36 -> 91000 | E36: =+[3]DailyOct!AH35 -> 1800 | F36: =E36/B36 -> 245.70025 | G36: =E36/C36 -> 173.02701 | H36: =+H35+I36 -> 155423.91 | I36: =+[3]DailyOct!AI35 -> 2529.58 | J36: =I36/B36 -> 345.28802 | K36: =I36/C36 -> 243.1587 | L36: =+L35+M36 -> 533063.91 | M36: =+[3]DailyOct!AJ35 -> 9689.58 | N36: =M36/B36 -> 1322.629 | O36: =M36/C36 -> 931.42171 | P36: =+E36+I36+M36 -> 14019.16 | Q36: =P36/B36 -> 1913.6173 | R36: =P36/C36 -> 1347.6074
A37: =+Report1!A38 -> 45960 | B37: =+Report1!P38 -> 0 | C37: =+Report1!R38 -> 0 | D37: =+D36+E37 -> 91500 | E37: =+[3]DailyOct!AH36 -> 500 | F37: =E37/B37 -> #DIV/0! | G37: =E37/C37 -> #DIV/0! | H37: =+H36+I37 -> 156629.21 | I37: =+[3]DailyOct!AI36 -> 1205.3 | J37: =I37/B37 -> #DIV/0! | K37: =I37/C37 -> #DIV/0! | L37: =+L36+M37 -> 536429.21 | M37: =+[3]DailyOct!AJ36 -> 3365.3 | N37: =M37/B37 -> #DIV/0! | O37: =M37/C37 -> #DIV/0! | P37: =+E37+I37+M37 -> 5070.6 | Q37: =P37/B37 -> #DIV/0! | R37: =P37/C37 -> #DIV/0!
A38: =+Report1!A39 -> 45961 | B38: =+Report1!P39 -> 0 | C38: =+Report1!R39 -> 0 | D38: =+D37+E38 -> 91800 | E38: =+[3]DailyOct!AH37 -> 300 | F38: =E38/B38 -> #DIV/0! | G38: =E38/C38 -> #DIV/0! | H38: =+H37+I38 -> 157264.2 | I38: =+[3]DailyOct!AI37 -> 634.99 | J38: =I38/B38 -> #DIV/0! | K38: =I38/C38 -> #DIV/0! | L38: =+L37+M38 -> 541124.2 | M38: =+[3]DailyOct!AJ37 -> 4694.99 | N38: =M38/B38 -> #DIV/0! | O38: =M38/C38 -> #DIV/0! | P38: =+E38+I38+M38 -> 5629.98 | Q38: =P38/B38 -> #DIV/0! | R38: =P38/C38 -> #DIV/0!
A40: TOTAL | B40: =SUM(B8:B38) -> 742.946 | C40: =SUM(C8:C38) -> 700.591 | E40: =SUM(E8:E39) -> 91800 | F40: =E40/B40 -> 123.56214 | G40: =E40/C40 -> 131.03223 | I40: =SUM(I8:I39) -> 157264.2 | J40: =I40/B40 -> 211.67649 | K40: =I40/C40 -> 224.47362 | M40: =SUM(M8:M39) -> 541124.2 | N40: =M40/B40 -> 728.3493 | O40: =M40/C40 -> 772.38246 | P40: =+E40+I40+M40 -> 790188.4 | Q40: =P40/B40 -> 1063.5879 | R40: =P40/C40 -> 1127.8883
P42: -1320860.8

Sheet Trim Rwd
A1: PM 14 | B1: =+Report1!A9 -> 45931
A3: Tgl | B3: Grade | C3: Ply | D3: Kombinasi Pot. | E3: Lebar Trim | F3: Jml Turunan | G3: Lebar x Turunan | H3: Rata-rata | I3: PHP PM
A4: =+B1 -> 45931 | B4: F 12 | C4: 1 | D4: 133*2 | E4: =133*2 -> 266 | F4: 12 | G4: =+E4*F4 -> 3192 | H4: =+SUM(G4/F4) -> 266 | I4: =+'1'!I38 -> 16.666
A6: 45932 | B6: F 12 | C6: 1 | D6: 133*2 | E6: =133*2 -> 266 | F6: =13+3+7+9+1 -> 33 | G6: =+E6*F6 -> 8778 | H6: =+SUM(F6*E6+F7*E7)/SUM(F6:F7) -> 263.41379 | I6: =+'2'!I38 -> 40.289
B7: F 12 | C7: 1 | D7: 180+20*4 | E7: =180+20*4 -> 260 | F7: =1+6+6+6+6 -> 25 | G7: =+E7*F7 -> 6500
A9: 45933 | B9: F 12 | C9: 1 | D9: 180+20*4 | E9: =180+20*4 -> 260 | F9: 60 | G9: =+E9*F9 -> 15600 | H9: =+SUM(G9/F9) -> 260 | I9: =+'3'!I38 -> 37.695
A11: 45934 | B11: F 12 | C11: 1 | D11: 126*2 | E11: =126*2 -> 252 | F11: 14 | G11: =+E11*F11 -> 3528 | H11: =+SUM(G11/F11) -> 252 | I11: =+'4'!I38 -> 42.438
B12: F 12,5 | C12: 1 | D12: 140+120 | E12: =140+120 -> 260 | F12: 20 | G12: =+E12*F12 -> 5200 | H12: =+SUM(G12/F12) -> 260
B13: T 13 | C13: 1 | D13: 129*2 | E13: =129*2 -> 258 | F13: =13+3+13+12 -> 41 | G13: =+E13*F13 -> 10578 | H13: =+SUM(G13/F13) -> 258
A15: 45935 | B15: T 13 | C15: 1 | D15: 129*2 | E15: =129*2 -> 258 | F15: =13+10+13+13+13+4+7 -> 73 | G15: =+E15*F15 -> 18834 | H15: =+SUM(G15/F15) -> 258 | I15: =+'5'!I38 -> 41.597
A17: 45936 | B17: T 13 | C17: 1 | D17: 129*2 | E17: =129*2 -> 258 | F17: =150/2 -> 75 | G17: =+E17*F17 -> 19350 | H17: =+SUM(G17/F17) -> 258 | I17: =+'6'!I38 -> 42.959
A19: 45937 | B19: T 13 | C19: 1 | D19: 129*2 | E19: =129*2 -> 258 | F19: 12 | G19: =+E19*F19 -> 3096 | H19: =+SUM(G19/F19) -> 258 | I19: =+'7'!I38 -> 42.984
B20: T 12,5 | C20: 1 | D20: 257*1 | E20: =257*1 -> 257 | F20: =77-24 -> 53 | G20: =+E20*F20 -> 13621 | H20: =+SUM(G20/F20) -> 257
A22: 45938 | B22: T 12,5 | C22: 1 | D22: 257*1 | E22: =257*1 -> 257 | F22: 65 | G22: =+E22*F22 -> 16705 | H22: =+SUM(G22/F22) -> 257 | I22: =+'8'!I38 -> 42.14
A24: 45939 | B24: T 12,5 | C24: 1 | D24: 257*1 | E24: =257*1 -> 257 | F24: 57 | G24: =+E24*F24 -> 14649 | H24: =+SUM(G24/F24) -> 257 | I24: =+'9'!I38 -> 38.646
A26: 45940 | B26: T 12,5 | C26: 1 | D26: 257*1 | E26: =257*1 -> 257 | F26: 57 | G26: =+E26*F26 -> 14649 | H26: =+SUM(G26/F26) -> 257 | I26: =+'10'!I38 -> 40.244
A28: 45941 | B28: T 12,5 | C28: 1 | D28: 257*1 | E28: =257*1 -> 257 | F28: =64-F29 -> 59 | G28: =+E28*F28 -> 15163 | H28: =+SUM(G28/F28) -> 257 | I28: =+'11'!I38 -> 39.608
B29: T 12 | C29: 1 | D29: 268*1 | E29: =268*1 -> 268 | F29: 5 | G29: =+E29*F29 -> 1340 | H29: =+SUM(G29/F29) -> 268
A31: 45942 | B31: T 12,5 | C31: 1 | D31: 267*1 | E31: =267*1 -> 267 | F31: =8+18+17 -> 43 | G31: =+E31*F31 -> 11481 | H31: =+SUM(G31/F31) -> 267 | I31: =+'12'!I38 -> 42.547
B32: T 12 | C32: 1 | D32: 268*1 | E32: =268*1 -> 268 | F32: 11 | G32: =+E32*F32 -> 2948 | H32: =+SUM(G32/F32) -> 268
A34: 45943 | B34: T 12,5 | C34: 1 | D34: 267*1 | E34: =267*1 -> 267 | F34: 50 | G34: =+E34*F34 -> 13350 | H34: =+SUM(G34/F34) -> 267 | I34: =+'13'!I38 -> 40.815
A36: 45944 | B36: T 12,5 | C36: 1 | D36: 267*1 | E36: =267*1 -> 267 | F36: 45 | G36: =+E36*F36 -> 12015 | H36: =+SUM(G36/F36) -> 267 | I36: =+'14'!I38 -> 39.845
A38: 45945 | B38: T 12,5 | C38: 1 | D38: 267*1 | E38: =267*1 -> 267 | F38: 20 | G38: =+E38*F38 -> 5340 | H38: =+SUM(G38/F38) -> 267 | I38: =+'15'!I38 -> 34.212
B39: F 12,5 | C39: 1 | D39: 140*2 | E39: =140*2 -> 280 | F39: 19 | G39: =+E39*F39 -> 5320 | H39: =+SUM(F39*E39+F40*E40)/SUM(F39:F40) -> 262.5
B40: F 12,5 | C40: 1 | D40: 122,5*2 | E40: =122.5*2 -> 245 | F40: 19 | G40: =+E40*F40 -> 4655
A42: 45946 | B42: F 12,5 | C42: 1 | D42: 140*2 | E42: =140*2 -> 280 | F42: 23 | G42: =+E42*F42 -> 6440 | H42: =+SUM(F42*E42+F43*E43)/SUM(F42:F43) -> 262.88889 | I42: =+'16'!I38 -> 40.345
B43: F 12,5 | C43: 1 | D43: 122,5*2 | E43: =122.5*2 -> 245 | F43: 22 | G43: =+E43*F43 -> 5390
B44: F 13 | C44: 1 | D44: 129*2 | E44: =129*2 -> 258 | F44: 28 | G44: =+E44*F44 -> 7224 | H44: =+SUM(G44/F44) -> 258
A46: 45947 | B46: F 13 | C46: 1 | D46: 129*2 | E46: =129*2 -> 258 | F46: 13 | G46: =+E46*F46 -> 3354 | H46: =+SUM(G46/F46) -> 258 | I46: =+'17'!I38 -> 37.143
B47: F 11 | C47: 1 | D47: 129*2 | E47: =129*2 -> 258 | F47: =9+11 -> 20 | G47: =+E47*F47 -> 5160 | H47: =+SUM(G47/F47) -> 258
B48: F 12 | C48: 1 | D48: 150+90+18 | E48: =150+90+18 -> 258 | F48: =5+4+10+4+10+3 -> 36 | G48: =+E48*F48 -> 9288 | H48: =+SUM(F48*E48+F49*E49)/SUM(F48:F49) -> 258.21622
B49: F 12 | C49: 1 | D49: 133*2 | E49: =133*2 -> 266 | F49: 1 | G49: =+E49*F49 -> 266
A51: 45948 | B51: F 12 | C51: 1 | D51: 150+90+18 | E51: =150+90+18 -> 258 | F51: =10+10+1+10+4 -> 35 | G51: =+E51*F51 -> 9030 | H51: =+SUM(F51*E51+F52*E52+F53*E53)/SUM(F51:F53) -> 259.41406 | I51: =+'18'!I38 -> 37.34
B52: F 12 | C52: 1 | D52: 130*2 | E52: =130*2 -> 260 | F52: =3+5+2+6 -> 16 | G52: =+E52*F52 -> 4160
B53: F 12 | C53: 1 | D53: 140+122,5 | E53: =140+122.5 -> 262.5 | F53: 13 | G53: =+E53*F53 -> 3412.5
A55: 45949 | B55: F 12 | C55: 1 | D55: 140+122,5 | E55: =140+122.5 -> 262.5 | F55: 5 | G55: =+E55*F55 -> 1312.5 | H55: =+SUM(G55/F55) -> 262.5 | I55: =+'19'!I38 -> 1.055
A57: 45950 | B57: F 12 | C57: 1 | D57: 140+122,5 | E57: =140+122.5 -> 262.5 | F57: 0 | G57: =+E57*F57 -> 0 | H57: =+E57 -> 262.5 | I57: =+'20'!I38 -> 0
A59: 45951 | B59: F 12 | C59: 1 | D59: 140+122,5 | E59: =140+122.5 -> 262.5 | F59: 0 | G59: =+E59*F59 -> 0 | H59: =+E59 -> 262.5 | I59: =+'21'!I38 -> 0
A61: 45952 | B61: F 12 | C61: 1 | D61: 140+122,5 | E61: =140+122.5 -> 262.5 | F61: 0 | G61: =+E61*F61 -> 0 | H61: =+E61 -> 262.5 | I61: =+'22'!I38 -> 0
A63: 45953 | B63: F 12 | C63: 1 | D63: 140+122,5 | E63: =140+122.5 -> 262.5 | F63: 0 | G63: =+E63*F63 -> 0 | H63: =+E63 -> 262.5 | I63: =+'22'!I40 -> 0
A65: 45954 | B65: F 12 | C65: 1 | D65: 140+122,5 | E65: =140+122.5 -> 262.5 | F65: 0 | G65: =+E65*F65 -> 0 | H65: =+E65 -> 262.5 | I65: =+'22'!I42 -> 0
A67: 45955 | B67: F 12 | C67: 1 | D67: 140+122,5 | E67: =140+122.5 -> 262.5 | F67: 0 | G67: =+E67*F67 -> 0 | H67: =+E67 -> 262.5 | I67: =+'25'!I38 -> 0
A69: 45956 | B69: F 12 | C69: 1 | D69: 140+122,5 | E69: =140+122.5 -> 262.5 | F69: 0 | G69: =+E69*F69 -> 0 | H69: =+E69 -> 262.5 | I69: =+'26'!I38 -> 0
A71: 45957 | B71: F 14 | C71: 1 | D71: 133*2 | E71: =133*2 -> 266 | F71: 20 | G71: =+E71*F71 -> 5320 | H71: =+SUM(G71/F71) -> 266 | I71: =+'27'!I38 -> 20.222
A73: 45958 | B73: F 14 | C73: 1 | D73: 133*2 | E73: =133*2 -> 266 | F73: 8 | G73: =+E73*F73 -> 2128 | H73: =+SUM(G73/F73) -> 266 | I73: =+'28'!I38 -> 16.83
B74: F 12 | C74: 1 | D74: 133*2 | E74: =133*2 -> 266 | F74: =27-8 -> 19 | G74: =+E74*F74 -> 5054 | H74: =+SUM(G74/F74) -> 266
A76: 45959 | B76: F 12 | C76: 1 | D76: 133*2 | E76: =133*2 -> 266 | F76: 26 | G76: =+E76*F76 -> 6916 | H76: =+SUM(G76/F76) -> 266 | I76: =+'29'!I38 -> 7.326
A78: 45960 | B78: F 12 | C78: 1 | D78: 133*2 | E78: =133*2 -> 266 | F78: 0 | G78: 0 | H78: =+E78 -> 266 | I78: =+'30'!I38 -> 0
A80: 45961 | B80: F 12 | C80: 1 | D80: 133*2 | E80: =133*2 -> 266 | F80: 0 | G80: 0 | H80: =+E80 -> 266 | I80: =+'31'!I38 -> 0

Sheet Efficiency1
A1: PM14 Efficiency Report
A3: Date | B3: Grade | C3: Speed real (ton) with Available Time | D3: Colour | E3: gsm | F3: Ply | G3: Standard | L3: Real Running | O3: Trim Rewinder (cm) | P3: Trim Rewinder x Running Time | Q3: Available Time (mnt) | R3: Down Time (mnt) | S3: Loss Time (mnt) | T3: Real Speed & Real Creepe Ratio with Available Time (ton) | U3: Real Speed & Real Creepe Ratio setelah dipotong DT & LT (ton) | V3: Loss tonase akibat DT + LT dari hitungan Teori with available time (ton) | W3: Accepted (ton) | X3: Real Eff dr Target Eff | Y3: Backlog | Z3: Reject Rewinder (ton) | AA3: Estimasi Reject to Broke Plant (ton) | AB3: Estimasi Faktor BW (ton) | AC3: Loss Opportunity in Speed (ton) | AD3: Downtime/ Losstime | AE3: Reason of Downtime / Losstime | AF3: Loss Time | AM3: Total Losstime | AN3: Unschedule Shut Down (mnt) | AS3: Schedule Shut Down | AT3: Marketing | AV3: EXT FACTOR | AX3: EXT FACTOR | AZ3: MANAGEMENT | BA3: Total Down Time | BB3: Freq. Sheets Break (X) | BC3: Freq. Change Blade (X) | BD3: Steam, & gangguan sinergy (X) | BE3: Freq, Trip PLN (X) | BF3: Cleaning Holes (X)
AF4: Proses | AI4: Change Grade/Cleaning | AJ4: Mekanik | AK4: Electric & Instrument | AL4: Boiler | AN4: Down Time Produksi | AO4: Mekanik | AP4: Electrical & Instrument | AQ4: Boiler | AR4: Total Unschedule Shut Down | AV4: LOSS | AW4: DOWN TIME | AX4: LOSS | AY4: DOWN TIME
G5: Yankee Speed (mpm) | H5: Max % Creeping | I5: Target Eff | J5: Kapasitas PM-Teori (ton) | K5: Teori (ton) with Available Time | L5: Yankee Speed (mpm) | M5: Popereel Speed (mpm) | N5: % Creeping | AF5: sheet break | AG5: change blade | AH5: change spool | AT5: Loss time | AU5: Down Time | AV5: SINERGY | AW5: SINERGY | AX5: PLN | AY5: PLN
A6: =+Report1!A9 -> 45931 | B6: Facial | C6: =(M6*E6*O6*Q6)/100000000 -> 38.673812 | D6: VP OW | E6: 12 | F6: 1 | G6: 1230 | H6: 0.23 | I6: 0.88 | J6: =E6*G6*(1-H6)*1440/1000000*2.74 -> 44.842533 | K6: =(IF(G6<L6,L6,G6)*(1-IF(H6<N6,H6,N6))*E6*O6*Q6)/100000000 -> 43.533262 | L6: 1092.6998 | M6: 841.37888 | N6: =1-(M6/L6) -> 0.23 | O6: =+'Trim Rwd'!H4 -> 266 | P6: =O6*(Q6-R6-S6) -> 168910 | Q6: 1440 | R6: 777 | S6: 28 | T6: =E6*M6*O6*Q6/100000000 -> 38.673812 | U6: =E6*M6*O6*(Q6-R6-S6)/100000000 -> 17.054077 | V6: =E6*G6*(1-N6)*O6/100*(R6+S6)/1000000 -> 24.336303 | W6: =+'1'!C34/1000 -> 8.913 | X6: =SUM(W6:W10)/SUM(K6:K10) -> 0.20474 | Y6: 0 | Z6: =+'1'!D25/1000 -> 2.062 | AA6: =SUM(U6:U10)-SUM(W6:W10)-SUM(Z6:Z10)-SUM(Y6:Y10) -> 6.0790769 | AB6: =(SUM(K6:K10)-SUM(W6:W10)-SUM(Y6:Y10)-SUM(Z6:Z10)-SUM(AC6:AC10)-SUM(V6:V10))-AA6 -> -2.7165675 | AC6: =K6-T6 -> 4.85945 | AD6: =+AM6+BA6 -> 8 | AE6: - Sheet Breaks (4x) | AF6: 8 | AM6: =SUM(AF6:AL6)+AT6+AV6+AX6 -> 8 | AR6: =SUM(AN6:AQ6) -> 0 | BA6: =+AR6+AS6+AU6+AW6+AY6+AZ6 -> 0 | BB6: 4
AD7: =+AM7+BA7 -> 0 | AE7: - Change Blade (0x) | AG7: 0 | AM7: =SUM(AF7:AL7)+AT7+AV7+AX7 -> 0 | AR7: =SUM(AN7:AQ7) -> 0 | BA7: =+AR7+AS7+AU7+AW7+AY7+AZ7 -> 0 | BC7: 0
AD8: =+AM8+BA8 -> 20 | AE8: - Change Spool (13x) | AH8: 20 | AM8: =SUM(AF8:AL8)+AT8+AV8+AX8 -> 20 | AR8: =SUM(AN8:AQ8) -> 0 | BA8: =+AR8+AS8+AU8+AW8+AY8+AZ8 -> 0
AD9: =+AM9+BA9 -> 720 | AE9: - STOP, No order | AM9: =SUM(AF9:AL9)+AT9+AV9+AX9 -> 0 | AR9: =SUM(AN9:AQ9) -> 0 | AU9: =480+240 -> 720 | BA9: =+AR9+AS9+AU9+AW9+AY9+AZ9 -> 720
AD10: =+AM10+BA10 -> 57 | AE10: - 22:00 pm trip, bacaan pressure compressor fliker | AM10: =SUM(AF10:AL10)+AT10+AV10+AX10 -> 0 | AP10: =777-720 -> 57 | AR10: =SUM(AN10:AQ10) -> 57 | BA10: =+AR10+AS10+AU10+AW10+AY10+AZ10 -> 57
AM11: =SUM(AF11:AL11)+AT11+AV11+AX11 -> 0
A12: 45932 | B12: Facial | C12: =(M12*E12*O12*Q12)/100000000 -> 42.617133 | D12: VP OW | E12: 12 | F12: 1 | G12: 1230 | H12: 0.23 | I12: 0.88 | J12: =E12*G12*(1-H12)*1440/1000000*2.74 -> 44.842533 | K12: =(IF(G12<L12,L12,G12)*(1-IF(H12<N12,H12,N12))*E12*O12*Q12)/100000000 -> 43.110006 | L12: 1215.9375 | M12: 936.27188 | N12: =1-(M12/L12) -> 0.23 | O12: =+'Trim Rwd'!H6 -> 263.41379 | P12: =O12*(Q12-R12-S12) -> 369569.55 | Q12: 1440 | R12: 0 | S12: 37 | T12: =E12*M12*O12*Q12/100000000 -> 42.617133 | U12: =E12*M12*O12*(Q12-R12-S12)/100000000 -> 41.522109 | V12: =E12*G12*(1-N12)*O12/100*(R12+S12)/1000000 -> 1.1076877 | W12: =+'2'!K7/1000 -> 36.587 | X12: =SUM(W12:W15)/SUM(K12:K15) -> 0.84868927 | Y12: 0 | Z12: =+'1'!D31/1000 -> 0 | AA12: =SUM(U12:U15)-SUM(W12:W15)-SUM(Z12:Z15)-SUM(Y12:Y15) -> 4.9351093 | AB12: =(SUM(K12:K15)-SUM(W12:W15)-SUM(Y12:Y15)-SUM(Z12:Z15)-SUM(AC12:AC15)-SUM(V12:V15))-AA12 -> -0.012664112 | AC12: =K12-T12 -> 0.49287355 | AD12: =+AM12+BA12 -> 8 | AE12: - Sheet Breaks (4x) | AF12: 8 | AM12: =SUM(AF12:AL12)+AT12+AV12+AX12 -> 8 | AR12: =SUM(AN12:AQ12) -> 0 | BA12: =+AR12+AS12+AU12+AW12+AY12+AZ12 -> 0 | BB12: 4
AD13: =+AM13+BA13 -> 4 | AE13: - Change Blade (5x) | AG13: 4 | AM13: =SUM(AF13:AL13)+AT13+AV13+AX13 -> 4 | AR13: =SUM(AN13:AQ13) -> 0 | BA13: =+AR13+AS13+AU13+AW13+AY13+AZ13 -> 0 | BC13: 5
AD14: =+AM14+BA14 -> 25 | AE14: - Change Spool (27x) | AH14: 25 | AM14: =SUM(AF14:AL14)+AT14+AV14+AX14 -> 25 | AR14: =SUM(AN14:AQ14) -> 0 | BA14: =+AR14+AS14+AU14+AW14+AY14+AZ14 -> 0
A16: 45933 | B16: Facial | C16: =(M16*E16*O16*Q16)/100000000 -> 42.296654 | D16: VP OW | E16: 12 | F16: 1 | G16: 1230 | H16: 0.23 | I16: 0.88 | J16: =E16*G16*(1-H16)*1440/1000000*2.74 -> 44.842533 | K16: =(IF(G16<L16,L16,G16)*(1-IF(H16<N16,H16,N16))*E16*O16*Q16)/100000000 -> 42.551309 | L16: 1222.6389 | M16: 941.43194 | N16: =1-(M16/L16) -> 0.23 | O16: =+'Trim Rwd'!H9 -> 260 | P16: =O16*(Q16-R16-S16) -> 365300 | Q16: 1440 | R16: 0 | S16: 35 | T16: =E16*M16*O16*Q16/100000000 -> 42.296654 | U16: =E16*M16*O16*(Q16-R16-S16)/100000000 -> 41.268611 | V16: =E16*G16*(1-N16)*O16/100*(R16+S16)/1000000 -> 1.0342332 | W16: =+'3'!K7/1000 -> 36.483 | X16: =SUM(W16:W19)/SUM(K16:K19) -> 0.85738843 | Y16: 0 | Z16: =+'3'!D16/1000 -> 0.117 | AA16: =SUM(U16:U19)-SUM(W16:W19)-SUM(Z16:Z19)-SUM(Y16:Y19) -> 4.6686107 | AB16: =(SUM(K16:K19)-SUM(W16:W19)-SUM(Y16:Y19)-SUM(Z16:Z19)-SUM(AC16:AC19)-SUM(V16:V19))-AA16 -> -0.0061895167 | AC16: =K16-T16 -> 0.2546544 | AD16: =+AM16+BA16 -> 0 | AE16: - Sheet Breaks (0x) | AF16: 0 | AM16: =SUM(AF16:AL16)+AT16+AV16+AX16 -> 0 | AR16: =SUM(AN16:AQ16) -> 0 | BA16: =+AR16+AS16+AU16+AW16+AY16+AZ16 -> 0 | BB16: 0
AD17: =+AM17+BA17 -> 12 | AE17: - Change Blade (9x) | AG17: 12 | AM17: =SUM(AF17:AL17)+AT17+AV17+AX17 -> 12 | AR17: =SUM(AN17:AQ17) -> 0 | BA17: =+AR17+AS17+AU17+AW17+AY17+AZ17 -> 0 | BC17: 9
AD18: =+AM18+BA18 -> 23 | AE18: - Change Spool (26x) | AH18: 23 | AM18: =SUM(AF18:AL18)+AT18+AV18+AX18 -> 23 | AR18: =SUM(AN18:AQ18) -> 0 | BA18: =+AR18+AS18+AU18+AW18+AY18+AZ18 -> 0
A20: 45934 | B20: Facial | C20: =(M20*E20*O20*Q20)/100000000 -> 2.1235738 | D20: VP OW | E20: 12 | F20: 1 | G20: 1230 | H20: 0.23 | I20: 0.88 | J20: =E20*G20*(1-H20)*1440/1000000*2.74 -> 44.842533 | K20: =(IF(G20<L20,L20,G20)*(1-IF(H20<N20,H20,N20))*E20*O20*Q20)/100000000 -> 2.1766631 | L20: 1200 | M20: 924 | N20: =1-(M20/L20) -> 0.23 | O20: =+'Trim Rwd'!H11 -> 252 | P20: =O20*(Q20-R20-S20) -> 17136 | Q20: 76 | R20: 0 | S20: 8 | T20: =E20*M20*O20*Q20/100000000 -> 2.1235738 | U20: =E20*M20*O20*(Q20-R20-S20)/100000000 -> 1.9000397 | V20: =E20*G20*(1-N20)*O20/100*(R20+S20)/1000000 -> 0.22912243 | W20: =+'4'!K7/1000 -> 7.198 | X20: =SUM(W20:W23)/SUM(K20:K23) -> 0.91146148 | Y20: 0 | Z20: =+'4'!D7/1000 -> 0.263 | AA20: =SUM(U20:U23)-SUM(W20:W23)-SUM(Z20:Z23)-SUM(Y20:Y23) -> 1.5814298 | AB20: =(SUM(K20:K23)-SUM(W20:W23)-SUM(Y20:Y23)-SUM(Z20:Z23)-SUM(AC20:AC23)-SUM(V20:V23))-AA20 -> 0.4193254 | AC20: =K20-T20 -> 0.053089344 | AD20: =+AM20+BA20 -> 9 | AE20: - Sheet Breaks (3x) | AF20: 9 | AM20: =SUM(AF20:AL20)+AT20+AV20+AX20 -> 9 | AR20: =SUM(AN20:AQ20) -> 0 | BA20: =+AR20+AS20+AU20+AW20+AY20+AZ20 -> 0 | BB20: 3
B21: Facial | C21: =(M21*E21*O21*Q21)/100000000 -> 12.456444 | D21: VP OW | E21: 12.5 | F21: 1 | G21: 1230 | H21: 0.23 | I21: 0.88 | J21: =E21*G21*(1-H21)*1440/1000000*2.74 -> 46.710972 | K21: =(IF(G21<L21,L21,G21)*(1-IF(H21<N21,H21,N21))*E21*O21*Q21)/100000000 -> 12.897134 | L21: 1187.9714 | M21: 914.73795 | N21: =1-(M21/L21) -> 0.23 | O21: =+'Trim Rwd'!H12 -> 260 | P21: =O21*(Q21-R21-S21) -> 105040 | Q21: 419 | R21: 0 | S21: 15 | T21: =E21*M21*O21*Q21/100000000 -> 12.456444 | U21: =E21*M21*O21*(Q21-R21-S21)/100000000 -> 12.010509 | V21: =E21*G21*(1-N21)*O21/100*(R21+S21)/1000000 -> 0.46171125 | W21: =+'4'!K8/1000 -> 10.48 | AD21: =+AM21+BA21 -> 9 | AE21: - Change Blade (8x) | AG21: 9 | AM21: =SUM(AF21:AL21)+AT21+AV21+AX21 -> 9 | AR21: =SUM(AN21:AQ21) -> 0 | BA21: =+AR21+AS21+AU21+AW21+AY21+AZ21 -> 0 | BC21: 8
B22: Toilet | C22: =(M22*E22*O22*Q22)/100000000 -> 30.018619 | D22: VP OW | E22: 13 | F22: 1 | G22: =+L22 -> 1230 | H22: =+N22 -> 0.23 | I22: 0.88 | J22: =E22*G22*(1-H22)*1440/1000000*2.74 -> 48.579411 | K22: =(IF(G22<L22,L22,G22)*(1-IF(H22<N22,H22,N22))*E22*O22*Q22)/100000000 -> 30.018619 | L22: 1230 | M22: 947.1 | N22: =1-(M22/L22) -> 0.23 | O22: =+'Trim Rwd'!H13 -> 258 | P22: =O22*(Q22-R22-S22) -> 235812 | Q22: 945 | R22: 0 | S22: =54-S21-S20 -> 31 | T22: =E22*M22*O22*Q22/100000000 -> 30.018619 | U22: =E22*M22*O22*(Q22-R22-S22)/100000000 -> 29.033881 | V22: =E22*G22*(1-N22)*O22/100*(R22+S22)/1000000 -> 0.98473775 | W22: =+'4'!K9/1000 -> 23.422 | AD22: =+AM22+BA22 -> 36 | AE22: - Change Spool (27x) | AH22: 36 | AM22: =SUM(AF22:AL22)+AT22+AV22+AX22 -> 36 | AR22: =SUM(AN22:AQ22) -> 0 | BA22: =+AR22+AS22+AU22+AW22+AY22+AZ22 -> 0
A24: 45935 | B24: Toilet | C24: =(M24*E24*O24*Q24)/100000000 -> 43.387344 | D24: VP OW | E24: 13 | F24: 1 | G24: =+L24 -> 1166.6667 | H24: =+N24 -> 0.23 | I24: 0.88 | J24: =E24*G24*(1-H24)*1440/1000000*2.74 -> 46.078032 | K24: =(IF(G24<L24,L24,G24)*(1-IF(H24<N24,H24,N24))*E24*O24*Q24)/100000000 -> 43.387344 | L24: 1166.6667 | M24: 898.33333 | N24: =1-(M24/L24) -> 0.23 | O24: =+'Trim Rwd'!H15 -> 258 | P24: =O24*(Q24-R24-S24) -> 358620 | Q24: 1440 | R24: 0 | S24: 50 | T24: =E24*M24*O24*Q24/100000000 -> 43.387344 | U24: =E24*M24*O24*(Q24-R24-S24)/100000000 -> 41.880839 | V24: =E24*G24*(1-N24)*O24/100*(R24+S24)/1000000 -> 1.506505 | W24: =+'5'!K9/1000 -> 40.324 | X24: =SUM(W24:W27)/SUM(K24:K27) -> 0.92939545 | Y24: =+SUM(RBP!AG3:AG4) -> 0 | Z24: =+'5'!D25/1000 -> 0.256 | AA24: =SUM(U24:U27)-SUM(W24:W27)-SUM(Z24:Z27)-SUM(Y24:Y27) -> 1.300839 | AB24: =(SUM(K24:K27)-SUM(W24:W27)-SUM(Y24:Y27)-SUM(Z24:Z27)-SUM(AC24:AC27)-SUM(V24:V27))-AA24 -> -3.1086245e-15 | AC24: =K24-T24 -> 0 | AD24: =+AM24+BA24 -> 9 | AE24: - Sheet Breaks (3x) | AF24: 9 | AM24: =SUM(AF24:AL24)+AT24+AV24+AX24 -> 9 | AR24: =SUM(AN24:AQ24) -> 0 | BA24: =+AR24+AS24+AU24+AW24+AY24+AZ24 -> 0 | BB24: 3
AD25: =+AM25+BA25 -> 11 | AE25: - Change Blade (8x) | AG25: 11 | AM25: =SUM(AF25:AL25)+AT25+AV25+AX25 -> 11 | AR25: =SUM(AN25:AQ25) -> 0 | BA25: =+AR25+AS25+AU25+AW25+AY25+AZ25 -> 0 | BC25: 8
AD26: =+AM26+BA26 -> 30 | AE26: - Change Spool (29x) | AH26: 30 | AM26: =SUM(AF26:AL26)+AT26+AV26+AX26 -> 30 | AR26: =SUM(AN26:AQ26) -> 0 | BA26: =+AR26+AS26+AU26+AW26+AY26+AZ26 -> 0
A28: 45936 | B28: Toilet | C28: =(M28*E28*O28*Q28)/100000000 -> 43.883199 | D28: VP OW | E28: 13 | F28: 1 | G28: =+L28 -> 1180 | H28: =+N28 -> 0.23 | I28: 0.88 | J28: =E28*G28*(1-H28)*1440/1000000*2.74 -> 46.604638 | K28: =(IF(G28<L28,L28,G28)*(1-IF(H28<N28,H28,N28))*E28*O28*Q28)/100000000 -> 43.883199 | L28: 1180 | M28: 908.6 | N28: =1-(M28/L28) -> 0.23 | O28: =+'Trim Rwd'!H17 -> 258 | P28: =O28*(Q28-R28-S28) -> 351912 | Q28: 1440 | R28: 0 | S28: 76 | T28: =E28*M28*O28*Q28/100000000 -> 43.883199 | U28: =E28*M28*O28*(Q28-R28-S28)/100000000 -> 41.567142 | V28: =E28*G28*(1-N28)*O28/100*(R28+S28)/1000000 -> 2.3160577 | W28: =+'6'!K9/1000 -> 41.719 | X28: =SUM(W28:W31)/SUM(K28:K31) -> 0.95068274 | Y28: 0 | Z28: =+'5'!D29/1000 -> 0 | AA28: =SUM(U28:U31)-SUM(W28:W31)-SUM(Z28:Z31)-SUM(Y28:Y31) -> -0.15185838 | AB28: =(SUM(K28:K31)-SUM(W28:W31)-SUM(Y28:Y31)-SUM(Z28:Z31)-SUM(AC28:AC31)-SUM(V28:V31))-AA28 -> -1.3322676e-15 | AC28: =K28-T28 -> 0 | AD28: =+AM28+BA28 -> 27 | AE28: - Sheet Breaks (9x) | AF28: 27 | AM28: =SUM(AF28:AL28)+AT28+AV28+AX28 -> 27 | AR28: =SUM(AN28:AQ28) -> 0 | BA28: =+AR28+AS28+AU28+AW28+AY28+AZ28 -> 0 | BB28: 9
AD29: =+AM29+BA29 -> 0 | AE29: - Change Blade (0x) | AG29: 0 | AM29: =SUM(AF29:AL29)+AT29+AV29+AX29 -> 0 | AR29: =SUM(AN29:AQ29) -> 0 | BA29: =+AR29+AS29+AU29+AW29+AY29+AZ29 -> 0 | BC29: 0
AD30: =+AM30+BA30 -> 49 | AE30: - Change Spool (27x) | AH30: 49 | AM30: =SUM(AF30:AL30)+AT30+AV30+AX30 -> 49 | AR30: =SUM(AN30:AQ30) -> 0 | BA30: =+AR30+AS30+AU30+AW30+AY30+AZ30 -> 0
A32: 45937 | B32: Toilet | C32: =(M32*E32*O32*Q32)/100000000 -> 3.1998166 | D32: VP OW | E32: 13 | F32: 1 | G32: =+L32 -> 1180 | H32: =+N32 -> 0.23 | I32: 0.88 | J32: =E32*G32*(1-H32)*1440/1000000*2.74 -> 46.604638 | K32: =(IF(G32<L32,L32,G32)*(1-IF(H32<N32,H32,N32))*E32*O32*Q32)/100000000 -> 3.1998166 | L32: 1180 | M32: 908.6 | N32: =1-(M32/L32) -> 0.23 | O32: =+'Trim Rwd'!H19 -> 258 | P32: =O32*(Q32-R32-S32) -> 22962 | Q32: 105 | R32: 0 | S32: 16 | T32: =E32*M32*O32*Q32/100000000 -> 3.1998166 | U32: =E32*M32*O32*(Q32-R32-S32)/100000000 -> 2.7122255 | V32: =E32*G32*(1-N32)*O32/100*(R32+S32)/1000000 -> 0.4875911 | W32: =+'7'!K9/1000 -> 6.74 | X32: =SUM(W32:W35)/SUM(K32:K35) -> 0.96700039 | Y32: 0 | Z32: =+'5'!D33/1000 -> 1.9355814e-05 | AA32: =SUM(U32:U35)-SUM(W32:W35)-SUM(Z32:Z35)-SUM(Y32:Y35) -> -1.6657588 | AB32: =(SUM(K32:K35)-SUM(W32:W35)-SUM(Y32:Y35)-SUM(Z32:Z35)-SUM(AC32:AC35)-SUM(V32:V35))-AA32 -> 0.49433311 | AC32: =K32-T32 -> 0 | AD32: =+AM32+BA32 -> 24 | AE32: - Sheet Breaks (9x) | AF32: 24 | AM32: =SUM(AF32:AL32)+AT32+AV32+AX32 -> 24 | AR32: =SUM(AN32:AQ32) -> 0 | BA32: =+AR32+AS32+AU32+AW32+AY32+AZ32 -> 0 | BB32: 9
B33: Toilet | C33: =(M33*E33*O33*Q33)/100000000 -> 40.096472 | D33: VP OW | E33: 12.5 | F33: 1 | G33: 1230 | H33: =+N33 -> 0.23 | I33: 0.88 | J33: =E33*G33*(1-H33)*1440/1000000*2.74 -> 46.710972 | K33: =(IF(G33<L33,L33,G33)*(1-IF(H33<N33,H33,N33))*E33*O33*Q33)/100000000 -> 40.618159 | L33: 1214.2022 | M33: 934.93573 | N33: =1-(M33/L33) -> 0.23 | O33: =+'Trim Rwd'!H20 -> 257 | P33: =O33*(Q33-R33-S33) -> 325105 | Q33: 1335 | R33: 0 | S33: 70 | T33: =E33*M33*O33*Q33/100000000 -> 40.096472 | U33: =E33*M33*O33*(Q33-R33-S33)/100000000 -> 37.994035 | V33: =E33*G33*(1-N33)*O33/100*(R33+S33)/1000000 -> 2.1297911 | W33: =+'7'!K10/1000 -> 35.632 | AD33: =+AM33+BA33 -> 0 | AE33: - Change Blade (0x) | AG33: 0 | AM33: =SUM(AF33:AL33)+AT33+AV33+AX33 -> 0 | AR33: =SUM(AN33:AQ33) -> 0 | BA33: =+AR33+AS33+AU33+AW33+AY33+AZ33 -> 0 | BC33: 0
AD34: =+AM34+BA34 -> 62 | AE34: - Change Spool (28x) | AH34: 62 | AM34: =SUM(AF34:AL34)+AT34+AV34+AX34 -> 62 | AR34: =SUM(AN34:AQ34) -> 0 | BA34: =+AR34+AS34+AU34+AW34+AY34+AZ34 -> 0
A36: 45938 | B36: Toilet | C36: =(M36*E36*O36*Q36)/100000000 -> 43.456644 | D36: VP OW | E36: 12.5 | F36: 1 | G36: 1230 | H36: =+N36 -> 0.23 | I36: 0.88 | J36: =E36*G36*(1-H36)*1440/1000000*2.74 -> 46.710972 | K36: =(IF(G36<L36,L36,G36)*(1-IF(H36<N36,H36,N36))*E36*O36*Q36)/100000000 -> 43.812846 | L36: 1220 | M36: 939.4 | N36: =1-(M36/L36) -> 0.23 | O36: =+'Trim Rwd'!H22 -> 257 | P36: =O36*(Q36-R36-S36) -> 349520 | Q36: 1440 | R36: 0 | S36: 80 | T36: =E36*M36*O36*Q36/100000000 -> 43.456644 | U36: =E36*M36*O36*(Q36-R36-S36)/100000000 -> 41.042386 | V36: =E36*G36*(1-N36)*O36/100*(R36+S36)/1000000 -> 2.434047 | W36: =+'8'!K10/1000 -> 43.187 | X36: =SUM(W36:W39)/SUM(K36:K39) -> 0.98571547 | Y36: =+SUM(RBP!AG15:AG16) -> 0 | Z36: 0 | AA36: =SUM(U36:U39)-SUM(W36:W39)-SUM(Z36:Z39)-SUM(Y36:Y39) -> -2.144614 | AB36: =(SUM(K36:K39)-SUM(W36:W39)-SUM(Y36:Y39)-SUM(Z36:Z39)-SUM(AC36:AC39)-SUM(V36:V39))-AA36 -> -0.019789 | AC36: =K36-T36 -> 0.356202 | AD36: =+AM36+BA36 -> 17 | AE36: - Sheet Breaks (8x) | AF36: 17 | AM36: =SUM(AF36:AL36)+AT36+AV36+AX36 -> 17 | AR36: =SUM(AN36:AQ36) -> 0 | BA36: =+AR36+AS36+AU36+AW36+AY36+AZ36 -> 0 | BB36: 8
AD37: =+AM37+BA37 -> 14 | AE37: - Change Blade (7x) | AG37: 14 | AM37: =SUM(AF37:AL37)+AT37+AV37+AX37 -> 14 | AR37: =SUM(AN37:AQ37) -> 0 | BA37: =+AR37+AS37+AU37+AW37+AY37+AZ37 -> 0 | BC37: 7
AD38: =+AM38+BA38 -> 49 | AE38: - Change Spool (29x) | AH38: 49 | AM38: =SUM(AF38:AL38)+AT38+AV38+AX38 -> 49 | AR38: =SUM(AN38:AQ38) -> 0 | BA38: =+AR38+AS38+AU38+AW38+AY38+AZ38 -> 0
A40: 45939 | B40: Toilet | C40: =(M40*E40*O40*Q40)/100000000 -> 43.456644 | D40: VP OW | E40: 12.5 | F40: 1 | G40: 1230 | H40: =+N40 -> 0.23 | I40: 0.88 | J40: =E40*G40*(1-H40)*1440/1000000*2.74 -> 46.710972 | K40: =(IF(G40<L40,L40,G40)*(1-IF(H40<N40,H40,N40))*E40*O40*Q40)/100000000 -> 43.812846 | L40: 1220 | M40: 939.4 | N40: =1-(M40/L40) -> 0.23 | O40: =+'Trim Rwd'!H24 -> 257 | P40: =O40*(Q40-R40-S40) -> 352861 | Q40: 1440 | R40: 0 | S40: 67 | T40: =E40*M40*O40*Q40/100000000 -> 43.456644 | U40: =E40*M40*O40*(Q40-R40-S40)/100000000 -> 41.434703 | V40: =E40*G40*(1-N40)*O40/100*(R40+S40)/1000000 -> 2.0385144 | W40: =+'9'!K10/1000 -> 36.543 | X40: =SUM(W40:W43)/SUM(K40:K43) -> 0.83407045 | Y40: 0 | Z40: 0 | AA40: =SUM(U40:U43)-SUM(W40:W43)-SUM(Z40:Z43)-SUM(Y40:Y43) -> 4.8917029 | AB40: =(SUM(K40:K43)-SUM(W40:W43)-SUM(Y40:Y43)-SUM(Z40:Z43)-SUM(AC40:AC43)-SUM(V40:V43))-AA40 -> -0.016573288 | AC40: =K40-T40 -> 0.356202 | AD40: =+AM40+BA40 -> 19 | AE40: - Sheet Breaks (5x) | AF40: 19 | AM40: =SUM(AF40:AL40)+AT40+AV40+AX40 -> 19 | AR40: =SUM(AN40:AQ40) -> 0 | BA40: =+AR40+AS40+AU40+AW40+AY40+AZ40 -> 0 | BB40: 5
AD41: =+AM41+BA41 -> 12 | AE41: - Change Blade (13x) | AG41: 12 | AM41: =SUM(AF41:AL41)+AT41+AV41+AX41 -> 12 | AR41: =SUM(AN41:AQ41) -> 0 | BA41: =+AR41+AS41+AU41+AW41+AY41+AZ41 -> 0 | BC41: 13
AD42: =+AM42+BA42 -> 36 | AE42: - Change Spool (29x) | AH42: 36 | AM42: =SUM(AF42:AL42)+AT42+AV42+AX42 -> 36 | AR42: =SUM(AN42:AQ42) -> 0 | BA42: =+AR42+AS42+AU42+AW42+AY42+AZ42 -> 0
A44: 45940 | B44: Toilet | C44: =(M44*E44*O44*Q44)/100000000 -> 43.280769 | D44: VP OW | E44: 12.5 | F44: 1 | G44: 1230 | H44: =+N44 -> 0.23 | I44: 0.88 | J44: =E44*G44*(1-H44)*1440/1000000*2.74 -> 46.710972 | K44: =(IF(G44<L44,L44,G44)*(1-IF(H44<N44,H44,N44))*E44*O44*Q44)/100000000 -> 43.812846 | L44: 1215.0625 | M44: 935.59812 | N44: =1-(M44/L44) -> 0.23 | O44: =+'Trim Rwd'!H26 -> 257 | P44: =O44*(Q44-R44-S44) -> 348749 | Q44: 1440 | R44: 0 | S44: 83 | T44: =E44*M44*O44*Q44/100000000 -> 43.280769 | U44: =E44*M44*O44*(Q44-R44-S44)/100000000 -> 40.786114 | V44: =E44*G44*(1-N44)*O44/100*(R44+S44)/1000000 -> 2.5253238 | W44: =+'10'!K10/1000 -> 35.942 | X44: =SUM(W44:W47)/SUM(K44:K47) -> 0.82035301 | Y44: =+SUM(RBP!AG23:AG24) -> 0 | Z44: 0 | AA44: =SUM(U44:U47)-SUM(W44:W47)-SUM(Z44:Z47)-SUM(Y44:Y47) -> 4.8441138 | AB44: =(SUM(K44:K47)-SUM(W44:W47)-SUM(Y44:Y47)-SUM(Z44:Z47)-SUM(AC44:AC47)-SUM(V44:V47))-AA44 -> -0.030668312 | AC44: =K44-T44 -> 0.53207674 | AD44: =+AM44+BA44 -> 23 | AE44: - Sheet Breaks (6x) | AF44: 23 | AM44: =SUM(AF44:AL44)+AT44+AV44+AX44 -> 23 | AR44: =SUM(AN44:AQ44) -> 0 | BA44: =+AR44+AS44+AU44+AW44+AY44+AZ44 -> 0 | BB44: 6
AD45: =+AM45+BA45 -> 8 | AE45: - Change Blade (9x) | AG45: 8 | AM45: =SUM(AF45:AL45)+AT45+AV45+AX45 -> 8 | AR45: =SUM(AN45:AQ45) -> 0 | BA45: =+AR45+AS45+AU45+AW45+AY45+AZ45 -> 0 | BC45: 9
AD46: =+AM46+BA46 -> 52 | AE46: - Change Spool (28x) | AH46: 52 | AM46: =SUM(AF46:AL46)+AT46+AV46+AX46 -> 52 | AR46: =SUM(AN46:AQ46) -> 0 | BA46: =+AR46+AS46+AU46+AW46+AY46+AZ46 -> 0
A48: 45941 | B48: Toilet | C48: =(M48*E48*O48*Q48)/100000000 -> 37.444993 | D48: VP OW | E48: 12.5 | F48: 1 | G48: 1230 | H48: =+N48 -> 0.23 | I48: 0.88 | J48: =E48*G48*(1-H48)*1440/1000000*2.74 -> 46.710972 | K48: =(IF(G48<L48,L48,G48)*(1-IF(H48<N48,H48,N48))*E48*O48*Q48)/100000000 -> 38.640496 | L48: 1191.9449 | M48: 917.79756 | N48: =1-(M48/L48) -> 0.23 | O48: =+'Trim Rwd'!H28 -> 257 | P48: =O48*(Q48-R48-S48) -> 313540 | Q48: 1270 | R48: 0 | S48: 50 | T48: =E48*M48*O48*Q48/100000000 -> 37.444993 | U48: =E48*M48*O48*(Q48-R48-S48)/100000000 -> 35.970781 | V48: =E48*G48*(1-N48)*O48/100*(R48+S48)/1000000 -> 1.5212794 | W48: =+'11'!K10/1000 -> 36.798 | X48: =SUM(W48:W51)/SUM(K48:K51) -> 0.91753522 | Y48: =+SUM(RBP!AG27:AG28) -> 0 | Z48: 0 | AA48: =SUM(U48:U51)-SUM(W48:W51)-SUM(Z48:Z51)-SUM(Y48:Y51) -> 0.49059939 | AB48: =(SUM(K48:K51)-SUM(W48:W51)-SUM(Y48:Y51)-SUM(Z48:Z51)-SUM(AC48:AC51)-SUM(V48:V51))-AA48 -> 0.071053418 | AC48: =K48-T48 -> 1.195503 | AD48: =+AM48+BA48 -> 6 | AE48: - Sheet Breaks (3x) | AF48: 6 | AM48: =SUM(AF48:AL48)+AT48+AV48+AX48 -> 6 | AR48: =SUM(AN48:AQ48) -> 0 | BA48: =+AR48+AS48+AU48+AW48+AY48+AZ48 -> 0 | BB48: 3
B49: Toilet | C49: =(M49*E49*O49*Q49)/100000000 -> 5.0516928 | D49: VP OW | E49: 12 | F49: 1 | G49: 1230 | H49: =+N49 -> 0.23 | I49: 0.88 | J49: =E49*G49*(1-H49)*1440/1000000*2.74 -> 44.842533 | K49: =(IF(G49<L49,L49,G49)*(1-IF(H49<N49,H49,N49))*E49*O49*Q49)/100000000 -> 5.1779851 | L49: 1200 | M49: 924 | N49: =1-(M49/L49) -> 0.23 | O49: =+'Trim Rwd'!H29 -> 268 | P49: =O49*(Q49-R49-S49) -> 42612 | Q49: 170 | R49: 0 | S49: 11 | T49: =E49*M49*O49*Q49/100000000 -> 5.0516928 | U49: =E49*M49*O49*(Q49-R49-S49)/100000000 -> 4.7248186 | V49: =E49*G49*(1-N49)*O49/100*(R49+S49)/1000000 -> 0.3350461 | W49: =+'11'!K11/1000 -> 3.407 | AD49: =+AM49+BA49 -> 14 | AE49: - Change Blade (6x) | AG49: 14 | AM49: =SUM(AF49:AL49)+AT49+AV49+AX49 -> 14 | AR49: =SUM(AN49:AQ49) -> 0 | BA49: =+AR49+AS49+AU49+AW49+AY49+AZ49 -> 0 | BC49: 6
AD50: =+AM50+BA50 -> 41 | AE50: - Change Spool (27x) | AH50: 41 | AM50: =SUM(AF50:AL50)+AT50+AV50+AX50 -> 41 | AR50: =SUM(AN50:AQ50) -> 0 | BA50: =+AR50+AS50+AU50+AW50+AY50+AZ50 -> 0
A52: 45942 | B52: Toilet | C52: =(M52*E52*O52*Q52)/100000000 -> 4.3385126 | D52: VP OW | E52: 12 | F52: 1 | G52: 1230 | H52: =+N52 -> 0.23 | I52: 0.88 | J52: =E52*G52*(1-H52)*1440/1000000*2.74 -> 44.842533 | K52: =(IF(G52<L52,L52,G52)*(1-IF(H52<N52,H52,N52))*E52*O52*Q52)/100000000 -> 4.4469755 | L52: 1200 | M52: 924 | N52: =1-(M52/L52) -> 0.23 | O52: =+'Trim Rwd'!H32 -> 268 | P52: =O52*(Q52-R52-S52) -> 35644 | Q52: 146 | R52: 0 | S52: 13 | T52: =E52*M52*O52*Q52/100000000 -> 4.3385126 | U52: =E52*M52*O52*(Q52-R52-S52)/100000000 -> 3.9522067 | V52: =E52*G52*(1-N52)*O52/100*(R52+S52)/1000000 -> 0.39596357 | W52: =+'12'!K11/1000 -> 7.721 | X52: =SUM(W52:W55)/SUM(K52:K55) -> 0.8774019 | Y52: =+SUM(RBP!AG31:AG32) -> 0 | Z52: 0 | AA52: =SUM(U52:U55)-SUM(W52:W55)-SUM(Z52:Z55)-SUM(Y52:Y55) -> 0.94414352 | AB52: =(SUM(K52:K55)-SUM(W52:W55)-SUM(Y52:Y55)-SUM(Z52:Z55)-SUM(AC52:AC55)-SUM(V52:V55))-AA52 -> 1.9713223 | AC52: =K52-T52 -> 0.10846282 | AD52: =+AM52+BA52 -> 23 | AE52: - Sheet Breaks (9x) | AF52: 23 | AM52: =SUM(AF52:AL52)+AT52+AV52+AX52 -> 23 | AR52: =SUM(AN52:AQ52) -> 0 | BA52: =+AR52+AS52+AU52+AW52+AY52+AZ52 -> 0 | BB52: 9
B53: Toilet | C53: =(M53*E53*O53*Q53)/100000000 -> 39.87078 | D53: VP OW | E53: 12.5 | F53: 1 | G53: 1230 | H53: =+N53 -> 0.21 | I53: 0.88 | J53: =E53*G53*(1-H53)*1440/1000000*2.74 -> 47.924244 | K53: =(IF(G53<L53,L53,G53)*(1-IF(H53<N53,H53,N53))*E53*O53*Q53)/100000000 -> 41.965051 | L53: 1168.6167 | M53: 923.20719 | N53: =1-(M53/L53) -> 0.21 | O53: =+'Trim Rwd'!H31 -> 267 | P53: =O53*(Q53-R53-S53) -> 326808 | Q53: 1294 | R53: 0 | S53: 70 | T53: =E53*M53*O53*Q53/100000000 -> 39.87078 | U53: =E53*M53*O53*(Q53-R53-S53)/100000000 -> 37.713937 | V53: =E53*G53*(1-N53)*O53/100*(R53+S53)/1000000 -> 2.2701341 | W53: =+'12'!K10/1000 -> 33.001 | AD53: =+AM53+BA53 -> 8 | AE53: - Change Blade (0x) | AG53: 8 | AM53: =SUM(AF53:AL53)+AT53+AV53+AX53 -> 8 | AR53: =SUM(AN53:AQ53) -> 0 | BA53: =+AR53+AS53+AU53+AW53+AY53+AZ53 -> 0 | BC53: 0
AD54: =+AM54+BA54 -> 52 | AE54: - Change Spool (25x) | AH54: 52 | AM54: =SUM(AF54:AL54)+AT54+AV54+AX54 -> 52 | AR54: =SUM(AN54:AQ54) -> 0 | BA54: =+AR54+AS54+AU54+AW54+AY54+AZ54 -> 0
A56: 45943 | B56: Toilet | C56: =(M56*E56*O56*Q56)/100000000 -> 44.600902 | D56: VP OW | E56: 12.5 | F56: 1 | G56: 1230 | H56: =+N56 -> 0.21666338 | I56: 0.88 | J56: =E56*G56*(1-H56)*1440/1000000*2.74 -> 47.520019 | K56: =(IF(G56<L56,L56,G56)*(1-IF(H56<N56,H56,N56))*E56*O56*Q56)/100000000 -> 46.306004 | L56: 1184.7083 | M56: 928.02542 | N56: =1-(M56/L56) -> 0.21666338 | O56: =+'Trim Rwd'!H34 -> 267 | P56: =O56*(Q56-R56-S56) -> 360717 | Q56: 1440 | R56: 0 | S56: 89 | T56: =E56*M56*O56*Q56/100000000 -> 44.600902 | U56: =E56*M56*O56*(Q56-R56-S56)/100000000 -> 41.844318 | V56: =E56*G56*(1-N56)*O56/100*(R56+S56)/1000000 -> 2.8619683 | W56: =+'13'!K10/1000 -> 39.529 | X56: =SUM(W56:W59)/SUM(K56:K59) -> 0.8536474 | Y56: =+SUM(RBP!AG35:AG36) -> 0 | Z56: 0 | AA56: =SUM(U56:U59)-SUM(W56:W59)-SUM(Z56:Z59)-SUM(Y56:Y59) -> 2.315318 | AB56: =(SUM(K56:K59)-SUM(W56:W59)-SUM(Y56:Y59)-SUM(Z56:Z59)-SUM(AC56:AC59)-SUM(V56:V59))-AA56 -> -0.10538481 | AC56: =K56-T56 -> 1.7051025 | AD56: =+AM56+BA56 -> 38 | AE56: - Sheet Breaks (11x) | AF56: 38 | AM56: =SUM(AF56:AL56)+AT56+AV56+AX56 -> 38 | AR56: =SUM(AN56:AQ56) -> 0 | BA56: =+AR56+AS56+AU56+AW56+AY56+AZ56 -> 0 | BB56: 11
AD57: =+AM57+BA57 -> 0 | AE57: - Change Blade (0x) | AG57: 0 | AM57: =SUM(AF57:AL57)+AT57+AV57+AX57 -> 0 | AR57: =SUM(AN57:AQ57) -> 0 | BA57: =+AR57+AS57+AU57+AW57+AY57+AZ57 -> 0 | BC57: 0
AD58: =+AM58+BA58 -> 51 | AE58: - Change Spool (29x) | AH58: 51 | AM58: =SUM(AF58:AL58)+AT58+AV58+AX58 -> 51 | AR58: =SUM(AN58:AQ58) -> 0 | BA58: =+AR58+AS58+AU58+AW58+AY58+AZ58 -> 0
A60: 45944 | B60: Toilet | C60: =(M60*E60*O60*Q60)/100000000 -> 44.898179 | D60: VP OW | E60: 12.5 | F60: 1 | G60: 1230 | H60: =+N60 -> 0.21260533 | I60: 0.88 | J60: =E60*G60*(1-H60)*1440/1000000*2.74 -> 47.766196 | K60: =(IF(G60<L60,L60,G60)*(1-IF(H60<N60,H60,N60))*E60*O60*Q60)/100000000 -> 46.545891 | L60: 1186.4583 | M60: 934.21097 | N60: =1-(M60/L60) -> 0.21260533 | O60: =+'Trim Rwd'!H36 -> 267 | P60: =O60*(Q60-R60-S60) -> 362853 | Q60: 1440 | R60: 0 | S60: 81 | T60: =E60*M60*O60*Q60/100000000 -> 44.898179 | U60: =E60*M60*O60*(Q60-R60-S60)/100000000 -> 42.372657 | V60: =E60*G60*(1-N60)*O60/100*(R60+S60)/1000000 -> 2.6182064 | W60: =+'14'!K10/1000 -> 34.833 | X60: =SUM(W60:W63)/SUM(K60:K63) -> 0.74835821 | Y60: 0 | Z60: 0 | AA60: =SUM(U60:U63)-SUM(W60:W63)-SUM(Z60:Z63)-SUM(Y60:Y63) -> 7.5396567 | AB60: =(SUM(K60:K63)-SUM(W60:W63)-SUM(Y60:Y63)-SUM(Z60:Z63)-SUM(AC60:AC63)-SUM(V60:V63))-AA60 -> -0.092683796 | AC60: =K60-T60 -> 1.6477119 | AD60: =+AM60+BA60 -> 15 | AE60: - Sheet Breaks (6x) | AF60: 15 | AM60: =SUM(AF60:AL60)+AT60+AV60+AX60 -> 15 | AR60: =SUM(AN60:AQ60) -> 0 | BA60: =+AR60+AS60+AU60+AW60+AY60+AZ60 -> 0 | BB60: 6
AD61: =+AM61+BA61 -> 12 | AE61: - Change Blade (6x) | AG61: 12 | AM61: =SUM(AF61:AL61)+AT61+AV61+AX61 -> 12 | AR61: =SUM(AN61:AQ61) -> 0 | BA61: =+AR61+AS61+AU61+AW61+AY61+AZ61 -> 0 | BC61: 6
AD62: =+AM62+BA62 -> 54 | AE62: - Change Spool (28x) | AH62: 54 | AM62: =SUM(AF62:AL62)+AT62+AV62+AX62 -> 54 | AR62: =SUM(AN62:AQ62) -> 0 | BA62: =+AR62+AS62+AU62+AW62+AY62+AZ62 -> 0
A64: 45945 | B64: Toilet | C64: =(M64*E64*O64*Q64)/100000000 -> 12.149535 | D64: VP OW | E64: 12.5 | F64: 1 | G64: 1230 | H64: =+N64 -> 0.22923777 | I64: 0.88 | J64: =E64*G64*(1-H64)*1440/1000000*2.74 -> 46.757211 | K64: =(IF(G64<L64,L64,G64)*(1-IF(H64<N64,H64,N64))*E64*O64*Q64)/100000000 -> 12.656301 | L64: 1180.75 | M64: 910.0775 | N64: =1-(M64/L64) -> 0.22923777 | O64: =+'Trim Rwd'!H38 -> 267 | P64: =O64*(Q64-R64-S64) -> 97989 | Q64: 400 | R64: 0 | S64: 33 | T64: =E64*M64*O64*Q64/100000000 -> 12.149535 | U64: =E64*M64*O64*(Q64-R64-S64)/100000000 -> 11.147198 | V64: =E64*G64*(1-N64)*O64/100*(R64+S64)/1000000 -> 1.0441448 | W64: =+'15'!K10/1000 -> 15.006 | X64: =SUM(W64:W67)/SUM(K64:K67) -> 0.77149255 | Y64: =+SUM(RBP!AG43:AG44) -> 0 | Z64: 0 | AA64: =SUM(U64:U67)-SUM(W64:W67)-SUM(Z64:Z67)-SUM(Y64:Y67) -> 3.8370858 | AB64: =(SUM(K64:K67)-SUM(W64:W67)-SUM(Y64:Y67)-SUM(Z64:Z67)-SUM(AC64:AC67)-SUM(V64:V67))-AA64 -> 0.6285121 | AC64: =K64-T64 -> 0.50676653 | AD64: =+AM64+BA64 -> 18 | AE64: - Sheet Breaks (6x) | AF64: 18 | AM64: =SUM(AF64:AL64)+AT64+AV64+AX64 -> 18 | AR64: =SUM(AN64:AQ64) -> 0 | BA64: =+AR64+AS64+AU64+AW64+AY64+AZ64 -> 0 | BB64: 6
B65: Facial | C65: =(M65*E65*O65*Q65)/100000000 -> 31.513138 | D65: VP OW | E65: 12.5 | F65: 1 | G65: 1230 | H65: =+N65 -> 0.23082506 | I65: 0.88 | J65: =E65*G65*(1-H65)*1440/1000000*2.74 -> 46.660921 | K65: =(IF(G65<L65,L65,G65)*(1-IF(H65<N65,H65,N65))*E65*O65*Q65)/100000000 -> 32.285157 | L65: 1200.5876 | M65: 923.46191 | N65: =1-(M65/L65) -> 0.23082506 | O65: =+'Trim Rwd'!H39 -> 262.5 | P65: =O65*(Q65-R65-S65) -> 237037.5 | Q65: =953+87 -> 1040 | R65: 87 | S65: 50 | T65: =E65*M65*O65*Q65/100000000 -> 31.513138 | U65: =E65*M65*O65*(Q65-R65-S65)/100000000 -> 27.361888 | V65: =E65*G65*(1-N65)*O65/100*(R65+S65)/1000000 -> 4.2529485 | W65: =+'15'!K8/1000 -> 19.666 | AD65: =+AM65+BA65 -> 6 | AE65: - Change Blade (2x) | AG65: 6 | AM65: =SUM(AF65:AL65)+AT65+AV65+AX65 -> 6 | AR65: =SUM(AN65:AQ65) -> 0 | BA65: =+AR65+AS65+AU65+AW65+AY65+AZ65 -> 0 | BC65: 2
AD66: =+AM66+BA66 -> 59 | AE66: - Change Spool (28x) | AH66: 59 | AM66: =SUM(AF66:AL66)+AT66+AV66+AX66 -> 59 | AR66: =SUM(AN66:AQ66) -> 0 | BA66: =+AR66+AS66+AU66+AW66+AY66+AZ66 -> 0
AD67: =+AM67+BA67 -> 87 | AE67: - 20:17 pm trip ( info EID ) | AM67: =SUM(AF67:AL67)+AT67+AV67+AX67 -> 0 | AP67: 87 | AR67: =SUM(AN67:AQ67) -> 87 | BA67: =+AR67+AS67+AU67+AW67+AY67+AZ67 -> 87
A69: 45946 | B69: Facial | C69: =(M69*E69*O69*Q69)/100000000 -> 24.180865 | D69: VP OW | E69: 12.5 | F69: 1 | G69: 1230 | H69: =+N69 -> 0.23 | I69: 0.88 | J69: =E69*G69*(1-H69)*1440/1000000*2.74 -> 46.710972 | K69: =(IF(G69<L69,L69,G69)*(1-IF(H69<N69,H69,N69))*E69*O69*Q69)/100000000 -> 24.275751 | L69: 1225.1923 | M69: 943.39808 | N69: =1-(M69/L69) -> 0.23 | O69: =+'Trim Rwd'!H42 -> 262.88889 | P69: =O69*(Q69-R69-S69) -> 196903.78 | Q69: 780 | R69: 0 | S69: 31 | T69: =E69*M69*O69*Q69/100000000 -> 24.180865 | U69: =E69*M69*O69*(Q69-R69-S69)/100000000 -> 23.219831 | V69: =E69*G69*(1-N69)*O69/100*(R69+S69)/1000000 -> 0.96480551 | W69: =+'16'!K8/1000 -> 24.206 | X69: =SUM(W69:W72)/SUM(K69:K72) -> 0.84942606 | Y69: =+SUM(RBP!AG48:AG49) -> 0 | Z69: =+'16'!D16/1000 -> 0.25 | AA69: =SUM(U69:U72)-SUM(W69:W72)-SUM(Z69:Z72)-SUM(Y69:Y72) -> 4.2922431 | AB69: =(SUM(K69:K72)-SUM(W69:W72)-SUM(Y69:Y72)-SUM(Z69:Z72)-SUM(AC69:AC72)-SUM(V69:V72))-AA69 -> -0.0037711285 | AC69: =K69-T69 -> 0.094886458 | AD69: =+AM69+BA69 -> 21 | AE69: - Sheet Breaks (6x) | AF69: 21 | AM69: =SUM(AF69:AL69)+AT69+AV69+AX69 -> 21 | AR69: =SUM(AN69:AQ69) -> 0 | BA69: =+AR69+AS69+AU69+AW69+AY69+AZ69 -> 0 | BB69: 6
B70: Facial | C70: =(M70*E70*O70*Q70)/100000000 -> 20.965384 | D70: VP OW | E70: 13 | F70: 1 | G70: 1230 | H70: =+N70 -> 0.23 | I70: 0.88 | J70: =E70*G70*(1-H70)*1440/1000000*2.74 -> 48.579411 | K70: =(IF(G70<L70,L70,G70)*(1-IF(H70<N70,H70,N70))*E70*O70*Q70)/100000000 -> 20.965384 | L70: 1230 | M70: 947.1 | N70: =1-(M70/L70) -> 0.23 | O70: =+'Trim Rwd'!H44 -> 258 | P70: =O70*(Q70-R70-S70) -> 162540 | Q70: 660 | R70: 0 | S70: 30 | T70: =E70*M70*O70*Q70/100000000 -> 20.965384 | U70: =E70*M70*O70*(Q70-R70-S70)/100000000 -> 20.012412 | V70: =E70*G70*(1-N70)*O70/100*(R70+S70)/1000000 -> 0.95297202 | W70: =+'16'!K12/1000 -> 14.223 | Z70: =+'16'!D25/1000 -> 0.261 | AD70: =+AM70+BA70 -> 10 | AE70: - Change Blade (5x) | AG70: 10 | AM70: =SUM(AF70:AL70)+AT70+AV70+AX70 -> 10 | AR70: =SUM(AN70:AQ70) -> 0 | BA70: =+AR70+AS70+AU70+AW70+AY70+AZ70 -> 0 | BC70: 5
AD71: =+AM71+BA71 -> 30 | AE71: - Change Spool (28x) | AH71: 30 | AM71: =SUM(AF71:AL71)+AT71+AV71+AX71 -> 30 | AR71: =SUM(AN71:AQ71) -> 0 | BA71: =+AR71+AS71+AU71+AW71+AY71+AZ71 -> 0
A73: 45947 | B73: Facial | C73: =(M73*E73*O73*Q73)/100000000 -> 4.075915 | D73: VP OW | E73: 13 | F73: 1 | G73: 1230 | H73: =+N73 -> 0.24 | I73: 0.88 | J73: =E73*G73*(1-H73)*1440/1000000*2.74 -> 47.948509 | K73: =(IF(G73<L73,L73,G73)*(1-IF(H73<N73,H73,N73))*E73*O73*Q73)/100000000 -> 4.075915 | L73: 1230 | M73: 934.8 | N73: =1-(M73/L73) -> 0.24 | O73: =+'Trim Rwd'!H46 -> 258 | P73: =O73*(Q73-R73-S73) -> 30702 | Q73: 130 | R73: 0 | S73: 11 | T73: =E73*M73*O73*Q73/100000000 -> 4.075915 | U73: =E73*M73*O73*(Q73-R73-S73)/100000000 -> 3.7310298 | V73: =E73*G73*(1-N73)*O73/100*(R73+S73)/1000000 -> 0.34488511 | W73: =+'17'!K12/1000 -> 13.881 | X73: =SUM(W73:W76)/SUM(K73:K76) -> 0.86844313 | Y73: =+SUM(RBP!AG52:AG53) -> 0 | Z73: =+'16'!D20/1000 -> 0 | AA73: =SUM(U73:U76)-SUM(W73:W76)-SUM(Z73:Z76)-SUM(Y73:Y76) -> 2.369705 | AB73: =(SUM(K73:K76)-SUM(W73:W76)-SUM(Y73:Y76)-SUM(Z73:Z76)-SUM(AC73:AC76)-SUM(V73:V76))-AA73 -> 0.27569529 | AC73: =K73-T73 -> 0 | AD73: =+AM73+BA73 -> 0 | AE73: - Sheet Breaks (0x) | AF73: 0 | AM73: =SUM(AF73:AL73)+AT73+AV73+AX73 -> 0 | AR73: =SUM(AN73:AQ73) -> 0 | BA73: =+AR73+AS73+AU73+AW73+AY73+AZ73 -> 0 | BB73: 0
B74: Facial | C74: =(M74*E74*O74*Q74)/100000000 -> 13.498351 | D74: VP OW | E74: 11 | F74: 1 | G74: 1230 | H74: =+N74 -> 0.22699659 | I74: 0.88 | J74: =E74*G74*(1-H74)*1440/1000000*2.74 -> 41.265989 | K74: =(IF(G74<L74,L74,G74)*(1-IF(H74<N74,H74,N74))*E74*O74*Q74)/100000000 -> 13.599704 | L74: 1220.8333 | M74: 943.70833 | N74: =1-(M74/L74) -> 0.22699659 | O74: =+'Trim Rwd'!H47 -> 258 | P74: =O74*(Q74-R74-S74) -> 122292 | Q74: 504 | R74: 0 | S74: 30 | T74: =E74*M74*O74*Q74/100000000 -> 13.498351 | U74: =E74*M74*O74*(Q74-R74-S74)/100000000 -> 12.694878 | V74: =E74*G74*(1-N74)*O74/100*(R74+S74)/1000000 -> 0.80950618 | W74: =+'17'!K13/1000 -> 11.154 | Z74: =+'16'!D29/1000 -> 0 | AD74: =+AM74+BA74 -> 40 | AE74: - Change Blade (15x) | AG74: 40 | AM74: =SUM(AF74:AL74)+AT74+AV74+AX74 -> 40 | AR74: =SUM(AN74:AQ74) -> 0 | BA74: =+AR74+AS74+AU74+AW74+AY74+AZ74 -> 0 | BC74: 15
B75: Facial | C75: =(M75*E75*O75*Q75)/100000000 -> 23.461207 | D75: VP OW | E75: 12 | F75: 1 | G75: 1230 | H75: =+N75 -> 0.23 | I75: 0.88 | J75: =E75*G75*(1-H75)*1440/1000000*2.74 -> 44.842533 | K75: =(IF(G75<L75,L75,G75)*(1-IF(H75<N75,H75,N75))*E75*O75*Q75)/100000000 -> 23.653512 | L75: 1220 | M75: 939.4 | N75: =1-(M75/L75) -> 0.23 | O75: =+'Trim Rwd'!H48 -> 258.21622 | P75: =O75*(Q75-R75-S75) -> 195211.46 | Q75: 806 | R75: 0 | S75: =91-S73-S74 -> 50 | T75: =E75*M75*O75*Q75/100000000 -> 23.461207 | U75: =E75*M75*O75*(Q75-R75-S75)/100000000 -> 22.005797 | V75: =E75*G75*(1-N75)*O75/100*(R75+S75)/1000000 -> 1.4673395 | W75: =+'17'!K7/1000 -> 10.857 | Z75: =+'17'!D25/1000 -> 0.17 | AD75: =+AM75+BA75 -> 51 | AE75: - Change Spool (31x) | AH75: 51 | AM75: =SUM(AF75:AL75)+AT75+AV75+AX75 -> 51 | AR75: =SUM(AN75:AQ75) -> 0 | BA75: =+AR75+AS75+AU75+AW75+AY75+AZ75 -> 0
A77: 45948 | B77: Facial | C77: =(M77*E77*O77*Q77)/100000000 -> 42.225304 | D77: VP OW | E77: 12 | F77: 1 | G77: 1230 | H77: =+N77 -> 0.23 | I77: 0.88 | J77: =E77*G77*(1-H77)*1440/1000000*2.74 -> 44.842533 | K77: =(IF(G77<L77,L77,G77)*(1-IF(H77<N77,H77,N77))*E77*O77*Q77)/100000000 -> 42.455415 | L77: 1223.3333 | M77: 941.96667 | N77: =1-(M77/L77) -> 0.23 | O77: =+'Trim Rwd'!H51 -> 259.41406 | P77: =O77*(Q77-R77-S77) -> 354100.2 | Q77: 1440 | R77: 0 | S77: 75 | T77: =E77*M77*O77*Q77/100000000 -> 42.225304 | U77: =E77*M77*O77*(Q77-R77-S77)/100000000 -> 40.02607 | V77: =E77*G77*(1-N77)*O77/100*(R77+S77)/1000000 -> 2.2112195 | W77: =+'18'!K7/1000 -> 27.89 | X77: =SUM(W77:W80)/SUM(K77:K80) -> 0.8309423 | Y77: =+SUM(RBP!AG56:AG57) -> 0 | Z77: =+'16'!D24/1000 -> 1.9823963e-05 | AA77: =SUM(U77:U80)-SUM(W77:W80)-SUM(Z77:Z80)-SUM(Y77:Y80) -> 4.7480304 | AB77: =(SUM(K77:K80)-SUM(W77:W80)-SUM(Y77:Y80)-SUM(Z77:Z80)-SUM(AC77:AC80)-SUM(V77:V80))-AA77 -> -0.01198493 | AC77: =K77-T77 -> 0.23011065 | AD77: =+AM77+BA77 -> 15 | AE77: - Sheet Breaks (6x) | AF77: 15 | AM77: =SUM(AF77:AL77)+AT77+AV77+AX77 -> 15 | AR77: =SUM(AN77:AQ77) -> 0 | BA77: =+AR77+AS77+AU77+AW77+AY77+AZ77 -> 0 | BB77: 6
B78: Facial | E78: 13 | W78: =+'18'!K12/1000 -> 7.388 | Z78: =+'16'!D33/1000 -> 1.9476158e-05 | AD78: =+AM78+BA78 -> 0 | AE78: - Change Blade (0x) | AG78: 0 | AM78: =SUM(AF78:AL78)+AT78+AV78+AX78 -> 0 | AR78: =SUM(AN78:AQ78) -> 0 | BA78: =+AR78+AS78+AU78+AW78+AY78+AZ78 -> 0 | BC78: 0
AD79: =+AM79+BA79 -> 60 | AE79: - Change Spool (27x) | AH79: 60 | AM79: =SUM(AF79:AL79)+AT79+AV79+AX79 -> 60 | AR79: =SUM(AN79:AQ79) -> 0 | BA79: =+AR79+AS79+AU79+AW79+AY79+AZ79 -> 0
A81: 45949 | B81: Facial | C81: =(M81*E81*O81*Q81)/100000000 -> 42.727608 | D81: VP OW | E81: 12 | F81: 1 | G81: 1230 | H81: =+N81 -> 0.23 | I81: 0.88 | J81: =E81*G81*(1-H81)*1440/1000000*2.74 -> 44.842533 | K81: =(IF(G81<L81,L81,G81)*(1-IF(H81<N81,H81,N81))*E81*O81*Q81)/100000000 -> 42.960456 | L81: 1223.3333 | M81: 941.96667 | N81: =1-(M81/L81) -> 0.23 | O81: =+'Trim Rwd'!H55 -> 262.5 | P81: =O81*(Q81-R81-S81) -> 6825 | Q81: 1440 | R81: 1414 | S81: 0 | T81: =E81*M81*O81*Q81/100000000 -> 42.727608 | U81: =E81*M81*O81*(Q81-R81-S81)/100000000 -> 0.7714707 | V81: =E81*G81*(1-N81)*O81/100*(R81+S81)/1000000 -> 42.184781 | W81: =+'19'!K7/1000 -> 2.821 | X81: =SUM(W81:W84)/SUM(K81:K84) -> 0.065665039 | Y81: 0 | Z81: =+'19'!D7/1000 -> 0.26 | AA81: =SUM(U81:U84)-SUM(W81:W84)-SUM(Z81:Z84)-SUM(Y81:Y84) -> -2.3095293 | AB81: =(SUM(K81:K84)-SUM(W81:W84)-SUM(Y81:Y84)-SUM(Z81:Z84)-SUM(AC81:AC84)-SUM(V81:V84))-AA81 -> -0.2286438 | AC81: =K81-T81 -> 0.232848 | AD81: =+AM81+BA81 -> 0 | AE81: - Sheet Breaks (0x) | AF81: 0 | AM81: =SUM(AF81:AL81)+AT81+AV81+AX81 -> 0 | AR81: =SUM(AN81:AQ81) -> 0 | BA81: =+AR81+AS81+AU81+AW81+AY81+AZ81 -> 0 | BB81: 0
AD82: =+AM82+BA82 -> 0 | AE82: - Change Blade (0x) | AG82: 0 | AM82: =SUM(AF82:AL82)+AT82+AV82+AX82 -> 0 | AR82: =SUM(AN82:AQ82) -> 0 | BA82: =+AR82+AS82+AU82+AW82+AY82+AZ82 -> 0 | BC82: 0
AD83: =+AM83+BA83 -> 0 | AE83: - Change Spool (0x) | AH83: 0 | AM83: =SUM(AF83:AL83)+AT83+AV83+AX83 -> 0 | AR83: =SUM(AN83:AQ83) -> 0 | BA83: =+AR83+AS83+AU83+AW83+AY83+AZ83 -> 0
AD84: =+AM84+BA84 -> 1414 | AE84: 7:26 pm stop persiapan grinding yankee | AM84: =SUM(AF84:AL84)+AT84+AV84+AX84 -> 0 | AR84: =SUM(AN84:AQ84) -> 0 | AZ84: 1414 | BA84: =+AR84+AS84+AU84+AW84+AY84+AZ84 -> 1414
A86: 45950 | B86: STOP | C86: =(M86*E86*O86*Q86)/100000000 -> 42.727608 | D86: VP OW | E86: 12 | F86: 1 | G86: 1230 | H86: =+N86 -> 0.23 | I86: 0.88 | J86: =E86*G86*(1-H86)*1440/1000000*2.74 -> 44.842533 | K86: =(IF(G86<L86,L86,G86)*(1-IF(H86<N86,H86,N86))*E86*O86*Q86)/100000000 -> 42.960456 | L86: 1223.3333 | M86: 941.96667 | N86: =1-(M86/L86) -> 0.23 | O86: =+'Trim Rwd'!H57 -> 262.5 | P86: =O86*(Q86-R86-S86) -> 0 | Q86: 1440 | R86: 1440 | S86: 0 | T86: =E86*M86*O86*Q86/100000000 -> 42.727608 | U86: =E86*M86*O86*(Q86-R86-S86)/100000000 -> 0 | V86: =E86*G86*(1-N86)*O86/100*(R86+S86)/1000000 -> 42.960456 | W86: =+'19'!K12/1000 -> 0 | X86: =SUM(W86:W89)/SUM(K86:K89) -> 0 | Y86: =+'19'!D12/1000 -> 0 | Z86: =+'19'!D12/1000 -> 0 | AA86: =SUM(U86:U89)-SUM(W86:W89)-SUM(Z86:Z89)-SUM(Y86:Y89) -> 0 | AB86: =(SUM(K86:K89)-SUM(W86:W89)-SUM(Y86:Y89)-SUM(Z86:Z89)-SUM(AC86:AC89)-SUM(V86:V89))-AA86 -> -0.232848 | AC86: =K86-T86 -> 0.232848 | AD86: =+AM86+BA86 -> 0 | AE86: - Sheet Breaks (0x) | AF86: 0 | AM86: =SUM(AF86:AL86)+AT86+AV86+AX86 -> 0 | AR86: =SUM(AN86:AQ86) -> 0 | BA86: =+AR86+AS86+AU86+AW86+AY86+AZ86 -> 0 | BB86: 0
AD87: =+AM87+BA87 -> 0 | AE87: - Change Blade (0x) | AG87: 0 | AM87: =SUM(AF87:AL87)+AT87+AV87+AX87 -> 0 | AR87: =SUM(AN87:AQ87) -> 0 | BA87: =+AR87+AS87+AU87+AW87+AY87+AZ87 -> 0 | BC87: 0
AD88: =+AM88+BA88 -> 0 | AE88: - Change Spool (0x) | AH88: 0 | AM88: =SUM(AF88:AL88)+AT88+AV88+AX88 -> 0 | AR88: =SUM(AN88:AQ88) -> 0 | BA88: =+AR88+AS88+AU88+AW88+AY88+AZ88 -> 0
AD89: =+AM89+BA89 -> 1440 | AE89: 7:26 pm stop persiapan grinding yankee | AM89: =SUM(AF89:AL89)+AT89+AV89+AX89 -> 0 | AR89: =SUM(AN89:AQ89) -> 0 | AZ89: 1440 | BA89: =+AR89+AS89+AU89+AW89+AY89+AZ89 -> 1440
A91: 45951 | B91: STOP | C91: =(M91*E91*O91*Q91)/100000000 -> 42.727608 | D91: VP OW | E91: 12 | F91: 1 | G91: 1230 | H91: =+N91 -> 0.23 | I91: 0.88 | J91: =E91*G91*(1-H91)*1440/1000000*2.74 -> 44.842533 | K91: =(IF(G91<L91,L91,G91)*(1-IF(H91<N91,H91,N91))*E91*O91*Q91)/100000000 -> 42.960456 | L91: 1223.3333 | M91: 941.96667 | N91: =1-(M91/L91) -> 0.23 | O91: =+'Trim Rwd'!H59 -> 262.5 | P91: =O91*(Q91-R91-S91) -> 0 | Q91: 1440 | R91: 1440 | S91: 0 | T91: =E91*M91*O91*Q91/100000000 -> 42.727608 | U91: =E91*M91*O91*(Q91-R91-S91)/100000000 -> 0 | V91: =E91*G91*(1-N91)*O91/100*(R91+S91)/1000000 -> 42.960456 | W91: =+'19'!K17/1000 -> 0 | X91: =SUM(W91:W94)/SUM(K91:K94) -> 0 | Y91: =+'19'!D17/1000 -> 0 | Z91: =+'19'!D17/1000 -> 0 | AA91: =SUM(U91:U94)-SUM(W91:W94)-SUM(Z91:Z94)-SUM(Y91:Y94) -> 0 | AB91: =(SUM(K91:K94)-SUM(W91:W94)-SUM(Y91:Y94)-SUM(Z91:Z94)-SUM(AC91:AC94)-SUM(V91:V94))-AA91 -> -0.232848 | AC91: =K91-T91 -> 0.232848 | AD91: =+AM91+BA91 -> 0 | AE91: - Sheet Breaks (0x) | AF91: 0 | AM91: =SUM(AF91:AL91)+AT91+AV91+AX91 -> 0 | AR91: =SUM(AN91:AQ91) -> 0 | BA91: =+AR91+AS91+AU91+AW91+AY91+AZ91 -> 0 | BB91: 0
AD92: =+AM92+BA92 -> 0 | AE92: - Change Blade (0x) | AG92: 0 | AM92: =SUM(AF92:AL92)+AT92+AV92+AX92 -> 0 | AR92: =SUM(AN92:AQ92) -> 0 | BA92: =+AR92+AS92+AU92+AW92+AY92+AZ92 -> 0 | BC92: 0
AD93: =+AM93+BA93 -> 0 | AE93: - Change Spool (0x) | AH93: 0 | AM93: =SUM(AF93:AL93)+AT93+AV93+AX93 -> 0 | AR93: =SUM(AN93:AQ93) -> 0 | BA93: =+AR93+AS93+AU93+AW93+AY93+AZ93 -> 0
AD94: =+AM94+BA94 -> 1440 | AE94: - PM stop persiapan grinding yankee | AM94: =SUM(AF94:AL94)+AT94+AV94+AX94 -> 0 | AR94: =SUM(AN94:AQ94) -> 0 | AZ94: 1440 | BA94: =+AR94+AS94+AU94+AW94+AY94+AZ94 -> 1440
A96: 45952 | B96: STOP | C96: =(M96*E96*O96*Q96)/100000000 -> 42.727608 | D96: VP OW | E96: 12 | F96: 1 | G96: 1230 | H96: =+N96 -> 0.23 | I96: 0.88 | J96: =E96*G96*(1-H96)*1440/1000000*2.74 -> 44.842533 | K96: =(IF(G96<L96,L96,G96)*(1-IF(H96<N96,H96,N96))*E96*O96*Q96)/100000000 -> 42.960456 | L96: 1223.3333 | M96: 941.96667 | N96: =1-(M96/L96) -> 0.23 | O96: =+'Trim Rwd'!H61 -> 262.5 | P96: =O96*(Q96-R96-S96) -> 0 | Q96: 1440 | R96: 1440 | S96: 0 | T96: =E96*M96*O96*Q96/100000000 -> 42.727608 | U96: =E96*M96*O96*(Q96-R96-S96)/100000000 -> 0 | V96: =E96*G96*(1-N96)*O96/100*(R96+S96)/1000000 -> 42.960456 | W96: =+'19'!K22/1000 -> 0 | X96: =SUM(W96:W99)/SUM(K96:K99) -> 0 | Y96: =+'19'!D22/1000 -> 0 | Z96: =+'19'!D22/1000 -> 0 | AA96: =SUM(U96:U99)-SUM(W96:W99)-SUM(Z96:Z99)-SUM(Y96:Y99) -> 0 | AB96: =(SUM(K96:K99)-SUM(W96:W99)-SUM(Y96:Y99)-SUM(Z96:Z99)-SUM(AC96:AC99)-SUM(V96:V99))-AA96 -> -0.232848 | AC96: =K96-T96 -> 0.232848 | AD96: =+AM96+BA96 -> 0 | AE96: - Sheet Breaks (0x) | AF96: 0 | AM96: =SUM(AF96:AL96)+AT96+AV96+AX96 -> 0 | AR96: =SUM(AN96:AQ96) -> 0 | BA96: =+AR96+AS96+AU96+AW96+AY96+AZ96 -> 0 | BB96: 0
AD97: =+AM97+BA97 -> 0 | AE97: - Change Blade (0x) | AG97: 0 | AM97: =SUM(AF97:AL97)+AT97+AV97+AX97 -> 0 | AR97: =SUM(AN97:AQ97) -> 0 | BA97: =+AR97+AS97+AU97+AW97+AY97+AZ97 -> 0 | BC97: 0
AD98: =+AM98+BA98 -> 0 | AE98: - Change Spool (0x) | AH98: 0 | AM98: =SUM(AF98:AL98)+AT98+AV98+AX98 -> 0 | AR98: =SUM(AN98:AQ98) -> 0 | BA98: =+AR98+AS98+AU98+AW98+AY98+AZ98 -> 0
AD99: =+AM99+BA99 -> 1440 | AE99: - PM stop persiapan grinding yankee | AM99: =SUM(AF99:AL99)+AT99+AV99+AX99 -> 0 | AR99: =SUM(AN99:AQ99) -> 0 | AZ99: 1440 | BA99: =+AR99+AS99+AU99+AW99+AY99+AZ99 -> 1440
A101: 45953 | B101: STOP | C101: =(M101*E101*O101*Q101)/100000000 -> 42.727608 | D101: VP OW | E101: 12 | F101: 1 | G101: 1230 | H101: =+N101 -> 0.23 | I101: 0.88 | J101: =E101*G101*(1-H101)*1440/1000000*2.74 -> 44.842533 | K101: =(IF(G101<L101,L101,G101)*(1-IF(H101<N101,H101,N101))*E101*O101*Q101)/100000000 -> 42.960456 | L101: 1223.3333 | M101: 941.96667 | N101: =1-(M101/L101) -> 0.23 | O101: =+'Trim Rwd'!H63 -> 262.5 | P101: =O101*(Q101-R101-S101) -> 0 | Q101: 1440 | R101: 1440 | S101: 0 | T101: =E101*M101*O101*Q101/100000000 -> 42.727608 | U101: =E101*M101*O101*(Q101-R101-S101)/100000000 -> 0 | V101: =E101*G101*(1-N101)*O101/100*(R101+S101)/1000000 -> 42.960456 | W101: =+'19'!K27/1000 -> 0 | X101: =SUM(W101:W104)/SUM(K101:K104) -> 0 | Y101: =+'19'!D27/1000 -> 0 | Z101: =+'19'!D27/1000 -> 0 | AA101: =SUM(U101:U104)-SUM(W101:W104)-SUM(Z101:Z104)-SUM(Y101:Y104) -> 0 | AB101: =(SUM(K101:K104)-SUM(W101:W104)-SUM(Y101:Y104)-SUM(Z101:Z104)-SUM(AC101:AC104)-SUM(V101:V104))-AA101 -> -0.232848 | AC101: =K101-T101 -> 0.232848 | AD101: =+AM101+BA101 -> 0 | AE101: - Sheet Breaks (0x) | AF101: 0 | AM101: =SUM(AF101:AL101)+AT101+AV101+AX101 -> 0 | AR101: =SUM(AN101:AQ101) -> 0 | BA101: =+AR101+AS101+AU101+AW101+AY101+AZ101 -> 0 | BB101: 0
AD102: =+AM102+BA102 -> 0 | AE102: - Change Blade (0x) | AG102: 0 | AM102: =SUM(AF102:AL102)+AT102+AV102+AX102 -> 0 | AR102: =SUM(AN102:AQ102) -> 0 | BA102: =+AR102+AS102+AU102+AW102+AY102+AZ102 -> 0 | BC102: 0
AD103: =+AM103+BA103 -> 0 | AE103: - Change Spool (0x) | AH103: 0 | AM103: =SUM(AF103:AL103)+AT103+AV103+AX103 -> 0 | AR103: =SUM(AN103:AQ103) -> 0 | BA103: =+AR103+AS103+AU103+AW103+AY103+AZ103 -> 0
AD104: =+AM104+BA104 -> 1440 | AE104: - PM stop persiapan grinding yankee | AM104: =SUM(AF104:AL104)+AT104+AV104+AX104 -> 0 | AR104: =SUM(AN104:AQ104) -> 0 | AZ104: 1440 | BA104: =+AR104+AS104+AU104+AW104+AY104+AZ104 -> 1440
A106: 45954 | B106: STOP | C106: =(M106*E106*O106*Q106)/100000000 -> 42.727608 | D106: VP OW | E106: 12 | F106: 1 | G106: 1230 | H106: =+N106 -> 0.23 | I106: 0.88 | J106: =E106*G106*(1-H106)*1440/1000000*2.74 -> 44.842533 | K106: =(IF(G106<L106,L106,G106)*(1-IF(H106<N106,H106,N106))*E106*O106*Q106)/100000000 -> 42.960456 | L106: 1223.3333 | M106: 941.96667 | N106: =1-(M106/L106) -> 0.23 | O106: =+'Trim Rwd'!H65 -> 262.5 | P106: =O106*(Q106-R106-S106) -> 0 | Q106: 1440 | R106: 1440 | S106: 0 | T106: =E106*M106*O106*Q106/100000000 -> 42.727608 | U106: =E106*M106*O106*(Q106-R106-S106)/100000000 -> 0 | V106: =E106*G106*(1-N106)*O106/100*(R106+S106)/1000000 -> 42.960456 | W106: =+'19'!K32/1000 -> 0 | X106: =SUM(W106:W109)/SUM(K106:K109) -> 0 | Y106: =+'19'!D32/1000 -> 0 | Z106: =+'19'!D32/1000 -> 0 | AA106: =SUM(U106:U109)-SUM(W106:W109)-SUM(Z106:Z109)-SUM(Y106:Y109) -> 0 | AB106: =(SUM(K106:K109)-SUM(W106:W109)-SUM(Y106:Y109)-SUM(Z106:Z109)-SUM(AC106:AC109)-SUM(V106:V109))-AA106 -> -0.232848 | AC106: =K106-T106 -> 0.232848 | AD106: =+AM106+BA106 -> 0 | AE106: - Sheet Breaks (0x) | AF106: 0 | AM106: =SUM(AF106:AL106)+AT106+AV106+AX106 -> 0 | AR106: =SUM(AN106:AQ106) -> 0 | BA106: =+AR106+AS106+AU106+AW106+AY106+AZ106 -> 0 | BB106: 0
AD107: =+AM107+BA107 -> 0 | AE107: - Change Blade (0x) | AG107: 0 | AM107: =SUM(AF107:AL107)+AT107+AV107+AX107 -> 0 | AR107: =SUM(AN107:AQ107) -> 0 | BA107: =+AR107+AS107+AU107+AW107+AY107+AZ107 -> 0 | BC107: 0
AD108: =+AM108+BA108 -> 0 | AE108: - Change Spool (0x) | AH108: 0 | AM108: =SUM(AF108:AL108)+AT108+AV108+AX108 -> 0 | AR108: =SUM(AN108:AQ108) -> 0 | BA108: =+AR108+AS108+AU108+AW108+AY108+AZ108 -> 0
AD109: =+AM109+BA109 -> 1440 | AE109: - PM stop persiapan grinding yankee | AM109: =SUM(AF109:AL109)+AT109+AV109+AX109 -> 0 | AR109: =SUM(AN109:AQ109) -> 0 | AZ109: 1440 | BA109: =+AR109+AS109+AU109+AW109+AY109+AZ109 -> 1440
A111: 45955 | B111: STOP | C111: =(M111*E111*O111*Q111)/100000000 -> 42.727608 | D111: VP OW | E111: 12 | F111: 1 | G111: 1230 | H111: =+N111 -> 0.23 | I111: 0.88 | J111: =E111*G111*(1-H111)*1440/1000000*2.74 -> 44.842533 | K111: =(IF(G111<L111,L111,G111)*(1-IF(H111<N111,H111,N111))*E111*O111*Q111)/100000000 -> 42.960456 | L111: 1223.3333 | M111: 941.96667 | N111: =1-(M111/L111) -> 0.23 | O111: =+'Trim Rwd'!H67 -> 262.5 | P111: =O111*(Q111-R111-S111) -> 0 | Q111: 1440 | R111: 1440 | S111: 0 | T111: =E111*M111*O111*Q111/100000000 -> 42.727608 | U111: =E111*M111*O111*(Q111-R111-S111)/100000000 -> 0 | V111: =E111*G111*(1-N111)*O111/100*(R111+S111)/1000000 -> 42.960456 | W111: 0 | X111: =SUM(W111:W114)/SUM(K111:K114) -> 0 | Y111: 0 | Z111: 0 | AA111: =SUM(U111:U114)-SUM(W111:W114)-SUM(Z111:Z114)-SUM(Y111:Y114) -> 0 | AB111: =(SUM(K111:K114)-SUM(W111:W114)-SUM(Y111:Y114)-SUM(Z111:Z114)-SUM(AC111:AC114)-SUM(V111:V114))-AA111 -> -0.232848 | AC111: =K111-T111 -> 0.232848 | AD111: =+AM111+BA111 -> 0 | AE111: - Sheet Breaks (0x) | AF111: 0 | AM111: =SUM(AF111:AL111)+AT111+AV111+AX111 -> 0 | AR111: =SUM(AN111:AQ111) -> 0 | BA111: =+AR111+AS111+AU111+AW111+AY111+AZ111 -> 0 | BB111: 0
AD112: =+AM112+BA112 -> 0 | AE112: - Change Blade (0x) | AG112: 0 | AM112: =SUM(AF112:AL112)+AT112+AV112+AX112 -> 0 | AR112: =SUM(AN112:AQ112) -> 0 | BA112: =+AR112+AS112+AU112+AW112+AY112+AZ112 -> 0 | BC112: 0
AD113: =+AM113+BA113 -> 0 | AE113: - Change Spool (0x) | AH113: 0 | AM113: =SUM(AF113:AL113)+AT113+AV113+AX113 -> 0 | AR113: =SUM(AN113:AQ113) -> 0 | BA113: =+AR113+AS113+AU113+AW113+AY113+AZ113 -> 0
AD114: =+AM114+BA114 -> 1440 | AE114: - PM stop persiapan grinding yankee | AM114: =SUM(AF114:AL114)+AT114+AV114+AX114 -> 0 | AR114: =SUM(AN114:AQ114) -> 0 | AZ114: 1440 | BA114: =+AR114+AS114+AU114+AW114+AY114+AZ114 -> 1440
A116: 45956 | B116: STOP | C116: =(M116*E116*O116*Q116)/100000000 -> 42.727608 | D116: VP OW | E116: 12 | F116: 1 | G116: 1230 | H116: =+N116 -> 0.23 | I116: 0.88 | J116: =E116*G116*(1-H116)*1440/1000000*2.74 -> 44.842533 | K116: =(IF(G116<L116,L116,G116)*(1-IF(H116<N116,H116,N116))*E116*O116*Q116)/100000000 -> 42.960456 | L116: 1223.3333 | M116: 941.96667 | N116: =1-(M116/L116) -> 0.23 | O116: =+'Trim Rwd'!H69 -> 262.5 | P116: =O116*(Q116-R116-S116) -> 0 | Q116: 1440 | R116: 1440 | S116: 0 | T116: =E116*M116*O116*Q116/100000000 -> 42.727608 | U116: =E116*M116*O116*(Q116-R116-S116)/100000000 -> 0 | V116: =E116*G116*(1-N116)*O116/100*(R116+S116)/1000000 -> 42.960456 | W116: 0 | X116: =SUM(W116:W119)/SUM(K116:K119) -> 0 | Y116: =+'19'!D42/1000 -> 0 | Z116: =+'19'!D42/1000 -> 0 | AA116: =SUM(U116:U119)-SUM(W116:W119)-SUM(Z116:Z119)-SUM(Y116:Y119) -> 0 | AB116: =(SUM(K116:K119)-SUM(W116:W119)-SUM(Y116:Y119)-SUM(Z116:Z119)-SUM(AC116:AC119)-SUM(V116:V119))-AA116 -> -0.232848 | AC116: =K116-T116 -> 0.232848 | AD116: =+AM116+BA116 -> 0 | AE116: - Sheet Breaks (0x) | AF116: 0 | AM116: =SUM(AF116:AL116)+AT116+AV116+AX116 -> 0 | AR116: =SUM(AN116:AQ116) -> 0 | BA116: =+AR116+AS116+AU116+AW116+AY116+AZ116 -> 0 | BB116: 0
AD117: =+AM117+BA117 -> 0 | AE117: - Change Blade (0x) | AG117: 0 | AM117: =SUM(AF117:AL117)+AT117+AV117+AX117 -> 0 | AR117: =SUM(AN117:AQ117) -> 0 | BA117: =+AR117+AS117+AU117+AW117+AY117+AZ117 -> 0 | BC117: 0
AD118: =+AM118+BA118 -> 0 | AE118: - Change Spool (0x) | AH118: 0 | AM118: =SUM(AF118:AL118)+AT118+AV118+AX118 -> 0 | AR118: =SUM(AN118:AQ118) -> 0 | BA118: =+AR118+AS118+AU118+AW118+AY118+AZ118 -> 0
AD119: =+AM119+BA119 -> 1440 | AE119: - PM stop persiapan grinding yankee | AM119: =SUM(AF119:AL119)+AT119+AV119+AX119 -> 0 | AR119: =SUM(AN119:AQ119) -> 0 | AZ119: 1440 | BA119: =+AR119+AS119+AU119+AW119+AY119+AZ119 -> 1440
A121: 45957 | B121: Facial | C121: =(M121*E121*O121*Q121)/100000000 -> 37.433209 | D121: VP OW | E121: 14 | F121: 1 | G121: 1230 | H121: =+N121 -> 0.21381743 | I121: 0.88 | J121: =E121*G121*(1-H121)*1440/1000000*2.74 -> 53.415785 | K121: =(IF(G121<L121,L121,G121)*(1-IF(H121<N121,H121,N121))*E121*O121*Q121)/100000000 -> 51.8562 | L121: 887.89474 | M121: 698.04737 | N121: =1-(M121/L121) -> 0.21381743 | O121: =+'Trim Rwd'!H71 -> 266 | P121: =O121*(Q121-R121-S121) -> 227430 | Q121: 1440 | R121: 528 | S121: 57 | T121: =E121*M121*O121*Q121/100000000 -> 37.433209 | U121: =E121*M121*O121*(Q121-R121-S121)/100000000 -> 22.225968 | V121: =E121*G121*(1-N121)*O121/100*(R121+S121)/1000000 -> 21.066581 | W121: =+'27'!K14/1000 -> 14.464 | X121: =SUM(W121:W124)/SUM(K121:K124) -> 0.27892518 | Y121: =+'19'!D47/1000 -> 0 | Z121: =+'19'!D47/1000 -> 0 | AA121: =SUM(U121:U124)-SUM(W121:W124)-SUM(Z121:Z124)-SUM(Y121:Y124) -> 7.7619678 | AB121: =(SUM(K121:K124)-SUM(W121:W124)-SUM(Y121:Y124)-SUM(Z121:Z124)-SUM(AC121:AC124)-SUM(V121:V124))-AA121 -> -5.8593401 | AC121: =K121-T121 -> 14.422991 | AD121: =+AM121+BA121 -> 18 | AE121: - Sheet Breaks (7x) | AF121: 18 | AM121: =SUM(AF121:AL121)+AT121+AV121+AX121 -> 18 | AR121: =SUM(AN121:AQ121) -> 0 | BA121: =+AR121+AS121+AU121+AW121+AY121+AZ121 -> 0 | BB121: 7
AD122: =+AM122+BA122 -> 0 | AE122: - Change Blade (0x) | AG122: 0 | AM122: =SUM(AF122:AL122)+AT122+AV122+AX122 -> 0 | AR122: =SUM(AN122:AQ122) -> 0 | BA122: =+AR122+AS122+AU122+AW122+AY122+AZ122 -> 0 | BC122: 0
AD123: =+AM123+BA123 -> 39 | AE123: - Change Spool (17x) | AH123: 39 | AM123: =SUM(AF123:AL123)+AT123+AV123+AX123 -> 39 | AR123: =SUM(AN123:AQ123) -> 0 | BA123: =+AR123+AS123+AU123+AW123+AY123+AZ123 -> 0
AD124: =+AM124+BA124 -> 528 | AE124: - PM stop persiapan grinding yankee | AM124: =SUM(AF124:AL124)+AT124+AV124+AX124 -> 0 | AR124: =SUM(AN124:AQ124) -> 0 | AZ124: 528 | BA124: =+AR124+AS124+AU124+AW124+AY124+AZ124 -> 528
A126: 45958 | B126: Facial | C126: =(M126*E126*O126*Q126)/100000000 -> 20.67489 | D126: VP OW | E126: 14 | F126: 1 | G126: 1230 | H126: =+N126 -> 0.2 | I126: 0.88 | J126: =E126*G126*(1-H126)*1440/1000000*2.74 -> 54.354586 | K126: =(IF(G126<L126,L126,G126)*(1-IF(H126<N126,H126,N126))*E126*O126*Q126)/100000000 -> 32.06364 | L126: 793.11377 | M126: 634.49102 | N126: =1-(M126/L126) -> 0.2 | O126: =+'Trim Rwd'!H73 -> 266 | P126: =O126*(Q126-R126-S126) -> 83790 | Q126: =334+541 -> 875 | R126: 541 | S126: 19 | T126: =E126*M126*O126*Q126/100000000 -> 20.67489 | U126: =E126*M126*O126*(Q126-R126-S126)/100000000 -> 7.4429603 | V126: =E126*G126*(1-N126)*O126/100*(R126+S126)/1000000 -> 20.52073 | W126: =+'28'!K14/1000 -> 3.002 | X126: =SUM(W126:W129)/SUM(K126:K129) -> 0.20423658 | Y126: 0 | Z126: 0 | AA126: =SUM(U126:U129)-SUM(W126:W129)-SUM(Z126:Z129)-SUM(Y126:Y129) -> 5.3606963 | AB126: =(SUM(K126:K129)-SUM(W126:W129)-SUM(Y126:Y129)-SUM(Z126:Z129)-SUM(AC126:AC129)-SUM(V126:V129))-AA126 -> 0.22261429 | AC126: =K126-T126 -> 11.38875 | AD126: =+AM126+BA126 -> 8 | AE126: - Sheet Breaks (7x) | AF126: 8 | AM126: =SUM(AF126:AL126)+AT126+AV126+AX126 -> 8 | AR126: =SUM(AN126:AQ126) -> 0 | BA126: =+AR126+AS126+AU126+AW126+AY126+AZ126 -> 0 | BB126: 7
B127: Facial | C127: =(M127*E127*O127*Q127)/100000000 -> 10.099488 | D127: VP OW | E127: 12 | F127: 1 | G127: 1230 | H127: =+N127 -> 0.2 | I127: 0.88 | J127: =E127*G127*(1-H127)*1440/1000000*2.74 -> 46.589645 | K127: =(IF(G127<L127,L127,G127)*(1-IF(H127<N127,H127,N127))*E127*O127*Q127)/100000000 -> 17.746243 | L127: 700 | M127: 560 | N127: =1-(M127/L127) -> 0.2 | O127: =+'Trim Rwd'!H74 -> 266 | P127: =O127*(Q127-R127-S127) -> 147630 | Q127: 565 | R127: 0 | S127: 10 | T127: =E127*M127*O127*Q127/100000000 -> 10.099488 | U127: =E127*M127*O127*(Q127-R127-S127)/100000000 -> 9.920736 | V127: =E127*G127*(1-N127)*O127/100*(R127+S127)/1000000 -> 0.3140928 | W127: =+'28'!K7/1000 -> 7.171 | Z127: =+'28'!D34/1000 -> 1.83 | AD127: =+AM127+BA127 -> 5 | AE127: - Change Blade (0x) | AG127: 5 | AM127: =SUM(AF127:AL127)+AT127+AV127+AX127 -> 5 | AR127: =SUM(AN127:AQ127) -> 0 | BA127: =+AR127+AS127+AU127+AW127+AY127+AZ127 -> 0 | BC127: 0
...

Sheet Efficiency2
A1: PM14 Efficiency Running Report
A3: Date | B3: Grade | C3: Speed real (ton) with Available Time | D3: Colour | E3: gsm | F3: Ply | G3: Standard | L3: Real Running | O3: Trim Rewinder (cm) | P3: Trim Rewinder x Running Time | Q3: Available Time (mnt) | R3: Down Time (mnt) | S3: Loss Time (mnt) | T3: Real Speed & Real Creepe Ratio with Available Time (ton) | U3: Real Speed & Real Creepe Ratio setelah dipotong DT & LT (ton) | V3: Loss tonase akibat DT + LT dari hitungan Teori with available time (ton) | W3: Accepted (ton) | X3: Real Eff dr Target Eff | Y3: Backlog | Z3: Reject Rewinder (ton) | AA3: Estimasi Reject to Broke Plant (ton) | AB3: Estimasi Faktor BW (ton) | AC3: Loss Opportunity in Speed (ton) | AD3: Downtime/ Losstime | AE3: Reason of Downtime / Losstime | AF3: Loss Time | AM3: Total Losstime | AN3: Unschedule Shut Down (mnt) | AS3: Schedule Shut Down | AT3: Marketing | AV3: EXT FACTOR | AX3: EXT FACTOR | AZ3: MANAGEMENT | BA3: Total Down Time | BB3: Freq. Sheets Break (X) | BC3: Freq. Change Blade (X) | BD3: Steam, & gangguan sinergy (X) | BE3: Freq, Trip PLN (X) | BF3: Cleaning Holes (X)
AF4: Proses | AI4: Change Grade | AJ4: Mekanik | AK4: Electric & Instrument | AL4: Boiler | AN4: Down Time Produksi | AO4: Mekanik | AP4: Electrical & Instrument | AQ4: Boiler | AR4: Total Unschedule Shut Down | AV4: LOSS | AW4: DOWN TIME | AX4: LOSS | AY4: DOWN TIME
G5: Yankee Speed (mpm) | H5: Max % Creeping | I5: Target Eff | J5: Kapasitas PM-Teori (ton) | K5: Teori (ton) with Available Time | L5: Yankee Speed (mpm) | M5: Popereel Speed (mpm) | N5: % Creeping | AF5: sheet break | AG5: change blade | AH5: change spool | AT5: Loss time | AU5: Down Time | AV5: SINERGY | AW5: SINERGY | AX5: PLN | AY5: PLN
A6: =+Report1!A9 -> 45931 | B6: Facial | C6: =(M6*E6*O6*Q6)/100000000 -> 19.336906 | D6: VP OW | E6: 12 | F6: 1 | G6: 1230 | H6: 0.23 | I6: 0.88 | J6: =E6*G6*(1-H6)*1440/1000000*2.74 -> 44.842533 | K6: =(IF(G6<L6,L6,G6)*(1-IF(H6<N6,H6,N6))*E6*O6*Q6)/100000000 -> 21.766631 | L6: 1092.6998 | M6: 841.37888 | N6: =1-(M6/L6) -> 0.23 | O6: =+'Trim Rwd'!H4 -> 266 | P6: =O6*(Q6-R6-S6) -> 168910 | Q6: =1440-720 -> 720 | R6: =777-720 -> 57 | S6: 28 | T6: =E6*M6*O6*Q6/100000000 -> 19.336906 | U6: =E6*M6*O6*(Q6-R6-S6)/100000000 -> 17.054077 | V6: =E6*G6*(1-N6)*O6/100*(R6+S6)/1000000 -> 2.5696717 | W6: =+'1'!C34/1000 -> 8.913 | X6: =SUM(W6:W10)/SUM(K6:K10) -> 0.40948 | Y6: 0 | Z6: =+'1'!D25/1000 -> 2.062 | AA6: =SUM(U6:U10)-SUM(W6:W10)-SUM(Z6:Z10)-SUM(Y6:Y10) -> 6.0790769 | AB6: =(SUM(K6:K10)-SUM(W6:W10)-SUM(Y6:Y10)-SUM(Z6:Z10)-SUM(AC6:AC10)-SUM(V6:V10))-AA6 -> -0.28684253 | AC6: =K6-T6 -> 2.429725 | AD6: =+AM6+BA6 -> 8 | AE6: - Sheet Breaks (4x) | AF6: 8 | AM6: =SUM(AF6:AL6)+AT6+AV6+AX6 -> 8 | AR6: =SUM(AN6:AQ6) -> 0 | BA6: =+AR6+AS6+AU6+AW6+AY6+AZ6 -> 0 | BB6: 4
AD7: =+AM7+BA7 -> 0 | AE7: - Change Blade (0x) | AG7: 0 | AM7: =SUM(AF7:AL7)+AT7+AV7+AX7 -> 0 | AR7: =SUM(AN7:AQ7) -> 0 | BA7: =+AR7+AS7+AU7+AW7+AY7+AZ7 -> 0 | BC7: 0
AD8: =+AM8+BA8 -> 20 | AE8: - Change Spool (13x) | AH8: 20 | AM8: =SUM(AF8:AL8)+AT8+AV8+AX8 -> 20 | AR8: =SUM(AN8:AQ8) -> 0 | BA8: =+AR8+AS8+AU8+AW8+AY8+AZ8 -> 0
AD9: =+AM9+BA9 -> 0 | AE9: - STOP, No order | AM9: =SUM(AF9:AL9)+AT9+AV9+AX9 -> 0 | AR9: =SUM(AN9:AQ9) -> 0 | AU9: =720-720 -> 0 | BA9: =+AR9+AS9+AU9+AW9+AY9+AZ9 -> 0
AD10: =+AM10+BA10 -> 57 | AE10: - 22:00 pm trip, bacaan pressure compressor fliker | AM10: =SUM(AF10:AL10)+AT10+AV10+AX10 -> 0 | AP10: =777-720 -> 57 | AR10: =SUM(AN10:AQ10) -> 57 | BA10: =+AR10+AS10+AU10+AW10+AY10+AZ10 -> 57
AM11: =SUM(AF11:AL11)+AT11+AV11+AX11 -> 0
A12: 45932 | B12: Facial | C12: =(M12*E12*O12*Q12)/100000000 -> 42.617133 | D12: VP OW | E12: 12 | F12: 1 | G12: 1230 | H12: 0.23 | I12: 0.88 | J12: =E12*G12*(1-H12)*1440/1000000*2.74 -> 44.842533 | K12: =(IF(G12<L12,L12,G12)*(1-IF(H12<N12,H12,N12))*E12*O12*Q12)/100000000 -> 43.110006 | L12: 1215.9375 | M12: 936.27188 | N12: =1-(M12/L12) -> 0.23 | O12: =+'Trim Rwd'!H6 -> 263.41379 | P12: =O12*(Q12-R12-S12) -> 369569.55 | Q12: 1440 | R12: 0 | S12: 37 | T12: =E12*M12*O12*Q12/100000000 -> 42.617133 | U12: =E12*M12*O12*(Q12-R12-S12)/100000000 -> 41.522109 | V12: =E12*G12*(1-N12)*O12/100*(R12+S12)/1000000 -> 1.1076877 | W12: =+'2'!K7/1000 -> 36.587 | X12: =SUM(W12:W15)/SUM(K12:K15) -> 0.84868927 | Y12: 0 | Z12: =+'1'!D31/1000 -> 0 | AA12: =SUM(U12:U15)-SUM(W12:W15)-SUM(Z12:Z15)-SUM(Y12:Y15) -> 4.9351093 | AB12: =(SUM(K12:K15)-SUM(W12:W15)-SUM(Y12:Y15)-SUM(Z12:Z15)-SUM(AC12:AC15)-SUM(V12:V15))-AA12 -> -0.012664112 | AC12: =K12-T12 -> 0.49287355 | AD12: =+AM12+BA12 -> 8 | AE12: - Sheet Breaks (4x) | AF12: 8 | AM12: =SUM(AF12:AL12)+AT12+AV12+AX12 -> 8 | AR12: =SUM(AN12:AQ12) -> 0 | BA12: =+AR12+AS12+AU12+AW12+AY12+AZ12 -> 0 | BB12: 4
AD13: =+AM13+BA13 -> 4 | AE13: - Change Blade (5x) | AG13: 4 | AM13: =SUM(AF13:AL13)+AT13+AV13+AX13 -> 4 | AR13: =SUM(AN13:AQ13) -> 0 | BA13: =+AR13+AS13+AU13+AW13+AY13+AZ13 -> 0 | BC13: 5
AD14: =+AM14+BA14 -> 25 | AE14: - Change Spool (27x) | AH14: 25 | AM14: =SUM(AF14:AL14)+AT14+AV14+AX14 -> 25 | AR14: =SUM(AN14:AQ14) -> 0 | BA14: =+AR14+AS14+AU14+AW14+AY14+AZ14 -> 0
A16: 45933 | B16: Facial | C16: =(M16*E16*O16*Q16)/100000000 -> 42.296654 | D16: VP OW | E16: 12 | F16: 1 | G16: 1230 | H16: 0.23 | I16: 0.88 | J16: =E16*G16*(1-H16)*1440/1000000*2.74 -> 44.842533 | K16: =(IF(G16<L16,L16,G16)*(1-IF(H16<N16,H16,N16))*E16*O16*Q16)/100000000 -> 42.551309 | L16: 1222.6389 | M16: 941.43194 | N16: =1-(M16/L16) -> 0.23 | O16: =+'Trim Rwd'!H9 -> 260 | P16: =O16*(Q16-R16-S16) -> 365300 | Q16: 1440 | R16: 0 | S16: 35 | T16: =E16*M16*O16*Q16/100000000 -> 42.296654 | U16: =E16*M16*O16*(Q16-R16-S16)/100000000 -> 41.268611 | V16: =E16*G16*(1-N16)*O16/100*(R16+S16)/1000000 -> 1.0342332 | W16: =+'3'!K7/1000 -> 36.483 | X16: =SUM(W16:W19)/SUM(K16:K19) -> 0.85738843 | Y16: 0 | Z16: =+'3'!D16/1000 -> 0.117 | AA16: =SUM(U16:U19)-SUM(W16:W19)-SUM(Z16:Z19)-SUM(Y16:Y19) -> 4.6686107 | AB16: =(SUM(K16:K19)-SUM(W16:W19)-SUM(Y16:Y19)-SUM(Z16:Z19)-SUM(AC16:AC19)-SUM(V16:V19))-AA16 -> -0.0061895167 | AC16: =K16-T16 -> 0.2546544 | AD16: =+AM16+BA16 -> 0 | AE16: - Sheet Breaks (0x) | AF16: 0 | AM16: =SUM(AF16:AL16)+AT16+AV16+AX16 -> 0 | AR16: =SUM(AN16:AQ16) -> 0 | BA16: =+AR16+AS16+AU16+AW16+AY16+AZ16 -> 0 | BB16: 0
AD17: =+AM17+BA17 -> 12 | AE17: - Change Blade (9x) | AG17: 12 | AM17: =SUM(AF17:AL17)+AT17+AV17+AX17 -> 12 | AR17: =SUM(AN17:AQ17) -> 0 | BA17: =+AR17+AS17+AU17+AW17+AY17+AZ17 -> 0 | BC17: 9
AD18: =+AM18+BA18 -> 23 | AE18: - Change Spool (26x) | AH18: 23 | AM18: =SUM(AF18:AL18)+AT18+AV18+AX18 -> 23 | AR18: =SUM(AN18:AQ18) -> 0 | BA18: =+AR18+AS18+AU18+AW18+AY18+AZ18 -> 0
A20: 45934 | B20: Facial | C20: =(M20*E20*O20*Q20)/100000000 -> 2.1235738 | D20: VP OW | E20: 12 | F20: 1 | G20: 1230 | H20: 0.23 | I20: 0.88 | J20: =E20*G20*(1-H20)*1440/1000000*2.74 -> 44.842533 | K20: =(IF(G20<L20,L20,G20)*(1-IF(H20<N20,H20,N20))*E20*O20*Q20)/100000000 -> 2.1766631 | L20: 1200 | M20: 924 | N20: =1-(M20/L20) -> 0.23 | O20: =+'Trim Rwd'!H11 -> 252 | P20: =O20*(Q20-R20-S20) -> 17136 | Q20: 76 | R20: 0 | S20: 8 | T20: =E20*M20*O20*Q20/100000000 -> 2.1235738 | U20: =E20*M20*O20*(Q20-R20-S20)/100000000 -> 1.9000397 | V20: =E20*G20*(1-N20)*O20/100*(R20+S20)/1000000 -> 0.22912243 | W20: =+'4'!K7/1000 -> 7.198 | X20: =SUM(W20:W23)/SUM(K20:K23) -> 0.91146148 | Y20: 0 | Z20: =+'4'!D7/1000 -> 0.263 | AA20: =SUM(U20:U23)-SUM(W20:W23)-SUM(Z20:Z23)-SUM(Y20:Y23) -> 1.5814298 | AB20: =(SUM(K20:K23)-SUM(W20:W23)-SUM(Y20:Y23)-SUM(Z20:Z23)-SUM(AC20:AC23)-SUM(V20:V23))-AA20 -> 0.4193254 | AC20: =K20-T20 -> 0.053089344 | AD20: =+AM20+BA20 -> 9 | AE20: - Sheet Breaks (3x) | AF20: 9 | AM20: =SUM(AF20:AL20)+AT20+AV20+AX20 -> 9 | AR20: =SUM(AN20:AQ20) -> 0 | BA20: =+AR20+AS20+AU20+AW20+AY20+AZ20 -> 0 | BB20: 3
B21: Facial | C21: =(M21*E21*O21*Q21)/100000000 -> 12.456444 | D21: VP OW | E21: 12.5 | F21: 1 | G21: 1230 | H21: 0.23 | I21: 0.88 | J21: =E21*G21*(1-H21)*1440/1000000*2.74 -> 46.710972 | K21: =(IF(G21<L21,L21,G21)*(1-IF(H21<N21,H21,N21))*E21*O21*Q21)/100000000 -> 12.897134 | L21: 1187.9714 | M21: 914.73795 | N21: =1-(M21/L21) -> 0.23 | O21: =+'Trim Rwd'!H12 -> 260 | P21: =O21*(Q21-R21-S21) -> 105040 | Q21: 419 | R21: 0 | S21: 15 | T21: =E21*M21*O21*Q21/100000000 -> 12.456444 | U21: =E21*M21*O21*(Q21-R21-S21)/100000000 -> 12.010509 | V21: =E21*G21*(1-N21)*O21/100*(R21+S21)/1000000 -> 0.46171125 | W21: =+'4'!K8/1000 -> 10.48 | AD21: =+AM21+BA21 -> 9 | AE21: - Change Blade (8x) | AG21: 9 | AM21: =SUM(AF21:AL21)+AT21+AV21+AX21 -> 9 | AR21: =SUM(AN21:AQ21) -> 0 | BA21: =+AR21+AS21+AU21+AW21+AY21+AZ21 -> 0 | BC21: 8
B22: Toilet | C22: =(M22*E22*O22*Q22)/100000000 -> 30.018619 | D22: VP OW | E22: 13 | F22: 1 | G22: =+L22 -> 1230 | H22: =+N22 -> 0.23 | I22: 0.88 | J22: =E22*G22*(1-H22)*1440/1000000*2.74 -> 48.579411 | K22: =(IF(G22<L22,L22,G22)*(1-IF(H22<N22,H22,N22))*E22*O22*Q22)/100000000 -> 30.018619 | L22: 1230 | M22: 947.1 | N22: =1-(M22/L22) -> 0.23 | O22: =+'Trim Rwd'!H13 -> 258 | P22: =O22*(Q22-R22-S22) -> 235812 | Q22: 945 | R22: 0 | S22: =54-S21-S20 -> 31 | T22: =E22*M22*O22*Q22/100000000 -> 30.018619 | U22: =E22*M22*O22*(Q22-R22-S22)/100000000 -> 29.033881 | V22: =E22*G22*(1-N22)*O22/100*(R22+S22)/1000000 -> 0.98473775 | W22: =+'4'!K9/1000 -> 23.422 | AD22: =+AM22+BA22 -> 36 | AE22: - Change Spool (27x) | AH22: 36 | AM22: =SUM(AF22:AL22)+AT22+AV22+AX22 -> 36 | AR22: =SUM(AN22:AQ22) -> 0 | BA22: =+AR22+AS22+AU22+AW22+AY22+AZ22 -> 0
A24: 45935 | B24: Toilet | C24: =(M24*E24*O24*Q24)/100000000 -> 43.387344 | D24: VP OW | E24: 13 | F24: 1 | G24: =+L24 -> 1166.6667 | H24: =+N24 -> 0.23 | I24: 0.88 | J24: =E24*G24*(1-H24)*1440/1000000*2.74 -> 46.078032 | K24: =(IF(G24<L24,L24,G24)*(1-IF(H24<N24,H24,N24))*E24*O24*Q24)/100000000 -> 43.387344 | L24: 1166.6667 | M24: 898.33333 | N24: =1-(M24/L24) -> 0.23 | O24: =+'Trim Rwd'!H15 -> 258 | P24: =O24*(Q24-R24-S24) -> 358620 | Q24: 1440 | R24: 0 | S24: 50 | T24: =E24*M24*O24*Q24/100000000 -> 43.387344 | U24: =E24*M24*O24*(Q24-R24-S24)/100000000 -> 41.880839 | V24: =E24*G24*(1-N24)*O24/100*(R24+S24)/1000000 -> 1.506505 | W24: =+'5'!K9/1000 -> 40.324 | X24: =SUM(W24:W27)/SUM(K24:K27) -> 0.92939545 | Y24: =+SUM(RBP!AG3:AG4) -> 0 | Z24: =+'5'!D25/1000 -> 0.256 | AA24: =SUM(U24:U27)-SUM(W24:W27)-SUM(Z24:Z27)-SUM(Y24:Y27) -> 1.300839 | AB24: =(SUM(K24:K27)-SUM(W24:W27)-SUM(Y24:Y27)-SUM(Z24:Z27)-SUM(AC24:AC27)-SUM(V24:V27))-AA24 -> -3.1086245e-15 | AC24: =K24-T24 -> 0 | AD24: =+AM24+BA24 -> 9 | AE24: - Sheet Breaks (3x) | AF24: 9 | AM24: =SUM(AF24:AL24)+AT24+AV24+AX24 -> 9 | AR24: =SUM(AN24:AQ24) -> 0 | BA24: =+AR24+AS24+AU24+AW24+AY24+AZ24 -> 0 | BB24: 3
AD25: =+AM25+BA25 -> 11 | AE25: - Change Blade (8x) | AG25: 11 | AM25: =SUM(AF25:AL25)+AT25+AV25+AX25 -> 11 | AR25: =SUM(AN25:AQ25) -> 0 | BA25: =+AR25+AS25+AU25+AW25+AY25+AZ25 -> 0 | BC25: 8
AD26: =+AM26+BA26 -> 30 | AE26: - Change Spool (29x) | AH26: 30 | AM26: =SUM(AF26:AL26)+AT26+AV26+AX26 -> 30 | AR26: =SUM(AN26:AQ26) -> 0 | BA26: =+AR26+AS26+AU26+AW26+AY26+AZ26 -> 0
A28: 45936 | B28: Toilet | C28: =(M28*E28*O28*Q28)/100000000 -> 43.883199 | D28: VP OW | E28: 13 | F28: 1 | G28: =+L28 -> 1180 | H28: =+N28 -> 0.23 | I28: 0.88 | J28: =E28*G28*(1-H28)*1440/1000000*2.74 -> 46.604638 | K28: =(IF(G28<L28,L28,G28)*(1-IF(H28<N28,H28,N28))*E28*O28*Q28)/100000000 -> 43.883199 | L28: 1180 | M28: 908.6 | N28: =1-(M28/L28) -> 0.23 | O28: =+'Trim Rwd'!H17 -> 258 | P28: =O28*(Q28-R28-S28) -> 351912 | Q28: 1440 | R28: 0 | S28: 76 | T28: =E28*M28*O28*Q28/100000000 -> 43.883199 | U28: =E28*M28*O28*(Q28-R28-S28)/100000000 -> 41.567142 | V28: =E28*G28*(1-N28)*O28/100*(R28+S28)/1000000 -> 2.3160577 | W28: =+'6'!K9/1000 -> 41.719 | X28: =SUM(W28:W31)/SUM(K28:K31) -> 0.95068274 | Y28: 0 | Z28: =+'5'!D29/1000 -> 0 | AA28: =SUM(U28:U31)-SUM(W28:W31)-SUM(Z28:Z31)-SUM(Y28:Y31) -> -0.15185838 | AB28: =(SUM(K28:K31)-SUM(W28:W31)-SUM(Y28:Y31)-SUM(Z28:Z31)-SUM(AC28:AC31)-SUM(V28:V31))-AA28 -> -1.3322676e-15 | AC28: =K28-T28 -> 0 | AD28: =+AM28+BA28 -> 27 | AE28: - Sheet Breaks (9x) | AF28: 27 | AM28: =SUM(AF28:AL28)+AT28+AV28+AX28 -> 27 | AR28: =SUM(AN28:AQ28) -> 0 | BA28: =+AR28+AS28+AU28+AW28+AY28+AZ28 -> 0 | BB28: 9
AD29: =+AM29+BA29 -> 0 | AE29: - Change Blade (0x) | AG29: 0 | AM29: =SUM(AF29:AL29)+AT29+AV29+AX29 -> 0 | AR29: =SUM(AN29:AQ29) -> 0 | BA29: =+AR29+AS29+AU29+AW29+AY29+AZ29 -> 0 | BC29: 0
AD30: =+AM30+BA30 -> 49 | AE30: - Change Spool (27x) | AH30: 49 | AM30: =SUM(AF30:AL30)+AT30+AV30+AX30 -> 49 | AR30: =SUM(AN30:AQ30) -> 0 | BA30: =+AR30+AS30+AU30+AW30+AY30+AZ30 -> 0
A32: 45937 | B32: Toilet | C32: =(M32*E32*O32*Q32)/100000000 -> 3.1998166 | D32: VP OW | E32: 13 | F32: 1 | G32: =+L32 -> 1180 | H32: =+N32 -> 0.23 | I32: 0.88 | J32: =E32*G32*(1-H32)*1440/1000000*2.74 -> 46.604638 | K32: =(IF(G32<L32,L32,G32)*(1-IF(H32<N32,H32,N32))*E32*O32*Q32)/100000000 -> 3.1998166 | L32: 1180 | M32: 908.6 | N32: =1-(M32/L32) -> 0.23 | O32: =+'Trim Rwd'!H19 -> 258 | P32: =O32*(Q32-R32-S32) -> 22962 | Q32: 105 | R32: 0 | S32: 16 | T32: =E32*M32*O32*Q32/100000000 -> 3.1998166 | U32: =E32*M32*O32*(Q32-R32-S32)/100000000 -> 2.7122255 | V32: =E32*G32*(1-N32)*O32/100*(R32+S32)/1000000 -> 0.4875911 | W32: =+'7'!K9/1000 -> 6.74 | X32: =SUM(W32:W35)/SUM(K32:K35) -> 0.96700039 | Y32: 0 | Z32: =+'5'!D33/1000 -> 1.9355814e-05 | AA32: =SUM(U32:U35)-SUM(W32:W35)-SUM(Z32:Z35)-SUM(Y32:Y35) -> -1.6657588 | AB32: =(SUM(K32:K35)-SUM(W32:W35)-SUM(Y32:Y35)-SUM(Z32:Z35)-SUM(AC32:AC35)-SUM(V32:V35))-AA32 -> 0.49433311 | AC32: =K32-T32 -> 0 | AD32: =+AM32+BA32 -> 24 | AE32: - Sheet Breaks (9x) | AF32: 24 | AM32: =SUM(AF32:AL32)+AT32+AV32+AX32 -> 24 | AR32: =SUM(AN32:AQ32) -> 0 | BA32: =+AR32+AS32+AU32+AW32+AY32+AZ32 -> 0 | BB32: 9
B33: Toilet | C33: =(M33*E33*O33*Q33)/100000000 -> 40.096472 | D33: VP OW | E33: 12.5 | F33: 1 | G33: 1230 | H33: =+N33 -> 0.23 | I33: 0.88 | J33: =E33*G33*(1-H33)*1440/1000000*2.74 -> 46.710972 | K33: =(IF(G33<L33,L33,G33)*(1-IF(H33<N33,H33,N33))*E33*O33*Q33)/100000000 -> 40.618159 | L33: 1214.2022 | M33: 934.93573 | N33: =1-(M33/L33) -> 0.23 | O33: =+'Trim Rwd'!H20 -> 257 | P33: =O33*(Q33-R33-S33) -> 325105 | Q33: 1335 | R33: 0 | S33: 70 | T33: =E33*M33*O33*Q33/100000000 -> 40.096472 | U33: =E33*M33*O33*(Q33-R33-S33)/100000000 -> 37.994035 | V33: =E33*G33*(1-N33)*O33/100*(R33+S33)/1000000 -> 2.1297911 | W33: =+'7'!K10/1000 -> 35.632 | AD33: =+AM33+BA33 -> 0 | AE33: - Change Blade (0x) | AG33: 0 | AM33: =SUM(AF33:AL33)+AT33+AV33+AX33 -> 0 | AR33: =SUM(AN33:AQ33) -> 0 | BA33: =+AR33+AS33+AU33+AW33+AY33+AZ33 -> 0 | BC33: 0
AD34: =+AM34+BA34 -> 62 | AE34: - Change Spool (28x) | AH34: 62 | AM34: =SUM(AF34:AL34)+AT34+AV34+AX34 -> 62 | AR34: =SUM(AN34:AQ34) -> 0 | BA34: =+AR34+AS34+AU34+AW34+AY34+AZ34 -> 0
A36: 45938 | B36: Toilet | C36: =(M36*E36*O36*Q36)/100000000 -> 43.456644 | D36: VP OW | E36: 12.5 | F36: 1 | G36: 1230 | H36: =+N36 -> 0.23 | I36: 0.88 | J36: =E36*G36*(1-H36)*1440/1000000*2.74 -> 46.710972 | K36: =(IF(G36<L36,L36,G36)*(1-IF(H36<N36,H36,N36))*E36*O36*Q36)/100000000 -> 43.812846 | L36: 1220 | M36: 939.4 | N36: =1-(M36/L36) -> 0.23 | O36: =+'Trim Rwd'!H22 -> 257 | P36: =O36*(Q36-R36-S36) -> 349520 | Q36: 1440 | R36: 0 | S36: 80 | T36: =E36*M36*O36*Q36/100000000 -> 43.456644 | U36: =E36*M36*O36*(Q36-R36-S36)/100000000 -> 41.042386 | V36: =E36*G36*(1-N36)*O36/100*(R36+S36)/1000000 -> 2.434047 | W36: =+'8'!K10/1000 -> 43.187 | X36: =SUM(W36:W39)/SUM(K36:K39) -> 0.98571547 | Y36: =+SUM(RBP!AG15:AG16) -> 0 | Z36: 0 | AA36: =SUM(U36:U39)-SUM(W36:W39)-SUM(Z36:Z39)-SUM(Y36:Y39) -> -2.144614 | AB36: =(SUM(K36:K39)-SUM(W36:W39)-SUM(Y36:Y39)-SUM(Z36:Z39)-SUM(AC36:AC39)-SUM(V36:V39))-AA36 -> -0.019789 | AC36: =K36-T36 -> 0.356202 | AD36: =+AM36+BA36 -> 17 | AE36: - Sheet Breaks (8x) | AF36: 17 | AM36: =SUM(AF36:AL36)+AT36+AV36+AX36 -> 17 | AR36: =SUM(AN36:AQ36) -> 0 | BA36: =+AR36+AS36+AU36+AW36+AY36+AZ36 -> 0 | BB36: 8
AD37: =+AM37+BA37 -> 14 | AE37: - Change Blade (7x) | AG37: 14 | AM37: =SUM(AF37:AL37)+AT37+AV37+AX37 -> 14 | AR37: =SUM(AN37:AQ37) -> 0 | BA37: =+AR37+AS37+AU37+AW37+AY37+AZ37 -> 0 | BC37: 7
AD38: =+AM38+BA38 -> 49 | AE38: - Change Spool (29x) | AH38: 49 | AM38: =SUM(AF38:AL38)+AT38+AV38+AX38 -> 49 | AR38: =SUM(AN38:AQ38) -> 0 | BA38: =+AR38+AS38+AU38+AW38+AY38+AZ38 -> 0
A40: 45939 | B40: Toilet | C40: =(M40*E40*O40*Q40)/100000000 -> 43.456644 | D40: VP OW | E40: 12.5 | F40: 1 | G40: 1230 | H40: =+N40 -> 0.23 | I40: 0.88 | J40: =E40*G40*(1-H40)*1440/1000000*2.74 -> 46.710972 | K40: =(IF(G40<L40,L40,G40)*(1-IF(H40<N40,H40,N40))*E40*O40*Q40)/100000000 -> 43.812846 | L40: 1220 | M40: 939.4 | N40: =1-(M40/L40) -> 0.23 | O40: =+'Trim Rwd'!H24 -> 257 | P40: =O40*(Q40-R40-S40) -> 352861 | Q40: 1440 | R40: 0 | S40: 67 | T40: =E40*M40*O40*Q40/100000000 -> 43.456644 | U40: =E40*M40*O40*(Q40-R40-S40)/100000000 -> 41.434703 | V40: =E40*G40*(1-N40)*O40/100*(R40+S40)/1000000 -> 2.0385144 | W40: =+'9'!K10/1000 -> 36.543 | X40: =SUM(W40:W43)/SUM(K40:K43) -> 0.83407045 | Y40: 0 | Z40: 0 | AA40: =SUM(U40:U43)-SUM(W40:W43)-SUM(Z40:Z43)-SUM(Y40:Y43) -> 4.8917029 | AB40: =(SUM(K40:K43)-SUM(W40:W43)-SUM(Y40:Y43)-SUM(Z40:Z43)-SUM(AC40:AC43)-SUM(V40:V43))-AA40 -> -0.016573288 | AC40: =K40-T40 -> 0.356202 | AD40: =+AM40+BA40 -> 19 | AE40: - Sheet Breaks (5x) | AF40: 19 | AM40: =SUM(AF40:AL40)+AT40+AV40+AX40 -> 19 | AR40: =SUM(AN40:AQ40) -> 0 | BA40: =+AR40+AS40+AU40+AW40+AY40+AZ40 -> 0 | BB40: 5
AD41: =+AM41+BA41 -> 12 | AE41: - Change Blade (13x) | AG41: 12 | AM41: =SUM(AF41:AL41)+AT41+AV41+AX41 -> 12 | AR41: =SUM(AN41:AQ41) -> 0 | BA41: =+AR41+AS41+AU41+AW41+AY41+AZ41 -> 0 | BC41: 13
AD42: =+AM42+BA42 -> 36 | AE42: - Change Spool (29x) | AH42: 36 | AM42: =SUM(AF42:AL42)+AT42+AV42+AX42 -> 36 | AR42: =SUM(AN42:AQ42) -> 0 | BA42: =+AR42+AS42+AU42+AW42+AY42+AZ42 -> 0
A44: 45940 | B44: Toilet | C44: =(M44*E44*O44*Q44)/100000000 -> 43.280769 | D44: VP OW | E44: 12.5 | F44: 1 | G44: 1230 | H44: =+N44 -> 0.23 | I44: 0.88 | J44: =E44*G44*(1-H44)*1440/1000000*2.74 -> 46.710972 | K44: =(IF(G44<L44,L44,G44)*(1-IF(H44<N44,H44,N44))*E44*O44*Q44)/100000000 -> 43.812846 | L44: 1215.0625 | M44: 935.59812 | N44: =1-(M44/L44) -> 0.23 | O44: =+'Trim Rwd'!H26 -> 257 | P44: =O44*(Q44-R44-S44) -> 348749 | Q44: 1440 | R44: 0 | S44: 83 | T44: =E44*M44*O44*Q44/100000000 -> 43.280769 | U44: =E44*M44*O44*(Q44-R44-S44)/100000000 -> 40.786114 | V44: =E44*G44*(1-N44)*O44/100*(R44+S44)/1000000 -> 2.5253238 | W44: =+'10'!K10/1000 -> 35.942 | X44: =SUM(W44:W47)/SUM(K44:K47) -> 0.82035301 | Y44: =+SUM(RBP!AG23:AG24) -> 0 | Z44: 0 | AA44: =SUM(U44:U47)-SUM(W44:W47)-SUM(Z44:Z47)-SUM(Y44:Y47) -> 4.8441138 | AB44: =(SUM(K44:K47)-SUM(W44:W47)-SUM(Y44:Y47)-SUM(Z44:Z47)-SUM(AC44:AC47)-SUM(V44:V47))-AA44 -> -0.030668312 | AC44: =K44-T44 -> 0.53207674 | AD44: =+AM44+BA44 -> 23 | AE44: - Sheet Breaks (6x) | AF44: 23 | AM44: =SUM(AF44:AL44)+AT44+AV44+AX44 -> 23 | AR44: =SUM(AN44:AQ44) -> 0 | BA44: =+AR44+AS44+AU44+AW44+AY44+AZ44 -> 0 | BB44: 6
AD45: =+AM45+BA45 -> 8 | AE45: - Change Blade (9x) | AG45: 8 | AM45: =SUM(AF45:AL45)+AT45+AV45+AX45 -> 8 | AR45: =SUM(AN45:AQ45) -> 0 | BA45: =+AR45+AS45+AU45+AW45+AY45+AZ45 -> 0 | BC45: 9
AD46: =+AM46+BA46 -> 52 | AE46: - Change Spool (28x) | AH46: 52 | AM46: =SUM(AF46:AL46)+AT46+AV46+AX46 -> 52 | AR46: =SUM(AN46:AQ46) -> 0 | BA46: =+AR46+AS46+AU46+AW46+AY46+AZ46 -> 0
A48: 45941 | B48: Toilet | C48: =(M48*E48*O48*Q48)/100000000 -> 37.444993 | D48: VP OW | E48: 12.5 | F48: 1 | G48: 1230 | H48: =+N48 -> 0.23 | I48: 0.88 | J48: =E48*G48*(1-H48)*1440/1000000*2.74 -> 46.710972 | K48: =(IF(G48<L48,L48,G48)*(1-IF(H48<N48,H48,N48))*E48*O48*Q48)/100000000 -> 38.640496 | L48: 1191.9449 | M48: 917.79756 | N48: =1-(M48/L48) -> 0.23 | O48: =+'Trim Rwd'!H28 -> 257 | P48: =O48*(Q48-R48-S48) -> 313540 | Q48: 1270 | R48: 0 | S48: 50 | T48: =E48*M48*O48*Q48/100000000 -> 37.444993 | U48: =E48*M48*O48*(Q48-R48-S48)/100000000 -> 35.970781 | V48: =E48*G48*(1-N48)*O48/100*(R48+S48)/1000000 -> 1.5212794 | W48: =+'11'!K10/1000 -> 36.798 | X48: =SUM(W48:W51)/SUM(K48:K51) -> 0.91753522 | Y48: =+SUM(RBP!AG27:AG28) -> 0 | Z48: 0 | AA48: =SUM(U48:U51)-SUM(W48:W51)-SUM(Z48:Z51)-SUM(Y48:Y51) -> 0.49059939 | AB48: =(SUM(K48:K51)-SUM(W48:W51)-SUM(Y48:Y51)-SUM(Z48:Z51)-SUM(AC48:AC51)-SUM(V48:V51))-AA48 -> 0.071053418 | AC48: =K48-T48 -> 1.195503 | AD48: =+AM48+BA48 -> 6 | AE48: - Sheet Breaks (3x) | AF48: 6 | AM48: =SUM(AF48:AL48)+AT48+AV48+AX48 -> 6 | AR48: =SUM(AN48:AQ48) -> 0 | BA48: =+AR48+AS48+AU48+AW48+AY48+AZ48 -> 0 | BB48: 3
B49: Toilet | C49: =(M49*E49*O49*Q49)/100000000 -> 5.0516928 | D49: VP OW | E49: 12 | F49: 1 | G49: 1230 | H49: =+N49 -> 0.23 | I49: 0.88 | J49: =E49*G49*(1-H49)*1440/1000000*2.74 -> 44.842533 | K49: =(IF(G49<L49,L49,G49)*(1-IF(H49<N49,H49,N49))*E49*O49*Q49)/100000000 -> 5.1779851 | L49: 1200 | M49: 924 | N49: =1-(M49/L49) -> 0.23 | O49: =+'Trim Rwd'!H29 -> 268 | P49: =O49*(Q49-R49-S49) -> 42612 | Q49: 170 | R49: 0 | S49: 11 | T49: =E49*M49*O49*Q49/100000000 -> 5.0516928 | U49: =E49*M49*O49*(Q49-R49-S49)/100000000 -> 4.7248186 | V49: =E49*G49*(1-N49)*O49/100*(R49+S49)/1000000 -> 0.3350461 | W49: =+'11'!K11/1000 -> 3.407 | AD49: =+AM49+BA49 -> 14 | AE49: - Change Blade (6x) | AG49: 14 | AM49: =SUM(AF49:AL49)+AT49+AV49+AX49 -> 14 | AR49: =SUM(AN49:AQ49) -> 0 | BA49: =+AR49+AS49+AU49+AW49+AY49+AZ49 -> 0 | BC49: 6
AD50: =+AM50+BA50 -> 41 | AE50: - Change Spool (27x) | AH50: 41 | AM50: =SUM(AF50:AL50)+AT50+AV50+AX50 -> 41 | AR50: =SUM(AN50:AQ50) -> 0 | BA50: =+AR50+AS50+AU50+AW50+AY50+AZ50 -> 0
A52: 45942 | B52: Toilet | C52: =(M52*E52*O52*Q52)/100000000 -> 4.3385126 | D52: VP OW | E52: 12 | F52: 1 | G52: 1230 | H52: =+N52 -> 0.23 | I52: 0.88 | J52: =E52*G52*(1-H52)*1440/1000000*2.74 -> 44.842533 | K52: =(IF(G52<L52,L52,G52)*(1-IF(H52<N52,H52,N52))*E52*O52*Q52)/100000000 -> 4.4469755 | L52: 1200 | M52: 924 | N52: =1-(M52/L52) -> 0.23 | O52: =+'Trim Rwd'!H32 -> 268 | P52: =O52*(Q52-R52-S52) -> 35644 | Q52: 146 | R52: 0 | S52: 13 | T52: =E52*M52*O52*Q52/100000000 -> 4.3385126 | U52: =E52*M52*O52*(Q52-R52-S52)/100000000 -> 3.9522067 | V52: =E52*G52*(1-N52)*O52/100*(R52+S52)/1000000 -> 0.39596357 | W52: =+'12'!K11/1000 -> 7.721 | X52: =SUM(W52:W55)/SUM(K52:K55) -> 0.8774019 | Y52: =+SUM(RBP!AG31:AG32) -> 0 | Z52: 0 | AA52: =SUM(U52:U55)-SUM(W52:W55)-SUM(Z52:Z55)-SUM(Y52:Y55) -> 0.94414352 | AB52: =(SUM(K52:K55)-SUM(W52:W55)-SUM(Y52:Y55)-SUM(Z52:Z55)-SUM(AC52:AC55)-SUM(V52:V55))-AA52 -> 1.9713223 | AC52: =K52-T52 -> 0.10846282 | AD52: =+AM52+BA52 -> 23 | AE52: - Sheet Breaks (9x) | AF52: 23 | AM52: =SUM(AF52:AL52)+AT52+AV52+AX52 -> 23 | AR52: =SUM(AN52:AQ52) -> 0 | BA52: =+AR52+AS52+AU52+AW52+AY52+AZ52 -> 0 | BB52: 9
B53: Toilet | C53: =(M53*E53*O53*Q53)/100000000 -> 39.87078 | D53: VP OW | E53: 12.5 | F53: 1 | G53: 1230 | H53: =+N53 -> 0.21 | I53: 0.88 | J53: =E53*G53*(1-H53)*1440/1000000*2.74 -> 47.924244 | K53: =(IF(G53<L53,L53,G53)*(1-IF(H53<N53,H53,N53))*E53*O53*Q53)/100000000 -> 41.965051 | L53: 1168.6167 | M53: 923.20719 | N53: =1-(M53/L53) -> 0.21 | O53: =+'Trim Rwd'!H31 -> 267 | P53: =O53*(Q53-R53-S53) -> 326808 | Q53: 1294 | R53: 0 | S53: 70 | T53: =E53*M53*O53*Q53/100000000 -> 39.87078 | U53: =E53*M53*O53*(Q53-R53-S53)/100000000 -> 37.713937 | V53: =E53*G53*(1-N53)*O53/100*(R53+S53)/1000000 -> 2.2701341 | W53: =+'12'!K10/1000 -> 33.001 | AD53: =+AM53+BA53 -> 8 | AE53: - Change Blade (0x) | AG53: 8 | AM53: =SUM(AF53:AL53)+AT53+AV53+AX53 -> 8 | AR53: =SUM(AN53:AQ53) -> 0 | BA53: =+AR53+AS53+AU53+AW53+AY53+AZ53 -> 0 | BC53: 0
AD54: =+AM54+BA54 -> 52 | AE54: - Change Spool (25x) | AH54: 52 | AM54: =SUM(AF54:AL54)+AT54+AV54+AX54 -> 52 | AR54: =SUM(AN54:AQ54) -> 0 | BA54: =+AR54+AS54+AU54+AW54+AY54+AZ54 -> 0
A56: 45943 | B56: Toilet | C56: =(M56*E56*O56*Q56)/100000000 -> 44.600902 | D56: VP OW | E56: 12.5 | F56: 1 | G56: 1230 | H56: =+N56 -> 0.21666338 | I56: 0.88 | J56: =E56*G56*(1-H56)*1440/1000000*2.74 -> 47.520019 | K56: =(IF(G56<L56,L56,G56)*(1-IF(H56<N56,H56,N56))*E56*O56*Q56)/100000000 -> 46.306004 | L56: 1184.7083 | M56: 928.02542 | N56: =1-(M56/L56) -> 0.21666338 | O56: =+'Trim Rwd'!H34 -> 267 | P56: =O56*(Q56-R56-S56) -> 360717 | Q56: 1440 | R56: 0 | S56: 89 | T56: =E56*M56*O56*Q56/100000000 -> 44.600902 | U56: =E56*M56*O56*(Q56-R56-S56)/100000000 -> 41.844318 | V56: =E56*G56*(1-N56)*O56/100*(R56+S56)/1000000 -> 2.8619683 | W56: =+'13'!K10/1000 -> 39.529 | X56: =SUM(W56:W59)/SUM(K56:K59) -> 0.8536474 | Y56: =+SUM(RBP!AG35:AG36) -> 0 | Z56: 0 | AA56: =SUM(U56:U59)-SUM(W56:W59)-SUM(Z56:Z59)-SUM(Y56:Y59) -> 2.315318 | AB56: =(SUM(K56:K59)-SUM(W56:W59)-SUM(Y56:Y59)-SUM(Z56:Z59)-SUM(AC56:AC59)-SUM(V56:V59))-AA56 -> -0.10538481 | AC56: =K56-T56 -> 1.7051025 | AD56: =+AM56+BA56 -> 38 | AE56: - Sheet Breaks (11x) | AF56: 38 | AM56: =SUM(AF56:AL56)+AT56+AV56+AX56 -> 38 | AR56: =SUM(AN56:AQ56) -> 0 | BA56: =+AR56+AS56+AU56+AW56+AY56+AZ56 -> 0 | BB56: 11
AD57: =+AM57+BA57 -> 0 | AE57: - Change Blade (0x) | AG57: 0 | AM57: =SUM(AF57:AL57)+AT57+AV57+AX57 -> 0 | AR57: =SUM(AN57:AQ57) -> 0 | BA57: =+AR57+AS57+AU57+AW57+AY57+AZ57 -> 0 | BC57: 0
AD58: =+AM58+BA58 -> 51 | AE58: - Change Spool (29x) | AH58: 51 | AM58: =SUM(AF58:AL58)+AT58+AV58+AX58 -> 51 | AR58: =SUM(AN58:AQ58) -> 0 | BA58: =+AR58+AS58+AU58+AW58+AY58+AZ58 -> 0
A60: 45944 | B60: Toilet | C60: =(M60*E60*O60*Q60)/100000000 -> 44.898179 | D60: VP OW | E60: 12.5 | F60: 1 | G60: 1230 | H60: =+N60 -> 0.21260533 | I60: 0.88 | J60: =E60*G60*(1-H60)*1440/1000000*2.74 -> 47.766196 | K60: =(IF(G60<L60,L60,G60)*(1-IF(H60<N60,H60,N60))*E60*O60*Q60)/100000000 -> 46.545891 | L60: 1186.4583 | M60: 934.21097 | N60: =1-(M60/L60) -> 0.21260533 | O60: =+'Trim Rwd'!H36 -> 267 | P60: =O60*(Q60-R60-S60) -> 362853 | Q60: 1440 | R60: 0 | S60: 81 | T60: =E60*M60*O60*Q60/100000000 -> 44.898179 | U60: =E60*M60*O60*(Q60-R60-S60)/100000000 -> 42.372657 | V60: =E60*G60*(1-N60)*O60/100*(R60+S60)/1000000 -> 2.6182064 | W60: =+'14'!K10/1000 -> 34.833 | X60: =SUM(W60:W63)/SUM(K60:K63) -> 0.74835821 | Y60: 0 | Z60: 0 | AA60: =SUM(U60:U63)-SUM(W60:W63)-SUM(Z60:Z63)-SUM(Y60:Y63) -> 7.5396567 | AB60: =(SUM(K60:K63)-SUM(W60:W63)-SUM(Y60:Y63)-SUM(Z60:Z63)-SUM(AC60:AC63)-SUM(V60:V63))-AA60 -> -0.092683796 | AC60: =K60-T60 -> 1.6477119 | AD60: =+AM60+BA60 -> 15 | AE60: - Sheet Breaks (6x) | AF60: 15 | AM60: =SUM(AF60:AL60)+AT60+AV60+AX60 -> 15 | AR60: =SUM(AN60:AQ60) -> 0 | BA60: =+AR60+AS60+AU60+AW60+AY60+AZ60 -> 0 | BB60: 6
AD61: =+AM61+BA61 -> 12 | AE61: - Change Blade (6x) | AG61: 12 | AM61: =SUM(AF61:AL61)+AT61+AV61+AX61 -> 12 | AR61: =SUM(AN61:AQ61) -> 0 | BA61: =+AR61+AS61+AU61+AW61+AY61+AZ61 -> 0 | BC61: 6
AD62: =+AM62+BA62 -> 54 | AE62: - Change Spool (28x) | AH62: 54 | AM62: =SUM(AF62:AL62)+AT62+AV62+AX62 -> 54 | AR62: =SUM(AN62:AQ62) -> 0 | BA62: =+AR62+AS62+AU62+AW62+AY62+AZ62 -> 0
A64: 45945 | B64: Toilet | C64: =(M64*E64*O64*Q64)/100000000 -> 12.149535 | D64: VP OW | E64: 12.5 | F64: 1 | G64: 1230 | H64: =+N64 -> 0.22923777 | I64: 0.88 | J64: =E64*G64*(1-H64)*1440/1000000*2.74 -> 46.757211 | K64: =(IF(G64<L64,L64,G64)*(1-IF(H64<N64,H64,N64))*E64*O64*Q64)/100000000 -> 12.656301 | L64: 1180.75 | M64: 910.0775 | N64: =1-(M64/L64) -> 0.22923777 | O64: =+'Trim Rwd'!H38 -> 267 | P64: =O64*(Q64-R64-S64) -> 97989 | Q64: 400 | R64: 0 | S64: 33 | T64: =E64*M64*O64*Q64/100000000 -> 12.149535 | U64: =E64*M64*O64*(Q64-R64-S64)/100000000 -> 11.147198 | V64: =E64*G64*(1-N64)*O64/100*(R64+S64)/1000000 -> 1.0441448 | W64: =+'15'!K10/1000 -> 15.006 | X64: =SUM(W64:W67)/SUM(K64:K67) -> 0.77149255 | Y64: =+SUM(RBP!AG43:AG44) -> 0 | Z64: 0 | AA64: =SUM(U64:U67)-SUM(W64:W67)-SUM(Z64:Z67)-SUM(Y64:Y67) -> 3.8370858 | AB64: =(SUM(K64:K67)-SUM(W64:W67)-SUM(Y64:Y67)-SUM(Z64:Z67)-SUM(AC64:AC67)-SUM(V64:V67))-AA64 -> 0.6285121 | AC64: =K64-T64 -> 0.50676653 | AD64: =+AM64+BA64 -> 18 | AE64: - Sheet Breaks (6x) | AF64: 18 | AM64: =SUM(AF64:AL64)+AT64+AV64+AX64 -> 18 | AR64: =SUM(AN64:AQ64) -> 0 | BA64: =+AR64+AS64+AU64+AW64+AY64+AZ64 -> 0 | BB64: 6
B65: Facial | C65: =(M65*E65*O65*Q65)/100000000 -> 31.513138 | D65: VP OW | E65: 12.5 | F65: 1 | G65: 1230 | H65: =+N65 -> 0.23082506 | I65: 0.88 | J65: =E65*G65*(1-H65)*1440/1000000*2.74 -> 46.660921 | K65: =(IF(G65<L65,L65,G65)*(1-IF(H65<N65,H65,N65))*E65*O65*Q65)/100000000 -> 32.285157 | L65: 1200.5876 | M65: 923.46191 | N65: =1-(M65/L65) -> 0.23082506 | O65: =+'Trim Rwd'!H39 -> 262.5 | P65: =O65*(Q65-R65-S65) -> 237037.5 | Q65: =953+87 -> 1040 | R65: 87 | S65: 50 | T65: =E65*M65*O65*Q65/100000000 -> 31.513138 | U65: =E65*M65*O65*(Q65-R65-S65)/100000000 -> 27.361888 | V65: =E65*G65*(1-N65)*O65/100*(R65+S65)/1000000 -> 4.2529485 | W65: =+'15'!K8/1000 -> 19.666 | AD65: =+AM65+BA65 -> 6 | AE65: - Change Blade (2x) | AG65: 6 | AM65: =SUM(AF65:AL65)+AT65+AV65+AX65 -> 6 | AR65: =SUM(AN65:AQ65) -> 0 | BA65: =+AR65+AS65+AU65+AW65+AY65+AZ65 -> 0 | BC65: 2
AD66: =+AM66+BA66 -> 59 | AE66: - Change Spool (28x) | AH66: 59 | AM66: =SUM(AF66:AL66)+AT66+AV66+AX66 -> 59 | AR66: =SUM(AN66:AQ66) -> 0 | BA66: =+AR66+AS66+AU66+AW66+AY66+AZ66 -> 0
AD67: =+AM67+BA67 -> 87 | AE67: - 20:17 pm trip ( info EID ) | AM67: =SUM(AF67:AL67)+AT67+AV67+AX67 -> 0 | AP67: 87 | AR67: =SUM(AN67:AQ67) -> 87 | BA67: =+AR67+AS67+AU67+AW67+AY67+AZ67 -> 87
A69: 45946 | B69: Facial | C69: =(M69*E69*O69*Q69)/100000000 -> 24.180865 | D69: VP OW | E69: 12.5 | F69: 1 | G69: 1230 | H69: =+N69 -> 0.23 | I69: 0.88 | J69: =E69*G69*(1-H69)*1440/1000000*2.74 -> 46.710972 | K69: =(IF(G69<L69,L69,G69)*(1-IF(H69<N69,H69,N69))*E69*O69*Q69)/100000000 -> 24.275751 | L69: 1225.1923 | M69: 943.39808 | N69: =1-(M69/L69) -> 0.23 | O69: =+'Trim Rwd'!H42 -> 262.88889 | P69: =O69*(Q69-R69-S69) -> 196903.78 | Q69: 780 | R69: 0 | S69: 31 | T69: =E69*M69*O69*Q69/100000000 -> 24.180865 | U69: =E69*M69*O69*(Q69-R69-S69)/100000000 -> 23.219831 | V69: =E69*G69*(1-N69)*O69/100*(R69+S69)/1000000 -> 0.96480551 | W69: =+'16'!K8/1000 -> 24.206 | X69: =SUM(W69:W72)/SUM(K69:K72) -> 0.84942606 | Y69: =+SUM(RBP!AG48:AG49) -> 0 | Z69: =+'16'!D16/1000 -> 0.25 | AA69: =SUM(U69:U72)-SUM(W69:W72)-SUM(Z69:Z72)-SUM(Y69:Y72) -> 4.2922431 | AB69: =(SUM(K69:K72)-SUM(W69:W72)-SUM(Y69:Y72)-SUM(Z69:Z72)-SUM(AC69:AC72)-SUM(V69:V72))-AA69 -> -0.0037711285 | AC69: =K69-T69 -> 0.094886458 | AD69: =+AM69+BA69 -> 21 | AE69: - Sheet Breaks (6x) | AF69: 21 | AM69: =SUM(AF69:AL69)+AT69+AV69+AX69 -> 21 | AR69: =SUM(AN69:AQ69) -> 0 | BA69: =+AR69+AS69+AU69+AW69+AY69+AZ69 -> 0 | BB69: 6
B70: Facial | C70: =(M70*E70*O70*Q70)/100000000 -> 20.965384 | D70: VP OW | E70: 13 | F70: 1 | G70: 1230 | H70: =+N70 -> 0.23 | I70: 0.88 | J70: =E70*G70*(1-H70)*1440/1000000*2.74 -> 48.579411 | K70: =(IF(G70<L70,L70,G70)*(1-IF(H70<N70,H70,N70))*E70*O70*Q70)/100000000 -> 20.965384 | L70: 1230 | M70: 947.1 | N70: =1-(M70/L70) -> 0.23 | O70: =+'Trim Rwd'!H44 -> 258 | P70: =O70*(Q70-R70-S70) -> 162540 | Q70: 660 | R70: 0 | S70: 30 | T70: =E70*M70*O70*Q70/100000000 -> 20.965384 | U70: =E70*M70*O70*(Q70-R70-S70)/100000000 -> 20.012412 | V70: =E70*G70*(1-N70)*O70/100*(R70+S70)/1000000 -> 0.95297202 | W70: =+'16'!K12/1000 -> 14.223 | Z70: =+'16'!D25/1000 -> 0.261 | AD70: =+AM70+BA70 -> 10 | AE70: - Change Blade (5x) | AG70: 10 | AM70: =SUM(AF70:AL70)+AT70+AV70+AX70 -> 10 | AR70: =SUM(AN70:AQ70) -> 0 | BA70: =+AR70+AS70+AU70+AW70+AY70+AZ70 -> 0 | BC70: 5
AD71: =+AM71+BA71 -> 30 | AE71: - Change Spool (28x) | AH71: 30 | AM71: =SUM(AF71:AL71)+AT71+AV71+AX71 -> 30 | AR71: =SUM(AN71:AQ71) -> 0 | BA71: =+AR71+AS71+AU71+AW71+AY71+AZ71 -> 0
A73: 45947 | B73: Facial | C73: =(M73*E73*O73*Q73)/100000000 -> 4.075915 | D73: VP OW | E73: 13 | F73: 1 | G73: 1230 | H73: =+N73 -> 0.24 | I73: 0.88 | J73: =E73*G73*(1-H73)*1440/1000000*2.74 -> 47.948509 | K73: =(IF(G73<L73,L73,G73)*(1-IF(H73<N73,H73,N73))*E73*O73*Q73)/100000000 -> 4.075915 | L73: 1230 | M73: 934.8 | N73: =1-(M73/L73) -> 0.24 | O73: =+'Trim Rwd'!H46 -> 258 | P73: =O73*(Q73-R73-S73) -> 30702 | Q73: 130 | R73: 0 | S73: 11 | T73: =E73*M73*O73*Q73/100000000 -> 4.075915 | U73: =E73*M73*O73*(Q73-R73-S73)/100000000 -> 3.7310298 | V73: =E73*G73*(1-N73)*O73/100*(R73+S73)/1000000 -> 0.34488511 | W73: =+'17'!K12/1000 -> 13.881 | X73: =SUM(W73:W76)/SUM(K73:K76) -> 0.86844313 | Y73: =+SUM(RBP!AG52:AG53) -> 0 | Z73: =+'16'!D20/1000 -> 0 | AA73: =SUM(U73:U76)-SUM(W73:W76)-SUM(Z73:Z76)-SUM(Y73:Y76) -> 2.369705 | AB73: =(SUM(K73:K76)-SUM(W73:W76)-SUM(Y73:Y76)-SUM(Z73:Z76)-SUM(AC73:AC76)-SUM(V73:V76))-AA73 -> 0.27569529 | AC73: =K73-T73 -> 0 | AD73: =+AM73+BA73 -> 0 | AE73: - Sheet Breaks (0x) | AF73: 0 | AM73: =SUM(AF73:AL73)+AT73+AV73+AX73 -> 0 | AR73: =SUM(AN73:AQ73) -> 0 | BA73: =+AR73+AS73+AU73+AW73+AY73+AZ73 -> 0 | BB73: 0
B74: Facial | C74: =(M74*E74*O74*Q74)/100000000 -> 13.498351 | D74: VP OW | E74: 11 | F74: 1 | G74: 1230 | H74: =+N74 -> 0.22699659 | I74: 0.88 | J74: =E74*G74*(1-H74)*1440/1000000*2.74 -> 41.265989 | K74: =(IF(G74<L74,L74,G74)*(1-IF(H74<N74,H74,N74))*E74*O74*Q74)/100000000 -> 13.599704 | L74: 1220.8333 | M74: 943.70833 | N74: =1-(M74/L74) -> 0.22699659 | O74: =+'Trim Rwd'!H47 -> 258 | P74: =O74*(Q74-R74-S74) -> 122292 | Q74: 504 | R74: 0 | S74: 30 | T74: =E74*M74*O74*Q74/100000000 -> 13.498351 | U74: =E74*M74*O74*(Q74-R74-S74)/100000000 -> 12.694878 | V74: =E74*G74*(1-N74)*O74/100*(R74+S74)/1000000 -> 0.80950618 | W74: =+'17'!K13/1000 -> 11.154 | Z74: =+'16'!D29/1000 -> 0 | AD74: =+AM74+BA74 -> 40 | AE74: - Change Blade (15x) | AG74: 40 | AM74: =SUM(AF74:AL74)+AT74+AV74+AX74 -> 40 | AR74: =SUM(AN74:AQ74) -> 0 | BA74: =+AR74+AS74+AU74+AW74+AY74+AZ74 -> 0 | BC74: 15
B75: Facial | C75: =(M75*E75*O75*Q75)/100000000 -> 23.461207 | D75: VP OW | E75: 12 | F75: 1 | G75: 1230 | H75: =+N75 -> 0.23 | I75: 0.88 | J75: =E75*G75*(1-H75)*1440/1000000*2.74 -> 44.842533 | K75: =(IF(G75<L75,L75,G75)*(1-IF(H75<N75,H75,N75))*E75*O75*Q75)/100000000 -> 23.653512 | L75: 1220 | M75: 939.4 | N75: =1-(M75/L75) -> 0.23 | O75: =+'Trim Rwd'!H48 -> 258.21622 | P75: =O75*(Q75-R75-S75) -> 195211.46 | Q75: 806 | R75: 0 | S75: =91-S73-S74 -> 50 | T75: =E75*M75*O75*Q75/100000000 -> 23.461207 | U75: =E75*M75*O75*(Q75-R75-S75)/100000000 -> 22.005797 | V75: =E75*G75*(1-N75)*O75/100*(R75+S75)/1000000 -> 1.4673395 | W75: =+'17'!K7/1000 -> 10.857 | Z75: =+'17'!D25/1000 -> 0.17 | AD75: =+AM75+BA75 -> 51 | AE75: - Change Spool (31x) | AH75: 51 | AM75: =SUM(AF75:AL75)+AT75+AV75+AX75 -> 51 | AR75: =SUM(AN75:AQ75) -> 0 | BA75: =+AR75+AS75+AU75+AW75+AY75+AZ75 -> 0
A77: 45948 | B77: Facial | C77: =(M77*E77*O77*Q77)/100000000 -> 42.225304 | D77: VP OW | E77: 12 | F77: 1 | G77: 1230 | H77: =+N77 -> 0.23 | I77: 0.88 | J77: =E77*G77*(1-H77)*1440/1000000*2.74 -> 44.842533 | K77: =(IF(G77<L77,L77,G77)*(1-IF(H77<N77,H77,N77))*E77*O77*Q77)/100000000 -> 42.455415 | L77: 1223.3333 | M77: 941.96667 | N77: =1-(M77/L77) -> 0.23 | O77: =+'Trim Rwd'!H51 -> 259.41406 | P77: =O77*(Q77-R77-S77) -> 354100.2 | Q77: 1440 | R77: 0 | S77: 75 | T77: =E77*M77*O77*Q77/100000000 -> 42.225304 | U77: =E77*M77*O77*(Q77-R77-S77)/100000000 -> 40.02607 | V77: =E77*G77*(1-N77)*O77/100*(R77+S77)/1000000 -> 2.2112195 | W77: =+'18'!K7/1000 -> 27.89 | X77: =SUM(W77:W80)/SUM(K77:K80) -> 0.8309423 | Y77: =+SUM(RBP!AG56:AG57) -> 0 | Z77: =+'16'!D24/1000 -> 1.9823963e-05 | AA77: =SUM(U77:U80)-SUM(W77:W80)-SUM(Z77:Z80)-SUM(Y77:Y80) -> 4.7480304 | AB77: =(SUM(K77:K80)-SUM(W77:W80)-SUM(Y77:Y80)-SUM(Z77:Z80)-SUM(AC77:AC80)-SUM(V77:V80))-AA77 -> -0.01198493 | AC77: =K77-T77 -> 0.23011065 | AD77: =+AM77+BA77 -> 15 | AE77: - Sheet Breaks (6x) | AF77: 15 | AM77: =SUM(AF77:AL77)+AT77+AV77+AX77 -> 15 | AR77: =SUM(AN77:AQ77) -> 0 | BA77: =+AR77+AS77+AU77+AW77+AY77+AZ77 -> 0 | BB77: 6
B78: Facial | E78: 13 | W78: =+'18'!K12/1000 -> 7.388 | Z78: =+'16'!D33/1000 -> 1.9476158e-05 | AD78: =+AM78+BA78 -> 0 | AE78: - Change Blade (0x) | AG78: 0 | AM78: =SUM(AF78:AL78)+AT78+AV78+AX78 -> 0 | AR78: =SUM(AN78:AQ78) -> 0 | BA78: =+AR78+AS78+AU78+AW78+AY78+AZ78 -> 0 | BC78: 0
AD79: =+AM79+BA79 -> 60 | AE79: - Change Spool (27x) | AH79: 60 | AM79: =SUM(AF79:AL79)+AT79+AV79+AX79 -> 60 | AR79: =SUM(AN79:AQ79) -> 0 | BA79: =+AR79+AS79+AU79+AW79+AY79+AZ79 -> 0
A81: 45949 | B81: Facial | C81: =(M81*E81*O81*Q81)/100000000 -> 0.7714707 | D81: VP OW | E81: 12 | F81: 1 | G81: 1230 | H81: =+N81 -> 0.23 | I81: 0.88 | J81: =E81*G81*(1-H81)*1440/1000000*2.74 -> 44.842533 | K81: =(IF(G81<L81,L81,G81)*(1-IF(H81<N81,H81,N81))*E81*O81*Q81)/100000000 -> 0.7756749 | L81: 1223.3333 | M81: 941.96667 | N81: =1-(M81/L81) -> 0.23 | O81: =+'Trim Rwd'!H55 -> 262.5 | P81: =O81*(Q81-R81-S81) -> 6825 | Q81: =1440-1414 -> 26 | R81: =1414-1414 -> 0 | S81: 0 | T81: =E81*M81*O81*Q81/100000000 -> 0.7714707 | U81: =E81*M81*O81*(Q81-R81-S81)/100000000 -> 0.7714707 | V81: =E81*G81*(1-N81)*O81/100*(R81+S81)/1000000 -> 0 | W81: =+'19'!K7/1000 -> 2.821 | X81: =SUM(W81:W84)/SUM(K81:K84) -> 3.6368329 | Y81: 0 | Z81: =+'19'!D7/1000 -> 0.26 | AA81: =SUM(U81:U84)-SUM(W81:W84)-SUM(Z81:Z84)-SUM(Y81:Y84) -> -2.3095293 | AB81: =(SUM(K81:K84)-SUM(W81:W84)-SUM(Y81:Y84)-SUM(Z81:Z84)-SUM(AC81:AC84)-SUM(V81:V84))-AA81 -> 0 | AC81: =K81-T81 -> 0.0042042 | AD81: =+AM81+BA81 -> 0 | AE81: - Sheet Breaks (0x) | AF81: 0 | AM81: =SUM(AF81:AL81)+AT81+AV81+AX81 -> 0 | AR81: =SUM(AN81:AQ81) -> 0 | BA81: =+AR81+AS81+AU81+AW81+AY81+AZ81 -> 0 | BB81: 0
AD82: =+AM82+BA82 -> 0 | AE82: - Change Blade (0x) | AG82: 0 | AM82: =SUM(AF82:AL82)+AT82+AV82+AX82 -> 0 | AR82: =SUM(AN82:AQ82) -> 0 | BA82: =+AR82+AS82+AU82+AW82+AY82+AZ82 -> 0 | BC82: 0
AD83: =+AM83+BA83 -> 0 | AE83: - Change Spool (0x) | AH83: 0 | AM83: =SUM(AF83:AL83)+AT83+AV83+AX83 -> 0 | AR83: =SUM(AN83:AQ83) -> 0 | BA83: =+AR83+AS83+AU83+AW83+AY83+AZ83 -> 0
AD84: =+AM84+BA84 -> 0 | AE84: 7:26 pm stop persiapan grinding yankee | AM84: =SUM(AF84:AL84)+AT84+AV84+AX84 -> 0 | AR84: =SUM(AN84:AQ84) -> 0 | AZ84: =1414-1414 -> 0 | BA84: =+AR84+AS84+AU84+AW84+AY84+AZ84 -> 0
A86: 45950 | B86: STOP | C86: =(M86*E86*O86*Q86)/100000000 -> 0 | D86: VP OW | E86: 12 | F86: 1 | G86: 1230 | H86: =+N86 -> 0.23 | I86: 0.88 | J86: =E86*G86*(1-H86)*1440/1000000*2.74 -> 44.842533 | K86: =(IF(G86<L86,L86,G86)*(1-IF(H86<N86,H86,N86))*E86*O86*Q86)/100000000 -> 0 | L86: 1223.3333 | M86: 941.96667 | N86: =1-(M86/L86) -> 0.23 | O86: =+'Trim Rwd'!H57 -> 262.5 | P86: =O86*(Q86-R86-S86) -> 0 | Q86: =1440-1440 -> 0 | R86: =1440-1440 -> 0 | S86: 0 | T86: =E86*M86*O86*Q86/100000000 -> 0 | U86: =E86*M86*O86*(Q86-R86-S86)/100000000 -> 0 | V86: =E86*G86*(1-N86)*O86/100*(R86+S86)/1000000 -> 0 | W86: =+'19'!K12/1000 -> 0 | X86: =SUM(W86:W89)/SUM(K86:K89) -> #DIV/0! | Y86: =+'19'!D12/1000 -> 0 | Z86: =+'19'!D12/1000 -> 0 | AA86: =SUM(U86:U89)-SUM(W86:W89)-SUM(Z86:Z89)-SUM(Y86:Y89) -> 0 | AB86: =(SUM(K86:K89)-SUM(W86:W89)-SUM(Y86:Y89)-SUM(Z86:Z89)-SUM(AC86:AC89)-SUM(V86:V89))-AA86 -> 0 | AC86: =K86-T86 -> 0 | AD86: =+AM86+BA86 -> 0 | AE86: - Sheet Breaks (0x) | AF86: 0 | AM86: =SUM(AF86:AL86)+AT86+AV86+AX86 -> 0 | AR86: =SUM(AN86:AQ86) -> 0 | BA86: =+AR86+AS86+AU86+AW86+AY86+AZ86 -> 0 | BB86: 0
AD87: =+AM87+BA87 -> 0 | AE87: - Change Blade (0x) | AG87: 0 | AM87: =SUM(AF87:AL87)+AT87+AV87+AX87 -> 0 | AR87: =SUM(AN87:AQ87) -> 0 | BA87: =+AR87+AS87+AU87+AW87+AY87+AZ87 -> 0 | BC87: 0
AD88: =+AM88+BA88 -> 0 | AE88: - Change Spool (0x) | AH88: 0 | AM88: =SUM(AF88:AL88)+AT88+AV88+AX88 -> 0 | AR88: =SUM(AN88:AQ88) -> 0 | BA88: =+AR88+AS88+AU88+AW88+AY88+AZ88 -> 0
AD89: =+AM89+BA89 -> 0 | AE89: 7:26 pm stop persiapan grinding yankee | AM89: =SUM(AF89:AL89)+AT89+AV89+AX89 -> 0 | AR89: =SUM(AN89:AQ89) -> 0 | AZ89: =1440-1440 -> 0 | BA89: =+AR89+AS89+AU89+AW89+AY89+AZ89 -> 0
A91: 45951 | B91: STOP | C91: =(M91*E91*O91*Q91)/100000000 -> 0 | D91: VP OW | E91: 12 | F91: 1 | G91: 1230 | H91: =+N91 -> 0.23 | I91: 0.88 | J91: =E91*G91*(1-H91)*1440/1000000*2.74 -> 44.842533 | K91: =(IF(G91<L91,L91,G91)*(1-IF(H91<N91,H91,N91))*E91*O91*Q91)/100000000 -> 0 | L91: 1223.3333 | M91: 941.96667 | N91: =1-(M91/L91) -> 0.23 | O91: =+'Trim Rwd'!H59 -> 262.5 | P91: =O91*(Q91-R91-S91) -> 0 | Q91: =1440-1440 -> 0 | R91: =1440-1440 -> 0 | S91: 0 | T91: =E91*M91*O91*Q91/100000000 -> 0 | U91: =E91*M91*O91*(Q91-R91-S91)/100000000 -> 0 | V91: =E91*G91*(1-N91)*O91/100*(R91+S91)/1000000 -> 0 | W91: =+'19'!K17/1000 -> 0 | X91: =SUM(W91:W94)/SUM(K91:K94) -> #DIV/0! | Y91: =+'19'!D17/1000 -> 0 | Z91: =+'19'!D17/1000 -> 0 | AA91: =SUM(U91:U94)-SUM(W91:W94)-SUM(Z91:Z94)-SUM(Y91:Y94) -> 0 | AB91: =(SUM(K91:K94)-SUM(W91:W94)-SUM(Y91:Y94)-SUM(Z91:Z94)-SUM(AC91:AC94)-SUM(V91:V94))-AA91 -> 0 | AC91: =K91-T91 -> 0 | AD91: =+AM91+BA91 -> 0 | AE91: - Sheet Breaks (0x) | AF91: 0 | AM91: =SUM(AF91:AL91)+AT91+AV91+AX91 -> 0 | AR91: =SUM(AN91:AQ91) -> 0 | BA91: =+AR91+AS91+AU91+AW91+AY91+AZ91 -> 0 | BB91: 0
AD92: =+AM92+BA92 -> 0 | AE92: - Change Blade (0x) | AG92: 0 | AM92: =SUM(AF92:AL92)+AT92+AV92+AX92 -> 0 | AR92: =SUM(AN92:AQ92) -> 0 | BA92: =+AR92+AS92+AU92+AW92+AY92+AZ92 -> 0 | BC92: 0
AD93: =+AM93+BA93 -> 0 | AE93: - Change Spool (0x) | AH93: 0 | AM93: =SUM(AF93:AL93)+AT93+AV93+AX93 -> 0 | AR93: =SUM(AN93:AQ93) -> 0 | BA93: =+AR93+AS93+AU93+AW93+AY93+AZ93 -> 0
AD94: =+AM94+BA94 -> 0 | AE94: - PM stop persiapan grinding yankee | AM94: =SUM(AF94:AL94)+AT94+AV94+AX94 -> 0 | AR94: =SUM(AN94:AQ94) -> 0 | AZ94: =1440-1440 -> 0 | BA94: =+AR94+AS94+AU94+AW94+AY94+AZ94 -> 0
A96: 45952 | B96: STOP | C96: =(M96*E96*O96*Q96)/100000000 -> 0 | D96: VP OW | E96: 12 | F96: 1 | G96: 1230 | H96: =+N96 -> 0.23 | I96: 0.88 | J96: =E96*G96*(1-H96)*1440/1000000*2.74 -> 44.842533 | K96: =(IF(G96<L96,L96,G96)*(1-IF(H96<N96,H96,N96))*E96*O96*Q96)/100000000 -> 0 | L96: 1223.3333 | M96: 941.96667 | N96: =1-(M96/L96) -> 0.23 | O96: =+'Trim Rwd'!H61 -> 262.5 | P96: =O96*(Q96-R96-S96) -> 0 | Q96: =1440-1440 -> 0 | R96: =1440-1440 -> 0 | S96: 0 | T96: =E96*M96*O96*Q96/100000000 -> 0 | U96: =E96*M96*O96*(Q96-R96-S96)/100000000 -> 0 | V96: =E96*G96*(1-N96)*O96/100*(R96+S96)/1000000 -> 0 | W96: =+'19'!K22/1000 -> 0 | X96: =SUM(W96:W99)/SUM(K96:K99) -> #DIV/0! | Y96: =+'19'!D22/1000 -> 0 | Z96: =+'19'!D22/1000 -> 0 | AA96: =SUM(U96:U99)-SUM(W96:W99)-SUM(Z96:Z99)-SUM(Y96:Y99) -> 0 | AB96: =(SUM(K96:K99)-SUM(W96:W99)-SUM(Y96:Y99)-SUM(Z96:Z99)-SUM(AC96:AC99)-SUM(V96:V99))-AA96 -> 0 | AC96: =K96-T96 -> 0 | AD96: =+AM96+BA96 -> 0 | AE96: - Sheet Breaks (0x) | AF96: 0 | AM96: =SUM(AF96:AL96)+AT96+AV96+AX96 -> 0 | AR96: =SUM(AN96:AQ96) -> 0 | BA96: =+AR96+AS96+AU96+AW96+AY96+AZ96 -> 0 | BB96: 0
AD97: =+AM97+BA97 -> 0 | AE97: - Change Blade (0x) | AG97: 0 | AM97: =SUM(AF97:AL97)+AT97+AV97+AX97 -> 0 | AR97: =SUM(AN97:AQ97) -> 0 | BA97: =+AR97+AS97+AU97+AW97+AY97+AZ97 -> 0 | BC97: 0
AD98: =+AM98+BA98 -> 0 | AE98: - Change Spool (0x) | AH98: 0 | AM98: =SUM(AF98:AL98)+AT98+AV98+AX98 -> 0 | AR98: =SUM(AN98:AQ98) -> 0 | BA98: =+AR98+AS98+AU98+AW98+AY98+AZ98 -> 0
AD99: =+AM99+BA99 -> 0 | AE99: - PM stop persiapan grinding yankee | AM99: =SUM(AF99:AL99)+AT99+AV99+AX99 -> 0 | AR99: =SUM(AN99:AQ99) -> 0 | AZ99: =1440-1440 -> 0 | BA99: =+AR99+AS99+AU99+AW99+AY99+AZ99 -> 0
A101: 45953 | B101: STOP | C101: =(M101*E101*O101*Q101)/100000000 -> 0 | D101: VP OW | E101: 12 | F101: 1 | G101: 1230 | H101: =+N101 -> 0.23 | I101: 0.88 | J101: =E101*G101*(1-H101)*1440/1000000*2.74 -> 44.842533 | K101: =(IF(G101<L101,L101,G101)*(1-IF(H101<N101,H101,N101))*E101*O101*Q101)/100000000 -> 0 | L101: 1223.3333 | M101: 941.96667 | N101: =1-(M101/L101) -> 0.23 | O101: =+'Trim Rwd'!H63 -> 262.5 | P101: =O101*(Q101-R101-S101) -> 0 | Q101: =1440-1440 -> 0 | R101: =1440-1440 -> 0 | S101: 0 | T101: =E101*M101*O101*Q101/100000000 -> 0 | U101: =E101*M101*O101*(Q101-R101-S101)/100000000 -> 0 | V101: =E101*G101*(1-N101)*O101/100*(R101+S101)/1000000 -> 0 | W101: =+'19'!K27/1000 -> 0 | X101: =SUM(W101:W104)/SUM(K101:K104) -> #DIV/0! | Y101: =+'19'!D27/1000 -> 0 | Z101: =+'19'!D27/1000 -> 0 | AA101: =SUM(U101:U104)-SUM(W101:W104)-SUM(Z101:Z104)-SUM(Y101:Y104) -> 0 | AB101: =(SUM(K101:K104)-SUM(W101:W104)-SUM(Y101:Y104)-SUM(Z101:Z104)-SUM(AC101:AC104)-SUM(V101:V104))-AA101 -> 0 | AC101: =K101-T101 -> 0 | AD101: =+AM101+BA101 -> 0 | AE101: - Sheet Breaks (0x) | AF101: 0 | AM101: =SUM(AF101:AL101)+AT101+AV101+AX101 -> 0 | AR101: =SUM(AN101:AQ101) -> 0 | BA101: =+AR101+AS101+AU101+AW101+AY101+AZ101 -> 0 | BB101: 0
AD102: =+AM102+BA102 -> 0 | AE102: - Change Blade (0x) | AG102: 0 | AM102: =SUM(AF102:AL102)+AT102+AV102+AX102 -> 0 | AR102: =SUM(AN102:AQ102) -> 0 | BA102: =+AR102+AS102+AU102+AW102+AY102+AZ102 -> 0 | BC102: 0
AD103: =+AM103+BA103 -> 0 | AE103: - Change Spool (0x) | AH103: 0 | AM103: =SUM(AF103:AL103)+AT103+AV103+AX103 -> 0 | AR103: =SUM(AN103:AQ103) -> 0 | BA103: =+AR103+AS103+AU103+AW103+AY103+AZ103 -> 0
AD104: =+AM104+BA104 -> 0 | AE104: - PM stop persiapan grinding yankee | AM104: =SUM(AF104:AL104)+AT104+AV104+AX104 -> 0 | AR104: =SUM(AN104:AQ104) -> 0 | AZ104: =1440-1440 -> 0 | BA104: =+AR104+AS104+AU104+AW104+AY104+AZ104 -> 0
A106: 45954 | B106: STOP | C106: =(M106*E106*O106*Q106)/100000000 -> 0 | D106: VP OW | E106: 12 | F106: 1 | G106: 1230 | H106: =+N106 -> 0.23 | I106: 0.88 | J106: =E106*G106*(1-H106)*1440/1000000*2.74 -> 44.842533 | K106: =(IF(G106<L106,L106,G106)*(1-IF(H106<N106,H106,N106))*E106*O106*Q106)/100000000 -> 0 | L106: 1223.3333 | M106: 941.96667 | N106: =1-(M106/L106) -> 0.23 | O106: =+'Trim Rwd'!H65 -> 262.5 | P106: =O106*(Q106-R106-S106) -> 0 | Q106: =1440-1440 -> 0 | R106: =1440-1440 -> 0 | S106: 0 | T106: =E106*M106*O106*Q106/100000000 -> 0 | U106: =E106*M106*O106*(Q106-R106-S106)/100000000 -> 0 | V106: =E106*G106*(1-N106)*O106/100*(R106+S106)/1000000 -> 0 | W106: =+'19'!K32/1000 -> 0 | X106: =SUM(W106:W109)/SUM(K106:K109) -> #DIV/0! | Y106: =+'19'!D32/1000 -> 0 | Z106: =+'19'!D32/1000 -> 0 | AA106: =SUM(U106:U109)-SUM(W106:W109)-SUM(Z106:Z109)-SUM(Y106:Y109) -> 0 | AB106: =(SUM(K106:K109)-SUM(W106:W109)-SUM(Y106:Y109)-SUM(Z106:Z109)-SUM(AC106:AC109)-SUM(V106:V109))-AA106 -> 0 | AC106: =K106-T106 -> 0 | AD106: =+AM106+BA106 -> 0 | AE106: - Sheet Breaks (0x) | AF106: 0 | AM106: =SUM(AF106:AL106)+AT106+AV106+AX106 -> 0 | AR106: =SUM(AN106:AQ106) -> 0 | BA106: =+AR106+AS106+AU106+AW106+AY106+AZ106 -> 0 | BB106: 0
AD107: =+AM107+BA107 -> 0 | AE107: - Change Blade (0x) | AG107: 0 | AM107: =SUM(AF107:AL107)+AT107+AV107+AX107 -> 0 | AR107: =SUM(AN107:AQ107) -> 0 | BA107: =+AR107+AS107+AU107+AW107+AY107+AZ107 -> 0 | BC107: 0
AD108: =+AM108+BA108 -> 0 | AE108: - Change Spool (0x) | AH108: 0 | AM108: =SUM(AF108:AL108)+AT108+AV108+AX108 -> 0 | AR108: =SUM(AN108:AQ108) -> 0 | BA108: =+AR108+AS108+AU108+AW108+AY108+AZ108 -> 0
AD109: =+AM109+BA109 -> 0 | AE109: - PM stop persiapan grinding yankee | AM109: =SUM(AF109:AL109)+AT109+AV109+AX109 -> 0 | AR109: =SUM(AN109:AQ109) -> 0 | AZ109: =1440-1440 -> 0 | BA109: =+AR109+AS109+AU109+AW109+AY109+AZ109 -> 0
A111: 45955 | B111: STOP | C111: =(M111*E111*O111*Q111)/100000000 -> 0 | D111: VP OW | E111: 12 | F111: 1 | G111: 1230 | H111: =+N111 -> 0.23 | I111: 0.88 | J111: =E111*G111*(1-H111)*1440/1000000*2.74 -> 44.842533 | K111: =(IF(G111<L111,L111,G111)*(1-IF(H111<N111,H111,N111))*E111*O111*Q111)/100000000 -> 0 | L111: 1223.3333 | M111: 941.96667 | N111: =1-(M111/L111) -> 0.23 | O111: =+'Trim Rwd'!H67 -> 262.5 | P111: =O111*(Q111-R111-S111) -> 0 | Q111: =1440-1440 -> 0 | R111: =1440-1440 -> 0 | S111: 0 | T111: =E111*M111*O111*Q111/100000000 -> 0 | U111: =E111*M111*O111*(Q111-R111-S111)/100000000 -> 0 | V111: =E111*G111*(1-N111)*O111/100*(R111+S111)/1000000 -> 0 | W111: 0 | X111: =SUM(W111:W114)/SUM(K111:K114) -> #DIV/0! | Y111: 0 | Z111: 0 | AA111: =SUM(U111:U114)-SUM(W111:W114)-SUM(Z111:Z114)-SUM(Y111:Y114) -> 0 | AB111: =(SUM(K111:K114)-SUM(W111:W114)-SUM(Y111:Y114)-SUM(Z111:Z114)-SUM(AC111:AC114)-SUM(V111:V114))-AA111 -> 0 | AC111: =K111-T111 -> 0 | AD111: =+AM111+BA111 -> 0 | AE111: - Sheet Breaks (0x) | AF111: 0 | AM111: =SUM(AF111:AL111)+AT111+AV111+AX111 -> 0 | AR111: =SUM(AN111:AQ111) -> 0 | BA111: =+AR111+AS111+AU111+AW111+AY111+AZ111 -> 0 | BB111: 0
AD112: =+AM112+BA112 -> 0 | AE112: - Change Blade (0x) | AG112: 0 | AM112: =SUM(AF112:AL112)+AT112+AV112+AX112 -> 0 | AR112: =SUM(AN112:AQ112) -> 0 | BA112: =+AR112+AS112+AU112+AW112+AY112+AZ112 -> 0 | BC112: 0
AD113: =+AM113+BA113 -> 0 | AE113: - Change Spool (0x) | AH113: 0 | AM113: =SUM(AF113:AL113)+AT113+AV113+AX113 -> 0 | AR113: =SUM(AN113:AQ113) -> 0 | BA113: =+AR113+AS113+AU113+AW113+AY113+AZ113 -> 0
AD114: =+AM114+BA114 -> 0 | AE114: - PM stop persiapan grinding yankee | AM114: =SUM(AF114:AL114)+AT114+AV114+AX114 -> 0 | AR114: =SUM(AN114:AQ114) -> 0 | AZ114: =1440-1440 -> 0 | BA114: =+AR114+AS114+AU114+AW114+AY114+AZ114 -> 0
A116: 45956 | B116: STOP | C116: =(M116*E116*O116*Q116)/100000000 -> 0 | D116: VP OW | E116: 12 | F116: 1 | G116: 1230 | H116: =+N116 -> 0.23 | I116: 0.88 | J116: =E116*G116*(1-H116)*1440/1000000*2.74 -> 44.842533 | K116: =(IF(G116<L116,L116,G116)*(1-IF(H116<N116,H116,N116))*E116*O116*Q116)/100000000 -> 0 | L116: 1223.3333 | M116: 941.96667 | N116: =1-(M116/L116) -> 0.23 | O116: =+'Trim Rwd'!H69 -> 262.5 | P116: =O116*(Q116-R116-S116) -> 0 | Q116: =1440-1440 -> 0 | R116: =1440-1440 -> 0 | S116: 0 | T116: =E116*M116*O116*Q116/100000000 -> 0 | U116: =E116*M116*O116*(Q116-R116-S116)/100000000 -> 0 | V116: =E116*G116*(1-N116)*O116/100*(R116+S116)/1000000 -> 0 | W116: 0 | X116: =SUM(W116:W119)/SUM(K116:K119) -> #DIV/0! | Y116: =+'19'!D42/1000 -> 0 | Z116: =+'19'!D42/1000 -> 0 | AA116: =SUM(U116:U119)-SUM(W116:W119)-SUM(Z116:Z119)-SUM(Y116:Y119) -> 0 | AB116: =(SUM(K116:K119)-SUM(W116:W119)-SUM(Y116:Y119)-SUM(Z116:Z119)-SUM(AC116:AC119)-SUM(V116:V119))-AA116 -> 0 | AC116: =K116-T116 -> 0 | AD116: =+AM116+BA116 -> 0 | AE116: - Sheet Breaks (0x) | AF116: 0 | AM116: =SUM(AF116:AL116)+AT116+AV116+AX116 -> 0 | AR116: =SUM(AN116:AQ116) -> 0 | BA116: =+AR116+AS116+AU116+AW116+AY116+AZ116 -> 0 | BB116: 0
AD117: =+AM117+BA117 -> 0 | AE117: - Change Blade (0x) | AG117: 0 | AM117: =SUM(AF117:AL117)+AT117+AV117+AX117 -> 0 | AR117: =SUM(AN117:AQ117) -> 0 | BA117: =+AR117+AS117+AU117+AW117+AY117+AZ117 -> 0 | BC117: 0
AD118: =+AM118+BA118 -> 0 | AE118: - Change Spool (0x) | AH118: 0 | AM118: =SUM(AF118:AL118)+AT118+AV118+AX118 -> 0 | AR118: =SUM(AN118:AQ118) -> 0 | BA118: =+AR118+AS118+AU118+AW118+AY118+AZ118 -> 0
AD119: =+AM119+BA119 -> 0 | AE119: - PM stop persiapan grinding yankee | AM119: =SUM(AF119:AL119)+AT119+AV119+AX119 -> 0 | AR119: =SUM(AN119:AQ119) -> 0 | AZ119: =1440-1440 -> 0 | BA119: =+AR119+AS119+AU119+AW119+AY119+AZ119 -> 0
A121: 45957 | B121: Facial | C121: =(M121*E121*O121*Q121)/100000000 -> 23.707699 | D121: VP OW | E121: 14 | F121: 1 | G121: 1230 | H121: =+N121 -> 0.21381743 | I121: 0.88 | J121: =E121*G121*(1-H121)*1440/1000000*2.74 -> 53.415785 | K121: =(IF(G121<L121,L121,G121)*(1-IF(H121<N121,H121,N121))*E121*O121*Q121)/100000000 -> 32.84226 | L121: 887.89474 | M121: 698.04737 | N121: =1-(M121/L121) -> 0.21381743 | O121: =+'Trim Rwd'!H71 -> 266 | P121: =O121*(Q121-R121-S121) -> 227430 | Q121: =1440-528 -> 912 | R121: =528-528 -> 0 | S121: 57 | T121: =E121*M121*O121*Q121/100000000 -> 23.707699 | U121: =E121*M121*O121*(Q121-R121-S121)/100000000 -> 22.225968 | V121: =E121*G121*(1-N121)*O121/100*(R121+S121)/1000000 -> 2.0526412 | W121: =+'27'!K14/1000 -> 14.464 | X121: =SUM(W121:W124)/SUM(K121:K124) -> 0.44040818 | Y121: =+'19'!D47/1000 -> 0 | Z121: =+'19'!D47/1000 -> 0 | AA121: =SUM(U121:U124)-SUM(W121:W124)-SUM(Z121:Z124)-SUM(Y121:Y124) -> 7.7619678 | AB121: =(SUM(K121:K124)-SUM(W121:W124)-SUM(Y121:Y124)-SUM(Z121:Z124)-SUM(AC121:AC124)-SUM(V121:V124))-AA121 -> -0.57091006 | AC121: =K121-T121 -> 9.134561 | AD121: =+AM121+BA121 -> 18 | AE121: - Sheet Breaks (7x) | AF121: 18 | AM121: =SUM(AF121:AL121)+AT121+AV121+AX121 -> 18 | AR121: =SUM(AN121:AQ121) -> 0 | BA121: =+AR121+AS121+AU121+AW121+AY121+AZ121 -> 0 | BB121: 7
AD122: =+AM122+BA122 -> 0 | AE122: - Change Blade (0x) | AG122: 0 | AM122: =SUM(AF122:AL122)+AT122+AV122+AX122 -> 0 | AR122: =SUM(AN122:AQ122) -> 0 | BA122: =+AR122+AS122+AU122+AW122+AY122+AZ122 -> 0 | BC122: 0
AD123: =+AM123+BA123 -> 39 | AE123: - Change Spool (17x) | AH123: 39 | AM123: =SUM(AF123:AL123)+AT123+AV123+AX123 -> 39 | AR123: =SUM(AN123:AQ123) -> 0 | BA123: =+AR123+AS123+AU123+AW123+AY123+AZ123 -> 0
AD124: =+AM124+BA124 -> 0 | AE124: - PM stop persiapan grinding yankee | AM124: =SUM(AF124:AL124)+AT124+AV124+AX124 -> 0 | AR124: =SUM(AN124:AQ124) -> 0 | AZ124: =528-528 -> 0 | BA124: =+AR124+AS124+AU124+AW124+AY124+AZ124 -> 0
A126: 45958 | B126: Facial | C126: =(M126*E126*O126*Q126)/100000000 -> 20.67489 | D126: VP OW | E126: 14 | F126: 1 | G126: 1230 | H126: =+N126 -> 0.2 | I126: 0.88 | J126: =E126*G126*(1-H126)*1440/1000000*2.74 -> 54.354586 | K126: =(IF(G126<L126,L126,G126)*(1-IF(H126<N126,H126,N126))*E126*O126*Q126)/100000000 -> 32.06364 | L126: 793.11377 | M126: 634.49102 | N126: =1-(M126/L126) -> 0.2 | O126: =+'Trim Rwd'!H73 -> 266 | P126: =O126*(Q126-R126-S126) -> 83790 | Q126: =334+541 -> 875 | R126: 541 | S126: 19 | T126: =E126*M126*O126*Q126/100000000 -> 20.67489 | U126: =E126*M126*O126*(Q126-R126-S126)/100000000 -> 7.4429603 | V126: =E126*G126*(1-N126)*O126/100*(R126+S126)/1000000 -> 20.52073 | W126: =+'28'!K14/1000 -> 3.002 | X126: =SUM(W126:W129)/SUM(K126:K129) -> 0.20423658 | Y126: 0 | Z126: 0 | AA126: =SUM(U126:U129)-SUM(W126:W129)-SUM(Z126:Z129)-SUM(Y126:Y129) -> 5.3606963 | AB126: =(SUM(K126:K129)-SUM(W126:W129)-SUM(Y126:Y129)-SUM(Z126:Z129)-SUM(AC126:AC129)-SUM(V126:V129))-AA126 -> 0.22261429 | AC126: =K126-T126 -> 11.38875 | AD126: =+AM126+BA126 -> 8 | AE126: - Sheet Breaks (7x) | AF126: 8 | AM126: =SUM(AF126:AL126)+AT126+AV126+AX126 -> 8 | AR126: =SUM(AN126:AQ126) -> 0 | BA126: =+AR126+AS126+AU126+AW126+AY126+AZ126 -> 0 | BB126: 7
B127: Facial | C127: =(M127*E127*O127*Q127)/100000000 -> 10.099488 | D127: VP OW | E127: 12 | F127: 1 | G127: 1230 | H127: =+N127 -> 0.2 | I127: 0.88 | J127: =E127*G127*(1-H127)*1440/1000000*2.74 -> 46.589645 | K127: =(IF(G127<L127,L127,G127)*(1-IF(H127<N127,H127,N127))*E127*O127*Q127)/100000000 -> 17.746243 | L127: 700 | M127: 560 | N127: =1-(M127/L127) -> 0.2 | O127: =+'Trim Rwd'!H74 -> 266 | P127: =O127*(Q127-R127-S127) -> 147630 | Q127: 565 | R127: 0 | S127: 10 | T127: =E127*M127*O127*Q127/100000000 -> 10.099488 | U127: =E127*M127*O127*(Q127-R127-S127)/100000000 -> 9.920736 | V127: =E127*G127*(1-N127)*O127/100*(R127+S127)/1000000 -> 0.3140928 | W127: =+'28'!K7/1000 -> 7.171 | Z127: =+'28'!D34/1000 -> 1.83 | AD127: =+AM127+BA127 -> 5 | AE127: - Change Blade (0x) | AG127: 5 | AM127: =SUM(AF127:AL127)+AT127+AV127+AX127 -> 5 | AR127: =SUM(AN127:AQ127) -> 0 | BA127: =+AR127+AS127+AU127+AW127+AY127+AZ127 -> 0 | BC127: 0
...

Sheet Chem
A4: CHEMICAL DAILY REPORT PM 14
F5: Paper Mill's Chemicals | GD5: Deinking's Chemicals | KT5: Paper mill's Chemicals | KU5: Deinking's Chemicals
A6: DATE | B6: GRADE | C6: GSM | D6: REEL PROD (TON) | E6: REW PROD (TON) | F6: AMIBOND DS 947 | I6: AMIBOND WS 418 | L6: WSR RESIN P-5500 | O6: AMICIDE BX 9127 | R6: AMICIDE BX 9160 | U6: AMICIDE BX 9193 | X6: AMICIDE BX 9226 | AA6: AMICIDE BX 9347 | AD6: AMICLEAN AP 1797 | AG6: AMICLEAN AP 1817 | AJ6: AMICLEAN AP 2048 | AM6: AMICOAT TC 6101 | AP6: AMICOAT TC 6218 | AS6: AMICOAT TC 6407 | AV6: AMICOAT TM 6123 | AY6: AMICOAT TR 6112 | BB6: AMICOAT TR 6113 | BE6: AMICOAT TR 6159 | BH6: AMICOAT TR 6248 | BK6: AMIFLOC 737 | BN6: AMIPAC AP 8511 | BQ6: AMISOFT 6538 | BT6: AMISPERSE AP 8826 | BW6: ANEDIR BLUE 2R LIQ | BZ6: CAUSTIC SODA CAIR 48% | CC6: DEKATOGEN SDC-60 | CF6: FENNOPOL K 9952 | CI6: HIDROGEN PEROXIDE | CL6: INDOSIZE CR 835 | CO6: KAPORIT 60% | CR6: KAPORIT 65% | CU6: NGR 900 | CX6: NGR MULTIPAC 120 | DA6: PAC - 280SP | DD6: PAPYRASE LIL | DG6: PERGASOL VIOLET BN LIQ | DJ6: PEWARNA MAKANAN PINK | DM6: SODIUM TIO SULPHATE | DP6: SOLSA SPRAY 550 | DS6: SUCOLITE SP 210 | DV6: TCCA POWDER | DY6: XYLENE | EB6: EPOSTRONG | EE6: SODIUM HYPOCHLORID | EH6: CHEMZYME CL | EK6: Detac DC779F | GD6: PAPYRASE IL | GG6: DEKAINK | GJ6: DI 370/DKF 250 | GM6: ELTEXIN | GP6: ELTEBRIGHT BL 1000 | GS6: SOLMIX L40 | GV6: CHEMBRIGHT C LIQUID | GY6: K-Bright Liquid | HB6: CAUSTIC SODA CAIR 48% | HE6: TCCA POWDER | HH6: SUCOLITE SP 210 | HK6: AMIPAC AP 8511 | HN6: NGR 200 | HQ6: NGR 900 | HT6: ANEDIR YELLOW BKL | HW6: ANEDIR RED BKL | HZ6: ANEDIR BLACK L LIQ | IC6: ANEDIR BROWN CC-04 LIQ | IF6: Anedir Brown cc-03 | II6: FENNOPOL K 9952 | IL6: KAPORIT 60% | IO6: KAPORIT 65% | IR6: DEKATOGEN SDC-60 | IU6: DEKAWET NA30 | IX6: PAC - 280SP | JA6: Burstrong Fixing Agent | JD6: DI N40 | JG6: CHROMACLEAR | JJ6: DFR 810S
F7: Pemakaian | H7: Price | I7: Pemakaian | K7: Price | L7: Pemakaian | N7: Price | O7: Pemakaian | Q7: Price | R7: Pemakaian | T7: Price | U7: Pemakaian | W7: Price | X7: Pemakaian | Z7: Price | AA7: Pemakaian | AC7: Price | AD7: Pemakaian | AF7: Price | AG7: Pemakaian | AI7: Price | AJ7: Pemakaian | AL7: Price | AM7: Pemakaian | AO7: Price | AP7: Pemakaian | AR7: Price | AS7: Pemakaian | AU7: Price | AV7: Pemakaian | AX7: Price | AY7: Pemakaian | BA7: Price | BB7: Pemakaian | BD7: Price | BE7: Pemakaian | BG7: Price | BH7: Pemakaian | BJ7: Price | BK7: Pemakaian | BM7: Price | BN7: Pemakaian | BP7: Price | BQ7: Pemakaian | BS7: Price | BT7: Pemakaian | BV7: Price | BW7: Pemakaian | BY7: Price | BZ7: Pemakaian | CB7: Price | CC7: Pemakaian | CE7: Price | CF7: Pemakaian | CH7: Price | CI7: Pemakaian | CK7: Price | CL7: Pemakaian | CN7: Price | CO7: Pemakaian | CQ7: Price | CR7: Pemakaian | CT7: Price | CU7: Pemakaian | CW7: Price | CX7: Pemakaian | CZ7: Price | DA7: Pemakaian | DC7: Price | DD7: Pemakaian | DF7: Price | DG7: Pemakaian | DI7: Price | DJ7: Pemakaian | DL7: Price | DM7: Pemakaian | DO7: Price | DP7: Pemakaian | DR7: Price | DS7: Pemakaian | DU7: Price | DV7: Pemakaian | DX7: Price | DY7: Pemakaian | EA7: Price | EB7: Pemakaian | ED7: Price | EE7: Pemakaian | EG7: Price | EH7: Pemakaian | EJ7: Price | EK7: Pemakaian | EM7: Price | EN7: Pemakaian | EP7: Price | EQ7: Pemakaian | ES7: Price | ET7: Pemakaian | EV7: Price | EW7: Pemakaian | EY7: Price | EZ7: Pemakaian | FB7: Price | FC7: Pemakaian | FE7: Price | FF7: Pemakaian | FH7: Price | FI7: Pemakaian | FK7: Price | FL7: Pemakaian | FN7: Price | FO7: Pemakaian | FQ7: Price | FR7: Pemakaian | FT7: Price | FU7: Pemakaian | FW7: Price | FX7: Pemakaian | FZ7: Price | GA7: Pemakaian | GC7: Price | GD7: Pemakaian | GF7: Price | GG7: Pemakaian | GI7: Price | GJ7: Pemakaian | GL7: Price | GM7: Pemakaian | GO7: Price | GP7: Pemakaian | GR7: Price | GS7: Pemakaian | GU7: Price | GV7: Pemakaian | GX7: Price | GY7: Pemakaian | HA7: Price | HB7: Pemakaian | HD7: Price | HE7: Pemakaian | HG7: Price | HH7: Pemakaian | HJ7: Price | HK7: Pemakaian | HM7: Price | HN7: Pemakaian | HP7: Price | HQ7: Pemakaian | HS7: Price | HT7: Pemakaian | HV7: Price | HW7: Pemakaian | HY7: Price | HZ7: Pemakaian | IB7: Price | IC7: Pemakaian | IE7: Price | IF7: Pemakaian | IH7: Price | II7: Pemakaian | IK7: Price | IL7: Pemakaian | IN7: Price | IO7: Pemakaian | IQ7: Price | IR7: Pemakaian | IT7: Price | IU7: Pemakaian | IW7: Price | IX7: Pemakaian | IZ7: Price | JA7: Pemakaian | JC7: Price | JD7: Pemakaian | JF7: Price | JG7: Pemakaian | JI7: Price | JJ7: Pemakaian | JL7: Price | JM7: Pemakaian | JO7: Price | JP7: Pemakaian | JR7: Price | JS7: Pemakaian | JU7: Price | JV7: Pemakaian | JX7: Price | JY7: Pemakaian | KA7: Price | KB7: Pemakaian | KD7: Price | KE7: Pemakaian | KG7: Price | KH7: Pemakaian | KJ7: Price | KK7: Pemakaian | KM7: Price | KN7: Pemakaian | KP7: Price | KQ7: Pemakaian | KS7: Price
F8: Qty | G8: Kg/ton | I8: Qty | J8: Kg/ton | L8: Qty | M8: Kg/ton | O8: Qty | P8: Kg/ton | R8: Qty | S8: Kg/ton | U8: Qty | V8: Kg/ton | X8: Qty | Y8: Kg/ton | AA8: Qty | AB8: Kg/ton | AD8: Qty | AE8: Kg/ton | AG8: Qty | AH8: Kg/ton | AJ8: Qty | AK8: Kg/ton | AM8: Qty | AN8: Kg/ton | AP8: Qty | AQ8: Kg/ton | AS8: Qty | AT8: Kg/ton | AV8: Qty | AW8: Kg/ton | AY8: Qty | AZ8: Kg/ton | BB8: Qty | BC8: Kg/ton | BE8: Qty | BF8: Kg/ton | BH8: Qty | BI8: Kg/ton | BK8: Qty | BL8: Kg/ton | BN8: Qty | BO8: Kg/ton | BQ8: Qty | BR8: Kg/ton | BT8: Qty | BU8: Kg/ton | BW8: Qty | BX8: Kg/ton | BZ8: Qty | CA8: Kg/ton | CC8: Qty | CD8: Kg/ton | CF8: Qty | CG8: Kg/ton | CI8: Qty | CJ8: Kg/ton | CL8: Qty | CM8: Kg/ton | CO8: Qty | CP8: Kg/ton | CR8: Qty | CS8: Kg/ton | CU8: Qty | CV8: Kg/ton | CX8: Qty | CY8: Kg/ton | DA8: Qty | DB8: Kg/ton | DD8: Qty | DE8: Kg/ton | DG8: Qty | DH8: Kg/ton | DJ8: Qty | DK8: Kg/ton | DM8: Qty | DN8: Kg/ton | DP8: Qty | DQ8: Kg/ton | DS8: Qty | DT8: Kg/ton | DV8: Qty | DW8: Kg/ton | DY8: Qty | DZ8: Kg/ton | EB8: Qty | EC8: Kg/ton | EE8: Qty | EF8: Kg/ton | EH8: Qty | EI8: Kg/ton | EK8: Qty | EL8: Kg/ton | EN8: Qty | EO8: Kg/ton | EQ8: Qty | ER8: Kg/ton | ET8: Qty | EU8: Kg/ton | EW8: Qty | EX8: Kg/ton | EZ8: Qty | FA8: Kg/ton | FC8: Qty | FD8: Kg/ton | FF8: Qty | FG8: Kg/ton | FI8: Qty | FJ8: Kg/ton | FL8: Qty | FM8: Kg/ton | FO8: Qty | FP8: Kg/ton | FR8: Qty | FS8: Kg/ton | FU8: Qty | FV8: Kg/ton | FX8: Qty | FY8: Kg/ton | GA8: Qty | GB8: Kg/ton | GD8: Qty | GE8: Kg/ton | GG8: Qty | GH8: Kg/ton | GJ8: Qty | GK8: Kg/ton | GM8: Qty | GN8: Kg/ton | GP8: Qty | GQ8: Kg/ton | GS8: Qty | GT8: Kg/ton | GV8: Qty | GW8: Kg/ton | GY8: Qty | GZ8: Kg/ton | HB8: Qty | HC8: Kg/ton | HE8: Qty | HF8: Kg/ton | HH8: Qty | HI8: Kg/ton | HK8: Qty | HL8: Kg/ton | HN8: Qty | HO8: Kg/ton | HQ8: Qty | HR8: Kg/ton | HT8: Qty | HU8: Kg/ton | HW8: Qty | HX8: Kg/ton | HZ8: Qty | IA8: Kg/ton | IC8: Qty | ID8: Kg/ton | IF8: Qty | IG8: Kg/ton | II8: Qty | IJ8: Kg/ton | IL8: Qty | IM8: Kg/ton | IO8: Qty | IP8: Kg/ton | IR8: Qty | IS8: Kg/ton | IU8: Qty | IV8: Kg/ton | IX8: Qty | IY8: Kg/ton | JA8: Qty | JB8: Kg/ton | JD8: Qty | JE8: Kg/ton | JG8: Qty | JH8: Kg/ton | JJ8: Qty | JK8: Kg/ton | JL8: 0 | JM8: Qty | JN8: Kg/ton | JO8: 0 | JP8: Qty | JQ8: Kg/ton | JR8: 0 | JS8: Qty | JT8: Kg/ton | JU8: 0 | JV8: Qty | JW8: Kg/ton | JX8: 0 | JY8: Qty | JZ8: Kg/ton | KA8: 0 | KB8: Qty | KC8: Kg/ton | KD8: 0 | KE8: Qty | KF8: Kg/ton | KG8: 0 | KH8: Qty | KI8: Kg/ton | KJ8: 0 | KK8: Qty | KL8: Kg/ton | KM8: 0 | KN8: Qty | KO8: Kg/ton | KP8: 0 | KQ8: Qty | KR8: Kg/ton | KS8: 0
A9: =+Report1!A9 -> 45931 | B9: =+Report1!B9 -> Facial | C9: =+Report1!C9 -> 12 | D9: =+Report1!P9 -> 16.666 | E9: =+Report1!R9 -> 8.913 | G9: =+F9/$E9 -> 0 | H9: =+F9*$H$8 -> 0 | I9: 139.53488 | J9: =+I9/$E9 -> 15.65521 | K9: =+I9*$H$8 -> 0 | M9: =+L9/$E9 -> 0 | N9: =+L9*$H$8 -> 0 | O9: 3 | P9: =+O9/$E9 -> 0.33658701 | Q9: =+O9*$H$8 -> 0 | S9: =+R9/$E9 -> 0 | T9: =+R9*$H$8 -> 0 | U9: 2.5625 | V9: =+U9/$E9 -> 0.2875014 | W9: =+U9*$H$8 -> 0 | Y9: =+X9/$E9 -> 0 | Z9: =+X9*$H$8 -> 0 | AB9: =+AA9/$E9 -> 0 | AC9: =+AA9*$H$8 -> 0 | AE9: =+AD9/$E9 -> 0 | AF9: =+AD9*$H$8 -> 0 | AH9: =+AG9/$E9 -> 0 | AI9: =+AG9*$H$8 -> 0 | AJ9: 14.6875 | AK9: =+AJ9/$E9 -> 1.6478739 | AL9: =+AJ9*$H$8 -> 0 | AN9: =+AM9/$E9 -> 0 | AO9: =+AM9*$H$8 -> 0 | AP9: 19.936709 | AQ9: =+AP9/$E9 -> 2.2368124 | AR9: =+AP9*$H$8 -> 0 | AT9: =+AS9/$E9 -> 0 | AU9: =+AS9*$H$8 -> 0 | AW9: =+AV9/$E9 -> 0 | AX9: =+AV9*$H$8 -> 0 | AY9: 28 | AZ9: =+AY9/$E9 -> 3.1414787 | BA9: =+AY9*$H$8 -> 0 | BC9: =+BB9/$E9 -> 0 | BD9: =+BB9*$H$8 -> 0 | BF9: =+BE9/$E9 -> 0 | BG9: =+BE9*$H$8 -> 0 | BI9: =+BH9/$E9 -> 0 | BJ9: =+BH9*$H$8 -> 0 | BL9: =+BK9/$E9 -> 0 | BM9: =+BK9*$H$8 -> 0 | BO9: =+BN9/$E9 -> 0 | BP9: =+BN9*$H$8 -> 0 | BR9: =+BQ9/$E9 -> 0 | BS9: =+BQ9*$H$8 -> 0 | BU9: =+BT9/$E9 -> 0 | BV9: =+BT9*$H$8 -> 0 | BX9: =+BW9/$E9 -> 0 | BY9: =+BW9*$H$8 -> 0 | CA9: =+BZ9/$E9 -> 0 | CB9: =+BZ9*$H$8 -> 0 | CD9: =+CC9/$E9 -> 0 | CE9: =+CC9*$H$8 -> 0 | CF9: 0.2 | CG9: =+CF9/$E9 -> 0.022439134 | CH9: =+CF9*$H$8 -> 0 | CJ9: =+CI9/$E9 -> 0 | CK9: =+CI9*$H$8 -> 0 | CM9: =+CL9/$E9 -> 0 | CN9: =+CL9*$H$8 -> 0 | CP9: =+CO9/$E9 -> 0 | CQ9: =+CO9*$H$8 -> 0 | CS9: =+CR9/$E9 -> 0 | CT9: =+CR9*$H$8 -> 0 | CV9: =+CU9/$E9 -> 0 | CW9: =+CU9*$H$8 -> 0 | CY9: =+CX9/$E9 -> 0 | CZ9: =+CX9*$H$8 -> 0 | DB9: =+DA9/$E9 -> 0 | DC9: =+DA9*$H$8 -> 0 | DE9: =+DD9/$E9 -> 0 | DF9: =+DD9*$H$8 -> 0 | DH9: =+DG9/$E9 -> 0 | DI9: 0 | DK9: =+DJ9/$E9 -> 0 | DL9: =+DJ9*$H$8 -> 0 | DN9: =+DM9/$E9 -> 0 | DO9: =+DM9*$H$8 -> 0 | DQ9: =+DP9/$E9 -> 0 | DR9: =+DP9*$H$8 -> 0 | DT9: =+DS9/$E9 -> 0 | DU9: =+DS9*$H$8 -> 0 | DW9: =+DV9/$E9 -> 0 | DX9: =+DV9*$H$8 -> 0 | DZ9: =+DY9/$E9 -> 0 | EA9: =+DY9*$H$8 -> 0 | EC9: =+EB9/$E9 -> 0 | ED9: =+EB9*$H$8 -> 0 | EE9: 7.2674419 | EF9: =+EE9/$E9 -> 0.8153755 | EG9: =+EE9*$H$8 -> 0 | EH9: 0.8 | EI9: =+EH9/$E9 -> 0.089756535 | EJ9: =+EH9*$H$8 -> 0 | EL9: =+EK9/$E9 -> 0 | EM9: =+EK9*$H$8 -> 0 | EO9: =+EN9/$E9 -> 0 | EP9: =+EN9*$H$8 -> 0 | ER9: =+EQ9/$E9 -> 0 | ES9: =+EQ9*$H$8 -> 0 | EU9: =+ET9/$E9 -> 0 | EV9: =+ET9*$H$8 -> 0 | EX9: =+EW9/$E9 -> 0 | EY9: =+EW9*$H$8 -> 0 | FA9: =+EZ9/$E9 -> 0 | FB9: =+EZ9*$H$8 -> 0 | FD9: =+FC9/$E9 -> 0 | FE9: =+FC9*$H$8 -> 0 | FG9: =+FF9/$E9 -> 0 | FH9: =+FF9*$H$8 -> 0 | FJ9: =+FI9/$E9 -> 0 | FK9: =+FI9*$H$8 -> 0 | FM9: =+FL9/$E9 -> 0 | FN9: =+FL9*$H$8 -> 0 | FP9: =+FO9/$E9 -> 0 | FQ9: =+FO9*$H$8 -> 0 | FS9: =+FR9/$E9 -> 0 | FT9: =+FR9*$H$8 -> 0 | FV9: =+FU9/$E9 -> 0 | FW9: =+FU9*$H$8 -> 0 | FY9: =+FX9/$E9 -> 0 | FZ9: =+FX9*$H$8 -> 0 | GB9: =+GA9/$E9 -> 0 | GC9: =+GA9*$H$8 -> 0 | GE9: =+GD9/$E9 -> 0 | GF9: =+GD9*$H$8 -> 0 | GH9: =+GG9/$E9 -> 0 | GI9: =+GG9*$H$8 -> 0 | GK9: =+GJ9/$E9 -> 0 | GL9: =+GJ9*$H$8 -> 0 | GN9: =+GM9/$E9 -> 0 | GO9: =+GM9*$H$8 -> 0 | GQ9: =+GP9/$E9 -> 0 | GR9: =+GP9*$H$8 -> 0 | GT9: =+GS9/$E9 -> 0 | GU9: =+GS9*$H$8 -> 0 | GW9: =+GV9/$E9 -> 0 | GX9: =+GV9*$H$8 -> 0 | GZ9: =+GY9/$E9 -> 0 | HA9: =+GY9*$H$8 -> 0 | HC9: =+HB9/$E9 -> 0 | HD9: =+HB9*$H$8 -> 0 | HF9: =+HE9/$E9 -> 0 | HG9: =+HE9*$H$8 -> 0 | HI9: =+HH9/$E9 -> 0 | HJ9: =+HH9*$H$8 -> 0 | HL9: =+HK9/$E9 -> 0 | HM9: =+HK9*$H$8 -> 0 | HO9: =+HN9/$E9 -> 0 | HP9: =+HN9*$H$8 -> 0 | HR9: =+HQ9/$E9 -> 0 | HS9: =+HQ9*$H$8 -> 0 | HU9: =+HT9/$E9 -> 0 | HV9: =+HT9*$H$8 -> 0 | HX9: =+HW9/$E9 -> 0 | HY9: =+HW9*$H$8 -> 0 | IA9: =+HZ9/$E9 -> 0 | IB9: =+HZ9*$H$8 -> 0 | ID9: =+IC9/$E9 -> 0 | IE9: =+IC9*$H$8 -> 0 | IG9: =+IF9/$E9 -> 0 | IH9: =+IF9*$H$8 -> 0 | IJ9: =+II9/$E9 -> 0 | IK9: =+II9*$H$8 -> 0 | IM9: =+IL9/$E9 -> 0 | IN9: =+IL9*$H$8 -> 0 | IP9: =+IO9/$E9 -> 0 | IQ9: =+IO9*$H$8 -> 0 | IS9: =+IR9/$E9 -> 0 | IT9: =+IR9*$H$8 -> 0 | IV9: =+IU9/$E9 -> 0 | IW9: =+IU9*$H$8 -> 0 | IY9: =+IX9/$E9 -> 0 | IZ9: =+IX9*$H$8 -> 0 | JB9: =+JA9/$E9 -> 0 | JC9: =+JA9*$H$8 -> 0 | JE9: =+JD9/$E9 -> 0 | JF9: =+JD9*$H$8 -> 0 | JH9: =+JG9/$E9 -> 0 | JI9: =+JG9*$H$8 -> 0 | JK9: =IFERROR((JJ9/$L9),"0") -> 0 | JL9: =IFERROR(((JJ9*JL$8)/$L9),"0") -> 0 | JN9: =IFERROR((JM9/$L9),"0") -> 0 | JO9: =IFERROR(((JM9*JO$8)/$L9),"0") -> 0 | JQ9: =IFERROR((JP9/$L9),"0") -> 0 | JR9: =IFERROR(((JP9*JR$8)/$L9),"0") -> 0 | JT9: =IFERROR((JS9/$L9),"0") -> 0 | JU9: =IFERROR(((JS9*JU$8)/$L9),"0") -> 0 | JW9: =IFERROR((JV9/$L9),"0") -> 0 | JX9: =IFERROR(((JV9*JX$8)/$L9),"0") -> 0 | JZ9: =IFERROR((JY9/$L9),"0") -> 0 | KA9: =IFERROR(((JY9*KA$8)/$L9),"0") -> 0 | KC9: =IFERROR((KB9/$L9),"0") -> 0 | KD9: =IFERROR(((KB9*KD$8)/$L9),"0") -> 0 | KF9: =IFERROR((KE9/$L9),"0") -> 0 | KG9: =IFERROR(((KE9*KG$8)/$L9),"0") -> 0 | KI9: =IFERROR((KH9/$L9),"0") -> 0 | KJ9: =IFERROR(((KH9*KJ$8)/$L9),"0") -> 0 | KL9: =IFERROR((KK9/$L9),"0") -> 0 | KM9: =IFERROR(((KK9*KM$8)/$L9),"0") -> 0 | KO9: =IFERROR((KN9/$L9),"0") -> 0 | KP9: =IFERROR(((KN9*KP$8)/$L9),"0") -> 0 | KR9: =IFERROR((KQ9/$L9),"0") -> 0 | KS9: =IFERROR(((KQ9*KS$8)/$L9),"0") -> 0 | KT9: =H9+K9+N9+Q9+T9+W9+Z9+AC9+AF9+AI9+AL9+AO9+AR9+AU9+AX9+BA9+BD9+BG9+BJ9+BM9+BP9+BS9+BV9+BY9+CB9+CE9+CH9+CK9+CN9+CQ9+CT9+CW9+CZ9+DC9+DF9+DI9+DL9+DO9+DR9+DU9+DX9+EA9+ED9+EG9+EJ9+EM9+EP9+ES9+EV9+EY9+FB9+FE9+FH9+FK9+FN9+FQ9+FT9+FW9+FZ9+GC9 -> 0 | KU9: =GF9+GI9+GL9+GO9+GR9+GU9+GX9+HA9+HD9+HG9+HJ9+HM9+HP9+HS9+HV9+HY9+IB9+IE9+IH9+IK9+IN9+IQ9+IT9+IW9+IZ9+JC9+JF9+JI9+JL9+JO9+JR9+JU9+JX9++KA9+KD9+KG9+KJ9++KM9+KP9+KS9 -> 0 | KV9: =+F9+I9+L9+O9+R9+U9+X9+AA9+AD9+AG9+AJ9+AM9+AP9+AS9+AV9+AY9+BB9+BE9+BH9+BK9+BN9+BQ9+BT9+BW9+BZ9+CC9+CF9+CI9+CL9+CO9+CR9+CU9+CX9+DA9+DD9+DJ9+DM9+DP9+DS9+DV9+DY9+EB9+GG9+GJ9+GM9+GP9+GS9+HN9+II9+IR9+GV9+IU9++HT9+HW9+HZ9+IC9+JA9+JJ9+JM9+HB9+EE9+GD9+EH9++EK9 -> 215.98903
