Workbook

Sheet Report1
A3: PAPER MACHINE 14 DAILY REPORT 1
A6: Date | B6: Grade | C6: GSM | D6: Speed yankee (mpm) | E6: Speed reel (mpm) | F6: Creep ( % ) | G6: Real Eff PM ( % ) | H6: Real Eff PM vs Target (%) | I6: Real Eff FG vs Real Eff PM (%) | J6: Eff FG vs Target (%) | L6: Kapasitas Target (ton) | N6: Kapasitas Teori Real (ton) | P6: PM PROD Timbangan (TON) | R6: FINSHED GOODS (TON) | T6: GAS HOOD | Z6: STEAM (TON) | AF6: POWER (kWh) | BA6: Kapasitas Running (ton) | BC6: Eff FG vs Target Running(%)
T7: CONSUMPTION | V7: /TON PM. | X7: /TON FG. | Z7: CONSUMPTION | AB7: /TON PM. | AD7: /TON FG. | AF7: CONSUMPTION | AH7: /TON PM | AJ7: /TON FG | AL7: Gas based on report DCS | AO7: total | AP7: Flowmeter | AQ7: Selisih | AR7: % pengali | AU7: Adjust | AX7: PEMAKAIAN GAS
J8: TODAY | K8: TODATE | L8: TODAY | M8: TODATE | N8: TODAY | O8: TODATE | P8: TODAY | Q8: TODATE | R8: TODAY | S8: TODATE | T8: TODAY | U8: TODATE | V8: TODAY | W8: TODATE | X8: TODAY | Y8: TODATE | Z8: TODAY | AA8: TODATE | AB8: TODAY | AC8: TODATE | AD8: TODAY | AE8: TODATE | AF8: TODAY | AG8: TODATE | AH8: TODAY | AI8: TODATE | AJ8: TODAY | AK8: TODATE | AL8: 14 | AM8: 15 | AN8: 17 | AP8: PGN | AU8: 14 | AV8: 15 | AW8: 17 | AX8: 14 | AY8: 15 | AZ8: 17 | BA8: TODAY | BB8: TODATE | BC8: TODAY | BD8: TODATE
A9: 45962 | B9: STOP | C9: 12 | D9: =+'1'!F42 -> 0 | E9: =+'1'!G42 -> 0 | F9: =1-(E9/D9) -> #DIV/0! | G9: =+P9/N9 -> 0 | H9: =+P9/L9 -> 0 | I9: =+R9/P9 -> #DIV/0! | J9: =+R9/L9 -> 0 | K9: =+S9/M9 -> 0 | L9: =+Efficiency1!K6 -> 43.297309 | M9: =L9 -> 43.297309 | N9: =+Efficiency1!C6 -> 43.297309 | O9: =N9 -> 43.297309 | P9: ='1'!I38 -> 0 | Q9: =P9 -> 0 | R9: ='1'!I40 -> 0 | S9: =R9 -> 0 | T9: =+AX9 -> 0 | U9: =T9 -> 0 | V9: =T9/P9 -> #DIV/0! | W9: =U9/Q9 -> #DIV/0! | X9: =IF(AND(R9>0,T9>0),(T9/(R9*1000))*1000,0) -> 0 | Y9: =IF(AND(S9>0,U9>0),U9/S9,0) -> 0 | Z9: 25.3 | AA9: =Z9 -> 25.3 | AB9: =Z9/(P9) -> #DIV/0! | AC9: =AA9/(Q9) -> #DIV/0! | AD9: =IF(AND(R9>0,Z9>0),Z9/(R9),0) -> 0 | AE9: =IF(AND(S9>0,AA9>0),AA9/(S9),0) -> 0 | AF9: ='1'!I46 -> 1921.3 | AG9: =AF9 -> 1921.3 | AH9: =IF(AND(L9>0,AF9>0),(AF9/(P9*1000)*1000),0) -> #DIV/0! | AI9: =IF(AND(M9>0,AG9>0),(AG9/(Q9*1000)*1000),0) -> #DIV/0! | AJ9: =IF(AND(R9>0,AF9>0),(AF9/(R9*1000)*1000),0) -> 0 | AK9: =IF(AND(S9>0,AG9>0),(AG9/(S9*1000)*1000),0) -> 0 | AL9: 0 | AM9: 5237.3 | AN9: 3557.2 | AO9: =SUM(AL9:AN9) -> 8794.5 | AP9: =+[1]Nov!N4 -> 8117 | AQ9: =+AP9-AO9 -> -677.5 | AR9: =+AL9/AO9 -> 0 | AS9: =+AM9/AO9 -> 0.59551993 | AT9: =1-AR9-AS9 -> 0.40448007 | AU9: =+AR9*AQ9 -> 0 | AV9: =+AS9*AQ9 -> -403.46475 | AW9: =+AT9*AQ9 -> -274.03525 | AX9: =+AL9+AU9 -> 0 | AY9: =+AM9+AV9 -> 4833.8352 | AZ9: =+AN9+AW9 -> 3283.1648 | BA9: =+Efficiency2!K6 -> 0 | BB9: =BA9 -> 0 | BC9: =+R9/BA9 -> #DIV/0! | BD9: =+S9/BB9 -> #DIV/0!
A10: =A9+1 -> 45963 | B10: STOP | C10: 12 | D10: =+'2'!F42 -> 0 | E10: =+'2'!G42 -> 0 | F10: =1-(E10/D10) -> #DIV/0! | G10: =+P10/N10 -> 0 | H10: =+P10/L10 -> 0 | I10: =+R10/P10 -> #DIV/0! | J10: =+R10/L10 -> 0 | K10: =+S10/M10 -> 0 | L10: =+Efficiency1!K12 -> 43.297309 | M10: =M9+L10 -> 86.594619 | N10: =+Efficiency1!C12 -> 43.297309 | O10: =O9+N10 -> 86.594619 | P10: ='2'!I38 -> 0 | Q10: =Q9+P10 -> 0 | R10: ='2'!I40 -> 0 | S10: =S9+R10 -> 0 | T10: =+AX10 -> 0 | U10: =T10+U9 -> 0 | V10: =T10/P10 -> #DIV/0! | W10: =U10/Q10 -> #DIV/0! | X10: =IF(AND(R10>0,T10>0),(T10/(R10*1000))*1000,0) -> 0 | Y10: =IF(AND(S10>0,U10>0),U10/S10,0) -> 0 | Z10: 23.5 | AA10: =Z10+AA9 -> 48.8 | AB10: =Z10/(P10) -> #DIV/0! | AC10: =AA10/(Q10) -> #DIV/0! | AD10: =IF(AND(R10>0,Z10>0),Z10/(R10),0) -> 0 | AE10: =IF(AND(S10>0,AA10>0),AA10/(S10),0) -> 0 | AF10: ='2'!I46 -> 7319.78 | AG10: =AF10+AG9 -> 9241.08 | AH10: =IF(AND(L10>0,AF10>0),(AF10/(P10*1000)*1000),0) -> #DIV/0! | AI10: =IF(AND(M10>0,AG10>0),(AG10/(Q10*1000)*1000),0) -> #DIV/0! | AJ10: =IF(AND(R10>0,AF10>0),(AF10/(R10*1000)*1000),0) -> 0 | AK10: =IF(AND(S10>0,AG10>0),(AG10/(S10*1000)*1000),0) -> 0 | AL10: 0 | AM10: 5640.2 | AN10: 2864 | AO10: =SUM(AL10:AN10) -> 8504.2 | AP10: =+[1]Nov!N5 -> 8682 | AQ10: =+AP10-AO10 -> 177.8 | AR10: =+AL10/AO10 -> 0 | AS10: =+AM10/AO10 -> 0.66322523 | AT10: =1-AR10-AS10 -> 0.33677477 | AU10: =+AR10*AQ10 -> 0 | AV10: =+AS10*AQ10 -> 117.92145 | AW10: =+AT10*AQ10 -> 59.878554 | AX10: =+AL10+AU10 -> 0 | AY10: =+AM10+AV10 -> 5758.1214 | AZ10: =+AN10+AW10 -> 2923.8786 | BA10: =+Efficiency2!K12 -> 0 | BB10: =BB9+BA10 -> 0 | BC10: =+R10/BA10 -> #DIV/0! | BD10: =+S10/BB10 -> #DIV/0!
A11: =A10+1 -> 45964 | B11: STOP | C11: 12 | D11: =+'3'!F42 -> 0 | E11: =+'3'!G42 -> 0 | F11: =1-(E11/D11) -> #DIV/0! | G11: =+P11/N11 -> 0 | H11: =+P11/L11 -> 0 | I11: =+R11/P11 -> #DIV/0! | J11: =+R11/L11 -> 0 | K11: =+S11/M11 -> 0 | L11: =+Efficiency1!K18 -> 43.297309 | M11: =M10+L11 -> 129.89193 | N11: =+Efficiency1!C18 -> 43.297309 | O11: =O10+N11 -> 129.89193 | P11: ='3'!I38 -> 0 | Q11: =Q10+P11 -> 0 | R11: ='3'!I40 -> 0 | S11: =S10+R11 -> 0 | T11: =+AX11 -> 0 | U11: =T11+U10 -> 0 | V11: =T11/P11 -> #DIV/0! | W11: =U11/Q11 -> #DIV/0! | X11: =IF(AND(R11>0,T11>0),(T11/(R11*1000))*1000,0) -> 0 | Y11: =IF(AND(S11>0,U11>0),U11/S11,0) -> 0 | Z11: 23.4 | AA11: =Z11+AA10 -> 72.2 | AB11: =Z11/(P11) -> #DIV/0! | AC11: =AA11/(Q11) -> #DIV/0! | AD11: =IF(AND(R11>0,Z11>0),Z11/(R11),0) -> 0 | AE11: =IF(AND(S11>0,AA11>0),AA11/(S11),0) -> 0 | AF11: ='3'!I46 -> 3507.08 | AG11: =AF11+AG10 -> 12748.16 | AH11: =IF(AND(L11>0,AF11>0),(AF11/(P11*1000)*1000),0) -> #DIV/0! | AI11: =IF(AND(M11>0,AG11>0),(AG11/(Q11*1000)*1000),0) -> #DIV/0! | AJ11: =IF(AND(R11>0,AF11>0),(AF11/(R11*1000)*1000),0) -> 0 | AK11: =IF(AND(S11>0,AG11>0),(AG11/(S11*1000)*1000),0) -> 0 | AL11: 0 | AM11: 5900.8 | AN11: 3564.8 | AO11: =SUM(AL11:AN11) -> 9465.6 | AP11: =+[1]Nov!N6 -> 9107 | AQ11: =+AP11-AO11 -> -358.6 | AR11: =+AL11/AO11 -> 0 | AS11: =+AM11/AO11 -> 0.62339419 | AT11: =1-AR11-AS11 -> 0.37660581 | AU11: =+AR11*AQ11 -> 0 | AV11: =+AS11*AQ11 -> -223.54915 | AW11: =+AT11*AQ11 -> -135.05085 | AX11: =+AL11+AU11 -> 0 | AY11: =+AM11+AV11 -> 5677.2508 | AZ11: =+AN11+AW11 -> 3429.7492 | BA11: =+Efficiency2!K18 -> 0 | BB11: =BB10+BA11 -> 0 | BC11: =+R11/BA11 -> #DIV/0! | BD11: =+S11/BB11 -> #DIV/0!
A12: =A11+1 -> 45965 | B12: STOP | C12: 12 | D12: =+'4'!F42 -> 0 | E12: =+'4'!G42 -> 0 | F12: =1-(E12/D12) -> #DIV/0! | G12: =+P12/N12 -> 0 | H12: =+P12/L12 -> 0 | I12: =+R12/P12 -> #DIV/0! | J12: =+R12/L12 -> 0 | K12: =+S12/M12 -> 0 | L12: =+Efficiency1!K24 -> 43.297309 | M12: =M11+L12 -> 173.18924 | N12: =+Efficiency1!C24 -> 43.297309 | O12: =O11+N12 -> 173.18924 | P12: ='4'!I38 -> 0 | Q12: =Q11+P12 -> 0 | R12: ='4'!I40 -> 0 | S12: =S11+R12 -> 0 | T12: =+AX12 -> 0 | U12: =T12+U11 -> 0 | V12: =T12/P12 -> #DIV/0! | W12: =U12/Q12 -> #DIV/0! | X12: =IF(AND(R12>0,T12>0),(T12/(R12*1000))*1000,0) -> 0 | Y12: =IF(AND(S12>0,U12>0),U12/S12,0) -> 0 | Z12: 7.1 | AA12: =Z12+AA11 -> 79.3 | AB12: =Z12/(P12) -> #DIV/0! | AC12: =AA12/(Q12) -> #DIV/0! | AD12: =IF(AND(R12>0,Z12>0),Z12/(R12),0) -> 0 | AE12: =IF(AND(S12>0,AA12>0),AA12/(S12),0) -> 0 | AF12: ='4'!I46 -> 3341.74 | AG12: =AF12+AG11 -> 16089.9 | AH12: =IF(AND(L12>0,AF12>0),(AF12/(P12*1000)*1000),0) -> #DIV/0! | AI12: =IF(AND(M12>0,AG12>0),(AG12/(Q12*1000)*1000),0) -> #DIV/0! | AJ12: =IF(AND(R12>0,AF12>0),(AF12/(R12*1000)*1000),0) -> 0 | AK12: =IF(AND(S12>0,AG12>0),(AG12/(S12*1000)*1000),0) -> 0 | AL12: 0 | AM12: 6022 | AN12: 4234.2 | AO12: =SUM(AL12:AN12) -> 10256.2 | AP12: =+[1]Nov!N7 -> 9873 | AQ12: =+AP12-AO12 -> -383.2 | AR12: =+AL12/AO12 -> 0 | AS12: =+AM12/AO12 -> 0.58715704 | AT12: =1-AR12-AS12 -> 0.41284296 | AU12: =+AR12*AQ12 -> 0 | AV12: =+AS12*AQ12 -> -224.99858 | AW12: =+AT12*AQ12 -> -158.20142 | AX12: =+AL12+AU12 -> 0 | AY12: =+AM12+AV12 -> 5797.0014 | AZ12: =+AN12+AW12 -> 4075.9986 | BA12: =+Efficiency2!K24 -> 0 | BB12: =BB11+BA12 -> 0 | BC12: =+R12/BA12 -> #DIV/0! | BD12: =+S12/BB12 -> #DIV/0!
A13: =A12+1 -> 45966 | B13: STOP | C13: 12 | D13: =+'5'!F42 -> 0 | E13: =+'5'!G42 -> 0 | F13: =1-(E13/D13) -> #DIV/0! | G13: =+P13/N13 -> 0 | H13: =+P13/L13 -> 0 | I13: =+R13/P13 -> #DIV/0! | J13: =+R13/L13 -> 0 | K13: =+S13/M13 -> 0 | L13: =+Efficiency1!K30 -> 43.297309 | M13: =M12+L13 -> 216.48655 | N13: =+Efficiency1!C30 -> 43.297309 | O13: =O12+N13 -> 216.48655 | P13: ='5'!I38 -> 0 | Q13: =Q12+P13 -> 0 | R13: ='5'!I40 -> 0 | S13: =S12+R13 -> 0 | T13: =+AX13 -> 0 | U13: =T13+U12 -> 0 | V13: =T13/P13 -> #DIV/0! | W13: =U13/Q13 -> #DIV/0! | X13: =IF(AND(R13>0,T13>0),(T13/(R13*1000))*1000,0) -> 0 | Y13: =IF(AND(S13>0,U13>0),U13/S13,0) -> 0 | Z13: 3.3 | AA13: =Z13+AA12 -> 82.6 | AB13: =Z13/(P13) -> #DIV/0! | AC13: =AA13/(Q13) -> #DIV/0! | AD13: =IF(AND(R13>0,Z13>0),Z13/(R13),0) -> 0 | AE13: =IF(AND(S13>0,AA13>0),AA13/(S13),0) -> 0 | AF13: ='5'!I46 -> 4724.56 | AG13: =AF13+AG12 -> 20814.46 | AH13: =IF(AND(L13>0,AF13>0),(AF13/(P13*1000)*1000),0) -> #DIV/0! | AI13: =IF(AND(M13>0,AG13>0),(AG13/(Q13*1000)*1000),0) -> #DIV/0! | AJ13: =IF(AND(R13>0,AF13>0),(AF13/(R13*1000)*1000),0) -> 0 | AK13: =IF(AND(S13>0,AG13>0),(AG13/(S13*1000)*1000),0) -> 0 | AL13: 0 | AM13: 3378.3 | AN13: 3703.2 | AO13: =SUM(AL13:AN13) -> 7081.5 | AP13: =+[1]Nov!N8 -> 6884 | AQ13: =+AP13-AO13 -> -197.5 | AR13: =+AL13/AO13 -> 0 | AS13: =+AM13/AO13 -> 0.47705994 | AT13: =1-AR13-AS13 -> 0.52294006 | AU13: =+AR13*AQ13 -> 0 | AV13: =+AS13*AQ13 -> -94.219339 | AW13: =+AT13*AQ13 -> -103.28066 | AX13: =+AL13+AU13 -> 0 | AY13: =+AM13+AV13 -> 3284.0807 | AZ13: =+AN13+AW13 -> 3599.9193 | BA13: =+Efficiency2!K30 -> 0 | BB13: =BB12+BA13 -> 0 | BC13: =+R13/BA13 -> #DIV/0! | BD13: =+S13/BB13 -> #DIV/0!
A14: =A13+1 -> 45967 | B14: STOP | C14: 12 | D14: =+'6'!F42 -> 0 | E14: =+'6'!G42 -> 0 | F14: =1-(E14/D14) -> #DIV/0! | G14: =+P14/N14 -> 0 | H14: =+P14/L14 -> 0 | I14: =+R14/P14 -> #DIV/0! | J14: =+R14/L14 -> 0 | K14: =+S14/M14 -> 0 | L14: =+Efficiency1!K36 -> 43.297309 | M14: =M13+L14 -> 259.78386 | N14: =+Efficiency1!C36 -> 43.297309 | O14: =O13+N14 -> 259.78386 | P14: ='6'!I38 -> 0 | Q14: =Q13+P14 -> 0 | R14: ='6'!I40 -> 0 | S14: =S13+R14 -> 0 | T14: =+AX14 -> 0 | U14: =T14+U13 -> 0 | V14: =T14/P14 -> #DIV/0! | W14: =U14/Q14 -> #DIV/0! | X14: =IF(AND(R14>0,T14>0),(T14/(R14*1000))*1000,0) -> 0 | Y14: =IF(AND(S14>0,U14>0),U14/S14,0) -> 0 | Z14: 4.3 | AA14: =Z14+AA13 -> 86.9 | AB14: =Z14/(P14) -> #DIV/0! | AC14: =AA14/(Q14) -> #DIV/0! | AD14: =IF(AND(R14>0,Z14>0),Z14/(R14),0) -> 0 | AE14: =IF(AND(S14>0,AA14>0),AA14/(S14),0) -> 0 | AF14: ='6'!I46 -> 7849.78 | AG14: =AF14+AG13 -> 28664.24 | AH14: =IF(AND(L14>0,AF14>0),(AF14/(P14*1000)*1000),0) -> #DIV/0! | AI14: =IF(AND(M14>0,AG14>0),(AG14/(Q14*1000)*1000),0) -> #DIV/0! | AJ14: =IF(AND(R14>0,AF14>0),(AF14/(R14*1000)*1000),0) -> 0 | AK14: =IF(AND(S14>0,AG14>0),(AG14/(S14*1000)*1000),0) -> 0 | AL14: 0 | AM14: 5688 | AN14: 4121.8 | AO14: =SUM(AL14:AN14) -> 9809.8 | AP14: =+[1]Nov!N9 -> 9530 | AQ14: =+AP14-AO14 -> -279.8 | AR14: =+AL14/AO14 -> 0 | AS14: =+AM14/AO14 -> 0.57982833 | AT14: =1-AR14-AS14 -> 0.42017167 | AU14: =+AR14*AQ14 -> 0 | AV14: =+AS14*AQ14 -> -162.23597 | AW14: =+AT14*AQ14 -> -117.56403 | AX14: =+AL14+AU14 -> 0 | AY14: =+AM14+AV14 -> 5525.764 | AZ14: =+AN14+AW14 -> 4004.236 | BA14: =+Efficiency2!K36 -> 0 | BB14: =BB13+BA14 -> 0 | BC14: =+R14/BA14 -> #DIV/0! | BD14: =+S14/BB14 -> #DIV/0!
A15: =A14+1 -> 45968 | B15: STOP | C15: 12 | D15: =+'7'!F42 -> 0 | E15: =+'7'!G42 -> 0 | F15: =1-(E15/D15) -> #DIV/0! | G15: =+P15/N15 -> 0 | H15: =+P15/L15 -> 0 | I15: =+R15/P15 -> #DIV/0! | J15: =+R15/L15 -> 0 | K15: =+S15/M15 -> 0 | L15: =+Efficiency1!K42 -> 43.297309 | M15: =M14+L15 -> 303.08117 | N15: =+Efficiency1!C42 -> 43.297309 | O15: =O14+N15 -> 303.08117 | P15: ='7'!I38 -> 0 | Q15: =Q14+P15 -> 0 | R15: ='7'!I40 -> 0 | S15: =S14+R15 -> 0 | T15: =+AX15 -> 0 | U15: =T15+U14 -> 0 | V15: =T15/P15 -> #DIV/0! | W15: =U15/Q15 -> #DIV/0! | X15: =IF(AND(R15>0,T15>0),(T15/(R15*1000))*1000,0) -> 0 | Y15: =IF(AND(S15>0,U15>0),U15/S15,0) -> 0 | Z15: 27.7 | AA15: =Z15+AA14 -> 114.6 | AB15: =Z15/(P15) -> #DIV/0! | AC15: =AA15/(Q15) -> #DIV/0! | AD15: =IF(AND(R15>0,Z15>0),Z15/(R15),0) -> 0 | AE15: =IF(AND(S15>0,AA15>0),AA15/(S15),0) -> 0 | AF15: ='7'!I46 -> 3326.1 | AG15: =AF15+AG14 -> 31990.34 | AH15: =IF(AND(L15>0,AF15>0),(AF15/(P15*1000)*1000),0) -> #DIV/0! | AI15: =IF(AND(M15>0,AG15>0),(AG15/(Q15*1000)*1000),0) -> #DIV/0! | AJ15: =IF(AND(R15>0,AF15>0),(AF15/(R15*1000)*1000),0) -> 0 | AK15: =IF(AND(S15>0,AG15>0),(AG15/(S15*1000)*1000),0) -> 0 | AL15: 0 | AM15: 5887.1 | AN15: 4518.8 | AO15: =SUM(AL15:AN15) -> 10405.9 | AP15: =+[1]Nov!N10 -> 9953 | AQ15: =+AP15-AO15 -> -452.9 | AR15: =+AL15/AO15 -> 0 | AS15: =+AM15/AO15 -> 0.56574636 | AT15: =1-AR15-AS15 -> 0.43425364 | AU15: =+AR15*AQ15 -> 0 | AV15: =+AS15*AQ15 -> -256.22652 | AW15: =+AT15*AQ15 -> -196.67348 | AX15: =+AL15+AU15 -> 0 | AY15: =+AM15+AV15 -> 5630.8735 | AZ15: =+AN15+AW15 -> 4322.1265 | BA15: =+Efficiency2!K42 -> 0 | BB15: =BB14+BA15 -> 0 | BC15: =+R15/BA15 -> #DIV/0! | BD15: =+S15/BB15 -> #DIV/0!
A16: =A15+1 -> 45969 | B16: STOP | C16: 12 | D16: =+'8'!F42 -> 0 | E16: =+'8'!G42 -> 0 | F16: =1-(E16/D16) -> #DIV/0! | G16: =+P16/N16 -> 0 | H16: =+P16/L16 -> 0 | I16: =+R16/P16 -> #DIV/0! | J16: =+R16/L16 -> 0 | K16: =+S16/M16 -> 0 | L16: =+Efficiency1!K48 -> 43.297309 | M16: =M15+L16 -> 346.37848 | N16: =+Efficiency1!C48 -> 43.297309 | O16: =O15+N16 -> 346.37848 | P16: ='8'!I38 -> 0 | Q16: =Q15+P16 -> 0 | R16: ='8'!I40 -> 0 | S16: =S15+R16 -> 0 | T16: =+AX16 -> 0 | U16: =T16+U15 -> 0 | V16: =T16/P16 -> #DIV/0! | W16: =U16/Q16 -> #DIV/0! | X16: =IF(AND(R16>0,T16>0),(T16/(R16*1000))*1000,0) -> 0 | Y16: =IF(AND(S16>0,U16>0),U16/S16,0) -> 0 | Z16: 29.6 | AA16: =Z16+AA15 -> 144.2 | AB16: =Z16/(P16) -> #DIV/0! | AC16: =AA16/(Q16) -> #DIV/0! | AD16: =IF(AND(R16>0,Z16>0),Z16/(R16),0) -> 0 | AE16: =IF(AND(S16>0,AA16>0),AA16/(S16),0) -> 0 | AF16: ='8'!I46 -> 7428.5 | AG16: =AF16+AG15 -> 39418.84 | AH16: =IF(AND(L16>0,AF16>0),(AF16/(P16*1000)*1000),0) -> #DIV/0! | AI16: =IF(AND(M16>0,AG16>0),(AG16/(Q16*1000)*1000),0) -> #DIV/0! | AJ16: =IF(AND(R16>0,AF16>0),(AF16/(R16*1000)*1000),0) -> 0 | AK16: =IF(AND(S16>0,AG16>0),(AG16/(S16*1000)*1000),0) -> 0 | AL16: 0 | AM16: 5774 | AN16: 4286.6 | AO16: =SUM(AL16:AN16) -> 10060.6 | AP16: =+[1]Nov!N11 -> 9996 | AQ16: =+AP16-AO16 -> -64.6 | AR16: =+AL16/AO16 -> 0 | AS16: =+AM16/AO16 -> 0.57392203 | AT16: =1-AR16-AS16 -> 0.42607797 | AU16: =+AR16*AQ16 -> 0 | AV16: =+AS16*AQ16 -> -37.075363 | AW16: =+AT16*AQ16 -> -27.524637 | AX16: =+AL16+AU16 -> 0 | AY16: =+AM16+AV16 -> 5736.9246 | AZ16: =+AN16+AW16 -> 4259.0754 | BA16: =+Efficiency2!K48 -> 0 | BB16: =BB15+BA16 -> 0 | BC16: =+R16/BA16 -> #DIV/0! | BD16: =+S16/BB16 -> #DIV/0!
A17: =A16+1 -> 45970 | B17: STOP | C17: 12 | D17: =+'9'!F42 -> 0 | E17: =+'9'!G42 -> 0 | F17: =1-(E17/D17) -> #DIV/0! | G17: =+P17/N17 -> 0 | H17: =+P17/L17 -> 0 | I17: =+R17/P17 -> #DIV/0! | J17: =+R17/L17 -> 0 | K17: =+S17/M17 -> 0 | L17: =+Efficiency1!K54 -> 43.297309 | M17: =M16+L17 -> 389.67578 | N17: =+Efficiency1!C54 -> 43.297309 | O17: =O16+N17 -> 389.67578 | P17: ='9'!I38 -> 0 | Q17: =Q16+P17 -> 0 | R17: ='9'!I40 -> 0 | S17: =S16+R17 -> 0 | T17: =+AX17 -> 0 | U17: =T17+U16 -> 0 | V17: =T17/P17 -> #DIV/0! | W17: =U17/Q17 -> #DIV/0! | X17: =IF(AND(R17>0,T17>0),(T17/(R17*1000))*1000,0) -> 0 | Y17: =IF(AND(S17>0,U17>0),U17/S17,0) -> 0 | Z17: 34.8 | AA17: =Z17+AA16 -> 179 | AB17: =Z17/(P17) -> #DIV/0! | AC17: =AA17/(Q17) -> #DIV/0! | AD17: =IF(AND(R17>0,Z17>0),Z17/(R17),0) -> 0 | AE17: =IF(AND(S17>0,AA17>0),AA17/(S17),0) -> 0 | AF17: ='9'!I46 -> 5877.94 | AG17: =AF17+AG16 -> 45296.78 | AH17: =IF(AND(L17>0,AF17>0),(AF17/(P17*1000)*1000),0) -> #DIV/0! | AI17: =IF(AND(M17>0,AG17>0),(AG17/(Q17*1000)*1000),0) -> #DIV/0! | AJ17: =IF(AND(R17>0,AF17>0),(AF17/(R17*1000)*1000),0) -> 0 | AK17: =IF(AND(S17>0,AG17>0),(AG17/(S17*1000)*1000),0) -> 0 | AL17: 0 | AM17: 5551.8 | AN17: 4018.7 | AO17: =SUM(AL17:AN17) -> 9570.5 | AP17: =+[1]Nov!N12 -> 8927 | AQ17: =+AP17-AO17 -> -643.5 | AR17: =+AL17/AO17 -> 0 | AS17: =+AM17/AO17 -> 0.58009508 | AT17: =1-AR17-AS17 -> 0.41990492 | AU17: =+AR17*AQ17 -> 0 | AV17: =+AS17*AQ17 -> -373.29119 | AW17: =+AT17*AQ17 -> -270.20881 | AX17: =+AL17+AU17 -> 0 | AY17: =+AM17+AV17 -> 5178.5088 | AZ17: =+AN17+AW17 -> 3748.4912 | BA17: =+Efficiency2!K54 -> 0 | BB17: =BB16+BA17 -> 0 | BC17: =+R17/BA17 -> #DIV/0! | BD17: =+S17/BB17 -> #DIV/0!
A18: =A17+1 -> 45971 | B18: STOP | C18: 12 | D18: =+'10'!F42 -> 0 | E18: =+'10'!G42 -> 0 | F18: =1-(E18/D18) -> #DIV/0! | G18: =+P18/N18 -> 0 | H18: =+P18/L18 -> 0 | I18: =+R18/P18 -> #DIV/0! | J18: =+R18/L18 -> 0 | K18: =+S18/M18 -> 0 | L18: =+Efficiency1!K60 -> 43.297309 | M18: =M17+L18 -> 432.97309 | N18: =+Efficiency1!C60 -> 43.297309 | O18: =O17+N18 -> 432.97309 | P18: ='10'!I38 -> 0 | Q18: =Q17+P18 -> 0 | R18: ='10'!I40 -> 0 | S18: =S17+R18 -> 0 | T18: =+AX18 -> 0 | U18: =T18+U17 -> 0 | V18: =T18/P18 -> #DIV/0! | W18: =U18/Q18 -> #DIV/0! | X18: =IF(AND(R18>0,T18>0),(T18/(R18*1000))*1000,0) -> 0 | Y18: =IF(AND(S18>0,U18>0),U18/S18,0) -> 0 | Z18: 33.8 | AA18: =Z18+AA17 -> 212.8 | AB18: =Z18/(P18) -> #DIV/0! | AC18: =AA18/(Q18) -> #DIV/0! | AD18: =IF(AND(R18>0,Z18>0),Z18/(R18),0) -> 0 | AE18: =IF(AND(S18>0,AA18>0),AA18/(S18),0) -> 0 | AF18: ='10'!I46 -> 4702.24 | AG18: =AF18+AG17 -> 49999.02 | AH18: =IF(AND(L18>0,AF18>0),(AF18/(P18*1000)*1000),0) -> #DIV/0! | AI18: =IF(AND(M18>0,AG18>0),(AG18/(Q18*1000)*1000),0) -> #DIV/0! | AJ18: =IF(AND(R18>0,AF18>0),(AF18/(R18*1000)*1000),0) -> 0 | AK18: =IF(AND(S18>0,AG18>0),(AG18/(S18*1000)*1000),0) -> 0 | AL18: 0 | AM18: 6339.4 | AN18: 3970.5 | AO18: =SUM(AL18:AN18) -> 10309.9 | AP18: =+[1]Nov!N13 -> 9851 | AQ18: =+AP18-AO18 -> -458.9 | AR18: =+AL18/AO18 -> 0 | AS18: =+AM18/AO18 -> 0.61488472 | AT18: =1-AR18-AS18 -> 0.38511528 | AU18: =+AR18*AQ18 -> 0 | AV18: =+AS18*AQ18 -> -282.1706 | AW18: =+AT18*AQ18 -> -176.7294 | AX18: =+AL18+AU18 -> 0 | AY18: =+AM18+AV18 -> 6057.2294 | AZ18: =+AN18+AW18 -> 3793.7706 | BA18: =+Efficiency2!K60 -> 0 | BB18: =BB17+BA18 -> 0 | BC18: =+R18/BA18 -> #DIV/0! | BD18: =+S18/BB18 -> #DIV/0!
A19: =A18+1 -> 45972 | B19: STOP | C19: 12 | D19: =+'11'!F42 -> 0 | E19: =+'11'!G42 -> 0 | F19: =1-(E19/D19) -> #DIV/0! | G19: =+P19/N19 -> 0 | H19: =+P19/L19 -> 0 | I19: =+R19/P19 -> #DIV/0! | J19: =+R19/L19 -> 0 | K19: =+S19/M19 -> 0 | L19: =+Efficiency1!K66 -> 43.297309 | M19: =M18+L19 -> 476.2704 | N19: =+Efficiency1!C66 -> 43.297309 | O19: =O18+N19 -> 476.2704 | P19: ='11'!I38 -> 0 | Q19: =Q18+P19 -> 0 | R19: ='11'!I40 -> 0 | S19: =S18+R19 -> 0 | T19: =+AX19 -> 0 | U19: =T19+U18 -> 0 | V19: =T19/P19 -> #DIV/0! | W19: =U19/Q19 -> #DIV/0! | X19: =IF(AND(R19>0,T19>0),(T19/(R19*1000))*1000,0) -> 0 | Y19: =IF(AND(S19>0,U19>0),U19/S19,0) -> 0 | Z19: 34 | AA19: =Z19+AA18 -> 246.8 | AB19: =Z19/(P19) -> #DIV/0! | AC19: =AA19/(Q19) -> #DIV/0! | AD19: =IF(AND(R19>0,Z19>0),Z19/(R19),0) -> 0 | AE19: =IF(AND(S19>0,AA19>0),AA19/(S19),0) -> 0 | AF19: ='11'!I46 -> 5965.74 | AG19: =AF19+AG18 -> 55964.76 | AH19: =IF(AND(L19>0,AF19>0),(AF19/(P19*1000)*1000),0) -> #DIV/0! | AI19: =IF(AND(M19>0,AG19>0),(AG19/(Q19*1000)*1000),0) -> #DIV/0! | AJ19: =IF(AND(R19>0,AF19>0),(AF19/(R19*1000)*1000),0) -> 0 | AK19: =IF(AND(S19>0,AG19>0),(AG19/(S19*1000)*1000),0) -> 0 | AL19: 0 | AM19: 5767 | AN19: 3937.9 | AO19: =SUM(AL19:AN19) -> 9704.9 | AP19: =+[1]Nov!N14 -> 9290 | AQ19: =+AP19-AO19 -> -414.9 | AR19: =+AL19/AO19 -> 0 | AS19: =+AM19/AO19 -> 0.5942359 | AT19: =1-AR19-AS19 -> 0.4057641 | AU19: =+AR19*AQ19 -> 0 | AV19: =+AS19*AQ19 -> -246.54848 | AW19: =+AT19*AQ19 -> -168.35152 | AX19: =+AL19+AU19 -> 0 | AY19: =+AM19+AV19 -> 5520.4515 | AZ19: =+AN19+AW19 -> 3769.5485 | BA19: =+Efficiency2!K66 -> 0 | BB19: =BB18+BA19 -> 0 | BC19: =+R19/BA19 -> #DIV/0! | BD19: =+S19/BB19 -> #DIV/0!
A20: =A19+1 -> 45973 | B20: STOP | C20: 12 | D20: =+'12'!F42 -> 0 | E20: =+'12'!G42 -> 0 | F20: =1-(E20/D20) -> #DIV/0! | G20: =+P20/N20 -> 0 | H20: =+P20/L20 -> 0 | I20: =+R20/P20 -> #DIV/0! | J20: =+R20/L20 -> 0 | K20: =+S20/M20 -> 0 | L20: =+Efficiency1!K72 -> 43.297309 | M20: =M19+L20 -> 519.56771 | N20: =+Efficiency1!C72 -> 43.297309 | O20: =O19+N20 -> 519.56771 | P20: ='12'!I38 -> 0 | Q20: =Q19+P20 -> 0 | R20: ='12'!I40 -> 0 | S20: =S19+R20 -> 0 | T20: =+AX20 -> 0 | U20: =T20+U19 -> 0 | V20: =T20/P20 -> #DIV/0! | W20: =U20/Q20 -> #DIV/0! | X20: =IF(AND(R20>0,T20>0),(T20/(R20*1000))*1000,0) -> 0 | Y20: =IF(AND(S20>0,U20>0),U20/S20,0) -> 0 | Z20: 24.5 | AA20: =Z20+AA19 -> 271.3 | AB20: =Z20/(P20) -> #DIV/0! | AC20: =AA20/(Q20) -> #DIV/0! | AD20: =IF(AND(R20>0,Z20>0),Z20/(R20),0) -> 0 | AE20: =IF(AND(S20>0,AA20>0),AA20/(S20),0) -> 0 | AF20: ='12'!I46 -> 5973.86 | AG20: =AF20+AG19 -> 61938.62 | AH20: =IF(AND(L20>0,AF20>0),(AF20/(P20*1000)*1000),0) -> #DIV/0! | AI20: =IF(AND(M20>0,AG20>0),(AG20/(Q20*1000)*1000),0) -> #DIV/0! | AJ20: =IF(AND(R20>0,AF20>0),(AF20/(R20*1000)*1000),0) -> 0 | AK20: =IF(AND(S20>0,AG20>0),(AG20/(S20*1000)*1000),0) -> 0 | AL20: 0 | AM20: 5487.3 | AN20: 4208.2 | AO20: =SUM(AL20:AN20) -> 9695.5 | AP20: =+[1]Nov!N15 -> 9193 | AQ20: =+AP20-AO20 -> -502.5 | AR20: =+AL20/AO20 -> 0 | AS20: =+AM20/AO20 -> 0.56596359 | AT20: =1-AR20-AS20 -> 0.43403641 | AU20: =+AR20*AQ20 -> 0 | AV20: =+AS20*AQ20 -> -284.3967 | AW20: =+AT20*AQ20 -> -218.1033 | AX20: =+AL20+AU20 -> 0 | AY20: =+AM20+AV20 -> 5202.9033 | AZ20: =+AN20+AW20 -> 3990.0967 | BA20: =+Efficiency2!K72 -> 0 | BB20: =BB19+BA20 -> 0 | BC20: =+R20/BA20 -> #DIV/0! | BD20: =+S20/BB20 -> #DIV/0!
A21: =A20+1 -> 45974 | B21: STOP | C21: 12 | D21: =+'13'!F42 -> 0 | E21: =+'13'!G42 -> 0 | F21: =1-(E21/D21) -> #DIV/0! | G21: =+P21/N21 -> 0 | H21: =+P21/L21 -> 0 | I21: =+R21/P21 -> #DIV/0! | J21: =+R21/L21 -> 0 | K21: =+S21/M21 -> 0 | L21: =+Efficiency1!K78 -> 43.297309 | M21: =M20+L21 -> 562.86502 | N21: =+Efficiency1!C78 -> 43.297309 | O21: =O20+N21 -> 562.86502 | P21: ='13'!I38 -> 0 | Q21: =Q20+P21 -> 0 | R21: ='13'!I40 -> 0 | S21: =S20+R21 -> 0 | T21: =+AX21 -> 0 | U21: =T21+U20 -> 0 | V21: =T21/P21 -> #DIV/0! | W21: =U21/Q21 -> #DIV/0! | X21: =IF(AND(R21>0,T21>0),(T21/(R21*1000))*1000,0) -> 0 | Y21: =IF(AND(S21>0,U21>0),U21/S21,0) -> 0 | Z21: 13.5 | AA21: =Z21+AA20 -> 284.8 | AB21: =Z21/(P21) -> #DIV/0! | AC21: =AA21/(Q21) -> #DIV/0! | AD21: =IF(AND(R21>0,Z21>0),Z21/(R21),0) -> 0 | AE21: =IF(AND(S21>0,AA21>0),AA21/(S21),0) -> 0 | AF21: ='13'!I46 -> 5379.3 | AG21: =AF21+AG20 -> 67317.92 | AH21: =IF(AND(L21>0,AF21>0),(AF21/(P21*1000)*1000),0) -> #DIV/0! | AI21: =IF(AND(M21>0,AG21>0),(AG21/(Q21*1000)*1000),0) -> #DIV/0! | AJ21: =IF(AND(R21>0,AF21>0),(AF21/(R21*1000)*1000),0) -> 0 | AK21: =IF(AND(S21>0,AG21>0),(AG21/(S21*1000)*1000),0) -> 0 | AL21: 0 | AM21: 4305.1 | AN21: 3078 | AO21: =SUM(AL21:AN21) -> 7383.1 | AP21: =+[1]Nov!N16 -> 7163 | AQ21: =+AP21-AO21 -> -220.1 | AR21: =+AL21/AO21 -> 0 | AS21: =+AM21/AO21 -> 0.58310195 | AT21: =1-AR21-AS21 -> 0.41689805 | AU21: =+AR21*AQ21 -> 0 | AV21: =+AS21*AQ21 -> -128.34074 | AW21: =+AT21*AQ21 -> -91.759261 | AX21: =+AL21+AU21 -> 0 | AY21: =+AM21+AV21 -> 4176.7593 | AZ21: =+AN21+AW21 -> 2986.2407 | BA21: =+Efficiency2!K78 -> 0 | BB21: =BB20+BA21 -> 0 | BC21: =+R21/BA21 -> #DIV/0! | BD21: =+S21/BB21 -> #DIV/0!
A22: =A21+1 -> 45975 | B22: STOP | C22: 12 | D22: =+'14'!F42 -> 0 | E22: =+'14'!G42 -> 0 | F22: =1-(E22/D22) -> #DIV/0! | G22: =+P22/N22 -> 0 | H22: =+P22/L22 -> 0 | I22: =+R22/P22 -> #DIV/0! | J22: =+R22/L22 -> 0 | K22: =+S22/M22 -> 0 | L22: =+Efficiency1!K84 -> 43.297309 | M22: =M21+L22 -> 606.16233 | N22: =+Efficiency1!C84 -> 43.297309 | O22: =O21+N22 -> 606.16233 | P22: ='14'!I38 -> 0 | Q22: =Q21+P22 -> 0 | R22: ='14'!I40 -> 0 | S22: =S21+R22 -> 0 | T22: =+AX22 -> 0 | U22: =T22+U21 -> 0 | V22: =T22/P22 -> #DIV/0! | W22: =U22/Q22 -> #DIV/0! | X22: =IF(AND(R22>0,T22>0),(T22/(R22*1000))*1000,0) -> 0 | Y22: =IF(AND(S22>0,U22>0),U22/S22,0) -> 0 | Z22: 21.4 | AA22: =Z22+AA21 -> 306.2 | AB22: =Z22/(P22) -> #DIV/0! | AC22: =AA22/(Q22) -> #DIV/0! | AD22: =IF(AND(R22>0,Z22>0),Z22/(R22),0) -> 0 | AE22: =IF(AND(S22>0,AA22>0),AA22/(S22),0) -> 0 | AF22: ='14'!I46 -> 5869.38 | AG22: =AF22+AG21 -> 73187.3 | AH22: =IF(AND(L22>0,AF22>0),(AF22/(P22*1000)*1000),0) -> #DIV/0! | AI22: =IF(AND(M22>0,AG22>0),(AG22/(Q22*1000)*1000),0) -> #DIV/0! | AJ22: =IF(AND(R22>0,AF22>0),(AF22/(R22*1000)*1000),0) -> 0 | AK22: =IF(AND(S22>0,AG22>0),(AG22/(S22*1000)*1000),0) -> 0 | AL22: 0 | AM22: 4911.4 | AN22: 3827.9 | AO22: =SUM(AL22:AN22) -> 8739.3 | AP22: =+[1]Nov!N17 -> 8270 | AQ22: =+AP22-AO22 -> -469.3 | AR22: =+AL22/AO22 -> 0 | AS22: =+AM22/AO22 -> 0.56199009 | AT22: =1-AR22-AS22 -> 0.43800991 | AU22: =+AR22*AQ22 -> 0 | AV22: =+AS22*AQ22 -> -263.74195 | AW22: =+AT22*AQ22 -> -205.55805 | AX22: =+AL22+AU22 -> 0 | AY22: =+AM22+AV22 -> 4647.6581 | AZ22: =+AN22+AW22 -> 3622.3419 | BA22: =+Efficiency2!K84 -> 0 | BB22: =BB21+BA22 -> 0 | BC22: =+R22/BA22 -> #DIV/0! | BD22: =+S22/BB22 -> #DIV/0!
A23: =A22+1 -> 45976 | B23: STOP | C23: 12 | D23: =+'15'!F42 -> 0 | E23: =+'15'!G42 -> 0 | F23: =1-(E23/D23) -> #DIV/0! | G23: =+P23/N23 -> 0 | H23: =+P23/L23 -> 0 | I23: =+R23/P23 -> #DIV/0! | J23: =+R23/L23 -> 0 | K23: =+S23/M23 -> 0 | L23: =+Efficiency1!K90 -> 43.297309 | M23: =M22+L23 -> 649.45964 | N23: =+Efficiency1!C90 -> 43.297309 | O23: =O22+N23 -> 649.45964 | P23: ='15'!I38 -> 0 | Q23: =Q22+P23 -> 0 | R23: ='15'!I40 -> 0 | S23: =S22+R23 -> 0 | T23: =+AX23 -> 222.4412 | U23: =T23+U22 -> 222.4412 | V23: =T23/P23 -> #DIV/0! | W23: =U23/Q23 -> #DIV/0! | X23: =IF(AND(R23>0,T23>0),(T23/(R23*1000))*1000,0) -> 0 | Y23: =IF(AND(S23>0,U23>0),U23/S23,0) -> 0 | Z23: 19 | AA23: =Z23+AA22 -> 325.2 | AB23: =Z23/(P23) -> #DIV/0! | AC23: =AA23/(Q23) -> #DIV/0! | AD23: =IF(AND(R23>0,Z23>0),Z23/(R23),0) -> 0 | AE23: =IF(AND(S23>0,AA23>0),AA23/(S23),0) -> 0 | AF23: ='15'!I46 -> 8729.52 | AG23: =AF23+AG22 -> 81916.82 | AH23: =IF(AND(L23>0,AF23>0),(AF23/(P23*1000)*1000),0) -> #DIV/0! | AI23: =IF(AND(M23>0,AG23>0),(AG23/(Q23*1000)*1000),0) -> #DIV/0! | AJ23: =IF(AND(R23>0,AF23>0),(AF23/(R23*1000)*1000),0) -> 0 | AK23: =IF(AND(S23>0,AG23>0),(AG23/(S23*1000)*1000),0) -> 0 | AL23: 215.1 | AM23: 5032.1 | AN23: 3824.2 | AO23: =SUM(AL23:AN23) -> 9071.4 | AP23: =+[1]Nov!N18 -> 9381 | AQ23: =+AP23-AO23 -> 309.6 | AR23: =+AL23/AO23 -> 0.023711886 | AS23: =+AM23/AO23 -> 0.55472143 | AT23: =1-AR23-AS23 -> 0.42156668 | AU23: =+AR23*AQ23 -> 7.3411998 | AV23: =+AS23*AQ23 -> 171.74176 | AW23: =+AT23*AQ23 -> 130.51704 | AX23: =+AL23+AU23 -> 222.4412 | AY23: =+AM23+AV23 -> 5203.8418 | AZ23: =+AN23+AW23 -> 3954.717 | BA23: =+Efficiency2!K90 -> 0 | BB23: =BB22+BA23 -> 0 | BC23: =+R23/BA23 -> #DIV/0! | BD23: =+S23/BB23 -> #DIV/0!
A24: =A23+1 -> 45977 | B24: Facial | C24: 12 | D24: =+'16'!F42 -> 855.68445 | E24: =+'16'!G42 -> 658.87703 | F24: =1-(E24/D24) -> 0.23 | G24: =+P24/N24 -> 0.83037041 | H24: =+P24/L24 -> 0.57767078 | I24: =+R24/P24 -> 0.90425918 | J24: =+R24/L24 -> 0.5223641 | K24: =+S24/M24 -> 0.032409516 | L24: =+Efficiency1!K96 -> 42.960456 | M24: =M23+L24 -> 692.4201 | N24: =+Efficiency1!C96 -> 29.886662 | O24: =O23+N24 -> 679.3463 | P24: ='16'!I38 -> 24.817 | Q24: =Q23+P24 -> 24.817 | R24: ='16'!I40 -> 22.441 | S24: =S23+R24 -> 22.441 | T24: =+AX24 -> 2914.2417 | U24: =T24+U23 -> 3136.6829 | V24: =T24/P24 -> 117.42925 | W24: =U24/Q24 -> 126.39251 | X24: =IF(AND(R24>0,T24>0),(T24/(R24*1000))*1000,0) -> 129.86238 | Y24: =IF(AND(S24>0,U24>0),U24/S24,0) -> 139.77465 | Z24: 54.8 | AA24: =Z24+AA23 -> 380 | AB24: =Z24/(P24) -> 2.2081638 | AC24: =AA24/(Q24) -> 15.312084 | AD24: =IF(AND(R24>0,Z24>0),Z24/(R24),0) -> 2.4419589 | AE24: =IF(AND(S24>0,AA24>0),AA24/(S24),0) -> 16.933292 | AF24: ='16'!I46 -> 29484.82 | AG24: =AF24+AG23 -> 111401.64 | AH24: =IF(AND(L24>0,AF24>0),(AF24/(P24*1000)*1000),0) -> 1188.0896 | AI24: =IF(AND(M24>0,AG24>0),(AG24/(Q24*1000)*1000),0) -> 4488.9245 | AJ24: =IF(AND(R24>0,AF24>0),(AF24/(R24*1000)*1000),0) -> 1313.8817 | AK24: =IF(AND(S24>0,AG24>0),(AG24/(S24*1000)*1000),0) -> 4964.2012 | AL24: 3312.8 | AM24: 5037.4 | AN24: 3264.1 | AO24: =SUM(AL24:AN24) -> 11614.3 | AP24: =+[1]Nov!N19 -> 10217 | AQ24: =+AP24-AO24 -> -1397.3 | AR24: =+AL24/AO24 -> 0.28523458 | AS24: =+AM24/AO24 -> 0.43372394 | AT24: =1-AR24-AS24 -> 0.28104147 | AU24: =+AR24*AQ24 -> -398.55828 | AV24: =+AS24*AQ24 -> -606.04247 | AW24: =+AT24*AQ24 -> -392.69925 | AX24: =+AL24+AU24 -> 2914.2417 | AY24: =+AM24+AV24 -> 4431.3575 | AZ24: =+AN24+AW24 -> 2871.4007 | BA24: =+Efficiency2!K96 -> 38.485408 | BB24: =BB23+BA24 -> 38.485408 | BC24: =+R24/BA24 -> 0.58310411 | BD24: =+S24/BB24 -> 0.58310411
A25: =A24+1 -> 45978 | B25: Facial | C25: 12 | D25: =+'17'!F42 -> 1057.6944 | E25: =+'17'!G42 -> 814.42472 | F25: =1-(E25/D25) -> 0.23 | G25: =+P25/N25 -> 0.92024576 | H25: =+P25/L25 -> 0.79133238 | I25: =+R25/P25 -> 0.75147076 | J25: =+R25/L25 -> 0.59466315 | K25: =+S25/M25 -> 0.065256009 | L25: =+Efficiency1!K102 -> 42.960456 | M25: =M24+L25 -> 735.38055 | N25: =+Efficiency1!C102 -> 36.942305 | O25: =O24+N25 -> 716.28861 | P25: ='17'!I38 -> 33.996 | Q25: =Q24+P25 -> 58.813 | R25: ='17'!I40 -> 25.547 | S25: =S24+R25 -> 47.988 | T25: =+AX25 -> 4002.7217 | U25: =T25+U24 -> 7139.4046 | V25: =T25/P25 -> 117.74096 | W25: =U25/Q25 -> 121.39161 | X25: =IF(AND(R25>0,T25>0),(T25/(R25*1000))*1000,0) -> 156.68069 | Y25: =IF(AND(S25>0,U25>0),U25/S25,0) -> 148.77479 | Z25: 61.1 | AA25: =Z25+AA24 -> 441.1 | AB25: =Z25/(P25) -> 1.7972703 | AC25: =AA25/(Q25) -> 7.5000425 | AD25: =IF(AND(R25>0,Z25>0),Z25/(R25),0) -> 2.3916703 | AE25: =IF(AND(S25>0,AA25>0),AA25/(S25),0) -> 9.1918813 | AF25: ='17'!I46 -> 36139.06 | AG25: =AF25+AG24 -> 147540.7 | AH25: =IF(AND(L25>0,AF25>0),(AF25/(P25*1000)*1000),0) -> 1063.0386 | AI25: =IF(AND(M25>0,AG25>0),(AG25/(Q25*1000)*1000),0) -> 2508.6409 | AJ25: =IF(AND(R25>0,AF25>0),(AF25/(R25*1000)*1000),0) -> 1414.6107 | AK25: =IF(AND(S25>0,AG25>0),(AG25/(S25*1000)*1000),0) -> 3074.5332 | AL25: 4212.4 | AM25: 5190.8 | AN25: 4061 | AO25: =SUM(AL25:AN25) -> 13464.2 | AP25: =+[1]Nov!N20 -> 12794 | AQ25: =+AP25-AO25 -> -670.2 | AR25: =+AL25/AO25 -> 0.31285929 | AS25: =+AM25/AO25 -> 0.38552606 | AT25: =1-AR25-AS25 -> 0.30161465 | AU25: =+AR25*AQ25 -> -209.67829 | AV25: =+AS25*AQ25 -> -258.37957 | AW25: =+AT25*AQ25 -> -202.14214 | AX25: =+AL25+AU25 -> 4002.7217 | AY25: =+AM25+AV25 -> 4932.4204 | AZ25: =+AN25+AW25 -> 3858.8579 | BA25: =+Efficiency2!K102 -> 42.960456 | BB25: =BB24+BA25 -> 81.445864 | BC25: =+R25/BA25 -> 0.59466315 | BD25: =+S25/BB25 -> 0.58920119
A26: =A25+1 -> 45979 | B26: Facial | C26: 12/10,3 | D26: =+'18'!F42 -> 1192.0365 | E26: =+'18'!G42 -> 913.66372 | F26: =1-(E26/D26) -> 0.23352706 | G26: =+P26/N26 -> 0.86476645 | H26: =+P26/L26 -> 0.8381348 | I26: =+R26/P26 -> 0.96357876 | J26: =+R26/L26 -> 0.80760889 | K26: =+S26/M26 -> 0.10586366 | L26: =+SUM(Efficiency1!K107:K108) -> 42.554014 | M26: =M25+L26 -> 777.93457 | N26: =+SUM(Efficiency1!C107:C108) -> 41.243506 | O26: =O25+N26 -> 757.53211 | P26: ='18'!I38 -> 35.666 | Q26: =Q25+P26 -> 94.479 | R26: ='18'!I40 -> 34.367 | S26: =S25+R26 -> 82.355 | T26: =+AX26 -> 4457.981 | U26: =T26+U25 -> 11597.386 | V26: =T26/P26 -> 124.99246 | W26: =U26/Q26 -> 122.75094 | X26: =IF(AND(R26>0,T26>0),(T26/(R26*1000))*1000,0) -> 129.71691 | Y26: =IF(AND(S26>0,U26>0),U26/S26,0) -> 140.82188 | Z26: 55.8 | AA26: =Z26+AA25 -> 496.9 | AB26: =Z26/(P26) -> 1.5645152 | AC26: =AA26/(Q26) -> 5.2593698 | AD26: =IF(AND(R26>0,Z26>0),Z26/(R26),0) -> 1.6236506 | AE26: =IF(AND(S26>0,AA26>0),AA26/(S26),0) -> 6.0336349 | AF26: ='18'!I46 -> 37593.88 | AG26: =AF26+AG25 -> 185134.58 | AH26: =IF(AND(L26>0,AF26>0),(AF26/(P26*1000)*1000),0) -> 1054.0537 | AI26: =IF(AND(M26>0,AG26>0),(AG26/(Q26*1000)*1000),0) -> 1959.5315 | AJ26: =IF(AND(R26>0,AF26>0),(AF26/(R26*1000)*1000),0) -> 1093.8947 | AK26: =IF(AND(S26>0,AG26>0),(AG26/(S26*1000)*1000),0) -> 2248.0066 | AL26: 4669.4 | AM26: 4810.6 | AN26: 4105.1 | AO26: =SUM(AL26:AN26) -> 13585.1 | AP26: =+[1]Nov!N21 -> 12970 | AQ26: =+AP26-AO26 -> -615.1 | AR26: =+AL26/AO26 -> 0.34371481 | AS26: =+AM26/AO26 -> 0.35410855 | AT26: =1-AR26-AS26 -> 0.30217665 | AU26: =+AR26*AQ26 -> -211.41898 | AV26: =+AS26*AQ26 -> -217.81217 | AW26: =+AT26*AQ26 -> -185.86886 | AX26: =+AL26+AU26 -> 4457.981 | AY26: =+AM26+AV26 -> 4592.7878 | AZ26: =+AN26+AW26 -> 3919.2311 | BA26: =+SUM(Efficiency2!K107:K108) -> 40.48035 | BB26: =BB25+BA26 -> 121.92621 | BC26: =+R26/BA26 -> 0.84897981 | BD26: =+S26/BB26 -> 0.67544949
A27: =A26+1 -> 45980 | B27: Facial | C27: 12 | D27: =+'19'!F42 -> 1230 | E27: =+'19'!G42 -> 942.30191 | F27: =1-(E27/D27) -> 0.23390089 | G27: =+P27/N27 -> 0.48044951 | H27: =+P27/L27 -> 0.48044951 | I27: =+R27/P27 -> 1.2598187 | J27: =+R27/L27 -> 0.60527929 | K27: =+S27/M27 -> 0.1314601 | L27: =+Efficiency1!K112 -> 42.025227 | M27: =M26+L27 -> 819.9598 | N27: =+Efficiency1!C112 -> 42.025227 | O27: =O26+N27 -> 799.55734 | P27: ='19'!I38 -> 20.191 | Q27: =Q26+P27 -> 114.67 | R27: ='19'!I40 -> 25.437 | S27: =S26+R27 -> 107.792 | T27: =+AX27 -> 2548.0121 | U27: =T27+U26 -> 14145.398 | V27: =T27/P27 -> 126.19544 | W27: =U27/Q27 -> 123.35744 | X27: =IF(AND(R27>0,T27>0),(T27/(R27*1000))*1000,0) -> 100.16952 | Y27: =IF(AND(S27>0,U27>0),U27/S27,0) -> 131.22864 | Z27: 29.1 | AA27: =Z27+AA26 -> 526 | AB27: =Z27/(P27) -> 1.4412362 | AC27: =AA27/(Q27) -> 4.587076 | AD27: =IF(AND(R27>0,Z27>0),Z27/(R27),0) -> 1.1440028 | AE27: =IF(AND(S27>0,AA27>0),AA27/(S27),0) -> 4.8797684 | AF27: ='19'!I46 -> 28376 | AG27: =AF27+AG26 -> 213510.58 | AH27: =IF(AND(L27>0,AF27>0),(AF27/(P27*1000)*1000),0) -> 1405.3786 | AI27: =IF(AND(M27>0,AG27>0),(AG27/(Q27*1000)*1000),0) -> 1861.9567 | AJ27: =IF(AND(R27>0,AF27>0),(AF27/(R27*1000)*1000),0) -> 1115.5404 | AK27: =IF(AND(S27>0,AG27>0),(AG27/(S27*1000)*1000),0) -> 1980.7646 | AL27: 2647.5 | AM27: 5128.8 | AN27: 3259.4 | AO27: =SUM(AL27:AN27) -> 11035.7 | AP27: =+[1]Nov!N22 -> 10621 | AQ27: =+AP27-AO27 -> -414.7 | AR27: =+AL27/AO27 -> 0.23990322 | AS27: =+AM27/AO27 -> 0.46474623 | AT27: =1-AR27-AS27 -> 0.29535054 | AU27: =+AR27*AQ27 -> -99.487867 | AV27: =+AS27*AQ27 -> -192.73026 | AW27: =+AT27*AQ27 -> -122.48187 | AX27: =+AL27+AU27 -> 2548.0121 | AY27: =+AM27+AV27 -> 4936.0697 | AZ27: =+AN27+AW27 -> 3136.9181 | BA27: =+Efficiency2!K112 -> 22.967954 | BB27: =BB26+BA27 -> 144.89417 | BC27: =+R27/BA27 -> 1.1074996 | BD27: =+S27/BB27 -> 0.74393608
A28: =A27+1 -> 45981 | B28: Facial | C28: 13/14 | D28: =+'20'!F42 -> 1126.6667 | E28: =+'20'!G42 -> 863.96541 | F28: =1-(E28/D28) -> 0.23316679 | G28: =+P28/N28 -> 0.4709505 | H28: =+P28/L28 -> 0.43396016 | I28: =+R28/P28 -> 0.59095915 | J28: =+R28/L28 -> 0.25645273 | K28: =+S28/M28 -> 0.1381041 | L28: =+SUM(Efficiency1!K117:K118) -> 46.031875 | M28: =M27+L28 -> 865.99167 | N28: =+SUM(Efficiency1!C117:C118) -> 42.416347 | O28: =O27+N28 -> 841.97369 | P28: ='20'!I38 -> 19.976 | Q28: =Q27+P28 -> 134.646 | R28: ='20'!I40 -> 11.805 | S28: =S27+R28 -> 119.597 | T28: =+AX28 -> 2577.3202 | U28: =T28+U27 -> 16722.718 | V28: =T28/P28 -> 129.02083 | W28: =U28/Q28 -> 124.19766 | X28: =IF(AND(R28>0,T28>0),(T28/(R28*1000))*1000,0) -> 218.32445 | Y28: =IF(AND(S28>0,U28>0),U28/S28,0) -> 139.82556 | Z28: 33.4 | AA28: =Z28+AA27 -> 559.4 | AB28: =Z28/(P28) -> 1.6720064 | AC28: =AA28/(Q28) -> 4.154598 | AD28: =IF(AND(R28>0,Z28>0),Z28/(R28),0) -> 2.8293096 | AE28: =IF(AND(S28>0,AA28>0),AA28/(S28),0) -> 4.6773749 | AF28: ='20'!I46 -> 19849.06 | AG28: =AF28+AG27 -> 233359.64 | AH28: =IF(AND(L28>0,AF28>0),(AF28/(P28*1000)*1000),0) -> 993.64537 | AI28: =IF(AND(M28>0,AG28>0),(AG28/(Q28*1000)*1000),0) -> 1733.1346 | AJ28: =IF(AND(R28>0,AF28>0),(AF28/(R28*1000)*1000),0) -> 1681.4113 | AK28: =IF(AND(S28>0,AG28>0),(AG28/(S28*1000)*1000),0) -> 1951.2165 | AL28: 2704.6 | AM28: 5209 | AN28: 4022.1 | AO28: =SUM(AL28:AN28) -> 11935.7 | AP28: =+[1]Nov!N23 -> 11374 | AQ28: =+AP28-AO28 -> -561.7 | AR28: =+AL28/AO28 -> 0.22659752 | AS28: =+AM28/AO28 -> 0.43642183 | AT28: =1-AR28-AS28 -> 0.33698065 | AU28: =+AR28*AQ28 -> -127.27983 | AV28: =+AS28*AQ28 -> -245.13814 | AW28: =+AT28*AQ28 -> -189.28203 | AX28: =+AL28+AU28 -> 2577.3202 | AY28: =+AM28+AV28 -> 4963.8619 | AZ28: =+AN28+AW28 -> 3832.818 | BA28: =+SUM(Efficiency2!K117:K118) -> 23.119021 | BB28: =BB27+BA28 -> 168.01319 | BC28: =+R28/BA28 -> 0.51061851 | BD28: =+S28/BB28 -> 0.71183102
A29: =A28+1 -> 45982 | B29: Facial | C29: 13/14/11 | D29: =+'21'!F42 -> 1166.7361 | E29: =+'21'!G42 -> 894.38681 | F29: =1-(E29/D29) -> 0.23342837 | G29: =+P29/N29 -> 0.96094511 | H29: =+P29/L29 -> 0.90815758 | I29: =+R29/P29 -> 1.0161142 | J29: =+R29/L29 -> 0.92279177 | K29: =+S29/M29 -> 0.17520869 | L29: =+SUM(Efficiency1!K122:K124) -> 42.981528 | M29: =M28+L29 -> 908.9732 | N29: =+SUM(Efficiency1!C122:C124) -> 40.620426 | O29: =O28+N29 -> 882.59412 | P29: ='21'!I38 -> 39.034 | Q29: =Q28+P29 -> 173.68 | R29: ='21'!I40 -> 39.663 | S29: =S28+R29 -> 159.26 | T29: =+AX29 -> 4544.7561 | U29: =T29+U28 -> 21267.474 | V29: =T29/P29 -> 116.43071 | W29: =U29/Q29 -> 122.45206 | X29: =IF(AND(R29>0,T29>0),(T29/(R29*1000))*1000,0) -> 114.58428 | Y29: =IF(AND(S29>0,U29>0),U29/S29,0) -> 133.53933 | Z29: 55.5 | AA29: =Z29+AA28 -> 614.9 | AB29: =Z29/(P29) -> 1.4218374 | AC29: =AA29/(Q29) -> 3.5404192 | AD29: =IF(AND(R29>0,Z29>0),Z29/(R29),0) -> 1.399289 | AE29: =IF(AND(S29>0,AA29>0),AA29/(S29),0) -> 3.860982 | AF29: ='21'!I46 -> 40426.02 | AG29: =AF29+AG28 -> 273785.66 | AH29: =IF(AND(L29>0,AF29>0),(AF29/(P29*1000)*1000),0) -> 1035.6617 | AI29: =IF(AND(M29>0,AG29>0),(AG29/(Q29*1000)*1000),0) -> 1576.3799 | AJ29: =IF(AND(R29>0,AF29>0),(AF29/(R29*1000)*1000),0) -> 1019.2376 | AK29: =IF(AND(S29>0,AG29>0),(AG29/(S29*1000)*1000),0) -> 1719.1113 | AL29: 4812 | AM29: 5025.7 | AN29: 4205.2 | AO29: =SUM(AL29:AN29) -> 14042.9 | AP29: =+[1]Nov!N24 -> 13263 | AQ29: =+AP29-AO29 -> -779.9 | AR29: =+AL29/AO29 -> 0.34266426 | AS29: =+AM29/AO29 -> 0.35788192 | AT29: =1-AR29-AS29 -> 0.29945382 | AU29: =+AR29*AQ29 -> -267.24386 | AV29: =+AS29*AQ29 -> -279.11211 | AW29: =+AT29*AQ29 -> -233.54403 | AX29: =+AL29+AU29 -> 4544.7561 | AY29: =+AM29+AV29 -> 4746.5879 | AZ29: =+AN29+AW29 -> 3971.656 | BA29: =+SUM(Efficiency2!K122:K124) -> 42.981528 | BB29: =BB28+BA29 -> 210.99472 | BC29: =+R29/BA29 -> 0.92279177 | BD29: =+S29/BB29 -> 0.75480563
A30: =A29+1 -> 45983 | B30: Facial | C30: 11/13 | D30: =+'22'!F42 -> 1181.4493 | E30: =+'22'!G42 -> 905.82029 | F30: =1-(E30/D30) -> 0.23329735 | G30: =+P30/N30 -> 0.92295291 | H30: =+P30/L30 -> 0.8859037 | I30: =+R30/P30 -> 0.93820854 | J30: =+R30/L30 -> 0.83116241 | K30: =+S30/M30 -> 0.20373151 | L30: =+SUM(Efficiency1!K127:K128) -> 41.321647 | M30: =M29+L30 -> 950.29485 | N30: =+SUM(Efficiency1!C127:C128) -> 39.662912 | O30: =O29+N30 -> 922.25703 | P30: ='22'!I38 -> 36.607 | Q30: =Q29+P30 -> 210.287 | R30: ='22'!I40 -> 34.345 | S30: =S29+R30 -> 193.605 | T30: =+AX30 -> 4441.2699 | U30: =T30+U29 -> 25708.744 | V30: =T30/P30 -> 121.32297 | W30: =U30/Q30 -> 122.25551 | X30: =IF(AND(R30>0,T30>0),(T30/(R30*1000))*1000,0) -> 129.31343 | Y30: =IF(AND(S30>0,U30>0),U30/S30,0) -> 132.78967 | Z30: 52.9 | AA30: =Z30+AA29 -> 667.8 | AB30: =Z30/(P30) -> 1.4450788 | AC30: =AA30/(Q30) -> 3.1756599 | AD30: =IF(AND(R30>0,Z30>0),Z30/(R30),0) -> 1.5402533 | AE30: =IF(AND(S30>0,AA30>0),AA30/(S30),0) -> 3.4492911 | AF30: ='22'!I46 -> 38351.7 | AG30: =AF30+AG29 -> 312137.36 | AH30: =IF(AND(L30>0,AF30>0),(AF30/(P30*1000)*1000),0) -> 1047.6603 | AI30: =IF(AND(M30>0,AG30>0),(AG30/(Q30*1000)*1000),0) -> 1484.3398 | AJ30: =IF(AND(R30>0,AF30>0),(AF30/(R30*1000)*1000),0) -> 1116.6604 | AK30: =IF(AND(S30>0,AG30>0),(AG30/(S30*1000)*1000),0) -> 1612.2381 | AL30: 4464.8 | AM30: 5314.3 | AN30: 4167.4 | AO30: =SUM(AL30:AN30) -> 13946.5 | AP30: =+[1]Nov!N25 -> 13873 | AQ30: =+AP30-AO30 -> -73.5 | AR30: =+AL30/AO30 -> 0.32013767 | AS30: =+AM30/AO30 -> 0.38104901 | AT30: =1-AR30-AS30 -> 0.29881332 | AU30: =+AR30*AQ30 -> -23.530119 | AV30: =+AS30*AQ30 -> -28.007102 | AW30: =+AT30*AQ30 -> -21.962779 | AX30: =+AL30+AU30 -> 4441.2699 | AY30: =+AM30+AV30 -> 5286.2929 | AZ30: =+AN30+AW30 -> 4145.4372 | BA30: =+SUM(Efficiency2!K127:K128) -> 41.321647 | BB30: =BB29+BA30 -> 252.31636 | BC30: =+R30/BA30 -> 0.83116241 | BD30: =+S30/BB30 -> 0.76731052
A31: =A30+1 -> 45984 | B31: Facial/Toilet | C31: 13/14/14 | D31: =+'23'!F42 -> 1129.0278 | E31: =+'23'!G42 -> 869.35139 | F31: =1-(E31/D31) -> 0.23 | G31: =+P31/N31 -> 0.92331201 | H31: =+P31/L31 -> 0.8457258 | I31: =+R31/P31 -> 0.96684074 | J31: =+R31/L31 -> 0.81768216 | K31: =+S31/M31 -> 0.23205715 | L31: =+SUM(Efficiency1!K132:K134) -> 45.96407 | M31: =M30+L31 -> 996.25892 | N31: =+SUM(Efficiency1!C132:C134) -> 42.101694 | O31: =O30+N31 -> 964.35872 | P31: ='23'!I38 -> 38.873 | Q31: =Q30+P31 -> 249.16 | R31: ='23'!I40 -> 37.584 | S31: =S30+R31 -> 231.189 | T31: =+AX31 -> 4443.1239 | U31: =T31+U30 -> 30151.868 | V31: =T31/P31 -> 114.29846 | W31: =U31/Q31 -> 121.01408 | X31: =IF(AND(R31>0,T31>0),(T31/(R31*1000))*1000,0) -> 118.2185 | Y31: =IF(AND(S31>0,U31>0),U31/S31,0) -> 130.42086 | Z31: 55.5 | AA31: =Z31+AA30 -> 723.3 | AB31: =Z31/(P31) -> 1.4277262 | AC31: =AA31/(Q31) -> 2.9029539 | AD31: =IF(AND(R31>0,Z31>0),Z31/(R31),0) -> 1.4766922 | AE31: =IF(AND(S31>0,AA31>0),AA31/(S31),0) -> 3.1286091 | AF31: ='23'!I46 -> 38161.6 | AG31: =AF31+AG30 -> 350298.96 | AH31: =IF(AND(L31>0,AF31>0),(AF31/(P31*1000)*1000),0) -> 981.69938 | AI31: =IF(AND(M31>0,AG31>0),(AG31/(Q31*1000)*1000),0) -> 1405.9197 | AJ31: =IF(AND(R31>0,AF31>0),(AF31/(R31*1000)*1000),0) -> 1015.3682 | AK31: =IF(AND(S31>0,AG31>0),(AG31/(S31*1000)*1000),0) -> 1515.206 | AL31: 4956.6 | AM31: 5365.5 | AN31: 3552.2 | AO31: =SUM(AL31:AN31) -> 13874.3 | AP31: =+[1]Nov!N26 -> 12437 | AQ31: =+AP31-AO31 -> -1437.3 | AR31: =+AL31/AO31 -> 0.35725046 | AS31: =+AM31/AO31 -> 0.38672221 | AT31: =1-AR31-AS31 -> 0.25602733 | AU31: =+AR31*AQ31 -> -513.47608 | AV31: =+AS31*AQ31 -> -555.83584 | AW31: =+AT31*AQ31 -> -367.98808 | AX31: =+AL31+AU31 -> 4443.1239 | AY31: =+AM31+AV31 -> 4809.6642 | AZ31: =+AN31+AW31 -> 3184.2119 | BA31: =+SUM(Efficiency2!K132:K134) -> 45.96407 | BB31: =BB30+BA31 -> 298.28043 | BC31: =+R31/BA31 -> 0.81768216 | BD31: =+S31/BB31 -> 0.77507263
A32: =A31+1 -> 45985 | B32: Toilet | C32: 14 | D32: =+'24'!F42 -> 1062.583 | E32: =+'24'!G42 -> 818.18893 | F32: =1-(E32/D32) -> 0.23 | G32: =+P32/N32 -> 0.88900211 | H32: =+P32/L32 -> 0.76799883 | I32: =+R32/P32 -> 0.93857135 | J32: =+R32/L32 -> 0.7208217 | K32: =+S32/M32 -> 0.25500098 | L32: =+Efficiency1!K136 -> 49.070388 | M32: =M31+L32 -> 1045.3293 | N32: =+Efficiency1!C136 -> 42.39135 | O32: =O31+N32 -> 1006.7501 | P32: ='24'!I38 -> 37.686 | Q32: =Q31+P32 -> 286.846 | R32: ='24'!I40 -> 35.371 | S32: =S31+R32 -> 266.56 | T32: =+AX32 -> 4859.2857 | U32: =T32+U31 -> 35011.154 | V32: =T32/P32 -> 128.9414 | W32: =U32/Q32 -> 122.05558 | X32: =IF(AND(R32>0,T32>0),(T32/(R32*1000))*1000,0) -> 137.3805 | Y32: =IF(AND(S32>0,U32>0),U32/S32,0) -> 131.34436 | Z32: 53.5 | AA32: =Z32+AA31 -> 776.8 | AB32: =Z32/(P32) -> 1.4196253 | AC32: =AA32/(Q32) -> 2.7080733 | AD32: =IF(AND(R32>0,Z32>0),Z32/(R32),0) -> 1.5125385 | AE32: =IF(AND(S32>0,AA32>0),AA32/(S32),0) -> 2.9141657 | AF32: =+'24'!I46 -> 36251.68 | AG32: =AF32+AG31 -> 386550.64 | AH32: =IF(AND(L32>0,AF32>0),(AF32/(P32*1000)*1000),0) -> 961.94024 | AI32: =IF(AND(M32>0,AG32>0),(AG32/(Q32*1000)*1000),0) -> 1347.5894 | AJ32: =IF(AND(R32>0,AF32>0),(AF32/(R32*1000)*1000),0) -> 1024.8984 | AK32: =IF(AND(S32>0,AG32>0),(AG32/(S32*1000)*1000),0) -> 1450.145 | AL32: 5092.2 | AM32: 5382.6 | AN32: 4092.5 | AO32: =SUM(AL32:AN32) -> 14567.3 | AP32: =+[1]Nov!N27 -> 13901 | AQ32: =+AP32-AO32 -> -666.3 | AR32: =+AL32/AO32 -> 0.34956375 | AS32: =+AM32/AO32 -> 0.36949881 | AT32: =1-AR32-AS32 -> 0.28093744 | AU32: =+AR32*AQ32 -> -232.91433 | AV32: =+AS32*AQ32 -> -246.19706 | AW32: =+AT32*AQ32 -> -187.18862 | AX32: =+AL32+AU32 -> 4859.2857 | AY32: =+AM32+AV32 -> 5136.4029 | AZ32: =+AN32+AW32 -> 3905.3114 | BA32: =+Efficiency2!K136 -> 49.070388 | BB32: =BB31+BA32 -> 347.35082 | BC32: =+R32/BA32 -> 0.7208217 | BD32: =+S32/BB32 -> 0.76740858
A33: =A32+1 -> 45986 | B33: Toilet | C33: 14/15 | D33: =+'25'!F42 -> 1049.9097 | E33: =+'25'!G42 -> 808.43049 | F33: =1-(E33/D33) -> 0.23 | G33: =+P33/N33 -> 0.92703585 | H33: =+P33/L33 -> 0.79943778 | I33: =+R33/P33 -> 0.94743454 | J33: =+R33/L33 -> 0.75741497 | K33: =+S33/M33 -> 0.27827741 | L33: =+SUM(Efficiency1!K141:K142) -> 50.781938 | M33: =M32+L33 -> 1096.1112 | N33: =+SUM(Efficiency1!C141:C142) -> 43.792265 | O33: =O32+N33 -> 1050.5423 | P33: ='25'!I38 -> 40.597 | Q33: =Q32+P33 -> 327.443 | R33: ='25'!I40 -> 38.463 | S33: =S32+R33 -> 305.023 | T33: =+AX33 -> 4979.4702 | U33: =T33+U32 -> 39990.624 | V33: =T33/P33 -> 122.65611 | W33: =U33/Q33 -> 122.13003 | X33: =IF(AND(R33>0,T33>0),(T33/(R33*1000))*1000,0) -> 129.46131 | Y33: =IF(AND(S33>0,U33>0),U33/S33,0) -> 131.10691 | Z33: 54.4 | AA33: =Z33+AA32 -> 831.2 | AB33: =Z33/(P33) -> 1.3400005 | AC33: =AA33/(Q33) -> 2.5384571 | AD33: =IF(AND(R33>0,Z33>0),Z33/(R33),0) -> 1.4143463 | AE33: =IF(AND(S33>0,AA33>0),AA33/(S33),0) -> 2.7250404 | AF33: =+'25'!I46 -> 35326.64 | AG33: =AF33+AG32 -> 421877.28 | AH33: =IF(AND(L33>0,AF33>0),(AF33/(P33*1000)*1000),0) -> 870.17858 | AI33: =IF(AND(M33>0,AG33>0),(AG33/(Q33*1000)*1000),0) -> 1288.3991 | AJ33: =IF(AND(R33>0,AF33>0),(AF33/(R33*1000)*1000),0) -> 918.45774 | AK33: =IF(AND(S33>0,AG33>0),(AG33/(S33*1000)*1000),0) -> 1383.0999 | AL33: 5279.5 | AM33: 5256.3 | AN33: 4111.6 | AO33: =SUM(AL33:AN33) -> 14647.4 | AP33: =+[1]Nov!N28 -> 13815 | AQ33: =+AP33-AO33 -> -832.4 | AR33: =+AL33/AO33 -> 0.3604394 | AS33: =+AM33/AO33 -> 0.3588555 | AT33: =1-AR33-AS33 -> 0.28070511 | AU33: =+AR33*AQ33 -> -300.02975 | AV33: =+AS33*AQ33 -> -298.71132 | AW33: =+AT33*AQ33 -> -233.65893 | AX33: =+AL33+AU33 -> 4979.4702 | AY33: =+AM33+AV33 -> 4957.5887 | AZ33: =+AN33+AW33 -> 3877.9411 | BA33: =+SUM(Efficiency2!K141:K142) -> 50.781938 | BB33: =BB32+BA33 -> 398.13276 | BC33: =+R33/BA33 -> 0.75741497 | BD33: =+S33/BB33 -> 0.76613389
A34: =A33+1 -> 45987 | B34: Toilet | C34: 15 | D34: =+'26'!F42 -> 1109.5139 | E34: =+'26'!G42 -> 854.32569 | F34: =1-(E34/D34) -> 0.23 | G34: =+P34/N34 -> 0.88372554 | H34: =+P34/L34 -> 0.81033534 | I34: =+R34/P34 -> 0.91224576 | J34: =+R34/L34 -> 0.73922498 | K34: =+S34/M34 -> 0.29940915 | L34: =+Efficiency1!K146 -> 52.664617 | M34: =M33+L34 -> 1148.7759 | N34: =+Efficiency1!C146 -> 48.291011 | O34: =O33+N34 -> 1098.8333 | P34: ='26'!I38 -> 42.676 | Q34: =Q33+P34 -> 370.119 | R34: ='26'!I40 -> 38.931 | S34: =S33+R34 -> 343.954 | T34: =+AX34 -> 5206.9112 | U34: =T34+U33 -> 45197.535 | V34: =T34/P34 -> 122.01029 | W34: =U34/Q34 -> 122.11622 | X34: =IF(AND(R34>0,T34>0),(T34/(R34*1000))*1000,0) -> 133.74717 | Y34: =IF(AND(S34>0,U34>0),U34/S34,0) -> 131.40575 | Z34: 54.8 | AA34: =Z34+AA33 -> 886 | AB34: =Z34/(P34) -> 1.2840941 | AC34: =AA34/(Q34) -> 2.3938247 | AD34: =IF(AND(R34>0,Z34>0),Z34/(R34),0) -> 1.4076186 | AE34: =IF(AND(S34>0,AA34>0),AA34/(S34),0) -> 2.5759259 | AF34: ='26'!I46 -> 37294.46 | AG34: =AF34+AG33 -> 459171.74 | AH34: =IF(AND(L34>0,AF34>0),(AF34/(P34*1000)*1000),0) -> 873.89774 | AI34: =IF(AND(M34>0,AG34>0),(AG34/(Q34*1000)*1000),0) -> 1240.6057 | AJ34: =IF(AND(R34>0,AF34>0),(AF34/(R34*1000)*1000),0) -> 957.96306 | AK34: =IF(AND(S34>0,AG34>0),(AG34/(S34*1000)*1000),0) -> 1334.9801 | AL34: 5530 | AM34: 5420.7 | AN34: 3918 | AO34: =SUM(AL34:AN34) -> 14868.7 | AP34: =+[1]Nov!N29 -> 14000 | AQ34: =+AP34-AO34 -> -868.7 | AR34: =+AL34/AO34 -> 0.37192223 | AS34: =+AM34/AO34 -> 0.36457121 | AT34: =1-AR34-AS34 -> 0.26350656 | AU34: =+AR34*AQ34 -> -323.08884 | AV34: =+AS34*AQ34 -> -316.70301 | AW34: =+AT34*AQ34 -> -228.90815 | AX34: =+AL34+AU34 -> 5206.9112 | AY34: =+AM34+AV34 -> 5103.997 | AZ34: =+AN34+AW34 -> 3689.0919 | BA34: =+Efficiency2!K146 -> 52.664617 | BB34: =BB33+BA34 -> 450.79738 | BC34: =+R34/BA34 -> 0.73922498 | BD34: =+S34/BB34 -> 0.76299024
A35: =A34+1 -> 45988 | B35: Toilet/Facial | C35: 15/12 | D35: =+'27'!F42 -> 1119.3681 | E35: =+'27'!G42 -> 861.9134 | F35: =1-(E35/D35) -> 0.23 | G35: =+P35/N35 -> 0.93717976 | H35: =+P35/L35 -> 0.85324075 | I35: =+R35/P35 -> 0.99149917 | J35: =+R35/L35 -> 0.8459875 | K35: =+S35/M35 -> 0.31968468 | L35: =+SUM(Efficiency1!K150:K151) -> 44.255973 | M35: =M34+L35 -> 1193.0318 | N35: =+SUM(Efficiency1!C150:C151) -> 40.292163 | O35: =O34+N35 -> 1139.1255 | P35: ='27'!I38 -> 37.761 | Q35: =Q34+P35 -> 407.88 | R35: ='27'!I40 -> 37.44 | S35: =S34+R35 -> 381.394 | T35: =+AX35 -> 4682.5869 | U35: =T35+U34 -> 49880.122 | V35: =T35/P35 -> 124.0059 | W35: =U35/Q35 -> 122.29117 | X35: =IF(AND(R35>0,T35>0),(T35/(R35*1000))*1000,0) -> 125.06909 | Y35: =IF(AND(S35>0,U35>0),U35/S35,0) -> 130.78371 | Z35: 54.1 | AA35: =Z35+AA34 -> 940.1 | AB35: =Z35/(P35) -> 1.4326951 | AC35: =AA35/(Q35) -> 2.3048446 | AD35: =IF(AND(R35>0,Z35>0),Z35/(R35),0) -> 1.4449786 | AE35: =IF(AND(S35>0,AA35>0),AA35/(S35),0) -> 2.4649051 | AF35: ='27'!I46 -> 39197.78 | AG35: =AF35+AG34 -> 498369.52 | AH35: =IF(AND(L35>0,AF35>0),(AF35/(P35*1000)*1000),0) -> 1038.0493 | AI35: =IF(AND(M35>0,AG35>0),(AG35/(Q35*1000)*1000),0) -> 1221.8533 | AJ35: =IF(AND(R35>0,AF35>0),(AF35/(R35*1000)*1000),0) -> 1046.9493 | AK35: =IF(AND(S35>0,AG35>0),(AG35/(S35*1000)*1000),0) -> 1306.7052 | AL35: 4918 | AM35: 4775.7 | AN35: 3906.3 | AO35: =SUM(AL35:AN35) -> 13600 | AP35: =+[1]Nov!N30 -> 12949 | AQ35: =+AP35-AO35 -> -651 | AR35: =+AL35/AO35 -> 0.36161765 | AS35: =+AM35/AO35 -> 0.35115441 | AT35: =1-AR35-AS35 -> 0.28722794 | AU35: =+AR35*AQ35 -> -235.41309 | AV35: =+AS35*AQ35 -> -228.60152 | AW35: =+AT35*AQ35 -> -186.98539 | AX35: =+AL35+AU35 -> 4682.5869 | AY35: =+AM35+AV35 -> 4547.0985 | AZ35: =+AN35+AW35 -> 3719.3146 | BA35: =+SUM(Efficiency2!K150:K151) -> 44.255973 | BB35: =BB34+BA35 -> 495.05335 | BC35: =+R35/BA35 -> 0.8459875 | BD35: =+S35/BB35 -> 0.7704099
A36: =A35+1 -> 45989 | B36: Facial | C36: 12/13 | D36: =+'28'!F42 -> 1227.5377 | E36: =+'28'!G42 -> 945.03625 | F36: =1-(E36/D36) -> 0.23013667 | G36: =+P36/N36 -> 0.93147428 | H36: =+P36/L36 -> 0.92960791 | I36: =+R36/P36 -> 0.95574075 | J36: =+R36/L36 -> 0.88846416 | K36: =+S36/M36 -> 0.33992288 | L36: =+SUM(Efficiency1!K154:K155) -> 44.016407 | M36: =M35+L36 -> 1237.0482 | N36: =+SUM(Efficiency1!C154:C155) -> 43.928213 | O36: =O35+N36 -> 1183.0537 | P36: ='28'!I38 -> 40.918 | Q36: =Q35+P36 -> 448.798 | R36: ='28'!I40 -> 39.107 | S36: =S35+R36 -> 420.501 | T36: =+AX36 -> 4964.5645 | U36: =T36+U35 -> 54844.686 | V36: =T36/P36 -> 121.3296 | W36: =U36/Q36 -> 122.2035 | X36: =IF(AND(R36>0,T36>0),(T36/(R36*1000))*1000,0) -> 126.94823 | Y36: =IF(AND(S36>0,U36>0),U36/S36,0) -> 130.42701 | Z36: 52.8 | AA36: =Z36+AA35 -> 992.9 | AB36: =Z36/(P36) -> 1.2903856 | AC36: =AA36/(Q36) -> 2.2123539 | AD36: =IF(AND(R36>0,Z36>0),Z36/(R36),0) -> 1.3501419 | AE36: =IF(AND(S36>0,AA36>0),AA36/(S36),0) -> 2.361231 | AF36: ='28'!I46 -> 40060.8 | AG36: =AF36+AG35 -> 538430.32 | AH36: =IF(AND(L36>0,AF36>0),(AF36/(P36*1000)*1000),0) -> 979.05078 | AI36: =IF(AND(M36>0,AG36>0),(AG36/(Q36*1000)*1000),0) -> 1199.7164 | AJ36: =IF(AND(R36>0,AF36>0),(AF36/(R36*1000)*1000),0) -> 1024.3895 | AK36: =IF(AND(S36>0,AG36>0),(AG36/(S36*1000)*1000),0) -> 1280.4496 | AL36: 5276 | AM36: 5229.6 | AN36: 3943.3 | AO36: =SUM(AL36:AN36) -> 14448.9 | AP36: =+[1]Nov!N31 -> 13596 | AQ36: =+AP36-AO36 -> -852.9 | AR36: =+AL36/AO36 -> 0.3651489 | AS36: =+AM36/AO36 -> 0.36193759 | AT36: =1-AR36-AS36 -> 0.27291351 | AU36: =+AR36*AQ36 -> -311.4355 | AV36: =+AS36*AQ36 -> -308.69657 | AW36: =+AT36*AQ36 -> -232.76793 | AX36: =+AL36+AU36 -> 4964.5645 | AY36: =+AM36+AV36 -> 4920.9034 | AZ36: =+AN36+AW36 -> 3710.5321 | BA36: =+SUM(Efficiency2!K154:K155) -> 44.016407 | BB36: =BB35+BA36 -> 539.06976 | BC36: =+R36/BA36 -> 0.88846416 | BD36: =+S36/BB36 -> 0.78004932
A37: =A36+1 -> 45990 | B37: Facial | C37: 12/14 | D37: =+'29'!F42 -> 1137.8472 | E37: =+'29'!G42 -> 866.94125 | F37: =1-(E37/D37) -> 0.23808642 | G37: =+P37/N37 -> 0.94029404 | H37: =+P37/L37 -> 0.86833602 | I37: =+R37/P37 -> 0.9308992 | J37: =+R37/L37 -> 0.80833331 | K37: =+S37/M37 -> 0.35736587 | L37: =+SUM(Efficiency1!K159:K160) -> 47.847836 | M37: =M36+L37 -> 1284.8961 | N37: =+SUM(Efficiency1!C159:C160) -> 44.186178 | O37: =O36+N37 -> 1227.2399 | P37: ='29'!I38 -> 41.548 | Q37: =Q36+P37 -> 490.346 | R37: ='29'!I40 -> 38.677 | S37: =S36+R37 -> 459.178 | T37: =+AX37 -> 4287.5898 | U37: =T37+U36 -> 59132.276 | V37: =T37/P37 -> 103.19606 | W37: =U37/Q37 -> 120.59296 | X37: =IF(AND(R37>0,T37>0),(T37/(R37*1000))*1000,0) -> 110.85632 | Y37: =IF(AND(S37>0,U37>0),U37/S37,0) -> 128.77855 | Z37: 50.3 | AA37: =Z37+AA36 -> 1043.2 | AB37: =Z37/(P37) -> 1.2106479 | AC37: =AA37/(Q37) -> 2.1274773 | AD37: =IF(AND(R37>0,Z37>0),Z37/(R37),0) -> 1.3005145 | AE37: =IF(AND(S37>0,AA37>0),AA37/(S37),0) -> 2.2718858 | AF37: ='29'!I46 -> 36711.22 | AG37: =AF37+AG36 -> 575141.54 | AH37: =IF(AND(L37>0,AF37>0),(AF37/(P37*1000)*1000),0) -> 883.58573 | AI37: =IF(AND(M37>0,AG37>0),(AG37/(Q37*1000)*1000),0) -> 1172.93 | AJ37: =IF(AND(R37>0,AF37>0),(AF37/(R37*1000)*1000),0) -> 949.17444 | AK37: =IF(AND(S37>0,AG37>0),(AG37/(S37*1000)*1000),0) -> 1252.5459 | AL37: 4802.6 | AM37: 5410.3 | AN37: 4019.3 | AO37: =SUM(AL37:AN37) -> 14232.2 | AP37: =+[1]Nov!N32 -> 12706 | AQ37: =+AP37-AO37 -> -1526.2 | AR37: =+AL37/AO37 -> 0.33744607 | AS37: =+AM37/AO37 -> 0.38014502 | AT37: =1-AR37-AS37 -> 0.2824089 | AU37: =+AR37*AQ37 -> -515.0102 | AV37: =+AS37*AQ37 -> -580.17733 | AW37: =+AT37*AQ37 -> -431.01247 | AX37: =+AL37+AU37 -> 4287.5898 | AY37: =+AM37+AV37 -> 4830.1227 | AZ37: =+AN37+AW37 -> 3588.2875 | BA37: =+SUM(Efficiency2!K159:K160) -> 47.847836 | BB37: =BB36+BA37 -> 586.91759 | BC37: =+R37/BA37 -> 0.80833331 | BD37: =+S37/BB37 -> 0.78235515
A38: =A37+1 -> 45991 | B38: Facial | C38: 14 | D38: =+'30'!F42 -> 1120 | E38: =+'30'!G42 -> 851.2 | F38: =1-(E38/D38) -> 0.24 | G38: =+P38/N38 -> 0.95594681 | H38: =+P38/L38 -> 0.87045563 | I38: =+R38/P38 -> 0.96243933 | J38: =+R38/L38 -> 0.83776074 | K38: =+S38/M38 -> 0.3750124 | L38: =+Efficiency1!K163 -> 48.998477 | M38: =M37+L38 -> 1333.8946 | N38: =+Efficiency1!C163 -> 44.616499 | O38: =O37+N38 -> 1271.8564 | P38: ='30'!I38 -> 42.651 | Q38: =Q37+P38 -> 532.997 | R38: ='30'!I40 -> 41.049 | S38: =S37+R38 -> 500.227 | T38: =+AX38 -> 4677.5084 | U38: =T38+U37 -> 63809.785 | V38: =T38/P38 -> 109.66937 | W38: =U38/Q38 -> 119.71884 | X38: =IF(AND(R38>0,T38>0),(T38/(R38*1000))*1000,0) -> 113.94939 | Y38: =IF(AND(S38>0,U38>0),U38/S38,0) -> 127.56166 | Z38: 52.1 | AA38: =Z38+AA37 -> 1095.3 | AB38: =Z38/(P38) -> 1.2215423 | AC38: =AA38/(Q38) -> 2.0549834 | AD38: =IF(AND(R38>0,Z38>0),Z38/(R38),0) -> 1.2692148 | AE38: =IF(AND(S38>0,AA38>0),AA38/(S38),0) -> 2.1896059 | AF38: ='30'!I46 -> 37716.6 | AG38: =AF38+AG37 -> 612858.14 | AH38: =IF(AND(L38>0,AF38>0),(AF38/(P38*1000)*1000),0) -> 884.30752 | AI38: =IF(AND(M38>0,AG38>0),(AG38/(Q38*1000)*1000),0) -> 1149.8341 | AJ38: =IF(AND(R38>0,AF38>0),(AF38/(R38*1000)*1000),0) -> 918.81897 | AK38: =IF(AND(S38>0,AG38>0),(AG38/(S38*1000)*1000),0) -> 1225.1601 | AL38: 4903.3 | AM38: 5226 | AN38: 3973.1 | AO38: =SUM(AL38:AN38) -> 14102.4 | AP38: =+[1]Nov!N33 -> 13453 | AQ38: =+AP38-AO38 -> -649.4 | AR38: =+AL38/AO38 -> 0.34769259 | AS38: =+AM38/AO38 -> 0.37057522 | AT38: =1-AR38-AS38 -> 0.28173219 | AU38: =+AR38*AQ38 -> -225.79157 | AV38: =+AS38*AQ38 -> -240.65155 | AW38: =+AT38*AQ38 -> -182.95688 | AX38: =+AL38+AU38 -> 4677.5084 | AY38: =+AM38+AV38 -> 4985.3485 | AZ38: =+AN38+AW38 -> 3790.1431 | BA38: =+Efficiency2!K163 -> 48.998477 | BB38: =BB37+BA38 -> 635.91607 | BC38: =+R38/BA38 -> 0.83776074 | BD38: =+S38/BB38 -> 0.78662425
A39: =A38+1 -> 45992 | D39: =+'31'!F42 -> 0 | E39: =+'31'!G42 -> 0 | F39: =1-(E39/D39) -> #DIV/0! | G39: =+P39/N39 -> #DIV/0! | H39: =+P39/L39 -> #DIV/0! | I39: =+R39/P39 -> #DIV/0! | J39: =+R39/L39 -> #DIV/0! | K39: =+S39/M39 -> 0.3750124 | M39: =M38+L39 -> 1333.8946 | O39: =O38+N39 -> 1271.8564 | P39: ='31'!I38 -> 0 | Q39: =Q38+P39 -> 532.997 | R39: ='31'!I40 -> 0 | S39: =S38+R39 -> 500.227 | U39: =T39+U38 -> 63809.785 | V39: =T39/P39 -> #DIV/0! | W39: =U39/Q39 -> 119.71884 | X39: =IF(AND(R39>0,T39>0),(T39/(R39*1000))*1000,0) -> 0 | Y39: =IF(AND(S39>0,U39>0),U39/S39,0) -> 127.56166 | AA39: =Z39+AA38 -> 1095.3 | AB39: =Z39/(P39) -> #DIV/0! | AC39: =AA39/(Q39) -> 2.0549834 | AD39: =IF(AND(R39>0,Z39>0),Z39/(R39),0) -> 0 | AE39: =IF(AND(S39>0,AA39>0),AA39/(S39),0) -> 2.1896059 | AF39: ='31'!I46 -> 0 | AG39: =AF39+AG38 -> 612858.14 | AH39: =IF(AND(L39>0,AF39>0),(AF39/(P39*1000)*1000),0) -> 0 | AI39: =IF(AND(M39>0,AG39>0),(AG39/(Q39*1000)*1000),0) -> 1149.8341 | AJ39: =IF(AND(R39>0,AF39>0),(AF39/(R39*1000)*1000),0) -> 0 | AK39: =IF(AND(S39>0,AG39>0),(AG39/(S39*1000)*1000),0) -> 1225.1601 | AO39: =SUM(AL39:AN39) -> 0 | AQ39: =+AP39-AO39 -> 0 | AR39: =+AL39/AO39 -> #DIV/0! | AS39: =+AM39/AO39 -> #DIV/0! | AT39: =1-AR39-AS39 -> #DIV/0! | AU39: =+AR39*AQ39 -> #DIV/0! | AV39: =+AS39*AQ39 -> #DIV/0! | AW39: =+AT39*AQ39 -> #DIV/0! | AX39: =+AL39+AU39 -> #DIV/0! | AY39: =+AM39+AV39 -> #DIV/0! | AZ39: =+AN39+AW39 -> #DIV/0! | BB39: =BB38+BA39 -> 635.91607 | BC39: =+R39/BA39 -> #DIV/0! | BD39: =+S39/BB39 -> 0.78662425
G41: =+P41/N41 -> 0.41907011 | H41: =+P41/L41 -> 0.39957956 | I41: =+R41/P41 -> 0.93851748 | J41: =+R41/L41 -> 0.3750124 | L41: =SUM(L9:L39) -> 1333.8946 | N41: =SUM(N9:N39) -> 1271.8564 | P41: =SUM(P9:P39) -> 532.997 | R41: =SUM(R9:R39) -> 500.227 | T41: =SUM(T9:T39) -> 63809.785 | V41: =T41/P41 -> 119.71884 | X41: =IF(AND(R41>0,T41>0),(T41/(R41*1000))*1000,0) -> 127.56166 | Z41: =SUM(Z9:Z40) -> 1095.3 | AB41: =Z41/P41 -> 2.0549834 | AD41: =Z41/R41 -> 2.1896059 | AF41: =SUM(AF9:AF39) -> 612858.14 | AH41: =AF41/P41 -> 1149.8341 | AJ41: =AF41/R41 -> 1225.1601 | AP41: =SUM(AP9:AP40) -> 326186 | AX41: =SUM(AX9:AX39) -> #DIV/0! | AY41: =SUM(AY9:AY39) -> #DIV/0! | AZ41: =SUM(AZ9:AZ39) -> #DIV/0! | BA41: =SUM(BA9:BA39) -> 635.91607 | BC41: =+R41/BA41 -> 0.78662425
AY43: =SUM(AX41:AZ41) -> #DIV/0!

Sheet GRAFIK

Sheet Listrik
A2: MACHINE POWER CONSUMPTION (PER PANEL)
A4: Date | B4: PM (TON) | C4: FINSHED GOODS (TON) | P4: Total PM14
D5: Trafo (2500 A) | H5: Trafo (2500 B) | L5: Trafo (2500 A)
D6: KWH | E6: Consumption | F6: /TON PM | G6: /TON FG | H6: KWH | I6: Consumption | J6: /TON PM | K6: /TON FG | L6: KWH | M6: Consumption | N6: /TON PM | O6: /TON FG | P6: Consumption | Q6: /TON PM | R6: /TON FG
A7: =A8-1 -> 45961 | B7: 0 | C7: 0
A8: =+Report1!A9 -> 45962 | B8: =+Report1!P9 -> 0 | C8: =+Report1!R9 -> 0 | D8: =+D7+E8 -> 300 | E8: =+[3]DailyNov!AH7 -> 300 | F8: =E8/B8 -> #DIV/0! | G8: =E8/C8 -> #DIV/0! | H8: =+H7+I8 -> 30.65 | I8: =+[3]DailyNov!AI7 -> 30.65 | J8: =I8/B8 -> #DIV/0! | K8: =I8/C8 -> #DIV/0! | L8: =+L7+M8 -> 1590.65 | M8: =+[3]DailyNov!AJ7 -> 1590.65 | N8: =M8/B8 -> #DIV/0! | O8: =M8/C8 -> #DIV/0! | P8: =+E8+I8+M8 -> 1921.3 | Q8: =P8/B8 -> #DIV/0! | R8: =P8/C8 -> #DIV/0! | V8: Off Reel | W8: Off Rewinder
A9: 45506 | B9: =+Report1!P10 -> 0 | C9: =+Report1!R10 -> 0 | D9: =+D8+E9 -> 500 | E9: =+[3]DailyNov!AH8 -> 200 | F9: =E9/B9 -> #DIV/0! | G9: =E9/C9 -> #DIV/0! | H9: =+H8+I9 -> 2110.54 | I9: =+[3]DailyNov!AI8 -> 2079.89 | J9: =I9/B9 -> #DIV/0! | K9: =I9/C9 -> #DIV/0! | L9: =+L8+M9 -> 6630.54 | M9: =+[3]DailyNov!AJ8 -> 5039.89 | N9: =M9/B9 -> #DIV/0! | O9: =M9/C9 -> #DIV/0! | P9: =+E9+I9+M9 -> 7319.78 | Q9: =P9/B9 -> #DIV/0! | R9: =P9/C9 -> #DIV/0! | V9: Off Reel | W9: Off Rewinder
A10: 45507 | B10: =+Report1!P11 -> 0 | C10: =+Report1!R11 -> 0 | D10: =+D9+E10 -> 800 | E10: =+[3]DailyNov!AH9 -> 300 | F10: =E10/B10 -> #DIV/0! | G10: =E10/C10 -> #DIV/0! | H10: =+H9+I10 -> 2184.08 | I10: =+[3]DailyNov!AI9 -> 73.54 | J10: =I10/B10 -> #DIV/0! | K10: =I10/C10 -> #DIV/0! | L10: =+L9+M10 -> 9764.08 | M10: =+[3]DailyNov!AJ9 -> 3133.54 | N10: =M10/B10 -> #DIV/0! | O10: =M10/C10 -> #DIV/0! | P10: =+E10+I10+M10 -> 3507.08 | Q10: =P10/B10 -> #DIV/0! | R10: =P10/C10 -> #DIV/0! | V10: Off Reel | W10: Off Rewinder
A11: 45508 | B11: =+Report1!P12 -> 0 | C11: =+Report1!R12 -> 0 | D11: =+D10+E11 -> 1000 | E11: =+[3]DailyNov!AH10 -> 200 | F11: =E11/B11 -> #DIV/0! | G11: =E11/C11 -> #DIV/0! | H11: =+H10+I11 -> 2224.95 | I11: =+[3]DailyNov!AI10 -> 40.87 | J11: =I11/B11 -> #DIV/0! | K11: =I11/C11 -> #DIV/0! | L11: =+L10+M11 -> 12864.95 | M11: =+[3]DailyNov!AJ10 -> 3100.87 | N11: =M11/B11 -> #DIV/0! | O11: =M11/C11 -> #DIV/0! | P11: =+E11+I11+M11 -> 3341.74 | Q11: =P11/B11 -> #DIV/0! | R11: =P11/C11 -> #DIV/0! | V11: Off Reel | W11: Off Rewinder
A12: 45509 | B12: =+Report1!P13 -> 0 | C12: =+Report1!R13 -> 0 | D12: =+D11+E12 -> 1200 | E12: =+[3]DailyNov!AH11 -> 200 | F12: =E12/B12 -> #DIV/0! | G12: =E12/C12 -> #DIV/0! | H12: =+H11+I12 -> 2857.23 | I12: =+[3]DailyNov!AI11 -> 632.28 | J12: =I12/B12 -> #DIV/0! | K12: =I12/C12 -> #DIV/0! | L12: =+L11+M12 -> 16757.23 | M12: =+[3]DailyNov!AJ11 -> 3892.28 | N12: =M12/B12 -> #DIV/0! | O12: =M12/C12 -> #DIV/0! | P12: =+E12+I12+M12 -> 4724.56 | Q12: =P12/B12 -> #DIV/0! | R12: =P12/C12 -> #DIV/0! | V12: Off Reel | W12: Off Rewinder
A13: 45510 | B13: =+Report1!P14 -> 0 | C13: =+Report1!R14 -> 0 | D13: =+D12+E13 -> 1500 | E13: =+[3]DailyNov!AH12 -> 300 | F13: =E13/B13 -> #DIV/0! | G13: =E13/C13 -> #DIV/0! | H13: =+H12+I13 -> 5052.12 | I13: =+[3]DailyNov!AI12 -> 2194.89 | J13: =I13/B13 -> #DIV/0! | K13: =I13/C13 -> #DIV/0! | L13: =+L12+M13 -> 22112.12 | M13: =+[3]DailyNov!AJ12 -> 5354.89 | N13: =M13/B13 -> #DIV/0! | O13: =M13/C13 -> #DIV/0! | P13: =+E13+I13+M13 -> 7849.78 | Q13: =P13/B13 -> #DIV/0! | R13: =P13/C13 -> #DIV/0! | V13: Off Reel | W13: Off Rewinder
A14: =+A13+1 -> 45511 | B14: =+Report1!P15 -> 0 | C14: =+Report1!R15 -> 0 | D14: =+D13+E14 -> 1700 | E14: =+[3]DailyNov!AH13 -> 200 | F14: =E14/B14 -> #DIV/0! | G14: =E14/C14 -> #DIV/0! | H14: =+H13+I14 -> 5535.17 | I14: =+[3]DailyNov!AI13 -> 483.05 | J14: =I14/B14 -> #DIV/0! | K14: =I14/C14 -> #DIV/0! | L14: =+L13+M14 -> 24755.17 | M14: =+[3]DailyNov!AJ13 -> 2643.05 | N14: =M14/B14 -> #DIV/0! | O14: =M14/C14 -> #DIV/0! | P14: =+E14+I14+M14 -> 3326.1 | Q14: =P14/B14 -> #DIV/0! | R14: =P14/C14 -> #DIV/0! | V14: Off Reel | W14: Off Rewinder
A15: =+A14+1 -> 45512 | B15: =+Report1!P16 -> 0 | C15: =+Report1!R16 -> 0 | D15: =+D14+E15 -> 2000 | E15: =+[3]DailyNov!AH14 -> 300 | F15: =E15/B15 -> #DIV/0! | G15: =E15/C15 -> #DIV/0! | H15: =+H14+I15 -> 7519.42 | I15: =+[3]DailyNov!AI14 -> 1984.25 | J15: =I15/B15 -> #DIV/0! | K15: =I15/C15 -> #DIV/0! | L15: =+L14+M15 -> 29899.42 | M15: =+[3]DailyNov!AJ14 -> 5144.25 | N15: =M15/B15 -> #DIV/0! | O15: =M15/C15 -> #DIV/0! | P15: =+E15+I15+M15 -> 7428.5 | Q15: =P15/B15 -> #DIV/0! | R15: =P15/C15 -> #DIV/0! | V15: Off Reel | W15: Off Rewinder
A16: =+A15+1 -> 45513 | B16: =+Report1!P17 -> 0 | C16: =+Report1!R17 -> 0 | D16: =+D15+E16 -> 2200 | E16: =+[3]DailyNov!AH15 -> 200 | F16: =E16/B16 -> #DIV/0! | G16: =E16/C16 -> #DIV/0! | H16: =+H15+I16 -> 8778.39 | I16: =+[3]DailyNov!AI15 -> 1258.97 | J16: =I16/B16 -> #DIV/0! | K16: =I16/C16 -> #DIV/0! | L16: =+L15+M16 -> 34318.39 | M16: =+[3]DailyNov!AJ15 -> 4418.97 | N16: =M16/B16 -> #DIV/0! | O16: =M16/C16 -> #DIV/0! | P16: =+E16+I16+M16 -> 5877.94 | Q16: =P16/B16 -> #DIV/0! | R16: =P16/C16 -> #DIV/0! | V16: Off Reel | W16: Off Rewinder
A17: =+A16+1 -> 45514 | B17: =+Report1!P18 -> 0 | C17: =+Report1!R18 -> 0 | D17: =+D16+E17 -> 2400 | E17: =+[3]DailyNov!AH16 -> 200 | F17: =E17/B17 -> #DIV/0! | G17: =E17/C17 -> #DIV/0! | H17: =+H16+I17 -> 9949.51 | I17: =+[3]DailyNov!AI16 -> 1171.12 | J17: =I17/B17 -> #DIV/0! | K17: =I17/C17 -> #DIV/0! | L17: =+L16+M17 -> 37649.51 | M17: =+[3]DailyNov!AJ16 -> 3331.12 | N17: =M17/B17 -> #DIV/0! | O17: =M17/C17 -> #DIV/0! | P17: =+E17+I17+M17 -> 4702.24 | Q17: =P17/B17 -> #DIV/0! | R17: =P17/C17 -> #DIV/0! | V17: Off Reel | W17: Off Rewinder
A18: =+A17+1 -> 45515 | B18: =+Report1!P19 -> 0 | C18: =+Report1!R19 -> 0 | D18: =+D17+E18 -> 2600 | E18: =+[3]DailyNov!AH17 -> 200 | F18: =E18/B18 -> #DIV/0! | G18: =E18/C18 -> #DIV/0! | H18: =+H17+I18 -> 11252.38 | I18: =+[3]DailyNov!AI17 -> 1302.87 | J18: =I18/B18 -> #DIV/0! | K18: =I18/C18 -> #DIV/0! | L18: =+L17+M18 -> 42112.38 | M18: =+[3]DailyNov!AJ17 -> 4462.87 | N18: =M18/B18 -> #DIV/0! | O18: =M18/C18 -> #DIV/0! | P18: =+E18+I18+M18 -> 5965.74 | Q18: =P18/B18 -> #DIV/0! | R18: =P18/C18 -> #DIV/0! | V18: Off Reel | W18: Off Rewinder
A19: =+A18+1 -> 45516 | B19: =+Report1!P20 -> 0 | C19: =+Report1!R20 -> 0 | D19: =+D18+E19 -> 3100 | E19: =+[3]DailyNov!AH18 -> 500 | F19: =E19/B19 -> #DIV/0! | G19: =E19/C19 -> #DIV/0! | H19: =+H18+I19 -> 12409.31 | I19: =+[3]DailyNov!AI18 -> 1156.93 | J19: =I19/B19 -> #DIV/0! | K19: =I19/C19 -> #DIV/0! | L19: =+L18+M19 -> 46429.31 | M19: =+[3]DailyNov!AJ18 -> 4316.93 | N19: =M19/B19 -> #DIV/0! | O19: =M19/C19 -> #DIV/0! | P19: =+E19+I19+M19 -> 5973.86 | Q19: =P19/B19 -> #DIV/0! | R19: =P19/C19 -> #DIV/0! | V19: Off Reel | W19: Off Rewinder
A20: =+A19+1 -> 45517 | B20: =+Report1!P21 -> 0 | C20: =+Report1!R21 -> 0 | D20: =+D19+E20 -> 3500 | E20: =+[3]DailyNov!AH19 -> 400 | F20: =E20/B20 -> #DIV/0! | G20: =E20/C20 -> #DIV/0! | H20: =+H19+I20 -> 13818.96 | I20: =+[3]DailyNov!AI19 -> 1409.65 | J20: =I20/B20 -> #DIV/0! | K20: =I20/C20 -> #DIV/0! | L20: =+L19+M20 -> 49998.96 | M20: =+[3]DailyNov!AJ19 -> 3569.65 | N20: =M20/B20 -> #DIV/0! | O20: =M20/C20 -> #DIV/0! | P20: =+E20+I20+M20 -> 5379.3 | Q20: =P20/B20 -> #DIV/0! | R20: =P20/C20 -> #DIV/0! | V20: Off Reel | W20: Off Rewinder
A21: =+A20+1 -> 45518 | B21: =+Report1!P22 -> 0 | C21: =+Report1!R22 -> 0 | D21: =+D20+E21 -> 3900 | E21: =+[3]DailyNov!AH20 -> 400 | F21: =E21/B21 -> #DIV/0! | G21: =E21/C21 -> #DIV/0! | H21: =+H20+I21 -> 14473.65 | I21: =+[3]DailyNov!AI20 -> 654.69 | J21: =I21/B21 -> #DIV/0! | K21: =I21/C21 -> #DIV/0! | L21: =+L20+M21 -> 54813.65 | M21: =+[3]DailyNov!AJ20 -> 4814.69 | N21: =M21/B21 -> #DIV/0! | O21: =M21/C21 -> #DIV/0! | P21: =+E21+I21+M21 -> 5869.38 | Q21: =P21/B21 -> #DIV/0! | R21: =P21/C21 -> #DIV/0! | V21: Off Reel | W21: Off Rewinder
A22: =+A21+1 -> 45519 | B22: =+Report1!P23 -> 0 | C22: =+Report1!R23 -> 0 | D22: =+D21+E22 -> 4400 | E22: =+[3]DailyNov!AH21 -> 500 | F22: =E22/B22 -> #DIV/0! | G22: =E22/C22 -> #DIV/0! | H22: =+H21+I22 -> 16508.41 | I22: =+[3]DailyNov!AI21 -> 2034.76 | J22: =I22/B22 -> #DIV/0! | K22: =I22/C22 -> #DIV/0! | L22: =+L21+M22 -> 61008.41 | M22: =+[3]DailyNov!AJ21 -> 6194.76 | N22: =M22/B22 -> #DIV/0! | O22: =M22/C22 -> #DIV/0! | P22: =+E22+I22+M22 -> 8729.52 | Q22: =P22/B22 -> #DIV/0! | R22: =P22/C22 -> #DIV/0! | V22: Off Reel | W22: Off Rewinder
A23: =+A22+1 -> 45520 | B23: =+Report1!P24 -> 24.817 | C23: =+Report1!R24 -> 22.441 | D23: =+D22+E23 -> 8600 | E23: =+[3]DailyNov!AH22 -> 4200 | F23: =E23/B23 -> 169.23883 | G23: =E23/C23 -> 187.15744 | H23: =+H22+I23 -> 21570.82 | I23: =+[3]DailyNov!AI22 -> 5062.41 | J23: =I23/B23 -> 203.9896 | K23: =I23/C23 -> 225.58754 | L23: =+L22+M23 -> 81230.82 | M23: =+[3]DailyNov!AJ22 -> 20222.41 | N23: =M23/B23 -> 814.86118 | O23: =M23/C23 -> 901.13676 | P23: =+E23+I23+M23 -> 29484.82 | Q23: =P23/B23 -> 1188.0896 | R23: =P23/C23 -> 1313.8817 | V23: Off Reel | W23: Off Rewinder
A24: =+A23+1 -> 45521 | B24: =+Report1!P25 -> 33.996 | C24: =+Report1!R25 -> 25.547 | D24: =+D23+E24 -> 13300 | E24: =+[3]DailyNov!AH23 -> 4700 | F24: =E24/B24 -> 138.25156 | G24: =E24/C24 -> 183.97463 | H24: =+H23+I24 -> 28210.35 | I24: =+[3]DailyNov!AI23 -> 6639.53 | J24: =I24/B24 -> 195.30327 | K24: =I24/C24 -> 259.8947 | L24: =+L23+M24 -> 106030.35 | M24: =+[3]DailyNov!AJ23 -> 24799.53 | N24: =M24/B24 -> 729.48376 | O24: =M24/C24 -> 970.74138 | P24: =+E24+I24+M24 -> 36139.06 | Q24: =P24/B24 -> 1063.0386 | R24: =P24/C24 -> 1414.6107 | V24: Off Reel | W24: Off Rewinder
A25: =+A24+1 -> 45522 | B25: =+Report1!P26 -> 35.666 | C25: =+Report1!R26 -> 34.367 | D25: =+D24+E25 -> 18000 | E25: =+[3]DailyNov!AH24 -> 4700 | F25: =E25/B25 -> 131.77816 | G25: =E25/C25 -> 136.7591 | H25: =+H24+I25 -> 35077.29 | I25: =+[3]DailyNov!AI24 -> 6866.94 | J25: =I25/B25 -> 192.53463 | K25: =I25/C25 -> 199.81203 | L25: =+L24+M25 -> 132057.29 | M25: =+[3]DailyNov!AJ24 -> 26026.94 | N25: =M25/B25 -> 729.74093 | O25: =M25/C25 -> 757.3236 | P25: =+E25+I25+M25 -> 37593.88 | Q25: =P25/B25 -> 1054.0537 | R25: =P25/C25 -> 1093.8947 | V25: Off Reel | W25: Off Rewinder
... A33: =+A32+1 -> 45530 | B33: =+Report1!P34 -> 42.676 | C33: =+Report1!R34 -> 38.931 | D33: =+D32+E33 -> 52800 | E33: =+[3]DailyNov!AH32 -> 5000 | F33: =E33/B33 -> 117.16187 | G33: =E33/C33 -> 128.43235 | H33: =+H32+I33 -> 84055.87 | I33: =+[3]DailyNov!AI32 -> 6567.23 | J33: =I33/B33 -> 153.88579 | K33: =I33/C33 -> 168.68896 | L33: =+L32+M33 -> 322315.87 | M33: =+[3]DailyNov!AJ32 -> 25727.23 | N33: =M33/B33 -> 602.85008 | O33: =M33/C33 -> 660.84175 | P33: =+E33+I33+M33 -> 37294.46 | Q33: =P33/B33 -> 873.89774 | R33: =P33/C33 -> 957.96306 | V33: Off Reel | W33: Off Rewinder
A34: =+A33+1 -> 45531 | B34: =+Report1!P35 -> 37.761 | C34: =+Report1!R35 -> 37.44 | D34: =+D33+E34 -> 57800 | E34: =+[3]DailyNov!AH33 -> 5000 | F34: =E34/B34 -> 132.41175 | G34: =E34/C34 -> 133.54701 | H34: =+H33+I34 -> 91574.76 | I34: =+[3]DailyNov!AI33 -> 7518.89 | J34: =I34/B34 -> 199.11787 | K34: =I34/C34 -> 200.82505 | L34: =+L33+M34 -> 348994.76 | M34: =+[3]DailyNov!AJ33 -> 26678.89 | N34: =M34/B34 -> 706.51969 | O34: =M34/C34 -> 712.57719 | P34: =+E34+I34+M34 -> 39197.78 | Q34: =P34/B34 -> 1038.0493 | R34: =P34/C34 -> 1046.9493
A35: =+A34+1 -> 45532 | B35: =+Report1!P36 -> 40.918 | C35: =+Report1!R36 -> 39.107 | D35: =+D34+E35 -> 62600 | E35: =+[3]DailyNov!AH34 -> 4800 | F35: =E35/B35 -> 117.30779 | G35: =E35/C35 -> 122.74017 | H35: =+H34+I35 -> 98625.16 | I35: =+[3]DailyNov!AI34 -> 7050.4 | J35: =I35/B35 -> 172.30559 | K35: =I35/C35 -> 180.28486 | L35: =+L34+M35 -> 377205.16 | M35: =+[3]DailyNov!AJ34 -> 28210.4 | N35: =M35/B35 -> 689.43741 | O35: =M35/C35 -> 721.36446 | P35: =+E35+I35+M35 -> 40060.8 | Q35: =P35/B35 -> 979.05078 | R35: =P35/C35 -> 1024.3895
A36: =+A35+1 -> 45533 | B36: =+Report1!P37 -> 41.548 | C36: =+Report1!R37 -> 38.677 | D36: =+D35+E36 -> 67600 | E36: =+[3]DailyNov!AH35 -> 5000 | F36: =E36/B36 -> 120.34274 | G36: =E36/C36 -> 129.2758 | H36: =+H35+I36 -> 104900.77 | I36: =+[3]DailyNov!AI35 -> 6275.61 | J36: =I36/B36 -> 151.04482 | K36: =I36/C36 -> 162.2569 | L36: =+L35+M36 -> 402640.77 | M36: =+[3]DailyNov!AJ35 -> 25435.61 | N36: =M36/B36 -> 612.19818 | O36: =M36/C36 -> 657.64175 | P36: =+E36+I36+M36 -> 36711.22 | Q36: =P36/B36 -> 883.58573 | R36: =P36/C36 -> 949.17444
A37: =+A36+1 -> 45534 | B37: =+Report1!P38 -> 42.651 | C37: =+Report1!R38 -> 41.049 | D37: =+D36+E37 -> 72400 | E37: =+[3]DailyNov!AH36 -> 4800 | F37: =E37/B37 -> 112.54132 | G37: =E37/C37 -> 116.93342 | H37: =+H36+I37 -> 112279.07 | I37: =+[3]DailyNov!AI36 -> 7378.3 | J37: =I37/B37 -> 172.99243 | K37: =I37/C37 -> 179.74372 | L37: =+L36+M37 -> 428179.07 | M37: =+[3]DailyNov!AJ36 -> 25538.3 | N37: =M37/B37 -> 598.77377 | O37: =M37/C37 -> 622.14183 | P37: =+E37+I37+M37 -> 37716.6 | Q37: =P37/B37 -> 884.30752 | R37: =P37/C37 -> 918.81897
A38: =+A37+1 -> 45535 | B38: =+Report1!P39 -> 0 | C38: =+Report1!R39 -> 0 | D38: =+D37+E38 -> 72400 | E38: =+[3]DailyNov!AH37 -> 0 | F38: =E38/B38 -> #DIV/0! | G38: =E38/C38 -> #DIV/0! | H38: =+H37+I38 -> 112279.07 | I38: =+[3]DailyNov!AI37 -> 0 | J38: =I38/B38 -> #DIV/0! | K38: =I38/C38 -> #DIV/0! | L38: =+L37+M38 -> 428179.07 | M38: =+[3]DailyNov!AJ37 -> 0 | N38: =M38/B38 -> #DIV/0! | O38: =M38/C38 -> #DIV/0! | P38: =+E38+I38+M38 -> 0 | Q38: =P38/B38 -> #DIV/0! | R38: =P38/C38 -> #DIV/0!
A40: TOTAL | B40: =SUM(B8:B38) -> 532.997 | C40: =SUM(C8:C38) -> 500.227 | E40: =SUM(E8:E39) -> 72400 | F40: =E40/B40 -> 135.83566 | G40: =E40/C40 -> 144.73429 | I40: =SUM(I8:I39) -> 112279.07 | J40: =I40/B40 -> 210.6561 | K40: =I40/C40 -> 224.45624 | M40: =SUM(M8:M39) -> 428179.07 | N40: =M40/B40 -> 803.34236 | O40: =M40/C40 -> 855.96953 | P40: =+E40+I40+M40 -> 612858.14 | Q40: =P40/B40 -> 1149.8341 | R40: =P40/C40 -> 1225.1601
P42: -1320860.8

Sheet Trim Rwd
A1: PM 14 | B1: =+Report1!A9 -> 45962
A3: Tgl | B3: Grade | C3: Ply | D3: Kombinasi Pot. | E3: Lebar Trim | F3: Jml Turunan | G3: Lebar x Turunan | H3: Rata-rata | I3: PHP PM
A4: =+B1 -> 45962 | B4: F 12 | C4: 1 | D4: 266*1 | E4: =266*1 -> 266 | F4: 0 | G4: =+E4*F4 -> 0 | H4: =+E4 -> 266 | I4: =+'1'!I38 -> 0
A6: 45963 | B6: F 12 | C6: 1 | D6: 266*1 | E6: =266*1 -> 266 | F6: 0 | G6: =+E6*F6 -> 0 | H6: =+E6 -> 266 | I6: =+'2'!I38 -> 0
A8: 45964 | B8: F 12 | C8: 1 | D8: 266*1 | E8: =266*1 -> 266 | F8: 0 | G8: =+E8*F8 -> 0 | H8: =+E8 -> 266 | I8: =+'3'!I38 -> 0
A10: 45965 | B10: F 12 | C10: 1 | D10: 266*1 | E10: =266*1 -> 266 | F10: 0 | G10: =+E10*F10 -> 0 | H10: =+E10 -> 266 | I10: =+'5'!I38 -> 0
A12: 45966 | B12: F 12 | C12: 1 | D12: 266*1 | E12: =266*1 -> 266 | F12: 0 | G12: =+E12*F12 -> 0 | H12: =+E12 -> 266 | I12: =+'5'!I38 -> 0
A14: 45967 | B14: F 12 | C14: 1 | D14: 266*1 | E14: =266*1 -> 266 | F14: 0 | G14: =+E14*F14 -> 0 | H14: =+E14 -> 266 | I14: =+'6'!I38 -> 0
A16: 45968 | B16: F 12 | C16: 1 | D16: 266*1 | E16: =266*1 -> 266 | F16: 0 | G16: =+E16*F16 -> 0 | H16: =+E16 -> 266 | I16: =+'6'!I40 -> 0
A18: 45969 | B18: F 12 | C18: 1 | D18: 266*1 | E18: =266*1 -> 266 | F18: 0 | G18: =+E18*F18 -> 0 | H18: =+E18 -> 266 | I18: =+'8'!I38 -> 0
A20: 45970 | B20: F 12 | C20: 1 | D20: 266*1 | E20: =266*1 -> 266 | F20: 0 | G20: =+E20*F20 -> 0 | H20: =+E20 -> 266 | I20: =+'9'!I38 -> 0
A22: 45971 | B22: F 12 | C22: 1 | D22: 266*1 | E22: =266*1 -> 266 | F22: 0 | G22: =+E22*F22 -> 0 | H22: =+E22 -> 266 | I22: =+'10'!I38 -> 0
A24: 45972 | B24: F 12 | C24: 1 | D24: 266*1 | E24: =266*1 -> 266 | F24: 0 | G24: =+E24*F24 -> 0 | H24: =+E24 -> 266 | I24: =+'11'!I38 -> 0
A26: 45973 | B26: F 12 | C26: 1 | D26: 266*1 | E26: =266*1 -> 266 | F26: 0 | G26: =+E26*F26 -> 0 | H26: =+E26 -> 266 | I26: =+'12'!I38 -> 0
A28: 45974 | B28: F 12 | C28: 1 | D28: 266*1 | E28: =266*1 -> 266 | F28: 0 | G28: =+E28*F28 -> 0 | H28: =+E28 -> 266 | I28: =+'13'!I38 -> 0
A30: 45975 | B30: F 12 | C30: 1 | D30: 266*1 | E30: =266*1 -> 266 | F30: 0 | G30: =+E30*F30 -> 0 | H30: =+E30 -> 266 | I30: =+'14'!I38 -> 0
A32: 45976 | B32: F 12 | C32: 1 | D32: 266*1 | E32: =266*1 -> 266 | F32: 0 | G32: =+E32*F32 -> 0 | H32: =+E32 -> 266 | I32: =+'15'!I38 -> 0
A34: 45977 | B34: F 12 | C34: 1 | D34: 122,5+140 | E34: =122.5+140 -> 262.5 | F34: 32 | G34: =+E34*F34 -> 8400 | H34: =+SUM(G34:G34)/SUM(F34:F34) -> 262.5 | I34: =+'16'!I38 -> 24.817
A36: 45978 | B36: F 12 | C36: 1 | D36: 122,5+140 | E36: =122.5+140 -> 262.5 | F36: 40 | G36: =+E36*F36 -> 10500 | H36: =+SUM(G36:G36)/SUM(F36:F36) -> 262.5 | I36: =+'17'!I38 -> 33.996
A38: 45979 | B38: F 12 | C38: 1 | D38: 122,5+140 | E38: =122.5+140 -> 262.5 | F38: =13+9+13+6+13+3 -> 57 | G38: =+E38*F38 -> 14962.5 | H38: =+SUM(G38:G39)/SUM(F38:F39) -> 261.88462 | I38: =+'18'!I38 -> 35.666
B39: F 12 | C39: 1 | D39: 180+77,5 | E39: =180+77.5 -> 257.5 | F39: 8 | G39: =+E39*F39 -> 2060
A41: 45980 | B41: F 12 | C41: 1 | D41: 180+77,5 | E41: =180+77.5 -> 257.5 | F41: 40 | G41: =+E41*F41 -> 10300 | H41: =+SUM(G41:G42)/SUM(F41:F42) -> 258.09302 | I41: =+'19'!I38 -> 20.191
B42: F 12 | C42: 1 | D42: 133*2 | E42: =133*2 -> 266 | F42: 3 | G42: =+E42*F42 -> 798
A44: 45981 | B44: F 13 | C44: 1 | D44: 47,5*4+68*1 | E44: =47.5*4+68*1 -> 258 | F44: 17 | G44: =+E44*F44 -> 4386 | H44: =+G44/F44 -> 258 | I44: =+'20'!I38 -> 19.976
B45: F 14 | C45: 1 | D45: 133*2 | E45: =133*2 -> 266 | F45: 5 | G45: =+E45*F45 -> 1330 | H45: =+G45/F45 -> 266
A47: 45982 | B47: F 13 | C47: 1 | D47: 47,5*4+68*1 | E47: =47.5*4+68*1 -> 258 | F47: 16 | G47: =+E47*F47 -> 4128 | H47: =+G47/F47 -> 258 | I47: =+'21'!I38 -> 39.034
B48: F 14 | C48: 1 | D48: 128,5*2 | E48: =128.5*2 -> 257 | F48: =34/2 -> 17 | G48: =+E48*F48 -> 4369 | H48: =+G48/F48 -> 257
B49: F 11 | C49: 1 | D49: 128+140 | E49: =128+140 -> 268 | F49: 15 | G49: =+E49*F49 -> 4020 | H49: =+G49/F49 -> 268
A51: 45983 | B51: F 11 | C51: 1 | D51: 128+140 | E51: =128+140 -> 268 | F51: =5+12+8 -> 25 | G51: =+E51*F51 -> 6700 | H51: =+SUM(G51:G52)/SUM(F51:F52) -> 263.55556 | I51: =+'22'!I38 -> 36.607
B52: F 11 | C52: 1 | D52: 129*2 | E52: =129*2 -> 258 | F52: =9+11 -> 20 | G52: =+E52*F52 -> 5160
B53: F 13 | C53: 1 | D53: 140+114 | E53: =140+114 -> 254 | F53: 18 | G53: =+E53*F53 -> 4572 | H53: =+G53/F53 -> 254
A55: 45984 | B55: F 13 | C55: 1 | D55: 140+114 | E55: =140+114 -> 254 | F55: =124/2 -> 62 | G55: =+E55*F55 -> 15748 | H55: =+G55/F55 -> 254 | I55: =+'23'!I38 -> 38.873
B56: F 14 | C56: 1 | D56: 133*2 | E56: =133*2 -> 266 | F56: 4 | G56: =+E56*F56 -> 1064 | H56: =+G56/F56 -> 266
B57: T 14 | C57: 1 | D57: 128,5*2 | E57: =128.5*2 -> 257 | F57: 3 | G57: =+E57*F57 -> 771 | H57: =+G57/F57 -> 257
A59: 45985 | B59: T 14 | C59: 1 | D59: 128,5*2 | E59: =128.5*2 -> 257 | F59: =132/2 -> 66 | G59: =+E59*F59 -> 16962 | H59: =+G59/F59 -> 257 | I59: =+'24'!I38 -> 37.686
A61: 45986 | B61: T 14 | C61: 1 | D61: 128,5*2 | E61: =128.5*2 -> 257 | F61: =62/2 -> 31 | G61: =+E61*F61 -> 7967 | H61: =+G61/F61 -> 257 | I61: =+'25'!I38 -> 40.597
B62: T 15 | C62: 1 | D62: 128,5*2 | E62: =128.5*2 -> 257 | F62: 37 | G62: =+E62*F62 -> 9509 | H62: =+G62/F62 -> 257
A64: 45987 | B64: T 15 | C64: 1 | D64: 128,5*2 | E64: =128.5*2 -> 257 | F64: =13+1+9+13+3 -> 39 | G64: =+E64*F64 -> 10023 | H64: =+SUM(G64:G65)/SUM(F64:F65) -> 261.69118 | I64: =+'26'!I38 -> 42.676
B65: T 15 | C65: 1 | D65: 126*2+16 | E65: =126*2+16 -> 268 | F65: =6+2+10+10+1 -> 29 | G65: =+E65*F65 -> 7772
A67: 45988 | B67: T 15 | C67: 1 | D67: 126*2+16 | E67: =126*2+16 -> 268 | F67: =42/2 -> 21 | G67: =+E67*F67 -> 5628 | H67: =+G67/F67 -> 268 | I67: =+'27'!I38 -> 37.761
B68: F 12 | C68: 1 | D68: 140+122,5 | E68: =140+122.5 -> 262.5 | F68: =110/2 -> 55 | G68: =+E68*F68 -> 14437.5 | H68: =+G68/F68 -> 262.5
A70: 45989 | B70: F 12 | C70: 1 | D70: 140+122,5 | E70: =140+122.5 -> 262.5 | F70: =25+9 -> 34 | G70: =+E70*F70 -> 8925 | H70: =+G70/F70 -> 262.5 | I70: =+'28'!I38 -> 40.918
B71: F 13 | C71: 1 | D71: 114+140 | E71: =114+140 -> 254 | F71: =14+13 -> 27 | G71: =+E71*F71 -> 6858 | H71: =+G71/F71 -> 254
A73: 45990 | B73: F 12 | C73: 1 | D73: 130*2 | E73: =130*2 -> 260 | F73: 15 | G73: =+E73*F73 -> 3900 | H73: =+G73/F73 -> 260 | I73: =+'29'!I38 -> 41.548
B74: F 14 | C74: 1 | D74: 140+120 | E74: =140+120 -> 260 | F74: =2+22+21 -> 45 | G74: =+E74*F74 -> 11700 | H74: =+SUM(G74:G75)/SUM(F74:F75) -> 260
B75: F 14 | C75: 1 | D75: 130*2 | E75: =130*2 -> 260 | F75: 1 | G75: =+E75*F75 -> 260
A77: 45991 | B77: F 14 | C77: 1 | D77: 140+120 | E77: =140+120 -> 260 | F77: 60 | G77: =+E77*F77 -> 15600 | H77: =+SUM(G77:G78)/SUM(F77:F78) -> 260 | I77: =+'30'!I38 -> 42.651

Sheet Efficiency1
A1: PM14 Efficiency Report
A3: Date | B3: Grade | C3: Speed real (ton) with Available Time | D3: Colour | E3: gsm | F3: Ply | G3: Standard | L3: Real Running | O3: Trim Rewinder (cm) | P3: Trim Rewinder x Running Time | Q3: Available Time (mnt) | R3: Down Time (mnt) | S3: Loss Time (mnt) | T3: Real Speed & Real Creepe Ratio with Available Time (ton) | U3: Real Speed & Real Creepe Ratio setelah dipotong DT & LT (ton) | V3: Loss tonase akibat DT + LT dari hitungan Teori with available time (ton) | W3: Accepted (ton) | X3: Real Eff dr Target Eff | Y3: Backlog | Z3: Reject Rewinder (ton) | AA3: Estimasi Reject to Broke Plant (ton) | AB3: Estimasi Faktor BW (ton) | AC3: Loss Opportunity in Speed (ton) | AD3: Downtime/ Losstime | AE3: Reason of Downtime / Losstime | AF3: Loss Time | AM3: Total Losstime | AN3: Unschedule Shut Down (mnt) | AS3: Schedule Shut Down | AT3: Marketing | AV3: EXT FACTOR | AX3: EXT FACTOR | AZ3: MANAGEMENT | BA3: Total Down Time | BB3: Freq. Sheets Break (X) | BC3: Freq. Change Blade (X) | BD3: Steam, & gangguan sinergy (X) | BE3: Freq, Trip PLN (X) | BF3: Cleaning Holes (X)
AF4: Proses | AI4: Change Grade/Cleaning | AJ4: Mekanik | AK4: Electric & Instrument | AL4: Boiler | AN4: Down Time Produksi | AO4: Mekanik | AP4: Electrical & Instrument | AQ4: Boiler | AR4: Total Unschedule Shut Down | AV4: LOSS | AW4: DOWN TIME | AX4: LOSS | AY4: DOWN TIME
G5: Yankee Speed (mpm) | H5: Max % Creeping | I5: Target Eff | J5: Kapasitas PM-Teori (ton) | K5: Teori (ton) with Available Time | L5: Yankee Speed (mpm) | M5: Popereel Speed (mpm) | N5: % Creeping | AF5: sheet break | AG5: change blade | AH5: change spool | AT5: Loss time | AU5: Down Time | AV5: SINERGY | AW5: SINERGY | AX5: PLN | AY5: PLN
A6: =+Report1!A9 -> 45962 | B6: STOP | C6: =(M6*E6*O6*Q6)/100000000 -> 43.297309 | D6: VP OW | E6: 12 | F6: 1 | G6: 1230 | H6: =+N6 -> 0.23417344 | I6: 0.88 | J6: =E6*G6*(1-H6)*1440/1000000*2.74 -> 44.599484 | K6: =(IF(G6<L6,L6,G6)*(1-IF(H6<N6,H6,N6))*E6*O6*Q6)/100000000 -> 43.297309 | L6: 1230 | M6: 941.96667 | N6: =1-(M6/L6) -> 0.23417344 | O6: =+'Trim Rwd'!H4 -> 266 | P6: =O6*(Q6-R6-S6) -> 0 | Q6: 1440 | R6: 1440 | S6: 0 | T6: =E6*M6*O6*Q6/100000000 -> 43.297309 | U6: =E6*M6*O6*(Q6-R6-S6)/100000000 -> 0 | V6: =E6*G6*(1-N6)*O6/100*(R6+S6)/1000000 -> 43.297309 | W6: =+'1'!C34/1000 -> 0 | X6: =SUM(W6:W10)/SUM(K6:K10) -> 0 | Y6: 0 | Z6: =+'1'!D25/1000 -> 0 | AA6: =SUM(U6:U10)-SUM(W6:W10)-SUM(Z6:Z10)-SUM(Y6:Y10) -> 0 | AB6: =(SUM(K6:K10)-SUM(W6:W10)-SUM(Y6:Y10)-SUM(Z6:Z10)-SUM(AC6:AC10)-SUM(V6:V10))-AA6 -> 0 | AC6: =K6-T6 -> 0 | AD6: =+AM6+BA6 -> 0 | AE6: - Sheet Breaks (0x) | AF6: 0 | AM6: =SUM(AF6:AL6)+AT6+AV6+AX6 -> 0 | AR6: =SUM(AN6:AQ6) -> 0 | BA6: =+AR6+AS6+AU6+AW6+AY6+AZ6 -> 0 | BB6: 0
AD7: =+AM7+BA7 -> 0 | AE7: - Change Blade (0x) | AG7: 0 | AM7: =SUM(AF7:AL7)+AT7+AV7+AX7 -> 0 | AR7: =SUM(AN7:AQ7) -> 0 | BA7: =+AR7+AS7+AU7+AW7+AY7+AZ7 -> 0 | BC7: 0
AD8: =+AM8+BA8 -> 0 | AE8: - Change Spool (0x) | AH8: 0 | AM8: =SUM(AF8:AL8)+AT8+AV8+AX8 -> 0 | AR8: =SUM(AN8:AQ8) -> 0 | BA8: =+AR8+AS8+AU8+AW8+AY8+AZ8 -> 0
AD9: =+AM9+BA9 -> 0 | AE9: - Cleaning | AI9: 0 | AM9: =SUM(AF9:AL9)+AT9+AV9+AX9 -> 0 | AR9: =SUM(AN9:AQ9) -> 0 | BA9: =+AR9+AS9+AU9+AW9+AY9+AZ9 -> 0
AD10: =+AM10+BA10 -> 1440 | AE10: - Grinding Yankee | AM10: =SUM(AF10:AL10)+AT10+AV10+AX10 -> 0 | AR10: =SUM(AN10:AQ10) -> 0 | AZ10: 1440 | BA10: =+AR10+AS10+AU10+AW10+AY10+AZ10 -> 1440
AM11: =SUM(AF11:AL11)+AT11+AV11+AX11 -> 0
A12: 45963 | B12: STOP | C12: =(M12*E12*O12*Q12)/100000000 -> 43.297309 | D12: VP OW | E12: 12 | F12: 1 | G12: 1230 | H12: =+N12 -> 0.23417344 | I12: 0.88 | J12: =E12*G12*(1-H12)*1440/1000000*2.74 -> 44.599484 | K12: =(IF(G12<L12,L12,G12)*(1-IF(H12<N12,H12,N12))*E12*O12*Q12)/100000000 -> 43.297309 | L12: 1230 | M12: 941.96667 | N12: =1-(M12/L12) -> 0.23417344 | O12: =+'Trim Rwd'!H6 -> 266 | P12: =O12*(Q12-R12-S12) -> 0 | Q12: 1440 | R12: 1440 | S12: 0 | T12: =E12*M12*O12*Q12/100000000 -> 43.297309 | U12: =E12*M12*O12*(Q12-R12-S12)/100000000 -> 0 | V12: =E12*G12*(1-N12)*O12/100*(R12+S12)/1000000 -> 43.297309 | W12: =+'1'!C40/1000 -> 0 | X12: =SUM(W12:W16)/SUM(K12:K16) -> 0 | Y12: 0 | Z12: =+'1'!D31/1000 -> 0 | AA12: =SUM(U12:U16)-SUM(W12:W16)-SUM(Z12:Z16)-SUM(Y12:Y16) -> 0 | AB12: =(SUM(K12:K16)-SUM(W12:W16)-SUM(Y12:Y16)-SUM(Z12:Z16)-SUM(AC12:AC16)-SUM(V12:V16))-AA12 -> 0 | AC12: =K12-T12 -> 0 | AD12: =+AM12+BA12 -> 0 | AE12: - Sheet Breaks (0x) | AF12: 0 | AM12: =SUM(AF12:AL12)+AT12+AV12+AX12 -> 0 | AR12: =SUM(AN12:AQ12) -> 0 | BA12: =+AR12+AS12+AU12+AW12+AY12+AZ12 -> 0 | BB12: 0
AD13: =+AM13+BA13 -> 0 | AE13: - Change Blade (0x) | AG13: 0 | AM13: =SUM(AF13:AL13)+AT13+AV13+AX13 -> 0 | AR13: =SUM(AN13:AQ13) -> 0 | BA13: =+AR13+AS13+AU13+AW13+AY13+AZ13 -> 0 | BC13: 0
AD14: =+AM14+BA14 -> 0 | AE14: - Change Spool (0x) | AH14: 0 | AM14: =SUM(AF14:AL14)+AT14+AV14+AX14 -> 0 | AR14: =SUM(AN14:AQ14) -> 0 | BA14: =+AR14+AS14+AU14+AW14+AY14+AZ14 -> 0
AD15: =+AM15+BA15 -> 0 | AE15: - Cleaning | AI15: 0 | AM15: =SUM(AF15:AL15)+AT15+AV15+AX15 -> 0 | AR15: =SUM(AN15:AQ15) -> 0 | BA15: =+AR15+AS15+AU15+AW15+AY15+AZ15 -> 0
AD16: =+AM16+BA16 -> 1440 | AE16: - Grinding Yankee | AM16: =SUM(AF16:AL16)+AT16+AV16+AX16 -> 0 | AR16: =SUM(AN16:AQ16) -> 0 | AZ16: 1440 | BA16: =+AR16+AS16+AU16+AW16+AY16+AZ16 -> 1440
A18: 45964 | B18: STOP | C18: =(M18*E18*O18*Q18)/100000000 -> 43.297309 | D18: VP OW | E18: 12 | F18: 1 | G18: 1230 | H18: =+N18 -> 0.23417344 | I18: 0.88 | J18: =E18*G18*(1-H18)*1440/1000000*2.74 -> 44.599484 | K18: =(IF(G18<L18,L18,G18)*(1-IF(H18<N18,H18,N18))*E18*O18*Q18)/100000000 -> 43.297309 | L18: 1230 | M18: 941.96667 | N18: =1-(M18/L18) -> 0.23417344 | O18: =+'Trim Rwd'!H8 -> 266 | P18: =O18*(Q18-R18-S18) -> 0 | Q18: 1440 | R18: 1440 | S18: 0 | T18: =E18*M18*O18*Q18/100000000 -> 43.297309 | U18: =E18*M18*O18*(Q18-R18-S18)/100000000 -> 0 | V18: =E18*G18*(1-N18)*O18/100*(R18+S18)/1000000 -> 43.297309 | W18: =+'1'!C46/1000 -> 0 | X18: =SUM(W18:W22)/SUM(K18:K22) -> 0 | Y18: 0 | Z18: 0 | AA18: =SUM(U18:U22)-SUM(W18:W22)-SUM(Z18:Z22)-SUM(Y18:Y22) -> 0 | AB18: =(SUM(K18:K22)-SUM(W18:W22)-SUM(Y18:Y22)-SUM(Z18:Z22)-SUM(AC18:AC22)-SUM(V18:V22))-AA18 -> 0 | AC18: =K18-T18 -> 0 | AD18: =+AM18+BA18 -> 0 | AE18: - Sheet Breaks (0x) | AF18: 0 | AM18: =SUM(AF18:AL18)+AT18+AV18+AX18 -> 0 | AR18: =SUM(AN18:AQ18) -> 0 | BA18: =+AR18+AS18+AU18+AW18+AY18+AZ18 -> 0 | BB18: 0
AD19: =+AM19+BA19 -> 0 | AE19: - Change Blade (0x) | AG19: 0 | AM19: =SUM(AF19:AL19)+AT19+AV19+AX19 -> 0 | AR19: =SUM(AN19:AQ19) -> 0 | BA19: =+AR19+AS19+AU19+AW19+AY19+AZ19 -> 0 | BC19: 0
AD20: =+AM20+BA20 -> 0 | AE20: - Change Spool (0x) | AH20: 0 | AM20: =SUM(AF20:AL20)+AT20+AV20+AX20 -> 0 | AR20: =SUM(AN20:AQ20) -> 0 | BA20: =+AR20+AS20+AU20+AW20+AY20+AZ20 -> 0
AD21: =+AM21+BA21 -> 0 | AE21: - Cleaning | AI21: 0 | AM21: =SUM(AF21:AL21)+AT21+AV21+AX21 -> 0 | AR21: =SUM(AN21:AQ21) -> 0 | BA21: =+AR21+AS21+AU21+AW21+AY21+AZ21 -> 0
AD22: =+AM22+BA22 -> 1440 | AE22: - Grinding Yankee | AM22: =SUM(AF22:AL22)+AT22+AV22+AX22 -> 0 | AR22: =SUM(AN22:AQ22) -> 0 | AZ22: 1440 | BA22: =+AR22+AS22+AU22+AW22+AY22+AZ22 -> 1440
A24: 45965 | B24: STOP | C24: =(M24*E24*O24*Q24)/100000000 -> 43.297309 | D24: VP OW | E24: 12 | F24: 1 | G24: 1230 | H24: =+N24 -> 0.23417344 | I24: 0.88 | J24: =E24*G24*(1-H24)*1440/1000000*2.74 -> 44.599484 | K24: =(IF(G24<L24,L24,G24)*(1-IF(H24<N24,H24,N24))*E24*O24*Q24)/100000000 -> 43.297309 | L24: 1230 | M24: 941.96667 | N24: =1-(M24/L24) -> 0.23417344 | O24: =+'Trim Rwd'!H10 -> 266 | P24: =O24*(Q24-R24-S24) -> 0 | Q24: 1440 | R24: 1440 | S24: 0 | T24: =E24*M24*O24*Q24/100000000 -> 43.297309 | U24: =E24*M24*O24*(Q24-R24-S24)/100000000 -> 0 | V24: =E24*G24*(1-N24)*O24/100*(R24+S24)/1000000 -> 43.297309 | W24: 0 | X24: =SUM(W24:W28)/SUM(K24:K28) -> 0 | Y24: 0 | Z24: 0 | AA24: =SUM(U24:U28)-SUM(W24:W28)-SUM(Z24:Z28)-SUM(Y24:Y28) -> 0 | AB24: =(SUM(K24:K28)-SUM(W24:W28)-SUM(Y24:Y28)-SUM(Z24:Z28)-SUM(AC24:AC28)-SUM(V24:V28))-AA24 -> 0 | AC24: =K24-T24 -> 0 | AD24: =+AM24+BA24 -> 0 | AE24: - Sheet Breaks (0x) | AF24: 0 | AM24: =SUM(AF24:AL24)+AT24+AV24+AX24 -> 0 | AR24: =SUM(AN24:AQ24) -> 0 | BA24: =+AR24+AS24+AU24+AW24+AY24+AZ24 -> 0 | BB24: 0
AD25: =+AM25+BA25 -> 0 | AE25: - Change Blade (0x) | AG25: 0 | AM25: =SUM(AF25:AL25)+AT25+AV25+AX25 -> 0 | AR25: =SUM(AN25:AQ25) -> 0 | BA25: =+AR25+AS25+AU25+AW25+AY25+AZ25 -> 0 | BC25: 0
AD26: =+AM26+BA26 -> 0 | AE26: - Change Spool (0x) | AH26: 0 | AM26: =SUM(AF26:AL26)+AT26+AV26+AX26 -> 0 | AR26: =SUM(AN26:AQ26) -> 0 | BA26: =+AR26+AS26+AU26+AW26+AY26+AZ26 -> 0
AD27: =+AM27+BA27 -> 0 | AE27: - Cleaning | AI27: 0 | AM27: =SUM(AF27:AL27)+AT27+AV27+AX27 -> 0 | AR27: =SUM(AN27:AQ27) -> 0 | BA27: =+AR27+AS27+AU27+AW27+AY27+AZ27 -> 0
AD28: =+AM28+BA28 -> 1440 | AE28: - Grinding Yankee | AM28: =SUM(AF28:AL28)+AT28+AV28+AX28 -> 0 | AR28: =SUM(AN28:AQ28) -> 0 | AZ28: 1440 | BA28: =+AR28+AS28+AU28+AW28+AY28+AZ28 -> 1440
A30: 45966 | B30: STOP | C30: =(M30*E30*O30*Q30)/100000000 -> 43.297309 | D30: VP OW | E30: 12 | F30: 1 | G30: 1230 | H30: =+N30 -> 0.23417344 | I30: 0.88 | J30: =E30*G30*(1-H30)*1440/1000000*2.74 -> 44.599484 | K30: =(IF(G30<L30,L30,G30)*(1-IF(H30<N30,H30,N30))*E30*O30*Q30)/100000000 -> 43.297309 | L30: 1230 | M30: 941.96667 | N30: =1-(M30/L30) -> 0.23417344 | O30: =+'Trim Rwd'!H12 -> 266 | P30: =O30*(Q30-R30-S30) -> 0 | Q30: 1440 | R30: 1440 | S30: 0 | T30: =E30*M30*O30*Q30/100000000 -> 43.297309 | U30: =E30*M30*O30*(Q30-R30-S30)/100000000 -> 0 | V30: =E30*G30*(1-N30)*O30/100*(R30+S30)/1000000 -> 43.297309 | W30: 0 | X30: =SUM(W30:W34)/SUM(K30:K34) -> 0 | Y30: 0 | Z30: 0 | AA30: =SUM(U30:U34)-SUM(W30:W34)-SUM(Z30:Z34)-SUM(Y30:Y34) -> 0 | AB30: =(SUM(K30:K34)-SUM(W30:W34)-SUM(Y30:Y34)-SUM(Z30:Z34)-SUM(AC30:AC34)-SUM(V30:V34))-AA30 -> 0 | AC30: =K30-T30 -> 0 | AD30: =+AM30+BA30 -> 0 | AE30: - Sheet Breaks (0x) | AF30: 0 | AM30: =SUM(AF30:AL30)+AT30+AV30+AX30 -> 0 | AR30: =SUM(AN30:AQ30) -> 0 | BA30: =+AR30+AS30+AU30+AW30+AY30+AZ30 -> 0 | BB30: 0
AD31: =+AM31+BA31 -> 0 | AE31: - Change Blade (0x) | AG31: 0 | AM31: =SUM(AF31:AL31)+AT31+AV31+AX31 -> 0 | AR31: =SUM(AN31:AQ31) -> 0 | BA31: =+AR31+AS31+AU31+AW31+AY31+AZ31 -> 0 | BC31: 0
AD32: =+AM32+BA32 -> 0 | AE32: - Change Spool (0x) | AH32: 0 | AM32: =SUM(AF32:AL32)+AT32+AV32+AX32 -> 0 | AR32: =SUM(AN32:AQ32) -> 0 | BA32: =+AR32+AS32+AU32+AW32+AY32+AZ32 -> 0
AD33: =+AM33+BA33 -> 0 | AE33: - Cleaning | AI33: 0 | AM33: =SUM(AF33:AL33)+AT33+AV33+AX33 -> 0 | AR33: =SUM(AN33:AQ33) -> 0 | BA33: =+AR33+AS33+AU33+AW33+AY33+AZ33 -> 0
AD34: =+AM34+BA34 -> 1440 | AE34: - Grinding Yankee | AM34: =SUM(AF34:AL34)+AT34+AV34+AX34 -> 0 | AR34: =SUM(AN34:AQ34) -> 0 | AZ34: 1440 | BA34: =+AR34+AS34+AU34+AW34+AY34+AZ34 -> 1440
A36: 45967 | B36: STOP | C36: =(M36*E36*O36*Q36)/100000000 -> 43.297309 | D36: VP OW | E36: 12 | F36: 1 | G36: 1230 | H36: =+N36 -> 0.23417344 | I36: 0.88 | J36: =E36*G36*(1-H36)*1440/1000000*2.74 -> 44.599484 | K36: =(IF(G36<L36,L36,G36)*(1-IF(H36<N36,H36,N36))*E36*O36*Q36)/100000000 -> 43.297309 | L36: 1230 | M36: 941.96667 | N36: =1-(M36/L36) -> 0.23417344 | O36: =+'Trim Rwd'!H14 -> 266 | P36: =O36*(Q36-R36-S36) -> 0 | Q36: 1440 | R36: 1440 | S36: 0 | T36: =E36*M36*O36*Q36/100000000 -> 43.297309 | U36: =E36*M36*O36*(Q36-R36-S36)/100000000 -> 0 | V36: =E36*G36*(1-N36)*O36/100*(R36+S36)/1000000 -> 43.297309 | W36: 0 | X36: =SUM(W36:W40)/SUM(K36:K40) -> 0 | Y36: 0 | Z36: 0 | AA36: =SUM(U36:U40)-SUM(W36:W40)-SUM(Z36:Z40)-SUM(Y36:Y40) -> 0 | AB36: =(SUM(K36:K40)-SUM(W36:W40)-SUM(Y36:Y40)-SUM(Z36:Z40)-SUM(AC36:AC40)-SUM(V36:V40))-AA36 -> 0 | AC36: =K36-T36 -> 0 | AD36: =+AM36+BA36 -> 0 | AE36: - Sheet Breaks (0x) | AF36: 0 | AM36: =SUM(AF36:AL36)+AT36+AV36+AX36 -> 0 | AR36: =SUM(AN36:AQ36) -> 0 | BA36: =+AR36+AS36+AU36+AW36+AY36+AZ36 -> 0 | BB36: 0
AD37: =+AM37+BA37 -> 0 | AE37: - Change Blade (0x) | AG37: 0 | AM37: =SUM(AF37:AL37)+AT37+AV37+AX37 -> 0 | AR37: =SUM(AN37:AQ37) -> 0 | BA37: =+AR37+AS37+AU37+AW37+AY37+AZ37 -> 0 | BC37: 0
AD38: =+AM38+BA38 -> 0 | AE38: - Change Spool (0x) | AH38: 0 | AM38: =SUM(AF38:AL38)+AT38+AV38+AX38 -> 0 | AR38: =SUM(AN38:AQ38) -> 0 | BA38: =+AR38+AS38+AU38+AW38+AY38+AZ38 -> 0
AD39: =+AM39+BA39 -> 0 | AE39: - Cleaning | AI39: 0 | AM39: =SUM(AF39:AL39)+AT39+AV39+AX39 -> 0 | AR39: =SUM(AN39:AQ39) -> 0 | BA39: =+AR39+AS39+AU39+AW39+AY39+AZ39 -> 0
AD40: =+AM40+BA40 -> 1440 | AE40: - Grinding Yankee | AM40: =SUM(AF40:AL40)+AT40+AV40+AX40 -> 0 | AR40: =SUM(AN40:AQ40) -> 0 | AZ40: 1440 | BA40: =+AR40+AS40+AU40+AW40+AY40+AZ40 -> 1440
A42: 45968 | B42: STOP | C42: =(M42*E42*O42*Q42)/100000000 -> 43.297309 | D42: VP OW | E42: 12 | F42: 1 | G42: 1230 | H42: =+N42 -> 0.23417344 | I42: 0.88 | J42: =E42*G42*(1-H42)*1440/1000000*2.74 -> 44.599484 | K42: =(IF(G42<L42,L42,G42)*(1-IF(H42<N42,H42,N42))*E42*O42*Q42)/100000000 -> 43.297309 | L42: 1230 | M42: 941.96667 | N42: =1-(M42/L42) -> 0.23417344 | O42: =+'Trim Rwd'!H16 -> 266 | P42: =O42*(Q42-R42-S42) -> 0 | Q42: 1440 | R42: 1440 | S42: 0 | T42: =E42*M42*O42*Q42/100000000 -> 43.297309 | U42: =E42*M42*O42*(Q42-R42-S42)/100000000 -> 0 | V42: =E42*G42*(1-N42)*O42/100*(R42+S42)/1000000 -> 43.297309 | W42: 0 | X42: =SUM(W42:W46)/SUM(K42:K46) -> 0 | Y42: 0 | Z42: 0 | AA42: =SUM(U42:U46)-SUM(W42:W46)-SUM(Z42:Z46)-SUM(Y42:Y46) -> 0 | AB42: =(SUM(K42:K46)-SUM(W42:W46)-SUM(Y42:Y46)-SUM(Z42:Z46)-SUM(AC42:AC46)-SUM(V42:V46))-AA42 -> 0 | AC42: =K42-T42 -> 0 | AD42: =+AM42+BA42 -> 0 | AE42: - Sheet Breaks (0x) | AF42: 0 | AM42: =SUM(AF42:AL42)+AT42+AV42+AX42 -> 0 | AR42: =SUM(AN42:AQ42) -> 0 | BA42: =+AR42+AS42+AU42+AW42+AY42+AZ42 -> 0 | BB42: 0
AD43: =+AM43+BA43 -> 0 | AE43: - Change Blade (0x) | AG43: 0 | AM43: =SUM(AF43:AL43)+AT43+AV43+AX43 -> 0 | AR43: =SUM(AN43:AQ43) -> 0 | BA43: =+AR43+AS43+AU43+AW43+AY43+AZ43 -> 0 | BC43: 0
AD44: =+AM44+BA44 -> 0 | AE44: - Change Spool (0x) | AH44: 0 | AM44: =SUM(AF44:AL44)+AT44+AV44+AX44 -> 0 | AR44: =SUM(AN44:AQ44) -> 0 | BA44: =+AR44+AS44+AU44+AW44+AY44+AZ44 -> 0
AD45: =+AM45+BA45 -> 0 | AE45: - Cleaning | AI45: 0 | AM45: =SUM(AF45:AL45)+AT45+AV45+AX45 -> 0 | AR45: =SUM(AN45:AQ45) -> 0 | BA45: =+AR45+AS45+AU45+AW45+AY45+AZ45 -> 0
AD46: =+AM46+BA46 -> 1440 | AE46: - Grinding Yankee | AM46: =SUM(AF46:AL46)+AT46+AV46+AX46 -> 0 | AR46: =SUM(AN46:AQ46) -> 0 | AZ46: 1440 | BA46: =+AR46+AS46+AU46+AW46+AY46+AZ46 -> 1440
A48: 45969 | B48: STOP | C48: =(M48*E48*O48*Q48)/100000000 -> 43.297309 | D48: VP OW | E48: 12 | F48: 1 | G48: 1230 | H48: =+N48 -> 0.23417344 | I48: 0.88 | J48: =E48*G48*(1-H48)*1440/1000000*2.74 -> 44.599484 | K48: =(IF(G48<L48,L48,G48)*(1-IF(H48<N48,H48,N48))*E48*O48*Q48)/100000000 -> 43.297309 | L48: 1230 | M48: 941.96667 | N48: =1-(M48/L48) -> 0.23417344 | O48: =+'Trim Rwd'!H18 -> 266 | P48: =O48*(Q48-R48-S48) -> 0 | Q48: 1440 | R48: 1440 | S48: 0 | T48: =E48*M48*O48*Q48/100000000 -> 43.297309 | U48: =E48*M48*O48*(Q48-R48-S48)/100000000 -> 0 | V48: =E48*G48*(1-N48)*O48/100*(R48+S48)/1000000 -> 43.297309 | W48: 0 | X48: =SUM(W48:W52)/SUM(K48:K52) -> 0 | Y48: 0 | Z48: 0 | AA48: =SUM(U48:U52)-SUM(W48:W52)-SUM(Z48:Z52)-SUM(Y48:Y52) -> 0 | AB48: =(SUM(K48:K52)-SUM(W48:W52)-SUM(Y48:Y52)-SUM(Z48:Z52)-SUM(AC48:AC52)-SUM(V48:V52))-AA48 -> 0 | AC48: =K48-T48 -> 0 | AD48: =+AM48+BA48 -> 0 | AE48: - Sheet Breaks (0x) | AF48: 0 | AM48: =SUM(AF48:AL48)+AT48+AV48+AX48 -> 0 | AR48: =SUM(AN48:AQ48) -> 0 | BA48: =+AR48+AS48+AU48+AW48+AY48+AZ48 -> 0 | BB48: 0
AD49: =+AM49+BA49 -> 0 | AE49: - Change Blade (0x) | AG49: 0 | AM49: =SUM(AF49:AL49)+AT49+AV49+AX49 -> 0 | AR49: =SUM(AN49:AQ49) -> 0 | BA49: =+AR49+AS49+AU49+AW49+AY49+AZ49 -> 0 | BC49: 0
AD50: =+AM50+BA50 -> 0 | AE50: - Change Spool (0x) | AH50: 0 | AM50: =SUM(AF50:AL50)+AT50+AV50+AX50 -> 0 | AR50: =SUM(AN50:AQ50) -> 0 | BA50: =+AR50+AS50+AU50+AW50+AY50+AZ50 -> 0
AD51: =+AM51+BA51 -> 0 | AE51: - Cleaning | AI51: 0 | AM51: =SUM(AF51:AL51)+AT51+AV51+AX51 -> 0 | AR51: =SUM(AN51:AQ51) -> 0 | BA51: =+AR51+AS51+AU51+AW51+AY51+AZ51 -> 0
AD52: =+AM52+BA52 -> 1440 | AE52: - Grinding Yankee | AM52: =SUM(AF52:AL52)+AT52+AV52+AX52 -> 0 | AR52: =SUM(AN52:AQ52) -> 0 | AZ52: 1440 | BA52: =+AR52+AS52+AU52+AW52+AY52+AZ52 -> 1440
A54: 45970 | B54: STOP | C54: =(M54*E54*O54*Q54)/100000000 -> 43.297309 | D54: VP OW | E54: 12 | F54: 1 | G54: 1230 | H54: =+N54 -> 0.23417344 | I54: 0.88 | J54: =E54*G54*(1-H54)*1440/1000000*2.74 -> 44.599484 | K54: =(IF(G54<L54,L54,G54)*(1-IF(H54<N54,H54,N54))*E54*O54*Q54)/100000000 -> 43.297309 | L54: 1230 | M54: 941.96667 | N54: =1-(M54/L54) -> 0.23417344 | O54: =+'Trim Rwd'!H20 -> 266 | P54: =O54*(Q54-R54-S54) -> 0 | Q54: 1440 | R54: 1440 | S54: 0 | T54: =E54*M54*O54*Q54/100000000 -> 43.297309 | U54: =E54*M54*O54*(Q54-R54-S54)/100000000 -> 0 | V54: =E54*G54*(1-N54)*O54/100*(R54+S54)/1000000 -> 43.297309 | W54: 0 | X54: =SUM(W54:W58)/SUM(K54:K58) -> 0 | Y54: 0 | Z54: 0 | AA54: =SUM(U54:U58)-SUM(W54:W58)-SUM(Z54:Z58)-SUM(Y54:Y58) -> 0 | AB54: =(SUM(K54:K58)-SUM(W54:W58)-SUM(Y54:Y58)-SUM(Z54:Z58)-SUM(AC54:AC58)-SUM(V54:V58))-AA54 -> 0 | AC54: =K54-T54 -> 0 | AD54: =+AM54+BA54 -> 0 | AE54: - Sheet Breaks (0x) | AF54: 0 | AM54: =SUM(AF54:AL54)+AT54+AV54+AX54 -> 0 | AR54: =SUM(AN54:AQ54) -> 0 | BA54: =+AR54+AS54+AU54+AW54+AY54+AZ54 -> 0 | BB54: 0
AD55: =+AM55+BA55 -> 0 | AE55: - Change Blade (0x) | AG55: 0 | AM55: =SUM(AF55:AL55)+AT55+AV55+AX55 -> 0 | AR55: =SUM(AN55:AQ55) -> 0 | BA55: =+AR55+AS55+AU55+AW55+AY55+AZ55 -> 0 | BC55: 0
AD56: =+AM56+BA56 -> 0 | AE56: - Change Spool (0x) | AH56: 0 | AM56: =SUM(AF56:AL56)+AT56+AV56+AX56 -> 0 | AR56: =SUM(AN56:AQ56) -> 0 | BA56: =+AR56+AS56+AU56+AW56+AY56+AZ56 -> 0
AD57: =+AM57+BA57 -> 0 | AE57: - Cleaning | AI57: 0 | AM57: =SUM(AF57:AL57)+AT57+AV57+AX57 -> 0 | AR57: =SUM(AN57:AQ57) -> 0 | BA57: =+AR57+AS57+AU57+AW57+AY57+AZ57 -> 0
AD58: =+AM58+BA58 -> 1440 | AE58: - Grinding Yankee | AM58: =SUM(AF58:AL58)+AT58+AV58+AX58 -> 0 | AR58: =SUM(AN58:AQ58) -> 0 | AZ58: 1440 | BA58: =+AR58+AS58+AU58+AW58+AY58+AZ58 -> 1440
A60: 45971 | B60: STOP | C60: =(M60*E60*O60*Q60)/100000000 -> 43.297309 | D60: VP OW | E60: 12 | F60: 1 | G60: 1230 | H60: =+N60 -> 0.23417344 | I60: 0.88 | J60: =E60*G60*(1-H60)*1440/1000000*2.74 -> 44.599484 | K60: =(IF(G60<L60,L60,G60)*(1-IF(H60<N60,H60,N60))*E60*O60*Q60)/100000000 -> 43.297309 | L60: 1230 | M60: 941.96667 | N60: =1-(M60/L60) -> 0.23417344 | O60: =+'Trim Rwd'!H22 -> 266 | P60: =O60*(Q60-R60-S60) -> 0 | Q60: 1440 | R60: 1440 | S60: 0 | T60: =E60*M60*O60*Q60/100000000 -> 43.297309 | U60: =E60*M60*O60*(Q60-R60-S60)/100000000 -> 0 | V60: =E60*G60*(1-N60)*O60/100*(R60+S60)/1000000 -> 43.297309 | W60: 0 | X60: =SUM(W60:W64)/SUM(K60:K64) -> 0 | Y60: 0 | Z60: 0 | AA60: =SUM(U60:U64)-SUM(W60:W64)-SUM(Z60:Z64)-SUM(Y60:Y64) -> 0 | AB60: =(SUM(K60:K64)-SUM(W60:W64)-SUM(Y60:Y64)-SUM(Z60:Z64)-SUM(AC60:AC64)-SUM(V60:V64))-AA60 -> 0 | AC60: =K60-T60 -> 0 | AD60: =+AM60+BA60 -> 0 | AE60: - Sheet Breaks (0x) | AF60: 0 | AM60: =SUM(AF60:AL60)+AT60+AV60+AX60 -> 0 | AR60: =SUM(AN60:AQ60) -> 0 | BA60: =+AR60+AS60+AU60+AW60+AY60+AZ60 -> 0 | BB60: 0
AD61: =+AM61+BA61 -> 0 | AE61: - Change Blade (0x) | AG61: 0 | AM61: =SUM(AF61:AL61)+AT61+AV61+AX61 -> 0 | AR61: =SUM(AN61:AQ61) -> 0 | BA61: =+AR61+AS61+AU61+AW61+AY61+AZ61 -> 0 | BC61: 0
AD62: =+AM62+BA62 -> 0 | AE62: - Change Spool (0x) | AH62: 0 | AM62: =SUM(AF62:AL62)+AT62+AV62+AX62 -> 0 | AR62: =SUM(AN62:AQ62) -> 0 | BA62: =+AR62+AS62+AU62+AW62+AY62+AZ62 -> 0
AD63: =+AM63+BA63 -> 0 | AE63: - Cleaning | AI63: 0 | AM63: =SUM(AF63:AL63)+AT63+AV63+AX63 -> 0 | AR63: =SUM(AN63:AQ63) -> 0 | BA63: =+AR63+AS63+AU63+AW63+AY63+AZ63 -> 0
AD64: =+AM64+BA64 -> 1440 | AE64: - Grinding Yankee | AM64: =SUM(AF64:AL64)+AT64+AV64+AX64 -> 0 | AR64: =SUM(AN64:AQ64) -> 0 | AZ64: 1440 | BA64: =+AR64+AS64+AU64+AW64+AY64+AZ64 -> 1440
A66: 45972 | B66: STOP | C66: =(M66*E66*O66*Q66)/100000000 -> 43.297309 | D66: VP OW | E66: 12 | F66: 1 | G66: 1230 | H66: =+N66 -> 0.23417344 | I66: 0.88 | J66: =E66*G66*(1-H66)*1440/1000000*2.74 -> 44.599484 | K66: =(IF(G66<L66,L66,G66)*(1-IF(H66<N66,H66,N66))*E66*O66*Q66)/100000000 -> 43.297309 | L66: 1230 | M66: 941.96667 | N66: =1-(M66/L66) -> 0.23417344 | O66: =+'Trim Rwd'!H24 -> 266 | P66: =O66*(Q66-R66-S66) -> 0 | Q66: 1440 | R66: 1440 | S66: 0 | T66: =E66*M66*O66*Q66/100000000 -> 43.297309 | U66: =E66*M66*O66*(Q66-R66-S66)/100000000 -> 0 | V66: =E66*G66*(1-N66)*O66/100*(R66+S66)/1000000 -> 43.297309 | W66: 0 | X66: =SUM(W66:W70)/SUM(K66:K70) -> 0 | Y66: 0 | Z66: 0 | AA66: =SUM(U66:U70)-SUM(W66:W70)-SUM(Z66:Z70)-SUM(Y66:Y70) -> 0 | AB66: =(SUM(K66:K70)-SUM(W66:W70)-SUM(Y66:Y70)-SUM(Z66:Z70)-SUM(AC66:AC70)-SUM(V66:V70))-AA66 -> 0 | AC66: =K66-T66 -> 0 | AD66: =+AM66+BA66 -> 0 | AE66: - Sheet Breaks (0x) | AF66: 0 | AM66: =SUM(AF66:AL66)+AT66+AV66+AX66 -> 0 | AR66: =SUM(AN66:AQ66) -> 0 | BA66: =+AR66+AS66+AU66+AW66+AY66+AZ66 -> 0 | BB66: 0
AD67: =+AM67+BA67 -> 0 | AE67: - Change Blade (0x) | AG67: 0 | AM67: =SUM(AF67:AL67)+AT67+AV67+AX67 -> 0 | AR67: =SUM(AN67:AQ67) -> 0 | BA67: =+AR67+AS67+AU67+AW67+AY67+AZ67 -> 0 | BC67: 0
AD68: =+AM68+BA68 -> 0 | AE68: - Change Spool (0x) | AH68: 0 | AM68: =SUM(AF68:AL68)+AT68+AV68+AX68 -> 0 | AR68: =SUM(AN68:AQ68) -> 0 | BA68: =+AR68+AS68+AU68+AW68+AY68+AZ68 -> 0
AD69: =+AM69+BA69 -> 0 | AE69: - Cleaning | AI69: 0 | AM69: =SUM(AF69:AL69)+AT69+AV69+AX69 -> 0 | AR69: =SUM(AN69:AQ69) -> 0 | BA69: =+AR69+AS69+AU69+AW69+AY69+AZ69 -> 0
AD70: =+AM70+BA70 -> 1440 | AE70: - Grinding Yankee | AM70: =SUM(AF70:AL70)+AT70+AV70+AX70 -> 0 | AR70: =SUM(AN70:AQ70) -> 0 | AZ70: 1440 | BA70: =+AR70+AS70+AU70+AW70+AY70+AZ70 -> 1440
A72: 45973 | B72: STOP | C72: =(M72*E72*O72*Q72)/100000000 -> 43.297309 | D72: VP OW | E72: 12 | F72: 1 | G72: 1230 | H72: =+N72 -> 0.23417344 | I72: 0.88 | J72: =E72*G72*(1-H72)*1440/1000000*2.74 -> 44.599484 | K72: =(IF(G72<L72,L72,G72)*(1-IF(H72<N72,H72,N72))*E72*O72*Q72)/100000000 -> 43.297309 | L72: 1230 | M72: 941.96667 | N72: =1-(M72/L72) -> 0.23417344 | O72: =+'Trim Rwd'!H26 -> 266 | P72: =O72*(Q72-R72-S72) -> 0 | Q72: 1440 | R72: 1440 | S72: 0 | T72: =E72*M72*O72*Q72/100000000 -> 43.297309 | U72: =E72*M72*O72*(Q72-R72-S72)/100000000 -> 0 | V72: =E72*G72*(1-N72)*O72/100*(R72+S72)/1000000 -> 43.297309 | W72: 0 | X72: =SUM(W72:W76)/SUM(K72:K76) -> 0 | Y72: 0 | Z72: 0 | AA72: =SUM(U72:U76)-SUM(W72:W76)-SUM(Z72:Z76)-SUM(Y72:Y76) -> 0 | AB72: =(SUM(K72:K76)-SUM(W72:W76)-SUM(Y72:Y76)-SUM(Z72:Z76)-SUM(AC72:AC76)-SUM(V72:V76))-AA72 -> 0 | AC72: =K72-T72 -> 0 | AD72: =+AM72+BA72 -> 0 | AE72: - Sheet Breaks (0x) | AF72: 0 | AM72: =SUM(AF72:AL72)+AT72+AV72+AX72 -> 0 | AR72: =SUM(AN72:AQ72) -> 0 | BA72: =+AR72+AS72+AU72+AW72+AY72+AZ72 -> 0 | BB72: 0
AD73: =+AM73+BA73 -> 0 | AE73: - Change Blade (0x) | AG73: 0 | AM73: =SUM(AF73:AL73)+AT73+AV73+AX73 -> 0 | AR73: =SUM(AN73:AQ73) -> 0 | BA73: =+AR73+AS73+AU73+AW73+AY73+AZ73 -> 0 | BC73: 0
AD74: =+AM74+BA74 -> 0 | AE74: - Change Spool (0x) | AH74: 0 | AM74: =SUM(AF74:AL74)+AT74+AV74+AX74 -> 0 | AR74: =SUM(AN74:AQ74) -> 0 | BA74: =+AR74+AS74+AU74+AW74+AY74+AZ74 -> 0
AD75: =+AM75+BA75 -> 0 | AE75: - Cleaning | AI75: 0 | AM75: =SUM(AF75:AL75)+AT75+AV75+AX75 -> 0 | AR75: =SUM(AN75:AQ75) -> 0 | BA75: =+AR75+AS75+AU75+AW75+AY75+AZ75 -> 0
AD76: =+AM76+BA76 -> 1440 | AE76: - Grinding Yankee | AM76: =SUM(AF76:AL76)+AT76+AV76+AX76 -> 0 | AR76: =SUM(AN76:AQ76) -> 0 | AZ76: 1440 | BA76: =+AR76+AS76+AU76+AW76+AY76+AZ76 -> 1440
A78: 45974 | B78: STOP | C78: =(M78*E78*O78*Q78)/100000000 -> 43.297309 | D78: VP OW | E78: 12 | F78: 1 | G78: 1230 | H78: =+N78 -> 0.23417344 | I78: 0.88 | J78: =E78*G78*(1-H78)*1440/1000000*2.74 -> 44.599484 | K78: =(IF(G78<L78,L78,G78)*(1-IF(H78<N78,H78,N78))*E78*O78*Q78)/100000000 -> 43.297309 | L78: 1230 | M78: 941.96667 | N78: =1-(M78/L78) -> 0.23417344 | O78: =+'Trim Rwd'!H28 -> 266 | P78: =O78*(Q78-R78-S78) -> 0 | Q78: 1440 | R78: 1440 | S78: 0 | T78: =E78*M78*O78*Q78/100000000 -> 43.297309 | U78: =E78*M78*O78*(Q78-R78-S78)/100000000 -> 0 | V78: =E78*G78*(1-N78)*O78/100*(R78+S78)/1000000 -> 43.297309 | W78: 0 | X78: =SUM(W78:W82)/SUM(K78:K82) -> 0 | Y78: 0 | Z78: 0 | AA78: =SUM(U78:U82)-SUM(W78:W82)-SUM(Z78:Z82)-SUM(Y78:Y82) -> 0 | AB78: =(SUM(K78:K82)-SUM(W78:W82)-SUM(Y78:Y82)-SUM(Z78:Z82)-SUM(AC78:AC82)-SUM(V78:V82))-AA78 -> 0 | AC78: =K78-T78 -> 0 | AD78: =+AM78+BA78 -> 0 | AE78: - Sheet Breaks (0x) | AF78: 0 | AM78: =SUM(AF78:AL78)+AT78+AV78+AX78 -> 0 | AR78: =SUM(AN78:AQ78) -> 0 | BA78: =+AR78+AS78+AU78+AW78+AY78+AZ78 -> 0 | BB78: 0
AD79: =+AM79+BA79 -> 0 | AE79: - Change Blade (0x) | AG79: 0 | AM79: =SUM(AF79:AL79)+AT79+AV79+AX79 -> 0 | AR79: =SUM(AN79:AQ79) -> 0 | BA79: =+AR79+AS79+AU79+AW79+AY79+AZ79 -> 0 | BC79: 0
AD80: =+AM80+BA80 -> 0 | AE80: - Change Spool (0x) | AH80: 0 | AM80: =SUM(AF80:AL80)+AT80+AV80+AX80 -> 0 | AR80: =SUM(AN80:AQ80) -> 0 | BA80: =+AR80+AS80+AU80+AW80+AY80+AZ80 -> 0
AD81: =+AM81+BA81 -> 0 | AE81: - Cleaning | AI81: 0 | AM81: =SUM(AF81:AL81)+AT81+AV81+AX81 -> 0 | AR81: =SUM(AN81:AQ81) -> 0 | BA81: =+AR81+AS81+AU81+AW81+AY81+AZ81 -> 0
AD82: =+AM82+BA82 -> 1440 | AE82: - Grinding Yankee | AM82: =SUM(AF82:AL82)+AT82+AV82+AX82 -> 0 | AR82: =SUM(AN82:AQ82) -> 0 | AZ82: 1440 | BA82: =+AR82+AS82+AU82+AW82+AY82+AZ82 -> 1440
A84: 45975 | B84: STOP | C84: =(M84*E84*O84*Q84)/100000000 -> 43.297309 | D84: VP OW | E84: 12 | F84: 1 | G84: 1230 | H84: =+N84 -> 0.23417344 | I84: 0.88 | J84: =E84*G84*(1-H84)*1440/1000000*2.74 -> 44.599484 | K84: =(IF(G84<L84,L84,G84)*(1-IF(H84<N84,H84,N84))*E84*O84*Q84)/100000000 -> 43.297309 | L84: 1230 | M84: 941.96667 | N84: =1-(M84/L84) -> 0.23417344 | O84: =+'Trim Rwd'!H30 -> 266 | P84: =O84*(Q84-R84-S84) -> 0 | Q84: 1440 | R84: 1440 | S84: 0 | T84: =E84*M84*O84*Q84/100000000 -> 43.297309 | U84: =E84*M84*O84*(Q84-R84-S84)/100000000 -> 0 | V84: =E84*G84*(1-N84)*O84/100*(R84+S84)/1000000 -> 43.297309 | W84: 0 | X84: =SUM(W84:W88)/SUM(K84:K88) -> 0 | Y84: 0 | Z84: 0 | AA84: =SUM(U84:U88)-SUM(W84:W88)-SUM(Z84:Z88)-SUM(Y84:Y88) -> 0 | AB84: =(SUM(K84:K88)-SUM(W84:W88)-SUM(Y84:Y88)-SUM(Z84:Z88)-SUM(AC84:AC88)-SUM(V84:V88))-AA84 -> 0 | AC84: =K84-T84 -> 0 | AD84: =+AM84+BA84 -> 0 | AE84: - Sheet Breaks (0x) | AF84: 0 | AM84: =SUM(AF84:AL84)+AT84+AV84+AX84 -> 0 | AR84: =SUM(AN84:AQ84) -> 0 | BA84: =+AR84+AS84+AU84+AW84+AY84+AZ84 -> 0 | BB84: 0
AD85: =+AM85+BA85 -> 0 | AE85: - Change Blade (0x) | AG85: 0 | AM85: =SUM(AF85:AL85)+AT85+AV85+AX85 -> 0 | AR85: =SUM(AN85:AQ85) -> 0 | BA85: =+AR85+AS85+AU85+AW85+AY85+AZ85 -> 0 | BC85: 0
AD86: =+AM86+BA86 -> 0 | AE86: - Change Spool (0x) | AH86: 0 | AM86: =SUM(AF86:AL86)+AT86+AV86+AX86 -> 0 | AR86: =SUM(AN86:AQ86) -> 0 | BA86: =+AR86+AS86+AU86+AW86+AY86+AZ86 -> 0
AD87: =+AM87+BA87 -> 0 | AE87: - Cleaning | AI87: 0 | AM87: =SUM(AF87:AL87)+AT87+AV87+AX87 -> 0 | AR87: =SUM(AN87:AQ87) -> 0 | BA87: =+AR87+AS87+AU87+AW87+AY87+AZ87 -> 0
AD88: =+AM88+BA88 -> 1440 | AE88: - Grinding Yankee | AM88: =SUM(AF88:AL88)+AT88+AV88+AX88 -> 0 | AR88: =SUM(AN88:AQ88) -> 0 | AZ88: 1440 | BA88: =+AR88+AS88+AU88+AW88+AY88+AZ88 -> 1440
A90: 45976 | B90: STOP | C90: =(M90*E90*O90*Q90)/100000000 -> 43.297309 | D90: VP OW | E90: 12 | F90: 1 | G90: 1230 | H90: =+N90 -> 0.23417344 | I90: 0.88 | J90: =E90*G90*(1-H90)*1440/1000000*2.74 -> 44.599484 | K90: =(IF(G90<L90,L90,G90)*(1-IF(H90<N90,H90,N90))*E90*O90*Q90)/100000000 -> 43.297309 | L90: 1230 | M90: 941.96667 | N90: =1-(M90/L90) -> 0.23417344 | O90: =+'Trim Rwd'!H32 -> 266 | P90: =O90*(Q90-R90-S90) -> 0 | Q90: 1440 | R90: 1440 | S90: 0 | T90: =E90*M90*O90*Q90/100000000 -> 43.297309 | U90: =E90*M90*O90*(Q90-R90-S90)/100000000 -> 0 | V90: =E90*G90*(1-N90)*O90/100*(R90+S90)/1000000 -> 43.297309 | W90: 0 | X90: =SUM(W90:W94)/SUM(K90:K94) -> 0 | Y90: 0 | Z90: 0 | AA90: =SUM(U90:U94)-SUM(W90:W94)-SUM(Z90:Z94)-SUM(Y90:Y94) -> 0 | AB90: =(SUM(K90:K94)-SUM(W90:W94)-SUM(Y90:Y94)-SUM(Z90:Z94)-SUM(AC90:AC94)-SUM(V90:V94))-AA90 -> 0 | AC90: =K90-T90 -> 0 | AD90: =+AM90+BA90 -> 0 | AE90: - Sheet Breaks (0x) | AF90: 0 | AM90: =SUM(AF90:AL90)+AT90+AV90+AX90 -> 0 | AR90: =SUM(AN90:AQ90) -> 0 | BA90: =+AR90+AS90+AU90+AW90+AY90+AZ90 -> 0 | BB90: 0
AD91: =+AM91+BA91 -> 0 | AE91: - Change Blade (0x) | AG91: 0 | AM91: =SUM(AF91:AL91)+AT91+AV91+AX91 -> 0 | AR91: =SUM(AN91:AQ91) -> 0 | BA91: =+AR91+AS91+AU91+AW91+AY91+AZ91 -> 0 | BC91: 0
AD92: =+AM92+BA92 -> 0 | AE92: - Change Spool (0x) | AH92: 0 | AM92: =SUM(AF92:AL92)+AT92+AV92+AX92 -> 0 | AR92: =SUM(AN92:AQ92) -> 0 | BA92: =+AR92+AS92+AU92+AW92+AY92+AZ92 -> 0
AD93: =+AM93+BA93 -> 0 | AE93: - Cleaning | AI93: 0 | AM93: =SUM(AF93:AL93)+AT93+AV93+AX93 -> 0 | AR93: =SUM(AN93:AQ93) -> 0 | BA93: =+AR93+AS93+AU93+AW93+AY93+AZ93 -> 0
AD94: =+AM94+BA94 -> 1440 | AE94: - Grinding Yankee | AM94: =SUM(AF94:AL94)+AT94+AV94+AX94 -> 0 | AR94: =SUM(AN94:AQ94) -> 0 | AZ94: 1440 | BA94: =+AR94+AS94+AU94+AW94+AY94+AZ94 -> 1440
A96: 45977 | B96: Facial | C96: =(M96*E96*O96*Q96)/100000000 -> 29.886662 | D96: VP OW | E96: 12 | F96: 1 | G96: 1230 | H96: =+N96 -> 0.23 | I96: 0.88 | J96: =E96*G96*(1-H96)*1440/1000000*2.74 -> 44.842533 | K96: =(IF(G96<L96,L96,G96)*(1-IF(H96<N96,H96,N96))*E96*O96*Q96)/100000000 -> 42.960456 | L96: 855.68445 | M96: 658.87703 | N96: =1-(M96/L96) -> 0.23 | O96: =+'Trim Rwd'!H34 -> 262.5 | P96: =O96*(Q96-R96-S96) -> 323925 | Q96: 1440 | R96: 150 | S96: 56 | T96: =E96*M96*O96*Q96/100000000 -> 29.886662 | U96: =E96*M96*O96*(Q96-R96-S96)/100000000 -> 25.611209 | V96: =E96*G96*(1-N96)*O96/100*(R96+S96)/1000000 -> 6.1457319 | W96: =+'16'!K7/1000 -> 22.441 | X96: =SUM(W96:W100)/SUM(K96:K100) -> 0.5223641 | Y96: 0 | Z96: 0 | AA96: =SUM(U96:U100)-SUM(W96:W100)-SUM(Z96:Z100)-SUM(Y96:Y100) -> 3.170209 | AB96: =(SUM(K96:K100)-SUM(W96:W100)-SUM(Y96:Y100)-SUM(Z96:Z100)-SUM(AC96:AC100)-SUM(V96:V100))-AA96 -> -1.8702789 | AC96: =K96-T96 -> 13.073794 | AD96: =+AM96+BA96 -> 9 | AE96: - Sheet Breaks (3x) | AF96: 9 | AM96: =SUM(AF96:AL96)+AT96+AV96+AX96 -> 9 | AR96: =SUM(AN96:AQ96) -> 0 | BA96: =+AR96+AS96+AU96+AW96+AY96+AZ96 -> 0 | BB96: 3
AD97: =+AM97+BA97 -> 12 | AE97: - Change Blade (6x) | AG97: 12 | AM97: =SUM(AF97:AL97)+AT97+AV97+AX97 -> 12 | AR97: =SUM(AN97:AQ97) -> 0 | BA97: =+AR97+AS97+AU97+AW97+AY97+AZ97 -> 0 | BC97: 6
AD98: =+AM98+BA98 -> 35 | AE98: - Change Spool (18x) | AH98: 35 | AM98: =SUM(AF98:AL98)+AT98+AV98+AX98 -> 35 | AR98: =SUM(AN98:AQ98) -> 0 | BA98: =+AR98+AS98+AU98+AW98+AY98+AZ98 -> 0
AD99: =+AM99+BA99 -> 0 | AE99: - Cleaning | AI99: 0 | AM99: =SUM(AF99:AL99)+AT99+AV99+AX99 -> 0 | AR99: =SUM(AN99:AQ99) -> 0 | BA99: =+AR99+AS99+AU99+AW99+AY99+AZ99 -> 0
AD100: =+AM100+BA100 -> 150 | AE100: - Grinding Yankee | AM100: =SUM(AF100:AL100)+AT100+AV100+AX100 -> 0 | AR100: =SUM(AN100:AQ100) -> 0 | AZ100: 150 | BA100: =+AR100+AS100+AU100+AW100+AY100+AZ100 -> 150
A102: 45978 | B102: Facial | C102: =(M102*E102*O102*Q102)/100000000 -> 36.942305 | D102: VP OW | E102: 12 | F102: 1 | G102: 1230 | H102: =+N102 -> 0.23 | I102: 0.88 | J102: =E102*G102*(1-H102)*1440/1000000*2.74 -> 44.842533 | K102: =(IF(G102<L102,L102,G102)*(1-IF(H102<N102,H102,N102))*E102*O102*Q102)/100000000 -> 42.960456 | L102: 1057.6944 | M102: 814.42472 | N102: =1-(M102/L102) -> 0.23 | O102: =+'Trim Rwd'!H36 -> 262.5 | P102: =O102*(Q102-R102-S102) -> 360150 | Q102: 1440 | R102: 0 | S102: 68 | T102: =E102*M102*O102*Q102/100000000 -> 36.942305 | U102: =E102*M102*O102*(Q102-R102-S102)/100000000 -> 35.197808 | V102: =E102*G102*(1-N102)*O102/100*(R102+S102)/1000000 -> 2.0286882 | W102: =+'17'!K7/1000 -> 25.547 | X102: =SUM(W102:W106)/SUM(K102:K106) -> 0.59466315 | Y102: 0 | Z102: =+'17'!D34/1000 -> 2.912 | AA102: =SUM(U102:U106)-SUM(W102:W106)-SUM(Z102:Z106)-SUM(Y102:Y106) -> 6.7388076 | AB102: =(SUM(K102:K106)-SUM(W102:W106)-SUM(Y102:Y106)-SUM(Z102:Z106)-SUM(AC102:AC106)-SUM(V102:V106))-AA102 -> -0.28419045 | AC102: =K102-T102 -> 6.0181506 | AD102: =+AM102+BA102 -> 24 | AE102: - Sheet Breaks (8x) | AF102: 24 | AM102: =SUM(AF102:AL102)+AT102+AV102+AX102 -> 24 | AR102: =SUM(AN102:AQ102) -> 0 | BA102: =+AR102+AS102+AU102+AW102+AY102+AZ102 -> 0 | BB102: 8
AD103: =+AM103+BA103 -> 10 | AE103: - Change Blade (7x) | AG103: 10 | AM103: =SUM(AF103:AL103)+AT103+AV103+AX103 -> 10 | AR103: =SUM(AN103:AQ103) -> 0 | BA103: =+AR103+AS103+AU103+AW103+AY103+AZ103 -> 0 | BC103: 7
AD104: =+AM104+BA104 -> 34 | AE104: - Change Spool (26x) | AH104: 34 | AM104: =SUM(AF104:AL104)+AT104+AV104+AX104 -> 34 | AR104: =SUM(AN104:AQ104) -> 0 | BA104: =+AR104+AS104+AU104+AW104+AY104+AZ104 -> 0
AD105: =+AM105+BA105 -> 0 | AE105: - Cleaning | AI105: 0 | AM105: =SUM(AF105:AL105)+AT105+AV105+AX105 -> 0 | AR105: =SUM(AN105:AQ105) -> 0 | BA105: =+AR105+AS105+AU105+AW105+AY105+AZ105 -> 0
A107: 45979 | B107: Facial | C107: =(M107*E107*O107*Q107)/100000000 -> 40.328416 | D107: VP OW | E107: 12 | F107: 1 | G107: 1230 | H107: =+N107 -> 0.23362041 | I107: 0.88 | J107: =E107*G107*(1-H107)*1440/1000000*2.74 -> 44.631691 | K107: =(IF(G107<L107,L107,G107)*(1-IF(H107<N107,H107,N107))*E107*O107*Q107)/100000000 -> 41.591768 | L107: 1192.6387 | M107: 914.01394 | N107: =1-(M107/L107) -> 0.23362041 | O107: =+'Trim Rwd'!H38 -> 261.88462 | P107: =O107*(Q107-R107-S107) -> 335997.96 | Q107: =1334+70 -> 1404 | R107: 70 | S107: =56-5 -> 51 | T107: =E107*M107*O107*Q107/100000000 -> 40.328416 | U107: =E107*M107*O107*(Q107-R107-S107)/100000000 -> 36.852819 | V107: =E107*G107*(1-N107)*O107/100*(R107+S107)/1000000 -> 3.5844757 | W107: =+'18'!K7/1000 -> 34.367 | X107: =SUM(W107:W111)/SUM(K107:K111) -> 0.80760889 | Y107: 0 | Z107: =+'17'!D39/1000 -> 0 | AA107: =SUM(U107:U111)-SUM(W107:W111)-SUM(Z107:Z111)-SUM(Y107:Y111) -> 3.2738127 | AB107: =(SUM(K107:K111)-SUM(W107:W111)-SUM(Y107:Y111)-SUM(Z107:Z111)-SUM(AC107:AC111)-SUM(V107:V111))-AA107 -> -0.11542812 | AC107: =K107-T107 -> 1.2633523 | AD107: =+AM107+BA107 -> 24 | AE107: - Sheet Breaks (9x) | AF107: 24 | AM107: =SUM(AF107:AL107)+AT107+AV107+AX107 -> 24 | AR107: =SUM(AN107:AQ107) -> 0 | BA107: =+AR107+AS107+AU107+AW107+AY107+AZ107 -> 0 | BB107: 9
B108: Facial | C108: =(M108*E108*O108*Q108)/100000000 -> 0.91508988 | D108: VP OW | E108: 10.3 | F108: 1 | G108: 1230 | H108: =+N108 -> 0.23 | I108: 0.88 | J108: =E108*G108*(1-H108)*1440/1000000*2.74 -> 38.489841 | K108: =(IF(G108<L108,L108,G108)*(1-IF(H108<N108,H108,N108))*E108*O108*Q108)/100000000 -> 0.96224602 | L108: 1169.7222 | M108: 900.68611 | N108: =1-(M108/L108) -> 0.23 | O108: 274 | P108: =O108*(Q108-R108-S108) -> 8494 | Q108: 36 | R108: 0 | S108: 5 | T108: =E108*M108*O108*Q108/100000000 -> 0.91508988 | U108: =E108*M108*O108*(Q108-R108-S108)/100000000 -> 0.78799407 | V108: =E108*G108*(1-N108)*O108/100*(R108+S108)/1000000 -> 0.13364528 | W108: =+'16'!K19/1000 -> 0 | AC108: =K108-T108 -> 0.04715614 | AD108: =+AM108+BA108 -> 2 | AE108: - Change Blade (1x) | AG108: 2 | AM108: =SUM(AF108:AL108)+AT108+AV108+AX108 -> 2 | AR108: =SUM(AN108:AQ108) -> 0 | BA108: =+AR108+AS108+AU108+AW108+AY108+AZ108 -> 0 | BC108: 1
AD109: =+AM109+BA109 -> 30 | AE109: - Change Spool (27x) | AH109: 30 | AM109: =SUM(AF109:AL109)+AT109+AV109+AX109 -> 30 | AR109: =SUM(AN109:AQ109) -> 0 | BA109: =+AR109+AS109+AU109+AW109+AY109+AZ109 -> 0
AD110: =+AM110+BA110 -> 70 | AE110: - 13:35 pm stop cek permukaan yankee | AI110: 0 | AM110: =SUM(AF110:AL110)+AT110+AV110+AX110 -> 0 | AR110: =SUM(AN110:AQ110) -> 0 | AZ110: 70 | BA110: =+AR110+AS110+AU110+AW110+AY110+AZ110 -> 70
A112: 45980 | B112: Facial | C112: =(M112*E112*O112*Q112)/100000000 -> 42.025227 | D112: VP OW | E112: 12 | F112: 1 | G112: 1230 | H112: =+N112 -> 0.23390089 | I112: 0.88 | J112: =E112*G112*(1-H112)*1440/1000000*2.74 -> 44.615357 | K112: =(IF(G112<L112,L112,G112)*(1-IF(H112<N112,H112,N112))*E112*O112*Q112)/100000000 -> 42.025227 | L112: 1230 | M112: 942.30191 | N112: =1-(M112/L112) -> 0.23390089 | O112: =+'Trim Rwd'!H41 -> 258.09302 | P112: =O112*(Q112-R112-S112) -> 195634.51 | Q112: 1440 | R112: 653 | S112: 29 | T112: =E112*M112*O112*Q112/100000000 -> 42.025227 | U112: =E112*M112*O112*(Q112-R112-S112)/100000000 -> 22.121613 | V112: =E112*G112*(1-N112)*O112/100*(R112+S112)/1000000 -> 19.903615 | W112: =+'19'!K7/1000 -> 25.437 | X112: =SUM(W112:W116)/SUM(K112:K116) -> 0.60527929 | Y112: 0 | Z112: =+'17'!D44/1000 -> 0 | AA112: =SUM(U112:U116)-SUM(W112:W116)-SUM(Z112:Z116)-SUM(Y112:Y116) -> -3.3153872 | AB112: =(SUM(K112:K116)-SUM(W112:W116)-SUM(Y112:Y116)-SUM(Z112:Z116)-SUM(AC112:AC116)-SUM(V112:V116))-AA112 -> 7.1054274e-15 | AC112: =K112-T112 -> 0 | AD112: =+AM112+BA112 -> 9 | AE112: - Sheet Breaks (3x) | AF112: 9 | AM112: =SUM(AF112:AL112)+AT112+AV112+AX112 -> 9 | AR112: =SUM(AN112:AQ112) -> 0 | BA112: =+AR112+AS112+AU112+AW112+AY112+AZ112 -> 0 | BB112: 3
AD113: =+AM113+BA113 -> 4 | AE113: - Change Blade (2x) | AG113: 4 | AM113: =SUM(AF113:AL113)+AT113+AV113+AX113 -> 4 | AR113: =SUM(AN113:AQ113) -> 0 | BA113: =+AR113+AS113+AU113+AW113+AY113+AZ113 -> 0 | BC113: 2
AD114: =+AM114+BA114 -> 16 | AE114: - Change Spool (16x) | AH114: 16 | AM114: =SUM(AF114:AL114)+AT114+AV114+AX114 -> 16 | AR114: =SUM(AN114:AQ114) -> 0 | BA114: =+AR114+AS114+AU114+AW114+AY114+AZ114 -> 0
AD115: =+AM115+BA115 -> 653 | AE115: - 20:07 pm stop , proses pendinginan yankee | AI115: 0 | AM115: =SUM(AF115:AL115)+AT115+AV115+AX115 -> 0 | AR115: =SUM(AN115:AQ115) -> 0 | AZ115: 653 | BA115: =+AR115+AS115+AU115+AW115+AY115+AZ115 -> 653
A117: 45981 | B117: Facial | C117: =(M117*E117*O117*Q117)/100000000 -> 38.611939 | D117: VP OW | E117: 13 | F117: 1 | G117: 1230 | H117: =+N117 -> 0.23180279 | I117: 0.88 | J117: =E117*G117*(1-H117)*1440/1000000*2.74 -> 48.465672 | K117: =(IF(G117<L117,L117,G117)*(1-IF(H117<N117,H117,N117))*E117*O117*Q117)/100000000 -> 41.610757 | L117: 1141.3559 | M117: 876.78644 | N117: =1-(M117/L117) -> 0.23180279 | O117: =+'Trim Rwd'!H44 -> 258 | P117: =O117*(Q117-R117-S117) -> 146802 | Q117: =590+723 -> 1313 | R117: 723 | S117: 21 | T117: =E117*M117*O117*Q117/100000000 -> 38.611939 | U117: =E117*M117*O117*(Q117-R117-S117)/100000000 -> 16.73282 | V117: =E117*G117*(1-N117)*O117/100*(R117+S117)/1000000 -> 23.578373 | W117: =+'20'!K8/1000 -> 8.581 | X117: =SUM(W117:W121)/SUM(K117:K121) -> 0.25645273 | Y117: 0 | Z117: =+'20'!D25/1000 -> 0.168 | AA117: =SUM(U117:U121)-SUM(W117:W121)-SUM(Z117:Z121)-SUM(Y117:Y121) -> 8.2646693 | AB117: =(SUM(K117:K121)-SUM(W117:W121)-SUM(Y117:Y121)-SUM(Z117:Z121)-SUM(AC117:AC121)-SUM(V117:V121))-AA117 -> -1.7478142 | AC117: =K117-T117 -> 2.9988185 | AD117: =+AM117+BA117 -> 14 | AE117: - Sheet Breaks (5x) | AF117: 14 | AM117: =SUM(AF117:AL117)+AT117+AV117+AX117 -> 14 | AR117: =SUM(AN117:AQ117) -> 0 | BA117: =+AR117+AS117+AU117+AW117+AY117+AZ117 -> 0 | BB117: 5
B118: Facial | C118: =(M118*E118*O118*Q118)/100000000 -> 3.8044086 | D118: VP OW | E118: 14 | F118: 1 | G118: 1230 | H118: =+N118 -> 0.24 | I118: 0.88 | J118: =E118*G118*(1-H118)*1440/1000000*2.74 -> 51.636856 | K118: =(IF(G118<L118,L118,G118)*(1-IF(H118<N118,H118,N118))*E118*O118*Q118)/100000000 -> 4.4211179 | L118: 1058.4252 | M118: 804.40315 | N118: =1-(M118/L118) -> 0.24 | O118: =+'Trim Rwd'!H45 -> 266 | P118: =O118*(Q118-R118-S118) -> 31122 | Q118: 127 | R118: 0 | S118: 10 | T118: =E118*M118*O118*Q118/100000000 -> 3.8044086 | U118: =E118*M118*O118*(Q118-R118-S118)/100000000 -> 3.5048489 | V118: =E118*G118*(1-N118)*O118/100*(R118+S118)/1000000 -> 0.34811952 | W118: =+'20'!K9/1000 -> 3.224 | AC118: =K118-T118 -> 0.6167093 | AD118: =+AM118+BA118 -> 0 | AE118: - Change Blade (0x) | AG118: 0 | AM118: =SUM(AF118:AL118)+AT118+AV118+AX118 -> 0 | AR118: =SUM(AN118:AQ118) -> 0 | BA118: =+AR118+AS118+AU118+AW118+AY118+AZ118 -> 0 | BC118: 0
AD119: =+AM119+BA119 -> 17 | AE119: - Change Spool (14x) | AH119: 17 | AM119: =SUM(AF119:AL119)+AT119+AV119+AX119 -> 17 | AR119: =SUM(AN119:AQ119) -> 0 | BA119: =+AR119+AS119+AU119+AW119+AY119+AZ119 -> 0
...

Sheet Efficiency2
A1: PM14 Efficiency Running Report
A3: Date | B3: Grade | C3: Speed real (ton) with Available Time | D3: Colour | E3: gsm | F3: Ply | G3: Standard | L3: Real Running | O3: Trim Rewinder (cm) | P3: Trim Rewinder x Running Time | Q3: Available Time (mnt) | R3: Down Time (mnt) | S3: Loss Time (mnt) | T3: Real Speed & Real Creepe Ratio with Available Time (ton) | U3: Real Speed & Real Creepe Ratio setelah dipotong DT & LT (ton) | V3: Loss tonase akibat DT + LT dari hitungan Teori with available time (ton) | W3: Accepted (ton) | X3: Real Eff dr Target Eff | Y3: Backlog | Z3: Reject Rewinder (ton) | AA3: Estimasi Reject to Broke Plant (ton) | AB3: Estimasi Faktor BW (ton) | AC3: Loss Opportunity in Speed (ton) | AD3: Downtime/ Losstime | AE3: Reason of Downtime / Losstime | AF3: Loss Time | AM3: Total Losstime | AN3: Unschedule Shut Down (mnt) | AS3: Schedule Shut Down | AT3: Marketing | AV3: EXT FACTOR | AX3: EXT FACTOR | AZ3: MANAGEMENT | BA3: Total Down Time | BB3: Freq. Sheets Break (X) | BC3: Freq. Change Blade (X) | BD3: Steam, & gangguan sinergy (X) | BE3: Freq, Trip PLN (X) | BF3: Cleaning Holes (X)
AF4: Proses | AI4: Change Grade | AJ4: Mekanik | AK4: Electric & Instrument | AL4: Boiler | AN4: Down Time Produksi | AO4: Mekanik | AP4: Electrical & Instrument | AQ4: Boiler | AR4: Total Unschedule Shut Down | AV4: LOSS | AW4: DOWN TIME | AX4: LOSS | AY4: DOWN TIME
G5: Yankee Speed (mpm) | H5: Max % Creeping | I5: Target Eff | J5: Kapasitas PM-Teori (ton) | K5: Teori (ton) with Available Time | L5: Yankee Speed (mpm) | M5: Popereel Speed (mpm) | N5: % Creeping | AF5: sheet break | AG5: change blade | AH5: change spool | AT5: Loss time | AU5: Down Time | AV5: SINERGY | AW5: SINERGY | AX5: PLN | AY5: PLN
A6: =+Report1!A9 -> 45962 | B6: STOP | C6: =(M6*E6*O6*Q6)/100000000 -> 0 | D6: VP OW | E6: 12 | F6: 1 | G6: 1230 | H6: =+N6 -> 0.23417344 | I6: 0.88 | J6: =E6*G6*(1-H6)*1440/1000000*2.74 -> 44.599484 | K6: =(IF(G6<L6,L6,G6)*(1-IF(H6<N6,H6,N6))*E6*O6*Q6)/100000000 -> 0 | L6: 1230 | M6: 941.96667 | N6: =1-(M6/L6) -> 0.23417344 | O6: =+'Trim Rwd'!H4 -> 266 | P6: =O6*(Q6-R6-S6) -> 0 | Q6: =1440-1440 -> 0 | R6: =1440-1440 -> 0 | S6: 0 | T6: =E6*M6*O6*Q6/100000000 -> 0 | U6: =E6*M6*O6*(Q6-R6-S6)/100000000 -> 0 | V6: =E6*G6*(1-N6)*O6/100*(R6+S6)/1000000 -> 0 | W6: =+'1'!C34/1000 -> 0 | X6: =SUM(W6:W10)/SUM(K6:K10) -> #DIV/0! | Y6: 0 | Z6: =+'1'!D25/1000 -> 0 | AA6: =SUM(U6:U10)-SUM(W6:W10)-SUM(Z6:Z10)-SUM(Y6:Y10) -> 0 | AB6: =(SUM(K6:K10)-SUM(W6:W10)-SUM(Y6:Y10)-SUM(Z6:Z10)-SUM(AC6:AC10)-SUM(V6:V10))-AA6 -> 0 | AC6: =K6-T6 -> 0 | AD6: =+AM6+BA6 -> 0 | AE6: - Sheet Breaks (0x) | AF6: 0 | AM6: =SUM(AF6:AL6)+AT6+AV6+AX6 -> 0 | AR6: =SUM(AN6:AQ6) -> 0 | BA6: =+AR6+AS6+AU6+AW6+AY6+AZ6 -> 0 | BB6: 0
AD7: =+AM7+BA7 -> 0 | AE7: - Change Blade (0x) | AG7: 0 | AM7: =SUM(AF7:AL7)+AT7+AV7+AX7 -> 0 | AR7: =SUM(AN7:AQ7) -> 0 | BA7: =+AR7+AS7+AU7+AW7+AY7+AZ7 -> 0 | BC7: 0
AD8: =+AM8+BA8 -> 0 | AE8: - Change Spool (0x) | AH8: 0 | AM8: =SUM(AF8:AL8)+AT8+AV8+AX8 -> 0 | AR8: =SUM(AN8:AQ8) -> 0 | BA8: =+AR8+AS8+AU8+AW8+AY8+AZ8 -> 0
AD9: =+AM9+BA9 -> 0 | AE9: - Cleaning | AI9: 0 | AM9: =SUM(AF9:AL9)+AT9+AV9+AX9 -> 0 | AR9: =SUM(AN9:AQ9) -> 0 | BA9: =+AR9+AS9+AU9+AW9+AY9+AZ9 -> 0
AD10: =+AM10+BA10 -> 0 | AE10: - Grinding Yankee | AM10: =SUM(AF10:AL10)+AT10+AV10+AX10 -> 0 | AR10: =SUM(AN10:AQ10) -> 0 | AZ10: =1440-1440 -> 0 | BA10: =+AR10+AS10+AU10+AW10+AY10+AZ10 -> 0
AM11: =SUM(AF11:AL11)+AT11+AV11+AX11 -> 0
A12: 45963 | B12: STOP | C12: =(M12*E12*O12*Q12)/100000000 -> 0 | D12: VP OW | E12: 12 | F12: 1 | G12: 1230 | H12: =+N12 -> 0.23417344 | I12: 0.88 | J12: =E12*G12*(1-H12)*1440/1000000*2.74 -> 44.599484 | K12: =(IF(G12<L12,L12,G12)*(1-IF(H12<N12,H12,N12))*E12*O12*Q12)/100000000 -> 0 | L12: 1230 | M12: 941.96667 | N12: =1-(M12/L12) -> 0.23417344 | O12: =+'Trim Rwd'!H6 -> 266 | P12: =O12*(Q12-R12-S12) -> 0 | Q12: =1440-1440 -> 0 | R12: =1440-1440 -> 0 | S12: 0 | T12: =E12*M12*O12*Q12/100000000 -> 0 | U12: =E12*M12*O12*(Q12-R12-S12)/100000000 -> 0 | V12: =E12*G12*(1-N12)*O12/100*(R12+S12)/1000000 -> 0 | W12: =+'1'!C40/1000 -> 0 | X12: =SUM(W12:W16)/SUM(K12:K16) -> #DIV/0! | Y12: 0 | Z12: =+'1'!D31/1000 -> 0 | AA12: =SUM(U12:U16)-SUM(W12:W16)-SUM(Z12:Z16)-SUM(Y12:Y16) -> 0 | AB12: =(SUM(K12:K16)-SUM(W12:W16)-SUM(Y12:Y16)-SUM(Z12:Z16)-SUM(AC12:AC16)-SUM(V12:V16))-AA12 -> 0 | AC12: =K12-T12 -> 0 | AD12: =+AM12+BA12 -> 0 | AE12: - Sheet Breaks (0x) | AF12: 0 | AM12: =SUM(AF12:AL12)+AT12+AV12+AX12 -> 0 | AR12: =SUM(AN12:AQ12) -> 0 | BA12: =+AR12+AS12+AU12+AW12+AY12+AZ12 -> 0 | BB12: 0
AD13: =+AM13+BA13 -> 0 | AE13: - Change Blade (0x) | AG13: 0 | AM13: =SUM(AF13:AL13)+AT13+AV13+AX13 -> 0 | AR13: =SUM(AN13:AQ13) -> 0 | BA13: =+AR13+AS13+AU13+AW13+AY13+AZ13 -> 0 | BC13: 0
AD14: =+AM14+BA14 -> 0 | AE14: - Change Spool (0x) | AH14: 0 | AM14: =SUM(AF14:AL14)+AT14+AV14+AX14 -> 0 | AR14: =SUM(AN14:AQ14) -> 0 | BA14: =+AR14+AS14+AU14+AW14+AY14+AZ14 -> 0
AD15: =+AM15+BA15 -> 0 | AE15: - Cleaning | AI15: 0 | AM15: =SUM(AF15:AL15)+AT15+AV15+AX15 -> 0 | AR15: =SUM(AN15:AQ15) -> 0 | BA15: =+AR15+AS15+AU15+AW15+AY15+AZ15 -> 0
AD16: =+AM16+BA16 -> 0 | AE16: - Grinding Yankee | AM16: =SUM(AF16:AL16)+AT16+AV16+AX16 -> 0 | AR16: =SUM(AN16:AQ16) -> 0 | AZ16: =1440-1440 -> 0 | BA16: =+AR16+AS16+AU16+AW16+AY16+AZ16 -> 0
A18: 45964 | B18: STOP | C18: =(M18*E18*O18*Q18)/100000000 -> 0 | D18: VP OW | E18: 12 | F18: 1 | G18: 1230 | H18: =+N18 -> 0.23417344 | I18: 0.88 | J18: =E18*G18*(1-H18)*1440/1000000*2.74 -> 44.599484 | K18: =(IF(G18<L18,L18,G18)*(1-IF(H18<N18,H18,N18))*E18*O18*Q18)/100000000 -> 0 | L18: 1230 | M18: 941.96667 | N18: =1-(M18/L18) -> 0.23417344 | O18: =+'Trim Rwd'!H8 -> 266 | P18: =O18*(Q18-R18-S18) -> 0 | Q18: =1440-1440 -> 0 | R18: =1440-1440 -> 0 | S18: 0 | T18: =E18*M18*O18*Q18/100000000 -> 0 | U18: =E18*M18*O18*(Q18-R18-S18)/100000000 -> 0 | V18: =E18*G18*(1-N18)*O18/100*(R18+S18)/1000000 -> 0 | W18: =+'1'!C46/1000 -> 0 | X18: =SUM(W18:W22)/SUM(K18:K22) -> #DIV/0! | Y18: 0 | Z18: 0 | AA18: =SUM(U18:U22)-SUM(W18:W22)-SUM(Z18:Z22)-SUM(Y18:Y22) -> 0 | AB18: =(SUM(K18:K22)-SUM(W18:W22)-SUM(Y18:Y22)-SUM(Z18:Z22)-SUM(AC18:AC22)-SUM(V18:V22))-AA18 -> 0 | AC18: =K18-T18 -> 0 | AD18: =+AM18+BA18 -> 0 | AE18: - Sheet Breaks (0x) | AF18: 0 | AM18: =SUM(AF18:AL18)+AT18+AV18+AX18 -> 0 | AR18: =SUM(AN18:AQ18) -> 0 | BA18: =+AR18+AS18+AU18+AW18+AY18+AZ18 -> 0 | BB18: 0
AD19: =+AM19+BA19 -> 0 | AE19: - Change Blade (0x) | AG19: 0 | AM19: =SUM(AF19:AL19)+AT19+AV19+AX19 -> 0 | AR19: =SUM(AN19:AQ19) -> 0 | BA19: =+AR19+AS19+AU19+AW19+AY19+AZ19 -> 0 | BC19: 0
AD20: =+AM20+BA20 -> 0 | AE20: - Change Spool (0x) | AH20: 0 | AM20: =SUM(AF20:AL20)+AT20+AV20+AX20 -> 0 | AR20: =SUM(AN20:AQ20) -> 0 | BA20: =+AR20+AS20+AU20+AW20+AY20+AZ20 -> 0
AD21: =+AM21+BA21 -> 0 | AE21: - Cleaning | AI21: 0 | AM21: =SUM(AF21:AL21)+AT21+AV21+AX21 -> 0 | AR21: =SUM(AN21:AQ21) -> 0 | BA21: =+AR21+AS21+AU21+AW21+AY21+AZ21 -> 0
AD22: =+AM22+BA22 -> 0 | AE22: - Grinding Yankee | AM22: =SUM(AF22:AL22)+AT22+AV22+AX22 -> 0 | AR22: =SUM(AN22:AQ22) -> 0 | AZ22: =1440-1440 -> 0 | BA22: =+AR22+AS22+AU22+AW22+AY22+AZ22 -> 0
A24: 45965 | B24: STOP | C24: =(M24*E24*O24*Q24)/100000000 -> 0 | D24: VP OW | E24: 12 | F24: 1 | G24: 1230 | H24: =+N24 -> 0.23417344 | I24: 0.88 | J24: =E24*G24*(1-H24)*1440/1000000*2.74 -> 44.599484 | K24: =(IF(G24<L24,L24,G24)*(1-IF(H24<N24,H24,N24))*E24*O24*Q24)/100000000 -> 0 | L24: 1230 | M24: 941.96667 | N24: =1-(M24/L24) -> 0.23417344 | O24: =+'Trim Rwd'!H10 -> 266 | P24: =O24*(Q24-R24-S24) -> 0 | Q24: =1440-1440 -> 0 | R24: =1440-1440 -> 0 | S24: 0 | T24: =E24*M24*O24*Q24/100000000 -> 0 | U24: =E24*M24*O24*(Q24-R24-S24)/100000000 -> 0 | V24: =E24*G24*(1-N24)*O24/100*(R24+S24)/1000000 -> 0 | W24: 0 | X24: =SUM(W24:W28)/SUM(K24:K28) -> #DIV/0! | Y24: 0 | Z24: 0 | AA24: =SUM(U24:U28)-SUM(W24:W28)-SUM(Z24:Z28)-SUM(Y24:Y28) -> 0 | AB24: =(SUM(K24:K28)-SUM(W24:W28)-SUM(Y24:Y28)-SUM(Z24:Z28)-SUM(AC24:AC28)-SUM(V24:V28))-AA24 -> 0 | AC24: =K24-T24 -> 0 | AD24: =+AM24+BA24 -> 0 | AE24: - Sheet Breaks (0x) | AF24: 0 | AM24: =SUM(AF24:AL24)+AT24+AV24+AX24 -> 0 | AR24: =SUM(AN24:AQ24) -> 0 | BA24: =+AR24+AS24+AU24+AW24+AY24+AZ24 -> 0 | BB24: 0
AD25: =+AM25+BA25 -> 0 | AE25: - Change Blade (0x) | AG25: 0 | AM25: =SUM(AF25:AL25)+AT25+AV25+AX25 -> 0 | AR25: =SUM(AN25:AQ25) -> 0 | BA25: =+AR25+AS25+AU25+AW25+AY25+AZ25 -> 0 | BC25: 0
AD26: =+AM26+BA26 -> 0 | AE26: - Change Spool (0x) | AH26: 0 | AM26: =SUM(AF26:AL26)+AT26+AV26+AX26 -> 0 | AR26: =SUM(AN26:AQ26) -> 0 | BA26: =+AR26+AS26+AU26+AW26+AY26+AZ26 -> 0
AD27: =+AM27+BA27 -> 0 | AE27: - Cleaning | AI27: 0 | AM27: =SUM(AF27:AL27)+AT27+AV27+AX27 -> 0 | AR27: =SUM(AN27:AQ27) -> 0 | BA27: =+AR27+AS27+AU27+AW27+AY27+AZ27 -> 0
AD28: =+AM28+BA28 -> 0 | AE28: - Grinding Yankee | AM28: =SUM(AF28:AL28)+AT28+AV28+AX28 -> 0 | AR28: =SUM(AN28:AQ28) -> 0 | AZ28: =1440-1440 -> 0 | BA28: =+AR28+AS28+AU28+AW28+AY28+AZ28 -> 0
A30: 45966 | B30: STOP | C30: =(M30*E30*O30*Q30)/100000000 -> 0 | D30: VP OW | E30: 12 | F30: 1 | G30: 1230 | H30: =+N30 -> 0.23417344 | I30: 0.88 | J30: =E30*G30*(1-H30)*1440/1000000*2.74 -> 44.599484 | K30: =(IF(G30<L30,L30,G30)*(1-IF(H30<N30,H30,N30))*E30*O30*Q30)/100000000 -> 0 | L30: 1230 | M30: 941.96667 | N30: =1-(M30/L30) -> 0.23417344 | O30: =+'Trim Rwd'!H12 -> 266 | P30: =O30*(Q30-R30-S30) -> 0 | Q30: =1440-1440 -> 0 | R30: =1440-1440 -> 0 | S30: 0 | T30: =E30*M30*O30*Q30/100000000 -> 0 | U30: =E30*M30*O30*(Q30-R30-S30)/100000000 -> 0 | V30: =E30*G30*(1-N30)*O30/100*(R30+S30)/1000000 -> 0 | W30: 0 | X30: =SUM(W30:W34)/SUM(K30:K34) -> #DIV/0! | Y30: 0 | Z30: 0 | AA30: =SUM(U30:U34)-SUM(W30:W34)-SUM(Z30:Z34)-SUM(Y30:Y34) -> 0 | AB30: =(SUM(K30:K34)-SUM(W30:W34)-SUM(Y30:Y34)-SUM(Z30:Z34)-SUM(AC30:AC34)-SUM(V30:V34))-AA30 -> 0 | AC30: =K30-T30 -> 0 | AD30: =+AM30+BA30 -> 0 | AE30: - Sheet Breaks (0x) | AF30: 0 | AM30: =SUM(AF30:AL30)+AT30+AV30+AX30 -> 0 | AR30: =SUM(AN30:AQ30) -> 0 | BA30: =+AR30+AS30+AU30+AW30+AY30+AZ30 -> 0 | BB30: 0
AD31: =+AM31+BA31 -> 0 | AE31: - Change Blade (0x) | AG31: 0 | AM31: =SUM(AF31:AL31)+AT31+AV31+AX31 -> 0 | AR31: =SUM(AN31:AQ31) -> 0 | BA31: =+AR31+AS31+AU31+AW31+AY31+AZ31 -> 0 | BC31: 0
AD32: =+AM32+BA32 -> 0 | AE32: - Change Spool (0x) | AH32: 0 | AM32: =SUM(AF32:AL32)+AT32+AV32+AX32 -> 0 | AR32: =SUM(AN32:AQ32) -> 0 | BA32: =+AR32+AS32+AU32+AW32+AY32+AZ32 -> 0
AD33: =+AM33+BA33 -> 0 | AE33: - Cleaning | AI33: 0 | AM33: =SUM(AF33:AL33)+AT33+AV33+AX33 -> 0 | AR33: =SUM(AN33:AQ33) -> 0 | BA33: =+AR33+AS33+AU33+AW33+AY33+AZ33 -> 0
AD34: =+AM34+BA34 -> 0 | AE34: - Grinding Yankee | AM34: =SUM(AF34:AL34)+AT34+AV34+AX34 -> 0 | AR34: =SUM(AN34:AQ34) -> 0 | AZ34: =1440-1440 -> 0 | BA34: =+AR34+AS34+AU34+AW34+AY34+AZ34 -> 0
A36: 45967 | B36: STOP | C36: =(M36*E36*O36*Q36)/100000000 -> 0 | D36: VP OW | E36: 12 | F36: 1 | G36: 1230 | H36: =+N36 -> 0.23417344 | I36: 0.88 | J36: =E36*G36*(1-H36)*1440/1000000*2.74 -> 44.599484 | K36: =(IF(G36<L36,L36,G36)*(1-IF(H36<N36,H36,N36))*E36*O36*Q36)/100000000 -> 0 | L36: 1230 | M36: 941.96667 | N36: =1-(M36/L36) -> 0.23417344 | O36: =+'Trim Rwd'!H14 -> 266 | P36: =O36*(Q36-R36-S36) -> 0 | Q36: =1440-1440 -> 0 | R36: =1440-1440 -> 0 | S36: 0 | T36: =E36*M36*O36*Q36/100000000 -> 0 | U36: =E36*M36*O36*(Q36-R36-S36)/100000000 -> 0 | V36: =E36*G36*(1-N36)*O36/100*(R36+S36)/1000000 -> 0 | W36: 0 | X36: =SUM(W36:W40)/SUM(K36:K40) -> #DIV/0! | Y36: 0 | Z36: 0 | AA36: =SUM(U36:U40)-SUM(W36:W40)-SUM(Z36:Z40)-SUM(Y36:Y40) -> 0 | AB36: =(SUM(K36:K40)-SUM(W36:W40)-SUM(Y36:Y40)-SUM(Z36:Z40)-SUM(AC36:AC40)-SUM(V36:V40))-AA36 -> 0 | AC36: =K36-T36 -> 0 | AD36: =+AM36+BA36 -> 0 | AE36: - Sheet Breaks (0x) | AF36: 0 | AM36: =SUM(AF36:AL36)+AT36+AV36+AX36 -> 0 | AR36: =SUM(AN36:AQ36) -> 0 | BA36: =+AR36+AS36+AU36+AW36+AY36+AZ36 -> 0 | BB36: 0
AD37: =+AM37+BA37 -> 0 | AE37: - Change Blade (0x) | AG37: 0 | AM37: =SUM(AF37:AL37)+AT37+AV37+AX37 -> 0 | AR37: =SUM(AN37:AQ37) -> 0 | BA37: =+AR37+AS37+AU37+AW37+AY37+AZ37 -> 0 | BC37: 0
AD38: =+AM38+BA38 -> 0 | AE38: - Change Spool (0x) | AH38: 0 | AM38: =SUM(AF38:AL38)+AT38+AV38+AX38 -> 0 | AR38: =SUM(AN38:AQ38) -> 0 | BA38: =+AR38+AS38+AU38+AW38+AY38+AZ38 -> 0
AD39: =+AM39+BA39 -> 0 | AE39: - Cleaning | AI39: 0 | AM39: =SUM(AF39:AL39)+AT39+AV39+AX39 -> 0 | AR39: =SUM(AN39:AQ39) -> 0 | BA39: =+AR39+AS39+AU39+AW39+AY39+AZ39 -> 0
AD40: =+AM40+BA40 -> 0 | AE40: - Grinding Yankee | AM40: =SUM(AF40:AL40)+AT40+AV40+AX40 -> 0 | AR40: =SUM(AN40:AQ40) -> 0 | AZ40: =1440-1440 -> 0 | BA40: =+AR40+AS40+AU40+AW40+AY40+AZ40 -> 0
A42: 45968 | B42: STOP | C42: =(M42*E42*O42*Q42)/100000000 -> 0 | D42: VP OW | E42: 12 | F42: 1 | G42: 1230 | H42: =+N42 -> 0.23417344 | I42: 0.88 | J42: =E42*G42*(1-H42)*1440/1000000*2.74 -> 44.599484 | K42: =(IF(G42<L42,L42,G42)*(1-IF(H42<N42,H42,N42))*E42*O42*Q42)/100000000 -> 0 | L42: 1230 | M42: 941.96667 | N42: =1-(M42/L42) -> 0.23417344 | O42: =+'Trim Rwd'!H16 -> 266 | P42: =O42*(Q42-R42-S42) -> 0 | Q42: =1440-1440 -> 0 | R42: =1440-1440 -> 0 | S42: 0 | T42: =E42*M42*O42*Q42/100000000 -> 0 | U42: =E42*M42*O42*(Q42-R42-S42)/100000000 -> 0 | V42: =E42*G42*(1-N42)*O42/100*(R42+S42)/1000000 -> 0 | W42: 0 | X42: =SUM(W42:W46)/SUM(K42:K46) -> #DIV/0! | Y42: 0 | Z42: 0 | AA42: =SUM(U42:U46)-SUM(W42:W46)-SUM(Z42:Z46)-SUM(Y42:Y46) -> 0 | AB42: =(SUM(K42:K46)-SUM(W42:W46)-SUM(Y42:Y46)-SUM(Z42:Z46)-SUM(AC42:AC46)-SUM(V42:V46))-AA42 -> 0 | AC42: =K42-T42 -> 0 | AD42: =+AM42+BA42 -> 0 | AE42: - Sheet Breaks (0x) | AF42: 0 | AM42: =SUM(AF42:AL42)+AT42+AV42+AX42 -> 0 | AR42: =SUM(AN42:AQ42) -> 0 | BA42: =+AR42+AS42+AU42+AW42+AY42+AZ42 -> 0 | BB42: 0
AD43: =+AM43+BA43 -> 0 | AE43: - Change Blade (0x) | AG43: 0 | AM43: =SUM(AF43:AL43)+AT43+AV43+AX43 -> 0 | AR43: =SUM(AN43:AQ43) -> 0 | BA43: =+AR43+AS43+AU43+AW43+AY43+AZ43 -> 0 | BC43: 0
AD44: =+AM44+BA44 -> 0 | AE44: - Change Spool (0x) | AH44: 0 | AM44: =SUM(AF44:AL44)+AT44+AV44+AX44 -> 0 | AR44: =SUM(AN44:AQ44) -> 0 | BA44: =+AR44+AS44+AU44+AW44+AY44+AZ44 -> 0
AD45: =+AM45+BA45 -> 0 | AE45: - Cleaning | AI45: 0 | AM45: =SUM(AF45:AL45)+AT45+AV45+AX45 -> 0 | AR45: =SUM(AN45:AQ45) -> 0 | BA45: =+AR45+AS45+AU45+AW45+AY45+AZ45 -> 0
AD46: =+AM46+BA46 -> 0 | AE46: - Grinding Yankee | AM46: =SUM(AF46:AL46)+AT46+AV46+AX46 -> 0 | AR46: =SUM(AN46:AQ46) -> 0 | AZ46: =1440-1440 -> 0 | BA46: =+AR46+AS46+AU46+AW46+AY46+AZ46 -> 0
A48: 45969 | B48: STOP | C48: =(M48*E48*O48*Q48)/100000000 -> 0 | D48: VP OW | E48: 12 | F48: 1 | G48: 1230 | H48: =+N48 -> 0.23417344 | I48: 0.88 | J48: =E48*G48*(1-H48)*1440/1000000*2.74 -> 44.599484 | K48: =(IF(G48<L48,L48,G48)*(1-IF(H48<N48,H48,N48))*E48*O48*Q48)/100000000 -> 0 | L48: 1230 | M48: 941.96667 | N48: =1-(M48/L48) -> 0.23417344 | O48: =+'Trim Rwd'!H18 -> 266 | P48: =O48*(Q48-R48-S48) -> 0 | Q48: =1440-1440 -> 0 | R48: =1440-1440 -> 0 | S48: 0 | T48: =E48*M48*O48*Q48/100000000 -> 0 | U48: =E48*M48*O48*(Q48-R48-S48)/100000000 -> 0 | V48: =E48*G48*(1-N48)*O48/100*(R48+S48)/1000000 -> 0 | W48: 0 | X48: =SUM(W48:W52)/SUM(K48:K52) -> #DIV/0! | Y48: 0 | Z48: 0 | AA48: =SUM(U48:U52)-SUM(W48:W52)-SUM(Z48:Z52)-SUM(Y48:Y52) -> 0 | AB48: =(SUM(K48:K52)-SUM(W48:W52)-SUM(Y48:Y52)-SUM(Z48:Z52)-SUM(AC48:AC52)-SUM(V48:V52))-AA48 -> 0 | AC48: =K48-T48 -> 0 | AD48: =+AM48+BA48 -> 0 | AE48: - Sheet Breaks (0x) | AF48: 0 | AM48: =SUM(AF48:AL48)+AT48+AV48+AX48 -> 0 | AR48: =SUM(AN48:AQ48) -> 0 | BA48: =+AR48+AS48+AU48+AW48+AY48+AZ48 -> 0 | BB48: 0
AD49: =+AM49+BA49 -> 0 | AE49: - Change Blade (0x) | AG49: 0 | AM49: =SUM(AF49:AL49)+AT49+AV49+AX49 -> 0 | AR49: =SUM(AN49:AQ49) -> 0 | BA49: =+AR49+AS49+AU49+AW49+AY49+AZ49 -> 0 | BC49: 0
AD50: =+AM50+BA50 -> 0 | AE50: - Change Spool (0x) | AH50: 0 | AM50: =SUM(AF50:AL50)+AT50+AV50+AX50 -> 0 | AR50: =SUM(AN50:AQ50) -> 0 | BA50: =+AR50+AS50+AU50+AW50+AY50+AZ50 -> 0
AD51: =+AM51+BA51 -> 0 | AE51: - Cleaning | AI51: 0 | AM51: =SUM(AF51:AL51)+AT51+AV51+AX51 -> 0 | AR51: =SUM(AN51:AQ51) -> 0 | BA51: =+AR51+AS51+AU51+AW51+AY51+AZ51 -> 0
AD52: =+AM52+BA52 -> 0 | AE52: - Grinding Yankee | AM52: =SUM(AF52:AL52)+AT52+AV52+AX52 -> 0 | AR52: =SUM(AN52:AQ52) -> 0 | AZ52: =1440-1440 -> 0 | BA52: =+AR52+AS52+AU52+AW52+AY52+AZ52 -> 0
A54: 45970 | B54: STOP | C54: =(M54*E54*O54*Q54)/100000000 -> 0 | D54: VP OW | E54: 12 | F54: 1 | G54: 1230 | H54: =+N54 -> 0.23417344 | I54: 0.88 | J54: =E54*G54*(1-H54)*1440/1000000*2.74 -> 44.599484 | K54: =(IF(G54<L54,L54,G54)*(1-IF(H54<N54,H54,N54))*E54*O54*Q54)/100000000 -> 0 | L54: 1230 | M54: 941.96667 | N54: =1-(M54/L54) -> 0.23417344 | O54: =+'Trim Rwd'!H20 -> 266 | P54: =O54*(Q54-R54-S54) -> 0 | Q54: =1440-1440 -> 0 | R54: =1440-1440 -> 0 | S54: 0 | T54: =E54*M54*O54*Q54/100000000 -> 0 | U54: =E54*M54*O54*(Q54-R54-S54)/100000000 -> 0 | V54: =E54*G54*(1-N54)*O54/100*(R54+S54)/1000000 -> 0 | W54: 0 | X54: =SUM(W54:W58)/SUM(K54:K58) -> #DIV/0! | Y54: 0 | Z54: 0 | AA54: =SUM(U54:U58)-SUM(W54:W58)-SUM(Z54:Z58)-SUM(Y54:Y58) -> 0 | AB54: =(SUM(K54:K58)-SUM(W54:W58)-SUM(Y54:Y58)-SUM(Z54:Z58)-SUM(AC54:AC58)-SUM(V54:V58))-AA54 -> 0 | AC54: =K54-T54 -> 0 | AD54: =+AM54+BA54 -> 0 | AE54: - Sheet Breaks (0x) | AF54: 0 | AM54: =SUM(AF54:AL54)+AT54+AV54+AX54 -> 0 | AR54: =SUM(AN54:AQ54) -> 0 | BA54: =+AR54+AS54+AU54+AW54+AY54+AZ54 -> 0 | BB54: 0
AD55: =+AM55+BA55 -> 0 | AE55: - Change Blade (0x) | AG55: 0 | AM55: =SUM(AF55:AL55)+AT55+AV55+AX55 -> 0 | AR55: =SUM(AN55:AQ55) -> 0 | BA55: =+AR55+AS55+AU55+AW55+AY55+AZ55 -> 0 | BC55: 0
AD56: =+AM56+BA56 -> 0 | AE56: - Change Spool (0x) | AH56: 0 | AM56: =SUM(AF56:AL56)+AT56+AV56+AX56 -> 0 | AR56: =SUM(AN56:AQ56) -> 0 | BA56: =+AR56+AS56+AU56+AW56+AY56+AZ56 -> 0
AD57: =+AM57+BA57 -> 0 | AE57: - Cleaning | AI57: 0 | AM57: =SUM(AF57:AL57)+AT57+AV57+AX57 -> 0 | AR57: =SUM(AN57:AQ57) -> 0 | BA57: =+AR57+AS57+AU57+AW57+AY57+AZ57 -> 0
AD58: =+AM58+BA58 -> 0 | AE58: - Grinding Yankee | AM58: =SUM(AF58:AL58)+AT58+AV58+AX58 -> 0 | AR58: =SUM(AN58:AQ58) -> 0 | AZ58: =1440-1440 -> 0 | BA58: =+AR58+AS58+AU58+AW58+AY58+AZ58 -> 0
A60: 45971 | B60: STOP | C60: =(M60*E60*O60*Q60)/100000000 -> 0 | D60: VP OW | E60: 12 | F60: 1 | G60: 1230 | H60: =+N60 -> 0.23417344 | I60: 0.88 | J60: =E60*G60*(1-H60)*1440/1000000*2.74 -> 44.599484 | K60: =(IF(G60<L60,L60,G60)*(1-IF(H60<N60,H60,N60))*E60*O60*Q60)/100000000 -> 0 | L60: 1230 | M60: 941.96667 | N60: =1-(M60/L60) -> 0.23417344 | O60: =+'Trim Rwd'!H22 -> 266 | P60: =O60*(Q60-R60-S60) -> 0 | Q60: =1440-1440 -> 0 | R60: =1440-1440 -> 0 | S60: 0 | T60: =E60*M60*O60*Q60/100000000 -> 0 | U60: =E60*M60*O60*(Q60-R60-S60)/100000000 -> 0 | V60: =E60*G60*(1-N60)*O60/100*(R60+S60)/1000000 -> 0 | W60: 0 | X60: =SUM(W60:W64)/SUM(K60:K64) -> #DIV/0! | Y60: 0 | Z60: 0 | AA60: =SUM(U60:U64)-SUM(W60:W64)-SUM(Z60:Z64)-SUM(Y60:Y64) -> 0 | AB60: =(SUM(K60:K64)-SUM(W60:W64)-SUM(Y60:Y64)-SUM(Z60:Z64)-SUM(AC60:AC64)-SUM(V60:V64))-AA60 -> 0 | AC60: =K60-T60 -> 0 | AD60: =+AM60+BA60 -> 0 | AE60: - Sheet Breaks (0x) | AF60: 0 | AM60: =SUM(AF60:AL60)+AT60+AV60+AX60 -> 0 | AR60: =SUM(AN60:AQ60) -> 0 | BA60: =+AR60+AS60+AU60+AW60+AY60+AZ60 -> 0 | BB60: 0
AD61: =+AM61+BA61 -> 0 | AE61: - Change Blade (0x) | AG61: 0 | AM61: =SUM(AF61:AL61)+AT61+AV61+AX61 -> 0 | AR61: =SUM(AN61:AQ61) -> 0 | BA61: =+AR61+AS61+AU61+AW61+AY61+AZ61 -> 0 | BC61: 0
AD62: =+AM62+BA62 -> 0 | AE62: - Change Spool (0x) | AH62: 0 | AM62: =SUM(AF62:AL62)+AT62+AV62+AX62 -> 0 | AR62: =SUM(AN62:AQ62) -> 0 | BA62: =+AR62+AS62+AU62+AW62+AY62+AZ62 -> 0
AD63: =+AM63+BA63 -> 0 | AE63: - Cleaning | AI63: 0 | AM63: =SUM(AF63:AL63)+AT63+AV63+AX63 -> 0 | AR63: =SUM(AN63:AQ63) -> 0 | BA63: =+AR63+AS63+AU63+AW63+AY63+AZ63 -> 0
AD64: =+AM64+BA64 -> 0 | AE64: - Grinding Yankee | AM64: =SUM(AF64:AL64)+AT64+AV64+AX64 -> 0 | AR64: =SUM(AN64:AQ64) -> 0 | AZ64: =1440-1440 -> 0 | BA64: =+AR64+AS64+AU64+AW64+AY64+AZ64 -> 0
A66: 45972 | B66: STOP | C66: =(M66*E66*O66*Q66)/100000000 -> 0 | D66: VP OW | E66: 12 | F66: 1 | G66: 1230 | H66: =+N66 -> 0.23417344 | I66: 0.88 | J66: =E66*G66*(1-H66)*1440/1000000*2.74 -> 44.599484 | K66: =(IF(G66<L66,L66,G66)*(1-IF(H66<N66,H66,N66))*E66*O66*Q66)/100000000 -> 0 | L66: 1230 | M66: 941.96667 | N66: =1-(M66/L66) -> 0.23417344 | O66: =+'Trim Rwd'!H24 -> 266 | P66: =O66*(Q66-R66-S66) -> 0 | Q66: =1440-1440 -> 0 | R66: =1440-1440 -> 0 | S66: 0 | T66: =E66*M66*O66*Q66/100000000 -> 0 | U66: =E66*M66*O66*(Q66-R66-S66)/100000000 -> 0 | V66: =E66*G66*(1-N66)*O66/100*(R66+S66)/1000000 -> 0 | W66: 0 | X66: =SUM(W66:W70)/SUM(K66:K70) -> #DIV/0! | Y66: 0 | Z66: 0 | AA66: =SUM(U66:U70)-SUM(W66:W70)-SUM(Z66:Z70)-SUM(Y66:Y70) -> 0 | AB66: =(SUM(K66:K70)-SUM(W66:W70)-SUM(Y66:Y70)-SUM(Z66:Z70)-SUM(AC66:AC70)-SUM(V66:V70))-AA66 -> 0 | AC66: =K66-T66 -> 0 | AD66: =+AM66+BA66 -> 0 | AE66: - Sheet Breaks (0x) | AF66: 0 | AM66: =SUM(AF66:AL66)+AT66+AV66+AX66 -> 0 | AR66: =SUM(AN66:AQ66) -> 0 | BA66: =+AR66+AS66+AU66+AW66+AY66+AZ66 -> 0 | BB66: 0
AD67: =+AM67+BA67 -> 0 | AE67: - Change Blade (0x) | AG67: 0 | AM67: =SUM(AF67:AL67)+AT67+AV67+AX67 -> 0 | AR67: =SUM(AN67:AQ67) -> 0 | BA67: =+AR67+AS67+AU67+AW67+AY67+AZ67 -> 0 | BC67: 0
AD68: =+AM68+BA68 -> 0 | AE68: - Change Spool (0x) | AH68: 0 | AM68: =SUM(AF68:AL68)+AT68+AV68+AX68 -> 0 | AR68: =SUM(AN68:AQ68) -> 0 | BA68: =+AR68+AS68+AU68+AW68+AY68+AZ68 -> 0
AD69: =+AM69+BA69 -> 0 | AE69: - Cleaning | AI69: 0 | AM69: =SUM(AF69:AL69)+AT69+AV69+AX69 -> 0 | AR69: =SUM(AN69:AQ69) -> 0 | BA69: =+AR69+AS69+AU69+AW69+AY69+AZ69 -> 0
AD70: =+AM70+BA70 -> 0 | AE70: - Grinding Yankee | AM70: =SUM(AF70:AL70)+AT70+AV70+AX70 -> 0 | AR70: =SUM(AN70:AQ70) -> 0 | AZ70: =1440-1440 -> 0 | BA70: =+AR70+AS70+AU70+AW70+AY70+AZ70 -> 0
A72: 45973 | B72: STOP | C72: =(M72*E72*O72*Q72)/100000000 -> 0 | D72: VP OW | E72: 12 | F72: 1 | G72: 1230 | H72: =+N72 -> 0.23417344 | I72: 0.88 | J72: =E72*G72*(1-H72)*1440/1000000*2.74 -> 44.599484 | K72: =(IF(G72<L72,L72,G72)*(1-IF(H72<N72,H72,N72))*E72*O72*Q72)/100000000 -> 0 | L72: 1230 | M72: 941.96667 | N72: =1-(M72/L72) -> 0.23417344 | O72: =+'Trim Rwd'!H26 -> 266 | P72: =O72*(Q72-R72-S72) -> 0 | Q72: =1440-1440 -> 0 | R72: =1440-1440 -> 0 | S72: 0 | T72: =E72*M72*O72*Q72/100000000 -> 0 | U72: =E72*M72*O72*(Q72-R72-S72)/100000000 -> 0 | V72: =E72*G72*(1-N72)*O72/100*(R72+S72)/1000000 -> 0 | W72: 0 | X72: =SUM(W72:W76)/SUM(K72:K76) -> #DIV/0! | Y72: 0 | Z72: 0 | AA72: =SUM(U72:U76)-SUM(W72:W76)-SUM(Z72:Z76)-SUM(Y72:Y76) -> 0 | AB72: =(SUM(K72:K76)-SUM(W72:W76)-SUM(Y72:Y76)-SUM(Z72:Z76)-SUM(AC72:AC76)-SUM(V72:V76))-AA72 -> 0 | AC72: =K72-T72 -> 0 | AD72: =+AM72+BA72 -> 0 | AE72: - Sheet Breaks (0x) | AF72: 0 | AM72: =SUM(AF72:AL72)+AT72+AV72+AX72 -> 0 | AR72: =SUM(AN72:AQ72) -> 0 | BA72: =+AR72+AS72+AU72+AW72+AY72+AZ72 -> 0 | BB72: 0
AD73: =+AM73+BA73 -> 0 | AE73: - Change Blade (0x) | AG73: 0 | AM73: =SUM(AF73:AL73)+AT73+AV73+AX73 -> 0 | AR73: =SUM(AN73:AQ73) -> 0 | BA73: =+AR73+AS73+AU73+AW73+AY73+AZ73 -> 0 | BC73: 0
AD74: =+AM74+BA74 -> 0 | AE74: - Change Spool (0x) | AH74: 0 | AM74: =SUM(AF74:AL74)+AT74+AV74+AX74 -> 0 | AR74: =SUM(AN74:AQ74) -> 0 | BA74: =+AR74+AS74+AU74+AW74+AY74+AZ74 -> 0
AD75: =+AM75+BA75 -> 0 | AE75: - Cleaning | AI75: 0 | AM75: =SUM(AF75:AL75)+AT75+AV75+AX75 -> 0 | AR75: =SUM(AN75:AQ75) -> 0 | BA75: =+AR75+AS75+AU75+AW75+AY75+AZ75 -> 0
AD76: =+AM76+BA76 -> 0 | AE76: - Grinding Yankee | AM76: =SUM(AF76:AL76)+AT76+AV76+AX76 -> 0 | AR76: =SUM(AN76:AQ76) -> 0 | AZ76: =1440-1440 -> 0 | BA76: =+AR76+AS76+AU76+AW76+AY76+AZ76 -> 0
A78: 45974 | B78: STOP | C78: =(M78*E78*O78*Q78)/100000000 -> 0 | D78: VP OW | E78: 12 | F78: 1 | G78: 1230 | H78: =+N78 -> 0.23417344 | I78: 0.88 | J78: =E78*G78*(1-H78)*1440/1000000*2.74 -> 44.599484 | K78: =(IF(G78<L78,L78,G78)*(1-IF(H78<N78,H78,N78))*E78*O78*Q78)/100000000 -> 0 | L78: 1230 | M78: 941.96667 | N78: =1-(M78/L78) -> 0.23417344 | O78: =+'Trim Rwd'!H28 -> 266 | P78: =O78*(Q78-R78-S78) -> 0 | Q78: =1440-1440 -> 0 | R78: =1440-1440 -> 0 | S78: 0 | T78: =E78*M78*O78*Q78/100000000 -> 0 | U78: =E78*M78*O78*(Q78-R78-S78)/100000000 -> 0 | V78: =E78*G78*(1-N78)*O78/100*(R78+S78)/1000000 -> 0 | W78: 0 | X78: =SUM(W78:W82)/SUM(K78:K82) -> #DIV/0! | Y78: 0 | Z78: 0 | AA78: =SUM(U78:U82)-SUM(W78:W82)-SUM(Z78:Z82)-SUM(Y78:Y82) -> 0 | AB78: =(SUM(K78:K82)-SUM(W78:W82)-SUM(Y78:Y82)-SUM(Z78:Z82)-SUM(AC78:AC82)-SUM(V78:V82))-AA78 -> 0 | AC78: =K78-T78 -> 0 | AD78: =+AM78+BA78 -> 0 | AE78: - Sheet Breaks (0x) | AF78: 0 | AM78: =SUM(AF78:AL78)+AT78+AV78+AX78 -> 0 | AR78: =SUM(AN78:AQ78) -> 0 | BA78: =+AR78+AS78+AU78+AW78+AY78+AZ78 -> 0 | BB78: 0
AD79: =+AM79+BA79 -> 0 | AE79: - Change Blade (0x) | AG79: 0 | AM79: =SUM(AF79:AL79)+AT79+AV79+AX79 -> 0 | AR79: =SUM(AN79:AQ79) -> 0 | BA79: =+AR79+AS79+AU79+AW79+AY79+AZ79 -> 0 | BC79: 0
AD80: =+AM80+BA80 -> 0 | AE80: - Change Spool (0x) | AH80: 0 | AM80: =SUM(AF80:AL80)+AT80+AV80+AX80 -> 0 | AR80: =SUM(AN80:AQ80) -> 0 | BA80: =+AR80+AS80+AU80+AW80+AY80+AZ80 -> 0
AD81: =+AM81+BA81 -> 0 | AE81: - Cleaning | AI81: 0 | AM81: =SUM(AF81:AL81)+AT81+AV81+AX81 -> 0 | AR81: =SUM(AN81:AQ81) -> 0 | BA81: =+AR81+AS81+AU81+AW81+AY81+AZ81 -> 0
AD82: =+AM82+BA82 -> 0 | AE82: - Grinding Yankee | AM82: =SUM(AF82:AL82)+AT82+AV82+AX82 -> 0 | AR82: =SUM(AN82:AQ82) -> 0 | AZ82: =1440-1440 -> 0 | BA82: =+AR82+AS82+AU82+AW82+AY82+AZ82 -> 0
A84: 45975 | B84: STOP | C84: =(M84*E84*O84*Q84)/100000000 -> 0 | D84: VP OW | E84: 12 | F84: 1 | G84: 1230 | H84: =+N84 -> 0.23417344 | I84: 0.88 | J84: =E84*G84*(1-H84)*1440/1000000*2.74 -> 44.599484 | K84: =(IF(G84<L84,L84,G84)*(1-IF(H84<N84,H84,N84))*E84*O84*Q84)/100000000 -> 0 | L84: 1230 | M84: 941.96667 | N84: =1-(M84/L84) -> 0.23417344 | O84: =+'Trim Rwd'!H30 -> 266 | P84: =O84*(Q84-R84-S84) -> 0 | Q84: =1440-1440 -> 0 | R84: =1440-1440 -> 0 | S84: 0 | T84: =E84*M84*O84*Q84/100000000 -> 0 | U84: =E84*M84*O84*(Q84-R84-S84)/100000000 -> 0 | V84: =E84*G84*(1-N84)*O84/100*(R84+S84)/1000000 -> 0 | W84: 0 | X84: =SUM(W84:W88)/SUM(K84:K88) -> #DIV/0! | Y84: 0 | Z84: 0 | AA84: =SUM(U84:U88)-SUM(W84:W88)-SUM(Z84:Z88)-SUM(Y84:Y88) -> 0 | AB84: =(SUM(K84:K88)-SUM(W84:W88)-SUM(Y84:Y88)-SUM(Z84:Z88)-SUM(AC84:AC88)-SUM(V84:V88))-AA84 -> 0 | AC84: =K84-T84 -> 0 | AD84: =+AM84+BA84 -> 0 | AE84: - Sheet Breaks (0x) | AF84: 0 | AM84: =SUM(AF84:AL84)+AT84+AV84+AX84 -> 0 | AR84: =SUM(AN84:AQ84) -> 0 | BA84: =+AR84+AS84+AU84+AW84+AY84+AZ84 -> 0 | BB84: 0
AD85: =+AM85+BA85 -> 0 | AE85: - Change Blade (0x) | AG85: 0 | AM85: =SUM(AF85:AL85)+AT85+AV85+AX85 -> 0 | AR85: =SUM(AN85:AQ85) -> 0 | BA85: =+AR85+AS85+AU85+AW85+AY85+AZ85 -> 0 | BC85: 0
AD86: =+AM86+BA86 -> 0 | AE86: - Change Spool (0x) | AH86: 0 | AM86: =SUM(AF86:AL86)+AT86+AV86+AX86 -> 0 | AR86: =SUM(AN86:AQ86) -> 0 | BA86: =+AR86+AS86+AU86+AW86+AY86+AZ86 -> 0
AD87: =+AM87+BA87 -> 0 | AE87: - Cleaning | AI87: 0 | AM87: =SUM(AF87:AL87)+AT87+AV87+AX87 -> 0 | AR87: =SUM(AN87:AQ87) -> 0 | BA87: =+AR87+AS87+AU87+AW87+AY87+AZ87 -> 0
AD88: =+AM88+BA88 -> 0 | AE88: - Grinding Yankee | AM88: =SUM(AF88:AL88)+AT88+AV88+AX88 -> 0 | AR88: =SUM(AN88:AQ88) -> 0 | AZ88: =1440-1440 -> 0 | BA88: =+AR88+AS88+AU88+AW88+AY88+AZ88 -> 0
A90: 45976 | B90: STOP | C90: =(M90*E90*O90*Q90)/100000000 -> 0 | D90: VP OW | E90: 12 | F90: 1 | G90: 1230 | H90: =+N90 -> 0.23417344 | I90: 0.88 | J90: =E90*G90*(1-H90)*1440/1000000*2.74 -> 44.599484 | K90: =(IF(G90<L90,L90,G90)*(1-IF(H90<N90,H90,N90))*E90*O90*Q90)/100000000 -> 0 | L90: 1230 | M90: 941.96667 | N90: =1-(M90/L90) -> 0.23417344 | O90: =+'Trim Rwd'!H32 -> 266 | P90: =O90*(Q90-R90-S90) -> 0 | Q90: =1440-1440 -> 0 | R90: =1440-1440 -> 0 | S90: 0 | T90: =E90*M90*O90*Q90/100000000 -> 0 | U90: =E90*M90*O90*(Q90-R90-S90)/100000000 -> 0 | V90: =E90*G90*(1-N90)*O90/100*(R90+S90)/1000000 -> 0 | W90: 0 | X90: =SUM(W90:W94)/SUM(K90:K94) -> #DIV/0! | Y90: 0 | Z90: 0 | AA90: =SUM(U90:U94)-SUM(W90:W94)-SUM(Z90:Z94)-SUM(Y90:Y94) -> 0 | AB90: =(SUM(K90:K94)-SUM(W90:W94)-SUM(Y90:Y94)-SUM(Z90:Z94)-SUM(AC90:AC94)-SUM(V90:V94))-AA90 -> 0 | AC90: =K90-T90 -> 0 | AD90: =+AM90+BA90 -> 0 | AE90: - Sheet Breaks (0x) | AF90: 0 | AM90: =SUM(AF90:AL90)+AT90+AV90+AX90 -> 0 | AR90: =SUM(AN90:AQ90) -> 0 | BA90: =+AR90+AS90+AU90+AW90+AY90+AZ90 -> 0 | BB90: 0
AD91: =+AM91+BA91 -> 0 | AE91: - Change Blade (0x) | AG91: 0 | AM91: =SUM(AF91:AL91)+AT91+AV91+AX91 -> 0 | AR91: =SUM(AN91:AQ91) -> 0 | BA91: =+AR91+AS91+AU91+AW91+AY91+AZ91 -> 0 | BC91: 0
AD92: =+AM92+BA92 -> 0 | AE92: - Change Spool (0x) | AH92: 0 | AM92: =SUM(AF92:AL92)+AT92+AV92+AX92 -> 0 | AR92: =SUM(AN92:AQ92) -> 0 | BA92: =+AR92+AS92+AU92+AW92+AY92+AZ92 -> 0
AD93: =+AM93+BA93 -> 0 | AE93: - Cleaning | AI93: 0 | AM93: =SUM(AF93:AL93)+AT93+AV93+AX93 -> 0 | AR93: =SUM(AN93:AQ93) -> 0 | BA93: =+AR93+AS93+AU93+AW93+AY93+AZ93 -> 0
AD94: =+AM94+BA94 -> 0 | AE94: - Grinding Yankee | AM94: =SUM(AF94:AL94)+AT94+AV94+AX94 -> 0 | AR94: =SUM(AN94:AQ94) -> 0 | AZ94: =1440-1440 -> 0 | BA94: =+AR94+AS94+AU94+AW94+AY94+AZ94 -> 0
A96: 45977 | B96: Facial | C96: =(M96*E96*O96*Q96)/100000000 -> 26.773468 | D96: VP OW | E96: 12 | F96: 1 | G96: 1230 | H96: =+N96 -> 0.23 | I96: 0.88 | J96: =E96*G96*(1-H96)*1440/1000000*2.74 -> 44.842533 | K96: =(IF(G96<L96,L96,G96)*(1-IF(H96<N96,H96,N96))*E96*O96*Q96)/100000000 -> 38.485408 | L96: 855.68445 | M96: 658.87703 | N96: =1-(M96/L96) -> 0.23 | O96: =+'Trim Rwd'!H34 -> 262.5 | P96: =O96*(Q96-R96-S96) -> 323925 | Q96: =1440-150 -> 1290 | R96: =150-150 -> 0 | S96: 56 | T96: =E96*M96*O96*Q96/100000000 -> 26.773468 | U96: =E96*M96*O96*(Q96-R96-S96)/100000000 -> 25.611209 | V96: =E96*G96*(1-N96)*O96/100*(R96+S96)/1000000 -> 1.6706844 | W96: =+'16'!K7/1000 -> 22.441 | X96: =SUM(W96:W100)/SUM(K96:K100) -> 0.58310411 | Y96: 0 | Z96: 0 | AA96: =SUM(U96:U100)-SUM(W96:W100)-SUM(Z96:Z100)-SUM(Y96:Y100) -> 3.170209 | AB96: =(SUM(K96:K100)-SUM(W96:W100)-SUM(Y96:Y100)-SUM(Z96:Z100)-SUM(AC96:AC100)-SUM(V96:V100))-AA96 -> -0.50842532 | AC96: =K96-T96 -> 11.71194 | AD96: =+AM96+BA96 -> 9 | AE96: - Sheet Breaks (3x) | AF96: 9 | AM96: =SUM(AF96:AL96)+AT96+AV96+AX96 -> 9 | AR96: =SUM(AN96:AQ96) -> 0 | BA96: =+AR96+AS96+AU96+AW96+AY96+AZ96 -> 0 | BB96: 3
AD97: =+AM97+BA97 -> 12 | AE97: - Change Blade (6x) | AG97: 12 | AM97: =SUM(AF97:AL97)+AT97+AV97+AX97 -> 12 | AR97: =SUM(AN97:AQ97) -> 0 | BA97: =+AR97+AS97+AU97+AW97+AY97+AZ97 -> 0 | BC97: 6
AD98: =+AM98+BA98 -> 35 | AE98: - Change Spool (18x) | AH98: 35 | AM98: =SUM(AF98:AL98)+AT98+AV98+AX98 -> 35 | AR98: =SUM(AN98:AQ98) -> 0 | BA98: =+AR98+AS98+AU98+AW98+AY98+AZ98 -> 0
AD99: =+AM99+BA99 -> 0 | AE99: - Cleaning | AI99: 0 | AM99: =SUM(AF99:AL99)+AT99+AV99+AX99 -> 0 | AR99: =SUM(AN99:AQ99) -> 0 | BA99: =+AR99+AS99+AU99+AW99+AY99+AZ99 -> 0
AD100: =+AM100+BA100 -> 0 | AE100: - Grinding Yankee | AM100: =SUM(AF100:AL100)+AT100+AV100+AX100 -> 0 | AR100: =SUM(AN100:AQ100) -> 0 | AZ100: =150-150 -> 0 | BA100: =+AR100+AS100+AU100+AW100+AY100+AZ100 -> 0
A102: 45978 | B102: Facial | C102: =(M102*E102*O102*Q102)/100000000 -> 36.942305 | D102: VP OW | E102: 12 | F102: 1 | G102: 1230 | H102: =+N102 -> 0.23 | I102: 0.88 | J102: =E102*G102*(1-H102)*1440/1000000*2.74 -> 44.842533 | K102: =(IF(G102<L102,L102,G102)*(1-IF(H102<N102,H102,N102))*E102*O102*Q102)/100000000 -> 42.960456 | L102: 1057.6944 | M102: 814.42472 | N102: =1-(M102/L102) -> 0.23 | O102: =+'Trim Rwd'!H36 -> 262.5 | P102: =O102*(Q102-R102-S102) -> 360150 | Q102: 1440 | R102: 0 | S102: 68 | T102: =E102*M102*O102*Q102/100000000 -> 36.942305 | U102: =E102*M102*O102*(Q102-R102-S102)/100000000 -> 35.197808 | V102: =E102*G102*(1-N102)*O102/100*(R102+S102)/1000000 -> 2.0286882 | W102: =+'17'!K7/1000 -> 25.547 | X102: =SUM(W102:W106)/SUM(K102:K106) -> 0.59466315 | Y102: 0 | Z102: =+'17'!D34/1000 -> 2.912 | AA102: =SUM(U102:U106)-SUM(W102:W106)-SUM(Z102:Z106)-SUM(Y102:Y106) -> 6.7388076 | AB102: =(SUM(K102:K106)-SUM(W102:W106)-SUM(Y102:Y106)-SUM(Z102:Z106)-SUM(AC102:AC106)-SUM(V102:V106))-AA102 -> -0.28419045 | AC102: =K102-T102 -> 6.0181506 | AD102: =+AM102+BA102 -> 24 | AE102: - Sheet Breaks (8x) | AF102: 24 | AM102: =SUM(AF102:AL102)+AT102+AV102+AX102 -> 24 | AR102: =SUM(AN102:AQ102) -> 0 | BA102: =+AR102+AS102+AU102+AW102+AY102+AZ102 -> 0 | BB102: 8
AD103: =+AM103+BA103 -> 10 | AE103: - Change Blade (7x) | AG103: 10 | AM103: =SUM(AF103:AL103)+AT103+AV103+AX103 -> 10 | AR103: =SUM(AN103:AQ103) -> 0 | BA103: =+AR103+AS103+AU103+AW103+AY103+AZ103 -> 0 | BC103: 7
AD104: =+AM104+BA104 -> 34 | AE104: - Change Spool (26x) | AH104: 34 | AM104: =SUM(AF104:AL104)+AT104+AV104+AX104 -> 34 | AR104: =SUM(AN104:AQ104) -> 0 | BA104: =+AR104+AS104+AU104+AW104+AY104+AZ104 -> 0
AD105: =+AM105+BA105 -> 0 | AE105: - Cleaning | AI105: 0 | AM105: =SUM(AF105:AL105)+AT105+AV105+AX105 -> 0 | AR105: =SUM(AN105:AQ105) -> 0 | BA105: =+AR105+AS105+AU105+AW105+AY105+AZ105 -> 0
A107: 45979 | B107: Facial | C107: =(M107*E107*O107*Q107)/100000000 -> 38.31774 | D107: VP OW | E107: 12 | F107: 1 | G107: 1230 | H107: =+N107 -> 0.23362041 | I107: 0.88 | J107: =E107*G107*(1-H107)*1440/1000000*2.74 -> 44.631691 | K107: =(IF(G107<L107,L107,G107)*(1-IF(H107<N107,H107,N107))*E107*O107*Q107)/100000000 -> 39.518104 | L107: 1192.6387 | M107: 914.01394 | N107: =1-(M107/L107) -> 0.23362041 | O107: =+'Trim Rwd'!H38 -> 261.88462 | P107: =O107*(Q107-R107-S107) -> 335997.96 | Q107: =1404-70 -> 1334 | R107: =70-70 -> 0 | S107: =56-5 -> 51 | T107: =E107*M107*O107*Q107/100000000 -> 38.31774 | U107: =E107*M107*O107*(Q107-R107-S107)/100000000 -> 36.852819 | V107: =E107*G107*(1-N107)*O107/100*(R107+S107)/1000000 -> 1.5108121 | W107: =+'18'!K7/1000 -> 34.367 | X107: =SUM(W107:W111)/SUM(K107:K111) -> 0.84897981 | Y107: 0 | Z107: =+'17'!D39/1000 -> 0 | AA107: =SUM(U107:U111)-SUM(W107:W111)-SUM(Z107:Z111)-SUM(Y107:Y111) -> 3.2738127 | AB107: =(SUM(K107:K111)-SUM(W107:W111)-SUM(Y107:Y111)-SUM(Z107:Z111)-SUM(AC107:AC111)-SUM(V107:V111))-AA107 -> -0.052440466 | AC107: =K107-T107 -> 1.2003646 | AD107: =+AM107+BA107 -> 24 | AE107: - Sheet Breaks (9x) | AF107: 24 | AM107: =SUM(AF107:AL107)+AT107+AV107+AX107 -> 24 | AR107: =SUM(AN107:AQ107) -> 0 | BA107: =+AR107+AS107+AU107+AW107+AY107+AZ107 -> 0 | BB107: 9
B108: Facial | C108: =(M108*E108*O108*Q108)/100000000 -> 0.91508988 | D108: VP OW | E108: 10.3 | F108: 1 | G108: 1230 | H108: =+N108 -> 0.23 | I108: 0.88 | J108: =E108*G108*(1-H108)*1440/1000000*2.74 -> 38.489841 | K108: =(IF(G108<L108,L108,G108)*(1-IF(H108<N108,H108,N108))*E108*O108*Q108)/100000000 -> 0.96224602 | L108: 1169.7222 | M108: 900.68611 | N108: =1-(M108/L108) -> 0.23 | O108: 274 | P108: =O108*(Q108-R108-S108) -> 8494 | Q108: 36 | R108: 0 | S108: 5 | T108: =E108*M108*O108*Q108/100000000 -> 0.91508988 | U108: =E108*M108*O108*(Q108-R108-S108)/100000000 -> 0.78799407 | V108: =E108*G108*(1-N108)*O108/100*(R108+S108)/1000000 -> 0.13364528 | W108: =+'16'!K19/1000 -> 0 | AC108: =K108-T108 -> 0.04715614 | AD108: =+AM108+BA108 -> 2 | AE108: - Change Blade (1x) | AG108: 2 | AM108: =SUM(AF108:AL108)+AT108+AV108+AX108 -> 2 | AR108: =SUM(AN108:AQ108) -> 0 | BA108: =+AR108+AS108+AU108+AW108+AY108+AZ108 -> 0 | BC108: 1
AD109: =+AM109+BA109 -> 30 | AE109: - Change Spool (27x) | AH109: 30 | AM109: =SUM(AF109:AL109)+AT109+AV109+AX109 -> 30 | AR109: =SUM(AN109:AQ109) -> 0 | BA109: =+AR109+AS109+AU109+AW109+AY109+AZ109 -> 0
AD110: =+AM110+BA110 -> 0 | AE110: - 13:35 pm stop cek permukaan yankee | AI110: 0 | AM110: =SUM(AF110:AL110)+AT110+AV110+AX110 -> 0 | AR110: =SUM(AN110:AQ110) -> 0 | AZ110: =70-70 -> 0 | BA110: =+AR110+AS110+AU110+AW110+AY110+AZ110 -> 0
A112: 45980 | B112: Facial | C112: =(M112*E112*O112*Q112)/100000000 -> 22.967954 | D112: VP OW | E112: 12 | F112: 1 | G112: 1230 | H112: =+N112 -> 0.23390089 | I112: 0.88 | J112: =E112*G112*(1-H112)*1440/1000000*2.74 -> 44.615357 | K112: =(IF(G112<L112,L112,G112)*(1-IF(H112<N112,H112,N112))*E112*O112*Q112)/100000000 -> 22.967954 | L112: 1230 | M112: 942.30191 | N112: =1-(M112/L112) -> 0.23390089 | O112: =+'Trim Rwd'!H41 -> 258.09302 | P112: =O112*(Q112-R112-S112) -> 195634.51 | Q112: =1440-653 -> 787 | R112: =653-653 -> 0 | S112: 29 | T112: =E112*M112*O112*Q112/100000000 -> 22.967954 | U112: =E112*M112*O112*(Q112-R112-S112)/100000000 -> 22.121613 | V112: =E112*G112*(1-N112)*O112/100*(R112+S112)/1000000 -> 0.84634139 | W112: =+'19'!K7/1000 -> 25.437 | X112: =SUM(W112:W116)/SUM(K112:K116) -> 1.1074996 | Y112: 0 | Z112: =+'17'!D44/1000 -> 0 | AA112: =SUM(U112:U116)-SUM(W112:W116)-SUM(Z112:Z116)-SUM(Y112:Y116) -> -3.3153872 | AB112: =(SUM(K112:K116)-SUM(W112:W116)-SUM(Y112:Y116)-SUM(Z112:Z116)-SUM(AC112:AC116)-SUM(V112:V116))-AA112 -> 0 | AC112: =K112-T112 -> 0 | AD112: =+AM112+BA112 -> 9 | AE112: - Sheet Breaks (3x) | AF112: 9 | AM112: =SUM(AF112:AL112)+AT112+AV112+AX112 -> 9 | AR112: =SUM(AN112:AQ112) -> 0 | BA112: =+AR112+AS112+AU112+AW112+AY112+AZ112 -> 0 | BB112: 3
AD113: =+AM113+BA113 -> 4 | AE113: - Change Blade (2x) | AG113: 4 | AM113: =SUM(AF113:AL113)+AT113+AV113+AX113 -> 4 | AR113: =SUM(AN113:AQ113) -> 0 | BA113: =+AR113+AS113+AU113+AW113+AY113+AZ113 -> 0 | BC113: 2
AD114: =+AM114+BA114 -> 16 | AE114: - Change Spool (16x) | AH114: 16 | AM114: =SUM(AF114:AL114)+AT114+AV114+AX114 -> 16 | AR114: =SUM(AN114:AQ114) -> 0 | BA114: =+AR114+AS114+AU114+AW114+AY114+AZ114 -> 0
AD115: =+AM115+BA115 -> 0 | AE115: - 20:07 pm stop , proses pendinginan yankee | AI115: 0 | AM115: =SUM(AF115:AL115)+AT115+AV115+AX115 -> 0 | AR115: =SUM(AN115:AQ115) -> 0 | AZ115: =653-653 -> 0 | BA115: =+AR115+AS115+AU115+AW115+AY115+AZ115 -> 0
A117: 45981 | B117: Facial | C117: =(M117*E117*O117*Q117)/100000000 -> 17.350376 | D117: VP OW | E117: 13 | F117: 1 | G117: 1230 | H117: =+N117 -> 0.23180279 | I117: 0.88 | J117: =E117*G117*(1-H117)*1440/1000000*2.74 -> 48.465672 | K117: =(IF(G117<L117,L117,G117)*(1-IF(H117<N117,H117,N117))*E117*O117*Q117)/100000000 -> 18.697903 | L117: 1141.3559 | M117: 876.78644 | N117: =1-(M117/L117) -> 0.23180279 | O117: =+'Trim Rwd'!H44 -> 258 | P117: =O117*(Q117-R117-S117) -> 146802 | Q117: =1313-723 -> 590 | R117: =723-723 -> 0 | S117: 21 | T117: =E117*M117*O117*Q117/100000000 -> 17.350376 | U117: =E117*M117*O117*(Q117-R117-S117)/100000000 -> 16.73282 | V117: =E117*G117*(1-N117)*O117/100*(R117+S117)/1000000 -> 0.66551859 | W117: =+'20'!K8/1000 -> 8.581 | X117: =SUM(W117:W121)/SUM(K117:K121) -> 0.51061851 | Y117: 0 | Z117: =+'20'!D25/1000 -> 0.168 | AA117: =SUM(U117:U121)-SUM(W117:W121)-SUM(Z117:Z121)-SUM(Y117:Y121) -> 8.2646693 | AB117: =(SUM(K117:K121)-SUM(W117:W121)-SUM(Y117:Y121)-SUM(Z117:Z121)-SUM(AC117:AC121)-SUM(V117:V121))-AA117 -> -0.096522612 | AC117: =K117-T117 -> 1.347527 | AD117: =+AM117+BA117 -> 14 | AE117: - Sheet Breaks (5x) | AF117: 14 | AM117: =SUM(AF117:AL117)+AT117+AV117+AX117 -> 14 | AR117: =SUM(AN117:AQ117) -> 0 | BA117: =+AR117+AS117+AU117+AW117+AY117+AZ117 -> 0 | BB117: 5
B118: Facial | C118: =(M118*E118*O118*Q118)/100000000 -> 3.8044086 | D118: VP OW | E118: 14 | F118: 1 | G118: 1230 | H118: =+N118 -> 0.24 | I118: 0.88 | J118: =E118*G118*(1-H118)*1440/1000000*2.74 -> 51.636856 | K118: =(IF(G118<L118,L118,G118)*(1-IF(H118<N118,H118,N118))*E118*O118*Q118)/100000000 -> 4.4211179 | L118: 1058.4252 | M118: 804.40315 | N118: =1-(M118/L118) -> 0.24 | O118: =+'Trim Rwd'!H45 -> 266 | P118: =O118*(Q118-R118-S118) -> 31122 | Q118: 127 | R118: 0 | S118: 10 | T118: =E118*M118*O118*Q118/100000000 -> 3.8044086 | U118: =E118*M118*O118*(Q118-R118-S118)/100000000 -> 3.5048489 | V118: =E118*G118*(1-N118)*O118/100*(R118+S118)/1000000 -> 0.34811952 | W118: =+'20'!K9/1000 -> 3.224 | AC118: =K118-T118 -> 0.6167093 | AD118: =+AM118+BA118 -> 0 | AE118: - Change Blade (0x) | AG118: 0 | AM118: =SUM(AF118:AL118)+AT118+AV118+AX118 -> 0 | AR118: =SUM(AN118:AQ118) -> 0 | BA118: =+AR118+AS118+AU118+AW118+AY118+AZ118 -> 0 | BC118: 0
AD119: =+AM119+BA119 -> 17 | AE119: - Change Spool (14x) | AH119: 17 | AM119: =SUM(AF119:AL119)+AT119+AV119+AX119 -> 17 | AR119: =SUM(AN119:AQ119) -> 0 | BA119: =+AR119+AS119+AU119+AW119+AY119+AZ119 -> 0
...

Sheet Chem
A4: CHEMICAL DAILY REPORT PM 14
F5: Paper Mill's Chemicals | GD5: Deinking's Chemicals | KT5: Paper mill's Chemicals | KU5: Deinking's Chemicals
A6: DATE | B6: GRADE | C6: GSM | D6: REEL PROD (TON) | E6: REW PROD (TON) | F6: AMIBOND DS 947 | I6: AMIBOND WS 418 | L6: WSR RESIN P-5500 | O6: AMICIDE BX 9127 | R6: AMICIDE BX 9160 | U6: AMICIDE BX 9193 | X6: AMICIDE BX 9226 | AA6: AMICIDE BX 9347 | AD6: AMICLEAN AP 1797 | AG6: AMICLEAN AP 1817 | AJ6: AMICLEAN AP 2048 | AM6: AMICOAT TC 6101 | AP6: AMICOAT TC 6218 | AS6: AMICOAT TC 6407 | AV6: AMICOAT TM 6123 | AY6: AMICOAT TR 6112 | BB6: AMICOAT TR 6113 | BE6: AMICOAT TR 6159 | BH6: AMICOAT TR 6248 | BK6: AMIFLOC 737 | BN6: AMIPAC AP 8511 | BQ6: AMISOFT 6538 | BT6: AMISPERSE AP 8826 | BW6: ANEDIR BLUE 2R LIQ | BZ6: CAUSTIC SODA CAIR 48% | CC6: DEKATOGEN SDC-60 | CF6: FENNOPOL K 9952 | CI6: HIDROGEN PEROXIDE | CL6: INDOSIZE CR 835 | CO6: KAPORIT 60% | CR6: KAPORIT 65% | CU6: NGR 900 | CX6: NGR MULTIPAC 120 | DA6: PAC - 280SP | DD6: PAPYRASE LIL | DG6: PERGASOL VIOLET BN LIQ | DJ6: PEWARNA MAKANAN PINK | DM6: SODIUM TIO SULPHATE | DP6: SOLSA SPRAY 550 | DS6: SUCOLITE SP 210 | DV6: TCCA POWDER | DY6: XYLENE | EB6: EPOSTRONG | EE6: Detac DC779F | GD6: PAPYRASE IL | GG6: DEKAINK | GJ6: DI 370/DKF 250 | GM6: ELTEXIN | GP6: ELTEBRIGHT BL 1000 | GS6: SOLMIX L40 | GV6: CHEMBRIGHT C LIQUID | GY6: K-Bright Liquid | HB6: CAUSTIC SODA CAIR 48% | HE6: TCCA POWDER | HH6: SUCOLITE SP 210 | HK6: AMIPAC AP 8511 | HN6: NGR 200 | HQ6: NGR 900 | HT6: ANEDIR YELLOW BKL | HW6: ANEDIR RED BKL | HZ6: ANEDIR BLACK L LIQ | IC6: ANEDIR BROWN CC-04 LIQ | IF6: Anedir Brown cc-03 | II6: FENNOPOL K 9952 | IL6: KAPORIT 60% | IO6: KAPORIT 65% | IR6: DEKATOGEN SDC-60 | IU6: DEKAWET NA30 | IX6: PAC - 280SP | JA6: Burstrong Fixing Agent | JD6: DI N40 | JG6: CHROMACLEAR | JJ6: DFR 810S
F7: Pemakaian | H7: Price | I7: Pemakaian | K7: Price | L7: Pemakaian | N7: Price | O7: Pemakaian | Q7: Price | R7: Pemakaian | T7: Price | U7: Pemakaian | W7: Price | X7: Pemakaian | Z7: Price | AA7: Pemakaian | AC7: Price | AD7: Pemakaian | AF7: Price | AG7: Pemakaian | AI7: Price | AJ7: Pemakaian | AL7: Price | AM7: Pemakaian | AO7: Price | AP7: Pemakaian | AR7: Price | AS7: Pemakaian | AU7: Price | AV7: Pemakaian | AX7: Price | AY7: Pemakaian | BA7: Price | BB7: Pemakaian | BD7: Price | BE7: Pemakaian | BG7: Price | BH7: Pemakaian | BJ7: Price | BK7: Pemakaian | BM7: Price | BN7: Pemakaian | BP7: Price | BQ7: Pemakaian | BS7: Price | BT7: Pemakaian | BV7: Price | BW7: Pemakaian | BY7: Price | BZ7: Pemakaian | CB7: Price | CC7: Pemakaian | CE7: Price | CF7: Pemakaian | CH7: Price | CI7: Pemakaian | CK7: Price | CL7: Pemakaian | CN7: Price | CO7: Pemakaian | CQ7: Price | CR7: Pemakaian | CT7: Price | CU7: Pemakaian | CW7: Price | CX7: Pemakaian | CZ7: Price | DA7: Pemakaian | DC7: Price | DD7: Pemakaian | DF7: Price | DG7: Pemakaian | DI7: Price | DJ7: Pemakaian | DL7: Price | DM7: Pemakaian | DO7: Price | DP7: Pemakaian | DR7: Price | DS7: Pemakaian | DU7: Price | DV7: Pemakaian | DX7: Price | DY7: Pemakaian | EA7: Price | EB7: Pemakaian | ED7: Price | EE7: Pemakaian | EG7: Price | EH7: Pemakaian | EJ7: Price | EK7: Pemakaian | EM7: Price | EN7: Pemakaian | EP7: Price | EQ7: Pemakaian | ES7: Price | ET7: Pemakaian | EV7: Price | EW7: Pemakaian | EY7: Price | EZ7: Pemakaian | FB7: Price | FC7: Pemakaian | FE7: Price | FF7: Pemakaian | FH7: Price | FI7: Pemakaian | FK7: Price | FL7: Pemakaian | FN7: Price | FO7: Pemakaian | FQ7: Price | FR7: Pemakaian | FT7: Price | FU7: Pemakaian | FW7: Price | FX7: Pemakaian | FZ7: Price | GA7: Pemakaian | GC7: Price | GD7: Pemakaian | GF7: Price | GG7: Pemakaian | GI7: Price | GJ7: Pemakaian | GL7: Price | GM7: Pemakaian | GO7: Price | GP7: Pemakaian | GR7: Price | GS7: Pemakaian | GU7: Price | GV7: Pemakaian | GX7: Price | GY7: Pemakaian | HA7: Price | HB7: Pemakaian | HD7: Price | HE7: Pemakaian | HG7: Price | HH7: Pemakaian | HJ7: Price | HK7: Pemakaian | HM7: Price | HN7: Pemakaian | HP7: Price | HQ7: Pemakaian | HS7: Price | HT7: Pemakaian | HV7: Price | HW7: Pemakaian | HY7: Price | HZ7: Pemakaian | IB7: Price | IC7: Pemakaian | IE7: Price | IF7: Pemakaian | IH7: Price | II7: Pemakaian | IK7: Price | IL7: Pemakaian | IN7: Price | IO7: Pemakaian | IQ7: Price | IR7: Pemakaian | IT7: Price | IU7: Pemakaian | IW7: Price | IX7: Pemakaian | IZ7: Price | JA7: Pemakaian | JC7: Price | JD7: Pemakaian | JF7: Price | JG7: Pemakaian | JI7: Price | JJ7: Pemakaian | JL7: Price | JM7: Pemakaian | JO7: Price | JP7: Pemakaian | JR7: Price | JS7: Pemakaian | JU7: Price | JV7: Pemakaian | JX7: Price | JY7: Pemakaian | KA7: Price | KB7: Pemakaian | KD7: Price | KE7: Pemakaian | KG7: Price | KH7: Pemakaian | KJ7: Price | KK7: Pemakaian | KM7: Price | KN7: Pemakaian | KP7: Price | KQ7: Pemakaian | KS7: Price
F8: Qty | G8: Kg/ton | I8: Qty | J8: Kg/ton | L8: Qty | M8: Kg/ton | O8: Qty | P8: Kg/ton | R8: Qty | S8: Kg/ton | U8: Qty | V8: Kg/ton | X8: Qty | Y8: Kg/ton | AA8: Qty | AB8: Kg/ton | AD8: Qty | AE8: Kg/ton | AG8: Qty | AH8: Kg/ton | AJ8: Qty | AK8: Kg/ton | AM8: Qty | AN8: Kg/ton | AP8: Qty | AQ8: Kg/ton | AS8: Qty | AT8: Kg/ton | AV8: Qty | AW8: Kg/ton | AY8: Qty | AZ8: Kg/ton | BB8: Qty | BC8: Kg/ton | BE8: Qty | BF8: Kg/ton | BH8: Qty | BI8: Kg/ton | BK8: Qty | BL8: Kg/ton | BN8: Qty | BO8: Kg/ton | BQ8: Qty | BR8: Kg/ton | BT8: Qty | BU8: Kg/ton | BW8: Qty | BX8: Kg/ton | BZ8: Qty | CA8: Kg/ton | CC8: Qty | CD8: Kg/ton | CF8: Qty | CG8: Kg/ton | CI8: Qty | CJ8: Kg/ton | CL8: Qty | CM8: Kg/ton | CO8: Qty | CP8: Kg/ton | CR8: Qty | CS8: Kg/ton | CU8: Qty | CV8: Kg/ton | CX8: Qty | CY8: Kg/ton | DA8: Qty | DB8: Kg/ton | DD8: Qty | DE8: Kg/ton | DG8: Qty | DH8: Kg/ton | DJ8: Qty | DK8: Kg/ton | DM8: Qty | DN8: Kg/ton | DP8: Qty | DQ8: Kg/ton | DS8: Qty | DT8: Kg/ton | DV8: Qty | DW8: Kg/ton | DY8: Qty | DZ8: Kg/ton | EB8: Qty | EC8: Kg/ton | EE8: Qty | EF8: Kg/ton | EH8: Qty | EI8: Kg/ton | EK8: Qty | EL8: Kg/ton | EN8: Qty | EO8: Kg/ton | EQ8: Qty | ER8: Kg/ton | ET8: Qty | EU8: Kg/ton | EW8: Qty | EX8: Kg/ton | EZ8: Qty | FA8: Kg/ton | FC8: Qty | FD8: Kg/ton | FF8: Qty | FG8: Kg/ton | FI8: Qty | FJ8: Kg/ton | FL8: Qty | FM8: Kg/ton | FO8: Qty | FP8: Kg/ton | FR8: Qty | FS8: Kg/ton | FU8: Qty | FV8: Kg/ton | FX8: Qty | FY8: Kg/ton | GA8: Qty | GB8: Kg/ton | GD8: Qty | GE8: Kg/ton | GG8: Qty | GH8: Kg/ton | GJ8: Qty | GK8: Kg/ton | GM8: Qty | GN8: Kg/ton | GP8: Qty | GQ8: Kg/ton | GS8: Qty | GT8: Kg/ton | GV8: Qty | GW8: Kg/ton | GY8: Qty | GZ8: Kg/ton | HB8: Qty | HC8: Kg/ton | HE8: Qty | HF8: Kg/ton | HH8: Qty | HI8: Kg/ton | HK8: Qty | HL8: Kg/ton | HN8: Qty | HO8: Kg/ton | HQ8: Qty | HR8: Kg/ton | HT8: Qty | HU8: Kg/ton | HW8: Qty | HX8: Kg/ton | HZ8: Qty | IA8: Kg/ton | IC8: Qty | ID8: Kg/ton | IF8: Qty | IG8: Kg/ton | II8: Qty | IJ8: Kg/ton | IL8: Qty | IM8: Kg/ton | IO8: Qty | IP8: Kg/ton | IR8: Qty | IS8: Kg/ton | IU8: Qty | IV8: Kg/ton | IX8: Qty | IY8: Kg/ton | JA8: Qty | JB8: Kg/ton | JD8: Qty | JE8: Kg/ton | JG8: Qty | JH8: Kg/ton | JJ8: Qty | JK8: Kg/ton | JL8: 0 | JM8: Qty | JN8: Kg/ton | JO8: 0 | JP8: Qty | JQ8: Kg/ton | JR8: 0 | JS8: Qty | JT8: Kg/ton | JU8: 0 | JV8: Qty | JW8: Kg/ton | JX8: 0 | JY8: Qty | JZ8: Kg/ton | KA8: 0 | KB8: Qty | KC8: Kg/ton | KD8: 0 | KE8: Qty | KF8: Kg/ton | KG8: 0 | KH8: Qty | KI8: Kg/ton | KJ8: 0 | KK8: Qty | KL8: Kg/ton | KM8: 0 | KN8: Qty | KO8: Kg/ton | KP8: 0 | KQ8: Qty | KR8: Kg/ton | KS8: 0
A9: =+Report1!A9 -> 45962 | B9: =+Report1!B9 -> STOP | C9: =+Report1!C9 -> 12 | D9: =+Report1!P9 -> 0 | E9: =+Report1!R9 -> 0 | G9: =+F9/$E9 -> #DIV/0! | H9: =+F9*$H$8 -> 0 | J9: =+I9/$E9 -> #DIV/0! | K9: =+I9*$H$8 -> 0 | M9: =+L9/$E9 -> #DIV/0! | N9: =+L9*$H$8 -> 0 | P9: =+O9/$E9 -> #DIV/0! | Q9: =+O9*$H$8 -> 0 | S9: =+R9/$E9 -> #DIV/0! | T9: =+R9*$H$8 -> 0 | V9: =+U9/$E9 -> #DIV/0! | W9: =+U9*$H$8 -> 0 | Y9: =+X9/$E9 -> #DIV/0! | Z9: =+X9*$H$8 -> 0 | AB9: =+AA9/$E9 -> #DIV/0! | AC9: =+AA9*$H$8 -> 0 | AE9: =+AD9/$E9 -> #DIV/0! | AF9: =+AD9*$H$8 -> 0 | AH9: =+AG9/$E9 -> #DIV/0! | AI9: =+AG9*$H$8 -> 0 | AK9: =+AJ9/$E9 -> #DIV/0! | AL9: =+AJ9*$H$8 -> 0 | AN9: =+AM9/$E9 -> #DIV/0! | AO9: =+AM9*$H$8 -> 0 | AQ9: =+AP9/$E9 -> #DIV/0! | AR9: =+AP9*$H$8 -> 0 | AT9: =+AS9/$E9 -> #DIV/0! | AU9: =+AS9*$H$8 -> 0 | AW9: =+AV9/$E9 -> #DIV/0! | AX9: =+AV9*$H$8 -> 0 | AZ9: =+AY9/$E9 -> #DIV/0! | BA9: =+AY9*$H$8 -> 0 | BC9: =+BB9/$E9 -> #DIV/0! | BD9: =+BB9*$H$8 -> 0 | BF9: =+BE9/$E9 -> #DIV/0! | BG9: =+BE9*$H$8 -> 0 | BI9: =+BH9/$E9 -> #DIV/0! | BJ9: =+BH9*$H$8 -> 0 | BL9: =+BK9/$E9 -> #DIV/0! | BM9: =+BK9*$H$8 -> 0 | BO9: =+BN9/$E9 -> #DIV/0! | BP9: =+BN9*$H$8 -> 0 | BR9: =+BQ9/$E9 -> #DIV/0! | BS9: =+BQ9*$H$8 -> 0 | BU9: =+BT9/$E9 -> #DIV/0! | BV9: =+BT9*$H$8 -> 0 | BX9: =+BW9/$E9 -> #DIV/0! | BY9: =+BW9*$H$8 -> 0 | CA9: =+BZ9/$E9 -> #DIV/0! | CB9: =+BZ9*$H$8 -> 0 | CD9: =+CC9/$E9 -> #DIV/0! | CE9: =+CC9*$H$8 -> 0 | CG9: =+CF9/$E9 -> #DIV/0! | CH9: =+CF9*$H$8 -> 0 | CJ9: =+CI9/$E9 -> #DIV/0! | CK9: =+CI9*$H$8 -> 0 | CM9: =+CL9/$E9 -> #DIV/0! | CN9: =+CL9*$H$8 -> 0 | CP9: =+CO9/$E9 -> #DIV/0! | CQ9: =+CO9*$H$8 -> 0 | CS9: =+CR9/$E9 -> #DIV/0! | CT9: =+CR9*$H$8 -> 0 | CV9: =+CU9/$E9 -> #DIV/0! | CW9: =+CU9*$H$8 -> 0 | CY9: =+CX9/$E9 -> #DIV/0! | CZ9: =+CX9*$H$8 -> 0 | DB9: =+DA9/$E9 -> #DIV/0! | DC9: =+DA9*$H$8 -> 0 | DE9: =+DD9/$E9 -> #DIV/0! | DF9: =+DD9*$H$8 -> 0 | DH9: =+DG9/$E9 -> #DIV/0! | DI9: 0 | DK9: =+DJ9/$E9 -> #DIV/0! | DL9: =+DJ9*$H$8 -> 0 | DN9: =+DM9/$E9 -> #DIV/0! | DO9: =+DM9*$H$8 -> 0 | DQ9: =+DP9/$E9 -> #DIV/0! | DR9: =+DP9*$H$8 -> 0 | DT9: =+DS9/$E9 -> #DIV/0! | DU9: =+DS9*$H$8 -> 0 | DW9: =+DV9/$E9 -> #DIV/0! | DX9: =+DV9*$H$8 -> 0 | DZ9: =+DY9/$E9 -> #DIV/0! | EA9: =+DY9*$H$8 -> 0 | EC9: =+EB9/$E9 -> #DIV/0! | ED9: =+EB9*$H$8 -> 0 | EF9: =+EE9/$E9 -> #DIV/0! | EG9: =+EE9*$H$8 -> 0 | EI9: =+EH9/$E9 -> #DIV/0! | EJ9: =+EH9*$H$8 -> 0 | EL9: =+EK9/$E9 -> #DIV/0! | EM9: =+EK9*$H$8 -> 0 | EO9: =+EN9/$E9 -> #DIV/0! | EP9: =+EN9*$H$8 -> 0 | ER9: =+EQ9/$E9 -> #DIV/0! | ES9: =+EQ9*$H$8 -> 0 | EU9: =+ET9/$E9 -> #DIV/0! | EV9: =+ET9*$H$8 -> 0 | EX9: =+EW9/$E9 -> #DIV/0! | EY9: =+EW9*$H$8 -> 0 | FA9: =+EZ9/$E9 -> #DIV/0! | FB9: =+EZ9*$H$8 -> 0 | FD9: =+FC9/$E9 -> #DIV/0! | FE9: =+FC9*$H$8 -> 0 | FG9: =+FF9/$E9 -> #DIV/0! | FH9: =+FF9*$H$8 -> 0 | FJ9: =+FI9/$E9 -> #DIV/0! | FK9: =+FI9*$H$8 -> 0 | FM9: =+FL9/$E9 -> #DIV/0! | FN9: =+FL9*$H$8 -> 0 | FP9: =+FO9/$E9 -> #DIV/0! | FQ9: =+FO9*$H$8 -> 0 | FS9: =+FR9/$E9 -> #DIV/0! | FT9: =+FR9*$H$8 -> 0 | FV9: =+FU9/$E9 -> #DIV/0! | FW9: =+FU9*$H$8 -> 0 | FY9: =+FX9/$E9 -> #DIV/0! | FZ9: =+FX9*$H$8 -> 0 | GB9: =+GA9/$E9 -> #DIV/0! | GC9: =+GA9*$H$8 -> 0 | GE9: =+GD9/$E9 -> #DIV/0! | GF9: =+GD9*$H$8 -> 0 | GH9: =+GG9/$E9 -> #DIV/0! | GI9: =+GG9*$H$8 -> 0 | GK9: =+GJ9/$E9 -> #DIV/0! | GL9: =+GJ9*$H$8 -> 0 | GN9: =+GM9/$E9 -> #DIV/0! | GO9: =+GM9*$H$8 -> 0 | GQ9: =+GP9/$E9 -> #DIV/0! | GR9: =+GP9*$H$8 -> 0 | GT9: =+GS9/$E9 -> #DIV/0! | GU9: =+GS9*$H$8 -> 0 | GW9: =+GV9/$E9 -> #DIV/0! | GX9: =+GV9*$H$8 -> 0 | GZ9: =+GY9/$E9 -> #DIV/0! | HA9: =+GY9*$H$8 -> 0 | HC9: =+HB9/$E9 -> #DIV/0! | HD9: =+HB9*$H$8 -> 0 | HF9: =+HE9/$E9 -> #DIV/0! | HG9: =+HE9*$H$8 -> 0 | HI9: =+HH9/$E9 -> #DIV/0! | HJ9: =+HH9*$H$8 -> 0 | HL9: =+HK9/$E9 -> #DIV/0! | HM9: =+HK9*$H$8 -> 0 | HO9: =+HN9/$E9 -> #DIV/0! | HP9: =+HN9*$H$8 -> 0 | HR9: =+HQ9/$E9 -> #DIV/0! | HS9: =+HQ9*$H$8 -> 0 | HU9: =+HT9/$E9 -> #DIV/0! | HV9: =+HT9*$H$8 -> 0 | HX9: =+HW9/$E9 -> #DIV/0! | HY9: =+HW9*$H$8 -> 0 | IA9: =+HZ9/$E9 -> #DIV/0! | IB9: =+HZ9*$H$8 -> 0 | ID9: =+IC9/$E9 -> #DIV/0! | IE9: =+IC9*$H$8 -> 0 | IG9: =+IF9/$E9 -> #DIV/0! | IH9: =+IF9*$H$8 -> 0 | IJ9: =+II9/$E9 -> #DIV/0! | IK9: =+II9*$H$8 -> 0 | IM9: =+IL9/$E9 -> #DIV/0! | IN9: =+IL9*$H$8 -> 0 | IP9: =+IO9/$E9 -> #DIV/0! | IQ9: =+IO9*$H$8 -> 0 | IS9: =+IR9/$E9 -> #DIV/0! | IT9: =+IR9*$H$8 -> 0 | IV9: =+IU9/$E9 -> #DIV/0! | IW9: =+IU9*$H$8 -> 0 | IY9: =+IX9/$E9 -> #DIV/0! | IZ9: =+IX9*$H$8 -> 0 | JB9: =+JA9/$E9 -> #DIV/0! | JC9: =+JA9*$H$8 -> 0 | JE9: =+JD9/$E9 -> #DIV/0! | JF9: =+JD9*$H$8 -> 0 | JH9: =+JG9/$E9 -> #DIV/0! | JI9: =+JG9*$H$8 -> 0 | JK9: =IFERROR((JJ9/$L9),"0") -> 0 | JL9: =IFERROR(((JJ9*JL$8)/$L9),"0") -> 0 | JN9: =IFERROR((JM9/$L9),"0") -> 0 | JO9: =IFERROR(((JM9*JO$8)/$L9),"0") -> 0 | JQ9: =IFERROR((JP9/$L9),"0") -> 0 | JR9: =IFERROR(((JP9*JR$8)/$L9),"0") -> 0 | JT9: =IFERROR((JS9/$L9),"0") -> 0 | JU9: =IFERROR(((JS9*JU$8)/$L9),"0") -> 0 | JW9: =IFERROR((JV9/$L9),"0") -> 0 | JX9: =IFERROR(((JV9*JX$8)/$L9),"0") -> 0 | JZ9: =IFERROR((JY9/$L9),"0") -> 0 | KA9: =IFERROR(((JY9*KA$8)/$L9),"0") -> 0 | KC9: =IFERROR((KB9/$L9),"0") -> 0 | KD9: =IFERROR(((KB9*KD$8)/$L9),"0") -> 0 | KF9: =IFERROR((KE9/$L9),"0") -> 0 | KG9: =IFERROR(((KE9*KG$8)/$L9),"0") -> 0 | KI9: =IFERROR((KH9/$L9),"0") -> 0 | KJ9: =IFERROR(((KH9*KJ$8)/$L9),"0") -> 0 | KL9: =IFERROR((KK9/$L9),"0") -> 0 | KM9: =IFERROR(((KK9*KM$8)/$L9),"0") -> 0 | KO9: =IFERROR((KN9/$L9),"0") -> 0 | KP9: =IFERROR(((KN9*KP$8)/$L9),"0") -> 0 | KR9: =IFERROR((KQ9/$L9),"0") -> 0 | KS9: =IFERROR(((KQ9*KS$8)/$L9),"0") -> 0 | KT9: =H9+K9+N9+Q9+T9+W9+Z9+AC9+AF9+AI9+AL9+AO9+AR9+AU9+AX9+BA9+BD9+BG9+BJ9+BM9+BP9+BS9+BV9+BY9+CB9+CE9+CH9+CK9+CN9+CQ9+CT9+CW9+CZ9+DC9+DF9+DI9+DL9+DO9+DR9+DU9+DX9+EA9+ED9+EG9+EJ9+EM9+EP9+ES9+EV9+EY9+FB9+FE9+FH9+FK9+FN9+FQ9+FT9+FW9+FZ9+GC9 -> 0 | KU9: =GF9+GI9+GL9+GO9+GR9+GU9+GX9+HA9+HD9+HG9+HJ9+HM9+HP9+HS9+HV9+HY9+IB9+IE9+IH9+IK9+IN9+IQ9+IT9+IW9+IZ9+JC9+JF9+JI9+JL9+JO9+JR9+JU9+JX9++KA9+KD9+KG9+KJ9++KM9+KP9+KS9 -> 0 | KV9: =+F9+I9+L9+O9+R9+U9+X9+AA9+AD9+AG9+AJ9+AM9+AP9+AS9+AV9+AY9+BB9+BE9+BH9+BK9+BN9+BQ9+BT9+BW9+BZ9+CC9+CF9+CI9+CL9+CO9+CR9+CU9+CX9+DA9+DD9+DJ9+DM9+DP9+DS9+DV9+DY9+EB9+GG9+GJ9+GM9+GP9+GS9+HN9+II9+IR9+GV9+IU9++HT9+HW9+HZ9+IC9+JA9+JJ9+JM9+HB9+EE9+GD9+EH9 -> 0
A10: =+A9+1 -> 45963 | B10: =+Report1!B10 -> STOP | C10: =+Report1!C10 -> 12 | D10: =+Report1!P10 -> 0 | E10: =+Report1!R10 -> 0 | G10: =+F10/$E10 -> #DIV/0! | H10: =+F10*$H$8 -> 0 | J10: =+I10/$E10 -> #DIV/0! | K10: =+I10*$H$8 -> 0 | M10: =+L10/$E10 -> #DIV/0! | N10: =+L10*$H$8 -> 0 | P10: =+O10/$E10 -> #DIV/0! | Q10: =+O10*$H$8 -> 0 | S10: =+R10/$E10 -> #DIV/0! | T10: =+R10*$H$8 -> 0 | V10: =+U10/$E10 -> #DIV/0! | W10: =+U10*$H$8 -> 0 | Y10: =+X10/$E10 -> #DIV/0! | Z10: =+X10*$H$8 -> 0 | AB10: =+AA10/$E10 -> #DIV/0! | AC10: =+AA10*$H$8 -> 0 | AE10: =+AD10/$E10 -> #DIV/0! | AF10: =+AD10*$H$8 -> 0 | AH10: =+AG10/$E10 -> #DIV/0! | AI10: =+AG10*$H$8 -> 0 | AK10: =+AJ10/$E10 -> #DIV/0! | AL10: =+AJ10*$H$8 -> 0 | AN10: =+AM10/$E10 -> #DIV/0! | AO10: =+AM10*$H$8 -> 0 | AQ10: =+AP10/$E10 -> #DIV/0! | AR10: =+AP10*$H$8 -> 0 | AT10: =+AS10/$E10 -> #DIV/0! | AU10: =+AS10*$H$8 -> 0 | AW10: =+AV10/$E10 -> #DIV/0! | AX10: =+AV10*$H$8 -> 0 | AZ10: =+AY10/$E10 -> #DIV/0! | BA10: =+AY10*$H$8 -> 0 | BC10: =+BB10/$E10 -> #DIV/0! | BD10: =+BB10*$H$8 -> 0 | BF10: =+BE10/$E10 -> #DIV/0! | BG10: =+BE10*$H$8 -> 0 | BI10: =+BH10/$E10 -> #DIV/0! | BJ10: =+BH10*$H$8 -> 0 | BL10: =+BK10/$E10 -> #DIV/0! | BM10: =+BK10*$H$8 -> 0 | BO10: =+BN10/$E10 -> #DIV/0! | BP10: =+BN10*$H$8 -> 0 | BR10: =+BQ10/$E10 -> #DIV/0! | BS10: =+BQ10*$H$8 -> 0 | BU10: =+BT10/$E10 -> #DIV/0! | BV10: =+BT10*$H$8 -> 0 | BX10: =+BW10/$E10 -> #DIV/0! | BY10: =+BW10*$H$8 -> 0 | CA10: =+BZ10/$E10 -> #DIV/0! | CB10: =+BZ10*$H$8 -> 0 | CD10: =+CC10/$E10 -> #DIV/0! | CE10: =+CC10*$H$8 -> 0 | CG10: =+CF10/$E10 -> #DIV/0! | CH10: =+CF10*$H$8 -> 0 | CJ10: =+CI10/$E10 -> #DIV/0! | CK10: =+CI10*$H$8 -> 0 | CM10: =+CL10/$E10 -> #DIV/0! | CN10: =+CL10*$H$8 -> 0 | CP10: =+CO10/$E10 -> #DIV/0! | CQ10: =+CO10*$H$8 -> 0 | CS10: =+CR10/$E10 -> #DIV/0! | CT10: =+CR10*$H$8 -> 0 | CV10: =+CU10/$E10 -> #DIV/0! | CW10: =+CU10*$H$8 -> 0 | CY10: =+CX10/$E10 -> #DIV/0! | CZ10: =+CX10*$H$8 -> 0 | DB10: =+DA10/$E10 -> #DIV/0! | DC10: =+DA10*$H$8 -> 0 | DE10: =+DD10/$E10 -> #DIV/0! | DF10: =+DD10*$H$8 -> 0 | DH10: =+DG10/$E10 -> #DIV/0! | DI10: 0 | DK10: =+DJ10/$E10 -> #DIV/0! | DL10: =+DJ10*$H$8 -> 0 | DN10: =+DM10/$E10 -> #DIV/0! | DO10: =+DM10*$H$8 -> 0 | DQ10: =+DP10/$E10 -> #DIV/0! | DR10: =+DP10*$H$8 -> 0 | DT10: =+DS10/$E10 -> #DIV/0! | DU10: =+DS10*$H$8 -> 0 | DW10: =+DV10/$E10 -> #DIV/0! | DX10: =+DV10*$H$8 -> 0 | DZ10: =+DY10/$E10 -> #DIV/0! | EA10: =+DY10*$H$8 -> 0 | EC10: =+EB10/$E10 -> #DIV/0! | ED10: =+EB10*$H$8 -> 0 | EF10: =+EE10/$E10 -> #DIV/0! | EG10: =+EE10*$H$8 -> 0 | EI10: =+EH10/$E10 -> #DIV/0! | EJ10: =+EH10*$H$8 -> 0 | EL10: =+EK10/$E10 -> #DIV/0! | EM10: =+EK10*$H$8 -> 0 | EO10: =+EN10/$E10 -> #DIV/0! | EP10: =+EN10*$H$8 -> 0 | ER10: =+EQ10/$E10 -> #DIV/0! | ES10: =+EQ10*$H$8 -> 0 | EU10: =+ET10/$E10 -> #DIV/0! | EV10: =+ET10*$H$8 -> 0 | EX10: =+EW10/$E10 -> #DIV/0! | EY10: =+EW10*$H$8 -> 0 | FA10: =+EZ10/$E10 -> #DIV/0! | FB10: =+EZ10*$H$8 -> 0 | FD10: =+FC10/$E10 -> #DIV/0! | FE10: =+FC10*$H$8 -> 0 | FG10: =+FF10/$E10 -> #DIV/0! | FH10: =+FF10*$H$8 -> 0 | FJ10: =+FI10/$E10 -> #DIV/0! | FK10: =+FI10*$H$8 -> 0 | FM10: =+FL10/$E10 -> #DIV/0! | FN10: =+FL10*$H$8 -> 0 | FP10: =+FO10/$E10 -> #DIV/0! | FQ10: =+FO10*$H$8 -> 0 | FS10: =+FR10/$E10 -> #DIV/0! | FT10: =+FR10*$H$8 -> 0 | FV10: =+FU10/$E10 -> #DIV/0! | FW10: =+FU10*$H$8 -> 0 | FY10: =+FX10/$E10 -> #DIV/0! | FZ10: =+FX10*$H$8 -> 0 | GB10: =+GA10/$E10 -> #DIV/0! | GC10: =+GA10*$H$8 -> 0 | GE10: =+GD10/$E10 -> #DIV/0! | GF10: =+GD10*$H$8 -> 0 | GH10: =+GG10/$E10 -> #DIV/0! | GI10: =+GG10*$H$8 -> 0 | GK10: =+GJ10/$E10 -> #DIV/0! | GL10: =+GJ10*$H$8 -> 0 | GN10: =+GM10/$E10 -> #DIV/0! | GO10: =+GM10*$H$8 -> 0 | GQ10: =+GP10/$E10 -> #DIV/0! | GR10: =+GP10*$H$8 -> 0 | GT10: =+GS10/$E10 -> #DIV/0! | GU10: =+GS10*$H$8 -> 0 | GW10: =+GV10/$E10 -> #DIV/0! | GX10: =+GV10*$H$8 -> 0 | GZ10: =+GY10/$E10 -> #DIV/0! | HA10: =+GY10*$H$8 -> 0 | HC10: =+HB10/$E10 -> #DIV/0! | HD10: =+HB10*$H$8 -> 0 | HF10: =+HE10/$E10 -> #DIV/0! | HG10: =+HE10*$H$8 -> 0 | HI10: =+HH10/$E10 -> #DIV/0! | HJ10: =+HH10*$H$8 -> 0 | HL10: =+HK10/$E10 -> #DIV/0! | HM10: =+HK10*$H$8 -> 0 | HO10: =+HN10/$E10 -> #DIV/0! | HP10: =+HN10*$H$8 -> 0 | HR10: =+HQ10/$E10 -> #DIV/0! | HS10: =+HQ10*$H$8 -> 0 | HU10: =+HT10/$E10 -> #DIV/0! | HV10: =+HT10*$H$8 -> 0 | HX10: =+HW10/$E10 -> #DIV/0! | HY10: =+HW10*$H$8 -> 0 | IA10: =+HZ10/$E10 -> #DIV/0! | IB10: =+HZ10*$H$8 -> 0 | ID10: =+IC10/$E10 -> #DIV/0! | IE10: =+IC10*$H$8 -> 0 | IG10: =+IF10/$E10 -> #DIV/0! | IH10: =+IF10*$H$8 -> 0 | IJ10: =+II10/$E10 -> #DIV/0! | IK10: =+II10*$H$8 -> 0 | IM10: =+IL10/$E10 -> #DIV/0! | IN10: =+IL10*$H$8 -> 0 | IP10: =+IO10/$E10 -> #DIV/0! | IQ10: =+IO10*$H$8 -> 0 | IS10: =+IR10/$E10 -> #DIV/0! | IT10: =+IR10*$H$8 -> 0 | IV10: =+IU10/$E10 -> #DIV/0! | IW10: =+IU10*$H$8 -> 0 | IY10: =+IX10/$E10 -> #DIV/0! | IZ10: =+IX10*$H$8 -> 0 | JB10: =+JA10/$E10 -> #DIV/0! | JC10: =+JA10*$H$8 -> 0 | JE10: =+JD10/$E10 -> #DIV/0! | JF10: =+JD10*$H$8 -> 0 | JH10: =+JG10/$E10 -> #DIV/0! | JI10: =+JG10*$H$8 -> 0 | JK10: =IFERROR((JJ10/$L10),"0") -> 0 | JL10: =IFERROR(((JJ10*JL$8)/$L10),"0") -> 0 | JN10: =IFERROR((JM10/$L10),"0") -> 0 | JO10: =IFERROR(((JM10*JO$8)/$L10),"0") -> 0 | JQ10: =IFERROR((JP10/$L10),"0") -> 0 | JR10: =IFERROR(((JP10*JR$8)/$L10),"0") -> 0 | JT10: =IFERROR((JS10/$L10),"0") -> 0 | JU10: =IFERROR(((JS10*JU$8)/$L10),"0") -> 0 | JW10: =IFERROR((JV10/$L10),"0") -> 0 | JX10: =IFERROR(((JV10*JX$8)/$L10),"0") -> 0 | JZ10: =IFERROR((JY10/$L10),"0") -> 0 | KA10: =IFERROR(((JY10*KA$8)/$L10),"0") -> 0 | KC10: =IFERROR((KB10/$L10),"0") -> 0 | KD10: =IFERROR(((KB10*KD$8)/$L10),"0") -> 0 | KF10: =IFERROR((KE10/$L10),"0") -> 0 | KG10: =IFERROR(((KE10*KG$8)/$L10),"0") -> 0 | KI10: =IFERROR((KH10/$L10),"0") -> 0 | KJ10: =IFERROR(((KH10*KJ$8)/$L10),"0") -> 0 | KL10: =IFERROR((KK10/$L10),"0") -> 0 | KM10: =IFERROR(((KK10*KM$8)/$L10),"0") -> 0 | KO10: =IFERROR((KN10/$L10),"0") -> 0 | KP10: =IFERROR(((KN10*KP$8)/$L10),"0") -> 0 | KR10: =IFERROR((KQ10/$L10),"0") -> 0 | KS10: =IFERROR(((KQ10*KS$8)/$L10),"0") -> 0 | KT10: =H10+K10+N10+Q10+T10+W10+Z10+AC10+AF10+AI10+AL10+AO10+AR10+AU10+AX10+BA10+BD10+BG10+BJ10+BM10+BP10+BS10+BV10+BY10+CB10+CE10+CH10+CK10+CN10+CQ10+CT10+CW10+CZ10+DC10+DF10+DI10+DL10+DO10+DR10+DU10+DX10+EA10+ED10+EG10+EJ10+EM10+EP10+ES10+EV10+EY10+FB10+FE10+FH10+FK10+FN10+FQ10+FT10+FW10+FZ10+GC10 -> 0 | KU10: =GF10+GI10+GL10+GO10+GR10+GU10+GX10+HA10+HD10+HG10+HJ10+HM10+HP10+HS10+HV10+HY10+IB10+IE10+IH10+IK10+IN10+IQ10+IT10+IW10+IZ10+JC10+JF10+JI10+JL10+JO10+JR10+JU10+JX10++KA10+KD10+KG10+KJ10++KM10+KP10+KS10 -> 0 | KV10: =+F10+I10+L10+O10+R10+U10+X10+AA10+AD10+AG10+AJ10+AM10+AP10+AS10+AV10+AY10+BB10+BE10+BH10+BK10+BN10+BQ10+BT10+BW10+BZ10+CC10+CF10+CI10+CL10+CO10+CR10+CU10+CX10+DA10+DD10+DJ10+DM10+DP10+DS10+DV10+DY10+EB10+GG10+GJ10+GM10+GP10+GS10+HN10+II10+IR10+GV10+IU10++HT10+HW10+HZ10+IC10+JA10+JJ10+JM10+HB10+EE10+GD10+EH10 -> 0
A11: =+A10+1 -> 45964 | B11: =+Report1!B11 -> STOP | C11: =+Report1!C11 -> 12 | D11: =+Report1!P11 -> 0 | E11: =+Report1!R11 -> 0 | G11: =+F11/$E11 -> #DIV/0! | H11: =+F11*$H$8 -> 0 | J11: =+I11/$E11 -> #DIV/0! | K11: =+I11*$H$8 -> 0 | M11: =+L11/$E11 -> #DIV/0! | N11: =+L11*$H$8 -> 0 | P11: =+O11/$E11 -> #DIV/0! | Q11: =+O11*$H$8 -> 0 | S11: =+R11/$E11 -> #DIV/0! | T11: =+R11*$H$8 -> 0 | V11: =+U11/$E11 -> #DIV/0! | W11: =+U11*$H$8 -> 0 | Y11: =+X11/$E11 -> #DIV/0! | Z11: =+X11*$H$8 -> 0 | AB11: =+AA11/$E11 -> #DIV/0! | AC11: =+AA11*$H$8 -> 0 | AE11: =+AD11/$E11 -> #DIV/0! | AF11: =+AD11*$H$8 -> 0 | AH11: =+AG11/$E11 -> #DIV/0! | AI11: =+AG11*$H$8 -> 0 | AK11: =+AJ11/$E11 -> #DIV/0! | AL11: =+AJ11*$H$8 -> 0 | AN11: =+AM11/$E11 -> #DIV/0! | AO11: =+AM11*$H$8 -> 0 | AQ11: =+AP11/$E11 -> #DIV/0! | AR11: =+AP11*$H$8 -> 0 | AT11: =+AS11/$E11 -> #DIV/0! | AU11: =+AS11*$H$8 -> 0 | AW11: =+AV11/$E11 -> #DIV/0! | AX11: =+AV11*$H$8 -> 0 | AZ11: =+AY11/$E11 -> #DIV/0! | BA11: =+AY11*$H$8 -> 0 | BC11: =+BB11/$E11 -> #DIV/0! | BD11: =+BB11*$H$8 -> 0 | BF11: =+BE11/$E11 -> #DIV/0! | BG11: =+BE11*$H$8 -> 0 | BI11: =+BH11/$E11 -> #DIV/0! | BJ11: =+BH11*$H$8 -> 0 | BL11: =+BK11/$E11 -> #DIV/0! | BM11: =+BK11*$H$8 -> 0 | BO11: =+BN11/$E11 -> #DIV/0! | BP11: =+BN11*$H$8 -> 0 | BR11: =+BQ11/$E11 -> #DIV/0! | BS11: =+BQ11*$H$8 -> 0 | BU11: =+BT11/$E11 -> #DIV/0! | BV11: =+BT11*$H$8 -> 0 | BX11: =+BW11/$E11 -> #DIV/0! | BY11: =+BW11*$H$8 -> 0 | CA11: =+BZ11/$E11 -> #DIV/0! | CB11: =+BZ11*$H$8 -> 0 | CD11: =+CC11/$E11 -> #DIV/0! | CE11: =+CC11*$H$8 -> 0 | CG11: =+CF11/$E11 -> #DIV/0! | CH11: =+CF11*$H$8 -> 0 | CJ11: =+CI11/$E11 -> #DIV/0! | CK11: =+CI11*$H$8 -> 0 | CM11: =+CL11/$E11 -> #DIV/0! | CN11: =+CL11*$H$8 -> 0 | CP11: =+CO11/$E11 -> #DIV/0! | CQ11: =+CO11*$H$8 -> 0 | CS11: =+CR11/$E11 -> #DIV/0! | CT11: =+CR11*$H$8 -> 0 | CV11: =+CU11/$E11 -> #DIV/0! | CW11: =+CU11*$H$8 -> 0 | CY11: =+CX11/$E11 -> #DIV/0! | CZ11: =+CX11*$H$8 -> 0 | DB11: =+DA11/$E11 -> #DIV/0! | DC11: =+DA11*$H$8 -> 0 | DE11: =+DD11/$E11 -> #DIV/0! | DF11: =+DD11*$H$8 -> 0 | DH11: =+DG11/$E11 -> #DIV/0! | DI11: 0 | DK11: =+DJ11/$E11 -> #DIV/0! | DL11: =+DJ11*$H$8 -> 0 | DN11: =+DM11/$E11 -> #DIV/0! | DO11: =+DM11*$H$8 -> 0 | DQ11: =+DP11/$E11 -> #DIV/0! | DR11: =+DP11*$H$8 -> 0 | DT11: =+DS11/$E11 -> #DIV/0! | DU11: =+DS11*$H$8 -> 0 | DW11: =+DV11/$E11 -> #DIV/0! | DX11: =+DV11*$H$8 -> 0 | DZ11: =+DY11/$E11 -> #DIV/0! | EA11: =+DY11*$H$8 -> 0 | EC11: =+EB11/$E11 -> #DIV/0! | ED11: =+EB11*$H$8 -> 0 | EF11: =+EE11/$E11 -> #DIV/0! | EG11: =+EE11*$H$8 -> 0 | EI11: =+EH11/$E11 -> #DIV/0! | EJ11: =+EH11*$H$8 -> 0 | EL11: =+EK11/$E11 -> #DIV/0! | EM11: =+EK11*$H$8 -> 0 | EO11: =+EN11/$E11 -> #DIV/0! | EP11: =+EN11*$H$8 -> 0 | ER11: =+EQ11/$E11 -> #DIV/0! | ES11: =+EQ11*$H$8 -> 0 | EU11: =+ET11/$E11 -> #DIV/0! | EV11: =+ET11*$H$8 -> 0 | EX11: =+EW11/$E11 -> #DIV/0! | EY11: =+EW11*$H$8 -> 0 | FA11: =+EZ11/$E11 -> #DIV/0! | FB11: =+EZ11*$H$8 -> 0 | FD11: =+FC11/$E11 -> #DIV/0! | FE11: =+FC11*$H$8 -> 0 | FG11: =+FF11/$E11 -> #DIV/0! | FH11: =+FF11*$H$8 -> 0 | FJ11: =+FI11/$E11 -> #DIV/0! | FK11: =+FI11*$H$8 -> 0 | FM11: =+FL11/$E11 -> #DIV/0! | FN11: =+FL11*$H$8 -> 0 | FP11: =+FO11/$E11 -> #DIV/0! | FQ11: =+FO11*$H$8 -> 0 | FS11: =+FR11/$E11 -> #DIV/0! | FT11: =+FR11*$H$8 -> 0 | FV11: =+FU11/$E11 -> #DIV/0! | FW11: =+FU11*$H$8 -> 0 | FY11: =+FX11/$E11 -> #DIV/0! | FZ11: =+FX11*$H$8 -> 0 | GB11: =+GA11/$E11 -> #DIV/0! | GC11: =+GA11*$H$8 -> 0 | GE11: =+GD11/$E11 -> #DIV/0! | GF11: =+GD11*$H$8 -> 0 | GH11: =+GG11/$E11 -> #DIV/0! | GI11: =+GG11*$H$8 -> 0 | GK11: =+GJ11/$E11 -> #DIV/0! | GL11: =+GJ11*$H$8 -> 0 | GN11: =+GM11/$E11 -> #DIV/0! | GO11: =+GM11*$H$8 -> 0 | GQ11: =+GP11/$E11 -> #DIV/0! | GR11: =+GP11*$H$8 -> 0 | GT11: =+GS11/$E11 -> #DIV/0! | GU11: =+GS11*$H$8 -> 0 | GW11: =+GV11/$E11 -> #DIV/0! | GX11: =+GV11*$H$8 -> 0 | GZ11: =+GY11/$E11 -> #DIV/0! | HA11: =+GY11*$H$8 -> 0 | HC11: =+HB11/$E11 -> #DIV/0! | HD11: =+HB11*$H$8 -> 0 | HF11: =+HE11/$E11 -> #DIV/0! | HG11: =+HE11*$H$8 -> 0 | HI11: =+HH11/$E11 -> #DIV/0! | HJ11: =+HH11*$H$8 -> 0 | HL11: =+HK11/$E11 -> #DIV/0! | HM11: =+HK11*$H$8 -> 0 | HO11: =+HN11/$E11 -> #DIV/0! | HP11: =+HN11*$H$8 -> 0 | HR11: =+HQ11/$E11 -> #DIV/0! | HS11: =+HQ11*$H$8 -> 0 | HU11: =+HT11/$E11 -> #DIV/0! | HV11: =+HT11*$H$8 -> 0 | HX11: =+HW11/$E11 -> #DIV/0! | HY11: =+HW11*$H$8 -> 0 | IA11: =+HZ11/$E11 -> #DIV/0! | IB11: =+HZ11*$H$8 -> 0 | ID11: =+IC11/$E11 -> #DIV/0! | IE11: =+IC11*$H$8 -> 0 | IG11: =+IF11/$E11 -> #DIV/0! | IH11: =+IF11*$H$8 -> 0 | IJ11: =+II11/$E11 -> #DIV/0! | IK11: =+II11*$H$8 -> 0 | IM11: =+IL11/$E11 -> #DIV/0! | IN11: =+IL11*$H$8 -> 0 | IP11: =+IO11/$E11 -> #DIV/0! | IQ11: =+IO11*$H$8 -> 0 | IS11: =+IR11/$E11 -> #DIV/0! | IT11: =+IR11*$H$8 -> 0 | IV11: =+IU11/$E11 -> #DIV/0! | IW11: =+IU11*$H$8 -> 0 | IY11: =+IX11/$E11 -> #DIV/0! | IZ11: =+IX11*$H$8 -> 0 | JB11: =+JA11/$E11 -> #DIV/0! | JC11: =+JA11*$H$8 -> 0 | JE11: =+JD11/$E11 -> #DIV/0! | JF11: =+JD11*$H$8 -> 0 | JH11: =+JG11/$E11 -> #DIV/0! | JI11: =+JG11*$H$8 -> 0 | JK11: =IFERROR((JJ11/$L11),"0") -> 0 | JL11: =IFERROR(((JJ11*JL$8)/$L11),"0") -> 0 | JN11: =IFERROR((JM11/$L11),"0") -> 0 | JO11: =IFERROR(((JM11*JO$8)/$L11),"0") -> 0 | JQ11: =IFERROR((JP11/$L11),"0") -> 0 | JR11: =IFERROR(((JP11*JR$8)/$L11),"0") -> 0 | JT11: =IFERROR((JS11/$L11),"0") -> 0 | JU11: =IFERROR(((JS11*JU$8)/$L11),"0") -> 0 | JW11: =IFERROR((JV11/$L11),"0") -> 0 | JX11: =IFERROR(((JV11*JX$8)/$L11),"0") -> 0 | JZ11: =IFERROR((JY11/$L11),"0") -> 0 | KA11: =IFERROR(((JY11*KA$8)/$L11),"0") -> 0 | KC11: =IFERROR((KB11/$L11),"0") -> 0 | KD11: =IFERROR(((KB11*KD$8)/$L11),"0") -> 0 | KF11: =IFERROR((KE11/$L11),"0") -> 0 | KG11: =IFERROR(((KE11*KG$8)/$L11),"0") -> 0 | KI11: =IFERROR((KH11/$L11),"0") -> 0 | KJ11: =IFERROR(((KH11*KJ$8)/$L11),"0") -> 0 | KL11: =IFERROR((KK11/$L11),"0") -> 0 | KM11: =IFERROR(((KK11*KM$8)/$L11),"0") -> 0 | KO11: =IFERROR((KN11/$L11),"0") -> 0 | KP11: =IFERROR(((KN11*KP$8)/$L11),"0") -> 0 | KR11: =IFERROR((KQ11/$L11),"0") -> 0 | KS11: =IFERROR(((KQ11*KS$8)/$L11),"0") -> 0 | KT11: =H11+K11+N11+Q11+T11+W11+Z11+AC11+AF11+AI11+AL11+AO11+AR11+AU11+AX11+BA11+BD11+BG11+BJ11+BM11+BP11+BS11+BV11+BY11+CB11+CE11+CH11+CK11+CN11+CQ11+CT11+CW11+CZ11+DC11+DF11+DI11+DL11+DO11+DR11+DU11+DX11+EA11+ED11+EG11+EJ11+EM11+EP11+ES11+EV11+EY11+FB11+FE11+FH11+FK11+FN11+FQ11+FT11+FW11+FZ11+GC11 -> 0 | KU11: =GF11+GI11+GL11+GO11+GR11+GU11+GX11+HA11+HD11+HG11+HJ11+HM11+HP11+HS11+HV11+HY11+IB11+IE11+IH11+IK11+IN11+IQ11+IT11+IW11+IZ11+JC11+JF11+JI11+JL11+JO11+JR11+JU11+JX11++KA11+KD11+KG11+KJ11++KM11+KP11+KS11 -> 0 | KV11: =+F11+I11+L11+O11+R11+U11+X11+AA11+AD11+AG11+AJ11+AM11+AP11+AS11+AV11+AY11+BB11+BE11+BH11+BK11+BN11+BQ11+BT11+BW11+BZ11+CC11+CF11+CI11+CL11+CO11+CR11+CU11+CX11+DA11+DD11+DJ11+DM11+DP11+DS11+DV11+DY11+EB11+GG11+GJ11+GM11+GP11+GS11+HN11+II11+IR11+GV11+IU11++HT11+HW11+HZ11+IC11+JA11+JJ11+JM11+HB11+EE11+GD11+EH11 -> 0
A12: =+A11+1 -> 45965 | B12: =+Report1!B12 -> STOP | C12: =+Report1!C12 -> 12 | D12: =+Report1!P12 -> 0 | E12: =+Report1!R12 -> 0 | G12: =+F12/$E12 -> #DIV/0! | H12: =+F12*$H$8 -> 0 | J12: =+I12/$E12 -> #DIV/0! | K12: =+I12*$H$8 -> 0 | M12: =+L12/$E12 -> #DIV/0! | N12: =+L12*$H$8 -> 0 | P12: =+O12/$E12 -> #DIV/0! | Q12: =+O12*$H$8 -> 0 | S12: =+R12/$E12 -> #DIV/0! | T12: =+R12*$H$8 -> 0 | V12: =+U12/$E12 -> #DIV/0! | W12: =+U12*$H$8 -> 0 | Y12: =+X12/$E12 -> #DIV/0! | Z12: =+X12*$H$8 -> 0 | AB12: =+AA12/$E12 -> #DIV/0! | AC12: =+AA12*$H$8 -> 0 | AE12: =+AD12/$E12 -> #DIV/0! | AF12: =+AD12*$H$8 -> 0 | AH12: =+AG12/$E12 -> #DIV/0! | AI12: =+AG12*$H$8 -> 0 | AK12: =+AJ12/$E12 -> #DIV/0! | AL12: =+AJ12*$H$8 -> 0 | AN12: =+AM12/$E12 -> #DIV/0! | AO12: =+AM12*$H$8 -> 0 | AQ12: =+AP12/$E12 -> #DIV/0! | AR12: =+AP12*$H$8 -> 0 | AT12: =+AS12/$E12 -> #DIV/0! | AU12: =+AS12*$H$8 -> 0 | AW12: =+AV12/$E12 -> #DIV/0! | AX12: =+AV12*$H$8 -> 0 | AZ12: =+AY12/$E12 -> #DIV/0! | BA12: =+AY12*$H$8 -> 0 | BC12: =+BB12/$E12 -> #DIV/0! | BD12: =+BB12*$H$8 -> 0 | BF12: =+BE12/$E12 -> #DIV/0! | BG12: =+BE12*$H$8 -> 0 | BI12: =+BH12/$E12 -> #DIV/0! | BJ12: =+BH12*$H$8 -> 0 | BL12: =+BK12/$E12 -> #DIV/0! | BM12: =+BK12*$H$8 -> 0 | BO12: =+BN12/$E12 -> #DIV/0! | BP12: =+BN12*$H$8 -> 0 | BR12: =+BQ12/$E12 -> #DIV/0! | BS12: =+BQ12*$H$8 -> 0 | BU12: =+BT12/$E12 -> #DIV/0! | BV12: =+BT12*$H$8 -> 0 | BX12: =+BW12/$E12 -> #DIV/0! | BY12: =+BW12*$H$8 -> 0 | CA12: =+BZ12/$E12 -> #DIV/0! | CB12: =+BZ12*$H$8 -> 0 | CD12: =+CC12/$E12 -> #DIV/0! | CE12: =+CC12*$H$8 -> 0 | CG12: =+CF12/$E12 -> #DIV/0! | CH12: =+CF12*$H$8 -> 0 | CJ12: =+CI12/$E12 -> #DIV/0! | CK12: =+CI12*$H$8 -> 0 | CM12: =+CL12/$E12 -> #DIV/0! | CN12: =+CL12*$H$8 -> 0 | CP12: =+CO12/$E12 -> #DIV/0! | CQ12: =+CO12*$H$8 -> 0 | CS12: =+CR12/$E12 -> #DIV/0! | CT12: =+CR12*$H$8 -> 0 | CV12: =+CU12/$E12 -> #DIV/0! | CW12: =+CU12*$H$8 -> 0 | CY12: =+CX12/$E12 -> #DIV/0! | CZ12: =+CX12*$H$8 -> 0 | DB12: =+DA12/$E12 -> #DIV/0! | DC12: =+DA12*$H$8 -> 0 | DE12: =+DD12/$E12 -> #DIV/0! | DF12: =+DD12*$H$8 -> 0 | DH12: =+DG12/$E12 -> #DIV/0! | DI12: 0 | DK12: =+DJ12/$E12 -> #DIV/0! | DL12: =+DJ12*$H$8 -> 0 | DN12: =+DM12/$E12 -> #DIV/0! | DO12: =+DM12*$H$8 -> 0 | DQ12: =+DP12/$E12 -> #DIV/0! | DR12: =+DP12*$H$8 -> 0 | DT12: =+DS12/$E12 -> #DIV/0! | DU12: =+DS12*$H$8 -> 0 | DW12: =+DV12/$E12 -> #DIV/0! | DX12: =+DV12*$H$8 -> 0 | DZ12: =+DY12/$E12 -> #DIV/0! | EA12: =+DY12*$H$8 -> 0 | EC12: =+EB12/$E12 -> #DIV/0! | ED12: =+EB12*$H$8 -> 0 | EF12: =+EE12/$E12 -> #DIV/0! | EG12: =+EE12*$H$8 -> 0 | EI12: =+EH12/$E12 -> #DIV/0! | EJ12: =+EH12*$H$8 -> 0 | EL12: =+EK12/$E12 -> #DIV/0! | EM12: =+EK12*$H$8 -> 0 | EO12: =+EN12/$E12 -> #DIV/0! | EP12: =+EN12*$H$8 -> 0 | ER12: =+EQ12/$E12 -> #DIV/0! | ES12: =+EQ12*$H$8 -> 0 | EU12: =+ET12/$E12 -> #DIV/0! | EV12: =+ET12*$H$8 -> 0 | EX12: =+EW12/$E12 -> #DIV/0! | EY12: =+EW12*$H$8 -> 0 | FA12: =+EZ12/$E12 -> #DIV/0! | FB12: =+EZ12*$H$8 -> 0 | FD12: =+FC12/$E12 -> #DIV/0! | FE12: =+FC12*$H$8 -> 0 | FG12: =+FF12/$E12 -> #DIV/0! | FH12: =+FF12*$H$8 -> 0 | FJ12: =+FI12/$E12 -> #DIV/0! | FK12: =+FI12*$H$8 -> 0 | FM12: =+FL12/$E12 -> #DIV/0! | FN12: =+FL12*$H$8 -> 0 | FP12: =+FO12/$E12 -> #DIV/0! | FQ12: =+FO12*$H$8 -> 0 | FS12: =+FR12/$E12 -> #DIV/0! | FT12: =+FR12*$H$8 -> 0 | FV12: =+FU12/$E12 -> #DIV/0! | FW12: =+FU12*$H$8 -> 0 | FY12: =+FX12/$E12 -> #DIV/0! | FZ12: =+FX12*$H$8 -> 0 | GB12: =+GA12/$E12 -> #DIV/0! | GC12: =+GA12*$H$8 -> 0 | GE12: =+GD12/$E12 -> #DIV/0! | GF12: =+GD12*$H$8 -> 0 | GH12: =+GG12/$E12 -> #DIV/0! | GI12: =+GG12*$H$8 -> 0 | GK12: =+GJ12/$E12 -> #DIV/0! | GL12: =+GJ12*$H$8 -> 0 | GN12: =+GM12/$E12 -> #DIV/0! | GO12: =+GM12*$H$8 -> 0 | GQ12: =+GP12/$E12 -> #DIV/0! | GR12: =+GP12*$H$8 -> 0 | GT12: =+GS12/$E12 -> #DIV/0! | GU12: =+GS12*$H$8 -> 0 | GW12: =+GV12/$E12 -> #DIV/0! | GX12: =+GV12*$H$8 -> 0 | GZ12: =+GY12/$E12 -> #DIV/0! | HA12: =+GY12*$H$8 -> 0 | HC12: =+HB12/$E12 -> #DIV/0! | HD12: =+HB12*$H$8 -> 0 | HF12: =+HE12/$E12 -> #DIV/0! | HG12: =+HE12*$H$8 -> 0 | HI12: =+HH12/$E12 -> #DIV/0! | HJ12: =+HH12*$H$8 -> 0 | HL12: =+HK12/$E12 -> #DIV/0! | HM12: =+HK12*$H$8 -> 0 | HO12: =+HN12/$E12 -> #DIV/0! | HP12: =+HN12*$H$8 -> 0 | HR12: =+HQ12/$E12 -> #DIV/0! | HS12: =+HQ12*$H$8 -> 0 | HU12: =+HT12/$E12 -> #DIV/0! | HV12: =+HT12*$H$8 -> 0 | HX12: =+HW12/$E12 -> #DIV/0! | HY12: =+HW12*$H$8 -> 0 | IA12: =+HZ12/$E12 -> #DIV/0! | IB12: =+HZ12*$H$8 -> 0 | ID12: =+IC12/$E12 -> #DIV/0! | IE12: =+IC12*$H$8 -> 0 | IG12: =+IF12/$E12 -> #DIV/0! | IH12: =+IF12*$H$8 -> 0 | IJ12: =+II12/$E12 -> #DIV/0! | IK12: =+II12*$H$8 -> 0 | IM12: =+IL12/$E12 -> #DIV/0! | IN12: =+IL12*$H$8 -> 0 | IP12: =+IO12/$E12 -> #DIV/0! | IQ12: =+IO12*$H$8 -> 0 | IS12: =+IR12/$E12 -> #DIV/0! | IT12: =+IR12*$H$8 -> 0 | IV12: =+IU12/$E12 -> #DIV/0! | IW12: =+IU12*$H$8 -> 0 | IY12: =+IX12/$E12 -> #DIV/0! | IZ12: =+IX12*$H$8 -> 0 | JB12: =+JA12/$E12 -> #DIV/0! | JC12: =+JA12*$H$8 -> 0 | JE12: =+JD12/$E12 -> #DIV/0! | JF12: =+JD12*$H$8 -> 0 | JH12: =+JG12/$E12 -> #DIV/0! | JI12: =+JG12*$H$8 -> 0 | JK12: =IFERROR((JJ12/$L12),"0") -> 0 | JL12: =IFERROR(((JJ12*JL$8)/$L12),"0") -> 0 | JN12: =IFERROR((JM12/$L12),"0") -> 0 | JO12: =IFERROR(((JM12*JO$8)/$L12),"0") -> 0 | JQ12: =IFERROR((JP12/$L12),"0") -> 0 | JR12: =IFERROR(((JP12*JR$8)/$L12),"0") -> 0 | JT12: =IFERROR((JS12/$L12),"0") -> 0 | JU12: =IFERROR(((JS12*JU$8)/$L12),"0") -> 0 | JW12: =IFERROR((JV12/$L12),"0") -> 0 | JX12: =IFERROR(((JV12*JX$8)/$L12),"0") -> 0 | JZ12: =IFERROR((JY12/$L12),"0") -> 0 | KA12: =IFERROR(((JY12*KA$8)/$L12),"0") -> 0 | KC12: =IFERROR((KB12/$L12),"0") -> 0 | KD12: =IFERROR(((KB12*KD$8)/$L12),"0") -> 0 | KF12: =IFERROR((KE12/$L12),"0") -> 0 | KG12: =IFERROR(((KE12*KG$8)/$L12),"0") -> 0 | KI12: =IFERROR((KH12/$L12),"0") -> 0 | KJ12: =IFERROR(((KH12*KJ$8)/$L12),"0") -> 0 | KL12: =IFERROR((KK12/$L12),"0") -> 0 | KM12: =IFERROR(((KK12*KM$8)/$L12),"0") -> 0 | KO12: =IFERROR((KN12/$L12),"0") -> 0 | KP12: =IFERROR(((KN12*KP$8)/$L12),"0") -> 0 | KR12: =IFERROR((KQ12/$L12),"0") -> 0 | KS12: =IFERROR(((KQ12*KS$8)/$L12),"0") -> 0 | KT12: =H12+K12+N12+Q12+T12+W12+Z12+AC12+AF12+AI12+AL12+AO12+AR12+AU12+AX12+BA12+BD12+BG12+BJ12+BM12+BP12+BS12+BV12+BY12+CB12+CE12+CH12+CK12+CN12+CQ12+CT12+CW12+CZ12+DC12+DF12+DI12+DL12+DO12+DR12+DU12+DX12+EA12+ED12+EG12+EJ12+EM12+EP12+ES12+EV12+EY12+FB12+FE12+FH12+FK12+FN12+FQ12+FT12+FW12+FZ12+GC12 -> 0 | KU12: =GF12+GI12+GL12+GO12+GR12+GU12+GX12+HA12+HD12+HG12+HJ12+HM12+HP12+HS12+HV12+HY12+IB12+IE12+IH12+IK12+IN12+IQ12+IT12+IW12+IZ12+JC12+JF12+JI12+JL12+JO12+JR12+JU12+JX12++KA12+KD12+KG12+KJ12++KM12+KP12+KS12 -> 0 | KV12: =+F12+I12+L12+O12+R12+U12+X12+AA12+AD12+AG12+AJ12+AM12+AP12+AS12+AV12+AY12+BB12+BE12+BH12+BK12+BN12+BQ12+BT12+BW12+BZ12+CC12+CF12+CI12+CL12+CO12+CR12+CU12+CX12+DA12+DD12+DJ12+DM12+DP12+DS12+DV12+DY12+EB12+GG12+GJ12+GM12+GP12+GS12+HN12+II12+IR12+GV12+IU12++HT12+HW12+HZ12+IC12+JA12+JJ12+JM12+HB12+EE12+GD12+EH12 -> 0
A13: =+A12+1 -> 45966 | B13: =+Report1!B13 -> STOP | C13: =+Report1!C13 -> 12 | D13: =+Report1!P13 -> 0 | E13: =+Report1!R13 -> 0 | G13: =+F13/$E13 -> #DIV/0! | H13: =+F13*$H$8 -> 0 | J13: =+I13/$E13 -> #DIV/0! | K13: =+I13*$H$8 -> 0 | M13: =+L13/$E13 -> #DIV/0! | N13: =+L13*$H$8 -> 0 | P13: =+O13/$E13 -> #DIV/0! | Q13: =+O13*$H$8 -> 0 | S13: =+R13/$E13 -> #DIV/0! | T13: =+R13*$H$8 -> 0 | V13: =+U13/$E13 -> #DIV/0! | W13: =+U13*$H$8 -> 0 | Y13: =+X13/$E13 -> #DIV/0! | Z13: =+X13*$H$8 -> 0 | AB13: =+AA13/$E13 -> #DIV/0! | AC13: =+AA13*$H$8 -> 0 | AE13: =+AD13/$E13 -> #DIV/0! | AF13: =+AD13*$H$8 -> 0 | AH13: =+AG13/$E13 -> #DIV/0! | AI13: =+AG13*$H$8 -> 0 | AK13: =+AJ13/$E13 -> #DIV/0! | AL13: =+AJ13*$H$8 -> 0 | AN13: =+AM13/$E13 -> #DIV/0! | AO13: =+AM13*$H$8 -> 0 | AQ13: =+AP13/$E13 -> #DIV/0! | AR13: =+AP13*$H$8 -> 0 | AT13: =+AS13/$E13 -> #DIV/0! | AU13: =+AS13*$H$8 -> 0 | AW13: =+AV13/$E13 -> #DIV/0! | AX13: =+AV13*$H$8 -> 0 | AZ13: =+AY13/$E13 -> #DIV/0! | BA13: =+AY13*$H$8 -> 0 | BC13: =+BB13/$E13 -> #DIV/0! | BD13: =+BB13*$H$8 -> 0 | BF13: =+BE13/$E13 -> #DIV/0! | BG13: =+BE13*$H$8 -> 0 | BI13: =+BH13/$E13 -> #DIV/0! | BJ13: =+BH13*$H$8 -> 0 | BL13: =+BK13/$E13 -> #DIV/0! | BM13: =+BK13*$H$8 -> 0 | BO13: =+BN13/$E13 -> #DIV/0! | BP13: =+BN13*$H$8 -> 0 | BR13: =+BQ13/$E13 -> #DIV/0! | BS13: =+BQ13*$H$8 -> 0 | BU13: =+BT13/$E13 -> #DIV/0! | BV13: =+BT13*$H$8 -> 0 | BX13: =+BW13/$E13 -> #DIV/0! | BY13: =+BW13*$H$8 -> 0 | CA13: =+BZ13/$E13 -> #DIV/0! | CB13: =+BZ13*$H$8 -> 0 | CD13: =+CC13/$E13 -> #DIV/0! | CE13: =+CC13*$H$8 -> 0 | CG13: =+CF13/$E13 -> #DIV/0! | CH13: =+CF13*$H$8 -> 0 | CJ13: =+CI13/$E13 -> #DIV/0! | CK13: =+CI13*$H$8 -> 0 | CM13: =+CL13/$E13 -> #DIV/0! | CN13: =+CL13*$H$8 -> 0 | CP13: =+CO13/$E13 -> #DIV/0! | CQ13: =+CO13*$H$8 -> 0 | CS13: =+CR13/$E13 -> #DIV/0! | CT13: =+CR13*$H$8 -> 0 | CV13: =+CU13/$E13 -> #DIV/0! | CW13: =+CU13*$H$8 -> 0 | CY13: =+CX13/$E13 -> #DIV/0! | CZ13: =+CX13*$H$8 -> 0 | DB13: =+DA13/$E13 -> #DIV/0! | DC13: =+DA13*$H$8 -> 0 | DE13: =+DD13/$E13 -> #DIV/0! | DF13: =+DD13*$H$8 -> 0 | DH13: =+DG13/$E13 -> #DIV/0! | DI13: 0 | DK13: =+DJ13/$E13 -> #DIV/0! | DL13: =+DJ13*$H$8 -> 0 | DN13: =+DM13/$E13 -> #DIV/0! | DO13: =+DM13*$H$8 -> 0 | DQ13: =+DP13/$E13 -> #DIV/0! | DR13: =+DP13*$H$8 -> 0 | DT13: =+DS13/$E13 -> #DIV/0! | DU13: =+DS13*$H$8 -> 0 | DW13: =+DV13/$E13 -> #DIV/0! | DX13: =+DV13*$H$8 -> 0 | DZ13: =+DY13/$E13 -> #DIV/0! | EA13: =+DY13*$H$8 -> 0 | EC13: =+EB13/$E13 -> #DIV/0! | ED13: =+EB13*$H$8 -> 0 | EF13: =+EE13/$E13 -> #DIV/0! | EG13: =+EE13*$H$8 -> 0 | EI13: =+EH13/$E13 -> #DIV/0! | EJ13: =+EH13*$H$8 -> 0 | EL13: =+EK13/$E13 -> #DIV/0! | EM13: =+EK13*$H$8 -> 0 | EO13: =+EN13/$E13 -> #DIV/0! | EP13: =+EN13*$H$8 -> 0 | ER13: =+EQ13/$E13 -> #DIV/0! | ES13: =+EQ13*$H$8 -> 0 | EU13: =+ET13/$E13 -> #DIV/0! | EV13: =+ET13*$H$8 -> 0 | EX13: =+EW13/$E13 -> #DIV/0! | EY13: =+EW13*$H$8 -> 0 | FA13: =+EZ13/$E13 -> #DIV/0! | FB13: =+EZ13*$H$8 -> 0 | FD13: =+FC13/$E13 -> #DIV/0! | FE13: =+FC13*$H$8 -> 0 | FG13: =+FF13/$E13 -> #DIV/0! | FH13: =+FF13*$H$8 -> 0 | FJ13: =+FI13/$E13 -> #DIV/0! | FK13: =+FI13*$H$8 -> 0 | FM13: =+FL13/$E13 -> #DIV/0! | FN13: =+FL13*$H$8 -> 0 | FP13: =+FO13/$E13 -> #DIV/0! | FQ13: =+FO13*$H$8 -> 0 | FS13: =+FR13/$E13 -> #DIV/0! | FT13: =+FR13*$H$8 -> 0 | FV13: =+FU13/$E13 -> #DIV/0! | FW13: =+FU13*$H$8 -> 0 | FY13: =+FX13/$E13 -> #DIV/0! | FZ13: =+FX13*$H$8 -> 0 | GB13: =+GA13/$E13 -> #DIV/0! | GC13: =+GA13*$H$8 -> 0 | GE13: =+GD13/$E13 -> #DIV/0! | GF13: =+GD13*$H$8 -> 0 | GH13: =+GG13/$E13 -> #DIV/0! | GI13: =+GG13*$H$8 -> 0 | GK13: =+GJ13/$E13 -> #DIV/0! | GL13: =+GJ13*$H$8 -> 0 | GN13: =+GM13/$E13 -> #DIV/0! | GO13: =+GM13*$H$8 -> 0 | GQ13: =+GP13/$E13 -> #DIV/0! | GR13: =+GP13*$H$8 -> 0 | GT13: =+GS13/$E13 -> #DIV/0! | GU13: =+GS13*$H$8 -> 0 | GW13: =+GV13/$E13 -> #DIV/0! | GX13: =+GV13*$H$8 -> 0 | GZ13: =+GY13/$E13 -> #DIV/0! | HA13: =+GY13*$H$8 -> 0 | HC13: =+HB13/$E13 -> #DIV/0! | HD13: =+HB13*$H$8 -> 0 | HF13: =+HE13/$E13 -> #DIV/0! | HG13: =+HE13*$H$8 -> 0 | HI13: =+HH13/$E13 -> #DIV/0! | HJ13: =+HH13*$H$8 -> 0 | HL13: =+HK13/$E13 -> #DIV/0! | HM13: =+HK13*$H$8 -> 0 | HO13: =+HN13/$E13 -> #DIV/0! | HP13: =+HN13*$H$8 -> 0 | HR13: =+HQ13/$E13 -> #DIV/0! | HS13: =+HQ13*$H$8 -> 0 | HU13: =+HT13/$E13 -> #DIV/0! | HV13: =+HT13*$H$8 -> 0 | HX13: =+HW13/$E13 -> #DIV/0! | HY13: =+HW13*$H$8 -> 0 | IA13: =+HZ13/$E13 -> #DIV/0! | IB13: =+HZ13*$H$8 -> 0 | ID13: =+IC13/$E13 -> #DIV/0! | IE13: =+IC13*$H$8 -> 0 | IG13: =+IF13/$E13 -> #DIV/0! | IH13: =+IF13*$H$8 -> 0 | IJ13: =+II13/$E13 -> #DIV/0! | IK13: =+II13*$H$8 -> 0 | IM13: =+IL13/$E13 -> #DIV/0! | IN13: =+IL13*$H$8 -> 0 | IP13: =+IO13/$E13 -> #DIV/0! | IQ13: =+IO13*$H$8 -> 0 | IS13: =+IR13/$E13 -> #DIV/0! | IT13: =+IR13*$H$8 -> 0 | IV13: =+IU13/$E13 -> #DIV/0! | IW13: =+IU13*$H$8 -> 0 | IY13: =+IX13/$E13 -> #DIV/0! | IZ13: =+IX13*$H$8 -> 0 | JB13: =+JA13/$E13 -> #DIV/0! | JC13: =+JA13*$H$8 -> 0 | JE13: =+JD13/$E13 -> #DIV/0! | JF13: =+JD13*$H$8 -> 0 | JH13: =+JG13/$E13 -> #DIV/0! | JI13: =+JG13*$H$8 -> 0 | JK13: =IFERROR((JJ13/$L13),"0") -> 0 | JL13: =IFERROR(((JJ13*JL$8)/$L13),"0") -> 0 | JN13: =IFERROR((JM13/$L13),"0") -> 0 | JO13: =IFERROR(((JM13*JO$8)/$L13),"0") -> 0 | JQ13: =IFERROR((JP13/$L13),"0") -> 0 | JR13: =IFERROR(((JP13*JR$8)/$L13),"0") -> 0 | JT13: =IFERROR((JS13/$L13),"0") -> 0 | JU13: =IFERROR(((JS13*JU$8)/$L13),"0") -> 0 | JW13: =IFERROR((JV13/$L13),"0") -> 0 | JX13: =IFERROR(((JV13*JX$8)/$L13),"0") -> 0 | JZ13: =IFERROR((JY13/$L13),"0") -> 0 | KA13: =IFERROR(((JY13*KA$8)/$L13),"0") -> 0 | KC13: =IFERROR((KB13/$L13),"0") -> 0 | KD13: =IFERROR(((KB13*KD$8)/$L13),"0") -> 0 | KF13: =IFERROR((KE13/$L13),"0") -> 0 | KG13: =IFERROR(((KE13*KG$8)/$L13),"0") -> 0 | KI13: =IFERROR((KH13/$L13),"0") -> 0 | KJ13: =IFERROR(((KH13*KJ$8)/$L13),"0") -> 0 | KL13: =IFERROR((KK13/$L13),"0") -> 0 | KM13: =IFERROR(((KK13*KM$8)/$L13),"0") -> 0 | KO13: =IFERROR((KN13/$L13),"0") -> 0 | KP13: =IFERROR(((KN13*KP$8)/$L13),"0") -> 0 | KR13: =IFERROR((KQ13/$L13),"0") -> 0 | KS13: =IFERROR(((KQ13*KS$8)/$L13),"0") -> 0 | KT13: =H13+K13+N13+Q13+T13+W13+Z13+AC13+AF13+AI13+AL13+AO13+AR13+AU13+AX13+BA13+BD13+BG13+BJ13+BM13+BP13+BS13+BV13+BY13+CB13+CE13+CH13+CK13+CN13+CQ13+CT13+CW13+CZ13+DC13+DF13+DI13+DL13+DO13+DR13+DU13+DX13+EA13+ED13+EG13+EJ13+EM13+EP13+ES13+EV13+EY13+FB13+FE13+FH13+FK13+FN13+FQ13+FT13+FW13+FZ13+GC13 -> 0 | KU13: =GF13+GI13+GL13+GO13+GR13+GU13+GX13+HA13+HD13+HG13+HJ13+HM13+HP13+HS13+HV13+HY13+IB13+IE13+IH13+IK13+IN13+IQ13+IT13+IW13+IZ13+JC13+JF13+JI13+JL13+JO13+JR13+JU13+JX13++KA13+KD13+KG13+KJ13++KM13+KP13+KS13 -> 0 | KV13: =+F13+I13+L13+O13+R13+U13+X13+AA13+AD13+AG13+AJ13+AM13+AP13+AS13+AV13+AY13+BB13+BE13+BH13+BK13+BN13+BQ13+BT13+BW13+BZ13+CC13+CF13+CI13+CL13+CO13+CR13+CU13+CX13+DA13+DD13+DJ13+DM13+DP13+DS13+DV13+DY13+EB13+GG13+GJ13+GM13+GP13+GS13+HN13+II13+IR13+GV13+IU13++HT13+HW13+HZ13+IC13+JA13+JJ13+JM13+HB13+EE13+GD13+EH13 -> 0
