Workbook

Sheet Report1
A3: PAPER MACHINE 14 DAILY REPORT 1
A6: Date | B6: Grade | C6: GSM | D6: Speed yankee (mpm) | E6: Speed reel (mpm) | F6: Creep ( % ) | G6: Real Eff PM ( % ) | H6: Real Eff PM vs Target (%) | I6: Real Eff FG vs Real Eff PM (%) | J6: Eff FG vs Target (%) | L6: Kapasitas Target (ton) | N6: Kapasitas Teori Real (ton) | P6: PM PROD Timbangan (TON) | R6: FINSHED GOODS (TON) | T6: GAS HOOD | Z6: STEAM (TON) | AF6: POWER (kWh) | BA6: Kapasitas Running (ton) | BC6: Eff FG vs Target Running(%)
T7: CONSUMPTION | V7: /TON PM. | X7: /TON FG. | Z7: CONSUMPTION | AB7: /TON PM. | AD7: /TON FG. | AF7: CONSUMPTION | AH7: /TON PM | AJ7: /TON FG | AL7: Gas based on report DCS | AO7: total | AP7: Flowmeter | AQ7: Selisih | AR7: % pengali | AU7: Adjust | AX7: PEMAKAIAN GAS
J8: TODAY | K8: TODATE | L8: TODAY | M8: TODATE | N8: TODAY | O8: TODATE | P8: TODAY | Q8: TODATE | R8: TODAY | S8: TODATE | T8: TODAY | U8: TODATE | V8: TODAY | W8: TODATE | X8: TODAY | Y8: TODATE | Z8: TODAY | AA8: TODATE | AB8: TODAY | AC8: TODATE | AD8: TODAY | AE8: TODATE | AF8: TODAY | AG8: TODATE | AH8: TODAY | AI8: TODATE | AJ8: TODAY | AK8: TODATE | AL8: 14 | AM8: 15 | AN8: 17 | AP8: PGN | AU8: 14 | AV8: 15 | AW8: 17 | AX8: 14 | AY8: 15 | AZ8: 17 | BA8: TODAY | BB8: TODATE | BC8: TODAY | BD8: TODATE
A9: 45992 | B9: Facial | C9: 14 | D9: =+'1'!F42 -> 1144.9714 | E9: =+'1'!G42 -> 870.17829 | F9: =1-(E9/D9) -> 0.24 | G9: =+P9/N9 -> 0.54265103 | H9: =+P9/L9 -> 0.54265103 | I9: =+R9/P9 -> 0.94093168 | J9: =+R9/L9 -> 0.51059755 | K9: =+S9/M9 -> 0.51059755 | L9: =+Efficiency1!K6 -> 45.611265 | M9: =L9 -> 45.611265 | N9: =+Efficiency1!C6 -> 45.611265 | O9: =N9 -> 45.611265 | P9: ='1'!I38 -> 24.751 | Q9: =P9 -> 24.751 | R9: ='1'!I40 -> 23.289 | S9: =R9 -> 23.289 | T9: =+AX9 -> 2979.9449 | U9: =T9 -> 2979.9449 | V9: =T9/P9 -> 120.39695 | W9: =U9/Q9 -> 120.39695 | X9: =IF(AND(R9>0,T9>0),(T9/(R9*1000))*1000,0) -> 127.95504 | Y9: =IF(AND(S9>0,U9>0),U9/S9,0) -> 127.95504 | Z9: 35.7 | AA9: =Z9 -> 35.7 | AB9: =Z9/(P9) -> 1.442366 | AC9: =AA9/(Q9) -> 1.442366 | AD9: =IF(AND(R9>0,Z9>0),Z9/(R9),0) -> 1.5329125 | AE9: =IF(AND(S9>0,AA9>0),AA9/(S9),0) -> 1.5329125 | AF9: ='1'!I46 -> 37346.66 | AG9: =AF9 -> 37346.66 | AH9: =IF(AND(L9>0,AF9>0),(AF9/(P9*1000)*1000),0) -> 1508.895 | AI9: =IF(AND(M9>0,AG9>0),(AG9/(Q9*1000)*1000),0) -> 1508.895 | AJ9: =IF(AND(R9>0,AF9>0),(AF9/(R9*1000)*1000),0) -> 1603.618 | AK9: =IF(AND(S9>0,AG9>0),(AG9/(S9*1000)*1000),0) -> 1603.618 | AL9: 2916.1 | AM9: 4471.7 | AN9: 3875.6 | AO9: =SUM(AL9:AN9) -> 11263.4 | AP9: =+[1]Des!N4 -> 11510 | AQ9: =+AP9-AO9 -> 246.6 | AR9: =+AL9/AO9 -> 0.25890051 | AS9: =+AM9/AO9 -> 0.39701156 | AT9: =1-AR9-AS9 -> 0.34408793 | AU9: =+AR9*AQ9 -> 63.844866 | AV9: =+AS9*AQ9 -> 97.903051 | AW9: =+AT9*AQ9 -> 84.852084 | AX9: =+AL9+AU9 -> 2979.9449 | AY9: =+AM9+AV9 -> 4569.6031 | AZ9: =+AN9+AW9 -> 3960.4521 | BA9: =+Efficiency2!K6 -> 45.611265 | BB9: =BA9 -> 45.611265 | BC9: =+R9/BA9 -> 0.51059755 | BD9: =+S9/BB9 -> 0.51059755
A10: =A9+1 -> 45993 | B10: Facial | C10: 14/15 | D10: =+'2'!F42 -> 1111.6667 | E10: =+'2'!G42 -> 844.86667 | F10: =1-(E10/D10) -> 0.24 | G10: =+P10/N10 -> 0.95800192 | H10: =+P10/L10 -> 0.95800192 | I10: =+R10/P10 -> 0.95611441 | J10: =+R10/L10 -> 0.91595944 | K10: =+S10/M10 -> 0.71466356 | L10: =+SUM(Efficiency1!K12:K13) -> 46.238947 | M10: =M9+L10 -> 91.850212 | N10: =+SUM(Efficiency1!C12:C13) -> 46.238947 | O10: =O9+N10 -> 91.850212 | P10: ='2'!I38 -> 44.297 | Q10: =Q9+P10 -> 69.048 | R10: ='2'!I40 -> 42.353 | S10: =S9+R10 -> 65.642 | T10: =+AX10 -> 4610.0129 | U10: =T10+U9 -> 7589.9578 | V10: =T10/P10 -> 104.07055 | W10: =U10/Q10 -> 109.92292 | X10: =IF(AND(R10>0,T10>0),(T10/(R10*1000))*1000,0) -> 108.84738 | Y10: =IF(AND(S10>0,U10>0),U10/S10,0) -> 115.62655 | Z10: 54.4 | AA10: =Z10+AA9 -> 90.1 | AB10: =Z10/(P10) -> 1.2280741 | AC10: =AA10/(Q10) -> 1.3048894 | AD10: =IF(AND(R10>0,Z10>0),Z10/(R10),0) -> 1.2844427 | AE10: =IF(AND(S10>0,AA10>0),AA10/(S10),0) -> 1.3725968 | AF10: ='2'!I46 -> 33715.9 | AG10: =AF10+AG9 -> 71062.56 | AH10: =IF(AND(L10>0,AF10>0),(AF10/(P10*1000)*1000),0) -> 761.13281 | AI10: =IF(AND(M10>0,AG10>0),(AG10/(Q10*1000)*1000),0) -> 1029.1762 | AJ10: =IF(AND(R10>0,AF10>0),(AF10/(R10*1000)*1000),0) -> 796.06876 | AK10: =IF(AND(S10>0,AG10>0),(AG10/(S10*1000)*1000),0) -> 1082.5776 | AL10: 4886.6 | AM10: 5539.8 | AN10: 3818.9 | AO10: =SUM(AL10:AN10) -> 14245.3 | AP10: =+[1]Des!N5 -> 13439 | AQ10: =+AP10-AO10 -> -806.3 | AR10: =+AL10/AO10 -> 0.34303244 | AS10: =+AM10/AO10 -> 0.38888616 | AT10: =1-AR10-AS10 -> 0.2680814 | AU10: =+AR10*AQ10 -> -276.58706 | AV10: =+AS10*AQ10 -> -313.55891 | AW10: =+AT10*AQ10 -> -216.15403 | AX10: =+AL10+AU10 -> 4610.0129 | AY10: =+AM10+AV10 -> 5226.2411 | AZ10: =+AN10+AW10 -> 3602.746 | BA10: =+SUM(Efficiency2!K12:K13) -> 46.238947 | BB10: =BB9+BA10 -> 91.850212 | BC10: =+R10/BA10 -> 0.91595944 | BD10: =+S10/BB10 -> 0.71466356
A11: =A10+1 -> 45994 | B11: Facial | C11: 15 | D11: =+'3'!F42 -> 1090 | E11: =+'3'!G42 -> 828.4 | F11: =1-(E11/D11) -> 0.24 | G11: =+P11/N11 -> 0.95794971 | H11: =+P11/L11 -> 0.95794971 | I11: =+R11/P11 -> 0.95660992 | J11: =+R11/L11 -> 0.9163842 | K11: =+S11/M11 -> 0.7817886 | L11: =+Efficiency1!K16 -> 45.807206 | M11: =M10+L11 -> 137.65742 | N11: =+Efficiency1!C16 -> 45.807206 | O11: =O10+N11 -> 137.65742 | P11: ='3'!I38 -> 43.881 | Q11: =Q10+P11 -> 112.929 | R11: ='3'!I40 -> 41.977 | S11: =S10+R11 -> 107.619 | T11: =+AX11 -> 4861.9607 | U11: =T11+U10 -> 12451.919 | V11: =T11/P11 -> 110.79877 | W11: =U11/Q11 -> 110.26325 | X11: =IF(AND(R11>0,T11>0),(T11/(R11*1000))*1000,0) -> 115.8244 | Y11: =IF(AND(S11>0,U11>0),U11/S11,0) -> 115.70372 | Z11: 52.6 | AA11: =Z11+AA10 -> 142.7 | AB11: =Z11/(P11) -> 1.1986965 | AC11: =AA11/(Q11) -> 1.2636258 | AD11: =IF(AND(R11>0,Z11>0),Z11/(R11),0) -> 1.2530672 | AE11: =IF(AND(S11>0,AA11>0),AA11/(S11),0) -> 1.325974 | AF11: ='3'!I46 -> 40608.84 | AG11: =AF11+AG10 -> 111671.4 | AH11: =IF(AND(L11>0,AF11>0),(AF11/(P11*1000)*1000),0) -> 925.43105 | AI11: =IF(AND(M11>0,AG11>0),(AG11/(Q11*1000)*1000),0) -> 988.8638 | AJ11: =IF(AND(R11>0,AF11>0),(AF11/(R11*1000)*1000),0) -> 967.40691 | AK11: =IF(AND(S11>0,AG11>0),(AG11/(S11*1000)*1000),0) -> 1037.6551 | AL11: 5147.9 | AM11: 5599.4 | AN11: 3774.3 | AO11: =SUM(AL11:AN11) -> 14521.6 | AP11: =+[1]Des!N6 -> 13715 | AQ11: =+AP11-AO11 -> -806.6 | AR11: =+AL11/AO11 -> 0.3544995 | AS11: =+AM11/AO11 -> 0.38559112 | AT11: =1-AR11-AS11 -> 0.25990938 | AU11: =+AR11*AQ11 -> -285.9393 | AV11: =+AS11*AQ11 -> -311.0178 | AW11: =+AT11*AQ11 -> -209.6429 | AX11: =+AL11+AU11 -> 4861.9607 | AY11: =+AM11+AV11 -> 5288.3822 | AZ11: =+AN11+AW11 -> 3564.6571 | BA11: =+Efficiency2!K16 -> 45.807206 | BB11: =BB10+BA11 -> 137.65742 | BC11: =+R11/BA11 -> 0.9163842 | BD11: =+S11/BB11 -> 0.7817886
A12: =A11+1 -> 45995 | B12: Facial | C12: 15/14 | D12: =+'4'!F42 -> 1100.2083 | E12: =+'4'!G42 -> 836.15833 | F12: =1-(E12/D12) -> 0.24 | G12: =+P12/N12 -> 0.98384602 | H12: =+P12/L12 -> 0.98384602 | I12: =+R12/P12 -> 0.90973339 | J12: =+R12/L12 -> 0.89503757 | K12: =+S12/M12 -> 0.80962902 | L12: =+SUM(Efficiency1!K20:K21) -> 44.871859 | M12: =M11+L12 -> 182.52928 | N12: =+SUM(Efficiency1!C20:C21) -> 44.871859 | O12: =O11+N12 -> 182.52928 | P12: ='4'!I38 -> 44.147 | Q12: =Q11+P12 -> 157.076 | R12: ='4'!I40 -> 40.162 | S12: =S11+R12 -> 147.781 | T12: =+AX12 -> 4821.1627 | U12: =T12+U11 -> 17273.081 | V12: =T12/P12 -> 109.20703 | W12: =U12/Q12 -> 109.96639 | X12: =IF(AND(R12>0,T12>0),(T12/(R12*1000))*1000,0) -> 120.04289 | Y12: =IF(AND(S12>0,U12>0),U12/S12,0) -> 116.88296 | Z12: 51.8 | AA12: =Z12+AA11 -> 194.5 | AB12: =Z12/(P12) -> 1.1733527 | AC12: =AA12/(Q12) -> 1.2382541 | AD12: =IF(AND(R12>0,Z12>0),Z12/(R12),0) -> 1.2897764 | AE12: =IF(AND(S12>0,AA12>0),AA12/(S12),0) -> 1.3161367 | AF12: ='4'!I46 -> 32531.52 | AG12: =AF12+AG11 -> 144202.92 | AH12: =IF(AND(L12>0,AF12>0),(AF12/(P12*1000)*1000),0) -> 736.89084 | AI12: =IF(AND(M12>0,AG12>0),(AG12/(Q12*1000)*1000),0) -> 918.04553 | AJ12: =IF(AND(R12>0,AF12>0),(AF12/(R12*1000)*1000),0) -> 810.00747 | AK12: =IF(AND(S12>0,AG12>0),(AG12/(S12*1000)*1000),0) -> 975.78796 | AL12: 5114.6 | AM12: 5480.3 | AN12: 3739.5 | AO12: =SUM(AL12:AN12) -> 14334.4 | AP12: =+[1]Des!N7 -> 13512 | AQ12: =+AP12-AO12 -> -822.4 | AR12: =+AL12/AO12 -> 0.35680601 | AS12: =+AM12/AO12 -> 0.38231806 | AT12: =1-AR12-AS12 -> 0.26087593 | AU12: =+AR12*AQ12 -> -293.43726 | AV12: =+AS12*AQ12 -> -314.41837 | AW12: =+AT12*AQ12 -> -214.54437 | AX12: =+AL12+AU12 -> 4821.1627 | AY12: =+AM12+AV12 -> 5165.8816 | AZ12: =+AN12+AW12 -> 3524.9556 | BA12: =+SUM(Efficiency2!K20:K21) -> 44.871859 | BB12: =BB11+BA12 -> 182.52928 | BC12: =+R12/BA12 -> 0.89503757 | BD12: =+S12/BB12 -> 0.80962902
A13: =A12+1 -> 45996 | B13: Facial | C13: 14 | D13: =+'5'!F42 -> 1100 | E13: =+'5'!G42 -> 836 | F13: =1-(E13/D13) -> 0.24 | G13: =+P13/N13 -> 0.97655828 | H13: =+P13/L13 -> 0.97655828 | I13: =+R13/P13 -> 1.059571 | J13: =+R13/L13 -> 1.0347328 | K13: =+S13/M13 -> 0.85309468 | L13: =+Efficiency1!K24 -> 43.678909 | M13: =M12+L13 -> 226.20819 | N13: =+Efficiency1!C24 -> 43.678909 | O13: =O12+N13 -> 226.20819 | P13: ='5'!I38 -> 42.655 | Q13: =Q12+P13 -> 199.731 | R13: ='5'!I40 -> 45.196 | S13: =S12+R13 -> 192.977 | T13: =+AX13 -> 4780.3968 | U13: =T13+U12 -> 22053.478 | V13: =T13/P13 -> 112.07119 | W13: =U13/Q13 -> 110.4159 | X13: =IF(AND(R13>0,T13>0),(T13/(R13*1000))*1000,0) -> 105.77035 | Y13: =IF(AND(S13>0,U13>0),U13/S13,0) -> 114.28034 | Z13: 54.4 | AA13: =Z13+AA12 -> 248.9 | AB13: =Z13/(P13) -> 1.2753487 | AC13: =AA13/(Q13) -> 1.2461761 | AD13: =IF(AND(R13>0,Z13>0),Z13/(R13),0) -> 1.2036463 | AE13: =IF(AND(S13>0,AA13>0),AA13/(S13),0) -> 1.289791 | AF13: ='5'!I46 -> 34323.82 | AG13: =AF13+AG12 -> 178526.74 | AH13: =IF(AND(L13>0,AF13>0),(AF13/(P13*1000)*1000),0) -> 804.68456 | AI13: =IF(AND(M13>0,AG13>0),(AG13/(Q13*1000)*1000),0) -> 893.83591 | AJ13: =IF(AND(R13>0,AF13>0),(AF13/(R13*1000)*1000),0) -> 759.44376 | AK13: =IF(AND(S13>0,AG13>0),(AG13/(S13*1000)*1000),0) -> 925.11926 | AL13: 4900.7 | AM13: 5554.9 | AN13: 1744.9 | AO13: =SUM(AL13:AN13) -> 12200.5 | AP13: =+[1]Des!N8 -> 11901 | AQ13: =+AP13-AO13 -> -299.5 | AR13: =+AL13/AO13 -> 0.40168026 | AS13: =+AM13/AO13 -> 0.45530101 | AT13: =1-AR13-AS13 -> 0.14301873 | AU13: =+AR13*AQ13 -> -120.30324 | AV13: =+AS13*AQ13 -> -136.36265 | AW13: =+AT13*AQ13 -> -42.834109 | AX13: =+AL13+AU13 -> 4780.3968 | AY13: =+AM13+AV13 -> 5418.5373 | AZ13: =+AN13+AW13 -> 1702.0659 | BA13: =+Efficiency2!K24 -> 43.678909 | BB13: =BB12+BA13 -> 226.20819 | BC13: =+R13/BA13 -> 1.0347328 | BD13: =+S13/BB13 -> 0.85309468
A14: =A13+1 -> 45997 | B14: Facial | C14: 14 | D14: =+'6'!F42 -> 1100 | E14: =+'6'!G42 -> 836 | F14: =1-(E14/D14) -> 0.24 | G14: =+P14/N14 -> 0.96226938 | H14: =+P14/L14 -> 0.96226938 | I14: =+R14/P14 -> 0.9654991 | J14: =+R14/L14 -> 0.92907022 | K14: =+S14/M14 -> 0.86534015 | L14: =+Efficiency1!K28 -> 43.46496 | M14: =M13+L14 -> 269.67315 | N14: =+Efficiency1!C28 -> 43.46496 | O14: =O13+N14 -> 269.67315 | P14: ='6'!I38 -> 41.825 | Q14: =Q13+P14 -> 241.556 | R14: ='6'!I40 -> 40.382 | S14: =S13+R14 -> 233.359 | T14: =+AX14 -> 4624.4872 | U14: =T14+U13 -> 26677.965 | V14: =T14/P14 -> 110.56754 | W14: =U14/Q14 -> 110.44216 | X14: =IF(AND(R14>0,T14>0),(T14/(R14*1000))*1000,0) -> 114.51853 | Y14: =IF(AND(S14>0,U14>0),U14/S14,0) -> 114.32156 | Z14: 55.6 | AA14: =Z14+AA13 -> 304.5 | AB14: =Z14/(P14) -> 1.3293485 | AC14: =AA14/(Q14) -> 1.2605773 | AD14: =IF(AND(R14>0,Z14>0),Z14/(R14),0) -> 1.3768511 | AE14: =IF(AND(S14>0,AA14>0),AA14/(S14),0) -> 1.3048565 | AF14: ='6'!I46 -> 33993.98 | AG14: =AF14+AG13 -> 212520.72 | AH14: =IF(AND(L14>0,AF14>0),(AF14/(P14*1000)*1000),0) -> 812.76701 | AI14: =IF(AND(M14>0,AG14>0),(AG14/(Q14*1000)*1000),0) -> 879.79897 | AJ14: =IF(AND(R14>0,AF14>0),(AF14/(R14*1000)*1000),0) -> 841.81021 | AK14: =IF(AND(S14>0,AG14>0),(AG14/(S14*1000)*1000),0) -> 910.70291 | AL14: 4905.3 | AM14: 5494.7 | AN14: 3918.7 | AO14: =SUM(AL14:AN14) -> 14318.7 | AP14: =+[1]Des!N9 -> 13499 | AQ14: =+AP14-AO14 -> -819.7 | AR14: =+AL14/AO14 -> 0.34257998 | AS14: =+AM14/AO14 -> 0.38374294 | AT14: =1-AR14-AS14 -> 0.27367708 | AU14: =+AR14*AQ14 -> -280.81281 | AV14: =+AS14*AQ14 -> -314.55409 | AW14: =+AT14*AQ14 -> -224.3331 | AX14: =+AL14+AU14 -> 4624.4872 | AY14: =+AM14+AV14 -> 5180.1459 | AZ14: =+AN14+AW14 -> 3694.3669 | BA14: =+Efficiency2!K28 -> 43.46496 | BB14: =BB13+BA14 -> 269.67315 | BC14: =+R14/BA14 -> 0.92907022 | BD14: =+S14/BB14 -> 0.86534015
A15: =A14+1 -> 45998 | B15: Facial | C15: 14 | D15: =+'7'!F42 -> 1071.0278 | E15: =+'7'!G42 -> 813.98111 | F15: =1-(E15/D15) -> 0.24 | G15: =+P15/N15 -> 0.97807055 | H15: =+P15/L15 -> 0.97807055 | I15: =+R15/P15 -> 0.99942487 | J15: =+R15/L15 -> 0.97750804 | K15: =+S15/M15 -> 0.88066234 | L15: =+Efficiency1!K32 -> 42.665634 | M15: =M14+L15 -> 312.33878 | N15: =+Efficiency1!C32 -> 42.665634 | O15: =O14+N15 -> 312.33878 | P15: ='7'!I38 -> 41.73 | Q15: =Q14+P15 -> 283.286 | R15: ='7'!I40 -> 41.706 | S15: =S14+R15 -> 275.065 | T15: =+AX15 -> 4795.9417 | U15: =T15+U14 -> 31473.907 | V15: =T15/P15 -> 114.92791 | W15: =U15/Q15 -> 111.10294 | X15: =IF(AND(R15>0,T15>0),(T15/(R15*1000))*1000,0) -> 114.99405 | Y15: =IF(AND(S15>0,U15>0),U15/S15,0) -> 114.42352 | Z15: 54.6 | AA15: =Z15+AA14 -> 359.1 | AB15: =Z15/(P15) -> 1.3084112 | AC15: =AA15/(Q15) -> 1.2676235 | AD15: =IF(AND(R15>0,Z15>0),Z15/(R15),0) -> 1.3091641 | AE15: =IF(AND(S15>0,AA15>0),AA15/(S15),0) -> 1.3055096 | AF15: ='7'!I46 -> 38483.58 | AG15: =AF15+AG14 -> 251004.3 | AH15: =IF(AND(L15>0,AF15>0),(AF15/(P15*1000)*1000),0) -> 922.20417 | AI15: =IF(AND(M15>0,AG15>0),(AG15/(Q15*1000)*1000),0) -> 886.04555 | AJ15: =IF(AND(R15>0,AF15>0),(AF15/(R15*1000)*1000),0) -> 922.73486 | AK15: =IF(AND(S15>0,AG15>0),(AG15/(S15*1000)*1000),0) -> 912.52722 | AL15: 4965.7 | AM15: 4865.2 | AN15: 4005.1 | AO15: =SUM(AL15:AN15) -> 13836 | AP15: =+[1]Des!N10 -> 13363 | AQ15: =+AP15-AO15 -> -473 | AR15: =+AL15/AO15 -> 0.35889708 | AS15: =+AM15/AO15 -> 0.35163342 | AT15: =1-AR15-AS15 -> 0.2894695 | AU15: =+AR15*AQ15 -> -169.75832 | AV15: =+AS15*AQ15 -> -166.32261 | AW15: =+AT15*AQ15 -> -136.91907 | AX15: =+AL15+AU15 -> 4795.9417 | AY15: =+AM15+AV15 -> 4698.8774 | AZ15: =+AN15+AW15 -> 3868.1809 | BA15: =+Efficiency2!K32 -> 42.665634 | BB15: =BB14+BA15 -> 312.33878 | BC15: =+R15/BA15 -> 0.97750804 | BD15: =+S15/BB15 -> 0.88066234
A16: =A15+1 -> 45999 | B16: Facial/Toilet | C16: 14/12/13 | D16: =+'8'!F42 -> 1156.5278 | E16: =+'8'!G42 -> 919.31111 | F16: =1-(E16/D16) -> 0.20511108 | G16: =+P16/N16 -> 0.915493 | H16: =+P16/L16 -> 0.88801259 | I16: =+R16/P16 -> 0.9627206 | J16: =+R16/L16 -> 0.85490802 | K16: =+S16/M16 -> 0.87750063 | L16: =+SUM(Efficiency1!K36:K38) -> 43.709966 | M16: =M15+L16 -> 356.04875 | N16: =+SUM(Efficiency1!C36:C38) -> 42.397921 | O16: =O15+N16 -> 354.7367 | P16: ='8'!I38 -> 38.815 | Q16: =Q15+P16 -> 322.101 | R16: ='8'!I40 -> 37.368 | S16: =S15+R16 -> 312.433 | T16: =+AX16 -> 5056.3638 | U16: =T16+U15 -> 36530.271 | V16: =T16/P16 -> 130.26829 | W16: =U16/Q16 -> 113.41247 | X16: =IF(AND(R16>0,T16>0),(T16/(R16*1000))*1000,0) -> 135.31267 | Y16: =IF(AND(S16>0,U16>0),U16/S16,0) -> 116.92193 | Z16: 57 | AA16: =Z16+AA15 -> 416.1 | AB16: =Z16/(P16) -> 1.4685044 | AC16: =AA16/(Q16) -> 1.2918308 | AD16: =IF(AND(R16>0,Z16>0),Z16/(R16),0) -> 1.5253693 | AE16: =IF(AND(S16>0,AA16>0),AA16/(S16),0) -> 1.3318055 | AF16: ='8'!I46 -> 36590.38 | AG16: =AF16+AG15 -> 287594.68 | AH16: =IF(AND(L16>0,AF16>0),(AF16/(P16*1000)*1000),0) -> 942.68659 | AI16: =IF(AND(M16>0,AG16>0),(AG16/(Q16*1000)*1000),0) -> 892.87112 | AJ16: =IF(AND(R16>0,AF16>0),(AF16/(R16*1000)*1000),0) -> 979.19022 | AK16: =IF(AND(S16>0,AG16>0),(AG16/(S16*1000)*1000),0) -> 920.50033 | AL16: 5320.1 | AM16: 5397.7 | AN16: 3949.3 | AO16: =SUM(AL16:AN16) -> 14667.1 | AP16: =+[1]Des!N11 -> 13940 | AQ16: =+AP16-AO16 -> -727.1 | AR16: =+AL16/AO16 -> 0.36272337 | AS16: =+AM16/AO16 -> 0.36801413 | AT16: =1-AR16-AS16 -> 0.2692625 | AU16: =+AR16*AQ16 -> -263.73617 | AV16: =+AS16*AQ16 -> -267.58307 | AW16: =+AT16*AQ16 -> -195.78076 | AX16: =+AL16+AU16 -> 5056.3638 | AY16: =+AM16+AV16 -> 5130.1169 | AZ16: =+AN16+AW16 -> 3753.5192 | BA16: =+SUM(Efficiency2!K36:K38) -> 43.709966 | BB16: =BB15+BA16 -> 356.04875 | BC16: =+R16/BA16 -> 0.85490802 | BD16: =+S16/BB16 -> 0.87750063
A17: =A16+1 -> 46000 | B17: Toilet | C17: 13 | D17: =+'9'!F42 -> 1112.4653 | E17: =+'9'!G42 -> 846.10722 | F17: =1-(E17/D17) -> 0.23943044 | G17: =+P17/N17 -> 0.93351397 | H17: =+P17/L17 -> 0.93351397 | I17: =+R17/P17 -> 0.97457272 | J17: =+R17/L17 -> 0.90977725 | K17: =+S17/M17 -> 0.88082373 | L17: =+Efficiency1!K40 -> 40.864948 | M17: =M16+L17 -> 396.91369 | N17: =+Efficiency1!C40 -> 40.864948 | O17: =O16+N17 -> 395.60165 | P17: ='9'!I38 -> 38.148 | Q17: =Q16+P17 -> 360.249 | R17: ='9'!I40 -> 37.178 | S17: =S16+R17 -> 349.611 | T17: =+AX17 -> 5276.7246 | U17: =T17+U16 -> 41806.995 | V17: =T17/P17 -> 138.32244 | W17: =U17/Q17 -> 116.05027 | X17: =IF(AND(R17>0,T17>0),(T17/(R17*1000))*1000,0) -> 141.93137 | Y17: =IF(AND(S17>0,U17>0),U17/S17,0) -> 119.58146 | Z17: 54.1 | AA17: =Z17+AA16 -> 470.2 | AB17: =Z17/(P17) -> 1.4181608 | AC17: =AA17/(Q17) -> 1.3052083 | AD17: =IF(AND(R17>0,Z17>0),Z17/(R17),0) -> 1.4551617 | AE17: =IF(AND(S17>0,AA17>0),AA17/(S17),0) -> 1.3449234 | AF17: ='9'!I46 -> 39758.32 | AG17: =AF17+AG16 -> 327353 | AH17: =IF(AND(L17>0,AF17>0),(AF17/(P17*1000)*1000),0) -> 1042.2124 | AI17: =IF(AND(M17>0,AG17>0),(AG17/(Q17*1000)*1000),0) -> 908.68538 | AJ17: =IF(AND(R17>0,AF17>0),(AF17/(R17*1000)*1000),0) -> 1069.4045 | AK17: =IF(AND(S17>0,AG17>0),(AG17/(S17*1000)*1000),0) -> 936.33496 | AL17: 5463.3 | AM17: 4762.9 | AN17: 3937.5 | AO17: =SUM(AL17:AN17) -> 14163.7 | AP17: =+[1]Des!N12 -> 13680 | AQ17: =+AP17-AO17 -> -483.7 | AR17: =+AL17/AO17 -> 0.38572548 | AS17: =+AM17/AO17 -> 0.33627513 | AT17: =1-AR17-AS17 -> 0.27799939 | AU17: =+AR17*AQ17 -> -186.57542 | AV17: =+AS17*AQ17 -> -162.65628 | AW17: =+AT17*AQ17 -> -134.46831 | AX17: =+AL17+AU17 -> 5276.7246 | AY17: =+AM17+AV17 -> 4600.2437 | AZ17: =+AN17+AW17 -> 3803.0317 | BA17: =+Efficiency2!K40 -> 40.864948 | BB17: =BB16+BA17 -> 396.91369 | BC17: =+R17/BA17 -> 0.90977725 | BD17: =+S17/BB17 -> 0.88082373
A18: =A17+1 -> 46001 | B18: Toilet | C18: 13 | D18: =+'10'!F42 -> 1103.3333 | E18: =+'10'!G42 -> 845.86667 | F18: =1-(E18/D18) -> 0.23335347 | G18: =+P18/N18 -> 0.9494942 | H18: =+P18/L18 -> 0.9494942 | I18: =+R18/P18 -> 0.96994071 | J18: =+R18/L18 -> 0.92095308 | K18: =+S18/M18 -> 0.88456868 | L18: =+Efficiency1!K44 -> 40.85333 | M18: =M17+L18 -> 437.76702 | N18: =+Efficiency1!C44 -> 40.85333 | O18: =O17+N18 -> 436.45498 | P18: ='10'!I38 -> 38.79 | Q18: =Q17+P18 -> 399.039 | R18: ='10'!I40 -> 37.624 | S18: =S17+R18 -> 387.235 | T18: =+AX18 -> 5137.1497 | U18: =T18+U17 -> 46944.145 | V18: =T18/P18 -> 132.4349 | W18: =U18/Q18 -> 117.643 | X18: =IF(AND(R18>0,T18>0),(T18/(R18*1000))*1000,0) -> 136.53917 | Y18: =IF(AND(S18>0,U18>0),U18/S18,0) -> 121.22909 | Z18: 53.8 | AA18: =Z18+AA17 -> 524 | AB18: =Z18/(P18) -> 1.3869554 | AC18: =AA18/(Q18) -> 1.3131549 | AD18: =IF(AND(R18>0,Z18>0),Z18/(R18),0) -> 1.4299383 | AE18: =IF(AND(S18>0,AA18>0),AA18/(S18),0) -> 1.3531835 | AF18: ='10'!I46 -> 39012.6 | AG18: =AF18+AG17 -> 366365.6 | AH18: =IF(AND(L18>0,AF18>0),(AF18/(P18*1000)*1000),0) -> 1005.7386 | AI18: =IF(AND(M18>0,AG18>0),(AG18/(Q18*1000)*1000),0) -> 918.11978 | AJ18: =IF(AND(R18>0,AF18>0),(AF18/(R18*1000)*1000),0) -> 1036.9073 | AK18: =IF(AND(S18>0,AG18>0),(AG18/(S18*1000)*1000),0) -> 946.10663 | AL18: 5389.8 | AM18: 5098.8 | AN18: 4244 | AO18: =SUM(AL18:AN18) -> 14732.6 | AP18: =+[1]Des!N13 -> 14042 | AQ18: =+AP18-AO18 -> -690.6 | AR18: =+AL18/AO18 -> 0.36584174 | AS18: =+AM18/AO18 -> 0.34608962 | AT18: =1-AR18-AS18 -> 0.28806864 | AU18: =+AR18*AQ18 -> -252.6503 | AV18: =+AS18*AQ18 -> -239.00949 | AW18: =+AT18*AQ18 -> -198.9402 | AX18: =+AL18+AU18 -> 5137.1497 | AY18: =+AM18+AV18 -> 4859.7905 | AZ18: =+AN18+AW18 -> 4045.0598 | BA18: =+Efficiency2!K44 -> 40.85333 | BB18: =BB17+BA18 -> 437.76702 | BC18: =+R18/BA18 -> 0.92095308 | BD18: =+S18/BB18 -> 0.88456868
A19: =A18+1 -> 46002 | B19: Toilet | C19: 13/15 | D19: =+'11'!F42 -> 1100.6111 | E19: =+'11'!G42 -> 836.46444 | F19: =1-(E19/D19) -> 0.24 | G19: =+P19/N19 -> 0.90882766 | H19: =+P19/L19 -> 0.90882766 | I19: =+R19/P19 -> 0.98985774 | J19: =+R19/L19 -> 0.89961009 | K19: =+S19/M19 -> 0.88584767 | L19: =+SUM(Efficiency1!K48:K49) -> 40.683181 | M19: =M18+L19 -> 478.45021 | N19: =+SUM(Efficiency1!C48:C49) -> 40.683181 | O19: =O18+N19 -> 477.13816 | P19: ='11'!I38 -> 36.974 | Q19: =Q18+P19 -> 436.013 | R19: ='11'!I40 -> 36.599 | S19: =S18+R19 -> 423.834 | T19: =+AX19 -> 5162.7172 | U19: =T19+U18 -> 52106.862 | V19: =T19/P19 -> 139.63102 | W19: =U19/Q19 -> 119.50759 | X19: =IF(AND(R19>0,T19>0),(T19/(R19*1000))*1000,0) -> 141.0617 | Y19: =IF(AND(S19>0,U19>0),U19/S19,0) -> 122.94168 | Z19: 52.8 | AA19: =Z19+AA18 -> 576.8 | AB19: =Z19/(P19) -> 1.4280305 | AC19: =AA19/(Q19) -> 1.3228963 | AD19: =IF(AND(R19>0,Z19>0),Z19/(R19),0) -> 1.4426624 | AE19: =IF(AND(S19>0,AA19>0),AA19/(S19),0) -> 1.3609102 | AF19: ='11'!I46 -> 34865.24 | AG19: =AF19+AG18 -> 401230.84 | AH19: =IF(AND(L19>0,AF19>0),(AF19/(P19*1000)*1000),0) -> 942.96641 | AI19: =IF(AND(M19>0,AG19>0),(AG19/(Q19*1000)*1000),0) -> 920.22678 | AJ19: =IF(AND(R19>0,AF19>0),(AF19/(R19*1000)*1000),0) -> 952.62821 | AK19: =IF(AND(S19>0,AG19>0),(AG19/(S19*1000)*1000),0) -> 946.66978 | AL19: 5414.7 | AM19: 4329 | AN19: 4204.4 | AO19: =SUM(AL19:AN19) -> 13948.1 | AP19: =+[1]Des!N14 -> 13299 | AQ19: =+AP19-AO19 -> -649.1 | AR19: =+AL19/AO19 -> 0.38820341 | AS19: =+AM19/AO19 -> 0.31036485 | AT19: =1-AR19-AS19 -> 0.30143174 | AU19: =+AR19*AQ19 -> -251.98283 | AV19: =+AS19*AQ19 -> -201.45783 | AW19: =+AT19*AQ19 -> -195.65934 | AX19: =+AL19+AU19 -> 5162.7172 | AY19: =+AM19+AV19 -> 4127.5422 | AZ19: =+AN19+AW19 -> 4008.7407 | BA19: =+SUM(Efficiency2!K48:K49) -> 40.683181 | BB19: =BB18+BA19 -> 478.45021 | BC19: =+R19/BA19 -> 0.89961009 | BD19: =+S19/BB19 -> 0.88584767
A20: =A19+1 -> 46003 | B20: Toilet | C20: 15/12 | D20: =+'12'!F42 -> 1085.1389 | E20: =+'12'!G42 -> 823.49028 | F20: =1-(E20/D20) -> 0.24111993 | G20: =+P20/N20 -> 0.99600974 | H20: =+P20/L20 -> 0.98630598 | I20: =+R20/P20 -> 0.97688814 | J20: =+R20/L20 -> 0.96351061 | K20: =+S20/M20 -> 0.89226272 | L20: =+SUM(Efficiency1!K52:K53) -> 43.078924 | M20: =M19+L20 -> 521.52913 | N20: =+SUM(Efficiency1!C52:C53) -> 42.659221 | O20: =O19+N20 -> 519.79738 | P20: ='12'!I38 -> 42.489 | Q20: =Q19+P20 -> 478.502 | R20: ='12'!I40 -> 41.507 | S20: =S19+R20 -> 465.341 | T20: =+AX20 -> 5272.5428 | U20: =T20+U19 -> 57379.405 | V20: =T20/P20 -> 124.09195 | W20: =U20/Q20 -> 119.91466 | X20: =IF(AND(R20>0,T20>0),(T20/(R20*1000))*1000,0) -> 127.0278 | Y20: =IF(AND(S20>0,U20>0),U20/S20,0) -> 123.30615 | Z20: 52 | AA20: =Z20+AA19 -> 628.8 | AB20: =Z20/(P20) -> 1.2238462 | AC20: =AA20/(Q20) -> 1.3141011 | AD20: =IF(AND(R20>0,Z20>0),Z20/(R20),0) -> 1.2528007 | AE20: =IF(AND(S20>0,AA20>0),AA20/(S20),0) -> 1.3512671 | AF20: ='12'!I46 -> 41938.48 | AG20: =AF20+AG19 -> 443169.32 | AH20: =IF(AND(L20>0,AF20>0),(AF20/(P20*1000)*1000),0) -> 987.04323 | AI20: =IF(AND(M20>0,AG20>0),(AG20/(Q20*1000)*1000),0) -> 926.15981 | AJ20: =IF(AND(R20>0,AF20>0),(AF20/(R20*1000)*1000),0) -> 1010.3954 | AK20: =IF(AND(S20>0,AG20>0),(AG20/(S20*1000)*1000),0) -> 952.35391 | AL20: 5487.1 | AM20: 5093.5 | AN20: 4129.6 | AO20: =SUM(AL20:AN20) -> 14710.2 | AP20: =+[1]Des!N15 -> 14135 | AQ20: =+AP20-AO20 -> -575.2 | AR20: =+AL20/AO20 -> 0.37301328 | AS20: =+AM20/AO20 -> 0.34625634 | AT20: =1-AR20-AS20 -> 0.28073038 | AU20: =+AR20*AQ20 -> -214.55724 | AV20: =+AS20*AQ20 -> -199.16665 | AW20: =+AT20*AQ20 -> -161.47611 | AX20: =+AL20+AU20 -> 5272.5428 | AY20: =+AM20+AV20 -> 4894.3334 | AZ20: =+AN20+AW20 -> 3968.1239 | BA20: =+SUM(Efficiency2!K52:K53) -> 43.078924 | BB20: =BB19+BA20 -> 521.52913 | BC20: =+R20/BA20 -> 0.96351061 | BD20: =+S20/BB20 -> 0.89226272
A21: =A20+1 -> 46004 | B21: Toilet/Facial | C21: 12/12 | D21: =+'13'!F42 -> 1205.9653 | E21: =+'13'!G42 -> 912.46694 | F21: =1-(E21/D21) -> 0.24337213 | G21: =+P21/N21 -> 0.8776762 | H21: =+P21/L21 -> 0.86052922 | I21: =+R21/P21 -> 0.95096616 | J21: =+R21/L21 -> 0.81833417 | K21: =+S21/M21 -> 0.88679943 | L21: =+SUM(Efficiency1!K56:K57) -> 41.616251 | M21: =M20+L21 -> 563.14538 | N21: =+SUM(Efficiency1!C56:C57) -> 40.803203 | O21: =O20+N21 -> 560.60058 | P21: ='13'!I38 -> 35.812 | Q21: =Q20+P21 -> 514.314 | R21: ='13'!I40 -> 34.056 | S21: =S20+R21 -> 499.397 | T21: =+AX21 -> 4948.3811 | U21: =T21+U20 -> 62327.786 | V21: =T21/P21 -> 138.17662 | W21: =U21/Q21 -> 121.18625 | X21: =IF(AND(R21>0,T21>0),(T21/(R21*1000))*1000,0) -> 145.3013 | Y21: =IF(AND(S21>0,U21>0),U21/S21,0) -> 124.80609 | Z21: 51.3 | AA21: =Z21+AA20 -> 680.1 | AB21: =Z21/(P21) -> 1.4324807 | AC21: =AA21/(Q21) -> 1.3223439 | AD21: =IF(AND(R21>0,Z21>0),Z21/(R21),0) -> 1.5063425 | AE21: =IF(AND(S21>0,AA21>0),AA21/(S21),0) -> 1.3618424 | AF21: ='13'!I46 -> 40970.82 | AG21: =AF21+AG20 -> 484140.14 | AH21: =IF(AND(L21>0,AF21>0),(AF21/(P21*1000)*1000),0) -> 1144.0528 | AI21: =IF(AND(M21>0,AG21>0),(AG21/(Q21*1000)*1000),0) -> 941.33183 | AJ21: =IF(AND(R21>0,AF21>0),(AF21/(R21*1000)*1000),0) -> 1203.0426 | AK21: =IF(AND(S21>0,AG21>0),(AG21/(S21*1000)*1000),0) -> 969.44944 | AL21: 5554.2 | AM21: 5158.4 | AN21: 4036.1 | AO21: =SUM(AL21:AN21) -> 14748.7 | AP21: =+[1]Des!N16 -> 13140 | AQ21: =+AP21-AO21 -> -1608.7 | AR21: =+AL21/AO21 -> 0.37658912 | AS21: =+AM21/AO21 -> 0.34975286 | AT21: =1-AR21-AS21 -> 0.27365802 | AU21: =+AR21*AQ21 -> -605.81892 | AV21: =+AS21*AQ21 -> -562.64743 | AW21: =+AT21*AQ21 -> -440.23365 | AX21: =+AL21+AU21 -> 4948.3811 | AY21: =+AM21+AV21 -> 4595.7526 | AZ21: =+AN21+AW21 -> 3595.8663 | BA21: =+SUM(Efficiency2!K56:K57) -> 41.616251 | BB21: =BB20+BA21 -> 563.14538 | BC21: =+R21/BA21 -> 0.81833417 | BD21: =+S21/BB21 -> 0.88679943
A22: =A21+1 -> 46005 | B22: Facial | C22: 12 | D22: =+'14'!F42 -> 1195.75 | E22: =+'14'!G42 -> 882.72833 | F22: =1-(E22/D22) -> 0.26177852 | G22: =+P22/N22 -> 0.93714325 | H22: =+P22/L22 -> 0.88494106 | I22: =+R22/P22 -> 0.90602842 | J22: =+R22/L22 -> 0.80178174 | K22: =+S22/M22 -> 0.88095179 | L22: =+Efficiency1!K60 -> 41.594861 | M22: =M21+L22 -> 604.74024 | N22: =+Efficiency1!C60 -> 39.27788 | O22: =O21+N22 -> 599.87846 | P22: ='14'!I38 -> 36.809 | Q22: =Q21+P22 -> 551.123 | R22: ='14'!I40 -> 33.35 | S22: =S21+R22 -> 532.747 | T22: =+AX22 -> 4993.65 | U22: =T22+U21 -> 67321.436 | V22: =T22/P22 -> 135.66383 | W22: =U22/Q22 -> 122.1532 | X22: =IF(AND(R22>0,T22>0),(T22/(R22*1000))*1000,0) -> 149.73463 | Y22: =IF(AND(S22>0,U22>0),U22/S22,0) -> 126.36662 | Z22: 55.3 | AA22: =Z22+AA21 -> 735.4 | AB22: =Z22/(P22) -> 1.50235 | AC22: =AA22/(Q22) -> 1.3343664 | AD22: =IF(AND(R22>0,Z22>0),Z22/(R22),0) -> 1.6581709 | AE22: =IF(AND(S22>0,AA22>0),AA22/(S22),0) -> 1.3803926 | AF22: ='14'!I46 -> 34866.82 | AG22: =AF22+AG21 -> 519006.96 | AH22: =IF(AND(L22>0,AF22>0),(AF22/(P22*1000)*1000),0) -> 947.23627 | AI22: =IF(AND(M22>0,AG22>0),(AG22/(Q22*1000)*1000),0) -> 941.72618 | AJ22: =IF(AND(R22>0,AF22>0),(AF22/(R22*1000)*1000),0) -> 1045.4819 | AK22: =IF(AND(S22>0,AG22>0),(AG22/(S22*1000)*1000),0) -> 974.20907 | AL22: 4817.9 | AM22: 4510.5 | AN22: 4200.1 | AO22: =SUM(AL22:AN22) -> 13528.5 | AP22: =+[1]Des!N17 -> 14022 | AQ22: =+AP22-AO22 -> 493.5 | AR22: =+AL22/AO22 -> 0.35612965 | AS22: =+AM22/AO22 -> 0.33340725 | AT22: =1-AR22-AS22 -> 0.3104631 | AU22: =+AR22*AQ22 -> 175.74998 | AV22: =+AS22*AQ22 -> 164.53648 | AW22: =+AT22*AQ22 -> 153.21354 | AX22: =+AL22+AU22 -> 4993.65 | AY22: =+AM22+AV22 -> 4675.0365 | AZ22: =+AN22+AW22 -> 4353.3135 | BA22: =+Efficiency2!K60 -> 41.594861 | BB22: =BB21+BA22 -> 604.74024 | BC22: =+R22/BA22 -> 0.80178174 | BD22: =+S22/BB22 -> 0.88095179
A23: =A22+1 -> 46006 | B23: Facial | C23: 12/13 | D23: =+'15'!F42 -> 1165.5417 | E23: =+'15'!G42 -> 877.42833 | F23: =1-(E23/D23) -> 0.24719265 | G23: =+P23/N23 -> 0.92823356 | H23: =+P23/L23 -> 0.85754487 | I23: =+R23/P23 -> 0.9724533 | J23: =+R23/L23 -> 0.83392235 | K23: =+S23/M23 -> 0.87772318 | L23: =+SUM(Efficiency1!K64:K65) -> 44.576093 | M23: =M22+L23 -> 649.31633 | N23: =+SUM(Efficiency1!C64:C65) -> 41.181446 | O23: =O22+N23 -> 641.05991 | P23: ='15'!I38 -> 38.226 | Q23: =Q22+P23 -> 589.349 | R23: ='15'!I40 -> 37.173 | S23: =S22+R23 -> 569.92 | T23: =+AX23 -> 5032.1333 | U23: =T23+U22 -> 72353.569 | V23: =T23/P23 -> 131.64164 | W23: =U23/Q23 -> 122.76863 | X23: =IF(AND(R23>0,T23>0),(T23/(R23*1000))*1000,0) -> 135.37065 | Y23: =IF(AND(S23>0,U23>0),U23/S23,0) -> 126.9539 | Z23: 51 | AA23: =Z23+AA22 -> 786.4 | AB23: =Z23/(P23) -> 1.3341705 | AC23: =AA23/(Q23) -> 1.3343537 | AD23: =IF(AND(R23>0,Z23>0),Z23/(R23),0) -> 1.3719635 | AE23: =IF(AND(S23>0,AA23>0),AA23/(S23),0) -> 1.3798428 | AF23: ='15'!I46 -> 37221.1 | AG23: =AF23+AG22 -> 556228.06 | AH23: =IF(AND(L23>0,AF23>0),(AF23/(P23*1000)*1000),0) -> 973.71161 | AI23: =IF(AND(M23>0,AG23>0),(AG23/(Q23*1000)*1000),0) -> 943.8008 | AJ23: =IF(AND(R23>0,AF23>0),(AF23/(R23*1000)*1000),0) -> 1001.2939 | AK23: =IF(AND(S23>0,AG23>0),(AG23/(S23*1000)*1000),0) -> 975.97568 | AL23: 5218 | AM23: 5086.6 | AN23: 4173.1 | AO23: =SUM(AL23:AN23) -> 14477.7 | AP23: =+[1]Des!N18 -> 13962 | AQ23: =+AP23-AO23 -> -515.7 | AR23: =+AL23/AO23 -> 0.36041636 | AS23: =+AM23/AO23 -> 0.35134034 | AT23: =1-AR23-AS23 -> 0.2882433 | AU23: =+AR23*AQ23 -> -185.86672 | AV23: =+AS23*AQ23 -> -181.18621 | AW23: =+AT23*AQ23 -> -148.64707 | AX23: =+AL23+AU23 -> 5032.1333 | AY23: =+AM23+AV23 -> 4905.4138 | AZ23: =+AN23+AW23 -> 4024.4529 | BA23: =+SUM(Efficiency2!K64:K65) -> 44.576093 | BB23: =BB22+BA23 -> 649.31633 | BC23: =+R23/BA23 -> 0.83392235 | BD23: =+S23/BB23 -> 0.87772318
A24: =A23+1 -> 46007 | B24: Facial | C24: 13/12 | D24: =+'16'!F42 -> 1164.3353 | E24: =+'16'!G42 -> 881.62613 | F24: =1-(E24/D24) -> 0.24280738 | G24: =+P24/N24 -> 0.86683853 | H24: =+P24/L24 -> 0.81392039 | I24: =+R24/P24 -> 0.87901348 | J24: =+R24/L24 -> 0.71544699 | K24: =+S24/M24 -> 0.86770078 | L24: =+SUM(Efficiency1!K68:K69) -> 42.74251 | M24: =M23+L24 -> 692.05884 | N24: =+SUM(Efficiency1!C68:C69) -> 40.133195 | O24: =O23+N24 -> 681.19311 | P24: ='16'!I38 -> 34.789 | Q24: =Q23+P24 -> 624.138 | R24: ='16'!I40 -> 30.58 | S24: =S23+R24 -> 600.5 | T24: =+AX24 -> 4078.4179 | U24: =T24+U23 -> 76431.987 | V24: =T24/P24 -> 117.23297 | W24: =U24/Q24 -> 122.46008 | X24: =IF(AND(R24>0,T24>0),(T24/(R24*1000))*1000,0) -> 133.3688 | Y24: =IF(AND(S24>0,U24>0),U24/S24,0) -> 127.28058 | Z24: 45.1 | AA24: =Z24+AA23 -> 831.5 | AB24: =Z24/(P24) -> 1.2963868 | AC24: =AA24/(Q24) -> 1.3322374 | AD24: =IF(AND(R24>0,Z24>0),Z24/(R24),0) -> 1.4748201 | AE24: =IF(AND(S24>0,AA24>0),AA24/(S24),0) -> 1.3846794 | AF24: ='16'!I46 -> 37053.54 | AG24: =AF24+AG23 -> 593281.6 | AH24: =IF(AND(L24>0,AF24>0),(AF24/(P24*1000)*1000),0) -> 1065.0936 | AI24: =IF(AND(M24>0,AG24>0),(AG24/(Q24*1000)*1000),0) -> 950.56157 | AJ24: =IF(AND(R24>0,AF24>0),(AF24/(R24*1000)*1000),0) -> 1211.692 | AK24: =IF(AND(S24>0,AG24>0),(AG24/(S24*1000)*1000),0) -> 987.97935 | AL24: 5030.4 | AM24: 4725.4 | AN24: 4088.1 | AO24: =SUM(AL24:AN24) -> 13843.9 | AP24: =+[1]Des!$M$19 -> 11224 | AQ24: =+AP24-AO24 -> -2619.9 | AR24: =+AL24/AO24 -> 0.36336581 | AS24: =+AM24/AO24 -> 0.34133445 | AT24: =1-AR24-AS24 -> 0.29529973 | AU24: =+AR24*AQ24 -> -951.9821 | AV24: =+AS24*AQ24 -> -894.26213 | AW24: =+AT24*AQ24 -> -773.65578 | AX24: =+AL24+AU24 -> 4078.4179 | AY24: =+AM24+AV24 -> 3831.1379 | AZ24: =+AN24+AW24 -> 3314.4442 | BA24: =+SUM(Efficiency2!K68:K69) -> 42.74251 | BB24: =BB23+BA24 -> 692.05884 | BC24: =+R24/BA24 -> 0.71544699 | BD24: =+S24/BB24 -> 0.86770078
A25: =A24+1 -> 46008 | B25: Facial | C25: 12/11,5 | D25: =+'17'!F42 -> 1185.6786 | E25: =+'17'!G42 -> 897.39679 | F25: =1-(E25/D25) -> 0.24313654 | G25: =+P25/N25 -> 0.9295737 | H25: =+P25/L25 -> 0.89634276 | I25: =+R25/P25 -> 0.92920139 | J25: =+R25/L25 -> 0.83288294 | K25: =+S25/M25 -> 0.86574272 | L25: =+SUM(Efficiency1!K73:K74) -> 41.238689 | M25: =M24+L25 -> 733.29753 | N25: =+SUM(Efficiency1!C73:C74) -> 39.764464 | O25: =O24+N25 -> 720.95757 | P25: ='17'!I38 -> 36.964 | Q25: =Q24+P25 -> 661.102 | R25: ='17'!I40 -> 34.347 | S25: =S24+R25 -> 634.847 | T25: =+AX25 -> 5011.8453 | U25: =T25+U24 -> 81443.832 | V25: =T25/P25 -> 135.5872 | W25: =U25/Q25 -> 123.19405 | X25: =IF(AND(R25>0,T25>0),(T25/(R25*1000))*1000,0) -> 145.91799 | Y25: =IF(AND(S25>0,U25>0),U25/S25,0) -> 128.28891 | Z25: 46.3 | AA25: =Z25+AA24 -> 877.8 | AB25: =Z25/(P25) -> 1.2525701 | AC25: =AA25/(Q25) -> 1.327783 | AD25: =IF(AND(R25>0,Z25>0),Z25/(R25),0) -> 1.3480071 | AE25: =IF(AND(S25>0,AA25>0),AA25/(S25),0) -> 1.3826954 | AF25: ='17'!I46 -> 39145.12 | AG25: =AF25+AG24 -> 632426.72 | AH25: =IF(AND(L25>0,AF25>0),(AF25/(P25*1000)*1000),0) -> 1059.0066 | AI25: =IF(AND(M25>0,AG25>0),(AG25/(Q25*1000)*1000),0) -> 956.62503 | AJ25: =IF(AND(R25>0,AF25>0),(AF25/(R25*1000)*1000),0) -> 1139.6955 | AK25: =IF(AND(S25>0,AG25>0),(AG25/(S25*1000)*1000),0) -> 996.18762 | AL25: 5218.3 | AM25: 4924 | AN25: 4009.6 | AO25: =SUM(AL25:AN25) -> 14151.9 | AP25: =+[1]Des!N20 -> 13592 | AQ25: =+AP25-AO25 -> -559.9 | AR25: =+AL25/AO25 -> 0.36873494 | AS25: =+AM25/AO25 -> 0.34793915 | AT25: =1-AR25-AS25 -> 0.28332591 | AU25: =+AR25*AQ25 -> -206.45469 | AV25: =+AS25*AQ25 -> -194.81113 | AW25: =+AT25*AQ25 -> -158.63418 | AX25: =+AL25+AU25 -> 5011.8453 | AY25: =+AM25+AV25 -> 4729.1889 | AZ25: =+AN25+AW25 -> 3850.9658 | BA25: =+SUM(Efficiency2!K73:K74) -> 41.238689 | BB25: =BB24+BA25 -> 733.29753 | BC25: =+R25/BA25 -> 0.83288294 | BD25: =+S25/BB25 -> 0.86574272
A26: =A25+1 -> 46009 | B26: Facial | C26: 11,5 | D26: =+'18'!F42 -> 1213.3889 | E26: =+'18'!G42 -> 922.17556 | F26: =1-(E26/D26) -> 0.24 | G26: =+P26/N26 -> 0.85601425 | H26: =+P26/L26 -> 0.8444538 | I26: =+R26/P26 -> 1.0196381 | J26: =+R26/L26 -> 0.86103724 | K26: =+S26/M26 -> 0.86549076 | L26: =+Efficiency1!K78 -> 41.487172 | M26: =M25+L26 -> 774.7847 | N26: =+Efficiency1!C78 -> 40.926889 | O26: =O25+N26 -> 761.88446 | P26: ='18'!I38 -> 35.034 | Q26: =Q25+P26 -> 696.136 | R26: ='18'!I40 -> 35.722 | S26: =S25+R26 -> 670.569 | T26: =+AX26 -> 5048.4638 | U26: =T26+U25 -> 86492.296 | V26: =T26/P26 -> 144.10184 | W26: =U26/Q26 -> 124.24626 | X26: =IF(AND(R26>0,T26>0),(T26/(R26*1000))*1000,0) -> 141.32646 | Y26: =IF(AND(S26>0,U26>0),U26/S26,0) -> 128.98344 | Z26: 47.3 | AA26: =Z26+AA25 -> 925.1 | AB26: =Z26/(P26) -> 1.350117 | AC26: =AA26/(Q26) -> 1.328907 | AD26: =IF(AND(R26>0,Z26>0),Z26/(R26),0) -> 1.324114 | AE26: =IF(AND(S26>0,AA26>0),AA26/(S26),0) -> 1.3795747 | AF26: ='18'!I46 -> 38651.8 | AG26: =AF26+AG25 -> 671078.52 | AH26: =IF(AND(L26>0,AF26>0),(AF26/(P26*1000)*1000),0) -> 1103.2654 | AI26: =IF(AND(M26>0,AG26>0),(AG26/(Q26*1000)*1000),0) -> 964.00491 | AJ26: =IF(AND(R26>0,AF26>0),(AF26/(R26*1000)*1000),0) -> 1082.0167 | AK26: =IF(AND(S26>0,AG26>0),(AG26/(S26*1000)*1000),0) -> 1000.7598 | AL26: 5274.8 | AM26: 4625.6 | AN26: 4243.5 | AO26: =SUM(AL26:AN26) -> 14143.9 | AP26: =+[1]Des!N21 -> 13537 | AQ26: =+AP26-AO26 -> -606.9 | AR26: =+AL26/AO26 -> 0.37293816 | AS26: =+AM26/AO26 -> 0.32703851 | AT26: =1-AR26-AS26 -> 0.30002333 | AU26: =+AR26*AQ26 -> -226.33617 | AV26: =+AS26*AQ26 -> -198.47967 | AW26: =+AT26*AQ26 -> -182.08416 | AX26: =+AL26+AU26 -> 5048.4638 | AY26: =+AM26+AV26 -> 4427.1203 | AZ26: =+AN26+AW26 -> 4061.4158 | BA26: =+Efficiency2!K78 -> 41.487172 | BB26: =BB25+BA26 -> 774.7847 | BC26: =+R26/BA26 -> 0.86103724 | BD26: =+S26/BB26 -> 0.86549076
A27: =A26+1 -> 46010 | B27: Facial/Toilet | C27: 11,5/14/13 | D27: =+'19'!F42 -> 1163.7431 | E27: =+'19'!G42 -> 877.01764 | F27: =1-(E27/D27) -> 0.24638206 | G27: =+P27/N27 -> 0.94535287 | H27: =+P27/L27 -> 0.93220125 | I27: =+R27/P27 -> 0.93416991 | J27: =+R27/L27 -> 0.87083436 | K27: =+S27/M27 -> 0.86577014 | L27: =+SUM(Efficiency1!K82:K84) -> 42.742916 | M27: =M26+L27 -> 817.52762 | N27: =+SUM(Efficiency1!C82:C84) -> 42.148283 | O27: =O26+N27 -> 804.03274 | P27: ='19'!I38 -> 39.845 | Q27: =Q26+P27 -> 735.981 | R27: ='19'!I40 -> 37.222 | S27: =S26+R27 -> 707.791 | T27: =+AX27 -> 5249.5582 | U27: =T27+U26 -> 91741.854 | V27: =T27/P27 -> 131.74948 | W27: =U27/Q27 -> 124.65248 | X27: =IF(AND(R27>0,T27>0),(T27/(R27*1000))*1000,0) -> 141.03375 | Y27: =IF(AND(S27>0,U27>0),U27/S27,0) -> 129.61715 | Z27: 50.7 | AA27: =Z27+AA26 -> 975.8 | AB27: =Z27/(P27) -> 1.2724307 | AC27: =AA27/(Q27) -> 1.3258494 | AD27: =IF(AND(R27>0,Z27>0),Z27/(R27),0) -> 1.3620977 | AE27: =IF(AND(S27>0,AA27>0),AA27/(S27),0) -> 1.3786556 | AF27: ='19'!I46 -> 39865.46 | AG27: =AF27+AG26 -> 710943.98 | AH27: =IF(AND(L27>0,AF27>0),(AF27/(P27*1000)*1000),0) -> 1000.5135 | AI27: =IF(AND(M27>0,AG27>0),(AG27/(Q27*1000)*1000),0) -> 965.98143 | AJ27: =IF(AND(R27>0,AF27>0),(AF27/(R27*1000)*1000),0) -> 1071.0188 | AK27: =IF(AND(S27>0,AG27>0),(AG27/(S27*1000)*1000),0) -> 1004.4547 | AL27: 5526 | AM27: 5325.4 | AN27: 4344.8 | AO27: =SUM(AL27:AN27) -> 15196.2 | AP27: =+[1]Des!N22 -> 14436 | AQ27: =+AP27-AO27 -> -760.2 | AR27: =+AL27/AO27 -> 0.36364354 | AS27: =+AM27/AO27 -> 0.35044287 | AT27: =1-AR27-AS27 -> 0.28591358 | AU27: =+AR27*AQ27 -> -276.44182 | AV27: =+AS27*AQ27 -> -266.40667 | AW27: =+AT27*AQ27 -> -217.35151 | AX27: =+AL27+AU27 -> 5249.5582 | AY27: =+AM27+AV27 -> 5058.9933 | AZ27: =+AN27+AW27 -> 4127.4485 | BA27: =+SUM(Efficiency2!K82:K84) -> 42.742916 | BB27: =BB26+BA27 -> 817.52762 | BC27: =+R27/BA27 -> 0.87083436 | BD27: =+S27/BB27 -> 0.86577014
A28: =A27+1 -> 46011 | B28: Toilet | C28: 13 | D28: =+'20'!F42 -> 1150 | E28: =+'20'!G42 -> 862.5 | F28: =1-(E28/D28) -> 0.25 | G28: =+P28/N28 -> 0.97532977 | H28: =+P28/L28 -> 0.97532977 | I28: =+R28/P28 -> 0.97669153 | J28: =+R28/L28 -> 0.95259632 | K28: =+S28/M28 -> 0.86997982 | L28: =+Efficiency1!K86 -> 41.65668 | M28: =M27+L28 -> 859.1843 | N28: =+Efficiency1!C86 -> 41.65668 | O28: =O27+N28 -> 845.68942 | P28: ='20'!I38 -> 40.629 | Q28: =Q27+P28 -> 776.61 | R28: ='20'!I40 -> 39.682 | S28: =S27+R28 -> 747.473 | T28: =+AX28 -> 5162.6465 | U28: =T28+U27 -> 96904.501 | V28: =T28/P28 -> 127.06802 | W28: =U28/Q28 -> 124.77885 | X28: =IF(AND(R28>0,T28>0),(T28/(R28*1000))*1000,0) -> 130.10046 | Y28: =IF(AND(S28>0,U28>0),U28/S28,0) -> 129.64281 | Z28: 50.4 | AA28: =Z28+AA27 -> 1026.2 | AB28: =Z28/(P28) -> 1.2404932 | AC28: =AA28/(Q28) -> 1.321384 | AD28: =IF(AND(R28>0,Z28>0),Z28/(R28),0) -> 1.2700973 | AE28: =IF(AND(S28>0,AA28>0),AA28/(S28),0) -> 1.3728924 | AF28: ='20'!I46 -> 37893.72 | AG28: =AF28+AG27 -> 748837.7 | AH28: =IF(AND(L28>0,AF28>0),(AF28/(P28*1000)*1000),0) -> 932.67666 | AI28: =IF(AND(M28>0,AG28>0),(AG28/(Q28*1000)*1000),0) -> 964.23906 | AJ28: =IF(AND(R28>0,AF28>0),(AF28/(R28*1000)*1000),0) -> 954.93473 | AK28: =IF(AND(S28>0,AG28>0),(AG28/(S28*1000)*1000),0) -> 1001.8258 | AL28: 5573.2 | AM28: 5428.6 | AN28: 4324.2 | AO28: =SUM(AL28:AN28) -> 15326 | AP28: =+[1]Des!N23 -> 14197 | AQ28: =+AP28-AO28 -> -1129 | AR28: =+AL28/AO28 -> 0.36364348 | AS28: =+AM28/AO28 -> 0.35420853 | AT28: =1-AR28-AS28 -> 0.28214798 | AU28: =+AR28*AQ28 -> -410.55349 | AV28: =+AS28*AQ28 -> -399.90144 | AW28: =+AT28*AQ28 -> -318.54507 | AX28: =+AL28+AU28 -> 5162.6465 | AY28: =+AM28+AV28 -> 5028.6986 | AZ28: =+AN28+AW28 -> 4005.6549 | BA28: =+Efficiency2!K86 -> 41.65668 | BB28: =BB27+BA28 -> 859.1843 | BC28: =+R28/BA28 -> 0.95259632 | BD28: =+S28/BB28 -> 0.86997982
A29: =A28+1 -> 46012 | B29: Toilet | C29: 13 | D29: =+'21'!F42 -> 1150 | E29: =+'21'!G42 -> 862.5 | F29: =1-(E29/D29) -> 0.25 | G29: =+P29/N29 -> 0.92575789 | H29: =+P29/L29 -> 0.92575789 | I29: =+R29/P29 -> 0.98444145 | J29: =+R29/L29 -> 0.91135443 | K29: =+S29/M29 -> 0.87189306 | L29: =+Efficiency1!K90 -> 41.65668 | M29: =M28+L29 -> 900.84098 | N29: =+Efficiency1!C90 -> 41.65668 | O29: =O28+N29 -> 887.3461 | P29: ='21'!I38 -> 38.564 | Q29: =Q28+P29 -> 815.174 | R29: ='21'!I40 -> 37.964 | S29: =S28+R29 -> 785.437 | T29: =+AX29 -> 5502.9763 | U29: =T29+U28 -> 102407.48 | V29: =T29/P29 -> 142.69724 | W29: =U29/Q29 -> 125.62653 | X29: =IF(AND(R29>0,T29>0),(T29/(R29*1000))*1000,0) -> 144.95249 | Y29: =IF(AND(S29>0,U29>0),U29/S29,0) -> 130.3828 | Z29: 48 | AA29: =Z29+AA28 -> 1074.2 | AB29: =Z29/(P29) -> 1.2446842 | AC29: =AA29/(Q29) -> 1.3177555 | AD29: =IF(AND(R29>0,Z29>0),Z29/(R29),0) -> 1.2643557 | AE29: =IF(AND(S29>0,AA29>0),AA29/(S29),0) -> 1.3676463 | AF29: ='21'!I46 -> 38539.18 | AG29: =AF29+AG28 -> 787376.88 | AH29: =IF(AND(L29>0,AF29>0),(AF29/(P29*1000)*1000),0) -> 999.35639 | AI29: =IF(AND(M29>0,AG29>0),(AG29/(Q29*1000)*1000),0) -> 965.90038 | AJ29: =IF(AND(R29>0,AF29>0),(AF29/(R29*1000)*1000),0) -> 1015.1507 | AK29: =IF(AND(S29>0,AG29>0),(AG29/(S29*1000)*1000),0) -> 1002.4698 | AL29: 5650.8 | AM29: 4875.1 | AN29: 4470.4 | AO29: =SUM(AL29:AN29) -> 14996.3 | AP29: =+[1]Des!N24 -> 14604 | AQ29: =+AP29-AO29 -> -392.3 | AR29: =+AL29/AO29 -> 0.37681295 | AS29: =+AM29/AO29 -> 0.32508685 | AT29: =1-AR29-AS29 -> 0.2981002 | AU29: =+AR29*AQ29 -> -147.82372 | AV29: =+AS29*AQ29 -> -127.53157 | AW29: =+AT29*AQ29 -> -116.94471 | AX29: =+AL29+AU29 -> 5502.9763 | AY29: =+AM29+AV29 -> 4747.5684 | AZ29: =+AN29+AW29 -> 4353.4553 | BA29: =+Efficiency2!K90 -> 41.65668 | BB29: =BB28+BA29 -> 900.84098 | BC29: =+R29/BA29 -> 0.91135443 | BD29: =+S29/BB29 -> 0.87189306
A30: =A29+1 -> 46013 | B30: Toilet | C30: 13/15 | D30: =+'22'!F42 -> 1104.1667 | E30: =+'22'!G42 -> 837.75 | F30: =1-(E30/D30) -> 0.24128302 | G30: =+P30/N30 -> 0.97929483 | H30: =+P30/L30 -> 0.97929483 | I30: =+R30/P30 -> 0.94553931 | J30: =+R30/L30 -> 0.92596176 | K30: =+S30/M30 -> 0.87437652 | L30: =+SUM(Efficiency1!K94:K95) -> 43.368962 | M30: =M29+L30 -> 944.20994 | N30: =+SUM(Efficiency1!C94:C95) -> 43.368962 | O30: =O29+N30 -> 930.71506 | P30: ='22'!I38 -> 42.471 | Q30: =Q29+P30 -> 857.645 | R30: ='22'!I40 -> 40.158 | S30: =S29+R30 -> 825.595 | T30: =+AX30 -> 5407.8162 | U30: =T30+U29 -> 107815.29 | V30: =T30/P30 -> 127.32962 | W30: =U30/Q30 -> 125.71086 | X30: =IF(AND(R30>0,T30>0),(T30/(R30*1000))*1000,0) -> 134.66348 | Y30: =IF(AND(S30>0,U30>0),U30/S30,0) -> 130.59102 | Z30: 49.5 | AA30: =Z30+AA29 -> 1123.7 | AB30: =Z30/(P30) -> 1.1655012 | AC30: =AA30/(Q30) -> 1.3102158 | AD30: =IF(AND(R30>0,Z30>0),Z30/(R30),0) -> 1.2326311 | AE30: =IF(AND(S30>0,AA30>0),AA30/(S30),0) -> 1.361079 | AF30: ='22'!I46 -> 35520.78 | AG30: =AF30+AG29 -> 822897.66 | AH30: =IF(AND(L30>0,AF30>0),(AF30/(P30*1000)*1000),0) -> 836.35375 | AI30: =IF(AND(M30>0,AG30>0),(AG30/(Q30*1000)*1000),0) -> 959.48517 | AJ30: =IF(AND(R30>0,AF30>0),(AF30/(R30*1000)*1000),0) -> 884.52562 | AK30: =IF(AND(S30>0,AG30>0),(AG30/(S30*1000)*1000),0) -> 996.73285 | AL30: 5583.5 | AM30: 4632.4 | AN30: 4301.9 | AO30: =SUM(AL30:AN30) -> 14517.8 | AP30: =+[1]Des!N25 -> 14061 | AQ30: =+AP30-AO30 -> -456.8 | AR30: =+AL30/AO30 -> 0.38459684 | AS30: =+AM30/AO30 -> 0.31908416 | AT30: =1-AR30-AS30 -> 0.296319 | AU30: =+AR30*AQ30 -> -175.68384 | AV30: =+AS30*AQ30 -> -145.75764 | AW30: =+AT30*AQ30 -> -135.35852 | AX30: =+AL30+AU30 -> 5407.8162 | AY30: =+AM30+AV30 -> 4486.6424 | AZ30: =+AN30+AW30 -> 4166.5415 | BA30: =+SUM(Efficiency2!K94:K95) -> 43.368962 | BB30: =BB29+BA30 -> 944.20994 | BC30: =+R30/BA30 -> 0.92596176 | BD30: =+S30/BB30 -> 0.87437652
A31: =A30+1 -> 46014 | B31: Toilet | C31: 15/14 | D31: =+'23'!F42 -> 1053.4028 | E31: =+'23'!G42 -> 811.12014 | F31: =1-(E31/D31) -> 0.23 | G31: =+P31/N31 -> 0.96180176 | H31: =+P31/L31 -> 0.96180176 | I31: =+R31/P31 -> 0.96984209 | J31: =+R31/L31 -> 0.93279582 | K31: =+S31/M31 -> 0.87700632 | L31: =+SUM(Efficiency1!K98:K99) -> 44.508133 | M31: =M30+L31 -> 988.71807 | N31: =+SUM(Efficiency1!C98:C99) -> 44.508133 | O31: =O30+N31 -> 975.2232 | P31: ='23'!I38 -> 42.808 | Q31: =Q30+P31 -> 900.453 | R31: ='23'!I40 -> 41.517 | S31: =S30+R31 -> 867.112 | T31: =+AX31 -> 5141.0223 | U31: =T31+U30 -> 112956.32 | V31: =T31/P31 -> 120.0949 | W31: =U31/Q31 -> 125.44388 | X31: =IF(AND(R31>0,T31>0),(T31/(R31*1000))*1000,0) -> 123.82933 | Y31: =IF(AND(S31>0,U31>0),U31/S31,0) -> 130.26727 | Z31: 50.4 | AA31: =Z31+AA30 -> 1174.1 | AB31: =Z31/(P31) -> 1.17735 | AC31: =AA31/(Q31) -> 1.3038993 | AD31: =IF(AND(R31>0,Z31>0),Z31/(R31),0) -> 1.2139605 | AE31: =IF(AND(S31>0,AA31>0),AA31/(S31),0) -> 1.354035 | AF31: ='23'!I46 -> 38342.4 | AG31: =AF31+AG30 -> 861240.06 | AH31: =IF(AND(L31>0,AF31>0),(AF31/(P31*1000)*1000),0) -> 895.68305 | AI31: =IF(AND(M31>0,AG31>0),(AG31/(Q31*1000)*1000),0) -> 956.45199 | AJ31: =IF(AND(R31>0,AF31>0),(AF31/(R31*1000)*1000),0) -> 923.53494 | AK31: =IF(AND(S31>0,AG31>0),(AG31/(S31*1000)*1000),0) -> 993.22816 | AL31: 5394.4 | AM31: 4981.3 | AN31: 4382.5 | AO31: =SUM(AL31:AN31) -> 14758.2 | AP31: =+[1]Des!N26 -> 14065 | AQ31: =+AP31-AO31 -> -693.2 | AR31: =+AL31/AO31 -> 0.36551883 | AS31: =+AM31/AO31 -> 0.33752761 | AT31: =1-AR31-AS31 -> 0.29695356 | AU31: =+AR31*AQ31 -> -253.37765 | AV31: =+AS31*AQ31 -> -233.97414 | AW31: =+AT31*AQ31 -> -205.84821 | AX31: =+AL31+AU31 -> 5141.0223 | AY31: =+AM31+AV31 -> 4747.3259 | AZ31: =+AN31+AW31 -> 4176.6518 | BA31: =+SUM(Efficiency2!K98:K99) -> 44.508133 | BB31: =BB30+BA31 -> 988.71807 | BC31: =+R31/BA31 -> 0.93279582 | BD31: =+S31/BB31 -> 0.87700632
A32: =A31+1 -> 46015 | B32: Toilet | C32: 14 | D32: =+'24'!F42 -> 1096.25 | E32: =+'24'!G42 -> 844.1125 | F32: =1-(E32/D32) -> 0.23 | G32: =+P32/N32 -> 0.9534582 | H32: =+P32/L32 -> 0.9534582 | I32: =+R32/P32 -> 0.9627569 | J32: =+R32/L32 -> 0.91794846 | K32: =+S32/M32 -> 0.87874062 | L32: =+Efficiency1!K102 -> 43.734482 | M32: =M31+L32 -> 1032.4526 | N32: =+Efficiency1!C102 -> 43.734482 | O32: =O31+N32 -> 1018.9577 | P32: ='24'!I38 -> 41.699 | Q32: =Q31+P32 -> 942.152 | R32: ='24'!I40 -> 40.146 | S32: =S31+R32 -> 907.258 | T32: =+AX32 -> 5296.3109 | U32: =T32+U31 -> 118252.63 | V32: =T32/P32 -> 127.0129 | W32: =U32/Q32 -> 125.51332 | X32: =IF(AND(R32>0,T32>0),(T32/(R32*1000))*1000,0) -> 131.92624 | Y32: =IF(AND(S32>0,U32>0),U32/S32,0) -> 130.34068 | Z32: 50 | AA32: =Z32+AA31 -> 1224.1 | AB32: =Z32/(P32) -> 1.1990695 | AC32: =AA32/(Q32) -> 1.2992596 | AD32: =IF(AND(R32>0,Z32>0),Z32/(R32),0) -> 1.2454541 | AE32: =IF(AND(S32>0,AA32>0),AA32/(S32),0) -> 1.3492303 | AF32: =+'24'!I46 -> 39339.38 | AG32: =AF32+AG31 -> 900579.44 | AH32: =IF(AND(L32>0,AF32>0),(AF32/(P32*1000)*1000),0) -> 943.41303 | AI32: =IF(AND(M32>0,AG32>0),(AG32/(Q32*1000)*1000),0) -> 955.87489 | AJ32: =IF(AND(R32>0,AF32>0),(AF32/(R32*1000)*1000),0) -> 979.90784 | AK32: =IF(AND(S32>0,AG32>0),(AG32/(S32*1000)*1000),0) -> 992.63874 | AL32: 5529.7 | AM32: 4869 | AN32: 4390.5 | AO32: =SUM(AL32:AN32) -> 14789.2 | AP32: =+[1]Des!N27 -> 14165 | AQ32: =+AP32-AO32 -> -624.2 | AR32: =+AL32/AO32 -> 0.37390123 | AS32: =+AM32/AO32 -> 0.32922673 | AT32: =1-AR32-AS32 -> 0.29687204 | AU32: =+AR32*AQ32 -> -233.38914 | AV32: =+AS32*AQ32 -> -205.50333 | AW32: =+AT32*AQ32 -> -185.30753 | AX32: =+AL32+AU32 -> 5296.3109 | AY32: =+AM32+AV32 -> 4663.4967 | AZ32: =+AN32+AW32 -> 4205.1925 | BA32: =+Efficiency2!K102 -> 43.734482 | BB32: =BB31+BA32 -> 1032.4526 | BC32: =+R32/BA32 -> 0.91794846 | BD32: =+S32/BB32 -> 0.87874062
A33: =A32+1 -> 46016 | B33: Toilet | C33: 14/13 | D33: =+'25'!F42 -> 1151.6667 | E33: =+'25'!G42 -> 886.78333 | F33: =1-(E33/D33) -> 0.23 | G33: =+P33/N33 -> 0.95289543 | H33: =+P33/L33 -> 0.95289543 | I33: =+R33/P33 -> 0.97755353 | J33: =+R33/L33 -> 0.93150629 | K33: =+S33/M33 -> 0.88087736 | L33: =+SUM(Efficiency1!K106:K107) -> 43.573512 | M33: =M32+L33 -> 1076.0261 | N33: =+SUM(Efficiency1!C106:C107) -> 43.573512 | O33: =O32+N33 -> 1062.5312 | P33: ='25'!I38 -> 41.521 | Q33: =Q32+P33 -> 983.673 | R33: ='25'!I40 -> 40.589 | S33: =S32+R33 -> 947.847 | T33: =+AX33 -> 5087.3924 | U33: =T33+U32 -> 123340.02 | V33: =T33/P33 -> 122.52577 | W33: =U33/Q33 -> 125.38722 | X33: =IF(AND(R33>0,T33>0),(T33/(R33*1000))*1000,0) -> 125.33919 | Y33: =IF(AND(S33>0,U33>0),U33/S33,0) -> 130.12651 | Z33: 52.3 | AA33: =Z33+AA32 -> 1276.4 | AB33: =Z33/(P33) -> 1.2596036 | AC33: =AA33/(Q33) -> 1.2975857 | AD33: =IF(AND(R33>0,Z33>0),Z33/(R33),0) -> 1.2885264 | AE33: =IF(AND(S33>0,AA33>0),AA33/(S33),0) -> 1.3466308 | AF33: =+'25'!I46 -> 38475.86 | AG33: =AF33+AG32 -> 939055.3 | AH33: =IF(AND(L33>0,AF33>0),(AF33/(P33*1000)*1000),0) -> 926.66024 | AI33: =IF(AND(M33>0,AG33>0),(AG33/(Q33*1000)*1000),0) -> 954.64174 | AJ33: =IF(AND(R33>0,AF33>0),(AF33/(R33*1000)*1000),0) -> 947.93811 | AK33: =IF(AND(S33>0,AG33>0),(AG33/(S33*1000)*1000),0) -> 990.72456 | AL33: 5263.1 | AM33: 5106.1 | AN33: 4460.9 | AO33: =SUM(AL33:AN33) -> 14830.1 | AP33: =+[1]Des!N28 -> 14335 | AQ33: =+AP33-AO33 -> -495.1 | AR33: =+AL33/AO33 -> 0.35489309 | AS33: =+AM33/AO33 -> 0.34430651 | AT33: =1-AR33-AS33 -> 0.3008004 | AU33: =+AR33*AQ33 -> -175.70757 | AV33: =+AS33*AQ33 -> -170.46615 | AW33: =+AT33*AQ33 -> -148.92628 | AX33: =+AL33+AU33 -> 5087.3924 | AY33: =+AM33+AV33 -> 4935.6338 | AZ33: =+AN33+AW33 -> 4311.9737 | BA33: =+SUM(Efficiency2!K106:K107) -> 43.573512 | BB33: =BB32+BA33 -> 1076.0261 | BC33: =+R33/BA33 -> 0.93150629 | BD33: =+S33/BB33 -> 0.88087736
A34: =A33+1 -> 46017 | B34: Toilet | C34: 13 | D34: =+'26'!F42 -> 1177.3611 | E34: =+'26'!G42 -> 906.56806 | F34: =1-(E34/D34) -> 0.23 | G34: =+P34/N34 -> 0.96357065 | H34: =+P34/L34 -> 0.96357065 | I34: =+R34/P34 -> 0.92078692 | J34: =+R34/L34 -> 0.88724325 | K34: =+S34/M34 -> 0.88112627 | L34: =+Efficiency1!K110 -> 43.785061 | M34: =M33+L34 -> 1119.8111 | N34: =+Efficiency1!C110 -> 43.785061 | O34: =O33+N34 -> 1106.3163 | P34: ='26'!I38 -> 42.19 | Q34: =Q33+P34 -> 1025.863 | R34: ='26'!I40 -> 38.848 | S34: =S33+R34 -> 986.695 | T34: =+AX34 -> 5425.6102 | U34: =T34+U33 -> 128765.63 | V34: =T34/P34 -> 128.59944 | W34: =U34/Q34 -> 125.51932 | X34: =IF(AND(R34>0,T34>0),(T34/(R34*1000))*1000,0) -> 139.66254 | Y34: =IF(AND(S34>0,U34>0),U34/S34,0) -> 130.50196 | Z34: 51.1 | AA34: =Z34+AA33 -> 1327.5 | AB34: =Z34/(P34) -> 1.2111875 | AC34: =AA34/(Q34) -> 1.2940324 | AD34: =IF(AND(R34>0,Z34>0),Z34/(R34),0) -> 1.315383 | AE34: =IF(AND(S34>0,AA34>0),AA34/(S34),0) -> 1.3454006 | AF34: ='26'!I46 -> 40503.36 | AG34: =AF34+AG33 -> 979558.66 | AH34: =IF(AND(L34>0,AF34>0),(AF34/(P34*1000)*1000),0) -> 960.02275 | AI34: =IF(AND(M34>0,AG34>0),(AG34/(Q34*1000)*1000),0) -> 954.86304 | AJ34: =IF(AND(R34>0,AF34>0),(AF34/(R34*1000)*1000),0) -> 1042.6112 | AK34: =IF(AND(S34>0,AG34>0),(AG34/(S34*1000)*1000),0) -> 992.76743 | AL34: 5691.5 | AM34: 4813.2 | AN34: 4646.1 | AO34: =SUM(AL34:AN34) -> 15150.8 | AP34: =+[1]Des!N29 -> 14443 | AQ34: =+AP34-AO34 -> -707.8 | AR34: =+AL34/AO34 -> 0.37565673 | AS34: =+AM34/AO34 -> 0.31768619 | AT34: =1-AR34-AS34 -> 0.30665707 | AU34: =+AR34*AQ34 -> -265.88983 | AV34: =+AS34*AQ34 -> -224.85829 | AW34: =+AT34*AQ34 -> -217.05188 | AX34: =+AL34+AU34 -> 5425.6102 | AY34: =+AM34+AV34 -> 4588.3417 | AZ34: =+AN34+AW34 -> 4429.0481 | BA34: =+Efficiency2!K110 -> 43.785061 | BB34: =BB33+BA34 -> 1119.8111 | BC34: =+R34/BA34 -> 0.88724325 | BD34: =+S34/BB34 -> 0.88112627
A35: =A34+1 -> 46018 | B35: Toilet | C35: 13 | D35: =+'27'!F42 -> 1183.3333 | E35: =+'27'!G42 -> 911.16667 | F35: =1-(E35/D35) -> 0.23 | G35: =+P35/N35 -> 0.92696273 | H35: =+P35/L35 -> 0.92696273 | I35: =+R35/P35 -> 1.0501066 | J35: =+R35/L35 -> 0.97340971 | K35: =+S35/M35 -> 0.88461576 | L35: =+Efficiency1!K114 -> 44.007163 | M35: =M34+L35 -> 1163.8183 | N35: =+Efficiency1!C114 -> 44.007163 | O35: =O34+N35 -> 1150.3234 | P35: ='27'!I38 -> 40.793 | Q35: =Q34+P35 -> 1066.656 | R35: ='27'!I40 -> 42.837 | S35: =S34+R35 -> 1029.532 | T35: =+AX35 -> 5256.4294 | U35: =T35+U34 -> 134022.06 | V35: =T35/P35 -> 128.85616 | W35: =U35/Q35 -> 125.64694 | X35: =IF(AND(R35>0,T35>0),(T35/(R35*1000))*1000,0) -> 122.70769 | Y35: =IF(AND(S35>0,U35>0),U35/S35,0) -> 130.17765 | Z35: 52.7 | AA35: =Z35+AA34 -> 1380.2 | AB35: =Z35/(P35) -> 1.2918883 | AC35: =AA35/(Q35) -> 1.2939504 | AD35: =IF(AND(R35>0,Z35>0),Z35/(R35),0) -> 1.2302449 | AE35: =IF(AND(S35>0,AA35>0),AA35/(S35),0) -> 1.3406091 | AF35: ='27'!I46 -> 40855.06 | AG35: =AF35+AG34 -> 1020413.7 | AH35: =IF(AND(L35>0,AF35>0),(AF35/(P35*1000)*1000),0) -> 1001.5213 | AI35: =IF(AND(M35>0,AG35>0),(AG35/(Q35*1000)*1000),0) -> 956.64743 | AJ35: =IF(AND(R35>0,AF35>0),(AF35/(R35*1000)*1000),0) -> 953.73299 | AK35: =IF(AND(S35>0,AG35>0),(AG35/(S35*1000)*1000),0) -> 991.14328 | AL35: 5734.4 | AM35: 5302.6 | AN35: 4588.4 | AO35: =SUM(AL35:AN35) -> 15625.4 | AP35: =+[1]Des!N30 -> 14323 | AQ35: =+AP35-AO35 -> -1302.4 | AR35: =+AL35/AO35 -> 0.3669922 | AS35: =+AM35/AO35 -> 0.33935771 | AT35: =1-AR35-AS35 -> 0.29365008 | AU35: =+AR35*AQ35 -> -477.97065 | AV35: =+AS35*AQ35 -> -441.97948 | AW35: =+AT35*AQ35 -> -382.44987 | AX35: =+AL35+AU35 -> 5256.4294 | AY35: =+AM35+AV35 -> 4860.6205 | AZ35: =+AN35+AW35 -> 4205.9501 | BA35: =+Efficiency2!K114 -> 44.007163 | BB35: =BB34+BA35 -> 1163.8183 | BC35: =+R35/BA35 -> 0.97340971 | BD35: =+S35/BB35 -> 0.88461576
A36: =A35+1 -> 46019 | B36: Toilet | C36: 13/12,5 | D36: =+'28'!F42 -> 1190 | E36: =+'28'!G42 -> 920.26667 | F36: =1-(E36/D36) -> 0.22666667 | G36: =+P36/N36 -> 0.99041577 | H36: =+P36/L36 -> 0.95589271 | I36: =+R36/P36 -> 0.92781261 | J36: =+R36/L36 -> 0.88688931 | K36: =+S36/M36 -> 0.88469897 | L36: =+SUM(Efficiency1!K118:K119) -> 44.215213 | M36: =M35+L36 -> 1208.0335 | N36: =+SUM(Efficiency1!C118:C119) -> 42.673997 | O36: =O35+N36 -> 1192.9974 | P36: ='28'!I38 -> 42.265 | Q36: =Q35+P36 -> 1108.921 | R36: ='28'!I40 -> 39.214 | S36: =S35+R36 -> 1068.746 | T36: =+AX36 -> 5627.5976 | U36: =T36+U35 -> 139649.66 | V36: =T36/P36 -> 133.1503 | W36: =U36/Q36 -> 125.93292 | X36: =IF(AND(R36>0,T36>0),(T36/(R36*1000))*1000,0) -> 143.50991 | Y36: =IF(AND(S36>0,U36>0),U36/S36,0) -> 130.66683 | Z36: 52.7 | AA36: =Z36+AA35 -> 1432.9 | AB36: =Z36/(P36) -> 1.2468946 | AC36: =AA36/(Q36) -> 1.292157 | AD36: =IF(AND(R36>0,Z36>0),Z36/(R36),0) -> 1.3439078 | AE36: =IF(AND(S36>0,AA36>0),AA36/(S36),0) -> 1.3407302 | AF36: ='28'!I46 -> 39469.66 | AG36: =AF36+AG35 -> 1059883.4 | AH36: =IF(AND(L36>0,AF36>0),(AF36/(P36*1000)*1000),0) -> 933.86159 | AI36: =IF(AND(M36>0,AG36>0),(AG36/(Q36*1000)*1000),0) -> 955.77898 | AJ36: =IF(AND(R36>0,AF36>0),(AF36/(R36*1000)*1000),0) -> 1006.5196 | AK36: =IF(AND(S36>0,AG36>0),(AG36/(S36*1000)*1000),0) -> 991.70746 | AL36: 5683.8 | AM36: 5261.6 | AN36: 4497.3 | AO36: =SUM(AL36:AN36) -> 15442.7 | AP36: =+[1]Des!N31 -> 15290 | AQ36: =+AP36-AO36 -> -152.7 | AR36: =+AL36/AO36 -> 0.3680574 | AS36: =+AM36/AO36 -> 0.34071762 | AT36: =1-AR36-AS36 -> 0.29122498 | AU36: =+AR36*AQ36 -> -56.202365 | AV36: =+AS36*AQ36 -> -52.027581 | AW36: =+AT36*AQ36 -> -44.470054 | AX36: =+AL36+AU36 -> 5627.5976 | AY36: =+AM36+AV36 -> 5209.5724 | AZ36: =+AN36+AW36 -> 4452.8299 | BA36: =+SUM(Efficiency2!K118:K119) -> 44.215213 | BB36: =BB35+BA36 -> 1208.0335 | BC36: =+R36/BA36 -> 0.88688931 | BD36: =+S36/BB36 -> 0.88469897
A37: =A36+1 -> 46020 | B37: Toilet | C37: 12,5/13 | D37: =+'29'!F42 -> 1190 | E37: =+'29'!G42 -> 926.66292 | F37: =1-(E37/D37) -> 0.22129167 | G37: =+P37/N37 -> 0.96147211 | H37: =+P37/L37 -> 0.93220147 | I37: =+R37/P37 -> 0.99018941 | J37: =+R37/L37 -> 0.92305602 | K37: =+S37/M37 -> 0.88605212 | L37: =+SUM(Efficiency1!K122:K123) -> 44.175 | M37: =M36+L37 -> 1252.2085 | N37: =+SUM(Efficiency1!C122:C123) -> 42.830155 | O37: =O36+N37 -> 1235.8276 | P37: ='29'!I38 -> 41.18 | Q37: =Q36+P37 -> 1150.101 | R37: ='29'!I40 -> 40.776 | S37: =S36+R37 -> 1109.522 | T37: =+AX37 -> 5312.0585 | U37: =T37+U36 -> 144961.71 | V37: =T37/P37 -> 128.99608 | W37: =U37/Q37 -> 126.0426 | X37: =IF(AND(R37>0,T37>0),(T37/(R37*1000))*1000,0) -> 130.27415 | Y37: =IF(AND(S37>0,U37>0),U37/S37,0) -> 130.6524 | Z37: 52.9 | AA37: =Z37+AA36 -> 1485.8 | AB37: =Z37/(P37) -> 1.2846042 | AC37: =AA37/(Q37) -> 1.2918865 | AD37: =IF(AND(R37>0,Z37>0),Z37/(R37),0) -> 1.2973318 | AE37: =IF(AND(S37>0,AA37>0),AA37/(S37),0) -> 1.3391352 | AF37: ='29'!I46 -> 39331 | AG37: =AF37+AG36 -> 1099214.4 | AH37: =IF(AND(L37>0,AF37>0),(AF37/(P37*1000)*1000),0) -> 955.09956 | AI37: =IF(AND(M37>0,AG37>0),(AG37/(Q37*1000)*1000),0) -> 955.75465 | AJ37: =IF(AND(R37>0,AF37>0),(AF37/(R37*1000)*1000),0) -> 964.56249 | AK37: =IF(AND(S37>0,AG37>0),(AG37/(S37*1000)*1000),0) -> 990.70986 | AL37: 5636 | AM37: 5295.7 | AN37: 4578.8 | AO37: =SUM(AL37:AN37) -> 15510.5 | AP37: =+[1]Des!N32 -> 14619 | AQ37: =+AP37-AO37 -> -891.5 | AR37: =+AL37/AO37 -> 0.36336675 | AS37: =+AM37/AO37 -> 0.34142678 | AT37: =1-AR37-AS37 -> 0.29520647 | AU37: =+AR37*AQ37 -> -323.94146 | AV37: =+AS37*AQ37 -> -304.38197 | AW37: =+AT37*AQ37 -> -263.17657 | AX37: =+AL37+AU37 -> 5312.0585 | AY37: =+AM37+AV37 -> 4991.318 | AZ37: =+AN37+AW37 -> 4315.6234 | BA37: =+SUM(Efficiency2!K122:K123) -> 44.175 | BB37: =BB36+BA37 -> 1252.2085 | BC37: =+R37/BA37 -> 0.92305602 | BD37: =+S37/BB37 -> 0.88605212
A38: =A37+1 -> 46021 | B38: Toilet | C38: 13 | D38: =+'30'!F42 -> 1180 | E38: =+'30'!G42 -> 896.8 | F38: =1-(E38/D38) -> 0.24 | G38: =+P38/N38 -> 0.96554665 | H38: =+P38/L38 -> 0.96554665 | I38: =+R38/P38 -> 0.93610865 | J38: =+R38/L38 -> 0.90385658 | K38: =+S38/M38 -> 0.88664738 | L38: =+Efficiency1!K126 -> 43.313288 | M38: =M37+L38 -> 1295.5218 | N38: =+Efficiency1!C126 -> 43.313288 | O38: =O37+N38 -> 1279.1409 | P38: ='30'!I38 -> 41.821 | Q38: =Q37+P38 -> 1191.922 | R38: ='30'!I40 -> 39.149 | S38: =S37+R38 -> 1148.671 | T38: =+AX38 -> 5381.6547 | U38: =T38+U37 -> 150343.37 | V38: =T38/P38 -> 128.68307 | W38: =U38/Q38 -> 126.13524 | X38: =IF(AND(R38>0,T38>0),(T38/(R38*1000))*1000,0) -> 137.46595 | Y38: =IF(AND(S38>0,U38>0),U38/S38,0) -> 130.88462 | Z38: 51.4 | AA38: =Z38+AA37 -> 1537.2 | AB38: =Z38/(P38) -> 1.2290476 | AC38: =AA38/(Q38) -> 1.2896817 | AD38: =IF(AND(R38>0,Z38>0),Z38/(R38),0) -> 1.3129326 | AE38: =IF(AND(S38>0,AA38>0),AA38/(S38),0) -> 1.3382422 | AF38: ='30'!I46 -> 37989 | AG38: =AF38+AG37 -> 1137203.4 | AH38: =IF(AND(L38>0,AF38>0),(AF38/(P38*1000)*1000),0) -> 908.37139 | AI38: =IF(AND(M38>0,AG38>0),(AG38/(Q38*1000)*1000),0) -> 954.09211 | AJ38: =IF(AND(R38>0,AF38>0),(AF38/(R38*1000)*1000),0) -> 970.36961 | AK38: =IF(AND(S38>0,AG38>0),(AG38/(S38*1000)*1000),0) -> 990.01662 | AL38: 5594.7 | AM38: 5042.1 | AN38: 4528.7 | AO38: =SUM(AL38:AN38) -> 15165.5 | AP38: =+[1]Des!N33 -> 14588 | AQ38: =+AP38-AO38 -> -577.5 | AR38: =+AL38/AO38 -> 0.3689097 | AS38: =+AM38/AO38 -> 0.33247173 | AT38: =1-AR38-AS38 -> 0.29861858 | AU38: =+AR38*AQ38 -> -213.04535 | AV38: =+AS38*AQ38 -> -192.00242 | AW38: =+AT38*AQ38 -> -172.45223 | AX38: =+AL38+AU38 -> 5381.6547 | AY38: =+AM38+AV38 -> 4850.0976 | AZ38: =+AN38+AW38 -> 4356.2478 | BA38: =+Efficiency2!K126 -> 43.313288 | BB38: =BB37+BA38 -> 1295.5218 | BC38: =+R38/BA38 -> 0.90385658 | BD38: =+S38/BB38 -> 0.88664738
A39: =A38+1 -> 46022 | B39: Toilet | C39: 13 | D39: =+'31'!F42 -> 1172.6111 | E39: =+'31'!G42 -> 891.18444 | F39: =1-(E39/D39) -> 0.24 | G39: =+P39/N39 -> 0.96329011 | H39: =+P39/L39 -> 0.96329011 | I39: =+R39/P39 -> 0.97018957 | J39: =+R39/L39 -> 0.93457401 | K39: =+S39/M39 -> 0.88818848 | L39: =+Efficiency1!K130 -> 43.04207 | M39: =M38+L39 -> 1338.5639 | N39: =+Efficiency1!C130 -> 43.04207 | O39: =O38+N39 -> 1322.1829 | P39: ='31'!I38 -> 41.462 | Q39: =Q38+P39 -> 1233.384 | R39: ='31'!I40 -> 40.226 | S39: =S38+R39 -> 1188.897 | T39: =+AX39 -> 5268.2339 | U39: =T39+U38 -> 155611.6 | V39: =T39/P39 -> 127.06174 | W39: =U39/Q39 -> 126.16639 | X39: =IF(AND(R39>0,T39>0),(T39/(R39*1000))*1000,0) -> 130.96589 | Y39: =IF(AND(S39>0,U39>0),U39/S39,0) -> 130.88737 | Z39: 50.5 | AA39: =Z39+AA38 -> 1587.7 | AB39: =Z39/(P39) -> 1.2179827 | AC39: =AA39/(Q39) -> 1.2872714 | AD39: =IF(AND(R39>0,Z39>0),Z39/(R39),0) -> 1.255407 | AE39: =IF(AND(S39>0,AA39>0),AA39/(S39),0) -> 1.3354395 | AF39: ='31'!I46 -> 39258.72 | AG39: =AF39+AG38 -> 1176462.1 | AH39: =IF(AND(L39>0,AF39>0),(AF39/(P39*1000)*1000),0) -> 946.86026 | AI39: =IF(AND(M39>0,AG39>0),(AG39/(Q39*1000)*1000),0) -> 953.849 | AJ39: =IF(AND(R39>0,AF39>0),(AF39/(R39*1000)*1000),0) -> 975.95386 | AK39: =IF(AND(S39>0,AG39>0),(AG39/(S39*1000)*1000),0) -> 989.54081 | AL39: 5563.5 | AM39: 5483.2 | AN39: 4392.7 | AO39: =SUM(AL39:AN39) -> 15439.4 | AP39: =+[1]Des!N34 -> 14620 | AQ39: =+AP39-AO39 -> -819.4 | AR39: =+AL39/AO39 -> 0.36034431 | AS39: =+AM39/AO39 -> 0.35514333 | AT39: =1-AR39-AS39 -> 0.28451235 | AU39: =+AR39*AQ39 -> -295.26613 | AV39: =+AS39*AQ39 -> -291.00445 | AW39: =+AT39*AQ39 -> -233.12942 | AX39: =+AL39+AU39 -> 5268.2339 | AY39: =+AM39+AV39 -> 5192.1956 | AZ39: =+AN39+AW39 -> 4159.5706 | BA39: =+Efficiency2!K130 -> 43.04207 | BB39: =BB38+BA39 -> 1338.5639 | BC39: =+R39/BA39 -> 0.93457401 | BD39: =+S39/BB39 -> 0.88818848
G41: =+P41/N41 -> 0.93283915 | H41: =+P41/L41 -> 0.92142335 | I41: =+R41/P41 -> 0.96393094 | J41: =+R41/L41 -> 0.88818848 | L41: =SUM(L9:L39) -> 1338.5639 | N41: =SUM(N9:N39) -> 1322.1829 | P41: =SUM(P9:P39) -> 1233.384 | R41: =SUM(R9:R39) -> 1188.897 | T41: =SUM(T9:T39) -> 155611.6 | V41: =T41/P41 -> 126.16639 | X41: =IF(AND(R41>0,T41>0),(T41/(R41*1000))*1000,0) -> 130.88737 | Z41: =SUM(Z9:Z40) -> 1587.7 | AB41: =Z41/P41 -> 1.2872714 | AD41: =Z41/R41 -> 1.3354395 | AF41: =SUM(AF9:AF39) -> 1176462.1 | AH41: =AF41/P41 -> 953.849 | AJ41: =AF41/R41 -> 989.54081 | AP41: =SUM(AP9:AP40) -> 427258 | AX41: =SUM(AX9:AX39) -> 155611.6 | AY41: =SUM(AY9:AY39) -> 149683.85 | AZ41: =SUM(AZ9:AZ39) -> 121962.55 | BA41: =SUM(BA9:BA39) -> 1338.5639 | BC41: =+R41/BA41 -> 0.88818848
AY43: =SUM(AX41:AZ41) -> 427258

Sheet GRAFIK

Sheet Listrik
A2: MACHINE POWER CONSUMPTION (PER PANEL)
A4: Date | B4: PM (TON) | C4: FINSHED GOODS (TON) | P4: Total PM14
D5: Trafo (2500 A) | H5: Trafo (2500 B) | L5: Trafo (2500 A)
D6: KWH | E6: Consumption | F6: /TON PM | G6: /TON FG | H6: KWH | I6: Consumption | J6: /TON PM | K6: /TON FG | L6: KWH | M6: Consumption | N6: /TON PM | O6: /TON FG | P6: Consumption | Q6: /TON PM | R6: /TON FG
A7: =A8-1 -> 45991 | B7: 0 | C7: 0
A8: =+Report1!A9 -> 45992 | B8: =+Report1!P9 -> 24.751 | C8: =+Report1!R9 -> 23.289 | D8: =+D7+E8 -> 4900 | E8: =+[3]DailyDes!AH7 -> 4900 | F8: =E8/B8 -> 197.9718 | G8: =E8/C8 -> 210.39976 | H8: =+H7+I8 -> 7643.33 | I8: =+[3]DailyDes!AI7 -> 7643.33 | J8: =I8/B8 -> 308.80894 | K8: =I8/C8 -> 328.19486 | L8: =+L7+M8 -> 24803.33 | M8: =+[3]DailyDes!AJ7 -> 24803.33 | N8: =M8/B8 -> 1002.1143 | O8: =M8/C8 -> 1065.0234 | P8: =+E8+I8+M8 -> 37346.66 | Q8: =P8/B8 -> 1508.895 | R8: =P8/C8 -> 1603.618 | V8: Off Reel | W8: Off Rewinder
A9: =+Report1!A10 -> 45993 | B9: =+Report1!P10 -> 44.297 | C9: =+Report1!R10 -> 42.353 | D9: =+D8+E9 -> 9700 | E9: =+[3]DailyDes!AH8 -> 4800 | F9: =E9/B9 -> 108.35948 | G9: =E9/C9 -> 113.33318 | H9: =+H8+I9 -> 13521.28 | I9: =+[3]DailyDes!AI8 -> 5877.95 | J9: =I9/B9 -> 132.69409 | K9: =I9/C9 -> 138.78474 | L9: =+L8+M9 -> 47841.28 | M9: =+[3]DailyDes!AJ8 -> 23037.95 | N9: =M9/B9 -> 520.07924 | O9: =M9/C9 -> 543.95084 | P9: =+E9+I9+M9 -> 33715.9 | Q9: =P9/B9 -> 761.13281 | R9: =P9/C9 -> 796.06876 | V9: Off Reel | W9: Off Rewinder
A10: =+Report1!A11 -> 45994 | B10: =+Report1!P11 -> 43.881 | C10: =+Report1!R11 -> 41.977 | D10: =+D9+E10 -> 14600 | E10: =+[3]DailyDes!AH9 -> 4900 | F10: =E10/B10 -> 111.66564 | G10: =E10/C10 -> 116.73059 | H10: =+H9+I10 -> 22295.7 | I10: =+[3]DailyDes!AI9 -> 8774.42 | J10: =I10/B10 -> 199.95944 | K10: =I10/C10 -> 209.02923 | L10: =+L9+M10 -> 74775.7 | M10: =+[3]DailyDes!AJ9 -> 26934.42 | N10: =M10/B10 -> 613.80598 | O10: =M10/C10 -> 641.64709 | P10: =+E10+I10+M10 -> 40608.84 | Q10: =P10/B10 -> 925.43105 | R10: =P10/C10 -> 967.40691 | V10: Off Reel | W10: Off Rewinder
A11: =+Report1!A12 -> 45995 | B11: =+Report1!P12 -> 44.147 | C11: =+Report1!R12 -> 40.162 | D11: =+D10+E11 -> 19500 | E11: =+[3]DailyDes!AH10 -> 4900 | F11: =E11/B11 -> 110.99282 | G11: =E11/C11 -> 122.00588 | H11: =+H10+I11 -> 27031.46 | I11: =+[3]DailyDes!AI10 -> 4735.76 | J11: =I11/B11 -> 107.27252 | K11: =I11/C11 -> 117.91644 | L11: =+L10+M11 -> 97671.46 | M11: =+[3]DailyDes!AJ10 -> 22895.76 | N11: =M11/B11 -> 518.6255 | O11: =M11/C11 -> 570.08516 | P11: =+E11+I11+M11 -> 32531.52 | Q11: =P11/B11 -> 736.89084 | R11: =P11/C11 -> 810.00747 | V11: Off Reel | W11: Off Rewinder
A12: =+Report1!A13 -> 45996 | B12: =+Report1!P13 -> 42.655 | C12: =+Report1!R13 -> 45.196 | D12: =+D11+E12 -> 24100 | E12: =+[3]DailyDes!AH11 -> 4600 | F12: =E12/B12 -> 107.84199 | G12: =E12/C12 -> 101.77892 | H12: =+H11+I12 -> 32813.37 | I12: =+[3]DailyDes!AI11 -> 5781.91 | J12: =I12/B12 -> 135.55058 | K12: =I12/C12 -> 127.92968 | L12: =+L11+M12 -> 121613.37 | M12: =+[3]DailyDes!AJ11 -> 23941.91 | N12: =M12/B12 -> 561.29199 | O12: =M12/C12 -> 529.73515 | P12: =+E12+I12+M12 -> 34323.82 | Q12: =P12/B12 -> 804.68456 | R12: =P12/C12 -> 759.44376 | V12: Off Reel | W12: Off Rewinder
A13: =+Report1!A14 -> 45997 | B13: =+Report1!P14 -> 41.825 | C13: =+Report1!R14 -> 40.382 | D13: =+D12+E13 -> 28800 | E13: =+[3]DailyDes!AH12 -> 4700 | F13: =E13/B13 -> 112.37298 | G13: =E13/C13 -> 116.38849 | H13: =+H12+I13 -> 39380.36 | I13: =+[3]DailyDes!AI12 -> 6566.99 | J13: =I13/B13 -> 157.01112 | K13: =I13/C13 -> 162.62171 | L13: =+L12+M13 -> 144340.36 | M13: =+[3]DailyDes!AJ12 -> 22726.99 | N13: =M13/B13 -> 543.3829 | O13: =M13/C13 -> 562.80001 | P13: =+E13+I13+M13 -> 33993.98 | Q13: =P13/B13 -> 812.76701 | R13: =P13/C13 -> 841.81021 | V13: Off Reel | W13: Off Rewinder
A14: =+Report1!A15 -> 45998 | B14: =+Report1!P15 -> 41.73 | C14: =+Report1!R15 -> 41.706 | D14: =+D13+E14 -> 33700 | E14: =+[3]DailyDes!AH13 -> 4900 | F14: =E14/B14 -> 117.42152 | G14: =E14/C14 -> 117.48909 | H14: =+H13+I14 -> 46592.15 | I14: =+[3]DailyDes!AI13 -> 7211.79 | J14: =I14/B14 -> 172.82027 | K14: =I14/C14 -> 172.91972 | L14: =+L13+M14 -> 170712.15 | M14: =+[3]DailyDes!AJ13 -> 26371.79 | N14: =M14/B14 -> 631.96238 | O14: =M14/C14 -> 632.32604 | P14: =+E14+I14+M14 -> 38483.58 | Q14: =P14/B14 -> 922.20417 | R14: =P14/C14 -> 922.73486 | V14: Off Reel | W14: Off Rewinder
A15: =+Report1!A16 -> 45999 | B15: =+Report1!P16 -> 38.815 | C15: =+Report1!R16 -> 37.368 | D15: =+D14+E15 -> 38300 | E15: =+[3]DailyDes!AH14 -> 4600 | F15: =E15/B15 -> 118.51088 | G15: =E15/C15 -> 123.09998 | H15: =+H14+I15 -> 52507.34 | I15: =+[3]DailyDes!AI14 -> 5915.19 | J15: =I15/B15 -> 152.39444 | K15: =I15/C15 -> 158.2956 | L15: =+L14+M15 -> 196787.34 | M15: =+[3]DailyDes!AJ14 -> 26075.19 | N15: =M15/B15 -> 671.78127 | O15: =M15/C15 -> 697.79464 | P15: =+E15+I15+M15 -> 36590.38 | Q15: =P15/B15 -> 942.68659 | R15: =P15/C15 -> 979.19022 | V15: Off Reel | W15: Off Rewinder
A16: =+Report1!A17 -> 46000 | B16: =+Report1!P17 -> 38.148 | C16: =+Report1!R17 -> 37.178 | D16: =+D15+E16 -> 42900 | E16: =+[3]DailyDes!AH15 -> 4600 | F16: =E16/B16 -> 120.58299 | G16: =E16/C16 -> 123.72909 | H16: =+H15+I16 -> 60006.5 | I16: =+[3]DailyDes!AI15 -> 7499.16 | J16: =I16/B16 -> 196.58069 | K16: =I16/C16 -> 201.70961 | L16: =+L15+M16 -> 224446.5 | M16: =+[3]DailyDes!AJ15 -> 27659.16 | N16: =M16/B16 -> 725.04876 | O16: =M16/C16 -> 743.96579 | P16: =+E16+I16+M16 -> 39758.32 | Q16: =P16/B16 -> 1042.2124 | R16: =P16/C16 -> 1069.4045 | V16: Off Reel | W16: Off Rewinder
A17: =+Report1!A18 -> 46001 | B17: =+Report1!P18 -> 38.79 | C17: =+Report1!R18 -> 37.624 | D17: =+D16+E17 -> 47600 | E17: =+[3]DailyDes!AH16 -> 4700 | F17: =E17/B17 -> 121.16525 | G17: =E17/C17 -> 124.92026 | H17: =+H16+I17 -> 66582.8 | I17: =+[3]DailyDes!AI16 -> 6576.3 | J17: =I17/B17 -> 169.53596 | K17: =I17/C17 -> 174.79003 | L17: =+L16+M17 -> 252182.8 | M17: =+[3]DailyDes!AJ16 -> 27736.3 | N17: =M17/B17 -> 715.03738 | O17: =M17/C17 -> 737.197 | P17: =+E17+I17+M17 -> 39012.6 | Q17: =P17/B17 -> 1005.7386 | R17: =P17/C17 -> 1036.9073 | V17: Off Reel | W17: Off Rewinder
A18: =+Report1!A19 -> 46002 | B18: =+Report1!P19 -> 36.974 | C18: =+Report1!R19 -> 36.599 | D18: =+D17+E18 -> 52300 | E18: =+[3]DailyDes!AH17 -> 4700 | F18: =E18/B18 -> 127.11635 | G18: =E18/C18 -> 128.41881 | H18: =+H17+I18 -> 72085.42 | I18: =+[3]DailyDes!AI17 -> 5502.62 | J18: =I18/B18 -> 148.82404 | K18: =I18/C18 -> 150.34892 | L18: =+L17+M18 -> 276845.42 | M18: =+[3]DailyDes!AJ17 -> 24662.62 | N18: =M18/B18 -> 667.02602 | O18: =M18/C18 -> 673.86049 | P18: =+E18+I18+M18 -> 34865.24 | Q18: =P18/B18 -> 942.96641 | R18: =P18/C18 -> 952.62821 | V18: Off Reel | W18: Off Rewinder
A19: =+Report1!A20 -> 46003 | B19: =+Report1!P20 -> 42.489 | C19: =+Report1!R20 -> 41.507 | D19: =+D18+E19 -> 56900 | E19: =+[3]DailyDes!AH18 -> 4600 | F19: =E19/B19 -> 108.26332 | G19: =E19/C19 -> 110.82468 | H19: =+H18+I19 -> 81174.66 | I19: =+[3]DailyDes!AI18 -> 9089.24 | J19: =I19/B19 -> 213.91984 | K19: =I19/C19 -> 218.98089 | L19: =+L18+M19 -> 305094.66 | M19: =+[3]DailyDes!AJ18 -> 28249.24 | N19: =M19/B19 -> 664.86008 | O19: =M19/C19 -> 680.58978 | P19: =+E19+I19+M19 -> 41938.48 | Q19: =P19/B19 -> 987.04323 | R19: =P19/C19 -> 1010.3954 | V19: Off Reel | W19: Off Rewinder
... A33: =+Report1!A34 -> 46017 | B33: =+Report1!P34 -> 42.19 | C33: =+Report1!R34 -> 38.848 | D33: =+D32+E33 -> 123500 | E33: =+[3]DailyDes!AH32 -> 4700 | F33: =E33/B33 -> 111.40081 | G33: =E33/C33 -> 120.98435 | H33: =+H32+I33 -> 180449.33 | I33: =+[3]DailyDes!AI32 -> 7821.68 | J33: =I33/B33 -> 185.3918 | K33: =I33/C33 -> 201.34061 | L33: =+L32+M33 -> 675609.33 | M33: =+[3]DailyDes!AJ32 -> 27981.68 | N33: =M33/B33 -> 663.23015 | O33: =M33/C33 -> 720.28624 | P33: =+E33+I33+M33 -> 40503.36 | Q33: =P33/B33 -> 960.02275 | R33: =P33/C33 -> 1042.6112 | V33: Off Reel | W33: Off Rewinder
A34: =+Report1!A35 -> 46018 | B34: =+Report1!P35 -> 40.793 | C34: =+Report1!R35 -> 42.837 | D34: =+D33+E34 -> 128500 | E34: =+[3]DailyDes!AH33 -> 5000 | F34: =E34/B34 -> 122.57005 | G34: =E34/C34 -> 116.72153 | H34: =+H33+I34 -> 187796.86 | I34: =+[3]DailyDes!AI33 -> 7347.53 | J34: =I34/B34 -> 180.11742 | K34: =I34/C34 -> 171.52298 | L34: =+L33+M34 -> 704116.86 | M34: =+[3]DailyDes!AJ33 -> 28507.53 | N34: =M34/B34 -> 698.83387 | O34: =M34/C34 -> 665.48848 | P34: =+E34+I34+M34 -> 40855.06 | Q34: =P34/B34 -> 1001.5213 | R34: =P34/C34 -> 953.73299
A35: =+Report1!A36 -> 46019 | B35: =+Report1!P36 -> 42.265 | C35: =+Report1!R36 -> 39.214 | D35: =+D34+E35 -> 133300 | E35: =+[3]DailyDes!AH34 -> 4800 | F35: =E35/B35 -> 113.56915 | G35: =E35/C35 -> 122.40526 | H35: =+H34+I35 -> 195551.69 | I35: =+[3]DailyDes!AI34 -> 7754.83 | J35: =I35/B35 -> 183.48113 | K35: =I35/C35 -> 197.75667 | L35: =+L34+M35 -> 731031.69 | M35: =+[3]DailyDes!AJ34 -> 26914.83 | N35: =M35/B35 -> 636.81131 | O35: =M35/C35 -> 686.35768 | P35: =+E35+I35+M35 -> 39469.66 | Q35: =P35/B35 -> 933.86159 | R35: =P35/C35 -> 1006.5196
A36: =+Report1!A37 -> 46020 | B36: =+Report1!P37 -> 41.18 | C36: =+Report1!R37 -> 40.776 | D36: =+D35+E36 -> 138200 | E36: =+[3]DailyDes!AH35 -> 4900 | F36: =E36/B36 -> 118.9898 | G36: =E36/C36 -> 120.16873 | H36: =+H35+I36 -> 202687.19 | I36: =+[3]DailyDes!AI35 -> 7135.5 | J36: =I36/B36 -> 173.27586 | K36: =I36/C36 -> 174.99264 | L36: =+L35+M36 -> 758327.19 | M36: =+[3]DailyDes!AJ35 -> 27295.5 | N36: =M36/B36 -> 662.8339 | O36: =M36/C36 -> 669.40112 | P36: =+E36+I36+M36 -> 39331 | Q36: =P36/B36 -> 955.09956 | R36: =P36/C36 -> 964.56249
A37: =+Report1!A38 -> 46021 | B37: =+Report1!P38 -> 41.821 | C37: =+Report1!R38 -> 39.149 | D37: =+D36+E37 -> 143000 | E37: =+[3]DailyDes!AH36 -> 4800 | F37: =E37/B37 -> 114.77487 | G37: =E37/C37 -> 122.6085 | H37: =+H36+I37 -> 209701.69 | I37: =+[3]DailyDes!AI36 -> 7014.5 | J37: =I37/B37 -> 167.72674 | K37: =I37/C37 -> 179.17444 | L37: =+L36+M37 -> 784501.69 | M37: =+[3]DailyDes!AJ36 -> 26174.5 | N37: =M37/B37 -> 625.86978 | O37: =M37/C37 -> 668.58668 | P37: =+E37+I37+M37 -> 37989 | Q37: =P37/B37 -> 908.37139 | R37: =P37/C37 -> 970.36961
A38: =+Report1!A39 -> 46022 | B38: =+Report1!P39 -> 41.462 | C38: =+Report1!R39 -> 40.226 | D38: =+D37+E38 -> 147700 | E38: =+[3]DailyDes!AH37 -> 4700 | F38: =E38/B38 -> 113.35681 | G38: =E38/C38 -> 116.83985 | H38: =+H37+I38 -> 216901.05 | I38: =+[3]DailyDes!AI37 -> 7199.36 | J38: =I38/B38 -> 173.63755 | K38: =I38/C38 -> 178.9728 | L38: =+L37+M38 -> 811861.05 | M38: =+[3]DailyDes!AJ37 -> 27359.36 | N38: =M38/B38 -> 659.8659 | O38: =M38/C38 -> 680.1412 | P38: =+E38+I38+M38 -> 39258.72 | Q38: =P38/B38 -> 946.86026 | R38: =P38/C38 -> 975.95386
A40: TOTAL | B40: =SUM(B8:B38) -> 1233.384 | C40: =SUM(C8:C38) -> 1188.897 | E40: =SUM(E8:E39) -> 147700 | F40: =E40/B40 -> 119.75184 | G40: =E40/C40 -> 124.2328 | I40: =SUM(I8:I39) -> 216901.05 | J40: =I40/B40 -> 175.85849 | K40: =I40/C40 -> 182.43889 | M40: =SUM(M8:M39) -> 811861.05 | N40: =M40/B40 -> 658.23868 | O40: =M40/C40 -> 682.86912 | P40: =+E40+I40+M40 -> 1176462.1 | Q40: =P40/B40 -> 953.849 | R40: =P40/C40 -> 989.54081
P42: -1320860.8

Sheet Trim Rwd
A1: PM 14 | B1: =+Report1!A9 -> 45992
A3: Tgl | B3: Grade | C3: Ply | D3: Kombinasi Pot. | E3: Lebar Trim | F3: Jml Turunan | G3: Lebar x Turunan | H3: Rata-rata | I3: PHP PM
A4: =+B1 -> 45992 | B4: F 14 | C4: 2 | D4: 120+140 | E4: =120+140 -> 260 | F4: =68/2 -> 34 | G4: =+E4*F4 -> 8840 | H4: =+SUM(G4/F4) -> 260 | I4: =+'1'!I38 -> 24.751
A6: 45993 | B6: F 14 | C6: 2 | D6: 120+140 | E6: =120+140 -> 260 | F6: 16 | G6: =+E6*F6 -> 4160 | H6: =+SUM(G6/F6) -> 260 | I6: =+'2'!I38 -> 44.297
B7: F 15 | C7: 2 | D7: 128*2 | E7: =128*2 -> 256 | F7: =96/2 -> 48 | G7: =+E7*F7 -> 12288 | H7: =+SUM(G7/F7) -> 256
A9: 45994 | B9: F 15 | C9: 2 | D9: 128*2 | E9: =128*2 -> 256 | F9: =126/2 -> 63 | G9: =+E9*F9 -> 16128 | H9: =+SUM(G9/F9) -> 256 | I9: =+'3'!I38 -> 43.881
A11: 45995 | B11: F 15 | C11: 2 | D11: 128*2 | E11: =128*2 -> 256 | F11: =66/2 -> 33 | G11: =+E11*F11 -> 8448 | H11: =+SUM(G11/F11) -> 256 | I11: =+'4'!I38 -> 44.147
B12: F 14 | C12: 2 | D12: 120+140 | E12: =120+140 -> 260 | F12: =15+9 -> 24 | G12: =+E12*F12 -> 6240 | H12: =+SUM(G12/F12) -> 260
A14: 45996 | B14: F 14 | C14: 2 | D14: 120+140 | E14: =120+140 -> 260 | F14: =106/2 -> 53 | G14: =+E14*F14 -> 13780 | H14: =+SUM(G14:G15)/SUM(F14:F15) -> 259.16418 | I14: =+'5'!I38 -> 42.655
B15: F 14 | C15: 2 | D15: 126+130 | E15: =126+130 -> 256 | F15: 14 | G15: =+E15*F15 -> 3584
A17: 45997 | B17: F 14 | C17: 2 | D17: 120+140 | E17: =120+140 -> 260 | F17: =19+8 -> 27 | G17: =+E17*F17 -> 7020 | H17: =+SUM(G17:G18)/SUM(F17:F18) -> 257.89474 | I17: =+'6'!I38 -> 41.825
B18: F 14 | C18: 2 | D18: 126+130 | E18: =126+130 -> 256 | F18: 30 | G18: =+E18*F18 -> 7680
A20: 45998 | B20: F 14 | C20: 2 | D20: 120+140 | E20: =120+140 -> 260 | F20: =120/2 -> 60 | G20: =+E20*F20 -> 15600 | H20: =+SUM(G20/F20) -> 260 | I20: =+'7'!I38 -> 41.73
A22: 45999 | B22: F 14 | C22: 2 | D22: 120+140 | E22: =120+140 -> 260 | F22: 6 | G22: =+E22*F22 -> 1560 | H22: =+SUM(G22:G23)/SUM(F22:F23) -> 261.5 | I22: =+'8'!I38 -> 38.815
B23: F 14 | C23: 2 | D23: 133*2 | E23: =133*2 -> 266 | F23: 2 | G23: =+E23*F23 -> 532
B24: T 12 | C24: 2 | D24: 257*1 | E24: =257*1 -> 257 | F24: =5+17+9 -> 31 | G24: =+E24*F24 -> 7967 | H24: =+SUM(G24/F24) -> 257
B25: T 13 | C25: 2 | D25: 129*2 | E25: =129*2 -> 258 | F25: 8 | G25: =+E25*F25 -> 2064 | H25: =+SUM(G25/F25) -> 258
A27: 46000 | B27: T 13 | C27: 2 | D27: 129*2 | E27: =129*2 -> 258 | F27: =126/2 -> 63 | G27: =+E27*F27 -> 16254 | H27: =+SUM(G27/F27) -> 258 | I27: =+'9'!I38 -> 38.148
A29: 46001 | B29: T 13 | C29: 2 | D29: 129*2 | E29: =129*2 -> 258 | F29: =128/2 -> 64 | G29: =+E29*F29 -> 16512 | H29: =+SUM(G29/F29) -> 258 | I29: =+'10'!I38 -> 38.79
A31: 46002 | B31: T 13 | C31: 2 | D31: 129*2 | E31: =129*2 -> 258 | F31: =124/2 -> 62 | G31: =+E31*F31 -> 15996 | H31: =+SUM(G31/F31) -> 258 | I31: =+'11'!I38 -> 36.974
B32: T 15 | C32: 2 | D32: 126*2+16 | E32: =126*2+16 -> 268 | F32: 0 | G32: =+E32*F32 -> 0 | H32: =+E32 -> 268
A34: 46003 | B34: T 15 | C34: 2 | D34: 126*2+16 | E34: =126*2+16 -> 268 | F34: =123/3 -> 41 | G34: =+E34*F34 -> 10988 | H34: =+SUM(G34/F34) -> 268 | I34: =+'12'!I38 -> 42.489
B35: T 13 | C35: 2 | D35: 129*2 | E35: =129*2 -> 258 | F35: 5 | G35: =+E35*F35 -> 1290 | H35: =+SUM(G35/F35) -> 258
B36: T 12 | C36: 2 | D36: 130*2 | E36: =130*2 -> 260 | F36: 19 | G36: =+E36*F36 -> 4940 | H36: =+SUM(G36/F36) -> 260
A38: 46004 | B38: T 12 | C38: 2 | D38: 130*2 | E38: =130*2 -> 260 | F38: 11 | G38: =+E38*F38 -> 2860 | H38: =+SUM(G38/F38) -> 260 | I38: =+'13'!I38 -> 35.812
B39: F 12 | C39: 2 | D39: 133*2 | E39: =133*2 -> 266 | F39: 6 | G39: =+E39*F39 -> 1596 | H39: =+SUM(G39:G40)/SUM(F39:F40) -> 258.63333
B40: F 12 | C40: 2 | D40: 180+77,5 | E40: =180+77.5 -> 257.5 | F40: =3+20+16 -> 39 | G40: =+E40*F40 -> 10042.5
A42: 46005 | B42: F 12 | C42: 2 | D42: 180+77,5 | E42: =180+77.5 -> 257.5 | F42: =15+21+23 -> 59 | G42: =+E42*F42 -> 15192.5 | H42: =+SUM(G42/F42) -> 257.5 | I42: =+'14'!I38 -> 36.809
A44: 46006 | B44: F 12 | C44: 2 | D44: 180+77,5 | E44: =180+77.5 -> 257.5 | F44: =18+9 -> 27 | G44: =+E44*F44 -> 6952.5 | H44: =+SUM(G44:G45)/SUM(F44:F45) -> 258.82812 | I44: =+'15'!I38 -> 38.226
B45: F 12 | C45: 2 | D45: 133*2 | E45: =133*2 -> 266 | F45: 5 | G45: =+E45*F45 -> 1330
B46: F 13 | C46: 2 | D46: 129*2 | E46: =129*2 -> 258 | F46: 39 | G46: =+E46*F46 -> 10062 | H46: =+SUM(G46/F46) -> 258
A48: 46007 | B48: F 13 | C48: 2 | D48: 129,5*2 | E48: =129.5*2 -> 259 | F48: =13+2+5 -> 20 | G48: =+E48*F48 -> 5180 | H48: =+SUM(G48:G49)/SUM(F48:F49) -> 258.74074 | I48: =+'16'!I38 -> 34.789
B49: F 13 | C49: 2 | D49: 129*2 | E49: =129*2 -> 258 | F49: 7 | G49: =+E49*F49 -> 1806
B50: F 12 | C50: 2 | D50: 133*2 | E50: =133*2 -> 266 | F50: 0 | G50: =+E50*F50 -> 0 | H50: =+SUM(G50:G51)/SUM(F50:F51) -> 256
B51: F 12 | C51: 2 | D51: 130+126 | E51: =130+126 -> 256 | F51: =5+4+13+3 -> 25 | G51: =+E51*F51 -> 6400
A53: 46008 | B53: F 12 | C53: 2 | D53: 130+126 | E53: =130+126 -> 256 | F53: =8+8+13+8+9 -> 46 | G53: =+E53*F53 -> 11776 | H53: =+SUM(G53:G54)/SUM(F53:F54) -> 256.61224 | I53: =+'17'!I38 -> 36.964
B54: F 12 | C54: 2 | D54: 133*2 | E54: =133*2 -> 266 | F54: 3 | G54: =+E54*F54 -> 798
B55: F 11,5 | C55: 2 | D55: 140+128 | E55: =140+128 -> 268 | F55: 13 | G55: =+E55*F55 -> 3484 | H55: =+SUM(G55:G55)/SUM(F55:F55) -> 268
A57: 46009 | B57: F 11,5 | C57: 2 | D57: 140+128 | E57: =140+128 -> 268 | F57: 67 | G57: =+E57*F57 -> 17956 | H57: =+SUM(G57:G57)/SUM(F57:F57) -> 268 | I57: =+'18'!I38 -> 35.034
A59: 46010 | B59: F 11,5 | C59: 2 | D59: 140+128 | E59: =140+128 -> 268 | F59: 22 | G59: =+E59*F59 -> 5896 | H59: =+SUM(G59:G59)/SUM(F59:F59) -> 268 | I59: =+'19'!I38 -> 39.845
B60: T 13 | C60: 2 | D60: 129*2 | E60: =129*2 -> 258 | F60: 39 | G60: =+E60*F60 -> 10062 | H60: =+SUM(G60:G60)/SUM(F60:F60) -> 258
B61: F 14 | C61: 2 | D61: 133*2 | E61: =133*2 -> 266 | F61: 14 | G61: =+E61*F61 -> 3724 | H61: =+SUM(G61:G61)/SUM(F61:F61) -> 266
A63: 46011 | B63: T 13 | C63: 2 | D63: 129*2 | E63: =129*2 -> 258 | F63: =148/2 -> 74 | G63: =+E63*F63 -> 19092 | H63: =+SUM(G63:G63)/SUM(F63:F63) -> 258 | I63: =+'20'!I38 -> 40.629
A65: 46012 | B65: T 13 | C65: 2 | D65: 129*2 | E65: =129*2 -> 258 | F65: =142/2 -> 71 | G65: =+E65*F65 -> 18318 | H65: =+SUM(G65:G65)/SUM(F65:F65) -> 258 | I65: =+'21'!I38 -> 38.564
A67: 46013 | B67: T 13 | C67: 2 | D67: 129*2 | E67: =129*2 -> 258 | F67: 17 | G67: =+E67*F67 -> 4386 | H67: =+SUM(G67:G68)/SUM(F67:F68) -> 260.67857 | I67: =+'22'!I38 -> 42.471
B68: T 13 | C68: 2 | D68: 262,5*1 | E68: =262.5*1 -> 262.5 | F68: =6+19 -> 25 | G68: =+E68*F68 -> 6562.5
B69: T 15 | C69: 2 | D69: 128,5*2 | E69: =128.5*2 -> 257 | F69: =2+24 -> 26 | G69: =+E69*F69 -> 6682 | H69: =+SUM(G69:G69)/SUM(F69:F69) -> 257
A71: 46014 | B71: T 15 | C71: 2 | D71: 128,5*2 | E71: =128.5*2 -> 257 | F71: 55 | G71: =+E71*F71 -> 14135 | H71: =+SUM(G71:G71)/SUM(F71:F71) -> 257 | I71: =+'23'!I38 -> 42.808
B72: T 14 | C72: 2 | D72: 128,5*2 | E72: =128.5*2 -> 257 | F72: =12/2 -> 6 | G72: =+E72*F72 -> 1542 | H72: =+SUM(G72:G72)/SUM(F72:F72) -> 257
A74: 46015 | B74: T 14 | C74: 2 | D74: 128,5*2 | E74: =128.5*2 -> 257 | F74: =13+11+12+13+13+10 -> 72 | G74: =+E74*F74 -> 18504 | H74: =+SUM(G74:G74)/SUM(F74:F74) -> 257 | I74: =+'24'!I38 -> 41.699
A76: 46016 | B76: T 14 | C76: 2 | D76: 128,5*2 | E76: =128.5*2 -> 257 | F76: =13+10 -> 23 | G76: =+E76*F76 -> 5911 | H76: =+SUM(G76:G76)/SUM(F76:F76) -> 257 | I76: =+'25'!I38 -> 41.521
B77: T 13 | C77: 2 | D77: 129*2 | E77: =129*2 -> 258 | F77: =13+10+13+10 -> 46 | G77: =+E77*F77 -> 11868 | H77: =+SUM(G77:G77)/SUM(F77:F77) -> 258
A79: 46017 | B79: T 13 | C79: 2 | D79: 129*2 | E79: =129*2 -> 258 | F79: =130/2 -> 65 | G79: =+E79*F79 -> 16770 | H79: =+SUM(G79:G79)/SUM(F79:F79) -> 258 | I79: =+'26'!I38 -> 42.19
A81: 46018 | B81: T 13 | C81: 2 | D81: 129*2 | E81: =129*2 -> 258 | F81: =154/2 -> 77 | G81: =+E81*F81 -> 19866 | H81: =+SUM(G81:G81)/SUM(F81:F81) -> 258 | I81: =+'27'!I38 -> 40.793
A83: 46019 | B83: T 13 | C83: 2 | D83: 129*2 | E83: =129*2 -> 258 | F83: 11 | G83: =+E83*F83 -> 2838 | H83: =+SUM(G83:G83)/SUM(F83:F83) -> 258 | I83: =+'28'!I38 -> 42.265
B84: T 12,5 | C84: 2 | D84: 256*1 | E84: =256*1 -> 256 | F84: =10+16+17 -> 43 | G84: =+E84*F84 -> 11008 | H84: =+SUM(G84:G84)/SUM(F84:F84) -> 256
A86: 46020 | B86: T 12,5 | C86: 2 | D86: 256*1 | E86: =256*1 -> 256 | F86: 52 | G86: =+E86*F86 -> 13312 | H86: =+SUM(G86:G86)/SUM(F86:F86) -> 256 | I86: =+'29'!I38 -> 41.18
B87: T 13 | C87: 2 | D87: 258*1 | E87: =258*1 -> 258 | F87: 0 | G87: =+E87 -> 258 | H87: =+G87 -> 258
A89: 46021 | B89: T 12,5 | C89: 2 | D89: 256*1 | E89: =256*1 -> 256 | F89: 2 | G89: =+E89*F89 -> 512 | H89: =+SUM(G89:G89)/SUM(F89:F89) -> 256 | I89: =+'30'!I38 -> 41.821
B90: T 13 | C90: 2 | D90: 129*2 | E90: =129*2 -> 258 | F90: =11+12+13+12+13+11 -> 72 | G90: =+E90 -> 258 | H90: =+G90 -> 258
A92: 46387 | B92: T 13 | C92: 2 | D92: 129*2 | E92: =129*2 -> 258 | F92: 78 | G92: =+E92 -> 258 | H92: =+G92 -> 258 | I92: =+'31'!I38 -> 41.462

Sheet Efficiency1
A1: PM14 Efficiency Report
A3: Date | B3: Grade | C3: Speed real (ton) with Available Time | D3: Colour | E3: gsm | F3: Ply | G3: Standard | L3: Real Running | O3: Trim Rewinder (cm) | P3: Trim Rewinder x Running Time | Q3: Available Time (mnt) | R3: Down Time (mnt) | S3: Loss Time (mnt) | T3: Real Speed & Real Creepe Ratio with Available Time (ton) | U3: Real Speed & Real Creepe Ratio setelah dipotong DT & LT (ton) | V3: Loss tonase akibat DT + LT dari hitungan Teori with available time (ton) | W3: Accepted (ton) | X3: Real Eff dr Target Eff | Y3: Backlog | Z3: Reject Rewinder (ton) | AA3: Estimasi Reject to Broke Plant (ton) | AB3: Estimasi Faktor BW (ton) | AC3: Loss Opportunity in Speed (ton) | AD3: Downtime/ Losstime | AE3: Reason of Downtime / Losstime | AF3: Loss Time | AM3: Total Losstime | AN3: Unschedule Shut Down (mnt) | AS3: Schedule Shut Down | AT3: Marketing | AV3: EXT FACTOR | AX3: EXT FACTOR | AZ3: MANAGEMENT | BA3: Total Down Time | BB3: Freq. Sheets Break (X) | BC3: Freq. Change Blade (X) | BD3: Steam, & gangguan sinergy (X) | BE3: Freq, Trip PLN (X) | BF3: Cleaning Holes (X)
AF4: Proses | AI4: Change Grade/Cleaning | AJ4: Mekanik | AK4: Electric & Instrument | AL4: Boiler | AN4: Down Time Produksi | AO4: Mekanik | AP4: Electrical & Instrument | AQ4: Boiler | AR4: Total Unschedule Shut Down | AV4: LOSS | AW4: DOWN TIME | AX4: LOSS | AY4: DOWN TIME
G5: Yankee Speed (mpm) | H5: Max % Creeping | I5: Target Eff | J5: Kapasitas PM-Teori (ton) | K5: Teori (ton) with Available Time | L5: Yankee Speed (mpm) | M5: Popereel Speed (mpm) | N5: % Creeping | AF5: sheet break | AG5: change blade | AH5: change spool | AT5: Loss time | AU5: Down Time | AV5: SINERGY | AW5: SINERGY | AX5: PLN | AY5: PLN
A6: =+Report1!A9 -> 45992 | B6: Facial | C6: =(M6*E6*O6*Q6)/100000000 -> 45.611265 | D6: VP OW | E6: 14 | F6: 1 | G6: =+L6 -> 1144.9714 | H6: 0.24 | I6: 0.88 | J6: =E6*G6*(1-H6)*1440/1000000*2.74 -> 48.067256 | K6: =(IF(G6<L6,L6,G6)*(1-IF(H6<N6,H6,N6))*E6*O6*Q6)/100000000 -> 45.611265 | L6: 1144.9714 | M6: 870.17829 | N6: =1-(M6/L6) -> 0.24 | O6: =+'Trim Rwd'!H4 -> 260 | P6: =O6*(Q6-R6-S6) -> 217620 | Q6: 1440 | R6: =505+60 -> 565 | S6: 38 | T6: =E6*M6*O6*Q6/100000000 -> 45.611265 | U6: =E6*M6*O6*(Q6-R6-S6)/100000000 -> 26.511548 | V6: =E6*G6*(1-N6)*O6/100*(R6+S6)/1000000 -> 19.099717 | W6: =+'1'!C34/1000 -> 23.289 | X6: =SUM(W6:W10)/SUM(K6:K10) -> 0.51059755 | Y6: 0 | Z6: =+'1'!D16/1000 -> 0.692 | AA6: =SUM(U6:U10)-SUM(W6:W10)-SUM(Z6:Z10)-SUM(Y6:Y10) -> 2.5305478 | AB6: =(SUM(K6:K10)-SUM(W6:W10)-SUM(Y6:Y10)-SUM(Z6:Z10)-SUM(AC6:AC10)-SUM(V6:V10))-AA6 -> 0 | AC6: =K6-T6 -> 0 | AD6: =+AM6+BA6 -> 0 | AE6: - Sheet Breaks (0x) | AF6: 0 | AM6: =SUM(AF6:AL6)+AT6+AV6+AX6 -> 0 | AR6: =SUM(AN6:AQ6) -> 0 | BA6: =+AR6+AS6+AU6+AW6+AY6+AZ6 -> 0 | BB6: 0
AD7: =+AM7+BA7 -> 15 | AE7: - Change Blade (9x) | AG7: 15 | AM7: =SUM(AF7:AL7)+AT7+AV7+AX7 -> 15 | AR7: =SUM(AN7:AQ7) -> 0 | BA7: =+AR7+AS7+AU7+AW7+AY7+AZ7 -> 0 | BC7: 9
AD8: =+AM8+BA8 -> 23 | AE8: - Change Spool (19x) | AH8: 23 | AM8: =SUM(AF8:AL8)+AT8+AV8+AX8 -> 23 | AR8: =SUM(AN8:AQ8) -> 0 | BA8: =+AR8+AS8+AU8+AW8+AY8+AZ8 -> 0
AD9: =+AM9+BA9 -> 481 | AE9: - 13:35 pm stop tim ME&EID perbaikan pillow guaide roll felt bocor | AI9: 0 | AM9: =SUM(AF9:AL9)+AT9+AV9+AX9 -> 0 | AO9: 481 | AR9: =SUM(AN9:AQ9) -> 481 | BA9: =+AR9+AS9+AU9+AW9+AY9+AZ9 -> 481
AD10: =+AM10+BA10 -> 84 | AE10: - 21.36 pm trip gagal on rell ( compresor hunting ) | AM10: =SUM(AF10:AL10)+AT10+AV10+AX10 -> 0 | AP10: 84 | AR10: =SUM(AN10:AQ10) -> 84 | BA10: =+AR10+AS10+AU10+AW10+AY10+AZ10 -> 84
AM11: =SUM(AF11:AL11)+AT11+AV11+AX11 -> 0
A12: 45993 | B12: Facial | C12: =(M12*E12*O12*Q12)/100000000 -> 8.71416 | D12: VP OW | E12: 14 | F12: 1 | G12: =+L12 -> 1166.6667 | H12: 0.24 | I12: 0.88 | J12: =E12*G12*(1-H12)*1440/1000000*2.74 -> 48.978048 | K12: =(IF(G12<L12,L12,G12)*(1-IF(H12<N12,H12,N12))*E12*O12*Q12)/100000000 -> 8.71416 | L12: 1166.6667 | M12: 886.66667 | N12: =1-(M12/L12) -> 0.24 | O12: =+'Trim Rwd'!H6 -> 260 | P12: =O12*(Q12-R12-S12) -> 65260 | Q12: 270 | R12: 0 | S12: 19 | T12: =E12*M12*O12*Q12/100000000 -> 8.71416 | U12: =E12*M12*O12*(Q12-R12-S12)/100000000 -> 8.1009413 | V12: =E12*G12*(1-N12)*O12/100*(R12+S12)/1000000 -> 0.61321867 | W12: =+'2'!K7/1000 -> 11.259 | X12: =SUM(W12:W15)/SUM(K12:K15) -> 0.91595944 | Y12: 0 | Z12: =+'1'!D31/1000 -> 0 | AA12: =SUM(U12:U15)-SUM(W12:W15)-SUM(Z12:Z15)-SUM(Y12:Y15) -> 1.6691051 | AB12: =(SUM(K12:K15)-SUM(W12:W15)-SUM(Y12:Y15)-SUM(Z12:Z15)-SUM(AC12:AC15)-SUM(V12:V15))-AA12 -> 6.2172489e-15 | AC12: =K12-T12 -> 0 | AD12: =+AM12+BA12 -> 14 | AE12: - Sheet Breaks (5x) | AF12: 14 | AM12: =SUM(AF12:AL12)+AT12+AV12+AX12 -> 14 | AR12: =SUM(AN12:AQ12) -> 0 | BA12: =+AR12+AS12+AU12+AW12+AY12+AZ12 -> 0 | BB12: 5
B13: Facial | C13: =(M13*E13*O13*Q13)/100000000 -> 37.524787 | D13: VP OW | E13: 15 | F13: 1 | G13: =+L13 -> 1098.9744 | H13: 0.24 | I13: 0.88 | J13: =E13*G13*(1-H13)*1440/1000000*2.74 -> 49.431691 | K13: =(IF(G13<L13,L13,G13)*(1-IF(H13<N13,H13,N13))*E13*O13*Q13)/100000000 -> 37.524787 | L13: 1098.9744 | M13: 835.22051 | N13: =1-(M13/L13) -> 0.24 | O13: =+'Trim Rwd'!H7 -> 256 | P13: =O13*(Q13-R13-S13) -> 286720 | Q13: 1170 | R13: 0 | S13: 50 | T13: =E13*M13*O13*Q13/100000000 -> 37.524787 | U13: =E13*M13*O13*(Q13-R13-S13)/100000000 -> 35.921164 | V13: =E13*G13*(1-N13)*O13/100*(R13+S13)/1000000 -> 1.6036234 | W13: =+'2'!K8/1000 -> 31.094 | AC13: =K13-T13 -> 0 | AD13: =+AM13+BA13 -> 8 | AE13: - Change Blade (8x) | AG13: 8 | AM13: =SUM(AF13:AL13)+AT13+AV13+AX13 -> 8 | AR13: =SUM(AN13:AQ13) -> 0 | BA13: =+AR13+AS13+AU13+AW13+AY13+AZ13 -> 0 | BC13: 8
AD14: =+AM14+BA14 -> 47 | AE14: - Change Spool (28x) | AH14: 47 | AM14: =SUM(AF14:AL14)+AT14+AV14+AX14 -> 47 | AR14: =SUM(AN14:AQ14) -> 0 | BA14: =+AR14+AS14+AU14+AW14+AY14+AZ14 -> 0
A16: 45994 | B16: Facial | C16: =(M16*E16*O16*Q16)/100000000 -> 45.807206 | D16: VP OW | E16: 15 | F16: 1 | G16: =+L16 -> 1090 | H16: 0.24 | I16: 0.88 | J16: =E16*G16*(1-H16)*1440/1000000*2.74 -> 49.028026 | K16: =(IF(G16<L16,L16,G16)*(1-IF(H16<N16,H16,N16))*E16*O16*Q16)/100000000 -> 45.807206 | L16: 1090 | M16: 828.4 | N16: =1-(M16/L16) -> 0.24 | O16: =+'Trim Rwd'!H9 -> 256 | P16: =O16*(Q16-R16-S16) -> 351488 | Q16: 1440 | R16: 0 | S16: 67 | T16: =E16*M16*O16*Q16/100000000 -> 45.807206 | U16: =E16*M16*O16*(Q16-R16-S16)/100000000 -> 43.675899 | V16: =E16*G16*(1-N16)*O16/100*(R16+S16)/1000000 -> 2.1313075 | W16: =+'3'!K8/1000 -> 41.977 | X16: =SUM(W16:W19)/SUM(K16:K19) -> 0.9163842 | Y16: 0 | Z16: 0 | AA16: =SUM(U16:U19)-SUM(W16:W19)-SUM(Z16:Z19)-SUM(Y16:Y19) -> 1.6988989 | AB16: =(SUM(K16:K19)-SUM(W16:W19)-SUM(Y16:Y19)-SUM(Z16:Z19)-SUM(AC16:AC19)-SUM(V16:V19))-AA16 -> 0 | AC16: =K16-T16 -> 0 | AD16: =+AM16+BA16 -> 18 | AE16: - Sheet Breaks (9x) | AF16: 18 | AM16: =SUM(AF16:AL16)+AT16+AV16+AX16 -> 18 | AR16: =SUM(AN16:AQ16) -> 0 | BA16: =+AR16+AS16+AU16+AW16+AY16+AZ16 -> 0 | BB16: 9
AD17: =+AM17+BA17 -> 10 | AE17: - Change Blade (10x) | AG17: 10 | AM17: =SUM(AF17:AL17)+AT17+AV17+AX17 -> 10 | AR17: =SUM(AN17:AQ17) -> 0 | BA17: =+AR17+AS17+AU17+AW17+AY17+AZ17 -> 0 | BC17: 10
AD18: =+AM18+BA18 -> 39 | AE18: - Change Spool (26x) | AH18: 39 | AM18: =SUM(AF18:AL18)+AT18+AV18+AX18 -> 39 | AR18: =SUM(AN18:AQ18) -> 0 | BA18: =+AR18+AS18+AU18+AW18+AY18+AZ18 -> 0
A20: 45995 | B20: Facial | C20: =(M20*E20*O20*Q20)/100000000 -> 20.040653 | D20: VP OW | E20: 15 | F20: 1 | G20: =+L20 -> 1090 | H20: 0.24 | I20: 0.88 | J20: =E20*G20*(1-H20)*1440/1000000*2.74 -> 49.028026 | K20: =(IF(G20<L20,L20,G20)*(1-IF(H20<N20,H20,N20))*E20*O20*Q20)/100000000 -> 20.040653 | L20: 1090 | M20: 828.4 | N20: =1-(M20/L20) -> 0.24 | O20: =+'Trim Rwd'!H11 -> 256 | P20: =O20*(Q20-R20-S20) -> 151808 | Q20: 630 | R20: 0 | S20: 37 | T20: =E20*M20*O20*Q20/100000000 -> 20.040653 | U20: =E20*M20*O20*(Q20-R20-S20)/100000000 -> 18.863662 | V20: =E20*G20*(1-N20)*O20/100*(R20+S20)/1000000 -> 1.1769907 | W20: =+'4'!K8/1000 -> 22.475 | X20: =SUM(W20:W23)/SUM(K20:K23) -> 0.89503757 | Y20: 0 | Z20: =+'1'!D39/1000 -> 0 | AA20: =SUM(U20:U23)-SUM(W20:W23)-SUM(Z20:Z23)-SUM(Y20:Y23) -> 2.3066361 | AB20: =(SUM(K20:K23)-SUM(W20:W23)-SUM(Y20:Y23)-SUM(Z20:Z23)-SUM(AC20:AC23)-SUM(V20:V23))-AA20 -> -6.2172489e-15 | AC20: =K20-T20 -> 0 | AD20: =+AM20+BA20 -> 21 | AE20: - Sheet Breaks (6x) | AF20: 21 | AM20: =SUM(AF20:AL20)+AT20+AV20+AX20 -> 21 | AR20: =SUM(AN20:AQ20) -> 0 | BA20: =+AR20+AS20+AU20+AW20+AY20+AZ20 -> 0 | BB20: 6
B21: Facial | C21: =(M21*E21*O21*Q21)/100000000 -> 24.831206 | D21: VP OW | E21: 14 | F21: 1 | G21: =+L21 -> 1108.1481 | H21: 0.24 | I21: 0.88 | J21: =E21*G21*(1-H21)*1440/1000000*2.74 -> 46.521371 | K21: =(IF(G21<L21,L21,G21)*(1-IF(H21<N21,H21,N21))*E21*O21*Q21)/100000000 -> 24.831206 | L21: 1108.1481 | M21: 842.19259 | N21: =1-(M21/L21) -> 0.24 | O21: =+'Trim Rwd'!H12 -> 260 | P21: =O21*(Q21-R21-S21) -> 200200 | Q21: 810 | R21: 0 | S21: 40 | T21: =E21*M21*O21*Q21/100000000 -> 24.831206 | U21: =E21*M21*O21*(Q21-R21-S21)/100000000 -> 23.604974 | V21: =E21*G21*(1-N21)*O21/100*(R21+S21)/1000000 -> 1.2262324 | W21: =+'4'!K7/1000 -> 17.687 | AC21: =K21-T21 -> 0 | AD21: =+AM21+BA21 -> 9 | AE21: - Change Blade (9x) | AG21: 9 | AM21: =SUM(AF21:AL21)+AT21+AV21+AX21 -> 9 | AR21: =SUM(AN21:AQ21) -> 0 | BA21: =+AR21+AS21+AU21+AW21+AY21+AZ21 -> 0 | BC21: 9
AD22: =+AM22+BA22 -> 47 | AE22: - Change Spool (27x) | AH22: 47 | AM22: =SUM(AF22:AL22)+AT22+AV22+AX22 -> 47 | AR22: =SUM(AN22:AQ22) -> 0 | BA22: =+AR22+AS22+AU22+AW22+AY22+AZ22 -> 0
A24: 45996 | B24: Facial | C24: =(M24*E24*O24*Q24)/100000000 -> 43.678909 | D24: VP OW | E24: 14 | F24: 1 | G24: =+L24 -> 1100 | H24: 0.24 | I24: 0.88 | J24: =E24*G24*(1-H24)*1440/1000000*2.74 -> 46.179302 | K24: =(IF(G24<L24,L24,G24)*(1-IF(H24<N24,H24,N24))*E24*O24*Q24)/100000000 -> 43.678909 | L24: 1100 | M24: 836 | N24: =1-(M24/L24) -> 0.24 | O24: =+'Trim Rwd'!H14 -> 259.16418 | P24: =O24*(Q24-R24-S24) -> 354018.27 | Q24: 1440 | R24: 0 | S24: 74 | T24: =E24*M24*O24*Q24/100000000 -> 43.678909 | U24: =E24*M24*O24*(Q24-R24-S24)/100000000 -> 41.434298 | V24: =E24*G24*(1-N24)*O24/100*(R24+S24)/1000000 -> 2.2446106 | W24: =+'5'!K7/1000 -> 45.196 | X24: =SUM(W24:W27)/SUM(K24:K27) -> 1.0347328 | Y24: 0 | Z24: =+'5'!D25/1000 -> 0.225 | AA24: =SUM(U24:U27)-SUM(W24:W27)-SUM(Z24:Z27)-SUM(Y24:Y27) -> -3.9867018 | AB24: =(SUM(K24:K27)-SUM(W24:W27)-SUM(Y24:Y27)-SUM(Z24:Z27)-SUM(AC24:AC27)-SUM(V24:V27))-AA24 -> -3.9968029e-15 | AC24: =K24-T24 -> 0 | AD24: =+AM24+BA24 -> 27 | AE24: - Sheet Breaks (9x) | AF24: 27 | AM24: =SUM(AF24:AL24)+AT24+AV24+AX24 -> 27 | AR24: =SUM(AN24:AQ24) -> 0 | BA24: =+AR24+AS24+AU24+AW24+AY24+AZ24 -> 0 | BB24: 9
AD25: =+AM25+BA25 -> 0 | AE25: - Change Blade (0x) | AG25: 0 | AM25: =SUM(AF25:AL25)+AT25+AV25+AX25 -> 0 | AR25: =SUM(AN25:AQ25) -> 0 | BA25: =+AR25+AS25+AU25+AW25+AY25+AZ25 -> 0 | BC25: 0
AD26: =+AM26+BA26 -> 47 | AE26: - Change Spool (28x) | AH26: 47 | AM26: =SUM(AF26:AL26)+AT26+AV26+AX26 -> 47 | AR26: =SUM(AN26:AQ26) -> 0 | BA26: =+AR26+AS26+AU26+AW26+AY26+AZ26 -> 0
A28: 45997 | B28: Facial | C28: =(M28*E28*O28*Q28)/100000000 -> 43.46496 | D28: VP OW | E28: 14 | F28: 1 | G28: =+L28 -> 1100 | H28: 0.24 | I28: 0.88 | J28: =E28*G28*(1-H28)*1440/1000000*2.74 -> 46.179302 | K28: =(IF(G28<L28,L28,G28)*(1-IF(H28<N28,H28,N28))*E28*O28*Q28)/100000000 -> 43.46496 | L28: 1100 | M28: 836 | N28: =1-(M28/L28) -> 0.24 | O28: =+'Trim Rwd'!H17 -> 257.89474 | P28: =O28*(Q28-R28-S28) -> 350736.84 | Q28: 1440 | R28: 0 | S28: 80 | T28: =E28*M28*O28*Q28/100000000 -> 43.46496 | U28: =E28*M28*O28*(Q28-R28-S28)/100000000 -> 41.05024 | V28: =E28*G28*(1-N28)*O28/100*(R28+S28)/1000000 -> 2.41472 | W28: =+'6'!K7/1000 -> 40.382 | X28: =SUM(W28:W31)/SUM(K28:K31) -> 0.92907022 | Y28: 0 | Z28: =+'5'!D29/1000 -> 0 | AA28: =SUM(U28:U31)-SUM(W28:W31)-SUM(Z28:Z31)-SUM(Y28:Y31) -> 0.66824 | AB28: =(SUM(K28:K31)-SUM(W28:W31)-SUM(Y28:Y31)-SUM(Z28:Z31)-SUM(AC28:AC31)-SUM(V28:V31))-AA28 -> -4.4408921e-15 | AC28: =K28-T28 -> 0 | AD28: =+AM28+BA28 -> 30 | AE28: - Sheet Breaks (9x) | AF28: 30 | AM28: =SUM(AF28:AL28)+AT28+AV28+AX28 -> 30 | AR28: =SUM(AN28:AQ28) -> 0 | BA28: =+AR28+AS28+AU28+AW28+AY28+AZ28 -> 0 | BB28: 9
AD29: =+AM29+BA29 -> 0 | AE29: - Change Blade (0x) | AG29: 0 | AM29: =SUM(AF29:AL29)+AT29+AV29+AX29 -> 0 | AR29: =SUM(AN29:AQ29) -> 0 | BA29: =+AR29+AS29+AU29+AW29+AY29+AZ29 -> 0 | BC29: 0
AD30: =+AM30+BA30 -> 50 | AE30: - Change Spool (28x) | AH30: 50 | AM30: =SUM(AF30:AL30)+AT30+AV30+AX30 -> 50 | AR30: =SUM(AN30:AQ30) -> 0 | BA30: =+AR30+AS30+AU30+AW30+AY30+AZ30 -> 0
A32: 45998 | B32: Facial | C32: =(M32*E32*O32*Q32)/100000000 -> 42.665634 | D32: VP OW | E32: 14 | F32: 1 | G32: =+L32 -> 1071.0278 | H32: 0.24 | I32: 0.88 | J32: =E32*G32*(1-H32)*1440/1000000*2.74 -> 44.963014 | K32: =(IF(G32<L32,L32,G32)*(1-IF(H32<N32,H32,N32))*E32*O32*Q32)/100000000 -> 42.665634 | L32: 1071.0278 | M32: 813.98111 | N32: =1-(M32/L32) -> 0.24 | O32: =+'Trim Rwd'!H20 -> 260 | P32: =O32*(Q32-R32-S32) -> 354900 | Q32: 1440 | R32: 0 | S32: 75 | T32: =E32*M32*O32*Q32/100000000 -> 42.665634 | U32: =E32*M32*O32*(Q32-R32-S32)/100000000 -> 40.443465 | V32: =E32*G32*(1-N32)*O32/100*(R32+S32)/1000000 -> 2.2221684 | W32: =+'7'!K7/1000 -> 41.706 | X32: =SUM(W32:W35)/SUM(K32:K35) -> 0.97750804 | Y32: 0 | Z32: 0 | AA32: =SUM(U32:U35)-SUM(W32:W35)-SUM(Z32:Z35)-SUM(Y32:Y35) -> -1.2625345 | AB32: =(SUM(K32:K35)-SUM(W32:W35)-SUM(Y32:Y35)-SUM(Z32:Z35)-SUM(AC32:AC35)-SUM(V32:V35))-AA32 -> -3.1086245e-15 | AC32: =K32-T32 -> 0 | AD32: =+AM32+BA32 -> 21 | AE32: - Sheet Breaks (6x) | AF32: 21 | AM32: =SUM(AF32:AL32)+AT32+AV32+AX32 -> 21 | AR32: =SUM(AN32:AQ32) -> 0 | BA32: =+AR32+AS32+AU32+AW32+AY32+AZ32 -> 0 | BB32: 6
AD33: =+AM33+BA33 -> 9 | AE33: - Change Blade (8x) | AG33: 9 | AM33: =SUM(AF33:AL33)+AT33+AV33+AX33 -> 9 | AR33: =SUM(AN33:AQ33) -> 0 | BA33: =+AR33+AS33+AU33+AW33+AY33+AZ33 -> 0 | BC33: 8
AD34: =+AM34+BA34 -> 45 | AE34: - Change Spool (26x) | AH34: 45 | AM34: =SUM(AF34:AL34)+AT34+AV34+AX34 -> 45 | AR34: =SUM(AN34:AQ34) -> 0 | BA34: =+AR34+AS34+AU34+AW34+AY34+AZ34 -> 0
A36: 45999 | B36: Facial | C36: =(M36*E36*O36*Q36)/100000000 -> 5.0611128 | D36: VP OW | E36: 14 | F36: 1 | G36: =+L36 -> 1070 | H36: 0.24 | I36: 0.88 | J36: =E36*G36*(1-H36)*1440/1000000*2.74 -> 44.919867 | K36: =(IF(G36<L36,L36,G36)*(1-IF(H36<N36,H36,N36))*E36*O36*Q36)/100000000 -> 5.0611128 | L36: 1070 | M36: 813.2 | N36: =1-(M36/L36) -> 0.24 | O36: =+'Trim Rwd'!H22 -> 261.5 | P36: =O36*(Q36-R36-S36) -> 41055.5 | Q36: 170 | R36: 0 | S36: 13 | T36: =E36*M36*O36*Q36/100000000 -> 5.0611128 | U36: =E36*M36*O36*(Q36-R36-S36)/100000000 -> 4.6740866 | V36: =E36*G36*(1-N36)*O36/100*(R36+S36)/1000000 -> 0.38702628 | W36: =+'8'!K7/1000 -> 5.957 | X36: =SUM(W36:W39)/SUM(K36:K39) -> 0.85490802 | Y36: 0 | Z36: 0 | AA36: =SUM(U36:U39)-SUM(W36:W39)-SUM(Z36:Z39)-SUM(Y36:Y39) -> 3.1737547 | AB36: =(SUM(K36:K39)-SUM(W36:W39)-SUM(Y36:Y39)-SUM(Z36:Z39)-SUM(AC36:AC39)-SUM(V36:V39))-AA36 -> -0.041784861 | AC36: =K36-T36 -> 0 | AD36: =+AM36+BA36 -> 12 | AE36: - Sheet Breaks (6x) | AF36: 12 | AM36: =SUM(AF36:AL36)+AT36+AV36+AX36 -> 12 | AR36: =SUM(AN36:AQ36) -> 0 | BA36: =+AR36+AS36+AU36+AW36+AY36+AZ36 -> 0 | BB36: 6
B37: Toilet | C37: =(M37*E37*O37*Q37)/100000000 -> 27.721829 | D37: VP OW | E37: 12 | F37: 1 | G37: 1230 | H37: =+N37 -> 0.18747898 | I37: 0.88 | J37: =E37*G37*(1-H37)*1440/1000000*2.74 -> 47.318832 | K37: =(IF(G37<L37,L37,G37)*(1-IF(H37<N37,H37,N37))*E37*O37*Q37)/100000000 -> 29.033874 | L37: 1174.4161 | M37: 954.23779 | N37: =1-(M37/L37) -> 0.18747898 | O37: =+'Trim Rwd'!H24 -> 257 | P37: =O37*(Q37-R37-S37) -> 234384 | Q37: 942 | R37: 0 | S37: 30 | T37: =E37*M37*O37*Q37/100000000 -> 27.721829 | U37: =E37*M37*O37*(Q37-R37-S37)/100000000 -> 26.838968 | V37: =E37*G37*(1-N37)*O37/100*(R37+S37)/1000000 -> 0.92464567 | W37: =+'8'!K9/1000 -> 26.467 | AC37: =K37-T37 -> 1.3120446 | AD37: =+AM37+BA37 -> 8 | AE37: - Change Blade (4x) | AG37: 8 | AM37: =SUM(AF37:AL37)+AT37+AV37+AX37 -> 8 | AR37: =SUM(AN37:AQ37) -> 0 | BA37: =+AR37+AS37+AU37+AW37+AY37+AZ37 -> 0 | BC37: 4
B38: Toilet | C38: =(M38*E38*O38*Q38)/100000000 -> 9.6149789 | D38: VP OW | E38: 13 | F38: 1 | G38: =+L38 -> 1150 | H38: =+N38 -> 0.24 | I38: 0.88 | J38: =E38*G38*(1-H38)*1440/1000000*2.74 -> 44.829907 | K38: =(IF(G38<L38,L38,G38)*(1-IF(H38<N38,H38,N38))*E38*O38*Q38)/100000000 -> 9.6149789 | L38: 1150 | M38: 874 | N38: =1-(M38/L38) -> 0.24 | O38: =+'Trim Rwd'!H25 -> 258 | P38: =O38*(Q38-R38-S38) -> 79464 | Q38: 328 | R38: 0 | S38: =63-S35-S36-S37 -> 20 | T38: =E38*M38*O38*Q38/100000000 -> 9.6149789 | U38: =E38*M38*O38*(Q38-R38-S38)/100000000 -> 9.0286997 | V38: =E38*G38*(1-N38)*O38/100*(R38+S38)/1000000 -> 0.5862792 | W38: =+'8'!K10/1000 -> 4.944 | AC38: =K38-T38 -> 0 | AD38: =+AM38+BA38 -> 43 | AE38: - Change Spool (26x) | AH38: 43 | AM38: =SUM(AF38:AL38)+AT38+AV38+AX38 -> 43 | AR38: =SUM(AN38:AQ38) -> 0 | BA38: =+AR38+AS38+AU38+AW38+AY38+AZ38 -> 0
A40: 46000 | B40: Toilet | C40: =(M40*E40*O40*Q40)/100000000 -> 40.864948 | D40: VP OW | E40: 13 | F40: 1 | G40: =+L40 -> 1112.4653 | H40: =+N40 -> 0.23943044 | I40: 0.88 | J40: =E40*G40*(1-H40)*1440/1000000*2.74 -> 43.399209 | K40: =(IF(G40<L40,L40,G40)*(1-IF(H40<N40,H40,N40))*E40*O40*Q40)/100000000 -> 40.864948 | L40: 1112.4653 | M40: 846.10722 | N40: =1-(M40/L40) -> 0.23943044 | O40: =+'Trim Rwd'!H27 -> 258 | P40: =O40*(Q40-R40-S40) -> 354492 | Q40: 1440 | R40: 0 | S40: 66 | T40: =E40*M40*O40*Q40/100000000 -> 40.864948 | U40: =E40*M40*O40*(Q40-R40-S40)/100000000 -> 38.991971 | V40: =E40*G40*(1-N40)*O40/100*(R40+S40)/1000000 -> 1.8729768 | W40: =+'9'!K10/1000 -> 37.178 | X40: =SUM(W40:W43)/SUM(K40:K43) -> 0.90977725 | Y40: 0 | Z40: 0 | AA40: =SUM(U40:U43)-SUM(W40:W43)-SUM(Z40:Z43)-SUM(Y40:Y43) -> 1.8139714 | AB40: =(SUM(K40:K43)-SUM(W40:W43)-SUM(Y40:Y43)-SUM(Z40:Z43)-SUM(AC40:AC43)-SUM(V40:V43))-AA40 -> 0 | AC40: =K40-T40 -> 0 | AD40: =+AM40+BA40 -> 9 | AE40: - Sheet Breaks (3x) | AF40: 9 | AM40: =SUM(AF40:AL40)+AT40+AV40+AX40 -> 9 | AR40: =SUM(AN40:AQ40) -> 0 | BA40: =+AR40+AS40+AU40+AW40+AY40+AZ40 -> 0 | BB40: 3
AD41: =+AM41+BA41 -> 19 | AE41: - Change Blade (8x) | AG41: 19 | AM41: =SUM(AF41:AL41)+AT41+AV41+AX41 -> 19 | AR41: =SUM(AN41:AQ41) -> 0 | BA41: =+AR41+AS41+AU41+AW41+AY41+AZ41 -> 0 | BC41: 8
AD42: =+AM42+BA42 -> 38 | AE42: - Change Spool (22x) | AH42: 38 | AM42: =SUM(AF42:AL42)+AT42+AV42+AX42 -> 38 | AR42: =SUM(AN42:AQ42) -> 0 | BA42: =+AR42+AS42+AU42+AW42+AY42+AZ42 -> 0
A44: 46001 | B44: Toilet | C44: =(M44*E44*O44*Q44)/100000000 -> 40.85333 | D44: VP OW | E44: 13 | F44: 1 | G44: =+L44 -> 1103.3333 | H44: =+N44 -> 0.23335347 | I44: 0.88 | J44: =E44*G44*(1-H44)*1440/1000000*2.74 -> 43.38687 | K44: =(IF(G44<L44,L44,G44)*(1-IF(H44<N44,H44,N44))*E44*O44*Q44)/100000000 -> 40.85333 | L44: 1103.3333 | M44: 845.86667 | N44: =1-(M44/L44) -> 0.23335347 | O44: =+'Trim Rwd'!H29 -> 258 | P44: =O44*(Q44-R44-S44) -> 356298 | Q44: 1440 | R44: 0 | S44: 59 | T44: =E44*M44*O44*Q44/100000000 -> 40.85333 | U44: =E44*M44*O44*(Q44-R44-S44)/100000000 -> 39.179478 | V44: =E44*G44*(1-N44)*O44/100*(R44+S44)/1000000 -> 1.6738517 | W44: =+'10'!K10/1000 -> 37.624 | X44: =SUM(W44:W47)/SUM(K44:K47) -> 0.92095308 | Y44: 0 | Z44: =+'5'!D45/1000 -> 0 | AA44: =SUM(U44:U47)-SUM(W44:W47)-SUM(Z44:Z47)-SUM(Y44:Y47) -> 1.5554782 | AB44: =(SUM(K44:K47)-SUM(W44:W47)-SUM(Y44:Y47)-SUM(Z44:Z47)-SUM(AC44:AC47)-SUM(V44:V47))-AA44 -> -5.7731597e-15 | AC44: =K44-T44 -> 0 | AD44: =+AM44+BA44 -> 6 | AE44: - Sheet Breaks (3x) | AF44: 6 | AM44: =SUM(AF44:AL44)+AT44+AV44+AX44 -> 6 | AR44: =SUM(AN44:AQ44) -> 0 | BA44: =+AR44+AS44+AU44+AW44+AY44+AZ44 -> 0 | BB44: 3
AD45: =+AM45+BA45 -> 16 | AE45: - Change Blade (8x) | AG45: 16 | AM45: =SUM(AF45:AL45)+AT45+AV45+AX45 -> 16 | AR45: =SUM(AN45:AQ45) -> 0 | BA45: =+AR45+AS45+AU45+AW45+AY45+AZ45 -> 0 | BC45: 8
AD46: =+AM46+BA46 -> 37 | AE46: - Change Spool (22x) | AH46: 37 | AM46: =SUM(AF46:AL46)+AT46+AV46+AX46 -> 37 | AR46: =SUM(AN46:AQ46) -> 0 | BA46: =+AR46+AS46+AU46+AW46+AY46+AZ46 -> 0
A48: 46002 | B48: Toilet | C48: =(M48*E48*O48*Q48)/100000000 -> 38.969214 | D48: VP OW | E48: 13 | F48: 1 | G48: =+L48 -> 1103.8123 | H48: =+N48 -> 0.24 | I48: 0.88 | J48: =E48*G48*(1-H48)*1440/1000000*2.74 -> 43.029393 | K48: =(IF(G48<L48,L48,G48)*(1-IF(H48<N48,H48,N48))*E48*O48*Q48)/100000000 -> 38.969214 | L48: 1103.8123 | M48: 838.89733 | N48: =1-(M48/L48) -> 0.24 | O48: =+'Trim Rwd'!H31 -> 258 | P48: =O48*(Q48-R48-S48) -> 342882 | Q48: 1385 | R48: 0 | S48: 56 | T48: =E48*M48*O48*Q48/100000000 -> 38.969214 | U48: =E48*M48*O48*(Q48-R48-S48)/100000000 -> 37.393563 | V48: =E48*G48*(1-N48)*O48/100*(R48+S48)/1000000 -> 1.5756505 | W48: =+'11'!K10/1000 -> 36.599 | X48: =SUM(W48:W51)/SUM(K48:K51) -> 0.89961009 | Y48: 0 | Z48: =+'5'!D49/1000 -> 0 | AA48: =SUM(U48:U51)-SUM(W48:W51)-SUM(Z48:Z51)-SUM(Y48:Y51) -> 2.1969 | AB48: =(SUM(K48:K51)-SUM(W48:W51)-SUM(Y48:Y51)-SUM(Z48:Z51)-SUM(AC48:AC51)-SUM(V48:V51))-AA48 -> 0 | AC48: =K48-T48 -> 0 | AD48: =+AM48+BA48 -> 18 | AE48: - Sheet Breaks (6x) | AF48: 18 | AM48: =SUM(AF48:AL48)+AT48+AV48+AX48 -> 18 | AR48: =SUM(AN48:AQ48) -> 0 | BA48: =+AR48+AS48+AU48+AW48+AY48+AZ48 -> 0 | BB48: 6
B49: Toilet | C49: =(M49*E49*O49*Q49)/100000000 -> 1.7139672 | D49: VP OW | E49: 15 | F49: 1 | G49: =+L49 -> 1020 | H49: =+N49 -> 0.24 | I49: 0.88 | J49: =E49*G49*(1-H49)*1440/1000000*2.74 -> 45.879437 | K49: =(IF(G49<L49,L49,G49)*(1-IF(H49<N49,H49,N49))*E49*O49*Q49)/100000000 -> 1.7139672 | L49: 1020 | M49: 775.2 | N49: =1-(M49/L49) -> 0.24 | O49: =+'Trim Rwd'!H32 -> 268 | P49: =O49*(Q49-R49-S49) -> 12060 | Q49: 55 | R49: 0 | S49: 10 | T49: =E49*M49*O49*Q49/100000000 -> 1.7139672 | U49: =E49*M49*O49*(Q49-R49-S49)/100000000 -> 1.4023368 | V49: =E49*G49*(1-N49)*O49/100*(R49+S49)/1000000 -> 0.3116304 | W49: =+'10'!K15/1000 -> 0 | AD49: =+AM49+BA49 -> 8 | AE49: - Change Blade (4x) | AG49: 8 | AM49: =SUM(AF49:AL49)+AT49+AV49+AX49 -> 8 | AR49: =SUM(AN49:AQ49) -> 0 | BA49: =+AR49+AS49+AU49+AW49+AY49+AZ49 -> 0 | BC49: 4
AD50: =+AM50+BA50 -> 40 | AE50: - Change Spool (24x) | AH50: 40 | AM50: =SUM(AF50:AL50)+AT50+AV50+AX50 -> 40 | AR50: =SUM(AN50:AQ50) -> 0 | BA50: =+AR50+AS50+AU50+AW50+AY50+AZ50 -> 0
A52: 46003 | B52: Toilet | C52: =(M52*E52*O52*Q52)/100000000 -> 25.28781 | D52: VP OW | E52: 15 | F52: 1 | G52: =+L52 -> 1000 | H52: =+N52 -> 0.24210843 | I52: 0.88 | J52: =E52*G52*(1-H52)*1440/1000000*2.74 -> 44.855054 | K52: =(IF(G52<L52,L52,G52)*(1-IF(H52<N52,H52,N52))*E52*O52*Q52)/100000000 -> 25.28781 | L52: 1000 | M52: 757.89157 | N52: =1-(M52/L52) -> 0.24210843 | O52: =+'Trim Rwd'!H34 -> 268 | P52: =O52*(Q52-R52-S52) -> 210380 | Q52: 830 | R52: 0 | S52: 45 | T52: =E52*M52*O52*Q52/100000000 -> 25.28781 | U52: =E52*M52*O52*(Q52-R52-S52)/100000000 -> 23.916784 | V52: =E52*G52*(1-N52)*O52/100*(R52+S52)/1000000 -> 1.3710258 | W52: =+'12'!K11/1000 -> 25.864 | X52: =SUM(W52:W55)/SUM(K52:K55) -> 0.96351061 | Y52: 0 | Z52: 0 | AA52: =SUM(U52:U55)-SUM(W52:W55)-SUM(Z52:Z55)-SUM(Y52:Y55) -> -1.215525 | AB52: =(SUM(K52:K55)-SUM(W52:W55)-SUM(Y52:Y55)-SUM(Z52:Z55)-SUM(AC52:AC55)-SUM(V52:V55))-AA52 -> -0.024081285 | AC52: =K52-T52 -> 0 | AD52: =+AM52+BA52 -> 30 | AE52: - Sheet Breaks (9x) | AF52: 30 | AM52: =SUM(AF52:AL52)+AT52+AV52+AX52 -> 30 | AR52: =SUM(AN52:AQ52) -> 0 | BA52: =+AR52+AS52+AU52+AW52+AY52+AZ52 -> 0 | BB52: 9
B53: Toilet | C53: =(M53*E53*O53*Q53)/100000000 -> 17.371411 | D53: VP OW | E53: 12 | F53: 1 | G53: 1230 | H53: =+N53 -> 0.24 | I53: 0.88 | J53: =E53*G53*(1-H53)*1440/1000000*2.74 -> 44.260163 | K53: =(IF(G53<L53,L53,G53)*(1-IF(H53<N53,H53,N53))*E53*O53*Q53)/100000000 -> 17.791114 | L53: 1200.9836 | M53: 912.74754 | N53: =1-(M53/L53) -> 0.24 | O53: =+'Trim Rwd'!H36 -> 260 | P53: =O53*(Q53-R53-S53) -> 149500 | Q53: 610 | R53: 0 | S53: =80-S52 -> 35 | T53: =E53*M53*O53*Q53/100000000 -> 17.371411 | U53: =E53*M53*O53*(Q53-R53-S53)/100000000 -> 16.374691 | V53: =E53*G53*(1-N53)*O53/100*(R53+S53)/1000000 -> 1.0208016 | W53: =+'12'!K9/1000 -> 12.889 | AC53: =K53-T53 -> 0.4197024 | AD53: =+AM53+BA53 -> 0 | AE53: - Change Blade (0x) | AG53: 0 | AM53: =SUM(AF53:AL53)+AT53+AV53+AX53 -> 0 | AR53: =SUM(AN53:AQ53) -> 0 | BA53: =+AR53+AS53+AU53+AW53+AY53+AZ53 -> 0 | BC53: 0
B54: Toilet | E54: 13 | W54: =+'12'!K10/1000 -> 2.754 | AD54: =+AM54+BA54 -> 50 | AE54: - Change Spool (26x) | AH54: 50 | AM54: =SUM(AF54:AL54)+AT54+AV54+AX54 -> 50 | AR54: =SUM(AN54:AQ54) -> 0 | BA54: =+AR54+AS54+AU54+AW54+AY54+AZ54 -> 0
A56: 46004 | B56: Toilet | C56: =(M56*E56*O56*Q56)/100000000 -> 4.4471856 | D56: VP OW | E56: 12 | F56: 1 | G56: 1230 | H56: =+N56 -> 0.24 | I56: 0.88 | J56: =E56*G56*(1-H56)*1440/1000000*2.74 -> 44.260163 | K56: =(IF(G56<L56,L56,G56)*(1-IF(H56<N56,H56,N56))*E56*O56*Q56)/100000000 -> 4.5206928 | L56: 1210 | M56: 919.6 | N56: =1-(M56/L56) -> 0.24 | O56: =+'Trim Rwd'!H38 -> 260 | P56: =O56*(Q56-R56-S56) -> 36400 | Q56: 155 | R56: 0 | S56: 15 | T56: =E56*M56*O56*Q56/100000000 -> 4.4471856 | U56: =E56*M56*O56*(Q56-R56-S56)/100000000 -> 4.0168128 | V56: =E56*G56*(1-N56)*O56/100*(R56+S56)/1000000 -> 0.4374864 | W56: =+'13'!K9/1000 -> 11.222 | X56: =SUM(W56:W59)/SUM(K56:K59) -> 0.81833417 | Y56: 0 | Z56: =+'5'!D57/1000 -> 0 | AA56: =SUM(U56:U59)-SUM(W56:W59)-SUM(Z56:Z59)-SUM(Y56:Y59) -> 3.4875681 | AB56: =(SUM(K56:K59)-SUM(W56:W59)-SUM(Y56:Y59)-SUM(Z56:Z59)-SUM(AC56:AC59)-SUM(V56:V59))-AA56 -> -0.064665404 | AC56: =K56-T56 -> 0.0735072 | AD56: =+AM56+BA56 -> 71 | AE56: - Sheet Breaks (16x) | AF56: 71 | AM56: =SUM(AF56:AL56)+AT56+AV56+AX56 -> 71 | AR56: =SUM(AN56:AQ56) -> 0 | BA56: =+AR56+AS56+AU56+AW56+AY56+AZ56 -> 0 | BB56: 16
B57: Facial | C57: =(M57*E57*O57*Q57)/100000000 -> 36.356017 | D57: VP OW | E57: 12 | F57: 1 | G57: 1230 | H57: =+N57 -> 0.24378041 | I57: 0.88 | J57: =E57*G57*(1-H57)*1440/1000000*2.74 -> 44.040003 | K57: =(IF(G57<L57,L57,G57)*(1-IF(H57<N57,H57,N57))*E57*O57*Q57)/100000000 -> 37.095558 | L57: 1205.4786 | M57: 911.60654 | N57: =1-(M57/L57) -> 0.24378041 | O57: =+'Trim Rwd'!H39 -> 258.63333 | P57: =O57*(Q57-R57-S57) -> 306480.5 | Q57: 1285 | R57: 0 | S57: 100 | T57: =E57*M57*O57*Q57/100000000 -> 36.356017 | U57: =E57*M57*O57*(Q57-R57-S57)/100000000 -> 33.526755 | V57: =E57*G57*(1-N57)*O57/100*(R57+S57)/1000000 -> 2.8868139 | W57: =+'13'!K12/1000 -> 22.834 | AC57: =K57-T57 -> 0.73954069 | AD57: =+AM57+BA57 -> 0 | AE57: - Change Blade (0x) | AG57: 0 | AM57: =SUM(AF57:AL57)+AT57+AV57+AX57 -> 0 | AR57: =SUM(AN57:AQ57) -> 0 | BA57: =+AR57+AS57+AU57+AW57+AY57+AZ57 -> 0 | BC57: 0
AD58: =+AM58+BA58 -> 44 | AE58: - Change Spool (27x) | AH58: 44 | AM58: =SUM(AF58:AL58)+AT58+AV58+AX58 -> 44 | AR58: =SUM(AN58:AQ58) -> 0 | BA58: =+AR58+AS58+AU58+AW58+AY58+AZ58 -> 0
A60: 46005 | B60: Facial | C60: =(M60*E60*O60*Q60)/100000000 -> 39.27788 | D60: VP OW | E60: 12 | F60: 1 | G60: 1230 | H60: 0.24 | I60: 0.88 | J60: =E60*G60*(1-H60)*1440/1000000*2.74 -> 44.260163 | K60: =(IF(G60<L60,L60,G60)*(1-IF(H60<N60,H60,N60))*E60*O60*Q60)/100000000 -> 41.594861 | L60: 1195.75 | M60: 882.72833 | N60: =1-(M60/L60) -> 0.26177852 | O60: =+'Trim Rwd'!H42 -> 257.5 | P60: =O60*(Q60-R60-S60) -> 355092.5 | Q60: 1440 | R60: 0 | S60: 61 | T60: =E60*M60*O60*Q60/100000000 -> 39.27788 | U60: =E60*M60*O60*(Q60-R60-S60)/100000000 -> 37.614025 | V60: =E60*G60*(1-N60)*O60/100*(R60+S60)/1000000 -> 1.7115126 | W60: =+'14'!K12/1000 -> 33.35 | X60: =SUM(W60:W63)/SUM(K60:K63) -> 0.80178174 | Y60: 0 | Z60: =+'5'!D61/1000 -> 0 | AA60: =SUM(U60:U63)-SUM(W60:W63)-SUM(Z60:Z63)-SUM(Y60:Y63) -> 4.2640253 | AB60: =(SUM(K60:K63)-SUM(W60:W63)-SUM(Y60:Y63)-SUM(Z60:Z63)-SUM(AC60:AC63)-SUM(V60:V63))-AA60 -> -0.047657973 | AC60: =K60-T60 -> 2.3169809 | AD60: =+AM60+BA60 -> 15 | AE60: - Sheet Breaks (6x) | AF60: 15 | AM60: =SUM(AF60:AL60)+AT60+AV60+AX60 -> 15 | AR60: =SUM(AN60:AQ60) -> 0 | BA60: =+AR60+AS60+AU60+AW60+AY60+AZ60 -> 0 | BB60: 6
AD61: =+AM61+BA61 -> 3 | AE61: - Change Blade (1x) | AG61: 3 | AM61: =SUM(AF61:AL61)+AT61+AV61+AX61 -> 3 | AR61: =SUM(AN61:AQ61) -> 0 | BA61: =+AR61+AS61+AU61+AW61+AY61+AZ61 -> 0 | BC61: 1
AD62: =+AM62+BA62 -> 43 | AE62: - Change Spool (24x) | AH62: 43 | AM62: =SUM(AF62:AL62)+AT62+AV62+AX62 -> 43 | AR62: =SUM(AN62:AQ62) -> 0 | BA62: =+AR62+AS62+AU62+AW62+AY62+AZ62 -> 0
A64: 46006 | B64: Facial | C64: =(M64*E64*O64*Q64)/100000000 -> 14.977825 | D64: VP OW | E64: 12 | F64: 1 | G64: 1230 | H64: 0.24 | I64: 0.88 | J64: =E64*G64*(1-H64)*1440/1000000*2.74 -> 44.260163 | K64: =(IF(G64<L64,L64,G64)*(1-IF(H64<N64,H64,N64))*E64*O64*Q64)/100000000 -> 16.25921 | L64: 1161.4286 | M64: 861.12857 | N64: =1-(M64/L64) -> 0.25856089 | O64: =+'Trim Rwd'!H44 -> 258.82812 | P64: =O64*(Q64-R64-S64) -> 137696.56 | Q64: 560 | R64: 0 | S64: 28 | T64: =E64*M64*O64*Q64/100000000 -> 14.977825 | U64: =E64*M64*O64*(Q64-R64-S64)/100000000 -> 14.228933 | V64: =E64*G64*(1-N64)*O64/100*(R64+S64)/1000000 -> 0.79310621 | W64: =+'15'!K12/1000 -> 18.882 | X64: =SUM(W64:W67)/SUM(K64:K67) -> 0.83392235 | Y64: 0 | Z64: =+'15'!D7/1000 -> 0.537 | AA64: =SUM(U64:U67)-SUM(W64:W67)-SUM(Z64:Z67)-SUM(Y64:Y67) -> 1.531481 | AB64: =(SUM(K64:K67)-SUM(W64:W67)-SUM(Y64:Y67)-SUM(Z64:Z67)-SUM(AC64:AC67)-SUM(V64:V67))-AA64 -> -0.10726896 | AC64: =K64-T64 -> 1.2813856 | AD64: =+AM64+BA64 -> 9 | AE64: - Sheet Breaks (3x) | AF64: 9 | AM64: =SUM(AF64:AL64)+AT64+AV64+AX64 -> 9 | AR64: =SUM(AN64:AQ64) -> 0 | BA64: =+AR64+AS64+AU64+AW64+AY64+AZ64 -> 0 | BB64: 3
B65: Facial | C65: =(M65*E65*O65*Q65)/100000000 -> 26.203621 | D65: VP OW | E65: 13 | F65: 1 | G65: 1230 | H65: 0.22 | I65: 0.88 | J65: =E65*G65*(1-H65)*1440/1000000*2.74 -> 49.210312 | K65: =(IF(G65<L65,L65,G65)*(1-IF(H65<N65,H65,N65))*E65*O65*Q65)/100000000 -> 28.316883 | L65: 1168.1591 | M65: 887.80091 | N65: =1-(M65/L65) -> 0.24 | O65: =+'Trim Rwd'!H46 -> 258 | P65: =O65*(Q65-R65-S65) -> 216720 | Q65: 880 | R65: 0 | S65: 40 | T65: =E65*M65*O65*Q65/100000000 -> 26.203621 | U65: =E65*M65*O65*(Q65-R65-S65)/100000000 -> 25.012548 | V65: =E65*G65*(1-N65)*O65/100*(R65+S65)/1000000 -> 1.2541277 | W65: =+'15'!K13/1000 -> 18.291 | AC65: =K65-T65 -> 2.1132615 | AD65: =+AM65+BA65 -> 15 | AE65: - Change Blade (12x) | AG65: 15 | AM65: =SUM(AF65:AL65)+AT65+AV65+AX65 -> 15 | AR65: =SUM(AN65:AQ65) -> 0 | BA65: =+AR65+AS65+AU65+AW65+AY65+AZ65 -> 0 | BC65: 12
AD66: =+AM66+BA66 -> 44 | AE66: - Change Spool (26x) | AH66: 44 | AM66: =SUM(AF66:AL66)+AT66+AV66+AX66 -> 44 | AR66: =SUM(AN66:AQ66) -> 0 | BA66: =+AR66+AS66+AU66+AW66+AY66+AZ66 -> 0
A68: 46007 | B68: Facial | C68: =(M68*E68*O68*Q68)/100000000 -> 12.454579 | D68: VP OW | E68: 13 | F68: 1 | G68: 1230 | H68: 0.22 | I68: 0.88 | J68: =E68*G68*(1-H68)*1440/1000000*2.74 -> 49.210312 | K68: =(IF(G68<L68,L68,G68)*(1-IF(H68<N68,H68,N68))*E68*O68*Q68)/100000000 -> 14.037738 | L68: 1120 | M68: 851.2 | N68: =1-(M68/L68) -> 0.24 | O68: =+'Trim Rwd'!H48 -> 258.74074 | P68: =O68*(Q68-R68-S68) -> 108412.37 | Q68: 435 | R68: 0 | S68: 16 | T68: =E68*M68*O68*Q68/100000000 -> 12.454579 | U68: =E68*M68*O68*(Q68-R68-S68)/100000000 -> 11.996479 | V68: =E68*G68*(1-N68)*O68/100*(R68+S68)/1000000 -> 0.50309136 | W68: =+'16'!K13/1000 -> 14.085 | X68: =SUM(W68:W71)/SUM(K68:K71) -> 0.71544699 | Y68: 0 | Z68: =+'16'!D7/1000 -> 0.531 | AA68: =SUM(U68:U71)-SUM(W68:W71)-SUM(Z68:Z71)-SUM(Y68:Y71) -> 4.1300089 | AB68: =(SUM(K68:K71)-SUM(W68:W71)-SUM(Y68:Y71)-SUM(Z68:Z71)-SUM(AC68:AC71)-SUM(V68:V71))-AA68 -> -0.20938089 | AC68: =K68-T68 -> 1.5831596 | AD68: =+AM68+BA68 -> 9 | AE68: - Sheet Breaks (3x) | AF68: 9 | AM68: =SUM(AF68:AL68)+AT68+AV68+AX68 -> 9 | AR68: =SUM(AN68:AQ68) -> 0 | BA68: =+AR68+AS68+AU68+AW68+AY68+AZ68 -> 0 | BB68: 3
B69: Facial | C69: =(M69*E69*O69*Q69)/100000000 -> 27.678617 | D69: VP OW | E69: 12 | F69: 1 | G69: 1230 | H69: =+N69 -> 0.24410459 | I69: 0.88 | J69: =E69*G69*(1-H69)*1440/1000000*2.74 -> 44.021123 | K69: =(IF(G69<L69,L69,G69)*(1-IF(H69<N69,H69,N69))*E69*O69*Q69)/100000000 -> 28.704771 | L69: 1186.0292 | M69: 896.51406 | N69: =1-(M69/L69) -> 0.24410459 | O69: =+'Trim Rwd'!H50 -> 256 | P69: =O69*(Q69-R69-S69) -> 216064 | Q69: =889+116 -> 1005 | R69: 116 | S69: =61-S68 -> 45 | T69: =E69*M69*O69*Q69/100000000 -> 27.678617 | U69: =E69*M69*O69*(Q69-R69-S69)/100000000 -> 23.24453 | V69: =E69*G69*(1-N69)*O69/100*(R69+S69)/1000000 -> 4.5984758 | W69: =+'16'!K12/1000 -> 16.495 | AC69: =K69-T69 -> 1.0261548 | AD69: =+AM69+BA69 -> 11 | AE69: - Change Blade (5x) | AG69: 11 | AM69: =SUM(AF69:AL69)+AT69+AV69+AX69 -> 11 | AR69: =SUM(AN69:AQ69) -> 0 | BA69: =+AR69+AS69+AU69+AW69+AY69+AZ69 -> 0 | BC69: 5
AD70: =+AM70+BA70 -> 41 | AE70: - Change Spool (24x) | AH70: 41 | AM70: =SUM(AF70:AL70)+AT70+AV70+AX70 -> 41 | AR70: =SUM(AN70:AQ70) -> 0 | BA70: =+AR70+AS70+AU70+AW70+AY70+AZ70 -> 0
AD71: =+AM71+BA71 -> 116 | AE71: - 17:43 pm trip , komunikasi profibus error , cek EID ( hood, sealing water off, press kompresor hunting) | AM71: =SUM(AF71:AL71)+AT71+AV71+AX71 -> 0 | AP71: 116 | AR71: =SUM(AN71:AQ71) -> 116 | BA71: =+AR71+AS71+AU71+AW71+AY71+AZ71 -> 116
A73: 46008 | B73: Facial | C73: =(M73*E73*O73*Q73)/100000000 -> 27.330711 | D73: VP OW | E73: 12 | F73: 1 | G73: 1230 | H73: =+N73 -> 0.24410459 | I73: 0.88 | J73: =E73*G73*(1-H73)*1440/1000000*2.74 -> 44.021123 | K73: =(IF(G73<L73,L73,G73)*(1-IF(H73<N73,H73,N73))*E73*O73*Q73)/100000000 -> 28.343967 | L73: 1186.0292 | M73: 896.51406 | N73: =1-(M73/L73) -> 0.24410459 | O73: =+'Trim Rwd'!H53 -> 256.61224 | P73: =O73*(Q73-R73-S73) -> 232490.69 | Q73: =950+40 -> 990 | R73: 40 | S73: =69-S74 -> 44 | T73: =E73*M73*O73*Q73/100000000 -> 27.330711 | U73: =E73*M73*O73*(Q73-R73-S73)/100000000 -> 25.011741 | V73: =E73*G73*(1-N73)*O73/100*(R73+S73)/1000000 -> 2.4049427 | W73: =+'17'!K12/1000 -> 28.192 | X73: =SUM(W73:W76)/SUM(K73:K76) -> 0.83288294 | Y73: 0 | Z73: =+'5'!D74/1000 -> 0 | AA73: =SUM(U73:U76)-SUM(W73:W76)-SUM(Z73:Z76)-SUM(Y73:Y76) -> 2.4077306 | AB73: =(SUM(K73:K76)-SUM(W73:W76)-SUM(Y73:Y76)-SUM(Z73:Z76)-SUM(AC73:AC76)-SUM(V73:V76))-AA73 -> -0.11158262 | AC73: =K73-T73 -> 1.0132566 | AD73: =+AM73+BA73 -> 12 | AE73: - Sheet Breaks (6x) | AF73: 12 | AM73: =SUM(AF73:AL73)+AT73+AV73+AX73 -> 12 | AR73: =SUM(AN73:AQ73) -> 0 | BA73: =+AR73+AS73+AU73+AW73+AY73+AZ73 -> 0 | BB73: 6
B74: Facial | C74: =(M74*E74*O74*Q74)/100000000 -> 12.433754 | D74: VP OW | E74: 11.5 | F74: 1 | G74: 1230 | H74: =+N74 -> 0.24410459 | I74: 0.88 | J74: =E74*G74*(1-H74)*1440/1000000*2.74 -> 42.18691 | K74: =(IF(G74<L74,L74,G74)*(1-IF(H74<N74,H74,N74))*E74*O74*Q74)/100000000 -> 12.894721 | L74: 1186.0292 | M74: 896.51406 | N74: =1-(M74/L74) -> 0.24410459 | O74: =+'Trim Rwd'!H55 -> 268 | P74: =O74*(Q74-R74-S74) -> 113900 | Q74: 450 | R74: 0 | S74: 25 | T74: =E74*M74*O74*Q74/100000000 -> 12.433754 | U74: =E74*M74*O74*(Q74-R74-S74)/100000000 -> 11.742989 | V74: =E74*G74*(1-N74)*O74/100*(R74+S74)/1000000 -> 0.71637342 | W74: =+'17'!K14/1000 -> 6.155 | AC74: =K74-T74 -> 0.46096799 | AD74: =+AM74+BA74 -> 13 | AE74: - Change Blade (1x) | AG74: 13 | AM74: =SUM(AF74:AL74)+AT74+AV74+AX74 -> 13 | AR74: =SUM(AN74:AQ74) -> 0 | BA74: =+AR74+AS74+AU74+AW74+AY74+AZ74 -> 0 | BC74: 1
AD75: =+AM75+BA75 -> 44 | AE75: - Change Spool (24x) | AH75: 44 | AM75: =SUM(AF75:AL75)+AT75+AV75+AX75 -> 44 | AR75: =SUM(AN75:AQ75) -> 0 | BA75: =+AR75+AS75+AU75+AW75+AY75+AZ75 -> 0
AD76: =+AM76+BA76 -> 40 | AE76: - 14.25 pm 14 stop (trip) motor vacum di DCS on dilapangan trip | AM76: =SUM(AF76:AL76)+AT76+AV76+AX76 -> 0 | AP76: 40 | AR76: =SUM(AN76:AQ76) -> 40 | BA76: =+AR76+AS76+AU76+AW76+AY76+AZ76 -> 40
A78: 46009 | B78: Facial | C78: =(M78*E78*O78*Q78)/100000000 -> 40.926889 | D78: VP OW | E78: 11.5 | F78: 1 | G78: 1230 | H78: =+N78 -> 0.24 | I78: 0.88 | J78: =E78*G78*(1-H78)*1440/1000000*2.74 -> 42.415989 | K78: =(IF(G78<L78,L78,G78)*(1-IF(H78<N78,H78,N78))*E78*O78*Q78)/100000000 -> 41.487172 | L78: 1213.3889 | M78: 922.17556 | N78: =1-(M78/L78) -> 0.24 | O78: =+'Trim Rwd'!H57 -> 268 | P78: =O78*(Q78-R78-S78) -> 364748 | Q78: 1440 | R78: 0 | S78: 79 | T78: =E78*M78*O78*Q78/100000000 -> 40.926889 | U78: =E78*M78*O78*(Q78-R78-S78)/100000000 -> 38.681594 | V78: =E78*G78*(1-N78)*O78/100*(R78+S78)/1000000 -> 2.2760323 | W78: =+'18'!K14/1000 -> 35.722 | X78: =SUM(W78:W81)/SUM(K78:K81) -> 0.86103724 | Y78: 0 | Z78: =+'18'!D34/1000 -> 0.273 | AA78: =SUM(U78:U81)-SUM(W78:W81)-SUM(Z78:Z81)-SUM(Y78:Y81) -> 2.6865943 | AB78: =(SUM(K78:K81)-SUM(W78:W81)-SUM(Y78:Y81)-SUM(Z78:Z81)-SUM(AC78:AC81)-SUM(V78:V81))-AA78 -> -0.030737745 | AC78: =K78-T78 -> 0.56028294 | AD78: =+AM78+BA78 -> 0 | AE78: - Sheet Breaks (0x) | AF78: 0 | AM78: =SUM(AF78:AL78)+AT78+AV78+AX78 -> 0 | AR78: =SUM(AN78:AQ78) -> 0 | BA78: =+AR78+AS78+AU78+AW78+AY78+AZ78 -> 0 | BB78: 0
AD79: =+AM79+BA79 -> 33 | AE79: - Change Blade (13x) | AG79: 33 | AM79: =SUM(AF79:AL79)+AT79+AV79+AX79 -> 33 | AR79: =SUM(AN79:AQ79) -> 0 | BA79: =+AR79+AS79+AU79+AW79+AY79+AZ79 -> 0 | BC79: 13
AD80: =+AM80+BA80 -> 46 | AE80: - Change Spool (28x) | AH80: 46 | AM80: =SUM(AF80:AL80)+AT80+AV80+AX80 -> 46 | AR80: =SUM(AN80:AQ80) -> 0 | BA80: =+AR80+AS80+AU80+AW80+AY80+AZ80 -> 0
A82: 46010 | B82: Facial | C82: =(M82*E82*O82*Q82)/100000000 -> 9.190561 | D82: VP OW | E82: 11.5 | F82: 1 | G82: 1230 | H82: =+N82 -> 0.24 | I82: 0.88 | J82: =E82*G82*(1-H82)*1440/1000000*2.74 -> 42.415989 | K82: =(IF(G82<L82,L82,G82)*(1-IF(H82<N82,H82,N82))*E82*O82*Q82)/100000000 -> 9.190561 | L82: 1230 | M82: 934.8 | N82: =1-(M82/L82) -> 0.24 | O82: =+'Trim Rwd'!H59 -> 268 | P82: =O82*(Q82-R82-S82) -> 81204 | Q82: 319 | R82: 0 | S82: 16 | T82: =E82*M82*O82*Q82/100000000 -> 9.190561 | U82: =E82*M82*O82*(Q82-R82-S82)/100000000 -> 8.7295924 | V82: =E82*G82*(1-N82)*O82/100*(R82+S82)/1000000 -> 0.46096858 | W82: =+'19'!K14/1000 -> 11.568 | X82: =SUM(W82:W85)/SUM(K82:K85) -> 0.87083436 | Y82: 0 | Z82: =+'15'!D25/1000 -> 0 | AA82: =SUM(U82:U85)-SUM(W82:W85)-SUM(Z82:Z85)-SUM(Y82:Y85) -> 2.6508001 | AB82: =(SUM(K82:K85)-SUM(W82:W85)-SUM(Y82:Y85)-SUM(Z82:Z85)-SUM(AC82:AC85)-SUM(V82:V85))-AA82 -> -0.037359168 | AC82: =K82-T82 -> 0 | AD82: =+AM82+BA82 -> 21 | AE82: - Sheet Breaks (6x) | AF82: 21 | AM82: =SUM(AF82:AL82)+AT82+AV82+AX82 -> 21 | AR82: =SUM(AN82:AQ82) -> 0 | BA82: =+AR82+AS82+AU82+AW82+AY82+AZ82 -> 0 | BB82: 6
B83: Facial | C83: =(M83*E83*O83*Q83)/100000000 -> 6.0544494 | D83: VP OW | E83: 14 | F83: 1 | G83: 1230 | H83: =+N83 -> 0.24 | I83: 0.88 | J83: =E83*G83*(1-H83)*1440/1000000*2.74 -> 51.636856 | K83: =(IF(G83<L83,L83,G83)*(1-IF(H83<N83,H83,N83))*E83*O83*Q83)/100000000 -> 6.6490828 | L83: 1120 | M83: 851.2 | N83: =1-(M83/L83) -> 0.24 | O83: =+'Trim Rwd'!H61 -> 266 | P83: =O83*(Q83-R83-S83) -> 47614 | Q83: 191 | R83: 0 | S83: =68-S82-S84 -> 12 | T83: =E83*M83*O83*Q83/100000000 -> 6.0544494 | U83: =E83*M83*O83*(Q83-R83-S83)/100000000 -> 5.6740652 | V83: =E83*G83*(1-N83)*O83/100*(R83+S83)/1000000 -> 0.41774342 | W83: =+'19'!K7/1000 -> 5.244 | AC83: =K83-T83 -> 0.59463342 | AD83: =+AM83+BA83 -> 7 | AE83: - Change Blade (3x) | AG83: 7 | AM83: =SUM(AF83:AL83)+AT83+AV83+AX83 -> 7 | AR83: =SUM(AN83:AQ83) -> 0 | BA83: =+AR83+AS83+AU83+AW83+AY83+AZ83 -> 0 | BC83: 3
B84: Toilet | C84: =(M84*E84*O84*Q84)/100000000 -> 26.903272 | D84: VP OW | E84: 13 | F84: 1 | G84: =+L84 -> 1150 | H84: 0.25 | I84: 0.88 | J84: =E84*G84*(1-H84)*1440/1000000*2.74 -> 44.24004 | K84: =(IF(G84<L84,L84,G84)*(1-IF(H84<N84,H84,N84))*E84*O84*Q84)/100000000 -> 26.903272 | L84: 1150 | M84: 862.5 | N84: =1-(M84/L84) -> 0.25 | O84: =+'Trim Rwd'!H60 -> 258 | P84: =O84*(Q84-R84-S84) -> 229620 | Q84: 930 | R84: 0 | S84: 40 | T84: =E84*M84*O84*Q84/100000000 -> 26.903272 | U84: =E84*M84*O84*(Q84-R84-S84)/100000000 -> 25.746143 | V84: =E84*G84*(1-N84)*O84/100*(R84+S84)/1000000 -> 1.15713 | W84: =+'19'!K10/1000 -> 20.41 | Z84: =+'19'!D25/1000 -> 0.277 | AC84: =K84-T84 -> 0 | AD84: =+AM84+BA84 -> 40 | AE84: - Change Spool (29x) | AH84: 40 | AM84: =SUM(AF84:AL84)+AT84+AV84+AX84 -> 40 | AR84: =SUM(AN84:AQ84) -> 0 | BA84: =+AR84+AS84+AU84+AW84+AY84+AZ84 -> 0
A86: 46011 | B86: Toilet | C86: =(M86*E86*O86*Q86)/100000000 -> 41.65668 | D86: VP OW | E86: 13 | F86: 1 | G86: =+L86 -> 1150 | H86: 0.25 | I86: 0.88 | J86: =E86*G86*(1-H86)*1440/1000000*2.74 -> 44.24004 | K86: =(IF(G86<L86,L86,G86)*(1-IF(H86<N86,H86,N86))*E86*O86*Q86)/100000000 -> 41.65668 | L86: 1150 | M86: 862.5 | N86: =1-(M86/L86) -> 0.25 | O86: =+'Trim Rwd'!H63 -> 258 | P86: =O86*(Q86-R86-S86) -> 355782 | Q86: 1440 | R86: 0 | S86: 61 | T86: =E86*M86*O86*Q86/100000000 -> 41.65668 | U86: =E86*M86*O86*(Q86-R86-S86)/100000000 -> 39.892057 | V86: =E86*G86*(1-N86)*O86/100*(R86+S86)/1000000 -> 1.7646233 | W86: =+'20'!K10/1000 -> 39.682 | X86: =SUM(W86:W89)/SUM(K86:K89) -> 0.95259632 | Y86: 0 | Z86: =+'15'!D29/1000 -> 0 | AA86: =SUM(U86:U89)-SUM(W86:W89)-SUM(Z86:Z89)-SUM(Y86:Y89) -> 0.21005675 | AB86: =(SUM(K86:K89)-SUM(W86:W89)-SUM(Y86:Y89)-SUM(Z86:Z89)-SUM(AC86:AC89)-SUM(V86:V89))-AA86 -> -4.4408921e-16 | AC86: =K86-T86 -> 0 | AD86: =+AM86+BA86 -> 13 | AE86: - Sheet Breaks (5x) | AF86: 13 | AM86: =SUM(AF86:AL86)+AT86+AV86+AX86 -> 13 | AR86: =SUM(AN86:AQ86) -> 0 | BA86: =+AR86+AS86+AU86+AW86+AY86+AZ86 -> 0 | BB86: 5
AD87: =+AM87+BA87 -> 6 | AE87: - Change Blade (3x) | AG87: 6 | AM87: =SUM(AF87:AL87)+AT87+AV87+AX87 -> 6 | AR87: =SUM(AN87:AQ87) -> 0 | BA87: =+AR87+AS87+AU87+AW87+AY87+AZ87 -> 0 | BC87: 3
AD88: =+AM88+BA88 -> 42 | AE88: - Change Spool (27x) | AH88: 42 | AM88: =SUM(AF88:AL88)+AT88+AV88+AX88 -> 42 | AR88: =SUM(AN88:AQ88) -> 0 | BA88: =+AR88+AS88+AU88+AW88+AY88+AZ88 -> 0
A90: 46012 | B90: Toilet | C90: =(M90*E90*O90*Q90)/100000000 -> 41.65668 | D90: VP OW | E90: 13 | F90: 1 | G90: =+L90 -> 1150 | H90: 0.25 | I90: 0.88 | J90: =E90*G90*(1-H90)*1440/1000000*2.74 -> 44.24004 | K90: =(IF(G90<L90,L90,G90)*(1-IF(H90<N90,H90,N90))*E90*O90*Q90)/100000000 -> 41.65668 | L90: 1150 | M90: 862.5 | N90: =1-(M90/L90) -> 0.25 | O90: =+'Trim Rwd'!H65 -> 258 | P90: =O90*(Q90-R90-S90) -> 357072 | Q90: 1440 | R90: 0 | S90: 56 | T90: =E90*M90*O90*Q90/100000000 -> 41.65668 | U90: =E90*M90*O90*(Q90-R90-S90)/100000000 -> 40.036698 | V90: =E90*G90*(1-N90)*O90/100*(R90+S90)/1000000 -> 1.619982 | W90: =+'21'!K10/1000 -> 37.964 | X90: =SUM(W90:W93)/SUM(K90:K93) -> 0.91135443 | Y90: 0 | Z90: =+'15'!D33/1000 -> 0 | AA90: =SUM(U90:U93)-SUM(W90:W93)-SUM(Z90:Z93)-SUM(Y90:Y93) -> 2.072698 | AB90: =(SUM(K90:K93)-SUM(W90:W93)-SUM(Y90:Y93)-SUM(Z90:Z93)-SUM(AC90:AC93)-SUM(V90:V93))-AA90 -> 0 | AC90: =K90-T90 -> 0 | AD90: =+AM90+BA90 -> 8 | AE90: - Sheet Breaks (4x) | AF90: 8 | AM90: =SUM(AF90:AL90)+AT90+AV90+AX90 -> 8 | AR90: =SUM(AN90:AQ90) -> 0 | BA90: =+AR90+AS90+AU90+AW90+AY90+AZ90 -> 0 | BB90: 4
AD91: =+AM91+BA91 -> 10 | AE91: - Change Blade (7x) | AG91: 10 | AM91: =SUM(AF91:AL91)+AT91+AV91+AX91 -> 10 | AR91: =SUM(AN91:AQ91) -> 0 | BA91: =+AR91+AS91+AU91+AW91+AY91+AZ91 -> 0 | BC91: 7
AD92: =+AM92+BA92 -> 38 | AE92: - Change Spool (26x) | AH92: 38 | AM92: =SUM(AF92:AL92)+AT92+AV92+AX92 -> 38 | AR92: =SUM(AN92:AQ92) -> 0 | BA92: =+AR92+AS92+AU92+AW92+AY92+AZ92 -> 0
A94: 46013 | B94: Toilet | C94: =(M94*E94*O94*Q94)/100000000 -> 22.798296 | D94: VP OW | E94: 13 | F94: 1 | G94: =+L94 -> 1150 | H94: 0.25 | I94: 0.88 | J94: =E94*G94*(1-H94)*1440/1000000*2.74 -> 44.24004 | K94: =(IF(G94<L94,L94,G94)*(1-IF(H94<N94,H94,N94))*E94*O94*Q94)/100000000 -> 22.798296 | L94: 1150 | M94: 862.5 | N94: =1-(M94/L94) -> 0.25 | O94: =+'Trim Rwd'!H67 -> 260.67857 | P94: =O94*(Q94-R94-S94) -> 194726.89 | Q94: 780 | R94: 0 | S94: 33 | T94: =E94*M94*O94*Q94/100000000 -> 22.798296 | U94: =E94*M94*O94*(Q94-R94-S94)/100000000 -> 21.833753 | V94: =E94*G94*(1-N94)*O94/100*(R94+S94)/1000000 -> 0.9645433 | W94: =+'22'!K10/1000 -> 24.704 | X94: =SUM(W94:W97)/SUM(K94:K97) -> 0.92596176 | Y94: 0 | Z94: 0 | AA94: =SUM(U94:U97)-SUM(W94:W97)-SUM(Z94:Z97)-SUM(Y94:Y97) -> 1.3113881 | AB94: =(SUM(K94:K97)-SUM(W94:W97)-SUM(Y94:Y97)-SUM(Z94:Z97)-SUM(AC94:AC97)-SUM(V94:V97))-AA94 -> 2.8865799e-15 | AC94: =K94-T94 -> 0 | AD94: =+AM94+BA94 -> 9 | AE94: - Sheet Breaks (3x) | AF94: 9 | AM94: =SUM(AF94:AL94)+AT94+AV94+AX94 -> 9 | AR94: =SUM(AN94:AQ94) -> 0 | BA94: =+AR94+AS94+AU94+AW94+AY94+AZ94 -> 0 | BB94: 3
B95: Toilet | C95: =(M95*E95*O95*Q95)/100000000 -> 20.570666 | D95: VP OW | E95: 15 | F95: 1 | G95: =+L95 -> 1050 | H95: =+N95 -> 0.23 | I95: 0.88 | J95: =E95*G95*(1-H95)*1440/1000000*2.74 -> 47.850264 | K95: =(IF(G95<L95,L95,G95)*(1-IF(H95<N95,H95,N95))*E95*O95*Q95)/100000000 -> 20.570666 | L95: 1050 | M95: 808.5 | N95: =1-(M95/L95) -> 0.23 | O95: =+'Trim Rwd'!H69 -> 257 | P95: =O95*(Q95-R95-S95) -> 161910 | Q95: 660 | R95: 0 | S95: 30 | T95: =E95*M95*O95*Q95/100000000 -> 20.570666 | U95: =E95*M95*O95*(Q95-R95-S95)/100000000 -> 19.635635 | V95: =E95*G95*(1-N95)*O95/100*(R95+S95)/1000000 -> 0.93503025 | W95: =+'22'!K11/1000 -> 15.454 | AC95: =K95-T95 -> 0 | AD95: =+AM95+BA95 -> 17 | AE95: - Change Blade (7x) | AG95: 17 | AM95: =SUM(AF95:AL95)+AT95+AV95+AX95 -> 17 | AR95: =SUM(AN95:AQ95) -> 0 | BA95: =+AR95+AS95+AU95+AW95+AY95+AZ95 -> 0 | BC95: 7
AD96: =+AM96+BA96 -> 37 | AE96: - Change Spool (28x) | AH96: 37 | AM96: =SUM(AF96:AL96)+AT96+AV96+AX96 -> 37 | AR96: =SUM(AN96:AQ96) -> 0 | BA96: =+AR96+AS96+AU96+AW96+AY96+AZ96 -> 0
A98: 46014 | B98: Toilet | C98: =(M98*E98*O98*Q98)/100000000 -> 37.245372 | D98: VP OW | E98: 15 | F98: 1 | G98: =+L98 -> 1050 | H98: =+N98 -> 0.23 | I98: 0.88 | J98: =E98*G98*(1-H98)*1440/1000000*2.74 -> 47.850264 | K98: =(IF(G98<L98,L98,G98)*(1-IF(H98<N98,H98,N98))*E98*O98*Q98)/100000000 -> 37.245372 | L98: 1050 | M98: 808.5 | N98: =1-(M98/L98) -> 0.23 | O98: =+'Trim Rwd'!H71 -> 257 | P98: =O98*(Q98-R98-S98) -> 295550 | Q98: 1195 | R98: 0 | S98: 45 | T98: =E98*M98*O98*Q98/100000000 -> 37.245372 | U98: =E98*M98*O98*(Q98-R98-S98)/100000000 -> 35.842826 | V98: =E98*G98*(1-N98)*O98/100*(R98+S98)/1000000 -> 1.4025454 | W98: =+'23'!K11/1000 -> 37.981 | X98: =SUM(W98:W101)/SUM(K98:K101) -> 0.93279582 | Y98: 0 | Z98: =+'23'!D16/1000 -> 0.26 | AA98: =SUM(U98:U101)-SUM(W98:W101)-SUM(Z98:Z101)-SUM(Y98:Y101) -> 0.7357087 | AB98: =(SUM(K98:K101)-SUM(W98:W101)-SUM(Y98:Y101)-SUM(Z98:Z101)-SUM(AC98:AC101)-SUM(V98:V101))-AA98 -> -4.6629367e-15 | AC98: =K98-T98 -> 0 | AD98: =+AM98+BA98 -> 9 | AE98: - Sheet Breaks (3x) | AF98: 9 | AM98: =SUM(AF98:AL98)+AT98+AV98+AX98 -> 9 | AR98: =SUM(AN98:AQ98) -> 0 | BA98: =+AR98+AS98+AU98+AW98+AY98+AZ98 -> 0 | BB98: 3
B99: Toilet | C99: =(M99*E99*O99*Q99)/100000000 -> 7.2627609 | D99: VP OW | E99: 14 | F99: 1 | G99: =+L99 -> 1070 | H99: =+N99 -> 0.23 | I99: 0.88 | J99: =E99*G99*(1-H99)*1440/1000000*2.74 -> 45.510918 | K99: =(IF(G99<L99,L99,G99)*(1-IF(H99<N99,H99,N99))*E99*O99*Q99)/100000000 -> 7.2627609 | L99: 1070 | M99: 823.9 | N99: =1-(M99/L99) -> 0.23 | O99: =+'Trim Rwd'!H72 -> 257 | P99: =O99*(Q99-R99-S99) -> 57825 | Q99: 245 | R99: 0 | S99: 20 | T99: =E99*M99*O99*Q99/100000000 -> 7.2627609 | U99: =E99*M99*O99*(Q99-R99-S99)/100000000 -> 6.6698825 | V99: =E99*G99*(1-N99)*O99/100*(R99+S99)/1000000 -> 0.59287844 | W99: =+'23'!K15/1000 -> 3.536 | AC99: =K99-T99 -> 0 | AD99: =+AM99+BA99 -> 17 | AE99: - Change Blade (7x) | AG99: 17 | AM99: =SUM(AF99:AL99)+AT99+AV99+AX99 -> 17 | AR99: =SUM(AN99:AQ99) -> 0 | BA99: =+AR99+AS99+AU99+AW99+AY99+AZ99 -> 0 | BC99: 7
AD100: =+AM100+BA100 -> 39 | AE100: - Change Spool (27x) | AH100: 39 | AM100: =SUM(AF100:AL100)+AT100+AV100+AX100 -> 39 | AR100: =SUM(AN100:AQ100) -> 0 | BA100: =+AR100+AS100+AU100+AW100+AY100+AZ100 -> 0
A102: 46015 | B102: Toilet | C102: =(M102*E102*O102*Q102)/100000000 -> 43.734482 | D102: VP OW | E102: 14 | F102: 1 | G102: =+L102 -> 1096.25 | H102: =+N102 -> 0.23 | I102: 0.88 | J102: =E102*G102*(1-H102)*1440/1000000*2.74 -> 46.627424 | K102: =(IF(G102<L102,L102,G102)*(1-IF(H102<N102,H102,N102))*E102*O102*Q102)/100000000 -> 43.734482 | L102: 1096.25 | M102: 844.1125 | N102: =1-(M102/L102) -> 0.23 | O102: =+'Trim Rwd'!H74 -> 257 | P102: =O102*(Q102-R102-S102) -> 353375 | Q102: 1440 | R102: 0 | S102: 65 | T102: =E102*M102*O102*Q102/100000000 -> 43.734482 | U102: =E102*M102*O102*(Q102-R102-S102)/100000000 -> 41.760356 | V102: =E102*G102*(1-N102)*O102/100*(R102+S102)/1000000 -> 1.9741259 | W102: =+'24'!K15/1000 -> 40.146 | X102: =SUM(W102:W105)/SUM(K102:K105) -> 0.91794846 | Y102: 0 | Z102: =+'24'!D34/1000 -> 0.564 | AA102: =SUM(U102:U105)-SUM(W102:W105)-SUM(Z102:Z105)-SUM(Y102:Y105) -> 1.0503557 | AB102: =(SUM(K102:K105)-SUM(W102:W105)-SUM(Y102:Y105)-SUM(Z102:Z105)-SUM(AC102:AC105)-SUM(V102:V105))-AA102 -> 0 | AC102: =K102-T102 -> 0 | AD102: =+AM102+BA102 -> 25 | AE102: - Sheet Breaks (7x) | AF102: 25 | AM102: =SUM(AF102:AL102)+AT102+AV102+AX102 -> 25 | AR102: =SUM(AN102:AQ102) -> 0 | BA102: =+AR102+AS102+AU102+AW102+AY102+AZ102 -> 0 | BB102: 7
AD103: =+AM103+BA103 -> 8 | AE103: - Change Blade (4x) | AG103: 8 | AM103: =SUM(AF103:AL103)+AT103+AV103+AX103 -> 8 | AR103: =SUM(AN103:AQ103) -> 0 | BA103: =+AR103+AS103+AU103+AW103+AY103+AZ103 -> 0 | BC103: 4
AD104: =+AM104+BA104 -> 32 | AE104: - Change Spool (27x) | AH104: 32 | AM104: =SUM(AF104:AL104)+AT104+AV104+AX104 -> 32 | AR104: =SUM(AN104:AQ104) -> 0 | BA104: =+AR104+AS104+AU104+AW104+AY104+AZ104 -> 0
A106: 46016 | B106: Toilet | C106: =(M106*E106*O106*Q106)/100000000 -> 10.971022 | D106: VP OW | E106: 14 | F106: 1 | G106: =+L106 -> 1100 | H106: =+N106 -> 0.23 | I106: 0.88 | J106: =E106*G106*(1-H106)*1440/1000000*2.74 -> 46.786925 | K106: =(IF(G106<L106,L106,G106)*(1-IF(H106<N106,H106,N106))*E106*O106*Q106)/100000000 -> 10.971022 | L106: 1100 | M106: 847 | N106: =1-(M106/L106) -> 0.23 | O106: =+'Trim Rwd'!H76 -> 257 | P106: =O106*(Q106-R106-S106) -> 89693 | Q106: 360 | R106: 0 | S106: 11 | T106: =E106*M106*O106*Q106/100000000 -> 10.971022 | U106: =E106*M106*O106*(Q106-R106-S106)/100000000 -> 10.635796 | V106: =E106*G106*(1-N106)*O106/100*(R106+S106)/1000000 -> 0.33522566 | W106: =+'25'!K15/1000 -> 13.125 | X106: =SUM(W106:W109)/SUM(K106:K109) -> 0.93150629 | Y106: 0 | Z106: 0 | AA106: =SUM(U106:U109)-SUM(W106:W109)-SUM(Z106:Z109)-SUM(Y106:Y109) -> 1.2002863 | AB106: =(SUM(K106:K109)-SUM(W106:W109)-SUM(Y106:Y109)-SUM(Z106:Z109)-SUM(AC106:AC109)-SUM(V106:V109))-AA106 -> -4.6629367e-15 | AC106: =K106-T106 -> 0 | AD106: =+AM106+BA106 -> 9 | AE106: - Sheet Breaks (3x) | AF106: 9 | AM106: =SUM(AF106:AL106)+AT106+AV106+AX106 -> 9 | AR106: =SUM(AN106:AQ106) -> 0 | BA106: =+AR106+AS106+AU106+AW106+AY106+AZ106 -> 0 | BB106: 3
B107: Toilet | C107: =(M107*E107*O107*Q107)/100000000 -> 32.60249 | D107: VP OW | E107: 13 | F107: 1 | G107: =+L107 -> 1168.8889 | H107: =+N107 -> 0.23 | I107: 0.88 | J107: =E107*G107*(1-H107)*1440/1000000*2.74 -> 46.1658 | K107: =(IF(G107<L107,L107,G107)*(1-IF(H107<N107,H107,N107))*E107*O107*Q107)/100000000 -> 32.60249 | L107: 1168.8889 | M107: 900.04444 | N107: =1-(M107/L107) -> 0.23 | O107: =+'Trim Rwd'!H77 -> 258 | P107: =O107*(Q107-R107-S107) -> 266256 | Q107: 1080 | R107: 0 | S107: 48 | T107: =E107*M107*O107*Q107/100000000 -> 32.60249 | U107: =E107*M107*O107*(Q107-R107-S107)/100000000 -> 31.15349 | V107: =E107*G107*(1-N107)*O107/100*(R107+S107)/1000000 -> 1.4489996 | W107: =+'25'!K10/1000 -> 27.464 | AC107: =K107-T107 -> 0 | AD107: =+AM107+BA107 -> 11 | AE107: - Change Blade (6x) | AG107: 11 | AM107: =SUM(AF107:AL107)+AT107+AV107+AX107 -> 11 | AR107: =SUM(AN107:AQ107) -> 0 | BA107: =+AR107+AS107+AU107+AW107+AY107+AZ107 -> 0 | BC107: 6
AD108: =+AM108+BA108 -> 39 | AE108: - Change Spool (27x) | AH108: 39 | AM108: =SUM(AF108:AL108)+AT108+AV108+AX108 -> 39 | AR108: =SUM(AN108:AQ108) -> 0 | BA108: =+AR108+AS108+AU108+AW108+AY108+AZ108 -> 0
A110: 46017 | B110: Toilet | C110: =(M110*E110*O110*Q110)/100000000 -> 43.785061 | D110: VP OW | E110: 13 | F110: 1 | G110: =+L110 -> 1177.3611 | H110: =+N110 -> 0.23 | I110: 0.88 | J110: =E110*G110*(1-H110)*1440/1000000*2.74 -> 46.500414 | K110: =(IF(G110<L110,L110,G110)*(1-IF(H110<N110,H110,N110))*E110*O110*Q110)/100000000 -> 43.785061 | L110: 1177.3611 | M110: 906.56806 | N110: =1-(M110/L110) -> 0.23 | O110: =+'Trim Rwd'!H79 -> 258 | P110: =O110*(Q110-R110-S110) -> 357588 | Q110: 1440 | R110: 0 | S110: 54 | T110: =E110*M110*O110*Q110/100000000 -> 43.785061 | U110: =E110*M110*O110*(Q110-R110-S110)/100000000 -> 42.143122 | V110: =E110*G110*(1-N110)*O110/100*(R110+S110)/1000000 -> 1.6419398 | W110: =+'26'!K10/1000 -> 38.848 | X110: =SUM(W110:W113)/SUM(K110:K113) -> 0.88724325 | Y110: 0 | Z110: 0 | AA110: =SUM(U110:U113)-SUM(W110:W113)-SUM(Z110:Z113)-SUM(Y110:Y113) -> 3.2951215 | AB110: =(SUM(K110:K113)-SUM(W110:W113)-SUM(Y110:Y113)-SUM(Z110:Z113)-SUM(AC110:AC113)-SUM(V110:V113))-AA110 -> -5.7731597e-15 | AC110: =K110-T110 -> 0 | AD110: =+AM110+BA110 -> 9 | AE110: - Sheet Breaks (3x) | AF110: 9 | AM110: =SUM(AF110:AL110)+AT110+AV110+AX110 -> 9 | AR110: =SUM(AN110:AQ110) -> 0 | BA110: =+AR110+AS110+AU110+AW110+AY110+AZ110 -> 0 | BB110: 3
AD111: =+AM111+BA111 -> 16 | AE111: - Change Blade (10x) | AG111: 16 | AM111: =SUM(AF111:AL111)+AT111+AV111+AX111 -> 16 | AR111: =SUM(AN111:AQ111) -> 0 | BA111: =+AR111+AS111+AU111+AW111+AY111+AZ111 -> 0 | BC111: 10
AD112: =+AM112+BA112 -> 29 | AE112: - Change Spool (27x) | AH112: 29 | AM112: =SUM(AF112:AL112)+AT112+AV112+AX112 -> 29 | AR112: =SUM(AN112:AQ112) -> 0 | BA112: =+AR112+AS112+AU112+AW112+AY112+AZ112 -> 0
A114: 46018 | B114: Toilet | C114: =(M114*E114*O114*Q114)/100000000 -> 44.007163 | D114: VP OW | E114: 13 | F114: 1 | G114: =+L114 -> 1183.3333 | H114: =+N114 -> 0.23 | I114: 0.88 | J114: =E114*G114*(1-H114)*1440/1000000*2.74 -> 46.73629 | K114: =(IF(G114<L114,L114,G114)*(1-IF(H114<N114,H114,N114))*E114*O114*Q114)/100000000 -> 44.007163 | L114: 1183.3333 | M114: 911.16667 | N114: =1-(M114/L114) -> 0.23 | O114: =+'Trim Rwd'!H81 -> 258 | P114: =O114*(Q114-R114-S114) -> 356298 | Q114: 1440 | R114: 0 | S114: 59 | T114: =E114*M114*O114*Q114/100000000 -> 44.007163 | U114: =E114*M114*O114*(Q114-R114-S114)/100000000 -> 42.204092 | V114: =E114*G114*(1-N114)*O114/100*(R114+S114)/1000000 -> 1.8030713 | W114: =+'27'!K10/1000 -> 42.837 | X114: =SUM(W114:W117)/SUM(K114:K117) -> 0.97340971 | Y114: 0 | Z114: =+'27'!D16/1000 -> 0.578 | AA114: =SUM(U114:U117)-SUM(W114:W117)-SUM(Z114:Z117)-SUM(Y114:Y117) -> -1.2109081 | AB114: =(SUM(K114:K117)-SUM(W114:W117)-SUM(Y114:Y117)-SUM(Z114:Z117)-SUM(AC114:AC117)-SUM(V114:V117))-AA114 -> 3.5527137e-15 | AC114: =K114-T114 -> 0 | AD114: =+AM114+BA114 -> 9 | AE114: - Sheet Breaks (3x) | AF114: 9 | AM114: =SUM(AF114:AL114)+AT114+AV114+AX114 -> 9 | AR114: =SUM(AN114:AQ114) -> 0 | BA114: =+AR114+AS114+AU114+AW114+AY114+AZ114 -> 0 | BB114: 3
AD115: =+AM115+BA115 -> 8 | AE115: - Change Blade (4x) | AG115: 8 | AM115: =SUM(AF115:AL115)+AT115+AV115+AX115 -> 8 | AR115: =SUM(AN115:AQ115) -> 0 | BA115: =+AR115+AS115+AU115+AW115+AY115+AZ115 -> 0 | BC115: 4
AD116: =+AM116+BA116 -> 42 | AE116: - Change Spool (27x) | AH116: 42 | AM116: =SUM(AF116:AL116)+AT116+AV116+AX116 -> 42 | AR116: =SUM(AN116:AQ116) -> 0 | BA116: =+AR116+AS116+AU116+AW116+AY116+AZ116 -> 0
A118: 46019 | B118: Toilet | C118: =(M118*E118*O118*Q118)/100000000 -> 5.8392134 | D118: VP OW | E118: 13 | F118: 1 | G118: =+L118 -> 1190 | H118: =+N118 -> 0.23 | I118: 0.88 | J118: =E118*G118*(1-H118)*1440/1000000*2.74 -> 46.999593 | K118: =(IF(G118<L118,L118,G118)*(1-IF(H118<N118,H118,N118))*E118*O118*Q118)/100000000 -> 5.8392134 | L118: 1190 | M118: 916.3 | N118: =1-(M118/L118) -> 0.23 | O118: =+'Trim Rwd'!H83 -> 258 | P118: =O118*(Q118-R118-S118) -> 45408 | Q118: 190 | R118: 0 | S118: 14 | T118: =E118*M118*O118*Q118/100000000 -> 5.8392134 | U118: =E118*M118*O118*(Q118-R118-S118)/100000000 -> 5.4089556 | V118: =E118*G118*(1-N118)*O118/100*(R118+S118)/1000000 -> 0.43025783 | W118: =+'28'!K10/1000 -> 5.513 | X118: =SUM(W118:W121)/SUM(K118:K121) -> 0.88688931 | Y118: 0 | Z118: =+'28'!D7/1000 -> 0.578 | AA118: =SUM(U118:U121)-SUM(W118:W121)-SUM(Z118:Z121)-SUM(Y118:Y121) -> 0.97834819 | AB118: =(SUM(K118:K121)-SUM(W118:W121)-SUM(Y118:Y121)-SUM(Z118:Z121)-SUM(AC118:AC121)-SUM(V118:V121))-AA118 -> -0.04952576 | AC118: =K118-T118 -> 0 | AD118: =+AM118+BA118 -> 12 | AE118: - Sheet Breaks (5x) | AF118: 12 | AM118: =SUM(AF118:AL118)+AT118+AV118+AX118 -> 12 | AR118: =SUM(AN118:AQ118) -> 0 | BA118: =+AR118+AS118+AU118+AW118+AY118+AZ118 -> 0 | BB118: 5
B119: Toilet | C119: =(M119*E119*O119*Q119)/100000000 -> 36.834784 | D119: VP OW | E119: 12.5 | F119: 1 | G119: 1230 | H119: 0.22 | I119: 0.88 | J119: =E119*G119*(1-H119)*1440/1000000*2.74 -> 47.317608 | K119: =(IF(G119<L119,L119,G119)*(1-IF(H119<N119,H119,N119))*E119*O119*Q119)/100000000 -> 38.376 | L119: 1190 | M119: 920.8696 | N119: =1-(M119/L119) -> 0.22616 | O119: =+'Trim Rwd'!H84 -> 256 | P119: =O119*(Q119-R119-S119) -> 307200 | Q119: 1250 | R119: 0 | S119: 50 | T119: =E119*M119*O119*Q119/100000000 -> 36.834784 | U119: =E119*M119*O119*(Q119-R119-S119)/100000000 -> 35.361393 | V119: =E119*G119*(1-N119)*O119/100*(R119+S119)/1000000 -> 1.5229171 | W119: =+'28'!K16/1000 -> 33.701 | AC119: =K119-T119 -> 1.541216 | AD119: =+AM119+BA119 -> 8 | AE119: - Change Blade (5x) | AG119: 8 | AM119: =SUM(AF119:AL119)+AT119+AV119+AX119 -> 8 | AR119: =SUM(AN119:AQ119) -> 0 | BA119: =+AR119+AS119+AU119+AW119+AY119+AZ119 -> 0 | BC119: 5
AD120: =+AM120+BA120 -> 44 | AE120: - Change Spool (28x) | AH120: 44 | AM120: =SUM(AF120:AL120)+AT120+AV120+AX120 -> 44 | AR120: =SUM(AN120:AQ120) -> 0 | BA120: =+AR120+AS120+AU120+AW120+AY120+AZ120 -> 0
A122: 46020 | B122: Toilet | C122: =(M122*E122*O122*Q122)/100000000 -> 40.009133 | D122: VP OW | E122: 12.5 | F122: 1 | G122: 1230 | H122: 0.22 | I122: 0.88 | J122: =E122*G122*(1-H122)*1440/1000000*2.74 -> 47.317608 | K122: =(IF(G122<L122,L122,G122)*(1-IF(H122<N122,H122,N122))*E122*O122*Q122)/100000000 -> 41.353978 | L122: 1190 | M122: 928.2 | N122: =1-(M122/L122) -> 0.22 | O122: =+'Trim Rwd'!H86 -> 256 | P122: =O122*(Q122-R122-S122) -> 330752 | Q122: 1347 | R122: 0 | S122: 55 | T122: =E122*M122*O122*Q122/100000000 -> 40.009133 | U122: =E122*M122*O122*(Q122-R122-S122)/100000000 -> 38.375501 | V122: =E122*G122*(1-N122)*O122/100*(R122+S122)/1000000 -> 1.688544 | W122: =+'29'!K16/1000 -> 40.776 | X122: =SUM(W122:W125)/SUM(K122:K125) -> 0.92305602 | Y122: =+SUM(RBP!AG15:AG16) -> 0 | Z122: 0 | AA122: =SUM(U122:U125)-SUM(W122:W125)-SUM(Z122:Z125)-SUM(Y122:Y125) -> 0.11718761 | AB122: =(SUM(K122:K125)-SUM(W122:W125)-SUM(Y122:Y125)-SUM(Z122:Z125)-SUM(AC122:AC125)-SUM(V122:V125))-AA122 -> -0.054912 | AC122: =K122-T122 -> 1.3448448 | AD122: =+AM122+BA122 -> 18 | AE122: - Sheet Breaks (6x) | AF122: 18 | AM122: =SUM(AF122:AL122)+AT122+AV122+AX122 -> 18 | AR122: =SUM(AN122:AQ122) -> 0 | BA122: =+AR122+AS122+AU122+AW122+AY122+AZ122 -> 0 | BB122: 6
B123: Toilet | C123: =(M123*E123*O123*Q123)/100000000 -> 2.8210226 | D123: VP OW | E123: 13 | F123: 1 | G123: =+L123 -> 1190 | H123: 0.24 | I123: 0.88 | J123: =E123*G123*(1-H123)*1440/1000000*2.74 -> 46.389208 | K123: =(IF(G123<L123,L123,G123)*(1-IF(H123<N123,H123,N123))*E123*O123*Q123)/100000000 -> 2.8210226 | L123: 1190 | M123: 904.4 | N123: =1-(M123/L123) -> 0.24 | O123: =+'Trim Rwd'!H87 -> 258 | P123: =O123*(Q123-R123-S123) -> 21414 | Q123: 93 | R123: 0 | S123: 10 | T123: =E123*M123*O123*Q123/100000000 -> 2.8210226 | U123: =E123*M123*O123*(Q123-R123-S123)/100000000 -> 2.5176868 | V123: =E123*G123*(1-N123)*O123/100*(R123+S123)/1000000 -> 0.30333576 | W123: =+'28'!K20/1000 -> 0 | AC123: =K123-T123 -> 0 | AD123: =+AM123+BA123 -> 6 | AE123: - Change Blade (2x) | AG123: 6 | AM123: =SUM(AF123:AL123)+AT123+AV123+AX123 -> 6 | AR123: =SUM(AN123:AQ123) -> 0 | BA123: =+AR123+AS123+AU123+AW123+AY123+AZ123 -> 0 | BC123: 2
AD124: =+AM124+BA124 -> 41 | AE124: - Change Spool (30x) | AH124: 41 | AM124: =SUM(AF124:AL124)+AT124+AV124+AX124 -> 41 | AR124: =SUM(AN124:AQ124) -> 0 | BA124: =+AR124+AS124+AU124+AW124+AY124+AZ124 -> 0
A126: 46021 | B126: Toilet | C126: =(M126*E126*O126*Q126)/100000000 -> 43.313288 | D126: VP OW | E126: 13 | F126: 1 | G126: =+L126 -> 1180 | H126: 0.24 | I126: 0.88 | J126: =E126*G126*(1-H126)*1440/1000000*2.74 -> 45.999383 | K126: =(IF(G126<L126,L126,G126)*(1-IF(H126<N126,H126,N126))*E126*O126*Q126)/100000000 -> 43.313288 | L126: 1180 | M126: 896.8 | N126: =1-(M126/L126) -> 0.24 | O126: =+'Trim Rwd'!H90 -> 258 | P126: =O126*(Q126-R126-S126) -> 352944 | Q126: 1440 | R126: 0 | S126: 72 | T126: =E126*M126*O126*Q126/100000000 -> 43.313288 | U126: =E126*M126*O126*(Q126-R126-S126)/100000000 -> 41.147623 | V126: =E126*G126*(1-N126)*O126/100*(R126+S126)/1000000 -> 2.1656644 | W126: =+'30'!K10/1000 -> 38.385 | X126: =SUM(W126:W129)/SUM(K126:K129) -> 0.90385658 | Y126: 0 | Z126: 0 | AA126: =SUM(U126:U129)-SUM(W126:W129)-SUM(Z126:Z129)-SUM(Y126:Y129) -> 1.9986233 | AB126: =(SUM(K126:K129)-SUM(W126:W129)-SUM(Y126:Y129)-SUM(Z126:Z129)-SUM(AC126:AC129)-SUM(V126:V129))-AA126 -> 9.7699626e-15 | AC126: =K126-T126 -> 0 | AD126: =+AM126+BA126 -> 27 | AE126: - Sheet Breaks (9x) | AF126: 27 | AM126: =SUM(AF126:AL126)+AT126+AV126+AX126 -> 27 | AR126: =SUM(AN126:AQ126) -> 0 | BA126: =+AR126+AS126+AU126+AW126+AY126+AZ126 -> 0 | BB126: 9
B127: Toilet | E127: 12.5 | W127: =+'30'!K16/1000 -> 0.764 | AC127: =K127-T127 -> 0 | AD127: =+AM127+BA127 -> 0 | AE127: - Change Blade (0x) | AG127: 0 | AM127: =SUM(AF127:AL127)+AT127+AV127+AX127 -> 0 | AR127: =SUM(AN127:AQ127) -> 0 | BA127: =+AR127+AS127+AU127+AW127+AY127+AZ127 -> 0 | BC127: 0
AD128: =+AM128+BA128 -> 45 | AE128: - Change Spool (31x) | AH128: 45 | AM128: =SUM(AF128:AL128)+AT128+AV128+AX128 -> 45 | AR128: =SUM(AN128:AQ128) -> 0 | BA128: =+AR128+AS128+AU128+AW128+AY128+AZ128 -> 0
A130: 46387 | B130: Toilet | C130: =(M130*E130*O130*Q130)/100000000 -> 43.04207 | D130: VP OW | E130: 13 | F130: 1 | G130: =+L130 -> 1172.6111 | H130: 0.24 | I130: 0.88 | J130: =E130*G130*(1-H130)*1440/1000000*2.74 -> 45.711345 | K130: =(IF(G130<L130,L130,G130)*(1-IF(H130<N130,H130,N130))*E130*O130*Q130)/100000000 -> 43.04207 | L130: 1172.6111 | M130: 891.18444 | N130: =1-(M130/L130) -> 0.24 | O130: =+'Trim Rwd'!H92 -> 258 | P130: =O130*(Q130-R130-S130) -> 354750 | Q130: 1440 | R130: 0 | S130: 65 | T130: =E130*M130*O130*Q130/100000000 -> 43.04207 | U130: =E130*M130*O130*(Q130-R130-S130)/100000000 -> 41.099199 | V130: =E130*G130*(1-N130)*O130/100*(R130+S130)/1000000 -> 1.9428712 | W130: =+'31'!K10/1000 -> 40.226 | X130: =SUM(W130:W133)/SUM(K130:K133) -> 0.93457401 | Y130: =+SUM(RBP!AG3:AG4) -> 3.52 | Z130: =+'31'!D7/1000 -> 0.26 | AA130: =SUM(U130:U133)-SUM(W130:W133)-SUM(Z130:Z133)-SUM(Y130:Y133) -> -2.9068014 | AB130: =(SUM(K130:K133)-SUM(W130:W133)-SUM(Y130:Y133)-SUM(Z130:Z133)-SUM(AC130:AC133)-SUM(V130:V133))-AA130 -> 7.1054274e-15 | AC130: =K130-T130 -> 0 | AD130: =+AM130+BA130 -> 15 | AE130: - Sheet Breaks (6x) | AF130: 15 | AM130: =SUM(AF130:AL130)+AT130+AV130+AX130 -> 15 | AR130: =SUM(AN130:AQ130) -> 0 | BA130: =+AR130+AS130+AU130+AW130+AY130+AZ130 -> 0 | BB130: 6
...

Sheet Efficiency2
A1: PM14 Efficiency Running Report
A3: Date | B3: Grade | C3: Speed real (ton) with Available Time | D3: Colour | E3: gsm | F3: Ply | G3: Standard | L3: Real Running | O3: Trim Rewinder (cm) | P3: Trim Rewinder x Running Time | Q3: Available Time (mnt) | R3: Down Time (mnt) | S3: Loss Time (mnt) | T3: Real Speed & Real Creepe Ratio with Available Time (ton) | U3: Real Speed & Real Creepe Ratio setelah dipotong DT & LT (ton) | V3: Loss tonase akibat DT + LT dari hitungan Teori with available time (ton) | W3: Accepted (ton) | X3: Real Eff dr Target Eff | Y3: Backlog | Z3: Reject Rewinder (ton) | AA3: Estimasi Reject to Broke Plant (ton) | AB3: Estimasi Faktor BW (ton) | AC3: Loss Opportunity in Speed (ton) | AD3: Downtime/ Losstime | AE3: Reason of Downtime / Losstime | AF3: Loss Time | AM3: Total Losstime | AN3: Unschedule Shut Down (mnt) | AS3: Schedule Shut Down | AT3: Marketing | AV3: EXT FACTOR | AX3: EXT FACTOR | AZ3: MANAGEMENT | BA3: Total Down Time | BB3: Freq. Sheets Break (X) | BC3: Freq. Change Blade (X) | BD3: Steam, & gangguan sinergy (X) | BE3: Freq, Trip PLN (X) | BF3: Cleaning Holes (X)
AF4: Proses | AI4: Change Grade | AJ4: Mekanik | AK4: Electric & Instrument | AL4: Boiler | AN4: Down Time Produksi | AO4: Mekanik | AP4: Electrical & Instrument | AQ4: Boiler | AR4: Total Unschedule Shut Down | AV4: LOSS | AW4: DOWN TIME | AX4: LOSS | AY4: DOWN TIME
G5: Yankee Speed (mpm) | H5: Max % Creeping | I5: Target Eff | J5: Kapasitas PM-Teori (ton) | K5: Teori (ton) with Available Time | L5: Yankee Speed (mpm) | M5: Popereel Speed (mpm) | N5: % Creeping | AF5: sheet break | AG5: change blade | AH5: change spool | AT5: Loss time | AU5: Down Time | AV5: SINERGY | AW5: SINERGY | AX5: PLN | AY5: PLN
A6: =+Report1!A9 -> 45992 | B6: Facial | C6: =(M6*E6*O6*Q6)/100000000 -> 45.611265 | D6: VP OW | E6: 14 | F6: 1 | G6: =+L6 -> 1144.9714 | H6: 0.24 | I6: 0.88 | J6: =E6*G6*(1-H6)*1440/1000000*2.74 -> 48.067256 | K6: =(IF(G6<L6,L6,G6)*(1-IF(H6<N6,H6,N6))*E6*O6*Q6)/100000000 -> 45.611265 | L6: 1144.9714 | M6: 870.17829 | N6: =1-(M6/L6) -> 0.24 | O6: =+'Trim Rwd'!H4 -> 260 | P6: =O6*(Q6-R6-S6) -> 217620 | Q6: 1440 | R6: =505+60 -> 565 | S6: 38 | T6: =E6*M6*O6*Q6/100000000 -> 45.611265 | U6: =E6*M6*O6*(Q6-R6-S6)/100000000 -> 26.511548 | V6: =E6*G6*(1-N6)*O6/100*(R6+S6)/1000000 -> 19.099717 | W6: =+'1'!C34/1000 -> 23.289 | X6: =SUM(W6:W10)/SUM(K6:K10) -> 0.51059755 | Y6: 0 | Z6: =+'1'!D16/1000 -> 0.692 | AA6: =SUM(U6:U10)-SUM(W6:W10)-SUM(Z6:Z10)-SUM(Y6:Y10) -> 2.5305478 | AB6: =(SUM(K6:K10)-SUM(W6:W10)-SUM(Y6:Y10)-SUM(Z6:Z10)-SUM(AC6:AC10)-SUM(V6:V10))-AA6 -> 0 | AC6: =K6-T6 -> 0 | AD6: =+AM6+BA6 -> 0 | AE6: - Sheet Breaks (0x) | AF6: 0 | AM6: =SUM(AF6:AL6)+AT6+AV6+AX6 -> 0 | AR6: =SUM(AN6:AQ6) -> 0 | BA6: =+AR6+AS6+AU6+AW6+AY6+AZ6 -> 0 | BB6: 0
AD7: =+AM7+BA7 -> 15 | AE7: - Change Blade (9x) | AG7: 15 | AM7: =SUM(AF7:AL7)+AT7+AV7+AX7 -> 15 | AR7: =SUM(AN7:AQ7) -> 0 | BA7: =+AR7+AS7+AU7+AW7+AY7+AZ7 -> 0 | BC7: 9
AD8: =+AM8+BA8 -> 23 | AE8: - Change Spool (19x) | AH8: 23 | AM8: =SUM(AF8:AL8)+AT8+AV8+AX8 -> 23 | AR8: =SUM(AN8:AQ8) -> 0 | BA8: =+AR8+AS8+AU8+AW8+AY8+AZ8 -> 0
AD9: =+AM9+BA9 -> 481 | AE9: - 13:35 pm stop tim ME&EID perbaikan pillow guaide roll felt bocor | AI9: 0 | AM9: =SUM(AF9:AL9)+AT9+AV9+AX9 -> 0 | AO9: 481 | AR9: =SUM(AN9:AQ9) -> 481 | BA9: =+AR9+AS9+AU9+AW9+AY9+AZ9 -> 481
AD10: =+AM10+BA10 -> 84 | AE10: - 21.36 pm trip gagal on rell ( compresor hunting ) | AM10: =SUM(AF10:AL10)+AT10+AV10+AX10 -> 0 | AP10: 84 | AR10: =SUM(AN10:AQ10) -> 84 | BA10: =+AR10+AS10+AU10+AW10+AY10+AZ10 -> 84
AM11: =SUM(AF11:AL11)+AT11+AV11+AX11 -> 0
A12: 45993 | B12: Facial | C12: =(M12*E12*O12*Q12)/100000000 -> 8.71416 | D12: VP OW | E12: 14 | F12: 1 | G12: =+L12 -> 1166.6667 | H12: 0.24 | I12: 0.88 | J12: =E12*G12*(1-H12)*1440/1000000*2.74 -> 48.978048 | K12: =(IF(G12<L12,L12,G12)*(1-IF(H12<N12,H12,N12))*E12*O12*Q12)/100000000 -> 8.71416 | L12: 1166.6667 | M12: 886.66667 | N12: =1-(M12/L12) -> 0.24 | O12: =+'Trim Rwd'!H6 -> 260 | P12: =O12*(Q12-R12-S12) -> 65260 | Q12: 270 | R12: 0 | S12: 19 | T12: =E12*M12*O12*Q12/100000000 -> 8.71416 | U12: =E12*M12*O12*(Q12-R12-S12)/100000000 -> 8.1009413 | V12: =E12*G12*(1-N12)*O12/100*(R12+S12)/1000000 -> 0.61321867 | W12: =+'2'!K7/1000 -> 11.259 | X12: =SUM(W12:W15)/SUM(K12:K15) -> 0.91595944 | Y12: 0 | Z12: =+'1'!D31/1000 -> 0 | AA12: =SUM(U12:U15)-SUM(W12:W15)-SUM(Z12:Z15)-SUM(Y12:Y15) -> 1.6691051 | AB12: =(SUM(K12:K15)-SUM(W12:W15)-SUM(Y12:Y15)-SUM(Z12:Z15)-SUM(AC12:AC15)-SUM(V12:V15))-AA12 -> 6.2172489e-15 | AC12: =K12-T12 -> 0 | AD12: =+AM12+BA12 -> 14 | AE12: - Sheet Breaks (5x) | AF12: 14 | AM12: =SUM(AF12:AL12)+AT12+AV12+AX12 -> 14 | AR12: =SUM(AN12:AQ12) -> 0 | BA12: =+AR12+AS12+AU12+AW12+AY12+AZ12 -> 0 | BB12: 5
B13: Facial | C13: =(M13*E13*O13*Q13)/100000000 -> 37.524787 | D13: VP OW | E13: 15 | F13: 1 | G13: =+L13 -> 1098.9744 | H13: 0.24 | I13: 0.88 | J13: =E13*G13*(1-H13)*1440/1000000*2.74 -> 49.431691 | K13: =(IF(G13<L13,L13,G13)*(1-IF(H13<N13,H13,N13))*E13*O13*Q13)/100000000 -> 37.524787 | L13: 1098.9744 | M13: 835.22051 | N13: =1-(M13/L13) -> 0.24 | O13: =+'Trim Rwd'!H7 -> 256 | P13: =O13*(Q13-R13-S13) -> 286720 | Q13: 1170 | R13: 0 | S13: 50 | T13: =E13*M13*O13*Q13/100000000 -> 37.524787 | U13: =E13*M13*O13*(Q13-R13-S13)/100000000 -> 35.921164 | V13: =E13*G13*(1-N13)*O13/100*(R13+S13)/1000000 -> 1.6036234 | W13: =+'2'!K8/1000 -> 31.094 | AC13: =K13-T13 -> 0 | AD13: =+AM13+BA13 -> 8 | AE13: - Change Blade (8x) | AG13: 8 | AM13: =SUM(AF13:AL13)+AT13+AV13+AX13 -> 8 | AR13: =SUM(AN13:AQ13) -> 0 | BA13: =+AR13+AS13+AU13+AW13+AY13+AZ13 -> 0 | BC13: 8
AD14: =+AM14+BA14 -> 47 | AE14: - Change Spool (28x) | AH14: 47 | AM14: =SUM(AF14:AL14)+AT14+AV14+AX14 -> 47 | AR14: =SUM(AN14:AQ14) -> 0 | BA14: =+AR14+AS14+AU14+AW14+AY14+AZ14 -> 0
A16: 45994 | B16: Facial | C16: =(M16*E16*O16*Q16)/100000000 -> 45.807206 | D16: VP OW | E16: 15 | F16: 1 | G16: =+L16 -> 1090 | H16: 0.24 | I16: 0.88 | J16: =E16*G16*(1-H16)*1440/1000000*2.74 -> 49.028026 | K16: =(IF(G16<L16,L16,G16)*(1-IF(H16<N16,H16,N16))*E16*O16*Q16)/100000000 -> 45.807206 | L16: 1090 | M16: 828.4 | N16: =1-(M16/L16) -> 0.24 | O16: =+'Trim Rwd'!H9 -> 256 | P16: =O16*(Q16-R16-S16) -> 351488 | Q16: 1440 | R16: 0 | S16: 67 | T16: =E16*M16*O16*Q16/100000000 -> 45.807206 | U16: =E16*M16*O16*(Q16-R16-S16)/100000000 -> 43.675899 | V16: =E16*G16*(1-N16)*O16/100*(R16+S16)/1000000 -> 2.1313075 | W16: =+'3'!K8/1000 -> 41.977 | X16: =SUM(W16:W19)/SUM(K16:K19) -> 0.9163842 | Y16: 0 | Z16: 0 | AA16: =SUM(U16:U19)-SUM(W16:W19)-SUM(Z16:Z19)-SUM(Y16:Y19) -> 1.6988989 | AB16: =(SUM(K16:K19)-SUM(W16:W19)-SUM(Y16:Y19)-SUM(Z16:Z19)-SUM(AC16:AC19)-SUM(V16:V19))-AA16 -> 0 | AC16: =K16-T16 -> 0 | AD16: =+AM16+BA16 -> 18 | AE16: - Sheet Breaks (9x) | AF16: 18 | AM16: =SUM(AF16:AL16)+AT16+AV16+AX16 -> 18 | AR16: =SUM(AN16:AQ16) -> 0 | BA16: =+AR16+AS16+AU16+AW16+AY16+AZ16 -> 0 | BB16: 9
AD17: =+AM17+BA17 -> 10 | AE17: - Change Blade (10x) | AG17: 10 | AM17: =SUM(AF17:AL17)+AT17+AV17+AX17 -> 10 | AR17: =SUM(AN17:AQ17) -> 0 | BA17: =+AR17+AS17+AU17+AW17+AY17+AZ17 -> 0 | BC17: 10
AD18: =+AM18+BA18 -> 39 | AE18: - Change Spool (26x) | AH18: 39 | AM18: =SUM(AF18:AL18)+AT18+AV18+AX18 -> 39 | AR18: =SUM(AN18:AQ18) -> 0 | BA18: =+AR18+AS18+AU18+AW18+AY18+AZ18 -> 0
A20: 45995 | B20: Facial | C20: =(M20*E20*O20*Q20)/100000000 -> 20.040653 | D20: VP OW | E20: 15 | F20: 1 | G20: =+L20 -> 1090 | H20: 0.24 | I20: 0.88 | J20: =E20*G20*(1-H20)*1440/1000000*2.74 -> 49.028026 | K20: =(IF(G20<L20,L20,G20)*(1-IF(H20<N20,H20,N20))*E20*O20*Q20)/100000000 -> 20.040653 | L20: 1090 | M20: 828.4 | N20: =1-(M20/L20) -> 0.24 | O20: =+'Trim Rwd'!H11 -> 256 | P20: =O20*(Q20-R20-S20) -> 151808 | Q20: 630 | R20: 0 | S20: 37 | T20: =E20*M20*O20*Q20/100000000 -> 20.040653 | U20: =E20*M20*O20*(Q20-R20-S20)/100000000 -> 18.863662 | V20: =E20*G20*(1-N20)*O20/100*(R20+S20)/1000000 -> 1.1769907 | W20: =+'4'!K8/1000 -> 22.475 | X20: =SUM(W20:W23)/SUM(K20:K23) -> 0.89503757 | Y20: 0 | Z20: =+'1'!D39/1000 -> 0 | AA20: =SUM(U20:U23)-SUM(W20:W23)-SUM(Z20:Z23)-SUM(Y20:Y23) -> 2.3066361 | AB20: =(SUM(K20:K23)-SUM(W20:W23)-SUM(Y20:Y23)-SUM(Z20:Z23)-SUM(AC20:AC23)-SUM(V20:V23))-AA20 -> -6.2172489e-15 | AC20: =K20-T20 -> 0 | AD20: =+AM20+BA20 -> 21 | AE20: - Sheet Breaks (6x) | AF20: 21 | AM20: =SUM(AF20:AL20)+AT20+AV20+AX20 -> 21 | AR20: =SUM(AN20:AQ20) -> 0 | BA20: =+AR20+AS20+AU20+AW20+AY20+AZ20 -> 0 | BB20: 6
B21: Facial | C21: =(M21*E21*O21*Q21)/100000000 -> 24.831206 | D21: VP OW | E21: 14 | F21: 1 | G21: =+L21 -> 1108.1481 | H21: 0.24 | I21: 0.88 | J21: =E21*G21*(1-H21)*1440/1000000*2.74 -> 46.521371 | K21: =(IF(G21<L21,L21,G21)*(1-IF(H21<N21,H21,N21))*E21*O21*Q21)/100000000 -> 24.831206 | L21: 1108.1481 | M21: 842.19259 | N21: =1-(M21/L21) -> 0.24 | O21: =+'Trim Rwd'!H12 -> 260 | P21: =O21*(Q21-R21-S21) -> 200200 | Q21: 810 | R21: 0 | S21: 40 | T21: =E21*M21*O21*Q21/100000000 -> 24.831206 | U21: =E21*M21*O21*(Q21-R21-S21)/100000000 -> 23.604974 | V21: =E21*G21*(1-N21)*O21/100*(R21+S21)/1000000 -> 1.2262324 | W21: =+'4'!K7/1000 -> 17.687 | AC21: =K21-T21 -> 0 | AD21: =+AM21+BA21 -> 9 | AE21: - Change Blade (9x) | AG21: 9 | AM21: =SUM(AF21:AL21)+AT21+AV21+AX21 -> 9 | AR21: =SUM(AN21:AQ21) -> 0 | BA21: =+AR21+AS21+AU21+AW21+AY21+AZ21 -> 0 | BC21: 9
AD22: =+AM22+BA22 -> 47 | AE22: - Change Spool (27x) | AH22: 47 | AM22: =SUM(AF22:AL22)+AT22+AV22+AX22 -> 47 | AR22: =SUM(AN22:AQ22) -> 0 | BA22: =+AR22+AS22+AU22+AW22+AY22+AZ22 -> 0
A24: 45996 | B24: Facial | C24: =(M24*E24*O24*Q24)/100000000 -> 43.678909 | D24: VP OW | E24: 14 | F24: 1 | G24: =+L24 -> 1100 | H24: 0.24 | I24: 0.88 | J24: =E24*G24*(1-H24)*1440/1000000*2.74 -> 46.179302 | K24: =(IF(G24<L24,L24,G24)*(1-IF(H24<N24,H24,N24))*E24*O24*Q24)/100000000 -> 43.678909 | L24: 1100 | M24: 836 | N24: =1-(M24/L24) -> 0.24 | O24: =+'Trim Rwd'!H14 -> 259.16418 | P24: =O24*(Q24-R24-S24) -> 354018.27 | Q24: 1440 | R24: 0 | S24: 74 | T24: =E24*M24*O24*Q24/100000000 -> 43.678909 | U24: =E24*M24*O24*(Q24-R24-S24)/100000000 -> 41.434298 | V24: =E24*G24*(1-N24)*O24/100*(R24+S24)/1000000 -> 2.2446106 | W24: =+'5'!K7/1000 -> 45.196 | X24: =SUM(W24:W27)/SUM(K24:K27) -> 1.0347328 | Y24: 0 | Z24: =+'5'!D25/1000 -> 0.225 | AA24: =SUM(U24:U27)-SUM(W24:W27)-SUM(Z24:Z27)-SUM(Y24:Y27) -> -3.9867018 | AB24: =(SUM(K24:K27)-SUM(W24:W27)-SUM(Y24:Y27)-SUM(Z24:Z27)-SUM(AC24:AC27)-SUM(V24:V27))-AA24 -> -3.9968029e-15 | AC24: =K24-T24 -> 0 | AD24: =+AM24+BA24 -> 27 | AE24: - Sheet Breaks (9x) | AF24: 27 | AM24: =SUM(AF24:AL24)+AT24+AV24+AX24 -> 27 | AR24: =SUM(AN24:AQ24) -> 0 | BA24: =+AR24+AS24+AU24+AW24+AY24+AZ24 -> 0 | BB24: 9
AD25: =+AM25+BA25 -> 0 | AE25: - Change Blade (0x) | AG25: 0 | AM25: =SUM(AF25:AL25)+AT25+AV25+AX25 -> 0 | AR25: =SUM(AN25:AQ25) -> 0 | BA25: =+AR25+AS25+AU25+AW25+AY25+AZ25 -> 0 | BC25: 0
AD26: =+AM26+BA26 -> 47 | AE26: - Change Spool (28x) | AH26: 47 | AM26: =SUM(AF26:AL26)+AT26+AV26+AX26 -> 47 | AR26: =SUM(AN26:AQ26) -> 0 | BA26: =+AR26+AS26+AU26+AW26+AY26+AZ26 -> 0
A28: 45997 | B28: Facial | C28: =(M28*E28*O28*Q28)/100000000 -> 43.46496 | D28: VP OW | E28: 14 | F28: 1 | G28: =+L28 -> 1100 | H28: 0.24 | I28: 0.88 | J28: =E28*G28*(1-H28)*1440/1000000*2.74 -> 46.179302 | K28: =(IF(G28<L28,L28,G28)*(1-IF(H28<N28,H28,N28))*E28*O28*Q28)/100000000 -> 43.46496 | L28: 1100 | M28: 836 | N28: =1-(M28/L28) -> 0.24 | O28: =+'Trim Rwd'!H17 -> 257.89474 | P28: =O28*(Q28-R28-S28) -> 350736.84 | Q28: 1440 | R28: 0 | S28: 80 | T28: =E28*M28*O28*Q28/100000000 -> 43.46496 | U28: =E28*M28*O28*(Q28-R28-S28)/100000000 -> 41.05024 | V28: =E28*G28*(1-N28)*O28/100*(R28+S28)/1000000 -> 2.41472 | W28: =+'6'!K7/1000 -> 40.382 | X28: =SUM(W28:W31)/SUM(K28:K31) -> 0.92907022 | Y28: 0 | Z28: =+'5'!D29/1000 -> 0 | AA28: =SUM(U28:U31)-SUM(W28:W31)-SUM(Z28:Z31)-SUM(Y28:Y31) -> 0.66824 | AB28: =(SUM(K28:K31)-SUM(W28:W31)-SUM(Y28:Y31)-SUM(Z28:Z31)-SUM(AC28:AC31)-SUM(V28:V31))-AA28 -> -4.4408921e-15 | AC28: =K28-T28 -> 0 | AD28: =+AM28+BA28 -> 30 | AE28: - Sheet Breaks (9x) | AF28: 30 | AM28: =SUM(AF28:AL28)+AT28+AV28+AX28 -> 30 | AR28: =SUM(AN28:AQ28) -> 0 | BA28: =+AR28+AS28+AU28+AW28+AY28+AZ28 -> 0 | BB28: 9
AD29: =+AM29+BA29 -> 0 | AE29: - Change Blade (0x) | AG29: 0 | AM29: =SUM(AF29:AL29)+AT29+AV29+AX29 -> 0 | AR29: =SUM(AN29:AQ29) -> 0 | BA29: =+AR29+AS29+AU29+AW29+AY29+AZ29 -> 0 | BC29: 0
AD30: =+AM30+BA30 -> 50 | AE30: - Change Spool (28x) | AH30: 50 | AM30: =SUM(AF30:AL30)+AT30+AV30+AX30 -> 50 | AR30: =SUM(AN30:AQ30) -> 0 | BA30: =+AR30+AS30+AU30+AW30+AY30+AZ30 -> 0
A32: 45998 | B32: Facial | C32: =(M32*E32*O32*Q32)/100000000 -> 42.665634 | D32: VP OW | E32: 14 | F32: 1 | G32: =+L32 -> 1071.0278 | H32: 0.24 | I32: 0.88 | J32: =E32*G32*(1-H32)*1440/1000000*2.74 -> 44.963014 | K32: =(IF(G32<L32,L32,G32)*(1-IF(H32<N32,H32,N32))*E32*O32*Q32)/100000000 -> 42.665634 | L32: 1071.0278 | M32: 813.98111 | N32: =1-(M32/L32) -> 0.24 | O32: =+'Trim Rwd'!H20 -> 260 | P32: =O32*(Q32-R32-S32) -> 354900 | Q32: 1440 | R32: 0 | S32: 75 | T32: =E32*M32*O32*Q32/100000000 -> 42.665634 | U32: =E32*M32*O32*(Q32-R32-S32)/100000000 -> 40.443465 | V32: =E32*G32*(1-N32)*O32/100*(R32+S32)/1000000 -> 2.2221684 | W32: =+'7'!K7/1000 -> 41.706 | X32: =SUM(W32:W35)/SUM(K32:K35) -> 0.97750804 | Y32: 0 | Z32: 0 | AA32: =SUM(U32:U35)-SUM(W32:W35)-SUM(Z32:Z35)-SUM(Y32:Y35) -> -1.2625345 | AB32: =(SUM(K32:K35)-SUM(W32:W35)-SUM(Y32:Y35)-SUM(Z32:Z35)-SUM(AC32:AC35)-SUM(V32:V35))-AA32 -> -3.1086245e-15 | AC32: =K32-T32 -> 0 | AD32: =+AM32+BA32 -> 21 | AE32: - Sheet Breaks (6x) | AF32: 21 | AM32: =SUM(AF32:AL32)+AT32+AV32+AX32 -> 21 | AR32: =SUM(AN32:AQ32) -> 0 | BA32: =+AR32+AS32+AU32+AW32+AY32+AZ32 -> 0 | BB32: 6
AD33: =+AM33+BA33 -> 9 | AE33: - Change Blade (8x) | AG33: 9 | AM33: =SUM(AF33:AL33)+AT33+AV33+AX33 -> 9 | AR33: =SUM(AN33:AQ33) -> 0 | BA33: =+AR33+AS33+AU33+AW33+AY33+AZ33 -> 0 | BC33: 8
AD34: =+AM34+BA34 -> 45 | AE34: - Change Spool (26x) | AH34: 45 | AM34: =SUM(AF34:AL34)+AT34+AV34+AX34 -> 45 | AR34: =SUM(AN34:AQ34) -> 0 | BA34: =+AR34+AS34+AU34+AW34+AY34+AZ34 -> 0
A36: 45999 | B36: Facial | C36: =(M36*E36*O36*Q36)/100000000 -> 5.0611128 | D36: VP OW | E36: 14 | F36: 1 | G36: =+L36 -> 1070 | H36: 0.24 | I36: 0.88 | J36: =E36*G36*(1-H36)*1440/1000000*2.74 -> 44.919867 | K36: =(IF(G36<L36,L36,G36)*(1-IF(H36<N36,H36,N36))*E36*O36*Q36)/100000000 -> 5.0611128 | L36: 1070 | M36: 813.2 | N36: =1-(M36/L36) -> 0.24 | O36: =+'Trim Rwd'!H22 -> 261.5 | P36: =O36*(Q36-R36-S36) -> 41055.5 | Q36: 170 | R36: 0 | S36: 13 | T36: =E36*M36*O36*Q36/100000000 -> 5.0611128 | U36: =E36*M36*O36*(Q36-R36-S36)/100000000 -> 4.6740866 | V36: =E36*G36*(1-N36)*O36/100*(R36+S36)/1000000 -> 0.38702628 | W36: =+'8'!K7/1000 -> 5.957 | X36: =SUM(W36:W39)/SUM(K36:K39) -> 0.85490802 | Y36: 0 | Z36: 0 | AA36: =SUM(U36:U39)-SUM(W36:W39)-SUM(Z36:Z39)-SUM(Y36:Y39) -> 3.1737547 | AB36: =(SUM(K36:K39)-SUM(W36:W39)-SUM(Y36:Y39)-SUM(Z36:Z39)-SUM(AC36:AC39)-SUM(V36:V39))-AA36 -> -0.041784861 | AC36: =K36-T36 -> 0 | AD36: =+AM36+BA36 -> 12 | AE36: - Sheet Breaks (6x) | AF36: 12 | AM36: =SUM(AF36:AL36)+AT36+AV36+AX36 -> 12 | AR36: =SUM(AN36:AQ36) -> 0 | BA36: =+AR36+AS36+AU36+AW36+AY36+AZ36 -> 0 | BB36: 6
B37: Toilet | C37: =(M37*E37*O37*Q37)/100000000 -> 27.721829 | D37: VP OW | E37: 12 | F37: 1 | G37: 1230 | H37: =+N37 -> 0.18747898 | I37: 0.88 | J37: =E37*G37*(1-H37)*1440/1000000*2.74 -> 47.318832 | K37: =(IF(G37<L37,L37,G37)*(1-IF(H37<N37,H37,N37))*E37*O37*Q37)/100000000 -> 29.033874 | L37: 1174.4161 | M37: 954.23779 | N37: =1-(M37/L37) -> 0.18747898 | O37: =+'Trim Rwd'!H24 -> 257 | P37: =O37*(Q37-R37-S37) -> 234384 | Q37: 942 | R37: 0 | S37: 30 | T37: =E37*M37*O37*Q37/100000000 -> 27.721829 | U37: =E37*M37*O37*(Q37-R37-S37)/100000000 -> 26.838968 | V37: =E37*G37*(1-N37)*O37/100*(R37+S37)/1000000 -> 0.92464567 | W37: =+'8'!K9/1000 -> 26.467 | AC37: =K37-T37 -> 1.3120446 | AD37: =+AM37+BA37 -> 8 | AE37: - Change Blade (4x) | AG37: 8 | AM37: =SUM(AF37:AL37)+AT37+AV37+AX37 -> 8 | AR37: =SUM(AN37:AQ37) -> 0 | BA37: =+AR37+AS37+AU37+AW37+AY37+AZ37 -> 0 | BC37: 4
B38: Toilet | C38: =(M38*E38*O38*Q38)/100000000 -> 9.6149789 | D38: VP OW | E38: 13 | F38: 1 | G38: =+L38 -> 1150 | H38: =+N38 -> 0.24 | I38: 0.88 | J38: =E38*G38*(1-H38)*1440/1000000*2.74 -> 44.829907 | K38: =(IF(G38<L38,L38,G38)*(1-IF(H38<N38,H38,N38))*E38*O38*Q38)/100000000 -> 9.6149789 | L38: 1150 | M38: 874 | N38: =1-(M38/L38) -> 0.24 | O38: =+'Trim Rwd'!H25 -> 258 | P38: =O38*(Q38-R38-S38) -> 79464 | Q38: 328 | R38: 0 | S38: =63-S35-S36-S37 -> 20 | T38: =E38*M38*O38*Q38/100000000 -> 9.6149789 | U38: =E38*M38*O38*(Q38-R38-S38)/100000000 -> 9.0286997 | V38: =E38*G38*(1-N38)*O38/100*(R38+S38)/1000000 -> 0.5862792 | W38: =+'8'!K10/1000 -> 4.944 | AC38: =K38-T38 -> 0 | AD38: =+AM38+BA38 -> 43 | AE38: - Change Spool (26x) | AH38: 43 | AM38: =SUM(AF38:AL38)+AT38+AV38+AX38 -> 43 | AR38: =SUM(AN38:AQ38) -> 0 | BA38: =+AR38+AS38+AU38+AW38+AY38+AZ38 -> 0
A40: 46000 | B40: Toilet | C40: =(M40*E40*O40*Q40)/100000000 -> 40.864948 | D40: VP OW | E40: 13 | F40: 1 | G40: =+L40 -> 1112.4653 | H40: =+N40 -> 0.23943044 | I40: 0.88 | J40: =E40*G40*(1-H40)*1440/1000000*2.74 -> 43.399209 | K40: =(IF(G40<L40,L40,G40)*(1-IF(H40<N40,H40,N40))*E40*O40*Q40)/100000000 -> 40.864948 | L40: 1112.4653 | M40: 846.10722 | N40: =1-(M40/L40) -> 0.23943044 | O40: =+'Trim Rwd'!H27 -> 258 | P40: =O40*(Q40-R40-S40) -> 354492 | Q40: 1440 | R40: 0 | S40: 66 | T40: =E40*M40*O40*Q40/100000000 -> 40.864948 | U40: =E40*M40*O40*(Q40-R40-S40)/100000000 -> 38.991971 | V40: =E40*G40*(1-N40)*O40/100*(R40+S40)/1000000 -> 1.8729768 | W40: =+'9'!K10/1000 -> 37.178 | X40: =SUM(W40:W43)/SUM(K40:K43) -> 0.90977725 | Y40: 0 | Z40: 0 | AA40: =SUM(U40:U43)-SUM(W40:W43)-SUM(Z40:Z43)-SUM(Y40:Y43) -> 1.8139714 | AB40: =(SUM(K40:K43)-SUM(W40:W43)-SUM(Y40:Y43)-SUM(Z40:Z43)-SUM(AC40:AC43)-SUM(V40:V43))-AA40 -> 0 | AC40: =K40-T40 -> 0 | AD40: =+AM40+BA40 -> 9 | AE40: - Sheet Breaks (3x) | AF40: 9 | AM40: =SUM(AF40:AL40)+AT40+AV40+AX40 -> 9 | AR40: =SUM(AN40:AQ40) -> 0 | BA40: =+AR40+AS40+AU40+AW40+AY40+AZ40 -> 0 | BB40: 3
AD41: =+AM41+BA41 -> 19 | AE41: - Change Blade (8x) | AG41: 19 | AM41: =SUM(AF41:AL41)+AT41+AV41+AX41 -> 19 | AR41: =SUM(AN41:AQ41) -> 0 | BA41: =+AR41+AS41+AU41+AW41+AY41+AZ41 -> 0 | BC41: 8
AD42: =+AM42+BA42 -> 38 | AE42: - Change Spool (22x) | AH42: 38 | AM42: =SUM(AF42:AL42)+AT42+AV42+AX42 -> 38 | AR42: =SUM(AN42:AQ42) -> 0 | BA42: =+AR42+AS42+AU42+AW42+AY42+AZ42 -> 0
A44: 46001 | B44: Toilet | C44: =(M44*E44*O44*Q44)/100000000 -> 40.85333 | D44: VP OW | E44: 13 | F44: 1 | G44: =+L44 -> 1103.3333 | H44: =+N44 -> 0.23335347 | I44: 0.88 | J44: =E44*G44*(1-H44)*1440/1000000*2.74 -> 43.38687 | K44: =(IF(G44<L44,L44,G44)*(1-IF(H44<N44,H44,N44))*E44*O44*Q44)/100000000 -> 40.85333 | L44: 1103.3333 | M44: 845.86667 | N44: =1-(M44/L44) -> 0.23335347 | O44: =+'Trim Rwd'!H29 -> 258 | P44: =O44*(Q44-R44-S44) -> 356298 | Q44: 1440 | R44: 0 | S44: 59 | T44: =E44*M44*O44*Q44/100000000 -> 40.85333 | U44: =E44*M44*O44*(Q44-R44-S44)/100000000 -> 39.179478 | V44: =E44*G44*(1-N44)*O44/100*(R44+S44)/1000000 -> 1.6738517 | W44: =+'10'!K10/1000 -> 37.624 | X44: =SUM(W44:W47)/SUM(K44:K47) -> 0.92095308 | Y44: 0 | Z44: =+'5'!D45/1000 -> 0 | AA44: =SUM(U44:U47)-SUM(W44:W47)-SUM(Z44:Z47)-SUM(Y44:Y47) -> 1.5554782 | AB44: =(SUM(K44:K47)-SUM(W44:W47)-SUM(Y44:Y47)-SUM(Z44:Z47)-SUM(AC44:AC47)-SUM(V44:V47))-AA44 -> -5.7731597e-15 | AC44: =K44-T44 -> 0 | AD44: =+AM44+BA44 -> 6 | AE44: - Sheet Breaks (3x) | AF44: 6 | AM44: =SUM(AF44:AL44)+AT44+AV44+AX44 -> 6 | AR44: =SUM(AN44:AQ44) -> 0 | BA44: =+AR44+AS44+AU44+AW44+AY44+AZ44 -> 0 | BB44: 3
AD45: =+AM45+BA45 -> 16 | AE45: - Change Blade (8x) | AG45: 16 | AM45: =SUM(AF45:AL45)+AT45+AV45+AX45 -> 16 | AR45: =SUM(AN45:AQ45) -> 0 | BA45: =+AR45+AS45+AU45+AW45+AY45+AZ45 -> 0 | BC45: 8
AD46: =+AM46+BA46 -> 37 | AE46: - Change Spool (22x) | AH46: 37 | AM46: =SUM(AF46:AL46)+AT46+AV46+AX46 -> 37 | AR46: =SUM(AN46:AQ46) -> 0 | BA46: =+AR46+AS46+AU46+AW46+AY46+AZ46 -> 0
A48: 46002 | B48: Toilet | C48: =(M48*E48*O48*Q48)/100000000 -> 38.969214 | D48: VP OW | E48: 13 | F48: 1 | G48: =+L48 -> 1103.8123 | H48: =+N48 -> 0.24 | I48: 0.88 | J48: =E48*G48*(1-H48)*1440/1000000*2.74 -> 43.029393 | K48: =(IF(G48<L48,L48,G48)*(1-IF(H48<N48,H48,N48))*E48*O48*Q48)/100000000 -> 38.969214 | L48: 1103.8123 | M48: 838.89733 | N48: =1-(M48/L48) -> 0.24 | O48: =+'Trim Rwd'!H31 -> 258 | P48: =O48*(Q48-R48-S48) -> 342882 | Q48: 1385 | R48: 0 | S48: 56 | T48: =E48*M48*O48*Q48/100000000 -> 38.969214 | U48: =E48*M48*O48*(Q48-R48-S48)/100000000 -> 37.393563 | V48: =E48*G48*(1-N48)*O48/100*(R48+S48)/1000000 -> 1.5756505 | W48: =+'11'!K10/1000 -> 36.599 | X48: =SUM(W48:W51)/SUM(K48:K51) -> 0.89961009 | Y48: 0 | Z48: =+'5'!D49/1000 -> 0 | AA48: =SUM(U48:U51)-SUM(W48:W51)-SUM(Z48:Z51)-SUM(Y48:Y51) -> 2.1969 | AB48: =(SUM(K48:K51)-SUM(W48:W51)-SUM(Y48:Y51)-SUM(Z48:Z51)-SUM(AC48:AC51)-SUM(V48:V51))-AA48 -> 0 | AC48: =K48-T48 -> 0 | AD48: =+AM48+BA48 -> 18 | AE48: - Sheet Breaks (6x) | AF48: 18 | AM48: =SUM(AF48:AL48)+AT48+AV48+AX48 -> 18 | AR48: =SUM(AN48:AQ48) -> 0 | BA48: =+AR48+AS48+AU48+AW48+AY48+AZ48 -> 0 | BB48: 6
B49: Toilet | C49: =(M49*E49*O49*Q49)/100000000 -> 1.7139672 | D49: VP OW | E49: 15 | F49: 1 | G49: =+L49 -> 1020 | H49: =+N49 -> 0.24 | I49: 0.88 | J49: =E49*G49*(1-H49)*1440/1000000*2.74 -> 45.879437 | K49: =(IF(G49<L49,L49,G49)*(1-IF(H49<N49,H49,N49))*E49*O49*Q49)/100000000 -> 1.7139672 | L49: 1020 | M49: 775.2 | N49: =1-(M49/L49) -> 0.24 | O49: =+'Trim Rwd'!H32 -> 268 | P49: =O49*(Q49-R49-S49) -> 12060 | Q49: 55 | R49: 0 | S49: 10 | T49: =E49*M49*O49*Q49/100000000 -> 1.7139672 | U49: =E49*M49*O49*(Q49-R49-S49)/100000000 -> 1.4023368 | V49: =E49*G49*(1-N49)*O49/100*(R49+S49)/1000000 -> 0.3116304 | W49: =+'10'!K15/1000 -> 0 | AD49: =+AM49+BA49 -> 8 | AE49: - Change Blade (4x) | AG49: 8 | AM49: =SUM(AF49:AL49)+AT49+AV49+AX49 -> 8 | AR49: =SUM(AN49:AQ49) -> 0 | BA49: =+AR49+AS49+AU49+AW49+AY49+AZ49 -> 0 | BC49: 4
AD50: =+AM50+BA50 -> 40 | AE50: - Change Spool (24x) | AH50: 40 | AM50: =SUM(AF50:AL50)+AT50+AV50+AX50 -> 40 | AR50: =SUM(AN50:AQ50) -> 0 | BA50: =+AR50+AS50+AU50+AW50+AY50+AZ50 -> 0
A52: 46003 | B52: Toilet | C52: =(M52*E52*O52*Q52)/100000000 -> 25.28781 | D52: VP OW | E52: 15 | F52: 1 | G52: =+L52 -> 1000 | H52: =+N52 -> 0.24210843 | I52: 0.88 | J52: =E52*G52*(1-H52)*1440/1000000*2.74 -> 44.855054 | K52: =(IF(G52<L52,L52,G52)*(1-IF(H52<N52,H52,N52))*E52*O52*Q52)/100000000 -> 25.28781 | L52: 1000 | M52: 757.89157 | N52: =1-(M52/L52) -> 0.24210843 | O52: =+'Trim Rwd'!H34 -> 268 | P52: =O52*(Q52-R52-S52) -> 210380 | Q52: 830 | R52: 0 | S52: 45 | T52: =E52*M52*O52*Q52/100000000 -> 25.28781 | U52: =E52*M52*O52*(Q52-R52-S52)/100000000 -> 23.916784 | V52: =E52*G52*(1-N52)*O52/100*(R52+S52)/1000000 -> 1.3710258 | W52: =+'12'!K11/1000 -> 25.864 | X52: =SUM(W52:W55)/SUM(K52:K55) -> 0.96351061 | Y52: 0 | Z52: 0 | AA52: =SUM(U52:U55)-SUM(W52:W55)-SUM(Z52:Z55)-SUM(Y52:Y55) -> -1.215525 | AB52: =(SUM(K52:K55)-SUM(W52:W55)-SUM(Y52:Y55)-SUM(Z52:Z55)-SUM(AC52:AC55)-SUM(V52:V55))-AA52 -> -0.024081285 | AC52: =K52-T52 -> 0 | AD52: =+AM52+BA52 -> 30 | AE52: - Sheet Breaks (9x) | AF52: 30 | AM52: =SUM(AF52:AL52)+AT52+AV52+AX52 -> 30 | AR52: =SUM(AN52:AQ52) -> 0 | BA52: =+AR52+AS52+AU52+AW52+AY52+AZ52 -> 0 | BB52: 9
B53: Toilet | C53: =(M53*E53*O53*Q53)/100000000 -> 17.371411 | D53: VP OW | E53: 12 | F53: 1 | G53: 1230 | H53: =+N53 -> 0.24 | I53: 0.88 | J53: =E53*G53*(1-H53)*1440/1000000*2.74 -> 44.260163 | K53: =(IF(G53<L53,L53,G53)*(1-IF(H53<N53,H53,N53))*E53*O53*Q53)/100000000 -> 17.791114 | L53: 1200.9836 | M53: 912.74754 | N53: =1-(M53/L53) -> 0.24 | O53: =+'Trim Rwd'!H36 -> 260 | P53: =O53*(Q53-R53-S53) -> 149500 | Q53: 610 | R53: 0 | S53: =80-S52 -> 35 | T53: =E53*M53*O53*Q53/100000000 -> 17.371411 | U53: =E53*M53*O53*(Q53-R53-S53)/100000000 -> 16.374691 | V53: =E53*G53*(1-N53)*O53/100*(R53+S53)/1000000 -> 1.0208016 | W53: =+'12'!K9/1000 -> 12.889 | AC53: =K53-T53 -> 0.4197024 | AD53: =+AM53+BA53 -> 0 | AE53: - Change Blade (0x) | AG53: 0 | AM53: =SUM(AF53:AL53)+AT53+AV53+AX53 -> 0 | AR53: =SUM(AN53:AQ53) -> 0 | BA53: =+AR53+AS53+AU53+AW53+AY53+AZ53 -> 0 | BC53: 0
B54: Toilet | E54: 13 | W54: =+'12'!K10/1000 -> 2.754 | AD54: =+AM54+BA54 -> 50 | AE54: - Change Spool (26x) | AH54: 50 | AM54: =SUM(AF54:AL54)+AT54+AV54+AX54 -> 50 | AR54: =SUM(AN54:AQ54) -> 0 | BA54: =+AR54+AS54+AU54+AW54+AY54+AZ54 -> 0
A56: 46004 | B56: Toilet | C56: =(M56*E56*O56*Q56)/100000000 -> 4.4471856 | D56: VP OW | E56: 12 | F56: 1 | G56: 1230 | H56: =+N56 -> 0.24 | I56: 0.88 | J56: =E56*G56*(1-H56)*1440/1000000*2.74 -> 44.260163 | K56: =(IF(G56<L56,L56,G56)*(1-IF(H56<N56,H56,N56))*E56*O56*Q56)/100000000 -> 4.5206928 | L56: 1210 | M56: 919.6 | N56: =1-(M56/L56) -> 0.24 | O56: =+'Trim Rwd'!H38 -> 260 | P56: =O56*(Q56-R56-S56) -> 36400 | Q56: 155 | R56: 0 | S56: 15 | T56: =E56*M56*O56*Q56/100000000 -> 4.4471856 | U56: =E56*M56*O56*(Q56-R56-S56)/100000000 -> 4.0168128 | V56: =E56*G56*(1-N56)*O56/100*(R56+S56)/1000000 -> 0.4374864 | W56: =+'13'!K9/1000 -> 11.222 | X56: =SUM(W56:W59)/SUM(K56:K59) -> 0.81833417 | Y56: 0 | Z56: =+'5'!D57/1000 -> 0 | AA56: =SUM(U56:U59)-SUM(W56:W59)-SUM(Z56:Z59)-SUM(Y56:Y59) -> 3.4875681 | AB56: =(SUM(K56:K59)-SUM(W56:W59)-SUM(Y56:Y59)-SUM(Z56:Z59)-SUM(AC56:AC59)-SUM(V56:V59))-AA56 -> -0.064665404 | AC56: =K56-T56 -> 0.0735072 | AD56: =+AM56+BA56 -> 71 | AE56: - Sheet Breaks (16x) | AF56: 71 | AM56: =SUM(AF56:AL56)+AT56+AV56+AX56 -> 71 | AR56: =SUM(AN56:AQ56) -> 0 | BA56: =+AR56+AS56+AU56+AW56+AY56+AZ56 -> 0 | BB56: 16
B57: Facial | C57: =(M57*E57*O57*Q57)/100000000 -> 36.356017 | D57: VP OW | E57: 12 | F57: 1 | G57: 1230 | H57: =+N57 -> 0.24378041 | I57: 0.88 | J57: =E57*G57*(1-H57)*1440/1000000*2.74 -> 44.040003 | K57: =(IF(G57<L57,L57,G57)*(1-IF(H57<N57,H57,N57))*E57*O57*Q57)/100000000 -> 37.095558 | L57: 1205.4786 | M57: 911.60654 | N57: =1-(M57/L57) -> 0.24378041 | O57: =+'Trim Rwd'!H39 -> 258.63333 | P57: =O57*(Q57-R57-S57) -> 306480.5 | Q57: 1285 | R57: 0 | S57: 100 | T57: =E57*M57*O57*Q57/100000000 -> 36.356017 | U57: =E57*M57*O57*(Q57-R57-S57)/100000000 -> 33.526755 | V57: =E57*G57*(1-N57)*O57/100*(R57+S57)/1000000 -> 2.8868139 | W57: =+'13'!K12/1000 -> 22.834 | AC57: =K57-T57 -> 0.73954069 | AD57: =+AM57+BA57 -> 0 | AE57: - Change Blade (0x) | AG57: 0 | AM57: =SUM(AF57:AL57)+AT57+AV57+AX57 -> 0 | AR57: =SUM(AN57:AQ57) -> 0 | BA57: =+AR57+AS57+AU57+AW57+AY57+AZ57 -> 0 | BC57: 0
AD58: =+AM58+BA58 -> 44 | AE58: - Change Spool (27x) | AH58: 44 | AM58: =SUM(AF58:AL58)+AT58+AV58+AX58 -> 44 | AR58: =SUM(AN58:AQ58) -> 0 | BA58: =+AR58+AS58+AU58+AW58+AY58+AZ58 -> 0
A60: 46005 | B60: Facial | C60: =(M60*E60*O60*Q60)/100000000 -> 39.27788 | D60: VP OW | E60: 12 | F60: 1 | G60: 1230 | H60: 0.24 | I60: 0.88 | J60: =E60*G60*(1-H60)*1440/1000000*2.74 -> 44.260163 | K60: =(IF(G60<L60,L60,G60)*(1-IF(H60<N60,H60,N60))*E60*O60*Q60)/100000000 -> 41.594861 | L60: 1195.75 | M60: 882.72833 | N60: =1-(M60/L60) -> 0.26177852 | O60: =+'Trim Rwd'!H42 -> 257.5 | P60: =O60*(Q60-R60-S60) -> 355092.5 | Q60: 1440 | R60: 0 | S60: 61 | T60: =E60*M60*O60*Q60/100000000 -> 39.27788 | U60: =E60*M60*O60*(Q60-R60-S60)/100000000 -> 37.614025 | V60: =E60*G60*(1-N60)*O60/100*(R60+S60)/1000000 -> 1.7115126 | W60: =+'14'!K12/1000 -> 33.35 | X60: =SUM(W60:W63)/SUM(K60:K63) -> 0.80178174 | Y60: 0 | Z60: =+'5'!D61/1000 -> 0 | AA60: =SUM(U60:U63)-SUM(W60:W63)-SUM(Z60:Z63)-SUM(Y60:Y63) -> 4.2640253 | AB60: =(SUM(K60:K63)-SUM(W60:W63)-SUM(Y60:Y63)-SUM(Z60:Z63)-SUM(AC60:AC63)-SUM(V60:V63))-AA60 -> -0.047657973 | AC60: =K60-T60 -> 2.3169809 | AD60: =+AM60+BA60 -> 15 | AE60: - Sheet Breaks (6x) | AF60: 15 | AM60: =SUM(AF60:AL60)+AT60+AV60+AX60 -> 15 | AR60: =SUM(AN60:AQ60) -> 0 | BA60: =+AR60+AS60+AU60+AW60+AY60+AZ60 -> 0 | BB60: 6
AD61: =+AM61+BA61 -> 3 | AE61: - Change Blade (1x) | AG61: 3 | AM61: =SUM(AF61:AL61)+AT61+AV61+AX61 -> 3 | AR61: =SUM(AN61:AQ61) -> 0 | BA61: =+AR61+AS61+AU61+AW61+AY61+AZ61 -> 0 | BC61: 1
AD62: =+AM62+BA62 -> 43 | AE62: - Change Spool (24x) | AH62: 43 | AM62: =SUM(AF62:AL62)+AT62+AV62+AX62 -> 43 | AR62: =SUM(AN62:AQ62) -> 0 | BA62: =+AR62+AS62+AU62+AW62+AY62+AZ62 -> 0
A64: 46006 | B64: Facial | C64: =(M64*E64*O64*Q64)/100000000 -> 14.977825 | D64: VP OW | E64: 12 | F64: 1 | G64: 1230 | H64: 0.24 | I64: 0.88 | J64: =E64*G64*(1-H64)*1440/1000000*2.74 -> 44.260163 | K64: =(IF(G64<L64,L64,G64)*(1-IF(H64<N64,H64,N64))*E64*O64*Q64)/100000000 -> 16.25921 | L64: 1161.4286 | M64: 861.12857 | N64: =1-(M64/L64) -> 0.25856089 | O64: =+'Trim Rwd'!H44 -> 258.82812 | P64: =O64*(Q64-R64-S64) -> 137696.56 | Q64: 560 | R64: 0 | S64: 28 | T64: =E64*M64*O64*Q64/100000000 -> 14.977825 | U64: =E64*M64*O64*(Q64-R64-S64)/100000000 -> 14.228933 | V64: =E64*G64*(1-N64)*O64/100*(R64+S64)/1000000 -> 0.79310621 | W64: =+'15'!K12/1000 -> 18.882 | X64: =SUM(W64:W67)/SUM(K64:K67) -> 0.83392235 | Y64: 0 | Z64: =+'15'!D7/1000 -> 0.537 | AA64: =SUM(U64:U67)-SUM(W64:W67)-SUM(Z64:Z67)-SUM(Y64:Y67) -> 1.531481 | AB64: =(SUM(K64:K67)-SUM(W64:W67)-SUM(Y64:Y67)-SUM(Z64:Z67)-SUM(AC64:AC67)-SUM(V64:V67))-AA64 -> -0.10726896 | AC64: =K64-T64 -> 1.2813856 | AD64: =+AM64+BA64 -> 9 | AE64: - Sheet Breaks (3x) | AF64: 9 | AM64: =SUM(AF64:AL64)+AT64+AV64+AX64 -> 9 | AR64: =SUM(AN64:AQ64) -> 0 | BA64: =+AR64+AS64+AU64+AW64+AY64+AZ64 -> 0 | BB64: 3
B65: Facial | C65: =(M65*E65*O65*Q65)/100000000 -> 26.203621 | D65: VP OW | E65: 13 | F65: 1 | G65: 1230 | H65: 0.22 | I65: 0.88 | J65: =E65*G65*(1-H65)*1440/1000000*2.74 -> 49.210312 | K65: =(IF(G65<L65,L65,G65)*(1-IF(H65<N65,H65,N65))*E65*O65*Q65)/100000000 -> 28.316883 | L65: 1168.1591 | M65: 887.80091 | N65: =1-(M65/L65) -> 0.24 | O65: =+'Trim Rwd'!H46 -> 258 | P65: =O65*(Q65-R65-S65) -> 216720 | Q65: 880 | R65: 0 | S65: 40 | T65: =E65*M65*O65*Q65/100000000 -> 26.203621 | U65: =E65*M65*O65*(Q65-R65-S65)/100000000 -> 25.012548 | V65: =E65*G65*(1-N65)*O65/100*(R65+S65)/1000000 -> 1.2541277 | W65: =+'15'!K13/1000 -> 18.291 | AC65: =K65-T65 -> 2.1132615 | AD65: =+AM65+BA65 -> 15 | AE65: - Change Blade (12x) | AG65: 15 | AM65: =SUM(AF65:AL65)+AT65+AV65+AX65 -> 15 | AR65: =SUM(AN65:AQ65) -> 0 | BA65: =+AR65+AS65+AU65+AW65+AY65+AZ65 -> 0 | BC65: 12
AD66: =+AM66+BA66 -> 44 | AE66: - Change Spool (26x) | AH66: 44 | AM66: =SUM(AF66:AL66)+AT66+AV66+AX66 -> 44 | AR66: =SUM(AN66:AQ66) -> 0 | BA66: =+AR66+AS66+AU66+AW66+AY66+AZ66 -> 0
A68: 46007 | B68: Facial | C68: =(M68*E68*O68*Q68)/100000000 -> 12.454579 | D68: VP OW | E68: 13 | F68: 1 | G68: 1230 | H68: 0.22 | I68: 0.88 | J68: =E68*G68*(1-H68)*1440/1000000*2.74 -> 49.210312 | K68: =(IF(G68<L68,L68,G68)*(1-IF(H68<N68,H68,N68))*E68*O68*Q68)/100000000 -> 14.037738 | L68: 1120 | M68: 851.2 | N68: =1-(M68/L68) -> 0.24 | O68: =+'Trim Rwd'!H48 -> 258.74074 | P68: =O68*(Q68-R68-S68) -> 108412.37 | Q68: 435 | R68: 0 | S68: 16 | T68: =E68*M68*O68*Q68/100000000 -> 12.454579 | U68: =E68*M68*O68*(Q68-R68-S68)/100000000 -> 11.996479 | V68: =E68*G68*(1-N68)*O68/100*(R68+S68)/1000000 -> 0.50309136 | W68: =+'16'!K13/1000 -> 14.085 | X68: =SUM(W68:W71)/SUM(K68:K71) -> 0.71544699 | Y68: 0 | Z68: =+'16'!D7/1000 -> 0.531 | AA68: =SUM(U68:U71)-SUM(W68:W71)-SUM(Z68:Z71)-SUM(Y68:Y71) -> 4.1300089 | AB68: =(SUM(K68:K71)-SUM(W68:W71)-SUM(Y68:Y71)-SUM(Z68:Z71)-SUM(AC68:AC71)-SUM(V68:V71))-AA68 -> -0.20938089 | AC68: =K68-T68 -> 1.5831596 | AD68: =+AM68+BA68 -> 9 | AE68: - Sheet Breaks (3x) | AF68: 9 | AM68: =SUM(AF68:AL68)+AT68+AV68+AX68 -> 9 | AR68: =SUM(AN68:AQ68) -> 0 | BA68: =+AR68+AS68+AU68+AW68+AY68+AZ68 -> 0 | BB68: 3
B69: Facial | C69: =(M69*E69*O69*Q69)/100000000 -> 27.678617 | D69: VP OW | E69: 12 | F69: 1 | G69: 1230 | H69: =+N69 -> 0.24410459 | I69: 0.88 | J69: =E69*G69*(1-H69)*1440/1000000*2.74 -> 44.021123 | K69: =(IF(G69<L69,L69,G69)*(1-IF(H69<N69,H69,N69))*E69*O69*Q69)/100000000 -> 28.704771 | L69: 1186.0292 | M69: 896.51406 | N69: =1-(M69/L69) -> 0.24410459 | O69: =+'Trim Rwd'!H50 -> 256 | P69: =O69*(Q69-R69-S69) -> 216064 | Q69: =889+116 -> 1005 | R69: 116 | S69: =61-S68 -> 45 | T69: =E69*M69*O69*Q69/100000000 -> 27.678617 | U69: =E69*M69*O69*(Q69-R69-S69)/100000000 -> 23.24453 | V69: =E69*G69*(1-N69)*O69/100*(R69+S69)/1000000 -> 4.5984758 | W69: =+'16'!K12/1000 -> 16.495 | AC69: =K69-T69 -> 1.0261548 | AD69: =+AM69+BA69 -> 11 | AE69: - Change Blade (5x) | AG69: 11 | AM69: =SUM(AF69:AL69)+AT69+AV69+AX69 -> 11 | AR69: =SUM(AN69:AQ69) -> 0 | BA69: =+AR69+AS69+AU69+AW69+AY69+AZ69 -> 0 | BC69: 5
AD70: =+AM70+BA70 -> 41 | AE70: - Change Spool (24x) | AH70: 41 | AM70: =SUM(AF70:AL70)+AT70+AV70+AX70 -> 41 | AR70: =SUM(AN70:AQ70) -> 0 | BA70: =+AR70+AS70+AU70+AW70+AY70+AZ70 -> 0
AD71: =+AM71+BA71 -> 116 | AE71: - 17:43 pm trip , komunikasi profibus error , cek EID ( hood, sealing water off, press kompresor hunting) | AM71: =SUM(AF71:AL71)+AT71+AV71+AX71 -> 0 | AP71: 116 | AR71: =SUM(AN71:AQ71) -> 116 | BA71: =+AR71+AS71+AU71+AW71+AY71+AZ71 -> 116
A73: 46008 | B73: Facial | C73: =(M73*E73*O73*Q73)/100000000 -> 27.330711 | D73: VP OW | E73: 12 | F73: 1 | G73: 1230 | H73: =+N73 -> 0.24410459 | I73: 0.88 | J73: =E73*G73*(1-H73)*1440/1000000*2.74 -> 44.021123 | K73: =(IF(G73<L73,L73,G73)*(1-IF(H73<N73,H73,N73))*E73*O73*Q73)/100000000 -> 28.343967 | L73: 1186.0292 | M73: 896.51406 | N73: =1-(M73/L73) -> 0.24410459 | O73: =+'Trim Rwd'!H53 -> 256.61224 | P73: =O73*(Q73-R73-S73) -> 232490.69 | Q73: =950+40 -> 990 | R73: 40 | S73: =69-S74 -> 44 | T73: =E73*M73*O73*Q73/100000000 -> 27.330711 | U73: =E73*M73*O73*(Q73-R73-S73)/100000000 -> 25.011741 | V73: =E73*G73*(1-N73)*O73/100*(R73+S73)/1000000 -> 2.4049427 | W73: =+'17'!K12/1000 -> 28.192 | X73: =SUM(W73:W76)/SUM(K73:K76) -> 0.83288294 | Y73: 0 | Z73: =+'5'!D74/1000 -> 0 | AA73: =SUM(U73:U76)-SUM(W73:W76)-SUM(Z73:Z76)-SUM(Y73:Y76) -> 2.4077306 | AB73: =(SUM(K73:K76)-SUM(W73:W76)-SUM(Y73:Y76)-SUM(Z73:Z76)-SUM(AC73:AC76)-SUM(V73:V76))-AA73 -> -0.11158262 | AC73: =K73-T73 -> 1.0132566 | AD73: =+AM73+BA73 -> 12 | AE73: - Sheet Breaks (6x) | AF73: 12 | AM73: =SUM(AF73:AL73)+AT73+AV73+AX73 -> 12 | AR73: =SUM(AN73:AQ73) -> 0 | BA73: =+AR73+AS73+AU73+AW73+AY73+AZ73 -> 0 | BB73: 6
B74: Facial | C74: =(M74*E74*O74*Q74)/100000000 -> 12.433754 | D74: VP OW | E74: 11.5 | F74: 1 | G74: 1230 | H74: =+N74 -> 0.24410459 | I74: 0.88 | J74: =E74*G74*(1-H74)*1440/1000000*2.74 -> 42.18691 | K74: =(IF(G74<L74,L74,G74)*(1-IF(H74<N74,H74,N74))*E74*O74*Q74)/100000000 -> 12.894721 | L74: 1186.0292 | M74: 896.51406 | N74: =1-(M74/L74) -> 0.24410459 | O74: =+'Trim Rwd'!H55 -> 268 | P74: =O74*(Q74-R74-S74) -> 113900 | Q74: 450 | R74: 0 | S74: 25 | T74: =E74*M74*O74*Q74/100000000 -> 12.433754 | U74: =E74*M74*O74*(Q74-R74-S74)/100000000 -> 11.742989 | V74: =E74*G74*(1-N74)*O74/100*(R74+S74)/1000000 -> 0.71637342 | W74: =+'17'!K14/1000 -> 6.155 | AC74: =K74-T74 -> 0.46096799 | AD74: =+AM74+BA74 -> 13 | AE74: - Change Blade (1x) | AG74: 13 | AM74: =SUM(AF74:AL74)+AT74+AV74+AX74 -> 13 | AR74: =SUM(AN74:AQ74) -> 0 | BA74: =+AR74+AS74+AU74+AW74+AY74+AZ74 -> 0 | BC74: 1
AD75: =+AM75+BA75 -> 44 | AE75: - Change Spool (24x) | AH75: 44 | AM75: =SUM(AF75:AL75)+AT75+AV75+AX75 -> 44 | AR75: =SUM(AN75:AQ75) -> 0 | BA75: =+AR75+AS75+AU75+AW75+AY75+AZ75 -> 0
AD76: =+AM76+BA76 -> 40 | AE76: - 14.25 pm 14 stop (trip) motor vacum di DCS on dilapangan trip | AM76: =SUM(AF76:AL76)+AT76+AV76+AX76 -> 0 | AP76: 40 | AR76: =SUM(AN76:AQ76) -> 40 | BA76: =+AR76+AS76+AU76+AW76+AY76+AZ76 -> 40
A78: 46009 | B78: Facial | C78: =(M78*E78*O78*Q78)/100000000 -> 40.926889 | D78: VP OW | E78: 11.5 | F78: 1 | G78: 1230 | H78: =+N78 -> 0.24 | I78: 0.88 | J78: =E78*G78*(1-H78)*1440/1000000*2.74 -> 42.415989 | K78: =(IF(G78<L78,L78,G78)*(1-IF(H78<N78,H78,N78))*E78*O78*Q78)/100000000 -> 41.487172 | L78: 1213.3889 | M78: 922.17556 | N78: =1-(M78/L78) -> 0.24 | O78: =+'Trim Rwd'!H57 -> 268 | P78: =O78*(Q78-R78-S78) -> 364748 | Q78: 1440 | R78: 0 | S78: 79 | T78: =E78*M78*O78*Q78/100000000 -> 40.926889 | U78: =E78*M78*O78*(Q78-R78-S78)/100000000 -> 38.681594 | V78: =E78*G78*(1-N78)*O78/100*(R78+S78)/1000000 -> 2.2760323 | W78: =+'18'!K14/1000 -> 35.722 | X78: =SUM(W78:W81)/SUM(K78:K81) -> 0.86103724 | Y78: 0 | Z78: =+'18'!D34/1000 -> 0.273 | AA78: =SUM(U78:U81)-SUM(W78:W81)-SUM(Z78:Z81)-SUM(Y78:Y81) -> 2.6865943 | AB78: =(SUM(K78:K81)-SUM(W78:W81)-SUM(Y78:Y81)-SUM(Z78:Z81)-SUM(AC78:AC81)-SUM(V78:V81))-AA78 -> -0.030737745 | AC78: =K78-T78 -> 0.56028294 | AD78: =+AM78+BA78 -> 0 | AE78: - Sheet Breaks (0x) | AF78: 0 | AM78: =SUM(AF78:AL78)+AT78+AV78+AX78 -> 0 | AR78: =SUM(AN78:AQ78) -> 0 | BA78: =+AR78+AS78+AU78+AW78+AY78+AZ78 -> 0 | BB78: 0
AD79: =+AM79+BA79 -> 33 | AE79: - Change Blade (13x) | AG79: 33 | AM79: =SUM(AF79:AL79)+AT79+AV79+AX79 -> 33 | AR79: =SUM(AN79:AQ79) -> 0 | BA79: =+AR79+AS79+AU79+AW79+AY79+AZ79 -> 0 | BC79: 13
AD80: =+AM80+BA80 -> 46 | AE80: - Change Spool (28x) | AH80: 46 | AM80: =SUM(AF80:AL80)+AT80+AV80+AX80 -> 46 | AR80: =SUM(AN80:AQ80) -> 0 | BA80: =+AR80+AS80+AU80+AW80+AY80+AZ80 -> 0
A82: 46010 | B82: Facial | C82: =(M82*E82*O82*Q82)/100000000 -> 9.190561 | D82: VP OW | E82: 11.5 | F82: 1 | G82: 1230 | H82: =+N82 -> 0.24 | I82: 0.88 | J82: =E82*G82*(1-H82)*1440/1000000*2.74 -> 42.415989 | K82: =(IF(G82<L82,L82,G82)*(1-IF(H82<N82,H82,N82))*E82*O82*Q82)/100000000 -> 9.190561 | L82: 1230 | M82: 934.8 | N82: =1-(M82/L82) -> 0.24 | O82: =+'Trim Rwd'!H59 -> 268 | P82: =O82*(Q82-R82-S82) -> 81204 | Q82: 319 | R82: 0 | S82: 16 | T82: =E82*M82*O82*Q82/100000000 -> 9.190561 | U82: =E82*M82*O82*(Q82-R82-S82)/100000000 -> 8.7295924 | V82: =E82*G82*(1-N82)*O82/100*(R82+S82)/1000000 -> 0.46096858 | W82: =+'19'!K14/1000 -> 11.568 | X82: =SUM(W82:W85)/SUM(K82:K85) -> 0.87083436 | Y82: 0 | Z82: =+'15'!D25/1000 -> 0 | AA82: =SUM(U82:U85)-SUM(W82:W85)-SUM(Z82:Z85)-SUM(Y82:Y85) -> 2.6508001 | AB82: =(SUM(K82:K85)-SUM(W82:W85)-SUM(Y82:Y85)-SUM(Z82:Z85)-SUM(AC82:AC85)-SUM(V82:V85))-AA82 -> -0.037359168 | AC82: =K82-T82 -> 0 | AD82: =+AM82+BA82 -> 21 | AE82: - Sheet Breaks (6x) | AF82: 21 | AM82: =SUM(AF82:AL82)+AT82+AV82+AX82 -> 21 | AR82: =SUM(AN82:AQ82) -> 0 | BA82: =+AR82+AS82+AU82+AW82+AY82+AZ82 -> 0 | BB82: 6
B83: Facial | C83: =(M83*E83*O83*Q83)/100000000 -> 6.0544494 | D83: VP OW | E83: 14 | F83: 1 | G83: 1230 | H83: =+N83 -> 0.24 | I83: 0.88 | J83: =E83*G83*(1-H83)*1440/1000000*2.74 -> 51.636856 | K83: =(IF(G83<L83,L83,G83)*(1-IF(H83<N83,H83,N83))*E83*O83*Q83)/100000000 -> 6.6490828 | L83: 1120 | M83: 851.2 | N83: =1-(M83/L83) -> 0.24 | O83: =+'Trim Rwd'!H61 -> 266 | P83: =O83*(Q83-R83-S83) -> 47614 | Q83: 191 | R83: 0 | S83: =68-S82-S84 -> 12 | T83: =E83*M83*O83*Q83/100000000 -> 6.0544494 | U83: =E83*M83*O83*(Q83-R83-S83)/100000000 -> 5.6740652 | V83: =E83*G83*(1-N83)*O83/100*(R83+S83)/1000000 -> 0.41774342 | W83: =+'19'!K7/1000 -> 5.244 | AC83: =K83-T83 -> 0.59463342 | AD83: =+AM83+BA83 -> 7 | AE83: - Change Blade (3x) | AG83: 7 | AM83: =SUM(AF83:AL83)+AT83+AV83+AX83 -> 7 | AR83: =SUM(AN83:AQ83) -> 0 | BA83: =+AR83+AS83+AU83+AW83+AY83+AZ83 -> 0 | BC83: 3
B84: Toilet | C84: =(M84*E84*O84*Q84)/100000000 -> 26.903272 | D84: VP OW | E84: 13 | F84: 1 | G84: =+L84 -> 1150 | H84: 0.25 | I84: 0.88 | J84: =E84*G84*(1-H84)*1440/1000000*2.74 -> 44.24004 | K84: =(IF(G84<L84,L84,G84)*(1-IF(H84<N84,H84,N84))*E84*O84*Q84)/100000000 -> 26.903272 | L84: 1150 | M84: 862.5 | N84: =1-(M84/L84) -> 0.25 | O84: =+'Trim Rwd'!H60 -> 258 | P84: =O84*(Q84-R84-S84) -> 229620 | Q84: 930 | R84: 0 | S84: 40 | T84: =E84*M84*O84*Q84/100000000 -> 26.903272 | U84: =E84*M84*O84*(Q84-R84-S84)/100000000 -> 25.746143 | V84: =E84*G84*(1-N84)*O84/100*(R84+S84)/1000000 -> 1.15713 | W84: =+'19'!K10/1000 -> 20.41 | Z84: =+'19'!D25/1000 -> 0.277 | AC84: =K84-T84 -> 0 | AD84: =+AM84+BA84 -> 40 | AE84: - Change Spool (29x) | AH84: 40 | AM84: =SUM(AF84:AL84)+AT84+AV84+AX84 -> 40 | AR84: =SUM(AN84:AQ84) -> 0 | BA84: =+AR84+AS84+AU84+AW84+AY84+AZ84 -> 0
A86: 46011 | B86: Toilet | C86: =(M86*E86*O86*Q86)/100000000 -> 41.65668 | D86: VP OW | E86: 13 | F86: 1 | G86: =+L86 -> 1150 | H86: 0.25 | I86: 0.88 | J86: =E86*G86*(1-H86)*1440/1000000*2.74 -> 44.24004 | K86: =(IF(G86<L86,L86,G86)*(1-IF(H86<N86,H86,N86))*E86*O86*Q86)/100000000 -> 41.65668 | L86: 1150 | M86: 862.5 | N86: =1-(M86/L86) -> 0.25 | O86: =+'Trim Rwd'!H63 -> 258 | P86: =O86*(Q86-R86-S86) -> 355782 | Q86: 1440 | R86: 0 | S86: 61 | T86: =E86*M86*O86*Q86/100000000 -> 41.65668 | U86: =E86*M86*O86*(Q86-R86-S86)/100000000 -> 39.892057 | V86: =E86*G86*(1-N86)*O86/100*(R86+S86)/1000000 -> 1.7646233 | W86: =+'20'!K10/1000 -> 39.682 | X86: =SUM(W86:W89)/SUM(K86:K89) -> 0.95259632 | Y86: 0 | Z86: =+'15'!D29/1000 -> 0 | AA86: =SUM(U86:U89)-SUM(W86:W89)-SUM(Z86:Z89)-SUM(Y86:Y89) -> 0.21005675 | AB86: =(SUM(K86:K89)-SUM(W86:W89)-SUM(Y86:Y89)-SUM(Z86:Z89)-SUM(AC86:AC89)-SUM(V86:V89))-AA86 -> -4.4408921e-16 | AC86: =K86-T86 -> 0 | AD86: =+AM86+BA86 -> 13 | AE86: - Sheet Breaks (5x) | AF86: 13 | AM86: =SUM(AF86:AL86)+AT86+AV86+AX86 -> 13 | AR86: =SUM(AN86:AQ86) -> 0 | BA86: =+AR86+AS86+AU86+AW86+AY86+AZ86 -> 0 | BB86: 5
AD87: =+AM87+BA87 -> 6 | AE87: - Change Blade (3x) | AG87: 6 | AM87: =SUM(AF87:AL87)+AT87+AV87+AX87 -> 6 | AR87: =SUM(AN87:AQ87) -> 0 | BA87: =+AR87+AS87+AU87+AW87+AY87+AZ87 -> 0 | BC87: 3
AD88: =+AM88+BA88 -> 42 | AE88: - Change Spool (27x) | AH88: 42 | AM88: =SUM(AF88:AL88)+AT88+AV88+AX88 -> 42 | AR88: =SUM(AN88:AQ88) -> 0 | BA88: =+AR88+AS88+AU88+AW88+AY88+AZ88 -> 0
A90: 46012 | B90: Toilet | C90: =(M90*E90*O90*Q90)/100000000 -> 41.65668 | D90: VP OW | E90: 13 | F90: 1 | G90: =+L90 -> 1150 | H90: 0.25 | I90: 0.88 | J90: =E90*G90*(1-H90)*1440/1000000*2.74 -> 44.24004 | K90: =(IF(G90<L90,L90,G90)*(1-IF(H90<N90,H90,N90))*E90*O90*Q90)/100000000 -> 41.65668 | L90: 1150 | M90: 862.5 | N90: =1-(M90/L90) -> 0.25 | O90: =+'Trim Rwd'!H65 -> 258 | P90: =O90*(Q90-R90-S90) -> 357072 | Q90: 1440 | R90: 0 | S90: 56 | T90: =E90*M90*O90*Q90/100000000 -> 41.65668 | U90: =E90*M90*O90*(Q90-R90-S90)/100000000 -> 40.036698 | V90: =E90*G90*(1-N90)*O90/100*(R90+S90)/1000000 -> 1.619982 | W90: =+'21'!K10/1000 -> 37.964 | X90: =SUM(W90:W93)/SUM(K90:K93) -> 0.91135443 | Y90: 0 | Z90: =+'15'!D33/1000 -> 0 | AA90: =SUM(U90:U93)-SUM(W90:W93)-SUM(Z90:Z93)-SUM(Y90:Y93) -> 2.072698 | AB90: =(SUM(K90:K93)-SUM(W90:W93)-SUM(Y90:Y93)-SUM(Z90:Z93)-SUM(AC90:AC93)-SUM(V90:V93))-AA90 -> 0 | AC90: =K90-T90 -> 0 | AD90: =+AM90+BA90 -> 8 | AE90: - Sheet Breaks (4x) | AF90: 8 | AM90: =SUM(AF90:AL90)+AT90+AV90+AX90 -> 8 | AR90: =SUM(AN90:AQ90) -> 0 | BA90: =+AR90+AS90+AU90+AW90+AY90+AZ90 -> 0 | BB90: 4
AD91: =+AM91+BA91 -> 10 | AE91: - Change Blade (7x) | AG91: 10 | AM91: =SUM(AF91:AL91)+AT91+AV91+AX91 -> 10 | AR91: =SUM(AN91:AQ91) -> 0 | BA91: =+AR91+AS91+AU91+AW91+AY91+AZ91 -> 0 | BC91: 7
AD92: =+AM92+BA92 -> 38 | AE92: - Change Spool (26x) | AH92: 38 | AM92: =SUM(AF92:AL92)+AT92+AV92+AX92 -> 38 | AR92: =SUM(AN92:AQ92) -> 0 | BA92: =+AR92+AS92+AU92+AW92+AY92+AZ92 -> 0
A94: 46013 | B94: Toilet | C94: =(M94*E94*O94*Q94)/100000000 -> 22.798296 | D94: VP OW | E94: 13 | F94: 1 | G94: =+L94 -> 1150 | H94: 0.25 | I94: 0.88 | J94: =E94*G94*(1-H94)*1440/1000000*2.74 -> 44.24004 | K94: =(IF(G94<L94,L94,G94)*(1-IF(H94<N94,H94,N94))*E94*O94*Q94)/100000000 -> 22.798296 | L94: 1150 | M94: 862.5 | N94: =1-(M94/L94) -> 0.25 | O94: =+'Trim Rwd'!H67 -> 260.67857 | P94: =O94*(Q94-R94-S94) -> 194726.89 | Q94: 780 | R94: 0 | S94: 33 | T94: =E94*M94*O94*Q94/100000000 -> 22.798296 | U94: =E94*M94*O94*(Q94-R94-S94)/100000000 -> 21.833753 | V94: =E94*G94*(1-N94)*O94/100*(R94+S94)/1000000 -> 0.9645433 | W94: =+'22'!K10/1000 -> 24.704 | X94: =SUM(W94:W97)/SUM(K94:K97) -> 0.92596176 | Y94: 0 | Z94: 0 | AA94: =SUM(U94:U97)-SUM(W94:W97)-SUM(Z94:Z97)-SUM(Y94:Y97) -> 1.3113881 | AB94: =(SUM(K94:K97)-SUM(W94:W97)-SUM(Y94:Y97)-SUM(Z94:Z97)-SUM(AC94:AC97)-SUM(V94:V97))-AA94 -> 2.8865799e-15 | AC94: =K94-T94 -> 0 | AD94: =+AM94+BA94 -> 9 | AE94: - Sheet Breaks (3x) | AF94: 9 | AM94: =SUM(AF94:AL94)+AT94+AV94+AX94 -> 9 | AR94: =SUM(AN94:AQ94) -> 0 | BA94: =+AR94+AS94+AU94+AW94+AY94+AZ94 -> 0 | BB94: 3
B95: Toilet | C95: =(M95*E95*O95*Q95)/100000000 -> 20.570666 | D95: VP OW | E95: 15 | F95: 1 | G95: =+L95 -> 1050 | H95: =+N95 -> 0.23 | I95: 0.88 | J95: =E95*G95*(1-H95)*1440/1000000*2.74 -> 47.850264 | K95: =(IF(G95<L95,L95,G95)*(1-IF(H95<N95,H95,N95))*E95*O95*Q95)/100000000 -> 20.570666 | L95: 1050 | M95: 808.5 | N95: =1-(M95/L95) -> 0.23 | O95: =+'Trim Rwd'!H69 -> 257 | P95: =O95*(Q95-R95-S95) -> 161910 | Q95: 660 | R95: 0 | S95: 30 | T95: =E95*M95*O95*Q95/100000000 -> 20.570666 | U95: =E95*M95*O95*(Q95-R95-S95)/100000000 -> 19.635635 | V95: =E95*G95*(1-N95)*O95/100*(R95+S95)/1000000 -> 0.93503025 | W95: =+'22'!K11/1000 -> 15.454 | AC95: =K95-T95 -> 0 | AD95: =+AM95+BA95 -> 17 | AE95: - Change Blade (7x) | AG95: 17 | AM95: =SUM(AF95:AL95)+AT95+AV95+AX95 -> 17 | AR95: =SUM(AN95:AQ95) -> 0 | BA95: =+AR95+AS95+AU95+AW95+AY95+AZ95 -> 0 | BC95: 7
AD96: =+AM96+BA96 -> 37 | AE96: - Change Spool (28x) | AH96: 37 | AM96: =SUM(AF96:AL96)+AT96+AV96+AX96 -> 37 | AR96: =SUM(AN96:AQ96) -> 0 | BA96: =+AR96+AS96+AU96+AW96+AY96+AZ96 -> 0
A98: 46014 | B98: Toilet | C98: =(M98*E98*O98*Q98)/100000000 -> 37.245372 | D98: VP OW | E98: 15 | F98: 1 | G98: =+L98 -> 1050 | H98: =+N98 -> 0.23 | I98: 0.88 | J98: =E98*G98*(1-H98)*1440/1000000*2.74 -> 47.850264 | K98: =(IF(G98<L98,L98,G98)*(1-IF(H98<N98,H98,N98))*E98*O98*Q98)/100000000 -> 37.245372 | L98: 1050 | M98: 808.5 | N98: =1-(M98/L98) -> 0.23 | O98: =+'Trim Rwd'!H71 -> 257 | P98: =O98*(Q98-R98-S98) -> 295550 | Q98: 1195 | R98: 0 | S98: 45 | T98: =E98*M98*O98*Q98/100000000 -> 37.245372 | U98: =E98*M98*O98*(Q98-R98-S98)/100000000 -> 35.842826 | V98: =E98*G98*(1-N98)*O98/100*(R98+S98)/1000000 -> 1.4025454 | W98: =+'23'!K11/1000 -> 37.981 | X98: =SUM(W98:W101)/SUM(K98:K101) -> 0.93279582 | Y98: 0 | Z98: =+'23'!D16/1000 -> 0.26 | AA98: =SUM(U98:U101)-SUM(W98:W101)-SUM(Z98:Z101)-SUM(Y98:Y101) -> 0.7357087 | AB98: =(SUM(K98:K101)-SUM(W98:W101)-SUM(Y98:Y101)-SUM(Z98:Z101)-SUM(AC98:AC101)-SUM(V98:V101))-AA98 -> -4.6629367e-15 | AC98: =K98-T98 -> 0 | AD98: =+AM98+BA98 -> 9 | AE98: - Sheet Breaks (3x) | AF98: 9 | AM98: =SUM(AF98:AL98)+AT98+AV98+AX98 -> 9 | AR98: =SUM(AN98:AQ98) -> 0 | BA98: =+AR98+AS98+AU98+AW98+AY98+AZ98 -> 0 | BB98: 3
B99: Toilet | C99: =(M99*E99*O99*Q99)/100000000 -> 7.2627609 | D99: VP OW | E99: 14 | F99: 1 | G99: =+L99 -> 1070 | H99: =+N99 -> 0.23 | I99: 0.88 | J99: =E99*G99*(1-H99)*1440/1000000*2.74 -> 45.510918 | K99: =(IF(G99<L99,L99,G99)*(1-IF(H99<N99,H99,N99))*E99*O99*Q99)/100000000 -> 7.2627609 | L99: 1070 | M99: 823.9 | N99: =1-(M99/L99) -> 0.23 | O99: =+'Trim Rwd'!H72 -> 257 | P99: =O99*(Q99-R99-S99) -> 57825 | Q99: 245 | R99: 0 | S99: 20 | T99: =E99*M99*O99*Q99/100000000 -> 7.2627609 | U99: =E99*M99*O99*(Q99-R99-S99)/100000000 -> 6.6698825 | V99: =E99*G99*(1-N99)*O99/100*(R99+S99)/1000000 -> 0.59287844 | W99: =+'23'!K15/1000 -> 3.536 | AC99: =K99-T99 -> 0 | AD99: =+AM99+BA99 -> 17 | AE99: - Change Blade (7x) | AG99: 17 | AM99: =SUM(AF99:AL99)+AT99+AV99+AX99 -> 17 | AR99: =SUM(AN99:AQ99) -> 0 | BA99: =+AR99+AS99+AU99+AW99+AY99+AZ99 -> 0 | BC99: 7
AD100: =+AM100+BA100 -> 39 | AE100: - Change Spool (27x) | AH100: 39 | AM100: =SUM(AF100:AL100)+AT100+AV100+AX100 -> 39 | AR100: =SUM(AN100:AQ100) -> 0 | BA100: =+AR100+AS100+AU100+AW100+AY100+AZ100 -> 0
A102: 46015 | B102: Toilet | C102: =(M102*E102*O102*Q102)/100000000 -> 43.734482 | D102: VP OW | E102: 14 | F102: 1 | G102: =+L102 -> 1096.25 | H102: =+N102 -> 0.23 | I102: 0.88 | J102: =E102*G102*(1-H102)*1440/1000000*2.74 -> 46.627424 | K102: =(IF(G102<L102,L102,G102)*(1-IF(H102<N102,H102,N102))*E102*O102*Q102)/100000000 -> 43.734482 | L102: 1096.25 | M102: 844.1125 | N102: =1-(M102/L102) -> 0.23 | O102: =+'Trim Rwd'!H74 -> 257 | P102: =O102*(Q102-R102-S102) -> 353375 | Q102: 1440 | R102: 0 | S102: 65 | T102: =E102*M102*O102*Q102/100000000 -> 43.734482 | U102: =E102*M102*O102*(Q102-R102-S102)/100000000 -> 41.760356 | V102: =E102*G102*(1-N102)*O102/100*(R102+S102)/1000000 -> 1.9741259 | W102: =+'24'!K15/1000 -> 40.146 | X102: =SUM(W102:W105)/SUM(K102:K105) -> 0.91794846 | Y102: 0 | Z102: =+'24'!D34/1000 -> 0.564 | AA102: =SUM(U102:U105)-SUM(W102:W105)-SUM(Z102:Z105)-SUM(Y102:Y105) -> 1.0503557 | AB102: =(SUM(K102:K105)-SUM(W102:W105)-SUM(Y102:Y105)-SUM(Z102:Z105)-SUM(AC102:AC105)-SUM(V102:V105))-AA102 -> 0 | AC102: =K102-T102 -> 0 | AD102: =+AM102+BA102 -> 25 | AE102: - Sheet Breaks (7x) | AF102: 25 | AM102: =SUM(AF102:AL102)+AT102+AV102+AX102 -> 25 | AR102: =SUM(AN102:AQ102) -> 0 | BA102: =+AR102+AS102+AU102+AW102+AY102+AZ102 -> 0 | BB102: 7
AD103: =+AM103+BA103 -> 8 | AE103: - Change Blade (4x) | AG103: 8 | AM103: =SUM(AF103:AL103)+AT103+AV103+AX103 -> 8 | AR103: =SUM(AN103:AQ103) -> 0 | BA103: =+AR103+AS103+AU103+AW103+AY103+AZ103 -> 0 | BC103: 4
AD104: =+AM104+BA104 -> 32 | AE104: - Change Spool (27x) | AH104: 32 | AM104: =SUM(AF104:AL104)+AT104+AV104+AX104 -> 32 | AR104: =SUM(AN104:AQ104) -> 0 | BA104: =+AR104+AS104+AU104+AW104+AY104+AZ104 -> 0
A106: 46016 | B106: Toilet | C106: =(M106*E106*O106*Q106)/100000000 -> 10.971022 | D106: VP OW | E106: 14 | F106: 1 | G106: =+L106 -> 1100 | H106: =+N106 -> 0.23 | I106: 0.88 | J106: =E106*G106*(1-H106)*1440/1000000*2.74 -> 46.786925 | K106: =(IF(G106<L106,L106,G106)*(1-IF(H106<N106,H106,N106))*E106*O106*Q106)/100000000 -> 10.971022 | L106: 1100 | M106: 847 | N106: =1-(M106/L106) -> 0.23 | O106: =+'Trim Rwd'!H76 -> 257 | P106: =O106*(Q106-R106-S106) -> 89693 | Q106: 360 | R106: 0 | S106: 11 | T106: =E106*M106*O106*Q106/100000000 -> 10.971022 | U106: =E106*M106*O106*(Q106-R106-S106)/100000000 -> 10.635796 | V106: =E106*G106*(1-N106)*O106/100*(R106+S106)/1000000 -> 0.33522566 | W106: =+'25'!K15/1000 -> 13.125 | X106: =SUM(W106:W109)/SUM(K106:K109) -> 0.93150629 | Y106: 0 | Z106: 0 | AA106: =SUM(U106:U109)-SUM(W106:W109)-SUM(Z106:Z109)-SUM(Y106:Y109) -> 1.2002863 | AB106: =(SUM(K106:K109)-SUM(W106:W109)-SUM(Y106:Y109)-SUM(Z106:Z109)-SUM(AC106:AC109)-SUM(V106:V109))-AA106 -> -4.6629367e-15 | AC106: =K106-T106 -> 0 | AD106: =+AM106+BA106 -> 9 | AE106: - Sheet Breaks (3x) | AF106: 9 | AM106: =SUM(AF106:AL106)+AT106+AV106+AX106 -> 9 | AR106: =SUM(AN106:AQ106) -> 0 | BA106: =+AR106+AS106+AU106+AW106+AY106+AZ106 -> 0 | BB106: 3
B107: Toilet | C107: =(M107*E107*O107*Q107)/100000000 -> 32.60249 | D107: VP OW | E107: 13 | F107: 1 | G107: =+L107 -> 1168.8889 | H107: =+N107 -> 0.23 | I107: 0.88 | J107: =E107*G107*(1-H107)*1440/1000000*2.74 -> 46.1658 | K107: =(IF(G107<L107,L107,G107)*(1-IF(H107<N107,H107,N107))*E107*O107*Q107)/100000000 -> 32.60249 | L107: 1168.8889 | M107: 900.04444 | N107: =1-(M107/L107) -> 0.23 | O107: =+'Trim Rwd'!H77 -> 258 | P107: =O107*(Q107-R107-S107) -> 266256 | Q107: 1080 | R107: 0 | S107: 48 | T107: =E107*M107*O107*Q107/100000000 -> 32.60249 | U107: =E107*M107*O107*(Q107-R107-S107)/100000000 -> 31.15349 | V107: =E107*G107*(1-N107)*O107/100*(R107+S107)/1000000 -> 1.4489996 | W107: =+'25'!K10/1000 -> 27.464 | AC107: =K107-T107 -> 0 | AD107: =+AM107+BA107 -> 11 | AE107: - Change Blade (6x) | AG107: 11 | AM107: =SUM(AF107:AL107)+AT107+AV107+AX107 -> 11 | AR107: =SUM(AN107:AQ107) -> 0 | BA107: =+AR107+AS107+AU107+AW107+AY107+AZ107 -> 0 | BC107: 6
AD108: =+AM108+BA108 -> 39 | AE108: - Change Spool (27x) | AH108: 39 | AM108: =SUM(AF108:AL108)+AT108+AV108+AX108 -> 39 | AR108: =SUM(AN108:AQ108) -> 0 | BA108: =+AR108+AS108+AU108+AW108+AY108+AZ108 -> 0
A110: 46017 | B110: Toilet | C110: =(M110*E110*O110*Q110)/100000000 -> 43.785061 | D110: VP OW | E110: 13 | F110: 1 | G110: =+L110 -> 1177.3611 | H110: =+N110 -> 0.23 | I110: 0.88 | J110: =E110*G110*(1-H110)*1440/1000000*2.74 -> 46.500414 | K110: =(IF(G110<L110,L110,G110)*(1-IF(H110<N110,H110,N110))*E110*O110*Q110)/100000000 -> 43.785061 | L110: 1177.3611 | M110: 906.56806 | N110: =1-(M110/L110) -> 0.23 | O110: =+'Trim Rwd'!H79 -> 258 | P110: =O110*(Q110-R110-S110) -> 357588 | Q110: 1440 | R110: 0 | S110: 54 | T110: =E110*M110*O110*Q110/100000000 -> 43.785061 | U110: =E110*M110*O110*(Q110-R110-S110)/100000000 -> 42.143122 | V110: =E110*G110*(1-N110)*O110/100*(R110+S110)/1000000 -> 1.6419398 | W110: =+'26'!K10/1000 -> 38.848 | X110: =SUM(W110:W113)/SUM(K110:K113) -> 0.88724325 | Y110: 0 | Z110: 0 | AA110: =SUM(U110:U113)-SUM(W110:W113)-SUM(Z110:Z113)-SUM(Y110:Y113) -> 3.2951215 | AB110: =(SUM(K110:K113)-SUM(W110:W113)-SUM(Y110:Y113)-SUM(Z110:Z113)-SUM(AC110:AC113)-SUM(V110:V113))-AA110 -> -5.7731597e-15 | AC110: =K110-T110 -> 0 | AD110: =+AM110+BA110 -> 9 | AE110: - Sheet Breaks (3x) | AF110: 9 | AM110: =SUM(AF110:AL110)+AT110+AV110+AX110 -> 9 | AR110: =SUM(AN110:AQ110) -> 0 | BA110: =+AR110+AS110+AU110+AW110+AY110+AZ110 -> 0 | BB110: 3
AD111: =+AM111+BA111 -> 16 | AE111: - Change Blade (10x) | AG111: 16 | AM111: =SUM(AF111:AL111)+AT111+AV111+AX111 -> 16 | AR111: =SUM(AN111:AQ111) -> 0 | BA111: =+AR111+AS111+AU111+AW111+AY111+AZ111 -> 0 | BC111: 10
AD112: =+AM112+BA112 -> 29 | AE112: - Change Spool (27x) | AH112: 29 | AM112: =SUM(AF112:AL112)+AT112+AV112+AX112 -> 29 | AR112: =SUM(AN112:AQ112) -> 0 | BA112: =+AR112+AS112+AU112+AW112+AY112+AZ112 -> 0
A114: 46018 | B114: Toilet | C114: =(M114*E114*O114*Q114)/100000000 -> 44.007163 | D114: VP OW | E114: 13 | F114: 1 | G114: =+L114 -> 1183.3333 | H114: =+N114 -> 0.23 | I114: 0.88 | J114: =E114*G114*(1-H114)*1440/1000000*2.74 -> 46.73629 | K114: =(IF(G114<L114,L114,G114)*(1-IF(H114<N114,H114,N114))*E114*O114*Q114)/100000000 -> 44.007163 | L114: 1183.3333 | M114: 911.16667 | N114: =1-(M114/L114) -> 0.23 | O114: =+'Trim Rwd'!H81 -> 258 | P114: =O114*(Q114-R114-S114) -> 356298 | Q114: 1440 | R114: 0 | S114: 59 | T114: =E114*M114*O114*Q114/100000000 -> 44.007163 | U114: =E114*M114*O114*(Q114-R114-S114)/100000000 -> 42.204092 | V114: =E114*G114*(1-N114)*O114/100*(R114+S114)/1000000 -> 1.8030713 | W114: =+'27'!K10/1000 -> 42.837 | X114: =SUM(W114:W117)/SUM(K114:K117) -> 0.97340971 | Y114: 0 | Z114: =+'27'!D16/1000 -> 0.578 | AA114: =SUM(U114:U117)-SUM(W114:W117)-SUM(Z114:Z117)-SUM(Y114:Y117) -> -1.2109081 | AB114: =(SUM(K114:K117)-SUM(W114:W117)-SUM(Y114:Y117)-SUM(Z114:Z117)-SUM(AC114:AC117)-SUM(V114:V117))-AA114 -> 3.5527137e-15 | AC114: =K114-T114 -> 0 | AD114: =+AM114+BA114 -> 9 | AE114: - Sheet Breaks (3x) | AF114: 9 | AM114: =SUM(AF114:AL114)+AT114+AV114+AX114 -> 9 | AR114: =SUM(AN114:AQ114) -> 0 | BA114: =+AR114+AS114+AU114+AW114+AY114+AZ114 -> 0 | BB114: 3
AD115: =+AM115+BA115 -> 8 | AE115: - Change Blade (4x) | AG115: 8 | AM115: =SUM(AF115:AL115)+AT115+AV115+AX115 -> 8 | AR115: =SUM(AN115:AQ115) -> 0 | BA115: =+AR115+AS115+AU115+AW115+AY115+AZ115 -> 0 | BC115: 4
AD116: =+AM116+BA116 -> 42 | AE116: - Change Spool (27x) | AH116: 42 | AM116: =SUM(AF116:AL116)+AT116+AV116+AX116 -> 42 | AR116: =SUM(AN116:AQ116) -> 0 | BA116: =+AR116+AS116+AU116+AW116+AY116+AZ116 -> 0
A118: 46019 | B118: Toilet | C118: =(M118*E118*O118*Q118)/100000000 -> 5.8392134 | D118: VP OW | E118: 13 | F118: 1 | G118: =+L118 -> 1190 | H118: =+N118 -> 0.23 | I118: 0.88 | J118: =E118*G118*(1-H118)*1440/1000000*2.74 -> 46.999593 | K118: =(IF(G118<L118,L118,G118)*(1-IF(H118<N118,H118,N118))*E118*O118*Q118)/100000000 -> 5.8392134 | L118: 1190 | M118: 916.3 | N118: =1-(M118/L118) -> 0.23 | O118: =+'Trim Rwd'!H83 -> 258 | P118: =O118*(Q118-R118-S118) -> 45408 | Q118: 190 | R118: 0 | S118: 14 | T118: =E118*M118*O118*Q118/100000000 -> 5.8392134 | U118: =E118*M118*O118*(Q118-R118-S118)/100000000 -> 5.4089556 | V118: =E118*G118*(1-N118)*O118/100*(R118+S118)/1000000 -> 0.43025783 | W118: =+'28'!K10/1000 -> 5.513 | X118: =SUM(W118:W121)/SUM(K118:K121) -> 0.88688931 | Y118: 0 | Z118: =+'28'!D7/1000 -> 0.578 | AA118: =SUM(U118:U121)-SUM(W118:W121)-SUM(Z118:Z121)-SUM(Y118:Y121) -> 0.97834819 | AB118: =(SUM(K118:K121)-SUM(W118:W121)-SUM(Y118:Y121)-SUM(Z118:Z121)-SUM(AC118:AC121)-SUM(V118:V121))-AA118 -> 1.4916902 | AC118: =K118-T118 -> 0 | AD118: =+AM118+BA118 -> 12 | AE118: - Sheet Breaks (5x) | AF118: 12 | AM118: =SUM(AF118:AL118)+AT118+AV118+AX118 -> 12 | AR118: =SUM(AN118:AQ118) -> 0 | BA118: =+AR118+AS118+AU118+AW118+AY118+AZ118 -> 0 | BB118: 5
B119: Toilet | C119: =(M119*E119*O119*Q119)/100000000 -> 36.834784 | D119: VP OW | E119: 12.5 | F119: 1 | G119: 1230 | H119: 0.22 | I119: 0.88 | J119: =E119*G119*(1-H119)*1440/1000000*2.74 -> 47.317608 | K119: =(IF(G119<L119,L119,G119)*(1-IF(H119<N119,H119,N119))*E119*O119*Q119)/100000000 -> 38.376 | L119: 1190 | M119: 920.8696 | N119: =1-(M119/L119) -> 0.22616 | O119: =+'Trim Rwd'!H84 -> 256 | P119: =O119*(Q119-R119-S119) -> 307200 | Q119: 1250 | R119: 0 | S119: 50 | T119: =E119*M119*O119*Q119/100000000 -> 36.834784 | U119: =E119*M119*O119*(Q119-R119-S119)/100000000 -> 35.361393 | V119: =E119*G119*(1-N119)*O119/100*(R119+S119)/1000000 -> 1.5229171 | W119: =+'28'!K16/1000 -> 33.701 | AD119: =+AM119+BA119 -> 8 | AE119: - Change Blade (5x) | AG119: 8 | AM119: =SUM(AF119:AL119)+AT119+AV119+AX119 -> 8 | AR119: =SUM(AN119:AQ119) -> 0 | BA119: =+AR119+AS119+AU119+AW119+AY119+AZ119 -> 0 | BC119: 5
AD120: =+AM120+BA120 -> 44 | AE120: - Change Spool (28x) | AH120: 44 | AM120: =SUM(AF120:AL120)+AT120+AV120+AX120 -> 44 | AR120: =SUM(AN120:AQ120) -> 0 | BA120: =+AR120+AS120+AU120+AW120+AY120+AZ120 -> 0
