Workbook

Sheet Report1
A3: PAPER MACHINE 14 DAILY REPORT 1
A6: Date | B6: Grade | C6: GSM | D6: Speed yankee (mpm) | E6: Speed reel (mpm) | F6: Creep ( % ) | G6: Real Eff PM ( % ) | H6: Real Eff PM vs Target (%) | I6: Real Eff FG vs Real Eff PM (%) | J6: Eff FG vs Target (%) | L6: Kapasitas Target (ton) | N6: Kapasitas Teori Real (ton) | P6: PM PROD Timbangan (TON) | R6: FINSHED GOODS (TON) | T6: GAS HOOD | Z6: STEAM (TON) | AF6: POWER (kWh) | BA6: Kapasitas Running (ton) | BC6: Eff FG vs Target Running(%)
T7: CONSUMPTION | V7: /TON PM. | X7: /TON FG. | Z7: CONSUMPTION | AB7: /TON PM. | AD7: /TON FG. | AF7: CONSUMPTION | AH7: /TON PM | AJ7: /TON FG | AL7: Gas based on report DCS | AO7: total | AP7: Flowmeter | AQ7: Selisih | AR7: % pengali | AU7: Adjust | AX7: PEMAKAIAN GAS
J8: TODAY | K8: TODATE | L8: TODAY | M8: TODATE | N8: TODAY | O8: TODATE | P8: TODAY | Q8: TODATE | R8: TODAY | S8: TODATE | T8: TODAY | U8: TODATE | V8: TODAY | W8: TODATE | X8: TODAY | Y8: TODATE | Z8: TODAY | AA8: TODATE | AB8: TODAY | AC8: TODATE | AD8: TODAY | AE8: TODATE | AF8: TODAY | AG8: TODATE | AH8: TODAY | AI8: TODATE | AJ8: TODAY | AK8: TODATE | AL8: 14 | AM8: 15 | AN8: 17 | AP8: PGN | AU8: 14 | AV8: 15 | AW8: 17 | AX8: 14 | AY8: 15 | AZ8: 17 | BA8: TODAY | BB8: TODATE | BC8: TODAY | BD8: TODATE
A9: 45901 | B9: Facial | C9: 12 | D9: =+'1'!F42 -> 1230 | E9: =+'1'!G42 -> 947.1 | F9: =1-(E9/D9) -> 0.23 | G9: =+P9/N9 -> 0.93239234 | H9: =+P9/L9 -> 0.93239234 | I9: =+R9/P9 -> 1.0356002 | J9: =+R9/L9 -> 0.96558565 | K9: =+S9/M9 -> 0.96558565 | L9: =+Efficiency1!K6 -> 42.960456 | M9: =L9 -> 42.960456 | N9: =+Efficiency1!C6 -> 42.960456 | O9: =N9 -> 42.960456 | P9: ='1'!I38 -> 40.056 | Q9: =P9 -> 40.056 | R9: ='1'!I40 -> 41.482 | S9: =R9 -> 41.482 | T9: =+AX9 -> 3426.7026 | U9: =T9 -> 3426.7026 | V9: =T9/P9 -> 85.547797 | W9: =U9/Q9 -> 85.547797 | X9: =IF(AND(R9>0,T9>0),(T9/(R9*1000))*1000,0) -> 82.606975 | Y9: =IF(AND(S9>0,U9>0),U9/S9,0) -> 82.606975 | Z9: 59 | AA9: =Z9 -> 59 | AB9: =Z9/(P9) -> 1.4729379 | AC9: =AA9/(Q9) -> 1.4729379 | AD9: =IF(AND(R9>0,Z9>0),Z9/(R9),0) -> 1.4223036 | AE9: =IF(AND(S9>0,AA9>0),AA9/(S9),0) -> 1.4223036 | AF9: ='1'!I46 -> 35377 | AG9: =AF9 -> 35377 | AH9: =IF(AND(L9>0,AF9>0),(AF9/(P9*1000)*1000),0) -> 883.18854 | AI9: =IF(AND(M9>0,AG9>0),(AG9/(Q9*1000)*1000),0) -> 883.18854 | AJ9: =IF(AND(R9>0,AF9>0),(AF9/(R9*1000)*1000),0) -> 852.82773 | AK9: =IF(AND(S9>0,AG9>0),(AG9/(S9*1000)*1000),0) -> 852.82773 | AL9: 3803 | AM9: 5530.7 | AN9: 3920.8 | AO9: =SUM(AL9:AN9) -> 13254.5 | AP9: =+[1]Sept!N4 -> 11943 | AQ9: =+AP9-AO9 -> -1311.5 | AR9: =+AL9/AO9 -> 0.28692142 | AS9: =+AM9/AO9 -> 0.41726961 | AT9: =1-AR9-AS9 -> 0.29580897 | AU9: =+AR9*AQ9 -> -376.29745 | AV9: =+AS9*AQ9 -> -547.24909 | AW9: =+AT9*AQ9 -> -387.95346 | AX9: =+AL9+AU9 -> 3426.7026 | AY9: =+AM9+AV9 -> 4983.4509 | AZ9: =+AN9+AW9 -> 3532.8465 | BA9: =+Efficiency2!K6 -> 42.960456 | BB9: =BA9 -> 42.960456 | BC9: =+R9/BA9 -> 0.96558565 | BD9: =+S9/BB9 -> 0.96558565
A10: =A9+1 -> 45902 | B10: Facial | C10: 12/13 | D10: =+'2'!F42 -> 1246.9618 | E10: =+'2'!G42 -> 960.16059 | F10: =1-(E10/D10) -> 0.23 | G10: =+P10/N10 -> 0.91427512 | H10: =+P10/L10 -> 0.89729594 | I10: =+R10/P10 -> 0.82181922 | J10: =+R10/L10 -> 0.73741505 | K10: =+S10/M10 -> 0.85158809 | L10: =+SUM(Efficiency1!K10:K11) -> 42.894432 | M10: =M9+L10 -> 85.854888 | N10: =+SUM(Efficiency1!C10:C11) -> 42.097832 | O10: =O9+N10 -> 85.058288 | P10: ='2'!I38 -> 38.489 | Q10: =Q9+P10 -> 78.545 | R10: ='2'!I40 -> 31.631 | S10: =S9+R10 -> 73.113 | T10: =+AX10 -> 3753.1046 | U10: =T10+U9 -> 7179.8072 | V10: =T10/P10 -> 97.511098 | W10: =U10/Q10 -> 91.410111 | X10: =IF(AND(R10>0,T10>0),(T10/(R10*1000))*1000,0) -> 118.65273 | Y10: =IF(AND(S10>0,U10>0),U10/S10,0) -> 98.201513 | Z10: 58.8 | AA10: =Z10+AA9 -> 117.8 | AB10: =Z10/(P10) -> 1.5277092 | AC10: =AA10/(Q10) -> 1.4997772 | AD10: =IF(AND(R10>0,Z10>0),Z10/(R10),0) -> 1.8589359 | AE10: =IF(AND(S10>0,AA10>0),AA10/(S10),0) -> 1.6112046 | AF10: ='2'!I46 -> 35412.3 | AG10: =AF10+AG9 -> 70789.3 | AH10: =IF(AND(L10>0,AF10>0),(AF10/(P10*1000)*1000),0) -> 920.06288 | AI10: =IF(AND(M10>0,AG10>0),(AG10/(Q10*1000)*1000),0) -> 901.25788 | AJ10: =IF(AND(R10>0,AF10>0),(AF10/(R10*1000)*1000),0) -> 1119.5441 | AK10: =IF(AND(S10>0,AG10>0),(AG10/(S10*1000)*1000),0) -> 968.21769 | AL10: 3950.8 | AM10: 5561 | AN10: 3965.6 | AO10: =SUM(AL10:AN10) -> 13477.4 | AP10: =+[1]Sept!N5 -> 12803 | AQ10: =+AP10-AO10 -> -674.4 | AR10: =+AL10/AO10 -> 0.29314259 | AS10: =+AM10/AO10 -> 0.41261668 | AT10: =1-AR10-AS10 -> 0.29424073 | AU10: =+AR10*AQ10 -> -197.69537 | AV10: =+AS10*AQ10 -> -278.26869 | AW10: =+AT10*AQ10 -> -198.43595 | AX10: =+AL10+AU10 -> 3753.1046 | AY10: =+AM10+AV10 -> 5282.7313 | AZ10: =+AN10+AW10 -> 3767.1641 | BA10: =+SUM(Efficiency2!K10:K11) -> 42.894432 | BB10: =BB9+BA10 -> 85.854888 | BC10: =+R10/BA10 -> 0.73741505 | BD10: =+S10/BB10 -> 0.85158809
A11: =A10+1 -> 45903 | B11: Facial | C11: 13/12 | D11: =+'3'!F42 -> 1215.125 | E11: =+'3'!G42 -> 935.64625 | F11: =1-(E11/D11) -> 0.23 | G11: =+P11/N11 -> 0.9154686 | H11: =+P11/L11 -> 0.90299749 | I11: =+R11/P11 -> 0.83188322 | J11: =+R11/L11 -> 0.75118846 | K11: =+S11/M11 -> 0.8184718 | L11: =+SUM(Efficiency1!K14:K15) -> 42.257039 | M11: =M10+L11 -> 128.11193 | N11: =+SUM(Efficiency1!C14:C15) -> 41.681386 | O11: =O10+N11 -> 126.73967 | P11: ='3'!I38 -> 38.158 | Q11: =Q10+P11 -> 116.703 | R11: ='3'!I40 -> 31.743 | S11: =S10+R11 -> 104.856 | T11: =+AX11 -> 3801.1346 | U11: =T11+U10 -> 10980.942 | V11: =T11/P11 -> 99.615666 | W11: =U11/Q11 -> 94.093055 | X11: =IF(AND(R11>0,T11>0),(T11/(R11*1000))*1000,0) -> 119.74718 | Y11: =IF(AND(S11>0,U11>0),U11/S11,0) -> 104.72402 | Z11: 55.3 | AA11: =Z11+AA10 -> 173.1 | AB11: =Z11/(P11) -> 1.4492374 | AC11: =AA11/(Q11) -> 1.4832524 | AD11: =IF(AND(R11>0,Z11>0),Z11/(R11),0) -> 1.7421164 | AE11: =IF(AND(S11>0,AA11>0),AA11/(S11),0) -> 1.6508354 | AF11: ='3'!I46 -> 33620.1 | AG11: =AF11+AG10 -> 104409.4 | AH11: =IF(AND(L11>0,AF11>0),(AF11/(P11*1000)*1000),0) -> 881.07605 | AI11: =IF(AND(M11>0,AG11>0),(AG11/(Q11*1000)*1000),0) -> 894.65909 | AJ11: =IF(AND(R11>0,AF11>0),(AF11/(R11*1000)*1000),0) -> 1059.1343 | AK11: =IF(AND(S11>0,AG11>0),(AG11/(S11*1000)*1000),0) -> 995.74083 | AL11: 3893 | AM11: 5447.5 | AN11: 3860 | AO11: =SUM(AL11:AN11) -> 13200.5 | AP11: =+[1]Sept!N6 -> 12889 | AQ11: =+AP11-AO11 -> -311.5 | AR11: =+AL11/AO11 -> 0.29491307 | AS11: =+AM11/AO11 -> 0.41267376 | AT11: =1-AR11-AS11 -> 0.29241317 | AU11: =+AR11*AQ11 -> -91.865422 | AV11: =+AS11*AQ11 -> -128.54788 | AW11: =+AT11*AQ11 -> -91.086701 | AX11: =+AL11+AU11 -> 3801.1346 | AY11: =+AM11+AV11 -> 5318.9521 | AZ11: =+AN11+AW11 -> 3768.9133 | BA11: =+SUM(Efficiency2!K14:K15) -> 42.257039 | BB11: =BB10+BA11 -> 128.11193 | BC11: =+R11/BA11 -> 0.75118846 | BD11: =+S11/BB11 -> 0.8184718
A12: =A11+1 -> 45904 | B12: Facial | C12: 12/14 | D12: =+'4'!F42 -> 1223.9514 | E12: =+'4'!G42 -> 924.53451 | F12: =1-(E12/D12) -> 0.24463135 | G12: =+P12/N12 -> 0.95909034 | H12: =+P12/L12 -> 0.95464608 | I12: =+R12/P12 -> 0.97801299 | J12: =+R12/L12 -> 0.93365626 | K12: =+S12/M12 -> 0.84769114 | L12: =+SUM(Efficiency1!K18:K19) -> 43.544934 | M12: =M11+L12 -> 171.65686 | N12: =+SUM(Efficiency1!C18:C19) -> 43.343154 | O12: =O11+N12 -> 170.08283 | P12: ='4'!I38 -> 41.57 | Q12: =Q11+P12 -> 158.273 | R12: ='4'!I40 -> 40.656 | S12: =S11+R12 -> 145.512 | T12: =+AX12 -> 3768.501 | U12: =T12+U11 -> 14749.443 | V12: =T12/P12 -> 90.654343 | W12: =U12/Q12 -> 93.189886 | X12: =IF(AND(R12>0,T12>0),(T12/(R12*1000))*1000,0) -> 92.692371 | Y12: =IF(AND(S12>0,U12>0),U12/S12,0) -> 101.36238 | Z12: 59.7 | AA12: =Z12+AA11 -> 232.8 | AB12: =Z12/(P12) -> 1.4361318 | AC12: =AA12/(Q12) -> 1.4708763 | AD12: =IF(AND(R12>0,Z12>0),Z12/(R12),0) -> 1.4684179 | AE12: =IF(AND(S12>0,AA12>0),AA12/(S12),0) -> 1.5998681 | AF12: ='4'!I46 -> 37489.92 | AG12: =AF12+AG11 -> 141899.32 | AH12: =IF(AND(L12>0,AF12>0),(AF12/(P12*1000)*1000),0) -> 901.85037 | AI12: =IF(AND(M12>0,AG12>0),(AG12/(Q12*1000)*1000),0) -> 896.54786 | AJ12: =IF(AND(R12>0,AF12>0),(AF12/(R12*1000)*1000),0) -> 922.12515 | AK12: =IF(AND(S12>0,AG12>0),(AG12/(S12*1000)*1000),0) -> 975.17263 | AL12: 3950.3 | AM12: 5547.2 | AN12: 3946.2 | AO12: =SUM(AL12:AN12) -> 13443.7 | AP12: =+[1]Sept!N7 -> 12825 | AQ12: =+AP12-AO12 -> -618.7 | AR12: =+AL12/AO12 -> 0.29384024 | AS12: =+AM12/AO12 -> 0.4126245 | AT12: =1-AR12-AS12 -> 0.29353526 | AU12: =+AR12*AQ12 -> -181.79895 | AV12: =+AS12*AQ12 -> -255.29078 | AW12: =+AT12*AQ12 -> -181.61027 | AX12: =+AL12+AU12 -> 3768.501 | AY12: =+AM12+AV12 -> 5291.9092 | AZ12: =+AN12+AW12 -> 3764.5897 | BA12: =+SUM(Efficiency2!K18:K19) -> 43.544934 | BB12: =BB11+BA12 -> 171.65686 | BC12: =+R12/BA12 -> 0.93365626 | BD12: =+S12/BB12 -> 0.84769114
A13: =A12+1 -> 45905 | B13: Facial | C13: 14 | D13: =+'5'!F42 -> 1230 | E13: =+'5'!G42 -> 922.5 | F13: =1-(E13/D13) -> 0.25 | G13: =+P13/N13 -> 0.95901711 | H13: =+P13/L13 -> 0.95901711 | I13: =+R13/P13 -> 0.97231632 | J13: =+R13/L13 -> 0.93246799 | K13: =+S13/M13 -> 0.86518585 | L13: =+Efficiency1!K22 -> 44.63424 | M13: =M12+L13 -> 216.2911 | N13: =+Efficiency1!C22 -> 44.63424 | O13: =O12+N13 -> 214.71707 | P13: ='5'!I38 -> 42.805 | Q13: =Q12+P13 -> 201.078 | R13: ='5'!I40 -> 41.62 | S13: =S12+R13 -> 187.132 | T13: =+AX13 -> 3742.2736 | U13: =T13+U12 -> 18491.716 | V13: =T13/P13 -> 87.426085 | W13: =U13/Q13 -> 91.962902 | X13: =IF(AND(R13>0,T13>0),(T13/(R13*1000))*1000,0) -> 89.91527 | Y13: =IF(AND(S13>0,U13>0),U13/S13,0) -> 98.816431 | Z13: 60.9 | AA13: =Z13+AA12 -> 293.7 | AB13: =Z13/(P13) -> 1.422731 | AC13: =AA13/(Q13) -> 1.4606272 | AD13: =IF(AND(R13>0,Z13>0),Z13/(R13),0) -> 1.4632388 | AE13: =IF(AND(S13>0,AA13>0),AA13/(S13),0) -> 1.5694804 | AF13: ='5'!I46 -> 34099.46 | AG13: =AF13+AG12 -> 175998.78 | AH13: =IF(AND(L13>0,AF13>0),(AF13/(P13*1000)*1000),0) -> 796.62329 | AI13: =IF(AND(M13>0,AG13>0),(AG13/(Q13*1000)*1000),0) -> 875.27616 | AJ13: =IF(AND(R13>0,AF13>0),(AF13/(R13*1000)*1000),0) -> 819.30466 | AK13: =IF(AND(S13>0,AG13>0),(AG13/(S13*1000)*1000),0) -> 940.50606 | AL13: 3929.6 | AM13: 5566.6 | AN13: 3432.1 | AO13: =SUM(AL13:AN13) -> 12928.3 | AP13: =+[1]Sept!N8 -> 12312 | AQ13: =+AP13-AO13 -> -616.3 | AR13: =+AL13/AO13 -> 0.30395334 | AS13: =+AM13/AO13 -> 0.43057479 | AT13: =1-AR13-AS13 -> 0.26547187 | AU13: =+AR13*AQ13 -> -187.32645 | AV13: =+AS13*AQ13 -> -265.36324 | AW13: =+AT13*AQ13 -> -163.61031 | AX13: =+AL13+AU13 -> 3742.2736 | AY13: =+AM13+AV13 -> 5301.2368 | AZ13: =+AN13+AW13 -> 3268.4897 | BA13: =+Efficiency2!K22 -> 44.63424 | BB13: =BB12+BA13 -> 216.2911 | BC13: =+R13/BA13 -> 0.93246799 | BD13: =+S13/BB13 -> 0.86518585
A14: =A13+1 -> 45906 | B14: Facial | C14: 14 | D14: =+'6'!F42 -> 1191.2432 | E14: =+'6'!G42 -> 893.43243 | F14: =1-(E14/D14) -> 0.25 | G14: =+P14/N14 -> 0.61253423 | H14: =+P14/L14 -> 0.61253423 | I14: =+R14/P14 -> 0.82765179 | J14: =+R14/L14 -> 0.50696506 | K14: =+S14/M14 -> 0.80390812 | L14: =+Efficiency1!K26 -> 44.63424 | M14: =M13+L14 -> 260.92534 | N14: =+Efficiency1!C26 -> 44.63424 | O14: =O13+N14 -> 259.35131 | P14: ='6'!I38 -> 27.34 | Q14: =Q13+P14 -> 228.418 | R14: ='6'!I40 -> 22.628 | S14: =S13+R14 -> 209.76 | T14: =+AX14 -> 2573.5487 | U14: =T14+U13 -> 21065.265 | V14: =T14/P14 -> 94.131263 | W14: =U14/Q14 -> 92.222439 | X14: =IF(AND(R14>0,T14>0),(T14/(R14*1000))*1000,0) -> 113.73293 | Y14: =IF(AND(S14>0,U14>0),U14/S14,0) -> 100.42556 | Z14: 45.5 | AA14: =Z14+AA13 -> 339.2 | AB14: =Z14/(P14) -> 1.6642282 | AC14: =AA14/(Q14) -> 1.4849968 | AD14: =IF(AND(R14>0,Z14>0),Z14/(R14),0) -> 2.0107831 | AE14: =IF(AND(S14>0,AA14>0),AA14/(S14),0) -> 1.6170862 | AF14: ='6'!I46 -> 23766.2 | AG14: =AF14+AG13 -> 199764.98 | AH14: =IF(AND(L14>0,AF14>0),(AF14/(P14*1000)*1000),0) -> 869.2831 | AI14: =IF(AND(M14>0,AG14>0),(AG14/(Q14*1000)*1000),0) -> 874.55884 | AJ14: =IF(AND(R14>0,AF14>0),(AF14/(R14*1000)*1000),0) -> 1050.3005 | AK14: =IF(AND(S14>0,AG14>0),(AG14/(S14*1000)*1000),0) -> 952.35021 | AL14: 2705.4 | AM14: 4755.4 | AN14: 3364.8 | AO14: =SUM(AL14:AN14) -> 10825.6 | AP14: =+[1]Sept!N9 -> 10298 | AQ14: =+AP14-AO14 -> -527.6 | AR14: =+AL14/AO14 -> 0.24990763 | AS14: =+AM14/AO14 -> 0.43927357 | AT14: =1-AR14-AS14 -> 0.3108188 | AU14: =+AR14*AQ14 -> -131.85126 | AV14: =+AS14*AQ14 -> -231.76074 | AW14: =+AT14*AQ14 -> -163.988 | AX14: =+AL14+AU14 -> 2573.5487 | AY14: =+AM14+AV14 -> 4523.6393 | AZ14: =+AN14+AW14 -> 3200.812 | BA14: =+Efficiency2!K26 -> 44.63424 | BB14: =BB13+BA14 -> 260.92534 | BC14: =+R14/BA14 -> 0.50696506 | BD14: =+S14/BB14 -> 0.80390812
A15: =A14+1 -> 45907 | B15: Facial/Toilet | C15: 14/12/12 | D15: =+'7'!F42 -> 1222.6415 | E15: =+'7'!G42 -> 936.79245 | F15: =1-(E15/D15) -> 0.2337963 | G15: =+P15/N15 -> 0.8451218 | H15: =+P15/L15 -> 0.8399417 | I15: =+R15/P15 -> 0.98752742 | J15: =+R15/L15 -> 0.82946545 | K15: =+S15/M15 -> 0.80742101 | L15: =+SUM(Efficiency1!K31:K33) -> 41.579791 | M15: =M14+L15 -> 302.50513 | N15: =+SUM(Efficiency1!C31:C33) -> 41.324931 | O15: =O14+N15 -> 300.67624 | P15: ='7'!I38 -> 34.9246 | Q15: =Q14+P15 -> 263.3426 | R15: ='7'!I40 -> 34.489 | S15: =S14+R15 -> 244.249 | T15: =+AX15 -> 3180.2115 | U15: =T15+U14 -> 24245.477 | V15: =T15/P15 -> 91.059352 | W15: =U15/Q15 -> 92.06819 | X15: =IF(AND(R15>0,T15>0),(T15/(R15*1000))*1000,0) -> 92.209442 | Y15: =IF(AND(S15>0,U15>0),U15/S15,0) -> 99.265408 | Z15: 55.1 | AA15: =Z15+AA14 -> 394.3 | AB15: =Z15/(P15) -> 1.5776845 | AC15: =AA15/(Q15) -> 1.4972891 | AD15: =IF(AND(R15>0,Z15>0),Z15/(R15),0) -> 1.5976108 | AE15: =IF(AND(S15>0,AA15>0),AA15/(S15),0) -> 1.6143362 | AF15: ='7'!I46 -> 35925.58 | AG15: =AF15+AG14 -> 235690.56 | AH15: =IF(AND(L15>0,AF15>0),(AF15/(P15*1000)*1000),0) -> 1028.6612 | AI15: =IF(AND(M15>0,AG15>0),(AG15/(Q15*1000)*1000),0) -> 894.99595 | AJ15: =IF(AND(R15>0,AF15>0),(AF15/(R15*1000)*1000),0) -> 1041.6533 | AK15: =IF(AND(S15>0,AG15>0),(AG15/(S15*1000)*1000),0) -> 964.96018 | AL15: 3489 | AM15: 5166.9 | AN15: 4154.9 | AO15: =SUM(AL15:AN15) -> 12810.8 | AP15: =+[1]Sept!N10 -> 11677 | AQ15: =+AP15-AO15 -> -1133.8 | AR15: =+AL15/AO15 -> 0.27234833 | AS15: =+AM15/AO15 -> 0.40332376 | AT15: =1-AR15-AS15 -> 0.32432791 | AU15: =+AR15*AQ15 -> -308.78854 | AV15: =+AS15*AQ15 -> -457.28848 | AW15: =+AT15*AQ15 -> -367.72299 | AX15: =+AL15+AU15 -> 3180.2115 | AY15: =+AM15+AV15 -> 4709.6115 | AZ15: =+AN15+AW15 -> 3787.177 | BA15: =+SUM(Efficiency2!K31:K33) -> 41.579791 | BB15: =BB14+BA15 -> 302.50513 | BC15: =+R15/BA15 -> 0.82946545 | BD15: =+S15/BB15 -> 0.80742101
A16: =A15+1 -> 45908 | B16: STOP | C16: 12 | D16: =+'8'!F42 -> 0 | E16: =+'8'!G42 -> 0 | F16: =1-(E16/D16) -> #DIV/0! | G16: =+P16/N16 -> 0 | H16: =+P16/L16 -> 0 | I16: =+R16/P16 -> #DIV/0! | J16: =+R16/L16 -> 0 | K16: =+S16/M16 -> 0.71088685 | L16: =+Efficiency1!K36 -> 41.078379 | M16: =M15+L16 -> 343.58351 | N16: =+Efficiency1!C36 -> 40.718576 | O16: =O15+N16 -> 341.39481 | P16: ='8'!I38 -> 0 | Q16: =Q15+P16 -> 263.3426 | R16: ='8'!I40 -> 0 | S16: =S15+R16 -> 244.249 | T16: =+AX16 -> 288.79704 | U16: =T16+U15 -> 24534.274 | V16: =T16/P16 -> #DIV/0! | W16: =U16/Q16 -> 93.164849 | X16: =IF(AND(R16>0,T16>0),(T16/(R16*1000))*1000,0) -> 0 | Y16: =IF(AND(S16>0,U16>0),U16/S16,0) -> 100.4478 | Z16: 15.8 | AA16: =Z16+AA15 -> 410.1 | AB16: =Z16/(P16) -> #DIV/0! | AC16: =AA16/(Q16) -> 1.557287 | AD16: =IF(AND(R16>0,Z16>0),Z16/(R16),0) -> 0 | AE16: =IF(AND(S16>0,AA16>0),AA16/(S16),0) -> 1.6790243 | AF16: ='8'!I46 -> 6737.7 | AG16: =AF16+AG15 -> 242428.26 | AH16: =IF(AND(L16>0,AF16>0),(AF16/(P16*1000)*1000),0) -> #DIV/0! | AI16: =IF(AND(M16>0,AG16>0),(AG16/(Q16*1000)*1000),0) -> 920.58125 | AJ16: =IF(AND(R16>0,AF16>0),(AF16/(R16*1000)*1000),0) -> 0 | AK16: =IF(AND(S16>0,AG16>0),(AG16/(S16*1000)*1000),0) -> 992.54556 | AL16: 301.1 | AM16: 5838.5 | AN16: 4083.1 | AO16: =SUM(AL16:AN16) -> 10222.7 | AP16: =+[1]Sept!N11 -> 9805 | AQ16: =+AP16-AO16 -> -417.7 | AR16: =+AL16/AO16 -> 0.029454058 | AS16: =+AM16/AO16 -> 0.57113091 | AT16: =1-AR16-AS16 -> 0.39941503 | AU16: =+AR16*AQ16 -> -12.30296 | AV16: =+AS16*AQ16 -> -238.56138 | AW16: =+AT16*AQ16 -> -166.83566 | AX16: =+AL16+AU16 -> 288.79704 | AY16: =+AM16+AV16 -> 5599.9386 | AZ16: =+AN16+AW16 -> 3916.2643 | BA16: =+Efficiency2!K36 -> 41.078379 | BB16: =BB15+BA16 -> 343.58351 | BC16: =+R16/BA16 -> 0 | BD16: =+S16/BB16 -> 0.71088685
A17: =A16+1 -> 45909 | B17: Facial | C17: 12/13 | D17: =+'9'!F42 -> 1123.75 | E17: =+'9'!G42 -> 865.2875 | F17: =1-(E17/D17) -> 0.23 | G17: =+P17/N17 -> 0.97413663 | H17: =+P17/L17 -> 0.88305266 | I17: =+R17/P17 -> 0.85867051 | J17: =+R17/L17 -> 0.75825128 | K17: =+S17/M17 -> 0.71642963 | L17: =+SUM(Efficiency1!K41:K42) -> 45.536356 | M17: =M16+L17 -> 389.11987 | N17: =+SUM(Efficiency1!C41:C42) -> 41.278604 | O17: =O16+N17 -> 382.67342 | P17: ='9'!I38 -> 40.211 | Q17: =Q16+P17 -> 303.5536 | R17: ='9'!I40 -> 34.528 | S17: =S16+R17 -> 278.777 | T17: =+AX17 -> 3682.139 | U17: =T17+U16 -> 28216.413 | V17: =T17/P17 -> 91.570441 | W17: =U17/Q17 -> 92.953642 | X17: =IF(AND(R17>0,T17>0),(T17/(R17*1000))*1000,0) -> 106.64212 | Y17: =IF(AND(S17>0,U17>0),U17/S17,0) -> 101.21499 | Z17: 64.5 | AA17: =Z17+AA16 -> 474.6 | AB17: =Z17/(P17) -> 1.6040387 | AC17: =AA17/(Q17) -> 1.5634801 | AD17: =IF(AND(R17>0,Z17>0),Z17/(R17),0) -> 1.8680491 | AE17: =IF(AND(S17>0,AA17>0),AA17/(S17),0) -> 1.702436 | AF17: ='9'!I46 -> 35659.62 | AG17: =AF17+AG16 -> 278087.88 | AH17: =IF(AND(L17>0,AF17>0),(AF17/(P17*1000)*1000),0) -> 886.81256 | AI17: =IF(AND(M17>0,AG17>0),(AG17/(Q17*1000)*1000),0) -> 916.108 | AJ17: =IF(AND(R17>0,AF17>0),(AF17/(R17*1000)*1000),0) -> 1032.774 | AK17: =IF(AND(S17>0,AG17>0),(AG17/(S17*1000)*1000),0) -> 997.52806 | AL17: 4075.3 | AM17: 4405.6 | AN17: 3623.9 | AO17: =SUM(AL17:AN17) -> 12104.8 | AP17: =+[1]Sept!N12 -> 10937 | AQ17: =+AP17-AO17 -> -1167.8 | AR17: =+AL17/AO17 -> 0.3366681 | AS17: =+AM17/AO17 -> 0.36395479 | AT17: =1-AR17-AS17 -> 0.29937711 | AU17: =+AR17*AQ17 -> -393.16101 | AV17: =+AS17*AQ17 -> -425.02641 | AW17: =+AT17*AQ17 -> -349.61259 | AX17: =+AL17+AU17 -> 3682.139 | AY17: =+AM17+AV17 -> 3980.5736 | AZ17: =+AN17+AW17 -> 3274.2874 | BA17: =+SUM(Efficiency2!K41:K42) -> 45.536356 | BB17: =BB16+BA17 -> 389.11987 | BC17: =+R17/BA17 -> 0.75825128 | BD17: =+S17/BB17 -> 0.71642963
A18: =A17+1 -> 45910 | B18: Facial | C18: 12/12,5 | D18: =+'10'!F42 -> 1230 | E18: =+'10'!G42 -> 947.1 | F18: =1-(E18/D18) -> 0.23 | G18: =+P18/N18 -> 0.90498989 | H18: =+P18/L18 -> 0.8998398 | I18: =+R18/P18 -> 0.94562851 | J18: =+R18/L18 -> 0.85091418 | K18: =+S18/M18 -> 0.73006475 | L18: =+SUM(Efficiency1!K45:K46) -> 43.90337 | M18: =M17+L18 -> 433.02324 | N18: =+SUM(Efficiency1!C45:C46) -> 43.653526 | O18: =O17+N18 -> 426.32694 | P18: ='10'!I38 -> 39.506 | Q18: =Q17+P18 -> 343.0596 | R18: ='10'!I40 -> 37.358 | S18: =S17+R18 -> 316.135 | T18: =+AX18 -> 4248.9101 | U18: =T18+U17 -> 32465.323 | V18: =T18/P18 -> 107.55101 | W18: =U18/Q18 -> 94.634643 | X18: =IF(AND(R18>0,T18>0),(T18/(R18*1000))*1000,0) -> 113.73495 | Y18: =IF(AND(S18>0,U18>0),U18/S18,0) -> 102.69449 | Z18: 58.4 | AA18: =Z18+AA17 -> 533 | AB18: =Z18/(P18) -> 1.4782565 | AC18: =AA18/(Q18) -> 1.5536659 | AD18: =IF(AND(R18>0,Z18>0),Z18/(R18),0) -> 1.5632529 | AE18: =IF(AND(S18>0,AA18>0),AA18/(S18),0) -> 1.6859886 | AF18: ='10'!I46 -> 34183.14 | AG18: =AF18+AG17 -> 312271.02 | AH18: =IF(AND(L18>0,AF18>0),(AF18/(P18*1000)*1000),0) -> 865.26452 | AI18: =IF(AND(M18>0,AG18>0),(AG18/(Q18*1000)*1000),0) -> 910.25297 | AJ18: =IF(AND(R18>0,AF18>0),(AF18/(R18*1000)*1000),0) -> 915.01526 | AK18: =IF(AND(S18>0,AG18>0),(AG18/(S18*1000)*1000),0) -> 987.77744 | AL18: 4141.4 | AM18: 1817.1 | AN18: 3290.4 | AO18: =SUM(AL18:AN18) -> 9248.9 | AP18: =+[1]Sept!N13 -> 9489 | AQ18: =+AP18-AO18 -> 240.1 | AR18: =+AL18/AO18 -> 0.44777217 | AS18: =+AM18/AO18 -> 0.19646661 | AT18: =1-AR18-AS18 -> 0.35576123 | AU18: =+AR18*AQ18 -> 107.5101 | AV18: =+AS18*AQ18 -> 47.171632 | AW18: =+AT18*AQ18 -> 85.41827 | AX18: =+AL18+AU18 -> 4248.9101 | AY18: =+AM18+AV18 -> 1864.2716 | AZ18: =+AN18+AW18 -> 3375.8183 | BA18: =+SUM(Efficiency2!K45:K46) -> 43.90337 | BB18: =BB17+BA18 -> 433.02324 | BC18: =+R18/BA18 -> 0.85091418 | BD18: =+S18/BB18 -> 0.73006475
A19: =A18+1 -> 45911 | B19: Facial | C19: 12,5/12 | D19: =+'11'!F42 -> 1195.0373 | E19: =+'11'!G42 -> 920.17873 | F19: =1-(E19/D19) -> 0.23 | G19: =+P19/N19 -> 0.93065184 | H19: =+P19/L19 -> 0.89446932 | I19: =+R19/P19 -> 0.97806918 | J19: =+R19/L19 -> 0.87485288 | K19: =+S19/M19 -> 0.74355839 | L19: =+SUM(Efficiency1!K50:K51) -> 44.503483 | M19: =M18+L19 -> 477.52672 | N19: =+SUM(Efficiency1!C50:C51) -> 42.773246 | O19: =O18+N19 -> 469.10019 | P19: ='11'!I38 -> 39.807 | Q19: =Q18+P19 -> 382.8666 | R19: ='11'!I40 -> 38.934 | S19: =S18+R19 -> 355.069 | T19: =+AX19 -> 3443.871 | U19: =T19+U18 -> 35909.194 | V19: =T19/P19 -> 86.514205 | W19: =U19/Q19 -> 93.790353 | X19: =IF(AND(R19>0,T19>0),(T19/(R19*1000))*1000,0) -> 88.454075 | Y19: =IF(AND(S19>0,U19>0),U19/S19,0) -> 101.133 | Z19: 60.2 | AA19: =Z19+AA18 -> 593.2 | AB19: =Z19/(P19) -> 1.5122968 | AC19: =AA19/(Q19) -> 1.5493647 | AD19: =IF(AND(R19>0,Z19>0),Z19/(R19),0) -> 1.5462064 | AE19: =IF(AND(S19>0,AA19>0),AA19/(S19),0) -> 1.6706612 | AF19: ='11'!I46 -> 37218.96 | AG19: =AF19+AG18 -> 349489.98 | AH19: =IF(AND(L19>0,AF19>0),(AF19/(P19*1000)*1000),0) -> 934.9853 | AI19: =IF(AND(M19>0,AG19>0),(AG19/(Q19*1000)*1000),0) -> 912.82441 | AJ19: =IF(AND(R19>0,AF19>0),(AF19/(R19*1000)*1000),0) -> 955.95007 | AK19: =IF(AND(S19>0,AG19>0),(AG19/(S19*1000)*1000),0) -> 984.2875 | AL19: 3778.1 | AM19: 4791.6 | AN19: 3294.9 | AO19: =SUM(AL19:AN19) -> 11864.6 | AP19: =+[1]Sept!N14 -> 10815 | AQ19: =+AP19-AO19 -> -1049.6 | AR19: =+AL19/AO19 -> 0.31843467 | AS19: =+AM19/AO19 -> 0.40385685 | AT19: =1-AR19-AS19 -> 0.27770848 | AU19: =+AR19*AQ19 -> -334.22903 | AV19: =+AS19*AQ19 -> -423.88815 | AW19: =+AT19*AQ19 -> -291.48282 | AX19: =+AL19+AU19 -> 3443.871 | AY19: =+AM19+AV19 -> 4367.7118 | AZ19: =+AN19+AW19 -> 3003.4172 | BA19: =+SUM(Efficiency2!K50:K51) -> 44.503483 | BB19: =BB18+BA19 -> 477.52672 | BC19: =+R19/BA19 -> 0.87485288 | BD19: =+S19/BB19 -> 0.74355839
A20: =A19+1 -> 45912 | B20: Facial | C20: 12/13,5/13 | D20: =+'12'!F42 -> 1228.2292 | E20: =+'12'!G42 -> 945.73646 | F20: =1-(E20/D20) -> 0.23 | G20: =+P20/N20 -> 0.98942646 | H20: =+P20/L20 -> 0.98114154 | I20: =+R20/P20 -> 0.90031749 | J20: =+R20/L20 -> 0.88333889 | K20: =+S20/M20 -> 0.75566095 | L20: =+SUM(Efficiency1!K55:K57) -> 45.264621 | M20: =M19+L20 -> 522.79134 | N20: =+SUM(Efficiency1!C55:C57) -> 44.8856 | O20: =O19+N20 -> 513.98579 | P20: ='12'!I38 -> 44.411 | Q20: =Q19+P20 -> 427.2776 | R20: ='12'!I40 -> 39.984 | S20: =S19+R20 -> 395.053 | T20: =+AX20 -> 4051.9974 | U20: =T20+U19 -> 39961.191 | V20: =T20/P20 -> 91.238598 | W20: =U20/Q20 -> 93.525125 | X20: =IF(AND(R20>0,T20>0),(T20/(R20*1000))*1000,0) -> 101.34047 | Y20: =IF(AND(S20>0,U20>0),U20/S20,0) -> 101.154 | Z20: 60.8 | AA20: =Z20+AA19 -> 654 | AB20: =Z20/(P20) -> 1.3690302 | AC20: =AA20/(Q20) -> 1.5306208 | AD20: =IF(AND(R20>0,Z20>0),Z20/(R20),0) -> 1.5206082 | AE20: =IF(AND(S20>0,AA20>0),AA20/(S20),0) -> 1.6554741 | AF20: ='12'!I46 -> 39870.6 | AG20: =AF20+AG19 -> 389360.58 | AH20: =IF(AND(L20>0,AF20>0),(AF20/(P20*1000)*1000),0) -> 897.76407 | AI20: =IF(AND(M20>0,AG20>0),(AG20/(Q20*1000)*1000),0) -> 911.25905 | AJ20: =IF(AND(R20>0,AF20>0),(AF20/(R20*1000)*1000),0) -> 997.16387 | AK20: =IF(AND(S20>0,AG20>0),(AG20/(S20*1000)*1000),0) -> 985.59074 | AL20: 4145.1 | AM20: 6415.6 | AN20: 3610.6 | AO20: =SUM(AL20:AN20) -> 14171.3 | AP20: =+[1]Sept!N15 -> 13853 | AQ20: =+AP20-AO20 -> -318.3 | AR20: =+AL20/AO20 -> 0.29249963 | AS20: =+AM20/AO20 -> 0.45271782 | AT20: =1-AR20-AS20 -> 0.25478255 | AU20: =+AR20*AQ20 -> -93.102632 | AV20: =+AS20*AQ20 -> -144.10008 | AW20: =+AT20*AQ20 -> -81.097287 | AX20: =+AL20+AU20 -> 4051.9974 | AY20: =+AM20+AV20 -> 6271.4999 | AZ20: =+AN20+AW20 -> 3529.5027 | BA20: =+SUM(Efficiency2!K55:K57) -> 45.264621 | BB20: =BB19+BA20 -> 522.79134 | BC20: =+R20/BA20 -> 0.88333889 | BD20: =+S20/BB20 -> 0.75566095
A21: =A20+1 -> 45913 | B21: Facial | C21: 13/12 | D21: =+'13'!F42 -> 1230 | E21: =+'13'!G42 -> 947.1 | F21: =1-(E21/D21) -> 0.23 | G21: =+P21/N21 -> 0.31265985 | H21: =+P21/L21 -> 0.31181437 | I21: =+R21/P21 -> 1.3655299 | J21: =+R21/L21 -> 0.42579185 | K21: =+S21/M21 -> 0.73019933 | L21: =+SUM(Efficiency1!K59:K60) -> 43.727939 | M21: =M20+L21 -> 566.51928 | N21: =+SUM(Efficiency1!C59:C60) -> 43.609693 | O21: =O20+N21 -> 557.59548 | P21: ='13'!I38 -> 13.635 | Q21: =Q20+P21 -> 440.9126 | R21: ='13'!I40 -> 18.619 | S21: =S20+R21 -> 413.672 | T21: =+AX21 -> 1108.2831 | U21: =T21+U20 -> 41069.474 | V21: =T21/P21 -> 81.282224 | W21: =U21/Q21 -> 93.14652 | X21: =IF(AND(R21>0,T21>0),(T21/(R21*1000))*1000,0) -> 59.52431 | Y21: =IF(AND(S21>0,U21>0),U21/S21,0) -> 99.280285 | Z21: 19.2 | AA21: =Z21+AA20 -> 673.2 | AB21: =Z21/(P21) -> 1.4081408 | AC21: =AA21/(Q21) -> 1.5268332 | AD21: =IF(AND(R21>0,Z21>0),Z21/(R21),0) -> 1.0312047 | AE21: =IF(AND(S21>0,AA21>0),AA21/(S21),0) -> 1.6273763 | AF21: ='13'!I46 -> 21110.86 | AG21: =AF21+AG20 -> 410471.44 | AH21: =IF(AND(L21>0,AF21>0),(AF21/(P21*1000)*1000),0) -> 1548.2846 | AI21: =IF(AND(M21>0,AG21>0),(AG21/(Q21*1000)*1000),0) -> 930.95874 | AJ21: =IF(AND(R21>0,AF21>0),(AF21/(R21*1000)*1000),0) -> 1133.8343 | AK21: =IF(AND(S21>0,AG21>0),(AG21/(S21*1000)*1000),0) -> 992.26305 | AL21: 1134.4 | AM21: 6869.1 | AN21: 3784.9 | AO21: =SUM(AL21:AN21) -> 11788.4 | AP21: =+[1]Sept!N16 -> 11517 | AQ21: =+AP21-AO21 -> -271.4 | AR21: =+AL21/AO21 -> 0.096230192 | AS21: =+AM21/AO21 -> 0.58269994 | AT21: =1-AR21-AS21 -> 0.32106987 | AU21: =+AR21*AQ21 -> -26.116874 | AV21: =+AS21*AQ21 -> -158.14476 | AW21: =+AT21*AQ21 -> -87.138361 | AX21: =+AL21+AU21 -> 1108.2831 | AY21: =+AM21+AV21 -> 6710.9552 | AZ21: =+AN21+AW21 -> 3697.7616 | BA21: =+SUM(Efficiency2!K59:K60) -> 14.023852 | BB21: =BB20+BA21 -> 536.81519 | BC21: =+R21/BA21 -> 1.3276666 | BD21: =+S21/BB21 -> 0.77060412
A22: =A21+1 -> 45914 | B22: STOP | C22: 12 | D22: =+'14'!F42 -> 0 | E22: =+'14'!G42 -> 0 | F22: =1-(E22/D22) -> #DIV/0! | G22: =+P22/N22 -> 0 | H22: =+P22/L22 -> 0 | I22: =+R22/P22 -> #DIV/0! | J22: =+R22/L22 -> 0 | K22: =+S22/M22 -> 0.67845643 | L22: =+Efficiency1!K64 -> 43.205944 | M22: =M21+L22 -> 609.72522 | N22: =+Efficiency1!C64 -> 43.205944 | O22: =O21+N22 -> 600.80143 | P22: ='14'!I38 -> 0 | Q22: =Q21+P22 -> 440.9126 | R22: ='14'!I40 -> 0 | S22: =S21+R22 -> 413.672 | T22: =+AX22 -> 0 | U22: =T22+U21 -> 41069.474 | V22: =T22/P22 -> #DIV/0! | W22: =U22/Q22 -> 93.14652 | X22: =IF(AND(R22>0,T22>0),(T22/(R22*1000))*1000,0) -> 0 | Y22: =IF(AND(S22>0,U22>0),U22/S22,0) -> 99.280285 | Z22: 2 | AA22: =Z22+AA21 -> 675.2 | AB22: =Z22/(P22) -> #DIV/0! | AC22: =AA22/(Q22) -> 1.5313693 | AD22: =IF(AND(R22>0,Z22>0),Z22/(R22),0) -> 0 | AE22: =IF(AND(S22>0,AA22>0),AA22/(S22),0) -> 1.632211 | AF22: ='14'!I46 -> 6791.74 | AG22: =AF22+AG21 -> 417263.18 | AH22: =IF(AND(L22>0,AF22>0),(AF22/(P22*1000)*1000),0) -> #DIV/0! | AI22: =IF(AND(M22>0,AG22>0),(AG22/(Q22*1000)*1000),0) -> 946.36257 | AJ22: =IF(AND(R22>0,AF22>0),(AF22/(R22*1000)*1000),0) -> 0 | AK22: =IF(AND(S22>0,AG22>0),(AG22/(S22*1000)*1000),0) -> 1008.6812 | AL22: 0 | AM22: 5705.8 | AN22: 4068.3 | AO22: =SUM(AL22:AN22) -> 9774.1 | AP22: =+[1]Sept!N17 -> 8962 | AQ22: =+AP22-AO22 -> -812.1 | AR22: =+AL22/AO22 -> 0 | AS22: =+AM22/AO22 -> 0.5837673 | AT22: =1-AR22-AS22 -> 0.4162327 | AU22: =+AR22*AQ22 -> 0 | AV22: =+AS22*AQ22 -> -474.07743 | AW22: =+AT22*AQ22 -> -338.02257 | AX22: =+AL22+AU22 -> 0 | AY22: =+AM22+AV22 -> 5231.7226 | AZ22: =+AN22+AW22 -> 3730.2774 | BA22: =+Efficiency2!K64 -> 0 | BB22: =BB21+BA22 -> 536.81519 | BC22: =+R22/BA22 -> #DIV/0! | BD22: =+S22/BB22 -> 0.77060412
A23: =A22+1 -> 45915 | B23: STOP | C23: 12 | D23: =+'15'!F42 -> 0 | E23: =+'15'!G42 -> 0 | F23: =1-(E23/D23) -> #DIV/0! | G23: =+P23/N23 -> 0 | H23: =+P23/L23 -> 0 | I23: =+R23/P23 -> #DIV/0! | J23: =+R23/L23 -> 0 | K23: =+S23/M23 -> 0.63356142 | L23: =+Efficiency1!K69 -> 43.205944 | M23: =M22+L23 -> 652.93117 | N23: =+Efficiency1!C69 -> 43.205944 | O23: =O22+N23 -> 644.00737 | P23: ='15'!I38 -> 0 | Q23: =Q22+P23 -> 440.9126 | R23: ='15'!I40 -> 0 | S23: =S22+R23 -> 413.672 | T23: =+AX23 -> 0 | U23: =T23+U22 -> 41069.474 | V23: =T23/P23 -> #DIV/0! | W23: =U23/Q23 -> 93.14652 | X23: =IF(AND(R23>0,T23>0),(T23/(R23*1000))*1000,0) -> 0 | Y23: =IF(AND(S23>0,U23>0),U23/S23,0) -> 99.280285 | Z23: 2.6 | AA23: =Z23+AA22 -> 677.8 | AB23: =Z23/(P23) -> #DIV/0! | AC23: =AA23/(Q23) -> 1.5372661 | AD23: =IF(AND(R23>0,Z23>0),Z23/(R23),0) -> 0 | AE23: =IF(AND(S23>0,AA23>0),AA23/(S23),0) -> 1.6384962 | AF23: ='15'!I46 -> 6015.06 | AG23: =AF23+AG22 -> 423278.24 | AH23: =IF(AND(L23>0,AF23>0),(AF23/(P23*1000)*1000),0) -> #DIV/0! | AI23: =IF(AND(M23>0,AG23>0),(AG23/(Q23*1000)*1000),0) -> 960.00486 | AJ23: =IF(AND(R23>0,AF23>0),(AF23/(R23*1000)*1000),0) -> 0 | AK23: =IF(AND(S23>0,AG23>0),(AG23/(S23*1000)*1000),0) -> 1023.2219 | AL23: 0 | AM23: 6410.1 | AN23: 3956.6 | AO23: =SUM(AL23:AN23) -> 10366.7 | AP23: =+[1]Sept!N18 -> 9595 | AQ23: =+AP23-AO23 -> -771.7 | AR23: =+AL23/AO23 -> 0 | AS23: =+AM23/AO23 -> 0.61833563 | AT23: =1-AR23-AS23 -> 0.38166437 | AU23: =+AR23*AQ23 -> 0 | AV23: =+AS23*AQ23 -> -477.16961 | AW23: =+AT23*AQ23 -> -294.53039 | AX23: =+AL23+AU23 -> 0 | AY23: =+AM23+AV23 -> 5932.9304 | AZ23: =+AN23+AW23 -> 3662.0696 | BA23: =+Efficiency2!K69 -> 0 | BB23: =BB22+BA23 -> 536.81519 | BC23: =+R23/BA23 -> #DIV/0! | BD23: =+S23/BB23 -> 0.77060412
A24: =A23+1 -> 45916 | B24: STOP | C24: 12 | D24: =+'16'!F42 -> 0 | E24: =+'16'!G42 -> 0 | F24: =1-(E24/D24) -> #DIV/0! | G24: =+P24/N24 -> 0 | H24: =+P24/L24 -> 0 | I24: =+R24/P24 -> #DIV/0! | J24: =+R24/L24 -> 0 | K24: =+S24/M24 -> 0.59423926 | L24: =+Efficiency1!K74 -> 43.205944 | M24: =M23+L24 -> 696.13711 | N24: =+Efficiency1!C74 -> 43.205944 | O24: =O23+N24 -> 687.21332 | P24: ='16'!I38 -> 0 | Q24: =Q23+P24 -> 440.9126 | R24: ='16'!I40 -> 0 | S24: =S23+R24 -> 413.672 | T24: =+AX24 -> 0 | U24: =T24+U23 -> 41069.474 | V24: =T24/P24 -> #DIV/0! | W24: =U24/Q24 -> 93.14652 | X24: =IF(AND(R24>0,T24>0),(T24/(R24*1000))*1000,0) -> 0 | Y24: =IF(AND(S24>0,U24>0),U24/S24,0) -> 99.280285 | Z24: 15.3 | AA24: =Z24+AA23 -> 693.1 | AB24: =Z24/(P24) -> #DIV/0! | AC24: =AA24/(Q24) -> 1.5719669 | AD24: =IF(AND(R24>0,Z24>0),Z24/(R24),0) -> 0 | AE24: =IF(AND(S24>0,AA24>0),AA24/(S24),0) -> 1.675482 | AF24: ='16'!I46 -> 8464.42 | AG24: =AF24+AG23 -> 431742.66 | AH24: =IF(AND(L24>0,AF24>0),(AF24/(P24*1000)*1000),0) -> #DIV/0! | AI24: =IF(AND(M24>0,AG24>0),(AG24/(Q24*1000)*1000),0) -> 979.20236 | AJ24: =IF(AND(R24>0,AF24>0),(AF24/(R24*1000)*1000),0) -> 0 | AK24: =IF(AND(S24>0,AG24>0),(AG24/(S24*1000)*1000),0) -> 1043.6835 | AL24: 0 | AM24: 6261.7 | AN24: 3554 | AO24: =SUM(AL24:AN24) -> 9815.7 | AP24: =+[1]Sept!N19 -> 9071 | AQ24: =+AP24-AO24 -> -744.7 | AR24: =+AL24/AO24 -> 0 | AS24: =+AM24/AO24 -> 0.63792699 | AT24: =1-AR24-AS24 -> 0.36207301 | AU24: =+AR24*AQ24 -> 0 | AV24: =+AS24*AQ24 -> -475.06423 | AW24: =+AT24*AQ24 -> -269.63577 | AX24: =+AL24+AU24 -> 0 | AY24: =+AM24+AV24 -> 5786.6358 | AZ24: =+AN24+AW24 -> 3284.3642 | BA24: =+Efficiency2!K74 -> 0 | BB24: =BB23+BA24 -> 536.81519 | BC24: =+R24/BA24 -> #DIV/0! | BD24: =+S24/BB24 -> 0.77060412
A25: =A24+1 -> 45917 | B25: STOP | C25: 12 | D25: =+'17'!F42 -> 0 | E25: =+'17'!G42 -> 0 | F25: =1-(E25/D25) -> #DIV/0! | G25: =+P25/N25 -> 0 | H25: =+P25/L25 -> 0 | I25: =+R25/P25 -> #DIV/0! | J25: =+R25/L25 -> 0 | K25: =+S25/M25 -> 0.55951293 | L25: =+Efficiency1!K79 -> 43.205944 | M25: =M24+L25 -> 739.34306 | N25: =+Efficiency1!M79 -> 947.1 | O25: =O24+N25 -> 1634.3133 | P25: ='17'!I38 -> 0 | Q25: =Q24+P25 -> 440.9126 | R25: ='17'!I40 -> 0 | S25: =S24+R25 -> 413.672 | T25: =+AX25 -> 0 | U25: =T25+U24 -> 41069.474 | V25: =T25/P25 -> #DIV/0! | W25: =U25/Q25 -> 93.14652 | X25: =IF(AND(R25>0,T25>0),(T25/(R25*1000))*1000,0) -> 0 | Y25: =IF(AND(S25>0,U25>0),U25/S25,0) -> 99.280285 | Z25: 5.5 | AA25: =Z25+AA24 -> 698.6 | AB25: =Z25/(P25) -> #DIV/0! | AC25: =AA25/(Q25) -> 1.584441 | AD25: =IF(AND(R25>0,Z25>0),Z25/(R25),0) -> 0 | AE25: =IF(AND(S25>0,AA25>0),AA25/(S25),0) -> 1.6887776 | AF25: ='17'!I46 -> 7350.72 | AG25: =AF25+AG24 -> 439093.38 | AH25: =IF(AND(L25>0,AF25>0),(AF25/(P25*1000)*1000),0) -> #DIV/0! | AI25: =IF(AND(M25>0,AG25>0),(AG25/(Q25*1000)*1000),0) -> 995.87397 | AJ25: =IF(AND(R25>0,AF25>0),(AF25/(R25*1000)*1000),0) -> 0 | AK25: =IF(AND(S25>0,AG25>0),(AG25/(S25*1000)*1000),0) -> 1061.453 | AL25: 0 | AM25: 6367 | AN25: 3841.6 | AO25: =SUM(AL25:AN25) -> 10208.6 | AP25: =+[1]Sept!N20 -> 10291 | AQ25: =+AP25-AO25 -> 82.4 | AR25: =+AL25/AO25 -> 0 | AS25: =+AM25/AO25 -> 0.62368983 | AT25: =1-AR25-AS25 -> 0.37631017 | AU25: =+AR25*AQ25 -> 0 | AV25: =+AS25*AQ25 -> 51.392042 | AW25: =+AT25*AQ25 -> 31.007958 | AX25: =+AL25+AU25 -> 0 | AY25: =+AM25+AV25 -> 6418.392 | AZ25: =+AN25+AW25 -> 3872.608 | BA25: =+Efficiency2!K79 -> 0 | BB25: =BB24+BA25 -> 536.81519 | BC25: =+R25/BA25 -> #DIV/0! | BD25: =+S25/BB25 -> 0.77060412
A26: =A25+1 -> 45918 | B26: STOP | C26: 12 | D26: =+'18'!F42 -> 0 | E26: =+'18'!G42 -> 0 | F26: =1-(E26/D26) -> #DIV/0! | G26: =+P26/N26 -> 0 | H26: =+P26/L26 -> 0 | I26: =+R26/P26 -> #DIV/0! | J26: =+R26/L26 -> 0 | K26: =+S26/M26 -> 0.52862121 | L26: =+Efficiency1!K84 -> 43.205944 | M26: =M25+L26 -> 782.549 | N26: =+Efficiency1!C84 -> 43.205944 | O26: =O25+N26 -> 1677.5193 | P26: ='18'!I38 -> 0 | Q26: =Q25+P26 -> 440.9126 | R26: ='18'!I40 -> 0 | S26: =S25+R26 -> 413.672 | T26: =+AX26 -> 0 | U26: =T26+U25 -> 41069.474 | V26: =T26/P26 -> #DIV/0! | W26: =U26/Q26 -> 93.14652 | X26: =IF(AND(R26>0,T26>0),(T26/(R26*1000))*1000,0) -> 0 | Y26: =IF(AND(S26>0,U26>0),U26/S26,0) -> 99.280285 | Z26: 2.7 | AA26: =Z26+AA25 -> 701.3 | AB26: =Z26/(P26) -> #DIV/0! | AC26: =AA26/(Q26) -> 1.5905647 | AD26: =IF(AND(R26>0,Z26>0),Z26/(R26),0) -> 0 | AE26: =IF(AND(S26>0,AA26>0),AA26/(S26),0) -> 1.6953045 | AF26: ='18'!I46 -> 5151.86 | AG26: =AF26+AG25 -> 444245.24 | AH26: =IF(AND(L26>0,AF26>0),(AF26/(P26*1000)*1000),0) -> #DIV/0! | AI26: =IF(AND(M26>0,AG26>0),(AG26/(Q26*1000)*1000),0) -> 1007.5585 | AJ26: =IF(AND(R26>0,AF26>0),(AF26/(R26*1000)*1000),0) -> 0 | AK26: =IF(AND(S26>0,AG26>0),(AG26/(S26*1000)*1000),0) -> 1073.907 | AL26: 0 | AM26: 6018 | AN26: 3472.3 | AO26: =SUM(AL26:AN26) -> 9490.3 | AP26: =+[1]Sept!N21 -> 9231 | AQ26: =+AP26-AO26 -> -259.3 | AR26: =+AL26/AO26 -> 0 | AS26: =+AM26/AO26 -> 0.63412116 | AT26: =1-AR26-AS26 -> 0.36587884 | AU26: =+AR26*AQ26 -> 0 | AV26: =+AS26*AQ26 -> -164.42762 | AW26: =+AT26*AQ26 -> -94.872384 | AX26: =+AL26+AU26 -> 0 | AY26: =+AM26+AV26 -> 5853.5724 | AZ26: =+AN26+AW26 -> 3377.4276 | BA26: =+Efficiency2!K84 -> 0 | BB26: =BB25+BA26 -> 536.81519 | BC26: =+R26/BA26 -> #DIV/0! | BD26: =+S26/BB26 -> 0.77060412
A27: =A26+1 -> 45919 | B27: STOP | C27: 12 | D27: =+'19'!F42 -> 0 | E27: =+'19'!G42 -> 0 | F27: =1-(E27/D27) -> #DIV/0! | G27: =+P27/N27 -> 0 | H27: =+P27/L27 -> 0 | I27: =+R27/P27 -> #DIV/0! | J27: =+R27/L27 -> 0 | K27: =+S27/M27 -> 0.50096218 | L27: =+Efficiency1!K89 -> 43.205944 | M27: =M26+L27 -> 825.75495 | N27: =+Efficiency1!C89 -> 43.205944 | O27: =O26+N27 -> 1720.7252 | P27: ='19'!I38 -> 0 | Q27: =Q26+P27 -> 440.9126 | R27: ='19'!I40 -> 0 | S27: =S26+R27 -> 413.672 | T27: =+AX27 -> 0 | U27: =T27+U26 -> 41069.474 | V27: =T27/P27 -> #DIV/0! | W27: =U27/Q27 -> 93.14652 | X27: =IF(AND(R27>0,T27>0),(T27/(R27*1000))*1000,0) -> 0 | Y27: =IF(AND(S27>0,U27>0),U27/S27,0) -> 99.280285 | Z27: 3.9 | AA27: =Z27+AA26 -> 705.2 | AB27: =Z27/(P27) -> #DIV/0! | AC27: =AA27/(Q27) -> 1.59941 | AD27: =IF(AND(R27>0,Z27>0),Z27/(R27),0) -> 0 | AE27: =IF(AND(S27>0,AA27>0),AA27/(S27),0) -> 1.7047323 | AF27: ='19'!I46 -> 7147.1 | AG27: =AF27+AG26 -> 451392.34 | AH27: =IF(AND(L27>0,AF27>0),(AF27/(P27*1000)*1000),0) -> #DIV/0! | AI27: =IF(AND(M27>0,AG27>0),(AG27/(Q27*1000)*1000),0) -> 1023.7683 | AJ27: =IF(AND(R27>0,AF27>0),(AF27/(R27*1000)*1000),0) -> 0 | AK27: =IF(AND(S27>0,AG27>0),(AG27/(S27*1000)*1000),0) -> 1091.1842 | AL27: 0 | AM27: 6275.7 | AN27: 3535.4 | AO27: =SUM(AL27:AN27) -> 9811.1 | AP27: =+[1]Sept!N22 -> 9557 | AQ27: =+AP27-AO27 -> -254.1 | AR27: =+AL27/AO27 -> 0 | AS27: =+AM27/AO27 -> 0.63965305 | AT27: =1-AR27-AS27 -> 0.36034695 | AU27: =+AR27*AQ27 -> 0 | AV27: =+AS27*AQ27 -> -162.53584 | AW27: =+AT27*AQ27 -> -91.564161 | AX27: =+AL27+AU27 -> 0 | AY27: =+AM27+AV27 -> 6113.1642 | AZ27: =+AN27+AW27 -> 3443.8358 | BA27: =+Efficiency2!K89 -> 0 | BB27: =BB26+BA27 -> 536.81519 | BC27: =+R27/BA27 -> #DIV/0! | BD27: =+S27/BB27 -> 0.77060412
A28: =A27+1 -> 45920 | B28: STOP | C28: 12 | D28: =+'20'!F42 -> 0 | E28: =+'20'!G42 -> 0 | F28: =1-(E28/D28) -> #DIV/0! | G28: =+P28/N28 -> 0 | H28: =+P28/L28 -> 0 | I28: =+R28/P28 -> #DIV/0! | J28: =+R28/L28 -> 0 | K28: =+S28/M28 -> 0.47605365 | L28: =+Efficiency1!K94 -> 43.205944 | M28: =M27+L28 -> 868.96089 | N28: =+Efficiency1!C94 -> 43.205944 | O28: =O27+N28 -> 1763.9311 | P28: ='20'!I38 -> 0 | Q28: =Q27+P28 -> 440.9126 | R28: ='20'!I40 -> 0 | S28: =S27+R28 -> 413.672 | T28: =+AX28 -> 0 | U28: =T28+U27 -> 41069.474 | V28: =T28/P28 -> #DIV/0! | W28: =U28/Q28 -> 93.14652 | X28: =IF(AND(R28>0,T28>0),(T28/(R28*1000))*1000,0) -> 0 | Y28: =IF(AND(S28>0,U28>0),U28/S28,0) -> 99.280285 | Z28: 1.6 | AA28: =Z28+AA27 -> 706.8 | AB28: =Z28/(P28) -> #DIV/0! | AC28: =AA28/(Q28) -> 1.6030388 | AD28: =IF(AND(R28>0,Z28>0),Z28/(R28),0) -> 0 | AE28: =IF(AND(S28>0,AA28>0),AA28/(S28),0) -> 1.7086001 | AF28: ='20'!I46 -> 6389.08 | AG28: =AF28+AG27 -> 457781.42 | AH28: =IF(AND(L28>0,AF28>0),(AF28/(P28*1000)*1000),0) -> #DIV/0! | AI28: =IF(AND(M28>0,AG28>0),(AG28/(Q28*1000)*1000),0) -> 1038.2589 | AJ28: =IF(AND(R28>0,AF28>0),(AF28/(R28*1000)*1000),0) -> 0 | AK28: =IF(AND(S28>0,AG28>0),(AG28/(S28*1000)*1000),0) -> 1106.629 | AL28: 0 | AM28: 6260.9 | AN28: 3285.9 | AO28: =SUM(AL28:AN28) -> 9546.8 | AP28: =+[1]Sept!N23 -> 9331 | AQ28: =+AP28-AO28 -> -215.8 | AR28: =+AL28/AO28 -> 0 | AS28: =+AM28/AO28 -> 0.65581137 | AT28: =1-AR28-AS28 -> 0.34418863 | AU28: =+AR28*AQ28 -> 0 | AV28: =+AS28*AQ28 -> -141.52409 | AW28: =+AT28*AQ28 -> -74.275906 | AX28: =+AL28+AU28 -> 0 | AY28: =+AM28+AV28 -> 6119.3759 | AZ28: =+AN28+AW28 -> 3211.6241 | BA28: =+Efficiency2!K94 -> 0 | BB28: =BB27+BA28 -> 536.81519 | BC28: =+R28/BA28 -> #DIV/0! | BD28: =+S28/BB28 -> 0.77060412
A29: =A28+1 -> 45921 | B29: STOP | C29: 12 | D29: =+'21'!F42 -> 0 | E29: =+'21'!G42 -> 0 | F29: =1-(E29/D29) -> #DIV/0! | G29: =+P29/N29 -> 0 | H29: =+P29/L29 -> 0 | I29: =+R29/P29 -> #DIV/0! | J29: =+R29/L29 -> 0 | K29: =+S29/M29 -> 0.45350476 | L29: =+Efficiency1!K99 -> 43.205944 | M29: =M28+L29 -> 912.16683 | N29: =+Efficiency1!C99 -> 43.205944 | O29: =O28+N29 -> 1807.1371 | P29: ='21'!I38 -> 0 | Q29: =Q28+P29 -> 440.9126 | R29: ='21'!I40 -> 0 | S29: =S28+R29 -> 413.672 | T29: =+AX29 -> 0 | U29: =T29+U28 -> 41069.474 | V29: =T29/P29 -> #DIV/0! | W29: =U29/Q29 -> 93.14652 | X29: =IF(AND(R29>0,T29>0),(T29/(R29*1000))*1000,0) -> 0 | Y29: =IF(AND(S29>0,U29>0),U29/S29,0) -> 99.280285 | Z29: 7.3 | AA29: =Z29+AA28 -> 714.1 | AB29: =Z29/(P29) -> #DIV/0! | AC29: =AA29/(Q29) -> 1.6195954 | AD29: =IF(AND(R29>0,Z29>0),Z29/(R29),0) -> 0 | AE29: =IF(AND(S29>0,AA29>0),AA29/(S29),0) -> 1.7262469 | AF29: ='21'!I46 -> 9165.48 | AG29: =AF29+AG28 -> 466946.9 | AH29: =IF(AND(L29>0,AF29>0),(AF29/(P29*1000)*1000),0) -> #DIV/0! | AI29: =IF(AND(M29>0,AG29>0),(AG29/(Q29*1000)*1000),0) -> 1059.0464 | AJ29: =IF(AND(R29>0,AF29>0),(AF29/(R29*1000)*1000),0) -> 0 | AK29: =IF(AND(S29>0,AG29>0),(AG29/(S29*1000)*1000),0) -> 1128.7854 | AL29: 0 | AM29: 6251.9 | AN29: 3791.6 | AO29: =SUM(AL29:AN29) -> 10043.5 | AP29: =+[1]Sept!N24 -> 9789 | AQ29: =+AP29-AO29 -> -254.5 | AR29: =+AL29/AO29 -> 0 | AS29: =+AM29/AO29 -> 0.6224822 | AT29: =1-AR29-AS29 -> 0.3775178 | AU29: =+AR29*AQ29 -> 0 | AV29: =+AS29*AQ29 -> -158.42172 | AW29: =+AT29*AQ29 -> -96.078279 | AX29: =+AL29+AU29 -> 0 | AY29: =+AM29+AV29 -> 6093.4783 | AZ29: =+AN29+AW29 -> 3695.5217 | BA29: =+Efficiency2!K99 -> 0 | BB29: =BB28+BA29 -> 536.81519 | BC29: =+R29/BA29 -> #DIV/0! | BD29: =+S29/BB29 -> 0.77060412
A30: =A29+1 -> 45922 | B30: STOP | C30: 12 | D30: =+'22'!F42 -> 0 | E30: =+'22'!G42 -> 0 | F30: =1-(E30/D30) -> #DIV/0! | G30: =+P30/N30 -> 0 | H30: =+P30/L30 -> 0 | I30: =+R30/P30 -> #DIV/0! | J30: =+R30/L30 -> 0 | K30: =+S30/M30 -> 0.43299538 | L30: =+Efficiency1!K104 -> 43.205944 | M30: =M29+L30 -> 955.37278 | N30: =+Efficiency1!C104 -> 43.205944 | O30: =O29+N30 -> 1850.343 | P30: ='22'!I38 -> 0 | Q30: =Q29+P30 -> 440.9126 | R30: ='22'!I40 -> 0 | S30: =S29+R30 -> 413.672 | T30: =+AX30 -> 0 | U30: =T30+U29 -> 41069.474 | V30: =T30/P30 -> #DIV/0! | W30: =U30/Q30 -> 93.14652 | X30: =IF(AND(R30>0,T30>0),(T30/(R30*1000))*1000,0) -> 0 | Y30: =IF(AND(S30>0,U30>0),U30/S30,0) -> 99.280285 | Z30: 18.2 | AA30: =Z30+AA29 -> 732.3 | AB30: =Z30/(P30) -> #DIV/0! | AC30: =AA30/(Q30) -> 1.6608734 | AD30: =IF(AND(R30>0,Z30>0),Z30/(R30),0) -> 0 | AE30: =IF(AND(S30>0,AA30>0),AA30/(S30),0) -> 1.7702431 | AF30: ='22'!I46 -> 5417.62 | AG30: =AF30+AG29 -> 472364.52 | AH30: =IF(AND(L30>0,AF30>0),(AF30/(P30*1000)*1000),0) -> #DIV/0! | AI30: =IF(AND(M30>0,AG30>0),(AG30/(Q30*1000)*1000),0) -> 1071.3337 | AJ30: =IF(AND(R30>0,AF30>0),(AF30/(R30*1000)*1000),0) -> 0 | AK30: =IF(AND(S30>0,AG30>0),(AG30/(S30*1000)*1000),0) -> 1141.8818 | AL30: 0 | AM30: 6289.2 | AN30: 3690 | AO30: =SUM(AL30:AN30) -> 9979.2 | AP30: =+[1]Sept!N25 -> 9757 | AQ30: =+AP30-AO30 -> -222.2 | AR30: =+AL30/AO30 -> 0 | AS30: =+AM30/AO30 -> 0.63023088 | AT30: =1-AR30-AS30 -> 0.36976912 | AU30: =+AR30*AQ30 -> 0 | AV30: =+AS30*AQ30 -> -140.0373 | AW30: =+AT30*AQ30 -> -82.162698 | AX30: =+AL30+AU30 -> 0 | AY30: =+AM30+AV30 -> 6149.1627 | AZ30: =+AN30+AW30 -> 3607.8373 | BA30: =+Efficiency2!K104 -> 0 | BB30: =BB29+BA30 -> 536.81519 | BC30: =+R30/BA30 -> #DIV/0! | BD30: =+S30/BB30 -> 0.77060412
A31: =A30+1 -> 45923 | B31: STOP | C31: 12 | D31: =+'23'!F42 -> 0 | E31: =+'23'!G42 -> 0 | F31: =1-(E31/D31) -> #DIV/0! | G31: =+P31/N31 -> 0 | H31: =+P31/L31 -> 0 | I31: =+R31/P31 -> #DIV/0! | J31: =+R31/L31 -> 0 | K31: =+S31/M31 -> 0.41426078 | L31: =+Efficiency1!K109 -> 43.205944 | M31: =M30+L31 -> 998.57872 | N31: =+Efficiency1!C109 -> 43.205944 | O31: =O30+N31 -> 1893.549 | P31: ='23'!I38 -> 0 | Q31: =Q30+P31 -> 440.9126 | R31: ='23'!I40 -> 0 | S31: =S30+R31 -> 413.672 | T31: =+AX31 -> 0 | U31: =T31+U30 -> 41069.474 | V31: =T31/P31 -> #DIV/0! | W31: =U31/Q31 -> 93.14652 | X31: =IF(AND(R31>0,T31>0),(T31/(R31*1000))*1000,0) -> 0 | Y31: =IF(AND(S31>0,U31>0),U31/S31,0) -> 99.280285 | Z31: 21.1 | AA31: =Z31+AA30 -> 753.4 | AB31: =Z31/(P31) -> #DIV/0! | AC31: =AA31/(Q31) -> 1.7087287 | AD31: =IF(AND(R31>0,Z31>0),Z31/(R31),0) -> 0 | AE31: =IF(AND(S31>0,AA31>0),AA31/(S31),0) -> 1.8212497 | AF31: ='23'!I46 -> 7439.9 | AG31: =AF31+AG30 -> 479804.42 | AH31: =IF(AND(L31>0,AF31>0),(AF31/(P31*1000)*1000),0) -> #DIV/0! | AI31: =IF(AND(M31>0,AG31>0),(AG31/(Q31*1000)*1000),0) -> 1088.2075 | AJ31: =IF(AND(R31>0,AF31>0),(AF31/(R31*1000)*1000),0) -> 0 | AK31: =IF(AND(S31>0,AG31>0),(AG31/(S31*1000)*1000),0) -> 1159.8668 | AL31: 0 | AM31: 6222.9 | AN31: 3621.7 | AO31: =SUM(AL31:AN31) -> 9844.6 | AP31: =+[1]Sept!N26 -> 9236 | AQ31: =+AP31-AO31 -> -608.6 | AR31: =+AL31/AO31 -> 0 | AS31: =+AM31/AO31 -> 0.63211304 | AT31: =1-AR31-AS31 -> 0.36788696 | AU31: =+AR31*AQ31 -> 0 | AV31: =+AS31*AQ31 -> -384.70399 | AW31: =+AT31*AQ31 -> -223.89601 | AX31: =+AL31+AU31 -> 0 | AY31: =+AM31+AV31 -> 5838.196 | AZ31: =+AN31+AW31 -> 3397.804 | BA31: =+Efficiency2!K109 -> 0 | BB31: =BB30+BA31 -> 536.81519 | BC31: =+R31/BA31 -> #DIV/0! | BD31: =+S31/BB31 -> 0.77060412
A32: =A31+1 -> 45924 | B32: STOP | C32: 12 | D32: =+'24'!F42 -> 0 | E32: =+'24'!G42 -> 0 | F32: =1-(E32/D32) -> #DIV/0! | G32: =+P32/N32 -> 0 | H32: =+P32/L32 -> 0 | I32: =+R32/P32 -> #DIV/0! | J32: =+R32/L32 -> 0 | K32: =+S32/M32 -> 0.39708014 | L32: =+Efficiency1!K114 -> 43.205944 | M32: =M31+L32 -> 1041.7847 | N32: =+Efficiency1!C114 -> 43.205944 | O32: =O31+N32 -> 1936.7549 | P32: ='24'!I38 -> 0 | Q32: =Q31+P32 -> 440.9126 | R32: ='24'!I40 -> 0 | S32: =S31+R32 -> 413.672 | T32: =+AX32 -> 0 | U32: =T32+U31 -> 41069.474 | V32: =T32/P32 -> #DIV/0! | W32: =U32/Q32 -> 93.14652 | X32: =IF(AND(R32>0,T32>0),(T32/(R32*1000))*1000,0) -> 0 | Y32: =IF(AND(S32>0,U32>0),U32/S32,0) -> 99.280285 | Z32: 3.7 | AA32: =Z32+AA31 -> 757.1 | AB32: =Z32/(P32) -> #DIV/0! | AC32: =AA32/(Q32) -> 1.7171204 | AD32: =IF(AND(R32>0,Z32>0),Z32/(R32),0) -> 0 | AE32: =IF(AND(S32>0,AA32>0),AA32/(S32),0) -> 1.830194 | AF32: =+'24'!I46 -> 7098.9 | AG32: =AF32+AG31 -> 486903.32 | AH32: =IF(AND(L32>0,AF32>0),(AF32/(P32*1000)*1000),0) -> #DIV/0! | AI32: =IF(AND(M32>0,AG32>0),(AG32/(Q32*1000)*1000),0) -> 1104.308 | AJ32: =IF(AND(R32>0,AF32>0),(AF32/(R32*1000)*1000),0) -> 0 | AK32: =IF(AND(S32>0,AG32>0),(AG32/(S32*1000)*1000),0) -> 1177.0275 | AL32: 0 | AM32: 5878.3 | AN32: 4024 | AO32: =SUM(AL32:AN32) -> 9902.3 | AP32: =+[1]Sept!N27 -> 9716 | AQ32: =+AP32-AO32 -> -186.3 | AR32: =+AL32/AO32 -> 0 | AS32: =+AM32/AO32 -> 0.59362976 | AT32: =1-AR32-AS32 -> 0.40637024 | AU32: =+AR32*AQ32 -> 0 | AV32: =+AS32*AQ32 -> -110.59322 | AW32: =+AT32*AQ32 -> -75.706775 | AX32: =+AL32+AU32 -> 0 | AY32: =+AM32+AV32 -> 5767.7068 | AZ32: =+AN32+AW32 -> 3948.2932 | BA32: =+Efficiency2!K114 -> 0 | BB32: =BB31+BA32 -> 536.81519 | BC32: =+R32/BA32 -> #DIV/0! | BD32: =+S32/BB32 -> 0.77060412
A33: =A32+1 -> 45925 | B33: STOP | C33: 12 | D33: =+'25'!F42 -> 0 | E33: =+'25'!G42 -> 0 | F33: =1-(E33/D33) -> #DIV/0! | G33: =+P33/N33 -> 0 | H33: =+P33/L33 -> 0 | I33: =+R33/P33 -> #DIV/0! | J33: =+R33/L33 -> 0 | K33: =+S33/M33 -> 0.38126782 | L33: =+Efficiency1!K119 -> 43.205944 | M33: =M32+L33 -> 1084.9906 | N33: =+Efficiency1!C119 -> 43.205944 | O33: =O32+N33 -> 1979.9609 | P33: ='25'!I38 -> 0 | Q33: =Q32+P33 -> 440.9126 | R33: ='25'!I40 -> 0 | S33: =S32+R33 -> 413.672 | T33: =+AX33 -> 0 | U33: =T33+U32 -> 41069.474 | V33: =T33/P33 -> #DIV/0! | W33: =U33/Q33 -> 93.14652 | X33: =IF(AND(R33>0,T33>0),(T33/(R33*1000))*1000,0) -> 0 | Y33: =IF(AND(S33>0,U33>0),U33/S33,0) -> 99.280285 | Z33: 4.6 | AA33: =Z33+AA32 -> 761.7 | AB33: =Z33/(P33) -> #DIV/0! | AC33: =AA33/(Q33) -> 1.7275533 | AD33: =IF(AND(R33>0,Z33>0),Z33/(R33),0) -> 0 | AE33: =IF(AND(S33>0,AA33>0),AA33/(S33),0) -> 1.8413139 | AF33: =+'25'!I46 -> 7965.82 | AG33: =AF33+AG32 -> 494869.14 | AH33: =IF(AND(L33>0,AF33>0),(AF33/(P33*1000)*1000),0) -> #DIV/0! | AI33: =IF(AND(M33>0,AG33>0),(AG33/(Q33*1000)*1000),0) -> 1122.3747 | AJ33: =IF(AND(R33>0,AF33>0),(AF33/(R33*1000)*1000),0) -> 0 | AK33: =IF(AND(S33>0,AG33>0),(AG33/(S33*1000)*1000),0) -> 1196.2839 | AL33: 0 | AM33: 6118.5 | AN33: 3643.9 | AO33: =SUM(AL33:AN33) -> 9762.4 | AP33: =+[1]Sept!N28 -> 9519 | AQ33: =+AP33-AO33 -> -243.4 | AR33: =+AL33/AO33 -> 0 | AS33: =+AM33/AO33 -> 0.62674138 | AT33: =1-AR33-AS33 -> 0.37325862 | AU33: =+AR33*AQ33 -> 0 | AV33: =+AS33*AQ33 -> -152.54885 | AW33: =+AT33*AQ33 -> -90.851149 | AX33: =+AL33+AU33 -> 0 | AY33: =+AM33+AV33 -> 5965.9511 | AZ33: =+AN33+AW33 -> 3553.0489 | BA33: =+Efficiency2!K119 -> 0 | BB33: =BB32+BA33 -> 536.81519 | BC33: =+R33/BA33 -> #DIV/0! | BD33: =+S33/BB33 -> 0.77060412
A34: =A33+1 -> 45926 | B34: STOP | C34: 12 | D34: =+'26'!F42 -> 0 | E34: =+'26'!G42 -> 0 | F34: =1-(E34/D34) -> #DIV/0! | G34: =+P34/N34 -> 0 | H34: =+P34/L34 -> 0 | I34: =+R34/P34 -> #DIV/0! | J34: =+R34/L34 -> 0 | K34: =+S34/M34 -> 0.3666666 | L34: =+Efficiency1!K124 -> 43.205944 | M34: =M33+L34 -> 1128.1966 | N34: =+Efficiency1!C124 -> 43.205944 | O34: =O33+N34 -> 2023.1668 | P34: ='26'!I38 -> 0 | Q34: =Q33+P34 -> 440.9126 | R34: ='26'!I40 -> 0 | S34: =S33+R34 -> 413.672 | T34: =+AX34 -> 0 | U34: =T34+U33 -> 41069.474 | V34: =T34/P34 -> #DIV/0! | W34: =U34/Q34 -> 93.14652 | X34: =IF(AND(R34>0,T34>0),(T34/(R34*1000))*1000,0) -> 0 | Y34: =IF(AND(S34>0,U34>0),U34/S34,0) -> 99.280285 | Z34: 4 | AA34: =Z34+AA33 -> 765.7 | AB34: =Z34/(P34) -> #DIV/0! | AC34: =AA34/(Q34) -> 1.7366254 | AD34: =IF(AND(R34>0,Z34>0),Z34/(R34),0) -> 0 | AE34: =IF(AND(S34>0,AA34>0),AA34/(S34),0) -> 1.8509834 | AF34: ='26'!I46 -> 5555.82 | AG34: =AF34+AG33 -> 500424.96 | AH34: =IF(AND(L34>0,AF34>0),(AF34/(P34*1000)*1000),0) -> #DIV/0! | AI34: =IF(AND(M34>0,AG34>0),(AG34/(Q34*1000)*1000),0) -> 1134.9754 | AJ34: =IF(AND(R34>0,AF34>0),(AF34/(R34*1000)*1000),0) -> 0 | AK34: =IF(AND(S34>0,AG34>0),(AG34/(S34*1000)*1000),0) -> 1209.7144 | AL34: 0 | AM34: 5867.5 | AN34: 4044.2 | AO34: =SUM(AL34:AN34) -> 9911.7 | AP34: =+[1]Sept!N29 -> 9800 | AQ34: =+AP34-AO34 -> -111.7 | AR34: =+AL34/AO34 -> 0 | AS34: =+AM34/AO34 -> 0.59197716 | AT34: =1-AR34-AS34 -> 0.40802284 | AU34: =+AR34*AQ34 -> 0 | AV34: =+AS34*AQ34 -> -66.123849 | AW34: =+AT34*AQ34 -> -45.576151 | AX34: =+AL34+AU34 -> 0 | AY34: =+AM34+AV34 -> 5801.3762 | AZ34: =+AN34+AW34 -> 3998.6238 | BA34: =+Efficiency2!K124 -> 0 | BB34: =BB33+BA34 -> 536.81519 | BC34: =+R34/BA34 -> #DIV/0! | BD34: =+S34/BB34 -> 0.77060412
A35: =A34+1 -> 45927 | B35: STOP | C35: 12 | D35: =+'27'!F42 -> 0 | E35: =+'27'!G42 -> 0 | F35: =1-(E35/D35) -> #DIV/0! | G35: =+P35/N35 -> 0 | H35: =+P35/L35 -> 0 | I35: =+R35/P35 -> #DIV/0! | J35: =+R35/L35 -> 0 | K35: =+S35/M35 -> 0.35314249 | L35: =+Efficiency1!K129 -> 43.205944 | M35: =M34+L35 -> 1171.4025 | N35: =+Efficiency1!C129 -> 43.205944 | O35: =O34+N35 -> 2066.3728 | P35: ='27'!I38 -> 0 | Q35: =Q34+P35 -> 440.9126 | R35: ='27'!I40 -> 0 | S35: =S34+R35 -> 413.672 | T35: =+AX35 -> 0 | U35: =T35+U34 -> 41069.474 | V35: =T35/P35 -> #DIV/0! | W35: =U35/Q35 -> 93.14652 | X35: =IF(AND(R35>0,T35>0),(T35/(R35*1000))*1000,0) -> 0 | Y35: =IF(AND(S35>0,U35>0),U35/S35,0) -> 99.280285 | Z35: 3.6 | AA35: =Z35+AA34 -> 769.3 | AB35: =Z35/(P35) -> #DIV/0! | AC35: =AA35/(Q35) -> 1.7447902 | AD35: =IF(AND(R35>0,Z35>0),Z35/(R35),0) -> 0 | AE35: =IF(AND(S35>0,AA35>0),AA35/(S35),0) -> 1.8596859 | AF35: ='27'!I46 -> 6030.3 | AG35: =AF35+AG34 -> 506455.26 | AH35: =IF(AND(L35>0,AF35>0),(AF35/(P35*1000)*1000),0) -> #DIV/0! | AI35: =IF(AND(M35>0,AG35>0),(AG35/(Q35*1000)*1000),0) -> 1148.6523 | AJ35: =IF(AND(R35>0,AF35>0),(AF35/(R35*1000)*1000),0) -> 0 | AK35: =IF(AND(S35>0,AG35>0),(AG35/(S35*1000)*1000),0) -> 1224.2919 | AL35: 0 | AM35: 5910.5 | AN35: 3593 | AO35: =SUM(AL35:AN35) -> 9503.5 | AP35: =+[1]Sept!N30 -> 9530 | AQ35: =+AP35-AO35 -> 26.5 | AR35: =+AL35/AO35 -> 0 | AS35: =+AM35/AO35 -> 0.62192876 | AT35: =1-AR35-AS35 -> 0.37807124 | AU35: =+AR35*AQ35 -> 0 | AV35: =+AS35*AQ35 -> 16.481112 | AW35: =+AT35*AQ35 -> 10.018888 | AX35: =+AL35+AU35 -> 0 | AY35: =+AM35+AV35 -> 5926.9811 | AZ35: =+AN35+AW35 -> 3603.0189 | BA35: =+Efficiency2!K129 -> 0 | BB35: =BB34+BA35 -> 536.81519 | BC35: =+R35/BA35 -> #DIV/0! | BD35: =+S35/BB35 -> 0.77060412
A36: =A35+1 -> 45928 | B36: STOP | C36: 12 | D36: =+'28'!F42 -> 0 | E36: =+'28'!G42 -> 0 | F36: =1-(E36/D36) -> #DIV/0! | G36: =+P36/N36 -> 0 | H36: =+P36/L36 -> 0 | I36: =+R36/P36 -> #DIV/0! | J36: =+R36/L36 -> 0 | K36: =+S36/M36 -> 0.34058054 | L36: =+Efficiency1!K134 -> 43.205944 | M36: =M35+L36 -> 1214.6084 | N36: =+Efficiency1!C134 -> 43.205944 | O36: =O35+N36 -> 2109.5787 | P36: ='28'!I38 -> 0 | Q36: =Q35+P36 -> 440.9126 | R36: ='28'!I40 -> 0 | S36: =S35+R36 -> 413.672 | T36: =+AX36 -> 0 | U36: =T36+U35 -> 41069.474 | V36: =T36/P36 -> #DIV/0! | W36: =U36/Q36 -> 93.14652 | X36: =IF(AND(R36>0,T36>0),(T36/(R36*1000))*1000,0) -> 0 | Y36: =IF(AND(S36>0,U36>0),U36/S36,0) -> 99.280285 | Z36: 4.4 | AA36: =Z36+AA35 -> 773.7 | AB36: =Z36/(P36) -> #DIV/0! | AC36: =AA36/(Q36) -> 1.7547695 | AD36: =IF(AND(R36>0,Z36>0),Z36/(R36),0) -> 0 | AE36: =IF(AND(S36>0,AA36>0),AA36/(S36),0) -> 1.8703224 | AF36: ='28'!I46 -> 9007.4 | AG36: =AF36+AG35 -> 515462.66 | AH36: =IF(AND(L36>0,AF36>0),(AF36/(P36*1000)*1000),0) -> #DIV/0! | AI36: =IF(AND(M36>0,AG36>0),(AG36/(Q36*1000)*1000),0) -> 1169.0813 | AJ36: =IF(AND(R36>0,AF36>0),(AF36/(R36*1000)*1000),0) -> 0 | AK36: =IF(AND(S36>0,AG36>0),(AG36/(S36*1000)*1000),0) -> 1246.0661 | AL36: 0 | AM36: 6117.6 | AN36: 3584.6 | AO36: =SUM(AL36:AN36) -> 9702.2 | AP36: =+[1]Sept!N31 -> 9290 | AQ36: =+AP36-AO36 -> -412.2 | AR36: =+AL36/AO36 -> 0 | AS36: =+AM36/AO36 -> 0.6305374 | AT36: =1-AR36-AS36 -> 0.3694626 | AU36: =+AR36*AQ36 -> 0 | AV36: =+AS36*AQ36 -> -259.90752 | AW36: =+AT36*AQ36 -> -152.29248 | AX36: =+AL36+AU36 -> 0 | AY36: =+AM36+AV36 -> 5857.6925 | AZ36: =+AN36+AW36 -> 3432.3075 | BA36: =+Efficiency2!K134 -> 0 | BB36: =BB35+BA36 -> 536.81519 | BC36: =+R36/BA36 -> #DIV/0! | BD36: =+S36/BB36 -> 0.77060412
A37: =A36+1 -> 45929 | B37: STOP | C37: 12 | D37: =+'29'!F42 -> 0 | E37: =+'29'!G42 -> 0 | F37: =1-(E37/D37) -> #DIV/0! | G37: =+P37/N37 -> 0 | H37: =+P37/L37 -> 0 | I37: =+R37/P37 -> #DIV/0! | J37: =+R37/L37 -> 0 | K37: =+S37/M37 -> 0.32888159 | L37: =+Efficiency1!K139 -> 43.205944 | M37: =M36+L37 -> 1257.8144 | N37: =+Efficiency1!C139 -> 43.205944 | O37: =O36+N37 -> 2152.7846 | P37: ='29'!I38 -> 0 | Q37: =Q36+P37 -> 440.9126 | R37: ='29'!I40 -> 0 | S37: =S36+R37 -> 413.672 | T37: =+AX37 -> 0 | U37: =T37+U36 -> 41069.474 | V37: =T37/P37 -> #DIV/0! | W37: =U37/Q37 -> 93.14652 | X37: =IF(AND(R37>0,T37>0),(T37/(R37*1000))*1000,0) -> 0 | Y37: =IF(AND(S37>0,U37>0),U37/S37,0) -> 99.280285 | Z37: 5.1 | AA37: =Z37+AA36 -> 778.8 | AB37: =Z37/(P37) -> #DIV/0! | AC37: =AA37/(Q37) -> 1.7663365 | AD37: =IF(AND(R37>0,Z37>0),Z37/(R37),0) -> 0 | AE37: =IF(AND(S37>0,AA37>0),AA37/(S37),0) -> 1.882651 | AF37: ='29'!I46 -> 4763.04 | AG37: =AF37+AG36 -> 520225.7 | AH37: =IF(AND(L37>0,AF37>0),(AF37/(P37*1000)*1000),0) -> #DIV/0! | AI37: =IF(AND(M37>0,AG37>0),(AG37/(Q37*1000)*1000),0) -> 1179.8839 | AJ37: =IF(AND(R37>0,AF37>0),(AF37/(R37*1000)*1000),0) -> 0 | AK37: =IF(AND(S37>0,AG37>0),(AG37/(S37*1000)*1000),0) -> 1257.5802 | AL37: 0 | AM37: 5779.9 | AN37: 3840.3 | AO37: =SUM(AL37:AN37) -> 9620.2 | AP37: =+[1]Sept!N32 -> 9399 | AQ37: =+AP37-AO37 -> -221.2 | AR37: =+AL37/AO37 -> 0 | AS37: =+AM37/AO37 -> 0.60080871 | AT37: =1-AR37-AS37 -> 0.39919129 | AU37: =+AR37*AQ37 -> 0 | AV37: =+AS37*AQ37 -> -132.89889 | AW37: =+AT37*AQ37 -> -88.301112 | AX37: =+AL37+AU37 -> 0 | AY37: =+AM37+AV37 -> 5647.0011 | AZ37: =+AN37+AW37 -> 3751.9989 | BA37: =+Efficiency2!K139 -> 0 | BB37: =BB36+BA37 -> 536.81519 | BC37: =+R37/BA37 -> #DIV/0! | BD37: =+S37/BB37 -> 0.77060412
A38: =A37+1 -> 45930 | B38: STOP | C38: 12 | D38: =+'30'!F42 -> 0 | E38: =+'30'!G42 -> 0 | F38: =1-(E38/D38) -> #DIV/0! | G38: =+P38/N38 -> 0 | H38: =+P38/L38 -> 0 | I38: =+R38/P38 -> #DIV/0! | J38: =+R38/L38 -> 0 | K38: =+S38/M38 -> 0.31795967 | L38: =+Efficiency1!K144 -> 43.205944 | M38: =M37+L38 -> 1301.0203 | N38: =+Efficiency1!C144 -> 43.205944 | O38: =O37+N38 -> 2195.9906 | P38: ='30'!I38 -> 0 | Q38: =Q37+P38 -> 440.9126 | R38: ='30'!I40 -> 0 | S38: =S37+R38 -> 413.672 | T38: =+AX38 -> 0 | U38: =T38+U37 -> 41069.474 | V38: =T38/P38 -> #DIV/0! | W38: =U38/Q38 -> 93.14652 | X38: =IF(AND(R38>0,T38>0),(T38/(R38*1000))*1000,0) -> 0 | Y38: =IF(AND(S38>0,U38>0),U38/S38,0) -> 99.280285 | Z38: 5 | AA38: =Z38+AA37 -> 783.8 | AB38: =Z38/(P38) -> #DIV/0! | AC38: =AA38/(Q38) -> 1.7776766 | AD38: =IF(AND(R38>0,Z38>0),Z38/(R38),0) -> 0 | AE38: =IF(AND(S38>0,AA38>0),AA38/(S38),0) -> 1.8947379 | AF38: ='30'!I46 -> 6338.66 | AG38: =AF38+AG37 -> 526564.36 | AH38: =IF(AND(L38>0,AF38>0),(AF38/(P38*1000)*1000),0) -> #DIV/0! | AI38: =IF(AND(M38>0,AG38>0),(AG38/(Q38*1000)*1000),0) -> 1194.2602 | AJ38: =IF(AND(R38>0,AF38>0),(AF38/(R38*1000)*1000),0) -> 0 | AK38: =IF(AND(S38>0,AG38>0),(AG38/(S38*1000)*1000),0) -> 1272.9031 | AL38: 0 | AM38: 5693.7 | AN38: 3441.7 | AO38: =SUM(AL38:AN38) -> 9135.4 | AP38: =+[1]Sept!N33 -> 8671 | AQ38: =+AP38-AO38 -> -464.4 | AR38: =+AL38/AO38 -> 0 | AS38: =+AM38/AO38 -> 0.62325678 | AT38: =1-AR38-AS38 -> 0.37674322 | AU38: =+AR38*AQ38 -> 0 | AV38: =+AS38*AQ38 -> -289.44045 | AW38: =+AT38*AQ38 -> -174.95955 | AX38: =+AL38+AU38 -> 0 | AY38: =+AM38+AV38 -> 5404.2596 | AZ38: =+AN38+AW38 -> 3266.7404 | BB38: =BB37+BA38 -> 536.81519 | BC38: =+R38/BA38 -> #DIV/0! | BD38: =+S38/BB38 -> 0.77060412
G41: =+P41/N41 -> 0.20078073 | H41: =+P41/L41 -> 0.33889755 | I41: =+R41/P41 -> 0.93821769 | J41: =+R41/L41 -> 0.31795967 | L41: =SUM(L9:L39) -> 1301.0203 | N41: =SUM(N9:N39) -> 2195.9906 | P41: =SUM(P9:P39) -> 440.9126 | R41: =SUM(R9:R39) -> 413.672 | T41: =SUM(T9:T39) -> 41069.474 | V41: =T41/P41 -> 93.14652 | X41: =IF(AND(R41>0,T41>0),(T41/(R41*1000))*1000,0) -> 99.280285 | Z41: =SUM(Z9:Z40) -> 783.8 | AB41: =Z41/P41 -> 1.7776766 | AD41: =Z41/R41 -> 1.8947379 | AF41: =SUM(AF9:AF39) -> 526564.36 | AH41: =AF41/P41 -> 1194.2602 | AJ41: =AF41/R41 -> 1272.9031 | AP41: =SUM(AP9:AP40) -> 311908 | AX41: =SUM(AX9:AX39) -> 41069.474 | AY41: =SUM(AY9:AY39) -> 164114.08 | AZ41: =SUM(AZ9:AZ39) -> 106724.45 | BA41: =SUM(BA9:BA39) -> 536.81519 | BC41: =+R41/BA41 -> 0.77060412
AY43: =SUM(AX41:AZ41) -> 311908

Sheet GRAFIK

Sheet Listrik
A2: MACHINE POWER CONSUMPTION (PER PANEL)
A4: Date | B4: PM (TON) | C4: FINSHED GOODS (TON) | P4: Total PM14
D5: Trafo (2500 A) | H5: Trafo (2500 B) | L5: Trafo (2500 A)
D6: KWH | E6: Consumption | F6: /TON PM | G6: /TON FG | H6: KWH | I6: Consumption | J6: /TON PM | K6: /TON FG | L6: KWH | M6: Consumption | N6: /TON PM | O6: /TON FG | P6: Consumption | Q6: /TON PM | R6: /TON FG
A7: =A8-1 -> 45900 | B7: 0 | C7: 0
A8: =+Report1!A9 -> 45901 | B8: =+Report1!P9 -> 40.056 | C8: =+Report1!R9 -> 41.482 | D8: =+D7+E8 -> 4400 | E8: =+[3]DailySep!AH7 -> 4400 | F8: =E8/B8 -> 109.84622 | G8: =E8/C8 -> 106.0701 | H8: =+H7+I8 -> 7908.5 | I8: =+[3]DailySep!AI7 -> 7908.5 | J8: =I8/B8 -> 197.43609 | K8: =I8/C8 -> 190.64896 | L8: =+L7+M8 -> 23068.5 | M8: =+[3]DailySep!AJ7 -> 23068.5 | N8: =M8/B8 -> 575.90623 | O8: =M8/C8 -> 556.10867 | P8: =+E8+I8+M8 -> 35377 | Q8: =P8/B8 -> 883.18854 | R8: =P8/C8 -> 852.82773 | V8: Off Reel | W8: Off Rewinder
A9: =+Report1!A10 -> 45902 | B9: =+Report1!P10 -> 38.489 | C9: =+Report1!R10 -> 31.631 | D9: =+D8+E9 -> 8600 | E9: =+[3]DailySep!AH8 -> 4200 | F9: =E9/B9 -> 109.12209 | G9: =E9/C9 -> 132.78113 | H9: =+H8+I9 -> 15934.65 | I9: =+[3]DailySep!AI8 -> 8026.15 | J9: =I9/B9 -> 208.53101 | K9: =I9/C9 -> 253.74316 | L9: =+L8+M9 -> 46254.65 | M9: =+[3]DailySep!AJ8 -> 23186.15 | N9: =M9/B9 -> 602.40978 | O9: =M9/C9 -> 733.01982 | P9: =+E9+I9+M9 -> 35412.3 | Q9: =P9/B9 -> 920.06288 | R9: =P9/C9 -> 1119.5441 | V9: Off Reel | W9: Off Rewinder
A10: =+Report1!A11 -> 45903 | B10: =+Report1!P11 -> 38.158 | C10: =+Report1!R11 -> 31.743 | D10: =+D9+E10 -> 13000 | E10: =+[3]DailySep!AH9 -> 4400 | F10: =E10/B10 -> 115.31003 | G10: =E10/C10 -> 138.61324 | H10: =+H9+I10 -> 22464.7 | I10: =+[3]DailySep!AI9 -> 6530.05 | J10: =I10/B10 -> 171.13187 | K10: =I10/C10 -> 205.71622 | L10: =+L9+M10 -> 68944.7 | M10: =+[3]DailySep!AJ9 -> 22690.05 | N10: =M10/B10 -> 594.63415 | O10: =M10/C10 -> 714.80484 | P10: =+E10+I10+M10 -> 33620.1 | Q10: =P10/B10 -> 881.07605 | R10: =P10/C10 -> 1059.1343 | V10: Off Reel | W10: Off Rewinder
A11: =+Report1!A12 -> 45904 | B11: =+Report1!P12 -> 41.57 | C11: =+Report1!R12 -> 40.656 | D11: =+D10+E11 -> 17300 | E11: =+[3]DailySep!AH10 -> 4300 | F11: =E11/B11 -> 103.43998 | G11: =E11/C11 -> 105.76545 | H11: =+H10+I11 -> 31979.66 | I11: =+[3]DailySep!AI10 -> 9514.96 | J11: =I11/B11 -> 228.89006 | K11: =I11/C11 -> 234.03581 | L11: =+L10+M11 -> 92619.66 | M11: =+[3]DailySep!AJ10 -> 23674.96 | N11: =M11/B11 -> 569.52033 | O11: =M11/C11 -> 582.32389 | P11: =+E11+I11+M11 -> 37489.92 | Q11: =P11/B11 -> 901.85037 | R11: =P11/C11 -> 922.12515 | V11: Off Reel | W11: Off Rewinder
A12: =+Report1!A13 -> 45905 | B12: =+Report1!P13 -> 42.805 | C12: =+Report1!R13 -> 41.62 | D12: =+D11+E12 -> 21700 | E12: =+[3]DailySep!AH11 -> 4400 | F12: =E12/B12 -> 102.79173 | G12: =E12/C12 -> 105.7184 | H12: =+H11+I12 -> 39749.39 | I12: =+[3]DailySep!AI11 -> 7769.73 | J12: =I12/B12 -> 181.51454 | K12: =I12/C12 -> 186.6826 | L12: =+L11+M12 -> 114549.39 | M12: =+[3]DailySep!AJ11 -> 21929.73 | N12: =M12/B12 -> 512.31702 | O12: =M12/C12 -> 526.90365 | P12: =+E12+I12+M12 -> 34099.46 | Q12: =P12/B12 -> 796.62329 | R12: =P12/C12 -> 819.30466 | V12: Off Reel | W12: Off Rewinder
A13: =+Report1!A14 -> 45906 | B13: =+Report1!P14 -> 27.34 | C13: =+Report1!R14 -> 22.628 | D13: =+D12+E13 -> 24700 | E13: =+[3]DailySep!AH12 -> 3000 | F13: =E13/B13 -> 109.72933 | G13: =E13/C13 -> 132.57911 | H13: =+H12+I13 -> 44552.49 | I13: =+[3]DailySep!AI12 -> 4803.1 | J13: =I13/B13 -> 175.68032 | K13: =I13/C13 -> 212.26357 | L13: =+L12+M13 -> 130512.49 | M13: =+[3]DailySep!AJ12 -> 15963.1 | N13: =M13/B13 -> 583.87345 | O13: =M13/C13 -> 705.45784 | P13: =+E13+I13+M13 -> 23766.2 | Q13: =P13/B13 -> 869.2831 | R13: =P13/C13 -> 1050.3005 | V13: Off Reel | W13: Off Rewinder
A14: =+Report1!A15 -> 45907 | B14: =+Report1!P15 -> 34.9246 | C14: =+Report1!R15 -> 34.489 | D14: =+D13+E14 -> 29000 | E14: =+[3]DailySep!AH13 -> 4300 | F14: =E14/B14 -> 123.12238 | G14: =E14/C14 -> 124.67743 | H14: =+H13+I14 -> 53285.28 | I14: =+[3]DailySep!AI13 -> 8732.79 | J14: =I14/B14 -> 250.04696 | K14: =I14/C14 -> 253.20508 | L14: =+L13+M14 -> 153405.28 | M14: =+[3]DailySep!AJ13 -> 22892.79 | N14: =M14/B14 -> 655.49183 | O14: =M14/C14 -> 663.77077 | P14: =+E14+I14+M14 -> 35925.58 | Q14: =P14/B14 -> 1028.6612 | R14: =P14/C14 -> 1041.6533 | V14: Off Reel | W14: Off Rewinder
A15: =+Report1!A16 -> 45908 | B15: =+Report1!P16 -> 0 | C15: =+Report1!R16 -> 0 | D15: =+D14+E15 -> 29700 | E15: =+[3]DailySep!AH14 -> 700 | F15: =E15/B15 -> #DIV/0! | G15: =E15/C15 -> #DIV/0! | H15: =+H14+I15 -> 54224.13 | I15: =+[3]DailySep!AI14 -> 938.85 | J15: =I15/B15 -> #DIV/0! | K15: =I15/C15 -> #DIV/0! | L15: =+L14+M15 -> 158504.13 | M15: =+[3]DailySep!AJ14 -> 5098.85 | N15: =M15/B15 -> #DIV/0! | O15: =M15/C15 -> #DIV/0! | P15: =+E15+I15+M15 -> 6737.7 | Q15: =P15/B15 -> #DIV/0! | R15: =P15/C15 -> #DIV/0! | V15: Off Reel | W15: Off Rewinder
A16: =+Report1!A17 -> 45909 | B16: =+Report1!P17 -> 40.211 | C16: =+Report1!R17 -> 34.528 | D16: =+D15+E16 -> 34100 | E16: =+[3]DailySep!AH15 -> 4400 | F16: =E16/B16 -> 109.42279 | G16: =E16/C16 -> 127.43281 | H16: =+H15+I16 -> 62273.94 | I16: =+[3]DailySep!AI15 -> 8049.81 | J16: =I16/B16 -> 200.18925 | K16: =I16/C16 -> 233.13861 | L16: =+L15+M16 -> 181713.94 | M16: =+[3]DailySep!AJ15 -> 23209.81 | N16: =M16/B16 -> 577.20052 | O16: =M16/C16 -> 672.20256 | P16: =+E16+I16+M16 -> 35659.62 | Q16: =P16/B16 -> 886.81256 | R16: =P16/C16 -> 1032.774 | V16: Off Reel | W16: Off Rewinder
A17: =+Report1!A18 -> 45910 | B17: =+Report1!P18 -> 39.506 | C17: =+Report1!R18 -> 37.358 | D17: =+D16+E17 -> 38700 | E17: =+[3]DailySep!AH16 -> 4600 | F17: =E17/B17 -> 116.43801 | G17: =E17/C17 -> 123.13293 | H17: =+H16+I17 -> 68485.51 | I17: =+[3]DailySep!AI16 -> 6211.57 | J17: =I17/B17 -> 157.23105 | K17: =I17/C17 -> 166.27148 | L17: =+L16+M17 -> 205085.51 | M17: =+[3]DailySep!AJ16 -> 23371.57 | N17: =M17/B17 -> 591.59545 | O17: =M17/C17 -> 625.61085 | P17: =+E17+I17+M17 -> 34183.14 | Q17: =P17/B17 -> 865.26452 | R17: =P17/C17 -> 915.01526 | V17: Off Reel | W17: Off Rewinder
A18: =+Report1!A19 -> 45911 | B18: =+Report1!P19 -> 39.807 | C18: =+Report1!R19 -> 38.934 | D18: =+D17+E18 -> 43000 | E18: =+[3]DailySep!AH17 -> 4300 | F18: =E18/B18 -> 108.0212 | G18: =E18/C18 -> 110.44331 | H18: =+H17+I18 -> 76364.99 | I18: =+[3]DailySep!AI17 -> 7879.48 | J18: =I18/B18 -> 197.94207 | K18: =I18/C18 -> 202.38044 | L18: =+L17+M18 -> 230124.99 | M18: =+[3]DailySep!AJ17 -> 25039.48 | N18: =M18/B18 -> 629.02203 | O18: =M18/C18 -> 643.12632 | P18: =+E18+I18+M18 -> 37218.96 | Q18: =P18/B18 -> 934.9853 | R18: =P18/C18 -> 955.95007 | V18: Off Reel | W18: Off Rewinder
A19: =+Report1!A20 -> 45912 | B19: =+Report1!P20 -> 44.411 | C19: =+Report1!R20 -> 39.984 | D19: =+D18+E19 -> 47600 | E19: =+[3]DailySep!AH18 -> 4600 | F19: =E19/B19 -> 103.57794 | G19: =E19/C19 -> 115.04602 | H19: =+H18+I19 -> 84420.29 | I19: =+[3]DailySep!AI18 -> 8055.3 | J19: =I19/B19 -> 181.38074 | K19: =I19/C19 -> 201.46309 | L19: =+L18+M19 -> 257340.29 | M19: =+[3]DailySep!AJ18 -> 27215.3 | N19: =M19/B19 -> 612.80539 | O19: =M19/C19 -> 680.65476 | P19: =+E19+I19+M19 -> 39870.6 | Q19: =P19/B19 -> 897.76407 | R19: =P19/C19 -> 997.16387 | V19: Off Reel | W19: Off Rewinder
... A33: =+Report1!A34 -> 45926 | B33: =+Report1!P34 -> 0 | C33: =+Report1!R34 -> 0 | D33: =+D32+E33 -> 55500 | E33: =+[3]DailySep!AH32 -> 400 | F33: =E33/B33 -> #DIV/0! | G33: =E33/C33 -> #DIV/0! | H33: =+H32+I33 -> 99882.48 | I33: =+[3]DailySep!AI32 -> 497.91 | J33: =I33/B33 -> #DIV/0! | K33: =I33/C33 -> #DIV/0! | L33: =+L32+M33 -> 345042.48 | M33: =+[3]DailySep!AJ32 -> 4657.91 | N33: =M33/B33 -> #DIV/0! | O33: =M33/C33 -> #DIV/0! | P33: =+E33+I33+M33 -> 5555.82 | Q33: =P33/B33 -> #DIV/0! | R33: =P33/C33 -> #DIV/0! | V33: Off Reel | W33: Off Rewinder
A34: =+Report1!A35 -> 45927 | B34: =+Report1!P35 -> 0 | C34: =+Report1!R35 -> 0 | D34: =+D33+E34 -> 55900 | E34: =+[3]DailySep!AH33 -> 400 | F34: =E34/B34 -> #DIV/0! | G34: =E34/C34 -> #DIV/0! | H34: =+H33+I34 -> 100117.63 | I34: =+[3]DailySep!AI33 -> 235.15 | J34: =I34/B34 -> #DIV/0! | K34: =I34/C34 -> #DIV/0! | L34: =+L33+M34 -> 350437.63 | M34: =+[3]DailySep!AJ33 -> 5395.15 | N34: =M34/B34 -> #DIV/0! | O34: =M34/C34 -> #DIV/0! | P34: =+E34+I34+M34 -> 6030.3 | Q34: =P34/B34 -> #DIV/0! | R34: =P34/C34 -> #DIV/0!
A35: =+Report1!A36 -> 45928 | B35: =+Report1!P36 -> 0 | C35: =+Report1!R36 -> 0 | D35: =+D34+E35 -> 56200 | E35: =+[3]DailySep!AH34 -> 300 | F35: =E35/B35 -> #DIV/0! | G35: =E35/C35 -> #DIV/0! | H35: =+H34+I35 -> 101891.33 | I35: =+[3]DailySep!AI34 -> 1773.7 | J35: =I35/B35 -> #DIV/0! | K35: =I35/C35 -> #DIV/0! | L35: =+L34+M35 -> 357371.33 | M35: =+[3]DailySep!AJ34 -> 6933.7 | N35: =M35/B35 -> #DIV/0! | O35: =M35/C35 -> #DIV/0! | P35: =+E35+I35+M35 -> 9007.4 | Q35: =P35/B35 -> #DIV/0! | R35: =P35/C35 -> #DIV/0!
A36: =+Report1!A37 -> 45929 | B36: =+Report1!P37 -> 0 | C36: =+Report1!R37 -> 0 | D36: =+D35+E36 -> 56500 | E36: =+[3]DailySep!AH35 -> 300 | F36: =E36/B36 -> #DIV/0! | G36: =E36/C36 -> #DIV/0! | H36: =+H35+I36 -> 102042.85 | I36: =+[3]DailySep!AI35 -> 151.52 | J36: =I36/B36 -> #DIV/0! | K36: =I36/C36 -> #DIV/0! | L36: =+L35+M36 -> 361682.85 | M36: =+[3]DailySep!AJ35 -> 4311.52 | N36: =M36/B36 -> #DIV/0! | O36: =M36/C36 -> #DIV/0! | P36: =+E36+I36+M36 -> 4763.04 | Q36: =P36/B36 -> #DIV/0! | R36: =P36/C36 -> #DIV/0!
A37: =+Report1!A38 -> 45930 | B37: =+Report1!P38 -> 0 | C37: =+Report1!R38 -> 0 | D37: =+D36+E37 -> 56800 | E37: =+[3]DailySep!AH36 -> 300 | F37: =E37/B37 -> #DIV/0! | G37: =E37/C37 -> #DIV/0! | H37: =+H36+I37 -> 102982.18 | I37: =+[3]DailySep!AI36 -> 939.33 | J37: =I37/B37 -> #DIV/0! | K37: =I37/C37 -> #DIV/0! | L37: =+L36+M37 -> 366782.18 | M37: =+[3]DailySep!AJ36 -> 5099.33 | N37: =M37/B37 -> #DIV/0! | O37: =M37/C37 -> #DIV/0! | P37: =+E37+I37+M37 -> 6338.66 | Q37: =P37/B37 -> #DIV/0! | R37: =P37/C37 -> #DIV/0!
A38: =+Report1!A39 -> 0 | B38: =+Report1!P39 -> 0 | C38: =+Report1!R39 -> 0 | D38: =+D37+E38 -> 56800 | E38: =+[3]DailySep!AH37 -> 0 | F38: =E38/B38 -> #DIV/0! | G38: =E38/C38 -> #DIV/0! | H38: =+H37+I38 -> 102982.18 | I38: =+[3]DailySep!AI37 -> 0 | J38: =I38/B38 -> #DIV/0! | K38: =I38/C38 -> #DIV/0! | L38: =+L37+M38 -> 366782.18 | M38: =+[3]DailySep!AJ37 -> 0 | N38: =M38/B38 -> #DIV/0! | O38: =M38/C38 -> #DIV/0! | P38: =+E38+I38+M38 -> 0 | Q38: =P38/B38 -> #DIV/0! | R38: =P38/C38 -> #DIV/0!
A40: TOTAL | B40: =SUM(B8:B38) -> 440.9126 | C40: =SUM(C8:C38) -> 413.672 | E40: =SUM(E8:E39) -> 56800 | F40: =E40/B40 -> 128.82372 | G40: =E40/C40 -> 137.30685 | I40: =SUM(I8:I39) -> 102982.18 | J40: =I40/B40 -> 233.56597 | K40: =I40/C40 -> 248.94646 | M40: =SUM(M8:M39) -> 366782.18 | N40: =M40/B40 -> 831.87049 | O40: =M40/C40 -> 886.64976 | P40: =+E40+I40+M40 -> 526564.36 | Q40: =P40/B40 -> 1194.2602 | R40: =P40/C40 -> 1272.9031
P42: -1320860.8

Sheet Trim Rwd
A1: PM 14 | B1: =+Report1!A9 -> 45901
A3: Tgl | B3: Grade | C3: Ply | D3: Kombinasi Pot. | E3: Lebar Trim | F3: Jml Turunan | G3: Lebar x Turunan | H3: Rata-rata | I3: PHP PM
A4: =+B1 -> 45901 | B4: F 12 | C4: 1 | D4: 140+122,5 | E4: =140+122.5 -> 262.5 | F4: =18+31+26 -> 75 | G4: =+E4*F4 -> 19687.5 | H4: =(G4/F4) -> 262.5 | I4: =+'1'!I38 -> 40.056
B5: F 13 | C5: 1 | D5: 140+122,5 | E5: =140+122.5 -> 262.5 | F5: 4 | G5: =+E5*F5 -> 1050 | H5: =(G5/F5) -> 262.5 | I5: Backlog
A7: 45902 | B7: F 12 | C7: 1 | D7: 140+122,5 | E7: =140+122.5 -> 262.5 | F7: 23 | G7: =+E7*F7 -> 6037.5 | H7: =(F7*E7+F8*E8)/(SUM(F7:F8)) -> 260.88235 | I7: =+'2'!I38 -> 38.489
B8: F 12 | C8: 1 | D8: 180+77,5 | E8: =180+77.5 -> 257.5 | F8: 11 | G8: =+E8*F8 -> 2832.5
B9: F 13 | C9: 1 | D9: 80*3 | E9: =80*3 -> 240 | F9: 27 | G9: =+E9*F9 -> 6480 | H9: =(G9/F9) -> 240
A11: 45903 | B11: F 13 | C11: 1 | D11: 80*3 | E11: =80*3 -> 240 | F11: =10+1+3 -> 14 | G11: =+E11*F11 -> 3360 | H11: =(F11*E11+F12*E12)/(SUM(F11:F12)) -> 240 | I11: =+'3'!I38 -> 38.158
B12: F 12,5 | C12: 1 | D12: 120*2 | E12: =120*2 -> 240 | F12: 1 | G12: =+E12*F12 -> 240
B13: F 12,5 | C13: 1 | D13: 180+77,5 | E13: =180+77.5 -> 257.5 | F13: =6+13+7+13+9 -> 48 | G13: =+E13*F13 -> 12360 | H13: =(G13/F13) -> 257.5
A15: 45904 | B15: F 12 | C15: 1 | D15: 180+77,5 | E15: =180+77.5 -> 257.5 | F15: 21 | G15: =+E15*F15 -> 5407.5 | H15: =(F15*E15+F16*E16+F17*E17)/(SUM(F15:F17)) -> 248.21429 | I15: =+'4'!I38 -> 41.57
B16: F 12 | C16: 1 | D16: 257,5*1 | E16: =257.5*1 -> 257.5 | F16: 2 | G16: =+E16*F16 -> 515
B17: F 12 | C17: 1 | D17: 120*2 | E17: =120*2 -> 240 | F17: 26 | G17: =+E17*F17 -> 6240
B18: F 14 | C18: 1 | D18: 120*2 | E18: =120*2 -> 240 | F18: 19 | G18: =+E18*F18 -> 4560 | H18: =+G18/F18 -> 240
A20: 45905 | B20: F 14 | C20: 1 | D20: 120*2 | E20: =120*2 -> 240 | F20: =128/2 -> 64 | G20: =+E20*F20 -> 15360 | H20: =+G20/F20 -> 240 | I20: =+'5'!I38 -> 42.805
A22: 45906 | B22: F 14 | C22: 1 | D22: 120*2 | E22: =120*2 -> 240 | F22: =70/2 -> 35 | G22: =+E22*F22 -> 8400 | H22: =+G22/F22 -> 240 | I22: =+'6'!I38 -> 27.34
A24: 45907 | B24: F 14 | C24: 1 | D24: 120*2 | E24: =120*2 -> 240 | F24: =32/2 -> 16 | G24: =+E24*F24 -> 3840 | H24: =+G24/F24 -> 240 | I24: =+'7'!I38 -> 34.9246
B25: F 12 | C25: 1 | D25: 122,5*2 | E25: =122.5*2 -> 245 | F25: =14/2 -> 7 | G25: =+E25*F25 -> 1715 | H25: =+G25/F25 -> 245
B26: T 12 | C26: 1 | D26: 251*1 | E26: =251*1 -> 251 | F26: =14+16 -> 30 | G26: =+E26*F26 -> 7530 | H26: =+G26/F26 -> 251
A28: 45908 | B28: T 12 | C28: 1 | D28: 251*1 | E28: =251*1 -> 251 | F28: 0 | G28: =+E28 -> 251 | H28: =+G28 -> 251 | I28: =+'8'!I38 -> 0
A30: 45909 | B30: F 12 | C30: 1 | D30: 122,5+140 | E30: =122.5+140 -> 262.5 | F30: 3 | G30: =+E30*F30 -> 787.5 | H30: =(F30*E30+F31*E31)/(SUM(F30:F31)) -> 265.475 | I30: =+'9'!L37 -> 13.945
B31: F 12 | C31: 1 | D31: 133*2 | E31: =133*2 -> 266 | F31: =12+5 -> 17 | G31: =+E31*F31 -> 4522
B32: F 13 | C32: 1 | D32: 140+60*2 | E32: =140+60*2 -> 260 | F32: =22+23 -> 45 | G32: =+E32*F32 -> 11700 | H32: =+G32/F32 -> 260 | I32: =+'9'!L38 -> 26.266
A34: 45910 | B34: F 12 | C34: 1 | D34: 132*2 | E34: =132*2 -> 264 | F34: =13+11+13+2 -> 39 | G34: =+E34*F34 -> 10296 | H34: =(F34*E34+F35*E35)/(SUM(F34:F35)) -> 263.59184 | I34: =+'10'!I38 -> 39.506
B35: F 12 | C35: 1 | D35: 132+130 | E35: =132+130 -> 262 | F35: =5+5 -> 10 | G35: =+E35*F35 -> 2620
B36: F 12,5 | C36: 1 | D36: 120+140 | E36: =140+60*2 -> 260 | F36: =12+13+2 -> 27 | G36: =+E36*F36 -> 7020 | H36: =+G36/F36 -> 260
A38: 45911 | B38: F 12,5 | C38: 1 | D38: 120+140 | E38: =140+60*2 -> 260 | F38: =13+3+4+12+13+6+3 -> 54 | G38: =+E38*F38 -> 14040 | H38: =+G38/F38 -> 260 | I38: =+'11'!I38 -> 39.807
B39: F 12 | C39: 1 | D39: 132*2 | E39: =132*2 -> 264 | F39: 19 | G39: =+E39*F39 -> 5016 | H39: =+G39/F39 -> 264
A41: 45912 | B41: F 12 | C41: 1 | D41: 132*2 | E41: =132*2 -> 264 | F41: =23+21 -> 44 | G41: =+E41*F41 -> 11616 | H41: =+G41/F41 -> 264 | I41: =+'12'!I38 -> 44.411
B42: F 13,5 | C42: 1 | D42: 120+140 | E42: =120+140 -> 260 | F42: =5+6 -> 11 | G42: =+E42*F42 -> 2860 | H42: =+G42/F42 -> 260
B43: F 13 | C43: 1 | D43: 40*3+45*3 | E43: =40*3+45*3 -> 255 | F43: 16 | G43: =+E43*F43 -> 4080 | H43: =+G43/F43 -> 255
A45: 45913 | B45: F 13 | C45: 1 | D45: 40*3+45*3 | E45: =40*3+45*3 -> 255 | F45: 27 | G45: =+E45*F45 -> 6885 | H45: =+G45/F45 -> 255 | I45: =+'13'!I38 -> 13.635
B46: F 12 | C46: 1 | D46: 132*2 | E46: =132*2 -> 264 | F46: 8 | G46: =+E46*F46 -> 2112 | H46: =+G46/F46 -> 264
A48: 45914 | B48: F 12 | C48: 1 | D48: 132*2 | E48: =132*2 -> 264 | F48: 0 | G48: 0 | H48: =+E48 -> 264 | I48: =+'14'!I38 -> 0
A50: 45915 | B50: F 12 | C50: 1 | D50: 132*2 | E50: =132*2 -> 264 | F50: 0 | G50: 0 | H50: =+E50 -> 264 | I50: =+'15'!I38 -> 0
A52: 45916 | B52: F 12 | C52: 1 | D52: 132*2 | E52: =132*2 -> 264 | F52: 0 | G52: 0 | H52: =+E52 -> 264 | I52: =+'16'!I38 -> 0
A54: 45917 | B54: F 12 | C54: 1 | D54: 132*2 | E54: =132*2 -> 264 | F54: 0 | G54: 0 | H54: =+E54 -> 264 | I54: =+'17'!I38 -> 0
A56: 45918 | B56: F 12 | C56: 1 | D56: 132*2 | E56: =132*2 -> 264 | F56: 0 | G56: 0 | H56: =+E56 -> 264 | I56: =+'18'!I38 -> 0
A58: 45919 | B58: F 12 | C58: 1 | D58: 132*2 | E58: =132*2 -> 264 | F58: 0 | G58: 0 | H58: =+E58 -> 264 | I58: =+'19'!I38 -> 0
A60: 45920 | B60: F 12 | C60: 1 | D60: 132*2 | E60: =132*2 -> 264 | F60: 0 | G60: 0 | H60: =+E60 -> 264 | I60: =+'20'!I38 -> 0
A62: 45921 | B62: F 12 | C62: 1 | D62: 132*2 | E62: =132*2 -> 264 | F62: 0 | G62: 0 | H62: =+E62 -> 264 | I62: =+'21'!I38 -> 0
A64: 45922 | B64: F 12 | C64: 1 | D64: 132*2 | E64: =132*2 -> 264 | F64: 0 | G64: 0 | H64: =+E64 -> 264 | I64: =+'22'!I38 -> 0
A66: 45923 | B66: F 12 | C66: 1 | D66: 132*2 | E66: =132*2 -> 264 | F66: 0 | G66: 0 | H66: =+E66 -> 264 | I66: =+'23'!I38 -> 0
A68: 45924 | B68: F 12 | C68: 1 | D68: 132*2 | E68: =132*2 -> 264 | F68: 0 | G68: 0 | H68: =+E68 -> 264 | I68: =+'24'!I38 -> 0
A70: 45925 | B70: F 12 | C70: 1 | D70: 132*2 | E70: =132*2 -> 264 | F70: 0 | G70: 0 | H70: =+E70 -> 264 | I70: =+'25'!I38 -> 0
A72: 45926 | B72: F 12 | C72: 1 | D72: 132*2 | E72: =132*2 -> 264 | F72: 0 | G72: 0 | H72: =+E72 -> 264 | I72: =+'26'!I38 -> 0
A74: 45927 | B74: F 12 | C74: 1 | D74: 132*2 | E74: =132*2 -> 264 | F74: 0 | G74: 0 | H74: =+E74 -> 264 | I74: =+'26'!I40 -> 0
A76: 45928 | B76: F 12 | C76: 1 | D76: 132*2 | E76: =132*2 -> 264 | F76: 0 | G76: 0 | H76: =+E76 -> 264 | I76: =+'26'!I42 -> 0
A78: 45929 | B78: F 12 | C78: 1 | D78: 132*2 | E78: =132*2 -> 264 | F78: 0 | G78: 0 | H78: =+E78 -> 264 | I78: =+'29'!I38 -> 0
A80: 45930 | B80: F 12 | C80: 1 | D80: 132*2 | E80: =132*2 -> 264 | F80: 0 | G80: 0 | H80: =+E80 -> 264 | I80: =+'30'!I38 -> 0

Sheet Efficiency1
A1: PM14 Efficiency Report
A3: Date | B3: Grade | C3: Speed real (ton) with Available Time | D3: Colour | E3: gsm | F3: Ply | G3: Standard | L3: Real Running | O3: Trim Rewinder (cm) | P3: Trim Rewinder x Running Time | Q3: Available Time (mnt) | R3: Down Time (mnt) | S3: Loss Time (mnt) | T3: Real Speed & Real Creepe Ratio with Available Time (ton) | U3: Real Speed & Real Creepe Ratio setelah dipotong DT & LT (ton) | V3: Loss tonase akibat DT + LT dari hitungan Teori with available time (ton) | W3: Accepted (ton) | X3: Real Eff dr Target Eff | Y3: Backlog | Z3: Reject Rewinder (ton) | AA3: Estimasi Reject to Broke Plant (ton) | AB3: Estimasi Faktor BW (ton) | AC3: Loss Opportunity in Speed (ton) | AD3: Downtime/ Losstime | AE3: Reason of Downtime / Losstime | AF3: Loss Time | AM3: Total Losstime | AN3: Unschedule Shut Down (mnt) | AS3: Schedule Shut Down | AT3: Marketing | AV3: EXT FACTOR | AX3: EXT FACTOR | AZ3: MANAGEMENT | BA3: Total Down Time | BB3: Freq. Sheets Break (X) | BC3: Freq. Change Blade (X) | BD3: Steam, & gangguan sinergy (X) | BE3: Freq, Trip PLN (X) | BF3: Cleaning Holes (X)
AF4: Proses | AI4: Change Grade/Cleaning | AJ4: Mekanik | AK4: Electric & Instrument | AL4: Boiler | AN4: Down Time Produksi | AO4: Mekanik | AP4: Electrical & Instrument | AQ4: Boiler | AR4: Total Unschedule Shut Down | AV4: LOSS | AW4: DOWN TIME | AX4: LOSS | AY4: DOWN TIME
G5: Yankee Speed (mpm) | H5: Max % Creeping | I5: Target Eff | J5: Kapasitas PM-Teori (ton) | K5: Teori (ton) with Available Time | L5: Yankee Speed (mpm) | M5: Popereel Speed (mpm) | N5: % Creeping | AF5: sheet break | AG5: change blade | AH5: change spool | AT5: Loss time | AU5: Down Time | AV5: SINERGY | AW5: SINERGY | AX5: PLN | AY5: PLN
A6: =+Report1!A9 -> 45901 | B6: Facial | C6: =(M6*E6*O6*Q6)/100000000 -> 42.960456 | D6: VP OW | E6: 12 | F6: 1 | G6: 1230 | H6: 0.23 | I6: 0.88 | J6: =E6*G6*(1-H6)*1440/1000000*2.74 -> 44.842533 | K6: =(IF(G6<L6,L6,G6)*(1-IF(H6<N6,H6,N6))*E6*O6*Q6)/100000000 -> 42.960456 | L6: 1230 | M6: 947.1 | N6: =1-(M6/L6) -> 0.23 | O6: =+'Trim Rwd'!H4 -> 262.5 | P6: =O6*(Q6-R6-S6) -> 359362.5 | Q6: 1440 | R6: 0 | S6: 71 | T6: =E6*M6*O6*Q6/100000000 -> 42.960456 | U6: =E6*M6*O6*(Q6-R6-S6)/100000000 -> 40.842267 | V6: =E6*G6*(1-N6)*O6/100*(R6+S6)/1000000 -> 2.1181891 | W6: =+'1'!K7/1000 -> 38.948 | X6: =SUM(W6:W9)/SUM(K6:K9) -> 0.96558565 | Y6: 0 | Z6: =+'1'!D25/1000 -> 0 | AA6: =SUM(U6:U9)-SUM(W6:W9)-SUM(Z6:Z9)-SUM(Y6:Y9) -> -0.63973315 | AB6: =(SUM(K6:K9)-SUM(W6:W9)-SUM(Y6:Y9)-SUM(Z6:Z9)-SUM(AC6:AC9)-SUM(V6:V9))-AA6 -> 0 | AC6: =K6-T6 -> 0 | AD6: =+AM6+BA6 -> 35 | AE6: - Sheet Breaks (7x) | AF6: 35 | AM6: =SUM(AF6:AL6)+AT6+AV6+AX6 -> 35 | AR6: =SUM(AN6:AQ6) -> 0 | BA6: =+AR6+AS6+AU6+AW6+AY6+AZ6 -> 0 | BB6: 7
B7: Facial | E7: 13 | W7: =+'1'!K8/1000 -> 2.534 | AD7: =+AM7+BA7 -> 10 | AE7: - Change Blade (10x) | AG7: 10 | AM7: =SUM(AF7:AL7)+AT7+AV7+AX7 -> 10 | AR7: =SUM(AN7:AQ7) -> 0 | BA7: =+AR7+AS7+AU7+AW7+AY7+AZ7 -> 0 | BC7: 10
AD8: =+AM8+BA8 -> 26 | AE8: - Change Spool (27x) | AH8: 26 | AM8: =SUM(AF8:AL8)+AT8+AV8+AX8 -> 26 | AR8: =SUM(AN8:AQ8) -> 0 | BA8: =+AR8+AS8+AU8+AW8+AY8+AZ8 -> 0
A10: 45902 | B10: Facial | C10: =(M10*E10*O10*Q10)/100000000 -> 21.799353 | D10: VP OW | E10: 12 | F10: 1 | G10: 1230 | H10: 0.23 | I10: 0.88 | J10: =E10*G10*(1-H10)*1440/1000000*2.74 -> 44.842533 | K10: =(IF(G10<L10,L10,G10)*(1-IF(H10<N10,H10,N10))*E10*O10*Q10)/100000000 -> 21.911203 | L10: 1223.7212 | M10: 942.26536 | N10: =1-(M10/L10) -> 0.23 | O10: =+'Trim Rwd'!H7 -> 260.88235 | P10: =O10*(Q10-R10-S10) -> 182356.76 | Q10: 739 | R10: 0 | S10: 40 | T10: =E10*M10*O10*Q10/100000000 -> 21.799353 | U10: =E10*M10*O10*(Q10-R10-S10)/100000000 -> 20.619415 | V10: =E10*G10*(1-N10)*O10/100*(R10+S10)/1000000 -> 1.185992 | W10: =+'2'!K7/1000 -> 17.891 | X10: =SUM(W10:W13)/SUM(K10:K13) -> 0.73741505 | Y10: 0 | Z10: =+'1'!D29/1000 -> 0 | AA10: =SUM(U10:U13)-SUM(W10:W13)-SUM(Z10:Z13)-SUM(Y10:Y13) -> 7.8765482 | AB10: =(SUM(K10:K13)-SUM(W10:W13)-SUM(Y10:Y13)-SUM(Z10:Z13)-SUM(AC10:AC13)-SUM(V10:V13))-AA10 -> -0.028590403 | AC10: =K10-T10 -> 0.11184966 | AD10: =+AM10+BA10 -> 28 | AE10: - Sheet Breaks (13x) | AF10: 28 | AM10: =SUM(AF10:AL10)+AT10+AV10+AX10 -> 28 | AR10: =SUM(AN10:AQ10) -> 0 | BA10: =+AR10+AS10+AU10+AW10+AY10+AZ10 -> 0 | BB10: 13
B11: Facial | C11: =(M11*E11*O11*Q11)/100000000 -> 20.298478 | D11: VP OW | E11: 13 | F11: 1 | G11: 1230 | H11: 0.22 | I11: 0.88 | J11: =E11*G11*(1-H11)*1440/1000000*2.74 -> 49.210312 | K11: =(IF(G11<L11,L11,G11)*(1-IF(H11<N11,H11,N11))*E11*O11*Q11)/100000000 -> 20.983229 | L11: 1205.3138 | M11: 928.09165 | N11: =1-(M11/L11) -> 0.23 | O11: =+'Trim Rwd'!H9 -> 240 | P11: =O11*(Q11-R11-S11) -> 159120 | Q11: 701 | R11: 0 | S11: =78-S10 -> 38 | T11: =E11*M11*O11*Q11/100000000 -> 20.298478 | U11: =E11*M11*O11*(Q11-R11-S11)/100000000 -> 19.198133 | V11: =E11*G11*(1-N11)*O11/100*(R11+S11)/1000000 -> 1.1228818 | W11: =+'2'!K8/1000 -> 13.74 | Z11: =+'2'!D25/1000 -> 0.31 | AC11: =K11-T11 -> 0.68475108 | AD11: =+AM11+BA11 -> 8 | AE11: - Change Blade (4x) | AG11: 8 | AM11: =SUM(AF11:AL11)+AT11+AV11+AX11 -> 8 | AR11: =SUM(AN11:AQ11) -> 0 | BA11: =+AR11+AS11+AU11+AW11+AY11+AZ11 -> 0 | BC11: 4
AD12: =+AM12+BA12 -> 42 | AE12: - Change Spool (30x) | AH12: 42 | AM12: =SUM(AF12:AL12)+AT12+AV12+AX12 -> 42 | AR12: =SUM(AN12:AQ12) -> 0 | BA12: =+AR12+AS12+AU12+AW12+AY12+AZ12 -> 0
A14: 45903 | B14: Facial | C14: =(M14*E14*O14*Q14)/100000000 -> 5.0825174 | D14: VP OW | E14: 13 | F14: 1 | G14: 1230 | H14: 0.22 | I14: 0.88 | J14: =E14*G14*(1-H14)*1440/1000000*2.74 -> 49.210312 | K14: =(IF(G14<L14,L14,G14)*(1-IF(H14<N14,H14,N14))*E14*O14*Q14)/100000000 -> 5.1485242 | L14: 1230 | M14: 947.1 | N14: =1-(M14/L14) -> 0.23 | O14: =+'Trim Rwd'!H11 -> 240 | P14: =O14*(Q14-R14-S14) -> 37920 | Q14: 172 | R14: 0 | S14: 14 | T14: =E14*M14*O14*Q14/100000000 -> 5.0825174 | U14: =E14*M14*O14*(Q14-R14-S14)/100000000 -> 4.6688242 | V14: =E14*G14*(1-N14)*O14/100*(R14+S14)/1000000 -> 0.41369328 | W14: =+'3'!K8/1000 -> 6.954 | X14: =SUM(W14:W17)/SUM(K14:K17) -> 0.75118846 | Y14: 0 | Z14: =+'1'!D33/1000 -> 0 | AA14: =SUM(U14:U17)-SUM(W14:W17)-SUM(Z14:Z17)-SUM(Y14:Y17) -> 7.2042504 | AB14: =(SUM(K14:K17)-SUM(W14:W17)-SUM(Y14:Y17)-SUM(Z14:Z17)-SUM(AC14:AC17)-SUM(V14:V17))-AA14 -> -0.028135035 | AC14: =K14-T14 -> 0.06600672 | AD14: =+AM14+BA14 -> 32 | AE14: - Sheet Breaks (9x) | AF14: 32 | AM14: =SUM(AF14:AL14)+AT14+AV14+AX14 -> 32 | AR14: =SUM(AN14:AQ14) -> 0 | BA14: =+AR14+AS14+AU14+AW14+AY14+AZ14 -> 0 | BB14: 9
B15: Facial | C15: =(M15*E15*O15*Q15)/100000000 -> 36.598868 | D15: VP OW | E15: 12 | F15: 1 | G15: 1230 | H15: 0.23 | I15: 0.88 | J15: =E15*G15*(1-H15)*1440/1000000*2.74 -> 44.842533 | K15: =(IF(G15<L15,L15,G15)*(1-IF(H15<N15,H15,N15))*E15*O15*Q15)/100000000 -> 37.108515 | L15: 1213.1073 | M15: 934.09259 | N15: =1-(M15/L15) -> 0.23 | O15: =+'Trim Rwd'!H13 -> 257.5 | P15: =O15*(Q15-R15-S15) -> 308485 | Q15: 1268 | R15: 0 | S15: 70 | T15: =E15*M15*O15*Q15/100000000 -> 36.598868 | U15: =E15*M15*O15*(Q15-R15-S15)/100000000 -> 34.578426 | V15: =E15*G15*(1-N15)*O15/100*(R15+S15)/1000000 -> 2.0485773 | W15: =+'3'!K7/1000 -> 24.789 | Z15: =+'3'!D25/1000 -> 0.3 | AC15: =K15-T15 -> 0.50964606 | AD15: =+AM15+BA15 -> 2 | AE15: - Change Blade (1x) | AG15: 2 | AM15: =SUM(AF15:AL15)+AT15+AV15+AX15 -> 2 | AR15: =SUM(AN15:AQ15) -> 0 | BA15: =+AR15+AS15+AU15+AW15+AY15+AZ15 -> 0 | BC15: 1
AD16: =+AM16+BA16 -> 50 | AE16: - Change Spool (27x) | AH16: 50 | AM16: =SUM(AF16:AL16)+AT16+AV16+AX16 -> 50 | AR16: =SUM(AN16:AQ16) -> 0 | BA16: =+AR16+AS16+AU16+AW16+AY16+AZ16 -> 0
A18: 45904 | B18: Facial | C18: =(M18*E18*O18*Q18)/100000000 -> 10.850778 | D18: VP OW | E18: 12 | F18: 1 | G18: 1230 | H18: 0.23 | I18: 0.88 | J18: =E18*G18*(1-H18)*1440/1000000*2.74 -> 44.842533 | K18: =(IF(G18<L18,L18,G18)*(1-IF(H18<N18,H18,N18))*E18*O18*Q18)/100000000 -> 11.03013 | L18: 1210 | M18: 931.7 | N18: =1-(M18/L18) -> 0.23 | O18: =+'Trim Rwd'!H15 -> 248.21429 | P18: =O18*(Q18-R18-S18) -> 92583.929 | Q18: 391 | R18: 0 | S18: 18 | T18: =E18*M18*O18*Q18/100000000 -> 10.850778 | U18: =E18*M18*O18*(Q18-R18-S18)/100000000 -> 10.351254 | V18: =E18*G18*(1-N18)*O18/100*(R18+S18)/1000000 -> 0.5077809 | W18: =+'4'!K7/1000 -> 14.723 | X18: =SUM(W18:W21)/SUM(K18:K21) -> 0.93365626 | Y18: 0 | Z18: 1.06 | AA18: =SUM(U18:U21)-SUM(W18:W21)-SUM(Z18:Z21)-SUM(Y18:Y21) -> -0.73084763 | AB18: =(SUM(K18:K21)-SUM(W18:W21)-SUM(Y18:Y21)-SUM(Z18:Z21)-SUM(AC18:AC21)-SUM(V18:V21))-AA18 -> -0.0095394217 | AC18: =K18-T18 -> 0.1793517 | AD18: =+AM18+BA18 -> 18 | AE18: - Sheet Breaks (6x) | AF18: 18 | AM18: =SUM(AF18:AL18)+AT18+AV18+AX18 -> 18 | AR18: =SUM(AN18:AQ18) -> 0 | BA18: =+AR18+AS18+AU18+AW18+AY18+AZ18 -> 0 | BB18: 6
B19: Facial | C19: =(M19*E19*O19*Q19)/100000000 -> 32.492376 | D19: VP OW | E19: 14 | F19: 1 | G19: 1230 | H19: 0.25 | I19: 0.88 | J19: =E19*G19*(1-H19)*1440/1000000*2.74 -> 50.957424 | K19: =(IF(G19<L19,L19,G19)*(1-IF(H19<N19,H19,N19))*E19*O19*Q19)/100000000 -> 32.514804 | L19: 1229.1516 | M19: 921.86368 | N19: =1-(M19/L19) -> 0.25 | O19: =+'Trim Rwd'!H18 -> 240 | P19: =O19*(Q19-R19-S19) -> 237360 | Q19: 1049 | R19: 0 | S19: 60 | T19: =E19*M19*O19*Q19/100000000 -> 32.492376 | U19: =E19*M19*O19*(Q19-R19-S19)/100000000 -> 30.633899 | V19: =E19*G19*(1-N19)*O19/100*(R19+S19)/1000000 -> 1.85976 | W19: =+'4'!K9/1000 -> 25.933 | Z19: 0 | AC19: =K19-T19 -> 0.022428 | AD19: =+AM19+BA19 -> 2 | AE19: - Change Blade (1x) | AG19: 2 | AM19: =SUM(AF19:AL19)+AT19+AV19+AX19 -> 2 | AR19: =SUM(AN19:AQ19) -> 0 | BA19: =+AR19+AS19+AU19+AW19+AY19+AZ19 -> 0 | BC19: 1
AD20: =+AM20+BA20 -> 58 | AE20: - Change Spool (30x) | AH20: 58 | AM20: =SUM(AF20:AL20)+AT20+AV20+AX20 -> 58 | AR20: =SUM(AN20:AQ20) -> 0 | BA20: =+AR20+AS20+AU20+AW20+AY20+AZ20 -> 0
A22: 45905 | B22: Facial | C22: =(M22*E22*O22*Q22)/100000000 -> 44.63424 | D22: VP OW | E22: 14 | F22: 1 | G22: 1230 | H22: 0.25 | I22: 0.88 | J22: =E22*G22*(1-H22)*1440/1000000*2.74 -> 50.957424 | K22: =(IF(G22<L22,L22,G22)*(1-IF(H22<N22,H22,N22))*E22*O22*Q22)/100000000 -> 44.63424 | L22: 1230 | M22: 922.5 | N22: =1-(M22/L22) -> 0.25 | O22: =+'Trim Rwd'!H20 -> 240 | P22: =O22*(Q22-R22-S22) -> 327360 | Q22: 1440 | R22: 0 | S22: 76 | T22: =E22*M22*O22*Q22/100000000 -> 44.63424 | U22: =E22*M22*O22*(Q22-R22-S22)/100000000 -> 42.278544 | V22: =E22*G22*(1-N22)*O22/100*(R22+S22)/1000000 -> 2.355696 | W22: =+'5'!K9/1000 -> 41.62 | X22: =SUM(W22:W25)/SUM(K22:K25) -> 0.93246799 | Y22: 0 | Z22: =+'5'!D7/1000 -> 0 | AA22: =SUM(U22:U25)-SUM(W22:W25)-SUM(Z22:Z25)-SUM(Y22:Y25) -> 0.658544 | AB22: =(SUM(K22:K25)-SUM(W22:W25)-SUM(Y22:Y25)-SUM(Z22:Z25)-SUM(AC22:AC25)-SUM(V22:V25))-AA22 -> 1.7763568e-15 | AC22: =K22-T22 -> 0 | AD22: =+AM22+BA22 -> 18 | AE22: - Sheet Breaks (6x) | AF22: 18 | AM22: =SUM(AF22:AL22)+AT22+AV22+AX22 -> 18 | AR22: =SUM(AN22:AQ22) -> 0 | BA22: =+AR22+AS22+AU22+AW22+AY22+AZ22 -> 0 | BB22: 6
AD23: =+AM23+BA23 -> 4 | AE23: - Change Blade (2x) | AG23: 4 | AM23: =SUM(AF23:AL23)+AT23+AV23+AX23 -> 4 | AR23: =SUM(AN23:AQ23) -> 0 | BA23: =+AR23+AS23+AU23+AW23+AY23+AZ23 -> 0 | BC23: 2
AD24: =+AM24+BA24 -> 54 | AE24: - Change Spool (30x) | AH24: 54 | AM24: =SUM(AF24:AL24)+AT24+AV24+AX24 -> 54 | AR24: =SUM(AN24:AQ24) -> 0 | BA24: =+AR24+AS24+AU24+AW24+AY24+AZ24 -> 0
A26: 45906 | B26: Facial | C26: =(M26*E26*O26*Q26)/100000000 -> 44.63424 | D26: VP OW | E26: 14 | F26: 1 | G26: 1230 | H26: 0.25 | I26: 0.88 | J26: =E26*G26*(1-H26)*1440/1000000*2.74 -> 50.957424 | K26: =(IF(G26<L26,L26,G26)*(1-IF(H26<N26,H26,N26))*E26*O26*Q26)/100000000 -> 44.63424 | L26: 1230 | M26: 922.5 | N26: =1-(M26/L26) -> 0.25 | O26: =+'Trim Rwd'!H22 -> 240 | P26: =O26*(Q26-R26-S26) -> 212160 | Q26: 1440 | R26: 515 | S26: 41 | T26: =E26*M26*O26*Q26/100000000 -> 44.63424 | U26: =E26*M26*O26*(Q26-R26-S26)/100000000 -> 27.400464 | V26: =E26*G26*(1-N26)*O26/100*(R26+S26)/1000000 -> 17.233776 | W26: =+'6'!K9/1000 -> 22.628 | X26: =SUM(W26:W29)/SUM(K26:K29) -> 0.50696506 | Y26: 0 | Z26: =+'5'!D11/1000 -> 0 | AA26: =SUM(U26:U29)-SUM(W26:W29)-SUM(Z26:Z29)-SUM(Y26:Y29) -> 4.772464 | AB26: =(SUM(K26:K29)-SUM(W26:W29)-SUM(Y26:Y29)-SUM(Z26:Z29)-SUM(AC26:AC29)-SUM(V26:V29))-AA26 -> 0 | AC26: =K26-T26 -> 0 | AD26: =+AM26+BA26 -> 12 | AE26: - Sheet Breaks (6x) | AF26: 12 | AM26: =SUM(AF26:AL26)+AT26+AV26+AX26 -> 12 | AR26: =SUM(AN26:AQ26) -> 0 | BA26: =+AR26+AS26+AU26+AW26+AY26+AZ26 -> 0 | BB26: 6
AD27: =+AM27+BA27 -> 0 | AE27: - Change Blade (0x) | AG27: 0 | AM27: =SUM(AF27:AL27)+AT27+AV27+AX27 -> 0 | AR27: =SUM(AN27:AQ27) -> 0 | BA27: =+AR27+AS27+AU27+AW27+AY27+AZ27 -> 0 | BC27: 0
AD28: =+AM28+BA28 -> 29 | AE28: - Change Spool (23x) | AH28: 29 | AM28: =SUM(AF28:AL28)+AT28+AV28+AX28 -> 29 | AR28: =SUM(AN28:AQ28) -> 0 | BA28: =+AR28+AS28+AU28+AW28+AY28+AZ28 -> 0
AD29: =+AM29+BA29 -> 515 | AE29: - 08.35 Pm stop, Turbo vacuum trip | AM29: =SUM(AF29:AL29)+AT29+AV29+AX29 -> 0 | AP29: 515 | AR29: =SUM(AN29:AQ29) -> 515 | BA29: =+AR29+AS29+AU29+AW29+AY29+AZ29 -> 515
A31: 45907 | B31: Facial | C31: =(M31*E31*O31*Q31)/100000000 -> 7.749 | D31: VP OW | E31: 14 | F31: 1 | G31: 1230 | H31: 0.25 | I31: 0.88 | J31: =E31*G31*(1-H31)*1440/1000000*2.74 -> 50.957424 | K31: =(IF(G31<L31,L31,G31)*(1-IF(H31<N31,H31,N31))*E31*O31*Q31)/100000000 -> 7.749 | L31: 1230 | M31: 922.5 | N31: =1-(M31/L31) -> 0.25 | O31: =+'Trim Rwd'!H24 -> 240 | P31: =O31*(Q31-R31-S31) -> 57360 | Q31: 250 | R31: 0 | S31: =56-S32-S33 -> 11 | T31: =E31*M31*O31*Q31/100000000 -> 7.749 | U31: =E31*M31*O31*(Q31-R31-S31)/100000000 -> 7.408044 | V31: =E31*G31*(1-N31)*O31/100*(R31+S31)/1000000 -> 0.340956 | W31: =+'7'!K9/1000 -> 10.379 | X31: =SUM(W31:W34)/SUM(K31:K34) -> 0.82946545 | Y31: 0 | Z31: =+'5'!D16/1000 -> 0 | AA31: =SUM(U31:U34)-SUM(W31:W34)-SUM(Z31:Z34)-SUM(Y31:Y34) -> 1.9728487 | AB31: =(SUM(K31:K34)-SUM(W31:W34)-SUM(Y31:Y34)-SUM(Z31:Z34)-SUM(AC31:AC34)-SUM(V31:V34))-AA31 -> -0.038728745 | AC31: =K31-T31 -> 0 | AD31: =+AM31+BA31 -> 18 | AE31: - Sheet Breaks (6x) | AF31: 18 | AM31: =SUM(AF31:AL31)+AT31+AV31+AX31 -> 18 | AR31: =SUM(AN31:AQ31) -> 0 | BA31: =+AR31+AS31+AU31+AW31+AY31+AZ31 -> 0 | BB31: 6
B32: Facial | C32: =(M32*E32*O32*Q32)/100000000 -> 4.7336058 | D32: VP OW | E32: 12 | F32: 1 | G32: 1230 | H32: 0.23 | I32: 0.88 | J32: =E32*G32*(1-H32)*1440/1000000*2.74 -> 44.842533 | K32: =(IF(G32<L32,L32,G32)*(1-IF(H32<N32,H32,N32))*E32*O32*Q32)/100000000 -> 4.7336058 | L32: 1230 | M32: 947.1 | N32: =1-(M32/L32) -> 0.23 | O32: =+'Trim Rwd'!H25 -> 245 | P32: =O32*(Q32-R32-S32) -> 40425 | Q32: 170 | R32: 0 | S32: 5 | T32: =E32*M32*O32*Q32/100000000 -> 4.7336058 | U32: =E32*M32*O32*(Q32-R32-S32)/100000000 -> 4.5943821 | V32: =E32*G32*(1-N32)*O32/100*(R32+S32)/1000000 -> 0.1392237 | W32: =+'7'!K7/1000 -> 4.225 | AC32: =K32-T32 -> 0 | AD32: =+AM32+BA32 -> 0 | AE32: - Change Blade (0x) | AG32: 0 | AM32: =SUM(AF32:AL32)+AT32+AV32+AX32 -> 0 | AR32: =SUM(AN32:AQ32) -> 0 | BA32: =+AR32+AS32+AU32+AW32+AY32+AZ32 -> 0 | BC32: 0
B33: Toilet | C33: =(M33*E33*O33*Q33)/100000000 -> 28.842325 | D33: VP OW | E33: 12 | F33: 1 | G33: 1230 | H33: 0.23 | I33: 0.88 | J33: =E33*G33*(1-H33)*1440/1000000*2.74 -> 44.842533 | K33: =(IF(G33<L33,L33,G33)*(1-IF(H33<N33,H33,N33))*E33*O33*Q33)/100000000 -> 29.097185 | L33: 1219.2265 | M33: 938.80442 | N33: =1-(M33/L33) -> 0.23 | O33: =+'Trim Rwd'!H26 -> 251 | P33: =O33*(Q33-R33-S33) -> 217115 | Q33: =905+115 -> 1020 | R33: 115 | S33: 40 | T33: =E33*M33*O33*Q33/100000000 -> 28.842325 | U33: =E33*M33*O33*(Q33-R33-S33)/100000000 -> 24.459423 | V33: =E33*G33*(1-N33)*O33/100*(R33+S33)/1000000 -> 4.4216311 | W33: =+'7'!K10/1000 -> 19.885 | AC33: =K33-T33 -> 0.25486013 | AD33: =+AM33+BA33 -> 38 | AE33: - Change Spool (30x) | AH33: 38 | AM33: =SUM(AF33:AL33)+AT33+AV33+AX33 -> 38 | AR33: =SUM(AN33:AQ33) -> 0 | BA33: =+AR33+AS33+AU33+AW33+AY33+AZ33 -> 0
AD34: =+AM34+BA34 -> 115 | AE34: - 05.05 pm14 stop ganti felt & boil out | AM34: =SUM(AF34:AL34)+AT34+AV34+AX34 -> 0 | AR34: =SUM(AN34:AQ34) -> 0 | AS34: 115 | BA34: =+AR34+AS34+AU34+AW34+AY34+AZ34 -> 115
A36: 45908 | B36: STOP | C36: =(M36*E36*O36*Q36)/100000000 -> 40.718576 | D36: VP OW | E36: 12 | F36: 1 | G36: 1230 | H36: 0.23 | I36: 0.88 | J36: =E36*G36*(1-H36)*1440/1000000*2.74 -> 44.842533 | K36: =(IF(G36<L36,L36,G36)*(1-IF(H36<N36,H36,N36))*E36*O36*Q36)/100000000 -> 41.078379 | L36: 1219.2265 | M36: 938.80442 | N36: =1-(M36/L36) -> 0.23 | O36: 251 | P36: =O36*(Q36-R36-S36) -> 0 | Q36: 1440 | R36: 1440 | S36: 0 | T36: =E36*M36*O36*Q36/100000000 -> 40.718576 | U36: =E36*M36*O36*(Q36-R36-S36)/100000000 -> 0 | V36: =E36*G36*(1-N36)*O36/100*(R36+S36)/1000000 -> 41.078379 | W36: =+'7'!K13/1000 -> 0 | X36: =SUM(W36:W39)/SUM(K36:K39) -> 0 | Y36: 0 | Z36: =+'5'!D21/1000 -> 0 | AA36: =SUM(U36:U39)-SUM(W36:W39)-SUM(Z36:Z39)-SUM(Y36:Y39) -> 0 | AB36: =(SUM(K36:K39)-SUM(W36:W39)-SUM(Y36:Y39)-SUM(Z36:Z39)-SUM(AC36:AC39)-SUM(V36:V39))-AA36 -> -0.35980254 | AC36: =K36-T36 -> 0.35980254 | AD36: =+AM36+BA36 -> 0 | AE36: - Sheet Breaks (0x) | AF36: 0 | AM36: =SUM(AF36:AL36)+AT36+AV36+AX36 -> 0 | AR36: =SUM(AN36:AQ36) -> 0 | BA36: =+AR36+AS36+AU36+AW36+AY36+AZ36 -> 0 | BB36: 0
AD37: =+AM37+BA37 -> 0 | AE37: - Change Blade (0x) | AG37: 0 | AM37: =SUM(AF37:AL37)+AT37+AV37+AX37 -> 0 | AR37: =SUM(AN37:AQ37) -> 0 | BA37: =+AR37+AS37+AU37+AW37+AY37+AZ37 -> 0 | BC37: 0
AD38: =+AM38+BA38 -> 0 | AE38: - Change Spool (0x) | AH38: 0 | AM38: =SUM(AF38:AL38)+AT38+AV38+AX38 -> 0 | AR38: =SUM(AN38:AQ38) -> 0 | BA38: =+AR38+AS38+AU38+AW38+AY38+AZ38 -> 0
AD39: =+AM39+BA39 -> 1440 | AE39: - pm14 stop ganti felt & boil out | AM39: =SUM(AF39:AL39)+AT39+AV39+AX39 -> 0 | AR39: =SUM(AN39:AQ39) -> 0 | AS39: 1440 | BA39: =+AR39+AS39+AU39+AW39+AY39+AZ39 -> 1440
A41: 45909 | B41: Facial | C41: =(M41*E41*O41*Q41)/100000000 -> 13.71785 | D41: VP OW | E41: 12 | F41: 1 | G41: 1230 | H41: 0.23 | I41: 0.88 | J41: =E41*G41*(1-H41)*1440/1000000*2.74 -> 44.842533 | K41: =(IF(G41<L41,L41,G41)*(1-IF(H41<N41,H41,N41))*E41*O41*Q41)/100000000 -> 15.508287 | L41: 1087.9961 | M41: 837.757 | N41: =1-(M41/L41) -> 0.23 | O41: =+'Trim Rwd'!H30 -> 265.475 | P41: =O41*(Q41-R41-S41) -> 128755.38 | Q41: 514 | R41: 0 | S41: 29 | T41: =E41*M41*O41*Q41/100000000 -> 13.71785 | U41: =E41*M41*O41*(Q41-R41-S41)/100000000 -> 12.943886 | V41: =E41*G41*(1-N41)*O41/100*(R41+S41)/1000000 -> 0.87498118 | W41: =+'9'!K7/1000 -> 11.49 | X41: =SUM(W41:W44)/SUM(K41:K44) -> 0.75825128 | Y41: 0 | Z41: =+'5'!D26/1000 -> 0 | AA41: =SUM(U41:U44)-SUM(W41:W44)-SUM(Z41:Z44)-SUM(Y41:Y44) -> 4.7437423 | AB41: =(SUM(K41:K44)-SUM(W41:W44)-SUM(Y41:Y44)-SUM(Z41:Z44)-SUM(AC41:AC44)-SUM(V41:V44))-AA41 -> -0.16847928 | AC41: =K41-T41 -> 1.7904367 | AD41: =+AM41+BA41 -> 21 | AE41: - Sheet Breaks (4x) | AF41: 21 | AM41: =SUM(AF41:AL41)+AT41+AV41+AX41 -> 21 | AR41: =SUM(AN41:AQ41) -> 0 | BA41: =+AR41+AS41+AU41+AW41+AY41+AZ41 -> 0 | BB41: 4
B42: Facial | C42: =(M42*E42*O42*Q42)/100000000 -> 27.560753 | D42: VP OW | E42: 13 | F42: 1 | G42: 1230 | H42: 0.22 | I42: 0.88 | J42: =E42*G42*(1-H42)*1440/1000000*2.74 -> 49.210312 | K42: =(IF(G42<L42,L42,G42)*(1-IF(H42<N42,H42,N42))*E42*O42*Q42)/100000000 -> 30.028069 | L42: 1143.5961 | M42: 880.56901 | N42: =1-(M42/L42) -> 0.23 | O42: =+'Trim Rwd'!H32 -> 260 | P42: =O42*(Q42-R42-S42) -> 232960 | Q42: 926 | R42: 0 | S42: 30 | T42: =E42*M42*O42*Q42/100000000 -> 27.560753 | U42: =E42*M42*O42*(Q42-R42-S42)/100000000 -> 26.667856 | V42: =E42*G42*(1-N42)*O42/100*(R42+S42)/1000000 -> 0.9603594 | W42: =+'9'!K8/1000 -> 23.038 | Z42: =+'9'!D17/1000 -> 0.34 | AC42: =K42-T42 -> 2.4673155 | AD42: =+AM42+BA42 -> 15 | AE42: - Change Blade (13x) | AG42: 15 | AM42: =SUM(AF42:AL42)+AT42+AV42+AX42 -> 15 | AR42: =SUM(AN42:AQ42) -> 0 | BA42: =+AR42+AS42+AU42+AW42+AY42+AZ42 -> 0 | BC42: 13
AD43: =+AM43+BA43 -> 23 | AE43: - Change Spool (28x) | AH43: 23 | AM43: =SUM(AF43:AL43)+AT43+AV43+AX43 -> 23 | AR43: =SUM(AN43:AQ43) -> 0 | BA43: =+AR43+AS43+AU43+AW43+AY43+AZ43 -> 0
A45: 45910 | B45: Facial | C45: =(M45*E45*O45*Q45)/100000000 -> 24.415558 | D45: VP OW | E45: 12 | F45: 1 | G45: 1230 | H45: 0.23 | I45: 0.88 | J45: =E45*G45*(1-H45)*1440/1000000*2.74 -> 44.842533 | K45: =(IF(G45<L45,L45,G45)*(1-IF(H45<N45,H45,N45))*E45*O45*Q45)/100000000 -> 24.415558 | L45: 1230 | M45: 947.1 | N45: =1-(M45/L45) -> 0.23 | O45: =+'Trim Rwd'!H34 -> 263.59184 | P45: =O45*(Q45-R45-S45) -> 199539.02 | Q45: 815 | R45: 0 | S45: 58 | T45: =E45*M45*O45*Q45/100000000 -> 24.415558 | U45: =E45*M45*O45*(Q45-R45-S45)/100000000 -> 22.678009 | V45: =E45*G45*(1-N45)*O45/100*(R45+S45)/1000000 -> 1.7375489 | W45: =+'10'!K7/1000 -> 23.589 | X45: =SUM(W45:W48)/SUM(K45:K48) -> 0.85091418 | Y45: =+SUM(RBP!AG3:AG4) -> 0 | Z45: =+'10'!D7/1000 -> 6.028 | AA45: =SUM(U45:U48)-SUM(W45:W48)-SUM(Z45:Z48)-SUM(Y45:Y48) -> -2.393445 | AB45: =(SUM(K45:K48)-SUM(W45:W48)-SUM(Y45:Y48)-SUM(Z45:Z48)-SUM(AC45:AC48)-SUM(V45:V48))-AA45 -> -7.9936058e-15 | AC45: =K45-T45 -> 0 | AD45: =+AM45+BA45 -> 0 | AE45: - Sheet Breaks (0x) | AF45: 0 | AM45: =SUM(AF45:AL45)+AT45+AV45+AX45 -> 0 | AR45: =SUM(AN45:AQ45) -> 0 | BA45: =+AR45+AS45+AU45+AW45+AY45+AZ45 -> 0 | BB45: 0
B46: Facial | C46: =(M46*E46*O46*Q46)/100000000 -> 19.237969 | D46: VP OW | E46: 12.5 | F46: 1 | G46: 1230 | H46: 0.22 | I46: 0.88 | J46: =E46*G46*(1-H46)*1440/1000000*2.74 -> 47.317608 | K46: =(IF(G46<L46,L46,G46)*(1-IF(H46<N46,H46,N46))*E46*O46*Q46)/100000000 -> 19.487813 | L46: 1230 | M46: 947.1 | N46: =1-(M46/L46) -> 0.23 | O46: =+'Trim Rwd'!H36 -> 260 | P46: =O46*(Q46-R46-S46) -> 154700 | Q46: 625 | R46: 0 | S46: 30 | T46: =E46*M46*O46*Q46/100000000 -> 19.237969 | U46: =E46*M46*O46*(Q46-R46-S46)/100000000 -> 18.314546 | V46: =E46*G46*(1-N46)*O46/100*(R46+S46)/1000000 -> 0.9234225 | W46: =+'10'!K11/1000 -> 13.769 | Z46: =+'9'!D21/1000 -> 0 | AC46: =K46-T46 -> 0.24984375 | AD46: =+AM46+BA46 -> 10 | AE46: - Change Blade (10x) | AG46: 10 | AM46: =SUM(AF46:AL46)+AT46+AV46+AX46 -> 10 | AR46: =SUM(AN46:AQ46) -> 0 | BA46: =+AR46+AS46+AU46+AW46+AY46+AZ46 -> 0 | BC46: 10
AD47: =+AM47+BA47 -> 43 | AE47: - Change Spool (27x) | AH47: 43 | AM47: =SUM(AF47:AL47)+AT47+AV47+AX47 -> 43 | AR47: =SUM(AN47:AQ47) -> 0 | BA47: =+AR47+AS47+AU47+AW47+AY47+AZ47 -> 0
AD48: =+AM48+BA48 -> 35 | AE48: - 10.15 trim fs hilang kertas putus, wire geser ke fs palm guide roll maslah, pengecekan eid, | AK48: 35 | AM48: =SUM(AF48:AL48)+AT48+AV48+AX48 -> 35 | AR48: =SUM(AN48:AQ48) -> 0 | BA48: =+AR48+AS48+AU48+AW48+AY48+AZ48 -> 0
A50: 45911 | B50: Facial | C50: =(M50*E50*O50*Q50)/100000000 -> 32.661855 | D50: VP OW | E50: 12.5 | F50: 1 | G50: 1230 | H50: 0.22 | I50: 0.88 | J50: =E50*G50*(1-H50)*1440/1000000*2.74 -> 47.317608 | K50: =(IF(G50<L50,L50,G50)*(1-IF(H50<N50,H50,N50))*E50*O50*Q50)/100000000 -> 34.392091 | L50: 1183.2901 | M50: 911.1334 | N50: =1-(M50/L50) -> 0.23 | O50: =+'Trim Rwd'!H38 -> 260 | P50: =O50*(Q50-R50-S50) -> 250380 | Q50: =1003+100 -> 1103 | R50: 100 | S50: 40 | T50: =E50*M50*O50*Q50/100000000 -> 32.661855 | U50: =E50*M50*O50*(Q50-R50-S50)/100000000 -> 28.516198 | V50: =E50*G50*(1-N50)*O50/100*(R50+S50)/1000000 -> 4.309305 | W50: =+'11'!K11/1000 -> 28.785 | X50: =SUM(W50:W53)/SUM(K50:K53) -> 0.87485288 | Y50: =+SUM(RBP!AG8:AG9) -> 0 | Z50: =+'11'!D25/1000 -> 0.285 | AA50: =SUM(U50:U53)-SUM(W50:W53)-SUM(Z50:Z53)-SUM(Y50:Y53) -> -0.98146495 | AB50: =(SUM(K50:K53)-SUM(W50:W53)-SUM(Y50:Y53)-SUM(Z50:Z53)-SUM(AC50:AC53)-SUM(V50:V53))-AA50 -> -0.16364803 | AC50: =K50-T50 -> 1.730237 | AD50: =+AM50+BA50 -> 10 | AE50: - Sheet Breaks (5x) | AF50: 10 | AM50: =SUM(AF50:AL50)+AT50+AV50+AX50 -> 10 | AR50: =SUM(AN50:AQ50) -> 0 | BA50: =+AR50+AS50+AU50+AW50+AY50+AZ50 -> 0 | BB50: 5
B51: Facial | C51: =(M51*E51*O51*Q51)/100000000 -> 10.111391 | D51: VP OW | E51: 12 | F51: 1 | G51: 1230 | H51: 0.23 | I51: 0.88 | J51: =E51*G51*(1-H51)*1440/1000000*2.74 -> 44.842533 | K51: =(IF(G51<L51,L51,G51)*(1-IF(H51<N51,H51,N51))*E51*O51*Q51)/100000000 -> 10.111391 | L51: 1230 | M51: 947.1 | N51: =1-(M51/L51) -> 0.23 | O51: =+'Trim Rwd'!H39 -> 264 | P51: =O51*(Q51-R51-S51) -> 85536 | Q51: 337 | R51: 0 | S51: 13 | T51: =E51*M51*O51*Q51/100000000 -> 10.111391 | U51: =E51*M51*O51*(Q51-R51-S51)/100000000 -> 9.7213375 | V51: =E51*G51*(1-N51)*O51/100*(R51+S51)/1000000 -> 0.39005366 | W51: =+'11'!K7/1000 -> 10.149 | Z51: =+'9'!D26/1000 -> 0 | AC51: =K51-T51 -> 0 | AD51: =+AM51+BA51 -> 0 | AE51: - Change Blade (0x) | AG51: 0 | AM51: =SUM(AF51:AL51)+AT51+AV51+AX51 -> 0 | AR51: =SUM(AN51:AQ51) -> 0 | BA51: =+AR51+AS51+AU51+AW51+AY51+AZ51 -> 0 | BC51: 0
AD52: =+AM52+BA52 -> 43 | AE52: - Change Spool (27x) | AH52: 43 | AM52: =SUM(AF52:AL52)+AT52+AV52+AX52 -> 43 | AR52: =SUM(AN52:AQ52) -> 0 | BA52: =+AR52+AS52+AU52+AW52+AY52+AZ52 -> 0
AD53: =+AM53+BA53 -> 100 | AE53: - 08.25, pm stop ,perbaikan wire di setrika by pak polo | AM53: =SUM(AF53:AL53)+AT53+AV53+AX53 -> 0 | AN53: 100 | AR53: =SUM(AN53:AQ53) -> 100 | BA53: =+AR53+AS53+AU53+AW53+AY53+AZ53 -> 100
A55: 45912 | B55: Facial | C55: =(M55*E55*O55*Q55)/100000000 -> 20.490624 | D55: VP OW | E55: 12 | F55: 1 | G55: 1230 | H55: 0.23 | I55: 0.88 | J55: =E55*G55*(1-H55)*1440/1000000*2.74 -> 44.842533 | K55: =(IF(G55<L55,L55,G55)*(1-IF(H55<N55,H55,N55))*E55*O55*Q55)/100000000 -> 20.552828 | L55: 1226.2774 | M55: 944.23358 | N55: =1-(M55/L55) -> 0.23 | O55: =+'Trim Rwd'!H41 -> 264 | P55: =O55*(Q55-R55-S55) -> 169224 | Q55: 685 | R55: 0 | S55: 44 | T55: =E55*M55*O55*Q55/100000000 -> 20.490624 | U55: =E55*M55*O55*(Q55-R55-S55)/100000000 -> 19.174438 | V55: =E55*G55*(1-N55)*O55/100*(R55+S55)/1000000 -> 1.3201816 | W55: =+'12'!K7/1000 -> 22.85 | X55: =SUM(W55:W58)/SUM(K55:K58) -> 0.88333889 | Y55: 0 | Z55: =+'11'!D30/1000 -> 0 | AA55: =SUM(U55:U58)-SUM(W55:W58)-SUM(Z55:Z58)-SUM(Y55:Y58) -> 2.018622 | AB55: =(SUM(K55:K58)-SUM(W55:W58)-SUM(Y55:Y58)-SUM(Z55:Z58)-SUM(AC55:AC58)-SUM(V55:V58))-AA55 -> 0.15135528 | AC55: =K55-T55 -> 0.06220368 | AD55: =+AM55+BA55 -> 33 | AE55: - Sheet Breaks (11x) | AF55: 33 | AM55: =SUM(AF55:AL55)+AT55+AV55+AX55 -> 33 | AR55: =SUM(AN55:AQ55) -> 0 | BA55: =+AR55+AS55+AU55+AW55+AY55+AZ55 -> 0 | BB55: 4
B56: Facial | C56: =(M56*E56*O56*Q56)/100000000 -> 12.432961 | D56: VP OW | E56: 13.5 | F56: 1 | G56: 1230 | H56: 0.22 | I56: 0.88 | J56: =E56*G56*(1-H56)*1440/1000000*2.74 -> 51.103017 | K56: =(IF(G56<L56,L56,G56)*(1-IF(H56<N56,H56,N56))*E56*O56*Q56)/100000000 -> 12.594428 | L56: 1230 | M56: 947.1 | N56: =1-(M56/L56) -> 0.23 | O56: =+'Trim Rwd'!H42 -> 260 | P56: =O56*(Q56-R56-S56) -> 92040 | Q56: 374 | R56: 0 | S56: 20 | T56: =E56*M56*O56*Q56/100000000 -> 12.432961 | U56: =E56*M56*O56*(Q56-R56-S56)/100000000 -> 11.768096 | V56: =E56*G56*(1-N56)*O56/100*(R56+S56)/1000000 -> 0.6648642 | W56: =+'12'!K12/1000 -> 11.625 | Z56: =+'9'!D31/1000 -> 0 | AC56: =K56-T56 -> 0.16146702 | AD56: =+AM56+BA56 -> 0 | AE56: - Change Blade (0x) | AG56: 0 | AM56: =SUM(AF56:AL56)+AT56+AV56+AX56 -> 0 | AR56: =SUM(AN56:AQ56) -> 0 | BA56: =+AR56+AS56+AU56+AW56+AY56+AZ56 -> 0 | BC56: 0
B57: Facial | C57: =(M57*E57*O57*Q57)/100000000 -> 11.962015 | D57: VP OW | E57: 13 | F57: 1 | G57: 1230 | H57: 0.22 | I57: 0.88 | J57: =E57*G57*(1-H57)*1440/1000000*2.74 -> 49.210312 | K57: =(IF(G57<L57,L57,G57)*(1-IF(H57<N57,H57,N57))*E57*O57*Q57)/100000000 -> 12.117366 | L57: 1230 | M57: 947.1 | N57: =1-(M57/L57) -> 0.23 | O57: =+'Trim Rwd'!H43 -> 255 | P57: =O57*(Q57-R57-S57) -> 92055 | Q57: 381 | R57: 0 | S57: 20 | T57: =E57*M57*O57*Q57/100000000 -> 11.962015 | U57: =E57*M57*O57*(Q57-R57-S57)/100000000 -> 11.334088 | V57: =E57*G57*(1-N57)*O57/100*(R57+S57)/1000000 -> 0.6279273 | W57: =+'12'!K8/1000 -> 5.509 | Z57: =+'12'!D26/1000 -> 0.274 | AD57: =+AM57+BA57 -> 51 | AE57: - Change Spool (28x) | AH57: 51 | AM57: =SUM(AF57:AL57)+AT57+AV57+AX57 -> 51 | AR57: =SUM(AN57:AQ57) -> 0 | BA57: =+AR57+AS57+AU57+AW57+AY57+AZ57 -> 0
A59: 45913 | B59: Facial | C59: =(M59*E59*O59*Q59)/100000000 -> 9.1049459 | D59: VP OW | E59: 13 | F59: 1 | G59: 1230 | H59: 0.22 | I59: 0.88 | J59: =E59*G59*(1-H59)*1440/1000000*2.74 -> 49.210312 | K59: =(IF(G59<L59,L59,G59)*(1-IF(H59<N59,H59,N59))*E59*O59*Q59)/100000000 -> 9.2231919 | L59: 1230 | M59: 947.1 | N59: =1-(M59/L59) -> 0.23 | O59: =+'Trim Rwd'!H45 -> 255 | P59: =O59*(Q59-R59-S59) -> 70890 | Q59: 290 | R59: 0 | S59: 12 | T59: =E59*M59*O59*Q59/100000000 -> 9.1049459 | U59: =E59*M59*O59*(Q59-R59-S59)/100000000 -> 8.7281895 | V59: =E59*G59*(1-N59)*O59/100*(R59+S59)/1000000 -> 0.37675638 | W59: =+'13'!K8/1000 -> 14.431 | X59: =SUM(W59:W62)/SUM(K59:K62) -> 0.42579185 | Y59: 0 | Z59: =+'13'!D7/1000 -> 0.185 | AA59: =SUM(U59:U62)-SUM(W59:W62)-SUM(Z59:Z62)-SUM(Y59:Y62) -> -5.725212 | AB59: =(SUM(K59:K62)-SUM(W59:W62)-SUM(Y59:Y62)-SUM(Z59:Z62)-SUM(AC59:AC62)-SUM(V59:V62))-AA59 -> 0 | AC59: =K59-T59 -> 0.11824605 | AD59: =+AM59+BA59 -> 0 | AE59: - Sheet Breaks (0x) | AF59: 0 | AM59: =SUM(AF59:AL59)+AT59+AV59+AX59 -> 0 | AR59: =SUM(AN59:AQ59) -> 0 | BA59: =+AR59+AS59+AU59+AW59+AY59+AZ59 -> 0 | BB59: 0
B60: Facial | C60: =(M60*E60*O60*Q60)/100000000 -> 34.504747 | D60: VP OW | E60: 12 | F60: 1 | G60: 1230 | H60: 0.23 | I60: 0.88 | J60: =E60*G60*(1-H60)*1440/1000000*2.74 -> 44.842533 | K60: =(IF(G60<L60,L60,G60)*(1-IF(H60<N60,H60,N60))*E60*O60*Q60)/100000000 -> 34.504747 | L60: 1230 | M60: 947.1 | N60: =1-(M60/L60) -> 0.23 | O60: =+'Trim Rwd'!H46 -> 264 | P60: =O60*(Q60-R60-S60) -> 38280 | Q60: =160+990 -> 1150 | R60: =30+480+480 -> 990 | S60: 15 | T60: =E60*M60*O60*Q60/100000000 -> 34.504747 | U60: =E60*M60*O60*(Q60-R60-S60)/100000000 -> 4.3505986 | V60: =E60*G60*(1-N60)*O60/100*(R60+S60)/1000000 -> 30.154149 | W60: =+'13'!K7/1000 -> 4.188 | Z60: 0 | AC60: =K60-T60 -> 0 | AD60: =+AM60+BA60 -> 12 | AE60: - Change Blade (3x) | AG60: 12 | AM60: =SUM(AF60:AL60)+AT60+AV60+AX60 -> 12 | AR60: =SUM(AN60:AQ60) -> 0 | BA60: =+AR60+AS60+AU60+AW60+AY60+AZ60 -> 0 | BC60: 3
AD61: =+AM61+BA61 -> 15 | AE61: - Change Spool (10x) | AH61: 15 | AM61: =SUM(AF61:AL61)+AT61+AV61+AX61 -> 15 | AR61: =SUM(AN61:AQ61) -> 0 | BA61: =+AR61+AS61+AU61+AW61+AY61+AZ61 -> 0
AD62: =+AM62+BA62 -> 990 | AE62: - 14:30 pm stop. Tidak ada order | AM62: =SUM(AF62:AL62)+AT62+AV62+AX62 -> 0 | AR62: =SUM(AN62:AQ62) -> 0 | AU62: 990 | BA62: =+AR62+AS62+AU62+AW62+AY62+AZ62 -> 990
A64: 45914 | B64: STOP | C64: =(M64*E64*O64*Q64)/100000000 -> 43.205944 | D64: VP OW | E64: 12 | F64: 1 | G64: 1230 | H64: 0.23 | I64: 0.88 | J64: =E64*G64*(1-H64)*1440/1000000*2.74 -> 44.842533 | K64: =(IF(G64<L64,L64,G64)*(1-IF(H64<N64,H64,N64))*E64*O64*Q64)/100000000 -> 43.205944 | L64: 1230 | M64: 947.1 | N64: =1-(M64/L64) -> 0.23 | O64: =+'Trim Rwd'!H48 -> 264 | P64: =O64*(Q64-R64-S64) -> 0 | Q64: 1440 | R64: 1440 | S64: 0 | T64: =E64*M64*O64*Q64/100000000 -> 43.205944 | U64: =E64*M64*O64*(Q64-R64-S64)/100000000 -> 0 | V64: =E64*G64*(1-N64)*O64/100*(R64+S64)/1000000 -> 43.205944 | W64: 0 | X64: =SUM(W64:W67)/SUM(K64:K67) -> 0 | Y64: =+SUM(RBP!AG3:AG4) -> 0 | Z64: 0 | AA64: =SUM(U64:U67)-SUM(W64:W67)-SUM(Z64:Z67)-SUM(Y64:Y67) -> 0 | AB64: =(SUM(K64:K67)-SUM(W64:W67)-SUM(Y64:Y67)-SUM(Z64:Z67)-SUM(AC64:AC67)-SUM(V64:V67))-AA64 -> 7.1054274e-15 | AC64: =K64-T64 -> 0 | AD64: =+AM64+BA64 -> 0 | AE64: - Sheet Breaks (0x) | AF64: 0 | AM64: =SUM(AF64:AL64)+AT64+AV64+AX64 -> 0 | AR64: =SUM(AN64:AQ64) -> 0 | BA64: =+AR64+AS64+AU64+AW64+AY64+AZ64 -> 0 | BB64: 0
W65: 0 | Z65: 0 | AC65: =K65-T65 -> 0 | AD65: =+AM65+BA65 -> 0 | AE65: - Change Blade (0x) | AG65: 0 | AM65: =SUM(AF65:AL65)+AT65+AV65+AX65 -> 0 | AR65: =SUM(AN65:AQ65) -> 0 | BA65: =+AR65+AS65+AU65+AW65+AY65+AZ65 -> 0 | BC65: 0
AD66: =+AM66+BA66 -> 0 | AE66: - Change Spool (0x) | AH66: 0 | AM66: =SUM(AF66:AL66)+AT66+AV66+AX66 -> 0 | AR66: =SUM(AN66:AQ66) -> 0 | BA66: =+AR66+AS66+AU66+AW66+AY66+AZ66 -> 0
AD67: =+AM67+BA67 -> 1440 | AE67: - PM stop. Tidak ada order | AM67: =SUM(AF67:AL67)+AT67+AV67+AX67 -> 0 | AR67: =SUM(AN67:AQ67) -> 0 | AU67: 1440 | BA67: =+AR67+AS67+AU67+AW67+AY67+AZ67 -> 1440
A69: 45915 | B69: STOP | C69: =(M69*E69*O69*Q69)/100000000 -> 43.205944 | D69: VP OW | E69: 12 | F69: 1 | G69: 1230 | H69: 0.23 | I69: 0.88 | J69: =E69*G69*(1-H69)*1440/1000000*2.74 -> 44.842533 | K69: =(IF(G69<L69,L69,G69)*(1-IF(H69<N69,H69,N69))*E69*O69*Q69)/100000000 -> 43.205944 | L69: 1230 | M69: 947.1 | N69: =1-(M69/L69) -> 0.23 | O69: =+'Trim Rwd'!H50 -> 264 | P69: =O69*(Q69-R69-S69) -> 0 | Q69: 1440 | R69: 1440 | S69: 0 | T69: =E69*M69*O69*Q69/100000000 -> 43.205944 | U69: =E69*M69*O69*(Q69-R69-S69)/100000000 -> 0 | V69: =E69*G69*(1-N69)*O69/100*(R69+S69)/1000000 -> 43.205944 | W69: 0 | X69: =SUM(W69:W72)/SUM(K69:K72) -> 0 | Y69: =+SUM(RBP!AG8:AG9) -> 0 | Z69: 0 | AA69: =SUM(U69:U72)-SUM(W69:W72)-SUM(Z69:Z72)-SUM(Y69:Y72) -> 0 | AB69: =(SUM(K69:K72)-SUM(W69:W72)-SUM(Y69:Y72)-SUM(Z69:Z72)-SUM(AC69:AC72)-SUM(V69:V72))-AA69 -> 7.1054274e-15 | AC69: =K69-T69 -> 0 | AD69: =+AM69+BA69 -> 0 | AE69: - Sheet Breaks (0x) | AF69: 0 | AM69: =SUM(AF69:AL69)+AT69+AV69+AX69 -> 0 | AR69: =SUM(AN69:AQ69) -> 0 | BA69: =+AR69+AS69+AU69+AW69+AY69+AZ69 -> 0 | BB69: 0
W70: 0 | Z70: 0 | AC70: =K70-T70 -> 0 | AD70: =+AM70+BA70 -> 0 | AE70: - Change Blade (0x) | AG70: 0 | AM70: =SUM(AF70:AL70)+AT70+AV70+AX70 -> 0 | AR70: =SUM(AN70:AQ70) -> 0 | BA70: =+AR70+AS70+AU70+AW70+AY70+AZ70 -> 0 | BC70: 0
AD71: =+AM71+BA71 -> 0 | AE71: - Change Spool (0x) | AH71: 0 | AM71: =SUM(AF71:AL71)+AT71+AV71+AX71 -> 0 | AR71: =SUM(AN71:AQ71) -> 0 | BA71: =+AR71+AS71+AU71+AW71+AY71+AZ71 -> 0
AD72: =+AM72+BA72 -> 1440 | AE72: - PM stop. Tidak ada order | AM72: =SUM(AF72:AL72)+AT72+AV72+AX72 -> 0 | AR72: =SUM(AN72:AQ72) -> 0 | AU72: 1440 | BA72: =+AR72+AS72+AU72+AW72+AY72+AZ72 -> 1440
A74: 45916 | B74: STOP | C74: =(M74*E74*O74*Q74)/100000000 -> 43.205944 | D74: VP OW | E74: 12 | F74: 1 | G74: 1230 | H74: 0.23 | I74: 0.88 | J74: =E74*G74*(1-H74)*1440/1000000*2.74 -> 44.842533 | K74: =(IF(G74<L74,L74,G74)*(1-IF(H74<N74,H74,N74))*E74*O74*Q74)/100000000 -> 43.205944 | L74: 1230 | M74: 947.1 | N74: =1-(M74/L74) -> 0.23 | O74: =+'Trim Rwd'!H52 -> 264 | P74: =O74*(Q74-R74-S74) -> 0 | Q74: 1440 | R74: 1440 | S74: 0 | T74: =E74*M74*O74*Q74/100000000 -> 43.205944 | U74: =E74*M74*O74*(Q74-R74-S74)/100000000 -> 0 | V74: =E74*G74*(1-N74)*O74/100*(R74+S74)/1000000 -> 43.205944 | W74: 0 | X74: =SUM(W74:W77)/SUM(K74:K77) -> 0 | Y74: 0 | Z74: =+'16'!D7/1000 -> 0.69 | AA74: =SUM(U74:U77)-SUM(W74:W77)-SUM(Z74:Z77)-SUM(Y74:Y77) -> -0.69 | AB74: =(SUM(K74:K77)-SUM(W74:W77)-SUM(Y74:Y77)-SUM(Z74:Z77)-SUM(AC74:AC77)-SUM(V74:V77))-AA74 -> 9.3258734e-15 | AC74: =K74-T74 -> 0 | AD74: =+AM74+BA74 -> 0 | AE74: - Sheet Breaks (0x) | AF74: 0 | AM74: =SUM(AF74:AL74)+AT74+AV74+AX74 -> 0 | AR74: =SUM(AN74:AQ74) -> 0 | BA74: =+AR74+AS74+AU74+AW74+AY74+AZ74 -> 0 | BB74: 0
W75: 0 | Z75: 0 | AC75: =K75-T75 -> 0 | AD75: =+AM75+BA75 -> 0 | AE75: - Change Blade (0x) | AG75: 0 | AM75: =SUM(AF75:AL75)+AT75+AV75+AX75 -> 0 | AR75: =SUM(AN75:AQ75) -> 0 | BA75: =+AR75+AS75+AU75+AW75+AY75+AZ75 -> 0 | BC75: 0
AD76: =+AM76+BA76 -> 0 | AE76: - Change Spool (0x) | AH76: 0 | AM76: =SUM(AF76:AL76)+AT76+AV76+AX76 -> 0 | AR76: =SUM(AN76:AQ76) -> 0 | BA76: =+AR76+AS76+AU76+AW76+AY76+AZ76 -> 0
AD77: =+AM77+BA77 -> 1440 | AE77: - PM stop. Tidak ada order | AM77: =SUM(AF77:AL77)+AT77+AV77+AX77 -> 0 | AR77: =SUM(AN77:AQ77) -> 0 | AU77: 1440 | BA77: =+AR77+AS77+AU77+AW77+AY77+AZ77 -> 1440
A79: 45917 | B79: STOP | C79: =(M79*E79*O79*Q79)/100000000 -> 43.205944 | D79: VP OW | E79: 12 | F79: 1 | G79: 1230 | H79: 0.23 | I79: 0.88 | J79: =E79*G79*(1-H79)*1440/1000000*2.74 -> 44.842533 | K79: =(IF(G79<L79,L79,G79)*(1-IF(H79<N79,H79,N79))*E79*O79*Q79)/100000000 -> 43.205944 | L79: 1230 | M79: 947.1 | N79: =1-(M79/L79) -> 0.23 | O79: =+'Trim Rwd'!H54 -> 264 | P79: =O79*(Q79-R79-S79) -> 0 | Q79: 1440 | R79: 1440 | S79: 0 | T79: =E79*M79*O79*Q79/100000000 -> 43.205944 | U79: =E79*M79*O79*(Q79-R79-S79)/100000000 -> 0 | V79: =E79*G79*(1-N79)*O79/100*(R79+S79)/1000000 -> 43.205944 | W79: 0 | X79: =SUM(W79:W82)/SUM(K79:K82) -> 0 | Y79: =+SUM(RBP!AG3:AG4) -> 0 | Z79: =+'17'!D34/1000 -> 0.98 | AA79: =SUM(U79:U82)-SUM(W79:W82)-SUM(Z79:Z82)-SUM(Y79:Y82) -> -0.98 | AB79: =(SUM(K79:K82)-SUM(W79:W82)-SUM(Y79:Y82)-SUM(Z79:Z82)-SUM(AC79:AC82)-SUM(V79:V82))-AA79 -> 1.0214052e-14 | AC79: =K79-T79 -> 0 | AD79: =+AM79+BA79 -> 0 | AE79: - Sheet Breaks (0x) | AF79: 0 | AM79: =SUM(AF79:AL79)+AT79+AV79+AX79 -> 0 | AR79: =SUM(AN79:AQ79) -> 0 | BA79: =+AR79+AS79+AU79+AW79+AY79+AZ79 -> 0 | BB79: 0
W80: 0 | Z80: 0 | AC80: =K80-T80 -> 0 | AD80: =+AM80+BA80 -> 0 | AE80: - Change Blade (0x) | AG80: 0 | AM80: =SUM(AF80:AL80)+AT80+AV80+AX80 -> 0 | AR80: =SUM(AN80:AQ80) -> 0 | BA80: =+AR80+AS80+AU80+AW80+AY80+AZ80 -> 0 | BC80: 0
AD81: =+AM81+BA81 -> 0 | AE81: - Change Spool (0x) | AH81: 0 | AM81: =SUM(AF81:AL81)+AT81+AV81+AX81 -> 0 | AR81: =SUM(AN81:AQ81) -> 0 | BA81: =+AR81+AS81+AU81+AW81+AY81+AZ81 -> 0
AD82: =+AM82+BA82 -> 1440 | AE82: - PM stop. Tidak ada order | AM82: =SUM(AF82:AL82)+AT82+AV82+AX82 -> 0 | AR82: =SUM(AN82:AQ82) -> 0 | AU82: 1440 | BA82: =+AR82+AS82+AU82+AW82+AY82+AZ82 -> 1440
A84: 45918 | B84: STOP | C84: =(M84*E84*O84*Q84)/100000000 -> 43.205944 | D84: VP OW | E84: 12 | F84: 1 | G84: 1230 | H84: 0.23 | I84: 0.88 | J84: =E84*G84*(1-H84)*1440/1000000*2.74 -> 44.842533 | K84: =(IF(G84<L84,L84,G84)*(1-IF(H84<N84,H84,N84))*E84*O84*Q84)/100000000 -> 43.205944 | L84: 1230 | M84: 947.1 | N84: =1-(M84/L84) -> 0.23 | O84: =+'Trim Rwd'!H56 -> 264 | P84: =O84*(Q84-R84-S84) -> 0 | Q84: 1440 | R84: 1440 | S84: 0 | T84: =E84*M84*O84*Q84/100000000 -> 43.205944 | U84: =E84*M84*O84*(Q84-R84-S84)/100000000 -> 0 | V84: =E84*G84*(1-N84)*O84/100*(R84+S84)/1000000 -> 43.205944 | W84: 0 | X84: =SUM(W84:W87)/SUM(K84:K87) -> 0 | Y84: =+SUM(RBP!AG8:AG9) -> 0 | Z84: =+'18'!D7/1000 -> 0.2 | AA84: =SUM(U84:U87)-SUM(W84:W87)-SUM(Z84:Z87)-SUM(Y84:Y87) -> -0.2 | AB84: =(SUM(K84:K87)-SUM(W84:W87)-SUM(Y84:Y87)-SUM(Z84:Z87)-SUM(AC84:AC87)-SUM(V84:V87))-AA84 -> 4.2743586e-15 | AC84: =K84-T84 -> 0 | AD84: =+AM84+BA84 -> 0 | AE84: - Sheet Breaks (0x) | AF84: 0 | AM84: =SUM(AF84:AL84)+AT84+AV84+AX84 -> 0 | AR84: =SUM(AN84:AQ84) -> 0 | BA84: =+AR84+AS84+AU84+AW84+AY84+AZ84 -> 0 | BB84: 0
W85: 0 | Z85: 0 | AC85: =K85-T85 -> 0 | AD85: =+AM85+BA85 -> 0 | AE85: - Change Blade (0x) | AG85: 0 | AM85: =SUM(AF85:AL85)+AT85+AV85+AX85 -> 0 | AR85: =SUM(AN85:AQ85) -> 0 | BA85: =+AR85+AS85+AU85+AW85+AY85+AZ85 -> 0 | BC85: 0
AD86: =+AM86+BA86 -> 0 | AE86: - Change Spool (0x) | AH86: 0 | AM86: =SUM(AF86:AL86)+AT86+AV86+AX86 -> 0 | AR86: =SUM(AN86:AQ86) -> 0 | BA86: =+AR86+AS86+AU86+AW86+AY86+AZ86 -> 0
AD87: =+AM87+BA87 -> 1440 | AE87: - PM stop. Tidak ada order | AM87: =SUM(AF87:AL87)+AT87+AV87+AX87 -> 0 | AR87: =SUM(AN87:AQ87) -> 0 | AU87: 1440 | BA87: =+AR87+AS87+AU87+AW87+AY87+AZ87 -> 1440
A89: 45919 | B89: STOP | C89: =(M89*E89*O89*Q89)/100000000 -> 43.205944 | D89: VP OW | E89: 12 | F89: 1 | G89: 1230 | H89: 0.23 | I89: 0.88 | J89: =E89*G89*(1-H89)*1440/1000000*2.74 -> 44.842533 | K89: =(IF(G89<L89,L89,G89)*(1-IF(H89<N89,H89,N89))*E89*O89*Q89)/100000000 -> 43.205944 | L89: 1230 | M89: 947.1 | N89: =1-(M89/L89) -> 0.23 | O89: =+'Trim Rwd'!H58 -> 264 | P89: =O89*(Q89-R89-S89) -> 0 | Q89: 1440 | R89: 1440 | S89: 0 | T89: =E89*M89*O89*Q89/100000000 -> 43.205944 | U89: =E89*M89*O89*(Q89-R89-S89)/100000000 -> 0 | V89: =E89*G89*(1-N89)*O89/100*(R89+S89)/1000000 -> 43.205944 | W89: 0 | X89: =SUM(W89:W92)/SUM(K89:K92) -> 0 | Y89: 0 | Z89: 0 | AA89: =SUM(U89:U92)-SUM(W89:W92)-SUM(Z89:Z92)-SUM(Y89:Y92) -> 0 | AB89: =(SUM(K89:K92)-SUM(W89:W92)-SUM(Y89:Y92)-SUM(Z89:Z92)-SUM(AC89:AC92)-SUM(V89:V92))-AA89 -> 7.1054274e-15 | AC89: =K89-T89 -> 0 | AD89: =+AM89+BA89 -> 0 | AE89: - Sheet Breaks (0x) | AF89: 0 | AM89: =SUM(AF89:AL89)+AT89+AV89+AX89 -> 0 | AR89: =SUM(AN89:AQ89) -> 0 | BA89: =+AR89+AS89+AU89+AW89+AY89+AZ89 -> 0 | BB89: 0
W90: 0 | Z90: 0 | AC90: =K90-T90 -> 0 | AD90: =+AM90+BA90 -> 0 | AE90: - Change Blade (0x) | AG90: 0 | AM90: =SUM(AF90:AL90)+AT90+AV90+AX90 -> 0 | AR90: =SUM(AN90:AQ90) -> 0 | BA90: =+AR90+AS90+AU90+AW90+AY90+AZ90 -> 0 | BC90: 0
AD91: =+AM91+BA91 -> 0 | AE91: - Change Spool (0x) | AH91: 0 | AM91: =SUM(AF91:AL91)+AT91+AV91+AX91 -> 0 | AR91: =SUM(AN91:AQ91) -> 0 | BA91: =+AR91+AS91+AU91+AW91+AY91+AZ91 -> 0
AD92: =+AM92+BA92 -> 1440 | AE92: - PM stop. Tidak ada order | AM92: =SUM(AF92:AL92)+AT92+AV92+AX92 -> 0 | AR92: =SUM(AN92:AQ92) -> 0 | AU92: 1440 | BA92: =+AR92+AS92+AU92+AW92+AY92+AZ92 -> 1440
A94: 45920 | B94: STOP | C94: =(M94*E94*O94*Q94)/100000000 -> 43.205944 | D94: VP OW | E94: 12 | F94: 1 | G94: 1230 | H94: 0.23 | I94: 0.88 | J94: =E94*G94*(1-H94)*1440/1000000*2.74 -> 44.842533 | K94: =(IF(G94<L94,L94,G94)*(1-IF(H94<N94,H94,N94))*E94*O94*Q94)/100000000 -> 43.205944 | L94: 1230 | M94: 947.1 | N94: =1-(M94/L94) -> 0.23 | O94: =+'Trim Rwd'!H60 -> 264 | P94: =O94*(Q94-R94-S94) -> 0 | Q94: 1440 | R94: 1440 | S94: 0 | T94: =E94*M94*O94*Q94/100000000 -> 43.205944 | U94: =E94*M94*O94*(Q94-R94-S94)/100000000 -> 0 | V94: =E94*G94*(1-N94)*O94/100*(R94+S94)/1000000 -> 43.205944 | W94: 0 | X94: =SUM(W94:W97)/SUM(K94:K97) -> 0 | Y94: =+SUM(RBP!AG18:AG19) -> 0 | Z94: 0 | AA94: =SUM(U94:U97)-SUM(W94:W97)-SUM(Z94:Z97)-SUM(Y94:Y97) -> 0 | AB94: =(SUM(K94:K97)-SUM(W94:W97)-SUM(Y94:Y97)-SUM(Z94:Z97)-SUM(AC94:AC97)-SUM(V94:V97))-AA94 -> 7.1054274e-15 | AC94: =K94-T94 -> 0 | AD94: =+AM94+BA94 -> 0 | AE94: - Sheet Breaks (0x) | AF94: 0 | AM94: =SUM(AF94:AL94)+AT94+AV94+AX94 -> 0 | AR94: =SUM(AN94:AQ94) -> 0 | BA94: =+AR94+AS94+AU94+AW94+AY94+AZ94 -> 0 | BB94: 0
W95: 0 | Z95: 0 | AC95: =K95-T95 -> 0 | AD95: =+AM95+BA95 -> 0 | AE95: - Change Blade (0x) | AG95: 0 | AM95: =SUM(AF95:AL95)+AT95+AV95+AX95 -> 0 | AR95: =SUM(AN95:AQ95) -> 0 | BA95: =+AR95+AS95+AU95+AW95+AY95+AZ95 -> 0 | BC95: 0
AD96: =+AM96+BA96 -> 0 | AE96: - Change Spool (0x) | AH96: 0 | AM96: =SUM(AF96:AL96)+AT96+AV96+AX96 -> 0 | AR96: =SUM(AN96:AQ96) -> 0 | BA96: =+AR96+AS96+AU96+AW96+AY96+AZ96 -> 0
AD97: =+AM97+BA97 -> 1440 | AE97: - PM stop. Tidak ada order | AM97: =SUM(AF97:AL97)+AT97+AV97+AX97 -> 0 | AR97: =SUM(AN97:AQ97) -> 0 | AU97: 1440 | BA97: =+AR97+AS97+AU97+AW97+AY97+AZ97 -> 1440
A99: 45921 | B99: STOP | C99: =(M99*E99*O99*Q99)/100000000 -> 43.205944 | D99: VP OW | E99: 12 | F99: 1 | G99: 1230 | H99: 0.23 | I99: 0.88 | J99: =E99*G99*(1-H99)*1440/1000000*2.74 -> 44.842533 | K99: =(IF(G99<L99,L99,G99)*(1-IF(H99<N99,H99,N99))*E99*O99*Q99)/100000000 -> 43.205944 | L99: 1230 | M99: 947.1 | N99: =1-(M99/L99) -> 0.23 | O99: =+'Trim Rwd'!H62 -> 264 | P99: =O99*(Q99-R99-S99) -> 0 | Q99: 1440 | R99: 1440 | S99: 0 | T99: =E99*M99*O99*Q99/100000000 -> 43.205944 | U99: =E99*M99*O99*(Q99-R99-S99)/100000000 -> 0 | V99: =E99*G99*(1-N99)*O99/100*(R99+S99)/1000000 -> 43.205944 | W99: 0 | X99: =SUM(W99:W102)/SUM(K99:K102) -> 0 | Y99: =+SUM(RBP!AG23:AG24) -> 0 | Z99: 0 | AA99: =SUM(U99:U102)-SUM(W99:W102)-SUM(Z99:Z102)-SUM(Y99:Y102) -> 0 | AB99: =(SUM(K99:K102)-SUM(W99:W102)-SUM(Y99:Y102)-SUM(Z99:Z102)-SUM(AC99:AC102)-SUM(V99:V102))-AA99 -> 7.1054274e-15 | AC99: =K99-T99 -> 0 | AD99: =+AM99+BA99 -> 0 | AE99: - Sheet Breaks (0x) | AF99: 0 | AM99: =SUM(AF99:AL99)+AT99+AV99+AX99 -> 0 | AR99: =SUM(AN99:AQ99) -> 0 | BA99: =+AR99+AS99+AU99+AW99+AY99+AZ99 -> 0 | BB99: 0
W100: 0 | Z100: 0 | AC100: =K100-T100 -> 0 | AD100: =+AM100+BA100 -> 0 | AE100: - Change Blade (0x) | AG100: 0 | AM100: =SUM(AF100:AL100)+AT100+AV100+AX100 -> 0 | AR100: =SUM(AN100:AQ100) -> 0 | BA100: =+AR100+AS100+AU100+AW100+AY100+AZ100 -> 0 | BC100: 0
AD101: =+AM101+BA101 -> 0 | AE101: - Change Spool (0x) | AH101: 0 | AM101: =SUM(AF101:AL101)+AT101+AV101+AX101 -> 0 | AR101: =SUM(AN101:AQ101) -> 0 | BA101: =+AR101+AS101+AU101+AW101+AY101+AZ101 -> 0
AD102: =+AM102+BA102 -> 1440 | AE102: - PM stop. Tidak ada order | AM102: =SUM(AF102:AL102)+AT102+AV102+AX102 -> 0 | AR102: =SUM(AN102:AQ102) -> 0 | AU102: 1440 | BA102: =+AR102+AS102+AU102+AW102+AY102+AZ102 -> 1440
A104: 45922 | B104: STOP | C104: =(M104*E104*O104*Q104)/100000000 -> 43.205944 | D104: VP OW | E104: 12 | F104: 1 | G104: 1230 | H104: 0.23 | I104: 0.88 | J104: =E104*G104*(1-H104)*1440/1000000*2.74 -> 44.842533 | K104: =(IF(G104<L104,L104,G104)*(1-IF(H104<N104,H104,N104))*E104*O104*Q104)/100000000 -> 43.205944 | L104: 1230 | M104: 947.1 | N104: =1-(M104/L104) -> 0.23 | O104: =+'Trim Rwd'!H64 -> 264 | P104: =O104*(Q104-R104-S104) -> 0 | Q104: 1440 | R104: 1440 | S104: 0 | T104: =E104*M104*O104*Q104/100000000 -> 43.205944 | U104: =E104*M104*O104*(Q104-R104-S104)/100000000 -> 0 | V104: =E104*G104*(1-N104)*O104/100*(R104+S104)/1000000 -> 43.205944 | W104: 0 | X104: =SUM(W104:W107)/SUM(K104:K107) -> 0 | Y104: =+SUM(RBP!AG3:AG4) -> 0 | Z104: 0 | AA104: =SUM(U104:U107)-SUM(W104:W107)-SUM(Z104:Z107)-SUM(Y104:Y107) -> 0 | AB104: =(SUM(K104:K107)-SUM(W104:W107)-SUM(Y104:Y107)-SUM(Z104:Z107)-SUM(AC104:AC107)-SUM(V104:V107))-AA104 -> 7.1054274e-15 | AC104: =K104-T104 -> 0 | AD104: =+AM104+BA104 -> 0 | AE104: - Sheet Breaks (0x) | AF104: 0 | AM104: =SUM(AF104:AL104)+AT104+AV104+AX104 -> 0 | AR104: =SUM(AN104:AQ104) -> 0 | BA104: =+AR104+AS104+AU104+AW104+AY104+AZ104 -> 0 | BB104: 0
W105: 0 | Z105: 0 | AC105: =K105-T105 -> 0 | AD105: =+AM105+BA105 -> 0 | AE105: - Change Blade (0x) | AG105: 0 | AM105: =SUM(AF105:AL105)+AT105+AV105+AX105 -> 0 | AR105: =SUM(AN105:AQ105) -> 0 | BA105: =+AR105+AS105+AU105+AW105+AY105+AZ105 -> 0 | BC105: 0
AD106: =+AM106+BA106 -> 0 | AE106: - Change Spool (0x) | AH106: 0 | AM106: =SUM(AF106:AL106)+AT106+AV106+AX106 -> 0 | AR106: =SUM(AN106:AQ106) -> 0 | BA106: =+AR106+AS106+AU106+AW106+AY106+AZ106 -> 0
AD107: =+AM107+BA107 -> 1440 | AE107: - PM stop. Tidak ada order | AM107: =SUM(AF107:AL107)+AT107+AV107+AX107 -> 0 | AR107: =SUM(AN107:AQ107) -> 0 | AU107: 1440 | BA107: =+AR107+AS107+AU107+AW107+AY107+AZ107 -> 1440
A109: 45923 | B109: STOP | C109: =(M109*E109*O109*Q109)/100000000 -> 43.205944 | D109: VP OW | E109: 12 | F109: 1 | G109: 1230 | H109: 0.23 | I109: 0.88 | J109: =E109*G109*(1-H109)*1440/1000000*2.74 -> 44.842533 | K109: =(IF(G109<L109,L109,G109)*(1-IF(H109<N109,H109,N109))*E109*O109*Q109)/100000000 -> 43.205944 | L109: 1230 | M109: 947.1 | N109: =1-(M109/L109) -> 0.23 | O109: =+'Trim Rwd'!H66 -> 264 | P109: =O109*(Q109-R109-S109) -> 0 | Q109: 1440 | R109: 1440 | S109: 0 | T109: =E109*M109*O109*Q109/100000000 -> 43.205944 | U109: =E109*M109*O109*(Q109-R109-S109)/100000000 -> 0 | V109: =E109*G109*(1-N109)*O109/100*(R109+S109)/1000000 -> 43.205944 | W109: 0 | X109: =SUM(W109:W112)/SUM(K109:K112) -> 0 | Y109: =+SUM(RBP!AG8:AG9) -> 0 | Z109: 0 | AA109: =SUM(U109:U112)-SUM(W109:W112)-SUM(Z109:Z112)-SUM(Y109:Y112) -> 0 | AB109: =(SUM(K109:K112)-SUM(W109:W112)-SUM(Y109:Y112)-SUM(Z109:Z112)-SUM(AC109:AC112)-SUM(V109:V112))-AA109 -> 7.1054274e-15 | AC109: =K109-T109 -> 0 | AD109: =+AM109+BA109 -> 0 | AE109: - Sheet Breaks (0x) | AF109: 0 | AM109: =SUM(AF109:AL109)+AT109+AV109+AX109 -> 0 | AR109: =SUM(AN109:AQ109) -> 0 | BA109: =+AR109+AS109+AU109+AW109+AY109+AZ109 -> 0 | BB109: 0
W110: 0 | Z110: 0 | AC110: =K110-T110 -> 0 | AD110: =+AM110+BA110 -> 0 | AE110: - Change Blade (0x) | AG110: 0 | AM110: =SUM(AF110:AL110)+AT110+AV110+AX110 -> 0 | AR110: =SUM(AN110:AQ110) -> 0 | BA110: =+AR110+AS110+AU110+AW110+AY110+AZ110 -> 0 | BC110: 0
AD111: =+AM111+BA111 -> 0 | AE111: - Change Spool (0x) | AH111: 0 | AM111: =SUM(AF111:AL111)+AT111+AV111+AX111 -> 0 | AR111: =SUM(AN111:AQ111) -> 0 | BA111: =+AR111+AS111+AU111+AW111+AY111+AZ111 -> 0
AD112: =+AM112+BA112 -> 1440 | AE112: - PM stop. Tidak ada order | AM112: =SUM(AF112:AL112)+AT112+AV112+AX112 -> 0 | AR112: =SUM(AN112:AQ112) -> 0 | AU112: 1440 | BA112: =+AR112+AS112+AU112+AW112+AY112+AZ112 -> 1440
A114: 45924 | B114: STOP | C114: =(M114*E114*O114*Q114)/100000000 -> 43.205944 | D114: VP OW | E114: 12 | F114: 1 | G114: 1230 | H114: 0.23 | I114: 0.88 | J114: =E114*G114*(1-H114)*1440/1000000*2.74 -> 44.842533 | K114: =(IF(G114<L114,L114,G114)*(1-IF(H114<N114,H114,N114))*E114*O114*Q114)/100000000 -> 43.205944 | L114: 1230 | M114: 947.1 | N114: =1-(M114/L114) -> 0.23 | O114: =+'Trim Rwd'!H68 -> 264 | P114: =O114*(Q114-R114-S114) -> 0 | Q114: 1440 | R114: 1440 | S114: 0 | T114: =E114*M114*O114*Q114/100000000 -> 43.205944 | U114: =E114*M114*O114*(Q114-R114-S114)/100000000 -> 0 | V114: =E114*G114*(1-N114)*O114/100*(R114+S114)/1000000 -> 43.205944 | W114: 0 | X114: =SUM(W114:W117)/SUM(K114:K117) -> 0 | Y114: 0 | Z114: 0 | AA114: =SUM(U114:U117)-SUM(W114:W117)-SUM(Z114:Z117)-SUM(Y114:Y117) -> 0 | AB114: =(SUM(K114:K117)-SUM(W114:W117)-SUM(Y114:Y117)-SUM(Z114:Z117)-SUM(AC114:AC117)-SUM(V114:V117))-AA114 -> 7.1054274e-15 | AC114: =K114-T114 -> 0 | AD114: =+AM114+BA114 -> 0 | AE114: - Sheet Breaks (0x) | AF114: 0 | AM114: =SUM(AF114:AL114)+AT114+AV114+AX114 -> 0 | AR114: =SUM(AN114:AQ114) -> 0 | BA114: =+AR114+AS114+AU114+AW114+AY114+AZ114 -> 0 | BB114: 0
W115: 0 | Z115: 0 | AC115: =K115-T115 -> 0 | AD115: =+AM115+BA115 -> 0 | AE115: - Change Blade (0x) | AG115: 0 | AM115: =SUM(AF115:AL115)+AT115+AV115+AX115 -> 0 | AR115: =SUM(AN115:AQ115) -> 0 | BA115: =+AR115+AS115+AU115+AW115+AY115+AZ115 -> 0 | BC115: 0
AD116: =+AM116+BA116 -> 0 | AE116: - Change Spool (0x) | AH116: 0 | AM116: =SUM(AF116:AL116)+AT116+AV116+AX116 -> 0 | AR116: =SUM(AN116:AQ116) -> 0 | BA116: =+AR116+AS116+AU116+AW116+AY116+AZ116 -> 0
AD117: =+AM117+BA117 -> 1440 | AE117: - PM stop. Tidak ada order | AM117: =SUM(AF117:AL117)+AT117+AV117+AX117 -> 0 | AR117: =SUM(AN117:AQ117) -> 0 | AU117: 1440 | BA117: =+AR117+AS117+AU117+AW117+AY117+AZ117 -> 1440
A119: 45925 | B119: STOP | C119: =(M119*E119*O119*Q119)/100000000 -> 43.205944 | D119: VP OW | E119: 12 | F119: 1 | G119: 1230 | H119: 0.23 | I119: 0.88 | J119: =E119*G119*(1-H119)*1440/1000000*2.74 -> 44.842533 | K119: =(IF(G119<L119,L119,G119)*(1-IF(H119<N119,H119,N119))*E119*O119*Q119)/100000000 -> 43.205944 | L119: 1230 | M119: 947.1 | N119: =1-(M119/L119) -> 0.23 | O119: =+'Trim Rwd'!H70 -> 264 | P119: =O119*(Q119-R119-S119) -> 0 | Q119: 1440 | R119: 1440 | S119: 0 | T119: =E119*M119*O119*Q119/100000000 -> 43.205944 | U119: =E119*M119*O119*(Q119-R119-S119)/100000000 -> 0 | V119: =E119*G119*(1-N119)*O119/100*(R119+S119)/1000000 -> 43.205944 | W119: 0 | X119: =SUM(W119:W122)/SUM(K119:K122) -> 0 | Y119: =+SUM(RBP!AG18:AG19) -> 0 | Z119: 0 | AA119: =SUM(U119:U122)-SUM(W119:W122)-SUM(Z119:Z122)-SUM(Y119:Y122) -> 0 | AB119: =(SUM(K119:K122)-SUM(W119:W122)-SUM(Y119:Y122)-SUM(Z119:Z122)-SUM(AC119:AC122)-SUM(V119:V122))-AA119 -> 7.1054274e-15 | AC119: =K119-T119 -> 0 | AD119: =+AM119+BA119 -> 0 | AE119: - Sheet Breaks (0x) | AF119: 0 | AM119: =SUM(AF119:AL119)+AT119+AV119+AX119 -> 0 | AR119: =SUM(AN119:AQ119) -> 0 | BA119: =+AR119+AS119+AU119+AW119+AY119+AZ119 -> 0 | BB119: 0
W120: 0 | Z120: 0 | AC120: =K120-T120 -> 0 | AD120: =+AM120+BA120 -> 0 | AE120: - Change Blade (0x) | AG120: 0 | AM120: =SUM(AF120:AL120)+AT120+AV120+AX120 -> 0 | AR120: =SUM(AN120:AQ120) -> 0 | BA120: =+AR120+AS120+AU120+AW120+AY120+AZ120 -> 0 | BC120: 0
AD121: =+AM121+BA121 -> 0 | AE121: - Change Spool (0x) | AH121: 0 | AM121: =SUM(AF121:AL121)+AT121+AV121+AX121 -> 0 | AR121: =SUM(AN121:AQ121) -> 0 | BA121: =+AR121+AS121+AU121+AW121+AY121+AZ121 -> 0
AD122: =+AM122+BA122 -> 1440 | AE122: - PM stop. Tidak ada order | AM122: =SUM(AF122:AL122)+AT122+AV122+AX122 -> 0 | AR122: =SUM(AN122:AQ122) -> 0 | AU122: 1440 | BA122: =+AR122+AS122+AU122+AW122+AY122+AZ122 -> 1440
A124: 45926 | B124: STOP | C124: =(M124*E124*O124*Q124)/100000000 -> 43.205944 | D124: VP OW | E124: 12 | F124: 1 | G124: 1230 | H124: 0.23 | I124: 0.88 | J124: =E124*G124*(1-H124)*1440/1000000*2.74 -> 44.842533 | K124: =(IF(G124<L124,L124,G124)*(1-IF(H124<N124,H124,N124))*E124*O124*Q124)/100000000 -> 43.205944 | L124: 1230 | M124: 947.1 | N124: =1-(M124/L124) -> 0.23 | O124: =+'Trim Rwd'!H72 -> 264 | P124: =O124*(Q124-R124-S124) -> 0 | Q124: 1440 | R124: 1440 | S124: 0 | T124: =E124*M124*O124*Q124/100000000 -> 43.205944 | U124: =E124*M124*O124*(Q124-R124-S124)/100000000 -> 0 | V124: =E124*G124*(1-N124)*O124/100*(R124+S124)/1000000 -> 43.205944 | W124: 0 | X124: =SUM(W124:W127)/SUM(K124:K127) -> 0 | Y124: =+SUM(RBP!AG23:AG24) -> 0 | Z124: 0 | AA124: =SUM(U124:U127)-SUM(W124:W127)-SUM(Z124:Z127)-SUM(Y124:Y127) -> 0 | AB124: =(SUM(K124:K127)-SUM(W124:W127)-SUM(Y124:Y127)-SUM(Z124:Z127)-SUM(AC124:AC127)-SUM(V124:V127))-AA124 -> 7.1054274e-15 | AC124: =K124-T124 -> 0 | AD124: =+AM124+BA124 -> 0 | AE124: - Sheet Breaks (0x) | AF124: 0 | AM124: =SUM(AF124:AL124)+AT124+AV124+AX124 -> 0 | AR124: =SUM(AN124:AQ124) -> 0 | BA124: =+AR124+AS124+AU124+AW124+AY124+AZ124 -> 0 | BB124: 0
W125: 0 | Z125: 0 | AC125: =K125-T125 -> 0 | AD125: =+AM125+BA125 -> 0 | AE125: - Change Blade (0x) | AG125: 0 | AM125: =SUM(AF125:AL125)+AT125+AV125+AX125 -> 0 | AR125: =SUM(AN125:AQ125) -> 0 | BA125: =+AR125+AS125+AU125+AW125+AY125+AZ125 -> 0 | BC125: 0
AD126: =+AM126+BA126 -> 0 | AE126: - Change Spool (0x) | AH126: 0 | AM126: =SUM(AF126:AL126)+AT126+AV126+AX126 -> 0 | AR126: =SUM(AN126:AQ126) -> 0 | BA126: =+AR126+AS126+AU126+AW126+AY126+AZ126 -> 0
...

Sheet Efficiency2
A1: PM14 Efficiency Running Report
A3: Date | B3: Grade | C3: Speed real (ton) with Available Time | D3: Colour | E3: gsm | F3: Ply | G3: Standard | L3: Real Running | O3: Trim Rewinder (cm) | P3: Trim Rewinder x Running Time | Q3: Available Time (mnt) | R3: Down Time (mnt) | S3: Loss Time (mnt) | T3: Real Speed & Real Creepe Ratio with Available Time (ton) | U3: Real Speed & Real Creepe Ratio setelah dipotong DT & LT (ton) | V3: Loss tonase akibat DT + LT dari hitungan Teori with available time (ton) | W3: Accepted (ton) | X3: Real Eff dr Target Eff | Y3: Backlog | Z3: Reject Rewinder (ton) | AA3: Estimasi Reject to Broke Plant (ton) | AB3: Estimasi Faktor BW (ton) | AC3: Loss Opportunity in Speed (ton) | AD3: Downtime/ Losstime | AE3: Reason of Downtime / Losstime | AF3: Loss Time | AM3: Total Losstime | AN3: Unschedule Shut Down (mnt) | AS3: Schedule Shut Down | AT3: Marketing | AV3: EXT FACTOR | AX3: EXT FACTOR | AZ3: MANAGEMENT | BA3: Total Down Time | BB3: Freq. Sheets Break (X) | BC3: Freq. Change Blade (X) | BD3: Steam, & gangguan sinergy (X) | BE3: Freq, Trip PLN (X) | BF3: Cleaning Holes (X)
AF4: Proses | AI4: Change Grade | AJ4: Mekanik | AK4: Electric & Instrument | AL4: Boiler | AN4: Down Time Produksi | AO4: Mekanik | AP4: Electrical & Instrument | AQ4: Boiler | AR4: Total Unschedule Shut Down | AV4: LOSS | AW4: DOWN TIME | AX4: LOSS | AY4: DOWN TIME
G5: Yankee Speed (mpm) | H5: Max % Creeping | I5: Target Eff | J5: Kapasitas PM-Teori (ton) | K5: Teori (ton) with Available Time | L5: Yankee Speed (mpm) | M5: Popereel Speed (mpm) | N5: % Creeping | AF5: sheet break | AG5: change blade | AH5: change spool | AT5: Loss time | AU5: Down Time | AV5: SINERGY | AW5: SINERGY | AX5: PLN | AY5: PLN
A6: =+Report1!A9 -> 45901 | B6: Facial | C6: =(M6*E6*O6*Q6)/100000000 -> 42.960456 | D6: VP OW | E6: 12 | F6: 1 | G6: 1230 | H6: 0.23 | I6: 0.88 | J6: =E6*G6*(1-H6)*1440/1000000*2.74 -> 44.842533 | K6: =(IF(G6<L6,L6,G6)*(1-IF(H6<N6,H6,N6))*E6*O6*Q6)/100000000 -> 42.960456 | L6: 1230 | M6: 947.1 | N6: =1-(M6/L6) -> 0.23 | O6: =+'Trim Rwd'!H4 -> 262.5 | P6: =O6*(Q6-R6-S6) -> 359362.5 | Q6: 1440 | R6: 0 | S6: 71 | T6: =E6*M6*O6*Q6/100000000 -> 42.960456 | U6: =E6*M6*O6*(Q6-R6-S6)/100000000 -> 40.842267 | V6: =E6*G6*(1-N6)*O6/100*(R6+S6)/1000000 -> 2.1181891 | W6: =+'1'!K7/1000 -> 38.948 | X6: =SUM(W6:W9)/SUM(K6:K9) -> 0.96558565 | Y6: 0 | Z6: =+'1'!D25/1000 -> 0 | AA6: =SUM(U6:U9)-SUM(W6:W9)-SUM(Z6:Z9)-SUM(Y6:Y9) -> -0.63973315 | AB6: =(SUM(K6:K9)-SUM(W6:W9)-SUM(Y6:Y9)-SUM(Z6:Z9)-SUM(AC6:AC9)-SUM(V6:V9))-AA6 -> 0 | AC6: =K6-T6 -> 0 | AD6: =+AM6+BA6 -> 35 | AE6: - Sheet Breaks (7x) | AF6: 35 | AM6: =SUM(AF6:AL6)+AT6+AV6+AX6 -> 35 | AR6: =SUM(AN6:AQ6) -> 0 | BA6: =+AR6+AS6+AU6+AW6+AY6+AZ6 -> 0 | BB6: 7
B7: Facial | E7: 13 | W7: =+'1'!K8/1000 -> 2.534 | AD7: =+AM7+BA7 -> 10 | AE7: - Change Blade (10x) | AG7: 10 | AM7: =SUM(AF7:AL7)+AT7+AV7+AX7 -> 10 | AR7: =SUM(AN7:AQ7) -> 0 | BA7: =+AR7+AS7+AU7+AW7+AY7+AZ7 -> 0 | BC7: 10
AD8: =+AM8+BA8 -> 26 | AE8: - Change Spool (27x) | AH8: 26 | AM8: =SUM(AF8:AL8)+AT8+AV8+AX8 -> 26 | AR8: =SUM(AN8:AQ8) -> 0 | BA8: =+AR8+AS8+AU8+AW8+AY8+AZ8 -> 0
A10: 45902 | B10: Facial | C10: =(M10*E10*O10*Q10)/100000000 -> 21.799353 | D10: VP OW | E10: 12 | F10: 1 | G10: 1230 | H10: 0.23 | I10: 0.88 | J10: =E10*G10*(1-H10)*1440/1000000*2.74 -> 44.842533 | K10: =(IF(G10<L10,L10,G10)*(1-IF(H10<N10,H10,N10))*E10*O10*Q10)/100000000 -> 21.911203 | L10: 1223.7212 | M10: 942.26536 | N10: =1-(M10/L10) -> 0.23 | O10: =+'Trim Rwd'!H7 -> 260.88235 | P10: =O10*(Q10-R10-S10) -> 182356.76 | Q10: 739 | R10: 0 | S10: 40 | T10: =E10*M10*O10*Q10/100000000 -> 21.799353 | U10: =E10*M10*O10*(Q10-R10-S10)/100000000 -> 20.619415 | V10: =E10*G10*(1-N10)*O10/100*(R10+S10)/1000000 -> 1.185992 | W10: =+'2'!K7/1000 -> 17.891 | X10: =SUM(W10:W13)/SUM(K10:K13) -> 0.73741505 | Y10: 0 | Z10: =+'1'!D29/1000 -> 0 | AA10: =SUM(U10:U13)-SUM(W10:W13)-SUM(Z10:Z13)-SUM(Y10:Y13) -> 7.8765482 | AB10: =(SUM(K10:K13)-SUM(W10:W13)-SUM(Y10:Y13)-SUM(Z10:Z13)-SUM(AC10:AC13)-SUM(V10:V13))-AA10 -> -0.028590403 | AC10: =K10-T10 -> 0.11184966 | AD10: =+AM10+BA10 -> 28 | AE10: - Sheet Breaks (13x) | AF10: 28 | AM10: =SUM(AF10:AL10)+AT10+AV10+AX10 -> 28 | AR10: =SUM(AN10:AQ10) -> 0 | BA10: =+AR10+AS10+AU10+AW10+AY10+AZ10 -> 0 | BB10: 13
B11: Facial | C11: =(M11*E11*O11*Q11)/100000000 -> 20.298478 | D11: VP OW | E11: 13 | F11: 1 | G11: 1230 | H11: 0.22 | I11: 0.88 | J11: =E11*G11*(1-H11)*1440/1000000*2.74 -> 49.210312 | K11: =(IF(G11<L11,L11,G11)*(1-IF(H11<N11,H11,N11))*E11*O11*Q11)/100000000 -> 20.983229 | L11: 1205.3138 | M11: 928.09165 | N11: =1-(M11/L11) -> 0.23 | O11: =+'Trim Rwd'!H9 -> 240 | P11: =O11*(Q11-R11-S11) -> 159120 | Q11: 701 | R11: 0 | S11: =78-S10 -> 38 | T11: =E11*M11*O11*Q11/100000000 -> 20.298478 | U11: =E11*M11*O11*(Q11-R11-S11)/100000000 -> 19.198133 | V11: =E11*G11*(1-N11)*O11/100*(R11+S11)/1000000 -> 1.1228818 | W11: =+'2'!K8/1000 -> 13.74 | Z11: =+'2'!D25/1000 -> 0.31 | AC11: =K11-T11 -> 0.68475108 | AD11: =+AM11+BA11 -> 8 | AE11: - Change Blade (4x) | AG11: 8 | AM11: =SUM(AF11:AL11)+AT11+AV11+AX11 -> 8 | AR11: =SUM(AN11:AQ11) -> 0 | BA11: =+AR11+AS11+AU11+AW11+AY11+AZ11 -> 0 | BC11: 4
AD12: =+AM12+BA12 -> 42 | AE12: - Change Spool (30x) | AH12: 42 | AM12: =SUM(AF12:AL12)+AT12+AV12+AX12 -> 42 | AR12: =SUM(AN12:AQ12) -> 0 | BA12: =+AR12+AS12+AU12+AW12+AY12+AZ12 -> 0
A14: 45903 | B14: Facial | C14: =(M14*E14*O14*Q14)/100000000 -> 5.0825174 | D14: VP OW | E14: 13 | F14: 1 | G14: 1230 | H14: 0.22 | I14: 0.88 | J14: =E14*G14*(1-H14)*1440/1000000*2.74 -> 49.210312 | K14: =(IF(G14<L14,L14,G14)*(1-IF(H14<N14,H14,N14))*E14*O14*Q14)/100000000 -> 5.1485242 | L14: 1230 | M14: 947.1 | N14: =1-(M14/L14) -> 0.23 | O14: =+'Trim Rwd'!H11 -> 240 | P14: =O14*(Q14-R14-S14) -> 37920 | Q14: 172 | R14: 0 | S14: 14 | T14: =E14*M14*O14*Q14/100000000 -> 5.0825174 | U14: =E14*M14*O14*(Q14-R14-S14)/100000000 -> 4.6688242 | V14: =E14*G14*(1-N14)*O14/100*(R14+S14)/1000000 -> 0.41369328 | W14: =+'3'!K8/1000 -> 6.954 | X14: =SUM(W14:W17)/SUM(K14:K17) -> 0.75118846 | Y14: 0 | Z14: =+'1'!D33/1000 -> 0 | AA14: =SUM(U14:U17)-SUM(W14:W17)-SUM(Z14:Z17)-SUM(Y14:Y17) -> 7.2042504 | AB14: =(SUM(K14:K17)-SUM(W14:W17)-SUM(Y14:Y17)-SUM(Z14:Z17)-SUM(AC14:AC17)-SUM(V14:V17))-AA14 -> -0.028135035 | AC14: =K14-T14 -> 0.06600672 | AD14: =+AM14+BA14 -> 32 | AE14: - Sheet Breaks (9x) | AF14: 32 | AM14: =SUM(AF14:AL14)+AT14+AV14+AX14 -> 32 | AR14: =SUM(AN14:AQ14) -> 0 | BA14: =+AR14+AS14+AU14+AW14+AY14+AZ14 -> 0 | BB14: 9
B15: Facial | C15: =(M15*E15*O15*Q15)/100000000 -> 36.598868 | D15: VP OW | E15: 12 | F15: 1 | G15: 1230 | H15: 0.23 | I15: 0.88 | J15: =E15*G15*(1-H15)*1440/1000000*2.74 -> 44.842533 | K15: =(IF(G15<L15,L15,G15)*(1-IF(H15<N15,H15,N15))*E15*O15*Q15)/100000000 -> 37.108515 | L15: 1213.1073 | M15: 934.09259 | N15: =1-(M15/L15) -> 0.23 | O15: =+'Trim Rwd'!H13 -> 257.5 | P15: =O15*(Q15-R15-S15) -> 308485 | Q15: 1268 | R15: 0 | S15: 70 | T15: =E15*M15*O15*Q15/100000000 -> 36.598868 | U15: =E15*M15*O15*(Q15-R15-S15)/100000000 -> 34.578426 | V15: =E15*G15*(1-N15)*O15/100*(R15+S15)/1000000 -> 2.0485773 | W15: =+'3'!K7/1000 -> 24.789 | Z15: =+'3'!D25/1000 -> 0.3 | AC15: =K15-T15 -> 0.50964606 | AD15: =+AM15+BA15 -> 2 | AE15: - Change Blade (1x) | AG15: 2 | AM15: =SUM(AF15:AL15)+AT15+AV15+AX15 -> 2 | AR15: =SUM(AN15:AQ15) -> 0 | BA15: =+AR15+AS15+AU15+AW15+AY15+AZ15 -> 0 | BC15: 1
AD16: =+AM16+BA16 -> 50 | AE16: - Change Spool (27x) | AH16: 50 | AM16: =SUM(AF16:AL16)+AT16+AV16+AX16 -> 50 | AR16: =SUM(AN16:AQ16) -> 0 | BA16: =+AR16+AS16+AU16+AW16+AY16+AZ16 -> 0
A18: 45904 | B18: Facial | C18: =(M18*E18*O18*Q18)/100000000 -> 10.850778 | D18: VP OW | E18: 12 | F18: 1 | G18: 1230 | H18: 0.23 | I18: 0.88 | J18: =E18*G18*(1-H18)*1440/1000000*2.74 -> 44.842533 | K18: =(IF(G18<L18,L18,G18)*(1-IF(H18<N18,H18,N18))*E18*O18*Q18)/100000000 -> 11.03013 | L18: 1210 | M18: 931.7 | N18: =1-(M18/L18) -> 0.23 | O18: =+'Trim Rwd'!H15 -> 248.21429 | P18: =O18*(Q18-R18-S18) -> 92583.929 | Q18: 391 | R18: 0 | S18: 18 | T18: =E18*M18*O18*Q18/100000000 -> 10.850778 | U18: =E18*M18*O18*(Q18-R18-S18)/100000000 -> 10.351254 | V18: =E18*G18*(1-N18)*O18/100*(R18+S18)/1000000 -> 0.5077809 | W18: =+'4'!K7/1000 -> 14.723 | X18: =SUM(W18:W21)/SUM(K18:K21) -> 0.93365626 | Y18: 0 | Z18: 1.06 | AA18: =SUM(U18:U21)-SUM(W18:W21)-SUM(Z18:Z21)-SUM(Y18:Y21) -> -0.73084763 | AB18: =(SUM(K18:K21)-SUM(W18:W21)-SUM(Y18:Y21)-SUM(Z18:Z21)-SUM(AC18:AC21)-SUM(V18:V21))-AA18 -> -0.0095394217 | AC18: =K18-T18 -> 0.1793517 | AD18: =+AM18+BA18 -> 18 | AE18: - Sheet Breaks (6x) | AF18: 18 | AM18: =SUM(AF18:AL18)+AT18+AV18+AX18 -> 18 | AR18: =SUM(AN18:AQ18) -> 0 | BA18: =+AR18+AS18+AU18+AW18+AY18+AZ18 -> 0 | BB18: 6
B19: Facial | C19: =(M19*E19*O19*Q19)/100000000 -> 32.492376 | D19: VP OW | E19: 14 | F19: 1 | G19: 1230 | H19: 0.25 | I19: 0.88 | J19: =E19*G19*(1-H19)*1440/1000000*2.74 -> 50.957424 | K19: =(IF(G19<L19,L19,G19)*(1-IF(H19<N19,H19,N19))*E19*O19*Q19)/100000000 -> 32.514804 | L19: 1229.1516 | M19: 921.86368 | N19: =1-(M19/L19) -> 0.25 | O19: =+'Trim Rwd'!H18 -> 240 | P19: =O19*(Q19-R19-S19) -> 237360 | Q19: 1049 | R19: 0 | S19: 60 | T19: =E19*M19*O19*Q19/100000000 -> 32.492376 | U19: =E19*M19*O19*(Q19-R19-S19)/100000000 -> 30.633899 | V19: =E19*G19*(1-N19)*O19/100*(R19+S19)/1000000 -> 1.85976 | W19: =+'4'!K9/1000 -> 25.933 | Z19: 0 | AC19: =K19-T19 -> 0.022428 | AD19: =+AM19+BA19 -> 2 | AE19: - Change Blade (1x) | AG19: 2 | AM19: =SUM(AF19:AL19)+AT19+AV19+AX19 -> 2 | AR19: =SUM(AN19:AQ19) -> 0 | BA19: =+AR19+AS19+AU19+AW19+AY19+AZ19 -> 0 | BC19: 1
AD20: =+AM20+BA20 -> 58 | AE20: - Change Spool (30x) | AH20: 58 | AM20: =SUM(AF20:AL20)+AT20+AV20+AX20 -> 58 | AR20: =SUM(AN20:AQ20) -> 0 | BA20: =+AR20+AS20+AU20+AW20+AY20+AZ20 -> 0
A22: 45905 | B22: Facial | C22: =(M22*E22*O22*Q22)/100000000 -> 44.63424 | D22: VP OW | E22: 14 | F22: 1 | G22: 1230 | H22: 0.25 | I22: 0.88 | J22: =E22*G22*(1-H22)*1440/1000000*2.74 -> 50.957424 | K22: =(IF(G22<L22,L22,G22)*(1-IF(H22<N22,H22,N22))*E22*O22*Q22)/100000000 -> 44.63424 | L22: 1230 | M22: 922.5 | N22: =1-(M22/L22) -> 0.25 | O22: =+'Trim Rwd'!H20 -> 240 | P22: =O22*(Q22-R22-S22) -> 327360 | Q22: 1440 | R22: 0 | S22: 76 | T22: =E22*M22*O22*Q22/100000000 -> 44.63424 | U22: =E22*M22*O22*(Q22-R22-S22)/100000000 -> 42.278544 | V22: =E22*G22*(1-N22)*O22/100*(R22+S22)/1000000 -> 2.355696 | W22: =+'5'!K9/1000 -> 41.62 | X22: =SUM(W22:W25)/SUM(K22:K25) -> 0.93246799 | Y22: 0 | Z22: =+'5'!D7/1000 -> 0 | AA22: =SUM(U22:U25)-SUM(W22:W25)-SUM(Z22:Z25)-SUM(Y22:Y25) -> 0.658544 | AB22: =(SUM(K22:K25)-SUM(W22:W25)-SUM(Y22:Y25)-SUM(Z22:Z25)-SUM(AC22:AC25)-SUM(V22:V25))-AA22 -> 1.7763568e-15 | AC22: =K22-T22 -> 0 | AD22: =+AM22+BA22 -> 18 | AE22: - Sheet Breaks (6x) | AF22: 18 | AM22: =SUM(AF22:AL22)+AT22+AV22+AX22 -> 18 | AR22: =SUM(AN22:AQ22) -> 0 | BA22: =+AR22+AS22+AU22+AW22+AY22+AZ22 -> 0 | BB22: 6
AD23: =+AM23+BA23 -> 4 | AE23: - Change Blade (2x) | AG23: 4 | AM23: =SUM(AF23:AL23)+AT23+AV23+AX23 -> 4 | AR23: =SUM(AN23:AQ23) -> 0 | BA23: =+AR23+AS23+AU23+AW23+AY23+AZ23 -> 0 | BC23: 2
AD24: =+AM24+BA24 -> 54 | AE24: - Change Spool (30x) | AH24: 54 | AM24: =SUM(AF24:AL24)+AT24+AV24+AX24 -> 54 | AR24: =SUM(AN24:AQ24) -> 0 | BA24: =+AR24+AS24+AU24+AW24+AY24+AZ24 -> 0
A26: 45906 | B26: Facial | C26: =(M26*E26*O26*Q26)/100000000 -> 44.63424 | D26: VP OW | E26: 14 | F26: 1 | G26: 1230 | H26: 0.25 | I26: 0.88 | J26: =E26*G26*(1-H26)*1440/1000000*2.74 -> 50.957424 | K26: =(IF(G26<L26,L26,G26)*(1-IF(H26<N26,H26,N26))*E26*O26*Q26)/100000000 -> 44.63424 | L26: 1230 | M26: 922.5 | N26: =1-(M26/L26) -> 0.25 | O26: =+'Trim Rwd'!H22 -> 240 | P26: =O26*(Q26-R26-S26) -> 212160 | Q26: 1440 | R26: 515 | S26: 41 | T26: =E26*M26*O26*Q26/100000000 -> 44.63424 | U26: =E26*M26*O26*(Q26-R26-S26)/100000000 -> 27.400464 | V26: =E26*G26*(1-N26)*O26/100*(R26+S26)/1000000 -> 17.233776 | W26: =+'6'!K9/1000 -> 22.628 | X26: =SUM(W26:W29)/SUM(K26:K29) -> 0.50696506 | Y26: 0 | Z26: =+'5'!D11/1000 -> 0 | AA26: =SUM(U26:U29)-SUM(W26:W29)-SUM(Z26:Z29)-SUM(Y26:Y29) -> 4.772464 | AB26: =(SUM(K26:K29)-SUM(W26:W29)-SUM(Y26:Y29)-SUM(Z26:Z29)-SUM(AC26:AC29)-SUM(V26:V29))-AA26 -> 0 | AC26: =K26-T26 -> 0 | AD26: =+AM26+BA26 -> 12 | AE26: - Sheet Breaks (6x) | AF26: 12 | AM26: =SUM(AF26:AL26)+AT26+AV26+AX26 -> 12 | AR26: =SUM(AN26:AQ26) -> 0 | BA26: =+AR26+AS26+AU26+AW26+AY26+AZ26 -> 0 | BB26: 6
AD27: =+AM27+BA27 -> 0 | AE27: - Change Blade (0x) | AG27: 0 | AM27: =SUM(AF27:AL27)+AT27+AV27+AX27 -> 0 | AR27: =SUM(AN27:AQ27) -> 0 | BA27: =+AR27+AS27+AU27+AW27+AY27+AZ27 -> 0 | BC27: 0
AD28: =+AM28+BA28 -> 29 | AE28: - Change Spool (23x) | AH28: 29 | AM28: =SUM(AF28:AL28)+AT28+AV28+AX28 -> 29 | AR28: =SUM(AN28:AQ28) -> 0 | BA28: =+AR28+AS28+AU28+AW28+AY28+AZ28 -> 0
AD29: =+AM29+BA29 -> 515 | AE29: - 08.35 Pm stop, Turbo vacuum trip | AM29: =SUM(AF29:AL29)+AT29+AV29+AX29 -> 0 | AP29: 515 | AR29: =SUM(AN29:AQ29) -> 515 | BA29: =+AR29+AS29+AU29+AW29+AY29+AZ29 -> 515
A31: 45907 | B31: Facial | C31: =(M31*E31*O31*Q31)/100000000 -> 7.749 | D31: VP OW | E31: 14 | F31: 1 | G31: 1230 | H31: 0.25 | I31: 0.88 | J31: =E31*G31*(1-H31)*1440/1000000*2.74 -> 50.957424 | K31: =(IF(G31<L31,L31,G31)*(1-IF(H31<N31,H31,N31))*E31*O31*Q31)/100000000 -> 7.749 | L31: 1230 | M31: 922.5 | N31: =1-(M31/L31) -> 0.25 | O31: =+'Trim Rwd'!H24 -> 240 | P31: =O31*(Q31-R31-S31) -> 57360 | Q31: 250 | R31: 0 | S31: =56-S32-S33 -> 11 | T31: =E31*M31*O31*Q31/100000000 -> 7.749 | U31: =E31*M31*O31*(Q31-R31-S31)/100000000 -> 7.408044 | V31: =E31*G31*(1-N31)*O31/100*(R31+S31)/1000000 -> 0.340956 | W31: =+'7'!K9/1000 -> 10.379 | X31: =SUM(W31:W34)/SUM(K31:K34) -> 0.82946545 | Y31: 0 | Z31: =+'5'!D16/1000 -> 0 | AA31: =SUM(U31:U34)-SUM(W31:W34)-SUM(Z31:Z34)-SUM(Y31:Y34) -> 1.9728487 | AB31: =(SUM(K31:K34)-SUM(W31:W34)-SUM(Y31:Y34)-SUM(Z31:Z34)-SUM(AC31:AC34)-SUM(V31:V34))-AA31 -> -0.038728745 | AC31: =K31-T31 -> 0 | AD31: =+AM31+BA31 -> 18 | AE31: - Sheet Breaks (6x) | AF31: 18 | AM31: =SUM(AF31:AL31)+AT31+AV31+AX31 -> 18 | AR31: =SUM(AN31:AQ31) -> 0 | BA31: =+AR31+AS31+AU31+AW31+AY31+AZ31 -> 0 | BB31: 6
B32: Facial | C32: =(M32*E32*O32*Q32)/100000000 -> 4.7336058 | D32: VP OW | E32: 12 | F32: 1 | G32: 1230 | H32: 0.23 | I32: 0.88 | J32: =E32*G32*(1-H32)*1440/1000000*2.74 -> 44.842533 | K32: =(IF(G32<L32,L32,G32)*(1-IF(H32<N32,H32,N32))*E32*O32*Q32)/100000000 -> 4.7336058 | L32: 1230 | M32: 947.1 | N32: =1-(M32/L32) -> 0.23 | O32: =+'Trim Rwd'!H25 -> 245 | P32: =O32*(Q32-R32-S32) -> 40425 | Q32: 170 | R32: 0 | S32: 5 | T32: =E32*M32*O32*Q32/100000000 -> 4.7336058 | U32: =E32*M32*O32*(Q32-R32-S32)/100000000 -> 4.5943821 | V32: =E32*G32*(1-N32)*O32/100*(R32+S32)/1000000 -> 0.1392237 | W32: =+'7'!K7/1000 -> 4.225 | AC32: =K32-T32 -> 0 | AD32: =+AM32+BA32 -> 0 | AE32: - Change Blade (0x) | AG32: 0 | AM32: =SUM(AF32:AL32)+AT32+AV32+AX32 -> 0 | AR32: =SUM(AN32:AQ32) -> 0 | BA32: =+AR32+AS32+AU32+AW32+AY32+AZ32 -> 0 | BC32: 0
B33: Toilet | C33: =(M33*E33*O33*Q33)/100000000 -> 28.842325 | D33: VP OW | E33: 12 | F33: 1 | G33: 1230 | H33: 0.23 | I33: 0.88 | J33: =E33*G33*(1-H33)*1440/1000000*2.74 -> 44.842533 | K33: =(IF(G33<L33,L33,G33)*(1-IF(H33<N33,H33,N33))*E33*O33*Q33)/100000000 -> 29.097185 | L33: 1219.2265 | M33: 938.80442 | N33: =1-(M33/L33) -> 0.23 | O33: =+'Trim Rwd'!H26 -> 251 | P33: =O33*(Q33-R33-S33) -> 217115 | Q33: =905+115 -> 1020 | R33: 115 | S33: 40 | T33: =E33*M33*O33*Q33/100000000 -> 28.842325 | U33: =E33*M33*O33*(Q33-R33-S33)/100000000 -> 24.459423 | V33: =E33*G33*(1-N33)*O33/100*(R33+S33)/1000000 -> 4.4216311 | W33: =+'7'!K10/1000 -> 19.885 | AC33: =K33-T33 -> 0.25486013 | AD33: =+AM33+BA33 -> 38 | AE33: - Change Spool (30x) | AH33: 38 | AM33: =SUM(AF33:AL33)+AT33+AV33+AX33 -> 38 | AR33: =SUM(AN33:AQ33) -> 0 | BA33: =+AR33+AS33+AU33+AW33+AY33+AZ33 -> 0
AD34: =+AM34+BA34 -> 115 | AE34: - 05.05 pm14 stop ganti felt & boil out | AM34: =SUM(AF34:AL34)+AT34+AV34+AX34 -> 0 | AR34: =SUM(AN34:AQ34) -> 0 | AS34: 115 | BA34: =+AR34+AS34+AU34+AW34+AY34+AZ34 -> 115
A36: 45908 | B36: STOP | C36: =(M36*E36*O36*Q36)/100000000 -> 40.718576 | D36: VP OW | E36: 12 | F36: 1 | G36: 1230 | H36: 0.23 | I36: 0.88 | J36: =E36*G36*(1-H36)*1440/1000000*2.74 -> 44.842533 | K36: =(IF(G36<L36,L36,G36)*(1-IF(H36<N36,H36,N36))*E36*O36*Q36)/100000000 -> 41.078379 | L36: 1219.2265 | M36: 938.80442 | N36: =1-(M36/L36) -> 0.23 | O36: 251 | P36: =O36*(Q36-R36-S36) -> 0 | Q36: 1440 | R36: 1440 | S36: 0 | T36: =E36*M36*O36*Q36/100000000 -> 40.718576 | U36: =E36*M36*O36*(Q36-R36-S36)/100000000 -> 0 | V36: =E36*G36*(1-N36)*O36/100*(R36+S36)/1000000 -> 41.078379 | W36: =+'7'!K13/1000 -> 0 | X36: =SUM(W36:W39)/SUM(K36:K39) -> 0 | Y36: 0 | Z36: =+'5'!D21/1000 -> 0 | AA36: =SUM(U36:U39)-SUM(W36:W39)-SUM(Z36:Z39)-SUM(Y36:Y39) -> 0 | AB36: =(SUM(K36:K39)-SUM(W36:W39)-SUM(Y36:Y39)-SUM(Z36:Z39)-SUM(AC36:AC39)-SUM(V36:V39))-AA36 -> -0.35980254 | AC36: =K36-T36 -> 0.35980254 | AD36: =+AM36+BA36 -> 0 | AE36: - Sheet Breaks (0x) | AF36: 0 | AM36: =SUM(AF36:AL36)+AT36+AV36+AX36 -> 0 | AR36: =SUM(AN36:AQ36) -> 0 | BA36: =+AR36+AS36+AU36+AW36+AY36+AZ36 -> 0 | BB36: 0
AD37: =+AM37+BA37 -> 0 | AE37: - Change Blade (0x) | AG37: 0 | AM37: =SUM(AF37:AL37)+AT37+AV37+AX37 -> 0 | AR37: =SUM(AN37:AQ37) -> 0 | BA37: =+AR37+AS37+AU37+AW37+AY37+AZ37 -> 0 | BC37: 0
AD38: =+AM38+BA38 -> 0 | AE38: - Change Spool (0x) | AH38: 0 | AM38: =SUM(AF38:AL38)+AT38+AV38+AX38 -> 0 | AR38: =SUM(AN38:AQ38) -> 0 | BA38: =+AR38+AS38+AU38+AW38+AY38+AZ38 -> 0
AD39: =+AM39+BA39 -> 1440 | AE39: - pm14 stop ganti felt & boil out | AM39: =SUM(AF39:AL39)+AT39+AV39+AX39 -> 0 | AR39: =SUM(AN39:AQ39) -> 0 | AS39: 1440 | BA39: =+AR39+AS39+AU39+AW39+AY39+AZ39 -> 1440
A41: 45909 | B41: Facial | C41: =(M41*E41*O41*Q41)/100000000 -> 13.71785 | D41: VP OW | E41: 12 | F41: 1 | G41: 1230 | H41: 0.23 | I41: 0.88 | J41: =E41*G41*(1-H41)*1440/1000000*2.74 -> 44.842533 | K41: =(IF(G41<L41,L41,G41)*(1-IF(H41<N41,H41,N41))*E41*O41*Q41)/100000000 -> 15.508287 | L41: 1087.9961 | M41: 837.757 | N41: =1-(M41/L41) -> 0.23 | O41: =+'Trim Rwd'!H30 -> 265.475 | P41: =O41*(Q41-R41-S41) -> 128755.38 | Q41: 514 | R41: 0 | S41: 29 | T41: =E41*M41*O41*Q41/100000000 -> 13.71785 | U41: =E41*M41*O41*(Q41-R41-S41)/100000000 -> 12.943886 | V41: =E41*G41*(1-N41)*O41/100*(R41+S41)/1000000 -> 0.87498118 | W41: =+'9'!K7/1000 -> 11.49 | X41: =SUM(W41:W44)/SUM(K41:K44) -> 0.75825128 | Y41: 0 | Z41: =+'5'!D26/1000 -> 0 | AA41: =SUM(U41:U44)-SUM(W41:W44)-SUM(Z41:Z44)-SUM(Y41:Y44) -> 4.7437423 | AB41: =(SUM(K41:K44)-SUM(W41:W44)-SUM(Y41:Y44)-SUM(Z41:Z44)-SUM(AC41:AC44)-SUM(V41:V44))-AA41 -> -0.16847928 | AC41: =K41-T41 -> 1.7904367 | AD41: =+AM41+BA41 -> 21 | AE41: - Sheet Breaks (4x) | AF41: 21 | AM41: =SUM(AF41:AL41)+AT41+AV41+AX41 -> 21 | AR41: =SUM(AN41:AQ41) -> 0 | BA41: =+AR41+AS41+AU41+AW41+AY41+AZ41 -> 0 | BB41: 4
B42: Facial | C42: =(M42*E42*O42*Q42)/100000000 -> 27.560753 | D42: VP OW | E42: 13 | F42: 1 | G42: 1230 | H42: 0.22 | I42: 0.88 | J42: =E42*G42*(1-H42)*1440/1000000*2.74 -> 49.210312 | K42: =(IF(G42<L42,L42,G42)*(1-IF(H42<N42,H42,N42))*E42*O42*Q42)/100000000 -> 30.028069 | L42: 1143.5961 | M42: 880.56901 | N42: =1-(M42/L42) -> 0.23 | O42: =+'Trim Rwd'!H32 -> 260 | P42: =O42*(Q42-R42-S42) -> 232960 | Q42: 926 | R42: 0 | S42: 30 | T42: =E42*M42*O42*Q42/100000000 -> 27.560753 | U42: =E42*M42*O42*(Q42-R42-S42)/100000000 -> 26.667856 | V42: =E42*G42*(1-N42)*O42/100*(R42+S42)/1000000 -> 0.9603594 | W42: =+'9'!K8/1000 -> 23.038 | Z42: =+'9'!D17/1000 -> 0.34 | AC42: =K42-T42 -> 2.4673155 | AD42: =+AM42+BA42 -> 15 | AE42: - Change Blade (13x) | AG42: 15 | AM42: =SUM(AF42:AL42)+AT42+AV42+AX42 -> 15 | AR42: =SUM(AN42:AQ42) -> 0 | BA42: =+AR42+AS42+AU42+AW42+AY42+AZ42 -> 0 | BC42: 13
AD43: =+AM43+BA43 -> 23 | AE43: - Change Spool (28x) | AH43: 23 | AM43: =SUM(AF43:AL43)+AT43+AV43+AX43 -> 23 | AR43: =SUM(AN43:AQ43) -> 0 | BA43: =+AR43+AS43+AU43+AW43+AY43+AZ43 -> 0
A45: 45910 | B45: Facial | C45: =(M45*E45*O45*Q45)/100000000 -> 24.415558 | D45: VP OW | E45: 12 | F45: 1 | G45: 1230 | H45: 0.23 | I45: 0.88 | J45: =E45*G45*(1-H45)*1440/1000000*2.74 -> 44.842533 | K45: =(IF(G45<L45,L45,G45)*(1-IF(H45<N45,H45,N45))*E45*O45*Q45)/100000000 -> 24.415558 | L45: 1230 | M45: 947.1 | N45: =1-(M45/L45) -> 0.23 | O45: =+'Trim Rwd'!H34 -> 263.59184 | P45: =O45*(Q45-R45-S45) -> 199539.02 | Q45: 815 | R45: 0 | S45: 58 | T45: =E45*M45*O45*Q45/100000000 -> 24.415558 | U45: =E45*M45*O45*(Q45-R45-S45)/100000000 -> 22.678009 | V45: =E45*G45*(1-N45)*O45/100*(R45+S45)/1000000 -> 1.7375489 | W45: =+'10'!K7/1000 -> 23.589 | X45: =SUM(W45:W48)/SUM(K45:K48) -> 0.85091418 | Y45: =+SUM(RBP!AG3:AG4) -> 0 | Z45: =+'10'!D7/1000 -> 6.028 | AA45: =SUM(U45:U48)-SUM(W45:W48)-SUM(Z45:Z48)-SUM(Y45:Y48) -> -2.393445 | AB45: =(SUM(K45:K48)-SUM(W45:W48)-SUM(Y45:Y48)-SUM(Z45:Z48)-SUM(AC45:AC48)-SUM(V45:V48))-AA45 -> -7.9936058e-15 | AC45: =K45-T45 -> 0 | AD45: =+AM45+BA45 -> 0 | AE45: - Sheet Breaks (0x) | AF45: 0 | AM45: =SUM(AF45:AL45)+AT45+AV45+AX45 -> 0 | AR45: =SUM(AN45:AQ45) -> 0 | BA45: =+AR45+AS45+AU45+AW45+AY45+AZ45 -> 0 | BB45: 0
B46: Facial | C46: =(M46*E46*O46*Q46)/100000000 -> 19.237969 | D46: VP OW | E46: 12.5 | F46: 1 | G46: 1230 | H46: 0.22 | I46: 0.88 | J46: =E46*G46*(1-H46)*1440/1000000*2.74 -> 47.317608 | K46: =(IF(G46<L46,L46,G46)*(1-IF(H46<N46,H46,N46))*E46*O46*Q46)/100000000 -> 19.487813 | L46: 1230 | M46: 947.1 | N46: =1-(M46/L46) -> 0.23 | O46: =+'Trim Rwd'!H36 -> 260 | P46: =O46*(Q46-R46-S46) -> 154700 | Q46: 625 | R46: 0 | S46: 30 | T46: =E46*M46*O46*Q46/100000000 -> 19.237969 | U46: =E46*M46*O46*(Q46-R46-S46)/100000000 -> 18.314546 | V46: =E46*G46*(1-N46)*O46/100*(R46+S46)/1000000 -> 0.9234225 | W46: =+'10'!K11/1000 -> 13.769 | Z46: =+'9'!D21/1000 -> 0 | AC46: =K46-T46 -> 0.24984375 | AD46: =+AM46+BA46 -> 10 | AE46: - Change Blade (10x) | AG46: 10 | AM46: =SUM(AF46:AL46)+AT46+AV46+AX46 -> 10 | AR46: =SUM(AN46:AQ46) -> 0 | BA46: =+AR46+AS46+AU46+AW46+AY46+AZ46 -> 0 | BC46: 10
AD47: =+AM47+BA47 -> 43 | AE47: - Change Spool (27x) | AH47: 43 | AM47: =SUM(AF47:AL47)+AT47+AV47+AX47 -> 43 | AR47: =SUM(AN47:AQ47) -> 0 | BA47: =+AR47+AS47+AU47+AW47+AY47+AZ47 -> 0
AD48: =+AM48+BA48 -> 35 | AE48: - 10.15 trim fs hilang kertas putus, wire geser ke fs palm guide roll maslah, pengecekan eid, | AK48: 35 | AM48: =SUM(AF48:AL48)+AT48+AV48+AX48 -> 35 | AR48: =SUM(AN48:AQ48) -> 0 | BA48: =+AR48+AS48+AU48+AW48+AY48+AZ48 -> 0
A50: 45911 | B50: Facial | C50: =(M50*E50*O50*Q50)/100000000 -> 32.661855 | D50: VP OW | E50: 12.5 | F50: 1 | G50: 1230 | H50: 0.22 | I50: 0.88 | J50: =E50*G50*(1-H50)*1440/1000000*2.74 -> 47.317608 | K50: =(IF(G50<L50,L50,G50)*(1-IF(H50<N50,H50,N50))*E50*O50*Q50)/100000000 -> 34.392091 | L50: 1183.2901 | M50: 911.1334 | N50: =1-(M50/L50) -> 0.23 | O50: =+'Trim Rwd'!H38 -> 260 | P50: =O50*(Q50-R50-S50) -> 250380 | Q50: =1003+100 -> 1103 | R50: 100 | S50: 40 | T50: =E50*M50*O50*Q50/100000000 -> 32.661855 | U50: =E50*M50*O50*(Q50-R50-S50)/100000000 -> 28.516198 | V50: =E50*G50*(1-N50)*O50/100*(R50+S50)/1000000 -> 4.309305 | W50: =+'11'!K11/1000 -> 28.785 | X50: =SUM(W50:W53)/SUM(K50:K53) -> 0.87485288 | Y50: =+SUM(RBP!AG8:AG9) -> 0 | Z50: =+'11'!D25/1000 -> 0.285 | AA50: =SUM(U50:U53)-SUM(W50:W53)-SUM(Z50:Z53)-SUM(Y50:Y53) -> -0.98146495 | AB50: =(SUM(K50:K53)-SUM(W50:W53)-SUM(Y50:Y53)-SUM(Z50:Z53)-SUM(AC50:AC53)-SUM(V50:V53))-AA50 -> -0.16364803 | AC50: =K50-T50 -> 1.730237 | AD50: =+AM50+BA50 -> 10 | AE50: - Sheet Breaks (5x) | AF50: 10 | AM50: =SUM(AF50:AL50)+AT50+AV50+AX50 -> 10 | AR50: =SUM(AN50:AQ50) -> 0 | BA50: =+AR50+AS50+AU50+AW50+AY50+AZ50 -> 0 | BB50: 5
B51: Facial | C51: =(M51*E51*O51*Q51)/100000000 -> 10.111391 | D51: VP OW | E51: 12 | F51: 1 | G51: 1230 | H51: 0.23 | I51: 0.88 | J51: =E51*G51*(1-H51)*1440/1000000*2.74 -> 44.842533 | K51: =(IF(G51<L51,L51,G51)*(1-IF(H51<N51,H51,N51))*E51*O51*Q51)/100000000 -> 10.111391 | L51: 1230 | M51: 947.1 | N51: =1-(M51/L51) -> 0.23 | O51: =+'Trim Rwd'!H39 -> 264 | P51: =O51*(Q51-R51-S51) -> 85536 | Q51: 337 | R51: 0 | S51: 13 | T51: =E51*M51*O51*Q51/100000000 -> 10.111391 | U51: =E51*M51*O51*(Q51-R51-S51)/100000000 -> 9.7213375 | V51: =E51*G51*(1-N51)*O51/100*(R51+S51)/1000000 -> 0.39005366 | W51: =+'11'!K7/1000 -> 10.149 | Z51: =+'9'!D26/1000 -> 0 | AC51: =K51-T51 -> 0 | AD51: =+AM51+BA51 -> 0 | AE51: - Change Blade (0x) | AG51: 0 | AM51: =SUM(AF51:AL51)+AT51+AV51+AX51 -> 0 | AR51: =SUM(AN51:AQ51) -> 0 | BA51: =+AR51+AS51+AU51+AW51+AY51+AZ51 -> 0 | BC51: 0
AD52: =+AM52+BA52 -> 43 | AE52: - Change Spool (27x) | AH52: 43 | AM52: =SUM(AF52:AL52)+AT52+AV52+AX52 -> 43 | AR52: =SUM(AN52:AQ52) -> 0 | BA52: =+AR52+AS52+AU52+AW52+AY52+AZ52 -> 0
AD53: =+AM53+BA53 -> 100 | AE53: - 08.25, pm stop ,perbaikan wire di setrika by pak polo | AM53: =SUM(AF53:AL53)+AT53+AV53+AX53 -> 0 | AN53: 100 | AR53: =SUM(AN53:AQ53) -> 100 | BA53: =+AR53+AS53+AU53+AW53+AY53+AZ53 -> 100
A55: 45912 | B55: Facial | C55: =(M55*E55*O55*Q55)/100000000 -> 20.490624 | D55: VP OW | E55: 12 | F55: 1 | G55: 1230 | H55: 0.23 | I55: 0.88 | J55: =E55*G55*(1-H55)*1440/1000000*2.74 -> 44.842533 | K55: =(IF(G55<L55,L55,G55)*(1-IF(H55<N55,H55,N55))*E55*O55*Q55)/100000000 -> 20.552828 | L55: 1226.2774 | M55: 944.23358 | N55: =1-(M55/L55) -> 0.23 | O55: =+'Trim Rwd'!H41 -> 264 | P55: =O55*(Q55-R55-S55) -> 169224 | Q55: 685 | R55: 0 | S55: 44 | T55: =E55*M55*O55*Q55/100000000 -> 20.490624 | U55: =E55*M55*O55*(Q55-R55-S55)/100000000 -> 19.174438 | V55: =E55*G55*(1-N55)*O55/100*(R55+S55)/1000000 -> 1.3201816 | W55: =+'12'!K7/1000 -> 22.85 | X55: =SUM(W55:W58)/SUM(K55:K58) -> 0.88333889 | Y55: 0 | Z55: =+'11'!D30/1000 -> 0 | AA55: =SUM(U55:U58)-SUM(W55:W58)-SUM(Z55:Z58)-SUM(Y55:Y58) -> 2.018622 | AB55: =(SUM(K55:K58)-SUM(W55:W58)-SUM(Y55:Y58)-SUM(Z55:Z58)-SUM(AC55:AC58)-SUM(V55:V58))-AA55 -> 0.15135528 | AC55: =K55-T55 -> 0.06220368 | AD55: =+AM55+BA55 -> 33 | AE55: - Sheet Breaks (11x) | AF55: 33 | AM55: =SUM(AF55:AL55)+AT55+AV55+AX55 -> 33 | AR55: =SUM(AN55:AQ55) -> 0 | BA55: =+AR55+AS55+AU55+AW55+AY55+AZ55 -> 0 | BB55: 4
B56: Facial | C56: =(M56*E56*O56*Q56)/100000000 -> 12.432961 | D56: VP OW | E56: 13.5 | F56: 1 | G56: 1230 | H56: 0.22 | I56: 0.88 | J56: =E56*G56*(1-H56)*1440/1000000*2.74 -> 51.103017 | K56: =(IF(G56<L56,L56,G56)*(1-IF(H56<N56,H56,N56))*E56*O56*Q56)/100000000 -> 12.594428 | L56: 1230 | M56: 947.1 | N56: =1-(M56/L56) -> 0.23 | O56: =+'Trim Rwd'!H42 -> 260 | P56: =O56*(Q56-R56-S56) -> 92040 | Q56: 374 | R56: 0 | S56: 20 | T56: =E56*M56*O56*Q56/100000000 -> 12.432961 | U56: =E56*M56*O56*(Q56-R56-S56)/100000000 -> 11.768096 | V56: =E56*G56*(1-N56)*O56/100*(R56+S56)/1000000 -> 0.6648642 | W56: =+'12'!K12/1000 -> 11.625 | Z56: =+'9'!D31/1000 -> 0 | AC56: =K56-T56 -> 0.16146702 | AD56: =+AM56+BA56 -> 0 | AE56: - Change Blade (0x) | AG56: 0 | AM56: =SUM(AF56:AL56)+AT56+AV56+AX56 -> 0 | AR56: =SUM(AN56:AQ56) -> 0 | BA56: =+AR56+AS56+AU56+AW56+AY56+AZ56 -> 0 | BC56: 0
B57: Facial | C57: =(M57*E57*O57*Q57)/100000000 -> 11.962015 | D57: VP OW | E57: 13 | F57: 1 | G57: 1230 | H57: 0.22 | I57: 0.88 | J57: =E57*G57*(1-H57)*1440/1000000*2.74 -> 49.210312 | K57: =(IF(G57<L57,L57,G57)*(1-IF(H57<N57,H57,N57))*E57*O57*Q57)/100000000 -> 12.117366 | L57: 1230 | M57: 947.1 | N57: =1-(M57/L57) -> 0.23 | O57: =+'Trim Rwd'!H43 -> 255 | P57: =O57*(Q57-R57-S57) -> 92055 | Q57: 381 | R57: 0 | S57: 20 | T57: =E57*M57*O57*Q57/100000000 -> 11.962015 | U57: =E57*M57*O57*(Q57-R57-S57)/100000000 -> 11.334088 | V57: =E57*G57*(1-N57)*O57/100*(R57+S57)/1000000 -> 0.6279273 | W57: =+'12'!K8/1000 -> 5.509 | Z57: =+'12'!D26/1000 -> 0.274 | AD57: =+AM57+BA57 -> 51 | AE57: - Change Spool (28x) | AH57: 51 | AM57: =SUM(AF57:AL57)+AT57+AV57+AX57 -> 51 | AR57: =SUM(AN57:AQ57) -> 0 | BA57: =+AR57+AS57+AU57+AW57+AY57+AZ57 -> 0
A59: 45913 | B59: Facial | C59: =(M59*E59*O59*Q59)/100000000 -> 9.1049459 | D59: VP OW | E59: 13 | F59: 1 | G59: 1230 | H59: 0.22 | I59: 0.88 | J59: =E59*G59*(1-H59)*1440/1000000*2.74 -> 49.210312 | K59: =(IF(G59<L59,L59,G59)*(1-IF(H59<N59,H59,N59))*E59*O59*Q59)/100000000 -> 9.2231919 | L59: 1230 | M59: 947.1 | N59: =1-(M59/L59) -> 0.23 | O59: =+'Trim Rwd'!H45 -> 255 | P59: =O59*(Q59-R59-S59) -> 70890 | Q59: 290 | R59: 0 | S59: 12 | T59: =E59*M59*O59*Q59/100000000 -> 9.1049459 | U59: =E59*M59*O59*(Q59-R59-S59)/100000000 -> 8.7281895 | V59: =E59*G59*(1-N59)*O59/100*(R59+S59)/1000000 -> 0.37675638 | W59: =+'13'!K8/1000 -> 14.431 | X59: =SUM(W59:W62)/SUM(K59:K62) -> 1.3276666 | Y59: 0 | Z59: =+'13'!D7/1000 -> 0.185 | AA59: =SUM(U59:U62)-SUM(W59:W62)-SUM(Z59:Z62)-SUM(Y59:Y62) -> -5.725212 | AB59: =(SUM(K59:K62)-SUM(W59:W62)-SUM(Y59:Y62)-SUM(Z59:Z62)-SUM(AC59:AC62)-SUM(V59:V62))-AA59 -> 0 | AC59: =K59-T59 -> 0.11824605 | AD59: =+AM59+BA59 -> 0 | AE59: - Sheet Breaks (0x) | AF59: 0 | AM59: =SUM(AF59:AL59)+AT59+AV59+AX59 -> 0 | AR59: =SUM(AN59:AQ59) -> 0 | BA59: =+AR59+AS59+AU59+AW59+AY59+AZ59 -> 0 | BB59: 0
B60: Facial | C60: =(M60*E60*O60*Q60)/100000000 -> 4.8006605 | D60: VP OW | E60: 12 | F60: 1 | G60: 1230 | H60: 0.23 | I60: 0.88 | J60: =E60*G60*(1-H60)*1440/1000000*2.74 -> 44.842533 | K60: =(IF(G60<L60,L60,G60)*(1-IF(H60<N60,H60,N60))*E60*O60*Q60)/100000000 -> 4.8006605 | L60: 1230 | M60: 947.1 | N60: =1-(M60/L60) -> 0.23 | O60: =+'Trim Rwd'!H46 -> 264 | P60: =O60*(Q60-R60-S60) -> 38280 | Q60: =1150-990 -> 160 | R60: =990-990 -> 0 | S60: 15 | T60: =E60*M60*O60*Q60/100000000 -> 4.8006605 | U60: =E60*M60*O60*(Q60-R60-S60)/100000000 -> 4.3505986 | V60: =E60*G60*(1-N60)*O60/100*(R60+S60)/1000000 -> 0.45006192 | W60: =+'13'!K7/1000 -> 4.188 | Z60: 0 | AC60: =K60-T60 -> 0 | AD60: =+AM60+BA60 -> 12 | AE60: - Change Blade (3x) | AG60: 12 | AM60: =SUM(AF60:AL60)+AT60+AV60+AX60 -> 12 | AR60: =SUM(AN60:AQ60) -> 0 | BA60: =+AR60+AS60+AU60+AW60+AY60+AZ60 -> 0 | BC60: 3
AD61: =+AM61+BA61 -> 15 | AE61: - Change Spool (10x) | AH61: 15 | AM61: =SUM(AF61:AL61)+AT61+AV61+AX61 -> 15 | AR61: =SUM(AN61:AQ61) -> 0 | BA61: =+AR61+AS61+AU61+AW61+AY61+AZ61 -> 0
AD62: =+AM62+BA62 -> 0 | AE62: - 14:30 pm stop. Tidak ada order | AM62: =SUM(AF62:AL62)+AT62+AV62+AX62 -> 0 | AR62: =SUM(AN62:AQ62) -> 0 | AU62: =990-990 -> 0 | BA62: =+AR62+AS62+AU62+AW62+AY62+AZ62 -> 0
A64: 45914 | B64: STOP | C64: =(M64*E64*O64*Q64)/100000000 -> 0 | D64: VP OW | E64: 12 | F64: 1 | G64: 1230 | H64: 0.23 | I64: 0.88 | J64: =E64*G64*(1-H64)*1440/1000000*2.74 -> 44.842533 | K64: =(IF(G64<L64,L64,G64)*(1-IF(H64<N64,H64,N64))*E64*O64*Q64)/100000000 -> 0 | L64: 1230 | M64: 947.1 | N64: =1-(M64/L64) -> 0.23 | O64: =+'Trim Rwd'!H48 -> 264 | P64: =O64*(Q64-R64-S64) -> 0 | Q64: =1440-1440 -> 0 | R64: =1440-1440 -> 0 | S64: 0 | T64: =E64*M64*O64*Q64/100000000 -> 0 | U64: =E64*M64*O64*(Q64-R64-S64)/100000000 -> 0 | V64: =E64*G64*(1-N64)*O64/100*(R64+S64)/1000000 -> 0 | W64: 0 | X64: =SUM(W64:W67)/SUM(K64:K67) -> #DIV/0! | Y64: =+SUM(RBP!AG3:AG4) -> 0 | Z64: 0 | AA64: =SUM(U64:U67)-SUM(W64:W67)-SUM(Z64:Z67)-SUM(Y64:Y67) -> 0 | AB64: =(SUM(K64:K67)-SUM(W64:W67)-SUM(Y64:Y67)-SUM(Z64:Z67)-SUM(AC64:AC67)-SUM(V64:V67))-AA64 -> 0 | AC64: =K64-T64 -> 0 | AD64: =+AM64+BA64 -> 0 | AE64: - Sheet Breaks (0x) | AF64: 0 | AM64: =SUM(AF64:AL64)+AT64+AV64+AX64 -> 0 | AR64: =SUM(AN64:AQ64) -> 0 | BA64: =+AR64+AS64+AU64+AW64+AY64+AZ64 -> 0 | BB64: 0
W65: 0 | Z65: 0 | AC65: =K65-T65 -> 0 | AD65: =+AM65+BA65 -> 0 | AE65: - Change Blade (0x) | AG65: 0 | AM65: =SUM(AF65:AL65)+AT65+AV65+AX65 -> 0 | AR65: =SUM(AN65:AQ65) -> 0 | BA65: =+AR65+AS65+AU65+AW65+AY65+AZ65 -> 0 | BC65: 0
AD66: =+AM66+BA66 -> 0 | AE66: - Change Spool (0x) | AH66: 0 | AM66: =SUM(AF66:AL66)+AT66+AV66+AX66 -> 0 | AR66: =SUM(AN66:AQ66) -> 0 | BA66: =+AR66+AS66+AU66+AW66+AY66+AZ66 -> 0
AD67: =+AM67+BA67 -> 0 | AE67: - PM stop. Tidak ada order | AM67: =SUM(AF67:AL67)+AT67+AV67+AX67 -> 0 | AR67: =SUM(AN67:AQ67) -> 0 | AU67: =1440-1440 -> 0 | BA67: =+AR67+AS67+AU67+AW67+AY67+AZ67 -> 0
A69: 45915 | B69: STOP | C69: =(M69*E69*O69*Q69)/100000000 -> 0 | D69: VP OW | E69: 12 | F69: 1 | G69: 1230 | H69: 0.23 | I69: 0.88 | J69: =E69*G69*(1-H69)*1440/1000000*2.74 -> 44.842533 | K69: =(IF(G69<L69,L69,G69)*(1-IF(H69<N69,H69,N69))*E69*O69*Q69)/100000000 -> 0 | L69: 1230 | M69: 947.1 | N69: =1-(M69/L69) -> 0.23 | O69: =+'Trim Rwd'!H50 -> 264 | P69: =O69*(Q69-R69-S69) -> 0 | Q69: =1440-1440 -> 0 | R69: =1440-1440 -> 0 | S69: 0 | T69: =E69*M69*O69*Q69/100000000 -> 0 | U69: =E69*M69*O69*(Q69-R69-S69)/100000000 -> 0 | V69: =E69*G69*(1-N69)*O69/100*(R69+S69)/1000000 -> 0 | W69: 0 | X69: =SUM(W69:W72)/SUM(K69:K72) -> #DIV/0! | Y69: =+SUM(RBP!AG8:AG9) -> 0 | Z69: 0 | AA69: =SUM(U69:U72)-SUM(W69:W72)-SUM(Z69:Z72)-SUM(Y69:Y72) -> 0 | AB69: =(SUM(K69:K72)-SUM(W69:W72)-SUM(Y69:Y72)-SUM(Z69:Z72)-SUM(AC69:AC72)-SUM(V69:V72))-AA69 -> 0 | AC69: =K69-T69 -> 0 | AD69: =+AM69+BA69 -> 0 | AE69: - Sheet Breaks (0x) | AF69: 0 | AM69: =SUM(AF69:AL69)+AT69+AV69+AX69 -> 0 | AR69: =SUM(AN69:AQ69) -> 0 | BA69: =+AR69+AS69+AU69+AW69+AY69+AZ69 -> 0 | BB69: 0
W70: 0 | Z70: 0 | AC70: =K70-T70 -> 0 | AD70: =+AM70+BA70 -> 0 | AE70: - Change Blade (0x) | AG70: 0 | AM70: =SUM(AF70:AL70)+AT70+AV70+AX70 -> 0 | AR70: =SUM(AN70:AQ70) -> 0 | BA70: =+AR70+AS70+AU70+AW70+AY70+AZ70 -> 0 | BC70: 0
AD71: =+AM71+BA71 -> 0 | AE71: - Change Spool (0x) | AH71: 0 | AM71: =SUM(AF71:AL71)+AT71+AV71+AX71 -> 0 | AR71: =SUM(AN71:AQ71) -> 0 | BA71: =+AR71+AS71+AU71+AW71+AY71+AZ71 -> 0
AD72: =+AM72+BA72 -> 0 | AE72: - PM stop. Tidak ada order | AM72: =SUM(AF72:AL72)+AT72+AV72+AX72 -> 0 | AR72: =SUM(AN72:AQ72) -> 0 | AU72: =1440-1440 -> 0 | BA72: =+AR72+AS72+AU72+AW72+AY72+AZ72 -> 0
A74: 45916 | B74: STOP | C74: =(M74*E74*O74*Q74)/100000000 -> 0 | D74: VP OW | E74: 12 | F74: 1 | G74: 1230 | H74: 0.23 | I74: 0.88 | J74: =E74*G74*(1-H74)*1440/1000000*2.74 -> 44.842533 | K74: =(IF(G74<L74,L74,G74)*(1-IF(H74<N74,H74,N74))*E74*O74*Q74)/100000000 -> 0 | L74: 1230 | M74: 947.1 | N74: =1-(M74/L74) -> 0.23 | O74: =+'Trim Rwd'!H52 -> 264 | P74: =O74*(Q74-R74-S74) -> 0 | Q74: =1440-1440 -> 0 | R74: =1440-1440 -> 0 | S74: 0 | T74: =E74*M74*O74*Q74/100000000 -> 0 | U74: =E74*M74*O74*(Q74-R74-S74)/100000000 -> 0 | V74: =E74*G74*(1-N74)*O74/100*(R74+S74)/1000000 -> 0 | W74: 0 | X74: =SUM(W74:W77)/SUM(K74:K77) -> #DIV/0! | Y74: 0 | Z74: =+'16'!D7/1000 -> 0.69 | AA74: =SUM(U74:U77)-SUM(W74:W77)-SUM(Z74:Z77)-SUM(Y74:Y77) -> -0.69 | AB74: =(SUM(K74:K77)-SUM(W74:W77)-SUM(Y74:Y77)-SUM(Z74:Z77)-SUM(AC74:AC77)-SUM(V74:V77))-AA74 -> 0 | AC74: =K74-T74 -> 0 | AD74: =+AM74+BA74 -> 0 | AE74: - Sheet Breaks (0x) | AF74: 0 | AM74: =SUM(AF74:AL74)+AT74+AV74+AX74 -> 0 | AR74: =SUM(AN74:AQ74) -> 0 | BA74: =+AR74+AS74+AU74+AW74+AY74+AZ74 -> 0 | BB74: 0
W75: 0 | Z75: 0 | AC75: =K75-T75 -> 0 | AD75: =+AM75+BA75 -> 0 | AE75: - Change Blade (0x) | AG75: 0 | AM75: =SUM(AF75:AL75)+AT75+AV75+AX75 -> 0 | AR75: =SUM(AN75:AQ75) -> 0 | BA75: =+AR75+AS75+AU75+AW75+AY75+AZ75 -> 0 | BC75: 0
AD76: =+AM76+BA76 -> 0 | AE76: - Change Spool (0x) | AH76: 0 | AM76: =SUM(AF76:AL76)+AT76+AV76+AX76 -> 0 | AR76: =SUM(AN76:AQ76) -> 0 | BA76: =+AR76+AS76+AU76+AW76+AY76+AZ76 -> 0
AD77: =+AM77+BA77 -> 0 | AE77: - PM stop. Tidak ada order | AM77: =SUM(AF77:AL77)+AT77+AV77+AX77 -> 0 | AR77: =SUM(AN77:AQ77) -> 0 | AU77: =1440-1440 -> 0 | BA77: =+AR77+AS77+AU77+AW77+AY77+AZ77 -> 0
A79: 45917 | B79: STOP | C79: =(M79*E79*O79*Q79)/100000000 -> 0 | D79: VP OW | E79: 12 | F79: 1 | G79: 1230 | H79: 0.23 | I79: 0.88 | J79: =E79*G79*(1-H79)*1440/1000000*2.74 -> 44.842533 | K79: =(IF(G79<L79,L79,G79)*(1-IF(H79<N79,H79,N79))*E79*O79*Q79)/100000000 -> 0 | L79: 1230 | M79: 947.1 | N79: =1-(M79/L79) -> 0.23 | O79: =+'Trim Rwd'!H54 -> 264 | P79: =O79*(Q79-R79-S79) -> 0 | Q79: =1440-1440 -> 0 | R79: =1440-1440 -> 0 | S79: 0 | T79: =E79*M79*O79*Q79/100000000 -> 0 | U79: =E79*M79*O79*(Q79-R79-S79)/100000000 -> 0 | V79: =E79*G79*(1-N79)*O79/100*(R79+S79)/1000000 -> 0 | W79: 0 | X79: =SUM(W79:W82)/SUM(K79:K82) -> #DIV/0! | Y79: =+SUM(RBP!AG3:AG4) -> 0 | Z79: =+'17'!D34/1000 -> 0.98 | AA79: =SUM(U79:U82)-SUM(W79:W82)-SUM(Z79:Z82)-SUM(Y79:Y82) -> -0.98 | AB79: =(SUM(K79:K82)-SUM(W79:W82)-SUM(Y79:Y82)-SUM(Z79:Z82)-SUM(AC79:AC82)-SUM(V79:V82))-AA79 -> 0 | AC79: =K79-T79 -> 0 | AD79: =+AM79+BA79 -> 0 | AE79: - Sheet Breaks (0x) | AF79: 0 | AM79: =SUM(AF79:AL79)+AT79+AV79+AX79 -> 0 | AR79: =SUM(AN79:AQ79) -> 0 | BA79: =+AR79+AS79+AU79+AW79+AY79+AZ79 -> 0 | BB79: 0
W80: 0 | Z80: 0 | AC80: =K80-T80 -> 0 | AD80: =+AM80+BA80 -> 0 | AE80: - Change Blade (0x) | AG80: 0 | AM80: =SUM(AF80:AL80)+AT80+AV80+AX80 -> 0 | AR80: =SUM(AN80:AQ80) -> 0 | BA80: =+AR80+AS80+AU80+AW80+AY80+AZ80 -> 0 | BC80: 0
AD81: =+AM81+BA81 -> 0 | AE81: - Change Spool (0x) | AH81: 0 | AM81: =SUM(AF81:AL81)+AT81+AV81+AX81 -> 0 | AR81: =SUM(AN81:AQ81) -> 0 | BA81: =+AR81+AS81+AU81+AW81+AY81+AZ81 -> 0
AD82: =+AM82+BA82 -> 0 | AE82: - PM stop. Tidak ada order | AM82: =SUM(AF82:AL82)+AT82+AV82+AX82 -> 0 | AR82: =SUM(AN82:AQ82) -> 0 | AU82: =1440-1440 -> 0 | BA82: =+AR82+AS82+AU82+AW82+AY82+AZ82 -> 0
A84: 45918 | B84: STOP | C84: =(M84*E84*O84*Q84)/100000000 -> 0 | D84: VP OW | E84: 12 | F84: 1 | G84: 1230 | H84: 0.23 | I84: 0.88 | J84: =E84*G84*(1-H84)*1440/1000000*2.74 -> 44.842533 | K84: =(IF(G84<L84,L84,G84)*(1-IF(H84<N84,H84,N84))*E84*O84*Q84)/100000000 -> 0 | L84: 1230 | M84: 947.1 | N84: =1-(M84/L84) -> 0.23 | O84: =+'Trim Rwd'!H56 -> 264 | P84: =O84*(Q84-R84-S84) -> 0 | Q84: =1440-1440 -> 0 | R84: =1440-1440 -> 0 | S84: 0 | T84: =E84*M84*O84*Q84/100000000 -> 0 | U84: =E84*M84*O84*(Q84-R84-S84)/100000000 -> 0 | V84: =E84*G84*(1-N84)*O84/100*(R84+S84)/1000000 -> 0 | W84: 0 | X84: =SUM(W84:W87)/SUM(K84:K87) -> #DIV/0! | Y84: =+SUM(RBP!AG8:AG9) -> 0 | Z84: =+'18'!D7/1000 -> 0.2 | AA84: =SUM(U84:U87)-SUM(W84:W87)-SUM(Z84:Z87)-SUM(Y84:Y87) -> -0.2 | AB84: =(SUM(K84:K87)-SUM(W84:W87)-SUM(Y84:Y87)-SUM(Z84:Z87)-SUM(AC84:AC87)-SUM(V84:V87))-AA84 -> 0 | AC84: =K84-T84 -> 0 | AD84: =+AM84+BA84 -> 0 | AE84: - Sheet Breaks (0x) | AF84: 0 | AM84: =SUM(AF84:AL84)+AT84+AV84+AX84 -> 0 | AR84: =SUM(AN84:AQ84) -> 0 | BA84: =+AR84+AS84+AU84+AW84+AY84+AZ84 -> 0 | BB84: 0
W85: 0 | Z85: 0 | AC85: =K85-T85 -> 0 | AD85: =+AM85+BA85 -> 0 | AE85: - Change Blade (0x) | AG85: 0 | AM85: =SUM(AF85:AL85)+AT85+AV85+AX85 -> 0 | AR85: =SUM(AN85:AQ85) -> 0 | BA85: =+AR85+AS85+AU85+AW85+AY85+AZ85 -> 0 | BC85: 0
AD86: =+AM86+BA86 -> 0 | AE86: - Change Spool (0x) | AH86: 0 | AM86: =SUM(AF86:AL86)+AT86+AV86+AX86 -> 0 | AR86: =SUM(AN86:AQ86) -> 0 | BA86: =+AR86+AS86+AU86+AW86+AY86+AZ86 -> 0
AD87: =+AM87+BA87 -> 0 | AE87: - PM stop. Tidak ada order | AM87: =SUM(AF87:AL87)+AT87+AV87+AX87 -> 0 | AR87: =SUM(AN87:AQ87) -> 0 | AU87: =1440-1440 -> 0 | BA87: =+AR87+AS87+AU87+AW87+AY87+AZ87 -> 0
A89: 45919 | B89: STOP | C89: =(M89*E89*O89*Q89)/100000000 -> 0 | D89: VP OW | E89: 12 | F89: 1 | G89: 1230 | H89: 0.23 | I89: 0.88 | J89: =E89*G89*(1-H89)*1440/1000000*2.74 -> 44.842533 | K89: =(IF(G89<L89,L89,G89)*(1-IF(H89<N89,H89,N89))*E89*O89*Q89)/100000000 -> 0 | L89: 1230 | M89: 947.1 | N89: =1-(M89/L89) -> 0.23 | O89: =+'Trim Rwd'!H58 -> 264 | P89: =O89*(Q89-R89-S89) -> 0 | Q89: =1440-1440 -> 0 | R89: =1440-1440 -> 0 | S89: 0 | T89: =E89*M89*O89*Q89/100000000 -> 0 | U89: =E89*M89*O89*(Q89-R89-S89)/100000000 -> 0 | V89: =E89*G89*(1-N89)*O89/100*(R89+S89)/1000000 -> 0 | W89: 0 | X89: =SUM(W89:W92)/SUM(K89:K92) -> #DIV/0! | Y89: 0 | Z89: 0 | AA89: =SUM(U89:U92)-SUM(W89:W92)-SUM(Z89:Z92)-SUM(Y89:Y92) -> 0 | AB89: =(SUM(K89:K92)-SUM(W89:W92)-SUM(Y89:Y92)-SUM(Z89:Z92)-SUM(AC89:AC92)-SUM(V89:V92))-AA89 -> 0 | AC89: =K89-T89 -> 0 | AD89: =+AM89+BA89 -> 0 | AE89: - Sheet Breaks (0x) | AF89: 0 | AM89: =SUM(AF89:AL89)+AT89+AV89+AX89 -> 0 | AR89: =SUM(AN89:AQ89) -> 0 | BA89: =+AR89+AS89+AU89+AW89+AY89+AZ89 -> 0 | BB89: 0
W90: 0 | Z90: 0 | AC90: =K90-T90 -> 0 | AD90: =+AM90+BA90 -> 0 | AE90: - Change Blade (0x) | AG90: 0 | AM90: =SUM(AF90:AL90)+AT90+AV90+AX90 -> 0 | AR90: =SUM(AN90:AQ90) -> 0 | BA90: =+AR90+AS90+AU90+AW90+AY90+AZ90 -> 0 | BC90: 0
AD91: =+AM91+BA91 -> 0 | AE91: - Change Spool (0x) | AH91: 0 | AM91: =SUM(AF91:AL91)+AT91+AV91+AX91 -> 0 | AR91: =SUM(AN91:AQ91) -> 0 | BA91: =+AR91+AS91+AU91+AW91+AY91+AZ91 -> 0
AD92: =+AM92+BA92 -> 0 | AE92: - PM stop. Tidak ada order | AM92: =SUM(AF92:AL92)+AT92+AV92+AX92 -> 0 | AR92: =SUM(AN92:AQ92) -> 0 | AU92: =1440-1440 -> 0 | BA92: =+AR92+AS92+AU92+AW92+AY92+AZ92 -> 0
A94: 45920 | B94: STOP | C94: =(M94*E94*O94*Q94)/100000000 -> 0 | D94: VP OW | E94: 12 | F94: 1 | G94: 1230 | H94: 0.23 | I94: 0.88 | J94: =E94*G94*(1-H94)*1440/1000000*2.74 -> 44.842533 | K94: =(IF(G94<L94,L94,G94)*(1-IF(H94<N94,H94,N94))*E94*O94*Q94)/100000000 -> 0 | L94: 1230 | M94: 947.1 | N94: =1-(M94/L94) -> 0.23 | O94: =+'Trim Rwd'!H60 -> 264 | P94: =O94*(Q94-R94-S94) -> 0 | Q94: =1440-1440 -> 0 | R94: =1440-1440 -> 0 | S94: 0 | T94: =E94*M94*O94*Q94/100000000 -> 0 | U94: =E94*M94*O94*(Q94-R94-S94)/100000000 -> 0 | V94: =E94*G94*(1-N94)*O94/100*(R94+S94)/1000000 -> 0 | W94: 0 | X94: =SUM(W94:W97)/SUM(K94:K97) -> #DIV/0! | Y94: =+SUM(RBP!AG18:AG19) -> 0 | Z94: 0 | AA94: =SUM(U94:U97)-SUM(W94:W97)-SUM(Z94:Z97)-SUM(Y94:Y97) -> 0 | AB94: =(SUM(K94:K97)-SUM(W94:W97)-SUM(Y94:Y97)-SUM(Z94:Z97)-SUM(AC94:AC97)-SUM(V94:V97))-AA94 -> 0 | AC94: =K94-T94 -> 0 | AD94: =+AM94+BA94 -> 0 | AE94: - Sheet Breaks (0x) | AF94: 0 | AM94: =SUM(AF94:AL94)+AT94+AV94+AX94 -> 0 | AR94: =SUM(AN94:AQ94) -> 0 | BA94: =+AR94+AS94+AU94+AW94+AY94+AZ94 -> 0 | BB94: 0
W95: 0 | Z95: 0 | AC95: =K95-T95 -> 0 | AD95: =+AM95+BA95 -> 0 | AE95: - Change Blade (0x) | AG95: 0 | AM95: =SUM(AF95:AL95)+AT95+AV95+AX95 -> 0 | AR95: =SUM(AN95:AQ95) -> 0 | BA95: =+AR95+AS95+AU95+AW95+AY95+AZ95 -> 0 | BC95: 0
AD96: =+AM96+BA96 -> 0 | AE96: - Change Spool (0x) | AH96: 0 | AM96: =SUM(AF96:AL96)+AT96+AV96+AX96 -> 0 | AR96: =SUM(AN96:AQ96) -> 0 | BA96: =+AR96+AS96+AU96+AW96+AY96+AZ96 -> 0
AD97: =+AM97+BA97 -> 0 | AE97: - PM stop. Tidak ada order | AM97: =SUM(AF97:AL97)+AT97+AV97+AX97 -> 0 | AR97: =SUM(AN97:AQ97) -> 0 | AU97: =1440-1440 -> 0 | BA97: =+AR97+AS97+AU97+AW97+AY97+AZ97 -> 0
A99: 45921 | B99: STOP | C99: =(M99*E99*O99*Q99)/100000000 -> 0 | D99: VP OW | E99: 12 | F99: 1 | G99: 1230 | H99: 0.23 | I99: 0.88 | J99: =E99*G99*(1-H99)*1440/1000000*2.74 -> 44.842533 | K99: =(IF(G99<L99,L99,G99)*(1-IF(H99<N99,H99,N99))*E99*O99*Q99)/100000000 -> 0 | L99: 1230 | M99: 947.1 | N99: =1-(M99/L99) -> 0.23 | O99: =+'Trim Rwd'!H62 -> 264 | P99: =O99*(Q99-R99-S99) -> 0 | Q99: =1440-1440 -> 0 | R99: =1440-1440 -> 0 | S99: 0 | T99: =E99*M99*O99*Q99/100000000 -> 0 | U99: =E99*M99*O99*(Q99-R99-S99)/100000000 -> 0 | V99: =E99*G99*(1-N99)*O99/100*(R99+S99)/1000000 -> 0 | W99: 0 | X99: =SUM(W99:W102)/SUM(K99:K102) -> #DIV/0! | Y99: =+SUM(RBP!AG23:AG24) -> 0 | Z99: 0 | AA99: =SUM(U99:U102)-SUM(W99:W102)-SUM(Z99:Z102)-SUM(Y99:Y102) -> 0 | AB99: =(SUM(K99:K102)-SUM(W99:W102)-SUM(Y99:Y102)-SUM(Z99:Z102)-SUM(AC99:AC102)-SUM(V99:V102))-AA99 -> 0 | AC99: =K99-T99 -> 0 | AD99: =+AM99+BA99 -> 0 | AE99: - Sheet Breaks (0x) | AF99: 0 | AM99: =SUM(AF99:AL99)+AT99+AV99+AX99 -> 0 | AR99: =SUM(AN99:AQ99) -> 0 | BA99: =+AR99+AS99+AU99+AW99+AY99+AZ99 -> 0 | BB99: 0
W100: 0 | Z100: 0 | AC100: =K100-T100 -> 0 | AD100: =+AM100+BA100 -> 0 | AE100: - Change Blade (0x) | AG100: 0 | AM100: =SUM(AF100:AL100)+AT100+AV100+AX100 -> 0 | AR100: =SUM(AN100:AQ100) -> 0 | BA100: =+AR100+AS100+AU100+AW100+AY100+AZ100 -> 0 | BC100: 0
AD101: =+AM101+BA101 -> 0 | AE101: - Change Spool (0x) | AH101: 0 | AM101: =SUM(AF101:AL101)+AT101+AV101+AX101 -> 0 | AR101: =SUM(AN101:AQ101) -> 0 | BA101: =+AR101+AS101+AU101+AW101+AY101+AZ101 -> 0
AD102: =+AM102+BA102 -> 0 | AE102: - PM stop. Tidak ada order | AM102: =SUM(AF102:AL102)+AT102+AV102+AX102 -> 0 | AR102: =SUM(AN102:AQ102) -> 0 | AU102: =1440-1440 -> 0 | BA102: =+AR102+AS102+AU102+AW102+AY102+AZ102 -> 0
A104: 45922 | B104: STOP | C104: =(M104*E104*O104*Q104)/100000000 -> 0 | D104: VP OW | E104: 12 | F104: 1 | G104: 1230 | H104: 0.23 | I104: 0.88 | J104: =E104*G104*(1-H104)*1440/1000000*2.74 -> 44.842533 | K104: =(IF(G104<L104,L104,G104)*(1-IF(H104<N104,H104,N104))*E104*O104*Q104)/100000000 -> 0 | L104: 1230 | M104: 947.1 | N104: =1-(M104/L104) -> 0.23 | O104: =+'Trim Rwd'!H64 -> 264 | P104: =O104*(Q104-R104-S104) -> 0 | Q104: =1440-1440 -> 0 | R104: =1440-1440 -> 0 | S104: 0 | T104: =E104*M104*O104*Q104/100000000 -> 0 | U104: =E104*M104*O104*(Q104-R104-S104)/100000000 -> 0 | V104: =E104*G104*(1-N104)*O104/100*(R104+S104)/1000000 -> 0 | W104: 0 | X104: =SUM(W104:W107)/SUM(K104:K107) -> #DIV/0! | Y104: =+SUM(RBP!AG3:AG4) -> 0 | Z104: 0 | AA104: =SUM(U104:U107)-SUM(W104:W107)-SUM(Z104:Z107)-SUM(Y104:Y107) -> 0 | AB104: =(SUM(K104:K107)-SUM(W104:W107)-SUM(Y104:Y107)-SUM(Z104:Z107)-SUM(AC104:AC107)-SUM(V104:V107))-AA104 -> 0 | AC104: =K104-T104 -> 0 | AD104: =+AM104+BA104 -> 0 | AE104: - Sheet Breaks (0x) | AF104: 0 | AM104: =SUM(AF104:AL104)+AT104+AV104+AX104 -> 0 | AR104: =SUM(AN104:AQ104) -> 0 | BA104: =+AR104+AS104+AU104+AW104+AY104+AZ104 -> 0 | BB104: 0
W105: 0 | Z105: 0 | AC105: =K105-T105 -> 0 | AD105: =+AM105+BA105 -> 0 | AE105: - Change Blade (0x) | AG105: 0 | AM105: =SUM(AF105:AL105)+AT105+AV105+AX105 -> 0 | AR105: =SUM(AN105:AQ105) -> 0 | BA105: =+AR105+AS105+AU105+AW105+AY105+AZ105 -> 0 | BC105: 0
AD106: =+AM106+BA106 -> 0 | AE106: - Change Spool (0x) | AH106: 0 | AM106: =SUM(AF106:AL106)+AT106+AV106+AX106 -> 0 | AR106: =SUM(AN106:AQ106) -> 0 | BA106: =+AR106+AS106+AU106+AW106+AY106+AZ106 -> 0
AD107: =+AM107+BA107 -> 0 | AE107: - PM stop. Tidak ada order | AM107: =SUM(AF107:AL107)+AT107+AV107+AX107 -> 0 | AR107: =SUM(AN107:AQ107) -> 0 | AU107: =1440-1440 -> 0 | BA107: =+AR107+AS107+AU107+AW107+AY107+AZ107 -> 0
A109: 45923 | B109: STOP | C109: =(M109*E109*O109*Q109)/100000000 -> 0 | D109: VP OW | E109: 12 | F109: 1 | G109: 1230 | H109: 0.23 | I109: 0.88 | J109: =E109*G109*(1-H109)*1440/1000000*2.74 -> 44.842533 | K109: =(IF(G109<L109,L109,G109)*(1-IF(H109<N109,H109,N109))*E109*O109*Q109)/100000000 -> 0 | L109: 1230 | M109: 947.1 | N109: =1-(M109/L109) -> 0.23 | O109: =+'Trim Rwd'!H66 -> 264 | P109: =O109*(Q109-R109-S109) -> 0 | Q109: =1440-1440 -> 0 | R109: =1440-1440 -> 0 | S109: 0 | T109: =E109*M109*O109*Q109/100000000 -> 0 | U109: =E109*M109*O109*(Q109-R109-S109)/100000000 -> 0 | V109: =E109*G109*(1-N109)*O109/100*(R109+S109)/1000000 -> 0 | W109: 0 | X109: =SUM(W109:W112)/SUM(K109:K112) -> #DIV/0! | Y109: =+SUM(RBP!AG8:AG9) -> 0 | Z109: 0 | AA109: =SUM(U109:U112)-SUM(W109:W112)-SUM(Z109:Z112)-SUM(Y109:Y112) -> 0 | AB109: =(SUM(K109:K112)-SUM(W109:W112)-SUM(Y109:Y112)-SUM(Z109:Z112)-SUM(AC109:AC112)-SUM(V109:V112))-AA109 -> 0 | AC109: =K109-T109 -> 0 | AD109: =+AM109+BA109 -> 0 | AE109: - Sheet Breaks (0x) | AF109: 0 | AM109: =SUM(AF109:AL109)+AT109+AV109+AX109 -> 0 | AR109: =SUM(AN109:AQ109) -> 0 | BA109: =+AR109+AS109+AU109+AW109+AY109+AZ109 -> 0 | BB109: 0
W110: 0 | Z110: 0 | AC110: =K110-T110 -> 0 | AD110: =+AM110+BA110 -> 0 | AE110: - Change Blade (0x) | AG110: 0 | AM110: =SUM(AF110:AL110)+AT110+AV110+AX110 -> 0 | AR110: =SUM(AN110:AQ110) -> 0 | BA110: =+AR110+AS110+AU110+AW110+AY110+AZ110 -> 0 | BC110: 0
AD111: =+AM111+BA111 -> 0 | AE111: - Change Spool (0x) | AH111: 0 | AM111: =SUM(AF111:AL111)+AT111+AV111+AX111 -> 0 | AR111: =SUM(AN111:AQ111) -> 0 | BA111: =+AR111+AS111+AU111+AW111+AY111+AZ111 -> 0
AD112: =+AM112+BA112 -> 0 | AE112: - PM stop. Tidak ada order | AM112: =SUM(AF112:AL112)+AT112+AV112+AX112 -> 0 | AR112: =SUM(AN112:AQ112) -> 0 | AU112: =1440-1440 -> 0 | BA112: =+AR112+AS112+AU112+AW112+AY112+AZ112 -> 0
A114: 45924 | B114: STOP | C114: =(M114*E114*O114*Q114)/100000000 -> 0 | D114: VP OW | E114: 12 | F114: 1 | G114: 1230 | H114: 0.23 | I114: 0.88 | J114: =E114*G114*(1-H114)*1440/1000000*2.74 -> 44.842533 | K114: =(IF(G114<L114,L114,G114)*(1-IF(H114<N114,H114,N114))*E114*O114*Q114)/100000000 -> 0 | L114: 1230 | M114: 947.1 | N114: =1-(M114/L114) -> 0.23 | O114: =+'Trim Rwd'!H68 -> 264 | P114: =O114*(Q114-R114-S114) -> 0 | Q114: =1440-1440 -> 0 | R114: =1440-1440 -> 0 | S114: 0 | T114: =E114*M114*O114*Q114/100000000 -> 0 | U114: =E114*M114*O114*(Q114-R114-S114)/100000000 -> 0 | V114: =E114*G114*(1-N114)*O114/100*(R114+S114)/1000000 -> 0 | W114: 0 | X114: =SUM(W114:W117)/SUM(K114:K117) -> #DIV/0! | Y114: 0 | Z114: 0 | AA114: =SUM(U114:U117)-SUM(W114:W117)-SUM(Z114:Z117)-SUM(Y114:Y117) -> 0 | AB114: =(SUM(K114:K117)-SUM(W114:W117)-SUM(Y114:Y117)-SUM(Z114:Z117)-SUM(AC114:AC117)-SUM(V114:V117))-AA114 -> 0 | AC114: =K114-T114 -> 0 | AD114: =+AM114+BA114 -> 0 | AE114: - Sheet Breaks (0x) | AF114: 0 | AM114: =SUM(AF114:AL114)+AT114+AV114+AX114 -> 0 | AR114: =SUM(AN114:AQ114) -> 0 | BA114: =+AR114+AS114+AU114+AW114+AY114+AZ114 -> 0 | BB114: 0
W115: 0 | Z115: 0 | AC115: =K115-T115 -> 0 | AD115: =+AM115+BA115 -> 0 | AE115: - Change Blade (0x) | AG115: 0 | AM115: =SUM(AF115:AL115)+AT115+AV115+AX115 -> 0 | AR115: =SUM(AN115:AQ115) -> 0 | BA115: =+AR115+AS115+AU115+AW115+AY115+AZ115 -> 0 | BC115: 0
AD116: =+AM116+BA116 -> 0 | AE116: - Change Spool (0x) | AH116: 0 | AM116: =SUM(AF116:AL116)+AT116+AV116+AX116 -> 0 | AR116: =SUM(AN116:AQ116) -> 0 | BA116: =+AR116+AS116+AU116+AW116+AY116+AZ116 -> 0
AD117: =+AM117+BA117 -> 0 | AE117: - PM stop. Tidak ada order | AM117: =SUM(AF117:AL117)+AT117+AV117+AX117 -> 0 | AR117: =SUM(AN117:AQ117) -> 0 | AU117: =1440-1440 -> 0 | BA117: =+AR117+AS117+AU117+AW117+AY117+AZ117 -> 0
A119: 45925 | B119: STOP | C119: =(M119*E119*O119*Q119)/100000000 -> 0 | D119: VP OW | E119: 12 | F119: 1 | G119: 1230 | H119: 0.23 | I119: 0.88 | J119: =E119*G119*(1-H119)*1440/1000000*2.74 -> 44.842533 | K119: =(IF(G119<L119,L119,G119)*(1-IF(H119<N119,H119,N119))*E119*O119*Q119)/100000000 -> 0 | L119: 1230 | M119: 947.1 | N119: =1-(M119/L119) -> 0.23 | O119: =+'Trim Rwd'!H70 -> 264 | P119: =O119*(Q119-R119-S119) -> 0 | Q119: =1440-1440 -> 0 | R119: =1440-1440 -> 0 | S119: 0 | T119: =E119*M119*O119*Q119/100000000 -> 0 | U119: =E119*M119*O119*(Q119-R119-S119)/100000000 -> 0 | V119: =E119*G119*(1-N119)*O119/100*(R119+S119)/1000000 -> 0 | W119: 0 | X119: =SUM(W119:W122)/SUM(K119:K122) -> #DIV/0! | Y119: =+SUM(RBP!AG18:AG19) -> 0 | Z119: 0 | AA119: =SUM(U119:U122)-SUM(W119:W122)-SUM(Z119:Z122)-SUM(Y119:Y122) -> 0 | AB119: =(SUM(K119:K122)-SUM(W119:W122)-SUM(Y119:Y122)-SUM(Z119:Z122)-SUM(AC119:AC122)-SUM(V119:V122))-AA119 -> 0 | AC119: =K119-T119 -> 0 | AD119: =+AM119+BA119 -> 0 | AE119: - Sheet Breaks (0x) | AF119: 0 | AM119: =SUM(AF119:AL119)+AT119+AV119+AX119 -> 0 | AR119: =SUM(AN119:AQ119) -> 0 | BA119: =+AR119+AS119+AU119+AW119+AY119+AZ119 -> 0 | BB119: 0
W120: 0 | Z120: 0 | AC120: =K120-T120 -> 0 | AD120: =+AM120+BA120 -> 0 | AE120: - Change Blade (0x) | AG120: 0 | AM120: =SUM(AF120:AL120)+AT120+AV120+AX120 -> 0 | AR120: =SUM(AN120:AQ120) -> 0 | BA120: =+AR120+AS120+AU120+AW120+AY120+AZ120 -> 0 | BC120: 0
AD121: =+AM121+BA121 -> 0 | AE121: - Change Spool (0x) | AH121: 0 | AM121: =SUM(AF121:AL121)+AT121+AV121+AX121 -> 0 | AR121: =SUM(AN121:AQ121) -> 0 | BA121: =+AR121+AS121+AU121+AW121+AY121+AZ121 -> 0
AD122: =+AM122+BA122 -> 0 | AE122: - PM stop. Tidak ada order | AM122: =SUM(AF122:AL122)+AT122+AV122+AX122 -> 0 | AR122: =SUM(AN122:AQ122) -> 0 | AU122: =1440-1440 -> 0 | BA122: =+AR122+AS122+AU122+AW122+AY122+AZ122 -> 0
A124: 45926 | B124: STOP | C124: =(M124*E124*O124*Q124)/100000000 -> 0 | D124: VP OW | E124: 12 | F124: 1 | G124: 1230 | H124: 0.23 | I124: 0.88 | J124: =E124*G124*(1-H124)*1440/1000000*2.74 -> 44.842533 | K124: =(IF(G124<L124,L124,G124)*(1-IF(H124<N124,H124,N124))*E124*O124*Q124)/100000000 -> 0 | L124: 1230 | M124: 947.1 | N124: =1-(M124/L124) -> 0.23 | O124: =+'Trim Rwd'!H72 -> 264 | P124: =O124*(Q124-R124-S124) -> 0 | Q124: =1440-1440 -> 0 | R124: =1440-1440 -> 0 | S124: 0 | T124: =E124*M124*O124*Q124/100000000 -> 0 | U124: =E124*M124*O124*(Q124-R124-S124)/100000000 -> 0 | V124: =E124*G124*(1-N124)*O124/100*(R124+S124)/1000000 -> 0 | W124: 0 | X124: =SUM(W124:W127)/SUM(K124:K127) -> #DIV/0! | Y124: =+SUM(RBP!AG23:AG24) -> 0 | Z124: 0 | AA124: =SUM(U124:U127)-SUM(W124:W127)-SUM(Z124:Z127)-SUM(Y124:Y127) -> 0 | AB124: =(SUM(K124:K127)-SUM(W124:W127)-SUM(Y124:Y127)-SUM(Z124:Z127)-SUM(AC124:AC127)-SUM(V124:V127))-AA124 -> 0 | AC124: =K124-T124 -> 0 | AD124: =+AM124+BA124 -> 0 | AE124: - Sheet Breaks (0x) | AF124: 0 | AM124: =SUM(AF124:AL124)+AT124+AV124+AX124 -> 0 | AR124: =SUM(AN124:AQ124) -> 0 | BA124: =+AR124+AS124+AU124+AW124+AY124+AZ124 -> 0 | BB124: 0
W125: 0 | Z125: 0 | AC125: =K125-T125 -> 0 | AD125: =+AM125+BA125 -> 0 | AE125: - Change Blade (0x) | AG125: 0 | AM125: =SUM(AF125:AL125)+AT125+AV125+AX125 -> 0 | AR125: =SUM(AN125:AQ125) -> 0 | BA125: =+AR125+AS125+AU125+AW125+AY125+AZ125 -> 0 | BC125: 0
AD126: =+AM126+BA126 -> 0 | AE126: - Change Spool (0x) | AH126: 0 | AM126: =SUM(AF126:AL126)+AT126+AV126+AX126 -> 0 | AR126: =SUM(AN126:AQ126) -> 0 | BA126: =+AR126+AS126+AU126+AW126+AY126+AZ126 -> 0
...

Sheet Chem
A4: CHEMICAL DAILY REPORT PM 14
F5: Paper Mill's Chemicals | GD5: Deinking's Chemicals | KT5: Paper mill's Chemicals | KU5: Deinking's Chemicals
A6: DATE | B6: GRADE | C6: GSM | D6: REEL PROD (TON) | E6: REW PROD (TON) | F6: AMIBOND DS 947 | I6: AMIBOND WS 418 | L6: WSR RESIN P-5500 | O6: AMICIDE BX 9127 | R6: AMICIDE BX 9160 | U6: AMICIDE BX 9193 | X6: AMICIDE BX 9226 | AA6: AMICIDE BX 9347 | AD6: AMICLEAN AP 1797 | AG6: AMICLEAN AP 1817 | AJ6: AMICLEAN AP 2048 | AM6: AMICOAT TC 6101 | AP6: AMICOAT TC 6218 | AS6: AMICOAT TC 6407 | AV6: AMICOAT TM 6123 | AY6: AMICOAT TR 6112 | BB6: AMICOAT TR 6113 | BE6: AMICOAT TR 6159 | BH6: AMICOAT TR 6248 | BK6: AMIFLOC 737 | BN6: AMIPAC AP 8511 | BQ6: AMISOFT 6538 | BT6: AMISPERSE AP 8826 | BW6: ANEDIR BLUE 2R LIQ | BZ6: CAUSTIC SODA CAIR 48% | CC6: DEKATOGEN SDC-60 | CF6: FENNOPOL K 9952 | CI6: HIDROGEN PEROXIDE | CL6: INDOSIZE CR 835 | CO6: KAPORIT 60% | CR6: KAPORIT 65% | CU6: NGR 900 | CX6: NGR MULTIPAC 120 | DA6: PAC - 280SP | DD6: PAPYRASE LIL | DG6: PERGASOL VIOLET BN LIQ | DJ6: PEWARNA MAKANAN PINK | DM6: SODIUM TIO SULPHATE | DP6: SOLSA SPRAY 550 | DS6: SUCOLITE SP 210 | DV6: TCCA POWDER | DY6: XYLENE | EB6: EPOSTRONG | EE6: SODIUM HYPOCHLORID | EH6: Detac DC779F | EK6: CHEMZYME CL | GD6: PAPYRASE IL | GG6: DEKAINK | GJ6: DI 370/DKF 250 | GM6: ELTEXIN | GP6: ELTEBRIGHT BL 1000 | GS6: SOLMIX L40 | GV6: CHEMBRIGHT C LIQUID | GY6: K-Bright Liquid | HB6: CAUSTIC SODA CAIR 48% | HE6: TCCA POWDER | HH6: SUCOLITE SP 210 | HK6: AMIPAC AP 8511 | HN6: NGR 200 | HQ6: NGR 900 | HT6: ANEDIR YELLOW BKL | HW6: ANEDIR RED BKL | HZ6: ANEDIR BLACK L LIQ | IC6: ANEDIR BROWN CC-04 LIQ | IF6: Anedir Brown cc-03 | II6: FENNOPOL K 9952 | IL6: KAPORIT 60% | IO6: KAPORIT 65% | IR6: DEKATOGEN SDC-60 | IU6: DEKAWET NA30 | IX6: PAC - 280SP | JA6: Burstrong Fixing Agent | JD6: DI N40 | JG6: CHROMACLEAR | JJ6: DFR 810S
F7: Pemakaian | H7: Price | I7: Pemakaian | K7: Price | L7: Pemakaian | N7: Price | O7: Pemakaian | Q7: Price | R7: Pemakaian | T7: Price | U7: Pemakaian | W7: Price | X7: Pemakaian | Z7: Price | AA7: Pemakaian | AC7: Price | AD7: Pemakaian | AF7: Price | AG7: Pemakaian | AI7: Price | AJ7: Pemakaian | AL7: Price | AM7: Pemakaian | AO7: Price | AP7: Pemakaian | AR7: Price | AS7: Pemakaian | AU7: Price | AV7: Pemakaian | AX7: Price | AY7: Pemakaian | BA7: Price | BB7: Pemakaian | BD7: Price | BE7: Pemakaian | BG7: Price | BH7: Pemakaian | BJ7: Price | BK7: Pemakaian | BM7: Price | BN7: Pemakaian | BP7: Price | BQ7: Pemakaian | BS7: Price | BT7: Pemakaian | BV7: Price | BW7: Pemakaian | BY7: Price | BZ7: Pemakaian | CB7: Price | CC7: Pemakaian | CE7: Price | CF7: Pemakaian | CH7: Price | CI7: Pemakaian | CK7: Price | CL7: Pemakaian | CN7: Price | CO7: Pemakaian | CQ7: Price | CR7: Pemakaian | CT7: Price | CU7: Pemakaian | CW7: Price | CX7: Pemakaian | CZ7: Price | DA7: Pemakaian | DC7: Price | DD7: Pemakaian | DF7: Price | DG7: Pemakaian | DI7: Price | DJ7: Pemakaian | DL7: Price | DM7: Pemakaian | DO7: Price | DP7: Pemakaian | DR7: Price | DS7: Pemakaian | DU7: Price | DV7: Pemakaian | DX7: Price | DY7: Pemakaian | EA7: Price | EB7: Pemakaian | ED7: Price | EE7: Pemakaian | EG7: Price | EH7: Pemakaian | EJ7: Price | EK7: Pemakaian | EM7: Price | EN7: Pemakaian | EP7: Price | EQ7: Pemakaian | ES7: Price | ET7: Pemakaian | EV7: Price | EW7: Pemakaian | EY7: Price | EZ7: Pemakaian | FB7: Price | FC7: Pemakaian | FE7: Price | FF7: Pemakaian | FH7: Price | FI7: Pemakaian | FK7: Price | FL7: Pemakaian | FN7: Price | FO7: Pemakaian | FQ7: Price | FR7: Pemakaian | FT7: Price | FU7: Pemakaian | FW7: Price | FX7: Pemakaian | FZ7: Price | GA7: Pemakaian | GC7: Price | GD7: Pemakaian | GF7: Price | GG7: Pemakaian | GI7: Price | GJ7: Pemakaian | GL7: Price | GM7: Pemakaian | GO7: Price | GP7: Pemakaian | GR7: Price | GS7: Pemakaian | GU7: Price | GV7: Pemakaian | GX7: Price | GY7: Pemakaian | HA7: Price | HB7: Pemakaian | HD7: Price | HE7: Pemakaian | HG7: Price | HH7: Pemakaian | HJ7: Price | HK7: Pemakaian | HM7: Price | HN7: Pemakaian | HP7: Price | HQ7: Pemakaian | HS7: Price | HT7: Pemakaian | HV7: Price | HW7: Pemakaian | HY7: Price | HZ7: Pemakaian | IB7: Price | IC7: Pemakaian | IE7: Price | IF7: Pemakaian | IH7: Price | II7: Pemakaian | IK7: Price | IL7: Pemakaian | IN7: Price | IO7: Pemakaian | IQ7: Price | IR7: Pemakaian | IT7: Price | IU7: Pemakaian | IW7: Price | IX7: Pemakaian | IZ7: Price | JA7: Pemakaian | JC7: Price | JD7: Pemakaian | JF7: Price | JG7: Pemakaian | JI7: Price | JJ7: Pemakaian | JL7: Price | JM7: Pemakaian | JO7: Price | JP7: Pemakaian | JR7: Price | JS7: Pemakaian | JU7: Price | JV7: Pemakaian | JX7: Price | JY7: Pemakaian | KA7: Price | KB7: Pemakaian | KD7: Price | KE7: Pemakaian | KG7: Price | KH7: Pemakaian | KJ7: Price | KK7: Pemakaian | KM7: Price | KN7: Pemakaian | KP7: Price | KQ7: Pemakaian | KS7: Price
F8: Qty | G8: Kg/ton | I8: Qty | J8: Kg/ton | L8: Qty | M8: Kg/ton | O8: Qty | P8: Kg/ton | R8: Qty | S8: Kg/ton | U8: Qty | V8: Kg/ton | X8: Qty | Y8: Kg/ton | AA8: Qty | AB8: Kg/ton | AD8: Qty | AE8: Kg/ton | AG8: Qty | AH8: Kg/ton | AJ8: Qty | AK8: Kg/ton | AM8: Qty | AN8: Kg/ton | AP8: Qty | AQ8: Kg/ton | AS8: Qty | AT8: Kg/ton | AV8: Qty | AW8: Kg/ton | AY8: Qty | AZ8: Kg/ton | BB8: Qty | BC8: Kg/ton | BE8: Qty | BF8: Kg/ton | BH8: Qty | BI8: Kg/ton | BK8: Qty | BL8: Kg/ton | BN8: Qty | BO8: Kg/ton | BQ8: Qty | BR8: Kg/ton | BT8: Qty | BU8: Kg/ton | BW8: Qty | BX8: Kg/ton | BZ8: Qty | CA8: Kg/ton | CC8: Qty | CD8: Kg/ton | CF8: Qty | CG8: Kg/ton | CI8: Qty | CJ8: Kg/ton | CL8: Qty | CM8: Kg/ton | CO8: Qty | CP8: Kg/ton | CR8: Qty | CS8: Kg/ton | CU8: Qty | CV8: Kg/ton | CX8: Qty | CY8: Kg/ton | DA8: Qty | DB8: Kg/ton | DD8: Qty | DE8: Kg/ton | DG8: Qty | DH8: Kg/ton | DJ8: Qty | DK8: Kg/ton | DM8: Qty | DN8: Kg/ton | DP8: Qty | DQ8: Kg/ton | DS8: Qty | DT8: Kg/ton | DV8: Qty | DW8: Kg/ton | DY8: Qty | DZ8: Kg/ton | EB8: Qty | EC8: Kg/ton | EE8: Qty | EF8: Kg/ton | EH8: Qty | EI8: Kg/ton | EK8: Qty | EL8: Kg/ton | EN8: Qty | EO8: Kg/ton | EQ8: Qty | ER8: Kg/ton | ET8: Qty | EU8: Kg/ton | EW8: Qty | EX8: Kg/ton | EZ8: Qty | FA8: Kg/ton | FC8: Qty | FD8: Kg/ton | FF8: Qty | FG8: Kg/ton | FI8: Qty | FJ8: Kg/ton | FL8: Qty | FM8: Kg/ton | FO8: Qty | FP8: Kg/ton | FR8: Qty | FS8: Kg/ton | FU8: Qty | FV8: Kg/ton | FX8: Qty | FY8: Kg/ton | GA8: Qty | GB8: Kg/ton | GD8: Qty | GE8: Kg/ton | GG8: Qty | GH8: Kg/ton | GJ8: Qty | GK8: Kg/ton | GM8: Qty | GN8: Kg/ton | GP8: Qty | GQ8: Kg/ton | GS8: Qty | GT8: Kg/ton | GV8: Qty | GW8: Kg/ton | GY8: Qty | GZ8: Kg/ton | HB8: Qty | HC8: Kg/ton | HE8: Qty | HF8: Kg/ton | HH8: Qty | HI8: Kg/ton | HK8: Qty | HL8: Kg/ton | HN8: Qty | HO8: Kg/ton | HQ8: Qty | HR8: Kg/ton | HT8: Qty | HU8: Kg/ton | HW8: Qty | HX8: Kg/ton | HZ8: Qty | IA8: Kg/ton | IC8: Qty | ID8: Kg/ton | IF8: Qty | IG8: Kg/ton | II8: Qty | IJ8: Kg/ton | IL8: Qty | IM8: Kg/ton | IO8: Qty | IP8: Kg/ton | IR8: Qty | IS8: Kg/ton | IU8: Qty | IV8: Kg/ton | IX8: Qty | IY8: Kg/ton | JA8: Qty | JB8: Kg/ton | JD8: Qty | JE8: Kg/ton | JG8: Qty | JH8: Kg/ton | JJ8: Qty | JK8: Kg/ton | JL8: 0 | JM8: Qty | JN8: Kg/ton | JO8: 0 | JP8: Qty | JQ8: Kg/ton | JR8: 0 | JS8: Qty | JT8: Kg/ton | JU8: 0 | JV8: Qty | JW8: Kg/ton | JX8: 0 | JY8: Qty | JZ8: Kg/ton | KA8: 0 | KB8: Qty | KC8: Kg/ton | KD8: 0 | KE8: Qty | KF8: Kg/ton | KG8: 0 | KH8: Qty | KI8: Kg/ton | KJ8: 0 | KK8: Qty | KL8: Kg/ton | KM8: 0 | KN8: Qty | KO8: Kg/ton | KP8: 0 | KQ8: Qty | KR8: Kg/ton | KS8: 0
A9: =+Report1!A9 -> 45901 | B9: =+Report1!B9 -> Facial | C9: =+Report1!C9 -> 12 | D9: =+Report1!P9 -> 40.056 | E9: =+Report1!R9 -> 41.482 | G9: =+F9/$E9 -> 0 | H9: =+F9*$H$8 -> 0 | I9: 209.29957 | J9: =+I9/$E9 -> 5.0455515 | K9: =+I9*$H$8 -> 0 | M9: =+L9/$E9 -> 0 | N9: =+L9*$H$8 -> 0 | O9: 5.996 | P9: =+O9/$E9 -> 0.14454462 | Q9: =+O9*$H$8 -> 0 | S9: =+R9/$E9 -> 0 | T9: =+R9*$H$8 -> 0 | U9: 7.6915 | V9: =+U9/$E9 -> 0.18541777 | W9: =+U9*$H$8 -> 0 | Y9: =+X9/$E9 -> 0 | Z9: =+X9*$H$8 -> 0 | AA9: 6.25 | AB9: =+AA9/$E9 -> 0.15066776 | AC9: =+AA9*$H$8 -> 0 | AE9: =+AD9/$E9 -> 0 | AF9: =+AD9*$H$8 -> 0 | AH9: =+AG9/$E9 -> 0 | AI9: =+AG9*$H$8 -> 0 | AK9: =+AJ9/$E9 -> 0 | AL9: =+AJ9*$H$8 -> 0 | AN9: =+AM9/$E9 -> 0 | AO9: =+AM9*$H$8 -> 0 | AP9: 48.418029 | AQ9: =+AP9/$E9 -> 1.1672058 | AR9: =+AP9*$H$8 -> 0 | AT9: =+AS9/$E9 -> 0 | AU9: =+AS9*$H$8 -> 0 | AW9: =+AV9/$E9 -> 0 | AX9: =+AV9*$H$8 -> 0 | AY9: 60.664133 | AZ9: =+AY9/$E9 -> 1.4624206 | BA9: =+AY9*$H$8 -> 0 | BC9: =+BB9/$E9 -> 0 | BD9: =+BB9*$H$8 -> 0 | BF9: =+BE9/$E9 -> 0 | BG9: =+BE9*$H$8 -> 0 | BI9: =+BH9/$E9 -> 0 | BJ9: =+BH9*$H$8 -> 0 | BL9: =+BK9/$E9 -> 0 | BM9: =+BK9*$H$8 -> 0 | BO9: =+BN9/$E9 -> 0 | BP9: =+BN9*$H$8 -> 0 | BR9: =+BQ9/$E9 -> 0 | BS9: =+BQ9*$H$8 -> 0 | BU9: =+BT9/$E9 -> 0 | BV9: =+BT9*$H$8 -> 0 | BX9: =+BW9/$E9 -> 0 | BY9: =+BW9*$H$8 -> 0 | CA9: =+BZ9/$E9 -> 0 | CB9: =+BZ9*$H$8 -> 0 | CD9: =+CC9/$E9 -> 0 | CE9: =+CC9*$H$8 -> 0 | CF9: 0.6 | CG9: =+CF9/$E9 -> 0.014464105 | CH9: =+CF9*$H$8 -> 0 | CJ9: =+CI9/$E9 -> 0 | CK9: =+CI9*$H$8 -> 0 | CM9: =+CL9/$E9 -> 0 | CN9: =+CL9*$H$8 -> 0 | CP9: =+CO9/$E9 -> 0 | CQ9: =+CO9*$H$8 -> 0 | CS9: =+CR9/$E9 -> 0 | CT9: =+CR9*$H$8 -> 0 | CV9: =+CU9/$E9 -> 0 | CW9: =+CU9*$H$8 -> 0 | CY9: =+CX9/$E9 -> 0 | CZ9: =+CX9*$H$8 -> 0 | DB9: =+DA9/$E9 -> 0 | DC9: =+DA9*$H$8 -> 0 | DE9: =+DD9/$E9 -> 0 | DF9: =+DD9*$H$8 -> 0 | DH9: =+DG9/$E9 -> 0 | DI9: 0 | DK9: =+DJ9/$E9 -> 0 | DL9: =+DJ9*$H$8 -> 0 | DN9: =+DM9/$E9 -> 0 | DO9: =+DM9*$H$8 -> 0 | DQ9: =+DP9/$E9 -> 0 | DR9: =+DP9*$H$8 -> 0 | DT9: =+DS9/$E9 -> 0 | DU9: =+DS9*$H$8 -> 0 | DW9: =+DV9/$E9 -> 0 | DX9: =+DV9*$H$8 -> 0 | DZ9: =+DY9/$E9 -> 0 | EA9: =+DY9*$H$8 -> 0 | EC9: =+EB9/$E9 -> 0 | ED9: =+EB9*$H$8 -> 0 | EE9: 14.534884 | EF9: =+EE9/$E9 -> 0.35039014 | EG9: =+EE9*$H$8 -> 0 | EH9: 23.486471 | EI9: =+EH9/$E9 -> 0.56618462 | EJ9: =+EH9*$H$8 -> 0 | EK9: 3.5 | EL9: =+EK9/$E9 -> 0.084373945 | EM9: =+EK9*$H$8 -> 0 | EO9: =+EN9/$E9 -> 0 | EP9: =+EN9*$H$8 -> 0 | ER9: =+EQ9/$E9 -> 0 | ES9: =+EQ9*$H$8 -> 0 | EU9: =+ET9/$E9 -> 0 | EV9: =+ET9*$H$8 -> 0 | EX9: =+EW9/$E9 -> 0 | EY9: =+EW9*$H$8 -> 0 | FA9: =+EZ9/$E9 -> 0 | FB9: =+EZ9*$H$8 -> 0 | FD9: =+FC9/$E9 -> 0 | FE9: =+FC9*$H$8 -> 0 | FG9: =+FF9/$E9 -> 0 | FH9: =+FF9*$H$8 -> 0 | FJ9: =+FI9/$E9 -> 0 | FK9: =+FI9*$H$8 -> 0 | FM9: =+FL9/$E9 -> 0 | FN9: =+FL9*$H$8 -> 0 | FP9: =+FO9/$E9 -> 0 | FQ9: =+FO9*$H$8 -> 0 | FS9: =+FR9/$E9 -> 0 | FT9: =+FR9*$H$8 -> 0 | FV9: =+FU9/$E9 -> 0 | FW9: =+FU9*$H$8 -> 0 | FY9: =+FX9/$E9 -> 0 | FZ9: =+FX9*$H$8 -> 0 | GB9: =+GA9/$E9 -> 0 | GC9: =+GA9*$H$8 -> 0 | GE9: =+GD9/$E9 -> 0 | GF9: =+GD9*$H$8 -> 0 | GH9: =+GG9/$E9 -> 0 | GI9: =+GG9*$H$8 -> 0 | GK9: =+GJ9/$E9 -> 0 | GL9: =+GJ9*$H$8 -> 0 | GN9: =+GM9/$E9 -> 0 | GO9: =+GM9*$H$8 -> 0 | GQ9: =+GP9/$E9 -> 0 | GR9: =+GP9*$H$8 -> 0 | GT9: =+GS9/$E9 -> 0 | GU9: =+GS9*$H$8 -> 0 | GW9: =+GV9/$E9 -> 0 | GX9: =+GV9*$H$8 -> 0 | GZ9: =+GY9/$E9 -> 0 | HA9: =+GY9*$H$8 -> 0 | HC9: =+HB9/$E9 -> 0 | HD9: =+HB9*$H$8 -> 0 | HF9: =+HE9/$E9 -> 0 | HG9: =+HE9*$H$8 -> 0 | HI9: =+HH9/$E9 -> 0 | HJ9: =+HH9*$H$8 -> 0 | HL9: =+HK9/$E9 -> 0 | HM9: =+HK9*$H$8 -> 0 | HO9: =+HN9/$E9 -> 0 | HP9: =+HN9*$H$8 -> 0 | HR9: =+HQ9/$E9 -> 0 | HS9: =+HQ9*$H$8 -> 0 | HU9: =+HT9/$E9 -> 0 | HV9: =+HT9*$H$8 -> 0 | HX9: =+HW9/$E9 -> 0 | HY9: =+HW9*$H$8 -> 0 | IA9: =+HZ9/$E9 -> 0 | IB9: =+HZ9*$H$8 -> 0 | ID9: =+IC9/$E9 -> 0 | IE9: =+IC9*$H$8 -> 0 | IG9: =+IF9/$E9 -> 0 | IH9: =+IF9*$H$8 -> 0 | IJ9: =+II9/$E9 -> 0 | IK9: =+II9*$H$8 -> 0 | IM9: =+IL9/$E9 -> 0 | IN9: =+IL9*$H$8 -> 0 | IP9: =+IO9/$E9 -> 0 | IQ9: =+IO9*$H$8 -> 0 | IS9: =+IR9/$E9 -> 0 | IT9: =+IR9*$H$8 -> 0 | IV9: =+IU9/$E9 -> 0 | IW9: =+IU9*$H$8 -> 0 | IY9: =+IX9/$E9 -> 0 | IZ9: =+IX9*$H$8 -> 0 | JB9: =+JA9/$E9 -> 0 | JC9: =+JA9*$H$8 -> 0 | JE9: =+JD9/$E9 -> 0 | JF9: =+JD9*$H$8 -> 0 | JH9: =+JG9/$E9 -> 0 | JI9: =+JG9*$H$8 -> 0 | JK9: =IFERROR((JJ9/$L9),"0") -> 0 | JL9: =IFERROR(((JJ9*JL$8)/$L9),"0") -> 0 | JN9: =IFERROR((JM9/$L9),"0") -> 0 | JO9: =IFERROR(((JM9*JO$8)/$L9),"0") -> 0 | JQ9: =IFERROR((JP9/$L9),"0") -> 0 | JR9: =IFERROR(((JP9*JR$8)/$L9),"0") -> 0 | JT9: =IFERROR((JS9/$L9),"0") -> 0 | JU9: =IFERROR(((JS9*JU$8)/$L9),"0") -> 0 | JW9: =IFERROR((JV9/$L9),"0") -> 0 | JX9: =IFERROR(((JV9*JX$8)/$L9),"0") -> 0 | JZ9: =IFERROR((JY9/$L9),"0") -> 0 | KA9: =IFERROR(((JY9*KA$8)/$L9),"0") -> 0 | KC9: =IFERROR((KB9/$L9),"0") -> 0 | KD9: =IFERROR(((KB9*KD$8)/$L9),"0") -> 0 | KF9: =IFERROR((KE9/$L9),"0") -> 0 | KG9: =IFERROR(((KE9*KG$8)/$L9),"0") -> 0 | KI9: =IFERROR((KH9/$L9),"0") -> 0 | KJ9: =IFERROR(((KH9*KJ$8)/$L9),"0") -> 0 | KL9: =IFERROR((KK9/$L9),"0") -> 0 | KM9: =IFERROR(((KK9*KM$8)/$L9),"0") -> 0 | KO9: =IFERROR((KN9/$L9),"0") -> 0 | KP9: =IFERROR(((KN9*KP$8)/$L9),"0") -> 0 | KR9: =IFERROR((KQ9/$L9),"0") -> 0 | KS9: =IFERROR(((KQ9*KS$8)/$L9),"0") -> 0 | KT9: =H9+K9+N9+Q9+T9+W9+Z9+AC9+AF9+AI9+AL9+AO9+AR9+AU9+AX9+BA9+BD9+BG9+BJ9+BM9+BP9+BS9+BV9+BY9+CB9+CE9+CH9+CK9+CN9+CQ9+CT9+CW9+CZ9+DC9+DF9+DI9+DL9+DO9+DR9+DU9+DX9+EA9+ED9+EG9+EJ9+EM9+EP9+ES9+EV9+EY9+FB9+FE9+FH9+FK9+FN9+FQ9+FT9+FW9+FZ9+GC9 -> 0 | KU9: =GF9+GI9+GL9+GO9+GR9+GU9+GX9+HA9+HD9+HG9+HJ9+HM9+HP9+HS9+HV9+HY9+IB9+IE9+IH9+IK9+IN9+IQ9+IT9+IW9+IZ9+JC9+JF9+JI9+JL9+JO9+JR9+JU9+JX9++KA9+KD9+KG9+KJ9++KM9+KP9+KS9 -> 0 | KV9: =+F9+I9+L9+O9+R9+U9+X9+AA9+AD9+AG9+AJ9+AM9+AP9+AS9+AV9+AY9+BB9+BE9+BH9+BK9+BN9+BQ9+BT9+BW9+BZ9+CC9+CF9+CI9+CL9+CO9+CR9+CU9+CX9+DA9+DD9+DJ9+DM9+DP9+DS9+DV9+DY9+EB9+GG9+GJ9+GM9+GP9+GS9+HN9+II9+IR9+GV9+IU9++HT9+HW9+HZ9+IC9+JA9+JJ9+JM9+HB9+EE9+GD9+EH9+EK9 -> 380.44058
A10: =+A9+1 -> 45902 | B10: =+Report1!B10 -> Facial | C10: =+Report1!C10 -> 12/13 | D10: =+Report1!P10 -> 38.489 | E10: =+Report1!R10 -> 31.631 | G10: =+F10/$E10 -> 0 | H10: =+F10*$H$8 -> 0 | I10: 337.2093 | J10: =+I10/$E10 -> 10.660722 | K10: =+I10*$H$8 -> 0 | M10: =+L10/$E10 -> 0 | N10: =+L10*$H$8 -> 0 | O10: 6 | P10: =+O10/$E10 -> 0.18968733 | Q10: =+O10*$H$8 -> 0 | S10: =+R10/$E10 -> 0 | T10: =+R10*$H$8 -> 0 | U10: 7.6875 | V10: =+U10/$E10 -> 0.24303689 | W10: =+U10*$H$8 -> 0 | Y10: =+X10/$E10 -> 0 | Z10: =+X10*$H$8 -> 0 | AA10: 6.25 | AB10: =+AA10/$E10 -> 0.19759097 | AC10: =+AA10*$H$8 -> 0 | AE10: =+AD10/$E10 -> 0 | AF10: =+AD10*$H$8 -> 0 | AH10: =+AG10/$E10 -> 0 | AI10: =+AG10*$H$8 -> 0 | AJ10: 11.7462 | AK10: =+AJ10/$E10 -> 0.37135089 | AL10: =+AJ10*$H$8 -> 0 | AN10: =+AM10/$E10 -> 0 | AO10: =+AM10*$H$8 -> 0 | AP10: 51.265823 | AQ10: =+AP10/$E10 -> 1.6207462 | AR10: =+AP10*$H$8 -> 0 | AT10: =+AS10/$E10 -> 0 | AU10: =+AS10*$H$8 -> 0 | AW10: =+AV10/$E10 -> 0 | AX10: =+AV10*$H$8 -> 0 | AY10: 60.666667 | AZ10: =+AY10/$E10 -> 1.9179497 | BA10: =+AY10*$H$8 -> 0 | BC10: =+BB10/$E10 -> 0 | BD10: =+BB10*$H$8 -> 0 | BF10: =+BE10/$E10 -> 0 | BG10: =+BE10*$H$8 -> 0 | BI10: =+BH10/$E10 -> 0 | BJ10: =+BH10*$H$8 -> 0 | BL10: =+BK10/$E10 -> 0 | BM10: =+BK10*$H$8 -> 0 | BO10: =+BN10/$E10 -> 0 | BP10: =+BN10*$H$8 -> 0 | BR10: =+BQ10/$E10 -> 0 | BS10: =+BQ10*$H$8 -> 0 | BU10: =+BT10/$E10 -> 0 | BV10: =+BT10*$H$8 -> 0 | BX10: =+BW10/$E10 -> 0 | BY10: =+BW10*$H$8 -> 0 | CA10: =+BZ10/$E10 -> 0 | CB10: =+BZ10*$H$8 -> 0 | CD10: =+CC10/$E10 -> 0 | CE10: =+CC10*$H$8 -> 0 | CF10: 0.6 | CG10: =+CF10/$E10 -> 0.018968733 | CH10: =+CF10*$H$8 -> 0 | CJ10: =+CI10/$E10 -> 0 | CK10: =+CI10*$H$8 -> 0 | CM10: =+CL10/$E10 -> 0 | CN10: =+CL10*$H$8 -> 0 | CP10: =+CO10/$E10 -> 0 | CQ10: =+CO10*$H$8 -> 0 | CS10: =+CR10/$E10 -> 0 | CT10: =+CR10*$H$8 -> 0 | CV10: =+CU10/$E10 -> 0 | CW10: =+CU10*$H$8 -> 0 | CY10: =+CX10/$E10 -> 0 | CZ10: =+CX10*$H$8 -> 0 | DB10: =+DA10/$E10 -> 0 | DC10: =+DA10*$H$8 -> 0 | DE10: =+DD10/$E10 -> 0 | DF10: =+DD10*$H$8 -> 0 | DH10: =+DG10/$E10 -> 0 | DI10: 0 | DK10: =+DJ10/$E10 -> 0 | DL10: =+DJ10*$H$8 -> 0 | DN10: =+DM10/$E10 -> 0 | DO10: =+DM10*$H$8 -> 0 | DQ10: =+DP10/$E10 -> 0 | DR10: =+DP10*$H$8 -> 0 | DT10: =+DS10/$E10 -> 0 | DU10: =+DS10*$H$8 -> 0 | DW10: =+DV10/$E10 -> 0 | DX10: =+DV10*$H$8 -> 0 | DZ10: =+DY10/$E10 -> 0 | EA10: =+DY10*$H$8 -> 0 | EC10: =+EB10/$E10 -> 0 | ED10: =+EB10*$H$8 -> 0 | EE10: 14.534884 | EF10: =+EE10/$E10 -> 0.45951389 | EG10: =+EE10*$H$8 -> 0 | EH10: 46.964706 | EI10: =+EH10/$E10 -> 1.4847683 | EJ10: =+EH10*$H$8 -> 0 | EK10: 3 | EL10: =+EK10/$E10 -> 0.094843666 | EM10: =+EK10*$H$8 -> 0 | EO10: =+EN10/$E10 -> 0 | EP10: =+EN10*$H$8 -> 0 | ER10: =+EQ10/$E10 -> 0 | ES10: =+EQ10*$H$8 -> 0 | EU10: =+ET10/$E10 -> 0 | EV10: =+ET10*$H$8 -> 0 | EX10: =+EW10/$E10 -> 0 | EY10: =+EW10*$H$8 -> 0 | FA10: =+EZ10/$E10 -> 0 | FB10: =+EZ10*$H$8 -> 0 | FD10: =+FC10/$E10 -> 0 | FE10: =+FC10*$H$8 -> 0 | FG10: =+FF10/$E10 -> 0 | FH10: =+FF10*$H$8 -> 0 | FJ10: =+FI10/$E10 -> 0 | FK10: =+FI10*$H$8 -> 0 | FM10: =+FL10/$E10 -> 0 | FN10: =+FL10*$H$8 -> 0 | FP10: =+FO10/$E10 -> 0 | FQ10: =+FO10*$H$8 -> 0 | FS10: =+FR10/$E10 -> 0 | FT10: =+FR10*$H$8 -> 0 | FV10: =+FU10/$E10 -> 0 | FW10: =+FU10*$H$8 -> 0 | FY10: =+FX10/$E10 -> 0 | FZ10: =+FX10*$H$8 -> 0 | GB10: =+GA10/$E10 -> 0 | GC10: =+GA10*$H$8 -> 0 | GE10: =+GD10/$E10 -> 0 | GF10: =+GD10*$H$8 -> 0 | GH10: =+GG10/$E10 -> 0 | GI10: =+GG10*$H$8 -> 0 | GK10: =+GJ10/$E10 -> 0 | GL10: =+GJ10*$H$8 -> 0 | GN10: =+GM10/$E10 -> 0 | GO10: =+GM10*$H$8 -> 0 | GQ10: =+GP10/$E10 -> 0 | GR10: =+GP10*$H$8 -> 0 | GT10: =+GS10/$E10 -> 0 | GU10: =+GS10*$H$8 -> 0 | GW10: =+GV10/$E10 -> 0 | GX10: =+GV10*$H$8 -> 0 | GZ10: =+GY10/$E10 -> 0 | HA10: =+GY10*$H$8 -> 0 | HC10: =+HB10/$E10 -> 0 | HD10: =+HB10*$H$8 -> 0 | HF10: =+HE10/$E10 -> 0 | HG10: =+HE10*$H$8 -> 0 | HI10: =+HH10/$E10 -> 0 | HJ10: =+HH10*$H$8 -> 0 | HL10: =+HK10/$E10 -> 0 | HM10: =+HK10*$H$8 -> 0 | HO10: =+HN10/$E10 -> 0 | HP10: =+HN10*$H$8 -> 0 | HR10: =+HQ10/$E10 -> 0 | HS10: =+HQ10*$H$8 -> 0 | HU10: =+HT10/$E10 -> 0 | HV10: =+HT10*$H$8 -> 0 | HX10: =+HW10/$E10 -> 0 | HY10: =+HW10*$H$8 -> 0 | IA10: =+HZ10/$E10 -> 0 | IB10: =+HZ10*$H$8 -> 0 | ID10: =+IC10/$E10 -> 0 | IE10: =+IC10*$H$8 -> 0 | IG10: =+IF10/$E10 -> 0 | IH10: =+IF10*$H$8 -> 0 | IJ10: =+II10/$E10 -> 0 | IK10: =+II10*$H$8 -> 0 | IM10: =+IL10/$E10 -> 0 | IN10: =+IL10*$H$8 -> 0 | IP10: =+IO10/$E10 -> 0 | IQ10: =+IO10*$H$8 -> 0 | IS10: =+IR10/$E10 -> 0 | IT10: =+IR10*$H$8 -> 0 | IV10: =+IU10/$E10 -> 0 | IW10: =+IU10*$H$8 -> 0 | IY10: =+IX10/$E10 -> 0 | IZ10: =+IX10*$H$8 -> 0 | JB10: =+JA10/$E10 -> 0 | JC10: =+JA10*$H$8 -> 0 | JE10: =+JD10/$E10 -> 0 | JF10: =+JD10*$H$8 -> 0 | JH10: =+JG10/$E10 -> 0 | JI10: =+JG10*$H$8 -> 0 | JK10: =IFERROR((JJ10/$L10),"0") -> 0 | JL10: =IFERROR(((JJ10*JL$8)/$L10),"0") -> 0 | JN10: =IFERROR((JM10/$L10),"0") -> 0 | JO10: =IFERROR(((JM10*JO$8)/$L10),"0") -> 0 | JQ10: =IFERROR((JP10/$L10),"0") -> 0 | JR10: =IFERROR(((JP10*JR$8)/$L10),"0") -> 0 | JT10: =IFERROR((JS10/$L10),"0") -> 0 | JU10: =IFERROR(((JS10*JU$8)/$L10),"0") -> 0 | JW10: =IFERROR((JV10/$L10),"0") -> 0 | JX10: =IFERROR(((JV10*JX$8)/$L10),"0") -> 0 | JZ10: =IFERROR((JY10/$L10),"0") -> 0 | KA10: =IFERROR(((JY10*KA$8)/$L10),"0") -> 0 | KC10: =IFERROR((KB10/$L10),"0") -> 0 | KD10: =IFERROR(((KB10*KD$8)/$L10),"0") -> 0 | KF10: =IFERROR((KE10/$L10),"0") -> 0 | KG10: =IFERROR(((KE10*KG$8)/$L10),"0") -> 0 | KI10: =IFERROR((KH10/$L10),"0") -> 0 | KJ10: =IFERROR(((KH10*KJ$8)/$L10),"0") -> 0 | KL10: =IFERROR((KK10/$L10),"0") -> 0 | KM10: =IFERROR(((KK10*KM$8)/$L10),"0") -> 0 | KO10: =IFERROR((KN10/$L10),"0") -> 0 | KP10: =IFERROR(((KN10*KP$8)/$L10),"0") -> 0 | KR10: =IFERROR((KQ10/$L10),"0") -> 0 | KS10: =IFERROR(((KQ10*KS$8)/$L10),"0") -> 0 | KT10: =H10+K10+N10+Q10+T10+W10+Z10+AC10+AF10+AI10+AL10+AO10+AR10+AU10+AX10+BA10+BD10+BG10+BJ10+BM10+BP10+BS10+BV10+BY10+CB10+CE10+CH10+CK10+CN10+CQ10+CT10+CW10+CZ10+DC10+DF10+DI10+DL10+DO10+DR10+DU10+DX10+EA10+ED10+EG10+EJ10+EM10+EP10+ES10+EV10+EY10+FB10+FE10+FH10+FK10+FN10+FQ10+FT10+FW10+FZ10+GC10 -> 0 | KU10: =GF10+GI10+GL10+GO10+GR10+GU10+GX10+HA10+HD10+HG10+HJ10+HM10+HP10+HS10+HV10+HY10+IB10+IE10+IH10+IK10+IN10+IQ10+IT10+IW10+IZ10+JC10+JF10+JI10+JL10+JO10+JR10+JU10+JX10++KA10+KD10+KG10+KJ10++KM10+KP10+KS10 -> 0 | KV10: =+F10+I10+L10+O10+R10+U10+X10+AA10+AD10+AG10+AJ10+AM10+AP10+AS10+AV10+AY10+BB10+BE10+BH10+BK10+BN10+BQ10+BT10+BW10+BZ10+CC10+CF10+CI10+CL10+CO10+CR10+CU10+CX10+DA10+DD10+DJ10+DM10+DP10+DS10+DV10+DY10+EB10+GG10+GJ10+GM10+GP10+GS10+HN10+II10+IR10+GV10+IU10++HT10+HW10+HZ10+IC10+JA10+JJ10+JM10+HB10+EE10+GD10+EH10+EK10 -> 545.92508
