Workbook

Sheet Report1
A3: PAPER MACHINE 14 DAILY REPORT 1
A6: Date | B6: Grade | C6: GSM | D6: Speed yankee (mpm) | E6: Speed reel (mpm) | F6: Creep ( % ) | G6: Real Eff PM ( % ) | H6: Real Eff PM vs Target (%) | I6: Real Eff FG vs Real Eff PM (%) | J6: Eff FG vs Target (%) | L6: Kapasitas Target (ton) | N6: Kapasitas Teori Real (ton) | P6: PM PROD Timbangan (TON) | R6: FINSHED GOODS (TON) | T6: GAS HOOD | Z6: STEAM (TON) | AF6: POWER (kWh) | BA6: Kapasitas Running (ton) | BC6: Eff FG vs Target Running(%)
T7: CONSUMPTION | V7: /TON PM. | X7: /TON FG. | Z7: CONSUMPTION | AB7: /TON PM. | AD7: /TON FG. | AF7: CONSUMPTION | AH7: /TON PM | AJ7: /TON FG | AL7: Gas based on report DCS | AO7: total | AP7: Flowmeter | AQ7: Selisih | AR7: % pengali | AU7: Adjust | AX7: PEMAKAIAN GAS
J8: TODAY | K8: TODATE | L8: TODAY | M8: TODATE | N8: TODAY | O8: TODATE | P8: TODAY | Q8: TODATE | R8: TODAY | S8: TODATE | T8: TODAY | U8: TODATE | V8: TODAY | W8: TODATE | X8: TODAY | Y8: TODATE | Z8: TODAY | AA8: TODATE | AB8: TODAY | AC8: TODATE | AD8: TODAY | AE8: TODATE | AF8: TODAY | AG8: TODATE | AH8: TODAY | AI8: TODATE | AJ8: TODAY | AK8: TODATE | AL8: 14 | AM8: 15 | AN8: 17 | AP8: PGN | AU8: 14 | AV8: 15 | AW8: 17 | AX8: 14 | AY8: 15 | AZ8: 17 | BA8: TODAY | BB8: TODATE | BC8: TODAY | BD8: TODATE
A9: 45870 | B9: Toilet | C9: 13 | D9: =+'1'!F42 -> 1230 | E9: =+'1'!G42 -> 947.1 | F9: =1-(E9/D9) -> 0.23 | G9: =+P9/N9 -> 0.95571827 | H9: =+P9/L9 -> 0.95571827 | I9: =+R9/P9 -> 0.97907023 | J9: =+R9/L9 -> 0.9357153 | K9: =+S9/M9 -> 0.9357153 | L9: =+Efficiency1!K6 -> 47.692925 | M9: =L9 -> 47.692925 | N9: =+Efficiency1!C6 -> 47.692925 | O9: =N9 -> 47.692925 | P9: ='1'!I38 -> 45.581 | Q9: =P9 -> 45.581 | R9: ='1'!I40 -> 44.627 | S9: =R9 -> 44.627 | T9: =+AX9 -> 4127.5496 | U9: =T9 -> 4127.5496 | V9: =T9/P9 -> 90.554168 | W9: =U9/Q9 -> 90.554168 | X9: =IF(AND(R9>0,T9>0),(T9/(R9*1000))*1000,0) -> 92.489962 | Y9: =IF(AND(S9>0,U9>0),U9/S9,0) -> 92.489962 | Z9: 59.5 | AA9: =Z9 -> 59.5 | AB9: =Z9/(P9) -> 1.3053685 | AC9: =AA9/(Q9) -> 1.3053685 | AD9: =IF(AND(R9>0,Z9>0),Z9/(R9),0) -> 1.3332736 | AE9: =IF(AND(S9>0,AA9>0),AA9/(S9),0) -> 1.3332736 | AF9: ='1'!I46 -> 37566.02 | AG9: =AF9 -> 37566.02 | AH9: =IF(AND(L9>0,AF9>0),(AF9/(P9*1000)*1000),0) -> 824.15963 | AI9: =IF(AND(M9>0,AG9>0),(AG9/(Q9*1000)*1000),0) -> 824.15963 | AJ9: =IF(AND(R9>0,AF9>0),(AF9/(R9*1000)*1000),0) -> 841.77785 | AK9: =IF(AND(S9>0,AG9>0),(AG9/(S9*1000)*1000),0) -> 841.77785 | AL9: 4353.7 | AM9: 5728.1 | AN9: 3888.9 | AO9: =SUM(AL9:AN9) -> 13970.7 | AP9: =+[1]Aug!N4 -> 13245 | AQ9: =+AP9-AO9 -> -725.7 | AR9: =+AL9/AO9 -> 0.31163077 | AS9: =+AM9/AO9 -> 0.41000809 | AT9: =1-AR9-AS9 -> 0.27836114 | AU9: =+AR9*AQ9 -> -226.15045 | AV9: =+AS9*AQ9 -> -297.54287 | AW9: =+AT9*AQ9 -> -202.00668 | AX9: =+AL9+AU9 -> 4127.5496 | AY9: =+AM9+AV9 -> 5430.5571 | AZ9: =+AN9+AW9 -> 3686.8933 | BA9: =+Efficiency2!K6 -> 47.692925 | BB9: =BA9 -> 47.692925 | BC9: =+R9/BA9 -> 0.9357153 | BD9: =+S9/BB9 -> 0.9357153
A10: =A9+1 -> 45871 | B10: Toilet | C10: 13 | D10: =+'2'!F42 -> 1230 | E10: =+'2'!G42 -> 947.1 | F10: =1-(E10/D10) -> 0.23 | G10: =+P10/N10 -> 0.99442422 | H10: =+P10/L10 -> 0.99442422 | I10: =+R10/P10 -> 0.96466148 | J10: =+R10/L10 -> 0.95928274 | K10: =+S10/M10 -> 0.94749902 | L10: =+Efficiency1!K11 -> 47.692925 | M10: =M9+L10 -> 95.385851 | N10: =+Efficiency1!C11 -> 47.692925 | O10: =O9+N10 -> 95.385851 | P10: ='2'!I38 -> 47.427 | Q10: =Q9+P10 -> 93.008 | R10: ='2'!I40 -> 45.751 | S10: =S9+R10 -> 90.378 | T10: =+AX10 -> 4040.0906 | U10: =T10+U9 -> 8167.6401 | V10: =T10/P10 -> 85.185455 | W10: =U10/Q10 -> 87.816533 | X10: =IF(AND(R10>0,T10>0),(T10/(R10*1000))*1000,0) -> 88.30606 | Y10: =IF(AND(S10>0,U10>0),U10/S10,0) -> 90.371994 | Z10: 60.7 | AA10: =Z10+AA9 -> 120.2 | AB10: =Z10/(P10) -> 1.2798617 | AC10: =AA10/(Q10) -> 1.2923619 | AD10: =IF(AND(R10>0,Z10>0),Z10/(R10),0) -> 1.326747 | AE10: =IF(AND(S10>0,AA10>0),AA10/(S10),0) -> 1.3299697 | AF10: ='2'!I46 -> 39041.46 | AG10: =AF10+AG9 -> 76607.48 | AH10: =IF(AND(L10>0,AF10>0),(AF10/(P10*1000)*1000),0) -> 823.19059 | AI10: =IF(AND(M10>0,AG10>0),(AG10/(Q10*1000)*1000),0) -> 823.66549 | AJ10: =IF(AND(R10>0,AF10>0),(AF10/(R10*1000)*1000),0) -> 853.34659 | AK10: =IF(AND(S10>0,AG10>0),(AG10/(S10*1000)*1000),0) -> 847.63416 | AL10: 4259.6 | AM10: 5714.8 | AN10: 3908 | AO10: =SUM(AL10:AN10) -> 13882.4 | AP10: =+[1]Aug!N5 -> 13167 | AQ10: =+AP10-AO10 -> -715.4 | AR10: =+AL10/AO10 -> 0.30683455 | AS10: =+AM10/AO10 -> 0.41165793 | AT10: =1-AR10-AS10 -> 0.28150752 | AU10: =+AR10*AQ10 -> -219.50944 | AV10: =+AS10*AQ10 -> -294.50008 | AW10: =+AT10*AQ10 -> -201.39048 | AX10: =+AL10+AU10 -> 4040.0906 | AY10: =+AM10+AV10 -> 5420.2999 | AZ10: =+AN10+AW10 -> 3706.6095 | BA10: =+Efficiency2!K11 -> 47.692925 | BB10: =BB9+BA10 -> 95.385851 | BC10: =+R10/BA10 -> 0.95928274 | BD10: =+S10/BB10 -> 0.94749902
A11: =A10+1 -> 45872 | B11: Toilet | C11: 13 | D11: =+'3'!F42 -> 1209.1675 | E11: =+'3'!G42 -> 931.05896 | F11: =1-(E11/D11) -> 0.23 | G11: =+P11/N11 -> 0.6190436 | H11: =+P11/L11 -> 0.6190436 | I11: =+R11/P11 -> 1.0154112 | J11: =+R11/L11 -> 0.6285838 | K11: =+S11/M11 -> 0.84119395 | L11: =+Efficiency1!K16 -> 47.692925 | M11: =M10+L11 -> 143.07878 | N11: =+Efficiency1!C16 -> 47.692925 | O11: =O10+N11 -> 143.07878 | P11: ='3'!I38 -> 29.524 | Q11: =Q10+P11 -> 122.532 | R11: ='3'!I40 -> 29.979 | S11: =S10+R11 -> 120.357 | T11: =+AX11 -> 2905.2292 | U11: =T11+U10 -> 11072.869 | V11: =T11/P11 -> 98.402289 | W11: =U11/Q11 -> 90.367164 | X11: =IF(AND(R11>0,T11>0),(T11/(R11*1000))*1000,0) -> 96.908809 | Y11: =IF(AND(S11>0,U11>0),U11/S11,0) -> 92.00021 | Z11: 47.3 | AA11: =Z11+AA10 -> 167.5 | AB11: =Z11/(P11) -> 1.6020864 | AC11: =AA11/(Q11) -> 1.3669898 | AD11: =IF(AND(R11>0,Z11>0),Z11/(R11),0) -> 1.5777711 | AE11: =IF(AND(S11>0,AA11>0),AA11/(S11),0) -> 1.391693 | AF11: ='3'!I46 -> 29073.5 | AG11: =AF11+AG10 -> 105680.98 | AH11: =IF(AND(L11>0,AF11>0),(AF11/(P11*1000)*1000),0) -> 984.74123 | AI11: =IF(AND(M11>0,AG11>0),(AG11/(Q11*1000)*1000),0) -> 862.47658 | AJ11: =IF(AND(R11>0,AF11>0),(AF11/(R11*1000)*1000),0) -> 969.79552 | AK11: =IF(AND(S11>0,AG11>0),(AG11/(S11*1000)*1000),0) -> 878.0626 | AL11: 3053.5 | AM11: 5703.1 | AN11: 4028.2 | AO11: =SUM(AL11:AN11) -> 12784.8 | AP11: =+[1]Aug!N6 -> 12164 | AQ11: =+AP11-AO11 -> -620.8 | AR11: =+AL11/AO11 -> 0.23883831 | AS11: =+AM11/AO11 -> 0.44608441 | AT11: =1-AR11-AS11 -> 0.31507728 | AU11: =+AR11*AQ11 -> -148.27082 | AV11: =+AS11*AQ11 -> -276.9292 | AW11: =+AT11*AQ11 -> -195.59997 | AX11: =+AL11+AU11 -> 2905.2292 | AY11: =+AM11+AV11 -> 5426.1708 | AZ11: =+AN11+AW11 -> 3832.6 | BA11: =+Efficiency2!K16 -> 47.692925 | BB11: =BB10+BA11 -> 143.07878 | BC11: =+R11/BA11 -> 0.6285838 | BD11: =+S11/BB11 -> 0.84119395
A12: =A11+1 -> 45873 | B12: Toilet | C12: 13 | D12: =+'4'!F42 -> 1224.3264 | E12: =+'4'!G42 -> 942.73132 | F12: =1-(E12/D12) -> 0.23 | G12: =+P12/N12 -> 0.95231109 | H12: =+P12/L12 -> 0.94791837 | I12: =+R12/P12 -> 0.97823442 | J12: =+R12/L12 -> 0.92728638 | K12: =+S12/M12 -> 0.86271705 | L12: =+Efficiency1!K23 -> 47.692925 | M12: =M11+L12 -> 190.7717 | N12: =+Efficiency1!C23 -> 47.472933 | O12: =O11+N12 -> 190.55171 | P12: ='4'!I38 -> 45.209 | Q12: =Q11+P12 -> 167.741 | R12: ='4'!I40 -> 44.225 | S12: =S11+R12 -> 164.582 | T12: =+AX12 -> 4264.5633 | U12: =T12+U11 -> 15337.433 | V12: =T12/P12 -> 94.329962 | W12: =U12/Q12 -> 91.435204 | X12: =IF(AND(R12>0,T12>0),(T12/(R12*1000))*1000,0) -> 96.42879 | Y12: =IF(AND(S12>0,U12>0),U12/S12,0) -> 93.190218 | Z12: 59.3 | AA12: =Z12+AA11 -> 226.8 | AB12: =Z12/(P12) -> 1.3116857 | AC12: =AA12/(Q12) -> 1.3520845 | AD12: =IF(AND(R12>0,Z12>0),Z12/(R12),0) -> 1.3408705 | AE12: =IF(AND(S12>0,AA12>0),AA12/(S12),0) -> 1.3780365 | AF12: ='4'!I46 -> 36624.46 | AG12: =AF12+AG11 -> 142305.44 | AH12: =IF(AND(L12>0,AF12>0),(AF12/(P12*1000)*1000),0) -> 810.11436 | AI12: =IF(AND(M12>0,AG12>0),(AG12/(Q12*1000)*1000),0) -> 848.36409 | AJ12: =IF(AND(R12>0,AF12>0),(AF12/(R12*1000)*1000),0) -> 828.13929 | AK12: =IF(AND(S12>0,AG12>0),(AG12/(S12*1000)*1000),0) -> 864.64765 | AL12: 4492.2 | AM12: 5688.4 | AN12: 4067.4 | AO12: =SUM(AL12:AN12) -> 14248 | AP12: =+[1]Aug!N7 -> 13526 | AQ12: =+AP12-AO12 -> -722 | AR12: =+AL12/AO12 -> 0.31528636 | AS12: =+AM12/AO12 -> 0.399242 | AT12: =1-AR12-AS12 -> 0.28547165 | AU12: =+AR12*AQ12 -> -227.63675 | AV12: =+AS12*AQ12 -> -288.25272 | AW12: =+AT12*AQ12 -> -206.11053 | AX12: =+AL12+AU12 -> 4264.5633 | AY12: =+AM12+AV12 -> 5400.1473 | AZ12: =+AN12+AW12 -> 3861.2895 | BA12: =+Efficiency2!K23 -> 47.692925 | BB12: =BB11+BA12 -> 190.7717 | BC12: =+R12/BA12 -> 0.92728638 | BD12: =+S12/BB12 -> 0.86271705
A13: =A12+1 -> 45874 | B13: Toilet | C13: 13 | D13: =+'5'!F42 -> 1230 | E13: =+'5'!G42 -> 947.1 | F13: =1-(E13/D13) -> 0.23 | G13: =+P13/N13 -> 0.96509073 | H13: =+P13/L13 -> 0.96509073 | I13: =+R13/P13 -> 0.92943426 | J13: =+R13/L13 -> 0.89698838 | K13: =+S13/M13 -> 0.86957132 | L13: =+Efficiency1!K28 -> 47.692925 | M13: =M12+L13 -> 238.46463 | N13: =+Efficiency1!C28 -> 47.692925 | O13: =O12+N13 -> 238.24463 | P13: ='5'!I38 -> 46.028 | Q13: =Q12+P13 -> 213.769 | R13: ='5'!I40 -> 42.78 | S13: =S12+R13 -> 207.362 | T13: =+AX13 -> 4143.047 | U13: =T13+U12 -> 19480.48 | V13: =T13/P13 -> 90.011449 | W13: =U13/Q13 -> 91.128646 | X13: =IF(AND(R13>0,T13>0),(T13/(R13*1000))*1000,0) -> 96.845417 | Y13: =IF(AND(S13>0,U13>0),U13/S13,0) -> 93.944308 | Z13: 55.5 | AA13: =Z13+AA12 -> 282.3 | AB13: =Z13/(P13) -> 1.2057878 | AC13: =AA13/(Q13) -> 1.3205844 | AD13: =IF(AND(R13>0,Z13>0),Z13/(R13),0) -> 1.2973352 | AE13: =IF(AND(S13>0,AA13>0),AA13/(S13),0) -> 1.3613873 | AF13: ='5'!I46 -> 36297.9 | AG13: =AF13+AG12 -> 178603.34 | AH13: =IF(AND(L13>0,AF13>0),(AF13/(P13*1000)*1000),0) -> 788.60476 | AI13: =IF(AND(M13>0,AG13>0),(AG13/(Q13*1000)*1000),0) -> 835.49691 | AJ13: =IF(AND(R13>0,AF13>0),(AF13/(R13*1000)*1000),0) -> 848.47826 | AK13: =IF(AND(S13>0,AG13>0),(AG13/(S13*1000)*1000),0) -> 861.31181 | AL13: 4347.9 | AM13: 5768.9 | AN13: 4065.4 | AO13: =SUM(AL13:AN13) -> 14182.2 | AP13: =+[1]Aug!N8 -> 13514 | AQ13: =+AP13-AO13 -> -668.2 | AR13: =+AL13/AO13 -> 0.30657444 | AS13: =+AM13/AO13 -> 0.40677046 | AT13: =1-AR13-AS13 -> 0.2866551 | AU13: =+AR13*AQ13 -> -204.85304 | AV13: =+AS13*AQ13 -> -271.80402 | AW13: =+AT13*AQ13 -> -191.54294 | AX13: =+AL13+AU13 -> 4143.047 | AY13: =+AM13+AV13 -> 5497.096 | AZ13: =+AN13+AW13 -> 3873.8571 | BA13: =+Efficiency2!K28 -> 47.692925 | BB13: =BB12+BA13 -> 238.46463 | BC13: =+R13/BA13 -> 0.89698838 | BD13: =+S13/BB13 -> 0.86957132
A14: =A13+1 -> 45875 | B14: Toilet | C14: 13/15,5 | D14: =+'6'!F42 -> 1213.3333 | E14: =+'6'!G42 -> 942.13333 | F14: =1-(E14/D14) -> 0.22351648 | G14: =+P14/N14 -> 0.94998438 | H14: =+P14/L14 -> 0.94998438 | I14: =+R14/P14 -> 0.937089 | J14: =+R14/L14 -> 0.89021991 | K14: =+S14/M14 -> 0.87303251 | L14: =+SUM(Efficiency1!K33:K34) -> 48.021842 | M14: =M13+L14 -> 286.48647 | N14: =+SUM(Efficiency1!C33:C34) -> 48.021842 | O14: =O13+N14 -> 286.26648 | P14: ='6'!I38 -> 45.62 | Q14: =Q13+P14 -> 259.389 | R14: ='6'!I40 -> 42.75 | S14: =S13+R14 -> 250.112 | T14: =+AX14 -> 4058.9853 | U14: =T14+U13 -> 23539.465 | V14: =T14/P14 -> 88.973812 | W14: =U14/Q14 -> 90.749665 | X14: =IF(AND(R14>0,T14>0),(T14/(R14*1000))*1000,0) -> 94.947025 | Y14: =IF(AND(S14>0,U14>0),U14/S14,0) -> 94.115695 | Z14: 57.9 | AA14: =Z14+AA13 -> 340.2 | AB14: =Z14/(P14) -> 1.2691802 | AC14: =AA14/(Q14) -> 1.3115437 | AD14: =IF(AND(R14>0,Z14>0),Z14/(R14),0) -> 1.354386 | AE14: =IF(AND(S14>0,AA14>0),AA14/(S14),0) -> 1.3601906 | AF14: ='6'!I46 -> 39098.98 | AG14: =AF14+AG13 -> 217702.32 | AH14: =IF(AND(L14>0,AF14>0),(AF14/(P14*1000)*1000),0) -> 857.05787 | AI14: =IF(AND(M14>0,AG14>0),(AG14/(Q14*1000)*1000),0) -> 839.28894 | AJ14: =IF(AND(R14>0,AF14>0),(AF14/(R14*1000)*1000),0) -> 914.59602 | AK14: =IF(AND(S14>0,AG14>0),(AG14/(S14*1000)*1000),0) -> 870.41933 | AL14: 4268.5 | AM14: 5830 | AN14: 3912.2 | AO14: =SUM(AL14:AN14) -> 14010.7 | AP14: =+[1]Aug!N9 -> 13323 | AQ14: =+AP14-AO14 -> -687.7 | AR14: =+AL14/AO14 -> 0.30466001 | AS14: =+AM14/AO14 -> 0.41611054 | AT14: =1-AR14-AS14 -> 0.27922945 | AU14: =+AR14*AQ14 -> -209.51469 | AV14: =+AS14*AQ14 -> -286.15922 | AW14: =+AT14*AQ14 -> -192.02609 | AX14: =+AL14+AU14 -> 4058.9853 | AY14: =+AM14+AV14 -> 5543.8408 | AZ14: =+AN14+AW14 -> 3720.1739 | BA14: =+SUM(Efficiency2!K33:K34) -> 48.021842 | BB14: =BB13+BA14 -> 286.48647 | BC14: =+R14/BA14 -> 0.89021991 | BD14: =+S14/BB14 -> 0.87303251
A15: =A14+1 -> 45876 | B15: Toilet | C15: 15,5 | D15: =+'7'!F42 -> 1176.6667 | E15: =+'7'!G42 -> 929.56667 | F15: =1-(E15/D15) -> 0.21 | G15: =+P15/N15 -> 0.93258559 | H15: =+P15/L15 -> 0.93258559 | I15: =+R15/P15 -> 0.98919934 | J15: =+R15/L15 -> 0.92251305 | K15: =+S15/M15 -> 0.88077142 | L15: =+Efficiency1!K38 -> 53.114696 | M15: =M14+L15 -> 339.60116 | N15: =+Efficiency1!C38 -> 53.114696 | O15: =O14+N15 -> 339.38117 | P15: ='7'!I38 -> 49.534 | Q15: =Q14+P15 -> 308.923 | R15: ='7'!I40 -> 48.999 | S15: =S14+R15 -> 299.111 | T15: =+AX15 -> 4697.9637 | U15: =T15+U14 -> 28237.429 | V15: =T15/P15 -> 94.843213 | W15: =U15/Q15 -> 91.406041 | X15: =IF(AND(R15>0,T15>0),(T15/(R15*1000))*1000,0) -> 95.878767 | Y15: =IF(AND(S15>0,U15>0),U15/S15,0) -> 94.404514 | Z15: 61.7 | AA15: =Z15+AA14 -> 401.9 | AB15: =Z15/(P15) -> 1.2456091 | AC15: =AA15/(Q15) -> 1.3009714 | AD15: =IF(AND(R15>0,Z15>0),Z15/(R15),0) -> 1.2592094 | AE15: =IF(AND(S15>0,AA15>0),AA15/(S15),0) -> 1.3436483 | AF15: ='7'!I46 -> 35759.34 | AG15: =AF15+AG14 -> 253461.66 | AH15: =IF(AND(L15>0,AF15>0),(AF15/(P15*1000)*1000),0) -> 721.91505 | AI15: =IF(AND(M15>0,AG15>0),(AG15/(Q15*1000)*1000),0) -> 820.46873 | AJ15: =IF(AND(R15>0,AF15>0),(AF15/(R15*1000)*1000),0) -> 729.79734 | AK15: =IF(AND(S15>0,AG15>0),(AG15/(S15*1000)*1000),0) -> 847.38328 | AL15: 4855.8 | AM15: 5240.2 | AN15: 3637.4 | AO15: =SUM(AL15:AN15) -> 13733.4 | AP15: =+[1]Aug!N10 -> 13287 | AQ15: =+AP15-AO15 -> -446.4 | AR15: =+AL15/AO15 -> 0.35357595 | AS15: =+AM15/AO15 -> 0.38156611 | AT15: =1-AR15-AS15 -> 0.26485794 | AU15: =+AR15*AQ15 -> -157.83631 | AV15: =+AS15*AQ15 -> -170.33111 | AW15: =+AT15*AQ15 -> -118.23258 | AX15: =+AL15+AU15 -> 4697.9637 | AY15: =+AM15+AV15 -> 5069.8689 | AZ15: =+AN15+AW15 -> 3519.1674 | BA15: =+Efficiency2!K38 -> 53.114696 | BB15: =BB14+BA15 -> 339.60116 | BC15: =+R15/BA15 -> 0.92251305 | BD15: =+S15/BB15 -> 0.88077142
A16: =A15+1 -> 45877 | B16: Toilet/Facial | C16: 15,5/19/15 | D16: =+'8'!F42 -> 1106.6632 | E16: =+'8'!G42 -> 859.44222 | F16: =1-(E16/D16) -> 0.22339315 | G16: =+P16/N16 -> 0.94575278 | H16: =+P16/L16 -> 0.92281083 | I16: =+R16/P16 -> 0.89585934 | J16: =+R16/L16 -> 0.82670871 | K16: =+S16/M16 -> 0.87347982 | L16: =+SUM(Efficiency1!K43:K45) -> 52.943678 | M16: =M15+L16 -> 392.54484 | N16: =+SUM(Efficiency1!C43:C45) -> 51.659377 | O16: =O15+N16 -> 391.04055 | P16: ='8'!I38 -> 48.857 | Q16: =Q15+P16 -> 357.78 | R16: ='8'!I40 -> 43.769 | S16: =S15+R16 -> 342.88 | T16: =+AX16 -> 4524.3758 | U16: =T16+U15 -> 32761.804 | V16: =T16/P16 -> 92.604453 | W16: =U16/Q16 -> 91.569692 | X16: =IF(AND(R16>0,T16>0),(T16/(R16*1000))*1000,0) -> 103.36941 | Y16: =IF(AND(S16>0,U16>0),U16/S16,0) -> 95.548893 | Z16: 56.9 | AA16: =Z16+AA15 -> 458.8 | AB16: =Z16/(P16) -> 1.1646233 | AC16: =AA16/(Q16) -> 1.2823523 | AD16: =IF(AND(R16>0,Z16>0),Z16/(R16),0) -> 1.3000069 | AE16: =IF(AND(S16>0,AA16>0),AA16/(S16),0) -> 1.3380775 | AF16: ='8'!I46 -> 35500.54 | AG16: =AF16+AG15 -> 288962.2 | AH16: =IF(AND(L16>0,AF16>0),(AF16/(P16*1000)*1000),0) -> 726.62136 | AI16: =IF(AND(M16>0,AG16>0),(AG16/(Q16*1000)*1000),0) -> 807.65331 | AJ16: =IF(AND(R16>0,AF16>0),(AF16/(R16*1000)*1000),0) -> 811.08867 | AK16: =IF(AND(S16>0,AG16>0),(AG16/(S16*1000)*1000),0) -> 842.75023 | AL16: 4886.1 | AM16: 1910.8 | AN16: 991.7 | AO16: =SUM(AL16:AN16) -> 7788.6 | AP16: =+[1]Aug!N11 -> 7212 | AQ16: =+AP16-AO16 -> -576.6 | AR16: =+AL16/AO16 -> 0.62733996 | AS16: =+AM16/AO16 -> 0.24533292 | AT16: =1-AR16-AS16 -> 0.12732712 | AU16: =+AR16*AQ16 -> -361.72422 | AV16: =+AS16*AQ16 -> -141.45896 | AW16: =+AT16*AQ16 -> -73.416817 | AX16: =+AL16+AU16 -> 4524.3758 | AY16: =+AM16+AV16 -> 1769.341 | AZ16: =+AN16+AW16 -> 918.28318 | BA16: =+SUM(Efficiency2!K43:K45) -> 52.943678 | BB16: =BB15+BA16 -> 392.54484 | BC16: =+R16/BA16 -> 0.82670871 | BD16: =+S16/BB16 -> 0.87347982
A17: =A16+1 -> 45878 | B17: Facial | C17: 15/13,5/13/12 | D17: =+'9'!F42 -> 1217.6389 | E17: =+'9'!G42 -> 937.63604 | F17: =1-(E17/D17) -> 0.22995557 | G17: =+P17/N17 -> 0.91497456 | H17: =+P17/L17 -> 0.89951138 | I17: =+R17/P17 -> 1.0638794 | J17: =+R17/L17 -> 0.9569716 | K17: =+S17/M17 -> 0.88236428 | L17: =+SUM(Efficiency1!K48:K51) -> 46.745379 | M17: =M16+L17 -> 439.29022 | N17: =+SUM(Efficiency1!C48:C51) -> 45.955376 | O17: =O16+N17 -> 436.99593 | P17: ='9'!I38 -> 42.048 | Q17: =Q16+P17 -> 399.828 | R17: ='9'!I40 -> 44.734 | S17: =S16+R17 -> 387.614 | T17: =+AX17 -> 4194.3675 | U17: =T17+U16 -> 36956.172 | V17: =T17/P17 -> 99.751891 | W17: =U17/Q17 -> 92.430174 | X17: =IF(AND(R17>0,T17>0),(T17/(R17*1000))*1000,0) -> 93.762407 | Y17: =IF(AND(S17>0,U17>0),U17/S17,0) -> 95.342717 | Z17: 54.1 | AA17: =Z17+AA16 -> 512.9 | AB17: =Z17/(P17) -> 1.2866248 | AC17: =AA17/(Q17) -> 1.2828016 | AD17: =IF(AND(R17>0,Z17>0),Z17/(R17),0) -> 1.2093709 | AE17: =IF(AND(S17>0,AA17>0),AA17/(S17),0) -> 1.3232236 | AF17: ='9'!I46 -> 38913.42 | AG17: =AF17+AG16 -> 327875.62 | AH17: =IF(AND(L17>0,AF17>0),(AF17/(P17*1000)*1000),0) -> 925.45234 | AI17: =IF(AND(M17>0,AG17>0),(AG17/(Q17*1000)*1000),0) -> 820.04167 | AJ17: =IF(AND(R17>0,AF17>0),(AF17/(R17*1000)*1000),0) -> 869.88465 | AK17: =IF(AND(S17>0,AG17>0),(AG17/(S17*1000)*1000),0) -> 845.88178 | AL17: 4372.6 | AM17: 5399.8 | AN17: 4226.2 | AO17: =SUM(AL17:AN17) -> 13998.6 | AP17: =+[1]Aug!N12 -> 13428 | AQ17: =+AP17-AO17 -> -570.6 | AR17: =+AL17/AO17 -> 0.31235981 | AS17: =+AM17/AO17 -> 0.38573857 | AT17: =1-AR17-AS17 -> 0.30190162 | AU17: =+AR17*AQ17 -> -178.23251 | AV17: =+AS17*AQ17 -> -220.10243 | AW17: =+AT17*AQ17 -> -172.26506 | AX17: =+AL17+AU17 -> 4194.3675 | AY17: =+AM17+AV17 -> 5179.6976 | AZ17: =+AN17+AW17 -> 4053.9349 | BA17: =+SUM(Efficiency2!K48:K51) -> 46.745379 | BB17: =BB16+BA17 -> 439.29022 | BC17: =+R17/BA17 -> 0.9569716 | BD17: =+S17/BB17 -> 0.88236428
A18: =A17+1 -> 45879 | B18: Facial | C18: 12 | D18: =+'10'!F42 -> 1230 | E18: =+'10'!G42 -> 947.1 | F18: =1-(E18/D18) -> 0.23 | G18: =+P18/N18 -> 0.96407089 | H18: =+P18/L18 -> 0.96407089 | I18: =+R18/P18 -> 0.94499842 | J18: =+R18/L18 -> 0.91104547 | K18: =+S18/M18 -> 0.88490805 | L18: =+Efficiency1!K54 -> 42.75308 | M18: =M17+L18 -> 482.0433 | N18: =+Efficiency1!C54 -> 42.75308 | O18: =O17+N18 -> 479.74901 | P18: ='10'!I38 -> 41.217 | Q18: =Q17+P18 -> 441.045 | R18: ='10'!I40 -> 38.95 | S18: =S17+R18 -> 426.564 | T18: =+AX18 -> 3959.0462 | U18: =T18+U17 -> 40915.218 | V18: =T18/P18 -> 96.053721 | W18: =U18/Q18 -> 92.768806 | X18: =IF(AND(R18>0,T18>0),(T18/(R18*1000))*1000,0) -> 101.64432 | Y18: =IF(AND(S18>0,U18>0),U18/S18,0) -> 95.918123 | Z18: 51.6 | AA18: =Z18+AA17 -> 564.5 | AB18: =Z18/(P18) -> 1.2519106 | AC18: =AA18/(Q18) -> 1.2799147 | AD18: =IF(AND(R18>0,Z18>0),Z18/(R18),0) -> 1.3247754 | AE18: =IF(AND(S18>0,AA18>0),AA18/(S18),0) -> 1.3233653 | AF18: ='10'!I46 -> 36702.54 | AG18: =AF18+AG17 -> 364578.16 | AH18: =IF(AND(L18>0,AF18>0),(AF18/(P18*1000)*1000),0) -> 890.47092 | AI18: =IF(AND(M18>0,AG18>0),(AG18/(Q18*1000)*1000),0) -> 826.6235 | AJ18: =IF(AND(R18>0,AF18>0),(AF18/(R18*1000)*1000),0) -> 942.29884 | AK18: =IF(AND(S18>0,AG18>0),(AG18/(S18*1000)*1000),0) -> 854.68572 | AL18: 4220.2 | AM18: 5311.4 | AN18: 4370.7 | AO18: =SUM(AL18:AN18) -> 13902.3 | AP18: =+[1]Aug!N13 -> 13042 | AQ18: =+AP18-AO18 -> -860.3 | AR18: =+AL18/AO18 -> 0.30356128 | AS18: =+AM18/AO18 -> 0.38205189 | AT18: =1-AR18-AS18 -> 0.31438683 | AU18: =+AR18*AQ18 -> -261.15377 | AV18: =+AS18*AQ18 -> -328.67924 | AW18: =+AT18*AQ18 -> -270.46699 | AX18: =+AL18+AU18 -> 3959.0462 | AY18: =+AM18+AV18 -> 4982.7208 | AZ18: =+AN18+AW18 -> 4100.233 | BA18: =+Efficiency2!K54 -> 42.75308 | BB18: =BB17+BA18 -> 482.0433 | BC18: =+R18/BA18 -> 0.91104547 | BD18: =+S18/BB18 -> 0.88490805
A19: =A18+1 -> 45880 | B19: Facial | C19: 12/13 | D19: =+'11'!F42 -> 1230 | E19: =+'11'!G42 -> 947.1 | F19: =1-(E19/D19) -> 0.23 | G19: =+P19/N19 -> 0.88078763 | H19: =+P19/L19 -> 0.87655348 | I19: =+R19/P19 -> 1.0339566 | J19: =+R19/L19 -> 0.90631825 | K19: =+S19/M19 -> 0.88672809 | L19: =+SUM(Efficiency1!K59:K60) -> 44.784489 | M19: =M18+L19 -> 526.82779 | N19: =+SUM(Efficiency1!C59:C60) -> 44.5692 | O19: =O18+N19 -> 524.31821 | P19: ='11'!I38 -> 39.256 | Q19: =Q18+P19 -> 480.301 | R19: ='11'!I40 -> 40.589 | S19: =S18+R19 -> 467.153 | T19: =+AX19 -> 3997.9468 | U19: =T19+U18 -> 44913.165 | V19: =T19/P19 -> 101.84295 | W19: =U19/Q19 -> 93.510454 | X19: =IF(AND(R19>0,T19>0),(T19/(R19*1000))*1000,0) -> 98.498282 | Y19: =IF(AND(S19>0,U19>0),U19/S19,0) -> 96.142302 | Z19: 52.6 | AA19: =Z19+AA18 -> 617.1 | AB19: =Z19/(P19) -> 1.3399226 | AC19: =AA19/(Q19) -> 1.2848193 | AD19: =IF(AND(R19>0,Z19>0),Z19/(R19),0) -> 1.2959176 | AE19: =IF(AND(S19>0,AA19>0),AA19/(S19),0) -> 1.3209805 | AF19: ='11'!I46 -> 39128.22 | AG19: =AF19+AG18 -> 403706.38 | AH19: =IF(AND(L19>0,AF19>0),(AF19/(P19*1000)*1000),0) -> 996.74496 | AI19: =IF(AND(M19>0,AG19>0),(AG19/(Q19*1000)*1000),0) -> 840.52788 | AJ19: =IF(AND(R19>0,AF19>0),(AF19/(R19*1000)*1000),0) -> 964.01045 | AK19: =IF(AND(S19>0,AG19>0),(AG19/(S19*1000)*1000),0) -> 864.1845 | AL19: 4204 | AM19: 5216.3 | AN19: 3657.7 | AO19: =SUM(AL19:AN19) -> 13078 | AP19: =+[1]Aug!N14 -> 12437 | AQ19: =+AP19-AO19 -> -641 | AR19: =+AL19/AO19 -> 0.32145588 | AS19: =+AM19/AO19 -> 0.39886068 | AT19: =1-AR19-AS19 -> 0.27968344 | AU19: =+AR19*AQ19 -> -206.05322 | AV19: =+AS19*AQ19 -> -255.6697 | AW19: =+AT19*AQ19 -> -179.27708 | AX19: =+AL19+AU19 -> 3997.9468 | AY19: =+AM19+AV19 -> 4960.6303 | AZ19: =+AN19+AW19 -> 3478.4229 | BA19: =+SUM(Efficiency2!K59:K60) -> 44.784489 | BB19: =BB18+BA19 -> 526.82779 | BC19: =+R19/BA19 -> 0.90631825 | BD19: =+S19/BB19 -> 0.88672809
A20: =A19+1 -> 45881 | B20: Facial | C20: 13/12 | D20: =+'12'!F42 -> 1230 | E20: =+'12'!G42 -> 947.1 | F20: =1-(E20/D20) -> 0.23 | G20: =+P20/N20 -> 0.96777003 | H20: =+P20/L20 -> 0.9630504 | I20: =+R20/P20 -> 0.95148565 | J20: =+R20/L20 -> 0.91632864 | K20: =+S20/M20 -> 0.88905804 | L20: =+SUM(Efficiency1!K64:K66) -> 45.011144 | M20: =M19+L20 -> 571.83893 | N20: =+SUM(Efficiency1!C64:C66) -> 44.791633 | O20: =O19+N20 -> 569.10984 | P20: ='12'!I38 -> 43.348 | Q20: =Q19+P20 -> 523.649 | R20: ='12'!I40 -> 41.245 | S20: =S19+R20 -> 508.398 | T20: =+AX20 -> 3796.7779 | U20: =T20+U19 -> 48709.943 | V20: =T20/P20 -> 87.588306 | W20: =U20/Q20 -> 93.020215 | X20: =IF(AND(R20>0,T20>0),(T20/(R20*1000))*1000,0) -> 92.054258 | Y20: =IF(AND(S20>0,U20>0),U20/S20,0) -> 95.81065 | Z20: 54.7 | AA20: =Z20+AA19 -> 671.8 | AB20: =Z20/(P20) -> 1.2618806 | AC20: =AA20/(Q20) -> 1.2829204 | AD20: =IF(AND(R20>0,Z20>0),Z20/(R20),0) -> 1.3262214 | AE20: =IF(AND(S20>0,AA20>0),AA20/(S20),0) -> 1.3214057 | AF20: ='12'!I46 -> 39363.52 | AG20: =AF20+AG19 -> 443069.9 | AH20: =IF(AND(L20>0,AF20>0),(AF20/(P20*1000)*1000),0) -> 908.08157 | AI20: =IF(AND(M20>0,AG20>0),(AG20/(Q20*1000)*1000),0) -> 846.12002 | AJ20: =IF(AND(R20>0,AF20>0),(AF20/(R20*1000)*1000),0) -> 954.38283 | AK20: =IF(AND(S20>0,AG20>0),(AG20/(S20*1000)*1000),0) -> 871.50205 | AL20: 4062.5 | AM20: 5115.8 | AN20: 4015.7 | AO20: =SUM(AL20:AN20) -> 13194 | AP20: =+[1]Aug!N15 -> 12331 | AQ20: =+AP20-AO20 -> -863 | AR20: =+AL20/AO20 -> 0.30790511 | AS20: =+AM20/AO20 -> 0.38773685 | AT20: =1-AR20-AS20 -> 0.30435804 | AU20: =+AR20*AQ20 -> -265.72211 | AV20: =+AS20*AQ20 -> -334.6169 | AW20: =+AT20*AQ20 -> -262.66099 | AX20: =+AL20+AU20 -> 3796.7779 | AY20: =+AM20+AV20 -> 4781.1831 | AZ20: =+AN20+AW20 -> 3753.039 | BA20: =+SUM(Efficiency2!K64:K66) -> 45.011144 | BB20: =BB19+BA20 -> 571.83893 | BC20: =+R20/BA20 -> 0.91632864 | BD20: =+S20/BB20 -> 0.88905804
A21: =A20+1 -> 45882 | B21: Facial | C21: 13/12 | D21: =+'13'!F42 -> 1230 | E21: =+'13'!G42 -> 947.1 | F21: =1-(E21/D21) -> 0.23 | G21: =+P21/N21 -> 0.96215226 | H21: =+P21/L21 -> 0.95108692 | I21: =+R21/P21 -> 0.99888106 | J21: =+R21/L21 -> 0.95002271 | K21: =+S21/M21 -> 0.89368668 | L21: =+SUM(Efficiency1!K69:K70) -> 46.983087 | M21: =M20+L21 -> 618.82202 | N21: =+SUM(Efficiency1!C69:C70) -> 46.442753 | O21: =O20+N21 -> 615.55259 | P21: ='13'!I38 -> 44.685 | Q21: =Q20+P21 -> 568.334 | R21: ='13'!I40 -> 44.635 | S21: =S20+R21 -> 553.033 | T21: =+AX21 -> 3793.2205 | U21: =T21+U20 -> 52503.163 | V21: =T21/P21 -> 84.888005 | W21: =U21/Q21 -> 92.380824 | X21: =IF(AND(R21>0,T21>0),(T21/(R21*1000))*1000,0) -> 84.983097 | Y21: =IF(AND(S21>0,U21>0),U21/S21,0) -> 94.936764 | Z21: 57.2 | AA21: =Z21+AA20 -> 729 | AB21: =Z21/(P21) -> 1.2800716 | AC21: =AA21/(Q21) -> 1.2826964 | AD21: =IF(AND(R21>0,Z21>0),Z21/(R21),0) -> 1.2815055 | AE21: =IF(AND(S21>0,AA21>0),AA21/(S21),0) -> 1.3181854 | AF21: ='13'!I46 -> 37563.82 | AG21: =AF21+AG20 -> 480633.72 | AH21: =IF(AND(L21>0,AF21>0),(AF21/(P21*1000)*1000),0) -> 840.63601 | AI21: =IF(AND(M21>0,AG21>0),(AG21/(Q21*1000)*1000),0) -> 845.68884 | AJ21: =IF(AND(R21>0,AF21>0),(AF21/(R21*1000)*1000),0) -> 841.57769 | AK21: =IF(AND(S21>0,AG21>0),(AG21/(S21*1000)*1000),0) -> 869.08687 | AL21: 4190.3 | AM21: 4609 | AN21: 4132.1 | AO21: =SUM(AL21:AN21) -> 12931.4 | AP21: =+[1]Aug!N16 -> 11706 | AQ21: =+AP21-AO21 -> -1225.4 | AR21: =+AL21/AO21 -> 0.32404071 | AS21: =+AM21/AO21 -> 0.35641926 | AT21: =1-AR21-AS21 -> 0.31954003 | AU21: =+AR21*AQ21 -> -397.07948 | AV21: =+AS21*AQ21 -> -436.75616 | AW21: =+AT21*AQ21 -> -391.56436 | AX21: =+AL21+AU21 -> 3793.2205 | AY21: =+AM21+AV21 -> 4172.2438 | AZ21: =+AN21+AW21 -> 3740.5356 | BA21: =+SUM(Efficiency2!K69:K70) -> 46.983087 | BB21: =BB20+BA21 -> 618.82202 | BC21: =+R21/BA21 -> 0.95002271 | BD21: =+S21/BB21 -> 0.89368668
A22: =A21+1 -> 45883 | B22: Facial | C22: 13/12,5 | D22: =+'14'!F42 -> 1230 | E22: =+'14'!G42 -> 947.1 | F22: =1-(E22/D22) -> 0.23 | G22: =+P22/N22 -> 0.9610295 | H22: =+P22/L22 -> 0.94870861 | I22: =+R22/P22 -> 0.96228315 | J22: =+R22/L22 -> 0.91292631 | K22: =+S22/M22 -> 0.89501942 | L22: =+SUM(Efficiency1!K74:K75) -> 46.056291 | M22: =M21+L22 -> 664.87831 | N22: =+SUM(Efficiency1!C74:C75) -> 45.465826 | O22: =O21+N22 -> 661.01842 | P22: ='14'!I38 -> 43.694 | Q22: =Q21+P22 -> 612.028 | R22: ='14'!I40 -> 42.046 | S22: =S21+R22 -> 595.079 | T22: =+AX22 -> 4189.5462 | U22: =T22+U21 -> 56692.709 | V22: =T22/P22 -> 95.883788 | W22: =U22/Q22 -> 92.630908 | X22: =IF(AND(R22>0,T22>0),(T22/(R22*1000))*1000,0) -> 99.641969 | Y22: =IF(AND(S22>0,U22>0),U22/S22,0) -> 95.269215 | Z22: 57.5 | AA22: =Z22+AA21 -> 786.5 | AB22: =Z22/(P22) -> 1.3159702 | AC22: =AA22/(Q22) -> 1.2850719 | AD22: =IF(AND(R22>0,Z22>0),Z22/(R22),0) -> 1.3675498 | AE22: =IF(AND(S22>0,AA22>0),AA22/(S22),0) -> 1.3216733 | AF22: ='14'!I46 -> 38432.16 | AG22: =AF22+AG21 -> 519065.88 | AH22: =IF(AND(L22>0,AF22>0),(AF22/(P22*1000)*1000),0) -> 879.57523 | AI22: =IF(AND(M22>0,AG22>0),(AG22/(Q22*1000)*1000),0) -> 848.10806 | AJ22: =IF(AND(R22>0,AF22>0),(AF22/(R22*1000)*1000),0) -> 914.05033 | AK22: =IF(AND(S22>0,AG22>0),(AG22/(S22*1000)*1000),0) -> 872.26382 | AL22: 4165.6 | AM22: 3656.9 | AN22: 4180.5 | AO22: =SUM(AL22:AN22) -> 12003 | AP22: =+[1]Aug!N17 -> 12072 | AQ22: =+AP22-AO22 -> 69 | AR22: =+AL22/AO22 -> 0.34704657 | AS22: =+AM22/AO22 -> 0.3046655 | AT22: =1-AR22-AS22 -> 0.34828793 | AU22: =+AR22*AQ22 -> 23.946213 | AV22: =+AS22*AQ22 -> 21.02192 | AW22: =+AT22*AQ22 -> 24.031867 | AX22: =+AL22+AU22 -> 4189.5462 | AY22: =+AM22+AV22 -> 3677.9219 | AZ22: =+AN22+AW22 -> 4204.5319 | BA22: =+SUM(Efficiency2!K74:K75) -> 46.056291 | BB22: =BB21+BA22 -> 664.87831 | BC22: =+R22/BA22 -> 0.91292631 | BD22: =+S22/BB22 -> 0.89501942
A23: =A22+1 -> 45884 | B23: Facial | C23: 13,5 | D23: =+'15'!F42 -> 1230 | E23: =+'15'!G42 -> 947.1 | F23: =1-(E23/D23) -> 0.23 | G23: =+P23/N23 -> 0.94360542 | H23: =+P23/L23 -> 0.93150792 | I23: =+R23/P23 -> 0.97212905 | J23: =+R23/L23 -> 0.90554591 | K23: =+S23/M23 -> 0.89575033 | L23: =+Efficiency1!K79 -> 49.610958 | M23: =M22+L23 -> 714.48927 | N23: =+Efficiency1!C79 -> 48.97492 | O23: =O22+N23 -> 709.99334 | P23: ='15'!I38 -> 46.213 | Q23: =Q22+P23 -> 658.241 | R23: ='15'!I40 -> 44.925 | S23: =S22+R23 -> 640.004 | T23: =+AX23 -> 4106.7766 | U23: =T23+U22 -> 60799.486 | V23: =T23/P23 -> 88.866264 | W23: =U23/Q23 -> 92.366604 | X23: =IF(AND(R23>0,T23>0),(T23/(R23*1000))*1000,0) -> 91.41406 | Y23: =IF(AND(S23>0,U23>0),U23/S23,0) -> 94.998603 | Z23: 60.6 | AA23: =Z23+AA22 -> 847.1 | AB23: =Z23/(P23) -> 1.3113193 | AC23: =AA23/(Q23) -> 1.2869147 | AD23: =IF(AND(R23>0,Z23>0),Z23/(R23),0) -> 1.3489149 | AE23: =IF(AND(S23>0,AA23>0),AA23/(S23),0) -> 1.3235855 | AF23: ='15'!I46 -> 37218.46 | AG23: =AF23+AG22 -> 556284.34 | AH23: =IF(AND(L23>0,AF23>0),(AF23/(P23*1000)*1000),0) -> 805.36775 | AI23: =IF(AND(M23>0,AG23>0),(AG23/(Q23*1000)*1000),0) -> 845.1074 | AJ23: =IF(AND(R23>0,AF23>0),(AF23/(R23*1000)*1000),0) -> 828.45765 | AK23: =IF(AND(S23>0,AG23>0),(AG23/(S23*1000)*1000),0) -> 869.18885 | AL23: 4193.8 | AM23: 5172.6 | AN23: 4035.7 | AO23: =SUM(AL23:AN23) -> 13402.1 | AP23: =+[1]Aug!N18 -> 13124 | AQ23: =+AP23-AO23 -> -278.1 | AR23: =+AL23/AO23 -> 0.31292111 | AS23: =+AM23/AO23 -> 0.38595444 | AT23: =1-AR23-AS23 -> 0.30112445 | AU23: =+AR23*AQ23 -> -87.023361 | AV23: =+AS23*AQ23 -> -107.33393 | AW23: =+AT23*AQ23 -> -83.74271 | AX23: =+AL23+AU23 -> 4106.7766 | AY23: =+AM23+AV23 -> 5065.2661 | AZ23: =+AN23+AW23 -> 3951.9573 | BA23: =+Efficiency2!K79 -> 49.610958 | BB23: =BB22+BA23 -> 714.48927 | BC23: =+R23/BA23 -> 0.90554591 | BD23: =+S23/BB23 -> 0.89575033
A24: =A23+1 -> 45885 | B24: Facial | C24: 13,5 | D24: =+'16'!F42 -> 1230 | E24: =+'16'!G42 -> 947.1 | F24: =1-(E24/D24) -> 0.23 | G24: =+P24/N24 -> 0.97515218 | H24: =+P24/L24 -> 0.96265023 | I24: =+R24/P24 -> 0.9622681 | J24: =+R24/L24 -> 0.92632761 | K24: =+S24/M24 -> 0.89773563 | L24: =+Efficiency1!K84 -> 49.610958 | M24: =M23+L24 -> 764.10023 | N24: =+Efficiency1!C84 -> 48.97492 | O24: =O23+N24 -> 758.96826 | P24: ='16'!I38 -> 47.758 | Q24: =Q23+P24 -> 705.999 | R24: ='16'!I40 -> 45.956 | S24: =S23+R24 -> 685.96 | T24: =+AX24 -> 4247.3598 | U24: =T24+U23 -> 65046.846 | V24: =T24/P24 -> 88.935043 | W24: =U24/Q24 -> 92.134473 | X24: =IF(AND(R24>0,T24>0),(T24/(R24*1000))*1000,0) -> 92.422312 | Y24: =IF(AND(S24>0,U24>0),U24/S24,0) -> 94.826004 | Z24: 59.6 | AA24: =Z24+AA23 -> 906.7 | AB24: =Z24/(P24) -> 1.2479585 | AC24: =AA24/(Q24) -> 1.2842794 | AD24: =IF(AND(R24>0,Z24>0),Z24/(R24),0) -> 1.2968927 | AE24: =IF(AND(S24>0,AA24>0),AA24/(S24),0) -> 1.3217972 | AF24: ='16'!I46 -> 37046.8 | AG24: =AF24+AG23 -> 593331.14 | AH24: =IF(AND(L24>0,AF24>0),(AF24/(P24*1000)*1000),0) -> 775.71925 | AI24: =IF(AND(M24>0,AG24>0),(AG24/(Q24*1000)*1000),0) -> 840.41357 | AJ24: =IF(AND(R24>0,AF24>0),(AF24/(R24*1000)*1000),0) -> 806.1363 | AK24: =IF(AND(S24>0,AG24>0),(AG24/(S24*1000)*1000),0) -> 864.96463 | AL24: 4220.9 | AM24: 5385.2 | AN24: 3857.5 | AO24: =SUM(AL24:AN24) -> 13463.6 | AP24: =+[1]Aug!N19 -> 13548 | AQ24: =+AP24-AO24 -> 84.4 | AR24: =+AL24/AO24 -> 0.31350456 | AS24: =+AM24/AO24 -> 0.39998217 | AT24: =1-AR24-AS24 -> 0.28651327 | AU24: =+AR24*AQ24 -> 26.459785 | AV24: =+AS24*AQ24 -> 33.758495 | AW24: =+AT24*AQ24 -> 24.18172 | AX24: =+AL24+AU24 -> 4247.3598 | AY24: =+AM24+AV24 -> 5418.9585 | AZ24: =+AN24+AW24 -> 3881.6817 | BA24: =+Efficiency2!K84 -> 49.610958 | BB24: =BB23+BA24 -> 764.10023 | BC24: =+R24/BA24 -> 0.92632761 | BD24: =+S24/BB24 -> 0.89773563
A25: =A24+1 -> 45886 | B25: Facial | C25: 13,5/12 | D25: =+'17'!F42 -> 1230 | E25: =+'17'!G42 -> 947.1 | F25: =1-(E25/D25) -> 0.23 | G25: =+P25/N25 -> 0.95478212 | H25: =+P25/L25 -> 0.9467675 | I25: =+R25/P25 -> 0.98089129 | J25: =+R25/L25 -> 0.92867599 | K25: =+S25/M25 -> 0.89953187 | L25: =+SUM(Efficiency1!K89:K90) -> 47.093928 | M25: =M24+L25 -> 811.19416 | N25: =+SUM(Efficiency1!C89:C90) -> 46.698612 | O25: =O24+N25 -> 805.66687 | P25: ='17'!I38 -> 44.587 | Q25: =Q24+P25 -> 750.586 | R25: ='17'!I40 -> 43.735 | S25: =S24+R25 -> 729.695 | T25: =+AX25 -> 4164.44 | U25: =T25+U24 -> 69211.286 | V25: =T25/P25 -> 93.400318 | W25: =U25/Q25 -> 92.209668 | X25: =IF(AND(R25>0,T25>0),(T25/(R25*1000))*1000,0) -> 95.219846 | Y25: =IF(AND(S25>0,U25>0),U25/S25,0) -> 94.84961 | Z25: 59.2 | AA25: =Z25+AA24 -> 965.9 | AB25: =Z25/(P25) -> 1.3277413 | AC25: =AA25/(Q25) -> 1.2868612 | AD25: =IF(AND(R25>0,Z25>0),Z25/(R25),0) -> 1.353607 | AE25: =IF(AND(S25>0,AA25>0),AA25/(S25),0) -> 1.3237037 | AF25: ='17'!I46 -> 37209.54 | AG25: =AF25+AG24 -> 630540.68 | AH25: =IF(AND(L25>0,AF25>0),(AF25/(P25*1000)*1000),0) -> 834.53787 | AI25: =IF(AND(M25>0,AG25>0),(AG25/(Q25*1000)*1000),0) -> 840.06454 | AJ25: =IF(AND(R25>0,AF25>0),(AF25/(R25*1000)*1000),0) -> 850.79547 | AK25: =IF(AND(S25>0,AG25>0),(AG25/(S25*1000)*1000),0) -> 864.11539 | AL25: 4186 | AM25: 5353.1 | AN25: 3935.3 | AO25: =SUM(AL25:AN25) -> 13474.4 | AP25: =+[1]Aug!N20 -> 13405 | AQ25: =+AP25-AO25 -> -69.4 | AR25: =+AL25/AO25 -> 0.31066318 | AS25: =+AM25/AO25 -> 0.39727929 | AT25: =1-AR25-AS25 -> 0.29205753 | AU25: =+AR25*AQ25 -> -21.560025 | AV25: =+AS25*AQ25 -> -27.571182 | AW25: =+AT25*AQ25 -> -20.268793 | AX25: =+AL25+AU25 -> 4164.44 | AY25: =+AM25+AV25 -> 5325.5288 | AZ25: =+AN25+AW25 -> 3915.0312 | BA25: =+SUM(Efficiency2!K89:K90) -> 47.093928 | BB25: =BB24+BA25 -> 811.19416 | BC25: =+R25/BA25 -> 0.92867599 | BD25: =+S25/BB25 -> 0.89953187
A26: =A25+1 -> 45887 | B26: Facial | C26: 12/13 | D26: =+'18'!F42 -> 1230 | E26: =+'18'!G42 -> 947.1 | F26: =1-(E26/D26) -> 0.23 | G26: =+P26/N26 -> 0.95140395 | H26: =+P26/L26 -> 0.94992396 | I26: =+R26/P26 -> 1.0514397 | J26: =+R26/L26 -> 0.99878775 | K26: =+S26/M26 -> 0.9045642 | L26: =+SUM(Efficiency1!K94:K95) -> 43.32452 | M26: =M25+L26 -> 854.51868 | N26: =+SUM(Efficiency1!C94:C95) -> 43.257126 | O26: =O25+N26 -> 848.92399 | P26: ='18'!I38 -> 41.155 | Q26: =Q25+P26 -> 791.741 | R26: ='18'!I40 -> 43.272 | S26: =S25+R26 -> 772.967 | T26: =+AX26 -> 3160.9695 | U26: =T26+U25 -> 72372.255 | V26: =T26/P26 -> 76.806452 | W26: =U26/Q26 -> 91.409003 | X26: =IF(AND(R26>0,T26>0),(T26/(R26*1000))*1000,0) -> 73.048843 | Y26: =IF(AND(S26>0,U26>0),U26/S26,0) -> 93.629166 | Z26: 55.8 | AA26: =Z26+AA25 -> 1021.7 | AB26: =Z26/(P26) -> 1.3558498 | AC26: =AA26/(Q26) -> 1.2904473 | AD26: =IF(AND(R26>0,Z26>0),Z26/(R26),0) -> 1.2895175 | AE26: =IF(AND(S26>0,AA26>0),AA26/(S26),0) -> 1.3217899 | AF26: ='18'!I46 -> 36478.58 | AG26: =AF26+AG25 -> 667019.26 | AH26: =IF(AND(L26>0,AF26>0),(AF26/(P26*1000)*1000),0) -> 886.37055 | AI26: =IF(AND(M26>0,AG26>0),(AG26/(Q26*1000)*1000),0) -> 842.47154 | AJ26: =IF(AND(R26>0,AF26>0),(AF26/(R26*1000)*1000),0) -> 843.00656 | AK26: =IF(AND(S26>0,AG26>0),(AG26/(S26*1000)*1000),0) -> 862.93368 | AL26: 3980.8 | AM26: 4424.1 | AN26: 4040.1 | AO26: =SUM(AL26:AN26) -> 12445 | AP26: =+[1]Aug!N21 -> 9882 | AQ26: =+AP26-AO26 -> -2563 | AR26: =+AL26/AO26 -> 0.31987143 | AS26: =+AM26/AO26 -> 0.35549217 | AT26: =1-AR26-AS26 -> 0.3246364 | AU26: =+AR26*AQ26 -> -819.83049 | AV26: =+AS26*AQ26 -> -911.12642 | AW26: =+AT26*AQ26 -> -832.04309 | AX26: =+AL26+AU26 -> 3160.9695 | AY26: =+AM26+AV26 -> 3512.9736 | AZ26: =+AN26+AW26 -> 3208.0569 | BA26: =+SUM(Efficiency2!K94:K95) -> 43.32452 | BB26: =BB25+BA26 -> 854.51868 | BC26: =+R26/BA26 -> 0.99878775 | BD26: =+S26/BB26 -> 0.9045642
A27: =A26+1 -> 45888 | B27: Facial | C27: 13 | D27: =+'19'!F42 -> 1214.8178 | E27: =+'19'!G42 -> 935.40972 | F27: =1-(E27/D27) -> 0.23 | G27: =+P27/N27 -> 0.82381319 | H27: =+P27/L27 -> 0.80345138 | I27: =+R27/P27 -> 0.93752191 | J27: =+R27/L27 -> 0.75325327 | K27: =+S27/M27 -> 0.89680993 | L27: =+Efficiency1!K99 -> 46.157118 | M27: =M26+L27 -> 900.67579 | N27: =+Efficiency1!C99 -> 45.016274 | O27: =O26+N27 -> 893.94027 | P27: ='19'!I38 -> 37.085 | Q27: =Q26+P27 -> 828.826 | R27: ='19'!I40 -> 34.768 | S27: =S26+R27 -> 807.735 | T27: =+AX27 -> 3462.3535 | U27: =T27+U26 -> 75834.609 | V27: =T27/P27 -> 93.362641 | W27: =U27/Q27 -> 91.496416 | X27: =IF(AND(R27>0,T27>0),(T27/(R27*1000))*1000,0) -> 99.584489 | Y27: =IF(AND(S27>0,U27>0),U27/S27,0) -> 93.885506 | Z27: 52.7 | AA27: =Z27+AA26 -> 1074.4 | AB27: =Z27/(P27) -> 1.4210597 | AC27: =AA27/(Q27) -> 1.2962914 | AD27: =IF(AND(R27>0,Z27>0),Z27/(R27),0) -> 1.5157616 | AE27: =IF(AND(S27>0,AA27>0),AA27/(S27),0) -> 1.3301392 | AF27: ='19'!I46 -> 34346.46 | AG27: =AF27+AG26 -> 701365.72 | AH27: =IF(AND(L27>0,AF27>0),(AF27/(P27*1000)*1000),0) -> 926.15505 | AI27: =IF(AND(M27>0,AG27>0),(AG27/(Q27*1000)*1000),0) -> 846.21588 | AJ27: =IF(AND(R27>0,AF27>0),(AF27/(R27*1000)*1000),0) -> 987.87563 | AK27: =IF(AND(S27>0,AG27>0),(AG27/(S27*1000)*1000),0) -> 868.31166 | AL27: 3626.1 | AM27: 4975.5 | AN27: 4109.4 | AO27: =SUM(AL27:AN27) -> 12711 | AP27: =+[1]Aug!N22 -> 12137 | AQ27: =+AP27-AO27 -> -574 | AR27: =+AL27/AO27 -> 0.2852726 | AS27: =+AM27/AO27 -> 0.39143262 | AT27: =1-AR27-AS27 -> 0.32329478 | AU27: =+AR27*AQ27 -> -163.74647 | AV27: =+AS27*AQ27 -> -224.68232 | AW27: =+AT27*AQ27 -> -185.57121 | AX27: =+AL27+AU27 -> 3462.3535 | AY27: =+AM27+AV27 -> 4750.8177 | AZ27: =+AN27+AW27 -> 3923.8288 | BA27: =+Efficiency2!K99 -> 46.157118 | BB27: =BB26+BA27 -> 900.67579 | BC27: =+R27/BA27 -> 0.75325327 | BD27: =+S27/BB27 -> 0.89680993
A28: =A27+1 -> 45889 | B28: Facial | C28: 13/12 | D28: =+'20'!F42 -> 1230 | E28: =+'20'!G42 -> 947.1 | F28: =1-(E28/D28) -> 0.23 | G28: =+P28/N28 -> 1.0108609 | H28: =+P28/L28 -> 1.0055202 | I28: =+R28/P28 -> 0.92810945 | J28: =+R28/L28 -> 0.93323278 | K28: =+S28/M28 -> 0.89850556 | L28: =+SUM(Efficiency1!K105:K106) -> 43.977238 | M28: =M27+L28 -> 944.65303 | N28: =+SUM(Efficiency1!C105:C106) -> 43.74489 | O28: =O27+N28 -> 937.68516 | P28: ='20'!I38 -> 44.22 | Q28: =Q27+P28 -> 873.046 | R28: ='20'!I40 -> 41.041 | S28: =S27+R28 -> 848.776 | T28: =+AX28 -> 3761.0336 | U28: =T28+U27 -> 79595.642 | V28: =T28/P28 -> 85.052773 | W28: =U28/Q28 -> 91.170044 | X28: =IF(AND(R28>0,T28>0),(T28/(R28*1000))*1000,0) -> 91.640887 | Y28: =IF(AND(S28>0,U28>0),U28/S28,0) -> 93.776971 | Z28: 57.8 | AA28: =Z28+AA27 -> 1132.2 | AB28: =Z28/(P28) -> 1.3071009 | AC28: =AA28/(Q28) -> 1.2968389 | AD28: =IF(AND(R28>0,Z28>0),Z28/(R28),0) -> 1.4083477 | AE28: =IF(AND(S28>0,AA28>0),AA28/(S28),0) -> 1.3339208 | AF28: ='20'!I46 -> 36876.8 | AG28: =AF28+AG27 -> 738242.52 | AH28: =IF(AND(L28>0,AF28>0),(AF28/(P28*1000)*1000),0) -> 833.93939 | AI28: =IF(AND(M28>0,AG28>0),(AG28/(Q28*1000)*1000),0) -> 845.59407 | AJ28: =IF(AND(R28>0,AF28>0),(AF28/(R28*1000)*1000),0) -> 898.53561 | AK28: =IF(AND(S28>0,AG28>0),(AG28/(S28*1000)*1000),0) -> 869.77309 | AL28: 3978.7 | AM28: 4839.2 | AN28: 4119.9 | AO28: =SUM(AL28:AN28) -> 12937.8 | AP28: =+[1]Aug!N23 -> 12230 | AQ28: =+AP28-AO28 -> -707.8 | AR28: =+AL28/AO28 -> 0.30752524 | AS28: =+AM28/AO28 -> 0.37403577 | AT28: =1-AR28-AS28 -> 0.31843899 | AU28: =+AR28*AQ28 -> -217.66636 | AV28: =+AS28*AQ28 -> -264.74252 | AW28: =+AT28*AQ28 -> -225.39112 | AX28: =+AL28+AU28 -> 3761.0336 | AY28: =+AM28+AV28 -> 4574.4575 | AZ28: =+AN28+AW28 -> 3894.5089 | BA28: =+SUM(Efficiency2!K105:K106) -> 43.977238 | BB28: =BB27+BA28 -> 944.65303 | BC28: =+R28/BA28 -> 0.93323278 | BD28: =+S28/BB28 -> 0.89850556
A29: =A28+1 -> 45890 | B29: Facial | C29: 13/12 | D29: =+'21'!F42 -> 1230 | E29: =+'21'!G42 -> 947.1 | F29: =1-(E29/D29) -> 0.23 | G29: =+P29/N29 -> 0.95986212 | H29: =+P29/L29 -> 0.95669601 | I29: =+R29/P29 -> 0.99499027 | J29: =+R29/L29 -> 0.95190322 | K29: =+S29/M29 -> 0.90088328 | L29: =+SUM(Efficiency1!K109:K110) -> 44.024434 | M29: =M28+L29 -> 988.67747 | N29: =+SUM(Efficiency1!C109:C110) -> 43.879219 | O29: =O28+N29 -> 981.56438 | P29: ='21'!I38 -> 42.118 | Q29: =Q28+P29 -> 915.164 | R29: ='21'!I40 -> 41.907 | S29: =S28+R29 -> 890.683 | T29: =+AX29 -> 3638.8274 | U29: =T29+U28 -> 83234.47 | V29: =T29/P29 -> 86.396017 | W29: =U29/Q29 -> 90.950332 | X29: =IF(AND(R29>0,T29>0),(T29/(R29*1000))*1000,0) -> 86.831017 | Y29: =IF(AND(S29>0,U29>0),U29/S29,0) -> 93.450161 | Z29: 56.3 | AA29: =Z29+AA28 -> 1188.5 | AB29: =Z29/(P29) -> 1.3367206 | AC29: =AA29/(Q29) -> 1.2986743 | AD29: =IF(AND(R29>0,Z29>0),Z29/(R29),0) -> 1.343451 | AE29: =IF(AND(S29>0,AA29>0),AA29/(S29),0) -> 1.3343692 | AF29: ='21'!I46 -> 35401.9 | AG29: =AF29+AG28 -> 773644.42 | AH29: =IF(AND(L29>0,AF29>0),(AF29/(P29*1000)*1000),0) -> 840.54086 | AI29: =IF(AND(M29>0,AG29>0),(AG29/(Q29*1000)*1000),0) -> 845.36151 | AJ29: =IF(AND(R29>0,AF29>0),(AF29/(R29*1000)*1000),0) -> 844.77295 | AK29: =IF(AND(S29>0,AG29>0),(AG29/(S29*1000)*1000),0) -> 868.59682 | AL29: 3847 | AM29: 4860.1 | AN29: 4140.1 | AO29: =SUM(AL29:AN29) -> 12847.2 | AP29: =+[1]Aug!N24 -> 12152 | AQ29: =+AP29-AO29 -> -695.2 | AR29: =+AL29/AO29 -> 0.29944268 | AS29: =+AM29/AO29 -> 0.37830033 | AT29: =1-AR29-AS29 -> 0.32225699 | AU29: =+AR29*AQ29 -> -208.17255 | AV29: =+AS29*AQ29 -> -262.99439 | AW29: =+AT29*AQ29 -> -224.03306 | AX29: =+AL29+AU29 -> 3638.8274 | AY29: =+AM29+AV29 -> 4597.1056 | AZ29: =+AN29+AW29 -> 3916.0669 | BA29: =+SUM(Efficiency2!K109:K110) -> 44.024434 | BB29: =BB28+BA29 -> 988.67747 | BC29: =+R29/BA29 -> 0.95190322 | BD29: =+S29/BB29 -> 0.90088328
A30: =A29+1 -> 45891 | B30: Facial/Toilet | C30: 12/13 | D30: =+'22'!F42 -> 1230 | E30: =+'22'!G42 -> 952.38729 | F30: =1-(E30/D30) -> 0.22570139 | G30: =+P30/N30 -> 1.0117786 | H30: =+P30/L30 -> 1.0117786 | I30: =+R30/P30 -> 0.99356371 | J30: =+R30/L30 -> 1.0052665 | K30: =+S30/M30 -> 0.90538231 | L30: =+SUM(Efficiency1!K113:K114) -> 44.532472 | M30: =M29+L30 -> 1033.2099 | N30: =+SUM(Efficiency1!C113:C114) -> 44.532472 | O30: =O29+N30 -> 1026.0968 | P30: ='22'!I38 -> 45.057 | Q30: =Q29+P30 -> 960.221 | R30: ='22'!I40 -> 44.767 | S30: =S29+R30 -> 935.45 | T30: =+AX30 -> 3777.3498 | U30: =T30+U29 -> 87011.82 | V30: =T30/P30 -> 83.834915 | W30: =U30/Q30 -> 90.616452 | X30: =IF(AND(R30>0,T30>0),(T30/(R30*1000))*1000,0) -> 84.377996 | Y30: =IF(AND(S30>0,U30>0),U30/S30,0) -> 93.016003 | Z30: 59.1 | AA30: =Z30+AA29 -> 1247.6 | AB30: =Z30/(P30) -> 1.3116719 | AC30: =AA30/(Q30) -> 1.2992842 | AD30: =IF(AND(R30>0,Z30>0),Z30/(R30),0) -> 1.3201689 | AE30: =IF(AND(S30>0,AA30>0),AA30/(S30),0) -> 1.3336897 | AF30: ='22'!I46 -> 37575.12 | AG30: =AF30+AG29 -> 811219.54 | AH30: =IF(AND(L30>0,AF30>0),(AF30/(P30*1000)*1000),0) -> 833.94633 | AI30: =IF(AND(M30>0,AG30>0),(AG30/(Q30*1000)*1000),0) -> 844.82587 | AJ30: =IF(AND(R30>0,AF30>0),(AF30/(R30*1000)*1000),0) -> 839.34863 | AK30: =IF(AND(S30>0,AG30>0),(AG30/(S30*1000)*1000),0) -> 867.19711 | AL30: 3991.9 | AM30: 4909.9 | AN30: 3967.9 | AO30: =SUM(AL30:AN30) -> 12869.7 | AP30: =+[1]Aug!N25 -> 12178 | AQ30: =+AP30-AO30 -> -691.7 | AR30: =+AL30/AO30 -> 0.31017817 | AS30: =+AM30/AO30 -> 0.3815085 | AT30: =1-AR30-AS30 -> 0.30831333 | AU30: =+AR30*AQ30 -> -214.55024 | AV30: =+AS30*AQ30 -> -263.88943 | AW30: =+AT30*AQ30 -> -213.26033 | AX30: =+AL30+AU30 -> 3777.3498 | AY30: =+AM30+AV30 -> 4646.0106 | AZ30: =+AN30+AW30 -> 3754.6397 | BA30: =++SUM(Efficiency2!K113:K114) -> 44.532472 | BB30: =BB29+BA30 -> 1033.2099 | BC30: =+R30/BA30 -> 1.0052665 | BD30: =+S30/BB30 -> 0.90538231
A31: =A30+1 -> 45892 | B31: Toilet | C31: 13 | D31: =+'23'!F42 -> 1230 | E31: =+'23'!G42 -> 955.3 | F31: =1-(E31/D31) -> 0.22333333 | G31: =+P31/N31 -> 0.9878259 | H31: =+P31/L31 -> 0.9878259 | I31: =+R31/P31 -> 0.9196744 | J31: =+R31/L31 -> 0.90847819 | K31: =+S31/M31 -> 0.90551465 | L31: =+Efficiency1!K117 -> 46.138697 | M31: =M30+L31 -> 1079.3486 | N31: =+Efficiency1!C117 -> 46.138697 | O31: =O30+N31 -> 1072.2355 | P31: ='23'!I38 -> 45.577 | Q31: =Q30+P31 -> 1005.798 | R31: ='23'!I40 -> 41.916 | S31: =S30+R31 -> 977.366 | T31: =+AX31 -> 4005.5209 | U31: =T31+U30 -> 91017.341 | V31: =T31/P31 -> 87.884699 | W31: =U31/Q31 -> 90.492664 | X31: =IF(AND(R31>0,T31>0),(T31/(R31*1000))*1000,0) -> 95.560668 | Y31: =IF(AND(S31>0,U31>0),U31/S31,0) -> 93.125135 | Z31: 59.7 | AA31: =Z31+AA30 -> 1307.3 | AB31: =Z31/(P31) -> 1.3098712 | AC31: =AA31/(Q31) -> 1.299764 | AD31: =IF(AND(R31>0,Z31>0),Z31/(R31),0) -> 1.4242771 | AE31: =IF(AND(S31>0,AA31>0),AA31/(S31),0) -> 1.3375747 | AF31: ='23'!I46 -> 37109.54 | AG31: =AF31+AG30 -> 848329.08 | AH31: =IF(AND(L31>0,AF31>0),(AF31/(P31*1000)*1000),0) -> 814.21638 | AI31: =IF(AND(M31>0,AG31>0),(AG31/(Q31*1000)*1000),0) -> 843.43882 | AJ31: =IF(AND(R31>0,AF31>0),(AF31/(R31*1000)*1000),0) -> 885.33114 | AK31: =IF(AND(S31>0,AG31>0),(AG31/(S31*1000)*1000),0) -> 867.97482 | AL31: 4258.9 | AM31: 4911.8 | AN31: 4094.5 | AO31: =SUM(AL31:AN31) -> 13265.2 | AP31: =+[1]Aug!N26 -> 12476 | AQ31: =+AP31-AO31 -> -789.2 | AR31: =+AL31/AO31 -> 0.32105811 | AS31: =+AM31/AO31 -> 0.37027712 | AT31: =1-AR31-AS31 -> 0.30866478 | AU31: =+AR31*AQ31 -> -253.37906 | AV31: =+AS31*AQ31 -> -292.2227 | AW31: =+AT31*AQ31 -> -243.59824 | AX31: =+AL31+AU31 -> 4005.5209 | AY31: =+AM31+AV31 -> 4619.5773 | AZ31: =+AN31+AW31 -> 3850.9018 | BA31: =+Efficiency2!K117 -> 46.138697 | BB31: =BB30+BA31 -> 1079.3486 | BC31: =+R31/BA31 -> 0.90847819 | BD31: =+S31/BB31 -> 0.90551465
A32: =A31+1 -> 45893 | B32: Toilet | C32: 13 | D32: =+'24'!F42 -> 1230 | E32: =+'24'!G42 -> 959.4 | F32: =1-(E32/D32) -> 0.22 | G32: =+P32/N32 -> 0.95289443 | H32: =+P32/L32 -> 0.95289443 | I32: =+R32/P32 -> 1.0157404 | J32: =+R32/L32 -> 0.96789334 | K32: =+S32/M32 -> 0.90808235 | L32: =+Efficiency1!K122 -> 46.336717 | M32: =M31+L32 -> 1125.6854 | N32: =+Efficiency1!C122 -> 46.336717 | O32: =O31+N32 -> 1118.5723 | P32: ='24'!I38 -> 44.154 | Q32: =Q31+P32 -> 1049.952 | R32: ='24'!I40 -> 44.849 | S32: =S31+R32 -> 1022.215 | T32: =+AX32 -> 3983.3025 | U32: =T32+U31 -> 95000.643 | V32: =T32/P32 -> 90.213854 | W32: =U32/Q32 -> 90.480939 | X32: =IF(AND(R32>0,T32>0),(T32/(R32*1000))*1000,0) -> 88.81586 | Y32: =IF(AND(S32>0,U32>0),U32/S32,0) -> 92.936068 | Z32: 60.1 | AA32: =Z32+AA31 -> 1367.4 | AB32: =Z32/(P32) -> 1.3611451 | AC32: =AA32/(Q32) -> 1.3023453 | AD32: =IF(AND(R32>0,Z32>0),Z32/(R32),0) -> 1.3400522 | AE32: =IF(AND(S32>0,AA32>0),AA32/(S32),0) -> 1.3376834 | AF32: =+'24'!I46 -> 36643.12 | AG32: =AF32+AG31 -> 884972.2 | AH32: =IF(AND(L32>0,AF32>0),(AF32/(P32*1000)*1000),0) -> 829.89355 | AI32: =IF(AND(M32>0,AG32>0),(AG32/(Q32*1000)*1000),0) -> 842.8692 | AJ32: =IF(AND(R32>0,AF32>0),(AF32/(R32*1000)*1000),0) -> 817.03316 | AK32: =IF(AND(S32>0,AG32>0),(AG32/(S32*1000)*1000),0) -> 865.73979 | AL32: 4224 | AM32: 4952.1 | AN32: 4147.1 | AO32: =SUM(AL32:AN32) -> 13323.2 | AP32: =+[1]Aug!N27 -> 12564 | AQ32: =+AP32-AO32 -> -759.2 | AR32: =+AL32/AO32 -> 0.31704095 | AS32: =+AM32/AO32 -> 0.37168998 | AT32: =1-AR32-AS32 -> 0.31126906 | AU32: =+AR32*AQ32 -> -240.69749 | AV32: =+AS32*AQ32 -> -282.18704 | AW32: =+AT32*AQ32 -> -236.31547 | AX32: =+AL32+AU32 -> 3983.3025 | AY32: =+AM32+AV32 -> 4669.913 | AZ32: =+AN32+AW32 -> 3910.7845 | BA32: =+Efficiency2!K122 -> 46.336717 | BB32: =BB31+BA32 -> 1125.6854 | BC32: =+R32/BA32 -> 0.96789334 | BD32: =+S32/BB32 -> 0.90808235
A33: =A32+1 -> 45894 | B33: Toilet | C33: 13 | D33: =+'25'!F42 -> 1226.8125 | E33: =+'25'!G42 -> 947.37896 | F33: =1-(E33/D33) -> 0.227772 | G33: =+P33/N33 -> 0.96070188 | H33: =+P33/L33 -> 0.95821225 | I33: =+R33/P33 -> 0.93072933 | J33: =+R33/L33 -> 0.89183625 | K33: =+S33/M33 -> 0.9074462 | L33: =+Efficiency1!K127 -> 45.875013 | M33: =M32+L33 -> 1171.5604 | N33: =+Efficiency1!C127 -> 45.75613 | O33: =O32+N33 -> 1164.3284 | P33: ='25'!I38 -> 43.958 | Q33: =Q32+P33 -> 1093.91 | R33: ='25'!I40 -> 40.913 | S33: =S32+R33 -> 1063.128 | T33: =+AX33 -> 4139.0121 | U33: =T33+U32 -> 99139.655 | V33: =T33/P33 -> 94.158335 | W33: =U33/Q33 -> 90.628713 | X33: =IF(AND(R33>0,T33>0),(T33/(R33*1000))*1000,0) -> 101.16618 | Y33: =IF(AND(S33>0,U33>0),U33/S33,0) -> 93.252793 | Z33: 60.7 | AA33: =Z33+AA32 -> 1428.1 | AB33: =Z33/(P33) -> 1.3808636 | AC33: =AA33/(Q33) -> 1.3055005 | AD33: =IF(AND(R33>0,Z33>0),Z33/(R33),0) -> 1.483636 | AE33: =IF(AND(S33>0,AA33>0),AA33/(S33),0) -> 1.3433001 | AF33: =+'25'!I46 -> 35649.18 | AG33: =AF33+AG32 -> 920621.38 | AH33: =IF(AND(L33>0,AF33>0),(AF33/(P33*1000)*1000),0) -> 810.98276 | AI33: =IF(AND(M33>0,AG33>0),(AG33/(Q33*1000)*1000),0) -> 841.58786 | AJ33: =IF(AND(R33>0,AF33>0),(AF33/(R33*1000)*1000),0) -> 871.34114 | AK33: =IF(AND(S33>0,AG33>0),(AG33/(S33*1000)*1000),0) -> 865.95535 | AL33: 4257.5 | AM33: 5387 | AN33: 4081.5 | AO33: =SUM(AL33:AN33) -> 13726 | AP33: =+[1]Aug!N28 -> 13344 | AQ33: =+AP33-AO33 -> -382 | AR33: =+AL33/AO33 -> 0.31017776 | AS33: =+AM33/AO33 -> 0.39246685 | AT33: =1-AR33-AS33 -> 0.29735538 | AU33: =+AR33*AQ33 -> -118.48791 | AV33: =+AS33*AQ33 -> -149.92234 | AW33: =+AT33*AQ33 -> -113.58976 | AX33: =+AL33+AU33 -> 4139.0121 | AY33: =+AM33+AV33 -> 5237.0777 | AZ33: =+AN33+AW33 -> 3967.9102 | BA33: =+Efficiency2!K127 -> 45.875013 | BB33: =BB32+BA33 -> 1171.5604 | BC33: =+R33/BA33 -> 0.89183625 | BD33: =+S33/BB33 -> 0.9074462
A34: =A33+1 -> 45895 | B34: Toilet/Facial | C34: 13/12 | D34: =+'26'!F42 -> 1218.0278 | E34: =+'26'!G42 -> 937.88139 | F34: =1-(E34/D34) -> 0.23 | G34: =+P34/N34 -> 0.93728236 | H34: =+P34/L34 -> 0.92825065 | I34: =+R34/P34 -> 0.95413041 | J34: =+R34/L34 -> 0.88567217 | K34: =+S34/M34 -> 0.90663959 | L34: =+SUM(Efficiency1!K132:K133) -> 45.069723 | M34: =M33+L34 -> 1216.6301 | N34: =+SUM(Efficiency1!C132:C133) -> 44.635429 | O34: =O33+N34 -> 1208.9638 | P34: ='26'!I38 -> 41.836 | Q34: =Q33+P34 -> 1135.746 | R34: ='26'!I40 -> 39.917 | S34: =S33+R34 -> 1103.045 | T34: =+AX34 -> 4099.3081 | U34: =T34+U33 -> 103238.96 | V34: =T34/P34 -> 97.985184 | W34: =U34/Q34 -> 90.899694 | X34: =IF(AND(R34>0,T34>0),(T34/(R34*1000))*1000,0) -> 102.6958 | Y34: =IF(AND(S34>0,U34>0),U34/S34,0) -> 93.594516 | Z34: 59.9 | AA34: =Z34+AA33 -> 1488 | AB34: =Z34/(P34) -> 1.4317812 | AC34: =AA34/(Q34) -> 1.3101521 | AD34: =IF(AND(R34>0,Z34>0),Z34/(R34),0) -> 1.5006138 | AE34: =IF(AND(S34>0,AA34>0),AA34/(S34),0) -> 1.348993 | AF34: ='26'!I46 -> 37913.06 | AG34: =AF34+AG33 -> 958534.44 | AH34: =IF(AND(L34>0,AF34>0),(AF34/(P34*1000)*1000),0) -> 906.23052 | AI34: =IF(AND(M34>0,AG34>0),(AG34/(Q34*1000)*1000),0) -> 843.96902 | AJ34: =IF(AND(R34>0,AF34>0),(AF34/(R34*1000)*1000),0) -> 949.79733 | AK34: =IF(AND(S34>0,AG34>0),(AG34/(S34*1000)*1000),0) -> 868.98942 | AL34: 4147 | AM34: 5413 | AN34: 4065.7 | AO34: 13625.7 | AP34: =+[1]Aug!N29 -> 13469 | AQ34: =+AP34-AO34 -> -156.7 | AR34: =+AL34/AO34 -> 0.30435134 | AS34: =+AM34/AO34 -> 0.39726399 | AT34: =1-AR34-AS34 -> 0.29838467 | AU34: =+AR34*AQ34 -> -47.691854 | AV34: =+AS34*AQ34 -> -62.251268 | AW34: =+AT34*AQ34 -> -46.756878 | AX34: =+AL34+AU34 -> 4099.3081 | AY34: =+AM34+AV34 -> 5350.7487 | AZ34: =+AN34+AW34 -> 4018.9431 | BA34: =+SUM(Efficiency2!K132:K133) -> 45.069723 | BB34: =BB33+BA34 -> 1216.6301 | BC34: =+R34/BA34 -> 0.88567217 | BD34: =+S34/BB34 -> 0.90663959
A35: =A34+1 -> 45896 | B35: Facial | C35: 12 | D35: =+'27'!F42 -> 1229.8403 | E35: =+'27'!G42 -> 946.97701 | F35: =1-(E35/D35) -> 0.23 | G35: =+P35/N35 -> 0.98191371 | H35: =+P35/L35 -> 0.9817862 | I35: =+R35/P35 -> 0.95725972 | J35: =+R35/L35 -> 0.93982438 | K35: =+S35/M35 -> 0.90777766 | L35: =+Efficiency1!K137 -> 43.205944 | M35: =M34+L35 -> 1259.836 | N35: =+Efficiency1!C137 -> 43.200334 | O35: =O34+N35 -> 1252.1642 | P35: ='27'!I38 -> 42.419 | Q35: =Q34+P35 -> 1178.165 | R35: ='27'!I40 -> 40.606 | S35: =S34+R35 -> 1143.651 | T35: =+AX35 -> 4095.1513 | U35: =T35+U34 -> 107334.11 | V35: =T35/P35 -> 96.540497 | W35: =U35/Q35 -> 91.102787 | X35: =IF(AND(R35>0,T35>0),(T35/(R35*1000))*1000,0) -> 100.85089 | Y35: =IF(AND(S35>0,U35>0),U35/S35,0) -> 93.852158 | Z35: 57.5 | AA35: =Z35+AA34 -> 1545.5 | AB35: =Z35/(P35) -> 1.3555246 | AC35: =AA35/(Q35) -> 1.3117857 | AD35: =IF(AND(R35>0,Z35>0),Z35/(R35),0) -> 1.4160469 | AE35: =IF(AND(S35>0,AA35>0),AA35/(S35),0) -> 1.3513738 | AF35: ='27'!I46 -> 34560.62 | AG35: =AF35+AG34 -> 993095.06 | AH35: =IF(AND(L35>0,AF35>0),(AF35/(P35*1000)*1000),0) -> 814.74386 | AI35: =IF(AND(M35>0,AG35>0),(AG35/(Q35*1000)*1000),0) -> 842.91679 | AJ35: =IF(AND(R35>0,AF35>0),(AF35/(R35*1000)*1000),0) -> 851.12102 | AK35: =IF(AND(S35>0,AG35>0),(AG35/(S35*1000)*1000),0) -> 868.355 | AL35: 4019.5 | AM35: 5402.3 | AN35: 3951.5 | AO35: =SUM(AL35:AN35) -> 13373.3 | AP35: =+[1]Aug!N30 -> 13625 | AQ35: =+AP35-AO35 -> 251.7 | AR35: =+AL35/AO35 -> 0.30056157 | AS35: =+AM35/AO35 -> 0.40396163 | AT35: =1-AR35-AS35 -> 0.29547681 | AU35: =+AR35*AQ35 -> 75.651346 | AV35: =+AS35*AQ35 -> 101.67714 | AW35: =+AT35*AQ35 -> 74.371513 | AX35: =+AL35+AU35 -> 4095.1513 | AY35: =+AM35+AV35 -> 5503.9771 | AZ35: =+AN35+AW35 -> 4025.8715 | BA35: =+Efficiency2!K137 -> 43.205944 | BB35: =BB34+BA35 -> 1259.836 | BC35: =+R35/BA35 -> 0.93982438 | BD35: =+S35/BB35 -> 0.90777766
A36: =A35+1 -> 45897 | B36: Facial | C36: 12 | D36: =+'28'!F42 -> 1216.4722 | E36: =+'28'!G42 -> 936.68361 | F36: =1-(E36/D36) -> 0.23 | G36: =+P36/N36 -> 0.91783827 | H36: =+P36/L36 -> 0.90774371 | I36: =+R36/P36 -> 1.0177625 | J36: =+R36/L36 -> 0.9238675 | K36: =+S36/M36 -> 0.90831142 | L36: =+Efficiency1!K142 -> 43.22806 | M36: =M35+L36 -> 1303.0641 | N36: =+Efficiency1!C142 -> 42.75263 | O36: =O35+N36 -> 1294.9168 | P36: ='28'!I38 -> 39.24 | Q36: =Q35+P36 -> 1217.405 | R36: ='28'!I40 -> 39.937 | S36: =S35+R36 -> 1183.588 | T36: =+AX36 -> 3288.1688 | U36: =T36+U35 -> 110622.28 | V36: =T36/P36 -> 83.796351 | W36: =U36/Q36 -> 90.867282 | X36: =IF(AND(R36>0,T36>0),(T36/(R36*1000))*1000,0) -> 82.333896 | Y36: =IF(AND(S36>0,U36>0),U36/S36,0) -> 93.463506 | Z36: 56.9 | AA36: =Z36+AA35 -> 1602.4 | AB36: =Z36/(P36) -> 1.450051 | AC36: =AA36/(Q36) -> 1.3162423 | AD36: =IF(AND(R36>0,Z36>0),Z36/(R36),0) -> 1.424744 | AE36: =IF(AND(S36>0,AA36>0),AA36/(S36),0) -> 1.3538495 | AF36: ='28'!I46 -> 35104.6 | AG36: =AF36+AG35 -> 1028199.7 | AH36: =IF(AND(L36>0,AF36>0),(AF36/(P36*1000)*1000),0) -> 894.61264 | AI36: =IF(AND(M36>0,AG36>0),(AG36/(Q36*1000)*1000),0) -> 844.58308 | AJ36: =IF(AND(R36>0,AF36>0),(AF36/(R36*1000)*1000),0) -> 878.99942 | AK36: =IF(AND(S36>0,AG36>0),(AG36/(S36*1000)*1000),0) -> 868.71416 | AL36: 4002.7 | AM36: 5460.9 | AN36: 3945 | AO36: =SUM(AL36:AN36) -> 13408.6 | AP36: =+[1]Aug!N31 -> 11015 | AQ36: =+AP36-AO36 -> -2393.6 | AR36: =+AL36/AO36 -> 0.29851737 | AS36: =+AM36/AO36 -> 0.40726847 | AT36: =1-AR36-AS36 -> 0.29421416 | AU36: =+AR36*AQ36 -> -714.53118 | AV36: =+AS36*AQ36 -> -974.83781 | AW36: =+AT36*AQ36 -> -704.23102 | AX36: =+AL36+AU36 -> 3288.1688 | AY36: =+AM36+AV36 -> 4486.0622 | AZ36: =+AN36+AW36 -> 3240.769 | BA36: =+Efficiency2!K142 -> 43.22806 | BB36: =BB35+BA36 -> 1303.0641 | BC36: =+R36/BA36 -> 0.9238675 | BD36: =+S36/BB36 -> 0.90831142
A37: =A36+1 -> 45898 | B37: Facial | C37: 12/13 | D37: =+'29'!F42 -> 1230 | E37: =+'29'!G42 -> 947.1 | F37: =1-(E37/D37) -> 0.23 | G37: =+P37/N37 -> 0.90792976 | H37: =+P37/L37 -> 0.90160528 | I37: =+R37/P37 -> 0.91344822 | J37: =+R37/L37 -> 0.82356974 | K37: =+S37/M37 -> 0.90544419 | L37: =+SUM(Efficiency1!K147:K148) -> 45.633051 | M37: =M36+L37 -> 1348.6971 | N37: =+SUM(Efficiency1!C147:C148) -> 45.315179 | O37: =O36+N37 -> 1340.232 | P37: ='29'!I38 -> 41.143 | Q37: =Q36+P37 -> 1258.548 | R37: ='29'!I40 -> 37.582 | S37: =S36+R37 -> 1221.17 | T37: =+AX37 -> 3948.1171 | U37: =T37+U36 -> 114570.4 | V37: =T37/P37 -> 95.960846 | W37: =U37/Q37 -> 91.033795 | X37: =IF(AND(R37>0,T37>0),(T37/(R37*1000))*1000,0) -> 105.05341 | Y37: =IF(AND(S37>0,U37>0),U37/S37,0) -> 93.820189 | Z37: 56 | AA37: =Z37+AA36 -> 1658.4 | AB37: =Z37/(P37) -> 1.3611064 | AC37: =AA37/(Q37) -> 1.317709 | AD37: =IF(AND(R37>0,Z37>0),Z37/(R37),0) -> 1.490075 | AE37: =IF(AND(S37>0,AA37>0),AA37/(S37),0) -> 1.3580419 | AF37: ='29'!I46 -> 34260.68 | AG37: =AF37+AG36 -> 1062460.3 | AH37: =IF(AND(L37>0,AF37>0),(AF37/(P37*1000)*1000),0) -> 832.72197 | AI37: =IF(AND(M37>0,AG37>0),(AG37/(Q37*1000)*1000),0) -> 844.19533 | AJ37: =IF(AND(R37>0,AF37>0),(AF37/(R37*1000)*1000),0) -> 911.62471 | AK37: =IF(AND(S37>0,AG37>0),(AG37/(S37*1000)*1000),0) -> 870.03475 | AL37: 4178.7 | AM37: 5108.5 | AN37: 3956.6 | AO37: =SUM(AL37:AN37) -> 13243.8 | AP37: =+[1]Aug!N32 -> 12513 | AQ37: =+AP37-AO37 -> -730.8 | AR37: =+AL37/AO37 -> 0.31552123 | AS37: =+AM37/AO37 -> 0.38572766 | AT37: =1-AR37-AS37 -> 0.29875111 | AU37: =+AR37*AQ37 -> -230.58291 | AV37: =+AS37*AQ37 -> -281.88977 | AW37: =+AT37*AQ37 -> -218.32731 | AX37: =+AL37+AU37 -> 3948.1171 | AY37: =+AM37+AV37 -> 4826.6102 | AZ37: =+AN37+AW37 -> 3738.2727 | BA37: =+SUM(Efficiency2!K147:K148) -> 45.633051 | BB37: =BB36+BA37 -> 1348.6971 | BC37: =+R37/BA37 -> 0.82356974 | BD37: =+S37/BB37 -> 0.90544419
A38: =A37+1 -> 45899 | B38: Facial | C38: 13/12 | D38: =+'30'!F42 -> 1230 | E38: =+'30'!G42 -> 947.1 | F38: =1-(E38/D38) -> 0.23 | G38: =+P38/N38 -> 0.97409953 | H38: =+P38/L38 -> 0.9663693 | I38: =+R38/P38 -> 0.90520752 | J38: =+R38/L38 -> 0.87476476 | K38: =+S38/M38 -> 0.90444878 | L38: =+SUM(Efficiency1!K152:K153) -> 45.227016 | M38: =M37+L38 -> 1393.9242 | N38: =+SUM(Efficiency1!C152:C153) -> 44.868105 | O38: =O37+N38 -> 1385.1001 | P38: ='30'!I38 -> 43.706 | Q38: =Q37+P38 -> 1302.254 | R38: ='30'!I40 -> 39.563 | S38: =S37+R38 -> 1260.733 | T38: =+AX38 -> 3954.7052 | U38: =T38+U37 -> 118525.11 | V38: =T38/P38 -> 90.484263 | W38: =U38/Q38 -> 91.015352 | X38: =IF(AND(R38>0,T38>0),(T38/(R38*1000))*1000,0) -> 99.959689 | Y38: =IF(AND(S38>0,U38>0),U38/S38,0) -> 94.012853 | Z38: 58.1 | AA38: =Z38+AA37 -> 1716.5 | AB38: =Z38/(P38) -> 1.3293369 | AC38: =AA38/(Q38) -> 1.3180992 | AD38: =IF(AND(R38>0,Z38>0),Z38/(R38),0) -> 1.4685438 | AE38: =IF(AND(S38>0,AA38>0),AA38/(S38),0) -> 1.3615095 | AF38: ='30'!I46 -> 36664.94 | AG38: =AF38+AG37 -> 1099125.3 | AH38: =IF(AND(L38>0,AF38>0),(AF38/(P38*1000)*1000),0) -> 838.89946 | AI38: =IF(AND(M38>0,AG38>0),(AG38/(Q38*1000)*1000),0) -> 844.01759 | AJ38: =IF(AND(R38>0,AF38>0),(AF38/(R38*1000)*1000),0) -> 926.74822 | AK38: =IF(AND(S38>0,AG38>0),(AG38/(S38*1000)*1000),0) -> 871.81448 | AL38: 4117.6 | AM38: 5425.3 | AN38: 3912.4 | AO38: =SUM(AL38:AN38) -> 13455.3 | AP38: =+[1]Aug!N33 -> 12923 | AQ38: =+AP38-AO38 -> -532.3 | AR38: =+AL38/AO38 -> 0.30602068 | AS38: =+AM38/AO38 -> 0.40320914 | AT38: =1-AR38-AS38 -> 0.29077018 | AU38: =+AR38*AQ38 -> -162.89481 | AV38: =+AS38*AQ38 -> -214.62823 | AW38: =+AT38*AQ38 -> -154.77697 | AX38: =+AL38+AU38 -> 3954.7052 | AY38: =+AM38+AV38 -> 5210.6718 | AZ38: =+AN38+AW38 -> 3757.623 | BA38: =+SUM(Efficiency2!K152:K153) -> 45.227016 | BB38: =BB37+BA38 -> 1393.9242 | BC38: =+R38/BA38 -> 0.87476476 | BD38: =+S38/BB38 -> 0.90444878
A39: =A38+1 -> 45900 | B39: Facial | C39: 12/12,5/13 | D39: =+'31'!F42 -> 1230 | E39: =+'31'!G42 -> 947.1 | F39: =1-(E39/D39) -> 0.23 | G39: =+P39/N39 -> 0.95610002 | H39: =+P39/L39 -> 0.94559274 | I39: =+R39/P39 -> 1.0231792 | J39: =+R39/L39 -> 0.96751082 | K39: =+S39/M39 -> 0.90643195 | L39: =+SUM(Efficiency1!K157:K159) -> 45.259442 | M39: =M38+L39 -> 1439.1836 | N39: =+SUM(Efficiency1!C157:C159) -> 44.762053 | O39: =O38+N39 -> 1429.8621 | P39: ='31'!I38 -> 42.797 | Q39: =Q38+P39 -> 1345.051 | R39: ='31'!I40 -> 43.789 | S39: =S38+R39 -> 1304.522 | T39: =+AX39 -> 3692.8376 | U39: =T39+U38 -> 122217.94 | V39: =T39/P39 -> 86.287301 | W39: =U39/Q39 -> 90.864914 | X39: =IF(AND(R39>0,T39>0),(T39/(R39*1000))*1000,0) -> 84.332541 | Y39: =IF(AND(S39>0,U39>0),U39/S39,0) -> 93.687913 | Z39: 57.9 | AA39: =Z39+AA38 -> 1774.4 | AB39: =Z39/(P39) -> 1.3528986 | AC39: =AA39/(Q39) -> 1.3192065 | AD39: =IF(AND(R39>0,Z39>0),Z39/(R39),0) -> 1.3222499 | AE39: =IF(AND(S39>0,AA39>0),AA39/(S39),0) -> 1.3601917 | AF39: ='31'!I46 -> 33193.14 | AG39: =AF39+AG38 -> 1132318.4 | AH39: =IF(AND(L39>0,AF39>0),(AF39/(P39*1000)*1000),0) -> 775.59502 | AI39: =IF(AND(M39>0,AG39>0),(AG39/(Q39*1000)*1000),0) -> 841.84051 | AJ39: =IF(AND(R39>0,AF39>0),(AF39/(R39*1000)*1000),0) -> 758.02462 | AK39: =IF(AND(S39>0,AG39>0),(AG39/(S39*1000)*1000),0) -> 867.99488 | AL39: 3974.6 | AM39: 5431.8 | AN39: 3967.7 | AO39: =SUM(AL39:AN39) -> 13374.1 | AP39: =+[1]Aug!N34 -> 12426 | AQ39: =+AP39-AO39 -> -948.1 | AR39: =+AL39/AO39 -> 0.29718635 | AS39: =+AM39/AO39 -> 0.40614322 | AT39: =1-AR39-AS39 -> 0.29667043 | AU39: =+AR39*AQ39 -> -281.76238 | AV39: =+AS39*AQ39 -> -385.06438 | AW39: =+AT39*AQ39 -> -281.27323 | AX39: =+AL39+AU39 -> 3692.8376 | AY39: =+AM39+AV39 -> 5046.7356 | AZ39: =+AN39+AW39 -> 3686.4268 | BA39: =+SUM(Efficiency2!K157:K159) -> 45.259442 | BB39: =BB38+BA39 -> 1439.1836 | BC39: =+R39/BA39 -> 0.96751082 | BD39: =+S39/BB39 -> 0.90643195
G41: =+P41/N41 -> 0.9406858 | H41: =+P41/L41 -> 0.93459305 | I41: =+R41/P41 -> 0.96986806 | J41: =+R41/L41 -> 0.90643195 | L41: =SUM(L9:L39) -> 1439.1836 | N41: =SUM(N9:N39) -> 1429.8621 | P41: =SUM(P9:P39) -> 1345.051 | R41: =SUM(R9:R39) -> 1304.522 | T41: =SUM(T9:T39) -> 122217.94 | V41: =T41/P41 -> 90.864914 | X41: =IF(AND(R41>0,T41>0),(T41/(R41*1000))*1000,0) -> 93.687913 | Z41: =SUM(Z9:Z40) -> 1774.4 | AB41: =Z41/P41 -> 1.3192065 | AD41: =Z41/R41 -> 1.3601917 | AF41: =SUM(AF9:AF39) -> 1132318.4 | AH41: =AF41/P41 -> 841.84051 | AJ41: =AF41/R41 -> 867.99488 | AP41: =SUM(AP9:AP40) -> 387465 | AX41: =SUM(AX9:AX39) -> 122217.94 | AY41: =SUM(AY9:AY39) -> 150154.21 | AZ41: =SUM(AZ9:AZ39) -> 115092.85 | BA41: =SUM(BA9:BA39) -> 1439.1836 | BC41: =+R41/BA41 -> 0.90643195
AY43: =SUM(AX41:AZ41) -> 387465

Sheet GRAFIK

Sheet Listrik
A2: MACHINE POWER CONSUMPTION (PER PANEL)
A4: Date | B4: PM (TON) | C4: FINSHED GOODS (TON) | P4: Total PM14
D5: Trafo (2500 A) | H5: Trafo (2500 B) | L5: Trafo (2500 A)
D6: KWH | E6: Consumption | F6: /TON PM | G6: /TON FG | H6: KWH | I6: Consumption | J6: /TON PM | K6: /TON FG | L6: KWH | M6: Consumption | N6: /TON PM | O6: /TON FG | P6: Consumption | Q6: /TON PM | R6: /TON FG
A7: =A8-1 -> 45869 | B7: 0 | C7: 0
A8: =+Report1!A9 -> 45870 | B8: =+Report1!P9 -> 45.581 | C8: =+Report1!R9 -> 44.627 | D8: =+D7+E8 -> 4700 | E8: =+[3]DailyAug!AH7 -> 4700 | F8: =E8/B8 -> 103.11314 | G8: =E8/C8 -> 105.31741 | H8: =+H7+I8 -> 7853.01 | I8: =+[3]DailyAug!AI7 -> 7853.01 | J8: =I8/B8 -> 172.28692 | K8: =I8/C8 -> 175.96993 | L8: =+L7+M8 -> 25013.01 | M8: =+[3]DailyAug!AJ7 -> 25013.01 | N8: =M8/B8 -> 548.75957 | O8: =M8/C8 -> 560.49051 | P8: =+E8+I8+M8 -> 37566.02 | Q8: =P8/B8 -> 824.15963 | R8: =P8/C8 -> 841.77785 | V8: Off Reel | W8: Off Rewinder
A9: 45506 | B9: =+Report1!P10 -> 47.427 | C9: =+Report1!R10 -> 45.751 | D9: =+D8+E9 -> 9200 | E9: =+[3]DailyAug!AH8 -> 4500 | F9: =E9/B9 -> 94.882662 | G9: =E9/C9 -> 98.358506 | H9: =+H8+I9 -> 16543.74 | I9: =+[3]DailyAug!AI8 -> 8690.73 | J9: =I9/B9 -> 183.24435 | K9: =I9/C9 -> 189.95716 | L9: =+L8+M9 -> 50863.74 | M9: =+[3]DailyAug!AJ8 -> 25850.73 | N9: =M9/B9 -> 545.06357 | O9: =M9/C9 -> 565.03093 | P9: =+E9+I9+M9 -> 39041.46 | Q9: =P9/B9 -> 823.19059 | R9: =P9/C9 -> 853.34659 | V9: Off Reel | W9: Off Rewinder
A10: 45507 | B10: =+Report1!P11 -> 29.524 | C10: =+Report1!R11 -> 29.979 | D10: =+D9+E10 -> 12600 | E10: =+[3]DailyAug!AH9 -> 3400 | F10: =E10/B10 -> 115.16055 | G10: =E10/C10 -> 113.41272 | H10: =+H9+I10 -> 22800.49 | I10: =+[3]DailyAug!AI9 -> 6256.75 | J10: =I10/B10 -> 211.92081 | K10: =I10/C10 -> 208.70443 | L10: =+L9+M10 -> 70280.49 | M10: =+[3]DailyAug!AJ9 -> 19416.75 | N10: =M10/B10 -> 657.65987 | O10: =M10/C10 -> 647.67837 | P10: =+E10+I10+M10 -> 29073.5 | Q10: =P10/B10 -> 984.74123 | R10: =P10/C10 -> 969.79552 | V10: Off Reel | W10: Off Rewinder
A11: 45508 | B11: =+Report1!P12 -> 45.209 | C11: =+Report1!R12 -> 44.225 | D11: =+D10+E11 -> 17000 | E11: =+[3]DailyAug!AH10 -> 4400 | F11: =E11/B11 -> 97.325754 | G11: =E11/C11 -> 99.491238 | H11: =+H10+I11 -> 30832.72 | I11: =+[3]DailyAug!AI10 -> 8032.23 | J11: =I11/B11 -> 177.66883 | K11: =I11/C11 -> 181.62193 | L11: =+L10+M11 -> 94472.72 | M11: =+[3]DailyAug!AJ10 -> 24192.23 | N11: =M11/B11 -> 535.11978 | O11: =M11/C11 -> 547.02612 | P11: =+E11+I11+M11 -> 36624.46 | Q11: =P11/B11 -> 810.11436 | R11: =P11/C11 -> 828.13929 | V11: Off Reel | W11: Off Rewinder
A12: 45509 | B12: =+Report1!P13 -> 46.028 | C12: =+Report1!R13 -> 42.78 | D12: =+D11+E12 -> 21400 | E12: =+[3]DailyAug!AH11 -> 4400 | F12: =E12/B12 -> 95.593986 | G12: =E12/C12 -> 102.8518 | H12: =+H11+I12 -> 39201.67 | I12: =+[3]DailyAug!AI11 -> 8368.95 | J12: =I12/B12 -> 181.82302 | K12: =I12/C12 -> 195.62763 | L12: =+L11+M12 -> 118001.67 | M12: =+[3]DailyAug!AJ11 -> 23528.95 | N12: =M12/B12 -> 511.18776 | O12: =M12/C12 -> 549.99883 | P12: =+E12+I12+M12 -> 36297.9 | Q12: =P12/B12 -> 788.60476 | R12: =P12/C12 -> 848.47826 | V12: Off Reel | W12: Off Rewinder
A13: 45510 | B13: =+Report1!P14 -> 45.62 | C13: =+Report1!R14 -> 42.75 | D13: =+D12+E13 -> 26100 | E13: =+[3]DailyAug!AH12 -> 4700 | F13: =E13/B13 -> 103.02499 | G13: =E13/C13 -> 109.94152 | H13: =+H12+I13 -> 47821.16 | I13: =+[3]DailyAug!AI12 -> 8619.49 | J13: =I13/B13 -> 188.94103 | K13: =I13/C13 -> 201.6255 | L13: =+L12+M13 -> 143781.16 | M13: =+[3]DailyAug!AJ12 -> 25779.49 | N13: =M13/B13 -> 565.09185 | O13: =M13/C13 -> 603.02901 | P13: =+E13+I13+M13 -> 39098.98 | Q13: =P13/B13 -> 857.05787 | R13: =P13/C13 -> 914.59602 | V13: Off Reel | W13: Off Rewinder
A14: =+A13+1 -> 45511 | B14: =+Report1!P15 -> 49.534 | C14: =+Report1!R15 -> 48.999 | D14: =+D13+E14 -> 30500 | E14: =+[3]DailyAug!AH13 -> 4400 | F14: =E14/B14 -> 88.827876 | G14: =E14/C14 -> 89.797751 | H14: =+H13+I14 -> 55920.83 | I14: =+[3]DailyAug!AI13 -> 8099.67 | J14: =I14/B14 -> 163.51738 | K14: =I14/C14 -> 165.30276 | L14: =+L13+M14 -> 167040.83 | M14: =+[3]DailyAug!AJ13 -> 23259.67 | N14: =M14/B14 -> 469.56979 | O14: =M14/C14 -> 474.69683 | P14: =+E14+I14+M14 -> 35759.34 | Q14: =P14/B14 -> 721.91505 | R14: =P14/C14 -> 729.79734 | V14: Off Reel | W14: Off Rewinder
A15: =+A14+1 -> 45512 | B15: =+Report1!P16 -> 48.857 | C15: =+Report1!R16 -> 43.769 | D15: =+D14+E15 -> 34900 | E15: =+[3]DailyAug!AH14 -> 4400 | F15: =E15/B15 -> 90.058743 | G15: =E15/C15 -> 100.52777 | H15: =+H14+I15 -> 63891.1 | I15: =+[3]DailyAug!AI14 -> 7970.27 | J15: =I15/B15 -> 163.13466 | K15: =I15/C15 -> 182.09852 | L15: =+L14+M15 -> 190171.1 | M15: =+[3]DailyAug!AJ14 -> 23130.27 | N15: =M15/B15 -> 473.42796 | O15: =M15/C15 -> 528.46238 | P15: =+E15+I15+M15 -> 35500.54 | Q15: =P15/B15 -> 726.62136 | R15: =P15/C15 -> 811.08867 | V15: Off Reel | W15: Off Rewinder
A16: =+A15+1 -> 45513 | B16: =+Report1!P17 -> 42.048 | C16: =+Report1!R17 -> 44.734 | D16: =+D15+E16 -> 39200 | E16: =+[3]DailyAug!AH15 -> 4300 | F16: =E16/B16 -> 102.26408 | G16: =E16/C16 -> 96.123754 | H16: =+H15+I16 -> 72117.81 | I16: =+[3]DailyAug!AI15 -> 8226.71 | J16: =I16/B16 -> 195.65045 | K16: =I16/C16 -> 183.90285 | L16: =+L15+M16 -> 216557.81 | M16: =+[3]DailyAug!AJ15 -> 26386.71 | N16: =M16/B16 -> 627.53781 | O16: =M16/C16 -> 589.85805 | P16: =+E16+I16+M16 -> 38913.42 | Q16: =P16/B16 -> 925.45234 | R16: =P16/C16 -> 869.88465 | V16: Off Reel | W16: Off Rewinder
A17: =+A16+1 -> 45514 | B17: =+Report1!P18 -> 41.217 | C17: =+Report1!R18 -> 38.95 | D17: =+D16+E17 -> 43400 | E17: =+[3]DailyAug!AH16 -> 4200 | F17: =E17/B17 -> 101.8997 | G17: =E17/C17 -> 107.83055 | H17: =+H16+I17 -> 79789.08 | I17: =+[3]DailyAug!AI16 -> 7671.27 | J17: =I17/B17 -> 186.11908 | K17: =I17/C17 -> 196.95173 | L17: =+L16+M17 -> 241389.08 | M17: =+[3]DailyAug!AJ16 -> 24831.27 | N17: =M17/B17 -> 602.45214 | O17: =M17/C17 -> 637.51656 | P17: =+E17+I17+M17 -> 36702.54 | Q17: =P17/B17 -> 890.47092 | R17: =P17/C17 -> 942.29884 | V17: Off Reel | W17: Off Rewinder
A18: =+A17+1 -> 45515 | B18: =+Report1!P19 -> 39.256 | C18: =+Report1!R19 -> 40.589 | D18: =+D17+E18 -> 47500 | E18: =+[3]DailyAug!AH17 -> 4100 | F18: =E18/B18 -> 104.44263 | G18: =E18/C18 -> 101.01259 | H18: =+H17+I18 -> 88223.19 | I18: =+[3]DailyAug!AI17 -> 8434.11 | J18: =I18/B18 -> 214.84894 | K18: =I18/C18 -> 207.793 | L18: =+L17+M18 -> 267983.19 | M18: =+[3]DailyAug!AJ17 -> 26594.11 | N18: =M18/B18 -> 677.45338 | O18: =M18/C18 -> 655.20486 | P18: =+E18+I18+M18 -> 39128.22 | Q18: =P18/B18 -> 996.74496 | R18: =P18/C18 -> 964.01045 | V18: Off Reel | W18: Off Rewinder
A19: =+A18+1 -> 45516 | B19: =+Report1!P20 -> 43.348 | C19: =+Report1!R20 -> 41.245 | D19: =+D18+E19 -> 51900 | E19: =+[3]DailyAug!AH18 -> 4400 | F19: =E19/B19 -> 101.50411 | G19: =E19/C19 -> 106.6796 | H19: =+H18+I19 -> 96624.95 | I19: =+[3]DailyAug!AI18 -> 8401.76 | J19: =I19/B19 -> 193.82117 | K19: =I19/C19 -> 203.70372 | L19: =+L18+M19 -> 294544.95 | M19: =+[3]DailyAug!AJ18 -> 26561.76 | N19: =M19/B19 -> 612.7563 | O19: =M19/C19 -> 643.99952 | P19: =+E19+I19+M19 -> 39363.52 | Q19: =P19/B19 -> 908.08157 | R19: =P19/C19 -> 954.38283 | V19: Off Reel | W19: Off Rewinder
A20: =+A19+1 -> 45517 | B20: =+Report1!P21 -> 44.685 | C20: =+Report1!R21 -> 44.635 | D20: =+D19+E20 -> 56000 | E20: =+[3]DailyAug!AH19 -> 4100 | F20: =E20/B20 -> 91.753385 | G20: =E20/C20 -> 91.856167 | H20: =+H19+I20 -> 104776.86 | I20: =+[3]DailyAug!AI19 -> 8151.91 | J20: =I20/B20 -> 182.43057 | K20: =I20/C20 -> 182.63493 | L20: =+L19+M20 -> 319856.86 | M20: =+[3]DailyAug!AJ19 -> 25311.91 | N20: =M20/B20 -> 566.45205 | O20: =M20/C20 -> 567.08659 | P20: =+E20+I20+M20 -> 37563.82 | Q20: =P20/B20 -> 840.63601 | R20: =P20/C20 -> 841.57769 | V20: Off Reel | W20: Off Rewinder
A21: =+A20+1 -> 45518 | B21: =+Report1!P22 -> 43.694 | C21: =+Report1!R22 -> 42.046 | D21: =+D20+E21 -> 60200 | E21: =+[3]DailyAug!AH20 -> 4200 | F21: =E21/B21 -> 96.123037 | G21: =E21/C21 -> 99.890596 | H21: =+H20+I21 -> 113812.94 | I21: =+[3]DailyAug!AI20 -> 9036.08 | J21: =I21/B21 -> 206.80368 | K21: =I21/C21 -> 214.90938 | L21: =+L20+M21 -> 345052.94 | M21: =+[3]DailyAug!AJ20 -> 25196.08 | N21: =M21/B21 -> 576.64851 | O21: =M21/C21 -> 599.25034 | P21: =+E21+I21+M21 -> 38432.16 | Q21: =P21/B21 -> 879.57523 | R21: =P21/C21 -> 914.05033 | V21: Off Reel | W21: Off Rewinder
A22: =+A21+1 -> 45519 | B22: =+Report1!P23 -> 46.213 | C22: =+Report1!R23 -> 44.925 | D22: =+D21+E22 -> 64200 | E22: =+[3]DailyAug!AH21 -> 4000 | F22: =E22/B22 -> 86.555731 | G22: =E22/C22 -> 89.037284 | H22: =+H21+I22 -> 122342.17 | I22: =+[3]DailyAug!AI21 -> 8529.23 | J22: =I22/B22 -> 184.56343 | K22: =I22/C22 -> 189.85487 | L22: =+L21+M22 -> 369742.17 | M22: =+[3]DailyAug!AJ21 -> 24689.23 | N22: =M22/B22 -> 534.24859 | O22: =M22/C22 -> 549.5655 | P22: =+E22+I22+M22 -> 37218.46 | Q22: =P22/B22 -> 805.36775 | R22: =P22/C22 -> 828.45765 | V22: Off Reel | W22: Off Rewinder
A23: =+A22+1 -> 45520 | B23: =+Report1!P24 -> 47.758 | C23: =+Report1!R24 -> 45.956 | D23: =+D22+E23 -> 68200 | E23: =+[3]DailyAug!AH22 -> 4000 | F23: =E23/B23 -> 83.755601 | G23: =E23/C23 -> 87.039777 | H23: =+H22+I23 -> 130785.57 | I23: =+[3]DailyAug!AI22 -> 8443.4 | J23: =I23/B23 -> 176.79551 | K23: =I23/C23 -> 183.72791 | L23: =+L22+M23 -> 394345.57 | M23: =+[3]DailyAug!AJ22 -> 24603.4 | N23: =M23/B23 -> 515.16814 | O23: =M23/C23 -> 535.36861 | P23: =+E23+I23+M23 -> 37046.8 | Q23: =P23/B23 -> 775.71925 | R23: =P23/C23 -> 806.1363 | V23: Off Reel | W23: Off Rewinder
A24: =+A23+1 -> 45521 | B24: =+Report1!P25 -> 44.587 | C24: =+Report1!R25 -> 43.735 | D24: =+D23+E24 -> 72400 | E24: =+[3]DailyAug!AH23 -> 4200 | F24: =E24/B24 -> 94.19786 | G24: =E24/C24 -> 96.032926 | H24: =+H23+I24 -> 138710.34 | I24: =+[3]DailyAug!AI23 -> 7924.77 | J24: =I24/B24 -> 177.73723 | K24: =I24/C24 -> 181.19973 | L24: =+L23+M24 -> 419430.34 | M24: =+[3]DailyAug!AJ23 -> 25084.77 | N24: =M24/B24 -> 562.60278 | O24: =M24/C24 -> 573.56282 | P24: =+E24+I24+M24 -> 37209.54 | Q24: =P24/B24 -> 834.53787 | R24: =P24/C24 -> 850.79547 | V24: Off Reel | W24: Off Rewinder
A25: =+A24+1 -> 45522 | B25: =+Report1!P26 -> 41.155 | C25: =+Report1!R26 -> 43.272 | D25: =+D24+E25 -> 76400 | E25: =+[3]DailyAug!AH24 -> 4000 | F25: =E25/B25 -> 97.193537 | G25: =E25/C25 -> 92.438528 | H25: =+H24+I25 -> 146869.63 | I25: =+[3]DailyAug!AI24 -> 8159.29 | J25: =I25/B25 -> 198.25756 | K25: =I25/C25 -> 188.55819 | L25: =+L24+M25 -> 443749.63 | M25: =+[3]DailyAug!AJ24 -> 24319.29 | N25: =M25/B25 -> 590.91945 | O25: =M25/C25 -> 562.00984 | P25: =+E25+I25+M25 -> 36478.58 | Q25: =P25/B25 -> 886.37055 | R25: =P25/C25 -> 843.00656 | V25: Off Reel | W25: Off Rewinder
... A33: =+A32+1 -> 45530 | B33: =+Report1!P34 -> 41.836 | C33: =+Report1!R34 -> 39.917 | D33: =+D32+E33 -> 110800 | E33: =+[3]DailyAug!AH32 -> 4500 | F33: =E33/B33 -> 107.56286 | G33: =E33/C33 -> 112.73392 | H33: =+H32+I33 -> 213947.22 | I33: =+[3]DailyAug!AI32 -> 9206.53 | J33: =I33/B33 -> 220.06239 | K33: =I33/C33 -> 230.64183 | L33: =+L32+M33 -> 633787.22 | M33: =+[3]DailyAug!AJ32 -> 24206.53 | N33: =M33/B33 -> 578.60527 | O33: =M33/C33 -> 606.42157 | P33: =+E33+I33+M33 -> 37913.06 | Q33: =P33/B33 -> 906.23052 | R33: =P33/C33 -> 949.79733 | V33: Off Reel | W33: Off Rewinder
A34: =+A33+1 -> 45531 | B34: =+Report1!P35 -> 42.419 | C34: =+Report1!R35 -> 40.606 | D34: =+D33+E34 -> 115400 | E34: =+[3]DailyAug!AH33 -> 4600 | F34: =E34/B34 -> 108.44197 | G34: =E34/C34 -> 113.28375 | H34: =+H33+I34 -> 222427.53 | I34: =+[3]DailyAug!AI33 -> 8480.31 | J34: =I34/B34 -> 199.91773 | K34: =I34/C34 -> 208.84377 | L34: =+L33+M34 -> 655267.53 | M34: =+[3]DailyAug!AJ33 -> 21480.31 | N34: =M34/B34 -> 506.38417 | O34: =M34/C34 -> 528.9935 | P34: =+E34+I34+M34 -> 34560.62 | Q34: =P34/B34 -> 814.74386 | R34: =P34/C34 -> 851.12102
A35: =+A34+1 -> 45532 | B35: =+Report1!P36 -> 39.24 | C35: =+Report1!R36 -> 39.937 | D35: =+D34+E35 -> 119800 | E35: =+[3]DailyAug!AH34 -> 4400 | F35: =E35/B35 -> 112.13048 | G35: =E35/C35 -> 110.17352 | H35: =+H34+I35 -> 231779.83 | I35: =+[3]DailyAug!AI34 -> 9352.3 | J35: =I35/B35 -> 238.33588 | K35: =I35/C35 -> 234.17633 | L35: =+L34+M35 -> 676619.83 | M35: =+[3]DailyAug!AJ34 -> 21352.3 | N35: =M35/B35 -> 544.14628 | O35: =M35/C35 -> 534.64957 | P35: =+E35+I35+M35 -> 35104.6 | Q35: =P35/B35 -> 894.61264 | R35: =P35/C35 -> 878.99942
A36: =+A35+1 -> 45533 | B36: =+Report1!P37 -> 41.143 | C36: =+Report1!R37 -> 37.582 | D36: =+D35+E36 -> 123800 | E36: =+[3]DailyAug!AH35 -> 4000 | F36: =E36/B36 -> 97.221885 | G36: =E36/C36 -> 106.43393 | H36: =+H35+I36 -> 240410.17 | I36: =+[3]DailyAug!AI35 -> 8630.34 | J36: =I36/B36 -> 209.76448 | K36: =I36/C36 -> 229.64025 | L36: =+L35+M36 -> 698250.17 | M36: =+[3]DailyAug!AJ35 -> 21630.34 | N36: =M36/B36 -> 525.73561 | O36: =M36/C36 -> 575.55053 | P36: =+E36+I36+M36 -> 34260.68 | Q36: =P36/B36 -> 832.72197 | R36: =P36/C36 -> 911.62471
A37: =+A36+1 -> 45534 | B37: =+Report1!P38 -> 43.706 | C37: =+Report1!R38 -> 39.563 | D37: =+D36+E37 -> 128000 | E37: =+[3]DailyAug!AH36 -> 4200 | F37: =E37/B37 -> 96.096646 | G37: =E37/C37 -> 106.1598 | H37: =+H36+I37 -> 250142.64 | I37: =+[3]DailyAug!AI36 -> 9732.47 | J37: =I37/B37 -> 222.68041 | K37: =I37/C37 -> 245.99929 | L37: =+L36+M37 -> 720982.64 | M37: =+[3]DailyAug!AJ36 -> 22732.47 | N37: =M37/B37 -> 520.12241 | O37: =M37/C37 -> 574.58914 | P37: =+E37+I37+M37 -> 36664.94 | Q37: =P37/B37 -> 838.89946 | R37: =P37/C37 -> 926.74822
A38: =+A37+1 -> 45535 | B38: =+Report1!P39 -> 42.797 | C38: =+Report1!R39 -> 43.789 | D38: =+D37+E38 -> 132000 | E38: =+[3]DailyAug!AH37 -> 4000 | F38: =E38/B38 -> 93.464495 | G38: =E38/C38 -> 91.347142 | H38: =+H37+I38 -> 258739.21 | I38: =+[3]DailyAug!AI37 -> 8596.57 | J38: =I38/B38 -> 200.86852 | K38: =I38/C38 -> 196.31803 | L38: =+L37+M38 -> 741579.21 | M38: =+[3]DailyAug!AJ37 -> 20596.57 | N38: =M38/B38 -> 481.262 | O38: =M38/C38 -> 470.35945 | P38: =+E38+I38+M38 -> 33193.14 | Q38: =P38/B38 -> 775.59502 | R38: =P38/C38 -> 758.02462
A40: TOTAL | B40: =SUM(B8:B38) -> 1345.051 | C40: =SUM(C8:C38) -> 1304.522 | E40: =SUM(E8:E39) -> 132000 | F40: =E40/B40 -> 98.137543 | G40: =E40/C40 -> 101.18649 | I40: =SUM(I8:I39) -> 258739.21 | J40: =I40/B40 -> 192.36387 | K40: =I40/C40 -> 198.34024 | M40: =SUM(M8:M39) -> 741579.21 | N40: =M40/B40 -> 551.3391 | O40: =M40/C40 -> 568.46815 | P40: =+E40+I40+M40 -> 1132318.4 | Q40: =P40/B40 -> 841.84051 | R40: =P40/C40 -> 867.99488
P42: -1320860.8

Sheet Trim Rwd
A1: PM 14 | B1: =+Report1!A9 -> 45870
A3: Tgl | B3: Grade | C3: Ply | D3: Kombinasi Pot. | E3: Lebar Trim | F3: Jml Turunan | G3: Lebar x Turunan | H3: Rata-rata | I3: PHP PM
A4: =+B1 -> 45870 | B4: T 13 | C4: 1 | D4: 129+140 | E4: =129+140 -> 269 | F4: 74 | G4: =+E4*F4 -> 19906 | H4: =+SUM(G4/F4) -> 269 | I4: =+'1'!I38 -> 45.581
A6: 45871 | B6: T 13 | C6: 1 | D6: 129+140 | E6: =129+140 -> 269 | F6: 74 | G6: =+E6*F6 -> 19906 | H6: =+SUM(G6/F6) -> 269 | I6: =+'2'!I38 -> 47.427
A8: 45872 | B8: T 13 | C8: 1 | D8: 129+140 | E8: =129+140 -> 269 | F8: =92/2 -> 46 | G8: =+E8*F8 -> 12374 | H8: =+SUM(G8/F8) -> 269 | I8: =+'3'!I38 -> 29.524
A10: 45873 | B10: T 13 | C10: 1 | D10: 129+140 | E10: =129+140 -> 269 | F10: =140/2 -> 70 | G10: =+E10*F10 -> 18830 | H10: =+SUM(G10/F10) -> 269 | I10: =+'4'!I38 -> 45.209
A12: 45874 | B12: T 13 | C12: 1 | D12: 129+140 | E12: =129+140 -> 269 | F12: =138/2 -> 69 | G12: =+E12*F12 -> 18561 | H12: =+SUM(G12/F12) -> 269 | I12: =+'5'!I38 -> 46.028
A14: 45875 | B14: T 13 | C14: 1 | D14: 129+140 | E14: =129+140 -> 269 | F14: 71 | G14: =+E14*F14 -> 19099 | H14: =+SUM(G14/F14) -> 269 | I14: =+'6'!I38 -> 45.62
B15: T 15,5 | C15: 1 | D15: 256*1 | E15: =256*1 -> 256 | F15: 0 | G15: 0 | H15: =+E15 -> 256
A17: 45876 | B17: T 13 | C17: 1 | D17: 129+140 | E17: =129+140 -> 269 | F17: 4 | G17: =+E17*F17 -> 1076 | H17: =+SUM(G17/F17) -> 269 | I17: =+'7'!I38 -> 49.534
B18: T 15,5 | C18: 1 | D18: 256*1 | E18: =256*1 -> 256 | F18: =20+20+19 -> 59 | G18: =+E18*F18 -> 15104 | H18: =+SUM(G18/F18) -> 256
A20: 45877 | B20: T 15,5 | C20: 1 | D20: 256*1 | E20: =256*1 -> 256 | F20: =21+19+3 -> 43 | G20: =+E20*F20 -> 11008 | H20: =+SUM(G20/F20) -> 256 | I20: =+'8'!I38 -> 48.857
B21: T 19 | C21: 1 | D21: 232+30 | E21: =232+30 -> 262 | F21: 12 | G21: =+E21*F21 -> 3144 | H21: =+SUM(G21/F21) -> 262
B22: F 15 | C22: 1 | D22: 117+136,5 | E22: =117+136.5 -> 253.5 | F22: 4 | G22: =+E22*F22 -> 1014 | H22: =+SUM(G22/F22) -> 253.5
A24: 45878 | B24: F 13,5 | C24: 1 | D24: 133*2 | E24: =133*2 -> 266 | F24: 16 | G24: =+E24*F24 -> 4256 | H24: =+SUM(G24/F24) -> 266 | I24: =+'9'!I38 -> 42.048
B25: F 15 | C25: 1 | D25: 136,5+117 | E25: =136.5+117 -> 253.5 | F25: 10 | G25: =+E25*F25 -> 2535 | H25: =+SUM(G25/F25) -> 253.5
B26: T 19 | C26: 1 | D26: 232+30 | E26: =232+30 -> 262 | F26: 5 | G26: =+E26*F26 -> 1310 | H26: =+SUM(G26/F26) -> 262
B27: F 13 | C27: 1 | D27: 133*2 | E27: =133*2 -> 266 | F27: 17 | G27: =+E27*F27 -> 4522 | H27: =+SUM(G27/F27) -> 266
B28: F 12 | C28: 1 | D28: 130*2 | E28: =130*2 -> 260 | F28: 25 | G28: =+E28*F28 -> 6500 | H28: =+SUM(G28/F28) -> 260
A30: 45879 | B30: F 12 | C30: 1 | D30: 130*2 | E30: =130*2 -> 260 | F30: =13+12+13+10+10 -> 58 | G30: =+E30*F30 -> 15080 | H30: =+(E30*F30+E31*F31)/(SUM(F30:F31)) -> 261.23288 | I30: =+'10'!I38 -> 41.217
B31: F 12 | C31: 1 | D31: 140+126 | E31: =140+126 -> 266 | F31: =8+7 -> 15 | G31: =+E31*F31 -> 3990
A33: 45880 | B33: F 12 | C33: 1 | D33: 140+126 | E33: =140+126 -> 266 | F33: 26 | G33: =+E33*F33 -> 6916 | H33: =+(E33*F33+E34*F34)/(SUM(F33:F34)) -> 264.83333 | I33: =+'11'!I38 -> 39.256
B34: F 12 | C34: 1 | D34: 140+122,5 | E34: =140+122.5 -> 262.5 | F34: 13 | G34: =+E34*F34 -> 3412.5
B35: F 13 | C35: 1 | D35: 140+124 | E35: =140+124 -> 264 | F35: 12 | G35: =+E35*F35 -> 3168 | H35: =+SUM(G35/F35) -> 264
A37: 45881 | B37: F 13 | C37: 1 | D37: 140+124 | E37: =140+124 -> 264 | F37: =13+1+13+4 -> 31 | G37: =+E37*F37 -> 8184 | H37: =+(E37*F37+E38*F38)/(SUM(F37:F38)) -> 265.14286 | I37: =+'12'!I38 -> 43.348
B38: F 13 | C38: 1 | D38: 274*1 | E38: =274*1 -> 274 | F38: 4 | G38: =+E38*F38 -> 1096
B39: F 12 | C39: 1 | D39: 140+122,5 | E39: =140+122.5 -> 262.5 | F39: 8 | G39: =+E39*F39 -> 2100 | H39: =+(E39*F39+E40*F40)/(SUM(F39:F40)) -> 265.03448
B40: F 12 | C40: 1 | D40: 266*1 | E40: =266*1 -> 266 | F40: =19+2 -> 21 | G40: =+E40*F40 -> 5586
A42: 45882 | B42: F 12 | C42: 1 | D42: 266*1 | E42: =266*1 -> 266 | F42: 10 | G42: =+E42*F42 -> 2660 | H42: =+(E42*F42+E43*F43)/(SUM(F42:F43)) -> 266 | I42: =+'13'!I38 -> 44.685
B43: F 12 | C43: 1 | D43: 133*2 | E43: =133*2 -> 266 | F43: 2 | G43: =+E43*F43 -> 532
B44: F 13 | C44: 1 | D44: 124+140 | E44: =124+140 -> 264 | F44: =9+28 -> 37 | G44: =+E44*F44 -> 9768 | H44: =+SUM(G44/F44) -> 264
A46: 45883 | B46: F 13 | C46: 1 | D46: 124+140 | E46: =124+140 -> 264 | F46: 23 | G46: =+E46*F46 -> 6072 | H46: =+(E46*F46+E47*F47)/(SUM(F46:F47)) -> 264.64706 | I46: =+'14'!I38 -> 43.694
B47: F 13 | C47: 1 | D47: 133*2 | E47: =133*2 -> 266 | F47: 11
B48: F 12,5 | C48: 1 | D48: 120+40 | E48: =120+140 -> 260 | F48: =23+17 -> 40 | G48: =+E48*F48 -> 10400 | H48: =+SUM(G48/F48) -> 260
A50: 45884 | B50: F 13,5 | C50: 1 | D50: 133*2 | E50: =133*2 -> 266 | F50: 77 | G50: =+E50*F50 -> 20482 | H50: =+SUM(G50/F50) -> 266 | I50: =+'15'!I38 -> 46.213
A52: 45885 | B52: F 13,5 | C52: 1 | D52: 133*2 | E52: =133*2 -> 266 | F52: =156/2 -> 78 | G52: =+E52*F52 -> 20748 | H52: =+SUM(G52/F52) -> 266 | I52: =+'16'!I38 -> 47.758
A54: 45886 | B54: F 13,5 | C54: 1 | D54: 133*2 | E54: =133*2 -> 266 | F54: =27+23 -> 50 | G54: =+E54*F54 -> 13300 | H54: =+SUM(G54/F54) -> 266 | I54: =+'17'!I38 -> 44.587
B55: F 12 | C55: 1 | D55: 122,5+140 | E55: =122.5+140 -> 262.5 | F55: 23 | G55: =+E55*F55 -> 6037.5 | H55: =+SUM(G55/F55) -> 262.5
A57: 45887 | B57: F 13 | C57: 1 | D57: 117+140 | E57: =117+140 -> 257 | F57: 4 | G57: =+E57*F57 -> 1028 | H57: =+SUM(G57/F57) -> 257 | I57: =+'18'!I38 -> 41.155
B58: F 12 | C58: 1 | D58: 122,5+140 | E58: =122.5+140 -> 262.5 | F58: =156/2 -> 78 | G58: =+E58*F58 -> 20475 | H58: =+SUM(G58/F58) -> 262.5
A60: 45888 | B60: F 13 | C60: 1 | D60: 117+140 | E60: =117+140 -> 257 | F60: =126/2 -> 63 | G60: =+E60*F60 -> 16191 | H60: =+SUM(G60/F60) -> 257 | I60: =+'19'!I38 -> 37.085
A62: 45889 | B62: F 13 | C62: 1 | D62: 117+140 | E62: =117+140 -> 257 | F62: 14 | G62: =+E62*F62 -> 3598 | H62: =+(E62*F62+E63*F63)/(SUM(F62:F63)) -> 258.55556 | I62: =+'20'!I38 -> 44.22
B63: F 13 | C63: 1 | D63: 140+124 | E63: =140+124 -> 264 | F63: 4
B64: F 12 | C64: 1 | D64: 180+77,5 | E64: =180+77.5 -> 257.5 | F64: =10+14+8+8 -> 40 | G64: =+E64*F64 -> 10300 | H64: =+(E64*F64+E65*F65)/(SUM(F64:F65)) -> 259.09434
B65: F 12 | C65: 1 | D65: 140+124 | E65: =140+124 -> 264 | F65: 13
A67: 45890 | B67: F 13 | C67: 1 | D67: 140+124 | E67: =140+124 -> 264 | F67: 26 | G67: =+E67*F67 -> 6864 | H67: =+SUM(G67/F67) -> 264 | I67: =+'21'!I38 -> 42.118
B68: F 12 | C68: 1 | D68: 122,5+140 | E68: =122.5+140 -> 262.5 | F68: 26 | G68: =+E68*F68 -> 6825 | H68: =+SUM(G68/F68) -> 262.5
A70: 45891 | B70: F 12 | C70: 1 | D70: 133*2 | E70: =133*2 -> 266 | F70: 17 | G70: =+E70*F70 -> 4522 | H70: =+(E70*F70+E71*F71)/(SUM(F70:F71)) -> 263.79348 | I70: =+'22'!I38 -> 45.057
B71: F 12 | C71: 1 | D71: 140+122,5 | E71: =140+122.5 -> 262.5 | F71: =58/2 -> 29 | G71: =+E71*F71 -> 7612.5
B72: T 13 | C72: 1 | D72: 129*2 | E72: =129*2 -> 258 | F72: =52/2 -> 26 | G72: =+E72*F72 -> 6708 | H72: =+SUM(G72/F72) -> 258
A74: 45892 | B74: T 13 | C74: 1 | D74: 129*2 | E74: =129*2 -> 258 | F74: =13+11+13+8+13+13 -> 71 | G74: =+E74*F74 -> 18318 | H74: =+SUM(G74/F74) -> 258 | I74: =+'23'!I38 -> 45.577
A76: 45893 | B76: T 13 | C76: 1 | D76: 129*2 | E76: =129*2 -> 258 | F76: =13+12+13+13+13+11 -> 75 | G76: =+E76*F76 -> 19350 | H76: =+SUM(G76/F76) -> 258 | I76: =+'24'!I38 -> 44.154
A78: 45894 | B78: T 13 | C78: 1 | D78: 129*2 | E78: =129*2 -> 258 | F78: 70 | G78: =+E78*F78 -> 18060 | H78: =+SUM(G78/F78) -> 258 | I78: =+'25'!I38 -> 43.958
A80: 45895 | B80: T 13 | C80: 1 | D80: 129*2 | E80: =129*2 -> 258 | F80: 61 | G80: =+E80*F80 -> 15738 | H80: =+SUM(G80/F80) -> 258 | I80: =+'26'!I38 -> 41.836
B81: F 12 | C81: 1 | D81: 132*1 | E81: =132*2 -> 264 | F81: 10 | G81: =+E81*F81 -> 2640 | H81: =+SUM(G81/F81) -> 264
A83: 45896 | B83: F 12 | C83: 1 | D83: 132*1 | E83: =132*2 -> 264 | F83: =152/2 -> 76 | G83: =+E83*F83 -> 20064 | H83: =+SUM(G83/F83) -> 264 | I83: =+'27'!I38 -> 42.419
A85: 45897 | B85: F 12 | C85: 1 | D85: 132*2 | E85: =132*2 -> 264 | F85: =138/2 -> 69 | G85: =+E85*F85 -> 18216 | H85: =+SUM((F85*E85+F86*E86)/SUM(F85:F86)) -> 264.13514 | I85: =+'28'!I38 -> 39.24
B86: F 12 | C86: 1 | D86: 133*2 | E86: =133*2 -> 266 | F86: 5 | G86: =+E86*F86 -> 1330
A88: 45898 | B88: F 12 | C88: 1 | D88: 132*2 | E88: =132*2 -> 264 | F88: 5 | G88: =+E88*F88 -> 1320 | H88: =+SUM((F88*E88+F89*E89)/SUM(F88:F89)) -> 265.73684 | I88: =+'29'!I38 -> 41.143
B89: F 12 | C89: 1 | D89: 133*2 | E89: =133*2 -> 266 | F89: =2+13+6+10+2 -> 33 | G89: =+E89*F89 -> 8778
B90: F 13 | C90: 1 | D90: 133*2 | E90: =133*2 -> 266 | F90: 15 | G90: =+E90*F90 -> 3990 | H90: =+SUM((F90*E90+F91*E91)/SUM(F90:F91)) -> 265.05882
B91: F 13 | C91: 1 | D91: 129*2 | E91: =129*2 -> 258 | F91: 2 | G91: =+E91*F91 -> 516
A93: 45899 | B93: F 13 | C93: 1 | D93: 129*2 | E93: =129*2 -> 258 | F93: =13+13+3+13+11+6 -> 59 | G93: =+E93*F93 -> 15222 | H93: =+SUM(G93/F93) -> 258 | I93: =+'30'!I38 -> 43.706
B94: F 12 | C94: 1 | D94: 140+126 | E94: =140+126 -> 266 | F94: 24 | G94: =+E94*F94 -> 6384 | H94: =+SUM(G94/F94) -> 266
A96: 45900 | B96: F 12 | C96: 1 | D96: 140+126 | E96: =140+126 -> 266 | F96: =13+12 -> 25 | G96: =+E96*F96 -> 6650 | H96: =+SUM((F96*E96+F97*E97)/SUM(F96:F97)) -> 264.5 | I96: =+'31'!I38 -> 42.797
B97: F 12 | C97: 1 | D97: 126*2 | E97: =126*2 -> 252 | F97: 3
B98: F 12,5 | C98: 1 | D98: 140+120 | E98: =140+120 -> 260 | F98: =6+13+7+10+6 -> 42 | G98: =+E98*F98 -> 10920 | H98: =+SUM(G98/F98) -> 260
B99: F 13 | C99: 1 | D99: 140+122,5 | E99: =140+122.5 -> 262.5 | F99: 11 | G99: =+E99*F99 -> 2887.5 | H99: =+SUM(G99/F99) -> 262.5

Sheet Efficiency1
A1: PM14 Efficiency Report
A3: Date | B3: Grade | C3: Speed real (ton) with Available Time | D3: Colour | E3: gsm | F3: Ply | G3: Standard | L3: Real Running | O3: Trim Rewinder (cm) | P3: Trim Rewinder x Running Time | Q3: Available Time (mnt) | R3: Down Time (mnt) | S3: Loss Time (mnt) | T3: Real Speed & Real Creepe Ratio with Available Time (ton) | U3: Real Speed & Real Creepe Ratio setelah dipotong DT & LT (ton) | V3: Loss tonase akibat DT + LT dari hitungan Teori with available time (ton) | W3: Accepted (ton) | X3: Real Eff dr Target Eff | Y3: Backlog | Z3: Reject Rewinder (ton) | AA3: Estimasi Reject to Broke Plant (ton) | AB3: Estimasi Faktor BW (ton) | AC3: Loss Opportunity in Speed (ton) | AD3: Downtime/ Losstime | AE3: Reason of Downtime / Losstime | AF3: Loss Time | AM3: Total Losstime | AN3: Unschedule Shut Down (mnt) | AS3: Schedule Shut Down | AT3: Marketing | AV3: EXT FACTOR | AX3: EXT FACTOR | AZ3: MANAGEMENT | BA3: Total Down Time | BB3: Freq. Sheets Break (X) | BC3: Freq. Change Blade (X) | BD3: Steam, & gangguan sinergy (X) | BE3: Freq, Trip PLN (X) | BF3: Cleaning Holes (X)
AF4: Proses | AI4: Change Grade/Cleaning | AJ4: Mekanik | AK4: Electric & Instrument | AL4: Boiler | AN4: Down Time Produksi | AO4: Mekanik | AP4: Electrical & Instrument | AQ4: Boiler | AR4: Total Unschedule Shut Down | AV4: LOSS | AW4: DOWN TIME | AX4: LOSS | AY4: DOWN TIME
G5: Yankee Speed (mpm) | H5: Max % Creeping | I5: Target Eff | J5: Kapasitas PM-Teori (ton) | K5: Teori (ton) with Available Time | L5: Yankee Speed (mpm) | M5: Popereel Speed (mpm) | N5: % Creeping | AF5: sheet break | AG5: change blade | AH5: change spool | AT5: Loss time | AU5: Down Time | AV5: SINERGY | AW5: SINERGY | AX5: PLN | AY5: PLN
A6: =+Report1!A9 -> 45870 | B6: Toilet | C6: =(M6*E6*O6*Q6)/100000000 -> 47.692925 | D6: VP OW | E6: 13 | F6: 1 | G6: 1230 | H6: 0.23 | I6: 0.88 | J6: =E6*G6*(1-H6)*1440/1000000*2.74 -> 48.579411 | K6: =(IF(G6<L6,L6,G6)*(1-IF(H6<N6,H6,N6))*E6*O6*Q6)/100000000 -> 47.692925 | L6: 1230 | M6: 947.1 | N6: =1-(M6/L6) -> 0.23 | O6: =+'Trim Rwd'!H4 -> 269 | P6: =O6*(Q6-R6-S6) -> 370682 | Q6: 1440 | R6: 0 | S6: 62 | T6: =E6*M6*O6*Q6/100000000 -> 47.692925 | U6: =E6*M6*O6*(Q6-R6-S6)/100000000 -> 45.63948 | V6: =E6*G6*(1-N6)*O6/100*(R6+S6)/1000000 -> 2.0534454 | W6: =+'1'!K7/1000 -> 44.627 | X6: =SUM(W6:W10)/SUM(K6:K10) -> 0.9357153 | Y6: 0 | Z6: =+'1'!D7/1000 -> 0.299 | AA6: =SUM(U6:U10)-SUM(W6:W10)-SUM(Z6:Z10)-SUM(Y6:Y10) -> 0.71347989 | AB6: =(SUM(K6:K10)-SUM(W6:W10)-SUM(Y6:Y10)-SUM(Z6:Z10)-SUM(AC6:AC10)-SUM(V6:V10))-AA6 -> 8.8817842e-16 | AC6: =K6-T6 -> 0 | AD6: =+AM6+BA6 -> 9 | AE6: - Sheet Breaks (3x) | AF6: 9 | AM6: =SUM(AF6:AL6)+AT6+AV6+AX6 -> 9 | AR6: =SUM(AN6:AQ6) -> 0 | BA6: =+AR6+AS6+AU6+AW6+AY6+AZ6 -> 0 | BB6: 3
AD7: =+AM7+BA7 -> 14 | AE7: - Change Blade (9x) | AG7: 14 | AM7: =SUM(AF7:AL7)+AT7+AV7+AX7 -> 14 | AR7: =SUM(AN7:AQ7) -> 0 | BA7: =+AR7+AS7+AU7+AW7+AY7+AZ7 -> 0 | BC7: 9
AD8: =+AM8+BA8 -> 39 | AE8: - Change Spool (29x) | AH8: 39 | AM8: =SUM(AF8:AL8)+AT8+AV8+AX8 -> 39 | AR8: =SUM(AN8:AQ8) -> 0 | BA8: =+AR8+AS8+AU8+AW8+AY8+AZ8 -> 0
AD9: =+AM9+BA9 -> 0 | AE9: - Cleaning | AI9: 0 | AM9: =SUM(AF9:AL9)+AT9+AV9+AX9 -> 0 | AR9: =SUM(AN9:AQ9) -> 0 | BA9: =+AR9+AS9+AU9+AW9+AY9+AZ9 -> 0
A11: 45871 | B11: Toilet | C11: =(M11*E11*O11*Q11)/100000000 -> 47.692925 | D11: VP OW | E11: 13 | F11: 1 | G11: 1230 | H11: 0.23 | I11: 0.88 | J11: =E11*G11*(1-H11)*1440/1000000*2.74 -> 48.579411 | K11: =(IF(G11<L11,L11,G11)*(1-IF(H11<N11,H11,N11))*E11*O11*Q11)/100000000 -> 47.692925 | L11: 1230 | M11: 947.1 | N11: =1-(M11/L11) -> 0.23 | O11: =+'Trim Rwd'!H6 -> 269 | P11: =O11*(Q11-R11-S11) -> 365840 | Q11: 1440 | R11: 0 | S11: 80 | T11: =E11*M11*O11*Q11/100000000 -> 47.692925 | U11: =E11*M11*O11*(Q11-R11-S11)/100000000 -> 45.043318 | V11: =E11*G11*(1-N11)*O11/100*(R11+S11)/1000000 -> 2.649607 | W11: =+'2'!K7/1000 -> 45.751 | X11: =SUM(W11:W15)/SUM(K11:K15) -> 0.95928274 | Y11: 0 | Z11: =+'2'!D7/1000 -> 0.253 | AA11: =SUM(U11:U15)-SUM(W11:W15)-SUM(Z11:Z15)-SUM(Y11:Y15) -> -0.96068168 | AB11: =(SUM(K11:K15)-SUM(W11:W15)-SUM(Y11:Y15)-SUM(Z11:Z15)-SUM(AC11:AC15)-SUM(V11:V15))-AA11 -> 0 | AC11: =K11-T11 -> 0 | AD11: =+AM11+BA11 -> 18 | AE11: - Sheet Breaks (6x) | AF11: 18 | AM11: =SUM(AF11:AL11)+AT11+AV11+AX11 -> 18 | AR11: =SUM(AN11:AQ11) -> 0 | BA11: =+AR11+AS11+AU11+AW11+AY11+AZ11 -> 0 | BB11: 6
AD12: =+AM12+BA12 -> 12 | AE12: - Change Blade (7x) | AG12: 12 | AM12: =SUM(AF12:AL12)+AT12+AV12+AX12 -> 12 | AR12: =SUM(AN12:AQ12) -> 0 | BA12: =+AR12+AS12+AU12+AW12+AY12+AZ12 -> 0 | BC12: 7
AD13: =+AM13+BA13 -> 50 | AE13: - Change Spool (31x) | AH13: 50 | AM13: =SUM(AF13:AL13)+AT13+AV13+AX13 -> 50 | AR13: =SUM(AN13:AQ13) -> 0 | BA13: =+AR13+AS13+AU13+AW13+AY13+AZ13 -> 0
AD14: =+AM14+BA14 -> 0 | AE14: - Cleaning | AI14: 0 | AM14: =SUM(AF14:AL14)+AT14+AV14+AX14 -> 0 | AR14: =SUM(AN14:AQ14) -> 0 | BA14: =+AR14+AS14+AU14+AW14+AY14+AZ14 -> 0
A16: 45872 | B16: Toilet | C16: =(M16*E16*O16*Q16)/100000000 -> 47.692925 | D16: VP OW | E16: 13 | F16: 1 | G16: 1230 | H16: 0.23 | I16: 0.88 | J16: =E16*G16*(1-H16)*1440/1000000*2.74 -> 48.579411 | K16: =(IF(G16<L16,L16,G16)*(1-IF(H16<N16,H16,N16))*E16*O16*Q16)/100000000 -> 47.692925 | L16: 1230 | M16: 947.1 | N16: =1-(M16/L16) -> 0.23 | O16: =+'Trim Rwd'!H8 -> 269 | P16: =O16*(Q16-R16-S16) -> 260123 | Q16: 1440 | R16: =473-54 -> 419 | S16: 54 | T16: =E16*M16*O16*Q16/100000000 -> 47.692925 | U16: =E16*M16*O16*(Q16-R16-S16)/100000000 -> 32.027124 | V16: =E16*G16*(1-N16)*O16/100*(R16+S16)/1000000 -> 15.665801 | W16: =+'3'!K7/1000 -> 29.979 | X16: =SUM(W16:W20)/SUM(K16:K20) -> 0.6285838 | Y16: 0 | Z16: =+'1'!D17/1000 -> 0 | AA16: =SUM(U16:U20)-SUM(W16:W20)-SUM(Z16:Z20)-SUM(Y16:Y20) -> 2.0481241 | AB16: =(SUM(K16:K20)-SUM(W16:W20)-SUM(Y16:Y20)-SUM(Z16:Z20)-SUM(AC16:AC20)-SUM(V16:V20))-AA16 -> 0 | AC16: =K16-T16 -> 0 | AD16: =+AM16+BA16 -> 25 | AE16: - Sheet Breaks (5x) | AF16: 25 | AM16: =SUM(AF16:AL16)+AT16+AV16+AX16 -> 25 | AR16: =SUM(AN16:AQ16) -> 0 | BA16: =+AR16+AS16+AU16+AW16+AY16+AZ16 -> 0 | BB16: 5
AD17: =+AM17+BA17 -> 0 | AE17: - Change Blade (0x) | AG17: 0 | AM17: =SUM(AF17:AL17)+AT17+AV17+AX17 -> 0 | AR17: =SUM(AN17:AQ17) -> 0 | BA17: =+AR17+AS17+AU17+AW17+AY17+AZ17 -> 0 | BC17: 0
AD18: =+AM18+BA18 -> 29 | AE18: - Change Spool (23x) | AH18: 29 | AM18: =SUM(AF18:AL18)+AT18+AV18+AX18 -> 29 | AR18: =SUM(AN18:AQ18) -> 0 | BA18: =+AR18+AS18+AU18+AW18+AY18+AZ18 -> 0
AD19: =+AM19+BA19 -> 60 | AE19: - 20:10 pm stop cleaning felt + wire | AI19: 0 | AM19: =SUM(AF19:AL19)+AT19+AV19+AX19 -> 0 | AN19: 60 | AR19: =SUM(AN19:AQ19) -> 60 | BA19: =+AR19+AS19+AU19+AW19+AY19+AZ19 -> 60
AD20: =+AM20+BA20 -> 60 | AE20: - tim meid + eid bongkar valve buntu reviner | AP20: 60 | AR20: =SUM(AN20:AQ20) -> 60 | BA20: =+AR20+AS20+AU20+AW20+AY20+AZ20 -> 60
AD21: =+AM21+BA21 -> 299 | AE21: - tim meid + eid bongkar valve buntu reviner | AO21: 299 | AR21: =SUM(AN21:AQ21) -> 299 | BA21: =+AR21+AS21+AU21+AW21+AY21+AZ21 -> 299
A23: 45873 | B23: Toilet | C23: =(M23*E23*O23*Q23)/100000000 -> 47.472933 | D23: VP OW | E23: 13 | F23: 1 | G23: 1230 | H23: 0.23 | I23: 0.88 | J23: =E23*G23*(1-H23)*1440/1000000*2.74 -> 48.579411 | K23: =(IF(G23<L23,L23,G23)*(1-IF(H23<N23,H23,N23))*E23*O23*Q23)/100000000 -> 47.692925 | L23: 1224.3264 | M23: 942.73132 | N23: =1-(M23/L23) -> 0.23 | O23: =+'Trim Rwd'!H10 -> 269 | P23: =O23*(Q23-R23-S23) -> 372296 | Q23: 1440 | R23: 0 | S23: 56 | T23: =E23*M23*O23*Q23/100000000 -> 47.472933 | U23: =E23*M23*O23*(Q23-R23-S23)/100000000 -> 45.626763 | V23: =E23*G23*(1-N23)*O23/100*(R23+S23)/1000000 -> 1.8547249 | W23: =+'4'!K7/1000 -> 44.225 | X23: =SUM(W23:W27)/SUM(K23:K27) -> 0.92728638 | Y23: 0 | Z23: =+'2'!D19/1000 -> 0 | AA23: =SUM(U23:U27)-SUM(W23:W27)-SUM(Z23:Z27)-SUM(Y23:Y27) -> 1.4017629 | AB23: =(SUM(K23:K27)-SUM(W23:W27)-SUM(Y23:Y27)-SUM(Z23:Z27)-SUM(AC23:AC27)-SUM(V23:V27))-AA23 -> -0.0085552745 | AC23: =K23-T23 -> 0.21999277 | AD23: =+AM23+BA23 -> 0 | AE23: - Sheet Breaks (6x) | AF23: 0 | AM23: =SUM(AF23:AL23)+AT23+AV23+AX23 -> 0 | AR23: =SUM(AN23:AQ23) -> 0 | BA23: =+AR23+AS23+AU23+AW23+AY23+AZ23 -> 0 | BB23: 6
AD24: =+AM24+BA24 -> 0 | AE24: - Change Blade (7x) | AG24: 0 | AM24: =SUM(AF24:AL24)+AT24+AV24+AX24 -> 0 | AR24: =SUM(AN24:AQ24) -> 0 | BA24: =+AR24+AS24+AU24+AW24+AY24+AZ24 -> 0 | BC24: 7
AD25: =+AM25+BA25 -> 56 | AE25: - Change Spool (32x) | AH25: 56 | AM25: =SUM(AF25:AL25)+AT25+AV25+AX25 -> 56 | AR25: =SUM(AN25:AQ25) -> 0 | BA25: =+AR25+AS25+AU25+AW25+AY25+AZ25 -> 0
AD26: =+AM26+BA26 -> 0 | AE26: - Cleaning | AI26: 0 | AM26: =SUM(AF26:AL26)+AT26+AV26+AX26 -> 0 | AR26: =SUM(AN26:AQ26) -> 0 | BA26: =+AR26+AS26+AU26+AW26+AY26+AZ26 -> 0
A28: 45874 | B28: Toilet | C28: =(M28*E28*O28*Q28)/100000000 -> 47.692925 | D28: VP OW | E28: 13 | F28: 1 | G28: 1230 | H28: 0.23 | I28: 0.88 | J28: =E28*G28*(1-H28)*1440/1000000*2.74 -> 48.579411 | K28: =(IF(G28<L28,L28,G28)*(1-IF(H28<N28,H28,N28))*E28*O28*Q28)/100000000 -> 47.692925 | L28: 1230 | M28: 947.1 | N28: =1-(M28/L28) -> 0.23 | O28: =+'Trim Rwd'!H12 -> 269 | P28: =O28*(Q28-R28-S28) -> 372834 | Q28: 1440 | R28: 0 | S28: 54 | T28: =E28*M28*O28*Q28/100000000 -> 47.692925 | U28: =E28*M28*O28*(Q28-R28-S28)/100000000 -> 45.904441 | V28: =E28*G28*(1-N28)*O28/100*(R28+S28)/1000000 -> 1.7884847 | W28: =+'5'!K7/1000 -> 42.78 | X28: =SUM(W28:W32)/SUM(K28:K32) -> 0.89698838 | Y28: 0 | Z28: =+'5'!D34/1000 -> 1.26 | AA28: =SUM(U28:U32)-SUM(W28:W32)-SUM(Z28:Z32)-SUM(Y28:Y32) -> 1.8644406 | AB28: =(SUM(K28:K32)-SUM(W28:W32)-SUM(Y28:Y32)-SUM(Z28:Z32)-SUM(AC28:AC32)-SUM(V28:V32))-AA28 -> 5.5511151e-15 | AC28: =K28-T28 -> 0 | AD28: =+AM28+BA28 -> 0 | AE28: - Sheet Breaks (0x) | AF28: 0 | AM28: =SUM(AF28:AL28)+AT28+AV28+AX28 -> 0 | AR28: =SUM(AN28:AQ28) -> 0 | BA28: =+AR28+AS28+AU28+AW28+AY28+AZ28 -> 0 | BB28: 0
AD29: =+AM29+BA29 -> 6 | AE29: - Change Blade (3x) | AG29: 6 | AM29: =SUM(AF29:AL29)+AT29+AV29+AX29 -> 6 | AR29: =SUM(AN29:AQ29) -> 0 | BA29: =+AR29+AS29+AU29+AW29+AY29+AZ29 -> 0 | BC29: 3
AD30: =+AM30+BA30 -> 48 | AE30: - Change Spool (30x) | AH30: 48 | AM30: =SUM(AF30:AL30)+AT30+AV30+AX30 -> 48 | AR30: =SUM(AN30:AQ30) -> 0 | BA30: =+AR30+AS30+AU30+AW30+AY30+AZ30 -> 0
AD31: =+AM31+BA31 -> 0 | AE31: - Cleaning | AI31: 0 | AM31: =SUM(AF31:AL31)+AT31+AV31+AX31 -> 0 | AR31: =SUM(AN31:AQ31) -> 0 | BA31: =+AR31+AS31+AU31+AW31+AY31+AZ31 -> 0
A33: 45875 | B33: Toilet | C33: =(M33*E33*O33*Q33)/100000000 -> 44.877718 | D33: VP OW | E33: 13 | F33: 1 | G33: 1230 | H33: 0.23 | I33: 0.88 | J33: =E33*G33*(1-H33)*1440/1000000*2.74 -> 48.579411 | K33: =(IF(G33<L33,L33,G33)*(1-IF(H33<N33,H33,N33))*E33*O33*Q33)/100000000 -> 44.877718 | L33: 1230 | M33: 947.1 | N33: =1-(M33/L33) -> 0.23 | O33: =+'Trim Rwd'!H14 -> 269 | P33: =O33*(Q33-R33-S33) -> 356425 | Q33: 1355 | R33: 0 | S33: 30 | T33: =E33*M33*O33*Q33/100000000 -> 44.877718 | U33: =E33*M33*O33*(Q33-R33-S33)/100000000 -> 43.884115 | V33: =E33*G33*(1-N33)*O33/100*(R33+S33)/1000000 -> 0.99360261 | W33: =+'6'!K7/1000 -> 42.75 | X33: =SUM(W33:W37)/SUM(K33:K37) -> 0.89021991 | Y33: 0 | Z33: =+'6'!D25/1000 -> 0.3 | AA33: =SUM(U33:U37)-SUM(W33:W37)-SUM(Z33:Z37)-SUM(Y33:Y37) -> 3.2754352 | AB33: =(SUM(K33:K37)-SUM(W33:W37)-SUM(Y33:Y37)-SUM(Z33:Z37)-SUM(AC33:AC37)-SUM(V33:V37))-AA33 -> 0.023823872 | AC33: =K33-T33 -> 0 | AD33: =+AM33+BA33 -> 12 | AE33: - Sheet Breaks (6x) | AF33: 12 | AM33: =SUM(AF33:AL33)+AT33+AV33+AX33 -> 12 | AR33: =SUM(AN33:AQ33) -> 0 | BA33: =+AR33+AS33+AU33+AW33+AY33+AZ33 -> 0 | BB33: 6
B34: Toilet | C34: =(M34*E34*O34*Q34)/100000000 -> 3.1441242 | D34: VP OW | E34: 15.5 | F34: 1 | G34: 1140 | H34: 0.21 | I34: 0.88 | J34: =E34*G34*(1-H34)*1440/1000000*2.74 -> 55.077814 | K34: =(IF(G34<L34,L34,G34)*(1-IF(H34<N34,H34,N34))*E34*O34*Q34)/100000000 -> 3.1441242 | L34: 1180 | M34: 932.2 | N34: =1-(M34/L34) -> 0.21 | O34: =+'Trim Rwd'!H15 -> 256 | P34: =O34*(Q34-R34-S34) -> 16896 | Q34: 85 | R34: 0 | S34: 19 | T34: =E34*M34*O34*Q34/100000000 -> 3.1441242 | U34: =E34*M34*O34*(Q34-R34-S34)/100000000 -> 2.4413199 | V34: =E34*G34*(1-N34)*O34/100*(R34+S34)/1000000 -> 0.67898035 | W34: =+'5'!K13/1000 -> 0 | AD34: =+AM34+BA34 -> 0 | AE34: - Change Blade (3x) | AG34: 0 | AM34: =SUM(AF34:AL34)+AT34+AV34+AX34 -> 0 | AR34: =SUM(AN34:AQ34) -> 0 | BA34: =+AR34+AS34+AU34+AW34+AY34+AZ34 -> 0 | BC34: 3
AD35: =+AM35+BA35 -> 37 | AE35: - Change Spool (31x) | AH35: 37 | AM35: =SUM(AF35:AL35)+AT35+AV35+AX35 -> 37 | AR35: =SUM(AN35:AQ35) -> 0 | BA35: =+AR35+AS35+AU35+AW35+AY35+AZ35 -> 0
AD36: =+AM36+BA36 -> 0 | AE36: - Cleaning | AI36: 0 | AM36: =SUM(AF36:AL36)+AT36+AV36+AX36 -> 0 | AR36: =SUM(AN36:AQ36) -> 0 | BA36: =+AR36+AS36+AU36+AW36+AY36+AZ36 -> 0
A38: 45876 | B38: Toilet | C38: =(M38*E38*O38*Q38)/100000000 -> 53.114696 | D38: VP OW | E38: 15.5 | F38: 1 | G38: 1140 | H38: 0.21 | I38: 0.88 | J38: =E38*G38*(1-H38)*1440/1000000*2.74 -> 55.077814 | K38: =(IF(G38<L38,L38,G38)*(1-IF(H38<N38,H38,N38))*E38*O38*Q38)/100000000 -> 53.114696 | L38: 1176.6667 | M38: 929.56667 | N38: =1-(M38/L38) -> 0.21 | O38: =+'Trim Rwd'!H18 -> 256 | P38: =O38*(Q38-R38-S38) -> 343808 | Q38: 1440 | R38: 0 | S38: 97 | T38: =E38*M38*O38*Q38/100000000 -> 53.114696 | U38: =E38*M38*O38*(Q38-R38-S38)/100000000 -> 49.536831 | V38: =E38*G38*(1-N38)*O38/100*(R38+S38)/1000000 -> 3.4663734 | W38: =+'7'!K8/1000 -> 46.642 | X38: =SUM(W38:W42)/SUM(K38:K42) -> 0.92251305 | Y38: 0 | Z38: =+'5'!D44/1000 -> 0 | AA38: =SUM(U38:U42)-SUM(W38:W42)-SUM(Z38:Z42)-SUM(Y38:Y42) -> 0.53783076 | AB38: =(SUM(K38:K42)-SUM(W38:W42)-SUM(Y38:Y42)-SUM(Z38:Z42)-SUM(AC38:AC42)-SUM(V38:V42))-AA38 -> 0.11149154 | AC38: =K38-T38 -> 0 | AD38: =+AM38+BA38 -> 34 | AE38: - Sheet Breaks (13x) | AF38: 34 | AM38: =SUM(AF38:AL38)+AT38+AV38+AX38 -> 34 | AR38: =SUM(AN38:AQ38) -> 0 | BA38: =+AR38+AS38+AU38+AW38+AY38+AZ38 -> 0 | BB38: 13
B39: Toilet | E39: 13 | W39: =+'7'!K7/1000 -> 2.357 | AD39: =+AM39+BA39 -> 0 | AE39: - Change Blade (0x) | AG39: 0 | AM39: =SUM(AF39:AL39)+AT39+AV39+AX39 -> 0 | AR39: =SUM(AN39:AQ39) -> 0 | BA39: =+AR39+AS39+AU39+AW39+AY39+AZ39 -> 0 | BC39: 0
AD40: =+AM40+BA40 -> 63 | AE40: - Change Spool (31x) | AH40: 63 | AM40: =SUM(AF40:AL40)+AT40+AV40+AX40 -> 63 | AR40: =SUM(AN40:AQ40) -> 0 | BA40: =+AR40+AS40+AU40+AW40+AY40+AZ40 -> 0
AD41: =+AM41+BA41 -> 0 | AE41: - Cleaning | AI41: 0 | AM41: =SUM(AF41:AL41)+AT41+AV41+AX41 -> 0 | AR41: =SUM(AN41:AQ41) -> 0 | BA41: =+AR41+AS41+AU41+AW41+AY41+AZ41 -> 0
A43: 45877 | B43: Toilet | C43: =(M43*E43*O43*Q43)/100000000 -> 31.153673 | D43: VP OW | E43: 15.5 | F43: 1 | G43: 1140 | H43: 0.21 | I43: 0.88 | J43: =E43*G43*(1-H43)*1440/1000000*2.74 -> 55.077814 | K43: =(IF(G43<L43,L43,G43)*(1-IF(H43<N43,H43,N43))*E43*O43*Q43)/100000000 -> 31.962859 | L43: 1160 | M43: 893.2 | N43: =1-(M43/L43) -> 0.23 | O43: =+'Trim Rwd'!H20 -> 256 | P43: =O43*(Q43-R43-S43) -> 213504 | Q43: 879 | R43: 0 | S43: 45 | T43: =E43*M43*O43*Q43/100000000 -> 31.153673 | U43: =E43*M43*O43*(Q43-R43-S43)/100000000 -> 29.558775 | V43: =E43*G43*(1-N43)*O43/100*(R43+S43)/1000000 -> 1.5673997 | W43: =+'8'!K8/1000 -> 33.053 | X43: =SUM(W43:W47)/SUM(K43:K47) -> 0.82670871 | Y43: 0 | Z43: =+'5'!D49/1000 -> 0 | AA43: =SUM(U43:U47)-SUM(W43:W47)-SUM(Z43:Z47)-SUM(Y43:Y47) -> 3.6084673 | AB43: =(SUM(K43:K47)-SUM(W43:W47)-SUM(Y43:Y47)-SUM(Z43:Z47)-SUM(AC43:AC47)-SUM(V43:V47))-AA43 -> 0.49351501 | AC43: =K43-T43 -> 0.8091863 | AD43: =+AM43+BA43 -> 34 | AE43: - Sheet Breaks (13x) | AF43: 34 | AM43: =SUM(AF43:AL43)+AT43+AV43+AX43 -> 34 | AR43: =SUM(AN43:AQ43) -> 0 | BA43: =+AR43+AS43+AU43+AW43+AY43+AZ43 -> 0 | BB43: 13
B44: Toilet | C44: =(M44*E44*O44*Q44)/100000000 -> 13.976432 | D44: VP OW | E44: 19 | F44: 1 | G44: 930 | H44: 0.21 | I44: 0.88 | J44: =E44*G44*(1-H44)*1440/1000000*2.74 -> 55.077814 | K44: =(IF(G44<L44,L44,G44)*(1-IF(H44<N44,H44,N44))*E44*O44*Q44)/100000000 -> 13.976432 | L44: 951.09756 | M44: 760.87805 | N44: =1-(M44/L44) -> 0.2 | O44: =+'Trim Rwd'!H21 -> 262 | P44: =O44*(Q44-R44-S44) -> 90128 | Q44: 369 | R44: 0 | S44: 25 | T44: =E44*M44*O44*Q44/100000000 -> 13.976432 | U44: =E44*M44*O44*(Q44-R44-S44)/100000000 -> 13.029519 | V44: =E44*G44*(1-N44)*O44/100*(R44+S44)/1000000 -> 0.925908 | W44: =+'8'!K9/1000 -> 7.629 | Z44: =+'8'!D26/1000 -> 1.23 | AD44: =+AM44+BA44 -> 0 | AE44: - Change Blade (0x) | AG44: 0 | AM44: =SUM(AF44:AL44)+AT44+AV44+AX44 -> 0 | AR44: =SUM(AN44:AQ44) -> 0 | BA44: =+AR44+AS44+AU44+AW44+AY44+AZ44 -> 0 | BC44: 0
B45: Facial | C45: =(M45*E45*O45*Q45)/100000000 -> 6.5292728 | D45: VP OW | E45: 15 | F45: 1 | G45: 1230 | H45: 0.22 | I45: 0.88 | J45: =E45*G45*(1-H45)*1440/1000000*2.74 -> 56.78113 | K45: =(IF(G45<L45,L45,G45)*(1-IF(H45<N45,H45,N45))*E45*O45*Q45)/100000000 -> 7.0043875 | L45: 1161.4583 | M45: 894.32292 | N45: =1-(M45/L45) -> 0.23 | O45: =+'Trim Rwd'!H22 -> 253.5 | P45: =O45*(Q45-R45-S45) -> 44869.5 | Q45: 192 | R45: 0 | S45: 15 | T45: =E45*M45*O45*Q45/100000000 -> 6.5292728 | U45: =E45*M45*O45*(Q45-R45-S45)/100000000 -> 6.0191733 | V45: =E45*G45*(1-N45)*O45/100*(R45+S45)/1000000 -> 0.54020216 | W45: =+'8'!K10/1000 -> 3.087 | AD45: =+AM45+BA45 -> 51 | AE45: - Change Spool (33x) | AH45: 51 | AM45: =SUM(AF45:AL45)+AT45+AV45+AX45 -> 51 | AR45: =SUM(AN45:AQ45) -> 0 | BA45: =+AR45+AS45+AU45+AW45+AY45+AZ45 -> 0
AD46: =+AM46+BA46 -> 0 | AE46: - Cleaning | AI46: 0 | AM46: =SUM(AF46:AL46)+AT46+AV46+AX46 -> 0 | AR46: =SUM(AN46:AQ46) -> 0 | BA46: =+AR46+AS46+AU46+AW46+AY46+AZ46 -> 0
A48: 45878 | B48: Facial | C48: =(M48*E48*O48*Q48)/100000000 -> 5.714762 | D48: VP OW | E48: 15 | F48: 1 | G48: 1195 | H48: 0.22 | I48: 0.88 | J48: =E48*G48*(1-H48)*1440/1000000*2.74 -> 55.165406 | K48: =(IF(G48<L48,L48,G48)*(1-IF(H48<N48,H48,N48))*E48*O48*Q48)/100000000 -> 5.8871902 | L48: 1160 | M48: 916.4 | N48: =1-(M48/L48) -> 0.21 | O48: =+'Trim Rwd'!H25 -> 253.5 | P48: =O48*(Q48-R48-S48) -> 37771.5 | Q48: 164 | R48: 0 | S48: 15 | T48: =E48*M48*O48*Q48/100000000 -> 5.714762 | U48: =E48*M48*O48*(Q48-R48-S48)/100000000 -> 5.1920704 | V48: =E48*G48*(1-N48)*O48/100*(R48+S48)/1000000 -> 0.53846252 | W48: =+'9'!K10/1000 -> 7.293 | X48: =SUM(W48:W53)/SUM(K48:K53) -> 0.9569716 | Y48: 0 | Z48: =+'5'!D54/1000 -> 0 | AA48: =SUM(U48:U53)-SUM(W48:W53)-SUM(Z48:Z53)-SUM(Y48:Y53) -> -1.993998 | AB48: =(SUM(K48:K53)-SUM(W48:W53)-SUM(Y48:Y53)-SUM(Z48:Z53)-SUM(AC48:AC53)-SUM(V48:V53))-AA48 -> 0.59346192 | AC48: =K48-T48 -> 0.17242817 | AD48: =+AM48+BA48 -> 24 | AE48: - Sheet Breaks (8x) | AF48: 24 | AM48: =SUM(AF48:AL48)+AT48+AV48+AX48 -> 24 | AR48: =SUM(AN48:AQ48) -> 0 | BA48: =+AR48+AS48+AU48+AW48+AY48+AZ48 -> 0 | BB48: 8
B49: Facial | C49: =(M49*E49*O49*Q49)/100000000 -> 14.075589 | D49: VP OW | E49: 13.5 | F49: 1 | G49: 1230 | H49: 0.22 | I49: 0.88 | J49: =E49*G49*(1-H49)*1440/1000000*2.74 -> 51.103017 | K49: =(IF(G49<L49,L49,G49)*(1-IF(H49<N49,H49,N49))*E49*O49*Q49)/100000000 -> 14.435411 | L49: 1214.9165 | M49: 935.48568 | N49: =1-(M49/L49) -> 0.23 | O49: =+'Trim Rwd'!H24 -> 266 | P49: =O49*(Q49-R49-S49) -> 106134 | Q49: 419 | R49: 0 | S49: 20 | T49: =E49*M49*O49*Q49/100000000 -> 14.075589 | U49: =E49*M49*O49*(Q49-R49-S49)/100000000 -> 13.403723 | V49: =E49*G49*(1-N49)*O49/100*(R49+S49)/1000000 -> 0.68020722 | W49: =+'9'!K11/1000 -> 10.451 | Z49: =+'8'!D31/1000 -> 0 | AD49: =+AM49+BA49 -> 12 | AE49: - Change Blade (8x) | AG49: 12 | AM49: =SUM(AF49:AL49)+AT49+AV49+AX49 -> 12 | AR49: =SUM(AN49:AQ49) -> 0 | BA49: =+AR49+AS49+AU49+AW49+AY49+AZ49 -> 0 | BC49: 8
B50: Facial | C50: =(M50*E50*O50*Q50)/100000000 -> 9.7945914 | D50: VP OW | E50: 13 | F50: 1 | G50: 1230 | H50: 0.22 | I50: 0.88 | J50: =E50*G50*(1-H50)*1440/1000000*2.74 -> 49.210312 | K50: =(IF(G50<L50,L50,G50)*(1-IF(H50<N50,H50,N50))*E50*O50*Q50)/100000000 -> 10.052344 | L50: 1230 | M50: 934.8 | N50: =1-(M50/L50) -> 0.24 | O50: =+'Trim Rwd'!H27 -> 266 | P50: =O50*(Q50-R50-S50) -> 76608 | Q50: 303 | R50: 0 | S50: 15 | T50: =E50*M50*O50*Q50/100000000 -> 9.7945914 | U50: =E50*M50*O50*(Q50-R50-S50)/100000000 -> 9.3097106 | V50: =E50*G50*(1-N50)*O50/100*(R50+S50)/1000000 -> 0.48488076 | W50: =+'9'!K12/1000 -> 10.606 | AD50: =+AM50+BA50 -> 43 | AE50: - Change Spool (29x) | AH50: 43 | AM50: =SUM(AF50:AL50)+AT50+AV50+AX50 -> 43 | AR50: =SUM(AN50:AQ50) -> 0 | BA50: =+AR50+AS50+AU50+AW50+AY50+AZ50 -> 0
B51: Facial | C51: =(M51*E51*O51*Q51)/100000000 -> 16.370434 | D51: VP OW | E51: 12 | F51: 1 | G51: 1230 | H51: 0.23 | I51: 0.88 | J51: =E51*G51*(1-H51)*1440/1000000*2.74 -> 44.842533 | K51: =(IF(G51<L51,L51,G51)*(1-IF(H51<N51,H51,N51))*E51*O51*Q51)/100000000 -> 16.370434 | L51: 1230 | M51: 947.1 | N51: =1-(M51/L51) -> 0.23 | O51: =+'Trim Rwd'!H28 -> 260 | P51: =O51*(Q51-R51-S51) -> 136500 | Q51: 554 | R51: 0 | S51: 29 | T51: =E51*M51*O51*Q51/100000000 -> 16.370434 | U51: =E51*M51*O51*(Q51-R51-S51)/100000000 -> 15.513498 | V51: =E51*G51*(1-N51)*O51/100*(R51+S51)/1000000 -> 0.85693608 | W51: =+'9'!K13/1000 -> 13.097 | AD51: =+AM51+BA51 -> 0 | AE51: - Cleaning | AI51: 0 | AM51: =SUM(AF51:AL51)+AT51+AV51+AX51 -> 0 | AR51: =SUM(AN51:AQ51) -> 0 | BA51: =+AR51+AS51+AU51+AW51+AY51+AZ51 -> 0
B52: Toilet | E52: 19 | W52: =+'9'!K9/1000 -> 3.287 | Z52: =+'9'!D9/1000 -> 0.679
A54: 45879 | B54: Facial | C54: =(M54*E54*O54*Q54)/100000000 -> 42.75308 | D54: VP OW | E54: 12 | F54: 1 | G54: 1230 | H54: 0.23 | I54: 0.88 | J54: =E54*G54*(1-H54)*1440/1000000*2.74 -> 44.842533 | K54: =(IF(G54<L54,L54,G54)*(1-IF(H54<N54,H54,N54))*E54*O54*Q54)/100000000 -> 42.75308 | L54: 1230 | M54: 947.1 | N54: =1-(M54/L54) -> 0.23 | O54: =+'Trim Rwd'!H30 -> 261.23288 | P54: =O54*(Q54-R54-S54) -> 356844.11 | Q54: 1440 | R54: 0 | S54: 74 | T54: =E54*M54*O54*Q54/100000000 -> 42.75308 | U54: =E54*M54*O54*(Q54-R54-S54)/100000000 -> 40.556047 | V54: =E54*G54*(1-N54)*O54/100*(R54+S54)/1000000 -> 2.1970333 | W54: =+'10'!K13/1000 -> 38.95 | X54: =SUM(W54:W58)/SUM(K54:K58) -> 0.91104547 | Y54: 0 | Z54: =+'5'!D59/1000 -> 0 | AA54: =SUM(U54:U58)-SUM(W54:W58)-SUM(Z54:Z58)-SUM(Y54:Y58) -> 1.6060467 | AB54: =(SUM(K54:K58)-SUM(W54:W58)-SUM(Y54:Y58)-SUM(Z54:Z58)-SUM(AC54:AC58)-SUM(V54:V58))-AA54 -> 0 | AC54: =K54-T54 -> 0 | AD54: =+AM54+BA54 -> 15 | AE54: - Sheet Breaks (5x) | AF54: 15 | AM54: =SUM(AF54:AL54)+AT54+AV54+AX54 -> 15 | AR54: =SUM(AN54:AQ54) -> 0 | BA54: =+AR54+AS54+AU54+AW54+AY54+AZ54 -> 0 | BB54: 5
AD55: =+AM55+BA55 -> 14 | AE55: - Change Blade (6x) | AG55: 14 | AM55: =SUM(AF55:AL55)+AT55+AV55+AX55 -> 14 | AR55: =SUM(AN55:AQ55) -> 0 | BA55: =+AR55+AS55+AU55+AW55+AY55+AZ55 -> 0 | BC55: 6
AD56: =+AM56+BA56 -> 45 | AE56: - Change Spool (26x) | AH56: 45 | AM56: =SUM(AF56:AL56)+AT56+AV56+AX56 -> 45 | AR56: =SUM(AN56:AQ56) -> 0 | BA56: =+AR56+AS56+AU56+AW56+AY56+AZ56 -> 0
AD57: =+AM57+BA57 -> 0 | AE57: - Cleaning | AI57: 0 | AM57: =SUM(AF57:AL57)+AT57+AV57+AX57 -> 0 | AR57: =SUM(AN57:AQ57) -> 0 | BA57: =+AR57+AS57+AU57+AW57+AY57+AZ57 -> 0
A59: 45880 | B59: Facial | C59: =(M59*E59*O59*Q59)/100000000 -> 27.991919 | D59: VP OW | E59: 12 | F59: 1 | G59: 1230 | H59: 0.23 | I59: 0.88 | J59: =E59*G59*(1-H59)*1440/1000000*2.74 -> 44.842533 | K59: =(IF(G59<L59,L59,G59)*(1-IF(H59<N59,H59,N59))*E59*O59*Q59)/100000000 -> 27.991919 | L59: 1230 | M59: 947.1 | N59: =1-(M59/L59) -> 0.23 | O59: =+'Trim Rwd'!H33 -> 264.83333 | P59: =O59*(Q59-R59-S59) -> 235966.5 | Q59: 930 | R59: 0 | S59: 39 | T59: =E59*M59*O59*Q59/100000000 -> 27.991919 | U59: =E59*M59*O59*(Q59-R59-S59)/100000000 -> 26.818065 | V59: =E59*G59*(1-N59)*O59/100*(R59+S59)/1000000 -> 1.1738547 | W59: =+'11'!K13/1000 -> 27.157 | X59: =SUM(W59:W63)/SUM(K59:K63) -> 0.90631825 | Y59: 0 | Z59: =+'5'!D64/1000 -> 0 | AA59: =SUM(U59:U63)-SUM(W59:W63)-SUM(Z59:Z63)-SUM(Y59:Y63) -> 2.1562559 | AB59: =(SUM(K59:K63)-SUM(W59:W63)-SUM(Y59:Y63)-SUM(Z59:Z63)-SUM(AC59:AC63)-SUM(V59:V63))-AA59 -> 0.21528936 | AC59: =K59-T59 -> 0 | AD59: =+AM59+BA59 -> 17 | AE59: - Sheet Breaks (13x) | AF59: 17 | AM59: =SUM(AF59:AL59)+AT59+AV59+AX59 -> 17 | AR59: =SUM(AN59:AQ59) -> 0 | BA59: =+AR59+AS59+AU59+AW59+AY59+AZ59 -> 0 | BB59: 13
B60: Facial | C60: =(M60*E60*O60*Q60)/100000000 -> 16.577281 | D60: VP OW | E60: 13 | F60: 1 | G60: 1230 | H60: 0.22 | I60: 0.88 | J60: =E60*G60*(1-H60)*1440/1000000*2.74 -> 49.210312 | K60: =(IF(G60<L60,L60,G60)*(1-IF(H60<N60,H60,N60))*E60*O60*Q60)/100000000 -> 16.79257 | L60: 1230 | M60: 947.1 | N60: =1-(M60/L60) -> 0.23 | O60: =+'Trim Rwd'!H35 -> 264 | P60: =O60*(Q60-R60-S60) -> 129360 | Q60: 510 | R60: 0 | S60: 20 | T60: =E60*M60*O60*Q60/100000000 -> 16.577281 | U60: =E60*M60*O60*(Q60-R60-S60)/100000000 -> 15.927191 | V60: =E60*G60*(1-N60)*O60/100*(R60+S60)/1000000 -> 0.65008944 | W60: =+'11'!K12/1000 -> 13.432 | AD60: =+AM60+BA60 -> 15 | AE60: - Change Blade (6x) | AG60: 15 | AM60: =SUM(AF60:AL60)+AT60+AV60+AX60 -> 15 | AR60: =SUM(AN60:AQ60) -> 0 | BA60: =+AR60+AS60+AU60+AW60+AY60+AZ60 -> 0 | BC60: 6
AD61: =+AM61+BA61 -> 27 | AE61: - Change Spool (26x) | AH61: 27 | AM61: =SUM(AF61:AL61)+AT61+AV61+AX61 -> 27 | AR61: =SUM(AN61:AQ61) -> 0 | BA61: =+AR61+AS61+AU61+AW61+AY61+AZ61 -> 0
AD62: =+AM62+BA62 -> 0 | AE62: - Cleaning | AI62: 0 | AM62: =SUM(AF62:AL62)+AT62+AV62+AX62 -> 0 | AR62: =SUM(AN62:AQ62) -> 0 | BA62: =+AR62+AS62+AU62+AW62+AY62+AZ62 -> 0
A64: 45881 | B64: Facial | C64: =(M64*E64*O64*Q64)/100000000 -> 16.902325 | D64: VP OW | E64: 13 | F64: 1 | G64: 1230 | H64: 0.22 | I64: 0.88 | J64: =E64*G64*(1-H64)*1440/1000000*2.74 -> 49.210312 | K64: =(IF(G64<L64,L64,G64)*(1-IF(H64<N64,H64,N64))*E64*O64*Q64)/100000000 -> 17.121836 | L64: 1230 | M64: 947.1 | N64: =1-(M64/L64) -> 0.23 | O64: =+'Trim Rwd'!E37 -> 264 | P64: =O64*(Q64-R64-S64) -> 132000 | Q64: 520 | R64: 0 | S64: 20 | T64: =E64*M64*O64*Q64/100000000 -> 16.902325 | U64: =E64*M64*O64*(Q64-R64-S64)/100000000 -> 16.252236 | V64: =E64*G64*(1-N64)*O64/100*(R64+S64)/1000000 -> 0.65008944 | W64: =+'12'!K12/1000 -> 22.178 | X64: =SUM(W64:W68)/SUM(K64:K68) -> 0.91632864 | Y64: 0 | Z64: =+'5'!D69/1000 -> 0 | AA64: =SUM(U64:U68)-SUM(W64:W68)-SUM(Z64:Z68)-SUM(Y64:Y68) -> 1.6556424 | AB64: =(SUM(K64:K68)-SUM(W64:W68)-SUM(Y64:Y68)-SUM(Z64:Z68)-SUM(AC64:AC68)-SUM(V64:V68))-AA64 -> 7.1054274e-15 | AC64: =K64-T64 -> 0.21951072 | AD64: =+AM64+BA64 -> 10 | AE64: - Sheet Breaks (5x) | AF64: 10 | AM64: =SUM(AF64:AL64)+AT64+AV64+AX64 -> 10 | AR64: =SUM(AN64:AQ64) -> 0 | BA64: =+AR64+AS64+AU64+AW64+AY64+AZ64 -> 0 | BB64: 5
B65: Facial | C65: =(M65*E65*O65*Q65)/100000000 -> 5.5992503 | D65: VP OW | E65: 13 | F65: 1 | G65: 1230 | H65: =+N65 -> 0.29 | I65: 0.88 | J65: =E65*G65*(1-H65)*1440/1000000*2.74 -> 44.794002 | K65: =(IF(G65<L65,L65,G65)*(1-IF(H65<N65,H65,N65))*E65*O65*Q65)/100000000 -> 5.5992503 | L65: 1230 | M65: 873.3 | N65: =1-(M65/L65) -> 0.29 | O65: =+'Trim Rwd'!E38 -> 274 | P65: =O65*(Q65-R65-S65) -> 47676 | Q65: 180 | R65: 0 | S65: 6 | T65: =E65*M65*O65*Q65/100000000 -> 5.5992503 | U65: =E65*M65*O65*(Q65-R65-S65)/100000000 -> 5.4126086 | V65: =E65*G65*(1-N65)*O65/100*(R65+S65)/1000000 -> 0.18664168 | W65: =+'12'!K13/1000 -> 19.067 | AD65: =+AM65+BA65 -> 12 | AE65: - Change Blade (5x) | AG65: 12 | AM65: =SUM(AF65:AL65)+AT65+AV65+AX65 -> 12 | AR65: =SUM(AN65:AQ65) -> 0 | BA65: =+AR65+AS65+AU65+AW65+AY65+AZ65 -> 0 | BC65: 5
B66: Facial | C66: =(M66*E66*O66*Q66)/100000000 -> 22.290057 | D66: VP OW | E66: 12 | F66: 1 | G66: 1230 | H66: 0.23 | I66: 0.88 | J66: =E66*G66*(1-H66)*1440/1000000*2.74 -> 44.842533 | K66: =(IF(G66<L66,L66,G66)*(1-IF(H66<N66,H66,N66))*E66*O66*Q66)/100000000 -> 22.290057 | L66: 1230 | M66: 947.1 | N66: =1-(M66/L66) -> 0.23 | O66: =+'Trim Rwd'!H39 -> 265.03448 | P66: =O66*(Q66-R66-S66) -> 186849.31 | Q66: 740 | R66: 0 | S66: 35 | T66: =E66*M66*O66*Q66/100000000 -> 22.290057 | U66: =E66*M66*O66*(Q66-R66-S66)/100000000 -> 21.235798 | V66: =E66*G66*(1-N66)*O66/100*(R66+S66)/1000000 -> 1.0542595 | W66: =+'12'!K14/1000 -> 0 | AD66: =+AM66+BA66 -> 39 | AE66: - Change Spool (33x) | AH66: 39 | AM66: =SUM(AF66:AL66)+AT66+AV66+AX66 -> 39 | AR66: =SUM(AN66:AQ66) -> 0 | BA66: =+AR66+AS66+AU66+AW66+AY66+AZ66 -> 0
AD67: =+AM67+BA67 -> 0 | AE67: - Cleaning | AI67: 0 | AM67: =SUM(AF67:AL67)+AT67+AV67+AX67 -> 0 | AR67: =SUM(AN67:AQ67) -> 0 | BA67: =+AR67+AS67+AU67+AW67+AY67+AZ67 -> 0
A69: 45882 | B69: Facial | C69: =(M69*E69*O69*Q69)/100000000 -> 4.8370291 | D69: VP OW | E69: 12 | F69: 1 | G69: 1230 | H69: 0.23 | I69: 0.88 | J69: =E69*G69*(1-H69)*1440/1000000*2.74 -> 44.842533 | K69: =(IF(G69<L69,L69,G69)*(1-IF(H69<N69,H69,N69))*E69*O69*Q69)/100000000 -> 4.8370291 | L69: 1230 | M69: 947.1 | N69: =1-(M69/L69) -> 0.23 | O69: =+'Trim Rwd'!H42 -> 266 | P69: =O69*(Q69-R69-S69) -> 39368 | Q69: 160 | R69: 0 | S69: 12 | T69: =E69*M69*O69*Q69/100000000 -> 4.8370291 | U69: =E69*M69*O69*(Q69-R69-S69)/100000000 -> 4.4742519 | V69: =E69*G69*(1-N69)*O69/100*(R69+S69)/1000000 -> 0.36277718 | W69: =+'13'!K13/1000 -> 7.984 | X69: =SUM(W69:W73)/SUM(K69:K73) -> 0.95002271 | Y69: 0 | Z69: =+'5'!D74/1000 -> 0 | AA69: =SUM(U69:U73)-SUM(W69:W73)-SUM(Z69:Z73)-SUM(Y69:Y73) -> -0.1802475 | AB69: =(SUM(K69:K73)-SUM(W69:W73)-SUM(Y69:Y73)-SUM(Z69:Z73)-SUM(AC69:AC73)-SUM(V69:V73))-AA69 -> 0.54033408 | AC69: =K69-T69 -> 0 | AD69: =+AM69+BA69 -> 18 | AE69: - Sheet Breaks (9x) | AF69: 18 | AM69: =SUM(AF69:AL69)+AT69+AV69+AX69 -> 18 | AR69: =SUM(AN69:AQ69) -> 0 | BA69: =+AR69+AS69+AU69+AW69+AY69+AZ69 -> 0 | BB69: 9
B70: Facial | C70: =(M70*E70*O70*Q70)/100000000 -> 41.605724 | D70: VP OW | E70: 13 | F70: 1 | G70: 1230 | H70: 0.22 | I70: 0.88 | J70: =E70*G70*(1-H70)*1440/1000000*2.74 -> 49.210312 | K70: =(IF(G70<L70,L70,G70)*(1-IF(H70<N70,H70,N70))*E70*O70*Q70)/100000000 -> 42.146058 | L70: 1230 | M70: 947.1 | N70: =1-(M70/L70) -> 0.23 | O70: =+'Trim Rwd'!H44 -> 264 | P70: =O70*(Q70-R70-S70) -> 324720 | Q70: 1280 | R70: 0 | S70: 50 | T70: =E70*M70*O70*Q70/100000000 -> 41.605724 | U70: =E70*M70*O70*(Q70-R70-S70)/100000000 -> 39.980501 | V70: =E70*G70*(1-N70)*O70/100*(R70+S70)/1000000 -> 1.6252236 | W70: =+'13'!K12/1000 -> 36.651 | AD70: =+AM70+BA70 -> 0 | AE70: - Change Blade (0x) | AG70: 0 | AM70: =SUM(AF70:AL70)+AT70+AV70+AX70 -> 0 | AR70: =SUM(AN70:AQ70) -> 0 | BA70: =+AR70+AS70+AU70+AW70+AY70+AZ70 -> 0 | BC70: 0
AD71: =+AM71+BA71 -> 44 | AE71: - Change Spool (32x) | AH71: 44 | AM71: =SUM(AF71:AL71)+AT71+AV71+AX71 -> 44 | AR71: =SUM(AN71:AQ71) -> 0 | BA71: =+AR71+AS71+AU71+AW71+AY71+AZ71 -> 0
AD72: =+AM72+BA72 -> 0 | AE72: - Cleaning | AI72: 0 | AM72: =SUM(AF72:AL72)+AT72+AV72+AX72 -> 0 | AR72: =SUM(AN72:AQ72) -> 0 | BA72: =+AR72+AS72+AU72+AW72+AY72+AZ72 -> 0
A74: 45883 | B74: Facial | C74: =(M74*E74*O74*Q74)/100000000 -> 20.625761 | D74: VP OW | E74: 13 | F74: 1 | G74: 1230 | H74: 0.22 | I74: 0.88 | J74: =E74*G74*(1-H74)*1440/1000000*2.74 -> 49.210312 | K74: =(IF(G74<L74,L74,G74)*(1-IF(H74<N74,H74,N74))*E74*O74*Q74)/100000000 -> 20.893628 | L74: 1230 | M74: 947.1 | N74: =1-(M74/L74) -> 0.23 | O74: =+'Trim Rwd'!H46 -> 264.64706 | P74: =O74*(Q74-R74-S74) -> 159582.18 | Q74: 633 | R74: 0 | S74: 30 | T74: =E74*M74*O74*Q74/100000000 -> 20.625761 | U74: =E74*M74*O74*(Q74-R74-S74)/100000000 -> 19.648236 | V74: =E74*G74*(1-N74)*O74/100*(R74+S74)/1000000 -> 0.97752419 | W74: =+'14'!K12/1000 -> 19.868 | X74: =SUM(W74:W78)/SUM(K74:K78) -> 0.91292631 | Y74: 0 | Z74: =+'5'!D79/1000 -> 0 | AA74: =SUM(U74:U78)-SUM(W74:W78)-SUM(Z74:Z78)-SUM(Y74:Y78) -> 1.3341946 | AB74: =(SUM(K74:K78)-SUM(W74:W78)-SUM(Y74:Y78)-SUM(Z74:Z78)-SUM(AC74:AC78)-SUM(V74:V78))-AA74 -> 0.32259825 | AC74: =K74-T74 -> 0.26786702 | AD74: =+AM74+BA74 -> 21 | AE74: - Sheet Breaks (9x) | AF74: 21 | AM74: =SUM(AF74:AL74)+AT74+AV74+AX74 -> 21 | AR74: =SUM(AN74:AQ74) -> 0 | BA74: =+AR74+AS74+AU74+AW74+AY74+AZ74 -> 0 | BB74: 9
B75: Facial | C75: =(M75*E75*O75*Q75)/100000000 -> 24.840065 | D75: VP OW | E75: 12.5 | F75: 1 | G75: 1230 | H75: 0.22 | I75: 0.88 | J75: =E75*G75*(1-H75)*1440/1000000*2.74 -> 47.317608 | K75: =(IF(G75<L75,L75,G75)*(1-IF(H75<N75,H75,N75))*E75*O75*Q75)/100000000 -> 25.162664 | L75: 1230 | M75: 947.1 | N75: =1-(M75/L75) -> 0.23 | O75: =+'Trim Rwd'!H48 -> 260 | P75: =O75*(Q75-R75-S75) -> 200460 | Q75: 807 | R75: 0 | S75: 36 | T75: =E75*M75*O75*Q75/100000000 -> 24.840065 | U75: =E75*M75*O75*(Q75-R75-S75)/100000000 -> 23.731958 | V75: =E75*G75*(1-N75)*O75/100*(R75+S75)/1000000 -> 1.108107 | W75: =+'14'!K14/1000 -> 22.178 | AD75: =+AM75+BA75 -> 0 | AE75: - Change Blade (0x) | AG75: 0 | AM75: =SUM(AF75:AL75)+AT75+AV75+AX75 -> 0 | AR75: =SUM(AN75:AQ75) -> 0 | BA75: =+AR75+AS75+AU75+AW75+AY75+AZ75 -> 0 | BC75: 0
AD76: =+AM76+BA76 -> 45 | AE76: - Change Spool (32x) | AH76: 45 | AM76: =SUM(AF76:AL76)+AT76+AV76+AX76 -> 45 | AR76: =SUM(AN76:AQ76) -> 0 | BA76: =+AR76+AS76+AU76+AW76+AY76+AZ76 -> 0
AD77: =+AM77+BA77 -> 0 | AE77: - Cleaning | AI77: 0 | AM77: =SUM(AF77:AL77)+AT77+AV77+AX77 -> 0 | AR77: =SUM(AN77:AQ77) -> 0 | BA77: =+AR77+AS77+AU77+AW77+AY77+AZ77 -> 0
A79: 45884 | B79: Facial | C79: =(M79*E79*O79*Q79)/100000000 -> 48.97492 | D79: VP OW | E79: 13.5 | F79: 1 | G79: 1230 | H79: 0.22 | I79: 0.88 | J79: =E79*G79*(1-H79)*1440/1000000*2.74 -> 51.103017 | K79: =(IF(G79<L79,L79,G79)*(1-IF(H79<N79,H79,N79))*E79*O79*Q79)/100000000 -> 49.610958 | L79: 1230 | M79: 947.1 | N79: =1-(M79/L79) -> 0.23 | O79: =+'Trim Rwd'!H50 -> 266 | P79: =O79*(Q79-R79-S79) -> 368942 | Q79: 1440 | R79: 0 | S79: 53 | T79: =E79*M79*O79*Q79/100000000 -> 48.97492 | U79: =E79*M79*O79*(Q79-R79-S79)/100000000 -> 47.172371 | V79: =E79*G79*(1-N79)*O79/100*(R79+S79)/1000000 -> 1.8025491 | W79: =+'15'!K11/1000 -> 44.925 | X79: =SUM(W79:W83)/SUM(K79:K83) -> 0.90554591 | Y79: 0 | Z79: =+'15'!D25/1000 -> 0.309 | AA79: =SUM(U79:U83)-SUM(W79:W83)-SUM(Z79:Z83)-SUM(Y79:Y83) -> 1.9383707 | AB79: =(SUM(K79:K83)-SUM(W79:W83)-SUM(Y79:Y83)-SUM(Z79:Z83)-SUM(AC79:AC83)-SUM(V79:V83))-AA79 -> -7.7715612e-15 | AC79: =K79-T79 -> 0.63603792 | AD79: =+AM79+BA79 -> 14 | AE79: - Sheet Breaks (6x) | AF79: 14 | AM79: =SUM(AF79:AL79)+AT79+AV79+AX79 -> 14 | AR79: =SUM(AN79:AQ79) -> 0 | BA79: =+AR79+AS79+AU79+AW79+AY79+AZ79 -> 0 | BB79: 6
AD80: =+AM80+BA80 -> 7 | AE80: - Change Blade (4x) | AG80: 7 | AM80: =SUM(AF80:AL80)+AT80+AV80+AX80 -> 7 | AR80: =SUM(AN80:AQ80) -> 0 | BA80: =+AR80+AS80+AU80+AW80+AY80+AZ80 -> 0 | BC80: 4
AD81: =+AM81+BA81 -> 32 | AE81: - Change Spool (29x) | AH81: 32 | AM81: =SUM(AF81:AL81)+AT81+AV81+AX81 -> 32 | AR81: =SUM(AN81:AQ81) -> 0 | BA81: =+AR81+AS81+AU81+AW81+AY81+AZ81 -> 0
AD82: =+AM82+BA82 -> 0 | AE82: - Cleaning | AI82: 0 | AM82: =SUM(AF82:AL82)+AT82+AV82+AX82 -> 0 | AR82: =SUM(AN82:AQ82) -> 0 | BA82: =+AR82+AS82+AU82+AW82+AY82+AZ82 -> 0
A84: 45885 | B84: Facial | C84: =(M84*E84*O84*Q84)/100000000 -> 48.97492 | D84: VP OW | E84: 13.5 | F84: 1 | G84: 1230 | H84: 0.22 | I84: 0.88 | J84: =E84*G84*(1-H84)*1440/1000000*2.74 -> 51.103017 | K84: =(IF(G84<L84,L84,G84)*(1-IF(H84<N84,H84,N84))*E84*O84*Q84)/100000000 -> 49.610958 | L84: 1230 | M84: 947.1 | N84: =1-(M84/L84) -> 0.23 | O84: =+'Trim Rwd'!H52 -> 266 | P84: =O84*(Q84-R84-S84) -> 366548 | Q84: 1440 | R84: 0 | S84: 62 | T84: =E84*M84*O84*Q84/100000000 -> 48.97492 | U84: =E84*M84*O84*(Q84-R84-S84)/100000000 -> 46.866277 | V84: =E84*G84*(1-N84)*O84/100*(R84+S84)/1000000 -> 2.1086424 | W84: =+'16'!K11/1000 -> 45.956 | X84: =SUM(W84:W88)/SUM(K84:K88) -> 0.92632761 | Y84: 0 | Z84: =+'16'!D16/1000 -> 0.56 | AA84: =SUM(U84:U88)-SUM(W84:W88)-SUM(Z84:Z88)-SUM(Y84:Y88) -> 0.35027746 | AB84: =(SUM(K84:K88)-SUM(W84:W88)-SUM(Y84:Y88)-SUM(Z84:Z88)-SUM(AC84:AC88)-SUM(V84:V88))-AA84 -> -4.4408921e-16 | AC84: =K84-T84 -> 0.63603792 | AD84: =+AM84+BA84 -> 8 | AE84: - Sheet Breaks (4x) | AF84: 8 | AM84: =SUM(AF84:AL84)+AT84+AV84+AX84 -> 8 | AR84: =SUM(AN84:AQ84) -> 0 | BA84: =+AR84+AS84+AU84+AW84+AY84+AZ84 -> 0 | BB84: 4
AD85: =+AM85+BA85 -> 16 | AE85: - Change Blade (8x) | AG85: 16 | AM85: =SUM(AF85:AL85)+AT85+AV85+AX85 -> 16 | AR85: =SUM(AN85:AQ85) -> 0 | BA85: =+AR85+AS85+AU85+AW85+AY85+AZ85 -> 0 | BC85: 8
AD86: =+AM86+BA86 -> 38 | AE86: - Change Spool (28x) | AH86: 38 | AM86: =SUM(AF86:AL86)+AT86+AV86+AX86 -> 38 | AR86: =SUM(AN86:AQ86) -> 0 | BA86: =+AR86+AS86+AU86+AW86+AY86+AZ86 -> 0
AD87: =+AM87+BA87 -> 0 | AE87: - Cleaning | AI87: 0 | AM87: =SUM(AF87:AL87)+AT87+AV87+AX87 -> 0 | AR87: =SUM(AN87:AQ87) -> 0 | BA87: =+AR87+AS87+AU87+AW87+AY87+AZ87 -> 0
A89: 45886 | B89: Facial | C89: =(M89*E89*O89*Q89)/100000000 -> 30.439273 | D89: VP OW | E89: 13.5 | F89: 1 | G89: 1230 | H89: 0.22 | I89: 0.88 | J89: =E89*G89*(1-H89)*1440/1000000*2.74 -> 51.103017 | K89: =(IF(G89<L89,L89,G89)*(1-IF(H89<N89,H89,N89))*E89*O89*Q89)/100000000 -> 30.834588 | L89: 1230 | M89: 947.1 | N89: =1-(M89/L89) -> 0.23 | O89: =+'Trim Rwd'!H54 -> 266 | P89: =O89*(Q89-R89-S89) -> 227962 | Q89: 895 | R89: 0 | S89: 38 | T89: =E89*M89*O89*Q89/100000000 -> 30.439273 | U89: =E89*M89*O89*(Q89-R89-S89)/100000000 -> 29.146879 | V89: =E89*G89*(1-N89)*O89/100*(R89+S89)/1000000 -> 1.2923937 | W89: =+'17'!K11/1000 -> 30.589 | X89: =SUM(W89:W93)/SUM(K89:K93) -> 0.92867599 | Y89: 0 | Z89: =+'15'!D35/1000 -> 6.8311447e-06 | AA89: =SUM(U89:U93)-SUM(W89:W93)-SUM(Z89:Z93)-SUM(Y89:Y93) -> 0.8955369 | AB89: =(SUM(K89:K93)-SUM(W89:W93)-SUM(Y89:Y93)-SUM(Z89:Z93)-SUM(AC89:AC93)-SUM(V89:V93))-AA89 -> -1.9984014e-15 | AC89: =K89-T89 -> 0.39531524 | AD89: =+AM89+BA89 -> 9 | AE89: - Sheet Breaks (3x) | AF89: 9 | AM89: =SUM(AF89:AL89)+AT89+AV89+AX89 -> 9 | AR89: =SUM(AN89:AQ89) -> 0 | BA89: =+AR89+AS89+AU89+AW89+AY89+AZ89 -> 0 | BB89: 3
B90: Facial | C90: =(M90*E90*O90*Q90)/100000000 -> 16.259339 | D90: VP OW | E90: 12 | F90: 1 | G90: 1230 | H90: 0.23 | I90: 0.88 | J90: =E90*G90*(1-H90)*1440/1000000*2.74 -> 44.842533 | K90: =(IF(G90<L90,L90,G90)*(1-IF(H90<N90,H90,N90))*E90*O90*Q90)/100000000 -> 16.259339 | L90: 1230 | M90: 947.1 | N90: =1-(M90/L90) -> 0.23 | O90: =+'Trim Rwd'!H55 -> 262.5 | P90: =O90*(Q90-R90-S90) -> 136237.5 | Q90: 545 | R90: 0 | S90: 26 | T90: =E90*M90*O90*Q90/100000000 -> 16.259339 | U90: =E90*M90*O90*(Q90-R90-S90)/100000000 -> 15.483664 | V90: =E90*G90*(1-N90)*O90/100*(R90+S90)/1000000 -> 0.7756749 | W90: =+'17'!K13/1000 -> 13.146 | AD90: =+AM90+BA90 -> 16 | AE90: - Change Blade (6x) | AG90: 16 | AM90: =SUM(AF90:AL90)+AT90+AV90+AX90 -> 16 | AR90: =SUM(AN90:AQ90) -> 0 | BA90: =+AR90+AS90+AU90+AW90+AY90+AZ90 -> 0 | BC90: 6
AD91: =+AM91+BA91 -> 39 | AE91: - Change Spool (27x) | AH91: 39 | AM91: =SUM(AF91:AL91)+AT91+AV91+AX91 -> 39 | AR91: =SUM(AN91:AQ91) -> 0 | BA91: =+AR91+AS91+AU91+AW91+AY91+AZ91 -> 0
AD92: =+AM92+BA92 -> 0 | AE92: - Cleaning | AI92: 0 | AM92: =SUM(AF92:AL92)+AT92+AV92+AX92 -> 0 | AR92: =SUM(AN92:AQ92) -> 0 | BA92: =+AR92+AS92+AU92+AW92+AY92+AZ92 -> 0
A94: 45887 | B94: Facial | C94: =(M94*E94*O94*Q94)/100000000 -> 38.067737 | D94: VP OW | E94: 12 | F94: 1 | G94: 1230 | H94: 0.23 | I94: 0.88 | J94: =E94*G94*(1-H94)*1440/1000000*2.74 -> 44.842533 | K94: =(IF(G94<L94,L94,G94)*(1-IF(H94<N94,H94,N94))*E94*O94*Q94)/100000000 -> 38.067737 | L94: 1230 | M94: 947.1 | N94: =1-(M94/L94) -> 0.23 | O94: =+'Trim Rwd'!H58 -> 262.5 | P94: =O94*(Q94-R94-S94) -> 322875 | Q94: 1276 | R94: 0 | S94: 46 | T94: =E94*M94*O94*Q94/100000000 -> 38.067737 | U94: =E94*M94*O94*(Q94-R94-S94)/100000000 -> 36.695389 | V94: =E94*G94*(1-N94)*O94/100*(R94+S94)/1000000 -> 1.3723479 | W94: =+'18'!K13/1000 -> 41.093 | X94: =SUM(W94:W98)/SUM(K94:K98) -> 0.99878775 | Y94: 0 | Z94: 0 | AA94: =SUM(U94:U98)-SUM(W94:W98)-SUM(Z94:Z98)-SUM(Y94:Y98) -> -1.6403632 | AB94: =(SUM(K94:K98)-SUM(W94:W98)-SUM(Y94:Y98)-SUM(Z94:Z98)-SUM(AC94:AC98)-SUM(V94:V98))-AA94 -> 0.067394652 | AC94: =K94-T94 -> 0 | AD94: =+AM94+BA94 -> 0 | AE94: - Sheet Breaks (0x) | AF94: 0 | AM94: =SUM(AF94:AL94)+AT94+AV94+AX94 -> 0 | AR94: =SUM(AN94:AQ94) -> 0 | BA94: =+AR94+AS94+AU94+AW94+AY94+AZ94 -> 0 | BB94: 0
B95: Facial | C95: =(M95*E95*O95*Q95)/100000000 -> 5.1893882 | D95: VP OW | E95: 13 | F95: 1 | G95: 1230 | H95: 0.22 | I95: 0.88 | J95: =E95*G95*(1-H95)*1440/1000000*2.74 -> 49.210312 | K95: =(IF(G95<L95,L95,G95)*(1-IF(H95<N95,H95,N95))*E95*O95*Q95)/100000000 -> 5.2567829 | L95: 1230 | M95: 947.1 | N95: =1-(M95/L95) -> 0.23 | O95: =+'Trim Rwd'!H57 -> 257 | P95: =O95*(Q95-R95-S95) -> 40092 | Q95: 164 | R95: 0 | S95: 8 | T95: =E95*M95*O95*Q95/100000000 -> 5.1893882 | U95: =E95*M95*O95*(Q95-R95-S95)/100000000 -> 4.9362473 | V95: =E95*G95*(1-N95)*O95/100*(R95+S95)/1000000 -> 0.25314089 | W95: =+'18'!K12/1000 -> 2.179 | AD95: =+AM95+BA95 -> 8 | AE95: - Change Blade (4x) | AG95: 8 | AM95: =SUM(AF95:AL95)+AT95+AV95+AX95 -> 8 | AR95: =SUM(AN95:AQ95) -> 0 | BA95: =+AR95+AS95+AU95+AW95+AY95+AZ95 -> 0 | BC95: 4
AD96: =+AM96+BA96 -> 46 | AE96: - Change Spool (27x) | AH96: 46 | AM96: =SUM(AF96:AL96)+AT96+AV96+AX96 -> 46 | AR96: =SUM(AN96:AQ96) -> 0 | BA96: =+AR96+AS96+AU96+AW96+AY96+AZ96 -> 0
AD97: =+AM97+BA97 -> 0 | AE97: - Cleaning | AI97: 0 | AM97: =SUM(AF97:AL97)+AT97+AV97+AX97 -> 0 | AR97: =SUM(AN97:AQ97) -> 0 | BA97: =+AR97+AS97+AU97+AW97+AY97+AZ97 -> 0
A99: 45888 | B99: Facial | C99: =(M99*E99*O99*Q99)/100000000 -> 45.016274 | D99: VP OW | E99: 13 | F99: 1 | G99: 1230 | H99: 0.22 | I99: 0.88 | J99: =E99*G99*(1-H99)*1440/1000000*2.74 -> 49.210312 | K99: =(IF(G99<L99,L99,G99)*(1-IF(H99<N99,H99,N99))*E99*O99*Q99)/100000000 -> 46.157118 | L99: 1215.1779 | M99: 935.68696 | N99: =1-(M99/L99) -> 0.23 | O99: =+'Trim Rwd'!H60 -> 257 | P99: =O99*(Q99-R99-S99) -> 303774 | Q99: 1440 | R99: =60+30+115 -> 205 | S99: 53 | T99: =E99*M99*O99*Q99/100000000 -> 45.016274 | U99: =E99*M99*O99*(Q99-R99-S99)/100000000 -> 36.950858 | V99: =E99*G99*(1-N99)*O99/100*(R99+S99)/1000000 -> 8.1637936 | W99: =+'19'!K12/1000 -> 34.768 | X99: =SUM(W99:W103)/SUM(K99:K103) -> 0.75325327 | Y99: 0 | Z99: =+'15'!D45/1000 -> 0 | AA99: =SUM(U99:U103)-SUM(W99:W103)-SUM(Z99:Z103)-SUM(Y99:Y103) -> 2.182858 | AB99: =(SUM(K99:K103)-SUM(W99:W103)-SUM(Y99:Y103)-SUM(Z99:Z103)-SUM(AC99:AC103)-SUM(V99:V103))-AA99 -> -0.098377924 | AC99: =K99-T99 -> 1.140844 | AD99: =+AM99+BA99 -> 24 | AE99: - Sheet Breaks (9x) | AF99: 24 | AM99: =SUM(AF99:AL99)+AT99+AV99+AX99 -> 24 | AR99: =SUM(AN99:AQ99) -> 0 | BA99: =+AR99+AS99+AU99+AW99+AY99+AZ99 -> 0 | BB99: 9
AD100: =+AM100+BA100 -> 0 | AE100: - Change Blade (0x) | AG100: 0 | AM100: =SUM(AF100:AL100)+AT100+AV100+AX100 -> 0 | AR100: =SUM(AN100:AQ100) -> 0 | BA100: =+AR100+AS100+AU100+AW100+AY100+AZ100 -> 0 | BC100: 0
AD101: =+AM101+BA101 -> 29 | AE101: - Change Spool (26x) | AH101: 29 | AM101: =SUM(AF101:AL101)+AT101+AV101+AX101 -> 29 | AR101: =SUM(AN101:AQ101) -> 0 | BA101: =+AR101+AS101+AU101+AW101+AY101+AZ101 -> 0
AD102: =+AM102+BA102 -> 90 | AE102: - Cleaning hole | AI102: 0 | AM102: =SUM(AF102:AL102)+AT102+AV102+AX102 -> 0 | AN102: =60+30 -> 90 | AR102: =SUM(AN102:AQ102) -> 90 | BA102: =+AR102+AS102+AU102+AW102+AY102+AZ102 -> 90
AD103: =+AM103+BA103 -> 115 | AE103: - 16:00 selesai bilas felt dan wire , MED ganti crossjoint SPR | AM103: =SUM(AF103:AL103)+AT103+AV103+AX103 -> 0 | AO103: 115 | AR103: =SUM(AN103:AQ103) -> 115 | BA103: =+AR103+AS103+AU103+AW103+AY103+AZ103 -> 115 | BF103: 1
A105: 45889 | B105: Facial | C105: =(M105*E105*O105*Q105)/100000000 -> 17.890784 | D105: VP OW | E105: 13 | F105: 1 | G105: 1230 | H105: 0.22 | I105: 0.88 | J105: =E105*G105*(1-H105)*1440/1000000*2.74 -> 49.210312 | K105: =(IF(G105<L105,L105,G105)*(1-IF(H105<N105,H105,N105))*E105*O105*Q105)/100000000 -> 18.123132 | L105: 1230 | M105: 947.1 | N105: =1-(M105/L105) -> 0.23 | O105: =+'Trim Rwd'!H62 -> 258.55556 | P105: =O105*(Q105-R105-S105) -> 136258.78 | Q105: 562 | R105: 0 | S105: 35 | T105: =E105*M105*O105*Q105/100000000 -> 17.890784 | U105: =E105*M105*O105*(Q105-R105-S105)/100000000 -> 16.776589 | V105: =E105*G105*(1-N105)*O105/100*(R105+S105)/1000000 -> 1.1141947 | W105: =+'20'!K12/1000 -> 17.715 | X105: =SUM(W105:W108)/SUM(K105:K108) -> 0.93323278 | Y105: 0 | Z105: 0 | AA105: =SUM(U105:U108)-SUM(W105:W108)-SUM(Z105:Z108)-SUM(Y105:Y108) -> -0.10595454 | AB105: =(SUM(K105:K108)-SUM(W105:W108)-SUM(Y105:Y108)-SUM(Z105:Z108)-SUM(AC105:AC108)-SUM(V105:V108))-AA105 -> 1.8873791e-15 | AC105: =K105-T105 -> 0.23234785 | AD105: =+AM105+BA105 -> 32 | AE105: - Sheet Breaks (12x) | AF105: 32 | AM105: =SUM(AF105:AL105)+AT105+AV105+AX105 -> 32 | AR105: =SUM(AN105:AQ105) -> 0 | BA105: =+AR105+AS105+AU105+AW105+AY105+AZ105 -> 0 | BB105: 12
B106: Facial | C106: =(M106*E106*O106*Q106)/100000000 -> 25.854106 | D106: VP OW | E106: 12 | F106: 1 | G106: 1230 | H106: 0.23 | I106: 0.88 | J106: =E106*G106*(1-H106)*1440/1000000*2.74 -> 44.842533 | K106: =(IF(G106<L106,L106,G106)*(1-IF(H106<N106,H106,N106))*E106*O106*Q106)/100000000 -> 25.854106 | L106: 1230 | M106: 947.1 | N106: =1-(M106/L106) -> 0.23 | O106: =+'Trim Rwd'!H64 -> 259.09434 | P106: =O106*(Q106-R106-S106) -> 216084.68 | Q106: 878 | R106: 0 | S106: 44 | T106: =E106*M106*O106*Q106/100000000 -> 25.854106 | U106: =E106*M106*O106*(Q106-R106-S106)/100000000 -> 24.558456 | V106: =E106*G106*(1-N106)*O106/100*(R106+S106)/1000000 -> 1.29565 | W106: =+'20'!K13/1000 -> 23.326 | Z106: =+'20'!D25/1000 -> 0.4 | AD106: =+AM106+BA106 -> 0 | AE106: - Change Blade (0x) | AG106: 0 | AM106: =SUM(AF106:AL106)+AT106+AV106+AX106 -> 0 | AR106: =SUM(AN106:AQ106) -> 0 | BA106: =+AR106+AS106+AU106+AW106+AY106+AZ106 -> 0 | BC106: 0
AD107: =+AM107+BA107 -> 47 | AE107: - Change Spool (33x) | AH107: 47 | AM107: =SUM(AF107:AL107)+AT107+AV107+AX107 -> 47 | AR107: =SUM(AN107:AQ107) -> 0 | BA107: =+AR107+AS107+AU107+AW107+AY107+AZ107 -> 0
A109: 45890 | B109: Facial | C109: =(M109*E109*O109*Q109)/100000000 -> 11.181538 | D109: VP OW | E109: 13 | F109: 1 | G109: 1230 | H109: 0.22 | I109: 0.88 | J109: =E109*G109*(1-H109)*1440/1000000*2.74 -> 49.210312 | K109: =(IF(G109<L109,L109,G109)*(1-IF(H109<N109,H109,N109))*E109*O109*Q109)/100000000 -> 11.326753 | L109: 1230 | M109: 947.1 | N109: =1-(M109/L109) -> 0.23 | O109: =+'Trim Rwd'!H67 -> 264 | P109: =O109*(Q109-R109-S109) -> 85536 | Q109: 344 | R109: 0 | S109: 20 | T109: =E109*M109*O109*Q109/100000000 -> 11.181538 | U109: =E109*M109*O109*(Q109-R109-S109)/100000000 -> 10.531449 | V109: =E109*G109*(1-N109)*O109/100*(R109+S109)/1000000 -> 0.65008944 | W109: =+'21'!K12/1000 -> 15.503 | X109: =SUM(W109:W112)/SUM(K109:K112) -> 0.95190322 | Y109: 0 | Z109: =+'15'!D55/1000 -> 0 | AA109: =SUM(U109:U112)-SUM(W109:W112)-SUM(Z109:Z112)-SUM(Y109:Y112) -> -0.16955317 | AB109: =(SUM(K109:K112)-SUM(W109:W112)-SUM(Y109:Y112)-SUM(Z109:Z112)-SUM(AC109:AC112)-SUM(V109:V112))-AA109 -> 1.7763568e-15 | AC109: =K109-T109 -> 0.14521478 | AD109: =+AM109+BA109 -> 24 | AE109: - Sheet Breaks (8x) | AF109: 24 | AM109: =SUM(AF109:AL109)+AT109+AV109+AX109 -> 24 | AR109: =SUM(AN109:AQ109) -> 0 | BA109: =+AR109+AS109+AU109+AW109+AY109+AZ109 -> 0 | BB109: 8
B110: Facial | C110: =(M110*E110*O110*Q110)/100000000 -> 32.69768 | D110: VP OW | E110: 12 | F110: 1 | G110: 1230 | H110: 0.23 | I110: 0.88 | J110: =E110*G110*(1-H110)*1440/1000000*2.74 -> 44.842533 | K110: =(IF(G110<L110,L110,G110)*(1-IF(H110<N110,H110,N110))*E110*O110*Q110)/100000000 -> 32.69768 | L110: 1230 | M110: 947.1 | N110: =1-(M110/L110) -> 0.23 | O110: =+'Trim Rwd'!H68 -> 262.5 | P110: =O110*(Q110-R110-S110) -> 274575 | Q110: 1096 | R110: 0 | S110: 50 | T110: =E110*M110*O110*Q110/100000000 -> 32.69768 | U110: =E110*M110*O110*(Q110-R110-S110)/100000000 -> 31.205998 | V110: =E110*G110*(1-N110)*O110/100*(R110+S110)/1000000 -> 1.4916825 | W110: =+'21'!K13/1000 -> 26.404 | Z110: =+'20'!D29/1000 -> 0 | AD110: =+AM110+BA110 -> 6 | AE110: - Change Blade (3x) | AG110: 6 | AM110: =SUM(AF110:AL110)+AT110+AV110+AX110 -> 6 | AR110: =SUM(AN110:AQ110) -> 0 | BA110: =+AR110+AS110+AU110+AW110+AY110+AZ110 -> 0 | BC110: 3
AD111: =+AM111+BA111 -> 40 | AE111: - Change Spool (37x) | AH111: 40 | AM111: =SUM(AF111:AL111)+AT111+AV111+AX111 -> 40 | AR111: =SUM(AN111:AQ111) -> 0 | BA111: =+AR111+AS111+AU111+AW111+AY111+AZ111 -> 0
A113: 45891 | B113: Facial | C113: =(M113*E113*O113*Q113)/100000000 -> 24.614119 | D113: VP OW | E113: 12 | F113: 1 | G113: 1230 | H113: 0.23 | I113: 0.88 | J113: =E113*G113*(1-H113)*1440/1000000*2.74 -> 44.842533 | K113: =(IF(G113<L113,L113,G113)*(1-IF(H113<N113,H113,N113))*E113*O113*Q113)/100000000 -> 24.614119 | L113: 1230 | M113: 947.1 | N113: =1-(M113/L113) -> 0.23 | O113: =+'Trim Rwd'!H70 -> 263.79348 | P113: =O113*(Q113-R113-S113) -> 206550.29 | Q113: 821 | R113: 0 | S113: 38 | T113: =E113*M113*O113*Q113/100000000 -> 24.614119 | U113: =E113*M113*O113*(Q113-R113-S113)/100000000 -> 23.474854 | V113: =E113*G113*(1-N113)*O113/100*(R113+S113)/1000000 -> 1.1392649 | W113: =+'22'!K13/1000 -> 28.232 | X113: =SUM(W113:W116)/SUM(K113:K116) -> 1.0052665 | Y113: 0 | Z113: =+'15'!D59/1000 -> 0 | AA113: =SUM(U113:U116)-SUM(W113:W116)-SUM(Z113:Z116)-SUM(Y113:Y116) -> -2.3069907 | AB113: =(SUM(K113:K116)-SUM(W113:W116)-SUM(Y113:Y116)-SUM(Z113:Z116)-SUM(AC113:AC116)-SUM(V113:V116))-AA113 -> 0 | AC113: =K113-T113 -> 0 | AD113: =+AM113+BA113 -> 16 | AE113: - Sheet Breaks (8x) | AF113: 16 | AM113: =SUM(AF113:AL113)+AT113+AV113+AX113 -> 16 | AR113: =SUM(AN113:AQ113) -> 0 | BA113: =+AR113+AS113+AU113+AW113+AY113+AZ113 -> 0 | BB113: 8
B114: Toilet | C114: =(M114*E114*O114*Q114)/100000000 -> 19.918353 | D114: VP OW | E114: 13 | F114: 1 | G114: 1230 | H114: 0.22 | I114: 0.88 | J114: =E114*G114*(1-H114)*1440/1000000*2.74 -> 49.210312 | K114: =(IF(G114<L114,L114,G114)*(1-IF(H114<N114,H114,N114))*E114*O114*Q114)/100000000 -> 19.918353 | L114: 1230 | M114: 959.4 | N114: =1-(M114/L114) -> 0.22 | O114: =+'Trim Rwd'!H72 -> 258 | P114: =O114*(Q114-R114-S114) -> 152220 | Q114: 619 | R114: 0 | S114: =67-S113 -> 29 | T114: =E114*M114*O114*Q114/100000000 -> 19.918353 | U114: =E114*M114*O114*(Q114-R114-S114)/100000000 -> 18.985183 | V114: =E114*G114*(1-N114)*O114/100*(R114+S114)/1000000 -> 0.93317 | W114: =+'22'!K7/1000 -> 16.535 | Z114: =+'20'!D33/1000 -> 2.7538726e-05 | AD114: =+AM114+BA114 -> 6 | AE114: - Change Blade (2x) | AG114: 6 | AM114: =SUM(AF114:AL114)+AT114+AV114+AX114 -> 6 | AR114: =SUM(AN114:AQ114) -> 0 | BA114: =+AR114+AS114+AU114+AW114+AY114+AZ114 -> 0 | BC114: 2
AD115: =+AM115+BA115 -> 45 | AE115: - Change Spool (29x) | AH115: 45 | AM115: =SUM(AF115:AL115)+AT115+AV115+AX115 -> 45 | AR115: =SUM(AN115:AQ115) -> 0 | BA115: =+AR115+AS115+AU115+AW115+AY115+AZ115 -> 0
A117: 45892 | B117: Toilet | C117: =(M117*E117*O117*Q117)/100000000 -> 46.138697 | D117: VP OW | E117: 13 | F117: 1 | G117: 1230 | H117: =+N117 -> 0.22333333 | I117: 0.88 | J117: =E117*G117*(1-H117)*1440/1000000*2.74 -> 49.000012 | K117: =(IF(G117<L117,L117,G117)*(1-IF(H117<N117,H117,N117))*E117*O117*Q117)/100000000 -> 46.138697 | L117: 1230 | M117: 955.3 | N117: =1-(M117/L117) -> 0.22333333 | O117: =+'Trim Rwd'!H74 -> 258 | P117: =O117*(Q117-R117-S117) -> 355782 | Q117: 1440 | R117: 0 | S117: 61 | T117: =E117*M117*O117*Q117/100000000 -> 46.138697 | U117: =E117*M117*O117*(Q117-R117-S117)/100000000 -> 44.184211 | V117: =E117*G117*(1-N117)*O117/100*(R117+S117)/1000000 -> 1.9544865 | W117: =+'23'!K7/1000 -> 41.916 | X117: =SUM(W117:W121)/SUM(K117:K121) -> 0.90847819 | Y117: 0 | Z117: =+'23'!D34/1000 -> 0.57 | AA117: =SUM(U117:U121)-SUM(W117:W121)-SUM(Z117:Z121)-SUM(Y117:Y121) -> 1.6982108 | AB117: =(SUM(K117:K121)-SUM(W117:W121)-SUM(Y117:Y121)-SUM(Z117:Z121)-SUM(AC117:AC121)-SUM(V117:V121))-AA117 -> -6.4392935e-15 | AC117: =K117-T117 -> 0 | AD117: =+AM117+BA117 -> 16 | AE117: - Sheet Breaks (7x) | AF117: 16 | AM117: =SUM(AF117:AL117)+AT117+AV117+AX117 -> 16 | AR117: =SUM(AN117:AQ117) -> 0 | BA117: =+AR117+AS117+AU117+AW117+AY117+AZ117 -> 0 | BB117: 7
AD118: =+AM118+BA118 -> 2 | AE118: - Change Blade (1x) | AG118: 2 | AM118: =SUM(AF118:AL118)+AT118+AV118+AX118 -> 2 | AR118: =SUM(AN118:AQ118) -> 0 | BA118: =+AR118+AS118+AU118+AW118+AY118+AZ118 -> 0 | BC118: 1
AD119: =+AM119+BA119 -> 43 | AE119: - Change Spool (27x) | AH119: 43 | AM119: =SUM(AF119:AL119)+AT119+AV119+AX119 -> 43 | AR119: =SUM(AN119:AQ119) -> 0 | BA119: =+AR119+AS119+AU119+AW119+AY119+AZ119 -> 0
AD120: =+AM120+BA120 -> 0 | AE120: - Cleaning | AI120: 0 | AM120: =SUM(AF120:AL120)+AT120+AV120+AX120 -> 0 | AR120: =SUM(AN120:AQ120) -> 0 | BA120: =+AR120+AS120+AU120+AW120+AY120+AZ120 -> 0
A122: 45893 | B122: Toilet | C122: =(M122*E122*O122*Q122)/100000000 -> 46.336717 | D122: VP OW | E122: 13 | F122: 1 | G122: 1230 | H122: 0.22 | I122: 0.88 | J122: =E122*G122*(1-H122)*1440/1000000*2.74 -> 49.210312 | K122: =(IF(G122<L122,L122,G122)*(1-IF(H122<N122,H122,N122))*E122*O122*Q122)/100000000 -> 46.336717 | L122: 1230 | M122: 959.4 | N122: =1-(M122/L122) -> 0.22 | O122: =+'Trim Rwd'!H76 -> 258 | P122: =O122*(Q122-R122-S122) -> 356814 | Q122: 1440 | R122: 0 | S122: 57 | T122: =E122*M122*O122*Q122/100000000 -> 46.336717 | U122: =E122*M122*O122*(Q122-R122-S122)/100000000 -> 44.502556 | V122: =E122*G122*(1-N122)*O122/100*(R122+S122)/1000000 -> 1.8341617 | W122: =+'24'!K7/1000 -> 44.849 | X122: =SUM(W122:W126)/SUM(K122:K126) -> 0.96789334 | Y122: 0 | Z122: 0 | AA122: =SUM(U122:U126)-SUM(W122:W126)-SUM(Z122:Z126)-SUM(Y122:Y126) -> -0.34644429 | AB122: =(SUM(K122:K126)-SUM(W122:W126)-SUM(Y122:Y126)-SUM(Z122:Z126)-SUM(AC122:AC126)-SUM(V122:V126))-AA122 -> -1.7763568e-15 | AC122: =K122-T122 -> 0 | AD122: =+AM122+BA122 -> 14 | AE122: - Sheet Breaks (6x) | AF122: 14 | AM122: =SUM(AF122:AL122)+AT122+AV122+AX122 -> 14 | AR122: =SUM(AN122:AQ122) -> 0 | BA122: =+AR122+AS122+AU122+AW122+AY122+AZ122 -> 0 | BB122: 6
AD123: =+AM123+BA123 -> 4 | AE123: - Change Blade (2x) | AG123: 4 | AM123: =SUM(AF123:AL123)+AT123+AV123+AX123 -> 4 | AR123: =SUM(AN123:AQ123) -> 0 | BA123: =+AR123+AS123+AU123+AW123+AY123+AZ123 -> 0 | BC123: 2
AD124: =+AM124+BA124 -> 39 | AE124: - Change Spool (29x) | AH124: 39 | AM124: =SUM(AF124:AL124)+AT124+AV124+AX124 -> 39 | AR124: =SUM(AN124:AQ124) -> 0 | BA124: =+AR124+AS124+AU124+AW124+AY124+AZ124 -> 0
...

Sheet Efficiency2
A1: PM14 Efficiency Running Report
A3: Date | B3: Grade | C3: Speed real (ton) with Available Time | D3: Colour | E3: gsm | F3: Ply | G3: Standard | L3: Real Running | O3: Trim Rewinder (cm) | P3: Trim Rewinder x Running Time | Q3: Available Time (mnt) | R3: Down Time (mnt) | S3: Loss Time (mnt) | T3: Real Speed & Real Creepe Ratio with Available Time (ton) | U3: Real Speed & Real Creepe Ratio setelah dipotong DT & LT (ton) | V3: Loss tonase akibat DT + LT dari hitungan Teori with available time (ton) | W3: Accepted (ton) | X3: Real Eff dr Target Eff | Y3: Backlog | Z3: Reject Rewinder (ton) | AA3: Estimasi Reject to Broke Plant (ton) | AB3: Estimasi Faktor BW (ton) | AC3: Loss Opportunity in Speed (ton) | AD3: Downtime/ Losstime | AE3: Reason of Downtime / Losstime | AF3: Loss Time | AM3: Total Losstime | AN3: Unschedule Shut Down (mnt) | AS3: Schedule Shut Down | AT3: Marketing | AV3: EXT FACTOR | AX3: EXT FACTOR | AZ3: MANAGEMENT | BA3: Total Down Time | BB3: Freq. Sheets Break (X) | BC3: Freq. Change Blade (X) | BD3: Steam, & gangguan sinergy (X) | BE3: Freq, Trip PLN (X) | BF3: Cleaning Holes (X)
AF4: Proses | AI4: Change Grade | AJ4: Mekanik | AK4: Electric & Instrument | AL4: Boiler | AN4: Down Time Produksi | AO4: Mekanik | AP4: Electrical & Instrument | AQ4: Boiler | AR4: Total Unschedule Shut Down | AV4: LOSS | AW4: DOWN TIME | AX4: LOSS | AY4: DOWN TIME
G5: Yankee Speed (mpm) | H5: Max % Creeping | I5: Target Eff | J5: Kapasitas PM-Teori (ton) | K5: Teori (ton) with Available Time | L5: Yankee Speed (mpm) | M5: Popereel Speed (mpm) | N5: % Creeping | AF5: sheet break | AG5: change blade | AH5: change spool | AT5: Loss time | AU5: Down Time | AV5: SINERGY | AW5: SINERGY | AX5: PLN | AY5: PLN
A6: =+Report1!A9 -> 45870 | B6: Toilet | C6: =(M6*E6*O6*Q6)/100000000 -> 47.692925 | D6: VP OW | E6: 13 | F6: 1 | G6: 1230 | H6: 0.23 | I6: 0.88 | J6: =E6*G6*(1-H6)*1440/1000000*2.74 -> 48.579411 | K6: =(IF(G6<L6,L6,G6)*(1-IF(H6<N6,H6,N6))*E6*O6*Q6)/100000000 -> 47.692925 | L6: 1230 | M6: 947.1 | N6: =1-(M6/L6) -> 0.23 | O6: =+'Trim Rwd'!H4 -> 269 | P6: =O6*(Q6-R6-S6) -> 370682 | Q6: 1440 | R6: 0 | S6: 62 | T6: =E6*M6*O6*Q6/100000000 -> 47.692925 | U6: =E6*M6*O6*(Q6-R6-S6)/100000000 -> 45.63948 | V6: =E6*G6*(1-N6)*O6/100*(R6+S6)/1000000 -> 2.0534454 | W6: =+'1'!K7/1000 -> 44.627 | X6: =SUM(W6:W10)/SUM(K6:K10) -> 0.9357153 | Y6: 0 | Z6: =+'1'!D7/1000 -> 0.299 | AA6: =SUM(U6:U10)-SUM(W6:W10)-SUM(Z6:Z10)-SUM(Y6:Y10) -> 0.71347989 | AB6: =(SUM(K6:K10)-SUM(W6:W10)-SUM(Y6:Y10)-SUM(Z6:Z10)-SUM(AC6:AC10)-SUM(V6:V10))-AA6 -> 8.8817842e-16 | AC6: =K6-T6 -> 0 | AD6: =+AM6+BA6 -> 9 | AE6: - Sheet Breaks (3x) | AF6: 9 | AM6: =SUM(AF6:AL6)+AT6+AV6+AX6 -> 9 | AR6: =SUM(AN6:AQ6) -> 0 | BA6: =+AR6+AS6+AU6+AW6+AY6+AZ6 -> 0 | BB6: 3
AD7: =+AM7+BA7 -> 14 | AE7: - Change Blade (9x) | AG7: 14 | AM7: =SUM(AF7:AL7)+AT7+AV7+AX7 -> 14 | AR7: =SUM(AN7:AQ7) -> 0 | BA7: =+AR7+AS7+AU7+AW7+AY7+AZ7 -> 0 | BC7: 9
AD8: =+AM8+BA8 -> 39 | AE8: - Change Spool (29x) | AH8: 39 | AM8: =SUM(AF8:AL8)+AT8+AV8+AX8 -> 39 | AR8: =SUM(AN8:AQ8) -> 0 | BA8: =+AR8+AS8+AU8+AW8+AY8+AZ8 -> 0
AD9: =+AM9+BA9 -> 0 | AE9: - Cleaning | AI9: 0 | AM9: =SUM(AF9:AL9)+AT9+AV9+AX9 -> 0 | AR9: =SUM(AN9:AQ9) -> 0 | BA9: =+AR9+AS9+AU9+AW9+AY9+AZ9 -> 0
A11: 45871 | B11: Toilet | C11: =(M11*E11*O11*Q11)/100000000 -> 47.692925 | D11: VP OW | E11: 13 | F11: 1 | G11: 1230 | H11: 0.23 | I11: 0.88 | J11: =E11*G11*(1-H11)*1440/1000000*2.74 -> 48.579411 | K11: =(IF(G11<L11,L11,G11)*(1-IF(H11<N11,H11,N11))*E11*O11*Q11)/100000000 -> 47.692925 | L11: 1230 | M11: 947.1 | N11: =1-(M11/L11) -> 0.23 | O11: =+'Trim Rwd'!H6 -> 269 | P11: =O11*(Q11-R11-S11) -> 365840 | Q11: 1440 | R11: 0 | S11: 80 | T11: =E11*M11*O11*Q11/100000000 -> 47.692925 | U11: =E11*M11*O11*(Q11-R11-S11)/100000000 -> 45.043318 | V11: =E11*G11*(1-N11)*O11/100*(R11+S11)/1000000 -> 2.649607 | W11: =+'2'!K7/1000 -> 45.751 | X11: =SUM(W11:W15)/SUM(K11:K15) -> 0.95928274 | Y11: 0 | Z11: =+'2'!D7/1000 -> 0.253 | AA11: =SUM(U11:U15)-SUM(W11:W15)-SUM(Z11:Z15)-SUM(Y11:Y15) -> -0.96068168 | AB11: =(SUM(K11:K15)-SUM(W11:W15)-SUM(Y11:Y15)-SUM(Z11:Z15)-SUM(AC11:AC15)-SUM(V11:V15))-AA11 -> 0 | AC11: =K11-T11 -> 0 | AD11: =+AM11+BA11 -> 18 | AE11: - Sheet Breaks (6x) | AF11: 18 | AM11: =SUM(AF11:AL11)+AT11+AV11+AX11 -> 18 | AR11: =SUM(AN11:AQ11) -> 0 | BA11: =+AR11+AS11+AU11+AW11+AY11+AZ11 -> 0 | BB11: 6
AD12: =+AM12+BA12 -> 12 | AE12: - Change Blade (7x) | AG12: 12 | AM12: =SUM(AF12:AL12)+AT12+AV12+AX12 -> 12 | AR12: =SUM(AN12:AQ12) -> 0 | BA12: =+AR12+AS12+AU12+AW12+AY12+AZ12 -> 0 | BC12: 7
AD13: =+AM13+BA13 -> 50 | AE13: - Change Spool (31x) | AH13: 50 | AM13: =SUM(AF13:AL13)+AT13+AV13+AX13 -> 50 | AR13: =SUM(AN13:AQ13) -> 0 | BA13: =+AR13+AS13+AU13+AW13+AY13+AZ13 -> 0
AD14: =+AM14+BA14 -> 0 | AE14: - Cleaning | AI14: 0 | AM14: =SUM(AF14:AL14)+AT14+AV14+AX14 -> 0 | AR14: =SUM(AN14:AQ14) -> 0 | BA14: =+AR14+AS14+AU14+AW14+AY14+AZ14 -> 0
A16: 45872 | B16: Toilet | C16: =(M16*E16*O16*Q16)/100000000 -> 47.692925 | D16: VP OW | E16: 13 | F16: 1 | G16: 1230 | H16: 0.23 | I16: 0.88 | J16: =E16*G16*(1-H16)*1440/1000000*2.74 -> 48.579411 | K16: =(IF(G16<L16,L16,G16)*(1-IF(H16<N16,H16,N16))*E16*O16*Q16)/100000000 -> 47.692925 | L16: 1230 | M16: 947.1 | N16: =1-(M16/L16) -> 0.23 | O16: =+'Trim Rwd'!H8 -> 269 | P16: =O16*(Q16-R16-S16) -> 260123 | Q16: 1440 | R16: =473-54 -> 419 | S16: 54 | T16: =E16*M16*O16*Q16/100000000 -> 47.692925 | U16: =E16*M16*O16*(Q16-R16-S16)/100000000 -> 32.027124 | V16: =E16*G16*(1-N16)*O16/100*(R16+S16)/1000000 -> 15.665801 | W16: =+'3'!K7/1000 -> 29.979 | X16: =SUM(W16:W20)/SUM(K16:K20) -> 0.6285838 | Y16: 0 | Z16: =+'1'!D17/1000 -> 0 | AA16: =SUM(U16:U20)-SUM(W16:W20)-SUM(Z16:Z20)-SUM(Y16:Y20) -> 2.0481241 | AB16: =(SUM(K16:K20)-SUM(W16:W20)-SUM(Y16:Y20)-SUM(Z16:Z20)-SUM(AC16:AC20)-SUM(V16:V20))-AA16 -> 0 | AC16: =K16-T16 -> 0 | AD16: =+AM16+BA16 -> 25 | AE16: - Sheet Breaks (5x) | AF16: 25 | AM16: =SUM(AF16:AL16)+AT16+AV16+AX16 -> 25 | AR16: =SUM(AN16:AQ16) -> 0 | BA16: =+AR16+AS16+AU16+AW16+AY16+AZ16 -> 0 | BB16: 5
AD17: =+AM17+BA17 -> 0 | AE17: - Change Blade (0x) | AG17: 0 | AM17: =SUM(AF17:AL17)+AT17+AV17+AX17 -> 0 | AR17: =SUM(AN17:AQ17) -> 0 | BA17: =+AR17+AS17+AU17+AW17+AY17+AZ17 -> 0 | BC17: 0
AD18: =+AM18+BA18 -> 29 | AE18: - Change Spool (23x) | AH18: 29 | AM18: =SUM(AF18:AL18)+AT18+AV18+AX18 -> 29 | AR18: =SUM(AN18:AQ18) -> 0 | BA18: =+AR18+AS18+AU18+AW18+AY18+AZ18 -> 0
AD19: =+AM19+BA19 -> 60 | AE19: - 20:10 pm stop cleaning felt + wire | AI19: 0 | AM19: =SUM(AF19:AL19)+AT19+AV19+AX19 -> 0 | AN19: 60 | AR19: =SUM(AN19:AQ19) -> 60 | BA19: =+AR19+AS19+AU19+AW19+AY19+AZ19 -> 60
AD20: =+AM20+BA20 -> 60 | AE20: - tim meid + eid bongkar valve buntu reviner | AP20: 60 | AR20: =SUM(AN20:AQ20) -> 60 | BA20: =+AR20+AS20+AU20+AW20+AY20+AZ20 -> 60
AD21: =+AM21+BA21 -> 299 | AE21: - tim meid + eid bongkar valve buntu reviner | AO21: 299 | AR21: =SUM(AN21:AQ21) -> 299 | BA21: =+AR21+AS21+AU21+AW21+AY21+AZ21 -> 299
A23: 45873 | B23: Toilet | C23: =(M23*E23*O23*Q23)/100000000 -> 47.472933 | D23: VP OW | E23: 13 | F23: 1 | G23: 1230 | H23: 0.23 | I23: 0.88 | J23: =E23*G23*(1-H23)*1440/1000000*2.74 -> 48.579411 | K23: =(IF(G23<L23,L23,G23)*(1-IF(H23<N23,H23,N23))*E23*O23*Q23)/100000000 -> 47.692925 | L23: 1224.3264 | M23: 942.73132 | N23: =1-(M23/L23) -> 0.23 | O23: =+'Trim Rwd'!H10 -> 269 | P23: =O23*(Q23-R23-S23) -> 372296 | Q23: 1440 | R23: 0 | S23: 56 | T23: =E23*M23*O23*Q23/100000000 -> 47.472933 | U23: =E23*M23*O23*(Q23-R23-S23)/100000000 -> 45.626763 | V23: =E23*G23*(1-N23)*O23/100*(R23+S23)/1000000 -> 1.8547249 | W23: =+'4'!K7/1000 -> 44.225 | X23: =SUM(W23:W27)/SUM(K23:K27) -> 0.92728638 | Y23: 0 | Z23: =+'2'!D19/1000 -> 0 | AA23: =SUM(U23:U27)-SUM(W23:W27)-SUM(Z23:Z27)-SUM(Y23:Y27) -> 1.4017629 | AB23: =(SUM(K23:K27)-SUM(W23:W27)-SUM(Y23:Y27)-SUM(Z23:Z27)-SUM(AC23:AC27)-SUM(V23:V27))-AA23 -> -0.0085552745 | AC23: =K23-T23 -> 0.21999277 | AD23: =+AM23+BA23 -> 0 | AE23: - Sheet Breaks (6x) | AF23: 0 | AM23: =SUM(AF23:AL23)+AT23+AV23+AX23 -> 0 | AR23: =SUM(AN23:AQ23) -> 0 | BA23: =+AR23+AS23+AU23+AW23+AY23+AZ23 -> 0 | BB23: 6
AD24: =+AM24+BA24 -> 0 | AE24: - Change Blade (7x) | AG24: 0 | AM24: =SUM(AF24:AL24)+AT24+AV24+AX24 -> 0 | AR24: =SUM(AN24:AQ24) -> 0 | BA24: =+AR24+AS24+AU24+AW24+AY24+AZ24 -> 0 | BC24: 7
AD25: =+AM25+BA25 -> 56 | AE25: - Change Spool (32x) | AH25: 56 | AM25: =SUM(AF25:AL25)+AT25+AV25+AX25 -> 56 | AR25: =SUM(AN25:AQ25) -> 0 | BA25: =+AR25+AS25+AU25+AW25+AY25+AZ25 -> 0
AD26: =+AM26+BA26 -> 0 | AE26: - Cleaning | AI26: 0 | AM26: =SUM(AF26:AL26)+AT26+AV26+AX26 -> 0 | AR26: =SUM(AN26:AQ26) -> 0 | BA26: =+AR26+AS26+AU26+AW26+AY26+AZ26 -> 0
A28: 45874 | B28: Toilet | C28: =(M28*E28*O28*Q28)/100000000 -> 47.692925 | D28: VP OW | E28: 13 | F28: 1 | G28: 1230 | H28: 0.23 | I28: 0.88 | J28: =E28*G28*(1-H28)*1440/1000000*2.74 -> 48.579411 | K28: =(IF(G28<L28,L28,G28)*(1-IF(H28<N28,H28,N28))*E28*O28*Q28)/100000000 -> 47.692925 | L28: 1230 | M28: 947.1 | N28: =1-(M28/L28) -> 0.23 | O28: =+'Trim Rwd'!H12 -> 269 | P28: =O28*(Q28-R28-S28) -> 372834 | Q28: 1440 | R28: 0 | S28: 54 | T28: =E28*M28*O28*Q28/100000000 -> 47.692925 | U28: =E28*M28*O28*(Q28-R28-S28)/100000000 -> 45.904441 | V28: =E28*G28*(1-N28)*O28/100*(R28+S28)/1000000 -> 1.7884847 | W28: =+'5'!K7/1000 -> 42.78 | X28: =SUM(W28:W32)/SUM(K28:K32) -> 0.89698838 | Y28: 0 | Z28: =+'5'!D34/1000 -> 1.26 | AA28: =SUM(U28:U32)-SUM(W28:W32)-SUM(Z28:Z32)-SUM(Y28:Y32) -> 1.8644406 | AB28: =(SUM(K28:K32)-SUM(W28:W32)-SUM(Y28:Y32)-SUM(Z28:Z32)-SUM(AC28:AC32)-SUM(V28:V32))-AA28 -> 5.5511151e-15 | AC28: =K28-T28 -> 0 | AD28: =+AM28+BA28 -> 0 | AE28: - Sheet Breaks (0x) | AF28: 0 | AM28: =SUM(AF28:AL28)+AT28+AV28+AX28 -> 0 | AR28: =SUM(AN28:AQ28) -> 0 | BA28: =+AR28+AS28+AU28+AW28+AY28+AZ28 -> 0 | BB28: 0
AD29: =+AM29+BA29 -> 6 | AE29: - Change Blade (3x) | AG29: 6 | AM29: =SUM(AF29:AL29)+AT29+AV29+AX29 -> 6 | AR29: =SUM(AN29:AQ29) -> 0 | BA29: =+AR29+AS29+AU29+AW29+AY29+AZ29 -> 0 | BC29: 3
AD30: =+AM30+BA30 -> 48 | AE30: - Change Spool (30x) | AH30: 48 | AM30: =SUM(AF30:AL30)+AT30+AV30+AX30 -> 48 | AR30: =SUM(AN30:AQ30) -> 0 | BA30: =+AR30+AS30+AU30+AW30+AY30+AZ30 -> 0
AD31: =+AM31+BA31 -> 0 | AE31: - Cleaning | AI31: 0 | AM31: =SUM(AF31:AL31)+AT31+AV31+AX31 -> 0 | AR31: =SUM(AN31:AQ31) -> 0 | BA31: =+AR31+AS31+AU31+AW31+AY31+AZ31 -> 0
A33: 45875 | B33: Toilet | C33: =(M33*E33*O33*Q33)/100000000 -> 44.877718 | D33: VP OW | E33: 13 | F33: 1 | G33: 1230 | H33: 0.23 | I33: 0.88 | J33: =E33*G33*(1-H33)*1440/1000000*2.74 -> 48.579411 | K33: =(IF(G33<L33,L33,G33)*(1-IF(H33<N33,H33,N33))*E33*O33*Q33)/100000000 -> 44.877718 | L33: 1230 | M33: 947.1 | N33: =1-(M33/L33) -> 0.23 | O33: =+'Trim Rwd'!H14 -> 269 | P33: =O33*(Q33-R33-S33) -> 356425 | Q33: 1355 | R33: 0 | S33: 30 | T33: =E33*M33*O33*Q33/100000000 -> 44.877718 | U33: =E33*M33*O33*(Q33-R33-S33)/100000000 -> 43.884115 | V33: =E33*G33*(1-N33)*O33/100*(R33+S33)/1000000 -> 0.99360261 | W33: =+'6'!K7/1000 -> 42.75 | X33: =SUM(W33:W37)/SUM(K33:K37) -> 0.89021991 | Y33: 0 | Z33: =+'6'!D25/1000 -> 0.3 | AA33: =SUM(U33:U37)-SUM(W33:W37)-SUM(Z33:Z37)-SUM(Y33:Y37) -> 3.2754352 | AB33: =(SUM(K33:K37)-SUM(W33:W37)-SUM(Y33:Y37)-SUM(Z33:Z37)-SUM(AC33:AC37)-SUM(V33:V37))-AA33 -> 0.023823872 | AC33: =K33-T33 -> 0 | AD33: =+AM33+BA33 -> 12 | AE33: - Sheet Breaks (6x) | AF33: 12 | AM33: =SUM(AF33:AL33)+AT33+AV33+AX33 -> 12 | AR33: =SUM(AN33:AQ33) -> 0 | BA33: =+AR33+AS33+AU33+AW33+AY33+AZ33 -> 0 | BB33: 6
B34: Toilet | C34: =(M34*E34*O34*Q34)/100000000 -> 3.1441242 | D34: VP OW | E34: 15.5 | F34: 1 | G34: 1140 | H34: 0.21 | I34: 0.88 | J34: =E34*G34*(1-H34)*1440/1000000*2.74 -> 55.077814 | K34: =(IF(G34<L34,L34,G34)*(1-IF(H34<N34,H34,N34))*E34*O34*Q34)/100000000 -> 3.1441242 | L34: 1180 | M34: 932.2 | N34: =1-(M34/L34) -> 0.21 | O34: =+'Trim Rwd'!H15 -> 256 | P34: =O34*(Q34-R34-S34) -> 16896 | Q34: 85 | R34: 0 | S34: 19 | T34: =E34*M34*O34*Q34/100000000 -> 3.1441242 | U34: =E34*M34*O34*(Q34-R34-S34)/100000000 -> 2.4413199 | V34: =E34*G34*(1-N34)*O34/100*(R34+S34)/1000000 -> 0.67898035 | W34: =+'5'!K13/1000 -> 0 | AD34: =+AM34+BA34 -> 0 | AE34: - Change Blade (3x) | AG34: 0 | AM34: =SUM(AF34:AL34)+AT34+AV34+AX34 -> 0 | AR34: =SUM(AN34:AQ34) -> 0 | BA34: =+AR34+AS34+AU34+AW34+AY34+AZ34 -> 0 | BC34: 3
AD35: =+AM35+BA35 -> 37 | AE35: - Change Spool (31x) | AH35: 37 | AM35: =SUM(AF35:AL35)+AT35+AV35+AX35 -> 37 | AR35: =SUM(AN35:AQ35) -> 0 | BA35: =+AR35+AS35+AU35+AW35+AY35+AZ35 -> 0
AD36: =+AM36+BA36 -> 0 | AE36: - Cleaning | AI36: 0 | AM36: =SUM(AF36:AL36)+AT36+AV36+AX36 -> 0 | AR36: =SUM(AN36:AQ36) -> 0 | BA36: =+AR36+AS36+AU36+AW36+AY36+AZ36 -> 0
A38: 45876 | B38: Toilet | C38: =(M38*E38*O38*Q38)/100000000 -> 53.114696 | D38: VP OW | E38: 15.5 | F38: 1 | G38: 1140 | H38: 0.21 | I38: 0.88 | J38: =E38*G38*(1-H38)*1440/1000000*2.74 -> 55.077814 | K38: =(IF(G38<L38,L38,G38)*(1-IF(H38<N38,H38,N38))*E38*O38*Q38)/100000000 -> 53.114696 | L38: 1176.6667 | M38: 929.56667 | N38: =1-(M38/L38) -> 0.21 | O38: =+'Trim Rwd'!H18 -> 256 | P38: =O38*(Q38-R38-S38) -> 343808 | Q38: 1440 | R38: 0 | S38: 97 | T38: =E38*M38*O38*Q38/100000000 -> 53.114696 | U38: =E38*M38*O38*(Q38-R38-S38)/100000000 -> 49.536831 | V38: =E38*G38*(1-N38)*O38/100*(R38+S38)/1000000 -> 3.4663734 | W38: =+'7'!K8/1000 -> 46.642 | X38: =SUM(W38:W42)/SUM(K38:K42) -> 0.92251305 | Y38: 0 | Z38: =+'5'!D44/1000 -> 0 | AA38: =SUM(U38:U42)-SUM(W38:W42)-SUM(Z38:Z42)-SUM(Y38:Y42) -> 0.53783076 | AB38: =(SUM(K38:K42)-SUM(W38:W42)-SUM(Y38:Y42)-SUM(Z38:Z42)-SUM(AC38:AC42)-SUM(V38:V42))-AA38 -> 0.11149154 | AC38: =K38-T38 -> 0 | AD38: =+AM38+BA38 -> 34 | AE38: - Sheet Breaks (13x) | AF38: 34 | AM38: =SUM(AF38:AL38)+AT38+AV38+AX38 -> 34 | AR38: =SUM(AN38:AQ38) -> 0 | BA38: =+AR38+AS38+AU38+AW38+AY38+AZ38 -> 0 | BB38: 13
B39: Toilet | E39: 13 | W39: =+'7'!K7/1000 -> 2.357 | AD39: =+AM39+BA39 -> 0 | AE39: - Change Blade (0x) | AG39: 0 | AM39: =SUM(AF39:AL39)+AT39+AV39+AX39 -> 0 | AR39: =SUM(AN39:AQ39) -> 0 | BA39: =+AR39+AS39+AU39+AW39+AY39+AZ39 -> 0 | BC39: 0
AD40: =+AM40+BA40 -> 63 | AE40: - Change Spool (31x) | AH40: 63 | AM40: =SUM(AF40:AL40)+AT40+AV40+AX40 -> 63 | AR40: =SUM(AN40:AQ40) -> 0 | BA40: =+AR40+AS40+AU40+AW40+AY40+AZ40 -> 0
AD41: =+AM41+BA41 -> 0 | AE41: - Cleaning | AI41: 0 | AM41: =SUM(AF41:AL41)+AT41+AV41+AX41 -> 0 | AR41: =SUM(AN41:AQ41) -> 0 | BA41: =+AR41+AS41+AU41+AW41+AY41+AZ41 -> 0
A43: 45877 | B43: Toilet | C43: =(M43*E43*O43*Q43)/100000000 -> 31.153673 | D43: VP OW | E43: 15.5 | F43: 1 | G43: 1140 | H43: 0.21 | I43: 0.88 | J43: =E43*G43*(1-H43)*1440/1000000*2.74 -> 55.077814 | K43: =(IF(G43<L43,L43,G43)*(1-IF(H43<N43,H43,N43))*E43*O43*Q43)/100000000 -> 31.962859 | L43: 1160 | M43: 893.2 | N43: =1-(M43/L43) -> 0.23 | O43: =+'Trim Rwd'!H20 -> 256 | P43: =O43*(Q43-R43-S43) -> 213504 | Q43: 879 | R43: 0 | S43: 45 | T43: =E43*M43*O43*Q43/100000000 -> 31.153673 | U43: =E43*M43*O43*(Q43-R43-S43)/100000000 -> 29.558775 | V43: =E43*G43*(1-N43)*O43/100*(R43+S43)/1000000 -> 1.5673997 | W43: =+'8'!K8/1000 -> 33.053 | X43: =SUM(W43:W47)/SUM(K43:K47) -> 0.82670871 | Y43: 0 | Z43: =+'5'!D49/1000 -> 0 | AA43: =SUM(U43:U47)-SUM(W43:W47)-SUM(Z43:Z47)-SUM(Y43:Y47) -> 3.6084673 | AB43: =(SUM(K43:K47)-SUM(W43:W47)-SUM(Y43:Y47)-SUM(Z43:Z47)-SUM(AC43:AC47)-SUM(V43:V47))-AA43 -> 0.49351501 | AC43: =K43-T43 -> 0.8091863 | AD43: =+AM43+BA43 -> 34 | AE43: - Sheet Breaks (13x) | AF43: 34 | AM43: =SUM(AF43:AL43)+AT43+AV43+AX43 -> 34 | AR43: =SUM(AN43:AQ43) -> 0 | BA43: =+AR43+AS43+AU43+AW43+AY43+AZ43 -> 0 | BB43: 13
B44: Toilet | C44: =(M44*E44*O44*Q44)/100000000 -> 13.976432 | D44: VP OW | E44: 19 | F44: 1 | G44: 930 | H44: 0.21 | I44: 0.88 | J44: =E44*G44*(1-H44)*1440/1000000*2.74 -> 55.077814 | K44: =(IF(G44<L44,L44,G44)*(1-IF(H44<N44,H44,N44))*E44*O44*Q44)/100000000 -> 13.976432 | L44: 951.09756 | M44: 760.87805 | N44: =1-(M44/L44) -> 0.2 | O44: =+'Trim Rwd'!H21 -> 262 | P44: =O44*(Q44-R44-S44) -> 90128 | Q44: 369 | R44: 0 | S44: 25 | T44: =E44*M44*O44*Q44/100000000 -> 13.976432 | U44: =E44*M44*O44*(Q44-R44-S44)/100000000 -> 13.029519 | V44: =E44*G44*(1-N44)*O44/100*(R44+S44)/1000000 -> 0.925908 | W44: =+'8'!K9/1000 -> 7.629 | Z44: =+'8'!D26/1000 -> 1.23 | AD44: =+AM44+BA44 -> 0 | AE44: - Change Blade (0x) | AG44: 0 | AM44: =SUM(AF44:AL44)+AT44+AV44+AX44 -> 0 | AR44: =SUM(AN44:AQ44) -> 0 | BA44: =+AR44+AS44+AU44+AW44+AY44+AZ44 -> 0 | BC44: 0
B45: Facial | C45: =(M45*E45*O45*Q45)/100000000 -> 6.5292728 | D45: VP OW | E45: 15 | F45: 1 | G45: 1230 | H45: 0.22 | I45: 0.88 | J45: =E45*G45*(1-H45)*1440/1000000*2.74 -> 56.78113 | K45: =(IF(G45<L45,L45,G45)*(1-IF(H45<N45,H45,N45))*E45*O45*Q45)/100000000 -> 7.0043875 | L45: 1161.4583 | M45: 894.32292 | N45: =1-(M45/L45) -> 0.23 | O45: =+'Trim Rwd'!H22 -> 253.5 | P45: =O45*(Q45-R45-S45) -> 44869.5 | Q45: 192 | R45: 0 | S45: 15 | T45: =E45*M45*O45*Q45/100000000 -> 6.5292728 | U45: =E45*M45*O45*(Q45-R45-S45)/100000000 -> 6.0191733 | V45: =E45*G45*(1-N45)*O45/100*(R45+S45)/1000000 -> 0.54020216 | W45: =+'8'!K10/1000 -> 3.087 | AD45: =+AM45+BA45 -> 51 | AE45: - Change Spool (33x) | AH45: 51 | AM45: =SUM(AF45:AL45)+AT45+AV45+AX45 -> 51 | AR45: =SUM(AN45:AQ45) -> 0 | BA45: =+AR45+AS45+AU45+AW45+AY45+AZ45 -> 0
AD46: =+AM46+BA46 -> 0 | AE46: - Cleaning | AI46: 0 | AM46: =SUM(AF46:AL46)+AT46+AV46+AX46 -> 0 | AR46: =SUM(AN46:AQ46) -> 0 | BA46: =+AR46+AS46+AU46+AW46+AY46+AZ46 -> 0
A48: 45878 | B48: Facial | C48: =(M48*E48*O48*Q48)/100000000 -> 5.714762 | D48: VP OW | E48: 15 | F48: 1 | G48: 1195 | H48: 0.22 | I48: 0.88 | J48: =E48*G48*(1-H48)*1440/1000000*2.74 -> 55.165406 | K48: =(IF(G48<L48,L48,G48)*(1-IF(H48<N48,H48,N48))*E48*O48*Q48)/100000000 -> 5.8871902 | L48: 1160 | M48: 916.4 | N48: =1-(M48/L48) -> 0.21 | O48: =+'Trim Rwd'!H25 -> 253.5 | P48: =O48*(Q48-R48-S48) -> 37771.5 | Q48: 164 | R48: 0 | S48: 15 | T48: =E48*M48*O48*Q48/100000000 -> 5.714762 | U48: =E48*M48*O48*(Q48-R48-S48)/100000000 -> 5.1920704 | V48: =E48*G48*(1-N48)*O48/100*(R48+S48)/1000000 -> 0.53846252 | W48: =+'9'!K10/1000 -> 7.293 | X48: =SUM(W48:W53)/SUM(K48:K53) -> 0.9569716 | Y48: 0 | Z48: =+'5'!D54/1000 -> 0 | AA48: =SUM(U48:U53)-SUM(W48:W53)-SUM(Z48:Z53)-SUM(Y48:Y53) -> -1.993998 | AB48: =(SUM(K48:K53)-SUM(W48:W53)-SUM(Y48:Y53)-SUM(Z48:Z53)-SUM(AC48:AC53)-SUM(V48:V53))-AA48 -> 0.59346192 | AC48: =K48-T48 -> 0.17242817 | AD48: =+AM48+BA48 -> 24 | AE48: - Sheet Breaks (8x) | AF48: 24 | AM48: =SUM(AF48:AL48)+AT48+AV48+AX48 -> 24 | AR48: =SUM(AN48:AQ48) -> 0 | BA48: =+AR48+AS48+AU48+AW48+AY48+AZ48 -> 0 | BB48: 8
B49: Facial | C49: =(M49*E49*O49*Q49)/100000000 -> 14.075589 | D49: VP OW | E49: 13.5 | F49: 1 | G49: 1230 | H49: 0.22 | I49: 0.88 | J49: =E49*G49*(1-H49)*1440/1000000*2.74 -> 51.103017 | K49: =(IF(G49<L49,L49,G49)*(1-IF(H49<N49,H49,N49))*E49*O49*Q49)/100000000 -> 14.435411 | L49: 1214.9165 | M49: 935.48568 | N49: =1-(M49/L49) -> 0.23 | O49: =+'Trim Rwd'!H24 -> 266 | P49: =O49*(Q49-R49-S49) -> 106134 | Q49: 419 | R49: 0 | S49: 20 | T49: =E49*M49*O49*Q49/100000000 -> 14.075589 | U49: =E49*M49*O49*(Q49-R49-S49)/100000000 -> 13.403723 | V49: =E49*G49*(1-N49)*O49/100*(R49+S49)/1000000 -> 0.68020722 | W49: =+'9'!K11/1000 -> 10.451 | Z49: =+'8'!D31/1000 -> 0 | AD49: =+AM49+BA49 -> 12 | AE49: - Change Blade (8x) | AG49: 12 | AM49: =SUM(AF49:AL49)+AT49+AV49+AX49 -> 12 | AR49: =SUM(AN49:AQ49) -> 0 | BA49: =+AR49+AS49+AU49+AW49+AY49+AZ49 -> 0 | BC49: 8
B50: Facial | C50: =(M50*E50*O50*Q50)/100000000 -> 9.7945914 | D50: VP OW | E50: 13 | F50: 1 | G50: 1230 | H50: 0.22 | I50: 0.88 | J50: =E50*G50*(1-H50)*1440/1000000*2.74 -> 49.210312 | K50: =(IF(G50<L50,L50,G50)*(1-IF(H50<N50,H50,N50))*E50*O50*Q50)/100000000 -> 10.052344 | L50: 1230 | M50: 934.8 | N50: =1-(M50/L50) -> 0.24 | O50: =+'Trim Rwd'!H27 -> 266 | P50: =O50*(Q50-R50-S50) -> 76608 | Q50: 303 | R50: 0 | S50: 15 | T50: =E50*M50*O50*Q50/100000000 -> 9.7945914 | U50: =E50*M50*O50*(Q50-R50-S50)/100000000 -> 9.3097106 | V50: =E50*G50*(1-N50)*O50/100*(R50+S50)/1000000 -> 0.48488076 | W50: =+'9'!K12/1000 -> 10.606 | AD50: =+AM50+BA50 -> 43 | AE50: - Change Spool (29x) | AH50: 43 | AM50: =SUM(AF50:AL50)+AT50+AV50+AX50 -> 43 | AR50: =SUM(AN50:AQ50) -> 0 | BA50: =+AR50+AS50+AU50+AW50+AY50+AZ50 -> 0
B51: Facial | C51: =(M51*E51*O51*Q51)/100000000 -> 16.370434 | D51: VP OW | E51: 12 | F51: 1 | G51: 1230 | H51: 0.23 | I51: 0.88 | J51: =E51*G51*(1-H51)*1440/1000000*2.74 -> 44.842533 | K51: =(IF(G51<L51,L51,G51)*(1-IF(H51<N51,H51,N51))*E51*O51*Q51)/100000000 -> 16.370434 | L51: 1230 | M51: 947.1 | N51: =1-(M51/L51) -> 0.23 | O51: =+'Trim Rwd'!H28 -> 260 | P51: =O51*(Q51-R51-S51) -> 136500 | Q51: 554 | R51: 0 | S51: 29 | T51: =E51*M51*O51*Q51/100000000 -> 16.370434 | U51: =E51*M51*O51*(Q51-R51-S51)/100000000 -> 15.513498 | V51: =E51*G51*(1-N51)*O51/100*(R51+S51)/1000000 -> 0.85693608 | W51: =+'9'!K13/1000 -> 13.097 | AD51: =+AM51+BA51 -> 0 | AE51: - Cleaning | AI51: 0 | AM51: =SUM(AF51:AL51)+AT51+AV51+AX51 -> 0 | AR51: =SUM(AN51:AQ51) -> 0 | BA51: =+AR51+AS51+AU51+AW51+AY51+AZ51 -> 0
B52: Toilet | E52: 19 | W52: =+'9'!K9/1000 -> 3.287 | Z52: =+'9'!D9/1000 -> 0.679
A54: 45879 | B54: Facial | C54: =(M54*E54*O54*Q54)/100000000 -> 42.75308 | D54: VP OW | E54: 12 | F54: 1 | G54: 1230 | H54: 0.23 | I54: 0.88 | J54: =E54*G54*(1-H54)*1440/1000000*2.74 -> 44.842533 | K54: =(IF(G54<L54,L54,G54)*(1-IF(H54<N54,H54,N54))*E54*O54*Q54)/100000000 -> 42.75308 | L54: 1230 | M54: 947.1 | N54: =1-(M54/L54) -> 0.23 | O54: =+'Trim Rwd'!H30 -> 261.23288 | P54: =O54*(Q54-R54-S54) -> 356844.11 | Q54: 1440 | R54: 0 | S54: 74 | T54: =E54*M54*O54*Q54/100000000 -> 42.75308 | U54: =E54*M54*O54*(Q54-R54-S54)/100000000 -> 40.556047 | V54: =E54*G54*(1-N54)*O54/100*(R54+S54)/1000000 -> 2.1970333 | W54: =+'10'!K13/1000 -> 38.95 | X54: =SUM(W54:W58)/SUM(K54:K58) -> 0.91104547 | Y54: 0 | Z54: =+'5'!D59/1000 -> 0 | AA54: =SUM(U54:U58)-SUM(W54:W58)-SUM(Z54:Z58)-SUM(Y54:Y58) -> 1.6060467 | AB54: =(SUM(K54:K58)-SUM(W54:W58)-SUM(Y54:Y58)-SUM(Z54:Z58)-SUM(AC54:AC58)-SUM(V54:V58))-AA54 -> 0 | AC54: =K54-T54 -> 0 | AD54: =+AM54+BA54 -> 15 | AE54: - Sheet Breaks (5x) | AF54: 15 | AM54: =SUM(AF54:AL54)+AT54+AV54+AX54 -> 15 | AR54: =SUM(AN54:AQ54) -> 0 | BA54: =+AR54+AS54+AU54+AW54+AY54+AZ54 -> 0 | BB54: 5
AD55: =+AM55+BA55 -> 14 | AE55: - Change Blade (6x) | AG55: 14 | AM55: =SUM(AF55:AL55)+AT55+AV55+AX55 -> 14 | AR55: =SUM(AN55:AQ55) -> 0 | BA55: =+AR55+AS55+AU55+AW55+AY55+AZ55 -> 0 | BC55: 6
AD56: =+AM56+BA56 -> 45 | AE56: - Change Spool (26x) | AH56: 45 | AM56: =SUM(AF56:AL56)+AT56+AV56+AX56 -> 45 | AR56: =SUM(AN56:AQ56) -> 0 | BA56: =+AR56+AS56+AU56+AW56+AY56+AZ56 -> 0
AD57: =+AM57+BA57 -> 0 | AE57: - Cleaning | AI57: 0 | AM57: =SUM(AF57:AL57)+AT57+AV57+AX57 -> 0 | AR57: =SUM(AN57:AQ57) -> 0 | BA57: =+AR57+AS57+AU57+AW57+AY57+AZ57 -> 0
A59: 45880 | B59: Facial | C59: =(M59*E59*O59*Q59)/100000000 -> 27.991919 | D59: VP OW | E59: 12 | F59: 1 | G59: 1230 | H59: 0.23 | I59: 0.88 | J59: =E59*G59*(1-H59)*1440/1000000*2.74 -> 44.842533 | K59: =(IF(G59<L59,L59,G59)*(1-IF(H59<N59,H59,N59))*E59*O59*Q59)/100000000 -> 27.991919 | L59: 1230 | M59: 947.1 | N59: =1-(M59/L59) -> 0.23 | O59: =+'Trim Rwd'!H33 -> 264.83333 | P59: =O59*(Q59-R59-S59) -> 235966.5 | Q59: 930 | R59: 0 | S59: 39 | T59: =E59*M59*O59*Q59/100000000 -> 27.991919 | U59: =E59*M59*O59*(Q59-R59-S59)/100000000 -> 26.818065 | V59: =E59*G59*(1-N59)*O59/100*(R59+S59)/1000000 -> 1.1738547 | W59: =+'11'!K13/1000 -> 27.157 | X59: =SUM(W59:W63)/SUM(K59:K63) -> 0.90631825 | Y59: 0 | Z59: =+'5'!D64/1000 -> 0 | AA59: =SUM(U59:U63)-SUM(W59:W63)-SUM(Z59:Z63)-SUM(Y59:Y63) -> 2.1562559 | AB59: =(SUM(K59:K63)-SUM(W59:W63)-SUM(Y59:Y63)-SUM(Z59:Z63)-SUM(AC59:AC63)-SUM(V59:V63))-AA59 -> 0.21528936 | AC59: =K59-T59 -> 0 | AD59: =+AM59+BA59 -> 17 | AE59: - Sheet Breaks (13x) | AF59: 17 | AM59: =SUM(AF59:AL59)+AT59+AV59+AX59 -> 17 | AR59: =SUM(AN59:AQ59) -> 0 | BA59: =+AR59+AS59+AU59+AW59+AY59+AZ59 -> 0 | BB59: 13
B60: Facial | C60: =(M60*E60*O60*Q60)/100000000 -> 16.577281 | D60: VP OW | E60: 13 | F60: 1 | G60: 1230 | H60: 0.22 | I60: 0.88 | J60: =E60*G60*(1-H60)*1440/1000000*2.74 -> 49.210312 | K60: =(IF(G60<L60,L60,G60)*(1-IF(H60<N60,H60,N60))*E60*O60*Q60)/100000000 -> 16.79257 | L60: 1230 | M60: 947.1 | N60: =1-(M60/L60) -> 0.23 | O60: =+'Trim Rwd'!H35 -> 264 | P60: =O60*(Q60-R60-S60) -> 129360 | Q60: 510 | R60: 0 | S60: 20 | T60: =E60*M60*O60*Q60/100000000 -> 16.577281 | U60: =E60*M60*O60*(Q60-R60-S60)/100000000 -> 15.927191 | V60: =E60*G60*(1-N60)*O60/100*(R60+S60)/1000000 -> 0.65008944 | W60: =+'11'!K12/1000 -> 13.432 | AD60: =+AM60+BA60 -> 15 | AE60: - Change Blade (6x) | AG60: 15 | AM60: =SUM(AF60:AL60)+AT60+AV60+AX60 -> 15 | AR60: =SUM(AN60:AQ60) -> 0 | BA60: =+AR60+AS60+AU60+AW60+AY60+AZ60 -> 0 | BC60: 6
AD61: =+AM61+BA61 -> 27 | AE61: - Change Spool (26x) | AH61: 27 | AM61: =SUM(AF61:AL61)+AT61+AV61+AX61 -> 27 | AR61: =SUM(AN61:AQ61) -> 0 | BA61: =+AR61+AS61+AU61+AW61+AY61+AZ61 -> 0
AD62: =+AM62+BA62 -> 0 | AE62: - Cleaning | AI62: 0 | AM62: =SUM(AF62:AL62)+AT62+AV62+AX62 -> 0 | AR62: =SUM(AN62:AQ62) -> 0 | BA62: =+AR62+AS62+AU62+AW62+AY62+AZ62 -> 0
A64: 45881 | B64: Facial | C64: =(M64*E64*O64*Q64)/100000000 -> 16.902325 | D64: VP OW | E64: 13 | F64: 1 | G64: 1230 | H64: 0.22 | I64: 0.88 | J64: =E64*G64*(1-H64)*1440/1000000*2.74 -> 49.210312 | K64: =(IF(G64<L64,L64,G64)*(1-IF(H64<N64,H64,N64))*E64*O64*Q64)/100000000 -> 17.121836 | L64: 1230 | M64: 947.1 | N64: =1-(M64/L64) -> 0.23 | O64: =+'Trim Rwd'!E37 -> 264 | P64: =O64*(Q64-R64-S64) -> 132000 | Q64: 520 | R64: 0 | S64: 20 | T64: =E64*M64*O64*Q64/100000000 -> 16.902325 | U64: =E64*M64*O64*(Q64-R64-S64)/100000000 -> 16.252236 | V64: =E64*G64*(1-N64)*O64/100*(R64+S64)/1000000 -> 0.65008944 | W64: =+'12'!K12/1000 -> 22.178 | X64: =SUM(W64:W68)/SUM(K64:K68) -> 0.91632864 | Y64: 0 | Z64: =+'5'!D69/1000 -> 0 | AA64: =SUM(U64:U68)-SUM(W64:W68)-SUM(Z64:Z68)-SUM(Y64:Y68) -> 1.6556424 | AB64: =(SUM(K64:K68)-SUM(W64:W68)-SUM(Y64:Y68)-SUM(Z64:Z68)-SUM(AC64:AC68)-SUM(V64:V68))-AA64 -> 7.1054274e-15 | AC64: =K64-T64 -> 0.21951072 | AD64: =+AM64+BA64 -> 10 | AE64: - Sheet Breaks (5x) | AF64: 10 | AM64: =SUM(AF64:AL64)+AT64+AV64+AX64 -> 10 | AR64: =SUM(AN64:AQ64) -> 0 | BA64: =+AR64+AS64+AU64+AW64+AY64+AZ64 -> 0 | BB64: 5
B65: Facial | C65: =(M65*E65*O65*Q65)/100000000 -> 5.5992503 | D65: VP OW | E65: 13 | F65: 1 | G65: 1230 | H65: =+N65 -> 0.29 | I65: 0.88 | J65: =E65*G65*(1-H65)*1440/1000000*2.74 -> 44.794002 | K65: =(IF(G65<L65,L65,G65)*(1-IF(H65<N65,H65,N65))*E65*O65*Q65)/100000000 -> 5.5992503 | L65: 1230 | M65: 873.3 | N65: =1-(M65/L65) -> 0.29 | O65: =+'Trim Rwd'!E38 -> 274 | P65: =O65*(Q65-R65-S65) -> 47676 | Q65: 180 | R65: 0 | S65: 6 | T65: =E65*M65*O65*Q65/100000000 -> 5.5992503 | U65: =E65*M65*O65*(Q65-R65-S65)/100000000 -> 5.4126086 | V65: =E65*G65*(1-N65)*O65/100*(R65+S65)/1000000 -> 0.18664168 | W65: =+'12'!K13/1000 -> 19.067 | AD65: =+AM65+BA65 -> 12 | AE65: - Change Blade (5x) | AG65: 12 | AM65: =SUM(AF65:AL65)+AT65+AV65+AX65 -> 12 | AR65: =SUM(AN65:AQ65) -> 0 | BA65: =+AR65+AS65+AU65+AW65+AY65+AZ65 -> 0 | BC65: 5
B66: Facial | C66: =(M66*E66*O66*Q66)/100000000 -> 22.290057 | D66: VP OW | E66: 12 | F66: 1 | G66: 1230 | H66: 0.23 | I66: 0.88 | J66: =E66*G66*(1-H66)*1440/1000000*2.74 -> 44.842533 | K66: =(IF(G66<L66,L66,G66)*(1-IF(H66<N66,H66,N66))*E66*O66*Q66)/100000000 -> 22.290057 | L66: 1230 | M66: 947.1 | N66: =1-(M66/L66) -> 0.23 | O66: =+'Trim Rwd'!H39 -> 265.03448 | P66: =O66*(Q66-R66-S66) -> 186849.31 | Q66: 740 | R66: 0 | S66: 35 | T66: =E66*M66*O66*Q66/100000000 -> 22.290057 | U66: =E66*M66*O66*(Q66-R66-S66)/100000000 -> 21.235798 | V66: =E66*G66*(1-N66)*O66/100*(R66+S66)/1000000 -> 1.0542595 | W66: =+'12'!K14/1000 -> 0 | AD66: =+AM66+BA66 -> 39 | AE66: - Change Spool (33x) | AH66: 39 | AM66: =SUM(AF66:AL66)+AT66+AV66+AX66 -> 39 | AR66: =SUM(AN66:AQ66) -> 0 | BA66: =+AR66+AS66+AU66+AW66+AY66+AZ66 -> 0
AD67: =+AM67+BA67 -> 0 | AE67: - Cleaning | AI67: 0 | AM67: =SUM(AF67:AL67)+AT67+AV67+AX67 -> 0 | AR67: =SUM(AN67:AQ67) -> 0 | BA67: =+AR67+AS67+AU67+AW67+AY67+AZ67 -> 0
A69: 45882 | B69: Facial | C69: =(M69*E69*O69*Q69)/100000000 -> 4.8370291 | D69: VP OW | E69: 12 | F69: 1 | G69: 1230 | H69: 0.23 | I69: 0.88 | J69: =E69*G69*(1-H69)*1440/1000000*2.74 -> 44.842533 | K69: =(IF(G69<L69,L69,G69)*(1-IF(H69<N69,H69,N69))*E69*O69*Q69)/100000000 -> 4.8370291 | L69: 1230 | M69: 947.1 | N69: =1-(M69/L69) -> 0.23 | O69: =+'Trim Rwd'!H42 -> 266 | P69: =O69*(Q69-R69-S69) -> 39368 | Q69: 160 | R69: 0 | S69: 12 | T69: =E69*M69*O69*Q69/100000000 -> 4.8370291 | U69: =E69*M69*O69*(Q69-R69-S69)/100000000 -> 4.4742519 | V69: =E69*G69*(1-N69)*O69/100*(R69+S69)/1000000 -> 0.36277718 | W69: =+'13'!K13/1000 -> 7.984 | X69: =SUM(W69:W73)/SUM(K69:K73) -> 0.95002271 | Y69: 0 | Z69: =+'5'!D74/1000 -> 0 | AA69: =SUM(U69:U73)-SUM(W69:W73)-SUM(Z69:Z73)-SUM(Y69:Y73) -> -0.1802475 | AB69: =(SUM(K69:K73)-SUM(W69:W73)-SUM(Y69:Y73)-SUM(Z69:Z73)-SUM(AC69:AC73)-SUM(V69:V73))-AA69 -> 0.54033408 | AC69: =K69-T69 -> 0 | AD69: =+AM69+BA69 -> 18 | AE69: - Sheet Breaks (9x) | AF69: 18 | AM69: =SUM(AF69:AL69)+AT69+AV69+AX69 -> 18 | AR69: =SUM(AN69:AQ69) -> 0 | BA69: =+AR69+AS69+AU69+AW69+AY69+AZ69 -> 0 | BB69: 9
B70: Facial | C70: =(M70*E70*O70*Q70)/100000000 -> 41.605724 | D70: VP OW | E70: 13 | F70: 1 | G70: 1230 | H70: 0.22 | I70: 0.88 | J70: =E70*G70*(1-H70)*1440/1000000*2.74 -> 49.210312 | K70: =(IF(G70<L70,L70,G70)*(1-IF(H70<N70,H70,N70))*E70*O70*Q70)/100000000 -> 42.146058 | L70: 1230 | M70: 947.1 | N70: =1-(M70/L70) -> 0.23 | O70: =+'Trim Rwd'!H44 -> 264 | P70: =O70*(Q70-R70-S70) -> 324720 | Q70: 1280 | R70: 0 | S70: 50 | T70: =E70*M70*O70*Q70/100000000 -> 41.605724 | U70: =E70*M70*O70*(Q70-R70-S70)/100000000 -> 39.980501 | V70: =E70*G70*(1-N70)*O70/100*(R70+S70)/1000000 -> 1.6252236 | W70: =+'13'!K12/1000 -> 36.651 | AD70: =+AM70+BA70 -> 0 | AE70: - Change Blade (0x) | AG70: 0 | AM70: =SUM(AF70:AL70)+AT70+AV70+AX70 -> 0 | AR70: =SUM(AN70:AQ70) -> 0 | BA70: =+AR70+AS70+AU70+AW70+AY70+AZ70 -> 0 | BC70: 0
AD71: =+AM71+BA71 -> 44 | AE71: - Change Spool (32x) | AH71: 44 | AM71: =SUM(AF71:AL71)+AT71+AV71+AX71 -> 44 | AR71: =SUM(AN71:AQ71) -> 0 | BA71: =+AR71+AS71+AU71+AW71+AY71+AZ71 -> 0
AD72: =+AM72+BA72 -> 0 | AE72: - Cleaning | AI72: 0 | AM72: =SUM(AF72:AL72)+AT72+AV72+AX72 -> 0 | AR72: =SUM(AN72:AQ72) -> 0 | BA72: =+AR72+AS72+AU72+AW72+AY72+AZ72 -> 0
A74: 45883 | B74: Facial | C74: =(M74*E74*O74*Q74)/100000000 -> 20.625761 | D74: VP OW | E74: 13 | F74: 1 | G74: 1230 | H74: 0.22 | I74: 0.88 | J74: =E74*G74*(1-H74)*1440/1000000*2.74 -> 49.210312 | K74: =(IF(G74<L74,L74,G74)*(1-IF(H74<N74,H74,N74))*E74*O74*Q74)/100000000 -> 20.893628 | L74: 1230 | M74: 947.1 | N74: =1-(M74/L74) -> 0.23 | O74: =+'Trim Rwd'!H46 -> 264.64706 | P74: =O74*(Q74-R74-S74) -> 159582.18 | Q74: 633 | R74: 0 | S74: 30 | T74: =E74*M74*O74*Q74/100000000 -> 20.625761 | U74: =E74*M74*O74*(Q74-R74-S74)/100000000 -> 19.648236 | V74: =E74*G74*(1-N74)*O74/100*(R74+S74)/1000000 -> 0.97752419 | W74: =+'14'!K12/1000 -> 19.868 | X74: =SUM(W74:W78)/SUM(K74:K78) -> 0.91292631 | Y74: 0 | Z74: =+'5'!D79/1000 -> 0 | AA74: =SUM(U74:U78)-SUM(W74:W78)-SUM(Z74:Z78)-SUM(Y74:Y78) -> 1.3341946 | AB74: =(SUM(K74:K78)-SUM(W74:W78)-SUM(Y74:Y78)-SUM(Z74:Z78)-SUM(AC74:AC78)-SUM(V74:V78))-AA74 -> 0.32259825 | AC74: =K74-T74 -> 0.26786702 | AD74: =+AM74+BA74 -> 21 | AE74: - Sheet Breaks (9x) | AF74: 21 | AM74: =SUM(AF74:AL74)+AT74+AV74+AX74 -> 21 | AR74: =SUM(AN74:AQ74) -> 0 | BA74: =+AR74+AS74+AU74+AW74+AY74+AZ74 -> 0 | BB74: 9
B75: Facial | C75: =(M75*E75*O75*Q75)/100000000 -> 24.840065 | D75: VP OW | E75: 12.5 | F75: 1 | G75: 1230 | H75: 0.22 | I75: 0.88 | J75: =E75*G75*(1-H75)*1440/1000000*2.74 -> 47.317608 | K75: =(IF(G75<L75,L75,G75)*(1-IF(H75<N75,H75,N75))*E75*O75*Q75)/100000000 -> 25.162664 | L75: 1230 | M75: 947.1 | N75: =1-(M75/L75) -> 0.23 | O75: =+'Trim Rwd'!H48 -> 260 | P75: =O75*(Q75-R75-S75) -> 200460 | Q75: 807 | R75: 0 | S75: 36 | T75: =E75*M75*O75*Q75/100000000 -> 24.840065 | U75: =E75*M75*O75*(Q75-R75-S75)/100000000 -> 23.731958 | V75: =E75*G75*(1-N75)*O75/100*(R75+S75)/1000000 -> 1.108107 | W75: =+'14'!K14/1000 -> 22.178 | AD75: =+AM75+BA75 -> 0 | AE75: - Change Blade (0x) | AG75: 0 | AM75: =SUM(AF75:AL75)+AT75+AV75+AX75 -> 0 | AR75: =SUM(AN75:AQ75) -> 0 | BA75: =+AR75+AS75+AU75+AW75+AY75+AZ75 -> 0 | BC75: 0
AD76: =+AM76+BA76 -> 45 | AE76: - Change Spool (32x) | AH76: 45 | AM76: =SUM(AF76:AL76)+AT76+AV76+AX76 -> 45 | AR76: =SUM(AN76:AQ76) -> 0 | BA76: =+AR76+AS76+AU76+AW76+AY76+AZ76 -> 0
AD77: =+AM77+BA77 -> 0 | AE77: - Cleaning | AI77: 0 | AM77: =SUM(AF77:AL77)+AT77+AV77+AX77 -> 0 | AR77: =SUM(AN77:AQ77) -> 0 | BA77: =+AR77+AS77+AU77+AW77+AY77+AZ77 -> 0
A79: 45884 | B79: Facial | C79: =(M79*E79*O79*Q79)/100000000 -> 48.97492 | D79: VP OW | E79: 13.5 | F79: 1 | G79: 1230 | H79: 0.22 | I79: 0.88 | J79: =E79*G79*(1-H79)*1440/1000000*2.74 -> 51.103017 | K79: =(IF(G79<L79,L79,G79)*(1-IF(H79<N79,H79,N79))*E79*O79*Q79)/100000000 -> 49.610958 | L79: 1230 | M79: 947.1 | N79: =1-(M79/L79) -> 0.23 | O79: =+'Trim Rwd'!H50 -> 266 | P79: =O79*(Q79-R79-S79) -> 368942 | Q79: 1440 | R79: 0 | S79: 53 | T79: =E79*M79*O79*Q79/100000000 -> 48.97492 | U79: =E79*M79*O79*(Q79-R79-S79)/100000000 -> 47.172371 | V79: =E79*G79*(1-N79)*O79/100*(R79+S79)/1000000 -> 1.8025491 | W79: =+'15'!K11/1000 -> 44.925 | X79: =SUM(W79:W83)/SUM(K79:K83) -> 0.90554591 | Y79: 0 | Z79: =+'15'!D25/1000 -> 0.309 | AA79: =SUM(U79:U83)-SUM(W79:W83)-SUM(Z79:Z83)-SUM(Y79:Y83) -> 1.9383707 | AB79: =(SUM(K79:K83)-SUM(W79:W83)-SUM(Y79:Y83)-SUM(Z79:Z83)-SUM(AC79:AC83)-SUM(V79:V83))-AA79 -> -7.7715612e-15 | AC79: =K79-T79 -> 0.63603792 | AD79: =+AM79+BA79 -> 14 | AE79: - Sheet Breaks (6x) | AF79: 14 | AM79: =SUM(AF79:AL79)+AT79+AV79+AX79 -> 14 | AR79: =SUM(AN79:AQ79) -> 0 | BA79: =+AR79+AS79+AU79+AW79+AY79+AZ79 -> 0 | BB79: 6
AD80: =+AM80+BA80 -> 7 | AE80: - Change Blade (4x) | AG80: 7 | AM80: =SUM(AF80:AL80)+AT80+AV80+AX80 -> 7 | AR80: =SUM(AN80:AQ80) -> 0 | BA80: =+AR80+AS80+AU80+AW80+AY80+AZ80 -> 0 | BC80: 4
AD81: =+AM81+BA81 -> 32 | AE81: - Change Spool (29x) | AH81: 32 | AM81: =SUM(AF81:AL81)+AT81+AV81+AX81 -> 32 | AR81: =SUM(AN81:AQ81) -> 0 | BA81: =+AR81+AS81+AU81+AW81+AY81+AZ81 -> 0
AD82: =+AM82+BA82 -> 0 | AE82: - Cleaning | AI82: 0 | AM82: =SUM(AF82:AL82)+AT82+AV82+AX82 -> 0 | AR82: =SUM(AN82:AQ82) -> 0 | BA82: =+AR82+AS82+AU82+AW82+AY82+AZ82 -> 0
A84: 45885 | B84: Facial | C84: =(M84*E84*O84*Q84)/100000000 -> 48.97492 | D84: VP OW | E84: 13.5 | F84: 1 | G84: 1230 | H84: 0.22 | I84: 0.88 | J84: =E84*G84*(1-H84)*1440/1000000*2.74 -> 51.103017 | K84: =(IF(G84<L84,L84,G84)*(1-IF(H84<N84,H84,N84))*E84*O84*Q84)/100000000 -> 49.610958 | L84: 1230 | M84: 947.1 | N84: =1-(M84/L84) -> 0.23 | O84: =+'Trim Rwd'!H52 -> 266 | P84: =O84*(Q84-R84-S84) -> 366548 | Q84: 1440 | R84: 0 | S84: 62 | T84: =E84*M84*O84*Q84/100000000 -> 48.97492 | U84: =E84*M84*O84*(Q84-R84-S84)/100000000 -> 46.866277 | V84: =E84*G84*(1-N84)*O84/100*(R84+S84)/1000000 -> 2.1086424 | W84: =+'16'!K11/1000 -> 45.956 | X84: =SUM(W84:W88)/SUM(K84:K88) -> 0.92632761 | Y84: 0 | Z84: =+'16'!D16/1000 -> 0.56 | AA84: =SUM(U84:U88)-SUM(W84:W88)-SUM(Z84:Z88)-SUM(Y84:Y88) -> 0.35027746 | AB84: =(SUM(K84:K88)-SUM(W84:W88)-SUM(Y84:Y88)-SUM(Z84:Z88)-SUM(AC84:AC88)-SUM(V84:V88))-AA84 -> -4.4408921e-16 | AC84: =K84-T84 -> 0.63603792 | AD84: =+AM84+BA84 -> 8 | AE84: - Sheet Breaks (4x) | AF84: 8 | AM84: =SUM(AF84:AL84)+AT84+AV84+AX84 -> 8 | AR84: =SUM(AN84:AQ84) -> 0 | BA84: =+AR84+AS84+AU84+AW84+AY84+AZ84 -> 0 | BB84: 4
AD85: =+AM85+BA85 -> 16 | AE85: - Change Blade (8x) | AG85: 16 | AM85: =SUM(AF85:AL85)+AT85+AV85+AX85 -> 16 | AR85: =SUM(AN85:AQ85) -> 0 | BA85: =+AR85+AS85+AU85+AW85+AY85+AZ85 -> 0 | BC85: 8
AD86: =+AM86+BA86 -> 38 | AE86: - Change Spool (28x) | AH86: 38 | AM86: =SUM(AF86:AL86)+AT86+AV86+AX86 -> 38 | AR86: =SUM(AN86:AQ86) -> 0 | BA86: =+AR86+AS86+AU86+AW86+AY86+AZ86 -> 0
AD87: =+AM87+BA87 -> 0 | AE87: - Cleaning | AI87: 0 | AM87: =SUM(AF87:AL87)+AT87+AV87+AX87 -> 0 | AR87: =SUM(AN87:AQ87) -> 0 | BA87: =+AR87+AS87+AU87+AW87+AY87+AZ87 -> 0
A89: 45886 | B89: Facial | C89: =(M89*E89*O89*Q89)/100000000 -> 30.439273 | D89: VP OW | E89: 13.5 | F89: 1 | G89: 1230 | H89: 0.22 | I89: 0.88 | J89: =E89*G89*(1-H89)*1440/1000000*2.74 -> 51.103017 | K89: =(IF(G89<L89,L89,G89)*(1-IF(H89<N89,H89,N89))*E89*O89*Q89)/100000000 -> 30.834588 | L89: 1230 | M89: 947.1 | N89: =1-(M89/L89) -> 0.23 | O89: =+'Trim Rwd'!H54 -> 266 | P89: =O89*(Q89-R89-S89) -> 227962 | Q89: 895 | R89: 0 | S89: 38 | T89: =E89*M89*O89*Q89/100000000 -> 30.439273 | U89: =E89*M89*O89*(Q89-R89-S89)/100000000 -> 29.146879 | V89: =E89*G89*(1-N89)*O89/100*(R89+S89)/1000000 -> 1.2923937 | W89: =+'17'!K11/1000 -> 30.589 | X89: =SUM(W89:W93)/SUM(K89:K93) -> 0.92867599 | Y89: 0 | Z89: =+'15'!D35/1000 -> 6.8311447e-06 | AA89: =SUM(U89:U93)-SUM(W89:W93)-SUM(Z89:Z93)-SUM(Y89:Y93) -> 0.8955369 | AB89: =(SUM(K89:K93)-SUM(W89:W93)-SUM(Y89:Y93)-SUM(Z89:Z93)-SUM(AC89:AC93)-SUM(V89:V93))-AA89 -> -1.9984014e-15 | AC89: =K89-T89 -> 0.39531524 | AD89: =+AM89+BA89 -> 9 | AE89: - Sheet Breaks (3x) | AF89: 9 | AM89: =SUM(AF89:AL89)+AT89+AV89+AX89 -> 9 | AR89: =SUM(AN89:AQ89) -> 0 | BA89: =+AR89+AS89+AU89+AW89+AY89+AZ89 -> 0 | BB89: 3
B90: Facial | C90: =(M90*E90*O90*Q90)/100000000 -> 16.259339 | D90: VP OW | E90: 12 | F90: 1 | G90: 1230 | H90: 0.23 | I90: 0.88 | J90: =E90*G90*(1-H90)*1440/1000000*2.74 -> 44.842533 | K90: =(IF(G90<L90,L90,G90)*(1-IF(H90<N90,H90,N90))*E90*O90*Q90)/100000000 -> 16.259339 | L90: 1230 | M90: 947.1 | N90: =1-(M90/L90) -> 0.23 | O90: =+'Trim Rwd'!H55 -> 262.5 | P90: =O90*(Q90-R90-S90) -> 136237.5 | Q90: 545 | R90: 0 | S90: 26 | T90: =E90*M90*O90*Q90/100000000 -> 16.259339 | U90: =E90*M90*O90*(Q90-R90-S90)/100000000 -> 15.483664 | V90: =E90*G90*(1-N90)*O90/100*(R90+S90)/1000000 -> 0.7756749 | W90: =+'17'!K13/1000 -> 13.146 | AD90: =+AM90+BA90 -> 16 | AE90: - Change Blade (6x) | AG90: 16 | AM90: =SUM(AF90:AL90)+AT90+AV90+AX90 -> 16 | AR90: =SUM(AN90:AQ90) -> 0 | BA90: =+AR90+AS90+AU90+AW90+AY90+AZ90 -> 0 | BC90: 6
AD91: =+AM91+BA91 -> 39 | AE91: - Change Spool (27x) | AH91: 39 | AM91: =SUM(AF91:AL91)+AT91+AV91+AX91 -> 39 | AR91: =SUM(AN91:AQ91) -> 0 | BA91: =+AR91+AS91+AU91+AW91+AY91+AZ91 -> 0
AD92: =+AM92+BA92 -> 0 | AE92: - Cleaning | AI92: 0 | AM92: =SUM(AF92:AL92)+AT92+AV92+AX92 -> 0 | AR92: =SUM(AN92:AQ92) -> 0 | BA92: =+AR92+AS92+AU92+AW92+AY92+AZ92 -> 0
A94: 45887 | B94: Facial | C94: =(M94*E94*O94*Q94)/100000000 -> 38.067737 | D94: VP OW | E94: 12 | F94: 1 | G94: 1230 | H94: 0.23 | I94: 0.88 | J94: =E94*G94*(1-H94)*1440/1000000*2.74 -> 44.842533 | K94: =(IF(G94<L94,L94,G94)*(1-IF(H94<N94,H94,N94))*E94*O94*Q94)/100000000 -> 38.067737 | L94: 1230 | M94: 947.1 | N94: =1-(M94/L94) -> 0.23 | O94: =+'Trim Rwd'!H58 -> 262.5 | P94: =O94*(Q94-R94-S94) -> 322875 | Q94: 1276 | R94: 0 | S94: 46 | T94: =E94*M94*O94*Q94/100000000 -> 38.067737 | U94: =E94*M94*O94*(Q94-R94-S94)/100000000 -> 36.695389 | V94: =E94*G94*(1-N94)*O94/100*(R94+S94)/1000000 -> 1.3723479 | W94: =+'18'!K13/1000 -> 41.093 | X94: =SUM(W94:W98)/SUM(K94:K98) -> 0.99878775 | Y94: 0 | Z94: 0 | AA94: =SUM(U94:U98)-SUM(W94:W98)-SUM(Z94:Z98)-SUM(Y94:Y98) -> -1.6403632 | AB94: =(SUM(K94:K98)-SUM(W94:W98)-SUM(Y94:Y98)-SUM(Z94:Z98)-SUM(AC94:AC98)-SUM(V94:V98))-AA94 -> 0.067394652 | AC94: =K94-T94 -> 0 | AD94: =+AM94+BA94 -> 0 | AE94: - Sheet Breaks (0x) | AF94: 0 | AM94: =SUM(AF94:AL94)+AT94+AV94+AX94 -> 0 | AR94: =SUM(AN94:AQ94) -> 0 | BA94: =+AR94+AS94+AU94+AW94+AY94+AZ94 -> 0 | BB94: 0
B95: Facial | C95: =(M95*E95*O95*Q95)/100000000 -> 5.1893882 | D95: VP OW | E95: 13 | F95: 1 | G95: 1230 | H95: 0.22 | I95: 0.88 | J95: =E95*G95*(1-H95)*1440/1000000*2.74 -> 49.210312 | K95: =(IF(G95<L95,L95,G95)*(1-IF(H95<N95,H95,N95))*E95*O95*Q95)/100000000 -> 5.2567829 | L95: 1230 | M95: 947.1 | N95: =1-(M95/L95) -> 0.23 | O95: =+'Trim Rwd'!H57 -> 257 | P95: =O95*(Q95-R95-S95) -> 40092 | Q95: 164 | R95: 0 | S95: 8 | T95: =E95*M95*O95*Q95/100000000 -> 5.1893882 | U95: =E95*M95*O95*(Q95-R95-S95)/100000000 -> 4.9362473 | V95: =E95*G95*(1-N95)*O95/100*(R95+S95)/1000000 -> 0.25314089 | W95: =+'18'!K12/1000 -> 2.179 | AD95: =+AM95+BA95 -> 8 | AE95: - Change Blade (4x) | AG95: 8 | AM95: =SUM(AF95:AL95)+AT95+AV95+AX95 -> 8 | AR95: =SUM(AN95:AQ95) -> 0 | BA95: =+AR95+AS95+AU95+AW95+AY95+AZ95 -> 0 | BC95: 4
AD96: =+AM96+BA96 -> 46 | AE96: - Change Spool (27x) | AH96: 46 | AM96: =SUM(AF96:AL96)+AT96+AV96+AX96 -> 46 | AR96: =SUM(AN96:AQ96) -> 0 | BA96: =+AR96+AS96+AU96+AW96+AY96+AZ96 -> 0
AD97: =+AM97+BA97 -> 0 | AE97: - Cleaning | AI97: 0 | AM97: =SUM(AF97:AL97)+AT97+AV97+AX97 -> 0 | AR97: =SUM(AN97:AQ97) -> 0 | BA97: =+AR97+AS97+AU97+AW97+AY97+AZ97 -> 0
A99: 45888 | B99: Facial | C99: =(M99*E99*O99*Q99)/100000000 -> 45.016274 | D99: VP OW | E99: 13 | F99: 1 | G99: 1230 | H99: 0.22 | I99: 0.88 | J99: =E99*G99*(1-H99)*1440/1000000*2.74 -> 49.210312 | K99: =(IF(G99<L99,L99,G99)*(1-IF(H99<N99,H99,N99))*E99*O99*Q99)/100000000 -> 46.157118 | L99: 1215.1779 | M99: 935.68696 | N99: =1-(M99/L99) -> 0.23 | O99: =+'Trim Rwd'!H60 -> 257 | P99: =O99*(Q99-R99-S99) -> 303774 | Q99: 1440 | R99: =60+30+115 -> 205 | S99: 53 | T99: =E99*M99*O99*Q99/100000000 -> 45.016274 | U99: =E99*M99*O99*(Q99-R99-S99)/100000000 -> 36.950858 | V99: =E99*G99*(1-N99)*O99/100*(R99+S99)/1000000 -> 8.1637936 | W99: =+'19'!K12/1000 -> 34.768 | X99: =SUM(W99:W103)/SUM(K99:K103) -> 0.75325327 | Y99: 0 | Z99: =+'15'!D45/1000 -> 0 | AA99: =SUM(U99:U103)-SUM(W99:W103)-SUM(Z99:Z103)-SUM(Y99:Y103) -> 2.182858 | AB99: =(SUM(K99:K103)-SUM(W99:W103)-SUM(Y99:Y103)-SUM(Z99:Z103)-SUM(AC99:AC103)-SUM(V99:V103))-AA99 -> -0.098377924 | AC99: =K99-T99 -> 1.140844 | AD99: =+AM99+BA99 -> 24 | AE99: - Sheet Breaks (9x) | AF99: 24 | AM99: =SUM(AF99:AL99)+AT99+AV99+AX99 -> 24 | AR99: =SUM(AN99:AQ99) -> 0 | BA99: =+AR99+AS99+AU99+AW99+AY99+AZ99 -> 0 | BB99: 9
AD100: =+AM100+BA100 -> 0 | AE100: - Change Blade (0x) | AG100: 0 | AM100: =SUM(AF100:AL100)+AT100+AV100+AX100 -> 0 | AR100: =SUM(AN100:AQ100) -> 0 | BA100: =+AR100+AS100+AU100+AW100+AY100+AZ100 -> 0 | BC100: 0
AD101: =+AM101+BA101 -> 29 | AE101: - Change Spool (26x) | AH101: 29 | AM101: =SUM(AF101:AL101)+AT101+AV101+AX101 -> 29 | AR101: =SUM(AN101:AQ101) -> 0 | BA101: =+AR101+AS101+AU101+AW101+AY101+AZ101 -> 0
AD102: =+AM102+BA102 -> 90 | AE102: - Cleaning hole | AI102: 0 | AM102: =SUM(AF102:AL102)+AT102+AV102+AX102 -> 0 | AN102: =60+30 -> 90 | AR102: =SUM(AN102:AQ102) -> 90 | BA102: =+AR102+AS102+AU102+AW102+AY102+AZ102 -> 90
AD103: =+AM103+BA103 -> 115 | AE103: - 16:00 selesai bilas felt dan wire , MED ganti crossjoint SPR | AM103: =SUM(AF103:AL103)+AT103+AV103+AX103 -> 0 | AO103: 115 | AR103: =SUM(AN103:AQ103) -> 115 | BA103: =+AR103+AS103+AU103+AW103+AY103+AZ103 -> 115 | BF103: 1
A105: 45889 | B105: Facial | C105: =(M105*E105*O105*Q105)/100000000 -> 17.890784 | D105: VP OW | E105: 13 | F105: 1 | G105: 1230 | H105: 0.22 | I105: 0.88 | J105: =E105*G105*(1-H105)*1440/1000000*2.74 -> 49.210312 | K105: =(IF(G105<L105,L105,G105)*(1-IF(H105<N105,H105,N105))*E105*O105*Q105)/100000000 -> 18.123132 | L105: 1230 | M105: 947.1 | N105: =1-(M105/L105) -> 0.23 | O105: =+'Trim Rwd'!H62 -> 258.55556 | P105: =O105*(Q105-R105-S105) -> 136258.78 | Q105: 562 | R105: 0 | S105: 35 | T105: =E105*M105*O105*Q105/100000000 -> 17.890784 | U105: =E105*M105*O105*(Q105-R105-S105)/100000000 -> 16.776589 | V105: =E105*G105*(1-N105)*O105/100*(R105+S105)/1000000 -> 1.1141947 | W105: =+'20'!K12/1000 -> 17.715 | X105: =SUM(W105:W108)/SUM(K105:K108) -> 0.93323278 | Y105: 0 | Z105: 0 | AA105: =SUM(U105:U108)-SUM(W105:W108)-SUM(Z105:Z108)-SUM(Y105:Y108) -> -0.10595454 | AB105: =(SUM(K105:K108)-SUM(W105:W108)-SUM(Y105:Y108)-SUM(Z105:Z108)-SUM(AC105:AC108)-SUM(V105:V108))-AA105 -> 1.8873791e-15 | AC105: =K105-T105 -> 0.23234785 | AD105: =+AM105+BA105 -> 32 | AE105: - Sheet Breaks (12x) | AF105: 32 | AM105: =SUM(AF105:AL105)+AT105+AV105+AX105 -> 32 | AR105: =SUM(AN105:AQ105) -> 0 | BA105: =+AR105+AS105+AU105+AW105+AY105+AZ105 -> 0 | BB105: 12
B106: Facial | C106: =(M106*E106*O106*Q106)/100000000 -> 25.854106 | D106: VP OW | E106: 12 | F106: 1 | G106: 1230 | H106: 0.23 | I106: 0.88 | J106: =E106*G106*(1-H106)*1440/1000000*2.74 -> 44.842533 | K106: =(IF(G106<L106,L106,G106)*(1-IF(H106<N106,H106,N106))*E106*O106*Q106)/100000000 -> 25.854106 | L106: 1230 | M106: 947.1 | N106: =1-(M106/L106) -> 0.23 | O106: =+'Trim Rwd'!H64 -> 259.09434 | P106: =O106*(Q106-R106-S106) -> 216084.68 | Q106: 878 | R106: 0 | S106: 44 | T106: =E106*M106*O106*Q106/100000000 -> 25.854106 | U106: =E106*M106*O106*(Q106-R106-S106)/100000000 -> 24.558456 | V106: =E106*G106*(1-N106)*O106/100*(R106+S106)/1000000 -> 1.29565 | W106: =+'20'!K13/1000 -> 23.326 | Z106: =+'20'!D25/1000 -> 0.4 | AD106: =+AM106+BA106 -> 0 | AE106: - Change Blade (0x) | AG106: 0 | AM106: =SUM(AF106:AL106)+AT106+AV106+AX106 -> 0 | AR106: =SUM(AN106:AQ106) -> 0 | BA106: =+AR106+AS106+AU106+AW106+AY106+AZ106 -> 0 | BC106: 0
AD107: =+AM107+BA107 -> 47 | AE107: - Change Spool (33x) | AH107: 47 | AM107: =SUM(AF107:AL107)+AT107+AV107+AX107 -> 47 | AR107: =SUM(AN107:AQ107) -> 0 | BA107: =+AR107+AS107+AU107+AW107+AY107+AZ107 -> 0
A109: 45890 | B109: Facial | C109: =(M109*E109*O109*Q109)/100000000 -> 11.181538 | D109: VP OW | E109: 13 | F109: 1 | G109: 1230 | H109: 0.22 | I109: 0.88 | J109: =E109*G109*(1-H109)*1440/1000000*2.74 -> 49.210312 | K109: =(IF(G109<L109,L109,G109)*(1-IF(H109<N109,H109,N109))*E109*O109*Q109)/100000000 -> 11.326753 | L109: 1230 | M109: 947.1 | N109: =1-(M109/L109) -> 0.23 | O109: =+'Trim Rwd'!H67 -> 264 | P109: =O109*(Q109-R109-S109) -> 85536 | Q109: 344 | R109: 0 | S109: 20 | T109: =E109*M109*O109*Q109/100000000 -> 11.181538 | U109: =E109*M109*O109*(Q109-R109-S109)/100000000 -> 10.531449 | V109: =E109*G109*(1-N109)*O109/100*(R109+S109)/1000000 -> 0.65008944 | W109: =+'21'!K12/1000 -> 15.503 | X109: =SUM(W109:W112)/SUM(K109:K112) -> 0.95190322 | Y109: 0 | Z109: =+'15'!D55/1000 -> 0 | AA109: =SUM(U109:U112)-SUM(W109:W112)-SUM(Z109:Z112)-SUM(Y109:Y112) -> -0.16955317 | AB109: =(SUM(K109:K112)-SUM(W109:W112)-SUM(Y109:Y112)-SUM(Z109:Z112)-SUM(AC109:AC112)-SUM(V109:V112))-AA109 -> 1.7763568e-15 | AC109: =K109-T109 -> 0.14521478 | AD109: =+AM109+BA109 -> 24 | AE109: - Sheet Breaks (8x) | AF109: 24 | AM109: =SUM(AF109:AL109)+AT109+AV109+AX109 -> 24 | AR109: =SUM(AN109:AQ109) -> 0 | BA109: =+AR109+AS109+AU109+AW109+AY109+AZ109 -> 0 | BB109: 8
B110: Facial | C110: =(M110*E110*O110*Q110)/100000000 -> 32.69768 | D110: VP OW | E110: 12 | F110: 1 | G110: 1230 | H110: 0.23 | I110: 0.88 | J110: =E110*G110*(1-H110)*1440/1000000*2.74 -> 44.842533 | K110: =(IF(G110<L110,L110,G110)*(1-IF(H110<N110,H110,N110))*E110*O110*Q110)/100000000 -> 32.69768 | L110: 1230 | M110: 947.1 | N110: =1-(M110/L110) -> 0.23 | O110: =+'Trim Rwd'!H68 -> 262.5 | P110: =O110*(Q110-R110-S110) -> 274575 | Q110: 1096 | R110: 0 | S110: 50 | T110: =E110*M110*O110*Q110/100000000 -> 32.69768 | U110: =E110*M110*O110*(Q110-R110-S110)/100000000 -> 31.205998 | V110: =E110*G110*(1-N110)*O110/100*(R110+S110)/1000000 -> 1.4916825 | W110: =+'21'!K13/1000 -> 26.404 | Z110: =+'20'!D29/1000 -> 0 | AD110: =+AM110+BA110 -> 6 | AE110: - Change Blade (3x) | AG110: 6 | AM110: =SUM(AF110:AL110)+AT110+AV110+AX110 -> 6 | AR110: =SUM(AN110:AQ110) -> 0 | BA110: =+AR110+AS110+AU110+AW110+AY110+AZ110 -> 0 | BC110: 3
AD111: =+AM111+BA111 -> 40 | AE111: - Change Spool (37x) | AH111: 40 | AM111: =SUM(AF111:AL111)+AT111+AV111+AX111 -> 40 | AR111: =SUM(AN111:AQ111) -> 0 | BA111: =+AR111+AS111+AU111+AW111+AY111+AZ111 -> 0
A113: 45891 | B113: Facial | C113: =(M113*E113*O113*Q113)/100000000 -> 24.614119 | D113: VP OW | E113: 12 | F113: 1 | G113: 1230 | H113: 0.23 | I113: 0.88 | J113: =E113*G113*(1-H113)*1440/1000000*2.74 -> 44.842533 | K113: =(IF(G113<L113,L113,G113)*(1-IF(H113<N113,H113,N113))*E113*O113*Q113)/100000000 -> 24.614119 | L113: 1230 | M113: 947.1 | N113: =1-(M113/L113) -> 0.23 | O113: =+'Trim Rwd'!H70 -> 263.79348 | P113: =O113*(Q113-R113-S113) -> 206550.29 | Q113: 821 | R113: 0 | S113: 38 | T113: =E113*M113*O113*Q113/100000000 -> 24.614119 | U113: =E113*M113*O113*(Q113-R113-S113)/100000000 -> 23.474854 | V113: =E113*G113*(1-N113)*O113/100*(R113+S113)/1000000 -> 1.1392649 | W113: =+'22'!K13/1000 -> 28.232 | X113: =SUM(W113:W116)/SUM(K113:K116) -> 1.0052665 | Y113: 0 | Z113: =+'15'!D59/1000 -> 0 | AA113: =SUM(U113:U116)-SUM(W113:W116)-SUM(Z113:Z116)-SUM(Y113:Y116) -> -2.3069907 | AB113: =(SUM(K113:K116)-SUM(W113:W116)-SUM(Y113:Y116)-SUM(Z113:Z116)-SUM(AC113:AC116)-SUM(V113:V116))-AA113 -> 0 | AC113: =K113-T113 -> 0 | AD113: =+AM113+BA113 -> 16 | AE113: - Sheet Breaks (8x) | AF113: 16 | AM113: =SUM(AF113:AL113)+AT113+AV113+AX113 -> 16 | AR113: =SUM(AN113:AQ113) -> 0 | BA113: =+AR113+AS113+AU113+AW113+AY113+AZ113 -> 0 | BB113: 8
B114: Toilet | C114: =(M114*E114*O114*Q114)/100000000 -> 19.918353 | D114: VP OW | E114: 13 | F114: 1 | G114: 1230 | H114: 0.22 | I114: 0.88 | J114: =E114*G114*(1-H114)*1440/1000000*2.74 -> 49.210312 | K114: =(IF(G114<L114,L114,G114)*(1-IF(H114<N114,H114,N114))*E114*O114*Q114)/100000000 -> 19.918353 | L114: 1230 | M114: 959.4 | N114: =1-(M114/L114) -> 0.22 | O114: =+'Trim Rwd'!H72 -> 258 | P114: =O114*(Q114-R114-S114) -> 152220 | Q114: 619 | R114: 0 | S114: =67-S113 -> 29 | T114: =E114*M114*O114*Q114/100000000 -> 19.918353 | U114: =E114*M114*O114*(Q114-R114-S114)/100000000 -> 18.985183 | V114: =E114*G114*(1-N114)*O114/100*(R114+S114)/1000000 -> 0.93317 | W114: =+'22'!K7/1000 -> 16.535 | Z114: =+'20'!D33/1000 -> 2.7538726e-05 | AD114: =+AM114+BA114 -> 6 | AE114: - Change Blade (2x) | AG114: 6 | AM114: =SUM(AF114:AL114)+AT114+AV114+AX114 -> 6 | AR114: =SUM(AN114:AQ114) -> 0 | BA114: =+AR114+AS114+AU114+AW114+AY114+AZ114 -> 0 | BC114: 2
AD115: =+AM115+BA115 -> 45 | AE115: - Change Spool (29x) | AH115: 45 | AM115: =SUM(AF115:AL115)+AT115+AV115+AX115 -> 45 | AR115: =SUM(AN115:AQ115) -> 0 | BA115: =+AR115+AS115+AU115+AW115+AY115+AZ115 -> 0
A117: 45892 | B117: Toilet | C117: =(M117*E117*O117*Q117)/100000000 -> 46.138697 | D117: VP OW | E117: 13 | F117: 1 | G117: 1230 | H117: =+N117 -> 0.22333333 | I117: 0.88 | J117: =E117*G117*(1-H117)*1440/1000000*2.74 -> 49.000012 | K117: =(IF(G117<L117,L117,G117)*(1-IF(H117<N117,H117,N117))*E117*O117*Q117)/100000000 -> 46.138697 | L117: 1230 | M117: 955.3 | N117: =1-(M117/L117) -> 0.22333333 | O117: =+'Trim Rwd'!H74 -> 258 | P117: =O117*(Q117-R117-S117) -> 355782 | Q117: 1440 | R117: 0 | S117: 61 | T117: =E117*M117*O117*Q117/100000000 -> 46.138697 | U117: =E117*M117*O117*(Q117-R117-S117)/100000000 -> 44.184211 | V117: =E117*G117*(1-N117)*O117/100*(R117+S117)/1000000 -> 1.9544865 | W117: =+'23'!K7/1000 -> 41.916 | X117: =SUM(W117:W121)/SUM(K117:K121) -> 0.90847819 | Y117: 0 | Z117: =+'23'!D34/1000 -> 0.57 | AA117: =SUM(U117:U121)-SUM(W117:W121)-SUM(Z117:Z121)-SUM(Y117:Y121) -> 1.6982108 | AB117: =(SUM(K117:K121)-SUM(W117:W121)-SUM(Y117:Y121)-SUM(Z117:Z121)-SUM(AC117:AC121)-SUM(V117:V121))-AA117 -> -6.4392935e-15 | AC117: =K117-T117 -> 0 | AD117: =+AM117+BA117 -> 16 | AE117: - Sheet Breaks (7x) | AF117: 16 | AM117: =SUM(AF117:AL117)+AT117+AV117+AX117 -> 16 | AR117: =SUM(AN117:AQ117) -> 0 | BA117: =+AR117+AS117+AU117+AW117+AY117+AZ117 -> 0 | BB117: 7
AD118: =+AM118+BA118 -> 2 | AE118: - Change Blade (1x) | AG118: 2 | AM118: =SUM(AF118:AL118)+AT118+AV118+AX118 -> 2 | AR118: =SUM(AN118:AQ118) -> 0 | BA118: =+AR118+AS118+AU118+AW118+AY118+AZ118 -> 0 | BC118: 1
AD119: =+AM119+BA119 -> 43 | AE119: - Change Spool (27x) | AH119: 43 | AM119: =SUM(AF119:AL119)+AT119+AV119+AX119 -> 43 | AR119: =SUM(AN119:AQ119) -> 0 | BA119: =+AR119+AS119+AU119+AW119+AY119+AZ119 -> 0
AD120: =+AM120+BA120 -> 0 | AE120: - Cleaning | AI120: 0 | AM120: =SUM(AF120:AL120)+AT120+AV120+AX120 -> 0 | AR120: =SUM(AN120:AQ120) -> 0 | BA120: =+AR120+AS120+AU120+AW120+AY120+AZ120 -> 0
A122: 45893 | B122: Toilet | C122: =(M122*E122*O122*Q122)/100000000 -> 46.336717 | D122: VP OW | E122: 13 | F122: 1 | G122: 1230 | H122: 0.22 | I122: 0.88 | J122: =E122*G122*(1-H122)*1440/1000000*2.74 -> 49.210312 | K122: =(IF(G122<L122,L122,G122)*(1-IF(H122<N122,H122,N122))*E122*O122*Q122)/100000000 -> 46.336717 | L122: 1230 | M122: 959.4 | N122: =1-(M122/L122) -> 0.22 | O122: =+'Trim Rwd'!H76 -> 258 | P122: =O122*(Q122-R122-S122) -> 356814 | Q122: 1440 | R122: 0 | S122: 57 | T122: =E122*M122*O122*Q122/100000000 -> 46.336717 | U122: =E122*M122*O122*(Q122-R122-S122)/100000000 -> 44.502556 | V122: =E122*G122*(1-N122)*O122/100*(R122+S122)/1000000 -> 1.8341617 | W122: =+'24'!K7/1000 -> 44.849 | X122: =SUM(W122:W126)/SUM(K122:K126) -> 0.96789334 | Y122: 0 | Z122: 0 | AA122: =SUM(U122:U126)-SUM(W122:W126)-SUM(Z122:Z126)-SUM(Y122:Y126) -> -0.34644429 | AB122: =(SUM(K122:K126)-SUM(W122:W126)-SUM(Y122:Y126)-SUM(Z122:Z126)-SUM(AC122:AC126)-SUM(V122:V126))-AA122 -> -1.7763568e-15 | AC122: =K122-T122 -> 0 | AD122: =+AM122+BA122 -> 14 | AE122: - Sheet Breaks (6x) | AF122: 14 | AM122: =SUM(AF122:AL122)+AT122+AV122+AX122 -> 14 | AR122: =SUM(AN122:AQ122) -> 0 | BA122: =+AR122+AS122+AU122+AW122+AY122+AZ122 -> 0 | BB122: 6
AD123: =+AM123+BA123 -> 4 | AE123: - Change Blade (2x) | AG123: 4 | AM123: =SUM(AF123:AL123)+AT123+AV123+AX123 -> 4 | AR123: =SUM(AN123:AQ123) -> 0 | BA123: =+AR123+AS123+AU123+AW123+AY123+AZ123 -> 0 | BC123: 2
AD124: =+AM124+BA124 -> 39 | AE124: - Change Spool (29x) | AH124: 39 | AM124: =SUM(AF124:AL124)+AT124+AV124+AX124 -> 39 | AR124: =SUM(AN124:AQ124) -> 0 | BA124: =+AR124+AS124+AU124+AW124+AY124+AZ124 -> 0
...

Sheet Chem
A4: CHEMICAL DAILY REPORT PM 14
F5: Paper Mill's Chemicals | GD5: Deinking's Chemicals | KT5: Paper mill's Chemicals | KU5: Deinking's Chemicals
A6: DATE | B6: GRADE | C6: GSM | D6: REEL PROD (TON) | E6: REW PROD (TON) | F6: AMIBOND DS 947 | I6: AMIBOND WS 418 | L6: WSR RESIN P-5500 | O6: AMICIDE BX 9127 | R6: AMICIDE BX 9160 | U6: AMICIDE BX 9193 | X6: AMICIDE BX 9226 | AA6: AMICIDE BX 9347 | AD6: AMICLEAN AP 1797 | AG6: AMICLEAN AP 1817 | AJ6: AMICLEAN AP 2048 | AM6: AMICOAT TC 6101 | AP6: AMICOAT TC 6218 | AS6: AMICOAT TC 6407 | AV6: AMICOAT TM 6123 | AY6: AMICOAT TR 6112 | BB6: AMICOAT TR 6113 | BE6: AMICOAT TR 6159 | BH6: AMICOAT TR 6248 | BK6: AMIFLOC 737 | BN6: AMIPAC AP 8511 | BQ6: AMISOFT 6538 | BT6: AMISPERSE AP 8826 | BW6: ANEDIR BLUE 2R LIQ | BZ6: CAUSTIC SODA CAIR 48% | CC6: DEKATOGEN SDC-60 | CF6: FENNOPOL K 9952 | CI6: HIDROGEN PEROXIDE | CL6: INDOSIZE CR 835 | CO6: KAPORIT 60% | CR6: KAPORIT 65% | CU6: NGR 900 | CX6: NGR MULTIPAC 120 | DA6: PAC - 280SP | DD6: PAPYRASE LIL | DG6: PERGASOL VIOLET BN LIQ | DJ6: PEWARNA MAKANAN PINK | DM6: SODIUM TIO SULPHATE | DP6: SOLSA SPRAY 550 | DS6: SUCOLITE SP 210 | DV6: TCCA POWDER | DY6: XYLENE | EB6: EPOSTRONG | EE6: SODIUM HYPOCHLORID | EH6: Detac DC779F | EK6: CHEMZYME CL | GD6: PAPYRASE IL | GG6: DEKAINK | GJ6: DI 370/DKF 250 | GM6: ELTEXIN | GP6: ELTEBRIGHT BL 1000 | GS6: SOLMIX L40 | GV6: CHEMBRIGHT C LIQUID | GY6: K-Bright Liquid | HB6: CAUSTIC SODA CAIR 48% | HE6: TCCA POWDER | HH6: SUCOLITE SP 210 | HK6: AMIPAC AP 8511 | HN6: NGR 200 | HQ6: NGR 900 | HT6: ANEDIR YELLOW BKL | HW6: ANEDIR RED BKL | HZ6: ANEDIR BLACK L LIQ | IC6: ANEDIR BROWN CC-04 LIQ | IF6: Anedir Brown cc-03 | II6: FENNOPOL K 9952 | IL6: KAPORIT 60% | IO6: KAPORIT 65% | IR6: DEKATOGEN SDC-60 | IU6: DEKAWET NA30 | IX6: PAC - 280SP | JA6: Burstrong Fixing Agent | JD6: DI N40 | JG6: CHROMACLEAR | JJ6: DFR 810S
F7: Pemakaian | H7: Price | I7: Pemakaian | K7: Price | L7: Pemakaian | N7: Price | O7: Pemakaian | Q7: Price | R7: Pemakaian | T7: Price | U7: Pemakaian | W7: Price | X7: Pemakaian | Z7: Price | AA7: Pemakaian | AC7: Price | AD7: Pemakaian | AF7: Price | AG7: Pemakaian | AI7: Price | AJ7: Pemakaian | AL7: Price | AM7: Pemakaian | AO7: Price | AP7: Pemakaian | AR7: Price | AS7: Pemakaian | AU7: Price | AV7: Pemakaian | AX7: Price | AY7: Pemakaian | BA7: Price | BB7: Pemakaian | BD7: Price | BE7: Pemakaian | BG7: Price | BH7: Pemakaian | BJ7: Price | BK7: Pemakaian | BM7: Price | BN7: Pemakaian | BP7: Price | BQ7: Pemakaian | BS7: Price | BT7: Pemakaian | BV7: Price | BW7: Pemakaian | BY7: Price | BZ7: Pemakaian | CB7: Price | CC7: Pemakaian | CE7: Price | CF7: Pemakaian | CH7: Price | CI7: Pemakaian | CK7: Price | CL7: Pemakaian | CN7: Price | CO7: Pemakaian | CQ7: Price | CR7: Pemakaian | CT7: Price | CU7: Pemakaian | CW7: Price | CX7: Pemakaian | CZ7: Price | DA7: Pemakaian | DC7: Price | DD7: Pemakaian | DF7: Price | DG7: Pemakaian | DI7: Price | DJ7: Pemakaian | DL7: Price | DM7: Pemakaian | DO7: Price | DP7: Pemakaian | DR7: Price | DS7: Pemakaian | DU7: Price | DV7: Pemakaian | DX7: Price | DY7: Pemakaian | EA7: Price | EB7: Pemakaian | ED7: Price | EE7: Pemakaian | EG7: Price | EH7: Pemakaian | EJ7: Price | EK7: Pemakaian | EM7: Price | EN7: Pemakaian | EP7: Price | EQ7: Pemakaian | ES7: Price | ET7: Pemakaian | EV7: Price | EW7: Pemakaian | EY7: Price | EZ7: Pemakaian | FB7: Price | FC7: Pemakaian | FE7: Price | FF7: Pemakaian | FH7: Price | FI7: Pemakaian | FK7: Price | FL7: Pemakaian | FN7: Price | FO7: Pemakaian | FQ7: Price | FR7: Pemakaian | FT7: Price | FU7: Pemakaian | FW7: Price | FX7: Pemakaian | FZ7: Price | GA7: Pemakaian | GC7: Price | GD7: Pemakaian | GF7: Price | GG7: Pemakaian | GI7: Price | GJ7: Pemakaian | GL7: Price | GM7: Pemakaian | GO7: Price | GP7: Pemakaian | GR7: Price | GS7: Pemakaian | GU7: Price | GV7: Pemakaian | GX7: Price | GY7: Pemakaian | HA7: Price | HB7: Pemakaian | HD7: Price | HE7: Pemakaian | HG7: Price | HH7: Pemakaian | HJ7: Price | HK7: Pemakaian | HM7: Price | HN7: Pemakaian | HP7: Price | HQ7: Pemakaian | HS7: Price | HT7: Pemakaian | HV7: Price | HW7: Pemakaian | HY7: Price | HZ7: Pemakaian | IB7: Price | IC7: Pemakaian | IE7: Price | IF7: Pemakaian | IH7: Price | II7: Pemakaian | IK7: Price | IL7: Pemakaian | IN7: Price | IO7: Pemakaian | IQ7: Price | IR7: Pemakaian | IT7: Price | IU7: Pemakaian | IW7: Price | IX7: Pemakaian | IZ7: Price | JA7: Pemakaian | JC7: Price | JD7: Pemakaian | JF7: Price | JG7: Pemakaian | JI7: Price | JJ7: Pemakaian | JL7: Price | JM7: Pemakaian | JO7: Price | JP7: Pemakaian | JR7: Price | JS7: Pemakaian | JU7: Price | JV7: Pemakaian | JX7: Price | JY7: Pemakaian | KA7: Price | KB7: Pemakaian | KD7: Price | KE7: Pemakaian | KG7: Price | KH7: Pemakaian | KJ7: Price | KK7: Pemakaian | KM7: Price | KN7: Pemakaian | KP7: Price | KQ7: Pemakaian | KS7: Price
F8: Qty | G8: Kg/ton | I8: Qty | J8: Kg/ton | L8: Qty | M8: Kg/ton | O8: Qty | P8: Kg/ton | R8: Qty | S8: Kg/ton | U8: Qty | V8: Kg/ton | X8: Qty | Y8: Kg/ton | AA8: Qty | AB8: Kg/ton | AD8: Qty | AE8: Kg/ton | AG8: Qty | AH8: Kg/ton | AJ8: Qty | AK8: Kg/ton | AM8: Qty | AN8: Kg/ton | AP8: Qty | AQ8: Kg/ton | AS8: Qty | AT8: Kg/ton | AV8: Qty | AW8: Kg/ton | AY8: Qty | AZ8: Kg/ton | BB8: Qty | BC8: Kg/ton | BE8: Qty | BF8: Kg/ton | BH8: Qty | BI8: Kg/ton | BK8: Qty | BL8: Kg/ton | BN8: Qty | BO8: Kg/ton | BQ8: Qty | BR8: Kg/ton | BT8: Qty | BU8: Kg/ton | BW8: Qty | BX8: Kg/ton | BZ8: Qty | CA8: Kg/ton | CC8: Qty | CD8: Kg/ton | CF8: Qty | CG8: Kg/ton | CI8: Qty | CJ8: Kg/ton | CL8: Qty | CM8: Kg/ton | CO8: Qty | CP8: Kg/ton | CR8: Qty | CS8: Kg/ton | CU8: Qty | CV8: Kg/ton | CX8: Qty | CY8: Kg/ton | DA8: Qty | DB8: Kg/ton | DD8: Qty | DE8: Kg/ton | DG8: Qty | DH8: Kg/ton | DJ8: Qty | DK8: Kg/ton | DM8: Qty | DN8: Kg/ton | DP8: Qty | DQ8: Kg/ton | DS8: Qty | DT8: Kg/ton | DV8: Qty | DW8: Kg/ton | DY8: Qty | DZ8: Kg/ton | EB8: Qty | EC8: Kg/ton | EE8: Qty | EF8: Kg/ton | EH8: Qty | EI8: Kg/ton | EK8: Qty | EL8: Kg/ton | EN8: Qty | EO8: Kg/ton | EQ8: Qty | ER8: Kg/ton | ET8: Qty | EU8: Kg/ton | EW8: Qty | EX8: Kg/ton | EZ8: Qty | FA8: Kg/ton | FC8: Qty | FD8: Kg/ton | FF8: Qty | FG8: Kg/ton | FI8: Qty | FJ8: Kg/ton | FL8: Qty | FM8: Kg/ton | FO8: Qty | FP8: Kg/ton | FR8: Qty | FS8: Kg/ton | FU8: Qty | FV8: Kg/ton | FX8: Qty | FY8: Kg/ton | GA8: Qty | GB8: Kg/ton | GD8: Qty | GE8: Kg/ton | GG8: Qty | GH8: Kg/ton | GJ8: Qty | GK8: Kg/ton | GM8: Qty | GN8: Kg/ton | GP8: Qty | GQ8: Kg/ton | GS8: Qty | GT8: Kg/ton | GV8: Qty | GW8: Kg/ton | GY8: Qty | GZ8: Kg/ton | HB8: Qty | HC8: Kg/ton | HE8: Qty | HF8: Kg/ton | HH8: Qty | HI8: Kg/ton | HK8: Qty | HL8: Kg/ton | HN8: Qty | HO8: Kg/ton | HQ8: Qty | HR8: Kg/ton | HT8: Qty | HU8: Kg/ton | HW8: Qty | HX8: Kg/ton | HZ8: Qty | IA8: Kg/ton | IC8: Qty | ID8: Kg/ton | IF8: Qty | IG8: Kg/ton | II8: Qty | IJ8: Kg/ton | IL8: Qty | IM8: Kg/ton | IO8: Qty | IP8: Kg/ton | IR8: Qty | IS8: Kg/ton | IU8: Qty | IV8: Kg/ton | IX8: Qty | IY8: Kg/ton | JA8: Qty | JB8: Kg/ton | JD8: Qty | JE8: Kg/ton | JG8: Qty | JH8: Kg/ton | JJ8: Qty | JK8: Kg/ton | JL8: 0 | JM8: Qty | JN8: Kg/ton | JO8: 0 | JP8: Qty | JQ8: Kg/ton | JR8: 0 | JS8: Qty | JT8: Kg/ton | JU8: 0 | JV8: Qty | JW8: Kg/ton | JX8: 0 | JY8: Qty | JZ8: Kg/ton | KA8: 0 | KB8: Qty | KC8: Kg/ton | KD8: 0 | KE8: Qty | KF8: Kg/ton | KG8: 0 | KH8: Qty | KI8: Kg/ton | KJ8: 0 | KK8: Qty | KL8: Kg/ton | KM8: 0 | KN8: Qty | KO8: Kg/ton | KP8: 0 | KQ8: Qty | KR8: Kg/ton | KS8: 0
