Workbook

Sheet eff all value

Sheet Report1
A3: PAPER MACHINE 14 DAILY REPORT 1
A6: Date | B6: Grade | C6: GSM | D6: Speed yankee (mpm) | E6: Speed reel (mpm) | F6: Creep ( % ) | G6: Real Eff PM ( % ) | H6: Real Eff PM vs Target (%) | I6: Real Eff FG vs Real Eff PM (%) | J6: Eff FG vs Target (%) | L6: Kapasitas Target (ton) | N6: Kapasitas Teori Real (ton) | P6: PM PROD Timbangan (TON) | R6: FINSHED GOODS (TON) | T6: GAS HOOD | Z6: STEAM (TON) | AF6: POWER (kWh) | BA6: Kapasitas Running (ton) | BC6: Eff FG vs Target Running(%)
T7: CONSUMPTION | V7: /TON PM. | X7: /TON FG. | Z7: CONSUMPTION | AB7: /TON PM. | AD7: /TON FG. | AF7: CONSUMPTION | AH7: /TON PM | AJ7: /TON FG | AL7: Gas based on report DCS | AO7: total | AP7: Flowmeter | AQ7: Selisih | AR7: % pengali | AU7: Adjust | AX7: PEMAKAIAN GAS
J8: TODAY | K8: TODATE | L8: TODAY | M8: TODATE | N8: TODAY | O8: TODATE | P8: TODAY | Q8: TODATE | R8: TODAY | S8: TODATE | T8: TODAY | U8: TODATE | V8: TODAY | W8: TODATE | X8: TODAY | Y8: TODATE | Z8: TODAY | AA8: TODATE | AB8: TODAY | AC8: TODATE | AD8: TODAY | AE8: TODATE | AF8: TODAY | AG8: TODATE | AH8: TODAY | AI8: TODATE | AJ8: TODAY | AK8: TODATE | AL8: 14 | AM8: 15 | AN8: 17 | AP8: PGN | AU8: 14 | AV8: 15 | AW8: 17 | AX8: 14 | AY8: 15 | AZ8: 17 | BA8: TODAY | BB8: TODATE | BC8: TODAY | BD8: TODATE
A9: 46113 | B9: Facial | C9: 11.5 | D9: =+'1'!F42 -> 1216.6667 | E9: =+'1'!G42 -> 924.66667 | F9: =1-(E9/D9) -> 0.24 | G9: =+P9/N9 -> 0.90643052 | H9: =+P9/L9 -> 0.8849605 | I9: =+R9/P9 -> 0.94666847 | J9: =+R9/L9 -> 0.8377642 | K9: =+S9/M9 -> 0.8377642 | L9: =+Efficiency1!K6 -> 41.719376 | M9: =L9 -> 41.719376 | N9: =+Efficiency1!C6 -> 40.731197 | O9: =N9 -> 40.731197 | P9: ='1'!I38 -> 36.92 | Q9: =P9 -> 36.92 | R9: ='1'!I40 -> 34.951 | S9: =R9 -> 34.951 | T9: =+AX9 -> 5302.8351 | U9: =T9 -> 5302.8351 | V9: =T9/P9 -> 143.63042 | W9: =U9/Q9 -> 143.63042 | X9: =IF(AND(R9>0,T9>0),(T9/(R9*1000))*1000,0) -> 151.72198 | Y9: =IF(AND(S9>0,U9>0),U9/S9,0) -> 151.72198 | Z9: 54.2 | AA9: =Z9 -> 54.2 | AB9: =Z9/(P9) -> 1.468039 | AC9: =AA9/(Q9) -> 1.468039 | AD9: =IF(AND(R9>0,Z9>0),Z9/(R9),0) -> 1.5507425 | AE9: =IF(AND(S9>0,AA9>0),AA9/(S9),0) -> 1.5507425 | AF9: ='1'!I46 -> 36826.02 | AG9: =AF9 -> 36826.02 | AH9: =IF(AND(L9>0,AF9>0),(AF9/(P9*1000)*1000),0) -> 997.4545 | AI9: =IF(AND(M9>0,AG9>0),(AG9/(Q9*1000)*1000),0) -> 997.4545 | AJ9: =IF(AND(R9>0,AF9>0),(AF9/(R9*1000)*1000),0) -> 1053.6471 | AK9: =IF(AND(S9>0,AG9>0),(AG9/(S9*1000)*1000),0) -> 1053.6471 | AL9: 5217.9 | AM9: 1646.5 | AN9: 3837.4 | AO9: =SUM(AL9:AN9) -> 10701.8 | AP9: =+[1]Apr!N4 -> 10876 | AQ9: =+AP9-AO9 -> 174.2 | AR9: =+AL9/AO9 -> 0.48757218 | AS9: =+AM9/AO9 -> 0.15385262 | AT9: =1-AR9-AS9 -> 0.35857519 | AU9: =+AR9*AQ9 -> 84.935074 | AV9: =+AS9*AQ9 -> 26.801127 | AW9: =+AT9*AQ9 -> 62.463799 | AX9: =IFERROR(+AL9+AU9,"-") -> 5302.8351 | AY9: =IFERROR(+AM9+AV9,"-") -> 1673.3011 | AZ9: =IFERROR(+AN9+AW9,"-") -> 3899.8638 | BA9: =+Efficiency2!K6 -> 41.719376 | BB9: =BA9 -> 41.719376 | BC9: =+R9/BA9 -> 0.8377642 | BD9: =+S9/BB9 -> 0.8377642
A10: =A9+1 -> 46114 | B10: Facial | C10: 11.5 | D10: =+'2'!F42 -> 1230 | E10: =+'2'!G42 -> 934.8 | F10: =1-(E10/D10) -> 0.24 | G10: =+P10/N10 -> 0.93116237 | H10: =+P10/L10 -> 0.91906935 | I10: =+R10/P10 -> 0.97146806 | J10: =+R10/L10 -> 0.89284652 | K10: =+S10/M10 -> 0.86530536 | L10: =+Efficiency1!K11 -> 41.719376 | M10: =M9+L10 -> 83.438752 | N10: =+Efficiency1!C11 -> 41.177566 | O10: =O9+N10 -> 81.908763 | P10: ='2'!I38 -> 38.343 | Q10: =Q9+P10 -> 75.263 | R10: ='2'!I40 -> 37.249 | S10: =S9+R10 -> 72.2 | T10: =+AX10 -> 5521.5772 | U10: =T10+U9 -> 10824.412 | V10: =T10/P10 -> 144.00483 | W10: =U10/Q10 -> 143.82116 | X10: =IF(AND(R10>0,T10>0),(T10/(R10*1000))*1000,0) -> 148.23424 | Y10: =IF(AND(S10>0,U10>0),U10/S10,0) -> 149.92261 | Z10: 53.3 | AA10: =Z10+AA9 -> 107.5 | AB10: =Z10/(P10) -> 1.3900842 | AC10: =AA10/(Q10) -> 1.4283247 | AD10: =IF(AND(R10>0,Z10>0),Z10/(R10),0) -> 1.4309109 | AE10: =IF(AND(S10>0,AA10>0),AA10/(S10),0) -> 1.4889197 | AF10: ='2'!I46 -> 38770.42 | AG10: =AF10+AG9 -> 75596.44 | AH10: =IF(AND(L10>0,AF10>0),(AF10/(P10*1000)*1000),0) -> 1011.1473 | AI10: =IF(AND(M10>0,AG10>0),(AG10/(Q10*1000)*1000),0) -> 1004.4303 | AJ10: =IF(AND(R10>0,AF10>0),(AF10/(R10*1000)*1000),0) -> 1040.8446 | AK10: =IF(AND(S10>0,AG10>0),(AG10/(S10*1000)*1000),0) -> 1047.0421 | AL10: 5210.5 | AM10: 5072.4 | AN10: 1984.7 | AO10: =SUM(AL10:AN10) -> 12267.6 | AP10: =+[1]Apr!N5 -> 13000 | AQ10: =+AP10-AO10 -> 732.4 | AR10: =+AL10/AO10 -> 0.4247367 | AS10: =+AM10/AO10 -> 0.41347941 | AT10: =1-AR10-AS10 -> 0.16178389 | AU10: =+AR10*AQ10 -> 311.07716 | AV10: =+AS10*AQ10 -> 302.83232 | AW10: =+AT10*AQ10 -> 118.49052 | AX10: =IFERROR(+AL10+AU10,"-") -> 5521.5772 | AY10: =IFERROR(+AM10+AV10,"-") -> 5375.2323 | AZ10: =IFERROR(+AN10+AW10,"-") -> 2103.1905 | BA10: =+Efficiency2!K11 -> 41.719376 | BB10: =BB9+BA10 -> 83.438752 | BC10: =+R10/BA10 -> 0.89284652 | BD10: =+S10/BB10 -> 0.86530536
A11: =A10+1 -> 46115 | B11: Facial | C11: 11.5 | D11: =+'3'!F42 -> 1230 | E11: =+'3'!G42 -> 934.8 | F11: =1-(E11/D11) -> 0.24 | G11: =+P11/N11 -> 0.91001008 | H11: =+P11/L11 -> 0.89819176 | I11: =+R11/P11 -> 0.99890585 | J11: =+R11/L11 -> 0.89720901 | K11: =+S11/M11 -> 0.87593991 | L11: =+Efficiency1!K16 -> 41.719376 | M11: =M10+L11 -> 125.15813 | N11: =+Efficiency1!C16 -> 41.177566 | O11: =O10+N11 -> 123.08633 | P11: ='3'!I38 -> 37.472 | Q11: =Q10+P11 -> 112.735 | R11: ='3'!I40 -> 37.431 | S11: =S10+R11 -> 109.631 | T11: =+AX11 -> 4681.461 | U11: =T11+U10 -> 15505.873 | V11: =T11/P11 -> 124.93224 | W11: =U11/Q11 -> 137.54267 | X11: =IF(AND(R11>0,T11>0),(T11/(R11*1000))*1000,0) -> 125.06909 | Y11: =IF(AND(S11>0,U11>0),U11/S11,0) -> 141.43694 | Z11: 57.9 | AA11: =Z11+AA10 -> 165.4 | AB11: =Z11/(P11) -> 1.5451537 | AC11: =AA11/(Q11) -> 1.4671575 | AD11: =IF(AND(R11>0,Z11>0),Z11/(R11),0) -> 1.5468462 | AE11: =IF(AND(S11>0,AA11>0),AA11/(S11),0) -> 1.5086974 | AF11: ='3'!I46 -> 39462.22 | AG11: =AF11+AG10 -> 115058.66 | AH11: =IF(AND(L11>0,AF11>0),(AF11/(P11*1000)*1000),0) -> 1053.1122 | AI11: =IF(AND(M11>0,AG11>0),(AG11/(Q11*1000)*1000),0) -> 1020.6117 | AJ11: =IF(AND(R11>0,AF11>0),(AF11/(R11*1000)*1000),0) -> 1054.2657 | AK11: =IF(AND(S11>0,AG11>0),(AG11/(S11*1000)*1000),0) -> 1049.5084 | AL11: 5238.8 | AM11: 5942.4 | AN11: 3414.6 | AO11: =SUM(AL11:AN11) -> 14595.8 | AP11: =+[1]Apr!N6 -> 13043 | AQ11: =+AP11-AO11 -> -1552.8 | AR11: =+AL11/AO11 -> 0.35892517 | AS11: =+AM11/AO11 -> 0.40713082 | AT11: =1-AR11-AS11 -> 0.23394401 | AU11: =+AR11*AQ11 -> -557.339 | AV11: =+AS11*AQ11 -> -632.19273 | AW11: =+AT11*AQ11 -> -363.26826 | AX11: =IFERROR(+AL11+AU11,"-") -> 4681.461 | AY11: =IFERROR(+AM11+AV11,"-") -> 5310.2073 | AZ11: =IFERROR(+AN11+AW11,"-") -> 3051.3317 | BA11: =+Efficiency2!K16 -> 41.719376 | BB11: =BB10+BA11 -> 125.15813 | BC11: =+R11/BA11 -> 0.89720901 | BD11: =+S11/BB11 -> 0.87593991
A12: =A11+1 -> 46116 | B12: Facial | C12: 11,5/14/13 | D12: =+'4'!F42 -> 1212.8958 | E12: =+'4'!G42 -> 915.86806 | F12: =1-(E12/D12) -> 0.24489142 | G12: =+P12/N12 -> 0.96184175 | H12: =+P12/L12 -> 0.92834966 | I12: =+R12/P12 -> 0.98834334 | J12: =+R12/L12 -> 0.91752821 | K12: =+S12/M12 -> 0.88707124 | L12: =+SUM(Efficiency1!K21:K23) -> 45.742463 | M12: =M11+L12 -> 170.90059 | N12: =+SUM(Efficiency1!C21:C23) -> 44.149674 | O12: =O11+N12 -> 167.236 | P12: ='4'!I38 -> 42.465 | Q12: =Q11+P12 -> 155.2 | R12: ='4'!I40 -> 41.97 | S12: =S11+R12 -> 151.601 | T12: =+AX12 -> 5076.3321 | U12: =T12+U11 -> 20582.205 | V12: =T12/P12 -> 119.54155 | W12: =U12/Q12 -> 132.6173 | X12: =IF(AND(R12>0,T12>0),(T12/(R12*1000))*1000,0) -> 120.95144 | Y12: =IF(AND(S12>0,U12>0),U12/S12,0) -> 135.76563 | Z12: 57.8 | AA12: =Z12+AA11 -> 223.2 | AB12: =Z12/(P12) -> 1.3611209 | AC12: =AA12/(Q12) -> 1.4381443 | AD12: =IF(AND(R12>0,Z12>0),Z12/(R12),0) -> 1.3771742 | AE12: =IF(AND(S12>0,AA12>0),AA12/(S12),0) -> 1.4722858 | AF12: ='4'!I46 -> 37387.38 | AG12: =AF12+AG11 -> 152446.04 | AH12: =IF(AND(L12>0,AF12>0),(AF12/(P12*1000)*1000),0) -> 880.42812 | AI12: =IF(AND(M12>0,AG12>0),(AG12/(Q12*1000)*1000),0) -> 982.25541 | AJ12: =IF(AND(R12>0,AF12>0),(AF12/(R12*1000)*1000),0) -> 890.81201 | AK12: =IF(AND(S12>0,AG12>0),(AG12/(S12*1000)*1000),0) -> 1005.5741 | AL12: 5363.6 | AM12: 5901.6 | AN12: =1214.4+1249.46+1272.4 -> 3736.26 | AO12: =SUM(AL12:AN12) -> 15001.46 | AP12: =+[1]Apr!N7 -> 14198 | AQ12: =+AP12-AO12 -> -803.46 | AR12: =+AL12/AO12 -> 0.35753853 | AS12: =+AM12/AO12 -> 0.39340171 | AT12: =1-AR12-AS12 -> 0.24905976 | AU12: =+AR12*AQ12 -> -287.26791 | AV12: =+AS12*AQ12 -> -316.08254 | AW12: =+AT12*AQ12 -> -200.10955 | AX12: =IFERROR(+AL12+AU12,"-") -> 5076.3321 | AY12: =IFERROR(+AM12+AV12,"-") -> 5585.5175 | AZ12: =IFERROR(+AN12+AW12,"-") -> 3536.1504 | BA12: =+SUM(Efficiency2!K21:K23) -> 45.742463 | BB12: =BB11+BA12 -> 170.90059 | BC12: =+R12/BA12 -> 0.91752821 | BD12: =+S12/BB12 -> 0.88707124
A13: =A12+1 -> 46117 | B13: Facial | C13: 11,5 | D13: =+'5'!F42 -> 1230 | E13: =+'5'!G42 -> 934.8 | F13: =1-(E13/D13) -> 0.24 | G13: =+P13/N13 -> 0.94808906 | H13: =+P13/L13 -> 0.93577622 | I13: =+R13/P13 -> 1.0063781 | J13: =+R13/L13 -> 0.94174467 | K13: =+S13/M13 -> 0.89779903 | L13: =+Efficiency1!K26 -> 41.719376 | M13: =M12+L13 -> 212.61997 | N13: =+Efficiency1!C26 -> 41.177566 | O13: =O12+N13 -> 208.41357 | P13: ='5'!I38 -> 39.04 | Q13: =Q12+P13 -> 194.24 | R13: ='5'!I40 -> 39.289 | S13: =S12+R13 -> 190.89 | T13: =+AX13 -> 5122.2748 | U13: =T13+U12 -> 25704.48 | V13: =T13/P13 -> 131.20581 | W13: =U13/Q13 -> 132.33361 | X13: =IF(AND(R13>0,T13>0),(T13/(R13*1000))*1000,0) -> 130.37427 | Y13: =IF(AND(S13>0,U13>0),U13/S13,0) -> 134.65598 | Z13: 57.5 | AA13: =Z13+AA12 -> 280.7 | AB13: =Z13/(P13) -> 1.4728484 | AC13: =AA13/(Q13) -> 1.4451194 | AD13: =IF(AND(R13>0,Z13>0),Z13/(R13),0) -> 1.463514 | AE13: =IF(AND(S13>0,AA13>0),AA13/(S13),0) -> 1.4704804 | AF13: ='5'!I46 -> 38874.88 | AG13: =AF13+AG12 -> 191320.92 | AH13: =IF(AND(L13>0,AF13>0),(AF13/(P13*1000)*1000),0) -> 995.77049 | AI13: =IF(AND(M13>0,AG13>0),(AG13/(Q13*1000)*1000),0) -> 984.97179 | AJ13: =IF(AND(R13>0,AF13>0),(AF13/(R13*1000)*1000),0) -> 989.45965 | AK13: =IF(AND(S13>0,AG13>0),(AG13/(S13*1000)*1000),0) -> 1002.2574 | AL13: 5413.4 | AM13: 5904.6 | AN13: =1221.41+1098.43+1271.99 -> 3591.83 | AO13: =SUM(AL13:AN13) -> 14909.83 | AP13: =+[1]Apr!N8 -> 14108 | AQ13: =+AP13-AO13 -> -801.83 | AR13: =+AL13/AO13 -> 0.3630759 | AS13: =+AM13/AO13 -> 0.39602061 | AT13: =1-AR13-AS13 -> 0.24090348 | AU13: =+AR13*AQ13 -> -291.12515 | AV13: =+AS13*AQ13 -> -317.54121 | AW13: =+AT13*AQ13 -> -193.16364 | AX13: =IFERROR(+AL13+AU13,"-") -> 5122.2748 | AY13: =IFERROR(+AM13+AV13,"-") -> 5587.0588 | AZ13: =IFERROR(+AN13+AW13,"-") -> 3398.6664 | BA13: =+Efficiency2!K26 -> 41.719376 | BB13: =BB12+BA13 -> 212.61997 | BC13: =+R13/BA13 -> 0.94174467 | BD13: =+S13/BB13 -> 0.89779903
A14: =A13+1 -> 46118 | B14: Facial | C14: 11,5/12/14 | D14: =+'6'!F42 -> 1170.5 | E14: =+'6'!G42 -> 881.02688 | F14: =1-(E14/D14) -> 0.24730724 | G14: =+P14/N14 -> 0.93506328 | H14: =+P14/L14 -> 0.88710293 | I14: =+R14/P14 -> 0.93972365 | J14: =+R14/L14 -> 0.83363161 | K14: =+S14/M14 -> 0.88621722 | L14: =+SUM(Efficiency1!K31:K33) -> 46.828839 | M14: =M13+L14 -> 259.44881 | N14: =+SUM(Efficiency1!C31:C33) -> 44.42694 | O14: =O13+N14 -> 252.84051 | P14: ='6'!I38 -> 41.542 | Q14: =Q13+P14 -> 235.782 | R14: ='6'!I40 -> 39.038 | S14: =S13+R14 -> 229.928 | T14: =+AX14 -> 5263.1643 | U14: =T14+U13 -> 30967.644 | V14: =T14/P14 -> 126.69501 | W14: =U14/Q14 -> 131.34016 | X14: =IF(AND(R14>0,T14>0),(T14/(R14*1000))*1000,0) -> 134.82157 | Y14: =IF(AND(S14>0,U14>0),U14/S14,0) -> 134.68409 | Z14: 55.5 | AA14: =Z14+AA13 -> 336.2 | AB14: =Z14/(P14) -> 1.3359973 | AC14: =AA14/(Q14) -> 1.4258934 | AD14: =IF(AND(R14>0,Z14>0),Z14/(R14),0) -> 1.4216917 | AE14: =IF(AND(S14>0,AA14>0),AA14/(S14),0) -> 1.4621969 | AF14: ='6'!I46 -> 37800.9 | AG14: =AF14+AG13 -> 229121.82 | AH14: =IF(AND(L14>0,AF14>0),(AF14/(P14*1000)*1000),0) -> 909.94415 | AI14: =IF(AND(M14>0,AG14>0),(AG14/(Q14*1000)*1000),0) -> 971.75281 | AJ14: =IF(AND(R14>0,AF14>0),(AF14/(R14*1000)*1000),0) -> 968.31036 | AK14: =IF(AND(S14>0,AG14>0),(AG14/(S14*1000)*1000),0) -> 996.49377 | AL14: 5537.9 | AM14: 5781.1 | AN14: 3748.5 | AO14: =SUM(AL14:AN14) -> 15067.5 | AP14: =+[1]Apr!N9 -> 14320 | AQ14: =+AP14-AO14 -> -747.5 | AR14: =+AL14/AO14 -> 0.36753941 | AS14: =+AM14/AO14 -> 0.38368011 | AT14: =1-AR14-AS14 -> 0.24878049 | AU14: =+AR14*AQ14 -> -274.73571 | AV14: =+AS14*AQ14 -> -286.80088 | AW14: =+AT14*AQ14 -> -185.96341 | AX14: =IFERROR(+AL14+AU14,"-") -> 5263.1643 | AY14: =IFERROR(+AM14+AV14,"-") -> 5494.2991 | AZ14: =IFERROR(+AN14+AW14,"-") -> 3562.5366 | BA14: =+SUM(Efficiency2!K31:K33) -> 46.828839 | BB14: =BB13+BA14 -> 259.44881 | BC14: =+R14/BA14 -> 0.83363161 | BD14: =+S14/BB14 -> 0.88621722
A15: =A14+1 -> 46119 | B15: Facial | C15: 14/16 | D15: =+'7'!F42 -> 1142.2569 | E15: =+'7'!G42 -> 856.69271 | F15: =1-(E15/D15) -> 0.25 | G15: =+P15/N15 -> 0.93800318 | H15: =+P15/L15 -> 0.8784989 | I15: =+R15/P15 -> 0.91731903 | J15: =+R15/L15 -> 0.80586376 | K15: =+S15/M15 -> 0.87335628 | L15: =+SUM(Efficiency1!K36:K37) -> 49.438878 | M15: =M14+L15 -> 308.88768 | N15: =+SUM(Efficiency1!C36:C37) -> 46.302615 | O15: =O14+N15 -> 299.14312 | P15: ='7'!I38 -> 43.432 | Q15: =Q14+P15 -> 279.214 | R15: ='7'!I40 -> 39.841 | S15: =S14+R15 -> 269.769 | T15: =+AX15 -> 5253.6523 | U15: =T15+U14 -> 36221.297 | V15: =T15/P15 -> 120.96271 | W15: =U15/Q15 -> 129.72593 | X15: =IF(AND(R15>0,T15>0),(T15/(R15*1000))*1000,0) -> 131.86547 | Y15: =IF(AND(S15>0,U15>0),U15/S15,0) -> 134.26782 | Z15: 53.2 | AA15: =Z15+AA14 -> 389.4 | AB15: =Z15/(P15) -> 1.2249033 | AC15: =AA15/(Q15) -> 1.3946292 | AD15: =IF(AND(R15>0,Z15>0),Z15/(R15),0) -> 1.3353078 | AE15: =IF(AND(S15>0,AA15>0),AA15/(S15),0) -> 1.4434572 | AF15: ='7'!I46 -> 35942.3 | AG15: =AF15+AG14 -> 265064.12 | AH15: =IF(AND(L15>0,AF15>0),(AF15/(P15*1000)*1000),0) -> 827.55342 | AI15: =IF(AND(M15>0,AG15>0),(AG15/(Q15*1000)*1000),0) -> 949.32246 | AJ15: =IF(AND(R15>0,AF15>0),(AF15/(R15*1000)*1000),0) -> 902.14352 | AK15: =IF(AND(S15>0,AG15>0),(AG15/(S15*1000)*1000),0) -> 982.5596 | AL15: 5502.1 | AM15: 5893.7 | AN15: 3736.5 | AO15: =SUM(AL15:AN15) -> 15132.3 | AP15: =+[1]Apr!N10 -> 14449 | AQ15: =+AP15-AO15 -> -683.3 | AR15: =+AL15/AO15 -> 0.36359972 | AS15: =+AM15/AO15 -> 0.38947814 | AT15: =1-AR15-AS15 -> 0.24692215 | AU15: =+AR15*AQ15 -> -248.44769 | AV15: =+AS15*AQ15 -> -266.13041 | AW15: =+AT15*AQ15 -> -168.7219 | AX15: =IFERROR(+AL15+AU15,"-") -> 5253.6523 | AY15: =IFERROR(+AM15+AV15,"-") -> 5627.5696 | AZ15: =IFERROR(+AN15+AW15,"-") -> 3567.7781 | BA15: =+SUM(Efficiency2!K36:K37) -> 49.438878 | BB15: =BB14+BA15 -> 308.88768 | BC15: =+R15/BA15 -> 0.80586376 | BD15: =+S15/BB15 -> 0.87335628
A16: =A15+1 -> 46120 | B16: Facial | C16: 14/16/15 | D16: =+'8'!F42 -> 1068.4306 | E16: =+'8'!G42 -> 801.32292 | F16: =1-(E16/D16) -> 0.25 | G16: =+P16/N16 -> 0.88555597 | H16: =+P16/L16 -> 0.8024395 | I16: =+R16/P16 -> 1.0180029 | J16: =+R16/L16 -> 0.81688571 | K16: =+S16/M16 -> 0.86494481 | L16: =+SUM(Efficiency1!K41:K43) -> 54.062643 | M16: =M15+L16 -> 362.95033 | N16: =+SUM(Efficiency1!C41:C43) -> 48.988434 | O16: =O15+N16 -> 348.13156 | P16: ='8'!I38 -> 43.382 | Q16: =Q15+P16 -> 322.596 | R16: ='8'!I40 -> 44.163 | S16: =S15+R16 -> 313.932 | T16: =+AX16 -> 4908.8077 | U16: =T16+U15 -> 41130.105 | V16: =T16/P16 -> 113.1531 | W16: =U16/Q16 -> 127.49726 | X16: =IF(AND(R16>0,T16>0),(T16/(R16*1000))*1000,0) -> 111.15204 | Y16: =IF(AND(S16>0,U16>0),U16/S16,0) -> 131.01597 | Z16: 53 | AA16: =Z16+AA15 -> 442.4 | AB16: =Z16/(P16) -> 1.2217049 | AC16: =AA16/(Q16) -> 1.3713747 | AD16: =IF(AND(R16>0,Z16>0),Z16/(R16),0) -> 1.2000996 | AE16: =IF(AND(S16>0,AA16>0),AA16/(S16),0) -> 1.4092224 | AF16: ='8'!I46 -> 34232.92 | AG16: =AF16+AG15 -> 299297.04 | AH16: =IF(AND(L16>0,AF16>0),(AF16/(P16*1000)*1000),0) -> 789.10424 | AI16: =IF(AND(M16>0,AG16>0),(AG16/(Q16*1000)*1000),0) -> 927.77666 | AJ16: =IF(AND(R16>0,AF16>0),(AF16/(R16*1000)*1000),0) -> 775.14933 | AK16: =IF(AND(S16>0,AG16>0),(AG16/(S16*1000)*1000),0) -> 953.38175 | AL16: 5014.1 | AM16: 5359.2 | AN16: 3465.3 | AO16: =SUM(AL16:AN16) -> 13838.6 | AP16: =+[1]Apr!N11 -> 13548 | AQ16: =+AP16-AO16 -> -290.6 | AR16: =+AL16/AO16 -> 0.36232711 | AS16: =+AM16/AO16 -> 0.38726461 | AT16: =1-AR16-AS16 -> 0.25040828 | AU16: =+AR16*AQ16 -> -105.29226 | AV16: =+AS16*AQ16 -> -112.53909 | AW16: =+AT16*AQ16 -> -72.768646 | AX16: =IFERROR(+AL16+AU16,"-") -> 4908.8077 | AY16: =IFERROR(+AM16+AV16,"-") -> 5246.6609 | AZ16: =IFERROR(+AN16+AW16,"-") -> 3392.5314 | BA16: =+SUM(Efficiency2!K41:K43) -> 54.062643 | BB16: =BB15+BA16 -> 362.95033 | BC16: =+R16/BA16 -> 0.81688571 | BD16: =+S16/BB16 -> 0.86494481
A17: =A16+1 -> 46121 | B17: Facial/Toilet | C17: 15/14 | D17: =+'9'!F42 -> 828.96194 | E17: =+'9'!G42 -> 627.53045 | F17: =1-(E17/D17) -> 0.24299244 | G17: =+P17/N17 -> 0.12979927 | H17: =+P17/L17 -> 0.10809239 | I17: =+R17/P17 -> 0.70502092 | J17: =+R17/L17 -> 0.076207397 | K17: =+S17/M17 -> 0.76433591 | L17: =+SUM(Efficiency1!K46:K47) -> 53.065715 | M17: =M16+L17 -> 416.01604 | N17: =+SUM(Efficiency1!C46:C47) -> 44.191313 | O17: =O16+N17 -> 392.32287 | P17: ='9'!I38 -> 5.736 | Q17: =Q16+P17 -> 328.332 | R17: ='9'!I40 -> 4.044 | S17: =S16+R17 -> 317.976 | T17: =+AX17 -> 1236.6417 | U17: =T17+U16 -> 42366.746 | V17: =T17/P17 -> 215.59305 | W17: =U17/Q17 -> 129.0363 | X17: =IF(AND(R17>0,T17>0),(T17/(R17*1000))*1000,0) -> 305.79666 | Y17: =IF(AND(S17>0,U17>0),U17/S17,0) -> 133.23882 | Z17: 18.8 | AA17: =Z17+AA16 -> 461.2 | AB17: =Z17/(P17) -> 3.2775453 | AC17: =AA17/(Q17) -> 1.4046758 | AD17: =IF(AND(R17>0,Z17>0),Z17/(R17),0) -> 4.6488625 | AE17: =IF(AND(S17>0,AA17>0),AA17/(S17),0) -> 1.4504239 | AF17: ='9'!I46 -> 13614.78 | AG17: =AF17+AG16 -> 312911.82 | AH17: =IF(AND(L17>0,AF17>0),(AF17/(P17*1000)*1000),0) -> 2373.5669 | AI17: =IF(AND(M17>0,AG17>0),(AG17/(Q17*1000)*1000),0) -> 953.03479 | AJ17: =IF(AND(R17>0,AF17>0),(AF17/(R17*1000)*1000),0) -> 3366.6617 | AK17: =IF(AND(S17>0,AG17>0),(AG17/(S17*1000)*1000),0) -> 984.0737 | AL17: 1217.7 | AM17: 5022.5 | AN17: 3962.1 | AO17: =SUM(AL17:AN17) -> 10202.3 | AP17: =+[1]Apr!N12 -> 10361 | AQ17: =+AP17-AO17 -> 158.7 | AR17: =+AL17/AO17 -> 0.11935544 | AS17: =+AM17/AO17 -> 0.49229095 | AT17: =1-AR17-AS17 -> 0.38835361 | AU17: =+AR17*AQ17 -> 18.941708 | AV17: =+AS17*AQ17 -> 78.126574 | AW17: =+AT17*AQ17 -> 61.631717 | AX17: =IFERROR(+AL17+AU17,"-") -> 1236.6417 | AY17: =IFERROR(+AM17+AV17,"-") -> 5100.6266 | AZ17: =IFERROR(+AN17+AW17,"-") -> 4023.7317 | BA17: =+SUM(Efficiency2!K46:K47) -> 53.065715 | BB17: =BB16+BA17 -> 416.01604 | BC17: =+R17/BA17 -> 0.076207397 | BD17: =+S17/BB17 -> 0.76433591
A18: =A17+1 -> 46122 | B18: Toilet | C18: 14/13 | D18: =+'10'!F42 -> 1061.6319 | E18: =+'10'!G42 -> 795.1634 | F18: =1-(E18/D18) -> 0.25099899 | G18: =+P18/N18 -> 0.93970913 | H18: =+P18/L18 -> 0.80862187 | I18: =+R18/P18 -> 0.83141404 | J18: =+R18/L18 -> 0.67229958 | K18: =+S18/M18 -> 0.75535286 | L18: =+SUM(Efficiency1!K54:K55) -> 44.99631 | M18: =M17+L18 -> 461.01235 | N18: =+SUM(Efficiency1!C54:C55) -> 38.719428 | O18: =O17+N18 -> 431.0423 | P18: ='10'!I38 -> 36.385 | Q18: =Q17+P18 -> 364.717 | R18: ='10'!I40 -> 30.251 | S18: =S17+R18 -> 348.227 | T18: =+AX18 -> 4963.7775 | U18: =T18+U17 -> 47330.524 | V18: =T18/P18 -> 136.42373 | W18: =U18/Q18 -> 129.77329 | X18: =IF(AND(R18>0,T18>0),(T18/(R18*1000))*1000,0) -> 164.08639 | Y18: =IF(AND(S18>0,U18>0),U18/S18,0) -> 135.91859 | Z18: 59.3 | AA18: =Z18+AA17 -> 520.5 | AB18: =Z18/(P18) -> 1.6297925 | AC18: =AA18/(Q18) -> 1.4271339 | AD18: =IF(AND(R18>0,Z18>0),Z18/(R18),0) -> 1.9602658 | AE18: =IF(AND(S18>0,AA18>0),AA18/(S18),0) -> 1.4947147 | AF18: ='10'!I46 -> 33661.14 | AG18: =AF18+AG17 -> 346572.96 | AH18: =IF(AND(L18>0,AF18>0),(AF18/(P18*1000)*1000),0) -> 925.13783 | AI18: =IF(AND(M18>0,AG18>0),(AG18/(Q18*1000)*1000),0) -> 950.25173 | AJ18: =IF(AND(R18>0,AF18>0),(AF18/(R18*1000)*1000),0) -> 1112.7282 | AK18: =IF(AND(S18>0,AG18>0),(AG18/(S18*1000)*1000),0) -> 995.25011 | AL18: 5204.9 | AM18: 5839 | AN18: 3982.2 | AO18: =SUM(AL18:AN18) -> 15026.1 | AP18: =+[1]Apr!N13 -> 14330 | AQ18: =+AP18-AO18 -> -696.1 | AR18: =+AL18/AO18 -> 0.34639061 | AS18: =+AM18/AO18 -> 0.38859052 | AT18: =1-AR18-AS18 -> 0.26501887 | AU18: =+AR18*AQ18 -> -241.12251 | AV18: =+AS18*AQ18 -> -270.49786 | AW18: =+AT18*AQ18 -> -184.47963 | AX18: =IFERROR(+AL18+AU18,"-") -> 4963.7775 | AY18: =IFERROR(+AM18+AV18,"-") -> 5568.5021 | AZ18: =IFERROR(+AN18+AW18,"-") -> 3797.7204 | BA18: =+SUM(Efficiency2!K54:K55) -> 44.99631 | BB18: =BB17+BA18 -> 461.01235 | BC18: =+R18/BA18 -> 0.67229958 | BD18: =+S18/BB18 -> 0.75535286
A19: =A18+1 -> 46123 | B19: Toilet | C19: 13 | D19: =+'11'!F42 -> 1150.3403 | E19: =+'11'!G42 -> 862.75521 | F19: =1-(E19/D19) -> 0.25 | G19: =+P19/N19 -> 0.90342928 | H19: =+P19/L19 -> 0.84491958 | I19: =+R19/P19 -> 1.0446806 | J19: =+R19/L19 -> 0.88267107 | K19: =+S19/M19 -> 0.76657315 | L19: =+Efficiency1!K59 -> 44.554536 | M19: =M18+L19 -> 505.56689 | N19: =+Efficiency1!C59 -> 41.669006 | O19: =O18+N19 -> 472.7113 | P19: ='11'!I38 -> 37.645 | Q19: =Q18+P19 -> 402.362 | R19: ='11'!I40 -> 39.327 | S19: =S18+R19 -> 387.554 | T19: =+AX19 -> 5423.9287 | U19: =T19+U18 -> 52754.452 | V19: =T19/P19 -> 144.08099 | W19: =U19/Q19 -> 131.11192 | X19: =IF(AND(R19>0,T19>0),(T19/(R19*1000))*1000,0) -> 137.9187 | Y19: =IF(AND(S19>0,U19>0),U19/S19,0) -> 136.12155 | Z19: 58 | AA19: =Z19+AA18 -> 578.5 | AB19: =Z19/(P19) -> 1.5407093 | AC19: =AA19/(Q19) -> 1.43776 | AD19: =IF(AND(R19>0,Z19>0),Z19/(R19),0) -> 1.4748137 | AE19: =IF(AND(S19>0,AA19>0),AA19/(S19),0) -> 1.4926952 | AF19: ='11'!I46 -> 35799.66 | AG19: =AF19+AG18 -> 382372.62 | AH19: =IF(AND(L19>0,AF19>0),(AF19/(P19*1000)*1000),0) -> 950.98048 | AI19: =IF(AND(M19>0,AG19>0),(AG19/(Q19*1000)*1000),0) -> 950.31991 | AJ19: =IF(AND(R19>0,AF19>0),(AF19/(R19*1000)*1000),0) -> 910.30742 | AK19: =IF(AND(S19>0,AG19>0),(AG19/(S19*1000)*1000),0) -> 986.63056 | AL19: 5733.2 | AM19: 5877.2 | AN19: 4094.8 | AO19: =SUM(AL19:AN19) -> 15705.2 | AP19: =+[1]Apr!N14 -> 14858 | AQ19: =+AP19-AO19 -> -847.2 | AR19: =+AL19/AO19 -> 0.36505107 | AS19: =+AM19/AO19 -> 0.37422 | AT19: =1-AR19-AS19 -> 0.26072893 | AU19: =+AR19*AQ19 -> -309.27126 | AV19: =+AS19*AQ19 -> -317.03919 | AW19: =+AT19*AQ19 -> -220.88955 | AX19: =IFERROR(+AL19+AU19,"-") -> 5423.9287 | AY19: =IFERROR(+AM19+AV19,"-") -> 5560.1608 | AZ19: =IFERROR(+AN19+AW19,"-") -> 3873.9105 | BA19: =+Efficiency2!K59 -> 44.554536 | BB19: =BB18+BA19 -> 505.56689 | BC19: =+R19/BA19 -> 0.88267107 | BD19: =+S19/BB19 -> 0.76657315
A20: =A19+1 -> 46124 | B20: Toilet | C20: 13 | D20: =+'12'!F42 -> 1153.3333 | E20: =+'12'!G42 -> 865 | F20: =1-(E20/D20) -> 0.25 | G20: =+P20/N20 -> 0.92329771 | H20: =+P20/L20 -> 0.86574799 | I20: =+R20/P20 -> 0.91854406 | J20: =+R20/L20 -> 0.79522767 | K20: =+S20/M20 -> 0.76889389 | L20: =+Efficiency1!K64 -> 44.554536 | M20: =M19+L20 -> 550.12142 | N20: =+Efficiency1!C64 -> 41.777424 | O20: =O19+N20 -> 514.48873 | P20: ='12'!I38 -> 38.573 | Q20: =Q19+P20 -> 440.935 | R20: ='12'!I40 -> 35.431 | S20: =S19+R20 -> 422.985 | T20: =+AX20 -> 5412.663 | U20: =T20+U19 -> 58167.115 | V20: =T20/P20 -> 140.32258 | W20: =U20/Q20 -> 131.91766 | X20: =IF(AND(R20>0,T20>0),(T20/(R20*1000))*1000,0) -> 152.76631 | Y20: =IF(AND(S20>0,U20>0),U20/S20,0) -> 137.51579 | Z20: 57.9 | AA20: =Z20+AA19 -> 636.4 | AB20: =Z20/(P20) -> 1.50105 | AC20: =AA20/(Q20) -> 1.4432966 | AD20: =IF(AND(R20>0,Z20>0),Z20/(R20),0) -> 1.6341622 | AE20: =IF(AND(S20>0,AA20>0),AA20/(S20),0) -> 1.5045451 | AF20: ='12'!I46 -> 37064.16 | AG20: =AF20+AG19 -> 419436.78 | AH20: =IF(AND(L20>0,AF20>0),(AF20/(P20*1000)*1000),0) -> 960.88352 | AI20: =IF(AND(M20>0,AG20>0),(AG20/(Q20*1000)*1000),0) -> 951.24402 | AJ20: =IF(AND(R20>0,AF20>0),(AF20/(R20*1000)*1000),0) -> 1046.0941 | AK20: =IF(AND(S20>0,AG20>0),(AG20/(S20*1000)*1000),0) -> 991.61148 | AL20: 5685.8 | AM20: 5708.2 | AN20: 4047.8 | AO20: =SUM(AL20:AN20) -> 15441.8 | AP20: =+[1]Apr!N15 -> 14700 | AQ20: =+AP20-AO20 -> -741.8 | AR20: =+AL20/AO20 -> 0.36820837 | AS20: =+AM20/AO20 -> 0.36965898 | AT20: =1-AR20-AS20 -> 0.26213265 | AU20: =+AR20*AQ20 -> -273.13697 | AV20: =+AS20*AQ20 -> -274.21303 | AW20: =+AT20*AQ20 -> -194.45 | AX20: =IFERROR(+AL20+AU20,"-") -> 5412.663 | AY20: =IFERROR(+AM20+AV20,"-") -> 5433.987 | AZ20: =IFERROR(+AN20+AW20,"-") -> 3853.35 | BA20: =+Efficiency2!K64 -> 44.554536 | BB20: =BB19+BA20 -> 550.12142 | BC20: =+R20/BA20 -> 0.79522767 | BD20: =+S20/BB20 -> 0.76889389
A21: =A20+1 -> 46125 | B21: Toilet | C21: 13/12 | D21: =+'13'!F42 -> 1175.6071 | E21: =+'13'!G42 -> 881.70533 | F21: =1-(E21/D21) -> 0.25 | G21: =+P21/N21 -> 0.65726539 | H21: =+P21/L21 -> 0.62760289 | I21: =+R21/P21 -> 0.90486106 | J21: =+R21/L21 -> 0.56789342 | K21: =+S21/M21 -> 0.75388855 | L21: =+SUM(Efficiency1!K69:K70) -> 44.381567 | M21: =M20+L21 -> 594.50299 | N21: =+SUM(Efficiency1!C69:C70) -> 42.37862 | O21: =O20+N21 -> 556.86735 | P21: ='13'!I38 -> 27.854 | Q21: =Q20+P21 -> 468.789 | R21: ='13'!I40 -> 25.204 | S21: =S20+R21 -> 448.189 | T21: =+AX21 -> 4004.4803 | U21: =T21+U20 -> 62171.596 | V21: =T21/P21 -> 143.76679 | W21: =U21/Q21 -> 132.6217 | X21: =IF(AND(R21>0,T21>0),(T21/(R21*1000))*1000,0) -> 158.88273 | Y21: =IF(AND(S21>0,U21>0),U21/S21,0) -> 138.71736 | Z21: 41.6 | AA21: =Z21+AA20 -> 678 | AB21: =Z21/(P21) -> 1.4935018 | AC21: =AA21/(Q21) -> 1.4462797 | AD21: =IF(AND(R21>0,Z21>0),Z21/(R21),0) -> 1.6505317 | AE21: =IF(AND(S21>0,AA21>0),AA21/(S21),0) -> 1.5127547 | AF21: ='13'!I46 -> 30629.14 | AG21: =AF21+AG20 -> 450065.92 | AH21: =IF(AND(L21>0,AF21>0),(AF21/(P21*1000)*1000),0) -> 1099.6317 | AI21: =IF(AND(M21>0,AG21>0),(AG21/(Q21*1000)*1000),0) -> 960.06075 | AJ21: =IF(AND(R21>0,AF21>0),(AF21/(R21*1000)*1000),0) -> 1215.2492 | AK21: =IF(AND(S21>0,AG21>0),(AG21/(S21*1000)*1000),0) -> 1004.1878 | AL21: 4037.1 | AM21: 3057.9 | AN21: 1506.5 | AO21: =SUM(AL21:AN21) -> 8601.5 | AP21: =+[1]Apr!N16 -> 8532 | AQ21: =+AP21-AO21 -> -69.5 | AR21: =+AL21/AO21 -> 0.46934837 | AS21: =+AM21/AO21 -> 0.35550776 | AT21: =1-AR21-AS21 -> 0.17514387 | AU21: =+AR21*AQ21 -> -32.619712 | AV21: =+AS21*AQ21 -> -24.707789 | AW21: =+AT21*AQ21 -> -12.172499 | AX21: =IFERROR(+AL21+AU21,"-") -> 4004.4803 | AY21: =IFERROR(+AM21+AV21,"-") -> 3033.1922 | AZ21: =IFERROR(+AN21+AW21,"-") -> 1494.3275 | BA21: =+SUM(Efficiency2!K69:K70) -> 37.512743 | BB21: =BB20+BA21 -> 587.63417 | BC21: =+R21/BA21 -> 0.67187835 | BD21: =+S21/BB21 -> 0.76270072
A22: =A21+1 -> 46126 | B22: Toilet | C22: 12/13 | D22: =+'14'!F42 -> 1197.6667 | E22: =+'14'!G42 -> 927.805 | F22: =1-(E22/D22) -> 0.22532285 | G22: =+P22/N22 -> 0.97434424 | H22: =+P22/L22 -> 0.94870607 | I22: =+R22/P22 -> 1.0628406 | J22: =+R22/L22 -> 1.0083233 | K22: =+S22/M22 -> 0.77196118 | L22: =+SUM(Efficiency1!K75:K76) -> 45.45665 | M22: =M21+L22 -> 639.95964 | N22: =+SUM(Efficiency1!C75:C76) -> 44.260538 | O22: =O21+N22 -> 601.12789 | P22: ='14'!I38 -> 43.125 | Q22: =Q21+P22 -> 511.914 | R22: ='14'!I40 -> 45.835 | S22: =S21+R22 -> 494.024 | T22: =+AX22 -> 5600.2625 | U22: =T22+U21 -> 67771.858 | V22: =T22/P22 -> 129.86116 | W22: =U22/Q22 -> 132.38915 | X22: =IF(AND(R22>0,T22>0),(T22/(R22*1000))*1000,0) -> 122.1831 | Y22: =IF(AND(S22>0,U22>0),U22/S22,0) -> 137.18333 | Z22: 57.1 | AA22: =Z22+AA21 -> 735.1 | AB22: =Z22/(P22) -> 1.324058 | AC22: =AA22/(Q22) -> 1.4359834 | AD22: =IF(AND(R22>0,Z22>0),Z22/(R22),0) -> 1.2457729 | AE22: =IF(AND(S22>0,AA22>0),AA22/(S22),0) -> 1.4879844 | AF22: ='14'!I46 -> 37382.34 | AG22: =AF22+AG21 -> 487448.26 | AH22: =IF(AND(L22>0,AF22>0),(AF22/(P22*1000)*1000),0) -> 866.83687 | AI22: =IF(AND(M22>0,AG22>0),(AG22/(Q22*1000)*1000),0) -> 952.20732 | AJ22: =IF(AND(R22>0,AF22>0),(AF22/(R22*1000)*1000),0) -> 815.58503 | AK22: =IF(AND(S22>0,AG22>0),(AG22/(S22*1000)*1000),0) -> 986.68943 | AL22: 5853.7 | AM22: 4960.8 | AN22: 3535.8 | AO22: =SUM(AL22:AN22) -> 14350.3 | AP22: =+[1]Apr!N17 -> 13729 | AQ22: =+AP22-AO22 -> -621.3 | AR22: =+AL22/AO22 -> 0.40791482 | AS22: =+AM22/AO22 -> 0.34569312 | AT22: =1-AR22-AS22 -> 0.24639206 | AU22: =+AR22*AQ22 -> -253.43748 | AV22: =+AS22*AQ22 -> -214.77914 | AW22: =+AT22*AQ22 -> -153.08339 | AX22: =IFERROR(+AL22+AU22,"-") -> 5600.2625 | AY22: =IFERROR(+AM22+AV22,"-") -> 4746.0209 | AZ22: =IFERROR(+AN22+AW22,"-") -> 3382.7166 | BA22: =+SUM(Efficiency2!K75:K76) -> 45.45665 | BB22: =BB21+BA22 -> 633.09082 | BC22: =+R22/BA22 -> 1.0083233 | BD22: =+S22/BB22 -> 0.7803367
A23: =A22+1 -> 46127 | B23: Toilet | C23: 13 | D23: =+'15'!F42 -> 1200 | E23: =+'15'!G42 -> 936 | F23: =1-(E23/D23) -> 0.22 | G23: =+P23/N23 -> 1.0241697 | H23: =+P23/L23 -> 0.99918993 | I23: =+R23/P23 -> 0.95720182 | J23: =+R23/L23 -> 0.95642642 | K23: =+S23/M23 -> 0.78434819 | L23: =+Efficiency1!K80 -> 46.067318 | M23: =M22+L23 -> 686.02696 | N23: =+Efficiency1!C80 -> 44.943725 | O23: =O22+N23 -> 646.07161 | P23: ='15'!I38 -> 46.03 | Q23: =Q22+P23 -> 557.944 | R23: ='15'!I40 -> 44.06 | S23: =S22+R23 -> 538.084 | T23: =+AX23 -> 5610.6426 | U23: =T23+U22 -> 73382.501 | V23: =T23/P23 -> 121.891 | W23: =U23/Q23 -> 131.52306 | X23: =IF(AND(R23>0,T23>0),(T23/(R23*1000))*1000,0) -> 127.34096 | Y23: =IF(AND(S23>0,U23>0),U23/S23,0) -> 136.37741 | Z23: 59.4 | AA23: =Z23+AA22 -> 794.5 | AB23: =Z23/(P23) -> 1.2904627 | AC23: =AA23/(Q23) -> 1.423978 | AD23: =IF(AND(R23>0,Z23>0),Z23/(R23),0) -> 1.3481616 | AE23: =IF(AND(S23>0,AA23>0),AA23/(S23),0) -> 1.4765353 | AF23: ='15'!I46 -> 35852.36 | AG23: =AF23+AG22 -> 523300.62 | AH23: =IF(AND(L23>0,AF23>0),(AF23/(P23*1000)*1000),0) -> 778.89116 | AI23: =IF(AND(M23>0,AG23>0),(AG23/(Q23*1000)*1000),0) -> 937.90886 | AJ23: =IF(AND(R23>0,AF23>0),(AF23/(R23*1000)*1000),0) -> 813.71675 | AK23: =IF(AND(S23>0,AG23>0),(AG23/(S23*1000)*1000),0) -> 972.52589 | AL23: 5863.2 | AM23: 4593.9 | AN23: 4119.8 | AO23: =SUM(AL23:AN23) -> 14576.9 | AP23: =+[1]Apr!N18 -> 13949 | AQ23: =+AP23-AO23 -> -627.9 | AR23: =+AL23/AO23 -> 0.40222544 | AS23: =+AM23/AO23 -> 0.31514931 | AT23: =1-AR23-AS23 -> 0.28262525 | AU23: =+AR23*AQ23 -> -252.55735 | AV23: =+AS23*AQ23 -> -197.88225 | AW23: =+AT23*AQ23 -> -177.46039 | AX23: =IFERROR(+AL23+AU23,"-") -> 5610.6426 | AY23: =IFERROR(+AM23+AV23,"-") -> 4396.0177 | AZ23: =IFERROR(+AN23+AW23,"-") -> 3942.3396 | BA23: =+Efficiency2!K80 -> 46.067318 | BB23: =BB22+BA23 -> 679.15813 | BC23: =+R23/BA23 -> 0.95642642 | BD23: =+S23/BB23 -> 0.79228087
A24: =A23+1 -> 46128 | B24: Toilet | C24: 13 | D24: =+'16'!F42 -> 1200 | E24: =+'16'!G42 -> 936 | F24: =1-(E24/D24) -> 0.22 | G24: =+P24/N24 -> 1.0023424 | H24: =+P24/L24 -> 0.977895 | I24: =+R24/P24 -> 1.0353393 | J24: =+R24/L24 -> 1.0124531 | K24: =+S24/M24 -> 0.79870178 | L24: =+Efficiency1!K85 -> 46.067318 | M24: =M23+L24 -> 732.09428 | N24: =+Efficiency1!C85 -> 44.943725 | O24: =O23+N24 -> 691.01533 | P24: ='16'!I38 -> 45.049 | Q24: =Q23+P24 -> 602.993 | R24: ='16'!I40 -> 46.641 | S24: =S23+R24 -> 584.725 | T24: =+AX24 -> 5525.4348 | U24: =T24+U23 -> 78907.936 | V24: =T24/P24 -> 122.65388 | W24: =U24/Q24 -> 130.86045 | X24: =IF(AND(R24>0,T24>0),(T24/(R24*1000))*1000,0) -> 118.46733 | Y24: =IF(AND(S24>0,U24>0),U24/S24,0) -> 134.9488 | Z24: 59.6 | AA24: =Z24+AA23 -> 854.1 | AB24: =Z24/(P24) -> 1.3230038 | AC24: =AA24/(Q24) -> 1.4164344 | AD24: =IF(AND(R24>0,Z24>0),Z24/(R24),0) -> 1.2778457 | AE24: =IF(AND(S24>0,AA24>0),AA24/(S24),0) -> 1.4606866 | AF24: ='16'!I46 -> 38166.34 | AG24: =AF24+AG23 -> 561466.96 | AH24: =IF(AND(L24>0,AF24>0),(AF24/(P24*1000)*1000),0) -> 847.21836 | AI24: =IF(AND(M24>0,AG24>0),(AG24/(Q24*1000)*1000),0) -> 931.13346 | AJ24: =IF(AND(R24>0,AF24>0),(AF24/(R24*1000)*1000),0) -> 818.30021 | AK24: =IF(AND(S24>0,AG24>0),(AG24/(S24*1000)*1000),0) -> 960.22397 | AL24: 5815.7 | AM24: 5255.2 | AN24: 4202.4 | AO24: =SUM(AL24:AN24) -> 15273.3 | AP24: =+[1]Apr!N19 -> 14511 | AQ24: =+AP24-AO24 -> -762.3 | AR24: =+AL24/AO24 -> 0.3807756 | AS24: =+AM24/AO24 -> 0.34407757 | AT24: =1-AR24-AS24 -> 0.27514682 | AU24: =+AR24*AQ24 -> -290.26524 | AV24: =+AS24*AQ24 -> -262.29033 | AW24: =+AT24*AQ24 -> -209.74442 | AX24: =IFERROR(+AL24+AU24,"-") -> 5525.4348 | AY24: =IFERROR(+AM24+AV24,"-") -> 4992.9097 | AZ24: =IFERROR(+AN24+AW24,"-") -> 3992.6556 | BA24: =+Efficiency2!K85 -> 46.067318 | BB24: =BB23+BA24 -> 725.22545 | BC24: =+R24/BA24 -> 1.0124531 | BD24: =+S24/BB24 -> 0.80626652
A25: =A24+1 -> 46129 | B25: Toilet | C25: 13 | D25: =+'17'!F42 -> 1200 | E25: =+'17'!G42 -> 936 | F25: =1-(E25/D25) -> 0.22 | G25: =+P25/N25 -> 0.96013404 | H25: =+P25/L25 -> 0.93671614 | I25: =+R25/P25 -> 0.99089266 | J25: =+R25/L25 -> 0.92818514 | K25: =+S25/M25 -> 0.80636722 | L25: =+Efficiency1!K90 -> 46.067318 | M25: =M24+L25 -> 778.16159 | N25: =+Efficiency1!C90 -> 44.943725 | O25: =O24+N25 -> 735.95906 | P25: ='17'!I38 -> 43.152 | Q25: =Q24+P25 -> 646.145 | R25: ='17'!I40 -> 42.759 | S25: =S24+R25 -> 627.484 | T25: =+AX25 -> 5611.4259 | U25: =T25+U24 -> 84519.362 | V25: =T25/P25 -> 130.0386 | W25: =U25/Q25 -> 130.80556 | X25: =IF(AND(R25>0,T25>0),(T25/(R25*1000))*1000,0) -> 131.2338 | Y25: =IF(AND(S25>0,U25>0),U25/S25,0) -> 134.69564 | Z25: 60.1 | AA25: =Z25+AA24 -> 914.2 | AB25: =Z25/(P25) -> 1.3927512 | AC25: =AA25/(Q25) -> 1.4148527 | AD25: =IF(AND(R25>0,Z25>0),Z25/(R25),0) -> 1.405552 | AE25: =IF(AND(S25>0,AA25>0),AA25/(S25),0) -> 1.4569296 | AF25: ='17'!I46 -> 35349.84 | AG25: =AF25+AG24 -> 596816.8 | AH25: =IF(AND(L25>0,AF25>0),(AF25/(P25*1000)*1000),0) -> 819.19355 | AI25: =IF(AND(M25>0,AG25>0),(AG25/(Q25*1000)*1000),0) -> 923.65769 | AJ25: =IF(AND(R25>0,AF25>0),(AF25/(R25*1000)*1000),0) -> 826.7228 | AK25: =IF(AND(S25>0,AG25>0),(AG25/(S25*1000)*1000),0) -> 951.12672 | AL25: 5894.6 | AM25: 5313.4 | AN25: 4191.8 | AO25: =SUM(AL25:AN25) -> 15399.8 | AP25: =+[1]Apr!N20 -> 14660 | AQ25: =+AP25-AO25 -> -739.8 | AR25: =+AL25/AO25 -> 0.3827712 | AS25: =+AM25/AO25 -> 0.34503045 | AT25: =1-AR25-AS25 -> 0.27219834 | AU25: =+AR25*AQ25 -> -283.17414 | AV25: =+AS25*AQ25 -> -255.25353 | AW25: =+AT25*AQ25 -> -201.37233 | AX25: =IFERROR(+AL25+AU25,"-") -> 5611.4259 | AY25: =IFERROR(+AM25+AV25,"-") -> 5058.1465 | AZ25: =IFERROR(+AN25+AW25,"-") -> 3990.4277 | BA25: =+Efficiency2!K85 -> 46.067318 | BB25: =BB24+BA25 -> 771.29277 | BC25: =+R25/BA25 -> 0.92818514 | BD25: =+S25/BB25 -> 0.8135484
A26: =A25+1 -> 46130 | B26: Toilet | C26: 13/12/12,5 | D26: =+'18'!F42 -> 1196.9931 | E26: =+'18'!G42 -> 913.44587 | F26: =1-(E26/D26) -> 0.2368829 | G26: =+P26/N26 -> 0.95271096 | H26: =+P26/L26 -> 0.92714191 | I26: =+R26/P26 -> 0.8964115 | J26: =+R26/L26 -> 0.83110067 | K26: =+S26/M26 -> 0.80768412 | L26: =+SUM(Efficiency1!K95:K97) -> 43.762448 | M26: =M25+L26 -> 821.92404 | N26: =+SUM(Efficiency1!C95:C97) -> 42.587943 | O26: =O25+N26 -> 778.547 | P26: ='18'!I38 -> 40.574 | Q26: =Q25+P26 -> 686.719 | R26: ='18'!I40 -> 36.371 | S26: =S25+R26 -> 663.855 | T26: =+AX26 -> 5628.2594 | U26: =T26+U25 -> 90147.621 | V26: =T26/P26 -> 138.71591 | W26: =U26/Q26 -> 131.27294 | X26: =IF(AND(R26>0,T26>0),(T26/(R26*1000))*1000,0) -> 154.7458 | Y26: =IF(AND(S26>0,U26>0),U26/S26,0) -> 135.79414 | Z26: 58.8 | AA26: =Z26+AA25 -> 973 | AB26: =Z26/(P26) -> 1.4492039 | AC26: =AA26/(Q26) -> 1.4168823 | AD26: =IF(AND(R26>0,Z26>0),Z26/(R26),0) -> 1.6166726 | AE26: =IF(AND(S26>0,AA26>0),AA26/(S26),0) -> 1.4656815 | AF26: ='18'!I46 -> 34893.78 | AG26: =AF26+AG25 -> 631710.58 | AH26: =IF(AND(L26>0,AF26>0),(AF26/(P26*1000)*1000),0) -> 860.00345 | AI26: =IF(AND(M26>0,AG26>0),(AG26/(Q26*1000)*1000),0) -> 919.89676 | AJ26: =IF(AND(R26>0,AF26>0),(AF26/(R26*1000)*1000),0) -> 959.38467 | AK26: =IF(AND(S26>0,AG26>0),(AG26/(S26*1000)*1000),0) -> 951.57916 | AL26: 5927.8 | AM26: 5580.6 | AN26: 3468.4 | AO26: =SUM(AL26:AN26) -> 14976.8 | AP26: =+[1]Apr!N21 -> 14220 | AQ26: =+AP26-AO26 -> -756.8 | AR26: =+AL26/AO26 -> 0.39579884 | AS26: =+AM26/AO26 -> 0.37261631 | AT26: =1-AR26-AS26 -> 0.23158485 | AU26: =+AR26*AQ26 -> -299.54056 | AV26: =+AS26*AQ26 -> -281.99603 | AW26: =+AT26*AQ26 -> -175.26342 | AX26: =IFERROR(+AL26+AU26,"-") -> 5628.2594 | AY26: =IFERROR(+AM26+AV26,"-") -> 5298.604 | AZ26: =IFERROR(+AN26+AW26,"-") -> 3293.1366 | BA26: =+SUM(Efficiency2!K95:K97) -> 43.762448 | BB26: =BB25+BA26 -> 815.05522 | BC26: =+R26/BA26 -> 0.83110067 | BD26: =+S26/BB26 -> 0.81449083
A27: =A26+1 -> 46131 | B27: Toilet | C27: 12,5/13,5 | D27: =+'19'!F42 -> 1161.1806 | E27: =+'19'!G42 -> 891.0375 | F27: =1-(E27/D27) -> 0.23264518 | G27: =+P27/N27 -> 1.0056189 | H27: =+P27/L27 -> 0.9473721 | I27: =+R27/P27 -> 0.95480332 | J27: =+R27/L27 -> 0.90455403 | K27: =+S27/M27 -> 0.81271535 | L27: =+SUM(Efficiency1!K100:K101) -> 45.027714 | M27: =M26+L27 -> 866.95176 | N27: =+SUM(Efficiency1!C100:C101) -> 42.419649 | O27: =O26+N27 -> 820.96665 | P27: ='19'!I38 -> 42.658 | Q27: =Q26+P27 -> 729.377 | R27: ='19'!I40 -> 40.73 | S27: =S26+R27 -> 704.585 | T27: =+AX27 -> 5750.4909 | U27: =T27+U26 -> 95898.112 | V27: =T27/P27 -> 134.80451 | W27: =U27/Q27 -> 131.47948 | X27: =IF(AND(R27>0,T27>0),(T27/(R27*1000))*1000,0) -> 141.18563 | Y27: =IF(AND(S27>0,U27>0),U27/S27,0) -> 136.10581 | Z27: 58.1 | AA27: =Z27+AA26 -> 1031.1 | AB27: =Z27/(P27) -> 1.3619954 | AC27: =AA27/(Q27) -> 1.4136722 | AD27: =IF(AND(R27>0,Z27>0),Z27/(R27),0) -> 1.426467 | AE27: =IF(AND(S27>0,AA27>0),AA27/(S27),0) -> 1.4634146 | AF27: ='19'!I46 -> 38584.46 | AG27: =AF27+AG26 -> 670295.04 | AH27: =IF(AND(L27>0,AF27>0),(AF27/(P27*1000)*1000),0) -> 904.50701 | AI27: =IF(AND(M27>0,AG27>0),(AG27/(Q27*1000)*1000),0) -> 918.99668 | AJ27: =IF(AND(R27>0,AF27>0),(AF27/(R27*1000)*1000),0) -> 947.32286 | AK27: =IF(AND(S27>0,AG27>0),(AG27/(S27*1000)*1000),0) -> 951.33311 | AL27: 6002.3 | AM27: 5304.9 | AN27: 3524 | AO27: =SUM(AL27:AN27) -> 14831.2 | AP27: =+[1]Apr!N22 -> 14209 | AQ27: =+AP27-AO27 -> -622.2 | AR27: =+AL27/AO27 -> 0.40470764 | AS27: =+AM27/AO27 -> 0.35768515 | AT27: =1-AR27-AS27 -> 0.23760721 | AU27: =+AR27*AQ27 -> -251.8091 | AV27: =+AS27*AQ27 -> -222.5517 | AW27: =+AT27*AQ27 -> -147.8392 | AX27: =IFERROR(+AL27+AU27,"-") -> 5750.4909 | AY27: =IFERROR(+AM27+AV27,"-") -> 5082.3483 | AZ27: =IFERROR(+AN27+AW27,"-") -> 3376.1608 | BA27: =+SUM(Efficiency2!K100:K101) -> 45.027714 | BB27: =BB26+BA27 -> 860.08293 | BC27: =+R27/BA27 -> 0.90455403 | BD27: =+S27/BB27 -> 0.81920588
A28: =A27+1 -> 46132 | B28: Toilet/Facial | C28: 13,5/12/14,5 | D28: =+'20'!F42 -> 1151.8194 | E28: =+'20'!G42 -> 864.58524 | F28: =1-(E28/D28) -> 0.24937433 | G28: =+P28/N28 -> 0.93833127 | H28: =+P28/L28 -> 0.93344688 | I28: =+R28/P28 -> 0.96290648 | J28: =+R28/L28 -> 0.89882205 | K28: =+S28/M28 -> 0.81702354 | L28: =+SUM(Efficiency1!K105:K107) -> 45.660874 | M28: =M27+L28 -> 912.61263 | N28: =+SUM(Efficiency1!C105:C107) -> 45.423191 | O28: =O27+N28 -> 866.38984 | P28: ='20'!I38 -> 42.622 | Q28: =Q27+P28 -> 771.999 | R28: ='20'!I40 -> 41.041 | S28: =S27+R28 -> 745.626 | T28: =+AX28 -> 5611.1479 | U28: =T28+U27 -> 101509.26 | V28: =T28/P28 -> 131.6491 | W28: =U28/Q28 -> 131.48885 | X28: =IF(AND(R28>0,T28>0),(T28/(R28*1000))*1000,0) -> 136.72054 | Y28: =IF(AND(S28>0,U28>0),U28/S28,0) -> 136.13965 | Z28: 57.1 | AA28: =Z28+AA27 -> 1088.2 | AB28: =Z28/(P28) -> 1.3396837 | AC28: =AA28/(Q28) -> 1.4095873 | AD28: =IF(AND(R28>0,Z28>0),Z28/(R28),0) -> 1.3912916 | AE28: =IF(AND(S28>0,AA28>0),AA28/(S28),0) -> 1.4594448 | AF28: ='20'!I46 -> 35544.18 | AG28: =AF28+AG27 -> 705839.22 | AH28: =IF(AND(L28>0,AF28>0),(AF28/(P28*1000)*1000),0) -> 833.93975 | AI28: =IF(AND(M28>0,AG28>0),(AG28/(Q28*1000)*1000),0) -> 914.30069 | AJ28: =IF(AND(R28>0,AF28>0),(AF28/(R28*1000)*1000),0) -> 866.06515 | AK28: =IF(AND(S28>0,AG28>0),(AG28/(S28*1000)*1000),0) -> 946.63976 | AL28: 5908.8 | AM28: 5987.3 | AN28: 3502.6 | AO28: =SUM(AL28:AN28) -> 15398.7 | AP28: =+[1]Apr!N23 -> 14623 | AQ28: =+AP28-AO28 -> -775.7 | AR28: =+AL28/AO28 -> 0.3837207 | AS28: =+AM28/AO28 -> 0.38881854 | AT28: =1-AR28-AS28 -> 0.22746076 | AU28: =+AR28*AQ28 -> -297.65215 | AV28: =+AS28*AQ28 -> -301.60654 | AW28: =+AT28*AQ28 -> -176.44131 | AX28: =IFERROR(+AL28+AU28,"-") -> 5611.1479 | AY28: =IFERROR(+AM28+AV28,"-") -> 5685.6935 | AZ28: =IFERROR(+AN28+AW28,"-") -> 3326.1587 | BA28: =+SUM(Efficiency2!K105:K107) -> 45.660874 | BB28: =BB27+BA28 -> 905.74381 | BC28: =+R28/BA28 -> 0.89882205 | BD28: =+S28/BB28 -> 0.82321954
A29: =A28+1 -> 46133 | B29: Facial | C29: 14,5 | D29: =+'21'!F42 -> 1140 | E29: =+'21'!G42 -> 855 | F29: =1-(E29/D29) -> 0.25 | G29: =+P29/N29 -> 0.96232031 | H29: =+P29/L29 -> 0.96232031 | I29: =+R29/P29 -> 0.97769255 | J29: =+R29/L29 -> 0.9408534 | K29: =+S29/M29 -> 0.82293998 | L29: =+Efficiency1!K110 -> 45.791406 | M29: =M28+L29 -> 958.40404 | N29: =+Efficiency1!C110 -> 45.791406 | O29: =O28+N29 -> 912.18125 | P29: ='21'!I38 -> 44.066 | Q29: =Q28+P29 -> 816.065 | R29: ='21'!I40 -> 43.083 | S29: =S28+R29 -> 788.709 | T29: =+AX29 -> 5839.532 | U29: =T29+U28 -> 107348.79 | V29: =T29/P29 -> 132.51786 | W29: =U29/Q29 -> 131.54441 | X29: =IF(AND(R29>0,T29>0),(T29/(R29*1000))*1000,0) -> 135.54144 | Y29: =IF(AND(S29>0,U29>0),U29/S29,0) -> 136.10697 | Z29: 56.7 | AA29: =Z29+AA28 -> 1144.9 | AB29: =Z29/(P29) -> 1.2867063 | AC29: =AA29/(Q29) -> 1.402952 | AD29: =IF(AND(R29>0,Z29>0),Z29/(R29),0) -> 1.3160643 | AE29: =IF(AND(S29>0,AA29>0),AA29/(S29),0) -> 1.4516127 | AF29: ='21'!I46 -> 36187.34 | AG29: =AF29+AG28 -> 742026.56 | AH29: =IF(AND(L29>0,AF29>0),(AF29/(P29*1000)*1000),0) -> 821.20773 | AI29: =IF(AND(M29>0,AG29>0),(AG29/(Q29*1000)*1000),0) -> 909.27384 | AJ29: =IF(AND(R29>0,AF29>0),(AF29/(R29*1000)*1000),0) -> 839.94476 | AK29: =IF(AND(S29>0,AG29>0),(AG29/(S29*1000)*1000),0) -> 940.81158 | AL29: 6118.9 | AM29: 6105.3 | AN29: 3547.9 | AO29: =SUM(AL29:AN29) -> 15772.1 | AP29: =+[1]Apr!N24 -> 15052 | AQ29: =+AP29-AO29 -> -720.1 | AR29: =+AL29/AO29 -> 0.38795722 | AS29: =+AM29/AO29 -> 0.38709493 | AT29: =1-AR29-AS29 -> 0.22494785 | AU29: =+AR29*AQ29 -> -279.36799 | AV29: =+AS29*AQ29 -> -278.74706 | AW29: =+AT29*AQ29 -> -161.98495 | AX29: =IFERROR(+AL29+AU29,"-") -> 5839.532 | AY29: =IFERROR(+AM29+AV29,"-") -> 5826.5529 | AZ29: =IFERROR(+AN29+AW29,"-") -> 3385.9151 | BA29: =+Efficiency2!K110 -> 45.791406 | BB29: =BB28+BA29 -> 951.53521 | BC29: =+R29/BA29 -> 0.9408534 | BD29: =+S29/BB29 -> 0.82888052
A30: =A29+1 -> 46134 | B30: Facial | C30: 14,5 | D30: =+'22'!F42 -> 1143.3333 | E30: =+'22'!G42 -> 857.5 | F30: =1-(E30/D30) -> 0.25 | G30: =+P30/N30 -> 0.92289002 | H30: =+P30/L30 -> 0.92289002 | I30: =+R30/P30 -> 0.97258399 | J30: =+R30/L30 -> 0.89758806 | K30: =+S30/M30 -> 0.82635344 | L30: =+Efficiency1!K115 -> 45.925299 | M30: =M29+L30 -> 1004.3293 | N30: =+Efficiency1!C115 -> 45.925299 | O30: =O29+N30 -> 958.10655 | P30: ='22'!I38 -> 42.384 | Q30: =Q29+P30 -> 858.449 | R30: ='22'!I40 -> 41.222 | S30: =S29+R30 -> 829.931 | T30: =+AX30 -> 5984.8748 | U30: =T30+U29 -> 113333.67 | V30: =T30/P30 -> 141.20599 | W30: =U30/Q30 -> 132.02143 | X30: =IF(AND(R30>0,T30>0),(T30/(R30*1000))*1000,0) -> 145.18642 | Y30: =IF(AND(S30>0,U30>0),U30/S30,0) -> 136.55794 | Z30: 57.5 | AA30: =Z30+AA29 -> 1202.4 | AB30: =Z30/(P30) -> 1.356644 | AC30: =AA30/(Q30) -> 1.4006656 | AD30: =IF(AND(R30>0,Z30>0),Z30/(R30),0) -> 1.3948862 | AE30: =IF(AND(S30>0,AA30>0),AA30/(S30),0) -> 1.4487951 | AF30: ='22'!I46 -> 35446.2 | AG30: =AF30+AG29 -> 777472.76 | AH30: =IF(AND(L30>0,AF30>0),(AF30/(P30*1000)*1000),0) -> 836.31087 | AI30: =IF(AND(M30>0,AG30>0),(AG30/(Q30*1000)*1000),0) -> 905.67146 | AJ30: =IF(AND(R30>0,AF30>0),(AF30/(R30*1000)*1000),0) -> 859.8855 | AK30: =IF(AND(S30>0,AG30>0),(AG30/(S30*1000)*1000),0) -> 936.79205 | AL30: 6253.2 | AM30: 6193.9 | AN30: 3560.8 | AO30: =SUM(AL30:AN30) -> 16007.9 | AP30: =+[1]Apr!N25 -> 15321 | AQ30: =+AP30-AO30 -> -686.9 | AR30: =+AL30/AO30 -> 0.39063213 | AS30: =+AM30/AO30 -> 0.3869277 | AT30: =1-AR30-AS30 -> 0.22244017 | AU30: =+AR30*AQ30 -> -268.32521 | AV30: =+AS30*AQ30 -> -265.78064 | AW30: =+AT30*AQ30 -> -152.79415 | AX30: =IFERROR(+AL30+AU30,"-") -> 5984.8748 | AY30: =IFERROR(+AM30+AV30,"-") -> 5928.1194 | AZ30: =IFERROR(+AN30+AW30,"-") -> 3408.0058 | BA30: =+Efficiency2!K115 -> 45.925299 | BB30: =BB29+BA30 -> 997.46051 | BC30: =+R30/BA30 -> 0.89758806 | BD30: =+S30/BB30 -> 0.83204397
A31: =A30+1 -> 46135 | B31: Facial | C31: 14,5/14 | D31: =+'23'!F42 -> 1150 | E31: =+'23'!G42 -> 862.5 | F31: =1-(E31/D31) -> 0.25 | G31: =+P31/N31 -> 0.95518896 | H31: =+P31/L31 -> 0.95518896 | I31: =+R31/P31 -> 0.95309875 | J31: =+R31/L31 -> 0.91038941 | K31: =+S31/M31 -> 0.83004277 | L31: =+SUM(Efficiency1!K120:K121) -> 46.116529 | M31: =M30+L31 -> 1050.4459 | N31: =+SUM(Efficiency1!C120:C121) -> 46.116529 | O31: =O30+N31 -> 1004.2231 | P31: ='23'!I38 -> 44.05 | Q31: =Q30+P31 -> 902.499 | R31: ='23'!I40 -> 41.984 | S31: =S30+R31 -> 871.915 | T31: =+AX31 -> 5864.5523 | U31: =T31+U30 -> 119198.22 | V31: =T31/P31 -> 133.13399 | W31: =U31/Q31 -> 132.07574 | X31: =IF(AND(R31>0,T31>0),(T31/(R31*1000))*1000,0) -> 139.68541 | Y31: =IF(AND(S31>0,U31>0),U31/S31,0) -> 136.70853 | Z31: 56.8 | AA31: =Z31+AA30 -> 1259.2 | AB31: =Z31/(P31) -> 1.2894438 | AC31: =AA31/(Q31) -> 1.395237 | AD31: =IF(AND(R31>0,Z31>0),Z31/(R31),0) -> 1.3528963 | AE31: =IF(AND(S31>0,AA31>0),AA31/(S31),0) -> 1.4441775 | AF31: ='23'!I46 -> 34824.44 | AG31: =AF31+AG30 -> 812297.2 | AH31: =IF(AND(L31>0,AF31>0),(AF31/(P31*1000)*1000),0) -> 790.56617 | AI31: =IF(AND(M31>0,AG31>0),(AG31/(Q31*1000)*1000),0) -> 900.0533 | AJ31: =IF(AND(R31>0,AF31>0),(AF31/(R31*1000)*1000),0) -> 829.46932 | AK31: =IF(AND(S31>0,AG31>0),(AG31/(S31*1000)*1000),0) -> 931.6243 | AL31: 6188.2 | AM31: 6084 | AN31: 3574.6 | AO31: =SUM(AL31:AN31) -> 15846.8 | AP31: =+[1]Apr!N26 -> 15018 | AQ31: =+AP31-AO31 -> -828.8 | AR31: =+AL31/AO31 -> 0.39050155 | AS31: =+AM31/AO31 -> 0.38392609 | AT31: =1-AR31-AS31 -> 0.22557236 | AU31: =+AR31*AQ31 -> -323.64769 | AV31: =+AS31*AQ31 -> -318.19795 | AW31: =+AT31*AQ31 -> -186.95437 | AX31: =IFERROR(+AL31+AU31,"-") -> 5864.5523 | AY31: =IFERROR(+AM31+AV31,"-") -> 5765.8021 | AZ31: =IFERROR(+AN31+AW31,"-") -> 3387.6456 | BA31: =+SUM(Efficiency2!K120:K121) -> 46.116529 | BB31: =BB30+BA31 -> 1043.577 | BC31: =+R31/BA31 -> 0.91038941 | BD31: =+S31/BB31 -> 0.83550612
A32: =A31+1 -> 46136 | B32: Facial | C32: 14/13 | D32: =+'24'!F42 -> 1167.9167 | E32: =+'24'!G42 -> 862.43472 | F32: =1-(E32/D32) -> 0.26156142 | G32: =+P32/N32 -> 0.9036751 | H32: =+P32/L32 -> 0.84636768 | I32: =+R32/P32 -> 1.0101111 | J32: =+R32/L32 -> 0.85492536 | K32: =+S32/M32 -> 0.83106723 | L32: =+SUM(Efficiency1!K125:K126) -> 45.105692 | M32: =M31+L32 -> 1095.5516 | N32: =+SUM(Efficiency1!C125:C126) -> 42.245272 | O32: =O31+N32 -> 1046.4683 | P32: ='24'!I38 -> 38.176 | Q32: =Q31+P32 -> 940.675 | R32: ='24'!I40 -> 38.562 | S32: =S31+R32 -> 910.477 | T32: =+AX32 -> 5338.0832 | U32: =T32+U31 -> 124536.3 | V32: =T32/P32 -> 139.82825 | W32: =U32/Q32 -> 132.39036 | X32: =IF(AND(R32>0,T32>0),(T32/(R32*1000))*1000,0) -> 138.42859 | Y32: =IF(AND(S32>0,U32>0),U32/S32,0) -> 136.78138 | Z32: 51.8 | AA32: =Z32+AA31 -> 1311 | AB32: =Z32/(P32) -> 1.3568734 | AC32: =AA32/(Q32) -> 1.3936801 | AD32: =IF(AND(R32>0,Z32>0),Z32/(R32),0) -> 1.3432913 | AE32: =IF(AND(S32>0,AA32>0),AA32/(S32),0) -> 1.4399046 | AF32: =+'24'!I46 -> 35587.62 | AG32: =AF32+AG31 -> 847884.82 | AH32: =IF(AND(L32>0,AF32>0),(AF32/(P32*1000)*1000),0) -> 932.19876 | AI32: =IF(AND(M32>0,AG32>0),(AG32/(Q32*1000)*1000),0) -> 901.35788 | AJ32: =IF(AND(R32>0,AF32>0),(AF32/(R32*1000)*1000),0) -> 922.86759 | AK32: =IF(AND(S32>0,AG32>0),(AG32/(S32*1000)*1000),0) -> 931.25342 | AL32: 5483.2 | AM32: 4697.9 | AN32: 3580.1 | AO32: =SUM(AL32:AN32) -> 13761.2 | AP32: =+[1]Apr!N27 -> 13397 | AQ32: =+AP32-AO32 -> -364.2 | AR32: =+AL32/AO32 -> 0.39845362 | AS32: =+AM32/AO32 -> 0.34138738 | AT32: =1-AR32-AS32 -> 0.260159 | AU32: =+AR32*AQ32 -> -145.11681 | AV32: =+AS32*AQ32 -> -124.33328 | AW32: =+AT32*AQ32 -> -94.749907 | AX32: =IFERROR(+AL32+AU32,"-") -> 5338.0832 | AY32: =IFERROR(+AM32+AV32,"-") -> 4573.5667 | AZ32: =IFERROR(+AN32+AW32,"-") -> 3485.3501 | BA32: =+SUM(Efficiency2!K125:K126) -> 45.105692 | BB32: =BB31+BA32 -> 1088.6827 | BC32: =+R32/BA32 -> 0.85492536 | BD32: =+S32/BB32 -> 0.83631068
A33: =A32+1 -> 46137 | B33: Facial | C33: 13/12 | D33: =+'25'!F42 -> 1207.3958 | E33: =+'25'!G42 -> 881.39896 | F33: =1-(E33/D33) -> 0.27 | G33: =+P33/N33 -> 0.95286495 | H33: =+P33/L33 -> 0.89783459 | I33: =+R33/P33 -> 0.98045101 | J33: =+R33/L33 -> 0.88028284 | K33: =+S33/M33 -> 0.83297397 | L33: =+SUM(Efficiency1!K130:K131) -> 44.155126 | M33: =M32+L33 -> 1139.7067 | N33: =+SUM(Efficiency1!C130:C131) -> 41.605057 | O33: =O32+N33 -> 1088.0734 | P33: ='25'!I38 -> 39.644 | Q33: =Q32+P33 -> 980.319 | R33: ='25'!I40 -> 38.869 | S33: =S32+R33 -> 949.346 | T33: =+AX33 -> 5705.5333 | U33: =T33+U32 -> 130241.84 | V33: =T33/P33 -> 143.91921 | W33: =U33/Q33 -> 132.85659 | X33: =IF(AND(R33>0,T33>0),(T33/(R33*1000))*1000,0) -> 146.78879 | Y33: =IF(AND(S33>0,U33>0),U33/S33,0) -> 137.19111 | Z33: 49.9 | AA33: =Z33+AA32 -> 1360.9 | AB33: =Z33/(P33) -> 1.2587025 | AC33: =AA33/(Q33) -> 1.3882216 | AD33: =IF(AND(R33>0,Z33>0),Z33/(R33),0) -> 1.2837994 | AE33: =IF(AND(S33>0,AA33>0),AA33/(S33),0) -> 1.4335132 | AF33: =+'25'!I46 -> 36967.4 | AG33: =AF33+AG32 -> 884852.22 | AH33: =IF(AND(L33>0,AF33>0),(AF33/(P33*1000)*1000),0) -> 932.48411 | AI33: =IF(AND(M33>0,AG33>0),(AG33/(Q33*1000)*1000),0) -> 902.61662 | AJ33: =IF(AND(R33>0,AF33>0),(AF33/(R33*1000)*1000),0) -> 951.07669 | AK33: =IF(AND(S33>0,AG33>0),(AG33/(S33*1000)*1000),0) -> 932.06504 | AL33: 5810.9 | AM33: 5277.2 | AN33: 3465.8 | AO33: =SUM(AL33:AN33) -> 14553.9 | AP33: =+[1]Apr!N28 -> 14290 | AQ33: =+AP33-AO33 -> -263.9 | AR33: =+AL33/AO33 -> 0.39926755 | AS33: =+AM33/AO33 -> 0.36259697 | AT33: =1-AR33-AS33 -> 0.23813548 | AU33: =+AR33*AQ33 -> -105.36671 | AV33: =+AS33*AQ33 -> -95.68934 | AW33: =+AT33*AQ33 -> -62.843954 | AX33: =IFERROR(+AL33+AU33,"-") -> 5705.5333 | AY33: =IFERROR(+AM33+AV33,"-") -> 5181.5107 | AZ33: =IFERROR(+AN33+AW33,"-") -> 3402.956 | BA33: =+SUM(Efficiency2!K130:K131) -> 44.155126 | BB33: =BB32+BA33 -> 1132.8379 | BC33: =+R33/BA33 -> 0.88028284 | BD33: =+S33/BB33 -> 0.83802461
A34: =A33+1 -> 46138 | B34: Facial/Toilet | C34: 12/15 | D34: =+'26'!F42 -> 1150.7083 | E34: =+'26'!G42 -> 852.75312 | F34: =1-(E34/D34) -> 0.258932 | G34: =+P34/N34 -> 0.9624294 | H34: =+P34/L34 -> 0.87481938 | I34: =+R34/P34 -> 0.96003682 | J34: =+R34/L34 -> 0.83985882 | K34: =+S34/M34 -> 0.83325458 | L34: =+SUM(Efficiency1!K135:K136) -> 48.425996 | M34: =M33+L34 -> 1188.1327 | N34: =+SUM(Efficiency1!C135:C136) -> 44.017774 | O34: =O33+N34 -> 1132.0912 | P34: ='26'!I38 -> 42.364 | Q34: =Q33+P34 -> 1022.683 | R34: ='26'!I40 -> 40.671 | S34: =S33+R34 -> 990.017 | T34: =+AX34 -> 5538.3492 | U34: =T34+U33 -> 135780.18 | V34: =T34/P34 -> 130.73244 | W34: =U34/Q34 -> 132.76859 | X34: =IF(AND(R34>0,T34>0),(T34/(R34*1000))*1000,0) -> 136.1744 | Y34: =IF(AND(S34>0,U34>0),U34/S34,0) -> 137.14935 | Z34: 49.7 | AA34: =Z34+AA33 -> 1410.6 | AB34: =Z34/(P34) -> 1.1731659 | AC34: =AA34/(Q34) -> 1.379313 | AD34: =IF(AND(R34>0,Z34>0),Z34/(R34),0) -> 1.2220009 | AE34: =IF(AND(S34>0,AA34>0),AA34/(S34),0) -> 1.424824 | AF34: ='26'!I46 -> 35779.22 | AG34: =AF34+AG33 -> 920631.44 | AH34: =IF(AND(L34>0,AF34>0),(AF34/(P34*1000)*1000),0) -> 844.56661 | AI34: =IF(AND(M34>0,AG34>0),(AG34/(Q34*1000)*1000),0) -> 900.21193 | AJ34: =IF(AND(R34>0,AF34>0),(AF34/(R34*1000)*1000),0) -> 879.72314 | AK34: =IF(AND(S34>0,AG34>0),(AG34/(S34*1000)*1000),0) -> 929.91478 | AL34: 5806 | AM34: 5673.9 | AN34: 3557.3 | AO34: =SUM(AL34:AN34) -> 15037.2 | AP34: =+[1]Apr!N29 -> 14344 | AQ34: =+AP34-AO34 -> -693.2 | AR34: =+AL34/AO34 -> 0.38610912 | AS34: =+AM34/AO34 -> 0.37732424 | AT34: =1-AR34-AS34 -> 0.23656665 | AU34: =+AR34*AQ34 -> -267.65084 | AV34: =+AS34*AQ34 -> -261.56116 | AW34: =+AT34*AQ34 -> -163.988 | AX34: =IFERROR(+AL34+AU34,"-") -> 5538.3492 | AY34: =IFERROR(+AM34+AV34,"-") -> 5412.3388 | AZ34: =IFERROR(+AN34+AW34,"-") -> 3393.312 | BA34: =+SUM(Efficiency2!K135:K136) -> 48.425996 | BB34: =BB33+BA34 -> 1181.2639 | BC34: =+R34/BA34 -> 0.83985882 | BD34: =+S34/BB34 -> 0.8380998
A35: =A34+1 -> 46139 | B35: Toilet | C35: 15/13,5/13 | D35: =+'27'!F42 -> 1180.0694 | E35: =+'27'!G42 -> 892.86736 | F35: =1-(E35/D35) -> 0.24337727 | G35: =+P35/N35 -> 0.89623763 | H35: =+P35/L35 -> 0.85534755 | I35: =+R35/P35 -> 0.94602671 | J35: =+R35/L35 -> 0.80918163 | K35: =+S35/M35 -> 0.83228094 | L35: =+SUM(Efficiency1!K140:K142) -> 50.080227 | M35: =M34+L35 -> 1238.2129 | N35: =+SUM(Efficiency1!C140:C142) -> 47.79536 | O35: =O34+N35 -> 1179.8865 | P35: ='27'!I38 -> 42.836 | Q35: =Q34+P35 -> 1065.519 | R35: ='27'!I40 -> 40.524 | S35: =S34+R35 -> 1030.541 | T35: =+AX35 -> 5748.0465 | U35: =T35+U34 -> 141528.23 | V35: =T35/P35 -> 134.18728 | W35: =U35/Q35 -> 132.82563 | X35: =IF(AND(R35>0,T35>0),(T35/(R35*1000))*1000,0) -> 141.84302 | Y35: =IF(AND(S35>0,U35>0),U35/S35,0) -> 137.33392 | Z35: 55.1 | AA35: =Z35+AA34 -> 1465.7 | AB35: =Z35/(P35) -> 1.2863012 | AC35: =AA35/(Q35) -> 1.3755738 | AD35: =IF(AND(R35>0,Z35>0),Z35/(R35),0) -> 1.3596881 | AE35: =IF(AND(S35>0,AA35>0),AA35/(S35),0) -> 1.4222627 | AF35: ='27'!I46 -> 35671.7 | AG35: =AF35+AG34 -> 956303.14 | AH35: =IF(AND(L35>0,AF35>0),(AF35/(P35*1000)*1000),0) -> 832.75049 | AI35: =IF(AND(M35>0,AG35>0),(AG35/(Q35*1000)*1000),0) -> 897.49985 | AJ35: =IF(AND(R35>0,AF35>0),(AF35/(R35*1000)*1000),0) -> 880.26108 | AK35: =IF(AND(S35>0,AG35>0),(AG35/(S35*1000)*1000),0) -> 927.96225 | AL35: 6046.9 | AM35: 5971.3 | AN35: 3612.3 | AO35: =SUM(AL35:AN35) -> 15630.5 | AP35: =+[1]Apr!N30 -> 14858 | AQ35: =+AP35-AO35 -> -772.5 | AR35: =+AL35/AO35 -> 0.38686542 | AS35: =+AM35/AO35 -> 0.38202873 | AT35: =1-AR35-AS35 -> 0.23110585 | AU35: =+AR35*AQ35 -> -298.85354 | AV35: =+AS35*AQ35 -> -295.11719 | AW35: =+AT35*AQ35 -> -178.52927 | AX35: =IFERROR(+AL35+AU35,"-") -> 5748.0465 | AY35: =IFERROR(+AM35+AV35,"-") -> 5676.1828 | AZ35: =IFERROR(+AN35+AW35,"-") -> 3433.7707 | BA35: =+SUM(Efficiency2!K140:K142) -> 50.080227 | BB35: =BB34+BA35 -> 1231.3441 | BC35: =+R35/BA35 -> 0.80918163 | BD35: =+S35/BB35 -> 0.83692366
A36: =A35+1 -> 46140 | B36: Toilet | C36: 13/12,5 | D36: =+'28'!F42 -> 1216.9375 | E36: =+'28'!G42 -> 921.88292 | F36: =1-(E36/D36) -> 0.24245664 | G36: =+P36/N36 -> 0.95326141 | H36: =+P36/L36 -> 0.94010252 | I36: =+R36/P36 -> 0.98658416 | J36: =+R36/L36 -> 0.92749025 | K36: =+S36/M36 -> 0.83554845 | L36: =+SUM(Efficiency1!K145:K146) -> 44.004775 | M36: =M35+L36 -> 1282.2177 | N36: =+SUM(Efficiency1!C145:C146) -> 43.39733 | O36: =O35+N36 -> 1223.2839 | P36: ='28'!I38 -> 41.369 | Q36: =Q35+P36 -> 1106.888 | R36: ='28'!I40 -> 40.814 | S36: =S35+R36 -> 1071.355 | T36: =+AX36 -> 5377.2349 | U36: =T36+U35 -> 146905.47 | V36: =T36/P36 -> 129.98223 | W36: =U36/Q36 -> 132.71936 | X36: =IF(AND(R36>0,T36>0),(T36/(R36*1000))*1000,0) -> 131.74976 | Y36: =IF(AND(S36>0,U36>0),U36/S36,0) -> 137.12118 | Z36: 53.6 | AA36: =Z36+AA35 -> 1519.3 | AB36: =Z36/(P36) -> 1.2956562 | AC36: =AA36/(Q36) -> 1.3725869 | AD36: =IF(AND(R36>0,Z36>0),Z36/(R36),0) -> 1.3132749 | AE36: =IF(AND(S36>0,AA36>0),AA36/(S36),0) -> 1.4181107 | AF36: ='28'!I46 -> 38094.12 | AG36: =AF36+AG35 -> 994397.26 | AH36: =IF(AND(L36>0,AF36>0),(AF36/(P36*1000)*1000),0) -> 920.83734 | AI36: =IF(AND(M36>0,AG36>0),(AG36/(Q36*1000)*1000),0) -> 898.37207 | AJ36: =IF(AND(R36>0,AF36>0),(AF36/(R36*1000)*1000),0) -> 933.35914 | AK36: =IF(AND(S36>0,AG36>0),(AG36/(S36*1000)*1000),0) -> 928.16784 | AL36: 5597.4 | AM36: 5318.8 | AN36: 3618.5 | AO36: =SUM(AL36:AN36) -> 14534.7 | AP36: =+[1]Apr!N31 -> 13963 | AQ36: =+AP36-AO36 -> -571.7 | AR36: =+AL36/AO36 -> 0.38510599 | AS36: =+AM36/AO36 -> 0.36593807 | AT36: =1-AR36-AS36 -> 0.24895595 | AU36: =+AR36*AQ36 -> -220.16509 | AV36: =+AS36*AQ36 -> -209.20679 | AW36: =+AT36*AQ36 -> -142.32811 | AX36: =IFERROR(+AL36+AU36,"-") -> 5377.2349 | AY36: =IFERROR(+AM36+AV36,"-") -> 5109.5932 | AZ36: =IFERROR(+AN36+AW36,"-") -> 3476.1719 | BA36: =+SUM(Efficiency2!K145:K146) -> 43.79538 | BB36: =BB35+BA36 -> 1275.1395 | BC36: =+R36/BA36 -> 0.93192478 | BD36: =+S36/BB36 -> 0.84018653
A37: =A36+1 -> 46141 | B37: Toilet | C37: 12,5 | D37: =+'29'!F42 -> 1193.7957 | E37: =+'29'!G42 -> 893.59759 | F37: =1-(E37/D37) -> 0.25146522 | G37: =+P37/N37 -> 0.70381939 | H37: =+P37/L37 -> 0.67279773 | I37: =+R37/P37 -> 0.97304389 | J37: =+R37/L37 -> 0.65466172 | K37: =+S37/M37 -> 0.82959796 | L37: =+Efficiency1!K150 -> 43.614892 | M37: =M36+L37 -> 1325.8326 | N37: =+Efficiency1!C150 -> 41.692514 | O37: =O36+N37 -> 1264.9764 | P37: ='29'!I38 -> 29.344 | Q37: =Q36+P37 -> 1136.232 | R37: ='29'!I40 -> 28.553 | S37: =S36+R37 -> 1099.908 | T37: =+AX37 -> 4486.6732 | U37: =T37+U36 -> 151392.14 | V37: =T37/P37 -> 152.89917 | W37: =U37/Q37 -> 133.24052 | X37: =IF(AND(R37>0,T37>0),(T37/(R37*1000))*1000,0) -> 157.13491 | Y37: =IF(AND(S37>0,U37>0),U37/S37,0) -> 137.64073 | Z37: 48.6 | AA37: =Z37+AA36 -> 1567.9 | AB37: =Z37/(P37) -> 1.6562159 | AC37: =AA37/(Q37) -> 1.3799118 | AD37: =IF(AND(R37>0,Z37>0),Z37/(R37),0) -> 1.7020979 | AE37: =IF(AND(S37>0,AA37>0),AA37/(S37),0) -> 1.4254829 | AF37: ='29'!I46 -> 32807.74 | AG37: =AF37+AG36 -> 1027205 | AH37: =IF(AND(L37>0,AF37>0),(AF37/(P37*1000)*1000),0) -> 1118.0391 | AI37: =IF(AND(M37>0,AG37>0),(AG37/(Q37*1000)*1000),0) -> 904.04512 | AJ37: =IF(AND(R37>0,AF37>0),(AF37/(R37*1000)*1000),0) -> 1149.012 | AK37: =IF(AND(S37>0,AG37>0),(AG37/(S37*1000)*1000),0) -> 933.90084 | AL37: 4676 | AM37: 2285.8 | AN37: 2722.3 | AO37: =SUM(AL37:AN37) -> 9684.1 | AP37: =+[1]Apr!N32 -> 9292 | AQ37: =+AP37-AO37 -> -392.1 | AR37: =+AL37/AO37 -> 0.48285334 | AS37: =+AM37/AO37 -> 0.23603639 | AT37: =1-AR37-AS37 -> 0.28111027 | AU37: =+AR37*AQ37 -> -189.32679 | AV37: =+AS37*AQ37 -> -92.549868 | AW37: =+AT37*AQ37 -> -110.22334 | AX37: =IFERROR(+AL37+AU37,"-") -> 4486.6732 | AY37: =IFERROR(+AM37+AV37,"-") -> 2193.2501 | AZ37: =IFERROR(+AN37+AW37,"-") -> 2612.0767 | BA37: =+Efficiency2!K150 -> 35.255371 | BB37: =BB36+BA37 -> 1310.3948 | BC37: =+R37/BA37 -> 0.80989079 | BD37: =+S37/BB37 -> 0.83937144
A38: =A37+1 -> 46142 | B38: Toilet/Facial | C38: 12,5/12 | D38: =+'30'!F42 -> 1208.0837 | E38: =+'30'!G42 -> 901.30918 | F38: =1-(E38/D38) -> 0.25393485 | G38: =+P38/N38 -> 0.81458588 | H38: =+P38/L38 -> 0.77863675 | I38: =+R38/P38 -> 0.87826887 | J38: =+R38/L38 -> 0.68385242 | K38: =+S38/M38 -> 0.82499207 | L38: =+SUM(Efficiency1!K156:K157) -> 43.266645 | M38: =M37+L38 -> 1369.0992 | N38: =+SUM(Efficiency1!C156:C157) -> 41.357211 | O38: =O37+N38 -> 1306.3336 | P38: ='30'!I38 -> 33.689 | Q38: =Q37+P38 -> 1169.921 | R38: ='30'!I40 -> 29.588 | S38: =S37+R38 -> 1129.496 | T38: =+AX38 -> 4742.5324 | U38: =T38+U37 -> 156134.67 | V38: =T38/P38 -> 140.77391 | W38: =U38/Q38 -> 133.45745 | X38: =IF(AND(R38>0,T38>0),(T38/(R38*1000))*1000,0) -> 160.28567 | Y38: =IF(AND(S38>0,U38>0),U38/S38,0) -> 138.23393 | Z38: 47.7 | AA38: =Z38+AA37 -> 1615.6 | AB38: =Z38/(P38) -> 1.4158924 | AC38: =AA38/(Q38) -> 1.3809479 | AD38: =IF(AND(R38>0,Z38>0),Z38/(R38),0) -> 1.6121401 | AE38: =IF(AND(S38>0,AA38>0),AA38/(S38),0) -> 1.4303725 | AF38: ='30'!I46 -> 37686.18 | AG38: =AF38+AG37 -> 1064891.2 | AH38: =IF(AND(L38>0,AF38>0),(AF38/(P38*1000)*1000),0) -> 1118.6494 | AI38: =IF(AND(M38>0,AG38>0),(AG38/(Q38*1000)*1000),0) -> 910.22486 | AJ38: =IF(AND(R38>0,AF38>0),(AF38/(R38*1000)*1000),0) -> 1273.6981 | AK38: =IF(AND(S38>0,AG38>0),(AG38/(S38*1000)*1000),0) -> 942.80208 | AL38: 4929.6 | AM38: 4616.4 | AN38: 3369.1 | AO38: =SUM(AL38:AN38) -> 12915.1 | AP38: =+[1]Apr!N33 -> 12425 | AQ38: =+AP38-AO38 -> -490.1 | AR38: =+AL38/AO38 -> 0.38169275 | AS38: =+AM38/AO38 -> 0.35744206 | AT38: =1-AR38-AS38 -> 0.26086519 | AU38: =+AR38*AQ38 -> -187.06762 | AV38: =+AS38*AQ38 -> -175.18236 | AW38: =+AT38*AQ38 -> -127.85003 | AX38: =IFERROR(+AL38+AU38,"-") -> 4742.5324 | AY38: =IFERROR(+AM38+AV38,"-") -> 4441.2176 | AZ38: =IFERROR(+AN38+AW38,"-") -> 3241.25 | BA38: =+SUM(Efficiency2!K156:K157) -> 37.20185 | BB38: =BB37+BA38 -> 1347.5967 | BC38: =+R38/BA38 -> 0.7953368 | BD38: =+S38/BB38 -> 0.83815582
G41: =+P41/N41 -> 0.89557599 | H41: =+P41/L41 -> 0.85451878 | I41: =+R41/P41 -> 0.96544638 | J41: =+R41/L41 -> 0.82499207 | L41: =SUM(L9:L39) -> 1369.0992 | N41: =SUM(N9:N39) -> 1306.3336 | P41: =SUM(P9:P39) -> 1169.921 | R41: =SUM(R9:R39) -> 1129.496 | T41: =SUM(T9:T39) -> 156134.67 | V41: =T41/P41 -> 133.45745 | X41: =IF(AND(R41>0,T41>0),(T41/(R41*1000))*1000,0) -> 138.23393 | Z41: =SUM(Z9:Z40) -> 1615.6 | AB41: =Z41/P41 -> 1.3809479 | AD41: =Z41/R41 -> 1.4303725 | AF41: =SUM(AF9:AF39) -> 1064891.2 | AH41: =AF41/P41 -> 910.22486 | AJ41: =AF41/R41 -> 942.80208 | AP41: =SUM(AP9:AP40) -> 408184 | AX41: =SUM(AX9:AX39) -> 156134.67 | AY41: =SUM(AY9:AY39) -> 149964.19 | AZ41: =SUM(AZ9:AZ39) -> 102085.14 | BA41: =SUM(BA9:BA39) -> 1347.5967 | BC41: =+R41/BA41 -> 0.83815582
AY43: =SUM(AX41:AZ41) -> 408184

Sheet GRAFIK

Sheet Listrik
A2: MACHINE POWER CONSUMPTION (PER PANEL)
A4: Date | B4: PM (TON) | C4: FINSHED GOODS (TON) | P4: Total PM14
D5: Trafo (2500 A) | H5: Trafo (2500 B) | L5: Trafo (2500 A)
D6: KWH | E6: Consumption | F6: /TON PM | G6: /TON FG | H6: KWH | I6: Consumption | J6: /TON PM | K6: /TON FG | L6: KWH | M6: Consumption | N6: /TON PM | O6: /TON FG | P6: Consumption | Q6: /TON PM | R6: /TON FG
A7: =A8-1 -> 46112 | B7: 0 | C7: 0
A8: =+Report1!A9 -> 46113 | B8: =+Report1!P9 -> 36.92 | C8: =+Report1!R9 -> 34.951 | D8: =+D7+E8 -> 4600 | E8: =+[3]DailyApr!AH7 -> 4600 | F8: =E8/B8 -> 124.59372 | G8: =E8/C8 -> 131.61283 | H8: =+H7+I8 -> 7033.01 | I8: =+[3]DailyApr!AI7 -> 7033.01 | J8: =I8/B8 -> 190.49323 | K8: =I8/C8 -> 201.22486 | L8: =+L7+M8 -> 25193.01 | M8: =+[3]DailyApr!AJ7 -> 25193.01 | N8: =M8/B8 -> 682.36755 | O8: =M8/C8 -> 720.80942 | P8: =+E8+I8+M8 -> 36826.02 | Q8: =P8/B8 -> 997.4545 | R8: =P8/C8 -> 1053.6471 | V8: Off Reel | W8: Off Rewinder
A9: =1+A8 -> 46114 | B9: =+Report1!P10 -> 38.343 | C9: =+Report1!R10 -> 37.249 | D9: =+D8+E9 -> 9200 | E9: =+[3]DailyApr!AH8 -> 4600 | F9: =E9/B9 -> 119.96975 | G9: =E9/C9 -> 123.49325 | H9: =+H8+I9 -> 14038.22 | I9: =+[3]DailyApr!AI8 -> 7005.21 | J9: =I9/B9 -> 182.69854 | K9: =I9/C9 -> 188.06438 | L9: =+L8+M9 -> 52358.22 | M9: =+[3]DailyApr!AJ8 -> 27165.21 | N9: =M9/B9 -> 708.47899 | O9: =M9/C9 -> 729.28696 | P9: =+E9+I9+M9 -> 38770.42 | Q9: =P9/B9 -> 1011.1473 | R9: =P9/C9 -> 1040.8446 | V9: Off Reel | W9: Off Rewinder
A10: =1+A9 -> 46115 | B10: =+Report1!P11 -> 37.472 | C10: =+Report1!R11 -> 37.431 | D10: =+D9+E10 -> 13900 | E10: =+[3]DailyApr!AH9 -> 4700 | F10: =E10/B10 -> 125.42699 | G10: =E10/C10 -> 125.56437 | H10: =+H9+I10 -> 21839.33 | I10: =+[3]DailyApr!AI9 -> 7801.11 | J10: =I10/B10 -> 208.18504 | K10: =I10/C10 -> 208.41308 | L10: =+L9+M10 -> 79319.33 | M10: =+[3]DailyApr!AJ9 -> 26961.11 | N10: =M10/B10 -> 719.50016 | O10: =M10/C10 -> 720.28826 | P10: =+E10+I10+M10 -> 39462.22 | Q10: =P10/B10 -> 1053.1122 | R10: =P10/C10 -> 1054.2657 | V10: Off Reel | W10: Off Rewinder
A11: =1+A10 -> 46116 | B11: =+Report1!P12 -> 42.465 | C11: =+Report1!R12 -> 41.97 | D11: =+D10+E11 -> 18500 | E11: =+[3]DailyApr!AH10 -> 4600 | F11: =E11/B11 -> 108.3245 | G11: =E11/C11 -> 109.6021 | H11: =+H10+I11 -> 28653.02 | I11: =+[3]DailyApr!AI10 -> 6813.69 | J11: =I11/B11 -> 160.45426 | K11: =I11/C11 -> 162.34668 | L11: =+L10+M11 -> 105293.02 | M11: =+[3]DailyApr!AJ10 -> 25973.69 | N11: =M11/B11 -> 611.64936 | O11: =M11/C11 -> 618.86324 | P11: =+E11+I11+M11 -> 37387.38 | Q11: =P11/B11 -> 880.42812 | R11: =P11/C11 -> 890.81201 | V11: Off Reel | W11: Off Rewinder
A12: =1+A11 -> 46117 | B12: =+Report1!P13 -> 39.04 | C12: =+Report1!R13 -> 39.289 | D12: =+D11+E12 -> 23300 | E12: =+[3]DailyApr!AH11 -> 4800 | F12: =E12/B12 -> 122.95082 | G12: =E12/C12 -> 122.1716 | H12: =+H11+I12 -> 36110.46 | I12: =+[3]DailyApr!AI11 -> 7457.44 | J12: =I12/B12 -> 191.02049 | K12: =I12/C12 -> 189.80987 | L12: =+L11+M12 -> 131910.46 | M12: =+[3]DailyApr!AJ11 -> 26617.44 | N12: =M12/B12 -> 681.79918 | O12: =M12/C12 -> 677.47817 | P12: =+E12+I12+M12 -> 38874.88 | Q12: =P12/B12 -> 995.77049 | R12: =P12/C12 -> 989.45965 | V12: Off Reel | W12: Off Rewinder
A13: =1+A12 -> 46118 | B13: =+Report1!P14 -> 41.542 | C13: =+Report1!R14 -> 39.038 | D13: =+D12+E13 -> 28100 | E13: =+[3]DailyApr!AH12 -> 4800 | F13: =E13/B13 -> 115.54571 | G13: =E13/C13 -> 122.95712 | H13: =+H12+I13 -> 43030.91 | I13: =+[3]DailyApr!AI12 -> 6920.45 | J13: =I13/B13 -> 166.58923 | K13: =I13/C13 -> 177.27471 | L13: =+L12+M13 -> 157990.91 | M13: =+[3]DailyApr!AJ12 -> 26080.45 | N13: =M13/B13 -> 627.80921 | O13: =M13/C13 -> 668.07854 | P13: =+E13+I13+M13 -> 37800.9 | Q13: =P13/B13 -> 909.94415 | R13: =P13/C13 -> 968.31036 | V13: Off Reel | W13: Off Rewinder
A14: =1+A13 -> 46119 | B14: =+Report1!P15 -> 43.432 | C14: =+Report1!R15 -> 39.841 | D14: =+D13+E14 -> 32900 | E14: =+[3]DailyApr!AH13 -> 4800 | F14: =E14/B14 -> 110.51759 | G14: =E14/C14 -> 120.4789 | H14: =+H13+I14 -> 50022.06 | I14: =+[3]DailyApr!AI13 -> 6991.15 | J14: =I14/B14 -> 160.96772 | K14: =I14/C14 -> 175.47627 | L14: =+L13+M14 -> 182142.06 | M14: =+[3]DailyApr!AJ13 -> 24151.15 | N14: =M14/B14 -> 556.06811 | O14: =M14/C14 -> 606.18835 | P14: =+E14+I14+M14 -> 35942.3 | Q14: =P14/B14 -> 827.55342 | R14: =P14/C14 -> 902.14352 | V14: Off Reel | W14: Off Rewinder
A15: =1+A14 -> 46120 | B15: =+Report1!P16 -> 43.382 | C15: =+Report1!R16 -> 44.163 | D15: =+D14+E15 -> 37200 | E15: =+[3]DailyApr!AH14 -> 4300 | F15: =E15/B15 -> 99.11945 | G15: =E15/C15 -> 97.366574 | H15: =+H14+I15 -> 57908.52 | I15: =+[3]DailyApr!AI14 -> 7886.46 | J15: =I15/B15 -> 181.79107 | K15: =I15/C15 -> 178.57618 | L15: =+L14+M15 -> 204188.52 | M15: =+[3]DailyApr!AJ14 -> 22046.46 | N15: =M15/B15 -> 508.19372 | O15: =M15/C15 -> 499.20658 | P15: =+E15+I15+M15 -> 34232.92 | Q15: =P15/B15 -> 789.10424 | R15: =P15/C15 -> 775.14933 | V15: Off Reel | W15: Off Rewinder
A16: =1+A15 -> 46121 | B16: =+Report1!P17 -> 5.736 | C16: =+Report1!R17 -> 4.044 | D16: =+D15+E16 -> 39300 | E16: =+[3]DailyApr!AH15 -> 2100 | F16: =E16/B16 -> 366.10879 | G16: =E16/C16 -> 519.28783 | H16: =+H15+I16 -> 59585.91 | I16: =+[3]DailyApr!AI15 -> 1677.39 | J16: =I16/B16 -> 292.43201 | K16: =I16/C16 -> 414.78487 | L16: =+L15+M16 -> 214025.91 | M16: =+[3]DailyApr!AJ15 -> 9837.39 | N16: =M16/B16 -> 1715.0262 | O16: =M16/C16 -> 2432.589 | P16: =+E16+I16+M16 -> 13614.78 | Q16: =P16/B16 -> 2373.5669 | R16: =P16/C16 -> 3366.6617 | V16: Off Reel | W16: Off Rewinder
A17: =1+A16 -> 46122 | B17: =+Report1!P18 -> 36.385 | C17: =+Report1!R18 -> 30.251 | D17: =+D16+E17 -> 44000 | E17: =+[3]DailyApr!AH16 -> 4700 | F17: =E17/B17 -> 129.17411 | G17: =E17/C17 -> 155.36676 | H17: =+H16+I17 -> 64486.48 | I17: =+[3]DailyApr!AI16 -> 4900.57 | J17: =I17/B17 -> 134.68655 | K17: =I17/C17 -> 161.99696 | L17: =+L16+M17 -> 238086.48 | M17: =+[3]DailyApr!AJ16 -> 24060.57 | N17: =M17/B17 -> 661.27717 | O17: =M17/C17 -> 795.36445 | P17: =+E17+I17+M17 -> 33661.14 | Q17: =P17/B17 -> 925.13783 | R17: =P17/C17 -> 1112.7282 | V17: Off Reel | W17: Off Rewinder
A18: =1+A17 -> 46123 | B18: =+Report1!P19 -> 37.645 | C18: =+Report1!R19 -> 39.327 | D18: =+D17+E18 -> 48600 | E18: =+[3]DailyApr!AH17 -> 4600 | F18: =E18/B18 -> 122.19418 | G18: =E18/C18 -> 116.96799 | H18: =+H17+I18 -> 71506.31 | I18: =+[3]DailyApr!AI17 -> 7019.83 | J18: =I18/B18 -> 186.47443 | K18: =I18/C18 -> 178.499 | L18: =+L17+M18 -> 262266.31 | M18: =+[3]DailyApr!AJ17 -> 24179.83 | N18: =M18/B18 -> 642.31186 | O18: =M18/C18 -> 614.84044 | P18: =+E18+I18+M18 -> 35799.66 | Q18: =P18/B18 -> 950.98048 | R18: =P18/C18 -> 910.30742 | V18: Off Reel | W18: Off Rewinder
A19: =1+A18 -> 46124 | B19: =+Report1!P20 -> 38.573 | C19: =+Report1!R20 -> 35.431 | D19: =+D18+E19 -> 53400 | E19: =+[3]DailyApr!AH18 -> 4800 | F19: =E19/B19 -> 124.43937 | G19: =E19/C19 -> 135.47458 | H19: =+H18+I19 -> 78058.39 | I19: =+[3]DailyApr!AI18 -> 6552.08 | J19: =I19/B19 -> 169.86182 | K19: =I19/C19 -> 184.92507 | L19: =+L18+M19 -> 287978.39 | M19: =+[3]DailyApr!AJ18 -> 25712.08 | N19: =M19/B19 -> 666.58232 | O19: =M19/C19 -> 725.69445 | P19: =+E19+I19+M19 -> 37064.16 | Q19: =P19/B19 -> 960.88352 | R19: =P19/C19 -> 1046.0941 | V19: Off Reel | W19: Off Rewinder
A20: =1+A19 -> 46125 | B20: =+Report1!P21 -> 27.854 | C20: =+Report1!R21 -> 25.204 | D20: =+D19+E20 -> 57100 | E20: =+[3]DailyApr!AH19 -> 3700 | F20: =E20/B20 -> 132.8355 | G20: =E20/C20 -> 146.80209 | H20: =+H19+I20 -> 82862.96 | I20: =+[3]DailyApr!AI19 -> 4804.57 | J20: =I20/B20 -> 172.4912 | K20: =I20/C20 -> 190.62728 | L20: =+L19+M20 -> 310102.96 | M20: =+[3]DailyApr!AJ19 -> 22124.57 | N20: =M20/B20 -> 794.30495 | O20: =M20/C20 -> 877.81979 | P20: =+E20+I20+M20 -> 30629.14 | Q20: =P20/B20 -> 1099.6317 | R20: =P20/C20 -> 1215.2492 | V20: Off Reel | W20: Off Rewinder
... A32: =1+A31 -> 46137 | B32: =+Report1!P33 -> 39.644 | C32: =+Report1!R33 -> 38.869 | D32: =+D31+E32 -> 111200 | E32: =+[3]DailyApr!AH31 -> 4600 | F32: =E32/B32 -> 116.03269 | G32: =E32/C32 -> 118.34624 | H32: =+H31+I32 -> 162746.11 | I32: =+[3]DailyApr!AI31 -> 7103.7 | J32: =I32/B32 -> 179.18727 | K32: =I32/C32 -> 182.76004 | L32: =+L31+M32 -> 610906.11 | M32: =+[3]DailyApr!AJ31 -> 25263.7 | N32: =M32/B32 -> 637.26415 | O32: =M32/C32 -> 649.97041 | P32: =+E32+I32+M32 -> 36967.4 | Q32: =P32/B32 -> 932.48411 | R32: =P32/C32 -> 951.07669 | V32: Off Reel | W32: Off Rewinder
A33: =1+A32 -> 46138 | B33: =+Report1!P34 -> 42.364 | C33: =+Report1!R34 -> 40.671 | D33: =+D32+E33 -> 115700 | E33: =+[3]DailyApr!AH32 -> 4500 | F33: =E33/B33 -> 106.22226 | G33: =E33/C33 -> 110.64395 | H33: =+H32+I33 -> 169305.72 | I33: =+[3]DailyApr!AI32 -> 6559.61 | J33: =I33/B33 -> 154.83925 | K33: =I33/C33 -> 161.2847 | L33: =+L32+M33 -> 635625.72 | M33: =+[3]DailyApr!AJ32 -> 24719.61 | N33: =M33/B33 -> 583.5051 | O33: =M33/C33 -> 607.7945 | P33: =+E33+I33+M33 -> 35779.22 | Q33: =P33/B33 -> 844.56661 | R33: =P33/C33 -> 879.72314
A34: =1+A33 -> 46139 | B34: =+Report1!P35 -> 42.836 | C34: =+Report1!R35 -> 40.524 | D34: =+D33+E34 -> 120200 | E34: =+[3]DailyApr!AH33 -> 4500 | F34: =E34/B34 -> 105.05183 | G34: =E34/C34 -> 111.04531 | H34: =+H33+I34 -> 175811.57 | I34: =+[3]DailyApr!AI33 -> 6505.85 | J34: =I34/B34 -> 151.87809 | K34: =I34/C34 -> 160.54313 | L34: =+L33+M34 -> 660291.57 | M34: =+[3]DailyApr!AJ33 -> 24665.85 | N34: =M34/B34 -> 575.82057 | O34: =M34/C34 -> 608.67264 | P34: =+E34+I34+M34 -> 35671.7 | Q34: =P34/B34 -> 832.75049 | R34: =P34/C34 -> 880.26108
A35: =1+A34 -> 46140 | B35: =+Report1!P36 -> 41.369 | C35: =+Report1!R36 -> 40.814 | D35: =+D34+E35 -> 124900 | E35: =+[3]DailyApr!AH34 -> 4700 | F35: =E35/B35 -> 113.61164 | G35: =E35/C35 -> 115.15656 | H35: =+H34+I35 -> 182928.63 | I35: =+[3]DailyApr!AI34 -> 7117.06 | J35: =I35/B35 -> 172.03848 | K35: =I35/C35 -> 174.37791 | L35: =+L34+M35 -> 686568.63 | M35: =+[3]DailyApr!AJ34 -> 26277.06 | N35: =M35/B35 -> 635.18722 | O35: =M35/C35 -> 643.82467 | P35: =+E35+I35+M35 -> 38094.12 | Q35: =P35/B35 -> 920.83734 | R35: =P35/C35 -> 933.35914
A36: =1+A35 -> 46141 | B36: =+Report1!P37 -> 29.344 | C36: =+Report1!R37 -> 28.553 | D36: =+D35+E36 -> 129100 | E36: =+[3]DailyApr!AH35 -> 4200 | F36: =E36/B36 -> 143.12977 | G36: =E36/C36 -> 147.09488 | H36: =+H35+I36 -> 189152.5 | I36: =+[3]DailyApr!AI35 -> 6223.87 | J36: =I36/B36 -> 212.10026 | K36: =I36/C36 -> 217.97604 | L36: =+L35+M36 -> 708952.5 | M36: =+[3]DailyApr!AJ35 -> 22383.87 | N36: =M36/B36 -> 762.80909 | O36: =M36/C36 -> 783.94109 | P36: =+E36+I36+M36 -> 32807.74 | Q36: =P36/B36 -> 1118.0391 | R36: =P36/C36 -> 1149.012
A37: =1+A36 -> 46142 | B37: =+Report1!P38 -> 33.689 | C37: =+Report1!R38 -> 29.588 | D37: =+D36+E37 -> 133400 | E37: =+[3]DailyApr!AH36 -> 4300 | F37: =E37/B37 -> 127.6381 | G37: =E37/C37 -> 145.32919 | H37: =+H36+I37 -> 197265.59 | I37: =+[3]DailyApr!AI36 -> 8113.09 | J37: =I37/B37 -> 240.82312 | K37: =I37/C37 -> 274.20204 | L37: =+L36+M37 -> 734225.59 | M37: =+[3]DailyApr!AJ36 -> 25273.09 | N37: =M37/B37 -> 750.18819 | O37: =M37/C37 -> 854.16689 | P37: =+E37+I37+M37 -> 37686.18 | Q37: =P37/B37 -> 1118.6494 | R37: =P37/C37 -> 1273.6981
A38: =1+A37 -> 46143 | B38: =+Report1!P39 -> 0 | C38: =+Report1!R39 -> 0 | D38: =+D37+E38 -> 133400 | E38: =+[3]DailyApr!AH37 -> 0 | F38: =E38/B38 -> #DIV/0! | G38: =E38/C38 -> #DIV/0! | H38: =+H37+I38 -> 197265.59 | I38: =+[3]DailyApr!AI37 -> 0 | J38: =I38/B38 -> #DIV/0! | K38: =I38/C38 -> #DIV/0! | L38: =+L37+M38 -> 734225.59 | M38: =+[3]DailyApr!AJ37 -> 0 | N38: =M38/B38 -> #DIV/0! | O38: =M38/C38 -> #DIV/0! | P38: =+E38+I38+M38 -> 0 | Q38: =P38/B38 -> #DIV/0! | R38: =P38/C38 -> #DIV/0!
A40: TOTAL | B40: =SUM(B8:B38) -> 1169.921 | C40: =SUM(C8:C38) -> 1129.496 | E40: =SUM(E8:E39) -> 133400 | F40: =E40/B40 -> 114.02479 | G40: =E40/C40 -> 118.10577 | I40: =SUM(I8:I39) -> 197265.59 | J40: =I40/B40 -> 168.61445 | K40: =I40/C40 -> 174.64922 | M40: =SUM(M8:M39) -> 734225.59 | N40: =M40/B40 -> 627.58561 | O40: =M40/C40 -> 650.04709 | P40: =+E40+I40+M40 -> 1064891.2 | Q40: =P40/B40 -> 910.22486 | R40: =P40/C40 -> 942.80208
P42: -1320860.8

Sheet Trim Rwd
A1: PM 14 | B1: =+Report1!A9 -> 46113
A3: Tgl | B3: Grade | C3: Ply | D3: Kombinasi Pot. | E3: Lebar Trim | F3: Jml Turunan | G3: Lebar x Turunan | H3: Rata-rata | I3: PHP PM
A4: =+B1 -> 46113 | B4: F 11,5 | C4: 2 | D4: 133*2 | E4: =133*2 -> 266 | F4: =108/2 -> 54 | G4: =+E4*F4 -> 14364 | H4: =+SUM(G4/F4) -> 266 | I4: =+'1'!I38 -> 36.92
A6: 46114 | B6: F 11,5 | C6: 2 | D6: 133*2 | E6: =133*2 -> 266 | F6: 60 | G6: =+E6*F6 -> 15960 | H6: =+SUM(G6/F6) -> 266 | I6: =+'2'!I38 -> 38.343
A8: 46115 | B8: F 11,5 | C8: 2 | D8: 133*2 | E8: =133*2 -> 266 | F8: =116/2 -> 58 | G8: =+E8*F8 -> 15428 | H8: =+SUM(G8/F8) -> 266 | I8: =+'3'!I38 -> 37.472
A10: 46116 | B10: F 11,5 | C10: 2 | D10: 133*2 | E10: =133*2 -> 266 | F10: =3+10+3+6 -> 22 | G10: =+E10*F10 -> 5852 | H10: =+SUM(G10/F10) -> 266 | I10: =+'4'!I38 -> 42.465
B11: F 14 | C11: 2 | D11: 275*1 | E11: =275*1 -> 275 | F11: 4 | G11: =+E11*F11 -> 1100 | H11: =+SUM(G11/F11) -> 275
B12: F 13 | C12: 2 | D12: 130,5*2 | E12: =130.5*2 -> 261 | F12: =13+2 -> 15 | G12: =+E12*F12 -> 3915 | H12: =+(F12*E12+F13*E13+F14*E14)/SUM(F12:F14) -> 263.11538
B13: F 13 | C13: 2 | D13: 133*2 | E13: =133*2 -> 266 | F13: 11 | G13: =+E13*F13 -> 2926
A15: 46117 | B15: F 11,5 | C15: 2 | D15: 133*2 | E15: =133*2 -> 266 | F15: =13+7+13+5+13+9 -> 60 | G15: =+E15*F15 -> 15960 | H15: =+SUM(G15/F15) -> 266 | I15: =+'5'!I38 -> 39.04
A17: 46118 | B17: F 11,5 | C17: 2 | D17: 133*2 | E17: =133*2 -> 266 | F17: 12 | G17: =+E17*F17 -> 3192 | H17: =+SUM(G17/F17) -> 266 | I17: =+'6'!I38 -> 41.542
B18: F 12 | C18: 2 | D18: 133*2 | E18: =133*2 -> 266 | F18: 8 | G18: =+E18*F18 -> 2128 | H18: =+SUM(G18/F18) -> 266
B19: F 14 | C19: 2 | D19: 120+140 | E19: =120+140 -> 260 | F19: 35 | G19: =+E19*F19 -> 9100 | H19: =+SUM(G19/F19) -> 260
A21: 46119 | B21: F 14 | C21: 2 | D21: 120+140 | E21: =120+140 -> 260 | F21: =13+6+12+11+8 -> 50 | G21: =+E21*F21 -> 13000 | H21: =+SUM(G21/F21) -> 260 | I21: =+'7'!I38 -> 43.432
B22: F 16 | C22: 2 | D22: 275*1 | E22: =275*1 -> 275 | F22: 3 | G22: =+E22*F22 -> 825 | H22: =+SUM(G22/F22) -> 275
A24: 46120 | B24: F 14 | C24: 2 | D24: 120+140 | E24: =120+140 -> 260 | F24: 18 | G24: =+E24*F24 -> 4680 | H24: =+SUM(G24/F24) -> 260 | I24: =+'8'!I38 -> 43.382
B25: F 16 | C25: 2 | D25: 275*1 | E25: =275*1 -> 275 | F25: =10+2+10 -> 22 | G25: =+E25*F25 -> 6050 | H25: =+SUM(G25/F25) -> 275
A27: 46121 | B27: F 15 | C27: 2 | D27: 136,5+117+15,5 | E27: =136.5+117+15.5 -> 269 | F27: 4 | G27: =+E27*F27 -> 1076 | H27: =+SUM(G27/F27) -> 269 | I27: =+'9'!I38 -> 5.736
B28: T 14 | C28: 2 | D28: 133*2 | E28: =133*2 -> 266 | F28: 1 | G28: =+E28*F28 -> 266 | H28: =+SUM(G28/F28) -> 266
A30: 46122 | B30: T 13 | C30: 2 | D30: 129*2 | E30: =129*2 -> 258 | F30: =8+13+2+13+5 -> 41 | G30: =+E30*F30 -> 10578 | H30: =+SUM(G30/F30) -> 258 | I30: =+'10'!I38 -> 36.385
B31: T 14 | C31: 2 | D31: 133*2 | E31: =133*2 -> 266 | F31: 6 | G31: =+E31*F31 -> 1596 | H31: =+SUM(G31/F31) -> 266
A33: 46123 | B33: T 13 | C33: 2 | D33: 129*2 | E33: =129*2 -> 258 | F33: 61 | G33: =+E33*F33 -> 15738 | H33: =+SUM(G33/F33) -> 258 | I33: =+'11'!I38 -> 37.645
A35: 46124 | B35: T 13 | C35: 2 | D35: 129*2 | E35: =129*2 -> 258 | F35: 60 | G35: =+E35*F35 -> 15480 | H35: =+SUM(G35/F35) -> 258 | I35: =+'12'!I38 -> 38.573
A37: 46125 | B37: T 13 | C37: 2 | D37: 129*2 | E37: =129*2 -> 258 | F37: 41 | G37: =+E37*F37 -> 10578 | H37: =+SUM(G37/F37) -> 258 | I37: =+'13'!I38 -> 27.854
A39: 46126 | B39: T 13 | C39: 2 | D39: 129*2 | E39: =129*2 -> 258 | F39: 1 | G39: =+E39*F39 -> 258 | H39: =+(F39*E39+F40*E40)/SUM(F39:F40) -> 256.56818 | I39: =+'14'!I38 -> 43.125
B40: T 13 | C40: 2 | D40: 256,5*1 | E40: =256.5*1 -> 256.5 | F40: =9+9+3 -> 21 | G40: =+E40*F40 -> 5386.5
B41: T 12 | C41: 2 | D41: 267*1 | E41: =267*1 -> 267 | F41: 13 | G41: =+E41*F41 -> 3471 | H41: =+SUM(G41/F41) -> 267
A43: 46127 | B43: T 13 | C43: 2 | D43: 256,5*1 | E43: =256.5*1 -> 256.5 | F43: 25 | G43: =+E43*F43 -> 6412.5 | H43: =+SUM(G43/F43) -> 256.5 | I43: =+'15'!I38 -> 46.03
A45: 46128 | B45: T 13 | C45: 2 | D45: 256,5*1 | E45: =256.5*1 -> 256.5 | F45: 26 | G45: =+E45*F45 -> 6669 | H45: =+SUM(G45/F45) -> 256.5 | I45: =+'16'!I38 -> 45.049
A47: 46129 | B47: T 13 | C47: 2 | D47: 256,5*1 | E47: =256.5*1 -> 256.5 | F47: 24 | G47: =+E47*F47 -> 6156 | H47: =+SUM(G47/F47) -> 256.5 | I47: =+'16'!I40 -> 46.641
A49: 46130 | B49: T 13 | C49: 2 | D49: 256,5*1 | E49: =256.5*1 -> 256.5 | F49: 6 | G49: =+E49*F49 -> 1539 | H49: =+SUM(G49/F49) -> 256.5 | I49: =+'18'!I38 -> 40.574
B50: T 12,5 | C50: 2 | D50: 257*1 | E50: =257*1 -> 257 | F50: =17+16 -> 33 | G50: =+E50*F50 -> 8481 | H50: =+SUM(G50/F50) -> 257
B51: T 12 | C51: 2 | D51: 267*1 | E51: =267*1 -> 267 | F51: =2+2 -> 4 | G51: =+E51*F51 -> 1068 | H51: =+SUM(G51/F51) -> 267
A53: 46131 | B53: T 12,5 | C53: 2 | D53: 257*1 | E53: =257*1 -> 257 | F53: =12+6+22 -> 40 | G53: =+E53*F53 -> 10280 | H53: =+SUM(G53/F53) -> 257 | I53: =+'19'!I38 -> 42.658
B54: T 13,5 | C54: 2 | D54: 256,5*1 | E54: =256.5*1 -> 256.5 | F54: 14 | G54: =+E54*F54 -> 3591 | H54: =+SUM(G54/F54) -> 256.5
A56: 46132 | B56: F 14,5 | C56: 2 | D56: 128*2 | E56: =128*2 -> 256 | F56: =6+13+14+10+10 -> 53 | G56: =+E56*F56 -> 13568 | H56: =+SUM(G56/F56) -> 256 | I56: =+'20'!I38 -> 42.622
B57: F 12 | C57: 2 | D57: 130*2 | E57: =130*2 -> 260 | F57: 4 | G57: =+E57*F57 -> 1040 | H57: =+SUM(G57/F57) -> 260
B58: T 13,5 | C58: 2 | D58: 256,5*1 | E58: =256.5*1 -> 256.5 | F58: 7 | G58: =+E58*F58 -> 1795.5 | H58: =+SUM(G58/F58) -> 256.5
A60: 46133 | B60: F 14,5 | C60: 2 | D60: 128*2 | E60: =256.5*1 -> 256.5 | F60: 64 | G60: =+E60*F60 -> 16416 | H60: =+SUM(G60/F60) -> 256.5 | I60: =+'21'!I38 -> 44.066
A62: 46134 | B62: F 14,5 | C62: 2 | D62: 128*2 | E62: =256.5*1 -> 256.5 | F62: 61 | G62: =+E62*F62 -> 15646.5 | H62: =+SUM(G62/F62) -> 256.5 | I62: =+'22'!I38 -> 42.384
A64: 46135 | B64: F 14,5 | C64: 2 | D64: 128*2 | E64: =256.5*1 -> 256.5 | F64: =122/2 -> 61 | G64: =+E64*F64 -> 15646.5 | H64: =+SUM(G64/F64) -> 256.5 | I64: =+'23'!I38 -> 44.05
A66: 46136 | B66: F 14 | C66: 2 | D66: 120+140 | E66: =120+140 -> 260 | F66: =13+2+1+1 -> 17 | G66: =+E66*F66 -> 4420 | H66: =+SUM(G66/F66) -> 260 | I66: =+'24'!I38 -> 38.176
B67: F 13 | C67: 2 | D67: 116*2+25 | E67: =116*2+25 -> 257 | F67: =3+10+4+1 -> 18 | G67: =+E67*F67 -> 4626 | H67: =+(F67*E67+F68*E68)/SUM(F67:F68) -> 257.625
B68: F 13 | C68: 2 | D68: 129*2 | E68: =129*2 -> 258 | F68: =11+13+6 -> 30 | G68: =+E68*F68 -> 7740
A70: 46137 | B70: F 13 | C70: 2 | D70: 135+127,5 | E70: =135+127.5 -> 262.5 | F70: =11+10+6 -> 27 | G70: =+E70*F70 -> 7087.5 | H70: =+(F70*E70+F71*E71)/SUM(F70:F71) -> 261.28378 | I70: =+'25'!I38 -> 39.644
B71: F 13 | C71: 2 | D71: 129*2 | E71: =129*2 -> 258 | F71: 10 | G71: =+E71*F71 -> 2580
B72: F 12 | C72: 2 | D72: 140+122,5 | E72: =140+122.5 -> 262.5 | F72: =4+13+1+9 -> 27 | G72: =+E72*F72 -> 7087.5 | H72: =+SUM(G72/F72) -> 262.5
A74: 46138 | B74: F 12 | C74: 2 | D74: 140+122,5 | E74: =140+122.5 -> 262.5 | F74: =12+3 -> 15 | G74: =+E74*F74 -> 3937.5 | H74: =+(F74*E74+F75*E75)/SUM(F74:F75) -> 264.5 | I74: =+'26'!I38 -> 42.364
B75: F 12 | C75: 2 | D75: 133*2 | E75: =133*2 -> 266 | F75: =9+6+5 -> 20 | G75: =+E75*F75 -> 5320
B76: T 15 | C76: 2 | D76: 268*1 | E76: =268*1 -> 268 | F76: =5+3+9+13 -> 30 | G76: =+E76*F76 -> 8040 | H76: =+SUM(G76/F76) -> 268
A78: 46139 | B78: T 15 | C78: 2 | D78: 268*1 | E78: =268*1 -> 268 | F78: 6 | G78: =+E78*F78 -> 1608 | H78: =+SUM(G78/F78) -> 268 | I78: =+'27'!I38 -> 42.836
B79: T 15 | C79: 2 | D79: 130*2 | E79: =130*2 -> 260 | F79: =9+7+1 -> 17 | G79: =+E79*F79 -> 4420
B80: T 13,5 | C80: 2 | D80: 268*1 | E80: =268*1 -> 268 | F80: =9+8+9+8 -> 34 | G80: =+E80*F80 -> 9112 | H80: =+SUM(G80/F80) -> 268
B81: T 13 | C81: 2 | D81: 134*2 | E81: =134*2 -> 268 | F81: 0 | G81: 0 | H81: =+E81 -> 268
A83: 46140 | B83: T 13 | C83: 2 | D83: 134*2 | E83: =134*2 -> 268 | F83: 21 | G83: =+E83*F83 -> 5628 | H83: =+SUM(G83/F83) -> 268 | I83: =+'28'!I38 -> 41.369
B84: T 14 | C84: 2 | D84: 268*1 | E84: =268*1 -> 268 | F84: 1 | G84: =+E84*F84 -> 268
B85: T 12,5 | C85: 2 | D85: 256*1 | E85: =256*1 -> 256 | F85: =18+17 -> 35 | G85: =+E85*F85 -> 8960 | H85: =+SUM(G85/F85) -> 256
A87: 46141 | B87: T 12,5 | C87: 2 | D87: 256*1 | E87: =256*1 -> 256 | F87: =5+8 -> 13 | G87: =+E87*F87 -> 3328 | H87: =+(F87*E87+F88*E88+E89*F89)/SUM(F87:F89) -> 259.20513 | I87: =+'29'!I38 -> 29.344
B88: T 12,5 | C88: 2 | D88: 257*1 | E88: =257*1 -> 257 | F88: =6+11 -> 17 | G88: =+E88*F88 -> 4369
B89: T 12,5 | C89: 2 | D89: 268*1 | E89: =268*1 -> 268 | F89: =3+6 -> 9 | G89: =+E89*F89 -> 2412
A91: 46142 | B91: T 12,5 | C91: 2 | D91: 257*1 | E91: =257*1 -> 257 | F91: =3+5 -> 8 | G91: =+E91*F91 -> 2056 | H91: =+(F91*E91+F92*E92)/SUM(F91:F92) -> 262.13333 | I91: =+'30'!I38 -> 33.689
B92: T 12,5 | C92: 2 | D92: 268*1 | E92: =268*1 -> 268 | F92: =4+3 -> 7 | G92: =+E92*F92 -> 1876
B93: F 12 | C93: 2 | D93: 133*2 | E93: =133*2 -> 266 | F93: =3+8+7+3 -> 21 | G93: =+E93*F93 -> 5586 | H93: =+(F93*E93+F94*E94)/SUM(F93:F94) -> 265.32692
B94: F 12 | C94: 2 | D94: 140+122,5 | E94: =140+122.5 -> 262.5 | F94: =3+2 -> 5 | G94: =+E94*F94 -> 1312.5

Sheet Efficiency1
A1: PM14 Efficiency Report
A3: Date | B3: Grade | C3: Speed real (ton) with Available Time | D3: Colour | E3: gsm | F3: Ply | G3: Standard | L3: Real Running | O3: Trim Rewinder (cm) | P3: Trim Rewinder x Running Time | Q3: Available Time (mnt) | R3: Down Time (mnt) | S3: Loss Time (mnt) | T3: Real Speed & Real Creepe Ratio with Available Time (ton) | U3: Real Speed & Real Creepe Ratio setelah dipotong DT & LT (ton) | V3: Loss tonase akibat DT + LT dari hitungan Teori with available time (ton) | W3: Accepted (ton) | X3: Real Eff dr Target Eff | Y3: Backlog | Z3: Reject Rewinder (ton) | AA3: Estimasi Reject to Broke Plant (ton) | AB3: Estimasi Faktor BW (ton) | AC3: Loss Opportunity in Speed (ton) | AD3: Downtime/ Losstime | AE3: Reason of Downtime / Losstime | AF3: Loss Time | AM3: Total Losstime | AN3: Unschedule Shut Down (mnt) | AS3: Schedule Shut Down | AT3: Marketing | AV3: EXT FACTOR | AX3: EXT FACTOR | AZ3: MANAGEMENT | BA3: Total Down Time | BB3: Freq. Sheets Break (X) | BC3: Freq. Change Blade (X) | BD3: Steam, & gangguan sinergy (X) | BE3: Freq, Trip PLN (X) | BF3: Cleaning Holes (X)
AF4: Proses | AI4: Change Grade/Cleaning | AJ4: Mekanik | AK4: Electric & Instrument | AL4: Boiler | AN4: Down Time Produksi | AO4: Mekanik | AP4: Electrical & Instrument | AQ4: Boiler | AR4: Total Unschedule Shut Down | AV4: LOSS | AW4: DOWN TIME | AX4: LOSS | AY4: DOWN TIME
G5: Yankee Speed (mpm) | H5: Max % Creeping | I5: Target Eff | J5: Kapasitas PM-Teori (ton) | K5: Teori (ton) with Available Time | L5: Yankee Speed (mpm) | M5: Popereel Speed (mpm) | N5: % Creeping | AF5: sheet break | AG5: change blade | AH5: change spool | AT5: Loss time | AU5: Down Time | AV5: SINERGY | AW5: SINERGY | AX5: PLN | AY5: PLN
A6: =+Report1!A9 -> 46113 | B6: Facial | C6: =(M6*E6*O6*Q6)/100000000 -> 40.731197 | D6: VP OW | E6: 11.5 | F6: 1 | G6: 1230 | H6: 0.23 | I6: 0.88 | J6: =E6*G6*(1-H6)*1440/1000000*2.74 -> 42.974094 | K6: =(IF(G6<L6,L6,G6)*(1-IF(H6<N6,H6,N6))*E6*O6*Q6)/100000000 -> 41.719376 | L6: 1216.6667 | M6: 924.66667 | N6: =1-(M6/L6) -> 0.24 | O6: =+'Trim Rwd'!H4 -> 266 | P6: =O6*(Q6-R6-S6) -> 361228 | Q6: 1440 | R6: 0 | S6: 82 | T6: =E6*M6*O6*Q6/100000000 -> 40.731197 | U6: =E6*M6*O6*(Q6-R6-S6)/100000000 -> 38.411781 | V6: =E6*G6*(1-N6)*O6/100*(R6+S6)/1000000 -> 2.3448336 | W6: =+'1'!C34/1000 -> 34.951 | X6: =SUM(W6:W10)/SUM(K6:K10) -> 0.8377642 | Y6: 0 | Z6: =+'1'!D25/1000 -> 0 | AA6: =SUM(U6:U10)-SUM(W6:W10)-SUM(Z6:Z10)-SUM(Y6:Y10) -> 3.4607814 | AB6: =(SUM(K6:K10)-SUM(W6:W10)-SUM(Y6:Y10)-SUM(Z6:Z10)-SUM(AC6:AC10)-SUM(V6:V10))-AA6 -> -0.025418251 | AC6: =K6-T6 -> 0.98817936 | AD6: =+AM6+BA6 -> 16 | AE6: - Sheet Breaks (6x) | AF6: 16 | AM6: =SUM(AF6:AL6)+AT6+AV6+AX6 -> 16 | AR6: =SUM(AN6:AQ6) -> 0 | BA6: =+AR6+AS6+AU6+AW6+AY6+AZ6 -> 0 | BB6: 6
AD7: =+AM7+BA7 -> 13 | AE7: - Change Blade (6x) | AG7: 13 | AM7: =SUM(AF7:AL7)+AT7+AV7+AX7 -> 13 | AR7: =SUM(AN7:AQ7) -> 0 | BA7: =+AR7+AS7+AU7+AW7+AY7+AZ7 -> 0 | BC7: 6
AD8: =+AM8+BA8 -> 53 | AE8: - Change Spool (25x) | AH8: 53 | AM8: =SUM(AF8:AL8)+AT8+AV8+AX8 -> 53 | AR8: =SUM(AN8:AQ8) -> 0 | BA8: =+AR8+AS8+AU8+AW8+AY8+AZ8 -> 0
AD9: =+AM9+BA9 -> 0 | AE9: - Cleaning | AM9: =SUM(AF9:AL9)+AT9+AV9+AX9 -> 0 | AR9: =SUM(AN9:AQ9) -> 0 | BA9: =+AR9+AS9+AU9+AW9+AY9+AZ9 -> 0
A11: 46114 | B11: Facial | C11: =(M11*E11*O11*Q11)/100000000 -> 41.177566 | D11: VP OW | E11: 11.5 | F11: 1 | G11: 1230 | H11: 0.23 | I11: 0.88 | J11: =E11*G11*(1-H11)*1440/1000000*2.74 -> 42.974094 | K11: =(IF(G11<L11,L11,G11)*(1-IF(H11<N11,H11,N11))*E11*O11*Q11)/100000000 -> 41.719376 | L11: 1230 | M11: 934.8 | N11: =1-(M11/L11) -> 0.24 | O11: =+'Trim Rwd'!H6 -> 266 | P11: =O11*(Q11-R11-S11) -> 367080 | Q11: 1440 | R11: 0 | S11: 60 | T11: =E11*M11*O11*Q11/100000000 -> 41.177566 | U11: =E11*M11*O11*(Q11-R11-S11)/100000000 -> 39.461834 | V11: =E11*G11*(1-N11)*O11/100*(R11+S11)/1000000 -> 1.7157319 | W11: =+'2'!K7/1000 -> 37.249 | X11: =SUM(W11:W15)/SUM(K11:K15) -> 0.89284652 | Y11: 0 | Z11: =+'2'!D25/1000 -> 0.7 | AA11: =SUM(U11:U15)-SUM(W11:W15)-SUM(Z11:Z15)-SUM(Y11:Y15) -> 1.5128342 | AB11: =(SUM(K11:K15)-SUM(W11:W15)-SUM(Y11:Y15)-SUM(Z11:Z15)-SUM(AC11:AC15)-SUM(V11:V15))-AA11 -> 2.8865799e-15 | AC11: =K11-T11 -> 0.54181008 | AD11: =+AM11+BA11 -> 4 | AE11: - Sheet Breaks (2x) | AF11: 4 | AM11: =SUM(AF11:AL11)+AT11+AV11+AX11 -> 4 | AR11: =SUM(AN11:AQ11) -> 0 | BA11: =+AR11+AS11+AU11+AW11+AY11+AZ11 -> 0 | BB11: 2
AD12: =+AM12+BA12 -> 19 | AE12: - Change Blade (9x) | AG12: 19 | AM12: =SUM(AF12:AL12)+AT12+AV12+AX12 -> 19 | AR12: =SUM(AN12:AQ12) -> 0 | BA12: =+AR12+AS12+AU12+AW12+AY12+AZ12 -> 0 | BC12: 9
AD13: =+AM13+BA13 -> 37 | AE13: - Change Spool (30x) | AH13: 37 | AM13: =SUM(AF13:AL13)+AT13+AV13+AX13 -> 37 | AR13: =SUM(AN13:AQ13) -> 0 | BA13: =+AR13+AS13+AU13+AW13+AY13+AZ13 -> 0
AD14: =+AM14+BA14 -> 0 | AE14: - Cleaning | AM14: =SUM(AF14:AL14)+AT14+AV14+AX14 -> 0 | AR14: =SUM(AN14:AQ14) -> 0 | BA14: =+AR14+AS14+AU14+AW14+AY14+AZ14 -> 0
A16: 46115 | B16: Facial | C16: =(M16*E16*O16*Q16)/100000000 -> 41.177566 | D16: VP OW | E16: 11.5 | F16: 1 | G16: 1230 | H16: 0.23 | I16: 0.88 | J16: =E16*G16*(1-H16)*1440/1000000*2.74 -> 42.974094 | K16: =(IF(G16<L16,L16,G16)*(1-IF(H16<N16,H16,N16))*E16*O16*Q16)/100000000 -> 41.719376 | L16: 1230 | M16: 934.8 | N16: =1-(M16/L16) -> 0.24 | O16: =+'Trim Rwd'!H8 -> 266 | P16: =O16*(Q16-R16-S16) -> 366016 | Q16: 1440 | R16: 0 | S16: 64 | T16: =E16*M16*O16*Q16/100000000 -> 41.177566 | U16: =E16*M16*O16*(Q16-R16-S16)/100000000 -> 39.347452 | V16: =E16*G16*(1-N16)*O16/100*(R16+S16)/1000000 -> 1.830114 | W16: =+'3'!K7/1000 -> 37.431 | X16: =SUM(W16:W20)/SUM(K16:K20) -> 0.89720901 | Y16: 0 | Z16: =+'1'!D35/1000 -> 0 | AA16: =SUM(U16:U20)-SUM(W16:W20)-SUM(Z16:Z20)-SUM(Y16:Y20) -> 1.916452 | AB16: =(SUM(K16:K20)-SUM(W16:W20)-SUM(Y16:Y20)-SUM(Z16:Z20)-SUM(AC16:AC20)-SUM(V16:V20))-AA16 -> 0 | AC16: =K16-T16 -> 0.54181008 | AD16: =+AM16+BA16 -> 6 | AE16: - Sheet Breaks (2x) | AF16: 6 | AM16: =SUM(AF16:AL16)+AT16+AV16+AX16 -> 6 | AR16: =SUM(AN16:AQ16) -> 0 | BA16: =+AR16+AS16+AU16+AW16+AY16+AZ16 -> 0 | BB16: 2
AD17: =+AM17+BA17 -> 8 | AE17: - Change Blade (6x) | AG17: 8 | AM17: =SUM(AF17:AL17)+AT17+AV17+AX17 -> 8 | AR17: =SUM(AN17:AQ17) -> 0 | BA17: =+AR17+AS17+AU17+AW17+AY17+AZ17 -> 0 | BC17: 6
AD18: =+AM18+BA18 -> 50 | AE18: - Change Spool (29x) | AH18: 50 | AM18: =SUM(AF18:AL18)+AT18+AV18+AX18 -> 50 | AR18: =SUM(AN18:AQ18) -> 0 | BA18: =+AR18+AS18+AU18+AW18+AY18+AZ18 -> 0
AD19: =+AM19+BA19 -> 0 | AE19: - Cleaning | AM19: =SUM(AF19:AL19)+AT19+AV19+AX19 -> 0 | AR19: =SUM(AN19:AQ19) -> 0 | BA19: =+AR19+AS19+AU19+AW19+AY19+AZ19 -> 0
A21: 46116 | B21: Facial | C21: =(M21*E21*O21*Q21)/100000000 -> 13.725855 | D21: VP OW | E21: 11.5 | F21: 1 | G21: 1230 | H21: 0.23 | I21: 0.88 | J21: =E21*G21*(1-H21)*1440/1000000*2.74 -> 42.974094 | K21: =(IF(G21<L21,L21,G21)*(1-IF(H21<N21,H21,N21))*E21*O21*Q21)/100000000 -> 13.906459 | L21: 1230 | M21: 934.8 | N21: =1-(M21/L21) -> 0.24 | O21: =+'Trim Rwd'!H10 -> 266 | P21: =O21*(Q21-R21-S21) -> 122360 | Q21: 480 | R21: 0 | S21: 20 | T21: =E21*M21*O21*Q21/100000000 -> 13.725855 | U21: =E21*M21*O21*(Q21-R21-S21)/100000000 -> 13.153945 | V21: =E21*G21*(1-N21)*O21/100*(R21+S21)/1000000 -> 0.57191064 | W21: =+'4'!K7/1000 -> 14.036 | X21: =SUM(W21:W25)/SUM(K21:K25) -> 0.91752821 | Y21: 0 | Z21: =+'1'!D40/1000 -> 0 | AA21: =SUM(U21:U25)-SUM(W21:W25)-SUM(Z21:Z25)-SUM(Y21:Y25) -> 0.081616512 | AB21: =(SUM(K21:K25)-SUM(W21:W25)-SUM(Y21:Y25)-SUM(Z21:Z25)-SUM(AC21:AC25)-SUM(V21:V25))-AA21 -> -0.03621506 | AC21: =K21-T21 -> 0.18060336 | AD21: =+AM21+BA21 -> 8 | AE21: - Sheet Breaks (4x) | AF21: 8 | AM21: =SUM(AF21:AL21)+AT21+AV21+AX21 -> 8 | AR21: =SUM(AN21:AQ21) -> 0 | BA21: =+AR21+AS21+AU21+AW21+AY21+AZ21 -> 0 | BB21: 4
B22: Facial | C22: =(M22*E22*O22*Q22)/100000000 -> 5.9204376 | D22: VP OW | E22: 14 | F22: 1 | G22: 1230 | H22: 0.23 | I22: 0.88 | J22: =E22*G22*(1-H22)*1440/1000000*2.74 -> 52.316289 | K22: =(IF(G22<L22,L22,G22)*(1-IF(H22<N22,H22,N22))*E22*O22*Q22)/100000000 -> 6.5998664 | L22: 1180 | M22: 849.6 | N22: =1-(M22/L22) -> 0.28 | O22: =+'Trim Rwd'!H11 -> 275 | P22: =O22*(Q22-R22-S22) -> 46200 | Q22: 181 | R22: 0 | S22: 13 | T22: =E22*M22*O22*Q22/100000000 -> 5.9204376 | U22: =E22*M22*O22*(Q22-R22-S22)/100000000 -> 5.4952128 | V22: =E22*G22*(1-N22)*O22/100*(R22+S22)/1000000 -> 0.4432428 | W22: =+'4'!K8/1000 -> 5.693 | AC22: =K22-T22 -> 0.67942875 | AD22: =+AM22+BA22 -> 0 | AE22: - Change Blade (0x) | AG22: 0 | AM22: =SUM(AF22:AL22)+AT22+AV22+AX22 -> 0 | AR22: =SUM(AN22:AQ22) -> 0 | BA22: =+AR22+AS22+AU22+AW22+AY22+AZ22 -> 0 | BC22: 0
B23: Facial | C23: =(M23*E23*O23*Q23)/100000000 -> 24.503381 | D23: VP OW | E23: 13 | F23: 1 | G23: 1230 | H23: 0.23 | I23: 0.88 | J23: =E23*G23*(1-H23)*1440/1000000*2.74 -> 48.579411 | K23: =(IF(G23<L23,L23,G23)*(1-IF(H23<N23,H23,N23))*E23*O23*Q23)/100000000 -> 25.236138 | L23: 1210 | M23: 919.6 | N23: =1-(M23/L23) -> 0.24 | O23: =+'Trim Rwd'!H12 -> 263.11538 | P23: =O23*(Q23-R23-S23) -> 195757.85 | Q23: 779 | R23: 0 | S23: 35 | T23: =E23*M23*O23*Q23/100000000 -> 24.503381 | U23: =E23*M23*O23*(Q23-R23-S23)/100000000 -> 23.402459 | V23: =E23*G23*(1-N23)*O23/100*(R23+S23)/1000000 -> 1.1191192 | W23: =+'4'!K9/1000 -> 22.241 | AC23: =K23-T23 -> 0.73275661 | AD23: =+AM23+BA23 -> 60 | AE23: - Change Spool (30x) | AH23: 60 | AM23: =SUM(AF23:AL23)+AT23+AV23+AX23 -> 60 | AR23: =SUM(AN23:AQ23) -> 0 | BA23: =+AR23+AS23+AU23+AW23+AY23+AZ23 -> 0
AD24: =+AM24+BA24 -> 0 | AE24: - Cleaning | AM24: =SUM(AF24:AL24)+AT24+AV24+AX24 -> 0 | AR24: =SUM(AN24:AQ24) -> 0 | BA24: =+AR24+AS24+AU24+AW24+AY24+AZ24 -> 0
A26: 46117 | B26: Facial | C26: =(M26*E26*O26*Q26)/100000000 -> 41.177566 | D26: VP OW | E26: 11.5 | F26: 1 | G26: 1230 | H26: 0.23 | I26: 0.88 | J26: =E26*G26*(1-H26)*1440/1000000*2.74 -> 42.974094 | K26: =(IF(G26<L26,L26,G26)*(1-IF(H26<N26,H26,N26))*E26*O26*Q26)/100000000 -> 41.719376 | L26: 1230 | M26: 934.8 | N26: =1-(M26/L26) -> 0.24 | O26: =+'Trim Rwd'!H15 -> 266 | P26: =O26*(Q26-R26-S26) -> 363888 | Q26: 1440 | R26: 0 | S26: 72 | T26: =E26*M26*O26*Q26/100000000 -> 41.177566 | U26: =E26*M26*O26*(Q26-R26-S26)/100000000 -> 39.118688 | V26: =E26*G26*(1-N26)*O26/100*(R26+S26)/1000000 -> 2.0588783 | W26: =+'5'!K7/1000 -> 39.289 | X26: =SUM(W26:W30)/SUM(K26:K30) -> 0.94174467 | Y26: 0 | Z26: =+'1'!D45/1000 -> 0 | AA26: =SUM(U26:U30)-SUM(W26:W30)-SUM(Z26:Z30)-SUM(Y26:Y30) -> -0.17031222 | AB26: =(SUM(K26:K30)-SUM(W26:W30)-SUM(Y26:Y30)-SUM(Z26:Z30)-SUM(AC26:AC30)-SUM(V26:V30))-AA26 -> 3.5527137e-15 | AC26: =K26-T26 -> 0.54181008 | AD26: =+AM26+BA26 -> 0 | AE26: - Sheet Breaks (6x) | AF26: 0 | AM26: =SUM(AF26:AL26)+AT26+AV26+AX26 -> 0 | AR26: =SUM(AN26:AQ26) -> 0 | BA26: =+AR26+AS26+AU26+AW26+AY26+AZ26 -> 0 | BB26: 6
AD27: =+AM27+BA27 -> 0 | AE27: - Change Blade (0x) | AG27: 0 | AM27: =SUM(AF27:AL27)+AT27+AV27+AX27 -> 0 | AR27: =SUM(AN27:AQ27) -> 0 | BA27: =+AR27+AS27+AU27+AW27+AY27+AZ27 -> 0 | BC27: 0
AD28: =+AM28+BA28 -> 72 | AE28: - Change Spool (30x) | AH28: 72 | AM28: =SUM(AF28:AL28)+AT28+AV28+AX28 -> 72 | AR28: =SUM(AN28:AQ28) -> 0 | BA28: =+AR28+AS28+AU28+AW28+AY28+AZ28 -> 0
AD29: =+AM29+BA29 -> 0 | AE29: - Cleaning | AM29: =SUM(AF29:AL29)+AT29+AV29+AX29 -> 0 | AR29: =SUM(AN29:AQ29) -> 0 | BA29: =+AR29+AS29+AU29+AW29+AY29+AZ29 -> 0
A31: 46118 | B31: Facial | C31: =(M31*E31*O31*Q31)/100000000 -> 4.7754538 | D31: VP OW | E31: 11.5 | F31: 1 | G31: 1230 | H31: 0.23 | I31: 0.88 | J31: =E31*G31*(1-H31)*1440/1000000*2.74 -> 42.974094 | K31: =(IF(G31<L31,L31,G31)*(1-IF(H31<N31,H31,N31))*E31*O31*Q31)/100000000 -> 4.8382888 | L31: 1230 | M31: 934.8 | N31: =1-(M31/L31) -> 0.24 | O31: =+'Trim Rwd'!H17 -> 266 | P31: =O31*(Q31-R31-S31) -> 42294 | Q31: 167 | R31: 0 | S31: 8 | T31: =E31*M31*O31*Q31/100000000 -> 4.7754538 | U31: =E31*M31*O31*(Q31-R31-S31)/100000000 -> 4.5466896 | V31: =E31*G31*(1-N31)*O31/100*(R31+S31)/1000000 -> 0.22876426 | W31: =+'6'!K7/1000 -> 5.658 | X31: =SUM(W31:W35)/SUM(K31:K35) -> 0.83363161 | Y31: 0 | Z31: =+'1'!D50/1000 -> 0 | AA31: =SUM(U31:U35)-SUM(W31:W35)-SUM(Z31:Z35)-SUM(Y31:Y35) -> 3.1459555 | AB31: =(SUM(K31:K35)-SUM(W31:W35)-SUM(Y31:Y35)-SUM(Z31:Z35)-SUM(AC31:AC35)-SUM(V31:V35))-AA31 -> -0.104832 | AC31: =K31-T31 -> 0.062834919 | AD31: =+AM31+BA31 -> 9 | AE31: - Sheet Breaks (4x) | AF31: 9 | AM31: =SUM(AF31:AL31)+AT31+AV31+AX31 -> 9 | AR31: =SUM(AN31:AQ31) -> 0 | BA31: =+AR31+AS31+AU31+AW31+AY31+AZ31 -> 0 | BB31: 4
B32: Facial | C32: =(M32*E32*O32*Q32)/100000000 -> 6.0274408 | D32: VP OW | E32: 12 | F32: 1 | G32: 1230 | H32: =+N32 -> 0.24 | I32: 0.88 | J32: =E32*G32*(1-H32)*1440/1000000*2.74 -> 44.260163 | K32: =(IF(G32<L32,L32,G32)*(1-IF(H32<N32,H32,N32))*E32*O32*Q32)/100000000 -> 6.0274408 | L32: 1230 | M32: 934.8 | N32: =1-(M32/L32) -> 0.24 | O32: =+'Trim Rwd'!H18 -> 266 | P32: =O32*(Q32-R32-S32) -> 49210 | Q32: 202 | R32: 0 | S32: 17 | T32: =E32*M32*O32*Q32/100000000 -> 6.0274408 | U32: =E32*M32*O32*(Q32-R32-S32)/100000000 -> 5.520181 | V32: =E32*G32*(1-N32)*O32/100*(R32+S32)/1000000 -> 0.50725987 | W32: =+'6'!K10/1000 -> 7.645 | AC32: =K32-T32 -> 0 | AD32: =+AM32+BA32 -> 9 | AE32: - Change Blade (3x) | AG32: 9 | AM32: =SUM(AF32:AL32)+AT32+AV32+AX32 -> 9 | AR32: =SUM(AN32:AQ32) -> 0 | BA32: =+AR32+AS32+AU32+AW32+AY32+AZ32 -> 0 | BC32: 3
B33: Facial | C33: =(M33*E33*O33*Q33)/100000000 -> 33.624045 | D33: VP OW | E33: 14 | F33: 1 | G33: 1230 | H33: =+N33 -> 0.25 | I33: 0.88 | J33: =E33*G33*(1-H33)*1440/1000000*2.74 -> 50.957424 | K33: =(IF(G33<L33,L33,G33)*(1-IF(H33<N33,H33,N33))*E33*O33*Q33)/100000000 -> 35.963109 | L33: 1150 | M33: 862.5 | N33: =1-(M33/L33) -> 0.25 | O33: =+'Trim Rwd'!H19 -> 260 | P33: =O33*(Q33-R33-S33) -> 265980 | Q33: 1071 | R33: 0 | S33: =73-S31-S32 -> 48 | T33: =E33*M33*O33*Q33/100000000 -> 33.624045 | U33: =E33*M33*O33*(Q33-R33-S33)/100000000 -> 32.117085 | V33: =E33*G33*(1-N33)*O33/100*(R33+S33)/1000000 -> 1.611792 | W33: =+'6'!K8/1000 -> 25.735 | AC33: =K33-T33 -> 2.339064 | AD33: =+AM33+BA33 -> 55 | AE33: - Change Spool (28x) | AH33: 55 | AM33: =SUM(AF33:AL33)+AT33+AV33+AX33 -> 55 | AR33: =SUM(AN33:AQ33) -> 0 | BA33: =+AR33+AS33+AU33+AW33+AY33+AZ33 -> 0
AD34: =+AM34+BA34 -> 0 | AE34: - Cleaning | AM34: =SUM(AF34:AL34)+AT34+AV34+AX34 -> 0 | AR34: =SUM(AN34:AQ34) -> 0 | BA34: =+AR34+AS34+AU34+AW34+AY34+AZ34 -> 0
A36: 46119 | B36: Facial | C36: =(M36*E36*O36*Q36)/100000000 -> 38.207715 | D36: VP OW | E36: 14 | F36: 1 | G36: 1230 | H36: =+N36 -> 0.25 | I36: 0.88 | J36: =E36*G36*(1-H36)*1440/1000000*2.74 -> 50.957424 | K36: =(IF(G36<L36,L36,G36)*(1-IF(H36<N36,H36,N36))*E36*O36*Q36)/100000000 -> 40.865643 | L36: 1150 | M36: 862.5 | N36: =1-(M36/L36) -> 0.25 | O36: =+'Trim Rwd'!H21 -> 260 | P36: =O36*(Q36-R36-S36) -> 301080 | Q36: 1217 | R36: 0 | S36: 59 | T36: =E36*M36*O36*Q36/100000000 -> 38.207715 | U36: =E36*M36*O36*(Q36-R36-S36)/100000000 -> 36.35541 | V36: =E36*G36*(1-N36)*O36/100*(R36+S36)/1000000 -> 1.981161 | W36: =+'7'!K8/1000 -> 34.863 | X36: =SUM(W36:W40)/SUM(K36:K40) -> 0.80586376 | Y36: 0 | Z36: =+'7'!D16/1000 -> 0.397 | AA36: =SUM(U36:U40)-SUM(W36:W40)-SUM(Z36:Z40)-SUM(Y36:Y40) -> 3.48631 | AB36: =(SUM(K36:K40)-SUM(W36:W40)-SUM(Y36:Y40)-SUM(Z36:Z40)-SUM(AC36:AC40)-SUM(V36:V40))-AA36 -> 0.306579 | AC36: =K36-T36 -> 2.657928 | AD36: =+AM36+BA36 -> 16 | AE36: - Sheet Breaks (6x) | AF36: 16 | AM36: =SUM(AF36:AL36)+AT36+AV36+AX36 -> 16 | AR36: =SUM(AN36:AQ36) -> 0 | BA36: =+AR36+AS36+AU36+AW36+AY36+AZ36 -> 0 | BB36: 6
B37: Facial | C37: =(M37*E37*O37*Q37)/100000000 -> 8.0949 | D37: VP OW | E37: 16 | F37: 1 | G37: 1165 | H37: =+N37 -> 0.25 | I37: 0.88 | J37: =E37*G37*(1-H37)*1440/1000000*2.74 -> 55.159488 | K37: =(IF(G37<L37,L37,G37)*(1-IF(H37<N37,H37,N37))*E37*O37*Q37)/100000000 -> 8.573235 | L37: 1100 | M37: 825 | N37: =1-(M37/L37) -> 0.25 | O37: =+'Trim Rwd'!H22 -> 275 | P37: =O37*(Q37-R37-S37) -> 55825 | Q37: 223 | R37: 0 | S37: 20 | T37: =E37*M37*O37*Q37/100000000 -> 8.0949 | U37: =E37*M37*O37*(Q37-R37-S37)/100000000 -> 7.3689 | V37: =E37*G37*(1-N37)*O37/100*(R37+S37)/1000000 -> 0.7689 | W37: =+'7'!K11/1000 -> 4.978 | AD37: =+AM37+BA37 -> 4 | AE37: - Change Blade (2x) | AG37: 4 | AM37: =SUM(AF37:AL37)+AT37+AV37+AX37 -> 4 | AR37: =SUM(AN37:AQ37) -> 0 | BA37: =+AR37+AS37+AU37+AW37+AY37+AZ37 -> 0 | BC37: 2
AD38: =+AM38+BA38 -> 59 | AE38: - Change Spool (30x) | AH38: 59 | AM38: =SUM(AF38:AL38)+AT38+AV38+AX38 -> 59 | AR38: =SUM(AN38:AQ38) -> 0 | BA38: =+AR38+AS38+AU38+AW38+AY38+AZ38 -> 0
AD39: =+AM39+BA39 -> 0 | AE39: - Cleaning | AM39: =SUM(AF39:AL39)+AT39+AV39+AX39 -> 0 | AR39: =SUM(AN39:AQ39) -> 0 | BA39: =+AR39+AS39+AU39+AW39+AY39+AZ39 -> 0
A41: 46120 | B41: Facial | C41: =(M41*E41*O41*Q41)/100000000 -> 8.1627 | D41: VP OW | E41: 14 | F41: 1 | G41: 1230 | H41: =+N41 -> 0.25 | I41: 0.88 | J41: =E41*G41*(1-H41)*1440/1000000*2.74 -> 50.957424 | K41: =(IF(G41<L41,L41,G41)*(1-IF(H41<N41,H41,N41))*E41*O41*Q41)/100000000 -> 8.73054 | L41: 1150 | M41: 862.5 | N41: =1-(M41/L41) -> 0.25 | O41: =+'Trim Rwd'!H24 -> 260 | P41: =O41*(Q41-R41-S41) -> 63700 | Q41: 260 | R41: 0 | S41: 15 | T41: =E41*M41*O41*Q41/100000000 -> 8.1627 | U41: =E41*M41*O41*(Q41-R41-S41)/100000000 -> 7.691775 | V41: =E41*G41*(1-N41)*O41/100*(R41+S41)/1000000 -> 0.503685 | W41: =+'8'!K8/1000 -> 12.107 | X41: =SUM(W41:W45)/SUM(K41:K45) -> 0.81688571 | Y41: 0 | Z41: 0 | AA41: =SUM(U41:U45)-SUM(W41:W45)-SUM(Z41:Z45)-SUM(Y41:Y45) -> 2.1067969 | AB41: =(SUM(K41:K45)-SUM(W41:W45)-SUM(Y41:Y45)-SUM(Z41:Z45)-SUM(AC41:AC45)-SUM(V41:V45))-AA41 -> -0.281529 | AC41: =K41-T41 -> 0.56784 | AD41: =+AM41+BA41 -> 16 | AE41: - Sheet Breaks (5x) | AF41: 16 | AM41: =SUM(AF41:AL41)+AT41+AV41+AX41 -> 16 | AR41: =SUM(AN41:AQ41) -> 0 | BA41: =+AR41+AS41+AU41+AW41+AY41+AZ41 -> 0 | BB41: 5
B42: Facial | C42: =(M42*E42*O42*Q42)/100000000 -> 39.95145 | D42: VP OW | E42: 16 | F42: 1 | G42: 1165 | H42: =+N42 -> 0.25 | I42: 0.88 | J42: =E42*G42*(1-H42)*1440/1000000*2.74 -> 55.159488 | K42: =(IF(G42<L42,L42,G42)*(1-IF(H42<N42,H42,N42))*E42*O42*Q42)/100000000 -> 44.327085 | L42: 1050 | M42: 787.5 | N42: =1-(M42/L42) -> 0.25 | O42: =+'Trim Rwd'!H25 -> 275 | P42: =O42*(Q42-R42-S42) -> 299750 | Q42: 1153 | R42: 0 | S42: =80-S41-S43 -> 63 | T42: =E42*M42*O42*Q42/100000000 -> 39.95145 | U42: =E42*M42*O42*(Q42-R42-S42)/100000000 -> 37.7685 | V42: =E42*G42*(1-N42)*O42/100*(R42+S42)/1000000 -> 2.422035 | W42: =+'8'!K11/1000 -> 32.056 | AC42: =K42-T42 -> 4.375635 | AD42: =+AM42+BA42 -> 8 | AE42: - Change Blade (4x) | AG42: 8 | AM42: =SUM(AF42:AL42)+AT42+AV42+AX42 -> 8 | AR42: =SUM(AN42:AQ42) -> 0 | BA42: =+AR42+AS42+AU42+AW42+AY42+AZ42 -> 0 | BC42: 4
B43: Facial | C43: =(M43*E43*O43*Q43)/100000000 -> 0.87428363 | D43: VP OW | E43: 15 | F43: 1 | G43: 1230 | H43: =+N43 -> 0.25 | I43: 0.88 | J43: =E43*G43*(1-H43)*1440/1000000*2.74 -> 54.59724 | K43: =(IF(G43<L43,L43,G43)*(1-IF(H43<N43,H43,N43))*E43*O43*Q43)/100000000 -> 1.0050176 | L43: 1070 | M43: 802.5 | N43: =1-(M43/L43) -> 0.25 | O43: =+'Trim Rwd'!H27 -> 269 | P43: =O43*(Q43-R43-S43) -> 6725 | Q43: 27 | R43: 0 | S43: 2 | T43: =E43*M43*O43*Q43/100000000 -> 0.87428363 | U43: =E43*M43*O43*(Q43-R43-S43)/100000000 -> 0.80952187 | V43: =E43*G43*(1-N43)*O43/100*(R43+S43)/1000000 -> 0.07444575 | W43: =+'8'!K12/1000 -> 0 | AC43: =K43-T43 -> 0.130734 | AD43: =+AM43+BA43 -> 56 | AE43: - Change Spool (30x) | AH43: 56 | AM43: =SUM(AF43:AL43)+AT43+AV43+AX43 -> 56 | AR43: =SUM(AN43:AQ43) -> 0 | BA43: =+AR43+AS43+AU43+AW43+AY43+AZ43 -> 0
AD44: =+AM44+BA44 -> 0 | AE44: - Cleaning | AM44: =SUM(AF44:AL44)+AT44+AV44+AX44 -> 0 | AR44: =SUM(AN44:AQ44) -> 0 | BA44: =+AR44+AS44+AU44+AW44+AY44+AZ44 -> 0
A46: 46121 | B46: Facial | C46: =(M46*E46*O46*Q46)/100000000 -> 39.439906 | D46: VP OW | E46: 15 | F46: 1 | G46: 1230 | H46: =+N46 -> 0.25 | I46: 0.88 | J46: =E46*G46*(1-H46)*1440/1000000*2.74 -> 54.59724 | K46: =(IF(G46<L46,L46,G46)*(1-IF(H46<N46,H46,N46))*E46*O46*Q46)/100000000 -> 45.337462 | L46: 1070 | M46: 802.5 | N46: =1-(M46/L46) -> 0.25 | O46: =+'Trim Rwd'!H27 -> 269 | P46: =O46*(Q46-R46-S46) -> 16140 | Q46: =67+413+738 -> 1218 | R46: =413+738 -> 1151 | S46: 7 | T46: =E46*M46*O46*Q46/100000000 -> 39.439906 | U46: =E46*M46*O46*(Q46-R46-S46)/100000000 -> 1.9428525 | V46: =E46*G46*(1-N46)*O46/100*(R46+S46)/1000000 -> 43.104089 | W46: =+'9'!K12/1000 -> 3.202 | X46: =SUM(W46:W50)/SUM(K46:K50) -> 0.076207397 | Y46: 0 | Z46: 0 | AA46: =SUM(U46:U50)-SUM(W46:W50)-SUM(Z46:Z50)-SUM(Y46:Y50) -> 2.5004403 | AB46: =(SUM(K46:K50)-SUM(W46:W50)-SUM(Y46:Y50)-SUM(Z46:Z50)-SUM(AC46:AC50)-SUM(V46:V50))-AA46 -> -5.7009005 | AC46: =K46-T46 -> 5.897556 | AD46: =+AM46+BA46 -> 0 | AE46: - Sheet Breaks (0x) | AF46: 0 | AM46: =SUM(AF46:AL46)+AT46+AV46+AX46 -> 0 | AR46: =SUM(AN46:AQ46) -> 0 | BA46: =+AR46+AS46+AU46+AW46+AY46+AZ46 -> 0 | BB46: 0
B47: Toilet | C47: =(M47*E47*O47*Q47)/100000000 -> 4.7514069 | D47: VP OW | E47: 14 | F47: 1 | G47: 1230 | H47: =+N47 -> 0.24 | I47: 0.88 | J47: =E47*G47*(1-H47)*1440/1000000*2.74 -> 51.636856 | K47: =(IF(G47<L47,L47,G47)*(1-IF(H47<N47,H47,N47))*E47*O47*Q47)/100000000 -> 7.7282533 | L47: 756.21622 | M47: 574.72432 | N47: =1-(M47/L47) -> 0.24 | O47: =+'Trim Rwd'!H28 -> 266 | P47: =O47*(Q47-R47-S47) -> 57190 | Q47: 222 | R47: 0 | S47: 7 | T47: =E47*M47*O47*Q47/100000000 -> 4.7514069 | U47: =E47*M47*O47*(Q47-R47-S47)/100000000 -> 4.6015878 | V47: =E47*G47*(1-N47)*O47/100*(R47+S47)/1000000 -> 0.24368366 | W47: =+'9'!K13/1000 -> 0.842 | AC47: =K47-T47 -> 2.9768464 | AD47: =+AM47+BA47 -> 0 | AE47: - Change Blade (0x) | AG47: 0 | AM47: =SUM(AF47:AL47)+AT47+AV47+AX47 -> 0 | AR47: =SUM(AN47:AQ47) -> 0 | BA47: =+AR47+AS47+AU47+AW47+AY47+AZ47 -> 0 | BC47: 0
AD48: =+AM48+BA48 -> 14 | AE48: - Change Spool (7x) | AH48: 14 | AM48: =SUM(AF48:AL48)+AT48+AV48+AX48 -> 14 | AR48: =SUM(AN48:AQ48) -> 0 | BA48: =+AR48+AS48+AU48+AW48+AY48+AZ48 -> 0
AD49: =+AM49+BA49 -> 0 | AE49: - Cleaning | AI49: 0 | AM49: =SUM(AF49:AL49)+AT49+AV49+AX49 -> 0 | AR49: =SUM(AN49:AQ49) -> 0 | BA49: =+AR49+AS49+AU49+AW49+AY49+AZ49 -> 0
AD50: =+AM50+BA50 -> 207 | AE50: - 08:07 pm trip driver suction fault | AM50: =SUM(AF50:AL50)+AT50+AV50+AX50 -> 0 | AP50: 207 | AR50: =SUM(AN50:AQ50) -> 207 | BA50: =+AR50+AS50+AU50+AW50+AY50+AZ50 -> 207
AD51: =+AM51+BA51 -> 206 | AE51: - 08:07 pm trip driver suction fault | AO51: 206 | AR51: =SUM(AN51:AQ51) -> 206 | BA51: =+AR51+AS51+AU51+AW51+AY51+AZ51 -> 206
AD52: =+AM52+BA52 -> 738 | AE52: - Ganti felt , felt kejatuhann roll felt | AM52: =SUM(AF52:AL52)+AT52+AV52+AX52 -> 0 | AR52: =SUM(AN52:AQ52) -> 0 | AS52: 738 | BA52: =+AR52+AS52+AU52+AW52+AY52+AZ52 -> 738
A54: 46122 | B54: Toilet | C54: =(M54*E54*O54*Q54)/100000000 -> 3.1698688 | D54: VP OW | E54: 14 | F54: 1 | G54: 1230 | H54: =+N54 -> 0.24 | I54: 0.88 | J54: =E54*G54*(1-H54)*1440/1000000*2.74 -> 51.636856 | K54: =(IF(G54<L54,L54,G54)*(1-IF(H54<N54,H54,N54))*E54*O54*Q54)/100000000 -> 4.8736733 | L54: 800 | M54: 608 | N54: =1-(M54/L54) -> 0.24 | O54: =+'Trim Rwd'!H31 -> 266 | P54: =O54*(Q54-R54-S54) -> 34846 | Q54: 140 | R54: 0 | S54: 9 | T54: =E54*M54*O54*Q54/100000000 -> 3.1698688 | U54: =E54*M54*O54*(Q54-R54-S54)/100000000 -> 2.9660915 | V54: =E54*G54*(1-N54)*O54/100*(R54+S54)/1000000 -> 0.31330757 | W54: =+'10'!K13/1000 -> 4.758 | X54: =SUM(W54:W58)/SUM(K54:K58) -> 0.67229958 | Y54: 0 | Z54: 0 | AA54: =SUM(U54:U58)-SUM(W54:W58)-SUM(Z54:Z58)-SUM(Y54:Y58) -> 6.2953599 | AB54: =(SUM(K54:K58)-SUM(W54:W58)-SUM(Y54:Y58)-SUM(Z54:Z58)-SUM(AC54:AC58)-SUM(V54:V58))-AA54 -> -0.28541787 | AC54: =K54-T54 -> 1.7038045 | AD54: =+AM54+BA54 -> 0 | AE54: - Sheet Breaks (0x) | AF54: 0 | AM54: =SUM(AF54:AL54)+AT54+AV54+AX54 -> 0 | AR54: =SUM(AN54:AQ54) -> 0 | BA54: =+AR54+AS54+AU54+AW54+AY54+AZ54 -> 0 | BB54: 0
B55: Toilet | C55: =(M55*E55*O55*Q55)/100000000 -> 35.549559 | D55: VP OW | E55: 13 | F55: 1 | G55: 1230 | H55: =+N55 -> 0.2518685 | I55: 0.88 | J55: =E55*G55*(1-H55)*1440/1000000*2.74 -> 47.199724 | K55: =(IF(G55<L55,L55,G55)*(1-IF(H55<N55,H55,N55))*E55*O55*Q55)/100000000 -> 40.122636 | L55: 1089.8077 | M55: 815.31946 | N55: =1-(M55/L55) -> 0.2518685 | O55: =+'Trim Rwd'!H30 -> 258 | P55: =O55*(Q55-R55-S55) -> 322500 | Q55: 1300 | R55: 0 | S55: 50 | T55: =E55*M55*O55*Q55/100000000 -> 35.549559 | U55: =E55*M55*O55*(Q55-R55-S55)/100000000 -> 34.182268 | V55: =E55*G55*(1-N55)*O55/100*(R55+S55)/1000000 -> 1.5431783 | W55: =+'10'!K14/1000 -> 25.493 | Z55: =+'10'!D16/1000 -> 0.602 | AC55: =K55-T55 -> 4.5730772 | AD55: =+AM55+BA55 -> 0 | AE55: - Change Blade (0x) | AG55: 0 | AM55: =SUM(AF55:AL55)+AT55+AV55+AX55 -> 0 | AR55: =SUM(AN55:AQ55) -> 0 | BA55: =+AR55+AS55+AU55+AW55+AY55+AZ55 -> 0 | BC55: 0
AD56: =+AM56+BA56 -> 59 | AE56: - Change Spool (26x) | AH56: 59 | AM56: =SUM(AF56:AL56)+AT56+AV56+AX56 -> 59 | AR56: =SUM(AN56:AQ56) -> 0 | BA56: =+AR56+AS56+AU56+AW56+AY56+AZ56 -> 0
AD57: =+AM57+BA57 -> 0 | AE57: - Cleaning | AI57: 0 | AM57: =SUM(AF57:AL57)+AT57+AV57+AX57 -> 0 | AR57: =SUM(AN57:AQ57) -> 0 | BA57: =+AR57+AS57+AU57+AW57+AY57+AZ57 -> 0
A59: 46123 | B59: Toilet | C59: =(M59*E59*O59*Q59)/100000000 -> 41.669006 | D59: VP OW | E59: 13 | F59: 1 | G59: 1230 | H59: =+N59 -> 0.25 | I59: 0.88 | J59: =E59*G59*(1-H59)*1440/1000000*2.74 -> 47.317608 | K59: =(IF(G59<L59,L59,G59)*(1-IF(H59<N59,H59,N59))*E59*O59*Q59)/100000000 -> 44.554536 | L59: 1150.3403 | M59: 862.75521 | N59: =1-(M59/L59) -> 0.25 | O59: =+'Trim Rwd'!H33 -> 258 | P59: =O59*(Q59-R59-S59) -> 351138 | Q59: 1440 | R59: 0 | S59: 79 | T59: =E59*M59*O59*Q59/100000000 -> 41.669006 | U59: =E59*M59*O59*(Q59-R59-S59)/100000000 -> 39.382998 | V59: =E59*G59*(1-N59)*O59/100*(R59+S59)/1000000 -> 2.4443113 | W59: =+'11'!K34/1000 -> 39.327 | X59: =SUM(W59:W63)/SUM(K59:K63) -> 0.88267107 | Y59: 0 | Z59: 0 | AA59: =SUM(U59:U63)-SUM(W59:W63)-SUM(Z59:Z63)-SUM(Y59:Y63) -> 0.055997985 | AB59: =(SUM(K59:K63)-SUM(W59:W63)-SUM(Y59:Y63)-SUM(Z59:Z63)-SUM(AC59:AC63)-SUM(V59:V63))-AA59 -> -0.15830338 | AC59: =K59-T59 -> 2.88553 | AD59: =+AM59+BA59 -> 60 | AE59: - Sheet Breaks (12x) | AF59: 60 | AM59: =SUM(AF59:AL59)+AT59+AV59+AX59 -> 60 | AR59: =SUM(AN59:AQ59) -> 0 | BA59: =+AR59+AS59+AU59+AW59+AY59+AZ59 -> 0 | BB59: 12
AD60: =+AM60+BA60 -> 4 | AE60: - Change Blade (2x) | AG60: 4 | AM60: =SUM(AF60:AL60)+AT60+AV60+AX60 -> 4 | AR60: =SUM(AN60:AQ60) -> 0 | BA60: =+AR60+AS60+AU60+AW60+AY60+AZ60 -> 0 | BC60: 2
AD61: =+AM61+BA61 -> 15 | AE61: - Change Spool (24x) | AH61: 15 | AM61: =SUM(AF61:AL61)+AT61+AV61+AX61 -> 15 | AR61: =SUM(AN61:AQ61) -> 0 | BA61: =+AR61+AS61+AU61+AW61+AY61+AZ61 -> 0
AD62: =+AM62+BA62 -> 0 | AE62: - Cleaning | AI62: 0 | AM62: =SUM(AF62:AL62)+AT62+AV62+AX62 -> 0 | AR62: =SUM(AN62:AQ62) -> 0 | BA62: =+AR62+AS62+AU62+AW62+AY62+AZ62 -> 0
A64: 46124 | B64: Toilet | C64: =(M64*E64*O64*Q64)/100000000 -> 41.777424 | D64: VP OW | E64: 13 | F64: 1 | G64: 1230 | H64: =+N64 -> 0.25 | I64: 0.88 | J64: =E64*G64*(1-H64)*1440/1000000*2.74 -> 47.317608 | K64: =(IF(G64<L64,L64,G64)*(1-IF(H64<N64,H64,N64))*E64*O64*Q64)/100000000 -> 44.554536 | L64: 1153.3333 | M64: 865 | N64: =1-(M64/L64) -> 0.25 | O64: =+'Trim Rwd'!H35 -> 258 | P64: =O64*(Q64-R64-S64) -> 353718 | Q64: 1440 | R64: 0 | S64: 69 | T64: =E64*M64*O64*Q64/100000000 -> 41.777424 | U64: =E64*M64*O64*(Q64-R64-S64)/100000000 -> 39.775589 | V64: =E64*G64*(1-N64)*O64/100*(R64+S64)/1000000 -> 2.1349049 | W64: =+'12'!K34/1000 -> 35.431 | X64: =SUM(W64:W68)/SUM(K64:K68) -> 0.79522767 | Y64: 0 | Z64: 0 | AA64: =SUM(U64:U68)-SUM(W64:W68)-SUM(Z64:Z68)-SUM(Y64:Y68) -> 4.3445891 | AB64: =(SUM(K64:K68)-SUM(W64:W68)-SUM(Y64:Y68)-SUM(Z64:Z68)-SUM(AC64:AC68)-SUM(V64:V68))-AA64 -> -0.13306995 | AC64: =K64-T64 -> 2.777112 | AD64: =+AM64+BA64 -> 25 | AE64: - Sheet Breaks (5x) | AF64: 25 | AM64: =SUM(AF64:AL64)+AT64+AV64+AX64 -> 25 | AR64: =SUM(AN64:AQ64) -> 0 | BA64: =+AR64+AS64+AU64+AW64+AY64+AZ64 -> 0 | BB64: 5
AD65: =+AM65+BA65 -> 0 | AE65: - Change Blade (0x) | AG65: 0 | AM65: =SUM(AF65:AL65)+AT65+AV65+AX65 -> 0 | AR65: =SUM(AN65:AQ65) -> 0 | BA65: =+AR65+AS65+AU65+AW65+AY65+AZ65 -> 0 | BC65: 0
AD66: =+AM66+BA66 -> 29 | AE66: - Change Spool (25x) | AH66: 29 | AM66: =SUM(AF66:AL66)+AT66+AV66+AX66 -> 29 | AR66: =SUM(AN66:AQ66) -> 0 | BA66: =+AR66+AS66+AU66+AW66+AY66+AZ66 -> 0
AD67: =+AM67+BA67 -> 15 | AE67: - Cleaning | AI67: 15 | AM67: =SUM(AF67:AL67)+AT67+AV67+AX67 -> 15 | AR67: =SUM(AN67:AQ67) -> 0 | BA67: =+AR67+AS67+AU67+AW67+AY67+AZ67 -> 0
A69: 46125 | B69: Toilet | C69: =(M69*E69*O69*Q69)/100000000 -> 38.77412 | D69: VP OW | E69: 13 | F69: 1 | G69: 1230 | H69: =+N69 -> 0.25 | I69: 0.88 | J69: =E69*G69*(1-H69)*1440/1000000*2.74 -> 47.317608 | K69: =(IF(G69<L69,L69,G69)*(1-IF(H69<N69,H69,N69))*E69*O69*Q69)/100000000 -> 40.686955 | L69: 1172.1734 | M69: 879.13007 | N69: =1-(M69/L69) -> 0.25 | O69: =+'Trim Rwd'!H37 -> 258 | P69: =O69*(Q69-R69-S69) -> 214656 | Q69: =888+427 -> 1315 | R69: 427 | S69: 56 | T69: =E69*M69*O69*Q69/100000000 -> 38.77412 | U69: =E69*M69*O69*(Q69-R69-S69)/100000000 -> 24.532371 | V69: =E69*G69*(1-N69)*O69/100*(R69+S69)/1000000 -> 14.944334 | W69: =+'13'!K14/1000 -> 25.204 | X69: =SUM(W69:W73)/SUM(K69:K73) -> 0.56789342 | Y69: 0 | Z69: =+'13'!D16/1000 -> 0.29 | AA69: =SUM(U69:U73)-SUM(W69:W73)-SUM(Z69:Z73)-SUM(Y69:Y73) -> 2.4986907 | AB69: =(SUM(K69:K73)-SUM(W69:W73)-SUM(Y69:Y73)-SUM(Z69:Z73)-SUM(AC69:AC73)-SUM(V69:V73))-AA69 -> -0.7061896 | AC69: =K69-T69 -> 1.9128352 | AD69: =+AM69+BA69 -> 12 | AE69: - Sheet Breaks (4x) | AF69: 12 | AM69: =SUM(AF69:AL69)+AT69+AV69+AX69 -> 12 | AR69: =SUM(AN69:AQ69) -> 0 | BA69: =+AR69+AS69+AU69+AW69+AY69+AZ69 -> 0 | BB69: 4
B70: Toilet | C70: =(M70*E70*O70*Q70)/100000000 -> 3.6045 | D70: VP OW | E70: 12 | F70: 1 | G70: 1230 | H70: =+N70 -> 0.25 | I70: 0.88 | J70: =E70*G70*(1-H70)*1440/1000000*2.74 -> 43.677792 | K70: =(IF(G70<L70,L70,G70)*(1-IF(H70<N70,H70,N70))*E70*O70*Q70)/100000000 -> 3.6946125 | L70: 1200 | M70: 900 | N70: =1-(M70/L70) -> 0.25 | O70: =+'Trim Rwd'!H41 -> 267 | P70: =O70*(Q70-R70-S70) -> 32040 | Q70: 125 | R70: 0 | S70: 5 | T70: =E70*M70*O70*Q70/100000000 -> 3.6045 | U70: =E70*M70*O70*(Q70-R70-S70)/100000000 -> 3.46032 | V70: =E70*G70*(1-N70)*O70/100*(R70+S70)/1000000 -> 0.1477845 | W70: =+'13'!K15/1000 -> 0 | AC70: =K70-T70 -> 0.0901125 | AD70: =+AM70+BA70 -> 0 | AE70: - Change Blade (0x) | AG70: 0 | AM70: =SUM(AF70:AL70)+AT70+AV70+AX70 -> 0 | AR70: =SUM(AN70:AQ70) -> 0 | BA70: =+AR70+AS70+AU70+AW70+AY70+AZ70 -> 0 | BC70: 0
AD71: =+AM71+BA71 -> 38 | AE71: - Change Spool (19x) | AH71: 38 | AM71: =SUM(AF71:AL71)+AT71+AV71+AX71 -> 38 | AR71: =SUM(AN71:AQ71) -> 0 | BA71: =+AR71+AS71+AU71+AW71+AY71+AZ71 -> 0
AD72: =+AM72+BA72 -> 427 | AE72: - Tambah Daya PLN | AM72: =SUM(AF72:AL72)+AT72+AV72+AX72 -> 0 | AR72: =SUM(AN72:AQ72) -> 0 | AY72: 427 | BA72: =+AR72+AS72+AU72+AW72+AY72+AZ72 -> 427
AD73: =+AM73+BA73 -> 11 | AE73: - Seset 300 kg Efek PLN | AM73: =SUM(AF73:AL73)+AT73+AV73+AX73 -> 11 | AX73: 11 | BE73: 1
A75: 46126 | B75: Toilet | C75: =(M75*E75*O75*Q75)/100000000 -> 7.35318 | D75: VP OW | E75: 12 | F75: 1 | G75: 1230 | H75: =+N75 -> 0.25 | I75: 0.88 | J75: =E75*G75*(1-H75)*1440/1000000*2.74 -> 43.677792 | K75: =(IF(G75<L75,L75,G75)*(1-IF(H75<N75,H75,N75))*E75*O75*Q75)/100000000 -> 7.5370095 | L75: 1200 | M75: 900 | N75: =1-(M75/L75) -> 0.25 | O75: =+'Trim Rwd'!H41 -> 267 | P75: =O75*(Q75-R75-S75) -> 63279 | Q75: 255 | R75: 0 | S75: 18 | T75: =E75*M75*O75*Q75/100000000 -> 7.35318 | U75: =E75*M75*O75*(Q75-R75-S75)/100000000 -> 6.834132 | V75: =E75*G75*(1-N75)*O75/100*(R75+S75)/1000000 -> 0.5320242 | W75: =+'14'!K15/1000 -> 9.664 | X75: =SUM(W75:W79)/SUM(K75:K79) -> 1.0083233 | Y75: 0 | Z75: =+'13'!D22/1000 -> 0 | AA75: =SUM(U75:U79)-SUM(W75:W79)-SUM(Z75:Z79)-SUM(Y75:Y79) -> -3.4327647 | AB75: =(SUM(K75:K79)-SUM(W75:W79)-SUM(Y75:Y79)-SUM(Z75:Z79)-SUM(AC75:AC79)-SUM(V75:V79))-AA75 -> -0.049708835 | AC75: =K75-T75 -> 0.1838295 | AD75: =+AM75+BA75 -> 8 | AE75: - Sheet Breaks (4x) | AF75: 8 | AM75: =SUM(AF75:AL75)+AT75+AV75+AX75 -> 8 | AR75: =SUM(AN75:AQ75) -> 0 | BA75: =+AR75+AS75+AU75+AW75+AY75+AZ75 -> 0 | BB75: 4
B76: Toilet | C76: =(M76*E76*O76*Q76)/100000000 -> 36.907358 | D76: VP OW | E76: 13 | F76: 1 | G76: 1230 | H76: =+N76 -> 0.22 | I76: 0.88 | J76: =E76*G76*(1-H76)*1440/1000000*2.74 -> 49.210312 | K76: =(IF(G76<L76,L76,G76)*(1-IF(H76<N76,H76,N76))*E76*O76*Q76)/100000000 -> 37.919641 | L76: 1197.1646 | M76: 933.78835 | N76: =1-(M76/L76) -> 0.22 | O76: =+'Trim Rwd'!H39 -> 256.56818 | P76: =O76*(Q76-R76-S76) -> 293000.86 | Q76: 1185 | R76: 0 | S76: =61-S75 -> 43 | T76: =E76*M76*O76*Q76/100000000 -> 36.907358 | U76: =E76*M76*O76*(Q76-R76-S76)/100000000 -> 35.568103 | V76: =E76*G76*(1-N76)*O76/100*(R76+S76)/1000000 -> 1.375987 | W76: =+'14'!K14/1000 -> 36.171 | AC76: =K76-T76 -> 1.0122831 | AD76: =+AM76+BA76 -> 0 | AE76: - Change Blade (0x) | AG76: 0 | AM76: =SUM(AF76:AL76)+AT76+AV76+AX76 -> 0 | AR76: =SUM(AN76:AQ76) -> 0 | BA76: =+AR76+AS76+AU76+AW76+AY76+AZ76 -> 0 | BC76: 0
AD77: =+AM77+BA77 -> 35 | AE77: - Change Spool (26x) | AH77: 35 | AM77: =SUM(AF77:AL77)+AT77+AV77+AX77 -> 35 | AR77: =SUM(AN77:AQ77) -> 0 | BA77: =+AR77+AS77+AU77+AW77+AY77+AZ77 -> 0
AD78: =+AM78+BA78 -> 18 | AE78: - Cleaning | AI78: 18 | AM78: =SUM(AF78:AL78)+AT78+AV78+AX78 -> 18 | AR78: =SUM(AN78:AQ78) -> 0 | BA78: =+AR78+AS78+AU78+AW78+AY78+AZ78 -> 0
A80: 46127 | B80: Toilet | C80: =(M80*E80*O80*Q80)/100000000 -> 44.943725 | D80: VP OW | E80: 13 | F80: 1 | G80: 1230 | H80: =+N80 -> 0.22 | I80: 0.88 | J80: =E80*G80*(1-H80)*1440/1000000*2.74 -> 49.210312 | K80: =(IF(G80<L80,L80,G80)*(1-IF(H80<N80,H80,N80))*E80*O80*Q80)/100000000 -> 46.067318 | L80: 1200 | M80: 936 | N80: =1-(M80/L80) -> 0.22 | O80: =+'Trim Rwd'!H43 -> 256.5 | P80: =O80*(Q80-R80-S80) -> 355509 | Q80: 1440 | R80: 0 | S80: 54 | T80: =E80*M80*O80*Q80/100000000 -> 44.943725 | U80: =E80*M80*O80*(Q80-R80-S80)/100000000 -> 43.258335 | V80: =E80*G80*(1-N80)*O80/100*(R80+S80)/1000000 -> 1.7275244 | W80: =+'15'!K14/1000 -> 44.06 | X80: =SUM(W80:W84)/SUM(K80:K84) -> 0.95642642 | Y80: 0 | Z80: =+'13'!D27/1000 -> 0 | AA80: =SUM(U80:U84)-SUM(W80:W84)-SUM(Z80:Z84)-SUM(Y80:Y84) -> -0.80166488 | AB80: =(SUM(K80:K84)-SUM(W80:W84)-SUM(Y80:Y84)-SUM(Z80:Z84)-SUM(AC80:AC84)-SUM(V80:V84))-AA80 -> -0.042134742 | AC80: =K80-T80 -> 1.1235931 | AD80: =+AM80+BA80 -> 14 | AE80: - Sheet Breaks (6x) | AF80: 14 | AM80: =SUM(AF80:AL80)+AT80+AV80+AX80 -> 14 | AR80: =SUM(AN80:AQ80) -> 0 | BA80: =+AR80+AS80+AU80+AW80+AY80+AZ80 -> 0 | BB80: 6
AC81: =K81-T81 -> 0 | AD81: =+AM81+BA81 -> 0 | AE81: - Change Blade (0x) | AG81: 0 | AM81: =SUM(AF81:AL81)+AT81+AV81+AX81 -> 0 | AR81: =SUM(AN81:AQ81) -> 0 | BA81: =+AR81+AS81+AU81+AW81+AY81+AZ81 -> 0 | BC81: 0
AD82: =+AM82+BA82 -> 40 | AE82: - Change Spool (26x) | AH82: 40 | AM82: =SUM(AF82:AL82)+AT82+AV82+AX82 -> 40 | AR82: =SUM(AN82:AQ82) -> 0 | BA82: =+AR82+AS82+AU82+AW82+AY82+AZ82 -> 0
AD83: =+AM83+BA83 -> 0 | AE83: - Cleaning | AM83: =SUM(AF83:AL83)+AT83+AV83+AX83 -> 0 | AR83: =SUM(AN83:AQ83) -> 0 | BA83: =+AR83+AS83+AU83+AW83+AY83+AZ83 -> 0
A85: 46128 | B85: Toilet | C85: =(M85*E85*O85*Q85)/100000000 -> 44.943725 | D85: VP OW | E85: 13 | F85: 1 | G85: 1230 | H85: =+N85 -> 0.22 | I85: 0.88 | J85: =E85*G85*(1-H85)*1440/1000000*2.74 -> 49.210312 | K85: =(IF(G85<L85,L85,G85)*(1-IF(H85<N85,H85,N85))*E85*O85*Q85)/100000000 -> 46.067318 | L85: 1200 | M85: 936 | N85: =1-(M85/L85) -> 0.22 | O85: =+'Trim Rwd'!H45 -> 256.5 | P85: =O85*(Q85-R85-S85) -> 354996 | Q85: 1440 | R85: 0 | S85: 56 | T85: =E85*M85*O85*Q85/100000000 -> 44.943725 | U85: =E85*M85*O85*(Q85-R85-S85)/100000000 -> 43.195913 | V85: =E85*G85*(1-N85)*O85/100*(R85+S85)/1000000 -> 1.7915068 | W85: =+'16'!K14/1000 -> 46.641 | X85: =SUM(W85:W89)/SUM(K85:K89) -> 1.0124531 | Y85: 0 | Z85: =+'13'!D32/1000 -> 0 | AA85: =SUM(U85:U89)-SUM(W85:W89)-SUM(Z85:Z89)-SUM(Y85:Y89) -> -3.4450867 | AB85: =(SUM(K85:K89)-SUM(W85:W89)-SUM(Y85:Y89)-SUM(Z85:Z89)-SUM(AC85:AC89)-SUM(V85:V89))-AA85 -> -0.043695288 | AC85: =K85-T85 -> 1.1235931 | AD85: =+AM85+BA85 -> 12 | AE85: - Sheet Breaks (6x) | AF85: 12 | AM85: =SUM(AF85:AL85)+AT85+AV85+AX85 -> 12 | AR85: =SUM(AN85:AQ85) -> 0 | BA85: =+AR85+AS85+AU85+AW85+AY85+AZ85 -> 0 | BB85: 6
AC86: =K86-T86 -> 0 | AD86: =+AM86+BA86 -> 2 | AE86: - Change Blade (1x) | AG86: 2 | AM86: =SUM(AF86:AL86)+AT86+AV86+AX86 -> 2 | AR86: =SUM(AN86:AQ86) -> 0 | BA86: =+AR86+AS86+AU86+AW86+AY86+AZ86 -> 0 | BC86: 1
AD87: =+AM87+BA87 -> 42 | AE87: - Change Spool (25x) | AH87: 42 | AM87: =SUM(AF87:AL87)+AT87+AV87+AX87 -> 42 | AR87: =SUM(AN87:AQ87) -> 0 | BA87: =+AR87+AS87+AU87+AW87+AY87+AZ87 -> 0
AD88: =+AM88+BA88 -> 0 | AE88: - Cleaning | AM88: =SUM(AF88:AL88)+AT88+AV88+AX88 -> 0 | AR88: =SUM(AN88:AQ88) -> 0 | BA88: =+AR88+AS88+AU88+AW88+AY88+AZ88 -> 0
A90: 46129 | B90: Toilet | C90: =(M90*E90*O90*Q90)/100000000 -> 44.943725 | D90: VP OW | E90: 13 | F90: 1 | G90: 1230 | H90: =+N90 -> 0.22 | I90: 0.88 | J90: =E90*G90*(1-H90)*1440/1000000*2.74 -> 49.210312 | K90: =(IF(G90<L90,L90,G90)*(1-IF(H90<N90,H90,N90))*E90*O90*Q90)/100000000 -> 46.067318 | L90: 1200 | M90: 936 | N90: =1-(M90/L90) -> 0.22 | O90: =+'Trim Rwd'!H47 -> 256.5 | P90: =O90*(Q90-R90-S90) -> 350379 | Q90: 1440 | R90: 0 | S90: 74 | T90: =E90*M90*O90*Q90/100000000 -> 44.943725 | U90: =E90*M90*O90*(Q90-R90-S90)/100000000 -> 42.634117 | V90: =E90*G90*(1-N90)*O90/100*(R90+S90)/1000000 -> 2.3673483 | W90: =+'17'!K14/1000 -> 42.759 | X90: =SUM(W90:W94)/SUM(K90:K94) -> 0.92818514 | Y90: 0 | Z90: 0 | AA90: =SUM(U90:U94)-SUM(W90:W94)-SUM(Z90:Z94)-SUM(Y90:Y94) -> -0.12488328 | AB90: =(SUM(K90:K94)-SUM(W90:W94)-SUM(Y90:Y94)-SUM(Z90:Z94)-SUM(AC90:AC94)-SUM(V90:V94))-AA90 -> -0.057740202 | AC90: =K90-T90 -> 1.1235931 | AD90: =+AM90+BA90 -> 16 | AE90: - Sheet Breaks (6x) | AF90: 16 | AM90: =SUM(AF90:AL90)+AT90+AV90+AX90 -> 16 | AR90: =SUM(AN90:AQ90) -> 0 | BA90: =+AR90+AS90+AU90+AW90+AY90+AZ90 -> 0 | BB90: 6
AC91: =K91-T91 -> 0 | AD91: =+AM91+BA91 -> 6 | AE91: - Change Blade (2x) | AG91: 6 | AM91: =SUM(AF91:AL91)+AT91+AV91+AX91 -> 6 | AR91: =SUM(AN91:AQ91) -> 0 | BA91: =+AR91+AS91+AU91+AW91+AY91+AZ91 -> 0 | BC91: 2
AD92: =+AM92+BA92 -> 52 | AE92: - Change Spool (24x) | AH92: 52 | AM92: =SUM(AF92:AL92)+AT92+AV92+AX92 -> 52 | AR92: =SUM(AN92:AQ92) -> 0 | BA92: =+AR92+AS92+AU92+AW92+AY92+AZ92 -> 0
AD93: =+AM93+BA93 -> 0 | AE93: - Cleaning | AM93: =SUM(AF93:AL93)+AT93+AV93+AX93 -> 0 | AR93: =SUM(AN93:AQ93) -> 0 | BA93: =+AR93+AS93+AU93+AW93+AY93+AZ93 -> 0
A95: 46130 | B95: Toilet | C95: =(M95*E95*O95*Q95)/100000000 -> 9.2696432 | D95: VP OW | E95: 13 | F95: 1 | G95: 1230 | H95: =+N95 -> 0.22 | I95: 0.88 | J95: =E95*G95*(1-H95)*1440/1000000*2.74 -> 49.210312 | K95: =(IF(G95<L95,L95,G95)*(1-IF(H95<N95,H95,N95))*E95*O95*Q95)/100000000 -> 9.5013843 | L95: 1200 | M95: 936 | N95: =1-(M95/L95) -> 0.22 | O95: =+'Trim Rwd'!H49 -> 256.5 | P95: =O95*(Q95-R95-S95) -> 71820 | Q95: 297 | R95: 0 | S95: 17 | T95: =E95*M95*O95*Q95/100000000 -> 9.2696432 | U95: =E95*M95*O95*(Q95-R95-S95)/100000000 -> 8.7390576 | V95: =E95*G95*(1-N95)*O95/100*(R95+S95)/1000000 -> 0.54385028 | W95: =+'18'!K14/1000 -> 10.828 | X95: =SUM(W95:W99)/SUM(K95:K99) -> 0.83110067 | Y95: 0 | Z95: 0 | AA95: =SUM(U95:U99)-SUM(W95:W99)-SUM(Z95:Z99)-SUM(Y95:Y99) -> 4.0212686 | AB95: =(SUM(K95:K99)-SUM(W95:W99)-SUM(Y95:Y99)-SUM(Z95:Z99)-SUM(AC95:AC99)-SUM(V95:V99))-AA95 -> -0.043881185 | AC95: =K95-T95 -> 0.23174108 | AD95: =+AM95+BA95 -> 4 | AE95: - Sheet Breaks (2x) | AF95: 4 | AM95: =SUM(AF95:AL95)+AT95+AV95+AX95 -> 4 | AR95: =SUM(AN95:AQ95) -> 0 | BA95: =+AR95+AS95+AU95+AW95+AY95+AZ95 -> 0 | BB95: 2
B96: Toilet | C96: =(M96*E96*O96*Q96)/100000000 -> 2.7190169 | D96: VP OW | E96: 12 | F96: 1 | G96: 1230 | H96: =+N96 -> 0.26 | I96: 0.88 | J96: =E96*G96*(1-H96)*1440/1000000*2.74 -> 43.095421 | K96: =(IF(G96<L96,L96,G96)*(1-IF(H96<N96,H96,N96))*E96*O96*Q96)/100000000 -> 2.741304 | L96: 1220 | M96: 902.8 | N96: =1-(M96/L96) -> 0.26 | O96: =+'Trim Rwd'!H51 -> 267 | P96: =O96*(Q96-R96-S96) -> 23229 | Q96: 94 | R96: 0 | S96: 7 | T96: =E96*M96*O96*Q96/100000000 -> 2.7190169 | U96: =E96*M96*O96*(Q96-R96-S96)/100000000 -> 2.5165369 | V96: =E96*G96*(1-N96)*O96/100*(R96+S96)/1000000 -> 0.20413966 | W96: =+'18'!K15/1000 -> 3.065 | AC96: =K96-T96 -> 0.022287024 | AD96: =+AM96+BA96 -> 6 | AE96: - Change Blade (3x) | AG96: 6 | AM96: =SUM(AF96:AL96)+AT96+AV96+AX96 -> 6 | AR96: =SUM(AN96:AQ96) -> 0 | BA96: =+AR96+AS96+AU96+AW96+AY96+AZ96 -> 0 | BC96: 3
B97: Toilet | C97: =(M97*E97*O97*Q97)/100000000 -> 30.599283 | D97: VP OW | E97: 12.5 | F97: 1 | G97: 1230 | H97: =+N97 -> 0.23957013 | I97: 0.88 | J97: =E97*G97*(1-H97)*1440/1000000*2.74 -> 46.130413 | K97: =(IF(G97<L97,L97,G97)*(1-IF(H97<N97,H97,N97))*E97*O97*Q97)/100000000 -> 31.51976 | L97: 1194.0801 | M97: 908.01416 | N97: =1-(M97/L97) -> 0.23957013 | O97: =+'Trim Rwd'!H50 -> 257 | P97: =O97*(Q97-R97-S97) -> 261112 | Q97: 1049 | R97: 0 | S97: =57-S95-S96 -> 33 | T97: =E97*M97*O97*Q97/100000000 -> 30.599283 | U97: =E97*M97*O97*(Q97-R97-S97)/100000000 -> 29.636674 | V97: =E97*G97*(1-N97)*O97/100*(R97+S97)/1000000 -> 0.99156538 | W97: =+'18'!K16/1000 -> 22.478 | Z97: =+'18'!D16/1000 -> 0.5 | AC97: =K97-T97 -> 0.92047754 | AD97: =+AM97+BA97 -> 47 | AE97: - Change Spool (26x) | AH97: 47 | AM97: =SUM(AF97:AL97)+AT97+AV97+AX97 -> 47 | AR97: =SUM(AN97:AQ97) -> 0 | BA97: =+AR97+AS97+AU97+AW97+AY97+AZ97 -> 0
AD98: =+AM98+BA98 -> 0 | AE98: - Cleaning | AM98: =SUM(AF98:AL98)+AT98+AV98+AX98 -> 0 | AR98: =SUM(AN98:AQ98) -> 0 | BA98: =+AR98+AS98+AU98+AW98+AY98+AZ98 -> 0
A100: 46131 | B100: Toilet | C100: =(M100*E100*O100*Q100)/100000000 -> 25.811538 | D100: VP OW | E100: 12.5 | F100: 1 | G100: 1230 | H100: =+N100 -> 0.24 | I100: 0.88 | J100: =E100*G100*(1-H100)*1440/1000000*2.74 -> 46.104336 | K100: =(IF(G100<L100,L100,G100)*(1-IF(H100<N100,H100,N100))*E100*O100*Q100)/100000000 -> 26.456826 | L100: 1200 | M100: 912 | N100: =1-(M100/L100) -> 0.24 | O100: =+'Trim Rwd'!H53 -> 257 | P100: =O100*(Q100-R100-S100) -> 215623 | Q100: 881 | R100: 0 | S100: 42 | T100: =E100*M100*O100*Q100/100000000 -> 25.811538 | U100: =E100*M100*O100*(Q100-R100-S100)/100000000 -> 24.581022 | V100: =E100*G100*(1-N100)*O100/100*(R100+S100)/1000000 -> 1.2612789 | W100: =+'19'!K16/1000 -> 28.996 | X100: =SUM(W100:W104)/SUM(K100:K104) -> 0.90455403 | Y100: 0 | Z100: 0 | AA100: =SUM(U100:U104)-SUM(W100:W104)-SUM(Z100:Z104)-SUM(Y100:Y104) -> -0.22420628 | AB100: =(SUM(K100:K104)-SUM(W100:W104)-SUM(Y100:Y104)-SUM(Z100:Z104)-SUM(AC100:AC104)-SUM(V100:V104))-AA100 -> -0.11152116 | AC100: =K100-T100 -> 0.64528845 | AD100: =+AM100+BA100 -> 12 | AE100: - Sheet Breaks (6x) | AF100: 12 | AM100: =SUM(AF100:AL100)+AT100+AV100+AX100 -> 12 | AR100: =SUM(AN100:AQ100) -> 0 | BA100: =+AR100+AS100+AU100+AW100+AY100+AZ100 -> 0 | BB100: 6
B101: Toilet | C101: =(M101*E101*O101*Q101)/100000000 -> 16.608111 | D101: VP OW | E101: 13.5 | F101: 1 | G101: 1230 | H101: =+N101 -> 0.22 | I101: 0.88 | J101: =E101*G101*(1-H101)*1440/1000000*2.74 -> 51.103017 | K101: =(IF(G101<L101,L101,G101)*(1-IF(H101<N101,H101,N101))*E101*O101*Q101)/100000000 -> 18.570888 | L101: 1100 | M101: 858 | N101: =1-(M101/L101) -> 0.22 | O101: =+'Trim Rwd'!H54 -> 256.5 | P101: =O101*(Q101-R101-S101) -> 137484 | Q101: 559 | R101: 0 | S101: =65-S100 -> 23 | T101: =E101*M101*O101*Q101/100000000 -> 16.608111 | U101: =E101*M101*O101*(Q101-R101-S101)/100000000 -> 15.924772 | V101: =E101*G101*(1-N101)*O101/100*(R101+S101)/1000000 -> 0.76409734 | W101: =+'19'!K17/1000 -> 11.734 | AC101: =K101-T101 -> 1.9627767 | AD101: =+AM101+BA101 -> 2 | AE101: - Change Blade (1x) | AG101: 2 | AM101: =SUM(AF101:AL101)+AT101+AV101+AX101 -> 2 | AR101: =SUM(AN101:AQ101) -> 0 | BA101: =+AR101+AS101+AU101+AW101+AY101+AZ101 -> 0 | BC101: 1
AD102: =+AM102+BA102 -> 51 | AE102: - Change Spool (28x) | AH102: 51 | AM102: =SUM(AF102:AL102)+AT102+AV102+AX102 -> 51 | AR102: =SUM(AN102:AQ102) -> 0 | BA102: =+AR102+AS102+AU102+AW102+AY102+AZ102 -> 0
AD103: =+AM103+BA103 -> 0 | AE103: - Cleaning | AM103: =SUM(AF103:AL103)+AT103+AV103+AX103 -> 0 | AR103: =SUM(AN103:AQ103) -> 0 | BA103: =+AR103+AS103+AU103+AW103+AY103+AZ103 -> 0
A105: 46132 | B105: Toilet | C105: =(M105*E105*O105*Q105)/100000000 -> 2.4200467 | D105: VP OW | E105: 13.5 | F105: 1 | G105: 1230 | H105: =+N105 -> 0.22 | I105: 0.88 | J105: =E105*G105*(1-H105)*1440/1000000*2.74 -> 51.103017 | K105: =(IF(G105<L105,L105,G105)*(1-IF(H105<N105,H105,N105))*E105*O105*Q105)/100000000 -> 2.6577299 | L105: 1120 | M105: 873.6 | N105: =1-(M105/L105) -> 0.22 | O105: =+'Trim Rwd'!H58 -> 256.5 | P105: =O105*(Q105-R105-S105) -> 19237.5 | Q105: 80 | R105: 0 | S105: 5 | T105: =E105*M105*O105*Q105/100000000 -> 2.4200467 | U105: =E105*M105*O105*(Q105-R105-S105)/100000000 -> 2.2687938 | V105: =E105*G105*(1-N105)*O105/100*(R105+S105)/1000000 -> 0.16610812 | W105: =+'20'!K17/1000 -> 5.746 | X105: =SUM(W105:W109)/SUM(K105:K109) -> 0.89882205 | Y105: 0 | Z105: 0 | AA105: =SUM(U105:U109)-SUM(W105:W109)-SUM(Z105:Z109)-SUM(Y105:Y109) -> 1.9953842 | AB105: =(SUM(K105:K109)-SUM(W105:W109)-SUM(Y105:Y109)-SUM(Z105:Z109)-SUM(AC105:AC109)-SUM(V105:V109))-AA105 -> -0.014855197 | AC105: =K105-T105 -> 0.23768316 | AD105: =+AM105+BA105 -> 12 | AE105: - Sheet Breaks (6x) | AF105: 12 | AM105: =SUM(AF105:AL105)+AT105+AV105+AX105 -> 12 | AR105: =SUM(AN105:AQ105) -> 0 | BA105: =+AR105+AS105+AU105+AW105+AY105+AZ105 -> 0 | BB105: 6
B106: Facial | C106: =(M106*E106*O106*Q106)/100000000 -> 3.252366 | D106: VP OW | E106: 12 | F106: 1 | G106: 1230 | H106: =+N106 -> 0.25 | I106: 0.88 | J106: =E106*G106*(1-H106)*1440/1000000*2.74 -> 43.677792 | K106: =(IF(G106<L106,L106,G106)*(1-IF(H106<N106,H106,N106))*E106*O106*Q106)/100000000 -> 3.252366 | L106: 1230 | M106: 922.5 | N106: =1-(M106/L106) -> 0.25 | O106: =+'Trim Rwd'!H57 -> 260 | P106: =O106*(Q106-R106-S106) -> 26780 | Q106: 113 | R106: 0 | S106: 10 | T106: =E106*M106*O106*Q106/100000000 -> 3.252366 | U106: =E106*M106*O106*(Q106-R106-S106)/100000000 -> 2.964546 | V106: =E106*G106*(1-N106)*O106/100*(R106+S106)/1000000 -> 0.28782 | W106: =+'20'!K10/1000 -> 2.676 | AC106: =K106-T106 -> 0 | AD106: =+AM106+BA106 -> 0 | AE106: - Change Blade (0x) | AG106: 0 | AM106: =SUM(AF106:AL106)+AT106+AV106+AX106 -> 0 | AR106: =SUM(AN106:AQ106) -> 0 | BA106: =+AR106+AS106+AU106+AW106+AY106+AZ106 -> 0 | BC106: 0
B107: Facial | C107: =(M107*E107*O107*Q107)/100000000 -> 39.750778 | D107: VP OW | E107: 14.5 | F107: 1 | G107: =+L107 -> 1146.7763 | H107: =+N107 -> 0.251154 | I107: 0.88 | J107: =E107*G107*(1-H107)*1440/1000000*2.74 -> 49.130623 | K107: =(IF(G107<L107,L107,G107)*(1-IF(H107<N107,H107,N107))*E107*O107*Q107)/100000000 -> 39.750778 | L107: 1146.7763 | M107: 858.75882 | N107: =1-(M107/L107) -> 0.251154 | O107: =+'Trim Rwd'!H56 -> 256 | P107: =O107*(Q107-R107-S107) -> 306176 | Q107: 1247 | R107: 0 | S107: =66-S105-S106 -> 51 | T107: =E107*M107*O107*Q107/100000000 -> 39.750778 | U107: =E107*M107*O107*(Q107-R107-S107)/100000000 -> 38.125044 | V107: =E107*G107*(1-N107)*O107/100*(R107+S107)/1000000 -> 1.6257335 | W107: =+'20'!K18/1000 -> 32.619 | Z107: =+'20'!D9/1000 -> 0.322 | AC107: =K107-T107 -> 0 | AD107: =+AM107+BA107 -> 54 | AE107: - Change Spool (29x) | AH107: 54 | AM107: =SUM(AF107:AL107)+AT107+AV107+AX107 -> 54 | AR107: =SUM(AN107:AQ107) -> 0 | BA107: =+AR107+AS107+AU107+AW107+AY107+AZ107 -> 0
AD108: =+AM108+BA108 -> 0 | AE108: - Cleaning | AM108: =SUM(AF108:AL108)+AT108+AV108+AX108 -> 0 | AR108: =SUM(AN108:AQ108) -> 0 | BA108: =+AR108+AS108+AU108+AW108+AY108+AZ108 -> 0
A110: 46133 | B110: Facial | C110: =(M110*E110*O110*Q110)/100000000 -> 45.791406 | D110: VP OW | E110: 14.5 | F110: 1 | G110: =+L110 -> 1140 | H110: =+N110 -> 0.25 | I110: 0.88 | J110: =E110*G110*(1-H110)*1440/1000000*2.74 -> 48.915576 | K110: =(IF(G110<L110,L110,G110)*(1-IF(H110<N110,H110,N110))*E110*O110*Q110)/100000000 -> 45.791406 | L110: 1140 | M110: 855 | N110: =1-(M110/L110) -> 0.25 | O110: =+'Trim Rwd'!H60 -> 256.5 | P110: =O110*(Q110-R110-S110) -> 355765.5 | Q110: 1440 | R110: 0 | S110: 53 | T110: =E110*M110*O110*Q110/100000000 -> 45.791406 | U110: =E110*M110*O110*(Q110-R110-S110)/100000000 -> 44.106028 | V110: =E110*G110*(1-N110)*O110/100*(R110+S110)/1000000 -> 1.6853781 | W110: =+'21'!K18/1000 -> 43.083 | X110: =SUM(W110:W114)/SUM(K110:K114) -> 0.9408534 | Y110: 0 | Z110: =+'21'!D16/1000 -> 0.322 | AA110: =SUM(U110:U114)-SUM(W110:W114)-SUM(Z110:Z114)-SUM(Y110:Y114) -> 0.70102786 | AB110: =(SUM(K110:K114)-SUM(W110:W114)-SUM(Y110:Y114)-SUM(Z110:Z114)-SUM(AC110:AC114)-SUM(V110:V114))-AA110 -> 2.4424907e-15 | AC110: =K110-T110 -> 0 | AD110: =+AM110+BA110 -> 4 | AE110: - Sheet Breaks (2x) | AF110: 4 | AM110: =SUM(AF110:AL110)+AT110+AV110+AX110 -> 4 | AR110: =SUM(AN110:AQ110) -> 0 | BA110: =+AR110+AS110+AU110+AW110+AY110+AZ110 -> 0 | BB110: 2
Z111: 0 | AC111: =K111-T111 -> 0 | AD111: =+AM111+BA111 -> 0 | AE111: - Change Blade (0x) | AG111: 0 | AM111: =SUM(AF111:AL111)+AT111+AV111+AX111 -> 0 | AR111: =SUM(AN111:AQ111) -> 0 | BA111: =+AR111+AS111+AU111+AW111+AY111+AZ111 -> 0 | BC111: 0
Z112: 0 | AC112: =K112-T112 -> 0 | AD112: =+AM112+BA112 -> 49 | AE112: - Change Spool (27x) | AH112: 49 | AM112: =SUM(AF112:AL112)+AT112+AV112+AX112 -> 49 | AR112: =SUM(AN112:AQ112) -> 0 | BA112: =+AR112+AS112+AU112+AW112+AY112+AZ112 -> 0
AD113: =+AM113+BA113 -> 0 | AE113: - Cleaning | AM113: =SUM(AF113:AL113)+AT113+AV113+AX113 -> 0 | AR113: =SUM(AN113:AQ113) -> 0 | BA113: =+AR113+AS113+AU113+AW113+AY113+AZ113 -> 0
A115: 46134 | B115: Facial | C115: =(M115*E115*O115*Q115)/100000000 -> 45.925299 | D115: VP OW | E115: 14.5 | F115: 1 | G115: =+L115 -> 1143.3333 | H115: =+N115 -> 0.25 | I115: 0.88 | J115: =E115*G115*(1-H115)*1440/1000000*2.74 -> 49.058604 | K115: =(IF(G115<L115,L115,G115)*(1-IF(H115<N115,H115,N115))*E115*O115*Q115)/100000000 -> 45.925299 | L115: 1143.3333 | M115: 857.5 | N115: =1-(M115/L115) -> 0.25 | O115: =+'Trim Rwd'!H62 -> 256.5 | P115: =O115*(Q115-R115-S115) -> 353200.5 | Q115: 1440 | R115: 0 | S115: 63 | T115: =E115*M115*O115*Q115/100000000 -> 45.925299 | U115: =E115*M115*O115*(Q115-R115-S115)/100000000 -> 43.916067 | V115: =E115*G115*(1-N115)*O115/100*(R115+S115)/1000000 -> 2.0092318 | W115: =+'22'!K18/1000 -> 41.222 | X115: =SUM(W115:W119)/SUM(K115:K119) -> 0.89758806 | Y115: 0 | Z115: =+'22'!D16/1000 -> 0.338 | AA115: =SUM(U115:U119)-SUM(W115:W119)-SUM(Z115:Z119)-SUM(Y115:Y119) -> 2.3560672 | AB115: =(SUM(K115:K119)-SUM(W115:W119)-SUM(Y115:Y119)-SUM(Z115:Z119)-SUM(AC115:AC119)-SUM(V115:V119))-AA115 -> 5.7731597e-15 | AC115: =K115-T115 -> 0 | AD115: =+AM115+BA115 -> 18 | AE115: - Sheet Breaks (6x) | AF115: 18 | AM115: =SUM(AF115:AL115)+AT115+AV115+AX115 -> 18 | AR115: =SUM(AN115:AQ115) -> 0 | BA115: =+AR115+AS115+AU115+AW115+AY115+AZ115 -> 0 | BB115: 6
Z116: 0 | AC116: =K116-T116 -> 0 | AD116: =+AM116+BA116 -> 2 | AE116: - Change Blade (1x) | AG116: 2 | AM116: =SUM(AF116:AL116)+AT116+AV116+AX116 -> 2 | AR116: =SUM(AN116:AQ116) -> 0 | BA116: =+AR116+AS116+AU116+AW116+AY116+AZ116 -> 0 | BC116: 1
Z117: 0 | AC117: =K117-T117 -> 0 | AD117: =+AM117+BA117 -> 43 | AE117: - Change Spool (27x) | AH117: 43 | AM117: =SUM(AF117:AL117)+AT117+AV117+AX117 -> 43 | AR117: =SUM(AN117:AQ117) -> 0 | BA117: =+AR117+AS117+AU117+AW117+AY117+AZ117 -> 0
AD118: =+AM118+BA118 -> 0 | AE118: - Cleaning | AM118: =SUM(AF118:AL118)+AT118+AV118+AX118 -> 0 | AR118: =SUM(AN118:AQ118) -> 0 | BA118: =+AR118+AS118+AU118+AW118+AY118+AZ118 -> 0
A120: 46135 | B120: Facial | C120: =(M120*E120*O120*Q120)/100000000 -> 42.60029 | D120: VP OW | E120: 14.5 | F120: 1 | G120: =+L120 -> 1150 | H120: =+N120 -> 0.25 | I120: 0.88 | J120: =E120*G120*(1-H120)*1440/1000000*2.74 -> 49.34466 | K120: =(IF(G120<L120,L120,G120)*(1-IF(H120<N120,H120,N120))*E120*O120*Q120)/100000000 -> 42.60029 | L120: 1150 | M120: 862.5 | N120: =1-(M120/L120) -> 0.25 | O120: =+'Trim Rwd'!H64 -> 256.5 | P120: =O120*(Q120-R120-S120) -> 327550.5 | Q120: 1328 | R120: 0 | S120: 51 | T120: =E120*M120*O120*Q120/100000000 -> 42.60029 | U120: =E120*M120*O120*(Q120-R120-S120)/100000000 -> 40.964284 | V120: =E120*G120*(1-N120)*O120/100*(R120+S120)/1000000 -> 1.6360051 | W120: =+'23'!K18/1000 -> 41.984 | X120: =SUM(W120:W124)/SUM(K120:K124) -> 0.91038941 | Y120: 0 | Z120: =+'22'!D21/1000 -> 0 | AA120: =SUM(U120:U124)-SUM(W120:W124)-SUM(Z120:Z124)-SUM(Y120:Y124) -> 2.1825744 | AB120: =(SUM(K120:K124)-SUM(W120:W124)-SUM(Y120:Y124)-SUM(Z120:Z124)-SUM(AC120:AC124)-SUM(V120:V124))-AA120 -> 0 | AC120: =K120-T120 -> 0 | AD120: =+AM120+BA120 -> 12 | AE120: - Sheet Breaks (6x) | AF120: 12 | AM120: =SUM(AF120:AL120)+AT120+AV120+AX120 -> 12 | AR120: =SUM(AN120:AQ120) -> 0 | BA120: =+AR120+AS120+AU120+AW120+AY120+AZ120 -> 0 | BB120: 6
B121: Facial | C121: =(M121*E121*O121*Q121)/100000000 -> 3.51624 | D121: VP OW | E121: 14 | F121: 1 | G121: =+L121 -> 1150 | H121: =+N121 -> 0.25 | I121: 0.88 | J121: =E121*G121*(1-H121)*1440/1000000*2.74 -> 47.64312 | K121: =(IF(G121<L121,L121,G121)*(1-IF(H121<N121,H121,N121))*E121*O121*Q121)/100000000 -> 3.51624 | L121: 1150 | M121: 862.5 | N121: =1-(M121/L121) -> 0.25 | O121: =140+120 -> 260 | P121: =O121*(Q121-R121-S121) -> 26520 | Q121: 112 | R121: 0 | S121: 10 | T121: =E121*M121*O121*Q121/100000000 -> 3.51624 | U121: =E121*M121*O121*(Q121-R121-S121)/100000000 -> 3.20229 | V121: =E121*G121*(1-N121)*O121/100*(R121+S121)/1000000 -> 0.31395 | W121: =+'22'!K24/1000 -> 0 | Z121: 0 | AC121: =K121-T121 -> 0 | AD121: =+AM121+BA121 -> 0 | AE121: - Change Blade (0x) | AG121: 0 | AM121: =SUM(AF121:AL121)+AT121+AV121+AX121 -> 0 | AR121: =SUM(AN121:AQ121) -> 0 | BA121: =+AR121+AS121+AU121+AW121+AY121+AZ121 -> 0 | BC121: 0
Z122: 0 | AC122: =K122-T122 -> 0 | AD122: =+AM122+BA122 -> 49 | AE122: - Change Spool (29x) | AH122: 49 | AM122: =SUM(AF122:AL122)+AT122+AV122+AX122 -> 49 | AR122: =SUM(AN122:AQ122) -> 0 | BA122: =+AR122+AS122+AU122+AW122+AY122+AZ122 -> 0
AD123: =+AM123+BA123 -> 0 | AE123: - Cleaning | AM123: =SUM(AF123:AL123)+AT123+AV123+AX123 -> 0 | AR123: =SUM(AN123:AQ123) -> 0 | BA123: =+AR123+AS123+AU123+AW123+AY123+AZ123 -> 0
...

Sheet Efficiency2
A1: PM14 Efficiency Running Report
A3: Date | B3: Grade | C3: Speed real (ton) with Available Time | D3: Colour | E3: gsm | F3: Ply | G3: Standard | L3: Real Running | O3: Trim Rewinder (cm) | P3: Trim Rewinder x Running Time | Q3: Available Time (mnt) | R3: Down Time (mnt) | S3: Loss Time (mnt) | T3: Real Speed & Real Creepe Ratio with Available Time (ton) | U3: Real Speed & Real Creepe Ratio setelah dipotong DT & LT (ton) | V3: Loss tonase akibat DT + LT dari hitungan Teori with available time (ton) | W3: Accepted (ton) | X3: Real Eff dr Target Eff | Y3: Backlog | Z3: Reject Rewinder (ton) | AA3: Estimasi Reject to Broke Plant (ton) | AB3: Estimasi Faktor BW (ton) | AC3: Loss Opportunity in Speed (ton) | AD3: Downtime/ Losstime | AE3: Reason of Downtime / Losstime | AF3: Loss Time | AM3: Total Losstime | AN3: Unschedule Shut Down (mnt) | AS3: Schedule Shut Down | AT3: Marketing | AV3: EXT FACTOR | AX3: EXT FACTOR | AZ3: MANAGEMENT | BA3: Total Down Time | BB3: Freq. Sheets Break (X) | BC3: Freq. Change Blade (X) | BD3: Steam, & gangguan sinergy (X) | BE3: Freq, Trip PLN (X) | BF3: Cleaning Holes (X)
AF4: Proses | AI4: Change Grade | AJ4: Mekanik | AK4: Electric & Instrument | AL4: Boiler | AN4: Down Time Produksi | AO4: Mekanik | AP4: Electrical & Instrument | AQ4: Boiler | AR4: Total Unschedule Shut Down | AV4: LOSS | AW4: DOWN TIME | AX4: LOSS | AY4: DOWN TIME
G5: Yankee Speed (mpm) | H5: Max % Creeping | I5: Target Eff | J5: Kapasitas PM-Teori (ton) | K5: Teori (ton) with Available Time | L5: Yankee Speed (mpm) | M5: Popereel Speed (mpm) | N5: % Creeping | AF5: sheet break | AG5: change blade | AH5: change spool | AT5: Loss time | AU5: Down Time | AV5: SINERGY | AW5: SINERGY | AX5: PLN | AY5: PLN
A6: =+Report1!A9 -> 46113 | B6: Facial | C6: =(M6*E6*O6*Q6)/100000000 -> 40.731197 | D6: VP OW | E6: 11.5 | F6: 1 | G6: 1230 | H6: 0.23 | I6: 0.88 | J6: =E6*G6*(1-H6)*1440/1000000*2.74 -> 42.974094 | K6: =(IF(G6<L6,L6,G6)*(1-IF(H6<N6,H6,N6))*E6*O6*Q6)/100000000 -> 41.719376 | L6: 1216.6667 | M6: 924.66667 | N6: =1-(M6/L6) -> 0.24 | O6: =+'Trim Rwd'!H4 -> 266 | P6: =O6*(Q6-R6-S6) -> 361228 | Q6: 1440 | R6: 0 | S6: 82 | T6: =E6*M6*O6*Q6/100000000 -> 40.731197 | U6: =E6*M6*O6*(Q6-R6-S6)/100000000 -> 38.411781 | V6: =E6*G6*(1-N6)*O6/100*(R6+S6)/1000000 -> 2.3448336 | W6: =+'1'!C34/1000 -> 34.951 | X6: =SUM(W6:W10)/SUM(K6:K10) -> 0.8377642 | Y6: 0 | Z6: =+'1'!D25/1000 -> 0 | AA6: =SUM(U6:U10)-SUM(W6:W10)-SUM(Z6:Z10)-SUM(Y6:Y10) -> 3.4607814 | AB6: =(SUM(K6:K10)-SUM(W6:W10)-SUM(Y6:Y10)-SUM(Z6:Z10)-SUM(AC6:AC10)-SUM(V6:V10))-AA6 -> -0.025418251 | AC6: =K6-T6 -> 0.98817936 | AD6: =+AM6+BA6 -> 16 | AE6: - Sheet Breaks (6x) | AF6: 16 | AM6: =SUM(AF6:AL6)+AT6+AV6+AX6 -> 16 | AR6: =SUM(AN6:AQ6) -> 0 | BA6: =+AR6+AS6+AU6+AW6+AY6+AZ6 -> 0 | BB6: 6
AD7: =+AM7+BA7 -> 13 | AE7: - Change Blade (6x) | AG7: 13 | AM7: =SUM(AF7:AL7)+AT7+AV7+AX7 -> 13 | AR7: =SUM(AN7:AQ7) -> 0 | BA7: =+AR7+AS7+AU7+AW7+AY7+AZ7 -> 0 | BC7: 6
AD8: =+AM8+BA8 -> 53 | AE8: - Change Spool (25x) | AH8: 53 | AM8: =SUM(AF8:AL8)+AT8+AV8+AX8 -> 53 | AR8: =SUM(AN8:AQ8) -> 0 | BA8: =+AR8+AS8+AU8+AW8+AY8+AZ8 -> 0
AD9: =+AM9+BA9 -> 0 | AE9: - Cleaning | AM9: =SUM(AF9:AL9)+AT9+AV9+AX9 -> 0 | AR9: =SUM(AN9:AQ9) -> 0 | BA9: =+AR9+AS9+AU9+AW9+AY9+AZ9 -> 0
A11: 46114 | B11: Facial | C11: =(M11*E11*O11*Q11)/100000000 -> 41.177566 | D11: VP OW | E11: 11.5 | F11: 1 | G11: 1230 | H11: 0.23 | I11: 0.88 | J11: =E11*G11*(1-H11)*1440/1000000*2.74 -> 42.974094 | K11: =(IF(G11<L11,L11,G11)*(1-IF(H11<N11,H11,N11))*E11*O11*Q11)/100000000 -> 41.719376 | L11: 1230 | M11: 934.8 | N11: =1-(M11/L11) -> 0.24 | O11: =+'Trim Rwd'!H6 -> 266 | P11: =O11*(Q11-R11-S11) -> 367080 | Q11: 1440 | R11: 0 | S11: 60 | T11: =E11*M11*O11*Q11/100000000 -> 41.177566 | U11: =E11*M11*O11*(Q11-R11-S11)/100000000 -> 39.461834 | V11: =E11*G11*(1-N11)*O11/100*(R11+S11)/1000000 -> 1.7157319 | W11: =+'2'!K7/1000 -> 37.249 | X11: =SUM(W11:W15)/SUM(K11:K15) -> 0.89284652 | Y11: 0 | Z11: =+'2'!D25/1000 -> 0.7 | AA11: =SUM(U11:U15)-SUM(W11:W15)-SUM(Z11:Z15)-SUM(Y11:Y15) -> 1.5128342 | AB11: =(SUM(K11:K15)-SUM(W11:W15)-SUM(Y11:Y15)-SUM(Z11:Z15)-SUM(AC11:AC15)-SUM(V11:V15))-AA11 -> 2.8865799e-15 | AC11: =K11-T11 -> 0.54181008 | AD11: =+AM11+BA11 -> 4 | AE11: - Sheet Breaks (2x) | AF11: 4 | AM11: =SUM(AF11:AL11)+AT11+AV11+AX11 -> 4 | AR11: =SUM(AN11:AQ11) -> 0 | BA11: =+AR11+AS11+AU11+AW11+AY11+AZ11 -> 0 | BB11: 2
AD12: =+AM12+BA12 -> 19 | AE12: - Change Blade (9x) | AG12: 19 | AM12: =SUM(AF12:AL12)+AT12+AV12+AX12 -> 19 | AR12: =SUM(AN12:AQ12) -> 0 | BA12: =+AR12+AS12+AU12+AW12+AY12+AZ12 -> 0 | BC12: 9
AD13: =+AM13+BA13 -> 37 | AE13: - Change Spool (30x) | AH13: 37 | AM13: =SUM(AF13:AL13)+AT13+AV13+AX13 -> 37 | AR13: =SUM(AN13:AQ13) -> 0 | BA13: =+AR13+AS13+AU13+AW13+AY13+AZ13 -> 0
AD14: =+AM14+BA14 -> 0 | AE14: - Cleaning | AM14: =SUM(AF14:AL14)+AT14+AV14+AX14 -> 0 | AR14: =SUM(AN14:AQ14) -> 0 | BA14: =+AR14+AS14+AU14+AW14+AY14+AZ14 -> 0
A16: 46115 | B16: Facial | C16: =(M16*E16*O16*Q16)/100000000 -> 41.177566 | D16: VP OW | E16: 11.5 | F16: 1 | G16: 1230 | H16: 0.23 | I16: 0.88 | J16: =E16*G16*(1-H16)*1440/1000000*2.74 -> 42.974094 | K16: =(IF(G16<L16,L16,G16)*(1-IF(H16<N16,H16,N16))*E16*O16*Q16)/100000000 -> 41.719376 | L16: 1230 | M16: 934.8 | N16: =1-(M16/L16) -> 0.24 | O16: =+'Trim Rwd'!H8 -> 266 | P16: =O16*(Q16-R16-S16) -> 366016 | Q16: 1440 | R16: 0 | S16: 64 | T16: =E16*M16*O16*Q16/100000000 -> 41.177566 | U16: =E16*M16*O16*(Q16-R16-S16)/100000000 -> 39.347452 | V16: =E16*G16*(1-N16)*O16/100*(R16+S16)/1000000 -> 1.830114 | W16: =+'3'!K7/1000 -> 37.431 | X16: =SUM(W16:W20)/SUM(K16:K20) -> 0.89720901 | Y16: 0 | Z16: =+'1'!D35/1000 -> 0 | AA16: =SUM(U16:U20)-SUM(W16:W20)-SUM(Z16:Z20)-SUM(Y16:Y20) -> 1.916452 | AB16: =(SUM(K16:K20)-SUM(W16:W20)-SUM(Y16:Y20)-SUM(Z16:Z20)-SUM(AC16:AC20)-SUM(V16:V20))-AA16 -> 0 | AC16: =K16-T16 -> 0.54181008 | AD16: =+AM16+BA16 -> 6 | AE16: - Sheet Breaks (2x) | AF16: 6 | AM16: =SUM(AF16:AL16)+AT16+AV16+AX16 -> 6 | AR16: =SUM(AN16:AQ16) -> 0 | BA16: =+AR16+AS16+AU16+AW16+AY16+AZ16 -> 0 | BB16: 2
AD17: =+AM17+BA17 -> 8 | AE17: - Change Blade (6x) | AG17: 8 | AM17: =SUM(AF17:AL17)+AT17+AV17+AX17 -> 8 | AR17: =SUM(AN17:AQ17) -> 0 | BA17: =+AR17+AS17+AU17+AW17+AY17+AZ17 -> 0 | BC17: 6
AD18: =+AM18+BA18 -> 50 | AE18: - Change Spool (29x) | AH18: 50 | AM18: =SUM(AF18:AL18)+AT18+AV18+AX18 -> 50 | AR18: =SUM(AN18:AQ18) -> 0 | BA18: =+AR18+AS18+AU18+AW18+AY18+AZ18 -> 0
AD19: =+AM19+BA19 -> 0 | AE19: - Cleaning | AM19: =SUM(AF19:AL19)+AT19+AV19+AX19 -> 0 | AR19: =SUM(AN19:AQ19) -> 0 | BA19: =+AR19+AS19+AU19+AW19+AY19+AZ19 -> 0
A21: 46116 | B21: Facial | C21: =(M21*E21*O21*Q21)/100000000 -> 13.725855 | D21: VP OW | E21: 11.5 | F21: 1 | G21: 1230 | H21: 0.23 | I21: 0.88 | J21: =E21*G21*(1-H21)*1440/1000000*2.74 -> 42.974094 | K21: =(IF(G21<L21,L21,G21)*(1-IF(H21<N21,H21,N21))*E21*O21*Q21)/100000000 -> 13.906459 | L21: 1230 | M21: 934.8 | N21: =1-(M21/L21) -> 0.24 | O21: =+'Trim Rwd'!H10 -> 266 | P21: =O21*(Q21-R21-S21) -> 122360 | Q21: 480 | R21: 0 | S21: 20 | T21: =E21*M21*O21*Q21/100000000 -> 13.725855 | U21: =E21*M21*O21*(Q21-R21-S21)/100000000 -> 13.153945 | V21: =E21*G21*(1-N21)*O21/100*(R21+S21)/1000000 -> 0.57191064 | W21: =+'4'!K7/1000 -> 14.036 | X21: =SUM(W21:W25)/SUM(K21:K25) -> 0.91752821 | Y21: 0 | Z21: =+'1'!D40/1000 -> 0 | AA21: =SUM(U21:U25)-SUM(W21:W25)-SUM(Z21:Z25)-SUM(Y21:Y25) -> 0.081616512 | AB21: =(SUM(K21:K25)-SUM(W21:W25)-SUM(Y21:Y25)-SUM(Z21:Z25)-SUM(AC21:AC25)-SUM(V21:V25))-AA21 -> -0.03621506 | AC21: =K21-T21 -> 0.18060336 | AD21: =+AM21+BA21 -> 8 | AE21: - Sheet Breaks (4x) | AF21: 8 | AM21: =SUM(AF21:AL21)+AT21+AV21+AX21 -> 8 | AR21: =SUM(AN21:AQ21) -> 0 | BA21: =+AR21+AS21+AU21+AW21+AY21+AZ21 -> 0 | BB21: 4
B22: Facial | C22: =(M22*E22*O22*Q22)/100000000 -> 5.9204376 | D22: VP OW | E22: 14 | F22: 1 | G22: 1230 | H22: 0.23 | I22: 0.88 | J22: =E22*G22*(1-H22)*1440/1000000*2.74 -> 52.316289 | K22: =(IF(G22<L22,L22,G22)*(1-IF(H22<N22,H22,N22))*E22*O22*Q22)/100000000 -> 6.5998664 | L22: 1180 | M22: 849.6 | N22: =1-(M22/L22) -> 0.28 | O22: =+'Trim Rwd'!H11 -> 275 | P22: =O22*(Q22-R22-S22) -> 46200 | Q22: 181 | R22: 0 | S22: 13 | T22: =E22*M22*O22*Q22/100000000 -> 5.9204376 | U22: =E22*M22*O22*(Q22-R22-S22)/100000000 -> 5.4952128 | V22: =E22*G22*(1-N22)*O22/100*(R22+S22)/1000000 -> 0.4432428 | W22: =+'4'!K8/1000 -> 5.693 | AC22: =K22-T22 -> 0.67942875 | AD22: =+AM22+BA22 -> 0 | AE22: - Change Blade (0x) | AG22: 0 | AM22: =SUM(AF22:AL22)+AT22+AV22+AX22 -> 0 | AR22: =SUM(AN22:AQ22) -> 0 | BA22: =+AR22+AS22+AU22+AW22+AY22+AZ22 -> 0 | BC22: 0
B23: Facial | C23: =(M23*E23*O23*Q23)/100000000 -> 24.503381 | D23: VP OW | E23: 13 | F23: 1 | G23: 1230 | H23: 0.23 | I23: 0.88 | J23: =E23*G23*(1-H23)*1440/1000000*2.74 -> 48.579411 | K23: =(IF(G23<L23,L23,G23)*(1-IF(H23<N23,H23,N23))*E23*O23*Q23)/100000000 -> 25.236138 | L23: 1210 | M23: 919.6 | N23: =1-(M23/L23) -> 0.24 | O23: =+'Trim Rwd'!H12 -> 263.11538 | P23: =O23*(Q23-R23-S23) -> 195757.85 | Q23: 779 | R23: 0 | S23: 35 | T23: =E23*M23*O23*Q23/100000000 -> 24.503381 | U23: =E23*M23*O23*(Q23-R23-S23)/100000000 -> 23.402459 | V23: =E23*G23*(1-N23)*O23/100*(R23+S23)/1000000 -> 1.1191192 | W23: =+'4'!K9/1000 -> 22.241 | AC23: =K23-T23 -> 0.73275661 | AD23: =+AM23+BA23 -> 60 | AE23: - Change Spool (30x) | AH23: 60 | AM23: =SUM(AF23:AL23)+AT23+AV23+AX23 -> 60 | AR23: =SUM(AN23:AQ23) -> 0 | BA23: =+AR23+AS23+AU23+AW23+AY23+AZ23 -> 0
AD24: =+AM24+BA24 -> 0 | AE24: - Cleaning | AM24: =SUM(AF24:AL24)+AT24+AV24+AX24 -> 0 | AR24: =SUM(AN24:AQ24) -> 0 | BA24: =+AR24+AS24+AU24+AW24+AY24+AZ24 -> 0
A26: 46117 | B26: Facial | C26: =(M26*E26*O26*Q26)/100000000 -> 41.177566 | D26: VP OW | E26: 11.5 | F26: 1 | G26: 1230 | H26: 0.23 | I26: 0.88 | J26: =E26*G26*(1-H26)*1440/1000000*2.74 -> 42.974094 | K26: =(IF(G26<L26,L26,G26)*(1-IF(H26<N26,H26,N26))*E26*O26*Q26)/100000000 -> 41.719376 | L26: 1230 | M26: 934.8 | N26: =1-(M26/L26) -> 0.24 | O26: =+'Trim Rwd'!H15 -> 266 | P26: =O26*(Q26-R26-S26) -> 363888 | Q26: 1440 | R26: 0 | S26: 72 | T26: =E26*M26*O26*Q26/100000000 -> 41.177566 | U26: =E26*M26*O26*(Q26-R26-S26)/100000000 -> 39.118688 | V26: =E26*G26*(1-N26)*O26/100*(R26+S26)/1000000 -> 2.0588783 | W26: =+'5'!K7/1000 -> 39.289 | X26: =SUM(W26:W30)/SUM(K26:K30) -> 0.94174467 | Y26: 0 | Z26: =+'1'!D45/1000 -> 0 | AA26: =SUM(U26:U30)-SUM(W26:W30)-SUM(Z26:Z30)-SUM(Y26:Y30) -> -0.17031222 | AB26: =(SUM(K26:K30)-SUM(W26:W30)-SUM(Y26:Y30)-SUM(Z26:Z30)-SUM(AC26:AC30)-SUM(V26:V30))-AA26 -> 3.5527137e-15 | AC26: =K26-T26 -> 0.54181008 | AD26: =+AM26+BA26 -> 0 | AE26: - Sheet Breaks (6x) | AF26: 0 | AM26: =SUM(AF26:AL26)+AT26+AV26+AX26 -> 0 | AR26: =SUM(AN26:AQ26) -> 0 | BA26: =+AR26+AS26+AU26+AW26+AY26+AZ26 -> 0 | BB26: 6
AD27: =+AM27+BA27 -> 0 | AE27: - Change Blade (0x) | AG27: 0 | AM27: =SUM(AF27:AL27)+AT27+AV27+AX27 -> 0 | AR27: =SUM(AN27:AQ27) -> 0 | BA27: =+AR27+AS27+AU27+AW27+AY27+AZ27 -> 0 | BC27: 0
AD28: =+AM28+BA28 -> 72 | AE28: - Change Spool (30x) | AH28: 72 | AM28: =SUM(AF28:AL28)+AT28+AV28+AX28 -> 72 | AR28: =SUM(AN28:AQ28) -> 0 | BA28: =+AR28+AS28+AU28+AW28+AY28+AZ28 -> 0
AD29: =+AM29+BA29 -> 0 | AE29: - Cleaning | AM29: =SUM(AF29:AL29)+AT29+AV29+AX29 -> 0 | AR29: =SUM(AN29:AQ29) -> 0 | BA29: =+AR29+AS29+AU29+AW29+AY29+AZ29 -> 0
A31: 46118 | B31: Facial | C31: =(M31*E31*O31*Q31)/100000000 -> 4.7754538 | D31: VP OW | E31: 11.5 | F31: 1 | G31: 1230 | H31: 0.23 | I31: 0.88 | J31: =E31*G31*(1-H31)*1440/1000000*2.74 -> 42.974094 | K31: =(IF(G31<L31,L31,G31)*(1-IF(H31<N31,H31,N31))*E31*O31*Q31)/100000000 -> 4.8382888 | L31: 1230 | M31: 934.8 | N31: =1-(M31/L31) -> 0.24 | O31: =+'Trim Rwd'!H17 -> 266 | P31: =O31*(Q31-R31-S31) -> 42294 | Q31: 167 | R31: 0 | S31: 8 | T31: =E31*M31*O31*Q31/100000000 -> 4.7754538 | U31: =E31*M31*O31*(Q31-R31-S31)/100000000 -> 4.5466896 | V31: =E31*G31*(1-N31)*O31/100*(R31+S31)/1000000 -> 0.22876426 | W31: =+'6'!K7/1000 -> 5.658 | X31: =SUM(W31:W35)/SUM(K31:K35) -> 0.83363161 | Y31: 0 | Z31: =+'1'!D50/1000 -> 0 | AA31: =SUM(U31:U35)-SUM(W31:W35)-SUM(Z31:Z35)-SUM(Y31:Y35) -> 3.1459555 | AB31: =(SUM(K31:K35)-SUM(W31:W35)-SUM(Y31:Y35)-SUM(Z31:Z35)-SUM(AC31:AC35)-SUM(V31:V35))-AA31 -> -0.104832 | AC31: =K31-T31 -> 0.062834919 | AD31: =+AM31+BA31 -> 9 | AE31: - Sheet Breaks (4x) | AF31: 9 | AM31: =SUM(AF31:AL31)+AT31+AV31+AX31 -> 9 | AR31: =SUM(AN31:AQ31) -> 0 | BA31: =+AR31+AS31+AU31+AW31+AY31+AZ31 -> 0 | BB31: 4
B32: Facial | C32: =(M32*E32*O32*Q32)/100000000 -> 6.0274408 | D32: VP OW | E32: 12 | F32: 1 | G32: 1230 | H32: =+N32 -> 0.24 | I32: 0.88 | J32: =E32*G32*(1-H32)*1440/1000000*2.74 -> 44.260163 | K32: =(IF(G32<L32,L32,G32)*(1-IF(H32<N32,H32,N32))*E32*O32*Q32)/100000000 -> 6.0274408 | L32: 1230 | M32: 934.8 | N32: =1-(M32/L32) -> 0.24 | O32: =+'Trim Rwd'!H18 -> 266 | P32: =O32*(Q32-R32-S32) -> 49210 | Q32: 202 | R32: 0 | S32: 17 | T32: =E32*M32*O32*Q32/100000000 -> 6.0274408 | U32: =E32*M32*O32*(Q32-R32-S32)/100000000 -> 5.520181 | V32: =E32*G32*(1-N32)*O32/100*(R32+S32)/1000000 -> 0.50725987 | W32: =+'6'!K10/1000 -> 7.645 | AC32: =K32-T32 -> 0 | AD32: =+AM32+BA32 -> 9 | AE32: - Change Blade (3x) | AG32: 9 | AM32: =SUM(AF32:AL32)+AT32+AV32+AX32 -> 9 | AR32: =SUM(AN32:AQ32) -> 0 | BA32: =+AR32+AS32+AU32+AW32+AY32+AZ32 -> 0 | BC32: 3
B33: Facial | C33: =(M33*E33*O33*Q33)/100000000 -> 33.624045 | D33: VP OW | E33: 14 | F33: 1 | G33: 1230 | H33: =+N33 -> 0.25 | I33: 0.88 | J33: =E33*G33*(1-H33)*1440/1000000*2.74 -> 50.957424 | K33: =(IF(G33<L33,L33,G33)*(1-IF(H33<N33,H33,N33))*E33*O33*Q33)/100000000 -> 35.963109 | L33: 1150 | M33: 862.5 | N33: =1-(M33/L33) -> 0.25 | O33: =+'Trim Rwd'!H19 -> 260 | P33: =O33*(Q33-R33-S33) -> 265980 | Q33: 1071 | R33: 0 | S33: =73-S31-S32 -> 48 | T33: =E33*M33*O33*Q33/100000000 -> 33.624045 | U33: =E33*M33*O33*(Q33-R33-S33)/100000000 -> 32.117085 | V33: =E33*G33*(1-N33)*O33/100*(R33+S33)/1000000 -> 1.611792 | W33: =+'6'!K8/1000 -> 25.735 | AC33: =K33-T33 -> 2.339064 | AD33: =+AM33+BA33 -> 55 | AE33: - Change Spool (28x) | AH33: 55 | AM33: =SUM(AF33:AL33)+AT33+AV33+AX33 -> 55 | AR33: =SUM(AN33:AQ33) -> 0 | BA33: =+AR33+AS33+AU33+AW33+AY33+AZ33 -> 0
AD34: =+AM34+BA34 -> 0 | AE34: - Cleaning | AM34: =SUM(AF34:AL34)+AT34+AV34+AX34 -> 0 | AR34: =SUM(AN34:AQ34) -> 0 | BA34: =+AR34+AS34+AU34+AW34+AY34+AZ34 -> 0
A36: 46119 | B36: Facial | C36: =(M36*E36*O36*Q36)/100000000 -> 38.207715 | D36: VP OW | E36: 14 | F36: 1 | G36: 1230 | H36: =+N36 -> 0.25 | I36: 0.88 | J36: =E36*G36*(1-H36)*1440/1000000*2.74 -> 50.957424 | K36: =(IF(G36<L36,L36,G36)*(1-IF(H36<N36,H36,N36))*E36*O36*Q36)/100000000 -> 40.865643 | L36: 1150 | M36: 862.5 | N36: =1-(M36/L36) -> 0.25 | O36: =+'Trim Rwd'!H21 -> 260 | P36: =O36*(Q36-R36-S36) -> 301080 | Q36: 1217 | R36: 0 | S36: 59 | T36: =E36*M36*O36*Q36/100000000 -> 38.207715 | U36: =E36*M36*O36*(Q36-R36-S36)/100000000 -> 36.35541 | V36: =E36*G36*(1-N36)*O36/100*(R36+S36)/1000000 -> 1.981161 | W36: =+'7'!K8/1000 -> 34.863 | X36: =SUM(W36:W40)/SUM(K36:K40) -> 0.80586376 | Y36: 0 | Z36: =+'7'!D16/1000 -> 0.397 | AA36: =SUM(U36:U40)-SUM(W36:W40)-SUM(Z36:Z40)-SUM(Y36:Y40) -> 3.48631 | AB36: =(SUM(K36:K40)-SUM(W36:W40)-SUM(Y36:Y40)-SUM(Z36:Z40)-SUM(AC36:AC40)-SUM(V36:V40))-AA36 -> 0.306579 | AC36: =K36-T36 -> 2.657928 | AD36: =+AM36+BA36 -> 16 | AE36: - Sheet Breaks (6x) | AF36: 16 | AM36: =SUM(AF36:AL36)+AT36+AV36+AX36 -> 16 | AR36: =SUM(AN36:AQ36) -> 0 | BA36: =+AR36+AS36+AU36+AW36+AY36+AZ36 -> 0 | BB36: 6
B37: Facial | C37: =(M37*E37*O37*Q37)/100000000 -> 8.0949 | D37: VP OW | E37: 16 | F37: 1 | G37: 1165 | H37: =+N37 -> 0.25 | I37: 0.88 | J37: =E37*G37*(1-H37)*1440/1000000*2.74 -> 55.159488 | K37: =(IF(G37<L37,L37,G37)*(1-IF(H37<N37,H37,N37))*E37*O37*Q37)/100000000 -> 8.573235 | L37: 1100 | M37: 825 | N37: =1-(M37/L37) -> 0.25 | O37: =+'Trim Rwd'!H22 -> 275 | P37: =O37*(Q37-R37-S37) -> 55825 | Q37: 223 | R37: 0 | S37: 20 | T37: =E37*M37*O37*Q37/100000000 -> 8.0949 | U37: =E37*M37*O37*(Q37-R37-S37)/100000000 -> 7.3689 | V37: =E37*G37*(1-N37)*O37/100*(R37+S37)/1000000 -> 0.7689 | W37: =+'7'!K11/1000 -> 4.978 | AD37: =+AM37+BA37 -> 4 | AE37: - Change Blade (2x) | AG37: 4 | AM37: =SUM(AF37:AL37)+AT37+AV37+AX37 -> 4 | AR37: =SUM(AN37:AQ37) -> 0 | BA37: =+AR37+AS37+AU37+AW37+AY37+AZ37 -> 0 | BC37: 2
AD38: =+AM38+BA38 -> 59 | AE38: - Change Spool (30x) | AH38: 59 | AM38: =SUM(AF38:AL38)+AT38+AV38+AX38 -> 59 | AR38: =SUM(AN38:AQ38) -> 0 | BA38: =+AR38+AS38+AU38+AW38+AY38+AZ38 -> 0
AD39: =+AM39+BA39 -> 0 | AE39: - Cleaning | AM39: =SUM(AF39:AL39)+AT39+AV39+AX39 -> 0 | AR39: =SUM(AN39:AQ39) -> 0 | BA39: =+AR39+AS39+AU39+AW39+AY39+AZ39 -> 0
A41: 46120 | B41: Facial | C41: =(M41*E41*O41*Q41)/100000000 -> 8.1627 | D41: VP OW | E41: 14 | F41: 1 | G41: 1230 | H41: =+N41 -> 0.25 | I41: 0.88 | J41: =E41*G41*(1-H41)*1440/1000000*2.74 -> 50.957424 | K41: =(IF(G41<L41,L41,G41)*(1-IF(H41<N41,H41,N41))*E41*O41*Q41)/100000000 -> 8.73054 | L41: 1150 | M41: 862.5 | N41: =1-(M41/L41) -> 0.25 | O41: =+'Trim Rwd'!H24 -> 260 | P41: =O41*(Q41-R41-S41) -> 63700 | Q41: 260 | R41: 0 | S41: 15 | T41: =E41*M41*O41*Q41/100000000 -> 8.1627 | U41: =E41*M41*O41*(Q41-R41-S41)/100000000 -> 7.691775 | V41: =E41*G41*(1-N41)*O41/100*(R41+S41)/1000000 -> 0.503685 | W41: =+'8'!K8/1000 -> 12.107 | X41: =SUM(W41:W45)/SUM(K41:K45) -> 0.81688571 | Y41: 0 | Z41: 0 | AA41: =SUM(U41:U45)-SUM(W41:W45)-SUM(Z41:Z45)-SUM(Y41:Y45) -> 2.1067969 | AB41: =(SUM(K41:K45)-SUM(W41:W45)-SUM(Y41:Y45)-SUM(Z41:Z45)-SUM(AC41:AC45)-SUM(V41:V45))-AA41 -> -0.281529 | AC41: =K41-T41 -> 0.56784 | AD41: =+AM41+BA41 -> 16 | AE41: - Sheet Breaks (5x) | AF41: 16 | AM41: =SUM(AF41:AL41)+AT41+AV41+AX41 -> 16 | AR41: =SUM(AN41:AQ41) -> 0 | BA41: =+AR41+AS41+AU41+AW41+AY41+AZ41 -> 0 | BB41: 5
B42: Facial | C42: =(M42*E42*O42*Q42)/100000000 -> 39.95145 | D42: VP OW | E42: 16 | F42: 1 | G42: 1165 | H42: =+N42 -> 0.25 | I42: 0.88 | J42: =E42*G42*(1-H42)*1440/1000000*2.74 -> 55.159488 | K42: =(IF(G42<L42,L42,G42)*(1-IF(H42<N42,H42,N42))*E42*O42*Q42)/100000000 -> 44.327085 | L42: 1050 | M42: 787.5 | N42: =1-(M42/L42) -> 0.25 | O42: =+'Trim Rwd'!H25 -> 275 | P42: =O42*(Q42-R42-S42) -> 299750 | Q42: 1153 | R42: 0 | S42: =80-S41-S43 -> 63 | T42: =E42*M42*O42*Q42/100000000 -> 39.95145 | U42: =E42*M42*O42*(Q42-R42-S42)/100000000 -> 37.7685 | V42: =E42*G42*(1-N42)*O42/100*(R42+S42)/1000000 -> 2.422035 | W42: =+'8'!K11/1000 -> 32.056 | AC42: =K42-T42 -> 4.375635 | AD42: =+AM42+BA42 -> 8 | AE42: - Change Blade (4x) | AG42: 8 | AM42: =SUM(AF42:AL42)+AT42+AV42+AX42 -> 8 | AR42: =SUM(AN42:AQ42) -> 0 | BA42: =+AR42+AS42+AU42+AW42+AY42+AZ42 -> 0 | BC42: 4
B43: Facial | C43: =(M43*E43*O43*Q43)/100000000 -> 0.87428363 | D43: VP OW | E43: 15 | F43: 1 | G43: 1230 | H43: =+N43 -> 0.25 | I43: 0.88 | J43: =E43*G43*(1-H43)*1440/1000000*2.74 -> 54.59724 | K43: =(IF(G43<L43,L43,G43)*(1-IF(H43<N43,H43,N43))*E43*O43*Q43)/100000000 -> 1.0050176 | L43: 1070 | M43: 802.5 | N43: =1-(M43/L43) -> 0.25 | O43: =+'Trim Rwd'!H27 -> 269 | P43: =O43*(Q43-R43-S43) -> 6725 | Q43: 27 | R43: 0 | S43: 2 | T43: =E43*M43*O43*Q43/100000000 -> 0.87428363 | U43: =E43*M43*O43*(Q43-R43-S43)/100000000 -> 0.80952187 | V43: =E43*G43*(1-N43)*O43/100*(R43+S43)/1000000 -> 0.07444575 | W43: =+'8'!K12/1000 -> 0 | AC43: =K43-T43 -> 0.130734 | AD43: =+AM43+BA43 -> 56 | AE43: - Change Spool (30x) | AH43: 56 | AM43: =SUM(AF43:AL43)+AT43+AV43+AX43 -> 56 | AR43: =SUM(AN43:AQ43) -> 0 | BA43: =+AR43+AS43+AU43+AW43+AY43+AZ43 -> 0
AD44: =+AM44+BA44 -> 0 | AE44: - Cleaning | AM44: =SUM(AF44:AL44)+AT44+AV44+AX44 -> 0 | AR44: =SUM(AN44:AQ44) -> 0 | BA44: =+AR44+AS44+AU44+AW44+AY44+AZ44 -> 0
A46: 46121 | B46: Facial | C46: =(M46*E46*O46*Q46)/100000000 -> 39.439906 | D46: VP OW | E46: 15 | F46: 1 | G46: 1230 | H46: =+N46 -> 0.25 | I46: 0.88 | J46: =E46*G46*(1-H46)*1440/1000000*2.74 -> 54.59724 | K46: =(IF(G46<L46,L46,G46)*(1-IF(H46<N46,H46,N46))*E46*O46*Q46)/100000000 -> 45.337462 | L46: 1070 | M46: 802.5 | N46: =1-(M46/L46) -> 0.25 | O46: =+'Trim Rwd'!H27 -> 269 | P46: =O46*(Q46-R46-S46) -> 16140 | Q46: =67+413+738 -> 1218 | R46: =413+738 -> 1151 | S46: 7 | T46: =E46*M46*O46*Q46/100000000 -> 39.439906 | U46: =E46*M46*O46*(Q46-R46-S46)/100000000 -> 1.9428525 | V46: =E46*G46*(1-N46)*O46/100*(R46+S46)/1000000 -> 43.104089 | W46: =+'9'!K12/1000 -> 3.202 | X46: =SUM(W46:W50)/SUM(K46:K50) -> 0.076207397 | Y46: 0 | Z46: 0 | AA46: =SUM(U46:U50)-SUM(W46:W50)-SUM(Z46:Z50)-SUM(Y46:Y50) -> 2.5004403 | AB46: =(SUM(K46:K50)-SUM(W46:W50)-SUM(Y46:Y50)-SUM(Z46:Z50)-SUM(AC46:AC50)-SUM(V46:V50))-AA46 -> -5.7009005 | AC46: =K46-T46 -> 5.897556 | AD46: =+AM46+BA46 -> 0 | AE46: - Sheet Breaks (0x) | AF46: 0 | AM46: =SUM(AF46:AL46)+AT46+AV46+AX46 -> 0 | AR46: =SUM(AN46:AQ46) -> 0 | BA46: =+AR46+AS46+AU46+AW46+AY46+AZ46 -> 0 | BB46: 0
B47: Toilet | C47: =(M47*E47*O47*Q47)/100000000 -> 4.7514069 | D47: VP OW | E47: 14 | F47: 1 | G47: 1230 | H47: =+N47 -> 0.24 | I47: 0.88 | J47: =E47*G47*(1-H47)*1440/1000000*2.74 -> 51.636856 | K47: =(IF(G47<L47,L47,G47)*(1-IF(H47<N47,H47,N47))*E47*O47*Q47)/100000000 -> 7.7282533 | L47: 756.21622 | M47: 574.72432 | N47: =1-(M47/L47) -> 0.24 | O47: =+'Trim Rwd'!H28 -> 266 | P47: =O47*(Q47-R47-S47) -> 57190 | Q47: 222 | R47: 0 | S47: 7 | T47: =E47*M47*O47*Q47/100000000 -> 4.7514069 | U47: =E47*M47*O47*(Q47-R47-S47)/100000000 -> 4.6015878 | V47: =E47*G47*(1-N47)*O47/100*(R47+S47)/1000000 -> 0.24368366 | W47: =+'9'!K13/1000 -> 0.842 | AC47: =K47-T47 -> 2.9768464 | AD47: =+AM47+BA47 -> 0 | AE47: - Change Blade (0x) | AG47: 0 | AM47: =SUM(AF47:AL47)+AT47+AV47+AX47 -> 0 | AR47: =SUM(AN47:AQ47) -> 0 | BA47: =+AR47+AS47+AU47+AW47+AY47+AZ47 -> 0 | BC47: 0
AD48: =+AM48+BA48 -> 14 | AE48: - Change Spool (7x) | AH48: 14 | AM48: =SUM(AF48:AL48)+AT48+AV48+AX48 -> 14 | AR48: =SUM(AN48:AQ48) -> 0 | BA48: =+AR48+AS48+AU48+AW48+AY48+AZ48 -> 0
AD49: =+AM49+BA49 -> 0 | AE49: - Cleaning | AI49: 0 | AM49: =SUM(AF49:AL49)+AT49+AV49+AX49 -> 0 | AR49: =SUM(AN49:AQ49) -> 0 | BA49: =+AR49+AS49+AU49+AW49+AY49+AZ49 -> 0
AD50: =+AM50+BA50 -> 207 | AE50: - 08:07 pm trip driver suction fault | AM50: =SUM(AF50:AL50)+AT50+AV50+AX50 -> 0 | AP50: 207 | AR50: =SUM(AN50:AQ50) -> 207 | BA50: =+AR50+AS50+AU50+AW50+AY50+AZ50 -> 207
AD51: =+AM51+BA51 -> 206 | AE51: - 08:07 pm trip driver suction fault | AO51: 206 | AR51: =SUM(AN51:AQ51) -> 206 | BA51: =+AR51+AS51+AU51+AW51+AY51+AZ51 -> 206
AD52: =+AM52+BA52 -> 738 | AE52: - Ganti felt , felt kejatuhann roll felt | AM52: =SUM(AF52:AL52)+AT52+AV52+AX52 -> 0 | AR52: =SUM(AN52:AQ52) -> 0 | AS52: 738 | BA52: =+AR52+AS52+AU52+AW52+AY52+AZ52 -> 738
A54: 46122 | B54: Toilet | C54: =(M54*E54*O54*Q54)/100000000 -> 3.1698688 | D54: VP OW | E54: 14 | F54: 1 | G54: 1230 | H54: =+N54 -> 0.24 | I54: 0.88 | J54: =E54*G54*(1-H54)*1440/1000000*2.74 -> 51.636856 | K54: =(IF(G54<L54,L54,G54)*(1-IF(H54<N54,H54,N54))*E54*O54*Q54)/100000000 -> 4.8736733 | L54: 800 | M54: 608 | N54: =1-(M54/L54) -> 0.24 | O54: =+'Trim Rwd'!H31 -> 266 | P54: =O54*(Q54-R54-S54) -> 34846 | Q54: 140 | R54: 0 | S54: 9 | T54: =E54*M54*O54*Q54/100000000 -> 3.1698688 | U54: =E54*M54*O54*(Q54-R54-S54)/100000000 -> 2.9660915 | V54: =E54*G54*(1-N54)*O54/100*(R54+S54)/1000000 -> 0.31330757 | W54: =+'10'!K13/1000 -> 4.758 | X54: =SUM(W54:W58)/SUM(K54:K58) -> 0.67229958 | Y54: 0 | Z54: 0 | AA54: =SUM(U54:U58)-SUM(W54:W58)-SUM(Z54:Z58)-SUM(Y54:Y58) -> 6.2953599 | AB54: =(SUM(K54:K58)-SUM(W54:W58)-SUM(Y54:Y58)-SUM(Z54:Z58)-SUM(AC54:AC58)-SUM(V54:V58))-AA54 -> -0.28541787 | AC54: =K54-T54 -> 1.7038045 | AD54: =+AM54+BA54 -> 0 | AE54: - Sheet Breaks (0x) | AF54: 0 | AM54: =SUM(AF54:AL54)+AT54+AV54+AX54 -> 0 | AR54: =SUM(AN54:AQ54) -> 0 | BA54: =+AR54+AS54+AU54+AW54+AY54+AZ54 -> 0 | BB54: 0
B55: Toilet | C55: =(M55*E55*O55*Q55)/100000000 -> 35.549559 | D55: VP OW | E55: 13 | F55: 1 | G55: 1230 | H55: =+N55 -> 0.2518685 | I55: 0.88 | J55: =E55*G55*(1-H55)*1440/1000000*2.74 -> 47.199724 | K55: =(IF(G55<L55,L55,G55)*(1-IF(H55<N55,H55,N55))*E55*O55*Q55)/100000000 -> 40.122636 | L55: 1089.8077 | M55: 815.31946 | N55: =1-(M55/L55) -> 0.2518685 | O55: =+'Trim Rwd'!H30 -> 258 | P55: =O55*(Q55-R55-S55) -> 322500 | Q55: 1300 | R55: 0 | S55: 50 | T55: =E55*M55*O55*Q55/100000000 -> 35.549559 | U55: =E55*M55*O55*(Q55-R55-S55)/100000000 -> 34.182268 | V55: =E55*G55*(1-N55)*O55/100*(R55+S55)/1000000 -> 1.5431783 | W55: =+'10'!K14/1000 -> 25.493 | Z55: =+'10'!D16/1000 -> 0.602 | AC55: =K55-T55 -> 4.5730772 | AD55: =+AM55+BA55 -> 0 | AE55: - Change Blade (0x) | AG55: 0 | AM55: =SUM(AF55:AL55)+AT55+AV55+AX55 -> 0 | AR55: =SUM(AN55:AQ55) -> 0 | BA55: =+AR55+AS55+AU55+AW55+AY55+AZ55 -> 0 | BC55: 0
AD56: =+AM56+BA56 -> 59 | AE56: - Change Spool (26x) | AH56: 59 | AM56: =SUM(AF56:AL56)+AT56+AV56+AX56 -> 59 | AR56: =SUM(AN56:AQ56) -> 0 | BA56: =+AR56+AS56+AU56+AW56+AY56+AZ56 -> 0
AD57: =+AM57+BA57 -> 0 | AE57: - Cleaning | AI57: 0 | AM57: =SUM(AF57:AL57)+AT57+AV57+AX57 -> 0 | AR57: =SUM(AN57:AQ57) -> 0 | BA57: =+AR57+AS57+AU57+AW57+AY57+AZ57 -> 0
A59: 46123 | B59: Toilet | C59: =(M59*E59*O59*Q59)/100000000 -> 41.669006 | D59: VP OW | E59: 13 | F59: 1 | G59: 1230 | H59: =+N59 -> 0.25 | I59: 0.88 | J59: =E59*G59*(1-H59)*1440/1000000*2.74 -> 47.317608 | K59: =(IF(G59<L59,L59,G59)*(1-IF(H59<N59,H59,N59))*E59*O59*Q59)/100000000 -> 44.554536 | L59: 1150.3403 | M59: 862.75521 | N59: =1-(M59/L59) -> 0.25 | O59: =+'Trim Rwd'!H33 -> 258 | P59: =O59*(Q59-R59-S59) -> 351138 | Q59: 1440 | R59: 0 | S59: 79 | T59: =E59*M59*O59*Q59/100000000 -> 41.669006 | U59: =E59*M59*O59*(Q59-R59-S59)/100000000 -> 39.382998 | V59: =E59*G59*(1-N59)*O59/100*(R59+S59)/1000000 -> 2.4443113 | W59: =+'11'!K34/1000 -> 39.327 | X59: =SUM(W59:W63)/SUM(K59:K63) -> 0.88267107 | Y59: 0 | Z59: 0 | AA59: =SUM(U59:U63)-SUM(W59:W63)-SUM(Z59:Z63)-SUM(Y59:Y63) -> 0.055997985 | AB59: =(SUM(K59:K63)-SUM(W59:W63)-SUM(Y59:Y63)-SUM(Z59:Z63)-SUM(AC59:AC63)-SUM(V59:V63))-AA59 -> -0.15830338 | AC59: =K59-T59 -> 2.88553 | AD59: =+AM59+BA59 -> 60 | AE59: - Sheet Breaks (12x) | AF59: 60 | AM59: =SUM(AF59:AL59)+AT59+AV59+AX59 -> 60 | AR59: =SUM(AN59:AQ59) -> 0 | BA59: =+AR59+AS59+AU59+AW59+AY59+AZ59 -> 0 | BB59: 12
AD60: =+AM60+BA60 -> 4 | AE60: - Change Blade (2x) | AG60: 4 | AM60: =SUM(AF60:AL60)+AT60+AV60+AX60 -> 4 | AR60: =SUM(AN60:AQ60) -> 0 | BA60: =+AR60+AS60+AU60+AW60+AY60+AZ60 -> 0 | BC60: 2
AD61: =+AM61+BA61 -> 15 | AE61: - Change Spool (24x) | AH61: 15 | AM61: =SUM(AF61:AL61)+AT61+AV61+AX61 -> 15 | AR61: =SUM(AN61:AQ61) -> 0 | BA61: =+AR61+AS61+AU61+AW61+AY61+AZ61 -> 0
AD62: =+AM62+BA62 -> 0 | AE62: - Cleaning | AI62: 0 | AM62: =SUM(AF62:AL62)+AT62+AV62+AX62 -> 0 | AR62: =SUM(AN62:AQ62) -> 0 | BA62: =+AR62+AS62+AU62+AW62+AY62+AZ62 -> 0
A64: 46124 | B64: Toilet | C64: =(M64*E64*O64*Q64)/100000000 -> 41.777424 | D64: VP OW | E64: 13 | F64: 1 | G64: 1230 | H64: =+N64 -> 0.25 | I64: 0.88 | J64: =E64*G64*(1-H64)*1440/1000000*2.74 -> 47.317608 | K64: =(IF(G64<L64,L64,G64)*(1-IF(H64<N64,H64,N64))*E64*O64*Q64)/100000000 -> 44.554536 | L64: 1153.3333 | M64: 865 | N64: =1-(M64/L64) -> 0.25 | O64: =+'Trim Rwd'!H35 -> 258 | P64: =O64*(Q64-R64-S64) -> 353718 | Q64: 1440 | R64: 0 | S64: 69 | T64: =E64*M64*O64*Q64/100000000 -> 41.777424 | U64: =E64*M64*O64*(Q64-R64-S64)/100000000 -> 39.775589 | V64: =E64*G64*(1-N64)*O64/100*(R64+S64)/1000000 -> 2.1349049 | W64: =+'12'!K34/1000 -> 35.431 | X64: =SUM(W64:W68)/SUM(K64:K68) -> 0.79522767 | Y64: 0 | Z64: 0 | AA64: =SUM(U64:U68)-SUM(W64:W68)-SUM(Z64:Z68)-SUM(Y64:Y68) -> 4.3445891 | AB64: =(SUM(K64:K68)-SUM(W64:W68)-SUM(Y64:Y68)-SUM(Z64:Z68)-SUM(AC64:AC68)-SUM(V64:V68))-AA64 -> -0.13306995 | AC64: =K64-T64 -> 2.777112 | AD64: =+AM64+BA64 -> 25 | AE64: - Sheet Breaks (5x) | AF64: 25 | AM64: =SUM(AF64:AL64)+AT64+AV64+AX64 -> 25 | AR64: =SUM(AN64:AQ64) -> 0 | BA64: =+AR64+AS64+AU64+AW64+AY64+AZ64 -> 0 | BB64: 5
AD65: =+AM65+BA65 -> 0 | AE65: - Change Blade (0x) | AG65: 0 | AM65: =SUM(AF65:AL65)+AT65+AV65+AX65 -> 0 | AR65: =SUM(AN65:AQ65) -> 0 | BA65: =+AR65+AS65+AU65+AW65+AY65+AZ65 -> 0 | BC65: 0
AD66: =+AM66+BA66 -> 29 | AE66: - Change Spool (25x) | AH66: 29 | AM66: =SUM(AF66:AL66)+AT66+AV66+AX66 -> 29 | AR66: =SUM(AN66:AQ66) -> 0 | BA66: =+AR66+AS66+AU66+AW66+AY66+AZ66 -> 0
AD67: =+AM67+BA67 -> 15 | AE67: - Cleaning | AI67: 15 | AM67: =SUM(AF67:AL67)+AT67+AV67+AX67 -> 15 | AR67: =SUM(AN67:AQ67) -> 0 | BA67: =+AR67+AS67+AU67+AW67+AY67+AZ67 -> 0
A69: 46125 | B69: Toilet | C69: =(M69*E69*O69*Q69)/100000000 -> 32.228223 | D69: VP OW | E69: 13 | F69: 1 | G69: 1230 | H69: =+N69 -> 0.25 | I69: 0.88 | J69: =E69*G69*(1-H69)*1440/1000000*2.74 -> 47.317608 | K69: =(IF(G69<L69,L69,G69)*(1-IF(H69<N69,H69,N69))*E69*O69*Q69)/100000000 -> 33.81813 | L69: 1172.1734 | M69: 879.13007 | N69: =1-(M69/L69) -> 0.25 | O69: =+'Trim Rwd'!H37 -> 258 | P69: =O69*(Q69-R69-S69) -> 214656 | Q69: =1315-222 -> 1093 | R69: =427-222 -> 205 | S69: 56 | T69: =E69*M69*O69*Q69/100000000 -> 32.228223 | U69: =E69*M69*O69*(Q69-R69-S69)/100000000 -> 24.532371 | V69: =E69*G69*(1-N69)*O69/100*(R69+S69)/1000000 -> 8.0755097 | W69: =+'13'!K14/1000 -> 25.204 | X69: =SUM(W69:W73)/SUM(K69:K73) -> 0.67187835 | Y69: 0 | Z69: =+'13'!D16/1000 -> 0.29 | AA69: =SUM(U69:U73)-SUM(W69:W73)-SUM(Z69:Z73)-SUM(Y69:Y73) -> 2.4986907 | AB69: =(SUM(K69:K73)-SUM(W69:W73)-SUM(Y69:Y73)-SUM(Z69:Z73)-SUM(AC69:AC73)-SUM(V69:V73))-AA69 -> -0.38326229 | AC69: =K69-T69 -> 1.5899079 | AD69: =+AM69+BA69 -> 12 | AE69: - Sheet Breaks (4x) | AF69: 12 | AM69: =SUM(AF69:AL69)+AT69+AV69+AX69 -> 12 | AR69: =SUM(AN69:AQ69) -> 0 | BA69: =+AR69+AS69+AU69+AW69+AY69+AZ69 -> 0 | BB69: 4
B70: Toilet | C70: =(M70*E70*O70*Q70)/100000000 -> 3.6045 | D70: VP OW | E70: 12 | F70: 1 | G70: 1230 | H70: =+N70 -> 0.25 | I70: 0.88 | J70: =E70*G70*(1-H70)*1440/1000000*2.74 -> 43.677792 | K70: =(IF(G70<L70,L70,G70)*(1-IF(H70<N70,H70,N70))*E70*O70*Q70)/100000000 -> 3.6946125 | L70: 1200 | M70: 900 | N70: =1-(M70/L70) -> 0.25 | O70: =+'Trim Rwd'!H41 -> 267 | P70: =O70*(Q70-R70-S70) -> 32040 | Q70: 125 | R70: 0 | S70: 5 | T70: =E70*M70*O70*Q70/100000000 -> 3.6045 | U70: =E70*M70*O70*(Q70-R70-S70)/100000000 -> 3.46032 | V70: =E70*G70*(1-N70)*O70/100*(R70+S70)/1000000 -> 0.1477845 | W70: =+'13'!K15/1000 -> 0 | AC70: =K70-T70 -> 0.0901125 | AD70: =+AM70+BA70 -> 0 | AE70: - Change Blade (0x) | AG70: 0 | AM70: =SUM(AF70:AL70)+AT70+AV70+AX70 -> 0 | AR70: =SUM(AN70:AQ70) -> 0 | BA70: =+AR70+AS70+AU70+AW70+AY70+AZ70 -> 0 | BC70: 0
AD71: =+AM71+BA71 -> 38 | AE71: - Change Spool (19x) | AH71: 38 | AM71: =SUM(AF71:AL71)+AT71+AV71+AX71 -> 38 | AR71: =SUM(AN71:AQ71) -> 0 | BA71: =+AR71+AS71+AU71+AW71+AY71+AZ71 -> 0
AD72: =+AM72+BA72 -> 205 | AE72: - Tambah Daya PLN | AM72: =SUM(AF72:AL72)+AT72+AV72+AX72 -> 0 | AR72: =SUM(AN72:AQ72) -> 0 | AY72: =427-222 -> 205 | BA72: =+AR72+AS72+AU72+AW72+AY72+AZ72 -> 205
AD73: =+AM73+BA73 -> 11 | AE73: - Seset 300 kg Efek PLN | AM73: =SUM(AF73:AL73)+AT73+AV73+AX73 -> 11 | AX73: 11 | BE73: 1
A75: 46126 | B75: Toilet | C75: =(M75*E75*O75*Q75)/100000000 -> 7.35318 | D75: VP OW | E75: 12 | F75: 1 | G75: 1230 | H75: =+N75 -> 0.25 | I75: 0.88 | J75: =E75*G75*(1-H75)*1440/1000000*2.74 -> 43.677792 | K75: =(IF(G75<L75,L75,G75)*(1-IF(H75<N75,H75,N75))*E75*O75*Q75)/100000000 -> 7.5370095 | L75: 1200 | M75: 900 | N75: =1-(M75/L75) -> 0.25 | O75: =+'Trim Rwd'!H41 -> 267 | P75: =O75*(Q75-R75-S75) -> 63279 | Q75: 255 | R75: 0 | S75: 18 | T75: =E75*M75*O75*Q75/100000000 -> 7.35318 | U75: =E75*M75*O75*(Q75-R75-S75)/100000000 -> 6.834132 | V75: =E75*G75*(1-N75)*O75/100*(R75+S75)/1000000 -> 0.5320242 | W75: =+'14'!K15/1000 -> 9.664 | X75: =SUM(W75:W79)/SUM(K75:K79) -> 1.0083233 | Y75: 0 | Z75: =+'13'!D22/1000 -> 0 | AA75: =SUM(U75:U79)-SUM(W75:W79)-SUM(Z75:Z79)-SUM(Y75:Y79) -> -3.4327647 | AB75: =(SUM(K75:K79)-SUM(W75:W79)-SUM(Y75:Y79)-SUM(Z75:Z79)-SUM(AC75:AC79)-SUM(V75:V79))-AA75 -> -0.049708835 | AC75: =K75-T75 -> 0.1838295 | AD75: =+AM75+BA75 -> 8 | AE75: - Sheet Breaks (4x) | AF75: 8 | AM75: =SUM(AF75:AL75)+AT75+AV75+AX75 -> 8 | AR75: =SUM(AN75:AQ75) -> 0 | BA75: =+AR75+AS75+AU75+AW75+AY75+AZ75 -> 0 | BB75: 4
B76: Toilet | C76: =(M76*E76*O76*Q76)/100000000 -> 36.907358 | D76: VP OW | E76: 13 | F76: 1 | G76: 1230 | H76: =+N76 -> 0.22 | I76: 0.88 | J76: =E76*G76*(1-H76)*1440/1000000*2.74 -> 49.210312 | K76: =(IF(G76<L76,L76,G76)*(1-IF(H76<N76,H76,N76))*E76*O76*Q76)/100000000 -> 37.919641 | L76: 1197.1646 | M76: 933.78835 | N76: =1-(M76/L76) -> 0.22 | O76: =+'Trim Rwd'!H39 -> 256.56818 | P76: =O76*(Q76-R76-S76) -> 293000.86 | Q76: 1185 | R76: 0 | S76: =61-S75 -> 43 | T76: =E76*M76*O76*Q76/100000000 -> 36.907358 | U76: =E76*M76*O76*(Q76-R76-S76)/100000000 -> 35.568103 | V76: =E76*G76*(1-N76)*O76/100*(R76+S76)/1000000 -> 1.375987 | W76: =+'14'!K14/1000 -> 36.171 | AC76: =K76-T76 -> 1.0122831 | AD76: =+AM76+BA76 -> 0 | AE76: - Change Blade (0x) | AG76: 0 | AM76: =SUM(AF76:AL76)+AT76+AV76+AX76 -> 0 | AR76: =SUM(AN76:AQ76) -> 0 | BA76: =+AR76+AS76+AU76+AW76+AY76+AZ76 -> 0 | BC76: 0
AD77: =+AM77+BA77 -> 35 | AE77: - Change Spool (26x) | AH77: 35 | AM77: =SUM(AF77:AL77)+AT77+AV77+AX77 -> 35 | AR77: =SUM(AN77:AQ77) -> 0 | BA77: =+AR77+AS77+AU77+AW77+AY77+AZ77 -> 0
AD78: =+AM78+BA78 -> 18 | AE78: - Cleaning | AI78: 18 | AM78: =SUM(AF78:AL78)+AT78+AV78+AX78 -> 18 | AR78: =SUM(AN78:AQ78) -> 0 | BA78: =+AR78+AS78+AU78+AW78+AY78+AZ78 -> 0
A80: 46127 | B80: Toilet | C80: =(M80*E80*O80*Q80)/100000000 -> 44.943725 | D80: VP OW | E80: 13 | F80: 1 | G80: 1230 | H80: =+N80 -> 0.22 | I80: 0.88 | J80: =E80*G80*(1-H80)*1440/1000000*2.74 -> 49.210312 | K80: =(IF(G80<L80,L80,G80)*(1-IF(H80<N80,H80,N80))*E80*O80*Q80)/100000000 -> 46.067318 | L80: 1200 | M80: 936 | N80: =1-(M80/L80) -> 0.22 | O80: =+'Trim Rwd'!H43 -> 256.5 | P80: =O80*(Q80-R80-S80) -> 355509 | Q80: 1440 | R80: 0 | S80: 54 | T80: =E80*M80*O80*Q80/100000000 -> 44.943725 | U80: =E80*M80*O80*(Q80-R80-S80)/100000000 -> 43.258335 | V80: =E80*G80*(1-N80)*O80/100*(R80+S80)/1000000 -> 1.7275244 | W80: =+'15'!K14/1000 -> 44.06 | X80: =SUM(W80:W84)/SUM(K80:K84) -> 0.95642642 | Y80: 0 | Z80: =+'13'!D27/1000 -> 0 | AA80: =SUM(U80:U84)-SUM(W80:W84)-SUM(Z80:Z84)-SUM(Y80:Y84) -> -0.80166488 | AB80: =(SUM(K80:K84)-SUM(W80:W84)-SUM(Y80:Y84)-SUM(Z80:Z84)-SUM(AC80:AC84)-SUM(V80:V84))-AA80 -> -0.042134742 | AC80: =K80-T80 -> 1.1235931 | AD80: =+AM80+BA80 -> 14 | AE80: - Sheet Breaks (6x) | AF80: 14 | AM80: =SUM(AF80:AL80)+AT80+AV80+AX80 -> 14 | AR80: =SUM(AN80:AQ80) -> 0 | BA80: =+AR80+AS80+AU80+AW80+AY80+AZ80 -> 0 | BB80: 6
AC81: =K81-T81 -> 0 | AD81: =+AM81+BA81 -> 0 | AE81: - Change Blade (0x) | AG81: 0 | AM81: =SUM(AF81:AL81)+AT81+AV81+AX81 -> 0 | AR81: =SUM(AN81:AQ81) -> 0 | BA81: =+AR81+AS81+AU81+AW81+AY81+AZ81 -> 0 | BC81: 0
AD82: =+AM82+BA82 -> 40 | AE82: - Change Spool (26x) | AH82: 40 | AM82: =SUM(AF82:AL82)+AT82+AV82+AX82 -> 40 | AR82: =SUM(AN82:AQ82) -> 0 | BA82: =+AR82+AS82+AU82+AW82+AY82+AZ82 -> 0
AD83: =+AM83+BA83 -> 0 | AE83: - Cleaning | AM83: =SUM(AF83:AL83)+AT83+AV83+AX83 -> 0 | AR83: =SUM(AN83:AQ83) -> 0 | BA83: =+AR83+AS83+AU83+AW83+AY83+AZ83 -> 0
A85: 46128 | B85: Toilet | C85: =(M85*E85*O85*Q85)/100000000 -> 44.943725 | D85: VP OW | E85: 13 | F85: 1 | G85: 1230 | H85: =+N85 -> 0.22 | I85: 0.88 | J85: =E85*G85*(1-H85)*1440/1000000*2.74 -> 49.210312 | K85: =(IF(G85<L85,L85,G85)*(1-IF(H85<N85,H85,N85))*E85*O85*Q85)/100000000 -> 46.067318 | L85: 1200 | M85: 936 | N85: =1-(M85/L85) -> 0.22 | O85: =+'Trim Rwd'!H45 -> 256.5 | P85: =O85*(Q85-R85-S85) -> 354996 | Q85: 1440 | R85: 0 | S85: 56 | T85: =E85*M85*O85*Q85/100000000 -> 44.943725 | U85: =E85*M85*O85*(Q85-R85-S85)/100000000 -> 43.195913 | V85: =E85*G85*(1-N85)*O85/100*(R85+S85)/1000000 -> 1.7915068 | W85: =+'16'!K14/1000 -> 46.641 | X85: =SUM(W85:W89)/SUM(K85:K89) -> 1.0124531 | Y85: 0 | Z85: =+'13'!D32/1000 -> 0 | AA85: =SUM(U85:U89)-SUM(W85:W89)-SUM(Z85:Z89)-SUM(Y85:Y89) -> -3.4450867 | AB85: =(SUM(K85:K89)-SUM(W85:W89)-SUM(Y85:Y89)-SUM(Z85:Z89)-SUM(AC85:AC89)-SUM(V85:V89))-AA85 -> -0.043695288 | AC85: =K85-T85 -> 1.1235931 | AD85: =+AM85+BA85 -> 12 | AE85: - Sheet Breaks (6x) | AF85: 12 | AM85: =SUM(AF85:AL85)+AT85+AV85+AX85 -> 12 | AR85: =SUM(AN85:AQ85) -> 0 | BA85: =+AR85+AS85+AU85+AW85+AY85+AZ85 -> 0 | BB85: 6
AC86: =K86-T86 -> 0 | AD86: =+AM86+BA86 -> 2 | AE86: - Change Blade (1x) | AG86: 2 | AM86: =SUM(AF86:AL86)+AT86+AV86+AX86 -> 2 | AR86: =SUM(AN86:AQ86) -> 0 | BA86: =+AR86+AS86+AU86+AW86+AY86+AZ86 -> 0 | BC86: 1
AD87: =+AM87+BA87 -> 42 | AE87: - Change Spool (25x) | AH87: 42 | AM87: =SUM(AF87:AL87)+AT87+AV87+AX87 -> 42 | AR87: =SUM(AN87:AQ87) -> 0 | BA87: =+AR87+AS87+AU87+AW87+AY87+AZ87 -> 0
AD88: =+AM88+BA88 -> 0 | AE88: - Cleaning | AM88: =SUM(AF88:AL88)+AT88+AV88+AX88 -> 0 | AR88: =SUM(AN88:AQ88) -> 0 | BA88: =+AR88+AS88+AU88+AW88+AY88+AZ88 -> 0
A90: 46129 | B90: Toilet | C90: =(M90*E90*O90*Q90)/100000000 -> 44.943725 | D90: VP OW | E90: 13 | F90: 1 | G90: 1230 | H90: =+N90 -> 0.22 | I90: 0.88 | J90: =E90*G90*(1-H90)*1440/1000000*2.74 -> 49.210312 | K90: =(IF(G90<L90,L90,G90)*(1-IF(H90<N90,H90,N90))*E90*O90*Q90)/100000000 -> 46.067318 | L90: 1200 | M90: 936 | N90: =1-(M90/L90) -> 0.22 | O90: =+'Trim Rwd'!H47 -> 256.5 | P90: =O90*(Q90-R90-S90) -> 350379 | Q90: 1440 | R90: 0 | S90: 74 | T90: =E90*M90*O90*Q90/100000000 -> 44.943725 | U90: =E90*M90*O90*(Q90-R90-S90)/100000000 -> 42.634117 | V90: =E90*G90*(1-N90)*O90/100*(R90+S90)/1000000 -> 2.3673483 | W90: =+'17'!K14/1000 -> 42.759 | X90: =SUM(W90:W94)/SUM(K90:K94) -> 0.92818514 | Y90: 0 | Z90: 0 | AA90: =SUM(U90:U94)-SUM(W90:W94)-SUM(Z90:Z94)-SUM(Y90:Y94) -> -0.12488328 | AB90: =(SUM(K90:K94)-SUM(W90:W94)-SUM(Y90:Y94)-SUM(Z90:Z94)-SUM(AC90:AC94)-SUM(V90:V94))-AA90 -> -0.057740202 | AC90: =K90-T90 -> 1.1235931 | AD90: =+AM90+BA90 -> 16 | AE90: - Sheet Breaks (6x) | AF90: 16 | AM90: =SUM(AF90:AL90)+AT90+AV90+AX90 -> 16 | AR90: =SUM(AN90:AQ90) -> 0 | BA90: =+AR90+AS90+AU90+AW90+AY90+AZ90 -> 0 | BB90: 6
AC91: =K91-T91 -> 0 | AD91: =+AM91+BA91 -> 6 | AE91: - Change Blade (2x) | AG91: 6 | AM91: =SUM(AF91:AL91)+AT91+AV91+AX91 -> 6 | AR91: =SUM(AN91:AQ91) -> 0 | BA91: =+AR91+AS91+AU91+AW91+AY91+AZ91 -> 0 | BC91: 2
AD92: =+AM92+BA92 -> 52 | AE92: - Change Spool (24x) | AH92: 52 | AM92: =SUM(AF92:AL92)+AT92+AV92+AX92 -> 52 | AR92: =SUM(AN92:AQ92) -> 0 | BA92: =+AR92+AS92+AU92+AW92+AY92+AZ92 -> 0
AD93: =+AM93+BA93 -> 0 | AE93: - Cleaning | AM93: =SUM(AF93:AL93)+AT93+AV93+AX93 -> 0 | AR93: =SUM(AN93:AQ93) -> 0 | BA93: =+AR93+AS93+AU93+AW93+AY93+AZ93 -> 0
A95: 46130 | B95: Toilet | C95: =(M95*E95*O95*Q95)/100000000 -> 9.2696432 | D95: VP OW | E95: 13 | F95: 1 | G95: 1230 | H95: =+N95 -> 0.22 | I95: 0.88 | J95: =E95*G95*(1-H95)*1440/1000000*2.74 -> 49.210312 | K95: =(IF(G95<L95,L95,G95)*(1-IF(H95<N95,H95,N95))*E95*O95*Q95)/100000000 -> 9.5013843 | L95: 1200 | M95: 936 | N95: =1-(M95/L95) -> 0.22 | O95: =+'Trim Rwd'!H49 -> 256.5 | P95: =O95*(Q95-R95-S95) -> 71820 | Q95: 297 | R95: 0 | S95: 17 | T95: =E95*M95*O95*Q95/100000000 -> 9.2696432 | U95: =E95*M95*O95*(Q95-R95-S95)/100000000 -> 8.7390576 | V95: =E95*G95*(1-N95)*O95/100*(R95+S95)/1000000 -> 0.54385028 | W95: =+'18'!K14/1000 -> 10.828 | X95: =SUM(W95:W99)/SUM(K95:K99) -> 0.83110067 | Y95: 0 | Z95: 0 | AA95: =SUM(U95:U99)-SUM(W95:W99)-SUM(Z95:Z99)-SUM(Y95:Y99) -> 4.0212686 | AB95: =(SUM(K95:K99)-SUM(W95:W99)-SUM(Y95:Y99)-SUM(Z95:Z99)-SUM(AC95:AC99)-SUM(V95:V99))-AA95 -> -0.043881185 | AC95: =K95-T95 -> 0.23174108 | AD95: =+AM95+BA95 -> 4 | AE95: - Sheet Breaks (2x) | AF95: 4 | AM95: =SUM(AF95:AL95)+AT95+AV95+AX95 -> 4 | AR95: =SUM(AN95:AQ95) -> 0 | BA95: =+AR95+AS95+AU95+AW95+AY95+AZ95 -> 0 | BB95: 2
B96: Toilet | C96: =(M96*E96*O96*Q96)/100000000 -> 2.7190169 | D96: VP OW | E96: 12 | F96: 1 | G96: 1230 | H96: =+N96 -> 0.26 | I96: 0.88 | J96: =E96*G96*(1-H96)*1440/1000000*2.74 -> 43.095421 | K96: =(IF(G96<L96,L96,G96)*(1-IF(H96<N96,H96,N96))*E96*O96*Q96)/100000000 -> 2.741304 | L96: 1220 | M96: 902.8 | N96: =1-(M96/L96) -> 0.26 | O96: =+'Trim Rwd'!H51 -> 267 | P96: =O96*(Q96-R96-S96) -> 23229 | Q96: 94 | R96: 0 | S96: 7 | T96: =E96*M96*O96*Q96/100000000 -> 2.7190169 | U96: =E96*M96*O96*(Q96-R96-S96)/100000000 -> 2.5165369 | V96: =E96*G96*(1-N96)*O96/100*(R96+S96)/1000000 -> 0.20413966 | W96: =+'18'!K15/1000 -> 3.065 | AC96: =K96-T96 -> 0.022287024 | AD96: =+AM96+BA96 -> 6 | AE96: - Change Blade (3x) | AG96: 6 | AM96: =SUM(AF96:AL96)+AT96+AV96+AX96 -> 6 | AR96: =SUM(AN96:AQ96) -> 0 | BA96: =+AR96+AS96+AU96+AW96+AY96+AZ96 -> 0 | BC96: 3
B97: Toilet | C97: =(M97*E97*O97*Q97)/100000000 -> 30.599283 | D97: VP OW | E97: 12.5 | F97: 1 | G97: 1230 | H97: =+N97 -> 0.23957013 | I97: 0.88 | J97: =E97*G97*(1-H97)*1440/1000000*2.74 -> 46.130413 | K97: =(IF(G97<L97,L97,G97)*(1-IF(H97<N97,H97,N97))*E97*O97*Q97)/100000000 -> 31.51976 | L97: 1194.0801 | M97: 908.01416 | N97: =1-(M97/L97) -> 0.23957013 | O97: =+'Trim Rwd'!H50 -> 257 | P97: =O97*(Q97-R97-S97) -> 261112 | Q97: 1049 | R97: 0 | S97: =57-S95-S96 -> 33 | T97: =E97*M97*O97*Q97/100000000 -> 30.599283 | U97: =E97*M97*O97*(Q97-R97-S97)/100000000 -> 29.636674 | V97: =E97*G97*(1-N97)*O97/100*(R97+S97)/1000000 -> 0.99156538 | W97: =+'18'!K16/1000 -> 22.478 | Z97: =+'18'!D16/1000 -> 0.5 | AC97: =K97-T97 -> 0.92047754 | AD97: =+AM97+BA97 -> 47 | AE97: - Change Spool (26x) | AH97: 47 | AM97: =SUM(AF97:AL97)+AT97+AV97+AX97 -> 47 | AR97: =SUM(AN97:AQ97) -> 0 | BA97: =+AR97+AS97+AU97+AW97+AY97+AZ97 -> 0
AD98: =+AM98+BA98 -> 0 | AE98: - Cleaning | AM98: =SUM(AF98:AL98)+AT98+AV98+AX98 -> 0 | AR98: =SUM(AN98:AQ98) -> 0 | BA98: =+AR98+AS98+AU98+AW98+AY98+AZ98 -> 0
A100: 46131 | B100: Toilet | C100: =(M100*E100*O100*Q100)/100000000 -> 25.811538 | D100: VP OW | E100: 12.5 | F100: 1 | G100: 1230 | H100: =+N100 -> 0.24 | I100: 0.88 | J100: =E100*G100*(1-H100)*1440/1000000*2.74 -> 46.104336 | K100: =(IF(G100<L100,L100,G100)*(1-IF(H100<N100,H100,N100))*E100*O100*Q100)/100000000 -> 26.456826 | L100: 1200 | M100: 912 | N100: =1-(M100/L100) -> 0.24 | O100: =+'Trim Rwd'!H53 -> 257 | P100: =O100*(Q100-R100-S100) -> 215623 | Q100: 881 | R100: 0 | S100: 42 | T100: =E100*M100*O100*Q100/100000000 -> 25.811538 | U100: =E100*M100*O100*(Q100-R100-S100)/100000000 -> 24.581022 | V100: =E100*G100*(1-N100)*O100/100*(R100+S100)/1000000 -> 1.2612789 | W100: =+'19'!K16/1000 -> 28.996 | X100: =SUM(W100:W104)/SUM(K100:K104) -> 0.90455403 | Y100: 0 | Z100: 0 | AA100: =SUM(U100:U104)-SUM(W100:W104)-SUM(Z100:Z104)-SUM(Y100:Y104) -> -0.22420628 | AB100: =(SUM(K100:K104)-SUM(W100:W104)-SUM(Y100:Y104)-SUM(Z100:Z104)-SUM(AC100:AC104)-SUM(V100:V104))-AA100 -> -0.11152116 | AC100: =K100-T100 -> 0.64528845 | AD100: =+AM100+BA100 -> 12 | AE100: - Sheet Breaks (6x) | AF100: 12 | AM100: =SUM(AF100:AL100)+AT100+AV100+AX100 -> 12 | AR100: =SUM(AN100:AQ100) -> 0 | BA100: =+AR100+AS100+AU100+AW100+AY100+AZ100 -> 0 | BB100: 6
B101: Toilet | C101: =(M101*E101*O101*Q101)/100000000 -> 16.608111 | D101: VP OW | E101: 13.5 | F101: 1 | G101: 1230 | H101: =+N101 -> 0.22 | I101: 0.88 | J101: =E101*G101*(1-H101)*1440/1000000*2.74 -> 51.103017 | K101: =(IF(G101<L101,L101,G101)*(1-IF(H101<N101,H101,N101))*E101*O101*Q101)/100000000 -> 18.570888 | L101: 1100 | M101: 858 | N101: =1-(M101/L101) -> 0.22 | O101: =+'Trim Rwd'!H54 -> 256.5 | P101: =O101*(Q101-R101-S101) -> 137484 | Q101: 559 | R101: 0 | S101: =65-S100 -> 23 | T101: =E101*M101*O101*Q101/100000000 -> 16.608111 | U101: =E101*M101*O101*(Q101-R101-S101)/100000000 -> 15.924772 | V101: =E101*G101*(1-N101)*O101/100*(R101+S101)/1000000 -> 0.76409734 | W101: =+'19'!K17/1000 -> 11.734 | AC101: =K101-T101 -> 1.9627767 | AD101: =+AM101+BA101 -> 2 | AE101: - Change Blade (1x) | AG101: 2 | AM101: =SUM(AF101:AL101)+AT101+AV101+AX101 -> 2 | AR101: =SUM(AN101:AQ101) -> 0 | BA101: =+AR101+AS101+AU101+AW101+AY101+AZ101 -> 0 | BC101: 1
AD102: =+AM102+BA102 -> 51 | AE102: - Change Spool (28x) | AH102: 51 | AM102: =SUM(AF102:AL102)+AT102+AV102+AX102 -> 51 | AR102: =SUM(AN102:AQ102) -> 0 | BA102: =+AR102+AS102+AU102+AW102+AY102+AZ102 -> 0
AD103: =+AM103+BA103 -> 0 | AE103: - Cleaning | AM103: =SUM(AF103:AL103)+AT103+AV103+AX103 -> 0 | AR103: =SUM(AN103:AQ103) -> 0 | BA103: =+AR103+AS103+AU103+AW103+AY103+AZ103 -> 0
A105: 46132 | B105: Toilet | C105: =(M105*E105*O105*Q105)/100000000 -> 2.4200467 | D105: VP OW | E105: 13.5 | F105: 1 | G105: 1230 | H105: =+N105 -> 0.22 | I105: 0.88 | J105: =E105*G105*(1-H105)*1440/1000000*2.74 -> 51.103017 | K105: =(IF(G105<L105,L105,G105)*(1-IF(H105<N105,H105,N105))*E105*O105*Q105)/100000000 -> 2.6577299 | L105: 1120 | M105: 873.6 | N105: =1-(M105/L105) -> 0.22 | O105: =+'Trim Rwd'!H58 -> 256.5 | P105: =O105*(Q105-R105-S105) -> 19237.5 | Q105: 80 | R105: 0 | S105: 5 | T105: =E105*M105*O105*Q105/100000000 -> 2.4200467 | U105: =E105*M105*O105*(Q105-R105-S105)/100000000 -> 2.2687938 | V105: =E105*G105*(1-N105)*O105/100*(R105+S105)/1000000 -> 0.16610812 | W105: =+'20'!K17/1000 -> 5.746 | X105: =SUM(W105:W109)/SUM(K105:K109) -> 0.89882205 | Y105: 0 | Z105: 0 | AA105: =SUM(U105:U109)-SUM(W105:W109)-SUM(Z105:Z109)-SUM(Y105:Y109) -> 1.9953842 | AB105: =(SUM(K105:K109)-SUM(W105:W109)-SUM(Y105:Y109)-SUM(Z105:Z109)-SUM(AC105:AC109)-SUM(V105:V109))-AA105 -> -0.014855197 | AC105: =K105-T105 -> 0.23768316 | AD105: =+AM105+BA105 -> 12 | AE105: - Sheet Breaks (6x) | AF105: 12 | AM105: =SUM(AF105:AL105)+AT105+AV105+AX105 -> 12 | AR105: =SUM(AN105:AQ105) -> 0 | BA105: =+AR105+AS105+AU105+AW105+AY105+AZ105 -> 0 | BB105: 6
B106: Facial | C106: =(M106*E106*O106*Q106)/100000000 -> 3.252366 | D106: VP OW | E106: 12 | F106: 1 | G106: 1230 | H106: =+N106 -> 0.25 | I106: 0.88 | J106: =E106*G106*(1-H106)*1440/1000000*2.74 -> 43.677792 | K106: =(IF(G106<L106,L106,G106)*(1-IF(H106<N106,H106,N106))*E106*O106*Q106)/100000000 -> 3.252366 | L106: 1230 | M106: 922.5 | N106: =1-(M106/L106) -> 0.25 | O106: =+'Trim Rwd'!H57 -> 260 | P106: =O106*(Q106-R106-S106) -> 26780 | Q106: 113 | R106: 0 | S106: 10 | T106: =E106*M106*O106*Q106/100000000 -> 3.252366 | U106: =E106*M106*O106*(Q106-R106-S106)/100000000 -> 2.964546 | V106: =E106*G106*(1-N106)*O106/100*(R106+S106)/1000000 -> 0.28782 | W106: =+'20'!K10/1000 -> 2.676 | AC106: =K106-T106 -> 0 | AD106: =+AM106+BA106 -> 0 | AE106: - Change Blade (0x) | AG106: 0 | AM106: =SUM(AF106:AL106)+AT106+AV106+AX106 -> 0 | AR106: =SUM(AN106:AQ106) -> 0 | BA106: =+AR106+AS106+AU106+AW106+AY106+AZ106 -> 0 | BC106: 0
B107: Facial | C107: =(M107*E107*O107*Q107)/100000000 -> 39.750778 | D107: VP OW | E107: 14.5 | F107: 1 | G107: =+L107 -> 1146.7763 | H107: =+N107 -> 0.251154 | I107: 0.88 | J107: =E107*G107*(1-H107)*1440/1000000*2.74 -> 49.130623 | K107: =(IF(G107<L107,L107,G107)*(1-IF(H107<N107,H107,N107))*E107*O107*Q107)/100000000 -> 39.750778 | L107: 1146.7763 | M107: 858.75882 | N107: =1-(M107/L107) -> 0.251154 | O107: =+'Trim Rwd'!H56 -> 256 | P107: =O107*(Q107-R107-S107) -> 306176 | Q107: 1247 | R107: 0 | S107: =66-S105-S106 -> 51 | T107: =E107*M107*O107*Q107/100000000 -> 39.750778 | U107: =E107*M107*O107*(Q107-R107-S107)/100000000 -> 38.125044 | V107: =E107*G107*(1-N107)*O107/100*(R107+S107)/1000000 -> 1.6257335 | W107: =+'20'!K18/1000 -> 32.619 | Z107: =+'20'!D9/1000 -> 0.322 | AC107: =K107-T107 -> 0 | AD107: =+AM107+BA107 -> 54 | AE107: - Change Spool (29x) | AH107: 54 | AM107: =SUM(AF107:AL107)+AT107+AV107+AX107 -> 54 | AR107: =SUM(AN107:AQ107) -> 0 | BA107: =+AR107+AS107+AU107+AW107+AY107+AZ107 -> 0
AD108: =+AM108+BA108 -> 0 | AE108: - Cleaning | AM108: =SUM(AF108:AL108)+AT108+AV108+AX108 -> 0 | AR108: =SUM(AN108:AQ108) -> 0 | BA108: =+AR108+AS108+AU108+AW108+AY108+AZ108 -> 0
A110: 46133 | B110: Facial | C110: =(M110*E110*O110*Q110)/100000000 -> 45.791406 | D110: VP OW | E110: 14.5 | F110: 1 | G110: =+L110 -> 1140 | H110: =+N110 -> 0.25 | I110: 0.88 | J110: =E110*G110*(1-H110)*1440/1000000*2.74 -> 48.915576 | K110: =(IF(G110<L110,L110,G110)*(1-IF(H110<N110,H110,N110))*E110*O110*Q110)/100000000 -> 45.791406 | L110: 1140 | M110: 855 | N110: =1-(M110/L110) -> 0.25 | O110: =+'Trim Rwd'!H60 -> 256.5 | P110: =O110*(Q110-R110-S110) -> 355765.5 | Q110: 1440 | R110: 0 | S110: 53 | T110: =E110*M110*O110*Q110/100000000 -> 45.791406 | U110: =E110*M110*O110*(Q110-R110-S110)/100000000 -> 44.106028 | V110: =E110*G110*(1-N110)*O110/100*(R110+S110)/1000000 -> 1.6853781 | W110: =+'21'!K18/1000 -> 43.083 | X110: =SUM(W110:W114)/SUM(K110:K114) -> 0.9408534 | Y110: 0 | Z110: =+'21'!D16/1000 -> 0.322 | AA110: =SUM(U110:U114)-SUM(W110:W114)-SUM(Z110:Z114)-SUM(Y110:Y114) -> 0.70102786 | AB110: =(SUM(K110:K114)-SUM(W110:W114)-SUM(Y110:Y114)-SUM(Z110:Z114)-SUM(AC110:AC114)-SUM(V110:V114))-AA110 -> 2.4424907e-15 | AC110: =K110-T110 -> 0 | AD110: =+AM110+BA110 -> 4 | AE110: - Sheet Breaks (2x) | AF110: 4 | AM110: =SUM(AF110:AL110)+AT110+AV110+AX110 -> 4 | AR110: =SUM(AN110:AQ110) -> 0 | BA110: =+AR110+AS110+AU110+AW110+AY110+AZ110 -> 0 | BB110: 2
Z111: 0 | AC111: =K111-T111 -> 0 | AD111: =+AM111+BA111 -> 0 | AE111: - Change Blade (0x) | AG111: 0 | AM111: =SUM(AF111:AL111)+AT111+AV111+AX111 -> 0 | AR111: =SUM(AN111:AQ111) -> 0 | BA111: =+AR111+AS111+AU111+AW111+AY111+AZ111 -> 0 | BC111: 0
Z112: 0 | AC112: =K112-T112 -> 0 | AD112: =+AM112+BA112 -> 49 | AE112: - Change Spool (27x) | AH112: 49 | AM112: =SUM(AF112:AL112)+AT112+AV112+AX112 -> 49 | AR112: =SUM(AN112:AQ112) -> 0 | BA112: =+AR112+AS112+AU112+AW112+AY112+AZ112 -> 0
AD113: =+AM113+BA113 -> 0 | AE113: - Cleaning | AM113: =SUM(AF113:AL113)+AT113+AV113+AX113 -> 0 | AR113: =SUM(AN113:AQ113) -> 0 | BA113: =+AR113+AS113+AU113+AW113+AY113+AZ113 -> 0
A115: 46134 | B115: Facial | C115: =(M115*E115*O115*Q115)/100000000 -> 45.925299 | D115: VP OW | E115: 14.5 | F115: 1 | G115: =+L115 -> 1143.3333 | H115: =+N115 -> 0.25 | I115: 0.88 | J115: =E115*G115*(1-H115)*1440/1000000*2.74 -> 49.058604 | K115: =(IF(G115<L115,L115,G115)*(1-IF(H115<N115,H115,N115))*E115*O115*Q115)/100000000 -> 45.925299 | L115: 1143.3333 | M115: 857.5 | N115: =1-(M115/L115) -> 0.25 | O115: =+'Trim Rwd'!H62 -> 256.5 | P115: =O115*(Q115-R115-S115) -> 353200.5 | Q115: 1440 | R115: 0 | S115: 63 | T115: =E115*M115*O115*Q115/100000000 -> 45.925299 | U115: =E115*M115*O115*(Q115-R115-S115)/100000000 -> 43.916067 | V115: =E115*G115*(1-N115)*O115/100*(R115+S115)/1000000 -> 2.0092318 | W115: =+'22'!K18/1000 -> 41.222 | X115: =SUM(W115:W119)/SUM(K115:K119) -> 0.89758806 | Y115: 0 | Z115: =+'22'!D16/1000 -> 0.338 | AA115: =SUM(U115:U119)-SUM(W115:W119)-SUM(Z115:Z119)-SUM(Y115:Y119) -> 2.3560672 | AB115: =(SUM(K115:K119)-SUM(W115:W119)-SUM(Y115:Y119)-SUM(Z115:Z119)-SUM(AC115:AC119)-SUM(V115:V119))-AA115 -> 5.7731597e-15 | AC115: =K115-T115 -> 0 | AD115: =+AM115+BA115 -> 18 | AE115: - Sheet Breaks (6x) | AF115: 18 | AM115: =SUM(AF115:AL115)+AT115+AV115+AX115 -> 18 | AR115: =SUM(AN115:AQ115) -> 0 | BA115: =+AR115+AS115+AU115+AW115+AY115+AZ115 -> 0 | BB115: 6
Z116: 0 | AC116: =K116-T116 -> 0 | AD116: =+AM116+BA116 -> 2 | AE116: - Change Blade (1x) | AG116: 2 | AM116: =SUM(AF116:AL116)+AT116+AV116+AX116 -> 2 | AR116: =SUM(AN116:AQ116) -> 0 | BA116: =+AR116+AS116+AU116+AW116+AY116+AZ116 -> 0 | BC116: 1
Z117: 0 | AC117: =K117-T117 -> 0 | AD117: =+AM117+BA117 -> 43 | AE117: - Change Spool (27x) | AH117: 43 | AM117: =SUM(AF117:AL117)+AT117+AV117+AX117 -> 43 | AR117: =SUM(AN117:AQ117) -> 0 | BA117: =+AR117+AS117+AU117+AW117+AY117+AZ117 -> 0
AD118: =+AM118+BA118 -> 0 | AE118: - Cleaning | AM118: =SUM(AF118:AL118)+AT118+AV118+AX118 -> 0 | AR118: =SUM(AN118:AQ118) -> 0 | BA118: =+AR118+AS118+AU118+AW118+AY118+AZ118 -> 0
A120: 46135 | B120: Facial | C120: =(M120*E120*O120*Q120)/100000000 -> 42.60029 | D120: VP OW | E120: 14.5 | F120: 1 | G120: =+L120 -> 1150 | H120: =+N120 -> 0.25 | I120: 0.88 | J120: =E120*G120*(1-H120)*1440/1000000*2.74 -> 49.34466 | K120: =(IF(G120<L120,L120,G120)*(1-IF(H120<N120,H120,N120))*E120*O120*Q120)/100000000 -> 42.60029 | L120: 1150 | M120: 862.5 | N120: =1-(M120/L120) -> 0.25 | O120: =+'Trim Rwd'!H64 -> 256.5 | P120: =O120*(Q120-R120-S120) -> 327550.5 | Q120: 1328 | R120: 0 | S120: 51 | T120: =E120*M120*O120*Q120/100000000 -> 42.60029 | U120: =E120*M120*O120*(Q120-R120-S120)/100000000 -> 40.964284 | V120: =E120*G120*(1-N120)*O120/100*(R120+S120)/1000000 -> 1.6360051 | W120: =+'23'!K18/1000 -> 41.984 | X120: =SUM(W120:W124)/SUM(K120:K124) -> 0.91038941 | Y120: 0 | Z120: =+'22'!D21/1000 -> 0 | AA120: =SUM(U120:U124)-SUM(W120:W124)-SUM(Z120:Z124)-SUM(Y120:Y124) -> 2.1825744 | AB120: =(SUM(K120:K124)-SUM(W120:W124)-SUM(Y120:Y124)-SUM(Z120:Z124)-SUM(AC120:AC124)-SUM(V120:V124))-AA120 -> 0 | AC120: =K120-T120 -> 0 | AD120: =+AM120+BA120 -> 12 | AE120: - Sheet Breaks (6x) | AF120: 12 | AM120: =SUM(AF120:AL120)+AT120+AV120+AX120 -> 12 | AR120: =SUM(AN120:AQ120) -> 0 | BA120: =+AR120+AS120+AU120+AW120+AY120+AZ120 -> 0 | BB120: 6
B121: Facial | C121: =(M121*E121*O121*Q121)/100000000 -> 3.51624 | D121: VP OW | E121: 14 | F121: 1 | G121: =+L121 -> 1150 | H121: =+N121 -> 0.25 | I121: 0.88 | J121: =E121*G121*(1-H121)*1440/1000000*2.74 -> 47.64312 | K121: =(IF(G121<L121,L121,G121)*(1-IF(H121<N121,H121,N121))*E121*O121*Q121)/100000000 -> 3.51624 | L121: 1150 | M121: 862.5 | N121: =1-(M121/L121) -> 0.25 | O121: =140+120 -> 260 | P121: =O121*(Q121-R121-S121) -> 26520 | Q121: 112 | R121: 0 | S121: 10 | T121: =E121*M121*O121*Q121/100000000 -> 3.51624 | U121: =E121*M121*O121*(Q121-R121-S121)/100000000 -> 3.20229 | V121: =E121*G121*(1-N121)*O121/100*(R121+S121)/1000000 -> 0.31395 | W121: =+'22'!K24/1000 -> 0 | Z121: 0 | AC121: =K121-T121 -> 0 | AD121: =+AM121+BA121 -> 0 | AE121: - Change Blade (0x) | AG121: 0 | AM121: =SUM(AF121:AL121)+AT121+AV121+AX121 -> 0 | AR121: =SUM(AN121:AQ121) -> 0 | BA121: =+AR121+AS121+AU121+AW121+AY121+AZ121 -> 0 | BC121: 0
Z122: 0 | AC122: =K122-T122 -> 0 | AD122: =+AM122+BA122 -> 49 | AE122: - Change Spool (29x) | AH122: 49 | AM122: =SUM(AF122:AL122)+AT122+AV122+AX122 -> 49 | AR122: =SUM(AN122:AQ122) -> 0 | BA122: =+AR122+AS122+AU122+AW122+AY122+AZ122 -> 0
AD123: =+AM123+BA123 -> 0 | AE123: - Cleaning | AM123: =SUM(AF123:AL123)+AT123+AV123+AX123 -> 0 | AR123: =SUM(AN123:AQ123) -> 0 | BA123: =+AR123+AS123+AU123+AW123+AY123+AZ123 -> 0
...

Sheet Chem
A4: CHEMICAL DAILY REPORT PM 14
F5: Paper Mill's Chemicals | GD5: Deinking's Chemicals | KT5: Paper mill's Chemicals | KU5: Deinking's Chemicals
A6: DATE | B6: GRADE | C6: GSM | D6: REEL PROD (TON) | E6: REW PROD (TON) | F6: AMIBOND DS 947 | I6: AMIBOND WS 418 | L6: WSR RESIN P-5500 | O6: AMICIDE BX 9127 | R6: AMICIDE BX 9160 | U6: AMICIDE BX 9193 | X6: AMICIDE BX 9226 | AA6: AMICIDE BX 9347 | AD6: AMICLEAN AP 1797 | AG6: AMICLEAN AP 1817 | AJ6: AMICLEAN AP 2048 | AM6: AMICOAT TC 6101 | AP6: AMICOAT TC 6218 | AS6: AMICOAT TC 6407 | AV6: AMICOAT TM 6123 | AY6: AMICOAT TR 6112 | BB6: AMICOAT TR 6113 | BE6: AMICOAT TR 6159 | BH6: AMICOAT TR 6248 | BK6: AMIFLOC 737 | BN6: AMIPAC AP 8511 | BQ6: AMISOFT 6538 | BT6: AMISPERSE AP 8826 | BW6: ANEDIR BLUE 2R LIQ | BZ6: CAUSTIC SODA CAIR 48% | CC6: DEKATOGEN SDC-60 | CF6: FENNOPOL K 9952 | CI6: HIDROGEN PEROXIDE | CL6: INDOSIZE CR 835 | CO6: KAPORIT 60% | CR6: KAPORIT 65% | CU6: NGR 900 | CX6: NGR MULTIPAC 120 | DA6: PAC - 280SP | DD6: PAPYRASE LIL | DG6: PERGASOL VIOLET BN LIQ | DJ6: PEWARNA MAKANAN PINK | DM6: SODIUM TIO SULPHATE | DP6: SOLSA SPRAY 550 | DS6: SUCOLITE SP 210 | DV6: TCCA POWDER | DY6: XYLENE | EB6: EPOSTRONG | EE6: SODIUM HYPOCHLORID | EH6: Detac DC779F | EK6: CHEMZYME CL | EN6: Cytreat 427 | EQ6: Cylube 901 | ET6: SOFTENER PURIFEC | EW6: Cytreat s 745 | GD6: PAPYRASE IL | GG6: DEKAINK | GJ6: DI 370/DKF 250 | GM6: ELTEXIN | GP6: ELTEBRIGHT BL 1000 | GS6: SOLMIX L40 | GV6: CHEMBRIGHT C LIQUID | GY6: K-Bright Liquid | HB6: CAUSTIC SODA CAIR 48% | HE6: TCCA POWDER | HH6: SUCOLITE SP 210 | HK6: AMIPAC AP 8511 | HN6: NGR 200 | HQ6: NGR 900 | HT6: ANEDIR YELLOW BKL | HW6: ANEDIR RED BKL | HZ6: ANEDIR BLACK L LIQ | IC6: ANEDIR BROWN CC-04 LIQ | IF6: Anedir Brown cc-03 | II6: FENNOPOL K 9952 | IL6: KAPORIT 60% | IO6: KAPORIT 65% | IR6: DEKATOGEN SDC-60 | IU6: DEKAWET NA30 | IX6: PAC - 280SP | JA6: Burstrong Fixing Agent | JD6: DI N40 | JG6: CHROMACLEAR | JJ6: DFR 810S
F7: Pemakaian | H7: Price | I7: Pemakaian | K7: Price | L7: Pemakaian | N7: Price | O7: Pemakaian | Q7: Price | R7: Pemakaian | T7: Price | U7: Pemakaian | W7: Price | X7: Pemakaian | Z7: Price | AA7: Pemakaian | AC7: Price | AD7: Pemakaian | AF7: Price | AG7: Pemakaian | AI7: Price | AJ7: Pemakaian | AL7: Price | AM7: Pemakaian | AO7: Price | AP7: Pemakaian | AR7: Price | AS7: Pemakaian | AU7: Price | AV7: Pemakaian | AX7: Price | AY7: Pemakaian | BA7: Price | BB7: Pemakaian | BD7: Price | BE7: Pemakaian | BG7: Price | BH7: Pemakaian | BJ7: Price | BK7: Pemakaian | BM7: Price | BN7: Pemakaian | BP7: Price | BQ7: Pemakaian | BS7: Price | BT7: Pemakaian | BV7: Price | BW7: Pemakaian | BY7: Price | BZ7: Pemakaian | CB7: Price | CC7: Pemakaian | CE7: Price | CF7: Pemakaian | CH7: Price | CI7: Pemakaian | CK7: Price | CL7: Pemakaian | CN7: Price | CO7: Pemakaian | CQ7: Price | CR7: Pemakaian | CT7: Price | CU7: Pemakaian | CW7: Price | CX7: Pemakaian | CZ7: Price | DA7: Pemakaian | DC7: Price | DD7: Pemakaian | DF7: Price | DG7: Pemakaian | DI7: Price | DJ7: Pemakaian | DL7: Price | DM7: Pemakaian | DO7: Price | DP7: Pemakaian | DR7: Price | DS7: Pemakaian | DU7: Price | DV7: Pemakaian | DX7: Price | DY7: Pemakaian | EA7: Price | EB7: Pemakaian | ED7: Price | EE7: Pemakaian | EG7: Price | EH7: Pemakaian | EJ7: Price | EK7: Pemakaian | EM7: Price | EN7: Pemakaian | EP7: Price | EQ7: Pemakaian | ES7: Price | ET7: Pemakaian | EV7: Price | EW7: Pemakaian | EY7: Price | EZ7: Pemakaian | FB7: Price | FC7: Pemakaian | FE7: Price | FF7: Pemakaian | FH7: Price | FI7: Pemakaian | FK7: Price | FL7: Pemakaian | FN7: Price | FO7: Pemakaian | FQ7: Price | FR7: Pemakaian | FT7: Price | FU7: Pemakaian | FW7: Price | FX7: Pemakaian | FZ7: Price | GA7: Pemakaian | GC7: Price | GD7: Pemakaian | GF7: Price | GG7: Pemakaian | GI7: Price | GJ7: Pemakaian | GL7: Price | GM7: Pemakaian | GO7: Price | GP7: Pemakaian | GR7: Price | GS7: Pemakaian | GU7: Price | GV7: Pemakaian | GX7: Price | GY7: Pemakaian | HA7: Price | HB7: Pemakaian | HD7: Price | HE7: Pemakaian | HG7: Price | HH7: Pemakaian | HJ7: Price | HK7: Pemakaian | HM7: Price | HN7: Pemakaian | HP7: Price | HQ7: Pemakaian | HS7: Price | HT7: Pemakaian | HV7: Price | HW7: Pemakaian | HY7: Price | HZ7: Pemakaian | IB7: Price | IC7: Pemakaian | IE7: Price | IF7: Pemakaian | IH7: Price | II7: Pemakaian | IK7: Price | IL7: Pemakaian | IN7: Price | IO7: Pemakaian | IQ7: Price | IR7: Pemakaian | IT7: Price | IU7: Pemakaian | IW7: Price | IX7: Pemakaian | IZ7: Price | JA7: Pemakaian | JC7: Price | JD7: Pemakaian | JF7: Price | JG7: Pemakaian | JI7: Price | JJ7: Pemakaian | JL7: Price | JM7: Pemakaian | JO7: Price | JP7: Pemakaian | JR7: Price | JS7: Pemakaian | JU7: Price | JV7: Pemakaian | JX7: Price | JY7: Pemakaian | KA7: Price | KB7: Pemakaian | KD7: Price | KE7: Pemakaian | KG7: Price | KH7: Pemakaian | KJ7: Price | KK7: Pemakaian | KM7: Price | KN7: Pemakaian | KP7: Price | KQ7: Pemakaian | KS7: Price
F8: Qty | G8: Kg/ton | I8: Qty | J8: Kg/ton | L8: Qty | M8: Kg/ton | O8: Qty | P8: Kg/ton | R8: Qty | S8: Kg/ton | U8: Qty | V8: Kg/ton | X8: Qty | Y8: Kg/ton | AA8: Qty | AB8: Kg/ton | AD8: Qty | AE8: Kg/ton | AG8: Qty | AH8: Kg/ton | AJ8: Qty | AK8: Kg/ton | AM8: Qty | AN8: Kg/ton | AP8: Qty | AQ8: Kg/ton | AS8: Qty | AT8: Kg/ton | AV8: Qty | AW8: Kg/ton | AY8: Qty | AZ8: Kg/ton | BB8: Qty | BC8: Kg/ton | BE8: Qty | BF8: Kg/ton | BH8: Qty | BI8: Kg/ton | BK8: Qty | BL8: Kg/ton | BN8: Qty | BO8: Kg/ton | BQ8: Qty | BR8: Kg/ton | BT8: Qty | BU8: Kg/ton | BW8: Qty | BX8: Kg/ton | BZ8: Qty | CA8: Kg/ton | CC8: Qty | CD8: Kg/ton | CF8: Qty | CG8: Kg/ton | CI8: Qty | CJ8: Kg/ton | CL8: Qty | CM8: Kg/ton | CO8: Qty | CP8: Kg/ton | CR8: Qty | CS8: Kg/ton | CU8: Qty | CV8: Kg/ton | CX8: Qty | CY8: Kg/ton | DA8: Qty | DB8: Kg/ton | DD8: Qty | DE8: Kg/ton | DG8: Qty | DH8: Kg/ton | DJ8: Qty | DK8: Kg/ton | DM8: Qty | DN8: Kg/ton | DP8: Qty | DQ8: Kg/ton | DS8: Qty | DT8: Kg/ton | DV8: Qty | DW8: Kg/ton | DY8: Qty | DZ8: Kg/ton | EB8: Qty | EC8: Kg/ton | EE8: Qty | EF8: Kg/ton | EH8: Qty | EI8: Kg/ton | EK8: Qty | EL8: Kg/ton | EN8: Qty | EO8: Kg/ton | EQ8: Qty | ER8: Kg/ton | ET8: Qty | EU8: Kg/ton | EW8: Qty | EX8: Kg/ton | EZ8: Qty | FA8: Kg/ton | FC8: Qty | FD8: Kg/ton | FF8: Qty | FG8: Kg/ton | FI8: Qty | FJ8: Kg/ton | FL8: Qty | FM8: Kg/ton | FO8: Qty | FP8: Kg/ton | FR8: Qty | FS8: Kg/ton | FU8: Qty | FV8: Kg/ton | FX8: Qty | FY8: Kg/ton | GA8: Qty | GB8: Kg/ton | GD8: Qty | GE8: Kg/ton | GG8: Qty | GH8: Kg/ton | GJ8: Qty | GK8: Kg/ton | GM8: Qty | GN8: Kg/ton | GP8: Qty | GQ8: Kg/ton | GS8: Qty | GT8: Kg/ton | GV8: Qty | GW8: Kg/ton | GY8: Qty | GZ8: Kg/ton | HB8: Qty | HC8: Kg/ton | HE8: Qty | HF8: Kg/ton | HH8: Qty | HI8: Kg/ton | HK8: Qty | HL8: Kg/ton | HN8: Qty | HO8: Kg/ton | HQ8: Qty | HR8: Kg/ton | HT8: Qty | HU8: Kg/ton | HW8: Qty | HX8: Kg/ton | HZ8: Qty | IA8: Kg/ton | IC8: Qty | ID8: Kg/ton | IF8: Qty | IG8: Kg/ton | II8: Qty | IJ8: Kg/ton | IL8: Qty | IM8: Kg/ton | IO8: Qty | IP8: Kg/ton | IR8: Qty | IS8: Kg/ton | IU8: Qty | IV8: Kg/ton | IX8: Qty | IY8: Kg/ton | JA8: Qty | JB8: Kg/ton | JD8: Qty | JE8: Kg/ton | JG8: Qty | JH8: Kg/ton | JJ8: Qty | JK8: Kg/ton | JL8: 0 | JM8: Qty | JN8: Kg/ton | JO8: 0 | JP8: Qty | JQ8: Kg/ton | JR8: 0 | JS8: Qty | JT8: Kg/ton | JU8: 0 | JV8: Qty | JW8: Kg/ton | JX8: 0 | JY8: Qty | JZ8: Kg/ton | KA8: 0 | KB8: Qty | KC8: Kg/ton | KD8: 0 | KE8: Qty | KF8: Kg/ton | KG8: 0 | KH8: Qty | KI8: Kg/ton | KJ8: 0 | KK8: Qty | KL8: Kg/ton | KM8: 0 | KN8: Qty | KO8: Kg/ton | KP8: 0 | KQ8: Qty | KR8: Kg/ton | KS8: 0
