Workbook

Sheet Report1
A3: PAPER MACHINE 14 DAILY REPORT 1
A6: Date | B6: Grade | C6: GSM | D6: Speed yankee (mpm) | E6: Speed reel (mpm) | F6: Creep ( % ) | G6: Real Eff PM ( % ) | H6: Real Eff PM vs Target (%) | I6: Real Eff FG vs Real Eff PM (%) | J6: Eff FG vs Target (%) | L6: Kapasitas Target (ton) | N6: Kapasitas Teori Real (ton) | P6: PM PROD Timbangan (TON) | R6: FINSHED GOODS (TON) | T6: GAS HOOD | Z6: STEAM (TON) | AF6: POWER (kWh) | BA6: Kapasitas Running (ton) | BC6: Eff FG vs Target Running(%)
T7: CONSUMPTION | V7: /TON PM. | X7: /TON FG. | Z7: CONSUMPTION | AB7: /TON PM. | AD7: /TON FG. | AF7: CONSUMPTION | AH7: /TON PM | AJ7: /TON FG | AL7: Gas based on report DCS | AO7: total | AP7: Flowmeter | AQ7: Selisih | AR7: % pengali | AU7: Adjust | AX7: PEMAKAIAN GAS
J8: TODAY | K8: TODATE | L8: TODAY | M8: TODATE | N8: TODAY | O8: TODATE | P8: TODAY | Q8: TODATE | R8: TODAY | S8: TODATE | T8: TODAY | U8: TODATE | V8: TODAY | W8: TODATE | X8: TODAY | Y8: TODATE | Z8: TODAY | AA8: TODATE | AB8: TODAY | AC8: TODATE | AD8: TODAY | AE8: TODATE | AF8: TODAY | AG8: TODATE | AH8: TODAY | AI8: TODATE | AJ8: TODAY | AK8: TODATE | AL8: 14 | AM8: 15 | AN8: 17 | AP8: PGN | AU8: 14 | AV8: 15 | AW8: 17 | AX8: 14 | AY8: 15 | AZ8: 17 | BA8: TODAY | BB8: TODATE | BC8: TODAY | BD8: TODATE
A9: 46082 | B9: Facial | C9: 12 | D9: =+'1'!F42 -> 1174.6806 | E9: =+'1'!G42 -> 873.01042 | F9: =1-(E9/D9) -> 0.25681036 | G9: =+P9/N9 -> 0.89828661 | H9: =+P9/L9 -> 0.83891053 | I9: =+R9/P9 -> 1.0143191 | J9: =+R9/L9 -> 0.85092297 | K9: =+S9/M9 -> 0.85092297 | L9: =+Efficiency1!K6 -> 43.371729 | M9: =L9 -> 43.371729 | N9: =+Efficiency1!C6 -> 40.50489 | O9: =N9 -> 40.50489 | P9: ='1'!I38 -> 36.385 | Q9: =P9 -> 36.385 | R9: ='1'!I40 -> 36.906 | S9: =R9 -> 36.906 | T9: =+AX9 -> 4546.1087 | U9: =T9 -> 4546.1087 | V9: =T9/P9 -> 124.94458 | W9: =U9/Q9 -> 124.94458 | X9: =IF(AND(R9>0,T9>0),(T9/(R9*1000))*1000,0) -> 123.18075 | Y9: =IF(AND(S9>0,U9>0),U9/S9,0) -> 123.18075 | Z9: 47.2 | AA9: =Z9 -> 47.2 | AB9: =Z9/(P9) -> 1.2972379 | AC9: =AA9/(Q9) -> 1.2972379 | AD9: =IF(AND(R9>0,Z9>0),Z9/(R9),0) -> 1.2789248 | AE9: =IF(AND(S9>0,AA9>0),AA9/(S9),0) -> 1.2789248 | AF9: ='1'!I46 -> 36530.9 | AG9: =AF9 -> 36530.9 | AH9: =IF(AND(L9>0,AF9>0),(AF9/(P9*1000)*1000),0) -> 1004.0099 | AI9: =IF(AND(M9>0,AG9>0),(AG9/(Q9*1000)*1000),0) -> 1004.0099 | AJ9: =IF(AND(R9>0,AF9>0),(AF9/(R9*1000)*1000),0) -> 989.83634 | AK9: =IF(AND(S9>0,AG9>0),(AG9/(S9*1000)*1000),0) -> 989.83634 | AL9: 4876.5 | AM9: 4523.3 | AN9: 4006.5 | AO9: =SUM(AL9:AN9) -> 13406.3 | AP9: =+[1]Mar!N4 -> 12498 | AQ9: =+AP9-AO9 -> -908.3 | AR9: =+AL9/AO9 -> 0.3637469 | AS9: =+AM9/AO9 -> 0.33740107 | AT9: =1-AR9-AS9 -> 0.29885203 | AU9: =+AR9*AQ9 -> -330.3913 | AV9: =+AS9*AQ9 -> -306.46139 | AW9: =+AT9*AQ9 -> -271.4473 | AX9: =+AL9+AU9 -> 4546.1087 | AY9: =+AM9+AV9 -> 4216.8386 | AZ9: =+AN9+AW9 -> 3735.0527 | BA9: =+Efficiency2!K6 -> 43.371729 | BB9: =BA9 -> 43.371729 | BC9: =+R9/BA9 -> 0.85092297 | BD9: =+S9/BB9 -> 0.85092297
A10: =A9+1 -> 46083 | B10: Facial | C10: 12/14/16 | D10: =+'2'!F42 -> 1189.0069 | E10: =+'2'!G42 -> 891.41181 | F10: =1-(E10/D10) -> 0.25028881 | G10: =+P10/N10 -> 0.86019756 | H10: =+P10/L10 -> 0.85654391 | I10: =+R10/P10 -> 1.0459028 | J10: =+R10/L10 -> 0.89586171 | K10: =+S10/M10 -> 0.87586495 | L10: =+SUM(Efficiency1!K11:K13) -> 54.097635 | M10: =M9+L10 -> 97.469364 | N10: =+SUM(Efficiency1!C11:C13) -> 53.867858 | O10: =O9+N10 -> 94.372748 | P10: ='2'!I38 -> 46.337 | Q10: =Q9+P10 -> 82.722 | R10: ='2'!I40 -> 48.464 | S10: =S9+R10 -> 85.37 | T10: =+AX10 -> 4967.2758 | U10: =T10+U9 -> 9513.3844 | V10: =T10/P10 -> 107.19891 | W10: =U10/Q10 -> 115.00428 | X10: =IF(AND(R10>0,T10>0),(T10/(R10*1000))*1000,0) -> 102.49413 | Y10: =IF(AND(S10>0,U10>0),U10/S10,0) -> 111.43709 | Z10: 54.3 | AA10: =Z10+AA9 -> 101.5 | AB10: =Z10/(P10) -> 1.1718497 | AC10: =AA10/(Q10) -> 1.2270013 | AD10: =IF(AND(R10>0,Z10>0),Z10/(R10),0) -> 1.1204193 | AE10: =IF(AND(S10>0,AA10>0),AA10/(S10),0) -> 1.1889423 | AF10: ='2'!I46 -> 34471.7 | AG10: =AF10+AG9 -> 71002.6 | AH10: =IF(AND(L10>0,AF10>0),(AF10/(P10*1000)*1000),0) -> 743.93465 | AI10: =IF(AND(M10>0,AG10>0),(AG10/(Q10*1000)*1000),0) -> 858.32789 | AJ10: =IF(AND(R10>0,AF10>0),(AF10/(R10*1000)*1000),0) -> 711.28466 | AK10: =IF(AND(S10>0,AG10>0),(AG10/(S10*1000)*1000),0) -> 831.70435 | AL10: 5034.4 | AM10: 3355.8 | AN10: 4000 | AO10: =SUM(AL10:AN10) -> 12390.2 | AP10: =+[1]Mar!N5 -> 12225 | AQ10: =+AP10-AO10 -> -165.2 | AR10: =+AL10/AO10 -> 0.40632112 | AS10: =+AM10/AO10 -> 0.27084309 | AT10: =1-AR10-AS10 -> 0.32283579 | AU10: =+AR10*AQ10 -> -67.12425 | AV10: =+AS10*AQ10 -> -44.743278 | AW10: =+AT10*AQ10 -> -53.332472 | AX10: =+AL10+AU10 -> 4967.2758 | AY10: =+AM10+AV10 -> 3311.0567 | AZ10: =+AN10+AW10 -> 3946.6675 | BA10: =+SUM(Efficiency2!K11:K13) -> 54.097635 | BB10: =BB9+BA10 -> 97.469364 | BC10: =+R10/BA10 -> 0.89586171 | BD10: =+S10/BB10 -> 0.87586495
A11: =A10+1 -> 46084 | B11: Facial | C11: 16/14 | D11: =+'3'!F42 -> 1105.5694 | E11: =+'3'!G42 -> 829.17708 | F11: =1-(E11/D11) -> 0.25 | G11: =+P11/N11 -> 0.8857369 | H11: =+P11/L11 -> 0.8857369 | I11: =+R11/P11 -> 0.88079513 | J11: =+R11/L11 -> 0.78015275 | K11: =+S11/M11 -> 0.84258028 | L11: =+SUM(Efficiency1!K16:K17) -> 51.968028 | M11: =M10+L11 -> 149.43739 | N11: =+SUM(Efficiency1!C16:C17) -> 51.968028 | O11: =O10+N11 -> 146.34078 | P11: ='3'!I38 -> 46.03 | Q11: =Q10+P11 -> 128.752 | R11: ='3'!I40 -> 40.543 | S11: =S10+R11 -> 125.913 | T11: =+AX11 -> 4610.1847 | U11: =T11+U10 -> 14123.569 | V11: =T11/P11 -> 100.15609 | W11: =U11/Q11 -> 109.69592 | X11: =IF(AND(R11>0,T11>0),(T11/(R11*1000))*1000,0) -> 113.71099 | Y11: =IF(AND(S11>0,U11>0),U11/S11,0) -> 112.16927 | Z11: 51.2 | AA11: =Z11+AA10 -> 152.7 | AB11: =Z11/(P11) -> 1.1123181 | AC11: =AA11/(Q11) -> 1.186001 | AD11: =IF(AND(R11>0,Z11>0),Z11/(R11),0) -> 1.2628567 | AE11: =IF(AND(S11>0,AA11>0),AA11/(S11),0) -> 1.2127421 | AF11: ='3'!I46 -> 33956.98 | AG11: =AF11+AG10 -> 104959.58 | AH11: =IF(AND(L11>0,AF11>0),(AF11/(P11*1000)*1000),0) -> 737.7141 | AI11: =IF(AND(M11>0,AG11>0),(AG11/(Q11*1000)*1000),0) -> 815.20738 | AJ11: =IF(AND(R11>0,AF11>0),(AF11/(R11*1000)*1000),0) -> 837.5547 | AK11: =IF(AND(S11>0,AG11>0),(AG11/(S11*1000)*1000),0) -> 833.58811 | AL11: 4915.9 | AM11: 4575.3 | AN11: 3876.1 | AO11: =SUM(AL11:AN11) -> 13367.3 | AP11: =+[1]Mar!N6 -> 12536 | AQ11: =+AP11-AO11 -> -831.3 | AR11: =+AL11/AO11 -> 0.36775564 | AS11: =+AM11/AO11 -> 0.34227555 | AT11: =1-AR11-AS11 -> 0.2899688 | AU11: =+AR11*AQ11 -> -305.71527 | AV11: =+AS11*AQ11 -> -284.53367 | AW11: =+AT11*AQ11 -> -241.05107 | AX11: =+AL11+AU11 -> 4610.1847 | AY11: =+AM11+AV11 -> 4290.7663 | AZ11: =+AN11+AW11 -> 3635.0489 | BA11: =+SUM(Efficiency2!K16:K17) -> 51.968028 | BB11: =BB10+BA11 -> 149.43739 | BC11: =+R11/BA11 -> 0.78015275 | BD11: =+S11/BB11 -> 0.84258028
A12: =A11+1 -> 46085 | B12: Facial | C12: 14 | D12: =+'4'!F42 -> 1196.7778 | E12: =+'4'!G42 -> 897.58333 | F12: =1-(E12/D12) -> 0.25 | G12: =+P12/N12 -> 0.90212645 | H12: =+P12/L12 -> 0.90212645 | I12: =+R12/P12 -> 0.936668 | J12: =+R12/L12 -> 0.84499298 | K12: =+S12/M12 -> 0.843158 | L12: =+Efficiency1!K21 -> 47.047728 | M12: =M11+L12 -> 196.48512 | N12: =+Efficiency1!C21 -> 47.047728 | O12: =O11+N12 -> 193.3885 | P12: ='4'!I38 -> 42.443 | Q12: =Q11+P12 -> 171.195 | R12: ='4'!I40 -> 39.755 | S12: =S11+R12 -> 165.668 | T12: =+AX12 -> 5068.7437 | U12: =T12+U11 -> 19192.313 | V12: =T12/P12 -> 119.42473 | W12: =U12/Q12 -> 112.10791 | X12: =IF(AND(R12>0,T12>0),(T12/(R12*1000))*1000,0) -> 127.49953 | Y12: =IF(AND(S12>0,U12>0),U12/S12,0) -> 115.84804 | Z12: 52 | AA12: =Z12+AA11 -> 204.7 | AB12: =Z12/(P12) -> 1.2251726 | AC12: =AA12/(Q12) -> 1.1957125 | AD12: =IF(AND(R12>0,Z12>0),Z12/(R12),0) -> 1.3080116 | AE12: =IF(AND(S12>0,AA12>0),AA12/(S12),0) -> 1.2356037 | AF12: ='4'!I46 -> 36603.36 | AG12: =AF12+AG11 -> 141562.94 | AH12: =IF(AND(L12>0,AF12>0),(AF12/(P12*1000)*1000),0) -> 862.41218 | AI12: =IF(AND(M12>0,AG12>0),(AG12/(Q12*1000)*1000),0) -> 826.91048 | AJ12: =IF(AND(R12>0,AF12>0),(AF12/(R12*1000)*1000),0) -> 920.72343 | AK12: =IF(AND(S12>0,AG12>0),(AG12/(S12*1000)*1000),0) -> 854.49779 | AL12: 5260.4 | AM12: 3916.8 | AN12: 3237.1 | AO12: =SUM(AL12:AN12) -> 12414.3 | AP12: =+[1]Mar!N7 -> 11962 | AQ12: =+AP12-AO12 -> -452.3 | AR12: =+AL12/AO12 -> 0.42373714 | AS12: =+AM12/AO12 -> 0.31550712 | AT12: =1-AR12-AS12 -> 0.26075574 | AU12: =+AR12*AQ12 -> -191.65631 | AV12: =+AS12*AQ12 -> -142.70387 | AW12: =+AT12*AQ12 -> -117.93982 | AX12: =+AL12+AU12 -> 5068.7437 | AY12: =+AM12+AV12 -> 3774.0961 | AZ12: =+AN12+AW12 -> 3119.1602 | BA12: =+SUM(Efficiency2!K21) -> 47.047728 | BB12: =BB11+BA12 -> 196.48512 | BC12: =+R12/BA12 -> 0.84499298 | BD12: =+S12/BB12 -> 0.843158
A13: =A12+1 -> 46086 | B13: Facial | C13: 14/13,5/16 | D13: =+'5'!F42 -> 1159.3943 | E13: =+'5'!G42 -> 877.79401 | F13: =1-(E13/D13) -> 0.24288571 | G13: =+P13/N13 -> 0.92203133 | H13: =+P13/L13 -> 0.90832138 | I13: =+R13/P13 -> 0.90526732 | J13: =+R13/L13 -> 0.82227366 | K13: =+S13/M13 -> 0.83910599 | L13: =+SUM(Efficiency1!K26:K28) -> 47.299338 | M13: =M12+L13 -> 243.78446 | N13: =+SUM(Efficiency1!C26:C28) -> 46.59603 | O13: =O12+N13 -> 239.98453 | P13: ='5'!I38 -> 42.963 | Q13: =Q12+P13 -> 214.158 | R13: ='5'!I40 -> 38.893 | S13: =S12+R13 -> 204.561 | T13: =+AX13 -> 4994.4936 | U13: =T13+U12 -> 24186.806 | V13: =T13/P13 -> 116.25104 | W13: =U13/Q13 -> 112.93908 | X13: =IF(AND(R13>0,T13>0),(T13/(R13*1000))*1000,0) -> 128.41626 | Y13: =IF(AND(S13>0,U13>0),U13/S13,0) -> 118.23762 | Z13: 50.5 | AA13: =Z13+AA12 -> 255.2 | AB13: =Z13/(P13) -> 1.17543 | AC13: =AA13/(Q13) -> 1.1916436 | AD13: =IF(AND(R13>0,Z13>0),Z13/(R13),0) -> 1.2984342 | AE13: =IF(AND(S13>0,AA13>0),AA13/(S13),0) -> 1.2475496 | AF13: ='5'!I46 -> 34597.42 | AG13: =AF13+AG12 -> 176160.36 | AH13: =IF(AND(L13>0,AF13>0),(AF13/(P13*1000)*1000),0) -> 805.28408 | AI13: =IF(AND(M13>0,AG13>0),(AG13/(Q13*1000)*1000),0) -> 822.57193 | AJ13: =IF(AND(R13>0,AF13>0),(AF13/(R13*1000)*1000),0) -> 889.5539 | AK13: =IF(AND(S13>0,AG13>0),(AG13/(S13*1000)*1000),0) -> 861.16298 | AL13: 5308.4 | AM13: 4348.6 | AN13: 4064.4 | AO13: =SUM(AL13:AN13) -> 13721.4 | AP13: =+[1]Mar!N8 -> 12910 | AQ13: =+AP13-AO13 -> -811.4 | AR13: =+AL13/AO13 -> 0.38687014 | AS13: =+AM13/AO13 -> 0.31692101 | AT13: =1-AR13-AS13 -> 0.29620884 | AU13: =+AR13*AQ13 -> -313.90644 | AV13: =+AS13*AQ13 -> -257.14971 | AW13: =+AT13*AQ13 -> -240.34385 | AX13: =IFERROR(+AL13+AU13,"-") -> 4994.4936 | AY13: =IFERROR(+AM13+AV13,"-") -> 4091.4503 | AZ13: =IFERROR(+AN13+AW13,"-") -> 3824.0561 | BA13: =+SUM(Efficiency2!K26:K28) -> 47.299338 | BB13: =BB12+BA13 -> 243.78446 | BC13: =+R13/BA13 -> 0.82227366 | BD13: =+S13/BB13 -> 0.83910599
A14: =A13+1 -> 46087 | B14: Facial | C14: 16/13 | D14: =+'6'!F42 -> 1121.1111 | E14: =+'6'!G42 -> 860.72222 | F14: =1-(E14/D14) -> 0.23225966 | G14: =+P14/N14 -> 0.60752378 | H14: =+P14/L14 -> 0.59063966 | I14: =+R14/P14 -> 0.98923072 | J14: =+R14/L14 -> 0.58427889 | K14: =+S14/M14 -> 0.79699275 | L14: =+SUM(Efficiency1!K31:K32) -> 48.264622 | M14: =M13+L14 -> 292.04908 | N14: =+SUM(Efficiency1!C31:C32) -> 46.923266 | O14: =O13+N14 -> 286.9078 | P14: ='6'!I38 -> 28.507 | Q14: =Q13+P14 -> 242.665 | R14: ='6'!I40 -> 28.2 | S14: =S13+R14 -> 232.761 | T14: =+AX14 -> 3033.4509 | U14: =T14+U13 -> 27220.257 | V14: =T14/P14 -> 106.41074 | W14: =U14/Q14 -> 112.17216 | X14: =IF(AND(R14>0,T14>0),(T14/(R14*1000))*1000,0) -> 107.56918 | Y14: =IF(AND(S14>0,U14>0),U14/S14,0) -> 116.9451 | Z14: 38.5 | AA14: =Z14+AA13 -> 293.7 | AB14: =Z14/(P14) -> 1.3505455 | AC14: =AA14/(Q14) -> 1.2103105 | AD14: =IF(AND(R14>0,Z14>0),Z14/(R14),0) -> 1.3652482 | AE14: =IF(AND(S14>0,AA14>0),AA14/(S14),0) -> 1.2618093 | AF14: ='6'!I46 -> 24649.02 | AG14: =AF14+AG13 -> 200809.38 | AH14: =IF(AND(L14>0,AF14>0),(AF14/(P14*1000)*1000),0) -> 864.66552 | AI14: =IF(AND(M14>0,AG14>0),(AG14/(Q14*1000)*1000),0) -> 827.51686 | AJ14: =IF(AND(R14>0,AF14>0),(AF14/(R14*1000)*1000),0) -> 874.07872 | AK14: =IF(AND(S14>0,AG14>0),(AG14/(S14*1000)*1000),0) -> 862.72778 | AL14: 3354.5 | AM14: 2543.3 | AN14: 2287.6 | AO14: =SUM(AL14:AN14) -> 8185.4 | AP14: =+[1]Mar!N9 -> 7402 | AQ14: =+AP14-AO14 -> -783.4 | AR14: =+AL14/AO14 -> 0.40981504 | AS14: =+AM14/AO14 -> 0.31071176 | AT14: =1-AR14-AS14 -> 0.27947321 | AU14: =+AR14*AQ14 -> -321.0491 | AV14: =+AS14*AQ14 -> -243.41159 | AW14: =+AT14*AQ14 -> -218.93931 | AX14: =IFERROR(+AL14+AU14,"-") -> 3033.4509 | AY14: =IFERROR(+AM14+AV14,"-") -> 2299.8884 | AZ14: =IFERROR(+AN14+AW14,"-") -> 2068.6607 | BA14: =+SUM(Efficiency2!K31:K32) -> 38.364184 | BB14: =BB13+BA14 -> 282.14864 | BC14: =+R14/BA14 -> 0.73506061 | BD14: =+S14/BB14 -> 0.82495878
A15: =A14+1 -> 46088 | B15: Toilet/Facial | C15: 14/13 | D15: =+'7'!F42 -> 1150.8477 | E15: =+'7'!G42 -> 870.86843 | F15: =1-(E15/D15) -> 0.24328088 | G15: =+P15/N15 -> 0.49277197 | H15: =+P15/L15 -> 0.47939984 | I15: =+R15/P15 -> 0.79000364 | J15: =+R15/L15 -> 0.37872762 | K15: =+S15/M15 -> 0.74031027 | L15: =+SUM(Efficiency1!K37:K38) -> 45.782243 | M15: =M14+L15 -> 337.83132 | N15: =+SUM(Efficiency1!C37:C38) -> 44.539871 | O15: =O14+N15 -> 331.44767 | P15: ='7'!I38 -> 21.948 | Q15: =Q14+P15 -> 264.613 | R15: ='7'!I40 -> 17.339 | S15: =S14+R15 -> 250.1 | T15: =+AX15 -> 3661.664 | U15: =T15+U14 -> 30881.921 | V15: =T15/P15 -> 166.83361 | W15: =U15/Q15 -> 116.70599 | X15: =IF(AND(R15>0,T15>0),(T15/(R15*1000))*1000,0) -> 211.18081 | Y15: =IF(AND(S15>0,U15>0),U15/S15,0) -> 123.47829 | Z15: 44.3 | AA15: =Z15+AA14 -> 338 | AB15: =Z15/(P15) -> 2.0184071 | AC15: =AA15/(Q15) -> 1.2773371 | AD15: =IF(AND(R15>0,Z15>0),Z15/(R15),0) -> 2.554934 | AE15: =IF(AND(S15>0,AA15>0),AA15/(S15),0) -> 1.3514594 | AF15: ='7'!I46 -> 24519.02 | AG15: =AF15+AG14 -> 225328.4 | AH15: =IF(AND(L15>0,AF15>0),(AF15/(P15*1000)*1000),0) -> 1117.1414 | AI15: =IF(AND(M15>0,AG15>0),(AG15/(Q15*1000)*1000),0) -> 851.53942 | AJ15: =IF(AND(R15>0,AF15>0),(AF15/(R15*1000)*1000),0) -> 1414.0965 | AK15: =IF(AND(S15>0,AG15>0),(AG15/(S15*1000)*1000),0) -> 900.95322 | AL15: 3462.3 | AM15: 4113.6 | AN15: 3780.2 | AO15: =SUM(AL15:AN15) -> 11356.1 | AP15: =+[1]Mar!N10 -> 12010 | AQ15: =+AP15-AO15 -> 653.9 | AR15: =+AL15/AO15 -> 0.3048846 | AS15: =+AM15/AO15 -> 0.36223704 | AT15: =1-AR15-AS15 -> 0.33287836 | AU15: =+AR15*AQ15 -> 199.36404 | AV15: =+AS15*AQ15 -> 236.8668 | AW15: =+AT15*AQ15 -> 217.66916 | AX15: =IFERROR(+AL15+AU15,"-") -> 3661.664 | AY15: =IFERROR(+AM15+AV15,"-") -> 4350.4668 | AZ15: =IFERROR(+AN15+AW15,"-") -> 3997.8692 | BA15: =+SUM(Efficiency2!K37:K38) -> 32.675968 | BB15: =BB14+BA15 -> 314.82461 | BC15: =+R15/BA15 -> 0.53063463 | BD15: =+S15/BB15 -> 0.79441058
A16: =A15+1 -> 46089 | B16: Facial | C16: 13/11,5 | D16: =+'8'!F42 -> 1197.4361 | E16: =+'8'!G42 -> 908.30426 | F16: =1-(E16/D16) -> 0.24145908 | G16: =+P16/N16 -> 0.91459257 | H16: =+P16/L16 -> 0.88879472 | I16: =+R16/P16 -> 0.96398414 | J16: =+R16/L16 -> 0.85678401 | K16: =+S16/M16 -> 0.75310883 | L16: =+SUM(Efficiency1!K45:K46) -> 41.704793 | M16: =M15+L16 -> 379.53612 | N16: =+SUM(Efficiency1!C45:C46) -> 40.528429 | O16: =O15+N16 -> 371.9761 | P16: ='8'!I38 -> 37.067 | Q16: =Q15+P16 -> 301.68 | R16: ='8'!I40 -> 35.732 | S16: =S15+R16 -> 285.832 | T16: =+AX16 -> 4586.0856 | U16: =T16+U15 -> 35468.007 | V16: =T16/P16 -> 123.72422 | W16: =U16/Q16 -> 117.56831 | X16: =IF(AND(R16>0,T16>0),(T16/(R16*1000))*1000,0) -> 128.34674 | Y16: =IF(AND(S16>0,U16>0),U16/S16,0) -> 124.0869 | Z16: 53.3 | AA16: =Z16+AA15 -> 391.3 | AB16: =Z16/(P16) -> 1.4379367 | AC16: =AA16/(Q16) -> 1.2970697 | AD16: =IF(AND(R16>0,Z16>0),Z16/(R16),0) -> 1.4916601 | AE16: =IF(AND(S16>0,AA16>0),AA16/(S16),0) -> 1.368986 | AF16: ='8'!I46 -> 36406.46 | AG16: =AF16+AG15 -> 261734.86 | AH16: =IF(AND(L16>0,AF16>0),(AF16/(P16*1000)*1000),0) -> 982.17984 | AI16: =IF(AND(M16>0,AG16>0),(AG16/(Q16*1000)*1000),0) -> 867.59102 | AJ16: =IF(AND(R16>0,AF16>0),(AF16/(R16*1000)*1000),0) -> 1018.8755 | AK16: =IF(AND(S16>0,AG16>0),(AG16/(S16*1000)*1000),0) -> 915.69474 | AL16: 5112.9 | AM16: 4411.6 | AN16: 3968.8 | AO16: =SUM(AL16:AN16) -> 13493.3 | AP16: =+[1]Mar!N11 -> 12103 | AQ16: =+AP16-AO16 -> -1390.3 | AR16: =+AL16/AO16 -> 0.37892139 | AS16: =+AM16/AO16 -> 0.32694745 | AT16: =1-AR16-AS16 -> 0.29413116 | AU16: =+AR16*AQ16 -> -526.81441 | AV16: =+AS16*AQ16 -> -454.55504 | AW16: =+AT16*AQ16 -> -408.93055 | AX16: =IFERROR(+AL16+AU16,"-") -> 4586.0856 | AY16: =IFERROR(+AM16+AV16,"-") -> 3957.045 | AZ16: =IFERROR(+AN16+AW16,"-") -> 3559.8694 | BA16: =+SUM(Efficiency2!K45:K46) -> 41.704793 | BB16: =BB15+BA16 -> 356.5294 | BC16: =+R16/BA16 -> 0.85678401 | BD16: =+S16/BB16 -> 0.80170667
A17: =A16+1 -> 46090 | B17: Facial | C17: 11,5/12 | D17: =+'9'!F42 -> 1230 | E17: =+'9'!G42 -> 934.8 | F17: =1-(E17/D17) -> 0.24 | G17: =+P17/N17 -> 0.881744 | H17: =+P17/L17 -> 0.881744 | I17: =+R17/P17 -> 1.1156246 | J17: =+R17/L17 -> 0.98369528 | K17: =+S17/M17 -> 0.77625743 | L17: =+SUM(Efficiency1!K52:K53) -> 42.353563 | M17: =M16+L17 -> 421.88968 | N17: =+SUM(Efficiency1!C52:C53) -> 42.353563 | O17: =O16+N17 -> 414.32966 | P17: ='9'!I38 -> 37.345 | Q17: =Q16+P17 -> 339.025 | R17: ='9'!I40 -> 41.663 | S17: =S16+R17 -> 327.495 | T17: =+AX17 -> 4861.1351 | U17: =T17+U16 -> 40329.142 | V17: =T17/P17 -> 130.1683 | W17: =U17/Q17 -> 118.95625 | X17: =IF(AND(R17>0,T17>0),(T17/(R17*1000))*1000,0) -> 116.67751 | Y17: =IF(AND(S17>0,U17>0),U17/S17,0) -> 123.1443 | Z17: 55.8 | AA17: =Z17+AA16 -> 447.1 | AB17: =Z17/(P17) -> 1.4941759 | AC17: =AA17/(Q17) -> 1.3187818 | AD17: =IF(AND(R17>0,Z17>0),Z17/(R17),0) -> 1.3393179 | AE17: =IF(AND(S17>0,AA17>0),AA17/(S17),0) -> 1.3652117 | AF17: ='9'!I46 -> 38745.1 | AG17: =AF17+AG16 -> 300479.96 | AH17: =IF(AND(L17>0,AF17>0),(AF17/(P17*1000)*1000),0) -> 1037.491 | AI17: =IF(AND(M17>0,AG17>0),(AG17/(Q17*1000)*1000),0) -> 886.3062 | AJ17: =IF(AND(R17>0,AF17>0),(AF17/(R17*1000)*1000),0) -> 929.96424 | AK17: =IF(AND(S17>0,AG17>0),(AG17/(S17*1000)*1000),0) -> 917.51007 | AL17: 5073.6 | AM17: 4663.6 | AN17: 4019.9 | AO17: =SUM(AL17:AN17) -> 13757.1 | AP17: =+[1]Mar!N12 -> 13181 | AQ17: =+AP17-AO17 -> -576.1 | AR17: =+AL17/AO17 -> 0.36879866 | AS17: =+AM17/AO17 -> 0.33899586 | AT17: =1-AR17-AS17 -> 0.29220548 | AU17: =+AR17*AQ17 -> -212.46491 | AV17: =+AS17*AQ17 -> -195.29552 | AW17: =+AT17*AQ17 -> -168.33958 | AX17: =IFERROR(+AL17+AU17,"-") -> 4861.1351 | AY17: =IFERROR(+AM17+AV17,"-") -> 4468.3045 | AZ17: =IFERROR(+AN17+AW17,"-") -> 3851.5604 | BA17: =+SUM(Efficiency2!K52:K53) -> 42.353563 | BB17: =BB16+BA17 -> 398.88297 | BC17: =+R17/BA17 -> 0.98369528 | BD17: =+S17/BB17 -> 0.8210303
A18: =A17+1 -> 46091 | B18: Facial | C18: 12 | D18: =+'10'!F42 -> 1230 | E18: =+'10'!G42 -> 934.8 | F18: =1-(E18/D18) -> 0.24 | G18: =+P18/N18 -> 0.89690407 | H18: =+P18/L18 -> 0.89690407 | I18: =+R18/P18 -> 1.0295668 | J18: =+R18/L18 -> 0.92342264 | K18: =+S18/M18 -> 0.79027667 | L18: =+Efficiency1!K56 -> 44.421696 | M18: =M17+L18 -> 466.31138 | N18: =+Efficiency1!C56 -> 44.421696 | O18: =O17+N18 -> 458.75136 | P18: ='10'!I38 -> 39.842 | Q18: =Q17+P18 -> 378.867 | R18: ='10'!I40 -> 41.02 | S18: =S17+R18 -> 368.515 | T18: =+AX18 -> 4821.6019 | U18: =T18+U17 -> 45150.744 | V18: =T18/P18 -> 121.01807 | W18: =U18/Q18 -> 119.17307 | X18: =IF(AND(R18>0,T18>0),(T18/(R18*1000))*1000,0) -> 117.54271 | Y18: =IF(AND(S18>0,U18>0),U18/S18,0) -> 122.52078 | Z18: 55.8 | AA18: =Z18+AA17 -> 502.9 | AB18: =Z18/(P18) -> 1.4005321 | AC18: =AA18/(Q18) -> 1.3273787 | AD18: =IF(AND(R18>0,Z18>0),Z18/(R18),0) -> 1.360312 | AE18: =IF(AND(S18>0,AA18>0),AA18/(S18),0) -> 1.3646663 | AF18: ='10'!I46 -> 37094.32 | AG18: =AF18+AG17 -> 337574.28 | AH18: =IF(AND(L18>0,AF18>0),(AF18/(P18*1000)*1000),0) -> 931.03559 | AI18: =IF(AND(M18>0,AG18>0),(AG18/(Q18*1000)*1000),0) -> 891.00999 | AJ18: =IF(AND(R18>0,AF18>0),(AF18/(R18*1000)*1000),0) -> 904.29839 | AK18: =IF(AND(S18>0,AG18>0),(AG18/(S18*1000)*1000),0) -> 916.03946 | AL18: 5083.4 | AM18: 4677 | AN18: 3967.6 | AO18: =SUM(AL18:AN18) -> 13728 | AP18: =+[1]Mar!N13 -> 13021 | AQ18: =+AP18-AO18 -> -707 | AR18: =+AL18/AO18 -> 0.37029429 | AS18: =+AM18/AO18 -> 0.34069056 | AT18: =1-AR18-AS18 -> 0.28901515 | AU18: =+AR18*AQ18 -> -261.79806 | AV18: =+AS18*AQ18 -> -240.86823 | AW18: =+AT18*AQ18 -> -204.33371 | AX18: =IFERROR(+AL18+AU18,"-") -> 4821.6019 | AY18: =IFERROR(+AM18+AV18,"-") -> 4436.1318 | AZ18: =IFERROR(+AN18+AW18,"-") -> 3763.2663 | BA18: =+Efficiency2!K56 -> 44.421696 | BB18: =BB17+BA18 -> 443.30466 | BC18: =+R18/BA18 -> 0.92342264 | BD18: =+S18/BB18 -> 0.8312906
A19: =A18+1 -> 46092 | B19: Facial | C19: 12/12,5 | D19: =+'11'!F42 -> 1228.0486 | E19: =+'11'!G42 -> 933.31694 | F19: =1-(E19/D19) -> 0.24 | G19: =+P19/N19 -> 0.91371891 | H19: =+P19/L19 -> 0.91229882 | I19: =+R19/P19 -> 0.95861779 | J19: =+R19/L19 -> 0.87454588 | K19: =+S19/M19 -> 0.79758993 | L19: =+SUM(Efficiency1!K60:K61) -> 44.314428 | M19: =M18+L19 -> 510.6258 | N19: =+SUM(Efficiency1!C60:C61) -> 44.245555 | O19: =O18+N19 -> 502.99691 | P19: ='11'!I38 -> 40.428 | Q19: =Q18+P19 -> 419.295 | R19: ='11'!I40 -> 38.755 | S19: =S18+R19 -> 407.27 | T19: =+AX19 -> 4807.0687 | U19: =T19+U18 -> 49957.813 | V19: =T19/P19 -> 118.90444 | W19: =U19/Q19 -> 119.14717 | X19: =IF(AND(R19>0,T19>0),(T19/(R19*1000))*1000,0) -> 124.03738 | Y19: =IF(AND(S19>0,U19>0),U19/S19,0) -> 122.66509 | Z19: 56.5 | AA19: =Z19+AA18 -> 559.4 | AB19: =Z19/(P19) -> 1.3975463 | AC19: =AA19/(Q19) -> 1.3341442 | AD19: =IF(AND(R19>0,Z19>0),Z19/(R19),0) -> 1.4578764 | AE19: =IF(AND(S19>0,AA19>0),AA19/(S19),0) -> 1.373536 | AF19: ='11'!I46 -> 37873.74 | AG19: =AF19+AG18 -> 375448.02 | AH19: =IF(AND(L19>0,AF19>0),(AF19/(P19*1000)*1000),0) -> 936.81953 | AI19: =IF(AND(M19>0,AG19>0),(AG19/(Q19*1000)*1000),0) -> 895.4269 | AJ19: =IF(AND(R19>0,AF19>0),(AF19/(R19*1000)*1000),0) -> 977.26074 | AK19: =IF(AND(S19>0,AG19>0),(AG19/(S19*1000)*1000),0) -> 921.86515 | AL19: 5041.2 | AM19: 4638.3 | AN19: 3850.9 | AO19: =SUM(AL19:AN19) -> 13530.4 | AP19: =+[1]Mar!N14 -> 12902 | AQ19: =+AP19-AO19 -> -628.4 | AR19: =+AL19/AO19 -> 0.37258322 | AS19: =+AM19/AO19 -> 0.34280583 | AT19: =1-AR19-AS19 -> 0.28461095 | AU19: =+AR19*AQ19 -> -234.1313 | AV19: =+AS19*AQ19 -> -215.41918 | AW19: =+AT19*AQ19 -> -178.84952 | AX19: =IFERROR(+AL19+AU19,"-") -> 4807.0687 | AY19: =IFERROR(+AM19+AV19,"-") -> 4422.8808 | AZ19: =IFERROR(+AN19+AW19,"-") -> 3672.0505 | BA19: =+SUM(Efficiency2!K60:K61) -> 44.314428 | BB19: =BB18+BA19 -> 487.61909 | BC19: =+R19/BA19 -> 0.87454588 | BD19: =+S19/BB19 -> 0.83522161
A20: =A19+1 -> 46093 | B20: Facial/Toilet | C20: 12,5/14/13 | D20: =+'12'!F42 -> 1187.8542 | E20: =+'12'!G42 -> 882.20007 | F20: =1-(E20/D20) -> 0.25731618 | G20: =+P20/N20 -> 0.9468428 | H20: =+P20/L20 -> 0.93474697 | I20: =+R20/P20 -> 0.93692489 | J20: =+R20/L20 -> 0.8757877 | K20: =+S20/M20 -> 0.80410222 | L20: =+SUM(Efficiency1!K64:K66) -> 46.387955 | M20: =M19+L20 -> 557.01376 | N20: =+SUM(Efficiency1!C64:C66) -> 45.795353 | O20: =O19+N20 -> 548.79227 | P20: ='12'!I38 -> 43.361 | Q20: =Q19+P20 -> 462.656 | R20: ='12'!I40 -> 40.626 | S20: =S19+R20 -> 447.896 | T20: =+AX20 -> 5126.5101 | U20: =T20+U19 -> 55084.323 | V20: =T20/P20 -> 118.22859 | W20: =U20/Q20 -> 119.06108 | X20: =IF(AND(R20>0,T20>0),(T20/(R20*1000))*1000,0) -> 126.18791 | Y20: =IF(AND(S20>0,U20>0),U20/S20,0) -> 122.98463 | Z20: 56.2 | AA20: =Z20+AA19 -> 615.6 | AB20: =Z20/(P20) -> 1.2960956 | AC20: =AA20/(Q20) -> 1.3305782 | AD20: =IF(AND(R20>0,Z20>0),Z20/(R20),0) -> 1.3833506 | AE20: =IF(AND(S20>0,AA20>0),AA20/(S20),0) -> 1.3744262 | AF20: ='12'!I46 -> 34967.78 | AG20: =AF20+AG19 -> 410415.8 | AH20: =IF(AND(L20>0,AF20>0),(AF20/(P20*1000)*1000),0) -> 806.43389 | AI20: =IF(AND(M20>0,AG20>0),(AG20/(Q20*1000)*1000),0) -> 887.0863 | AJ20: =IF(AND(R20>0,AF20>0),(AF20/(R20*1000)*1000),0) -> 860.72417 | AK20: =IF(AND(S20>0,AG20>0),(AG20/(S20*1000)*1000),0) -> 916.31941 | AL20: 5443.7 | AM20: 4611.1 | AN20: =1306.13+1278.79+1333.46 -> 3918.38 | AO20: =SUM(AL20:AN20) -> 13973.18 | AP20: =+[1]Mar!N15 -> 13159 | AQ20: =+AP20-AO20 -> -814.18 | AR20: =+AL20/AO20 -> 0.38958204 | AS20: =+AM20/AO20 -> 0.32999646 | AT20: =1-AR20-AS20 -> 0.28042149 | AU20: =+AR20*AQ20 -> -317.18991 | AV20: =+AS20*AQ20 -> -268.67652 | AW20: =+AT20*AQ20 -> -228.31357 | AX20: =IFERROR(+AL20+AU20,"-") -> 5126.5101 | AY20: =IFERROR(+AM20+AV20,"-") -> 4342.4235 | AZ20: =IFERROR(+AN20+AW20,"-") -> 3690.0664 | BA20: =+SUM(Efficiency2!K64:K66) -> 46.387955 | BB20: =BB19+BA20 -> 534.00704 | BC20: =+R20/BA20 -> 0.8757877 | BD20: =+S20/BB20 -> 0.83874549
A21: =A20+1 -> 46094 | B21: Toilet | C21: 13/12,5 | D21: =+'13'!F42 -> 1193.3333 | E21: =+'13'!G42 -> 918.86667 | F21: =1-(E21/D21) -> 0.23 | G21: =+P21/N21 -> 0.94375772 | H21: =+P21/L21 -> 0.91563283 | I21: =+R21/P21 -> 0.96642042 | J21: =+R21/L21 -> 0.88488626 | K21: =+S21/M21 -> 0.81000485 | L21: =+SUM(Efficiency1!K68:K69) -> 43.907338 | M21: =M20+L21 -> 600.9211 | N21: =+SUM(Efficiency1!C68:C69) -> 42.598857 | O21: =O20+N21 -> 591.39112 | P21: ='13'!I38 -> 40.203 | Q21: =Q20+P21 -> 502.859 | R21: ='13'!I40 -> 38.853 | S21: =S20+R21 -> 486.749 | T21: =+AX21 -> 5376.9995 | U21: =T21+U20 -> 60461.322 | V21: =T21/P21 -> 133.74623 | W21: =U21/Q21 -> 120.23514 | X21: =IF(AND(R21>0,T21>0),(T21/(R21*1000))*1000,0) -> 138.39342 | Y21: =IF(AND(S21>0,U21>0),U21/S21,0) -> 124.21458 | Z21: 57.8 | AA21: =Z21+AA20 -> 673.4 | AB21: =Z21/(P21) -> 1.4377037 | AC21: =AA21/(Q21) -> 1.3391428 | AD21: =IF(AND(R21>0,Z21>0),Z21/(R21),0) -> 1.4876586 | AE21: =IF(AND(S21>0,AA21>0),AA21/(S21),0) -> 1.3834646 | AF21: ='13'!I46 -> 37785.78 | AG21: =AF21+AG20 -> 448201.58 | AH21: =IF(AND(L21>0,AF21>0),(AF21/(P21*1000)*1000),0) -> 939.87464 | AI21: =IF(AND(M21>0,AG21>0),(AG21/(Q21*1000)*1000),0) -> 891.30667 | AJ21: =IF(AND(R21>0,AF21>0),(AF21/(R21*1000)*1000),0) -> 972.53185 | AK21: =IF(AND(S21>0,AG21>0),(AG21/(S21*1000)*1000),0) -> 920.80637 | AL21: 5667 | AM21: 4599.2 | AN21: 3653.1 | AO21: =SUM(AL21:AN21) -> 13919.3 | AP21: =+[1]Mar!N16 -> 13207 | AQ21: =+AP21-AO21 -> -712.3 | AR21: =+AL21/AO21 -> 0.40713254 | AS21: =+AM21/AO21 -> 0.33041891 | AT21: =1-AR21-AS21 -> 0.26244854 | AU21: =+AR21*AQ21 -> -290.00051 | AV21: =+AS21*AQ21 -> -235.35739 | AW21: =+AT21*AQ21 -> -186.9421 | AX21: =IFERROR(+AL21+AU21,"-") -> 5376.9995 | AY21: =IFERROR(+AM21+AV21,"-") -> 4363.8426 | AZ21: =IFERROR(+AN21+AW21,"-") -> 3466.1579 | BA21: =+SUM(Efficiency2!K68:K69) -> 43.907338 | BB21: =BB20+BA21 -> 577.91438 | BC21: =+R21/BA21 -> 0.88488626 | BD21: =+S21/BB21 -> 0.84225106
A22: =A21+1 -> 46095 | B22: Toilet | C22: 12,5/13 | D22: =+'14'!F42 -> 1169.5417 | E22: =+'14'!G42 -> 939.25542 | F22: =1-(E22/D22) -> 0.19690299 | G22: =+P22/N22 -> 0.90737417 | H22: =+P22/L22 -> 0.86272903 | I22: =+R22/P22 -> 0.98559424 | J22: =+R22/L22 -> 0.85030076 | K22: =+S22/M22 -> 0.81294586 | L22: =+SUM(Efficiency1!K72:K73) -> 47.311495 | M22: =M21+L22 -> 648.23259 | N22: =+SUM(Efficiency1!C72:C73) -> 44.983648 | O22: =O21+N22 -> 636.37477 | P22: ='14'!I38 -> 40.817 | Q22: =Q21+P22 -> 543.676 | R22: ='14'!I40 -> 40.229 | S22: =S21+R22 -> 526.978 | T22: =+AX22 -> 5754.6129 | U22: =T22+U21 -> 66215.935 | V22: =T22/P22 -> 140.98569 | W22: =U22/Q22 -> 121.79301 | X22: =IF(AND(R22>0,T22>0),(T22/(R22*1000))*1000,0) -> 143.04638 | Y22: =IF(AND(S22>0,U22>0),U22/S22,0) -> 125.65218 | Z22: 57.5 | AA22: =Z22+AA21 -> 730.9 | AB22: =Z22/(P22) -> 1.4087268 | AC22: =AA22/(Q22) -> 1.3443669 | AD22: =IF(AND(R22>0,Z22>0),Z22/(R22),0) -> 1.4293172 | AE22: =IF(AND(S22>0,AA22>0),AA22/(S22),0) -> 1.3869649 | AF22: ='14'!I46 -> 36824.6 | AG22: =AF22+AG21 -> 485026.18 | AH22: =IF(AND(L22>0,AF22>0),(AF22/(P22*1000)*1000),0) -> 902.18781 | AI22: =IF(AND(M22>0,AG22>0),(AG22/(Q22*1000)*1000),0) -> 892.12358 | AJ22: =IF(AND(R22>0,AF22>0),(AF22/(R22*1000)*1000),0) -> 915.37448 | AK22: =IF(AND(S22>0,AG22>0),(AG22/(S22*1000)*1000),0) -> 920.39171 | AL22: 5973.3 | AM22: 4556.3 | AN22: 3632.9 | AO22: =SUM(AL22:AN22) -> 14162.5 | AP22: =+[1]Mar!N17 -> 13644 | AQ22: =+AP22-AO22 -> -518.5 | AR22: =+AL22/AO22 -> 0.42176876 | AS22: =+AM22/AO22 -> 0.3217158 | AT22: =1-AR22-AS22 -> 0.25651545 | AU22: =+AR22*AQ22 -> -218.6871 | AV22: =+AS22*AQ22 -> -166.80964 | AW22: =+AT22*AQ22 -> -133.00326 | AX22: =IFERROR(+AL22+AU22,"-") -> 5754.6129 | AY22: =IFERROR(+AM22+AV22,"-") -> 4389.4904 | AZ22: =IFERROR(+AN22+AW22,"-") -> 3499.8967 | BA22: =+SUM(Efficiency2!K72:K73) -> 47.311495 | BB22: =BB21+BA22 -> 625.22588 | BC22: =+R22/BA22 -> 0.85030076 | BD22: =+S22/BB22 -> 0.84286019
A23: =A22+1 -> 46096 | B23: Toilet | C23: 13 | D23: =+'15'!F42 -> 1183.3333 | E23: =+'15'!G42 -> 953.93333 | F23: =1-(E23/D23) -> 0.19385915 | G23: =+P23/N23 -> 0.90235033 | H23: =+P23/L23 -> 0.86811482 | I23: =+R23/P23 -> 0.98608826 | J23: =+R23/L23 -> 0.85603783 | K23: =+S23/M23 -> 0.81589431 | L23: =+Efficiency1!K77 -> 47.611214 | M23: =M22+L23 -> 695.8438 | N23: =+Efficiency1!C77 -> 45.804826 | O23: =O22+N23 -> 682.1796 | P23: ='15'!I38 -> 41.332 | Q23: =Q22+P23 -> 585.008 | R23: ='15'!I40 -> 40.757 | S23: =S22+R23 -> 567.735 | T23: =+AX23 -> 5476.8082 | U23: =T23+U22 -> 71692.743 | V23: =T23/P23 -> 132.5077 | W23: =U23/Q23 -> 122.55002 | X23: =IF(AND(R23>0,T23>0),(T23/(R23*1000))*1000,0) -> 134.37712 | Y23: =IF(AND(S23>0,U23>0),U23/S23,0) -> 126.27853 | Z23: 56.8 | AA23: =Z23+AA22 -> 787.7 | AB23: =Z23/(P23) -> 1.3742379 | AC23: =AA23/(Q23) -> 1.3464773 | AD23: =IF(AND(R23>0,Z23>0),Z23/(R23),0) -> 1.3936256 | AE23: =IF(AND(S23>0,AA23>0),AA23/(S23),0) -> 1.3874431 | AF23: ='15'!I46 -> 35543.7 | AG23: =AF23+AG22 -> 520569.88 | AH23: =IF(AND(L23>0,AF23>0),(AF23/(P23*1000)*1000),0) -> 859.95597 | AI23: =IF(AND(M23>0,AG23>0),(AG23/(Q23*1000)*1000),0) -> 889.85087 | AJ23: =IF(AND(R23>0,AF23>0),(AF23/(R23*1000)*1000),0) -> 872.08823 | AK23: =IF(AND(S23>0,AG23>0),(AG23/(S23*1000)*1000),0) -> 916.92406 | AL23: 5920.5 | AM23: 4728.8 | AN23: 3652.5 | AO23: =SUM(AL23:AN23) -> 14301.8 | AP23: =+[1]Mar!N18 -> 13230 | AQ23: =+AP23-AO23 -> -1071.8 | AR23: =+AL23/AO23 -> 0.41396887 | AS23: =+AM23/AO23 -> 0.3306437 | AT23: =1-AR23-AS23 -> 0.25538743 | AU23: =+AR23*AQ23 -> -443.69184 | AV23: =+AS23*AQ23 -> -354.38391 | AW23: =+AT23*AQ23 -> -273.72425 | AX23: =IFERROR(+AL23+AU23,"-") -> 5476.8082 | AY23: =IFERROR(+AM23+AV23,"-") -> 4374.4161 | AZ23: =IFERROR(+AN23+AW23,"-") -> 3378.7757 | BA23: =+Efficiency2!K77 -> 47.611214 | BB23: =BB22+BA23 -> 672.83709 | BC23: =+R23/BA23 -> 0.85603783 | BD23: =+S23/BB23 -> 0.84379266
A24: =A23+1 -> 46097 | B24: Toilet | C24: 13/12,5 | D24: =+'16'!F42 -> 1190 | E24: =+'16'!G42 -> 940.98125 | F24: =1-(E24/D24) -> 0.20925945 | G24: =+P24/N24 -> 0.93293531 | H24: =+P24/L24 -> 0.90210539 | I24: =+R24/P24 -> 0.94511568 | J24: =+R24/L24 -> 0.85259395 | K24: =+S24/M24 -> 0.8181854 | L24: =+SUM(Efficiency1!K82:K83) -> 46.332724 | M24: =M23+L24 -> 742.17653 | N24: =+SUM(Efficiency1!C82:C83) -> 44.801606 | O24: =O23+N24 -> 726.9812 | P24: ='16'!I38 -> 41.797 | Q24: =Q23+P24 -> 626.805 | R24: ='16'!I40 -> 39.503 | S24: =S23+R24 -> 607.238 | T24: =+AX24 -> 4975.5712 | U24: =T24+U23 -> 76668.315 | V24: =T24/P24 -> 119.04135 | W24: =U24/Q24 -> 122.31605 | X24: =IF(AND(R24>0,T24>0),(T24/(R24*1000))*1000,0) -> 125.95426 | Y24: =IF(AND(S24>0,U24>0),U24/S24,0) -> 126.25744 | Z24: 56.4 | AA24: =Z24+AA23 -> 844.1 | AB24: =Z24/(P24) -> 1.3493791 | AC24: =AA24/(Q24) -> 1.3466708 | AD24: =IF(AND(R24>0,Z24>0),Z24/(R24),0) -> 1.4277397 | AE24: =IF(AND(S24>0,AA24>0),AA24/(S24),0) -> 1.3900645 | AF24: ='16'!I46 -> 38006.8 | AG24: =AF24+AG23 -> 558576.68 | AH24: =IF(AND(L24>0,AF24>0),(AF24/(P24*1000)*1000),0) -> 909.31885 | AI24: =IF(AND(M24>0,AG24>0),(AG24/(Q24*1000)*1000),0) -> 891.14905 | AJ24: =IF(AND(R24>0,AF24>0),(AF24/(R24*1000)*1000),0) -> 962.1244 | AK24: =IF(AND(S24>0,AG24>0),(AG24/(S24*1000)*1000),0) -> 919.8645 | AL24: 5958.6 | AM24: 4629.7 | AN24: 3611.3 | AO24: =SUM(AL24:AN24) -> 14199.6 | AP24: =+[1]Mar!N19 -> 11857 | AQ24: =+AP24-AO24 -> -2342.6 | AR24: =+AL24/AO24 -> 0.41963154 | AS24: =+AM24/AO24 -> 0.3260444 | AT24: =1-AR24-AS24 -> 0.25432407 | AU24: =+AR24*AQ24 -> -983.02884 | AV24: =+AS24*AQ24 -> -763.7916 | AW24: =+AT24*AQ24 -> -595.77956 | AX24: =IFERROR(+AL24+AU24,"-") -> 4975.5712 | AY24: =IFERROR(+AM24+AV24,"-") -> 3865.9084 | AZ24: =IFERROR(+AN24+AW24,"-") -> 3015.5204 | BA24: =+SUM(Efficiency2!K82:K83) -> 46.332724 | BB24: =BB23+BA24 -> 719.16981 | BC24: =+R24/BA24 -> 0.85259395 | BD24: =+S24/BB24 -> 0.84435969
A25: =A24+1 -> 46098 | B25: Toilet | C25: 12,5 | D25: =+'17'!F42 -> 1230 | E25: =+'17'!G42 -> 959.4 | F25: =1-(E25/D25) -> 0.22 | G25: =+P25/N25 -> 0.12167138 | H25: =+P25/L25 -> 0.12167138 | I25: =+R25/P25 -> 1.085 | J25: =+R25/L25 -> 0.13201344 | K25: =+S25/M25 -> 0.7794679 | L25: =+Efficiency1!K87 -> 44.381844 | M25: =M24+L25 -> 786.55837 | N25: =+Efficiency1!C87 -> 44.381844 | O25: =O24+N25 -> 771.36305 | P25: ='17'!I38 -> 5.4 | Q25: =Q24+P25 -> 632.205 | R25: ='17'!I40 -> 5.859 | S25: =S24+R25 -> 613.097 | T25: =+AX25 -> 502.6425 | U25: =T25+U24 -> 77170.957 | V25: =T25/P25 -> 93.081944 | W25: =U25/Q25 -> 122.06635 | X25: =IF(AND(R25>0,T25>0),(T25/(R25*1000))*1000,0) -> 85.78981 | Y25: =IF(AND(S25>0,U25>0),U25/S25,0) -> 125.87071 | Z25: 8.6 | AA25: =Z25+AA24 -> 852.7 | AB25: =Z25/(P25) -> 1.5925926 | AC25: =AA25/(Q25) -> 1.3487714 | AD25: =IF(AND(R25>0,Z25>0),Z25/(R25),0) -> 1.4678273 | AE25: =IF(AND(S25>0,AA25>0),AA25/(S25),0) -> 1.3908077 | AF25: ='17'!I46 -> 11728.06 | AG25: =AF25+AG24 -> 570304.74 | AH25: =IF(AND(L25>0,AF25>0),(AF25/(P25*1000)*1000),0) -> 2171.863 | AI25: =IF(AND(M25>0,AG25>0),(AG25/(Q25*1000)*1000),0) -> 902.08831 | AJ25: =IF(AND(R25>0,AF25>0),(AF25/(R25*1000)*1000),0) -> 2001.717 | AK25: =IF(AND(S25>0,AG25>0),(AG25/(S25*1000)*1000),0) -> 930.20312 | AL25: 395.3 | AM25: 4837.3 | AN25: 3747.8 | AO25: =SUM(AL25:AN25) -> 8980.4 | AP25: =+[1]Mar!N20 -> 11419 | AQ25: =+AP25-AO25 -> 2438.6 | AR25: =+AL25/AO25 -> 0.044018084 | AS25: =+AM25/AO25 -> 0.53865084 | AT25: =1-AR25-AS25 -> 0.41733108 | AU25: =+AR25*AQ25 -> 107.3425 | AV25: =+AS25*AQ25 -> 1313.5539 | AW25: =+AT25*AQ25 -> 1017.7036 | AX25: =IFERROR(+AL25+AU25,"-") -> 502.6425 | AY25: =IFERROR(+AM25+AV25,"-") -> 6150.8539 | AZ25: =IFERROR(+AN25+AW25,"-") -> 4765.5036 | BA25: =+Efficiency2!K87 -> 5.3936269 | BB25: =BB24+BA25 -> 724.56344 | BC25: =+R25/BA25 -> 1.086282 | BD25: =+S25/BB25 -> 0.84616055
A26: =A25+1 -> 46099 | B26: Toilet | C26: 12,5 | D26: =+'18'!F42 -> 0 | E26: =+'18'!G42 -> 0 | F26: =1-(E26/D26) -> #DIV/0! | G26: =+P26/N26 -> 0 | H26: =+P26/L26 -> 0 | I26: =+R26/P26 -> #DIV/0! | J26: =+R26/L26 -> 0 | K26: =+S26/M26 -> 0.73798865 | L26: =+Efficiency1!K92 -> 44.209152 | M26: =M25+L26 -> 830.76752 | N26: =+Efficiency1!C92 -> 44.209152 | O26: =O25+N26 -> 815.5722 | P26: ='18'!I38 -> 0 | Q26: =Q25+P26 -> 632.205 | R26: ='18'!I40 -> 0 | S26: =S25+R26 -> 613.097 | T26: =+AX26 -> 0 | U26: =T26+U25 -> 77170.957 | V26: =T26/P26 -> #DIV/0! | W26: =U26/Q26 -> 122.06635 | X26: =IF(AND(R26>0,T26>0),(T26/(R26*1000))*1000,0) -> 0 | Y26: =IF(AND(S26>0,U26>0),U26/S26,0) -> 125.87071 | Z26: 2.1 | AA26: =Z26+AA25 -> 854.8 | AB26: =Z26/(P26) -> #DIV/0! | AC26: =AA26/(Q26) -> 1.3520931 | AD26: =IF(AND(R26>0,Z26>0),Z26/(R26),0) -> 0 | AE26: =IF(AND(S26>0,AA26>0),AA26/(S26),0) -> 1.3942329 | AF26: ='18'!I46 -> 5911.28 | AG26: =AF26+AG25 -> 576216.02 | AH26: =IF(AND(L26>0,AF26>0),(AF26/(P26*1000)*1000),0) -> #DIV/0! | AI26: =IF(AND(M26>0,AG26>0),(AG26/(Q26*1000)*1000),0) -> 911.43857 | AJ26: =IF(AND(R26>0,AF26>0),(AF26/(R26*1000)*1000),0) -> 0 | AK26: =IF(AND(S26>0,AG26>0),(AG26/(S26*1000)*1000),0) -> 939.84479 | AL26: 0 | AM26: 5129.9 | AN26: 3830.8 | AO26: =SUM(AL26:AN26) -> 8960.7 | AP26: =+[1]Mar!N21 -> 9202 | AQ26: =+AP26-AO26 -> 241.3 | AR26: =+AL26/AO26 -> 0 | AS26: =+AM26/AO26 -> 0.57248876 | AT26: =1-AR26-AS26 -> 0.42751124 | AU26: =+AR26*AQ26 -> 0 | AV26: =+AS26*AQ26 -> 138.14154 | AW26: =+AT26*AQ26 -> 103.15846 | AX26: =IFERROR(+AL26+AU26,"-") -> 0 | AY26: =IFERROR(+AM26+AV26,"-") -> 5268.0415 | AZ26: =IFERROR(+AN26+AW26,"-") -> 3933.9585 | BA26: =+Efficiency2!K92 -> 0 | BB26: =BB25+BA26 -> 724.56344 | BC26: =+R26/BA26 -> #DIV/0! | BD26: =+S26/BB26 -> 0.84616055
A27: =A26+1 -> 46100 | B27: Toilet | C27: 12,5 | D27: =+'19'!F42 -> 0 | E27: =+'19'!G42 -> 0 | F27: =1-(E27/D27) -> #DIV/0! | G27: =+P27/N27 -> 0 | H27: =+P27/L27 -> 0 | I27: =+R27/P27 -> #DIV/0! | J27: =+R27/L27 -> 0 | K27: =+S27/M27 -> 0.70070096 | L27: =+Efficiency1!K97 -> 44.209152 | M27: =M26+L27 -> 874.97668 | N27: =+Efficiency1!C97 -> 44.209152 | O27: =O26+N27 -> 859.78135 | P27: ='19'!I38 -> 0 | Q27: =Q26+P27 -> 632.205 | R27: ='19'!I40 -> 0 | S27: =S26+R27 -> 613.097 | T27: =+AX27 -> 0 | U27: =T27+U26 -> 77170.957 | V27: =T27/P27 -> #DIV/0! | W27: =U27/Q27 -> 122.06635 | X27: =IF(AND(R27>0,T27>0),(T27/(R27*1000))*1000,0) -> 0 | Y27: =IF(AND(S27>0,U27>0),U27/S27,0) -> 125.87071 | Z27: 3.2 | AA27: =Z27+AA26 -> 858 | AB27: =Z27/(P27) -> #DIV/0! | AC27: =AA27/(Q27) -> 1.3571547 | AD27: =IF(AND(R27>0,Z27>0),Z27/(R27),0) -> 0 | AE27: =IF(AND(S27>0,AA27>0),AA27/(S27),0) -> 1.3994523 | AF27: ='19'!I46 -> 3665.16 | AG27: =AF27+AG26 -> 579881.18 | AH27: =IF(AND(L27>0,AF27>0),(AF27/(P27*1000)*1000),0) -> #DIV/0! | AI27: =IF(AND(M27>0,AG27>0),(AG27/(Q27*1000)*1000),0) -> 917.23599 | AJ27: =IF(AND(R27>0,AF27>0),(AF27/(R27*1000)*1000),0) -> 0 | AK27: =IF(AND(S27>0,AG27>0),(AG27/(S27*1000)*1000),0) -> 945.8229 | AL27: 0 | AM27: 5487.3 | AN27: 3886.9 | AO27: =SUM(AL27:AN27) -> 9374.2 | AP27: =+[1]Mar!N22 -> 9050 | AQ27: =+AP27-AO27 -> -324.2 | AR27: =+AL27/AO27 -> 0 | AS27: =+AM27/AO27 -> 0.58536195 | AT27: =1-AR27-AS27 -> 0.41463805 | AU27: =+AR27*AQ27 -> 0 | AV27: =+AS27*AQ27 -> -189.77434 | AW27: =+AT27*AQ27 -> -134.42566 | AX27: =IFERROR(+AL27+AU27,"-") -> 0 | AY27: =IFERROR(+AM27+AV27,"-") -> 5297.5257 | AZ27: =IFERROR(+AN27+AW27,"-") -> 3752.4743 | BA27: =+Efficiency2!K97 -> 0 | BB27: =BB26+BA27 -> 724.56344 | BC27: =+R27/BA27 -> #DIV/0! | BD27: =+S27/BB27 -> 0.84616055
A28: =A27+1 -> 46101 | B28: Toilet | C28: 12,5 | D28: =+'20'!F42 -> 0 | E28: =+'20'!G42 -> 0 | F28: =1-(E28/D28) -> #DIV/0! | G28: =+P28/N28 -> 0 | H28: =+P28/L28 -> 0 | I28: =+R28/P28 -> #DIV/0! | J28: =+R28/L28 -> 0 | K28: =+S28/M28 -> 0.66700006 | L28: =+Efficiency1!K102 -> 44.209152 | M28: =M27+L28 -> 919.18583 | N28: =+Efficiency1!C102 -> 44.209152 | O28: =O27+N28 -> 903.9905 | P28: ='20'!I38 -> 0 | Q28: =Q27+P28 -> 632.205 | R28: ='20'!I40 -> 0 | S28: =S27+R28 -> 613.097 | T28: =+AX28 -> 0 | U28: =T28+U27 -> 77170.957 | V28: =T28/P28 -> #DIV/0! | W28: =U28/Q28 -> 122.06635 | X28: =IF(AND(R28>0,T28>0),(T28/(R28*1000))*1000,0) -> 0 | Y28: =IF(AND(S28>0,U28>0),U28/S28,0) -> 125.87071 | Z28: 4 | AA28: =Z28+AA27 -> 862 | AB28: =Z28/(P28) -> #DIV/0! | AC28: =AA28/(Q28) -> 1.3634818 | AD28: =IF(AND(R28>0,Z28>0),Z28/(R28),0) -> 0 | AE28: =IF(AND(S28>0,AA28>0),AA28/(S28),0) -> 1.4059765 | AF28: ='20'!I46 -> 6014.98 | AG28: =AF28+AG27 -> 585896.16 | AH28: =IF(AND(L28>0,AF28>0),(AF28/(P28*1000)*1000),0) -> #DIV/0! | AI28: =IF(AND(M28>0,AG28>0),(AG28/(Q28*1000)*1000),0) -> 926.75028 | AJ28: =IF(AND(R28>0,AF28>0),(AF28/(R28*1000)*1000),0) -> 0 | AK28: =IF(AND(S28>0,AG28>0),(AG28/(S28*1000)*1000),0) -> 955.63371 | AL28: 0 | AM28: 5476.9 | AN28: 3877.3 | AO28: =SUM(AL28:AN28) -> 9354.2 | AP28: =+[1]Mar!N23 -> 9530 | AQ28: =+AP28-AO28 -> 175.8 | AR28: =+AL28/AO28 -> 0 | AS28: =+AM28/AO28 -> 0.5855017 | AT28: =1-AR28-AS28 -> 0.4144983 | AU28: =+AR28*AQ28 -> 0 | AV28: =+AS28*AQ28 -> 102.9312 | AW28: =+AT28*AQ28 -> 72.868801 | AX28: =IFERROR(+AL28+AU28,"-") -> 0 | AY28: =IFERROR(+AM28+AV28,"-") -> 5579.8312 | AZ28: =IFERROR(+AN28+AW28,"-") -> 3950.1688 | BA28: =+Efficiency2!K102 -> 0 | BB28: =BB27+BA28 -> 724.56344 | BC28: =+R28/BA28 -> #DIV/0! | BD28: =+S28/BB28 -> 0.84616055
A29: =A28+1 -> 46102 | B29: Toilet | C29: 12,5 | D29: =+'21'!F42 -> 0 | E29: =+'21'!G42 -> 0 | F29: =1-(E29/D29) -> #DIV/0! | G29: =+P29/N29 -> 0 | H29: =+P29/L29 -> 0 | I29: =+R29/P29 -> #DIV/0! | J29: =+R29/L29 -> 0 | K29: =+S29/M29 -> 0.63639215 | L29: =+Efficiency1!K107 -> 44.209152 | M29: =M28+L29 -> 963.39498 | N29: =+Efficiency1!C107 -> 44.209152 | O29: =O28+N29 -> 948.19966 | P29: ='21'!I38 -> 0 | Q29: =Q28+P29 -> 632.205 | R29: ='21'!I40 -> 0 | S29: =S28+R29 -> 613.097 | T29: =+AX29 -> 0 | U29: =T29+U28 -> 77170.957 | V29: =T29/P29 -> #DIV/0! | W29: =U29/Q29 -> 122.06635 | X29: =IF(AND(R29>0,T29>0),(T29/(R29*1000))*1000,0) -> 0 | Y29: =IF(AND(S29>0,U29>0),U29/S29,0) -> 125.87071 | Z29: 5 | AA29: =Z29+AA28 -> 867 | AB29: =Z29/(P29) -> #DIV/0! | AC29: =AA29/(Q29) -> 1.3713906 | AD29: =IF(AND(R29>0,Z29>0),Z29/(R29),0) -> 0 | AE29: =IF(AND(S29>0,AA29>0),AA29/(S29),0) -> 1.4141319 | AF29: ='21'!I46 -> 5326.54 | AG29: =AF29+AG28 -> 591222.7 | AH29: =IF(AND(L29>0,AF29>0),(AF29/(P29*1000)*1000),0) -> #DIV/0! | AI29: =IF(AND(M29>0,AG29>0),(AG29/(Q29*1000)*1000),0) -> 935.17562 | AJ29: =IF(AND(R29>0,AF29>0),(AF29/(R29*1000)*1000),0) -> 0 | AK29: =IF(AND(S29>0,AG29>0),(AG29/(S29*1000)*1000),0) -> 964.32163 | AL29: 0 | AM29: 5527.2 | AN29: 3886.5 | AO29: =SUM(AL29:AN29) -> 9413.7 | AP29: =+[1]Mar!N24 -> 9711 | AQ29: =+AP29-AO29 -> 297.3 | AR29: =+AL29/AO29 -> 0 | AS29: =+AM29/AO29 -> 0.58714427 | AT29: =1-AR29-AS29 -> 0.41285573 | AU29: =+AR29*AQ29 -> 0 | AV29: =+AS29*AQ29 -> 174.55799 | AW29: =+AT29*AQ29 -> 122.74201 | AX29: =IFERROR(+AL29+AU29,"-") -> 0 | AY29: =IFERROR(+AM29+AV29,"-") -> 5701.758 | AZ29: =IFERROR(+AN29+AW29,"-") -> 4009.242 | BA29: =+Efficiency2!K107 -> 0 | BB29: =BB28+BA29 -> 724.56344 | BC29: =+R29/BA29 -> #DIV/0! | BD29: =+S29/BB29 -> 0.84616055
A30: =A29+1 -> 46103 | B30: Toilet | C30: 12,5 | D30: =+'22'!F42 -> 0 | E30: =+'22'!G42 -> 0 | F30: =1-(E30/D30) -> #DIV/0! | G30: =+P30/N30 -> 0 | H30: =+P30/L30 -> 0 | I30: =+R30/P30 -> #DIV/0! | J30: =+R30/L30 -> 0 | K30: =+S30/M30 -> 0.60847011 | L30: =+Efficiency1!K112 -> 44.209152 | M30: =M29+L30 -> 1007.6041 | N30: =+Efficiency1!C112 -> 44.209152 | O30: =O29+N30 -> 992.40881 | P30: ='22'!I38 -> 0 | Q30: =Q29+P30 -> 632.205 | R30: ='22'!I40 -> 0 | S30: =S29+R30 -> 613.097 | T30: =+AX30 -> 0 | U30: =T30+U29 -> 77170.957 | V30: =T30/P30 -> #DIV/0! | W30: =U30/Q30 -> 122.06635 | X30: =IF(AND(R30>0,T30>0),(T30/(R30*1000))*1000,0) -> 0 | Y30: =IF(AND(S30>0,U30>0),U30/S30,0) -> 125.87071 | Z30: 4.5 | AA30: =Z30+AA29 -> 871.5 | AB30: =Z30/(P30) -> #DIV/0! | AC30: =AA30/(Q30) -> 1.3785086 | AD30: =IF(AND(R30>0,Z30>0),Z30/(R30),0) -> 0 | AE30: =IF(AND(S30>0,AA30>0),AA30/(S30),0) -> 1.4214716 | AF30: ='22'!I46 -> 4580.3 | AG30: =AF30+AG29 -> 595803 | AH30: =IF(AND(L30>0,AF30>0),(AF30/(P30*1000)*1000),0) -> #DIV/0! | AI30: =IF(AND(M30>0,AG30>0),(AG30/(Q30*1000)*1000),0) -> 942.42058 | AJ30: =IF(AND(R30>0,AF30>0),(AF30/(R30*1000)*1000),0) -> 0 | AK30: =IF(AND(S30>0,AG30>0),(AG30/(S30*1000)*1000),0) -> 971.79239 | AL30: 0 | AM30: 5500.8 | AN30: 3883.9 | AO30: =SUM(AL30:AN30) -> 9384.7 | AP30: =+[1]Mar!N25 -> 9715 | AQ30: =+AP30-AO30 -> 330.3 | AR30: =+AL30/AO30 -> 0 | AS30: =+AM30/AO30 -> 0.58614553 | AT30: =1-AR30-AS30 -> 0.41385447 | AU30: =+AR30*AQ30 -> 0 | AV30: =+AS30*AQ30 -> 193.60387 | AW30: =+AT30*AQ30 -> 136.69613 | AX30: =IFERROR(+AL30+AU30,"-") -> 0 | AY30: =IFERROR(+AM30+AV30,"-") -> 5694.4039 | AZ30: =IFERROR(+AN30+AW30,"-") -> 4020.5961 | BA30: =+Efficiency2!K112 -> 0 | BB30: =BB29+BA30 -> 724.56344 | BC30: =+R30/BA30 -> #DIV/0! | BD30: =+S30/BB30 -> 0.84616055
A31: =A30+1 -> 46104 | B31: Toilet | C31: 12,5 | D31: =+'23'!F42 -> 0 | E31: =+'23'!G42 -> 0 | F31: =1-(E31/D31) -> #DIV/0! | G31: =+P31/N31 -> 0 | H31: =+P31/L31 -> 0 | I31: =+R31/P31 -> #DIV/0! | J31: =+R31/L31 -> 0 | K31: =+S31/M31 -> 0.58289528 | L31: =+Efficiency1!K117 -> 44.209152 | M31: =M30+L31 -> 1051.8133 | N31: =+Efficiency1!C117 -> 44.209152 | O31: =O30+N31 -> 1036.618 | P31: ='23'!I38 -> 0 | Q31: =Q30+P31 -> 632.205 | R31: ='23'!I40 -> 0 | S31: =S30+R31 -> 613.097 | T31: =+AX31 -> 8.3748172 | U31: =T31+U30 -> 77179.332 | V31: =T31/P31 -> #DIV/0! | W31: =U31/Q31 -> 122.0796 | X31: =IF(AND(R31>0,T31>0),(T31/(R31*1000))*1000,0) -> 0 | Y31: =IF(AND(S31>0,U31>0),U31/S31,0) -> 125.88437 | Z31: 12.3 | AA31: =Z31+AA30 -> 883.8 | AB31: =Z31/(P31) -> #DIV/0! | AC31: =AA31/(Q31) -> 1.3979643 | AD31: =IF(AND(R31>0,Z31>0),Z31/(R31),0) -> 0 | AE31: =IF(AND(S31>0,AA31>0),AA31/(S31),0) -> 1.4415337 | AF31: ='23'!I46 -> 5654.02 | AG31: =AF31+AG30 -> 601457.02 | AH31: =IF(AND(L31>0,AF31>0),(AF31/(P31*1000)*1000),0) -> #DIV/0! | AI31: =IF(AND(M31>0,AG31>0),(AG31/(Q31*1000)*1000),0) -> 951.36391 | AJ31: =IF(AND(R31>0,AF31>0),(AF31/(R31*1000)*1000),0) -> 0 | AK31: =IF(AND(S31>0,AG31>0),(AG31/(S31*1000)*1000),0) -> 981.01446 | AL31: 8.2 | AM31: 5258.4 | AN31: 3828.5 | AO31: =SUM(AL31:AN31) -> 9095.1 | AP31: =+[1]Mar!N26 -> 9289 | AQ31: =+AP31-AO31 -> 193.9 | AR31: =+AL31/AO31 -> 0.00090158437 | AS31: =+AM31/AO31 -> 0.57815747 | AT31: =1-AR31-AS31 -> 0.42094095 | AU31: =+AR31*AQ31 -> 0.17481721 | AV31: =+AS31*AQ31 -> 112.10473 | AW31: =+AT31*AQ31 -> 81.620449 | AX31: =IFERROR(+AL31+AU31,"-") -> 8.3748172 | AY31: =IFERROR(+AM31+AV31,"-") -> 5370.5047 | AZ31: =IFERROR(+AN31+AW31,"-") -> 3910.1204 | BA31: =+Efficiency2!K117 -> 0 | BB31: =BB30+BA31 -> 724.56344 | BC31: =+R31/BA31 -> #DIV/0! | BD31: =+S31/BB31 -> 0.84616055
A32: =A31+1 -> 46105 | B32: Toilet | C32: 14/12,5 | D32: =+'24'!F42 -> 1130.7064 | E32: =+'24'!G42 -> 868.59205 | F32: =1-(E32/D32) -> 0.23181469 | G32: =+P32/N32 -> 0.84219107 | H32: =+P32/L32 -> 0.71891646 | I32: =+R32/P32 -> 0.72941006 | J32: =+R32/L32 -> 0.5243849 | K32: =+S32/M32 -> 0.58034259 | L32: =+SUM(Efficiency1!K122:K123) -> 47.981931 | M32: =M31+L32 -> 1099.7952 | N32: =+SUM(Efficiency1!C122:C123) -> 40.958639 | O32: =O31+N32 -> 1077.5766 | P32: ='24'!I38 -> 34.495 | Q32: =Q31+P32 -> 666.7 | R32: ='24'!I40 -> 25.161 | S32: =S31+R32 -> 638.258 | T32: =+AX32 -> 5296.8762 | U32: =T32+U31 -> 82476.208 | V32: =T32/P32 -> 153.5549 | W32: =U32/Q32 -> 123.70813 | X32: =IF(AND(R32>0,T32>0),(T32/(R32*1000))*1000,0) -> 210.5193 | Y32: =IF(AND(S32>0,U32>0),U32/S32,0) -> 129.2208 | Z32: 58.3 | AA32: =Z32+AA31 -> 942.1 | AB32: =Z32/(P32) -> 1.6901 | AC32: =AA32/(Q32) -> 1.4130793 | AD32: =IF(AND(R32>0,Z32>0),Z32/(R32),0) -> 2.317078 | AE32: =IF(AND(S32>0,AA32>0),AA32/(S32),0) -> 1.4760489 | AF32: =+'24'!I46 -> 34527.66 | AG32: =AF32+AG31 -> 635984.68 | AH32: =IF(AND(L32>0,AF32>0),(AF32/(P32*1000)*1000),0) -> 1000.9468 | AI32: =IF(AND(M32>0,AG32>0),(AG32/(Q32*1000)*1000),0) -> 953.92932 | AJ32: =IF(AND(R32>0,AF32>0),(AF32/(R32*1000)*1000),0) -> 1372.269 | AK32: =IF(AND(S32>0,AG32>0),(AG32/(S32*1000)*1000),0) -> 996.43824 | AL32: 5600.2 | AM32: 5330.5 | AN32: 3826.6 | AO32: =SUM(AL32:AN32) -> 14757.3 | AP32: =+[1]Mar!N27 -> 13958 | AQ32: =+AP32-AO32 -> -799.3 | AR32: =+AL32/AO32 -> 0.37948676 | AS32: =+AM32/AO32 -> 0.36121106 | AT32: =1-AR32-AS32 -> 0.25930218 | AU32: =+AR32*AQ32 -> -303.32377 | AV32: =+AS32*AQ32 -> -288.716 | AW32: =+AT32*AQ32 -> -207.26023 | AX32: =IFERROR(+AL32+AU32,"-") -> 5296.8762 | AY32: =IFERROR(+AM32+AV32,"-") -> 5041.784 | AZ32: =IFERROR(+AN32+AW32,"-") -> 3619.3398 | BA32: =+SUM(Efficiency2!K122:K123) -> 41.506908 | BB32: =BB31+BA32 -> 766.07035 | BC32: =+R32/BA32 -> 0.60618826 | BD32: =+S32/BB32 -> 0.83315847
A33: =A32+1 -> 46106 | B33: Toilet | C33: 12,5 | D33: =+'25'!F42 -> 1146.0417 | E33: =+'25'!G42 -> 878.55208 | F33: =1-(E33/D33) -> 0.23340302 | G33: =+P33/N33 -> 0.93381835 | H33: =+P33/L33 -> 0.87007702 | I33: =+R33/P33 -> 1.0086218 | J33: =+R33/L33 -> 0.87757867 | K33: =+S33/M33 -> 0.5916744 | L33: =+Efficiency1!K130 -> 43.590394 | M33: =M32+L33 -> 1143.3856 | N33: =+Efficiency1!C130 -> 40.614966 | O33: =O32+N33 -> 1118.1916 | P33: ='25'!I38 -> 37.927 | Q33: =Q32+P33 -> 704.627 | R33: ='25'!I40 -> 38.254 | S33: =S32+R33 -> 676.512 | T33: =+AX33 -> 5296.476 | U33: =T33+U32 -> 87772.684 | V33: =T33/P33 -> 139.64922 | W33: =U33/Q33 -> 124.56617 | X33: =IF(AND(R33>0,T33>0),(T33/(R33*1000))*1000,0) -> 138.45548 | Y33: =IF(AND(S33>0,U33>0),U33/S33,0) -> 129.74298 | Z33: 58.7 | AA33: =Z33+AA32 -> 1000.8 | AB33: =Z33/(P33) -> 1.5477101 | AC33: =AA33/(Q33) -> 1.4203259 | AD33: =IF(AND(R33>0,Z33>0),Z33/(R33),0) -> 1.5344801 | AE33: =IF(AND(S33>0,AA33>0),AA33/(S33),0) -> 1.4793529 | AF33: =+'25'!I46 -> 34704.02 | AG33: =AF33+AG32 -> 670688.7 | AH33: =IF(AND(L33>0,AF33>0),(AF33/(P33*1000)*1000),0) -> 915.02149 | AI33: =IF(AND(M33>0,AG33>0),(AG33/(Q33*1000)*1000),0) -> 951.83508 | AJ33: =IF(AND(R33>0,AF33>0),(AF33/(R33*1000)*1000),0) -> 907.19977 | AK33: =IF(AND(S33>0,AG33>0),(AG33/(S33*1000)*1000),0) -> 991.39217 | AL33: 5593.5 | AM33: 5453.3 | AN33: 3822.8 | AO33: =SUM(AL33:AN33) -> 14869.6 | AP33: =+[1]Mar!N28 -> 14080 | AQ33: =+AP33-AO33 -> -789.6 | AR33: =+AL33/AO33 -> 0.37617017 | AS33: =+AM33/AO33 -> 0.36674154 | AT33: =1-AR33-AS33 -> 0.25708829 | AU33: =+AR33*AQ33 -> -297.02397 | AV33: =+AS33*AQ33 -> -289.57912 | AW33: =+AT33*AQ33 -> -202.99691 | AX33: =IFERROR(+AL33+AU33,"-") -> 5296.476 | AY33: =IFERROR(+AM33+AV33,"-") -> 5163.7209 | AZ33: =IFERROR(+AN33+AW33,"-") -> 3619.8031 | BA33: =+Efficiency2!K130 -> 43.590394 | BB33: =BB32+BA33 -> 809.66074 | BC33: =+R33/BA33 -> 0.87757867 | BD33: =+S33/BB33 -> 0.83554996
A34: =A33+1 -> 46107 | B34: Toilet | C34: 12,5/13 | D34: =+'26'!F42 -> 1152.5417 | E34: =+'26'!G42 -> 897.16167 | F34: =1-(E34/D34) -> 0.22157984 | G34: =+P34/N34 -> 0.89766352 | H34: =+P34/L34 -> 0.84114342 | I34: =+R34/P34 -> 1.0529702 | J34: =+R34/L34 -> 0.88569892 | K34: =+S34/M34 -> 0.60300564 | L34: =+SUM(Efficiency1!K135:K136) -> 45.830472 | M34: =M33+L34 -> 1189.2161 | N34: =+SUM(Efficiency1!C135:C136) -> 42.944822 | O34: =O33+N34 -> 1161.1364 | P34: ='26'!I38 -> 38.55 | Q34: =Q33+P34 -> 743.177 | R34: ='26'!I40 -> 40.592 | S34: =S33+R34 -> 717.104 | T34: =+AX34 -> 5482.2038 | U34: =T34+U33 -> 93254.888 | V34: =T34/P34 -> 142.21022 | W34: =U34/Q34 -> 125.4814 | X34: =IF(AND(R34>0,T34>0),(T34/(R34*1000))*1000,0) -> 135.05626 | Y34: =IF(AND(S34>0,U34>0),U34/S34,0) -> 130.04374 | Z34: 60.5 | AA34: =Z34+AA33 -> 1061.3 | AB34: =Z34/(P34) -> 1.5693904 | AC34: =AA34/(Q34) -> 1.4280582 | AD34: =IF(AND(R34>0,Z34>0),Z34/(R34),0) -> 1.4904415 | AE34: =IF(AND(S34>0,AA34>0),AA34/(S34),0) -> 1.4799806 | AF34: ='26'!I46 -> 37028.6 | AG34: =AF34+AG33 -> 707717.3 | AH34: =IF(AND(L34>0,AF34>0),(AF34/(P34*1000)*1000),0) -> 960.53437 | AI34: =IF(AND(M34>0,AG34>0),(AG34/(Q34*1000)*1000),0) -> 952.28633 | AJ34: =IF(AND(R34>0,AF34>0),(AF34/(R34*1000)*1000),0) -> 912.21423 | AK34: =IF(AND(S34>0,AG34>0),(AG34/(S34*1000)*1000),0) -> 986.91027 | AL34: 5775.8 | AM34: 5473.8 | AN34: 3778.3 | AO34: =SUM(AL34:AN34) -> 15027.9 | AP34: =+[1]Mar!N29 -> 14264 | AQ34: =+AP34-AO34 -> -763.9 | AR34: =+AL34/AO34 -> 0.38433846 | AS34: =+AM34/AO34 -> 0.36424251 | AT34: =1-AR34-AS34 -> 0.25141903 | AU34: =+AR34*AQ34 -> -293.59615 | AV34: =+AS34*AQ34 -> -278.24485 | AW34: =+AT34*AQ34 -> -192.05899 | AX34: =IFERROR(+AL34+AU34,"-") -> 5482.2038 | AY34: =IFERROR(+AM34+AV34,"-") -> 5195.5551 | AZ34: =IFERROR(+AN34+AW34,"-") -> 3586.241 | BA34: =+SUM(Efficiency2!K135:K136) -> 45.830472 | BB34: =BB33+BA34 -> 855.49122 | BC34: =+R34/BA34 -> 0.88569892 | BD34: =+S34/BB34 -> 0.83823654
A35: =A34+1 -> 46108 | B35: Toilet | C35: 13 | D35: =+'27'!F42 -> 1140 | E35: =+'27'!G42 -> 889.2 | F35: =1-(E35/D35) -> 0.22 | G35: =+P35/N35 -> 0.95027075 | H35: =+P35/L35 -> 0.88073875 | I35: =+R35/P35 -> 1.0048418 | J35: =+R35/L35 -> 0.88500309 | K35: =+S35/M35 -> 0.61349912 | L35: =+Efficiency1!K139 -> 45.962551 | M35: =M34+L35 -> 1235.1786 | N35: =+Efficiency1!C139 -> 42.599438 | O35: =O34+N35 -> 1203.7358 | P35: ='27'!I38 -> 40.481 | Q35: =Q34+P35 -> 783.658 | R35: ='27'!I40 -> 40.677 | S35: =S34+R35 -> 757.781 | T35: =+AX35 -> 5535.0344 | U35: =T35+U34 -> 98789.922 | V35: =T35/P35 -> 136.73166 | W35: =U35/Q35 -> 126.06255 | X35: =IF(AND(R35>0,T35>0),(T35/(R35*1000))*1000,0) -> 136.07283 | Y35: =IF(AND(S35>0,U35>0),U35/S35,0) -> 130.36738 | Z35: 58.8 | AA35: =Z35+AA34 -> 1120.1 | AB35: =Z35/(P35) -> 1.4525333 | AC35: =AA35/(Q35) -> 1.4293225 | AD35: =IF(AND(R35>0,Z35>0),Z35/(R35),0) -> 1.4455343 | AE35: =IF(AND(S35>0,AA35>0),AA35/(S35),0) -> 1.4781315 | AF35: ='27'!I46 -> 35518.96 | AG35: =AF35+AG34 -> 743236.26 | AH35: =IF(AND(L35>0,AF35>0),(AF35/(P35*1000)*1000),0) -> 877.42299 | AI35: =IF(AND(M35>0,AG35>0),(AG35/(Q35*1000)*1000),0) -> 948.41916 | AJ35: =IF(AND(R35>0,AF35>0),(AF35/(R35*1000)*1000),0) -> 873.19517 | AK35: =IF(AND(S35>0,AG35>0),(AG35/(S35*1000)*1000),0) -> 980.80614 | AL35: 5834.3 | AM35: 5120.7 | AN35: 3842 | AO35: =SUM(AL35:AN35) -> 14797 | AP35: =+[1]Mar!N30 -> 14038 | AQ35: =+AP35-AO35 -> -759 | AR35: =+AL35/AO35 -> 0.39428938 | AS35: =+AM35/AO35 -> 0.34606339 | AT35: =1-AR35-AS35 -> 0.25964723 | AU35: =+AR35*AQ35 -> -299.26564 | AV35: =+AS35*AQ35 -> -262.66211 | AW35: =+AT35*AQ35 -> -197.07224 | AX35: =IFERROR(+AL35+AU35,"-") -> 5535.0344 | AY35: =IFERROR(+AM35+AV35,"-") -> 4858.0379 | AZ35: =IFERROR(+AN35+AW35,"-") -> 3644.9278 | BA35: =+Efficiency2!K139 -> 45.962551 | BB35: =BB34+BA35 -> 901.45377 | BC35: =+R35/BA35 -> 0.88500309 | BD35: =+S35/BB35 -> 0.84062104
A36: =A35+1 -> 46109 | B36: Toilet | C36: 13 | D36: =+'28'!F42 -> 1146.6667 | E36: =+'28'!G42 -> 894.4 | F36: =1-(E36/D36) -> 0.22 | G36: =+P36/N36 -> 0.96276213 | H36: =+P36/L36 -> 0.89753434 | I36: =+R36/P36 -> 0.95382978 | J36: =+R36/L36 -> 0.85609499 | K36: =+S36/M36 -> 0.62222167 | L36: =+Efficiency1!K143 -> 46.067318 | M36: =M35+L36 -> 1281.246 | N36: =+Efficiency1!C143 -> 42.946226 | O36: =O35+N36 -> 1246.682 | P36: ='28'!I38 -> 41.347 | Q36: =Q35+P36 -> 825.005 | R36: ='28'!I40 -> 39.438 | S36: =S35+R36 -> 797.219 | T36: =+AX36 -> 5487.2415 | U36: =T36+U35 -> 104277.16 | V36: =T36/P36 -> 132.71196 | W36: =U36/Q36 -> 126.3958 | X36: =IF(AND(R36>0,T36>0),(T36/(R36*1000))*1000,0) -> 139.1359 | Y36: =IF(AND(S36>0,U36>0),U36/S36,0) -> 130.80115 | Z36: 59.6 | AA36: =Z36+AA35 -> 1179.7 | AB36: =Z36/(P36) -> 1.4414589 | AC36: =AA36/(Q36) -> 1.4299307 | AD36: =IF(AND(R36>0,Z36>0),Z36/(R36),0) -> 1.5112328 | AE36: =IF(AND(S36>0,AA36>0),AA36/(S36),0) -> 1.479769 | AF36: ='28'!I46 -> 35419.08 | AG36: =AF36+AG35 -> 778655.34 | AH36: =IF(AND(L36>0,AF36>0),(AF36/(P36*1000)*1000),0) -> 856.62999 | AI36: =IF(AND(M36>0,AG36>0),(AG36/(Q36*1000)*1000),0) -> 943.81893 | AJ36: =IF(AND(R36>0,AF36>0),(AF36/(R36*1000)*1000),0) -> 898.09524 | AK36: =IF(AND(S36>0,AG36>0),(AG36/(S36*1000)*1000),0) -> 976.71448 | AL36: 5782.2 | AM36: 5216.1 | AN36: 3965 | AO36: =SUM(AL36:AN36) -> 14963.3 | AP36: =+[1]Mar!N31 -> 14200 | AQ36: =+AP36-AO36 -> -763.3 | AR36: =+AL36/AO36 -> 0.38642545 | AS36: =+AM36/AO36 -> 0.34859289 | AT36: =1-AR36-AS36 -> 0.26498166 | AU36: =+AR36*AQ36 -> -294.95855 | AV36: =+AS36*AQ36 -> -266.08095 | AW36: =+AT36*AQ36 -> -202.2605 | AX36: =IFERROR(+AL36+AU36,"-") -> 5487.2415 | AY36: =IFERROR(+AM36+AV36,"-") -> 4950.019 | AZ36: =IFERROR(+AN36+AW36,"-") -> 3762.7395 | BA36: =+Efficiency2!K143 -> 46.067318 | BB36: =BB35+BA36 -> 947.52108 | BC36: =+R36/BA36 -> 0.85609499 | BD36: =+S36/BB36 -> 0.84137336
A37: =A36+1 -> 46110 | B37: Toilet | C37: 13 | D37: =+'29'!F42 -> 1127.0833 | E37: =+'29'!G42 -> 879.125 | F37: =1-(E37/D37) -> 0.22 | G37: =+P37/N37 -> 0.94362442 | H37: =+P37/L37 -> 0.8646694 | I37: =+R37/P37 -> 0.95468581 | J37: =+R37/L37 -> 0.82548761 | K37: =+S37/M37 -> 0.62927646 | L37: =+Efficiency1!K147 -> 46.067318 | M37: =M36+L37 -> 1327.3133 | N37: =+Efficiency1!C147 -> 42.212769 | O37: =O36+N37 -> 1288.8948 | P37: ='29'!I38 -> 39.833 | Q37: =Q36+P37 -> 864.838 | R37: ='29'!I40 -> 38.028 | S37: =S36+R37 -> 835.247 | T37: =+AX37 -> 5408.0459 | U37: =T37+U36 -> 109685.21 | V37: =T37/P37 -> 135.76798 | W37: =U37/Q37 -> 126.82746 | X37: =IF(AND(R37>0,T37>0),(T37/(R37*1000))*1000,0) -> 142.21221 | Y37: =IF(AND(S37>0,U37>0),U37/S37,0) -> 131.32069 | Z37: 56.4 | AA37: =Z37+AA36 -> 1236.1 | AB37: =Z37/(P37) -> 1.4159114 | AC37: =AA37/(Q37) -> 1.429285 | AD37: =IF(AND(R37>0,Z37>0),Z37/(R37),0) -> 1.4831177 | AE37: =IF(AND(S37>0,AA37>0),AA37/(S37),0) -> 1.4799215 | AF37: ='29'!I46 -> 36792.52 | AG37: =AF37+AG36 -> 815447.86 | AH37: =IF(AND(L37>0,AF37>0),(AF37/(P37*1000)*1000),0) -> 923.66932 | AI37: =IF(AND(M37>0,AG37>0),(AG37/(Q37*1000)*1000),0) -> 942.89088 | AJ37: =IF(AND(R37>0,AF37>0),(AF37/(R37*1000)*1000),0) -> 967.51131 | AK37: =IF(AND(S37>0,AG37>0),(AG37/(S37*1000)*1000),0) -> 976.29547 | AL37: 5692.7 | AM37: 5286.6 | AN37: 3959.7 | AO37: =SUM(AL37:AN37) -> 14939 | AP37: =+[1]Mar!N32 -> 14192 | AQ37: =+AP37-AO37 -> -747 | AR37: =+AL37/AO37 -> 0.38106299 | AS37: =+AM37/AO37 -> 0.35387911 | AT37: =1-AR37-AS37 -> 0.2650579 | AU37: =+AR37*AQ37 -> -284.65405 | AV37: =+AS37*AQ37 -> -264.34769 | AW37: =+AT37*AQ37 -> -197.99825 | AX37: =IFERROR(+AL37+AU37,"-") -> 5408.0459 | AY37: =IFERROR(+AM37+AV37,"-") -> 5022.2523 | AZ37: =IFERROR(+AN37+AW37,"-") -> 3761.7017 | BA37: =+Efficiency2!K147 -> 46.067318 | BB37: =BB36+BA37 -> 993.5884 | BC37: =+R37/BA37 -> 0.82548761 | BD37: =+S37/BB37 -> 0.84063682
A38: =A37+1 -> 46111 | B38: Toilet/Facial | C38: 13/11,5 | D38: =+'30'!F42 -> 1189.5417 | E38: =+'30'!G42 -> 910.72118 | F38: =1-(E38/D38) -> 0.23439321 | G38: =+P38/N38 -> 0.92745756 | H38: =+P38/L38 -> 0.89056066 | I38: =+R38/P38 -> 0.92521588 | J38: =+R38/L38 -> 0.82396086 | K38: =+S38/M38 -> 0.63531989 | L38: =+SUM(Efficiency1!K151:K152) -> 42.522651 | M38: =M37+L38 -> 1369.8359 | N38: =+SUM(Efficiency1!C151:C152) -> 40.830979 | O38: =O37+N38 -> 1329.7258 | P38: ='30'!I38 -> 37.869 | Q38: =Q37+P38 -> 902.707 | R38: ='30'!I40 -> 35.037 | S38: =S37+R38 -> 870.284 | T38: =+AX38 -> 5181.0149 | U38: =T38+U37 -> 114866.22 | V38: =T38/P38 -> 136.81415 | W38: =U38/Q38 -> 127.24641 | X38: =IF(AND(R38>0,T38>0),(T38/(R38*1000))*1000,0) -> 147.87267 | Y38: =IF(AND(S38>0,U38>0),U38/S38,0) -> 131.98706 | Z38: 55.4 | AA38: =Z38+AA37 -> 1291.5 | AB38: =Z38/(P38) -> 1.462938 | AC38: =AA38/(Q38) -> 1.4306968 | AD38: =IF(AND(R38>0,Z38>0),Z38/(R38),0) -> 1.5811856 | AE38: =IF(AND(S38>0,AA38>0),AA38/(S38),0) -> 1.4839983 | AF38: ='30'!I46 -> 37779.08 | AG38: =AF38+AG37 -> 853226.94 | AH38: =IF(AND(L38>0,AF38>0),(AF38/(P38*1000)*1000),0) -> 997.6255 | AI38: =IF(AND(M38>0,AG38>0),(AG38/(Q38*1000)*1000),0) -> 945.18702 | AJ38: =IF(AND(R38>0,AF38>0),(AF38/(R38*1000)*1000),0) -> 1078.2624 | AK38: =IF(AND(S38>0,AG38>0),(AG38/(S38*1000)*1000),0) -> 980.40058 | AL38: 5380.1 | AM38: 4883.3 | AN38: 3854 | AO38: =SUM(AL38:AN38) -> 14117.4 | AP38: =+[1]Mar!N33 -> 13595 | AQ38: =+AP38-AO38 -> -522.4 | AR38: =+AL38/AO38 -> 0.38109709 | AS38: =+AM38/AO38 -> 0.34590647 | AT38: =1-AR38-AS38 -> 0.27299644 | AU38: =+AR38*AQ38 -> -199.08512 | AV38: =+AS38*AQ38 -> -180.70154 | AW38: =+AT38*AQ38 -> -142.61334 | AX38: =IFERROR(+AL38+AU38,"-") -> 5181.0149 | AY38: =IFERROR(+AM38+AV38,"-") -> 4702.5985 | AZ38: =IFERROR(+AN38+AW38,"-") -> 3711.3867 | BA38: =+SUM(Efficiency2!K151:K152) -> 42.522651 | BB38: =BB37+BA38 -> 1036.1111 | BC38: =+R38/BA38 -> 0.82396086 | BD38: =+S38/BB38 -> 0.83995243
A39: =A38+1 -> 46112 | B39: Facial | C39: 11,5 | D39: =+'31'!F42 -> 1208.2493 | E39: =+'31'!G42 -> 918.26944 | F39: =1-(E39/D39) -> 0.24 | G39: =+P39/N39 -> 0.89598359 | H39: =+P39/L39 -> 0.88013944 | I39: =+R39/P39 -> 0.99274323 | J39: =+R39/L39 -> 0.87375247 | K39: =+S39/M39 -> 0.64227806 | L39: =+Efficiency1!K155 -> 41.177566 | M39: =M38+L39 -> 1411.0135 | N39: =+Efficiency1!C155 -> 40.449401 | O39: =O38+N39 -> 1370.1752 | P39: ='31'!I38 -> 36.242 | Q39: =Q38+P39 -> 938.949 | R39: ='31'!I40 -> 35.979 | S39: =S38+R39 -> 906.263 | T39: =+AX39 -> 4831.2756 | U39: =T39+U38 -> 119697.5 | V39: =T39/P39 -> 133.30599 | W39: =U39/Q39 -> 127.4803 | X39: =IF(AND(R39>0,T39>0),(T39/(R39*1000))*1000,0) -> 134.28043 | Y39: =IF(AND(S39>0,U39>0),U39/S39,0) -> 132.07811 | Z39: 53.7 | AA39: =Z39+AA38 -> 1345.2 | AB39: =Z39/(P39) -> 1.4817063 | AC39: =AA39/(Q39) -> 1.4326657 | AD39: =IF(AND(R39>0,Z39>0),Z39/(R39),0) -> 1.4925373 | AE39: =IF(AND(S39>0,AA39>0),AA39/(S39),0) -> 1.4843373 | AF39: ='31'!I46 -> 36227.8 | AG39: =AF39+AG38 -> 889454.74 | AH39: =IF(AND(L39>0,AF39>0),(AF39/(P39*1000)*1000),0) -> 999.60819 | AI39: =IF(AND(M39>0,AG39>0),(AG39/(Q39*1000)*1000),0) -> 947.28759 | AJ39: =IF(AND(R39>0,AF39>0),(AF39/(R39*1000)*1000),0) -> 1006.9151 | AK39: =IF(AND(S39>0,AG39>0),(AG39/(S39*1000)*1000),0) -> 981.45322 | AL39: 4936.2 | AM39: 3974.2 | AN39: 3961.2 | AO39: =SUM(AL39:AN39) -> 12871.6 | AP39: =+[1]Mar!N34 -> 12598 | AQ39: =+AP39-AO39 -> -273.6 | AR39: =+AL39/AO39 -> 0.38349545 | AS39: =+AM39/AO39 -> 0.30875726 | AT39: =1-AR39-AS39 -> 0.30774729 | AU39: =+AR39*AQ39 -> -104.92435 | AV39: =+AS39*AQ39 -> -84.475987 | AW39: =+AT39*AQ39 -> -84.199658 | AX39: =IFERROR(+AL39+AU39,"-") -> 4831.2756 | AY39: =IFERROR(+AM39+AV39,"-") -> 3889.724 | AZ39: =IFERROR(+AN39+AW39,"-") -> 3877.0003 | BA39: =+Efficiency2!K155 -> 41.177566 | BB39: =BB38+BA39 -> 1077.2886 | BC39: =+R39/BA39 -> 0.87375247 | BD39: =+S39/BB39 -> 0.84124438
G41: =+P41/N41 -> 0.6852766 | H41: =+P41/L41 -> 0.66544297 | I41: =+R41/P41 -> 0.96518874 | J41: =+R41/L41 -> 0.64227806 | L41: =SUM(L9:L39) -> 1411.0135 | N41: =SUM(N9:N39) -> 1370.1752 | P41: =SUM(P9:P39) -> 938.949 | R41: =SUM(R9:R39) -> 906.263 | T41: =SUM(T9:T39) -> 119697.5 | V41: =T41/P41 -> 127.4803 | X41: =IF(AND(R41>0,T41>0),(T41/(R41*1000))*1000,0) -> 132.07811 | Z41: =SUM(Z9:Z40) -> 1345.2 | AB41: =Z41/P41 -> 1.4326657 | AD41: =Z41/R41 -> 1.4843373 | AF41: =SUM(AF9:AF39) -> 889454.74 | AH41: =AF41/P41 -> 947.28759 | AJ41: =AF41/R41 -> 981.45322 | AP41: =SUM(AP9:AP40) -> 376688 | AX41: =SUM(AX9:AX39) -> 119697.5 | AY41: =SUM(AY9:AY39) -> 142841.62 | AZ41: =SUM(AZ9:AZ39) -> 114148.88 | BA41: =SUM(BA9:BA39) -> 1077.2886 | BC41: =+R41/BA41 -> 0.84124438
AP42: =+AP41-[1]Mar!$N$38 -> 0
AY43: =SUM(AX41:AZ41) -> 376688

Sheet GRAFIK

Sheet Listrik
A2: MACHINE POWER CONSUMPTION (PER PANEL)
A4: Date | B4: PM (TON) | C4: FINSHED GOODS (TON) | P4: Total PM14
D5: Trafo (2500 A) | H5: Trafo (2500 B) | L5: Trafo (2500 A)
D6: KWH | E6: Consumption | F6: /TON PM | G6: /TON FG | H6: KWH | I6: Consumption | J6: /TON PM | K6: /TON FG | L6: KWH | M6: Consumption | N6: /TON PM | O6: /TON FG | P6: Consumption | Q6: /TON PM | R6: /TON FG
A7: 46081 | B7: 0 | C7: 0
A8: 46082 | B8: =+Report1!P9 -> 36.385 | C8: =+Report1!R9 -> 36.906 | D8: =+D7+E8 -> 4500 | E8: =+[3]Dailymar!AH7 -> 4500 | F8: =E8/B8 -> 123.67734 | G8: =E8/C8 -> 121.93139 | H8: =+H7+I8 -> 7435.45 | I8: =+[3]Dailymar!AI7 -> 7435.45 | J8: =I8/B8 -> 204.35482 | K8: =I8/C8 -> 201.46995 | L8: =+L7+M8 -> 24595.45 | M8: =+[3]Dailymar!AJ7 -> 24595.45 | N8: =M8/B8 -> 675.97774 | O8: =M8/C8 -> 666.435 | P8: =+E8+I8+M8 -> 36530.9 | Q8: =P8/B8 -> 1004.0099 | R8: =P8/C8 -> 989.83634 | V8: Off Reel | W8: Off Rewinder
A9: 46083 | B9: =+Report1!P10 -> 46.337 | C9: =+Report1!R10 -> 48.464 | D9: =+D8+E9 -> 8800 | E9: =+[3]Dailymar!AH8 -> 4300 | F9: =E9/B9 -> 92.798412 | G9: =E9/C9 -> 88.725652 | H9: =+H8+I9 -> 13941.3 | I9: =+[3]Dailymar!AI8 -> 6505.85 | J9: =I9/B9 -> 140.40292 | K9: =I9/C9 -> 134.24088 | L9: =+L8+M9 -> 48261.3 | M9: =+[3]Dailymar!AJ8 -> 23665.85 | N9: =M9/B9 -> 510.73332 | O9: =M9/C9 -> 488.31813 | P9: =+E9+I9+M9 -> 34471.7 | Q9: =P9/B9 -> 743.93465 | R9: =P9/C9 -> 711.28466 | V9: Off Reel | W9: Off Rewinder
A10: 46084 | B10: =+Report1!P11 -> 46.03 | C10: =+Report1!R11 -> 40.543 | D10: =+D9+E10 -> 13100 | E10: =+[3]Dailymar!AH9 -> 4300 | F10: =E10/B10 -> 93.417337 | G10: =E10/C10 -> 106.06023 | H10: =+H9+I10 -> 20189.79 | I10: =+[3]Dailymar!AI9 -> 6248.49 | J10: =I10/B10 -> 135.74821 | K10: =I10/C10 -> 154.12007 | L10: =+L9+M10 -> 71669.79 | M10: =+[3]Dailymar!AJ9 -> 23408.49 | N10: =M10/B10 -> 508.54856 | O10: =M10/C10 -> 577.37439 | P10: =+E10+I10+M10 -> 33956.98 | Q10: =P10/B10 -> 737.7141 | R10: =P10/C10 -> 837.5547 | V10: Off Reel | W10: Off Rewinder
A11: 46085 | B11: =+Report1!P12 -> 42.443 | C11: =+Report1!R12 -> 39.755 | D11: =+D10+E11 -> 17700 | E11: =+[3]Dailymar!AH10 -> 4600 | F11: =E11/B11 -> 108.38065 | G11: =E11/C11 -> 115.70872 | H11: =+H10+I11 -> 28111.47 | I11: =+[3]Dailymar!AI10 -> 7921.68 | J11: =I11/B11 -> 186.64279 | K11: =I11/C11 -> 199.26248 | L11: =+L10+M11 -> 95751.47 | M11: =+[3]Dailymar!AJ10 -> 24081.68 | N11: =M11/B11 -> 567.38873 | O11: =M11/C11 -> 605.75223 | P11: =+E11+I11+M11 -> 36603.36 | Q11: =P11/B11 -> 862.41218 | R11: =P11/C11 -> 920.72343 | V11: Off Reel | W11: Off Rewinder
A12: 46086 | B12: =+Report1!P13 -> 42.963 | C12: =+Report1!R13 -> 38.893 | D12: =+D11+E12 -> 22000 | E12: =+[3]Dailymar!AH11 -> 4300 | F12: =E12/B12 -> 100.08612 | G12: =E12/C12 -> 110.55974 | H12: =+H11+I12 -> 34680.18 | I12: =+[3]Dailymar!AI11 -> 6568.71 | J12: =I12/B12 -> 152.89226 | K12: =I12/C12 -> 168.89183 | L12: =+L11+M12 -> 119480.18 | M12: =+[3]Dailymar!AJ11 -> 23728.71 | N12: =M12/B12 -> 552.3057 | O12: =M12/C12 -> 610.10233 | P12: =+E12+I12+M12 -> 34597.42 | Q12: =P12/B12 -> 805.28408 | R12: =P12/C12 -> 889.5539 | V12: Off Reel | W12: Off Rewinder
A13: 46087 | B13: =+Report1!P14 -> 28.507 | C13: =+Report1!R14 -> 28.2 | D13: =+D12+E13 -> 25200 | E13: =+[3]Dailymar!AH12 -> 3200 | F13: =E13/B13 -> 112.25313 | G13: =E13/C13 -> 113.47518 | H13: =+H12+I13 -> 39324.69 | I13: =+[3]Dailymar!AI12 -> 4644.51 | J13: =I13/B13 -> 162.92525 | K13: =I13/C13 -> 164.69894 | L13: =+L12+M13 -> 136284.69 | M13: =+[3]Dailymar!AJ12 -> 16804.51 | N13: =M13/B13 -> 589.48714 | O13: =M13/C13 -> 595.90461 | P13: =+E13+I13+M13 -> 24649.02 | Q13: =P13/B13 -> 864.66552 | R13: =P13/C13 -> 874.07872 | V13: Off Reel | W13: Off Rewinder
A14: 46088 | B14: =+Report1!P15 -> 21.948 | C14: =+Report1!R15 -> 17.339 | D14: =+D13+E14 -> 28400 | E14: =+[3]Dailymar!AH13 -> 3200 | F14: =E14/B14 -> 145.79916 | G14: =E14/C14 -> 184.55505 | H14: =+H13+I14 -> 43904.2 | I14: =+[3]Dailymar!AI13 -> 4579.51 | J14: =I14/B14 -> 208.65272 | K14: =I14/C14 -> 264.11615 | L14: =+L13+M14 -> 153024.2 | M14: =+[3]Dailymar!AJ13 -> 16739.51 | N14: =M14/B14 -> 762.68954 | O14: =M14/C14 -> 965.42534 | P14: =+E14+I14+M14 -> 24519.02 | Q14: =P14/B14 -> 1117.1414 | R14: =P14/C14 -> 1414.0965 | V14: Off Reel | W14: Off Rewinder
A15: 46089 | B15: =+Report1!P16 -> 37.067 | C15: =+Report1!R16 -> 35.732 | D15: =+D14+E15 -> 33000 | E15: =+[3]Dailymar!AH14 -> 4600 | F15: =E15/B15 -> 124.0996 | G15: =E15/C15 -> 128.73615 | H15: =+H14+I15 -> 50727.43 | I15: =+[3]Dailymar!AI14 -> 6823.23 | J15: =I15/B15 -> 184.07829 | K15: =I15/C15 -> 190.95573 | L15: =+L14+M15 -> 178007.43 | M15: =+[3]Dailymar!AJ14 -> 24983.23 | N15: =M15/B15 -> 674.00194 | O15: =M15/C15 -> 699.18364 | P15: =+E15+I15+M15 -> 36406.46 | Q15: =P15/B15 -> 982.17984 | R15: =P15/C15 -> 1018.8755 | V15: Off Reel | W15: Off Rewinder
A16: 46090 | B16: =+Report1!P17 -> 37.345 | C16: =+Report1!R17 -> 41.663 | D16: =+D15+E16 -> 37500 | E16: =+[3]Dailymar!AH15 -> 4500 | F16: =E16/B16 -> 120.49806 | G16: =E16/C16 -> 108.0095 | H16: =+H15+I16 -> 59269.98 | I16: =+[3]Dailymar!AI15 -> 8542.55 | J16: =I16/B16 -> 228.74682 | K16: =I16/C16 -> 205.03924 | L16: =+L15+M16 -> 203709.98 | M16: =+[3]Dailymar!AJ15 -> 25702.55 | N16: =M16/B16 -> 688.24608 | O16: =M16/C16 -> 616.91549 | P16: =+E16+I16+M16 -> 38745.1 | Q16: =P16/B16 -> 1037.491 | R16: =P16/C16 -> 929.96424 | V16: Off Reel | W16: Off Rewinder
A17: 46091 | B17: =+Report1!P18 -> 39.842 | C17: =+Report1!R18 -> 41.02 | D17: =+D16+E17 -> 41800 | E17: =+[3]Dailymar!AH16 -> 4300 | F17: =E17/B17 -> 107.92631 | G17: =E17/C17 -> 104.82691 | H17: =+H16+I17 -> 66587.14 | I17: =+[3]Dailymar!AI16 -> 7317.16 | J17: =I17/B17 -> 183.65444 | K17: =I17/C17 -> 178.3803 | L17: =+L16+M17 -> 229187.14 | M17: =+[3]Dailymar!AJ16 -> 25477.16 | N17: =M17/B17 -> 639.45485 | O17: =M17/C17 -> 621.09118 | P17: =+E17+I17+M17 -> 37094.32 | Q17: =P17/B17 -> 931.03559 | R17: =P17/C17 -> 904.29839 | V17: Off Reel | W17: Off Rewinder
A18: 46092 | B18: =+Report1!P19 -> 40.428 | C18: =+Report1!R19 -> 38.755 | D18: =+D17+E18 -> 45700 | E18: =+[3]Dailymar!AH17 -> 3900 | F18: =E18/B18 -> 96.467795 | G18: =E18/C18 -> 100.63218 | H18: =+H17+I18 -> 74994.01 | I18: =+[3]Dailymar!AI17 -> 8406.87 | J18: =I18/B18 -> 207.94672 | K18: =I18/C18 -> 216.92349 | L18: =+L17+M18 -> 254754.01 | M18: =+[3]Dailymar!AJ17 -> 25566.87 | N18: =M18/B18 -> 632.40502 | O18: =M18/C18 -> 659.70507 | P18: =+E18+I18+M18 -> 37873.74 | Q18: =P18/B18 -> 936.81953 | R18: =P18/C18 -> 977.26074 | V18: Off Reel | W18: Off Rewinder
A19: 46093 | B19: =+Report1!P20 -> 43.361 | C19: =+Report1!R20 -> 40.626 | D19: =+D18+E19 -> 50200 | E19: =+[3]Dailymar!AH18 -> 4500 | F19: =E19/B19 -> 103.77989 | G19: =E19/C19 -> 110.7665 | H19: =+H18+I19 -> 81647.9 | I19: =+[3]Dailymar!AI18 -> 6653.89 | J19: =I19/B19 -> 153.45333 | K19: =I19/C19 -> 163.78403 | L19: =+L18+M19 -> 278567.9 | M19: =+[3]Dailymar!AJ18 -> 23813.89 | N19: =M19/B19 -> 549.20066 | O19: =M19/C19 -> 586.17363 | P19: =+E19+I19+M19 -> 34967.78 | Q19: =P19/B19 -> 806.43389 | R19: =P19/C19 -> 860.72417 | V19: Off Reel | W19: Off Rewinder
... A33: 46107 | B33: =+Report1!P34 -> 38.55 | C33: =+Report1!R34 -> 40.592 | D33: =+D32+E33 -> 85500 | E33: =+[3]Dailymar!AH32 -> 4300 | F33: =E33/B33 -> 111.54345 | G33: =E33/C33 -> 105.9322 | H33: =+H32+I33 -> 136528.65 | I33: =+[3]Dailymar!AI32 -> 7284.3 | J33: =I33/B33 -> 188.9572 | K33: =I33/C33 -> 179.45162 | L33: =+L32+M33 -> 485688.65 | M33: =+[3]Dailymar!AJ32 -> 25444.3 | N33: =M33/B33 -> 660.03372 | O33: =M33/C33 -> 626.83041 | P33: =+E33+I33+M33 -> 37028.6 | Q33: =P33/B33 -> 960.53437 | R33: =P33/C33 -> 912.21423 | V33: Off Reel | W33: Off Rewinder
A34: 46108 | B34: =+Report1!P35 -> 40.481 | C34: =+Report1!R35 -> 40.677 | D34: =+D33+E34 -> 90000 | E34: =+[3]Dailymar!AH33 -> 4500 | F34: =E34/B34 -> 111.16326 | G34: =E34/C34 -> 110.62763 | H34: =+H33+I34 -> 142458.13 | I34: =+[3]Dailymar!AI33 -> 5929.48 | J34: =I34/B34 -> 146.47563 | K34: =I34/C34 -> 145.76985 | L34: =+L33+M34 -> 510778.13 | M34: =+[3]Dailymar!AJ33 -> 25089.48 | N34: =M34/B34 -> 619.7841 | O34: =M34/C34 -> 616.7977 | P34: =+E34+I34+M34 -> 35518.96 | Q34: =P34/B34 -> 877.42299 | R34: =P34/C34 -> 873.19517
A35: 46109 | B35: =+Report1!P36 -> 41.347 | C35: =+Report1!R36 -> 39.438 | D35: =+D34+E35 -> 94400 | E35: =+[3]Dailymar!AH34 -> 4400 | F35: =E35/B35 -> 106.41643 | G35: =E35/C35 -> 111.56752 | H35: =+H34+I35 -> 149387.67 | I35: =+[3]Dailymar!AI34 -> 6929.54 | J35: =I35/B35 -> 167.59475 | K35: =I35/C35 -> 175.70719 | L35: =+L34+M35 -> 534867.67 | M35: =+[3]Dailymar!AJ34 -> 24089.54 | N35: =M35/B35 -> 582.61881 | O35: =M35/C35 -> 610.82053 | P35: =+E35+I35+M35 -> 35419.08 | Q35: =P35/B35 -> 856.62999 | R35: =P35/C35 -> 898.09524
A36: 46110 | B36: =+Report1!P37 -> 39.833 | C36: =+Report1!R37 -> 38.028 | D36: =+D35+E36 -> 98800 | E36: =+[3]Dailymar!AH35 -> 4400 | F36: =E36/B36 -> 110.46118 | G36: =E36/C36 -> 115.70422 | H36: =+H35+I36 -> 156003.93 | I36: =+[3]Dailymar!AI35 -> 6616.26 | J36: =I36/B36 -> 166.09997 | K36: =I36/C36 -> 173.98391 | L36: =+L35+M36 -> 560643.93 | M36: =+[3]Dailymar!AJ35 -> 25776.26 | N36: =M36/B36 -> 647.10818 | O36: =M36/C36 -> 677.82318 | P36: =+E36+I36+M36 -> 36792.52 | Q36: =P36/B36 -> 923.66932 | R36: =P36/C36 -> 967.51131
A37: 46111 | B37: =+Report1!P38 -> 37.869 | C37: =+Report1!R38 -> 35.037 | D37: =+D36+E37 -> 103400 | E37: =+[3]Dailymar!AH36 -> 4600 | F37: =E37/B37 -> 121.47139 | G37: =E37/C37 -> 131.28978 | H37: =+H36+I37 -> 164013.47 | I37: =+[3]Dailymar!AI36 -> 8009.54 | J37: =I37/B37 -> 211.50651 | K37: =I37/C37 -> 228.60233 | L37: =+L36+M37 -> 585813.47 | M37: =+[3]Dailymar!AJ36 -> 25169.54 | N37: =M37/B37 -> 664.6476 | O37: =M37/C37 -> 718.37029 | P37: =+E37+I37+M37 -> 37779.08 | Q37: =P37/B37 -> 997.6255 | R37: =P37/C37 -> 1078.2624
A38: 46112 | B38: =+Report1!P39 -> 36.242 | C38: =+Report1!R39 -> 35.979 | D38: =+D37+E38 -> 107900 | E38: =+[3]Dailymar!AH37 -> 4500 | F38: =E38/B38 -> 124.16533 | G38: =E38/C38 -> 125.07296 | H38: =+H37+I38 -> 171297.37 | I38: =+[3]Dailymar!AI37 -> 7283.9 | J38: =I38/B38 -> 200.97953 | K38: =I38/C38 -> 202.44865 | L38: =+L37+M38 -> 610257.37 | M38: =+[3]Dailymar!AJ37 -> 24443.9 | N38: =M38/B38 -> 674.46333 | O38: =M38/C38 -> 679.39354 | P38: =+E38+I38+M38 -> 36227.8 | Q38: =P38/B38 -> 999.60819 | R38: =P38/C38 -> 1006.9151
A40: TOTAL | B40: =SUM(B8:B38) -> 938.949 | C40: =SUM(C8:C38) -> 906.263 | E40: =SUM(E8:E39) -> 107900 | F40: =E40/B40 -> 114.91572 | G40: =E40/C40 -> 119.06036 | I40: =SUM(I8:I39) -> 171297.37 | J40: =I40/B40 -> 182.43522 | K40: =I40/C40 -> 189.01508 | M40: =SUM(M8:M39) -> 610257.37 | N40: =M40/B40 -> 649.93665 | O40: =M40/C40 -> 673.37778 | P40: =+E40+I40+M40 -> 889454.74 | Q40: =P40/B40 -> 947.28759 | R40: =P40/C40 -> 981.45322
P42: -1320860.8

Sheet Trim Rwd
A1: PM 14 | B1: =+Report1!A9 -> 46082
A3: Tgl | B3: Grade | C3: Ply | D3: Kombinasi Pot. | E3: Lebar Trim | F3: Jml Turunan | G3: Lebar x Turunan | H3: Rata-rata | I3: PHP PM
A4: =+B1 -> 46082 | B4: F 12 | C4: 1 | D4: 146+122,5 | E4: =146+122.5 -> 268.5 | F4: =134/2 -> 67 | G4: =+E4*F4 -> 17989.5 | H4: =+SUM(G4/F4) -> 268.5 | I4: =+'1'!I38 -> 36.385
A6: =+A4+1 -> 46083 | B6: F 16 | C6: 1 | D6: 275*1 | E6: =275*1 -> 275 | F6: =3+7+9 -> 19 | G6: =+E6*F6 -> 5225 | H6: =+SUM(G6/F6) -> 275 | I6: =+'2'!I38 -> 46.337
B7: F 12 | C7: 1 | D7: 130*2 | E7: =130*2 -> 260 | F7: 8 | G7: =+E7*F7 -> 2080 | H7: =+SUM(F7*E7+F8*E8)/SUM(F7:F8) -> 263.26923
B8: F 12 | C8: 1 | D8: 146+122,5 | E8: =146+122.5 -> 268.5 | F8: 5 | G8: =+E8*F8 -> 1342.5
B9: F 14 | C9: 1 | D9: 120+140 | E9: =120+140 -> 260 | F9: =2+6 -> 8 | G9: =+E9*F9 -> 2080 | H9: =+SUM(G9/F9) -> 260
A11: =+A6+1 -> 46084 | B11: F 16 | C11: 1 | D11: 275*1 | E11: =275*1 -> 275 | F11: 23 | G11: =+E11*F11 -> 6325 | H11: =+SUM(G11/F11) -> 275 | I11: =+'3'!I38 -> 46.03
B12: F 14 | C12: 1 | D12: 120+140 | E12: =120+140 -> 260 | F12: 0 | G12: =+E12*F12 -> 0 | H12: =+E12 -> 260
A14: =+A11+1 -> 46085 | B14: F 14 | C14: 1 | D14: 120+140 | E14: =120+140 -> 260 | F14: =114/2 -> 57 | G14: =+E14*F14 -> 14820 | H14: =+SUM(G14/F14) -> 260 | I14: =+'4'!I38 -> 42.443
A16: =+A14+1 -> 46086 | B16: F 14 | C16: 1 | D16: 120+140 | E16: =120+140 -> 260 | F16: =13+13+6+13+3 -> 48 | G16: =+E16*F16 -> 12480 | H16: =+SUM(F16*E16+F17*E17)/SUM(F16:F17) -> 260.19388 | I16: =+'3'!I43 -> 51.2
B17: F 14 | C17: 1 | D17: 126*2+17,5 | E17: =126*2+17.5 -> 269.5 | F17: 1 | G17: =+E17*F17 -> 269.5
B18: F 13,5 | C18: 1 | D18: 120+140 | E18: =120+140 -> 260 | F18: =13+5+2 -> 20 | G18: =+E18*F18 -> 5200 | H18: =+SUM(G18/F18) -> 260
B19: F 16 | C19: 1 | D19: 45*4+40*2 | E19: =45*4+40*2 -> 260 | F19: 4 | G19: =+E19*F19 -> 1040 | H19: =+SUM(G19/F19) -> 260
A21: 46087 | B21: F 16 | C21: 1 | D21: 40*2+60*3 | E21: =40*2+60*3 -> 260 | F21: =4+6+6 -> 16 | G21: =+E21*F21 -> 4160 | H21: =+SUM(F21*E21+F22*E22+F23*E23+F24*E24)/SUM(F21:F24) -> 256.5 | I21: =+'6'!I38 -> 28.507
B22: F 16 | C22: 1 | D22: 40*4+45+60 | E22: =40*4+45+60 -> 265 | F22: =5+5+5+2 -> 17 | G22: =+E22*F22 -> 4505
B23: F 16 | C23: 1 | D23: 45*3+40*2 | E23: =45*3+40*2 -> 215 | F23: 5 | G23: =+E23*F23 -> 1075
B24: F 16 | C24: 1 | D24: 45*4+40*2 | E24: =45*4+40*2 -> 260 | F24: 2 | G24: =+E24*F24 -> 520
B25: F 13 | C25: 1 | D25: 116*2+25 | E25: =116*2+25 -> 257 | F25: =3+1 -> 4 | G25: =+E25*F25 -> 1028 | H25: =+SUM(G25/F25) -> 257
A27: 46088 | B27: T 14 | C27: 1 | D27: 133*2 | E27: =133*2 -> 266 | F27: =12+1 -> 13 | G27: =+E27*F27 -> 3458 | H27: =+SUM(G27/F27) -> 266 | I27: =+'7'!I38 -> 21.948
B28: F 13 | C28: 1 | D28: 116*2+25 | E28: =116*2+25 -> 257 | F28: =6+2+4 -> 12 | G28: =+E28*F28 -> 3084 | H28: =+SUM(G28/F28) -> 257
A30: 46089 | B30: F 13 | C30: 1 | D30: 116*2+25 | E30: =116*2+25 -> 257 | F30: =10+10 -> 20 | G30: =+E30*F30 -> 5140 | H30: =+SUM(G30/F30) -> 257 | I30: =+'8'!I38 -> 37.067
B31: F 11,5 | C31: 1 | D31: 133*2 | E31: =133*2 -> 266 | F31: =5+13+5+13+7 -> 43 | G31: =+E31*F31 -> 11438 | H31: =+SUM(G31/F31) -> 266
A33: 46090 | B33: F 11,5 | C33: 1 | D33: 133*2 | E33: =133*2 -> 266 | F33: =13+7+13+9+5 -> 47 | G33: =+E33*F33 -> 12502 | H33: =+SUM(G33/F33) -> 266 | I33: =+'9'!I38 -> 37.345
B34: F 12 | C34: 1 | D34: 275*1 | E34: =275*1 -> 275 | F34: 8 | G34: =+E34*F34 -> 2200 | H34: =+SUM(G34/F34) -> 275
A36: 46091 | B36: F 12 | C36: 1 | D36: 275*1 | E36: =275*1 -> 275 | F36: 25 | G36: =+E36*F36 -> 6875 | H36: =+SUM(G36/F36) -> 275 | I36: =+'10'!I38 -> 39.842
A38: 46092 | B38: F 12 | C38: 1 | D38: 275*1 | E38: =275*1 -> 275 | F38: =7+9+7 -> 23 | G38: =+E38*F38 -> 6325 | H38: =+SUM(G38/F38) -> 275 | I38: =+'11'!I38 -> 40.428
B39: F 12,5 | C39: 1 | D39: 120*2+18 | E39: =120*2+18 -> 258 | F39: 3 | G39: =+E39*F39 -> 774 | H39: =+SUM(G39/F39) -> 258
A41: 46093 | B41: F 12,5 | C41: 1 | D41: 120*2+18 | E41: =120*2+18 -> 258 | F41: =10+9 -> 19 | G41: =+E41*F41 -> 4902 | H41: =+SUM(G41/F41) -> 258 | I41: =+'12'!I38 -> 43.361
B42: F 14 | C42: 1 | D42: 275*1 | E42: =275*1 -> 275 | F42: =3+9 -> 12 | G42: =+E42*F42 -> 3300 | H42: =+SUM(G42/F42) -> 275
B43: T 14 | C43: 1 | D43: 133*2 | E43: =133*2 -> 266 | F43: 6 | G43: =+E43*F43 -> 1596 | H43: =+(F43*E43+F44*E44)/SUM(F43:F44) -> 265
B44: T 13 | C44: 1 | D44: 132*2 | E44: =132*2 -> 264 | F44: =4+2 -> 6 | G44: =+E44*F44 -> 1584
A46: 46094 | B46: T 13 | C46: 1 | D46: 132*2 | E46: =132*2 -> 264 | F46: 5 | G46: =+E46*F46 -> 1320 | H46: =+SUM(G46/F46) -> 264 | I46: =+'13'!I38 -> 40.203
B47: T 12,5 | C47: 1 | D47: 257*1 | E47: =257*1 -> 257 | F47: =19+10+19 -> 48 | G47: =+E47*F47 -> 12336 | H47: =+SUM(G47/F47) -> 257
A49: 46095 | B49: T 13 | C49: 1 | D49: 256,5*1 | E49: =256.5*1 -> 256.5 | F49: =8+4+7 -> 19 | G49: =+E49*F49 -> 4873.5 | H49: =+SUM(G49/F49) -> 256.5 | I49: =+'14'!I38 -> 40.817
B50: T 12,5 | C50: 1 | D50: 257*1 | E50: =257*1 -> 257 | F50: 8 | G50: =+E50*F50 -> 2056 | H50: =+SUM(G50/F50) -> 257
A52: 46096 | B52: T 13 | C52: 1 | D52: 256,5*1 | E52: =256.5*1 -> 256.5 | F52: 23 | G52: =+E52*F52 -> 5899.5 | H52: =+SUM(G52/F52) -> 256.5 | I52: =+'15'!I38 -> 41.332
A54: 46097 | B54: T 13 | C54: 1 | D54: 256,5*1 | E54: =256.5*1 -> 256.5 | F54: =3+8+8 -> 19 | G54: =+E54*F54 -> 4873.5 | H54: =+SUM(G54/F54) -> 256.5 | I54: =+'16'!I38 -> 41.797
B55: T 12,5 | C55: 1 | D55: 257*1 | E55: =257*1 -> 257 | F55: 8 | G55: =+E55*F55 -> 2056 | H55: =+SUM(G55/F55) -> 257
A57: 46098 | B57: T 12,5 | C57: 1 | D57: 257*1 | E57: =257*1 -> 257 | F57: 8 | G57: =+E57*F57 -> 2056 | H57: =+SUM(G57/F57) -> 257 | I57: =+'17'!I38 -> 5.4
A59: 46099 | B59: T 12,5 | C59: 1 | D59: 256*1 | E59: =256*1 -> 256 | F59: 0 | G59: =+E59*F59 -> 0 | H59: =+E59 -> 256 | I59: STOP
A61: 46100 | B61: T 12,5 | C61: 1 | D61: 256*1 | E61: =256*1 -> 256 | F61: 0 | G61: =+E61*F61 -> 0 | H61: =+E61 -> 256 | I61: STOP
A63: 46101 | B63: T 12,5 | C63: 1 | D63: 256*1 | E63: =256*1 -> 256 | F63: 0 | G63: =+E63*F63 -> 0 | H63: =+E63 -> 256 | I63: STOP
A65: 46102 | B65: T 12,5 | C65: 1 | D65: 256*1 | E65: =256*1 -> 256 | F65: 0 | G65: =+E65*F65 -> 0 | H65: =+E65 -> 256 | I65: STOP
A67: 46103 | B67: T 12,5 | C67: 1 | D67: 256*1 | E67: =256*1 -> 256 | F67: 0 | G67: =+E67*F67 -> 0 | H67: =+E67 -> 256 | I67: STOP
A69: 46104 | B69: T 12,5 | C69: 1 | D69: 256*1 | E69: =256*1 -> 256 | F69: 0 | G69: =+E69*F69 -> 0 | H69: =+E69 -> 256 | I69: STOP
A71: 46105 | B71: T 14 | C71: 1 | D71: 133*2 | E71: =133*2 -> 266 | F71: 23 | G71: =+E71*F71 -> 6118 | H71: =+SUM(G71/F71) -> 266 | I71: =+'24'!I38 -> 34.495
B72: T 12,5 | C72: 1 | D72: 257*1 | E72: =257*1 -> 257 | F72: 10 | G72: =+E72*F72 -> 2570 | H72: =+SUM(G72/F72) -> 257
A74: 46106 | B74: T 12,5 | C74: 1 | D74: 257*1 | E74: =257*1 -> 257 | F74: =18+17+9 -> 44 | G74: =+E74*F74 -> 11308 | H74: =+SUM(F74*E74+F75*E75)/SUM(F74:F75) -> 256.83019 | I74: =+'25'!I38 -> 37.927
B75: T 12,5 | C75: 1 | D75: 256*1 | E75: =256*1 -> 256 | F75: 9 | G75: =+E75*F75 -> 2304
A77: 46107 | B77: T 12,5 | C77: 1 | D77: 256*1 | E77: =256*1 -> 256 | F77: 8 | G77: =+E77*F77 -> 2048 | H77: =+SUM(G77/F77) -> 256 | I77: =+'26'!I38 -> 38.55
B78: T 13 | C78: 1 | D78: 256,5*1 | E78: =256.5*1 -> 256.5 | F78: =4+8+7 -> 19 | G78: =+E78*F78 -> 4873.5 | H78: =+SUM(G78/F78) -> 256.5
A80: 46108 | B80: T 13 | C80: 1 | D80: 256,5*1 | E80: =256.5*1 -> 256.5 | F80: =7+7+8 -> 22 | G80: =+E80*F80 -> 5643 | H80: =+SUM(F80*E80+F81*E81)/SUM(F80:F81) -> 255.91667 | I80: =+'27'!I38 -> 40.481
B81: T 13 | C81: 1 | D81: 249,5*1 | E81: =249.5*1 -> 249.5 | F81: 2 | G81: =+E81*F81 -> 499
B82: T 13 | C82: 1 | D82: 257*1 | E82: =257*1 -> 257 | F82: =5+5 -> 10 | G82: =+E82*F82 -> 2570 | H82: =+SUM(G82/F82) -> 257 | J82: Slitting
A84: 46109 | B84: T 13 | C84: 1 | D84: 256,5*1 | E84: =256.5*1 -> 256.5 | F84: =7+6+9 -> 22 | G84: =+E84*F84 -> 5643 | H84: =+SUM(G84/F84) -> 256.5 | I84: =+'28'!I38 -> 41.347
B85: T 13 | C85: 1 | D85: 257*1 | E85: =257*1 -> 257 | F85: =4+5+6 -> 15 | G85: =+E85*F85 -> 3855 | H85: =+SUM(G85/F85) -> 257 | J85: Slitting
A87: 46110 | B87: T 13 | C87: 1 | D87: 256,5*1 | E87: =256.5*1 -> 256.5 | F87: =7+8+7 -> 22 | G87: =+E87*F87 -> 5643 | H87: =+SUM(G87/F87) -> 256.5 | I87: =+'29'!I38 -> 39.833
B88: T 13 | C88: 1 | D88: 257*1 | E88: =257*1 -> 257 | F88: =2+6 -> 8 | G88: =+E88*F88 -> 2056 | H88: =+SUM(G88/F88) -> 257 | J88: Slitting
A90: 46111 | B90: T 13 | C90: 1 | D90: 256,5*1 | E90: =256.5*1 -> 256.5 | F90: 4 | G90: =+E90*F90 -> 1026 | H90: =+SUM(F90*E90+F91*E91)/SUM(F90:F91) -> 253 | I90: =+'30'!I38 -> 37.869
B91: T 13 | C91: 1 | D91: 249,5*1 | E91: =249.5*1 -> 249.5 | F91: 4 | G91: =+E91*F91 -> 998
B92: F 11,5 | C92: 1 | D92: 133*2 | E92: =133*2 -> 266 | F92: =78/2 -> 39 | G92: =+E92*F92 -> 10374 | H92: =+SUM(G92/F92) -> 266
A94: 46112 | B94: F 11,5 | C94: 1 | D94: 133*2 | E94: =133*2 -> 266 | F94: =110/2 -> 55 | G94: =+E94*F94 -> 14630 | H94: =+SUM(G94/F94) -> 266 | I94: =+'31'!I38 -> 36.242

Sheet Efficiency1
A1: PM14 Efficiency Report
A3: Date | B3: Grade | C3: Speed real (ton) with Available Time | D3: Colour | E3: gsm | F3: Ply | G3: Standard | L3: Real Running | O3: Trim Rewinder (cm) | P3: Trim Rewinder x Running Time | Q3: Available Time (mnt) | R3: Down Time (mnt) | S3: Loss Time (mnt) | T3: Real Speed & Real Creepe Ratio with Available Time (ton) | U3: Real Speed & Real Creepe Ratio setelah dipotong DT & LT (ton) | V3: Loss tonase akibat DT + LT dari hitungan Teori with available time (ton) | W3: Accepted (ton) | X3: Real Eff dr Target Eff | Y3: Backlog | Z3: Reject Rewinder (ton) | AA3: Estimasi Reject to Broke Plant (ton) | AB3: Estimasi Faktor BW (ton) | AC3: Loss Opportunity in Speed (ton) | AD3: Downtime/ Losstime | AE3: Reason of Downtime / Losstime | AF3: Loss Time | AM3: Total Losstime | AN3: Unschedule Shut Down (mnt) | AS3: Schedule Shut Down | AT3: Marketing | AV3: EXT FACTOR | AX3: EXT FACTOR | AZ3: MANAGEMENT | BA3: Total Down Time | BB3: Freq. Sheets Break (X) | BC3: Freq. Change Blade (X) | BD3: Steam, & gangguan sinergy (X) | BE3: Freq, Trip PLN (X) | BF3: Cleaning Holes (X)
AF4: Proses | AI4: Change Grade/Cleaning | AJ4: Mekanik | AK4: Electric & Instrument | AL4: Boiler | AN4: Down Time Produksi | AO4: Mekanik | AP4: Electrical & Instrument | AQ4: Boiler | AR4: Total Unschedule Shut Down | AV4: LOSS | AW4: DOWN TIME | AX4: LOSS | AY4: DOWN TIME
G5: Yankee Speed (mpm) | H5: Max % Creeping | I5: Target Eff | J5: Kapasitas PM-Teori (ton) | K5: Teori (ton) with Available Time | L5: Yankee Speed (mpm) | M5: Popereel Speed (mpm) | N5: % Creeping | AF5: sheet break | AG5: change blade | AH5: change spool | AT5: Loss time | AU5: Down Time | AV5: SINERGY | AW5: SINERGY | AX5: PLN | AY5: PLN
A6: =+Report1!A9 -> 46082 | B6: Facial | C6: =(M6*E6*O6*Q6)/100000000 -> 40.50489 | D6: VP OW | E6: 12 | F6: 1 | G6: 1230 | H6: 0.24 | I6: 0.88 | J6: =E6*G6*(1-H6)*1440/1000000*2.74 -> 44.260163 | K6: =(IF(G6<L6,L6,G6)*(1-IF(H6<N6,H6,N6))*E6*O6*Q6)/100000000 -> 43.371729 | L6: 1174.6806 | M6: 873.01042 | N6: =1-(M6/L6) -> 0.25681036 | O6: =+'Trim Rwd'!H4 -> 268.5 | P6: =O6*(Q6-R6-S6) -> 363817.5 | Q6: 1440 | R6: 0 | S6: 85 | T6: =E6*M6*O6*Q6/100000000 -> 40.50489 | U6: =E6*M6*O6*(Q6-R6-S6)/100000000 -> 38.113976 | V6: =E6*G6*(1-N6)*O6/100*(R6+S6)/1000000 -> 2.5035094 | W6: =+'1'!C34/1000 -> 36.906 | X6: =SUM(W6:W10)/SUM(K6:K10) -> 0.85092297 | Y6: 0 | Z6: =+'1'!D34/1000 -> 0.54 | AA6: =SUM(U6:U10)-SUM(W6:W10)-SUM(Z6:Z10)-SUM(Y6:Y10) -> 0.66797607 | AB6: =(SUM(K6:K10)-SUM(W6:W10)-SUM(Y6:Y10)-SUM(Z6:Z10)-SUM(AC6:AC10)-SUM(V6:V10))-AA6 -> -0.11259573 | AC6: =K6-T6 -> 2.8668389 | AD6: =+AM6+BA6 -> 25 | AE6: - Sheet Breaks (7x) | AF6: 25 | AM6: =SUM(AF6:AL6)+AT6+AV6+AX6 -> 25 | AR6: =SUM(AN6:AQ6) -> 0 | BA6: =+AR6+AS6+AU6+AW6+AY6+AZ6 -> 0 | BB6: 7
AD7: =+AM7+BA7 -> 3 | AE7: - Change Blade (1x) | AG7: 3 | AM7: =SUM(AF7:AL7)+AT7+AV7+AX7 -> 3 | AR7: =SUM(AN7:AQ7) -> 0 | BA7: =+AR7+AS7+AU7+AW7+AY7+AZ7 -> 0 | BC7: 1
AD8: =+AM8+BA8 -> 57 | AE8: - Change Spool (25x) | AH8: 57 | AM8: =SUM(AF8:AL8)+AT8+AV8+AX8 -> 57 | AR8: =SUM(AN8:AQ8) -> 0 | BA8: =+AR8+AS8+AU8+AW8+AY8+AZ8 -> 0
AD9: =+AM9+BA9 -> 0 | AE9: - Cleaning | AI9: 0 | AM9: =SUM(AF9:AL9)+AT9+AV9+AX9 -> 0 | AR9: =SUM(AN9:AQ9) -> 0 | BA9: =+AR9+AS9+AU9+AW9+AY9+AZ9 -> 0
A11: 46083 | B11: Facial | C11: =(M11*E11*O11*Q11)/100000000 -> 5.9425131 | D11: VP OW | E11: 12 | F11: 1 | G11: 1230 | H11: 0.24 | I11: 0.88 | J11: =E11*G11*(1-H11)*1440/1000000*2.74 -> 44.260163 | K11: =(IF(G11<L11,L11,G11)*(1-IF(H11<N11,H11,N11))*E11*O11*Q11)/100000000 -> 6.1722902 | L11: 1200 | M11: 900 | N11: =1-(M11/L11) -> 0.25 | O11: =+'Trim Rwd'!H7 -> 263.26923 | P11: =O11*(Q11-R11-S11) -> 51074.231 | Q11: 209 | R11: 0 | S11: 15 | T11: =E11*M11*O11*Q11/100000000 -> 5.9425131 | U11: =E11*M11*O11*(Q11-R11-S11)/100000000 -> 5.5160169 | V11: =E11*G11*(1-N11)*O11/100*(R11+S11)/1000000 -> 0.43715856 | W11: =+'2'!K7/1000 -> 8.169 | X11: =SUM(W11:W15)/SUM(K11:K15) -> 0.89586171 | Y11: 0 | Z11: 0 | AA11: =SUM(U11:U15)-SUM(W11:W15)-SUM(Z11:Z15)-SUM(Y11:Y15) -> 2.8862109 | AB11: =(SUM(K11:K15)-SUM(W11:W15)-SUM(Y11:Y15)-SUM(Z11:Z15)-SUM(AC11:AC15)-SUM(V11:V15))-AA11 -> -0.010662404 | AC11: =K11-T11 -> 0.22977717 | AD11: =+AM11+BA11 -> 18 | AE11: - Sheet Breaks (6x) | AF11: 18 | AM11: =SUM(AF11:AL11)+AT11+AV11+AX11 -> 18 | AR11: =SUM(AN11:AQ11) -> 0 | BA11: =+AR11+AS11+AU11+AW11+AY11+AZ11 -> 0 | BB11: 6
B12: Facial | C12: =(M12*E12*O12*Q12)/100000000 -> 1.3319852 | D12: VP OW | E12: 14 | F12: 1 | G12: =+L12 -> 1150 | H12: =+N12 -> 0.26 | I12: 0.88 | J12: =E12*G12*(1-H12)*1440/1000000*2.74 -> 47.007878 | K12: =(IF(G12<L12,L12,G12)*(1-IF(H12<N12,H12,N12))*E12*O12*Q12)/100000000 -> 1.3319852 | L12: 1150 | M12: 851 | N12: =1-(M12/L12) -> 0.26 | O12: =+'Trim Rwd'!H9 -> 260 | P12: =O12*(Q12-R12-S12) -> 9100 | Q12: 43 | R12: 0 | S12: 8 | T12: =E12*M12*O12*Q12/100000000 -> 1.3319852 | U12: =E12*M12*O12*(Q12-R12-S12)/100000000 -> 1.084174 | V12: =E12*G12*(1-N12)*O12/100*(R12+S12)/1000000 -> 0.2478112 | W12: =+'2'!K8/1000 -> 4.713 | AC12: =K12-T12 -> 0 | AD12: =+AM12+BA12 -> 2 | AE12: - Change Blade (1x) | AG12: 2 | AM12: =SUM(AF12:AL12)+AT12+AV12+AX12 -> 2 | AR12: =SUM(AN12:AQ12) -> 0 | BA12: =+AR12+AS12+AU12+AW12+AY12+AZ12 -> 0 | BC12: 1
B13: Facial | C13: =(M13*E13*O13*Q13)/100000000 -> 46.59336 | D13: VP OW | E13: 16 | F13: 1 | G13: =+L13 -> 1188.4848 | H13: =+N13 -> 0.25 | I13: 0.88 | J13: =E13*G13*(1-H13)*1440/1000000*2.74 -> 56.27143 | K13: =(IF(G13<L13,L13,G13)*(1-IF(H13<N13,H13,N13))*E13*O13*Q13)/100000000 -> 46.59336 | L13: 1188.4848 | M13: 891.36364 | N13: =1-(M13/L13) -> 0.25 | O13: =+'Trim Rwd'!H6 -> 275 | P13: =O13*(Q13-R13-S13) -> 313775 | Q13: 1188 | R13: 0 | S13: =70-S11-S12 -> 47 | T13: =E13*M13*O13*Q13/100000000 -> 46.59336 | U13: =E13*M13*O13*(Q13-R13-S13)/100000000 -> 44.75002 | V13: =E13*G13*(1-N13)*O13/100*(R13+S13)/1000000 -> 1.84334 | W13: =+'2'!K9/1000 -> 35.582 | AC13: =K13-T13 -> 0 | AD13: =+AM13+BA13 -> 50 | AE13: - Change Spool (28x) | AH13: 50 | AM13: =SUM(AF13:AL13)+AT13+AV13+AX13 -> 50 | AR13: =SUM(AN13:AQ13) -> 0 | BA13: =+AR13+AS13+AU13+AW13+AY13+AZ13 -> 0
AD14: =+AM14+BA14 -> 0 | AE14: - Cleaning | AI14: 0 | AM14: =SUM(AF14:AL14)+AT14+AV14+AX14 -> 0 | AR14: =SUM(AN14:AQ14) -> 0 | BA14: =+AR14+AS14+AU14+AW14+AY14+AZ14 -> 0
A16: 46084 | B16: Facial | C16: =(M16*E16*O16*Q16)/100000000 -> 49.24458 | D16: VP OW | E16: 16 | F16: 1 | G16: =+L16 -> 1102.1123 | H16: =+N16 -> 0.25 | I16: 0.88 | J16: =E16*G16*(1-H16)*1440/1000000*2.74 -> 52.18193 | K16: =(IF(G16<L16,L16,G16)*(1-IF(H16<N16,H16,N16))*E16*O16*Q16)/100000000 -> 49.24458 | L16: 1102.1123 | M16: 826.58419 | N16: =1-(M16/L16) -> 0.25 | O16: =+'Trim Rwd'!H11 -> 275 | P16: =O16*(Q16-R16-S16) -> 354200 | Q16: 1354 | R16: 0 | S16: 66 | T16: =E16*M16*O16*Q16/100000000 -> 49.24458 | U16: =E16*M16*O16*(Q16-R16-S16)/100000000 -> 46.844179 | V16: =E16*G16*(1-N16)*O16/100*(R16+S16)/1000000 -> 2.4004005 | W16: =+'3'!K9/1000 -> 40.543 | X16: =SUM(W16:W20)/SUM(K16:K20) -> 0.78015275 | Y16: 0 | Z16: 0 | AA16: =SUM(U16:U20)-SUM(W16:W20)-SUM(Z16:Z20)-SUM(Y16:Y20) -> 8.7079475 | AB16: =(SUM(K16:K20)-SUM(W16:W20)-SUM(Y16:Y20)-SUM(Z16:Z20)-SUM(AC16:AC20)-SUM(V16:V20))-AA16 -> 0 | AC16: =K16-T16 -> 0 | AD16: =+AM16+BA16 -> 21 | AE16: - Sheet Breaks (6x) | AF16: 21 | AM16: =SUM(AF16:AL16)+AT16+AV16+AX16 -> 21 | AR16: =SUM(AN16:AQ16) -> 0 | BA16: =+AR16+AS16+AU16+AW16+AY16+AZ16 -> 0 | BB16: 6
B17: Facial | C17: =(M17*E17*O17*Q17)/100000000 -> 2.723448 | D17: VP OW | E17: 14 | F17: 1 | G17: =+L17 -> 1160 | H17: =+N17 -> 0.25 | I17: 0.88 | J17: =E17*G17*(1-H17)*1440/1000000*2.74 -> 48.057408 | K17: =(IF(G17<L17,L17,G17)*(1-IF(H17<N17,H17,N17))*E17*O17*Q17)/100000000 -> 2.723448 | L17: 1160 | M17: 870 | N17: =1-(M17/L17) -> 0.25 | O17: =+'Trim Rwd'!H12 -> 260 | P17: =O17*(Q17-R17-S17) -> 19760 | Q17: 86 | R17: 0 | S17: 10 | T17: =E17*M17*O17*Q17/100000000 -> 2.723448 | U17: =E17*M17*O17*(Q17-R17-S17)/100000000 -> 2.406768 | V17: =E17*G17*(1-N17)*O17/100*(R17+S17)/1000000 -> 0.31668 | W17: =+'2'!K13/1000 -> 0 | AC17: =K17-T17 -> 0 | AD17: =+AM17+BA17 -> 6 | AE17: - Change Blade (1x) | AG17: 6 | AM17: =SUM(AF17:AL17)+AT17+AV17+AX17 -> 6 | AR17: =SUM(AN17:AQ17) -> 0 | BA17: =+AR17+AS17+AU17+AW17+AY17+AZ17 -> 0 | BC17: 1
AD18: =+AM18+BA18 -> 49 | AE18: - Change Spool (29x) | AH18: 49 | AM18: =SUM(AF18:AL18)+AT18+AV18+AX18 -> 49 | AR18: =SUM(AN18:AQ18) -> 0 | BA18: =+AR18+AS18+AU18+AW18+AY18+AZ18 -> 0
AD19: =+AM19+BA19 -> 0 | AE19: - Cleaning | AI19: 0 | AM19: =SUM(AF19:AL19)+AT19+AV19+AX19 -> 0 | AR19: =SUM(AN19:AQ19) -> 0 | BA19: =+AR19+AS19+AU19+AW19+AY19+AZ19 -> 0
A21: 46085 | B21: Facial | C21: =(M21*E21*O21*Q21)/100000000 -> 47.047728 | D21: VP OW | E21: 14 | F21: 1 | G21: =+L21 -> 1196.7778 | H21: =+N21 -> 0.25 | I21: 0.88 | J21: =E21*G21*(1-H21)*1440/1000000*2.74 -> 49.581067 | K21: =(IF(G21<L21,L21,G21)*(1-IF(H21<N21,H21,N21))*E21*O21*Q21)/100000000 -> 47.047728 | L21: 1196.7778 | M21: 897.58333 | N21: =1-(M21/L21) -> 0.25 | O21: =+'Trim Rwd'!H14 -> 260 | P21: =O21*(Q21-R21-S21) -> 352040 | Q21: 1440 | R21: 0 | S21: 86 | T21: =E21*M21*O21*Q21/100000000 -> 47.047728 | U21: =E21*M21*O21*(Q21-R21-S21)/100000000 -> 44.237933 | V21: =E21*G21*(1-N21)*O21/100*(R21+S21)/1000000 -> 2.8097949 | W21: =+'4'!K8/1000 -> 39.755 | X21: =SUM(W21:W25)/SUM(K21:K25) -> 0.84499298 | Y21: 0 | Z21: 0 | AA21: =SUM(U21:U25)-SUM(W21:W25)-SUM(Z21:Z25)-SUM(Y21:Y25) -> 4.4829331 | AB21: =(SUM(K21:K25)-SUM(W21:W25)-SUM(Y21:Y25)-SUM(Z21:Z25)-SUM(AC21:AC25)-SUM(V21:V25))-AA21 -> -1.0658141e-14 | AC21: =K21-T21 -> 0 | AD21: =+AM21+BA21 -> 23 | AE21: - Sheet Breaks (8x) | AF21: 23 | AM21: =SUM(AF21:AL21)+AT21+AV21+AX21 -> 23 | AR21: =SUM(AN21:AQ21) -> 0 | BA21: =+AR21+AS21+AU21+AW21+AY21+AZ21 -> 0 | BB21: 8
AD22: =+AM22+BA22 -> 0 | AE22: - Change Blade (0x) | AG22: 0 | AM22: =SUM(AF22:AL22)+AT22+AV22+AX22 -> 0 | AR22: =SUM(AN22:AQ22) -> 0 | BA22: =+AR22+AS22+AU22+AW22+AY22+AZ22 -> 0 | BC22: 0
AD23: =+AM23+BA23 -> 63 | AE23: - Change Spool (28x) | AH23: 63 | AM23: =SUM(AF23:AL23)+AT23+AV23+AX23 -> 63 | AR23: =SUM(AN23:AQ23) -> 0 | BA23: =+AR23+AS23+AU23+AW23+AY23+AZ23 -> 0
AD24: =+AM24+BA24 -> 0 | AE24: - Cleaning | AI24: 0 | AM24: =SUM(AF24:AL24)+AT24+AV24+AX24 -> 0 | AR24: =SUM(AN24:AQ24) -> 0 | BA24: =+AR24+AS24+AU24+AW24+AY24+AZ24 -> 0
A26: 46086 | B26: Facial | C26: =(M26*E26*O26*Q26)/100000000 -> 25.577318 | D26: VP OW | E26: 14 | F26: 1 | G26: =+L26 -> 1155.8025 | H26: =+N26 -> 0.25 | I26: 0.88 | J26: =E26*G26*(1-H26)*1440/1000000*2.74 -> 47.883509 | K26: =(IF(G26<L26,L26,G26)*(1-IF(H26<N26,H26,N26))*E26*O26*Q26)/100000000 -> 25.577318 | L26: 1155.8025 | M26: 866.85185 | N26: =1-(M26/L26) -> 0.25 | O26: =+'Trim Rwd'!H16 -> 260.19388 | P26: =O26*(Q26-R26-S26) -> 200869.67 | Q26: 810 | R26: 0 | S26: 38 | T26: =E26*M26*O26*Q26/100000000 -> 25.577318 | U26: =E26*M26*O26*(Q26-R26-S26)/100000000 -> 24.377395 | V26: =E26*G26*(1-N26)*O26/100*(R26+S26)/1000000 -> 1.1999236 | W26: =+'5'!K8/1000 -> 25.388 | X26: =SUM(W26:W30)/SUM(K26:K30) -> 0.82227366 | Y26: 0 | Z26: =+'5'!D16/1000 -> 0.29 | AA26: =SUM(U26:U30)-SUM(W26:W30)-SUM(Z26:Z30)-SUM(Y26:Y30) -> 5.0080172 | AB26: =(SUM(K26:K30)-SUM(W26:W30)-SUM(Y26:Y30)-SUM(Z26:Z30)-SUM(AC26:AC30)-SUM(V26:V30))-AA26 -> -0.041509 | AC26: =K26-T26 -> 0 | AD26: =+AM26+BA26 -> 17 | AE26: - Sheet Breaks (6x) | AF26: 17 | AM26: =SUM(AF26:AL26)+AT26+AV26+AX26 -> 17 | AR26: =SUM(AN26:AQ26) -> 0 | BA26: =+AR26+AS26+AU26+AW26+AY26+AZ26 -> 0 | BB26: 6
B27: Facial | C27: =(M27*E27*O27*Q27)/100000000 -> 12.324312 | D27: VP OW | E27: 13.5 | F27: 1 | G27: 1230 | H27: =+N27 -> 0.23 | I27: 0.88 | J27: =E27*G27*(1-H27)*1440/1000000*2.74 -> 50.44785 | K27: =(IF(G27<L27,L27,G27)*(1-IF(H27<N27,H27,N27))*E27*O27*Q27)/100000000 -> 12.63242 | L27: 1200 | M27: 924 | N27: =1-(M27/L27) -> 0.23 | O27: =+'Trim Rwd'!H18 -> 260 | P27: =O27*(Q27-R27-S27) -> 93600 | Q27: 380 | R27: 0 | S27: =74-S26-S28 -> 20 | T27: =E27*M27*O27*Q27/100000000 -> 12.324312 | U27: =E27*M27*O27*(Q27-R27-S27)/100000000 -> 11.675664 | V27: =E27*G27*(1-N27)*O27/100*(R27+S27)/1000000 -> 0.6648642 | W27: =+'5'!K10/1000 -> 10.827 | AC27: =K27-T27 -> 0.3081078 | AD27: =+AM27+BA27 -> 0 | AE27: - Change Blade (0x) | AG27: 0 | AM27: =SUM(AF27:AL27)+AT27+AV27+AX27 -> 0 | AR27: =SUM(AN27:AQ27) -> 0 | BA27: =+AR27+AS27+AU27+AW27+AY27+AZ27 -> 0 | BC27: 0
B28: Facial | C28: =(M28*E28*O28*Q28)/100000000 -> 8.6944 | D28: VP OW | E28: 16 | F28: 1 | G28: 1150 | H28: =+N28 -> 0.24 | I28: 0.88 | J28: =E28*G28*(1-H28)*1440/1000000*2.74 -> 55.17527 | K28: =(IF(G28<L28,L28,G28)*(1-IF(H28<N28,H28,N28))*E28*O28*Q28)/100000000 -> 9.0896 | L28: 1100 | M28: 836 | N28: =1-(M28/L28) -> 0.24 | O28: =+'Trim Rwd'!H19 -> 260 | P28: =O28*(Q28-R28-S28) -> 60840 | Q28: 250 | R28: 0 | S28: 16 | T28: =E28*M28*O28*Q28/100000000 -> 8.6944 | U28: =E28*M28*O28*(Q28-R28-S28)/100000000 -> 8.1379584 | V28: =E28*G28*(1-N28)*O28/100*(R28+S28)/1000000 -> 0.5817344 | W28: =+'5'!K9/1000 -> 2.678 | AC28: =K28-T28 -> 0.3952 | AD28: =+AM28+BA28 -> 57 | AE28: - Change Spool (29x) | AH28: 57 | AM28: =SUM(AF28:AL28)+AT28+AV28+AX28 -> 57 | AR28: =SUM(AN28:AQ28) -> 0 | BA28: =+AR28+AS28+AU28+AW28+AY28+AZ28 -> 0
AD29: =+AM29+BA29 -> 0 | AE29: - Cleaning | AI29: 0 | AM29: =SUM(AF29:AL29)+AT29+AV29+AX29 -> 0 | AR29: =SUM(AN29:AQ29) -> 0 | BA29: =+AR29+AS29+AU29+AW29+AY29+AZ29 -> 0
A31: 46087 | B31: Facial | C31: =(M31*E31*O31*Q31)/100000000 -> 24.680225 | D31: VP OW | E31: 16 | F31: 1 | G31: 1135 | H31: =+N31 -> 0.23 | I31: 0.88 | J31: =E31*G31*(1-H31)*1440/1000000*2.74 -> 55.172114 | K31: =(IF(G31<L31,L31,G31)*(1-IF(H31<N31,H31,N31))*E31*O31*Q31)/100000000 -> 25.465505 | L31: 1100 | M31: 847 | N31: =1-(M31/L31) -> 0.23 | O31: =+'Trim Rwd'!H21 -> 256.5 | P31: =O31*(Q31-R31-S31) -> 176472 | Q31: 710 | R31: 0 | S31: 22 | T31: =E31*M31*O31*Q31/100000000 -> 24.680225 | U31: =E31*M31*O31*(Q31-R31-S31)/100000000 -> 23.915485 | V31: =E31*G31*(1-N31)*O31/100*(R31+S31)/1000000 -> 0.78907198 | W31: =+'6'!K9/1000 -> 25.923 | X31: =SUM(W31:W35)/SUM(K31:K35) -> 0.58427889 | Y31: 0 | Z31: 0 | AA31: =SUM(U31:U35)-SUM(W31:W35)-SUM(Z31:Z35)-SUM(Y31:Y35) -> 0.80396208 | AB31: =(SUM(K31:K35)-SUM(W31:W35)-SUM(Y31:Y35)-SUM(Z31:Z35)-SUM(AC31:AC35)-SUM(V31:V35))-AA31 -> -0.45319674 | AC31: =K31-T31 -> 0.78527988 | AD31: =+AM31+BA31 -> 15 | AE31: - Sheet Breaks (5x) | AF31: 15 | AM31: =SUM(AF31:AL31)+AT31+AV31+AX31 -> 15 | AR31: =SUM(AN31:AQ31) -> 0 | BA31: =+AR31+AS31+AU31+AW31+AY31+AZ31 -> 0 | BB31: 5 | BD31: 1
B32: Facial | C32: =(M32*E32*O32*Q32)/100000000 -> 22.243042 | D32: VP OW | E32: 13 | F32: 1 | G32: 1230 | H32: =+N32 -> 0.24 | I32: 0.88 | J32: =E32*G32*(1-H32)*1440/1000000*2.74 -> 47.948509 | K32: =(IF(G32<L32,L32,G32)*(1-IF(H32<N32,H32,N32))*E32*O32*Q32)/100000000 -> 22.799118 | L32: 1200 | M32: 912 | N32: =1-(M32/L32) -> 0.24 | O32: =+'Trim Rwd'!H25 -> 257 | P32: =O32*(Q32-R32-S32) -> 42919 | Q32: =190+540 -> 730 | R32: 540 | S32: 23 | T32: =E32*M32*O32*Q32/100000000 -> 22.243042 | U32: =E32*M32*O32*(Q32-R32-S32)/100000000 -> 5.0884766 | V32: =E32*G32*(1-N32)*O32/100*(R32+S32)/1000000 -> 17.583429 | W32: =+'6'!K11/1000 -> 2.277 | AC32: =K32-T32 -> 0.55607604 | AD32: =+AM32+BA32 -> 0 | AE32: - Change Blade (0x) | AG32: 0 | AM32: =SUM(AF32:AL32)+AT32+AV32+AX32 -> 0 | AR32: =SUM(AN32:AQ32) -> 0 | BA32: =+AR32+AS32+AU32+AW32+AY32+AZ32 -> 0 | BC32: 0
AD33: =+AM33+BA33 -> 30 | AE33: - Change Spool (18x) | AH33: 30 | AM33: =SUM(AF33:AL33)+AT33+AV33+AX33 -> 30 | AR33: =SUM(AN33:AQ33) -> 0 | BA33: =+AR33+AS33+AU33+AW33+AY33+AZ33 -> 0
AD34: =+AM34+BA34 -> 0 | AE34: - Cleaning | AI34: 0 | AM34: =SUM(AF34:AL34)+AT34+AV34+AX34 -> 0 | AR34: =SUM(AN34:AQ34) -> 0 | BA34: =+AR34+AS34+AU34+AW34+AY34+AZ34 -> 0
AD35: =+AM35+BA35 -> 540 | AE35: - Sinergy Black Out | AI35: 0 | AM35: =SUM(AF35:AL35)+AT35+AV35+AX35 -> 0 | AR35: =SUM(AN35:AQ35) -> 0 | AW35: 540 | BA35: =+AR35+AS35+AU35+AW35+AY35+AZ35 -> 540
A37: 46088 | B37: Toilet | C37: =(M37*E37*O37*Q37)/100000000 -> 28.65689 | D37: VP OW | E37: 14 | F37: 1 | G37: 1135 | H37: =+N37 -> 0.24 | I37: 0.88 | J37: =E37*G37*(1-H37)*1440/1000000*2.74 -> 47.648644 | K37: =(IF(G37<L37,L37,G37)*(1-IF(H37<N37,H37,N37))*E37*O37*Q37)/100000000 -> 29.135764 | L37: 1116.3452 | M37: 848.42234 | N37: =1-(M37/L37) -> 0.24 | O37: =+'Trim Rwd'!H27 -> 266 | P37: =O37*(Q37-R37-S37) -> 93366 | Q37: =394+513 -> 907 | R37: 513 | S37: =25+18 -> 43 | T37: =E37*M37*O37*Q37/100000000 -> 28.65689 | U37: =E37*M37*O37*(Q37-R37-S37)/100000000 -> 11.089932 | V37: =E37*G37*(1-N37)*O37/100*(R37+S37)/1000000 -> 17.860513 | W37: =+'7'!K12/1000 -> 10.448 | X37: =SUM(W37:W41)/SUM(K37:K41) -> 0.37872762 | Y37: 0 | Z37: 0 | AA37: =SUM(U37:U41)-SUM(W37:W41)-SUM(Z37:Z41)-SUM(Y37:Y41) -> 5.9686098 | AB37: =(SUM(K37:K41)-SUM(W37:W41)-SUM(Y37:Y41)-SUM(Z37:Z41)-SUM(AC37:AC41)-SUM(V37:V41))-AA37 -> -0.43848529 | AC37: =K37-T37 -> 0.47887445 | AD37: =+AM37+BA37 -> 0 | AE37: - Sheet Breaks (0x) | AF37: 0 | AM37: =SUM(AF37:AL37)+AT37+AV37+AX37 -> 0 | AR37: =SUM(AN37:AQ37) -> 0 | BA37: =+AR37+AS37+AU37+AW37+AY37+AZ37 -> 0 | BB37: 0 | BD37: 1 | BF37: 1
B38: Facial | C38: =(M38*E38*O38*Q38)/100000000 -> 15.882981 | D38: VP OW | E38: 13 | F38: 1 | G38: 1230 | H38: 0.24 | I38: 0.88 | J38: =E38*G38*(1-H38)*1440/1000000*2.74 -> 47.948509 | K38: =(IF(G38<L38,L38,G38)*(1-IF(H38<N38,H38,N38))*E38*O38*Q38)/100000000 -> 16.646479 | L38: 1183.2143 | M38: 891.925 | N38: =1-(M38/L38) -> 0.24618473 | O38: =+'Trim Rwd'!H28 -> 257 | P38: =O38*(Q38-R38-S38) -> 105370 | Q38: =420+113 -> 533 | R38: 113 | S38: 10 | T38: =E38*M38*O38*Q38/100000000 -> 15.882981 | U38: =E38*M38*O38*(Q38-R38-S38)/100000000 -> 12.217678 | V38: =E38*G38*(1-N38)*O38/100*(R38+S38)/1000000 -> 3.8102339 | W38: =+'7'!K11/1000 -> 6.891 | AC38: =K38-T38 -> 0.76349785 | AD38: =+AM38+BA38 -> 15 | AE38: - Change Blade (6x) | AG38: 15 | AM38: =SUM(AF38:AL38)+AT38+AV38+AX38 -> 15 | AR38: =SUM(AN38:AQ38) -> 0 | BA38: =+AR38+AS38+AU38+AW38+AY38+AZ38 -> 0 | BC38: 6
AD39: =+AM39+BA39 -> 20 | AE39: - Change Spool (18x) | AH39: 20 | AM39: =SUM(AF39:AL39)+AT39+AV39+AX39 -> 20 | AR39: =SUM(AN39:AQ39) -> 0 | BA39: =+AR39+AS39+AU39+AW39+AY39+AZ39 -> 0
AD40: =+AM40+BA40 -> 408 | AE40: - Awal shift pm stop, tunggu power sinergy | AM40: =SUM(AF40:AL40)+AT40+AV40+AX40 -> 0 | AR40: =SUM(AN40:AQ40) -> 0 | AW40: 408 | BA40: =+AR40+AS40+AU40+AW40+AY40+AZ40 -> 408
AD41: =+AM41+BA41 -> 113 | AE41: - 00.16 pm trip, vaccum overload | AI41: 0 | AM41: =SUM(AF41:AL41)+AT41+AV41+AX41 -> 0 | AP41: 113 | AR41: =SUM(AN41:AQ41) -> 113 | BA41: =+AR41+AS41+AU41+AW41+AY41+AZ41 -> 113
AD42: =+AM42+BA42 -> 105 | AE42: - Pm stop, cleaning felt & wire pakai caustic soda | AM42: =SUM(AF42:AL42)+AT42+AV42+AX42 -> 0 | AN42: 105 | AR42: =SUM(AN42:AQ42) -> 105 | BA42: =+AR42+AS42+AU42+AW42+AY42+AZ42 -> 105
AD43: =+AM43+BA43 -> 18 | AE43: - seset hole blade : 560 kg ( burner hud mati ) | AK43: 18 | AM43: =SUM(AF43:AL43)+AT43+AV43+AX43 -> 18 | AR43: =SUM(AN43:AQ43) -> 0 | BA43: =+AR43+AS43+AU43+AW43+AY43+AZ43 -> 0
A45: 46089 | B45: Facial | C45: =(M45*E45*O45*Q45)/100000000 -> 6.164145 | D45: VP OW | E45: 13 | F45: 1 | G45: 1230 | H45: 0.24 | I45: 0.88 | J45: =E45*G45*(1-H45)*1440/1000000*2.74 -> 47.948509 | K45: =(IF(G45<L45,L45,G45)*(1-IF(H45<N45,H45,N45))*E45*O45*Q45)/100000000 -> 6.2463336 | L45: 1230 | M45: 922.5 | N45: =1-(M45/L45) -> 0.25 | O45: =+'Trim Rwd'!H30 -> 257 | P45: =O45*(Q45-R45-S45) -> 43690 | Q45: 200 | R45: 0 | S45: 30 | T45: =E45*M45*O45*Q45/100000000 -> 6.164145 | U45: =E45*M45*O45*(Q45-R45-S45)/100000000 -> 5.2395233 | V45: =E45*G45*(1-N45)*O45/100*(R45+S45)/1000000 -> 0.92462175 | W45: =+'8'!K11/1000 -> 10.664 | X45: =SUM(W45:W50)/SUM(K45:K50) -> 0.85678401 | Y45: 0 | Z45: 0 | AA45: =SUM(U45:U50)-SUM(W45:W50)-SUM(Z45:Z50)-SUM(Y45:Y50) -> -0.78399919 | AB45: =(SUM(K45:K50)-SUM(W45:W50)-SUM(Y45:Y50)-SUM(Z45:Z50)-SUM(AC45:AC50)-SUM(V45:V50))-AA45 -> -0.14824319 | AC45: =K45-T45 -> 0.0821886 | AD45: =+AM45+BA45 -> 12 | AE45: - Sheet Breaks (6x) | AF45: 12 | AM45: =SUM(AF45:AL45)+AT45+AV45+AX45 -> 12 | AR45: =SUM(AN45:AQ45) -> 0 | BA45: =+AR45+AS45+AU45+AW45+AY45+AZ45 -> 0 | BB45: 6
B46: Facial | C46: =(M46*E46*O46*Q46)/100000000 -> 34.364284 | D46: VP OW | E46: 11.5 | F46: 1 | G46: 1230 | H46: =+N46 -> 0.24 | I46: 0.88 | J46: =E46*G46*(1-H46)*1440/1000000*2.74 -> 42.415989 | K46: =(IF(G46<L46,L46,G46)*(1-IF(H46<N46,H46,N46))*E46*O46*Q46)/100000000 -> 35.45846 | L46: 1192.0447 | M46: 905.95397 | N46: =1-(M46/L46) -> 0.24 | O46: =+'Trim Rwd'!H31 -> 266 | P46: =O46*(Q46-R46-S46) -> 285152 | Q46: =1208+32 -> 1240 | R46: 32 | S46: =166-S45 -> 136 | T46: =E46*M46*O46*Q46/100000000 -> 34.364284 | U46: =E46*M46*O46*(Q46-R46-S46)/100000000 -> 29.708478 | V46: =E46*G46*(1-N46)*O46/100*(R46+S46)/1000000 -> 4.8040494 | W46: =+'8'!K13/1000 -> 25.068 | AC46: =K46-T46 -> 1.0941759 | AD46: =+AM46+BA46 -> 8 | AE46: - Change Blade (4x) | AG46: 8 | AM46: =SUM(AF46:AL46)+AT46+AV46+AX46 -> 8 | AR46: =SUM(AN46:AQ46) -> 0 | BA46: =+AR46+AS46+AU46+AW46+AY46+AZ46 -> 0 | BC46: 4
AD47: =+AM47+BA47 -> 47 | AE47: - Change Spool (26x) | AH47: 47 | AM47: =SUM(AF47:AL47)+AT47+AV47+AX47 -> 47 | AR47: =SUM(AN47:AQ47) -> 0 | BA47: =+AR47+AS47+AU47+AW47+AY47+AZ47 -> 0
AD48: =+AM48+BA48 -> 32 | AE48: - 15:54 pm stop vaccum trip info EID | AM48: =SUM(AF48:AL48)+AT48+AV48+AX48 -> 0 | AP48: 32 | AR48: =SUM(AN48:AQ48) -> 32 | BA48: =+AR48+AS48+AU48+AW48+AY48+AZ48 -> 32
AD49: =+AM49+BA49 -> 76 | AE49: - valve dilution tidak tertutup sempurna saat stop | AK49: 76 | AM49: =SUM(AF49:AL49)+AT49+AV49+AX49 -> 76 | AR49: =SUM(AN49:AQ49) -> 0 | BA49: =+AR49+AS49+AU49+AW49+AY49+AZ49 -> 0
AD50: =+AM50+BA50 -> 23 | AE50: - seset BW hunting : 600 kg ( valve dilution eror ) | AK50: 23 | AM50: =SUM(AF50:AL50)+AT50+AV50+AX50 -> 23 | AR50: =SUM(AN50:AQ50) -> 0 | BA50: =+AR50+AS50+AU50+AW50+AY50+AZ50 -> 0
A52: 46090 | B52: Facial | C52: =(M52*E52*O52*Q52)/100000000 -> 26.250698 | D52: VP OW | E52: 11.5 | F52: 1 | G52: 1230 | H52: =+N52 -> 0.24 | I52: 0.88 | J52: =E52*G52*(1-H52)*1440/1000000*2.74 -> 42.415989 | K52: =(IF(G52<L52,L52,G52)*(1-IF(H52<N52,H52,N52))*E52*O52*Q52)/100000000 -> 26.250698 | L52: 1230 | M52: 934.8 | N52: =1-(M52/L52) -> 0.24 | O52: =+'Trim Rwd'!H33 -> 266 | P52: =O52*(Q52-R52-S52) -> 233548 | Q52: 918 | R52: 0 | S52: 40 | T52: =E52*M52*O52*Q52/100000000 -> 26.250698 | U52: =E52*M52*O52*(Q52-R52-S52)/100000000 -> 25.106877 | V52: =E52*G52*(1-N52)*O52/100*(R52+S52)/1000000 -> 1.1438213 | W52: =+'9'!K13/1000 -> 28.863 | X52: =SUM(W52:W55)/SUM(K52:K55) -> 0.98369528 | Y52: 0 | Z52: 0 | AA52: =SUM(U52:U55)-SUM(W52:W55)-SUM(Z52:Z55)-SUM(Y52:Y55) -> -1.3787101 | AB52: =(SUM(K52:K55)-SUM(W52:W55)-SUM(Y52:Y55)-SUM(Z52:Z55)-SUM(AC52:AC55)-SUM(V52:V55))-AA52 -> -2.6645353e-15 | AC52: =K52-T52 -> 0 | AD52: =+AM52+BA52 -> 22 | AE52: - Sheet Breaks (10x) | AF52: 22 | AM52: =SUM(AF52:AL52)+AT52+AV52+AX52 -> 22 | AR52: =SUM(AN52:AQ52) -> 0 | BA52: =+AR52+AS52+AU52+AW52+AY52+AZ52 -> 0 | BB52: 10
B53: Facial | C53: =(M53*E53*O53*Q53)/100000000 -> 16.102865 | D53: VP OW | E53: 12 | F53: 1 | G53: 1230 | H53: =+N53 -> 0.24 | I53: 0.88 | J53: =E53*G53*(1-H53)*1440/1000000*2.74 -> 44.260163 | K53: =(IF(G53<L53,L53,G53)*(1-IF(H53<N53,H53,N53))*E53*O53*Q53)/100000000 -> 16.102865 | L53: 1230 | M53: 934.8 | N53: =1-(M53/L53) -> 0.24 | O53: =+'Trim Rwd'!H34 -> 275 | P53: =O53*(Q53-R53-S53) -> 135300 | Q53: 522 | R53: 0 | S53: 30 | T53: =E53*M53*O53*Q53/100000000 -> 16.102865 | U53: =E53*M53*O53*(Q53-R53-S53)/100000000 -> 15.177413 | V53: =E53*G53*(1-N53)*O53/100*(R53+S53)/1000000 -> 0.925452 | W53: =+'9'!K7/1000 -> 12.8 | AC53: =K53-T53 -> 0 | AD53: =+AM53+BA53 -> 0 | AE53: - Change Blade (0x) | AG53: 0 | AM53: =SUM(AF53:AL53)+AT53+AV53+AX53 -> 0 | AR53: =SUM(AN53:AQ53) -> 0 | BA53: =+AR53+AS53+AU53+AW53+AY53+AZ53 -> 0 | BC53: 0
AD54: =+AM54+BA54 -> 48 | AE54: - Change Spool (27x) | AH54: 48 | AM54: =SUM(AF54:AL54)+AT54+AV54+AX54 -> 48 | AR54: =SUM(AN54:AQ54) -> 0 | BA54: =+AR54+AS54+AU54+AW54+AY54+AZ54 -> 0
A56: 46091 | B56: Facial | C56: =(M56*E56*O56*Q56)/100000000 -> 44.421696 | D56: VP OW | E56: 12 | F56: 1 | G56: 1230 | H56: =+N56 -> 0.24 | I56: 0.88 | J56: =E56*G56*(1-H56)*1440/1000000*2.74 -> 44.260163 | K56: =(IF(G56<L56,L56,G56)*(1-IF(H56<N56,H56,N56))*E56*O56*Q56)/100000000 -> 44.421696 | L56: 1230 | M56: 934.8 | N56: =1-(M56/L56) -> 0.24 | O56: =+'Trim Rwd'!H36 -> 275 | P56: =O56*(Q56-R56-S56) -> 376475 | Q56: 1440 | R56: 0 | S56: 71 | T56: =E56*M56*O56*Q56/100000000 -> 44.421696 | U56: =E56*M56*O56*(Q56-R56-S56)/100000000 -> 42.23146 | V56: =E56*G56*(1-N56)*O56/100*(R56+S56)/1000000 -> 2.1902364 | W56: =+'10'!K7/1000 -> 41.02 | X56: =SUM(W56:W59)/SUM(K56:K59) -> 0.92342264 | Y56: 0 | Z56: 0 | AA56: =SUM(U56:U59)-SUM(W56:W59)-SUM(Z56:Z59)-SUM(Y56:Y59) -> 1.2114596 | AB56: =(SUM(K56:K59)-SUM(W56:W59)-SUM(Y56:Y59)-SUM(Z56:Z59)-SUM(AC56:AC59)-SUM(V56:V59))-AA56 -> -3.5527137e-15 | AC56: =K56-T56 -> 0 | AD56: =+AM56+BA56 -> 18 | AE56: - Sheet Breaks (6x) | AF56: 18 | AM56: =SUM(AF56:AL56)+AT56+AV56+AX56 -> 18 | AR56: =SUM(AN56:AQ56) -> 0 | BA56: =+AR56+AS56+AU56+AW56+AY56+AZ56 -> 0 | BB56: 6
AD57: =+AM57+BA57 -> 9 | AE57: - Change Blade (4x) | AG57: 9 | AM57: =SUM(AF57:AL57)+AT57+AV57+AX57 -> 9 | AR57: =SUM(AN57:AQ57) -> 0 | BA57: =+AR57+AS57+AU57+AW57+AY57+AZ57 -> 0 | BC57: 4
AD58: =+AM58+BA58 -> 44 | AE58: - Change Spool (25x) | AH58: 44 | AM58: =SUM(AF58:AL58)+AT58+AV58+AX58 -> 44 | AR58: =SUM(AN58:AQ58) -> 0 | BA58: =+AR58+AS58+AU58+AW58+AY58+AZ58 -> 0
A60: 46092 | B60: Facial | C60: =(M60*E60*O60*Q60)/100000000 -> 39.701891 | D60: VP OW | E60: 12 | F60: 1 | G60: 1230 | H60: =+N60 -> 0.24 | I60: 0.88 | J60: =E60*G60*(1-H60)*1440/1000000*2.74 -> 44.260163 | K60: =(IF(G60<L60,L60,G60)*(1-IF(H60<N60,H60,N60))*E60*O60*Q60)/100000000 -> 39.701891 | L60: 1230 | M60: 934.8 | N60: =1-(M60/L60) -> 0.24 | O60: =+'Trim Rwd'!H38 -> 275 | P60: =O60*(Q60-R60-S60) -> 337150 | Q60: 1287 | R60: 0 | S60: 61 | T60: =E60*M60*O60*Q60/100000000 -> 39.701891 | U60: =E60*M60*O60*(Q60-R60-S60)/100000000 -> 37.820138 | V60: =E60*G60*(1-N60)*O60/100*(R60+S60)/1000000 -> 1.8817524 | W60: =+'11'!K7/1000 -> 37.627 | X60: =SUM(W60:W63)/SUM(K60:K63) -> 0.87454588 | Y60: 0 | Z60: 0 | AA60: =SUM(U60:U63)-SUM(W60:W63)-SUM(Z60:Z63)-SUM(Y60:Y63) -> 3.3118307 | AB60: =(SUM(K60:K63)-SUM(W60:W63)-SUM(Y60:Y63)-SUM(Z60:Z63)-SUM(AC60:AC63)-SUM(V60:V63))-AA60 -> -0.0045015098 | AC60: =K60-T60 -> 0 | AD60: =+AM60+BA60 -> 18 | AE60: - Sheet Breaks (9x) | AF60: 18 | AM60: =SUM(AF60:AL60)+AT60+AV60+AX60 -> 18 | AR60: =SUM(AN60:AQ60) -> 0 | BA60: =+AR60+AS60+AU60+AW60+AY60+AZ60 -> 0 | BB60: 9
B61: Facial | C61: =(M61*E61*O61*Q61)/100000000 -> 4.5436638 | D61: VP OW | E61: 12.5 | F61: 1 | G61: 1230 | H61: =+N61 -> 0.24 | I61: 0.88 | J61: =E61*G61*(1-H61)*1440/1000000*2.74 -> 46.104336 | K61: =(IF(G61<L61,L61,G61)*(1-IF(H61<N61,H61,N61))*E61*O61*Q61)/100000000 -> 4.6125369 | L61: 1211.634 | M61: 920.84183 | N61: =1-(M61/L61) -> 0.24 | O61: =+'Trim Rwd'!H39 -> 258 | P61: =O61*(Q61-R61-S61) -> 36894 | Q61: 153 | R61: 0 | S61: 10 | T61: =E61*M61*O61*Q61/100000000 -> 4.5436638 | U61: =E61*M61*O61*(Q61-R61-S61)/100000000 -> 4.2466923 | V61: =E61*G61*(1-N61)*O61/100*(R61+S61)/1000000 -> 0.301473 | W61: =+'11'!K14/1000 -> 1.128 | AC61: =K61-T61 -> 0.0688731 | AD61: =+AM61+BA61 -> 0 | AE61: - Change Blade (0x) | AG61: 0 | AM61: =SUM(AF61:AL61)+AT61+AV61+AX61 -> 0 | AR61: =SUM(AN61:AQ61) -> 0 | BA61: =+AR61+AS61+AU61+AW61+AY61+AZ61 -> 0 | BC61: 0
AD62: =+AM62+BA62 -> 53 | AE62: - Change Spool (26x) | AH62: 53 | AM62: =SUM(AF62:AL62)+AT62+AV62+AX62 -> 53 | AR62: =SUM(AN62:AQ62) -> 0 | BA62: =+AR62+AS62+AU62+AW62+AY62+AZ62 -> 0
A64: 46093 | B64: Facial | C64: =(M64*E64*O64*Q64)/100000000 -> 9.04419 | D64: VP OW | E64: 12.5 | F64: 1 | G64: 1230 | H64: =+N64 -> 0.24 | I64: 0.88 | J64: =E64*G64*(1-H64)*1440/1000000*2.74 -> 46.104336 | K64: =(IF(G64<L64,L64,G64)*(1-IF(H64<N64,H64,N64))*E64*O64*Q64)/100000000 -> 9.04419 | L64: 1230 | M64: 934.8 | N64: =1-(M64/L64) -> 0.24 | O64: =+'Trim Rwd'!H41 -> 258 | P64: =O64*(Q64-R64-S64) -> 72240 | Q64: 300 | R64: 0 | S64: 20 | T64: =E64*M64*O64*Q64/100000000 -> 9.04419 | U64: =E64*M64*O64*(Q64-R64-S64)/100000000 -> 8.441244 | V64: =E64*G64*(1-N64)*O64/100*(R64+S64)/1000000 -> 0.602946 | W64: =+'12'!K14/1000 -> 9.004 | X64: =SUM(W64:W67)/SUM(K64:K67) -> 0.8757877 | Y64: 0 | Z64: =+'12'!D7/1000 -> 0.25 | AA64: =SUM(U64:U67)-SUM(W64:W67)-SUM(Z64:Z67)-SUM(Y64:Y67) -> 2.0185818 | AB64: =(SUM(K64:K67)-SUM(W64:W67)-SUM(Y64:Y67)-SUM(Z64:Z67)-SUM(AC64:AC67)-SUM(V64:V67))-AA64 -> -0.031774907 | AC64: =K64-T64 -> 0 | AD64: =+AM64+BA64 -> 28 | AE64: - Sheet Breaks (9x) | AF64: 28 | AM64: =SUM(AF64:AL64)+AT64+AV64+AX64 -> 28 | AR64: =SUM(AN64:AQ64) -> 0 | BA64: =+AR64+AS64+AU64+AW64+AY64+AZ64 -> 0 | BB64: 9
B65: Facial | C65: =(M65*E65*O65*Q65)/100000000 -> 25.173672 | D65: VP OW | E65: 14 | F65: 1 | G65: =+L65 -> 1180 | H65: =+N65 -> 0.27754889 | I65: 0.88 | J65: =E65*G65*(1-H65)*1440/1000000*2.74 -> 47.090311 | K65: =(IF(G65<L65,L65,G65)*(1-IF(H65<N65,H65,N65))*E65*O65*Q65)/100000000 -> 25.173672 | L65: 1180 | M65: 852.49231 | N65: =1-(M65/L65) -> 0.27754889 | O65: =+'Trim Rwd'!H42 -> 275 | P65: =O65*(Q65-R65-S65) -> 197175 | Q65: 767 | R65: 0 | S65: 50 | T65: =E65*M65*O65*Q65/100000000 -> 25.173672 | U65: =E65*M65*O65*(Q65-R65-S65)/100000000 -> 23.532624 | V65: =E65*G65*(1-N65)*O65/100*(R65+S65)/1000000 -> 1.6410477 | W65: =+'12'!K8/1000 -> 19.27 | Z65: =+'12'!D8/1000 -> 0.036 | AC65: =K65-T65 -> 0 | AD65: =+AM65+BA65 -> 0 | AE65: - Change Blade (0x) | AG65: 0 | AM65: =SUM(AF65:AL65)+AT65+AV65+AX65 -> 0 | AR65: =SUM(AN65:AQ65) -> 0 | BA65: =+AR65+AS65+AU65+AW65+AY65+AZ65 -> 0 | BC65: 0
B66: Toilet | C66: =(M66*E66*O66*Q66)/100000000 -> 11.577491 | D66: VP OW | E66: 13 | F66: 1 | G66: 1230 | H66: =+N66 -> 0.23 | I66: 0.88 | J66: =E66*G66*(1-H66)*1440/1000000*2.74 -> 48.579411 | K66: =(IF(G66<L66,L66,G66)*(1-IF(H66<N66,H66,N66))*E66*O66*Q66)/100000000 -> 12.170093 | L66: 1170.1072 | M66: 900.98257 | N66: =1-(M66/L66) -> 0.23 | O66: =+'Trim Rwd'!H43 -> 265 | P66: =O66*(Q66-R66-S66) -> 93545 | Q66: 373 | R66: 0 | S66: 20 | T66: =E66*M66*O66*Q66/100000000 -> 11.577491 | U66: =E66*M66*O66*(Q66-R66-S66)/100000000 -> 10.956714 | V66: =E66*G66*(1-N66)*O66/100*(R66+S66)/1000000 -> 0.6525519 | W66: =+'12'!K15/1000 -> 12.352 | AC66: =K66-T66 -> 0.59260201 | AD66: =+AM66+BA66 -> 62 | AE66: - Change Spool (30x) | AH66: 62 | AM66: =SUM(AF66:AL66)+AT66+AV66+AX66 -> 62 | AR66: =SUM(AN66:AQ66) -> 0 | BA66: =+AR66+AS66+AU66+AW66+AY66+AZ66 -> 0
A68: 46094 | B68: Toilet | C68: =(M68*E68*O68*Q68)/100000000 -> 1.4397926 | D68: VP OW | E68: 13 | F68: 1 | G68: 1230 | H68: =+N68 -> 0.24 | I68: 0.88 | J68: =E68*G68*(1-H68)*1440/1000000*2.74 -> 47.948509 | K68: =(IF(G68<L68,L68,G68)*(1-IF(H68<N68,H68,N68))*E68*O68*Q68)/100000000 -> 1.4757875 | L68: 1200 | M68: 912 | N68: =1-(M68/L68) -> 0.24 | O68: =+'Trim Rwd'!H46 -> 264 | P68: =O68*(Q68-R68-S68) -> 9240 | Q68: 46 | R68: 0 | S68: 11 | T68: =E68*M68*O68*Q68/100000000 -> 1.4397926 | U68: =E68*M68*O68*(Q68-R68-S68)/100000000 -> 1.0954944 | V68: =E68*G68*(1-N68)*O68/100*(R68+S68)/1000000 -> 0.3529057 | W68: =+'13'!K15/1000 -> 3.903 | X68: =SUM(W68:W71)/SUM(K68:K71) -> 0.88488626 | Y68: 0 | Z68: 0 | AA68: =SUM(U68:U71)-SUM(W68:W71)-SUM(Z68:Z71)-SUM(Y68:Y71) -> 1.6300061 | AB68: =(SUM(K68:K71)-SUM(W68:W71)-SUM(Y68:Y71)-SUM(Z68:Z71)-SUM(AC68:AC71)-SUM(V68:V71))-AA68 -> -0.063377307 | AC68: =K68-T68 -> 0.035994816 | AD68: =+AM68+BA68 -> 6 | AE68: - Sheet Breaks (3x) | AF68: 6 | AM68: =SUM(AF68:AL68)+AT68+AV68+AX68 -> 6 | AR68: =SUM(AN68:AQ68) -> 0 | BA68: =+AR68+AS68+AU68+AW68+AY68+AZ68 -> 0 | BB68: 3
B69: Toilet | C69: =(M69*E69*O69*Q69)/100000000 -> 41.159064 | D69: VP OW | E69: 12.5 | F69: 1 | G69: 1230 | H69: =+N69 -> 0.22966811 | I69: 0.88 | J69: =E69*G69*(1-H69)*1440/1000000*2.74 -> 46.731106 | K69: =(IF(G69<L69,L69,G69)*(1-IF(H69<N69,H69,N69))*E69*O69*Q69)/100000000 -> 42.43155 | L69: 1193.1133 | M69: 919.09326 | N69: =1-(M69/L69) -> 0.22966811 | O69: =+'Trim Rwd'!H47 -> 257 | P69: =O69*(Q69-R69-S69) -> 342838 | Q69: 1394 | R69: 0 | S69: 60 | T69: =E69*M69*O69*Q69/100000000 -> 41.159064 | U69: =E69*M69*O69*(Q69-R69-S69)/100000000 -> 39.387512 | V69: =E69*G69*(1-N69)*O69/100*(R69+S69)/1000000 -> 1.8263221 | W69: =+'13'!K16/1000 -> 34.95 | AC69: =K69-T69 -> 1.2724862 | AD69: =+AM69+BA69 -> 21 | AE69: - Change Blade (8x) | AG69: 21 | AM69: =SUM(AF69:AL69)+AT69+AV69+AX69 -> 21 | AR69: =SUM(AN69:AQ69) -> 0 | BA69: =+AR69+AS69+AU69+AW69+AY69+AZ69 -> 0 | BC69: 8
AC70: =K70-T70 -> 0 | AD70: =+AM70+BA70 -> 44 | AE70: - Change Spool (27x) | AH70: 44 | AM70: =SUM(AF70:AL70)+AT70+AV70+AX70 -> 44 | AR70: =SUM(AN70:AQ70) -> 0 | BA70: =+AR70+AS70+AU70+AW70+AY70+AZ70 -> 0
A72: 46095 | B72: Toilet | C72: =(M72*E72*O72*Q72)/100000000 -> 3.0648214 | D72: VP OW | E72: 12.5 | F72: 1 | G72: 1230 | H72: =+N72 -> 0.23 | I72: 0.88 | J72: =E72*G72*(1-H72)*1440/1000000*2.74 -> 46.710972 | K72: =(IF(G72<L72,L72,G72)*(1-IF(H72<N72,H72,N72))*E72*O72*Q72)/100000000 -> 3.1946867 | L72: 1180 | M72: 908.6 | N72: =1-(M72/L72) -> 0.23 | O72: =+'Trim Rwd'!H50 -> 257 | P72: =O72*(Q72-R72-S72) -> 20560 | Q72: 105 | R72: 0 | S72: 25 | T72: =E72*M72*O72*Q72/100000000 -> 3.0648214 | U72: =E72*M72*O72*(Q72-R72-S72)/100000000 -> 2.335102 | V72: =E72*G72*(1-N72)*O72/100*(R72+S72)/1000000 -> 0.76063969 | W72: =+'14'!K16/1000 -> 5.878 | X72: =SUM(W72:W75)/SUM(K72:K75) -> 0.85030076 | Y72: 0 | Z72: 0 | AA72: =SUM(U72:U75)-SUM(W72:W75)-SUM(Z72:Z75)-SUM(Y72:Y75) -> 1.7327379 | AB72: =(SUM(K72:K75)-SUM(W72:W75)-SUM(Y72:Y75)-SUM(Z72:Z75)-SUM(AC72:AC75)-SUM(V72:V75))-AA72 -> -0.15110958 | AC72: =K72-T72 -> 0.12986531 | AD72: =+AM72+BA72 -> 30 | AE72: - Sheet Breaks (9x) | AF72: 30 | AM72: =SUM(AF72:AL72)+AT72+AV72+AX72 -> 30 | AR72: =SUM(AN72:AQ72) -> 0 | BA72: =+AR72+AS72+AU72+AW72+AY72+AZ72 -> 0 | BB72: 9
B73: Toilet | C73: =(M73*E73*O73*Q73)/100000000 -> 41.918826 | D73: VP OW | E73: 13 | F73: 1 | G73: 1230 | H73: =+N73 -> 0.19427473 | I73: 0.88 | J73: =E73*G73*(1-H73)*1440/1000000*2.74 -> 50.833324 | K73: =(IF(G73<L73,L73,G73)*(1-IF(H73<N73,H73,N73))*E73*O73*Q73)/100000000 -> 44.116808 | L73: 1168.7191 | M73: 941.66652 | N73: =1-(M73/L73) -> 0.19427473 | O73: =+'Trim Rwd'!H49 -> 256.5 | P73: =O73*(Q73-R73-S73) -> 323703 | Q73: 1335 | R73: 0 | S73: =98-S72 -> 73 | T73: =E73*M73*O73*Q73/100000000 -> 41.918826 | U73: =E73*M73*O73*(Q73-R73-S73)/100000000 -> 39.626636 | V73: =E73*G73*(1-N73)*O73/100*(R73+S73)/1000000 -> 2.4123798 | W73: =+'14'!K15/1000 -> 34.351 | AC73: =K73-T73 -> 2.1979818 | AD73: =+AM73+BA73 -> 2 | AE73: - Change Blade (1x) | AG73: 2 | AM73: =SUM(AF73:AL73)+AT73+AV73+AX73 -> 2 | AR73: =SUM(AN73:AQ73) -> 0 | BA73: =+AR73+AS73+AU73+AW73+AY73+AZ73 -> 0 | BC73: 1
AD74: =+AM74+BA74 -> 41 | AE74: - Change Spool (25x) | AH74: 41 | AM74: =SUM(AF74:AL74)+AT74+AV74+AX74 -> 41 | AR74: =SUM(AN74:AQ74) -> 0 | BA74: =+AR74+AS74+AU74+AW74+AY74+AZ74 -> 0
AD75: =+AM75+BA75 -> 25 | AE75: - 10.15 hood wet padam | AK75: 25 | AM75: =SUM(AF75:AL75)+AT75+AV75+AX75 -> 25 | AR75: =SUM(AN75:AQ75) -> 0 | BA75: =+AR75+AS75+AU75+AW75+AY75+AZ75 -> 0
A77: 46096 | B77: Toilet | C77: =(M77*E77*O77*Q77)/100000000 -> 45.804826 | D77: VP OW | E77: 13 | F77: 1 | G77: 1230 | H77: =+N77 -> 0.19385915 | I77: 0.88 | J77: =E77*G77*(1-H77)*1440/1000000*2.74 -> 50.859542 | K77: =(IF(G77<L77,L77,G77)*(1-IF(H77<N77,H77,N77))*E77*O77*Q77)/100000000 -> 47.611214 | L77: 1183.3333 | M77: 953.93333 | N77: =1-(M77/L77) -> 0.19385915 | O77: =+'Trim Rwd'!H52 -> 256.5 | P77: =O77*(Q77-R77-S77) -> 343710 | Q77: 1440 | R77: 0 | S77: 100 | T77: =E77*M77*O77*Q77/100000000 -> 45.804826 | U77: =E77*M77*O77*(Q77-R77-S77)/100000000 -> 42.623935 | V77: =E77*G77*(1-N77)*O77/100*(R77+S77)/1000000 -> 3.3063343 | W77: =+'15'!K15/1000 -> 40.757 | X77: =SUM(W77:W80)/SUM(K77:K80) -> 0.85603783 | Y77: 0 | Z77: 0 | AA77: =SUM(U77:U80)-SUM(W77:W80)-SUM(Z77:Z80)-SUM(Y77:Y80) -> 1.8669354 | AB77: =(SUM(K77:K80)-SUM(W77:W80)-SUM(Y77:Y80)-SUM(Z77:Z80)-SUM(AC77:AC80)-SUM(V77:V80))-AA77 -> -0.12544358 | AC77: =K77-T77 -> 1.8063875 | AD77: =+AM77+BA77 -> 30 | AE77: - Sheet Breaks (9x) | AF77: 30 | AM77: =SUM(AF77:AL77)+AT77+AV77+AX77 -> 30 | AR77: =SUM(AN77:AQ77) -> 0 | BA77: =+AR77+AS77+AU77+AW77+AY77+AZ77 -> 0 | BB77: 9
AC78: =K78-T78 -> 0 | AD78: =+AM78+BA78 -> 0 | AE78: - Change Blade (0x) | AG78: 0 | AM78: =SUM(AF78:AL78)+AT78+AV78+AX78 -> 0 | AR78: =SUM(AN78:AQ78) -> 0 | BA78: =+AR78+AS78+AU78+AW78+AY78+AZ78 -> 0 | BC78: 0
AD79: =+AM79+BA79 -> 48 | AE79: - Change Spool (24x) | AH79: 48 | AM79: =SUM(AF79:AL79)+AT79+AV79+AX79 -> 48 | AR79: =SUM(AN79:AQ79) -> 0 | BA79: =+AR79+AS79+AU79+AW79+AY79+AZ79 -> 0
AD80: =+AM80+BA80 -> 22 | AE80: - 11.28 hood dry padam | AK80: 22 | AM80: =SUM(AF80:AL80)+AT80+AV80+AX80 -> 22 | AR80: =SUM(AN80:AQ80) -> 0 | BA80: =+AR80+AS80+AU80+AW80+AY80+AZ80 -> 0
A82: 46097 | B82: Toilet | C82: =(M82*E82*O82*Q82)/100000000 -> 34.761162 | D82: VP OW | E82: 13 | F82: 1 | G82: 1230 | H82: =+N82 -> 0.20282175 | I82: 0.88 | J82: =E82*G82*(1-H82)*1440/1000000*2.74 -> 50.294091 | K82: =(IF(G82<L82,L82,G82)*(1-IF(H82<N82,H82,N82))*E82*O82*Q82)/100000000 -> 36.29228 | L82: 1178.1081 | M82: 939.16216 | N82: =1-(M82/L82) -> 0.20282175 | O82: =+'Trim Rwd'!H54 -> 256.5 | P82: =O82*(Q82-R82-S82) -> 264195 | Q82: =1440-Q83 -> 1110 | R82: 0 | S82: 80 | T82: =E82*M82*O82*Q82/100000000 -> 34.761162 | U82: =E82*M82*O82*(Q82-R82-S82)/100000000 -> 32.255853 | V82: =E82*G82*(1-N82)*O82/100*(R82+S82)/1000000 -> 2.6156598 | W82: =+'16'!K15/1000 -> 33.502 | X82: =SUM(W82:W85)/SUM(K82:K85) -> 0.85259395 | Y82: 0 | Z82: 0 | AA82: =SUM(U82:U85)-SUM(W82:W85)-SUM(Z82:Z85)-SUM(Y82:Y85) -> 2.0630829 | AB82: =(SUM(K82:K85)-SUM(W82:W85)-SUM(Y82:Y85)-SUM(Z82:Z85)-SUM(AC82:AC85)-SUM(V82:V85))-AA82 -> -0.11035084 | AC82: =K82-T82 -> 1.5311179 | AD82: =+AM82+BA82 -> 18 | AE82: - Sheet Breaks (6x) | AF82: 18 | AM82: =SUM(AF82:AL82)+AT82+AV82+AX82 -> 18 | AR82: =SUM(AN82:AQ82) -> 0 | BA82: =+AR82+AS82+AU82+AW82+AY82+AZ82 -> 0 | BB82: 6
B83: Toilet | C83: =(M83*E83*O83*Q83)/100000000 -> 10.040444 | D83: VP OW | E83: 12.5 | F83: 1 | G83: 1230 | H83: =+N83 -> 0.23 | I83: 0.88 | J83: =E83*G83*(1-H83)*1440/1000000*2.74 -> 46.710972 | K83: =(IF(G83<L83,L83,G83)*(1-IF(H83<N83,H83,N83))*E83*O83*Q83)/100000000 -> 10.040444 | L83: 1230 | M83: 947.1 | N83: =1-(M83/L83) -> 0.23 | O83: =+'Trim Rwd'!H55 -> 257 | P83: =O83*(Q83-R83-S83) -> 78642 | Q83: 330 | R83: 0 | S83: 24 | T83: =E83*M83*O83*Q83/100000000 -> 10.040444 | U83: =E83*M83*O83*(Q83-R83-S83)/100000000 -> 9.3102298 | V83: =E83*G83*(1-N83)*O83/100*(R83+S83)/1000000 -> 0.7302141 | W83: =+'16'!K16/1000 -> 6.001 | AC83: =K83-T83 -> 0 | AD83: =+AM83+BA83 -> 10 | AE83: - Change Blade (7x) | AG83: 10 | AM83: =SUM(AF83:AL83)+AT83+AV83+AX83 -> 10 | AR83: =SUM(AN83:AQ83) -> 0 | BA83: =+AR83+AS83+AU83+AW83+AY83+AZ83 -> 0 | BC83: 7
AD84: =+AM84+BA84 -> 51 | AE84: - Change Spool (25x) | AH84: 51 | AM84: =SUM(AF84:AL84)+AT84+AV84+AX84 -> 51 | AR84: =SUM(AN84:AQ84) -> 0 | BA84: =+AR84+AS84+AU84+AW84+AY84+AZ84 -> 0
AD85: =+AM85+BA85 -> 25 | AE85: - 23:55 dry hood off cek Eid. Pm sirkulasi tunggu hood nyala | AK85: 25 | AM85: =SUM(AF85:AL85)+AT85+AV85+AX85 -> 25 | AR85: =SUM(AN85:AQ85) -> 0 | BA85: =+AR85+AS85+AU85+AW85+AY85+AZ85 -> 0
A87: 46098 | B87: Toilet | C87: =(M87*E87*O87*Q87)/100000000 -> 44.381844 | D87: VP OW | E87: 12.5 | F87: 1 | G87: 1230 | H87: =+N87 -> 0.22 | I87: 0.88 | J87: =E87*G87*(1-H87)*1440/1000000*2.74 -> 47.317608 | K87: =(IF(G87<L87,L87,G87)*(1-IF(H87<N87,H87,N87))*E87*O87*Q87)/100000000 -> 44.381844 | L87: 1230 | M87: 959.4 | N87: =1-(M87/L87) -> 0.22 | O87: =+'Trim Rwd'!H57 -> 257 | P87: =O87*(Q87-R87-S87) -> 41377 | Q87: 1440 | R87: 1265 | S87: 14 | T87: =E87*M87*O87*Q87/100000000 -> 44.381844 | U87: =E87*M87*O87*(Q87-R87-S87)/100000000 -> 4.9621367 | V87: =E87*G87*(1-N87)*O87/100*(R87+S87)/1000000 -> 39.419707 | W87: =+'17'!K16/1000 -> 5.859 | X87: =SUM(W87:W90)/SUM(K87:K90) -> 0.13201344 | Y87: 0 | Z87: 0 | AA87: =SUM(U87:U90)-SUM(W87:W90)-SUM(Z87:Z90)-SUM(Y87:Y90) -> -0.89686328 | AB87: =(SUM(K87:K90)-SUM(W87:W90)-SUM(Y87:Y90)-SUM(Z87:Z90)-SUM(AC87:AC90)-SUM(V87:V90))-AA87 -> -8.8817842e-16 | AC87: =K87-T87 -> 0 | AD87: =+AM87+BA87 -> 6 | AE87: - Sheet Breaks (2x) | AF87: 6 | AM87: =SUM(AF87:AL87)+AT87+AV87+AX87 -> 6 | AR87: =SUM(AN87:AQ87) -> 0 | BA87: =+AR87+AS87+AU87+AW87+AY87+AZ87 -> 0 | BB87: 2
AD88: =+AM88+BA88 -> 0 | AE88: - Change Blade (0x) | AG88: 0 | AM88: =SUM(AF88:AL88)+AT88+AV88+AX88 -> 0 | AR88: =SUM(AN88:AQ88) -> 0 | BA88: =+AR88+AS88+AU88+AW88+AY88+AZ88 -> 0 | BC88: 0
AD89: =+AM89+BA89 -> 8 | AE89: - Change Spool (5x) | AH89: 8 | AM89: =SUM(AF89:AL89)+AT89+AV89+AX89 -> 8 | AR89: =SUM(AN89:AQ89) -> 0 | BA89: =+AR89+AS89+AU89+AW89+AY89+AZ89 -> 0
AD90: =+AM90+BA90 -> 1265 | AE90: - 09:55 pm stop buburan sudah habis, boil out | AM90: =SUM(AF90:AL90)+AT90+AV90+AX90 -> 0 | AR90: =SUM(AN90:AQ90) -> 0 | AZ90: 1265 | BA90: =+AR90+AS90+AU90+AW90+AY90+AZ90 -> 1265
A92: 46099 | B92: Toilet | C92: =(M92*E92*O92*Q92)/100000000 -> 44.209152 | D92: VP OW | E92: 12.5 | F92: 1 | G92: 1230 | H92: =+N92 -> 0.22 | I92: 0.88 | J92: =E92*G92*(1-H92)*1440/1000000*2.74 -> 47.317608 | K92: =(IF(G92<L92,L92,G92)*(1-IF(H92<N92,H92,N92))*E92*O92*Q92)/100000000 -> 44.209152 | L92: 1230 | M92: 959.4 | N92: =1-(M92/L92) -> 0.22 | O92: =+'Trim Rwd'!H59 -> 256 | P92: =O92*(Q92-R92-S92) -> 0 | Q92: 1440 | R92: 1440 | S92: 0 | T92: =E92*M92*O92*Q92/100000000 -> 44.209152 | U92: =E92*M92*O92*(Q92-R92-S92)/100000000 -> 0 | V92: =E92*G92*(1-N92)*O92/100*(R92+S92)/1000000 -> 44.209152 | W92: =+'18'!K34/1000 -> 0 | X92: =SUM(W92:W95)/SUM(K92:K95) -> 0 | Y92: 0 | Z92: 0 | AA92: =SUM(U92:U95)-SUM(W92:W95)-SUM(Z92:Z95)-SUM(Y92:Y95) -> 0 | AB92: =(SUM(K92:K95)-SUM(W92:W95)-SUM(Y92:Y95)-SUM(Z92:Z95)-SUM(AC92:AC95)-SUM(V92:V95))-AA92 -> 0 | AC92: =K92-T92 -> 0 | AD92: =+AM92+BA92 -> 0 | AE92: - Sheet Breaks (0x) | AF92: 0 | AM92: =SUM(AF92:AL92)+AT92+AV92+AX92 -> 0 | AR92: =SUM(AN92:AQ92) -> 0 | BA92: =+AR92+AS92+AU92+AW92+AY92+AZ92 -> 0 | BB92: 0
AD93: =+AM93+BA93 -> 0 | AE93: - Change Blade (0x) | AG93: 0 | AM93: =SUM(AF93:AL93)+AT93+AV93+AX93 -> 0 | AR93: =SUM(AN93:AQ93) -> 0 | BA93: =+AR93+AS93+AU93+AW93+AY93+AZ93 -> 0 | BC93: 0
AD94: =+AM94+BA94 -> 0 | AE94: - Change Spool (0x) | AH94: 0 | AM94: =SUM(AF94:AL94)+AT94+AV94+AX94 -> 0 | AR94: =SUM(AN94:AQ94) -> 0 | BA94: =+AR94+AS94+AU94+AW94+AY94+AZ94 -> 0
AD95: =+AM95+BA95 -> 1440 | AE95: - Awal Shift PM STOP, Schedule Lebaran | AM95: =SUM(AF95:AL95)+AT95+AV95+AX95 -> 0 | AR95: =SUM(AN95:AQ95) -> 0 | AZ95: 1440 | BA95: =+AR95+AS95+AU95+AW95+AY95+AZ95 -> 1440
A97: 46100 | B97: Toilet | C97: =(M97*E97*O97*Q97)/100000000 -> 44.209152 | D97: VP OW | E97: 12.5 | F97: 1 | G97: 1230 | H97: =+N97 -> 0.22 | I97: 0.88 | J97: =E97*G97*(1-H97)*1440/1000000*2.74 -> 47.317608 | K97: =(IF(G97<L97,L97,G97)*(1-IF(H97<N97,H97,N97))*E97*O97*Q97)/100000000 -> 44.209152 | L97: 1230 | M97: 959.4 | N97: =1-(M97/L97) -> 0.22 | O97: =+'Trim Rwd'!H61 -> 256 | P97: =O97*(Q97-R97-S97) -> 0 | Q97: 1440 | R97: 1440 | S97: 0 | T97: =E97*M97*O97*Q97/100000000 -> 44.209152 | U97: =E97*M97*O97*(Q97-R97-S97)/100000000 -> 0 | V97: =E97*G97*(1-N97)*O97/100*(R97+S97)/1000000 -> 44.209152 | W97: =+'19'!K34/1000 -> 0 | X97: =SUM(W97:W100)/SUM(K97:K100) -> 0 | Y97: 0 | Z97: 0 | AA97: =SUM(U97:U100)-SUM(W97:W100)-SUM(Z97:Z100)-SUM(Y97:Y100) -> 0 | AB97: =(SUM(K97:K100)-SUM(W97:W100)-SUM(Y97:Y100)-SUM(Z97:Z100)-SUM(AC97:AC100)-SUM(V97:V100))-AA97 -> 0 | AC97: =K97-T97 -> 0 | AD97: =+AM97+BA97 -> 0 | AE97: - Sheet Breaks (0x) | AF97: 0 | AM97: =SUM(AF97:AL97)+AT97+AV97+AX97 -> 0 | AR97: =SUM(AN97:AQ97) -> 0 | BA97: =+AR97+AS97+AU97+AW97+AY97+AZ97 -> 0 | BB97: 0
AD98: =+AM98+BA98 -> 0 | AE98: - Change Blade (0x) | AG98: 0 | AM98: =SUM(AF98:AL98)+AT98+AV98+AX98 -> 0 | AR98: =SUM(AN98:AQ98) -> 0 | BA98: =+AR98+AS98+AU98+AW98+AY98+AZ98 -> 0 | BC98: 0
AD99: =+AM99+BA99 -> 0 | AE99: - Change Spool (0x) | AH99: 0 | AM99: =SUM(AF99:AL99)+AT99+AV99+AX99 -> 0 | AR99: =SUM(AN99:AQ99) -> 0 | BA99: =+AR99+AS99+AU99+AW99+AY99+AZ99 -> 0
AD100: =+AM100+BA100 -> 1440 | AE100: - Awal Shift PM STOP, Schedule Lebaran | AM100: =SUM(AF100:AL100)+AT100+AV100+AX100 -> 0 | AR100: =SUM(AN100:AQ100) -> 0 | AZ100: 1440 | BA100: =+AR100+AS100+AU100+AW100+AY100+AZ100 -> 1440
A102: 46101 | B102: Toilet | C102: =(M102*E102*O102*Q102)/100000000 -> 44.209152 | D102: VP OW | E102: 12.5 | F102: 1 | G102: 1230 | H102: =+N102 -> 0.22 | I102: 0.88 | J102: =E102*G102*(1-H102)*1440/1000000*2.74 -> 47.317608 | K102: =(IF(G102<L102,L102,G102)*(1-IF(H102<N102,H102,N102))*E102*O102*Q102)/100000000 -> 44.209152 | L102: 1230 | M102: 959.4 | N102: =1-(M102/L102) -> 0.22 | O102: =+'Trim Rwd'!H63 -> 256 | P102: =O102*(Q102-R102-S102) -> 0 | Q102: 1440 | R102: 1440 | S102: 0 | T102: =E102*M102*O102*Q102/100000000 -> 44.209152 | U102: =E102*M102*O102*(Q102-R102-S102)/100000000 -> 0 | V102: =E102*G102*(1-N102)*O102/100*(R102+S102)/1000000 -> 44.209152 | W102: 0 | X102: =SUM(W102:W105)/SUM(K102:K105) -> 0 | Y102: 0 | Z102: 0 | AA102: =SUM(U102:U105)-SUM(W102:W105)-SUM(Z102:Z105)-SUM(Y102:Y105) -> 0 | AB102: =(SUM(K102:K105)-SUM(W102:W105)-SUM(Y102:Y105)-SUM(Z102:Z105)-SUM(AC102:AC105)-SUM(V102:V105))-AA102 -> 0 | AC102: =K102-T102 -> 0 | AD102: =+AM102+BA102 -> 0 | AE102: - Sheet Breaks (0x) | AF102: 0 | AM102: =SUM(AF102:AL102)+AT102+AV102+AX102 -> 0 | AR102: =SUM(AN102:AQ102) -> 0 | BA102: =+AR102+AS102+AU102+AW102+AY102+AZ102 -> 0 | BB102: 0
AD103: =+AM103+BA103 -> 0 | AE103: - Change Blade (0x) | AG103: 0 | AM103: =SUM(AF103:AL103)+AT103+AV103+AX103 -> 0 | AR103: =SUM(AN103:AQ103) -> 0 | BA103: =+AR103+AS103+AU103+AW103+AY103+AZ103 -> 0 | BC103: 0
AD104: =+AM104+BA104 -> 0 | AE104: - Change Spool (0x) | AH104: 0 | AM104: =SUM(AF104:AL104)+AT104+AV104+AX104 -> 0 | AR104: =SUM(AN104:AQ104) -> 0 | BA104: =+AR104+AS104+AU104+AW104+AY104+AZ104 -> 0
AD105: =+AM105+BA105 -> 1440 | AE105: - Awal Shift PM STOP, Schedule Lebaran | AM105: =SUM(AF105:AL105)+AT105+AV105+AX105 -> 0 | AR105: =SUM(AN105:AQ105) -> 0 | AZ105: 1440 | BA105: =+AR105+AS105+AU105+AW105+AY105+AZ105 -> 1440
A107: 46102 | B107: Toilet | C107: =(M107*E107*O107*Q107)/100000000 -> 44.209152 | D107: VP OW | E107: 12.5 | F107: 1 | G107: 1230 | H107: =+N107 -> 0.22 | I107: 0.88 | J107: =E107*G107*(1-H107)*1440/1000000*2.74 -> 47.317608 | K107: =(IF(G107<L107,L107,G107)*(1-IF(H107<N107,H107,N107))*E107*O107*Q107)/100000000 -> 44.209152 | L107: 1230 | M107: 959.4 | N107: =1-(M107/L107) -> 0.22 | O107: =+'Trim Rwd'!H65 -> 256 | P107: =O107*(Q107-R107-S107) -> 0 | Q107: 1440 | R107: 1440 | S107: 0 | T107: =E107*M107*O107*Q107/100000000 -> 44.209152 | U107: =E107*M107*O107*(Q107-R107-S107)/100000000 -> 0 | V107: =E107*G107*(1-N107)*O107/100*(R107+S107)/1000000 -> 44.209152 | W107: 0 | X107: =SUM(W107:W110)/SUM(K107:K110) -> 0 | Y107: 0 | Z107: 0 | AA107: =SUM(U107:U110)-SUM(W107:W110)-SUM(Z107:Z110)-SUM(Y107:Y110) -> 0 | AB107: =(SUM(K107:K110)-SUM(W107:W110)-SUM(Y107:Y110)-SUM(Z107:Z110)-SUM(AC107:AC110)-SUM(V107:V110))-AA107 -> 0 | AC107: =K107-T107 -> 0 | AD107: =+AM107+BA107 -> 0 | AE107: - Sheet Breaks (0x) | AF107: 0 | AM107: =SUM(AF107:AL107)+AT107+AV107+AX107 -> 0 | AR107: =SUM(AN107:AQ107) -> 0 | BA107: =+AR107+AS107+AU107+AW107+AY107+AZ107 -> 0 | BB107: 0
AD108: =+AM108+BA108 -> 0 | AE108: - Change Blade (0x) | AG108: 0 | AM108: =SUM(AF108:AL108)+AT108+AV108+AX108 -> 0 | AR108: =SUM(AN108:AQ108) -> 0 | BA108: =+AR108+AS108+AU108+AW108+AY108+AZ108 -> 0 | BC108: 0
AD109: =+AM109+BA109 -> 0 | AE109: - Change Spool (0x) | AH109: 0 | AM109: =SUM(AF109:AL109)+AT109+AV109+AX109 -> 0 | AR109: =SUM(AN109:AQ109) -> 0 | BA109: =+AR109+AS109+AU109+AW109+AY109+AZ109 -> 0
AD110: =+AM110+BA110 -> 1440 | AE110: - Awal Shift PM STOP, Schedule Lebaran | AM110: =SUM(AF110:AL110)+AT110+AV110+AX110 -> 0 | AR110: =SUM(AN110:AQ110) -> 0 | AZ110: 1440 | BA110: =+AR110+AS110+AU110+AW110+AY110+AZ110 -> 1440
A112: 46103 | B112: Toilet | C112: =(M112*E112*O112*Q112)/100000000 -> 44.209152 | D112: VP OW | E112: 12.5 | F112: 1 | G112: 1230 | H112: =+N112 -> 0.22 | I112: 0.88 | J112: =E112*G112*(1-H112)*1440/1000000*2.74 -> 47.317608 | K112: =(IF(G112<L112,L112,G112)*(1-IF(H112<N112,H112,N112))*E112*O112*Q112)/100000000 -> 44.209152 | L112: 1230 | M112: 959.4 | N112: =1-(M112/L112) -> 0.22 | O112: =+'Trim Rwd'!H67 -> 256 | P112: =O112*(Q112-R112-S112) -> 0 | Q112: 1440 | R112: 1440 | S112: 0 | T112: =E112*M112*O112*Q112/100000000 -> 44.209152 | U112: =E112*M112*O112*(Q112-R112-S112)/100000000 -> 0 | V112: =E112*G112*(1-N112)*O112/100*(R112+S112)/1000000 -> 44.209152 | W112: 0 | X112: =SUM(W112:W115)/SUM(K112:K115) -> 0 | Y112: 0 | Z112: 0 | AA112: =SUM(U112:U115)-SUM(W112:W115)-SUM(Z112:Z115)-SUM(Y112:Y115) -> 0 | AB112: =(SUM(K112:K115)-SUM(W112:W115)-SUM(Y112:Y115)-SUM(Z112:Z115)-SUM(AC112:AC115)-SUM(V112:V115))-AA112 -> 0 | AC112: =K112-T112 -> 0 | AD112: =+AM112+BA112 -> 0 | AE112: - Sheet Breaks (0x) | AF112: 0 | AM112: =SUM(AF112:AL112)+AT112+AV112+AX112 -> 0 | AR112: =SUM(AN112:AQ112) -> 0 | BA112: =+AR112+AS112+AU112+AW112+AY112+AZ112 -> 0 | BB112: 0
AD113: =+AM113+BA113 -> 0 | AE113: - Change Blade (0x) | AG113: 0 | AM113: =SUM(AF113:AL113)+AT113+AV113+AX113 -> 0 | AR113: =SUM(AN113:AQ113) -> 0 | BA113: =+AR113+AS113+AU113+AW113+AY113+AZ113 -> 0 | BC113: 0
AD114: =+AM114+BA114 -> 0 | AE114: - Change Spool (0x) | AH114: 0 | AM114: =SUM(AF114:AL114)+AT114+AV114+AX114 -> 0 | AR114: =SUM(AN114:AQ114) -> 0 | BA114: =+AR114+AS114+AU114+AW114+AY114+AZ114 -> 0
AD115: =+AM115+BA115 -> 1440 | AE115: - Awal Shift PM STOP, Schedule Lebaran | AM115: =SUM(AF115:AL115)+AT115+AV115+AX115 -> 0 | AR115: =SUM(AN115:AQ115) -> 0 | AZ115: 1440 | BA115: =+AR115+AS115+AU115+AW115+AY115+AZ115 -> 1440
A117: 46104 | B117: Toilet | C117: =(M117*E117*O117*Q117)/100000000 -> 44.209152 | D117: VP OW | E117: 12.5 | F117: 1 | G117: 1230 | H117: =+N117 -> 0.22 | I117: 0.88 | J117: =E117*G117*(1-H117)*1440/1000000*2.74 -> 47.317608 | K117: =(IF(G117<L117,L117,G117)*(1-IF(H117<N117,H117,N117))*E117*O117*Q117)/100000000 -> 44.209152 | L117: 1230 | M117: 959.4 | N117: =1-(M117/L117) -> 0.22 | O117: =+'Trim Rwd'!H69 -> 256 | P117: =O117*(Q117-R117-S117) -> 0 | Q117: 1440 | R117: 1440 | S117: 0 | T117: =E117*M117*O117*Q117/100000000 -> 44.209152 | U117: =E117*M117*O117*(Q117-R117-S117)/100000000 -> 0 | V117: =E117*G117*(1-N117)*O117/100*(R117+S117)/1000000 -> 44.209152 | W117: 0 | X117: =SUM(W117:W120)/SUM(K117:K120) -> 0 | Y117: 0 | Z117: 0 | AA117: =SUM(U117:U120)-SUM(W117:W120)-SUM(Z117:Z120)-SUM(Y117:Y120) -> 0 | AB117: =(SUM(K117:K120)-SUM(W117:W120)-SUM(Y117:Y120)-SUM(Z117:Z120)-SUM(AC117:AC120)-SUM(V117:V120))-AA117 -> 0 | AC117: =K117-T117 -> 0 | AD117: =+AM117+BA117 -> 0 | AE117: - Sheet Breaks (0x) | AF117: 0 | AM117: =SUM(AF117:AL117)+AT117+AV117+AX117 -> 0 | AR117: =SUM(AN117:AQ117) -> 0 | BA117: =+AR117+AS117+AU117+AW117+AY117+AZ117 -> 0 | BB117: 0
AD118: =+AM118+BA118 -> 0 | AE118: - Change Blade (0x) | AG118: 0 | AM118: =SUM(AF118:AL118)+AT118+AV118+AX118 -> 0 | AR118: =SUM(AN118:AQ118) -> 0 | BA118: =+AR118+AS118+AU118+AW118+AY118+AZ118 -> 0 | BC118: 0
AD119: =+AM119+BA119 -> 0 | AE119: - Change Spool (0x) | AH119: 0 | AM119: =SUM(AF119:AL119)+AT119+AV119+AX119 -> 0 | AR119: =SUM(AN119:AQ119) -> 0 | BA119: =+AR119+AS119+AU119+AW119+AY119+AZ119 -> 0
AD120: =+AM120+BA120 -> 1440 | AE120: - Awal Shift PM STOP, Schedule Lebaran | AM120: =SUM(AF120:AL120)+AT120+AV120+AX120 -> 0 | AR120: =SUM(AN120:AQ120) -> 0 | AZ120: 1440 | BA120: =+AR120+AS120+AU120+AW120+AY120+AZ120 -> 1440
A122: 46105 | B122: Toilet | C122: =(M122*E122*O122*Q122)/100000000 -> 28.225921 | D122: VP OW | E122: 14 | F122: 1 | G122: 1230 | H122: =+N122 -> 0.24 | I122: 0.88 | J122: =E122*G122*(1-H122)*1440/1000000*2.74 -> 51.636856 | K122: =(IF(G122<L122,L122,G122)*(1-IF(H122<N122,H122,N122))*E122*O122*Q122)/100000000 -> 31.400381 | L122: 1105.6516 | M122: 840.29525 | N122: =1-(M122/L122) -> 0.24 | O122: =+'Trim Rwd'!H71 -> 266 | P122: =O122*(Q122-R122-S122) -> 156408 | Q122: =821+81 -> 902 | R122: 81 | S122: =128+105 -> 233 | T122: =E122*M122*O122*Q122/100000000 -> 28.225921 | U122: =E122*M122*O122*(Q122-R122-S122)/100000000 -> 18.400046 | V122: =E122*G122*(1-N122)*O122/100*(R122+S122)/1000000 -> 10.930953 | W122: =+'24'!K12/1000 -> 18.322 | X122: =SUM(W122:W125)/SUM(K122:K125) -> 0.5243849 | Y122: 0 | Z122: 0 | AA122: =SUM(U122:U125)-SUM(W122:W125)-SUM(Z122:Z125)-SUM(Y122:Y125) -> 4.7884259 | AB122: =(SUM(K122:K125)-SUM(W122:W125)-SUM(Y122:Y125)-SUM(Z122:Z125)-SUM(AC122:AC125)-SUM(V122:V125))-AA122 -> -1.4627762 | AC122: =K122-T122 -> 3.1744599 | AD122: =+AM122+BA122 -> 20 | AE122: - Sheet Breaks (5x) | AF122: 20 | AM122: =SUM(AF122:AL122)+AT122+AV122+AX122 -> 20 | AR122: =SUM(AN122:AQ122) -> 0 | BA122: =+AR122+AS122+AU122+AW122+AY122+AZ122 -> 0 | BB122: 5
B123: Toilet | C123: =(M123*E123*O123*Q123)/100000000 -> 12.732718 | D123: VP OW | E123: 12.5 | F123: 1 | G123: 1230 | H123: =+N123 -> 0.22 | I123: 0.88 | J123: =E123*G123*(1-H123)*1440/1000000*2.74 -> 47.317608 | K123: =(IF(G123<L123,L123,G123)*(1-IF(H123<N123,H123,N123))*E123*O123*Q123)/100000000 -> 16.58155 | L123: 944.49814 | M123: 736.70855 | N123: =1-(M123/L123) -> 0.22 | O123: =+'Trim Rwd'!H72 -> 257 | P123: =O123*(Q123-R123-S123) -> 125416 | Q123: 538 | R123: 0 | S123: 50 | T123: =E123*M123*O123*Q123/100000000 -> 12.732718 | U123: =E123*M123*O123*(Q123-R123-S123)/100000000 -> 11.54938 | V123: =E123*G123*(1-N123)*O123/100*(R123+S123)/1000000 -> 1.5410363 | W123: =+'24'!K16/1000 -> 6.839 | AC123: =K123-T123 -> 3.848832 | AD123: =+AM123+BA123 -> 9 | AE123: - Change Blade (6x) | AG123: 9 | AM123: =SUM(AF123:AL123)+AT123+AV123+AX123 -> 9 | AR123: =SUM(AN123:AQ123) -> 0 | BA123: =+AR123+AS123+AU123+AW123+AY123+AZ123 -> 0 | BC123: 6
AD124: =+AM124+BA124 -> 35 | AE124: - Change Spool (27x) | AH124: 35 | AM124: =SUM(AF124:AL124)+AT124+AV124+AX124 -> 35 | AR124: =SUM(AN124:AQ124) -> 0 | BA124: =+AR124+AS124+AU124+AW124+AY124+AZ124 -> 0
...

Sheet Efficiency2
A1: PM14 Efficiency Running Report
A3: Date | B3: Grade | C3: Speed real (ton) with Available Time | D3: Colour | E3: gsm | F3: Ply | G3: Standard | L3: Real Running | O3: Trim Rewinder (cm) | P3: Trim Rewinder x Running Time | Q3: Available Time (mnt) | R3: Down Time (mnt) | S3: Loss Time (mnt) | T3: Real Speed & Real Creepe Ratio with Available Time (ton) | U3: Real Speed & Real Creepe Ratio setelah dipotong DT & LT (ton) | V3: Loss tonase akibat DT + LT dari hitungan Teori with available time (ton) | W3: Accepted (ton) | X3: Real Eff dr Target Eff | Y3: Backlog | Z3: Reject Rewinder (ton) | AA3: Estimasi Reject to Broke Plant (ton) | AB3: Estimasi Faktor BW (ton) | AC3: Loss Opportunity in Speed (ton) | AD3: Downtime/ Losstime | AE3: Reason of Downtime / Losstime | AF3: Loss Time | AM3: Total Losstime | AN3: Unschedule Shut Down (mnt) | AS3: Schedule Shut Down | AT3: Marketing | AV3: EXT FACTOR | AX3: EXT FACTOR | AZ3: MANAGEMENT | BA3: Total Down Time | BB3: Freq. Sheets Break (X) | BC3: Freq. Change Blade (X) | BD3: Steam, & gangguan sinergy (X) | BE3: Freq, Trip PLN (X) | BF3: Cleaning Holes (X)
AF4: Proses | AI4: Change Grade | AJ4: Mekanik | AK4: Electric & Instrument | AL4: Boiler | AN4: Down Time Produksi | AO4: Mekanik | AP4: Electrical & Instrument | AQ4: Boiler | AR4: Total Unschedule Shut Down | AV4: LOSS | AW4: DOWN TIME | AX4: LOSS | AY4: DOWN TIME
G5: Yankee Speed (mpm) | H5: Max % Creeping | I5: Target Eff | J5: Kapasitas PM-Teori (ton) | K5: Teori (ton) with Available Time | L5: Yankee Speed (mpm) | M5: Popereel Speed (mpm) | N5: % Creeping | AF5: sheet break | AG5: change blade | AH5: change spool | AT5: Loss time | AU5: Down Time | AV5: SINERGY | AW5: SINERGY | AX5: PLN | AY5: PLN
A6: =+Report1!A9 -> 46082 | B6: Facial | C6: =(M6*E6*O6*Q6)/100000000 -> 40.50489 | D6: VP OW | E6: 12 | F6: 1 | G6: 1230 | H6: 0.24 | I6: 0.88 | J6: =E6*G6*(1-H6)*1440/1000000*2.74 -> 44.260163 | K6: =(IF(G6<L6,L6,G6)*(1-IF(H6<N6,H6,N6))*E6*O6*Q6)/100000000 -> 43.371729 | L6: 1174.6806 | M6: 873.01042 | N6: =1-(M6/L6) -> 0.25681036 | O6: =+'Trim Rwd'!H4 -> 268.5 | P6: =O6*(Q6-R6-S6) -> 363817.5 | Q6: 1440 | R6: 0 | S6: 85 | T6: =E6*M6*O6*Q6/100000000 -> 40.50489 | U6: =E6*M6*O6*(Q6-R6-S6)/100000000 -> 38.113976 | V6: =E6*G6*(1-N6)*O6/100*(R6+S6)/1000000 -> 2.5035094 | W6: =+'1'!C34/1000 -> 36.906 | X6: =SUM(W6:W10)/SUM(K6:K10) -> 0.85092297 | Y6: 0 | Z6: =+'1'!D34/1000 -> 0.54 | AA6: =SUM(U6:U10)-SUM(W6:W10)-SUM(Z6:Z10)-SUM(Y6:Y10) -> 0.66797607 | AB6: =(SUM(K6:K10)-SUM(W6:W10)-SUM(Y6:Y10)-SUM(Z6:Z10)-SUM(AC6:AC10)-SUM(V6:V10))-AA6 -> -0.11259573 | AC6: =K6-T6 -> 2.8668389 | AD6: =+AM6+BA6 -> 25 | AE6: - Sheet Breaks (7x) | AF6: 25 | AM6: =SUM(AF6:AL6)+AT6+AV6+AX6 -> 25 | AR6: =SUM(AN6:AQ6) -> 0 | BA6: =+AR6+AS6+AU6+AW6+AY6+AZ6 -> 0 | BB6: 7
AD7: =+AM7+BA7 -> 3 | AE7: - Change Blade (1x) | AG7: 3 | AM7: =SUM(AF7:AL7)+AT7+AV7+AX7 -> 3 | AR7: =SUM(AN7:AQ7) -> 0 | BA7: =+AR7+AS7+AU7+AW7+AY7+AZ7 -> 0 | BC7: 1
AD8: =+AM8+BA8 -> 57 | AE8: - Change Spool (25x) | AH8: 57 | AM8: =SUM(AF8:AL8)+AT8+AV8+AX8 -> 57 | AR8: =SUM(AN8:AQ8) -> 0 | BA8: =+AR8+AS8+AU8+AW8+AY8+AZ8 -> 0
AD9: =+AM9+BA9 -> 0 | AE9: - Cleaning | AI9: 0 | AM9: =SUM(AF9:AL9)+AT9+AV9+AX9 -> 0 | AR9: =SUM(AN9:AQ9) -> 0 | BA9: =+AR9+AS9+AU9+AW9+AY9+AZ9 -> 0
A11: 46083 | B11: Facial | C11: =(M11*E11*O11*Q11)/100000000 -> 5.9425131 | D11: VP OW | E11: 12 | F11: 1 | G11: 1230 | H11: 0.24 | I11: 0.88 | J11: =E11*G11*(1-H11)*1440/1000000*2.74 -> 44.260163 | K11: =(IF(G11<L11,L11,G11)*(1-IF(H11<N11,H11,N11))*E11*O11*Q11)/100000000 -> 6.1722902 | L11: 1200 | M11: 900 | N11: =1-(M11/L11) -> 0.25 | O11: =+'Trim Rwd'!H7 -> 263.26923 | P11: =O11*(Q11-R11-S11) -> 51074.231 | Q11: 209 | R11: 0 | S11: 15 | T11: =E11*M11*O11*Q11/100000000 -> 5.9425131 | U11: =E11*M11*O11*(Q11-R11-S11)/100000000 -> 5.5160169 | V11: =E11*G11*(1-N11)*O11/100*(R11+S11)/1000000 -> 0.43715856 | W11: =+'2'!K7/1000 -> 8.169 | X11: =SUM(W11:W15)/SUM(K11:K15) -> 0.89586171 | Y11: 0 | Z11: 0 | AA11: =SUM(U11:U15)-SUM(W11:W15)-SUM(Z11:Z15)-SUM(Y11:Y15) -> 2.8862109 | AB11: =(SUM(K11:K15)-SUM(W11:W15)-SUM(Y11:Y15)-SUM(Z11:Z15)-SUM(AC11:AC15)-SUM(V11:V15))-AA11 -> -0.010662404 | AC11: =K11-T11 -> 0.22977717 | AD11: =+AM11+BA11 -> 18 | AE11: - Sheet Breaks (6x) | AF11: 18 | AM11: =SUM(AF11:AL11)+AT11+AV11+AX11 -> 18 | AR11: =SUM(AN11:AQ11) -> 0 | BA11: =+AR11+AS11+AU11+AW11+AY11+AZ11 -> 0 | BB11: 6
B12: Facial | C12: =(M12*E12*O12*Q12)/100000000 -> 1.3319852 | D12: VP OW | E12: 14 | F12: 1 | G12: =+L12 -> 1150 | H12: =+N12 -> 0.26 | I12: 0.88 | J12: =E12*G12*(1-H12)*1440/1000000*2.74 -> 47.007878 | K12: =(IF(G12<L12,L12,G12)*(1-IF(H12<N12,H12,N12))*E12*O12*Q12)/100000000 -> 1.3319852 | L12: 1150 | M12: 851 | N12: =1-(M12/L12) -> 0.26 | O12: =+'Trim Rwd'!H9 -> 260 | P12: =O12*(Q12-R12-S12) -> 9100 | Q12: 43 | R12: 0 | S12: 8 | T12: =E12*M12*O12*Q12/100000000 -> 1.3319852 | U12: =E12*M12*O12*(Q12-R12-S12)/100000000 -> 1.084174 | V12: =E12*G12*(1-N12)*O12/100*(R12+S12)/1000000 -> 0.2478112 | W12: =+'2'!K8/1000 -> 4.713 | AC12: =K12-T12 -> 0 | AD12: =+AM12+BA12 -> 2 | AE12: - Change Blade (1x) | AG12: 2 | AM12: =SUM(AF12:AL12)+AT12+AV12+AX12 -> 2 | AR12: =SUM(AN12:AQ12) -> 0 | BA12: =+AR12+AS12+AU12+AW12+AY12+AZ12 -> 0 | BC12: 1
B13: Facial | C13: =(M13*E13*O13*Q13)/100000000 -> 46.59336 | D13: VP OW | E13: 16 | F13: 1 | G13: =+L13 -> 1188.4848 | H13: =+N13 -> 0.25 | I13: 0.88 | J13: =E13*G13*(1-H13)*1440/1000000*2.74 -> 56.27143 | K13: =(IF(G13<L13,L13,G13)*(1-IF(H13<N13,H13,N13))*E13*O13*Q13)/100000000 -> 46.59336 | L13: 1188.4848 | M13: 891.36364 | N13: =1-(M13/L13) -> 0.25 | O13: =+'Trim Rwd'!H6 -> 275 | P13: =O13*(Q13-R13-S13) -> 313775 | Q13: 1188 | R13: 0 | S13: =70-S11-S12 -> 47 | T13: =E13*M13*O13*Q13/100000000 -> 46.59336 | U13: =E13*M13*O13*(Q13-R13-S13)/100000000 -> 44.75002 | V13: =E13*G13*(1-N13)*O13/100*(R13+S13)/1000000 -> 1.84334 | W13: =+'2'!K9/1000 -> 35.582 | AC13: =K13-T13 -> 0 | AD13: =+AM13+BA13 -> 50 | AE13: - Change Spool (28x) | AH13: 50 | AM13: =SUM(AF13:AL13)+AT13+AV13+AX13 -> 50 | AR13: =SUM(AN13:AQ13) -> 0 | BA13: =+AR13+AS13+AU13+AW13+AY13+AZ13 -> 0
AD14: =+AM14+BA14 -> 0 | AE14: - Cleaning | AI14: 0 | AM14: =SUM(AF14:AL14)+AT14+AV14+AX14 -> 0 | AR14: =SUM(AN14:AQ14) -> 0 | BA14: =+AR14+AS14+AU14+AW14+AY14+AZ14 -> 0
A16: 46084 | B16: Facial | C16: =(M16*E16*O16*Q16)/100000000 -> 49.24458 | D16: VP OW | E16: 16 | F16: 1 | G16: =+L16 -> 1102.1123 | H16: =+N16 -> 0.25 | I16: 0.88 | J16: =E16*G16*(1-H16)*1440/1000000*2.74 -> 52.18193 | K16: =(IF(G16<L16,L16,G16)*(1-IF(H16<N16,H16,N16))*E16*O16*Q16)/100000000 -> 49.24458 | L16: 1102.1123 | M16: 826.58419 | N16: =1-(M16/L16) -> 0.25 | O16: =+'Trim Rwd'!H11 -> 275 | P16: =O16*(Q16-R16-S16) -> 354200 | Q16: 1354 | R16: 0 | S16: 66 | T16: =E16*M16*O16*Q16/100000000 -> 49.24458 | U16: =E16*M16*O16*(Q16-R16-S16)/100000000 -> 46.844179 | V16: =E16*G16*(1-N16)*O16/100*(R16+S16)/1000000 -> 2.4004005 | W16: =+'3'!K9/1000 -> 40.543 | X16: =SUM(W16:W20)/SUM(K16:K20) -> 0.78015275 | Y16: 0 | Z16: 0 | AA16: =SUM(U16:U20)-SUM(W16:W20)-SUM(Z16:Z20)-SUM(Y16:Y20) -> 8.7079475 | AB16: =(SUM(K16:K20)-SUM(W16:W20)-SUM(Y16:Y20)-SUM(Z16:Z20)-SUM(AC16:AC20)-SUM(V16:V20))-AA16 -> 0 | AC16: =K16-T16 -> 0 | AD16: =+AM16+BA16 -> 21 | AE16: - Sheet Breaks (6x) | AF16: 21 | AM16: =SUM(AF16:AL16)+AT16+AV16+AX16 -> 21 | AR16: =SUM(AN16:AQ16) -> 0 | BA16: =+AR16+AS16+AU16+AW16+AY16+AZ16 -> 0 | BB16: 6
B17: Facial | C17: =(M17*E17*O17*Q17)/100000000 -> 2.723448 | D17: VP OW | E17: 14 | F17: 1 | G17: =+L17 -> 1160 | H17: =+N17 -> 0.25 | I17: 0.88 | J17: =E17*G17*(1-H17)*1440/1000000*2.74 -> 48.057408 | K17: =(IF(G17<L17,L17,G17)*(1-IF(H17<N17,H17,N17))*E17*O17*Q17)/100000000 -> 2.723448 | L17: 1160 | M17: 870 | N17: =1-(M17/L17) -> 0.25 | O17: =+'Trim Rwd'!H12 -> 260 | P17: =O17*(Q17-R17-S17) -> 19760 | Q17: 86 | R17: 0 | S17: 10 | T17: =E17*M17*O17*Q17/100000000 -> 2.723448 | U17: =E17*M17*O17*(Q17-R17-S17)/100000000 -> 2.406768 | V17: =E17*G17*(1-N17)*O17/100*(R17+S17)/1000000 -> 0.31668 | W17: =+'2'!K13/1000 -> 0 | AC17: =K17-T17 -> 0 | AD17: =+AM17+BA17 -> 6 | AE17: - Change Blade (1x) | AG17: 6 | AM17: =SUM(AF17:AL17)+AT17+AV17+AX17 -> 6 | AR17: =SUM(AN17:AQ17) -> 0 | BA17: =+AR17+AS17+AU17+AW17+AY17+AZ17 -> 0 | BC17: 1
AD18: =+AM18+BA18 -> 49 | AE18: - Change Spool (29x) | AH18: 49 | AM18: =SUM(AF18:AL18)+AT18+AV18+AX18 -> 49 | AR18: =SUM(AN18:AQ18) -> 0 | BA18: =+AR18+AS18+AU18+AW18+AY18+AZ18 -> 0
AD19: =+AM19+BA19 -> 0 | AE19: - Cleaning | AI19: 0 | AM19: =SUM(AF19:AL19)+AT19+AV19+AX19 -> 0 | AR19: =SUM(AN19:AQ19) -> 0 | BA19: =+AR19+AS19+AU19+AW19+AY19+AZ19 -> 0
A21: 46085 | B21: Facial | C21: =(M21*E21*O21*Q21)/100000000 -> 47.047728 | D21: VP OW | E21: 14 | F21: 1 | G21: =+L21 -> 1196.7778 | H21: =+N21 -> 0.25 | I21: 0.88 | J21: =E21*G21*(1-H21)*1440/1000000*2.74 -> 49.581067 | K21: =(IF(G21<L21,L21,G21)*(1-IF(H21<N21,H21,N21))*E21*O21*Q21)/100000000 -> 47.047728 | L21: 1196.7778 | M21: 897.58333 | N21: =1-(M21/L21) -> 0.25 | O21: =+'Trim Rwd'!H14 -> 260 | P21: =O21*(Q21-R21-S21) -> 352040 | Q21: 1440 | R21: 0 | S21: 86 | T21: =E21*M21*O21*Q21/100000000 -> 47.047728 | U21: =E21*M21*O21*(Q21-R21-S21)/100000000 -> 44.237933 | V21: =E21*G21*(1-N21)*O21/100*(R21+S21)/1000000 -> 2.8097949 | W21: =+'4'!K8/1000 -> 39.755 | X21: =SUM(W21:W25)/SUM(K21:K25) -> 0.84499298 | Y21: 0 | Z21: 0 | AA21: =SUM(U21:U25)-SUM(W21:W25)-SUM(Z21:Z25)-SUM(Y21:Y25) -> 4.4829331 | AB21: =(SUM(K21:K25)-SUM(W21:W25)-SUM(Y21:Y25)-SUM(Z21:Z25)-SUM(AC21:AC25)-SUM(V21:V25))-AA21 -> -1.0658141e-14 | AC21: =K21-T21 -> 0 | AD21: =+AM21+BA21 -> 23 | AE21: - Sheet Breaks (8x) | AF21: 23 | AM21: =SUM(AF21:AL21)+AT21+AV21+AX21 -> 23 | AR21: =SUM(AN21:AQ21) -> 0 | BA21: =+AR21+AS21+AU21+AW21+AY21+AZ21 -> 0 | BB21: 8
AD22: =+AM22+BA22 -> 0 | AE22: - Change Blade (0x) | AG22: 0 | AM22: =SUM(AF22:AL22)+AT22+AV22+AX22 -> 0 | AR22: =SUM(AN22:AQ22) -> 0 | BA22: =+AR22+AS22+AU22+AW22+AY22+AZ22 -> 0 | BC22: 0
AD23: =+AM23+BA23 -> 63 | AE23: - Change Spool (28x) | AH23: 63 | AM23: =SUM(AF23:AL23)+AT23+AV23+AX23 -> 63 | AR23: =SUM(AN23:AQ23) -> 0 | BA23: =+AR23+AS23+AU23+AW23+AY23+AZ23 -> 0
AD24: =+AM24+BA24 -> 0 | AE24: - Cleaning | AI24: 0 | AM24: =SUM(AF24:AL24)+AT24+AV24+AX24 -> 0 | AR24: =SUM(AN24:AQ24) -> 0 | BA24: =+AR24+AS24+AU24+AW24+AY24+AZ24 -> 0
A26: 46086 | B26: Facial | C26: =(M26*E26*O26*Q26)/100000000 -> 25.577318 | D26: VP OW | E26: 14 | F26: 1 | G26: =+L26 -> 1155.8025 | H26: =+N26 -> 0.25 | I26: 0.88 | J26: =E26*G26*(1-H26)*1440/1000000*2.74 -> 47.883509 | K26: =(IF(G26<L26,L26,G26)*(1-IF(H26<N26,H26,N26))*E26*O26*Q26)/100000000 -> 25.577318 | L26: 1155.8025 | M26: 866.85185 | N26: =1-(M26/L26) -> 0.25 | O26: =+'Trim Rwd'!H16 -> 260.19388 | P26: =O26*(Q26-R26-S26) -> 200869.67 | Q26: 810 | R26: 0 | S26: 38 | T26: =E26*M26*O26*Q26/100000000 -> 25.577318 | U26: =E26*M26*O26*(Q26-R26-S26)/100000000 -> 24.377395 | V26: =E26*G26*(1-N26)*O26/100*(R26+S26)/1000000 -> 1.1999236 | W26: =+'5'!K8/1000 -> 25.388 | X26: =SUM(W26:W30)/SUM(K26:K30) -> 0.82227366 | Y26: 0 | Z26: =+'5'!D16/1000 -> 0.29 | AA26: =SUM(U26:U30)-SUM(W26:W30)-SUM(Z26:Z30)-SUM(Y26:Y30) -> 5.0080172 | AB26: =(SUM(K26:K30)-SUM(W26:W30)-SUM(Y26:Y30)-SUM(Z26:Z30)-SUM(AC26:AC30)-SUM(V26:V30))-AA26 -> -0.041509 | AC26: =K26-T26 -> 0 | AD26: =+AM26+BA26 -> 17 | AE26: - Sheet Breaks (6x) | AF26: 17 | AM26: =SUM(AF26:AL26)+AT26+AV26+AX26 -> 17 | AR26: =SUM(AN26:AQ26) -> 0 | BA26: =+AR26+AS26+AU26+AW26+AY26+AZ26 -> 0 | BB26: 6
B27: Facial | C27: =(M27*E27*O27*Q27)/100000000 -> 12.324312 | D27: VP OW | E27: 13.5 | F27: 1 | G27: 1230 | H27: =+N27 -> 0.23 | I27: 0.88 | J27: =E27*G27*(1-H27)*1440/1000000*2.74 -> 50.44785 | K27: =(IF(G27<L27,L27,G27)*(1-IF(H27<N27,H27,N27))*E27*O27*Q27)/100000000 -> 12.63242 | L27: 1200 | M27: 924 | N27: =1-(M27/L27) -> 0.23 | O27: =+'Trim Rwd'!H18 -> 260 | P27: =O27*(Q27-R27-S27) -> 93600 | Q27: 380 | R27: 0 | S27: =74-S26-S28 -> 20 | T27: =E27*M27*O27*Q27/100000000 -> 12.324312 | U27: =E27*M27*O27*(Q27-R27-S27)/100000000 -> 11.675664 | V27: =E27*G27*(1-N27)*O27/100*(R27+S27)/1000000 -> 0.6648642 | W27: =+'5'!K10/1000 -> 10.827 | AC27: =K27-T27 -> 0.3081078 | AD27: =+AM27+BA27 -> 0 | AE27: - Change Blade (0x) | AG27: 0 | AM27: =SUM(AF27:AL27)+AT27+AV27+AX27 -> 0 | AR27: =SUM(AN27:AQ27) -> 0 | BA27: =+AR27+AS27+AU27+AW27+AY27+AZ27 -> 0 | BC27: 0
B28: Facial | C28: =(M28*E28*O28*Q28)/100000000 -> 8.6944 | D28: VP OW | E28: 16 | F28: 1 | G28: 1150 | H28: =+N28 -> 0.24 | I28: 0.88 | J28: =E28*G28*(1-H28)*1440/1000000*2.74 -> 55.17527 | K28: =(IF(G28<L28,L28,G28)*(1-IF(H28<N28,H28,N28))*E28*O28*Q28)/100000000 -> 9.0896 | L28: 1100 | M28: 836 | N28: =1-(M28/L28) -> 0.24 | O28: =+'Trim Rwd'!H19 -> 260 | P28: =O28*(Q28-R28-S28) -> 60840 | Q28: 250 | R28: 0 | S28: 16 | T28: =E28*M28*O28*Q28/100000000 -> 8.6944 | U28: =E28*M28*O28*(Q28-R28-S28)/100000000 -> 8.1379584 | V28: =E28*G28*(1-N28)*O28/100*(R28+S28)/1000000 -> 0.5817344 | W28: =+'5'!K9/1000 -> 2.678 | AC28: =K28-T28 -> 0.3952 | AD28: =+AM28+BA28 -> 57 | AE28: - Change Spool (29x) | AH28: 57 | AM28: =SUM(AF28:AL28)+AT28+AV28+AX28 -> 57 | AR28: =SUM(AN28:AQ28) -> 0 | BA28: =+AR28+AS28+AU28+AW28+AY28+AZ28 -> 0
AD29: =+AM29+BA29 -> 0 | AE29: - Cleaning | AI29: 0 | AM29: =SUM(AF29:AL29)+AT29+AV29+AX29 -> 0 | AR29: =SUM(AN29:AQ29) -> 0 | BA29: =+AR29+AS29+AU29+AW29+AY29+AZ29 -> 0
A31: 46087 | B31: Facial | C31: =(M31*E31*O31*Q31)/100000000 -> 24.680225 | D31: VP OW | E31: 16 | F31: 1 | G31: 1135 | H31: =+N31 -> 0.23 | I31: 0.88 | J31: =E31*G31*(1-H31)*1440/1000000*2.74 -> 55.172114 | K31: =(IF(G31<L31,L31,G31)*(1-IF(H31<N31,H31,N31))*E31*O31*Q31)/100000000 -> 25.465505 | L31: 1100 | M31: 847 | N31: =1-(M31/L31) -> 0.23 | O31: =+'Trim Rwd'!H21 -> 256.5 | P31: =O31*(Q31-R31-S31) -> 176472 | Q31: 710 | R31: 0 | S31: 22 | T31: =E31*M31*O31*Q31/100000000 -> 24.680225 | U31: =E31*M31*O31*(Q31-R31-S31)/100000000 -> 23.915485 | V31: =E31*G31*(1-N31)*O31/100*(R31+S31)/1000000 -> 0.78907198 | W31: =+'6'!K9/1000 -> 25.923 | X31: =SUM(W31:W35)/SUM(K31:K35) -> 0.73506061 | Y31: 0 | Z31: 0 | AA31: =SUM(U31:U35)-SUM(W31:W35)-SUM(Z31:Z35)-SUM(Y31:Y35) -> 0.80396208 | AB31: =(SUM(K31:K35)-SUM(W31:W35)-SUM(Y31:Y35)-SUM(Z31:Z35)-SUM(AC31:AC35)-SUM(V31:V35))-AA31 -> -0.21172262 | AC31: =K31-T31 -> 0.78527988 | AD31: =+AM31+BA31 -> 15 | AE31: - Sheet Breaks (5x) | AF31: 15 | AM31: =SUM(AF31:AL31)+AT31+AV31+AX31 -> 15 | AR31: =SUM(AN31:AQ31) -> 0 | BA31: =+AR31+AS31+AU31+AW31+AY31+AZ31 -> 0 | BB31: 5 | BD31: 1
B32: Facial | C32: =(M32*E32*O32*Q32)/100000000 -> 12.584077 | D32: VP OW | E32: 13 | F32: 1 | G32: 1230 | H32: =+N32 -> 0.24 | I32: 0.88 | J32: =E32*G32*(1-H32)*1440/1000000*2.74 -> 47.948509 | K32: =(IF(G32<L32,L32,G32)*(1-IF(H32<N32,H32,N32))*E32*O32*Q32)/100000000 -> 12.898679 | L32: 1200 | M32: 912 | N32: =1-(M32/L32) -> 0.24 | O32: =+'Trim Rwd'!H25 -> 257 | P32: =O32*(Q32-R32-S32) -> 42919 | Q32: =730-317 -> 413 | R32: =540-317 -> 223 | S32: 23 | T32: =E32*M32*O32*Q32/100000000 -> 12.584077 | U32: =E32*M32*O32*(Q32-R32-S32)/100000000 -> 5.0884766 | V32: =E32*G32*(1-N32)*O32/100*(R32+S32)/1000000 -> 7.6829903 | W32: =+'6'!K11/1000 -> 2.277 | AC32: =K32-T32 -> 0.31460192 | AD32: =+AM32+BA32 -> 0 | AE32: - Change Blade (0x) | AG32: 0 | AM32: =SUM(AF32:AL32)+AT32+AV32+AX32 -> 0 | AR32: =SUM(AN32:AQ32) -> 0 | BA32: =+AR32+AS32+AU32+AW32+AY32+AZ32 -> 0 | BC32: 0
AD33: =+AM33+BA33 -> 30 | AE33: - Change Spool (18x) | AH33: 30 | AM33: =SUM(AF33:AL33)+AT33+AV33+AX33 -> 30 | AR33: =SUM(AN33:AQ33) -> 0 | BA33: =+AR33+AS33+AU33+AW33+AY33+AZ33 -> 0
AD34: =+AM34+BA34 -> 0 | AE34: - Cleaning | AI34: 0 | AM34: =SUM(AF34:AL34)+AT34+AV34+AX34 -> 0 | AR34: =SUM(AN34:AQ34) -> 0 | BA34: =+AR34+AS34+AU34+AW34+AY34+AZ34 -> 0
AD35: =+AM35+BA35 -> 223 | AE35: - Sinergy Black Out | AI35: 0 | AM35: =SUM(AF35:AL35)+AT35+AV35+AX35 -> 0 | AR35: =SUM(AN35:AQ35) -> 0 | AW35: =540-317 -> 223 | BA35: =+AR35+AS35+AU35+AW35+AY35+AZ35 -> 223
A37: 46088 | B37: Toilet | C37: =(M37*E37*O37*Q37)/100000000 -> 15.766029 | D37: VP OW | E37: 14 | F37: 1 | G37: 1135 | H37: =+N37 -> 0.24 | I37: 0.88 | J37: =E37*G37*(1-H37)*1440/1000000*2.74 -> 47.648644 | K37: =(IF(G37<L37,L37,G37)*(1-IF(H37<N37,H37,N37))*E37*O37*Q37)/100000000 -> 16.029489 | L37: 1116.3452 | M37: 848.42234 | N37: =1-(M37/L37) -> 0.24 | O37: =+'Trim Rwd'!H27 -> 266 | P37: =O37*(Q37-R37-S37) -> 93366 | Q37: =907-408 -> 499 | R37: =513-408 -> 105 | S37: =25+18 -> 43 | T37: =E37*M37*O37*Q37/100000000 -> 15.766029 | U37: =E37*M37*O37*(Q37-R37-S37)/100000000 -> 11.089932 | V37: =E37*G37*(1-N37)*O37/100*(R37+S37)/1000000 -> 4.7542372 | W37: =+'7'!K12/1000 -> 10.448 | X37: =SUM(W37:W41)/SUM(K37:K41) -> 0.53063463 | Y37: 0 | Z37: 0 | AA37: =SUM(U37:U41)-SUM(W37:W41)-SUM(Z37:Z41)-SUM(Y37:Y41) -> 5.9686098 | AB37: =(SUM(K37:K41)-SUM(W37:W41)-SUM(Y37:Y41)-SUM(Z37:Z41)-SUM(AC37:AC41)-SUM(V37:V41))-AA37 -> -0.22307098 | AC37: =K37-T37 -> 0.26346015 | AD37: =+AM37+BA37 -> 0 | AE37: - Sheet Breaks (0x) | AF37: 0 | AM37: =SUM(AF37:AL37)+AT37+AV37+AX37 -> 0 | AR37: =SUM(AN37:AQ37) -> 0 | BA37: =+AR37+AS37+AU37+AW37+AY37+AZ37 -> 0 | BB37: 0 | BD37: 1 | BF37: 1
B38: Facial | C38: =(M38*E38*O38*Q38)/100000000 -> 15.882981 | D38: VP OW | E38: 13 | F38: 1 | G38: 1230 | H38: 0.24 | I38: 0.88 | J38: =E38*G38*(1-H38)*1440/1000000*2.74 -> 47.948509 | K38: =(IF(G38<L38,L38,G38)*(1-IF(H38<N38,H38,N38))*E38*O38*Q38)/100000000 -> 16.646479 | L38: 1183.2143 | M38: 891.925 | N38: =1-(M38/L38) -> 0.24618473 | O38: =+'Trim Rwd'!H28 -> 257 | P38: =O38*(Q38-R38-S38) -> 105370 | Q38: =420+113 -> 533 | R38: 113 | S38: 10 | T38: =E38*M38*O38*Q38/100000000 -> 15.882981 | U38: =E38*M38*O38*(Q38-R38-S38)/100000000 -> 12.217678 | V38: =E38*G38*(1-N38)*O38/100*(R38+S38)/1000000 -> 3.8102339 | W38: =+'7'!K11/1000 -> 6.891 | AC38: =K38-T38 -> 0.76349785 | AD38: =+AM38+BA38 -> 15 | AE38: - Change Blade (6x) | AG38: 15 | AM38: =SUM(AF38:AL38)+AT38+AV38+AX38 -> 15 | AR38: =SUM(AN38:AQ38) -> 0 | BA38: =+AR38+AS38+AU38+AW38+AY38+AZ38 -> 0 | BC38: 6
AD39: =+AM39+BA39 -> 20 | AE39: - Change Spool (18x) | AH39: 20 | AM39: =SUM(AF39:AL39)+AT39+AV39+AX39 -> 20 | AR39: =SUM(AN39:AQ39) -> 0 | BA39: =+AR39+AS39+AU39+AW39+AY39+AZ39 -> 0
AD40: =+AM40+BA40 -> 0 | AE40: - Awal shift pm stop, tunggu power sinergy | AM40: =SUM(AF40:AL40)+AT40+AV40+AX40 -> 0 | AR40: =SUM(AN40:AQ40) -> 0 | AW40: =408-408 -> 0 | BA40: =+AR40+AS40+AU40+AW40+AY40+AZ40 -> 0
AD41: =+AM41+BA41 -> 113 | AE41: - 00.16 pm trip, vaccum overload | AI41: 0 | AM41: =SUM(AF41:AL41)+AT41+AV41+AX41 -> 0 | AP41: 113 | AR41: =SUM(AN41:AQ41) -> 113 | BA41: =+AR41+AS41+AU41+AW41+AY41+AZ41 -> 113
AD42: =+AM42+BA42 -> 105 | AE42: - Pm stop, cleaning felt & wire pakai caustic soda | AM42: =SUM(AF42:AL42)+AT42+AV42+AX42 -> 0 | AN42: 105 | AR42: =SUM(AN42:AQ42) -> 105 | BA42: =+AR42+AS42+AU42+AW42+AY42+AZ42 -> 105
AD43: =+AM43+BA43 -> 18 | AE43: - seset hole blade : 560 kg ( burner hud mati ) | AK43: 18 | AM43: =SUM(AF43:AL43)+AT43+AV43+AX43 -> 18 | AR43: =SUM(AN43:AQ43) -> 0 | BA43: =+AR43+AS43+AU43+AW43+AY43+AZ43 -> 0
A45: 46089 | B45: Facial | C45: =(M45*E45*O45*Q45)/100000000 -> 6.164145 | D45: VP OW | E45: 13 | F45: 1 | G45: 1230 | H45: 0.24 | I45: 0.88 | J45: =E45*G45*(1-H45)*1440/1000000*2.74 -> 47.948509 | K45: =(IF(G45<L45,L45,G45)*(1-IF(H45<N45,H45,N45))*E45*O45*Q45)/100000000 -> 6.2463336 | L45: 1230 | M45: 922.5 | N45: =1-(M45/L45) -> 0.25 | O45: =+'Trim Rwd'!H30 -> 257 | P45: =O45*(Q45-R45-S45) -> 43690 | Q45: 200 | R45: 0 | S45: 30 | T45: =E45*M45*O45*Q45/100000000 -> 6.164145 | U45: =E45*M45*O45*(Q45-R45-S45)/100000000 -> 5.2395233 | V45: =E45*G45*(1-N45)*O45/100*(R45+S45)/1000000 -> 0.92462175 | W45: =+'8'!K11/1000 -> 10.664 | X45: =SUM(W45:W50)/SUM(K45:K50) -> 0.85678401 | Y45: 0 | Z45: 0 | AA45: =SUM(U45:U50)-SUM(W45:W50)-SUM(Z45:Z50)-SUM(Y45:Y50) -> -0.78399919 | AB45: =(SUM(K45:K50)-SUM(W45:W50)-SUM(Y45:Y50)-SUM(Z45:Z50)-SUM(AC45:AC50)-SUM(V45:V50))-AA45 -> -0.14824319 | AC45: =K45-T45 -> 0.0821886 | AD45: =+AM45+BA45 -> 12 | AE45: - Sheet Breaks (6x) | AF45: 12 | AM45: =SUM(AF45:AL45)+AT45+AV45+AX45 -> 12 | AR45: =SUM(AN45:AQ45) -> 0 | BA45: =+AR45+AS45+AU45+AW45+AY45+AZ45 -> 0 | BB45: 6
B46: Facial | C46: =(M46*E46*O46*Q46)/100000000 -> 34.364284 | D46: VP OW | E46: 11.5 | F46: 1 | G46: 1230 | H46: =+N46 -> 0.24 | I46: 0.88 | J46: =E46*G46*(1-H46)*1440/1000000*2.74 -> 42.415989 | K46: =(IF(G46<L46,L46,G46)*(1-IF(H46<N46,H46,N46))*E46*O46*Q46)/100000000 -> 35.45846 | L46: 1192.0447 | M46: 905.95397 | N46: =1-(M46/L46) -> 0.24 | O46: =+'Trim Rwd'!H31 -> 266 | P46: =O46*(Q46-R46-S46) -> 285152 | Q46: =1208+32 -> 1240 | R46: 32 | S46: =166-S45 -> 136 | T46: =E46*M46*O46*Q46/100000000 -> 34.364284 | U46: =E46*M46*O46*(Q46-R46-S46)/100000000 -> 29.708478 | V46: =E46*G46*(1-N46)*O46/100*(R46+S46)/1000000 -> 4.8040494 | W46: =+'8'!K13/1000 -> 25.068 | AC46: =K46-T46 -> 1.0941759 | AD46: =+AM46+BA46 -> 8 | AE46: - Change Blade (4x) | AG46: 8 | AM46: =SUM(AF46:AL46)+AT46+AV46+AX46 -> 8 | AR46: =SUM(AN46:AQ46) -> 0 | BA46: =+AR46+AS46+AU46+AW46+AY46+AZ46 -> 0 | BC46: 4
AD47: =+AM47+BA47 -> 47 | AE47: - Change Spool (26x) | AH47: 47 | AM47: =SUM(AF47:AL47)+AT47+AV47+AX47 -> 47 | AR47: =SUM(AN47:AQ47) -> 0 | BA47: =+AR47+AS47+AU47+AW47+AY47+AZ47 -> 0
AD48: =+AM48+BA48 -> 32 | AE48: - 15:54 pm stop vaccum trip info EID | AM48: =SUM(AF48:AL48)+AT48+AV48+AX48 -> 0 | AP48: 32 | AR48: =SUM(AN48:AQ48) -> 32 | BA48: =+AR48+AS48+AU48+AW48+AY48+AZ48 -> 32
AD49: =+AM49+BA49 -> 76 | AE49: - valve dilution tidak tertutup sempurna saat stop | AK49: 76 | AM49: =SUM(AF49:AL49)+AT49+AV49+AX49 -> 76 | AR49: =SUM(AN49:AQ49) -> 0 | BA49: =+AR49+AS49+AU49+AW49+AY49+AZ49 -> 0
AD50: =+AM50+BA50 -> 23 | AE50: - seset BW hunting : 600 kg ( valve dilution eror ) | AK50: 23 | AM50: =SUM(AF50:AL50)+AT50+AV50+AX50 -> 23 | AR50: =SUM(AN50:AQ50) -> 0 | BA50: =+AR50+AS50+AU50+AW50+AY50+AZ50 -> 0
A52: 46090 | B52: Facial | C52: =(M52*E52*O52*Q52)/100000000 -> 26.250698 | D52: VP OW | E52: 11.5 | F52: 1 | G52: 1230 | H52: =+N52 -> 0.24 | I52: 0.88 | J52: =E52*G52*(1-H52)*1440/1000000*2.74 -> 42.415989 | K52: =(IF(G52<L52,L52,G52)*(1-IF(H52<N52,H52,N52))*E52*O52*Q52)/100000000 -> 26.250698 | L52: 1230 | M52: 934.8 | N52: =1-(M52/L52) -> 0.24 | O52: =+'Trim Rwd'!H33 -> 266 | P52: =O52*(Q52-R52-S52) -> 233548 | Q52: 918 | R52: 0 | S52: 40 | T52: =E52*M52*O52*Q52/100000000 -> 26.250698 | U52: =E52*M52*O52*(Q52-R52-S52)/100000000 -> 25.106877 | V52: =E52*G52*(1-N52)*O52/100*(R52+S52)/1000000 -> 1.1438213 | W52: =+'9'!K13/1000 -> 28.863 | X52: =SUM(W52:W55)/SUM(K52:K55) -> 0.98369528 | Y52: 0 | Z52: 0 | AA52: =SUM(U52:U55)-SUM(W52:W55)-SUM(Z52:Z55)-SUM(Y52:Y55) -> -1.3787101 | AB52: =(SUM(K52:K55)-SUM(W52:W55)-SUM(Y52:Y55)-SUM(Z52:Z55)-SUM(AC52:AC55)-SUM(V52:V55))-AA52 -> -2.6645353e-15 | AC52: =K52-T52 -> 0 | AD52: =+AM52+BA52 -> 22 | AE52: - Sheet Breaks (10x) | AF52: 22 | AM52: =SUM(AF52:AL52)+AT52+AV52+AX52 -> 22 | AR52: =SUM(AN52:AQ52) -> 0 | BA52: =+AR52+AS52+AU52+AW52+AY52+AZ52 -> 0 | BB52: 10
B53: Facial | C53: =(M53*E53*O53*Q53)/100000000 -> 16.102865 | D53: VP OW | E53: 12 | F53: 1 | G53: 1230 | H53: =+N53 -> 0.24 | I53: 0.88 | J53: =E53*G53*(1-H53)*1440/1000000*2.74 -> 44.260163 | K53: =(IF(G53<L53,L53,G53)*(1-IF(H53<N53,H53,N53))*E53*O53*Q53)/100000000 -> 16.102865 | L53: 1230 | M53: 934.8 | N53: =1-(M53/L53) -> 0.24 | O53: =+'Trim Rwd'!H34 -> 275 | P53: =O53*(Q53-R53-S53) -> 135300 | Q53: 522 | R53: 0 | S53: 30 | T53: =E53*M53*O53*Q53/100000000 -> 16.102865 | U53: =E53*M53*O53*(Q53-R53-S53)/100000000 -> 15.177413 | V53: =E53*G53*(1-N53)*O53/100*(R53+S53)/1000000 -> 0.925452 | W53: =+'9'!K7/1000 -> 12.8 | AC53: =K53-T53 -> 0 | AD53: =+AM53+BA53 -> 0 | AE53: - Change Blade (0x) | AG53: 0 | AM53: =SUM(AF53:AL53)+AT53+AV53+AX53 -> 0 | AR53: =SUM(AN53:AQ53) -> 0 | BA53: =+AR53+AS53+AU53+AW53+AY53+AZ53 -> 0 | BC53: 0
AD54: =+AM54+BA54 -> 48 | AE54: - Change Spool (27x) | AH54: 48 | AM54: =SUM(AF54:AL54)+AT54+AV54+AX54 -> 48 | AR54: =SUM(AN54:AQ54) -> 0 | BA54: =+AR54+AS54+AU54+AW54+AY54+AZ54 -> 0
A56: 46091 | B56: Facial | C56: =(M56*E56*O56*Q56)/100000000 -> 44.421696 | D56: VP OW | E56: 12 | F56: 1 | G56: 1230 | H56: =+N56 -> 0.24 | I56: 0.88 | J56: =E56*G56*(1-H56)*1440/1000000*2.74 -> 44.260163 | K56: =(IF(G56<L56,L56,G56)*(1-IF(H56<N56,H56,N56))*E56*O56*Q56)/100000000 -> 44.421696 | L56: 1230 | M56: 934.8 | N56: =1-(M56/L56) -> 0.24 | O56: =+'Trim Rwd'!H36 -> 275 | P56: =O56*(Q56-R56-S56) -> 376475 | Q56: 1440 | R56: 0 | S56: 71 | T56: =E56*M56*O56*Q56/100000000 -> 44.421696 | U56: =E56*M56*O56*(Q56-R56-S56)/100000000 -> 42.23146 | V56: =E56*G56*(1-N56)*O56/100*(R56+S56)/1000000 -> 2.1902364 | W56: =+'10'!K7/1000 -> 41.02 | X56: =SUM(W56:W59)/SUM(K56:K59) -> 0.92342264 | Y56: 0 | Z56: 0 | AA56: =SUM(U56:U59)-SUM(W56:W59)-SUM(Z56:Z59)-SUM(Y56:Y59) -> 1.2114596 | AB56: =(SUM(K56:K59)-SUM(W56:W59)-SUM(Y56:Y59)-SUM(Z56:Z59)-SUM(AC56:AC59)-SUM(V56:V59))-AA56 -> -3.5527137e-15 | AC56: =K56-T56 -> 0 | AD56: =+AM56+BA56 -> 18 | AE56: - Sheet Breaks (6X) | AF56: 18 | AM56: =SUM(AF56:AL56)+AT56+AV56+AX56 -> 18 | AR56: =SUM(AN56:AQ56) -> 0 | BA56: =+AR56+AS56+AU56+AW56+AY56+AZ56 -> 0 | BB56: 6
AD57: =+AM57+BA57 -> 9 | AE57: - Change Blade (4x) | AG57: 9 | AM57: =SUM(AF57:AL57)+AT57+AV57+AX57 -> 9 | AR57: =SUM(AN57:AQ57) -> 0 | BA57: =+AR57+AS57+AU57+AW57+AY57+AZ57 -> 0 | BC57: 4
AD58: =+AM58+BA58 -> 44 | AE58: - Change Spool (25x) | AH58: 44 | AM58: =SUM(AF58:AL58)+AT58+AV58+AX58 -> 44 | AR58: =SUM(AN58:AQ58) -> 0 | BA58: =+AR58+AS58+AU58+AW58+AY58+AZ58 -> 0
A60: 46092 | B60: Facial | C60: =(M60*E60*O60*Q60)/100000000 -> 39.701891 | D60: VP OW | E60: 12 | F60: 1 | G60: 1230 | H60: =+N60 -> 0.24 | I60: 0.88 | J60: =E60*G60*(1-H60)*1440/1000000*2.74 -> 44.260163 | K60: =(IF(G60<L60,L60,G60)*(1-IF(H60<N60,H60,N60))*E60*O60*Q60)/100000000 -> 39.701891 | L60: 1230 | M60: 934.8 | N60: =1-(M60/L60) -> 0.24 | O60: =+'Trim Rwd'!H38 -> 275 | P60: =O60*(Q60-R60-S60) -> 337150 | Q60: 1287 | R60: 0 | S60: 61 | T60: =E60*M60*O60*Q60/100000000 -> 39.701891 | U60: =E60*M60*O60*(Q60-R60-S60)/100000000 -> 37.820138 | V60: =E60*G60*(1-N60)*O60/100*(R60+S60)/1000000 -> 1.8817524 | W60: =+'11'!K7/1000 -> 37.627 | X60: =SUM(W60:W63)/SUM(K60:K63) -> 0.87454588 | Y60: 0 | Z60: 0 | AA60: =SUM(U60:U63)-SUM(W60:W63)-SUM(Z60:Z63)-SUM(Y60:Y63) -> 3.3118307 | AB60: =(SUM(K60:K63)-SUM(W60:W63)-SUM(Y60:Y63)-SUM(Z60:Z63)-SUM(AC60:AC63)-SUM(V60:V63))-AA60 -> -0.0045015098 | AC60: =K60-T60 -> 0 | AD60: =+AM60+BA60 -> 18 | AE60: - Sheet Breaks (9X) | AF60: 18 | AM60: =SUM(AF60:AL60)+AT60+AV60+AX60 -> 18 | AR60: =SUM(AN60:AQ60) -> 0 | BA60: =+AR60+AS60+AU60+AW60+AY60+AZ60 -> 0 | BB60: 9
B61: Facial | C61: =(M61*E61*O61*Q61)/100000000 -> 4.5436638 | D61: VP OW | E61: 12.5 | F61: 1 | G61: 1230 | H61: =+N61 -> 0.24 | I61: 0.88 | J61: =E61*G61*(1-H61)*1440/1000000*2.74 -> 46.104336 | K61: =(IF(G61<L61,L61,G61)*(1-IF(H61<N61,H61,N61))*E61*O61*Q61)/100000000 -> 4.6125369 | L61: 1211.634 | M61: 920.84183 | N61: =1-(M61/L61) -> 0.24 | O61: =+'Trim Rwd'!H39 -> 258 | P61: =O61*(Q61-R61-S61) -> 36894 | Q61: 153 | R61: 0 | S61: 10 | T61: =E61*M61*O61*Q61/100000000 -> 4.5436638 | U61: =E61*M61*O61*(Q61-R61-S61)/100000000 -> 4.2466923 | V61: =E61*G61*(1-N61)*O61/100*(R61+S61)/1000000 -> 0.301473 | W61: =+'11'!K14/1000 -> 1.128 | AC61: =K61-T61 -> 0.0688731 | AD61: =+AM61+BA61 -> 0 | AE61: - Change Blade (0x) | AG61: 0 | AM61: =SUM(AF61:AL61)+AT61+AV61+AX61 -> 0 | AR61: =SUM(AN61:AQ61) -> 0 | BA61: =+AR61+AS61+AU61+AW61+AY61+AZ61 -> 0 | BC61: 0
AD62: =+AM62+BA62 -> 53 | AE62: - Change Spool (26x) | AH62: 53 | AM62: =SUM(AF62:AL62)+AT62+AV62+AX62 -> 53 | AR62: =SUM(AN62:AQ62) -> 0 | BA62: =+AR62+AS62+AU62+AW62+AY62+AZ62 -> 0
A64: 46093 | B64: Facial | C64: =(M64*E64*O64*Q64)/100000000 -> 9.04419 | D64: VP OW | E64: 12.5 | F64: 1 | G64: 1230 | H64: =+N64 -> 0.24 | I64: 0.88 | J64: =E64*G64*(1-H64)*1440/1000000*2.74 -> 46.104336 | K64: =(IF(G64<L64,L64,G64)*(1-IF(H64<N64,H64,N64))*E64*O64*Q64)/100000000 -> 9.04419 | L64: 1230 | M64: 934.8 | N64: =1-(M64/L64) -> 0.24 | O64: =+'Trim Rwd'!H41 -> 258 | P64: =O64*(Q64-R64-S64) -> 72240 | Q64: 300 | R64: 0 | S64: 20 | T64: =E64*M64*O64*Q64/100000000 -> 9.04419 | U64: =E64*M64*O64*(Q64-R64-S64)/100000000 -> 8.441244 | V64: =E64*G64*(1-N64)*O64/100*(R64+S64)/1000000 -> 0.602946 | W64: =+'12'!K14/1000 -> 9.004 | X64: =SUM(W64:W67)/SUM(K64:K67) -> 0.8757877 | Y64: 0 | Z64: =+'12'!D7/1000 -> 0.25 | AA64: =SUM(U64:U67)-SUM(W64:W67)-SUM(Z64:Z67)-SUM(Y64:Y67) -> 2.0185818 | AB64: =(SUM(K64:K67)-SUM(W64:W67)-SUM(Y64:Y67)-SUM(Z64:Z67)-SUM(AC64:AC67)-SUM(V64:V67))-AA64 -> -0.031774907 | AC64: =K64-T64 -> 0 | AD64: =+AM64+BA64 -> 28 | AE64: - Sheet Breaks (9X) | AF64: 28 | AM64: =SUM(AF64:AL64)+AT64+AV64+AX64 -> 28 | AR64: =SUM(AN64:AQ64) -> 0 | BA64: =+AR64+AS64+AU64+AW64+AY64+AZ64 -> 0 | BB64: 9
B65: Facial | C65: =(M65*E65*O65*Q65)/100000000 -> 25.173672 | D65: VP OW | E65: 14 | F65: 1 | G65: =+L65 -> 1180 | H65: =+N65 -> 0.27754889 | I65: 0.88 | J65: =E65*G65*(1-H65)*1440/1000000*2.74 -> 47.090311 | K65: =(IF(G65<L65,L65,G65)*(1-IF(H65<N65,H65,N65))*E65*O65*Q65)/100000000 -> 25.173672 | L65: 1180 | M65: 852.49231 | N65: =1-(M65/L65) -> 0.27754889 | O65: =+'Trim Rwd'!H42 -> 275 | P65: =O65*(Q65-R65-S65) -> 197175 | Q65: 767 | R65: 0 | S65: 50 | T65: =E65*M65*O65*Q65/100000000 -> 25.173672 | U65: =E65*M65*O65*(Q65-R65-S65)/100000000 -> 23.532624 | V65: =E65*G65*(1-N65)*O65/100*(R65+S65)/1000000 -> 1.6410477 | W65: =+'12'!K8/1000 -> 19.27 | Z65: =+'12'!D8/1000 -> 0.036 | AC65: =K65-T65 -> 0 | AD65: =+AM65+BA65 -> 0 | AE65: - Change Blade (0x) | AG65: 0 | AM65: =SUM(AF65:AL65)+AT65+AV65+AX65 -> 0 | AR65: =SUM(AN65:AQ65) -> 0 | BA65: =+AR65+AS65+AU65+AW65+AY65+AZ65 -> 0 | BC65: 0
B66: Toilet | C66: =(M66*E66*O66*Q66)/100000000 -> 11.577491 | D66: VP OW | E66: 13 | F66: 1 | G66: 1230 | H66: =+N66 -> 0.23 | I66: 0.88 | J66: =E66*G66*(1-H66)*1440/1000000*2.74 -> 48.579411 | K66: =(IF(G66<L66,L66,G66)*(1-IF(H66<N66,H66,N66))*E66*O66*Q66)/100000000 -> 12.170093 | L66: 1170.1072 | M66: 900.98257 | N66: =1-(M66/L66) -> 0.23 | O66: =+'Trim Rwd'!H43 -> 265 | P66: =O66*(Q66-R66-S66) -> 93545 | Q66: 373 | R66: 0 | S66: 20 | T66: =E66*M66*O66*Q66/100000000 -> 11.577491 | U66: =E66*M66*O66*(Q66-R66-S66)/100000000 -> 10.956714 | V66: =E66*G66*(1-N66)*O66/100*(R66+S66)/1000000 -> 0.6525519 | W66: =+'12'!K15/1000 -> 12.352 | AC66: =K66-T66 -> 0.59260201 | AD66: =+AM66+BA66 -> 62 | AE66: - Change Spool (30x) | AH66: 62 | AM66: =SUM(AF66:AL66)+AT66+AV66+AX66 -> 62 | AR66: =SUM(AN66:AQ66) -> 0 | BA66: =+AR66+AS66+AU66+AW66+AY66+AZ66 -> 0
A68: 46094 | B68: Toilet | C68: =(M68*E68*O68*Q68)/100000000 -> 1.4397926 | D68: VP OW | E68: 13 | F68: 1 | G68: 1230 | H68: =+N68 -> 0.24 | I68: 0.88 | J68: =E68*G68*(1-H68)*1440/1000000*2.74 -> 47.948509 | K68: =(IF(G68<L68,L68,G68)*(1-IF(H68<N68,H68,N68))*E68*O68*Q68)/100000000 -> 1.4757875 | L68: 1200 | M68: 912 | N68: =1-(M68/L68) -> 0.24 | O68: =+'Trim Rwd'!H46 -> 264 | P68: =O68*(Q68-R68-S68) -> 9240 | Q68: 46 | R68: 0 | S68: 11 | T68: =E68*M68*O68*Q68/100000000 -> 1.4397926 | U68: =E68*M68*O68*(Q68-R68-S68)/100000000 -> 1.0954944 | V68: =E68*G68*(1-N68)*O68/100*(R68+S68)/1000000 -> 0.3529057 | W68: =+'13'!K15/1000 -> 3.903 | X68: =SUM(W68:W71)/SUM(K68:K71) -> 0.88488626 | Y68: 0 | Z68: 0 | AA68: =SUM(U68:U71)-SUM(W68:W71)-SUM(Z68:Z71)-SUM(Y68:Y71) -> 1.6300061 | AB68: =(SUM(K68:K71)-SUM(W68:W71)-SUM(Y68:Y71)-SUM(Z68:Z71)-SUM(AC68:AC71)-SUM(V68:V71))-AA68 -> -0.063377307 | AC68: =K68-T68 -> 0.035994816 | AD68: =+AM68+BA68 -> 6 | AE68: - Sheet Breaks (3x) | AF68: 6 | AM68: =SUM(AF68:AL68)+AT68+AV68+AX68 -> 6 | AR68: =SUM(AN68:AQ68) -> 0 | BA68: =+AR68+AS68+AU68+AW68+AY68+AZ68 -> 0 | BB68: 3
B69: Toilet | C69: =(M69*E69*O69*Q69)/100000000 -> 41.159064 | D69: VP OW | E69: 12.5 | F69: 1 | G69: 1230 | H69: =+N69 -> 0.22966811 | I69: 0.88 | J69: =E69*G69*(1-H69)*1440/1000000*2.74 -> 46.731106 | K69: =(IF(G69<L69,L69,G69)*(1-IF(H69<N69,H69,N69))*E69*O69*Q69)/100000000 -> 42.43155 | L69: 1193.1133 | M69: 919.09326 | N69: =1-(M69/L69) -> 0.22966811 | O69: =+'Trim Rwd'!H47 -> 257 | P69: =O69*(Q69-R69-S69) -> 342838 | Q69: 1394 | R69: 0 | S69: 60 | T69: =E69*M69*O69*Q69/100000000 -> 41.159064 | U69: =E69*M69*O69*(Q69-R69-S69)/100000000 -> 39.387512 | V69: =E69*G69*(1-N69)*O69/100*(R69+S69)/1000000 -> 1.8263221 | W69: =+'13'!K16/1000 -> 34.95 | AC69: =K69-T69 -> 1.2724862 | AD69: =+AM69+BA69 -> 21 | AE69: - Change Blade (8x) | AG69: 21 | AM69: =SUM(AF69:AL69)+AT69+AV69+AX69 -> 21 | AR69: =SUM(AN69:AQ69) -> 0 | BA69: =+AR69+AS69+AU69+AW69+AY69+AZ69 -> 0 | BC69: 8
AC70: =K70-T70 -> 0 | AD70: =+AM70+BA70 -> 44 | AE70: - Change Spool (27x) | AH70: 44 | AM70: =SUM(AF70:AL70)+AT70+AV70+AX70 -> 44 | AR70: =SUM(AN70:AQ70) -> 0 | BA70: =+AR70+AS70+AU70+AW70+AY70+AZ70 -> 0
A72: 46095 | B72: Toilet | C72: =(M72*E72*O72*Q72)/100000000 -> 3.0648214 | D72: VP OW | E72: 12.5 | F72: 1 | G72: 1230 | H72: =+N72 -> 0.23 | I72: 0.88 | J72: =E72*G72*(1-H72)*1440/1000000*2.74 -> 46.710972 | K72: =(IF(G72<L72,L72,G72)*(1-IF(H72<N72,H72,N72))*E72*O72*Q72)/100000000 -> 3.1946867 | L72: 1180 | M72: 908.6 | N72: =1-(M72/L72) -> 0.23 | O72: =+'Trim Rwd'!H50 -> 257 | P72: =O72*(Q72-R72-S72) -> 20560 | Q72: 105 | R72: 0 | S72: 25 | T72: =E72*M72*O72*Q72/100000000 -> 3.0648214 | U72: =E72*M72*O72*(Q72-R72-S72)/100000000 -> 2.335102 | V72: =E72*G72*(1-N72)*O72/100*(R72+S72)/1000000 -> 0.76063969 | W72: =+'14'!K16/1000 -> 5.878 | X72: =SUM(W72:W75)/SUM(K72:K75) -> 0.85030076 | Y72: 0 | Z72: 0 | AA72: =SUM(U72:U75)-SUM(W72:W75)-SUM(Z72:Z75)-SUM(Y72:Y75) -> 1.7327379 | AB72: =(SUM(K72:K75)-SUM(W72:W75)-SUM(Y72:Y75)-SUM(Z72:Z75)-SUM(AC72:AC75)-SUM(V72:V75))-AA72 -> -0.15110958 | AC72: =K72-T72 -> 0.12986531 | AD72: =+AM72+BA72 -> 30 | AE72: - Sheet Breaks (9x) | AF72: 30 | AM72: =SUM(AF72:AL72)+AT72+AV72+AX72 -> 30 | AR72: =SUM(AN72:AQ72) -> 0 | BA72: =+AR72+AS72+AU72+AW72+AY72+AZ72 -> 0 | BB72: 9
B73: Toilet | C73: =(M73*E73*O73*Q73)/100000000 -> 41.918826 | D73: VP OW | E73: 13 | F73: 1 | G73: 1230 | H73: =+N73 -> 0.19427473 | I73: 0.88 | J73: =E73*G73*(1-H73)*1440/1000000*2.74 -> 50.833324 | K73: =(IF(G73<L73,L73,G73)*(1-IF(H73<N73,H73,N73))*E73*O73*Q73)/100000000 -> 44.116808 | L73: 1168.7191 | M73: 941.66652 | N73: =1-(M73/L73) -> 0.19427473 | O73: =+'Trim Rwd'!H49 -> 256.5 | P73: =O73*(Q73-R73-S73) -> 323703 | Q73: 1335 | R73: 0 | S73: =98-S72 -> 73 | T73: =E73*M73*O73*Q73/100000000 -> 41.918826 | U73: =E73*M73*O73*(Q73-R73-S73)/100000000 -> 39.626636 | V73: =E73*G73*(1-N73)*O73/100*(R73+S73)/1000000 -> 2.4123798 | W73: =+'14'!K15/1000 -> 34.351 | AC73: =K73-T73 -> 2.1979818 | AD73: =+AM73+BA73 -> 2 | AE73: - Change Blade (1x) | AG73: 2 | AM73: =SUM(AF73:AL73)+AT73+AV73+AX73 -> 2 | AR73: =SUM(AN73:AQ73) -> 0 | BA73: =+AR73+AS73+AU73+AW73+AY73+AZ73 -> 0 | BC73: 1
AD74: =+AM74+BA74 -> 41 | AE74: - Change Spool (25x) | AH74: 41 | AM74: =SUM(AF74:AL74)+AT74+AV74+AX74 -> 41 | AR74: =SUM(AN74:AQ74) -> 0 | BA74: =+AR74+AS74+AU74+AW74+AY74+AZ74 -> 0
AD75: =+AM75+BA75 -> 25 | AE75: - 10.15 hood wet padam | AK75: 25 | AM75: =SUM(AF75:AL75)+AT75+AV75+AX75 -> 25 | AR75: =SUM(AN75:AQ75) -> 0 | BA75: =+AR75+AS75+AU75+AW75+AY75+AZ75 -> 0
A77: 46096 | B77: Toilet | C77: =(M77*E77*O77*Q77)/100000000 -> 45.804826 | D77: VP OW | E77: 13 | F77: 1 | G77: 1230 | H77: =+N77 -> 0.19385915 | I77: 0.88 | J77: =E77*G77*(1-H77)*1440/1000000*2.74 -> 50.859542 | K77: =(IF(G77<L77,L77,G77)*(1-IF(H77<N77,H77,N77))*E77*O77*Q77)/100000000 -> 47.611214 | L77: 1183.3333 | M77: 953.93333 | N77: =1-(M77/L77) -> 0.19385915 | O77: =+'Trim Rwd'!H52 -> 256.5 | P77: =O77*(Q77-R77-S77) -> 343710 | Q77: 1440 | R77: 0 | S77: 100 | T77: =E77*M77*O77*Q77/100000000 -> 45.804826 | U77: =E77*M77*O77*(Q77-R77-S77)/100000000 -> 42.623935 | V77: =E77*G77*(1-N77)*O77/100*(R77+S77)/1000000 -> 3.3063343 | W77: =+'15'!K15/1000 -> 40.757 | X77: =SUM(W77:W80)/SUM(K77:K80) -> 0.85603783 | Y77: 0 | Z77: 0 | AA77: =SUM(U77:U80)-SUM(W77:W80)-SUM(Z77:Z80)-SUM(Y77:Y80) -> 1.8669354 | AB77: =(SUM(K77:K80)-SUM(W77:W80)-SUM(Y77:Y80)-SUM(Z77:Z80)-SUM(AC77:AC80)-SUM(V77:V80))-AA77 -> -0.12544358 | AC77: =K77-T77 -> 1.8063875 | AD77: =+AM77+BA77 -> 30 | AE77: - Sheet Breaks (9x) | AF77: 30 | AM77: =SUM(AF77:AL77)+AT77+AV77+AX77 -> 30 | AR77: =SUM(AN77:AQ77) -> 0 | BA77: =+AR77+AS77+AU77+AW77+AY77+AZ77 -> 0 | BB77: 9
AC78: =K78-T78 -> 0 | AD78: =+AM78+BA78 -> 0 | AE78: - Change Blade (0x) | AG78: 0 | AM78: =SUM(AF78:AL78)+AT78+AV78+AX78 -> 0 | AR78: =SUM(AN78:AQ78) -> 0 | BA78: =+AR78+AS78+AU78+AW78+AY78+AZ78 -> 0 | BC78: 0
AD79: =+AM79+BA79 -> 48 | AE79: - Change Spool (24x) | AH79: 48 | AM79: =SUM(AF79:AL79)+AT79+AV79+AX79 -> 48 | AR79: =SUM(AN79:AQ79) -> 0 | BA79: =+AR79+AS79+AU79+AW79+AY79+AZ79 -> 0
AD80: =+AM80+BA80 -> 22 | AE80: - 11.28 hood dry padam | AK80: 22 | AM80: =SUM(AF80:AL80)+AT80+AV80+AX80 -> 22 | AR80: =SUM(AN80:AQ80) -> 0 | BA80: =+AR80+AS80+AU80+AW80+AY80+AZ80 -> 0
A82: 46097 | B82: Toilet | C82: =(M82*E82*O82*Q82)/100000000 -> 34.761162 | D82: VP OW | E82: 13 | F82: 1 | G82: 1230 | H82: =+N82 -> 0.20282175 | I82: 0.88 | J82: =E82*G82*(1-H82)*1440/1000000*2.74 -> 50.294091 | K82: =(IF(G82<L82,L82,G82)*(1-IF(H82<N82,H82,N82))*E82*O82*Q82)/100000000 -> 36.29228 | L82: 1178.1081 | M82: 939.16216 | N82: =1-(M82/L82) -> 0.20282175 | O82: =+'Trim Rwd'!H54 -> 256.5 | P82: =O82*(Q82-R82-S82) -> 264195 | Q82: =1440-Q83 -> 1110 | R82: 0 | S82: 80 | T82: =E82*M82*O82*Q82/100000000 -> 34.761162 | U82: =E82*M82*O82*(Q82-R82-S82)/100000000 -> 32.255853 | V82: =E82*G82*(1-N82)*O82/100*(R82+S82)/1000000 -> 2.6156598 | W82: =+'16'!K15/1000 -> 33.502 | X82: =SUM(W82:W85)/SUM(K82:K85) -> 0.85259395 | Y82: 0 | Z82: 0 | AA82: =SUM(U82:U85)-SUM(W82:W85)-SUM(Z82:Z85)-SUM(Y82:Y85) -> 2.0630829 | AB82: =(SUM(K82:K85)-SUM(W82:W85)-SUM(Y82:Y85)-SUM(Z82:Z85)-SUM(AC82:AC85)-SUM(V82:V85))-AA82 -> -0.11035084 | AC82: =K82-T82 -> 1.5311179 | AD82: =+AM82+BA82 -> 18 | AE82: - Sheet Breaks (6x) | AF82: 18 | AM82: =SUM(AF82:AL82)+AT82+AV82+AX82 -> 18 | AR82: =SUM(AN82:AQ82) -> 0 | BA82: =+AR82+AS82+AU82+AW82+AY82+AZ82 -> 0 | BB82: 6
B83: Toilet | C83: =(M83*E83*O83*Q83)/100000000 -> 10.040444 | D83: VP OW | E83: 12.5 | F83: 1 | G83: 1230 | H83: =+N83 -> 0.23 | I83: 0.88 | J83: =E83*G83*(1-H83)*1440/1000000*2.74 -> 46.710972 | K83: =(IF(G83<L83,L83,G83)*(1-IF(H83<N83,H83,N83))*E83*O83*Q83)/100000000 -> 10.040444 | L83: 1230 | M83: 947.1 | N83: =1-(M83/L83) -> 0.23 | O83: =+'Trim Rwd'!H55 -> 257 | P83: =O83*(Q83-R83-S83) -> 78642 | Q83: 330 | R83: 0 | S83: 24 | T83: =E83*M83*O83*Q83/100000000 -> 10.040444 | U83: =E83*M83*O83*(Q83-R83-S83)/100000000 -> 9.3102298 | V83: =E83*G83*(1-N83)*O83/100*(R83+S83)/1000000 -> 0.7302141 | W83: =+'16'!K16/1000 -> 6.001 | AC83: =K83-T83 -> 0 | AD83: =+AM83+BA83 -> 10 | AE83: - Change Blade (7x) | AG83: 10 | AM83: =SUM(AF83:AL83)+AT83+AV83+AX83 -> 10 | AR83: =SUM(AN83:AQ83) -> 0 | BA83: =+AR83+AS83+AU83+AW83+AY83+AZ83 -> 0 | BC83: 7
AD84: =+AM84+BA84 -> 51 | AE84: - Change Spool (25x) | AH84: 51 | AM84: =SUM(AF84:AL84)+AT84+AV84+AX84 -> 51 | AR84: =SUM(AN84:AQ84) -> 0 | BA84: =+AR84+AS84+AU84+AW84+AY84+AZ84 -> 0
AD85: =+AM85+BA85 -> 25 | AE85: - 23:55 dry hood off cek Eid. Pm sirkulasi tunggu hood nyala | AK85: 25 | AM85: =SUM(AF85:AL85)+AT85+AV85+AX85 -> 25 | AR85: =SUM(AN85:AQ85) -> 0 | BA85: =+AR85+AS85+AU85+AW85+AY85+AZ85 -> 0
A87: 46098 | B87: Toilet | C87: =(M87*E87*O87*Q87)/100000000 -> 5.3936269 | D87: VP OW | E87: 12.5 | F87: 1 | G87: 1230 | H87: =+N87 -> 0.22 | I87: 0.88 | J87: =E87*G87*(1-H87)*1440/1000000*2.74 -> 47.317608 | K87: =(IF(G87<L87,L87,G87)*(1-IF(H87<N87,H87,N87))*E87*O87*Q87)/100000000 -> 5.3936269 | L87: 1230 | M87: 959.4 | N87: =1-(M87/L87) -> 0.22 | O87: =+'Trim Rwd'!H57 -> 257 | P87: =O87*(Q87-R87-S87) -> 41377 | Q87: =1440-1265 -> 175 | R87: =1265-1265 -> 0 | S87: 14 | T87: =E87*M87*O87*Q87/100000000 -> 5.3936269 | U87: =E87*M87*O87*(Q87-R87-S87)/100000000 -> 4.9621367 | V87: =E87*G87*(1-N87)*O87/100*(R87+S87)/1000000 -> 0.43149015 | W87: =+'17'!K16/1000 -> 5.859 | X87: =SUM(W87:W90)/SUM(K87:K90) -> 1.086282 | Y87: 0 | Z87: 0 | AA87: =SUM(U87:U90)-SUM(W87:W90)-SUM(Z87:Z90)-SUM(Y87:Y90) -> -0.89686328 | AB87: =(SUM(K87:K90)-SUM(W87:W90)-SUM(Y87:Y90)-SUM(Z87:Z90)-SUM(AC87:AC90)-SUM(V87:V90))-AA87 -> 0 | AC87: =K87-T87 -> 0 | AD87: =+AM87+BA87 -> 6 | AE87: - Sheet Breaks (2x) | AF87: 6 | AM87: =SUM(AF87:AL87)+AT87+AV87+AX87 -> 6 | AR87: =SUM(AN87:AQ87) -> 0 | BA87: =+AR87+AS87+AU87+AW87+AY87+AZ87 -> 0 | BB87: 2
AD88: =+AM88+BA88 -> 0 | AE88: - Change Blade (0x) | AG88: 0 | AM88: =SUM(AF88:AL88)+AT88+AV88+AX88 -> 0 | AR88: =SUM(AN88:AQ88) -> 0 | BA88: =+AR88+AS88+AU88+AW88+AY88+AZ88 -> 0 | BC88: 0
AD89: =+AM89+BA89 -> 8 | AE89: - Change Spool (5x) | AH89: 8 | AM89: =SUM(AF89:AL89)+AT89+AV89+AX89 -> 8 | AR89: =SUM(AN89:AQ89) -> 0 | BA89: =+AR89+AS89+AU89+AW89+AY89+AZ89 -> 0
AD90: =+AM90+BA90 -> 0 | AE90: - 09:55 pm stop buburan sudah habis, boil out | AM90: =SUM(AF90:AL90)+AT90+AV90+AX90 -> 0 | AR90: =SUM(AN90:AQ90) -> 0 | AZ90: =1265-1265 -> 0 | BA90: =+AR90+AS90+AU90+AW90+AY90+AZ90 -> 0
A92: 46099 | B92: Toilet | C92: =(M92*E92*O92*Q92)/100000000 -> 0 | D92: VP OW | E92: 12.5 | F92: 1 | G92: 1230 | H92: =+N92 -> 0.22 | I92: 0.88 | J92: =E92*G92*(1-H92)*1440/1000000*2.74 -> 47.317608 | K92: =(IF(G92<L92,L92,G92)*(1-IF(H92<N92,H92,N92))*E92*O92*Q92)/100000000 -> 0 | L92: 1230 | M92: 959.4 | N92: =1-(M92/L92) -> 0.22 | O92: =+'Trim Rwd'!H59 -> 256 | P92: =O92*(Q92-R92-S92) -> 0 | Q92: =1440-1440 -> 0 | R92: =1440-1440 -> 0 | S92: 0 | T92: =E92*M92*O92*Q92/100000000 -> 0 | U92: =E92*M92*O92*(Q92-R92-S92)/100000000 -> 0 | V92: =E92*G92*(1-N92)*O92/100*(R92+S92)/1000000 -> 0 | W92: =+'18'!K34/1000 -> 0 | X92: =SUM(W92:W95)/SUM(K92:K95) -> #DIV/0! | Y92: 0 | Z92: 0 | AA92: =SUM(U92:U95)-SUM(W92:W95)-SUM(Z92:Z95)-SUM(Y92:Y95) -> 0 | AB92: =(SUM(K92:K95)-SUM(W92:W95)-SUM(Y92:Y95)-SUM(Z92:Z95)-SUM(AC92:AC95)-SUM(V92:V95))-AA92 -> 0 | AC92: =K92-T92 -> 0 | AD92: =+AM92+BA92 -> 0 | AE92: - Sheet Breaks (0x) | AF92: 0 | AM92: =SUM(AF92:AL92)+AT92+AV92+AX92 -> 0 | AR92: =SUM(AN92:AQ92) -> 0 | BA92: =+AR92+AS92+AU92+AW92+AY92+AZ92 -> 0 | BB92: 0
AD93: =+AM93+BA93 -> 0 | AE93: - Change Blade (0x) | AG93: 0 | AM93: =SUM(AF93:AL93)+AT93+AV93+AX93 -> 0 | AR93: =SUM(AN93:AQ93) -> 0 | BA93: =+AR93+AS93+AU93+AW93+AY93+AZ93 -> 0 | BC93: 0
AD94: =+AM94+BA94 -> 0 | AE94: - Change Spool (0x) | AH94: 0 | AM94: =SUM(AF94:AL94)+AT94+AV94+AX94 -> 0 | AR94: =SUM(AN94:AQ94) -> 0 | BA94: =+AR94+AS94+AU94+AW94+AY94+AZ94 -> 0
AD95: =+AM95+BA95 -> 0 | AE95: - Awal Shift PM STOP, Schedule Lebaran | AM95: =SUM(AF95:AL95)+AT95+AV95+AX95 -> 0 | AR95: =SUM(AN95:AQ95) -> 0 | AZ95: =1440-1440 -> 0 | BA95: =+AR95+AS95+AU95+AW95+AY95+AZ95 -> 0
A97: 46100 | B97: Toilet | C97: =(M97*E97*O97*Q97)/100000000 -> 0 | D97: VP OW | E97: 12.5 | F97: 1 | G97: 1230 | H97: =+N97 -> 0.22 | I97: 0.88 | J97: =E97*G97*(1-H97)*1440/1000000*2.74 -> 47.317608 | K97: =(IF(G97<L97,L97,G97)*(1-IF(H97<N97,H97,N97))*E97*O97*Q97)/100000000 -> 0 | L97: 1230 | M97: 959.4 | N97: =1-(M97/L97) -> 0.22 | O97: =+'Trim Rwd'!H61 -> 256 | P97: =O97*(Q97-R97-S97) -> 0 | Q97: =1440-1440 -> 0 | R97: =1440-1440 -> 0 | S97: 0 | T97: =E97*M97*O97*Q97/100000000 -> 0 | U97: =E97*M97*O97*(Q97-R97-S97)/100000000 -> 0 | V97: =E97*G97*(1-N97)*O97/100*(R97+S97)/1000000 -> 0 | W97: =+'19'!K34/1000 -> 0 | X97: =SUM(W97:W100)/SUM(K97:K100) -> #DIV/0! | Y97: 0 | Z97: 0 | AA97: =SUM(U97:U100)-SUM(W97:W100)-SUM(Z97:Z100)-SUM(Y97:Y100) -> 0 | AB97: =(SUM(K97:K100)-SUM(W97:W100)-SUM(Y97:Y100)-SUM(Z97:Z100)-SUM(AC97:AC100)-SUM(V97:V100))-AA97 -> 0 | AC97: =K97-T97 -> 0 | AD97: =+AM97+BA97 -> 0 | AE97: - Sheet Breaks (0x) | AF97: 0 | AM97: =SUM(AF97:AL97)+AT97+AV97+AX97 -> 0 | AR97: =SUM(AN97:AQ97) -> 0 | BA97: =+AR97+AS97+AU97+AW97+AY97+AZ97 -> 0 | BB97: 0
AD98: =+AM98+BA98 -> 0 | AE98: - Change Blade (0x) | AG98: 0 | AM98: =SUM(AF98:AL98)+AT98+AV98+AX98 -> 0 | AR98: =SUM(AN98:AQ98) -> 0 | BA98: =+AR98+AS98+AU98+AW98+AY98+AZ98 -> 0 | BC98: 0
AD99: =+AM99+BA99 -> 0 | AE99: - Change Spool (0x) | AH99: 0 | AM99: =SUM(AF99:AL99)+AT99+AV99+AX99 -> 0 | AR99: =SUM(AN99:AQ99) -> 0 | BA99: =+AR99+AS99+AU99+AW99+AY99+AZ99 -> 0
AD100: =+AM100+BA100 -> 0 | AE100: - Awal Shift PM STOP, Schedule Lebaran | AM100: =SUM(AF100:AL100)+AT100+AV100+AX100 -> 0 | AR100: =SUM(AN100:AQ100) -> 0 | AZ100: =1440-1440 -> 0 | BA100: =+AR100+AS100+AU100+AW100+AY100+AZ100 -> 0
A102: 46101 | B102: Toilet | C102: =(M102*E102*O102*Q102)/100000000 -> 0 | D102: VP OW | E102: 12.5 | F102: 1 | G102: 1230 | H102: =+N102 -> 0.22 | I102: 0.88 | J102: =E102*G102*(1-H102)*1440/1000000*2.74 -> 47.317608 | K102: =(IF(G102<L102,L102,G102)*(1-IF(H102<N102,H102,N102))*E102*O102*Q102)/100000000 -> 0 | L102: 1230 | M102: 959.4 | N102: =1-(M102/L102) -> 0.22 | O102: =+'Trim Rwd'!H63 -> 256 | P102: =O102*(Q102-R102-S102) -> 0 | Q102: =1440-1440 -> 0 | R102: =1440-1440 -> 0 | S102: 0 | T102: =E102*M102*O102*Q102/100000000 -> 0 | U102: =E102*M102*O102*(Q102-R102-S102)/100000000 -> 0 | V102: =E102*G102*(1-N102)*O102/100*(R102+S102)/1000000 -> 0 | W102: 0 | X102: =SUM(W102:W105)/SUM(K102:K105) -> #DIV/0! | Y102: 0 | Z102: 0 | AA102: =SUM(U102:U105)-SUM(W102:W105)-SUM(Z102:Z105)-SUM(Y102:Y105) -> 0 | AB102: =(SUM(K102:K105)-SUM(W102:W105)-SUM(Y102:Y105)-SUM(Z102:Z105)-SUM(AC102:AC105)-SUM(V102:V105))-AA102 -> 0 | AC102: =K102-T102 -> 0 | AD102: =+AM102+BA102 -> 0 | AE102: - Sheet Breaks (0x) | AF102: 0 | AM102: =SUM(AF102:AL102)+AT102+AV102+AX102 -> 0 | AR102: =SUM(AN102:AQ102) -> 0 | BA102: =+AR102+AS102+AU102+AW102+AY102+AZ102 -> 0 | BB102: 0
AD103: =+AM103+BA103 -> 0 | AE103: - Change Blade (0x) | AG103: 0 | AM103: =SUM(AF103:AL103)+AT103+AV103+AX103 -> 0 | AR103: =SUM(AN103:AQ103) -> 0 | BA103: =+AR103+AS103+AU103+AW103+AY103+AZ103 -> 0 | BC103: 0
AD104: =+AM104+BA104 -> 0 | AE104: - Change Spool (0x) | AH104: 0 | AM104: =SUM(AF104:AL104)+AT104+AV104+AX104 -> 0 | AR104: =SUM(AN104:AQ104) -> 0 | BA104: =+AR104+AS104+AU104+AW104+AY104+AZ104 -> 0
AD105: =+AM105+BA105 -> 0 | AE105: - Awal Shift PM STOP, Schedule Lebaran | AM105: =SUM(AF105:AL105)+AT105+AV105+AX105 -> 0 | AR105: =SUM(AN105:AQ105) -> 0 | AZ105: =1440-1440 -> 0 | BA105: =+AR105+AS105+AU105+AW105+AY105+AZ105 -> 0
A107: 46102 | B107: Toilet | C107: =(M107*E107*O107*Q107)/100000000 -> 0 | D107: VP OW | E107: 12.5 | F107: 1 | G107: 1230 | H107: =+N107 -> 0.22 | I107: 0.88 | J107: =E107*G107*(1-H107)*1440/1000000*2.74 -> 47.317608 | K107: =(IF(G107<L107,L107,G107)*(1-IF(H107<N107,H107,N107))*E107*O107*Q107)/100000000 -> 0 | L107: 1230 | M107: 959.4 | N107: =1-(M107/L107) -> 0.22 | O107: =+'Trim Rwd'!H65 -> 256 | P107: =O107*(Q107-R107-S107) -> 0 | Q107: =1440-1440 -> 0 | R107: =1440-1440 -> 0 | S107: 0 | T107: =E107*M107*O107*Q107/100000000 -> 0 | U107: =E107*M107*O107*(Q107-R107-S107)/100000000 -> 0 | V107: =E107*G107*(1-N107)*O107/100*(R107+S107)/1000000 -> 0 | W107: 0 | X107: =SUM(W107:W110)/SUM(K107:K110) -> #DIV/0! | Y107: 0 | Z107: 0 | AA107: =SUM(U107:U110)-SUM(W107:W110)-SUM(Z107:Z110)-SUM(Y107:Y110) -> 0 | AB107: =(SUM(K107:K110)-SUM(W107:W110)-SUM(Y107:Y110)-SUM(Z107:Z110)-SUM(AC107:AC110)-SUM(V107:V110))-AA107 -> 0 | AC107: =K107-T107 -> 0 | AD107: =+AM107+BA107 -> 0 | AE107: - Sheet Breaks (0x) | AF107: 0 | AM107: =SUM(AF107:AL107)+AT107+AV107+AX107 -> 0 | AR107: =SUM(AN107:AQ107) -> 0 | BA107: =+AR107+AS107+AU107+AW107+AY107+AZ107 -> 0 | BB107: 0
AD108: =+AM108+BA108 -> 0 | AE108: - Change Blade (0x) | AG108: 0 | AM108: =SUM(AF108:AL108)+AT108+AV108+AX108 -> 0 | AR108: =SUM(AN108:AQ108) -> 0 | BA108: =+AR108+AS108+AU108+AW108+AY108+AZ108 -> 0 | BC108: 0
AD109: =+AM109+BA109 -> 0 | AE109: - Change Spool (0x) | AH109: 0 | AM109: =SUM(AF109:AL109)+AT109+AV109+AX109 -> 0 | AR109: =SUM(AN109:AQ109) -> 0 | BA109: =+AR109+AS109+AU109+AW109+AY109+AZ109 -> 0
AD110: =+AM110+BA110 -> 0 | AE110: - Awal Shift PM STOP, Schedule Lebaran | AM110: =SUM(AF110:AL110)+AT110+AV110+AX110 -> 0 | AR110: =SUM(AN110:AQ110) -> 0 | AZ110: =1440-1440 -> 0 | BA110: =+AR110+AS110+AU110+AW110+AY110+AZ110 -> 0
A112: 46103 | B112: Toilet | C112: =(M112*E112*O112*Q112)/100000000 -> 0 | D112: VP OW | E112: 12.5 | F112: 1 | G112: 1230 | H112: =+N112 -> 0.22 | I112: 0.88 | J112: =E112*G112*(1-H112)*1440/1000000*2.74 -> 47.317608 | K112: =(IF(G112<L112,L112,G112)*(1-IF(H112<N112,H112,N112))*E112*O112*Q112)/100000000 -> 0 | L112: 1230 | M112: 959.4 | N112: =1-(M112/L112) -> 0.22 | O112: =+'Trim Rwd'!H67 -> 256 | P112: =O112*(Q112-R112-S112) -> 0 | Q112: =1440-1440 -> 0 | R112: =1440-1440 -> 0 | S112: 0 | T112: =E112*M112*O112*Q112/100000000 -> 0 | U112: =E112*M112*O112*(Q112-R112-S112)/100000000 -> 0 | V112: =E112*G112*(1-N112)*O112/100*(R112+S112)/1000000 -> 0 | W112: 0 | X112: =SUM(W112:W115)/SUM(K112:K115) -> #DIV/0! | Y112: 0 | Z112: 0 | AA112: =SUM(U112:U115)-SUM(W112:W115)-SUM(Z112:Z115)-SUM(Y112:Y115) -> 0 | AB112: =(SUM(K112:K115)-SUM(W112:W115)-SUM(Y112:Y115)-SUM(Z112:Z115)-SUM(AC112:AC115)-SUM(V112:V115))-AA112 -> 0 | AC112: =K112-T112 -> 0 | AD112: =+AM112+BA112 -> 0 | AE112: - Sheet Breaks (0x) | AF112: 0 | AM112: =SUM(AF112:AL112)+AT112+AV112+AX112 -> 0 | AR112: =SUM(AN112:AQ112) -> 0 | BA112: =+AR112+AS112+AU112+AW112+AY112+AZ112 -> 0 | BB112: 0
AD113: =+AM113+BA113 -> 0 | AE113: - Change Blade (0x) | AG113: 0 | AM113: =SUM(AF113:AL113)+AT113+AV113+AX113 -> 0 | AR113: =SUM(AN113:AQ113) -> 0 | BA113: =+AR113+AS113+AU113+AW113+AY113+AZ113 -> 0 | BC113: 0
AD114: =+AM114+BA114 -> 0 | AE114: - Change Spool (0x) | AH114: 0 | AM114: =SUM(AF114:AL114)+AT114+AV114+AX114 -> 0 | AR114: =SUM(AN114:AQ114) -> 0 | BA114: =+AR114+AS114+AU114+AW114+AY114+AZ114 -> 0
AD115: =+AM115+BA115 -> 0 | AE115: - Awal Shift PM STOP, Schedule Lebaran | AM115: =SUM(AF115:AL115)+AT115+AV115+AX115 -> 0 | AR115: =SUM(AN115:AQ115) -> 0 | AZ115: =1440-1440 -> 0 | BA115: =+AR115+AS115+AU115+AW115+AY115+AZ115 -> 0
A117: 46104 | B117: Toilet | C117: =(M117*E117*O117*Q117)/100000000 -> 0 | D117: VP OW | E117: 12.5 | F117: 1 | G117: 1230 | H117: =+N117 -> 0.22 | I117: 0.88 | J117: =E117*G117*(1-H117)*1440/1000000*2.74 -> 47.317608 | K117: =(IF(G117<L117,L117,G117)*(1-IF(H117<N117,H117,N117))*E117*O117*Q117)/100000000 -> 0 | L117: 1230 | M117: 959.4 | N117: =1-(M117/L117) -> 0.22 | O117: =+'Trim Rwd'!H69 -> 256 | P117: =O117*(Q117-R117-S117) -> 0 | Q117: =1440-1440 -> 0 | R117: =1440-1440 -> 0 | S117: 0 | T117: =E117*M117*O117*Q117/100000000 -> 0 | U117: =E117*M117*O117*(Q117-R117-S117)/100000000 -> 0 | V117: =E117*G117*(1-N117)*O117/100*(R117+S117)/1000000 -> 0 | W117: 0 | X117: =SUM(W117:W120)/SUM(K117:K120) -> #DIV/0! | Y117: 0 | Z117: 0 | AA117: =SUM(U117:U120)-SUM(W117:W120)-SUM(Z117:Z120)-SUM(Y117:Y120) -> 0 | AB117: =(SUM(K117:K120)-SUM(W117:W120)-SUM(Y117:Y120)-SUM(Z117:Z120)-SUM(AC117:AC120)-SUM(V117:V120))-AA117 -> 0 | AC117: =K117-T117 -> 0 | AD117: =+AM117+BA117 -> 0 | AE117: - Sheet Breaks (0x) | AF117: 0 | AM117: =SUM(AF117:AL117)+AT117+AV117+AX117 -> 0 | AR117: =SUM(AN117:AQ117) -> 0 | BA117: =+AR117+AS117+AU117+AW117+AY117+AZ117 -> 0 | BB117: 0
AD118: =+AM118+BA118 -> 0 | AE118: - Change Blade (0x) | AG118: 0 | AM118: =SUM(AF118:AL118)+AT118+AV118+AX118 -> 0 | AR118: =SUM(AN118:AQ118) -> 0 | BA118: =+AR118+AS118+AU118+AW118+AY118+AZ118 -> 0 | BC118: 0
AD119: =+AM119+BA119 -> 0 | AE119: - Change Spool (0x) | AH119: 0 | AM119: =SUM(AF119:AL119)+AT119+AV119+AX119 -> 0 | AR119: =SUM(AN119:AQ119) -> 0 | BA119: =+AR119+AS119+AU119+AW119+AY119+AZ119 -> 0
AD120: =+AM120+BA120 -> 0 | AE120: - Awal Shift PM STOP, Schedule Lebaran | AM120: =SUM(AF120:AL120)+AT120+AV120+AX120 -> 0 | AR120: =SUM(AN120:AQ120) -> 0 | AZ120: =1440-1440 -> 0 | BA120: =+AR120+AS120+AU120+AW120+AY120+AZ120 -> 0
A122: 46105 | B122: Toilet | C122: =(M122*E122*O122*Q122)/100000000 -> 22.405498 | D122: VP OW | E122: 14 | F122: 1 | G122: 1230 | H122: =+N122 -> 0.24 | I122: 0.88 | J122: =E122*G122*(1-H122)*1440/1000000*2.74 -> 51.636856 | K122: =(IF(G122<L122,L122,G122)*(1-IF(H122<N122,H122,N122))*E122*O122*Q122)/100000000 -> 24.925358 | L122: 1105.6516 | M122: 840.29525 | N122: =1-(M122/L122) -> 0.24 | O122: =+'Trim Rwd'!H71 -> 266 | P122: =O122*(Q122-R122-S122) -> 156408 | Q122: =821-105 -> 716 | R122: =81-81 -> 0 | S122: =233-105 -> 128 | T122: =E122*M122*O122*Q122/100000000 -> 22.405498 | U122: =E122*M122*O122*(Q122-R122-S122)/100000000 -> 18.400046 | V122: =E122*G122*(1-N122)*O122/100*(R122+S122)/1000000 -> 4.4559299 | W122: =+'24'!K12/1000 -> 18.322 | X122: =SUM(W122:W125)/SUM(K122:K125) -> 0.60618826 | Y122: 0 | Z122: 0 | AA122: =SUM(U122:U125)-SUM(W122:W125)-SUM(Z122:Z125)-SUM(Y122:Y125) -> 4.7884259 | AB122: =(SUM(K122:K125)-SUM(W122:W125)-SUM(Y122:Y125)-SUM(Z122:Z125)-SUM(AC122:AC125)-SUM(V122:V125))-AA122 -> -0.80817582 | AC122: =K122-T122 -> 2.5198595 | AD122: =+AM122+BA122 -> 20 | AE122: - Sheet Breaks (5x) | AF122: 20 | AM122: =SUM(AF122:AL122)+AT122+AV122+AX122 -> 20 | AR122: =SUM(AN122:AQ122) -> 0 | BA122: =+AR122+AS122+AU122+AW122+AY122+AZ122 -> 0 | BB122: 5
B123: Toilet | C123: =(M123*E123*O123*Q123)/100000000 -> 12.732718 | D123: VP OW | E123: 12.5 | F123: 1 | G123: 1230 | H123: =+N123 -> 0.22 | I123: 0.88 | J123: =E123*G123*(1-H123)*1440/1000000*2.74 -> 47.317608 | K123: =(IF(G123<L123,L123,G123)*(1-IF(H123<N123,H123,N123))*E123*O123*Q123)/100000000 -> 16.58155 | L123: 944.49814 | M123: 736.70855 | N123: =1-(M123/L123) -> 0.22 | O123: =+'Trim Rwd'!H72 -> 257 | P123: =O123*(Q123-R123-S123) -> 125416 | Q123: 538 | R123: 0 | S123: 50 | T123: =E123*M123*O123*Q123/100000000 -> 12.732718 | U123: =E123*M123*O123*(Q123-R123-S123)/100000000 -> 11.54938 | V123: =E123*G123*(1-N123)*O123/100*(R123+S123)/1000000 -> 1.5410363 | W123: =+'24'!K16/1000 -> 6.839 | AC123: =K123-T123 -> 3.848832 | AD123: =+AM123+BA123 -> 9 | AE123: - Change Blade (6x) | AG123: 9 | AM123: =SUM(AF123:AL123)+AT123+AV123+AX123 -> 9 | AR123: =SUM(AN123:AQ123) -> 0 | BA123: =+AR123+AS123+AU123+AW123+AY123+AZ123 -> 0 | BC123: 6
AD124: =+AM124+BA124 -> 35 | AE124: - Change Spool (27x) | AH124: 35 | AM124: =SUM(AF124:AL124)+AT124+AV124+AX124 -> 35 | AR124: =SUM(AN124:AQ124) -> 0 | BA124: =+AR124+AS124+AU124+AW124+AY124+AZ124 -> 0
...

Sheet Chem
A4: CHEMICAL DAILY REPORT PM 14
F5: Paper Mill's Chemicals | GD5: Deinking's Chemicals | KT5: Paper mill's Chemicals | KU5: Deinking's Chemicals
A6: DATE | B6: GRADE | C6: GSM | D6: REEL PROD (TON) | E6: REW PROD (TON) | F6: AMIBOND DS 947 | I6: AMIBOND WS 418 | L6: WSR RESIN P-5500 | O6: AMICIDE BX 9127 | R6: AMICIDE BX 9160 | U6: AMICIDE BX 9193 | X6: AMICIDE BX 9226 | AA6: AMICIDE BX 9347 | AD6: AMICLEAN AP 1797 | AG6: AMICLEAN AP 1817 | AJ6: AMICLEAN AP 2048 | AM6: AMICOAT TC 6101 | AP6: AMICOAT TC 6218 | AS6: AMICOAT TC 6407 | AV6: AMICOAT TM 6123 | AY6: AMICOAT TR 6112 | BB6: AMICOAT TR 6113 | BE6: AMICOAT TR 6159 | BH6: AMICOAT TR 6248 | BK6: AMIFLOC 737 | BN6: AMIPAC AP 8511 | BQ6: AMISOFT 6538 | BT6: AMISPERSE AP 8826 | BW6: ANEDIR BLUE 2R LIQ | BZ6: CAUSTIC SODA CAIR 48% | CC6: DEKATOGEN SDC-60 | CF6: FENNOPOL K 9952 | CI6: HIDROGEN PEROXIDE | CL6: INDOSIZE CR 835 | CO6: KAPORIT 60% | CR6: KAPORIT 65% | CU6: NGR 900 | CX6: NGR MULTIPAC 120 | DA6: PAC - 280SP | DD6: PAPYRASE LIL | DG6: PERGASOL VIOLET BN LIQ | DJ6: PEWARNA MAKANAN PINK | DM6: SODIUM TIO SULPHATE | DP6: SOLSA SPRAY 550 | DS6: SUCOLITE SP 210 | DV6: TCCA POWDER | DY6: XYLENE | EB6: EPOSTRONG | EE6: SODIUM HYPOCHLORID | EH6: CHEMZYME CL | EK6: Cytreat 427 | EN6: Cylube 901 | EQ6: Detac DC779F | ET6: SOFTENER PURIFEC | GD6: PAPYRASE IL | GG6: DEKAINK | GJ6: DI 370/DKF 250 | GM6: ELTEXIN | GP6: ELTEBRIGHT BL 1000 | GS6: SOLMIX L40 | GV6: CHEMBRIGHT C LIQUID | GY6: K-Bright Liquid | HB6: CAUSTIC SODA CAIR 48% | HE6: TCCA POWDER | HH6: SUCOLITE SP 210 | HK6: AMIPAC AP 8511 | HN6: NGR 200 | HQ6: NGR 900 | HT6: ANEDIR YELLOW BKL | HW6: ANEDIR RED BKL | HZ6: ANEDIR BLACK L LIQ | IC6: ANEDIR BROWN CC-04 LIQ | IF6: Anedir Brown cc-03 | II6: FENNOPOL K 9952 | IL6: KAPORIT 60% | IO6: KAPORIT 65% | IR6: DEKATOGEN SDC-60 | IU6: DEKAWET NA30 | IX6: PAC - 280SP | JA6: Burstrong Fixing Agent | JD6: DI N40 | JG6: CHROMACLEAR | JJ6: DFR 810S
F7: Pemakaian | H7: Price | I7: Pemakaian | K7: Price | L7: Pemakaian | N7: Price | O7: Pemakaian | Q7: Price | R7: Pemakaian | T7: Price | U7: Pemakaian | W7: Price | X7: Pemakaian | Z7: Price | AA7: Pemakaian | AC7: Price | AD7: Pemakaian | AF7: Price | AG7: Pemakaian | AI7: Price | AJ7: Pemakaian | AL7: Price | AM7: Pemakaian | AO7: Price | AP7: Pemakaian | AR7: Price | AS7: Pemakaian | AU7: Price | AV7: Pemakaian | AX7: Price | AY7: Pemakaian | BA7: Price | BB7: Pemakaian | BD7: Price | BE7: Pemakaian | BG7: Price | BH7: Pemakaian | BJ7: Price | BK7: Pemakaian | BM7: Price | BN7: Pemakaian | BP7: Price | BQ7: Pemakaian | BS7: Price | BT7: Pemakaian | BV7: Price | BW7: Pemakaian | BY7: Price | BZ7: Pemakaian | CB7: Price | CC7: Pemakaian | CE7: Price | CF7: Pemakaian | CH7: Price | CI7: Pemakaian | CK7: Price | CL7: Pemakaian | CN7: Price | CO7: Pemakaian | CQ7: Price | CR7: Pemakaian | CT7: Price | CU7: Pemakaian | CW7: Price | CX7: Pemakaian | CZ7: Price | DA7: Pemakaian | DC7: Price | DD7: Pemakaian | DF7: Price | DG7: Pemakaian | DI7: Price | DJ7: Pemakaian | DL7: Price | DM7: Pemakaian | DO7: Price | DP7: Pemakaian | DR7: Price | DS7: Pemakaian | DU7: Price | DV7: Pemakaian | DX7: Price | DY7: Pemakaian | EA7: Price | EB7: Pemakaian | ED7: Price | EE7: Pemakaian | EG7: Price | EH7: Pemakaian | EJ7: Price | EK7: Pemakaian | EM7: Price | EN7: Pemakaian | EP7: Price | EQ7: Pemakaian | ES7: Price | ET7: Pemakaian | EV7: Price | EW7: Pemakaian | EY7: Price | EZ7: Pemakaian | FB7: Price | FC7: Pemakaian | FE7: Price | FF7: Pemakaian | FH7: Price | FI7: Pemakaian | FK7: Price | FL7: Pemakaian | FN7: Price | FO7: Pemakaian | FQ7: Price | FR7: Pemakaian | FT7: Price | FU7: Pemakaian | FW7: Price | FX7: Pemakaian | FZ7: Price | GA7: Pemakaian | GC7: Price | GD7: Pemakaian | GF7: Price | GG7: Pemakaian | GI7: Price | GJ7: Pemakaian | GL7: Price | GM7: Pemakaian | GO7: Price | GP7: Pemakaian | GR7: Price | GS7: Pemakaian | GU7: Price | GV7: Pemakaian | GX7: Price | GY7: Pemakaian | HA7: Price | HB7: Pemakaian | HD7: Price | HE7: Pemakaian | HG7: Price | HH7: Pemakaian | HJ7: Price | HK7: Pemakaian | HM7: Price | HN7: Pemakaian | HP7: Price | HQ7: Pemakaian | HS7: Price | HT7: Pemakaian | HV7: Price | HW7: Pemakaian | HY7: Price | HZ7: Pemakaian | IB7: Price | IC7: Pemakaian | IE7: Price | IF7: Pemakaian | IH7: Price | II7: Pemakaian | IK7: Price | IL7: Pemakaian | IN7: Price | IO7: Pemakaian | IQ7: Price | IR7: Pemakaian | IT7: Price | IU7: Pemakaian | IW7: Price | IX7: Pemakaian | IZ7: Price | JA7: Pemakaian | JC7: Price | JD7: Pemakaian | JF7: Price | JG7: Pemakaian | JI7: Price | JJ7: Pemakaian | JL7: Price | JM7: Pemakaian | JO7: Price | JP7: Pemakaian | JR7: Price | JS7: Pemakaian | JU7: Price | JV7: Pemakaian | JX7: Price | JY7: Pemakaian | KA7: Price | KB7: Pemakaian | KD7: Price | KE7: Pemakaian | KG7: Price | KH7: Pemakaian | KJ7: Price | KK7: Pemakaian | KM7: Price | KN7: Pemakaian | KP7: Price | KQ7: Pemakaian | KS7: Price
F8: Qty | G8: Kg/ton | I8: Qty | J8: Kg/ton | L8: Qty | M8: Kg/ton | O8: Qty | P8: Kg/ton | R8: Qty | S8: Kg/ton | U8: Qty | V8: Kg/ton | X8: Qty | Y8: Kg/ton | AA8: Qty | AB8: Kg/ton | AD8: Qty | AE8: Kg/ton | AG8: Qty | AH8: Kg/ton | AJ8: Qty | AK8: Kg/ton | AM8: Qty | AN8: Kg/ton | AP8: Qty | AQ8: Kg/ton | AS8: Qty | AT8: Kg/ton | AV8: Qty | AW8: Kg/ton | AY8: Qty | AZ8: Kg/ton | BB8: Qty | BC8: Kg/ton | BE8: Qty | BF8: Kg/ton | BH8: Qty | BI8: Kg/ton | BK8: Qty | BL8: Kg/ton | BN8: Qty | BO8: Kg/ton | BQ8: Qty | BR8: Kg/ton | BT8: Qty | BU8: Kg/ton | BW8: Qty | BX8: Kg/ton | BZ8: Qty | CA8: Kg/ton | CC8: Qty | CD8: Kg/ton | CF8: Qty | CG8: Kg/ton | CI8: Qty | CJ8: Kg/ton | CL8: Qty | CM8: Kg/ton | CO8: Qty | CP8: Kg/ton | CR8: Qty | CS8: Kg/ton | CU8: Qty | CV8: Kg/ton | CX8: Qty | CY8: Kg/ton | DA8: Qty | DB8: Kg/ton | DD8: Qty | DE8: Kg/ton | DG8: Qty | DH8: Kg/ton | DJ8: Qty | DK8: Kg/ton | DM8: Qty | DN8: Kg/ton | DP8: Qty | DQ8: Kg/ton | DS8: Qty | DT8: Kg/ton | DV8: Qty | DW8: Kg/ton | DY8: Qty | DZ8: Kg/ton | EB8: Qty | EC8: Kg/ton | EE8: Qty | EF8: Kg/ton | EH8: Qty | EI8: Kg/ton | EK8: Qty | EL8: Kg/ton | EN8: Qty | EO8: Kg/ton | EQ8: Qty | ER8: Kg/ton | ET8: Qty | EU8: Kg/ton | EW8: Qty | EX8: Kg/ton | EZ8: Qty | FA8: Kg/ton | FC8: Qty | FD8: Kg/ton | FF8: Qty | FG8: Kg/ton | FI8: Qty | FJ8: Kg/ton | FL8: Qty | FM8: Kg/ton | FO8: Qty | FP8: Kg/ton | FR8: Qty | FS8: Kg/ton | FU8: Qty | FV8: Kg/ton | FX8: Qty | FY8: Kg/ton | GA8: Qty | GB8: Kg/ton | GD8: Qty | GE8: Kg/ton | GG8: Qty | GH8: Kg/ton | GJ8: Qty | GK8: Kg/ton | GM8: Qty | GN8: Kg/ton | GP8: Qty | GQ8: Kg/ton | GS8: Qty | GT8: Kg/ton | GV8: Qty | GW8: Kg/ton | GY8: Qty | GZ8: Kg/ton | HB8: Qty | HC8: Kg/ton | HE8: Qty | HF8: Kg/ton | HH8: Qty | HI8: Kg/ton | HK8: Qty | HL8: Kg/ton | HN8: Qty | HO8: Kg/ton | HQ8: Qty | HR8: Kg/ton | HT8: Qty | HU8: Kg/ton | HW8: Qty | HX8: Kg/ton | HZ8: Qty | IA8: Kg/ton | IC8: Qty | ID8: Kg/ton | IF8: Qty | IG8: Kg/ton | II8: Qty | IJ8: Kg/ton | IL8: Qty | IM8: Kg/ton | IO8: Qty | IP8: Kg/ton | IR8: Qty | IS8: Kg/ton | IU8: Qty | IV8: Kg/ton | IX8: Qty | IY8: Kg/ton | JA8: Qty | JB8: Kg/ton | JD8: Qty | JE8: Kg/ton | JG8: Qty | JH8: Kg/ton | JJ8: Qty | JK8: Kg/ton | JL8: 0 | JM8: Qty | JN8: Kg/ton | JO8: 0 | JP8: Qty | JQ8: Kg/ton | JR8: 0 | JS8: Qty | JT8: Kg/ton | JU8: 0 | JV8: Qty | JW8: Kg/ton | JX8: 0 | JY8: Qty | JZ8: Kg/ton | KA8: 0 | KB8: Qty | KC8: Kg/ton | KD8: 0 | KE8: Qty | KF8: Kg/ton | KG8: 0 | KH8: Qty | KI8: Kg/ton | KJ8: 0 | KK8: Qty | KL8: Kg/ton | KM8: 0 | KN8: Qty | KO8: Kg/ton | KP8: 0 | KQ8: Qty | KR8: Kg/ton | KS8: 0
