Workbook

Sheet Resume
A3: Bulan & PM | C3: Jumlah Hari/ Bulan | E3: Satuan | F3: Available Time | K3: Perhitungan Efisiensi PM dr Running Time | Q3: Loss Trim Rewinder dari Marketing | T3: Loss Effisiensi di Process | W3: Loss Effisiensi di EID | Z3: Loss Effisiensi di Mekanik | AC3: Loss Effisiensi di Boiler Sopa/Sun | AF3: Loss Effisiensi di Power & Steam (max 0.5%) | AI3: Schedule Shut Down | AL3: Total Loss Time & Down Time PM | AM3: Others (External & Project) | AP3: Idle Capacity
F4: Total Menit/ Bulan | G4: For Running Production | H4: Loss Capacity dr Faktor Eksternal & Project (Khusus PM16 -> % alokasi masuk ke Project Instalasi Yankee, Pulper, Rewinder) | I4: Idle Capacity (Marketing)-> % alokasi ini masuk ke COGS | J4: PHP (ton) & Eff PM dr available time | K4: Prod. Volume (teori- ton) | L4: PHP (ton) & Eff PM dr running time | M4: Loss Opportunity PHP (ton) | N4: Reject Rewinder & Broke Plant | O4: Loss Speed & Selisih Toleransi BW | P4: DT &LT Mesin | Q4: Avr Potongan Rewinder (cm) | R4: Loss Trim Rewinder | S4: Deckle PM | T4: Loss Time Process | U4: Down Time Process | V4: Total | W4: Loss Time EID | X4: Down Time EID | Y4: Total | Z4: Loss Time Mekanik | AA4: Down Time Mekanik | AB4: Total | AC4: Loss Time Boiler | AD4: Down Time Boiler | AE4: Total | AF4: Down Time PLN | AG4: Down Time Sinergy | AH4: Total | AI4: Down Time Boil Out | AJ4: Jadwal Revisi | AK4: Total | AM4: Over Down Time External Utility dari limit max 0.5% | AN4: Down Time Project & Overhaul Mesin | AO4: Total | AP4: No Order | AQ4: Down Time Cleaning Change Colour | AR4: Down Time Trial | AS4: Down Time Libur Hari Raya | AT4: Total
A5: Nov 25
A6: PM11 | C6: 30 | E6: Menit | F6: =C6*1440 -> 43200 | G6: =F6-H6-I6 -> 43200 | H6: =AO6 -> 0 | I6: =AT6 -> 0 | T6: =+'PM 11'!AF153+'PM 11'!AG153+'PM 11'!AH153+'PM 11'!AI153 -> 1766 | U6: =+'PM 11'!AN153 -> 350 | V6: =SUM(T6:U6) -> 2116 | W6: =+'PM 11'!AK153 -> 86 | X6: =+'PM 11'!AP153 -> 80 | Y6: =SUM(W6:X6) -> 166 | Z6: =+'PM 11'!AJ153 -> 77 | AA6: =+'PM 11'!AO153 -> 602 | AB6: =SUM(Z6:AA6) -> 679 | AC6: =+'PM 11'!AL153 -> 0 | AD6: =+'PM 11'!AQ153 -> 0 | AE6: =SUM(AC6:AD6) -> 0 | AF6: =+'PM 11'!AX153+'PM 11'!AY153 -> 75 | AG6: =+'PM 11'!AV153+'PM 11'!AW153 -> 0 | AH6: =SUM(AF6:AG6) -> 75 | AI6: 0 | AJ6: =+'PM 11'!AS153 -> 199 | AK6: =SUM(AI6:AJ6) -> 199 | AL6: =V6+Y6+AB6+AE6+AH6+AK6 -> 3235 | AM6: 0 | AN6: 0 | AO6: =SUM(AM6:AN6) -> 0 | AP6: 0 | AQ6: 0 | AR6: =+'PM 11'!AU165 -> 0 | AS6: 0 | AT6: =SUM(AP6:AS6) -> 0
E7: % | F7: =F6/F6 -> 1 | G7: =G6/F6 -> 1 | H7: =H6/F6 -> 0 | I7: =I6/F6 -> 0 | T7: =T6/$F$6 -> 0.04087963 | U7: =U6/$F$6 -> 0.0081018519 | V7: =V6/$F$6 -> 0.048981481 | W7: =W6/$F$6 -> 0.0019907407 | X7: =X6/$F$6 -> 0.0018518519 | Y7: =Y6/$F$6 -> 0.0038425926 | Z7: =Z6/$F$6 -> 0.0017824074 | AA7: =AA6/$F$6 -> 0.013935185 | ... AT7: =AT6/$F$6 -> 0
E8: Tonase | F8: =+[1]Efficiency1!$K$153 -> 1870.6123 | G8: =K8*G6/G6 -> 1870.6123 | H8: =K8*H6/G6 -> 0 | I8: =K8*I6/G6 -> 0 | J8: =+'PM 11'!W153 -> 1595.056 | K8: =+'PM 11'!K153 -> 1870.6123 | L8: =J8 -> 1595.056 | M8: =K8-L8 -> 275.55634 | N8: =+'PM 11'!Z153+'PM 11'!AA153 -> 34.652881 | O8: =+'PM 11'!AC153+'PM 11'!AB153 -> 95.831666 | P8: =M8-N8-O8 -> 145.07179
E9: % | F9: =F8/F8 -> 1 | G9: =G8/F8 -> 1 | H9: =H8/F8 -> 0 | I9: =I8/F8 -> 0 | J9: =J8/F8 -> 0.8526919 | K9: =K8/K8 -> 1 | L9: =L8/K8 -> 0.8526919 | M9: =M8/K8 -> 0.1473081 | N9: =N8/K8 -> 0.018524887 | O9: =O8/K8 -> 0.051230105 | P9: =P8/K8 -> 0.077553104
E10: Cm | Q10: =+'PM 11'!O153 -> 267.21724 | R10: =S10-Q10 -> 9.7827592 | S10: 277
E11: % | Q11: =Q10/S10 -> 0.96468318 | R11: =R10/S10 -> 0.03531682 | S11: =S10/S10 -> 1
A13: PM12 | C13: =+C6 -> 30 | E13: Menit | F13: =C13*1440 -> 43200 | G13: =F13-H13-I13 -> 43200 | H13: =AO13 -> 0 | I13: =+AT13 -> 0 | T13: =+'PM 12'!AF142+'PM 12'!AG142+'PM 12'!AH142+'PM 12'!AI142 -> 1273 | U13: =+'PM 12'!AN142 -> 240 | V13: =SUM(T13:U13) -> 1513 | W13: =+'PM 12'!AK142 -> 0 | X13: =+'PM 12'!AP142 -> 25 | Y13: =SUM(W13:X13) -> 25 | Z13: =+'PM 12'!AJ142 -> 0 | AA13: =+'PM 12'!AO142 -> 230 | AB13: =SUM(Z13:AA13) -> 230 | AC13: =+'PM 12'!AL142 -> 0 | AD13: =+'PM 12'!AQ142 -> 0 | AE13: =SUM(AC13:AD13) -> 0 | AF13: =+'PM 12'!AX142+'PM 12'!AY142 -> 30 | AG13: =+'PM 12'!AV142+'PM 12'!AW142 -> 0 | AH13: =SUM(AF13:AG13) -> 30 | AI13: 0 | AJ13: =+'PM 12'!AS142 -> 0 | AK13: =SUM(AI13:AJ13) -> 0 | AL13: =V13+Y13+AB13+AE13+AH13+AK13 -> 1798 | AM13: 0 | AN13: 0 | AO13: =SUM(AM13:AN13) -> 0 | AP13: 0 | AQ13: 0 | AR13: =+'PM 12'!AZ142 -> 0 | AS13: 0 | AT13: =SUM(AP13:AS13) -> 0
D14: 0 | E14: % | F14: =F13/F13 -> 1 | G14: =G13/F13 -> 1 | H14: =H13/F13 -> 0 | I14: =I13/F13 -> 0 | T14: =T13/$F$6 -> 0.029467593 | U14: =U13/$F$6 -> 0.0055555556 | V14: =V13/$F$6 -> 0.035023148 | W14: =W13/$F$6 -> 0 | X14: =X13/$F$6 -> 0.0005787037 | Y14: =Y13/$F$6 -> 0.0005787037 | Z14: =Z13/$F$6 -> 0 | AA14: =AA13/$F$6 -> 0.0053240741 | ... AT14: =AT13/$F$6 -> 0
E15: Tonase | F15: =+[2]Efficiency1!$K$142 -> 1910.4905 | G15: =K15*G13/G13 -> 1910.4905 | H15: =K15*H13/G13 -> 0 | I15: =K15*I13/G13 -> 0 | J15: =+'PM 12'!W142 -> 1727.194 | K15: =+'PM 12'!K142 -> 1910.4905 | L15: =J15 -> 1727.194 | M15: =K15-L15 -> 183.2965 | N15: =+'PM 12'!Z142+'PM 12'!AA142 -> 61.690348 | O15: =+'PM 12'!AB142+'PM 12'!AC142 -> 41.430057 | P15: =M15-N15-O15 -> 80.176091
E16: % | F16: =F15/F15 -> 1 | G16: =G15/F15 -> 1 | H16: =H15/F15 -> 0 | I16: =I15/F15 -> 0 | J16: =J15/F15 -> 0.90405789 | K16: =K15/K15 -> 1 | L16: =L15/K15 -> 0.90405789 | M16: =M15/K15 -> 0.095942113 | N16: =N15/K15 -> 0.032290319 | O16: =O15/K15 -> 0.02168556 | P16: =P15/K15 -> 0.041966234
E17: Cm | Q17: =+'PM 12'!O142 -> 324.44656 | R17: =S17-Q17 -> 11.553435 | S17: 336
E18: % | Q18: =Q17/S17 -> 0.96561478 | R18: =R17/S17 -> 0.034385223 | S18: =S17/S17 -> 1
A20: PM14 | C20: =+C13 -> 30 | E20: Menit | F20: =C20*1680 -> 50400 | G20: =F20-H20-I20 -> 27204 | H20: =AO20 -> 23196 | I20: =+AT20 -> 0 | T20: =+'PM 14'!AF168+'PM 14'!AG168+'PM 14'!AH168+'PM 14'!AI168 -> 901 | U20: =+'PM 14'!AN168 -> 107 | V20: =SUM(T20:U20) -> 1008 | W20: =+'PM 14'!AK168 -> 90 | X20: =+'PM 14'!AP168 -> 85 | Y20: =SUM(W20:X20) -> 175 | Z20: =+'PM 14'!AJ168 -> 0 | AA20: =+'PM 14'!AO168 -> 0 | AB20: =SUM(Z20:AA20) -> 0 | AC20: =+'PM 14'!AL168 -> 0 | AD20: =+'PM 14'!AQ168 -> 0 | AE20: =SUM(AC20:AD20) -> 0 | AF20: =+'PM 14'!AY168+'PM 14'!AX168 -> 0 | AG20: =+'PM 14'!AV168+'PM 14'!AW168 -> 0 | AH20: =SUM(AF20:AG20) -> 0 | AI20: 0 | AJ20: =+'PM 14'!AS168 -> 0 | AK20: =SUM(AI20:AJ20) -> 0 | AL20: =V20+Y20+AB20+AE20+AH20+AK20 -> 1183 | AM20: =+'PM 14'!AY143-Resume!AH20 -> 0 | AN20: =+'PM 14'!AZ170 -> 23196 | AO20: =SUM(AM20:AN20) -> 23196 | AP20: =+'PM 14'!AU169 -> 0 | AQ20: 0 | AR20: 0 | AS20: 0 | AT20: =SUM(AP20:AS20) -> 0
E21: % | F21: =F20/F20 -> 1 | G21: =G20/F20 -> 0.5397619 | H21: =H20/F20 -> 0.4602381 | I21: =I20/F20 -> 0 | T21: =T20/$F$6 -> 0.020856481 | U21: =U20/$F$6 -> 0.0024768519 | V21: =V20/$F$6 -> 0.023333333 | W21: =W20/$F$6 -> 0.0020833333 | X21: =X20/$F$6 -> 0.0019675926 | Y21: =Y20/$F$6 -> 0.0040509259 | Z21: =Z20/$F$6 -> 0 | AA21: =AA20/$F$6 -> 0 | ... AT21: =AT20/$F$6 -> 0
E22: Tonase | F22: =+[3]Efficiency1!$K$168 -> 1333.8946 | G22: =K22*G20/G20 -> 635.91607 | H22: =K22*H20/G20 -> 542.22574 | I22: =K22*I20/G20 -> 0 | J22: =+'PM 14'!W168 -> 500.227 | K22: =+'PM 14'!K168 -> 635.91607 | L22: =J22 -> 500.227 | M22: =K22-L22 -> 135.68907 | N22: =+'PM 14'!Y168+'PM 14'!Z168+'PM 14'!AA168 -> 42.527351 | O22: =+'PM 14'!AB168+'PM 14'!AC168 -> 55.515004 | P22: =M22-N22-O22 -> 37.646716
E23: % | F23: =F22/F22 -> 1 | G23: =G22/F22 -> 0.47673639 | H23: =H22/F22 -> 0.40649821 | I23: =I22/F22 -> 0 | J23: =J22/F22 -> 0.3750124 | K23: =K22/K22 -> 1 | L23: =L22/K22 -> 0.78662425 | M23: =M22/K22 -> 0.21337575 | N23: =N22/K22 -> 0.066875729 | O23: =O22/K22 -> 0.087299262 | P23: =P22/K22 -> 0.059200762
E24: Cm | Q24: =+'PM 14'!O168 -> 260.14017 | R24: =+S24-Q24 -> 13.859829 | S24: 274
E25: % | Q25: =Q24/S24 -> 0.94941668 | R25: =R24/S24 -> 0.050583318 | S25: =S24/S24 -> 1
A27: PM15 | C27: =+C20 -> 30 | E27: Menit | F27: =C27*1440 -> 43200 | G27: =F27-H27-I27 -> 43200 | H27: =AO27 -> 0 | I27: =+AT27 -> 0 | T27: =+'PM 15'!AF164+'PM 15'!AG164+'PM 15'!AH164+'PM 15'!AI164 -> 1398 | U27: =+'PM 15'!AN164 -> 597 | V27: =SUM(T27:U27) -> 1995 | W27: =+'PM 15'!AK164 -> 33 | X27: =+'PM 15'!AP164 -> 170 | Y27: =SUM(W27:X27) -> 203 | Z27: =+'PM 15'!AJ164 -> 0 | AA27: =+'PM 15'!AO164 -> 0 | AB27: =SUM(Z27:AA27) -> 0 | AC27: =+'PM 15'!AL164 -> 0 | AD27: =+'PM 15'!AQ164 -> 0 | AE27: =SUM(AC27:AD27) -> 0 | AF27: =+'PM 15'!AV164+'PM 15'!AW164 -> 0 | AG27: =+'PM 15'!AX164+'PM 15'!AY164 -> 0 | AH27: =SUM(AF27:AG27) -> 0 | AI27: 0 | AJ27: =+'PM 15'!AS164 -> 609 | AK27: =SUM(AI27:AJ27) -> 609 | AL27: =V27+Y27+AB27+AE27+AH27+AK27 -> 2807 | AM27: =+'PM 15'!AW196-Resume!AH27 -> 0 | AN27: =+'PM 15'!AZ158 -> 0 | AO27: =SUM(AM27:AN27) -> 0 | AP27: 0 | AQ27: =+'PM 15'!AU165 -> 0 | AR27: 0 | AS27: 0 | AT27: =SUM(AP27:AS27) -> 0
E28: % | F28: =F27/F27 -> 1 | G28: =G27/F27 -> 1 | H28: =H27/F27 -> 0 | I28: =I27/F27 -> 0 | T28: =T27/$F$6 -> 0.032361111 | U28: =U27/$F$6 -> 0.013819444 | V28: =V27/$F$6 -> 0.046180556 | W28: =W27/$F$6 -> 0.00076388889 | X28: =X27/$F$6 -> 0.0039351852 | Y28: =Y27/$F$6 -> 0.0046990741 | Z28: =Z27/$F$6 -> 0 | AA28: =AA27/$F$6 -> 0 | ... AT28: =AT27/$F$6 -> 0
E29: Tonase | F29: =+[4]Efficiency1!$K$164 -> 1637.388 | G29: =K29*G27/G27 -> 1637.388 | H29: =K29*H27/G27 -> 0 | I29: =K29*I27/G27 -> 0 | J29: =+'PM 15'!W164 -> 1468.263 | K29: =+'PM 15'!K164 -> 1637.388 | L29: =J29 -> 1468.263 | M29: =K29-L29 -> 169.12501 | N29: =+'PM 15'!Y164+'PM 15'!Z164+'PM 15'!AA164 -> 15.722141 | O29: =+'PM 15'!AB164+'PM 15'!AC164 -> 47.863354 | P29: =M29-N29-O29 -> 105.53951
E30: % | F30: =F29/F29 -> 1 | G30: =G29/F29 -> 1 | H30: =H29/F29 -> 0 | I30: =I29/F29 -> 0 | J30: =J29/F29 -> 0.89671049 | K30: =K29/K29 -> 1 | L30: =L29/K29 -> 0.89671049 | M30: =M29/K29 -> 0.10328951 | N30: =N29/K29 -> 0.0096019643 | O30: =O29/K29 -> 0.029231528 | P30: =P29/K29 -> 0.064456019
E31: Cm | Q31: =+'PM 15'!O164 -> 268.89839 | R31: =S31-Q31 -> 8.1016077 | S31: 277
E32: % | R32: =R31/S31 -> 0.029247681
A34: PM16 | C34: =+C27 -> 30 | E34: Menit | F34: =C34*1440 -> 43200 | G34: =F34-H34-I34 -> 43200 | H34: =AO34 -> 0 | I34: =+AT34 -> 0 | T34: =+'PM 16'!AF136+'PM 16'!AG136+'PM 16'!AH136+'PM 16'!AI136 -> 1007 | U34: =+'PM 16'!AN136 -> 200 | V34: =SUM(T34:U34) -> 1207 | W34: =+'PM 16'!AK136 -> 0 | X34: =+'PM 16'!AP136 -> 280 | Y34: =SUM(W34:X34) -> 280 | Z34: =+'PM 16'!AJ136 -> 0 | AA34: =+'PM 16'!AO136 -> 460 | AB34: =SUM(Z34:AA34) -> 460 | AC34: =+'PM 16'!AL136 -> 0 | AD34: =+'PM 16'!AQ136 -> 0 | AE34: =SUM(AC34:AD34) -> 0 | AF34: =+'PM 16'!AX136+'PM 16'!AY136 -> 100 | AG34: =+'PM 16'!AV136+'PM 16'!AW136 -> 0 | AH34: =SUM(AF34:AG34) -> 100 | AI34: 0 | AJ34: =+'PM 16'!AS136 -> 935 | AK34: =SUM(AI34:AJ34) -> 935 | AL34: =V34+Y34+AB34+AE34+AH34+AK34 -> 2982 | AM34: 0 | AN34: =+'PM 16'!AZ136 -> 0 | AO34: =SUM(AM34:AN34) -> 0 | AP34: =+'PM 16'!AT165+'PM 16'!AU165 -> 0 | AQ34: =+'PM 16'!AU136 -> 0 | AR34: 0 | AS34: 0 | AT34: =SUM(AP34:AS34) -> 0
E35: % | F35: =F34/F34 -> 1 | G35: =G34/F34 -> 1 | H35: =H34/F34 -> 0 | I35: =I34/F34 -> 0 | T35: =T34/$F$6 -> 0.023310185 | U35: =U34/$F$6 -> 0.0046296296 | V35: =V34/$F$6 -> 0.027939815 | W35: =W34/$F$6 -> 0 | X35: =X34/$F$6 -> 0.0064814815 | Y35: =Y34/$F$6 -> 0.0064814815 | Z35: =Z34/$F$6 -> 0 | AA35: =AA34/$F$6 -> 0.010648148 | ... AT35: =AT34/$F$6 -> 0
E36: Tonase | F36: =+[5]Efficiency1!$K$136 -> 1565.0104 | G36: =K36*G34/G34 -> 1565.0104 | H36: =K36*H34/G34 -> 0 | I36: =K36*I34/G34 -> 0 | J36: =+'PM 16'!W136 -> 1394.103 | K36: =+'PM 16'!K136 -> 1565.0104 | L36: =J36 -> 1394.103 | M36: =K36-L36 -> 170.90739 | N36: =+'PM 16'!Y136+'PM 16'!Z136+'PM 16'!AA136 -> 46.478491 | O36: =+'PM 16'!AB136+'PM 16'!AC136 -> 19.508411 | P36: =M36-N36-O36 -> 104.92049
E37: % | F37: =F36/F36 -> 1 | G37: =G36/F36 -> 1 | H37: =H36/F36 -> 0 | I37: =I36/F36 -> 0 | J37: =J36/F36 -> 0.89079473 | K37: =K36/K36 -> 1 | L37: =L36/K36 -> 0.89079473 | M37: =M36/K36 -> 0.10920527 | N37: =N36/K36 -> 0.029698519 | O37: =O36/K36 -> 0.012465355 | P37: =P36/K36 -> 0.0670414
E38: Cm | Q38: =+'PM 16'!O136 -> 275.55123 | R38: =S38-Q38 -> 8.4487651 | S38: 284
E39: % | R39: =R38/S38 -> 0.029749173
A41: PM17 | C41: =+C34 -> 30 | E41: Menit | F41: =C41*1440 -> 43200 | G41: =F41-H41-I41 -> 43200 | H41: =AO41 -> 0 | I41: =+AT41 -> 0 | T41: =+'PM 17'!AF142+'PM 17'!AG142+'PM 17'!AH142+'PM 17'!AI142 -> 609 | U41: =+'PM 17'!AN142 -> 1493 | V41: =SUM(T41:U41) -> 2102 | W41: =+'PM 17'!AK142 -> 0 | X41: =+'PM 17'!AP142 -> 637 | Y41: =SUM(W41:X41) -> 637 | Z41: =+'PM 17'!AJ142 -> 7 | AA41: =+'PM 17'!AO142 -> 420 | AB41: =SUM(Z41:AA41) -> 427 | AC41: =+'PM 17'!AL142 -> 0 | AD41: =+'PM 17'!AQ142 -> 0 | AE41: =SUM(AC41:AD41) -> 0 | AF41: =+'PM 17'!AX142+'PM 17'!AY142 -> 0 | AG41: =+'PM 17'!AV142+'PM 17'!AW142 -> 60 | AH41: =SUM(AF41:AG41) -> 60 | AI41: 0 | AJ41: =+'PM 17'!AS142 -> 0 | AK41: =SUM(AI41:AJ41) -> 0 | AL41: =V41+Y41+AB41+AE41+AH41+AK41 -> 3226 | AM41: 0 | AN41: =+'PM 17'!AZ143 -> 0 | AO41: =SUM(AM41:AN41) -> 0 | AP41: =+'PM 17'!AT182+'PM 17'!AU182 -> 0 | AQ41: =+'PM 17'!AU143 -> 0 | AR41: 0 | AS41: 0 | AT41: =SUM(AP41:AS41) -> 0
E42: % | F42: =F41/F41 -> 1 | G42: =G41/F41 -> 1 | H42: =H41/F41 -> 0 | I42: =I41/F41 -> 0 | T42: =T41/$F$6 -> 0.014097222 | U42: =U41/$F$6 -> 0.034560185 | V42: =V41/$F$6 -> 0.048657407 | W42: =W41/$F$6 -> 0 | X42: =X41/$F$6 -> 0.01474537 | Y42: =Y41/$F$6 -> 0.01474537 | Z42: =Z41/$F$6 -> 0.00016203704 | AA42: =AA41/$F$6 -> 0.0097222222 | ... AT42: =AT41/$F$6 -> 0
E43: Tonase | F43: =+[6]Efficiency1!$K$142 -> 1572.0066 | G43: =K43*G41/G41 -> 1572.0066 | H43: =K43*H41/G41 -> 0 | I43: =K43*I41/G41 -> 0 | J43: =+'PM 17'!W142 -> 1387.303 | K43: =+'PM 17'!K142 -> 1572.0066 | L43: =J43 -> 1387.303 | M43: =K43-L43 -> 184.70357 | N43: =+'PM 17'!Y142+'PM 17'!Z142+'PM 17'!AA142 -> 39.024119 | O43: =+'PM 17'!AB142+'PM 17'!AC142 -> 28.103381 | P43: =M43-N43-O43 -> 117.57607
E44: % | F44: =F43/F43 -> 1 | G44: =G43/F43 -> 1 | H44: =H43/F43 -> 0 | I44: =I43/F43 -> 0 | J44: =J43/F43 -> 0.88250458 | K44: =K43/K43 -> 1 | L44: =L43/K43 -> 0.88250458 | M44: =M43/K43 -> 0.11749542 | N44: =N43/K43 -> 0.024824399 | O44: =O43/K43 -> 0.017877394 | P44: =P43/K43 -> 0.074793625
E45: Cm | Q45: =+'PM 17'!O142 -> 256.71231 | R45: =S45-Q45 -> 7.2876881 | S45: 264
E46: % | R46: =R45/S45 -> 0.027604879

Sheet PM 11
A1: PM11 Efficiency Report
A3: Date | B3: Grade | C3: Speed real (ton) with Available Time | D3: Colour | E3: gsm | F3: Ply | G3: Standard | L3: Real Running | O3: Trim Rewinder (cm) | P3: Trim Rewinder x Running Time | Q3: Available Time (mnt) | R3: Down Time (mnt) | S3: Loss Time (mnt) | T3: Real Speed & Real Creepe Ratio with Available Time (ton) | U3: Real Speed & Real Creepe Ratio setelah dipotong DT & LT (ton) | V3: Loss tonase akibat DT + LT dari hitungan Teori with available time (ton) | W3: Accepted (ton) | X3: Real Eff dr Target Eff | Y3: Backlog | Z3: Reject Rewinder (ton) | AA3: Estimasi Reject to Broke Plant (ton) | AB3: Estimasi Faktor BW (ton) | AC3: Loss Opportunity in Speed (ton) | AD3: Downtime/ Losstime | AE3: Reason of Downtime / Losstime | AF3: Loss Time | AM3: Total Losstime | AN3: Unschedule Shut Down (mnt) | AS3: Schedule Shut Down | AT3: Marketing | AV3: EXT FACTOR | AX3: EXT FACTOR | AZ3: MANAGEMENT | BA3: Total Down Time | BB3: Freq. Sheets Break (X) | BC3: Freq. Change Blade (X) | BD3: Steam, & gangguan sinergy (X) | BE3: Freq, Trip PLN (X) | BF3: Cleaning Holes (X)
AF4: Proses | AI4: Change Grade | AJ4: Mekanik | AK4: Electric & Instrument | AL4: Boiler | AN4: Down Time Produksi | AO4: Mekanik | AP4: Electrical & Instrument | AQ4: Boiler | AR4: Total Unschedule Shut Down | AV4: LOSS | AW4: DOWN TIME | AX4: LOSS | AY4: DOWN TIME
G5: Yankee Speed (mpm) | H5: Max % Creeping | I5: Target Eff | J5: Kapasitas PM-Teori (ton) | K5: Teori (ton) with Available Time | L5: Yankee Speed (mpm) | M5: Popereel Speed (mpm) | N5: % Creeping | AF5: sheet break | AG5: change blade | AH5: change spool | AT5: Loss time | AU5: Down Time | AV5: SINERGY | AW5: SINERGY | AX5: PLN | AY5: PLN
A6: =+[1]Report1!A9 -> 45962 | B6: MG | C6: =(M6*E6*O6*Q6)/100000000 -> 59.309193 | D6: High White | E6: 12 | F6: 1 | G6: 1270 | H6: 0 | I6: 0.88 | J6: =E6*G6*(1-H6)*1440/1000000*2.77 -> 60.789312 | K6: =(IF(G6<L6,L6,G6)*(1-IF(H6<N6,H6,N6))*E6*O6*Q6)/100000000 -> 59.517504 | L6: 1290 | M6: =+L6-L6*0.0035 -> 1285.485 | N6: =1-(M6/L6) -> 0.0035 | O6: =+'[1]Trim Rwd'!H4 -> 267 | P6: =O6*(Q6-R6-S6) -> 371931 | Q6: 1440 | R6: 0 | S6: 47 | T6: =E6*M6*O6*Q6/100000000 -> 59.309193 | U6: =E6*M6*O6*(Q6-R6-S6)/100000000 -> 57.373407 | V6: =E6*G6*(1-N6)*O6/100*(R6+S6)/1000000 -> 1.905774 | W6: =+'[1]1'!K34/1000 -> 59.673 | X6: =SUM(W6:W9)/SUM(K6:K9) -> 1.0026126 | Y6: 0 | Z6: =+'[1]1'!D34/1000 -> 0.862 | AA6: =SUM(U6:U9)-SUM(W6:W9)-SUM(Z6:Z9)-SUM(Y6:Y9) -> -3.1615934 | AB6: =(SUM(K6:K9)-SUM(W6:W9)-SUM(Y6:Y9)-SUM(Z6:Z9)-SUM(AC6:AC9)-SUM(V6:V9))-AA6 -> 0.030012188 | AC6: =K6-T6 -> 0.20831126 | AD6: =+AM6+BA6 -> 20 | AE6: - Sheet Breaks (4x) | AF6: 20 | AM6: =SUM(AF6:AL6)+AT6+AV6+AX6 -> 20 | AR6: =SUM(AN6:AQ6) -> 0 | BA6: =+AR6+AS6+AU6+AW6+AY6+AZ6 -> 0 | BB6: 4
AD7: =+AM7+BA7 -> 3 | AE7: - Change Blade (2x) | AG7: 3 | AM7: =SUM(AF7:AL7)+AT7+AV7+AX7 -> 3 | AR7: =SUM(AN7:AQ7) -> 0 | BA7: =+AR7+AS7+AU7+AW7+AY7+AZ7 -> 0 | BC7: 2
AD8: =+AM8+BA8 -> 24 | AE8: - Change Spool (24x) | AH8: 24 | AM8: =SUM(AF8:AL8)+AT8+AV8+AX8 -> 24 | AR8: =SUM(AN8:AQ8) -> 0 | BA8: =+AR8+AS8+AU8+AW8+AY8+AZ8 -> 0
A10: 45963 | B10: MG | C10: =(M10*E10*O10*Q10)/100000000 -> 42.58823 | D10: High White | E10: 14 | F10: 1 | G10: 1270 | H10: 0 | I10: 0.88 | J10: =E10*G10*(1-H10)*1440/1000000*2.77 -> 70.920864 | K10: =(IF(G10<L10,L10,G10)*(1-IF(H10<N10,H10,N10))*E10*O10*Q10)/100000000 -> 42.737812 | L10: 1290 | M10: 1285.485 | N10: =1-(M10/L10) -> 0.0035 | O10: =+'[1]Trim Rwd'!H6 -> 268.91304 | P10: =O10*(Q10-R10-S10) -> 229382.83 | Q10: 880 | R10: 0 | S10: 27 | T10: =E10*M10*O10*Q10/100000000 -> 42.58823 | U10: =E10*M10*O10*(Q10-R10-S10)/100000000 -> 41.281546 | V10: =E10*G10*(1-N10)*O10/100*(R10+S10)/1000000 -> 1.2864257 | W10: =+'[1]2'!K7/1000 -> 51.575 | X10: =SUM(W10:W13)/SUM(K10:K13) -> 0.85910239 | Y10: 0 | Z10: =+'[1]2'!D34/1000 -> 0.967 | AA10: =SUM(U10:U13)-SUM(W10:W13)-SUM(Z10:Z13)-SUM(Y10:Y13) -> 5.6216186 | AB10: =(SUM(K10:K13)-SUM(W10:W13)-SUM(Y10:Y13)-SUM(Z10:Z13)-SUM(AC10:AC13)-SUM(V10:V13))-AA10 -> 0.0046736311 | AC10: =K10-T10 -> 0.14958234 | AD10: =+AM10+BA10 -> 25 | AE10: - Sheet Breaks (5x) | AF10: 25 | AM10: =SUM(AF10:AL10)+AT10+AV10+AX10 -> 25 | AR10: =SUM(AN10:AQ10) -> 0 | BA10: =+AR10+AS10+AU10+AW10+AY10+AZ10 -> 0 | BB10: 5
B11: MG | C11: =(M11*E11*O11*Q11)/100000000 -> 29.923278 | D11: High White | E11: 16.5 | F11: 1 | G11: 1210 | H11: 0 | I11: 0.88 | J11: =E11*G11*(1-H11)*1440/1000000*2.77 -> 79.636392 | K11: =(IF(G11<L11,L11,G11)*(1-IF(H11<N11,H11,N11))*E11*O11*Q11)/100000000 -> 30.298884 | L11: 1200 | M11: 1195 | N11: =1-(M11/L11) -> 0.0041666667 | O11: =+'[1]Trim Rwd'!H8 -> 271 | P11: =O11*(Q11-R11-S11) -> 142275 | Q11: 560 | R11: 0 | S11: 35 | T11: =E11*M11*O11*Q11/100000000 -> 29.923278 | U11: =E11*M11*O11*(Q11-R11-S11)/100000000 -> 28.053073 | V11: =E11*G11*(1-N11)*O11/100*(R11+S11)/1000000 -> 1.8857899 | W11: =+'[1]2'!K8/1000 -> 11.171 | AC11: =K11-T11 -> 0.375606 | AD11: =+AM11+BA11 -> 2 | AE11: - Change Blade (2x) | AG11: 2 | AM11: =SUM(AF11:AL11)+AT11+AV11+AX11 -> 2 | AR11: =SUM(AN11:AQ11) -> 0 | BA11: =+AR11+AS11+AU11+AW11+AY11+AZ11 -> 0 | BC11: 2
AD12: =+AM12+BA12 -> 25 | AE12: - Change Spool (24x) | AH12: 25 | AM12: =SUM(AF12:AL12)+AT12+AV12+AX12 -> 25 | AR12: =SUM(AN12:AQ12) -> 0 | BA12: =+AR12+AS12+AU12+AW12+AY12+AZ12 -> 0
AD13: =+AM13+BA13 -> 10 | AE13: - Change Grade | AI13: 10 | AM13: =SUM(AF13:AL13)+AT13+AV13+AX13 -> 10 | AR13: =SUM(AN13:AQ13) -> 0 | BA13: =+AR13+AS13+AU13+AW13+AY13+AZ13 -> 0
A15: 45964 | B15: MG | C15: =(M15*E15*O15*Q15)/100000000 -> 73.345843 | D15: High White | E15: 16.5 | F15: 1 | G15: 1210 | H15: 0 | I15: 0.88 | J15: =E15*G15*(1-H15)*1440/1000000*2.77 -> 79.636392 | K15: =(IF(G15<L15,L15,G15)*(1-IF(H15<N15,H15,N15))*E15*O15*Q15)/100000000 -> 75.322241 | L15: 1182.3889 | M15: 1178.2505 | N15: =1-(M15/L15) -> 0.0035 | O15: =+'[1]Trim Rwd'!H11 -> 261.99405 | P15: =O15*(Q15-R15-S15) -> 358669.85 | Q15: 1440 | R15: 0 | S15: 71 | T15: =E15*M15*O15*Q15/100000000 -> 73.345843 | U15: =E15*M15*O15*(Q15-R15-S15)/100000000 -> 69.729485 | V15: =E15*G15*(1-N15)*O15/100*(R15+S15)/1000000 -> 3.7008066 | W15: =+'[1]3'!K8/1000 -> 63.193 | X15: =SUM(W15:W18)/SUM(K15:K18) -> 0.87121678 | Y15: 0 | Z15: =+'[1]3'!D34/1000 -> 0.848 | AA15: =SUM(U15:U18)-SUM(W15:W18)-SUM(Z15:Z18)-SUM(Y15:Y18) -> 3.2594853 | AB15: =(SUM(K15:K18)-SUM(W15:W18)-SUM(Y15:Y18)-SUM(Z15:Z18)-SUM(AC15:AC18)-SUM(V15:V18))-AA15 -> -0.084449076 | AC15: =K15-T15 -> 1.9763978 | AD15: =+AM15+BA15 -> 30 | AE15: - Sheet Breaks (6x) | AF15: 30 | AM15: =SUM(AF15:AL15)+AT15+AV15+AX15 -> 30 | AR15: =SUM(AN15:AQ15) -> 0 | BA15: =+AR15+AS15+AU15+AW15+AY15+AZ15 -> 0 | BB15: 6
B16: MG | E16: 14 | W16: =+'[1]3'!K7/1000 -> 2.429 | AD16: =+AM16+BA16 -> 0 | AE16: - Change Blade (0x) | AG16: 0 | AM16: =SUM(AF16:AL16)+AT16+AV16+AX16 -> 0 | AR16: =SUM(AN16:AQ16) -> 0 | BA16: =+AR16+AS16+AU16+AW16+AY16+AZ16 -> 0 | BC16: 0
AD17: =+AM17+BA17 -> 31 | AE17: - Change Spool (25x) | AH17: 31 | AM17: =SUM(AF17:AL17)+AT17+AV17+AX17 -> 31 | AR17: =SUM(AN17:AQ17) -> 0 | BA17: =+AR17+AS17+AU17+AW17+AY17+AZ17 -> 0
AD18: =+AM18+BA18 -> 10 | AE18: - Change Grade | AI18: 10 | AM18: =SUM(AF18:AL18)+AT18+AV18+AX18 -> 10 | AR18: =SUM(AN18:AQ18) -> 0 | BA18: =+AR18+AS18+AU18+AW18+AY18+AZ18 -> 0
A20: 45965 | B20: MG | C20: =(M20*E20*O20*Q20)/100000000 -> 10.70282 | D20: High White | E20: 16.5 | F20: 1 | G20: 1210 | H20: 0 | I20: 0.88 | J20: =E20*G20*(1-H20)*1440/1000000*2.77 -> 79.636392 | K20: =(IF(G20<L20,L20,G20)*(1-IF(H20<N20,H20,N20))*E20*O20*Q20)/100000000 -> 11.20336 | L20: 1160 | M20: =+L20-L20*0.0035 -> 1155.94 | N20: =1-(M20/L20) -> 0.0035 | O20: =+'[1]Trim Rwd'!H16 -> 261 | P20: =O20*(Q20-R20-S20) -> 52200 | Q20: 215 | R20: 0 | S20: 15 | T20: =E20*M20*O20*Q20/100000000 -> 10.70282 | U20: =E20*M20*O20*(Q20-R20-S20)/100000000 -> 9.9561112 | V20: =E20*G20*(1-N20)*O20/100*(R20+S20)/1000000 -> 0.77889405 | W20: =+'[1]4'!K8/1000 -> 19.001 | X20: =SUM(W20:W25)/SUM(K20:K25) -> 0.79021127 | Y20: 0 | Z20: 0 | AA20: =SUM(U20:U25)-SUM(W20:W25)-SUM(Z20:Z25)-SUM(Y20:Y25) -> 8.3693381 | AB20: =(SUM(K20:K25)-SUM(W20:W25)-SUM(Y20:Y25)-SUM(Z20:Z25)-SUM(AC20:AC25)-SUM(V20:V25))-AA20 -> -0.018707188 | AC20: =K20-T20 -> 0.50054019 | AD20: =+AM20+BA20 -> 33 | AE20: - Sheet Breaks (7x) | AF20: 33 | AM20: =SUM(AF20:AL20)+AT20+AV20+AX20 -> 33 | AR20: =SUM(AN20:AQ20) -> 0 | BA20: =+AR20+AS20+AU20+AW20+AY20+AZ20 -> 0 | BB20: 7
B21: MG | C21: =(M21*E21*O21*Q21)/100000000 -> 6.0724219 | D21: High White | E21: 30 | F21: 1 | G21: 690 | H21: 0 | I21: 0.88 | J21: =E21*G21*(1-H21)*1440/1000000*2.77 -> 82.56816 | K21: =(IF(G21<L21,L21,G21)*(1-IF(H21<N21,H21,N21))*E21*O21*Q21)/100000000 -> 6.09375 | L21: 700 | M21: =+L21-L21*0.0035 -> 697.55 | N21: =1-(M21/L21) -> 0.0035 | O21: =+'[1]Trim Rwd'!H17 -> 232.14286 | P21: =O21*(Q21-R21-S21) -> 25535.714 | Q21: 125 | R21: 0 | S21: 15 | T21: =E21*M21*O21*Q21/100000000 -> 6.0724219 | U21: =E21*M21*O21*(Q21-R21-S21)/100000000 -> 5.3437313 | V21: =E21*G21*(1-N21)*O21/100*(R21+S21)/1000000 -> 0.71828076 | W21: =+'[1]4'!K9/1000 -> 4.193 | Z21: =+'[1]4'!D18/1000 -> 0.998 | AC21: =K21-T21 -> 0.021328125 | AD21: =+AM21+BA21 -> 0 | AE21: - Change Blade (0x) | AG21: 0 | AM21: =SUM(AF21:AL21)+AT21+AV21+AX21 -> 0 | AR21: =SUM(AN21:AQ21) -> 0 | BA21: =+AR21+AS21+AU21+AW21+AY21+AZ21 -> 0 | BC21: 0
B22: MG | C22: =(M22*E22*O22*Q22)/100000000 -> 7.4917667 | D22: High White | E22: 17 | F22: 1 | G22: 1210 | H22: 0 | I22: 0.88 | J22: =E22*G22*(1-H22)*1440/1000000*2.77 -> 82.049616 | K22: =(IF(G22<L22,L22,G22)*(1-IF(H22<N22,H22,N22))*E22*O22*Q22)/100000000 -> 7.5807307 | L22: 1200 | M22: =+L22-L22*0.0035 -> 1195.8 | N22: =1-(M22/L22) -> 0.0035 | O22: =+'[1]Trim Rwd'!H19 -> 263.2381 | P22: =O22*(Q22-R22-S22) -> 32904.762 | Q22: 140 | R22: 0 | S22: 15 | T22: =E22*M22*O22*Q22/100000000 -> 7.4917667 | U22: =E22*M22*O22*(Q22-R22-S22)/100000000 -> 6.6890774 | V22: =E22*G22*(1-N22)*O22/100*(R22+S22)/1000000 -> 0.80937837 | W22: =+'[1]4'!K10/1000 -> 18.114 | Z22: =+('[1]4'!D17/1000) -> 0.724 | AC22: =K22-T22 -> 0.088963947 | AD22: =+AM22+BA22 -> 29 | AE22: - Change Spool (25x) | AH22: 29 | AM22: =SUM(AF22:AL22)+AT22+AV22+AX22 -> 29 | AR22: =SUM(AN22:AQ22) -> 0 | BA22: =+AR22+AS22+AU22+AW22+AY22+AZ22 -> 0
B23: MG | C23: =(M23*E23*O23*Q23)/100000000 -> 30.561204 | D23: High White | E23: 18 | F23: 1 | G23: 1150 | H23: 0 | I23: 0.88 | J23: =E23*G23*(1-H23)*1440/1000000*2.77 -> 82.56816 | K23: =(IF(G23<L23,L23,G23)*(1-IF(H23<N23,H23,N23))*E23*O23*Q23)/100000000 -> 30.668544 | L23: 1160 | M23: =+L23-L23*0.0035 -> 1155.94 | N23: =1-(M23/L23) -> 0.0035 | O23: =+'[1]Trim Rwd'!H21 -> 272 | P23: =O23*(Q23-R23-S23) -> 141440 | Q23: 540 | R23: 0 | S23: 20 | T23: =E23*M23*O23*Q23/100000000 -> 30.561204 | U23: =E23*M23*O23*(Q23-R23-S23)/100000000 -> 29.429308 | V23: =E23*G23*(1-N23)*O23/100*(R23+S23)/1000000 -> 1.1221387 | W23: =+'[1]4'!K11/1000 -> 16.696 | Z23: =+('[1]4'!D19+'[1]4'!D25)/1000 -> 0.564 | AC23: =K23-T23 -> 0.1073399 | AD23: =+AM23+BA23 -> 18 | AE23: - Change Grade | AI23: 18 | AM23: =SUM(AF23:AL23)+AT23+AV23+AX23 -> 18 | AR23: =SUM(AN23:AQ23) -> 0 | BA23: =+AR23+AS23+AU23+AW23+AY23+AZ23 -> 0
B24: MG | C24: =(M24*E24*O24*Q24)/100000000 -> 19.868707 | D24: Off White | E24: 14 | F24: 1 | G24: 1270 | H24: 0 | I24: 0.88 | J24: =E24*G24*(1-H24)*1440/1000000*2.77 -> 70.920864 | K24: =(IF(G24<L24,L24,G24)*(1-IF(H24<N24,H24,N24))*E24*O24*Q24)/100000000 -> 19.938492 | L24: 1270 | M24: =+L24-L24*0.0035 -> 1265.555 | N24: =1-(M24/L24) -> 0.0035 | O24: =+'[1]Trim Rwd'!H22 -> 267 | P24: =O24*(Q24-R24-S24) -> 108135 | Q24: 420 | R24: 0 | S24: 15 | T24: =E24*M24*O24*Q24/100000000 -> 19.868707 | U24: =E24*M24*O24*(Q24-R24-S24)/100000000 -> 19.159111 | V24: =E24*G24*(1-N24)*O24/100*(R24+S24)/1000000 -> 0.70959669 | W24: =+'[1]4'!K7/1000 -> 0.658 | Z24: =+'[1]4'!D27/1000 -> 0.273 | AC24: =K24-T24 -> 0.069784722
B25: MG | E25: 21.5 | W25: =+'[1]4'!K12/1000 -> 0.987
A27: 45966 | B27: MG | C27: =(M27*E27*O27*Q27)/100000000 -> 18.900229 | D27: Off White | E27: 14 | F27: 1 | G27: 1270 | H27: 0 | I27: 0.88 | J27: =E27*G27*(1-H27)*1440/1000000*2.77 -> 70.920864 | K27: =(IF(G27<L27,L27,G27)*(1-IF(H27<N27,H27,N27))*E27*O27*Q27)/100000000 -> 20.413218 | L27: 1180 | M27: =+L27-L27*0.0035 -> 1175.87 | N27: =1-(M27/L27) -> 0.0035 | O27: =+'[1]Trim Rwd'!H25 -> 267 | P27: =O27*(Q27-R27-S27) -> 93717 | Q27: 430 | R27: 60 | S27: 19 | T27: =E27*M27*O27*Q27/100000000 -> 18.900229 | U27: =E27*M27*O27*(Q27-R27-S27)/100000000 -> 15.427861 | V27: =E27*G27*(1-N27)*O27/100*(R27+S27)/1000000 -> 3.7372092 | W27: =+'[1]5'!K7/1000 -> 29.161 | X27: =SUM(W27:W30)/SUM(K27:K30) -> 0.90111446 | Y27: 0 | Z27: =+'[1]5'!D16/1000 -> 0.444 | AA27: =SUM(U27:U30)-SUM(W27:W30)-SUM(Z27:Z30)-SUM(Y27:Y30) -> -9.9001869 | AB27: =(SUM(K27:K30)-SUM(W27:W30)-SUM(Y27:Y30)-SUM(Z27:Z30)-SUM(AC27:AC30)-SUM(V27:V30))-AA27 -> -0.8112333 | AC27: =K27-T27 -> 1.5129891 | AD27: =+AM27+BA27 -> 50 | AE27: - Sheet Breaks (10x) | AF27: 50 | AM27: =SUM(AF27:AL27)+AT27+AV27+AX27 -> 50 | AR27: =SUM(AN27:AQ27) -> 0 | BA27: =+AR27+AS27+AU27+AW27+AY27+AZ27 -> 0 | BB27: 10
B28: Facial | C28: =(M28*E28*O28*Q28)/100000000 -> 37.913124 | D28: Off White | E28: 10.3 | F28: 1 | G28: 1730 | H28: 0.16 | I28: 0.88 | J28: =E28*G28*(1-H28)*1440/1000000*2.77 -> 59.704199 | K28: =(IF(G28<L28,L28,G28)*(1-IF(H28<N28,H28,N28))*E28*O28*Q28)/100000000 -> 40.817627 | L28: 1606.8966 | M28: 1349.7931 | N28: =1-(M28/L28) -> 0.16 | O28: =+'[1]Trim Rwd'!H26 -> 270 | P28: =O28*(Q28-R28-S28) -> 221400 | Q28: 1010 | R28: 140 | S28: 50 | T28: =E28*M28*O28*Q28/100000000 -> 37.913124 | U28: =E28*M28*O28*(Q28-R28-S28)/100000000 -> 30.780952 | V28: =E28*G28*(1-N28)*O28/100*(R28+S28)/1000000 -> 7.6785635 | W28: =+'[1]5'!K13/1000 -> 17.317 | Z28: 0 | AC28: =K28-T28 -> 2.9045033 | AD28: =+AM28+BA28 -> 0 | AE28: - Change Blade (0x) | AG28: 0 | AM28: =SUM(AF28:AL28)+AT28+AV28+AX28 -> 0 | AR28: =SUM(AN28:AQ28) -> 0 | BA28: =+AR28+AS28+AU28+AW28+AY28+AZ28 -> 0 | BC28: 0
B29: MG | E29: 18 | W29: =+'[1]5'!K11/1000 -> 8.698 | Z29: =+'[1]5'!D8/1000 -> 0.489 | AD29: =+AM29+BA29 -> 19 | AE29: - Change Spool (19x) | AH29: 19 | AM29: =SUM(AF29:AL29)+AT29+AV29+AX29 -> 19 | AR29: =SUM(AN29:AQ29) -> 0 | BA29: =+AR29+AS29+AU29+AW29+AY29+AZ29 -> 0
AD30: =+AM30+BA30 -> 60 | AE30: - 11.30 Pm stop, turbo vaccum trip | AM30: =SUM(AF30:AL30)+AT30+AV30+AX30 -> 0 | AP30: 60 | AR30: =SUM(AN30:AQ30) -> 60 | BA30: =+AR30+AS30+AU30+AW30+AY30+AZ30 -> 60
AD31: =+AM31+BA31 -> 140 | AE31: - 04.00 PM Stop, Van belt vertikal screen putus tinggal 1, Med Ganti Van belt | AM31: =SUM(AF31:AL31)+AT31+AV31+AX31 -> 0 | AO31: 140 | AR31: =SUM(AN31:AQ31) -> 140 | BA31: =+AR31+AS31+AU31+AW31+AY31+AZ31 -> 140
A33: 45936 | B33: Facial | C33: =(M33*E33*O33*Q33)/100000000 -> 54.590485 | D33: Off White | E33: 12 | F33: 1 | G33: 1700 | H33: 0.24 | I33: 0.88 | J33: =E33*G33*(1-H33)*1440/1000000*2.77 -> 61.842355 | K33: =(IF(G33<L33,L33,G33)*(1-IF(H33<N33,H33,N33))*E33*O33*Q33)/100000000 -> 59.192561 | L33: 1567.8292 | M33: 1191.5502 | N33: =1-(M33/L33) -> 0.24 | O33: =+'[1]Trim Rwd'!H30 -> 267.92208 | P33: =O33*(Q33-R33-S33) -> 346423.25 | Q33: 1425 | R33: 20 | S33: =85+27 -> 112 | T33: =E33*M33*O33*Q33/100000000 -> 54.590485 | U33: =E33*M33*O33*(Q33-R33-S33)/100000000 -> 49.533682 | V33: =E33*G33*(1-N33)*O33/100*(R33+S33)/1000000 -> 5.4831003 | W33: =+'[1]6'!K14/1000 -> 43.052 | X33: =SUM(W33:W36)/SUM(K33:K36) -> 0.74072482 | Y33: 0 | Z33: 0 | AA33: =SUM(U33:U36)-SUM(W33:W36)-SUM(Z33:Z36)-SUM(Y33:Y36) -> 5.4756482 | AB33: =(SUM(K33:K36)-SUM(W33:W36)-SUM(Y33:Y36)-SUM(Z33:Z36)-SUM(AC33:AC36)-SUM(V33:V36))-AA33 -> -0.42629756 | AC33: =K33-T33 -> 4.602076 | AD33: =+AM33+BA33 -> 85 | AE33: - Sheet Breaks (27x) | AF33: 85 | AM33: =SUM(AF33:AL33)+AT33+AV33+AX33 -> 85 | AR33: =SUM(AN33:AQ33) -> 0 | BA33: =+AR33+AS33+AU33+AW33+AY33+AZ33 -> 0 | BB33: 27
B34: Facial | C34: =(M34*E34*O34*Q34)/100000000 -> 0.6449664 | D34: Off White | E34: 13 | F34: 1 | G34: 1700 | H34: 0.24 | I34: 0.88 | J34: =E34*G34*(1-H34)*1440/1000000*2.77 -> 66.995885 | K34: =(IF(G34<L34,L34,G34)*(1-IF(H34<N34,H34,N34))*E34*O34*Q34)/100000000 -> 0.6852768 | L34: 1600 | M34: 1216 | N34: =1-(M34/L34) -> 0.24 | O34: =+'[1]Trim Rwd'!H33 -> 272 | P34: =O34*(Q34-R34-S34) -> 4080 | Q34: 15 | R34: 0 | S34: 0 | T34: =E34*M34*O34*Q34/100000000 -> 0.6449664 | U34: =E34*M34*O34*(Q34-R34-S34)/100000000 -> 0.6449664 | V34: =E34*G34*(1-N34)*O34/100*(R34+S34)/1000000 -> 0 | W34: =+'[1]6'!K15/1000 -> 0 | Z34: 0 | AC34: =K34-T34 -> 0.0403104 | AD34: =+AM34+BA34 -> 0 | AE34: - Change Blade (0x) | AG34: 0 | AM34: =SUM(AF34:AL34)+AT34+AV34+AX34 -> 0 | AR34: =SUM(AN34:AQ34) -> 0 | BA34: =+AR34+AS34+AU34+AW34+AY34+AZ34 -> 0 | BC34: 0
B35: Facial | E35: 10.3 | W35: =+'[1]6'!K13/1000 -> 1.301 | Z35: =+'[1]6'!D8/1000 -> 0.35 | AD35: =+AM35+BA35 -> 27 | AE35: - Change Spool (26x) | AH35: 27 | AM35: =SUM(AF35:AL35)+AT35+AV35+AX35 -> 27 | AR35: =SUM(AN35:AQ35) -> 0 | BA35: =+AR35+AS35+AU35+AW35+AY35+AZ35 -> 0
AD36: =+AM36+BA36 -> 20 | AE36: - 12.20 pm trip stock flow alarm | AM36: =SUM(AF36:AL36)+AT36+AV36+AX36 -> 0 | AP36: 20 | AR36: =SUM(AN36:AQ36) -> 20 | BA36: =+AR36+AS36+AU36+AW36+AY36+AZ36 -> 20
A38: 45968 | B38: Facial | C38: =(M38*E38*O38*Q38)/100000000 -> 37.193062 | D38: Off White | E38: 13 | F38: 1 | G38: 1700 | H38: 0.24 | I38: 0.88 | J38: =E38*G38*(1-H38)*1440/1000000*2.77 -> 66.995885 | K38: =(IF(G38<L38,L38,G38)*(1-IF(H38<N38,H38,N38))*E38*O38*Q38)/100000000 -> 39.517629 | L38: 1600 | M38: 1216 | N38: =1-(M38/L38) -> 0.24 | O38: =+'[1]Trim Rwd'!H35 -> 272 | P38: =O38*(Q38-R38-S38) -> 210800 | Q38: 865 | R38: 0 | S38: 90 | T38: =E38*M38*O38*Q38/100000000 -> 37.193062 | U38: =E38*M38*O38*(Q38-R38-S38)/100000000 -> 33.323264 | V38: =E38*G38*(1-N38)*O38/100*(R38+S38)/1000000 -> 4.1116608 | W38: =+'[1]7'!K15/1000 -> 32.631 | X38: =SUM(W38:W41)/SUM(K38:K41) -> 0.78018144 | Y38: 0 | Z38: 0 | AA38: =SUM(U38:U41)-SUM(W38:W41)-SUM(Z38:Z41)-SUM(Y38:Y41) -> 4.4809749 | AB38: =(SUM(K38:K41)-SUM(W38:W41)-SUM(Y38:Y41)-SUM(Z38:Z41)-SUM(AC38:AC41)-SUM(V38:V41))-AA38 -> -0.3503499 | AC38: =K38-T38 -> 2.3245664 | AD38: =+AM38+BA38 -> 90 | AE38: - Sheet Breaks (18x) | AF38: 90 | AM38: =SUM(AF38:AL38)+AT38+AV38+AX38 -> 90 | AR38: =SUM(AN38:AQ38) -> 0 | BA38: =+AR38+AS38+AU38+AW38+AY38+AZ38 -> 0 | BB38: 18
B39: Facial | C39: =(M39*E39*O39*Q39)/100000000 -> 21.294 | D39: Off White | E39: 10.3 | F39: 1 | G39: 1730 | H39: 0.16 | I39: 0.88 | J39: =E39*G39*(1-H39)*1440/1000000*2.77 -> 59.704199 | K39: =(IF(G39<L39,L39,G39)*(1-IF(H39<N39,H39,N39))*E39*O39*Q39)/100000000 -> 22.893495 | L39: 1609.1304 | M39: 1351.6696 | N39: =1-(M39/L39) -> 0.16 | O39: =+'[1]Trim Rwd'!H36 -> 266 | P39: =O39*(Q39-R39-S39) -> 142576 | Q39: 575 | R39: 0 | S39: =13+26 -> 39 | T39: =E39*M39*O39*Q39/100000000 -> 21.294 | U39: =E39*M39*O39*(Q39-R39-S39)/100000000 -> 19.849711 | V39: =E39*G39*(1-N39)*O39/100*(R39+S39)/1000000 -> 1.5527762 | W39: =+'[1]7'!K13/1000 -> 11.616 | Z39: 0 | AC39: =K39-T39 -> 1.5994952 | AD39: =+AM39+BA39 -> 13 | AE39: - Change Blade (7x) | AG39: 13 | AM39: =SUM(AF39:AL39)+AT39+AV39+AX39 -> 13 | AR39: =SUM(AN39:AQ39) -> 0 | BA39: =+AR39+AS39+AU39+AW39+AY39+AZ39 -> 0 | BC39: 7
B40: Facial | E40: 12 | W40: =+'[1]7'!K14/1000 -> 4.445 | AD40: =+AM40+BA40 -> 26 | AE40: - Change Spool (25x) | AH40: 26 | AM40: =SUM(AF40:AL40)+AT40+AV40+AX40 -> 26 | AR40: =SUM(AN40:AQ40) -> 0 | BA40: =+AR40+AS40+AU40+AW40+AY40+AZ40 -> 0
A42: 45969 | B42: Facial | C42: =(M42*E42*O42*Q42)/100000000 -> 51.478431 | D42: Off White | E42: 10.3 | F42: 1 | G42: 1730 | H42: 0.16 | I42: 0.88 | J42: =E42*G42*(1-H42)*1440/1000000*2.77 -> 59.704199 | K42: =(IF(G42<L42,L42,G42)*(1-IF(H42<N42,H42,N42))*E42*O42*Q42)/100000000 -> 57.333274 | L42: 1553.3333 | M42: 1304.8 | N42: =1-(M42/L42) -> 0.16 | O42: =+'[1]Trim Rwd'!H39 -> 266 | P42: =O42*(Q42-R42-S42) -> 364686 | Q42: 1440 | R42: 0 | S42: 69 | T42: =E42*M42*O42*Q42/100000000 -> 51.478431 | U42: =E42*M42*O42*(Q42-R42-S42)/100000000 -> 49.011756 | V42: =E42*G42*(1-N42)*O42/100*(R42+S42)/1000000 -> 2.7472194 | W42: =+'[1]8'!K34/1000 -> 47.743 | X42: =SUM(W42:W45)/SUM(K42:K45) -> 0.83272761 | Y42: 0 | Z42: 0 | AA42: =SUM(U42:U45)-SUM(W42:W45)-SUM(Z42:Z45)-SUM(Y42:Y45) -> 1.2687562 | AB42: =(SUM(K42:K45)-SUM(W42:W45)-SUM(Y42:Y45)-SUM(Z42:Z45)-SUM(AC42:AC45)-SUM(V42:V45))-AA42 -> -0.28054456 | AC42: =K42-T42 -> 5.854843 | AD42: =+AM42+BA42 -> 25 | AE42: - Sheet Breaks (5x) | AF42: 25 | AM42: =SUM(AF42:AL42)+AT42+AV42+AX42 -> 25 | AR42: =SUM(AN42:AQ42) -> 0 | BA42: =+AR42+AS42+AU42+AW42+AY42+AZ42 -> 0 | BB42: 5
AD43: =+AM43+BA43 -> 18 | AE43: - Change Blade (10x) | AG43: 18 | AM43: =SUM(AF43:AL43)+AT43+AV43+AX43 -> 18 | AR43: =SUM(AN43:AQ43) -> 0 | BA43: =+AR43+AS43+AU43+AW43+AY43+AZ43 -> 0 | BC43: 10
AD44: =+AM44+BA44 -> 26 | AE44: - Change Spool (19x) | AH44: 26 | AM44: =SUM(AF44:AL44)+AT44+AV44+AX44 -> 26 | AR44: =SUM(AN44:AQ44) -> 0 | BA44: =+AR44+AS44+AU44+AW44+AY44+AZ44 -> 0
A46: 45970 | B46: Facial | C46: =(M46*E46*O46*Q46)/100000000 -> 31.490034 | D46: Off White | E46: 10.3 | F46: 1 | G46: 1730 | H46: 0.16 | I46: 0.88 | J46: =E46*G46*(1-H46)*1440/1000000*2.77 -> 59.704199 | K46: =(IF(G46<L46,L46,G46)*(1-IF(H46<N46,H46,N46))*E46*O46*Q46)/100000000 -> 34.479594 | L46: 1580 | M46: =+L46-L46*0.16 -> 1327.2 | N46: =1-(M46/L46) -> 0.16 | O46: =+'[1]Trim Rwd'!H42 -> 266 | P46: =O46*(Q46-R46-S46) -> 222642 | Q46: 866 | R46: 0 | S46: 29 | T46: =E46*M46*O46*Q46/100000000 -> 31.490034 | U46: =E46*M46*O46*(Q46-R46-S46)/100000000 -> 30.435518 | V46: =E46*G46*(1-N46)*O46/100*(R46+S46)/1000000 -> 1.1546284 | W46: =+'[1]9'!K13/1000 -> 37.961 | X46: =SUM(W46:W49)/SUM(K46:K49) -> 0.89529502 | Y46: 0 | Z46: 0 | AA46: =SUM(U46:U49)-SUM(W46:W49)-SUM(Z46:Z49)-SUM(Y46:Y49) -> -0.55747437 | AB46: =(SUM(K46:K49)-SUM(W46:W49)-SUM(Y46:Y49)-SUM(Z46:Z49)-SUM(AC46:AC49)-SUM(V46:V49))-AA46 -> -0.14288509 | AC46: =K46-T46 -> 2.9895602 | AD46: =+AM46+BA46 -> 0 | AE46: - Sheet Breaks (0x) | AF46: 0 | AM46: =SUM(AF46:AL46)+AT46+AV46+AX46 -> 0 | AR46: =SUM(AN46:AQ46) -> 0 | BA46: =+AR46+AS46+AU46+AW46+AY46+AZ46 -> 0 | BB46: 0
B47: Facial | C47: =(M47*E47*O47*Q47)/100000000 -> 23.090183 | D47: Off White | E47: 12.5 | F47: 1 | G47: 1700 | H47: 0.24 | I47: 0.88 | J47: =E47*G47*(1-H47)*1440/1000000*2.77 -> 64.41912 | K47: =(IF(G47<L47,L47,G47)*(1-IF(H47<N47,H47,N47))*E47*O47*Q47)/100000000 -> 24.843868 | L47: 1580 | M47: =+L47-L47*0.24 -> 1200.8 | N47: =1-(M47/L47) -> 0.24 | O47: =+'[1]Trim Rwd'!H43 -> 268 | P47: =O47*(Q47-R47-S47) -> 150080 | Q47: 574 | R47: 0 | S47: 14 | T47: =E47*M47*O47*Q47/100000000 -> 23.090183 | U47: =E47*M47*O47*(Q47-R47-S47)/100000000 -> 22.527008 | V47: =E47*G47*(1-N47)*O47/100*(R47+S47)/1000000 -> 0.605948 | W47: =+'[1]9'!K16/1000 -> 15.151 | Z47: =+'[1]9'!D34/1000 -> 0.408 | AC47: =K47-T47 -> 1.7536848 | AD47: =+AM47+BA47 -> 14 | AE47: - Change Blade (11x) | AG47: 14 | AM47: =SUM(AF47:AL47)+AT47+AV47+AX47 -> 14 | AR47: =SUM(AN47:AQ47) -> 0 | BA47: =+AR47+AS47+AU47+AW47+AY47+AZ47 -> 0 | BC47: 11
AD48: =+AM48+BA48 -> 29 | AE48: - Change Spool (26x) | AH48: 29 | AM48: =SUM(AF48:AL48)+AT48+AV48+AX48 -> 29 | AR48: =SUM(AN48:AQ48) -> 0 | BA48: =+AR48+AS48+AU48+AW48+AY48+AZ48 -> 0
A50: 45971 | B50: Facial | C50: =(M50*E50*O50*Q50)/100000000 -> 4.827216 | D50: Off White | E50: 12.5 | F50: 1 | G50: 1700 | H50: 0.24 | I50: 0.88 | J50: =E50*G50*(1-H50)*1440/1000000*2.77 -> 64.41912 | K50: =(IF(G50<L50,L50,G50)*(1-IF(H50<N50,H50,N50))*E50*O50*Q50)/100000000 -> 5.19384 | L50: 1580 | M50: =+L50-L50*0.24 -> 1200.8 | N50: =1-(M50/L50) -> 0.24 | O50: =+'[1]Trim Rwd'!H45 -> 268 | P50: =O50*(Q50-R50-S50) -> 28676 | Q50: 120 | R50: 0 | S50: 13 | T50: =E50*M50*O50*Q50/100000000 -> 4.827216 | U50: =E50*M50*O50*(Q50-R50-S50)/100000000 -> 4.3042676 | V50: =E50*G50*(1-N50)*O50/100*(R50+S50)/1000000 -> 0.562666 | W50: =+'[1]10'!K16/1000 -> 10.034 | X50: =SUM(W50:W53)/SUM(K50:K53) -> 0.81277099 | Y50: 0 | Z50: =+'[1]10'!D7/1000 -> 0.88 | AA50: =SUM(U50:U53)-SUM(W50:W53)-SUM(Z50:Z53)-SUM(Y50:Y53) -> 2.3899476 | AB50: =(SUM(K50:K53)-SUM(W50:W53)-SUM(Y50:Y53)-SUM(Z50:Z53)-SUM(AC50:AC53)-SUM(V50:V53))-AA50 -> -0.0397176 | AC50: =K50-T50 -> 0.366624 | AD50: =+AM50+BA50 -> 0 | AE50: - Sheet Breaks (0x) | AF50: 0 | AM50: =SUM(AF50:AL50)+AT50+AV50+AX50 -> 0 | AR50: =SUM(AN50:AQ50) -> 0 | BA50: =+AR50+AS50+AU50+AW50+AY50+AZ50 -> 0 | BB50: 0
B51: Sanitary Napkin | C51: =(M51*E51*O51*Q51)/100000000 -> 48.18528 | D51: Off White | E51: 13 | F51: 1 | G51: 1350 | H51: 0.2 | I51: 0.88 | J51: =E51*G51*(1-H51)*1440/1000000*2.77 -> 56.002752 | K51: =(IF(G51<L51,L51,G51)*(1-IF(H51<N51,H51,N51))*E51*O51*Q51)/100000000 -> 48.18528 | L51: 1350 | M51: =+L51-L51*0.2 -> 1080 | N51: =1-(M51/L51) -> 0.2 | O51: =+'[1]Trim Rwd'!H46 -> 260 | P51: =O51*(Q51-R51-S51) -> 304200 | Q51: 1320 | R51: 0 | S51: 150 | T51: =E51*M51*O51*Q51/100000000 -> 48.18528 | U51: =E51*M51*O51*(Q51-R51-S51)/100000000 -> 42.70968 | V51: =E51*G51*(1-N51)*O51/100*(R51+S51)/1000000 -> 5.4756 | W51: =+'[1]10'!K17/1000 -> 33.351 | Z51: =+('[1]10'!D8+'[1]10'!D16+'[1]10'!D25)/1000 -> 0.359 | AC51: =K51-T51 -> 0 | AD51: =+AM51+BA51 -> 10 | AE51: - Change Blade (9x) | AG51: 10 | AM51: =SUM(AF51:AL51)+AT51+AV51+AX51 -> 10 | AR51: =SUM(AN51:AQ51) -> 0 | BA51: =+AR51+AS51+AU51+AW51+AY51+AZ51 -> 0 | BC51: 9
AD52: =+AM52+BA52 -> 18 | AE52: - Change Spool (18x) | AH52: 18 | AM52: =SUM(AF52:AL52)+AT52+AV52+AX52 -> 18 | AR52: =SUM(AN52:AQ52) -> 0 | BA52: =+AR52+AS52+AU52+AW52+AY52+AZ52 -> 0
AD53: =+AM53+BA53 -> 135 | AE53: - Change Grade | AI53: 135 | AM53: =SUM(AF53:AL53)+AT53+AV53+AX53 -> 135 | AR53: =SUM(AN53:AQ53) -> 0 | BA53: =+AR53+AS53+AU53+AW53+AY53+AZ53 -> 0
A55: 45972 | B55: Sanitary Napkin | C55: =(M55*E55*O55*Q55)/100000000 -> 52.56576 | D55: Off White | E55: 13 | F55: 1 | G55: 1350 | H55: 0.2 | I55: 0.88 | J55: =E55*G55*(1-H55)*1440/1000000*2.77 -> 56.002752 | K55: =(IF(G55<L55,L55,G55)*(1-IF(H55<N55,H55,N55))*E55*O55*Q55)/100000000 -> 52.56576 | L55: 1350 | M55: =+L55-L55*0.2 -> 1080 | N55: =1-(M55/L55) -> 0.2 | O55: =+'[1]Trim Rwd'!H48 -> 260 | P55: =O55*(Q55-R55-S55) -> 346320 | Q55: 1440 | R55: 75 | S55: 33 | T55: =E55*M55*O55*Q55/100000000 -> 52.56576 | U55: =E55*M55*O55*(Q55-R55-S55)/100000000 -> 48.623328 | V55: =E55*G55*(1-N55)*O55/100*(R55+S55)/1000000 -> 3.942432 | W55: =+'[1]11'!K34/1000 -> 51.335 | X55: =SUM(W55:W58)/SUM(K55:K58) -> 0.97658628 | Y55: 0 | Z55: =+'[1]11'!D34/1000 -> 0.464 | AA55: =SUM(U55:U58)-SUM(W55:W58)-SUM(Z55:Z58)-SUM(Y55:Y58) -> -3.175672 | AB55: =(SUM(K55:K58)-SUM(W55:W58)-SUM(Y55:Y58)-SUM(Z55:Z58)-SUM(AC55:AC58)-SUM(V55:V58))-AA55 -> -3.5527137e-15 | AC55: =K55-T55 -> 0 | AD55: =+AM55+BA55 -> 5 | AE55: - Sheet Breaks (1x) | AF55: 5 | AM55: =SUM(AF55:AL55)+AT55+AV55+AX55 -> 5 | AR55: =SUM(AN55:AQ55) -> 0 | BA55: =+AR55+AS55+AU55+AW55+AY55+AZ55 -> 0 | BB55: 1
AD56: =+AM56+BA56 -> 9 | AE56: - Change Blade (9x) | AG56: 9 | AM56: =SUM(AF56:AL56)+AT56+AV56+AX56 -> 9 | AR56: =SUM(AN56:AQ56) -> 0 | BA56: =+AR56+AS56+AU56+AW56+AY56+AZ56 -> 0 | BC56: 9
AD57: =+AM57+BA57 -> 19 | AE57: - Change Spool (20x) | AH57: 19 | AM57: =SUM(AF57:AL57)+AT57+AV57+AX57 -> 19 | AR57: =SUM(AN57:AQ57) -> 0 | BA57: =+AR57+AS57+AU57+AW57+AY57+AZ57 -> 0
AD58: =+AM58+BA58 -> 75 | AE58: - 03.00 pm stop flicker listrik | AM58: =SUM(AF58:AL58)+AT58+AV58+AX58 -> 0 | AR58: =SUM(AN58:AQ58) -> 0 | AY58: 75 | BA58: =+AR58+AS58+AU58+AW58+AY58+AZ58 -> 75 | BE58: 1
A60: 45973 | B60: Sanitary Napkin | C60: =(M60*E60*O60*Q60)/100000000 -> 17.354485 | D60: Off White | E60: 13 | F60: 1 | G60: 1350 | H60: 0.2 | I60: 0.88 | J60: =E60*G60*(1-H60)*1440/1000000*2.77 -> 56.002752 | K60: =(IF(G60<L60,L60,G60)*(1-IF(H60<N60,H60,N60))*E60*O60*Q60)/100000000 -> 17.354485 | L60: 1350 | M60: 1080 | N60: =1-(M60/L60) -> 0.2 | O60: =+'[1]Trim Rwd'!H50 -> 266.39535 | P60: =O60*(Q60-R60-S60) -> 121209.88 | Q60: 464 | R60: 0 | S60: 9 | T60: =E60*M60*O60*Q60/100000000 -> 17.354485 | U60: =E60*M60*O60*(Q60-R60-S60)/100000000 -> 17.017868 | V60: =E60*G60*(1-N60)*O60/100*(R60+S60)/1000000 -> 0.33661716 | W60: =+'[1]12'!K17/1000 -> 27.731 | X60: =SUM(W60:W63)/SUM(K60:K63) -> 0.84842956 | Y60: 0 | Z60: =+('[1]12'!D7+'[1]12'!D16+'[1]12'!D25)/1000 -> 0.505 | AA60: =SUM(U60:U63)-SUM(W60:W63)-SUM(Z60:Z63)-SUM(Y60:Y63) -> 3.6036073 | AB60: =(SUM(K60:K63)-SUM(W60:W63)-SUM(Y60:Y63)-SUM(Z60:Z63)-SUM(AC60:AC63)-SUM(V60:V63))-AA60 -> -0.034427586 | AC60: =K60-T60 -> 0 | AD60: =+AM60+BA60 -> 0 | AE60: - Sheet Breaks (0x) | AF60: 0 | AM60: =SUM(AF60:AL60)+AT60+AV60+AX60 -> 0 | AR60: =SUM(AN60:AQ60) -> 0 | BA60: =+AR60+AS60+AU60+AW60+AY60+AZ60 -> 0 | BB60: 0
B61: Sanitary Napkin | C61: =(M61*E61*O61*Q61)/100000000 -> 15.829632 | D61: Off White | E61: 14 | F61: 1 | G61: 1350 | H61: 0.2 | I61: 0.88 | J61: =E61*G61*(1-H61)*1440/1000000*2.77 -> 60.310656 | K61: =(IF(G61<L61,L61,G61)*(1-IF(H61<N61,H61,N61))*E61*O61*Q61)/100000000 -> 15.960672 | L61: 1338.9163 | M61: 1071.133 | N61: =1-(M61/L61) -> 0.2 | O61: =+'[1]Trim Rwd'!H52 -> 260 | P61: =O61*(Q61-R61-S61) -> 102960 | Q61: 406 | R61: 0 | S61: 10 | T61: =E61*M61*O61*Q61/100000000 -> 15.829632 | U61: =E61*M61*O61*(Q61-R61-S61)/100000000 -> 15.43974 | V61: =E61*G61*(1-N61)*O61/100*(R61+S61)/1000000 -> 0.39312 | W61: =+'[1]12'!K18/1000 -> 15.617 | Z61: =+('[1]12'!D17+'[1]12'!D26)/1000 -> 1.554 | AC61: =K61-T61 -> 0.13104 | AD61: =+AM61+BA61 -> 9 | AE61: - Change Blade (8x) | AG61: 9 | AM61: =SUM(AF61:AL61)+AT61+AV61+AX61 -> 9 | AR61: =SUM(AN61:AQ61) -> 0 | BA61: =+AR61+AS61+AU61+AW61+AY61+AZ61 -> 0 | BC61: 8
B62: Sanitary Napkin | C62: =(M62*E62*O62*Q62)/100000000 -> 22.23 | D62: Off White | E62: 15 | F62: 1 | G62: 1350 | H62: 0.2 | I62: 0.88 | J62: =E62*G62*(1-H62)*1440/1000000*2.77 -> 64.61856 | K62: =(IF(G62<L62,L62,G62)*(1-IF(H62<N62,H62,N62))*E62*O62*Q62)/100000000 -> 24.0084 | L62: 1250 | M62: =+L62-L62*0.2 -> 1000 | N62: =1-(M62/L62) -> 0.2 | O62: =+'[1]Trim Rwd'!H53 -> 260 | P62: =O62*(Q62-R62-S62) -> 145600 | Q62: 570 | R62: 0 | S62: 10 | T62: =E62*M62*O62*Q62/100000000 -> 22.23 | U62: =E62*M62*O62*(Q62-R62-S62)/100000000 -> 21.84 | V62: =E62*G62*(1-N62)*O62/100*(R62+S62)/1000000 -> 0.4212 | W62: =+'[1]12'!K19/1000 -> 5.287 | AC62: =K62-T62 -> 1.7784 | AD62: =+AM62+BA62 -> 20 | AE62: - Change Spool (18x) | AH62: 20 | AM62: =SUM(AF62:AL62)+AT62+AV62+AX62 -> 20 | AR62: =SUM(AN62:AQ62) -> 0 | BA62: =+AR62+AS62+AU62+AW62+AY62+AZ62 -> 0
A64: 45974 | B64: Sanitary Napkin | C64: =(M64*E64*O64*Q64)/100000000 -> 9.6557661 | D64: Off White | E64: 15 | F64: 1 | G64: 1350 | H64: 0.2 | I64: 0.88 | J64: =E64*G64*(1-H64)*1440/1000000*2.77 -> 64.61856 | K64: =(IF(G64<L64,L64,G64)*(1-IF(H64<N64,H64,N64))*E64*O64*Q64)/100000000 -> 10.428227 | L64: 1250 | M64: =+L64-L64*0.2 -> 1000 | N64: =1-(M64/L64) -> 0.2 | O64: =+'[1]Trim Rwd'!H55 -> 262.74194 | P64: =O64*(Q64-R64-S64) -> 56489.516 | Q64: 245 | R64: 0 | S64: 30 | T64: =E64*M64*O64*Q64/100000000 -> 9.6557661 | U64: =E64*M64*O64*(Q64-R64-S64)/100000000 -> 8.4734274 | V64: =E64*G64*(1-N64)*O64/100*(R64+S64)/1000000 -> 1.2769258 | W64: =+'[1]13'!K19/1000 -> 22.653 | X64: =SUM(W64:W68)/SUM(K64:K68) -> 0.67228889 | Y64: 0 | Z64: =+('[1]13'!D7+'[1]13'!D18)/1000 -> 0.865 | AA64: =SUM(U64:U68)-SUM(W64:W68)-SUM(Z64:Z68)-SUM(Y64:Y68) -> -8.5463677 | AB64: =(SUM(K64:K68)-SUM(W64:W68)-SUM(Y64:Y68)-SUM(Z64:Z68)-SUM(AC64:AC68)-SUM(V64:V68))-AA64 -> -2.1921715 | AC64: =K64-T64 -> 0.77246129 | AD64: =+AM64+BA64 -> 30 | AE64: - Sheet Breaks (6x) | AF64: 30 | AM64: =SUM(AF64:AL64)+AT64+AV64+AX64 -> 30 | AR64: =SUM(AN64:AQ64) -> 0 | BA64: =+AR64+AS64+AU64+AW64+AY64+AZ64 -> 0 | BB64: 6
B65: Facial | C65: =(M65*E65*O65*Q65)/100000000 -> 20.74136 | D65: Off White | E65: 12.5 | F65: 1 | G65: 1700 | H65: 0.24 | I65: 0.88 | J65: =E65*G65*(1-H65)*1440/1000000*2.77 -> 64.41912 | K65: =(IF(G65<L65,L65,G65)*(1-IF(H65<N65,H65,N65))*E65*O65*Q65)/100000000 -> 23.3512 | L65: 1510 | M65: =+L65-L65*0.2 -> 1208 | N65: =1-(M65/L65) -> 0.2 | O65: =+'[1]Trim Rwd'!H60 -> 272 | P65: =O65*(Q65-R65-S65) -> 39440 | Q65: =155+350 -> 505 | R65: 350 | S65: 10 | T65: =E65*M65*O65*Q65/100000000 -> 20.74136 | U65: =E65*M65*O65*(Q65-R65-S65)/100000000 -> 5.95544 | V65: =E65*G65*(1-N65)*O65/100*(R65+S65)/1000000 -> 16.6464 | W65: =+'[1]13'!K16/1000 -> 3.234 | Z65: 0 | AC65: =K65-T65 -> 2.60984 | AD65: =+AM65+BA65 -> 10 | AE65: - Change Blade (8x) | AG65: 10 | AM65: =SUM(AF65:AL65)+AT65+AV65+AX65 -> 10 | AR65: =SUM(AN65:AQ65) -> 0 | BA65: =+AR65+AS65+AU65+AW65+AY65+AZ65 -> 0 | BC65: 8
B66: Facial | C66: =(M66*E66*O66*Q66)/100000000 -> 22.444268 | D66: Off White | E66: 13 | F66: 1 | G66: 1700 | H66: 0.24 | I66: 0.88 | J66: =E66*G66*(1-H66)*1440/1000000*2.77 -> 66.995885 | K66: =(IF(G66<L66,L66,G66)*(1-IF(H66<N66,H66,N66))*E66*O66*Q66)/100000000 -> 31.533268 | L66: 1210 | M66: =+L66-L66*0.24 -> 919.6 | N66: =1-(M66/L66) -> 0.24 | O66: =+'[1]Trim Rwd'!H61 -> 272.09091 | P66: =O66*(Q66-R66-S66) -> 182845.09 | Q66: 690 | R66: 0 | S66: 18 | T66: =E66*M66*O66*Q66/100000000 -> 22.444268 | U66: =E66*M66*O66*(Q66-R66-S66)/100000000 -> 21.858765 | V66: =E66*G66*(1-N66)*O66/100*(R66+S66)/1000000 -> 0.822607 | W66: =+'[1]13'!K15/1000 -> 16.794 | Z66: 0 | AC66: =K66-T66 -> 9.0890009 | AD66: =+AM66+BA66 -> 18 | AE66: - Change Spool (23x) | AH66: 18 | AM66: =SUM(AF66:AL66)+AT66+AV66+AX66 -> 18 | AR66: =SUM(AN66:AQ66) -> 0 | BA66: =+AR66+AS66+AU66+AW66+AY66+AZ66 -> 0
B67: Sanitary Napkin | E67: 13 | W67: =+'[1]13'!K17/1000 -> 0.391 | Z67: =+'[1]13'!D16/1000 -> 0.06 | AD67: =+AM67+BA67 -> 350 | AE67: - PM STOP Ganti Felt | AM67: =SUM(AF67:AL67)+AT67+AV67+AX67 -> 0 | AN67: 350 | AR67: =SUM(AN67:AQ67) -> 350 | BA67: =+AR67+AS67+AU67+AW67+AY67+AZ67 -> 350
B68: Sanitary Napkin | E68: 14 | W68: =+'[1]13'!K18/1000 -> 0.837
A70: 45975 | B70: Facial | C70: =(M70*E70*O70*Q70)/100000000 -> 7.4065766 | D70: Off White | E70: 13 | F70: 1 | G70: 1700 | H70: 0.24 | I70: 0.88 | J70: =E70*G70*(1-H70)*1440/1000000*2.77 -> 66.995885 | K70: =(IF(G70<L70,L70,G70)*(1-IF(H70<N70,H70,N70))*E70*O70*Q70)/100000000 -> 9.6855232 | L70: 1300 | M70: 988 | N70: =1-(M70/L70) -> 0.24 | O70: =+'[1]Trim Rwd'!H64 -> 270.73077 | P70: =O70*(Q70-R70-S70) -> 50897.385 | Q70: 213 | R70: 0 | S70: 25 | T70: =E70*M70*O70*Q70/100000000 -> 7.4065766 | U70: =E70*M70*O70*(Q70-R70-S70)/100000000 -> 6.5372601 | V70: =E70*G70*(1-N70)*O70/100*(R70+S70)/1000000 -> 1.1367985 | W70: =+'[1]14'!K15/1000 -> 13.165 | X70: =SUM(W70:W73)/SUM(K70:K73) -> 0.76772462 | Y70: 0 | Z70: 0 | AA70: =SUM(U70:U73)-SUM(W70:W73)-SUM(Z70:Z73)-SUM(Y70:Y73) -> 2.335158 | AB70: =(SUM(K70:K73)-SUM(W70:W73)-SUM(Y70:Y73)-SUM(Z70:Z73)-SUM(AC70:AC73)-SUM(V70:V73))-AA70 -> -0.53548546 | AC70: =K70-T70 -> 2.2789466 | AD70: =+AM70+BA70 -> 0 | AE70: - Sheet Breaks (0x) | AF70: 0 | AM70: =SUM(AF70:AL70)+AT70+AV70+AX70 -> 0 | AR70: =SUM(AN70:AQ70) -> 0 | BA70: =+AR70+AS70+AU70+AW70+AY70+AZ70 -> 0 | BB70: 0
B71: Facial | C71: =(M71*E71*O71*Q71)/100000000 -> 45.214117 | D71: Off White | E71: 12.5 | F71: 1 | G71: 1700 | H71: 0.24 | I71: 0.88 | J71: =E71*G71*(1-H71)*1440/1000000*2.77 -> 64.41912 | K71: =(IF(G71<L71,L71,G71)*(1-IF(H71<N71,H71,N71))*E71*O71*Q71)/100000000 -> 52.521678 | L71: 1463.4719 | M71: 1112.2386 | N71: =1-(M71/L71) -> 0.24 | O71: =+'[1]Trim Rwd'!H66 -> 265.04615 | P71: =O71*(Q71-R71-S71) -> 313284.55 | Q71: 1227 | R71: 0 | S71: 45 | T71: =E71*M71*O71*Q71/100000000 -> 45.214117 | U71: =E71*M71*O71*(Q71-R71-S71)/100000000 -> 43.555898 | V71: =E71*G71*(1-N71)*O71/100*(R71+S71)/1000000 -> 1.9262229 | W71: =+'[1]14'!K16/1000 -> 34.593 | Z71: =+'[1]9'!D58/1000 -> 0 | AC71: =K71-T71 -> 7.307561 | AD71: =+AM71+BA71 -> 19 | AE71: - Change Blade (11x) | AG71: 19 | AM71: =SUM(AF71:AL71)+AT71+AV71+AX71 -> 19 | AR71: =SUM(AN71:AQ71) -> 0 | BA71: =+AR71+AS71+AU71+AW71+AY71+AZ71 -> 0 | BC71: 11
AD72: =+AM72+BA72 -> 38 | AE72: - Change Spool (25x) | AH72: 38 | AM72: =SUM(AF72:AL72)+AT72+AV72+AX72 -> 38 | AR72: =SUM(AN72:AQ72) -> 0 | BA72: =+AR72+AS72+AU72+AW72+AY72+AZ72 -> 0
AD73: =+AM73+BA73 -> 13 | AE73: - 09.10 pm sirkulasi di utm, med ganti selang hidrolis yang bocor | AJ73: 13 | AM73: =SUM(AF73:AL73)+AT73+AV73+AX73 -> 13 | AR73: =SUM(AN73:AQ73) -> 0 | BA73: =+AR73+AS73+AU73+AW73+AY73+AZ73 -> 0
A75: 45976 | B75: Facial | C75: =(M75*E75*O75*Q75)/100000000 -> 29.666182 | D75: Off White | E75: 12.5 | F75: 1 | G75: 1700 | H75: 0.24 | I75: 0.88 | J75: =E75*G75*(1-H75)*1440/1000000*2.77 -> 64.41912 | K75: =(IF(G75<L75,L75,G75)*(1-IF(H75<N75,H75,N75))*E75*O75*Q75)/100000000 -> 32.7522 | L75: 1539.8205 | M75: 1170.2636 | N75: =1-(M75/L75) -> 0.24 | O75: =+'[1]Trim Rwd'!H69 -> 260 | P75: =O75*(Q75-R75-S75) -> 193440 | Q75: 780 | R75: 0 | S75: 36 | T75: =E75*M75*O75*Q75/100000000 -> 29.666182 | U75: =E75*M75*O75*(Q75-R75-S75)/100000000 -> 28.296974 | V75: =E75*G75*(1-N75)*O75/100*(R75+S75)/1000000 -> 1.51164 | W75: =+'[1]15'!K16/1000 -> 28.22 | X75: =SUM(W75:W78)/SUM(K75:K78) -> 0.7834213 | Y75: 0 | Z75: =+'[1]15'!D7/1000 -> 0.29 | AA75: =SUM(U75:U78)-SUM(W75:W78)-SUM(Z75:Z78)-SUM(Y75:Y78) -> 4.9043108 | AB75: =(SUM(K75:K78)-SUM(W75:W78)-SUM(Y75:Y78)-SUM(Z75:Z78)-SUM(AC75:AC78)-SUM(V75:V78))-AA75 -> -0.1922268 | AC75: =K75-T75 -> 3.086018 | AD75: =+AM75+BA75 -> 0 | AE75: - Sheet Breaks (0x) | AF75: 0 | AM75: =SUM(AF75:AL75)+AT75+AV75+AX75 -> 0 | AR75: =SUM(AN75:AQ75) -> 0 | BA75: =+AR75+AS75+AU75+AW75+AY75+AZ75 -> 0 | BB75: 0
B76: Facial | C76: =(M76*E76*O76*Q76)/100000000 -> 24.332616 | D76: Off White | E76: 12 | F76: 1 | G76: 1700 | H76: 0.24 | I76: 0.88 | J76: =E76*G76*(1-H76)*1440/1000000*2.77 -> 61.842355 | K76: =(IF(G76<L76,L76,G76)*(1-IF(H76<N76,H76,N76))*E76*O76*Q76)/100000000 -> 26.86068 | L76: 1540 | M76: =+L76-L76*0.24 -> 1170.4 | N76: =1-(M76/L76) -> 0.24 | O76: =+'[1]Trim Rwd'!H70 -> 262.5 | P76: =O76*(Q76-R76-S76) -> 169837.5 | Q76: 660 | R76: 0 | S76: 13 | T76: =E76*M76*O76*Q76/100000000 -> 24.332616 | U76: =E76*M76*O76*(Q76-R76-S76)/100000000 -> 23.853337 | V76: =E76*G76*(1-N76)*O76/100*(R76+S76)/1000000 -> 0.529074 | W76: =+'[1]15'!K14/1000 -> 18.482 | Z76: =+'[1]15'!D17/1000 -> 0.254 | AC76: =K76-T76 -> 2.528064 | AD76: =+AM76+BA76 -> 13 | AE76: - Change Blade (12x) | AG76: 13 | AM76: =SUM(AF76:AL76)+AT76+AV76+AX76 -> 13 | AR76: =SUM(AN76:AQ76) -> 0 | BA76: =+AR76+AS76+AU76+AW76+AY76+AZ76 -> 0 | BC76: 12
AD77: =+AM77+BA77 -> 36 | AE77: - Change Spool (23x) | AH77: 36 | AM77: =SUM(AF77:AL77)+AT77+AV77+AX77 -> 36 | AR77: =SUM(AN77:AQ77) -> 0 | BA77: =+AR77+AS77+AU77+AW77+AY77+AZ77 -> 0
A79: 45977 | B79: Facial | C79: =(M79*E79*O79*Q79)/100000000 -> 6.083154 | D79: Off White | E79: 12 | F79: 1 | G79: 1700 | H79: 0.24 | I79: 0.88 | J79: =E79*G79*(1-H79)*1440/1000000*2.77 -> 61.842355 | K79: =(IF(G79<L79,L79,G79)*(1-IF(H79<N79,H79,N79))*E79*O79*Q79)/100000000 -> 6.71517 | L79: 1540 | M79: =+L79-L79*0.24 -> 1170.4 | N79: =1-(M79/L79) -> 0.24 | O79: =+'[1]Trim Rwd'!H72 -> 262.5 | P79: =O79*(Q79-R79-S79) -> 42525 | Q79: 165 | R79: 0 | S79: 3 | T79: =E79*M79*O79*Q79/100000000 -> 6.083154 | U79: =E79*M79*O79*(Q79-R79-S79)/100000000 -> 5.9725512 | V79: =E79*G79*(1-N79)*O79/100*(R79+S79)/1000000 -> 0.122094 | W79: =+'[1]16'!K14/1000 -> 10.789 | X79: =SUM(W79:W82)/SUM(K79:K82) -> 0.85703249 | Y79: 0 | Z79: =+'[1]16'!D7/1000 -> 0.27 | AA79: =SUM(U79:U82)-SUM(W79:W82)-SUM(Z79:Z82)-SUM(Y79:Y82) -> 2.0269672 | AB79: =(SUM(K79:K82)-SUM(W79:W82)-SUM(Y79:Y82)-SUM(Z79:Z82)-SUM(AC79:AC82)-SUM(V79:V82))-AA79 -> -0.11361088 | AC79: =K79-T79 -> 0.632016 | AD79: =+AM79+BA79 -> 0 | AE79: - Sheet Breaks (0x) | AF79: 0 | AM79: =SUM(AF79:AL79)+AT79+AV79+AX79 -> 0 | AR79: =SUM(AN79:AQ79) -> 0 | BA79: =+AR79+AS79+AU79+AW79+AY79+AZ79 -> 0 | BB79: 0
B80: Facial | C80: =(M80*E80*O80*Q80)/100000000 -> 53.040424 | D80: Off White | E80: 13 | F80: 1 | G80: 1700 | H80: 0.24 | I80: 0.88 | J80: =E80*G80*(1-H80)*1440/1000000*2.77 -> 66.995885 | K80: =(IF(G80<L80,L80,G80)*(1-IF(H80<N80,H80,N80))*E80*O80*Q80)/100000000 -> 58.248528 | L80: 1548 | M80: =+L80-L80*0.24 -> 1176.48 | N80: =1-(M80/L80) -> 0.24 | O80: =+'[1]Trim Rwd'!H73 -> 272 | P80: =O80*(Q80-R80-S80) -> 340000 | Q80: 1275 | R80: 0 | S80: 25 | T80: =E80*M80*O80*Q80/100000000 -> 53.040424 | U80: =E80*M80*O80*(Q80-R80-S80)/100000000 -> 52.000416 | V80: =E80*G80*(1-N80)*O80/100*(R80+S80)/1000000 -> 1.142128 | W80: =+'[1]16'!K15/1000 -> 44.887 | Z80: 0 | AC80: =K80-T80 -> 5.2081037 | AD80: =+AM80+BA80 -> 13 | AE80: - Change Blade (14x) | AG80: 13 | AM80: =SUM(AF80:AL80)+AT80+AV80+AX80 -> 13 | AR80: =SUM(AN80:AQ80) -> 0 | BA80: =+AR80+AS80+AU80+AW80+AY80+AZ80 -> 0 | BC80: 14
AD81: =+AM81+BA81 -> 15 | AE81: - Change Spool (24x) | AH81: 15 | AM81: =SUM(AF81:AL81)+AT81+AV81+AX81 -> 15 | AR81: =SUM(AN81:AQ81) -> 0 | BA81: =+AR81+AS81+AU81+AW81+AY81+AZ81 -> 0
A83: 45978 | B83: Facial | C83: =(M83*E83*O83*Q83)/100000000 -> 27.908234 | D83: Off White | E83: 13 | F83: 1 | G83: 1700 | H83: 0.24 | I83: 0.88 | J83: =E83*G83*(1-H83)*1440/1000000*2.77 -> 66.995885 | K83: =(IF(G83<L83,L83,G83)*(1-IF(H83<N83,H83,N83))*E83*O83*Q83)/100000000 -> 30.60903 | L83: 1550 | M83: 1178 | N83: =1-(M83/L83) -> 0.24 | O83: =+'[1]Trim Rwd'!H75 -> 272 | P83: =O83*(Q83-R83-S83) -> 119680 | Q83: =471+199 -> 670 | R83: 199 | S83: 31 | T83: =E83*M83*O83*Q83/100000000 -> 27.908234 | U83: =E83*M83*O83*(Q83-R83-S83)/100000000 -> 18.327795 | V83: =E83*G83*(1-N83)*O83/100*(R83+S83)/1000000 -> 10.507578 | W83: =+'[1]17'!K15/1000 -> 21.671 | X83: =SUM(W83:W86)/SUM(K83:K86) -> 0.72804333 | Y83: 0 | Z83: =+'[1]17'!D7/1000 -> 0.8 | AA83: =SUM(U83:U86)-SUM(W83:W86)-SUM(Z83:Z86)-SUM(Y83:Y86) -> -0.28510801 | AB83: =(SUM(K83:K86)-SUM(W83:W86)-SUM(Y83:Y86)-SUM(Z83:Z86)-SUM(AC83:AC86)-SUM(V83:V86))-AA83 -> -1.0306122 | AC83: =K83-T83 -> 2.7007968 | AD83: =+AM83+BA83 -> 15 | AE83: - Sheet Breaks (3x) | AF83: 15 | AM83: =SUM(AF83:AL83)+AT83+AV83+AX83 -> 15 | AR83: =SUM(AN83:AQ83) -> 0 | BA83: =+AR83+AS83+AU83+AW83+AY83+AZ83 -> 0 | BB83: 3
B84: Facial | C84: =(M84*E84*O84*Q84)/100000000 -> 29.289435 | D84: Off White | E84: 12 | F84: 1 | G84: 1700 | H84: 0.24 | I84: 0.88 | J84: =E84*G84*(1-H84)*1440/1000000*2.77 -> 61.842355 | K84: =(IF(G84<L84,L84,G84)*(1-IF(H84<N84,H84,N84))*E84*O84*Q84)/100000000 -> 31.565841 | L84: 1577.4026 | M84: 1198.826 | N84: =1-(M84/L84) -> 0.24 | O84: =+'[1]Trim Rwd'!H76 -> 264.41304 | P84: =O84*(Q84-R84-S84) -> 194343.59 | Q84: 770 | R84: 0 | S84: 35 | T84: =E84*M84*O84*Q84/100000000 -> 29.289435 | U84: =E84*M84*O84*(Q84-R84-S84)/100000000 -> 27.958097 | V84: =E84*G84*(1-N84)*O84/100*(R84+S84)/1000000 -> 1.4348109 | W84: =+'[1]17'!K14/1000 -> 23.595 | Z84: =+('[1]17'!D17+'[1]17'!D25)/1000 -> 0.505 | AC84: =K84-T84 -> 2.2764059 | AD84: =+AM84+BA84 -> 16 | AE84: - Change Blade (11x) | AG84: 16 | AM84: =SUM(AF84:AL84)+AT84+AV84+AX84 -> 16 | AR84: =SUM(AN84:AQ84) -> 0 | BA84: =+AR84+AS84+AU84+AW84+AY84+AZ84 -> 0 | BC84: 11
AD85: =+AM85+BA85 -> 30 | AE85: - Change Spool (30x) | AH85: 30 | AM85: =SUM(AF85:AL85)+AT85+AV85+AX85 -> 30 | AR85: =SUM(AN85:AQ85) -> 0 | BA85: =+AR85+AS85+AU85+AW85+AY85+AZ85 -> 0
AD86: =+AM86+BA86 -> 5 | AE86: - Change Grade | AI86: 5 | AM86: =SUM(AF86:AL86)+AT86+AV86+AX86 -> 5 | AR86: =SUM(AN86:AQ86) -> 0 | BA86: =+AR86+AS86+AU86+AW86+AY86+AZ86 -> 0
AD87: =+AM87+BA87 -> 199 | AE87: - 13.45 pm ganti wire | AM87: =SUM(AF87:AL87)+AT87+AV87+AX87 -> 0 | AR87: =SUM(AN87:AQ87) -> 0 | AS87: 199 | BA87: =+AR87+AS87+AU87+AW87+AY87+AZ87 -> 199
A89: 45979 | B89: Facial | C89: =(M89*E89*O89*Q89)/100000000 -> 9.8683416 | D89: Off White | E89: 12 | F89: 1 | G89: 1700 | H89: 0.24 | I89: 0.88 | J89: =E89*G89*(1-H89)*1440/1000000*2.77 -> 61.842355 | K89: =(IF(G89<L89,L89,G89)*(1-IF(H89<N89,H89,N89))*E89*O89*Q89)/100000000 -> 10.823342 | L89: 1550 | M89: 1178 | N89: =1-(M89/L89) -> 0.24 | O89: =+'[1]Trim Rwd'!H79 -> 268.5 | P89: =O89*(Q89-R89-S89) -> 67125 | Q89: 260 | R89: 0 | S89: 10 | T89: =E89*M89*O89*Q89/100000000 -> 9.8683416 | U89: =E89*M89*O89*(Q89-R89-S89)/100000000 -> 9.48879 | V89: =E89*G89*(1-N89)*O89/100*(R89+S89)/1000000 -> 0.4162824 | W89: =+'[1]18'!K14/1000 -> 13.865 | X89: =SUM(W89:W92)/SUM(K89:K92) -> 0.70191175 | Y89: 0 | Z89: =+'[1]17'!D13/1000 -> 0 | AA89: =SUM(U89:U92)-SUM(W89:W92)-SUM(Z89:Z92)-SUM(Y89:Y92) -> 4.7909502 | AB89: =(SUM(K89:K92)-SUM(W89:W92)-SUM(Y89:Y92)-SUM(Z89:Z92)-SUM(AC89:AC92)-SUM(V89:V92))-AA89 -> -0.52843786 | AC89: =K89-T89 -> 0.9550008 | AD89: =+AM89+BA89 -> 10 | AE89: - Sheet Breaks (2x) | AF89: 10 | AM89: =SUM(AF89:AL89)+AT89+AV89+AX89 -> 10 | AR89: =SUM(AN89:AQ89) -> 0 | BA89: =+AR89+AS89+AU89+AW89+AY89+AZ89 -> 0 | BB89: 2
B90: Facial | C90: =(M90*E90*O90*Q90)/100000000 -> 51.490882 | D90: Off White | E90: 13 | F90: 1 | G90: 1700 | H90: 0.24 | I90: 0.88 | J90: =E90*G90*(1-H90)*1440/1000000*2.77 -> 66.995885 | K90: =(IF(G90<L90,L90,G90)*(1-IF(H90<N90,H90,N90))*E90*O90*Q90)/100000000 -> 53.908442 | L90: 1623.7624 | M90: 1234.0594 | N90: =1-(M90/L90) -> 0.24 | O90: =+'[1]Trim Rwd'!H80 -> 272 | P90: =O90*(Q90-R90-S90) -> 255680 | Q90: 1180 | R90: 170 | S90: =55+15 -> 70 | T90: =E90*M90*O90*Q90/100000000 -> 51.490882 | U90: =E90*M90*O90*(Q90-R90-S90)/100000000 -> 41.01816 | V90: =E90*G90*(1-N90)*O90/100*(R90+S90)/1000000 -> 10.964429 | W90: =+'[1]18'!K15/1000 -> 31.571 | Z90: =+'[1]18'!D16/1000 -> 0.28 | AC90: =K90-T90 -> 2.4175597 | AD90: =+AM90+BA90 -> 15 | AE90: - Change Blade (11x) | AG90: 15 | AM90: =SUM(AF90:AL90)+AT90+AV90+AX90 -> 15 | AR90: =SUM(AN90:AQ90) -> 0 | BA90: =+AR90+AS90+AU90+AW90+AY90+AZ90 -> 0 | BC90: 11
AD91: =+AM91+BA91 -> 25 | AE91: - Change Spool (27x) | AH91: 25 | AM91: =SUM(AF91:AL91)+AT91+AV91+AX91 -> 25 | AR91: =SUM(AN91:AQ91) -> 0 | BA91: =+AR91+AS91+AU91+AW91+AY91+AZ91 -> 0
AD92: =+AM92+BA92 -> 140 | AE92: - 15.40 Pm trip Outled presure low lubrication nipcoplex, perbaikan mekanik | AM92: =SUM(AF92:AL92)+AT92+AV92+AX92 -> 0 | AO92: 140 | AR92: =SUM(AN92:AQ92) -> 140 | BA92: =+AR92+AS92+AU92+AW92+AY92+AZ92 -> 140
AD93: =+AM93+BA93 -> 30 | AE93: - 21.00 Med perbaikan piston lock spool clamp. | AM93: =SUM(AF93:AL93)+AT93+AV93+AX93 -> 0 | AO93: 30 | AR93: =SUM(AN93:AQ93) -> 30 | BA93: =+AR93+AS93+AU93+AW93+AY93+AZ93 -> 30
AD94: =+AM94+BA94 -> 30 | AE94: - Change spool manual pakai crane, piston spool clamp repair Med. | AJ94: 30 | AM94: =SUM(AF94:AL94)+AT94+AV94+AX94 -> 30 | AR94: =SUM(AN94:AQ94) -> 0 | BA94: =+AR94+AS94+AU94+AW94+AY94+AZ94 -> 0
A96: 45980 | B96: Facial | C96: =(M96*E96*O96*Q96)/100000000 -> 65.141606 | D96: Off White | E96: 13 | F96: 1 | G96: 1700 | H96: 0.24 | I96: 0.88 | J96: =E96*G96*(1-H96)*1440/1000000*2.77 -> 66.995885 | K96: =(IF(G96<L96,L96,G96)*(1-IF(H96<N96,H96,N96))*E96*O96*Q96)/100000000 -> 65.786573 | L96: 1683.3333 | M96: 1279.3333 | N96: =1-(M96/L96) -> 0.24 | O96: =+'[1]Trim Rwd'!H82 -> 272 | P96: =O96*(Q96-R96-S96) -> 374272 | Q96: 1440 | R96: 0 | S96: 64 | T96: =E96*M96*O96*Q96/100000000 -> 65.141606 | U96: =E96*M96*O96*(Q96-R96-S96)/100000000 -> 62.246424 | V96: =E96*G96*(1-N96)*O96/100*(R96+S96)/1000000 -> 2.9238477 | W96: =+'[1]19'!K34/1000 -> 62.713 | X96: =SUM(W96:W99)/SUM(K96:K99) -> 0.95327963 | Y96: 0 | Z96: =+'[1]19'!D34/1000 -> 0.263 | AA96: =SUM(U96:U99)-SUM(W96:W99)-SUM(Z96:Z99)-SUM(Y96:Y99) -> -0.72957611 | AB96: =(SUM(K96:K99)-SUM(W96:W99)-SUM(Y96:Y99)-SUM(Z96:Z99)-SUM(AC96:AC99)-SUM(V96:V99))-AA96 -> -0.028665173 | AC96: =K96-T96 -> 0.6449664 | AD96: =+AM96+BA96 -> 0 | AE96: - Sheet Breaks (0x) | AF96: 0 | AM96: =SUM(AF96:AL96)+AT96+AV96+AX96 -> 0 | AR96: =SUM(AN96:AQ96) -> 0 | BA96: =+AR96+AS96+AU96+AW96+AY96+AZ96 -> 0 | BB96: 0
AD97: =+AM97+BA97 -> 17 | AE97: - Change Blade (15x) | AG97: 17 | AM97: =SUM(AF97:AL97)+AT97+AV97+AX97 -> 17 | AR97: =SUM(AN97:AQ97) -> 0 | BA97: =+AR97+AS97+AU97+AW97+AY97+AZ97 -> 0 | BC97: 15
AD98: =+AM98+BA98 -> 22 | AE98: - Change Spool (26x) | AH98: 22 | AM98: =SUM(AF98:AL98)+AT98+AV98+AX98 -> 22 | AR98: =SUM(AN98:AQ98) -> 0 | BA98: =+AR98+AS98+AU98+AW98+AY98+AZ98 -> 0
AD99: =+AM99+BA99 -> 25 | AE99: - 03.23 Kertas sirkulasi/UTM | AF99: 25 | AM99: =SUM(AF99:AL99)+AT99+AV99+AX99 -> 25 | AR99: =SUM(AN99:AQ99) -> 0 | BA99: =+AR99+AS99+AU99+AW99+AY99+AZ99 -> 0
A101: 45981 | B101: Facial | C101: =(M101*E101*O101*Q101)/100000000 -> 62.948721 | D101: Off White | E101: 13 | F101: 1 | G101: 1700 | H101: 0.24 | I101: 0.88 | J101: =E101*G101*(1-H101)*1440/1000000*2.77 -> 66.995885 | K101: =(IF(G101<L101,L101,G101)*(1-IF(H101<N101,H101,N101))*E101*O101*Q101)/100000000 -> 65.786573 | L101: 1626.6667 | M101: 1236.2667 | N101: =1-(M101/L101) -> 0.24 | O101: =+'[1]Trim Rwd'!H84 -> 272 | P101: =O101*(Q101-R101-S101) -> 379168 | Q101: 1440 | R101: 0 | S101: 46 | T101: =E101*M101*O101*Q101/100000000 -> 62.948721 | U101: =E101*M101*O101*(Q101-R101-S101)/100000000 -> 60.937859 | V101: =E101*G101*(1-N101)*O101/100*(R101+S101)/1000000 -> 2.1015155 | W101: =+'[1]20'!K34/1000 -> 57.715 | X101: =SUM(W101:W104)/SUM(K101:K104) -> 0.87730668 | Y101: 0 | Z101: =+'[1]20'!D34/1000 -> 2.325 | AA101: =SUM(U101:U104)-SUM(W101:W104)-SUM(Z101:Z104)-SUM(Y101:Y104) -> 0.89785873 | AB101: =(SUM(K101:K104)-SUM(W101:W104)-SUM(Y101:Y104)-SUM(Z101:Z104)-SUM(AC101:AC104)-SUM(V101:V104))-AA101 -> -0.090653611 | AC101: =K101-T101 -> 2.8378522 | AD101: =+AM101+BA101 -> 10 | AE101: - Sheet Breaks (2x) | AF101: 10 | AM101: =SUM(AF101:AL101)+AT101+AV101+AX101 -> 10 | AR101: =SUM(AN101:AQ101) -> 0 | BA101: =+AR101+AS101+AU101+AW101+AY101+AZ101 -> 0 | BB101: 2
AD102: =+AM102+BA102 -> 11 | AE102: - Change Blade (14x) | AG102: 11 | AM102: =SUM(AF102:AL102)+AT102+AV102+AX102 -> 11 | AR102: =SUM(AN102:AQ102) -> 0 | BA102: =+AR102+AS102+AU102+AW102+AY102+AZ102 -> 0 | BC102: 14
AD103: =+AM103+BA103 -> 25 | AE103: - Change Spool (27x) | AH103: 25 | AM103: =SUM(AF103:AL103)+AT103+AV103+AX103 -> 25 | AR103: =SUM(AN103:AQ103) -> 0 | BA103: =+AR103+AS103+AU103+AW103+AY103+AZ103 -> 0
A105: 45982 | B105: Facial | C105: =(M105*E105*O105*Q105)/100000000 -> 64.367647 | D105: Off White | E105: 13 | F105: 1 | G105: 1700 | H105: 0.24 | I105: 0.88 | J105: =E105*G105*(1-H105)*1440/1000000*2.77 -> 66.995885 | K105: =(IF(G105<L105,L105,G105)*(1-IF(H105<N105,H105,N105))*E105*O105*Q105)/100000000 -> 65.786573 | L105: 1663.3333 | M105: 1264.1333 | N105: =1-(M105/L105) -> 0.24 | O105: =+'[1]Trim Rwd'!H86 -> 272 | P105: =O105*(Q105-R105-S105) -> 351696 | Q105: 1440 | R105: 0 | S105: 147 | T105: =E105*M105*O105*Q105/100000000 -> 64.367647 | U105: =E105*M105*O105*(Q105-R105-S105)/100000000 -> 57.796783 | V105: =E105*G105*(1-N105)*O105/100*(R105+S105)/1000000 -> 6.7157126 | W105: =+'[1]21'!K34/1000 -> 56.138 | X105: =SUM(W105:W108)/SUM(K105:K108) -> 0.85333523 | Y105: 0 | Z105: =+'[1]21'!D34/1000 -> 0.823 | AA105: =SUM(U105:U108)-SUM(W105:W108)-SUM(Z105:Z108)-SUM(Y105:Y108) -> 0.83578278 | AB105: =(SUM(K105:K108)-SUM(W105:W108)-SUM(Y105:Y108)-SUM(Z105:Z108)-SUM(AC105:AC108)-SUM(V105:V108))-AA105 -> -0.1448487 | AC105: =K105-T105 -> 1.4189261 | AD105: =+AM105+BA105 -> 0 | AE105: - Sheet Breaks (0x) | AF105: 0 | AM105: =SUM(AF105:AL105)+AT105+AV105+AX105 -> 0 | AR105: =SUM(AN105:AQ105) -> 0 | BA105: =+AR105+AS105+AU105+AW105+AY105+AZ105 -> 0 | BB105: 0
AD106: =+AM106+BA106 -> 19 | AE106: - Change Blade (13x) | AG106: 19 | AM106: =SUM(AF106:AL106)+AT106+AV106+AX106 -> 19 | AR106: =SUM(AN106:AQ106) -> 0 | BA106: =+AR106+AS106+AU106+AW106+AY106+AZ106 -> 0 | BC106: 13
AD107: =+AM107+BA107 -> 28 | AE107: - Change Spool (25x) | AH107: 28 | AM107: =SUM(AF107:AL107)+AT107+AV107+AX107 -> 28 | AR107: =SUM(AN107:AQ107) -> 0 | BA107: =+AR107+AS107+AU107+AW107+AY107+AZ107 -> 0
AD108: =+AM108+BA108 -> 86 | AE108: - Crane Macet Tidak Bisa Naik, Change Spool Manual Pakai Crane & Primary arm eror perbaikan eid | AK108: 86 | AM108: =SUM(AF108:AL108)+AT108+AV108+AX108 -> 86 | AR108: =SUM(AN108:AQ108) -> 0 | BA108: =+AR108+AS108+AU108+AW108+AY108+AZ108 -> 0
AD109: =+AM109+BA109 -> 14 | AE109: - Med Pasang Piston Lock Pope Reel Kertas Di sirkulasi di UTM | AJ109: 14 | AM109: =SUM(AF109:AL109)+AT109+AV109+AX109 -> 14 | AR109: =SUM(AN109:AQ109) -> 0 | BA109: =+AR109+AS109+AU109+AW109+AY109+AZ109 -> 0
A111: 45983 | B111: Facial | C111: =(M111*E111*O111*Q111)/100000000 -> 64.625633 | D111: Off White | E111: 13 | F111: 1 | G111: 1700 | H111: 0.24 | I111: 0.88 | J111: =E111*G111*(1-H111)*1440/1000000*2.77 -> 66.995885 | K111: =(IF(G111<L111,L111,G111)*(1-IF(H111<N111,H111,N111))*E111*O111*Q111)/100000000 -> 65.786573 | L111: 1670 | M111: 1269.2 | N111: =1-(M111/L111) -> 0.24 | O111: =+'[1]Trim Rwd'!H88 -> 272 | P111: =O111*(Q111-R111-S111) -> 318240 | Q111: 1440 | R111: 222 | S111: 48 | T111: =E111*M111*O111*Q111/100000000 -> 64.625633 | U111: =E111*M111*O111*(Q111-R111-S111)/100000000 -> 52.508327 | V111: =E111*G111*(1-N111)*O111/100*(R111+S111)/1000000 -> 12.334982 | W111: =+'[1]22'!K34/1000 -> 54.898 | X111: =SUM(W111:W114)/SUM(K111:K114) -> 0.8344864 | Y111: 0 | Z111: =+'[1]22'!D34/1000 -> 1.624 | AA111: =SUM(U111:U114)-SUM(W111:W114)-SUM(Z111:Z114)-SUM(Y111:Y114) -> -4.013673 | AB111: =(SUM(K111:K114)-SUM(W111:W114)-SUM(Y111:Y114)-SUM(Z111:Z114)-SUM(AC111:AC114)-SUM(V111:V114))-AA111 -> -0.21767616 | AC111: =K111-T111 -> 1.1609395 | AD111: =+AM111+BA111 -> 10 | AE111: - Sheet Breaks (2x) | AF111: 10 | AM111: =SUM(AF111:AL111)+AT111+AV111+AX111 -> 10 | AR111: =SUM(AN111:AQ111) -> 0 | BA111: =+AR111+AS111+AU111+AW111+AY111+AZ111 -> 0 | BB111: 2
AD112: =+AM112+BA112 -> 13 | AE112: - Change Blade (11x) | AG112: 13 | AM112: =SUM(AF112:AL112)+AT112+AV112+AX112 -> 13 | AR112: =SUM(AN112:AQ112) -> 0 | BA112: =+AR112+AS112+AU112+AW112+AY112+AZ112 -> 0 | BC112: 11
AD113: =+AM113+BA113 -> 25 | AE113: - Change Spool (22x) | AH113: 25 | AM113: =SUM(AF113:AL113)+AT113+AV113+AX113 -> 25 | AR113: =SUM(AN113:AQ113) -> 0 | BA113: =+AR113+AS113+AU113+AW113+AY113+AZ113 -> 0
AD114: =+AM114+BA114 -> 222 | AE114: - 03.18 selang hidrolis spool clamp pecah sebelah DS, pm sirkulasi di utm, perbaikan mekanik | AM114: =SUM(AF114:AL114)+AT114+AV114+AX114 -> 0 | AO114: 222 | AR114: =SUM(AN114:AQ114) -> 222 | BA114: =+AR114+AS114+AU114+AW114+AY114+AZ114 -> 222
A116: 45984 | B116: Facial | C116: =(M116*E116*O116*Q116)/100000000 -> 64.148264 | D116: Off White | E116: 13 | F116: 1 | G116: 1700 | H116: 0.24 | I116: 0.88 | J116: =E116*G116*(1-H116)*1440/1000000*2.77 -> 66.995885 | K116: =(IF(G116<L116,L116,G116)*(1-IF(H116<N116,H116,N116))*E116*O116*Q116)/100000000 -> 65.786573 | L116: 1657.6642 | M116: 1259.8248 | N116: =1-(M116/L116) -> 0.24 | O116: =+'[1]Trim Rwd'!H90 -> 272 | P116: =O116*(Q116-R116-S116) -> 353600 | Q116: 1440 | R116: 70 | S116: 70 | T116: =E116*M116*O116*Q116/100000000 -> 64.148264 | U116: =E116*M116*O116*(Q116-R116-S116)/100000000 -> 57.911627 | V116: =E116*G116*(1-N116)*O116/100*(R116+S116)/1000000 -> 6.3959168 | W116: =+'[1]23'!K34/1000 -> 51.46 | X116: =SUM(W116:W119)/SUM(K116:K119) -> 0.78222649 | Y116: 0 | Z116: 0 | AA116: =SUM(U116:U119)-SUM(W116:W119)-SUM(Z116:Z119)-SUM(Y116:Y119) -> 6.4516272 | AB116: =(SUM(K116:K119)-SUM(W116:W119)-SUM(Y116:Y119)-SUM(Z116:Z119)-SUM(AC116:AC119)-SUM(V116:V119))-AA116 -> -0.15928002 | AC116: =K116-T116 -> 1.6383088 | AD116: =+AM116+BA116 -> 10 | AE116: - Sheet Breaks (2x) | AF116: 10 | AM116: =SUM(AF116:AL116)+AT116+AV116+AX116 -> 10 | AR116: =SUM(AN116:AQ116) -> 0 | BA116: =+AR116+AS116+AU116+AW116+AY116+AZ116 -> 0 | BB116: 2
AD117: =+AM117+BA117 -> 16 | AE117: - Change Blade (13x) | AG117: 16 | AM117: =SUM(AF117:AL117)+AT117+AV117+AX117 -> 16 | AR117: =SUM(AN117:AQ117) -> 0 | BA117: =+AR117+AS117+AU117+AW117+AY117+AZ117 -> 0 | BC117: 13
AD118: =+AM118+BA118 -> 24 | AE118: - Change Spool (26x) | AH118: 24 | AM118: =SUM(AF118:AL118)+AT118+AV118+AX118 -> 24 | AR118: =SUM(AN118:AQ118) -> 0 | BA118: =+AR118+AS118+AU118+AW118+AY118+AZ118 -> 0
AD119: =+AM119+BA119 -> 70 | AE119: - Awal Shift PM Masih Stop, Tunggu Med Perbaikan Selang Hidrolis Spool Clamp Yang Bocor | AM119: =SUM(AF119:AL119)+AT119+AV119+AX119 -> 0 | AO119: 70 | AR119: =SUM(AN119:AQ119) -> 70 | BA119: =+AR119+AS119+AU119+AW119+AY119+AZ119 -> 70
AD120: =+AM120+BA120 -> 20 | AE120: - 09.10 Kertas Masuk UTM Karena MED Pasang Selang Hydrolic Spool Clamp Sebelah DS | AJ120: 20 | AM120: =SUM(AF120:AL120)+AT120+AV120+AX120 -> 20 | AR120: =SUM(AN120:AQ120) -> 0 | BA120: =+AR120+AS120+AU120+AW120+AY120+AZ120 -> 0
A122: 45985 | B122: Facial | C122: =(M122*E122*O122*Q122)/100000000 -> 39.848609 | D122: Off White | E122: 13 | F122: 1 | G122: 1700 | H122: 0.24 | I122: 0.88 | J122: =E122*G122*(1-H122)*1440/1000000*2.77 -> 66.995885 | K122: =(IF(G122<L122,L122,G122)*(1-IF(H122<N122,H122,N122))*E122*O122*Q122)/100000000 -> 41.056142 | L122: 1650 | M122: =+L122-L122*0.24 -> 1254 | N122: =1-(M122/L122) -> 0.24 | O122: =+'[1]Trim Rwd'!H92 -> 271.6 | P122: =O122*(Q122-R122-S122) -> 230860 | Q122: 900 | R122: 0 | S122: 50 | T122: =E122*M122*O122*Q122/100000000 -> 39.848609 | U122: =E122*M122*O122*(Q122-R122-S122)/100000000 -> 37.634797 | V122: =E122*G122*(1-N122)*O122/100*(R122+S122)/1000000 -> 2.2808968 | W122: =+'[1]24'!K15/1000 -> 42.862 | X122: =SUM(W122:W125)/SUM(K122:K125) -> 0.8946207 | Y122: 0 | Z122: 0 | AA122: =SUM(U122:U125)-SUM(W122:W125)-SUM(Z122:Z125)-SUM(Y122:Y125) -> 0.04197814 | AB122: =(SUM(K122:K125)-SUM(W122:W125)-SUM(Y122:Y125)-SUM(Z122:Z125)-SUM(AC122:AC125)-SUM(V122:V125))-AA122 -> -0.17064964 | AC122: =K122-T122 -> 1.2075336 | AD122: =+AM122+BA122 -> 20 | AE122: - Sheet Breaks (4x) | AF122: 20 | AM122: =SUM(AF122:AL122)+AT122+AV122+AX122 -> 20 | AR122: =SUM(AN122:AQ122) -> 0 | BA122: =+AR122+AS122+AU122+AW122+AY122+AZ122 -> 0 | BB122: 4
B123: Facial | C123: =(M123*E123*O123*Q123)/100000000 -> 19.262986 | D123: Off White | E123: 10.3 | F123: 1 | G123: 1730 | H123: 0.16 | I123: 0.88 | J123: =E123*G123*(1-H123)*1440/1000000*2.77 -> 59.704199 | K123: =(IF(G123<L123,L123,G123)*(1-IF(H123<N123,H123,N123))*E123*O123*Q123)/100000000 -> 21.499978 | L123: 1550 | M123: =+L123-L123*0.16 -> 1302 | N123: =1-(M123/L123) -> 0.16 | O123: =+'[1]Trim Rwd'!H94 -> 266 | P123: =O123*(Q123-R123-S123) -> 136990 | Q123: 540 | R123: 0 | S123: 25 | T123: =E123*M123*O123*Q123/100000000 -> 19.262986 | U123: =E123*M123*O123*(Q123-R123-S123)/100000000 -> 18.371181 | V123: =E123*G123*(1-N123)*O123/100*(R123+S123)/1000000 -> 0.99536934 | W123: =+'[1]24'!K13/1000 -> 13.102 | AC123: =K123-T123 -> 2.2369919 | AD123: =+AM123+BA123 -> 19 | AE123: - Change Blade (14x) | AG123: 19 | AM123: =SUM(AF123:AL123)+AT123+AV123+AX123 -> 19 | AR123: =SUM(AN123:AQ123) -> 0 | BA123: =+AR123+AS123+AU123+AW123+AY123+AZ123 -> 0 | BC123: 14
AD124: =+AM124+BA124 -> 21 | AE124: - Change Spool (26x) | AH124: 21 | AM124: =SUM(AF124:AL124)+AT124+AV124+AX124 -> 21 | AR124: =SUM(AN124:AQ124) -> 0 | BA124: =+AR124+AS124+AU124+AW124+AY124+AZ124 -> 0
...

Sheet PM 12
A1: PM12 Efficiency Running Report
A3: Date | B3: Grade | C3: Speed real (ton) with Available Time | D3: Colour | E3: gsm | F3: Ply | G3: Standard | L3: Real Running | O3: Trim Rewinder (cm) | P3: Trim Rewinder x Running Time | Q3: Available Time (mnt) | R3: Down Time (mnt) | S3: Loss Time (mnt) | T3: Real Speed & Real Creepe Ratio with Available Time (ton) | U3: Real Speed & Real Creepe Ratio setelah dipotong DT & LT (ton) | V3: Loss tonase akibat DT + LT dari hitungan Teori with available time (ton) | W3: Accepted (ton) | X3: Real Eff dr Target Eff | Y3: Backlog | Z3: Reject Rewinder (ton) | AA3: Estimasi Reject to Broke Plant (ton) | AB3: Estimasi Faktor BW (ton) | AC3: Loss Opportunity in Speed (ton) | AD3: Downtime/ Losstime | AE3: Reason of Downtime / Losstime | AF3: Loss Time | AM3: Total Losstime | AN3: Unschedule Shut Down (mnt) | AS3: Schedule Shut Down | AT3: Marketing | AV3: EXT FACTOR | AX3: EXT FACTOR | AZ3: MANAGEMENT | BA3: Total Down Time | BB3: Freq. Sheets Break (X) | BC3: Freq. Change Blade (X) | BD3: Steam, & gangguan sinergy (X) | BE3: Freq, Trip PLN (X) | BF3: Cleaning Holes (X)
AF4: Proses | AI4: Change Grade | AJ4: Mekanik | AK4: Electric & Instrument | AL4: Boiler | AN4: Down Time Produksi | AO4: Mekanik | AP4: Electrical & Instrument | AQ4: Boiler | AR4: Total Unschedule Shut Down | AV4: LOSS | AW4: DOWN TIME | AX4: LOSS | AY4: DOWN TIME
G5: Yankee Speed (mpm) | H5: Max % Creeping | I5: Target Eff | J5: Kapasitas PM-Teori (ton) | K5: Teori (ton) with Available Time | L5: Yankee Speed (mpm) | M5: Popereel Speed (mpm) | N5: % Creeping | AF5: sheet break | AG5: change blade | AH5: change spool | AT5: Loss time | AU5: Down Time | AV5: SINERGY | AW5: SINERGY | AX5: PLN | AY5: PLN
A6: =+[2]Report1!A9 -> 45962 | B6: Napkin | C6: =(M6*E6*O6*Q6)/100000000 -> 32.883898 | D6: RC BR | E6: 16 | F6: 1 | G6: 830 | H6: 0.14 | I6: 0.88 | J6: =E6*G6*(1-H6)*1440/1000000*3.4 -> 55.916237 | K6: =(IF(G6<L6,L6,G6)*(1-IF(H6<N6,H6,N6))*E6*O6*Q6)/100000000 -> 34.117044 | L6: 800 | M6: 688 | N6: =1-(M6/L6) -> 0.14 | O6: =+'[2]Trim Rwd'!H4 -> 321.21212 | P6: =O6*(Q6-R6-S6) -> 282666.67 | Q6: 930 | R6: 0 | S6: 50 | T6: =E6*M6*O6*Q6/100000000 -> 32.883898 | U6: =E6*M6*O6*(Q6-R6-S6)/100000000 -> 31.115947 | V6: =E6*G6*(1-N6)*O6/100*(R6+S6)/1000000 -> 1.8342497 | W6: =+'[2]1'!K7/1000 -> 31.335 | X6: =SUM(W6:W9)/SUM(K6:K9) -> 0.82240431 | Y6: 0 | Z6: =+'[2]1'!D34/1000 -> 0.66 | AA6: =SUM(U6:U9)-SUM(W6:W9)-SUM(Z6:Z9)-SUM(Y6:Y9) -> 4.235091 | AB6: =(SUM(K6:K9)-SUM(W6:W9)-SUM(Y6:Y9)-SUM(Z6:Z9)-SUM(AC6:AC9)-SUM(V6:V9))-AA6 -> -0.09497901 | AC6: =K6-T6 -> 1.2331462 | AD6: =+AM6+BA6 -> 0 | AE6: - Sheet Breaks (0x) | AF6: 0 | AM6: =SUM(AF6:AL6)+AT6+AV6+AX6 -> 0 | AR6: =SUM(AN6:AQ6) -> 0 | BA6: =+AR6+AS6+AU6+AW6+AY6+AZ6 -> 0 | BB6: 0
B7: Napkin | C7: =(M7*E7*O7*Q7)/100000000 -> 17.729966 | D7: RC BR | E7: 15.5 | F7: 1 | G7: 830 | H7: 0.14 | I7: 0.88 | J7: =E7*G7*(1-H7)*1440/1000000*3.4 -> 54.168854 | K7: =(IF(G7<L7,L7,G7)*(1-IF(H7<N7,H7,N7))*E7*O7*Q7)/100000000 -> 18.39484 | L7: 800 | M7: 688 | N7: =1-(M7/L7) -> 0.14 | O7: =+'[2]Trim Rwd'!H6 -> 326 | P7: =O7*(Q7-R7-S7) -> 159088 | Q7: 510 | R7: 0 | S7: 22 | T7: =E7*M7*O7*Q7/100000000 -> 17.729966 | U7: =E7*M7*O7*(Q7-R7-S7)/100000000 -> 16.965144 | V7: =E7*G7*(1-N7)*O7/100*(R7+S7)/1000000 -> 0.79350291 | W7: =+'[2]1'!K8/1000 -> 11.851 | Z7: 0 | AC7: =K7-T7 -> 0.66487374 | AD7: =+AM7+BA7 -> 38 | AE7: - Change Blade (8x) | AG7: 38 | AM7: =SUM(AF7:AL7)+AT7+AV7+AX7 -> 38 | AR7: =SUM(AN7:AQ7) -> 0 | BA7: =+AR7+AS7+AU7+AW7+AY7+AZ7 -> 0 | BC7: 8
AD8: =+AM8+BA8 -> 32 | AE8: - Cleaning | AH8: 32 | AM8: =SUM(AF8:AL8)+AT8+AV8+AX8 -> 32 | AR8: =SUM(AN8:AQ8) -> 0 | BA8: =+AR8+AS8+AU8+AW8+AY8+AZ8 -> 0
AD9: =+AM9+BA9 -> 2 | AE9: - Change Grade | AI9: 2 | AM9: =SUM(AF9:AL9)+AT9+AV9+AX9 -> 2 | AR9: =SUM(AN9:AQ9) -> 0 | BA9: =+AR9+AS9+AU9+AW9+AY9+AZ9 -> 0
A11: 45963 | B11: Napkin | C11: =(M11*E11*O11*Q11)/100000000 -> 50.061082 | D11: RC BR | E11: 15.5 | F11: 1 | G11: 830 | H11: 0.14 | I11: 0.88 | J11: =E11*G11*(1-H11)*1440/1000000*3.4 -> 54.168854 | K11: =(IF(G11<L11,L11,G11)*(1-IF(H11<N11,H11,N11))*E11*O11*Q11)/100000000 -> 51.938372 | L11: 800 | M11: 688 | N11: =1-(M11/L11) -> 0.14 | O11: =+'[2]Trim Rwd'!H8 -> 326 | P11: =O11*(Q11-R11-S11) -> 450858 | Q11: 1440 | R11: 0 | S11: 57 | T11: =E11*M11*O11*Q11/100000000 -> 50.061082 | U11: =E11*M11*O11*(Q11-R11-S11)/100000000 -> 48.079497 | V11: =E11*G11*(1-N11)*O11/100*(R11+S11)/1000000 -> 2.0558939 | W11: =+'[2]2'!K34/1000 -> 48.007 | X11: =SUM(W11:W14)/SUM(K11:K14) -> 0.92430698 | Y11: 0 | Z11: =+'[2]2'!D34/1000 -> 0.55 | AA11: =SUM(U11:U14)-SUM(W11:W14)-SUM(Z11:Z14)-SUM(Y11:Y14) -> -0.47750288 | AB11: =(SUM(K11:K14)-SUM(W11:W14)-SUM(Y11:Y14)-SUM(Z11:Z14)-SUM(AC11:AC14)-SUM(V11:V14))-AA11 -> -0.074309418 | AC11: =K11-T11 -> 1.8772906 | AD11: =+AM11+BA11 -> 0 | AE11: - Sheet Breaks (0x) | AF11: 0 | AM11: =SUM(AF11:AL11)+AT11+AV11+AX11 -> 0 | AR11: =SUM(AN11:AQ11) -> 0 | BA11: =+AR11+AS11+AU11+AW11+AY11+AZ11 -> 0 | BB11: 0
AD12: =+AM12+BA12 -> 43 | AE12: - Change Blade (6x) | AG12: 43 | AM12: =SUM(AF12:AL12)+AT12+AV12+AX12 -> 43 | AR12: =SUM(AN12:AQ12) -> 0 | BA12: =+AR12+AS12+AU12+AW12+AY12+AZ12 -> 0 | BC12: 6
AD13: =+AM13+BA13 -> 14 | AE13: - Cleaning | AH13: 14 | AM13: =SUM(AF13:AL13)+AT13+AV13+AX13 -> 14 | AR13: =SUM(AN13:AQ13) -> 0 | BA13: =+AR13+AS13+AU13+AW13+AY13+AZ13 -> 0
A15: 45964 | B15: Napkin | C15: =(M15*E15*O15*Q15)/100000000 -> 50.061082 | D15: RC BR | E15: 15.5 | F15: 1 | G15: 830 | H15: 0.14 | I15: 0.88 | J15: =E15*G15*(1-H15)*1440/1000000*3.4 -> 54.168854 | K15: =(IF(G15<L15,L15,G15)*(1-IF(H15<N15,H15,N15))*E15*O15*Q15)/100000000 -> 51.938372 | L15: 800 | M15: 688 | N15: =1-(M15/L15) -> 0.14 | O15: =+'[2]Trim Rwd'!H10 -> 326 | P15: =O15*(Q15-R15-S15) -> 456726 | Q15: 1440 | R15: 0 | S15: 39 | T15: =E15*M15*O15*Q15/100000000 -> 50.061082 | U15: =E15*M15*O15*(Q15-R15-S15)/100000000 -> 48.705261 | V15: =E15*G15*(1-N15)*O15/100*(R15+S15)/1000000 -> 1.4066642 | W15: =+'[2]3'!K34/1000 -> 48.51 | X15: =SUM(W15:W18)/SUM(K15:K18) -> 0.93399154 | Y15: 0 | Z15: 0 | AA15: =SUM(U15:U18)-SUM(W15:W18)-SUM(Z15:Z18)-SUM(Y15:Y18) -> 0.19526064 | AB15: =(SUM(K15:K18)-SUM(W15:W18)-SUM(Y15:Y18)-SUM(Z15:Z18)-SUM(AC15:AC18)-SUM(V15:V18))-AA15 -> -0.050843286 | AC15: =K15-T15 -> 1.8772906 | AD15: =+AM15+BA15 -> 0 | AE15: - Sheet Breaks (0x) | AF15: 0 | AM15: =SUM(AF15:AL15)+AT15+AV15+AX15 -> 0 | AR15: =SUM(AN15:AQ15) -> 0 | BA15: =+AR15+AS15+AU15+AW15+AY15+AZ15 -> 0 | BB15: 0
AD16: =+AM16+BA16 -> 23 | AE16: - Change Blade (6x) | AG16: 23 | AM16: =SUM(AF16:AL16)+AT16+AV16+AX16 -> 23 | AR16: =SUM(AN16:AQ16) -> 0 | BA16: =+AR16+AS16+AU16+AW16+AY16+AZ16 -> 0 | BC16: 6
AD17: =+AM17+BA17 -> 16 | AE17: - Cleaning | AH17: 16 | AM17: =SUM(AF17:AL17)+AT17+AV17+AX17 -> 16 | AR17: =SUM(AN17:AQ17) -> 0 | BA17: =+AR17+AS17+AU17+AW17+AY17+AZ17 -> 0
A19: 45965 | B19: Napkin | C19: =(M19*E19*O19*Q19)/100000000 -> 50.061082 | D19: RC BR | E19: 15.5 | F19: 1 | G19: 830 | H19: 0.14 | I19: 0.88 | J19: =E19*G19*(1-H19)*1440/1000000*3.4 -> 54.168854 | K19: =(IF(G19<L19,L19,G19)*(1-IF(H19<N19,H19,N19))*E19*O19*Q19)/100000000 -> 51.938372 | L19: 800 | M19: 688 | N19: =1-(M19/L19) -> 0.14 | O19: =+'[2]Trim Rwd'!H12 -> 326 | P19: =O19*(Q19-R19-S19) -> 453140 | Q19: 1440 | R19: 0 | S19: 50 | T19: =E19*M19*O19*Q19/100000000 -> 50.061082 | U19: =E19*M19*O19*(Q19-R19-S19)/100000000 -> 48.32285 | V19: =E19*G19*(1-N19)*O19/100*(R19+S19)/1000000 -> 1.8034157 | W19: =+'[2]4'!K34/1000 -> 47.162 | X19: =SUM(W19:W22)/SUM(K19:K22) -> 0.9080377 | Y19: 0 | Z19: 0 | AA19: =SUM(U19:U22)-SUM(W19:W22)-SUM(Z19:Z22)-SUM(Y19:Y22) -> 1.1608496 | AB19: =(SUM(K19:K22)-SUM(W19:W22)-SUM(Y19:Y22)-SUM(Z19:Z22)-SUM(AC19:AC22)-SUM(V19:V22))-AA19 -> -0.0651837 | AC19: =K19-T19 -> 1.8772906 | AD19: =+AM19+BA19 -> 2 | AE19: - Sheet Breaks (1x) | AF19: 2 | AM19: =SUM(AF19:AL19)+AT19+AV19+AX19 -> 2 | AR19: =SUM(AN19:AQ19) -> 0 | BA19: =+AR19+AS19+AU19+AW19+AY19+AZ19 -> 0 | BB19: 1
AD20: =+AM20+BA20 -> 29 | AE20: - Change Blade (9x) | AG20: 29 | AM20: =SUM(AF20:AL20)+AT20+AV20+AX20 -> 29 | AR20: =SUM(AN20:AQ20) -> 0 | BA20: =+AR20+AS20+AU20+AW20+AY20+AZ20 -> 0 | BC20: 9
AD21: =+AM21+BA21 -> 19 | AE21: - Cleaning | AH21: 19 | AM21: =SUM(AF21:AL21)+AT21+AV21+AX21 -> 19 | AR21: =SUM(AN21:AQ21) -> 0 | BA21: =+AR21+AS21+AU21+AW21+AY21+AZ21 -> 0
A23: 45966 | B23: Napkin | C23: =(M23*E23*O23*Q23)/100000000 -> 50.061082 | D23: RC BR | E23: 15.5 | F23: 1 | G23: 830 | H23: 0.14 | I23: 0.88 | J23: =E23*G23*(1-H23)*1440/1000000*3.4 -> 54.168854 | K23: =(IF(G23<L23,L23,G23)*(1-IF(H23<N23,H23,N23))*E23*O23*Q23)/100000000 -> 51.938372 | L23: 800 | M23: 688 | N23: =1-(M23/L23) -> 0.14 | O23: =+'[2]Trim Rwd'!H14 -> 326 | P23: =O23*(Q23-R23-S23) -> 444664 | Q23: 1440 | R23: 0 | S23: 76 | T23: =E23*M23*O23*Q23/100000000 -> 50.061082 | U23: =E23*M23*O23*(Q23-R23-S23)/100000000 -> 47.418969 | V23: =E23*G23*(1-N23)*O23/100*(R23+S23)/1000000 -> 2.7411919 | W23: =+'[2]5'!K34/1000 -> 44.61 | X23: =SUM(W23:W26)/SUM(K23:K26) -> 0.85890254 | Y23: 0 | Z23: =+'[2]5'!D34/1000 -> 2.618 | AA23: =SUM(U23:U26)-SUM(W23:W26)-SUM(Z23:Z26)-SUM(Y23:Y26) -> 0.19096896 | AB23: =(SUM(K23:K26)-SUM(W23:W26)-SUM(Y23:Y26)-SUM(Z23:Z26)-SUM(AC23:AC26)-SUM(V23:V26))-AA23 -> -0.099079224 | AC23: =K23-T23 -> 1.8772906 | AD23: =+AM23+BA23 -> 6 | AE23: - Sheet Breaks (4x) | AF23: 6 | AM23: =SUM(AF23:AL23)+AT23+AV23+AX23 -> 6 | AR23: =SUM(AN23:AQ23) -> 0 | BA23: =+AR23+AS23+AU23+AW23+AY23+AZ23 -> 0 | BB23: 4
AD24: =+AM24+BA24 -> 22 | AE24: - Change Blade (9x) | AG24: 22 | AM24: =SUM(AF24:AL24)+AT24+AV24+AX24 -> 22 | AR24: =SUM(AN24:AQ24) -> 0 | BA24: =+AR24+AS24+AU24+AW24+AY24+AZ24 -> 0 | BC24: 9
AD25: =+AM25+BA25 -> 18 | AE25: - Cleaning | AH25: 18 | AM25: =SUM(AF25:AL25)+AT25+AV25+AX25 -> 18 | AR25: =SUM(AN25:AQ25) -> 0 | BA25: =+AR25+AS25+AU25+AW25+AY25+AZ25 -> 0
AD26: =+AM26+BA26 -> 30 | AE26: - 18.00 formasi terawang, reject, adjust lips headbox | AI26: 30 | AM26: =SUM(AF26:AL26)+AT26+AV26+AX26 -> 30 | AR26: =SUM(AN26:AQ26) -> 0 | BA26: =+AR26+AS26+AU26+AW26+AY26+AZ26 -> 0
A28: 45967 | B28: Napkin | C28: =(M28*E28*O28*Q28)/100000000 -> 50.061082 | D28: RC BR | E28: 15.5 | F28: 1 | G28: 830 | H28: 0.14 | I28: 0.88 | J28: =E28*G28*(1-H28)*1440/1000000*3.4 -> 54.168854 | K28: =(IF(G28<L28,L28,G28)*(1-IF(H28<N28,H28,N28))*E28*O28*Q28)/100000000 -> 51.938372 | L28: 800 | M28: 688 | N28: =1-(M28/L28) -> 0.14 | O28: =+'[2]Trim Rwd'!H16 -> 326 | P28: =O28*(Q28-R28-S28) -> 451510 | Q28: 1440 | R28: 0 | S28: 55 | T28: =E28*M28*O28*Q28/100000000 -> 50.061082 | U28: =E28*M28*O28*(Q28-R28-S28)/100000000 -> 48.149026 | V28: =E28*G28*(1-N28)*O28/100*(R28+S28)/1000000 -> 1.9837573 | W28: =+'[2]6'!K34/1000 -> 46.864 | X28: =SUM(W28:W31)/SUM(K28:K31) -> 0.90230013 | Y28: 0 | Z28: =+'[2]6'!D34/1000 -> 0.331 | AA28: =SUM(U28:U31)-SUM(W28:W31)-SUM(Z28:Z31)-SUM(Y28:Y31) -> 0.9540264 | AB28: =(SUM(K28:K31)-SUM(W28:W31)-SUM(Y28:Y31)-SUM(Z28:Z31)-SUM(AC28:AC31)-SUM(V28:V31))-AA28 -> -0.07170207 | AC28: =K28-T28 -> 1.8772906 | AD28: =+AM28+BA28 -> 10 | AE28: - Sheet Breaks (2x) | AF28: 10 | AM28: =SUM(AF28:AL28)+AT28+AV28+AX28 -> 10 | AR28: =SUM(AN28:AQ28) -> 0 | BA28: =+AR28+AS28+AU28+AW28+AY28+AZ28 -> 0 | BB28: 2
AD29: =+AM29+BA29 -> 28 | AE29: - Change Blade (7x) | AG29: 28 | AM29: =SUM(AF29:AL29)+AT29+AV29+AX29 -> 28 | AR29: =SUM(AN29:AQ29) -> 0 | BA29: =+AR29+AS29+AU29+AW29+AY29+AZ29 -> 0 | BC29: 7
AD30: =+AM30+BA30 -> 17 | AE30: - Cleaning | AH30: 17 | AM30: =SUM(AF30:AL30)+AT30+AV30+AX30 -> 17 | AR30: =SUM(AN30:AQ30) -> 0 | BA30: =+AR30+AS30+AU30+AW30+AY30+AZ30 -> 0
A32: 45968 | B32: Napkin | C32: =(M32*E32*O32*Q32)/100000000 -> 49.997098 | D32: RC BR | E32: 15.5 | F32: 1 | G32: 830 | H32: 0.14 | I32: 0.88 | J32: =E32*G32*(1-H32)*1440/1000000*3.4 -> 54.168854 | K32: =(IF(G32<L32,L32,G32)*(1-IF(H32<N32,H32,N32))*E32*O32*Q32)/100000000 -> 51.871989 | L32: 800 | M32: 688 | N32: =1-(M32/L32) -> 0.14 | O32: =+'[2]Trim Rwd'!H18 -> 325.58333 | P32: =O32*(Q32-R32-S32) -> 455491.08 | Q32: 1440 | R32: 0 | S32: 41 | T32: =E32*M32*O32*Q32/100000000 -> 49.997098 | U32: =E32*M32*O32*(Q32-R32-S32)/100000000 -> 48.573569 | V32: =E32*G32*(1-N32)*O32/100*(R32+S32)/1000000 -> 1.4769108 | W32: =+'[2]7'!K34/1000 -> 47.042 | X32: =SUM(W32:W35)/SUM(K32:K35) -> 0.90688638 | Y32: 0 | Z32: =+'[2]7'!D34/1000 -> 0.583 | AA32: =SUM(U32:U35)-SUM(W32:W35)-SUM(Z32:Z35)-SUM(Y32:Y35) -> 0.94856913 | AB32: =(SUM(K32:K35)-SUM(W32:W35)-SUM(Y32:Y35)-SUM(Z32:Z35)-SUM(AC32:AC35)-SUM(V32:V35))-AA32 -> -0.053382318 | AC32: =K32-T32 -> 1.8748912 | AD32: =+AM32+BA32 -> 2 | AE32: - Sheet Breaks (1x) | AF32: 2 | AM32: =SUM(AF32:AL32)+AT32+AV32+AX32 -> 2 | AR32: =SUM(AN32:AQ32) -> 0 | BA32: =+AR32+AS32+AU32+AW32+AY32+AZ32 -> 0 | BB32: 1
AD33: =+AM33+BA33 -> 20 | AE33: - Change Blade (7x) | AG33: 20 | AM33: =SUM(AF33:AL33)+AT33+AV33+AX33 -> 20 | AR33: =SUM(AN33:AQ33) -> 0 | BA33: =+AR33+AS33+AU33+AW33+AY33+AZ33 -> 0 | BC33: 7
AD34: =+AM34+BA34 -> 19 | AE34: - Cleaning | AH34: 19 | AM34: =SUM(AF34:AL34)+AT34+AV34+AX34 -> 19 | AR34: =SUM(AN34:AQ34) -> 0 | BA34: =+AR34+AS34+AU34+AW34+AY34+AZ34 -> 0
A36: 45969 | B36: Napkin | C36: =(M36*E36*O36*Q36)/100000000 -> 21.132895 | D36: RC BR | E36: 15.5 | F36: 1 | G36: 830 | H36: 0.14 | I36: 0.88 | J36: =E36*G36*(1-H36)*1440/1000000*3.4 -> 54.168854 | K36: =(IF(G36<L36,L36,G36)*(1-IF(H36<N36,H36,N36))*E36*O36*Q36)/100000000 -> 21.925379 | L36: 800 | M36: 688 | N36: =1-(M36/L36) -> 0.14 | O36: =+'[2]Trim Rwd'!H21 -> 324.86957 | P36: =O36*(Q36-R36-S36) -> 189723.83 | Q36: 610 | R36: 0 | S36: =3+23 -> 26 | T36: =E36*M36*O36*Q36/100000000 -> 21.132895 | U36: =E36*M36*O36*(Q36-R36-S36)/100000000 -> 20.232149 | V36: =E36*G36*(1-N36)*O36/100*(R36+S36)/1000000 -> 0.93452434 | W36: =+'[2]8'!K8/1000 -> 22.851 | X36: =SUM(W36:W39)/SUM(K36:K39) -> 0.82066148 | Y36: 0 | Z36: =+'[2]8'!D16/1000 -> 0.7 | AA36: =SUM(U36:U39)-SUM(W36:W39)-SUM(Z36:Z39)-SUM(Y36:Y39) -> 3.6495086 | AB36: =(SUM(K36:K39)-SUM(W36:W39)-SUM(Y36:Y39)-SUM(Z36:Z39)-SUM(AC36:AC39)-SUM(V36:V39))-AA36 -> -0.063262916 | AC36: =K36-T36 -> 0.79248357 | AD36: =+AM36+BA36 -> 3 | AE36: - Sheet Breaks (1x) | AF36: 3 | AM36: =SUM(AF36:AL36)+AT36+AV36+AX36 -> 3 | AR36: =SUM(AN36:AQ36) -> 0 | BA36: =+AR36+AS36+AU36+AW36+AY36+AZ36 -> 0 | BB36: 1
B37: Napkin | C37: =(M37*E37*O37*Q37)/100000000 -> 29.663625 | D37: RC BR | E37: 16 | F37: 1 | G37: 830 | H37: 0.14 | I37: 0.88 | J37: =E37*G37*(1-H37)*1440/1000000*3.4 -> 55.916237 | K37: =(IF(G37<L37,L37,G37)*(1-IF(H37<N37,H37,N37))*E37*O37*Q37)/100000000 -> 30.77601 | L37: 800 | M37: 688 | N37: =1-(M37/L37) -> 0.14 | O37: =+'[2]Trim Rwd'!H23 -> 324.66667 | P37: =O37*(Q37-R37-S37) -> 262330.67 | Q37: 830 | R37: 0 | S37: =17+5 -> 22 | T37: =E37*M37*O37*Q37/100000000 -> 29.663625 | U37: =E37*M37*O37*(Q37-R37-S37)/100000000 -> 28.87736 | V37: =E37*G37*(1-N37)*O37/100*(R37+S37)/1000000 -> 0.81574967 | W37: =+'[2]8'!K7/1000 -> 20.399 | Z37: =+('[2]8'!D17+'[2]8'!D25)/1000 -> 1.51 | AC37: =K37-T37 -> 1.1123859 | AD37: =+AM37+BA37 -> 23 | AE37: - Change Blade (7x) | AG37: 23 | AM37: =SUM(AF37:AL37)+AT37+AV37+AX37 -> 23 | AR37: =SUM(AN37:AQ37) -> 0 | BA37: =+AR37+AS37+AU37+AW37+AY37+AZ37 -> 0 | BC37: 7
AD38: =+AM38+BA38 -> 17 | AE38: - Cleaning | AH38: 17 | AM38: =SUM(AF38:AL38)+AT38+AV38+AX38 -> 17 | AR38: =SUM(AN38:AQ38) -> 0 | BA38: =+AR38+AS38+AU38+AW38+AY38+AZ38 -> 0
AD39: =+AM39+BA39 -> 5 | AE39: - Change Grade | AI39: 5 | AM39: =SUM(AF39:AL39)+AT39+AV39+AX39 -> 5 | AR39: =SUM(AN39:AQ39) -> 0 | BA39: =+AR39+AS39+AU39+AW39+AY39+AZ39 -> 0
A41: 45970 | B41: Napkin | C41: =(M41*E41*O41*Q41)/100000000 -> 19.92276 | D41: RC BR | E41: 16.5 | F41: 1 | G41: 830 | H41: 0.14 | I41: 0.88 | J41: =E41*G41*(1-H41)*1440/1000000*3.4 -> 57.663619 | K41: =(IF(G41<L41,L41,G41)*(1-IF(H41<N41,H41,N41))*E41*O41*Q41)/100000000 -> 20.669863 | L41: 800 | M41: 688 | N41: =1-(M41/L41) -> 0.14 | O41: =+'[2]Trim Rwd'!H26 -> 325 | P41: =O41*(Q41-R41-S41) -> 162500 | Q41: 540 | R41: 0 | S41: 40 | T41: =E41*M41*O41*Q41/100000000 -> 19.92276 | U41: =E41*M41*O41*(Q41-R41-S41)/100000000 -> 18.447 | V41: =E41*G41*(1-N41)*O41/100*(R41+S41)/1000000 -> 1.531101 | W41: =+'[2]9'!K9/1000 -> 17.846 | X41: =SUM(W41:W44)/SUM(K41:K44) -> 0.77458077 | Y41: 0 | Z41: =+'[2]9'!D34/1000 -> 1.63 | AA41: =SUM(U41:U44)-SUM(W41:W44)-SUM(Z41:Z44)-SUM(Y41:Y44) -> 5.5563201 | AB41: =(SUM(K41:K44)-SUM(W41:W44)-SUM(Y41:Y44)-SUM(Z41:Z44)-SUM(AC41:AC44)-SUM(V41:V44))-AA41 -> -0.12945111 | AC41: =K41-T41 -> 0.7471035 | AD41: =+AM41+BA41 -> 20 | AE41: - Sheet Breaks (1x) | AF41: 20 | AM41: =SUM(AF41:AL41)+AT41+AV41+AX41 -> 20 | AR41: =SUM(AN41:AQ41) -> 0 | BA41: =+AR41+AS41+AU41+AW41+AY41+AZ41 -> 0 | BB41: 1
B42: Napkin | C42: =(M42*E42*O42*Q42)/100000000 -> 24.442301 | D42: RC BR | E42: 17 | F42: 1 | G42: 830 | H42: 0.14 | I42: 0.88 | J42: =E42*G42*(1-H42)*1440/1000000*3.4 -> 59.411002 | K42: =(IF(G42<L42,L42,G42)*(1-IF(H42<N42,H42,N42))*E42*O42*Q42)/100000000 -> 25.358887 | L42: 800 | M42: 688 | N42: =1-(M42/L42) -> 0.14 | O42: =+'[2]Trim Rwd'!H28 -> 324 | P42: =O42*(Q42-R42-S42) -> 195372 | Q42: 645 | R42: 0 | S42: 42 | T42: =E42*M42*O42*Q42/100000000 -> 24.442301 | U42: =E42*M42*O42*(Q42-R42-S42)/100000000 -> 22.850709 | V42: =E42*G42*(1-N42)*O42/100*(R42+S42)/1000000 -> 1.6512764 | W42: =+'[2]9'!K10/1000 -> 21.681 | AC42: =K42-T42 -> 0.91658628 | AD42: =+AM42+BA42 -> 30 | AE42: - Change Blade (9x) | AG42: 30 | AM42: =SUM(AF42:AL42)+AT42+AV42+AX42 -> 30 | AR42: =SUM(AN42:AQ42) -> 0 | BA42: =+AR42+AS42+AU42+AW42+AY42+AZ42 -> 0 | BC42: 9
B43: Napkin | C43: =(M43*E43*O43*Q43)/100000000 -> 9.809289 | D43: RC BR | E43: 17.5 | F43: 1 | G43: 830 | H43: 0.14 | I43: 0.88 | J43: =E43*G43*(1-H43)*1440/1000000*3.4 -> 61.158384 | K43: =(IF(G43<L43,L43,G43)*(1-IF(H43<N43,H43,N43))*E43*O43*Q43)/100000000 -> 10.177137 | L43: 800 | M43: 688 | N43: =1-(M43/L43) -> 0.14 | O43: =+'[2]Trim Rwd'!H29 -> 319.5 | P43: =O43*(Q43-R43-S43) -> 78277.5 | Q43: 255 | R43: 0 | S43: 10 | T43: =E43*M43*O43*Q43/100000000 -> 9.809289 | U43: =E43*M43*O43*(Q43-R43-S43)/100000000 -> 9.424611 | V43: =E43*G43*(1-N43)*O43/100*(R43+S43)/1000000 -> 0.39910343 | W43: =+'[2]9'!K11/1000 -> 4.009 | AC43: =K43-T43 -> 0.36784834 | AD43: =+AM43+BA43 -> 32 | AE43: - Cleaning | AH43: 32 | AM43: =SUM(AF43:AL43)+AT43+AV43+AX43 -> 32 | AR43: =SUM(AN43:AQ43) -> 0 | BA43: =+AR43+AS43+AU43+AW43+AY43+AZ43 -> 0
AD44: =+AM44+BA44 -> 10 | AE44: - Change Grade | AI44: 10 | AM44: =SUM(AF44:AL44)+AT44+AV44+AX44 -> 10 | AR44: =SUM(AN44:AQ44) -> 0 | BA44: =+AR44+AS44+AU44+AW44+AY44+AZ44 -> 0
A46: 45971 | B46: Napkin | C46: =(M46*E46*O46*Q46)/100000000 -> 55.393632 | D46: RC BR | E46: 17.5 | F46: 1 | G46: 830 | H46: 0.14 | I46: 0.88 | J46: =E46*G46*(1-H46)*1440/1000000*3.4 -> 61.158384 | K46: =(IF(G46<L46,L46,G46)*(1-IF(H46<N46,H46,N46))*E46*O46*Q46)/100000000 -> 57.470893 | L46: 800 | M46: 688 | N46: =1-(M46/L46) -> 0.14 | O46: =+'[2]Trim Rwd'!H31 -> 319.5 | P46: =O46*(Q46-R46-S46) -> 444105 | Q46: 1440 | R46: 0 | S46: 50 | T46: =E46*M46*O46*Q46/100000000 -> 55.393632 | U46: =E46*M46*O46*(Q46-R46-S46)/100000000 -> 53.470242 | V46: =E46*G46*(1-N46)*O46/100*(R46+S46)/1000000 -> 1.9955171 | W46: =+'[2]10'!K34/1000 -> 52.69 | X46: =SUM(W46:W49)/SUM(K46:K49) -> 0.91681192 | Y46: 0 | Z46: =+'[2]10'!D34/1000 -> 0.4 | AA46: =SUM(U46:U49)-SUM(W46:W49)-SUM(Z46:Z49)-SUM(Y46:Y49) -> 0.380242 | AB46: =(SUM(K46:K49)-SUM(W46:W49)-SUM(Y46:Y49)-SUM(Z46:Z49)-SUM(AC46:AC49)-SUM(V46:V49))-AA46 -> -0.072127125 | AC46: =K46-T46 -> 2.0772612 | AD46: =+AM46+BA46 -> 5 | AE46: - Sheet Breaks (2x) | AF46: 5 | AM46: =SUM(AF46:AL46)+AT46+AV46+AX46 -> 5 | AR46: =SUM(AN46:AQ46) -> 0 | BA46: =+AR46+AS46+AU46+AW46+AY46+AZ46 -> 0 | BB46: 2
AD47: =+AM47+BA47 -> 23 | AE47: - Change Blade (6x) | AG47: 23 | AM47: =SUM(AF47:AL47)+AT47+AV47+AX47 -> 23 | AR47: =SUM(AN47:AQ47) -> 0 | BA47: =+AR47+AS47+AU47+AW47+AY47+AZ47 -> 0 | BC47: 6
AD48: =+AM48+BA48 -> 22 | AE48: - Cleaning | AH48: 22 | AM48: =SUM(AF48:AL48)+AT48+AV48+AX48 -> 22 | AR48: =SUM(AN48:AQ48) -> 0 | BA48: =+AR48+AS48+AU48+AW48+AY48+AZ48 -> 0
A50: 45972 | B50: Napkin | C50: =(M50*E50*O50*Q50)/100000000 -> 55.393632 | D50: RC BR | E50: 17.5 | F50: 1 | G50: 830 | H50: 0.14 | I50: 0.88 | J50: =E50*G50*(1-H50)*1440/1000000*3.4 -> 61.158384 | K50: =(IF(G50<L50,L50,G50)*(1-IF(H50<N50,H50,N50))*E50*O50*Q50)/100000000 -> 57.470893 | L50: 800 | M50: 688 | N50: =1-(M50/L50) -> 0.14 | O50: =+'[2]Trim Rwd'!H33 -> 319.5 | P50: =O50*(Q50-R50-S50) -> 431325 | Q50: 1440 | R50: 30 | S50: 60 | T50: =E50*M50*O50*Q50/100000000 -> 55.393632 | U50: =E50*M50*O50*(Q50-R50-S50)/100000000 -> 51.93153 | V50: =E50*G50*(1-N50)*O50/100*(R50+S50)/1000000 -> 3.5919308 | W50: =+'[2]11'!K34/1000 -> 50.889 | X50: =SUM(W50:W53)/SUM(K50:K53) -> 0.88547432 | Y50: 0 | Z50: =+'[2]11'!D34/1000 -> 0.98 | AA50: =SUM(U50:U53)-SUM(W50:W53)-SUM(Z50:Z53)-SUM(Y50:Y53) -> 0.06253 | AB50: =(SUM(K50:K53)-SUM(W50:W53)-SUM(Y50:Y53)-SUM(Z50:Z53)-SUM(AC50:AC53)-SUM(V50:V53))-AA50 -> -0.12982883 | AC50: =K50-T50 -> 2.0772612 | AD50: =+AM50+BA50 -> 0 | AE50: - Sheet Breaks (0x) | AF50: 0 | AM50: =SUM(AF50:AL50)+AT50+AV50+AX50 -> 0 | AR50: =SUM(AN50:AQ50) -> 0 | BA50: =+AR50+AS50+AU50+AW50+AY50+AZ50 -> 0 | BB50: 0
AD51: =+AM51+BA51 -> 33 | AE51: - Change Blade (7x) | AG51: 33 | AM51: =SUM(AF51:AL51)+AT51+AV51+AX51 -> 33 | AR51: =SUM(AN51:AQ51) -> 0 | BA51: =+AR51+AS51+AU51+AW51+AY51+AZ51 -> 0 | BC51: 7
AD52: =+AM52+BA52 -> 27 | AE52: - Cleaning | AH52: 27 | AM52: =SUM(AF52:AL52)+AT52+AV52+AX52 -> 27 | AR52: =SUM(AN52:AQ52) -> 0 | BA52: =+AR52+AS52+AU52+AW52+AY52+AZ52 -> 0
AD53: =+AM53+BA53 -> 30 | AE53: - 03.00 pm stop listrik flicker | AM53: =SUM(AF53:AL53)+AT53+AV53+AX53 -> 0 | AR53: =SUM(AN53:AQ53) -> 0 | AY53: 30 | BA53: =+AR53+AS53+AU53+AW53+AY53+AZ53 -> 30 | BE53: 1
A55: 45973 | B55: Napkin | C55: =(M55*E55*O55*Q55)/100000000 -> 38.747363 | D55: RC BR | E55: 17.5 | F55: 1 | G55: 830 | H55: 0.14 | I55: 0.88 | J55: =E55*G55*(1-H55)*1440/1000000*3.4 -> 61.158384 | K55: =(IF(G55<L55,L55,G55)*(1-IF(H55<N55,H55,N55))*E55*O55*Q55)/100000000 -> 39.511239 | L55: 815 | M55: 700 | N55: =1-(M55/L55) -> 0.14110429 | O55: =+'[2]Trim Rwd'!H35 -> 319.5 | P55: =O55*(Q55-R55-S55) -> 305442 | Q55: 990 | R55: 0 | S55: =7+27 -> 34 | T55: =E55*M55*O55*Q55/100000000 -> 38.747363 | U55: =E55*M55*O55*(Q55-R55-S55)/100000000 -> 37.416645 | V55: =E55*G55*(1-N55)*O55/100*(R55+S55)/1000000 -> 1.3552092 | W55: =+'[2]12'!K11/1000 -> 39.093 | X55: =SUM(W55:W58)/SUM(K55:K58) -> 0.88916362 | Y55: 0 | Z55: 0 | AA55: =SUM(U55:U58)-SUM(W55:W58)-SUM(Z55:Z58)-SUM(Y55:Y58) -> 2.758193 | AB55: =(SUM(K55:K58)-SUM(W55:W58)-SUM(Y55:Y58)-SUM(Z55:Z58)-SUM(AC55:AC58)-SUM(V55:V58))-AA55 -> -0.049077966 | AC55: =K55-T55 -> 0.76387657 | AD55: =+AM55+BA55 -> 7 | AE55: - Sheet Breaks (2x) | AF55: 7 | AM55: =SUM(AF55:AL55)+AT55+AV55+AX55 -> 7 | AR55: =SUM(AN55:AQ55) -> 0 | BA55: =+AR55+AS55+AU55+AW55+AY55+AZ55 -> 0 | BB55: 2
B56: Napkin | C56: =(M56*E56*O56*Q56)/100000000 -> 19.3914 | D56: RC BR | E56: 19 | F56: 1 | G56: 830 | H56: 0.14 | I56: 0.88 | J56: =E56*G56*(1-H56)*1440/1000000*3.4 -> 66.400531 | K56: =(IF(G56<L56,L56,G56)*(1-IF(H56<N56,H56,N56))*E56*O56*Q56)/100000000 -> 19.773688 | L56: 815 | M56: 700 | N56: =1-(M56/L56) -> 0.14110429 | O56: =+'[2]Trim Rwd'!H36 -> 324 | P56: =O56*(Q56-R56-S56) -> 135756 | Q56: 450 | R56: 0 | S56: 31 | T56: =E56*M56*O56*Q56/100000000 -> 19.3914 | U56: =E56*M56*O56*(Q56-R56-S56)/100000000 -> 18.055548 | V56: =E56*G56*(1-N56)*O56/100*(R56+S56)/1000000 -> 1.3604382 | W56: =+'[2]12'!K12/1000 -> 13.621 | AC56: =K56-T56 -> 0.3822876 | AD56: =+AM56+BA56 -> 27 | AE56: - Change Blade (7x) | AG56: 27 | AM56: =SUM(AF56:AL56)+AT56+AV56+AX56 -> 27 | AR56: =SUM(AN56:AQ56) -> 0 | BA56: =+AR56+AS56+AU56+AW56+AY56+AZ56 -> 0 | BC56: 7
AD57: =+AM57+BA57 -> 21 | AE57: - Cleaning | AH57: 21 | AM57: =SUM(AF57:AL57)+AT57+AV57+AX57 -> 21 | AR57: =SUM(AN57:AQ57) -> 0 | BA57: =+AR57+AS57+AU57+AW57+AY57+AZ57 -> 0
AD58: =+AM58+BA58 -> 10 | AE58: - Change Grade | AI58: 10 | AM58: =SUM(AF58:AL58)+AT58+AV58+AX58 -> 10 | AR58: =SUM(AN58:AQ58) -> 0 | BA58: =+AR58+AS58+AU58+AW58+AY58+AZ58 -> 0
A60: 45974 | B60: Napkin | C60: =(M60*E60*O60*Q60)/100000000 -> 28.16275 | D60: RC BR | E60: 19 | F60: 1 | G60: 830 | H60: 0.14 | I60: 0.88 | J60: =E60*G60*(1-H60)*1440/1000000*3.4 -> 66.400531 | K60: =(IF(G60<L60,L60,G60)*(1-IF(H60<N60,H60,N60))*E60*O60*Q60)/100000000 -> 28.717958 | L60: 815 | M60: 700 | N60: =1-(M60/L60) -> 0.14110429 | O60: =+'[2]Trim Rwd'!H38 -> 325.76923 | P60: =O60*(Q60-R60-S60) -> 205560.38 | Q60: 650 | R60: 0 | S60: 19 | T60: =E60*M60*O60*Q60/100000000 -> 28.16275 | U60: =E60*M60*O60*(Q60-R60-S60)/100000000 -> 27.339531 | V60: =E60*G60*(1-N60)*O60/100*(R60+S60)/1000000 -> 0.83837011 | W60: =+'[2]13'!K12/1000 -> 29.3 | X60: =SUM(W60:W63)/SUM(K60:K63) -> 0.94029852 | Y60: 0 | Z60: =+'[2]13'!D34/1000 -> 1.198 | AA60: =SUM(U60:U63)-SUM(W60:W63)-SUM(Z60:Z63)-SUM(Y60:Y63) -> -0.33337885 | AB60: =(SUM(K60:K63)-SUM(W60:W63)-SUM(Y60:Y63)-SUM(Z60:Z63)-SUM(AC60:AC63)-SUM(V60:V63))-AA60 -> -0.030691267 | AC60: =K60-T60 -> 0.5552085 | AD60: =+AM60+BA60 -> 2 | AE60: - Sheet Breaks (1x) | AF60: 2 | AM60: =SUM(AF60:AL60)+AT60+AV60+AX60 -> 2 | AR60: =SUM(AN60:AQ60) -> 0 | BA60: =+AR60+AS60+AU60+AW60+AY60+AZ60 -> 0 | BB60: 1
B61: Napkin | C61: =(M61*E61*O61*Q61)/100000000 -> 33.35143 | D61: RC BR | E61: 18.5 | F61: 1 | G61: 830 | H61: 0.14 | I61: 0.88 | J61: =E61*G61*(1-H61)*1440/1000000*3.4 -> 64.653149 | K61: =(IF(G61<L61,L61,G61)*(1-IF(H61<N61,H61,N61))*E61*O61*Q61)/100000000 -> 34.00893 | L61: 815 | M61: 700 | N61: =1-(M61/L61) -> 0.14110429 | O61: =+'[2]Trim Rwd'!H40 -> 326 | P61: =O61*(Q61-R61-S61) -> 251020 | Q61: 790 | R61: 0 | S61: 20 | T61: =E61*M61*O61*Q61/100000000 -> 33.35143 | U61: =E61*M61*O61*(Q61-R61-S61)/100000000 -> 32.50709 | V61: =E61*G61*(1-N61)*O61/100*(R61+S61)/1000000 -> 0.85988 | W61: =+'[2]13'!K13/1000 -> 29.682 | AC61: =K61-T61 -> 0.65749962 | AD61: =+AM61+BA61 -> 20 | AE61: - Change Blade (8x) | AG61: 20 | AM61: =SUM(AF61:AL61)+AT61+AV61+AX61 -> 20 | AR61: =SUM(AN61:AQ61) -> 0 | BA61: =+AR61+AS61+AU61+AW61+AY61+AZ61 -> 0 | BC61: 8
AD62: =+AM62+BA62 -> 17 | AE62: - Cleaning | AH62: 17 | AM62: =SUM(AF62:AL62)+AT62+AV62+AX62 -> 17 | AR62: =SUM(AN62:AQ62) -> 0 | BA62: =+AR62+AS62+AU62+AW62+AY62+AZ62 -> 0
A64: 45975 | B64: Napkin | C64: =(M64*E64*O64*Q64)/100000000 -> 58.757078 | D64: RC BR | E64: 18.5 | F64: 1 | G64: 830 | H64: 0.14 | I64: 0.88 | J64: =E64*G64*(1-H64)*1440/1000000*3.4 -> 64.653149 | K64: =(IF(G64<L64,L64,G64)*(1-IF(H64<N64,H64,N64))*E64*O64*Q64)/100000000 -> 59.838496 | L64: 815 | M64: 700.9 | N64: =1-(M64/L64) -> 0.14 | O64: =+'[2]Trim Rwd'!H42 -> 326 | P64: =O64*(Q64-R64-S64) -> 443360 | Q64: 1390 | R64: 0 | S64: 30 | T64: =E64*M64*O64*Q64/100000000 -> 58.757078 | U64: =E64*M64*O64*(Q64-R64-S64)/100000000 -> 57.488939 | V64: =E64*G64*(1-N64)*O64/100*(R64+S64)/1000000 -> 1.2914783 | W64: =+'[2]14'!K13/1000 -> 58.001 | X64: =SUM(W64:W67)/SUM(K64:K67) -> 0.92462247 | Y64: 0 | Z64: =+'[2]14'!D34/1000 -> 0.9 | AA64: =SUM(U64:U67)-SUM(W64:W67)-SUM(Z64:Z67)-SUM(Y64:Y67) -> 0.62549444 | AB64: =(SUM(K64:K67)-SUM(W64:W67)-SUM(Y64:Y67)-SUM(Z64:Z67)-SUM(AC64:AC67)-SUM(V64:V67))-AA64 -> -0.08603397 | AC64: =K64-T64 -> 1.0814186 | AD64: =+AM64+BA64 -> 0 | AE64: - Sheet Breaks (0x) | AF64: 0 | AM64: =SUM(AF64:AL64)+AT64+AV64+AX64 -> 0 | AR64: =SUM(AN64:AQ64) -> 0 | BA64: =+AR64+AS64+AU64+AW64+AY64+AZ64 -> 0 | BB64: 1
B65: Napkin | C65: =(M65*E65*O65*Q65)/100000000 -> 2.26395 | D65: RC BR | E65: 25 | F65: 1 | G65: 830 | H65: 0.14 | I65: 0.88 | J65: =E65*G65*(1-H65)*1440/1000000*3.4 -> 87.36912 | K65: =(IF(G65<L65,L65,G65)*(1-IF(H65<N65,H65,N65))*E65*O65*Q65)/100000000 -> 2.89089 | L65: 650 | M65: 559 | N65: =1-(M65/L65) -> 0.14 | O65: =+'[2]Trim Rwd'!H43 -> 324 | P65: =O65*(Q65-R65-S65) -> 14580 | Q65: 50 | R65: 0 | S65: 5 | T65: =E65*M65*O65*Q65/100000000 -> 2.26395 | U65: =E65*M65*O65*(Q65-R65-S65)/100000000 -> 2.037555 | V65: =E65*G65*(1-N65)*O65/100*(R65+S65)/1000000 -> 0.289089 | W65: =+'[2]14'!K14/1000 -> 0 | AC65: =K65-T65 -> 0.62694 | AD65: =+AM65+BA65 -> 18 | AE65: - Change Blade (6x) | AG65: 18 | AM65: =SUM(AF65:AL65)+AT65+AV65+AX65 -> 18 | AR65: =SUM(AN65:AQ65) -> 0 | BA65: =+AR65+AS65+AU65+AW65+AY65+AZ65 -> 0 | BC65: 8
AD66: =+AM66+BA66 -> 17 | AE66: - Cleaning | AH66: 17 | AM66: =SUM(AF66:AL66)+AT66+AV66+AX66 -> 17 | AR66: =SUM(AN66:AQ66) -> 0 | BA66: =+AR66+AS66+AU66+AW66+AY66+AZ66 -> 0
A68: 45976 | B68: Napkin | C68: =(M68*E68*O68*Q68)/100000000 -> 29.88414 | D68: RC BR | E68: 25 | F68: 1 | G68: 830 | H68: 0.14 | I68: 0.88 | J68: =E68*G68*(1-H68)*1440/1000000*3.4 -> 87.36912 | K68: =(IF(G68<L68,L68,G68)*(1-IF(H68<N68,H68,N68))*E68*O68*Q68)/100000000 -> 38.159748 | L68: 650 | M68: =+L68-L68*0.14 -> 559 | N68: =1-(M68/L68) -> 0.14 | O68: =+'[2]Trim Rwd'!H45 -> 324 | P68: =O68*(Q68-R68-S68) -> 209304 | Q68: =480+180 -> 660 | R68: 0 | S68: 14 | T68: =E68*M68*O68*Q68/100000000 -> 29.88414 | U68: =E68*M68*O68*(Q68-R68-S68)/100000000 -> 29.250234 | V68: =E68*G68*(1-N68)*O68/100*(R68+S68)/1000000 -> 0.8094492 | W68: =+'[2]15'!K14/1000 -> 23.273 | X68: =SUM(W68:W71)/SUM(K68:K71) -> 0.5936904 | Y68: 0 | Z68: =+('[2]15'!D7+'[2]15'!D16)/1000 -> 4.172 | AA68: =SUM(U68:U71)-SUM(W68:W71)-SUM(Z68:Z71)-SUM(Y68:Y71) -> 6.446601 | AB68: =(SUM(K68:K71)-SUM(W68:W71)-SUM(Y68:Y71)-SUM(Z68:Z71)-SUM(AC68:AC71)-SUM(V68:V71))-AA68 -> -0.20713644 | AC68: =K68-T68 -> 8.275608 | AD68: =+AM68+BA68 -> 4 | AE68: - Sheet Breaks (1x) | AF68: 4 | AM68: =SUM(AF68:AL68)+AT68+AV68+AX68 -> 4 | AR68: =SUM(AN68:AQ68) -> 0 | BA68: =+AR68+AS68+AU68+AW68+AY68+AZ68 -> 0 | BB68: 1
B69: Napkin | C69: =(M69*E69*O69*Q69)/100000000 -> 12.26016 | D69: RC BR | E69: 20 | F69: 1 | G69: 830 | H69: 0.14 | I69: 0.88 | J69: =E69*G69*(1-H69)*1440/1000000*3.4 -> 69.895296 | K69: =(IF(G69<L69,L69,G69)*(1-IF(H69<N69,H69,N69))*E69*O69*Q69)/100000000 -> 12.719916 | L69: 800 | M69: =+L69-L69*0.14 -> 688 | N69: =1-(M69/L69) -> 0.14 | O69: =+'[2]Trim Rwd'!H46 -> 330 | P69: =O69*(Q69-R69-S69) -> 84480 | Q69: 270 | R69: 0 | S69: 14 | T69: =E69*M69*O69*Q69/100000000 -> 12.26016 | U69: =E69*M69*O69*(Q69-R69-S69)/100000000 -> 11.624448 | V69: =E69*G69*(1-N69)*O69/100*(R69+S69)/1000000 -> 0.6595512 | W69: =+'[2]15'!K15/1000 -> 2.969 | Z69: =+('[2]15'!D17+'[2]15'!D25)/1000 -> 5.415 | AC69: =K69-T69 -> 0.459756 | AD69: =+AM69+BA69 -> 14 | AE69: - Change Blade (4x) | AG69: 14 | AM69: =SUM(AF69:AL69)+AT69+AV69+AX69 -> 14 | AR69: =SUM(AN69:AQ69) -> 0 | BA69: =+AR69+AS69+AU69+AW69+AY69+AZ69 -> 0 | BC69: 4
B70: Towel | C70: =(M70*E70*O70*Q70)/100000000 -> 24.657847 | D70: RC BR | E70: 31.5 | F70: 1 | G70: 535 | H70: 0.12 | I70: 0.88 | J70: =E70*G70*(1-H70)*1440/1000000*3.4 -> 72.608659 | K70: =(IF(G70<L70,L70,G70)*(1-IF(H70<N70,H70,N70))*E70*O70*Q70)/100000000 -> 24.890468 | L70: 530 | M70: =+L70-L70*0.12 -> 466.4 | N70: =1-(M70/L70) -> 0.12 | O70: =+'[2]Trim Rwd'!H47 -> 329.09091 | P70: =O70*(Q70-R70-S70) -> 162241.82 | Q70: =30+480 -> 510 | R70: 0 | S70: 17 | T70: =E70*M70*O70*Q70/100000000 -> 24.657847 | U70: =E70*M70*O70*(Q70-R70-S70)/100000000 -> 23.835919 | V70: =E70*G70*(1-N70)*O70/100*(R70+S70)/1000000 -> 0.82968228 | W70: =+'[2]15'!K16/1000 -> 15.468 | Z70: =+'[2]15'!D26/1000 -> 3.693 | AC70: =K70-T70 -> 0.2326212 | AD70: =+AM70+BA70 -> 17 | AE70: - Cleaning | AH70: 17 | AM70: =SUM(AF70:AL70)+AT70+AV70+AX70 -> 17 | AR70: =SUM(AN70:AQ70) -> 0 | BA70: =+AR70+AS70+AU70+AW70+AY70+AZ70 -> 0
B71: Napkin | E71: 18.5 | W71: =+'[2]15'!K13/1000 -> 3.274 | AD71: =+AM71+BA71 -> 10 | AE71: - Change Grade | AI71: 10 | AM71: =SUM(AF71:AL71)+AT71+AV71+AX71 -> 10 | AR71: =SUM(AN71:AQ71) -> 0 | BA71: =+AR71+AS71+AU71+AW71+AY71+AZ71 -> 0
A73: 45977 | B73: Towel | C73: =(M73*E73*O73*Q73)/100000000 -> 69.717847 | D73: RC BR | E73: 31.5 | F73: 1 | G73: 535 | H73: 0.12 | I73: 0.88 | J73: =E73*G73*(1-H73)*1440/1000000*3.4 -> 72.608659 | K73: =(IF(G73<L73,L73,G73)*(1-IF(H73<N73,H73,N73))*E73*O73*Q73)/100000000 -> 70.43597 | L73: 530 | M73: 466 | N73: =1-(M73/L73) -> 0.12075472 | O73: =+'[2]Trim Rwd'!H51 -> 329.82609 | P73: =O73*(Q73-R73-S73) -> 470661.83 | Q73: 1440 | R73: 0 | S73: 13 | T73: =E73*M73*O73*Q73/100000000 -> 69.717847 | U73: =E73*M73*O73*(Q73-R73-S73)/100000000 -> 69.088449 | V73: =E73*G73*(1-N73)*O73/100*(R73+S73)/1000000 -> 0.63533494 | W73: =+'[2]16'!K34/1000 -> 69.229 | X73: =SUM(W73:W76)/SUM(K73:K76) -> 0.98286429 | Y73: 0 | Z73: 0 | AA73: =SUM(U73:U76)-SUM(W73:W76)-SUM(Z73:Z76)-SUM(Y73:Y76) -> -0.14055055 | AB73: =(SUM(K73:K76)-SUM(W73:W76)-SUM(Y73:Y76)-SUM(Z73:Z76)-SUM(AC73:AC76)-SUM(V73:V76))-AA73 -> -0.0059377097 | AC73: =K73-T73 -> 0.71812374 | AD73: =+AM73+BA73 -> 0 | AE73: - Sheet Breaks (0x) | AF73: 0 | AM73: =SUM(AF73:AL73)+AT73+AV73+AX73 -> 0 | AR73: =SUM(AN73:AQ73) -> 0 | BA73: =+AR73+AS73+AU73+AW73+AY73+AZ73 -> 0 | BB73: 0
AD74: =+AM74+BA74 -> 3 | AE74: - Change Blade (2x) | AG74: 3 | AM74: =SUM(AF74:AL74)+AT74+AV74+AX74 -> 3 | AR74: =SUM(AN74:AQ74) -> 0 | BA74: =+AR74+AS74+AU74+AW74+AY74+AZ74 -> 0 | BC74: 2
AD75: =+AM75+BA75 -> 10 | AE75: - Cleaning | AH75: 10 | AM75: =SUM(AF75:AL75)+AT75+AV75+AX75 -> 10 | AR75: =SUM(AN75:AQ75) -> 0 | BA75: =+AR75+AS75+AU75+AW75+AY75+AZ75 -> 0
A77: 45978 | B77: Towel | C77: =(M77*E77*O77*Q77)/100000000 -> 70.908654 | D77: RC BR | E77: 31.5 | F77: 1 | G77: 535 | H77: 0.12 | I77: 0.88 | J77: =E77*G77*(1-H77)*1440/1000000*3.4 -> 72.608659 | K77: =(IF(G77<L77,L77,G77)*(1-IF(H77<N77,H77,N77))*E77*O77*Q77)/100000000 -> 70.908654 | L77: 550 | M77: =+L77-L77*0.12 -> 484 | N77: =1-(M77/L77) -> 0.12 | O77: =+'[2]Trim Rwd'!H54 -> 322.98387 | P77: =O77*(Q77-R77-S77) -> 444102.82 | Q77: 1440 | R77: 0 | S77: 65 | T77: =E77*M77*O77*Q77/100000000 -> 70.908654 | U77: =E77*M77*O77*(Q77-R77-S77)/100000000 -> 67.707916 | V77: =E77*G77*(1-N77)*O77/100*(R77+S77)/1000000 -> 3.113445 | W77: =+'[2]17'!K34/1000 -> 68.511 | X77: =SUM(W77:W80)/SUM(K77:K80) -> 0.96618672 | Y77: 0 | Z77: =+'[2]17'!D34/1000 -> 0.641 | AA77: =SUM(U77:U80)-SUM(W77:W80)-SUM(Z77:Z80)-SUM(Y77:Y80) -> -1.4440837 | AB77: =(SUM(K77:K80)-SUM(W77:W80)-SUM(Y77:Y80)-SUM(Z77:Z80)-SUM(AC77:AC80)-SUM(V77:V80))-AA77 -> 0.087292851 | AC77: =K77-T77 -> 0 | AD77: =+AM77+BA77 -> 0 | AE77: - Sheet Breaks (0x) | AF77: 0 | AM77: =SUM(AF77:AL77)+AT77+AV77+AX77 -> 0 | AR77: =SUM(AN77:AQ77) -> 0 | BA77: =+AR77+AS77+AU77+AW77+AY77+AZ77 -> 0 | BB77: 0
AD78: =+AM78+BA78 -> 16 | AE78: - Change Blade (4x) | AG78: 16 | AM78: =SUM(AF78:AL78)+AT78+AV78+AX78 -> 16 | AR78: =SUM(AN78:AQ78) -> 0 | BA78: =+AR78+AS78+AU78+AW78+AY78+AZ78 -> 0 | BC78: 2
AD79: =+AM79+BA79 -> 7 | AE79: - Cleaning | AH79: 7 | AM79: =SUM(AF79:AL79)+AT79+AV79+AX79 -> 7 | AR79: =SUM(AN79:AQ79) -> 0 | BA79: =+AR79+AS79+AU79+AW79+AY79+AZ79 -> 0
AD80: =+AM80+BA80 -> 42 | AE80: - 19.45 PM tidak lancar kertas brosot | AF80: 42 | AM80: =SUM(AF80:AL80)+AT80+AV80+AX80 -> 42 | AR80: =SUM(AN80:AQ80) -> 0 | BA80: =+AR80+AS80+AU80+AW80+AY80+AZ80 -> 0
A82: 45979 | B82: Towel | C82: =(M82*E82*O82*Q82)/100000000 -> 69.265627 | D82: RC BR | E82: 31.5 | F82: 1 | G82: 535 | H82: 0.12 | I82: 0.88 | J82: =E82*G82*(1-H82)*1440/1000000*3.4 -> 72.608659 | K82: =(IF(G82<L82,L82,G82)*(1-IF(H82<N82,H82,N82))*E82*O82*Q82)/100000000 -> 69.265627 | L82: 550 | M82: =+L82-L82*0.12 -> 484 | N82: =1-(M82/L82) -> 0.12 | O82: =+'[2]Trim Rwd'!H57 -> 315.5 | P82: =O82*(Q82-R82-S82) -> 444224 | Q82: 1440 | R82: 0 | S82: 32 | T82: =E82*M82*O82*Q82/100000000 -> 69.265627 | U82: =E82*M82*O82*(Q82-R82-S82)/100000000 -> 67.726391 | V82: =E82*G82*(1-N82)*O82/100*(R82+S82)/1000000 -> 1.497257 | W82: =+'[2]18'!K34/1000 -> 66.274 | X82: =SUM(W82:W85)/SUM(K82:K85) -> 0.95680935 | Y82: 0 | Z82: 0 | AA82: =SUM(U82:U85)-SUM(W82:W85)-SUM(Z82:Z85)-SUM(Y82:Y85) -> 1.452391 | AB82: =(SUM(K82:K85)-SUM(W82:W85)-SUM(Y82:Y85)-SUM(Z82:Z85)-SUM(AC82:AC85)-SUM(V82:V85))-AA82 -> 0.041979168 | AC82: =K82-T82 -> 0 | AD82: =+AM82+BA82 -> 0 | AE82: - Sheet Breaks (0x) | AF82: 0 | AM82: =SUM(AF82:AL82)+AT82+AV82+AX82 -> 0 | AR82: =SUM(AN82:AQ82) -> 0 | BA82: =+AR82+AS82+AU82+AW82+AY82+AZ82 -> 0 | BB82: 0
AD83: =+AM83+BA83 -> 15 | AE83: - Change Blade (5x) | AG83: 15 | AM83: =SUM(AF83:AL83)+AT83+AV83+AX83 -> 15 | AR83: =SUM(AN83:AQ83) -> 0 | BA83: =+AR83+AS83+AU83+AW83+AY83+AZ83 -> 0 | BC83: 5
AD84: =+AM84+BA84 -> 17 | AE84: - Cleaning | AH84: 17 | AM84: =SUM(AF84:AL84)+AT84+AV84+AX84 -> 17 | AR84: =SUM(AN84:AQ84) -> 0 | BA84: =+AR84+AS84+AU84+AW84+AY84+AZ84 -> 0
A86: 45980 | B86: Towel | C86: =(M86*E86*O86*Q86)/100000000 -> 69.265627 | D86: RC BR | E86: 31.5 | F86: 1 | G86: 535 | H86: 0.12 | I86: 0.88 | J86: =E86*G86*(1-H86)*1440/1000000*3.4 -> 72.608659 | K86: =(IF(G86<L86,L86,G86)*(1-IF(H86<N86,H86,N86))*E86*O86*Q86)/100000000 -> 69.265627 | L86: 550 | M86: =+L86-L86*0.12 -> 484 | N86: =1-(M86/L86) -> 0.12 | O86: =+'[2]Trim Rwd'!H59 -> 315.5 | P86: =O86*(Q86-R86-S86) -> 449587.5 | Q86: 1440 | R86: 0 | S86: 15 | T86: =E86*M86*O86*Q86/100000000 -> 69.265627 | U86: =E86*M86*O86*(Q86-R86-S86)/100000000 -> 68.54411 | V86: =E86*G86*(1-N86)*O86/100*(R86+S86)/1000000 -> 0.70183922 | W86: =+'[2]19'!K34/1000 -> 67.876 | X86: =SUM(W86:W89)/SUM(K86:K89) -> 0.97993771 | Y86: 0 | Z86: 0 | AA86: =SUM(U86:U89)-SUM(W86:W89)-SUM(Z86:Z89)-SUM(Y86:Y89) -> 0.66811025 | AB86: =(SUM(K86:K89)-SUM(W86:W89)-SUM(Y86:Y89)-SUM(Z86:Z89)-SUM(AC86:AC89)-SUM(V86:V89))-AA86 -> 0.019677735 | AC86: =K86-T86 -> 0 | AD86: =+AM86+BA86 -> 1 | AE86: - Sheet Breaks (1x) | AF86: 1 | AM86: =SUM(AF86:AL86)+AT86+AV86+AX86 -> 1 | AR86: =SUM(AN86:AQ86) -> 0 | BA86: =+AR86+AS86+AU86+AW86+AY86+AZ86 -> 0 | BB86: 1
AD87: =+AM87+BA87 -> 4 | AE87: - Change Blade (3x) | AG87: 4 | AM87: =SUM(AF87:AL87)+AT87+AV87+AX87 -> 4 | AR87: =SUM(AN87:AQ87) -> 0 | BA87: =+AR87+AS87+AU87+AW87+AY87+AZ87 -> 0 | BC87: 3
AD88: =+AM88+BA88 -> 10 | AE88: - Cleaning | AH88: 10 | AM88: =SUM(AF88:AL88)+AT88+AV88+AX88 -> 10 | AR88: =SUM(AN88:AQ88) -> 0 | BA88: =+AR88+AS88+AU88+AW88+AY88+AZ88 -> 0
A90: 45981 | B90: Towel | C90: =(M90*E90*O90*Q90)/100000000 -> 70.976766 | D90: RC BR | E90: 31.5 | F90: 1 | G90: 535 | H90: 0.12 | I90: 0.88 | J90: =E90*G90*(1-H90)*1440/1000000*3.4 -> 72.608659 | K90: =(IF(G90<L90,L90,G90)*(1-IF(H90<N90,H90,N90))*E90*O90*Q90)/100000000 -> 70.976766 | L90: 550 | M90: =+L90-L90*0.12 -> 484 | N90: =1-(M90/L90) -> 0.12 | O90: =+'[2]Trim Rwd'!H61 -> 323.29412 | P90: =O90*(Q90-R90-S90) -> 450672 | Q90: 1440 | R90: 0 | S90: 46 | T90: =E90*M90*O90*Q90/100000000 -> 70.976766 | U90: =E90*M90*O90*(Q90-R90-S90)/100000000 -> 68.709453 | V90: =E90*G90*(1-N90)*O90/100*(R90+S90)/1000000 -> 2.2054776 | W90: =+'[2]20'!K34/1000 -> 69.277 | X90: =SUM(W90:W93)/SUM(K90:K93) -> 0.97605179 | Y90: 0 | Z90: 0 | AA90: =SUM(U90:U93)-SUM(W90:W93)-SUM(Z90:Z93)-SUM(Y90:Y93) -> -0.56754688 | AB90: =(SUM(K90:K93)-SUM(W90:W93)-SUM(Y90:Y93)-SUM(Z90:Z93)-SUM(AC90:AC93)-SUM(V90:V93))-AA90 -> 0.061835819 | AC90: =K90-T90 -> 0 | AD90: =+AM90+BA90 -> 0 | AE90: - Sheet Breaks (0x) | AF90: 0 | AM90: =SUM(AF90:AL90)+AT90+AV90+AX90 -> 0 | AR90: =SUM(AN90:AQ90) -> 0 | BA90: =+AR90+AS90+AU90+AW90+AY90+AZ90 -> 0 | BB90: 0
AD91: =+AM91+BA91 -> 17 | AE91: - Change Blade (3x) | AG91: 17 | AM91: =SUM(AF91:AL91)+AT91+AV91+AX91 -> 17 | AR91: =SUM(AN91:AQ91) -> 0 | BA91: =+AR91+AS91+AU91+AW91+AY91+AZ91 -> 0 | BC91: 3
AD92: =+AM92+BA92 -> 29 | AE92: - Cleaning | AH92: 29 | AM92: =SUM(AF92:AL92)+AT92+AV92+AX92 -> 29 | AR92: =SUM(AN92:AQ92) -> 0 | BA92: =+AR92+AS92+AU92+AW92+AY92+AZ92 -> 0
A94: 45982 | B94: Towel | C94: =(M94*E94*O94*Q94)/100000000 -> 72.009907 | D94: RC BR | E94: 31.5 | F94: 1 | G94: 535 | H94: 0.12 | I94: 0.88 | J94: =E94*G94*(1-H94)*1440/1000000*3.4 -> 72.608659 | K94: =(IF(G94<L94,L94,G94)*(1-IF(H94<N94,H94,N94))*E94*O94*Q94)/100000000 -> 72.009907 | L94: 550 | M94: =+L94-L94*0.12 -> 484 | N94: =1-(M94/L94) -> 0.12 | O94: =+'[2]Trim Rwd'!H65 -> 328 | P94: =O94*(Q94-R94-S94) -> 460184 | Q94: 1440 | R94: 0 | S94: 37 | T94: =E94*M94*O94*Q94/100000000 -> 72.009907 | U94: =E94*M94*O94*(Q94-R94-S94)/100000000 -> 70.159653 | V94: =E94*G94*(1-N94)*O94/100*(R94+S94)/1000000 -> 1.7997931 | W94: =+'[2]21'!K34/1000 -> 70.474 | X94: =SUM(W94:W97)/SUM(K94:K97) -> 0.97867089 | Y94: 0 | Z94: 0 | AA94: =SUM(U94:U97)-SUM(W94:W97)-SUM(Z94:Z97)-SUM(Y94:Y97) -> -0.31434736 | AB94: =(SUM(K94:K97)-SUM(W94:W97)-SUM(Y94:Y97)-SUM(Z94:Z97)-SUM(AC94:AC97)-SUM(V94:V97))-AA94 -> 0.050461488 | AC94: =K94-T94 -> 0 | AD94: =+AM94+BA94 -> 0 | AE94: - Sheet Breaks (0x) | AF94: 0 | AM94: =SUM(AF94:AL94)+AT94+AV94+AX94 -> 0 | AR94: =SUM(AN94:AQ94) -> 0 | BA94: =+AR94+AS94+AU94+AW94+AY94+AZ94 -> 0 | BB94: 0
AD95: =+AM95+BA95 -> 12 | AE95: - Change Blade (3x) | AG95: 12 | AM95: =SUM(AF95:AL95)+AT95+AV95+AX95 -> 12 | AR95: =SUM(AN95:AQ95) -> 0 | BA95: =+AR95+AS95+AU95+AW95+AY95+AZ95 -> 0 | BC95: 3
AD96: =+AM96+BA96 -> 25 | AE96: - Cleaning | AH96: 25 | AM96: =SUM(AF96:AL96)+AT96+AV96+AX96 -> 25 | AR96: =SUM(AN96:AQ96) -> 0 | BA96: =+AR96+AS96+AU96+AW96+AY96+AZ96 -> 0
A98: 45983 | B98: Towel | C98: =(M98*E98*O98*Q98)/100000000 -> 72.009907 | D98: RC BR | E98: 31.5 | F98: 1 | G98: 535 | H98: 0.12 | I98: 0.88 | J98: =E98*G98*(1-H98)*1440/1000000*3.4 -> 72.608659 | K98: =(IF(G98<L98,L98,G98)*(1-IF(H98<N98,H98,N98))*E98*O98*Q98)/100000000 -> 72.009907 | L98: 550 | M98: =+L98-L98*0.12 -> 484 | N98: =1-(M98/L98) -> 0.12 | O98: =+'[2]Trim Rwd'!H67 -> 328 | P98: =O98*(Q98-R98-S98) -> 460184 | Q98: 1440 | R98: 0 | S98: 37 | T98: =E98*M98*O98*Q98/100000000 -> 72.009907 | U98: =E98*M98*O98*(Q98-R98-S98)/100000000 -> 70.159653 | V98: =E98*G98*(1-N98)*O98/100*(R98+S98)/1000000 -> 1.7997931 | W98: =+'[2]22'!K34/1000 -> 69.785 | X98: =SUM(W98:W101)/SUM(K98:K101) -> 0.96910276 | Y98: 0 | Z98: 0 | AA98: =SUM(U98:U101)-SUM(W98:W101)-SUM(Z98:Z101)-SUM(Y98:Y101) -> 0.37465264 | AB98: =(SUM(K98:K101)-SUM(W98:W101)-SUM(Y98:Y101)-SUM(Z98:Z101)-SUM(AC98:AC101)-SUM(V98:V101))-AA98 -> 0.050461488 | AC98: =K98-T98 -> 0 | AD98: =+AM98+BA98 -> 0 | AE98: - Sheet Breaks (0x) | AF98: 0 | AM98: =SUM(AF98:AL98)+AT98+AV98+AX98 -> 0 | AR98: =SUM(AN98:AQ98) -> 0 | BA98: =+AR98+AS98+AU98+AW98+AY98+AZ98 -> 0 | BB98: 0
AD99: =+AM99+BA99 -> 12 | AE99: - Change Blade (3x) | AG99: 12 | AM99: =SUM(AF99:AL99)+AT99+AV99+AX99 -> 12 | AR99: =SUM(AN99:AQ99) -> 0 | BA99: =+AR99+AS99+AU99+AW99+AY99+AZ99 -> 0 | BC99: 3
AD100: =+AM100+BA100 -> 25 | AE100: - Cleaning | AH100: 25 | AM100: =SUM(AF100:AL100)+AT100+AV100+AX100 -> 25 | AR100: =SUM(AN100:AQ100) -> 0 | BA100: =+AR100+AS100+AU100+AW100+AY100+AZ100 -> 0
A102: 45984 | B102: Towel | C102: =(M102*E102*O102*Q102)/100000000 -> 9.0012384 | D102: RC BR | E102: 31.5 | F102: 1 | G102: 535 | H102: 0.12 | I102: 0.88 | J102: =E102*G102*(1-H102)*1440/1000000*3.4 -> 72.608659 | K102: =(IF(G102<L102,L102,G102)*(1-IF(H102<N102,H102,N102))*E102*O102*Q102)/100000000 -> 9.0012384 | L102: 550 | M102: =+L102-L102*0.12 -> 484 | N102: =1-(M102/L102) -> 0.12 | O102: =+'[2]Trim Rwd'!H69 -> 328 | P102: =O102*(Q102-R102-S102) -> 57072 | Q102: 180 | R102: 0 | S102: 6 | T102: =E102*M102*O102*Q102/100000000 -> 9.0012384 | U102: =E102*M102*O102*(Q102-R102-S102)/100000000 -> 8.7011971 | V102: =E102*G102*(1-N102)*O102/100*(R102+S102)/1000000 -> 0.29185834 | W102: =+'[2]23'!K16/1000 -> 15.982 | X102: =SUM(W102:W105)/SUM(K102:K105) -> 0.9709941 | Y102: 0 | Z102: =+'[2]23'!D7/1000 -> 0.503 | AA102: =SUM(U102:U105)-SUM(W102:W105)-SUM(Z102:Z105)-SUM(Y102:Y105) -> 0.31124192 | AB102: =(SUM(K102:K105)-SUM(W102:W105)-SUM(Y102:Y105)-SUM(Z102:Z105)-SUM(AC102:AC105)-SUM(V102:V105))-AA102 -> 0.066553344 | AC102: =K102-T102 -> 0 | AD102: =+AM102+BA102 -> 0 | AE102: - Sheet Breaks (0x) | AF102: 0 | AM102: =SUM(AF102:AL102)+AT102+AV102+AX102 -> 0 | AR102: =SUM(AN102:AQ102) -> 0 | BA102: =+AR102+AS102+AU102+AW102+AY102+AZ102 -> 0 | BB102: 0
B103: Towel | C103: =(M103*E103*O103*Q103)/100000000 -> 64.966255 | D103: RC BR | E103: 33.5 | F103: 1 | G103: 500 | H103: 0.12 | I103: 0.88 | J103: =E103*G103*(1-H103)*1440/1000000*3.4 -> 72.16704 | K103: =(IF(G103<L103,L103,G103)*(1-IF(H103<N103,H103,N103))*E103*O103*Q103)/100000000 -> 64.966255 | L103: 530 | M103: =+L103-L103*0.12 -> 466.4 | N103: =1-(M103/L103) -> 0.12 | O103: =+'[2]Trim Rwd'!H70 -> 330 | P103: =O103*(Q103-R103-S103) -> 409200 | Q103: 1260 | R103: 0 | S103: 20 | T103: =E103*M103*O103*Q103/100000000 -> 64.966255 | U103: =E103*M103*O103*(Q103-R103-S103)/100000000 -> 63.935045 | V103: =E103*G103*(1-N103)*O103/100*(R103+S103)/1000000 -> 0.97284 | W103: =+'[2]23'!K17/1000 -> 55.84 | AC103: =K103-T103 -> 0 | AD103: =+AM103+BA103 -> 8 | AE103: - Change Blade (3x) | AG103: 8 | AM103: =SUM(AF103:AL103)+AT103+AV103+AX103 -> 8 | AR103: =SUM(AN103:AQ103) -> 0 | BA103: =+AR103+AS103+AU103+AW103+AY103+AZ103 -> 0 | BC103: 3
AD104: =+AM104+BA104 -> 16 | AE104: - Cleaning | AH104: 16 | AM104: =SUM(AF104:AL104)+AT104+AV104+AX104 -> 16 | AR104: =SUM(AN104:AQ104) -> 0 | BA104: =+AR104+AS104+AU104+AW104+AY104+AZ104 -> 0
AD105: =+AM105+BA105 -> 2 | AE105: - Change Grade | AI105: 2 | AM105: =SUM(AF105:AL105)+AT105+AV105+AX105 -> 2 | AR105: =SUM(AN105:AQ105) -> 0 | BA105: =+AR105+AS105+AU105+AW105+AY105+AZ105 -> 0
A107: 45985 | B107: Towel | C107: =(M107*E107*O107*Q107)/100000000 -> 74.247149 | D107: RC BR | E107: 33.5 | F107: 1 | G107: 500 | H107: 0.12 | I107: 0.88 | J107: =E107*G107*(1-H107)*1440/1000000*3.4 -> 72.16704 | K107: =(IF(G107<L107,L107,G107)*(1-IF(H107<N107,H107,N107))*E107*O107*Q107)/100000000 -> 74.247149 | L107: 530 | M107: =+L107-L107*0.12 -> 466.4 | N107: =1-(M107/L107) -> 0.12 | O107: =+'[2]Trim Rwd'!H72 -> 330 | P107: =O107*(Q107-R107-S107) -> 467280 | Q107: 1440 | R107: 0 | S107: 24 | T107: =E107*M107*O107*Q107/100000000 -> 74.247149 | U107: =E107*M107*O107*(Q107-R107-S107)/100000000 -> 73.009696 | V107: =E107*G107*(1-N107)*O107/100*(R107+S107)/1000000 -> 1.167408 | W107: =+'[2]24'!K34/1000 -> 72.923 | X107: =SUM(W107:W110)/SUM(K107:K110) -> 0.98216566 | Y107: 0 | Z107: =+'[2]23'!D12/1000 -> 0 | AA107: =SUM(U107:U110)-SUM(W107:W110)-SUM(Z107:Z110)-SUM(Y107:Y110) -> 0.08669632 | AB107: =(SUM(K107:K110)-SUM(W107:W110)-SUM(Y107:Y110)-SUM(Z107:Z110)-SUM(AC107:AC110)-SUM(V107:V110))-AA107 -> 0.07004448 | AC107: =K107-T107 -> 0 | AD107: =+AM107+BA107 -> 0 | AE107: - Sheet Breaks (0x) | AF107: 0 | AM107: =SUM(AF107:AL107)+AT107+AV107+AX107 -> 0 | AR107: =SUM(AN107:AQ107) -> 0 | BA107: =+AR107+AS107+AU107+AW107+AY107+AZ107 -> 0 | BB107: 0
AD108: =+AM108+BA108 -> 14 | AE108: - Change Blade (3x) | AG108: 14 | AM108: =SUM(AF108:AL108)+AT108+AV108+AX108 -> 14 | AR108: =SUM(AN108:AQ108) -> 0 | BA108: =+AR108+AS108+AU108+AW108+AY108+AZ108 -> 0 | BC108: 3
AD109: =+AM109+BA109 -> 10 | AE109: - Cleaning | AH109: 10 | AM109: =SUM(AF109:AL109)+AT109+AV109+AX109 -> 10 | AR109: =SUM(AN109:AQ109) -> 0 | BA109: =+AR109+AS109+AU109+AW109+AY109+AZ109 -> 0
A111: 45986 | B111: Towel | C111: =(M111*E111*O111*Q111)/100000000 -> 15.468156 | D111: RC BR | E111: 33.5 | F111: 1 | G111: 500 | H111: 0.12 | I111: 0.88 | J111: =E111*G111*(1-H111)*1440/1000000*3.4 -> 72.16704 | K111: =(IF(G111<L111,L111,G111)*(1-IF(H111<N111,H111,N111))*E111*O111*Q111)/100000000 -> 15.468156 | L111: 530 | M111: =+L111-L111*0.12 -> 466.4 | N111: =1-(M111/L111) -> 0.12 | O111: =+'[2]Trim Rwd'!H74 -> 330 | P111: =O111*(Q111-R111-S111) -> 98010 | Q111: 300 | R111: 0 | S111: 3 | T111: =E111*M111*O111*Q111/100000000 -> 15.468156 | U111: =E111*M111*O111*(Q111-R111-S111)/100000000 -> 15.313474 | V111: =E111*G111*(1-N111)*O111/100*(R111+S111)/1000000 -> 0.145926 | W111: =+'[2]25'!K17/1000 -> 25.828 | X111: =SUM(W111:W114)/SUM(K111:K114) -> 0.67743153 | Y111: 0 | Z111: 0 | AA111: =SUM(U111:U114)-SUM(W111:W114)-SUM(Z111:Z114)-SUM(Y111:Y114) -> -1.8505556 | AB111: =(SUM(K111:K114)-SUM(W111:W114)-SUM(Y111:Y114)-SUM(Z111:Z114)-SUM(AC111:AC114)-SUM(V111:V114))-AA111 -> 0.24461118 | AC111: =K111-T111 -> 0 | AD111: =+AM111+BA111 -> 0 | AE111: - Sheet Breaks (0x) | AF111: 0 | AM111: =SUM(AF111:AL111)+AT111+AV111+AX111 -> 0 | AR111: =SUM(AN111:AQ111) -> 0 | BA111: =+AR111+AS111+AU111+AW111+AY111+AZ111 -> 0 | BB111: 0
B112: Towel | C112: =(M112*E112*O112*Q112)/100000000 -> 54.872532 | D112: RC BR | E112: 34 | F112: 1 | G112: 495 | H112: 0.12 | I112: 0.88 | J112: =E112*G112*(1-H112)*1440/1000000*3.4 -> 72.511718 | K112: =(IF(G112<L112,L112,G112)*(1-IF(H112<N112,H112,N112))*E112*O112*Q112)/100000000 -> 54.872532 | L112: 500 | M112: =+L112-L112*0.12 -> 440 | N112: =1-(M112/L112) -> 0.12 | O112: =+'[2]Trim Rwd'!H75 -> 321.75 | P112: =O112*(Q112-R112-S112) -> 209137.5 | Q112: 1140 | R112: =240+230 -> 470 | S112: 20 | T112: =E112*M112*O112*Q112/100000000 -> 54.872532 | U112: =E112*M112*O112*(Q112-R112-S112)/100000000 -> 31.28697 | V112: =E112*G112*(1-N112)*O112/100*(R112+S112)/1000000 -> 23.349706 | W112: =+'[2]25'!K18/1000 -> 21.823 | Z112: =+'[2]25'!D34/1000 -> 0.8 | AC112: =K112-T112 -> 0 | AD112: =+AM112+BA112 -> 11 | AE112: - Change Blade (3x) | AG112: 11 | AM112: =SUM(AF112:AL112)+AT112+AV112+AX112 -> 11 | AR112: =SUM(AN112:AQ112) -> 0 | BA112: =+AR112+AS112+AU112+AW112+AY112+AZ112 -> 0 | BC112: 3
AD113: =+AM113+BA113 -> 7 | AE113: - Cleaning | AH113: 7 | AM113: =SUM(AF113:AL113)+AT113+AV113+AX113 -> 7 | AR113: =SUM(AN113:AQ113) -> 0 | BA113: =+AR113+AS113+AU113+AW113+AY113+AZ113 -> 0
AD114: =+AM114+BA114 -> 5 | AE114: - Change Grade | AI114: 5 | AM114: =SUM(AF114:AL114)+AT114+AV114+AX114 -> 5 | AR114: =SUM(AN114:AQ114) -> 0 | BA114: =+AR114+AS114+AU114+AW114+AY114+AZ114 -> 0
AD115: =+AM115+BA115 -> 240 | AE115: - 13.30 pm stop, ada hole sblah DS, ganti wire | AM115: =SUM(AF115:AL115)+AT115+AV115+AX115 -> 0 | AN115: 240 | AR115: =SUM(AN115:AQ115) -> 240 | BA115: =+AR115+AS115+AU115+AW115+AY115+AZ115 -> 240 | BF115: 1
AD116: =+AM116+BA116 -> 230 | AE116: - PM stop lanjut MED ganti breastroll | AM116: =SUM(AF116:AL116)+AT116+AV116+AX116 -> 0 | AO116: 230 | AR116: =SUM(AN116:AQ116) -> 230 | BA116: =+AR116+AS116+AU116+AW116+AY116+AZ116 -> 230
A118: 45987 | B118: Towel | C118: =(M118*E118*O118*Q118)/100000000 -> 7.985648 | D118: RC BR | E118: 34 | F118: 1 | G118: 495 | H118: 0.12 | I118: 0.88 | J118: =E118*G118*(1-H118)*1440/1000000*3.4 -> 72.511718 | K118: =(IF(G118<L118,L118,G118)*(1-IF(H118<N118,H118,N118))*E118*O118*Q118)/100000000 -> 7.985648 | L118: 500 | M118: =+L118-L118*0.12 -> 440 | N118: =1-(M118/L118) -> 0.12 | O118: =+'[2]Trim Rwd'!H79 -> 314 | P118: =O118*(Q118-R118-S118) -> 48670 | Q118: 170 | R118: 0 | S118: 15 | T118: =E118*M118*O118*Q118/100000000 -> 7.985648 | U118: =E118*M118*O118*(Q118-R118-S118)/100000000 -> 7.281032 | V118: =E118*G118*(1-N118)*O118/100*(R118+S118)/1000000 -> 0.69756984 | W118: =+'[2]26'!K18/1000 -> 6.03 | X118: =SUM(W118:W121)/SUM(K118:K121) -> 0.94005021 | Y118: 0 | Z118: 0 | AA118: =SUM(U118:U121)-SUM(W118:W121)-SUM(Z118:Z121)-SUM(Y118:Y121) -> 1.469913 | AB118: =(SUM(K118:K121)-SUM(W118:W121)-SUM(Y118:Y121)-SUM(Z118:Z121)-SUM(AC118:AC121)-SUM(V118:V121))-AA118 -> 0.057402065 | AC118: =K118-T118 -> 0 | AD118: =+AM118+BA118 -> 15 | AE118: - Sheet Breaks (2x) | AF118: 15 | AM118: =SUM(AF118:AL118)+AT118+AV118+AX118 -> 15 | AR118: =SUM(AN118:AQ118) -> 0 | BA118: =+AR118+AS118+AU118+AW118+AY118+AZ118 -> 0 | BB118: 2
B119: Towel | C119: =(M119*E119*O119*Q119)/100000000 -> 63.951999 | D119: RC BR | E119: 35.5 | F119: 1 | G119: 475 | H119: 0.12 | I119: 0.88 | J119: =E119*G119*(1-H119)*1440/1000000*3.4 -> 72.651744 | K119: =(IF(G119<L119,L119,G119)*(1-IF(H119<N119,H119,N119))*E119*O119*Q119)/100000000 -> 63.951999 | L119: 500 | M119: =+L119-L119*0.12 -> 440 | N119: =1-(M119/L119) -> 0.12 | O119: =+'[2]Trim Rwd'!H80 -> 322.38095 | P119: =O119*(Q119-R119-S119) -> 402976.19 | Q119: 1270 | R119: 0 | S119: 20 | T119: =E119*M119*O119*Q119/100000000 -> 63.951999 | U119: =E119*M119*O119*(Q119-R119-S119)/100000000 -> 62.944881 | V119: =E119*G119*(1-N119)*O119/100*(R119+S119)/1000000 -> 0.95676219 | W119: =+'[2]26'!K19/1000 -> 61.595 | Z119: =+'[2]26'!D34/1000 -> 1.131 | AC119: =K119-T119 -> 0 | AD119: =+AM119+BA119 -> 7 | AE119: - Change Blade (2x) | AG119: 7 | AM119: =SUM(AF119:AL119)+AT119+AV119+AX119 -> 7 | AR119: =SUM(AN119:AQ119) -> 0 | BA119: =+AR119+AS119+AU119+AW119+AY119+AZ119 -> 0 | BC119: 2
AD120: =+AM120+BA120 -> 8 | AE120: - Cleaning | AH120: 8 | AM120: =SUM(AF120:AL120)+AT120+AV120+AX120 -> 8 | AR120: =SUM(AN120:AQ120) -> 0 | BA120: =+AR120+AS120+AU120+AW120+AY120+AZ120 -> 0
AD121: =+AM121+BA121 -> 5 | AE121: - Change Grade | AI121: 5 | AM121: =SUM(AF121:AL121)+AT121+AV121+AX121 -> 5 | AR121: =SUM(AN121:AQ121) -> 0 | BA121: =+AR121+AS121+AU121+AW121+AY121+AZ121 -> 0
A123: 45988 | B123: Towel | C123: =(M123*E123*O123*Q123)/100000000 -> 67.484897 | D123: RC BR | E123: 34 | F123: 1 | G123: 495 | H123: 0.12 | I123: 0.88 | J123: =E123*G123*(1-H123)*1440/1000000*3.4 -> 72.511718 | K123: =(IF(G123<L123,L123,G123)*(1-IF(H123<N123,H123,N123))*E123*O123*Q123)/100000000 -> 69.5938 | L123: 480 | M123: =+L123-L123*0.12 -> 422.4 | N123: =1-(M123/L123) -> 0.12 | O123: =+'[2]Trim Rwd'!H83 -> 326.31818 | P123: =O123*(Q123-R123-S123) -> 457171.77 | Q123: 1440 | R123: 0 | S123: 39 | T123: =E123*M123*O123*Q123/100000000 -> 67.484897 | U123: =E123*M123*O123*(Q123-R123-S123)/100000000 -> 65.657181 | V123: =E123*G123*(1-N123)*O123/100*(R123+S123)/1000000 -> 1.8848321 | W123: =+'[2]27'!K34/1000 -> 59.889 | X123: =SUM(W123:W126)/SUM(K123:K126) -> 0.86055079 | Y123: 0 | Z123: =+'[2]27'!D34/1000 -> 3.32 | AA123: =SUM(U123:U126)-SUM(W123:W126)-SUM(Z123:Z126)-SUM(Y123:Y126) -> 2.4481813 | AB123: =(SUM(K123:K126)-SUM(W123:W126)-SUM(Y123:Y126)-SUM(Z123:Z126)-SUM(AC123:AC126)-SUM(V123:V126))-AA123 -> -0.057116124 | AC123: =K123-T123 -> 2.108903 | AD123: =+AM123+BA123 -> 1 | AE123: - Sheet Breaks (1x) | AF123: 1 | AM123: =SUM(AF123:AL123)+AT123+AV123+AX123 -> 1 | AR123: =SUM(AN123:AQ123) -> 0 | BA123: =+AR123+AS123+AU123+AW123+AY123+AZ123 -> 0 | BB123: 1
AD124: =+AM124+BA124 -> 28 | AE124: - Change Blade (3x) | AG124: 28 | AM124: =SUM(AF124:AL124)+AT124+AV124+AX124 -> 28 | AR124: =SUM(AN124:AQ124) -> 0 | BA124: =+AR124+AS124+AU124+AW124+AY124+AZ124 -> 0 | BC124: 3
AD125: =+AM125+BA125 -> 10 | AE125: - Cleaning | AH125: 10 | AM125: =SUM(AF125:AL125)+AT125+AV125+AX125 -> 10 | AR125: =SUM(AN125:AQ125) -> 0 | BA125: =+AR125+AS125+AU125+AW125+AY125+AZ125 -> 0
A127: 45989 | B127: Towel | C127: =(M127*E127*O127*Q127)/100000000 -> 66.474363 | D127: RC BR | E127: 34 | F127: 1 | G127: 495 | H127: 0.12 | I127: 0.88 | J127: =E127*G127*(1-H127)*1440/1000000*3.4 -> 72.511718 | K127: =(IF(G127<L127,L127,G127)*(1-IF(H127<N127,H127,N127))*E127*O127*Q127)/100000000 -> 68.551687 | L127: 480 | M127: =+L127-L127*0.12 -> 422.4 | N127: =1-(M127/L127) -> 0.12 | O127: =+'[2]Trim Rwd'!H87 -> 321.43182 | P127: =O127*(Q127-R127-S127) -> 454504.59 | Q127: 1440 | R127: 0 | S127: 26 | T127: =E127*M127*O127*Q127/100000000 -> 66.474363 | U127: =E127*M127*O127*(Q127-R127-S127)/100000000 -> 65.274131 | V127: =E127*G127*(1-N127)*O127/100*(R127+S127)/1000000 -> 1.2377388 | W127: =+'[2]28'!K34/1000 -> 63.692 | X127: =SUM(W127:W130)/SUM(K127:K130) -> 0.92910916 | Y127: 0 | Z127: =+'[2]28'!D34/1000 -> 4.14 | AA127: =SUM(U127:U130)-SUM(W127:W130)-SUM(Z127:Z130)-SUM(Y127:Y130) -> -2.5578687 | AB127: =(SUM(K127:K130)-SUM(W127:W130)-SUM(Y127:Y130)-SUM(Z127:Z130)-SUM(AC127:AC130)-SUM(V127:V130))-AA127 -> -0.037507236 | AC127: =K127-T127 -> 2.0773238 | AD127: =+AM127+BA127 -> 0 | AE127: - Sheet Breaks (0x) | AF127: 0 | AM127: =SUM(AF127:AL127)+AT127+AV127+AX127 -> 0 | AR127: =SUM(AN127:AQ127) -> 0 | BA127: =+AR127+AS127+AU127+AW127+AY127+AZ127 -> 0 | BB127: 0
AD128: =+AM128+BA128 -> 8 | AE128: - Change Blade (2x) | AG128: 8 | AM128: =SUM(AF128:AL128)+AT128+AV128+AX128 -> 8 | AR128: =SUM(AN128:AQ128) -> 0 | BA128: =+AR128+AS128+AU128+AW128+AY128+AZ128 -> 0 | BC128: 2
...

Sheet PM 14
A1: PM14 Efficiency Running Report
A3: Date | B3: Grade | C3: Speed real (ton) with Available Time | D3: Colour | E3: gsm | F3: Ply | G3: Standard | L3: Real Running | O3: Trim Rewinder (cm) | P3: Trim Rewinder x Running Time | Q3: Available Time (mnt) | R3: Down Time (mnt) | S3: Loss Time (mnt) | T3: Real Speed & Real Creepe Ratio with Available Time (ton) | U3: Real Speed & Real Creepe Ratio setelah dipotong DT & LT (ton) | V3: Loss tonase akibat DT + LT dari hitungan Teori with available time (ton) | W3: Accepted (ton) | X3: Real Eff dr Target Eff | Y3: Backlog | Z3: Reject Rewinder (ton) | AA3: Estimasi Reject to Broke Plant (ton) | AB3: Estimasi Faktor BW (ton) | AC3: Loss Opportunity in Speed (ton) | AD3: Downtime/ Losstime | AE3: Reason of Downtime / Losstime | AF3: Loss Time | AM3: Total Losstime | AN3: Unschedule Shut Down (mnt) | AS3: Schedule Shut Down | AT3: Marketing | AV3: EXT FACTOR | AX3: EXT FACTOR | AZ3: MANAGEMENT | BA3: Total Down Time | BB3: Freq. Sheets Break (X) | BC3: Freq. Change Blade (X) | BD3: Steam, & gangguan sinergy (X) | BE3: Freq, Trip PLN (X) | BF3: Cleaning Holes (X)
AF4: Proses | AI4: Change Grade | AJ4: Mekanik | AK4: Electric & Instrument | AL4: Boiler | AN4: Down Time Produksi | AO4: Mekanik | AP4: Electrical & Instrument | AQ4: Boiler | AR4: Total Unschedule Shut Down | AV4: LOSS | AW4: DOWN TIME | AX4: LOSS | AY4: DOWN TIME
G5: Yankee Speed (mpm) | H5: Max % Creeping | I5: Target Eff | J5: Kapasitas PM-Teori (ton) | K5: Teori (ton) with Available Time | L5: Yankee Speed (mpm) | M5: Popereel Speed (mpm) | N5: % Creeping | AF5: sheet break | AG5: change blade | AH5: change spool | AT5: Loss time | AU5: Down Time | AV5: SINERGY | AW5: SINERGY | AX5: PLN | AY5: PLN
A6: =+[3]Report1!A9 -> 45962 | B6: STOP | C6: =(M6*E6*O6*Q6)/100000000 -> 0 | D6: VP OW | E6: 12 | F6: 1 | G6: 1230 | H6: =+N6 -> 0.23417344 | I6: 0.88 | J6: =E6*G6*(1-H6)*1440/1000000*2.74 -> 44.599484 | K6: =(IF(G6<L6,L6,G6)*(1-IF(H6<N6,H6,N6))*E6*O6*Q6)/100000000 -> 0 | L6: 1230 | M6: 941.96667 | N6: =1-(M6/L6) -> 0.23417344 | O6: =+'[3]Trim Rwd'!H4 -> 266 | P6: =O6*(Q6-R6-S6) -> 0 | Q6: =1440-1440 -> 0 | R6: =1440-1440 -> 0 | S6: 0 | T6: =E6*M6*O6*Q6/100000000 -> 0 | U6: =E6*M6*O6*(Q6-R6-S6)/100000000 -> 0 | V6: =E6*G6*(1-N6)*O6/100*(R6+S6)/1000000 -> 0 | W6: =+'[3]1'!C34/1000 -> 0 | X6: =SUM(W6:W10)/SUM(K6:K10) -> #DIV/0! | Y6: 0 | Z6: =+'[3]1'!D25/1000 -> 0 | AA6: =SUM(U6:U10)-SUM(W6:W10)-SUM(Z6:Z10)-SUM(Y6:Y10) -> 0 | AB6: =(SUM(K6:K10)-SUM(W6:W10)-SUM(Y6:Y10)-SUM(Z6:Z10)-SUM(AC6:AC10)-SUM(V6:V10))-AA6 -> 0 | AC6: =K6-T6 -> 0 | AD6: =+AM6+BA6 -> 0 | AE6: - Sheet Breaks (0x) | AF6: 0 | AM6: =SUM(AF6:AL6)+AT6+AV6+AX6 -> 0 | AR6: =SUM(AN6:AQ6) -> 0 | BA6: =+AR6+AS6+AU6+AW6+AY6+AZ6 -> 0 | BB6: 0
AD7: =+AM7+BA7 -> 0 | AE7: - Change Blade (0x) | AG7: 0 | AM7: =SUM(AF7:AL7)+AT7+AV7+AX7 -> 0 | AR7: =SUM(AN7:AQ7) -> 0 | BA7: =+AR7+AS7+AU7+AW7+AY7+AZ7 -> 0 | BC7: 0
AD8: =+AM8+BA8 -> 0 | AE8: - Change Spool (0x) | AH8: 0 | AM8: =SUM(AF8:AL8)+AT8+AV8+AX8 -> 0 | AR8: =SUM(AN8:AQ8) -> 0 | BA8: =+AR8+AS8+AU8+AW8+AY8+AZ8 -> 0
AD9: =+AM9+BA9 -> 0 | AE9: - Cleaning | AI9: 0 | AM9: =SUM(AF9:AL9)+AT9+AV9+AX9 -> 0 | AR9: =SUM(AN9:AQ9) -> 0 | BA9: =+AR9+AS9+AU9+AW9+AY9+AZ9 -> 0
AD10: =+AM10+BA10 -> 0 | AE10: - Grinding Yankee | AM10: =SUM(AF10:AL10)+AT10+AV10+AX10 -> 0 | AR10: =SUM(AN10:AQ10) -> 0 | AZ10: =1440-1440 -> 0 | BA10: =+AR10+AS10+AU10+AW10+AY10+AZ10 -> 0
AM11: =SUM(AF11:AL11)+AT11+AV11+AX11 -> 0
A12: 45963 | B12: STOP | C12: =(M12*E12*O12*Q12)/100000000 -> 0 | D12: VP OW | E12: 12 | F12: 1 | G12: 1230 | H12: =+N12 -> 0.23417344 | I12: 0.88 | J12: =E12*G12*(1-H12)*1440/1000000*2.74 -> 44.599484 | K12: =(IF(G12<L12,L12,G12)*(1-IF(H12<N12,H12,N12))*E12*O12*Q12)/100000000 -> 0 | L12: 1230 | M12: 941.96667 | N12: =1-(M12/L12) -> 0.23417344 | O12: =+'[3]Trim Rwd'!H6 -> 266 | P12: =O12*(Q12-R12-S12) -> 0 | Q12: =1440-1440 -> 0 | R12: =1440-1440 -> 0 | S12: 0 | T12: =E12*M12*O12*Q12/100000000 -> 0 | U12: =E12*M12*O12*(Q12-R12-S12)/100000000 -> 0 | V12: =E12*G12*(1-N12)*O12/100*(R12+S12)/1000000 -> 0 | W12: =+'[3]1'!C40/1000 -> 0 | X12: =SUM(W12:W16)/SUM(K12:K16) -> #DIV/0! | Y12: 0 | Z12: =+'[3]1'!D31/1000 -> 0 | AA12: =SUM(U12:U16)-SUM(W12:W16)-SUM(Z12:Z16)-SUM(Y12:Y16) -> 0 | AB12: =(SUM(K12:K16)-SUM(W12:W16)-SUM(Y12:Y16)-SUM(Z12:Z16)-SUM(AC12:AC16)-SUM(V12:V16))-AA12 -> 0 | AC12: =K12-T12 -> 0 | AD12: =+AM12+BA12 -> 0 | AE12: - Sheet Breaks (0x) | AF12: 0 | AM12: =SUM(AF12:AL12)+AT12+AV12+AX12 -> 0 | AR12: =SUM(AN12:AQ12) -> 0 | BA12: =+AR12+AS12+AU12+AW12+AY12+AZ12 -> 0 | BB12: 0
AD13: =+AM13+BA13 -> 0 | AE13: - Change Blade (0x) | AG13: 0 | AM13: =SUM(AF13:AL13)+AT13+AV13+AX13 -> 0 | AR13: =SUM(AN13:AQ13) -> 0 | BA13: =+AR13+AS13+AU13+AW13+AY13+AZ13 -> 0 | BC13: 0
AD14: =+AM14+BA14 -> 0 | AE14: - Change Spool (0x) | AH14: 0 | AM14: =SUM(AF14:AL14)+AT14+AV14+AX14 -> 0 | AR14: =SUM(AN14:AQ14) -> 0 | BA14: =+AR14+AS14+AU14+AW14+AY14+AZ14 -> 0
AD15: =+AM15+BA15 -> 0 | AE15: - Cleaning | AI15: 0 | AM15: =SUM(AF15:AL15)+AT15+AV15+AX15 -> 0 | AR15: =SUM(AN15:AQ15) -> 0 | BA15: =+AR15+AS15+AU15+AW15+AY15+AZ15 -> 0
AD16: =+AM16+BA16 -> 0 | AE16: - Grinding Yankee | AM16: =SUM(AF16:AL16)+AT16+AV16+AX16 -> 0 | AR16: =SUM(AN16:AQ16) -> 0 | AZ16: =1440-1440 -> 0 | BA16: =+AR16+AS16+AU16+AW16+AY16+AZ16 -> 0
A18: 45964 | B18: STOP | C18: =(M18*E18*O18*Q18)/100000000 -> 0 | D18: VP OW | E18: 12 | F18: 1 | G18: 1230 | H18: =+N18 -> 0.23417344 | I18: 0.88 | J18: =E18*G18*(1-H18)*1440/1000000*2.74 -> 44.599484 | K18: =(IF(G18<L18,L18,G18)*(1-IF(H18<N18,H18,N18))*E18*O18*Q18)/100000000 -> 0 | L18: 1230 | M18: 941.96667 | N18: =1-(M18/L18) -> 0.23417344 | O18: =+'[3]Trim Rwd'!H8 -> 266 | P18: =O18*(Q18-R18-S18) -> 0 | Q18: =1440-1440 -> 0 | R18: =1440-1440 -> 0 | S18: 0 | T18: =E18*M18*O18*Q18/100000000 -> 0 | U18: =E18*M18*O18*(Q18-R18-S18)/100000000 -> 0 | V18: =E18*G18*(1-N18)*O18/100*(R18+S18)/1000000 -> 0 | W18: =+'[3]1'!C46/1000 -> 0 | X18: =SUM(W18:W22)/SUM(K18:K22) -> #DIV/0! | Y18: 0 | Z18: 0 | AA18: =SUM(U18:U22)-SUM(W18:W22)-SUM(Z18:Z22)-SUM(Y18:Y22) -> 0 | AB18: =(SUM(K18:K22)-SUM(W18:W22)-SUM(Y18:Y22)-SUM(Z18:Z22)-SUM(AC18:AC22)-SUM(V18:V22))-AA18 -> 0 | AC18: =K18-T18 -> 0 | AD18: =+AM18+BA18 -> 0 | AE18: - Sheet Breaks (0x) | AF18: 0 | AM18: =SUM(AF18:AL18)+AT18+AV18+AX18 -> 0 | AR18: =SUM(AN18:AQ18) -> 0 | BA18: =+AR18+AS18+AU18+AW18+AY18+AZ18 -> 0 | BB18: 0
AD19: =+AM19+BA19 -> 0 | AE19: - Change Blade (0x) | AG19: 0 | AM19: =SUM(AF19:AL19)+AT19+AV19+AX19 -> 0 | AR19: =SUM(AN19:AQ19) -> 0 | BA19: =+AR19+AS19+AU19+AW19+AY19+AZ19 -> 0 | BC19: 0
AD20: =+AM20+BA20 -> 0 | AE20: - Change Spool (0x) | AH20: 0 | AM20: =SUM(AF20:AL20)+AT20+AV20+AX20 -> 0 | AR20: =SUM(AN20:AQ20) -> 0 | BA20: =+AR20+AS20+AU20+AW20+AY20+AZ20 -> 0
AD21: =+AM21+BA21 -> 0 | AE21: - Cleaning | AI21: 0 | AM21: =SUM(AF21:AL21)+AT21+AV21+AX21 -> 0 | AR21: =SUM(AN21:AQ21) -> 0 | BA21: =+AR21+AS21+AU21+AW21+AY21+AZ21 -> 0
AD22: =+AM22+BA22 -> 0 | AE22: - Grinding Yankee | AM22: =SUM(AF22:AL22)+AT22+AV22+AX22 -> 0 | AR22: =SUM(AN22:AQ22) -> 0 | AZ22: =1440-1440 -> 0 | BA22: =+AR22+AS22+AU22+AW22+AY22+AZ22 -> 0
A24: 45965 | B24: STOP | C24: =(M24*E24*O24*Q24)/100000000 -> 0 | D24: VP OW | E24: 12 | F24: 1 | G24: 1230 | H24: =+N24 -> 0.23417344 | I24: 0.88 | J24: =E24*G24*(1-H24)*1440/1000000*2.74 -> 44.599484 | K24: =(IF(G24<L24,L24,G24)*(1-IF(H24<N24,H24,N24))*E24*O24*Q24)/100000000 -> 0 | L24: 1230 | M24: 941.96667 | N24: =1-(M24/L24) -> 0.23417344 | O24: =+'[3]Trim Rwd'!H10 -> 266 | P24: =O24*(Q24-R24-S24) -> 0 | Q24: =1440-1440 -> 0 | R24: =1440-1440 -> 0 | S24: 0 | T24: =E24*M24*O24*Q24/100000000 -> 0 | U24: =E24*M24*O24*(Q24-R24-S24)/100000000 -> 0 | V24: =E24*G24*(1-N24)*O24/100*(R24+S24)/1000000 -> 0 | W24: 0 | X24: =SUM(W24:W28)/SUM(K24:K28) -> #DIV/0! | Y24: 0 | Z24: 0 | AA24: =SUM(U24:U28)-SUM(W24:W28)-SUM(Z24:Z28)-SUM(Y24:Y28) -> 0 | AB24: =(SUM(K24:K28)-SUM(W24:W28)-SUM(Y24:Y28)-SUM(Z24:Z28)-SUM(AC24:AC28)-SUM(V24:V28))-AA24 -> 0 | AC24: =K24-T24 -> 0 | AD24: =+AM24+BA24 -> 0 | AE24: - Sheet Breaks (0x) | AF24: 0 | AM24: =SUM(AF24:AL24)+AT24+AV24+AX24 -> 0 | AR24: =SUM(AN24:AQ24) -> 0 | BA24: =+AR24+AS24+AU24+AW24+AY24+AZ24 -> 0 | BB24: 0
AD25: =+AM25+BA25 -> 0 | AE25: - Change Blade (0x) | AG25: 0 | AM25: =SUM(AF25:AL25)+AT25+AV25+AX25 -> 0 | AR25: =SUM(AN25:AQ25) -> 0 | BA25: =+AR25+AS25+AU25+AW25+AY25+AZ25 -> 0 | BC25: 0
AD26: =+AM26+BA26 -> 0 | AE26: - Change Spool (0x) | AH26: 0 | AM26: =SUM(AF26:AL26)+AT26+AV26+AX26 -> 0 | AR26: =SUM(AN26:AQ26) -> 0 | BA26: =+AR26+AS26+AU26+AW26+AY26+AZ26 -> 0
AD27: =+AM27+BA27 -> 0 | AE27: - Cleaning | AI27: 0 | AM27: =SUM(AF27:AL27)+AT27+AV27+AX27 -> 0 | AR27: =SUM(AN27:AQ27) -> 0 | BA27: =+AR27+AS27+AU27+AW27+AY27+AZ27 -> 0
AD28: =+AM28+BA28 -> 0 | AE28: - Grinding Yankee | AM28: =SUM(AF28:AL28)+AT28+AV28+AX28 -> 0 | AR28: =SUM(AN28:AQ28) -> 0 | AZ28: =1440-1440 -> 0 | BA28: =+AR28+AS28+AU28+AW28+AY28+AZ28 -> 0
A30: 45966 | B30: STOP | C30: =(M30*E30*O30*Q30)/100000000 -> 0 | D30: VP OW | E30: 12 | F30: 1 | G30: 1230 | H30: =+N30 -> 0.23417344 | I30: 0.88 | J30: =E30*G30*(1-H30)*1440/1000000*2.74 -> 44.599484 | K30: =(IF(G30<L30,L30,G30)*(1-IF(H30<N30,H30,N30))*E30*O30*Q30)/100000000 -> 0 | L30: 1230 | M30: 941.96667 | N30: =1-(M30/L30) -> 0.23417344 | O30: =+'[3]Trim Rwd'!H12 -> 266 | P30: =O30*(Q30-R30-S30) -> 0 | Q30: =1440-1440 -> 0 | R30: =1440-1440 -> 0 | S30: 0 | T30: =E30*M30*O30*Q30/100000000 -> 0 | U30: =E30*M30*O30*(Q30-R30-S30)/100000000 -> 0 | V30: =E30*G30*(1-N30)*O30/100*(R30+S30)/1000000 -> 0 | W30: 0 | X30: =SUM(W30:W34)/SUM(K30:K34) -> #DIV/0! | Y30: 0 | Z30: 0 | AA30: =SUM(U30:U34)-SUM(W30:W34)-SUM(Z30:Z34)-SUM(Y30:Y34) -> 0 | AB30: =(SUM(K30:K34)-SUM(W30:W34)-SUM(Y30:Y34)-SUM(Z30:Z34)-SUM(AC30:AC34)-SUM(V30:V34))-AA30 -> 0 | AC30: =K30-T30 -> 0 | AD30: =+AM30+BA30 -> 0 | AE30: - Sheet Breaks (0x) | AF30: 0 | AM30: =SUM(AF30:AL30)+AT30+AV30+AX30 -> 0 | AR30: =SUM(AN30:AQ30) -> 0 | BA30: =+AR30+AS30+AU30+AW30+AY30+AZ30 -> 0 | BB30: 0
AD31: =+AM31+BA31 -> 0 | AE31: - Change Blade (0x) | AG31: 0 | AM31: =SUM(AF31:AL31)+AT31+AV31+AX31 -> 0 | AR31: =SUM(AN31:AQ31) -> 0 | BA31: =+AR31+AS31+AU31+AW31+AY31+AZ31 -> 0 | BC31: 0
AD32: =+AM32+BA32 -> 0 | AE32: - Change Spool (0x) | AH32: 0 | AM32: =SUM(AF32:AL32)+AT32+AV32+AX32 -> 0 | AR32: =SUM(AN32:AQ32) -> 0 | BA32: =+AR32+AS32+AU32+AW32+AY32+AZ32 -> 0
AD33: =+AM33+BA33 -> 0 | AE33: - Cleaning | AI33: 0 | AM33: =SUM(AF33:AL33)+AT33+AV33+AX33 -> 0 | AR33: =SUM(AN33:AQ33) -> 0 | BA33: =+AR33+AS33+AU33+AW33+AY33+AZ33 -> 0
AD34: =+AM34+BA34 -> 0 | AE34: - Grinding Yankee | AM34: =SUM(AF34:AL34)+AT34+AV34+AX34 -> 0 | AR34: =SUM(AN34:AQ34) -> 0 | AZ34: =1440-1440 -> 0 | BA34: =+AR34+AS34+AU34+AW34+AY34+AZ34 -> 0
A36: 45967 | B36: STOP | C36: =(M36*E36*O36*Q36)/100000000 -> 0 | D36: VP OW | E36: 12 | F36: 1 | G36: 1230 | H36: =+N36 -> 0.23417344 | I36: 0.88 | J36: =E36*G36*(1-H36)*1440/1000000*2.74 -> 44.599484 | K36: =(IF(G36<L36,L36,G36)*(1-IF(H36<N36,H36,N36))*E36*O36*Q36)/100000000 -> 0 | L36: 1230 | M36: 941.96667 | N36: =1-(M36/L36) -> 0.23417344 | O36: =+'[3]Trim Rwd'!H14 -> 266 | P36: =O36*(Q36-R36-S36) -> 0 | Q36: =1440-1440 -> 0 | R36: =1440-1440 -> 0 | S36: 0 | T36: =E36*M36*O36*Q36/100000000 -> 0 | U36: =E36*M36*O36*(Q36-R36-S36)/100000000 -> 0 | V36: =E36*G36*(1-N36)*O36/100*(R36+S36)/1000000 -> 0 | W36: 0 | X36: =SUM(W36:W40)/SUM(K36:K40) -> #DIV/0! | Y36: 0 | Z36: 0 | AA36: =SUM(U36:U40)-SUM(W36:W40)-SUM(Z36:Z40)-SUM(Y36:Y40) -> 0 | AB36: =(SUM(K36:K40)-SUM(W36:W40)-SUM(Y36:Y40)-SUM(Z36:Z40)-SUM(AC36:AC40)-SUM(V36:V40))-AA36 -> 0 | AC36: =K36-T36 -> 0 | AD36: =+AM36+BA36 -> 0 | AE36: - Sheet Breaks (0x) | AF36: 0 | AM36: =SUM(AF36:AL36)+AT36+AV36+AX36 -> 0 | AR36: =SUM(AN36:AQ36) -> 0 | BA36: =+AR36+AS36+AU36+AW36+AY36+AZ36 -> 0 | BB36: 0
AD37: =+AM37+BA37 -> 0 | AE37: - Change Blade (0x) | AG37: 0 | AM37: =SUM(AF37:AL37)+AT37+AV37+AX37 -> 0 | AR37: =SUM(AN37:AQ37) -> 0 | BA37: =+AR37+AS37+AU37+AW37+AY37+AZ37 -> 0 | BC37: 0
AD38: =+AM38+BA38 -> 0 | AE38: - Change Spool (0x) | AH38: 0 | AM38: =SUM(AF38:AL38)+AT38+AV38+AX38 -> 0 | AR38: =SUM(AN38:AQ38) -> 0 | BA38: =+AR38+AS38+AU38+AW38+AY38+AZ38 -> 0
AD39: =+AM39+BA39 -> 0 | AE39: - Cleaning | AI39: 0 | AM39: =SUM(AF39:AL39)+AT39+AV39+AX39 -> 0 | AR39: =SUM(AN39:AQ39) -> 0 | BA39: =+AR39+AS39+AU39+AW39+AY39+AZ39 -> 0
AD40: =+AM40+BA40 -> 0 | AE40: - Grinding Yankee | AM40: =SUM(AF40:AL40)+AT40+AV40+AX40 -> 0 | AR40: =SUM(AN40:AQ40) -> 0 | AZ40: =1440-1440 -> 0 | BA40: =+AR40+AS40+AU40+AW40+AY40+AZ40 -> 0
A42: 45968 | B42: STOP | C42: =(M42*E42*O42*Q42)/100000000 -> 0 | D42: VP OW | E42: 12 | F42: 1 | G42: 1230 | H42: =+N42 -> 0.23417344 | I42: 0.88 | J42: =E42*G42*(1-H42)*1440/1000000*2.74 -> 44.599484 | K42: =(IF(G42<L42,L42,G42)*(1-IF(H42<N42,H42,N42))*E42*O42*Q42)/100000000 -> 0 | L42: 1230 | M42: 941.96667 | N42: =1-(M42/L42) -> 0.23417344 | O42: =+'[3]Trim Rwd'!H16 -> 266 | P42: =O42*(Q42-R42-S42) -> 0 | Q42: =1440-1440 -> 0 | R42: =1440-1440 -> 0 | S42: 0 | T42: =E42*M42*O42*Q42/100000000 -> 0 | U42: =E42*M42*O42*(Q42-R42-S42)/100000000 -> 0 | V42: =E42*G42*(1-N42)*O42/100*(R42+S42)/1000000 -> 0 | W42: 0 | X42: =SUM(W42:W46)/SUM(K42:K46) -> #DIV/0! | Y42: 0 | Z42: 0 | AA42: =SUM(U42:U46)-SUM(W42:W46)-SUM(Z42:Z46)-SUM(Y42:Y46) -> 0 | AB42: =(SUM(K42:K46)-SUM(W42:W46)-SUM(Y42:Y46)-SUM(Z42:Z46)-SUM(AC42:AC46)-SUM(V42:V46))-AA42 -> 0 | AC42: =K42-T42 -> 0 | AD42: =+AM42+BA42 -> 0 | AE42: - Sheet Breaks (0x) | AF42: 0 | AM42: =SUM(AF42:AL42)+AT42+AV42+AX42 -> 0 | AR42: =SUM(AN42:AQ42) -> 0 | BA42: =+AR42+AS42+AU42+AW42+AY42+AZ42 -> 0 | BB42: 0
AD43: =+AM43+BA43 -> 0 | AE43: - Change Blade (0x) | AG43: 0 | AM43: =SUM(AF43:AL43)+AT43+AV43+AX43 -> 0 | AR43: =SUM(AN43:AQ43) -> 0 | BA43: =+AR43+AS43+AU43+AW43+AY43+AZ43 -> 0 | BC43: 0
AD44: =+AM44+BA44 -> 0 | AE44: - Change Spool (0x) | AH44: 0 | AM44: =SUM(AF44:AL44)+AT44+AV44+AX44 -> 0 | AR44: =SUM(AN44:AQ44) -> 0 | BA44: =+AR44+AS44+AU44+AW44+AY44+AZ44 -> 0
AD45: =+AM45+BA45 -> 0 | AE45: - Cleaning | AI45: 0 | AM45: =SUM(AF45:AL45)+AT45+AV45+AX45 -> 0 | AR45: =SUM(AN45:AQ45) -> 0 | BA45: =+AR45+AS45+AU45+AW45+AY45+AZ45 -> 0
AD46: =+AM46+BA46 -> 0 | AE46: - Grinding Yankee | AM46: =SUM(AF46:AL46)+AT46+AV46+AX46 -> 0 | AR46: =SUM(AN46:AQ46) -> 0 | AZ46: =1440-1440 -> 0 | BA46: =+AR46+AS46+AU46+AW46+AY46+AZ46 -> 0
A48: 45969 | B48: STOP | C48: =(M48*E48*O48*Q48)/100000000 -> 0 | D48: VP OW | E48: 12 | F48: 1 | G48: 1230 | H48: =+N48 -> 0.23417344 | I48: 0.88 | J48: =E48*G48*(1-H48)*1440/1000000*2.74 -> 44.599484 | K48: =(IF(G48<L48,L48,G48)*(1-IF(H48<N48,H48,N48))*E48*O48*Q48)/100000000 -> 0 | L48: 1230 | M48: 941.96667 | N48: =1-(M48/L48) -> 0.23417344 | O48: =+'[3]Trim Rwd'!H18 -> 266 | P48: =O48*(Q48-R48-S48) -> 0 | Q48: =1440-1440 -> 0 | R48: =1440-1440 -> 0 | S48: 0 | T48: =E48*M48*O48*Q48/100000000 -> 0 | U48: =E48*M48*O48*(Q48-R48-S48)/100000000 -> 0 | V48: =E48*G48*(1-N48)*O48/100*(R48+S48)/1000000 -> 0 | W48: 0 | X48: =SUM(W48:W52)/SUM(K48:K52) -> #DIV/0! | Y48: 0 | Z48: 0 | AA48: =SUM(U48:U52)-SUM(W48:W52)-SUM(Z48:Z52)-SUM(Y48:Y52) -> 0 | AB48: =(SUM(K48:K52)-SUM(W48:W52)-SUM(Y48:Y52)-SUM(Z48:Z52)-SUM(AC48:AC52)-SUM(V48:V52))-AA48 -> 0 | AC48: =K48-T48 -> 0 | AD48: =+AM48+BA48 -> 0 | AE48: - Sheet Breaks (0x) | AF48: 0 | AM48: =SUM(AF48:AL48)+AT48+AV48+AX48 -> 0 | AR48: =SUM(AN48:AQ48) -> 0 | BA48: =+AR48+AS48+AU48+AW48+AY48+AZ48 -> 0 | BB48: 0
AD49: =+AM49+BA49 -> 0 | AE49: - Change Blade (0x) | AG49: 0 | AM49: =SUM(AF49:AL49)+AT49+AV49+AX49 -> 0 | AR49: =SUM(AN49:AQ49) -> 0 | BA49: =+AR49+AS49+AU49+AW49+AY49+AZ49 -> 0 | BC49: 0
AD50: =+AM50+BA50 -> 0 | AE50: - Change Spool (0x) | AH50: 0 | AM50: =SUM(AF50:AL50)+AT50+AV50+AX50 -> 0 | AR50: =SUM(AN50:AQ50) -> 0 | BA50: =+AR50+AS50+AU50+AW50+AY50+AZ50 -> 0
AD51: =+AM51+BA51 -> 0 | AE51: - Cleaning | AI51: 0 | AM51: =SUM(AF51:AL51)+AT51+AV51+AX51 -> 0 | AR51: =SUM(AN51:AQ51) -> 0 | BA51: =+AR51+AS51+AU51+AW51+AY51+AZ51 -> 0
AD52: =+AM52+BA52 -> 0 | AE52: - Grinding Yankee | AM52: =SUM(AF52:AL52)+AT52+AV52+AX52 -> 0 | AR52: =SUM(AN52:AQ52) -> 0 | AZ52: =1440-1440 -> 0 | BA52: =+AR52+AS52+AU52+AW52+AY52+AZ52 -> 0
A54: 45970 | B54: STOP | C54: =(M54*E54*O54*Q54)/100000000 -> 0 | D54: VP OW | E54: 12 | F54: 1 | G54: 1230 | H54: =+N54 -> 0.23417344 | I54: 0.88 | J54: =E54*G54*(1-H54)*1440/1000000*2.74 -> 44.599484 | K54: =(IF(G54<L54,L54,G54)*(1-IF(H54<N54,H54,N54))*E54*O54*Q54)/100000000 -> 0 | L54: 1230 | M54: 941.96667 | N54: =1-(M54/L54) -> 0.23417344 | O54: =+'[3]Trim Rwd'!H20 -> 266 | P54: =O54*(Q54-R54-S54) -> 0 | Q54: =1440-1440 -> 0 | R54: =1440-1440 -> 0 | S54: 0 | T54: =E54*M54*O54*Q54/100000000 -> 0 | U54: =E54*M54*O54*(Q54-R54-S54)/100000000 -> 0 | V54: =E54*G54*(1-N54)*O54/100*(R54+S54)/1000000 -> 0 | W54: 0 | X54: =SUM(W54:W58)/SUM(K54:K58) -> #DIV/0! | Y54: 0 | Z54: 0 | AA54: =SUM(U54:U58)-SUM(W54:W58)-SUM(Z54:Z58)-SUM(Y54:Y58) -> 0 | AB54: =(SUM(K54:K58)-SUM(W54:W58)-SUM(Y54:Y58)-SUM(Z54:Z58)-SUM(AC54:AC58)-SUM(V54:V58))-AA54 -> 0 | AC54: =K54-T54 -> 0 | AD54: =+AM54+BA54 -> 0 | AE54: - Sheet Breaks (0x) | AF54: 0 | AM54: =SUM(AF54:AL54)+AT54+AV54+AX54 -> 0 | AR54: =SUM(AN54:AQ54) -> 0 | BA54: =+AR54+AS54+AU54+AW54+AY54+AZ54 -> 0 | BB54: 0
AD55: =+AM55+BA55 -> 0 | AE55: - Change Blade (0x) | AG55: 0 | AM55: =SUM(AF55:AL55)+AT55+AV55+AX55 -> 0 | AR55: =SUM(AN55:AQ55) -> 0 | BA55: =+AR55+AS55+AU55+AW55+AY55+AZ55 -> 0 | BC55: 0
AD56: =+AM56+BA56 -> 0 | AE56: - Change Spool (0x) | AH56: 0 | AM56: =SUM(AF56:AL56)+AT56+AV56+AX56 -> 0 | AR56: =SUM(AN56:AQ56) -> 0 | BA56: =+AR56+AS56+AU56+AW56+AY56+AZ56 -> 0
AD57: =+AM57+BA57 -> 0 | AE57: - Cleaning | AI57: 0 | AM57: =SUM(AF57:AL57)+AT57+AV57+AX57 -> 0 | AR57: =SUM(AN57:AQ57) -> 0 | BA57: =+AR57+AS57+AU57+AW57+AY57+AZ57 -> 0
AD58: =+AM58+BA58 -> 0 | AE58: - Grinding Yankee | AM58: =SUM(AF58:AL58)+AT58+AV58+AX58 -> 0 | AR58: =SUM(AN58:AQ58) -> 0 | AZ58: =1440-1440 -> 0 | BA58: =+AR58+AS58+AU58+AW58+AY58+AZ58 -> 0
A60: 45971 | B60: STOP | C60: =(M60*E60*O60*Q60)/100000000 -> 0 | D60: VP OW | E60: 12 | F60: 1 | G60: 1230 | H60: =+N60 -> 0.23417344 | I60: 0.88 | J60: =E60*G60*(1-H60)*1440/1000000*2.74 -> 44.599484 | K60: =(IF(G60<L60,L60,G60)*(1-IF(H60<N60,H60,N60))*E60*O60*Q60)/100000000 -> 0 | L60: 1230 | M60: 941.96667 | N60: =1-(M60/L60) -> 0.23417344 | O60: =+'[3]Trim Rwd'!H22 -> 266 | P60: =O60*(Q60-R60-S60) -> 0 | Q60: =1440-1440 -> 0 | R60: =1440-1440 -> 0 | S60: 0 | T60: =E60*M60*O60*Q60/100000000 -> 0 | U60: =E60*M60*O60*(Q60-R60-S60)/100000000 -> 0 | V60: =E60*G60*(1-N60)*O60/100*(R60+S60)/1000000 -> 0 | W60: 0 | X60: =SUM(W60:W64)/SUM(K60:K64) -> #DIV/0! | Y60: 0 | Z60: 0 | AA60: =SUM(U60:U64)-SUM(W60:W64)-SUM(Z60:Z64)-SUM(Y60:Y64) -> 0 | AB60: =(SUM(K60:K64)-SUM(W60:W64)-SUM(Y60:Y64)-SUM(Z60:Z64)-SUM(AC60:AC64)-SUM(V60:V64))-AA60 -> 0 | AC60: =K60-T60 -> 0 | AD60: =+AM60+BA60 -> 0 | AE60: - Sheet Breaks (0x) | AF60: 0 | AM60: =SUM(AF60:AL60)+AT60+AV60+AX60 -> 0 | AR60: =SUM(AN60:AQ60) -> 0 | BA60: =+AR60+AS60+AU60+AW60+AY60+AZ60 -> 0 | BB60: 0
AD61: =+AM61+BA61 -> 0 | AE61: - Change Blade (0x) | AG61: 0 | AM61: =SUM(AF61:AL61)+AT61+AV61+AX61 -> 0 | AR61: =SUM(AN61:AQ61) -> 0 | BA61: =+AR61+AS61+AU61+AW61+AY61+AZ61 -> 0 | BC61: 0
AD62: =+AM62+BA62 -> 0 | AE62: - Change Spool (0x) | AH62: 0 | AM62: =SUM(AF62:AL62)+AT62+AV62+AX62 -> 0 | AR62: =SUM(AN62:AQ62) -> 0 | BA62: =+AR62+AS62+AU62+AW62+AY62+AZ62 -> 0
AD63: =+AM63+BA63 -> 0 | AE63: - Cleaning | AI63: 0 | AM63: =SUM(AF63:AL63)+AT63+AV63+AX63 -> 0 | AR63: =SUM(AN63:AQ63) -> 0 | BA63: =+AR63+AS63+AU63+AW63+AY63+AZ63 -> 0
AD64: =+AM64+BA64 -> 0 | AE64: - Grinding Yankee | AM64: =SUM(AF64:AL64)+AT64+AV64+AX64 -> 0 | AR64: =SUM(AN64:AQ64) -> 0 | AZ64: =1440-1440 -> 0 | BA64: =+AR64+AS64+AU64+AW64+AY64+AZ64 -> 0
A66: 45972 | B66: STOP | C66: =(M66*E66*O66*Q66)/100000000 -> 0 | D66: VP OW | E66: 12 | F66: 1 | G66: 1230 | H66: =+N66 -> 0.23417344 | I66: 0.88 | J66: =E66*G66*(1-H66)*1440/1000000*2.74 -> 44.599484 | K66: =(IF(G66<L66,L66,G66)*(1-IF(H66<N66,H66,N66))*E66*O66*Q66)/100000000 -> 0 | L66: 1230 | M66: 941.96667 | N66: =1-(M66/L66) -> 0.23417344 | O66: =+'[3]Trim Rwd'!H24 -> 266 | P66: =O66*(Q66-R66-S66) -> 0 | Q66: =1440-1440 -> 0 | R66: =1440-1440 -> 0 | S66: 0 | T66: =E66*M66*O66*Q66/100000000 -> 0 | U66: =E66*M66*O66*(Q66-R66-S66)/100000000 -> 0 | V66: =E66*G66*(1-N66)*O66/100*(R66+S66)/1000000 -> 0 | W66: 0 | X66: =SUM(W66:W70)/SUM(K66:K70) -> #DIV/0! | Y66: 0 | Z66: 0 | AA66: =SUM(U66:U70)-SUM(W66:W70)-SUM(Z66:Z70)-SUM(Y66:Y70) -> 0 | AB66: =(SUM(K66:K70)-SUM(W66:W70)-SUM(Y66:Y70)-SUM(Z66:Z70)-SUM(AC66:AC70)-SUM(V66:V70))-AA66 -> 0 | AC66: =K66-T66 -> 0 | AD66: =+AM66+BA66 -> 0 | AE66: - Sheet Breaks (0x) | AF66: 0 | AM66: =SUM(AF66:AL66)+AT66+AV66+AX66 -> 0 | AR66: =SUM(AN66:AQ66) -> 0 | BA66: =+AR66+AS66+AU66+AW66+AY66+AZ66 -> 0 | BB66: 0
AD67: =+AM67+BA67 -> 0 | AE67: - Change Blade (0x) | AG67: 0 | AM67: =SUM(AF67:AL67)+AT67+AV67+AX67 -> 0 | AR67: =SUM(AN67:AQ67) -> 0 | BA67: =+AR67+AS67+AU67+AW67+AY67+AZ67 -> 0 | BC67: 0
AD68: =+AM68+BA68 -> 0 | AE68: - Change Spool (0x) | AH68: 0 | AM68: =SUM(AF68:AL68)+AT68+AV68+AX68 -> 0 | AR68: =SUM(AN68:AQ68) -> 0 | BA68: =+AR68+AS68+AU68+AW68+AY68+AZ68 -> 0
AD69: =+AM69+BA69 -> 0 | AE69: - Cleaning | AI69: 0 | AM69: =SUM(AF69:AL69)+AT69+AV69+AX69 -> 0 | AR69: =SUM(AN69:AQ69) -> 0 | BA69: =+AR69+AS69+AU69+AW69+AY69+AZ69 -> 0
AD70: =+AM70+BA70 -> 0 | AE70: - Grinding Yankee | AM70: =SUM(AF70:AL70)+AT70+AV70+AX70 -> 0 | AR70: =SUM(AN70:AQ70) -> 0 | AZ70: =1440-1440 -> 0 | BA70: =+AR70+AS70+AU70+AW70+AY70+AZ70 -> 0
A72: 45973 | B72: STOP | C72: =(M72*E72*O72*Q72)/100000000 -> 0 | D72: VP OW | E72: 12 | F72: 1 | G72: 1230 | H72: =+N72 -> 0.23417344 | I72: 0.88 | J72: =E72*G72*(1-H72)*1440/1000000*2.74 -> 44.599484 | K72: =(IF(G72<L72,L72,G72)*(1-IF(H72<N72,H72,N72))*E72*O72*Q72)/100000000 -> 0 | L72: 1230 | M72: 941.96667 | N72: =1-(M72/L72) -> 0.23417344 | O72: =+'[3]Trim Rwd'!H26 -> 266 | P72: =O72*(Q72-R72-S72) -> 0 | Q72: =1440-1440 -> 0 | R72: =1440-1440 -> 0 | S72: 0 | T72: =E72*M72*O72*Q72/100000000 -> 0 | U72: =E72*M72*O72*(Q72-R72-S72)/100000000 -> 0 | V72: =E72*G72*(1-N72)*O72/100*(R72+S72)/1000000 -> 0 | W72: 0 | X72: =SUM(W72:W76)/SUM(K72:K76) -> #DIV/0! | Y72: 0 | Z72: 0 | AA72: =SUM(U72:U76)-SUM(W72:W76)-SUM(Z72:Z76)-SUM(Y72:Y76) -> 0 | AB72: =(SUM(K72:K76)-SUM(W72:W76)-SUM(Y72:Y76)-SUM(Z72:Z76)-SUM(AC72:AC76)-SUM(V72:V76))-AA72 -> 0 | AC72: =K72-T72 -> 0 | AD72: =+AM72+BA72 -> 0 | AE72: - Sheet Breaks (0x) | AF72: 0 | AM72: =SUM(AF72:AL72)+AT72+AV72+AX72 -> 0 | AR72: =SUM(AN72:AQ72) -> 0 | BA72: =+AR72+AS72+AU72+AW72+AY72+AZ72 -> 0 | BB72: 0
AD73: =+AM73+BA73 -> 0 | AE73: - Change Blade (0x) | AG73: 0 | AM73: =SUM(AF73:AL73)+AT73+AV73+AX73 -> 0 | AR73: =SUM(AN73:AQ73) -> 0 | BA73: =+AR73+AS73+AU73+AW73+AY73+AZ73 -> 0 | BC73: 0
AD74: =+AM74+BA74 -> 0 | AE74: - Change Spool (0x) | AH74: 0 | AM74: =SUM(AF74:AL74)+AT74+AV74+AX74 -> 0 | AR74: =SUM(AN74:AQ74) -> 0 | BA74: =+AR74+AS74+AU74+AW74+AY74+AZ74 -> 0
AD75: =+AM75+BA75 -> 0 | AE75: - Cleaning | AI75: 0 | AM75: =SUM(AF75:AL75)+AT75+AV75+AX75 -> 0 | AR75: =SUM(AN75:AQ75) -> 0 | BA75: =+AR75+AS75+AU75+AW75+AY75+AZ75 -> 0
AD76: =+AM76+BA76 -> 0 | AE76: - Grinding Yankee | AM76: =SUM(AF76:AL76)+AT76+AV76+AX76 -> 0 | AR76: =SUM(AN76:AQ76) -> 0 | AZ76: =1440-1440 -> 0 | BA76: =+AR76+AS76+AU76+AW76+AY76+AZ76 -> 0
A78: 45974 | B78: STOP | C78: =(M78*E78*O78*Q78)/100000000 -> 0 | D78: VP OW | E78: 12 | F78: 1 | G78: 1230 | H78: =+N78 -> 0.23417344 | I78: 0.88 | J78: =E78*G78*(1-H78)*1440/1000000*2.74 -> 44.599484 | K78: =(IF(G78<L78,L78,G78)*(1-IF(H78<N78,H78,N78))*E78*O78*Q78)/100000000 -> 0 | L78: 1230 | M78: 941.96667 | N78: =1-(M78/L78) -> 0.23417344 | O78: =+'[3]Trim Rwd'!H28 -> 266 | P78: =O78*(Q78-R78-S78) -> 0 | Q78: =1440-1440 -> 0 | R78: =1440-1440 -> 0 | S78: 0 | T78: =E78*M78*O78*Q78/100000000 -> 0 | U78: =E78*M78*O78*(Q78-R78-S78)/100000000 -> 0 | V78: =E78*G78*(1-N78)*O78/100*(R78+S78)/1000000 -> 0 | W78: 0 | X78: =SUM(W78:W82)/SUM(K78:K82) -> #DIV/0! | Y78: 0 | Z78: 0 | AA78: =SUM(U78:U82)-SUM(W78:W82)-SUM(Z78:Z82)-SUM(Y78:Y82) -> 0 | AB78: =(SUM(K78:K82)-SUM(W78:W82)-SUM(Y78:Y82)-SUM(Z78:Z82)-SUM(AC78:AC82)-SUM(V78:V82))-AA78 -> 0 | AC78: =K78-T78 -> 0 | AD78: =+AM78+BA78 -> 0 | AE78: - Sheet Breaks (0x) | AF78: 0 | AM78: =SUM(AF78:AL78)+AT78+AV78+AX78 -> 0 | AR78: =SUM(AN78:AQ78) -> 0 | BA78: =+AR78+AS78+AU78+AW78+AY78+AZ78 -> 0 | BB78: 0
AD79: =+AM79+BA79 -> 0 | AE79: - Change Blade (0x) | AG79: 0 | AM79: =SUM(AF79:AL79)+AT79+AV79+AX79 -> 0 | AR79: =SUM(AN79:AQ79) -> 0 | BA79: =+AR79+AS79+AU79+AW79+AY79+AZ79 -> 0 | BC79: 0
AD80: =+AM80+BA80 -> 0 | AE80: - Change Spool (0x) | AH80: 0 | AM80: =SUM(AF80:AL80)+AT80+AV80+AX80 -> 0 | AR80: =SUM(AN80:AQ80) -> 0 | BA80: =+AR80+AS80+AU80+AW80+AY80+AZ80 -> 0
AD81: =+AM81+BA81 -> 0 | AE81: - Cleaning | AI81: 0 | AM81: =SUM(AF81:AL81)+AT81+AV81+AX81 -> 0 | AR81: =SUM(AN81:AQ81) -> 0 | BA81: =+AR81+AS81+AU81+AW81+AY81+AZ81 -> 0
AD82: =+AM82+BA82 -> 0 | AE82: - Grinding Yankee | AM82: =SUM(AF82:AL82)+AT82+AV82+AX82 -> 0 | AR82: =SUM(AN82:AQ82) -> 0 | AZ82: =1440-1440 -> 0 | BA82: =+AR82+AS82+AU82+AW82+AY82+AZ82 -> 0
A84: 45975 | B84: STOP | C84: =(M84*E84*O84*Q84)/100000000 -> 0 | D84: VP OW | E84: 12 | F84: 1 | G84: 1230 | H84: =+N84 -> 0.23417344 | I84: 0.88 | J84: =E84*G84*(1-H84)*1440/1000000*2.74 -> 44.599484 | K84: =(IF(G84<L84,L84,G84)*(1-IF(H84<N84,H84,N84))*E84*O84*Q84)/100000000 -> 0 | L84: 1230 | M84: 941.96667 | N84: =1-(M84/L84) -> 0.23417344 | O84: =+'[3]Trim Rwd'!H30 -> 266 | P84: =O84*(Q84-R84-S84) -> 0 | Q84: =1440-1440 -> 0 | R84: =1440-1440 -> 0 | S84: 0 | T84: =E84*M84*O84*Q84/100000000 -> 0 | U84: =E84*M84*O84*(Q84-R84-S84)/100000000 -> 0 | V84: =E84*G84*(1-N84)*O84/100*(R84+S84)/1000000 -> 0 | W84: 0 | X84: =SUM(W84:W88)/SUM(K84:K88) -> #DIV/0! | Y84: 0 | Z84: 0 | AA84: =SUM(U84:U88)-SUM(W84:W88)-SUM(Z84:Z88)-SUM(Y84:Y88) -> 0 | AB84: =(SUM(K84:K88)-SUM(W84:W88)-SUM(Y84:Y88)-SUM(Z84:Z88)-SUM(AC84:AC88)-SUM(V84:V88))-AA84 -> 0 | AC84: =K84-T84 -> 0 | AD84: =+AM84+BA84 -> 0 | AE84: - Sheet Breaks (0x) | AF84: 0 | AM84: =SUM(AF84:AL84)+AT84+AV84+AX84 -> 0 | AR84: =SUM(AN84:AQ84) -> 0 | BA84: =+AR84+AS84+AU84+AW84+AY84+AZ84 -> 0 | BB84: 0
AD85: =+AM85+BA85 -> 0 | AE85: - Change Blade (0x) | AG85: 0 | AM85: =SUM(AF85:AL85)+AT85+AV85+AX85 -> 0 | AR85: =SUM(AN85:AQ85) -> 0 | BA85: =+AR85+AS85+AU85+AW85+AY85+AZ85 -> 0 | BC85: 0
AD86: =+AM86+BA86 -> 0 | AE86: - Change Spool (0x) | AH86: 0 | AM86: =SUM(AF86:AL86)+AT86+AV86+AX86 -> 0 | AR86: =SUM(AN86:AQ86) -> 0 | BA86: =+AR86+AS86+AU86+AW86+AY86+AZ86 -> 0
AD87: =+AM87+BA87 -> 0 | AE87: - Cleaning | AI87: 0 | AM87: =SUM(AF87:AL87)+AT87+AV87+AX87 -> 0 | AR87: =SUM(AN87:AQ87) -> 0 | BA87: =+AR87+AS87+AU87+AW87+AY87+AZ87 -> 0
AD88: =+AM88+BA88 -> 0 | AE88: - Grinding Yankee | AM88: =SUM(AF88:AL88)+AT88+AV88+AX88 -> 0 | AR88: =SUM(AN88:AQ88) -> 0 | AZ88: =1440-1440 -> 0 | BA88: =+AR88+AS88+AU88+AW88+AY88+AZ88 -> 0
A90: 45976 | B90: STOP | C90: =(M90*E90*O90*Q90)/100000000 -> 0 | D90: VP OW | E90: 12 | F90: 1 | G90: 1230 | H90: =+N90 -> 0.23417344 | I90: 0.88 | J90: =E90*G90*(1-H90)*1440/1000000*2.74 -> 44.599484 | K90: =(IF(G90<L90,L90,G90)*(1-IF(H90<N90,H90,N90))*E90*O90*Q90)/100000000 -> 0 | L90: 1230 | M90: 941.96667 | N90: =1-(M90/L90) -> 0.23417344 | O90: =+'[3]Trim Rwd'!H32 -> 266 | P90: =O90*(Q90-R90-S90) -> 0 | Q90: =1440-1440 -> 0 | R90: =1440-1440 -> 0 | S90: 0 | T90: =E90*M90*O90*Q90/100000000 -> 0 | U90: =E90*M90*O90*(Q90-R90-S90)/100000000 -> 0 | V90: =E90*G90*(1-N90)*O90/100*(R90+S90)/1000000 -> 0 | W90: 0 | X90: =SUM(W90:W94)/SUM(K90:K94) -> #DIV/0! | Y90: 0 | Z90: 0 | AA90: =SUM(U90:U94)-SUM(W90:W94)-SUM(Z90:Z94)-SUM(Y90:Y94) -> 0 | AB90: =(SUM(K90:K94)-SUM(W90:W94)-SUM(Y90:Y94)-SUM(Z90:Z94)-SUM(AC90:AC94)-SUM(V90:V94))-AA90 -> 0 | AC90: =K90-T90 -> 0 | AD90: =+AM90+BA90 -> 0 | AE90: - Sheet Breaks (0x) | AF90: 0 | AM90: =SUM(AF90:AL90)+AT90+AV90+AX90 -> 0 | AR90: =SUM(AN90:AQ90) -> 0 | BA90: =+AR90+AS90+AU90+AW90+AY90+AZ90 -> 0 | BB90: 0
AD91: =+AM91+BA91 -> 0 | AE91: - Change Blade (0x) | AG91: 0 | AM91: =SUM(AF91:AL91)+AT91+AV91+AX91 -> 0 | AR91: =SUM(AN91:AQ91) -> 0 | BA91: =+AR91+AS91+AU91+AW91+AY91+AZ91 -> 0 | BC91: 0
AD92: =+AM92+BA92 -> 0 | AE92: - Change Spool (0x) | AH92: 0 | AM92: =SUM(AF92:AL92)+AT92+AV92+AX92 -> 0 | AR92: =SUM(AN92:AQ92) -> 0 | BA92: =+AR92+AS92+AU92+AW92+AY92+AZ92 -> 0
AD93: =+AM93+BA93 -> 0 | AE93: - Cleaning | AI93: 0 | AM93: =SUM(AF93:AL93)+AT93+AV93+AX93 -> 0 | AR93: =SUM(AN93:AQ93) -> 0 | BA93: =+AR93+AS93+AU93+AW93+AY93+AZ93 -> 0
AD94: =+AM94+BA94 -> 0 | AE94: - Grinding Yankee | AM94: =SUM(AF94:AL94)+AT94+AV94+AX94 -> 0 | AR94: =SUM(AN94:AQ94) -> 0 | AZ94: =1440-1440 -> 0 | BA94: =+AR94+AS94+AU94+AW94+AY94+AZ94 -> 0
A96: 45977 | B96: Facial | C96: =(M96*E96*O96*Q96)/100000000 -> 26.773468 | D96: VP OW | E96: 12 | F96: 1 | G96: 1230 | H96: =+N96 -> 0.23 | I96: 0.88 | J96: =E96*G96*(1-H96)*1440/1000000*2.74 -> 44.842533 | K96: =(IF(G96<L96,L96,G96)*(1-IF(H96<N96,H96,N96))*E96*O96*Q96)/100000000 -> 38.485408 | L96: 855.68445 | M96: 658.87703 | N96: =1-(M96/L96) -> 0.23 | O96: =+'[3]Trim Rwd'!H34 -> 262.5 | P96: =O96*(Q96-R96-S96) -> 323925 | Q96: =1440-150 -> 1290 | R96: =150-150 -> 0 | S96: 56 | T96: =E96*M96*O96*Q96/100000000 -> 26.773468 | U96: =E96*M96*O96*(Q96-R96-S96)/100000000 -> 25.611209 | V96: =E96*G96*(1-N96)*O96/100*(R96+S96)/1000000 -> 1.6706844 | W96: =+'[3]16'!K7/1000 -> 22.441 | X96: =SUM(W96:W100)/SUM(K96:K100) -> 0.58310411 | Y96: 0 | Z96: 0 | AA96: =SUM(U96:U100)-SUM(W96:W100)-SUM(Z96:Z100)-SUM(Y96:Y100) -> 3.170209 | AB96: =(SUM(K96:K100)-SUM(W96:W100)-SUM(Y96:Y100)-SUM(Z96:Z100)-SUM(AC96:AC100)-SUM(V96:V100))-AA96 -> -0.50842532 | AC96: =K96-T96 -> 11.71194 | AD96: =+AM96+BA96 -> 9 | AE96: - Sheet Breaks (3x) | AF96: 9 | AM96: =SUM(AF96:AL96)+AT96+AV96+AX96 -> 9 | AR96: =SUM(AN96:AQ96) -> 0 | BA96: =+AR96+AS96+AU96+AW96+AY96+AZ96 -> 0 | BB96: 3
AD97: =+AM97+BA97 -> 12 | AE97: - Change Blade (6x) | AG97: 12 | AM97: =SUM(AF97:AL97)+AT97+AV97+AX97 -> 12 | AR97: =SUM(AN97:AQ97) -> 0 | BA97: =+AR97+AS97+AU97+AW97+AY97+AZ97 -> 0 | BC97: 6
AD98: =+AM98+BA98 -> 35 | AE98: - Change Spool (18x) | AH98: 35 | AM98: =SUM(AF98:AL98)+AT98+AV98+AX98 -> 35 | AR98: =SUM(AN98:AQ98) -> 0 | BA98: =+AR98+AS98+AU98+AW98+AY98+AZ98 -> 0
AD99: =+AM99+BA99 -> 0 | AE99: - Cleaning | AI99: 0 | AM99: =SUM(AF99:AL99)+AT99+AV99+AX99 -> 0 | AR99: =SUM(AN99:AQ99) -> 0 | BA99: =+AR99+AS99+AU99+AW99+AY99+AZ99 -> 0
AD100: =+AM100+BA100 -> 0 | AE100: - Grinding Yankee | AM100: =SUM(AF100:AL100)+AT100+AV100+AX100 -> 0 | AR100: =SUM(AN100:AQ100) -> 0 | AZ100: =150-150 -> 0 | BA100: =+AR100+AS100+AU100+AW100+AY100+AZ100 -> 0
A102: 45978 | B102: Facial | C102: =(M102*E102*O102*Q102)/100000000 -> 36.942305 | D102: VP OW | E102: 12 | F102: 1 | G102: 1230 | H102: =+N102 -> 0.23 | I102: 0.88 | J102: =E102*G102*(1-H102)*1440/1000000*2.74 -> 44.842533 | K102: =(IF(G102<L102,L102,G102)*(1-IF(H102<N102,H102,N102))*E102*O102*Q102)/100000000 -> 42.960456 | L102: 1057.6944 | M102: 814.42472 | N102: =1-(M102/L102) -> 0.23 | O102: =+'[3]Trim Rwd'!H36 -> 262.5 | P102: =O102*(Q102-R102-S102) -> 360150 | Q102: 1440 | R102: 0 | S102: 68 | T102: =E102*M102*O102*Q102/100000000 -> 36.942305 | U102: =E102*M102*O102*(Q102-R102-S102)/100000000 -> 35.197808 | V102: =E102*G102*(1-N102)*O102/100*(R102+S102)/1000000 -> 2.0286882 | W102: =+'[3]17'!K7/1000 -> 25.547 | X102: =SUM(W102:W106)/SUM(K102:K106) -> 0.59466315 | Y102: 0 | Z102: =+'[3]17'!D34/1000 -> 2.912 | AA102: =SUM(U102:U106)-SUM(W102:W106)-SUM(Z102:Z106)-SUM(Y102:Y106) -> 6.7388076 | AB102: =(SUM(K102:K106)-SUM(W102:W106)-SUM(Y102:Y106)-SUM(Z102:Z106)-SUM(AC102:AC106)-SUM(V102:V106))-AA102 -> -0.28419045 | AC102: =K102-T102 -> 6.0181506 | AD102: =+AM102+BA102 -> 24 | AE102: - Sheet Breaks (8x) | AF102: 24 | AM102: =SUM(AF102:AL102)+AT102+AV102+AX102 -> 24 | AR102: =SUM(AN102:AQ102) -> 0 | BA102: =+AR102+AS102+AU102+AW102+AY102+AZ102 -> 0 | BB102: 8
AD103: =+AM103+BA103 -> 10 | AE103: - Change Blade (7x) | AG103: 10 | AM103: =SUM(AF103:AL103)+AT103+AV103+AX103 -> 10 | AR103: =SUM(AN103:AQ103) -> 0 | BA103: =+AR103+AS103+AU103+AW103+AY103+AZ103 -> 0 | BC103: 7
AD104: =+AM104+BA104 -> 34 | AE104: - Change Spool (26x) | AH104: 34 | AM104: =SUM(AF104:AL104)+AT104+AV104+AX104 -> 34 | AR104: =SUM(AN104:AQ104) -> 0 | BA104: =+AR104+AS104+AU104+AW104+AY104+AZ104 -> 0
AD105: =+AM105+BA105 -> 0 | AE105: - Cleaning | AI105: 0 | AM105: =SUM(AF105:AL105)+AT105+AV105+AX105 -> 0 | AR105: =SUM(AN105:AQ105) -> 0 | BA105: =+AR105+AS105+AU105+AW105+AY105+AZ105 -> 0
A107: 45979 | B107: Facial | C107: =(M107*E107*O107*Q107)/100000000 -> 38.31774 | D107: VP OW | E107: 12 | F107: 1 | G107: 1230 | H107: =+N107 -> 0.23362041 | I107: 0.88 | J107: =E107*G107*(1-H107)*1440/1000000*2.74 -> 44.631691 | K107: =(IF(G107<L107,L107,G107)*(1-IF(H107<N107,H107,N107))*E107*O107*Q107)/100000000 -> 39.518104 | L107: 1192.6387 | M107: 914.01394 | N107: =1-(M107/L107) -> 0.23362041 | O107: =+'[3]Trim Rwd'!H38 -> 261.88462 | P107: =O107*(Q107-R107-S107) -> 335997.96 | Q107: =1404-70 -> 1334 | R107: =70-70 -> 0 | S107: =56-5 -> 51 | T107: =E107*M107*O107*Q107/100000000 -> 38.31774 | U107: =E107*M107*O107*(Q107-R107-S107)/100000000 -> 36.852819 | V107: =E107*G107*(1-N107)*O107/100*(R107+S107)/1000000 -> 1.5108121 | W107: =+'[3]18'!K7/1000 -> 34.367 | X107: =SUM(W107:W111)/SUM(K107:K111) -> 0.84897981 | Y107: 0 | Z107: =+'[3]17'!D39/1000 -> 0 | AA107: =SUM(U107:U111)-SUM(W107:W111)-SUM(Z107:Z111)-SUM(Y107:Y111) -> 3.2738127 | AB107: =(SUM(K107:K111)-SUM(W107:W111)-SUM(Y107:Y111)-SUM(Z107:Z111)-SUM(AC107:AC111)-SUM(V107:V111))-AA107 -> -0.052440466 | AC107: =K107-T107 -> 1.2003646 | AD107: =+AM107+BA107 -> 24 | AE107: - Sheet Breaks (9x) | AF107: 24 | AM107: =SUM(AF107:AL107)+AT107+AV107+AX107 -> 24 | AR107: =SUM(AN107:AQ107) -> 0 | BA107: =+AR107+AS107+AU107+AW107+AY107+AZ107 -> 0 | BB107: 9
B108: Facial | C108: =(M108*E108*O108*Q108)/100000000 -> 0.91508988 | D108: VP OW | E108: 10.3 | F108: 1 | G108: 1230 | H108: =+N108 -> 0.23 | I108: 0.88 | J108: =E108*G108*(1-H108)*1440/1000000*2.74 -> 38.489841 | K108: =(IF(G108<L108,L108,G108)*(1-IF(H108<N108,H108,N108))*E108*O108*Q108)/100000000 -> 0.96224602 | L108: 1169.7222 | M108: 900.68611 | N108: =1-(M108/L108) -> 0.23 | O108: 274 | P108: =O108*(Q108-R108-S108) -> 8494 | Q108: 36 | R108: 0 | S108: 5 | T108: =E108*M108*O108*Q108/100000000 -> 0.91508988 | U108: =E108*M108*O108*(Q108-R108-S108)/100000000 -> 0.78799407 | V108: =E108*G108*(1-N108)*O108/100*(R108+S108)/1000000 -> 0.13364528 | W108: =+'[3]16'!K19/1000 -> 0 | AC108: =K108-T108 -> 0.04715614 | AD108: =+AM108+BA108 -> 2 | AE108: - Change Blade (1x) | AG108: 2 | AM108: =SUM(AF108:AL108)+AT108+AV108+AX108 -> 2 | AR108: =SUM(AN108:AQ108) -> 0 | BA108: =+AR108+AS108+AU108+AW108+AY108+AZ108 -> 0 | BC108: 1
AD109: =+AM109+BA109 -> 30 | AE109: - Change Spool (27x) | AH109: 30 | AM109: =SUM(AF109:AL109)+AT109+AV109+AX109 -> 30 | AR109: =SUM(AN109:AQ109) -> 0 | BA109: =+AR109+AS109+AU109+AW109+AY109+AZ109 -> 0
AD110: =+AM110+BA110 -> 0 | AE110: - 13:35 pm stop cek permukaan yankee | AI110: 0 | AM110: =SUM(AF110:AL110)+AT110+AV110+AX110 -> 0 | AR110: =SUM(AN110:AQ110) -> 0 | AZ110: =70-70 -> 0 | BA110: =+AR110+AS110+AU110+AW110+AY110+AZ110 -> 0
A112: 45980 | B112: Facial | C112: =(M112*E112*O112*Q112)/100000000 -> 22.967954 | D112: VP OW | E112: 12 | F112: 1 | G112: 1230 | H112: =+N112 -> 0.23390089 | I112: 0.88 | J112: =E112*G112*(1-H112)*1440/1000000*2.74 -> 44.615357 | K112: =(IF(G112<L112,L112,G112)*(1-IF(H112<N112,H112,N112))*E112*O112*Q112)/100000000 -> 22.967954 | L112: 1230 | M112: 942.30191 | N112: =1-(M112/L112) -> 0.23390089 | O112: =+'[3]Trim Rwd'!H41 -> 258.09302 | P112: =O112*(Q112-R112-S112) -> 195634.51 | Q112: =1440-653 -> 787 | R112: =653-653 -> 0 | S112: 29 | T112: =E112*M112*O112*Q112/100000000 -> 22.967954 | U112: =E112*M112*O112*(Q112-R112-S112)/100000000 -> 22.121613 | V112: =E112*G112*(1-N112)*O112/100*(R112+S112)/1000000 -> 0.84634139 | W112: =+'[3]19'!K7/1000 -> 25.437 | X112: =SUM(W112:W116)/SUM(K112:K116) -> 1.1074996 | Y112: 0 | Z112: =+'[3]17'!D44/1000 -> 0 | AA112: =SUM(U112:U116)-SUM(W112:W116)-SUM(Z112:Z116)-SUM(Y112:Y116) -> -3.3153872 | AB112: =(SUM(K112:K116)-SUM(W112:W116)-SUM(Y112:Y116)-SUM(Z112:Z116)-SUM(AC112:AC116)-SUM(V112:V116))-AA112 -> 0 | AC112: =K112-T112 -> 0 | AD112: =+AM112+BA112 -> 9 | AE112: - Sheet Breaks (3x) | AF112: 9 | AM112: =SUM(AF112:AL112)+AT112+AV112+AX112 -> 9 | AR112: =SUM(AN112:AQ112) -> 0 | BA112: =+AR112+AS112+AU112+AW112+AY112+AZ112 -> 0 | BB112: 3
AD113: =+AM113+BA113 -> 4 | AE113: - Change Blade (2x) | AG113: 4 | AM113: =SUM(AF113:AL113)+AT113+AV113+AX113 -> 4 | AR113: =SUM(AN113:AQ113) -> 0 | BA113: =+AR113+AS113+AU113+AW113+AY113+AZ113 -> 0 | BC113: 2
AD114: =+AM114+BA114 -> 16 | AE114: - Change Spool (16x) | AH114: 16 | AM114: =SUM(AF114:AL114)+AT114+AV114+AX114 -> 16 | AR114: =SUM(AN114:AQ114) -> 0 | BA114: =+AR114+AS114+AU114+AW114+AY114+AZ114 -> 0
AD115: =+AM115+BA115 -> 0 | AE115: - 20:07 pm stop , proses pendinginan yankee | AI115: 0 | AM115: =SUM(AF115:AL115)+AT115+AV115+AX115 -> 0 | AR115: =SUM(AN115:AQ115) -> 0 | AZ115: =653-653 -> 0 | BA115: =+AR115+AS115+AU115+AW115+AY115+AZ115 -> 0
A117: 45981 | B117: Facial | C117: =(M117*E117*O117*Q117)/100000000 -> 17.350376 | D117: VP OW | E117: 13 | F117: 1 | G117: 1230 | H117: =+N117 -> 0.23180279 | I117: 0.88 | J117: =E117*G117*(1-H117)*1440/1000000*2.74 -> 48.465672 | K117: =(IF(G117<L117,L117,G117)*(1-IF(H117<N117,H117,N117))*E117*O117*Q117)/100000000 -> 18.697903 | L117: 1141.3559 | M117: 876.78644 | N117: =1-(M117/L117) -> 0.23180279 | O117: =+'[3]Trim Rwd'!H44 -> 258 | P117: =O117*(Q117-R117-S117) -> 146802 | Q117: =1313-723 -> 590 | R117: =723-723 -> 0 | S117: 21 | T117: =E117*M117*O117*Q117/100000000 -> 17.350376 | U117: =E117*M117*O117*(Q117-R117-S117)/100000000 -> 16.73282 | V117: =E117*G117*(1-N117)*O117/100*(R117+S117)/1000000 -> 0.66551859 | W117: =+'[3]20'!K8/1000 -> 8.581 | X117: =SUM(W117:W121)/SUM(K117:K121) -> 0.51061851 | Y117: 0 | Z117: =+'[3]20'!D25/1000 -> 0.168 | AA117: =SUM(U117:U121)-SUM(W117:W121)-SUM(Z117:Z121)-SUM(Y117:Y121) -> 8.2646693 | AB117: =(SUM(K117:K121)-SUM(W117:W121)-SUM(Y117:Y121)-SUM(Z117:Z121)-SUM(AC117:AC121)-SUM(V117:V121))-AA117 -> -0.096522612 | AC117: =K117-T117 -> 1.347527 | AD117: =+AM117+BA117 -> 14 | AE117: - Sheet Breaks (5x) | AF117: 14 | AM117: =SUM(AF117:AL117)+AT117+AV117+AX117 -> 14 | AR117: =SUM(AN117:AQ117) -> 0 | BA117: =+AR117+AS117+AU117+AW117+AY117+AZ117 -> 0 | BB117: 5
B118: Facial | C118: =(M118*E118*O118*Q118)/100000000 -> 3.8044086 | D118: VP OW | E118: 14 | F118: 1 | G118: 1230 | H118: =+N118 -> 0.24 | I118: 0.88 | J118: =E118*G118*(1-H118)*1440/1000000*2.74 -> 51.636856 | K118: =(IF(G118<L118,L118,G118)*(1-IF(H118<N118,H118,N118))*E118*O118*Q118)/100000000 -> 4.4211179 | L118: 1058.4252 | M118: 804.40315 | N118: =1-(M118/L118) -> 0.24 | O118: =+'[3]Trim Rwd'!H45 -> 266 | P118: =O118*(Q118-R118-S118) -> 31122 | Q118: 127 | R118: 0 | S118: 10 | T118: =E118*M118*O118*Q118/100000000 -> 3.8044086 | U118: =E118*M118*O118*(Q118-R118-S118)/100000000 -> 3.5048489 | V118: =E118*G118*(1-N118)*O118/100*(R118+S118)/1000000 -> 0.34811952 | W118: =+'[3]20'!K9/1000 -> 3.224 | AC118: =K118-T118 -> 0.6167093 | AD118: =+AM118+BA118 -> 0 | AE118: - Change Blade (0x) | AG118: 0 | AM118: =SUM(AF118:AL118)+AT118+AV118+AX118 -> 0 | AR118: =SUM(AN118:AQ118) -> 0 | BA118: =+AR118+AS118+AU118+AW118+AY118+AZ118 -> 0 | BC118: 0
AD119: =+AM119+BA119 -> 17 | AE119: - Change Spool (14x) | AH119: 17 | AM119: =SUM(AF119:AL119)+AT119+AV119+AX119 -> 17 | AR119: =SUM(AN119:AQ119) -> 0 | BA119: =+AR119+AS119+AU119+AW119+AY119+AZ119 -> 0
...

Sheet PM 15
A1: PM15 Efficiency Running Report
A3: Date | B3: Grade | C3: Speed real (ton) with Available Time | D3: Colour | E3: gsm | F3: Ply | G3: Standard | L3: Real Running | O3: Trim Rewinder (cm) | P3: Trim Rewinder x Running Time | Q3: Available Time (mnt) | R3: Down Time (mnt) | S3: Loss Time (mnt) | T3: Real Speed & Real Creepe Ratio with Available Time (ton) | U3: Real Speed & Real Creepe Ratio setelah dipotong DT & LT (ton) | V3: Loss tonase akibat DT + LT dari hitungan Teori with available time (ton) | W3: Accepted (ton) | X3: Real Eff dr Target Eff | Y3: Backlog | Z3: Reject Rewinder (ton) | AA3: Estimasi Reject to Broke Plant (ton) | AB3: Estimasi Faktor BW (ton) | AC3: Loss Opportunity in Speed (ton) | AD3: Downtime/ Losstime | AE3: Reason of Downtime / Losstime | AF3: Loss Time | AM3: Total Losstime | AN3: Unschedule Shut Down (mnt) | AS3: Schedule Shut Down | AT3: Marketing | AV3: EXT FACTOR | AX3: EXT FACTOR | AZ3: MANAGEMENT | BA3: Total Down Time | BB3: Freq. Sheets Break (X) | BC3: Freq. Change Blade (X) | BD3: Steam, & gangguan sinergy (X) | BE3: Freq, Trip PLN (X) | BF3: Cleaning Holes (X)
AF4: Proses | AI4: Change Grade | AJ4: Mekanik | AK4: Electric & Instrument | AL4: Boiler | AN4: Down Time Produksi | AO4: Mekanik | AP4: Electrical & Instrument | AQ4: Boiler | AR4: Total Unschedule Shut Down | AV4: LOSS | AW4: DOWN TIME | AX4: LOSS | AY4: DOWN TIME
G5: Yankee Speed (mpm) | H5: Max % Creeping | I5: Target Eff | J5: Kapasitas PM-Teori (ton) | K5: Teori (ton) with Available Time | L5: Yankee Speed (mpm) | M5: Popereel Speed (mpm) | N5: % Creeping | AF5: sheet break | AG5: change blade | AH5: change spool | AT5: Loss time | AU5: Down Time | AV5: SINERGY | AW5: SINERGY | AX5: PLN | AY5: PLN
A6: =+[4]Report1!A9 -> 45962 | B6: Toilet | C6: =(M6*E6*O6*Q6)/100000000 -> 3.9742303 | D6: RC HW | E6: 14 | F6: 1 | G6: 1295 | H6: =+N6 -> 0.23 | I6: 0.88 | J6: =E6*G6*(1-H6)*1440/1000000*2.74 -> 55.080971 | K6: =(IF(G6<L6,L6,G6)*(1-IF(H6<N6,H6,N6))*E6*O6*Q6)/100000000 -> 4.3988275 | L6: 1170 | M6: 900.9 | N6: =1-(M6/L6) -> 0.23 | O6: =+'[4]Trim Rwd'!H5 -> 274 | P6: =O6*(Q6-R6-S6) -> 26578 | Q6: 115 | R6: 0 | S6: 18 | T6: =E6*M6*O6*Q6/100000000 -> 3.9742303 | U6: =E6*M6*O6*(Q6-R6-S6)/100000000 -> 3.3521768 | V6: =E6*G6*(1-N6)*O6/100*(R6+S6)/1000000 -> 0.68851213 | W6: =+'[4]1'!K8/1000 -> 7.017 | X6: =SUM(W6:W9)/SUM(K6:K9) -> 0.72220006 | Y6: 0 | Z6: 0 | AA6: =SUM(U6:U9)-SUM(W6:W9)-SUM(Z6:Z9)-SUM(Y6:Y9) -> 2.75351 | AB6: =(SUM(K6:K9)-SUM(W6:W9)-SUM(Y6:Y9)-SUM(Z6:Z9)-SUM(AC6:AC9)-SUM(V6:V9))-AA6 -> -0.80389189 | AC6: =K6-T6 -> 0.42459725 | AD6: =+AM6+BA6 -> 0 | AE6: - Sheet Breaks (0x) | AF6: 0 | AM6: =SUM(AF6:AL6)+AT6 -> 0 | AR6: =SUM(AN6:AQ6) -> 0 | BA6: =+AR6+AS6+AU6+AV6+AX6 -> 0 | BB6: 0
B7: Toilet | C7: =(M7*E7*O7*Q7)/100000000 -> 45.011378 | D7: RC HW | E7: 13.5 | F7: 1 | G7: 1345 | H7: =+N7 -> 0.23 | I7: 0.88 | J7: =E7*G7*(1-H7)*1440/1000000*2.74 -> 55.164519 | K7: =(IF(G7<L7,L7,G7)*(1-IF(H7<N7,H7,N7))*E7*O7*Q7)/100000000 -> 50.759019 | L7: 1192.7004 | M7: 918.37932 | N7: =1-(M7/L7) -> 0.23 | O7: =+'[4]Trim Rwd'!H4 -> 274 | P7: =O7*(Q7-R7-S7) -> 316470 | Q7: =1185+140 -> 1325 | R7: =25+115 -> 140 | S7: 30 | T7: =E7*M7*O7*Q7/100000000 -> 45.011378 | U7: =E7*M7*O7*(Q7-R7-S7)/100000000 -> 39.236333 | V7: =E7*G7*(1-N7)*O7/100*(R7+S7)/1000000 -> 6.5124779 | W7: =+'[4]1'!K7/1000 -> 32.818 | AC7: =K7-T7 -> 5.747641 | AD7: =+AM7+BA7 -> 10 | AE7: - Change Blade (11x) | AG7: 10 | AM7: =SUM(AF7:AL7)+AT7 -> 10 | AR7: =SUM(AN7:AQ7) -> 0 | BA7: =+AR7+AS7+AU7+AV7+AX7 -> 0 | BC7: 11
AD8: =+AM8+BA8 -> 23 | AE8: - Change Spool (28x) | AH8: 23 | AM8: =SUM(AF8:AL8)+AT8 -> 23 | AR8: =SUM(AN8:AQ8) -> 0 | BA8: =+AR8+AS8+AU8+AV8+AX8 -> 0
AD9: =+AM9+BA9 -> 15 | AE9: - Cleaning | AI9: 15 | AM9: =SUM(AF9:AL9)+AT9 -> 15 | AR9: =SUM(AN9:AQ9) -> 0 | BA9: =+AR9+AS9+AU9+AV9+AX9 -> 0
AD10: =+AM10+BA10 -> 140 | AE10: - 14.35 Pm stop, cleaning sambil jalan TDK ada perubahan. | AM10: =SUM(AF10:AL10)+AT10 -> 0 | AN10: 140 | AR10: =SUM(AN10:AQ10) -> 140 | BA10: =+AR10+AS10+AU10+AV10+AX10 -> 140
A12: 45963 | B12: Toilet | C12: =(M12*E12*O12*Q12)/100000000 -> 25.227343 | D12: RC HW | E12: 13.5 | F12: 1 | G12: 1345 | H12: =+N12 -> 0.23 | I12: 0.88 | J12: =E12*G12*(1-H12)*1440/1000000*2.74 -> 55.164519 | K12: =(IF(G12<L12,L12,G12)*(1-IF(H12<N12,H12,N12))*E12*O12*Q12)/100000000 -> 27.812111 | L12: 1220 | M12: 939.4 | N12: =1-(M12/L12) -> 0.23 | O12: =+'[4]Trim Rwd'!H7 -> 274 | P12: =O12*(Q12-R12-S12) -> 192622 | Q12: 726 | R12: 0 | S12: 23 | T12: =E12*M12*O12*Q12/100000000 -> 25.227343 | U12: =E12*M12*O12*(Q12-R12-S12)/100000000 -> 24.428129 | V12: =E12*G12*(1-N12)*O12/100*(R12+S12)/1000000 -> 0.88109995 | W12: =+'[4]2'!K7/1000 -> 28.511 | X12: =SUM(W12:W15)/SUM(K12:K15) -> 0.89075191 | Y12: 0 | Z12: 0 | AA12: =SUM(U12:U15)-SUM(W12:W15)-SUM(Z12:Z15)-SUM(Y12:Y15) -> 0.22124705 | AB12: =(SUM(K12:K15)-SUM(W12:W15)-SUM(Y12:Y15)-SUM(Z12:Z15)-SUM(AC12:AC15)-SUM(V12:V15))-AA12 -> -0.13196996 | AC12: =K12-T12 -> 2.5847687 | AD12: =+AM12+BA12 -> 0 | AE12: - Sheet Breaks (0x) | AF12: 0 | AM12: =SUM(AF12:AL12)+AT12 -> 0 | AR12: =SUM(AN12:AQ12) -> 0 | BA12: =+AR12+AS12+AU12+AV12+AX12 -> 0 | BB12: 0
B13: Toilet | C13: =(M13*E13*O13*Q13)/100000000 -> 25.685549 | D13: RC HW | E13: 14 | F13: 1 | G13: 1295 | H13: =+N13 -> 0.23 | I13: 0.88 | J13: =E13*G13*(1-H13)*1440/1000000*2.74 -> 55.080971 | K13: =(IF(G13<L13,L13,G13)*(1-IF(H13<N13,H13,N13))*E13*O13*Q13)/100000000 -> 27.310981 | L13: 1217.9272 | M13: 937.80392 | N13: =1-(M13/L13) -> 0.23 | O13: =+'[4]Trim Rwd'!H8 -> 274 | P13: =O13*(Q13-R13-S13) -> 189608 | Q13: 714 | R13: 0 | S13: 22 | T13: =E13*M13*O13*Q13/100000000 -> 25.685549 | U13: =E13*M13*O13*(Q13-R13-S13)/100000000 -> 24.894118 | V13: =E13*G13*(1-N13)*O13/100*(R13+S13)/1000000 -> 0.84151483 | W13: =+'[4]2'!K8/1000 -> 20.59 | AC13: =K13-T13 -> 1.6254321 | AD13: =+AM13+BA13 -> 12 | AE13: - Change Blade (10x) | AG13: 12 | AM13: =SUM(AF13:AL13)+AT13 -> 12 | AR13: =SUM(AN13:AQ13) -> 0 | BA13: =+AR13+AS13+AU13+AV13+AX13 -> 0 | BC13: 10
AD14: =+AM14+BA14 -> 23 | AE14: - Change Spool (28x) | AH14: 23 | AM14: =SUM(AF14:AL14)+AT14 -> 23 | AR14: =SUM(AN14:AQ14) -> 0 | BA14: =+AR14+AS14+AU14+AV14+AX14 -> 0
AD15: =+AM15+BA15 -> 10 | AE15: - Cleaning | AI15: 10 | AM15: =SUM(AF15:AL15)+AT15 -> 10 | AR15: =SUM(AN15:AQ15) -> 0 | BA15: =+AR15+AS15+AU15+AV15+AX15 -> 0
A17: 45964 | B17: Toilet | C17: =(M17*E17*O17*Q17)/100000000 -> 51.642079 | D17: RC HW | E17: 14 | F17: 1 | G17: 1295 | H17: =+N17 -> 0.23 | I17: 0.88 | J17: =E17*G17*(1-H17)*1440/1000000*2.74 -> 55.080971 | K17: =(IF(G17<L17,L17,G17)*(1-IF(H17<N17,H17,N17))*E17*O17*Q17)/100000000 -> 54.667433 | L17: 1223.3333 | M17: 941.96667 | N17: =1-(M17/L17) -> 0.23 | O17: =+'[4]Trim Rwd'!H10 -> 271.94286 | P17: =O17*(Q17-R17-S17) -> 375825.03 | Q17: 1440 | R17: 0 | S17: 58 | T17: =E17*M17*O17*Q17/100000000 -> 51.642079 | U17: =E17*M17*O17*(Q17-R17-S17)/100000000 -> 49.562051 | V17: =E17*G17*(1-N17)*O17/100*(R17+S17)/1000000 -> 2.2018827 | W17: =+'[4]3'!K8/1000 -> 48.119 | X17: =SUM(W17:W20)/SUM(K17:K20) -> 0.88021328 | Y17: =+SUM([4]RBP!AG8:AG9) -> 0 | Z17: 0 | AA17: =SUM(U17:U20)-SUM(W17:W20)-SUM(Z17:Z20)-SUM(Y17:Y20) -> 1.4430509 | AB17: =(SUM(K17:K20)-SUM(W17:W20)-SUM(Y17:Y20)-SUM(Z17:Z20)-SUM(AC17:AC20)-SUM(V17:V20))-AA17 -> -0.12185451 | AC17: =K17-T17 -> 3.0253534 | AD17: =+AM17+BA17 -> 0 | AE17: - Sheet Breaks (0x) | AF17: 0 | AM17: =SUM(AF17:AL17)+AT17 -> 0 | AR17: =SUM(AN17:AQ17) -> 0 | BA17: =+AR17+AS17+AU17+AV17+AX17 -> 0 | BB17: 0
AC18: =K18-T18 -> 0 | AD18: =+AM18+BA18 -> 13 | AE18: - Change Blade (14x) | AG18: 13 | AM18: =SUM(AF18:AL18)+AT18 -> 13 | AR18: =SUM(AN18:AQ18) -> 0 | BA18: =+AR18+AS18+AU18+AV18+AX18 -> 0 | BC18: 14
AD19: =+AM19+BA19 -> 22 | AE19: - Change Spool (28x) | AH19: 22 | AM19: =SUM(AF19:AL19)+AT19 -> 22 | AR19: =SUM(AN19:AQ19) -> 0 | BA19: =+AR19+AS19+AU19+AV19+AX19 -> 0
AD20: =+AM20+BA20 -> 23 | AE20: - Cleaning | AI20: 23 | AM20: =SUM(AF20:AL20)+AT20 -> 23 | AR20: =SUM(AN20:AQ20) -> 0 | BA20: =+AR20+AS20+AU20+AV20+AX20 -> 0
A22: 45965 | B22: Toilet | C22: =(M22*E22*O22*Q22)/100000000 -> 17.966487 | D22: RC HW | E22: 14 | F22: 1 | G22: 1295 | H22: =+N22 -> 0.23 | I22: 0.88 | J22: =E22*G22*(1-H22)*1440/1000000*2.74 -> 55.080971 | K22: =(IF(G22<L22,L22,G22)*(1-IF(H22<N22,H22,N22))*E22*O22*Q22)/100000000 -> 18.915935 | L22: 1230 | M22: 947.1 | N22: =1-(M22/L22) -> 0.23 | O22: =+'[4]Trim Rwd'!H13 -> 271 | P22: =O22*(Q22-R22-S22) -> 129538 | Q22: 500 | R22: 0 | S22: 22 | T22: =E22*M22*O22*Q22/100000000 -> 17.966487 | U22: =E22*M22*O22*(Q22-R22-S22)/100000000 -> 17.175962 | V22: =E22*G22*(1-N22)*O22/100*(R22+S22)/1000000 -> 0.83230116 | W22: =+'[4]4'!K8/1000 -> 22.055 | X22: =SUM(W22:W25)/SUM(K22:K25) -> 0.92179422 | Y22: 0 | Z22: 0 | AA22: =SUM(U22:U25)-SUM(W22:W25)-SUM(Z22:Z25)-SUM(Y22:Y25) -> 0.49532843 | AB22: =(SUM(K22:K25)-SUM(W22:W25)-SUM(Y22:Y25)-SUM(Z22:Z25)-SUM(AC22:AC25)-SUM(V22:V25))-AA22 -> -0.069477783 | AC22: =K22-T22 -> 0.9494485 | AD22: =+AM22+BA22 -> 0 | AE22: - Sheet Breaks (0x) | AF22: 0 | AM22: =SUM(AF22:AL22)+AT22 -> 0 | AR22: =SUM(AN22:AQ22) -> 0 | BA22: =+AR22+AS22+AU22+AV22+AX22 -> 0 | BB22: 0
B23: Toilet | C23: =(M23*E23*O23*Q23)/100000000 -> 35.189619 | D23: RC HW | E23: 15 | F23: 1 | G23: 1200 | H23: =+N23 -> 0.2249138 | I23: 0.88 | J23: =E23*G23*(1-H23)*1440/1000000*2.74 -> 55.047242 | K23: =(IF(G23<L23,L23,G23)*(1-IF(H23<N23,H23,N23))*E23*O23*Q23)/100000000 -> 35.933616 | L23: 1175.1543 | M23: 910.84585 | N23: =1-(M23/L23) -> 0.2249138 | O23: =+'[4]Trim Rwd'!H14 -> 274 | P23: =O23*(Q23-R23-S23) -> 247970 | Q23: 940 | R23: 0 | S23: 35 | T23: =E23*M23*O23*Q23/100000000 -> 35.189619 | U23: =E23*M23*O23*(Q23-R23-S23)/100000000 -> 33.879367 | V23: =E23*G23*(1-N23)*O23/100*(R23+S23)/1000000 -> 1.3379538 | W23: =+'[4]4'!K9/1000 -> 28.505 | AC23: =K23-T23 -> 0.74399788 | AD23: =+AM23+BA23 -> 12 | AE23: - Change Blade (15x) | AG23: 12 | AM23: =SUM(AF23:AL23)+AT23 -> 12 | AR23: =SUM(AN23:AQ23) -> 0 | BA23: =+AR23+AS23+AU23+AV23+AX23 -> 0 | BC23: 15
AD24: =+AM24+BA24 -> 22 | AE24: - Change Spool (29x) | AH24: 22 | AM24: =SUM(AF24:AL24)+AT24 -> 22 | AR24: =SUM(AN24:AQ24) -> 0 | BA24: =+AR24+AS24+AU24+AV24+AX24 -> 0
AD25: =+AM25+BA25 -> 23 | AE25: - Cleaning | AI25: 23 | AM25: =SUM(AF25:AL25)+AT25 -> 23 | AR25: =SUM(AN25:AQ25) -> 0 | BA25: =+AR25+AS25+AU25+AV25+AX25 -> 0
A27: 45966 | B27: Toilet | C27: =(M27*E27*O27*Q27)/100000000 -> 0.67218228 | D27: RC HW | E27: 15 | F27: 1 | G27: 1210 | H27: =+N27 -> 0.23 | I27: 0.88 | J27: =E27*G27*(1-H27)*1440/1000000*2.74 -> 55.141733 | K27: =(IF(G27<L27,L27,G27)*(1-IF(H27<N27,H27,N27))*E27*O27*Q27)/100000000 -> 0.68927166 | L27: 1180 | M27: 908.6 | N27: =1-(M27/L27) -> 0.23 | O27: =+'[4]Trim Rwd'!H16 -> 274 | P27: =O27*(Q27-R27-S27) -> 4110 | Q27: 18 | R27: 0 | S27: 3 | T27: =E27*M27*O27*Q27/100000000 -> 0.67218228 | U27: =E27*M27*O27*(Q27-R27-S27)/100000000 -> 0.5601519 | V27: =E27*G27*(1-N27)*O27/100*(R27+S27)/1000000 -> 0.11487861 | W27: =+'[4]5'!K9/1000 -> 5.733 | X27: =SUM(W27:W30)/SUM(K27:K30) -> 0.54867609 | Y27: 0 | Z27: 0 | AA27: =SUM(U27:U30)-SUM(W27:W30)-SUM(Z27:Z30)-SUM(Y27:Y30) -> -1.9218618 | AB27: =(SUM(K27:K30)-SUM(W27:W30)-SUM(Y27:Y30)-SUM(Z27:Z30)-SUM(AC27:AC30)-SUM(V27:V30))-AA27 -> -1.8712633 | AC27: =K27-T27 -> 0.01708938 | AD27: =+AM27+BA27 -> 0 | AE27: - Sheet Breaks (0x) | AF27: 0 | AM27: =SUM(AF27:AL27)+AT27 -> 0 | AR27: =SUM(AN27:AQ27) -> 0 | BA27: =+AR27+AS27+AU27+AV27+AX27 -> 0 | BB27: 0
B28: Toilet | C28: =(M28*E28*O28*Q28)/100000000 -> 15.724793 | D28: RC HW | E28: 13.5 | F28: 1 | G28: 1345 | H28: =+N28 -> 0.23 | I28: 0.88 | J28: =E28*G28*(1-H28)*1440/1000000*2.74 -> 55.164519 | K28: =(IF(G28<L28,L28,G28)*(1-IF(H28<N28,H28,N28))*E28*O28*Q28)/100000000 -> 17.698616 | L28: 1195 | M28: 920.15 | N28: =1-(M28/L28) -> 0.23 | O28: =+'[4]Trim Rwd'!H17 -> 274 | P28: =O28*(Q28-R28-S28) -> 9042 | Q28: =47+415 -> 462 | R28: 415 | S28: 14 | T28: =E28*M28*O28*Q28/100000000 -> 15.724793 | U28: =E28*M28*O28*(Q28-R28-S28)/100000000 -> 1.1231995 | V28: =E28*G28*(1-N28)*O28/100*(R28+S28)/1000000 -> 16.43443 | W28: =+'[4]5'!K7/1000 -> 1.254 | AC28: =K28-T28 -> 1.9738234 | AD28: =+AM28+BA28 -> 7 | AE28: - Change Blade (6x) | AG28: 7 | AM28: =SUM(AF28:AL28)+AT28 -> 7 | AR28: =SUM(AN28:AQ28) -> 0 | BA28: =+AR28+AS28+AU28+AV28+AX28 -> 0 | BC28: 6
B29: Towel | C29: =(M29*E29*O29*Q29)/100000000 -> 30.237393 | D29: RC HW | E29: 29 | F29: 1 | G29: 565 | H29: =+N29 -> 0.15 | I29: 0.88 | J29: =E29*G29*(1-H29)*1440/1000000*2.74 -> 54.951358 | K29: =(IF(G29<L29,L29,G29)*(1-IF(H29<N29,H29,N29))*E29*O29*Q29)/100000000 -> 30.436334 | L29: 561.30699 | M29: 477.11094 | N29: =1-(M29/L29) -> 0.15 | O29: =+'[4]Trim Rwd'!H18 -> 256.5 | P29: =O29*(Q29-R29-S29) -> 163647 | Q29: =658+194 -> 852 | R29: 194 | S29: 20 | T29: =E29*M29*O29*Q29/100000000 -> 30.237393 | U29: =E29*M29*O29*(Q29-R29-S29)/100000000 -> 22.642555 | V29: =E29*G29*(1-N29)*O29/100*(R29+S29)/1000000 -> 7.6448068 | W29: =+'[4]5'!K10/1000 -> 21.998 | Z29: =+'[4]5'!D25/1000 -> 0.858 | AC29: =K29-T29 -> 0.19894099 | AD29: =+AM29+BA29 -> 18 | AE29: - Change Spool (17x) | AH29: 18 | AM29: =SUM(AF29:AL29)+AT29 -> 18 | AR29: =SUM(AN29:AQ29) -> 0 | BA29: =+AR29+AS29+AU29+AV29+AX29 -> 0
B30: Towel | C30: =(M30*E30*O30*Q30)/100000000 -> 4.002939 | D30: RC HW | E30: 20 | F30: 1 | G30: 820 | H30: =+N30 -> 0.15 | I30: 0.88 | J30: =E30*G30*(1-H30)*1440/1000000*2.74 -> 55.001664 | K30: =(IF(G30<L30,L30,G30)*(1-IF(H30<N30,H30,N30))*E30*O30*Q30)/100000000 -> 4.002939 | L30: 850 | M30: 722.5 | N30: =1-(M30/L30) -> 0.15 | O30: =+'[4]Trim Rwd'!H19 -> 256.5 | P30: =O30*(Q30-R30-S30) -> 24880.5 | Q30: 108 | R30: 0 | S30: =48-S27-S28-S29 -> 11 | T30: =E30*M30*O30*Q30/100000000 -> 4.002939 | U30: =E30*M30*O30*(Q30-R30-S30)/100000000 -> 3.5952323 | V30: =E30*G30*(1-N30)*O30/100*(R30+S30)/1000000 -> 0.3933171 | W30: =+'[4]4'!K16/1000 -> 0 | AC30: =K30-T30 -> 0 | AD30: =+AM30+BA30 -> 23 | AE30: - Cleaning | AI30: 23 | AM30: =SUM(AF30:AL30)+AT30 -> 23 | AR30: =SUM(AN30:AQ30) -> 0 | BA30: =+AR30+AS30+AU30+AV30+AX30 -> 0
AD31: =+AM31+BA31 -> 609 | AE31: - 08.05 pm 15 stop ganti felt | AM31: =SUM(AF31:AL31)+AT31 -> 0 | AR31: =SUM(AN31:AQ31) -> 0 | AS31: 609 | BA31: =+AR31+AS31+AU31+AV31+AX31 -> 609
A33: 45967 | B33: Towel | C33: =(M33*E33*O33*Q33)/100000000 -> 55.832054 | D33: RC HW | E33: 20 | F33: 1 | G33: 820 | H33: =+N33 -> 0.15 | I33: 0.88 | J33: =E33*G33*(1-H33)*1440/1000000*2.74 -> 55.001664 | K33: =(IF(G33<L33,L33,G33)*(1-IF(H33<N33,H33,N33))*E33*O33*Q33)/100000000 -> 55.832054 | L33: 875 | M33: 743.75 | N33: =1-(M33/L33) -> 0.15 | O33: =+'[4]Trim Rwd'!H21 -> 260.65385 | P33: =O33*(Q33-R33-S33) -> 365436.69 | Q33: 1440 | R33: 0 | S33: 38 | T33: =E33*M33*O33*Q33/100000000 -> 55.832054 | U33: =E33*M33*O33*(Q33-R33-S33)/100000000 -> 54.358708 | V33: =E33*G33*(1-N33)*O33/100*(R33+S33)/1000000 -> 1.3807356 | W33: =+'[4]6'!K11/1000 -> 56.119 | X33: =SUM(W33:W36)/SUM(K33:K36) -> 1.0051395 | Y33: 0 | Z33: 0 | AA33: =SUM(U33:U36)-SUM(W33:W36)-SUM(Z33:Z36)-SUM(Y33:Y36) -> -1.760292 | AB33: =(SUM(K33:K36)-SUM(W33:W36)-SUM(Y33:Y36)-SUM(Z33:Z36)-SUM(AC33:AC36)-SUM(V33:V36))-AA33 -> 0.092610312 | AC33: =K33-T33 -> 0 | AD33: =+AM33+BA33 -> 0 | AE33: - Sheet Breaks (0x) | AF33: 0 | AM33: =SUM(AF33:AL33)+AT33 -> 0 | AR33: =SUM(AN33:AQ33) -> 0 | BA33: =+AR33+AS33+AU33+AV33+AX33 -> 0 | BB33: 0
AC34: =K34-T34 -> 0 | AD34: =+AM34+BA34 -> 7 | AE34: - Change Blade (6x) | AG34: 7 | AM34: =SUM(AF34:AL34)+AT34 -> 7 | AR34: =SUM(AN34:AQ34) -> 0 | BA34: =+AR34+AS34+AU34+AV34+AX34 -> 0 | BC34: 6
AD35: =+AM35+BA35 -> 13 | AE35: - Change Spool (25x) | AH35: 13 | AM35: =SUM(AF35:AL35)+AT35 -> 13 | AR35: =SUM(AN35:AQ35) -> 0 | BA35: =+AR35+AS35+AU35+AV35+AX35 -> 0
AD36: =+AM36+BA36 -> 18 | AE36: - Cleaning | AI36: 18 | AM36: =SUM(AF36:AL36)+AT36 -> 18 | AR36: =SUM(AN36:AQ36) -> 0 | BA36: =+AR36+AS36+AU36+AV36+AX36 -> 0
A38: 45968 | B38: Towel | C38: =(M38*E38*O38*Q38)/100000000 -> 45.402903 | D38: RC HW | E38: 20 | F38: 1 | G38: 820 | H38: =+N38 -> 0.15 | I38: 0.88 | J38: =E38*G38*(1-H38)*1440/1000000*2.74 -> 55.001664 | K38: =(IF(G38<L38,L38,G38)*(1-IF(H38<N38,H38,N38))*E38*O38*Q38)/100000000 -> 45.402903 | L38: 910 | M38: 773.5 | N38: =1-(M38/L38) -> 0.15 | O38: =+'[4]Trim Rwd'!H24 -> 270 | P38: =O38*(Q38-R38-S38) -> 285930 | Q38: 1087 | R38: 0 | S38: 28 | T38: =E38*M38*O38*Q38/100000000 -> 45.402903 | U38: =E38*M38*O38*(Q38-R38-S38)/100000000 -> 44.233371 | V38: =E38*G38*(1-N38)*O38/100*(R38+S38)/1000000 -> 1.053864 | W38: =+'[4]7'!K11/1000 -> 48.045 | X38: =SUM(W38:W41)/SUM(K38:K41) -> 0.95309108 | Y38: =+SUM([4]RBP!AG29:AG30) -> 0 | Z38: 0 | AA38: =SUM(U38:U41)-SUM(W38:W41)-SUM(Z38:Z41)-SUM(Y38:Y41) -> 0.3630778 | AB38: =(SUM(K38:K41)-SUM(W38:W41)-SUM(Y38:Y41)-SUM(Z38:Z41)-SUM(AC38:AC41)-SUM(V38:V41))-AA38 -> 0.13471208 | AC38: =K38-T38 -> 0 | AD38: =+AM38+BA38 -> 0 | AE38: - Sheet Breaks (0x) | AF38: 0 | AM38: =SUM(AF38:AL38)+AT38 -> 0 | AR38: =SUM(AN38:AQ38) -> 0 | BA38: =+AR38+AS38+AU38+AV38+AX38 -> 0 | BB38: 0
B39: Towel | C39: =(M39*E39*O39*Q39)/100000000 -> 14.056262 | D39: RC HW | E39: 19 | F39: 1 | G39: 865 | H39: =+N39 -> 0.15 | I39: 0.88 | J39: =E39*G39*(1-H39)*1440/1000000*2.74 -> 55.119046 | K39: =(IF(G39<L39,L39,G39)*(1-IF(H39<N39,H39,N39))*E39*O39*Q39)/100000000 -> 14.056262 | L39: 920 | M39: 782 | N39: =1-(M39/L39) -> 0.15 | O39: =+'[4]Trim Rwd'!H25 -> 268 | P39: =O39*(Q39-R39-S39) -> 92460 | Q39: 353 | R39: 0 | S39: 8 | T39: =E39*M39*O39*Q39/100000000 -> 14.056262 | U39: =E39*M39*O39*(Q39-R39-S39)/100000000 -> 13.737707 | V39: =E39*G39*(1-N39)*O39/100*(R39+S39)/1000000 -> 0.29951144 | W39: =+'[4]7'!K12/1000 -> 8.625 | Z39: =+'[4]7'!D26/1000 -> 0.938 | AC39: =K39-T39 -> 0 | AD39: =+AM39+BA39 -> 9 | AE39: - Change Blade (7x) | AG39: 9 | AM39: =SUM(AF39:AL39)+AT39 -> 9 | AR39: =SUM(AN39:AQ39) -> 0 | BA39: =+AR39+AS39+AU39+AV39+AX39 -> 0 | BC39: 7
AD40: =+AM40+BA40 -> 19 | AE40: - Change Spool (22x) | AH40: 19 | AM40: =SUM(AF40:AL40)+AT40 -> 19 | AR40: =SUM(AN40:AQ40) -> 0 | BA40: =+AR40+AS40+AU40+AV40+AX40 -> 0
AD41: =+AM41+BA41 -> 8 | AE41: - Cleaning | AI41: 8 | AM41: =SUM(AF41:AL41)+AT41 -> 8 | AR41: =SUM(AN41:AQ41) -> 0 | BA41: =+AR41+AS41+AU41+AV41+AX41 -> 0
A43: 45938 | B43: Towel | C43: =(M43*E43*O43*Q43)/100000000 -> 6.3711104 | D43: RC HW | E43: 19 | F43: 1 | G43: 865 | H43: =+N43 -> 0.15 | I43: 0.88 | J43: =E43*G43*(1-H43)*1440/1000000*2.74 -> 55.119046 | K43: =(IF(G43<L43,L43,G43)*(1-IF(H43<N43,H43,N43))*E43*O43*Q43)/100000000 -> 6.3711104 | L43: 920 | M43: 782 | N43: =1-(M43/L43) -> 0.15 | O43: =+'[4]Trim Rwd'!H27 -> 268 | P43: =O43*(Q43-R43-S43) -> 40736 | Q43: 160 | R43: 0 | S43: 8 | T43: =E43*M43*O43*Q43/100000000 -> 6.3711104 | U43: =E43*M43*O43*(Q43-R43-S43)/100000000 -> 6.0525549 | V43: =E43*G43*(1-N43)*O43/100*(R43+S43)/1000000 -> 0.29951144 | W43: =+'[4]8'!K12/1000 -> 10.238 | X43: =SUM(W43:W46)/SUM(K43:K46) -> 0.97811113 | Y43: =+SUM([4]RBP!AG33:AG34) -> 0 | Z43: 0 | AA43: =SUM(U43:U46)-SUM(W43:W46)-SUM(Z43:Z46)-SUM(Y43:Y46) -> -0.43126846 | AB43: =(SUM(K43:K46)-SUM(W43:W46)-SUM(Y43:Y46)-SUM(Z43:Z46)-SUM(AC43:AC46)-SUM(V43:V46))-AA43 -> 0.01904408 | AC43: =K43-T43 -> 0 | AD43: =+AM43+BA43 -> 0 | AE43: - Sheet Breaks (0x) | AF43: 0 | AM43: =SUM(AF43:AL43)+AT43 -> 0 | AR43: =SUM(AN43:AQ43) -> 0 | BA43: =+AR43+AS43+AU43+AV43+AX43 -> 0 | BB43: 0
B44: Towel | C44: =(M44*E44*O44*Q44)/100000000 -> 46.22823 | D44: RC HW | E44: 17 | F44: 1 | G44: =+L44 -> 950 | H44: =+N44 -> 0.15 | I44: 0.88 | J44: =E44*G44*(1-H44)*1440/1000000*2.74 -> 54.163224 | K44: =(IF(G44<L44,L44,G44)*(1-IF(H44<N44,H44,N44))*E44*O44*Q44)/100000000 -> 46.22823 | L44: 950 | M44: 807.5 | N44: =1-(M44/L44) -> 0.15 | O44: =+'[4]Trim Rwd'!H28 -> 263.09091 | P44: =O44*(Q44-R44-S44) -> 327548.18 | Q44: 1280 | R44: 0 | S44: 35 | T44: =E44*M44*O44*Q44/100000000 -> 46.22823 | U44: =E44*M44*O44*(Q44-R44-S44)/100000000 -> 44.964177 | V44: =E44*G44*(1-N44)*O44/100*(R44+S44)/1000000 -> 1.2640532 | W44: =+'[4]8'!K13/1000 -> 41.21 | Z44: =+'[4]7'!D30/1000 -> 0 | AC44: =K44-T44 -> 0 | AD44: =+AM44+BA44 -> 10 | AE44: - Change Blade (7x) | AG44: 10 | AM44: =SUM(AF44:AL44)+AT44 -> 10 | AR44: =SUM(AN44:AQ44) -> 0 | BA44: =+AR44+AS44+AU44+AV44+AX44 -> 0 | BC44: 7
AD45: =+AM45+BA45 -> 25 | AE45: - Change Spool (25x) | AH45: 25 | AM45: =SUM(AF45:AL45)+AT45 -> 25 | AR45: =SUM(AN45:AQ45) -> 0 | BA45: =+AR45+AS45+AU45+AV45+AX45 -> 0
AD46: =+AM46+BA46 -> 8 | AE46: - Cleaning | AI46: 8 | AM46: =SUM(AF46:AL46)+AT46 -> 8 | AR46: =SUM(AN46:AQ46) -> 0 | BA46: =+AR46+AS46+AU46+AV46+AX46 -> 0
A48: 45939 | B48: Towel | C48: =(M48*E48*O48*Q48)/100000000 -> 21.623056 | D48: RC HW | E48: 17 | F48: 1 | G48: =+L48 -> 950 | H48: =+N48 -> 0.15 | I48: 0.88 | J48: =E48*G48*(1-H48)*1440/1000000*2.74 -> 54.163224 | K48: =(IF(G48<L48,L48,G48)*(1-IF(H48<N48,H48,N48))*E48*O48*Q48)/100000000 -> 21.623056 | L48: 950 | M48: 807.5 | N48: =1-(M48/L48) -> 0.15 | O48: =+'[4]Trim Rwd'!H31 -> 262.96552 | P48: =O48*(Q48-R48-S48) -> 153834.83 | Q48: 599 | R48: 0 | S48: 14 | T48: =E48*M48*O48*Q48/100000000 -> 21.623056 | U48: =E48*M48*O48*(Q48-R48-S48)/100000000 -> 21.117676 | V48: =E48*G48*(1-N48)*O48/100*(R48+S48)/1000000 -> 0.50538028 | W48: =+'[4]9'!K13/1000 -> 26.606 | X48: =SUM(W48:W51)/SUM(K48:K51) -> 0.94802685 | Y48: 0 | Z48: 0 | AA48: =SUM(U48:U51)-SUM(W48:W51)-SUM(Z48:Z51)-SUM(Y48:Y51) -> -0.42682157 | AB48: =(SUM(K48:K51)-SUM(W48:W51)-SUM(Y48:Y51)-SUM(Z48:Z51)-SUM(AC48:AC51)-SUM(V48:V51))-AA48 -> -0.053903985 | AC48: =K48-T48 -> 0 | AD48: =+AM48+BA48 -> 0 | AE48: - Sheet Breaks (0x) | AF48: 0 | AM48: =SUM(AF48:AL48)+AT48 -> 0 | AR48: =SUM(AN48:AQ48) -> 0 | BA48: =+AR48+AS48+AU48+AV48+AX48 -> 0 | BB48: 0
B49: Facial | C49: =(M49*E49*O49*Q49)/100000000 -> 11.431816 | D49: RC HW | E49: 14 | F49: 1 | G49: 1280 | H49: =+N49 -> 0.22 | I49: 0.88 | J49: =E49*G49*(1-H49)*1440/1000000*2.74 -> 55.150019 | K49: =(IF(G49<L49,L49,G49)*(1-IF(H49<N49,H49,N49))*E49*O49*Q49)/100000000 -> 12.269537 | L49: 1192.6061 | M49: 930.23273 | N49: =1-(M49/L49) -> 0.22 | O49: =+'[4]Trim Rwd'!H33 -> 266 | P49: =O49*(Q49-R49-S49) -> 85652 | Q49: 330 | R49: 0 | S49: 8 | T49: =E49*M49*O49*Q49/100000000 -> 11.431816 | U49: =E49*M49*O49*(Q49-R49-S49)/100000000 -> 11.154681 | V49: =E49*G49*(1-N49)*O49/100*(R49+S49)/1000000 -> 0.29744333 | W49: =+'[4]9'!K14/1000 -> 10.232 | Z49: =+'[4]7'!D35/1000 -> 1.6282461e-05 | AC49: =K49-T49 -> 0.83772125 | AD49: =+AM49+BA49 -> 9 | AE49: - Change Blade (11x) | AG49: 9 | AM49: =SUM(AF49:AL49)+AT49 -> 9 | AR49: =SUM(AN49:AQ49) -> 0 | BA49: =+AR49+AS49+AU49+AV49+AX49 -> 0 | BC49: 11
B50: Toilet | C50: =(M50*E50*O50*Q50)/100000000 -> 11.119491 | D50: RC HW | E50: 16.5 | F50: 1 | G50: 1085 | H50: =+N50 -> 0.22 | I50: 0.88 | J50: =E50*G50*(1-H50)*1440/1000000*2.74 -> 55.096161 | K50: =(IF(G50<L50,L50,G50)*(1-IF(H50<N50,H50,N50))*E50*O50*Q50)/100000000 -> 11.296975 | L50: 1067.9538 | M50: 833.00396 | N50: =1-(M50/L50) -> 0.22 | O50: =+'[4]Trim Rwd'!H34 -> 267 | P50: =O50*(Q50-R50-S50) -> 78765 | Q50: 303 | R50: 0 | S50: 8 | T50: =E50*M50*O50*Q50/100000000 -> 11.119491 | U50: =E50*M50*O50*(Q50-R50-S50)/100000000 -> 10.825907 | V50: =E50*G50*(1-N50)*O50/100*(R50+S50)/1000000 -> 0.29826997 | W50: =+'[4]9'!K15/1000 -> 10.954 | AC50: =K50-T50 -> 0.17748438 | AD50: =+AM50+BA50 -> 18 | AE50: - Change Spool (30x) | AH50: 18 | AM50: =SUM(AF50:AL50)+AT50 -> 18 | AR50: =SUM(AN50:AQ50) -> 0 | BA50: =+AR50+AS50+AU50+AV50+AX50 -> 0
B51: Toilet | C51: =(M51*E51*O51*Q51)/100000000 -> 7.1091821 | D51: RC HW | E51: 13.5 | F51: 1 | G51: 1345 | H51: =+N51 -> 0.23 | I51: 0.88 | J51: =E51*G51*(1-H51)*1440/1000000*2.74 -> 55.164519 | K51: =(IF(G51<L51,L51,G51)*(1-IF(H51<N51,H51,N51))*E51*O51*Q51)/100000000 -> 7.9682082 | L51: 1200 | M51: 924 | N51: =1-(M51/L51) -> 0.23 | O51: =+'[4]Trim Rwd'!H35 -> 274 | P51: =O51*(Q51-R51-S51) -> 55074 | Q51: 208 | R51: 0 | S51: =37-S48-S49-S50 -> 7 | T51: =E51*M51*O51*Q51/100000000 -> 7.1091821 | U51: =E51*M51*O51*(Q51-R51-S51)/100000000 -> 6.8699308 | V51: =E51*G51*(1-N51)*O51/100*(R51+S51)/1000000 -> 0.26816085 | W51: =+'[4]9'!K7/1000 -> 2.603 | AC51: =K51-T51 -> 0.85902617 | AD51: =+AM51+BA51 -> 10 | AE51: - Cleaning | AI51: 10 | AM51: =SUM(AF51:AL51)+AT51 -> 10 | AR51: =SUM(AN51:AQ51) -> 0 | BA51: =+AR51+AS51+AU51+AV51+AX51 -> 0
A53: 45971 | B53: Toilet | C53: =(M53*E53*O53*Q53)/100000000 -> 53.455581 | D53: RC HW | E53: 13.5 | F53: 1 | G53: 1345 | H53: =+N53 -> 0.23 | I53: 0.88 | J53: =E53*G53*(1-H53)*1440/1000000*2.74 -> 55.164519 | K53: =(IF(G53<L53,L53,G53)*(1-IF(H53<N53,H53,N53))*E53*O53*Q53)/100000000 -> 55.164519 | L53: 1303.3333 | M53: 1003.5667 | N53: =1-(M53/L53) -> 0.23 | O53: =+'[4]Trim Rwd'!H37 -> 274 | P53: =O53*(Q53-R53-S53) -> 383600 | Q53: 1440 | R53: 0 | S53: 40 | T53: =E53*M53*O53*Q53/100000000 -> 53.455581 | U53: =E53*M53*O53*(Q53-R53-S53)/100000000 -> 51.970703 | V53: =E53*G53*(1-N53)*O53/100*(R53+S53)/1000000 -> 1.5323477 | W53: =+'[4]10'!K7/1000 -> 51.182 | X53: =SUM(W53:W56)/SUM(K53:K56) -> 0.92780652 | Y53: =+SUM([4]RBP!AG44:AG45) -> 0 | Z53: 0 | AA53: =SUM(U53:U56)-SUM(W53:W56)-SUM(Z53:Z56)-SUM(Y53:Y56) -> 0.7887034 | AB53: =(SUM(K53:K56)-SUM(W53:W56)-SUM(Y53:Y56)-SUM(Z53:Z56)-SUM(AC53:AC56)-SUM(V53:V56))-AA53 -> -0.0474705 | AC53: =K53-T53 -> 1.708938 | AD53: =+AM53+BA53 -> 0 | AE53: - Sheet Breaks (0x) | AF53: 0 | AM53: =SUM(AF53:AL53)+AT53 -> 0 | AR53: =SUM(AN53:AQ53) -> 0 | BA53: =+AR53+AS53+AU53+AV53+AX53 -> 0 | BB53: 0
AC54: =K54-T54 -> 0 | AD54: =+AM54+BA54 -> 11 | AE54: - Change Blade (11x) | AG54: 11 | AM54: =SUM(AF54:AL54)+AT54 -> 11 | AR54: =SUM(AN54:AQ54) -> 0 | BA54: =+AR54+AS54+AU54+AV54+AX54 -> 0 | BC54: 11
AD55: =+AM55+BA55 -> 19 | AE55: - Change Spool (31x) | AH55: 19 | AM55: =SUM(AF55:AL55)+AT55 -> 19 | AR55: =SUM(AN55:AQ55) -> 0 | BA55: =+AR55+AS55+AU55+AV55+AX55 -> 0
AD56: =+AM56+BA56 -> 10 | AE56: - Cleaning | AI56: 10 | AM56: =SUM(AF56:AL56)+AT56 -> 10 | AR56: =SUM(AN56:AQ56) -> 0 | BA56: =+AR56+AS56+AU56+AV56+AX56 -> 0
A58: 45972 | B58: Toilet | C58: =(M58*E58*O58*Q58)/100000000 -> 53.455581 | D58: RC HW | E58: 13.5 | F58: 1 | G58: 1345 | H58: =+N58 -> 0.23 | I58: 0.88 | J58: =E58*G58*(1-H58)*1440/1000000*2.74 -> 55.164519 | K58: =(IF(G58<L58,L58,G58)*(1-IF(H58<N58,H58,N58))*E58*O58*Q58)/100000000 -> 55.164519 | L58: 1303.3333 | M58: 1003.5667 | N58: =1-(M58/L58) -> 0.23 | O58: =+'[4]Trim Rwd'!H40 -> 274 | P58: =O58*(Q58-R58-S58) -> 380312 | Q58: 1440 | R58: 0 | S58: 52 | T58: =E58*M58*O58*Q58/100000000 -> 53.455581 | U58: =E58*M58*O58*(Q58-R58-S58)/100000000 -> 51.52524 | V58: =E58*G58*(1-N58)*O58/100*(R58+S58)/1000000 -> 1.9920521 | W58: =+'[4]11'!K7/1000 -> 50.653 | X58: =SUM(W58:W61)/SUM(K58:K61) -> 0.91821702 | Y58: =+SUM([4]RBP!AG49:AG50) -> 0 | Z58: 0 | AA58: =SUM(U58:U61)-SUM(W58:W61)-SUM(Z58:Z61)-SUM(Y58:Y61) -> 0.87224023 | AB58: =(SUM(K58:K61)-SUM(W58:W61)-SUM(Y58:Y61)-SUM(Z58:Z61)-SUM(AC58:AC61)-SUM(V58:V61))-AA58 -> -0.06171165 | AC58: =K58-T58 -> 1.708938 | AD58: =+AM58+BA58 -> 0 | AE58: - Sheet Breaks (0x) | AF58: 0 | AM58: =SUM(AF58:AL58)+AT58 -> 0 | AR58: =SUM(AN58:AQ58) -> 0 | BA58: =+AR58+AS58+AU58+AV58+AX58 -> 0 | BB58: 0
AC59: =K59-T59 -> 0 | AD59: =+AM59+BA59 -> 12 | AE59: - Change Blade (9x) | AG59: 12 | AM59: =SUM(AF59:AL59)+AT59 -> 12 | AR59: =SUM(AN59:AQ59) -> 0 | BA59: =+AR59+AS59+AU59+AV59+AX59 -> 0 | BC59: 9
AD60: =+AM60+BA60 -> 22 | AE60: - Change Spool (32x) | AH60: 22 | AM60: =SUM(AF60:AL60)+AT60 -> 22 | AR60: =SUM(AN60:AQ60) -> 0 | BA60: =+AR60+AS60+AU60+AV60+AX60 -> 0
AD61: =+AM61+BA61 -> 18 | AE61: - Cleaning | AI61: 18 | AM61: =SUM(AF61:AL61)+AT61 -> 18 | AR61: =SUM(AN61:AQ61) -> 0 | BA61: =+AR61+AS61+AU61+AV61+AX61 -> 0
A63: 45973 | B63: Toilet | C63: =(M63*E63*O63*Q63)/100000000 -> 53.318866 | D63: RC HW | E63: 13.5 | F63: 1 | G63: 1345 | H63: =+N63 -> 0.23 | I63: 0.88 | J63: =E63*G63*(1-H63)*1440/1000000*2.74 -> 55.164519 | K63: =(IF(G63<L63,L63,G63)*(1-IF(H63<N63,H63,N63))*E63*O63*Q63)/100000000 -> 55.164519 | L63: 1300 | M63: 1001 | N63: =1-(M63/L63) -> 0.23 | O63: =+'[4]Trim Rwd'!H42 -> 274 | P63: =O63*(Q63-R63-S63) -> 377572 | Q63: 1440 | R63: 0 | S63: 62 | T63: =E63*M63*O63*Q63/100000000 -> 53.318866 | U63: =E63*M63*O63*(Q63-R63-S63)/100000000 -> 51.023192 | V63: =E63*G63*(1-N63)*O63/100*(R63+S63)/1000000 -> 2.375139 | W63: =+'[4]12'!K7/1000 -> 49.13 | X63: =SUM(W63:W66)/SUM(K63:K66) -> 0.8906087 | Y63: =+SUM([4]RBP!AG54:AG55) -> 0 | Z63: =+'[4]12'!D25/1000 -> 0.68 | AA63: =SUM(U63:U66)-SUM(W63:W66)-SUM(Z63:Z66)-SUM(Y63:Y66) -> 1.2131922 | AB63: =(SUM(K63:K66)-SUM(W63:W66)-SUM(Y63:Y66)-SUM(Z63:Z66)-SUM(AC63:AC66)-SUM(V63:V66))-AA63 -> -0.079465617 | AC63: =K63-T63 -> 1.845653 | AD63: =+AM63+BA63 -> 0 | AE63: - Sheet Breaks (0x) | AF63: 0 | AM63: =SUM(AF63:AL63)+AT63 -> 0 | AR63: =SUM(AN63:AQ63) -> 0 | BA63: =+AR63+AS63+AU63+AV63+AX63 -> 0 | BB63: 0
AC64: =K64-T64 -> 0 | AD64: =+AM64+BA64 -> 19 | AE64: - Change Blade (7x) | AG64: 19 | AM64: =SUM(AF64:AL64)+AT64 -> 19 | AR64: =SUM(AN64:AQ64) -> 0 | BA64: =+AR64+AS64+AU64+AV64+AX64 -> 0 | BC64: 7
AD65: =+AM65+BA65 -> 33 | AE65: - Change Spool (29x) | AH65: 33 | AM65: =SUM(AF65:AL65)+AT65 -> 33 | AR65: =SUM(AN65:AQ65) -> 0 | BA65: =+AR65+AS65+AU65+AV65+AX65 -> 0
AD66: =+AM66+BA66 -> 10 | AE66: - Cleaning | AI66: 10 | AM66: =SUM(AF66:AL66)+AT66 -> 10 | AR66: =SUM(AN66:AQ66) -> 0 | BA66: =+AR66+AS66+AU66+AV66+AX66 -> 0
A68: 45974 | B68: Toilet | C68: =(M68*E68*O68*Q68)/100000000 -> 49.801277 | D68: RC HW | E68: 13.5 | F68: 1 | G68: 1345 | H68: =+N68 -> 0.23 | I68: 0.88 | J68: =E68*G68*(1-H68)*1440/1000000*2.74 -> 55.164519 | K68: =(IF(G68<L68,L68,G68)*(1-IF(H68<N68,H68,N68))*E68*O68*Q68)/100000000 -> 55.164519 | L68: 1214.2355 | M68: 934.96134 | N68: =1-(M68/L68) -> 0.23 | O68: =+'[4]Trim Rwd'!H44 -> 274 | P68: =O68*(Q68-R68-S68) -> 298386 | Q68: 1440 | R68: =170+132 -> 302 | S68: 49 | T68: =E68*M68*O68*Q68/100000000 -> 49.801277 | U68: =E68*M68*O68*(Q68-R68-S68)/100000000 -> 37.662215 | V68: =E68*G68*(1-N68)*O68/100*(R68+S68)/1000000 -> 13.446351 | W68: =+'[4]13'!K7/1000 -> 29.459 | X68: =SUM(W68:W71)/SUM(K68:K71) -> 0.53402079 | Y68: =+SUM([4]RBP!AG59:AG60) -> 0 | Z68: =+'[4]12'!D30/1000 -> 0 | AA68: =SUM(U68:U71)-SUM(W68:W71)-SUM(Z68:Z71)-SUM(Y68:Y71) -> 8.2032154 | AB68: =(SUM(K68:K71)-SUM(W68:W71)-SUM(Y68:Y71)-SUM(Z68:Z71)-SUM(AC68:AC71)-SUM(V68:V71))-AA68 -> -1.3072903 | AC68: =K68-T68 -> 5.3632421 | AD68: =+AM68+BA68 -> 9 | AE68: - Sheet Breaks (3x) | AF68: 9 | AM68: =SUM(AF68:AL68)+AT68 -> 9 | AR68: =SUM(AN68:AQ68) -> 0 | BA68: =+AR68+AS68+AU68+AV68+AX68 -> 0 | BB68: 3
AC69: =K69-T69 -> 0 | AD69: =+AM69+BA69 -> 7 | AE69: - Change Blade (6x) | AG69: 7 | AM69: =SUM(AF69:AL69)+AT69 -> 7 | AR69: =SUM(AN69:AQ69) -> 0 | BA69: =+AR69+AS69+AU69+AV69+AX69 -> 0 | BC69: 6
AD70: =+AM70+BA70 -> 25 | AE70: - Change Spool (25x) | AH70: 25 | AM70: =SUM(AF70:AL70)+AT70 -> 25 | AR70: =SUM(AN70:AQ70) -> 0 | BA70: =+AR70+AS70+AU70+AV70+AX70 -> 0
AD71: =+AM71+BA71 -> 8 | AE71: - Cleaning | AI71: 8 | AM71: =SUM(AF71:AL71)+AT71 -> 8 | AR71: =SUM(AN71:AQ71) -> 0 | BA71: =+AR71+AS71+AU71+AV71+AX71 -> 0
AD72: =+AM72+BA72 -> 170 | AE72: - 17.15 pm trip, compressor Flicker | AM72: =SUM(AF72:AL72)+AT72 -> 0 | AP72: 170 | AR72: =SUM(AN72:AQ72) -> 170 | BA72: =+AR72+AS72+AU72+AV72+AX72 -> 170
AD73: =+AM73+BA73 -> 132 | AE73: - 23:54 pm stop , kertas masih ada hole. | AM73: =SUM(AF73:AL73)+AT73 -> 0 | AN73: 132 | AR73: =SUM(AN73:AQ73) -> 132 | BA73: =+AR73+AS73+AU73+AV73+AX73 -> 132
A75: 45975 | B75: Toilet | C75: =(M75*E75*O75*Q75)/100000000 -> 8.9781906 | D75: RC HW | E75: 13.5 | F75: 1 | G75: 1345 | H75: =+N75 -> 0.23 | I75: 0.88 | J75: =E75*G75*(1-H75)*1440/1000000*2.74 -> 55.164519 | K75: =(IF(G75<L75,L75,G75)*(1-IF(H75<N75,H75,N75))*E75*O75*Q75)/100000000 -> 11.72246 | L75: 1030.1307 | M75: 793.20065 | N75: =1-(M75/L75) -> 0.23 | O75: =+'[4]Trim Rwd'!H46 -> 274 | P75: =O75*(Q75-R75-S75) -> 79734 | Q75: 306 | R75: 0 | S75: 15 | T75: =E75*M75*O75*Q75/100000000 -> 8.9781906 | U75: =E75*M75*O75*(Q75-R75-S75)/100000000 -> 8.5380832 | V75: =E75*G75*(1-N75)*O75/100*(R75+S75)/1000000 -> 0.5746304 | W75: =+'[4]14'!K7/1000 -> 17.556 | X75: =SUM(W75:W78)/SUM(K75:K78) -> 0.9832879 | Y75: =+SUM([4]RBP!AG66:AG67) -> 0 | Z75: 0 | AA75: =SUM(U75:U78)-SUM(W75:W78)-SUM(Z75:Z78)-SUM(Y75:Y78) -> -4.4691019 | AB75: =(SUM(K75:K78)-SUM(W75:W78)-SUM(Y75:Y78)-SUM(Z75:Z78)-SUM(AC75:AC78)-SUM(V75:V78))-AA75 -> -0.16038592 | AC75: =K75-T75 -> 2.7442696 | AD75: =+AM75+BA75 -> 0 | AE75: - Sheet Breaks (0x) | AF75: 0 | AM75: =SUM(AF75:AL75)+AT75 -> 0 | AR75: =SUM(AN75:AQ75) -> 0 | BA75: =+AR75+AS75+AU75+AV75+AX75 -> 0 | BB75: 0
