Workbook

Sheet Jan
A1: PT SUN PAPER SOURCE
A2: LAPORAN PEMAKAIAN LISTRIK BULAN MEI 2024 | GA2: power trafo 2000 = trafo 2000 - wpl line | GP2: pulper WPL + WPL line = WPL total
A3: Tgl | B3: PLN 27.000 KVA | H3: CUBICLE INCOMING PLN | O3: PM-11 | BE3: BOILER | BH3: IPAL | BK3: UTILITTY | BQ3: 2.1 OFFICE | BU3: PM-12 | DH3: Total All Cubicle | DI3: FLOW STEAM PM12 | DQ3: Incoming Trafo Converting 1 & 2 | DS3: Incoming Trafo Converting 3 | DU3: PM 14 | EE3: PM 15 | EO3: PM 16 | FE3: PM 17 | FV3: DIP 2 | GH3: Pulper PM 16 17 | GN3: Pulper WPL | GQ3: WPL Line
O4: PM11 dari Trafo 3000 KVA | AK4: TRAFO 3000kva | AL4: Dari Trafo 4000kVA pm11 | BD4: TRAFO 4000kva | BE4: Dari Trafo 1600 KVA | BK4: 2.4 KOMPRESSOR | BM4: 2.2 SUMUR 1(BARAT) | BO4: 2.3 SUMUR 2(TIMUR) | BS4: 2.5 TIMBANGAN & | DU4: Panel no.3 | DX4: Panel no.1 | ED4: TOTAL PM 14 | EN4: TOTAL PM 15 | FK4: cubicle-mcc-drive-stock-converting3dibagi3 | FV4: bisa switch 2 power | FY4: bisa switch 2 power | GJ4: ( trafonya ikut trafo Pulper DIP2 )
B5: LWBP 1 | E5: WBP | G5: Total | H5: PLN PM11 | L5: PLN TOTAL | O5: 1. PANEL INCOMING 3200 A | S5: 1.1 PANEL VACUUM 1 | U5: 1.2 PANEL VACUUM 2 | W5: 1.3 PANEL MCC AUX 3200A | Y5: 1.3.1 GD JUMBO PM11 12 | AA5: 1.4 TURBO VACUUM | AC5: 4. WL II 1250A (Yankee,Popereel) | AG5: 5. WL II 3200A (Hood,F.Pump,FeltWire) | AL5: 2. PANEL MCC StockPrep | AP5: 3. PANEL StockPrep 2 | AT5: 3.1 SUMUR 4 | AV5: 3.2 GD SORTIR BARU | AX5: 6. PANEL REWINDER 1 (800A) | BA5: 7. PANEL REWINDER 2 (800A) | BS5: BALLPRESS | BU5: INCOMING 3,3 KV G30A | BY5: REWINDER | CC5: M. DDR 1 LF | CE5: M. DDR THICKLING | CG5: DEFLAKER | CI5: INCOMING 3200 A MCC | CM5: INCOMING 1250A HOOD | CQ5: INCOMING ABB PANEL DRIVE | CU5: INCOMING 3200A DIP PUMP | CY5: INCOMING 3200A DIP EQUIPMENT | DC5: Incoming cubicle 20 kv pm 12 | DG5: Converting | DU5: Trafo 2500(A) | DX5: Trafo 2500(B) | EA5: Trafo 3000(A) cw Pulper14 | EE5: Trafo 3000(Barat) cw Pulper15 | EH5: Trafo 3000(Timur) | EK5: Rewinder Tengah | EO5: MCC | ER5: DRIVE PANEL | EU5: AUX PANEL | EX5: STOCK | FB5: OUTGOING TRAVO PM 16 | FD5: TOTAL PM 16 | FE5: MCC | FH5: DRIVE PANEL | FK5: adjust selisih | FN5: STOCK | FQ5: CUBICLE PM 17 | FU5: TOTAL PM 17 | GC5: X | GU5: PLN-PM11-PM12-DIP1-office-boiler-Ipal-utility-convt1&2-conv1&2-convt3-PM14-PM15-DIP2-PM16-PM17-sinergy+sin
B6: Counter | D6: x 32000 | E6: Counter | F6: x 32000 | G6: LWBP+WBP | H6: KWH | I6: KVARH | J6: Daily | L6: KWH | M6: KVARH | N6: Daily | O6: KWH | P6: KVARH | Q6: Daily | R6: Cos Phi | S6: KWH | T6: Daily | U6: KWH | V6: Daily | W6: KWH | X6: Daily | Y6: KWH | Z6: Daily | AA6: KWH | AB6: Daily | AC6: KWH | AD6: KVARH | AE6: Daily KWH | AF6: Cos Phi | AG6: KWH | AH6: KVARH | AI6: Daily | AJ6: Cos Phi | AK6: DAILY | AL6: KWH | AM6: KVARH | AN6: Daily KWH | AO6: Cos Phi | AP6: KWH | AQ6: KVARH | AR6: Daily KWH | AT6: KWH | AU6: Daily KWH | AV6: KWH | AW6: Daily KWH | AX6: KWH | AY6: KVARH | AZ6: Daily KWH | BA6: KWH | BB6: KVARH | BC6: Daily KWH | BD6: DAILY | BE6: KWH | BF6: KVARH | BG6: Daily KWH | BH6: KWH | BI6: KVARH | BK6: KWH | BL6: Daily KWH | BM6: KWH | BN6: Daily KWH | BO6: KWH | BP6: Daily KWH | BQ6: KWH | BR6: Daily | BU6: KWH | BV6: KVARH | BW6: Daily | BX6: Cos Phi | BY6: KWH | BZ6: KVARH | CA6: Daily | CB6: Cos Phi | CC6: KWH | CD6: Daily | CE6: KWH | CF6: Daily | CG6: KWH | CH6: Daily | CI6: KWH | CJ6: KVARH | CK6: Daily KWH | CM6: KWH | CN6: KVARH | CO6: Daily | CQ6: KWH | CR6: KVARH | CS6: Daily KWH | CU6: KWH | CV6: KVARH | CW6: Daily KWH | CY6: KWH | CZ6: KVARH | DA6: Daily KWH | DC6: KWH | DD6: KVARH | DE6: Daily KWH | DG6: Daily KWH | DI6: FT 10 | DJ6: FT 11 | DK6: FT 12 | DL6: FT17(DIP) | DM6: Yankee | DN6: Cond. | DO6: Hood | DP6: Deinking | DQ6: KWH | DS6: KWH | DU6: KWH | DV6: KVARH | DX6: KWH | DY6: KVARH | EA6: KWH | EB6: KVARH | EE6: KWH | EF6: KVARH | EH6: KWH | EI6: KVARH | EK6: KWH | EL6: KVARH | EO6: KWH | EP6: KVARH | ER6: KWH | ES6: KVARH | EU6: KWH | EV6: KVARH | EX6: KWH | EY6: KVARH | FA6: Selisih | FB6: KWH | FE6: KWH | FF6: KVARH | FH6: KWH | FI6: KVARH | FN6: KWH | FO6: KVARH | FQ6: KWH | FR6: KVARH | FT6: Selisih | FV6: Trafo 3000 | FY6: Trafo 2000 | GB6: Trafo Pulper | GE6: Incoming Pulper | GH6: Pulper baru PM16 | GK6: Pulper PM17 | GU6: PLN selisih
A7: 1 | B7: 3149.45 | E7: 633.84 | K7: =IF(J7<=0,0,(J7/SQRT(J7^2+(I7-I6)^2))) -> 0 | L7: 8779300 | O7: 9008.1 | S7: 10911687 | U7: 1518125.2 | W7: 3032.7 | AA7: 315940 | AC7: 3248.1 | AG7: 7064.8 | AL7: 9224.2 | AP7: 6925.6 | AT7: 101794.83 | AV7: 383.12 | AX7: 433554.6 | BA7: 75411.392 | BE7: 1572.4 | BF7: 850.16 | BH7: 7577.9 | BI7: 4873.3 | BK7: 977430 | BM7: 775.01 | BO7: 563.99 | BQ7: 735.99 | BS7: 69162.24 | BU7: 1734800 | BY7: 245.79 | CC7: 404140 | CE7: 697300 | CG7: 46510 | CI7: 10271 | CM7: 2560.6 | CQ7: 2505.4 | CU7: 1678000 | CY7: 842240 | DE7: =IF((DC7-DC6)<=0,0,(DC7-DC6)) -> #VALUE! | DF7: =IF(DE7<=0,0,(DE7/SQRT(DE7^2+(DD7-DD6)^2))) -> #VALUE! | DG7: =(DE7)-DA7-CW7-CS7-CO7-CK7-BW7 -> #VALUE! | DQ7: 2233100 | DS7: 1374700 | DU7: 7367.4 | DV7: 4102 | DX7: 12231 | DY7: 8170.8 | EA7: 26979 | EB7: 19.346 | ED7: =DW7+DZ7+EC7 -> 0 | EE7: 42030 | EF7: 26.396 | EH7: 11677 | EI7: 1.5316 | EK7: 703.57 | EL7: 1012.8 | EO7: 11798 | EP7: 4106.4 | ER7: 7112.6 | ES7: 2874.4 | EU7: 2496.5 | EV7: 894.01 | EX7: 11883 | EY7: 1.2286 | FB7: 33354255 | FE7: 15841 | FF7: 5695.2 | FH7: 6548.8 | FN7: 15039 | FO7: 0.6381 | FQ7: 53165 | FR7: 12.603 | FV7: 1945200 | FW7: 633140 | FY7: 2676.8 | FZ7: 1.5058 | GB7: 719.94 | GC7: 794.88 | GE7: 8981 | GF7: 2.6102 | GH7: 1723.6 | GI7: 1449.6 | GK7: 1392.3 | GL7: 1086.2 | GN7: 150590 | GO7: 130800 | GQ7: 169800 | GR7: 171340
A8: =A7+1 -> 2 | B8: 3155.82 | C8: =IF((B8-B7)<=0,0,(B8-B7)) -> 6.37 | D8: =IF((B8-B7)*32000<=0,0,(B8-B7)*32000) -> 203840 | E8: 634.96 | F8: =IF((E8-E7)*32000<=0,0,(E8-E7)*32000) -> 35840 | G8: =D8+F8 -> 239680 | K8: =IF(J8<=0,0,(J8/SQRT(J8^2+(I8-I7)^2))) -> 0 | L8: 8803100 | N8: =IF((L8-L7)<=0,0,(L8-L7)*10) -> 238000 | O8: 9022.1 | Q8: =IF((O8-O7)<=0,0,(O8-O7))*1000 -> 14000 | R8: =IF(Q8<=0,0,(Q8/SQRT(Q8^2+(P8-P7)^2))) -> 1 | S8: 10911687 | T8: =IF((S8-S7)<=0,0,(S8-S7)) -> 0 | U8: 1518125.2 | V8: =IF((U8-U7)<=0,0,(U8-U7)) -> 0 | W8: 3039.8 | X8: =Q8-T8-V8-AB8 -> 8940 | Z8: =IF((Y8-Y7)<=0,0,(Y8-Y7)) -> 0 | AA8: 321000 | AB8: =IF((AA8-AA7)<=0,0,(AA8-AA7)) -> 5060 | AC8: 3255.8 | AE8: =IF((AC8-AC7)<=0,0,(AC8-AC7))*1000 -> 7700 | AF8: =IF(AE8<=0,0,(AE8/SQRT(AE8^2+(AD8-AD7)^2))) -> 1 | AG8: 7081.2 | AI8: =IF((AG8-AG7)<=0,0,(AG8-AG7))*1000+GX8 -> 16863.3 | AJ8: =IF(AI8<=0,0,(AI8/SQRT(AI8^2+(AH8-AH7)^2))) -> 1 | AK8: =T8+V8+X8+AE8+AI8 -> 33503.3 | AL8: 9236.4 | AN8: =IF((AL8-AL7)<=0,0,(AL8-AL7))*1000+GX8-BL8-BN8-BP8-BR8 -> 5913.3 | AO8: =IF(AN8<=0,0,(AN8/SQRT(AN8^2+(AM8-AM7)^2))) -> 1 | AP8: 6935.9 | AR8: =IF((AP8-AP7)<=0,0,(AP8-AP7))*1000 -> 10300 | AS8: =IF(AR8<=0,0,(AR8/SQRT(AR8^2+(AQ8-AQ7)^2))) -> 1 | AU8: =IF((AT8-AT7)<=0,0,(AT8-AT7)) -> 0 | AW8: =IF((AV8-AV7)<=0,0,(AV8-AV7)) -> 0 | AX8: 433969.84 | AZ8: =IF((AX8-AX7)<=0,0,(AX8-AX7)) -> 415.24 | BA8: 75957.352 | BC8: =IF((BA8-BA7)<=0,0,(BA8-BA7)) -> 545.96 | BD8: =AN8+AR8+AZ8+BC8 -> 17174.5 | BE8: 1574.5 | BF8: 851.47 | BG8: =IF((BE8-BE7)<=0,0,(BE8-BE7))*1000 -> 2100 | BH8: 7587.2 | BI8: 4879.4 | BJ8: =IF((BH8-BH7)<=0,0,(BH8-BH7))*1000 -> 9300 | BK8: 983110 | BL8: =IF((BK8-BK7)<=0,0,(BK8-BK7)) -> 5680 | BM8: 775.74 | BN8: =IF((BM8-BM7)<=0,0,BM8-BM7)*1000 -> 730 | BP8: =IF((BO8-BO7)<=0,0,(BO8-BO7))*1000 -> 0 | BQ8: 736.33 | BR8: =IF((BQ8-BQ7)<=0,0,(BQ8-BQ7))*1000 -> 340 | BS8: 69339.49 | BT8: =IF((BS8-BS7)<=0,0,(BS8-BS7)) -> 177.25 | BU8: 1744000 | BW8: =IF((BU8-BU7)<=0,0,(BU8-BU7)) -> 9200 | BX8: =IF(BW8<=0,0,(BW8/SQRT(BW8^2+(BV8-BV7)^2))) -> 1 | BY8: 246.48 | CA8: =IF((BY8-BY7)<=0,0,(BY8-BY7)*1000) -> 690 | CB8: =IF(CA8<=0,0,(CA8/SQRT(CA8^2+(BZ8-BZ7)^2))) -> 1 | CC8: 408070 | CD8: =IF((CC8-CC7)<=0,0,(CC8-CC7)) -> 3930 | CE8: 697300 | CF8: =IF((CE8-CE7)<=0,0,(CE8-CE7)) -> 0 | CG8: 46603 | CH8: =IF((CG8-CG7)<=0,0,(CG8-CG7)) -> 93 | CI8: 10289 | CK8: =IF((CI8-CI7)*1000<=0,0,(CI8-CI7)*1000)+GX8-CA8 -> 17773.3 | CL8: =IF(CK8<=0,0,(CK8/SQRT(CK8^2+(CJ8-CJ7)^2))) -> 1 | CM8: 2567.3 | CO8: =IF((CM8-CM7)<=0,0,(CM8-CM7))*1000+GX8 -> 7163.3 | CP8: =IF(CO8<=0,0,(CO8/SQRT(CO8^2+(CN8-CN7)^2))) -> 1 | CQ8: 2511.5 | CS8: =IF((CQ8-CQ7)<=0,0,(CQ8-CQ7))*1000+GX8 -> 6563.3 | CT8: =IF(CS8<=0,0,(CS8/SQRT(CS8^2+(CR8-CR7)^2))) -> 1 | CU8: 1689600 | CW8: =IF((CU8-CU7)<=0,0,(CU8-CU7)) -> 11600 | CX8: =IF(CW8<=0,0,(CW8/SQRT(CW8^2+(CV8-CV7)^2))) -> 1 | CY8: 851711 | DA8: =IF((CY8-CY7)<=0,0,(CY8-CY7)) -> 9471 | DB8: =IF(DA8<=0,0,(DA8/SQRT(DA8^2+(CZ8-CZ7)^2))) -> 1 | DE8: =IF((DC8-DC7)<=0,0,(DC8-DC7)) -> 0 | DF8: =IF(DE8<=0,0,(DE8/SQRT(DE8^2+(DD8-DD7)^2))) -> 0 | DG8: =(DE8)-DA8-CW8-CS8-CO8-CK8-BW8 -> -61770.9 | DH8: =DE8+BG8+AK8+N8 -> 273603.3 | DQ8: 2233100 | DR8: =IF((DQ8-DQ7)<=0,0,(DQ8-DQ7)) -> 0 | DS8: 1374700 | DT8: =IF((DS8-DS7)<=0,0,(DS8-DS7)) -> 0 | DU8: 7371.5 | DV8: 4104.5 | DW8: =IF((DU8-DU7)*1000<=0,0,(DU8-DU7)*1000) -> 4100 | DX8: 12238 | DY8: 8173.4 | DZ8: =IF((DX8-DX7)*1000<=0,0,(DX8-DX7)*1000)+GX8 -> 7463.3 | EA8: 27003 | EB8: 19.358 | EC8: =IF((EA8-EA7)*1000<=0,0,(EA8-EA7)*1000)+GX8+$EE$40 -> 26623.3 | ED8: =DW8+DZ8+EC8 -> 38186.6 | EE8: 42064 | EF8: 26.427 | EG8: =IF((EE8-EE7)*1000<=0,0,(EE8-EE7)*1000)+GX8+$EE$40 -> 36623.3 | EH8: 11687 | EI8: 1.5335 | EJ8: =IF((EH8-EH7)*1000<=0,0,(EH8-EH7)*1000)+GX8 -> 10463.3 | EK8: 704.3 | EL8: 1013.8 | EM8: =IF((EK8-EK7)<=0,0,(EK8-EK7))*1000 -> 730 | EN8: =EG8+EJ8+EM8 -> 47816.6 | EO8: 11807 | EP8: 4110 | EQ8: =IF((EO8-EO7)*1000<=0,0,(EO8-EO7)*1000)+GX8 -> 9463.3 | ER8: 7134.2 | ES8: 2883.5 | ET8: =IF((ER8-ER7)<=0,0,(ER8-ER7))*1000 -> 21600 | EU8: 2504.1 | EV8: 896.7 | EW8: =IF((EU8-EU7)<=0,0,(EU8-EU7))*1000+GX8 -> 8063.3 | EX8: 11895 | EY8: 1.2307 | EZ8: =IF((EX8-EX7)<=0,0,(EX8-EX7))*1000+GX8 -> 12463.3 | FA8: =FC8-EQ8-ET8-EW8-EZ8 -> -26003.9 | FB8: 33379841 | FC8: =IF((FB8-FB7)<=0,0,(FB8-FB7)) -> 25586 | FD8: =EQ8+ET8+EW8+EZ8+GJ8 -> 53289.9 | FE8: 15852 | FF8: 5698.7 | FG8: =IF((FE8-FE7)*1000<=0,0,(FE8-FE7)*1000)+FL8+GX8 -> 12063.3 | FH8: 6570 | FI8: 2.5258 | FJ8: =IF((FH8-FH7)<=0,0,(FH8-FH7))*1000+FL8+GX8 -> 22263.3 | FL8: 600 | FM8: =FT8/3 -> -463.3 | FN8: 15051 | FO8: 0.6399 | FP8: =IF((FN8-FN7)*1000<=0,0,(FN8-FN7)*1000)+FL8+GX8 -> 13063.3 | FQ8: 53211 | FR8: 12.616 | FS8: =IF((FQ8-FQ7)*1000<=0,0,(FQ8-FQ7)*1000) -> 46000 | FT8: =FS8-FG8-FJ8-FP8-DT8 -> -1389.9 | FU8: =FG8+FJ8+FP8+GM8 -> 48889.9 | FV8: 1946000 | FW8: 633650 | FX8: =IF((FV8-FV7)*1000<=0,0,(FV8-FV7)) -> 800 | FY8: 2678.4 | FZ8: 1.5061 | GA8: =IF((FY8-FY7)*1000<=0,0,((FY8-FY7)*1000)-1000) -> 600 | GB8: 720.18 | GC8: 795.29 | GD8: =IF((GB8-GB7)*1000<=0,0,(GB8-GB7)*1000) -> 240 | GE8: 8986.7 | GF8: 2.6122 | GG8: =IF((GE8-GE7)*1000<=0,0,(GE8-GE7)*1000)-GJ8-GM8 -> 2500 | GH8: 1725.3 | GI8: 1451.3 | GJ8: =IF((GH8-GH7)<=0,0,(GH8-GH7))*1000 -> 1700 | GK8: 1393.8 | GL8: 1086.8 | GM8: =IF((GK8-GK7)<=0,0,(GK8-GK7))*1000 -> 1500 | GN8: 152700 | GO8: 132870 | GP8: =IF((GN8-GN7)<=0,0,(GN8-GN7)+1000) -> 3110 | GQ8: 171320 | GR8: 173000 | GS8: =IF((GQ8-GQ7)<=0,0,(GQ8-GQ7)) -> 1520 | GU8: =DailyJan!B7-DailyJan!N7-DailyJan!V7-DailyJan!Y7-DailyJan!Z7-DailyJan!AA7-DailyJan!AB7-DailyJan!AC7-DailyJan!AD7-DailyJan!AE7-DailyJan!AK7-DailyJan!AO7-DailyJan!AS7-DailyJan!AY7-DailyJan!BD7+DailyJan!BS7-SUM(DailyJan!BM7:BQ7)-DailyJan!BR7-DailyJan!AF7-DailyJan!AG7 -> -0.052971416 | GV8: 6949.45 | GW8: =GV8/15 -> 463.29667 | GX8: 463.3 | HA8: 1968.9712 | HC8: 7640.8288 | HE8: 2660.353
A9: =A8+1 -> 3 | B9: 3162.15 | C9: =IF((B9-B8)<=0,0,(B9-B8)) -> 6.33 | D9: =IF((B9-B8)*32000<=0,0,(B9-B8)*32000) -> 202560 | E9: 636.18 | F9: =IF((E9-E8)*32000<=0,0,(E9-E8)*32000) -> 39040 | G9: =D9+F9 -> 241600 | K9: =IF(J9<=0,0,(J9/SQRT(J9^2+(I9-I8)^2))) -> 0 | L9: 8827100 | N9: =IF((L9-L8)<=0,0,(L9-L8)*10) -> 240000 | O9: 9034.8 | Q9: =IF((O9-O8)<=0,0,(O9-O8))*1000 -> 12700 | R9: =IF(Q9<=0,0,(Q9/SQRT(Q9^2+(P9-P8)^2))) -> 1 | S9: 10911687 | T9: =IF((S9-S8)<=0,0,(S9-S8)) -> 0 | U9: 1518125.2 | V9: =IF((U9-U8)<=0,0,(U9-U8)) -> 0 | W9: 3046.2 | X9: =Q9-T9-V9-AB9 -> 7820 | Z9: =IF((Y9-Y8)<=0,0,(Y9-Y8)) -> 0 | AA9: 325880 | AB9: =IF((AA9-AA8)<=0,0,(AA9-AA8)) -> 4880 | AC9: 3262.3 | AE9: =IF((AC9-AC8)<=0,0,(AC9-AC8))*1000 -> 6500 | AF9: =IF(AE9<=0,0,(AE9/SQRT(AE9^2+(AD9-AD8)^2))) -> 1 | AG9: 7096 | AI9: =IF((AG9-AG8)<=0,0,(AG9-AG8))*1000+GX9 -> 15042.7 | AJ9: =IF(AI9<=0,0,(AI9/SQRT(AI9^2+(AH9-AH8)^2))) -> 1 | AK9: =T9+V9+X9+AE9+AI9 -> 29362.7 | AL9: 9247.6 | AN9: =IF((AL9-AL8)<=0,0,(AL9-AL8))*1000+GX9-BL9-BN9-BP9-BR9 -> 4772.7 | AO9: =IF(AN9<=0,0,(AN9/SQRT(AN9^2+(AM9-AM8)^2))) -> 1 | AP9: 6944.6 | AR9: =IF((AP9-AP8)<=0,0,(AP9-AP8))*1000 -> 8700 | AS9: =IF(AR9<=0,0,(AR9/SQRT(AR9^2+(AQ9-AQ8)^2))) -> 1 | AU9: =IF((AT9-AT8)<=0,0,(AT9-AT8)) -> 0 | AW9: =IF((AV9-AV8)<=0,0,(AV9-AV8)) -> 0 | AX9: 434085.88 | AZ9: =IF((AX9-AX8)<=0,0,(AX9-AX8)) -> 116.04 | BA9: 76066.432 | BC9: =IF((BA9-BA8)<=0,0,(BA9-BA8)) -> 109.08 | BD9: =AN9+AR9+AZ9+BC9 -> 13697.82 | BE9: 1576.4 | BF9: 852.74 | BG9: =IF((BE9-BE8)<=0,0,(BE9-BE8))*1000 -> 1900 | BH9: 7596.6 | BI9: 4885.6 | BJ9: =IF((BH9-BH8)<=0,0,(BH9-BH8))*1000 -> 9400 | BK9: 988340 | BL9: =IF((BK9-BK8)<=0,0,(BK9-BK8)) -> 5230 | BM9: 776.42 | BN9: =IF((BM9-BM8)<=0,0,BM9-BM8)*1000 -> 680 | BP9: =IF((BO9-BO8)<=0,0,(BO9-BO8))*1000 -> 0 | BQ9: 737.09 | BR9: =IF((BQ9-BQ8)<=0,0,(BQ9-BQ8))*1000 -> 760 | BS9: 69513 | BT9: =IF((BS9-BS8)<=0,0,(BS9-BS8)) -> 173.51 | BU9: 1752800 | BW9: =IF((BU9-BU8)<=0,0,(BU9-BU8)) -> 8800 | BX9: =IF(BW9<=0,0,(BW9/SQRT(BW9^2+(BV9-BV8)^2))) -> 1 | BY9: 247.21 | CA9: =IF((BY9-BY8)<=0,0,(BY9-BY8)*1000) -> 730 | CB9: =IF(CA9<=0,0,(CA9/SQRT(CA9^2+(BZ9-BZ8)^2))) -> 1 | CC9: 411880 | CD9: =IF((CC9-CC8)<=0,0,(CC9-CC8)) -> 3810 | CE9: 697300 | CF9: =IF((CE9-CE8)<=0,0,(CE9-CE8)) -> 0 | CG9: 46603 | CH9: =IF((CG9-CG8)<=0,0,(CG9-CG8)) -> 0 | CI9: 10306 | CK9: =IF((CI9-CI8)*1000<=0,0,(CI9-CI8)*1000)+GX9-CA9 -> 16512.7 | CL9: =IF(CK9<=0,0,(CK9/SQRT(CK9^2+(CJ9-CJ8)^2))) -> 1 | CM9: 2573.6 | CO9: =IF((CM9-CM8)<=0,0,(CM9-CM8))*1000+GX9 -> 6542.7 | CP9: =IF(CO9<=0,0,(CO9/SQRT(CO9^2+(CN9-CN8)^2))) -> 1 | CQ9: 2517.6 | CS9: =IF((CQ9-CQ8)<=0,0,(CQ9-CQ8))*1000+GX9 -> 6342.7 | CT9: =IF(CS9<=0,0,(CS9/SQRT(CS9^2+(CR9-CR8)^2))) -> 1 | CU9: 1701600 | CW9: =IF((CU9-CU8)<=0,0,(CU9-CU8)) -> 12000 | CX9: =IF(CW9<=0,0,(CW9/SQRT(CW9^2+(CV9-CV8)^2))) -> 1 | CY9: 861880 | DA9: =IF((CY9-CY8)<=0,0,(CY9-CY8)) -> 10169 | DB9: =IF(DA9<=0,0,(DA9/SQRT(DA9^2+(CZ9-CZ8)^2))) -> 1 | DE9: =IF((DC9-DC8)<=0,0,(DC9-DC8)) -> 0 | DF9: =IF(DE9<=0,0,(DE9/SQRT(DE9^2+(DD9-DD8)^2))) -> 0 | DG9: =(DE9)-DA9-CW9-CS9-CO9-CK9-BW9 -> -60367.1 | DH9: =DE9+BG9+AK9+N9 -> 271262.7 | DQ9: 2243500 | DR9: =IF((DQ9-DQ8)<=0,0,(DQ9-DQ8)) -> 10400 | DS9: 1390400 | DT9: =IF((DS9-DS8)<=0,0,(DS9-DS8)) -> 15700 | DU9: 7375.4 | DV9: 4107 | DW9: =IF((DU9-DU8)*1000<=0,0,(DU9-DU8)*1000) -> 3900 | DX9: 12245 | DY9: 8176 | DZ9: =IF((DX9-DX8)*1000<=0,0,(DX9-DX8)*1000)+GX9 -> 7242.7 | EA9: 27026 | EB9: 19.37 | EC9: =IF((EA9-EA8)*1000<=0,0,(EA9-EA8)*1000)+GX9+$EE$40 -> 25402.7 | ED9: =DW9+DZ9+EC9 -> 36545.4 | EE9: 42098 | EF9: 26.458 | EG9: =IF((EE9-EE8)*1000<=0,0,(EE9-EE8)*1000)+GX9+$EE$40 -> 36402.7 | EH9: 11697 | EI9: 1.5355 | EJ9: =IF((EH9-EH8)*1000<=0,0,(EH9-EH8)*1000)+GX9 -> 10242.7 | EK9: 705.04 | EL9: 1014.8 | EM9: =IF((EK9-EK8)<=0,0,(EK9-EK8))*1000 -> 740 | EN9: =EG9+EJ9+EM9 -> 47385.4 | EO9: 11816 | EP9: 4113 | EQ9: =IF((EO9-EO8)*1000<=0,0,(EO9-EO8)*1000)+GX9 -> 9242.7 | ER9: 7149.2 | ES9: 2890.3 | ET9: =IF((ER9-ER8)<=0,0,(ER9-ER8))*1000 -> 15000 | EU9: 2511.8 | EV9: 899.41 | EW9: =IF((EU9-EU8)<=0,0,(EU9-EU8))*1000+GX9 -> 7942.7 | EX9: 11905 | EY9: 1.2326 | EZ9: =IF((EX9-EX8)<=0,0,(EX9-EX8))*1000+GX9 -> 10242.7 | FA9: =FC9-EQ9-ET9-EW9-EZ9 -> -21153.1 | FB9: 33401116 | FC9: =IF((FB9-FB8)<=0,0,(FB9-FB8)) -> 21275 | FD9: =EQ9+ET9+EW9+EZ9+GJ9 -> 44128.1 | FE9: 15862 | FF9: 5702.2 | FG9: =IF((FE9-FE8)*1000<=0,0,(FE9-FE8)*1000)+FL9+GX9 -> 10176.03 | FH9: 6590.5 | FI9: 2.5338 | FJ9: =IF((FH9-FH8)<=0,0,(FH9-FH8))*1000+FL9+GX9 -> 20676.03 | FL9: -66.67 | FM9: =FT9/3 -> -242.69667 | FN9: 15063 | FO9: 0.6414 | FP9: =IF((FN9-FN8)*1000<=0,0,(FN9-FN8)*1000)+FL9+GX9 -> 12176.03 | FQ9: 53269 | FR9: 12.633 | FS9: =IF((FQ9-FQ8)*1000<=0,0,(FQ9-FQ8)*1000) -> 58000 | FT9: =FS9-FG9-FJ9-FP9-DT9 -> -728.09 | FU9: =FG9+FJ9+FP9+GM9 -> 44428.09 | FV9: 1946800 | FW9: 634190 | FX9: =IF((FV9-FV8)*1000<=0,0,(FV9-FV8)) -> 800 | FY9: 2679.9 | FZ9: 1.5065 | GA9: =IF((FY9-FY8)*1000<=0,0,((FY9-FY8)*1000)-1000) -> 500 | GB9: 720.43 | GC9: 795.7 | GD9: =IF((GB9-GB8)*1000<=0,0,(GB9-GB8)*1000) -> 250 | GE9: 8991.8 | GF9: 2.6139 | GG9: =IF((GE9-GE8)*1000<=0,0,(GE9-GE8)*1000)-GJ9-GM9 -> 2000 | GH9: 1727 | GI9: 1453 | GJ9: =IF((GH9-GH8)<=0,0,(GH9-GH8))*1000 -> 1700 | GK9: 1395.2 | GL9: 1087.3 | GM9: =IF((GK9-GK8)<=0,0,(GK9-GK8))*1000 -> 1400 | GN9: 154270 | GO9: 134400 | GP9: =IF((GN9-GN8)<=0,0,(GN9-GN8)+1000) -> 2570 | GQ9: 172650 | GR9: 174590 | GS9: =IF((GQ9-GQ8)<=0,0,(GQ9-GQ8)) -> 1330 | GU9: =DailyJan!B8-DailyJan!N8-DailyJan!V8-DailyJan!Y8-DailyJan!Z8-DailyJan!AA8-DailyJan!AB8-DailyJan!AC8-DailyJan!AD8-DailyJan!AE8-DailyJan!AK8-DailyJan!AO8-DailyJan!AS8-DailyJan!AY8-DailyJan!BD8+DailyJan!BS8-SUM(DailyJan!BM8:BQ8)-DailyJan!BR8-DailyJan!AF8-DailyJan!AG8 -> 3135.037 | GV9: 3640.54 | GW9: =GV9/15 -> 242.70267 | GX9: 242.7 | HA9: 1984.744 | HC9: 4316.146 | HE9: 2660.353
A10: =A9+1 -> 4 | B10: 3167.64 | C10: =IF((B10-B9)<=0,0,(B10-B9)) -> 5.49 | D10: =IF((B10-B9)*32000<=0,0,(B10-B9)*32000) -> 175680 | E10: 637.37 | F10: =IF((E10-E9)*32000<=0,0,(E10-E9)*32000) -> 38080 | G10: =D10+F10 -> 213760 | K10: =IF(J10<=0,0,(J10/SQRT(J10^2+(I10-I9)^2))) -> 0 | L10: 8848300 | N10: =IF((L10-L9)<=0,0,(L10-L9)*10) -> 212000 | O10: 9048 | Q10: =IF((O10-O9)<=0,0,(O10-O9))*1000 -> 13200 | R10: =IF(Q10<=0,0,(Q10/SQRT(Q10^2+(P10-P9)^2))) -> 1 | S10: 10911687 | T10: =IF((S10-S9)<=0,0,(S10-S9)) -> 0 | U10: 1518125.2 | V10: =IF((U10-U9)<=0,0,(U10-U9)) -> 0 | W10: 3052.5 | X10: =Q10-T10-V10-AB10 -> 7990 | Z10: =IF((Y10-Y9)<=0,0,(Y10-Y9)) -> 0 | AA10: 331090 | AB10: =IF((AA10-AA9)<=0,0,(AA10-AA9)) -> 5210 | AC10: 3269.5 | AE10: =IF((AC10-AC9)<=0,0,(AC10-AC9))*1000 -> 7200 | AF10: =IF(AE10<=0,0,(AE10/SQRT(AE10^2+(AD10-AD9)^2))) -> 1 | AG10: 7112.1 | AI10: =IF((AG10-AG9)<=0,0,(AG10-AG9))*1000+GX10 -> 15475.81 | AJ10: =IF(AI10<=0,0,(AI10/SQRT(AI10^2+(AH10-AH9)^2))) -> 1 | AK10: =T10+V10+X10+AE10+AI10 -> 30665.81 | AL10: 9258.9 | AN10: =IF((AL10-AL9)<=0,0,(AL10-AL9))*1000+GX10-BL10-BN10-BP10-BR10 -> 4025.81 | AO10: =IF(AN10<=0,0,(AN10/SQRT(AN10^2+(AM10-AM9)^2))) -> 1 | AP10: 6954.6 | AR10: =IF((AP10-AP9)<=0,0,(AP10-AP9))*1000 -> 10000 | AS10: =IF(AR10<=0,0,(AR10/SQRT(AR10^2+(AQ10-AQ9)^2))) -> 1 | AU10: =IF((AT10-AT9)<=0,0,(AT10-AT9)) -> 0 | AW10: =IF((AV10-AV9)<=0,0,(AV10-AV9)) -> 0 | AX10: 434349.2 | AZ10: =IF((AX10-AX9)<=0,0,(AX10-AX9)) -> 263.32 | BA10: 76270.616 | BC10: =IF((BA10-BA9)<=0,0,(BA10-BA9)) -> 204.184 | BD10: =AN10+AR10+AZ10+BC10 -> 14493.314 | BE10: 1578.3 | BF10: 853.94 | BG10: =IF((BE10-BE9)<=0,0,(BE10-BE9))*1000 -> 1900 | BH10: 7605.8 | BI10: 4891.7 | BJ10: =IF((BH10-BH9)<=0,0,(BH10-BH9))*1000 -> 9200 | BK10: 993620 | BL10: =IF((BK10-BK9)<=0,0,(BK10-BK9)) -> 5280 | BM10: 777.1 | BN10: =IF((BM10-BM9)<=0,0,BM10-BM9)*1000 -> 680 | BP10: =IF((BO10-BO9)<=0,0,(BO10-BO9))*1000 -> 0 | BQ10: 737.78 | BR10: =IF((BQ10-BQ9)<=0,0,(BQ10-BQ9))*1000 -> 690 | BS10: 69705.89 | BT10: =IF((BS10-BS9)<=0,0,(BS10-BS9)) -> 192.89 | BU10: 1757200 | BW10: =IF((BU10-BU9)<=0,0,(BU10-BU9)) -> 4400 | BX10: =IF(BW10<=0,0,(BW10/SQRT(BW10^2+(BV10-BV9)^2))) -> 1 | BY10: 247.84 | CA10: =IF((BY10-BY9)<=0,0,(BY10-BY9)*1000) -> 630 | CB10: =IF(CA10<=0,0,(CA10/SQRT(CA10^2+(BZ10-BZ9)^2))) -> 1 | CC10: 412300 | CD10: =IF((CC10-CC9)<=0,0,(CC10-CC9)) -> 420 | CE10: 697300 | CF10: =IF((CE10-CE9)<=0,0,(CE10-CE9)) -> 0 | CG10: 46603 | CH10: =IF((CG10-CG9)<=0,0,(CG10-CG9)) -> 0 | CI10: 10322 | CK10: =IF((CI10-CI9)*1000<=0,0,(CI10-CI9)*1000)+GX10-CA10 -> 14745.81 | CL10: =IF(CK10<=0,0,(CK10/SQRT(CK10^2+(CJ10-CJ9)^2))) -> 1 | CM10: 2578.8 | CO10: =IF((CM10-CM9)<=0,0,(CM10-CM9))*1000+GX10 -> 4575.81 | CP10: =IF(CO10<=0,0,(CO10/SQRT(CO10^2+(CN10-CN9)^2))) -> 1 | CQ10: 2523 | CS10: =IF((CQ10-CQ9)<=0,0,(CQ10-CQ9))*1000+GX10 -> 4775.81 | CT10: =IF(CS10<=0,0,(CS10/SQRT(CS10^2+(CR10-CR9)^2))) -> 1 | CU10: 1715700 | CW10: =IF((CU10-CU9)<=0,0,(CU10-CU9)) -> 14100 | CX10: =IF(CW10<=0,0,(CW10/SQRT(CW10^2+(CV10-CV9)^2))) -> 1 | CY10: 872760 | DA10: =IF((CY10-CY9)<=0,0,(CY10-CY9)) -> 10880 | DB10: =IF(DA10<=0,0,(DA10/SQRT(DA10^2+(CZ10-CZ9)^2))) -> 1 | DE10: =IF((DC10-DC9)<=0,0,(DC10-DC9)) -> 0 | DF10: =IF(DE10<=0,0,(DE10/SQRT(DE10^2+(DD10-DD9)^2))) -> 0 | DG10: =(DE10)-DA10-CW10-CS10-CO10-CK10-BW10 -> -53477.43 | DH10: =DE10+BG10+AK10+N10 -> 244565.81 | DQ10: 2253900 | DR10: =IF((DQ10-DQ9)<=0,0,(DQ10-DQ9)) -> 10400 | DS10: 1405700 | DT10: =IF((DS10-DS9)<=0,0,(DS10-DS9)) -> 15300 | DU10: 7379.7 | DV10: 4109.7 | DW10: =IF((DU10-DU9)*1000<=0,0,(DU10-DU9)*1000) -> 4300 | DX10: 12253 | DY10: 8178.6 | DZ10: =IF((DX10-DX9)*1000<=0,0,(DX10-DX9)*1000)+GX10 -> 7375.81 | EA10: 27051 | EB10: 19.382 | EC10: =IF((EA10-EA9)*1000<=0,0,(EA10-EA9)*1000)+GX10+$EE$40 -> 26535.81 | ED10: =DW10+DZ10+EC10 -> 38211.62 | EE10: 42133 | EF10: 26.489 | EG10: =IF((EE10-EE9)*1000<=0,0,(EE10-EE9)*1000)+GX10+$EE$40 -> 36535.81 | EH10: 11707 | EI10: 1.5371 | EJ10: =IF((EH10-EH9)*1000<=0,0,(EH10-EH9)*1000)+GX10 -> 9375.81 | EK10: 705.79 | EL10: 1015.8 | EM10: =IF((EK10-EK9)<=0,0,(EK10-EK9))*1000 -> 750 | EN10: =EG10+EJ10+EM10 -> 46661.62 | EO10: 11825 | EP10: 4116.6 | EQ10: =IF((EO10-EO9)*1000<=0,0,(EO10-EO9)*1000)+GX10 -> 8375.81 | ER10: 7160.7 | ES10: 2896.1 | ET10: =IF((ER10-ER9)<=0,0,(ER10-ER9))*1000 -> 11500 | EU10: 2521.1 | EV10: 902.67 | EW10: =IF((EU10-EU9)<=0,0,(EU10-EU9))*1000+GX10 -> 8675.81 | EX10: 11916 | EY10: 1.234 | EZ10: =IF((EX10-EX9)<=0,0,(EX10-EX9))*1000+GX10 -> 10375.81 | FA10: =FC10-EQ10-ET10-EW10-EZ10 -> -17790.43 | FB10: 33422253 | FC10: =IF((FB10-FB9)<=0,0,(FB10-FB9)) -> 21137 | FD10: =EQ10+ET10+EW10+EZ10+GJ10 -> 41027.43 | FE10: 15868 | FF10: 5704.9 | FG10: =IF((FE10-FE9)*1000<=0,0,(FE10-FE9)*1000)+FL10+GX10 -> 5809.14 | FH10: 6598.9 | FI10: 2.5375 | FJ10: =IF((FH10-FH9)<=0,0,(FH10-FH9))*1000+FL10+GX10 -> 8209.14 | FL10: 433.33 | FM10: =FT10/3 -> 624.19333 | FN10: 15071 | FO10: 0.6425 | FP10: =IF((FN10-FN9)*1000<=0,0,(FN10-FN9)*1000)+FL10+GX10 -> 7809.14 | FQ10: 53308 | FR10: 12.646 | FS10: =IF((FQ10-FQ9)*1000<=0,0,(FQ10-FQ9)*1000) -> 39000 | FT10: =FS10-FG10-FJ10-FP10-DT10 -> 1872.58 | FU10: =FG10+FJ10+FP10+GM10 -> 22527.42 | FV10: 1947500 | FW10: 634720 | FX10: =IF((FV10-FV9)*1000<=0,0,(FV10-FV9)) -> 700 | FY10: 2681.5 | FZ10: 1.5069 | GA10: =IF((FY10-FY9)*1000<=0,0,((FY10-FY9)*1000)-1000) -> 600 | GB10: 720.7 | GC10: 796.14 | GD10: =IF((GB10-GB9)*1000<=0,0,(GB10-GB9)*1000) -> 270 | GE10: 8996.2 | GF10: 2.6155 | GG10: =IF((GE10-GE9)*1000<=0,0,(GE10-GE9)*1000)-GJ10-GM10 -> 1600 | GH10: 1729.1 | GI10: 1455.1 | GJ10: =IF((GH10-GH9)<=0,0,(GH10-GH9))*1000 -> 2100 | GK10: 1395.9 | GL10: 1087.6 | GM10: =IF((GK10-GK9)<=0,0,(GK10-GK9))*1000 -> 700 | GN10: 155510 | GO10: 135580 | GP10: =IF((GN10-GN9)<=0,0,(GN10-GN9)+1000) -> 2240 | GQ10: 174100 | GR10: 176340 | GS10: =IF((GQ10-GQ9)<=0,0,(GQ10-GQ9)) -> 1450 | GU10: =DailyJan!B9-DailyJan!N9-DailyJan!V9-DailyJan!Y9-DailyJan!Z9-DailyJan!AA9-DailyJan!AB9-DailyJan!AC9-DailyJan!AD9-DailyJan!AE9-DailyJan!AK9-DailyJan!AO9-DailyJan!AS9-DailyJan!AY9-DailyJan!BD9+DailyJan!BS9-SUM(DailyJan!BM9:BQ9)-DailyJan!BR9-DailyJan!AF9-DailyJan!AG9 -> 3135.003 | GV10: -9362.85 | GW10: =GV10/15 -> -624.19 | GX10: -624.19 | HA10: 1756.0384 | HC10: -8458.5284 | HE10: 2660.353
A11: =A10+1 -> 5 | B11: 3173.52 | C11: =IF((B11-B10)<=0,0,(B11-B10)) -> 5.88 | D11: =IF((B11-B10)*32000<=0,0,(B11-B10)*32000) -> 188160 | E11: 638.58 | F11: =IF((E11-E10)*32000<=0,0,(E11-E10)*32000) -> 38720 | G11: =D11+F11 -> 226880 | K11: =IF(J11<=0,0,(J11/SQRT(J11^2+(I11-I10)^2))) -> 0 | L11: 8870900 | N11: =IF((L11-L10)<=0,0,(L11-L10)*10) -> 226000 | O11: 9053.9 | Q11: =IF((O11-O10)<=0,0,(O11-O10))*1000 -> 5900 | R11: =IF(Q11<=0,0,(Q11/SQRT(Q11^2+(P11-P10)^2))) -> 1 | S11: 10911687 | T11: =IF((S11-S10)<=0,0,(S11-S10)) -> 0 | U11: 1518125.2 | V11: =IF((U11-U10)<=0,0,(U11-U10)) -> 0 | W11: 3055.7 | X11: =Q11-T11-V11-AB11 -> 3790 | Z11: =IF((Y11-Y10)<=0,0,(Y11-Y10)) -> 0 | AA11: 333200 | AB11: =IF((AA11-AA10)<=0,0,(AA11-AA10)) -> 2110 | AC11: 3272 | AE11: =IF((AC11-AC10)<=0,0,(AC11-AC10))*1000 -> 2500 | AF11: =IF(AE11<=0,0,(AE11/SQRT(AE11^2+(AD11-AD10)^2))) -> 1 | AG11: 7117.4 | AI11: =IF((AG11-AG10)<=0,0,(AG11-AG10))*1000+GX11 -> 5909.59 | AJ11: =IF(AI11<=0,0,(AI11/SQRT(AI11^2+(AH11-AH10)^2))) -> 1 | AK11: =T11+V11+X11+AE11+AI11 -> 12199.59 | AL11: 9268.1 | AN11: =IF((AL11-AL10)<=0,0,(AL11-AL10))*1000+GX11-BL11-BN11-BP11-BR11 -> 3329.59 | AO11: =IF(AN11<=0,0,(AN11/SQRT(AN11^2+(AM11-AM10)^2))) -> 1 | AP11: 6959.2 | AR11: =IF((AP11-AP10)<=0,0,(AP11-AP10))*1000 -> 4600 | AS11: =IF(AR11<=0,0,(AR11/SQRT(AR11^2+(AQ11-AQ10)^2))) -> 1 | AU11: =IF((AT11-AT10)<=0,0,(AT11-AT10)) -> 0 | AW11: =IF((AV11-AV10)<=0,0,(AV11-AV10)) -> 0 | AX11: 434532.48 | AZ11: =IF((AX11-AX10)<=0,0,(AX11-AX10)) -> 183.28 | BA11: 76498.16 | BC11: =IF((BA11-BA10)<=0,0,(BA11-BA10)) -> 227.544 | BD11: =AN11+AR11+AZ11+BC11 -> 8340.414 | BE11: 1580.2 | BF11: 855.12 | BG11: =IF((BE11-BE10)<=0,0,(BE11-BE10))*1000 -> 1900 | BH11: 7615.2 | BI11: 4897.8 | BJ11: =IF((BH11-BH10)<=0,0,(BH11-BH10))*1000 -> 9400 | BK11: 998850 | BL11: =IF((BK11-BK10)<=0,0,(BK11-BK10)) -> 5230 | BM11: 777.82 | BN11: =IF((BM11-BM10)<=0,0,BM11-BM10)*1000 -> 720 | BP11: =IF((BO11-BO10)<=0,0,(BO11-BO10))*1000 -> 0 | BQ11: 738.31 | BR11: =IF((BQ11-BQ10)<=0,0,(BQ11-BQ10))*1000 -> 530 | BS11: 69893.89 | BT11: =IF((BS11-BS10)<=0,0,(BS11-BS10)) -> 188 | BU11: 1761400 | BW11: =IF((BU11-BU10)<=0,0,(BU11-BU10)) -> 4200 | BX11: =IF(BW11<=0,0,(BW11/SQRT(BW11^2+(BV11-BV10)^2))) -> 1 | BY11: 248.53 | CA11: =IF((BY11-BY10)<=0,0,(BY11-BY10)*1000) -> 690 | CB11: =IF(CA11<=0,0,(CA11/SQRT(CA11^2+(BZ11-BZ10)^2))) -> 1 | CC11: 412300 | CD11: =IF((CC11-CC10)<=0,0,(CC11-CC10)) -> 0 | CE11: 697300 | CF11: =IF((CE11-CE10)<=0,0,(CE11-CE10)) -> 0 | CG11: 46603 | CH11: =IF((CG11-CG10)<=0,0,(CG11-CG10)) -> 0 | CI11: 10338 | CK11: =IF((CI11-CI10)*1000<=0,0,(CI11-CI10)*1000)+GX11-CA11 -> 15919.59 | CL11: =IF(CK11<=0,0,(CK11/SQRT(CK11^2+(CJ11-CJ10)^2))) -> 1 | CM11: 2584.9 | CO11: =IF((CM11-CM10)<=0,0,(CM11-CM10))*1000+GX11 -> 6709.59 | CP11: =IF(CO11<=0,0,(CO11/SQRT(CO11^2+(CN11-CN10)^2))) -> 1 | CQ11: 2528.8 | CS11: =IF((CQ11-CQ10)<=0,0,(CQ11-CQ10))*1000+GX11 -> 6409.59 | CT11: =IF(CS11<=0,0,(CS11/SQRT(CS11^2+(CR11-CR10)^2))) -> 1 | CU11: 1732100 | CW11: =IF((CU11-CU10)<=0,0,(CU11-CU10)) -> 16400 | CX11: =IF(CW11<=0,0,(CW11/SQRT(CW11^2+(CV11-CV10)^2))) -> 1 | CY11: 884650 | DA11: =IF((CY11-CY10)<=0,0,(CY11-CY10)) -> 11890 | DB11: =IF(DA11<=0,0,(DA11/SQRT(DA11^2+(CZ11-CZ10)^2))) -> 1 | DE11: =IF((DC11-DC10)<=0,0,(DC11-DC10)) -> 0 | DF11: =IF(DE11<=0,0,(DE11/SQRT(DE11^2+(DD11-DD10)^2))) -> 0 | DG11: =(DE11)-DA11-CW11-CS11-CO11-CK11-BW11 -> -61528.77 | DH11: =DE11+BG11+AK11+N11 -> 240099.59 | DQ11: 2264100 | DR11: =IF((DQ11-DQ10)<=0,0,(DQ11-DQ10)) -> 10200 | DS11: 1421700 | DT11: =IF((DS11-DS10)<=0,0,(DS11-DS10)) -> 16000 | DU11: 7384 | DV11: 4112.5 | DW11: =IF((DU11-DU10)*1000<=0,0,(DU11-DU10)*1000) -> 4300 | DX11: 12260 | DY11: 8181.1 | DZ11: =IF((DX11-DX10)*1000<=0,0,(DX11-DX10)*1000)+GX11 -> 7609.59 | EA11: 27073 | EB11: 19.393 | EC11: =IF((EA11-EA10)*1000<=0,0,(EA11-EA10)*1000)+GX11+$EE$40 -> 24769.59 | ED11: =DW11+DZ11+EC11 -> 36679.18 | EE11: 42164 | EF11: 26.519 | EG11: =IF((EE11-EE10)*1000<=0,0,(EE11-EE10)*1000)+GX11+$EE$40 -> 33769.59 | EH11: 11718 | EI11: 1.5401 | EJ11: =IF((EH11-EH10)*1000<=0,0,(EH11-EH10)*1000)+GX11 -> 11609.59 | EK11: 706.46 | EL11: 1016.7 | EM11: =IF((EK11-EK10)<=0,0,(EK11-EK10))*1000 -> 670 | EN11: =EG11+EJ11+EM11 -> 46049.18 | EO11: 11834 | EP11: 4120 | EQ11: =IF((EO11-EO10)*1000<=0,0,(EO11-EO10)*1000)+GX11 -> 9609.59 | ER11: 7178.6 | ES11: 2903.8 | ET11: =IF((ER11-ER10)<=0,0,(ER11-ER10))*1000 -> 17900 | EU11: 2529.8 | EV11: 905.63 | EW11: =IF((EU11-EU10)<=0,0,(EU11-EU10))*1000+GX11 -> 9309.59 | EX11: 11928 | EY11: 1.2361 | EZ11: =IF((EX11-EX10)<=0,0,(EX11-EX10))*1000+GX11 -> 12609.59 | FA11: =FC11-EQ11-ET11-EW11-EZ11 -> -25368.77 | FB11: 33446313 | FC11: =IF((FB11-FB10)<=0,0,(FB11-FB10)) -> 24060 | FD11: =EQ11+ET11+EW11+EZ11+GJ11 -> 51228.77 | FE11: 15875 | FF11: 5708.3 | FG11: =IF((FE11-FE10)*1000<=0,0,(FE11-FE10)*1000)+FL11+GX11 -> 7542.92 | FH11: 6615.1 | FI11: 2.5441 | FJ11: =IF((FH11-FH10)<=0,0,(FH11-FH10))*1000+FL11+GX11 -> 16742.92 | FL11: -66.67 | FM11: =FT11/3 -> -609.58667 | FN11: 15082 | FO11: 0.6436 | FP11: =IF((FN11-FN10)*1000<=0,0,(FN11-FN10)*1000)+FL11+GX11 -> 11542.92 | FQ11: 53358 | FR11: 12.662 | FS11: =IF((FQ11-FQ10)*1000<=0,0,(FQ11-FQ10)*1000) -> 50000 | FT11: =FS11-FG11-FJ11-FP11-DT11 -> -1828.76 | FU11: =FG11+FJ11+FP11+GM11 -> 37028.76 | FV11: 1955100 | FW11: 637320 | FX11: =IF((FV11-FV10)*1000<=0,0,(FV11-FV10)) -> 7600 | FY11: 2683.6 | FZ11: 1.5074 | GA11: =IF((FY11-FY10)*1000<=0,0,((FY11-FY10)*1000)-1000) -> 1100 | GB11: 721.13 | GC11: 796.74 | GD11: =IF((GB11-GB10)*1000<=0,0,(GB11-GB10)*1000) -> 430 | GE11: 9004.5 | GF11: 2.618 | GG11: =IF((GE11-GE10)*1000<=0,0,(GE11-GE10)*1000)-GJ11-GM11 -> 5300 | GH11: 1730.9 | GI11: 1456.9 | GJ11: =IF((GH11-GH10)<=0,0,(GH11-GH10))*1000 -> 1800 | GK11: 1397.1 | GL11: 1088 | GM11: =IF((GK11-GK10)<=0,0,(GK11-GK10))*1000 -> 1200 | GN11: 157490 | GO11: 137350 | GP11: =IF((GN11-GN10)<=0,0,(GN11-GN10)+1000) -> 2980 | GQ11: 175570 | GR11: 177970 | GS11: =IF((GQ11-GQ10)<=0,0,(GQ11-GQ10)) -> 1470 | GU11: =DailyJan!B10-DailyJan!N10-DailyJan!V10-DailyJan!Y10-DailyJan!Z10-DailyJan!AA10-DailyJan!AB10-DailyJan!AC10-DailyJan!AD10-DailyJan!AE10-DailyJan!AK10-DailyJan!AO10-DailyJan!AS10-DailyJan!AY10-DailyJan!BD10+DailyJan!BS10-SUM(DailyJan!BM10:BQ10)-DailyJan!BR10-DailyJan!AF10-DailyJan!AG10 -> 3134.983 | GV11: 9143.83 | GW11: =GV11/15 -> 609.58867 | GX11: 609.59 | HA11: 1863.8192 | HC11: 9940.3708 | HE11: 2660.353
A12: =A11+1 -> 6 | B12: 3180.23 | C12: =IF((B12-B11)<=0,0,(B12-B11)) -> 6.71 | D12: =IF((B12-B11)*32000<=0,0,(B12-B11)*32000) -> 214720 | E12: 639.99 | F12: =IF((E12-E11)*32000<=0,0,(E12-E11)*32000) -> 45120 | G12: =D12+F12 -> 259840 | K12: =IF(J12<=0,0,(J12/SQRT(J12^2+(I12-I11)^2))) -> 0 | L12: 8896700 | N12: =IF((L12-L11)<=0,0,(L12-L11)*10) -> 258000 | O12: 9066.9 | Q12: =IF((O12-O11)<=0,0,(O12-O11))*1000 -> 13000 | R12: =IF(Q12<=0,0,(Q12/SQRT(Q12^2+(P12-P11)^2))) -> 1 | S12: 10911687 | T12: =IF((S12-S11)<=0,0,(S12-S11)) -> 0 | U12: 1518125.2 | V12: =IF((U12-U11)<=0,0,(U12-U11)) -> 0 | W12: 3062.1 | X12: =Q12-T12-V12-AB12 -> 8000 | Z12: =IF((Y12-Y11)<=0,0,(Y12-Y11)) -> 0 | AA12: 338200 | AB12: =IF((AA12-AA11)<=0,0,(AA12-AA11)) -> 5000 | AC12: 3279.3 | AE12: =IF((AC12-AC11)<=0,0,(AC12-AC11))*1000 -> 7300 | AF12: =IF(AE12<=0,0,(AE12/SQRT(AE12^2+(AD12-AD11)^2))) -> 1 | AG12: 7131.9 | AI12: =IF((AG12-AG11)<=0,0,(AG12-AG11))*1000+GX12 -> 14547.62 | AJ12: =IF(AI12<=0,0,(AI12/SQRT(AI12^2+(AH12-AH11)^2))) -> 1 | AK12: =T12+V12+X12+AE12+AI12 -> 29847.62 | AL12: 9279.4 | AN12: =IF((AL12-AL11)<=0,0,(AL12-AL11))*1000+GX12-BL12-BN12-BP12-BR12 -> 5147.62 | AO12: =IF(AN12<=0,0,(AN12/SQRT(AN12^2+(AM12-AM11)^2))) -> 1 | AP12: 6969.3 | AR12: =IF((AP12-AP11)<=0,0,(AP12-AP11))*1000 -> 10100 | AS12: =IF(AR12<=0,0,(AR12/SQRT(AR12^2+(AQ12-AQ11)^2))) -> 1 | AU12: =IF((AT12-AT11)<=0,0,(AT12-AT11)) -> 0 | AW12: =IF((AV12-AV11)<=0,0,(AV12-AV11)) -> 0 | AX12: 434938.76 | AZ12: =IF((AX12-AX11)<=0,0,(AX12-AX11)) -> 406.28 | BA12: 77052.304 | BC12: =IF((BA12-BA11)<=0,0,(BA12-BA11)) -> 554.144 | BD12: =AN12+AR12+AZ12+BC12 -> 16208.044 | BE12: 1581.8 | BF12: 856.22 | BG12: =IF((BE12-BE11)<=0,0,(BE12-BE11))*1000 -> 1600 | BH12: 7624.6 | BI12: 4904 | BJ12: =IF((BH12-BH11)<=0,0,(BH12-BH11))*1000 -> 9400 | BK12: 1004100 | BL12: =IF((BK12-BK11)<=0,0,(BK12-BK11)) -> 5250 | BM12: 778.51 | BN12: =IF((BM12-BM11)<=0,0,BM12-BM11)*1000 -> 690 | BP12: =IF((BO12-BO11)<=0,0,(BO12-BO11))*1000 -> 0 | BQ12: 738.57 | BR12: =IF((BQ12-BQ11)<=0,0,(BQ12-BQ11))*1000 -> 260 | BS12: 70079.14 | BT12: =IF((BS12-BS11)<=0,0,(BS12-BS11)) -> 185.25 | BU12: 1767600 | BW12: =IF((BU12-BU11)<=0,0,(BU12-BU11)) -> 6200 | BX12: =IF(BW12<=0,0,(BW12/SQRT(BW12^2+(BV12-BV11)^2))) -> 1 | BY12: 249.21 | CA12: =IF((BY12-BY11)<=0,0,(BY12-BY11)*1000) -> 680 | CB12: =IF(CA12<=0,0,(CA12/SQRT(CA12^2+(BZ12-BZ11)^2))) -> 1 | CC12: 413980 | CD12: =IF((CC12-CC11)<=0,0,(CC12-CC11)) -> 1680 | CE12: 697300 | CF12: =IF((CE12-CE11)<=0,0,(CE12-CE11)) -> 0 | CG12: 46603 | CH12: =IF((CG12-CG11)<=0,0,(CG12-CG11)) -> 0 | CI12: 10355 | CK12: =IF((CI12-CI11)*1000<=0,0,(CI12-CI11)*1000)+GX12-CA12 -> 16367.62 | CL12: =IF(CK12<=0,0,(CK12/SQRT(CK12^2+(CJ12-CJ11)^2))) -> 1 | CM12: 2592.8 | CO12: =IF((CM12-CM11)<=0,0,(CM12-CM11))*1000+GX12 -> 7947.62 | CP12: =IF(CO12<=0,0,(CO12/SQRT(CO12^2+(CN12-CN11)^2))) -> 1 | CQ12: 2534.9 | CS12: =IF((CQ12-CQ11)<=0,0,(CQ12-CQ11))*1000+GX12 -> 6147.62 | CT12: =IF(CS12<=0,0,(CS12/SQRT(CS12^2+(CR12-CR11)^2))) -> 1 | CU12: 1745200 | CW12: =IF((CU12-CU11)<=0,0,(CU12-CU11)) -> 13100 | CX12: =IF(CW12<=0,0,(CW12/SQRT(CW12^2+(CV12-CV11)^2))) -> 1 | CY12: 894480 | DA12: =IF((CY12-CY11)<=0,0,(CY12-CY11)) -> 9830 | DB12: =IF(DA12<=0,0,(DA12/SQRT(DA12^2+(CZ12-CZ11)^2))) -> 1 | DE12: =IF((DC12-DC11)<=0,0,(DC12-DC11)) -> 0 | DF12: =IF(DE12<=0,0,(DE12/SQRT(DE12^2+(DD12-DD11)^2))) -> 0 | DG12: =(DE12)-DA12-CW12-CS12-CO12-CK12-BW12 -> -59592.86 | DH12: =DE12+BG12+AK12+N12 -> 289447.62 | DQ12: 2274000 | DR12: =IF((DQ12-DQ11)<=0,0,(DQ12-DQ11)) -> 9900 | DS12: 1438500 | DT12: =IF((DS12-DS11)<=0,0,(DS12-DS11)) -> 16800 | DU12: 7388 | DV12: 4114.9 | DW12: =IF((DU12-DU11)*1000<=0,0,(DU12-DU11)*1000) -> 4000 | DX12: 12267 | DY12: 8183.7 | DZ12: =IF((DX12-DX11)*1000<=0,0,(DX12-DX11)*1000)+GX12 -> 7047.62 | EA12: 27097 | EB12: 19.405 | EC12: =IF((EA12-EA11)*1000<=0,0,(EA12-EA11)*1000)+GX12+$EE$40 -> 26207.62 | ED12: =DW12+DZ12+EC12 -> 37255.24 | EE12: 42199 | EF12: 26.55 | EG12: =IF((EE12-EE11)*1000<=0,0,(EE12-EE11)*1000)+GX12+$EE$40 -> 37207.62 | EH12: 11731 | EI12: 1.5439 | EJ12: =IF((EH12-EH11)*1000<=0,0,(EH12-EH11)*1000)+GX12 -> 13047.62 | EK12: 707.12 | EL12: 1017.6 | EM12: =IF((EK12-EK11)<=0,0,(EK12-EK11))*1000 -> 660 | EN12: =EG12+EJ12+EM12 -> 50915.24 | EO12: 11843 | EP12: 4123.4 | EQ12: =IF((EO12-EO11)*1000<=0,0,(EO12-EO11)*1000)+GX12 -> 9047.62 | ER12: 7198.2 | ES12: 2912.1 | ET12: =IF((ER12-ER11)<=0,0,(ER12-ER11))*1000 -> 19600 | EU12: 2538.9 | EV12: 908.75 | EW12: =IF((EU12-EU11)<=0,0,(EU12-EU11))*1000+GX12 -> 9147.62 | EX12: 11941 | EY12: 1.2386 | EZ12: =IF((EX12-EX11)<=0,0,(EX12-EX11))*1000+GX12 -> 13047.62 | FA12: =FC12-EQ12-ET12-EW12-EZ12 -> -25076.86 | FB12: 33472079 | FC12: =IF((FB12-FB11)<=0,0,(FB12-FB11)) -> 25766 | FD12: =EQ12+ET12+EW12+EZ12+GJ12 -> 52542.86 | FE12: 15882 | FF12: 5711.6 | FG12: =IF((FE12-FE11)*1000<=0,0,(FE12-FE11)*1000)+FL12+GX12 -> 7280.95 | FH12: 6634.6 | FI12: 2.5518 | FJ12: =IF((FH12-FH11)<=0,0,(FH12-FH11))*1000+FL12+GX12 -> 19780.95 | FL12: 233.33 | FM12: =FT12/3 -> -47.616667 | FN12: 15094 | FO12: 0.6451 | FP12: =IF((FN12-FN11)*1000<=0,0,(FN12-FN11)*1000)+FL12+GX12 -> 12280.95 | FQ12: 53414 | FR12: 12.679 | FS12: =IF((FQ12-FQ11)*1000<=0,0,(FQ12-FQ11)*1000) -> 56000 | FT12: =FS12-FG12-FJ12-FP12-DT12 -> -142.85 | FU12: =FG12+FJ12+FP12+GM12 -> 40542.85 | FV12: 1964000 | FW12: 640170 | FX12: =IF((FV12-FV11)*1000<=0,0,(FV12-FV11)) -> 8900 | FY12: 2685.9 | FZ12: 1.5078 | GA12: =IF((FY12-FY11)*1000<=0,0,((FY12-FY11)*1000)-GS12) -> 930 | GB12: 721.58 | GC12: 797.36 | GD12: =IF((GB12-GB11)*1000<=0,0,(GB12-GB11)*1000) -> 450 | GE12: 9012 | GF12: 2.6203 | GG12: =IF((GE12-GE11)*1000<=0,0,(GE12-GE11)*1000)-GJ12-GM12 -> 4600 | GH12: 1732.6 | GI12: 1458.5 | GJ12: =IF((GH12-GH11)<=0,0,(GH12-GH11))*1000 -> 1700 | GK12: 1398.3 | GL12: 1088.5 | GM12: =IF((GK12-GK11)<=0,0,(GK12-GK11))*1000 -> 1200 | GN12: 158770 | GO12: 138490 | GP12: =IF((GN12-GN11)<=0,0,(GN12-GN11)) -> 1280 | GQ12: 176940 | GR12: 179590 | GS12: =IF((GQ12-GQ11)<=0,0,(GQ12-GQ11)) -> 1370 | GU12: =DailyJan!B11-DailyJan!N11-DailyJan!V11-DailyJan!Y11-DailyJan!Z11-DailyJan!AA11-DailyJan!AB11-DailyJan!AC11-DailyJan!AD11-DailyJan!AE11-DailyJan!AK11-DailyJan!AO11-DailyJan!AS11-DailyJan!AY11-DailyJan!BD11+DailyJan!BS11-SUM(DailyJan!BM11:BQ11)-DailyJan!BR11-DailyJan!AF11-DailyJan!AG11 -> 3134.933 | GV12: 714.23 | GW12: =GV12/15 -> 47.615333 | GX12: 47.62 | HA12: 2134.5856 | HC12: 1240.0044 | HE12: 2660.353
A13: =A12+1 -> 7 | B13: 3187.22 | C13: =IF((B13-B12)<=0,0,(B13-B12)) -> 6.99 | D13: =IF((B13-B12)*32000<=0,0,(B13-B12)*32000) -> 223680 | E13: 641.43 | F13: =IF((E13-E12)*32000<=0,0,(E13-E12)*32000) -> 46080 | G13: =D13+F13 -> 269760 | K13: =IF(J13<=0,0,(J13/SQRT(J13^2+(I13-I12)^2))) -> 0 | L13: 8923500 | N13: =IF((L13-L12)<=0,0,(L13-L12)*10) -> 268000 | O13: 9079.6 | Q13: =IF((O13-O12)<=0,0,(O13-O12))*1000 -> 12700 | R13: =IF(Q13<=0,0,(Q13/SQRT(Q13^2+(P13-P12)^2))) -> 1 | S13: 10911687 | T13: =IF((S13-S12)<=0,0,(S13-S12)) -> 0 | U13: 1518125.2 | V13: =IF((U13-U12)<=0,0,(U13-U12)) -> 0 | W13: 3068.5 | X13: =Q13-T13-V13-AB13 -> 8020 | Z13: =IF((Y13-Y12)<=0,0,(Y13-Y12)) -> 0 | AA13: 342880 | AB13: =IF((AA13-AA12)<=0,0,(AA13-AA12)) -> 4680 | AC13: 3284.7 | AE13: =IF((AC13-AC12)<=0,0,(AC13-AC12))*1000 -> 5400 | AF13: =IF(AE13<=0,0,(AE13/SQRT(AE13^2+(AD13-AD12)^2))) -> 1 | AG13: 7144.9 | AI13: =IF((AG13-AG12)<=0,0,(AG13-AG12))*1000+GX13 -> 13436.37 | AJ13: =IF(AI13<=0,0,(AI13/SQRT(AI13^2+(AH13-AH12)^2))) -> 1 | AK13: =T13+V13+X13+AE13+AI13 -> 26856.37 | AL13: 9292.6 | AN13: =IF((AL13-AL12)<=0,0,(AL13-AL12))*1000+GX13-BL13-BN13-BP13-BR13 -> 6956.37 | AO13: =IF(AN13<=0,0,(AN13/SQRT(AN13^2+(AM13-AM12)^2))) -> 1 | AP13: 6982.7 | AR13: =IF((AP13-AP12)<=0,0,(AP13-AP12))*1000 -> 13400 | AS13: =IF(AR13<=0,0,(AR13/SQRT(AR13^2+(AQ13-AQ12)^2))) -> 1 | AU13: =IF((AT13-AT12)<=0,0,(AT13-AT12)) -> 0 | AW13: =IF((AV13-AV12)<=0,0,(AV13-AV12)) -> 0 | AX13: 435334.8 | AZ13: =IF((AX13-AX12)<=0,0,(AX13-AX12)) -> 396.04 | BA13: 77755.424 | BC13: =IF((BA13-BA12)<=0,0,(BA13-BA12)) -> 703.12 | BD13: =AN13+AR13+AZ13+BC13 -> 21455.53 | BE13: 1583.7 | BF13: 857.37 | BG13: =IF((BE13-BE12)<=0,0,(BE13-BE12))*1000 -> 1900 | BH13: 7633.9 | BI13: 4910.7 | BJ13: =IF((BH13-BH12)<=0,0,(BH13-BH12))*1000 -> 9300 | BK13: 1009300 | BL13: =IF((BK13-BK12)<=0,0,(BK13-BK12)) -> 5200 | BM13: 779.23 | BN13: =IF((BM13-BM12)<=0,0,BM13-BM12)*1000 -> 720 | BP13: =IF((BO13-BO12)<=0,0,(BO13-BO12))*1000 -> 0 | BQ13: 739.33 | BR13: =IF((BQ13-BQ12)<=0,0,(BQ13-BQ12))*1000 -> 760 | BS13: 70260.77 | BT13: =IF((BS13-BS12)<=0,0,(BS13-BS12)) -> 181.63 | BU13: 1771900 | BW13: =IF((BU13-BU12)<=0,0,(BU13-BU12)) -> 4300 | BX13: =IF(BW13<=0,0,(BW13/SQRT(BW13^2+(BV13-BV12)^2))) -> 1 | BY13: 249.93 | CA13: =IF((BY13-BY12)<=0,0,(BY13-BY12)*1000) -> 720 | CB13: =IF(CA13<=0,0,(CA13/SQRT(CA13^2+(BZ13-BZ12)^2))) -> 1 | CC13: 414370 | CD13: =IF((CC13-CC12)<=0,0,(CC13-CC12)) -> 390 | CE13: 697300 | CF13: =IF((CE13-CE12)<=0,0,(CE13-CE12)) -> 0 | CG13: 46603 | CH13: =IF((CG13-CG12)<=0,0,(CG13-CG12)) -> 0 | CI13: 10370 | CK13: =IF((CI13-CI12)*1000<=0,0,(CI13-CI12)*1000)+GX13-CA13 -> 14716.37 | CL13: =IF(CK13<=0,0,(CK13/SQRT(CK13^2+(CJ13-CJ12)^2))) -> 1 | CM13: 2600.2 | CO13: =IF((CM13-CM12)<=0,0,(CM13-CM12))*1000+GX13 -> 7836.37 | CP13: =IF(CO13<=0,0,(CO13/SQRT(CO13^2+(CN13-CN12)^2))) -> 1 | CQ13: 2540.4 | CS13: =IF((CQ13-CQ12)<=0,0,(CQ13-CQ12))*1000+GX13 -> 5936.37 | CT13: =IF(CS13<=0,0,(CS13/SQRT(CS13^2+(CR13-CR12)^2))) -> 1 | CU13: 1762700 | CW13: =IF((CU13-CU12)<=0,0,(CU13-CU12)) -> 17500 | CX13: =IF(CW13<=0,0,(CW13/SQRT(CW13^2+(CV13-CV12)^2))) -> 1 | CY13: 905570 | DA13: =IF((CY13-CY12)<=0,0,(CY13-CY12)) -> 11090 | DB13: =IF(DA13<=0,0,(DA13/SQRT(DA13^2+(CZ13-CZ12)^2))) -> 1 | DE13: =IF((DC13-DC12)<=0,0,(DC13-DC12)) -> 0 | DF13: =IF(DE13<=0,0,(DE13/SQRT(DE13^2+(DD13-DD12)^2))) -> 0 | DG13: =(DE13)-DA13-CW13-CS13-CO13-CK13-BW13 -> -61379.11 | DH13: =DE13+BG13+AK13+N13 -> 296756.37 | DQ13: 2285600 | DR13: =IF((DQ13-DQ12)<=0,0,(DQ13-DQ12)) -> 11600 | DS13: 1454900 | DT13: =IF((DS13-DS12)<=0,0,(DS13-DS12)) -> 16400 | DU13: 7392.2 | DV13: 4117.5 | DW13: =IF((DU13-DU12)*1000<=0,0,(DU13-DU12)*1000) -> 4200 | DX13: 12274 | DY13: 8186.3 | DZ13: =IF((DX13-DX12)*1000<=0,0,(DX13-DX12)*1000)+GX13 -> 7436.37 | EA13: 27120 | EB13: 19.416 | EC13: =IF((EA13-EA12)*1000<=0,0,(EA13-EA12)*1000)+GX13+$EE$40 -> 25596.37 | ED13: =DW13+DZ13+EC13 -> 37232.74 | EE13: 42231 | EF13: 26.58 | EG13: =IF((EE13-EE12)*1000<=0,0,(EE13-EE12)*1000)+GX13+$EE$40 -> 34596.37 | EH13: 11743 | EI13: 1.5473 | EJ13: =IF((EH13-EH12)*1000<=0,0,(EH13-EH12)*1000)+GX13 -> 12436.37 | EK13: 707.78 | EL13: 1018.5 | EM13: =IF((EK13-EK12)<=0,0,(EK13-EK12))*1000 -> 660 | EN13: =EG13+EJ13+EM13 -> 47692.74 | EO13: 11851 | EP13: 4126.8 | EQ13: =IF((EO13-EO12)*1000<=0,0,(EO13-EO12)*1000)+GX13 -> 8436.37 | ER13: 7215 | ES13: 2919.6 | ET13: =IF((ER13-ER12)<=0,0,(ER13-ER12))*1000 -> 16800 | EU13: 2548.3 | EV13: 911.97 | EW13: =IF((EU13-EU12)<=0,0,(EU13-EU12))*1000+GX13 -> 9836.37 | EX13: 11953 | EY13: 1.2407 | EZ13: =IF((EX13-EX12)<=0,0,(EX13-EX12))*1000+GX13 -> 12436.37 | FA13: =FC13-EQ13-ET13-EW13-EZ13 -> -23396.11 | FB13: 33496192 | FC13: =IF((FB13-FB12)<=0,0,(FB13-FB12)) -> 24113 | FD13: =EQ13+ET13+EW13+EZ13+GJ13 -> 48909.11 | FE13: 15890 | FF13: 5714 | FG13: =IF((FE13-FE12)*1000<=0,0,(FE13-FE12)*1000)+FL13+GX13 -> 8103.04 | FH13: 6654.2 | FI13: 2.5594 | FJ13: =IF((FH13-FH12)<=0,0,(FH13-FH12))*1000+FL13+GX13 -> 19703.04 | FL13: -333.33 | FM13: =FT13/3 -> -436.37333 | FN13: 15106 | FO13: 0.646 | FP13: =IF((FN13-FN12)*1000<=0,0,(FN13-FN12)*1000)+FL13+GX13 -> 12103.04 | FQ13: 53469 | FR13: 12.696 | FS13: =IF((FQ13-FQ12)*1000<=0,0,(FQ13-FQ12)*1000) -> 55000 | FT13: =FS13-FG13-FJ13-FP13-DT13 -> -1309.12 | FU13: =FG13+FJ13+FP13+GM13 -> 40109.12 | FV13: 1981200 | FW13: 645490 | FX13: =IF((FV13-FV12)*1000<=0,0,(FV13-FV12)) -> 17200 | FY13: 2688.7 | FZ13: 1.5083 | GA13: =IF((FY13-FY12)*1000<=0,0,((FY13-FY12)*1000)-GS13) -> 1570 | GB13: 722.59 | GC13: 798.7 | GD13: =IF((GB13-GB12)*1000<=0,0,(GB13-GB12)*1000) -> 1010 | GE13: 9020.5 | GF13: 2.6228 | GG13: =IF((GE13-GE12)*1000<=0,0,(GE13-GE12)*1000)-GJ13-GM13 -> 6900 | GH13: 1734 | GI13: 1459.9 | GJ13: =IF((GH13-GH12)<=0,0,(GH13-GH12))*1000 -> 1400 | GK13: 1398.5 | GL13: 1088.6 | GM13: =IF((GK13-GK12)<=0,0,(GK13-GK12))*1000 -> 200 | GN13: 158830 | GO13: 138550 | GP13: =IF((GN13-GN12)<=0,0,(GN13-GN12)) -> 60 | GQ13: 178170 | GR13: 180860 | GS13: =IF((GQ13-GQ12)<=0,0,(GQ13-GQ12)) -> 1230 | GU13: =DailyJan!B12-DailyJan!N12-DailyJan!V12-DailyJan!Y12-DailyJan!Z12-DailyJan!AA12-DailyJan!AB12-DailyJan!AC12-DailyJan!AD12-DailyJan!AE12-DailyJan!AK12-DailyJan!AO12-DailyJan!AS12-DailyJan!AY12-DailyJan!BD12+DailyJan!BS12-SUM(DailyJan!BM12:BQ12)-DailyJan!BR12-DailyJan!AF12-DailyJan!AG12 -> 3134.927 | GV13: 6545.48 | GW13: =GV13/15 -> 436.36533 | GX13: 436.37 | HA13: 2216.0784 | HC13: 6989.7516 | HE13: 2660.353
A14: =A13+1 -> 8 | B14: 3194.4 | C14: =IF((B14-B13)<=0,0,(B14-B13)) -> 7.18 | D14: =IF((B14-B13)*32000<=0,0,(B14-B13)*32000) -> 229760 | E14: 642.98 | F14: =IF((E14-E13)*32000<=0,0,(E14-E13)*32000) -> 49600 | G14: =D14+F14 -> 279360 | K14: =IF(J14<=0,0,(J14/SQRT(J14^2+(I14-I13)^2))) -> 0 | L14: 8951200 | N14: =IF((L14-L13)<=0,0,(L14-L13)*10) -> 277000 | O14: 9092.8 | Q14: =IF((O14-O13)<=0,0,(O14-O13))*1000 -> 13200 | R14: =IF(Q14<=0,0,(Q14/SQRT(Q14^2+(P14-P13)^2))) -> 1 | S14: 10911687 | T14: =IF((S14-S13)<=0,0,(S14-S13)) -> 0 | U14: 1518125.2 | V14: =IF((U14-U13)<=0,0,(U14-U13)) -> 0 | W14: 3075.2 | X14: =Q14-T14-V14-AB14 -> 8370 | Z14: =IF((Y14-Y13)<=0,0,(Y14-Y13)) -> 0 | AA14: 347710 | AB14: =IF((AA14-AA13)<=0,0,(AA14-AA13)) -> 4830 | AC14: 3289.6 | AE14: =IF((AC14-AC13)<=0,0,(AC14-AC13))*1000 -> 4900 | AF14: =IF(AE14<=0,0,(AE14/SQRT(AE14^2+(AD14-AD13)^2))) -> 1 | AG14: 7157 | AI14: =IF((AG14-AG13)<=0,0,(AG14-AG13))*1000+GX14 -> 11872.57 | AJ14: =IF(AI14<=0,0,(AI14/SQRT(AI14^2+(AH14-AH13)^2))) -> 1 | AK14: =T14+V14+X14+AE14+AI14 -> 25142.57 | AL14: 9306.3 | AN14: =IF((AL14-AL13)<=0,0,(AL14-AL13))*1000+GX14-BL14-BN14-BP14-BR14 -> 6912.57 | AO14: =IF(AN14<=0,0,(AN14/SQRT(AN14^2+(AM14-AM13)^2))) -> 1 | AP14: 6997.3 | AR14: =IF((AP14-AP13)<=0,0,(AP14-AP13))*1000 -> 14600 | AS14: =IF(AR14<=0,0,(AR14/SQRT(AR14^2+(AQ14-AQ13)^2))) -> 1 | AU14: =IF((AT14-AT13)<=0,0,(AT14-AT13)) -> 0 | AW14: =IF((AV14-AV13)<=0,0,(AV14-AV13)) -> 0 | AX14: 435832.08 | AZ14: =IF((AX14-AX13)<=0,0,(AX14-AX13)) -> 497.28 | BA14: 78446.296 | BC14: =IF((BA14-BA13)<=0,0,(BA14-BA13)) -> 690.872 | BD14: =AN14+AR14+AZ14+BC14 -> 22700.722 | BE14: 1585.6 | BF14: 858.54 | BG14: =IF((BE14-BE13)<=0,0,(BE14-BE13))*1000 -> 1900 | BH14: 7643.1 | BI14: 4916.2 | BJ14: =IF((BH14-BH13)<=0,0,(BH14-BH13))*1000 -> 9200 | BK14: 1014500 | BL14: =IF((BK14-BK13)<=0,0,(BK14-BK13)) -> 5200 | BM14: 779.91 | BN14: =IF((BM14-BM13)<=0,0,BM14-BM13)*1000 -> 680 | BP14: =IF((BO14-BO13)<=0,0,(BO14-BO13))*1000 -> 0 | BQ14: 740.01 | BR14: =IF((BQ14-BQ13)<=0,0,(BQ14-BQ13))*1000 -> 680 | BS14: 70445.07 | BT14: =IF((BS14-BS13)<=0,0,(BS14-BS13)) -> 184.3 | BU14: 1776000 | BW14: =IF((BU14-BU13)<=0,0,(BU14-BU13)) -> 4100 | BX14: =IF(BW14<=0,0,(BW14/SQRT(BW14^2+(BV14-BV13)^2))) -> 1 | BY14: 250.84 | CA14: =IF((BY14-BY13)<=0,0,(BY14-BY13)*1000) -> 910 | CB14: =IF(CA14<=0,0,(CA14/SQRT(CA14^2+(BZ14-BZ13)^2))) -> 1 | CC14: 414370 | CD14: =IF((CC14-CC13)<=0,0,(CC14-CC13)) -> 0 | CE14: 697300 | CF14: =IF((CE14-CE13)<=0,0,(CE14-CE13)) -> 0 | CG14: 46631 | CH14: =IF((CG14-CG13)<=0,0,(CG14-CG13)) -> 28 | CI14: 10386 | CK14: =IF((CI14-CI13)*1000<=0,0,(CI14-CI13)*1000)+GX14-CA14 -> 14862.57 | CL14: =IF(CK14<=0,0,(CK14/SQRT(CK14^2+(CJ14-CJ13)^2))) -> 1 | CM14: 2608.3 | CO14: =IF((CM14-CM13)<=0,0,(CM14-CM13))*1000+GX14 -> 7872.57 | CP14: =IF(CO14<=0,0,(CO14/SQRT(CO14^2+(CN14-CN13)^2))) -> 1 | CQ14: 2546.6 | CS14: =IF((CQ14-CQ13)<=0,0,(CQ14-CQ13))*1000+GX14 -> 5972.57 | CT14: =IF(CS14<=0,0,(CS14/SQRT(CS14^2+(CR14-CR13)^2))) -> 1 | CU14: 1782400 | CW14: =IF((CU14-CU13)<=0,0,(CU14-CU13)) -> 19700 | CX14: =IF(CW14<=0,0,(CW14/SQRT(CW14^2+(CV14-CV13)^2))) -> 1 | CY14: 917800 | DA14: =IF((CY14-CY13)<=0,0,(CY14-CY13)) -> 12230 | DB14: =IF(DA14<=0,0,(DA14/SQRT(DA14^2+(CZ14-CZ13)^2))) -> 1 | DE14: =IF((DC14-DC13)<=0,0,(DC14-DC13)) -> 0 | DF14: =IF(DE14<=0,0,(DE14/SQRT(DE14^2+(DD14-DD13)^2))) -> 0 | DG14: =(DE14)-DA14-CW14-CS14-CO14-CK14-BW14 -> -64737.71 | DH14: =DE14+BG14+AK14+N14 -> 304042.57 | DQ14: 2298100 | DR14: =IF((DQ14-DQ13)<=0,0,(DQ14-DQ13)) -> 12500 | DS14: 1469500 | DT14: =IF((DS14-DS13)<=0,0,(DS14-DS13)) -> 14600 | DU14: 7396.4 | DV14: 4120 | DW14: =IF((DU14-DU13)*1000<=0,0,(DU14-DU13)*1000) -> 4200 | DX14: 12281 | DY14: 8188.9 | DZ14: =IF((DX14-DX13)*1000<=0,0,(DX14-DX13)*1000)+GX14 -> 6772.57 | EA14: 27143 | EB14: 19.428 | EC14: =IF((EA14-EA13)*1000<=0,0,(EA14-EA13)*1000)+GX14+$EE$40 -> 24932.57 | ED14: =DW14+DZ14+EC14 -> 35905.14 | EE14: 42261 | EF14: 26.608 | EG14: =IF((EE14-EE13)*1000<=0,0,(EE14-EE13)*1000)+GX14+$EE$40 -> 31932.57 | EH14: 11755 | EI14: 1.5505 | EJ14: =IF((EH14-EH13)*1000<=0,0,(EH14-EH13)*1000)+GX14 -> 11772.57 | EK14: 708.39 | EL14: 1019.3 | EM14: =IF((EK14-EK13)<=0,0,(EK14-EK13))*1000 -> 610 | EN14: =EG14+EJ14+EM14 -> 44315.14 | EO14: 11860 | EP14: 4129.9 | EQ14: =IF((EO14-EO13)*1000<=0,0,(EO14-EO13)*1000)+GX14 -> 8772.57 | ER14: 7233.1 | ES14: 2927.3 | ET14: =IF((ER14-ER13)<=0,0,(ER14-ER13))*1000 -> 18100 | EU14: 2557.8 | EV14: 915.28 | EW14: =IF((EU14-EU13)<=0,0,(EU14-EU13))*1000+GX14 -> 9272.57 | EX14: 11966 | EY14: 1.2427 | EZ14: =IF((EX14-EX13)<=0,0,(EX14-EX13))*1000+GX14 -> 12772.57 | FA14: =FC14-EQ14-ET14-EW14-EZ14 -> -24200.71 | FB14: 33520909 | FC14: =IF((FB14-FB13)<=0,0,(FB14-FB13)) -> 24717 | FD14: =EQ14+ET14+EW14+EZ14+GJ14 -> 50517.71 | FE14: 15898 | FF14: 5712 | FG14: =IF((FE14-FE13)*1000<=0,0,(FE14-FE13)*1000)+FL14+GX14 -> 8539.24 | FH14: 6674.3 | FI14: 2.5671 | FJ14: =IF((FH14-FH13)<=0,0,(FH14-FH13))*1000+FL14+GX14 -> 20639.24 | FL14: 766.67 | FM14: =FT14/3 -> 227.42667 | FN14: 15119 | FO14: 0.6485 | FP14: =IF((FN14-FN13)*1000<=0,0,(FN14-FN13)*1000)+FL14+GX14 -> 13539.24 | FQ14: 53527 | FR14: 12.712 | FS14: =IF((FQ14-FQ13)*1000<=0,0,(FQ14-FQ13)*1000) -> 58000 | FT14: =FS14-FG14-FJ14-FP14-DT14 -> 682.28 | FU14: =FG14+FJ14+FP14+GM14 -> 42717.72 | FV14: 1999600 | FW14: 651240 | FX14: =IF((FV14-FV13)*1000<=0,0,(FV14-FV13)) -> 18400 | FY14: 2691.3 | FZ14: 1.5089 | GA14: =IF((FY14-FY13)*1000<=0,0,((FY14-FY13)*1000)-GS14) -> 1530 | GB14: 724.07 | GC14: 800.67 | GD14: =IF((GB14-GB13)*1000<=0,0,(GB14-GB13)*1000) -> 1480 | GE14: 9031.2 | GF14: 2.626 | GG14: =IF((GE14-GE13)*1000<=0,0,(GE14-GE13)*1000)-GJ14-GM14 -> 9100 | GH14: 1735.6 | GI14: 1461.5 | GJ14: =IF((GH14-GH13)<=0,0,(GH14-GH13))*1000 -> 1600 | GK14: 1398.5 | GL14: 1088.6 | GM14: =IF((GK14-GK13)<=0,0,(GK14-GK13))*1000 -> 0 | GN14: 158830 | GO14: 138560 | GP14: =IF((GN14-GN13)<=0,0,(GN14-GN13)) -> 0 | GQ14: 179240 | GR14: 181920 | GS14: =IF((GQ14-GQ13)<=0,0,(GQ14-GQ13)) -> 1070 | GU14: =DailyJan!B13-DailyJan!N13-DailyJan!V13-DailyJan!Y13-DailyJan!Z13-DailyJan!AA13-DailyJan!AB13-DailyJan!AC13-DailyJan!AD13-DailyJan!AE13-DailyJan!AK13-DailyJan!AO13-DailyJan!AS13-DailyJan!AY13-DailyJan!BD13+DailyJan!BS13-SUM(DailyJan!BM13:BQ13)-DailyJan!BR13-DailyJan!AF13-DailyJan!AG13 -> 3134.935 | GV14: -3411.51 | GW14: =GV14/15 -> -227.434 | GX14: -227.43 | HA14: 2294.9424 | HC14: -3046.1024 | HE14: 2660.353
A15: =A14+1 -> 9 | B15: 3201.8 | C15: =IF((B15-B14)<=0,0,(B15-B14)) -> 7.4 | D15: =IF((B15-B14)*32000<=0,0,(B15-B14)*32000) -> 236800 | E15: 644.36 | F15: =IF((E15-E14)*32000<=0,0,(E15-E14)*32000) -> 44160 | G15: =D15+F15 -> 280960 | K15: =IF(J15<=0,0,(J15/SQRT(J15^2+(I15-I14)^2))) -> 0 | L15: 8979100 | N15: =IF((L15-L14)<=0,0,(L15-L14)*10) -> 279000 | O15: 9106.1 | Q15: =IF((O15-O14)<=0,0,(O15-O14))*1000 -> 13300 | R15: =IF(Q15<=0,0,(Q15/SQRT(Q15^2+(P15-P14)^2))) -> 1 | S15: 10911687 | T15: =IF((S15-S14)<=0,0,(S15-S14)) -> 0 | U15: 1518125.2 | V15: =IF((U15-U14)<=0,0,(U15-U14)) -> 0 | W15: 3082.1 | X15: =Q15-T15-V15-AB15 -> 8400 | Z15: =IF((Y15-Y14)<=0,0,(Y15-Y14)) -> 0 | AA15: 352610 | AB15: =IF((AA15-AA14)<=0,0,(AA15-AA14)) -> 4900 | AC15: 3294.3 | AE15: =IF((AC15-AC14)<=0,0,(AC15-AC14))*1000 -> 4700 | AF15: =IF(AE15<=0,0,(AE15/SQRT(AE15^2+(AD15-AD14)^2))) -> 1 | AG15: 7168.5 | AI15: =IF((AG15-AG14)<=0,0,(AG15-AG14))*1000+GX15 -> 11653.87 | AJ15: =IF(AI15<=0,0,(AI15/SQRT(AI15^2+(AH15-AH14)^2))) -> 1 | AK15: =T15+V15+X15+AE15+AI15 -> 24753.87 | AL15: 9320.6 | AN15: =IF((AL15-AL14)<=0,0,(AL15-AL14))*1000+GX15-BL15-BN15-BP15-BR15 -> 7623.87 | AO15: =IF(AN15<=0,0,(AN15/SQRT(AN15^2+(AM15-AM14)^2))) -> 1 | AP15: 7012.5 | AR15: =IF((AP15-AP14)<=0,0,(AP15-AP14))*1000 -> 15200 | AS15: =IF(AR15<=0,0,(AR15/SQRT(AR15^2+(AQ15-AQ14)^2))) -> 1 | AU15: =IF((AT15-AT14)<=0,0,(AT15-AT14)) -> 0 | AW15: =IF((AV15-AV14)<=0,0,(AV15-AV14)) -> 0 | AX15: 436360.8 | AZ15: =IF((AX15-AX14)<=0,0,(AX15-AX14)) -> 528.72 | BA15: 79162.696 | BC15: =IF((BA15-BA14)<=0,0,(BA15-BA14)) -> 716.4 | BD15: =AN15+AR15+AZ15+BC15 -> 24068.99 | BE15: 1587.8 | BF15: 859.86 | BG15: =IF((BE15-BE14)<=0,0,(BE15-BE14))*1000 -> 2200 | BH15: 7652.7 | BI15: 4922.6 | BJ15: =IF((BH15-BH14)<=0,0,(BH15-BH14))*1000 -> 9600 | BK15: 1019900 | BL15: =IF((BK15-BK14)<=0,0,(BK15-BK14)) -> 5400 | BM15: 780.62 | BN15: =IF((BM15-BM14)<=0,0,BM15-BM14)*1000 -> 710 | BP15: =IF((BO15-BO14)<=0,0,(BO15-BO14))*1000 -> 0 | BQ15: 740.73 | BR15: =IF((BQ15-BQ14)<=0,0,(BQ15-BQ14))*1000 -> 720 | BS15: 70614.21 | BT15: =IF((BS15-BS14)<=0,0,(BS15-BS14)) -> 169.14 | BU15: 1780500 | BW15: =IF((BU15-BU14)<=0,0,(BU15-BU14)) -> 4500 | BX15: =IF(BW15<=0,0,(BW15/SQRT(BW15^2+(BV15-BV14)^2))) -> 1 | BY15: 251.79 | CA15: =IF((BY15-BY14)<=0,0,(BY15-BY14)*1000) -> 950 | CB15: =IF(CA15<=0,0,(CA15/SQRT(CA15^2+(BZ15-BZ14)^2))) -> 1 | CC15: 414370 | CD15: =IF((CC15-CC14)<=0,0,(CC15-CC14)) -> 0 | CE15: 697300 | CF15: =IF((CE15-CE14)<=0,0,(CE15-CE14)) -> 0 | CG15: 47059 | CH15: =IF((CG15-CG14)<=0,0,(CG15-CG14)) -> 428 | CI15: 10403 | CK15: =IF((CI15-CI14)*1000<=0,0,(CI15-CI14)*1000)+GX15-CA15 -> 16203.87 | CL15: =IF(CK15<=0,0,(CK15/SQRT(CK15^2+(CJ15-CJ14)^2))) -> 1 | CM15: 2617.1 | CO15: =IF((CM15-CM14)<=0,0,(CM15-CM14))*1000+GX15 -> 8953.87 | CP15: =IF(CO15<=0,0,(CO15/SQRT(CO15^2+(CN15-CN14)^2))) -> 1 | CQ15: 2553 | CS15: =IF((CQ15-CQ14)<=0,0,(CQ15-CQ14))*1000+GX15 -> 6553.87 | CT15: =IF(CS15<=0,0,(CS15/SQRT(CS15^2+(CR15-CR14)^2))) -> 1 | CU15: 1800000 | CW15: =IF((CU15-CU14)<=0,0,(CU15-CU14)) -> 17600 | CX15: =IF(CW15<=0,0,(CW15/SQRT(CW15^2+(CV15-CV14)^2))) -> 1 | CY15: 927810 | DA15: =IF((CY15-CY14)<=0,0,(CY15-CY14)) -> 10010 | DB15: =IF(DA15<=0,0,(DA15/SQRT(DA15^2+(CZ15-CZ14)^2))) -> 1 | DE15: =IF((DC15-DC14)<=0,0,(DC15-DC14)) -> 0 | DF15: =IF(DE15<=0,0,(DE15/SQRT(DE15^2+(DD15-DD14)^2))) -> 0 | DG15: =(DE15)-DA15-CW15-CS15-CO15-CK15-BW15 -> -63821.61 | DH15: =DE15+BG15+AK15+N15 -> 305953.87 | DQ15: 2310600 | DR15: =IF((DQ15-DQ14)<=0,0,(DQ15-DQ14)) -> 12500 | DS15: 1482900 | DT15: =IF((DS15-DS14)<=0,0,(DS15-DS14)) -> 13400 | DU15: 7399.7 | DV15: 4122 | DW15: =IF((DU15-DU14)*1000<=0,0,(DU15-DU14)*1000) -> 3300 | DX15: 12284 | DY15: 8191 | DZ15: =IF((DX15-DX14)*1000<=0,0,(DX15-DX14)*1000)+GX15 -> 3153.87 | EA15: 27155 | EB15: 19.434 | EC15: =IF((EA15-EA14)*1000<=0,0,(EA15-EA14)*1000)+GX15+$EE$40 -> 14313.87 | ED15: =DW15+DZ15+EC15 -> 20767.74 | EE15: 42292 | EF15: 26.638 | EG15: =IF((EE15-EE14)*1000<=0,0,(EE15-EE14)*1000)+GX15+$EE$40 -> 33313.87 | EH15: 11768 | EI15: 1.5542 | EJ15: =IF((EH15-EH14)*1000<=0,0,(EH15-EH14)*1000)+GX15 -> 13153.87 | EK15: 709.02 | EL15: 1020.2 | EM15: =IF((EK15-EK14)<=0,0,(EK15-EK14))*1000 -> 630 | EN15: =EG15+EJ15+EM15 -> 47097.74 | EO15: 11868 | EP15: 4133.1 | EQ15: =IF((EO15-EO14)*1000<=0,0,(EO15-EO14)*1000)+GX15 -> 8153.87 | ER15: 7251.2 | ES15: 2935.2 | ET15: =IF((ER15-ER14)<=0,0,(ER15-ER14))*1000 -> 18100 | EU15: 2567.3 | EV15: 918.51 | EW15: =IF((EU15-EU14)<=0,0,(EU15-EU14))*1000+GX15 -> 9653.87 | EX15: 11977 | EY15: 1.2442 | EZ15: =IF((EX15-EX14)<=0,0,(EX15-EX14))*1000+GX15 -> 11153.87 | FA15: =FC15-EQ15-ET15-EW15-EZ15 -> -22787.61 | FB15: 33545183 | FC15: =IF((FB15-FB14)<=0,0,(FB15-FB14)) -> 24274 | FD15: =EQ15+ET15+EW15+EZ15+GJ15 -> 48661.61 | FE15: 15906 | FF15: 5718.5 | FG15: =IF((FE15-FE14)*1000<=0,0,(FE15-FE14)*1000)+FL15+GX15 -> 8420.54 | FH15: 6694.1 | FI15: 2.5748 | FJ15: =IF((FH15-FH14)<=0,0,(FH15-FH14))*1000+FL15+GX15 -> 20220.54 | FL15: 266.67 | FM15: =FT15/3 -> -153.87333 | FN15: 15132 | FO15: 0.6504 | FP15: =IF((FN15-FN14)*1000<=0,0,(FN15-FN14)*1000)+FL15+GX15 -> 13420.54 | FQ15: 53582 | FR15: 12.728 | FS15: =IF((FQ15-FQ14)*1000<=0,0,(FQ15-FQ14)*1000) -> 55000 | FT15: =FS15-FG15-FJ15-FP15-DT15 -> -461.62 | FU15: =FG15+FJ15+FP15+GM15 -> 42061.62 | FV15: 2019200 | FW15: 657580 | FX15: =IF((FV15-FV14)*1000<=0,0,(FV15-FV14)) -> 19600 | FY15: 2694 | FZ15: 1.5094 | GA15: =IF((FY15-FY14)*1000<=0,0,((FY15-FY14)*1000)-GS15) -> 1670 | GB15: 725.44 | GC15: 802.43 | GD15: =IF((GB15-GB14)*1000<=0,0,(GB15-GB14)*1000) -> 1370 | GE15: 9040.7 | GF15: 2.6333 | GG15: =IF((GE15-GE14)*1000<=0,0,(GE15-GE14)*1000)-GJ15-GM15 -> 7900 | GH15: 1737.2 | GI15: 1463 | GJ15: =IF((GH15-GH14)<=0,0,(GH15-GH14))*1000 -> 1600 | GK15: 1398.5 | GL15: 1088.6 | GM15: =IF((GK15-GK14)<=0,0,(GK15-GK14))*1000 -> 0 | GN15: 158850 | GO15: 138560 | GP15: =IF((GN15-GN14)<=0,0,(GN15-GN14)) -> 20 | GQ15: 180270 | GR15: 182880 | GS15: =IF((GQ15-GQ14)<=0,0,(GQ15-GQ14)) -> 1030 | GU15: =DailyJan!B14-DailyJan!N14-DailyJan!V14-DailyJan!Y14-DailyJan!Z14-DailyJan!AA14-DailyJan!AB14-DailyJan!AC14-DailyJan!AD14-DailyJan!AE14-DailyJan!AK14-DailyJan!AO14-DailyJan!AS14-DailyJan!AY14-DailyJan!BD14+DailyJan!BS14-SUM(DailyJan!BM14:BQ14)-DailyJan!BR14-DailyJan!AF14-DailyJan!AG14 -> 3135.0364 | GV15: 2308.09 | GW15: =GV15/15 -> 153.87267 | GX15: 153.87 | HA15: 2308.0864 | HC15: 8063.7836 | HE15: 8063.7836
A16: =A15+1 -> 10 | B16: 3208.37 | C16: =IF((B16-B15)<=0,0,(B16-B15)) -> 6.57 | D16: =IF((B16-B15)*32000<=0,0,(B16-B15)*32000) -> 210240 | E16: 645.72 | F16: =IF((E16-E15)*32000<=0,0,(E16-E15)*32000) -> 43520 | G16: =D16+F16 -> 253760 | K16: =IF(J16<=0,0,(J16/SQRT(J16^2+(I16-I15)^2))) -> 0 | L16: 9004400 | N16: =IF((L16-L15)<=0,0,(L16-L15)*10) -> 253000 | O16: 9119 | Q16: =IF((O16-O15)<=0,0,(O16-O15))*1000 -> 12900 | R16: =IF(Q16<=0,0,(Q16/SQRT(Q16^2+(P16-P15)^2))) -> 1 | S16: 10911687 | T16: =IF((S16-S15)<=0,0,(S16-S15)) -> 0 | U16: 1518125.2 | V16: =IF((U16-U15)<=0,0,(U16-U15)) -> 0 | W16: 3088.8 | X16: =Q16-T16-V16-AB16 -> 8160 | Z16: =IF((Y16-Y15)<=0,0,(Y16-Y15)) -> 0 | AA16: 357350 | AB16: =IF((AA16-AA15)<=0,0,(AA16-AA15)) -> 4740 | AC16: 3299.4 | AE16: =IF((AC16-AC15)<=0,0,(AC16-AC15))*1000 -> 5100 | AF16: =IF(AE16<=0,0,(AE16/SQRT(AE16^2+(AD16-AD15)^2))) -> 1 | AG16: 7179.7 | AI16: =IF((AG16-AG15)<=0,0,(AG16-AG15))*1000+GX16 -> 11338.98 | AJ16: =IF(AI16<=0,0,(AI16/SQRT(AI16^2+(AH16-AH15)^2))) -> 1 | AK16: =T16+V16+X16+AE16+AI16 -> 24598.98 | AL16: 9334.1 | AN16: =IF((AL16-AL15)<=0,0,(AL16-AL15))*1000+GX16-BL16-BN16-BP16-BR16 -> 6828.98 | AO16: =IF(AN16<=0,0,(AN16/SQRT(AN16^2+(AM16-AM15)^2))) -> 1 | AP16: 7024.4 | AR16: =IF((AP16-AP15)<=0,0,(AP16-AP15))*1000 -> 11900 | AS16: =IF(AR16<=0,0,(AR16/SQRT(AR16^2+(AQ16-AQ15)^2))) -> 1 | AU16: =IF((AT16-AT15)<=0,0,(AT16-AT15)) -> 0 | AW16: =IF((AV16-AV15)<=0,0,(AV16-AV15)) -> 0 | AX16: 436783.56 | AZ16: =IF((AX16-AX15)<=0,0,(AX16-AX15)) -> 422.76 | BA16: 79786.032 | BC16: =IF((BA16-BA15)<=0,0,(BA16-BA15)) -> 623.336 | BD16: =AN16+AR16+AZ16+BC16 -> 19775.076 | BE16: 1589.6 | BF16: 860.98 | BG16: =IF((BE16-BE15)<=0,0,(BE16-BE15))*1000 -> 1800 | BH16: 7661.8 | BI16: 4928.6 | BJ16: =IF((BH16-BH15)<=0,0,(BH16-BH15))*1000 -> 9100 | BK16: 1025300 | BL16: =IF((BK16-BK15)<=0,0,(BK16-BK15)) -> 5400 | BM16: 781.31 | BN16: =IF((BM16-BM15)<=0,0,BM16-BM15)*1000 -> 690 | BP16: =IF((BO16-BO15)<=0,0,(BO16-BO15))*1000 -> 0 | BQ16: 741.45 | BR16: =IF((BQ16-BQ15)<=0,0,(BQ16-BQ15))*1000 -> 720 | BS16: 70804.9 | BT16: =IF((BS16-BS15)<=0,0,(BS16-BS15)) -> 190.69 | BU16: 1785800 | BW16: =IF((BU16-BU15)<=0,0,(BU16-BU15)) -> 5300 | BX16: =IF(BW16<=0,0,(BW16/SQRT(BW16^2+(BV16-BV15)^2))) -> 1 | BY16: 252.7 | CA16: =IF((BY16-BY15)<=0,0,(BY16-BY15)*1000) -> 910 | CB16: =IF(CA16<=0,0,(CA16/SQRT(CA16^2+(BZ16-BZ15)^2))) -> 1 | CC16: 414370 | CD16: =IF((CC16-CC15)<=0,0,(CC16-CC15)) -> 0 | CE16: 697300 | CF16: =IF((CE16-CE15)<=0,0,(CE16-CE15)) -> 0 | CG16: 48260 | CH16: =IF((CG16-CG15)<=0,0,(CG16-CG15)) -> 1201 | CI16: 10420 | CK16: =IF((CI16-CI15)*1000<=0,0,(CI16-CI15)*1000)+GX16-CA16 -> 16228.98 | CL16: =IF(CK16<=0,0,(CK16/SQRT(CK16^2+(CJ16-CJ15)^2))) -> 1 | CM16: 2625.7 | CO16: =IF((CM16-CM15)<=0,0,(CM16-CM15))*1000+GX16 -> 8738.98 | CP16: =IF(CO16<=0,0,(CO16/SQRT(CO16^2+(CN16-CN15)^2))) -> 1 | CQ16: 2559.2 | CS16: =IF((CQ16-CQ15)<=0,0,(CQ16-CQ15))*1000+GX16 -> 6338.98 | CT16: =IF(CS16<=0,0,(CS16/SQRT(CS16^2+(CR16-CR15)^2))) -> 1 | CU16: 1818600 | CW16: =IF((CU16-CU15)<=0,0,(CU16-CU15)) -> 18600 | CX16: =IF(CW16<=0,0,(CW16/SQRT(CW16^2+(CV16-CV15)^2))) -> 1 | CY16: 939590 | DA16: =IF((CY16-CY15)<=0,0,(CY16-CY15)) -> 11780 | DB16: =IF(DA16<=0,0,(DA16/SQRT(DA16^2+(CZ16-CZ15)^2))) -> 1 | DE16: =IF((DC16-DC15)<=0,0,(DC16-DC15)) -> 0 | DF16: =IF(DE16<=0,0,(DE16/SQRT(DE16^2+(DD16-DD15)^2))) -> 0 | DG16: =(DE16)-DA16-CW16-CS16-CO16-CK16-BW16 -> -66986.94 | DH16: =DE16+BG16+AK16+N16 -> 279398.98 | DQ16: 2323300 | DR16: =IF((DQ16-DQ15)<=0,0,(DQ16-DQ15)) -> 12700 | DS16: 1499100 | DT16: =IF((DS16-DS15)<=0,0,(DS16-DS15)) -> 16200 | DU16: 7404.2 | DV16: 4124.8 | DW16: =IF((DU16-DU15)*1000<=0,0,(DU16-DU15)*1000) -> 4500 | DX16: 12290 | DY16: 8192.4 | DZ16: =IF((DX16-DX15)*1000<=0,0,(DX16-DX15)*1000)+GX16 -> 6138.98 | EA16: 27177 | EB16: 19.446 | EC16: =IF((EA16-EA15)*1000<=0,0,(EA16-EA15)*1000)+GX16+$EE$40 -> 24298.98 | ED16: =DW16+DZ16+EC16 -> 34937.96 | EE16: 42324 | EF16: 26.668 | EG16: =IF((EE16-EE15)*1000<=0,0,(EE16-EE15)*1000)+GX16+$EE$40 -> 34298.98 | EH16: 11782 | EI16: 1.558 | EJ16: =IF((EH16-EH15)*1000<=0,0,(EH16-EH15)*1000)+GX16 -> 14138.98 | EK16: 709.69 | EL16: 1021.1 | EM16: =IF((EK16-EK15)<=0,0,(EK16-EK15))*1000 -> 670 | EN16: =EG16+EJ16+EM16 -> 49107.96 | EO16: 11875 | EP16: 4135.2 | EQ16: =IF((EO16-EO15)*1000<=0,0,(EO16-EO15)*1000)+GX16 -> 7138.98 | ER16: 7256.2 | ES16: 2937.9 | ET16: =IF((ER16-ER15)<=0,0,(ER16-ER15))*1000 -> 5000 | EU16: 2570.4 | EV16: 919.74 | EW16: =IF((EU16-EU15)<=0,0,(EU16-EU15))*1000+GX16 -> 3238.98 | EX16: 11985 | EY16: 1.2463 | EZ16: =IF((EX16-EX15)<=0,0,(EX16-EX15))*1000+GX16 -> 8138.98 | FA16: =FC16-EQ16-ET16-EW16-EZ16 -> -11791.94 | FB16: 33556908 | FC16: =IF((FB16-FB15)<=0,0,(FB16-FB15)) -> 11725 | FD16: =EQ16+ET16+EW16+EZ16+GJ16 -> 24516.94 | FE16: 15915 | FF16: 5720.8 | FG16: =IF((FE16-FE15)*1000<=0,0,(FE16-FE15)*1000)+FL16+GX16 -> 8972.31 | FH16: 6713.4 | FI16: 2.5823 | FJ16: =IF((FH16-FH15)<=0,0,(FH16-FH15))*1000+FL16+GX16 -> 19272.31 | FL16: -166.67 | FM16: =FT16/3 -> -138.97667 | FN16: 15145 | FO16: 0.6522 | FP16: =IF((FN16-FN15)*1000<=0,0,(FN16-FN15)*1000)+FL16+GX16 -> 12972.31 | FQ16: 53639 | FR16: 12.744 | FS16: =IF((FQ16-FQ15)*1000<=0,0,(FQ16-FQ15)*1000) -> 57000 | FT16: =FS16-FG16-FJ16-FP16-DT16 -> -416.93 | FU16: =FG16+FJ16+FP16+GM16 -> 41416.93 | FV16: 2038600 | FW16: 663830 | FX16: =IF((FV16-FV15)*1000<=0,0,(FV16-FV15)) -> 19400 | FY16: 2696.7 | FZ16: 1.51 | GA16: =IF((FY16-FY15)*1000<=0,0,((FY16-FY15)*1000)-GS16) -> 1650 | GB16: 726.21 | GC16: 803.48 | GD16: =IF((GB16-GB15)*1000<=0,0,(GB16-GB15)*1000) -> 770 | GE16: 9048.6 | GF16: 2.6394 | GG16: =IF((GE16-GE15)*1000<=0,0,(GE16-GE15)*1000)-GJ16-GM16 -> 6700 | GH16: 1738.2 | GI16: 1463.9 | GJ16: =IF((GH16-GH15)<=0,0,(GH16-GH15))*1000 -> 1000 | GK16: 1398.7 | GL16: 1088.7 | GM16: =IF((GK16-GK15)<=0,0,(GK16-GK15))*1000 -> 200 | GN16: 158850 | GO16: 138560 | GP16: =IF((GN16-GN15)<=0,0,(GN16-GN15)) -> 0 | GQ16: 181320 | GR16: 183870 | GS16: =IF((GQ16-GQ15)<=0,0,(GQ16-GQ15)) -> 1050 | GU16: =DailyJan!B15-DailyJan!N15-DailyJan!V15-DailyJan!Y15-DailyJan!Z15-DailyJan!AA15-DailyJan!AB15-DailyJan!AC15-DailyJan!AD15-DailyJan!AE15-DailyJan!AK15-DailyJan!AO15-DailyJan!AS15-DailyJan!AY15-DailyJan!BD15+DailyJan!BS15-SUM(DailyJan!BM15:BQ15)-DailyJan!BR15-DailyJan!AF15-DailyJan!AG15 -> 3134.9424 | GV16: 2084.6424 | GW16: =GV16/15 -> 138.97616 | GX16: 138.98 | HA16: 2084.6384 | HC16: 4323.2716 | HE16: 4323.2716
A17: =A16+1 -> 11 | B17: 3215.98 | C17: =IF((B17-B16)<=0,0,(B17-B16)) -> 7.61 | D17: =IF((B17-B16)*32000<=0,0,(B17-B16)*32000) -> 243520 | E17: 647.24 | F17: =IF((E17-E16)*32000<=0,0,(E17-E16)*32000) -> 48640 | G17: =D17+F17 -> 292160 | K17: =IF(J17<=0,0,(J17/SQRT(J17^2+(I17-I16)^2))) -> 0 | L17: 9033400 | N17: =IF((L17-L16)<=0,0,(L17-L16)*10) -> 290000 | O17: 9132.6 | Q17: =IF((O17-O16)<=0,0,(O17-O16))*1000 -> 13600 | R17: =IF(Q17<=0,0,(Q17/SQRT(Q17^2+(P17-P16)^2))) -> 1 | S17: 10911687 | T17: =IF((S17-S16)<=0,0,(S17-S16)) -> 0 | U17: 1518125.2 | V17: =IF((U17-U16)<=0,0,(U17-U16)) -> 0 | W17: 3095.6 | X17: =Q17-T17-V17-AB17 -> 8520 | Z17: =IF((Y17-Y16)<=0,0,(Y17-Y16)) -> 0 | AA17: 362430 | AB17: =IF((AA17-AA16)<=0,0,(AA17-AA16)) -> 5080 | AC17: 3306.5 | AE17: =IF((AC17-AC16)<=0,0,(AC17-AC16))*1000 -> 7100 | AF17: =IF(AE17<=0,0,(AE17/SQRT(AE17^2+(AD17-AD16)^2))) -> 1 | AG17: 7194.3 | AI17: =IF((AG17-AG16)<=0,0,(AG17-AG16))*1000+GX17 -> 14760.01 | AJ17: =IF(AI17<=0,0,(AI17/SQRT(AI17^2+(AH17-AH16)^2))) -> 1 | AK17: =T17+V17+X17+AE17+AI17 -> 30380.01 | AL17: 9348.4 | AN17: =IF((AL17-AL16)<=0,0,(AL17-AL16))*1000+GX17-BL17-BN17-BP17-BR17 -> 7600.01 | AO17: =IF(AN17<=0,0,(AN17/SQRT(AN17^2+(AM17-AM16)^2))) -> 1 | AP17: 7033.2 | AR17: =IF((AP17-AP16)<=0,0,(AP17-AP16))*1000 -> 8800 | AS17: =IF(AR17<=0,0,(AR17/SQRT(AR17^2+(AQ17-AQ16)^2))) -> 1 | AU17: =IF((AT17-AT16)<=0,0,(AT17-AT16)) -> 0 | AW17: =IF((AV17-AV16)<=0,0,(AV17-AV16)) -> 0 | AX17: 437135.92 | AZ17: =IF((AX17-AX16)<=0,0,(AX17-AX16)) -> 352.36 | BA17: 80300.104 | BC17: =IF((BA17-BA16)<=0,0,(BA17-BA16)) -> 514.072 | BD17: =AN17+AR17+AZ17+BC17 -> 17266.442 | BE17: 1591.5 | BF17: 862.14 | BG17: =IF((BE17-BE16)<=0,0,(BE17-BE16))*1000 -> 1900 | BH17: 7671.4 | BI17: 4934.8 | BJ17: =IF((BH17-BH16)<=0,0,(BH17-BH16))*1000 -> 9600 | BK17: 1030700 | BL17: =IF((BK17-BK16)<=0,0,(BK17-BK16)) -> 5400 | BM17: 782.04 | BN17: =IF((BM17-BM16)<=0,0,BM17-BM16)*1000 -> 730 | BP17: =IF((BO17-BO16)<=0,0,(BO17-BO16))*1000 -> 0 | BQ17: 742.18 | BR17: =IF((BQ17-BQ16)<=0,0,(BQ17-BQ16))*1000 -> 730 | BS17: 70999.59 | BT17: =IF((BS17-BS16)<=0,0,(BS17-BS16)) -> 194.69 | BU17: 1791400 | BW17: =IF((BU17-BU16)<=0,0,(BU17-BU16)) -> 5600 | BX17: =IF(BW17<=0,0,(BW17/SQRT(BW17^2+(BV17-BV16)^2))) -> 1 | BY17: 253.6 | CA17: =IF((BY17-BY16)<=0,0,(BY17-BY16)*1000) -> 900 | CB17: =IF(CA17<=0,0,(CA17/SQRT(CA17^2+(BZ17-BZ16)^2))) -> 1 | CC17: 414370 | CD17: =IF((CC17-CC16)<=0,0,(CC17-CC16)) -> 0 | CE17: 697300 | CF17: =IF((CE17-CE16)<=0,0,(CE17-CE16)) -> 0 | CG17: 49572 | CH17: =IF((CG17-CG16)<=0,0,(CG17-CG16)) -> 1312 | CI17: 10438 | CK17: =IF((CI17-CI16)*1000<=0,0,(CI17-CI16)*1000)+GX17-CA17 -> 17260.01 | CL17: =IF(CK17<=0,0,(CK17/SQRT(CK17^2+(CJ17-CJ16)^2))) -> 1 | CM17: 2634 | CO17: =IF((CM17-CM16)<=0,0,(CM17-CM16))*1000+GX17 -> 8460.01 | CP17: =IF(CO17<=0,0,(CO17/SQRT(CO17^2+(CN17-CN16)^2))) -> 1 | CQ17: 2564.9 | CS17: =IF((CQ17-CQ16)<=0,0,(CQ17-CQ16))*1000+GX17 -> 5860.01 | CT17: =IF(CS17<=0,0,(CS17/SQRT(CS17^2+(CR17-CR16)^2))) -> 1 | CU17: 1833500 | CW17: =IF((CU17-CU16)<=0,0,(CU17-CU16)) -> 14900 | CX17: =IF(CW17<=0,0,(CW17/SQRT(CW17^2+(CV17-CV16)^2))) -> 1 | CY17: 949040 | DA17: =IF((CY17-CY16)<=0,0,(CY17-CY16)) -> 9450 | DB17: =IF(DA17<=0,0,(DA17/SQRT(DA17^2+(CZ17-CZ16)^2))) -> 1 | DE17: =IF((DC17-DC16)<=0,0,(DC17-DC16)) -> 0 | DF17: =IF(DE17<=0,0,(DE17/SQRT(DE17^2+(DD17-DD16)^2))) -> 0 | DG17: =(DE17)-DA17-CW17-CS17-CO17-CK17-BW17 -> -61530.03 | DH17: =DE17+BG17+AK17+N17 -> 322280.01 | DQ17: 2335200 | DR17: =IF((DQ17-DQ16)<=0,0,(DQ17-DQ16)) -> 11900 | DS17: 1514100 | DT17: =IF((DS17-DS16)<=0,0,(DS17-DS16)) -> 15000 | DU17: 7409.3 | DV17: 4128.2 | DW17: =IF((DU17-DU16)*1000<=0,0,(DU17-DU16)*1000) -> 5100 | DX17: 12296 | DY17: 8192.7 | DZ17: =IF((DX17-DX16)*1000<=0,0,(DX17-DX16)*1000)+GX17 -> 6160.01 | EA17: 27200 | EB17: 19.458 | EC17: =IF((EA17-EA16)*1000<=0,0,(EA17-EA16)*1000)+GX17+$EE$40 -> 25320.01 | ED17: =DW17+DZ17+EC17 -> 36580.02 | EE17: 42350 | EF17: 26.695 | EG17: =IF((EE17-EE16)*1000<=0,0,(EE17-EE16)*1000)+GX17+$EE$40 -> 28320.01 | EH17: 11794 | EI17: 1.5614 | EJ17: =IF((EH17-EH16)*1000<=0,0,(EH17-EH16)*1000)+GX17 -> 12160.01 | EK17: 710.4 | EL17: 1022.1 | EM17: =IF((EK17-EK16)<=0,0,(EK17-EK16))*1000 -> 710 | EN17: =EG17+EJ17+EM17 -> 41190.02 | EO17: 11884 | EP17: 4137.9 | EQ17: =IF((EO17-EO16)*1000<=0,0,(EO17-EO16)*1000)+GX17 -> 9160.01 | ER17: 7270.3 | ES17: 2944.2 | ET17: =IF((ER17-ER16)<=0,0,(ER17-ER16))*1000 -> 14100 | EU17: 2576 | EV17: 921.81 | EW17: =IF((EU17-EU16)<=0,0,(EU17-EU16))*1000+GX17 -> 5760.01 | EX17: 11996 | EY17: 1.2479 | EZ17: =IF((EX17-EX16)<=0,0,(EX17-EX16))*1000+GX17 -> 11160.01 | FA17: =FC17-EQ17-ET17-EW17-EZ17 -> -20327.03 | FB17: 33576761 | FC17: =IF((FB17-FB16)<=0,0,(FB17-FB16)) -> 19853 | FD17: =EQ17+ET17+EW17+EZ17+GJ17 -> 41780.03 | FE17: 15923 | FF17: 5723.4 | FG17: =IF((FE17-FE16)*1000<=0,0,(FE17-FE16)*1000)+FL17+GX17 -> 8860.01 | FH17: 6732.3 | FI17: 2.5895 | FJ17: =IF((FH17-FH16)<=0,0,(FH17-FH16))*1000+FL17+GX17 -> 19760.01 | FL17: 700 | FM17: =FT17/3 -> -160.01 | FN17: 15156 | FO17: 0.6537 | FP17: =IF((FN17-FN16)*1000<=0,0,(FN17-FN16)*1000)+FL17+GX17 -> 11860.01 | FQ17: 53694 | FR17: 12.759 | FS17: =IF((FQ17-FQ16)*1000<=0,0,(FQ17-FQ16)*1000) -> 55000 | FT17: =FS17-FG17-FJ17-FP17-DT17 -> -480.03 | FU17: =FG17+FJ17+FP17+GM17 -> 40880.03 | FV17: 2072200 | FW17: 674300 | FX17: =IF((FV17-FV16)*1000<=0,0,(FV17-FV16)) -> 33600 | FY17: 2704.9 | FZ17: 1.5179 | GA17: =IF((FY17-FY16)*1000<=0,0,((FY17-FY16)*1000)-GS17) -> 7080 | GB17: 727.17 | GC17: 804.64 | GD17: =IF((GB17-GB16)*1000<=0,0,(GB17-GB16)*1000) -> 960 | GE17: 9058.4 | GF17: 2.6466 | GG17: =IF((GE17-GE16)*1000<=0,0,(GE17-GE16)*1000)-GJ17-GM17 -> 7800 | GH17: 1739.8 | GI17: 1465.4 | GJ17: =IF((GH17-GH16)<=0,0,(GH17-GH16))*1000 -> 1600 | GK17: 1399.1 | GL17: 1088.8 | GM17: =IF((GK17-GK16)<=0,0,(GK17-GK16))*1000 -> 400 | GN17: 158840 | GO17: 138560 | GP17: =IF((GN17-GN16)<=0,0,(GN17-GN16)) -> 0 | GQ17: 182440 | GR17: 184880 | GS17: =IF((GQ17-GQ16)<=0,0,(GQ17-GQ16)) -> 1120 | GU17: =DailyJan!B16-DailyJan!N16-DailyJan!V16-DailyJan!Y16-DailyJan!Z16-DailyJan!AA16-DailyJan!AB16-DailyJan!AC16-DailyJan!AD16-DailyJan!AE16-DailyJan!AK16-DailyJan!AO16-DailyJan!AS16-DailyJan!AY16-DailyJan!BD16+DailyJan!BS16-SUM(DailyJan!BM16:BQ16)-DailyJan!BR16-DailyJan!AF16-DailyJan!AG16 -> -0.057599997 | GV17: 2400.0924 | GW17: =GV17/15 -> 160.00616 | GX17: 160.01 | HA17: 2400.0944 | HC17: 11001.476 | HE17: 11001.476
A18: =A17+1 -> 12 | B18: 3223.8 | C18: =IF((B18-B17)<=0,0,(B18-B17)) -> 7.82 | D18: =IF((B18-B17)*32000<=0,0,(B18-B17)*32000) -> 250240 | E18: 648.79 | F18: =IF((E18-E17)*32000<=0,0,(E18-E17)*32000) -> 49600 | G18: =D18+F18 -> 299840 | K18: =IF(J18<=0,0,(J18/SQRT(J18^2+(I18-I17)^2))) -> 0 | L18: 9063100 | N18: =IF((L18-L17)<=0,0,(L18-L17)*10) -> 297000 | O18: 9146.2 | Q18: =IF((O18-O17)<=0,0,(O18-O17))*1000 -> 13600 | R18: =IF(Q18<=0,0,(Q18/SQRT(Q18^2+(P18-P17)^2))) -> 1 | S18: 10911687 | T18: =IF((S18-S17)<=0,0,(S18-S17)) -> 0 | U18: 1518125.2 | V18: =IF((U18-U17)<=0,0,(U18-U17)) -> 0 | W18: 3102.5 | X18: =Q18-T18-V18-AB18 -> 8630 | Z18: =IF((Y18-Y17)<=0,0,(Y18-Y17)) -> 0 | AA18: 367400 | AB18: =IF((AA18-AA17)<=0,0,(AA18-AA17)) -> 4970 | AC18: 3313.8 | AE18: =IF((AC18-AC17)<=0,0,(AC18-AC17))*1000 -> 7300 | AF18: =IF(AE18<=0,0,(AE18/SQRT(AE18^2+(AD18-AD17)^2))) -> 1 | AG18: 7209.7 | AI18: =IF((AG18-AG17)<=0,0,(AG18-AG17))*1000+GX18 -> 15564.21 | AJ18: =IF(AI18<=0,0,(AI18/SQRT(AI18^2+(AH18-AH17)^2))) -> 1 | AK18: =T18+V18+X18+AE18+AI18 -> 31494.21 | AL18: 9362.4 | AN18: =IF((AL18-AL17)<=0,0,(AL18-AL17))*1000+GX18-BL18-BN18-BP18-BR18 -> 7394.21 | AO18: =IF(AN18<=0,0,(AN18/SQRT(AN18^2+(AM18-AM17)^2))) -> 1 | AP18: 7042.6 | AR18: =IF((AP18-AP17)<=0,0,(AP18-AP17))*1000 -> 9400 | AS18: =IF(AR18<=0,0,(AR18/SQRT(AR18^2+(AQ18-AQ17)^2))) -> 1 | AU18: =IF((AT18-AT17)<=0,0,(AT18-AT17)) -> 0 | AW18: =IF((AV18-AV17)<=0,0,(AV18-AV17)) -> 0 | AX18: 437460 | AZ18: =IF((AX18-AX17)<=0,0,(AX18-AX17)) -> 324.08 | BA18: 80500 | BC18: =IF((BA18-BA17)<=0,0,(BA18-BA17)) -> 199.896 | BD18: =AN18+AR18+AZ18+BC18 -> 17318.186 | BE18: 1593.5 | BF18: 863.35 | BG18: =IF((BE18-BE17)<=0,0,(BE18-BE17))*1000 -> 2000 | BH18: 7681 | BI18: 4941 | BJ18: =IF((BH18-BH17)<=0,0,(BH18-BH17))*1000 -> 9600 | BK18: 1036230 | BL18: =IF((BK18-BK17)<=0,0,(BK18-BK17)) -> 5530 | BM18: 782.76 | BN18: =IF((BM18-BM17)<=0,0,BM18-BM17)*1000 -> 720 | BP18: =IF((BO18-BO17)<=0,0,(BO18-BO17))*1000 -> 0 | BQ18: 742.7 | BR18: =IF((BQ18-BQ17)<=0,0,(BQ18-BQ17))*1000 -> 520 | BS18: 71180.67 | BT18: =IF((BS18-BS17)<=0,0,(BS18-BS17)) -> 181.08 | BU18: 1797168 | BW18: =IF((BU18-BU17)<=0,0,(BU18-BU17)) -> 5768 | BX18: =IF(BW18<=0,0,(BW18/SQRT(BW18^2+(BV18-BV17)^2))) -> 1 | BY18: 254.5447 | CA18: =IF((BY18-BY17)<=0,0,(BY18-BY17)*1000) -> 944.7 | CB18: =IF(CA18<=0,0,(CA18/SQRT(CA18^2+(BZ18-BZ17)^2))) -> 1 | CC18: 414374.8 | CD18: =IF((CC18-CC17)<=0,0,(CC18-CC17)) -> 4.8 | CE18: 697300 | CF18: =IF((CE18-CE17)<=0,0,(CE18-CE17)) -> 0 | CG18: 50973.9 | CH18: =IF((CG18-CG17)<=0,0,(CG18-CG17)) -> 1401.9 | CI18: 10454.97 | CK18: =IF((CI18-CI17)*1000<=0,0,(CI18-CI17)*1000)+GX18-CA18 -> 16189.51 | CL18: =IF(CK18<=0,0,(CK18/SQRT(CK18^2+(CJ18-CJ17)^2))) -> 1 | CM18: 2642.587 | CO18: =IF((CM18-CM17)<=0,0,(CM18-CM17))*1000+GX18 -> 8751.21 | CP18: =IF(CO18<=0,0,(CO18/SQRT(CO18^2+(CN18-CN17)^2))) -> 1 | CQ18: 2571.194 | CS18: =IF((CQ18-CQ17)<=0,0,(CQ18-CQ17))*1000+GX18 -> 6458.21 | CT18: =IF(CS18<=0,0,(CS18/SQRT(CS18^2+(CR18-CR17)^2))) -> 1 | CU18: =CU17+18040 -> 1851540 | CW18: =IF((CU18-CU17)<=0,0,(CU18-CU17)) -> 18040 | CX18: =IF(CW18<=0,0,(CW18/SQRT(CW18^2+(CV18-CV17)^2))) -> 1 | CY18: =CY17+11074 -> 960114 | DA18: =IF((CY18-CY17)<=0,0,(CY18-CY17)) -> 11074 | DB18: =IF(DA18<=0,0,(DA18/SQRT(DA18^2+(CZ18-CZ17)^2))) -> 1 | DE18: =IF((DC18-DC17)<=0,0,(DC18-DC17)) -> 0 | DF18: =IF(DE18<=0,0,(DE18/SQRT(DE18^2+(DD18-DD17)^2))) -> 0 | DG18: =(DE18)-DA18-CW18-CS18-CO18-CK18-BW18 -> -66280.93 | DH18: =DE18+BG18+AK18+N18 -> 330494.21 | DQ18: 2346600 | DR18: =IF((DQ18-DQ17)<=0,0,(DQ18-DQ17)) -> 11400 | DS18: 1529300 | DT18: =IF((DS18-DS17)<=0,0,(DS18-DS17)) -> 15200 | DU18: 7414.3 | DV18: 4131.2 | DW18: =IF((DU18-DU17)*1000<=0,0,(DU18-DU17)*1000) -> 5000 | DX18: 12302 | DY18: 8192.8 | DZ18: =IF((DX18-DX17)*1000<=0,0,(DX18-DX17)*1000)+GX18 -> 6164.21 | EA18: 27222 | EB18: 19.47 | EC18: =IF((EA18-EA17)*1000<=0,0,(EA18-EA17)*1000)+GX18+$EE$40 -> 24324.21 | ED18: =DW18+DZ18+EC18 -> 35488.42 | EE18: 42372 | EF18: 26.721 | EG18: =IF((EE18-EE17)*1000<=0,0,(EE18-EE17)*1000)+GX18+$EE$40 -> 24324.21 | EH18: 11807 | EI18: 1.5649 | EJ18: =IF((EH18-EH17)*1000<=0,0,(EH18-EH17)*1000)+GX18 -> 13164.21 | EK18: 711.14 | EL18: 1023.2 | EM18: =IF((EK18-EK17)<=0,0,(EK18-EK17))*1000 -> 740 | EN18: =EG18+EJ18+EM18 -> 38228.42 | EO18: 11892 | EP18: 4140.9 | EQ18: =IF((EO18-EO17)*1000<=0,0,(EO18-EO17)*1000)+GX18 -> 8164.21 | ER18: 7286.9 | ES18: 2951.5 | ET18: =IF((ER18-ER17)<=0,0,(ER18-ER17))*1000 -> 16600 | EU18: 2581.9 | EV18: 924.01 | EW18: =IF((EU18-EU17)<=0,0,(EU18-EU17))*1000+GX18 -> 6064.21 | EX18: 12008 | EY18: 1.2503 | EZ18: =IF((EX18-EX17)<=0,0,(EX18-EX17))*1000+GX18 -> 12164.21 | FA18: =FC18-EQ18-ET18-EW18-EZ18 -> -20683.63 | FB18: 33599070 | FC18: =IF((FB18-FB17)<=0,0,(FB18-FB17)) -> 22309 | FD18: =EQ18+ET18+EW18+EZ18+GJ18 -> 44192.63 | FE18: 15933 | FF18: 5726.3 | FG18: =IF((FE18-FE17)*1000<=0,0,(FE18-FE17)*1000)+FL18+GX18 -> 9964.21 | FH18: 6751.7 | FI18: 2.5971 | FJ18: =IF((FH18-FH17)<=0,0,(FH18-FH17))*1000+FL18+GX18 -> 19364.21 | FL18: -200 | FM18: =FT18/3 -> -164.21 | FN18: 15167 | FO18: 0.6554 | FP18: =IF((FN18-FN17)*1000<=0,0,(FN18-FN17)*1000)+FL18+GX18 -> 10964.21 | FQ18: 53749 | FR18: 12.775 | FS18: =IF((FQ18-FQ17)*1000<=0,0,(FQ18-FQ17)*1000) -> 55000 | FT18: =FS18-FG18-FJ18-FP18-DT18 -> -492.63 | FU18: =FG18+FJ18+FP18+GM18 -> 40292.63 | FV18: 2105200 | FW18: 684440 | FX18: =IF((FV18-FV17)*1000<=0,0,(FV18-FV17)) -> 33000 | FY18: 2713.8 | FZ18: 1.5262 | GA18: =IF((FY18-FY17)*1000<=0,0,((FY18-FY17)*1000)-GS18) -> 7640 | GB18: 728.04 | GC18: 805.72 | GD18: =IF((GB18-GB17)*1000<=0,0,(GB18-GB17)*1000) -> 870 | GE18: 9068.1 | GF18: 2.6539 | GG18: =IF((GE18-GE17)*1000<=0,0,(GE18-GE17)*1000)-GJ18-GM18 -> 8500 | GH18: 1741 | GI18: 1467 | GJ18: =IF((GH18-GH17)<=0,0,(GH18-GH17))*1000 -> 1200 | GK18: 1399.1 | GL18: 1088.8 | GM18: =IF((GK18-GK17)<=0,0,(GK18-GK17))*1000 -> 0 | GN18: 158840 | GO18: 138570 | GP18: =IF((GN18-GN17)<=0,0,(GN18-GN17)) -> 0 | GQ18: 183700 | GR18: 185990 | GS18: =IF((GQ18-GQ17)<=0,0,(GQ18-GQ17)) -> 1260 | GU18: =DailyJan!B17-DailyJan!N17-DailyJan!V17-DailyJan!Y17-DailyJan!Z17-DailyJan!AA17-DailyJan!AB17-DailyJan!AC17-DailyJan!AD17-DailyJan!AE17-DailyJan!AK17-DailyJan!AO17-DailyJan!AS17-DailyJan!AY17-DailyJan!BD17+DailyJan!BS17-SUM(DailyJan!BM17:BQ17)-DailyJan!BR17-DailyJan!AF17-DailyJan!AG17 -> 0.039600004 | GV18: 2463.1896 | GW18: =GV18/15 -> 164.21264 | GX18: 164.21 | HA18: 2463.1856 | HC18: 12621.134 | HE18: 12621.134
A19: =A18+1 -> 13 | B19: 3231.12 | C19: =IF((B19-B18)<=0,0,(B19-B18)) -> 7.32 | D19: =IF((B19-B18)*32000<=0,0,(B19-B18)*32000) -> 234240 | E19: 650.26 | F19: =IF((E19-E18)*32000<=0,0,(E19-E18)*32000) -> 47040 | G19: =D19+F19 -> 281280 | K19: =IF(J19<=0,0,(J19/SQRT(J19^2+(I19-I18)^2))) -> 0 | L19: 9090900 | N19: =IF((L19-L18)<=0,0,(L19-L18)*10) -> 278000 | O19: 9159.5 | Q19: =IF((O19-O18)<=0,0,(O19-O18))*1000 -> 13300 | R19: =IF(Q19<=0,0,(Q19/SQRT(Q19^2+(P19-P18)^2))) -> 1 | S19: 10911687 | T19: =IF((S19-S18)<=0,0,(S19-S18)) -> 0 | U19: 1518125.2 | V19: =IF((U19-U18)<=0,0,(U19-U18)) -> 0 | W19: 3109.3 | X19: =Q19-T19-V19-AB19 -> 8440 | Z19: =IF((Y19-Y18)<=0,0,(Y19-Y18)) -> 0 | AA19: 372260 | AB19: =IF((AA19-AA18)<=0,0,(AA19-AA18)) -> 4860 | AC19: 3321 | AE19: =IF((AC19-AC18)<=0,0,(AC19-AC18))*1000 -> 7200 | AF19: =IF(AE19<=0,0,(AE19/SQRT(AE19^2+(AD19-AD18)^2))) -> 1 | AG19: 7225.4 | AI19: =IF((AG19-AG18)<=0,0,(AG19-AG18))*1000+GX19 -> 15854.05 | AJ19: =IF(AI19<=0,0,(AI19/SQRT(AI19^2+(AH19-AH18)^2))) -> 1 | AK19: =T19+V19+X19+AE19+AI19 -> 31494.05 | AL19: 9376.3 | AN19: =IF((AL19-AL18)<=0,0,(AL19-AL18))*1000+GX19-BL19-BN19-BP19-BR19 -> 7654.05 | AO19: =IF(AN19<=0,0,(AN19/SQRT(AN19^2+(AM19-AM18)^2))) -> 1 | AP19: 7051.4 | AR19: =IF((AP19-AP18)<=0,0,(AP19-AP18))*1000 -> 8800 | AS19: =IF(AR19<=0,0,(AR19/SQRT(AR19^2+(AQ19-AQ18)^2))) -> 1 | AU19: =IF((AT19-AT18)<=0,0,(AT19-AT18)) -> 0 | AW19: =IF((AV19-AV18)<=0,0,(AV19-AV18)) -> 0 | AX19: 437630 | AZ19: =IF((AX19-AX18)<=0,0,(AX19-AX18)) -> 170 | BA19: 80580 | BC19: =IF((BA19-BA18)<=0,0,(BA19-BA18)) -> 80 | BD19: =AN19+AR19+AZ19+BC19 -> 16704.05 | BE19: 1595.7 | BF19: 864.63 | BG19: =IF((BE19-BE18)<=0,0,(BE19-BE18))*1000 -> 2200 | BH19: 7690.8 | BI19: 4947.3 | BJ19: =IF((BH19-BH18)<=0,0,(BH19-BH18))*1000 -> 9800 | BK19: 1041600 | BL19: =IF((BK19-BK18)<=0,0,(BK19-BK18)) -> 5370 | BM19: 783.49 | BN19: =IF((BM19-BM18)<=0,0,BM19-BM18)*1000 -> 730 | BP19: =IF((BO19-BO18)<=0,0,(BO19-BO18))*1000 -> 0 | BQ19: 743 | BR19: =IF((BQ19-BQ18)<=0,0,(BQ19-BQ18))*1000 -> 300 | BS19: 71363.21 | BT19: =IF((BS19-BS18)<=0,0,(BS19-BS18)) -> 182.54 | BU19: 1802731 | BW19: =IF((BU19-BU18)<=0,0,(BU19-BU18)) -> 5563 | BX19: =IF(BW19<=0,0,(BW19/SQRT(BW19^2+(BV19-BV18)^2))) -> 1 | BY19: 255.305 | CA19: =IF((BY19-BY18)<=0,0,(BY19-BY18)*1000) -> 760.3 | CB19: =IF(CA19<=0,0,(CA19/SQRT(CA19^2+(BZ19-BZ18)^2))) -> 1 | CC19: 415371.8 | CD19: =IF((CC19-CC18)<=0,0,(CC19-CC18)) -> 997 | CE19: 697299.9 | CF19: =IF((CE19-CE18)<=0,0,(CE19-CE18)) -> 0 | CG19: 51654.3 | CH19: =IF((CG19-CG18)<=0,0,(CG19-CG18)) -> 680.4 | CI19: 10472.12 | CK19: =IF((CI19-CI18)*1000<=0,0,(CI19-CI18)*1000)+GX19-CA19 -> 16543.75 | CL19: =IF(CK19<=0,0,(CK19/SQRT(CK19^2+(CJ19-CJ18)^2))) -> 1 | CM19: 2650.826 | CO19: =IF((CM19-CM18)<=0,0,(CM19-CM18))*1000+GX19 -> 8393.05 | CP19: =IF(CO19<=0,0,(CO19/SQRT(CO19^2+(CN19-CN18)^2))) -> 1 | CQ19: 2577.111 | CS19: =IF((CQ19-CQ18)<=0,0,(CQ19-CQ18))*1000+GX19 -> 6071.05 | CT19: =IF(CS19<=0,0,(CS19/SQRT(CS19^2+(CR19-CR18)^2))) -> 1 | CU19: 1866345 | CW19: =IF((CU19-CU18)<=0,0,(CU19-CU18)) -> 14805 | CX19: =IF(CW19<=0,0,(CW19/SQRT(CW19^2+(CV19-CV18)^2))) -> 1 | CY19: 969202.4 | DA19: =IF((CY19-CY18)<=0,0,(CY19-CY18)) -> 9088.4 | DB19: =IF(DA19<=0,0,(DA19/SQRT(DA19^2+(CZ19-CZ18)^2))) -> 1 | DE19: =IF((DC19-DC18)<=0,0,(DC19-DC18)) -> 0 | DF19: =IF(DE19<=0,0,(DE19/SQRT(DE19^2+(DD19-DD18)^2))) -> 0 | DG19: =(DE19)-DA19-CW19-CS19-CO19-CK19-BW19 -> -60464.25 | DH19: =DE19+BG19+AK19+N19 -> 311694.05 | DQ19: 2355900 | DR19: =IF((DQ19-DQ18)<=0,0,(DQ19-DQ18)) -> 9300 | DS19: 1546000 | DT19: =IF((DS19-DS18)<=0,0,(DS19-DS18)) -> 16700 | DU19: 7418.9 | DV19: 4134 | DW19: =IF((DU19-DU18)*1000<=0,0,(DU19-DU18)*1000) -> 4600 | DX19: 12309 | DY19: 8193 | DZ19: =IF((DX19-DX18)*1000<=0,0,(DX19-DX18)*1000)+GX19 -> 7154.05 | EA19: 27244 | EB19: 19.482 | EC19: =IF((EA19-EA18)*1000<=0,0,(EA19-EA18)*1000)+GX19+$EE$40 -> 24314.05 | ED19: =DW19+DZ19+EC19 -> 36068.1 | EE19: 42397 | EF19: 26.745 | EG19: =IF((EE19-EE18)*1000<=0,0,(EE19-EE18)*1000)+GX19+$EE$40 -> 27314.05 | EH19: 11819 | EI19: 1.5678 | EJ19: =IF((EH19-EH18)*1000<=0,0,(EH19-EH18)*1000)+GX19 -> 12154.05 | EK19: 711.75 | EL19: 1024 | EM19: =IF((EK19-EK18)<=0,0,(EK19-EK18))*1000 -> 610 | EN19: =EG19+EJ19+EM19 -> 40078.1 | EO19: 11901 | EP19: 4143.7 | EQ19: =IF((EO19-EO18)*1000<=0,0,(EO19-EO18)*1000)+GX19 -> 9154.05 | ER19: 7304.2 | ES19: 2959 | ET19: =IF((ER19-ER18)<=0,0,(ER19-ER18))*1000 -> 17300 | EU19: 2588.2 | EV19: 926.32 | EW19: =IF((EU19-EU18)<=0,0,(EU19-EU18))*1000+GX19 -> 6454.05 | EX19: 12021 | EY19: 1.2524 | EZ19: =IF((EX19-EX18)<=0,0,(EX19-EX18))*1000+GX19 -> 13154.05 | FA19: =FC19-EQ19-ET19-EW19-EZ19 -> -23406.15 | FB19: 33621726 | FC19: =IF((FB19-FB18)<=0,0,(FB19-FB18)) -> 22656 | FD19: =EQ19+ET19+EW19+EZ19+GJ19 -> 48562.15 | FE19: 15942 | FF19: 5729.1 | FG19: =IF((FE19-FE18)*1000<=0,0,(FE19-FE18)*1000)+FL19+GX19 -> 9020.72 | FH19: 6771.4 | FI19: 2.6048 | FJ19: =IF((FH19-FH18)<=0,0,(FH19-FH18))*1000+FL19+GX19 -> 19720.72 | FL19: -133.33 | FM19: =FT19/3 -> -154.05333 | FN19: 15179 | FO19: 0.6568 | FP19: =IF((FN19-FN18)*1000<=0,0,(FN19-FN18)*1000)+FL19+GX19 -> 12020.72 | FQ19: 53806 | FR19: 12.792 | FS19: =IF((FQ19-FQ18)*1000<=0,0,(FQ19-FQ18)*1000) -> 57000 | FT19: =FS19-FG19-FJ19-FP19-DT19 -> -462.16 | FU19: =FG19+FJ19+FP19+GM19 -> 40762.16 | FV19: 2130400 | FW19: 692040 | FX19: =IF((FV19-FV18)*1000<=0,0,(FV19-FV18)) -> 25200 | FY19: 2721 | FZ19: 1.533 | GA19: =IF((FY19-FY18)*1000<=0,0,((FY19-FY18)*1000)-GS19) -> 6020 | GB19: 728.84 | GC19: 806.71 | GD19: =IF((GB19-GB18)*1000<=0,0,(GB19-GB18)*1000) -> 800 | GE19: 9076.5 | GF19: 2.6604 | GG19: =IF((GE19-GE18)*1000<=0,0,(GE19-GE18)*1000)-GJ19-GM19 -> 5900 | GH19: 1743.5 | GI19: 1458.8 | GJ19: =IF((GH19-GH18)<=0,0,(GH19-GH18))*1000 -> 2500 | GK19: 1399.1 | GL19: 1088.8 | GM19: =IF((GK19-GK18)<=0,0,(GK19-GK18))*1000 -> 0 | GN19: 158850 | GO19: 138570 | GP19: =IF((GN19-GN18)<=0,0,(GN19-GN18)) -> 10 | GQ19: 184880 | GR19: 187040 | GS19: =IF((GQ19-GQ18)<=0,0,(GQ19-GQ18)) -> 1180 | GU19: =DailyJan!B18-DailyJan!N18-DailyJan!V18-DailyJan!Y18-DailyJan!Z18-DailyJan!AA18-DailyJan!AB18-DailyJan!AC18-DailyJan!AD18-DailyJan!AE18-DailyJan!AK18-DailyJan!AO18-DailyJan!AS18-DailyJan!AY18-DailyJan!BD18+DailyJan!BS18-SUM(DailyJan!BM18:BQ18)-DailyJan!BR18-DailyJan!AF18-DailyJan!AG18 -> -0.034800007 | GV19: 2310.7152 | GW19: =GV19/15 -> 154.04768 | GX19: 154.05 | HA19: 2310.7152 | HC19: 4702.4748 | HE19: 4702.4748
A20: =A19+1 -> 14 | B20: 3237.99 | C20: =IF((B20-B19)<=0,0,(B20-B19)) -> 6.87 | D20: =IF((B20-B19)*32000<=0,0,(B20-B19)*32000) -> 219840 | E20: 651.84 | F20: =IF((E20-E19)*32000<=0,0,(E20-E19)*32000) -> 50560 | G20: =D20+F20 -> 270400 | K20: =IF(J20<=0,0,(J20/SQRT(J20^2+(I20-I19)^2))) -> 0 | L20: 9118300 | N20: =IF((L20-L19)<=0,0,(L20-L19)*10) -> 274000 | O20: 9174.2 | Q20: =IF((O20-O19)<=0,0,(O20-O19))*1000 -> 14700 | R20: =IF(Q20<=0,0,(Q20/SQRT(Q20^2+(P20-P19)^2))) -> 1 | S20: 10918895 | T20: =IF((S20-S19)<=0,0,(S20-S19)) -> 7207.75 | U20: 1518125.5 | V20: =IF((U20-U19)<=0,0,(U20-U19)) -> 0.32 | W20: 3115.2 | X20: =Q20-T20-V20-AB20 -> 7251.93 | Z20: =IF((Y20-Y19)<=0,0,(Y20-Y19)) -> 0 | AA20: 372500 | AB20: =IF((AA20-AA19)<=0,0,(AA20-AA19)) -> 240 | AC20: 3324.8 | AE20: =IF((AC20-AC19)<=0,0,(AC20-AC19))*1000 -> 3800 | AF20: =IF(AE20<=0,0,(AE20/SQRT(AE20^2+(AD20-AD19)^2))) -> 1 | AG20: 7234.6 | AI20: =IF((AG20-AG19)<=0,0,(AG20-AG19))*1000+GX20 -> 9348.09 | AJ20: =IF(AI20<=0,0,(AI20/SQRT(AI20^2+(AH20-AH19)^2))) -> 1 | AK20: =T20+V20+X20+AE20+AI20 -> 27608.09 | AL20: 9388 | AN20: =IF((AL20-AL19)<=0,0,(AL20-AL19))*1000+GX20-BL20-BN20-BP20-BR20 -> 5388.09 | AO20: =IF(AN20<=0,0,(AN20/SQRT(AN20^2+(AM20-AM19)^2))) -> 1 | AP20: 7057.8 | AR20: =IF((AP20-AP19)<=0,0,(AP20-AP19))*1000 -> 6400 | AS20: =IF(AR20<=0,0,(AR20/SQRT(AR20^2+(AQ20-AQ19)^2))) -> 1 | AU20: =IF((AT20-AT19)<=0,0,(AT20-AT19)) -> 0 | AW20: =IF((AV20-AV19)<=0,0,(AV20-AV19)) -> 0 | AX20: 437880 | AZ20: =IF((AX20-AX19)<=0,0,(AX20-AX19)) -> 250 | BA20: 80830 | BC20: =IF((BA20-BA19)<=0,0,(BA20-BA19)) -> 250 | BD20: =AN20+AR20+AZ20+BC20 -> 12288.09 | BE20: 1597.6 | BF20: 865.77 | BG20: =IF((BE20-BE19)<=0,0,(BE20-BE19))*1000 -> 1900 | BH20: 7700.7 | BI20: 4953.5 | BJ20: =IF((BH20-BH19)<=0,0,(BH20-BH19))*1000 -> 9900 | BK20: 1046640 | BL20: =IF((BK20-BK19)<=0,0,(BK20-BK19)) -> 5040 | BM20: 784.21 | BN20: =IF((BM20-BM19)<=0,0,BM20-BM19)*1000 -> 720 | BP20: =IF((BO20-BO19)<=0,0,(BO20-BO19))*1000 -> 0 | BQ20: 743.7 | BR20: =IF((BQ20-BQ19)<=0,0,(BQ20-BQ19))*1000 -> 700 | BS20: 71526.41 | BT20: =IF((BS20-BS19)<=0,0,(BS20-BS19)) -> 163.2 | BU20: 1807654 | BW20: =IF((BU20-BU19)<=0,0,(BU20-BU19)) -> 4923 | BX20: =IF(BW20<=0,0,(BW20/SQRT(BW20^2+(BV20-BV19)^2))) -> 1 | BY20: 255.9212 | CA20: =IF((BY20-BY19)<=0,0,(BY20-BY19)*1000) -> 616.2 | CB20: =IF(CA20<=0,0,(CA20/SQRT(CA20^2+(BZ20-BZ19)^2))) -> 1 | CC20: 416900 | CD20: =IF((CC20-CC19)<=0,0,(CC20-CC19)) -> 1528.2 | CE20: 697299.9 | CF20: =IF((CE20-CE19)<=0,0,(CE20-CE19)) -> 0 | CG20: 51654.3 | CH20: =IF((CG20-CG19)<=0,0,(CG20-CG19)) -> 0 | CI20: 10488.04 | CK20: =IF((CI20-CI19)*1000<=0,0,(CI20-CI19)*1000)+GX20-CA20 -> 15451.89 | CL20: =IF(CK20<=0,0,(CK20/SQRT(CK20^2+(CJ20-CJ19)^2))) -> 1 | CM20: 2658.341 | CO20: =IF((CM20-CM19)<=0,0,(CM20-CM19))*1000+GX20 -> 7663.09 | CP20: =IF(CO20<=0,0,(CO20/SQRT(CO20^2+(CN20-CN19)^2))) -> 1 | CQ20: 2583.136 | CS20: =IF((CQ20-CQ19)<=0,0,(CQ20-CQ19))*1000+GX20 -> 6173.09 | CT20: =IF(CS20<=0,0,(CS20/SQRT(CS20^2+(CR20-CR19)^2))) -> 1 | CU20: 1879845 | CW20: =IF((CU20-CU19)<=0,0,(CU20-CU19)) -> 13500 | CX20: =IF(CW20<=0,0,(CW20/SQRT(CW20^2+(CV20-CV19)^2))) -> 1 | CY20: 977726.4 | DA20: =IF((CY20-CY19)<=0,0,(CY20-CY19)) -> 8524 | DB20: =IF(DA20<=0,0,(DA20/SQRT(DA20^2+(CZ20-CZ19)^2))) -> 1 | DE20: =IF((DC20-DC19)<=0,0,(DC20-DC19)) -> 0 | DF20: =IF(DE20<=0,0,(DE20/SQRT(DE20^2+(DD20-DD19)^2))) -> 0 | DG20: =(DE20)-DA20-CW20-CS20-CO20-CK20-BW20 -> -56235.07 | DH20: =DE20+BG20+AK20+N20 -> 303508.09 | DQ20: 2368500 | DR20: =IF((DQ20-DQ19)<=0,0,(DQ20-DQ19)) -> 12600 | DS20: 1560900 | DT20: =IF((DS20-DS19)<=0,0,(DS20-DS19)) -> 14900 | DU20: 7423.2 | DV20: 4136.6 | DW20: =IF((DU20-DU19)*1000<=0,0,(DU20-DU19)*1000) -> 4300 | DX20: 12315 | DY20: 8193.2 | DZ20: =IF((DX20-DX19)*1000<=0,0,(DX20-DX19)*1000)+GX20 -> 6148.09 | EA20: 27267 | EB20: 19.494 | EC20: =IF((EA20-EA19)*1000<=0,0,(EA20-EA19)*1000)+GX20+$EE$40 -> 25308.09 | ED20: =DW20+DZ20+EC20 -> 35756.18 | EE20: 42426 | EF20: 26.772 | EG20: =IF((EE20-EE19)*1000<=0,0,(EE20-EE19)*1000)+GX20+$EE$40 -> 31308.09 | EH20: 11830 | EI20: 1.5706 | EJ20: =IF((EH20-EH19)*1000<=0,0,(EH20-EH19)*1000)+GX20 -> 11148.09 | EK20: 712.51 | EL20: 1025.1 | EM20: =IF((EK20-EK19)<=0,0,(EK20-EK19))*1000 -> 760 | EN20: =EG20+EJ20+EM20 -> 43216.18 | EO20: 11909 | EP20: 4146.8 | EQ20: =IF((EO20-EO19)*1000<=0,0,(EO20-EO19)*1000)+GX20 -> 8148.09 | ER20: 7322.2 | ES20: 2966.8 | ET20: =IF((ER20-ER19)<=0,0,(ER20-ER19))*1000 -> 18000 | EU20: 2594.8 | EV20: 928.75 | EW20: =IF((EU20-EU19)<=0,0,(EU20-EU19))*1000+GX20 -> 6748.09 | EX20: 12034 | EY20: 1.2549 | EZ20: =IF((EX20-EX19)<=0,0,(EX20-EX19))*1000+GX20 -> 13148.09 | FA20: =FC20-EQ20-ET20-EW20-EZ20 -> -22519.27 | FB20: 33645251 | FC20: =IF((FB20-FB19)<=0,0,(FB20-FB19)) -> 23525 | FD20: =EQ20+ET20+EW20+EZ20+GJ20 -> 47944.27 | FE20: 15951 | FF20: 5731.7 | FG20: =IF((FE20-FE19)*1000<=0,0,(FE20-FE19)*1000)+FL20+GX20 -> 9414.76 | FH20: 6790.7 | FI20: 2.6123 | FJ20: =IF((FH20-FH19)<=0,0,(FH20-FH19))*1000+FL20+GX20 -> 19714.76 | FL20: 266.67 | FM20: =FT20/3 -> -148.09333 | FN20: 15190 | FO20: 0.6583 | FP20: =IF((FN20-FN19)*1000<=0,0,(FN20-FN19)*1000)+FL20+GX20 -> 11414.76 | FQ20: 53861 | FR20: 12.808 | FS20: =IF((FQ20-FQ19)*1000<=0,0,(FQ20-FQ19)*1000) -> 55000 | FT20: =FS20-FG20-FJ20-FP20-DT20 -> -444.28 | FU20: =FG20+FJ20+FP20+GM20 -> 40544.28 | FV20: 2162500 | FW20: 701890 | FX20: =IF((FV20-FV19)*1000<=0,0,(FV20-FV19)) -> 32100 | FY20: 2729.5 | FZ20: 1.5411 | GA20: =IF((FY20-FY19)*1000<=0,0,((FY20-FY19)*1000)-GS20) -> 7360 | GB20: 729.65 | GC20: 807.73 | GD20: =IF((GB20-GB19)*1000<=0,0,(GB20-GB19)*1000) -> 810 | GE20: 9085.6 | GF20: 2.6673 | GG20: =IF((GE20-GE19)*1000<=0,0,(GE20-GE19)*1000)-GJ20-GM20 -> 7200 | GH20: 1745.4 | GI20: 1470.5 | GJ20: =IF((GH20-GH19)<=0,0,(GH20-GH19))*1000 -> 1900 | GK20: 1399.1 | GL20: 1088.8 | GM20: =IF((GK20-GK19)<=0,0,(GK20-GK19))*1000 -> 0 | GN20: 158850 | GO20: 138570 | GP20: =IF((GN20-GN19)<=0,0,(GN20-GN19)) -> 0 | GQ20: 186020 | GR20: 188060 | GS20: =IF((GQ20-GQ19)<=0,0,(GQ20-GQ19)) -> 1140 | GU20: =DailyJan!B19-DailyJan!N19-DailyJan!V19-DailyJan!Y19-DailyJan!Z19-DailyJan!AA19-DailyJan!AB19-DailyJan!AC19-DailyJan!AD19-DailyJan!AE19-DailyJan!AK19-DailyJan!AO19-DailyJan!AS19-DailyJan!AY19-DailyJan!BD19+DailyJan!BS19-SUM(DailyJan!BM19:BQ19)-DailyJan!BR19-DailyJan!AF19-DailyJan!AG19 -> -0.014000006 | GV20: 2221.336 | GW20: =GV20/15 -> 148.08907 | GX20: 148.09 | HA20: 2221.336 | HC20: 4786.454 | HE20: 4786.454
A21: =A20+1 -> 15 | B21: 3245.09 | C21: =IF((B21-B20)<=0,0,(B21-B20)) -> 7.1 | D21: =IF((B21-B20)*32000<=0,0,(B21-B20)*32000) -> 227200 | E21: 653.32 | F21: =IF((E21-E20)*32000<=0,0,(E21-E20)*32000) -> 47360 | G21: =D21+F21 -> 274560 | K21: =IF(J21<=0,0,(J21/SQRT(J21^2+(I21-I20)^2))) -> 0 | L21: 9145000 | N21: =IF((L21-L20)<=0,0,(L21-L20)*10) -> 267000 | O21: 9192 | Q21: =IF((O21-O20)<=0,0,(O21-O20))*1000 -> 17800 | R21: =IF(Q21<=0,0,(Q21/SQRT(Q21^2+(P21-P20)^2))) -> 1 | S21: 10928286 | T21: =IF((S21-S20)<=0,0,(S21-S20)) -> 9391.38 | U21: 1518125.5 | V21: =IF((U21-U20)<=0,0,(U21-U20)) -> 0 | W21: 3121.9 | X21: =Q21-T21-V21-AB21 -> 8308.62 | Z21: =IF((Y21-Y20)<=0,0,(Y21-Y20)) -> 0 | AA21: 372600 | AB21: =IF((AA21-AA20)<=0,0,(AA21-AA20)) -> 100 | AC21: 3330.2 | AE21: =IF((AC21-AC20)<=0,0,(AC21-AC20))*1000 -> 5400 | AF21: =IF(AE21<=0,0,(AE21/SQRT(AE21^2+(AD21-AD20)^2))) -> 1 | AG21: 7247.9 | AI21: =IF((AG21-AG20)<=0,0,(AG21-AG20))*1000+GX21 -> 13450.37 | AJ21: =IF(AI21<=0,0,(AI21/SQRT(AI21^2+(AH21-AH20)^2))) -> 1 | AK21: =T21+V21+X21+AE21+AI21 -> 36550.37 | AL21: 9399.9 | AN21: =IF((AL21-AL20)<=0,0,(AL21-AL20))*1000+GX21-BL21-BN21-BP21-BR21 -> 5360.37 | AO21: =IF(AN21<=0,0,(AN21/SQRT(AN21^2+(AM21-AM20)^2))) -> 1 | AP21: 7066 | AR21: =IF((AP21-AP20)<=0,0,(AP21-AP20))*1000 -> 8200 | AS21: =IF(AR21<=0,0,(AR21/SQRT(AR21^2+(AQ21-AQ20)^2))) -> 1 | AU21: =IF((AT21-AT20)<=0,0,(AT21-AT20)) -> 0 | AW21: =IF((AV21-AV20)<=0,0,(AV21-AV20)) -> 0 | AX21: 438140 | AZ21: =IF((AX21-AX20)<=0,0,(AX21-AX20)) -> 260 | BA21: 81320 | BC21: =IF((BA21-BA20)<=0,0,(BA21-BA20)) -> 490 | BD21: =AN21+AR21+AZ21+BC21 -> 14310.37 | BE21: 1599.7 | BF21: 867.06 | BG21: =IF((BE21-BE20)<=0,0,(BE21-BE20))*1000 -> 2100 | BH21: 7710.4 | BI21: 4959.8 | BJ21: =IF((BH21-BH20)<=0,0,(BH21-BH20))*1000 -> 9700 | BK21: 1051930 | BL21: =IF((BK21-BK20)<=0,0,(BK21-BK20)) -> 5290 | BM21: 784.91 | BN21: =IF((BM21-BM20)<=0,0,BM21-BM20)*1000 -> 700 | BP21: =IF((BO21-BO20)<=0,0,(BO21-BO20))*1000 -> 0 | BQ21: 744.4 | BR21: =IF((BQ21-BQ20)<=0,0,(BQ21-BQ20))*1000 -> 700 | BS21: 71715.22 | BT21: =IF((BS21-BS20)<=0,0,(BS21-BS20)) -> 188.81 | BU21: 1813189 | BW21: =IF((BU21-BU20)<=0,0,(BU21-BU20)) -> 5535 | BX21: =IF(BW21<=0,0,(BW21/SQRT(BW21^2+(BV21-BV20)^2))) -> 1 | BY21: 256.599 | CA21: =IF((BY21-BY20)<=0,0,(BY21-BY20)*1000) -> 677.8 | CB21: =IF(CA21<=0,0,(CA21/SQRT(CA21^2+(BZ21-BZ20)^2))) -> 1 | CC21: 418612.8 | CD21: =IF((CC21-CC20)<=0,0,(CC21-CC20)) -> 1712.8 | CE21: 697299.9 | CF21: =IF((CE21-CE20)<=0,0,(CE21-CE20)) -> 0 | CG21: 51654.3 | CH21: =IF((CG21-CG20)<=0,0,(CG21-CG20)) -> 0 | CI21: 10504.88 | CK21: =IF((CI21-CI20)*1000<=0,0,(CI21-CI20)*1000)+GX21-CA21 -> 16312.57 | CL21: =IF(CK21<=0,0,(CK21/SQRT(CK21^2+(CJ21-CJ20)^2))) -> 1 | CM21: 2666.546 | CO21: =IF((CM21-CM20)<=0,0,(CM21-CM20))*1000+GX21 -> 8355.37 | CP21: =IF(CO21<=0,0,(CO21/SQRT(CO21^2+(CN21-CN20)^2))) -> 1 | CQ21: 2589.698 | CS21: =IF((CQ21-CQ20)<=0,0,(CQ21-CQ20))*1000+GX21 -> 6712.37 | CT21: =IF(CS21<=0,0,(CS21/SQRT(CS21^2+(CR21-CR20)^2))) -> 1 | CU21: 1893808 | CW21: =IF((CU21-CU20)<=0,0,(CU21-CU20)) -> 13963 | CX21: =IF(CW21<=0,0,(CW21/SQRT(CW21^2+(CV21-CV20)^2))) -> 1 | CY21: 986715.4 | DA21: =IF((CY21-CY20)<=0,0,(CY21-CY20)) -> 8989 | DB21: =IF(DA21<=0,0,(DA21/SQRT(DA21^2+(CZ21-CZ20)^2))) -> 1 | DE21: =IF((DC21-DC20)<=0,0,(DC21-DC20)) -> 0 | DF21: =IF(DE21<=0,0,(DE21/SQRT(DE21^2+(DD21-DD20)^2))) -> 0 | DG21: =(DE21)-DA21-CW21-CS21-CO21-CK21-BW21 -> -59867.31 | DH21: =DE21+BG21+AK21+N21 -> 305650.37 | DQ21: 2381200 | DR21: =IF((DQ21-DQ20)<=0,0,(DQ21-DQ20)) -> 12700 | DS21: 1576700 | DT21: =IF((DS21-DS20)<=0,0,(DS21-DS20)) -> 15800 | DU21: 7427.9 | DV21: 4139.5 | DW21: =IF((DU21-DU20)*1000<=0,0,(DU21-DU20)*1000) -> 4700 | DX21: 12321 | DY21: 8193.4 | DZ21: =IF((DX21-DX20)*1000<=0,0,(DX21-DX20)*1000)+GX21 -> 6150.37 | EA21: 27289 | EB21: 19.507 | EC21: =IF((EA21-EA20)*1000<=0,0,(EA21-EA20)*1000)+GX21+$EE$40 -> 24310.37 | ED21: =DW21+DZ21+EC21 -> 35160.74 | EE21: 42446 | EF21: 26.789 | EG21: =IF((EE21-EE20)*1000<=0,0,(EE21-EE20)*1000)+GX21+$EE$40 -> 22310.37 | EH21: 11840 | EI21: 1.5724 | EJ21: =IF((EH21-EH20)*1000<=0,0,(EH21-EH20)*1000)+GX21 -> 10150.37 | EK21: 713.18 | EL21: 1025.9 | EM21: =IF((EK21-EK20)<=0,0,(EK21-EK20))*1000 -> 670 | EN21: =EG21+EJ21+EM21 -> 33130.74 | EO21: 11918 | EP21: 4149.8 | EQ21: =IF((EO21-EO20)*1000<=0,0,(EO21-EO20)*1000)+GX21 -> 9150.37 | ER21: 7341.5 | ES21: 2974.9 | ET21: =IF((ER21-ER20)<=0,0,(ER21-ER20))*1000 -> 19300 | EU21: 2601.7 | EV21: 931.27 | EW21: =IF((EU21-EU20)<=0,0,(EU21-EU20))*1000+GX21 -> 7050.37 | EX21: 12047 | EY21: 1.2577 | EZ21: =IF((EX21-EX20)<=0,0,(EX21-EX20))*1000+GX21 -> 13150.37 | FA21: =FC21-EQ21-ET21-EW21-EZ21 -> -23947.11 | FB21: 33669955 | FC21: =IF((FB21-FB20)<=0,0,(FB21-FB20)) -> 24704 | FD21: =EQ21+ET21+EW21+EZ21+GJ21 -> 50451.11 | FE21: 15959 | FF21: 5733.8 | FG21: =IF((FE21-FE20)*1000<=0,0,(FE21-FE20)*1000)+FL21+GX21 -> 8750.37 | FH21: 6807.1 | FI21: 2.6187 | FJ21: =IF((FH21-FH20)<=0,0,(FH21-FH20))*1000+FL21+GX21 -> 17150.37 | FL21: 600 | FM21: =FT21/3 -> -150.37 | FN21: 15200 | FO21: 0.6597 | FP21: =IF((FN21-FN20)*1000<=0,0,(FN21-FN20)*1000)+FL21+GX21 -> 10750.37 | FQ21: 53913 | FR21: 12.823 | FS21: =IF((FQ21-FQ20)*1000<=0,0,(FQ21-FQ20)*1000) -> 52000 | FT21: =FS21-FG21-FJ21-FP21-DT21 -> -451.11 | FU21: =FG21+FJ21+FP21+GM21 -> 36651.11 | FV21: 2183800 | FW21: 708550 | FX21: =IF((FV21-FV20)*1000<=0,0,(FV21-FV20)) -> 21300 | FY21: 2735.3 | FZ21: 1.5471 | GA21: =IF((FY21-FY20)*1000<=0,0,((FY21-FY20)*1000)-GS21) -> 4720 | GB21: 730.26 | GC21: 808.5 | GD21: =IF((GB21-GB20)*1000<=0,0,(GB21-GB20)*1000) -> 610 | GE21: 9092.4 | GF21: 2.6728 | GG21: =IF((GE21-GE20)*1000<=0,0,(GE21-GE20)*1000)-GJ21-GM21 -> 5000 | GH21: 1747.2 | GI21: 1472.2 | GJ21: =IF((GH21-GH20)<=0,0,(GH21-GH20))*1000 -> 1800 | GK21: 1399.1 | GL21: 1088.8 | GM21: =IF((GK21-GK20)<=0,0,(GK21-GK20))*1000 -> 0 | GN21: 158850 | GO21: 138980 | GP21: =IF((GN21-GN20)<=0,0,(GN21-GN20)) -> 0 | GQ21: 187100 | GR21: 189060 | GS21: =IF((GQ21-GQ20)<=0,0,(GQ21-GQ20)) -> 1080 | GU21: =DailyJan!B20-DailyJan!N20-DailyJan!V20-DailyJan!Y20-DailyJan!Z20-DailyJan!AA20-DailyJan!AB20-DailyJan!AC20-DailyJan!AD20-DailyJan!AE20-DailyJan!AK20-DailyJan!AO20-DailyJan!AS20-DailyJan!AY20-DailyJan!BD20+DailyJan!BS20-SUM(DailyJan!BM20:BQ20)-DailyJan!BR20-DailyJan!AF20-DailyJan!AG20 -> -0.039599983 | GV21: 2255.5104 | GW21: =GV21/15 -> 150.36736 | GX21: 150.37 | HA21: 2255.5104 | HC21: 10392.69 | HE21: 10392.69
A22: =A21+1 -> 16 | B22: 3251.79 | C22: =IF((B22-B21)<=0,0,(B22-B21)) -> 6.7 | D22: =IF((B22-B21)*32000<=0,0,(B22-B21)*32000) -> 214400 | E22: 654.75 | F22: =IF((E22-E21)*32000<=0,0,(E22-E21)*32000) -> 45760 | G22: =D22+F22 -> 260160 | K22: =IF(J22<=0,0,(J22/SQRT(J22^2+(I22-I21)^2))) -> 0 | L22: 9171100 | N22: =IF((L22-L21)<=0,0,(L22-L21)*10) -> 261000 | O22: 9207.5 | Q22: =IF((O22-O21)<=0,0,(O22-O21))*1000 -> 15500 | R22: =IF(Q22<=0,0,(Q22/SQRT(Q22^2+(P22-P21)^2))) -> 1 | S22: 10929008 | T22: =IF((S22-S21)<=0,0,(S22-S21)) -> 721.37 | U22: 1518125.5 | V22: =IF((U22-U21)<=0,0,(U22-U21)) -> 0 | W22: 3128.7 | X22: =Q22-T22-V22-AB22 -> 9788.63 | Z22: =IF((Y22-Y21)<=0,0,(Y22-Y21)) -> 0 | AA22: 377590 | AB22: =IF((AA22-AA21)<=0,0,(AA22-AA21)) -> 4990 | AC22: 3336.4 | AE22: =IF((AC22-AC21)<=0,0,(AC22-AC21))*1000 -> 6200 | AF22: =IF(AE22<=0,0,(AE22/SQRT(AE22^2+(AD22-AD21)^2))) -> 1 | AG22: 7262.9 | AI22: =IF((AG22-AG21)<=0,0,(AG22-AG21))*1000+GX22 -> 15142.48 | AJ22: =IF(AI22<=0,0,(AI22/SQRT(AI22^2+(AH22-AH21)^2))) -> 1 | AK22: =T22+V22+X22+AE22+AI22 -> 31852.48 | AL22: 9411.2 | AN22: =IF((AL22-AL21)<=0,0,(AL22-AL21))*1000+GX22-BL22-BN22-BP22-BR22 -> 4532.48 | AO22: =IF(AN22<=0,0,(AN22/SQRT(AN22^2+(AM22-AM21)^2))) -> 1 | AP22: 7074 | AR22: =IF((AP22-AP21)<=0,0,(AP22-AP21))*1000 -> 8000 | AS22: =IF(AR22<=0,0,(AR22/SQRT(AR22^2+(AQ22-AQ21)^2))) -> 1 | AU22: =IF((AT22-AT21)<=0,0,(AT22-AT21)) -> 0 | AW22: =IF((AV22-AV21)<=0,0,(AV22-AV21)) -> 0 | AX22: 438254 | AZ22: =IF((AX22-AX21)<=0,0,(AX22-AX21)) -> 114 | BA22: 81499.896 | BC22: =IF((BA22-BA21)<=0,0,(BA22-BA21)) -> 179.896 | BD22: =AN22+AR22+AZ22+BC22 -> 12826.376 | BE22: 1601.9 | BF22: 868.35 | BG22: =IF((BE22-BE21)<=0,0,(BE22-BE21))*1000 -> 2200 | BH22: 7720.3 | BI22: 4966 | BJ22: =IF((BH22-BH21)<=0,0,(BH22-BH21))*1000 -> 9900 | BK22: 1057300 | BL22: =IF((BK22-BK21)<=0,0,(BK22-BK21)) -> 5370 | BM22: 785.62 | BN22: =IF((BM22-BM21)<=0,0,BM22-BM21)*1000 -> 710 | BP22: =IF((BO22-BO21)<=0,0,(BO22-BO21))*1000 -> 0 | BQ22: 745.23 | BR22: =IF((BQ22-BQ21)<=0,0,(BQ22-BQ21))*1000 -> 830 | BS22: 71910.87 | BT22: =IF((BS22-BS21)<=0,0,(BS22-BS21)) -> 195.65 | BU22: 1818300 | BW22: =IF((BU22-BU21)<=0,0,(BU22-BU21)) -> 5111 | BX22: =IF(BW22<=0,0,(BW22/SQRT(BW22^2+(BV22-BV21)^2))) -> 1 | BY22: 257.29 | CA22: =IF((BY22-BY21)<=0,0,(BY22-BY21)*1000) -> 691 | CB22: =IF(CA22<=0,0,(CA22/SQRT(CA22^2+(BZ22-BZ21)^2))) -> 1 | CC22: 419990 | CD22: =IF((CC22-CC21)<=0,0,(CC22-CC21)) -> 1377.2 | CE22: 697300 | CF22: =IF((CE22-CE21)<=0,0,(CE22-CE21)) -> 0.1 | CG22: 51654 | CH22: =IF((CG22-CG21)<=0,0,(CG22-CG21)) -> 0 | CI22: 10522 | CK22: =IF((CI22-CI21)*1000<=0,0,(CI22-CI21)*1000)+GX22-CA22 -> 16571.48 | CL22: =IF(CK22<=0,0,(CK22/SQRT(CK22^2+(CJ22-CJ21)^2))) -> 1 | CM22: 2675.1 | CO22: =IF((CM22-CM21)<=0,0,(CM22-CM21))*1000+GX22 -> 8696.48 | CP22: =IF(CO22<=0,0,(CO22/SQRT(CO22^2+(CN22-CN21)^2))) -> 1 | CQ22: 2596.5 | CS22: =IF((CQ22-CQ21)<=0,0,(CQ22-CQ21))*1000+GX22 -> 6944.48 | CT22: =IF(CS22<=0,0,(CS22/SQRT(CS22^2+(CR22-CR21)^2))) -> 1 | CU22: 1909400 | CW22: =IF((CU22-CU21)<=0,0,(CU22-CU21)) -> 15592 | CX22: =IF(CW22<=0,0,(CW22/SQRT(CW22^2+(CV22-CV21)^2))) -> 1 | CY22: 997080 | DA22: =IF((CY22-CY21)<=0,0,(CY22-CY21)) -> 10364.6 | DB22: =IF(DA22<=0,0,(DA22/SQRT(DA22^2+(CZ22-CZ21)^2))) -> 1 | DE22: =IF((DC22-DC21)<=0,0,(DC22-DC21)) -> 0 | DF22: =IF(DE22<=0,0,(DE22/SQRT(DE22^2+(DD22-DD21)^2))) -> 0 | DG22: =(DE22)-DA22-CW22-CS22-CO22-CK22-BW22 -> -63280.04 | DH22: =DE22+BG22+AK22+N22 -> 295052.48 | DQ22: 2393700 | DR22: =IF((DQ22-DQ21)<=0,0,(DQ22-DQ21)) -> 12500 | DS22: 1590800 | DT22: =IF((DS22-DS21)<=0,0,(DS22-DS21)) -> 14100 | DU22: 7432.5 | DV22: 4142.4 | DW22: =IF((DU22-DU21)*1000<=0,0,(DU22-DU21)*1000) -> 4600 | DX22: 12328 | DY22: 8195.2 | DZ22: =IF((DX22-DX21)*1000<=0,0,(DX22-DX21)*1000)+GX22 -> 7142.48 | EA22: 27312 | EB22: 19.519 | EC22: =IF((EA22-EA21)*1000<=0,0,(EA22-EA21)*1000)+GX22+$EE$40 -> 25302.48 | ED22: =DW22+DZ22+EC22 -> 37044.96 | EE22: 42448 | EF22: 26.789 | EG22: =IF((EE22-EE21)*1000<=0,0,(EE22-EE21)*1000)+GX22+$EE$40 -> 4302.48 | EH22: 11844 | EI22: 1.5725 | EJ22: =IF((EH22-EH21)*1000<=0,0,(EH22-EH21)*1000)+GX22 -> 4142.48 | EK22: 713.57 | EL22: 1026.2 | EM22: =IF((EK22-EK21)<=0,0,(EK22-EK21))*1000 -> 390 | EN22: =EG22+EJ22+EM22 -> 8834.96 | EO22: 11925 | EP22: 4151.2 | EQ22: =IF((EO22-EO21)*1000<=0,0,(EO22-EO21)*1000)+GX22 -> 7142.48 | ER22: 7354.5 | ES22: 2980.4 | ET22: =IF((ER22-ER21)<=0,0,(ER22-ER21))*1000 -> 13000 | EU22: 2606.3 | EV22: 933.04 | EW22: =IF((EU22-EU21)<=0,0,(EU22-EU21))*1000+GX22 -> 4742.48 | EX22: 12057 | EY22: 1.2599 | EZ22: =IF((EX22-EX21)<=0,0,(EX22-EX21))*1000+GX22 -> 10142.48 | FA22: =FC22-EQ22-ET22-EW22-EZ22 -> -16954.44 | FB22: 33688028 | FC22: =IF((FB22-FB21)<=0,0,(FB22-FB21)) -> 18073 | FD22: =EQ22+ET22+EW22+EZ22+GJ22 -> 36127.44 | FE22: 15968 | FF22: 5736.6 | FG22: =IF((FE22-FE21)*1000<=0,0,(FE22-FE21)*1000)+FL22+GX22 -> 9342.48 | FH22: 6825.4 | FI22: 2.6258 | FJ22: =IF((FH22-FH21)<=0,0,(FH22-FH21))*1000+FL22+GX22 -> 18642.48 | FL22: 200 | FM22: =FT22/3 -> -142.48 | FN22: 15211 | FO22: 0.6611 | FP22: =IF((FN22-FN21)*1000<=0,0,(FN22-FN21)*1000)+FL22+GX22 -> 11342.48 | FQ22: 53966 | FR22: 12.838 | FS22: =IF((FQ22-FQ21)*1000<=0,0,(FQ22-FQ21)*1000) -> 53000 | FT22: =FS22-FG22-FJ22-FP22-DT22 -> -427.44 | FU22: =FG22+FJ22+FP22+GM22 -> 39327.44 | FV22: 2200400 | FW22: 713730 | FX22: =IF((FV22-FV21)*1000<=0,0,(FV22-FV21)) -> 16600 | FY22: 2740.3 | FZ22: 1.5521 | GA22: =IF((FY22-FY21)*1000<=0,0,((FY22-FY21)*1000)-GS22) -> 3960 | GB22: 730.78 | GC22: 809.21 | GD22: =IF((GB22-GB21)*1000<=0,0,(GB22-GB21)*1000) -> 520 | GE22: 9097.5 | GF22: 2.6766 | GG22: =IF((GE22-GE21)*1000<=0,0,(GE22-GE21)*1000)-GJ22-GM22 -> 4000 | GH22: 1748.3 | GI22: 1473.2 | GJ22: =IF((GH22-GH21)<=0,0,(GH22-GH21))*1000 -> 1100 | GK22: 1399.1 | GL22: 1088.8 | GM22: =IF((GK22-GK21)<=0,0,(GK22-GK21))*1000 -> 0 | GN22: 158860 | GO22: 138580 | GP22: =IF((GN22-GN21)<=0,0,(GN22-GN21)) -> 10 | GQ22: 188140 | GR22: 190050 | GS22: =IF((GQ22-GQ21)<=0,0,(GQ22-GQ21)) -> 1040 | GU22: =DailyJan!B21-DailyJan!N21-DailyJan!V21-DailyJan!Y21-DailyJan!Z21-DailyJan!AA21-DailyJan!AB21-DailyJan!AC21-DailyJan!AD21-DailyJan!AE21-DailyJan!AK21-DailyJan!AO21-DailyJan!AS21-DailyJan!AY21-DailyJan!BD21+DailyJan!BS21-SUM(DailyJan!BM21:BQ21)-DailyJan!BR21-DailyJan!AF21-DailyJan!AG21 -> 0.018399989 | GV22: 2137.2184 | GW22: =GV22/15 -> 142.48123 | GX22: 142.48 | HA22: 2137.2144 | HC22: 10698.986 | HE22: 10698.986
A23: =A22+1 -> 17 | B23: 3258.87 | C23: =IF((B23-B22)<=0,0,(B23-B22)) -> 7.08 | D23: =IF((B23-B22)*32000<=0,0,(B23-B22)*32000) -> 226560 | E23: 656.18 | F23: =IF((E23-E22)*32000<=0,0,(E23-E22)*32000) -> 45760 | G23: =D23+F23 -> 272320 | K23: =IF(J23<=0,0,(J23/SQRT(J23^2+(I23-I22)^2))) -> 0 | L23: 9198300 | N23: =IF((L23-L22)<=0,0,(L23-L22)*10) -> 272000 | O23: 9220 | Q23: =IF((O23-O22)<=0,0,(O23-O22))*1000 -> 12500 | R23: =IF(Q23<=0,0,(Q23/SQRT(Q23^2+(P23-P22)^2))) -> 1 | S23: 10929008 | T23: =IF((S23-S22)<=0,0,(S23-S22)) -> 0 | U23: 1518125.5 | V23: =IF((U23-U22)<=0,0,(U23-U22)) -> 0 | W23: 3135.6 | X23: =Q23-T23-V23-AB23 -> 7090 | Z23: =IF((Y23-Y22)<=0,0,(Y23-Y22)) -> 0 | AA23: 383000 | AB23: =IF((AA23-AA22)<=0,0,(AA23-AA22)) -> 5410 | AC23: 3343.2 | AE23: =IF((AC23-AC22)<=0,0,(AC23-AC22))*1000 -> 6800 | AF23: =IF(AE23<=0,0,(AE23/SQRT(AE23^2+(AD23-AD22)^2))) -> 1 | AG23: 7279.3 | AI23: =IF((AG23-AG22)<=0,0,(AG23-AG22))*1000+GX23 -> 16549.14 | AJ23: =IF(AI23<=0,0,(AI23/SQRT(AI23^2+(AH23-AH22)^2))) -> 1 | AK23: =T23+V23+X23+AE23+AI23 -> 30439.14 | AL23: 9423.3 | AN23: =IF((AL23-AL22)<=0,0,(AL23-AL22))*1000+GX23-BL23-BN23-BP23-BR23 -> 4979.14 | AO23: =IF(AN23<=0,0,(AN23/SQRT(AN23^2+(AM23-AM22)^2))) -> 1 | AP23: 7081.9 | AR23: =IF((AP23-AP22)<=0,0,(AP23-AP22))*1000 -> 7900 | AS23: =IF(AR23<=0,0,(AR23/SQRT(AR23^2+(AQ23-AQ22)^2))) -> 1 | AU23: =IF((AT23-AT22)<=0,0,(AT23-AT22)) -> 0 | AW23: =IF((AV23-AV22)<=0,0,(AV23-AV22)) -> 0 | AX23: 438520 | AZ23: =IF((AX23-AX22)<=0,0,(AX23-AX22)) -> 266 | BA23: 81840 | BC23: =IF((BA23-BA22)<=0,0,(BA23-BA22)) -> 340.104 | BD23: =AN23+AR23+AZ23+BC23 -> 13485.244 | BE23: 1604.1 | BF23: 869.61 | BG23: =IF((BE23-BE22)<=0,0,(BE23-BE22))*1000 -> 2200 | BH23: 7730.4 | BI23: 4972.4 | BJ23: =IF((BH23-BH22)<=0,0,(BH23-BH22))*1000 -> 10100 | BK23: 1062890 | BL23: =IF((BK23-BK22)<=0,0,(BK23-BK22)) -> 5590 | BM23: 786.33 | BN23: =IF((BM23-BM22)<=0,0,BM23-BM22)*1000 -> 710 | BP23: =IF((BO23-BO22)<=0,0,(BO23-BO22))*1000 -> 0 | BQ23: 746.2 | BR23: =IF((BQ23-BQ22)<=0,0,(BQ23-BQ22))*1000 -> 970 | BS23: 72103.99 | BT23: =IF((BS23-BS22)<=0,0,(BS23-BS22)) -> 193.12 | BU23: 1821902 | BW23: =IF((BU23-BU22)<=0,0,(BU23-BU22)) -> 3602 | BX23: =IF(BW23<=0,0,(BW23/SQRT(BW23^2+(BV23-BV22)^2))) -> 1 | BY23: 258.108 | CA23: =IF((BY23-BY22)<=0,0,(BY23-BY22)*1000) -> 818 | CB23: =IF(CA23<=0,0,(CA23/SQRT(CA23^2+(BZ23-BZ22)^2))) -> 1 | CC23: 419990 | CD23: =IF((CC23-CC22)<=0,0,(CC23-CC22)) -> 0 | CE23: 697300 | CF23: =IF((CE23-CE22)<=0,0,(CE23-CE22)) -> 0 | CG23: 51654.3 | CH23: =IF((CG23-CG22)<=0,0,(CG23-CG22)) -> 0.3 | CI23: 10538.25 | CK23: =IF((CI23-CI22)*1000<=0,0,(CI23-CI22)*1000)+GX23-CA23 -> 15581.14 | CL23: =IF(CK23<=0,0,(CK23/SQRT(CK23^2+(CJ23-CJ22)^2))) -> 1 | CM23: 2683.398 | CO23: =IF((CM23-CM22)<=0,0,(CM23-CM22))*1000+GX23 -> 8447.14 | CP23: =IF(CO23<=0,0,(CO23/SQRT(CO23^2+(CN23-CN22)^2))) -> 1 | CQ23: 2603.255 | CS23: =IF((CQ23-CQ22)<=0,0,(CQ23-CQ22))*1000+GX23 -> 6904.14 | CT23: =IF(CS23<=0,0,(CS23/SQRT(CS23^2+(CR23-CR22)^2))) -> 1 | CU23: 1925637 | CW23: =IF((CU23-CU22)<=0,0,(CU23-CU22)) -> 16237 | CX23: =IF(CW23<=0,0,(CW23/SQRT(CW23^2+(CV23-CV22)^2))) -> 1 | CY23: 1007897 | DA23: =IF((CY23-CY22)<=0,0,(CY23-CY22)) -> 10817 | DB23: =IF(DA23<=0,0,(DA23/SQRT(DA23^2+(CZ23-CZ22)^2))) -> 1 | DE23: =IF((DC23-DC22)<=0,0,(DC23-DC22)) -> 0 | DF23: =IF(DE23<=0,0,(DE23/SQRT(DE23^2+(DD23-DD22)^2))) -> 0 | DG23: =(DE23)-DA23-CW23-CS23-CO23-CK23-BW23 -> -61588.42 | DH23: =DE23+BG23+AK23+N23 -> 304639.14 | DQ23: 2406700 | DR23: =IF((DQ23-DQ22)<=0,0,(DQ23-DQ22)) -> 13000 | DS23: 1606400 | DT23: =IF((DS23-DS22)<=0,0,(DS23-DS22)) -> 15600 | DU23: 7437.7 | DV23: 4145.9 | DW23: =IF((DU23-DU22)*1000<=0,0,(DU23-DU22)*1000) -> 5200 | DX23: 12335 | DY23: 8196.9 | DZ23: =IF((DX23-DX22)*1000<=0,0,(DX23-DX22)*1000)+GX23 -> 7149.14 | EA23: 27334 | EB23: 19.531 | EC23: =IF((EA23-EA22)*1000<=0,0,(EA23-EA22)*1000)+GX23+$EE$40 -> 24309.14 | ED23: =DW23+DZ23+EC23 -> 36658.28 | EE23: 42450 | EF23: 26.79 | EG23: =IF((EE23-EE22)*1000<=0,0,(EE23-EE22)*1000)+GX23+$EE$40 -> 4309.14 | EH23: 11849 | EI23: 1.5728 | EJ23: =IF((EH23-EH22)*1000<=0,0,(EH23-EH22)*1000)+GX23 -> 5149.14 | EK23: 713.92 | EL23: 1026.5 | EM23: =IF((EK23-EK22)<=0,0,(EK23-EK22))*1000 -> 350 | EN23: =EG23+EJ23+EM23 -> 9808.28 | EO23: 11934 | EP23: 4155.2 | EQ23: =IF((EO23-EO22)*1000<=0,0,(EO23-EO22)*1000)+GX23 -> 9149.14 | ER23: 7374.2 | ES23: 2988.7 | ET23: =IF((ER23-ER22)<=0,0,(ER23-ER22))*1000 -> 19700 | EU23: 2613.3 | EV23: 935.57 | EW23: =IF((EU23-EU22)<=0,0,(EU23-EU22))*1000+GX23 -> 7149.14 | EX23: 12071 | EY23: 1.2625 | EZ23: =IF((EX23-EX22)<=0,0,(EX23-EX22))*1000+GX23 -> 14149.14 | FA23: =FC23-EQ23-ET23-EW23-EZ23 -> -25385.42 | FB23: 33712790 | FC23: =IF((FB23-FB22)<=0,0,(FB23-FB22)) -> 24762 | FD23: =EQ23+ET23+EW23+EZ23+GJ23 -> 51947.42 | FE23: 15978 | FF23: 5739.6 | FG23: =IF((FE23-FE22)*1000<=0,0,(FE23-FE22)*1000)+FL23+GX23 -> 10115.81 | FH23: 6844.9 | FI23: 2.6333 | FJ23: =IF((FH23-FH22)<=0,0,(FH23-FH22))*1000+FL23+GX23 -> 19615.81 | FL23: -33.33 | FM23: =FT23/3 -> -149.14333 | FN23: 15222 | FO23: 0.6627 | FP23: =IF((FN23-FN22)*1000<=0,0,(FN23-FN22)*1000)+FL23+GX23 -> 11115.81 | FQ23: 54022 | FR23: 12.854 | FS23: =IF((FQ23-FQ22)*1000<=0,0,(FQ23-FQ22)*1000) -> 56000 | FT23: =FS23-FG23-FJ23-FP23-DT23 -> -447.43 | FU23: =FG23+FJ23+FP23+GM23 -> 40847.43 | FV23: 2218200 | FW23: 719330 | FX23: =IF((FV23-FV22)*1000<=0,0,(FV23-FV22)) -> 17800 | FY23: 2746.1 | FZ23: 1.5574 | GA23: =IF((FY23-FY22)*1000<=0,0,((FY23-FY22)*1000)-GS23) -> 4710 | GB23: 731.37 | GC23: 809.95 | GD23: =IF((GB23-GB22)*1000<=0,0,(GB23-GB22)*1000) -> 590 | GE23: 9103.9 | GF23: 2.6816 | GG23: =IF((GE23-GE22)*1000<=0,0,(GE23-GE22)*1000)-GJ23-GM23 -> 4600 | GH23: 1750.1 | GI23: 1474.9 | GJ23: =IF((GH23-GH22)<=0,0,(GH23-GH22))*1000 -> 1800 | GK23: 1399.1 | GL23: 1088.8 | GM23: =IF((GK23-GK22)<=0,0,(GK23-GK22))*1000 -> 0 | GN23: 158860 | GO23: 138580 | GP23: =IF((GN23-GN22)<=0,0,(GN23-GN22)) -> 0 | GQ23: 189230 | GR23: 191070 | GS23: =IF((GQ23-GQ22)<=0,0,(GQ23-GQ22)) -> 1090 | GU23: =DailyJan!B22-DailyJan!N22-DailyJan!V22-DailyJan!Y22-DailyJan!Z22-DailyJan!AA22-DailyJan!AB22-DailyJan!AC22-DailyJan!AD22-DailyJan!AE22-DailyJan!AK22-DailyJan!AO22-DailyJan!AS22-DailyJan!AY22-DailyJan!BD22+DailyJan!BS22-SUM(DailyJan!BM22:BQ22)-DailyJan!BR22-DailyJan!AF22-DailyJan!AG22 -> 0.004799999 | GV23: 2237.1048 | GW23: =GV23/15 -> 149.14032 | GX23: 149.14 | HA23: 2237.1088 | HC23: 3549.4812 | HE23: 3549.4812
A24: =A23+1 -> 18 | B24: 3265.93 | C24: =IF((B24-B23)<=0,0,(B24-B23)) -> 7.06 | D24: =IF((B24-B23)*32000<=0,0,(B24-B23)*32000) -> 225920 | E24: 657.58 | F24: =IF((E24-E23)*32000<=0,0,(E24-E23)*32000) -> 44800 | G24: =D24+F24 -> 270720 | K24: =IF(J24<=0,0,(J24/SQRT(J24^2+(I24-I23)^2))) -> 0 | L24: 9225100 | N24: =IF((L24-L23)<=0,0,(L24-L23)*10) -> 268000 | O24: 9233.7 | Q24: =IF((O24-O23)<=0,0,(O24-O23))*1000 -> 13700 | R24: =IF(Q24<=0,0,(Q24/SQRT(Q24^2+(P24-P23)^2))) -> 1 | S24: 10929008 | T24: =IF((S24-S23)<=0,0,(S24-S23)) -> 0 | U24: 1518125.5 | V24: =IF((U24-U23)<=0,0,(U24-U23)) -> 0 | W24: 3142.5 | X24: =Q24-T24-V24-AB24 -> 8400 | Z24: =IF((Y24-Y23)<=0,0,(Y24-Y23)) -> 0 | AA24: 388300 | AB24: =IF((AA24-AA23)<=0,0,(AA24-AA23)) -> 5300 | AC24: 3350.1 | AE24: =IF((AC24-AC23)<=0,0,(AC24-AC23))*1000 -> 6900 | AF24: =IF(AE24<=0,0,(AE24/SQRT(AE24^2+(AD24-AD23)^2))) -> 1 | AG24: 7295.1 | AI24: =IF((AG24-AG23)<=0,0,(AG24-AG23))*1000+GX24 -> 15948.26 | AJ24: =IF(AI24<=0,0,(AI24/SQRT(AI24^2+(AH24-AH23)^2))) -> 1 | AK24: =T24+V24+X24+AE24+AI24 -> 31248.26 | AL24: 9434.8 | AN24: =IF((AL24-AL23)<=0,0,(AL24-AL23))*1000+GX24-BL24-BN24-BP24-BR24 -> 4878.26 | AO24: =IF(AN24<=0,0,(AN24/SQRT(AN24^2+(AM24-AM23)^2))) -> 1 | AP24: 7089.9 | AR24: =IF((AP24-AP23)<=0,0,(AP24-AP23))*1000 -> 8000 | AS24: =IF(AR24<=0,0,(AR24/SQRT(AR24^2+(AQ24-AQ23)^2))) -> 1 | AU24: =IF((AT24-AT23)<=0,0,(AT24-AT23)) -> 0 | AW24: =IF((AV24-AV23)<=0,0,(AV24-AV23)) -> 0 | AX24: 438610 | AZ24: =IF((AX24-AX23)<=0,0,(AX24-AX23)) -> 90 | BA24: 81940 | BC24: =IF((BA24-BA23)<=0,0,(BA24-BA23)) -> 100 | BD24: =AN24+AR24+AZ24+BC24 -> 13068.26 | BE24: 1606.1 | BF24: 870.85 | BG24: =IF((BE24-BE23)<=0,0,(BE24-BE23))*1000 -> 2000 | BH24: 7739.9 | BI24: 4978.6 | BJ24: =IF((BH24-BH23)<=0,0,(BH24-BH23))*1000 -> 9500 | BK24: 1068350 | BL24: =IF((BK24-BK23)<=0,0,(BK24-BK23)) -> 5460 | BM24: 787.04 | BN24: =IF((BM24-BM23)<=0,0,BM24-BM23)*1000 -> 710 | BP24: =IF((BO24-BO23)<=0,0,(BO24-BO23))*1000 -> 0 | BQ24: 746.8 | BR24: =IF((BQ24-BQ23)<=0,0,(BQ24-BQ23))*1000 -> 600 | BS24: 72329.21 | BT24: =IF((BS24-BS23)<=0,0,(BS24-BS23)) -> 225.22 | BU24: 1829038 | BW24: =IF((BU24-BU23)<=0,0,(BU24-BU23)) -> 7136 | BX24: =IF(BW24<=0,0,(BW24/SQRT(BW24^2+(BV24-BV23)^2))) -> 1 | BY24: 258.8348 | CA24: =IF((BY24-BY23)<=0,0,(BY24-BY23)*1000) -> 726.8 | CB24: =IF(CA24<=0,0,(CA24/SQRT(CA24^2+(BZ24-BZ23)^2))) -> 1 | CC24: 422692.1 | CD24: =IF((CC24-CC23)<=0,0,(CC24-CC23)) -> 2702.1 | CE24: 697299.9 | CF24: =IF((CE24-CE23)<=0,0,(CE24-CE23)) -> 0 | CG24: 51654.3 | CH24: =IF((CG24-CG23)<=0,0,(CG24-CG23)) -> 0 | CI24: 10555.07 | CK24: =IF((CI24-CI23)*1000<=0,0,(CI24-CI23)*1000)+GX24-CA24 -> 16241.46 | CL24: =IF(CK24<=0,0,(CK24/SQRT(CK24^2+(CJ24-CJ23)^2))) -> 1 | CM24: 2689.642 | CO24: =IF((CM24-CM23)<=0,0,(CM24-CM23))*1000+GX24 -> 6392.26 | CP24: =IF(CO24<=0,0,(CO24/SQRT(CO24^2+(CN24-CN23)^2))) -> 1 | CQ24: 2609.37 | CS24: =IF((CQ24-CQ23)<=0,0,(CQ24-CQ23))*1000+GX24 -> 6263.26 | CT24: =IF(CS24<=0,0,(CS24/SQRT(CS24^2+(CR24-CR23)^2))) -> 1 | CU24: 1940864 | CW24: =IF((CU24-CU23)<=0,0,(CU24-CU23)) -> 15227 | CX24: =IF(CW24<=0,0,(CW24/SQRT(CW24^2+(CV24-CV23)^2))) -> 1 | CY24: 1018163 | DA24: =IF((CY24-CY23)<=0,0,(CY24-CY23)) -> 10266 | DB24: =IF(DA24<=0,0,(DA24/SQRT(DA24^2+(CZ24-CZ23)^2))) -> 1 | DE24: =IF((DC24-DC23)<=0,0,(DC24-DC23)) -> 0 | DF24: =IF(DE24<=0,0,(DE24/SQRT(DE24^2+(DD24-DD23)^2))) -> 0 | DG24: =(DE24)-DA24-CW24-CS24-CO24-CK24-BW24 -> -61525.98 | DH24: =DE24+BG24+AK24+N24 -> 301248.26 | DQ24: 2419500 | DR24: =IF((DQ24-DQ23)<=0,0,(DQ24-DQ23)) -> 12800 | DS24: 1621200 | DT24: =IF((DS24-DS23)<=0,0,(DS24-DS23)) -> 14800 | DU24: 7442.7 | DV24: 4149.2 | DW24: =IF((DU24-DU23)*1000<=0,0,(DU24-DU23)*1000) -> 5000 | DX24: 12341 | DY24: 8197.6 | DZ24: =IF((DX24-DX23)*1000<=0,0,(DX24-DX23)*1000)+GX24 -> 6148.26 | EA24: 27356 | EB24: 19.543 | EC24: =IF((EA24-EA23)*1000<=0,0,(EA24-EA23)*1000)+GX24+$EE$40 -> 24308.26 | ED24: =DW24+DZ24+EC24 -> 35456.52 | EE24: 42452 | EF24: 26.79 | EG24: =IF((EE24-EE23)*1000<=0,0,(EE24-EE23)*1000)+GX24+$EE$40 -> 4308.26 | EH24: 11854 | EI24: 1.5732 | EJ24: =IF((EH24-EH23)*1000<=0,0,(EH24-EH23)*1000)+GX24 -> 5148.26 | EK24: 714.44 | EL24: 1027.1 | EM24: =IF((EK24-EK23)<=0,0,(EK24-EK23))*1000 -> 520 | EN24: =EG24+EJ24+EM24 -> 9976.52 | EO24: 11942 | EP24: 4157.8 | EQ24: =IF((EO24-EO23)*1000<=0,0,(EO24-EO23)*1000)+GX24 -> 8148.26 | ER24: 7393.1 | ES24: 2996.6 | ET24: =IF((ER24-ER23)<=0,0,(ER24-ER23))*1000 -> 18900 | EU24: 2620.1 | EV24: 938.06 | EW24: =IF((EU24-EU23)<=0,0,(EU24-EU23))*1000+GX24 -> 6948.26 | EX24: 12083 | EY24: 1.2651 | EZ24: =IF((EX24-EX23)<=0,0,(EX24-EX23))*1000+GX24 -> 12148.26 | FA24: =FC24-EQ24-ET24-EW24-EZ24 -> -22480.78 | FB24: 33736454 | FC24: =IF((FB24-FB23)<=0,0,(FB24-FB23)) -> 23664 | FD24: =EQ24+ET24+EW24+EZ24+GJ24 -> 47844.78 | FE24: 15987 | FF24: 5741.9 | FG24: =IF((FE24-FE23)*1000<=0,0,(FE24-FE23)*1000)+FL24+GX24 -> 9281.59 | FH24: 6862.7 | FI24: 2.6402 | FJ24: =IF((FH24-FH23)<=0,0,(FH24-FH23))*1000+FL24+GX24 -> 18081.59 | FL24: 133.33 | FM24: =FT24/3 -> -148.25667 | FN24: 15232 | FO24: 0.6642 | FP24: =IF((FN24-FN23)*1000<=0,0,(FN24-FN23)*1000)+FL24+GX24 -> 10281.59 | FQ24: 54074 | FR24: 12.869 | FS24: =IF((FQ24-FQ23)*1000<=0,0,(FQ24-FQ23)*1000) -> 52000 | FT24: =FS24-FG24-FJ24-FP24-DT24 -> -444.77 | FU24: =FG24+FJ24+FP24+GM24 -> 37644.77 | FV24: 2234300 | FW24: 724460 | FX24: =IF((FV24-FV23)*1000<=0,0,(FV24-FV23)) -> 16100 | FY24: 2751.2 | FZ24: 1.5624 | GA24: =IF((FY24-FY23)*1000<=0,0,((FY24-FY23)*1000)-GS24) -> 4050 | GB24: 731.95 | GC24: 810.69 | GD24: =IF((GB24-GB23)*1000<=0,0,(GB24-GB23)*1000) -> 580 | GE24: 9109.6 | GF24: 2.6861 | GG24: =IF((GE24-GE23)*1000<=0,0,(GE24-GE23)*1000)-GJ24-GM24 -> 4000 | GH24: 1751.8 | GI24: 1476.5 | GJ24: =IF((GH24-GH23)<=0,0,(GH24-GH23))*1000 -> 1700 | GK24: 1399.1 | GL24: 1088.8 | GM24: =IF((GK24-GK23)<=0,0,(GK24-GK23))*1000 -> 0 | GN24: 158860 | GO24: 138590 | GP24: =IF((GN24-GN23)<=0,0,(GN24-GN23)) -> 0 | GQ24: 190280 | GR24: 192060 | GS24: =IF((GQ24-GQ23)<=0,0,(GQ24-GQ23)) -> 1050 | GU24: =DailyJan!B23-DailyJan!N23-DailyJan!V23-DailyJan!Y23-DailyJan!Z23-DailyJan!AA23-DailyJan!AB23-DailyJan!AC23-DailyJan!AD23-DailyJan!AE23-DailyJan!AK23-DailyJan!AO23-DailyJan!AS23-DailyJan!AY23-DailyJan!BD23+DailyJan!BS23-SUM(DailyJan!BM23:BQ23)-DailyJan!BR23-DailyJan!AF23-DailyJan!AG23 -> 0.0648 | GV24: 2223.9648 | GW24: =GV24/15 -> 148.26432 | GX24: 148.26 | HA24: 2223.9648 | HC24: 16291.945 | HE24: 16291.945
A25: =A24+1 -> 19 | B25: 3273.11 | C25: =IF((B25-B24)<=0,0,(B25-B24)) -> 7.18 | D25: =IF((B25-B24)*32000<=0,0,(B25-B24)*32000) -> 229760 | E25: 659.02 | F25: =IF((E25-E24)*32000<=0,0,(E25-E24)*32000) -> 46080 | G25: =D25+F25 -> 275840 | K25: =IF(J25<=0,0,(J25/SQRT(J25^2+(I25-I24)^2))) -> 0 | L25: 9252500 | N25: =IF((L25-L24)<=0,0,(L25-L24)*10) -> 274000 | O25: 9247.2 | Q25: =IF((O25-O24)<=0,0,(O25-O24))*1000 -> 13500 | R25: =IF(Q25<=0,0,(Q25/SQRT(Q25^2+(P25-P24)^2))) -> 1 | S25: 10929008 | T25: =IF((S25-S24)<=0,0,(S25-S24)) -> 0 | U25: 1518125.5 | V25: =IF((U25-U24)<=0,0,(U25-U24)) -> 0 | W25: 3149.3 | X25: =Q25-T25-V25-AB25 -> 8400 | Z25: =IF((Y25-Y24)<=0,0,(Y25-Y24)) -> 0 | AA25: 393400 | AB25: =IF((AA25-AA24)<=0,0,(AA25-AA24)) -> 5100 | AC25: 3354.1 | AE25: =IF((AC25-AC24)<=0,0,(AC25-AC24))*1000 -> 4000 | AF25: =IF(AE25<=0,0,(AE25/SQRT(AE25^2+(AD25-AD24)^2))) -> 1 | AG25: 7304.8 | AI25: =IF((AG25-AG24)<=0,0,(AG25-AG24))*1000+GX25 -> 9851.07 | AJ25: =IF(AI25<=0,0,(AI25/SQRT(AI25^2+(AH25-AH24)^2))) -> 1 | AK25: =T25+V25+X25+AE25+AI25 -> 22251.07 | AL25: 9448.3 | AN25: =IF((AL25-AL24)<=0,0,(AL25-AL24))*1000+GX25-BL25-BN25-BP25-BR25 -> 6831.07 | AO25: =IF(AN25<=0,0,(AN25/SQRT(AN25^2+(AM25-AM24)^2))) -> 1 | AP25: 7103.7 | AR25: =IF((AP25-AP24)<=0,0,(AP25-AP24))*1000 -> 13800 | AS25: =IF(AR25<=0,0,(AR25/SQRT(AR25^2+(AQ25-AQ24)^2))) -> 1 | AU25: =IF((AT25-AT24)<=0,0,(AT25-AT24)) -> 0 | AW25: =IF((AV25-AV24)<=0,0,(AV25-AV24)) -> 0 | AX25: 439000 | AZ25: =IF((AX25-AX24)<=0,0,(AX25-AX24)) -> 390 | BA25: 82480 | BC25: =IF((BA25-BA24)<=0,0,(BA25-BA24)) -> 540 | BD25: =AN25+AR25+AZ25+BC25 -> 21561.07 | BE25: 1608.2 | BF25: 872.1 | BG25: =IF((BE25-BE24)<=0,0,(BE25-BE24))*1000 -> 2100 | BH25: 7749.2 | BI25: 4984.7 | BJ25: =IF((BH25-BH24)<=0,0,(BH25-BH24))*1000 -> 9300 | BK25: 1073870 | BL25: =IF((BK25-BK24)<=0,0,(BK25-BK24)) -> 5520 | BM25: 787.74 | BN25: =IF((BM25-BM24)<=0,0,BM25-BM24)*1000 -> 700 | BP25: =IF((BO25-BO24)<=0,0,(BO25-BO24))*1000 -> 0 | BQ25: 747.4 | BR25: =IF((BQ25-BQ24)<=0,0,(BQ25-BQ24))*1000 -> 600 | BS25: 72528.96 | BT25: =IF((BS25-BS24)<=0,0,(BS25-BS24)) -> 199.75 | BU25: 1836788 | BW25: =IF((BU25-BU24)<=0,0,(BU25-BU24)) -> 7750 | BX25: =IF(BW25<=0,0,(BW25/SQRT(BW25^2+(BV25-BV24)^2))) -> 1 | BY25: 259.5361 | CA25: =IF((BY25-BY24)<=0,0,(BY25-BY24)*1000) -> 701.3 | CB25: =IF(CA25<=0,0,(CA25/SQRT(CA25^2+(BZ25-BZ24)^2))) -> 1 | CC25: 426084.7 | CD25: =IF((CC25-CC24)<=0,0,(CC25-CC24)) -> 3392.6 | CE25: 697299.9 | CF25: =IF((CE25-CE24)<=0,0,(CE25-CE24)) -> 0 | CG25: 51654.3 | CH25: =IF((CG25-CG24)<=0,0,(CG25-CG24)) -> 0 | CI25: 10572.17 | CK25: =IF((CI25-CI24)*1000<=0,0,(CI25-CI24)*1000)+GX25-CA25 -> 16549.77 | CL25: =IF(CK25<=0,0,(CK25/SQRT(CK25^2+(CJ25-CJ24)^2))) -> 1 | CM25: 2695.528 | CO25: =IF((CM25-CM24)<=0,0,(CM25-CM24))*1000+GX25 -> 6037.07 | CP25: =IF(CO25<=0,0,(CO25/SQRT(CO25^2+(CN25-CN24)^2))) -> 1 | CQ25: 2615.37 | CS25: =IF((CQ25-CQ24)<=0,0,(CQ25-CQ24))*1000+GX25 -> 6151.07 | CT25: =IF(CS25<=0,0,(CS25/SQRT(CS25^2+(CR25-CR24)^2))) -> 1 | CU25: 1958405 | CW25: =IF((CU25-CU24)<=0,0,(CU25-CU24)) -> 17541 | CX25: =IF(CW25<=0,0,(CW25/SQRT(CW25^2+(CV25-CV24)^2))) -> 1 | CY25: 1029195 | DA25: =IF((CY25-CY24)<=0,0,(CY25-CY24)) -> 11032 | DB25: =IF(DA25<=0,0,(DA25/SQRT(DA25^2+(CZ25-CZ24)^2))) -> 1 | DE25: =IF((DC25-DC24)<=0,0,(DC25-DC24)) -> 0 | DF25: =IF(DE25<=0,0,(DE25/SQRT(DE25^2+(DD25-DD24)^2))) -> 0 | DG25: =(DE25)-DA25-CW25-CS25-CO25-CK25-BW25 -> -65060.91 | DH25: =DE25+BG25+AK25+N25 -> 298351.07 | DQ25: 2430900 | DR25: =IF((DQ25-DQ24)<=0,0,(DQ25-DQ24)) -> 11400 | DS25: 1637100 | DT25: =IF((DS25-DS24)<=0,0,(DS25-DS24)) -> 15900 | DU25: 7447.7 | DV25: 4152.5 | DW25: =IF((DU25-DU24)*1000<=0,0,(DU25-DU24)*1000) -> 5000 | DX25: 12348 | DY25: 8199.1 | DZ25: =IF((DX25-DX24)*1000<=0,0,(DX25-DX24)*1000)+GX25 -> 7151.07 | EA25: 27379 | EB25: 19.556 | EC25: =IF((EA25-EA24)*1000<=0,0,(EA25-EA24)*1000)+GX25+$EE$40 -> 25311.07 | ED25: =DW25+DZ25+EC25 -> 37462.14 | EE25: 42454 | EF25: 26.791 | EG25: =IF((EE25-EE24)*1000<=0,0,(EE25-EE24)*1000)+GX25+$EE$40 -> 4311.07 | EH25: 11859 | EI25: 1.5734 | EJ25: =IF((EH25-EH24)*1000<=0,0,(EH25-EH24)*1000)+GX25 -> 5151.07 | EK25: 715.01 | EL25: 1027.8 | EM25: =IF((EK25-EK24)<=0,0,(EK25-EK24))*1000 -> 570 | EN25: =EG25+EJ25+EM25 -> 10032.14 | EO25: 11951 | EP25: 4160.8 | EQ25: =IF((EO25-EO24)*1000<=0,0,(EO25-EO24)*1000)+GX25 -> 9151.07 | ER25: 7413.2 | ES25: 3005.1 | ET25: =IF((ER25-ER24)<=0,0,(ER25-ER24))*1000 -> 20100 | EU25: 2627.6 | EV25: 940.78 | EW25: =IF((EU25-EU24)<=0,0,(EU25-EU24))*1000+GX25 -> 7651.07 | EX25: 12096 | EY25: 1.2651 | EZ25: =IF((EX25-EX24)<=0,0,(EX25-EX24))*1000+GX25 -> 13151.07 | FA25: =FC25-EQ25-ET25-EW25-EZ25 -> -25249.21 | FB25: 33761258 | FC25: =IF((FB25-FB24)<=0,0,(FB25-FB24)) -> 24804 | FD25: =EQ25+ET25+EW25+EZ25+GJ25 -> 51953.21 | FE25: 15996 | FF25: 5744.9 | FG25: =IF((FE25-FE24)*1000<=0,0,(FE25-FE24)*1000)+FL25+GX25 -> 9551.07 | FH25: 6882.6 | FI25: 2.648 | FJ25: =IF((FH25-FH24)<=0,0,(FH25-FH24))*1000+FL25+GX25 -> 20451.07 | FL25: 400 | FM25: =FT25/3 -> -151.07 | FN25: 15244 | FO25: 0.648 | FP25: =IF((FN25-FN24)*1000<=0,0,(FN25-FN24)*1000)+FL25+GX25 -> 12551.07 | FQ25: 54132 | FR25: 12.886 | FS25: =IF((FQ25-FQ24)*1000<=0,0,(FQ25-FQ24)*1000) -> 58000 | FT25: =FS25-FG25-FJ25-FP25-DT25 -> -453.21 | FU25: =FG25+FJ25+FP25+GM25 -> 42553.21 | FV25: 2251200 | FW25: 729920 | FX25: =IF((FV25-FV24)*1000<=0,0,(FV25-FV24)) -> 16900 | FY25: 2756.6 | FZ25: 1.5675 | GA25: =IF((FY25-FY24)*1000<=0,0,((FY25-FY24)*1000)-GS25) -> 4320 | GB25: 732.52 | GC25: 811.43 | GD25: =IF((GB25-GB24)*1000<=0,0,(GB25-GB24)*1000) -> 570 | GE25: 9115.8 | GF25: 2.6911 | GG25: =IF((GE25-GE24)*1000<=0,0,(GE25-GE24)*1000)-GJ25-GM25 -> 4300 | GH25: 1753.7 | GI25: 1478.2 | GJ25: =IF((GH25-GH24)<=0,0,(GH25-GH24))*1000 -> 1900 | GK25: 1399.1 | GL25: 1088.8 | GM25: =IF((GK25-GK24)<=0,0,(GK25-GK24))*1000 -> 0 | GN25: 158860 | GO25: 138590 | GP25: =IF((GN25-GN24)<=0,0,(GN25-GN24)) -> 0 | GQ25: 191360 | GR25: 193080 | GS25: =IF((GQ25-GQ24)<=0,0,(GQ25-GQ24)) -> 1080 | GU25: =DailyJan!B24-DailyJan!N24-DailyJan!V24-DailyJan!Y24-DailyJan!Z24-DailyJan!AA24-DailyJan!AB24-DailyJan!AC24-DailyJan!AD24-DailyJan!AE24-DailyJan!AK24-DailyJan!AO24-DailyJan!AS24-DailyJan!AY24-DailyJan!BD24+DailyJan!BS24-SUM(DailyJan!BM24:BQ24)-DailyJan!BR24-DailyJan!AF24-DailyJan!AG24 -> -0.024399992 | GV25: 2266.0256 | GW25: =GV25/15 -> 151.06837 | GX25: 151.07 | HA25: 2266.0256 | HC25: 5402.3744 | HE25: 5402.3744
A26: =A25+1 -> 20 | B26: 3279.74 | C26: =IF((B26-B25)<=0,0,(B26-B25)) -> 6.63 | D26: =IF((B26-B25)*32000<=0,0,(B26-B25)*32000) -> 212160 | E26: 660.5 | F26: =IF((E26-E25)*32000<=0,0,(E26-E25)*32000) -> 47360 | G26: =D26+F26 -> 259520 | K26: =IF(J26<=0,0,(J26/SQRT(J26^2+(I26-I25)^2))) -> 0 | L26: 9277700 | N26: =IF((L26-L25)<=0,0,(L26-L25)*10) -> 252000 | O26: 9260.3 | Q26: =IF((O26-O25)<=0,0,(O26-O25))*1000 -> 13100 | R26: =IF(Q26<=0,0,(Q26/SQRT(Q26^2+(P26-P25)^2))) -> 1 | S26: 10929008 | T26: =IF((S26-S25)<=0,0,(S26-S25)) -> 0 | U26: 1518125.5 | V26: =IF((U26-U25)<=0,0,(U26-U25)) -> 0 | W26: 3156 | X26: =Q26-T26-V26-AB26 -> 8200 | Z26: =IF((Y26-Y25)<=0,0,(Y26-Y25)) -> 0 | AA26: 398300 | AB26: =IF((AA26-AA25)<=0,0,(AA26-AA25)) -> 4900 | AC26: 3359 | AE26: =IF((AC26-AC25)<=0,0,(AC26-AC25))*1000 -> 4900 | AF26: =IF(AE26<=0,0,(AE26/SQRT(AE26^2+(AD26-AD25)^2))) -> 1 | AG26: 7316.4 | AI26: =IF((AG26-AG25)<=0,0,(AG26-AG25))*1000+GX26 -> 11742.13 | AJ26: =IF(AI26<=0,0,(AI26/SQRT(AI26^2+(AH26-AH25)^2))) -> 1 | AK26: =T26+V26+X26+AE26+AI26 -> 24842.13 | AL26: 9461.4 | AN26: =IF((AL26-AL25)<=0,0,(AL26-AL25))*1000+GX26-BL26-BN26-BP26-BR26 -> 6982.13 | AO26: =IF(AN26<=0,0,(AN26/SQRT(AN26^2+(AM26-AM25)^2))) -> 1 | AP26: 7117.9 | AR26: =IF((AP26-AP25)<=0,0,(AP26-AP25))*1000 -> 14200 | AS26: =IF(AR26<=0,0,(AR26/SQRT(AR26^2+(AQ26-AQ25)^2))) -> 1 | AU26: =IF((AT26-AT25)<=0,0,(AT26-AT25)) -> 0 | AW26: =IF((AV26-AV25)<=0,0,(AV26-AV25)) -> 0 | AX26: 439410 | AZ26: =IF((AX26-AX25)<=0,0,(AX26-AX25)) -> 410 | BA26: 83070 | BC26: =IF((BA26-BA25)<=0,0,(BA26-BA25)) -> 590 | BD26: =AN26+AR26+AZ26+BC26 -> 22182.13 | BE26: 1610.5 | BF26: 873.48 | BG26: =IF((BE26-BE25)<=0,0,(BE26-BE25))*1000 -> 2300 | BH26: 7758.7 | BI26: 4991 | BJ26: =IF((BH26-BH25)<=0,0,(BH26-BH25))*1000 -> 9500 | BK26: 1079250 | BL26: =IF((BK26-BK25)<=0,0,(BK26-BK25)) -> 5380 | BM26: 788.42 | BN26: =IF((BM26-BM25)<=0,0,BM26-BM25)*1000 -> 680 | BP26: =IF((BO26-BO25)<=0,0,(BO26-BO25))*1000 -> 0 | BQ26: 747.6 | BR26: =IF((BQ26-BQ25)<=0,0,(BQ26-BQ25))*1000 -> 200 | BS26: 72737.17 | BT26: =IF((BS26-BS25)<=0,0,(BS26-BS25)) -> 208.21 | BU26: 1844553 | BW26: =IF((BU26-BU25)<=0,0,(BU26-BU25)) -> 7765 | BX26: =IF(BW26<=0,0,(BW26/SQRT(BW26^2+(BV26-BV25)^2))) -> 1 | BY26: 260.239 | CA26: =IF((BY26-BY25)<=0,0,(BY26-BY25)*1000) -> 702.9 | CB26: =IF(CA26<=0,0,(CA26/SQRT(CA26^2+(BZ26-BZ25)^2))) -> 1 | CC26: 429405.8 | CD26: =IF((CC26-CC25)<=0,0,(CC26-CC25)) -> 3321.1 | CE26: 697299.9 | CF26: =IF((CE26-CE25)<=0,0,(CE26-CE25)) -> 0 | CG26: 51654.3 | CH26: =IF((CG26-CG25)<=0,0,(CG26-CG25)) -> 0 | CI26: 10588.54 | CK26: =IF((CI26-CI25)*1000<=0,0,(CI26-CI25)*1000)+GX26-CA26 -> 15809.23 | CL26: =IF(CK26<=0,0,(CK26/SQRT(CK26^2+(CJ26-CJ25)^2))) -> 1 | CM26: 2701.366 | CO26: =IF((CM26-CM25)<=0,0,(CM26-CM25))*1000+GX26 -> 5980.13 | CP26: =IF(CO26<=0,0,(CO26/SQRT(CO26^2+(CN26-CN25)^2))) -> 1 | CQ26: 2621.162 | CS26: =IF((CQ26-CQ25)<=0,0,(CQ26-CQ25))*1000+GX26 -> 5934.13 | CT26: =IF(CS26<=0,0,(CS26/SQRT(CS26^2+(CR26-CR25)^2))) -> 1 | CU26: 1972855 | CW26: =IF((CU26-CU25)<=0,0,(CU26-CU25)) -> 14450 | CX26: =IF(CW26<=0,0,(CW26/SQRT(CW26^2+(CV26-CV25)^2))) -> 1 | CY26: 1039625 | DA26: =IF((CY26-CY25)<=0,0,(CY26-CY25)) -> 10430 | DB26: =IF(DA26<=0,0,(DA26/SQRT(DA26^2+(CZ26-CZ25)^2))) -> 1 | DE26: =IF((DC26-DC25)<=0,0,(DC26-DC25)) -> 0 | DF26: =IF(DE26<=0,0,(DE26/SQRT(DE26^2+(DD26-DD25)^2))) -> 0 | DG26: =(DE26)-DA26-CW26-CS26-CO26-CK26-BW26 -> -60368.49 | DH26: =DE26+BG26+AK26+N26 -> 279142.13 | DQ26: 2440000 | DR26: =IF((DQ26-DQ25)<=0,0,(DQ26-DQ25)) -> 9100 | DS26: 1650200 | DT26: =IF((DS26-DS25)<=0,0,(DS26-DS25)) -> 13100 | DU26: 7452.8 | DV26: 4155.7 | DW26: =IF((DU26-DU25)*1000<=0,0,(DU26-DU25)*1000) -> 5100 | DX26: 12355 | DY26: 8201.1 | DZ26: =IF((DX26-DX25)*1000<=0,0,(DX26-DX25)*1000)+GX26 -> 7142.13 | EA26: 27402 | EB26: 19.568 | EC26: =IF((EA26-EA25)*1000<=0,0,(EA26-EA25)*1000)+GX26+$EE$40 -> 25302.13 | ED26: =DW26+DZ26+EC26 -> 37544.26 | EE26: 42455 | EF26: 26.791 | EG26: =IF((EE26-EE25)*1000<=0,0,(EE26-EE25)*1000)+GX26+$EE$40 -> 3302.13 | EH26: 11864 | EI26: 1.5738 | EJ26: =IF((EH26-EH25)*1000<=0,0,(EH26-EH25)*1000)+GX26 -> 5142.13 | EK26: 715.44 | EL26: 1028.2 | EM26: =IF((EK26-EK25)<=0,0,(EK26-EK25))*1000 -> 430 | EN26: =EG26+EJ26+EM26 -> 8874.26 | EO26: 11959 | EP26: 4163.8 | EQ26: =IF((EO26-EO25)*1000<=0,0,(EO26-EO25)*1000)+GX26 -> 8142.13 | ER26: 7433 | ES26: 3013.5 | ET26: =IF((ER26-ER25)<=0,0,(ER26-ER25))*1000 -> 19800 | EU26: 2634.8 | EV26: 943.46 | EW26: =IF((EU26-EU25)<=0,0,(EU26-EU25))*1000+GX26 -> 7342.13 | EX26: 12106 | EY26: 1.2651 | EZ26: =IF((EX26-EX25)<=0,0,(EX26-EX25))*1000+GX26 -> 10142.13 | FA26: =FC26-EQ26-ET26-EW26-EZ26 -> -23097.39 | FB26: 33783587 | FC26: =IF((FB26-FB25)<=0,0,(FB26-FB25)) -> 22329 | FD26: =EQ26+ET26+EW26+EZ26+GJ26 -> 47326.39 | FE26: 16004 | FF26: 5747.2 | FG26: =IF((FE26-FE25)*1000<=0,0,(FE26-FE25)*1000)+FL26+GX26 -> 9075.46 | FH26: 6897.7 | FI26: 2.654 | FJ26: =IF((FH26-FH25)<=0,0,(FH26-FH25))*1000+FL26+GX26 -> 16175.46 | FL26: 933.33 | FM26: =FT26/3 -> -142.12667 | FN26: 15253 | FO26: 0.6673 | FP26: =IF((FN26-FN25)*1000<=0,0,(FN26-FN25)*1000)+FL26+GX26 -> 10075.46 | FQ26: 54180 | FR26: 12.9 | FS26: =IF((FQ26-FQ25)*1000<=0,0,(FQ26-FQ25)*1000) -> 48000 | FT26: =FS26-FG26-FJ26-FP26-DT26 -> -426.38 | FU26: =FG26+FJ26+FP26+GM26 -> 35326.38 | FV26: 2266900 | FW26: 734740 | FX26: =IF((FV26-FV25)*1000<=0,0,(FV26-FV25)) -> 15700 | FY26: 2761.7 | FZ26: 1.5723 | GA26: =IF((FY26-FY25)*1000<=0,0,((FY26-FY25)*1000)-GS26) -> 4110 | GB26: 733.08 | GC26: 812.15 | GD26: =IF((GB26-GB25)*1000<=0,0,(GB26-GB25)*1000) -> 560 | GE26: 9121.4 | GF26: 2.6956 | GG26: =IF((GE26-GE25)*1000<=0,0,(GE26-GE25)*1000)-GJ26-GM26 -> 3700 | GH26: 1755.6 | GI26: 1480.1 | GJ26: =IF((GH26-GH25)<=0,0,(GH26-GH25))*1000 -> 1900 | GK26: 1399.1 | GL26: 1088.9 | GM26: =IF((GK26-GK25)<=0,0,(GK26-GK25))*1000 -> 0 | GN26: 158870 | GO26: 138590 | GP26: =IF((GN26-GN25)<=0,0,(GN26-GN25)) -> 10 | GQ26: 192350 | GR26: 194080 | GS26: =IF((GQ26-GQ25)<=0,0,(GQ26-GQ25)) -> 990 | GU26: =DailyJan!B25-DailyJan!N25-DailyJan!V25-DailyJan!Y25-DailyJan!Z25-DailyJan!AA25-DailyJan!AB25-DailyJan!AC25-DailyJan!AD25-DailyJan!AE25-DailyJan!AK25-DailyJan!AO25-DailyJan!AS25-DailyJan!AY25-DailyJan!BD25+DailyJan!BS25-SUM(DailyJan!BM25:BQ25)-DailyJan!BR25-DailyJan!AF25-DailyJan!AG25 -> 0.0067999897 | GV26: 2131.9568 | GW26: =GV26/15 -> 142.13045 | GX26: 142.13 | HA26: 2131.9568 | HC26: 12126.953 | HE26: 12126.953
A27: =A26+1 -> 21 | B27: 3286.99 | C27: =IF((B27-B26)<=0,0,(B27-B26)) -> 7.25 | D27: =IF((B27-B26)*32000<=0,0,(B27-B26)*32000) -> 232000 | E27: 661.97 | F27: =IF((E27-E26)*32000<=0,0,(E27-E26)*32000) -> 47040 | G27: =D27+F27 -> 279040 | K27: =IF(J27<=0,0,(J27/SQRT(J27^2+(I27-I26)^2))) -> 0 | L27: 9306000 | N27: =IF((L27-L26)<=0,0,(L27-L26)*10) -> 283000 | O27: 9278.3 | Q27: =IF((O27-O26)<=0,0,(O27-O26))*1000 -> 18000 | R27: =IF(Q27<=0,0,(Q27/SQRT(Q27^2+(P27-P26)^2))) -> 1 | S27: 10937282 | T27: =IF((S27-S26)<=0,0,(S27-S26)) -> 8274.44 | U27: 1518125.5 | V27: =IF((U27-U26)<=0,0,(U27-U26)) -> 0 | W27: 3163.1 | X27: =Q27-T27-V27-AB27 -> 8625.56 | Z27: =IF((Y27-Y26)<=0,0,(Y27-Y26)) -> 0 | AA27: 399400 | AB27: =IF((AA27-AA26)<=0,0,(AA27-AA26)) -> 1100 | AC27: 3364.5 | AE27: =IF((AC27-AC26)<=0,0,(AC27-AC26))*1000 -> 5500 | AF27: =IF(AE27<=0,0,(AE27/SQRT(AE27^2+(AD27-AD26)^2))) -> 1 | AG27: 7329.8 | AI27: =IF((AG27-AG26)<=0,0,(AG27-AG26))*1000+GX27 -> 13552.82 | AJ27: =IF(AI27<=0,0,(AI27/SQRT(AI27^2+(AH27-AH26)^2))) -> 1 | AK27: =T27+V27+X27+AE27+AI27 -> 35952.82 | AL27: 9476.4 | AN27: =IF((AL27-AL26)<=0,0,(AL27-AL26))*1000+GX27-BL27-BN27-BP27-BR27 -> 7572.82 | AO27: =IF(AN27<=0,0,(AN27/SQRT(AN27^2+(AM27-AM26)^2))) -> 1 | AP27: 7132.7 | AR27: =IF((AP27-AP26)<=0,0,(AP27-AP26))*1000 -> 14800 | AS27: =IF(AR27<=0,0,(AR27/SQRT(AR27^2+(AQ27-AQ26)^2))) -> 1 | AU27: =IF((AT27-AT26)<=0,0,(AT27-AT26)) -> 0 | AW27: =IF((AV27-AV26)<=0,0,(AV27-AV26)) -> 0 | AX27: 439940 | AZ27: =IF((AX27-AX26)<=0,0,(AX27-AX26)) -> 530 | BA27: 83800 | BC27: =IF((BA27-BA26)<=0,0,(BA27-BA26)) -> 730 | BD27: =AN27+AR27+AZ27+BC27 -> 23632.82 | BE27: 1612.7 | BF27: 874.88 | BG27: =IF((BE27-BE26)<=0,0,(BE27-BE26))*1000 -> 2200 | BH27: 7768.3 | BI27: 4997.3 | BJ27: =IF((BH27-BH26)<=0,0,(BH27-BH26))*1000 -> 9600 | BK27: 1085300 | BL27: =IF((BK27-BK26)<=0,0,(BK27-BK26)) -> 6050 | BM27: 789.15 | BN27: =IF((BM27-BM26)<=0,0,BM27-BM26)*1000 -> 730 | BP27: =IF((BO27-BO26)<=0,0,(BO27-BO26))*1000 -> 0 | BQ27: 748.4 | BR27: =IF((BQ27-BQ26)<=0,0,(BQ27-BQ26))*1000 -> 800 | BS27: 72935.03 | BT27: =IF((BS27-BS26)<=0,0,(BS27-BS26)) -> 197.86 | BU27: 1852868 | BW27: =IF((BU27-BU26)<=0,0,(BU27-BU26)) -> 8315 | BX27: =IF(BW27<=0,0,(BW27/SQRT(BW27^2+(BV27-BV26)^2))) -> 1 | BY27: 260.9826 | CA27: =IF((BY27-BY26)<=0,0,(BY27-BY26)*1000) -> 743.6 | CB27: =IF(CA27<=0,0,(CA27/SQRT(CA27^2+(BZ27-BZ26)^2))) -> 1 | CC27: 433016 | CD27: =IF((CC27-CC26)<=0,0,(CC27-CC26)) -> 3610.2 | CE27: 697299.9 | CF27: =IF((CE27-CE26)<=0,0,(CE27-CE26)) -> 0 | CG27: 51654.3 | CH27: =IF((CG27-CG26)<=0,0,(CG27-CG26)) -> 0 | CI27: 10606.19 | CK27: =IF((CI27-CI26)*1000<=0,0,(CI27-CI26)*1000)+GX27-CA27 -> 17059.22 | CL27: =IF(CK27<=0,0,(CK27/SQRT(CK27^2+(CJ27-CJ26)^2))) -> 1 | CM27: 2707.629 | CO27: =IF((CM27-CM26)<=0,0,(CM27-CM26))*1000+GX27 -> 6415.82 | CP27: =IF(CO27<=0,0,(CO27/SQRT(CO27^2+(CN27-CN26)^2))) -> 1 | CQ27: 2627.545 | CS27: =IF((CQ27-CQ26)<=0,0,(CQ27-CQ26))*1000+GX27 -> 6535.82 | CT27: =IF(CS27<=0,0,(CS27/SQRT(CS27^2+(CR27-CR26)^2))) -> 1 | CU27: 1987674 | CW27: =IF((CU27-CU26)<=0,0,(CU27-CU26)) -> 14819 | CX27: =IF(CW27<=0,0,(CW27/SQRT(CW27^2+(CV27-CV26)^2))) -> 1 | CY27: 1049942 | DA27: =IF((CY27-CY26)<=0,0,(CY27-CY26))/1 -> 10317 | DB27: =IF(DA27<=0,0,(DA27/SQRT(DA27^2+(CZ27-CZ26)^2))) -> 1 | DE27: =IF((DC27-DC26)<=0,0,(DC27-DC26)) -> 0 | DF27: =IF(DE27<=0,0,(DE27/SQRT(DE27^2+(DD27-DD26)^2))) -> 0 | DG27: =(DE27)-DA27-CW27-CS27-CO27-CK27-BW27 -> -63461.86 | DH27: =DE27+BG27+AK27+N27 -> 321152.82 | DQ27: 2452600 | DR27: =IF((DQ27-DQ26)<=0,0,(DQ27-DQ26)) -> 12600 | DS27: 1665900 | DT27: =IF((DS27-DS26)<=0,0,(DS27-DS26)) -> 15700 | DU27: 7457.6 | DV27: 4158.7 | DW27: =IF((DU27-DU26)*1000<=0,0,(DU27-DU26)*1000) -> 4800 | DX27: 12362 | DY27: 8202.8 | DZ27: =IF((DX27-DX26)*1000<=0,0,(DX27-DX26)*1000)+GX27 -> 7152.82 | EA27: 27425 | EB27: 19.581 | EC27: =IF((EA27-EA26)*1000<=0,0,(EA27-EA26)*1000)+GX27+$EE$40 -> 25312.82 | ED27: =DW27+DZ27+EC27 -> 37265.64 | EE27: 42457 | EF27: 26.791 | EG27: =IF((EE27-EE26)*1000<=0,0,(EE27-EE26)*1000)+GX27+$EE$40 -> 4312.82 | EH27: 11870 | EI27: 1.5745 | EJ27: =IF((EH27-EH26)*1000<=0,0,(EH27-EH26)*1000)+GX27 -> 6152.82 | EK27: 715.81 | EL27: 1028.5 | EM27: =IF((EK27-EK26)<=0,0,(EK27-EK26))*1000 -> 370 | EN27: =EG27+EJ27+EM27 -> 10835.64 | EO27: 11967 | EP27: 4166.6 | EQ27: =IF((EO27-EO26)*1000<=0,0,(EO27-EO26)*1000)+GX27 -> 8152.82 | ER27: 7451.3 | ES27: 3021.1 | ET27: =IF((ER27-ER26)<=0,0,(ER27-ER26))*1000 -> 18300 | EU27: 2641.5 | EV27: 943.46 | EW27: =IF((EU27-EU26)<=0,0,(EU27-EU26))*1000+GX27 -> 6852.82 | EX27: 12117 | EY27: 1.271 | EZ27: =IF((EX27-EX26)<=0,0,(EX27-EX26))*1000+GX27 -> 11152.82 | FA27: =FC27-EQ27-ET27-EW27-EZ27 -> -20787.46 | FB27: 33807258 | FC27: =IF((FB27-FB26)<=0,0,(FB27-FB26)) -> 23671 | FD27: =EQ27+ET27+EW27+EZ27+GJ27 -> 46258.46 | FE27: 16013 | FF27: 5749.2 | FG27: =IF((FE27-FE26)*1000<=0,0,(FE27-FE26)*1000)+FL27+GX27 -> 8486.15 | FH27: 6913 | FI27: 2.6599 | FJ27: =IF((FH27-FH26)<=0,0,(FH27-FH26))*1000+FL27+GX27 -> 14786.15 | FL27: -666.67 | FM27: =FT27/3 -> -152.81667 | FN27: 15264 | FO27: 0.669 | FP27: =IF((FN27-FN26)*1000<=0,0,(FN27-FN26)*1000)+FL27+GX27 -> 10486.15 | FQ27: 54229 | FR27: 12.914 | FS27: =IF((FQ27-FQ26)*1000<=0,0,(FQ27-FQ26)*1000) -> 49000 | FT27: =FS27-FG27-FJ27-FP27-DT27 -> -458.45 | FU27: =FG27+FJ27+FP27+GM27 -> 33758.45 | FV27: 2282000 | FW27: 739510 | FX27: =IF((FV27-FV26)*1000<=0,0,(FV27-FV26)) -> 15100 | FY27: 2766.5 | FZ27: 1.5769 | GA27: =IF((FY27-FY26)*1000<=0,0,((FY27-FY26)*1000)-GS27) -> 3780 | GB27: 733.61 | GC27: 812.85 | GD27: =IF((GB27-GB26)*1000<=0,0,(GB27-GB26)*1000) -> 530 | GE27: 9126.9 | GF27: 2.7 | GG27: =IF((GE27-GE26)*1000<=0,0,(GE27-GE26)*1000)-GJ27-GM27 -> 3700 | GH27: 1757.4 | GI27: 1481.8 | GJ27: =IF((GH27-GH26)<=0,0,(GH27-GH26))*1000 -> 1800 | GK27: 1399.1 | GL27: 1088.9 | GM27: =IF((GK27-GK26)<=0,0,(GK27-GK26))*1000 -> 0 | GN27: 158870 | GO27: 138600 | GP27: =IF((GN27-GN26)<=0,0,(GN27-GN26)) -> 0 | GQ27: 193370 | GR27: 195000 | GS27: =IF((GQ27-GQ26)<=0,0,(GQ27-GQ26)) -> 1020 | GU27: =DailyJan!B26-DailyJan!N26-DailyJan!V26-DailyJan!Y26-DailyJan!Z26-DailyJan!AA26-DailyJan!AB26-DailyJan!AC26-DailyJan!AD26-DailyJan!AE26-DailyJan!AK26-DailyJan!AO26-DailyJan!AS26-DailyJan!AY26-DailyJan!BD26+DailyJan!BS26-SUM(DailyJan!BM26:BQ26)-DailyJan!BR26-DailyJan!AF26-DailyJan!AG26 -> 0.013599999 | GV27: 2292.3136 | GW27: =GV27/15 -> 152.82091 | GX27: 152.82 | HA27: 2292.3136 | HC27: 14455.496 | HE27: 14455.496
A28: =A27+1 -> 22 | B28: 3294.2 | C28: =IF((B28-B27)<=0,0,(B28-B27)) -> 7.21 | D28: =IF((B28-B27)*32000<=0,0,(B28-B27)*32000) -> 230720 | E28: 663.36 | F28: =IF((E28-E27)*32000<=0,0,(E28-E27)*32000) -> 44480 | G28: =D28+F28 -> 275200 | K28: =IF(J28<=0,0,(J28/SQRT(J28^2+(I28-I27)^2))) -> 0 | L28: 9332700 | N28: =IF((L28-L27)<=0,0,(L28-L27)*10) -> 267000 | O28: 9290.6 | Q28: =IF((O28-O27)<=0,0,(O28-O27))*1000 -> 12300 | R28: =IF(Q28<=0,0,(Q28/SQRT(Q28^2+(P28-P27)^2))) -> 1 | S28: 10938012 | T28: =IF((S28-S27)<=0,0,(S28-S27)) -> 730.49 | U28: 1518125.5 | V28: =IF((U28-U27)<=0,0,(U28-U27)) -> 0 | W28: 3169.4 | X28: =Q28-T28-V28-AB28 -> 7869.51 | Z28: =IF((Y28-Y27)<=0,0,(Y28-Y27)) -> 0 | AA28: 403100 | AB28: =IF((AA28-AA27)<=0,0,(AA28-AA27)) -> 3700 | AC28: 3368.6 | AE28: =IF((AC28-AC27)<=0,0,(AC28-AC27))*1000 -> 4100 | AF28: =IF(AE28<=0,0,(AE28/SQRT(AE28^2+(AD28-AD27)^2))) -> 1 | AG28: 7338.7 | AI28: =IF((AG28-AG27)<=0,0,(AG28-AG27))*1000+GX28 -> 9050.72 | AJ28: =IF(AI28<=0,0,(AI28/SQRT(AI28^2+(AH28-AH27)^2))) -> 1 | AK28: =T28+V28+X28+AE28+AI28 -> 21750.72 | AL28: 9488.9 | AN28: =IF((AL28-AL27)<=0,0,(AL28-AL27))*1000+GX28-BL28-BN28-BP28-BR28 -> 6730.72 | AO28: =IF(AN28<=0,0,(AN28/SQRT(AN28^2+(AM28-AM27)^2))) -> 1 | AP28: 7145.2 | AR28: =IF((AP28-AP27)<=0,0,(AP28-AP27))*1000 -> 12500 | AS28: =IF(AR28<=0,0,(AR28/SQRT(AR28^2+(AQ28-AQ27)^2))) -> 1 | AU28: =IF((AT28-AT27)<=0,0,(AT28-AT27)) -> 0 | AW28: =IF((AV28-AV27)<=0,0,(AV28-AV27)) -> 0 | AX28: 440350 | AZ28: =IF((AX28-AX27)<=0,0,(AX28-AX27)) -> 410 | BA28: 84370 | BC28: =IF((BA28-BA27)<=0,0,(BA28-BA27)) -> 570 | BD28: =AN28+AR28+AZ28+BC28 -> 20210.72 | BE28: 1615.1 | BF28: 876.38 | BG28: =IF((BE28-BE27)<=0,0,(BE28-BE27))*1000 -> 2400 | BH28: 7777.7 | BI28: 5003.4 | BJ28: =IF((BH28-BH27)<=0,0,(BH28-BH27))*1000 -> 9400 | BK28: 1089840 | BL28: =IF((BK28-BK27)<=0,0,(BK28-BK27)) -> 4540 | BM28: 789.83 | BN28: =IF((BM28-BM27)<=0,0,BM28-BM27)*1000 -> 680 | BP28: =IF((BO28-BO27)<=0,0,(BO28-BO27))*1000 -> 0 | BQ28: 749.1 | BR28: =IF((BQ28-BQ27)<=0,0,(BQ28-BQ27))*1000 -> 700 | BS28: 73113.08 | BT28: =IF((BS28-BS27)<=0,0,(BS28-BS27)) -> 178.05 | BU28: 1860894 | BW28: =IF((BU28-BU27)<=0,0,(BU28-BU27)) -> 8026 | BX28: =IF(BW28<=0,0,(BW28/SQRT(BW28^2+(BV28-BV27)^2))) -> 1 | BY28: 261.7235 | CA28: =IF((BY28-BY27)<=0,0,(BY28-BY27)*1000) -> 740.9 | CB28: =IF(CA28<=0,0,(CA28/SQRT(CA28^2+(BZ28-BZ27)^2))) -> 1 | CC28: 436282.5 | CD28: =IF((CC28-CC27)<=0,0,(CC28-CC27)) -> 3266.5 | CE28: 697299.9 | CF28: =IF((CE28-CE27)<=0,0,(CE28-CE27)) -> 0 | CG28: 51945.6 | CH28: =IF((CG28-CG27)<=0,0,(CG28-CG27)) -> 291.3 | CI28: 10622.64 | CK28: =IF((CI28-CI27)*1000<=0,0,(CI28-CI27)*1000)+GX28-CA28 -> 15859.82 | CL28: =IF(CK28<=0,0,(CK28/SQRT(CK28^2+(CJ28-CJ27)^2))) -> 1 | CM28: 2713.357 | CO28: =IF((CM28-CM27)<=0,0,(CM28-CM27))*1000+GX28 -> 5878.72 | CP28: =IF(CO28<=0,0,(CO28/SQRT(CO28^2+(CN28-CN27)^2))) -> 1 | CQ28: 2633.323 | CS28: =IF((CQ28-CQ27)<=0,0,(CQ28-CQ27))*1000+GX28 -> 5928.72 | CT28: =IF(CS28<=0,0,(CS28/SQRT(CS28^2+(CR28-CR27)^2))) -> 1 | CU28: 2005446 | CW28: =IF((CU28-CU27)<=0,0,(CU28-CU27)) -> 17772 | CX28: =IF(CW28<=0,0,(CW28/SQRT(CW28^2+(CV28-CV27)^2))) -> 1 | CY28: 1060740 | DA28: =IF((CY28-CY27)<=0,0,(CY28-CY27))/1 -> 10798 | DB28: =IF(DA28<=0,0,(DA28/SQRT(DA28^2+(CZ28-CZ27)^2))) -> 1 | DE28: =IF((DC28-DC27)<=0,0,(DC28-DC27)) -> 0 | DF28: =IF(DE28<=0,0,(DE28/SQRT(DE28^2+(DD28-DD27)^2))) -> 0 | DG28: =(DE28)-DA28-CW28-CS28-CO28-CK28-BW28 -> -64263.26 | DH28: =DE28+BG28+AK28+N28 -> 291150.72 | DQ28: 2464200 | DR28: =IF((DQ28-DQ27)<=0,0,(DQ28-DQ27)) -> 11600 | DS28: 1682000 | DT28: =IF((DS28-DS27)<=0,0,(DS28-DS27)) -> 16100 | DU28: 7462.1 | DV28: 4161.6 | DW28: =IF((DU28-DU27)*1000<=0,0,(DU28-DU27)*1000) -> 4500 | DX28: 12368 | DY28: 8203.9 | DZ28: =IF((DX28-DX27)*1000<=0,0,(DX28-DX27)*1000)+GX28 -> 6150.72 | EA28: 27447 | EB28: 19.593 | EC28: =IF((EA28-EA27)*1000<=0,0,(EA28-EA27)*1000)+GX28+$EE$40 -> 24310.72 | ED28: =DW28+DZ28+EC28 -> 34961.44 | EE28: 42473 | EF28: 26.807 | EG28: =IF((EE28-EE27)*1000<=0,0,(EE28-EE27)*1000)+GX28+$EE$40 -> 18310.72 | EH28: 11878 | EI28: 1.5761 | EJ28: =IF((EH28-EH27)*1000<=0,0,(EH28-EH27)*1000)+GX28 -> 8150.72 | EK28: 716.4 | EL28: 1029.2 | EM28: =IF((EK28-EK27)<=0,0,(EK28-EK27))*1000 -> 590 | EN28: =EG28+EJ28+EM28 -> 27051.44 | EO28: 11976 | EP28: 4169.4 | EQ28: =IF((EO28-EO27)*1000<=0,0,(EO28-EO27)*1000)+GX28 -> 9150.72 | ER28: 7467.9 | ES28: 3028.1 | ET28: =IF((ER28-ER27)<=0,0,(ER28-ER27))*1000 -> 16600 | EU28: 2648 | EV28: 948.23 | EW28: =IF((EU28-EU27)<=0,0,(EU28-EU27))*1000+GX28 -> 6650.72 | EX28: 12128 | EY28: 1.2731 | EZ28: =IF((EX28-EX27)<=0,0,(EX28-EX27))*1000+GX28 -> 11150.72 | FA28: =FC28-EQ28-ET28-EW28-EZ28 -> -21841.16 | FB28: 33828969 | FC28: =IF((FB28-FB27)<=0,0,(FB28-FB27)) -> 21711 | FD28: =EQ28+ET28+EW28+EZ28+GJ28 -> 44952.16 | FE28: 16023 | FF28: 5751.9 | FG28: =IF((FE28-FE27)*1000<=0,0,(FE28-FE27)*1000)+FL28+GX28 -> 9850.72 | FH28: 6931.2 | FI28: 2.667 | FJ28: =IF((FH28-FH27)<=0,0,(FH28-FH27))*1000+FL28+GX28 -> 18050.72 | FL28: -300 | FM28: =FT28/3 -> -284.05333 | FN28: 15274 | FO28: 0.6705 | FP28: =IF((FN28-FN27)*1000<=0,0,(FN28-FN27)*1000)+FL28+GX28 -> 9850.72 | FQ28: 54282 | FR28: 12.929 | FS28: =IF((FQ28-FQ27)*1000<=0,0,(FQ28-FQ27)*1000) -> 53000 | FT28: =FS28-FG28-FJ28-FP28-DT28 -> -852.16 | FU28: =FG28+FJ28+FP28+GM28 -> 37752.16 | FV28: 2306400 | FW28: 747220 | FX28: =IF((FV28-FV27)*1000<=0,0,(FV28-FV27)) -> 24400 | FY28: 2773.7 | FZ28: 1.5834 | GA28: =IF((FY28-FY27)*1000<=0,0,((FY28-FY27)*1000)-GS28) -> 6120 | GB28: 734.32 | GC28: 813.78 | GD28: =IF((GB28-GB27)*1000<=0,0,(GB28-GB27)*1000) -> 710 | GE28: 9134.1 | GF28: 2.7056 | GG28: =IF((GE28-GE27)*1000<=0,0,(GE28-GE27)*1000)-GJ28-GM28 -> 5800 | GH28: 1758.8 | GI28: 1483.1 | GJ28: =IF((GH28-GH27)<=0,0,(GH28-GH27))*1000 -> 1400 | GK28: 1399.1 | GL28: 1088.9 | GM28: =IF((GK28-GK27)<=0,0,(GK28-GK27))*1000 -> 0 | GN28: 158870 | GO28: 138600 | GP28: =IF((GN28-GN27)<=0,0,(GN28-GN27)) -> 0 | GQ28: 194450 | GR28: 195990 | GS28: =IF((GQ28-GQ27)<=0,0,(GQ28-GQ27)) -> 1080 | GU28: =DailyJan!B27-DailyJan!N27-DailyJan!V27-DailyJan!Y27-DailyJan!Z27-DailyJan!AA27-DailyJan!AB27-DailyJan!AC27-DailyJan!AD27-DailyJan!AE27-DailyJan!AK27-DailyJan!AO27-DailyJan!AS27-DailyJan!AY27-DailyJan!BD27+DailyJan!BS27-SUM(DailyJan!BM27:BQ27)-DailyJan!BR27-DailyJan!AF27-DailyJan!AG27 -> -0.031999998 | GV28: 2260.768 | GW28: =GV28/15 -> 150.71787 | GX28: 150.72 | HA28: 2260.768 | HC28: 11465.432 | HE28: 11465.432
A29: =A28+1 -> 23 | B29: 3301.19 | C29: =IF((B29-B28)<=0,0,(B29-B28)) -> 6.99 | D29: =IF((B29-B28)*32000<=0,0,(B29-B28)*32000) -> 223680 | E29: 664.97 | F29: =IF((E29-E28)*32000<=0,0,(E29-E28)*32000) -> 51520 | G29: =D29+F29 -> 275200 | K29: =IF(J29<=0,0,(J29/SQRT(J29^2+(I29-I28)^2))) -> 0 | L29: 9360400 | N29: =IF((L29-L28)<=0,0,(L29-L28)*10) -> 277000 | O29: 9303.4 | Q29: =IF((O29-O28)<=0,0,(O29-O28))*1000 -> 12800 | R29: =IF(Q29<=0,0,(Q29/SQRT(Q29^2+(P29-P28)^2))) -> 1 | S29: 10938012 | T29: =IF((S29-S28)<=0,0,(S29-S28)) -> 0 | U29: 1518125.5 | V29: =IF((U29-U28)<=0,0,(U29-U28)) -> 0 | W29: 3176.2 | X29: =Q29-T29-V29-AB29 -> 8300 | Z29: =IF((Y29-Y28)<=0,0,(Y29-Y28)) -> 0 | AA29: 407600 | AB29: =IF((AA29-AA28)<=0,0,(AA29-AA28)) -> 4500 | AC29: 3373.1 | AE29: =IF((AC29-AC28)<=0,0,(AC29-AC28))*1000 -> 4500 | AF29: =IF(AE29<=0,0,(AE29/SQRT(AE29^2+(AD29-AD28)^2))) -> 1 | AG29: 7349 | AI29: =IF((AG29-AG28)<=0,0,(AG29-AG28))*1000+GX29 -> 10450.72 | AJ29: =IF(AI29<=0,0,(AI29/SQRT(AI29^2+(AH29-AH28)^2))) -> 1 | AK29: =T29+V29+X29+AE29+AI29 -> 23250.72 | AL29: 9502.7 | AN29: =IF((AL29-AL28)<=0,0,(AL29-AL28))*1000+GX29-BL29-BN29-BP29-BR29 -> 7300.72 | AO29: =IF(AN29<=0,0,(AN29/SQRT(AN29^2+(AM29-AM28)^2))) -> 1 | AP29: 7159 | AR29: =IF((AP29-AP28)<=0,0,(AP29-AP28))*1000 -> 13800 | AS29: =IF(AR29<=0,0,(AR29/SQRT(AR29^2+(AQ29-AQ28)^2))) -> 1 | AU29: =IF((AT29-AT28)<=0,0,(AT29-AT28)) -> 0 | AW29: =IF((AV29-AV28)<=0,0,(AV29-AV28)) -> 0 | AX29: 440870 | AZ29: =IF((AX29-AX28)<=0,0,(AX29-AX28)) -> 520 | BA29: 85060 | BC29: =IF((BA29-BA28)<=0,0,(BA29-BA28)) -> 690 | BD29: =AN29+AR29+AZ29+BC29 -> 22310.72 | BE29: 1617.5 | BF29: 877.81 | BG29: =IF((BE29-BE28)<=0,0,(BE29-BE28))*1000 -> 2400 | BH29: 7787.7 | BI29: 5009.8 | BJ29: =IF((BH29-BH28)<=0,0,(BH29-BH28))*1000 -> 10000 | BK29: 1094950 | BL29: =IF((BK29-BK28)<=0,0,(BK29-BK28)) -> 5110 | BM29: 790.57 | BN29: =IF((BM29-BM28)<=0,0,BM29-BM28)*1000 -> 740 | BP29: =IF((BO29-BO28)<=0,0,(BO29-BO28))*1000 -> 0 | BQ29: 749.9 | BR29: =IF((BQ29-BQ28)<=0,0,(BQ29-BQ28))*1000 -> 800 | BS29: 73285.76 | BT29: =IF((BS29-BS28)<=0,0,(BS29-BS28)) -> 172.68 | BU29: 1869137 | BW29: =IF((BU29-BU28)<=0,0,(BU29-BU28)) -> 8243 | BX29: =IF(BW29<=0,0,(BW29/SQRT(BW29^2+(BV29-BV28)^2))) -> 1 | BY29: 262.5035 | CA29: =IF((BY29-BY28)<=0,0,(BY29-BY28)*1000) -> 780 | CB29: =IF(CA29<=0,0,(CA29/SQRT(CA29^2+(BZ29-BZ28)^2))) -> 1 | CC29: 439863.8 | CD29: =IF((CC29-CC28)<=0,0,(CC29-CC28)) -> 3581.3 | CE29: 697299.9 | CF29: =IF((CE29-CE28)<=0,0,(CE29-CE28)) -> 0 | CG29: 51945.6 | CH29: =IF((CG29-CG28)<=0,0,(CG29-CG28)) -> 0 | CI29: 10640.02 | CK29: =IF((CI29-CI28)*1000<=0,0,(CI29-CI28)*1000)+GX29-CA29 -> 16750.72 | CL29: =IF(CK29<=0,0,(CK29/SQRT(CK29^2+(CJ29-CJ28)^2))) -> 1 | CM29: 2719.513 | CO29: =IF((CM29-CM28)<=0,0,(CM29-CM28))*1000+GX29 -> 6306.72 | CP29: =IF(CO29<=0,0,(CO29/SQRT(CO29^2+(CN29-CN28)^2))) -> 1 | CQ29: 2639.97 | CS29: =IF((CQ29-CQ28)<=0,0,(CQ29-CQ28))*1000+GX29 -> 6797.72 | CT29: =IF(CS29<=0,0,(CS29/SQRT(CS29^2+(CR29-CR28)^2))) -> 1 | CU29: 2024578 | CW29: =IF((CU29-CU28)<=0,0,(CU29-CU28)) -> 19132 | CX29: =IF(CW29<=0,0,(CW29/SQRT(CW29^2+(CV29-CV28)^2))) -> 1 | CY29: 1072220 | DA29: =IF((CY29-CY28)<=0,0,(CY29-CY28))/1 -> 11480 | DB29: =IF(DA29<=0,0,(DA29/SQRT(DA29^2+(CZ29-CZ28)^2))) -> 1 | DE29: =IF((DC29-DC28)<=0,0,(DC29-DC28)) -> 0 | DF29: =IF(DE29<=0,0,(DE29/SQRT(DE29^2+(DD29-DD28)^2))) -> 0 | DG29: =(DE29)-DA29-CW29-CS29-CO29-CK29-BW29 -> -68710.16 | DH29: =DE29+BG29+AK29+N29 -> 302650.72 | DQ29: 2476800 | DR29: =IF((DQ29-DQ28)<=0,0,(DQ29-DQ28)) -> 12600 | DS29: 1695300 | DT29: =IF((DS29-DS28)<=0,0,(DS29-DS28)) -> 13300 | DU29: 7466.8 | DV29: 4164.5 | DW29: =IF((DU29-DU28)*1000<=0,0,(DU29-DU28)*1000) -> 4700 | DX29: 12375 | DY29: 8205.7 | DZ29: =IF((DX29-DX28)*1000<=0,0,(DX29-DX28)*1000)+GX29 -> 7150.72 | EA29: 27470 | EB29: 19.606 | EC29: =IF((EA29-EA28)*1000<=0,0,(EA29-EA28)*1000)+GX29+$EE$40 -> 25310.72 | ED29: =DW29+DZ29+EC29 -> 37161.44 | EE29: 42493 | EF29: 26.829 | EG29: =IF((EE29-EE28)*1000<=0,0,(EE29-EE28)*1000)+GX29+$EE$40 -> 22310.72 | EH29: 11890 | EI29: 1.5788 | EJ29: =IF((EH29-EH28)*1000<=0,0,(EH29-EH28)*1000)+GX29 -> 12150.72 | EK29: 717.08 | EL29: 1030.2 | EM29: =IF((EK29-EK28)<=0,0,(EK29-EK28))*1000 -> 680 | EN29: =EG29+EJ29+EM29 -> 35141.44 | EO29: 11985 | EP29: 4173 | EQ29: =IF((EO29-EO28)*1000<=0,0,(EO29-EO28)*1000)+GX29 -> 9150.72 | ER29: 7486.8 | ES29: 3036.5 | ET29: =IF((ER29-ER28)<=0,0,(ER29-ER28))*1000 -> 18900 | EU29: 2655.4 | EV29: 950.87 | EW29: =IF((EU29-EU28)<=0,0,(EU29-EU28))*1000+GX29 -> 7550.72 | EX29: 12138 | EY29: 1.2753 | EZ29: =IF((EX29-EX28)<=0,0,(EX29-EX28))*1000+GX29 -> 10150.72 | FA29: =FC29-EQ29-ET29-EW29-EZ29 -> -23219.16 | FB29: 33851502 | FC29: =IF((FB29-FB28)<=0,0,(FB29-FB28)) -> 22533 | FD29: =EQ29+ET29+EW29+EZ29+GJ29 -> 47452.16 | FE29: 16030 | FF29: 5753.8 | FG29: =IF((FE29-FE28)*1000<=0,0,(FE29-FE28)*1000)+FL29+GX29 -> 8117.39 | FH29: 6945 | FI29: 2.6724 | FJ29: =IF((FH29-FH28)<=0,0,(FH29-FH28))*1000+FL29+GX29 -> 14917.39 | FL29: 966.67 | FM29: =FT29/3 -> -150.72333 | FN29: 15282 | FO29: 0.6719 | FP29: =IF((FN29-FN28)*1000<=0,0,(FN29-FN28)*1000)+FL29+GX29 -> 9117.39 | FQ29: 54327 | FR29: 12.94 | FS29: =IF((FQ29-FQ28)*1000<=0,0,(FQ29-FQ28)*1000) -> 45000 | FT29: =FS29-FG29-FJ29-FP29-DT29 -> -452.17 | FU29: =FG29+FJ29+FP29+GM29 -> 32152.17 | FV29: 2327800 | FW29: 753980 | FX29: =IF((FV29-FV28)*1000<=0,0,(FV29-FV28)) -> 21400 | FY29: 2780.3 | FZ29: 1.5895 | GA29: =IF((FY29-FY28)*1000<=0,0,((FY29-FY28)*1000)-GS29) -> 5530 | GB29: 735 | GC29: 814.65 | GD29: =IF((GB29-GB28)*1000<=0,0,(GB29-GB28)*1000) -> 680 | GE29: 9140.1 | GF29: 2.7105 | GG29: =IF((GE29-GE28)*1000<=0,0,(GE29-GE28)*1000)-GJ29-GM29 -> 4300 | GH29: 1760.5 | GI29: 1484.6 | GJ29: =IF((GH29-GH28)<=0,0,(GH29-GH28))*1000 -> 1700 | GK29: 1399.1 | GL29: 1088.9 | GM29: =IF((GK29-GK28)<=0,0,(GK29-GK28))*1000 -> 0 | GN29: 158880 | GO29: 138600 | GP29: =IF((GN29-GN28)<=0,0,(GN29-GN28)) -> 10 | GQ29: 195520 | GR29: 196970 | GS29: =IF((GQ29-GQ28)<=0,0,(GQ29-GQ28)) -> 1070 | GU29: =DailyJan!B28-DailyJan!N28-DailyJan!V28-DailyJan!Y28-DailyJan!Z28-DailyJan!AA28-DailyJan!AB28-DailyJan!AC28-DailyJan!AD28-DailyJan!AE28-DailyJan!AK28-DailyJan!AO28-DailyJan!AS28-DailyJan!AY28-DailyJan!BD28+DailyJan!BS28-SUM(DailyJan!BM28:BQ28)-DailyJan!BR28-DailyJan!AF28-DailyJan!AG28 -> -0.031999995 | GV29: 2260.768 | GW29: =GV29/15 -> 150.71787 | GX29: 150.72 | HA29: 2260.768 | HC29: 13142.922 | HE29: 13142.922
A30: =A29+1 -> 24 | B30: 3308.36 | C30: =IF((B30-B29)<=0,0,(B30-B29)) -> 7.17 | D30: =IF((B30-B29)*32000<=0,0,(B30-B29)*32000) -> 229440 | E30: 666.41 | F30: =IF((E30-E29)*32000<=0,0,(E30-E29)*32000) -> 46080 | G30: =D30+F30 -> 275520 | K30: =IF(J30<=0,0,(J30/SQRT(J30^2+(I30-I29)^2))) -> 0 | L30: 9387800 | N30: =IF((L30-L29)<=0,0,(L30-L29)*10) -> 274000 | O30: 9316.3 | Q30: =IF((O30-O29)<=0,0,(O30-O29))*1000 -> 12900 | R30: =IF(Q30<=0,0,(Q30/SQRT(Q30^2+(P30-P29)^2))) -> 1 | S30: 10938013 | T30: =IF((S30-S29)<=0,0,(S30-S29)) -> 0.49 | U30: 1518125.5 | V30: =IF((U30-U29)<=0,0,(U30-U29)) -> 0 | W30: 3182.8 | X30: =Q30-T30-V30-AB30 -> 8199.51 | Z30: =IF((Y30-Y29)<=0,0,(Y30-Y29)) -> 0 | AA30: 412300 | AB30: =IF((AA30-AA29)<=0,0,(AA30-AA29)) -> 4700 | AC30: 3377.5 | AE30: =IF((AC30-AC29)<=0,0,(AC30-AC29))*1000 -> 4400 | AF30: =IF(AE30<=0,0,(AE30/SQRT(AE30^2+(AD30-AD29)^2))) -> 1 | AG30: 7359.7 | AI30: =IF((AG30-AG29)<=0,0,(AG30-AG29))*1000+GX30 -> 10850.89 | AJ30: =IF(AI30<=0,0,(AI30/SQRT(AI30^2+(AH30-AH29)^2))) -> 1 | AK30: =T30+V30+X30+AE30+AI30 -> 23450.89 | AL30: 9516.4 | AN30: =IF((AL30-AL29)<=0,0,(AL30-AL29))*1000+GX30-BL30-BN30-BP30-BR30 -> 7490.89 | AO30: =IF(AN30<=0,0,(AN30/SQRT(AN30^2+(AM30-AM29)^2))) -> 1 | AP30: 7172.8 | AR30: =IF((AP30-AP29)<=0,0,(AP30-AP29))*1000 -> 13800 | AS30: =IF(AR30<=0,0,(AR30/SQRT(AR30^2+(AQ30-AQ29)^2))) -> 1 | AU30: =IF((AT30-AT29)<=0,0,(AT30-AT29)) -> 0 | AW30: =IF((AV30-AV29)<=0,0,(AV30-AV29)) -> 0 | AX30: 441360 | AZ30: =IF((AX30-AX29)<=0,0,(AX30-AX29)) -> 490 | BA30: 85740 | BC30: =IF((BA30-BA29)<=0,0,(BA30-BA29)) -> 680 | BD30: =AN30+AR30+AZ30+BC30 -> 22460.89 | BE30: 1620 | BF30: 879.32 | BG30: =IF((BE30-BE29)<=0,0,(BE30-BE29))*1000 -> 2500 | BH30: 7797.3 | BI30: 5016.1 | BJ30: =IF((BH30-BH29)<=0,0,(BH30-BH29))*1000 -> 9600 | BK30: 1100090 | BL30: =IF((BK30-BK29)<=0,0,(BK30-BK29)) -> 5140 | BM30: 791.29 | BN30: =IF((BM30-BM29)<=0,0,BM30-BM29)*1000 -> 720 | BP30: =IF((BO30-BO29)<=0,0,(BO30-BO29))*1000 -> 0 | BQ30: 750.4 | BR30: =IF((BQ30-BQ29)<=0,0,(BQ30-BQ29))*1000 -> 500 | BS30: 73458.2 | BT30: =IF((BS30-BS29)<=0,0,(BS30-BS29)) -> 172.44 | BU30: 1877240 | BW30: =IF((BU30-BU29)<=0,0,(BU30-BU29)) -> 8103 | BX30: =IF(BW30<=0,0,(BW30/SQRT(BW30^2+(BV30-BV29)^2))) -> 1 | BY30: 263.2587 | CA30: =IF((BY30-BY29)<=0,0,(BY30-BY29)*1000) -> 755.2 | CB30: =IF(CA30<=0,0,(CA30/SQRT(CA30^2+(BZ30-BZ29)^2))) -> 1 | CC30: 443336.4 | CD30: =IF((CC30-CC29)<=0,0,(CC30-CC29)) -> 3472.6 | CE30: 697299.9 | CF30: =IF((CE30-CE29)<=0,0,(CE30-CE29)) -> 0 | CG30: 51945.6 | CH30: =IF((CG30-CG29)<=0,0,(CG30-CG29)) -> 0 | CI30: 10656.67 | CK30: =IF((CI30-CI29)*1000<=0,0,(CI30-CI29)*1000)+GX30-CA30 -> 16045.69 | CL30: =IF(CK30<=0,0,(CK30/SQRT(CK30^2+(CJ30-CJ29)^2))) -> 1 | CM30: 2725.586 | CO30: =IF((CM30-CM29)<=0,0,(CM30-CM29))*1000+GX30 -> 6223.89 | CP30: =IF(CO30<=0,0,(CO30/SQRT(CO30^2+(CN30-CN29)^2))) -> 1 | CQ30: 2646.716 | CS30: =IF((CQ30-CQ29)<=0,0,(CQ30-CQ29))*1000+GX30 -> 6896.89 | CT30: =IF(CS30<=0,0,(CS30/SQRT(CS30^2+(CR30-CR29)^2))) -> 1 | CU30: 2042923 | CW30: =IF((CU30-CU29)<=0,0,(CU30-CU29)) -> 18345 | CX30: =IF(CW30<=0,0,(CW30/SQRT(CW30^2+(CV30-CV29)^2))) -> 1 | CY30: 1083376 | DA30: =IF((CY30-CY29)<=0,0,(CY30-CY29))/1 -> 11156 | DB30: =IF(DA30<=0,0,(DA30/SQRT(DA30^2+(CZ30-CZ29)^2))) -> 1 | DE30: =IF((DC30-DC29)<=0,0,(DC30-DC29)) -> 0 | DF30: =IF(DE30<=0,0,(DE30/SQRT(DE30^2+(DD30-DD29)^2))) -> 0 | DG30: =(DE30)-DA30-CW30-CS30-CO30-CK30-BW30 -> -66770.47 | DH30: =DE30+BG30+AK30+N30 -> 299950.89 | DQ30: 2489200 | DR30: =IF((DQ30-DQ29)<=0,0,(DQ30-DQ29)) -> 12400 | DS30: 1710800 | DT30: =IF((DS30-DS29)<=0,0,(DS30-DS29)) -> 15500 | DU30: 7471.5 | DV30: 4167.5 | DW30: =IF((DU30-DU29)*1000<=0,0,(DU30-DU29)*1000) -> 4700 | DX30: 12382 | DY30: 8207.3 | DZ30: =IF((DX30-DX29)*1000<=0,0,(DX30-DX29)*1000)+GX30 -> 7150.89 | EA30: 27493 | EB30: 19.619 | EC30: =IF((EA30-EA29)*1000<=0,0,(EA30-EA29)*1000)+GX30+$EE$40 -> 25310.89 | ED30: =DW30+DZ30+EC30 -> 37161.78 | EE30: 42514 | EF30: 26.853 | EG30: =IF((EE30-EE29)*1000<=0,0,(EE30-EE29)*1000)+GX30+$EE$40 -> 23310.89 | EH30: 11902 | EI30: 1.5817 | EJ30: =IF((EH30-EH29)*1000<=0,0,(EH30-EH29)*1000)+GX30 -> 12150.89 | EK30: 717.99 | EL30: 1031.6 | EM30: =IF((EK30-EK29)<=0,0,(EK30-EK29))*1000 -> 910 | EN30: =EG30+EJ30+EM30 -> 36371.78 | EO30: 11994 | EP30: 4176 | EQ30: =IF((EO30-EO29)*1000<=0,0,(EO30-EO29)*1000)+GX30 -> 9150.89 | ER30: 7505.9 | ES30: 3044.6 | ET30: =IF((ER30-ER29)<=0,0,(ER30-ER29))*1000 -> 19100 | EU30: 2662.5 | EV30: 953.43 | EW30: =IF((EU30-EU29)<=0,0,(EU30-EU29))*1000+GX30 -> 7250.89 | EX30: 12150 | EY30: 1.2775 | EZ30: =IF((EX30-EX29)<=0,0,(EX30-EX29))*1000+GX30 -> 12150.89 | FA30: =FC30-EQ30-ET30-EW30-EZ30 -> -22885.67 | FB30: 33876269 | FC30: =IF((FB30-FB29)<=0,0,(FB30-FB29)) -> 24767 | FD30: =EQ30+ET30+EW30+EZ30+GJ30 -> 49252.67 | FE30: 16035 | FF30: 5756 | FG30: =IF((FE30-FE29)*1000<=0,0,(FE30-FE29)*1000)+FL30+GX30 -> 5050.89 | FH30: 6954.8 | FI30: 2.6764 | FJ30: =IF((FH30-FH29)<=0,0,(FH30-FH29))*1000+FL30+GX30 -> 9850.89 | FL30: -100 | FM30: =FT30/3 -> -150.89 | FN30: 15289 | FO30: 0.6729 | FP30: =IF((FN30-FN29)*1000<=0,0,(FN30-FN29)*1000)+FL30+GX30 -> 7050.89 | FQ30: 54364 | FR30: 12.952 | FS30: =IF((FQ30-FQ29)*1000<=0,0,(FQ30-FQ29)*1000) -> 37000 | FT30: =FS30-FG30-FJ30-FP30-DT30 -> -452.67 | FU30: =FG30+FJ30+FP30+GM30 -> 21952.67 | FV30: 2353200 | FW30: 761920 | FX30: =IF((FV30-FV29)*1000<=0,0,(FV30-FV29)) -> 25400 | FY30: 2787.8 | FZ30: 1.5962 | GA30: =IF((FY30-FY29)*1000<=0,0,((FY30-FY29)*1000)-GS30) -> 6580 | GB30: 735.7 | GC30: 815.54 | GD30: =IF((GB30-GB29)*1000<=0,0,(GB30-GB29)*1000) -> 700 | GE30: 9148 | GF30: 2.7165 | GG30: =IF((GE30-GE29)*1000<=0,0,(GE30-GE29)*1000)-GJ30-GM30 -> 6300 | GH30: 1762.1 | GI30: 1486.2 | GJ30: =IF((GH30-GH29)<=0,0,(GH30-GH29))*1000 -> 1600 | GK30: 1399.1 | GL30: 1088.9 | GM30: =IF((GK30-GK29)<=0,0,(GK30-GK29))*1000 -> 0 | GN30: 158880 | GO30: 138610 | GP30: =IF((GN30-GN29)<=0,0,(GN30-GN29)) -> 0 | GQ30: 196440 | GR30: 197950 | GS30: =IF((GQ30-GQ29)<=0,0,(GQ30-GQ29)) -> 920 | GU30: =DailyJan!B29-DailyJan!N29-DailyJan!V29-DailyJan!Y29-DailyJan!Z29-DailyJan!AA29-DailyJan!AB29-DailyJan!AC29-DailyJan!AD29-DailyJan!AE29-DailyJan!AK29-DailyJan!AO29-DailyJan!AS29-DailyJan!AY29-DailyJan!BD29+DailyJan!BS29-SUM(DailyJan!BM29:BQ29)-DailyJan!BR29-DailyJan!AF29-DailyJan!AG29 -> 0.046800003 | GV30: 2263.3968 | GW30: =GV30/15 -> 150.89312 | GX30: 150.89 | HA30: 2263.3968 | HC30: 13714.003 | HE30: 13714.003
A31: =A30+1 -> 25 | B31: 3316.1 | C31: =IF((B31-B30)<=0,0,(B31-B30)) -> 7.74 | D31: =IF((B31-B30)*32000<=0,0,(B31-B30)*32000) -> 247680 | E31: 668.04 | F31: =IF((E31-E30)*32000<=0,0,(E31-E30)*32000) -> 52160 | G31: =D31+F31 -> 299840 | K31: =IF(J31<=0,0,(J31/SQRT(J31^2+(I31-I30)^2))) -> 0 | L31: 9417300 | N31: =IF((L31-L30)<=0,0,(L31-L30)*10) -> 295000 | O31: 9329.4 | Q31: =IF((O31-O30)<=0,0,(O31-O30))*1000 -> 13100 | R31: =IF(Q31<=0,0,(Q31/SQRT(Q31^2+(P31-P30)^2))) -> 1 | S31: 10938013 | T31: =IF((S31-S30)<=0,0,(S31-S30)) -> 0 | U31: 1518125.5 | V31: =IF((U31-U30)<=0,0,(U31-U30)) -> 0 | W31: 3189.5 | X31: =Q31-T31-V31-AB31 -> 8200 | Z31: =IF((Y31-Y30)<=0,0,(Y31-Y30)) -> 0 | AA31: 417200 | AB31: =IF((AA31-AA30)<=0,0,(AA31-AA30)) -> 4900 | AC31: 3382.2 | AE31: =IF((AC31-AC30)<=0,0,(AC31-AC30))*1000 -> 4700 | AF31: =IF(AE31<=0,0,(AE31/SQRT(AE31^2+(AD31-AD30)^2))) -> 1 | AG31: 7370.7 | AI31: =IF((AG31-AG30)<=0,0,(AG31-AG30))*1000+GX31 -> 11164.21 | AJ31: =IF(AI31<=0,0,(AI31/SQRT(AI31^2+(AH31-AH30)^2))) -> 1 | AK31: =T31+V31+X31+AE31+AI31 -> 24064.21 | AL31: 9529.4 | AN31: =IF((AL31-AL30)<=0,0,(AL31-AL30))*1000+GX31-BL31-BN31-BP31-BR31 -> 7074.21 | AO31: =IF(AN31<=0,0,(AN31/SQRT(AN31^2+(AM31-AM30)^2))) -> 1 | AP31: 7187.2 | AR31: =IF((AP31-AP30)<=0,0,(AP31-AP30))*1000 -> 14400 | AS31: =IF(AR31<=0,0,(AR31/SQRT(AR31^2+(AQ31-AQ30)^2))) -> 1 | AU31: =IF((AT31-AT30)<=0,0,(AT31-AT30)) -> 0 | AW31: =IF((AV31-AV30)<=0,0,(AV31-AV30)) -> 0 | AX31: 441890 | AZ31: =IF((AX31-AX30)<=0,0,(AX31-AX30)) -> 530 | BA31: 86450 | BC31: =IF((BA31-BA30)<=0,0,(BA31-BA30)) -> 710 | BD31: =AN31+AR31+AZ31+BC31 -> 22714.21 | BE31: 1622.1 | BF31: 880.63 | BG31: =IF((BE31-BE30)<=0,0,(BE31-BE30))*1000 -> 2100 | BH31: 7807 | BI31: 5022.3 | BJ31: =IF((BH31-BH30)<=0,0,(BH31-BH30))*1000 -> 9700 | BK31: 1104650 | BL31: =IF((BK31-BK30)<=0,0,(BK31-BK30)) -> 4560 | BM31: 792.02 | BN31: =IF((BM31-BM30)<=0,0,BM31-BM30)*1000 -> 730 | BP31: =IF((BO31-BO30)<=0,0,(BO31-BO30))*1000 -> 0 | BQ31: 751.2 | BR31: =IF((BQ31-BQ30)<=0,0,(BQ31-BQ30))*1000 -> 800 | BS31: 73641.21 | BT31: =IF((BS31-BS30)<=0,0,(BS31-BS30)) -> 183.01 | BU31: 1885111 | BW31: =IF((BU31-BU30)<=0,0,(BU31-BU30)) -> 7871 | BX31: =IF(BW31<=0,0,(BW31/SQRT(BW31^2+(BV31-BV30)^2))) -> 1 | BY31: 264.0596 | CA31: =IF((BY31-BY30)<=0,0,(BY31-BY30)*1000) -> 800.9 | CB31: =IF(CA31<=0,0,(CA31/SQRT(CA31^2+(BZ31-BZ30)^2))) -> 1 | CC31: 446803.3 | CD31: =IF((CC31-CC30)<=0,0,(CC31-CC30)) -> 3466.9 | CE31: 697299.9 | CF31: =IF((CE31-CE30)<=0,0,(CE31-CE30)) -> 0 | CG31: 52139.4 | CH31: =IF((CG31-CG30)<=0,0,(CG31-CG30)) -> 193.8 | CI31: 10673.64 | CK31: =IF((CI31-CI30)*1000<=0,0,(CI31-CI30)*1000)+GX31-CA31 -> 16333.31 | CL31: =IF(CK31<=0,0,(CK31/SQRT(CK31^2+(CJ31-CJ30)^2))) -> 1 | CM31: 2731.678 | CO31: =IF((CM31-CM30)<=0,0,(CM31-CM30))*1000+GX31 -> 6256.21 | CP31: =IF(CO31<=0,0,(CO31/SQRT(CO31^2+(CN31-CN30)^2))) -> 1 | CQ31: 2653.395 | CS31: =IF((CQ31-CQ30)<=0,0,(CQ31-CQ30))*1000+GX31 -> 6843.21 | CT31: =IF(CS31<=0,0,(CS31/SQRT(CS31^2+(CR31-CR30)^2))) -> 1 | CU31: 2057244 | CW31: =IF((CU31-CU30)<=0,0,(CU31-CU30)) -> 14321 | CX31: =IF(CW31<=0,0,(CW31/SQRT(CW31^2+(CV31-CV30)^2))) -> 1 | CY31: 1092745 | DA31: =IF((CY31-CY30)<=0,0,(CY31-CY30))/1 -> 9369 | DB31: =IF(DA31<=0,0,(DA31/SQRT(DA31^2+(CZ31-CZ30)^2))) -> 1 | DE31: =IF((DC31-DC30)<=0,0,(DC31-DC30)) -> 0 | DF31: =IF(DE31<=0,0,(DE31/SQRT(DE31^2+(DD31-DD30)^2))) -> 0 | DG31: =(DE31)-DA31-CW31-CS31-CO31-CK31-BW31 -> -60993.73 | DH31: =DE31+BG31+AK31+N31 -> 321164.21 | DQ31: 2501200 | DR31: =IF((DQ31-DQ30)<=0,0,(DQ31-DQ30)) -> 12000 | DS31: 1725200 | DT31: =IF((DS31-DS30)<=0,0,(DS31-DS30)) -> 14400 | DU31: 7476.1 | DV31: 4170.3 | DW31: =IF((DU31-DU30)*1000<=0,0,(DU31-DU30)*1000) -> 4600 | DX31: 12388 | DY31: 8209.1 | DZ31: =IF((DX31-DX30)*1000<=0,0,(DX31-DX30)*1000)+GX31 -> 6164.21 | EA31: 27515 | EB31: 19.631 | EC31: =IF((EA31-EA30)*1000<=0,0,(EA31-EA30)*1000)+GX31+$EE$40 -> 24324.21 | ED31: =DW31+DZ31+EC31 -> 35088.42 | EE31: 42535 | EF31: 26.877 | EG31: =IF((EE31-EE30)*1000<=0,0,(EE31-EE30)*1000)+GX31+$EE$40 -> 23324.21 | EH31: 11914 | EI31: 1.5843 | EJ31: =IF((EH31-EH30)*1000<=0,0,(EH31-EH30)*1000)+GX31 -> 12164.21 | EK31: 718.74 | EL31: 1032.8 | EM31: =IF((EK31-EK30)<=0,0,(EK31-EK30))*1000 -> 750 | EN31: =EG31+EJ31+EM31 -> 36238.42 | EO31: 12003 | EP31: 4179.2 | EQ31: =IF((EO31-EO30)*1000<=0,0,(EO31-EO30)*1000)+GX31 -> 9164.21 | ER31: 7525.6 | ES31: 3052.8 | ET31: =IF((ER31-ER30)<=0,0,(ER31-ER30))*1000 -> 19700 | EU31: 2669.9 | EV31: 956.07 | EW31: =IF((EU31-EU30)<=0,0,(EU31-EU30))*1000+GX31 -> 7564.21 | EX31: 12161 | EY31: 1.2797 | EZ31: =IF((EX31-EX30)<=0,0,(EX31-EX30))*1000+GX31 -> 11164.21 | FA31: =FC31-EQ31-ET31-EW31-EZ31 -> -23270.63 | FB31: 33900591 | FC31: =IF((FB31-FB30)<=0,0,(FB31-FB30)) -> 24322 | FD31: =EQ31+ET31+EW31+EZ31+GJ31 -> 49192.63 | FE31: 16043 | FF31: 5759.1 | FG31: =IF((FE31-FE30)*1000<=0,0,(FE31-FE30)*1000)+FL31+GX31 -> 8530.88 | FH31: 6972.3 | FI31: 2.6833 | FJ31: =IF((FH31-FH30)<=0,0,(FH31-FH30))*1000+FL31+GX31 -> 18030.88 | FL31: 366.67 | FM31: =FT31/3 -> -164.21333 | FN31: 15298 | FO31: 0.6745 | FP31: =IF((FN31-FN30)*1000<=0,0,(FN31-FN30)*1000)+FL31+GX31 -> 9530.88 | FQ31: 54414 | FR31: 12.968 | FS31: =IF((FQ31-FQ30)*1000<=0,0,(FQ31-FQ30)*1000) -> 50000 | FT31: =FS31-FG31-FJ31-FP31-DT31 -> -492.64 | FU31: =FG31+FJ31+FP31+GM31 -> 36092.64 | FV31: 2387300 | FW31: 771800 | FX31: =IF((FV31-FV30)*1000<=0,0,(FV31-FV30)) -> 34100 | FY31: 2796.7 | FZ31: 1.6042 | GA31: =IF((FY31-FY30)*1000<=0,0,((FY31-FY30)*1000)-GS31) -> 7640 | GB31: 736.53 | GC31: 816.5 | GD31: =IF((GB31-GB30)*1000<=0,0,(GB31-GB30)*1000) -> 830 | GE31: 9157 | GF31: 2.7233 | GG31: =IF((GE31-GE30)*1000<=0,0,(GE31-GE30)*1000)-GJ31-GM31 -> 7400 | GH31: 1763.7 | GI31: 1487.7 | GJ31: =IF((GH31-GH30)<=0,0,(GH31-GH30))*1000 -> 1600 | GK31: 1399.1 | GL31: 1088.9 | GM31: =IF((GK31-GK30)<=0,0,(GK31-GK30))*1000 -> 0 | GN31: 158880 | GO31: 138610 | GP31: =IF((GN31-GN30)<=0,0,(GN31-GN30)) -> 0 | GQ31: 197700 | GR31: 198940 | GS31: =IF((GQ31-GQ30)<=0,0,(GQ31-GQ30)) -> 1260 | GU31: =DailyJan!B30-DailyJan!N30-DailyJan!V30-DailyJan!Y30-DailyJan!Z30-DailyJan!AA30-DailyJan!AB30-DailyJan!AC30-DailyJan!AD30-DailyJan!AE30-DailyJan!AK30-DailyJan!AO30-DailyJan!AS30-DailyJan!AY30-DailyJan!BD30+DailyJan!BS30-SUM(DailyJan!BM30:BQ30)-DailyJan!BR30-DailyJan!AF30-DailyJan!AG30 -> 0.035599993 | GV31: 2463.1856 | GW31: =GV31/15 -> 164.21237 | GX31: 164.21 | HA31: 2463.1856 | HC31: 20275.104 | HE31: 20275.104
A32: =A31+1 -> 26 | B32: 3322.91 | C32: =IF((B32-B31)<=0,0,(B32-B31)) -> 6.81 | D32: =IF((B32-B31)*32000<=0,0,(B32-B31)*32000) -> 217920 | E32: 669.64 | F32: =IF((E32-E31)*32000<=0,0,(E32-E31)*32000) -> 51200 | G32: =D32+F32 -> 269120 | K32: =IF(J32<=0,0,(J32/SQRT(J32^2+(I32-I31)^2))) -> 0 | L32: 9444400 | N32: =IF((L32-L31)<=0,0,(L32-L31)*10) -> 271000 | O32: 9343.1 | Q32: =IF((O32-O31)<=0,0,(O32-O31))*1000 -> 13700 | R32: =IF(Q32<=0,0,(Q32/SQRT(Q32^2+(P32-P31)^2))) -> 1 | S32: 10938013 | T32: =IF((S32-S31)<=0,0,(S32-S31)) -> 0 | U32: 1518125.5 | V32: =IF((U32-U31)<=0,0,(U32-U31)) -> 0 | W32: 3196.4 | X32: =Q32-T32-V32-AB32 -> 8510 | Z32: =IF((Y32-Y31)<=0,0,(Y32-Y31)) -> 0 | AA32: 422390 | AB32: =IF((AA32-AA31)<=0,0,(AA32-AA31)) -> 5190 | AC32: 3388.1 | AE32: =IF((AC32-AC31)<=0,0,(AC32-AC31))*1000 -> 5900 | AF32: =IF(AE32<=0,0,(AE32/SQRT(AE32^2+(AD32-AD31)^2))) -> 1 | AG32: 7384 | AI32: =IF((AG32-AG31)<=0,0,(AG32-AG31))*1000+GX32 -> 13447.39 | AJ32: =IF(AI32<=0,0,(AI32/SQRT(AI32^2+(AH32-AH31)^2))) -> 1 | AK32: =T32+V32+X32+AE32+AI32 -> 27857.39 | AL32: 9542.3 | AN32: =IF((AL32-AL31)<=0,0,(AL32-AL31))*1000+GX32-BL32-BN32-BP32-BR32 -> 7557.39 | AO32: =IF(AN32<=0,0,(AN32/SQRT(AN32^2+(AM32-AM31)^2))) -> 1 | AP32: 7199 | AR32: =IF((AP32-AP31)<=0,0,(AP32-AP31))*1000 -> 11800 | AS32: =IF(AR32<=0,0,(AR32/SQRT(AR32^2+(AQ32-AQ31)^2))) -> 1 | AU32: =IF((AT32-AT31)<=0,0,(AT32-AT31)) -> 0 | AW32: =IF((AV32-AV31)<=0,0,(AV32-AV31)) -> 0 | AX32: 442341.48 | AZ32: =IF((AX32-AX31)<=0,0,(AX32-AX31)) -> 451.48 | BA32: 87045.648 | BC32: =IF((BA32-BA31)<=0,0,(BA32-BA31)) -> 595.648 | BD32: =AN32+AR32+AZ32+BC32 -> 20404.518 | BE32: 1624.2 | BF32: 881.84 | BG32: =IF((BE32-BE31)<=0,0,(BE32-BE31))*1000 -> 2100 | BH32: 7816.5 | BI32: 5028.5 | BJ32: =IF((BH32-BH31)<=0,0,(BH32-BH31))*1000 -> 9500 | BK32: 1108700 | BL32: =IF((BK32-BK31)<=0,0,(BK32-BK31)) -> 4050 | BM32: 792.75 | BN32: =IF((BM32-BM31)<=0,0,BM32-BM31)*1000 -> 730 | BP32: =IF((BO32-BO31)<=0,0,(BO32-BO31))*1000 -> 0 | BQ32: 751.91 | BR32: =IF((BQ32-BQ31)<=0,0,(BQ32-BQ31))*1000 -> 710 | BS32: 73851.66 | BT32: =IF((BS32-BS31)<=0,0,(BS32-BS31)) -> 210.45 | BU32: 1892100 | BW32: =IF((BU32-BU31)<=0,0,(BU32-BU31)) -> 6989 | BX32: =IF(BW32<=0,0,(BW32/SQRT(BW32^2+(BV32-BV31)^2))) -> 1 | BY32: 264.74 | CA32: =IF((BY32-BY31)<=0,0,(BY32-BY31)*1000) -> 680.4 | CB32: =IF(CA32<=0,0,(CA32/SQRT(CA32^2+(BZ32-BZ31)^2))) -> 1 | CC32: 449700 | CD32: =IF((CC32-CC31)<=0,0,(CC32-CC31)) -> 2896.7 | CE32: 697300 | CF32: =IF((CE32-CE31)<=0,0,(CE32-CE31)) -> 0.1 | CG32: 52373 | CH32: =IF((CG32-CG31)<=0,0,(CG32-CG31)) -> 233.6 | CI32: 10689 | CK32: =IF((CI32-CI31)*1000<=0,0,(CI32-CI31)*1000)+GX32-CA32 -> 14826.99 | CL32: =IF(CK32<=0,0,(CK32/SQRT(CK32^2+(CJ32-CJ31)^2))) -> 1 | CM32: 2737.1 | CO32: =IF((CM32-CM31)<=0,0,(CM32-CM31))*1000+GX32 -> 5569.39 | CP32: =IF(CO32<=0,0,(CO32/SQRT(CO32^2+(CN32-CN31)^2))) -> 1 | CQ32: 2659.2 | CS32: =IF((CQ32-CQ31)<=0,0,(CQ32-CQ31))*1000+GX32 -> 5952.39 | CT32: =IF(CS32<=0,0,(CS32/SQRT(CS32^2+(CR32-CR31)^2))) -> 1 | CU32: 2074200 | CW32: =IF((CU32-CU31)<=0,0,(CU32-CU31)) -> 16956 | CX32: =IF(CW32<=0,0,(CW32/SQRT(CW32^2+(CV32-CV31)^2))) -> 1 | CY32: 1103000 | DA32: =IF((CY32-CY31)<=0,0,(CY32-CY31))/1 -> 10255 | DB32: =IF(DA32<=0,0,(DA32/SQRT(DA32^2+(CZ32-CZ31)^2))) -> 1 | DE32: =IF((DC32-DC31)<=0,0,(DC32-DC31)) -> 0 | DF32: =IF(DE32<=0,0,(DE32/SQRT(DE32^2+(DD32-DD31)^2))) -> 0 | DG32: =(DE32)-DA32-CW32-CS32-CO32-CK32-BW32 -> -60548.77 | DH32: =DE32+BG32+AK32+N32 -> 300957.39 | DQ32: 2512500 | DR32: =IF((DQ32-DQ31)<=0,0,(DQ32-DQ31)) -> 11300 | DS32: 1739000 | DT32: =IF((DS32-DS31)<=0,0,(DS32-DS31)) -> 13800 | DU32: 7480.7 | DV32: 4173.1 | DW32: =IF((DU32-DU31)*1000<=0,0,(DU32-DU31)*1000) -> 4600 | DX32: 12399 | DY32: 8211 | DZ32: =IF((DX32-DX31)*1000<=0,0,(DX32-DX31)*1000)+GX32 -> 11147.39 | EA32: 27537 | EB32: 19.643 | EC32: =IF((EA32-EA31)*1000<=0,0,(EA32-EA31)*1000)+GX32+$EE$40 -> 24307.39 | ED32: =DW32+DZ32+EC32 -> 40054.78 | EE32: 42556 | EF32: 26.901 | EG32: =IF((EE32-EE31)*1000<=0,0,(EE32-EE31)*1000)+GX32+$EE$40 -> 23307.39 | EH32: 11925 | EI32: 1.5871 | EJ32: =IF((EH32-EH31)*1000<=0,0,(EH32-EH31)*1000)+GX32 -> 11147.39 | EK32: 719.43 | EL32: 1033.8 | EM32: =IF((EK32-EK31)<=0,0,(EK32-EK31))*1000 -> 690 | EN32: =EG32+EJ32+EM32 -> 35144.78 | EO32: 12011 | EP32: 4182.1 | EQ32: =IF((EO32-EO31)*1000<=0,0,(EO32-EO31)*1000)+GX32 -> 8147.39 | ER32: 7544.8 | ES32: 3061.1 | ET32: =IF((ER32-ER31)<=0,0,(ER32-ER31))*1000 -> 19200 | EU32: 2677.1 | EV32: 958.68 | EW32: =IF((EU32-EU31)<=0,0,(EU32-EU31))*1000+GX32 -> 7347.39 | EX32: 12173 | EY32: 1.2822 | EZ32: =IF((EX32-EX31)<=0,0,(EX32-EX31))*1000+GX32 -> 12147.39 | FA32: =FC32-EQ32-ET32-EW32-EZ32 -> -23180.17 | FB32: 33924253 | FC32: =IF((FB32-FB31)<=0,0,(FB32-FB31)) -> 23662 | FD32: =EQ32+ET32+EW32+EZ32+GJ32 -> 48442.17 | FE32: 16050 | FF32: 5761.9 | FG32: =IF((FE32-FE31)*1000<=0,0,(FE32-FE31)*1000)+FL32+GX32 -> 7180.72 | FH32: 6983.4 | FI32: 2.6879 | FJ32: =IF((FH32-FH31)<=0,0,(FH32-FH31))*1000+FL32+GX32 -> 11280.72 | FL32: 33.33 | FM32: =FT32/3 -> -147.38667 | FN32: 15307 | FO32: 0.6759 | FP32: =IF((FN32-FN31)*1000<=0,0,(FN32-FN31)*1000)+FL32+GX32 -> 9180.72 | FQ32: 54455 | FR32: 12.981 | FS32: =IF((FQ32-FQ31)*1000<=0,0,(FQ32-FQ31)*1000) -> 41000 | FT32: =FS32-FG32-FJ32-FP32-DT32 -> -442.16 | FU32: =FG32+FJ32+FP32+GM32 -> 28442.16 | FV32: 2406400 | FW32: 778310 | FX32: =IF((FV32-FV31)*1000<=0,0,(FV32-FV31)) -> 19100 | FY32: 2802.8 | FZ32: 1.6102 | GA32: =IF((FY32-FY31)*1000<=0,0,((FY32-FY31)*1000)-GS32) -> 5070 | GB32: 737.2 | GC32: 817.34 | GD32: =IF((GB32-GB31)*1000<=0,0,(GB32-GB31)*1000) -> 670 | GE32: 9164.8 | GF32: 2.729 | GG32: =IF((GE32-GE31)*1000<=0,0,(GE32-GE31)*1000)-GJ32-GM32 -> 5400 | GH32: 1765.3 | GI32: 1489.3 | GJ32: =IF((GH32-GH31)<=0,0,(GH32-GH31))*1000 -> 1600 | GK32: 1399.9 | GL32: 1089.3 | GM32: =IF((GK32-GK31)<=0,0,(GK32-GK31))*1000 -> 800 | GN32: 158880 | GO32: 138610 | GP32: =IF((GN32-GN31)<=0,0,(GN32-GN31)) -> 0 | GQ32: 198730 | GR32: 199880 | GS32: =IF((GQ32-GQ31)<=0,0,(GQ32-GQ31)) -> 1030 | GU32: =DailyJan!B31-DailyJan!N31-DailyJan!V31-DailyJan!Y31-DailyJan!Z31-DailyJan!AA31-DailyJan!AB31-DailyJan!AC31-DailyJan!AD31-DailyJan!AE31-DailyJan!AK31-DailyJan!AO31-DailyJan!AS31-DailyJan!AY31-DailyJan!BD31+DailyJan!BS31-SUM(DailyJan!BM31:BQ31)-DailyJan!BR31-DailyJan!AF31-DailyJan!AG31 -> -0.027200001 | GV32: 2210.8228 | GW32: =GV32/15 -> 147.38819 | GX32: 147.39 | HA32: 2210.8208 | HC32: 12423.659 | HE32: 12423.659
A33: =A32+1 -> 27 | B33: 3330.52 | C33: =IF((B33-B32)<=0,0,(B33-B32)) -> 7.61 | D33: =IF((B33-B32)*32000<=0,0,(B33-B32)*32000) -> 243520 | E33: 671.11 | F33: =IF((E33-E32)*32000<=0,0,(E33-E32)*32000) -> 47040 | G33: =D33+F33 -> 290560 | K33: =IF(J33<=0,0,(J33/SQRT(J33^2+(I33-I32)^2))) -> 0 | L33: 9473300 | N33: =IF((L33-L32)<=0,0,(L33-L32)*10) -> 289000 | O33: 9356.9 | Q33: =IF((O33-O32)<=0,0,(O33-O32))*1000 -> 13800 | R33: =IF(Q33<=0,0,(Q33/SQRT(Q33^2+(P33-P32)^2))) -> 1 | S33: 10938013 | T33: =IF((S33-S32)<=0,0,(S33-S32)) -> 0 | U33: 1518125.5 | V33: =IF((U33-U32)<=0,0,(U33-U32)) -> 0 | W33: 3203.2 | X33: =Q33-T33-V33-AB33 -> 8450 | Z33: =IF((Y33-Y32)<=0,0,(Y33-Y32)) -> 0 | AA33: 427740 | AB33: =IF((AA33-AA32)<=0,0,(AA33-AA32)) -> 5350 | AC33: 3395.6 | AE33: =IF((AC33-AC32)<=0,0,(AC33-AC32))*1000 -> 7500 | AF33: =IF(AE33<=0,0,(AE33/SQRT(AE33^2+(AD33-AD32)^2))) -> 1 | AG33: 7401 | AI33: =IF((AG33-AG32)<=0,0,(AG33-AG32))*1000+GX33 -> 17159.13 | AJ33: =IF(AI33<=0,0,(AI33/SQRT(AI33^2+(AH33-AH32)^2))) -> 1 | AK33: =T33+V33+X33+AE33+AI33 -> 33109.13 | AL33: 9554.6 | AN33: =IF((AL33-AL32)<=0,0,(AL33-AL32))*1000+GX33-BL33-BN33-BP33-BR33 -> 7279.13 | AO33: =IF(AN33<=0,0,(AN33/SQRT(AN33^2+(AM33-AM32)^2))) -> 1 | AP33: 7208.1 | AR33: =IF((AP33-AP32)<=0,0,(AP33-AP32))*1000 -> 9100 | AS33: =IF(AR33<=0,0,(AR33/SQRT(AR33^2+(AQ33-AQ32)^2))) -> 1 | AU33: =IF((AT33-AT32)<=0,0,(AT33-AT32)) -> 0 | AW33: =IF((AV33-AV32)<=0,0,(AV33-AV32)) -> 0 | AX33: 442454.16 | AZ33: =IF((AX33-AX32)<=0,0,(AX33-AX32)) -> 112.68 | BA33: 87136.072 | BC33: =IF((BA33-BA32)<=0,0,(BA33-BA32)) -> 90.424 | BD33: =AN33+AR33+AZ33+BC33 -> 16582.234 | BE33: 1626.1 | BF33: 883 | BG33: =IF((BE33-BE32)<=0,0,(BE33-BE32))*1000 -> 1900 | BH33: 7826.3 | BI33: 5034.9 | BJ33: =IF((BH33-BH32)<=0,0,(BH33-BH32))*1000 -> 9800 | BK33: 1112800 | BL33: =IF((BK33-BK32)<=0,0,(BK33-BK32)) -> 4100 | BM33: 793.46 | BN33: =IF((BM33-BM32)<=0,0,BM33-BM32)*1000 -> 710 | BP33: =IF((BO33-BO32)<=0,0,(BO33-BO32))*1000 -> 0 | BQ33: 752.28 | BR33: =IF((BQ33-BQ32)<=0,0,(BQ33-BQ32))*1000 -> 370 | BS33: 74045.81 | BT33: =IF((BS33-BS32)<=0,0,(BS33-BS32)) -> 194.15 | BU33: 1899900 | BW33: =IF((BU33-BU32)<=0,0,(BU33-BU32)) -> 7800 | BX33: =IF(BW33<=0,0,(BW33/SQRT(BW33^2+(BV33-BV32)^2))) -> 1 | BY33: 265.52 | CA33: =IF((BY33-BY32)<=0,0,(BY33-BY32)*1000) -> 780 | CB33: =IF(CA33<=0,0,(CA33/SQRT(CA33^2+(BZ33-BZ32)^2))) -> 1 | CC33: 453020 | CD33: =IF((CC33-CC32)<=0,0,(CC33-CC32)) -> 3320 | CE33: 697330 | CF33: =IF((CE33-CE32)<=0,0,(CE33-CE32)) -> 30 | CG33: 52373 | CH33: =IF((CG33-CG32)<=0,0,(CG33-CG32)) -> 0 | CI33: 10706 | CK33: =IF((CI33-CI32)*1000<=0,0,(CI33-CI32)*1000)+GX33-CA33 -> 16379.13 | CL33: =IF(CK33<=0,0,(CK33/SQRT(CK33^2+(CJ33-CJ32)^2))) -> 1 | CM33: 2743.3 | CO33: =IF((CM33-CM32)<=0,0,(CM33-CM32))*1000+GX33 -> 6359.13 | CP33: =IF(CO33<=0,0,(CO33/SQRT(CO33^2+(CN33-CN32)^2))) -> 1 | CQ33: 2665.8 | CS33: =IF((CQ33-CQ32)<=0,0,(CQ33-CQ32))*1000+GX33 -> 6759.13 | CT33: =IF(CS33<=0,0,(CS33/SQRT(CS33^2+(CR33-CR32)^2))) -> 1 | CU33: 2094100 | CW33: =IF((CU33-CU32)<=0,0,(CU33-CU32)) -> 19900 | CX33: =IF(CW33<=0,0,(CW33/SQRT(CW33^2+(CV33-CV32)^2))) -> 1 | CY33: 1113600 | DA33: =IF((CY33-CY32)<=0,0,(CY33-CY32))/1 -> 10600 | DB33: =IF(DA33<=0,0,(DA33/SQRT(DA33^2+(CZ33-CZ32)^2))) -> 1 | DE33: =IF((DC33-DC32)<=0,0,(DC33-DC32)) -> 0 | DF33: =IF(DE33<=0,0,(DE33/SQRT(DE33^2+(DD33-DD32)^2))) -> 0 | DG33: =(DE33)-DA33-CW33-CS33-CO33-CK33-BW33 -> -67797.39 | DH33: =DE33+BG33+AK33+N33 -> 324009.13 | DQ33: 2521500 | DR33: =IF((DQ33-DQ32)<=0,0,(DQ33-DQ32)) -> 9000 | DS33: 1754200 | DT33: =IF((DS33-DS32)<=0,0,(DS33-DS32)) -> 15200 | DU33: 7485.3 | DV33: 4175.9 | DW33: =IF((DU33-DU32)*1000<=0,0,(DU33-DU32)*1000) -> 4600 | DX33: 12402 | DY33: 8212.8 | DZ33: =IF((DX33-DX32)*1000<=0,0,(DX33-DX32)*1000)+GX33 -> 3159.13 | EA33: 27559 | EB33: 19.655 | EC33: =IF((EA33-EA32)*1000<=0,0,(EA33-EA32)*1000)+GX33+$EE$40 -> 24319.13 | ED33: =DW33+DZ33+EC33 -> 32078.26 | EE33: 42577 | EF33: 26.926 | EG33: =IF((EE33-EE32)*1000<=0,0,(EE33-EE32)*1000)+GX33+$EE$40 -> 23319.13 | EH33: 11937 | EI33: 1.5899 | EJ33: =IF((EH33-EH32)*1000<=0,0,(EH33-EH32)*1000)+GX33 -> 12159.13 | EK33: 720.12 | EL33: 1034.8 | EM33: =IF((EK33-EK32)<=0,0,(EK33-EK32))*1000 -> 690 | EN33: =EG33+EJ33+EM33 -> 36168.26 | EO33: 12020 | EP33: 4185.3 | EQ33: =IF((EO33-EO32)*1000<=0,0,(EO33-EO32)*1000)+GX33 -> 9159.13 | ER33: 7564.1 | ES33: 3069.2 | ET33: =IF((ER33-ER32)<=0,0,(ER33-ER32))*1000 -> 19300 | EU33: 2684.2 | EV33: 961.27 | EW33: =IF((EU33-EU32)<=0,0,(EU33-EU32))*1000+GX33 -> 7259.13 | EX33: 12184 | EY33: 1.2849 | EZ33: =IF((EX33-EX32)<=0,0,(EX33-EX32))*1000+GX33 -> 11159.13 | FA33: =FC33-EQ33-ET33-EW33-EZ33 -> -23020.39 | FB33: 33948110 | FC33: =IF((FB33-FB32)<=0,0,(FB33-FB32)) -> 23857 | FD33: =EQ33+ET33+EW33+EZ33+GJ33 -> 48877.39 | FE33: 16060 | FF33: 5766 | FG33: =IF((FE33-FE32)*1000<=0,0,(FE33-FE32)*1000)+FL33+GX33 -> 10425.8 | FH33: 7003.4 | FI33: 2.6958 | FJ33: =IF((FH33-FH32)<=0,0,(FH33-FH32))*1000+FL33+GX33 -> 20425.8 | FL33: 266.67 | FM33: =FT33/3 -> -159.13333 | FN33: 15320 | FO33: 0.6779 | FP33: =IF((FN33-FN32)*1000<=0,0,(FN33-FN32)*1000)+FL33+GX33 -> 13425.8 | FQ33: 54514 | FR33: 13 | FS33: =IF((FQ33-FQ32)*1000<=0,0,(FQ33-FQ32)*1000) -> 59000 | FT33: =FS33-FG33-FJ33-FP33-DT33 -> -477.4 | FU33: =FG33+FJ33+FP33+GM33 -> 44877.4 | FV33: 2428000 | FW33: 784810 | FX33: =IF((FV33-FV32)*1000<=0,0,(FV33-FV32)) -> 21600 | FY33: 2809.1 | FZ33: 1.6163 | GA33: =IF((FY33-FY32)*1000<=0,0,((FY33-FY32)*1000)-GS33) -> 5230 | GB33: 737.81 | GC33: 818.1 | GD33: =IF((GB33-GB32)*1000<=0,0,(GB33-GB32)*1000) -> 610 | GE33: 9172.2 | GF33: 2.7345 | GG33: =IF((GE33-GE32)*1000<=0,0,(GE33-GE32)*1000)-GJ33-GM33 -> 4800 | GH33: 1767.3 | GI33: 1491.2 | GJ33: =IF((GH33-GH32)<=0,0,(GH33-GH32))*1000 -> 2000 | GK33: 1400.5 | GL33: 1089.6 | GM33: =IF((GK33-GK32)<=0,0,(GK33-GK32))*1000 -> 600 | GN33: 158890 | GO33: 138620 | GP33: =IF((GN33-GN32)<=0,0,(GN33-GN32)) -> 10 | GQ33: 199800 | GR33: 200880 | GS33: =IF((GQ33-GQ32)<=0,0,(GQ33-GQ32)) -> 1070 | GU33: =DailyJan!B32-DailyJan!N32-DailyJan!V32-DailyJan!Y32-DailyJan!Z32-DailyJan!AA32-DailyJan!AB32-DailyJan!AC32-DailyJan!AD32-DailyJan!AE32-DailyJan!AK32-DailyJan!AO32-DailyJan!AS32-DailyJan!AY32-DailyJan!BD32+DailyJan!BS32-SUM(DailyJan!BM32:BQ32)-DailyJan!BR32-DailyJan!AF32-DailyJan!AG32 -> -0.0035999981 | GV33: 2386.9464 | GW33: =GV33/15 -> 159.12976 | GX33: 159.13 | HA33: 2386.9504 | HC33: 15599.94 | HE33: 15599.94
A34: =A33+1 -> 28 | B34: 3337.24 | C34: =IF((B34-B33)<=0,0,(B34-B33)) -> 6.72 | D34: =IF((B34-B33)*32000<=0,0,(B34-B33)*32000) -> 215040 | E34: 672.45 | F34: =IF((E34-E33)*32000<=0,0,(E34-E33)*32000) -> 42880 | G34: =D34+F34 -> 257920 | K34: =IF(J34<=0,0,(J34/SQRT(J34^2+(I34-I33)^2))) -> 0 | L34: 9499000 | N34: =IF((L34-L33)<=0,0,(L34-L33)*10) -> 257000 | O34: 9370.5 | Q34: =IF((O34-O33)<=0,0,(O34-O33))*1000 -> 13600 | R34: =IF(Q34<=0,0,(Q34/SQRT(Q34^2+(P34-P33)^2))) -> 1 | S34: 10938013 | T34: =IF((S34-S33)<=0,0,(S34-S33)) -> 0 | U34: 1518125.5 | V34: =IF((U34-U33)<=0,0,(U34-U33)) -> 0 | W34: 3209.9 | X34: =Q34-T34-V34-AB34 -> 8280 | Z34: =IF((Y34-Y33)<=0,0,(Y34-Y33)) -> 0 | AA34: 433060 | AB34: =IF((AA34-AA33)<=0,0,(AA34-AA33)) -> 5320 | AC34: 3403.1 | AE34: =IF((AC34-AC33)<=0,0,(AC34-AC33))*1000 -> 7500 | AF34: =IF(AE34<=0,0,(AE34/SQRT(AE34^2+(AD34-AD33)^2))) -> 1 | AG34: 7419.2 | AI34: =IF((AG34-AG33)<=0,0,(AG34-AG33))*1000+GX34 -> 18341.25 | AJ34: =IF(AI34<=0,0,(AI34/SQRT(AI34^2+(AH34-AH33)^2))) -> 1 | AK34: =T34+V34+X34+AE34+AI34 -> 34121.25 | AL34: 9565.4 | AN34: =IF((AL34-AL33)<=0,0,(AL34-AL33))*1000+GX34-BL34-BN34-BP34-BR34 -> 5891.25 | AO34: =IF(AN34<=0,0,(AN34/SQRT(AN34^2+(AM34-AM33)^2))) -> 1 | AP34: 7217.9 | AR34: =IF((AP34-AP33)<=0,0,(AP34-AP33))*1000 -> 9800 | AS34: =IF(AR34<=0,0,(AR34/SQRT(AR34^2+(AQ34-AQ33)^2))) -> 1 | AU34: =IF((AT34-AT33)<=0,0,(AT34-AT33)) -> 0 | AW34: =IF((AV34-AV33)<=0,0,(AV34-AV33)) -> 0 | AX34: 442812.4 | AZ34: =IF((AX34-AX33)<=0,0,(AX34-AX33)) -> 358.24 | BA34: 87668.208 | BC34: =IF((BA34-BA33)<=0,0,(BA34-BA33)) -> 532.136 | BD34: =AN34+AR34+AZ34+BC34 -> 16581.626 | BE34: 1628.2 | BF34: 884.26 | BG34: =IF((BE34-BE33)<=0,0,(BE34-BE33))*1000 -> 2100 | BH34: 7835.9 | BI34: 5041.2 | BJ34: =IF((BH34-BH33)<=0,0,(BH34-BH33))*1000 -> 9600 | BK34: 1116800 | BL34: =IF((BK34-BK33)<=0,0,(BK34-BK33)) -> 4000 | BM34: 794.16 | BN34: =IF((BM34-BM33)<=0,0,BM34-BM33)*1000 -> 700 | BP34: =IF((BO34-BO33)<=0,0,(BO34-BO33))*1000 -> 0 | BQ34: 752.63 | BR34: =IF((BQ34-BQ33)<=0,0,(BQ34-BQ33))*1000 -> 350 | BS34: 74192.53 | BT34: =IF((BS34-BS33)<=0,0,(BS34-BS33)) -> 146.72 | BU34: 1906000 | BW34: =IF((BU34-BU33)<=0,0,(BU34-BU33)) -> 6100 | BX34: =IF(BW34<=0,0,(BW34/SQRT(BW34^2+(BV34-BV33)^2))) -> 1 | BY34: 266.24 | CA34: =IF((BY34-BY33)<=0,0,(BY34-BY33)*1000) -> 720 | CB34: =IF(CA34<=0,0,(CA34/SQRT(CA34^2+(BZ34-BZ33)^2))) -> 1 | CC34: 453800 | CD34: =IF((CC34-CC33)<=0,0,(CC34-CC33)) -> 780 | CE34: 697330 | CF34: =IF((CE34-CE33)<=0,0,(CE34-CE33)) -> 0 | CG34: 53341 | CH34: =IF((CG34-CG33)<=0,0,(CG34-CG33)) -> 968 | CI34: 10723 | CK34: =IF((CI34-CI33)*1000<=0,0,(CI34-CI33)*1000)+GX34-CA34 -> 16421.25 | CL34: =IF(CK34<=0,0,(CK34/SQRT(CK34^2+(CJ34-CJ33)^2))) -> 1 | CM34: 2748.9 | CO34: =IF((CM34-CM33)<=0,0,(CM34-CM33))*1000+GX34 -> 5741.25 | CP34: =IF(CO34<=0,0,(CO34/SQRT(CO34^2+(CN34-CN33)^2))) -> 1 | CQ34: 2672.2 | CS34: =IF((CQ34-CQ33)<=0,0,(CQ34-CQ33))*1000+GX34 -> 6541.25 | CT34: =IF(CS34<=0,0,(CS34/SQRT(CS34^2+(CR34-CR31)^2))) -> 1 | CU34: 2113700 | CW34: =IF((CU34-CU33)<=0,0,(CU34-CU33)) -> 19600 | CX34: =IF(CW34<=0,0,(CW34/SQRT(CW34^2+(CV34-CV33)^2))) -> 1 | CY34: 1124500 | DA34: =IF((CY34-CY33)<=0,0,(CY34-CY33))/1 -> 10900 | DB34: =IF(DA34<=0,0,(DA34/SQRT(DA34^2+(CZ34-CZ33)^2))) -> 1 | DE34: =IF((DC34-DC33)<=0,0,(DC34-DC33)) -> 0 | DF34: =IF(DE34<=0,0,(DE34/SQRT(DE34^2+(DD34-DD33)^2))) -> 0 | DG34: =(DE34)-DA34-CW34-CS34-CO34-CK34-BW34 -> -65303.75 | DH34: =DE34+BG34+AK34+N34 -> 293221.25 | DQ34: 2531700 | DR34: =IF((DQ34-DQ33)<=0,0,(DQ34-DQ33)) -> 10200 | DS34: 1769900 | DT34: =IF((DS34-DS33)<=0,0,(DS34-DS33)) -> 15700 | DU34: 7489.7 | DV34: 4178.6 | DW34: =IF((DU34-DU33)*1000<=0,0,(DU34-DU33)*1000) -> 4400 | DX34: 12409 | DY34: 8214.8 | DZ34: =IF((DX34-DX33)*1000<=0,0,(DX34-DX33)*1000)+GX34 -> 7141.25 | EA34: 27580 | EB34: 19.667 | EC34: =IF((EA34-EA33)*1000<=0,0,(EA34-EA33)*1000)+GX34+$EE$40 -> 23301.25 | ED34: =DW34+DZ34+EC34 -> 34842.5 | EE34: 42595 | EF34: 26.944 | EG34: =IF((EE34-EE33)*1000<=0,0,(EE34-EE33)*1000)+GX34+$EE$40 -> 20301.25 | EH34: 11946 | EI34: 1.5915 | EJ34: =IF((EH34-EH33)*1000<=0,0,(EH34-EH33)*1000)+GX34 -> 9141.25 | EK34: 720.68 | EL34: 1035.5 | EM34: =IF((EK34-EK33)<=0,0,(EK34-EK33))*1000 -> 560 | EN34: =EG34+EJ34+EM34 -> 30002.5 | EO34: 12029 | EP34: 4188.6 | EQ34: =IF((EO34-EO33)*1000<=0,0,(EO34-EO33)*1000)+GX34 -> 9141.25 | ER34: 7583.7 | ES34: 3077.4 | ET34: =IF((ER34-ER33)<=0,0,(ER34-ER33))*1000 -> 19600 | EU34: 2691.5 | EV34: 963.89 | EW34: =IF((EU34-EU33)<=0,0,(EU34-EU33))*1000+GX34 -> 7441.25 | EX34: 12196 | EY34: 1.2875 | EZ34: =IF((EX34-EX33)<=0,0,(EX34-EX33))*1000+GX34 -> 12141.25 | FA34: =FC34-EQ34-ET34-EW34-EZ34 -> -24340.75 | FB34: 33972093 | FC34: =IF((FB34-FB33)<=0,0,(FB34-FB33)) -> 23983 | FD34: =EQ34+ET34+EW34+EZ34+GJ34 -> 50523.75 | FE34: 16070 | FF34: 5770 | FG34: =IF((FE34-FE33)*1000<=0,0,(FE34-FE33)*1000)+FL34+GX34 -> 10307.92 | FH34: 7023.2 | FI34: 2.7036 | FJ34: =IF((FH34-FH33)<=0,0,(FH34-FH33))*1000+FL34+GX34 -> 20107.92 | FL34: 166.67 | FM34: =FT34/3 -> -141.25333 | FN34: 15333 | FO34: 0.68 | FP34: =IF((FN34-FN33)*1000<=0,0,(FN34-FN33)*1000)+FL34+GX34 -> 13307.92 | FQ34: 54573 | FR34: 13.018 | FS34: =IF((FQ34-FQ33)*1000<=0,0,(FQ34-FQ33)*1000) -> 59000 | FT34: =FS34-FG34-FJ34-FP34-DT34 -> -423.76 | FU34: =FG34+FJ34+FP34+GM34 -> 44623.76 | FV34: 2429900 | FW34: 785550 | FX34: =IF((FV34-FV33)*1000<=0,0,(FV34-FV33)) -> 1900 | FY34: 2810.7 | FZ34: 1.6176 | GA34: =IF((FY34-FY33)*1000<=0,0,((FY34-FY33)*1000)-GS34) -> 590 | GB34: 738.08 | GC34: 818.51 | GD34: =IF((GB34-GB33)*1000<=0,0,(GB34-GB33)*1000) -> 270 | GE34: 9175.6 | GF34: 2.7373 | GG34: =IF((GE34-GE33)*1000<=0,0,(GE34-GE33)*1000)-GJ34-GM34 -> 300 | GH34: 1769.5 | GI34: 1493.3 | GJ34: =IF((GH34-GH33)<=0,0,(GH34-GH33))*1000 -> 2200 | GK34: 1401.4 | GL34: 1090 | GM34: =IF((GK34-GK33)<=0,0,(GK34-GK33))*1000 -> 900 | GN34: 158890 | GO34: 138620 | GP34: =IF((GN34-GN33)<=0,0,(GN34-GN33)) -> 0 | GQ34: 200810 | GR34: 201870 | GS34: =IF((GQ34-GQ33)<=0,0,(GQ34-GQ33)) -> 1010 | GU34: =DailyJan!B33-DailyJan!N33-DailyJan!V33-DailyJan!Y33-DailyJan!Z33-DailyJan!AA33-DailyJan!AB33-DailyJan!AC33-DailyJan!AD33-DailyJan!AE33-DailyJan!AK33-DailyJan!AO33-DailyJan!AS33-DailyJan!AY33-DailyJan!BD33+DailyJan!BS33-SUM(DailyJan!BM33:BQ33)-DailyJan!BR33-DailyJan!AF33-DailyJan!AG33 -> 0.0628 | GV34: 2118.81 | GW34: =GV34/15 -> 141.254 | GX34: 141.25 | HA34: 2118.8128 | HC34: 7891.614 | HE34: =HC34-HA34 -> 5772.8012
A35: =A34+1 -> 29 | B35: 3343.9 | C35: =IF((B35-B34)<=0,0,(B35-B34)) -> 6.66 | D35: =IF((B35-B34)*32000<=0,0,(B35-B34)*32000) -> 213120 | E35: 673.78 | F35: =IF((E35-E34)*32000<=0,0,(E35-E34)*32000) -> 42560 | G35: =D35+F35 -> 255680 | K35: =IF(J35<=0,0,(J35/SQRT(J35^2+(I35-I34)^2))) -> 0 | L35: 9524400 | N35: =IF((L35-L34)<=0,0,(L35-L34)*10) -> 254000 | O35: 9384.2 | Q35: =IF((O35-O34)<=0,0,(O35-O34))*1000 -> 13700 | R35: =IF(Q35<=0,0,(Q35/SQRT(Q35^2+(P35-P34)^2))) -> 1 | S35: 10938013 | T35: =IF((S35-S34)<=0,0,(S35-S34)) -> 0 | U35: 1518125.5 | V35: =IF((U35-U34)<=0,0,(U35-U34)) -> 0 | W35: 3216.6 | X35: =Q35-T35-V35-AB35 -> 8350 | Z35: =IF((Y35-Y34)<=0,0,(Y35-Y34)) -> 0 | AA35: 438410 | AB35: =IF((AA35-AA34)<=0,0,(AA35-AA34)) -> 5350 | AC35: 3410.5 | AE35: =IF((AC35-AC34)<=0,0,(AC35-AC34))*1000 -> 7400 | AF35: =IF(AE35<=0,0,(AE35/SQRT(AE35^2+(AD35-AD34)^2))) -> 1 | AG35: 7436 | AI35: =IF((AG35-AG34)<=0,0,(AG35-AG34))*1000+GX35 -> 16940.03 | AJ35: =IF(AI35<=0,0,(AI35/SQRT(AI35^2+(AH35-AH34)^2))) -> 1 | AK35: =T35+V35+X35+AE35+AI35 -> 32690.03 | AL35: 9575.7 | AN35: =IF((AL35-AL34)<=0,0,(AL35-AL34))*1000+GX35-BL35-BN35-BP35-BR35 -> 5120.03 | AO35: =IF(AN35<=0,0,(AN35/SQRT(AN35^2+(AM35-AM34)^2))) -> 1 | AP35: 7227.1 | AR35: =IF((AP35-AP34)<=0,0,(AP35-AP34))*1000 -> 9200 | AS35: =IF(AR35<=0,0,(AR35/SQRT(AR35^2+(AQ35-AQ34)^2))) -> 1 | AU35: =IF((AT35-AT34)<=0,0,(AT35-AT34)) -> 0 | AW35: =IF((AV35-AV34)<=0,0,(AV35-AV34)) -> 0 | AX35: 443073.52 | AZ35: =IF((AX35-AX34)<=0,0,(AX35-AX34)) -> 261.12 | BA35: 87904.8 | BC35: =IF((BA35-BA34)<=0,0,(BA35-BA34)) -> 236.592 | BD35: =AN35+AR35+AZ35+BC35 -> 14817.742 | BE35: 1630.2 | BF35: 885.48 | BG35: =IF((BE35-BE34)<=0,0,(BE35-BE34))*1000 -> 2000 | BH35: 7845.5 | BI35: 5047.5 | BJ35: =IF((BH35-BH34)<=0,0,(BH35-BH34))*1000 -> 9600 | BK35: 1120800 | BL35: =IF((BK35-BK34)<=0,0,(BK35-BK34)) -> 4000 | BM35: 794.88 | BN35: =IF((BM35-BM34)<=0,0,BM35-BM34)*1000 -> 720 | BP35: =IF((BO35-BO34)<=0,0,(BO35-BO34))*1000 -> 0 | BQ35: 753.23 | BR35: =IF((BQ35-BQ34)<=0,0,(BQ35-BQ34))*1000 -> 600 | BS35: 74365.57 | BT35: =IF((BS35-BS34)<=0,0,(BS35-BS34)) -> 173.04 | BU35: 1911800 | BW35: =IF((BU35-BU34)<=0,0,(BU35-BU34)) -> 5800 | BX35: =IF(BW35<=0,0,(BW35/SQRT(BW35^2+(BV35-BV34)^2))) -> 1 | BY35: 266.99 | CA35: =IF((BY35-BY34)<=0,0,(BY35-BY34)*1000) -> 750 | CB35: =IF(CA35<=0,0,(CA35/SQRT(CA35^2+(BZ35-BZ34)^2))) -> 1 | CC35: 453800 | CD35: =IF((CC35-CC34)<=0,0,(CC35-CC34)) -> 0 | CE35: 697330 | CF35: =IF((CE35-CE34)<=0,0,(CE35-CE34)) -> 0 | CG35: 54662 | CH35: =IF((CG35-CG34)<=0,0,(CG35-CG34)) -> 1321 | CI35: 10740 | CK35: =IF((CI35-CI34)*1000<=0,0,(CI35-CI34)*1000)+GX35-CA35 -> 16390.03 | CL35: =IF(CK35<=0,0,(CK35/SQRT(CK35^2+(CJ35-CJ34)^2))) -> 1 | CM35: 2754.6 | CO35: =IF((CM35-CM34)<=0,0,(CM35-CM34))*1000+GX35 -> 5840.03 | CP35: =IF(CO35<=0,0,(CO35/SQRT(CO35^2+(CN35-CN34)^2))) -> 1 | CQ35: 2678.8 | CS35: =IF((CQ35-CQ34)<=0,0,(CQ35-CQ34))*1000+GX35 -> 6740.03 | CT35: =IF(CS35<=0,0,(CS35/SQRT(CS35^2+(CR35-CR34)^2))) -> 1 | CU35: 2133700 | CW35: =IF((CU35-CU34)<=0,0,(CU35-CU34)) -> 20000 | CX35: =IF(CW35<=0,0,(CW35/SQRT(CW35^2+(CV35-CV34)^2))) -> 1 | CY35: 1135100 | DA35: =IF((CY35-CY34)<=0,0,(CY35-CY34))/1 -> 10600 | DB35: =IF(DA35<=0,0,(DA35/SQRT(DA35^2+(CZ35-CZ34)^2))) -> 1 | DE35: =IF((DC35-DC34)<=0,0,(DC35-DC34)) -> 0 | DF35: =IF(DE35<=0,0,(DE35/SQRT(DE35^2+(DD35-DD34)^2))) -> 0 | DG35: =(DE35)-DA35-CW35-CS35-CO35-CK35-BW35 -> -65370.09 | DH35: =DE35+BG35+AK35+N35 -> 288690.03 | DQ35: 2543200 | DR35: =IF((DQ35-DQ34)<=0,0,(DQ35-DQ34)) -> 11500 | DS35: 1785400 | DT35: =IF((DS35-DS34)<=0,0,(DS35-DS34)) -> 15500 | DU35: 7494.5 | DV35: 4181.6 | DW35: =IF((DU35-DU34)*1000<=0,0,(DU35-DU34)*1000) -> 4800 | DX35: 12416 | DY35: 8216.7 | DZ35: =IF((DX35-DX34)*1000<=0,0,(DX35-DX34)*1000)+GX35 -> 7140.03 | EA35: 27603 | EB35: 19.68 | EC35: =IF((EA35-EA34)*1000<=0,0,(EA35-EA34)*1000)+GX35+$EE$40 -> 25300.03 | ED35: =DW35+DZ35+EC35 -> 37240.06 | EE35: 42629 | EF35: 26.975 | EG35: =IF((EE35-EE34)*1000<=0,0,(EE35-EE34)*1000)+GX35+$EE$40 -> 36300.03 | EH35: 11956 | EI35: 1.5927 | EJ35: =IF((EH35-EH34)*1000<=0,0,(EH35-EH34)*1000)+GX35 -> 10140.03 | EK35: 721.39 | EL35: 1036.5 | EM35: =IF((EK35-EK34)<=0,0,(EK35-EK34))*1000 -> 710 | EN35: =EG35+EJ35+EM35 -> 47150.06 | EO35: 12038 | EP35: 4191.9 | EQ35: =IF((EO35-EO34)*1000<=0,0,(EO35-EO34)*1000)+GX35 -> 9140.03 | ER35: 7602.9 | ES35: 3085.4 | ET35: =IF((ER35-ER34)<=0,0,(ER35-ER34))*1000 -> 19200 | EU35: 2698.7 | EV35: 966.51 | EW35: =IF((EU35-EU34)<=0,0,(EU35-EU34))*1000+GX35 -> 7340.03 | EX35: 12207 | EY35: 1.2902 | EZ35: =IF((EX35-EX34)<=0,0,(EX35-EX34))*1000+GX35 -> 11140.03 | FA35: =FC35-EQ35-ET35-EW35-EZ35 -> -22431.09 | FB35: 33996482 | FC35: =IF((FB35-FB34)<=0,0,(FB35-FB34)) -> 24389 | FD35: =EQ35+ET35+EW35+EZ35+GJ35 -> 48520.09 | FE35: 16079 | FF35: 5773.3 | FG35: =IF((FE35-FE34)*1000<=0,0,(FE35-FE34)*1000)+FL35+GX35 -> 9406.7 | FH35: 7042.9 | FI35: 2.7113 | FJ35: =IF((FH35-FH34)<=0,0,(FH35-FH34))*1000+FL35+GX35 -> 20106.7 | FL35: 266.67 | FM35: =FT35/3 -> -140.03333 | FN35: 15345 | FO35: 0.6821 | FP35: =IF((FN35-FN34)*1000<=0,0,(FN35-FN34)*1000)+FL35+GX35 -> 12406.7 | FQ35: 54630 | FR35: 13.035 | FS35: =IF((FQ35-FQ34)*1000<=0,0,(FQ35-FQ34)*1000) -> 57000 | FT35: =FS35-FG35-FJ35-FP35-DT35 -> -420.1 | FU35: =FG35+FJ35+FP35+GM35 -> 43320.1 | FV35: 2430200 | FW35: 785700 | FX35: =IF((FV35-FV34)*1000<=0,0,(FV35-FV34)) -> 300 | FY35: 2811.8 | FZ35: 1.618 | GA35: =IF((FY35-FY34)*1000<=0,0,((FY35-FY34)*1000)-GS35) -> 170 | GB35: 738.32 | GC35: 818.92 | GD35: =IF((GB35-GB34)*1000<=0,0,(GB35-GB34)*1000) -> 240 | GE35: 9179.1 | GF35: 2.7398 | GG35: =IF((GE35-GE34)*1000<=0,0,(GE35-GE34)*1000)-GJ35-GM35 -> 400 | GH35: 1771.2 | GI35: 1495 | GJ35: =IF((GH35-GH34)<=0,0,(GH35-GH34))*1000 -> 1700 | GK35: 1402.8 | GL35: 1090.7 | GM35: =IF((GK35-GK34)<=0,0,(GK35-GK34))*1000 -> 1400 | GN35: 158890 | GO35: 138630 | GP35: =IF((GN35-GN34)<=0,0,(GN35-GN34)) -> 0 | GQ35: 201740 | GR35: 202820 | GS35: =IF((GQ35-GQ34)<=0,0,(GQ35-GQ34)) -> 930 | GU35: =DailyJan!B34-DailyJan!N34-DailyJan!V34-DailyJan!Y34-DailyJan!Z34-DailyJan!AA34-DailyJan!AB34-DailyJan!AC34-DailyJan!AD34-DailyJan!AE34-DailyJan!AK34-DailyJan!AO34-DailyJan!AS34-DailyJan!AY34-DailyJan!BD34+DailyJan!BS34-SUM(DailyJan!BM34:BQ34)-DailyJan!BR34-DailyJan!AF34-DailyJan!AG34 -> -0.0388 | GV35: 2100.41 | GW35: =GV35/15 -> 140.02733 | GX35: 140.03 | HA35: 2100.4112 | HC35: 12401.278 | HE35: =HC35-HA35 -> 10300.867
A36: =A35+1 -> 30 | B36: 3350.32 | C36: =IF((B36-B35)<=0,0,(B36-B35)) -> 6.42 | D36: =IF((B36-B35)*32000<=0,0,(B36-B35)*32000) -> 205440 | E36: 675.08 | F36: =IF((E36-E35)*32000<=0,0,(E36-E35)*32000) -> 41600 | G36: =D36+F36 -> 247040 | K36: =IF(J36<=0,0,(J36/SQRT(J36^2+(I36-I35)^2))) -> 0 | L36: 9548900 | N36: =IF((L36-L35)<=0,0,(L36-L35)*10) -> 245000 | O36: 9397.5 | Q36: =IF((O36-O35)<=0,0,(O36-O35))*1000 -> 13300 | R36: =IF(Q36<=0,0,(Q36/SQRT(Q36^2+(P36-P35)^2))) -> 1 | S36: 10938013 | T36: =IF((S36-S35)<=0,0,(S36-S35)) -> 0 | U36: 1518125.5 | V36: =IF((U36-U35)<=0,0,(U36-U35)) -> 0 | W36: 3223.1 | X36: =Q36-T36-V36-AB36 -> 8210 | Z36: =IF((Y36-Y35)<=0,0,(Y36-Y35)) -> 0 | AA36: 443500 | AB36: =IF((AA36-AA35)<=0,0,(AA36-AA35)) -> 5090 | AC36: 3417.7 | AE36: =IF((AC36-AC35)<=0,0,(AC36-AC35))*1000 -> 7200 | AF36: =IF(AE36<=0,0,(AE36/SQRT(AE36^2+(AD36-AD35)^2))) -> 1 | AG36: 7452.7 | AI36: =IF((AG36-AG35)<=0,0,(AG36-AG35))*1000+GX36 -> 16835.3 | AJ36: =IF(AI36<=0,0,(AI36/SQRT(AI36^2+(AH36-AH35)^2))) -> 1 | AK36: =T36+V36+X36+AE36+AI36 -> 32245.3 | AL36: 9585.3 | AN36: =IF((AL36-AL35)<=0,0,(AL36-AL35))*1000+GX36-BL36-BN36-BP36-BR36 -> 4955.3 | AO36: =IF(AN36<=0,0,(AN36/SQRT(AN36^2+(AM36-AM35)^2))) -> 1 | AP36: 7236.5 | AR36: =IF((AP36-AP35)<=0,0,(AP36-AP35))*1000 -> 9400 | AS36: =IF(AR36<=0,0,(AR36/SQRT(AR36^2+(AQ36-AQ35)^2))) -> 1 | AU36: =IF((AT36-AT35)<=0,0,(AT36-AT35)) -> 0 | AW36: =IF((AV36-AV35)<=0,0,(AV36-AV35)) -> 0 | AX36: 443226.36 | AZ36: =IF((AX36-AX35)<=0,0,(AX36-AX35)) -> 152.84 | BA36: 88032.192 | BC36: =IF((BA36-BA35)<=0,0,(BA36-BA35)) -> 127.392 | BD36: =AN36+AR36+AZ36+BC36 -> 14635.532 | BE36: 1632.4 | BF36: 886.84 | BG36: =IF((BE36-BE35)<=0,0,(BE36-BE35))*1000 -> 2200 | BH36: 7855.3 | BI36: 5053.9 | BJ36: =IF((BH36-BH35)<=0,0,(BH36-BH35))*1000 -> 9800 | BK36: 1124600 | BL36: =IF((BK36-BK35)<=0,0,(BK36-BK35)) -> 3800 | BM36: 795.58 | BN36: =IF((BM36-BM35)<=0,0,BM36-BM35)*1000 -> 700 | BP36: =IF((BO36-BO35)<=0,0,(BO36-BO35))*1000 -> 0 | BQ36: 753.51 | BR36: =IF((BQ36-BQ35)<=0,0,(BQ36-BQ35))*1000 -> 280 | BS36: 74544.56 | BT36: =IF((BS36-BS35)<=0,0,(BS36-BS35)) -> 178.99 | BU36: 1917500 | BW36: =IF((BU36-BU35)<=0,0,(BU36-BU35)) -> 5700 | BX36: =IF(BW36<=0,0,(BW36/SQRT(BW36^2+(BV36-BV35)^2))) -> 1 | BY36: 267.77 | CA36: =IF((BY36-BY35)<=0,0,(BY36-BY35)*1000) -> 780 | CB36: =IF(CA36<=0,0,(CA36/SQRT(CA36^2+(BZ36-BZ35)^2))) -> 1 | CC36: 453800 | CD36: =IF((CC36-CC35)<=0,0,(CC36-CC35)) -> 0 | CE36: 697330 | CF36: =IF((CE36-CE35)<=0,0,(CE36-CE35)) -> 0 | CG36: 55988 | CH36: =IF((CG36-CG35)<=0,0,(CG36-CG35)) -> 1326 | CI36: 10757 | CK36: =IF((CI36-CI35)*1000<=0,0,(CI36-CI35)*1000)+GX36-CA36 -> 16355.3 | CL36: =IF(CK36<=0,0,(CK36/SQRT(CK36^2+(CJ36-CJ35)^2))) -> 1 | CM36: 2760.4 | CO36: =IF((CM36-CM35)<=0,0,(CM36-CM35))*1000+GX36 -> 5935.3 | CP36: =IF(CO36<=0,0,(CO36/SQRT(CO36^2+(CN36-CN35)^2))) -> 1 | CQ36: 2685.3 | CS36: =IF((CQ36-CQ35)<=0,0,(CQ36-CQ35))*1000+GX36 -> 6635.3 | CT36: =IF(CS36<=0,0,(CS36/SQRT(CS36^2+(CR36-CR35)^2))) -> 1 | CU36: 2151900 | CW36: =IF((CU36-CU35)<=0,0,(CU36-CU35)) -> 18200 | CX36: =IF(CW36<=0,0,(CW36/SQRT(CW36^2+(CV36-CV35)^2))) -> 1 | CY36: 1145200 | DA36: =IF((CY36-CY35)<=0,0,(CY36-CY35))/1 -> 10100 | DB36: =IF(DA36<=0,0,(DA36/SQRT(DA36^2+(CZ36-CZ35)^2))) -> 1 | DE36: =IF((DC36-DC35)<=0,0,(DC36-DC35)) -> 0 | DF36: =IF(DE36<=0,0,(DE36/SQRT(DE36^2+(DD36-DD35)^2))) -> 0 | DG36: =(DE36)-DA36-CW36-CS36-CO36-CK36-BW36 -> -62925.9 | DH36: =DE36+BG36+AK36+N36 -> 279445.3 | DQ36: 2551000 | DR36: =IF((DQ36-DQ35)<=0,0,(DQ36-DQ35)) -> 7800 | DS36: 1799200 | DT36: =IF((DS36-DS35)<=0,0,(DS36-DS35)) -> 13800 | DU36: 7499.2 | DV36: 4184.6 | DW36: =IF((DU36-DU35)*1000<=0,0,(DU36-DU35)*1000) -> 4700 | DX36: 12423 | DY36: 8218.8 | DZ36: =IF((DX36-DX35)*1000<=0,0,(DX36-DX35)*1000)+GX36 -> 7135.3 | EA36: 27626 | EB36: 19.693 | EC36: =IF((EA36-EA35)*1000<=0,0,(EA36-EA35)*1000)+GX36+$EE$40 -> 25295.3 | ED36: =DW36+DZ36+EC36 -> 37130.6 | EE36: 42666 | EF36: 27.006 | EG36: =IF((EE36-EE35)*1000<=0,0,(EE36-EE35)*1000)+GX36+$EE$40 -> 39295.3 | EH36: 11965 | EI36: 1.5938 | EJ36: =IF((EH36-EH35)*1000<=0,0,(EH36-EH35)*1000)+GX36 -> 9135.3 | EK36: 722.08 | EL36: 1037.5 | EM36: =IF((EK36-EK35)<=0,0,(EK36-EK35))*1000 -> 690 | EN36: =EG36+EJ36+EM36 -> 49120.6 | EO36: 12047 | EP36: 4195.3 | EQ36: =IF((EO36-EO35)*1000<=0,0,(EO36-EO35)*1000)+GX36 -> 9135.3 | ER36: 7622.3 | ES36: 3093.6 | ET36: =IF((ER36-ER35)<=0,0,(ER36-ER35))*1000 -> 19400 | EU36: 2706.4 | EV36: 969.26 | EW36: =IF((EU36-EU35)<=0,0,(EU36-EU35))*1000+GX36 -> 7835.3 | EX36: 12219 | EY36: 1.2929 | EZ36: =IF((EX36-EX35)<=0,0,(EX36-EX35))*1000+GX36 -> 12135.3 | FA36: =FC36-EQ36-ET36-EW36-EZ36 -> -24185.9 | FB36: 34020802 | FC36: =IF((FB36-FB35)<=0,0,(FB36-FB35)) -> 24320 | FD36: =EQ36+ET36+EW36+EZ36+GJ36 -> 50105.9 | FE36: 16089 | FF36: 5776.6 | FG36: =IF((FE36-FE35)*1000<=0,0,(FE36-FE35)*1000)+FL36+GX36 -> 10501.97 | FH36: 7063 | FI36: 2.7191 | FJ36: =IF((FH36-FH35)<=0,0,(FH36-FH35))*1000+FL36+GX36 -> 20601.97 | FL36: 366.67 | FM36: =FT36/3 -> -135.30333 | FN36: 15359 | FO36: 0.6842 | FP36: =IF((FN36-FN35)*1000<=0,0,(FN36-FN35)*1000)+FL36+GX36 -> 14501.97 | FQ36: 54689 | FR36: 13.052 | FS36: =IF((FQ36-FQ35)*1000<=0,0,(FQ36-FQ35)*1000) -> 59000 | FT36: =FS36-FG36-FJ36-FP36-DT36 -> -405.91 | FU36: =FG36+FJ36+FP36+GM36 -> 47005.91 | FV36: 2430300 | FW36: 785700 | FX36: =IF((FV36-FV35)*1000<=0,0,(FV36-FV35)) -> 100 | FY36: 2811.8 | FZ36: 1.618 | GA36: =IF((FY36-FY35)*1000<=0,0,((FY36-FY35)*1000)-GS36) -> 0 | GB36: 738.58 | GC36: 819.34 | GD36: =IF((GB36-GB35)*1000<=0,0,(GB36-GB35)*1000) -> 260 | GE36: 9182.5 | GF36: 2.7423 | GG36: =IF((GE36-GE35)*1000<=0,0,(GE36-GE35)*1000)-GJ36-GM36 -> 400 | GH36: 1772.8 | GI36: 1496.5 | GJ36: =IF((GH36-GH35)<=0,0,(GH36-GH35))*1000 -> 1600 | GK36: 1404.2 | GL36: 1091.3 | GM36: =IF((GK36-GK35)<=0,0,(GK36-GK35))*1000 -> 1400 | GN36: 158900 | GO36: 138630 | GP36: =IF((GN36-GN35)<=0,0,(GN36-GN35)) -> 10 | GQ36: 201930 | GR36: 203020 | GS36: =IF((GQ36-GQ35)<=0,0,(GQ36-GQ35)) -> 190 | GU36: =DailyJan!B35-DailyJan!N35-DailyJan!V35-DailyJan!Y35-DailyJan!Z35-DailyJan!AA35-DailyJan!AB35-DailyJan!AC35-DailyJan!AD35-DailyJan!AE35-DailyJan!AK35-DailyJan!AO35-DailyJan!AS35-DailyJan!AY35-DailyJan!BD35+DailyJan!BS35-SUM(DailyJan!BM35:BQ35)-DailyJan!BR35-DailyJan!AF35-DailyJan!AG35 -> -0.0664 | GV36: 2029.43 | GW36: =GV36/15 -> 135.29533 | GX36: 135.3 | HA36: 2029.4336 | HC36: 11123.758 | HE36: =HC36-HA36 -> 9094.3244
A37: 31 | B37: 3356.84 | C37: =IF((B37-B36)<=0,0,(B37-B36)) -> 6.52 | D37: =IF((B37-B36)*32000<=0,0,(B37-B36)*32000) -> 208640 | E37: 676.25 | F37: =IF((E37-E36)*32000<=0,0,(E37-E36)*32000) -> 37440 | G37: =D37+F37 -> 246080 | K37: =IF(J37<=0,0,(J37/SQRT(J37^2+(I37-I36)^2))) -> 0 | L37: 9573400 | N37: =IF((L37-L36)<=0,0,(L37-L36)*10) -> 245000 | O37: 9410.8 | Q37: =IF((O37-O36)<=0,0,(O37-O36))*1000 -> 13300 | R37: =IF(Q37<=0,0,(Q37/SQRT(Q37^2+(P37-P36)^2))) -> 1 | S37: 10938013 | T37: =IF((S37-S36)<=0,0,(S37-S36)) -> 0 | U37: 1518125.5 | V37: =IF((U37-U36)<=0,0,(U37-U36)) -> 0 | W37: 3229.7 | X37: =Q37-T37-V37-AB37 -> 8130 | Z37: =IF((Y37-Y36)<=0,0,(Y37-Y36)) -> 0 | AA37: 448670 | AB37: =IF((AA37-AA36)<=0,0,(AA37-AA36)) -> 5170 | AC37: 3424.9 | AE37: =IF((AC37-AC36)<=0,0,(AC37-AC36))*1000 -> 7200 | AF37: =IF(AE37<=0,0,(AE37/SQRT(AE37^2+(AD37-AD36)^2))) -> 1 | AG37: 7467.5 | AI37: =IF((AG37-AG36)<=0,0,(AG37-AG36))*1000+GX37 -> 14934.77 | AJ37: =IF(AI37<=0,0,(AI37/SQRT(AI37^2+(AH37-AH36)^2))) -> 1 | AK37: =T37+V37+X37+AE37+AI37 -> 30264.77 | AL37: 9594.8 | AN37: =IF((AL37-AL36)<=0,0,(AL37-AL36))*1000+GX37-BL37-BN37-BP37-BR37 -> 4254.77 | AO37: =IF(AN37<=0,0,(AN37/SQRT(AN37^2+(AM37-AM36)^2))) -> 1 | AP37: 7245.2 | AR37: =IF((AP37-AP36)<=0,0,(AP37-AP36))*1000 -> 8700 | AS37: =IF(AR37<=0,0,(AR37/SQRT(AR37^2+(AQ37-AQ36)^2))) -> 1 | AU37: =IF((AT37-AT36)<=0,0,(AT37-AT36)) -> 0 | AW37: =IF((AV37-AV36)<=0,0,(AV37-AV36)) -> 0 | AX37: 443450 | AZ37: =IF((AX37-AX36)<=0,0,(AX37-AX36)) -> 223.64 | BA37: 88062.48 | BC37: =IF((BA37-BA36)<=0,0,(BA37-BA36)) -> 30.288 | BD37: =AN37+AR37+AZ37+BC37 -> 13208.698 | BE37: 1634.8 | BF37: 888.25 | BG37: =IF((BE37-BE36)<=0,0,(BE37-BE36))*1000 -> 2400 | BH37: 7865 | BI37: 5060.2 | BJ37: =IF((BH37-BH36)<=0,0,(BH37-BH36))*1000 -> 9700 | BK37: 1128500 | BL37: =IF((BK37-BK36)<=0,0,(BK37-BK36)) -> 3900 | BM37: 796.26 | BN37: =IF((BM37-BM36)<=0,0,BM37-BM36)*1000 -> 680 | BP37: =IF((BO37-BO36)<=0,0,(BO37-BO36))*1000 -> 0 | BQ37: 754.31 | BR37: =IF((BQ37-BQ36)<=0,0,(BQ37-BQ36))*1000 -> 800 | BS37: 74695.67 | BT37: =IF((BS37-BS36)<=0,0,(BS37-BS36)) -> 151.11 | BU37: 1923200 | BW37: =IF((BU37-BU36)<=0,0,(BU37-BU36)) -> 5700 | BX37: =IF(BW37<=0,0,(BW37/SQRT(BW37^2+(BV37-BV36)^2))) -> 1 | BY37: 268.5 | CA37: =IF((BY37-BY36)<=0,0,(BY37-BY36)*1000) -> 730 | CB37: =IF(CA37<=0,0,(CA37/SQRT(CA37^2+(BZ37-BZ36)^2))) -> 1 | CC37: 454990 | CD37: =IF((CC37-CC36)<=0,0,(CC37-CC36)) -> 1190 | CE37: 697330 | CF37: =IF((CE37-CE36)<=0,0,(CE37-CE36)) -> 0 | CG37: 56415 | CH37: =IF((CG37-CG36)<=0,0,(CG37-CG36)) -> 427 | CI37: 10774 | CK37: =IF((CI37-CI36)*1000<=0,0,(CI37-CI36)*1000)+GX37-CA37 -> 16404.77 | CL37: =IF(CK37<=0,0,(CK37/SQRT(CK37^2+(CJ37-CJ36)^2))) -> 1 | CM37: 2767.7 | CO37: =IF((CM37-CM36)<=0,0,(CM37-CM36))*1000+GX37 -> 7434.77 | CP37: =IF(CO37<=0,0,(CO37/SQRT(CO37^2+(CN37-CN36)^2))) -> 1 | CQ37: 2692.2 | CS37: =IF((CQ37-CQ36)<=0,0,(CQ37-CQ36))*1000+GX37 -> 7034.77 | CT37: =IF(CS37<=0,0,(CS37/SQRT(CS37^2+(CR37-CR36)^2))) -> 1 | CU37: 2167600 | CW37: =IF((CU37-CU36)<=0,0,(CU37-CU36)) -> 15700 | CX37: =IF(CW37<=0,0,(CW37/SQRT(CW37^2+(CV37-CV36)^2))) -> 1 | CY37: 1154300 | DA37: =IF((CY37-CY36)<=0,0,(CY37-CY36))/1 -> 9100 | DB37: =IF(DA37<=0,0,(DA37/SQRT(DA37^2+(CZ37-CZ36)^2))) -> 1 | DE37: =IF((DC37-DC36)<=0,0,(DC37-DC36)) -> 0 | DF37: =IF(DE37<=0,0,(DE37/SQRT(DE37^2+(DD37-DD36)^2))) -> 0 | DG37: =(DE37)-DA37-CW37-CS37-CO37-CK37-BW37 -> -61374.31 | DH37: =DE37+BG37+AK37+N37 -> 277664.77 | DQ37: 2561900 | DR37: =IF((DQ37-DQ36)<=0,0,(DQ37-DQ36)) -> 10900 | DS37: 1812600 | DT37: =IF((DS37-DS36)<=0,0,(DS37-DS36)) -> 13400 | DU37: 7504 | DV37: 4187.6 | DW37: =IF((DU37-DU36)*1000<=0,0,(DU37-DU36)*1000) -> 4800 | DX37: 12430 | DY37: 8221 | DZ37: =IF((DX37-DX36)*1000<=0,0,(DX37-DX36)*1000)+GX37 -> 7134.77 | EA37: 27649 | EB37: 19.706 | EC37: =IF((EA37-EA36)*1000<=0,0,(EA37-EA36)*1000)+GX37+$EE$40 -> 25294.77 | ED37: =DW37+DZ37+EC37 -> 37229.54 | EE37: 42698 | EF37: 27.034 | EG37: =IF((EE37-EE36)*1000<=0,0,(EE37-EE36)*1000)+GX37+$EE$40 -> 34294.77 | EH37: 11975 | EI37: 1.5953 | EJ37: =IF((EH37-EH36)*1000<=0,0,(EH37-EH36)*1000)+GX37 -> 10134.77 | EK37: 722.75 | EL37: 1038.4 | EM37: =IF((EK37-EK36)<=0,0,(EK37-EK36))*1000 -> 670 | EN37: =EG37+EJ37+EM37 -> 45099.54 | EO37: 12056 | EP37: 4198.4 | EQ37: =IF((EO37-EO36)*1000<=0,0,(EO37-EO36)*1000)+GX37 -> 9134.77 | ER37: 7641.1 | ES37: 3101.7 | ET37: =IF((ER37-ER36)<=0,0,(ER37-ER36))*1000 -> 18800 | EU37: 2714.5 | EV37: 972.07 | EW37: =IF((EU37-EU36)<=0,0,(EU37-EU36))*1000+GX37 -> 8234.77 | EX37: 12230 | EY37: 1.2951 | EZ37: =IF((EX37-EX36)<=0,0,(EX37-EX36))*1000+GX37 -> 11134.77 | FA37: =FC37-EQ37-ET37-EW37-EZ37 -> -23275.31 | FB37: 34044831 | FC37: =IF((FB37-FB36)<=0,0,(FB37-FB36)) -> 24029 | FD37: =EQ37+ET37+EW37+EZ37+GJ37 -> 49004.31 | FE37: 16100 | FF37: 5779.8 | FG37: =IF((FE37-FE36)*1000<=0,0,(FE37-FE36)*1000)+FL37+GX37 -> 11001.44 | FH37: 7083 | FI37: 2.7269 | FJ37: =IF((FH37-FH36)<=0,0,(FH37-FH36))*1000+FL37+GX37 -> 20001.44 | FL37: -133.33 | FM37: =FT37/3 -> -134.77333 | FN37: 15371 | FO37: 0.6864 | FP37: =IF((FN37-FN36)*1000<=0,0,(FN37-FN36)*1000)+FL37+GX37 -> 12001.44 | FQ37: 54745 | FR37: 13.068 | FS37: =IF((FQ37-FQ36)*1000<=0,0,(FQ37-FQ36)*1000) -> 56000 | FT37: =FS37-FG37-FJ37-FP37-DT37 -> -404.32 | FU37: =FG37+FJ37+FP37+GM37 -> 44404.32 | FV37: 2430300 | FW37: 785710 | FX37: =IF((FV37-FV36)*1000<=0,0,(FV37-FV36)) -> 0 | FY37: 2812.3 | FZ37: 1.618 | GA37: =IF((FY37-FY36)*1000<=0,0,((FY37-FY36)*1000)-GS37) -> 410 | GB37: 738.84 | GC37: 819.76 | GD37: =IF((GB37-GB36)*1000<=0,0,(GB37-GB36)*1000) -> 260 | GE37: 9186 | GF37: 2.7449 | GG37: =IF((GE37-GE36)*1000<=0,0,(GE37-GE36)*1000)-GJ37-GM37 -> 400 | GH37: 1774.5 | GI37: 1498.2 | GJ37: =IF((GH37-GH36)<=0,0,(GH37-GH36))*1000 -> 1700 | GK37: 1405.6 | GL37: 1092 | GM37: =IF((GK37-GK36)<=0,0,(GK37-GK36))*1000 -> 1400 | GN37: 158900 | GO37: 138640 | GP37: =IF((GN37-GN36)<=0,0,(GN37-GN36)) -> 0 | GQ37: 202020 | GR37: 203110 | GS37: =IF((GQ37-GQ36)<=0,0,(GQ37-GQ36)) -> 90 | GU37: =DailyJan!B36-DailyJan!N36-DailyJan!V36-DailyJan!Y36-DailyJan!Z36-DailyJan!AA36-DailyJan!AB36-DailyJan!AC36-DailyJan!AD36-DailyJan!AE36-DailyJan!AK36-DailyJan!AO36-DailyJan!AS36-DailyJan!AY36-DailyJan!BD36+DailyJan!BS36-SUM(DailyJan!BM36:BQ36)-DailyJan!BR36-DailyJan!AF36-DailyJan!AG36 -> -0.0028000001 | GV37: 2021.55 | GW37: =GV37/15 -> 134.77 | GX37: 134.77 | HA37: 2021.5472 | HC37: 13929.062 | HE37: =HC37-HA37 -> 11907.515
