Workbook

Sheet Report1
A3: PAPER MACHINE 12 DAILY REPORT 1
A6: DATE | B6: GRADE | C6: GSM | D6: Speed yankee (mpm) | E6: Speed reel (mpm) | F6: Creep ( % ) | G6: Real Eff PM ( % ) | H6: Real Eff PM vs Target (%) | I6: Real Eff FG vs Real Eff PM (%) | J6: Eff FG vs Target (%) | L6: Kapasitas Target (ton) | N6: Kapasitas Teori Real (ton) | P6: PM PROD Timbangan (TON) | R6: FINSHED GOODS (TON) | T6: NET GROSS (Timbangan) (%) | V6: NET GROSS ( Scanner) (%) | X6: FRESH WATER | AB6: GAS HOOD | AH6: STEAM (TON) | AN6: STEAM (TON) DEINKING | AT6: POWER (kWh) | AZ6: POWER (kWh) DEINKING | BF6: Report | BH6: Kapasitas Running (ton) | BJ6: Eff FG vs Target Running(%)
X7: CONSUMPTION | Z7: /TON FG. | AB7: CONSUMPTION | AD7: /TON PM. | AF7: /TON FG. | AH7: CONSUMPTION | AJ7: /TON PM. | AL7: /TON FG. | AN7: CONSUMPTION | AP7: /TON PM. | AR7: /TON FG. | AT7: CONSUMPTION | AV7: /TON PM | AX7: /TON FG | AZ7: CONSUMPTION | BB7: /TON PM | BD7: /TON FG | BF7: Hood | BG7: Yankee
J8: TODAY | K8: TODATE | L8: TODAY | M8: TODATE | N8: TODAY | O8: TODATE | P8: TODAY | Q8: TODATE | R8: TODAY | S8: TODATE | T8: TODAY | U8: TODATE | V8: TODAY | W8: TODATE | X8: TODAY | Y8: TODATE | Z8: TODAY | AA8: TODATE | AB8: TODAY | AC8: TODATE | AD8: TODAY | AE8: TODATE | AF8: TODAY | AG8: TODATE | AH8: TODAY | AI8: TODATE | AJ8: TODAY | AK8: TODATE | AL8: TODAY | AM8: TODATE | AN8: TODAY | AO8: TODATE | AP8: TODAY | AQ8: TODATE | AR8: TODAY | AS8: TODATE | AT8: TODAY | AU8: TODATE | AV8: TODAY | AW8: TODATE | AX8: TODAY | AY8: TODATE | AZ8: TODAY | BA8: TODATE | BB8: TODAY | BC8: TODATE | BD8: TODAY | BE8: TODATE | BH8: TODAY | BI8: TODATE | BJ8: TODAY | BK8: TODATE
A9: 45992 | B9: Towel | C9: 38 | D9: =+'1'!F42 -> 383.81944 | E9: =+'1'!G42 -> 337.76111 | F9: =1-(E9/D9) -> 0.12 | G9: =+P9/N9 -> 1.025141 | H9: =+P9/L9 -> 0.91504432 | I9: =+R9/P9 -> 0.99257336 | J9: =+R9/L9 -> 0.90824861 | K9: =+S9/M9 -> 0.90824861 | L9: =+Efficiency1!K6 -> 66.071117 | M9: =L9 -> 66.071117 | N9: =+Efficiency1!C6 -> 58.975301 | O9: =N9 -> 58.975301 | P9: ='1'!I38 -> 60.458 | Q9: =P9 -> 60.458 | R9: ='1'!I40 -> 60.009 | S9: =R9 -> 60.009 | T9: =R9/P9 -> 0.99257336 | U9: =S9/Q9 -> 0.99257336 | V9: =R9/L9 -> 0.90824861 | W9: =S9/M9 -> 0.90824861 | AB9: 0 | AC9: =AB9 -> 0 | AD9: =AB9/P9 -> 0 | AE9: =AC9/Q9 -> 0 | AF9: =IF(AND(R9>0,AB9>0),(AB9/(R9*1000))*1000,0) -> 0 | AG9: =IF(AND(S9>0,AC9>0),AC9/S9,0) -> 0 | AH9: =+BF9+BG9 -> 100.193 | AI9: =AH9 -> 100.193 | AJ9: =AH9/(P9) -> 1.6572331 | AK9: =AI9/(Q9) -> 1.6572331 | AL9: =IF(AND(R9>0,AH9>0),AH9/(R9),0) -> 1.6696329 | AM9: =IF(AND(S9>0,AI9>0),AI9/(S9),0) -> 1.6696329 | AN9: 19.2 | AO9: =AN9 -> 19.2 | AP9: =AN9/(P9) -> 0.31757584 | AQ9: =AO9/(Q9) -> 0.31757584 | AR9: =IF(AND(R9>0,AN9>0),AN9/(R9),0) -> 0.31995201 | AS9: =IF(AND(S9>0,AO9>0),AO9/(S9),0) -> 0.31995201 | AT9: ='1'!I46 -> 33143.09 | AU9: =AT9 -> 33143.09 | AV9: =IF(AND(L9>0,AT9>0),(AT9/(P9*1000)*1000),0) -> 548.20024 | AW9: =IF(AND(M9>0,AU9>0),(AU9/(Q9*1000)*1000),0) -> 548.20024 | AX9: =IF(AND(R9>0,AT9>0),(AT9/(R9*1000)*1000),0) -> 552.30199 | AY9: =IF(AND(S9>0,AU9>0),(AU9/(S9*1000)*1000),0) -> 552.30199 | AZ9: =+Listrik!AH8 -> 29647 | BA9: =AZ9 -> 29647 | BB9: =IF(AND(L9>0,AZ9>0),(AZ9/(P9*1000)*1000),0) -> 490.37348 | BC9: =IF(AND(M9>0,BA9>0),(BA9/(Q9*1000)*1000),0) -> 490.37348 | BD9: =IF(AND(R9>0,AZ9>0),(AZ9/(R9*1000)*1000),0) -> 494.04256 | BE9: =IF(AND(S9>0,BA9>0),(BA9/(S9*1000)*1000),0) -> 494.04256 | BF9: 2.764 | BG9: 97.429 | BH9: =+Efficiency2!K6 -> 66.071117 | BI9: =BH9 -> 66.071117 | BJ9: =+R9/BH9 -> 0.90824861 | BK9: =+S9/BI9 -> 0.90824861
A10: =A9+1 -> 45993 | B10: Towel/Napkin | C10: 38/36/20 | D10: =+'2'!F42 -> 602.92135 | E10: =+'2'!G42 -> 520.81798 | F10: =1-(E10/D10) -> 0.13617592 | G10: =+P10/N10 -> 0.89735141 | H10: =+P10/L10 -> 0.76500578 | I10: =+R10/P10 -> 0.8619298 | J10: =+R10/L10 -> 0.65938128 | K10: =+S10/M10 -> 0.78260306 | L10: =+SUM(Efficiency1!K10:K12) -> 67.370733 | M10: =M9+L10 -> 133.44185 | N10: =+SUM(Efficiency1!C10:C12) -> 57.434579 | O10: =O9+N10 -> 116.40988 | P10: ='2'!I38 -> 51.539 | Q10: =Q9+P10 -> 111.997 | R10: ='2'!I40 -> 44.423 | S10: =S9+R10 -> 104.432 | T10: =R10/P10 -> 0.8619298 | U10: =S10/Q10 -> 0.93245355 | V10: =R10/L10 -> 0.65938128 | W10: =S10/M10 -> 0.78260306 | AB10: 0 | AC10: =AB10+AC9 -> 0 | AD10: =AB10/P10 -> 0 | AE10: =AC10/Q10 -> 0 | AF10: =IF(AND(R10>0,AB10>0),(AB10/(R10*1000))*1000,0) -> 0 | AG10: =IF(AND(S10>0,AC10>0),AC10/S10,0) -> 0 | AH10: =+BF10+BG10 -> 122.515 | AI10: =AH10+AI9 -> 222.708 | AJ10: =AH10/(P10) -> 2.3771319 | AK10: =AI10/(Q10) -> 1.9885175 | AL10: =IF(AND(R10>0,AH10>0),AH10/(R10),0) -> 2.7579182 | AM10: =IF(AND(S10>0,AI10>0),AI10/(S10),0) -> 2.1325647 | AN10: 16.8 | AO10: =AN10+AO9 -> 36 | AP10: =AN10/(P10) -> 0.32596674 | AQ10: =AO10/(Q10) -> 0.32143718 | AR10: =IF(AND(R10>0,AN10>0),AN10/(R10),0) -> 0.37818247 | AS10: =IF(AND(S10>0,AO10>0),AO10/(S10),0) -> 0.34472192 | AT10: ='2'!I46 -> 30787.85 | AU10: =AT10+AU9 -> 63930.94 | AV10: =IF(AND(L10>0,AT10>0),(AT10/(P10*1000)*1000),0) -> 597.36995 | AW10: =IF(AND(M10>0,AU10>0),(AU10/(Q10*1000)*1000),0) -> 570.82725 | AX10: =IF(AND(R10>0,AT10>0),(AT10/(R10*1000)*1000),0) -> 693.06103 | AY10: =IF(AND(S10>0,AU10>0),(AU10/(S10*1000)*1000),0) -> 612.17769 | AZ10: =+Listrik!AH9 -> 18058 | BA10: =AZ10+BA9 -> 47705 | BB10: =IF(AND(L10>0,AZ10>0),(AZ10/(P10*1000)*1000),0) -> 350.37544 | BC10: =IF(AND(M10>0,BA10>0),(BA10/(Q10*1000)*1000),0) -> 425.94891 | BD10: =IF(AND(R10>0,AZ10>0),(AZ10/(R10*1000)*1000),0) -> 406.50114 | BE10: =IF(AND(S10>0,BA10>0),(BA10/(S10*1000)*1000),0) -> 456.80443 | BF10: =2.112 -> 2.112 | BG10: 120.403 | BH10: =+SUM(Efficiency2!K10:K12) -> 67.370733 | BI10: =BI9+BH10 -> 133.44185 | BJ10: =+R10/BH10 -> 0.65938128 | BK10: =+S10/BI10 -> 0.78260306
A11: =A10+1 -> 45994 | B11: Napkin | C11: 20 | D11: =+'3'!F42 -> 700 | E11: =+'3'!G42 -> 602 | F11: =1-(E11/D11) -> 0.14 | G11: =+P11/N11 -> 0.82248985 | H11: =+P11/L11 -> 0.69366614 | I11: =+R11/P11 -> 1.0585873 | J11: =+R11/L11 -> 0.73430615 | K11: =+S11/M11 -> 0.76632515 | L11: =+Efficiency1!K15 -> 67.839552 | M11: =M10+L11 -> 201.2814 | N11: =+Efficiency1!C15 -> 57.21408 | O11: =O10+N11 -> 173.62396 | P11: ='3'!I38 -> 47.058 | Q11: =Q10+P11 -> 159.055 | R11: ='3'!I40 -> 49.815 | S11: =S10+R11 -> 154.247 | T11: =R11/P11 -> 1.0585873 | U11: =S11/Q11 -> 0.96977146 | V11: =R11/L11 -> 0.73430615 | W11: =S11/M11 -> 0.76632515 | AB11: 0 | AC11: =AB11+AC10 -> 0 | AD11: =AB11/P11 -> 0 | AE11: =AC11/Q11 -> 0 | AF11: =IF(AND(R11>0,AB11>0),(AB11/(R11*1000))*1000,0) -> 0 | AG11: =IF(AND(S11>0,AC11>0),AC11/S11,0) -> 0 | AH11: =+BF11+BG11 -> 108.375 | AI11: =AH11+AI10 -> 331.083 | AJ11: =AH11/(P11) -> 2.3030091 | AK11: =AI11/(Q11) -> 2.081563 | AL11: =IF(AND(R11>0,AH11>0),AH11/(R11),0) -> 2.1755495 | AM11: =IF(AND(S11>0,AI11>0),AI11/(S11),0) -> 2.1464469 | AN11: 9.8 | AO11: =AN11+AO10 -> 45.8 | AP11: =AN11/(P11) -> 0.20825364 | AQ11: =AO11/(Q11) -> 0.28795071 | AR11: =IF(AND(R11>0,AN11>0),AN11/(R11),0) -> 0.19672789 | AS11: =IF(AND(S11>0,AO11>0),AO11/(S11),0) -> 0.29692636 | AT11: ='3'!I46 -> 9621.46 | AU11: =AT11+AU10 -> 73552.4 | AV11: =IF(AND(L11>0,AT11>0),(AT11/(P11*1000)*1000),0) -> 204.4596 | AW11: =IF(AND(M11>0,AU11>0),(AU11/(Q11*1000)*1000),0) -> 462.43375 | AX11: =IF(AND(R11>0,AT11>0),(AT11/(R11*1000)*1000),0) -> 193.14383 | AY11: =IF(AND(S11>0,AU11>0),(AU11/(S11*1000)*1000),0) -> 476.84817 | AZ11: =+Listrik!AH10 -> 509 | BA11: =AZ11+BA10 -> 48214 | BB11: =IF(AND(L11>0,AZ11>0),(AZ11/(P11*1000)*1000),0) -> 10.816439 | BC11: =IF(AND(M11>0,BA11>0),(BA11/(Q11*1000)*1000),0) -> 303.12785 | BD11: =IF(AND(R11>0,AZ11>0),(AZ11/(R11*1000)*1000),0) -> 10.217806 | BE11: =IF(AND(S11>0,BA11>0),(BA11/(S11*1000)*1000),0) -> 312.57658 | BF11: =1.131 -> 1.131 | BG11: 107.244 | BH11: =+Efficiency2!K15 -> 55.590744 | BI11: =BI10+BH11 -> 189.03259 | BJ11: =+R11/BH11 -> 0.89610242 | BK11: =+S11/BI11 -> 0.81598097
A12: =A11+1 -> 45995 | B12: Napkin | C12: STOP | D12: =+'4'!F42 -> 0 | E12: =+'4'!G42 -> 0 | F12: =1-(E12/D12) -> #DIV/0! | G12: =+P12/N12 -> 0 | H12: =+P12/L12 -> 0 | I12: =+R12/P12 -> #DIV/0! | J12: =+R12/L12 -> 0 | K12: =+S12/M12 -> 0.57315121 | L12: =+Efficiency1!K20 -> 67.839552 | M12: =M11+L12 -> 269.12095 | N12: =+Efficiency1!C20 -> 57.21408 | O12: =O11+N12 -> 230.83804 | P12: ='4'!I38 -> 0 | Q12: =Q11+P12 -> 159.055 | R12: ='4'!I40 -> 0 | S12: =S11+R12 -> 154.247 | T12: =R12/P12 -> #DIV/0! | U12: =S12/Q12 -> 0.96977146 | V12: =R12/L12 -> 0 | W12: =S12/M12 -> 0.57315121 | AB12: 0 | AC12: =AB12+AC11 -> 0 | AD12: =AB12/P12 -> #DIV/0! | AE12: =AC12/Q12 -> 0 | AF12: =IF(AND(R12>0,AB12>0),(AB12/(R12*1000))*1000,0) -> 0 | AG12: =IF(AND(S12>0,AC12>0),AC12/S12,0) -> 0 | AH12: =+BF12+BG12 -> 6.184 | AI12: =AH12+AI11 -> 337.267 | AJ12: =AH12/(P12) -> #DIV/0! | AK12: =AI12/(Q12) -> 2.1204426 | AL12: =IF(AND(R12>0,AH12>0),AH12/(R12),0) -> 0 | AM12: =IF(AND(S12>0,AI12>0),AI12/(S12),0) -> 2.1865385 | AN12: 0 | AO12: =AN12+AO11 -> 45.8 | AP12: =AN12/(P12) -> #DIV/0! | AQ12: =AO12/(Q12) -> 0.28795071 | AR12: =IF(AND(R12>0,AN12>0),AN12/(R12),0) -> 0 | AS12: =IF(AND(S12>0,AO12>0),AO12/(S12),0) -> 0.29692636 | AT12: ='4'!I46 -> 23567.18 | AU12: =AT12+AU11 -> 97119.58 | AV12: =IF(AND(L12>0,AT12>0),(AT12/(P12*1000)*1000),0) -> #DIV/0! | AW12: =IF(AND(M12>0,AU12>0),(AU12/(Q12*1000)*1000),0) -> 610.60375 | AX12: =IF(AND(R12>0,AT12>0),(AT12/(R12*1000)*1000),0) -> 0 | AY12: =IF(AND(S12>0,AU12>0),(AU12/(S12*1000)*1000),0) -> 629.63675 | AZ12: =+Listrik!AH11 -> 1070 | BA12: =AZ12+BA11 -> 49284 | BB12: =IF(AND(L12>0,AZ12>0),(AZ12/(P12*1000)*1000),0) -> #DIV/0! | BC12: =IF(AND(M12>0,BA12>0),(BA12/(Q12*1000)*1000),0) -> 309.85508 | BD12: =IF(AND(R12>0,AZ12>0),(AZ12/(R12*1000)*1000),0) -> 0 | BE12: =IF(AND(S12>0,BA12>0),(BA12/(S12*1000)*1000),0) -> 319.51351 | BF12: 0.501 | BG12: 5.683 | BH12: =+Efficiency2!K20 -> 12.248808 | BI12: =BI11+BH12 -> 201.2814 | BJ12: =+R12/BH12 -> 0 | BK12: =+S12/BI12 -> 0.76632515
A13: =A12+1 -> 45996 | B13: Towel | C13: 17 | D13: =+'5'!F42 -> 794.83983 | E13: =+'5'!G42 -> 683.56225 | F13: =1-(E13/D13) -> 0.14 | G13: =+P13/N13 -> 0.74109904 | H13: =+P13/L13 -> 0.70970486 | I13: =+R13/P13 -> 0.8454965 | J13: =+R13/L13 -> 0.60005298 | K13: =+S13/M13 -> 0.57775515 | L13: =+Efficiency1!K26 -> 55.56676 | M13: =M12+L13 -> 324.68771 | N13: =+Efficiency1!C26 -> 53.21286 | O13: =O12+N13 -> 284.0509 | P13: ='5'!I38 -> 39.436 | Q13: =Q12+P13 -> 198.491 | R13: ='5'!I40 -> 33.343 | S13: =S12+R13 -> 187.59 | T13: =R13/P13 -> 0.8454965 | U13: =S13/Q13 -> 0.94508063 | V13: =R13/L13 -> 0.60005298 | W13: =S13/M13 -> 0.57775515 | AB13: 0 | AC13: =AB13+AC12 -> 0 | AD13: =AB13/P13 -> 0 | AE13: =AC13/Q13 -> 0 | AF13: =IF(AND(R13>0,AB13>0),(AB13/(R13*1000))*1000,0) -> 0 | AG13: =IF(AND(S13>0,AC13>0),AC13/S13,0) -> 0 | AH13: =+BF13+BG13 -> 109.386 | AI13: =AH13+AI12 -> 446.653 | AJ13: =AH13/(P13) -> 2.77376 | AK13: =AI13/(Q13) -> 2.2502431 | AL13: =IF(AND(R13>0,AH13>0),AH13/(R13),0) -> 3.2806286 | AM13: =IF(AND(S13>0,AI13>0),AI13/(S13),0) -> 2.3810065 | AN13: 7.5 | AO13: =AN13+AO12 -> 53.3 | AP13: =AN13/(P13) -> 0.19018156 | AQ13: =AO13/(Q13) -> 0.26852603 | AR13: =IF(AND(R13>0,AN13>0),AN13/(R13),0) -> 0.22493477 | AS13: =IF(AND(S13>0,AO13>0),AO13/(S13),0) -> 0.28413028 | AT13: ='5'!I46 -> 31737.23 | AU13: =AT13+AU12 -> 128856.81 | AV13: =IF(AND(L13>0,AT13>0),(AT13/(P13*1000)*1000),0) -> 804.77812 | AW13: =IF(AND(M13>0,AU13>0),(AU13/(Q13*1000)*1000),0) -> 649.18213 | AX13: =IF(AND(R13>0,AT13>0),(AT13/(R13*1000)*1000),0) -> 951.84087 | AY13: =IF(AND(S13>0,AU13>0),(AU13/(S13*1000)*1000),0) -> 686.9066 | AZ13: =+Listrik!AH12 -> 21381.5 | BA13: =AZ13+BA12 -> 70665.5 | BB13: =IF(AND(L13>0,AZ13>0),(AZ13/(P13*1000)*1000),0) -> 542.18227 | BC13: =IF(AND(M13>0,BA13>0),(BA13/(Q13*1000)*1000),0) -> 356.01362 | BD13: =IF(AND(R13>0,AZ13>0),(AZ13/(R13*1000)*1000),0) -> 641.25903 | BE13: =IF(AND(S13>0,BA13>0),(BA13/(S13*1000)*1000),0) -> 376.70185 | BF13: =0.024 -> 0.024 | BG13: 109.362 | BH13: =+Efficiency2!K26 -> 55.56676 | BI13: =BI12+BH13 -> 256.84816 | BJ13: =+R13/BH13 -> 0.60005298 | BK13: =+S13/BI13 -> 0.73035368
A14: =A13+1 -> 45997 | B14: Towel/Napkin | C14: 17/15,5 | D14: =+'6'!F42 -> 829.30982 | E14: =+'6'!G42 -> 713.20644 | F14: =1-(E14/D14) -> 0.14 | G14: =+P14/N14 -> 0.81473424 | H14: =+P14/L14 -> 0.81407819 | I14: =+R14/P14 -> 0.90842041 | J14: =+R14/L14 -> 0.73952524 | K14: =+S14/M14 -> 0.60007309 | L14: =+SUM(Efficiency1!K31:K32) -> 51.963068 | M14: =M13+L14 -> 376.65078 | N14: =+SUM(Efficiency1!C31:C32) -> 51.921225 | O14: =O13+N14 -> 335.97213 | P14: ='6'!I38 -> 42.302 | Q14: =Q13+P14 -> 240.793 | R14: ='6'!I40 -> 38.428 | S14: =S13+R14 -> 226.018 | T14: =R14/P14 -> 0.90842041 | U14: =S14/Q14 -> 0.93864024 | V14: =R14/L14 -> 0.73952524 | W14: =S14/M14 -> 0.60007309 | AB14: 0 | AC14: =AB14+AC13 -> 0 | AD14: =AB14/P14 -> 0 | AE14: =AC14/Q14 -> 0 | AF14: =IF(AND(R14>0,AB14>0),(AB14/(R14*1000))*1000,0) -> 0 | AG14: =IF(AND(S14>0,AC14>0),AC14/S14,0) -> 0 | AH14: =+BF14+BG14 -> 124.375 | AI14: =AH14+AI13 -> 571.028 | AJ14: =AH14/(P14) -> 2.9401683 | AK14: =AI14/(Q14) -> 2.3714477 | AL14: =IF(AND(R14>0,AH14>0),AH14/(R14),0) -> 3.2365723 | AM14: =IF(AND(S14>0,AI14>0),AI14/(S14),0) -> 2.5264713 | AN14: 8.9 | AO14: =AN14+AO13 -> 62.2 | AP14: =AN14/(P14) -> 0.21039194 | AQ14: =AO14/(Q14) -> 0.25831316 | AR14: =IF(AND(R14>0,AN14>0),AN14/(R14),0) -> 0.23160196 | AS14: =IF(AND(S14>0,AO14>0),AO14/(S14),0) -> 0.27519932 | AT14: ='6'!I46 -> 36470.97 | AU14: =AT14+AU13 -> 165327.78 | AV14: =IF(AND(L14>0,AT14>0),(AT14/(P14*1000)*1000),0) -> 862.15711 | AW14: =IF(AND(M14>0,AU14>0),(AU14/(Q14*1000)*1000),0) -> 686.59712 | AX14: =IF(AND(R14>0,AT14>0),(AT14/(R14*1000)*1000),0) -> 949.07281 | AY14: =IF(AND(S14>0,AU14>0),(AU14/(S14*1000)*1000),0) -> 731.48059 | AZ14: =+Listrik!AH13 -> 19565 | BA14: =AZ14+BA13 -> 90230.5 | BB14: =IF(AND(L14>0,AZ14>0),(AZ14/(P14*1000)*1000),0) -> 462.50768 | BC14: =IF(AND(M14>0,BA14>0),(BA14/(Q14*1000)*1000),0) -> 374.72227 | BD14: =IF(AND(R14>0,AZ14>0),(AZ14/(R14*1000)*1000),0) -> 509.13396 | BE14: =IF(AND(S14>0,BA14>0),(BA14/(S14*1000)*1000),0) -> 399.2182 | BF14: =0.208 -> 0.208 | BG14: 124.167 | BH14: =+SUM(Efficiency2!K31:K32) -> 51.963068 | BI14: =BI13+BH14 -> 308.81123 | BJ14: =+R14/BH14 -> 0.73952524 | BK14: =+S14/BI14 -> 0.73189696
A15: =A14+1 -> 45998 | B15: Napkin | C15: 15,5 | D15: =+'7'!F42 -> 830 | E15: =+'7'!G42 -> 713.8 | F15: =1-(E15/D15) -> 0.14 | G15: =+P15/N15 -> 0.95447036 | H15: =+P15/L15 -> 0.95447036 | I15: =+R15/P15 -> 0.98243621 | J15: =+R15/L15 -> 0.93770625 | K15: =+S15/M15 -> 0.64079475 | L15: =+Efficiency1!K38 -> 51.657969 | M15: =M14+L15 -> 428.30875 | N15: =+Efficiency1!C38 -> 51.657969 | O15: =O14+N15 -> 387.63009 | P15: ='7'!I38 -> 49.306 | Q15: =Q14+P15 -> 290.099 | R15: ='7'!I40 -> 48.44 | S15: =S14+R15 -> 274.458 | T15: =R15/P15 -> 0.98243621 | U15: =S15/Q15 -> 0.94608392 | V15: =R15/L15 -> 0.93770625 | W15: =S15/M15 -> 0.64079475 | AB15: 0 | AC15: =AB15+AC14 -> 0 | AD15: =AB15/P15 -> 0 | AE15: =AC15/Q15 -> 0 | AF15: =IF(AND(R15>0,AB15>0),(AB15/(R15*1000))*1000,0) -> 0 | AG15: =IF(AND(S15>0,AC15>0),AC15/S15,0) -> 0 | AH15: =+BF15+BG15 -> 124.127 | AI15: =AH15+AI14 -> 695.155 | AJ15: =AH15/(P15) -> 2.5174827 | AK15: =AI15/(Q15) -> 2.3962682 | AL15: =IF(AND(R15>0,AH15>0),AH15/(R15),0) -> 2.5624897 | AM15: =IF(AND(S15>0,AI15>0),AI15/(S15),0) -> 2.5328283 | AN15: 8.8 | AO15: =AN15+AO14 -> 71 | AP15: =AN15/(P15) -> 0.17847726 | AQ15: =AO15/(Q15) -> 0.24474404 | AR15: =IF(AND(R15>0,AN15>0),AN15/(R15),0) -> 0.18166804 | AS15: =IF(AND(S15>0,AO15>0),AO15/(S15),0) -> 0.25869168 | AT15: ='7'!I46 -> 35692.67 | AU15: =AT15+AU14 -> 201020.45 | AV15: =IF(AND(L15>0,AT15>0),(AT15/(P15*1000)*1000),0) -> 723.90115 | AW15: =IF(AND(M15>0,AU15>0),(AU15/(Q15*1000)*1000),0) -> 692.93741 | AX15: =IF(AND(R15>0,AT15>0),(AT15/(R15*1000)*1000),0) -> 736.8429 | AY15: =IF(AND(S15>0,AU15>0),(AU15/(S15*1000)*1000),0) -> 732.427 | AZ15: =+Listrik!AH14 -> 23299 | BA15: =AZ15+BA14 -> 113529.5 | BB15: =IF(AND(L15>0,AZ15>0),(AZ15/(P15*1000)*1000),0) -> 472.53884 | BC15: =IF(AND(M15>0,BA15>0),(BA15/(Q15*1000)*1000),0) -> 391.34744 | BD15: =IF(AND(R15>0,AZ15>0),(AZ15/(R15*1000)*1000),0) -> 480.98679 | BE15: =IF(AND(S15>0,BA15>0),(BA15/(S15*1000)*1000),0) -> 413.64981 | BF15: =0.004 -> 0.004 | BG15: 124.123 | BH15: =+Efficiency2!K38 -> 51.657969 | BI15: =BI14+BH15 -> 360.4692 | BJ15: =+R15/BH15 -> 0.93770625 | BK15: =+S15/BI15 -> 0.76139099
A16: =A15+1 -> 45999 | B16: Napkin | C16: 15,5 | D16: =+'8'!F42 -> 830 | E16: =+'8'!G42 -> 713.8 | F16: =1-(E16/D16) -> 0.14 | G16: =+P16/N16 -> 0.91606018 | H16: =+P16/L16 -> 0.91606018 | I16: =+R16/P16 -> 0.97029599 | J16: =+R16/L16 -> 0.88884951 | K16: =+S16/M16 -> 0.66753231 | L16: =+Efficiency1!K42 -> 51.744417 | M16: =M15+L16 -> 480.05317 | N16: =+Efficiency1!C42 -> 51.744417 | O16: =O15+N16 -> 439.37451 | P16: ='8'!I38 -> 47.401 | Q16: =Q15+P16 -> 337.5 | R16: ='8'!I40 -> 45.993 | S16: =S15+R16 -> 320.451 | T16: =R16/P16 -> 0.97029599 | U16: =S16/Q16 -> 0.94948444 | V16: =R16/L16 -> 0.88884951 | W16: =S16/M16 -> 0.66753231 | AB16: 0 | AC16: =AB16+AC15 -> 0 | AD16: =AB16/P16 -> 0 | AE16: =AC16/Q16 -> 0 | AF16: =IF(AND(R16>0,AB16>0),(AB16/(R16*1000))*1000,0) -> 0 | AG16: =IF(AND(S16>0,AC16>0),AC16/S16,0) -> 0 | AH16: =+BF16+BG16 -> 118.254 | AI16: =AH16+AI15 -> 813.409 | AJ16: =AH16/(P16) -> 2.4947575 | AK16: =AI16/(Q16) -> 2.4101007 | AL16: =IF(AND(R16>0,AH16>0),AH16/(R16),0) -> 2.5711304 | AM16: =IF(AND(S16>0,AI16>0),AI16/(S16),0) -> 2.5383257 | AN16: 7.9 | AO16: =AN16+AO15 -> 78.9 | AP16: =AN16/(P16) -> 0.16666315 | AQ16: =AO16/(Q16) -> 0.23377778 | AR16: =IF(AND(R16>0,AN16>0),AN16/(R16),0) -> 0.17176527 | AS16: =IF(AND(S16>0,AO16>0),AO16/(S16),0) -> 0.24621549 | AT16: ='8'!I46 -> 34343.67 | AU16: =AT16+AU15 -> 235364.12 | AV16: =IF(AND(L16>0,AT16>0),(AT16/(P16*1000)*1000),0) -> 724.53471 | AW16: =IF(AND(M16>0,AU16>0),(AU16/(Q16*1000)*1000),0) -> 697.37517 | AX16: =IF(AND(R16>0,AT16>0),(AT16/(R16*1000)*1000),0) -> 746.71515 | AY16: =IF(AND(S16>0,AU16>0),(AU16/(S16*1000)*1000),0) -> 734.47772 | AZ16: =+Listrik!AH15 -> 21403.6 | BA16: =AZ16+BA15 -> 134933.1 | BB16: =IF(AND(L16>0,AZ16>0),(AZ16/(P16*1000)*1000),0) -> 451.54322 | BC16: =IF(AND(M16>0,BA16>0),(BA16/(Q16*1000)*1000),0) -> 399.80178 | BD16: =IF(AND(R16>0,AZ16>0),(AZ16/(R16*1000)*1000),0) -> 465.36647 | BE16: =IF(AND(S16>0,BA16>0),(BA16/(S16*1000)*1000),0) -> 421.07249 | BF16: =4.051 -> 4.051 | BG16: 114.203 | BH16: =+Efficiency2!K42 -> 51.744417 | BI16: =BI15+BH16 -> 412.21362 | BJ16: =+R16/BH16 -> 0.88884951 | BK16: =+S16/BI16 -> 0.77739062
A17: =A16+1 -> 46000 | B17: Napkin | C17: 15,5/17/16,5/20 | D17: =+'9'!F42 -> 830 | E17: =+'9'!G42 -> 713.8 | F17: =1-(E17/D17) -> 0.14 | G17: =+P17/N17 -> 0.95940623 | H17: =+P17/L17 -> 0.95940623 | I17: =+R17/P17 -> 0.944384 | J17: =+R17/L17 -> 0.90604789 | K17: =+S17/M17 -> 0.69265777 | L17: =+SUM(Efficiency1!K47:K50) -> 56.523502 | M17: =M16+L17 -> 536.57667 | N17: =+SUM(Efficiency1!C47:C50) -> 56.523502 | O17: =O16+N17 -> 495.89801 | P17: ='9'!I38 -> 54.229 | Q17: =Q16+P17 -> 391.729 | R17: ='9'!I40 -> 51.213 | S17: =S16+R17 -> 371.664 | T17: =R17/P17 -> 0.944384 | U17: =S17/Q17 -> 0.94877836 | V17: =R17/L17 -> 0.90604789 | W17: =S17/M17 -> 0.69265777 | AB17: 0 | AC17: =AB17+AC16 -> 0 | AD17: =AB17/P17 -> 0 | AE17: =AC17/Q17 -> 0 | AF17: =IF(AND(R17>0,AB17>0),(AB17/(R17*1000))*1000,0) -> 0 | AG17: =IF(AND(S17>0,AC17>0),AC17/S17,0) -> 0 | AH17: =+BF17+BG17 -> 135.581 | AI17: =AH17+AI16 -> 948.99 | AJ17: =AH17/(P17) -> 2.5001567 | AK17: =AI17/(Q17) -> 2.4225676 | AL17: =IF(AND(R17>0,AH17>0),AH17/(R17),0) -> 2.6473942 | AM17: =IF(AND(S17>0,AI17>0),AI17/(S17),0) -> 2.5533546 | AN17: 9.4 | AO17: =AN17+AO16 -> 88.3 | AP17: =AN17/(P17) -> 0.17333899 | AQ17: =AO17/(Q17) -> 0.22541093 | AR17: =IF(AND(R17>0,AN17>0),AN17/(R17),0) -> 0.18354715 | AS17: =IF(AND(S17>0,AO17>0),AO17/(S17),0) -> 0.23758018 | AT17: ='9'!I46 -> 34596.58 | AU17: =AT17+AU16 -> 269960.7 | AV17: =IF(AND(L17>0,AT17>0),(AT17/(P17*1000)*1000),0) -> 637.97193 | AW17: =IF(AND(M17>0,AU17>0),(AU17/(Q17*1000)*1000),0) -> 689.15168 | AX17: =IF(AND(R17>0,AT17>0),(AT17/(R17*1000)*1000),0) -> 675.54293 | AY17: =IF(AND(S17>0,AU17>0),(AU17/(S17*1000)*1000),0) -> 726.35687 | AZ17: =+Listrik!AH16 -> 28955.4 | BA17: =AZ17+BA16 -> 163888.5 | BB17: =IF(AND(L17>0,AZ17>0),(AZ17/(P17*1000)*1000),0) -> 533.94678 | BC17: =IF(AND(M17>0,BA17>0),(BA17/(Q17*1000)*1000),0) -> 418.37214 | BD17: =IF(AND(R17>0,AZ17>0),(AZ17/(R17*1000)*1000),0) -> 565.3916 | BE17: =IF(AND(S17>0,BA17>0),(BA17/(S17*1000)*1000),0) -> 440.95877 | BF17: =17.335 -> 17.335 | BG17: 118.246 | BH17: =+SUM(Efficiency2!K47:K50) -> 56.523502 | BI17: =BI16+BH17 -> 468.73712 | BJ17: =+R17/BH17 -> 0.90604789 | BK17: =+S17/BI17 -> 0.79290499
A18: =A17+1 -> 46001 | B18: Napkin | C18: 20 | D18: =+'10'!F42 -> 830 | E18: =+'10'!G42 -> 713.8 | F18: =1-(E18/D18) -> 0.14 | G18: =+P18/N18 -> 0.86294792 | H18: =+P18/L18 -> 0.86294792 | I18: =+R18/P18 -> 0.97120016 | J18: =+R18/L18 -> 0.83809516 | K18: =+S18/M18 -> 0.70898163 | L18: =+Efficiency1!K52 -> 67.839552 | M18: =M17+L18 -> 604.41622 | N18: =+Efficiency1!C52 -> 67.839552 | O18: =O17+N18 -> 563.73757 | P18: ='10'!I38 -> 58.542 | Q18: =Q17+P18 -> 450.271 | R18: ='10'!I40 -> 56.856 | S18: =S17+R18 -> 428.52 | T18: =R18/P18 -> 0.97120016 | U18: =S18/Q18 -> 0.95169354 | V18: =R18/L18 -> 0.83809516 | W18: =S18/M18 -> 0.70898163 | AB18: 0 | AC18: =AB18+AC17 -> 0 | AD18: =AB18/P18 -> 0 | AE18: =AC18/Q18 -> 0 | AF18: =IF(AND(R18>0,AB18>0),(AB18/(R18*1000))*1000,0) -> 0 | AG18: =IF(AND(S18>0,AC18>0),AC18/S18,0) -> 0 | AH18: =+BF18+BG18 -> 127.567 | AI18: =AH18+AI17 -> 1076.557 | AJ18: =AH18/(P18) -> 2.179068 | AK18: =AI18/(Q18) -> 2.390909 | AL18: =IF(AND(R18>0,AH18>0),AH18/(R18),0) -> 2.2436858 | AM18: =IF(AND(S18>0,AI18>0),AI18/(S18),0) -> 2.5122678 | AN18: 11.2 | AO18: =AN18+AO17 -> 99.5 | AP18: =AN18/(P18) -> 0.19131564 | AQ18: =AO18/(Q18) -> 0.22097803 | AR18: =IF(AND(R18>0,AN18>0),AN18/(R18),0) -> 0.19698888 | AS18: =IF(AND(S18>0,AO18>0),AO18/(S18),0) -> 0.23219453 | AT18: ='10'!I46 -> 22539 | AU18: =AT18+AU17 -> 292499.7 | AV18: =IF(AND(L18>0,AT18>0),(AT18/(P18*1000)*1000),0) -> 385.00564 | AW18: =IF(AND(M18>0,AU18>0),(AU18/(Q18*1000)*1000),0) -> 649.60812 | AX18: =IF(AND(R18>0,AT18>0),(AT18/(R18*1000)*1000),0) -> 396.42254 | AY18: =IF(AND(S18>0,AU18>0),(AU18/(S18*1000)*1000),0) -> 682.58121 | AZ18: =+Listrik!AH17 -> 33847.08 | BA18: =AZ18+BA17 -> 197735.58 | BB18: =IF(AND(L18>0,AZ18>0),(AZ18/(P18*1000)*1000),0) -> 578.16747 | BC18: =IF(AND(M18>0,BA18>0),(BA18/(Q18*1000)*1000),0) -> 439.14794 | BD18: =IF(AND(R18>0,AZ18>0),(AZ18/(R18*1000)*1000),0) -> 595.31237 | BE18: =IF(AND(S18>0,BA18>0),(BA18/(S18*1000)*1000),0) -> 461.43839 | BF18: =9.15 -> 9.15 | BG18: 118.417 | BH18: =+Efficiency2!K52 -> 67.839552 | BI18: =BI17+BH18 -> 536.57667 | BJ18: =+R18/BH18 -> 0.83809516 | BK18: =+S18/BI18 -> 0.7986184
A19: =A18+1 -> 46002 | B19: Napkin | C19: 20 | D19: =+'11'!F42 -> 830 | E19: =+'11'!G42 -> 713.8 | F19: =1-(E19/D19) -> 0.14 | G19: =+P19/N19 -> 0.73063572 | H19: =+P19/L19 -> 0.73063572 | I19: =+R19/P19 -> 0.94863414 | J19: =+R19/L19 -> 0.69310599 | K19: =+S19/M19 -> 0.70737957 | L19: =+Efficiency1!K57 -> 67.839552 | M19: =M18+L19 -> 672.25577 | N19: =+Efficiency1!C57 -> 67.839552 | O19: =O18+N19 -> 631.57712 | P19: ='11'!I38 -> 49.566 | Q19: =Q18+P19 -> 499.837 | R19: ='11'!I40 -> 47.02 | S19: =S18+R19 -> 475.54 | T19: =R19/P19 -> 0.94863414 | U19: =S19/Q19 -> 0.95139015 | V19: =R19/L19 -> 0.69310599 | W19: =S19/M19 -> 0.70737957 | AB19: 0 | AC19: =AB19+AC18 -> 0 | AD19: =AB19/P19 -> 0 | AE19: =AC19/Q19 -> 0 | AF19: =IF(AND(R19>0,AB19>0),(AB19/(R19*1000))*1000,0) -> 0 | AG19: =IF(AND(S19>0,AC19>0),AC19/S19,0) -> 0 | AH19: =+BF19+BG19 -> 97.398 | AI19: =AH19+AI18 -> 1173.955 | AJ19: =AH19/(P19) -> 1.9650163 | AK19: =AI19/(Q19) -> 2.3486757 | AL19: =IF(AND(R19>0,AH19>0),AH19/(R19),0) -> 2.0714164 | AM19: =IF(AND(S19>0,AI19>0),AI19/(S19),0) -> 2.4686777 | AN19: 10.7 | AO19: =AN19+AO18 -> 110.2 | AP19: =AN19/(P19) -> 0.21587378 | AQ19: =AO19/(Q19) -> 0.22047187 | AR19: =IF(AND(R19>0,AN19>0),AN19/(R19),0) -> 0.22756274 | AS19: =IF(AND(S19>0,AO19>0),AO19/(S19),0) -> 0.23173655 | AT19: ='11'!I46 -> 35062.46 | AU19: =AT19+AU18 -> 327562.16 | AV19: =IF(AND(L19>0,AT19>0),(AT19/(P19*1000)*1000),0) -> 707.38934 | AW19: =IF(AND(M19>0,AU19>0),(AU19/(Q19*1000)*1000),0) -> 655.33796 | AX19: =IF(AND(R19>0,AT19>0),(AT19/(R19*1000)*1000),0) -> 745.69247 | AY19: =IF(AND(S19>0,AU19>0),(AU19/(S19*1000)*1000),0) -> 688.82147 | AZ19: =+Listrik!AH18 -> 29465.28 | BA19: =AZ19+BA18 -> 227200.86 | BB19: =IF(AND(L19>0,AZ19>0),(AZ19/(P19*1000)*1000),0) -> 594.46556 | BC19: =IF(AND(M19>0,BA19>0),(BA19/(Q19*1000)*1000),0) -> 454.5499 | BD19: =IF(AND(R19>0,AZ19>0),(AZ19/(R19*1000)*1000),0) -> 626.65419 | BE19: =IF(AND(S19>0,BA19>0),(BA19/(S19*1000)*1000),0) -> 477.77445 | BF19: 0.316 | BG19: 97.082 | BH19: =+Efficiency2!K57 -> 67.839552 | BI19: =BI18+BH19 -> 604.41622 | BJ19: =+R19/BH19 -> 0.69310599 | BK19: =+S19/BI19 -> 0.78677571
A20: =A19+1 -> 46003 | B20: Napkin | C20: 20 | D20: =+'12'!F42 -> 830 | E20: =+'12'!G42 -> 713.8 | F20: =1-(E20/D20) -> 0.14 | G20: =+P20/N20 -> 0.94862144 | H20: =+P20/L20 -> 0.94862144 | I20: =+R20/P20 -> 0.93456046 | J20: =+R20/L20 -> 0.88654408 | K20: =+S20/M20 -> 0.72360625 | L20: =+Efficiency1!K62 -> 66.94873 | M20: =M19+L20 -> 739.2045 | N20: =+Efficiency1!C62 -> 66.94873 | O20: =O19+N20 -> 698.52585 | P20: ='12'!I38 -> 63.509 | Q20: =Q19+P20 -> 563.346 | R20: ='12'!I40 -> 59.353 | S20: =S19+R20 -> 534.893 | T20: =R20/P20 -> 0.93456046 | U20: =S20/Q20 -> 0.94949285 | V20: =R20/L20 -> 0.88654408 | W20: =S20/M20 -> 0.72360625 | AB20: 0 | AC20: =AB20+AC19 -> 0 | AD20: =AB20/P20 -> 0 | AE20: =AC20/Q20 -> 0 | AF20: =IF(AND(R20>0,AB20>0),(AB20/(R20*1000))*1000,0) -> 0 | AG20: =IF(AND(S20>0,AC20>0),AC20/S20,0) -> 0 | AH20: =+BF20+BG20 -> 128.033 | AI20: =AH20+AI19 -> 1301.988 | AJ20: =AH20/(P20) -> 2.015982 | AK20: =AI20/(Q20) -> 2.3111693 | AL20: =IF(AND(R20>0,AH20>0),AH20/(R20),0) -> 2.1571445 | AM20: =IF(AND(S20>0,AI20>0),AI20/(S20),0) -> 2.4341093 | AN20: 12.8 | AO20: =AN20+AO19 -> 123 | AP20: =AN20/(P20) -> 0.20154624 | AQ20: =AO20/(Q20) -> 0.21833829 | AR20: =IF(AND(R20>0,AN20>0),AN20/(R20),0) -> 0.21565885 | AS20: =IF(AND(S20>0,AO20>0),AO20/(S20),0) -> 0.22995253 | AT20: ='12'!I46 -> 42222.02 | AU20: =AT20+AU19 -> 369784.18 | AV20: =IF(AND(L20>0,AT20>0),(AT20/(P20*1000)*1000),0) -> 664.81947 | AW20: =IF(AND(M20>0,AU20>0),(AU20/(Q20*1000)*1000),0) -> 656.40686 | AX20: =IF(AND(R20>0,AT20>0),(AT20/(R20*1000)*1000),0) -> 711.37129 | AY20: =IF(AND(S20>0,AU20>0),(AU20/(S20*1000)*1000),0) -> 691.32365 | AZ20: =+Listrik!AH19 -> 28493.8 | BA20: =AZ20+BA19 -> 255694.66 | BB20: =IF(AND(L20>0,AZ20>0),(AZ20/(P20*1000)*1000),0) -> 448.65767 | BC20: =IF(AND(M20>0,BA20>0),(BA20/(Q20*1000)*1000),0) -> 453.88564 | BD20: =IF(AND(R20>0,AZ20>0),(AZ20/(R20*1000)*1000),0) -> 480.07346 | BE20: =IF(AND(S20>0,BA20>0),(BA20/(S20*1000)*1000),0) -> 478.02955 | BF20: =0.088 -> 0.088 | BG20: 127.945 | BH20: =+Efficiency2!K62 -> 66.94873 | BI20: =BI19+BH20 -> 671.36495 | BJ20: =+R20/BH20 -> 0.88654408 | BK20: =+S20/BI20 -> 0.79672464
A21: =A20+1 -> 46004 | B21: Napkin | C21: 20 | D21: =+'13'!F42 -> 830 | E21: =+'13'!G42 -> 747 | F21: =1-(E21/D21) -> 0.1 | G21: =+P21/N21 -> 0.88130006 | H21: =+P21/L21 -> 0.88130006 | I21: =+R21/P21 -> 0.95056819 | J21: =+R21/L21 -> 0.8377358 | K21: =+S21/M21 -> 0.73324632 | L21: =+Efficiency1!K67 -> 68.198112 | M21: =M20+L21 -> 807.40262 | N21: =+Efficiency1!C67 -> 68.198112 | O21: =O20+N21 -> 766.72396 | P21: ='13'!I38 -> 60.103 | Q21: =Q20+P21 -> 623.449 | R21: ='13'!I40 -> 57.132 | S21: =S20+R21 -> 592.025 | T21: =R21/P21 -> 0.95056819 | U21: =S21/Q21 -> 0.94959652 | V21: =R21/L21 -> 0.8377358 | W21: =S21/M21 -> 0.73324632 | AB21: 0 | AC21: =AB21+AC20 -> 0 | AD21: =AB21/P21 -> 0 | AE21: =AC21/Q21 -> 0 | AF21: =IF(AND(R21>0,AB21>0),(AB21/(R21*1000))*1000,0) -> 0 | AG21: =IF(AND(S21>0,AC21>0),AC21/S21,0) -> 0 | AH21: =+BF21+BG21 -> 133.353 | AI21: =AH21+AI20 -> 1435.341 | AJ21: =AH21/(P21) -> 2.2187412 | AK21: =AI21/(Q21) -> 2.3022589 | AL21: =IF(AND(R21>0,AH21>0),AH21/(R21),0) -> 2.334121 | AM21: =IF(AND(S21>0,AI21>0),AI21/(S21),0) -> 2.4244601 | AN21: 10.3 | AO21: =AN21+AO20 -> 133.3 | AP21: =AN21/(P21) -> 0.17137248 | AQ21: =AO21/(Q21) -> 0.21381059 | AR21: =IF(AND(R21>0,AN21>0),AN21/(R21),0) -> 0.18028425 | AS21: =IF(AND(S21>0,AO21>0),AO21/(S21),0) -> 0.22515941 | AT21: ='13'!I46 -> 40782.93 | AU21: =AT21+AU20 -> 410567.11 | AV21: =IF(AND(L21>0,AT21>0),(AT21/(P21*1000)*1000),0) -> 678.55065 | AW21: =IF(AND(M21>0,AU21>0),(AU21/(Q21*1000)*1000),0) -> 658.54161 | AX21: =IF(AND(R21>0,AT21>0),(AT21/(R21*1000)*1000),0) -> 713.8369 | AY21: =IF(AND(S21>0,AU21>0),(AU21/(S21*1000)*1000),0) -> 693.49624 | AZ21: =+Listrik!AH20 -> 24431.2 | BA21: =AZ21+BA20 -> 280125.86 | BB21: =IF(AND(L21>0,AZ21>0),(AZ21/(P21*1000)*1000),0) -> 406.48886 | BC21: =IF(AND(M21>0,BA21>0),(BA21/(Q21*1000)*1000),0) -> 449.3164 | BD21: =IF(AND(R21>0,AZ21>0),(AZ21/(R21*1000)*1000),0) -> 427.62725 | BE21: =IF(AND(S21>0,BA21>0),(BA21/(S21*1000)*1000),0) -> 473.16559 | BF21: =0.009 -> 0.009 | BG21: 133.344 | BH21: =+Efficiency2!K67 -> 68.198112 | BI21: =BI20+BH21 -> 739.56306 | BJ21: =+R21/BH21 -> 0.8377358 | BK21: =+S21/BI21 -> 0.80050645
A22: =A21+1 -> 46005 | B22: Napkin | C22: 20 | D22: =+'14'!F42 -> 830 | E22: =+'14'!G42 -> 747 | F22: =1-(E22/D22) -> 0.1 | G22: =+P22/N22 -> 0.97883328 | H22: =+P22/L22 -> 0.97883328 | I22: =+R22/P22 -> 0.99122702 | J22: =+R22/L22 -> 0.970246 | K22: =+S22/M22 -> 0.75180329 | L22: =+Efficiency1!K73 -> 68.589822 | M22: =M21+L22 -> 875.99244 | N22: =+Efficiency1!C73 -> 68.589822 | O22: =O21+N22 -> 835.31378 | P22: ='14'!I38 -> 67.138 | Q22: =Q21+P22 -> 690.587 | R22: ='14'!I40 -> 66.549 | S22: =S21+R22 -> 658.574 | T22: =R22/P22 -> 0.99122702 | U22: =S22/Q22 -> 0.95364378 | V22: =R22/L22 -> 0.970246 | W22: =S22/M22 -> 0.75180329 | AB22: 0 | AC22: =AB22+AC21 -> 0 | AD22: =AB22/P22 -> 0 | AE22: =AC22/Q22 -> 0 | AF22: =IF(AND(R22>0,AB22>0),(AB22/(R22*1000))*1000,0) -> 0 | AG22: =IF(AND(S22>0,AC22>0),AC22/S22,0) -> 0 | AH22: =+BF22+BG22 -> 132.521 | AI22: =AH22+AI21 -> 1567.862 | AJ22: =AH22/(P22) -> 1.9738598 | AK22: =AI22/(Q22) -> 2.2703323 | AL22: =IF(AND(R22>0,AH22>0),AH22/(R22),0) -> 1.9913297 | AM22: =IF(AND(S22>0,AI22>0),AI22/(S22),0) -> 2.3806922 | AN22: 11.3 | AO22: =AN22+AO21 -> 144.6 | AP22: =AN22/(P22) -> 0.16831005 | AQ22: =AO22/(Q22) -> 0.20938709 | AR22: =IF(AND(R22>0,AN22>0),AN22/(R22),0) -> 0.1697997 | AS22: =IF(AND(S22>0,AO22>0),AO22/(S22),0) -> 0.2195653 | AT22: ='14'!I46 -> 37906.03 | AU22: =AT22+AU21 -> 448473.14 | AV22: =IF(AND(L22>0,AT22>0),(AT22/(P22*1000)*1000),0) -> 564.59874 | AW22: =IF(AND(M22>0,AU22>0),(AU22/(Q22*1000)*1000),0) -> 649.4086 | AX22: =IF(AND(R22>0,AT22>0),(AT22/(R22*1000)*1000),0) -> 569.59579 | AY22: =IF(AND(S22>0,AU22>0),(AU22/(S22*1000)*1000),0) -> 680.97608 | AZ22: =+Listrik!AH21 -> 35388.9 | BA22: =AZ22+BA21 -> 315514.76 | BB22: =IF(AND(L22>0,AZ22>0),(AZ22/(P22*1000)*1000),0) -> 527.10685 | BC22: =IF(AND(M22>0,BA22>0),(BA22/(Q22*1000)*1000),0) -> 456.87909 | BD22: =IF(AND(R22>0,AZ22>0),(AZ22/(R22*1000)*1000),0) -> 531.77208 | BE22: =IF(AND(S22>0,BA22>0),(BA22/(S22*1000)*1000),0) -> 479.08779 | BF22: =0.002 -> 0.002 | BG22: 132.519 | BH22: =+Efficiency2!K73 -> 68.589822 | BI22: =BI21+BH22 -> 808.15289 | BJ22: =+R22/BH22 -> 0.970246 | BK22: =+S22/BI22 -> 0.81491264
A23: =A22+1 -> 46006 | B23: Napkin | C23: 20 | D23: =+'15'!F42 -> 830 | E23: =+'15'!G42 -> 747 | F23: =1-(E23/D23) -> 0.1 | G23: =+P23/N23 -> 0.94431095 | H23: =+P23/L23 -> 0.94431095 | I23: =+R23/P23 -> 1.0248104 | J23: =+R23/L23 -> 0.96773972 | K23: =+S23/M23 -> 0.76762819 | L23: =+Efficiency1!K77 -> 69.273792 | M23: =M22+L23 -> 945.26623 | N23: =+Efficiency1!C77 -> 69.273792 | O23: =O22+N23 -> 904.58757 | P23: ='15'!I38 -> 65.416 | Q23: =Q22+P23 -> 756.003 | R23: ='15'!I40 -> 67.039 | S23: =S22+R23 -> 725.613 | T23: =R23/P23 -> 1.0248104 | U23: =S23/Q23 -> 0.95980175 | V23: =R23/L23 -> 0.96773972 | W23: =S23/M23 -> 0.76762819 | AB23: 0 | AC23: =AB23+AC22 -> 0 | AD23: =AB23/P23 -> 0 | AE23: =AC23/Q23 -> 0 | AF23: =IF(AND(R23>0,AB23>0),(AB23/(R23*1000))*1000,0) -> 0 | AG23: =IF(AND(S23>0,AC23>0),AC23/S23,0) -> 0 | AH23: =+BF23+BG23 -> 133.916 | AI23: =AH23+AI22 -> 1701.778 | AJ23: =AH23/(P23) -> 2.0471444 | AK23: =AI23/(Q23) -> 2.2510202 | AL23: =IF(AND(R23>0,AH23>0),AH23/(R23),0) -> 1.9975835 | AM23: =IF(AND(S23>0,AI23>0),AI23/(S23),0) -> 2.345297 | AN23: 13.7 | AO23: =AN23+AO22 -> 158.3 | AP23: =AN23/(P23) -> 0.20942889 | AQ23: =AO23/(Q23) -> 0.2093907 | AR23: =IF(AND(R23>0,AN23>0),AN23/(R23),0) -> 0.20435866 | AS23: =IF(AND(S23>0,AO23>0),AO23/(S23),0) -> 0.21816037 | AT23: ='15'!I46 -> 41264.75 | AU23: =AT23+AU22 -> 489737.89 | AV23: =IF(AND(L23>0,AT23>0),(AT23/(P23*1000)*1000),0) -> 630.80515 | AW23: =IF(AND(M23>0,AU23>0),(AU23/(Q23*1000)*1000),0) -> 647.79887 | AX23: =IF(AND(R23>0,AT23>0),(AT23/(R23*1000)*1000),0) -> 615.5335 | AY23: =IF(AND(S23>0,AU23>0),(AU23/(S23*1000)*1000),0) -> 674.92987 | AZ23: =+Listrik!AH22 -> 30529.6 | BA23: =AZ23+BA22 -> 346044.36 | BB23: =IF(AND(L23>0,AZ23>0),(AZ23/(P23*1000)*1000),0) -> 466.69928 | BC23: =IF(AND(M23>0,BA23>0),(BA23/(Q23*1000)*1000),0) -> 457.72882 | BD23: =IF(AND(R23>0,AZ23>0),(AZ23/(R23*1000)*1000),0) -> 455.40059 | BE23: =IF(AND(S23>0,BA23>0),(BA23/(S23*1000)*1000),0) -> 476.89934 | BF23: =0.293 -> 0.293 | BG23: 133.623 | BH23: =+Efficiency2!K77 -> 69.273792 | BI23: =BI22+BH23 -> 877.42668 | BJ23: =+R23/BH23 -> 0.96773972 | BK23: =+S23/BI23 -> 0.8269785
A24: =A23+1 -> 46007 | B24: Napkin | C24: 20/18 | D24: =+'16'!F42 -> 830 | E24: =+'16'!G42 -> 747 | F24: =1-(E24/D24) -> 0.1 | G24: =+P24/N24 -> 0.97260579 | H24: =+P24/L24 -> 0.97260579 | I24: =+R24/P24 -> 1.0085245 | J24: =+R24/L24 -> 0.98089678 | K24: =+S24/M24 -> 0.78116106 | L24: =+SUM(Efficiency1!K81:K82) -> 64.045475 | M24: =M23+L24 -> 1009.3117 | N24: =+SUM(Efficiency1!C81:C82) -> 64.045475 | O24: =O23+N24 -> 968.63305 | P24: ='16'!I38 -> 62.291 | Q24: =Q23+P24 -> 818.294 | R24: ='16'!I40 -> 62.822 | S24: =S23+R24 -> 788.435 | T24: =R24/P24 -> 1.0085245 | U24: =S24/Q24 -> 0.96351067 | V24: =R24/L24 -> 0.98089678 | W24: =S24/M24 -> 0.78116106 | AB24: 0 | AC24: =AB24+AC23 -> 0 | AD24: =AB24/P24 -> 0 | AE24: =AC24/Q24 -> 0 | AF24: =IF(AND(R24>0,AB24>0),(AB24/(R24*1000))*1000,0) -> 0 | AG24: =IF(AND(S24>0,AC24>0),AC24/S24,0) -> 0 | AH24: =+BF24+BG24 -> 124.453 | AI24: =AH24+AI23 -> 1826.231 | AJ24: =AH24/(P24) -> 1.9979291 | AK24: =AI24/(Q24) -> 2.2317541 | AL24: =IF(AND(R24>0,AH24>0),AH24/(R24),0) -> 1.9810417 | AM24: =IF(AND(S24>0,AI24>0),AI24/(S24),0) -> 2.3162734 | AN24: 11.8 | AO24: =AN24+AO23 -> 170.1 | AP24: =AN24/(P24) -> 0.18943347 | AQ24: =AO24/(Q24) -> 0.2078715 | AR24: =IF(AND(R24>0,AN24>0),AN24/(R24),0) -> 0.18783229 | AS24: =IF(AND(S24>0,AO24>0),AO24/(S24),0) -> 0.21574385 | AT24: ='16'!I46 -> 35921.71 | AU24: =AT24+AU23 -> 525659.6 | AV24: =IF(AND(L24>0,AT24>0),(AT24/(P24*1000)*1000),0) -> 576.67576 | AW24: =IF(AND(M24>0,AU24>0),(AU24/(Q24*1000)*1000),0) -> 642.38477 | AX24: =IF(AND(R24>0,AT24>0),(AT24/(R24*1000)*1000),0) -> 571.80144 | AY24: =IF(AND(S24>0,AU24>0),(AU24/(S24*1000)*1000),0) -> 666.71266 | AZ24: =+Listrik!AH23 -> 30832 | BA24: =AZ24+BA23 -> 376876.36 | BB24: =IF(AND(L24>0,AZ24>0),(AZ24/(P24*1000)*1000),0) -> 494.96717 | BC24: =IF(AND(M24>0,BA24>0),(BA24/(Q24*1000)*1000),0) -> 460.56351 | BD24: =IF(AND(R24>0,AZ24>0),(AZ24/(R24*1000)*1000),0) -> 490.78348 | BE24: =IF(AND(S24>0,BA24>0),(BA24/(S24*1000)*1000),0) -> 478.00562 | BF24: 0.264 | BG24: 124.189 | BH24: =+SUM(Efficiency2!K81:K82) -> 64.045475 | BI24: =BI23+BH24 -> 941.47215 | BJ24: =+R24/BH24 -> 0.98089678 | BK24: =+S24/BI24 -> 0.83744909
A25: =A24+1 -> 46008 | B25: Napkin/Towel | C25: 18/17 | D25: =+'17'!F42 -> 830 | E25: =+'17'!G42 -> 713.8 | F25: =1-(E25/D25) -> 0.14 | G25: =+P25/N25 -> 0.98465696 | H25: =+P25/L25 -> 0.98465696 | I25: =+R25/P25 -> 0.98976932 | J25: =+R25/L25 -> 0.97458325 | K25: =+S25/M25 -> 0.79148002 | L25: =+SUM(Efficiency1!K86:K87) -> 56.880723 | M25: =M24+L25 -> 1066.1924 | N25: =+SUM(Efficiency1!C86:C87) -> 56.880723 | O25: =O24+N25 -> 1025.5138 | P25: ='17'!I38 -> 56.008 | Q25: =Q24+P25 -> 874.302 | R25: ='17'!I40 -> 55.435 | S25: =S24+R25 -> 843.87 | T25: =R25/P25 -> 0.98976932 | U25: =S25/Q25 -> 0.96519281 | V25: =R25/L25 -> 0.97458325 | W25: =S25/M25 -> 0.79148002 | AB25: 0 | AC25: =AB25+AC24 -> 0 | AD25: =AB25/P25 -> 0 | AE25: =AC25/Q25 -> 0 | AF25: =IF(AND(R25>0,AB25>0),(AB25/(R25*1000))*1000,0) -> 0 | AG25: =IF(AND(S25>0,AC25>0),AC25/S25,0) -> 0 | AH25: =+BF25+BG25 -> 116.296 | AI25: =AH25+AI24 -> 1942.527 | AJ25: =AH25/(P25) -> 2.0764177 | AK25: =AI25/(Q25) -> 2.2218032 | AL25: =IF(AND(R25>0,AH25>0),AH25/(R25),0) -> 2.0978804 | AM25: =IF(AND(S25>0,AI25>0),AI25/(S25),0) -> 2.3019268 | AN25: 11 | AO25: =AN25+AO24 -> 181.1 | AP25: =AN25/(P25) -> 0.19640051 | AQ25: =AO25/(Q25) -> 0.20713666 | AR25: =IF(AND(R25>0,AN25>0),AN25/(R25),0) -> 0.19843059 | AS25: =IF(AND(S25>0,AO25>0),AO25/(S25),0) -> 0.21460652 | AT25: ='17'!I46 -> 36390.38 | AU25: =AT25+AU24 -> 562049.98 | AV25: =IF(AND(L25>0,AT25>0),(AT25/(P25*1000)*1000),0) -> 649.73539 | AW25: =IF(AND(M25>0,AU25>0),(AU25/(Q25*1000)*1000),0) -> 642.85565 | AX25: =IF(AND(R25>0,AT25>0),(AT25/(R25*1000)*1000),0) -> 656.45134 | AY25: =IF(AND(S25>0,AU25>0),(AU25/(S25*1000)*1000),0) -> 666.03858 | AZ25: =+Listrik!AH24 -> 30072.5 | BA25: =AZ25+BA24 -> 406948.86 | BB25: =IF(AND(L25>0,AZ25>0),(AZ25/(P25*1000)*1000),0) -> 536.93222 | BC25: =IF(AND(M25>0,BA25>0),(BA25/(Q25*1000)*1000),0) -> 465.45571 | BD25: =IF(AND(R25>0,AZ25>0),(AZ25/(R25*1000)*1000),0) -> 542.48219 | BE25: =IF(AND(S25>0,BA25>0),(BA25/(S25*1000)*1000),0) -> 482.24117 | BF25: =0.369 -> 0.369 | BG25: 115.927 | BH25: =+SUM(Efficiency2!K86:K87) -> 56.880723 | BI25: =BI24+BH25 -> 998.35288 | BJ25: =+R25/BH25 -> 0.97458325 | BK25: =+S25/BI25 -> 0.84526225
A26: =A25+1 -> 46009 | B26: Towel/Napkin | C26: 17/15,5/17,5 | D26: =+'18'!F42 -> 830 | E26: =+'18'!G42 -> 713.8 | F26: =1-(E26/D26) -> 0.14 | G26: =+P26/N26 -> 0.91023291 | H26: =+P26/L26 -> 0.91023291 | I26: =+R26/P26 -> 0.91900299 | J26: =+R26/L26 -> 0.83650677 | K26: =+S26/M26 -> 0.79367899 | L26: =+SUM(Efficiency1!K90:K92) -> 54.743131 | M26: =M25+L26 -> 1120.9356 | N26: =+SUM(Efficiency1!C90:C92) -> 54.743131 | O26: =O25+N26 -> 1080.2569 | P26: ='18'!I38 -> 49.829 | Q26: =Q25+P26 -> 924.131 | R26: ='18'!I40 -> 45.793 | S26: =S25+R26 -> 889.663 | T26: =R26/P26 -> 0.91900299 | U26: =S26/Q26 -> 0.96270226 | V26: =R26/L26 -> 0.83650677 | W26: =S26/M26 -> 0.79367899 | AB26: 0 | AC26: =AB26+AC25 -> 0 | AD26: =AB26/P26 -> 0 | AE26: =AC26/Q26 -> 0 | AF26: =IF(AND(R26>0,AB26>0),(AB26/(R26*1000))*1000,0) -> 0 | AG26: =IF(AND(S26>0,AC26>0),AC26/S26,0) -> 0 | AH26: =+BF26+BG26 -> 111.286 | AI26: =AH26+AI25 -> 2053.813 | AJ26: =AH26/(P26) -> 2.2333581 | AK26: =AI26/(Q26) -> 2.2224263 | AL26: =IF(AND(R26>0,AH26>0),AH26/(R26),0) -> 2.4301968 | AM26: =IF(AND(S26>0,AI26>0),AI26/(S26),0) -> 2.3085292 | AN26: 11 | AO26: =AN26+AO25 -> 192.1 | AP26: =AN26/(P26) -> 0.22075498 | AQ26: =AO26/(Q26) -> 0.20787096 | AR26: =IF(AND(R26>0,AN26>0),AN26/(R26),0) -> 0.24021139 | AS26: =IF(AND(S26>0,AO26>0),AO26/(S26),0) -> 0.21592446 | AT26: ='18'!I46 -> 39231.1 | AU26: =AT26+AU25 -> 601281.08 | AV26: =IF(AND(L26>0,AT26>0),(AT26/(P26*1000)*1000),0) -> 787.31462 | AW26: =IF(AND(M26>0,AU26>0),(AU26/(Q26*1000)*1000),0) -> 650.64485 | AX26: =IF(AND(R26>0,AT26>0),(AT26/(R26*1000)*1000),0) -> 856.70517 | AY26: =IF(AND(S26>0,AU26>0),(AU26/(S26*1000)*1000),0) -> 675.85263 | AZ26: =+Listrik!AH25 -> 28928.8 | BA26: =AZ26+BA25 -> 435877.66 | BB26: =IF(AND(L26>0,AZ26>0),(AZ26/(P26*1000)*1000),0) -> 580.56152 | BC26: =IF(AND(M26>0,BA26>0),(BA26/(Q26*1000)*1000),0) -> 471.6622 | BD26: =IF(AND(R26>0,AZ26>0),(AZ26/(R26*1000)*1000),0) -> 631.72974 | BE26: =IF(AND(S26>0,BA26>0),(BA26/(S26*1000)*1000),0) -> 489.93569 | BF26: =0.73 -> 0.73 | BG26: 110.556 | BH26: =+SUM(Efficiency2!K90:K92) -> 54.467615 | BI26: =BI25+BH26 -> 1052.8205 | BJ26: =+R26/BH26 -> 0.84073811 | BK26: =+S26/BI26 -> 0.8450282
A27: =A26+1 -> 46010 | B27: Towel | C27: 17,5/22 | D27: =+'19'!F42 -> 807.8125 | E27: =+'19'!G42 -> 694.71875 | F27: =1-(E27/D27) -> 0.14 | G27: =+P27/N27 -> 0.96823217 | H27: =+P27/L27 -> 0.96823217 | I27: =+R27/P27 -> 1.0039482 | J27: =+R27/L27 -> 0.97205498 | K27: =+S27/M27 -> 0.80414143 | L27: =+SUM(Efficiency1!K96:K97) -> 69.843786 | M27: =M26+L27 -> 1190.7793 | N27: =+SUM(Efficiency1!C96:C97) -> 69.843786 | O27: =O26+N27 -> 1150.1007 | P27: ='19'!I38 -> 67.625 | Q27: =Q26+P27 -> 991.756 | R27: ='19'!I40 -> 67.892 | S27: =S26+R27 -> 957.555 | T27: =R27/P27 -> 1.0039482 | U27: =S27/Q27 -> 0.9655147 | V27: =R27/L27 -> 0.97205498 | W27: =S27/M27 -> 0.80414143 | AB27: 0 | AC27: =AB27+AC26 -> 0 | AD27: =AB27/P27 -> 0 | AE27: =AC27/Q27 -> 0 | AF27: =IF(AND(R27>0,AB27>0),(AB27/(R27*1000))*1000,0) -> 0 | AG27: =IF(AND(S27>0,AC27>0),AC27/S27,0) -> 0 | AH27: =+BF27+BG27 -> 132.33 | AI27: =AH27+AI26 -> 2186.143 | AJ27: =AH27/(P27) -> 1.9568207 | AK27: =AI27/(Q27) -> 2.2043154 | AL27: =IF(AND(R27>0,AH27>0),AH27/(R27),0) -> 1.9491251 | AM27: =IF(AND(S27>0,AI27>0),AI27/(S27),0) -> 2.2830469 | AN27: 11.9 | AO27: =AN27+AO26 -> 204 | AP27: =AN27/(P27) -> 0.17597043 | AQ27: =AO27/(Q27) -> 0.20569576 | AR27: =IF(AND(R27>0,AN27>0),AN27/(R27),0) -> 0.17527838 | AS27: =IF(AND(S27>0,AO27>0),AO27/(S27),0) -> 0.21304259 | AT27: ='19'!I46 -> 38946.09 | AU27: =AT27+AU26 -> 640227.17 | AV27: =IF(AND(L27>0,AT27>0),(AT27/(P27*1000)*1000),0) -> 575.91261 | AW27: =IF(AND(M27>0,AU27>0),(AU27/(Q27*1000)*1000),0) -> 645.54908 | AX27: =IF(AND(R27>0,AT27>0),(AT27/(R27*1000)*1000),0) -> 573.64771 | AY27: =IF(AND(S27>0,AU27>0),(AU27/(S27*1000)*1000),0) -> 668.60616 | AZ27: =+Listrik!AH26 -> 35268.5 | BA27: =AZ27+BA26 -> 471146.16 | BB27: =IF(AND(L27>0,AZ27>0),(AZ27/(P27*1000)*1000),0) -> 521.5305 | BC27: =IF(AND(M27>0,BA27>0),(BA27/(Q27*1000)*1000),0) -> 475.06258 | BD27: =IF(AND(R27>0,AZ27>0),(AZ27/(R27*1000)*1000),0) -> 519.47947 | BE27: =IF(AND(S27>0,BA27>0),(BA27/(S27*1000)*1000),0) -> 492.03039 | BF27: =0.905 -> 0.905 | BG27: 131.425 | BH27: =+SUM(Efficiency2!K96:K97) -> 71.766077 | BI27: =BI26+BH27 -> 1124.5866 | BJ27: =+R27/BH27 -> 0.946018 | BK27: =+S27/BI27 -> 0.85147291
A28: =A27+1 -> 46011 | B28: Towel | C28: 22/31,5 | D28: =+'20'!F42 -> 672.77778 | E28: =+'20'!G42 -> 584.39444 | F28: =1-(E28/D28) -> 0.13137077 | G28: =+P28/N28 -> 0.9879247 | H28: =+P28/L28 -> 0.9879247 | I28: =+R28/P28 -> 0.98060809 | J28: =+R28/L28 -> 0.96876695 | K28: =+S28/M28 -> 0.81322985 | L28: =+SUM(Efficiency1!K101:K102) -> 69.580202 | M28: =M27+L28 -> 1260.3595 | N28: =+SUM(Efficiency1!C101:C102) -> 69.580202 | O28: =O27+N28 -> 1219.6809 | P28: ='20'!I38 -> 68.74 | Q28: =Q27+P28 -> 1060.496 | R28: ='20'!I40 -> 67.407 | S28: =S27+R28 -> 1024.962 | T28: =R28/P28 -> 0.98060809 | U28: =S28/Q28 -> 0.96649304 | V28: =R28/L28 -> 0.96876695 | W28: =S28/M28 -> 0.81322985 | AB28: 0 | AC28: =AB28+AC27 -> 0 | AD28: =AB28/P28 -> 0 | AE28: =AC28/Q28 -> 0 | AF28: =IF(AND(R28>0,AB28>0),(AB28/(R28*1000))*1000,0) -> 0 | AG28: =IF(AND(S28>0,AC28>0),AC28/S28,0) -> 0 | AH28: =+BF28+BG28 -> 127.609 | AI28: =AH28+AI27 -> 2313.752 | AJ28: =AH28/(P28) -> 1.8564009 | AK28: =AI28/(Q28) -> 2.181764 | AL28: =IF(AND(R28>0,AH28>0),AH28/(R28),0) -> 1.893112 | AM28: =IF(AND(S28>0,AI28>0),AI28/(S28),0) -> 2.2574027 | AN28: 12.5 | AO28: =AN28+AO27 -> 216.5 | AP28: =AN28/(P28) -> 0.18184463 | AQ28: =AO28/(Q28) -> 0.20414976 | AR28: =IF(AND(R28>0,AN28>0),AN28/(R28),0) -> 0.18544068 | AS28: =IF(AND(S28>0,AO28>0),AO28/(S28),0) -> 0.21122734 | AT28: ='20'!I46 -> 34356.28 | AU28: =AT28+AU27 -> 674583.45 | AV28: =IF(AND(L28>0,AT28>0),(AT28/(P28*1000)*1000),0) -> 499.80041 | AW28: =IF(AND(M28>0,AU28>0),(AU28/(Q28*1000)*1000),0) -> 636.10183 | AX28: =IF(AND(R28>0,AT28>0),(AT28/(R28*1000)*1000),0) -> 509.68416 | AY28: =IF(AND(S28>0,AU28>0),(AU28/(S28*1000)*1000),0) -> 658.15459 | AZ28: =+Listrik!AH27 -> 30456.4 | BA28: =AZ28+BA27 -> 501602.56 | BB28: =IF(AND(L28>0,AZ28>0),(AZ28/(P28*1000)*1000),0) -> 443.06663 | BC28: =IF(AND(M28>0,BA28>0),(BA28/(Q28*1000)*1000),0) -> 472.98864 | BD28: =IF(AND(R28>0,AZ28>0),(AZ28/(R28*1000)*1000),0) -> 451.82845 | BE28: =IF(AND(S28>0,BA28>0),(BA28/(S28*1000)*1000),0) -> 489.38649 | BF28: 0.678 | BG28: 126.931 | BH28: =+SUM(Efficiency2!K101:K102) -> 69.580202 | BI28: =BI27+BH28 -> 1194.1668 | BJ28: =+R28/BH28 -> 0.96876695 | BK28: =+S28/BI28 -> 0.85830725
A29: =A28+1 -> 46012 | B29: Towel | C29: 31,5 | D29: =+'21'!F42 -> 550 | E29: =+'21'!G42 -> 484 | F29: =1-(E29/D29) -> 0.12 | G29: =+P29/N29 -> 0.95823313 | H29: =+P29/L29 -> 0.95823313 | I29: =+R29/P29 -> 0.99103816 | J29: =+R29/L29 -> 0.9496456 | K29: =+S29/M29 -> 0.82051927 | L29: =+Efficiency1!K106 -> 71.1497 | M29: =M28+L29 -> 1331.5092 | N29: =+Efficiency1!C106 -> 71.1497 | O29: =O28+N29 -> 1290.8306 | P29: ='21'!I38 -> 68.178 | Q29: =Q28+P29 -> 1128.674 | R29: ='21'!I40 -> 67.567 | S29: =S28+R29 -> 1092.529 | T29: =R29/P29 -> 0.99103816 | U29: =S29/Q29 -> 0.9679757 | V29: =R29/L29 -> 0.9496456 | W29: =S29/M29 -> 0.82051927 | AB29: 0 | AC29: =AB29+AC28 -> 0 | AD29: =AB29/P29 -> 0 | AE29: =AC29/Q29 -> 0 | AF29: =IF(AND(R29>0,AB29>0),(AB29/(R29*1000))*1000,0) -> 0 | AG29: =IF(AND(S29>0,AC29>0),AC29/S29,0) -> 0 | AH29: =+BF29+BG29 -> 124.239 | AI29: =AH29+AI28 -> 2437.991 | AJ29: =AH29/(P29) -> 1.822274 | AK29: =AI29/(Q29) -> 2.1600489 | AL29: =IF(AND(R29>0,AH29>0),AH29/(R29),0) -> 1.8387526 | AM29: =IF(AND(S29>0,AI29>0),AI29/(S29),0) -> 2.2315115 | AN29: 12 | AO29: =AN29+AO28 -> 228.5 | AP29: =AN29/(P29) -> 0.17600986 | AQ29: =AO29/(Q29) -> 0.20244995 | AR29: =IF(AND(R29>0,AN29>0),AN29/(R29),0) -> 0.17760149 | AS29: =IF(AND(S29>0,AO29>0),AO29/(S29),0) -> 0.20914777 | AT29: ='21'!I46 -> 35244.77 | AU29: =AT29+AU28 -> 709828.22 | AV29: =IF(AND(L29>0,AT29>0),(AT29/(P29*1000)*1000),0) -> 516.95224 | AW29: =IF(AND(M29>0,AU29>0),(AU29/(Q29*1000)*1000),0) -> 628.90456 | AX29: =IF(AND(R29>0,AT29>0),(AT29/(R29*1000)*1000),0) -> 521.62698 | AY29: =IF(AND(S29>0,AU29>0),(AU29/(S29*1000)*1000),0) -> 649.7111 | AZ29: =+Listrik!AH28 -> 35140.08 | BA29: =AZ29+BA28 -> 536742.64 | BB29: =IF(AND(L29>0,AZ29>0),(AZ29/(P29*1000)*1000),0) -> 515.4167 | BC29: =IF(AND(M29>0,BA29>0),(BA29/(Q29*1000)*1000),0) -> 475.55152 | BD29: =IF(AND(R29>0,AZ29>0),(AZ29/(R29*1000)*1000),0) -> 520.07755 | BE29: =IF(AND(S29>0,BA29>0),(BA29/(S29*1000)*1000),0) -> 491.28457 | BF29: 1.133 | BG29: 123.106 | BH29: =+Efficiency2!K106 -> 71.1497 | BI29: =BI28+BH29 -> 1265.3165 | BJ29: =+R29/BH29 -> 0.9496456 | BK29: =+S29/BI29 -> 0.86344328
A30: =A29+1 -> 46013 | B30: Towel | C30: 31,5/32/33,5/34 | D30: =+'22'!F42 -> 550 | E30: =+'22'!G42 -> 484 | F30: =1-(E30/D30) -> 0.12 | G30: =+P30/N30 -> 0.97358522 | H30: =+P30/L30 -> 0.97358522 | I30: =+R30/P30 -> 0.98761997 | J30: =+R30/L30 -> 0.96153221 | K30: =+S30/M30 -> 0.82810173 | L30: =+SUM(Efficiency1!K110:K113) -> 75.665692 | M30: =M29+L30 -> 1407.1749 | N30: =+SUM(Efficiency1!C110:C113) -> 75.665692 | O30: =O29+N30 -> 1366.4963 | P30: ='22'!I38 -> 73.667 | Q30: =Q29+P30 -> 1202.341 | R30: ='22'!I40 -> 72.755 | S30: =S29+R30 -> 1165.284 | T30: =R30/P30 -> 0.98761997 | U30: =S30/Q30 -> 0.96917929 | V30: =R30/L30 -> 0.96153221 | W30: =S30/M30 -> 0.82810173 | AB30: 0 | AC30: =AB30+AC29 -> 0 | AD30: =AB30/P30 -> 0 | AE30: =AC30/Q30 -> 0 | AF30: =IF(AND(R30>0,AB30>0),(AB30/(R30*1000))*1000,0) -> 0 | AG30: =IF(AND(S30>0,AC30>0),AC30/S30,0) -> 0 | AH30: =+BF30+BG30 -> 126.074 | AI30: =AH30+AI29 -> 2564.065 | AJ30: =AH30/(P30) -> 1.711404 | AK30: =AI30/(Q30) -> 2.1325606 | AL30: =IF(AND(R30>0,AH30>0),AH30/(R30),0) -> 1.7328568 | AM30: =IF(AND(S30>0,AI30>0),AI30/(S30),0) -> 2.2003778 | AN30: 13.1 | AO30: =AN30+AO29 -> 241.6 | AP30: =AN30/(P30) -> 0.17782725 | AQ30: =AO30/(Q30) -> 0.20094133 | AR30: =IF(AND(R30>0,AN30>0),AN30/(R30),0) -> 0.18005635 | AS30: =IF(AND(S30>0,AO30>0),AO30/(S30),0) -> 0.20733143 | AT30: ='22'!I46 -> 31401.67 | AU30: =AT30+AU29 -> 741229.89 | AV30: =IF(AND(L30>0,AT30>0),(AT30/(P30*1000)*1000),0) -> 426.26508 | AW30: =IF(AND(M30>0,AU30>0),(AU30/(Q30*1000)*1000),0) -> 616.48891 | AX30: =IF(AND(R30>0,AT30>0),(AT30/(R30*1000)*1000),0) -> 431.60841 | AY30: =IF(AND(S30>0,AU30>0),(AU30/(S30*1000)*1000),0) -> 636.09377 | AZ30: =+Listrik!AH29 -> 36036.877 | BA30: =AZ30+BA29 -> 572779.52 | BB30: =IF(AND(L30>0,AZ30>0),(AZ30/(P30*1000)*1000),0) -> 489.18616 | BC30: =IF(AND(M30>0,BA30>0),(BA30/(Q30*1000)*1000),0) -> 476.38691 | BD30: =IF(AND(R30>0,AZ30>0),(AZ30/(R30*1000)*1000),0) -> 495.31822 | BE30: =IF(AND(S30>0,BA30>0),(BA30/(S30*1000)*1000),0) -> 491.53641 | BF30: =1.923 -> 1.923 | BG30: 124.151 | BH30: =+SUM(Efficiency2!K110:K113) -> 75.665692 | BI30: =BI29+BH30 -> 1340.9822 | BJ30: =+R30/BH30 -> 0.96153221 | BK30: =+S30/BI30 -> 0.868978
A31: =A30+1 -> 46014 | B31: Towel | C31: 34 | D31: =+'23'!F42 -> 550 | E31: =+'23'!G42 -> 484 | F31: =1-(E31/D31) -> 0.12 | G31: =+P31/N31 -> 0.97882386 | H31: =+P31/L31 -> 0.97882386 | I31: =+R31/P31 -> 0.99068843 | J31: =+R31/L31 -> 0.96970947 | K31: =+S31/M31 -> 0.83554952 | L31: =+Efficiency1!K115 -> 78.118243 | M31: =M30+L31 -> 1485.2932 | N31: =+Efficiency1!C115 -> 78.118243 | O31: =O30+N31 -> 1444.6145 | P31: ='23'!I38 -> 76.464 | Q31: =Q30+P31 -> 1278.805 | R31: ='23'!I40 -> 75.752 | S31: =S30+R31 -> 1241.036 | T31: =R31/P31 -> 0.99068843 | U31: =S31/Q31 -> 0.9704654 | V31: =R31/L31 -> 0.96970947 | W31: =S31/M31 -> 0.83554952 | AB31: 0 | AC31: =AB31+AC30 -> 0 | AD31: =AB31/P31 -> 0 | AE31: =AC31/Q31 -> 0 | AF31: =IF(AND(R31>0,AB31>0),(AB31/(R31*1000))*1000,0) -> 0 | AG31: =IF(AND(S31>0,AC31>0),AC31/S31,0) -> 0 | AH31: =+BF31+BG31 -> 116.667 | AI31: =AH31+AI30 -> 2680.732 | AJ31: =AH31/(P31) -> 1.5257768 | AK31: =AI31/(Q31) -> 2.0962789 | AL31: =IF(AND(R31>0,AH31>0),AH31/(R31),0) -> 1.5401178 | AM31: =IF(AND(S31>0,AI31>0),AI31/(S31),0) -> 2.1600759 | AN31: 13.56569 | AO31: =AN31+AO30 -> 255.16569 | AP31: =AN31/(P31) -> 0.17741277 | AQ31: =AO31/(Q31) -> 0.19953448 | AR31: =IF(AND(R31>0,AN31>0),AN31/(R31),0) -> 0.17908029 | AS31: =IF(AND(S31>0,AO31>0),AO31/(S31),0) -> 0.205607 | AT31: ='23'!I46 -> 33466.8 | AU31: =AT31+AU30 -> 774696.69 | AV31: =IF(AND(L31>0,AT31>0),(AT31/(P31*1000)*1000),0) -> 437.68048 | AW31: =IF(AND(M31>0,AU31>0),(AU31/(Q31*1000)*1000),0) -> 605.79736 | AX31: =IF(AND(R31>0,AT31>0),(AT31/(R31*1000)*1000),0) -> 441.79428 | AY31: =IF(AND(S31>0,AU31>0),(AU31/(S31*1000)*1000),0) -> 624.23386 | AZ31: =+Listrik!AH30 -> 36508.568 | BA31: =AZ31+BA30 -> 609288.09 | BB31: =IF(AND(L31>0,AZ31>0),(AZ31/(P31*1000)*1000),0) -> 477.46087 | BC31: =IF(AND(M31>0,BA31>0),(BA31/(Q31*1000)*1000),0) -> 476.45113 | BD31: =IF(AND(R31>0,AZ31>0),(AZ31/(R31*1000)*1000),0) -> 481.94857 | BE31: =IF(AND(S31>0,BA31>0),(BA31/(S31*1000)*1000),0) -> 490.95118 | BF31: 0.292 | BG31: 116.375 | BH31: =+Efficiency2!K115 -> 78.118243 | BI31: =BI30+BH31 -> 1419.1004 | BJ31: =+R31/BH31 -> 0.96970947 | BK31: =+S31/BI31 -> 0.87452304
A32: =A31+1 -> 46015 | B32: Towel | C32: 34/35,5 | D32: =+'24'!F42 -> 538.33333 | E32: =+'24'!G42 -> 473.73333 | F32: =1-(E32/D32) -> 0.12 | G32: =+P32/N32 -> 0.97837806 | H32: =+P32/L32 -> 0.97837806 | I32: =+R32/P32 -> 1.011617 | J32: =+R32/L32 -> 0.98974383 | K32: =+S32/M32 -> 0.84304872 | L32: =+SUM(Efficiency1!K119:K120) -> 75.929748 | M32: =M31+L32 -> 1561.2229 | N32: =+SUM(Efficiency1!C119:C120) -> 75.929748 | O32: =O31+N32 -> 1520.5443 | P32: ='24'!I38 -> 74.288 | Q32: =Q31+P32 -> 1353.093 | R32: ='24'!I40 -> 75.151 | S32: =S31+R32 -> 1316.187 | T32: =R32/P32 -> 1.011617 | U32: =S32/Q32 -> 0.97272471 | V32: =R32/L32 -> 0.98974383 | W32: =S32/M32 -> 0.84304872 | AB32: 0 | AC32: =AB32+AC31 -> 0 | AD32: =AB32/P32 -> 0 | AE32: =AC32/Q32 -> 0 | AF32: =IF(AND(R32>0,AB32>0),(AB32/(R32*1000))*1000,0) -> 0 | AG32: =IF(AND(S32>0,AC32>0),AC32/S32,0) -> 0 | AH32: =+BF32+BG32 -> 114.794 | AI32: =AH32+AI31 -> 2795.526 | AJ32: =AH32/(P32) -> 1.5452563 | AK32: =AI32/(Q32) -> 2.0660265 | AL32: =IF(AND(R32>0,AH32>0),AH32/(R32),0) -> 1.5275113 | AM32: =IF(AND(S32>0,AI32>0),AI32/(S32),0) -> 2.1239581 | AN32: 5.9877988 | AO32: =AN32+AO31 -> 261.15349 | AP32: =AN32/(P32) -> 0.080602504 | AQ32: =AO32/(Q32) -> 0.19300483 | AR32: =IF(AND(R32>0,AN32>0),AN32/(R32),0) -> 0.079676901 | AS32: =IF(AND(S32>0,AO32>0),AO32/(S32),0) -> 0.19841671 | AT32: =+'24'!I46 -> 31476.17 | AU32: =AT32+AU31 -> 806172.86 | AV32: =IF(AND(L32>0,AT32>0),(AT32/(P32*1000)*1000),0) -> 423.70464 | AW32: =IF(AND(M32>0,AU32>0),(AU32/(Q32*1000)*1000),0) -> 595.80004 | AX32: =IF(AND(R32>0,AT32>0),(AT32/(R32*1000)*1000),0) -> 418.839 | AY32: =IF(AND(S32>0,AU32>0),(AU32/(S32*1000)*1000),0) -> 612.50632 | AZ32: =+Listrik!AH31 -> 36246.134 | BA32: =AZ32+BA31 -> 645534.22 | BB32: =IF(AND(L32>0,AZ32>0),(AZ32/(P32*1000)*1000),0) -> 487.91371 | BC32: =IF(AND(M32>0,BA32>0),(BA32/(Q32*1000)*1000),0) -> 477.08045 | BD32: =IF(AND(R32>0,AZ32>0),(AZ32/(R32*1000)*1000),0) -> 482.31073 | BE32: =IF(AND(S32>0,BA32>0),(BA32/(S32*1000)*1000),0) -> 490.45783 | BF32: 0.431 | BG32: 114.363 | BH32: =+SUM(Efficiency2!K119:K120) -> 75.929748 | BI32: =BI31+BH32 -> 1495.0302 | BJ32: =+R32/BH32 -> 0.98974383 | BK32: =+S32/BI32 -> 0.88037489
A33: =A32+1 -> 46016 | B33: Towel | C33: 35,5/36 | D33: =+'25'!F42 -> 530 | E33: =+'25'!G42 -> 466.4 | F33: =1-(E33/D33) -> 0.12 | G33: =+P33/N33 -> 0.96095709 | H33: =+P33/L33 -> 0.96095709 | I33: =+R33/P33 -> 0.9929134 | J33: =+R33/L33 -> 0.95414717 | K33: =+S33/M33 -> 0.84823866 | L33: =+SUM(Efficiency1!K124:K125) -> 76.506017 | M33: =M32+L33 -> 1637.7289 | N33: =+SUM(Efficiency1!C124:C125) -> 76.506017 | O33: =O32+N33 -> 1597.0503 | P33: ='25'!I38 -> 73.519 | Q33: =Q32+P33 -> 1426.612 | R33: ='25'!I40 -> 72.998 | S33: =S32+R33 -> 1389.185 | T33: =R33/P33 -> 0.9929134 | U33: =S33/Q33 -> 0.97376512 | V33: =R33/L33 -> 0.95414717 | W33: =S33/M33 -> 0.84823866 | AB33: 0 | AC33: =AB33+AC32 -> 0 | AD33: =AB33/P33 -> 0 | AE33: =AC33/Q33 -> 0 | AF33: =IF(AND(R33>0,AB33>0),(AB33/(R33*1000))*1000,0) -> 0 | AG33: =IF(AND(S33>0,AC33>0),AC33/S33,0) -> 0 | AH33: =+BF33+BG33 -> 115.069 | AI33: =AH33+AI32 -> 2910.595 | AJ33: =AH33/(P33) -> 1.56516 | AK33: =AI33/(Q33) -> 2.0402149 | AL33: =IF(AND(R33>0,AH33>0),AH33/(R33),0) -> 1.5763309 | AM33: =IF(AND(S33>0,AI33>0),AI33/(S33),0) -> 2.0951817 | AN33: 6.4382628 | AO33: =AN33+AO32 -> 267.59175 | AP33: =AN33/(P33) -> 0.087572775 | AQ33: =AO33/(Q33) -> 0.1875715 | AR33: =IF(AND(R33>0,AN33>0),AN33/(R33),0) -> 0.088197797 | AS33: =IF(AND(S33>0,AO33>0),AO33/(S33),0) -> 0.19262499 | AT33: =+'25'!I46 -> 30103.19 | AU33: =AT33+AU32 -> 836276.05 | AV33: =IF(AND(L33>0,AT33>0),(AT33/(P33*1000)*1000),0) -> 409.46136 | AW33: =IF(AND(M33>0,AU33>0),(AU33/(Q33*1000)*1000),0) -> 586.19726 | AX33: =IF(AND(R33>0,AT33>0),(AT33/(R33*1000)*1000),0) -> 412.38376 | AY33: =IF(AND(S33>0,AU33>0),(AU33/(S33*1000)*1000),0) -> 601.99041 | AZ33: =+Listrik!AH32 -> 40418.34 | BA33: =AZ33+BA32 -> 685952.56 | BB33: =IF(AND(L33>0,AZ33>0),(AZ33/(P33*1000)*1000),0) -> 549.76727 | BC33: =IF(AND(M33>0,BA33>0),(BA33/(Q33*1000)*1000),0) -> 480.82629 | BD33: =IF(AND(R33>0,AZ33>0),(AZ33/(R33*1000)*1000),0) -> 553.69106 | BE33: =IF(AND(S33>0,BA33>0),(BA33/(S33*1000)*1000),0) -> 493.78057 | BF33: 0.173 | BG33: 114.896 | BH33: =+SUM(Efficiency2!K124:K125) -> 76.506017 | BI33: =BI32+BH33 -> 1571.5362 | BJ33: =+R33/BH33 -> 0.95414717 | BK33: =+S33/BI33 -> 0.88396629
A34: =A33+1 -> 46017 | B34: Towel | C34: 36/38 | D34: =+'26'!F42 -> 530 | E34: =+'26'!G42 -> 466.4 | F34: =1-(E34/D34) -> 0.12 | G34: =+P34/N34 -> 0.98930199 | H34: =+P34/L34 -> 0.98930199 | I34: =+R34/P34 -> 0.98920999 | J34: =+R34/L34 -> 0.97862741 | K34: =+S34/M34 -> 0.85433861 | L34: =+SUM(Efficiency1!K128:K129) -> 80.377884 | M34: =M33+L34 -> 1718.1068 | N34: =+SUM(Efficiency1!C128:C129) -> 80.377884 | O34: =O33+N34 -> 1677.4282 | P34: ='26'!I38 -> 79.518 | Q34: =Q33+P34 -> 1506.13 | R34: ='26'!I40 -> 78.66 | S34: =S33+R34 -> 1467.845 | T34: =R34/P34 -> 0.98920999 | U34: =S34/Q34 -> 0.97458055 | V34: =R34/L34 -> 0.97862741 | W34: =S34/M34 -> 0.85433861 | AB34: 0 | AC34: =AB34+AC33 -> 0 | AD34: =AB34/P34 -> 0 | AE34: =AC34/Q34 -> 0 | AF34: =IF(AND(R34>0,AB34>0),(AB34/(R34*1000))*1000,0) -> 0 | AG34: =IF(AND(S34>0,AC34>0),AC34/S34,0) -> 0 | AH34: =+BF34+BG34 -> 118.446 | AI34: =AH34+AI33 -> 3029.041 | AJ34: =AH34/(P34) -> 1.4895495 | AK34: =AI34/(Q34) -> 2.0111418 | AL34: =IF(AND(R34>0,AH34>0),AH34/(R34),0) -> 1.5057971 | AM34: =IF(AND(S34>0,AI34>0),AI34/(S34),0) -> 2.0635973 | AN34: 6.9 | AO34: =AN34+AO33 -> 274.49175 | AP34: =AN34/(P34) -> 0.086772806 | AQ34: =AO34/(Q34) -> 0.18224971 | AR34: =IF(AND(R34>0,AN34>0),AN34/(R34),0) -> 0.087719298 | AS34: =IF(AND(S34>0,AO34>0),AO34/(S34),0) -> 0.18700323 | AT34: ='26'!I46 -> 34188.04 | AU34: =AT34+AU33 -> 870464.09 | AV34: =IF(AND(L34>0,AT34>0),(AT34/(P34*1000)*1000),0) -> 429.94089 | AW34: =IF(AND(M34>0,AU34>0),(AU34/(Q34*1000)*1000),0) -> 577.94751 | AX34: =IF(AND(R34>0,AT34>0),(AT34/(R34*1000)*1000),0) -> 434.63056 | AY34: =IF(AND(S34>0,AU34>0),(AU34/(S34*1000)*1000),0) -> 593.0218 | AZ34: =+Listrik!AH33 -> 37588.4 | BA34: =AZ34+BA33 -> 723540.96 | BB34: =IF(AND(L34>0,AZ34>0),(AZ34/(P34*1000)*1000),0) -> 472.70304 | BC34: =IF(AND(M34>0,BA34>0),(BA34/(Q34*1000)*1000),0) -> 480.39742 | BD34: =IF(AND(R34>0,AZ34>0),(AZ34/(R34*1000)*1000),0) -> 477.85914 | BE34: =IF(AND(S34>0,BA34>0),(BA34/(S34*1000)*1000),0) -> 492.92736 | BF34: =0.642 -> 0.642 | BG34: 117.804 | BH34: =+SUM(Efficiency2!K128:K129) -> 80.377884 | BI34: =BI33+BH34 -> 1651.9141 | BJ34: =+R34/BH34 -> 0.97862741 | BK34: =+S34/BI34 -> 0.88857226
A35: =A34+1 -> 46018 | B35: Towel | C35: 38 | D35: =+'27'!F42 -> 530 | E35: =+'27'!G42 -> 466.4 | F35: =1-(E35/D35) -> 0.12 | G35: =+P35/N35 -> 0.96483311 | H35: =+P35/L35 -> 0.96483311 | I35: =+R35/P35 -> 0.96578719 | J35: =+R35/L35 -> 0.93182345 | K35: =+S35/M35 -> 0.85783366 | L35: =+Efficiency1!K132 -> 81.158077 | M35: =M34+L35 -> 1799.2649 | N35: =+Efficiency1!C132 -> 81.158077 | O35: =O34+N35 -> 1758.5863 | P35: ='27'!I38 -> 78.304 | Q35: =Q34+P35 -> 1584.434 | R35: ='27'!I40 -> 75.625 | S35: =S34+R35 -> 1543.47 | T35: =R35/P35 -> 0.96578719 | U35: =S35/Q35 -> 0.97414597 | V35: =R35/L35 -> 0.93182345 | W35: =S35/M35 -> 0.85783366 | AB35: 0 | AC35: =AB35+AC34 -> 0 | AD35: =AB35/P35 -> 0 | AE35: =AC35/Q35 -> 0 | AF35: =IF(AND(R35>0,AB35>0),(AB35/(R35*1000))*1000,0) -> 0 | AG35: =IF(AND(S35>0,AC35>0),AC35/S35,0) -> 0 | AH35: =+BF35+BG35 -> 121.955 | AI35: =AH35+AI34 -> 3150.996 | AJ35: =AH35/(P35) -> 1.5574556 | AK35: =AI35/(Q35) -> 1.9887203 | AL35: =IF(AND(R35>0,AH35>0),AH35/(R35),0) -> 1.6126281 | AM35: =IF(AND(S35>0,AI35>0),AI35/(S35),0) -> 2.0415013 | AN35: 6.4 | AO35: =AN35+AO34 -> 280.89175 | AP35: =AN35/(P35) -> 0.081732734 | AQ35: =AO35/(Q35) -> 0.17728208 | AR35: =IF(AND(R35>0,AN35>0),AN35/(R35),0) -> 0.084628099 | AS35: =IF(AND(S35>0,AO35>0),AO35/(S35),0) -> 0.18198718 | AT35: ='27'!I46 -> 31921.49 | AU35: =AT35+AU34 -> 902385.58 | AV35: =IF(AND(L35>0,AT35>0),(AT35/(P35*1000)*1000),0) -> 407.66104 | AW35: =IF(AND(M35>0,AU35>0),(AU35/(Q35*1000)*1000),0) -> 569.53182 | AX35: =IF(AND(R35>0,AT35>0),(AT35/(R35*1000)*1000),0) -> 422.10235 | AY35: =IF(AND(S35>0,AU35>0),(AU35/(S35*1000)*1000),0) -> 584.64731 | AZ35: =+Listrik!AH34 -> 40256.7 | BA35: =AZ35+BA34 -> 763797.66 | BB35: =IF(AND(L35>0,AZ35>0),(AZ35/(P35*1000)*1000),0) -> 514.10784 | BC35: =IF(AND(M35>0,BA35>0),(BA35/(Q35*1000)*1000),0) -> 482.06341 | BD35: =IF(AND(R35>0,AZ35>0),(AZ35/(R35*1000)*1000),0) -> 532.32 | BE35: =IF(AND(S35>0,BA35>0),(BA35/(S35*1000)*1000),0) -> 494.85747 | BF35: =0.909 -> 0.909 | BG35: 121.046 | BH35: =+Efficiency2!K132 -> 81.158077 | BI35: =BI34+BH35 -> 1733.0721 | BJ35: =+R35/BH35 -> 0.93182345 | BK35: =+S35/BI35 -> 0.89059767
A36: =A35+1 -> 46019 | B36: Towel | C36: 38 | D36: =+'28'!F42 -> 483.64583 | E36: =+'28'!G42 -> 425.60833 | F36: =1-(E36/D36) -> 0.12 | G36: =+P36/N36 -> 0.95533434 | H36: =+P36/L36 -> 0.95533434 | I36: =+R36/P36 -> 0.9946998 | J36: =+R36/L36 -> 0.95027087 | K36: =+S36/M36 -> 0.86148807 | L36: =+Efficiency1!K136 -> 74.059936 | M36: =M35+L36 -> 1873.3248 | N36: =+Efficiency1!C136 -> 74.059936 | O36: =O35+N36 -> 1832.6462 | P36: ='28'!I38 -> 70.752 | Q36: =Q35+P36 -> 1655.186 | R36: ='28'!I40 -> 70.377 | S36: =S35+R36 -> 1613.847 | T36: =R36/P36 -> 0.9946998 | U36: =S36/Q36 -> 0.97502456 | V36: =R36/L36 -> 0.95027087 | W36: =S36/M36 -> 0.86148807 | AB36: 0 | AC36: =AB36+AC35 -> 0 | AD36: =AB36/P36 -> 0 | AE36: =AC36/Q36 -> 0 | AF36: =IF(AND(R36>0,AB36>0),(AB36/(R36*1000))*1000,0) -> 0 | AG36: =IF(AND(S36>0,AC36>0),AC36/S36,0) -> 0 | AH36: =+BF36+BG36 -> 108.955 | AI36: =AH36+AI35 -> 3259.951 | AJ36: =AH36/(P36) -> 1.5399565 | AK36: =AI36/(Q36) -> 1.9695376 | AL36: =IF(AND(R36>0,AH36>0),AH36/(R36),0) -> 1.548162 | AM36: =IF(AND(S36>0,AI36>0),AI36/(S36),0) -> 2.0199876 | AN36: 7 | AO36: =AN36+AO35 -> 287.89175 | AP36: =AN36/(P36) -> 0.098937133 | AQ36: =AO36/(Q36) -> 0.17393317 | AR36: =IF(AND(R36>0,AN36>0),AN36/(R36),0) -> 0.099464314 | AS36: =IF(AND(S36>0,AO36>0),AO36/(S36),0) -> 0.1783885 | AT36: ='28'!I46 -> 33850.09 | AU36: =AT36+AU35 -> 936235.67 | AV36: =IF(AND(L36>0,AT36>0),(AT36/(P36*1000)*1000),0) -> 478.43298 | AW36: =IF(AND(M36>0,AU36>0),(AU36/(Q36*1000)*1000),0) -> 565.63774 | AX36: =IF(AND(R36>0,AT36>0),(AT36/(R36*1000)*1000),0) -> 480.98228 | AY36: =IF(AND(S36>0,AU36>0),(AU36/(S36*1000)*1000),0) -> 580.12666 | AZ36: =+Listrik!AH35 -> 42070.8 | BA36: =AZ36+BA35 -> 805868.46 | BB36: =IF(AND(L36>0,AZ36>0),(AZ36/(P36*1000)*1000),0) -> 594.62347 | BC36: =IF(AND(M36>0,BA36>0),(BA36/(Q36*1000)*1000),0) -> 486.87486 | BD36: =IF(AND(R36>0,AZ36>0),(AZ36/(R36*1000)*1000),0) -> 597.79189 | BE36: =IF(AND(S36>0,BA36>0),(BA36/(S36*1000)*1000),0) -> 499.34626 | BF36: =0.848 -> 0.848 | BG36: 108.107 | BH36: =+Efficiency2!K136 -> 74.059936 | BI36: =BI35+BH36 -> 1807.1321 | BJ36: =+R36/BH36 -> 0.95027087 | BK36: =+S36/BI36 -> 0.8930432
A37: =A36+1 -> 46020 | B37: Towel/Napkin | C37: 38/16 | D37: =+'29'!F42 -> 814.03042 | E37: =+'29'!G42 -> 700.50418 | F37: =1-(E37/D37) -> 0.13946191 | G37: =+P37/N37 -> 0.95311597 | H37: =+P37/L37 -> 0.95306505 | I37: =+R37/P37 -> 0.96818524 | J37: =+R37/L37 -> 0.92274352 | K37: =+S37/M37 -> 0.86321313 | L37: =+SUM(Efficiency1!K140:K141) -> 54.284857 | M37: =M36+L37 -> 1927.6097 | N37: =+SUM(Efficiency1!C140:C141) -> 54.281957 | O37: =O36+N37 -> 1886.9281 | P37: ='29'!I38 -> 51.737 | Q37: =Q36+P37 -> 1706.923 | R37: ='29'!I40 -> 50.091 | S37: =S36+R37 -> 1663.938 | T37: =R37/P37 -> 0.96818524 | U37: =S37/Q37 -> 0.97481726 | V37: =R37/L37 -> 0.92274352 | W37: =S37/M37 -> 0.86321313 | AB37: 0 | AC37: =AB37+AC36 -> 0 | AD37: =AB37/P37 -> 0 | AE37: =AC37/Q37 -> 0 | AF37: =IF(AND(R37>0,AB37>0),(AB37/(R37*1000))*1000,0) -> 0 | AG37: =IF(AND(S37>0,AC37>0),AC37/S37,0) -> 0 | AH37: =+BF37+BG37 -> 99.127 | AI37: =AH37+AI36 -> 3359.078 | AJ37: =AH37/(P37) -> 1.9159789 | AK37: =AI37/(Q37) -> 1.9679142 | AL37: =IF(AND(R37>0,AH37>0),AH37/(R37),0) -> 1.9789383 | AM37: =IF(AND(S37>0,AI37>0),AI37/(S37),0) -> 2.0187519 | AN37: 11.1 | AO37: =AN37+AO36 -> 298.99175 | AP37: =AN37/(P37) -> 0.21454665 | AQ37: =AO37/(Q37) -> 0.17516417 | AR37: =IF(AND(R37>0,AN37>0),AN37/(R37),0) -> 0.22159669 | AS37: =IF(AND(S37>0,AO37>0),AO37/(S37),0) -> 0.17968924 | AT37: ='29'!I46 -> 34106.9 | AU37: =AT37+AU36 -> 970342.57 | AV37: =IF(AND(L37>0,AT37>0),(AT37/(P37*1000)*1000),0) -> 659.23614 | AW37: =IF(AND(M37>0,AU37>0),(AU37/(Q37*1000)*1000),0) -> 568.47472 | AX37: =IF(AND(R37>0,AT37>0),(AT37/(R37*1000)*1000),0) -> 680.89876 | AY37: =IF(AND(S37>0,AU37>0),(AU37/(S37*1000)*1000),0) -> 583.16029 | AZ37: =+Listrik!AH36 -> 27707.5 | BA37: =AZ37+BA36 -> 833575.96 | BB37: =IF(AND(L37>0,AZ37>0),(AZ37/(P37*1000)*1000),0) -> 535.54516 | BC37: =IF(AND(M37>0,BA37>0),(BA37/(Q37*1000)*1000),0) -> 488.35007 | BD37: =IF(AND(R37>0,AZ37>0),(AZ37/(R37*1000)*1000),0) -> 553.14328 | BE37: =IF(AND(S37>0,BA37>0),(BA37/(S37*1000)*1000),0) -> 500.96576 | BF37: =2.508 -> 2.508 | BG37: 96.619 | BH37: =+SUM(Efficiency2!K140:K141) -> 52.057801 | BI37: =BI36+BH37 -> 1859.1899 | BJ37: =+R37/BH37 -> 0.9622189 | BK37: =+S37/BI37 -> 0.89498014
A38: =A37+1 -> 46021 | B38: Napkin | C38: 16/16,5 | D38: =+'30'!F42 -> 830 | E38: =+'30'!G42 -> 713.8 | F38: =1-(E38/D38) -> 0.14 | G38: =+P38/N38 -> 0.94063454 | H38: =+P38/L38 -> 0.94063454 | I38: =+R38/P38 -> 1.0328558 | J38: =+R38/L38 -> 0.97153987 | K38: =+S38/M38 -> 0.86617045 | L38: =+SUM(Efficiency1!K148:K149) -> 54.100714 | M38: =M37+L38 -> 1981.7104 | N38: =+SUM(Efficiency1!C148:C149) -> 54.100714 | O38: =O37+N38 -> 1941.0289 | P38: ='30'!I38 -> 50.889 | Q38: =Q37+P38 -> 1757.812 | R38: ='30'!I40 -> 52.561 | S38: =S37+R38 -> 1716.499 | T38: =R38/P38 -> 1.0328558 | U38: =S38/Q38 -> 0.97649749 | V38: =R38/L38 -> 0.97153987 | W38: =S38/M38 -> 0.86617045 | AB38: 0 | AC38: =AB38+AC37 -> 0 | AD38: =AB38/P38 -> 0 | AE38: =AC38/Q38 -> 0 | AF38: =IF(AND(R38>0,AB38>0),(AB38/(R38*1000))*1000,0) -> 0 | AG38: =IF(AND(S38>0,AC38>0),AC38/S38,0) -> 0 | AH38: =+BF38+BG38 -> 105.287 | AI38: =AH38+AI37 -> 3464.365 | AJ38: =AH38/(P38) -> 2.068954 | AK38: =AI38/(Q38) -> 1.9708393 | AL38: =IF(AND(R38>0,AH38>0),AH38/(R38),0) -> 2.0031392 | AM38: =IF(AND(S38>0,AI38>0),AI38/(S38),0) -> 2.0182738 | AN38: 13 | AO38: =AN38+AO37 -> 311.99175 | AP38: =AN38/(P38) -> 0.25545796 | AQ38: =AO38/(Q38) -> 0.17748869 | AR38: =IF(AND(R38>0,AN38>0),AN38/(R38),0) -> 0.24733167 | AS38: =IF(AND(S38>0,AO38>0),AO38/(S38),0) -> 0.18176052 | AT38: ='30'!I46 -> 35159.9 | AU38: =AT38+AU37 -> 1005502.5 | AV38: =IF(AND(L38>0,AT38>0),(AT38/(P38*1000)*1000),0) -> 690.91356 | AW38: =IF(AND(M38>0,AU38>0),(AU38/(Q38*1000)*1000),0) -> 572.01935 | AX38: =IF(AND(R38>0,AT38>0),(AT38/(R38*1000)*1000),0) -> 668.93514 | AY38: =IF(AND(S38>0,AU38>0),(AU38/(S38*1000)*1000),0) -> 585.78681 | AZ38: =+Listrik!AH37 -> 24466 | BA38: =AZ38+BA37 -> 858041.96 | BB38: =IF(AND(L38>0,AZ38>0),(AZ38/(P38*1000)*1000),0) -> 480.77188 | BC38: =IF(AND(M38>0,BA38>0),(BA38/(Q38*1000)*1000),0) -> 488.13068 | BD38: =IF(AND(R38>0,AZ38>0),(AZ38/(R38*1000)*1000),0) -> 465.47821 | BE38: =IF(AND(S38>0,BA38>0),(BA38/(S38*1000)*1000),0) -> 499.87909 | BF38: 0.12 | BG38: 105.167 | BH38: =+SUM(Efficiency2!K148:K149) -> 54.100714 | BI38: =BI37+BH38 -> 1913.2906 | BJ38: =+R38/BH38 -> 0.97153987 | BK38: =+S38/BI38 -> 0.89714496
A39: =A38+1 -> 46022 | B39: Napkin | C39: 16.5/17/19 | D39: =+'31'!F42 -> 830 | E39: =+'31'!G42 -> 713.8 | F39: =1-(E39/D39) -> 0.14 | G39: =+P39/N39 -> 0.98319108 | H39: =+P39/L39 -> 0.98319108 | I39: =+R39/P39 -> 1.0175678 | J39: =+R39/L39 -> 1.0004636 | K39: =+S39/M39 -> 0.8699491 | L39: =+SUM(Efficiency1!K152:K154) -> 57.374402 | M39: =M38+L39 -> 2039.0848 | N39: =+SUM(Efficiency1!C152:C154) -> 57.374402 | O39: =O38+N39 -> 1998.4033 | P39: ='31'!I38 -> 56.41 | Q39: =Q38+P39 -> 1814.222 | R39: ='31'!I40 -> 57.401 | S39: =S38+R39 -> 1773.9 | T39: =R39/P39 -> 1.0175678 | U39: =S39/Q39 -> 0.9777745 | V39: =R39/L39 -> 1.0004636 | W39: =S39/M39 -> 0.8699491 | AB39: 0 | AC39: =AB39+AC38 -> 0 | AD39: =AB39/P39 -> 0 | AE39: =AC39/Q39 -> 0 | AF39: =IF(AND(R39>0,AB39>0),(AB39/(R39*1000))*1000,0) -> 0 | AG39: =IF(AND(S39>0,AC39>0),AC39/S39,0) -> 0 | AH39: =+BF39+BG39 -> 107.744 | AI39: =AH39+AI38 -> 3572.109 | AJ39: =AH39/(P39) -> 1.910016 | AK39: =AI39/(Q39) -> 1.9689481 | AL39: =IF(AND(R39>0,AH39>0),AH39/(R39),0) -> 1.8770405 | AM39: =IF(AND(S39>0,AI39>0),AI39/(S39),0) -> 2.0137037 | AN39: 13.3 | AO39: =AN39+AO38 -> 325.29175 | AP39: =AN39/(P39) -> 0.2357738 | AQ39: =AO39/(Q39) -> 0.17930096 | AR39: =IF(AND(R39>0,AN39>0),AN39/(R39),0) -> 0.23170328 | AS39: =IF(AND(S39>0,AO39>0),AO39/(S39),0) -> 0.1833766 | AT39: ='31'!I46 -> 34819.68 | AU39: =AT39+AU38 -> 1040322.2 | AV39: =IF(AND(L39>0,AT39>0),(AT39/(P39*1000)*1000),0) -> 617.26077 | AW39: =IF(AND(M39>0,AU39>0),(AU39/(Q39*1000)*1000),0) -> 573.42605 | AX39: =IF(AND(R39>0,AT39>0),(AT39/(R39*1000)*1000),0) -> 606.60407 | AY39: =IF(AND(S39>0,AU39>0),(AU39/(S39*1000)*1000),0) -> 586.46043 | AZ39: =+Listrik!AH38 -> 29179 | BA39: =AZ39+BA38 -> 887220.96 | BB39: =IF(AND(L39>0,AZ39>0),(AZ39/(P39*1000)*1000),0) -> 517.26644 | BC39: =IF(AND(M39>0,BA39>0),(BA39/(Q39*1000)*1000),0) -> 489.0366 | BD39: =IF(AND(R39>0,AZ39>0),(AZ39/(R39*1000)*1000),0) -> 508.33609 | BE39: =IF(AND(S39>0,BA39>0),(BA39/(S39*1000)*1000),0) -> 500.15275 | BF39: =0.079 -> 0.079 | BG39: 107.665 | BH39: =+SUM(Efficiency2!K152:K154) -> 57.374402 | BI39: =BI38+BH39 -> 1970.665 | BJ39: =+R39/BH39 -> 1.0004636 | BK39: =+S39/BI39 -> 0.900153
J40: =+R40/L40 -> #DIV/0! | K40: =+S40/M40 -> #DIV/0!
G41: =+P41/N41 -> 0.90783579 | H41: =+P41/L41 -> 0.88972366 | I41: =+R41/P41 -> 0.9777745 | J41: =+R41/L41 -> 0.8699491 | L41: =SUM(L9:L39) -> 2039.0848 | N41: =SUM(N9:N39) -> 1998.4033 | P41: =SUM(P9:P39) -> 1814.222 | R41: =SUM(R9:R39) -> 1773.9 | T41: =R41/P41 -> 0.9777745 | V41: =(R41/L41) -> 0.8699491 | Y41: =Y38+X41 -> 0 | Z41: =IF(AND(R41>0,X41>0),X41/R41*1000,0) -> 0 | AA41: =IF(AND(S41>0,Y41>0),Y41/S41*1000,0) -> 0 | AB41: =SUM(AB9:AB39) -> 0 | AD41: =AB41/P41 -> 0 | AF41: =AB41/R41 -> 0 | AH41: =SUM(AH9:AH40) -> 3572.109 | AJ41: =AH41/P41 -> 1.9689481 | AL41: =AH41/R41 -> 2.0137037 | AN41: =SUM(AN9:AN40) -> 325.29175 | AP41: =AN41/P41 -> 0.17930096 | AR41: =AN41/R41 -> 0.1833766 | AT41: =SUM(AT9:AT39) -> 1040322.2 | AV41: =AT41/P41 -> 573.42605 | AX41: =AT41/R41 -> 586.46043 | AZ41: =SUM(AZ9:AZ39) -> 887220.96 | BB41: =AZ41/V41 -> 1019853.9 | BD41: =AZ41/R41 -> 500.15275 | BH41: =SUM(BH9:BH39) -> 1970.665 | BJ41: =+R41/BH41 -> 0.900153

Sheet GRAFIK

Sheet Listrik
A2: MACHINE POWER CONSUMPTION (PER PANEL)
A4: Date | B4: PM (TON) | C4: FINSHED GOODS (TON) | AC4: Total PM12 | AF4: Total DEINKING
D5: Rewinder | H5: M.DDR1LF | I5: DDR TICKLING | M5: DEFLAKER | Q5: INCOMING 3200 MCC | U5: INCOMING 1250A HOOD | Y5: INCOMING PANEL ABB DRIVE
D6: KWH | E6: Consumption | F6: /TON PM | G6: /TON FG | I6: KWH | J6: Consumption | K6: /TON PM | L6: /TON FG | M6: KWH | N6: Consumption | O6: /TON PM | P6: /TON FG | Q6: KWH | R6: Consumption | S6: /TON PM | T6: /TON FG | U6: KWH | V6: Consumption | W6: /TON PM | X6: /TON FG | Y6: KWH | Z6: Consumption | AA6: /TON PM | AB6: /TON FG | AC6: Consumption | AD6: /TON PM | AE6: /TON FG | AF6: DIP 1 | AG6: DIP 2 | AH6: TOTAL DIP | AI6: /TON PM | AJ6: /TON FG
A7: =A8-1 -> 45991 | B7: 0 | C7: 0
A8: =+Report1!A9 -> 45992 | B8: =Report1!P9 -> 60.458 | C8: =Report1!R9 -> 60.009 | D8: =+D7+E8 -> 685.6 | E8: =+[1]DailyDes!O7 -> 685.6 | F8: =E8/B8 -> 11.340104 | G8: =E8/C8 -> 11.424953 | H8: =+[1]DailyDes!P7 -> 0.1 | I8: =+I7+J8 -> 4734 | J8: =+[1]DailyDes!Q7 -> 4734 | K8: =J8/B8 -> 78.302293 | L8: =J8/C8 -> 78.888167 | M8: =+M7+N8 -> 0 | N8: =+[1]DailyDes!R7 -> 0 | O8: =N8/B8 -> 0 | P8: =N8/C8 -> 0 | Q8: =+Q7+R8 -> 15717.73 | R8: =+[1]DailyDes!S7 -> 15717.73 | S8: =R8/B8 -> 259.97767 | T8: =R8/C8 -> 261.92288 | U8: =+U7+V8 -> 6168.33 | V8: =+[1]DailyDes!T7 -> 6168.33 | W8: =V8/B8 -> 102.0267 | X8: =V8/C8 -> 102.79008 | Y8: =+Y7+Z8 -> 5837.33 | Z8: =+[1]DailyDes!U7 -> 5837.33 | AA8: =Z8/B8 -> 96.551821 | AB8: =Z8/C8 -> 97.274242 | AC8: =+E8+J8+N8+R8+V8+Z8+H8 -> 33143.09 | AD8: =AC8/B8 -> 548.20024 | AE8: =AC8/C8 -> 552.30199 | AF8: =+[1]DailyDes!BH7 -> 29647 | AG8: =+[1]DailyDes!BL7 -> 0 | AH8: =+AG8+AF8 -> 29647 | AI8: =AH8/B8 -> 490.37348 | AJ8: =AH8/C8 -> 494.04256 | AN8: Off Reel | AO8: Off Rewinder
A9: =A8+1 -> 45993 | B9: =Report1!P10 -> 51.539 | C9: =Report1!R10 -> 44.423 | D9: =+D8+E9 -> 1531.7 | E9: =+[1]DailyDes!O8 -> 846.1 | F9: =E9/B9 -> 16.416694 | G9: =E9/C9 -> 19.04644 | H9: =+[1]DailyDes!P8 -> 0 | I9: =+I8+J9 -> 8734 | J9: =+[1]DailyDes!Q8 -> 4000 | K9: =J9/B9 -> 77.611129 | L9: =J9/C9 -> 90.043446 | M9: =+M8+N9 -> 0 | N9: =+[1]DailyDes!R8 -> 0 | O9: =N9/B9 -> 0 | P9: =N9/C9 -> 0 | Q9: =+Q8+R9 -> 30439.58 | R9: =+[1]DailyDes!S8 -> 14721.85 | S9: =R9/B9 -> 285.64485 | T9: =R9/C9 -> 331.40153 | U9: =+U8+V9 -> 12014.28 | V9: =+[1]DailyDes!T8 -> 5845.95 | W9: =V9/B9 -> 113.4277 | X9: =V9/C9 -> 131.59737 | Y9: =+Y8+Z9 -> 11211.28 | Z9: =+[1]DailyDes!U8 -> 5373.95 | AA9: =Z9/B9 -> 104.26958 | AB9: =Z9/C9 -> 120.97224 | AC9: =+E9+J9+N9+R9+V9+Z9+H9 -> 30787.85 | AD9: =AC9/B9 -> 597.36995 | AE9: =AC9/C9 -> 693.06103 | AF9: =+[1]DailyDes!BH8 -> 18058 | AG9: =+[1]DailyDes!BL8 -> 0 | AH9: =+AG9+AF9 -> 18058 | AI9: =AH9/B9 -> 350.37544 | AJ9: =AH9/C9 -> 406.50114 | AN9: Kwh/ ton | AO9: Kwh/ ton
A10: =A9+1 -> 45994 | B10: =Report1!P11 -> 47.058 | C10: =Report1!R11 -> 49.815 | D10: =+D9+E10 -> 1721.9 | E10: =+[1]DailyDes!O9 -> 190.2 | F10: =E10/B10 -> 4.0418207 | G10: =E10/C10 -> 3.8181271 | H10: =+[1]DailyDes!P9 -> 4.2 | I10: =+I9+J10 -> 8869 | J10: =+[1]DailyDes!Q9 -> 135 | K10: =J10/B10 -> 2.8688002 | L10: =J10/C10 -> 2.7100271 | M10: =+M9+N10 -> 0 | N10: =+[1]DailyDes!R9 -> 0 | O10: =N10/B10 -> 0 | P10: =N10/C10 -> 0 | Q10: =+Q9+R10 -> 35973.8 | R10: =+[1]DailyDes!S9 -> 5534.22 | S10: =R10/B10 -> 117.60423 | T10: =R10/C10 -> 111.09545 | U10: =+U9+V10 -> 13788.7 | V10: =+[1]DailyDes!T9 -> 1774.42 | W10: =V10/B10 -> 37.707085 | X10: =V10/C10 -> 35.620195 | Y10: =+Y9+Z10 -> 13194.7 | Z10: =+[1]DailyDes!U9 -> 1983.42 | AA10: =Z10/B10 -> 42.148413 | AB10: =Z10/C10 -> 39.815718 | AC10: =+E10+J10+N10+R10+V10+Z10+H10 -> 9621.46 | AD10: =AC10/B10 -> 204.4596 | AE10: =AC10/C10 -> 193.14383 | AF10: =+[1]DailyDes!BH9 -> 509 | AG10: =+[1]DailyDes!BL9 -> 0 | AH10: =+AG10+AF10 -> 509 | AI10: =AH10/B10 -> 10.816439 | AJ10: =AH10/C10 -> 10.217806 | AL10: PM | AM10: DDR 1 LF | AN10: =+F40 -> 13.396817 | AO10: =+G40 -> 13.701336
A11: =A10+1 -> 45995 | B11: =Report1!P12 -> 0 | C11: =Report1!R12 -> 0 | D11: =+D10+E11 -> 2228.1 | E11: =+[1]DailyDes!O10 -> 506.2 | F11: =E11/B11 -> #DIV/0! | G11: =E11/C11 -> #DIV/0! | H11: =+[1]DailyDes!P10 -> 203.9 | I11: =+I10+J11 -> 12507 | J11: =+[1]DailyDes!Q10 -> 3638 | K11: =J11/B11 -> #DIV/0! | L11: =J11/C11 -> #DIV/0! | M11: =+M10+N11 -> 0 | N11: =+[1]DailyDes!R10 -> 0 | O11: =N11/B11 -> #DIV/0! | P11: =N11/C11 -> #DIV/0! | Q11: =+Q10+R11 -> 47173.36 | R11: =+[1]DailyDes!S10 -> 11199.56 | S11: =R11/B11 -> #DIV/0! | T11: =R11/C11 -> #DIV/0! | U11: =+U10+V11 -> 17699.46 | V11: =+[1]DailyDes!T10 -> 3910.76 | W11: =V11/B11 -> #DIV/0! | X11: =V11/C11 -> #DIV/0! | Y11: =+Y10+Z11 -> 17303.46 | Z11: =+[1]DailyDes!U10 -> 4108.76 | AA11: =Z11/B11 -> #DIV/0! | AB11: =Z11/C11 -> #DIV/0! | AC11: =+E11+J11+N11+R11+V11+Z11+H11 -> 23567.18 | AD11: =AC11/B11 -> #DIV/0! | AE11: =AC11/C11 -> #DIV/0! | AF11: =+[1]DailyDes!BH10 -> 1070 | AG11: =+[1]DailyDes!BL10 -> 0 | AH11: =+AG11+AF11 -> 1070 | AI11: =AH11/B11 -> #DIV/0! | AJ11: =AH11/C11 -> #DIV/0! | AM11: DDR TICKLING | AN11: =+K40 -> 68.822338 | AO11: =+L40 -> 70.386719
A12: =A11+1 -> 45996 | B12: =Report1!P13 -> 39.436 | C12: =Report1!R13 -> 33.343 | D12: =+D11+E12 -> 3013.9 | E12: =+[1]DailyDes!O11 -> 785.8 | F12: =E12/B12 -> 19.925956 | G12: =E12/C12 -> 23.567166 | H12: =+[1]DailyDes!P11 -> 1598.5 | I12: =+I11+J12 -> 16076 | J12: =+[1]DailyDes!Q11 -> 3569 | K12: =J12/B12 -> 90.501065 | L12: =J12/C12 -> 107.03896 | M12: =+M11+N12 -> 0 | N12: =+[1]DailyDes!R11 -> 0 | O12: =N12/B12 -> 0 | P12: =N12/C12 -> 0 | Q12: =+Q11+R12 -> 61469.47 | R12: =+[1]DailyDes!S11 -> 14296.11 | S12: =R12/B12 -> 362.5142 | T12: =R12/C12 -> 428.75896 | U12: =+U11+V12 -> 23848.37 | V12: =+[1]DailyDes!T11 -> 6148.91 | W12: =V12/B12 -> 155.92124 | X12: =V12/C12 -> 184.41382 | Y12: =+Y11+Z12 -> 22642.37 | Z12: =+[1]DailyDes!U11 -> 5338.91 | AA12: =Z12/B12 -> 135.38163 | AB12: =Z12/C12 -> 160.12086 | AC12: =+E12+J12+N12+R12+V12+Z12+H12 -> 31737.23 | AD12: =AC12/B12 -> 804.77812 | AE12: =AC12/C12 -> 951.84087 | AF12: =+[1]DailyDes!BH11 -> 1280 | AG12: =+[1]DailyDes!BL11 -> 20101.5 | AH12: =+AG12+AF12 -> 21381.5 | AI12: =AH12/B12 -> 542.18227 | AJ12: =AH12/C12 -> 641.25903 | AM12: DEFLAKER | AN12: =+O40 -> 0 | AO12: =+P40 -> 0
A13: =A12+1 -> 45997 | B13: =Report1!P14 -> 42.302 | C13: =Report1!R14 -> 38.428 | D13: =+D12+E13 -> 3940 | E13: =+[1]DailyDes!O12 -> 926.1 | F13: =E13/B13 -> 21.892582 | G13: =E13/C13 -> 24.099615 | H13: =+[1]DailyDes!P12 -> 2027 | I13: =+I12+J13 -> 19800 | J13: =+[1]DailyDes!Q12 -> 3724 | K13: =J13/B13 -> 88.033663 | L13: =J13/C13 -> 96.908504 | M13: =+M12+N13 -> 0 | N13: =+[1]DailyDes!R12 -> 0 | O13: =N13/B13 -> 0 | P13: =N13/C13 -> 0 | Q13: =+Q12+R13 -> 77060.36 | R13: =+[1]DailyDes!S12 -> 15590.89 | S13: =R13/B13 -> 368.56153 | T13: =R13/C13 -> 405.71693 | U13: =+U12+V13 -> 31438.36 | V13: =+[1]DailyDes!T12 -> 7589.99 | W13: =V13/B13 -> 179.4239 | X13: =V13/C13 -> 197.51197 | Y13: =+Y12+Z13 -> 29255.36 | Z13: =+[1]DailyDes!U12 -> 6612.99 | AA13: =Z13/B13 -> 156.32807 | AB13: =Z13/C13 -> 172.0878 | AC13: =+E13+J13+N13+R13+V13+Z13+H13 -> 36470.97 | AD13: =AC13/B13 -> 862.15711 | AE13: =AC13/C13 -> 949.07281 | AF13: =+[1]DailyDes!BH12 -> 1205 | AG13: =+[1]DailyDes!BL12 -> 18360 | AH13: =+AG13+AF13 -> 19565 | AI13: =AH13/B13 -> 462.50768 | AJ13: =AH13/C13 -> 509.13396 | AM13: INCOMING 3200 MCC | AN13: =+S40 -> 261.69689 | AO13: =+T40 -> 267.64544
A14: =A13+1 -> 45998 | B14: =Report1!P15 -> 49.306 | C14: =Report1!R15 -> 48.44 | D14: =+D13+E14 -> 4853.8 | E14: =+[1]DailyDes!O13 -> 913.8 | F14: =E14/B14 -> 18.533241 | G14: =E14/C14 -> 18.864575 | H14: =+[1]DailyDes!P13 -> 1961.3 | I14: =+I13+J14 -> 23588 | J14: =+[1]DailyDes!Q13 -> 3788 | K14: =J14/B14 -> 76.82635 | L14: =J14/C14 -> 78.199835 | M14: =+M13+N14 -> 0 | N14: =+[1]DailyDes!R13 -> 0 | O14: =N14/B14 -> 0 | P14: =N14/C14 -> 0 | Q14: =+Q13+R14 -> 92738.35 | R14: =+[1]DailyDes!S13 -> 15677.99 | S14: =R14/B14 -> 317.97327 | T14: =R14/C14 -> 323.65793 | U14: =+U13+V14 -> 38580.15 | V14: =+[1]DailyDes!T13 -> 7141.79 | W14: =V14/B14 -> 144.84627 | X14: =V14/C14 -> 147.4358 | Y14: =+Y13+Z14 -> 35465.15 | Z14: =+[1]DailyDes!U13 -> 6209.79 | AA14: =Z14/B14 -> 125.9439 | AB14: =Z14/C14 -> 128.1955 | AC14: =+E14+J14+N14+R14+V14+Z14+H14 -> 35692.67 | AD14: =AC14/B14 -> 723.90115 | AE14: =AC14/C14 -> 736.8429 | AF14: =+[1]DailyDes!BH13 -> 1216 | AG14: =+[1]DailyDes!BL13 -> 22083 | AH14: =+AG14+AF14 -> 23299 | AI14: =AH14/B14 -> 472.53884 | AJ14: =AH14/C14 -> 480.98679 | AM14: INCOMING 1250A HOOD | AN14: =+W40 -> 112.10858 | AO14: =+X40 -> 114.65689
A15: =A14+1 -> 45999 | B15: =Report1!P16 -> 47.401 | C15: =Report1!R16 -> 45.993 | D15: =+D14+E15 -> 5708.1 | E15: =+[1]DailyDes!O14 -> 854.3 | F15: =E15/B15 -> 18.022827 | G15: =E15/C15 -> 18.574566 | H15: =+[1]DailyDes!P14 -> 1001.1 | I15: =+I14+J15 -> 27532 | J15: =+[1]DailyDes!Q14 -> 3944 | K15: =J15/B15 -> 83.204996 | L15: =J15/C15 -> 85.75218 | M15: =+M14+N15 -> 0 | N15: =+[1]DailyDes!R14 -> 0 | O15: =N15/B15 -> 0 | P15: =N15/C15 -> 0 | Q15: =+Q14+R15 -> 108149.24 | R15: =+[1]DailyDes!S14 -> 15410.89 | S15: =R15/B15 -> 325.1174 | T15: =R15/C15 -> 335.07034 | U15: =+U14+V15 -> 45609.34 | V15: =+[1]DailyDes!T14 -> 7029.19 | W15: =V15/B15 -> 148.29202 | X15: =V15/C15 -> 152.83174 | Y15: =+Y14+Z15 -> 41569.34 | Z15: =+[1]DailyDes!U14 -> 6104.19 | AA15: =Z15/B15 -> 128.77766 | AB15: =Z15/C15 -> 132.71998 | AC15: =+E15+J15+N15+R15+V15+Z15+H15 -> 34343.67 | AD15: =AC15/B15 -> 724.53471 | AE15: =AC15/C15 -> 746.71515 | AF15: =+[1]DailyDes!BH14 -> 1274 | AG15: =+[1]DailyDes!BL14 -> 20129.6 | AH15: =+AG15+AF15 -> 21403.6 | AI15: =AH15/B15 -> 451.54322 | AJ15: =AH15/C15 -> 465.36647 | AM15: INCOMING PANEL ABB DRIVE | AN15: =+AA40 -> 98.691919 | AO15: =+AB40 -> 100.93526
A16: =A15+1 -> 46000 | B16: =Report1!P17 -> 54.229 | C16: =Report1!R17 -> 51.213 | D16: =+D15+E16 -> 6591.9 | E16: =+[1]DailyDes!O15 -> 883.8 | F16: =E16/B16 -> 16.297553 | G16: =E16/C16 -> 17.257337 | H16: =+[1]DailyDes!P15 -> 0.1 | I16: =+I15+J16 -> 31369 | J16: =+[1]DailyDes!Q15 -> 3837 | K16: =J16/B16 -> 70.7555 | L16: =J16/C16 -> 74.922383 | M16: =+M15+N16 -> 0 | N16: =+[1]DailyDes!R15 -> 0 | O16: =N16/B16 -> 0 | P16: =N16/C16 -> 0 | Q16: =+Q15+R16 -> 123814.6 | R16: =+[1]DailyDes!S15 -> 15665.36 | S16: =R16/B16 -> 288.87422 | T16: =R16/C16 -> 305.8864 | U16: =+U15+V16 -> 53109.5 | V16: =+[1]DailyDes!T15 -> 7500.16 | W16: =V16/B16 -> 138.30533 | X16: =V16/C16 -> 146.45032 | Y16: =+Y15+Z16 -> 48279.5 | Z16: =+[1]DailyDes!U15 -> 6710.16 | AA16: =Z16/B16 -> 123.73748 | AB16: =Z16/C16 -> 131.02454 | AC16: =+E16+J16+N16+R16+V16+Z16+H16 -> 34596.58 | AD16: =AC16/B16 -> 637.97193 | AE16: =AC16/C16 -> 675.54293 | AF16: =+[1]DailyDes!BH15 -> 1300 | AG16: =+[1]DailyDes!BL15 -> 27655.4 | AH16: =+AG16+AF16 -> 28955.4 | AI16: =AH16/B16 -> 533.94678 | AJ16: =AH16/C16 -> 565.3916 | AN16: =SUM(AN10:AN15) -> 554.71654 | AO16: =SUM(AO10:AO15) -> 567.32564
A17: =A16+1 -> 46001 | B17: =Report1!P18 -> 58.542 | C17: =Report1!R18 -> 56.856 | D17: =+D16+E17 -> 7340 | E17: =+[1]DailyDes!O16 -> 748.1 | F17: =E17/B17 -> 12.77886 | G17: =E17/C17 -> 13.157802 | H17: =+[1]DailyDes!P16 -> 0.1 | I17: =+I16+J17 -> 34332 | J17: =+[1]DailyDes!Q16 -> 2963 | K17: =J17/B17 -> 50.613235 | L17: =J17/C17 -> 52.114113 | M17: =+M16+N17 -> 0 | N17: =+[1]DailyDes!R16 -> 0 | O17: =N17/B17 -> 0 | P17: =N17/C17 -> 0 | Q17: =+Q16+R17 -> 137172.8 | R17: =+[1]DailyDes!S16 -> 13358.2 | S17: =R17/B17 -> 228.18148 | T17: =R17/C17 -> 234.94794 | U17: =+U16+V17 -> 53685.8 | V17: =+[1]DailyDes!T16 -> 576.3 | W17: =V17/B17 -> 9.8442144 | X17: =V17/C17 -> 10.136133 | Y17: =+Y16+Z17 -> 53172.8 | Z17: =+[1]DailyDes!U16 -> 4893.3 | AA17: =Z17/B17 -> 83.586143 | AB17: =Z17/C17 -> 86.064795 | AC17: =+E17+J17+N17+R17+V17+Z17+H17 -> 22539 | AD17: =AC17/B17 -> 385.00564 | AE17: =AC17/C17 -> 396.42254 | AF17: =+[1]DailyDes!BH16 -> 17663 | AG17: =+[1]DailyDes!BL16 -> 16184.08 | AH17: =+AG17+AF17 -> 33847.08 | AI17: =AH17/B17 -> 578.16747 | AJ17: =AH17/C17 -> 595.31237
A18: =A17+1 -> 46002 | B18: =Report1!P19 -> 49.566 | C18: =Report1!R19 -> 47.02 | D18: =+D17+E18 -> 8261.2 | E18: =+[1]DailyDes!O17 -> 921.2 | F18: =E18/B18 -> 18.585321 | G18: =E18/C18 -> 19.591663 | H18: =+[1]DailyDes!P17 -> 1648.6 | I18: =+I17+J18 -> 38795 | J18: =+[1]DailyDes!Q17 -> 4463 | K18: =J18/B18 -> 90.041561 | L18: =J18/C18 -> 94.917057 | M18: =+M17+N18 -> 0 | N18: =+[1]DailyDes!R17 -> 0 | O18: =N18/B18 -> 0 | P18: =N18/C18 -> 0 | Q18: =+Q17+R18 -> 152584.22 | R18: =+[1]DailyDes!S17 -> 15411.42 | S18: =R18/B18 -> 310.92725 | T18: =R18/C18 -> 327.76308 | U18: =+U17+V18 -> 60808.42 | V18: =+[1]DailyDes!T17 -> 7122.62 | W18: =V18/B18 -> 143.69971 | X18: =V18/C18 -> 151.48065 | Y18: =+Y17+Z18 -> 58668.42 | Z18: =+[1]DailyDes!U17 -> 5495.62 | AA18: =Z18/B18 -> 110.87479 | AB18: =Z18/C18 -> 116.87835 | AC18: =+E18+J18+N18+R18+V18+Z18+H18 -> 35062.46 | AD18: =AC18/B18 -> 707.38934 | AE18: =AC18/C18 -> 745.69247 | AF18: =+[1]DailyDes!BH17 -> 5382 | AG18: =+[1]DailyDes!BL17 -> 24083.28 | AH18: =+AG18+AF18 -> 29465.28 | AI18: =AH18/B18 -> 594.46556 | AJ18: =AH18/C18 -> 626.65419
A19: =A18+1 -> 46003 | B19: =Report1!P20 -> 63.509 | C19: =Report1!R20 -> 59.353 | D19: =+D18+E19 -> 9165.5 | E19: =+[1]DailyDes!O18 -> 904.3 | F19: =E19/B19 -> 14.238927 | G19: =E19/C19 -> 15.235961 | H19: =+[1]DailyDes!P18 -> 2605.5 | I19: =+I18+J19 -> 43239 | J19: =+[1]DailyDes!Q18 -> 4444 | K19: =J19/B19 -> 69.974334 | L19: =J19/C19 -> 74.874059 | M19: =+M18+N19 -> 0 | N19: =+[1]DailyDes!R18 -> 0 | O19: =N19/B19 -> 0 | P19: =N19/C19 -> 0 | Q19: =+Q18+R19 -> 170579.16 | R19: =+[1]DailyDes!S18 -> 17994.94 | S19: =R19/B19 -> 283.34472 | T19: =R19/C19 -> 303.18501 | U19: =+U18+V19 -> 69788.46 | V19: =+[1]DailyDes!T18 -> 8980.04 | W19: =V19/B19 -> 141.39791 | X19: =V19/C19 -> 151.29884 | Y19: =+Y18+Z19 -> 65961.66 | Z19: =+[1]DailyDes!U18 -> 7293.24 | AA19: =Z19/B19 -> 114.8379 | AB19: =Z19/C19 -> 122.87905 | AC19: =+E19+J19+N19+R19+V19+Z19+H19 -> 42222.02 | AD19: =AC19/B19 -> 664.81947 | AE19: =AC19/C19 -> 711.37129 | AF19: =+[1]DailyDes!BH18 -> 3557 | AG19: =+[1]DailyDes!BL18 -> 24936.8 | AH19: =+AG19+AF19 -> 28493.8 | AI19: =AH19/B19 -> 448.65767 | AJ19: =AH19/C19 -> 480.07346
A20: =A19+1 -> 46004 | B20: =Report1!P21 -> 60.103 | C20: =Report1!R21 -> 57.132 | D20: =+D19+E20 -> 10111.2 | E20: =+[1]DailyDes!O19 -> 945.7 | F20: =E20/B20 -> 15.734656 | G20: =E20/C20 -> 16.552895 | H20: =+[1]DailyDes!P19 -> 2653.4 | I20: =+I19+J20 -> 47945 | J20: =+[1]DailyDes!Q19 -> 4706 | K20: =J20/B20 -> 78.29892 | L20: =J20/C20 -> 82.37065 | M20: =+M19+N20 -> 0 | N20: =+[1]DailyDes!R19 -> 0 | O20: =N20/B20 -> 0 | P20: =N20/C20 -> 0 | Q20: =+Q19+R20 -> 187548.87 | R20: =+[1]DailyDes!S19 -> 16969.71 | S20: =R20/B20 -> 282.34381 | T20: =R20/C20 -> 297.02636 | U20: =+U19+V20 -> 78421.17 | V20: =+[1]DailyDes!T19 -> 8632.71 | W20: =V20/B20 -> 143.63193 | X20: =V20/C20 -> 151.10113 | Y20: =+Y19+Z20 -> 72837.07 | Z20: =+[1]DailyDes!U19 -> 6875.41 | AA20: =Z20/B20 -> 114.39379 | AB20: =Z20/C20 -> 120.34254 | AC20: =+E20+J20+N20+R20+V20+Z20+H20 -> 40782.93 | AD20: =AC20/B20 -> 678.55065 | AE20: =AC20/C20 -> 713.8369 | AF20: =+[1]DailyDes!BH19 -> 1442 | AG20: =+[1]DailyDes!BL19 -> 22989.2 | AH20: =+AG20+AF20 -> 24431.2 | AI20: =AH20/B20 -> 406.48886 | AJ20: =AH20/C20 -> 427.62725
A21: =A20+1 -> 46005 | B21: =Report1!P22 -> 67.138 | C21: =Report1!R22 -> 66.549 | D21: =+D20+E21 -> 11062.1 | E21: =+[1]DailyDes!O20 -> 950.9 | F21: =E21/B21 -> 14.163365 | G21: =E21/C21 -> 14.28872 | H21: =+[1]DailyDes!P20 -> 2978.6 | I21: =+I20+J21 -> 53011 | J21: =+[1]DailyDes!Q20 -> 5066 | K21: =J21/B21 -> 75.456522 | L21: =J21/C21 -> 76.124359 | M21: =+M20+N21 -> 0 | N21: =+[1]DailyDes!R20 -> 0 | O21: =N21/B21 -> 0 | P21: =N21/C21 -> 0 | Q21: =+Q20+R21 -> 203241.38 | R21: =+[1]DailyDes!S20 -> 15692.51 | S21: =R21/B21 -> 233.73514 | T21: =R21/C21 -> 235.80384 | U21: =+U20+V21 -> 86026.78 | V21: =+[1]DailyDes!T20 -> 7605.61 | W21: =V21/B21 -> 113.28324 | X21: =V21/C21 -> 114.28586 | Y21: =+Y20+Z21 -> 78449.48 | Z21: =+[1]DailyDes!U20 -> 5612.41 | AA21: =Z21/B21 -> 83.595132 | AB21: =Z21/C21 -> 84.335001 | AC21: =+E21+J21+N21+R21+V21+Z21+H21 -> 37906.03 | AD21: =AC21/B21 -> 564.59874 | AE21: =AC21/C21 -> 569.59579 | AF21: =+[1]DailyDes!BH20 -> 6473 | AG21: =+[1]DailyDes!BL20 -> 28915.9 | AH21: =+AG21+AF21 -> 35388.9 | AI21: =AH21/B21 -> 527.10685 | AJ21: =AH21/C21 -> 531.77208
A22: =A21+1 -> 46006 | B22: =Report1!P23 -> 65.416 | C22: =Report1!R23 -> 67.039 | D22: =+D21+E22 -> 12052.8 | E22: =+[1]DailyDes!O21 -> 990.7 | F22: =E22/B22 -> 15.144613 | G22: =E22/C22 -> 14.777965 | H22: =+[1]DailyDes!P21 -> 1567.7 | I22: =+I21+J22 -> 58450 | J22: =+[1]DailyDes!Q21 -> 5439 | K22: =J22/B22 -> 83.144796 | L22: =J22/C22 -> 81.131878 | M22: =+M21+N22 -> 0 | N22: =+[1]DailyDes!R21 -> 0 | O22: =N22/B22 -> 0 | P22: =N22/C22 -> 0 | Q22: =+Q21+R22 -> 220381.23 | R22: =+[1]DailyDes!S21 -> 17139.85 | S22: =R22/B22 -> 262.01312 | T22: =R22/C22 -> 255.66983 | U22: =+U21+V22 -> 94970.73 | V22: =+[1]DailyDes!T21 -> 8943.95 | W22: =V22/B22 -> 136.7242 | X22: =V22/C22 -> 133.41413 | Y22: =+Y21+Z22 -> 85633.03 | Z22: =+[1]DailyDes!U21 -> 7183.55 | AA22: =Z22/B22 -> 109.81335 | AB22: =Z22/C22 -> 107.15479 | AC22: =+E22+J22+N22+R22+V22+Z22+H22 -> 41264.75 | AD22: =AC22/B22 -> 630.80515 | AE22: =AC22/C22 -> 615.5335 | AF22: =+[1]DailyDes!BH21 -> 5259 | AG22: =+[1]DailyDes!BL21 -> 25270.6 | AH22: =+AG22+AF22 -> 30529.6 | AI22: =AH22/B22 -> 466.69928 | AJ22: =AH22/C22 -> 455.40059
A23: =A22+1 -> 46007 | B23: =Report1!P24 -> 62.291 | C23: =Report1!R24 -> 62.822 | D23: =+D22+E23 -> 12845.2 | E23: =+[1]DailyDes!O22 -> 792.4 | F23: =E23/B23 -> 12.720939 | G23: =E23/C23 -> 12.613416 | H23: =+[1]DailyDes!P22 -> 0 | I23: =+I22+J23 -> 63131 | J23: =+[1]DailyDes!Q22 -> 4681 | K23: =J23/B23 -> 75.147293 | L23: =J23/C23 -> 74.512114 | M23: =+M22+N23 -> 0 | N23: =+[1]DailyDes!R22 -> 0 | O23: =N23/B23 -> 0 | P23: =N23/C23 -> 0 | Q23: =+Q22+R23 -> 236215.6 | R23: =+[1]DailyDes!S22 -> 15834.37 | S23: =R23/B23 -> 254.19996 | T23: =R23/C23 -> 252.05135 | U23: =+U22+V23 -> 103088.9 | V23: =+[1]DailyDes!T22 -> 8118.17 | W23: =V23/B23 -> 130.32653 | X23: =V23/C23 -> 129.22495 | Y23: =+Y22+Z23 -> 92128.8 | Z23: =+[1]DailyDes!U22 -> 6495.77 | AA23: =Z23/B23 -> 104.28104 | AB23: =Z23/C23 -> 103.39961 | AC23: =+E23+J23+N23+R23+V23+Z23+H23 -> 35921.71 | AD23: =AC23/B23 -> 576.67576 | AE23: =AC23/C23 -> 571.80144 | AF23: =+[1]DailyDes!BH22 -> 5747 | AG23: =+[1]DailyDes!BL22 -> 25085 | AH23: =+AG23+AF23 -> 30832 | AI23: =AH23/B23 -> 494.96717 | AJ23: =AH23/C23 -> 490.78348
A24: =A23+1 -> 46008 | B24: =Report1!P25 -> 56.008 | C24: =Report1!R25 -> 55.435 | D24: =+D23+E24 -> 13518.4 | E24: =+[1]DailyDes!O23 -> 673.2 | F24: =E24/B24 -> 12.019711 | G24: =E24/C24 -> 12.143952 | H24: =+[1]DailyDes!P23 -> 1030 | I24: =+I23+J24 -> 67559 | J24: =+[1]DailyDes!Q23 -> 4428 | K24: =J24/B24 -> 79.060134 | L24: =J24/C24 -> 79.877334 | M24: =+M23+N24 -> 0 | N24: =+[1]DailyDes!R23 -> 0 | O24: =N24/B24 -> 0 | P24: =N24/C24 -> 0 | Q24: =+Q23+R24 -> 253104.96 | R24: =+[1]DailyDes!S23 -> 16889.36 | S24: =R24/B24 -> 301.55264 | T24: =R24/C24 -> 304.66961 | U24: =+U23+V24 -> 110130.16 | V24: =+[1]DailyDes!T23 -> 7041.26 | W24: =V24/B24 -> 125.71883 | X24: =V24/C24 -> 127.01831 | Y24: =+Y23+Z24 -> 98457.36 | Z24: =+[1]DailyDes!U23 -> 6328.56 | AA24: =Z24/B24 -> 112.99386 | AB24: =Z24/C24 -> 114.16181 | AC24: =+E24+J24+N24+R24+V24+Z24+H24 -> 36390.38 | AD24: =AC24/B24 -> 649.73539 | AE24: =AC24/C24 -> 656.45134 | AF24: =+[1]DailyDes!BH23 -> 5559 | AG24: =+[1]DailyDes!BL23 -> 24513.5 | AH24: =+AG24+AF24 -> 30072.5 | AI24: =AH24/B24 -> 536.93222 | AJ24: =AH24/C24 -> 542.48219 | AM24: Total | AN24: =+AN16+AN19+AN22 -> 554.71654 | AO24: =+AO16+AO19+AO22 -> 567.32564
A25: =A24+1 -> 46009 | B25: =Report1!P26 -> 49.829 | C25: =Report1!R26 -> 45.793 | D25: =+D24+E25 -> 14401.9 | E25: =+[1]DailyDes!O24 -> 883.5 | F25: =E25/B25 -> 17.730639 | G25: =E25/C25 -> 19.293342 | H25: =+[1]DailyDes!P24 -> 2502.8 | I25: =+I24+J25 -> 71606 | J25: =+[1]DailyDes!Q24 -> 4047 | K25: =J25/B25 -> 81.217765 | L25: =J25/C25 -> 88.375953 | M25: =+M24+N25 -> 0 | N25: =+[1]DailyDes!R24 -> 0 | O25: =N25/B25 -> 0 | P25: =N25/C25 -> 0 | Q25: =+Q24+R25 -> 269537.36 | R25: =+[1]DailyDes!S24 -> 16432.4 | S25: =R25/B25 -> 329.77583 | T25: =R25/C25 -> 358.84087 | U25: =+U24+V25 -> 119276.66 | V25: =+[1]DailyDes!T24 -> 9146.5 | W25: =V25/B25 -> 183.55777 | X25: =V25/C25 -> 199.73577 | Y25: =+Y24+Z25 -> 104676.26 | Z25: =+[1]DailyDes!U24 -> 6218.9 | AA25: =Z25/B25 -> 124.80483 | AB25: =Z25/C25 -> 135.8046 | AC25: =+E25+J25+N25+R25+V25+Z25+H25 -> 39231.1 | AD25: =AC25/B25 -> 787.31462 | AE25: =AC25/C25 -> 856.70517 | AF25: =+[1]DailyDes!BH24 -> 5378 | AG25: =+[1]DailyDes!BL24 -> 23550.8 | AH25: =+AG25+AF25 -> 28928.8 | AI25: =AH25/B25 -> 580.56152 | AJ25: =AH25/C25 -> 631.72974
A26: =A25+1 -> 46010 | B26: =Report1!P27 -> 67.625 | C26: =Report1!R27 -> 67.892 | D26: =+D25+E26 -> 15236.9 | E26: =+[1]DailyDes!O25 -> 835 | F26: =E26/B26 -> 12.347505 | G26: =E26/C26 -> 12.298945 | H26: =+[1]DailyDes!P25 -> 2991.2 | I26: =+I25+J26 -> 75946 | J26: =+[1]DailyDes!Q25 -> 4340 | K26: =J26/B26 -> 64.177449 | L26: =J26/C26 -> 63.925057 | M26: =+M25+N26 -> 0 | N26: =+[1]DailyDes!R25 -> 0 | O26: =N26/B26 -> 0 | P26: =N26/C26 -> 0 | Q26: =+Q25+R26 -> 286415.09 | R26: =+[1]DailyDes!S25 -> 16877.73 | S26: =R26/B26 -> 249.57826 | T26: =R26/C26 -> 248.59674 | U26: =+U25+V26 -> 126857.09 | V26: =+[1]DailyDes!T25 -> 7580.43 | W26: =V26/B26 -> 112.09508 | X26: =V26/C26 -> 111.65424 | Y26: =+Y25+Z26 -> 110997.99 | Z26: =+[1]DailyDes!U25 -> 6321.73 | AA26: =Z26/B26 -> 93.482144 | AB26: =Z26/C26 -> 93.114505 | AC26: =+E26+J26+N26+R26+V26+Z26+H26 -> 38946.09 | AD26: =AC26/B26 -> 575.91261 | AE26: =AC26/C26 -> 573.64771 | AF26: =+[1]DailyDes!BH25 -> 4991 | AG26: =+[1]DailyDes!BL25 -> 30277.5 | AH26: =+AG26+AF26 -> 35268.5 | AI26: =AH26/B26 -> 521.5305 | AJ26: =AH26/C26 -> 519.47947 | AM26: LEBIH TINGGI DARI OFF REEL | AO26: =+AO24/AN24-1 -> 0.022730706
A27: =A26+1 -> 46011 | B27: =Report1!P28 -> 68.74 | C27: =Report1!R28 -> 67.407 | D27: =+D26+E27 -> 15940.4 | E27: =+[1]DailyDes!O26 -> 703.5 | F27: =E27/B27 -> 10.234216 | G27: =E27/C27 -> 10.436602 | H27: =+[1]DailyDes!P26 -> 3287.6 | I27: =+I26+J27 -> 80311 | J27: =+[1]DailyDes!Q26 -> 4365 | K27: =J27/B27 -> 63.500145 | L27: =J27/C27 -> 64.755886 | M27: =+M26+N27 -> 0 | N27: =+[1]DailyDes!R26 -> 0 | O27: =N27/B27 -> 0 | P27: =N27/C27 -> 0 | Q27: =+Q26+R27 -> 301748.45 | R27: =+[1]DailyDes!S26 -> 15333.36 | S27: =R27/B27 -> 223.06314 | T27: =R27/C27 -> 227.4743 | U27: =+U26+V27 -> 132201.05 | V27: =+[1]DailyDes!T26 -> 5343.96 | W27: =V27/B27 -> 77.741635 | X27: =V27/C27 -> 79.279007 | Y27: =+Y26+Z27 -> 116320.85 | Z27: =+[1]DailyDes!U26 -> 5322.86 | AA27: =Z27/B27 -> 77.434681 | AB27: =Z27/C27 -> 78.965983 | AC27: =+E27+J27+N27+R27+V27+Z27+H27 -> 34356.28 | AD27: =AC27/B27 -> 499.80041 | AE27: =AC27/C27 -> 509.68416 | AF27: =+[1]DailyDes!BH26 -> 5325 | AG27: =+[1]DailyDes!BL26 -> 25131.4 | AH27: =+AG27+AF27 -> 30456.4 | AI27: =AH27/B27 -> 443.06663 | AJ27: =AH27/C27 -> 451.82845
A28: =A27+1 -> 46012 | B28: =Report1!P29 -> 68.178 | C28: =Report1!R29 -> 67.567 | D28: =+D27+E28 -> 16708.5 | E28: =+[1]DailyDes!O27 -> 768.1 | F28: =E28/B28 -> 11.266098 | G28: =E28/C28 -> 11.367975 | H28: =+[1]DailyDes!P27 -> 1420.1 | I28: =+I27+J28 -> 84844 | J28: =+[1]DailyDes!Q27 -> 4533 | K28: =J28/B28 -> 66.487723 | L28: =J28/C28 -> 67.088964 | M28: =+M27+N28 -> 0 | N28: =+[1]DailyDes!R27 -> 0 | O28: =N28/B28 -> 0 | P28: =N28/C28 -> 0 | Q28: =+Q27+R28 -> 318106.94 | R28: =+[1]DailyDes!S27 -> 16358.49 | S28: =R28/B28 -> 239.93796 | T28: =R28/C28 -> 242.10769 | U28: =+U27+V28 -> 138157.54 | V28: =+[1]DailyDes!T27 -> 5956.49 | W28: =V28/B28 -> 87.366746 | X28: =V28/C28 -> 88.156793 | Y28: =+Y27+Z28 -> 122529.44 | Z28: =+[1]DailyDes!U27 -> 6208.59 | AA28: =Z28/B28 -> 91.06442 | AB28: =Z28/C28 -> 91.887904 | AC28: =+E28+J28+N28+R28+V28+Z28+H28 -> 35244.77 | AD28: =AC28/B28 -> 516.95224 | AE28: =AC28/C28 -> 521.62698 | AF28: =+[1]DailyDes!BH27 -> 7027.8 | AG28: =+[1]DailyDes!BL27 -> 28112.28 | AH28: =+AG28+AF28 -> 35140.08 | AI28: =AH28/B28 -> 515.4167 | AJ28: =AH28/C28 -> 520.07755
A29: =A28+1 -> 46013 | B29: =Report1!P30 -> 73.667 | C29: =Report1!R30 -> 72.755 | D29: =+D28+E29 -> 17496.7 | E29: =+[1]DailyDes!O28 -> 788.2 | F29: =E29/B29 -> 10.699499 | G29: =E29/C29 -> 10.83362 | H29: =+[1]DailyDes!P28 -> 0 | I29: =+I28+J29 -> 88948 | J29: =+[1]DailyDes!Q28 -> 4104 | K29: =J29/B29 -> 55.710155 | L29: =J29/C29 -> 56.408494 | M29: =+M28+N29 -> 0 | N29: =+[1]DailyDes!R28 -> 0 | O29: =N29/B29 -> 0 | P29: =N29/C29 -> 0 | Q29: =+Q28+R29 -> 333492.13 | R29: =+[1]DailyDes!S28 -> 15385.19 | S29: =R29/B29 -> 208.84779 | T29: =R29/C29 -> 211.46574 | U29: =+U28+V29 -> 143681.43 | V29: =+[1]DailyDes!T28 -> 5523.89 | W29: =V29/B29 -> 74.984593 | X29: =V29/C29 -> 75.924541 | Y29: =+Y28+Z29 -> 128129.83 | Z29: =+[1]DailyDes!U28 -> 5600.39 | AA29: =Z29/B29 -> 76.02305 | AB29: =Z29/C29 -> 76.976015 | AC29: =+E29+J29+N29+R29+V29+Z29+H29 -> 31401.67 | AD29: =AC29/B29 -> 426.26508 | AE29: =AC29/C29 -> 431.60841 | AF29: =+[1]DailyDes!BH28 -> 3757 | AG29: =+[1]DailyDes!BL28 -> 32279.877 | AH29: =+AG29+AF29 -> 36036.877 | AI29: =AH29/B29 -> 489.18616 | AJ29: =AH29/C29 -> 495.31822
A30: =A29+1 -> 46014 | B30: =Report1!P31 -> 76.464 | C30: =Report1!R31 -> 75.752 | D30: =+D29+E30 -> 18286.6 | E30: =+[1]DailyDes!O29 -> 789.9 | F30: =E30/B30 -> 10.330352 | G30: =E30/C30 -> 10.427447 | H30: =+[1]DailyDes!P29 -> 0 | I30: =+I29+J30 -> 92941 | J30: =+[1]DailyDes!Q29 -> 3993 | K30: =J30/B30 -> 52.220653 | L30: =J30/C30 -> 52.71148 | M30: =+M29+N30 -> 0 | N30: =+[1]DailyDes!R29 -> 0 | O30: =N30/B30 -> 0 | P30: =N30/C30 -> 0 | Q30: =+Q29+R30 -> 349403.43 | R30: =+[1]DailyDes!S29 -> 15911.3 | S30: =R30/B30 -> 208.08877 | T30: =R30/C30 -> 210.04462 | U30: =+U29+V30 -> 150015.83 | V30: =+[1]DailyDes!T29 -> 6334.4 | W30: =V30/B30 -> 82.841599 | X30: =V30/C30 -> 83.620234 | Y30: =+Y29+Z30 -> 134568.03 | Z30: =+[1]DailyDes!U29 -> 6438.2 | AA30: =Z30/B30 -> 84.1991 | AB30: =Z30/C30 -> 84.990495 | AC30: =+E30+J30+N30+R30+V30+Z30+H30 -> 33466.8 | AD30: =AC30/B30 -> 437.68048 | AE30: =AC30/C30 -> 441.79428 | AF30: =+[1]DailyDes!BH29 -> 3863 | AG30: =+[1]DailyDes!BL29 -> 32645.568 | AH30: =+AG30+AF30 -> 36508.568 | AI30: =AH30/B30 -> 477.46087 | AJ30: =AH30/C30 -> 481.94857
A31: =A30+1 -> 46015 | B31: =Report1!P32 -> 74.288 | C31: =Report1!R32 -> 75.151 | D31: =+D30+E31 -> 19035.8 | E31: =+[1]DailyDes!O30 -> 749.2 | F31: =E31/B31 -> 10.085074 | G31: =E31/C31 -> 9.9692619 | H31: =+[1]DailyDes!P30 -> 0 | I31: =+I30+J31 -> 96900 | J31: =+[1]DailyDes!Q30 -> 3959 | K31: =J31/B31 -> 53.292591 | L31: =J31/C31 -> 52.680603 | M31: =+M30+N31 -> 0 | N31: =+[1]DailyDes!R30 -> 0 | O31: =N31/B31 -> 0 | P31: =N31/C31 -> 0 | Q31: =+Q30+R31 -> 364723.92 | R31: =+[1]DailyDes!S30 -> 15320.49 | S31: =R31/B31 -> 206.23102 | T31: =R31/C31 -> 203.86276 | U31: =+U30+V31 -> 155564.62 | V31: =+[1]DailyDes!T30 -> 5548.79 | W31: =V31/B31 -> 74.692952 | X31: =V31/C31 -> 73.835212 | Y31: =+Y30+Z31 -> 140466.72 | Z31: =+[1]DailyDes!U30 -> 5898.69 | AA31: =Z31/B31 -> 79.402999 | AB31: =Z31/C31 -> 78.491171 | AC31: =+E31+J31+N31+R31+V31+Z31+H31 -> 31476.17 | AD31: =AC31/B31 -> 423.70464 | AE31: =AC31/C31 -> 418.839 | AF31: =+[1]DailyDes!BH30 -> 1814 | AG31: =+[1]DailyDes!BL30 -> 34432.134 | AH31: =+AG31+AF31 -> 36246.134 | AI31: =AH31/B31 -> 487.91371 | AJ31: =AH31/C31 -> 482.31073
A32: =A31+1 -> 46016 | B32: =Report1!P33 -> 73.519 | C32: =Report1!R33 -> 72.998 | D32: =+D31+E32 -> 19809.9 | E32: =+[1]DailyDes!O31 -> 774.1 | F32: =E32/B32 -> 10.529251 | G32: =E32/C32 -> 10.6044 | H32: =+[1]DailyDes!P31 -> 0 | I32: =+I31+J32 -> 100951 | J32: =+[1]DailyDes!Q31 -> 4051 | K32: =J32/B32 -> 55.101402 | L32: =J32/C32 -> 55.494671 | M32: =+M31+N32 -> 0 | N32: =+[1]DailyDes!R31 -> 0 | O32: =N32/B32 -> 0 | P32: =N32/C32 -> 0 | Q32: =+Q31+R32 -> 379577.75 | R32: =+[1]DailyDes!S31 -> 14853.83 | S32: =R32/B32 -> 202.0407 | T32: =R32/C32 -> 203.4827 | U32: =+U31+V32 -> 160564.95 | V32: =+[1]DailyDes!T31 -> 5000.33 | W32: =V32/B32 -> 68.014119 | X32: =V32/C32 -> 68.499548 | Y32: =+Y31+Z32 -> 145890.65 | Z32: =+[1]DailyDes!U31 -> 5423.93 | AA32: =Z32/B32 -> 73.775895 | AB32: =Z32/C32 -> 74.302447 | AC32: =+E32+J32+N32+R32+V32+Z32+H32 -> 30103.19 | AD32: =AC32/B32 -> 409.46136 | AE32: =AC32/C32 -> 412.38376 | AF32: =+[1]DailyDes!BH31 -> 5280 | AG32: =+[1]DailyDes!BL31 -> 35138.34 | AH32: =+AG32+AF32 -> 40418.34 | AI32: =AH32/B32 -> 549.76727 | AJ32: =AH32/C32 -> 553.69106
A33: =A32+1 -> 46017 | B33: =Report1!P34 -> 79.518 | C33: =Report1!R34 -> 78.66 | D33: =+D32+E33 -> 20581.6 | E33: =+[1]DailyDes!O32 -> 771.7 | F33: =E33/B33 -> 9.7047209 | G33: =E33/C33 -> 9.8105772 | H33: =+[1]DailyDes!P32 -> 0 | I33: =+I32+J33 -> 105167 | J33: =+[1]DailyDes!Q32 -> 4216 | K33: =J33/B33 -> 53.019442 | L33: =J33/C33 -> 53.597763 | M33: =+M32+N33 -> 0 | N33: =+[1]DailyDes!R32 -> 0 | O33: =N33/B33 -> 0 | P33: =N33/C33 -> 0 | Q33: =+Q32+R33 -> 395907.73 | R33: =+[1]DailyDes!S32 -> 16329.98 | S33: =R33/B33 -> 205.36206 | T33: =R33/C33 -> 207.60208 | U33: =+U32+V33 -> 166819.63 | V33: =+[1]DailyDes!T32 -> 6254.68 | W33: =V33/B33 -> 78.657411 | X33: =V33/C33 -> 79.515383 | Y33: =+Y32+Z33 -> 152506.33 | Z33: =+[1]DailyDes!U32 -> 6615.68 | AA33: =Z33/B33 -> 83.197264 | AB33: =Z33/C33 -> 84.104755 | AC33: =+E33+J33+N33+R33+V33+Z33+H33 -> 34188.04 | AD33: =AC33/B33 -> 429.94089 | AE33: =AC33/C33 -> 434.63056 | AF33: =+[1]DailyDes!BH32 -> 4878 | AG33: =+[1]DailyDes!BL32 -> 32710.4 | AH33: =+AG33+AF33 -> 37588.4 | AI33: =AH33/B33 -> 472.70304 | AJ33: =AH33/C33 -> 477.85914
A34: =A33+1 -> 46018 | B34: =Report1!P35 -> 78.304 | C34: =Report1!R35 -> 75.625 | D34: =+D33+E34 -> 21357.8 | E34: =+[1]DailyDes!O33 -> 776.2 | F34: =E34/B34 -> 9.9126481 | G34: =E34/C34 -> 10.263802 | H34: =+[1]DailyDes!P33 -> 0 | I34: =+I33+J34 -> 109236 | J34: =+[1]DailyDes!Q33 -> 4069 | K34: =J34/B34 -> 51.96414 | L34: =J34/C34 -> 53.804959 | M34: =+M33+N34 -> 0 | N34: =+[1]DailyDes!R33 -> 0 | O34: =N34/B34 -> 0 | P34: =N34/C34 -> 0 | Q34: =+Q33+R34 -> 411579.06 | R34: =+[1]DailyDes!S33 -> 15671.33 | S34: =R34/B34 -> 200.13448 | T34: =R34/C34 -> 207.2242 | U34: =+U33+V34 -> 172234.06 | V34: =+[1]DailyDes!T33 -> 5414.43 | W34: =V34/B34 -> 69.146276 | X34: =V34/C34 -> 71.595769 | Y34: =+Y33+Z34 -> 158496.86 | Z34: =+[1]DailyDes!U33 -> 5990.53 | AA34: =Z34/B34 -> 76.503499 | AB34: =Z34/C34 -> 79.21362 | AC34: =+E34+J34+N34+R34+V34+Z34+H34 -> 31921.49 | AD34: =AC34/B34 -> 407.66104 | AE34: =AC34/C34 -> 422.10235 | AF34: =+[1]DailyDes!BH33 -> 7848 | AG34: =+[1]DailyDes!BL33 -> 32408.7 | AH34: =+AG34+AF34 -> 40256.7 | AI34: =AH34/B34 -> 514.10784 | AJ34: =AH34/C34 -> 532.32
A35: =A34+1 -> 46019 | B35: =Report1!P36 -> 70.752 | C35: =Report1!R36 -> 70.377 | D35: =+D34+E35 -> 22086.8 | E35: =+[1]DailyDes!O34 -> 729 | F35: =E35/B35 -> 10.303596 | G35: =E35/C35 -> 10.358498 | H35: =+[1]DailyDes!P34 -> 0 | I35: =+I34+J35 -> 113158 | J35: =+[1]DailyDes!Q34 -> 3922 | K35: =J35/B35 -> 55.433062 | L35: =J35/C35 -> 55.728434 | M35: =+M34+N35 -> 0 | N35: =+[1]DailyDes!R34 -> 0 | O35: =N35/B35 -> 0 | P35: =N35/C35 -> 0 | Q35: =+Q34+R35 -> 427494.89 | R35: =+[1]DailyDes!S34 -> 15915.83 | S35: =R35/B35 -> 224.95237 | T35: =R35/C35 -> 226.15102 | U35: =+U34+V35 -> 180046.49 | V35: =+[1]DailyDes!T34 -> 7812.43 | W35: =V35/B35 -> 110.41992 | X35: =V35/C35 -> 111.00828 | Y35: =+Y34+Z35 -> 163967.69 | Z35: =+[1]DailyDes!U34 -> 5470.83 | AA35: =Z35/B35 -> 77.324033 | AB35: =Z35/C35 -> 77.73605 | AC35: =+E35+J35+N35+R35+V35+Z35+H35 -> 33850.09 | AD35: =AC35/B35 -> 478.43298 | AE35: =AC35/C35 -> 480.98228 | AF35: =+[1]DailyDes!BH34 -> 22782 | AG35: =+[1]DailyDes!BL34 -> 19288.8 | AH35: =+AG35+AF35 -> 42070.8 | AI35: =AH35/B35 -> 594.62347 | AJ35: =AH35/C35 -> 597.79189
A36: =A35+1 -> 46020 | B36: =+Report1!P37 -> 51.737 | C36: =Report1!R37 -> 50.091 | D36: =+D35+E36 -> 22834.8 | E36: =+[1]DailyDes!O35 -> 748 | F36: =E36/B36 -> 14.457738 | G36: =E36/C36 -> 14.932822 | H36: =+[1]DailyDes!P35 -> 1272 | I36: =+I35+J36 -> 117036 | J36: =+[1]DailyDes!Q35 -> 3878 | K36: =J36/B36 -> 74.956028 | L36: =J36/C36 -> 77.419097 | M36: =+M35+N36 -> 0 | N36: =+[1]DailyDes!R35 -> 0 | O36: =N36/B36 -> 0 | P36: =N36/C36 -> 0 | Q36: =+Q35+R36 -> 443192.39 | R36: =+[1]DailyDes!S35 -> 15697.5 | S36: =R36/B36 -> 303.40955 | T36: =R36/C36 -> 313.37965 | U36: =+U35+V36 -> 187520.39 | V36: =+[1]DailyDes!T35 -> 7473.9 | W36: =V36/B36 -> 144.45948 | X36: =V36/C36 -> 149.20644 | Y36: =+Y35+Z36 -> 169005.19 | Z36: =+[1]DailyDes!U35 -> 5037.5 | AA36: =Z36/B36 -> 97.367455 | AB36: =Z36/C36 -> 100.56697 | AC36: =+E36+J36+N36+R36+V36+Z36+H36 -> 34106.9 | AD36: =AC36/B36 -> 659.23614 | AE36: =AC36/C36 -> 680.89876 | AF36: =+[1]DailyDes!BH35 -> 24277 | AG36: =+[1]DailyDes!BL35 -> 3430.5 | AH36: =+AG36+AF36 -> 27707.5 | AI36: =AH36/B36 -> 535.54516 | AJ36: =AH36/C36 -> 553.14328
A37: =A36+1 -> 46021 | B37: =Report1!P38 -> 50.889 | C37: =Report1!R38 -> 52.561 | D37: =+D36+E37 -> 23568.5 | E37: =+[1]DailyDes!O36 -> 733.7 | F37: =E37/B37 -> 14.417654 | G37: =E37/C37 -> 13.959019 | H37: =+[1]DailyDes!P36 -> 1686.8 | I37: =+I36+J37 -> 121016 | J37: =+[1]DailyDes!Q36 -> 3980 | K37: =J37/B37 -> 78.209436 | L37: =J37/C37 -> 75.721543 | M37: =+M36+N37 -> 0 | N37: =+[1]DailyDes!R36 -> 0 | O37: =N37/B37 -> 0 | P37: =N37/C37 -> 0 | Q37: =+Q36+R37 -> 459103.19 | R37: =+[1]DailyDes!S36 -> 15910.8 | S37: =R37/B37 -> 312.65696 | T37: =R37/C37 -> 302.71114 | U37: =+U36+V37 -> 195377.49 | V37: =+[1]DailyDes!T36 -> 7857.1 | W37: =V37/B37 -> 154.39682 | X37: =V37/C37 -> 149.48536 | Y37: =+Y36+Z37 -> 173996.69 | Z37: =+[1]DailyDes!U36 -> 4991.5 | AA37: =Z37/B37 -> 98.08603 | AB37: =Z37/C37 -> 94.965849 | AC37: =+E37+J37+N37+R37+V37+Z37+H37 -> 35159.9 | AD37: =AC37/B37 -> 690.91356 | AE37: =AC37/C37 -> 668.93514 | AF37: =+[1]DailyDes!BH36 -> 24466 | AG37: =+[1]DailyDes!BL36 -> 0 | AH37: =+AG37+AF37 -> 24466 | AI37: =AH37/B37 -> 480.77188 | AJ37: =AH37/C37 -> 465.47821
A38: =A37+1 -> 46022 | B38: =Report1!P39 -> 56.41 | C38: =Report1!R39 -> 57.401 | D38: =+D37+E38 -> 24304.8 | E38: =+[1]DailyDes!O37 -> 736.3 | F38: =E38/B38 -> 13.05265 | G38: =E38/C38 -> 12.827303 | H38: =+[1]DailyDes!P37 -> 1502.6 | I38: =+I37+J38 -> 124859 | J38: =+[1]DailyDes!Q37 -> 3843 | K38: =J38/B38 -> 68.126219 | L38: =J38/C38 -> 66.950053 | M38: =+M37+N38 -> 0 | N38: =+[1]DailyDes!R37 -> 0 | O38: =N38/B38 -> 0 | P38: =N38/C38 -> 0 | Q38: =+Q37+R38 -> 474776.25 | R38: =+[1]DailyDes!S37 -> 15673.06 | S38: =R38/B38 -> 277.84187 | T38: =R38/C38 -> 273.04507 | U38: =+U37+V38 -> 203389.85 | V38: =+[1]DailyDes!T37 -> 8012.36 | W38: =V38/B38 -> 142.03794 | X38: =V38/C38 -> 139.58572 | Y38: =+Y37+Z38 -> 179049.05 | Z38: =+[1]DailyDes!U37 -> 5052.36 | AA38: =Z38/B38 -> 89.564971 | AB38: =Z38/C38 -> 88.018676 | AC38: =+E38+J38+N38+R38+V38+Z38+H38 -> 34819.68 | AD38: =AC38/B38 -> 617.26077 | AE38: =AC38/C38 -> 606.60407 | AF38: =+[1]DailyDes!BH37 -> 29179 | AG38: =+[1]DailyDes!BL37 -> 0 | AH38: =+AG38+AF38 -> 29179 | AI38: =AH38/B38 -> 517.26644 | AJ38: =AH38/C38 -> 508.33609
A40: TOTAL | B40: =SUM(B8:B38) -> 1814.222 | C40: =SUM(C8:C38) -> 1773.9 | E40: =SUM(E8:E39) -> 24304.8 | F40: =E40/B40 -> 13.396817 | G40: =E40/C40 -> 13.701336 | H40: =SUM(H8:H39) -> 33943.2 | J40: =SUM(J8:J39) -> 124859 | K40: =J40/B40 -> 68.822338 | L40: =J40/C40 -> 70.386719 | N40: =SUM(N8:N39) -> 0 | O40: =N40/B40 -> 0 | P40: =N40/C40 -> 0 | R40: =SUM(R8:R39) -> 474776.25 | S40: =R40/B40 -> 261.69689 | T40: =R40/C40 -> 267.64544 | V40: =SUM(V8:V39) -> 203389.85 | W40: =V40/B40 -> 112.10858 | X40: =V40/C40 -> 114.65689 | Z40: =SUM(Z8:Z39) -> 179049.05 | AA40: =Z40/B40 -> 98.691919 | AB40: =Z40/C40 -> 100.93526 | AC40: =+E40+J40+N40+R40+V40+Z40+H40 -> 1040322.2 | AD40: =AC40/B40 -> 573.42605 | AE40: =AC40/C40 -> 586.46043 | AF40: =SUM(AF8:AF39) -> 257506.8 | AG40: =SUM(AG8:AG39) -> 629714.16 | AH40: =+SUM(AH8:AH38) -> 887220.96 | AI40: =AF40/B40 -> 141.93787 | AJ40: =AF40/C40 -> 145.16421
AC42: =+AC40-[1]DailyDes!$V$38 -> 0 | AF42: =+AF40-[1]DailyDes!$BH$38 -> 0 | AG42: =+AG40-[1]DailyDes!$BL$38 -> 0

Sheet Trim Rwd
A1: PM 12 | B1: =+Report1!A9 -> 45992
A3: Tgl | B3: Grade | C3: Ply | D3: Kombinasi Pot. | E3: Lebar Trim | F3: Jml Turunan | G3: Lebar x Turunan | H3: Rata-rata | I3: PHP PM
A4: =+B1 -> 45992 | B4: TW 38 | C4: 2 | D4: 165*2 | E4: =165*2 -> 330 | F4: 4 | G4: =+E4*F4 -> 1320 | H4: =+(E4*F4+E5*F5)/(SUM(F4:F5)) -> 319.09091 | I4: =+'1'!I38 -> 60.458
B5: TW 38 | C5: 2 | D5: 149+169 | E5: =149+169 -> 318 | F5: =12+14+14 -> 40 | G5: =+E5*F5 -> 12720
A7: 45993 | B7: TW 38 | C7: 2 | D7: 149+169 | E7: =149+169 -> 318 | F7: 13 | G7: =+E7*F7 -> 4134 | H7: =+G7/F7 -> 318 | I7: =+'2'!N37 -> 16.977
B8: TW 36 | C8: 2 | D8: 165*2 | E8: =165*2 -> 330 | F8: 1 | G8: =+E8*F8 -> 330 | H8: =+G8/F8 -> 330 | I8: =+'2'!N38 -> 1.426
B9: N 20 | C9: 2 | D9: 132*2+66 | E9: =132*2+66 -> 330 | F9: =8+11 -> 19 | G9: =+E9*F9 -> 6270 | H9: =+G9/F9 -> 330 | I9: =+'2'!N39 -> 33.136
A11: 45994 | B11: N 20 | C11: 2 | D11: 132*2+66 | E11: =132*2+66 -> 330 | F11: =14+14+9 -> 37 | G11: =+E11*F11 -> 12210 | H11: =+G11/F11 -> 330 | I11: =+'3'!I38 -> 47.058
A13: 45995 | B13: N 20 | C13: 2 | D13: 132*2+66 | E13: =132*2+66 -> 330 | F13: 0 | G13: =+E13*F13 -> 0 | H13: =+E13 -> 330 | I13: =+'4'!I38 -> 0 | K13: =+SUM(I:I) -> 36982.528
K14: =+K13-'31'!J38 -> 35168.306
A15: 45996 | B15: TW 17 | C15: 2 | D15: 159*2 | E15: =159*2 -> 318 | F15: 65 | G15: =+E15*F15 -> 20670 | H15: =+G15/F15 -> 318 | I15: =+'5'!I38 -> 39.436
A17: 45997 | B17: TW 17 | C17: 2 | D17: 159*2 | E17: =159*2 -> 318 | F17: 6 | G17: =+E17*F17 -> 1908 | H17: =+G17/F17 -> 318 | I17: =+'6'!N37 -> 3.946
B18: N 15,5 | C18: 2 | D18: 46*7 | E18: =46*7 -> 322 | F18: =11+8 -> 19 | G18: =+E18*F18 -> 6118 | H18: =+(E18*F18+E19*F19)/(SUM(F18:F19)) -> 324.64706 | I18: =+'6'!N38 -> 38.356
B19: N 15,5 | C19: 2 | D19: 78*2+86*2 | E19: =78*2+86*2 -> 328 | F19: =8+7 -> 15 | G19: =+E19*F19 -> 4920
A21: 45998 | B21: N 15,5 | C21: 2 | D21: 78*2+86*2 | E21: =78*2+86*2 -> 328 | F21: 4 | G21: =+E21*F21 -> 1312 | H21: =+(E21*F21+E22*F22+E23*F23)/(SUM(F21:F23)) -> 324.24 | I21: =+'7'!I38 -> 49.306
B22: N 15,5 | C22: 2 | D22: 72*4+36 | E22: =72*4+36 -> 324 | F22: =3+6+7+9+2+9+8 -> 44 | G22: =+E22*F22 -> 14256
B23: N 15,5 | C23: 2 | D23: 46*7 | E23: =46*7 -> 322 | F23: 2 | G23: =+E23*F23 -> 644
A25: 45999 | B25: N 15,5 | C25: 2 | D25: 72*4+36 | E25: =72*4+36 -> 324 | F25: =11+15+14 -> 40 | G25: =+E25*F25 -> 12960 | H25: =+(E25*F25+E26*F26)/(SUM(F25:F26)) -> 324.78261 | I25: =+'8'!I38 -> 47.401
B26: N 15,5 | C26: 2 | D26: 86*3+72*1 | E26: =86*3+72*1 -> 330 | F26: 6 | G26: =+E26*F26 -> 1980
A28: 46000 | B28: N 15,5 | C28: 2 | D28: 86*3+72*1 | E28: =86*3+72*1 -> 330 | F28: =15+7 -> 22 | G28: =+E28*F28 -> 7260 | H28: =+G28/F28 -> 330 | I28: =+'9'!O37 -> 20.715
B29: N 17 | C29: 2 | D29: 164+165 | E29: =164+165 -> 329 | F29: 5 | G29: =+E29*F29 -> 1645 | H29: =+G29/F29 -> 329 | I29: =+'9'!O38 -> 7.187
B30: N 16,5 | C30: 2 | D30: 154*2+22 | E30: =154*2+22 -> 330 | F30: 18 | G30: =+E30*F30 -> 5940 | H30: =+G30/F30 -> 330 | I30: =+'9'!O39 -> 16.988
B31: N 20 | C31: 2 | D31: 114*2+38,5+63,5 | E31: =114*2+38.5+63.5 -> 330 | F31: 3 | G31: =+E31*F31 -> 990 | H31: =+G31/F31 -> 330 | I31: =+'9'!O40 -> 9.339
A33: 46001 | B33: N 20 | C33: 2 | D33: 114*2+38,5+63,5 | E33: =114*2+38.5+63.5 -> 330 | F33: =15+18+18 -> 51 | G33: =+E33*F33 -> 16830 | H33: =+G33/F33 -> 330 | I33: =+'10'!I38 -> 58.542
A35: 46002 | B35: N 20 | C35: 2 | D35: 114*2+38,5+63,5 | E35: =114*2+38.5+63.5 -> 330 | F35: =160/4 -> 40 | G35: =+E35*F35 -> 13200 | H35: =+G35/F35 -> 330 | I35: =+'11'!I38 -> 49.566
A37: 46003 | B37: N 20 | C37: 2 | D37: 114*2+38,5+63,5 | E37: =114*2+38.5+63.5 -> 330 | F37: 30 | G37: =+E37*F37 -> 9900 | H37: =+(E37*F37+E38*F38)/(SUM(F37:F38)) -> 325.66667 | I37: =+'12'!I38 -> 63.509
B38: N 20 | C38: 2 | D38: 29+96*3 | E38: =29+96*3 -> 317 | F38: 15 | G38: =+E38*F38 -> 4755
A40: 46004 | B40: N 20 | C40: 2 | D40: 29+96*3 | E40: =29+96*3 -> 317 | F40: =15+27+39 -> 81 | G40: =+E40*F40 -> 25677 | H40: =+G40/F40 -> 317 | I40: =+'13'!I38 -> 60.103
A42: 46005 | B42: N 20 | C42: 2 | D42: 29+96*3 | E42: =29+96*3 -> 317 | F42: =15+27+39 -> 81 | G42: =+E42*F42 -> 25677 | H42: =+(E42*F42+E43*F43+E44*F44)/(SUM(F42:F44)) -> 318.82075 | I42: =+'14'!I38 -> 67.138
B43: N 20 | C43: 2 | D43: 96*2+21*6 | E43: =96*2+21*6 -> 318 | F43: =6+5 -> 11 | G43: =+E43*F43 -> 3498
B44: N 20 | C44: 2 | D44: 60+48+30+96*2 | E44: =60+48+30+96*2 -> 330 | F44: =6+8 -> 14 | G44: =+E44*F44 -> 4620
A46: 46006 | B46: N 20 | C46: 2 | D46: 21*6+96*2 | E46: =21*6+96*2 -> 318 | F46: =36/2 -> 18 | G46: =+E46*F46 -> 5724 | H46: =+(E46*F46+E47*F47+E48*F48)/(SUM(F46:F48)) -> 322 | I46: =+'15'!I38 -> 65.416
B47: N 20 | C47: 2 | D47: 48+30*7+60 | E47: =48+30*7+60 -> 318 | F47: 18 | G47: =+E47*F47 -> 5724
B48: N 20 | C48: 2 | D48: 30+48+60+96*2 | E48: =30+48+60+96*2 -> 330 | F48: 18 | G48: =+E48*F48 -> 5940
A50: 46007 | B50: N 20 | C50: 2 | D50: 48+30*7+60 | E50: =48+30*7+60 -> 318 | F50: =6+4 -> 10 | G50: =+E50*F50 -> 3180 | H50: =+(E50*F50+E51*F51)/(SUM(F50:F51)) -> 324.28571 | I50: =+'16'!N37 -> 33.838
B51: N 20 | C51: 2 | D51: 30+48+60+96*2 | E51: =30+48+60+96*2 -> 330 | F51: =6+5 -> 11 | G51: =+E51*F51 -> 3630
B52: N 18 | C52: 2 | D52: 40*8 | E52: =40*8 -> 320 | F52: 20 | G52: =+E52*F52 -> 6400 | H52: =+G52/F52 -> 320 | I52: =+'16'!N38 -> 28.453
A54: 46008 | B54: N 18 | C54: 2 | D54: 40*8 | E54: =40*8 -> 320 | F54: 20 | G54: =+E54*F54 -> 6400 | H54: =+G54/F54 -> 320 | I54: =+'17'!N37 -> 25.614
B55: TW 17 | C55: 2 | D55: 159*2 | E55: =159*2 -> 318 | F55: 30 | G55: =+E55*F55 -> 9540 | H55: =+G55/F55 -> 318 | I55: =+'17'!N38 -> 30.394
A57: 46009 | B57: TW 17 | C57: 2 | D57: 159*2 | E57: =159*2 -> 318 | F57: =6+13+10 -> 29 | G57: =+E57*F57 -> 9222 | H57: =+G57/F57 -> 318 | I57: =+'18'!N37 -> 20.368
B58: N 15,5 | C58: 2 | D58: 46*7 | E58: =46*7 -> 322 | F58: 11 | G58: =+E58*F58 -> 3542 | H58: =+G58/F58 -> 322 | I58: =+'18'!N38 -> 18.624
B59: TW 17,5 | C59: 2 | D59: 161,5*2 | E59: =161.5*2 -> 323 | F59: 6 | G59: =+E59*F59 -> 1938 | H59: =+G59/F59 -> 323 | I59: =+'18'!N39 -> 10.837
A61: 46010 | B61: TW 17,5 | C61: 2 | D61: 161,5*2 | E61: =161.5*2 -> 323 | F61: 5 | G61: =+E61*F61 -> 1615 | H61: =+G61/F61 -> 323 | I61: =+'19'!N37 -> 0.509
B62: TW 22 | C62: 2 | D62: 159*2 | E62: =159*2 -> 318 | F62: =13+18+18 -> 49 | G62: =+E62*F62 -> 15582 | H62: =+G62/F62 -> 318 | I62: =+'19'!N38 -> 67.116
A64: 46011 | B64: TW 22 | C64: 2 | D64: 159*2 | E64: =159*2 -> 318 | F64: 31 | G64: =+E64*F64 -> 9858 | H64: =+G64/F64 -> 318 | I64: =+'20'!N37 -> 32.967
B65: TW 31,5 | C65: 2 | D65: 120,5+97*2 | E65: =120.5+97*2 -> 314.5 | F65: =6+15 -> 21 | G65: =+E65*F65 -> 6604.5 | H65: =+G65/F65 -> 314.5 | I65: =+'20'!N38 -> 35.773
A67: 46012 | B67: TW 31,5 | C67: 2 | D67: 120,5+97*2 | E67: =120.5+97*2 -> 314.5 | F67: =6+15 -> 21 | G67: =+E67*F67 -> 6604.5 | H67: =+(E67*F67+E68*F68)/(SUM(F67:F68)) -> 324.08182 | I67: =+'21'!I38 -> 68.178
B68: TW 31,5 | C68: 2 | D68: 165*2 | E68: =165*2 -> 330 | F68: 34 | G68: =+E68*F68 -> 11220
A70: 46013 | B70: TW 31,5 | C70: 2 | D70: 165*2 | E70: =120.5+97*2 -> 314.5 | F70: 15 | G70: =+E70*F70 -> 4717.5 | H70: =+G70/F70 -> 314.5 | I70: =+'22'!P37 -> 10.5
B71: TW 32 | C71: 2 | D71: 117*2+94 | E71: =117*2+94 -> 328 | F71: 8 | G71: =+E71*F71 -> 2624 | H71: =+G71/F71 -> 328 | I71: =+'22'!P38 -> 10.601
B72: TW 33,5 | C72: 2 | D72: 169,5+149 | E72: =169.5+149 -> 318.5 | F72: 7 | G72: =+E72*F72 -> 2229.5 | H72: =+G72/F72 -> 318.5 | I72: =+'22'!P39 -> 9.705
B73: TW 34 | C73: 2 | D73: 244+44+42 | E73: =244+44+42 -> 330 | F73: =9+15 -> 24 | G73: =+E73*F73 -> 7920 | H73: =+G73/F73 -> 330 | I73: =+'22'!P40 -> 42.861
A75: 46014 | B75: TW 34 | C75: 2 | D75: 244+44+42 | E75: =244+44+42 -> 330 | F75: =3+8+7+8 -> 26 | G75: =+E75*F75 -> 8580 | H75: =+(E75*F75+E76*F76+E77*F77)/(SUM(F75:F77)) -> 329.65957 | I75: =+'21'!I46 -> 35244.77
B76: TW 34 | C76: 2 | D76: 44*4+66+88 | E76: =44*4+66+88 -> 330 | F76: =3+2+5+3 -> 13 | G76: =+E76*F76 -> 4290
B77: TW 34 | C77: 2 | D77: 88*3+66 | E77: =88*3+64 -> 328 | F77: 8 | G77: =+E77*F77 -> 2624
A79: 46015 | B79: TW 34 | C79: 2 | D79: 244+44+42 | E79: =244+44+42 -> 330 | F79: 1 | G79: =+E79*F79 -> 330 | H79: =+(E79*F79+E80*F80+E81*F81)/(SUM(F79:F81)) -> 328.58333 | I79: =+'24'!I38-I82 -> 54.288
B80: TW 34 | C80: 2 | D80: 88*3+66 | E80: =88*3+64 -> 328 | F80: =8+1+4+4 -> 17 | G80: =+E80*F80 -> 5576
B81: TW 34 | C81: 2 | D81: 66*5 | E81: =66*5 -> 330 | F81: 6 | G81: =+E81*F81 -> 1980
B82: TW 35,5 | C82: 2 | D82: 157*2 | E82: =157*2 -> 314 | F82: =4+4+9+8 -> 25 | G82: =+E82*F82 -> 7850 | H82: =+G82/F82 -> 314 | I82: 20
A84: 46016 | B84: TW 35,5 | C84: 2 | D84: 157*2 | E84: =157*2 -> 314 | F84: =9+8+8+9+4 -> 38 | G84: =+E84*F84 -> 11932 | H84: =+G84/F84 -> 314 | I84: =+'25'!I38-I85 -> 67.999
B85: TW 36 | C85: 2 | D85: 165*2 | E85: =165*2 -> 330 | F85: =3+4 -> 7 | G85: =+E85*F85 -> 2310 | H85: =+G85/F85 -> 330 | I85: 5.52
A87: 46017 | B87: TW 36 | C87: 2 | D87: 165*2 | E87: =165*2 -> 330 | F87: 35 | G87: =+E87*F87 -> 11550 | H87: =+G87/F87 -> 330 | I87: =+'26'!N37 -> 52.489
B88: TW 38 | C88: 2 | D88: 149+169 | E88: =149+169 -> 318 | F88: 17 | G88: =+E88*F88 -> 5406 | H88: =+G88/F88 -> 318 | I88: =+'26'!N38 -> 27.029
A90: 46018 | B90: TW 38 | C90: 2 | D90: 149+169 | E90: =149+169 -> 318 | F90: =17+17+17 -> 51 | G90: =+E90*F90 -> 16218 | H90: =+G90/F90 -> 318 | I90: =+'27'!I38 -> 78.304
A92: 46019 | B92: TW 38 | C92: 2 | D92: 149+169 | E92: =149+169 -> 318 | F92: 47 | G92: =+E92*F92 -> 14946 | H92: =+G92/F92 -> 318 | I92: =+'28'!I38 -> 70.752
A94: 46020 | B94: TW 38 | C94: 2 | D94: 149+169 | E94: =149+169 -> 318 | F94: 14 | G94: =+E94*F94 -> 4452 | H94: =+G94/F94 -> 318 | I94: =+'29'!N37 -> 9.063
B95: N 16 | C95: 2 | D95: 30*2+90*3 | E95: =30*2+90*3 -> 330 | F95: 16 | G95: =+E95*F95 -> 5280 | H95: =+(E95*F95+E96*F96)/(SUM(F95:F96)) -> 325 | I95: =+'29'!N38 -> 42.674
B96: N 16 | C96: 2 | D96: 40*8 | E96: =40*8 -> 320 | F96: 16 | G96: =+E96*F96 -> 5120
A98: 46021 | B98: N 16 | C98: 2 | D98: 40*8 | E98: =40*8 -> 320 | F98: =4+2+4+4+1 -> 15 | G98: =+E98*F98 -> 4800 | H98: =+(E98*F98+E99*F99)/(SUM(F98:F99)) -> 324.82759 | I98: =+'30'!N37 -> 25.324
B99: N 16 | C99: 2 | D99: 30*11 | E99: =30*11 -> 330 | F99: =3+1+3+1+2+3+1 -> 14 | G99: =+E99*F99 -> 4620
B100: N 16,5 | C100: 2 | D100: 162+135+23 | E100: =162+135+23 -> 320 | F100: 8 | G100: =+E100*F100 -> 2560 | H100: =+(E100*F100+E101*F101+F102*E102+F103*E103)/(SUM(F100:F103)) -> 323 | I100: =+'30'!N38 -> 25.565
B101: N 16,5 | C101: 2 | D101: 162+23*7 | E101: =162+23*7 -> 323 | F101: =3+1 -> 4 | G101: =+E101*F101 -> 1292
B102: N 17 | C102: 2 | D102: 162*2 | E102: =162*2 -> 324 | F102: =1+9 -> 10 | G102: =+E102*F102 -> 3240
B103: N 17 | C103: 2 | D103: 30*11 | E103: =30*11 -> 330 | F103: 2 | G103: =+E103*F103 -> 660
A105: 46387 | B105: N 16,5 | C105: 2 | D105: 162+23*7 | E105: =162+23*7 -> 323 | F105: =11+10+6 -> 27 | G105: =+E105*F105 -> 8721 | H105: =+G105/F105 -> 323 | I105: =+'31'!N37 -> 13.811
B106: N 17 | C106: 2 | D106: 162*2 | E106: =162*2 -> 324 | F106: 26 | G106: =+E106*F106 -> 8424 | H106: =+G106/F106 -> 324 | I106: =+'31'!N38 -> 33.989
B107: N 17 | C107: 2 | D107: 162*2 | E107: =162*2 -> 324 | F107: 4 | G107: =+E107*F107 -> 1296 | H107: =+G107/F107 -> 324 | I107: =+'31'!N39 -> 8.61

Sheet Efficiency1
A1: PM12 Efficiency Report
A3: Date | B3: Grade | C3: Speed real (ton) with Available Time | D3: Colour | E3: gsm | F3: Ply | G3: Standard | L3: Real Running | O3: Trim Rewinder (cm) | P3: Trim Rewinder x Running Time | Q3: Available Time (mnt) | R3: Down Time (mnt) | S3: Loss Time (mnt) | T3: Real Speed & Real Creepe Ratio with Available Time (ton) | U3: Real Speed & Real Creepe Ratio setelah dipotong DT & LT (ton) | V3: Loss tonase akibat DT + LT dari hitungan Teori with available time (ton) | W3: Accepted (ton) | X3: Real Eff dr Target Eff | Y3: Backlog | Z3: Reject Rewinder (ton) | AA3: Estimasi Reject to Broke Plant (ton) | AB3: Estimasi Faktor BW (ton) | AC3: Loss Opportunity in Speed (ton) | AD3: Downtime/ Losstime | AE3: Reason of Downtime / Losstime | AF3: Loss Time | AM3: Total Losstime | AN3: Unschedule Shut Down (mnt) | AS3: Schedule Shut Down | AT3: Marketing | AV3: EXT FACTOR | AX3: EXT FACTOR | AZ3: MANAGEMENT | BA3: Total Down Time | BB3: Freq. Sheets Break (X) | BC3: Freq. Change Blade (X) | BD3: Steam, & gangguan sinergy (X) | BE3: Freq, Trip PLN (X) | BF3: Cleaning Holes (X)
AF4: Proses | AI4: Change Grade | AJ4: Mekanik | AK4: Electric & Instrument | AL4: Boiler | AN4: Down Time Produksi | AO4: Mekanik | AP4: Electrical & Instrument | AQ4: Boiler | AR4: Total Unschedule Shut Down | AV4: LOSS | AW4: DOWN TIME | AX4: LOSS | AY4: DOWN TIME
G5: Yankee Speed (mpm) | H5: Max % Creeping | I5: Target Eff | J5: Kapasitas PM-Teori (ton) | K5: Teori (ton) with Available Time | L5: Yankee Speed (mpm) | M5: Popereel Speed (mpm) | N5: % Creeping | AF5: sheet break | AG5: change blade | AH5: change spool | AT5: Loss time | AU5: Down Time | AV5: SINERGY | AW5: SINERGY | AX5: PLN | AY5: PLN
A6: =+Report1!A9 -> 45992 | B6: Towel | C6: =(M6*E6*O6*Q6)/100000000 -> 58.975301 | D6: RC BR | E6: 38 | F6: 1 | G6: 430 | H6: 0.12 | I6: 0.88 | J6: =E6*G6*(1-H6)*1440/1000000*3.4 -> 70.400563 | K6: =(IF(G6<L6,L6,G6)*(1-IF(H6<N6,H6,N6))*E6*O6*Q6)/100000000 -> 66.071117 | L6: 383.81944 | M6: 337.76111 | N6: =1-(M6/L6) -> 0.12 | O6: =+'Trim Rwd'!H4 -> 319.09091 | P6: =O6*(Q6-R6-S6) -> 456938.18 | Q6: 1440 | R6: 0 | S6: 8 | T6: =E6*M6*O6*Q6/100000000 -> 58.975301 | U6: =E6*M6*O6*(Q6-R6-S6)/100000000 -> 58.64766 | V6: =E6*G6*(1-N6)*O6/100*(R6+S6)/1000000 -> 0.36706176 | W6: =+'1'!K34/1000 -> 60.009 | X6: =SUM(W6:W9)/SUM(K6:K9) -> 0.90824861 | Y6: 0 | Z6: =+'1'!D34/1000 -> 0.55 | AA6: =SUM(U6:U9)-SUM(W6:W9)-SUM(Z6:Z9)-SUM(Y6:Y9) -> -1.9113398 | AB6: =(SUM(K6:K9)-SUM(W6:W9)-SUM(Y6:Y9)-SUM(Z6:Z9)-SUM(AC6:AC9)-SUM(V6:V9))-AA6 -> -0.0394212 | AC6: =K6-T6 -> 7.095816 | AD6: =+AM6+BA6 -> 0 | AE6: - Sheet Breaks (0x) | AF6: 0 | AM6: =SUM(AF6:AL6)+AT6+AV6+AX6 -> 0 | AR6: =SUM(AN6:AQ6) -> 0 | BA6: =+AR6+AS6+AU6+AW6+AY6+AZ6 -> 0 | BB6: 0
AD7: =+AM7+BA7 -> 2 | AE7: - Change Blade (1x) | AG7: 2 | AM7: =SUM(AF7:AL7)+AT7+AV7+AX7 -> 2 | AR7: =SUM(AN7:AQ7) -> 0 | BA7: =+AR7+AS7+AU7+AW7+AY7+AZ7 -> 0 | BC7: 1
AD8: =+AM8+BA8 -> 6 | AE8: - Cleaning | AH8: 6 | AM8: =SUM(AF8:AL8)+AT8+AV8+AX8 -> 6 | AR8: =SUM(AN8:AQ8) -> 0 | BA8: =+AR8+AS8+AU8+AW8+AY8+AZ8 -> 0
A10: 45993 | B10: Towel | C10: =(M10*E10*O10*Q10)/100000000 -> 14.327999 | D10: RC BR | E10: 38 | F10: 1 | G10: 430 | H10: 0.12 | I10: 0.88 | J10: =E10*G10*(1-H10)*1440/1000000*3.4 -> 70.400563 | K10: =(IF(G10<L10,L10,G10)*(1-IF(H10<N10,H10,N10))*E10*O10*Q10)/100000000 -> 16.232679 | L10: 380 | M10: 334 | N10: =1-(M10/L10) -> 0.12105263 | O10: =+'Trim Rwd'!H7 -> 318 | P10: =O10*(Q10-R10-S10) -> 106530 | Q10: 355 | R10: 0 | S10: 20 | T10: =E10*M10*O10*Q10/100000000 -> 14.327999 | U10: =E10*M10*O10*(Q10-R10-S10)/100000000 -> 13.520788 | V10: =E10*G10*(1-N10)*O10/100*(R10+S10)/1000000 -> 0.9134232 | W10: =+'2'!K7/1000 -> 18.504 | X10: =SUM(W10:W13)/SUM(K10:K13) -> 0.65938128 | Y10: 0 | Z10: 0 | AA10: =SUM(U10:U13)-SUM(W10:W13)-SUM(Z10:Z13)-SUM(Y10:Y13) -> 5.3782276 | AB10: =(SUM(K10:K13)-SUM(W10:W13)-SUM(Y10:Y13)-SUM(Z10:Z13)-SUM(AC10:AC13)-SUM(V10:V13))-AA10 -> -1.176138 | AC10: =K10-T10 -> 1.9046801 | AD10: =+AM10+BA10 -> 2 | AE10: - Sheet Breaks (1x) | AF10: 2 | AM10: =SUM(AF10:AL10)+AT10+AV10+AX10 -> 2 | AR10: =SUM(AN10:AQ10) -> 0 | BA10: =+AR10+AS10+AU10+AW10+AY10+AZ10 -> 0 | BB10: 1
B11: Towel | C11: =(M11*E11*O11*Q11)/100000000 -> 1.98396 | D11: RC BR | E11: 36 | F11: 1 | G11: 455 | H11: 0.12 | I11: 0.88 | J11: =E11*G11*(1-H11)*1440/1000000*3.4 -> 70.572902 | K11: =(IF(G11<L11,L11,G11)*(1-IF(H11<N11,H11,N11))*E11*O11*Q11)/100000000 -> 2.378376 | L11: 380 | M11: 334 | N11: =1-(M11/L11) -> 0.12105263 | O11: =+'Trim Rwd'!H8 -> 330 | P11: =O11*(Q11-R11-S11) -> 16500 | Q11: 50 | R11: 0 | S11: 0 | T11: =E11*M11*O11*Q11/100000000 -> 1.98396 | U11: =E11*M11*O11*(Q11-R11-S11)/100000000 -> 1.98396 | V11: =E11*G11*(1-N11)*O11/100*(R11+S11)/1000000 -> 0 | W11: =+'2'!K8/1000 -> 1.53 | Z11: 0 | AC11: =K11-T11 -> 0.394416 | AD11: =+AM11+BA11 -> 40 | AE11: - Change Blade (5x) | AG11: 40 | AM11: =SUM(AF11:AL11)+AT11+AV11+AX11 -> 40 | AR11: =SUM(AN11:AQ11) -> 0 | BA11: =+AR11+AS11+AU11+AW11+AY11+AZ11 -> 0 | BC11: 5
B12: Napkin | C12: =(M12*E12*O12*Q12)/100000000 -> 41.12262 | D12: RC BR | E12: 20 | F12: 1 | G12: 830 | H12: 0.14 | I12: 0.88 | J12: =E12*G12*(1-H12)*1440/1000000*3.4 -> 69.895296 | K12: =(IF(G12<L12,L12,G12)*(1-IF(H12<N12,H12,N12))*E12*O12*Q12)/100000000 -> 48.759678 | L12: 700 | M12: 602 | N12: =1-(M12/L12) -> 0.14 | O12: =+'Trim Rwd'!H9 -> 330 | P12: =O12*(Q12-R12-S12) -> 293700 | Q12: 1035 | R12: 105 | S12: 40 | T12: =E12*M12*O12*Q12/100000000 -> 41.12262 | U12: =E12*M12*O12*(Q12-R12-S12)/100000000 -> 35.36148 | V12: =E12*G12*(1-N12)*O12/100*(R12+S12)/1000000 -> 6.831066 | W12: =+'2'!K9/1000 -> 24.389 | Z12: =+'2'!D34/1000 -> 1.065 | AC12: =K12-T12 -> 7.637058 | AD12: =+AM12+BA12 -> 18 | AE12: - Cleaning | AH12: 18 | AM12: =SUM(AF12:AL12)+AT12+AV12+AX12 -> 18 | AR12: =SUM(AN12:AQ12) -> 0 | BA12: =+AR12+AS12+AU12+AW12+AY12+AZ12 -> 0
AD13: =+AM13+BA13 -> 105 | AE13: - 15.35 pm stop listrik Flicker | AM13: =SUM(AF13:AL13)+AT13+AV13+AX13 -> 0 | AR13: =SUM(AN13:AQ13) -> 0 | AY13: 105 | BA13: =+AR13+AS13+AU13+AW13+AY13+AZ13 -> 105 | BE13: 1
A15: 45994 | B15: Napkin | C15: =(M15*E15*O15*Q15)/100000000 -> 57.21408 | D15: RC BR | E15: 20 | F15: 1 | G15: 830 | H15: 0.14 | I15: 0.88 | J15: =E15*G15*(1-H15)*1440/1000000*3.4 -> 69.895296 | K15: =(IF(G15<L15,L15,G15)*(1-IF(H15<N15,H15,N15))*E15*O15*Q15)/100000000 -> 67.839552 | L15: 700 | M15: 602 | N15: =1-(M15/L15) -> 0.14 | O15: =+'Trim Rwd'!H11 -> 330 | P15: =O15*(Q15-R15-S15) -> 383460 | Q15: 1440 | R15: 260 | S15: 18 | T15: =E15*M15*O15*Q15/100000000 -> 57.21408 | U15: =E15*M15*O15*(Q15-R15-S15)/100000000 -> 46.168584 | V15: =E15*G15*(1-N15)*O15/100*(R15+S15)/1000000 -> 13.096802 | W15: =+'3'!K34/1000 -> 49.815 | X15: =SUM(W15:W18)/SUM(K15:K18) -> 0.73430615 | Y15: 0 | Z15: =+'3'!D34/1000 -> 1 | AA15: =SUM(U15:U18)-SUM(W15:W18)-SUM(Z15:Z18)-SUM(Y15:Y18) -> -4.646416 | AB15: =(SUM(K15:K18)-SUM(W15:W18)-SUM(Y15:Y18)-SUM(Z15:Z18)-SUM(AC15:AC18)-SUM(V15:V18))-AA15 -> -2.0513064 | AC15: =K15-T15 -> 10.625472 | AD15: =+AM15+BA15 -> 0 | AE15: - Sheet Breaks (0x) | AF15: 0 | AM15: =SUM(AF15:AL15)+AT15+AV15+AX15 -> 0 | AR15: =SUM(AN15:AQ15) -> 0 | BA15: =+AR15+AS15+AU15+AW15+AY15+AZ15 -> 0 | BB15: 0
AD16: =+AM16+BA16 -> 7 | AE16: - Change Blade (3x) | AG16: 7 | AM16: =SUM(AF16:AL16)+AT16+AV16+AX16 -> 7 | AR16: =SUM(AN16:AQ16) -> 0 | BA16: =+AR16+AS16+AU16+AW16+AY16+AZ16 -> 0 | BC16: 3
AD17: =+AM17+BA17 -> 11 | AE17: - Cleaning | AH17: 11 | AM17: =SUM(AF17:AL17)+AT17+AV17+AX17 -> 11 | AR17: =SUM(AN17:AQ17) -> 0 | BA17: =+AR17+AS17+AU17+AW17+AY17+AZ17 -> 0
AD18: =+AM18+BA18 -> 260 | AE18: - 02:35 PM stop boilout | AM18: =SUM(AF18:AL18)+AT18+AV18+AX18 -> 0 | AR18: =SUM(AN18:AQ18) -> 0 | AU18: 260 | BA18: =+AR18+AS18+AU18+AW18+AY18+AZ18 -> 260
A20: 45995 | B20: Napkin | C20: =(M20*E20*O20*Q20)/100000000 -> 57.21408 | D20: STOP | E20: 20 | F20: 1 | G20: 830 | H20: 0.14 | I20: 0.88 | J20: =E20*G20*(1-H20)*1440/1000000*3.4 -> 69.895296 | K20: =(IF(G20<L20,L20,G20)*(1-IF(H20<N20,H20,N20))*E20*O20*Q20)/100000000 -> 67.839552 | L20: 700 | M20: 602 | N20: =1-(M20/L20) -> 0.14 | O20: =+'Trim Rwd'!H13 -> 330 | P20: =O20*(Q20-R20-S20) -> 0 | Q20: 1440 | R20: 1440 | S20: 0 | T20: =E20*M20*O20*Q20/100000000 -> 57.21408 | U20: =E20*M20*O20*(Q20-R20-S20)/100000000 -> 0 | V20: =E20*G20*(1-N20)*O20/100*(R20+S20)/1000000 -> 67.839552 | W20: =+'4'!K34/1000 -> 0 | X20: =SUM(W20:W23)/SUM(K20:K23) -> 0 | Y20: 0 | Z20: 0 | AA20: =SUM(U20:U23)-SUM(W20:W23)-SUM(Z20:Z23)-SUM(Y20:Y23) -> 0 | AB20: =(SUM(K20:K23)-SUM(W20:W23)-SUM(Y20:Y23)-SUM(Z20:Z23)-SUM(AC20:AC23)-SUM(V20:V23))-AA20 -> -10.625472 | AC20: =K20-T20 -> 10.625472 | AD20: =+AM20+BA20 -> 0 | AE20: - Sheet Breaks (0x) | AF20: 0 | AM20: =SUM(AF20:AL20)+AT20+AV20+AX20 -> 0 | AR20: =SUM(AN20:AQ20) -> 0 | BA20: =+AR20+AS20+AU20+AW20+AY20+AZ20 -> 0 | BB20: 0
AD21: =+AM21+BA21 -> 0 | AE21: - Change Blade (0x) | AG21: 0 | AM21: =SUM(AF21:AL21)+AT21+AV21+AX21 -> 0 | AR21: =SUM(AN21:AQ21) -> 0 | BA21: =+AR21+AS21+AU21+AW21+AY21+AZ21 -> 0 | BC21: 0
AD22: =+AM22+BA22 -> 0 | AE22: - Cleaning | AH22: 0 | AM22: =SUM(AF22:AL22)+AT22+AV22+AX22 -> 0 | AR22: =SUM(AN22:AQ22) -> 0 | BA22: =+AR22+AS22+AU22+AW22+AY22+AZ22 -> 0
AD23: =+AM23+BA23 -> 1180 | AE23: - PM stop boilout | AM23: =SUM(AF23:AL23)+AT23+AV23+AX23 -> 0 | AR23: =SUM(AN23:AQ23) -> 0 | AU23: 1180 | BA23: =+AR23+AS23+AU23+AW23+AY23+AZ23 -> 1180
AD24: =+AM24+BA24 -> 260 | AE24: - 04.10 stop cek housing bearing SPR sebelah DS 🔜 mekanik | AM24: =SUM(AF24:AL24)+AT24+AV24+AX24 -> 0 | AO24: 260 | AR24: =SUM(AN24:AQ24) -> 260 | BA24: =+AR24+AS24+AU24+AW24+AY24+AZ24 -> 260
A26: 45996 | B26: Towel | C26: =(M26*E26*O26*Q26)/100000000 -> 53.21286 | D26: RC HW | E26: 17 | F26: 1 | G26: 830 | H26: 0.14 | I26: 0.88 | J26: =E26*G26*(1-H26)*1440/1000000*3.4 -> 59.411002 | K26: =(IF(G26<L26,L26,G26)*(1-IF(H26<N26,H26,N26))*E26*O26*Q26)/100000000 -> 55.56676 | L26: 794.83983 | M26: 683.56225 | N26: =1-(M26/L26) -> 0.14 | O26: =+'Trim Rwd'!H15 -> 318 | P26: =O26*(Q26-R26-S26) -> 355524 | Q26: 1440 | R26: 285 | S26: 37 | T26: =E26*M26*O26*Q26/100000000 -> 53.21286 | U26: =E26*M26*O26*(Q26-R26-S26)/100000000 -> 41.313874 | V26: =E26*G26*(1-N26)*O26/100*(R26+S26)/1000000 -> 12.425345 | W26: =+'5'!K34/1000 -> 33.343 | X26: =SUM(W26:W29)/SUM(K26:K29) -> 0.60005298 | Y26: 0 | Z26: =+'5'!D34/1000 -> 0.538 | AA26: =SUM(U26:U29)-SUM(W26:W29)-SUM(Z26:Z29)-SUM(Y26:Y29) -> 7.4328736 | AB26: =(SUM(K26:K29)-SUM(W26:W29)-SUM(Y26:Y29)-SUM(Z26:Z29)-SUM(AC26:AC29)-SUM(V26:V29))-AA26 -> -0.52635817 | AC26: =K26-T26 -> 2.3538999 | AD26: =+AM26+BA26 -> 2 | AE26: - Sheet Breaks (1x) | AF26: 2 | AM26: =SUM(AF26:AL26)+AT26+AV26+AX26 -> 2 | AR26: =SUM(AN26:AQ26) -> 0 | BA26: =+AR26+AS26+AU26+AW26+AY26+AZ26 -> 0 | BB26: 1
AD27: =+AM27+BA27 -> 9 | AE27: - Change Blade (4x) | AG27: 9 | AM27: =SUM(AF27:AL27)+AT27+AV27+AX27 -> 9 | AR27: =SUM(AN27:AQ27) -> 0 | BA27: =+AR27+AS27+AU27+AW27+AY27+AZ27 -> 0 | BC27: 4
AD28: =+AM28+BA28 -> 26 | AE28: - Cleaning | AH28: 26 | AM28: =SUM(AF28:AL28)+AT28+AV28+AX28 -> 26 | AR28: =SUM(AN28:AQ28) -> 0 | BA28: =+AR28+AS28+AU28+AW28+AY28+AZ28 -> 0
AD29: =+AM29+BA29 -> 285 | AE29: - Drive wire trip cek EID | AM29: =SUM(AF29:AL29)+AT29+AV29+AX29 -> 0 | AP29: 285 | AR29: =SUM(AN29:AQ29) -> 285 | BA29: =+AR29+AS29+AU29+AW29+AY29+AZ29 -> 285
A31: 45997 | B31: Towel | C31: =(M31*E31*O31*Q31)/100000000 -> 3.4310801 | D31: RC HW | E31: 17 | F31: 1 | G31: 830 | H31: 0.14 | I31: 0.88 | J31: =E31*G31*(1-H31)*1440/1000000*3.4 -> 59.411002 | K31: =(IF(G31<L31,L31,G31)*(1-IF(H31<N31,H31,N31))*E31*O31*Q31)/100000000 -> 3.4729225 | L31: 820 | M31: =+L31-L31*0.14 -> 705.2 | N31: =1-(M31/L31) -> 0.14 | O31: =+'Trim Rwd'!H17 -> 318 | P31: =O31*(Q31-R31-S31) -> 25440 | Q31: 90 | R31: 0 | S31: 10 | T31: =E31*M31*O31*Q31/100000000 -> 3.4310801 | U31: =E31*M31*O31*(Q31-R31-S31)/100000000 -> 3.049849 | V31: =E31*G31*(1-N31)*O31/100*(R31+S31)/1000000 -> 0.38588028 | W31: =+'6'!K10/1000 -> 6.641 | X31: =SUM(W31:W34)/SUM(K31:K34) -> 0.73952524 | Y31: 0 | Z31: 0 | AA31: =SUM(U31:U34)-SUM(W31:W34)-SUM(Z31:Z34)-SUM(Y31:Y34) -> 4.5811296 | AB31: =(SUM(K31:K34)-SUM(W31:W34)-SUM(Y31:Y34)-SUM(Z31:Z34)-SUM(AC31:AC34)-SUM(V31:V34))-AA31 -> -0.00464916 | AC31: =K31-T31 -> 0.04184244 | AD31: =+AM31+BA31 -> 0 | AE31: - Sheet Breaks (0x) | AF31: 0 | AM31: =SUM(AF31:AL31)+AT31+AV31+AX31 -> 0 | AR31: =SUM(AN31:AQ31) -> 0 | BA31: =+AR31+AS31+AU31+AW31+AY31+AZ31 -> 0 | BB31: 0
B32: Napkin | C32: =(M32*E32*O32*Q32)/100000000 -> 48.490145 | D32: RC HW | E32: 15.5 | F32: 1 | G32: 830 | H32: 0.14 | I32: 0.88 | J32: =E32*G32*(1-H32)*1440/1000000*3.4 -> 54.168854 | K32: =(IF(G32<L32,L32,G32)*(1-IF(H32<N32,H32,N32))*E32*O32*Q32)/100000000 -> 48.490145 | L32: 830 | M32: =+L32-L32*0.14 -> 713.8 | N32: =1-(M32/L32) -> 0.14 | O32: =+'Trim Rwd'!H18 -> 324.64706 | P32: =O32*(Q32-R32-S32) -> 377889.18 | Q32: =1214+70+66 -> 1350 | R32: =70+66 -> 136 | S32: 50 | T32: =E32*M32*O32*Q32/100000000 -> 48.490145 | U32: =E32*M32*O32*(Q32-R32-S32)/100000000 -> 41.809281 | V32: =E32*G32*(1-N32)*O32/100*(R32+S32)/1000000 -> 6.6808644 | W32: =+'6'!K11/1000 -> 31.787 | Z32: =+'6'!D34/1000 -> 1.85 | AC32: =K32-T32 -> 0 | AD32: =+AM32+BA32 -> 10 | AE32: - Change Blade (2x) | AG32: 10 | AM32: =SUM(AF32:AL32)+AT32+AV32+AX32 -> 10 | AR32: =SUM(AN32:AQ32) -> 0 | BA32: =+AR32+AS32+AU32+AW32+AY32+AZ32 -> 0 | BC32: 2
AD33: =+AM33+BA33 -> 28 | AE33: - Cleaning | AH33: 28 | AM33: =SUM(AF33:AL33)+AT33+AV33+AX33 -> 28 | AR33: =SUM(AN33:AQ33) -> 0 | BA33: =+AR33+AS33+AU33+AW33+AY33+AZ33 -> 0
AD34: =+AM34+BA34 -> 70 | AE34: - 08:50 Med perbaikan oil modif blindril. | AM34: =SUM(AF34:AL34)+AT34+AV34+AX34 -> 0 | AO34: 70 | AR34: =SUM(AN34:AQ34) -> 70 | BA34: =+AR34+AS34+AU34+AW34+AY34+AZ34 -> 70
AD35: =+AM35+BA35 -> 66 | AE35: - 10:00 kertas hole, cuci felt menggunakan xylene dan solar | AM35: =SUM(AF35:AL35)+AT35+AV35+AX35 -> 0 | AN35: 66 | AR35: =SUM(AN35:AQ35) -> 66 | BA35: =+AR35+AS35+AU35+AW35+AY35+AZ35 -> 66 | BF35: 1
AD36: =+AM36+BA36 -> 22 | AE36: - 16.10 bagian center formasi nerawang dan ada hole, adjust lips headbox | AI36: 22 | AM36: =SUM(AF36:AL36)+AT36+AV36+AX36 -> 22 | AR36: =SUM(AN36:AQ36) -> 0 | BA36: =+AR36+AS36+AU36+AW36+AY36+AZ36 -> 0
A38: 45998 | B38: Napkin | C38: =(M38*E38*O38*Q38)/100000000 -> 51.657969 | D38: RC HW | E38: 15.5 | F38: 1 | G38: 830 | H38: 0.14 | I38: 0.88 | J38: =E38*G38*(1-H38)*1440/1000000*3.4 -> 54.168854 | K38: =(IF(G38<L38,L38,G38)*(1-IF(H38<N38,H38,N38))*E38*O38*Q38)/100000000 -> 51.657969 | L38: 830 | M38: =+L38-L38*0.14 -> 713.8 | N38: =1-(M38/L38) -> 0.14 | O38: =+'Trim Rwd'!H21 -> 324.24 | P38: =O38*(Q38-R38-S38) -> 457178.4 | Q38: 1440 | R38: 0 | S38: 30 | T38: =E38*M38*O38*Q38/100000000 -> 51.657969 | U38: =E38*M38*O38*(Q38-R38-S38)/100000000 -> 50.581761 | V38: =E38*G38*(1-N38)*O38/100*(R38+S38)/1000000 -> 1.0762077 | W38: =+'7'!K34/1000 -> 48.44 | X38: =SUM(W38:W41)/SUM(K38:K41) -> 0.93770625 | Y38: 0 | Z38: =+'7'!D34/1000 -> 0.7 | AA38: =SUM(U38:U41)-SUM(W38:W41)-SUM(Z38:Z41)-SUM(Y38:Y41) -> 1.441761 | AB38: =(SUM(K38:K41)-SUM(W38:W41)-SUM(Y38:Y41)-SUM(Z38:Z41)-SUM(AC38:AC41)-SUM(V38:V41))-AA38 -> -4.2188475e-15 | AC38: =K38-T38 -> 0 | AD38: =+AM38+BA38 -> 5 | AE38: - Sheet Breaks (1x) | AF38: 5 | AM38: =SUM(AF38:AL38)+AT38+AV38+AX38 -> 5 | AR38: =SUM(AN38:AQ38) -> 0 | BA38: =+AR38+AS38+AU38+AW38+AY38+AZ38 -> 0 | BB38: 1
AD39: =+AM39+BA39 -> 7 | AE39: - Change Blade (2x) | AG39: 7 | AM39: =SUM(AF39:AL39)+AT39+AV39+AX39 -> 7 | AR39: =SUM(AN39:AQ39) -> 0 | BA39: =+AR39+AS39+AU39+AW39+AY39+AZ39 -> 0 | BC39: 2
AD40: =+AM40+BA40 -> 18 | AE40: - Cleaning | AH40: 18 | AM40: =SUM(AF40:AL40)+AT40+AV40+AX40 -> 18 | AR40: =SUM(AN40:AQ40) -> 0 | BA40: =+AR40+AS40+AU40+AW40+AY40+AZ40 -> 0
A42: 45999 | B42: Napkin | C42: =(M42*E42*O42*Q42)/100000000 -> 51.744417 | D42: RC HW | E42: 15.5 | F42: 1 | G42: 830 | H42: 0.14 | I42: 0.88 | J42: =E42*G42*(1-H42)*1440/1000000*3.4 -> 54.168854 | K42: =(IF(G42<L42,L42,G42)*(1-IF(H42<N42,H42,N42))*E42*O42*Q42)/100000000 -> 51.744417 | L42: 830 | M42: =+L42-L42*0.14 -> 713.8 | N42: =1-(M42/L42) -> 0.14 | O42: =+'Trim Rwd'!H25 -> 324.78261 | P42: =O42*(Q42-R42-S42) -> 435858.26 | Q42: 1440 | R42: 70 | S42: 28 | T42: =E42*M42*O42*Q42/100000000 -> 51.744417 | U42: =E42*M42*O42*(Q42-R42-S42)/100000000 -> 48.222922 | V42: =E42*G42*(1-N42)*O42/100*(R42+S42)/1000000 -> 3.5214951 | W42: =+'8'!K34/1000 -> 45.993 | X42: =SUM(W42:W45)/SUM(K42:K45) -> 0.88884951 | Y42: 0 | Z42: =+'8'!D34/1000 -> 0.88 | AA42: =SUM(U42:U45)-SUM(W42:W45)-SUM(Z42:Z45)-SUM(Y42:Y45) -> 1.3499221 | AB42: =(SUM(K42:K45)-SUM(W42:W45)-SUM(Y42:Y45)-SUM(Z42:Z45)-SUM(AC42:AC45)-SUM(V42:V45))-AA42 -> -1.7763568e-15 | AC42: =K42-T42 -> 0 | AD42: =+AM42+BA42 -> 3 | AE42: - Sheet Breaks (1x) | AF42: 3 | AM42: =SUM(AF42:AL42)+AT42+AV42+AX42 -> 3 | AR42: =SUM(AN42:AQ42) -> 0 | BA42: =+AR42+AS42+AU42+AW42+AY42+AZ42 -> 0 | BB42: 1
AD43: =+AM43+BA43 -> 11 | AE43: - Change Blade (3x) | AG43: 11 | AM43: =SUM(AF43:AL43)+AT43+AV43+AX43 -> 11 | AR43: =SUM(AN43:AQ43) -> 0 | BA43: =+AR43+AS43+AU43+AW43+AY43+AZ43 -> 0 | BC43: 3
AD44: =+AM44+BA44 -> 14 | AE44: - Cleaning | AH44: 14 | AM44: =SUM(AF44:AL44)+AT44+AV44+AX44 -> 14 | AR44: =SUM(AN44:AQ44) -> 0 | BA44: =+AR44+AS44+AU44+AW44+AY44+AZ44 -> 0
AD45: =+AM45+BA45 -> 70 | AE45: - 15.55 PM stop, kertas hole bagian DS, cleaning felt | AM45: =SUM(AF45:AL45)+AT45+AV45+AX45 -> 0 | AN45: 70 | AR45: =SUM(AN45:AQ45) -> 70 | BA45: =+AR45+AS45+AU45+AW45+AY45+AZ45 -> 70 | BF45: 1
A47: 46000 | B47: Napkin | C47: =(M47*E47*O47*Q47)/100000000 -> 21.723968 | D47: RC HW | E47: 15.5 | F47: 1 | G47: 830 | H47: 0.14 | I47: 0.88 | J47: =E47*G47*(1-H47)*1440/1000000*3.4 -> 54.168854 | K47: =(IF(G47<L47,L47,G47)*(1-IF(H47<N47,H47,N47))*E47*O47*Q47)/100000000 -> 21.723968 | L47: 830 | M47: =+L47-L47*0.14 -> 713.8 | N47: =1-(M47/L47) -> 0.14 | O47: =+'Trim Rwd'!H28 -> 330 | P47: =O47*(Q47-R47-S47) -> 193050 | Q47: 595 | R47: 0 | S47: 10 | T47: =E47*M47*O47*Q47/100000000 -> 21.723968 | U47: =E47*M47*O47*(Q47-R47-S47)/100000000 -> 21.358859 | V47: =E47*G47*(1-N47)*O47/100*(R47+S47)/1000000 -> 0.3651087 | W47: =+'9'!K11/1000 -> 22.993 | X47: =SUM(W47:W50)/SUM(K47:K50) -> 0.90604789 | Y47: 0 | Z47: 0 | AA47: =SUM(U47:U50)-SUM(W47:W50)-SUM(Z47:Z50)-SUM(Y47:Y50) -> 2.4044504 | AB47: =(SUM(K47:K50)-SUM(W47:W50)-SUM(Y47:Y50)-SUM(Z47:Z50)-SUM(AC47:AC50)-SUM(V47:V50))-AA47 -> 0 | AC47: =K47-T47 -> 0 | AD47: =+AM47+BA47 -> 2 | AE47: - Sheet Breaks (1x) | AF47: 2 | AM47: =SUM(AF47:AL47)+AT47+AV47+AX47 -> 2 | AR47: =SUM(AN47:AQ47) -> 0 | BA47: =+AR47+AS47+AU47+AW47+AY47+AZ47 -> 0 | BB47: 1
B48: Napkin | C48: =(M48*E48*O48*Q48)/100000000 -> 6.9864959 | D48: RC HW | E48: 17 | F48: 1 | G48: 830 | H48: 0.14 | I48: 0.88 | J48: =E48*G48*(1-H48)*1440/1000000*3.4 -> 59.411002 | K48: =(IF(G48<L48,L48,G48)*(1-IF(H48<N48,H48,N48))*E48*O48*Q48)/100000000 -> 6.9864959 | L48: 830 | M48: =+L48-L48*0.14 -> 713.8 | N48: =1-(M48/L48) -> 0.14 | O48: =+'Trim Rwd'!H29 -> 329 | P48: =O48*(Q48-R48-S48) -> 55930 | Q48: 175 | R48: 0 | S48: 5 | T48: =E48*M48*O48*Q48/100000000 -> 6.9864959 | U48: =E48*M48*O48*(Q48-R48-S48)/100000000 -> 6.7868818 | V48: =E48*G48*(1-N48)*O48/100*(R48+S48)/1000000 -> 0.19961417 | W48: =+'9'!K12/1000 -> 6.572 | Z48: 0 | AD48: =+AM48+BA48 -> 9 | AE48: - Change Blade (3x) | AG48: 9 | AM48: =SUM(AF48:AL48)+AT48+AV48+AX48 -> 9 | AR48: =SUM(AN48:AQ48) -> 0 | BA48: =+AR48+AS48+AU48+AW48+AY48+AZ48 -> 0 | BC48: 3
B49: Napkin | C49: =(M49*E49*O49*Q49)/100000000 -> 17.684217 | D49: RC HW | E49: 16.5 | F49: 1 | G49: 830 | H49: 0.14 | I49: 0.88 | J49: =E49*G49*(1-H49)*1440/1000000*3.4 -> 57.663619 | K49: =(IF(G49<L49,L49,G49)*(1-IF(H49<N49,H49,N49))*E49*O49*Q49)/100000000 -> 17.684217 | L49: 830 | M49: =+L49-L49*0.14 -> 713.8 | N49: =1-(M49/L49) -> 0.14 | O49: =+'Trim Rwd'!H30 -> 330 | P49: =O49*(Q49-R49-S49) -> 146850 | Q49: 455 | R49: 0 | S49: 10 | T49: =E49*M49*O49*Q49/100000000 -> 17.684217 | U49: =E49*M49*O49*(Q49-R49-S49)/100000000 -> 17.295552 | V49: =E49*G49*(1-N49)*O49/100*(R49+S49)/1000000 -> 0.3886641 | W49: =+'9'!K13/1000 -> 18.88 | Z49: 0 | AD49: =+AM49+BA49 -> 9 | AE49: - Cleaning | AH49: 9 | AM49: =SUM(AF49:AL49)+AT49+AV49+AX49 -> 9 | AR49: =SUM(AN49:AQ49) -> 0 | BA49: =+AR49+AS49+AU49+AW49+AY49+AZ49 -> 0
B50: Napkin | C50: =(M50*E50*O50*Q50)/100000000 -> 10.128822 | D50: RC HW | E50: 20 | F50: 1 | G50: 830 | H50: 0.14 | I50: 0.88 | J50: =E50*G50*(1-H50)*1440/1000000*3.4 -> 69.895296 | K50: =(IF(G50<L50,L50,G50)*(1-IF(H50<N50,H50,N50))*E50*O50*Q50)/100000000 -> 10.128822 | L50: 830 | M50: =+L50-L50*0.14 -> 713.8 | N50: =1-(M50/L50) -> 0.14 | O50: =+'Trim Rwd'!H31 -> 330 | P50: =O50*(Q50-R50-S50) -> 68970 | Q50: 215 | R50: 0 | S50: 6 | T50: =E50*M50*O50*Q50/100000000 -> 10.128822 | U50: =E50*M50*O50*(Q50-R50-S50)/100000000 -> 9.8461572 | V50: =E50*G50*(1-N50)*O50/100*(R50+S50)/1000000 -> 0.2826648 | W50: =+'9'!K14/1000 -> 2.768 | Z50: =+'9'!D34/1000 -> 1.67 | AD50: =+AM50+BA50 -> 11 | AE50: - Change Grade | AI50: 11 | AM50: =SUM(AF50:AL50)+AT50+AV50+AX50 -> 11 | AR50: =SUM(AN50:AQ50) -> 0 | BA50: =+AR50+AS50+AU50+AW50+AY50+AZ50 -> 0 | BF50: 1
A52: 46001 | B52: Napkin | C52: =(M52*E52*O52*Q52)/100000000 -> 67.839552 | D52: RC HW | E52: 20 | F52: 1 | G52: 830 | H52: 0.14 | I52: 0.88 | J52: =E52*G52*(1-H52)*1440/1000000*3.4 -> 69.895296 | K52: =(IF(G52<L52,L52,G52)*(1-IF(H52<N52,H52,N52))*E52*O52*Q52)/100000000 -> 67.839552 | L52: 830 | M52: =+L52-L52*0.14 -> 713.8 | N52: =1-(M52/L52) -> 0.14 | O52: =+'Trim Rwd'!H33 -> 330 | P52: =O52*(Q52-R52-S52) -> 429000 | Q52: 1440 | R52: 85 | S52: 55 | T52: =E52*M52*O52*Q52/100000000 -> 67.839552 | U52: =E52*M52*O52*(Q52-R52-S52)/100000000 -> 61.24404 | V52: =E52*G52*(1-N52)*O52/100*(R52+S52)/1000000 -> 6.595512 | W52: =+'10'!K34/1000 -> 56.856 | X52: =SUM(W52:W55)/SUM(K52:K55) -> 0.83809516 | Y52: 0 | Z52: =+'10'!D34/1000 -> 3.3 | AA52: =SUM(U52:U55)-SUM(W52:W55)-SUM(Z52:Z55)-SUM(Y52:Y55) -> 1.08804 | AB52: =(SUM(K52:K55)-SUM(W52:W55)-SUM(Y52:Y55)-SUM(Z52:Z55)-SUM(AC52:AC55)-SUM(V52:V55))-AA52 -> 0 | AC52: =K52-T52 -> 0 | AD52: =+AM52+BA52 -> 0 | AE52: - Sheet Breaks (0x) | AF52: 0 | AM52: =SUM(AF52:AL52)+AT52+AV52+AX52 -> 0 | AR52: =SUM(AN52:AQ52) -> 0 | BA52: =+AR52+AS52+AU52+AW52+AY52+AZ52 -> 0 | BB52: 0
AD53: =+AM53+BA53 -> 29 | AE53: - Change Blade (5x) | AG53: 29 | AM53: =SUM(AF53:AL53)+AT53+AV53+AX53 -> 29 | AR53: =SUM(AN53:AQ53) -> 0 | BA53: =+AR53+AS53+AU53+AW53+AY53+AZ53 -> 0 | BC53: 5
AD54: =+AM54+BA54 -> 26 | AE54: - Cleaning | AH54: 26 | AM54: =SUM(AF54:AL54)+AT54+AV54+AX54 -> 26 | AR54: =SUM(AN54:AQ54) -> 0 | BA54: =+AR54+AS54+AU54+AW54+AY54+AZ54 -> 0
AD55: =+AM55+BA55 -> 85 | AE55: - 02.35 pm 12 stop, kertas hole, cuci felt dengan solar & xylene | AM55: =SUM(AF55:AL55)+AT55+AV55+AX55 -> 0 | AN55: 85 | AR55: =SUM(AN55:AQ55) -> 85 | BA55: =+AR55+AS55+AU55+AW55+AY55+AZ55 -> 85 | BF55: 1
A57: 46002 | B57: Napkin | C57: =(M57*E57*O57*Q57)/100000000 -> 67.839552 | D57: RC HW | E57: 20 | F57: 1 | G57: 830 | H57: 0.14 | I57: 0.88 | J57: =E57*G57*(1-H57)*1440/1000000*3.4 -> 69.895296 | K57: =(IF(G57<L57,L57,G57)*(1-IF(H57<N57,H57,N57))*E57*O57*Q57)/100000000 -> 67.839552 | L57: 830 | M57: 713.8 | N57: =1-(M57/L57) -> 0.14 | O57: =+'Trim Rwd'!H35 -> 330 | P57: =O57*(Q57-R57-S57) -> 346830 | Q57: 1440 | R57: =145+225 -> 370 | S57: 19 | T57: =E57*M57*O57*Q57/100000000 -> 67.839552 | U57: =E57*M57*O57*(Q57-R57-S57)/100000000 -> 49.513451 | V57: =E57*G57*(1-N57)*O57/100*(R57+S57)/1000000 -> 18.326101 | W57: =+'11'!K14/1000 -> 47.02 | X57: =SUM(W57:W60)/SUM(K57:K60) -> 0.69310599 | Y57: 0 | Z57: 0 | AA57: =SUM(U57:U60)-SUM(W57:W60)-SUM(Z57:Z60)-SUM(Y57:Y60) -> 2.4934508 | AB57: =(SUM(K57:K60)-SUM(W57:W60)-SUM(Y57:Y60)-SUM(Z57:Z60)-SUM(AC57:AC60)-SUM(V57:V60))-AA57 -> -7.1054274e-15 | AC57: =K57-T57 -> 0 | AD57: =+AM57+BA57 -> 6 | AE57: - Sheet Breaks (1x) | AF57: 6 | AM57: =SUM(AF57:AL57)+AT57+AV57+AX57 -> 6 | AR57: =SUM(AN57:AQ57) -> 0 | BA57: =+AR57+AS57+AU57+AW57+AY57+AZ57 -> 0 | BB57: 0
AD58: =+AM58+BA58 -> 2 | AE58: - Change Blade (1x) | AG58: 2 | AM58: =SUM(AF58:AL58)+AT58+AV58+AX58 -> 2 | AR58: =SUM(AN58:AQ58) -> 0 | BA58: =+AR58+AS58+AU58+AW58+AY58+AZ58 -> 0 | BC58: 5
AD59: =+AM59+BA59 -> 11 | AE59: - Cleaning | AH59: 11 | AM59: =SUM(AF59:AL59)+AT59+AV59+AX59 -> 11 | AR59: =SUM(AN59:AQ59) -> 0 | BA59: =+AR59+AS59+AU59+AW59+AY59+AZ59 -> 0
AD60: =+AM60+BA60 -> 370 | AE60: - 12.35 pm stop .dip trouble | AM60: =SUM(AF60:AL60)+AT60+AV60+AX60 -> 0 | AO60: =145+225 -> 370 | AR60: =SUM(AN60:AQ60) -> 370 | BA60: =+AR60+AS60+AU60+AW60+AY60+AZ60 -> 370 | BF60: 1
A62: 46003 | B62: Napkin | C62: =(M62*E62*O62*Q62)/100000000 -> 66.94873 | D62: RC HW | E62: 20 | F62: 1 | G62: 830 | H62: 0.14 | I62: 0.88 | J62: =E62*G62*(1-H62)*1440/1000000*3.4 -> 69.895296 | K62: =(IF(G62<L62,L62,G62)*(1-IF(H62<N62,H62,N62))*E62*O62*Q62)/100000000 -> 66.94873 | L62: 830 | M62: 713.8 | N62: =1-(M62/L62) -> 0.14 | O62: =+'Trim Rwd'!H37 -> 325.66667 | P62: =O62*(Q62-R62-S62) -> 451374 | Q62: 1440 | R62: 0 | S62: 54 | T62: =E62*M62*O62*Q62/100000000 -> 66.94873 | U62: =E62*M62*O62*(Q62-R62-S62)/100000000 -> 64.438152 | V62: =E62*G62*(1-N62)*O62/100*(R62+S62)/1000000 -> 2.5105774 | W62: =+'12'!K34/1000 -> 59.353 | X62: =SUM(W62:W65)/SUM(K62:K65) -> 0.88654408 | Y62: 0 | Z62: =+'12'!D34/1000 -> 0.82 | AA62: =SUM(U62:U65)-SUM(W62:W65)-SUM(Z62:Z65)-SUM(Y62:Y65) -> 4.2651522 | AB62: =(SUM(K62:K65)-SUM(W62:W65)-SUM(Y62:Y65)-SUM(Z62:Z65)-SUM(AC62:AC65)-SUM(V62:V65))-AA62 -> 0 | AC62: =K62-T62 -> 0 | AD62: =+AM62+BA62 -> 5 | AE62: - Sheet Breaks (1x) | AF62: 5 | AM62: =SUM(AF62:AL62)+AT62+AV62+AX62 -> 5 | AR62: =SUM(AN62:AQ62) -> 0 | BA62: =+AR62+AS62+AU62+AW62+AY62+AZ62 -> 0 | BB62: 1
AD63: =+AM63+BA63 -> 20 | AE63: - Change Blade (3x) | AG63: 20 | AM63: =SUM(AF63:AL63)+AT63+AV63+AX63 -> 20 | AR63: =SUM(AN63:AQ63) -> 0 | BA63: =+AR63+AS63+AU63+AW63+AY63+AZ63 -> 0 | BC63: 3
AD64: =+AM64+BA64 -> 19 | AE64: - Cleaning | AH64: 19 | AM64: =SUM(AF64:AL64)+AT64+AV64+AX64 -> 19 | AR64: =SUM(AN64:AQ64) -> 0 | BA64: =+AR64+AS64+AU64+AW64+AY64+AZ64 -> 0
AD65: =+AM65+BA65 -> 10 | AE65: - Change Grade | AI65: 10 | AM65: =SUM(AF65:AL65)+AT65+AV65+AX65 -> 10 | AR65: =SUM(AN65:AQ65) -> 0 | BA65: =+AR65+AS65+AU65+AW65+AY65+AZ65 -> 0
A67: 46004 | B67: Napkin | C67: =(M67*E67*O67*Q67)/100000000 -> 68.198112 | D67: RC HW | E67: 20 | F67: 1 | G67: 830 | H67: 0.1 | I67: 0.88 | J67: =E67*G67*(1-H67)*1440/1000000*3.4 -> 73.14624 | K67: =(IF(G67<L67,L67,G67)*(1-IF(H67<N67,H67,N67))*E67*O67*Q67)/100000000 -> 68.198112 | L67: 830 | M67: 747 | N67: =1-(M67/L67) -> 0.1 | O67: =+'Trim Rwd'!H40 -> 317 | P67: =O67*(Q67-R67-S67) -> 426048 | Q67: 1440 | R67: 30 | S67: 66 | T67: =E67*M67*O67*Q67/100000000 -> 68.198112 | U67: =E67*M67*O67*(Q67-R67-S67)/100000000 -> 63.651571 | V67: =E67*G67*(1-N67)*O67/100*(R67+S67)/1000000 -> 4.5465408 | W67: =+'13'!K34/1000 -> 57.132 | X67: =SUM(W67:W70)/SUM(K67:K70) -> 0.8377358 | Y67: 0 | Z67: =+'13'!D34/1000 -> 0.442 | AA67: =SUM(U67:U70)-SUM(W67:W70)-SUM(Z67:Z70)-SUM(Y67:Y70) -> 6.0775712 | AB67: =(SUM(K67:K70)-SUM(W67:W70)-SUM(Y67:Y70)-SUM(Z67:Z70)-SUM(AC67:AC70)-SUM(V67:V70))-AA67 -> 0 | AC67: =K67-T67 -> 0 | AD67: =+AM67+BA67 -> 4 | AE67: - Sheet Breaks (1x) | AF67: 4 | AM67: =SUM(AF67:AL67)+AT67+AV67+AX67 -> 4 | AR67: =SUM(AN67:AQ67) -> 0 | BA67: =+AR67+AS67+AU67+AW67+AY67+AZ67 -> 0 | BB67: 1
AD68: =+AM68+BA68 -> 15 | AE68: - Change Blade (3x) | AG68: 15 | AM68: =SUM(AF68:AL68)+AT68+AV68+AX68 -> 15 | AR68: =SUM(AN68:AQ68) -> 0 | BA68: =+AR68+AS68+AU68+AW68+AY68+AZ68 -> 0 | BC68: 3
AD69: =+AM69+BA69 -> 17 | AE69: - Cleaning | AH69: 17 | AM69: =SUM(AF69:AL69)+AT69+AV69+AX69 -> 17 | AR69: =SUM(AN69:AQ69) -> 0 | BA69: =+AR69+AS69+AU69+AW69+AY69+AZ69 -> 0
AD70: =+AM70+BA70 -> 30 | AE70: - 08.30 load unload thickling error sampai tikling trip sementara kWh di manual dulu sambil perbaikan, EID | AM70: =SUM(AF70:AL70)+AT70+AV70+AX70 -> 0 | AP70: 30 | AR70: =SUM(AN70:AQ70) -> 30 | BA70: =+AR70+AS70+AU70+AW70+AY70+AZ70 -> 30
AD71: =+AM71+BA71 -> 30 | AE71: - 17.00 - 17.30 pm tidak lancar kertas putus2 dari DS, ganti nozzle trim wire | AF71: 30 | AM71: =SUM(AF71:AL71)+AT71+AV71+AX71 -> 30 | AR71: =SUM(AN71:AQ71) -> 0 | BA71: =+AR71+AS71+AU71+AW71+AY71+AZ71 -> 0
A73: 46005 | B73: Napkin | C73: =(M73*E73*O73*Q73)/100000000 -> 68.589822 | D73: RC HW | E73: 20 | F73: 1 | G73: 830 | H73: 0.1 | I73: 0.88 | J73: =E73*G73*(1-H73)*1440/1000000*3.4 -> 73.14624 | K73: =(IF(G73<L73,L73,G73)*(1-IF(H73<N73,H73,N73))*E73*O73*Q73)/100000000 -> 68.589822 | L73: 830 | M73: 747 | N73: =1-(M73/L73) -> 0.1 | O73: =+'Trim Rwd'!H42 -> 318.82075 | P73: =O73*(Q73-R73-S73) -> 449218.44 | Q73: 1440 | R73: 0 | S73: 31 | T73: =E73*M73*O73*Q73/100000000 -> 68.589822 | U73: =E73*M73*O73*(Q73-R73-S73)/100000000 -> 67.113235 | V73: =E73*G73*(1-N73)*O73/100*(R73+S73)/1000000 -> 1.4765864 | W73: =+'14'!K34/1000 -> 66.549 | X73: =SUM(W73:W76)/SUM(K73:K76) -> 0.970246 | Y73: 0 | Z73: =+'14'!D34/1000 -> 0.23 | AA73: =SUM(U73:U76)-SUM(W73:W76)-SUM(Z73:Z76)-SUM(Y73:Y76) -> 0.33423544 | AB73: =(SUM(K73:K76)-SUM(W73:W76)-SUM(Y73:Y76)-SUM(Z73:Z76)-SUM(AC73:AC76)-SUM(V73:V76))-AA73 -> 1.687539e-14 | AC73: =K73-T73 -> 0 | AD73: =+AM73+BA73 -> 0 | AE73: - Sheet Breaks (0x) | AF73: 0 | AM73: =SUM(AF73:AL73)+AT73+AV73+AX73 -> 0 | AR73: =SUM(AN73:AQ73) -> 0 | BA73: =+AR73+AS73+AU73+AW73+AY73+AZ73 -> 0 | BB73: 0
AD74: =+AM74+BA74 -> 18 | AE74: - Change Blade (4x) | AG74: 18 | AM74: =SUM(AF74:AL74)+AT74+AV74+AX74 -> 18 | AR74: =SUM(AN74:AQ74) -> 0 | BA74: =+AR74+AS74+AU74+AW74+AY74+AZ74 -> 0 | BC74: 4
AD75: =+AM75+BA75 -> 13 | AE75: - Cleaning | AH75: 13 | AM75: =SUM(AF75:AL75)+AT75+AV75+AX75 -> 13 | AR75: =SUM(AN75:AQ75) -> 0 | BA75: =+AR75+AS75+AU75+AW75+AY75+AZ75 -> 0
A77: 46006 | B77: Napkin | C77: =(M77*E77*O77*Q77)/100000000 -> 69.273792 | D77: RC HW | E77: 20 | F77: 1 | G77: 830 | H77: 0.1 | I77: 0.88 | J77: =E77*G77*(1-H77)*1440/1000000*3.4 -> 73.14624 | K77: =(IF(G77<L77,L77,G77)*(1-IF(H77<N77,H77,N77))*E77*O77*Q77)/100000000 -> 69.273792 | L77: 830 | M77: 747 | N77: =1-(M77/L77) -> 0.1 | O77: =+'Trim Rwd'!H46 -> 322 | P77: =O77*(Q77-R77-S77) -> 454664 | Q77: 1440 | R77: 0 | S77: 28 | T77: =E77*M77*O77*Q77/100000000 -> 69.273792 | U77: =E77*M77*O77*(Q77-R77-S77)/100000000 -> 67.926802 | V77: =E77*G77*(1-N77)*O77/100*(R77+S77)/1000000 -> 1.3469904 | W77: =+'15'!K34/1000 -> 67.039 | X77: =SUM(W77:W80)/SUM(K77:K80) -> 0.96773972 | Y77: 0 | Z77: =+'15'!D34/1000 -> 0.2 | AA77: =SUM(U77:U80)-SUM(W77:W80)-SUM(Z77:Z80)-SUM(Y77:Y80) -> 0.6878016 | AB77: =(SUM(K77:K80)-SUM(W77:W80)-SUM(Y77:Y80)-SUM(Z77:Z80)-SUM(AC77:AC80)-SUM(V77:V80))-AA77 -> -4.6629367e-15 | AC77: =K77-T77 -> 0 | AD77: =+AM77+BA77 -> 0 | AE77: - Sheet Breaks (0x) | AF77: 0 | AM77: =SUM(AF77:AL77)+AT77+AV77+AX77 -> 0 | AR77: =SUM(AN77:AQ77) -> 0 | BA77: =+AR77+AS77+AU77+AW77+AY77+AZ77 -> 0 | BB77: 0
AD78: =+AM78+BA78 -> 17 | AE78: - Change Blade (4x) | AG78: 17 | AM78: =SUM(AF78:AL78)+AT78+AV78+AX78 -> 17 | AR78: =SUM(AN78:AQ78) -> 0 | BA78: =+AR78+AS78+AU78+AW78+AY78+AZ78 -> 0 | BC78: 4
AD79: =+AM79+BA79 -> 11 | AE79: - Cleaning | AH79: 11 | AM79: =SUM(AF79:AL79)+AT79+AV79+AX79 -> 11 | AR79: =SUM(AN79:AQ79) -> 0 | BA79: =+AR79+AS79+AU79+AW79+AY79+AZ79 -> 0
A81: 46007 | B81: Napkin | C81: =(M81*E81*O81*Q81)/100000000 -> 31.975869 | D81: RC HW | E81: 20 | F81: 1 | G81: 830 | H81: 0.1 | I81: 0.88 | J81: =E81*G81*(1-H81)*1440/1000000*3.4 -> 73.14624 | K81: =(IF(G81<L81,L81,G81)*(1-IF(H81<N81,H81,N81))*E81*O81*Q81)/100000000 -> 31.975869 | L81: 830 | M81: 747 | N81: =1-(M81/L81) -> 0.1 | O81: =+'Trim Rwd'!H50 -> 324.28571 | P81: =O81*(Q81-R81-S81) -> 209164.29 | Q81: 660 | R81: 0 | S81: 15 | T81: =E81*M81*O81*Q81/100000000 -> 31.975869 | U81: =E81*M81*O81*(Q81-R81-S81)/100000000 -> 31.249144 | V81: =E81*G81*(1-N81)*O81/100*(R81+S81)/1000000 -> 0.72672429 | W81: =+'16'!K14/1000 -> 37.482 | X81: =SUM(W81:W84)/SUM(K81:K84) -> 0.98089678 | Y81: 0 | Z81: =+'16'!D34/1000 -> 1.408 | AA81: =SUM(U81:U84)-SUM(W81:W84)-SUM(Z81:Z84)-SUM(Y81:Y84) -> -1.5690874 | AB81: =(SUM(K81:K84)-SUM(W81:W84)-SUM(Y81:Y84)-SUM(Z81:Z84)-SUM(AC81:AC84)-SUM(V81:V84))-AA81 -> -1.1990409e-14 | AC81: =K81-T81 -> 0 | AD81: =+AM81+BA81 -> 2 | AE81: - Sheet Breaks (1x) | AF81: 2 | AM81: =SUM(AF81:AL81)+AT81+AV81+AX81 -> 2 | AR81: =SUM(AN81:AQ81) -> 0 | BA81: =+AR81+AS81+AU81+AW81+AY81+AZ81 -> 0 | BB81: 1
B82: Napkin | C82: =(M82*E82*O82*Q82)/100000000 -> 32.069606 | D82: RC HW | E82: 18 | F82: 1 | G82: 830 | H82: 0.14 | I82: 0.88 | J82: =E82*G82*(1-H82)*1440/1000000*3.4 -> 62.905766 | K82: =(IF(G82<L82,L82,G82)*(1-IF(H82<N82,H82,N82))*E82*O82*Q82)/100000000 -> 32.069606 | L82: 830 | M82: =+L82-L82*0.14 -> 713.8 | N82: =1-(M82/L82) -> 0.14 | O82: =+'Trim Rwd'!H52 -> 320 | P82: =O82*(Q82-R82-S82) -> 244480 | Q82: 780 | R82: 0 | S82: 16 | T82: =E82*M82*O82*Q82/100000000 -> 32.069606 | U82: =E82*M82*O82*(Q82-R82-S82)/100000000 -> 31.411768 | V82: =E82*G82*(1-N82)*O82/100*(R82+S82)/1000000 -> 0.65783808 | W82: =+'16'!K15/1000 -> 25.34 | AC82: =K82-T82 -> 0 | AD82: =+AM82+BA82 -> 14 | AE82: - Change Blade (3x) | AG82: 14 | AM82: =SUM(AF82:AL82)+AT82+AV82+AX82 -> 14 | AR82: =SUM(AN82:AQ82) -> 0 | BA82: =+AR82+AS82+AU82+AW82+AY82+AZ82 -> 0 | BC82: 3
AD83: =+AM83+BA83 -> 12 | AE83: - Cleaning | AH83: 12 | AM83: =SUM(AF83:AL83)+AT83+AV83+AX83 -> 12 | AR83: =SUM(AN83:AQ83) -> 0 | BA83: =+AR83+AS83+AU83+AW83+AY83+AZ83 -> 0
AD84: =+AM84+BA84 -> 3 | AE84: - Change Grade | AI84: 3 | AM84: =SUM(AF84:AL84)+AT84+AV84+AX84 -> 3 | AR84: =SUM(AN84:AQ84) -> 0 | BA84: =+AR84+AS84+AU84+AW84+AY84+AZ84 -> 0
A86: 46008 | B86: Napkin | C86: =(M86*E86*O86*Q86)/100000000 -> 21.379738 | D86: RC HW | E86: 18 | F86: 1 | G86: 830 | H86: 0.14 | I86: 0.88 | J86: =E86*G86*(1-H86)*1440/1000000*3.4 -> 62.905766 | K86: =(IF(G86<L86,L86,G86)*(1-IF(H86<N86,H86,N86))*E86*O86*Q86)/100000000 -> 21.379738 | L86: 830 | M86: =+L86-L86*0.14 -> 713.8 | N86: =1-(M86/L86) -> 0.14 | O86: =+'Trim Rwd'!H54 -> 320 | P86: =O86*(Q86-R86-S86) -> 163520 | Q86: 520 | R86: 0 | S86: 9 | T86: =E86*M86*O86*Q86/100000000 -> 21.379738 | U86: =E86*M86*O86*(Q86-R86-S86)/100000000 -> 21.009704 | V86: =E86*G86*(1-N86)*O86/100*(R86+S86)/1000000 -> 0.37003392 | W86: =+'17'!K15/1000 -> 25.317 | X86: =SUM(W86:W89)/SUM(K86:K89) -> 0.97458325 | Y86: 0 | Z86: 0 | AA86: =SUM(U86:U89)-SUM(W86:W89)-SUM(Z86:Z89)-SUM(Y86:Y89) -> 0.68980916 | AB86: =(SUM(K86:K89)-SUM(W86:W89)-SUM(Y86:Y89)-SUM(Z86:Z89)-SUM(AC86:AC89)-SUM(V86:V89))-AA86 -> -7.6605389e-15 | AC86: =K86-T86 -> 0 | AD86: =+AM86+BA86 -> 1 | AE86: - Sheet Breaks (1x) | AF86: 1 | AM86: =SUM(AF86:AL86)+AT86+AV86+AX86 -> 1 | AR86: =SUM(AN86:AQ86) -> 0 | BA86: =+AR86+AS86+AU86+AW86+AY86+AZ86 -> 0 | BB86: 1
B87: Towel | C87: =(M87*E87*O87*Q87)/100000000 -> 35.500986 | D87: RC HW | E87: 17 | F87: 1 | G87: 830 | H87: 0.14 | I87: 0.88 | J87: =E87*G87*(1-H87)*1440/1000000*3.4 -> 59.411002 | K87: =(IF(G87<L87,L87,G87)*(1-IF(H87<N87,H87,N87))*E87*O87*Q87)/100000000 -> 35.500986 | L87: 830 | M87: =+L87-L87*0.14 -> 713.8 | N87: =1-(M87/L87) -> 0.14 | O87: =+'Trim Rwd'!H55 -> 318 | P87: =O87*(Q87-R87-S87) -> 289380 | Q87: 920 | R87: 0 | S87: 10 | T87: =E87*M87*O87*Q87/100000000 -> 35.500986 | U87: =E87*M87*O87*(Q87-R87-S87)/100000000 -> 35.115105 | V87: =E87*G87*(1-N87)*O87/100*(R87+S87)/1000000 -> 0.38588028 | W87: =+'17'!K10/1000 -> 30.118 | AD87: =+AM87+BA87 -> 10 | AE87: - Change Blade (3x) | AG87: 10 | AM87: =SUM(AF87:AL87)+AT87+AV87+AX87 -> 10 | AR87: =SUM(AN87:AQ87) -> 0 | BA87: =+AR87+AS87+AU87+AW87+AY87+AZ87 -> 0 | BC87: 3
AD88: =+AM88+BA88 -> 8 | AE88: - Cleaning | AH88: 8 | AM88: =SUM(AF88:AL88)+AT88+AV88+AX88 -> 8 | AR88: =SUM(AN88:AQ88) -> 0 | BA88: =+AR88+AS88+AU88+AW88+AY88+AZ88 -> 0
A90: 46009 | B90: Towel | C90: =(M90*E90*O90*Q90)/100000000 -> 30.13725 | D90: RC HW | E90: 17 | F90: 1 | G90: 830 | H90: 0.14 | I90: 0.88 | J90: =E90*G90*(1-H90)*1440/1000000*3.4 -> 59.411002 | K90: =(IF(G90<L90,L90,G90)*(1-IF(H90<N90,H90,N90))*E90*O90*Q90)/100000000 -> 30.13725 | L90: 830 | M90: =+L90-L90*0.14 -> 713.8 | N90: =1-(M90/L90) -> 0.14 | O90: =+'Trim Rwd'!H57 -> 318 | P90: =O90*(Q90-R90-S90) -> 244860 | Q90: 781 | R90: 0 | S90: 11 | T90: =E90*M90*O90*Q90/100000000 -> 30.13725 | U90: =E90*M90*O90*(Q90-R90-S90)/100000000 -> 29.712782 | V90: =E90*G90*(1-N90)*O90/100*(R90+S90)/1000000 -> 0.42446831 | W90: =+'18'!K10/1000 -> 29.06 | X90: =SUM(W90:W93)/SUM(K90:K93) -> 0.83650677 | Y90: 0 | Z90: 0 | AA90: =SUM(U90:U93)-SUM(W90:W93)-SUM(Z90:Z93)-SUM(Y90:Y93) -> 4.5163252 | AB90: =(SUM(K90:K93)-SUM(W90:W93)-SUM(Y90:Y93)-SUM(Z90:Z93)-SUM(AC90:AC93)-SUM(V90:V93))-AA90 -> 0 | AC90: =K90-T90 -> 0 | AD90: =+AM90+BA90 -> 0 | AE90: - Sheet Breaks (0x) | AF90: 0 | AM90: =SUM(AF90:AL90)+AT90+AV90+AX90 -> 0 | AR90: =SUM(AN90:AQ90) -> 0 | BA90: =+AR90+AS90+AU90+AW90+AY90+AZ90 -> 0 | BB90: 0
B91: Napkin | C91: =(M91*E91*O91*Q91)/100000000 -> 14.962818 | D91: RC HW | E91: 15.5 | F91: 1 | G91: 830 | H91: 0.14 | I91: 0.88 | J91: =E91*G91*(1-H91)*1440/1000000*3.4 -> 54.168854 | K91: =(IF(G91<L91,L91,G91)*(1-IF(H91<N91,H91,N91))*E91*O91*Q91)/100000000 -> 14.962818 | L91: 830 | M91: =+L91-L91*0.14 -> 713.8 | N91: =1-(M91/L91) -> 0.14 | O91: =+'Trim Rwd'!H58 -> 322 | P91: =O91*(Q91-R91-S91) -> 110768 | Q91: =355+65 -> 420 | R91: 65 | S91: 11 | T91: =E91*M91*O91*Q91/100000000 -> 14.962818 | U91: =E91*M91*O91*(Q91-R91-S91)/100000000 -> 12.255261 | V91: =E91*G91*(1-N91)*O91/100*(R91+S91)/1000000 -> 2.7075576 | W91: =+'18'!K11/1000 -> 10.277 | Z91: =+'18'!D34/1000 -> 0.979 | AC91: =K91-T91 -> 0 | AD91: =+AM91+BA91 -> 11 | AE91: - Change Blade (3x) | AG91: 11 | AM91: =SUM(AF91:AL91)+AT91+AV91+AX91 -> 11 | AR91: =SUM(AN91:AQ91) -> 0 | BA91: =+AR91+AS91+AU91+AW91+AY91+AZ91 -> 0 | BC91: 3
B92: Towel | C92: =(M92*E92*O92*Q92)/100000000 -> 9.6430633 | D92: RC HW | E92: 17.5 | F92: 1 | G92: 830 | H92: 0.14 | I92: 0.88 | J92: =E92*G92*(1-H92)*1440/1000000*3.4 -> 61.158384 | K92: =(IF(G92<L92,L92,G92)*(1-IF(H92<N92,H92,N92))*E92*O92*Q92)/100000000 -> 9.6430633 | L92: 830 | M92: =+L92-L92*0.14 -> 713.8 | N92: =1-(M92/L92) -> 0.14 | O92: =+'Trim Rwd'!H59 -> 323 | P92: =O92*(Q92-R92-S92) -> 74613 | Q92: 239 | R92: 0 | S92: 8 | T92: =E92*M92*O92*Q92/100000000 -> 9.6430633 | U92: =E92*M92*O92*(Q92-R92-S92)/100000000 -> 9.3202829 | V92: =E92*G92*(1-N92)*O92/100*(R92+S92)/1000000 -> 0.32278036 | W92: =+'18'!K16/1000 -> 6.456 | AC92: =K92-T92 -> 0 | AD92: =+AM92+BA92 -> 11 | AE92: - Cleaning | AH92: 11 | AM92: =SUM(AF92:AL92)+AT92+AV92+AX92 -> 11 | AR92: =SUM(AN92:AQ92) -> 0 | BA92: =+AR92+AS92+AU92+AW92+AY92+AZ92 -> 0
AD93: =+AM93+BA93 -> 8 | AE93: - Change Grade | AI93: 8 | AM93: =SUM(AF93:AL93)+AT93+AV93+AX93 -> 8 | AR93: =SUM(AN93:AQ93) -> 0 | BA93: =+AR93+AS93+AU93+AW93+AY93+AZ93 -> 0
AD94: =+AM94+BA94 -> 65 | AE94: - 08.35 - 09.40 PM Stop (Hole) cleaning felt menggunakn xyline + solar | AM94: =SUM(AF94:AL94)+AT94+AV94+AX94 -> 0 | AN94: 65 | AR94: =SUM(AN94:AQ94) -> 65 | BA94: =+AR94+AS94+AU94+AW94+AY94+AZ94 -> 65 | BF94: 1
A96: 46010 | B96: Towel | C96: =(M96*E96*O96*Q96)/100000000 -> 0.60521318 | D96: RC HW | E96: 17.5 | F96: 1 | G96: 830 | H96: 0.14 | I96: 0.88 | J96: =E96*G96*(1-H96)*1440/1000000*3.4 -> 61.158384 | K96: =(IF(G96<L96,L96,G96)*(1-IF(H96<N96,H96,N96))*E96*O96*Q96)/100000000 -> 0.60521318 | L96: 830 | M96: =+L96-L96*0.14 -> 713.8 | N96: =1-(M96/L96) -> 0.14 | O96: =+'Trim Rwd'!H61 -> 323 | P96: =O96*(Q96-R96-S96) -> 4845 | Q96: 15 | R96: 0 | S96: 0 | T96: =E96*M96*O96*Q96/100000000 -> 0.60521318 | U96: =E96*M96*O96*(Q96-R96-S96)/100000000 -> 0.60521318 | V96: =E96*G96*(1-N96)*O96/100*(R96+S96)/1000000 -> 0 | W96: =+'19'!K16/1000 -> 5.081 | X96: =SUM(W96:W99)/SUM(K96:K99) -> 0.97205498 | Y96: 0 | Z96: 0 | AA96: =SUM(U96:U99)-SUM(W96:W99)-SUM(Z96:Z99)-SUM(Y96:Y99) -> 0.73707386 | AB96: =(SUM(K96:K99)-SUM(W96:W99)-SUM(Y96:Y99)-SUM(Z96:Z99)-SUM(AC96:AC99)-SUM(V96:V99))-AA96 -> 0.071565398 | AC96: =K96-T96 -> 0 | AD96: =+AM96+BA96 -> 0 | AE96: - Sheet Breaks (0x) | AF96: 0 | AM96: =SUM(AF96:AL96)+AT96+AV96+AX96 -> 0 | AR96: =SUM(AN96:AQ96) -> 0 | BA96: =+AR96+AS96+AU96+AW96+AY96+AZ96 -> 0 | BB96: 0
B97: Towel | C97: =(M97*E97*O97*Q97)/100000000 -> 69.238572 | D97: RC HW | E97: 22 | F97: 1 | G97: 760 | H97: 0.14 | I97: 0.88 | J97: =E97*G97*(1-H97)*1440/1000000*3.4 -> 70.400563 | K97: =(IF(G97<L97,L97,G97)*(1-IF(H97<N97,H97,N97))*E97*O97*Q97)/100000000 -> 69.238572 | L97: 807.57895 | M97: 694.51789 | N97: =1-(M97/L97) -> 0.14 | O97: =+'Trim Rwd'!H62 -> 318 | P97: =O97*(Q97-R97-S97) -> 445200 | Q97: 1425 | R97: 0 | S97: 25 | T97: =E97*M97*O97*Q97/100000000 -> 69.238572 | U97: =E97*M97*O97*(Q97-R97-S97)/100000000 -> 68.023861 | V97: =E97*G97*(1-N97)*O97/100*(R97+S97)/1000000 -> 1.1431464 | W97: =+'19'!K17/1000 -> 62.811 | Z97: 0 | AC97: =K97-T97 -> 0 | AD97: =+AM97+BA97 -> 9 | AE97: - Change Blade (2x) | AG97: 9 | AM97: =SUM(AF97:AL97)+AT97+AV97+AX97 -> 9 | AR97: =SUM(AN97:AQ97) -> 0 | BA97: =+AR97+AS97+AU97+AW97+AY97+AZ97 -> 0 | BC97: 2
AD98: =+AM98+BA98 -> 11 | AE98: - Cleaning | AH98: 11 | AM98: =SUM(AF98:AL98)+AT98+AV98+AX98 -> 11 | AR98: =SUM(AN98:AQ98) -> 0 | BA98: =+AR98+AS98+AU98+AW98+AY98+AZ98 -> 0
AD99: =+AM99+BA99 -> 5 | AE99: - Change Grade | AI99: 5 | AM99: =SUM(AF99:AL99)+AT99+AV99+AX99 -> 5 | AR99: =SUM(AN99:AQ99) -> 0 | BA99: =+AR99+AS99+AU99+AW99+AY99+AZ99 -> 0
A101: 46011 | B101: Towel | C101: =(M101*E101*O101*Q101)/100000000 -> 33.139212 | D101: RC HW | E101: 22 | F101: 1 | G101: 760 | H101: 0.14 | I101: 0.88 | J101: =E101*G101*(1-H101)*1440/1000000*3.4 -> 70.400563 | K101: =(IF(G101<L101,L101,G101)*(1-IF(H101<N101,H101,N101))*E101*O101*Q101)/100000000 -> 33.139212 | L101: 810 | M101: =+L101-L101*0.14 -> 696.6 | N101: =1-(M101/L101) -> 0.14 | O101: =+'Trim Rwd'!H64 -> 318 | P101: =O101*(Q101-R101-S101) -> 213378 | Q101: 680 | R101: 0 | S101: 9 | T101: =E101*M101*O101*Q101/100000000 -> 33.139212 | U101: =E101*M101*O101*(Q101-R101-S101)/100000000 -> 32.700605 | V101: =E101*G101*(1-N101)*O101/100*(R101+S101)/1000000 -> 0.4115327 | W101: =+'20'!K17/1000 -> 37.39 | X101: =SUM(W101:W104)/SUM(K101:K104) -> 0.96876695 | Y101: 0 | Z101: 0 | AA101: =SUM(U101:U104)-SUM(W101:W104)-SUM(Z101:Z104)-SUM(Y101:Y104) -> 1.2551078 | AB101: =(SUM(K101:K104)-SUM(W101:W104)-SUM(Y101:Y104)-SUM(Z101:Z104)-SUM(AC101:AC104)-SUM(V101:V104))-AA101 -> 0.05322834 | AC101: =K101-T101 -> 0 | AD101: =+AM101+BA101 -> 0 | AE101: - Sheet Breaks (0x) | AF101: 0 | AM101: =SUM(AF101:AL101)+AT101+AV101+AX101 -> 0 | AR101: =SUM(AN101:AQ101) -> 0 | BA101: =+AR101+AS101+AU101+AW101+AY101+AZ101 -> 0 | BB101: 0
B102: Towel | C102: =(M102*E102*O102*Q102)/100000000 -> 36.440989 | D102: RC HW | E102: 31.5 | F102: 1 | G102: 520 | H102: 0.12 | I102: 0.88 | J102: =E102*G102*(1-H102)*1440/1000000*3.4 -> 70.572902 | K102: =(IF(G102<L102,L102,G102)*(1-IF(H102<N102,H102,N102))*E102*O102*Q102)/100000000 -> 36.440989 | L102: 550 | M102: =+L102-L102*0.12 -> 484 | N102: =1-(M102/L102) -> 0.12 | O102: =+'Trim Rwd'!H65 -> 314.5 | P102: =O102*(Q102-R102-S102) -> 235875 | Q102: 760 | R102: 0 | S102: 10 | T102: =E102*M102*O102*Q102/100000000 -> 36.440989 | U102: =E102*M102*O102*(Q102-R102-S102)/100000000 -> 35.961503 | V102: =E102*G102*(1-N102)*O102/100*(R102+S102)/1000000 -> 0.45333288 | W102: =+'20'!K18/1000 -> 30.017 | Z102: 0 | AC102: =K102-T102 -> 0 | AD102: =+AM102+BA102 -> 7 | AE102: - Change Blade (3x) | AG102: 7 | AM102: =SUM(AF102:AL102)+AT102+AV102+AX102 -> 7 | AR102: =SUM(AN102:AQ102) -> 0 | BA102: =+AR102+AS102+AU102+AW102+AY102+AZ102 -> 0 | BC102: 3
AD103: =+AM103+BA103 -> 7 | AE103: - Cleaning | AH103: 7 | AM103: =SUM(AF103:AL103)+AT103+AV103+AX103 -> 7 | AR103: =SUM(AN103:AQ103) -> 0 | BA103: =+AR103+AS103+AU103+AW103+AY103+AZ103 -> 0
AD104: =+AM104+BA104 -> 5 | AE104: - Change Grade | AI104: 5 | AM104: =SUM(AF104:AL104)+AT104+AV104+AX104 -> 5 | AR104: =SUM(AN104:AQ104) -> 0 | BA104: =+AR104+AS104+AU104+AW104+AY104+AZ104 -> 0
A106: 46012 | B106: Towel | C106: =(M106*E106*O106*Q106)/100000000 -> 71.1497 | D106: RC HW | E106: 31.5 | F106: 1 | G106: 520 | H106: 0.12 | I106: 0.88 | J106: =E106*G106*(1-H106)*1440/1000000*3.4 -> 70.572902 | K106: =(IF(G106<L106,L106,G106)*(1-IF(H106<N106,H106,N106))*E106*O106*Q106)/100000000 -> 71.1497 | L106: 550 | M106: =+L106-L106*0.12 -> 484 | N106: =1-(M106/L106) -> 0.12 | O106: =+'Trim Rwd'!H67 -> 324.08182 | P106: =O106*(Q106-R106-S106) -> 454686.79 | Q106: 1440 | R106: 0 | S106: 37 | T106: =E106*M106*O106*Q106/100000000 -> 71.1497 | U106: =E106*M106*O106*(Q106-R106-S106)/100000000 -> 69.321548 | V106: =E106*G106*(1-N106)*O106/100*(R106+S106)/1000000 -> 1.7284346 | W106: =+'21'!K34/1000 -> 67.567 | X106: =SUM(W106:W109)/SUM(K106:K109) -> 0.9496456 | Y106: 0 | Z106: =+'21'!D34/1000 -> 1.45 | AA106: =SUM(U106:U109)-SUM(W106:W109)-SUM(Z106:Z109)-SUM(Y106:Y109) -> 0.30454814 | AB106: =(SUM(K106:K109)-SUM(W106:W109)-SUM(Y106:Y109)-SUM(Z106:Z109)-SUM(AC106:AC109)-SUM(V106:V109))-AA106 -> 0.099717383 | AC106: =K106-T106 -> 0 | AD106: =+AM106+BA106 -> 4 | AE106: - Sheet Breaks (1x) | AF106: 4 | AM106: =SUM(AF106:AL106)+AT106+AV106+AX106 -> 4 | AR106: =SUM(AN106:AQ106) -> 0 | BA106: =+AR106+AS106+AU106+AW106+AY106+AZ106 -> 0 | BB106: 1
AD107: =+AM107+BA107 -> 20 | AE107: - Change Blade (4x) | AG107: 20 | AM107: =SUM(AF107:AL107)+AT107+AV107+AX107 -> 20 | AR107: =SUM(AN107:AQ107) -> 0 | BA107: =+AR107+AS107+AU107+AW107+AY107+AZ107 -> 0 | BC107: 4
AD108: =+AM108+BA108 -> 13 | AE108: - Cleaning | AH108: 13 | AM108: =SUM(AF108:AL108)+AT108+AV108+AX108 -> 13 | AR108: =SUM(AN108:AQ108) -> 0 | BA108: =+AR108+AS108+AU108+AW108+AY108+AZ108 -> 0
A110: 46013 | B110: Towel | C110: =(M110*E110*O110*Q110)/100000000 -> 10.069221 | D110: RC HW | E110: 31.5 | F110: 1 | G110: 520 | H110: 0.12 | I110: 0.88 | J110: =E110*G110*(1-H110)*1440/1000000*3.4 -> 70.572902 | K110: =(IF(G110<L110,L110,G110)*(1-IF(H110<N110,H110,N110))*E110*O110*Q110)/100000000 -> 10.069221 | L110: 550 | M110: =+L110-L110*0.12 -> 484 | N110: =1-(M110/L110) -> 0.12 | O110: =+'Trim Rwd'!H70 -> 314.5 | P110: =O110*(Q110-R110-S110) -> 64787 | Q110: 210 | R110: 0 | S110: 4 | T110: =E110*M110*O110*Q110/100000000 -> 10.069221 | U110: =E110*M110*O110*(Q110-R110-S110)/100000000 -> 9.877426 | V110: =E110*G110*(1-N110)*O110/100*(R110+S110)/1000000 -> 0.18133315 | W110: =+'22'!K18/1000 -> 10.815 | X110: =SUM(W110:W113)/SUM(K110:K113) -> 0.96153221 | Y110: 0 | Z110: =+'22'!D7/1000 -> 0.6 | AA110: =SUM(U110:U113)-SUM(W110:W113)-SUM(Z110:Z113)-SUM(Y110:Y113) -> 1.4919095 | AB110: =(SUM(K110:K113)-SUM(W110:W113)-SUM(Y110:Y113)-SUM(Z110:Z113)-SUM(AC110:AC113)-SUM(V110:V113))-AA110 -> 0.077298364 | AC110: =K110-T110 -> 0 | AD110: =+AM110+BA110 -> 0 | AE110: - Sheet Breaks (0x) | AF110: 0 | AM110: =SUM(AF110:AL110)+AT110+AV110+AX110 -> 0 | AR110: =SUM(AN110:AQ110) -> 0 | BA110: =+AR110+AS110+AU110+AW110+AY110+AZ110 -> 0 | BB110: 0
B111: Towel | C111: =(M111*E111*O111*Q111)/100000000 -> 9.6521216 | D111: RC HW | E111: 32 | F111: 1 | G111: 510 | H111: 0.12 | I111: 0.88 | J111: =E111*G111*(1-H111)*1440/1000000*3.4 -> 70.314394 | K111: =(IF(G111<L111,L111,G111)*(1-IF(H111<N111,H111,N111))*E111*O111*Q111)/100000000 -> 9.6521216 | L111: 550 | M111: =+L111-L111*0.12 -> 484 | N111: =1-(M111/L111) -> 0.12 | O111: =+'Trim Rwd'!H71 -> 328 | P111: =O111*(Q111-R111-S111) -> 61008 | Q111: 190 | R111: 0 | S111: 4 | T111: =E111*M111*O111*Q111/100000000 -> 9.6521216 | U111: =E111*M111*O111*(Q111-R111-S111)/100000000 -> 9.448919 | V111: =E111*G111*(1-N111)*O111/100*(R111+S111)/1000000 -> 0.18842419 | W111: =+'22'!K19/1000 -> 12.437 | AC111: =K111-T111 -> 0 | AD111: =+AM111+BA111 -> 2 | AE111: - Change Blade (1x) | AG111: 2 | AM111: =SUM(AF111:AL111)+AT111+AV111+AX111 -> 2 | AR111: =SUM(AN111:AQ111) -> 0 | BA111: =+AR111+AS111+AU111+AW111+AY111+AZ111 -> 0 | BC111: 1
B112: Towel | C112: =(M112*E112*O112*Q112)/100000000 -> 10.328318 | D112: RC HW | E112: 33.5 | F112: 1 | G112: 485 | H112: 0.12 | I112: 0.88 | J112: =E112*G112*(1-H112)*1440/1000000*3.4 -> 70.002029 | K112: =(IF(G112<L112,L112,G112)*(1-IF(H112<N112,H112,N112))*E112*O112*Q112)/100000000 -> 10.328318 | L112: 550 | M112: =+L112-L112*0.12 -> 484 | N112: =1-(M112/L112) -> 0.12 | O112: =+'Trim Rwd'!H72 -> 318.5 | P112: =O112*(Q112-R112-S112) -> 62426 | Q112: 200 | R112: 0 | S112: 4 | T112: =E112*M112*O112*Q112/100000000 -> 10.328318 | U112: =E112*M112*O112*(Q112-R112-S112)/100000000 -> 10.121752 | V112: =E112*G112*(1-N112)*O112/100*(R112+S112)/1000000 -> 0.18215397 | W112: =+'22'!K20/1000 -> 9.545 | AC112: =K112-T112 -> 0 | AD112: =+AM112+BA112 -> 9 | AE112: - Cleaning | AH112: 9 | AM112: =SUM(AF112:AL112)+AT112+AV112+AX112 -> 9 | AR112: =SUM(AN112:AQ112) -> 0 | BA112: =+AR112+AS112+AU112+AW112+AY112+AZ112 -> 0
B113: Towel | C113: =(M113*E113*O113*Q113)/100000000 -> 45.616032 | D113: RC HW | E113: 34 | F113: 1 | G113: 480 | H113: 0.12 | I113: 0.88 | J113: =E113*G113*(1-H113)*1440/1000000*3.4 -> 70.314394 | K113: =(IF(G113<L113,L113,G113)*(1-IF(H113<N113,H113,N113))*E113*O113*Q113)/100000000 -> 45.616032 | L113: 550 | M113: =+L113-L113*0.12 -> 484 | N113: =1-(M113/L113) -> 0.12 | O113: =+'Trim Rwd'!H73 -> 330 | P113: =O113*(Q113-R113-S113) -> 275880 | Q113: 840 | R113: 0 | S113: 4 | T113: =E113*M113*O113*Q113/100000000 -> 45.616032 | U113: =E113*M113*O113*(Q113-R113-S113)/100000000 -> 45.398813 | V113: =E113*G113*(1-N113)*O113/100*(R113+S113)/1000000 -> 0.18957312 | W113: =+'22'!K21/1000 -> 39.958 | AC113: =K113-T113 -> 0 | AD113: =+AM113+BA113 -> 5 | AE113: - Change Grade | AI113: 5 | AM113: =SUM(AF113:AL113)+AT113+AV113+AX113 -> 5 | AR113: =SUM(AN113:AQ113) -> 0 | BA113: =+AR113+AS113+AU113+AW113+AY113+AZ113 -> 0
A115: 46014 | B115: Towel | C115: =(M115*E115*O115*Q115)/100000000 -> 78.118243 | D115: RC HW | E115: 34 | F115: 1 | G115: 480 | H115: 0.12 | I115: 0.88 | J115: =E115*G115*(1-H115)*1440/1000000*3.4 -> 70.314394 | K115: =(IF(G115<L115,L115,G115)*(1-IF(H115<N115,H115,N115))*E115*O115*Q115)/100000000 -> 78.118243 | L115: 550 | M115: =+L115-L115*0.12 -> 484 | N115: =1-(M115/L115) -> 0.12 | O115: =+'Trim Rwd'!H75 -> 329.65957 | P115: =O115*(Q115-R115-S115) -> 468446.26 | Q115: 1440 | R115: 0 | S115: 19 | T115: =E115*M115*O115*Q115/100000000 -> 78.118243 | U115: =E115*M115*O115*(Q115-R115-S115)/100000000 -> 77.087516 | V115: =E115*G115*(1-N115)*O115/100*(R115+S115)/1000000 -> 0.8995434 | W115: =+'23'!K21/1000 -> 75.752 | X115: =SUM(W115:W118)/SUM(K115:K118) -> 0.96970947 | Y115: 0 | Z115: =+'23'!D25/1000 -> 0.22 | AA115: =SUM(U115:U118)-SUM(W115:W118)-SUM(Z115:Z118)-SUM(Y115:Y118) -> 1.1155158 | AB115: =(SUM(K115:K118)-SUM(W115:W118)-SUM(Y115:Y118)-SUM(Z115:Z118)-SUM(AC115:AC118)-SUM(V115:V118))-AA115 -> 0.13118341 | AC115: =K115-T115 -> 0 | AD115: =+AM115+BA115 -> 0 | AE115: - Sheet Breaks (0x) | AF115: 0 | AM115: =SUM(AF115:AL115)+AT115+AV115+AX115 -> 0 | AR115: =SUM(AN115:AQ115) -> 0 | BA115: =+AR115+AS115+AU115+AW115+AY115+AZ115 -> 0 | BB115: 1
AD116: =+AM116+BA116 -> 5 | AE116: - Change Blade (1x) | AG116: 5 | AM116: =SUM(AF116:AL116)+AT116+AV116+AX116 -> 5 | AR116: =SUM(AN116:AQ116) -> 0 | BA116: =+AR116+AS116+AU116+AW116+AY116+AZ116 -> 0 | BC116: 4
AD117: =+AM117+BA117 -> 14 | AE117: - Cleaning | AH117: 14 | AM117: =SUM(AF117:AL117)+AT117+AV117+AX117 -> 14 | AR117: =SUM(AN117:AQ117) -> 0 | BA117: =+AR117+AS117+AU117+AW117+AY117+AZ117 -> 0
A119: 46015 | B119: Towel | C119: =(M119*E119*O119*Q119)/100000000 -> 32.443004 | D119: RC HW | E119: 34 | F119: 1 | G119: 480 | H119: 0.12 | I119: 0.88 | J119: =E119*G119*(1-H119)*1440/1000000*3.4 -> 70.314394 | K119: =(IF(G119<L119,L119,G119)*(1-IF(H119<N119,H119,N119))*E119*O119*Q119)/100000000 -> 32.443004 | L119: 550 | M119: 484 | N119: =1-(M119/L119) -> 0.12 | O119: =+'Trim Rwd'!H79 -> 328.58333 | P119: =O119*(Q119-R119-S119) -> 194521.33 | Q119: 600 | R119: 0 | S119: 8 | T119: =E119*M119*O119*Q119/100000000 -> 32.443004 | U119: =E119*M119*O119*(Q119-R119-S119)/100000000 -> 32.010431 | V119: =E119*G119*(1-N119)*O119/100*(R119+S119)/1000000 -> 0.37751859 | W119: =+'24'!K21/1000 -> 39.567 | X119: =SUM(W119:W122)/SUM(K119:K122) -> 0.98974383 | Y119: 0 | Z119: =+'24'!D7/1000 -> 0.3 | AA119: =SUM(U119:U122)-SUM(W119:W122)-SUM(Z119:Z122)-SUM(Y119:Y122) -> -0.4715245 | AB119: =(SUM(K119:K122)-SUM(W119:W122)-SUM(Y119:Y122)-SUM(Z119:Z122)-SUM(AC119:AC122)-SUM(V119:V122))-AA119 -> 0.12343018 | AC119: =K119-T119 -> 0 | AD119: =+AM119+BA119 -> 2 | AE119: - Sheet Breaks (0x) | AF119: 2 | AM119: =SUM(AF119:AL119)+AT119+AV119+AX119 -> 2 | AR119: =SUM(AN119:AQ119) -> 0 | BA119: =+AR119+AS119+AU119+AW119+AY119+AZ119 -> 0 | BB119: 1
B120: Towel | C120: =(M120*E120*O120*Q120)/100000000 -> 43.486744 | D120: RC HW | E120: 35.35 | F120: 1 | G120: 460 | H120: 0.12 | I120: 0.88 | J120: =E120*G120*(1-H120)*1440/1000000*3.4 -> 70.060193 | K120: =(IF(G120<L120,L120,G120)*(1-IF(H120<N120,H120,N120))*E120*O120*Q120)/100000000 -> 43.486744 | L120: 530 | M120: 466.4 | N120: =1-(M120/L120) -> 0.12 | O120: =+'Trim Rwd'!H82 -> 314 | P120: =O120*(Q120-R120-S120) -> 260620 | Q120: 840 | R120: 0 | S120: 10 | T120: =E120*M120*O120*Q120/100000000 -> 43.486744 | U120: =E120*M120*O120*(Q120-R120-S120)/100000000 -> 42.969045 | V120: =E120*G120*(1-N120)*O120/100*(R120+S120)/1000000 -> 0.44932395 | W120: =+'24'!K22/1000 -> 35.584 | AC120: =K120-T120 -> 0 | AD120: =+AM120+BA120 -> 2 | AE120: - Change Blade (1x) | AG120: 2 | AM120: =SUM(AF120:AL120)+AT120+AV120+AX120 -> 2 | AR120: =SUM(AN120:AQ120) -> 0 | BA120: =+AR120+AS120+AU120+AW120+AY120+AZ120 -> 0 | BC120: 4
AD121: =+AM121+BA121 -> 9 | AE121: - Cleaning | AH121: 9 | AM121: =SUM(AF121:AL121)+AT121+AV121+AX121 -> 9 | AR121: =SUM(AN121:AQ121) -> 0 | BA121: =+AR121+AS121+AU121+AW121+AY121+AZ121 -> 0
AD122: =+AM122+BA122 -> 5 | AE122: - Change Grade | AI122: 5 | AM122: =SUM(AF122:AL122)+AT122+AV122+AX122 -> 5 | AR122: =SUM(AN122:AQ122) -> 0 | BA122: =+AR122+AS122+AU122+AW122+AY122+AZ122 -> 0
A124: 46016 | B124: Towel | C124: =(M124*E124*O124*Q124)/100000000 -> 49.910024 | D124: RC HW | E124: 35.5 | F124: 1 | G124: 460 | H124: 0.12 | I124: 0.88 | J124: =E124*G124*(1-H124)*1440/1000000*3.4 -> 70.357478 | K124: =(IF(G124<L124,L124,G124)*(1-IF(H124<N124,H124,N124))*E124*O124*Q124)/100000000 -> 49.910024 | L124: 530 | M124: 466.4 | N124: =1-(M124/L124) -> 0.12 | O124: =+'Trim Rwd'!H84 -> 314 | P124: =O124*(Q124-R124-S124) -> 298300 | Q124: 960 | R124: 0 | S124: 10 | T124: =E124*M124*O124*Q124/100000000 -> 49.910024 | U124: =E124*M124*O124*(Q124-R124-S124)/100000000 -> 49.390128 | V124: =E124*G124*(1-N124)*O124/100*(R124+S124)/1000000 -> 0.45123056 | W124: =+'25'!K22/1000 -> 62.483 | X124: =SUM(W124:W127)/SUM(K124:K127) -> 0.95414717 | Y124: 0 | Z124: 0 | AA124: =SUM(U124:U127)-SUM(W124:W127)-SUM(Z124:Z127)-SUM(Y124:Y127) -> 2.6556713 | AB124: =(SUM(K124:K127)-SUM(W124:W127)-SUM(Y124:Y127)-SUM(Z124:Z127)-SUM(AC124:AC127)-SUM(V124:V127))-AA124 -> 0.11571032 | AC124: =K124-T124 -> 0 | AD124: =+AM124+BA124 -> 2 | AE124: - Sheet Breaks (0x) | AF124: 2 | AM124: =SUM(AF124:AL124)+AT124+AV124+AX124 -> 2 | AR124: =SUM(AN124:AQ124) -> 0 | BA124: =+AR124+AS124+AU124+AW124+AY124+AZ124 -> 0 | BB124: 1
B125: Towel | C125: =(M125*E125*O125*Q125)/100000000 -> 26.595994 | D125: RC HW | E125: 36 | F125: 1 | G125: 455 | H125: 0.12 | I125: 0.88 | J125: =E125*G125*(1-H125)*1440/1000000*3.4 -> 70.572902 | K125: =(IF(G125<L125,L125,G125)*(1-IF(H125<N125,H125,N125))*E125*O125*Q125)/100000000 -> 26.595994 | L125: 530 | M125: 466.4 | N125: =1-(M125/L125) -> 0.12 | O125: =+'Trim Rwd'!H85 -> 330 | P125: =O125*(Q125-R125-S125) -> 156420 | Q125: 480 | R125: 0 | S125: 6 | T125: =E125*M125*O125*Q125/100000000 -> 26.595994 | U125: =E125*M125*O125*(Q125-R125-S125)/100000000 -> 26.263544 | V125: =E125*G125*(1-N125)*O125/100*(R125+S125)/1000000 -> 0.28540512 | W125: =+'25'!K23/1000 -> 10.515 | AC125: =K125-T125 -> 0 | AD125: =+AM125+BA125 -> 5 | AE125: - Change Blade (1x) | AG125: 5 | AM125: =SUM(AF125:AL125)+AT125+AV125+AX125 -> 5 | AR125: =SUM(AN125:AQ125) -> 0 | BA125: =+AR125+AS125+AU125+AW125+AY125+AZ125 -> 0 | BC125: 4
...

Sheet Efficiency2
A1: PM12 Efficiency Running Report
A3: Date | B3: Grade | C3: Speed real (ton) with Available Time | D3: Colour | E3: gsm | F3: Ply | G3: Standard | L3: Real Running | O3: Trim Rewinder (cm) | P3: Trim Rewinder x Running Time | Q3: Available Time (mnt) | R3: Down Time (mnt) | S3: Loss Time (mnt) | T3: Real Speed & Real Creepe Ratio with Available Time (ton) | U3: Real Speed & Real Creepe Ratio setelah dipotong DT & LT (ton) | V3: Loss tonase akibat DT + LT dari hitungan Teori with available time (ton) | W3: Accepted (ton) | X3: Real Eff dr Target Eff | Y3: Backlog | Z3: Reject Rewinder (ton) | AA3: Estimasi Reject to Broke Plant (ton) | AB3: Estimasi Faktor BW (ton) | AC3: Loss Opportunity in Speed (ton) | AD3: Downtime/ Losstime | AE3: Reason of Downtime / Losstime | AF3: Loss Time | AM3: Total Losstime | AN3: Unschedule Shut Down (mnt) | AS3: Schedule Shut Down | AT3: Marketing | AV3: EXT FACTOR | AX3: EXT FACTOR | AZ3: MANAGEMENT | BA3: Total Down Time | BB3: Freq. Sheets Break (X) | BC3: Freq. Change Blade (X) | BD3: Steam, & gangguan sinergy (X) | BE3: Freq, Trip PLN (X) | BF3: Cleaning Holes (X)
AF4: Proses | AI4: Change Grade | AJ4: Mekanik | AK4: Electric & Instrument | AL4: Boiler | AN4: Down Time Produksi | AO4: Mekanik | AP4: Electrical & Instrument | AQ4: Boiler | AR4: Total Unschedule Shut Down | AV4: LOSS | AW4: DOWN TIME | AX4: LOSS | AY4: DOWN TIME
G5: Yankee Speed (mpm) | H5: Max % Creeping | I5: Target Eff | J5: Kapasitas PM-Teori (ton) | K5: Teori (ton) with Available Time | L5: Yankee Speed (mpm) | M5: Popereel Speed (mpm) | N5: % Creeping | AF5: sheet break | AG5: change blade | AH5: change spool | AT5: Loss time | AU5: Down Time | AV5: SINERGY | AW5: SINERGY | AX5: PLN | AY5: PLN
A6: =+Report1!A9 -> 45992 | B6: Towel | C6: =(M6*E6*O6*Q6)/100000000 -> 58.975301 | D6: RC BR | E6: 38 | F6: 1 | G6: 430 | H6: 0.12 | I6: 0.88 | J6: =E6*G6*(1-H6)*1440/1000000*3.4 -> 70.400563 | K6: =(IF(G6<L6,L6,G6)*(1-IF(H6<N6,H6,N6))*E6*O6*Q6)/100000000 -> 66.071117 | L6: 383.81944 | M6: 337.76111 | N6: =1-(M6/L6) -> 0.12 | O6: =+'Trim Rwd'!H4 -> 319.09091 | P6: =O6*(Q6-R6-S6) -> 456938.18 | Q6: 1440 | R6: 0 | S6: 8 | T6: =E6*M6*O6*Q6/100000000 -> 58.975301 | U6: =E6*M6*O6*(Q6-R6-S6)/100000000 -> 58.64766 | V6: =E6*G6*(1-N6)*O6/100*(R6+S6)/1000000 -> 0.36706176 | W6: =+'1'!K34/1000 -> 60.009 | X6: =SUM(W6:W9)/SUM(K6:K9) -> 0.90824861 | Y6: 0 | Z6: =+'1'!D34/1000 -> 0.55 | AA6: =SUM(U6:U9)-SUM(W6:W9)-SUM(Z6:Z9)-SUM(Y6:Y9) -> -1.9113398 | AB6: =(SUM(K6:K9)-SUM(W6:W9)-SUM(Y6:Y9)-SUM(Z6:Z9)-SUM(AC6:AC9)-SUM(V6:V9))-AA6 -> -0.0394212 | AC6: =K6-T6 -> 7.095816 | AD6: =+AM6+BA6 -> 0 | AE6: - Sheet Breaks (0x) | AF6: 0 | AM6: =SUM(AF6:AL6)+AT6+AV6+AX6 -> 0 | AR6: =SUM(AN6:AQ6) -> 0 | BA6: =+AR6+AS6+AU6+AW6+AY6+AZ6 -> 0 | BB6: 0
AD7: =+AM7+BA7 -> 2 | AE7: - Change Blade (1x) | AG7: 2 | AM7: =SUM(AF7:AL7)+AT7+AV7+AX7 -> 2 | AR7: =SUM(AN7:AQ7) -> 0 | BA7: =+AR7+AS7+AU7+AW7+AY7+AZ7 -> 0 | BC7: 1
AD8: =+AM8+BA8 -> 6 | AE8: - Cleaning | AH8: 6 | AM8: =SUM(AF8:AL8)+AT8+AV8+AX8 -> 6 | AR8: =SUM(AN8:AQ8) -> 0 | BA8: =+AR8+AS8+AU8+AW8+AY8+AZ8 -> 0
A10: 45993 | B10: Towel | C10: =(M10*E10*O10*Q10)/100000000 -> 14.327999 | D10: RC BR | E10: 38 | F10: 1 | G10: 430 | H10: 0.12 | I10: 0.88 | J10: =E10*G10*(1-H10)*1440/1000000*3.4 -> 70.400563 | K10: =(IF(G10<L10,L10,G10)*(1-IF(H10<N10,H10,N10))*E10*O10*Q10)/100000000 -> 16.232679 | L10: 380 | M10: 334 | N10: =1-(M10/L10) -> 0.12105263 | O10: =+'Trim Rwd'!H7 -> 318 | P10: =O10*(Q10-R10-S10) -> 106530 | Q10: 355 | R10: 0 | S10: 20 | T10: =E10*M10*O10*Q10/100000000 -> 14.327999 | U10: =E10*M10*O10*(Q10-R10-S10)/100000000 -> 13.520788 | V10: =E10*G10*(1-N10)*O10/100*(R10+S10)/1000000 -> 0.9134232 | W10: =+'2'!K7/1000 -> 18.504 | X10: =SUM(W10:W13)/SUM(K10:K13) -> 0.65938128 | Y10: 0 | Z10: 0 | AA10: =SUM(U10:U13)-SUM(W10:W13)-SUM(Z10:Z13)-SUM(Y10:Y13) -> 5.3782276 | AB10: =(SUM(K10:K13)-SUM(W10:W13)-SUM(Y10:Y13)-SUM(Z10:Z13)-SUM(AC10:AC13)-SUM(V10:V13))-AA10 -> -1.176138 | AC10: =K10-T10 -> 1.9046801 | AD10: =+AM10+BA10 -> 2 | AE10: - Sheet Breaks (1x) | AF10: 2 | AM10: =SUM(AF10:AL10)+AT10+AV10+AX10 -> 2 | AR10: =SUM(AN10:AQ10) -> 0 | BA10: =+AR10+AS10+AU10+AW10+AY10+AZ10 -> 0 | BB10: 1
B11: Towel | C11: =(M11*E11*O11*Q11)/100000000 -> 1.98396 | D11: RC BR | E11: 36 | F11: 1 | G11: 455 | H11: 0.12 | I11: 0.88 | J11: =E11*G11*(1-H11)*1440/1000000*3.4 -> 70.572902 | K11: =(IF(G11<L11,L11,G11)*(1-IF(H11<N11,H11,N11))*E11*O11*Q11)/100000000 -> 2.378376 | L11: 380 | M11: 334 | N11: =1-(M11/L11) -> 0.12105263 | O11: =+'Trim Rwd'!H8 -> 330 | P11: =O11*(Q11-R11-S11) -> 16500 | Q11: 50 | R11: 0 | S11: 0 | T11: =E11*M11*O11*Q11/100000000 -> 1.98396 | U11: =E11*M11*O11*(Q11-R11-S11)/100000000 -> 1.98396 | V11: =E11*G11*(1-N11)*O11/100*(R11+S11)/1000000 -> 0 | W11: =+'2'!K8/1000 -> 1.53 | Z11: 0 | AC11: =K11-T11 -> 0.394416 | AD11: =+AM11+BA11 -> 40 | AE11: - Change Blade (5x) | AG11: 40 | AM11: =SUM(AF11:AL11)+AT11+AV11+AX11 -> 40 | AR11: =SUM(AN11:AQ11) -> 0 | BA11: =+AR11+AS11+AU11+AW11+AY11+AZ11 -> 0 | BC11: 5
B12: Napkin | C12: =(M12*E12*O12*Q12)/100000000 -> 41.12262 | D12: RC BR | E12: 20 | F12: 1 | G12: 830 | H12: 0.14 | I12: 0.88 | J12: =E12*G12*(1-H12)*1440/1000000*3.4 -> 69.895296 | K12: =(IF(G12<L12,L12,G12)*(1-IF(H12<N12,H12,N12))*E12*O12*Q12)/100000000 -> 48.759678 | L12: 700 | M12: 602 | N12: =1-(M12/L12) -> 0.14 | O12: =+'Trim Rwd'!H9 -> 330 | P12: =O12*(Q12-R12-S12) -> 293700 | Q12: 1035 | R12: 105 | S12: 40 | T12: =E12*M12*O12*Q12/100000000 -> 41.12262 | U12: =E12*M12*O12*(Q12-R12-S12)/100000000 -> 35.36148 | V12: =E12*G12*(1-N12)*O12/100*(R12+S12)/1000000 -> 6.831066 | W12: =+'2'!K9/1000 -> 24.389 | Z12: =+'2'!D34/1000 -> 1.065 | AC12: =K12-T12 -> 7.637058 | AD12: =+AM12+BA12 -> 18 | AE12: - Cleaning | AH12: 18 | AM12: =SUM(AF12:AL12)+AT12+AV12+AX12 -> 18 | AR12: =SUM(AN12:AQ12) -> 0 | BA12: =+AR12+AS12+AU12+AW12+AY12+AZ12 -> 0
AD13: =+AM13+BA13 -> 105 | AE13: - 15.35 pm stop listrik Flicker | AM13: =SUM(AF13:AL13)+AT13+AV13+AX13 -> 0 | AR13: =SUM(AN13:AQ13) -> 0 | AY13: 105 | BA13: =+AR13+AS13+AU13+AW13+AY13+AZ13 -> 105 | BE13: 1
A15: 45994 | B15: Napkin | C15: =(M15*E15*O15*Q15)/100000000 -> 46.88376 | D15: RC BR | E15: 20 | F15: 1 | G15: 830 | H15: 0.14 | I15: 0.88 | J15: =E15*G15*(1-H15)*1440/1000000*3.4 -> 69.895296 | K15: =(IF(G15<L15,L15,G15)*(1-IF(H15<N15,H15,N15))*E15*O15*Q15)/100000000 -> 55.590744 | L15: 700 | M15: 602 | N15: =1-(M15/L15) -> 0.14 | O15: =+'Trim Rwd'!H11 -> 330 | P15: =O15*(Q15-R15-S15) -> 383460 | Q15: =1440-260 -> 1180 | R15: =260-260 -> 0 | S15: 18 | T15: =E15*M15*O15*Q15/100000000 -> 46.88376 | U15: =E15*M15*O15*(Q15-R15-S15)/100000000 -> 46.168584 | V15: =E15*G15*(1-N15)*O15/100*(R15+S15)/1000000 -> 0.8479944 | W15: =+'3'!K34/1000 -> 49.815 | X15: =SUM(W15:W18)/SUM(K15:K18) -> 0.89610242 | Y15: 0 | Z15: =+'3'!D34/1000 -> 1 | AA15: =SUM(U15:U18)-SUM(W15:W18)-SUM(Z15:Z18)-SUM(Y15:Y18) -> -4.646416 | AB15: =(SUM(K15:K18)-SUM(W15:W18)-SUM(Y15:Y18)-SUM(Z15:Z18)-SUM(AC15:AC18)-SUM(V15:V18))-AA15 -> -0.1328184 | AC15: =K15-T15 -> 8.706984 | AD15: =+AM15+BA15 -> 0 | AE15: - Sheet Breaks (0x) | AF15: 0 | AM15: =SUM(AF15:AL15)+AT15+AV15+AX15 -> 0 | AR15: =SUM(AN15:AQ15) -> 0 | BA15: =+AR15+AS15+AU15+AW15+AY15+AZ15 -> 0 | BB15: 0
AD16: =+AM16+BA16 -> 7 | AE16: - Change Blade (3x) | AG16: 7 | AM16: =SUM(AF16:AL16)+AT16+AV16+AX16 -> 7 | AR16: =SUM(AN16:AQ16) -> 0 | BA16: =+AR16+AS16+AU16+AW16+AY16+AZ16 -> 0 | BC16: 3
AD17: =+AM17+BA17 -> 11 | AE17: - Cleaning | AH17: 11 | AM17: =SUM(AF17:AL17)+AT17+AV17+AX17 -> 11 | AR17: =SUM(AN17:AQ17) -> 0 | BA17: =+AR17+AS17+AU17+AW17+AY17+AZ17 -> 0
AD18: =+AM18+BA18 -> 0 | AE18: - 02:35 PM stop boilout | AM18: =SUM(AF18:AL18)+AT18+AV18+AX18 -> 0 | AR18: =SUM(AN18:AQ18) -> 0 | AU18: =260-260 -> 0 | BA18: =+AR18+AS18+AU18+AW18+AY18+AZ18 -> 0
A20: 45995 | B20: Napkin | C20: =(M20*E20*O20*Q20)/100000000 -> 10.33032 | D20: STOP | E20: 20 | F20: 1 | G20: 830 | H20: 0.14 | I20: 0.88 | J20: =E20*G20*(1-H20)*1440/1000000*3.4 -> 69.895296 | K20: =(IF(G20<L20,L20,G20)*(1-IF(H20<N20,H20,N20))*E20*O20*Q20)/100000000 -> 12.248808 | L20: 700 | M20: 602 | N20: =1-(M20/L20) -> 0.14 | O20: =+'Trim Rwd'!H13 -> 330 | P20: =O20*(Q20-R20-S20) -> 0 | Q20: =1440-1180 -> 260 | R20: =1440-1180 -> 260 | S20: 0 | T20: =E20*M20*O20*Q20/100000000 -> 10.33032 | U20: =E20*M20*O20*(Q20-R20-S20)/100000000 -> 0 | V20: =E20*G20*(1-N20)*O20/100*(R20+S20)/1000000 -> 12.248808 | W20: =+'4'!K34/1000 -> 0 | X20: =SUM(W20:W23)/SUM(K20:K23) -> 0 | Y20: 0 | Z20: 0 | AA20: =SUM(U20:U23)-SUM(W20:W23)-SUM(Z20:Z23)-SUM(Y20:Y23) -> 0 | AB20: =(SUM(K20:K23)-SUM(W20:W23)-SUM(Y20:Y23)-SUM(Z20:Z23)-SUM(AC20:AC23)-SUM(V20:V23))-AA20 -> -1.918488 | AC20: =K20-T20 -> 1.918488 | AD20: =+AM20+BA20 -> 0 | AE20: - Sheet Breaks (0x) | AF20: 0 | AM20: =SUM(AF20:AL20)+AT20+AV20+AX20 -> 0 | AR20: =SUM(AN20:AQ20) -> 0 | BA20: =+AR20+AS20+AU20+AW20+AY20+AZ20 -> 0 | BB20: 0
AD21: =+AM21+BA21 -> 0 | AE21: - Change Blade (0x) | AG21: 0 | AM21: =SUM(AF21:AL21)+AT21+AV21+AX21 -> 0 | AR21: =SUM(AN21:AQ21) -> 0 | BA21: =+AR21+AS21+AU21+AW21+AY21+AZ21 -> 0 | BC21: 0
AD22: =+AM22+BA22 -> 0 | AE22: - Cleaning | AH22: 0 | AM22: =SUM(AF22:AL22)+AT22+AV22+AX22 -> 0 | AR22: =SUM(AN22:AQ22) -> 0 | BA22: =+AR22+AS22+AU22+AW22+AY22+AZ22 -> 0
AD23: =+AM23+BA23 -> 0 | AE23: - PM stop boilout | AM23: =SUM(AF23:AL23)+AT23+AV23+AX23 -> 0 | AR23: =SUM(AN23:AQ23) -> 0 | AU23: =1180-1180 -> 0 | BA23: =+AR23+AS23+AU23+AW23+AY23+AZ23 -> 0
AD24: =+AM24+BA24 -> 260 | AE24: - 04.10 stop cek housing bearing SPR sebelah DS 🔜 mekanik | AM24: =SUM(AF24:AL24)+AT24+AV24+AX24 -> 0 | AO24: 260 | AR24: =SUM(AN24:AQ24) -> 260 | BA24: =+AR24+AS24+AU24+AW24+AY24+AZ24 -> 260
A26: 45996 | B26: Towel | C26: =(M26*E26*O26*Q26)/100000000 -> 53.21286 | D26: RC HW | E26: 17 | F26: 1 | G26: 830 | H26: 0.14 | I26: 0.88 | J26: =E26*G26*(1-H26)*1440/1000000*3.4 -> 59.411002 | K26: =(IF(G26<L26,L26,G26)*(1-IF(H26<N26,H26,N26))*E26*O26*Q26)/100000000 -> 55.56676 | L26: 794.83983 | M26: 683.56225 | N26: =1-(M26/L26) -> 0.14 | O26: =+'Trim Rwd'!H15 -> 318 | P26: =O26*(Q26-R26-S26) -> 355524 | Q26: 1440 | R26: 285 | S26: 37 | T26: =E26*M26*O26*Q26/100000000 -> 53.21286 | U26: =E26*M26*O26*(Q26-R26-S26)/100000000 -> 41.313874 | V26: =E26*G26*(1-N26)*O26/100*(R26+S26)/1000000 -> 12.425345 | W26: =+'5'!K34/1000 -> 33.343 | X26: =SUM(W26:W29)/SUM(K26:K29) -> 0.60005298 | Y26: 0 | Z26: =+'5'!D34/1000 -> 0.538 | AA26: =SUM(U26:U29)-SUM(W26:W29)-SUM(Z26:Z29)-SUM(Y26:Y29) -> 7.4328736 | AB26: =(SUM(K26:K29)-SUM(W26:W29)-SUM(Y26:Y29)-SUM(Z26:Z29)-SUM(AC26:AC29)-SUM(V26:V29))-AA26 -> -0.52635817 | AC26: =K26-T26 -> 2.3538999 | AD26: =+AM26+BA26 -> 2 | AE26: - Sheet Breaks (1x) | AF26: 2 | AM26: =SUM(AF26:AL26)+AT26+AV26+AX26 -> 2 | AR26: =SUM(AN26:AQ26) -> 0 | BA26: =+AR26+AS26+AU26+AW26+AY26+AZ26 -> 0 | BB26: 1
AD27: =+AM27+BA27 -> 9 | AE27: - Change Blade (4x) | AG27: 9 | AM27: =SUM(AF27:AL27)+AT27+AV27+AX27 -> 9 | AR27: =SUM(AN27:AQ27) -> 0 | BA27: =+AR27+AS27+AU27+AW27+AY27+AZ27 -> 0 | BC27: 4
AD28: =+AM28+BA28 -> 26 | AE28: - Cleaning | AH28: 26 | AM28: =SUM(AF28:AL28)+AT28+AV28+AX28 -> 26 | AR28: =SUM(AN28:AQ28) -> 0 | BA28: =+AR28+AS28+AU28+AW28+AY28+AZ28 -> 0
AD29: =+AM29+BA29 -> 285 | AE29: - Drive wire trip cek EID | AM29: =SUM(AF29:AL29)+AT29+AV29+AX29 -> 0 | AP29: 285 | AR29: =SUM(AN29:AQ29) -> 285 | BA29: =+AR29+AS29+AU29+AW29+AY29+AZ29 -> 285
A31: 45997 | B31: Towel | C31: =(M31*E31*O31*Q31)/100000000 -> 3.4310801 | D31: RC HW | E31: 17 | F31: 1 | G31: 830 | H31: 0.14 | I31: 0.88 | J31: =E31*G31*(1-H31)*1440/1000000*3.4 -> 59.411002 | K31: =(IF(G31<L31,L31,G31)*(1-IF(H31<N31,H31,N31))*E31*O31*Q31)/100000000 -> 3.4729225 | L31: 820 | M31: =+L31-L31*0.14 -> 705.2 | N31: =1-(M31/L31) -> 0.14 | O31: =+'Trim Rwd'!H17 -> 318 | P31: =O31*(Q31-R31-S31) -> 25440 | Q31: 90 | R31: 0 | S31: 10 | T31: =E31*M31*O31*Q31/100000000 -> 3.4310801 | U31: =E31*M31*O31*(Q31-R31-S31)/100000000 -> 3.049849 | V31: =E31*G31*(1-N31)*O31/100*(R31+S31)/1000000 -> 0.38588028 | W31: =+'6'!K10/1000 -> 6.641 | X31: =SUM(W31:W34)/SUM(K31:K34) -> 0.73952524 | Y31: 0 | Z31: 0 | AA31: =SUM(U31:U34)-SUM(W31:W34)-SUM(Z31:Z34)-SUM(Y31:Y34) -> 4.5811296 | AB31: =(SUM(K31:K34)-SUM(W31:W34)-SUM(Y31:Y34)-SUM(Z31:Z34)-SUM(AC31:AC34)-SUM(V31:V34))-AA31 -> -0.00464916 | AC31: =K31-T31 -> 0.04184244 | AD31: =+AM31+BA31 -> 0 | AE31: - Sheet Breaks (0x) | AF31: 0 | AM31: =SUM(AF31:AL31)+AT31+AV31+AX31 -> 0 | AR31: =SUM(AN31:AQ31) -> 0 | BA31: =+AR31+AS31+AU31+AW31+AY31+AZ31 -> 0 | BB31: 0
B32: Napkin | C32: =(M32*E32*O32*Q32)/100000000 -> 48.490145 | D32: RC HW | E32: 15.5 | F32: 1 | G32: 830 | H32: 0.14 | I32: 0.88 | J32: =E32*G32*(1-H32)*1440/1000000*3.4 -> 54.168854 | K32: =(IF(G32<L32,L32,G32)*(1-IF(H32<N32,H32,N32))*E32*O32*Q32)/100000000 -> 48.490145 | L32: 830 | M32: =+L32-L32*0.14 -> 713.8 | N32: =1-(M32/L32) -> 0.14 | O32: =+'Trim Rwd'!H18 -> 324.64706 | P32: =O32*(Q32-R32-S32) -> 377889.18 | Q32: =1214+70+66 -> 1350 | R32: =70+66 -> 136 | S32: 50 | T32: =E32*M32*O32*Q32/100000000 -> 48.490145 | U32: =E32*M32*O32*(Q32-R32-S32)/100000000 -> 41.809281 | V32: =E32*G32*(1-N32)*O32/100*(R32+S32)/1000000 -> 6.6808644 | W32: =+'6'!K11/1000 -> 31.787 | Z32: =+'6'!D34/1000 -> 1.85 | AC32: =K32-T32 -> 0 | AD32: =+AM32+BA32 -> 10 | AE32: - Change Blade (2x) | AG32: 10 | AM32: =SUM(AF32:AL32)+AT32+AV32+AX32 -> 10 | AR32: =SUM(AN32:AQ32) -> 0 | BA32: =+AR32+AS32+AU32+AW32+AY32+AZ32 -> 0 | BC32: 2
AD33: =+AM33+BA33 -> 28 | AE33: - Cleaning | AH33: 28 | AM33: =SUM(AF33:AL33)+AT33+AV33+AX33 -> 28 | AR33: =SUM(AN33:AQ33) -> 0 | BA33: =+AR33+AS33+AU33+AW33+AY33+AZ33 -> 0
AD34: =+AM34+BA34 -> 70 | AE34: - 08:50 Med perbaikan oil modif blindril. | AM34: =SUM(AF34:AL34)+AT34+AV34+AX34 -> 0 | AO34: 70 | AR34: =SUM(AN34:AQ34) -> 70 | BA34: =+AR34+AS34+AU34+AW34+AY34+AZ34 -> 70
AD35: =+AM35+BA35 -> 66 | AE35: - 10:00 kertas hole, cuci felt menggunakan xylene dan solar | AM35: =SUM(AF35:AL35)+AT35+AV35+AX35 -> 0 | AN35: 66 | AR35: =SUM(AN35:AQ35) -> 66 | BA35: =+AR35+AS35+AU35+AW35+AY35+AZ35 -> 66 | BF35: 1
AD36: =+AM36+BA36 -> 22 | AE36: - 16.10 bagian center formasi nerawang dan ada hole, adjust lips headbox | AI36: 22 | AM36: =SUM(AF36:AL36)+AT36+AV36+AX36 -> 22 | AR36: =SUM(AN36:AQ36) -> 0 | BA36: =+AR36+AS36+AU36+AW36+AY36+AZ36 -> 0
A38: 45998 | B38: Napkin | C38: =(M38*E38*O38*Q38)/100000000 -> 51.657969 | D38: RC HW | E38: 15.5 | F38: 1 | G38: 830 | H38: 0.14 | I38: 0.88 | J38: =E38*G38*(1-H38)*1440/1000000*3.4 -> 54.168854 | K38: =(IF(G38<L38,L38,G38)*(1-IF(H38<N38,H38,N38))*E38*O38*Q38)/100000000 -> 51.657969 | L38: 830 | M38: =+L38-L38*0.14 -> 713.8 | N38: =1-(M38/L38) -> 0.14 | O38: =+'Trim Rwd'!H21 -> 324.24 | P38: =O38*(Q38-R38-S38) -> 457178.4 | Q38: 1440 | R38: 0 | S38: 30 | T38: =E38*M38*O38*Q38/100000000 -> 51.657969 | U38: =E38*M38*O38*(Q38-R38-S38)/100000000 -> 50.581761 | V38: =E38*G38*(1-N38)*O38/100*(R38+S38)/1000000 -> 1.0762077 | W38: =+'7'!K34/1000 -> 48.44 | X38: =SUM(W38:W41)/SUM(K38:K41) -> 0.93770625 | Y38: 0 | Z38: =+'7'!D34/1000 -> 0.7 | AA38: =SUM(U38:U41)-SUM(W38:W41)-SUM(Z38:Z41)-SUM(Y38:Y41) -> 1.441761 | AB38: =(SUM(K38:K41)-SUM(W38:W41)-SUM(Y38:Y41)-SUM(Z38:Z41)-SUM(AC38:AC41)-SUM(V38:V41))-AA38 -> -4.2188475e-15 | AC38: =K38-T38 -> 0 | AD38: =+AM38+BA38 -> 5 | AE38: - Sheet Breaks (1x) | AF38: 5 | AM38: =SUM(AF38:AL38)+AT38+AV38+AX38 -> 5 | AR38: =SUM(AN38:AQ38) -> 0 | BA38: =+AR38+AS38+AU38+AW38+AY38+AZ38 -> 0 | BB38: 1
AD39: =+AM39+BA39 -> 7 | AE39: - Change Blade (2x) | AG39: 7 | AM39: =SUM(AF39:AL39)+AT39+AV39+AX39 -> 7 | AR39: =SUM(AN39:AQ39) -> 0 | BA39: =+AR39+AS39+AU39+AW39+AY39+AZ39 -> 0 | BC39: 2
AD40: =+AM40+BA40 -> 18 | AE40: - Cleaning | AH40: 18 | AM40: =SUM(AF40:AL40)+AT40+AV40+AX40 -> 18 | AR40: =SUM(AN40:AQ40) -> 0 | BA40: =+AR40+AS40+AU40+AW40+AY40+AZ40 -> 0
A42: 45999 | B42: Napkin | C42: =(M42*E42*O42*Q42)/100000000 -> 51.744417 | D42: RC HW | E42: 15.5 | F42: 1 | G42: 830 | H42: 0.14 | I42: 0.88 | J42: =E42*G42*(1-H42)*1440/1000000*3.4 -> 54.168854 | K42: =(IF(G42<L42,L42,G42)*(1-IF(H42<N42,H42,N42))*E42*O42*Q42)/100000000 -> 51.744417 | L42: 830 | M42: =+L42-L42*0.14 -> 713.8 | N42: =1-(M42/L42) -> 0.14 | O42: =+'Trim Rwd'!H25 -> 324.78261 | P42: =O42*(Q42-R42-S42) -> 435858.26 | Q42: 1440 | R42: 70 | S42: 28 | T42: =E42*M42*O42*Q42/100000000 -> 51.744417 | U42: =E42*M42*O42*(Q42-R42-S42)/100000000 -> 48.222922 | V42: =E42*G42*(1-N42)*O42/100*(R42+S42)/1000000 -> 3.5214951 | W42: =+'8'!K34/1000 -> 45.993 | X42: =SUM(W42:W45)/SUM(K42:K45) -> 0.88884951 | Y42: 0 | Z42: =+'8'!D34/1000 -> 0.88 | AA42: =SUM(U42:U45)-SUM(W42:W45)-SUM(Z42:Z45)-SUM(Y42:Y45) -> 1.3499221 | AB42: =(SUM(K42:K45)-SUM(W42:W45)-SUM(Y42:Y45)-SUM(Z42:Z45)-SUM(AC42:AC45)-SUM(V42:V45))-AA42 -> -1.7763568e-15 | AC42: =K42-T42 -> 0 | AD42: =+AM42+BA42 -> 3 | AE42: - Sheet Breaks (1x) | AF42: 3 | AM42: =SUM(AF42:AL42)+AT42+AV42+AX42 -> 3 | AR42: =SUM(AN42:AQ42) -> 0 | BA42: =+AR42+AS42+AU42+AW42+AY42+AZ42 -> 0 | BB42: 1
AD43: =+AM43+BA43 -> 11 | AE43: - Change Blade (3x) | AG43: 11 | AM43: =SUM(AF43:AL43)+AT43+AV43+AX43 -> 11 | AR43: =SUM(AN43:AQ43) -> 0 | BA43: =+AR43+AS43+AU43+AW43+AY43+AZ43 -> 0 | BC43: 3
AD44: =+AM44+BA44 -> 14 | AE44: - Cleaning | AH44: 14 | AM44: =SUM(AF44:AL44)+AT44+AV44+AX44 -> 14 | AR44: =SUM(AN44:AQ44) -> 0 | BA44: =+AR44+AS44+AU44+AW44+AY44+AZ44 -> 0
AD45: =+AM45+BA45 -> 70 | AE45: - 15.55 PM stop, kertas hole bagian DS, cleaning felt | AM45: =SUM(AF45:AL45)+AT45+AV45+AX45 -> 0 | AN45: 70 | AR45: =SUM(AN45:AQ45) -> 70 | BA45: =+AR45+AS45+AU45+AW45+AY45+AZ45 -> 70 | BF45: 1
A47: 46000 | B47: Napkin | C47: =(M47*E47*O47*Q47)/100000000 -> 21.723968 | D47: RC HW | E47: 15.5 | F47: 1 | G47: 830 | H47: 0.14 | I47: 0.88 | J47: =E47*G47*(1-H47)*1440/1000000*3.4 -> 54.168854 | K47: =(IF(G47<L47,L47,G47)*(1-IF(H47<N47,H47,N47))*E47*O47*Q47)/100000000 -> 21.723968 | L47: 830 | M47: =+L47-L47*0.14 -> 713.8 | N47: =1-(M47/L47) -> 0.14 | O47: =+'Trim Rwd'!H28 -> 330 | P47: =O47*(Q47-R47-S47) -> 193050 | Q47: 595 | R47: 0 | S47: 10 | T47: =E47*M47*O47*Q47/100000000 -> 21.723968 | U47: =E47*M47*O47*(Q47-R47-S47)/100000000 -> 21.358859 | V47: =E47*G47*(1-N47)*O47/100*(R47+S47)/1000000 -> 0.3651087 | W47: =+'9'!K11/1000 -> 22.993 | X47: =SUM(W47:W50)/SUM(K47:K50) -> 0.90604789 | Y47: 0 | Z47: 0 | AA47: =SUM(U47:U50)-SUM(W47:W50)-SUM(Z47:Z50)-SUM(Y47:Y50) -> 2.4044504 | AB47: =(SUM(K47:K50)-SUM(W47:W50)-SUM(Y47:Y50)-SUM(Z47:Z50)-SUM(AC47:AC50)-SUM(V47:V50))-AA47 -> 0 | AC47: =K47-T47 -> 0 | AD47: =+AM47+BA47 -> 2 | AE47: - Sheet Breaks (1x) | AF47: 2 | AM47: =SUM(AF47:AL47)+AT47+AV47+AX47 -> 2 | AR47: =SUM(AN47:AQ47) -> 0 | BA47: =+AR47+AS47+AU47+AW47+AY47+AZ47 -> 0 | BB47: 1
B48: Napkin | C48: =(M48*E48*O48*Q48)/100000000 -> 6.9864959 | D48: RC HW | E48: 17 | F48: 1 | G48: 830 | H48: 0.14 | I48: 0.88 | J48: =E48*G48*(1-H48)*1440/1000000*3.4 -> 59.411002 | K48: =(IF(G48<L48,L48,G48)*(1-IF(H48<N48,H48,N48))*E48*O48*Q48)/100000000 -> 6.9864959 | L48: 830 | M48: =+L48-L48*0.14 -> 713.8 | N48: =1-(M48/L48) -> 0.14 | O48: =+'Trim Rwd'!H29 -> 329 | P48: =O48*(Q48-R48-S48) -> 55930 | Q48: 175 | R48: 0 | S48: 5 | T48: =E48*M48*O48*Q48/100000000 -> 6.9864959 | U48: =E48*M48*O48*(Q48-R48-S48)/100000000 -> 6.7868818 | V48: =E48*G48*(1-N48)*O48/100*(R48+S48)/1000000 -> 0.19961417 | W48: =+'9'!K12/1000 -> 6.572 | Z48: 0 | AD48: =+AM48+BA48 -> 9 | AE48: - Change Blade (3x) | AG48: 9 | AM48: =SUM(AF48:AL48)+AT48+AV48+AX48 -> 9 | AR48: =SUM(AN48:AQ48) -> 0 | BA48: =+AR48+AS48+AU48+AW48+AY48+AZ48 -> 0 | BC48: 3
B49: Napkin | C49: =(M49*E49*O49*Q49)/100000000 -> 17.684217 | D49: RC HW | E49: 16.5 | F49: 1 | G49: 830 | H49: 0.14 | I49: 0.88 | J49: =E49*G49*(1-H49)*1440/1000000*3.4 -> 57.663619 | K49: =(IF(G49<L49,L49,G49)*(1-IF(H49<N49,H49,N49))*E49*O49*Q49)/100000000 -> 17.684217 | L49: 830 | M49: =+L49-L49*0.14 -> 713.8 | N49: =1-(M49/L49) -> 0.14 | O49: =+'Trim Rwd'!H30 -> 330 | P49: =O49*(Q49-R49-S49) -> 146850 | Q49: 455 | R49: 0 | S49: 10 | T49: =E49*M49*O49*Q49/100000000 -> 17.684217 | U49: =E49*M49*O49*(Q49-R49-S49)/100000000 -> 17.295552 | V49: =E49*G49*(1-N49)*O49/100*(R49+S49)/1000000 -> 0.3886641 | W49: =+'9'!K13/1000 -> 18.88 | Z49: 0 | AD49: =+AM49+BA49 -> 9 | AE49: - Cleaning | AH49: 9 | AM49: =SUM(AF49:AL49)+AT49+AV49+AX49 -> 9 | AR49: =SUM(AN49:AQ49) -> 0 | BA49: =+AR49+AS49+AU49+AW49+AY49+AZ49 -> 0
B50: Napkin | C50: =(M50*E50*O50*Q50)/100000000 -> 10.128822 | D50: RC HW | E50: 20 | F50: 1 | G50: 830 | H50: 0.14 | I50: 0.88 | J50: =E50*G50*(1-H50)*1440/1000000*3.4 -> 69.895296 | K50: =(IF(G50<L50,L50,G50)*(1-IF(H50<N50,H50,N50))*E50*O50*Q50)/100000000 -> 10.128822 | L50: 830 | M50: =+L50-L50*0.14 -> 713.8 | N50: =1-(M50/L50) -> 0.14 | O50: =+'Trim Rwd'!H31 -> 330 | P50: =O50*(Q50-R50-S50) -> 68970 | Q50: 215 | R50: 0 | S50: 6 | T50: =E50*M50*O50*Q50/100000000 -> 10.128822 | U50: =E50*M50*O50*(Q50-R50-S50)/100000000 -> 9.8461572 | V50: =E50*G50*(1-N50)*O50/100*(R50+S50)/1000000 -> 0.2826648 | W50: =+'9'!K14/1000 -> 2.768 | Z50: =+'9'!D34/1000 -> 1.67 | AD50: =+AM50+BA50 -> 11 | AE50: - Change Grade | AI50: 11 | AM50: =SUM(AF50:AL50)+AT50+AV50+AX50 -> 11 | AR50: =SUM(AN50:AQ50) -> 0 | BA50: =+AR50+AS50+AU50+AW50+AY50+AZ50 -> 0 | BF50: 1
A52: 46001 | B52: Napkin | C52: =(M52*E52*O52*Q52)/100000000 -> 67.839552 | D52: RC HW | E52: 20 | F52: 1 | G52: 830 | H52: 0.14 | I52: 0.88 | J52: =E52*G52*(1-H52)*1440/1000000*3.4 -> 69.895296 | K52: =(IF(G52<L52,L52,G52)*(1-IF(H52<N52,H52,N52))*E52*O52*Q52)/100000000 -> 67.839552 | L52: 830 | M52: =+L52-L52*0.14 -> 713.8 | N52: =1-(M52/L52) -> 0.14 | O52: =+'Trim Rwd'!H33 -> 330 | P52: =O52*(Q52-R52-S52) -> 429000 | Q52: 1440 | R52: 85 | S52: 55 | T52: =E52*M52*O52*Q52/100000000 -> 67.839552 | U52: =E52*M52*O52*(Q52-R52-S52)/100000000 -> 61.24404 | V52: =E52*G52*(1-N52)*O52/100*(R52+S52)/1000000 -> 6.595512 | W52: =+'10'!K34/1000 -> 56.856 | X52: =SUM(W52:W55)/SUM(K52:K55) -> 0.83809516 | Y52: 0 | Z52: =+'10'!D34/1000 -> 3.3 | AA52: =SUM(U52:U55)-SUM(W52:W55)-SUM(Z52:Z55)-SUM(Y52:Y55) -> 1.08804 | AB52: =(SUM(K52:K55)-SUM(W52:W55)-SUM(Y52:Y55)-SUM(Z52:Z55)-SUM(AC52:AC55)-SUM(V52:V55))-AA52 -> 0 | AC52: =K52-T52 -> 0 | AD52: =+AM52+BA52 -> 0 | AE52: - Sheet Breaks (0x) | AF52: 0 | AM52: =SUM(AF52:AL52)+AT52+AV52+AX52 -> 0 | AR52: =SUM(AN52:AQ52) -> 0 | BA52: =+AR52+AS52+AU52+AW52+AY52+AZ52 -> 0 | BB52: 0
AD53: =+AM53+BA53 -> 29 | AE53: - Change Blade (5x) | AG53: 29 | AM53: =SUM(AF53:AL53)+AT53+AV53+AX53 -> 29 | AR53: =SUM(AN53:AQ53) -> 0 | BA53: =+AR53+AS53+AU53+AW53+AY53+AZ53 -> 0 | BC53: 5
AD54: =+AM54+BA54 -> 26 | AE54: - Cleaning | AH54: 26 | AM54: =SUM(AF54:AL54)+AT54+AV54+AX54 -> 26 | AR54: =SUM(AN54:AQ54) -> 0 | BA54: =+AR54+AS54+AU54+AW54+AY54+AZ54 -> 0
AD55: =+AM55+BA55 -> 85 | AE55: - 02.35 pm 12 stop, kertas hole, cuci felt dengan solar & xylene | AM55: =SUM(AF55:AL55)+AT55+AV55+AX55 -> 0 | AN55: 85 | AR55: =SUM(AN55:AQ55) -> 85 | BA55: =+AR55+AS55+AU55+AW55+AY55+AZ55 -> 85 | BF55: 1
A57: 46002 | B57: Napkin | C57: =(M57*E57*O57*Q57)/100000000 -> 67.839552 | D57: RC HW | E57: 20 | F57: 1 | G57: 830 | H57: 0.14 | I57: 0.88 | J57: =E57*G57*(1-H57)*1440/1000000*3.4 -> 69.895296 | K57: =(IF(G57<L57,L57,G57)*(1-IF(H57<N57,H57,N57))*E57*O57*Q57)/100000000 -> 67.839552 | L57: 830 | M57: 713.8 | N57: =1-(M57/L57) -> 0.14 | O57: =+'Trim Rwd'!H35 -> 330 | P57: =O57*(Q57-R57-S57) -> 346830 | Q57: 1440 | R57: =145+225 -> 370 | S57: 19 | T57: =E57*M57*O57*Q57/100000000 -> 67.839552 | U57: =E57*M57*O57*(Q57-R57-S57)/100000000 -> 49.513451 | V57: =E57*G57*(1-N57)*O57/100*(R57+S57)/1000000 -> 18.326101 | W57: =+'11'!K14/1000 -> 47.02 | X57: =SUM(W57:W60)/SUM(K57:K60) -> 0.69310599 | Y57: 0 | Z57: 0 | AA57: =SUM(U57:U60)-SUM(W57:W60)-SUM(Z57:Z60)-SUM(Y57:Y60) -> 2.4934508 | AB57: =(SUM(K57:K60)-SUM(W57:W60)-SUM(Y57:Y60)-SUM(Z57:Z60)-SUM(AC57:AC60)-SUM(V57:V60))-AA57 -> -7.1054274e-15 | AC57: =K57-T57 -> 0 | AD57: =+AM57+BA57 -> 6 | AE57: - Sheet Breaks (1x) | AF57: 6 | AM57: =SUM(AF57:AL57)+AT57+AV57+AX57 -> 6 | AR57: =SUM(AN57:AQ57) -> 0 | BA57: =+AR57+AS57+AU57+AW57+AY57+AZ57 -> 0 | BB57: 0
AD58: =+AM58+BA58 -> 2 | AE58: - Change Blade (1x) | AG58: 2 | AM58: =SUM(AF58:AL58)+AT58+AV58+AX58 -> 2 | AR58: =SUM(AN58:AQ58) -> 0 | BA58: =+AR58+AS58+AU58+AW58+AY58+AZ58 -> 0 | BC58: 5
AD59: =+AM59+BA59 -> 11 | AE59: - Cleaning | AH59: 11 | AM59: =SUM(AF59:AL59)+AT59+AV59+AX59 -> 11 | AR59: =SUM(AN59:AQ59) -> 0 | BA59: =+AR59+AS59+AU59+AW59+AY59+AZ59 -> 0
AD60: =+AM60+BA60 -> 370 | AE60: - 12.35 pm stop .dip trouble | AM60: =SUM(AF60:AL60)+AT60+AV60+AX60 -> 0 | AO60: =145+225 -> 370 | AR60: =SUM(AN60:AQ60) -> 370 | BA60: =+AR60+AS60+AU60+AW60+AY60+AZ60 -> 370 | BF60: 1
A62: 46003 | B62: Napkin | C62: =(M62*E62*O62*Q62)/100000000 -> 66.94873 | D62: RC HW | E62: 20 | F62: 1 | G62: 830 | H62: 0.14 | I62: 0.88 | J62: =E62*G62*(1-H62)*1440/1000000*3.4 -> 69.895296 | K62: =(IF(G62<L62,L62,G62)*(1-IF(H62<N62,H62,N62))*E62*O62*Q62)/100000000 -> 66.94873 | L62: 830 | M62: 713.8 | N62: =1-(M62/L62) -> 0.14 | O62: =+'Trim Rwd'!H37 -> 325.66667 | P62: =O62*(Q62-R62-S62) -> 451374 | Q62: 1440 | R62: 0 | S62: 54 | T62: =E62*M62*O62*Q62/100000000 -> 66.94873 | U62: =E62*M62*O62*(Q62-R62-S62)/100000000 -> 64.438152 | V62: =E62*G62*(1-N62)*O62/100*(R62+S62)/1000000 -> 2.5105774 | W62: =+'12'!K34/1000 -> 59.353 | X62: =SUM(W62:W65)/SUM(K62:K65) -> 0.88654408 | Y62: 0 | Z62: =+'12'!D34/1000 -> 0.82 | AA62: =SUM(U62:U65)-SUM(W62:W65)-SUM(Z62:Z65)-SUM(Y62:Y65) -> 4.2651522 | AB62: =(SUM(K62:K65)-SUM(W62:W65)-SUM(Y62:Y65)-SUM(Z62:Z65)-SUM(AC62:AC65)-SUM(V62:V65))-AA62 -> 0 | AC62: =K62-T62 -> 0 | AD62: =+AM62+BA62 -> 5 | AE62: - Sheet Breaks (1x) | AF62: 5 | AM62: =SUM(AF62:AL62)+AT62+AV62+AX62 -> 5 | AR62: =SUM(AN62:AQ62) -> 0 | BA62: =+AR62+AS62+AU62+AW62+AY62+AZ62 -> 0 | BB62: 1
AD63: =+AM63+BA63 -> 20 | AE63: - Change Blade (3x) | AG63: 20 | AM63: =SUM(AF63:AL63)+AT63+AV63+AX63 -> 20 | AR63: =SUM(AN63:AQ63) -> 0 | BA63: =+AR63+AS63+AU63+AW63+AY63+AZ63 -> 0 | BC63: 3
AD64: =+AM64+BA64 -> 19 | AE64: - Cleaning | AH64: 19 | AM64: =SUM(AF64:AL64)+AT64+AV64+AX64 -> 19 | AR64: =SUM(AN64:AQ64) -> 0 | BA64: =+AR64+AS64+AU64+AW64+AY64+AZ64 -> 0
AD65: =+AM65+BA65 -> 10 | AE65: - Change Grade | AI65: 10 | AM65: =SUM(AF65:AL65)+AT65+AV65+AX65 -> 10 | AR65: =SUM(AN65:AQ65) -> 0 | BA65: =+AR65+AS65+AU65+AW65+AY65+AZ65 -> 0
A67: 46004 | B67: Napkin | C67: =(M67*E67*O67*Q67)/100000000 -> 68.198112 | D67: RC HW | E67: 20 | F67: 1 | G67: 830 | H67: 0.1 | I67: 0.88 | J67: =E67*G67*(1-H67)*1440/1000000*3.4 -> 73.14624 | K67: =(IF(G67<L67,L67,G67)*(1-IF(H67<N67,H67,N67))*E67*O67*Q67)/100000000 -> 68.198112 | L67: 830 | M67: 747 | N67: =1-(M67/L67) -> 0.1 | O67: =+'Trim Rwd'!H40 -> 317 | P67: =O67*(Q67-R67-S67) -> 426048 | Q67: 1440 | R67: 30 | S67: 66 | T67: =E67*M67*O67*Q67/100000000 -> 68.198112 | U67: =E67*M67*O67*(Q67-R67-S67)/100000000 -> 63.651571 | V67: =E67*G67*(1-N67)*O67/100*(R67+S67)/1000000 -> 4.5465408 | W67: =+'13'!K34/1000 -> 57.132 | X67: =SUM(W67:W70)/SUM(K67:K70) -> 0.8377358 | Y67: 0 | Z67: =+'13'!D34/1000 -> 0.442 | AA67: =SUM(U67:U70)-SUM(W67:W70)-SUM(Z67:Z70)-SUM(Y67:Y70) -> 6.0775712 | AB67: =(SUM(K67:K70)-SUM(W67:W70)-SUM(Y67:Y70)-SUM(Z67:Z70)-SUM(AC67:AC70)-SUM(V67:V70))-AA67 -> 0 | AC67: =K67-T67 -> 0 | AD67: =+AM67+BA67 -> 4 | AE67: - Sheet Breaks (1x) | AF67: 4 | AM67: =SUM(AF67:AL67)+AT67+AV67+AX67 -> 4 | AR67: =SUM(AN67:AQ67) -> 0 | BA67: =+AR67+AS67+AU67+AW67+AY67+AZ67 -> 0 | BB67: 1
