Workbook

Sheet Report1
A3: PAPER MACHINE 12 DAILY REPORT 1
A6: DATE | B6: GRADE | C6: GSM | D6: Speed yankee (mpm) | E6: Speed reel (mpm) | F6: Creep ( % ) | G6: Real Eff PM ( % ) | H6: Real Eff PM vs Target (%) | I6: Real Eff FG vs Real Eff PM (%) | J6: Eff FG vs Target (%) | L6: Kapasitas Target (ton) | N6: Kapasitas Teori Real (ton) | P6: PM PROD Timbangan (TON) | R6: FINSHED GOODS (TON) | T6: NET GROSS (Timbangan) (%) | V6: NET GROSS ( Scanner) (%) | X6: FRESH WATER | AB6: GAS HOOD | AH6: STEAM (TON) | AN6: STEAM (TON) DEINKING | AT6: POWER (kWh) | AZ6: POWER (kWh) DEINKING | BF6: Report | BH6: Kapasitas Running (ton) | BJ6: Eff FG vs Target Running(%)
X7: CONSUMPTION | Z7: /TON FG. | AB7: CONSUMPTION | AD7: /TON PM. | AF7: /TON FG. | AH7: CONSUMPTION | AJ7: /TON PM. | AL7: /TON FG. | AN7: CONSUMPTION | AP7: /TON PM. | AR7: /TON FG. | AT7: CONSUMPTION | AV7: /TON PM | AX7: /TON FG | AZ7: CONSUMPTION | BB7: /TON PM | BD7: /TON FG | BF7: Hood | BG7: Yankee
J8: TODAY | K8: TODATE | L8: TODAY | M8: TODATE | N8: TODAY | O8: TODATE | P8: TODAY | Q8: TODATE | R8: TODAY | S8: TODATE | T8: TODAY | U8: TODATE | V8: TODAY | W8: TODATE | X8: TODAY | Y8: TODATE | Z8: TODAY | AA8: TODATE | AB8: TODAY | AC8: TODATE | AD8: TODAY | AE8: TODATE | AF8: TODAY | AG8: TODATE | AH8: TODAY | AI8: TODATE | AJ8: TODAY | AK8: TODATE | AL8: TODAY | AM8: TODATE | AN8: TODAY | AO8: TODATE | AP8: TODAY | AQ8: TODATE | AR8: TODAY | AS8: TODATE | AT8: TODAY | AU8: TODATE | AV8: TODAY | AW8: TODATE | AX8: TODAY | AY8: TODATE | AZ8: TODAY | BA8: TODATE | BB8: TODAY | BC8: TODATE | BD8: TODAY | BE8: TODATE | BH8: TODAY | BI8: TODATE | BJ8: TODAY | BK8: TODATE
A9: 45931 | B9: Towel | C9: 34 | D9: =+'1'!F42 -> 0 | E9: =+'1'!G42 -> 0 | F9: =1-(E9/D9) -> #DIV/0! | G9: =+P9/N9 -> 0 | H9: =+P9/L9 -> 0 | I9: =+R9/P9 -> #DIV/0! | J9: =+R9/L9 -> 0 | K9: =+S9/M9 -> 0 | L9: =+SUM(Efficiency1!K6:K8) -> 69.693972 | M9: =L9 -> 69.693972 | N9: =+SUM(Efficiency1!C6:C8) -> 69.693972 | O9: =N9 -> 69.693972 | P9: ='1'!I38 -> 0 | Q9: =P9 -> 0 | R9: ='1'!I40 -> 0 | S9: =R9 -> 0 | T9: =R9/P9 -> #DIV/0! | U9: =S9/Q9 -> #DIV/0! | V9: =R9/L9 -> 0 | W9: =S9/M9 -> 0 | AB9: 0 | AC9: =AB9 -> 0 | AD9: =AB9/P9 -> #DIV/0! | AE9: =AC9/Q9 -> #DIV/0! | AF9: =IF(AND(R9>0,AB9>0),(AB9/(R9*1000))*1000,0) -> 0 | AG9: =IF(AND(S9>0,AC9>0),AC9/S9,0) -> 0 | AH9: =+BF9+BG9 -> 2.169 | AI9: =AH9 -> 2.169 | AJ9: =AH9/(P9) -> #DIV/0! | AK9: =AI9/(Q9) -> #DIV/0! | AL9: =IF(AND(R9>0,AH9>0),AH9/(R9),0) -> 0 | AM9: =IF(AND(S9>0,AI9>0),AI9/(S9),0) -> 0 | AN9: 0 | AO9: =AN9 -> 0 | AP9: =AN9/(P9) -> #DIV/0! | AQ9: =AO9/(Q9) -> #DIV/0! | AR9: =IF(AND(R9>0,AN9>0),AN9/(R9),0) -> 0 | AS9: =IF(AND(S9>0,AO9>0),AO9/(S9),0) -> 0 | AT9: ='1'!I46 -> 9364.25 | AU9: =AT9 -> 9364.25 | AV9: =IF(AND(L9>0,AT9>0),(AT9/(P9*1000)*1000),0) -> #DIV/0! | AW9: =IF(AND(M9>0,AU9>0),(AU9/(Q9*1000)*1000),0) -> #DIV/0! | AX9: =IF(AND(R9>0,AT9>0),(AT9/(R9*1000)*1000),0) -> 0 | AY9: =IF(AND(S9>0,AU9>0),(AU9/(S9*1000)*1000),0) -> 0 | AZ9: =+Listrik!AH8 -> 8610 | BA9: =AZ9 -> 8610 | BB9: =IF(AND(L9>0,AZ9>0),(AZ9/(P9*1000)*1000),0) -> #DIV/0! | BC9: =IF(AND(M9>0,BA9>0),(BA9/(Q9*1000)*1000),0) -> #DIV/0! | BD9: =IF(AND(R9>0,AZ9>0),(AZ9/(R9*1000)*1000),0) -> 0 | BE9: =IF(AND(S9>0,BA9>0),(BA9/(S9*1000)*1000),0) -> 0 | BF9: =0.023 -> 0.023 | BG9: 2.146 | BH9: =+SUM(Efficiency2!K6:K8) -> 0 | BI9: =BH9 -> 0 | BJ9: =+R9/BH9 -> #DIV/0! | BK9: =+S9/BI9 -> #DIV/0!
A10: =A9+1 -> 45932 | B10: Towel | C10: 17 | D10: =+'2'!F42 -> 812.2906 | E10: =+'2'!G42 -> 698.56991 | F10: =1-(E10/D10) -> 0.14 | G10: =+P10/N10 -> 0.78061971 | H10: =+P10/L10 -> 0.76396392 | I10: =+R10/P10 -> 0.83387906 | J10: =+R10/L10 -> 0.63705352 | K10: =+S10/M10 -> 0.28260253 | L10: =+Efficiency1!K11 -> 55.56676 | M10: =M9+L10 -> 125.26073 | N10: =+Efficiency1!C11 -> 54.381153 | O10: =O9+N10 -> 124.07513 | P10: ='2'!I38 -> 42.451 | Q10: =Q9+P10 -> 42.451 | R10: ='2'!I40 -> 35.399 | S10: =S9+R10 -> 35.399 | T10: =R10/P10 -> 0.83387906 | U10: =S10/Q10 -> 0.83387906 | V10: =R10/L10 -> 0.63705352 | W10: =S10/M10 -> 0.28260253 | AB10: 0 | AC10: =AB10+AC9 -> 0 | AD10: =AB10/P10 -> 0 | AE10: =AC10/Q10 -> 0 | AF10: =IF(AND(R10>0,AB10>0),(AB10/(R10*1000))*1000,0) -> 0 | AG10: =IF(AND(S10>0,AC10>0),AC10/S10,0) -> 0 | AH10: =+BF10+BG10 -> 146.954 | AI10: =AH10+AI9 -> 149.123 | AJ10: =AH10/(P10) -> 3.4617324 | AK10: =AI10/(Q10) -> 3.5128266 | AL10: =IF(AND(R10>0,AH10>0),AH10/(R10),0) -> 4.1513602 | AM10: =IF(AND(S10>0,AI10>0),AI10/(S10),0) -> 4.2126331 | AN10: 15.2 | AO10: =AN10+AO9 -> 15.2 | AP10: =AN10/(P10) -> 0.35805988 | AQ10: =AO10/(Q10) -> 0.35805988 | AR10: =IF(AND(R10>0,AN10>0),AN10/(R10),0) -> 0.42939066 | AS10: =IF(AND(S10>0,AO10>0),AO10/(S10),0) -> 0.42939066 | AT10: ='2'!I46 -> 33377.97 | AU10: =AT10+AU9 -> 42742.22 | AV10: =IF(AND(L10>0,AT10>0),(AT10/(P10*1000)*1000),0) -> 786.27052 | AW10: =IF(AND(M10>0,AU10>0),(AU10/(Q10*1000)*1000),0) -> 1006.8601 | AX10: =IF(AND(R10>0,AT10>0),(AT10/(R10*1000)*1000),0) -> 942.90714 | AY10: =IF(AND(S10>0,AU10>0),(AU10/(S10*1000)*1000),0) -> 1207.4415 | AZ10: =+Listrik!AH9 -> 34737 | BA10: =AZ10+BA9 -> 43347 | BB10: =IF(AND(L10>0,AZ10>0),(AZ10/(P10*1000)*1000),0) -> 818.28461 | BC10: =IF(AND(M10>0,BA10>0),(BA10/(Q10*1000)*1000),0) -> 1021.1067 | BD10: =IF(AND(R10>0,AZ10>0),(AZ10/(R10*1000)*1000),0) -> 981.29891 | BE10: =IF(AND(S10>0,BA10>0),(BA10/(S10*1000)*1000),0) -> 1224.5261 | BF10: =3.409 -> 3.409 | BG10: 143.545 | BH10: =+Efficiency2!K11 -> 46.305634 | BI10: =BI9+BH10 -> 46.305634 | BJ10: =+R10/BH10 -> 0.76446422 | BK10: =+S10/BI10 -> 0.76446422
A11: =A10+1 -> 45933 | B11: Towel | C11: 17/18 | D11: =+'3'!F42 -> 830 | E11: =+'3'!G42 -> 713.8 | F11: =1-(E11/D11) -> 0.14 | G11: =+P11/N11 -> 0.94700659 | H11: =+P11/L11 -> 0.94700659 | I11: =+R11/P11 -> 0.94632789 | J11: =+R11/L11 -> 0.89617874 | K11: =+S11/M11 -> 0.4794761 | L11: =+SUM(Efficiency1!K16:K17) -> 59.180159 | M11: =M10+L11 -> 184.44089 | N11: =+SUM(Efficiency1!C16:C17) -> 59.180159 | O11: =O10+N11 -> 183.25528 | P11: ='3'!I38 -> 56.044 | Q11: =Q10+P11 -> 98.495 | R11: ='3'!I40 -> 53.036 | S11: =S10+R11 -> 88.435 | T11: =R11/P11 -> 0.94632789 | U11: =S11/Q11 -> 0.89786284 | V11: =R11/L11 -> 0.89617874 | W11: =S11/M11 -> 0.4794761 | AB11: 0 | AC11: =AB11+AC10 -> 0 | AD11: =AB11/P11 -> 0 | AE11: =AC11/Q11 -> 0 | AF11: =IF(AND(R11>0,AB11>0),(AB11/(R11*1000))*1000,0) -> 0 | AG11: =IF(AND(S11>0,AC11>0),AC11/S11,0) -> 0 | AH11: =+BF11+BG11 -> 135.528 | AI11: =AH11+AI10 -> 284.651 | AJ11: =AH11/(P11) -> 2.4182428 | AK11: =AI11/(Q11) -> 2.8900046 | AL11: =IF(AND(R11>0,AH11>0),AH11/(R11),0) -> 2.5553963 | AM11: =IF(AND(S11>0,AI11>0),AI11/(S11),0) -> 3.2187595 | AN11: 10.1 | AO11: =AN11+AO10 -> 25.3 | AP11: =AN11/(P11) -> 0.18021554 | AQ11: =AO11/(Q11) -> 0.25686583 | AR11: =IF(AND(R11>0,AN11>0),AN11/(R11),0) -> 0.19043668 | AS11: =IF(AND(S11>0,AO11>0),AO11/(S11),0) -> 0.28608583 | AT11: ='3'!I46 -> 36074.73 | AU11: =AT11+AU10 -> 78816.95 | AV11: =IF(AND(L11>0,AT11>0),(AT11/(P11*1000)*1000),0) -> 643.68585 | AW11: =IF(AND(M11>0,AU11>0),(AU11/(Q11*1000)*1000),0) -> 800.2127 | AX11: =IF(AND(R11>0,AT11>0),(AT11/(R11*1000)*1000),0) -> 680.19326 | AY11: =IF(AND(S11>0,AU11>0),(AU11/(S11*1000)*1000),0) -> 891.24159 | AZ11: =+Listrik!AH10 -> 27237.2 | BA11: =AZ11+BA10 -> 70584.2 | BB11: =IF(AND(L11>0,AZ11>0),(AZ11/(P11*1000)*1000),0) -> 485.99672 | BC11: =IF(AND(M11>0,BA11>0),(BA11/(Q11*1000)*1000),0) -> 716.62724 | BD11: =IF(AND(R11>0,AZ11>0),(AZ11/(R11*1000)*1000),0) -> 513.5606 | BE11: =IF(AND(S11>0,BA11>0),(BA11/(S11*1000)*1000),0) -> 798.14779 | BF11: =1.849 -> 1.849 | BG11: 133.679 | BH11: =+SUM(Efficiency2!K16:K17) -> 59.180159 | BI11: =BI10+BH11 -> 105.48579 | BJ11: =+R11/BH11 -> 0.89617874 | BK11: =+S11/BI11 -> 0.83835935
A12: =A11+1 -> 45934 | B12: Towel | C12: 18 | D12: =+'4'!F42 -> 830 | E12: =+'4'!G42 -> 713.8 | F12: =1-(E12/D12) -> 0.14 | G12: =+P12/N12 -> 0.70148974 | H12: =+P12/L12 -> 0.70148974 | I12: =+R12/P12 -> 0.78664644 | J12: =+R12/L12 -> 0.55182441 | K12: =+S12/M12 -> 0.49705656 | L12: =+Efficiency1!K21 -> 59.205427 | M12: =M11+L12 -> 243.64632 | N12: =+Efficiency1!C21 -> 59.205427 | O12: =O11+N12 -> 242.46071 | P12: ='4'!I38 -> 41.532 | Q12: =Q11+P12 -> 140.027 | R12: ='4'!I40 -> 32.671 | S12: =S11+R12 -> 121.106 | T12: =R12/P12 -> 0.78664644 | U12: =S12/Q12 -> 0.86487606 | V12: =R12/L12 -> 0.55182441 | W12: =S12/M12 -> 0.49705656 | AB12: 0 | AC12: =AB12+AC11 -> 0 | AD12: =AB12/P12 -> 0 | AE12: =AC12/Q12 -> 0 | AF12: =IF(AND(R12>0,AB12>0),(AB12/(R12*1000))*1000,0) -> 0 | AG12: =IF(AND(S12>0,AC12>0),AC12/S12,0) -> 0 | AH12: =+BF12+BG12 -> 123.195 | AI12: =AH12+AI11 -> 407.846 | AJ12: =AH12/(P12) -> 2.966267 | AK12: =AI12/(Q12) -> 2.912624 | AL12: =IF(AND(R12>0,AH12>0),AH12/(R12),0) -> 3.7707753 | AM12: =IF(AND(S12>0,AI12>0),AI12/(S12),0) -> 3.3676779 | AN12: 8.4 | AO12: =AN12+AO11 -> 33.7 | AP12: =AN12/(P12) -> 0.20225368 | AQ12: =AO12/(Q12) -> 0.24066787 | AR12: =IF(AND(R12>0,AN12>0),AN12/(R12),0) -> 0.25710875 | AS12: =IF(AND(S12>0,AO12>0),AO12/(S12),0) -> 0.27826862 | AT12: ='4'!I46 -> 29622.36 | AU12: =AT12+AU11 -> 108439.31 | AV12: =IF(AND(L12>0,AT12>0),(AT12/(P12*1000)*1000),0) -> 713.24184 | AW12: =IF(AND(M12>0,AU12>0),(AU12/(Q12*1000)*1000),0) -> 774.41715 | AX12: =IF(AND(R12>0,AT12>0),(AT12/(R12*1000)*1000),0) -> 906.68666 | AY12: =IF(AND(S12>0,AU12>0),(AU12/(S12*1000)*1000),0) -> 895.40824 | AZ12: =+Listrik!AH11 -> 22490.5 | BA12: =AZ12+BA11 -> 93074.7 | BB12: =IF(AND(L12>0,AZ12>0),(AZ12/(P12*1000)*1000),0) -> 541.5222 | BC12: =IF(AND(M12>0,BA12>0),(BA12/(Q12*1000)*1000),0) -> 664.6911 | BD12: =IF(AND(R12>0,AZ12>0),(AZ12/(R12*1000)*1000),0) -> 688.39338 | BE12: =IF(AND(S12>0,BA12>0),(BA12/(S12*1000)*1000),0) -> 768.53913 | BF12: =2.854 -> 2.854 | BG12: 120.341 | BH12: =+Efficiency2!K21 -> 59.205427 | BI12: =BI11+BH12 -> 164.69122 | BJ12: =+R12/BH12 -> 0.55182441 | BK12: =+S12/BI12 -> 0.73535189
A13: =A12+1 -> 45935 | B13: Towel | C13: 18/20 | D13: =+'5'!F42 -> 830 | E13: =+'5'!G42 -> 713.8 | F13: =1-(E13/D13) -> 0.14 | G13: =+P13/N13 -> 0.7943066 | H13: =+P13/L13 -> 0.7943066 | I13: =+R13/P13 -> 0.90507276 | J13: =+R13/L13 -> 0.71890526 | K13: =+S13/M13 -> 0.54222786 | L13: =+SUM(Efficiency1!K26:K27) -> 62.293326 | M13: =M12+L13 -> 305.93964 | N13: =+SUM(Efficiency1!C26:C27) -> 62.293326 | O13: =O12+N13 -> 304.75404 | P13: ='5'!I38 -> 49.48 | Q13: =Q12+P13 -> 189.507 | R13: ='5'!I40 -> 44.783 | S13: =S12+R13 -> 165.889 | T13: =R13/P13 -> 0.90507276 | U13: =S13/Q13 -> 0.87537136 | V13: =R13/L13 -> 0.71890526 | W13: =S13/M13 -> 0.54222786 | AB13: 0 | AC13: =AB13+AC12 -> 0 | AD13: =AB13/P13 -> 0 | AE13: =AC13/Q13 -> 0 | AF13: =IF(AND(R13>0,AB13>0),(AB13/(R13*1000))*1000,0) -> 0 | AG13: =IF(AND(S13>0,AC13>0),AC13/S13,0) -> 0 | AH13: =+BF13+BG13 -> 125.263 | AI13: =AH13+AI12 -> 533.109 | AJ13: =AH13/(P13) -> 2.5315885 | AK13: =AI13/(Q13) -> 2.8131362 | AL13: =IF(AND(R13>0,AH13>0),AH13/(R13),0) -> 2.7971105 | AM13: =IF(AND(S13>0,AI13>0),AI13/(S13),0) -> 3.2136489 | AN13: 10.6 | AO13: =AN13+AO12 -> 44.3 | AP13: =AN13/(P13) -> 0.21422797 | AQ13: =AO13/(Q13) -> 0.23376445 | AR13: =IF(AND(R13>0,AN13>0),AN13/(R13),0) -> 0.23669696 | AS13: =IF(AND(S13>0,AO13>0),AO13/(S13),0) -> 0.26704604 | AT13: ='5'!I46 -> 31409.12 | AU13: =AT13+AU12 -> 139848.43 | AV13: =IF(AND(L13>0,AT13>0),(AT13/(P13*1000)*1000),0) -> 634.78416 | AW13: =IF(AND(M13>0,AU13>0),(AU13/(Q13*1000)*1000),0) -> 737.95918 | AX13: =IF(AND(R13>0,AT13>0),(AT13/(R13*1000)*1000),0) -> 701.36257 | AY13: =IF(AND(S13>0,AU13>0),(AU13/(S13*1000)*1000),0) -> 843.02413 | AZ13: =+Listrik!AH12 -> 25890.64 | BA13: =AZ13+BA12 -> 118965.34 | BB13: =IF(AND(L13>0,AZ13>0),(AZ13/(P13*1000)*1000),0) -> 523.25465 | BC13: =IF(AND(M13>0,BA13>0),(BA13/(Q13*1000)*1000),0) -> 627.76225 | BD13: =IF(AND(R13>0,AZ13>0),(AZ13/(R13*1000)*1000),0) -> 578.13545 | BE13: =IF(AND(S13>0,BA13>0),(BA13/(S13*1000)*1000),0) -> 717.13821 | BF13: =1.709 -> 1.709 | BG13: 123.554 | BH13: =+SUM(Efficiency2!K26:K27) -> 62.293326 | BI13: =BI12+BH13 -> 226.98455 | BJ13: =+R13/BH13 -> 0.71890526 | BK13: =+S13/BI13 -> 0.7308383
A14: =A13+1 -> 45936 | B14: Towel | C14: 20/17/18/18,5 | D14: =+'6'!F42 -> 830 | E14: =+'6'!G42 -> 713.8 | F14: =1-(E14/D14) -> 0.14 | G14: =+P14/N14 -> 0.94593443 | H14: =+P14/L14 -> 0.94593443 | I14: =+R14/P14 -> 0.97516556 | J14: =+R14/L14 -> 0.92244268 | K14: =+S14/M14 -> 0.60950089 | L14: =+SUM(Efficiency1!K32:K35) -> 65.767772 | M14: =M13+L14 -> 371.70742 | N14: =+SUM(Efficiency1!C32:C35) -> 65.767772 | O14: =O13+N14 -> 370.52181 | P14: ='6'!I38 -> 62.212 | Q14: =Q13+P14 -> 251.719 | R14: ='6'!I40 -> 60.667 | S14: =S13+R14 -> 226.556 | T14: =R14/P14 -> 0.97516556 | U14: =S14/Q14 -> 0.90003536 | V14: =R14/L14 -> 0.92244268 | W14: =S14/M14 -> 0.60950089 | AB14: 0 | AC14: =AB14+AC13 -> 0 | AD14: =AB14/P14 -> 0 | AE14: =AC14/Q14 -> 0 | AF14: =IF(AND(R14>0,AB14>0),(AB14/(R14*1000))*1000,0) -> 0 | AG14: =IF(AND(S14>0,AC14>0),AC14/S14,0) -> 0 | AH14: =+BF14+BG14 -> 136.004 | AI14: =AH14+AI13 -> 669.113 | AJ14: =AH14/(P14) -> 2.1861377 | AK14: =AI14/(Q14) -> 2.6581744 | AL14: =IF(AND(R14>0,AH14>0),AH14/(R14),0) -> 2.2418119 | AM14: =IF(AND(S14>0,AI14>0),AI14/(S14),0) -> 2.9534111 | AN14: 10.3 | AO14: =AN14+AO13 -> 54.6 | AP14: =AN14/(P14) -> 0.16556291 | AQ14: =AO14/(Q14) -> 0.21690854 | AR14: =IF(AND(R14>0,AN14>0),AN14/(R14),0) -> 0.16977929 | AS14: =IF(AND(S14>0,AO14>0),AO14/(S14),0) -> 0.24100002 | AT14: ='6'!I46 -> 36077.61 | AU14: =AT14+AU13 -> 175926.04 | AV14: =IF(AND(L14>0,AT14>0),(AT14/(P14*1000)*1000),0) -> 579.914 | AW14: =IF(AND(M14>0,AU14>0),(AU14/(Q14*1000)*1000),0) -> 698.89853 | AX14: =IF(AND(R14>0,AT14>0),(AT14/(R14*1000)*1000),0) -> 594.68261 | AY14: =IF(AND(S14>0,AU14>0),(AU14/(S14*1000)*1000),0) -> 776.52342 | AZ14: =+Listrik!AH13 -> 26265.4 | BA14: =AZ14+BA13 -> 145230.74 | BB14: =IF(AND(L14>0,AZ14>0),(AZ14/(P14*1000)*1000),0) -> 422.19186 | BC14: =IF(AND(M14>0,BA14>0),(BA14/(Q14*1000)*1000),0) -> 576.95581 | BD14: =IF(AND(R14>0,AZ14>0),(AZ14/(R14*1000)*1000),0) -> 432.94378 | BE14: =IF(AND(S14>0,BA14>0),(BA14/(S14*1000)*1000),0) -> 641.03683 | BF14: =2.099 -> 2.099 | BG14: 133.905 | BH14: =+SUM(Efficiency2!K32:K35) -> 65.767772 | BI14: =BI13+BH14 -> 292.75232 | BJ14: =+R14/BH14 -> 0.92244268 | BK14: =+S14/BI14 -> 0.77388286
A15: =A14+1 -> 45937 | B15: Towel | C15: 18,5/32 | D15: =+'7'!F42 -> 538.88889 | E15: =+'7'!G42 -> 472.72361 | F15: =1-(E15/D15) -> 0.12278093 | G15: =+P15/N15 -> 1.0569362 | H15: =+P15/L15 -> 1.0383609 | I15: =+R15/P15 -> 1.0085612 | J15: =+R15/L15 -> 1.0472504 | K15: =+S15/M15 -> 0.67572565 | L15: =+SUM(Efficiency1!K37:K38) -> 66.257313 | M15: =M14+L15 -> 437.96473 | N15: =+SUM(Efficiency1!C37:C38) -> 65.092859 | O15: =O14+N15 -> 435.61467 | P15: ='7'!I38 -> 68.799 | Q15: =Q14+P15 -> 320.518 | R15: ='7'!I40 -> 69.388 | S15: =S14+R15 -> 295.944 | T15: =R15/P15 -> 1.0085612 | U15: =S15/Q15 -> 0.92333036 | V15: =R15/L15 -> 1.0472504 | W15: =S15/M15 -> 0.67572565 | AB15: 0 | AC15: =AB15+AC14 -> 0 | AD15: =AB15/P15 -> 0 | AE15: =AC15/Q15 -> 0 | AF15: =IF(AND(R15>0,AB15>0),(AB15/(R15*1000))*1000,0) -> 0 | AG15: =IF(AND(S15>0,AC15>0),AC15/S15,0) -> 0 | AH15: =+BF15+BG15 -> 121.743 | AI15: =AH15+AI14 -> 790.856 | AJ15: =AH15/(P15) -> 1.7695461 | AK15: =AI15/(Q15) -> 2.4674308 | AL15: =IF(AND(R15>0,AH15>0),AH15/(R15),0) -> 1.7545253 | AM15: =IF(AND(S15>0,AI15>0),AI15/(S15),0) -> 2.6723164 | AN15: 13.1 | AO15: =AN15+AO14 -> 67.7 | AP15: =AN15/(P15) -> 0.19040974 | AQ15: =AO15/(Q15) -> 0.21122059 | AR15: =IF(AND(R15>0,AN15>0),AN15/(R15),0) -> 0.18879345 | AS15: =IF(AND(S15>0,AO15>0),AO15/(S15),0) -> 0.2287595 | AT15: ='7'!I46 -> 35992.25 | AU15: =AT15+AU14 -> 211918.29 | AV15: =IF(AND(L15>0,AT15>0),(AT15/(P15*1000)*1000),0) -> 523.15077 | AW15: =IF(AND(M15>0,AU15>0),(AU15/(Q15*1000)*1000),0) -> 661.17438 | AX15: =IF(AND(R15>0,AT15>0),(AT15/(R15*1000)*1000),0) -> 518.71001 | AY15: =IF(AND(S15>0,AU15>0),(AU15/(S15*1000)*1000),0) -> 716.07564 | AZ15: =+Listrik!AH14 -> 34858.6 | BA15: =AZ15+BA14 -> 180089.34 | BB15: =IF(AND(L15>0,AZ15>0),(AZ15/(P15*1000)*1000),0) -> 506.67306 | BC15: =IF(AND(M15>0,BA15>0),(BA15/(Q15*1000)*1000),0) -> 561.86966 | BD15: =IF(AND(R15>0,AZ15>0),(AZ15/(R15*1000)*1000),0) -> 502.37217 | BE15: =IF(AND(S15>0,BA15>0),(BA15/(S15*1000)*1000),0) -> 608.52506 | BF15: =2.261 -> 2.261 | BG15: 119.482 | BH15: =+SUM(Efficiency2!K37:K38) -> 66.257313 | BI15: =BI14+BH15 -> 359.00963 | BJ15: =+R15/BH15 -> 1.0472504 | BK15: =+S15/BI15 -> 0.82433443
A16: =A15+1 -> 45938 | B16: Towel | C16: 32/34/36/38 | D16: =+'8'!F42 -> 473.52083 | E16: =+'8'!G42 -> 416.69833 | F16: =1-(E16/D16) -> 0.12 | G16: =+P16/N16 -> 0.96361311 | H16: =+P16/L16 -> 0.95854409 | I16: =+R16/P16 -> 0.98539637 | J16: =+R16/L16 -> 0.94454587 | K16: =+S16/M16 -> 0.71156213 | L16: =+SUM(Efficiency1!K42:K45) -> 67.365707 | M16: =M15+L16 -> 505.33044 | N16: =+SUM(Efficiency1!C42:C45) -> 67.011334 | O16: =O15+N16 -> 502.626 | P16: ='8'!I38 -> 64.573 | Q16: =Q15+P16 -> 385.091 | R16: ='8'!I40 -> 63.63 | S16: =S15+R16 -> 359.574 | T16: =R16/P16 -> 0.98539637 | U16: =S16/Q16 -> 0.93373774 | V16: =R16/L16 -> 0.94454587 | W16: =S16/M16 -> 0.71156213 | AB16: 0 | AC16: =AB16+AC15 -> 0 | AD16: =AB16/P16 -> 0 | AE16: =AC16/Q16 -> 0 | AF16: =IF(AND(R16>0,AB16>0),(AB16/(R16*1000))*1000,0) -> 0 | AG16: =IF(AND(S16>0,AC16>0),AC16/S16,0) -> 0 | AH16: =+BF16+BG16 -> 121.563 | AI16: =AH16+AI15 -> 912.419 | AJ16: =AH16/(P16) -> 1.882567 | AK16: =AI16/(Q16) -> 2.3693595 | AL16: =IF(AND(R16>0,AH16>0),AH16/(R16),0) -> 1.9104668 | AM16: =IF(AND(S16>0,AI16>0),AI16/(S16),0) -> 2.5374999 | AN16: 10.6 | AO16: =AN16+AO15 -> 78.3 | AP16: =AN16/(P16) -> 0.1641553 | AQ16: =AO16/(Q16) -> 0.20332856 | AR16: =IF(AND(R16>0,AN16>0),AN16/(R16),0) -> 0.16658809 | AS16: =IF(AND(S16>0,AO16>0),AO16/(S16),0) -> 0.21775768 | AT16: ='8'!I46 -> 32501.39 | AU16: =AT16+AU15 -> 244419.68 | AV16: =IF(AND(L16>0,AT16>0),(AT16/(P16*1000)*1000),0) -> 503.32786 | AW16: =IF(AND(M16>0,AU16>0),(AU16/(Q16*1000)*1000),0) -> 634.70629 | AX16: =IF(AND(R16>0,AT16>0),(AT16/(R16*1000)*1000),0) -> 510.78721 | AY16: =IF(AND(S16>0,AU16>0),(AU16/(S16*1000)*1000),0) -> 679.74792 | AZ16: =+Listrik!AH15 -> 26943.4 | BA16: =AZ16+BA15 -> 207032.74 | BB16: =IF(AND(L16>0,AZ16>0),(AZ16/(P16*1000)*1000),0) -> 417.25489 | BC16: =IF(AND(M16>0,BA16>0),(BA16/(Q16*1000)*1000),0) -> 537.6203 | BD16: =IF(AND(R16>0,AZ16>0),(AZ16/(R16*1000)*1000),0) -> 423.43863 | BE16: =IF(AND(S16>0,BA16>0),(BA16/(S16*1000)*1000),0) -> 575.77227 | BF16: =2.285 -> 2.285 | BG16: 119.278 | BH16: =+SUM(Efficiency2!K42:K45) -> 67.365707 | BI16: =BI15+BH16 -> 426.37534 | BJ16: =+R16/BH16 -> 0.94454587 | BK16: =+S16/BI16 -> 0.84332739
A17: =A16+1 -> 45939 | B17: Towel | C17: 38/36/30 | D17: =+'9'!F42 -> 475.48611 | E17: =+'9'!G42 -> 418.42778 | F17: =1-(E17/D17) -> 0.12 | G17: =+P17/N17 -> 0.99152521 | H17: =+P17/L17 -> 0.99152521 | I17: =+R17/P17 -> 0.98867919 | J17: =+R17/L17 -> 0.98030034 | K17: =+S17/M17 -> 0.74353555 | L17: =+SUM(Efficiency1!K47:K49) -> 68.241331 | M17: =M16+L17 -> 573.57177 | N17: =+SUM(Efficiency1!C47:C49) -> 68.241331 | O17: =O16+N17 -> 570.86733 | P17: ='9'!I38 -> 67.663 | Q17: =Q16+P17 -> 452.754 | R17: ='9'!I40 -> 66.897 | S17: =S16+R17 -> 426.471 | T17: =R17/P17 -> 0.98867919 | U17: =S17/Q17 -> 0.94194861 | V17: =R17/L17 -> 0.98030034 | W17: =S17/M17 -> 0.74353555 | AB17: 0 | AC17: =AB17+AC16 -> 0 | AD17: =AB17/P17 -> 0 | AE17: =AC17/Q17 -> 0 | AF17: =IF(AND(R17>0,AB17>0),(AB17/(R17*1000))*1000,0) -> 0 | AG17: =IF(AND(S17>0,AC17>0),AC17/S17,0) -> 0 | AH17: =+BF17+BG17 -> 125.213 | AI17: =AH17+AI16 -> 1037.632 | AJ17: =AH17/(P17) -> 1.8505387 | AK17: =AI17/(Q17) -> 2.2918229 | AL17: =IF(AND(R17>0,AH17>0),AH17/(R17),0) -> 1.8717282 | AM17: =IF(AND(S17>0,AI17>0),AI17/(S17),0) -> 2.4330658 | AN17: 14.1 | AO17: =AN17+AO16 -> 92.4 | AP17: =AN17/(P17) -> 0.20838568 | AQ17: =AO17/(Q17) -> 0.20408434 | AR17: =IF(AND(R17>0,AN17>0),AN17/(R17),0) -> 0.21077178 | AS17: =IF(AND(S17>0,AO17>0),AO17/(S17),0) -> 0.21666186 | AT17: ='9'!I46 -> 30853.79 | AU17: =AT17+AU16 -> 275273.47 | AV17: =IF(AND(L17>0,AT17>0),(AT17/(P17*1000)*1000),0) -> 455.99205 | AW17: =IF(AND(M17>0,AU17>0),(AU17/(Q17*1000)*1000),0) -> 607.99788 | AX17: =IF(AND(R17>0,AT17>0),(AT17/(R17*1000)*1000),0) -> 461.21336 | AY17: =IF(AND(S17>0,AU17>0),(AU17/(S17*1000)*1000),0) -> 645.4682 | AZ17: =+Listrik!AH16 -> 36937.2 | BA17: =AZ17+BA16 -> 243969.94 | BB17: =IF(AND(L17>0,AZ17>0),(AZ17/(P17*1000)*1000),0) -> 545.89953 | BC17: =IF(AND(M17>0,BA17>0),(BA17/(Q17*1000)*1000),0) -> 538.85761 | BD17: =IF(AND(R17>0,AZ17>0),(AZ17/(R17*1000)*1000),0) -> 552.15032 | BE17: =IF(AND(S17>0,BA17>0),(BA17/(S17*1000)*1000),0) -> 572.06689 | BF17: =2.54 -> 2.54 | BG17: 122.673 | BH17: =+SUM(Efficiency2!K47:K49) -> 68.241331 | BI17: =BI16+BH17 -> 494.61667 | BJ17: =+R17/BH17 -> 0.98030034 | BK17: =+S17/BI17 -> 0.86222529
A18: =A17+1 -> 45940 | B18: Towel | C18: 30/28 | D18: =+'10'!F42 -> 589.09722 | E18: =+'10'!G42 -> 518.40556 | F18: =1-(E18/D18) -> 0.12 | G18: =+P18/N18 -> 0.98000011 | H18: =+P18/L18 -> 0.98000011 | I18: =+R18/P18 -> 0.9801886 | J18: =+R18/L18 -> 0.96058493 | K18: =+S18/M18 -> 0.76704967 | L18: =+SUM(Efficiency1!K52:K53) -> 69.687747 | M18: =M17+L18 -> 643.25951 | N18: =+SUM(Efficiency1!C52:C53) -> 69.687747 | O18: =O17+N18 -> 640.55508 | P18: ='10'!I38 -> 68.294 | Q18: =Q17+P18 -> 521.048 | R18: ='10'!I40 -> 66.941 | S18: =S17+R18 -> 493.412 | T18: =R18/P18 -> 0.9801886 | U18: =S18/Q18 -> 0.94696074 | V18: =R18/L18 -> 0.96058493 | W18: =S18/M18 -> 0.76704967 | AB18: 0 | AC18: =AB18+AC17 -> 0 | AD18: =AB18/P18 -> 0 | AE18: =AC18/Q18 -> 0 | AF18: =IF(AND(R18>0,AB18>0),(AB18/(R18*1000))*1000,0) -> 0 | AG18: =IF(AND(S18>0,AC18>0),AC18/S18,0) -> 0 | AH18: =+BF18+BG18 -> 136.842 | AI18: =AH18+AI17 -> 1174.474 | AJ18: =AH18/(P18) -> 2.0037192 | AK18: =AI18/(Q18) -> 2.254061 | AL18: =IF(AND(R18>0,AH18>0),AH18/(R18),0) -> 2.044218 | AM18: =IF(AND(S18>0,AI18>0),AI18/(S18),0) -> 2.380311 | AN18: 12.2 | AO18: =AN18+AO17 -> 104.6 | AP18: =AN18/(P18) -> 0.17863941 | AQ18: =AO18/(Q18) -> 0.20074926 | AR18: =IF(AND(R18>0,AN18>0),AN18/(R18),0) -> 0.18225004 | AS18: =IF(AND(S18>0,AO18>0),AO18/(S18),0) -> 0.21199322 | AT18: ='10'!I46 -> 32327.01 | AU18: =AT18+AU17 -> 307600.48 | AV18: =IF(AND(L18>0,AT18>0),(AT18/(P18*1000)*1000),0) -> 473.35066 | AW18: =IF(AND(M18>0,AU18>0),(AU18/(Q18*1000)*1000),0) -> 590.3496 | AX18: =IF(AND(R18>0,AT18>0),(AT18/(R18*1000)*1000),0) -> 482.91794 | AY18: =IF(AND(S18>0,AU18>0),(AU18/(S18*1000)*1000),0) -> 623.41508 | AZ18: =+Listrik!AH17 -> 31230.8 | BA18: =AZ18+BA17 -> 275200.74 | BB18: =IF(AND(L18>0,AZ18>0),(AZ18/(P18*1000)*1000),0) -> 457.29932 | BC18: =IF(AND(M18>0,BA18>0),(BA18/(Q18*1000)*1000),0) -> 528.16773 | BD18: =IF(AND(R18>0,AZ18>0),(AZ18/(R18*1000)*1000),0) -> 466.54218 | BE18: =IF(AND(S18>0,BA18>0),(BA18/(S18*1000)*1000),0) -> 557.7504 | BF18: =2.767 -> 2.767 | BG18: 134.075 | BH18: =+SUM(Efficiency2!K52:K53) -> 69.687747 | BI18: =BI17+BH18 -> 564.30442 | BJ18: =+R18/BH18 -> 0.96058493 | BK18: =+S18/BI18 -> 0.87437203
A19: =A18+1 -> 45941 | B19: Towel | C19: 28/20,5 | D19: =+'11'!F42 -> 794.58333 | E19: =+'11'!G42 -> 684.39167 | F19: =1-(E19/D19) -> 0.13867855 | G19: =+P19/N19 -> 0.97195726 | H19: =+P19/L19 -> 0.95001115 | I19: =+R19/P19 -> 0.95021019 | J19: =+R19/L19 -> 0.90271028 | K19: =+S19/M19 -> 0.77990833 | L19: =+SUM(Efficiency1!K57:K58) -> 67.356051 | M19: =M18+L19 -> 710.61557 | N19: =+SUM(Efficiency1!C57:C58) -> 65.835199 | O19: =O18+N19 -> 706.39028 | P19: ='11'!I38 -> 63.989 | Q19: =Q18+P19 -> 585.037 | R19: ='11'!I40 -> 60.803 | S19: =S18+R19 -> 554.215 | T19: =R19/P19 -> 0.95021019 | U19: =S19/Q19 -> 0.94731615 | V19: =R19/L19 -> 0.90271028 | W19: =S19/M19 -> 0.77990833 | AB19: 0 | AC19: =AB19+AC18 -> 0 | AD19: =AB19/P19 -> 0 | AE19: =AC19/Q19 -> 0 | AF19: =IF(AND(R19>0,AB19>0),(AB19/(R19*1000))*1000,0) -> 0 | AG19: =IF(AND(S19>0,AC19>0),AC19/S19,0) -> 0 | AH19: =+BF19+BG19 -> 139.471 | AI19: =AH19+AI18 -> 1313.945 | AJ19: =AH19/(P19) -> 2.179609 | AK19: =AI19/(Q19) -> 2.2459178 | AL19: =IF(AND(R19>0,AH19>0),AH19/(R19),0) -> 2.2938177 | AM19: =IF(AND(S19>0,AI19>0),AI19/(S19),0) -> 2.3708218 | AN19: 11.5 | AO19: =AN19+AO18 -> 116.1 | AP19: =AN19/(P19) -> 0.17971839 | AQ19: =AO19/(Q19) -> 0.19844899 | AR19: =IF(AND(R19>0,AN19>0),AN19/(R19),0) -> 0.1891354 | AS19: =IF(AND(S19>0,AO19>0),AO19/(S19),0) -> 0.20948549 | AT19: ='11'!I46 -> 35496.17 | AU19: =AT19+AU18 -> 343096.65 | AV19: =IF(AND(L19>0,AT19>0),(AT19/(P19*1000)*1000),0) -> 554.723 | AW19: =IF(AND(M19>0,AU19>0),(AU19/(Q19*1000)*1000),0) -> 586.45291 | AX19: =IF(AND(R19>0,AT19>0),(AT19/(R19*1000)*1000),0) -> 583.78978 | AY19: =IF(AND(S19>0,AU19>0),(AU19/(S19*1000)*1000),0) -> 619.06778 | AZ19: =+Listrik!AH18 -> 28711.446 | BA19: =AZ19+BA18 -> 303912.19 | BB19: =IF(AND(L19>0,AZ19>0),(AZ19/(P19*1000)*1000),0) -> 448.69346 | BC19: =IF(AND(M19>0,BA19>0),(BA19/(Q19*1000)*1000),0) -> 519.47515 | BD19: =IF(AND(R19>0,AZ19>0),(AZ19/(R19*1000)*1000),0) -> 472.20443 | BE19: =IF(AND(S19>0,BA19>0),(BA19/(S19*1000)*1000),0) -> 548.36514 | BF19: =2.447 -> 2.447 | BG19: 137.024 | BH19: =+SUM(Efficiency2!K57:K58) -> 67.356051 | BI19: =BI18+BH19 -> 631.66047 | BJ19: =+R19/BH19 -> 0.90271028 | BK19: =+S19/BI19 -> 0.87739384
A20: =A19+1 -> 45942 | B20: Napkin | C20: 20,5 | D20: =+'12'!F42 -> 803.23482 | E20: =+'12'!G42 -> 690.78195 | F20: =1-(E20/D20) -> 0.14 | G20: =+P20/N20 -> 0.79756488 | H20: =+P20/L20 -> 0.77184564 | I20: =+R20/P20 -> 0.98396936 | J20: =+R20/L20 -> 0.75947247 | K20: =+S20/M20 -> 0.7781398 | L20: =+Efficiency1!K62 -> 67.323046 | M20: =M19+L20 -> 777.93861 | N20: =+Efficiency1!C62 -> 65.152067 | O20: =O19+N20 -> 771.54235 | P20: ='12'!I38 -> 51.963 | Q20: =Q19+P20 -> 637 | R20: ='12'!I40 -> 51.13 | S20: =S19+R20 -> 605.345 | T20: =R20/P20 -> 0.98396936 | U20: =S20/Q20 -> 0.95030612 | V20: =R20/L20 -> 0.75947247 | W20: =S20/M20 -> 0.7781398 | AB20: 0 | AC20: =AB20+AC19 -> 0 | AD20: =AB20/P20 -> 0 | AE20: =AC20/Q20 -> 0 | AF20: =IF(AND(R20>0,AB20>0),(AB20/(R20*1000))*1000,0) -> 0 | AG20: =IF(AND(S20>0,AC20>0),AC20/S20,0) -> 0 | AH20: =+BF20+BG20 -> 125.794 | AI20: =AH20+AI19 -> 1439.739 | AJ20: =AH20/(P20) -> 2.4208379 | AK20: =AI20/(Q20) -> 2.2601868 | AL20: =IF(AND(R20>0,AH20>0),AH20/(R20),0) -> 2.4602777 | AM20: =IF(AND(S20>0,AI20>0),AI20/(S20),0) -> 2.3783776 | AN20: 10.2 | AO20: =AN20+AO19 -> 126.3 | AP20: =AN20/(P20) -> 0.19629352 | AQ20: =AO20/(Q20) -> 0.19827316 | AR20: =IF(AND(R20>0,AN20>0),AN20/(R20),0) -> 0.19949149 | AS20: =IF(AND(S20>0,AO20>0),AO20/(S20),0) -> 0.20864135 | AT20: ='12'!I46 -> 33687.62 | AU20: =AT20+AU19 -> 376784.27 | AV20: =IF(AND(L20>0,AT20>0),(AT20/(P20*1000)*1000),0) -> 648.30014 | AW20: =IF(AND(M20>0,AU20>0),(AU20/(Q20*1000)*1000),0) -> 591.49807 | AX20: =IF(AND(R20>0,AT20>0),(AT20/(R20*1000)*1000),0) -> 658.86212 | AY20: =IF(AND(S20>0,AU20>0),(AU20/(S20*1000)*1000),0) -> 622.42898 | AZ20: =+Listrik!AH19 -> 28421.702 | BA20: =AZ20+BA19 -> 332333.89 | BB20: =IF(AND(L20>0,AZ20>0),(AZ20/(P20*1000)*1000),0) -> 546.96038 | BC20: =IF(AND(M20>0,BA20>0),(BA20/(Q20*1000)*1000),0) -> 521.71725 | BD20: =IF(AND(R20>0,AZ20>0),(AZ20/(R20*1000)*1000),0) -> 555.87135 | BE20: =IF(AND(S20>0,BA20>0),(BA20/(S20*1000)*1000),0) -> 548.99915 | BF20: =2.482 -> 2.482 | BG20: 123.312 | BH20: =+Efficiency2!K62 -> 67.323046 | BI20: =BI19+BH20 -> 698.98351 | BJ20: =+R20/BH20 -> 0.75947247 | BK20: =+S20/BI20 -> 0.86603616
A21: =A20+1 -> 45943 | B21: Napkin | C21: 20,5 | D21: =+'13'!F42 -> 830 | E21: =+'13'!G42 -> 713.8 | F21: =1-(E21/D21) -> 0.14 | G21: =+P21/N21 -> 0.86636008 | H21: =+P21/L21 -> 0.86636008 | I21: =+R21/P21 -> 0.93690635 | J21: =+R21/L21 -> 0.81169827 | K21: =+S21/M21 -> 0.78081266 | L21: =+Efficiency1!K68 -> 67.323046 | M21: =M20+L21 -> 845.26166 | N21: =+Efficiency1!C68 -> 67.323046 | O21: =O20+N21 -> 838.86539 | P21: ='13'!I38 -> 58.326 | Q21: =Q20+P21 -> 695.326 | R21: ='13'!I40 -> 54.646 | S21: =S20+R21 -> 659.991 | T21: =R21/P21 -> 0.93690635 | U21: =S21/Q21 -> 0.94918211 | V21: =R21/L21 -> 0.81169827 | W21: =S21/M21 -> 0.78081266 | AB21: 0 | AC21: =AB21+AC20 -> 0 | AD21: =AB21/P21 -> 0 | AE21: =AC21/Q21 -> 0 | AF21: =IF(AND(R21>0,AB21>0),(AB21/(R21*1000))*1000,0) -> 0 | AG21: =IF(AND(S21>0,AC21>0),AC21/S21,0) -> 0 | AH21: =+BF21+BG21 -> 135.662 | AI21: =AH21+AI20 -> 1575.401 | AJ21: =AH21/(P21) -> 2.3259267 | AK21: =AI21/(Q21) -> 2.2657013 | AL21: =IF(AND(R21>0,AH21>0),AH21/(R21),0) -> 2.4825605 | AM21: =IF(AND(S21>0,AI21>0),AI21/(S21),0) -> 2.3870038 | AN21: 10.2 | AO21: =AN21+AO20 -> 136.5 | AP21: =AN21/(P21) -> 0.17487913 | AQ21: =AO21/(Q21) -> 0.1963108 | AR21: =IF(AND(R21>0,AN21>0),AN21/(R21),0) -> 0.18665593 | AS21: =IF(AND(S21>0,AO21>0),AO21/(S21),0) -> 0.206821 | AT21: ='13'!I46 -> 32518.41 | AU21: =AT21+AU20 -> 409302.68 | AV21: =IF(AND(L21>0,AT21>0),(AT21/(P21*1000)*1000),0) -> 557.52855 | AW21: =IF(AND(M21>0,AU21>0),(AU21/(Q21*1000)*1000),0) -> 588.64861 | AX21: =IF(AND(R21>0,AT21>0),(AT21/(R21*1000)*1000),0) -> 595.07393 | AY21: =IF(AND(S21>0,AU21>0),(AU21/(S21*1000)*1000),0) -> 620.16403 | AZ21: =+Listrik!AH20 -> 26345.3 | BA21: =AZ21+BA20 -> 358679.19 | BB21: =IF(AND(L21>0,AZ21>0),(AZ21/(P21*1000)*1000),0) -> 451.6905 | BC21: =IF(AND(M21>0,BA21>0),(BA21/(Q21*1000)*1000),0) -> 515.8432 | BD21: =IF(AND(R21>0,AZ21>0),(AZ21/(R21*1000)*1000),0) -> 482.10848 | BE21: =IF(AND(S21>0,BA21>0),(BA21/(S21*1000)*1000),0) -> 543.46073 | BF21: =2.315 -> 2.315 | BG21: 133.347 | BH21: =+Efficiency2!K68 -> 67.323046 | BI21: =BI20+BH21 -> 766.30656 | BJ21: =+R21/BH21 -> 0.81169827 | BK21: =+S21/BI21 -> 0.86126237
A22: =A21+1 -> 45944 | B22: Napkin/Towel | C22: 20,5/30 | D22: =+'14'!F42 -> 636.52778 | E22: =+'14'!G42 -> 555.01458 | F22: =1-(E22/D22) -> 0.12805913 | G22: =+P22/N22 -> 0.9970745 | H22: =+P22/L22 -> 0.9970745 | I22: =+R22/P22 -> 1.0587114 | J22: =+R22/L22 -> 1.0556142 | K22: =+S22/M22 -> 0.80080352 | L22: =+SUM(Efficiency1!K74:K75) -> 66.314001 | M22: =M21+L22 -> 911.57566 | N22: =+SUM(Efficiency1!C74:C75) -> 66.314001 | O22: =O21+N22 -> 905.17939 | P22: ='14'!I38 -> 66.12 | Q22: =Q21+P22 -> 761.446 | R22: ='14'!I40 -> 70.002 | S22: =S21+R22 -> 729.993 | T22: =R22/P22 -> 1.0587114 | U22: =S22/Q22 -> 0.95869307 | V22: =R22/L22 -> 1.0556142 | W22: =S22/M22 -> 0.80080352 | AB22: 0 | AC22: =AB22+AC21 -> 0 | AD22: =AB22/P22 -> 0 | AE22: =AC22/Q22 -> 0 | AF22: =IF(AND(R22>0,AB22>0),(AB22/(R22*1000))*1000,0) -> 0 | AG22: =IF(AND(S22>0,AC22>0),AC22/S22,0) -> 0 | AH22: =+BF22+BG22 -> 142.463 | AI22: =AH22+AI21 -> 1717.864 | AJ22: =AH22/(P22) -> 2.1546128 | AK22: =AI22/(Q22) -> 2.2560549 | AL22: =IF(AND(R22>0,AH22>0),AH22/(R22),0) -> 2.0351276 | AM22: =IF(AND(S22>0,AI22>0),AI22/(S22),0) -> 2.3532609 | AN22: 16.6 | AO22: =AN22+AO21 -> 153.1 | AP22: =AN22/(P22) -> 0.25105868 | AQ22: =AO22/(Q22) -> 0.20106482 | AR22: =IF(AND(R22>0,AN22>0),AN22/(R22),0) -> 0.23713608 | AS22: =IF(AND(S22>0,AO22>0),AO22/(S22),0) -> 0.20972804 | AT22: ='14'!I46 -> 33745.6 | AU22: =AT22+AU21 -> 443048.28 | AV22: =IF(AND(L22>0,AT22>0),(AT22/(P22*1000)*1000),0) -> 510.36903 | AW22: =IF(AND(M22>0,AU22>0),(AU22/(Q22*1000)*1000),0) -> 581.85121 | AX22: =IF(AND(R22>0,AT22>0),(AT22/(R22*1000)*1000),0) -> 482.06623 | AY22: =IF(AND(S22>0,AU22>0),(AU22/(S22*1000)*1000),0) -> 606.92127 | AZ22: =+Listrik!AH21 -> 38320.4 | BA22: =AZ22+BA21 -> 396999.59 | BB22: =IF(AND(L22>0,AZ22>0),(AZ22/(P22*1000)*1000),0) -> 579.55838 | BC22: =IF(AND(M22>0,BA22>0),(BA22/(Q22*1000)*1000),0) -> 521.37589 | BD22: =IF(AND(R22>0,AZ22>0),(AZ22/(R22*1000)*1000),0) -> 547.41865 | BE22: =IF(AND(S22>0,BA22>0),(BA22/(S22*1000)*1000),0) -> 543.84027 | BF22: =5.471 -> 5.471 | BG22: 136.992 | BH22: =+SUM(Efficiency2!K74:K75) -> 66.314001 | BI22: =BI21+BH22 -> 832.62056 | BJ22: =+R22/BH22 -> 1.0556142 | BK22: =+S22/BI22 -> 0.8767415
A23: =A22+1 -> 45945 | B23: Towel/Napkin | C23: 30/17/16 | D23: =+'15'!F42 -> 818.33333 | E23: =+'15'!G42 -> 704.225 | F23: =1-(E23/D23) -> 0.13943992 | G23: =+P23/N23 -> 0.96293527 | H23: =+P23/L23 -> 0.96293527 | I23: =+R23/P23 -> 0.92461296 | J23: =+R23/L23 -> 0.89034243 | K23: =+S23/M23 -> 0.80598669 | L23: =+SUM(Efficiency1!K79:K81) -> 56.011034 | M23: =M22+L23 -> 967.58669 | N23: =+SUM(Efficiency1!C79:C81) -> 56.011034 | O23: =O22+N23 -> 961.19043 | P23: ='15'!I38 -> 53.935 | Q23: =Q22+P23 -> 815.381 | R23: ='15'!I40 -> 49.869 | S23: =S22+R23 -> 779.862 | T23: =R23/P23 -> 0.92461296 | U23: =S23/Q23 -> 0.95643877 | V23: =R23/L23 -> 0.89034243 | W23: =S23/M23 -> 0.80598669 | AB23: 0 | AC23: =AB23+AC22 -> 0 | AD23: =AB23/P23 -> 0 | AE23: =AC23/Q23 -> 0 | AF23: =IF(AND(R23>0,AB23>0),(AB23/(R23*1000))*1000,0) -> 0 | AG23: =IF(AND(S23>0,AC23>0),AC23/S23,0) -> 0 | AH23: =+BF23+BG23 -> 125.113 | AI23: =AH23+AI22 -> 1842.977 | AJ23: =AH23/(P23) -> 2.3196996 | AK23: =AI23/(Q23) -> 2.2602648 | AL23: =IF(AND(R23>0,AH23>0),AH23/(R23),0) -> 2.5088331 | AM23: =IF(AND(S23>0,AI23>0),AI23/(S23),0) -> 2.3632091 | AN23: 16.8 | AO23: =AN23+AO22 -> 169.9 | AP23: =AN23/(P23) -> 0.31148605 | AQ23: =AO23/(Q23) -> 0.20836885 | AR23: =IF(AND(R23>0,AN23>0),AN23/(R23),0) -> 0.33688263 | AS23: =IF(AND(S23>0,AO23>0),AO23/(S23),0) -> 0.21785906 | AT23: ='15'!I46 -> 35638.8 | AU23: =AT23+AU22 -> 478687.08 | AV23: =IF(AND(L23>0,AT23>0),(AT23/(P23*1000)*1000),0) -> 660.77315 | AW23: =IF(AND(M23>0,AU23>0),(AU23/(Q23*1000)*1000),0) -> 587.07166 | AX23: =IF(AND(R23>0,AT23>0),(AT23/(R23*1000)*1000),0) -> 714.64838 | AY23: =IF(AND(S23>0,AU23>0),(AU23/(S23*1000)*1000),0) -> 613.80998 | AZ23: =+Listrik!AH22 -> 25872 | BA23: =AZ23+BA22 -> 422871.59 | BB23: =IF(AND(L23>0,AZ23>0),(AZ23/(P23*1000)*1000),0) -> 479.68851 | BC23: =IF(AND(M23>0,BA23>0),(BA23/(Q23*1000)*1000),0) -> 518.6184 | BD23: =IF(AND(R23>0,AZ23>0),(AZ23/(R23*1000)*1000),0) -> 518.79925 | BE23: =IF(AND(S23>0,BA23>0),(BA23/(S23*1000)*1000),0) -> 542.239 | BF23: =5.063 -> 5.063 | BG23: 120.05 | BH23: =+SUM(Efficiency2!K79:K81) -> 56.011034 | BI23: =BI22+BH23 -> 888.63159 | BJ23: =+R23/BH23 -> 0.89034243 | BK23: =+S23/BI23 -> 0.87759878
A24: =A23+1 -> 45946 | B24: Napkin | C24: 16 | D24: =+'16'!F42 -> 830 | E24: =+'16'!G42 -> 713.8 | F24: =1-(E24/D24) -> 0.14 | G24: =+P24/N24 -> 0.96589685 | H24: =+P24/L24 -> 0.96589685 | I24: =+R24/P24 -> 0.47945259 | J24: =+R24/L24 -> 0.46310174 | K24: =+S24/M24 -> 0.78819439 | L24: =+SUM(Efficiency1!K84:K85) -> 52.955965 | M24: =M23+L24 -> 1020.5427 | N24: =+SUM(Efficiency1!C84:C85) -> 52.955965 | O24: =O23+N24 -> 1014.1464 | P24: ='16'!I38 -> 51.15 | Q24: =Q23+P24 -> 866.531 | R24: ='16'!I40 -> 24.524 | S24: =S23+R24 -> 804.386 | T24: =R24/P24 -> 0.47945259 | U24: =S24/Q24 -> 0.928283 | V24: =R24/L24 -> 0.46310174 | W24: =S24/M24 -> 0.78819439 | AB24: 0 | AC24: =AB24+AC23 -> 0 | AD24: =AB24/P24 -> 0 | AE24: =AC24/Q24 -> 0 | AF24: =IF(AND(R24>0,AB24>0),(AB24/(R24*1000))*1000,0) -> 0 | AG24: =IF(AND(S24>0,AC24>0),AC24/S24,0) -> 0 | AH24: =+BF24+BG24 -> 129.235 | AI24: =AH24+AI23 -> 1972.212 | AJ24: =AH24/(P24) -> 2.5265885 | AK24: =AI24/(Q24) -> 2.2759855 | AL24: =IF(AND(R24>0,AH24>0),AH24/(R24),0) -> 5.2697358 | AM24: =IF(AND(S24>0,AI24>0),AI24/(S24),0) -> 2.4518229 | AN24: 13.6 | AO24: =AN24+AO23 -> 183.5 | AP24: =AN24/(P24) -> 0.26588465 | AQ24: =AO24/(Q24) -> 0.21176392 | AR24: =IF(AND(R24>0,AN24>0),AN24/(R24),0) -> 0.5545588 | AS24: =IF(AND(S24>0,AO24>0),AO24/(S24),0) -> 0.22812431 | AT24: ='16'!I46 -> 30895.6 | AU24: =AT24+AU23 -> 509582.68 | AV24: =IF(AND(L24>0,AT24>0),(AT24/(P24*1000)*1000),0) -> 604.01955 | AW24: =IF(AND(M24>0,AU24>0),(AU24/(Q24*1000)*1000),0) -> 588.07207 | AX24: =IF(AND(R24>0,AT24>0),(AT24/(R24*1000)*1000),0) -> 1259.8108 | AY24: =IF(AND(S24>0,AU24>0),(AU24/(S24*1000)*1000),0) -> 633.50516 | AZ24: =+Listrik!AH23 -> 24647 | BA24: =AZ24+BA23 -> 447518.59 | BB24: =IF(AND(L24>0,AZ24>0),(AZ24/(P24*1000)*1000),0) -> 481.85728 | BC24: =IF(AND(M24>0,BA24>0),(BA24/(Q24*1000)*1000),0) -> 516.44845 | BD24: =IF(AND(R24>0,AZ24>0),(AZ24/(R24*1000)*1000),0) -> 1005.0155 | BE24: =IF(AND(S24>0,BA24>0),(BA24/(S24*1000)*1000),0) -> 556.34806 | BF24: =1.916 -> 1.916 | BG24: 127.319 | BH24: =+SUM(Efficiency2!K84:K85) -> 52.955965 | BI24: =BI23+BH24 -> 941.58756 | BJ24: =+R24/BH24 -> 0.46310174 | BK24: =+S24/BI24 -> 0.85428699
A25: =A24+1 -> 45947 | B25: Napkin | C25: 16/15,5 | D25: =+'17'!F42 -> 800 | E25: =+'17'!G42 -> 688 | F25: =1-(E25/D25) -> 0.14 | G25: =+P25/N25 -> 0.7978859 | H25: =+P25/L25 -> 0.76904665 | I25: =+R25/P25 -> 1.0637745 | J25: =+R25/L25 -> 0.81809222 | K25: =+S25/M25 -> 0.78965832 | L25: =+SUM(Efficiency1!K89:K90) -> 52.542976 | M25: =M24+L25 -> 1073.0856 | N25: =+SUM(Efficiency1!C89:C90) -> 50.643832 | O25: =O24+N25 -> 1064.7902 | P25: ='17'!I38 -> 40.408 | Q25: =Q24+P25 -> 906.939 | R25: ='17'!I40 -> 42.985 | S25: =S24+R25 -> 847.371 | T25: =R25/P25 -> 1.0637745 | U25: =S25/Q25 -> 0.93431973 | V25: =R25/L25 -> 0.81809222 | W25: =S25/M25 -> 0.78965832 | AB25: 0 | AC25: =AB25+AC24 -> 0 | AD25: =AB25/P25 -> 0 | AE25: =AC25/Q25 -> 0 | AF25: =IF(AND(R25>0,AB25>0),(AB25/(R25*1000))*1000,0) -> 0 | AG25: =IF(AND(S25>0,AC25>0),AC25/S25,0) -> 0 | AH25: =+BF25+BG25 -> 105.137 | AI25: =AH25+AI24 -> 2077.349 | AJ25: =AH25/(P25) -> 2.6018858 | AK25: =AI25/(Q25) -> 2.2905058 | AL25: =IF(AND(R25>0,AH25>0),AH25/(R25),0) -> 2.4458997 | AM25: =IF(AND(S25>0,AI25>0),AI25/(S25),0) -> 2.4515224 | AN25: 8.5 | AO25: =AN25+AO24 -> 192 | AP25: =AN25/(P25) -> 0.21035439 | AQ25: =AO25/(Q25) -> 0.21170112 | AR25: =IF(AND(R25>0,AN25>0),AN25/(R25),0) -> 0.1977434 | AS25: =IF(AND(S25>0,AO25>0),AO25/(S25),0) -> 0.22658316 | AT25: ='17'!I46 -> 33547.44 | AU25: =AT25+AU24 -> 543130.12 | AV25: =IF(AND(L25>0,AT25>0),(AT25/(P25*1000)*1000),0) -> 830.21778 | AW25: =IF(AND(M25>0,AU25>0),(AU25/(Q25*1000)*1000),0) -> 598.8607 | AX25: =IF(AND(R25>0,AT25>0),(AT25/(R25*1000)*1000),0) -> 780.44527 | AY25: =IF(AND(S25>0,AU25>0),(AU25/(S25*1000)*1000),0) -> 640.95906 | AZ25: =+Listrik!AH24 -> 17331 | BA25: =AZ25+BA24 -> 464849.59 | BB25: =IF(AND(L25>0,AZ25>0),(AZ25/(P25*1000)*1000),0) -> 428.90022 | BC25: =IF(AND(M25>0,BA25>0),(BA25/(Q25*1000)*1000),0) -> 512.5478 | BD25: =IF(AND(R25>0,AZ25>0),(AZ25/(R25*1000)*1000),0) -> 403.18716 | BE25: =IF(AND(S25>0,BA25>0),(BA25/(S25*1000)*1000),0) -> 548.57859 | BF25: =1.377 -> 1.377 | BG25: 103.76 | BH25: =+SUM(Efficiency2!K89:K90) -> 52.542976 | BI25: =BI24+BH25 -> 994.13054 | BJ25: =+R25/BH25 -> 0.81809222 | BK25: =+S25/BI25 -> 0.85237398
A26: =A25+1 -> 45948 | B26: Napkin | C26: 15,5 | D26: =+'18'!F42 -> 830 | E26: =+'18'!G42 -> 713.8 | F26: =1-(E26/D26) -> 0.14 | G26: =+P26/N26 -> 0.49518917 | H26: =+P26/L26 -> 0.49518917 | I26: =+R26/P26 -> 0.94822006 | J26: =+R26/L26 -> 0.4695483 | K26: =+S26/M26 -> 0.77475031 | L26: =+Efficiency1!K95 -> 52.416333 | M26: =M25+L26 -> 1125.502 | N26: =+Efficiency1!C95 -> 52.416333 | O26: =O25+N26 -> 1117.2066 | P26: ='18'!I38 -> 25.956 | Q26: =Q25+P26 -> 932.895 | R26: ='18'!I40 -> 24.612 | S26: =S25+R26 -> 871.983 | T26: =R26/P26 -> 0.94822006 | U26: =S26/Q26 -> 0.93470648 | V26: =R26/L26 -> 0.4695483 | W26: =S26/M26 -> 0.77475031 | AB26: 0 | AC26: =AB26+AC25 -> 0 | AD26: =AB26/P26 -> 0 | AE26: =AC26/Q26 -> 0 | AF26: =IF(AND(R26>0,AB26>0),(AB26/(R26*1000))*1000,0) -> 0 | AG26: =IF(AND(S26>0,AC26>0),AC26/S26,0) -> 0 | AH26: =+BF26+BG26 -> 80.039 | AI26: =AH26+AI25 -> 2157.388 | AJ26: =AH26/(P26) -> 3.0836415 | AK26: =AI26/(Q26) -> 2.3125732 | AL26: =IF(AND(R26>0,AH26>0),AH26/(R26),0) -> 3.2520315 | AM26: =IF(AND(S26>0,AI26>0),AI26/(S26),0) -> 2.474117 | AN26: 11.1 | AO26: =AN26+AO25 -> 203.1 | AP26: =AN26/(P26) -> 0.42764679 | AQ26: =AO26/(Q26) -> 0.21770939 | AR26: =IF(AND(R26>0,AN26>0),AN26/(R26),0) -> 0.45099951 | AS26: =IF(AND(S26>0,AO26>0),AO26/(S26),0) -> 0.23291738 | AT26: ='18'!I46 -> 21046.07 | AU26: =AT26+AU25 -> 564176.19 | AV26: =IF(AND(L26>0,AT26>0),(AT26/(P26*1000)*1000),0) -> 810.83642 | AW26: =IF(AND(M26>0,AU26>0),(AU26/(Q26*1000)*1000),0) -> 604.75851 | AX26: =IF(AND(R26>0,AT26>0),(AT26/(R26*1000)*1000),0) -> 855.11417 | AY26: =IF(AND(S26>0,AU26>0),(AU26/(S26*1000)*1000),0) -> 647.00366 | AZ26: =+Listrik!AH25 -> 17305 | BA26: =AZ26+BA25 -> 482154.59 | BB26: =IF(AND(L26>0,AZ26>0),(AZ26/(P26*1000)*1000),0) -> 666.70519 | BC26: =IF(AND(M26>0,BA26>0),(BA26/(Q26*1000)*1000),0) -> 516.83693 | BD26: =IF(AND(R26>0,AZ26>0),(AZ26/(R26*1000)*1000),0) -> 703.1123 | BE26: =IF(AND(S26>0,BA26>0),(BA26/(S26*1000)*1000),0) -> 552.94035 | BF26: =0.643 -> 0.643 | BG26: 79.396 | BH26: =+Efficiency2!K95 -> 52.416333 | BI26: =BI25+BH26 -> 1046.5469 | BJ26: =+R26/BH26 -> 0.4695483 | BK26: =+S26/BI26 -> 0.83320014
A27: =A26+1 -> 45949 | B27: Napkin | C27: 15,5 | D27: =+'19'!F42 -> 830 | E27: =+'19'!G42 -> 713.8 | F27: =1-(E27/D27) -> 0.14 | G27: =+P27/N27 -> 0.96702683 | H27: =+P27/L27 -> 0.96702683 | I27: =+R27/P27 -> 0.96760574 | J27: =+R27/L27 -> 0.93570072 | K27: =+S27/M27 -> 0.78191246 | L27: =+Efficiency1!K100 -> 52.416333 | M27: =M26+L27 -> 1177.9183 | N27: =+Efficiency1!C100 -> 52.416333 | O27: =O26+N27 -> 1169.6229 | P27: ='19'!I38 -> 50.688 | Q27: =Q26+P27 -> 983.583 | R27: ='19'!I40 -> 49.046 | S27: =S26+R27 -> 921.029 | T27: =R27/P27 -> 0.96760574 | U27: =S27/Q27 -> 0.93640191 | V27: =R27/L27 -> 0.93570072 | W27: =S27/M27 -> 0.78191246 | AB27: 0 | AC27: =AB27+AC26 -> 0 | AD27: =AB27/P27 -> 0 | AE27: =AC27/Q27 -> 0 | AF27: =IF(AND(R27>0,AB27>0),(AB27/(R27*1000))*1000,0) -> 0 | AG27: =IF(AND(S27>0,AC27>0),AC27/S27,0) -> 0 | AH27: =+BF27+BG27 -> 121.2 | AI27: =AH27+AI26 -> 2278.588 | AJ27: =AH27/(P27) -> 2.3910985 | AK27: =AI27/(Q27) -> 2.3166199 | AL27: =IF(AND(R27>0,AH27>0),AH27/(R27),0) -> 2.4711495 | AM27: =IF(AND(S27>0,AI27>0),AI27/(S27),0) -> 2.473959 | AN27: 12 | AO27: =AN27+AO26 -> 215.1 | AP27: =AN27/(P27) -> 0.23674242 | AQ27: =AO27/(Q27) -> 0.21869024 | AR27: =IF(AND(R27>0,AN27>0),AN27/(R27),0) -> 0.24466827 | AS27: =IF(AND(S27>0,AO27>0),AO27/(S27),0) -> 0.23354313 | AT27: ='19'!I46 -> 37504.57 | AU27: =AT27+AU26 -> 601680.76 | AV27: =IF(AND(L27>0,AT27>0),(AT27/(P27*1000)*1000),0) -> 739.91024 | AW27: =IF(AND(M27>0,AU27>0),(AU27/(Q27*1000)*1000),0) -> 611.72342 | AX27: =IF(AND(R27>0,AT27>0),(AT27/(R27*1000)*1000),0) -> 764.68152 | AY27: =IF(AND(S27>0,AU27>0),(AU27/(S27*1000)*1000),0) -> 653.27016 | AZ27: =+Listrik!AH26 -> 19293 | BA27: =AZ27+BA26 -> 501447.59 | BB27: =IF(AND(L27>0,AZ27>0),(AZ27/(P27*1000)*1000),0) -> 380.62263 | BC27: =IF(AND(M27>0,BA27>0),(BA27/(Q27*1000)*1000),0) -> 509.81726 | BD27: =IF(AND(R27>0,AZ27>0),(AZ27/(R27*1000)*1000),0) -> 393.36541 | BE27: =IF(AND(S27>0,BA27>0),(BA27/(S27*1000)*1000),0) -> 544.44278 | BF27: =1.149 -> 1.149 | BG27: 120.051 | BH27: =+Efficiency2!K100 -> 52.416333 | BI27: =BI26+BH27 -> 1098.9632 | BJ27: =+R27/BH27 -> 0.93570072 | BK27: =+S27/BI27 -> 0.83808903
A28: =A27+1 -> 45950 | B28: Napkin | C28: 15,5 | D28: =+'20'!F42 -> 830 | E28: =+'20'!G42 -> 713.8 | F28: =1-(E28/D28) -> 0.14 | G28: =+P28/N28 -> 0.94172937 | H28: =+P28/L28 -> 0.94172937 | I28: =+R28/P28 -> 1.0053685 | J28: =+R28/L28 -> 0.94678505 | K28: =+S28/M28 -> 0.78893658 | L28: =+Efficiency1!K104 -> 52.416333 | M28: =M27+L28 -> 1230.3346 | N28: =+Efficiency1!C104 -> 52.416333 | O28: =O27+N28 -> 1222.0392 | P28: ='20'!I38 -> 49.362 | Q28: =Q27+P28 -> 1032.945 | R28: ='20'!I40 -> 49.627 | S28: =S27+R28 -> 970.656 | T28: =R28/P28 -> 1.0053685 | U28: =S28/Q28 -> 0.93969766 | V28: =R28/L28 -> 0.94678505 | W28: =S28/M28 -> 0.78893658 | AB28: 0 | AC28: =AB28+AC27 -> 0 | AD28: =AB28/P28 -> 0 | AE28: =AC28/Q28 -> 0 | AF28: =IF(AND(R28>0,AB28>0),(AB28/(R28*1000))*1000,0) -> 0 | AG28: =IF(AND(S28>0,AC28>0),AC28/S28,0) -> 0 | AH28: =+BF28+BG28 -> 120.823 | AI28: =AH28+AI27 -> 2399.411 | AJ28: =AH28/(P28) -> 2.4476926 | AK28: =AI28/(Q28) -> 2.3228836 | AL28: =IF(AND(R28>0,AH28>0),AH28/(R28),0) -> 2.4346223 | AM28: =IF(AND(S28>0,AI28>0),AI28/(S28),0) -> 2.4719478 | AN28: 14.4 | AO28: =AN28+AO27 -> 229.5 | AP28: =AN28/(P28) -> 0.29172238 | AQ28: =AO28/(Q28) -> 0.22218027 | AR28: =IF(AND(R28>0,AN28>0),AN28/(R28),0) -> 0.29016463 | AS28: =IF(AND(S28>0,AO28>0),AO28/(S28),0) -> 0.23643804 | AT28: ='20'!I46 -> 35243.73 | AU28: =AT28+AU27 -> 636924.49 | AV28: =IF(AND(L28>0,AT28>0),(AT28/(P28*1000)*1000),0) -> 713.98505 | AW28: =IF(AND(M28>0,AU28>0),(AU28/(Q28*1000)*1000),0) -> 616.61026 | AX28: =IF(AND(R28>0,AT28>0),(AT28/(R28*1000)*1000),0) -> 710.17249 | AY28: =IF(AND(S28>0,AU28>0),(AU28/(S28*1000)*1000),0) -> 656.17942 | AZ28: =+Listrik!AH27 -> 22897 | BA28: =AZ28+BA27 -> 524344.59 | BB28: =IF(AND(L28>0,AZ28>0),(AZ28/(P28*1000)*1000),0) -> 463.85884 | BC28: =IF(AND(M28>0,BA28>0),(BA28/(Q28*1000)*1000),0) -> 507.62101 | BD28: =IF(AND(R28>0,AZ28>0),(AZ28/(R28*1000)*1000),0) -> 461.38191 | BE28: =IF(AND(S28>0,BA28>0),(BA28/(S28*1000)*1000),0) -> 540.1961 | BF28: =2.103 -> 2.103 | BG28: 118.72 | BH28: =+Efficiency2!K104 -> 52.416333 | BI28: =BI27+BH28 -> 1151.3795 | BJ28: =+R28/BH28 -> 0.94678505 | BK28: =+S28/BI28 -> 0.84303739
A29: =A28+1 -> 45951 | B29: Napkin | C29: 15,5/17/16 | D29: =+'21'!F42 -> 830 | E29: =+'21'!G42 -> 713.8 | F29: =1-(E29/D29) -> 0.14 | G29: =+P29/N29 -> 0.94766473 | H29: =+P29/L29 -> 0.94766473 | I29: =+R29/P29 -> 0.94631689 | J29: =+R29/L29 -> 0.89679114 | K29: =+S29/M29 -> 0.79359268 | L29: =+SUM(Efficiency1!K108:K110) -> 55.510138 | M29: =M28+L29 -> 1285.8448 | N29: =+SUM(Efficiency1!C108:C110) -> 55.510138 | O29: =O28+N29 -> 1277.5494 | P29: ='21'!I38 -> 52.605 | Q29: =Q28+P29 -> 1085.55 | R29: ='21'!I40 -> 49.781 | S29: =S28+R29 -> 1020.437 | T29: =R29/P29 -> 0.94631689 | U29: =S29/Q29 -> 0.94001842 | V29: =R29/L29 -> 0.89679114 | W29: =S29/M29 -> 0.79359268 | AB29: 0 | AC29: =AB29+AC28 -> 0 | AD29: =AB29/P29 -> 0 | AE29: =AC29/Q29 -> 0 | AF29: =IF(AND(R29>0,AB29>0),(AB29/(R29*1000))*1000,0) -> 0 | AG29: =IF(AND(S29>0,AC29>0),AC29/S29,0) -> 0 | AH29: =+BF29+BG29 -> 128.018 | AI29: =AH29+AI28 -> 2527.429 | AJ29: =AH29/(P29) -> 2.433571 | AK29: =AI29/(Q29) -> 2.3282474 | AL29: =IF(AND(R29>0,AH29>0),AH29/(R29),0) -> 2.5716237 | AM29: =IF(AND(S29>0,AI29>0),AI29/(S29),0) -> 2.4768104 | AN29: 12.1 | AO29: =AN29+AO28 -> 241.6 | AP29: =AN29/(P29) -> 0.23001616 | AQ29: =AO29/(Q29) -> 0.22255999 | AR29: =IF(AND(R29>0,AN29>0),AN29/(R29),0) -> 0.24306462 | AS29: =IF(AND(S29>0,AO29>0),AO29/(S29),0) -> 0.23676131 | AT29: ='21'!I46 -> 37000.89 | AU29: =AT29+AU28 -> 673925.38 | AV29: =IF(AND(L29>0,AT29>0),(AT29/(P29*1000)*1000),0) -> 703.37211 | AW29: =IF(AND(M29>0,AU29>0),(AU29/(Q29*1000)*1000),0) -> 620.81468 | AX29: =IF(AND(R29>0,AT29>0),(AT29/(R29*1000)*1000),0) -> 743.27334 | AY29: =IF(AND(S29>0,AU29>0),(AU29/(S29*1000)*1000),0) -> 660.42821 | AZ29: =+Listrik!AH28 -> 19372 | BA29: =AZ29+BA28 -> 543716.59 | BB29: =IF(AND(L29>0,AZ29>0),(AZ29/(P29*1000)*1000),0) -> 368.25397 | BC29: =IF(AND(M29>0,BA29>0),(BA29/(Q29*1000)*1000),0) -> 500.86738 | BD29: =IF(AND(R29>0,AZ29>0),(AZ29/(R29*1000)*1000),0) -> 389.14445 | BE29: =IF(AND(S29>0,BA29>0),(BA29/(S29*1000)*1000),0) -> 532.8272 | BF29: =1.037 -> 1.037 | BG29: 126.981 | BH29: =+SUM(Efficiency2!K108:K110) -> 55.510138 | BI29: =BI28+BH29 -> 1206.8897 | BJ29: =+R29/BH29 -> 0.89679114 | BK29: =+S29/BI29 -> 0.84550976
A30: =A29+1 -> 45952 | B30: Napkin/Towel | C30: 16/19/30,5 | D30: =+'22'!F42 -> 697.08333 | E30: =+'22'!G42 -> 608.47639 | F30: =1-(E30/D30) -> 0.12711098 | G30: =+P30/N30 -> 0.94982551 | H30: =+P30/L30 -> 0.94982551 | I30: =+R30/P30 -> 0.85691648 | J30: =+R30/L30 -> 0.81392114 | K30: =+S30/M30 -> 0.79454385 | L30: =+SUM(Efficiency1!K113:K115) -> 63.117909 | M30: =M29+L30 -> 1348.9627 | N30: =+SUM(Efficiency1!C113:C115) -> 63.117909 | O30: =O29+N30 -> 1340.6673 | P30: ='22'!I38 -> 59.951 | Q30: =Q29+P30 -> 1145.501 | R30: ='22'!I40 -> 51.373 | S30: =S29+R30 -> 1071.81 | T30: =R30/P30 -> 0.85691648 | U30: =S30/Q30 -> 0.9356692 | V30: =R30/L30 -> 0.81392114 | W30: =S30/M30 -> 0.79454385 | AB30: 0 | AC30: =AB30+AC29 -> 0 | AD30: =AB30/P30 -> 0 | AE30: =AC30/Q30 -> 0 | AF30: =IF(AND(R30>0,AB30>0),(AB30/(R30*1000))*1000,0) -> 0 | AG30: =IF(AND(S30>0,AC30>0),AC30/S30,0) -> 0 | AH30: =+BF30+BG30 -> 133.476 | AI30: =AH30+AI29 -> 2660.905 | AJ30: =AH30/(P30) -> 2.2264182 | AK30: =AI30/(Q30) -> 2.3229181 | AL30: =IF(AND(R30>0,AH30>0),AH30/(R30),0) -> 2.5981741 | AM30: =IF(AND(S30>0,AI30>0),AI30/(S30),0) -> 2.4826275 | AN30: 17.6 | AO30: =AN30+AO29 -> 259.2 | AP30: =AN30/(P30) -> 0.29357308 | AQ30: =AO30/(Q30) -> 0.22627654 | AR30: =IF(AND(R30>0,AN30>0),AN30/(R30),0) -> 0.34259241 | AS30: =IF(AND(S30>0,AO30>0),AO30/(S30),0) -> 0.24183391 | AT30: ='22'!I46 -> 36649.12 | AU30: =AT30+AU29 -> 710574.5 | AV30: =IF(AND(L30>0,AT30>0),(AT30/(P30*1000)*1000),0) -> 611.31791 | AW30: =IF(AND(M30>0,AU30>0),(AU30/(Q30*1000)*1000),0) -> 620.31766 | AX30: =IF(AND(R30>0,AT30>0),(AT30/(R30*1000)*1000),0) -> 713.39264 | AY30: =IF(AND(S30>0,AU30>0),(AU30/(S30*1000)*1000),0) -> 662.96685 | AZ30: =+Listrik!AH29 -> 27589 | BA30: =AZ30+BA29 -> 571305.59 | BB30: =IF(AND(L30>0,AZ30>0),(AZ30/(P30*1000)*1000),0) -> 460.19249 | BC30: =IF(AND(M30>0,BA30>0),(BA30/(Q30*1000)*1000),0) -> 498.73862 | BD30: =IF(AND(R30>0,AZ30>0),(AZ30/(R30*1000)*1000),0) -> 537.03307 | BE30: =IF(AND(S30>0,BA30>0),(BA30/(S30*1000)*1000),0) -> 533.02879 | BF30: =1.02 -> 1.02 | BG30: 132.456 | BH30: =+SUM(Efficiency2!K113:K115) -> 63.117909 | BI30: =BI29+BH30 -> 1270.0076 | BJ30: =+R30/BH30 -> 0.81392114 | BK30: =+S30/BI30 -> 0.84393984
A31: =A30+1 -> 45953 | B31: Towel | C31: 30,5 | D31: =+'23'!F42 -> 540 | E31: =+'23'!G42 -> 475.2 | F31: =1-(E31/D31) -> 0.12 | G31: =+P31/N31 -> 0.99139474 | H31: =+P31/L31 -> 0.99139474 | I31: =+R31/P31 -> 1.0339043 | J31: =+R31/L31 -> 1.0250073 | K31: =+S31/M31 -> 0.80570668 | L31: =+Efficiency1!K118 -> 68.664879 | M31: =M30+L31 -> 1417.6276 | N31: =+Efficiency1!C118 -> 68.664879 | O31: =O30+N31 -> 1409.3322 | P31: ='23'!I38 -> 68.074 | Q31: =Q30+P31 -> 1213.575 | R31: ='23'!I40 -> 70.382 | S31: =S30+R31 -> 1142.192 | T31: =R31/P31 -> 1.0339043 | U31: =S31/Q31 -> 0.94117957 | V31: =R31/L31 -> 1.0250073 | W31: =S31/M31 -> 0.80570668 | AB31: 0 | AC31: =AB31+AC30 -> 0 | AD31: =AB31/P31 -> 0 | AE31: =AC31/Q31 -> 0 | AF31: =IF(AND(R31>0,AB31>0),(AB31/(R31*1000))*1000,0) -> 0 | AG31: =IF(AND(S31>0,AC31>0),AC31/S31,0) -> 0 | AH31: =+BF31+BG31 -> 140.747 | AI31: =AH31+AI30 -> 2801.652 | AJ31: =AH31/(P31) -> 2.0675588 | AK31: =AI31/(Q31) -> 2.308594 | AL31: =IF(AND(R31>0,AH31>0),AH31/(R31),0) -> 1.9997585 | AM31: =IF(AND(S31>0,AI31>0),AI31/(S31),0) -> 2.4528731 | AN31: 16.8 | AO31: =AN31+AO30 -> 276 | AP31: =AN31/(P31) -> 0.24679026 | AQ31: =AO31/(Q31) -> 0.22742723 | AR31: =IF(AND(R31>0,AN31>0),AN31/(R31),0) -> 0.23869739 | AS31: =IF(AND(S31>0,AO31>0),AO31/(S31),0) -> 0.24164063 | AT31: ='23'!I46 -> 36655.41 | AU31: =AT31+AU30 -> 747229.91 | AV31: =IF(AND(L31>0,AT31>0),(AT31/(P31*1000)*1000),0) -> 538.46417 | AW31: =IF(AND(M31>0,AU31>0),(AU31/(Q31*1000)*1000),0) -> 615.72619 | AX31: =IF(AND(R31>0,AT31>0),(AT31/(R31*1000)*1000),0) -> 520.8066 | AY31: =IF(AND(S31>0,AU31>0),(AU31/(S31*1000)*1000),0) -> 654.20692 | AZ31: =+Listrik!AH30 -> 26268 | BA31: =AZ31+BA30 -> 597573.59 | BB31: =IF(AND(L31>0,AZ31>0),(AZ31/(P31*1000)*1000),0) -> 385.8742 | BC31: =IF(AND(M31>0,BA31>0),(BA31/(Q31*1000)*1000),0) -> 492.40763 | BD31: =IF(AND(R31>0,AZ31>0),(AZ31/(R31*1000)*1000),0) -> 373.22043 | BE31: =IF(AND(S31>0,BA31>0),(BA31/(S31*1000)*1000),0) -> 523.18138 | BF31: =2.512 -> 2.512 | BG31: 138.235 | BH31: =+Efficiency2!K118 -> 68.664879 | BI31: =BI30+BH31 -> 1338.6725 | BJ31: =+R31/BH31 -> 1.0250073 | BK31: =+S31/BI31 -> 0.85322738
A32: =A31+1 -> 45954 | B32: Towel | C32: 30,5/34 | D32: =+'24'!F42 -> 501.52778 | E32: =+'24'!G42 -> 441.34444 | F32: =1-(E32/D32) -> 0.12 | G32: =+P32/N32 -> 0.99596315 | H32: =+P32/L32 -> 0.99596315 | I32: =+R32/P32 -> 0.98853306 | J32: =+R32/L32 -> 0.98454249 | K32: =+S32/M32 -> 0.81418748 | L32: =+SUM(Efficiency1!K122:K123) -> 70.573896 | M32: =M31+L32 -> 1488.2015 | N32: =+SUM(Efficiency1!C122:C123) -> 70.573896 | O32: =O31+N32 -> 1479.906 | P32: ='24'!I38 -> 70.289 | Q32: =Q31+P32 -> 1283.864 | R32: ='24'!I40 -> 69.483 | S32: =S31+R32 -> 1211.675 | T32: =R32/P32 -> 0.98853306 | U32: =S32/Q32 -> 0.94377208 | V32: =R32/L32 -> 0.98454249 | W32: =S32/M32 -> 0.81418748 | AB32: 0 | AC32: =AB32+AC31 -> 0 | AD32: =AB32/P32 -> 0 | AE32: =AC32/Q32 -> 0 | AF32: =IF(AND(R32>0,AB32>0),(AB32/(R32*1000))*1000,0) -> 0 | AG32: =IF(AND(S32>0,AC32>0),AC32/S32,0) -> 0 | AH32: =+BF32+BG32 -> 128.811 | AI32: =AH32+AI31 -> 2930.463 | AJ32: =AH32/(P32) -> 1.8325912 | AK32: =AI32/(Q32) -> 2.2825338 | AL32: =IF(AND(R32>0,AH32>0),AH32/(R32),0) -> 1.8538491 | AM32: =IF(AND(S32>0,AI32>0),AI32/(S32),0) -> 2.4185223 | AN32: 18.4 | AO32: =AN32+AO31 -> 294.4 | AP32: =AN32/(P32) -> 0.26177638 | AQ32: =AO32/(Q32) -> 0.22930778 | AR32: =IF(AND(R32>0,AN32>0),AN32/(R32),0) -> 0.26481298 | AS32: =IF(AND(S32>0,AO32>0),AO32/(S32),0) -> 0.24296944 | AT32: =+'24'!I46 -> 32248.19 | AU32: =AT32+AU31 -> 779478.1 | AV32: =IF(AND(L32>0,AT32>0),(AT32/(P32*1000)*1000),0) -> 458.79426 | AW32: =IF(AND(M32>0,AU32>0),(AU32/(Q32*1000)*1000),0) -> 607.13448 | AX32: =IF(AND(R32>0,AT32>0),(AT32/(R32*1000)*1000),0) -> 464.11626 | AY32: =IF(AND(S32>0,AU32>0),(AU32/(S32*1000)*1000),0) -> 643.30625 | AZ32: =+Listrik!AH31 -> 28009 | BA32: =AZ32+BA31 -> 625582.59 | BB32: =IF(AND(L32>0,AZ32>0),(AZ32/(P32*1000)*1000),0) -> 398.4834 | BC32: =IF(AND(M32>0,BA32>0),(BA32/(Q32*1000)*1000),0) -> 487.26546 | BD32: =IF(AND(R32>0,AZ32>0),(AZ32/(R32*1000)*1000),0) -> 403.1058 | BE32: =IF(AND(S32>0,BA32>0),(BA32/(S32*1000)*1000),0) -> 516.2957 | BF32: =2.442 -> 2.442 | BG32: 126.369 | BH32: =+SUM(Efficiency2!K122:K123) -> 70.573896 | BI32: =BI31+BH32 -> 1409.2464 | BJ32: =+R32/BH32 -> 0.98454249 | BK32: =+S32/BI32 -> 0.85980354
A33: =A32+1 -> 45955 | B33: Towel | C33: 34 | D33: =+'25'!F42 -> 490 | E33: =+'25'!G42 -> 431.2 | F33: =1-(E33/D33) -> 0.12 | G33: =+P33/N33 -> 0.97537631 | H33: =+P33/L33 -> 0.97537631 | I33: =+R33/P33 -> 0.99975676 | J33: =+R33/L33 -> 0.97513906 | K33: =+S33/M33 -> 0.8211651 | L33: =+Efficiency1!K127 -> 67.440637 | M33: =M32+L33 -> 1555.6421 | N33: =+Efficiency1!C127 -> 67.440637 | O33: =O32+N33 -> 1547.3467 | P33: ='25'!I38 -> 65.78 | Q33: =Q32+P33 -> 1349.644 | R33: ='25'!I40 -> 65.764 | S33: =S32+R33 -> 1277.439 | T33: =R33/P33 -> 0.99975676 | U33: =S33/Q33 -> 0.94650071 | V33: =R33/L33 -> 0.97513906 | W33: =S33/M33 -> 0.8211651 | AB33: 0 | AC33: =AB33+AC32 -> 0 | AD33: =AB33/P33 -> 0 | AE33: =AC33/Q33 -> 0 | AF33: =IF(AND(R33>0,AB33>0),(AB33/(R33*1000))*1000,0) -> 0 | AG33: =IF(AND(S33>0,AC33>0),AC33/S33,0) -> 0 | AH33: =+BF33+BG33 -> 124.761 | AI33: =AH33+AI32 -> 3055.224 | AJ33: =AH33/(P33) -> 1.8966403 | AK33: =AI33/(Q33) -> 2.2637258 | AL33: =IF(AND(R33>0,AH33>0),AH33/(R33),0) -> 1.8971018 | AM33: =IF(AND(S33>0,AI33>0),AI33/(S33),0) -> 2.391679 | AN33: 19.2 | AO33: =AN33+AO32 -> 313.6 | AP33: =AN33/(P33) -> 0.29188203 | AQ33: =AO33/(Q33) -> 0.23235757 | AR33: =IF(AND(R33>0,AN33>0),AN33/(R33),0) -> 0.29195304 | AS33: =IF(AND(S33>0,AO33>0),AO33/(S33),0) -> 0.24549117 | AT33: =+'25'!I46 -> 30996.16 | AU33: =AT33+AU32 -> 810474.26 | AV33: =IF(AND(L33>0,AT33>0),(AT33/(P33*1000)*1000),0) -> 471.20949 | AW33: =IF(AND(M33>0,AU33>0),(AU33/(Q33*1000)*1000),0) -> 600.50966 | AX33: =IF(AND(R33>0,AT33>0),(AT33/(R33*1000)*1000),0) -> 471.32413 | AY33: =IF(AND(S33>0,AU33>0),(AU33/(S33*1000)*1000),0) -> 634.45242 | AZ33: =+Listrik!AH32 -> 29470 | BA33: =AZ33+BA32 -> 655052.59 | BB33: =IF(AND(L33>0,AZ33>0),(AZ33/(P33*1000)*1000),0) -> 448.00851 | BC33: =IF(AND(M33>0,BA33>0),(BA33/(Q33*1000)*1000),0) -> 485.35213 | BD33: =IF(AND(R33>0,AZ33>0),(AZ33/(R33*1000)*1000),0) -> 448.11751 | BE33: =IF(AND(S33>0,BA33>0),(BA33/(S33*1000)*1000),0) -> 512.78581 | BF33: =2.56 -> 2.56 | BG33: 122.201 | BH33: =+Efficiency2!K127 -> 67.440637 | BI33: =BI32+BH33 -> 1476.687 | BJ33: =+R33/BH33 -> 0.97513906 | BK33: =+S33/BI33 -> 0.86507094
A34: =A33+1 -> 45956 | B34: Towel | C34: 34/36 | D34: =+'26'!F42 -> 479.27083 | E34: =+'26'!G42 -> 421.75833 | F34: =1-(E34/D34) -> 0.12 | G34: =+P34/N34 -> 0.97829542 | H34: =+P34/L34 -> 0.97829542 | I34: =+R34/P34 -> 1.0015442 | J34: =+R34/L34 -> 0.97980613 | K34: =+S34/M34 -> 0.82770201 | L34: =+SUM(Efficiency1!K131:K132) -> 66.856083 | M34: =M33+L34 -> 1622.4982 | N34: =+SUM(Efficiency1!C131:C132) -> 66.856083 | O34: =O33+N34 -> 1614.2028 | P34: ='26'!I38 -> 65.405 | Q34: =Q33+P34 -> 1415.049 | R34: ='26'!I40 -> 65.506 | S34: =S33+R34 -> 1342.945 | T34: =R34/P34 -> 1.0015442 | U34: =S34/Q34 -> 0.94904487 | V34: =R34/L34 -> 0.97980613 | W34: =S34/M34 -> 0.82770201 | AB34: 0 | AC34: =AB34+AC33 -> 0 | AD34: =AB34/P34 -> 0 | AE34: =AC34/Q34 -> 0 | AF34: =IF(AND(R34>0,AB34>0),(AB34/(R34*1000))*1000,0) -> 0 | AG34: =IF(AND(S34>0,AC34>0),AC34/S34,0) -> 0 | AH34: =+BF34+BG34 -> 124.25 | AI34: =AH34+AI33 -> 3179.474 | AJ34: =AH34/(P34) -> 1.8997019 | AK34: =AI34/(Q34) -> 2.2469003 | AL34: =IF(AND(R34>0,AH34>0),AH34/(R34),0) -> 1.8967728 | AM34: =IF(AND(S34>0,AI34>0),AI34/(S34),0) -> 2.3675385 | AN34: 12.8 | AO34: =AN34+AO33 -> 326.4 | AP34: =AN34/(P34) -> 0.19570369 | AQ34: =AO34/(Q34) -> 0.23066339 | AR34: =IF(AND(R34>0,AN34>0),AN34/(R34),0) -> 0.19540195 | AS34: =IF(AND(S34>0,AO34>0),AO34/(S34),0) -> 0.24304793 | AT34: ='26'!I46 -> 32689.73 | AU34: =AT34+AU33 -> 843163.99 | AV34: =IF(AND(L34>0,AT34>0),(AT34/(P34*1000)*1000),0) -> 499.80475 | AW34: =IF(AND(M34>0,AU34>0),(AU34/(Q34*1000)*1000),0) -> 595.85498 | AX34: =IF(AND(R34>0,AT34>0),(AT34/(R34*1000)*1000),0) -> 499.03413 | AY34: =IF(AND(S34>0,AU34>0),(AU34/(S34*1000)*1000),0) -> 627.847 | AZ34: =+Listrik!AH33 -> 20119 | BA34: =AZ34+BA33 -> 675171.59 | BB34: =IF(AND(L34>0,AZ34>0),(AZ34/(P34*1000)*1000),0) -> 307.60645 | BC34: =IF(AND(M34>0,BA34>0),(BA34/(Q34*1000)*1000),0) -> 477.13654 | BD34: =IF(AND(R34>0,AZ34>0),(AZ34/(R34*1000)*1000),0) -> 307.13217 | BE34: =IF(AND(S34>0,BA34>0),(BA34/(S34*1000)*1000),0) -> 502.75446 | BF34: =1.676 -> 1.676 | BG34: 122.574 | BH34: =+SUM(Efficiency2!K131:K132) -> 67.513665 | BI34: =BI33+BH34 -> 1544.2007 | BJ34: =+R34/BH34 -> 0.97026284 | BK34: =+S34/BI34 -> 0.86967001
A35: =A34+1 -> 45957 | B35: Towel | C35: 36 | D35: =+'27'!F42 -> 450 | E35: =+'27'!G42 -> 396 | F35: =1-(E35/D35) -> 0.12 | G35: =+P35/N35 -> 0.91540652 | H35: =+P35/L35 -> 0.90534711 | I35: =+R35/P35 -> 1.0030626 | J35: =+R35/L35 -> 0.90811978 | K35: =+S35/M35 -> 0.83081241 | L35: =+Efficiency1!K136 -> 65.279935 | M35: =M34+L35 -> 1687.7781 | N35: =+Efficiency1!C136 -> 64.562573 | O35: =O34+N35 -> 1678.7653 | P35: ='27'!I38 -> 59.101 | Q35: =Q34+P35 -> 1474.15 | R35: ='27'!I40 -> 59.282 | S35: =S34+R35 -> 1402.227 | T35: =R35/P35 -> 1.0030626 | U35: =S35/Q35 -> 0.95121053 | V35: =R35/L35 -> 0.90811978 | W35: =S35/M35 -> 0.83081241 | AB35: 0 | AC35: =AB35+AC34 -> 0 | AD35: =AB35/P35 -> 0 | AE35: =AC35/Q35 -> 0 | AF35: =IF(AND(R35>0,AB35>0),(AB35/(R35*1000))*1000,0) -> 0 | AG35: =IF(AND(S35>0,AC35>0),AC35/S35,0) -> 0 | AH35: =+BF35+BG35 -> 113.839 | AI35: =AH35+AI34 -> 3293.313 | AJ35: =AH35/(P35) -> 1.9261772 | AK35: =AI35/(Q35) -> 2.234042 | AL35: =IF(AND(R35>0,AH35>0),AH35/(R35),0) -> 1.9202962 | AM35: =IF(AND(S35>0,AI35>0),AI35/(S35),0) -> 2.3486304 | AN35: 19.2 | AO35: =AN35+AO34 -> 345.6 | AP35: =AN35/(P35) -> 0.3248676 | AQ35: =AO35/(Q35) -> 0.23444019 | AR35: =IF(AND(R35>0,AN35>0),AN35/(R35),0) -> 0.32387571 | AS35: =IF(AND(S35>0,AO35>0),AO35/(S35),0) -> 0.24646509 | AT35: ='27'!I46 -> 29322.03 | AU35: =AT35+AU34 -> 872486.02 | AV35: =IF(AND(L35>0,AT35>0),(AT35/(P35*1000)*1000),0) -> 496.13424 | AW35: =IF(AND(M35>0,AU35>0),(AU35/(Q35*1000)*1000),0) -> 591.85702 | AX35: =IF(AND(R35>0,AT35>0),(AT35/(R35*1000)*1000),0) -> 494.61945 | AY35: =IF(AND(S35>0,AU35>0),(AU35/(S35*1000)*1000),0) -> 622.21453 | AZ35: =+Listrik!AH34 -> 28867 | BA35: =AZ35+BA34 -> 704038.59 | BB35: =IF(AND(L35>0,AZ35>0),(AZ35/(P35*1000)*1000),0) -> 488.43505 | BC35: =IF(AND(M35>0,BA35>0),(BA35/(Q35*1000)*1000),0) -> 477.58952 | BD35: =IF(AND(R35>0,AZ35>0),(AZ35/(R35*1000)*1000),0) -> 486.94376 | BE35: =IF(AND(S35>0,BA35>0),(BA35/(S35*1000)*1000),0) -> 502.08603 | BF35: =2.107 -> 2.107 | BG35: 111.732 | BH35: =+Efficiency2!K136 -> 65.279935 | BI35: =BI34+BH35 -> 1609.4806 | BJ35: =+R35/BH35 -> 0.90811978 | BK35: =+S35/BI35 -> 0.87122952
A36: =A35+1 -> 45958 | B36: Towel | C36: 36/38/30 | D36: =+'28'!F42 -> 461.25 | E36: =+'28'!G42 -> 405.9 | F36: =1-(E36/D36) -> 0.12 | G36: =+P36/N36 -> 0.98952213 | H36: =+P36/L36 -> 0.98952213 | I36: =+R36/P36 -> 0.98063586 | J36: =+R36/L36 -> 0.97036088 | K36: =+S36/M36 -> 0.83605348 | L36: =+SUM(Efficiency1!K141:K143) -> 65.862094 | M36: =M35+L36 -> 1753.6402 | N36: =+SUM(Efficiency1!C141:C143) -> 65.862094 | O36: =O35+N36 -> 1744.6274 | P36: ='28'!I38 -> 65.172 | Q36: =Q35+P36 -> 1539.322 | R36: ='28'!I40 -> 63.91 | S36: =S35+R36 -> 1466.137 | T36: =R36/P36 -> 0.98063586 | U36: =S36/Q36 -> 0.95245634 | V36: =R36/L36 -> 0.97036088 | W36: =S36/M36 -> 0.83605348 | AB36: 0 | AC36: =AB36+AC35 -> 0 | AD36: =AB36/P36 -> 0 | AE36: =AC36/Q36 -> 0 | AF36: =IF(AND(R36>0,AB36>0),(AB36/(R36*1000))*1000,0) -> 0 | AG36: =IF(AND(S36>0,AC36>0),AC36/S36,0) -> 0 | AH36: =+BF36+BG36 -> 121.38 | AI36: =AH36+AI35 -> 3414.693 | AJ36: =AH36/(P36) -> 1.8624563 | AK36: =AI36/(Q36) -> 2.2183097 | AL36: =IF(AND(R36>0,AH36>0),AH36/(R36),0) -> 1.8992333 | AM36: =IF(AND(S36>0,AI36>0),AI36/(S36),0) -> 2.3290409 | AN36: 18.1 | AO36: =AN36+AO35 -> 363.7 | AP36: =AN36/(P36) -> 0.27772663 | AQ36: =AO36/(Q36) -> 0.23627285 | AR36: =IF(AND(R36>0,AN36>0),AN36/(R36),0) -> 0.28321077 | AS36: =IF(AND(S36>0,AO36>0),AO36/(S36),0) -> 0.24806686 | AT36: ='28'!I46 -> 26869.27 | AU36: =AT36+AU35 -> 899355.29 | AV36: =IF(AND(L36>0,AT36>0),(AT36/(P36*1000)*1000),0) -> 412.28242 | AW36: =IF(AND(M36>0,AU36>0),(AU36/(Q36*1000)*1000),0) -> 584.25417 | AX36: =IF(AND(R36>0,AT36>0),(AT36/(R36*1000)*1000),0) -> 420.42356 | AY36: =IF(AND(S36>0,AU36>0),(AU36/(S36*1000)*1000),0) -> 613.41832 | AZ36: =+Listrik!AH35 -> 29518 | BA36: =AZ36+BA35 -> 733556.59 | BB36: =IF(AND(L36>0,AZ36>0),(AZ36/(P36*1000)*1000),0) -> 452.92457 | BC36: =IF(AND(M36>0,BA36>0),(BA36/(Q36*1000)*1000),0) -> 476.54525 | BD36: =IF(AND(R36>0,AZ36>0),(AZ36/(R36*1000)*1000),0) -> 461.86825 | BE36: =IF(AND(S36>0,BA36>0),(BA36/(S36*1000)*1000),0) -> 500.33291 | BF36: =2.577 -> 2.577 | BG36: 118.803 | BH36: =+SUM(Efficiency2!K141:K143) -> 65.862094 | BI36: =BI35+BH36 -> 1675.3427 | BJ36: =+R36/BH36 -> 0.97036088 | BK36: =+S36/BI36 -> 0.87512663
A37: =A36+1 -> 45959 | B37: Towel | C37: 30/31,5 | D37: =+'29'!F42 -> 565 | E37: =+'29'!G42 -> 497.2 | F37: =1-(E37/D37) -> 0.12 | G37: =+P37/N37 -> 0.97590037 | H37: =+P37/L37 -> 0.97590037 | I37: =+R37/P37 -> 1.0074979 | J37: =+R37/L37 -> 0.98321761 | K37: =+S37/M37 -> 0.84202816 | L37: =+SUM(Efficiency1!K146:K147) -> 74.208395 | M37: =M36+L37 -> 1827.8486 | N37: =+SUM(Efficiency1!C146:C147) -> 74.208395 | O37: =O36+N37 -> 1818.8358 | P37: ='29'!I38 -> 72.42 | Q37: =Q36+P37 -> 1611.742 | R37: ='29'!I40 -> 72.963 | S37: =S36+R37 -> 1539.1 | T37: =R37/P37 -> 1.0074979 | U37: =S37/Q37 -> 0.95492951 | V37: =R37/L37 -> 0.98321761 | W37: =S37/M37 -> 0.84202816 | AB37: 0 | AC37: =AB37+AC36 -> 0 | AD37: =AB37/P37 -> 0 | AE37: =AC37/Q37 -> 0 | AF37: =IF(AND(R37>0,AB37>0),(AB37/(R37*1000))*1000,0) -> 0 | AG37: =IF(AND(S37>0,AC37>0),AC37/S37,0) -> 0 | AH37: =+BF37+BG37 -> 145.014 | AI37: =AH37+AI36 -> 3559.707 | AJ37: =AH37/(P37) -> 2.0024027 | AK37: =AI37/(Q37) -> 2.2086084 | AL37: =IF(AND(R37>0,AH37>0),AH37/(R37),0) -> 1.9875005 | AM37: =IF(AND(S37>0,AI37>0),AI37/(S37),0) -> 2.3128497 | AN37: 12.7 | AO37: =AN37+AO36 -> 376.4 | AP37: =AN37/(P37) -> 0.17536592 | AQ37: =AO37/(Q37) -> 0.23353614 | AR37: =IF(AND(R37>0,AN37>0),AN37/(R37),0) -> 0.17406083 | AS37: =IF(AND(S37>0,AO37>0),AO37/(S37),0) -> 0.24455851 | AT37: ='29'!I46 -> 41435.34 | AU37: =AT37+AU36 -> 940790.63 | AV37: =IF(AND(L37>0,AT37>0),(AT37/(P37*1000)*1000),0) -> 572.15327 | AW37: =IF(AND(M37>0,AU37>0),(AU37/(Q37*1000)*1000),0) -> 583.71044 | AX37: =IF(AND(R37>0,AT37>0),(AT37/(R37*1000)*1000),0) -> 567.89523 | AY37: =IF(AND(S37>0,AU37>0),(AU37/(S37*1000)*1000),0) -> 611.26024 | AZ37: =+Listrik!AH36 -> 22919 | BA37: =AZ37+BA36 -> 756475.59 | BB37: =IF(AND(L37>0,AZ37>0),(AZ37/(P37*1000)*1000),0) -> 316.47335 | BC37: =IF(AND(M37>0,BA37>0),(BA37/(Q37*1000)*1000),0) -> 469.35278 | BD37: =IF(AND(R37>0,AZ37>0),(AZ37/(R37*1000)*1000),0) -> 314.11811 | BE37: =IF(AND(S37>0,BA37>0),(BA37/(S37*1000)*1000),0) -> 491.50516 | BF37: =1.646 -> 1.646 | BG37: 143.368 | BH37: =+SUM(Efficiency2!K146:K147) -> 74.208395 | BI37: =BI36+BH37 -> 1749.5511 | BJ37: =+R37/BH37 -> 0.98321761 | BK37: =+S37/BI37 -> 0.87971138
A38: =A37+1 -> 45960 | B38: Towel/Napkin | C38: 31,5/25/19 | D38: =+'30'!F42 -> 663.33333 | E38: =+'30'!G42 -> 577.78333 | F38: =1-(E38/D38) -> 0.12896985 | G38: =+P38/N38 -> 1.0122439 | H38: =+P38/L38 -> 0.9174331 | I38: =+R38/P38 -> 0.99428049 | J38: =+R38/L38 -> 0.91218583 | K38: =+S38/M38 -> 0.84479647 | L38: =+SUM(Efficiency1!K150:K152) -> 75.086674 | M38: =M37+L38 -> 1902.9353 | N38: =+SUM(Efficiency1!C150:C152) -> 68.053755 | O38: =O37+N38 -> 1886.8896 | P38: ='30'!I38 -> 68.887 | Q38: =Q37+P38 -> 1680.629 | R38: ='30'!I40 -> 68.493 | S38: =S37+R38 -> 1607.593 | T38: =R38/P38 -> 0.99428049 | U38: =S38/Q38 -> 0.95654246 | V38: =R38/L38 -> 0.91218583 | W38: =S38/M38 -> 0.84479647 | AB38: 0 | AC38: =AB38+AC37 -> 0 | AD38: =AB38/P38 -> 0 | AE38: =AC38/Q38 -> 0 | AF38: =IF(AND(R38>0,AB38>0),(AB38/(R38*1000))*1000,0) -> 0 | AG38: =IF(AND(S38>0,AC38>0),AC38/S38,0) -> 0 | AH38: =+BF38+BG38 -> 142.53 | AI38: =AH38+AI37 -> 3702.237 | AJ38: =AH38/(P38) -> 2.0690406 | AK38: =AI38/(Q38) -> 2.2028877 | AL38: =IF(AND(R38>0,AH38>0),AH38/(R38),0) -> 2.0809426 | AM38: =IF(AND(S38>0,AI38>0),AI38/(S38),0) -> 2.3029691 | AN38: 16 | AO38: =AN38+AO37 -> 392.4 | AP38: =AN38/(P38) -> 0.23226443 | AQ38: =AO38/(Q38) -> 0.23348401 | AR38: =IF(AND(R38>0,AN38>0),AN38/(R38),0) -> 0.23360051 | AS38: =IF(AND(S38>0,AO38>0),AO38/(S38),0) -> 0.24409163 | AT38: ='30'!I46 -> 37855 | AU38: =AT38+AU37 -> 978645.63 | AV38: =IF(AND(L38>0,AT38>0),(AT38/(P38*1000)*1000),0) -> 549.52313 | AW38: =IF(AND(M38>0,AU38>0),(AU38/(Q38*1000)*1000),0) -> 582.30914 | AX38: =IF(AND(R38>0,AT38>0),(AT38/(R38*1000)*1000),0) -> 552.68422 | AY38: =IF(AND(S38>0,AU38>0),(AU38/(S38*1000)*1000),0) -> 608.76455 | AZ38: =+Listrik!AH37 -> 23842 | BA38: =AZ38+BA37 -> 780317.59 | BB38: =IF(AND(L38>0,AZ38>0),(AZ38/(P38*1000)*1000),0) -> 346.10304 | BC38: =IF(AND(M38>0,BA38>0),(BA38/(Q38*1000)*1000),0) -> 464.30092 | BD38: =IF(AND(R38>0,AZ38>0),(AZ38/(R38*1000)*1000),0) -> 348.09397 | BE38: =IF(AND(S38>0,BA38>0),(BA38/(S38*1000)*1000),0) -> 485.39499 | BF38: =2.753 -> 2.753 | BG38: 139.777 | BH38: =+SUM(Efficiency2!K150:K152) -> 75.086674 | BI38: =BI37+BH38 -> 1824.6378 | BJ38: =+R38/BH38 -> 0.91218583 | BK38: =+S38/BI38 -> 0.88104776
A39: =A38+1 -> 45961 | B39: Napkin | C39: 19/16 | D39: =+'31'!F42 -> 803.1194 | E39: =+'31'!G42 -> 690.83582 | F39: =1-(E39/D39) -> 0.13980933 | G39: =+P39/N39 -> 0.83211159 | H39: =+P39/L39 -> 0.80663853 | I39: =+R39/P39 -> 0.91637003 | J39: =+R39/L39 -> 0.73917938 | K39: =+S39/M39 -> 0.84175524 | L39: =+SUM(Efficiency1!K155:K156) -> 56.419323 | M39: =M38+L39 -> 1959.3546 | N39: =+SUM(Efficiency1!C155:C156) -> 54.692184 | O39: =O38+N39 -> 1941.5818 | P39: ='31'!I38 -> 45.51 | Q39: =Q38+P39 -> 1726.139 | R39: ='31'!I40 -> 41.704 | S39: =S38+R39 -> 1649.297 | T39: =R39/P39 -> 0.91637003 | U39: =S39/Q39 -> 0.95548331 | V39: =R39/L39 -> 0.73917938 | W39: =S39/M39 -> 0.84175524 | AB39: 0 | AC39: =AB39+AC38 -> 0 | AD39: =AB39/P39 -> 0 | AE39: =AC39/Q39 -> 0 | AF39: =IF(AND(R39>0,AB39>0),(AB39/(R39*1000))*1000,0) -> 0 | AG39: =IF(AND(S39>0,AC39>0),AC39/S39,0) -> 0 | AH39: =+BF39+BG39 -> 123.617 | AI39: =AH39+AI38 -> 3825.854 | AJ39: =AH39/(P39) -> 2.7162602 | AK39: =AI39/(Q39) -> 2.2164229 | AL39: =IF(AND(R39>0,AH39>0),AH39/(R39),0) -> 2.9641521 | AM39: =IF(AND(S39>0,AI39>0),AI39/(S39),0) -> 2.3196877 | AN39: 13.6 | AO39: =AN39+AO38 -> 406 | AP39: =AN39/(P39) -> 0.29883542 | AQ39: =AO39/(Q39) -> 0.23520701 | AR39: =IF(AND(R39>0,AN39>0),AN39/(R39),0) -> 0.32610781 | AS39: =IF(AND(S39>0,AO39>0),AO39/(S39),0) -> 0.24616549 | AT39: ='31'!I46 -> 37491.17 | AU39: =AT39+AU38 -> 1016136.8 | AV39: =IF(AND(L39>0,AT39>0),(AT39/(P39*1000)*1000),0) -> 823.8007 | AW39: =IF(AND(M39>0,AU39>0),(AU39/(Q39*1000)*1000),0) -> 588.67611 | AX39: =IF(AND(R39>0,AT39>0),(AT39/(R39*1000)*1000),0) -> 898.98259 | AY39: =IF(AND(S39>0,AU39>0),(AU39/(S39*1000)*1000),0) -> 616.10298 | AZ39: =+Listrik!AH38 -> 21919 | BA39: =AZ39+BA38 -> 802236.59 | BB39: =IF(AND(L39>0,AZ39>0),(AZ39/(P39*1000)*1000),0) -> 481.63041 | BC39: =IF(AND(M39>0,BA39>0),(BA39/(Q39*1000)*1000),0) -> 464.75781 | BD39: =IF(AND(R39>0,AZ39>0),(AZ39/(R39*1000)*1000),0) -> 525.58508 | BE39: =IF(AND(S39>0,BA39>0),(BA39/(S39*1000)*1000),0) -> 486.41123 | BF39: =2.156 -> 2.156 | BG39: 121.461 | BH39: =SUM(Efficiency2!K155:K156) -> 56.419323 | BI39: =BI38+BH39 -> 1881.0571 | BJ39: =+R39/BH39 -> 0.73917938 | BK39: =+S39/BI39 -> 0.87679264
J40: =+R40/L40 -> #DIV/0! | K40: =+S40/M40 -> #DIV/0!
G41: =+P41/N41 -> 0.8890375 | H41: =+P41/L41 -> 0.88097326 | I41: =+R41/P41 -> 0.95548331 | J41: =+R41/L41 -> 0.84175524 | L41: =SUM(L9:L39) -> 1959.3546 | N41: =SUM(N9:N39) -> 1941.5818 | P41: =SUM(P9:P39) -> 1726.139 | R41: =SUM(R9:R39) -> 1649.297 | T41: =R41/P41 -> 0.95548331 | V41: =(R41/L41) -> 0.84175524 | Y41: =Y38+X41 -> 0 | Z41: =IF(AND(R41>0,X41>0),X41/R41*1000,0) -> 0 | AA41: =IF(AND(S41>0,Y41>0),Y41/S41*1000,0) -> 0 | AB41: =SUM(AB9:AB39) -> 0 | AD41: =AB41/P41 -> 0 | AF41: =AB41/R41 -> 0 | AH41: =SUM(AH9:AH40) -> 3825.854 | AJ41: =AH41/P41 -> 2.2164229 | AL41: =AH41/R41 -> 2.3196877 | AN41: =SUM(AN9:AN40) -> 406 | AP41: =AN41/P41 -> 0.23520701 | AR41: =AN41/R41 -> 0.24616549 | AT41: =SUM(AT9:AT39) -> 1016136.8 | AV41: =AT41/P41 -> 588.67611 | AX41: =AT41/R41 -> 616.10298 | AZ41: =SUM(AZ9:AZ39) -> 802236.59 | BB41: =AZ41/V41 -> 953052.09 | BD41: =AZ41/R41 -> 486.41123 | BH41: =SUM(BH9:BH39) -> 1881.0571 | BJ41: =+R41/BH41 -> 0.87679264

Sheet GRAFIK

Sheet Listrik
A2: MACHINE POWER CONSUMPTION (PER PANEL)
A4: Date | B4: PM (TON) | C4: FINSHED GOODS (TON) | AC4: Total PM12 | AF4: Total DEINKING
D5: Rewinder | H5: M.DDR1LF | I5: DDR TICKLING | M5: DEFLAKER | Q5: INCOMING 3200 MCC | U5: INCOMING 1250A HOOD | Y5: INCOMING PANEL ABB DRIVE
D6: KWH | E6: Consumption | F6: /TON PM | G6: /TON FG | I6: KWH | J6: Consumption | K6: /TON PM | L6: /TON FG | M6: KWH | N6: Consumption | O6: /TON PM | P6: /TON FG | Q6: KWH | R6: Consumption | S6: /TON PM | T6: /TON FG | U6: KWH | V6: Consumption | W6: /TON PM | X6: /TON FG | Y6: KWH | Z6: Consumption | AA6: /TON PM | AB6: /TON FG | AC6: Consumption | AD6: /TON PM | AE6: /TON FG | AF6: DIP 1 | AG6: DIP 2 | AH6: TOTAL DIP | AI6: /TON PM | AJ6: /TON FG
A7: =A8-1 -> 45930 | B7: 0 | C7: 0
A8: 45931 | B8: =Report1!P9 -> 0 | C8: =Report1!R9 -> 0 | D8: =+D7+E8 -> 158.9 | E8: =+[1]DailyOct!O7 -> 158.9 | F8: =E8/B8 -> #DIV/0! | G8: =E8/C8 -> #DIV/0! | H8: =+[1]DailyOct!P7 -> 2.3 | I8: =+I7+J8 -> 45 | J8: =+[1]DailyOct!Q7 -> 45 | K8: =J8/B8 -> #DIV/0! | L8: =J8/C8 -> #DIV/0! | M8: =+M7+N8 -> 3 | N8: =+[1]DailyOct!R7 -> 3 | O8: =N8/B8 -> #DIV/0! | P8: =N8/C8 -> #DIV/0! | Q8: =+Q7+R8 -> 4939.75 | R8: =+[1]DailyOct!S7 -> 4939.75 | S8: =R8/B8 -> #DIV/0! | T8: =R8/C8 -> #DIV/0! | U8: =+U7+V8 -> 1970.65 | V8: =+[1]DailyOct!T7 -> 1970.65 | W8: =V8/B8 -> #DIV/0! | X8: =V8/C8 -> #DIV/0! | Y8: =+Y7+Z8 -> 2244.65 | Z8: =+[1]DailyOct!U7 -> 2244.65 | AA8: =Z8/B8 -> #DIV/0! | AB8: =Z8/C8 -> #DIV/0! | AC8: =+E8+J8+N8+R8+V8+Z8+H8 -> 9364.25 | AD8: =AC8/B8 -> #DIV/0! | AE8: =AC8/C8 -> #DIV/0! | AF8: =+[1]DailyOct!BH7 -> 660 | AG8: =+[1]DailyOct!BL7 -> 7950 | AH8: =+AG8+AF8 -> 8610 | AI8: =AH8/B8 -> #DIV/0! | AJ8: =AH8/C8 -> #DIV/0! | AN8: Off Reel | AO8: Off Rewinder
A9: =A8+1 -> 45932 | B9: =Report1!P10 -> 42.451 | C9: =Report1!R10 -> 35.399 | D9: =+D8+E9 -> 655.3 | E9: =+[1]DailyOct!O8 -> 496.4 | F9: =E9/B9 -> 11.693482 | G9: =E9/C9 -> 14.022995 | H9: =+[1]DailyOct!P8 -> 0 | I9: =+I8+J9 -> 4020 | J9: =+[1]DailyOct!Q8 -> 3975 | K9: =J9/B9 -> 93.63737 | L9: =J9/C9 -> 112.29131 | M9: =+M8+N9 -> 3 | N9: =+[1]DailyOct!R8 -> 0 | O9: =N9/B9 -> 0 | P9: =N9/C9 -> 0 | Q9: =+Q8+R9 -> 19440.44 | R9: =+[1]DailyOct!S8 -> 14500.69 | S9: =R9/B9 -> 341.58654 | T9: =R9/C9 -> 409.63558 | U9: =+U8+V9 -> 9087.74 | V9: =+[1]DailyOct!T8 -> 7117.09 | W9: =V9/B9 -> 167.65424 | X9: =V9/C9 -> 201.05342 | Y9: =+Y8+Z9 -> 9533.44 | Z9: =+[1]DailyOct!U8 -> 7288.79 | AA9: =Z9/B9 -> 171.6989 | AB9: =Z9/C9 -> 205.90384 | AC9: =+E9+J9+N9+R9+V9+Z9+H9 -> 33377.97 | AD9: =AC9/B9 -> 786.27052 | AE9: =AC9/C9 -> 942.90714 | AF9: =+[1]DailyOct!BH8 -> 1247 | AG9: =+[1]DailyOct!BL8 -> 33490 | AH9: =+AG9+AF9 -> 34737 | AI9: =AH9/B9 -> 818.28461 | AJ9: =AH9/C9 -> 981.29891 | AN9: Kwh/ ton | AO9: Kwh/ ton
A10: =A9+1 -> 45933 | B10: =Report1!P11 -> 56.044 | C10: =Report1!R11 -> 53.036 | D10: =+D9+E10 -> 1525.6 | E10: =+[1]DailyOct!O9 -> 870.3 | F10: =E10/B10 -> 15.52887 | G10: =E10/C10 -> 16.409609 | H10: =+[1]DailyOct!P9 -> 0 | I10: =+I9+J10 -> 8517 | J10: =+[1]DailyOct!Q9 -> 4497 | K10: =J10/B10 -> 80.240525 | L10: =J10/C10 -> 84.791462 | M10: =+M9+N10 -> 3 | N10: =+[1]DailyOct!R9 -> 0 | O10: =N10/B10 -> 0 | P10: =N10/C10 -> 0 | Q10: =+Q9+R10 -> 35086.25 | R10: =+[1]DailyOct!S9 -> 15645.81 | S10: =R10/B10 -> 279.17012 | T10: =R10/C10 -> 295.00358 | U10: =+U9+V10 -> 16777.85 | V10: =+[1]DailyOct!T9 -> 7690.11 | W10: =V10/B10 -> 137.21558 | X10: =V10/C10 -> 144.99793 | Y10: =+Y9+Z10 -> 16904.95 | Z10: =+[1]DailyOct!U9 -> 7371.51 | AA10: =Z10/B10 -> 131.53076 | AB10: =Z10/C10 -> 138.99069 | AC10: =+E10+J10+N10+R10+V10+Z10+H10 -> 36074.73 | AD10: =AC10/B10 -> 643.68585 | AE10: =AC10/C10 -> 680.19326 | AF10: =+[1]DailyOct!BH9 -> 1352 | AG10: =+[1]DailyOct!BL9 -> 25885.2 | AH10: =+AG10+AF10 -> 27237.2 | AI10: =AH10/B10 -> 485.99672 | AJ10: =AH10/C10 -> 513.5606 | AL10: PM | AM10: DDR 1 LF | AN10: =+F40 -> 12.179784 | AO10: =+G40 -> 12.747249
A11: =A10+1 -> 45934 | B11: =Report1!P12 -> 41.532 | C11: =Report1!R12 -> 32.671 | D11: =+D10+E11 -> 2187.6 | E11: =+[1]DailyOct!O10 -> 662 | F11: =E11/B11 -> 15.939517 | G11: =E11/C11 -> 20.262618 | H11: =+[1]DailyOct!P10 -> 0 | I11: =+I10+J11 -> 11586 | J11: =+[1]DailyOct!Q10 -> 3069 | K11: =J11/B11 -> 73.894828 | L11: =J11/C11 -> 93.936519 | M11: =+M10+N11 -> 3 | N11: =+[1]DailyOct!R10 -> 0 | O11: =N11/B11 -> 0 | P11: =N11/C11 -> 0 | Q11: =+Q10+R11 -> 49157.47 | R11: =+[1]DailyOct!S10 -> 14071.22 | S11: =R11/B11 -> 338.8043 | T11: =R11/C11 -> 430.6945 | U11: =+U10+V11 -> 22938.07 | V11: =+[1]DailyOct!T10 -> 6160.22 | W11: =V11/B11 -> 148.32467 | X11: =V11/C11 -> 188.55315 | Y11: =+Y10+Z11 -> 22564.87 | Z11: =+[1]DailyOct!U10 -> 5659.92 | AA11: =Z11/B11 -> 136.27853 | AB11: =Z11/C11 -> 173.23988 | AC11: =+E11+J11+N11+R11+V11+Z11+H11 -> 29622.36 | AD11: =AC11/B11 -> 713.24184 | AE11: =AC11/C11 -> 906.68666 | AF11: =+[1]DailyOct!BH10 -> 1249 | AG11: =+[1]DailyOct!BL10 -> 21241.5 | AH11: =+AG11+AF11 -> 22490.5 | AI11: =AH11/B11 -> 541.5222 | AJ11: =AH11/C11 -> 688.39338 | AM11: DDR TICKLING | AN11: =+K40 -> 66.470893 | AO11: =+L40 -> 69.567822
A12: =A11+1 -> 45935 | B12: =Report1!P13 -> 49.48 | C12: =Report1!R13 -> 44.783 | D12: =+D11+E12 -> 2942.1 | E12: =+[1]DailyOct!O11 -> 754.5 | F12: =E12/B12 -> 15.248585 | G12: =E12/C12 -> 16.847911 | H12: =+[1]DailyOct!P11 -> 0 | I12: =+I11+J12 -> 14927 | J12: =+[1]DailyOct!Q11 -> 3341 | K12: =J12/B12 -> 67.522231 | L12: =J12/C12 -> 74.604202 | M12: =+M11+N12 -> 3 | N12: =+[1]DailyOct!R11 -> 0 | O12: =N12/B12 -> 0 | P12: =N12/C12 -> 0 | Q12: =+Q11+R12 -> 62993.21 | R12: =+[1]DailyOct!S11 -> 13835.74 | S12: =R12/B12 -> 279.62288 | T12: =R12/C12 -> 308.95072 | U12: =+U11+V12 -> 29948.31 | V12: =+[1]DailyOct!T11 -> 7010.24 | W12: =V12/B12 -> 141.67825 | X12: =V12/C12 -> 156.53797 | Y12: =+Y11+Z12 -> 29032.51 | Z12: =+[1]DailyOct!U11 -> 6467.64 | AA12: =Z12/B12 -> 130.71221 | AB12: =Z12/C12 -> 144.42177 | AC12: =+E12+J12+N12+R12+V12+Z12+H12 -> 31409.12 | AD12: =AC12/B12 -> 634.78416 | AE12: =AC12/C12 -> 701.36257 | AF12: =+[1]DailyOct!BH11 -> 1231 | AG12: =+[1]DailyOct!BL11 -> 24659.64 | AH12: =+AG12+AF12 -> 25890.64 | AI12: =AH12/B12 -> 523.25465 | AJ12: =AH12/C12 -> 578.13545 | AM12: DEFLAKER | AN12: =+O40 -> 0.21075939 | AO12: =+P40 -> 0.22057883
A13: =A12+1 -> 45936 | B13: =Report1!P14 -> 62.212 | C13: =Report1!R14 -> 60.667 | D13: =+D12+E13 -> 3804 | E13: =+[1]DailyOct!O12 -> 861.9 | F13: =E13/B13 -> 13.85424 | G13: =E13/C13 -> 14.207065 | H13: =+[1]DailyOct!P12 -> 369 | I13: =+I12+J13 -> 19032 | J13: =+[1]DailyOct!Q12 -> 4105 | K13: =J13/B13 -> 65.984055 | L13: =J13/C13 -> 67.664463 | M13: =+M12+N13 -> 3 | N13: =+[1]DailyOct!R12 -> 0 | O13: =N13/B13 -> 0 | P13: =N13/C13 -> 0 | Q13: =+Q12+R13 -> 78743.68 | R13: =+[1]DailyOct!S12 -> 15750.47 | S13: =R13/B13 -> 253.17415 | T13: =R13/C13 -> 259.62171 | U13: =+U12+V13 -> 37831.68 | V13: =+[1]DailyOct!T12 -> 7883.37 | W13: =V13/B13 -> 126.71784 | X13: =V13/C13 -> 129.94495 | Y13: =+Y12+Z13 -> 36140.38 | Z13: =+[1]DailyOct!U12 -> 7107.87 | AA13: =Z13/B13 -> 114.2524 | AB13: =Z13/C13 -> 117.16205 | AC13: =+E13+J13+N13+R13+V13+Z13+H13 -> 36077.61 | AD13: =AC13/B13 -> 579.914 | AE13: =AC13/C13 -> 594.68261 | AF13: =+[1]DailyOct!BH12 -> 1321 | AG13: =+[1]DailyOct!BL12 -> 24944.4 | AH13: =+AG13+AF13 -> 26265.4 | AI13: =AH13/B13 -> 422.19186 | AJ13: =AH13/C13 -> 432.94378 | AM13: INCOMING 3200 MCC | AN13: =+S40 -> 266.87318 | AO13: =+T40 -> 279.307
A14: =A13+1 -> 45937 | B14: =Report1!P15 -> 68.799 | C14: =Report1!R15 -> 69.388 | D14: =+D13+E14 -> 4491.7 | E14: =+[1]DailyOct!O13 -> 687.7 | F14: =E14/B14 -> 9.9957848 | G14: =E14/C14 -> 9.9109356 | H14: =+[1]DailyOct!P13 -> 2197.6 | I14: =+I13+J14 -> 22772 | J14: =+[1]DailyOct!Q13 -> 3740 | K14: =J14/B14 -> 54.361255 | L14: =J14/C14 -> 53.89981 | M14: =+M13+N14 -> 3 | N14: =+[1]DailyOct!R13 -> 0 | O14: =N14/B14 -> 0 | P14: =N14/C14 -> 0 | Q14: =+Q13+R14 -> 95152.63 | R14: =+[1]DailyOct!S13 -> 16408.95 | S14: =R14/B14 -> 238.50565 | T14: =R14/C14 -> 236.48109 | U14: =+U13+V14 -> 43943.33 | V14: =+[1]DailyOct!T13 -> 6111.65 | W14: =V14/B14 -> 88.833413 | X14: =V14/C14 -> 88.079351 | Y14: =+Y13+Z14 -> 42986.73 | Z14: =+[1]DailyOct!U13 -> 6846.35 | AA14: =Z14/B14 -> 99.512348 | AB14: =Z14/C14 -> 98.667637 | AC14: =+E14+J14+N14+R14+V14+Z14+H14 -> 35992.25 | AD14: =AC14/B14 -> 523.15077 | AE14: =AC14/C14 -> 518.71001 | AF14: =+[1]DailyOct!BH13 -> 1258 | AG14: =+[1]DailyOct!BL13 -> 33600.6 | AH14: =+AG14+AF14 -> 34858.6 | AI14: =AH14/B14 -> 506.67306 | AJ14: =AH14/C14 -> 502.37217 | AM14: INCOMING 1250A HOOD | AN14: =+W40 -> 115.28805 | AO14: =+X40 -> 120.65941
A15: =A14+1 -> 45938 | B15: =Report1!P16 -> 64.573 | C15: =Report1!R16 -> 63.63 | D15: =+D14+E15 -> 5165.8 | E15: =+[1]DailyOct!O14 -> 674.1 | F15: =E15/B15 -> 10.439348 | G15: =E15/C15 -> 10.594059 | H15: =+[1]DailyOct!P14 -> 1739.5 | I15: =+I14+J15 -> 26967 | J15: =+[1]DailyOct!Q14 -> 4195 | K15: =J15/B15 -> 64.965233 | L15: =J15/C15 -> 65.928021 | M15: =+M14+N15 -> 361.9 | N15: =+[1]DailyOct!R14 -> 358.9 | O15: =N15/B15 -> 5.5580506 | P15: =N15/C15 -> 5.6404212 | Q15: =+Q14+R15 -> 110290.66 | R15: =+[1]DailyOct!S14 -> 15138.03 | S15: =R15/B15 -> 234.43281 | T15: =R15/C15 -> 237.90712 | U15: =+U14+V15 -> 48518.46 | V15: =+[1]DailyOct!T14 -> 4575.13 | W15: =V15/B15 -> 70.852059 | X15: =V15/C15 -> 71.90209 | Y15: =+Y14+Z15 -> 48807.46 | Z15: =+[1]DailyOct!U14 -> 5820.73 | AA15: =Z15/B15 -> 90.141855 | AB15: =Z15/C15 -> 91.477762 | AC15: =+E15+J15+N15+R15+V15+Z15+H15 -> 32501.39 | AD15: =AC15/B15 -> 503.32786 | AE15: =AC15/C15 -> 510.78721 | AF15: =+[1]DailyOct!BH14 -> 1273 | AG15: =+[1]DailyOct!BL14 -> 25670.4 | AH15: =+AG15+AF15 -> 26943.4 | AI15: =AH15/B15 -> 417.25489 | AJ15: =AH15/C15 -> 423.43863 | AM15: INCOMING PANEL ABB DRIVE | AN15: =+AA40 -> 111.47202 | AO15: =+AB40 -> 116.66559
A16: =A15+1 -> 45939 | B16: =Report1!P17 -> 67.663 | C16: =Report1!R17 -> 66.897 | D16: =+D15+E16 -> 5729.8 | E16: =+[1]DailyOct!O15 -> 564 | F16: =E16/B16 -> 8.335427 | G16: =E16/C16 -> 8.4308713 | H16: =+[1]DailyOct!P15 -> 0 | I16: =+I15+J16 -> 31231 | J16: =+[1]DailyOct!Q15 -> 4264 | K16: =J16/B16 -> 63.018193 | L16: =J16/C16 -> 63.739779 | M16: =+M15+N16 -> 361.9 | N16: =+[1]DailyOct!R15 -> 0 | O16: =N16/B16 -> 0 | P16: =N16/C16 -> 0 | Q16: =+Q15+R16 -> 125326.59 | R16: =+[1]DailyOct!S15 -> 15035.93 | S16: =R16/B16 -> 222.2179 | T16: =R16/C16 -> 224.7624 | U16: =+U15+V16 -> 53328.39 | V16: =+[1]DailyOct!T15 -> 4809.93 | W16: =V16/B16 -> 71.086561 | X16: =V16/C16 -> 71.900534 | Y16: =+Y15+Z16 -> 54987.39 | Z16: =+[1]DailyOct!U15 -> 6179.93 | AA16: =Z16/B16 -> 91.333964 | AB16: =Z16/C16 -> 92.379778 | AC16: =+E16+J16+N16+R16+V16+Z16+H16 -> 30853.79 | AD16: =AC16/B16 -> 455.99205 | AE16: =AC16/C16 -> 461.21336 | AF16: =+[1]DailyOct!BH15 -> 1387 | AG16: =+[1]DailyOct!BL15 -> 35550.2 | AH16: =+AG16+AF16 -> 36937.2 | AI16: =AH16/B16 -> 545.89953 | AJ16: =AH16/C16 -> 552.15032 | AN16: =SUM(AN10:AN15) -> 572.49468 | AO16: =SUM(AO10:AO15) -> 599.16765
A17: =A16+1 -> 45940 | B17: =Report1!P18 -> 68.294 | C17: =Report1!R18 -> 66.941 | D17: =+D16+E17 -> 6460.2 | E17: =+[1]DailyOct!O16 -> 730.4 | F17: =E17/B17 -> 10.694937 | G17: =E17/C17 -> 10.911101 | H17: =+[1]DailyOct!P16 -> 0 | I17: =+I16+J17 -> 35062 | J17: =+[1]DailyOct!Q16 -> 3831 | K17: =J17/B17 -> 56.095704 | L17: =J17/C17 -> 57.229501 | M17: =+M16+N17 -> 361.9 | N17: =+[1]DailyOct!R16 -> 0 | O17: =N17/B17 -> 0 | P17: =N17/C17 -> 0 | Q17: =+Q16+R17 -> 140434.86 | R17: =+[1]DailyOct!S16 -> 15108.27 | S17: =R17/B17 -> 221.22397 | T17: =R17/C17 -> 225.69531 | U17: =+U16+V17 -> 59389.06 | V17: =+[1]DailyOct!T16 -> 6060.67 | W17: =V17/B17 -> 88.743814 | X17: =V17/C17 -> 90.537488 | Y17: =+Y16+Z17 -> 61584.06 | Z17: =+[1]DailyOct!U16 -> 6596.67 | AA17: =Z17/B17 -> 96.592234 | AB17: =Z17/C17 -> 98.544539 | AC17: =+E17+J17+N17+R17+V17+Z17+H17 -> 32327.01 | AD17: =AC17/B17 -> 473.35066 | AE17: =AC17/C17 -> 482.91794 | AF17: =+[1]DailyOct!BH16 -> 1322 | AG17: =+[1]DailyOct!BL16 -> 29908.8 | AH17: =+AG17+AF17 -> 31230.8 | AI17: =AH17/B17 -> 457.29932 | AJ17: =AH17/C17 -> 466.54218
A18: =A17+1 -> 45941 | B18: =Report1!P19 -> 63.989 | C18: =Report1!R19 -> 60.803 | D18: =+D17+E18 -> 7308.2 | E18: =+[1]DailyOct!O17 -> 848 | F18: =E18/B18 -> 13.252278 | G18: =E18/C18 -> 13.94668 | H18: =+[1]DailyOct!P17 -> 0 | I18: =+I17+J18 -> 39174 | J18: =+[1]DailyOct!Q17 -> 4112 | K18: =J18/B18 -> 64.261045 | L18: =J18/C18 -> 67.628242 | M18: =+M17+N18 -> 361.9 | N18: =+[1]DailyOct!R17 -> 0 | O18: =N18/B18 -> 0 | P18: =N18/C18 -> 0 | Q18: =+Q17+R18 -> 155898.25 | R18: =+[1]DailyOct!S17 -> 15463.39 | S18: =R18/B18 -> 241.657 | T18: =R18/C18 -> 254.31952 | U18: =+U17+V18 -> 67241.45 | V18: =+[1]DailyOct!T17 -> 7852.39 | W18: =V18/B18 -> 122.71469 | X18: =V18/C18 -> 129.14478 | Y18: =+Y17+Z18 -> 68804.45 | Z18: =+[1]DailyOct!U17 -> 7220.39 | AA18: =Z18/B18 -> 112.83799 | AB18: =Z18/C18 -> 118.75056 | AC18: =+E18+J18+N18+R18+V18+Z18+H18 -> 35496.17 | AD18: =AC18/B18 -> 554.723 | AE18: =AC18/C18 -> 583.78978 | AF18: =+[1]DailyOct!BH17 -> 1458 | AG18: =+[1]DailyOct!BL17 -> 27253.446 | AH18: =+AG18+AF18 -> 28711.446 | AI18: =AH18/B18 -> 448.69346 | AJ18: =AH18/C18 -> 472.20443
A19: =A18+1 -> 45942 | B19: =Report1!P20 -> 51.963 | C19: =Report1!R20 -> 51.13 | D19: =+D18+E19 -> 8107.8 | E19: =+[1]DailyOct!O18 -> 799.6 | F19: =E19/B19 -> 15.387872 | G19: =E19/C19 -> 15.638568 | H19: =+[1]DailyOct!P18 -> 0 | I19: =+I18+J19 -> 42755 | J19: =+[1]DailyOct!Q18 -> 3581 | K19: =J19/B19 -> 68.91442 | L19: =J19/C19 -> 70.03716 | M19: =+M18+N19 -> 361.9 | N19: =+[1]DailyOct!R18 -> 0 | O19: =N19/B19 -> 0 | P19: =N19/C19 -> 0 | Q19: =+Q18+R19 -> 171054.19 | R19: =+[1]DailyOct!S18 -> 15155.94 | S19: =R19/B19 -> 291.66792 | T19: =R19/C19 -> 296.41971 | U19: =+U18+V19 -> 74360.99 | V19: =+[1]DailyOct!T18 -> 7119.54 | W19: =V19/B19 -> 137.01172 | X19: =V19/C19 -> 139.24389 | Y19: =+Y18+Z19 -> 75835.99 | Z19: =+[1]DailyOct!U18 -> 7031.54 | AA19: =Z19/B19 -> 135.31821 | AB19: =Z19/C19 -> 137.52279 | AC19: =+E19+J19+N19+R19+V19+Z19+H19 -> 33687.62 | AD19: =AC19/B19 -> 648.30014 | AE19: =AC19/C19 -> 658.86212 | AF19: =+[1]DailyOct!BH18 -> 1259 | AG19: =+[1]DailyOct!BL18 -> 27162.702 | AH19: =+AG19+AF19 -> 28421.702 | AI19: =AH19/B19 -> 546.96038 | AJ19: =AH19/C19 -> 555.87135
A20: =A19+1 -> 45943 | B20: =Report1!P21 -> 58.326 | C20: =Report1!R21 -> 54.646 | D20: =+D19+E20 -> 8952.3 | E20: =+[1]DailyOct!O19 -> 844.5 | F20: =E20/B20 -> 14.478963 | G20: =E20/C20 -> 15.454013 | H20: =+[1]DailyOct!P19 -> 0 | I20: =+I19+J20 -> 46807 | J20: =+[1]DailyOct!Q19 -> 4052 | K20: =J20/B20 -> 69.471591 | L20: =J20/C20 -> 74.149984 | M20: =+M19+N20 -> 361.9 | N20: =+[1]DailyOct!R19 -> 0 | O20: =N20/B20 -> 0 | P20: =N20/C20 -> 0 | Q20: =+Q19+R20 -> 185871.16 | R20: =+[1]DailyOct!S19 -> 14816.97 | S20: =R20/B20 -> 254.03714 | T20: =R20/C20 -> 271.14464 | U20: =+U19+V20 -> 80978.46 | V20: =+[1]DailyOct!T19 -> 6617.47 | W20: =V20/B20 -> 113.45661 | X20: =V20/C20 -> 121.09706 | Y20: =+Y19+Z20 -> 82023.46 | Z20: =+[1]DailyOct!U19 -> 6187.47 | AA20: =Z20/B20 -> 106.08425 | AB20: =Z20/C20 -> 113.22823 | AC20: =+E20+J20+N20+R20+V20+Z20+H20 -> 32518.41 | AD20: =AC20/B20 -> 557.52855 | AE20: =AC20/C20 -> 595.07393 | AF20: =+[1]DailyOct!BH19 -> 1347 | AG20: =+[1]DailyOct!BL19 -> 24998.3 | AH20: =+AG20+AF20 -> 26345.3 | AI20: =AH20/B20 -> 451.6905 | AJ20: =AH20/C20 -> 482.10848
A21: =A20+1 -> 45944 | B21: =Report1!P22 -> 66.12 | C21: =Report1!R22 -> 70.002 | D21: =+D20+E21 -> 9808.7 | E21: =+[1]DailyOct!O20 -> 856.4 | F21: =E21/B21 -> 12.952208 | G21: =E21/C21 -> 12.233936 | H21: =+[1]DailyOct!P20 -> 0 | I21: =+I20+J21 -> 50887 | J21: =+[1]DailyOct!Q20 -> 4080 | K21: =J21/B21 -> 61.705989 | L21: =J21/C21 -> 58.284049 | M21: =+M20+N21 -> 361.9 | N21: =+[1]DailyOct!R20 -> 0 | O21: =N21/B21 -> 0 | P21: =N21/C21 -> 0 | Q21: =+Q20+R21 -> 201580.96 | R21: =+[1]DailyOct!S20 -> 15709.8 | S21: =R21/B21 -> 237.59528 | T21: =R21/C21 -> 224.4193 | U21: =+U20+V21 -> 87492.66 | V21: =+[1]DailyOct!T20 -> 6514.2 | W21: =V21/B21 -> 98.520871 | X21: =V21/C21 -> 93.057341 | Y21: =+Y20+Z21 -> 88608.66 | Z21: =+[1]DailyOct!U20 -> 6585.2 | AA21: =Z21/B21 -> 99.594676 | AB21: =Z21/C21 -> 94.071598 | AC21: =+E21+J21+N21+R21+V21+Z21+H21 -> 33745.6 | AD21: =AC21/B21 -> 510.36903 | AE21: =AC21/C21 -> 482.06623 | AF21: =+[1]DailyOct!BH20 -> 7360 | AG21: =+[1]DailyOct!BL20 -> 30960.4 | AH21: =+AG21+AF21 -> 38320.4 | AI21: =AH21/B21 -> 579.55838 | AJ21: =AH21/C21 -> 547.41865
A22: =A21+1 -> 45945 | B22: =Report1!P23 -> 53.935 | C22: =Report1!R23 -> 49.869 | D22: =+D21+E22 -> 10559.5 | E22: =+[1]DailyOct!O21 -> 750.8 | F22: =E22/B22 -> 13.92046 | G22: =E22/C22 -> 15.055445 | H22: =+[1]DailyOct!P21 -> 0 | I22: =+I21+J22 -> 54316 | J22: =+[1]DailyOct!Q21 -> 3429 | K22: =J22/B22 -> 63.576527 | L22: =J22/C22 -> 68.760152 | M22: =+M21+N22 -> 361.9 | N22: =+[1]DailyOct!R21 -> 0 | O22: =N22/B22 -> 0 | P22: =N22/C22 -> 0 | Q22: =+Q21+R22 -> 217753.76 | R22: =+[1]DailyOct!S21 -> 16172.8 | S22: =R22/B22 -> 299.85724 | T22: =R22/C22 -> 324.30568 | U22: =+U21+V22 -> 95924.26 | V22: =+[1]DailyOct!T21 -> 8431.6 | W22: =V22/B22 -> 156.32891 | X22: =V22/C22 -> 169.07498 | Y22: =+Y21+Z22 -> 95463.26 | Z22: =+[1]DailyOct!U21 -> 6854.6 | AA22: =Z22/B22 -> 127.09002 | AB22: =Z22/C22 -> 137.45212 | AC22: =+E22+J22+N22+R22+V22+Z22+H22 -> 35638.8 | AD22: =AC22/B22 -> 660.77315 | AE22: =AC22/C22 -> 714.64838 | AF22: =+[1]DailyOct!BH21 -> 25872 | AG22: =+[1]DailyOct!BL21 -> 0 | AH22: =+AG22+AF22 -> 25872 | AI22: =AH22/B22 -> 479.68851 | AJ22: =AH22/C22 -> 518.79925
A23: =A22+1 -> 45946 | B23: =Report1!P24 -> 51.15 | C23: =Report1!R24 -> 24.524 | D23: =+D22+E23 -> 11163.1 | E23: =+[1]DailyOct!O22 -> 603.6 | F23: =E23/B23 -> 11.800587 | G23: =E23/C23 -> 24.612624 | H23: =+[1]DailyOct!P22 -> 0 | I23: =+I22+J23 -> 58235 | J23: =+[1]DailyOct!Q22 -> 3919 | K23: =J23/B23 -> 76.617791 | L23: =J23/C23 -> 159.80264 | M23: =+M22+N23 -> 361.9 | N23: =+[1]DailyOct!R22 -> 0 | O23: =N23/B23 -> 0 | P23: =N23/C23 -> 0 | Q23: =+Q22+R23 -> 232285.36 | R23: =+[1]DailyOct!S22 -> 14531.6 | S23: =R23/B23 -> 284.09775 | T23: =R23/C23 -> 592.54608 | U23: =+U22+V23 -> 102373.46 | V23: =+[1]DailyOct!T22 -> 6449.2 | W23: =V23/B23 -> 126.08407 | X23: =V23/C23 -> 262.97504 | Y23: =+Y22+Z23 -> 100855.46 | Z23: =+[1]DailyOct!U22 -> 5392.2 | AA23: =Z23/B23 -> 105.41935 | AB23: =Z23/C23 -> 219.87441 | AC23: =+E23+J23+N23+R23+V23+Z23+H23 -> 30895.6 | AD23: =AC23/B23 -> 604.01955 | AE23: =AC23/C23 -> 1259.8108 | AF23: =+[1]DailyOct!BH22 -> 24647 | AG23: =+[1]DailyOct!BL22 -> 0 | AH23: =+AG23+AF23 -> 24647 | AI23: =AH23/B23 -> 481.85728 | AJ23: =AH23/C23 -> 1005.0155
A24: =A23+1 -> 45947 | B24: =Report1!P25 -> 40.408 | C24: =Report1!R25 -> 42.985 | D24: =+D23+E24 -> 11803.8 | E24: =+[1]DailyOct!O23 -> 640.7 | F24: =E24/B24 -> 15.855771 | G24: =E24/C24 -> 14.905199 | H24: =+[1]DailyOct!P23 -> 916.3 | I24: =+I23+J24 -> 61748 | J24: =+[1]DailyOct!Q23 -> 3513 | K24: =J24/B24 -> 86.93823 | L24: =J24/C24 -> 81.726184 | M24: =+M23+N24 -> 361.9 | N24: =+[1]DailyOct!R23 -> 0 | O24: =N24/B24 -> 0 | P24: =N24/C24 -> 0 | Q24: =+Q23+R24 -> 247234.04 | R24: =+[1]DailyOct!S23 -> 14948.68 | S24: =R24/B24 -> 369.94358 | T24: =R24/C24 -> 347.76503 | U24: =+U23+V24 -> 109987.84 | V24: =+[1]DailyOct!T23 -> 7614.38 | W24: =V24/B24 -> 188.43744 | X24: =V24/C24 -> 177.1404 | Y24: =+Y23+Z24 -> 106769.84 | Z24: =+[1]DailyOct!U23 -> 5914.38 | AA24: =Z24/B24 -> 146.36656 | AB24: =Z24/C24 -> 137.59172 | AC24: =+E24+J24+N24+R24+V24+Z24+H24 -> 33547.44 | AD24: =AC24/B24 -> 830.21778 | AE24: =AC24/C24 -> 780.44527 | AF24: =+[1]DailyOct!BH23 -> 17331 | AG24: =+[1]DailyOct!BL23 -> 0 | AH24: =+AG24+AF24 -> 17331 | AI24: =AH24/B24 -> 428.90022 | AJ24: =AH24/C24 -> 403.18716 | AM24: Total | AN24: =+AN16+AN19+AN22 -> 572.49468 | AO24: =+AO16+AO19+AO22 -> 599.16765
A25: =A24+1 -> 45948 | B25: =Report1!P26 -> 25.956 | C25: =Report1!R26 -> 24.612 | D25: =+D24+E25 -> 12222.9 | E25: =+[1]DailyOct!O24 -> 419.1 | F25: =E25/B25 -> 16.146556 | G25: =E25/C25 -> 17.028279 | H25: =+[1]DailyOct!P24 -> 1171.1 | I25: =+I24+J25 -> 63575 | J25: =+[1]DailyOct!Q24 -> 1827 | K25: =J25/B25 -> 70.38835 | L25: =J25/C25 -> 74.232082 | M25: =+M24+N25 -> 361.9 | N25: =+[1]DailyOct!R24 -> 0 | O25: =N25/B25 -> 0 | P25: =N25/C25 -> 0 | Q25: =+Q24+R25 -> 257203.93 | R25: =+[1]DailyOct!S24 -> 9969.89 | S25: =R25/B25 -> 384.10734 | T25: =R25/C25 -> 405.08248 | U25: =+U24+V25 -> 114455.83 | V25: =+[1]DailyOct!T24 -> 4467.99 | W25: =V25/B25 -> 172.13708 | X25: =V25/C25 -> 181.53706 | Y25: =+Y24+Z25 -> 109960.83 | Z25: =+[1]DailyOct!U24 -> 3190.99 | AA25: =Z25/B25 -> 122.93843 | AB25: =Z25/C25 -> 129.6518 | AC25: =+E25+J25+N25+R25+V25+Z25+H25 -> 21046.07 | AD25: =AC25/B25 -> 810.83642 | AE25: =AC25/C25 -> 855.11417 | AF25: =+[1]DailyOct!BH24 -> 17305 | AG25: =+[1]DailyOct!BL24 -> 0 | AH25: =+AG25+AF25 -> 17305 | AI25: =AH25/B25 -> 666.70519 | AJ25: =AH25/C25 -> 703.1123
A26: =A25+1 -> 45949 | B26: =Report1!P27 -> 50.688 | C26: =Report1!R27 -> 49.046 | D26: =+D25+E26 -> 12852.1 | E26: =+[1]DailyOct!O25 -> 629.2 | F26: =E26/B26 -> 12.413194 | G26: =E26/C26 -> 12.828773 | H26: =+[1]DailyOct!P25 -> 1806.7 | I26: =+I25+J26 -> 67289 | J26: =+[1]DailyOct!Q25 -> 3714 | K26: =J26/B26 -> 73.27178 | L26: =J26/C26 -> 75.72483 | M26: =+M25+N26 -> 361.9 | N26: =+[1]DailyOct!R25 -> 0 | O26: =N26/B26 -> 0 | P26: =N26/C26 -> 0 | Q26: =+Q25+R26 -> 273448.02 | R26: =+[1]DailyOct!S25 -> 16244.09 | S26: =R26/B26 -> 320.4721 | T26: =R26/C26 -> 331.20112 | U26: =+U25+V26 -> 122921.12 | V26: =+[1]DailyOct!T25 -> 8465.29 | W26: =V26/B26 -> 167.00777 | X26: =V26/C26 -> 172.59899 | Y26: =+Y25+Z26 -> 116606.12 | Z26: =+[1]DailyOct!U25 -> 6645.29 | AA26: =Z26/B26 -> 131.10184 | AB26: =Z26/C26 -> 135.49097 | AC26: =+E26+J26+N26+R26+V26+Z26+H26 -> 37504.57 | AD26: =AC26/B26 -> 739.91024 | AE26: =AC26/C26 -> 764.68152 | AF26: =+[1]DailyOct!BH25 -> 19293 | AG26: =+[1]DailyOct!BL25 -> 0 | AH26: =+AG26+AF26 -> 19293 | AI26: =AH26/B26 -> 380.62263 | AJ26: =AH26/C26 -> 393.36541 | AM26: LEBIH TINGGI DARI OFF REEL | AO26: =+AO24/AN24-1 -> 0.04659076
A27: =A26+1 -> 45950 | B27: =Report1!P28 -> 49.362 | C27: =Report1!R28 -> 49.627 | D27: =+D26+E27 -> 13562.1 | E27: =+[1]DailyOct!O26 -> 710 | F27: =E27/B27 -> 14.383534 | G27: =E27/C27 -> 14.306728 | H27: =+[1]DailyOct!P26 -> 1955.9 | I27: =+I26+J27 -> 71697 | J27: =+[1]DailyOct!Q26 -> 4408 | K27: =J27/B27 -> 89.299461 | L27: =J27/C27 -> 88.822617 | M27: =+M26+N27 -> 361.9 | N27: =+[1]DailyOct!R26 -> 0 | O27: =N27/B27 -> 0 | P27: =N27/C27 -> 0 | Q27: =+Q26+R27 -> 288350.63 | R27: =+[1]DailyOct!S26 -> 14902.61 | S27: =R27/B27 -> 301.9045 | T27: =R27/C27 -> 300.29238 | U27: =+U26+V27 -> 130614.73 | V27: =+[1]DailyOct!T26 -> 7693.61 | W27: =V27/B27 -> 155.86099 | X27: =V27/C27 -> 155.02871 | Y27: =+Y26+Z27 -> 122179.73 | Z27: =+[1]DailyOct!U26 -> 5573.61 | AA27: =Z27/B27 -> 112.91297 | AB27: =Z27/C27 -> 112.31003 | AC27: =+E27+J27+N27+R27+V27+Z27+H27 -> 35243.73 | AD27: =AC27/B27 -> 713.98505 | AE27: =AC27/C27 -> 710.17249 | AF27: =+[1]DailyOct!BH26 -> 22897 | AG27: =+[1]DailyOct!BL26 -> 0 | AH27: =+AG27+AF27 -> 22897 | AI27: =AH27/B27 -> 463.85884 | AJ27: =AH27/C27 -> 461.38191
A28: =A27+1 -> 45951 | B28: =Report1!P29 -> 52.605 | C28: =Report1!R29 -> 49.781 | D28: =+D27+E28 -> 14228.9 | E28: =+[1]DailyOct!O27 -> 666.8 | F28: =E28/B28 -> 12.675601 | G28: =E28/C28 -> 13.394669 | H28: =+[1]DailyOct!P27 -> 1603.6 | I28: =+I27+J28 -> 76039 | J28: =+[1]DailyOct!Q27 -> 4342 | K28: =J28/B28 -> 82.539683 | L28: =J28/C28 -> 87.222033 | M28: =+M27+N28 -> 361.9 | N28: =+[1]DailyOct!R27 -> 0 | O28: =N28/B28 -> 0 | P28: =N28/C28 -> 0 | Q28: =+Q27+R28 -> 303856.26 | R28: =+[1]DailyOct!S27 -> 15505.63 | S28: =R28/B28 -> 294.75582 | T28: =R28/C28 -> 311.47687 | U28: =+U27+V28 -> 139188.16 | V28: =+[1]DailyOct!T27 -> 8573.43 | W28: =V28/B28 -> 162.97747 | X28: =V28/C28 -> 172.22294 | Y28: =+Y27+Z28 -> 128489.16 | Z28: =+[1]DailyOct!U27 -> 6309.43 | AA28: =Z28/B28 -> 119.93974 | AB28: =Z28/C28 -> 126.74374 | AC28: =+E28+J28+N28+R28+V28+Z28+H28 -> 37000.89 | AD28: =AC28/B28 -> 703.37211 | AE28: =AC28/C28 -> 743.27334 | AF28: =+[1]DailyOct!BH27 -> 19372 | AG28: =+[1]DailyOct!BL27 -> 0 | AH28: =+AG28+AF28 -> 19372 | AI28: =AH28/B28 -> 368.25397 | AJ28: =AH28/C28 -> 389.14445
A29: =A28+1 -> 45952 | B29: =Report1!P30 -> 59.951 | C29: =Report1!R30 -> 51.373 | D29: =+D28+E29 -> 14870.4 | E29: =+[1]DailyOct!O28 -> 641.5 | F29: =E29/B29 -> 10.700405 | G29: =E29/C29 -> 12.487104 | H29: =+[1]DailyOct!P28 -> 2031.9 | I29: =+I28+J29 -> 80896 | J29: =+[1]DailyOct!Q28 -> 4857 | K29: =J29/B29 -> 81.016163 | L29: =J29/C29 -> 94.543827 | M29: =+M28+N29 -> 361.9 | N29: =+[1]DailyOct!R28 -> 0 | O29: =N29/B29 -> 0 | P29: =N29/C29 -> 0 | Q29: =+Q28+R29 -> 319573.5 | R29: =+[1]DailyOct!S28 -> 15717.24 | S29: =R29/B29 -> 262.1681 | T29: =R29/C29 -> 305.94359 | U29: =+U28+V29 -> 146812.9 | V29: =+[1]DailyOct!T28 -> 7624.74 | W29: =V29/B29 -> 127.18287 | X29: =V29/C29 -> 148.41921 | Y29: =+Y28+Z29 -> 134265.9 | Z29: =+[1]DailyOct!U28 -> 5776.74 | AA29: =Z29/B29 -> 96.357692 | AB29: =Z29/C29 -> 112.44701 | AC29: =+E29+J29+N29+R29+V29+Z29+H29 -> 36649.12 | AD29: =AC29/B29 -> 611.31791 | AE29: =AC29/C29 -> 713.39264 | AF29: =+[1]DailyOct!BH28 -> 27589 | AG29: =+[1]DailyOct!BL28 -> 0 | AH29: =+AG29+AF29 -> 27589 | AI29: =AH29/B29 -> 460.19249 | AJ29: =AH29/C29 -> 537.03307
A30: =A29+1 -> 45953 | B30: =Report1!P31 -> 68.074 | C30: =Report1!R31 -> 70.382 | D30: =+D29+E30 -> 15645.2 | E30: =+[1]DailyOct!O29 -> 774.8 | F30: =E30/B30 -> 11.381732 | G30: =E30/C30 -> 11.008496 | H30: =+[1]DailyOct!P29 -> 3796.5 | I30: =+I29+J30 -> 84152 | J30: =+[1]DailyOct!Q29 -> 3256 | K30: =J30/B30 -> 47.830302 | L30: =J30/C30 -> 46.261828 | M30: =+M29+N30 -> 361.9 | N30: =+[1]DailyOct!R29 -> 0 | O30: =N30/B30 -> 0 | P30: =N30/C30 -> 0 | Q30: =+Q29+R30 -> 335760.67 | R30: =+[1]DailyOct!S29 -> 16187.17 | S30: =R30/B30 -> 237.78785 | T30: =R30/C30 -> 229.9902 | U30: =+U29+V30 -> 153532.87 | V30: =+[1]DailyOct!T29 -> 6719.97 | W30: =V30/B30 -> 98.715662 | X30: =V30/C30 -> 95.478531 | Y30: =+Y29+Z30 -> 140186.87 | Z30: =+[1]DailyOct!U29 -> 5920.97 | AA30: =Z30/B30 -> 86.978435 | AB30: =Z30/C30 -> 84.126197 | AC30: =+E30+J30+N30+R30+V30+Z30+H30 -> 36655.41 | AD30: =AC30/B30 -> 538.46417 | AE30: =AC30/C30 -> 520.8066 | AF30: =+[1]DailyOct!BH29 -> 26268 | AG30: =+[1]DailyOct!BL29 -> 0 | AH30: =+AG30+AF30 -> 26268 | AI30: =AH30/B30 -> 385.8742 | AJ30: =AH30/C30 -> 373.22043
A31: =A30+1 -> 45954 | B31: =Report1!P32 -> 70.289 | C31: =Report1!R32 -> 69.483 | D31: =+D30+E31 -> 16322.1 | E31: =+[1]DailyOct!O30 -> 676.9 | F31: =E31/B31 -> 9.6302409 | G31: =E31/C31 -> 9.7419513 | H31: =+[1]DailyOct!P30 -> 0 | I31: =+I30+J31 -> 87369 | J31: =+[1]DailyOct!Q30 -> 3217 | K31: =J31/B31 -> 45.768186 | L31: =J31/C31 -> 46.299095 | M31: =+M30+N31 -> 361.9 | N31: =+[1]DailyOct!R30 -> 0 | O31: =N31/B31 -> 0 | P31: =N31/C31 -> 0 | Q31: =+Q30+R31 -> 351196.5 | R31: =+[1]DailyOct!S30 -> 15435.83 | S31: =R31/B31 -> 219.6052 | T31: =R31/C31 -> 222.15261 | U31: =+U30+V31 -> 159703.6 | V31: =+[1]DailyOct!T30 -> 6170.73 | W31: =V31/B31 -> 87.790835 | X31: =V31/C31 -> 88.809205 | Y31: =+Y30+Z31 -> 146934.6 | Z31: =+[1]DailyOct!U30 -> 6747.73 | AA31: =Z31/B31 -> 95.999801 | AB31: =Z31/C31 -> 97.113395 | AC31: =+E31+J31+N31+R31+V31+Z31+H31 -> 32248.19 | AD31: =AC31/B31 -> 458.79426 | AE31: =AC31/C31 -> 464.11626 | AF31: =+[1]DailyOct!BH30 -> 28009 | AG31: =+[1]DailyOct!BL30 -> 0 | AH31: =+AG31+AF31 -> 28009 | AI31: =AH31/B31 -> 398.4834 | AJ31: =AH31/C31 -> 403.1058
A32: =A31+1 -> 45955 | B32: =Report1!P33 -> 65.78 | C32: =Report1!R33 -> 65.764 | D32: =+D31+E32 -> 16920 | E32: =+[1]DailyOct!O31 -> 597.9 | F32: =E32/B32 -> 9.0893889 | G32: =E32/C32 -> 9.0916003 | H32: =+[1]DailyOct!P31 -> 677.2 | I32: =+I31+J32 -> 90788 | J32: =+[1]DailyOct!Q31 -> 3419 | K32: =J32/B32 -> 51.976285 | L32: =J32/C32 -> 51.98893 | M32: =+M31+N32 -> 361.9 | N32: =+[1]DailyOct!R31 -> 0 | O32: =N32/B32 -> 0 | P32: =N32/C32 -> 0 | Q32: =+Q31+R32 -> 365923.92 | R32: =+[1]DailyOct!S31 -> 14727.42 | S32: =R32/B32 -> 223.88902 | T32: =R32/C32 -> 223.94349 | U32: =+U31+V32 -> 164961.92 | V32: =+[1]DailyOct!T31 -> 5258.32 | W32: =V32/B32 -> 79.937975 | X32: =V32/C32 -> 79.957424 | Y32: =+Y31+Z32 -> 153250.92 | Z32: =+[1]DailyOct!U31 -> 6316.32 | AA32: =Z32/B32 -> 96.021891 | AB32: =Z32/C32 -> 96.045253 | AC32: =+E32+J32+N32+R32+V32+Z32+H32 -> 30996.16 | AD32: =AC32/B32 -> 471.20949 | AE32: =AC32/C32 -> 471.32413 | AF32: =+[1]DailyOct!BH31 -> 29470 | AG32: =+[1]DailyOct!BL31 -> 0 | AH32: =+AG32+AF32 -> 29470 | AI32: =AH32/B32 -> 448.00851 | AJ32: =AH32/C32 -> 448.11751
A33: =A32+1 -> 45956 | B33: =Report1!P34 -> 65.405 | C33: =Report1!R34 -> 65.506 | D33: =+D32+E33 -> 17608.9 | E33: =+[1]DailyOct!O32 -> 688.9 | F33: =E33/B33 -> 10.532834 | G33: =E33/C33 -> 10.516594 | H33: =+[1]DailyOct!P32 -> 1187.4 | I33: =+I32+J33 -> 95293 | J33: =+[1]DailyOct!Q32 -> 4505 | K33: =J33/B33 -> 68.878526 | L33: =J33/C33 -> 68.772326 | M33: =+M32+N33 -> 361.9 | N33: =+[1]DailyOct!R32 -> 0 | O33: =N33/B33 -> 0 | P33: =N33/C33 -> 0 | Q33: =+Q32+R33 -> 381185.13 | R33: =+[1]DailyOct!S32 -> 15261.21 | S33: =R33/B33 -> 233.334 | T33: =R33/C33 -> 232.97423 | U33: =+U32+V33 -> 169976.03 | V33: =+[1]DailyOct!T32 -> 5014.11 | W33: =V33/B33 -> 76.662488 | X33: =V33/C33 -> 76.544286 | Y33: =+Y32+Z33 -> 159284.03 | Z33: =+[1]DailyOct!U32 -> 6033.11 | AA33: =Z33/B33 -> 92.242336 | AB33: =Z33/C33 -> 92.100113 | AC33: =+E33+J33+N33+R33+V33+Z33+H33 -> 32689.73 | AD33: =AC33/B33 -> 499.80475 | AE33: =AC33/C33 -> 499.03413 | AF33: =+[1]DailyOct!BH32 -> 20119 | AG33: =+[1]DailyOct!BL32 -> 0 | AH33: =+AG33+AF33 -> 20119 | AI33: =AH33/B33 -> 307.60645 | AJ33: =AH33/C33 -> 307.13217
A34: =A33+1 -> 45957 | B34: =Report1!P35 -> 59.101 | C34: =Report1!R35 -> 59.282 | D34: =+D33+E34 -> 18180.6 | E34: =+[1]DailyOct!O33 -> 571.7 | F34: =E34/B34 -> 9.6732712 | G34: =E34/C34 -> 9.6437367 | H34: =+[1]DailyOct!P33 -> 1079.3 | I34: =+I33+J34 -> 97238 | J34: =+[1]DailyOct!Q33 -> 1945 | K34: =J34/B34 -> 32.909765 | L34: =J34/C34 -> 32.809284 | M34: =+M33+N34 -> 361.9 | N34: =+[1]DailyOct!R33 -> 0 | O34: =N34/B34 -> 0 | P34: =N34/C34 -> 0 | Q34: =+Q33+R34 -> 395647.34 | R34: =+[1]DailyOct!S33 -> 14462.21 | S34: =R34/B34 -> 244.7033 | T34: =R34/C34 -> 243.95618 | U34: =+U33+V34 -> 174700.94 | V34: =+[1]DailyOct!T33 -> 4724.91 | W34: =V34/B34 -> 79.946363 | X34: =V34/C34 -> 79.702271 | Y34: =+Y33+Z34 -> 165822.94 | Z34: =+[1]DailyOct!U33 -> 6538.91 | AA34: =Z34/B34 -> 110.63958 | AB34: =Z34/C34 -> 110.30178 | AC34: =+E34+J34+N34+R34+V34+Z34+H34 -> 29322.03 | AD34: =AC34/B34 -> 496.13424 | AE34: =AC34/C34 -> 494.61945 | AF34: =+[1]DailyOct!BH33 -> 28867 | AG34: =+[1]DailyOct!BL33 -> 0 | AH34: =+AG34+AF34 -> 28867 | AI34: =AH34/B34 -> 488.43505 | AJ34: =AH34/C34 -> 486.94376
A35: =A34+1 -> 45958 | B35: =Report1!P36 -> 65.172 | C35: =Report1!R36 -> 63.91 | D35: =+D34+E35 -> 18814.8 | E35: =+[1]DailyOct!O34 -> 634.2 | F35: =E35/B35 -> 9.7311729 | G35: =E35/C35 -> 9.9233297 | H35: =+[1]DailyOct!P34 -> 22.1 | I35: =+I34+J35 -> 100637 | J35: =+[1]DailyOct!Q34 -> 3399 | K35: =J35/B35 -> 52.154299 | L35: =J35/C35 -> 53.184165 | M35: =+M34+N35 -> 361.9 | N35: =+[1]DailyOct!R34 -> 0 | O35: =N35/B35 -> 0 | P35: =N35/C35 -> 0 | Q35: =+Q34+R35 -> 410419.53 | R35: =+[1]DailyOct!S34 -> 14772.19 | S35: =R35/B35 -> 226.66467 | T35: =R35/C35 -> 231.14051 | U35: =+U34+V35 -> 177810.33 | V35: =+[1]DailyOct!T34 -> 3109.39 | W35: =V35/B35 -> 47.71052 | X35: =V35/C35 -> 48.652637 | Y35: =+Y34+Z35 -> 170755.33 | Z35: =+[1]DailyOct!U34 -> 4932.39 | AA35: =Z35/B35 -> 75.682655 | AB35: =Z35/C35 -> 77.177124 | AC35: =+E35+J35+N35+R35+V35+Z35+H35 -> 26869.27 | AD35: =AC35/B35 -> 412.28242 | AE35: =AC35/C35 -> 420.42356 | AF35: =+[1]DailyOct!BH34 -> 29518 | AG35: =+[1]DailyOct!BL34 -> 0 | AH35: =+AG35+AF35 -> 29518 | AI35: =AH35/B35 -> 452.92457 | AJ35: =AH35/C35 -> 461.86825
A36: =A35+1 -> 45959 | B36: =+Report1!P37 -> 72.42 | C36: =Report1!R37 -> 72.963 | D36: =+D35+E36 -> 19560 | E36: =+[1]DailyOct!O35 -> 745.2 | F36: =E36/B36 -> 10.289975 | G36: =E36/C36 -> 10.213396 | H36: =+[1]DailyOct!P35 -> 4363.6 | I36: =+I35+J36 -> 105797 | J36: =+[1]DailyOct!Q35 -> 5160 | K36: =J36/B36 -> 71.251036 | L36: =J36/C36 -> 70.720776 | M36: =+M35+N36 -> 361.9 | N36: =+[1]DailyOct!R35 -> 0 | O36: =N36/B36 -> 0 | P36: =N36/C36 -> 0 | Q36: =+Q35+R36 -> 427863.91 | R36: =+[1]DailyOct!S35 -> 17444.38 | S36: =R36/B36 -> 240.87793 | T36: =R36/C36 -> 239.08529 | U36: =+U35+V36 -> 184123.91 | V36: =+[1]DailyOct!T35 -> 6313.58 | W36: =V36/B36 -> 87.180061 | X36: =V36/C36 -> 86.531256 | Y36: =+Y35+Z36 -> 178163.91 | Z36: =+[1]DailyOct!U35 -> 7408.58 | AA36: =Z36/B36 -> 102.30019 | AB36: =Z36/C36 -> 101.53886 | AC36: =+E36+J36+N36+R36+V36+Z36+H36 -> 41435.34 | AD36: =AC36/B36 -> 572.15327 | AE36: =AC36/C36 -> 567.89523 | AF36: =+[1]DailyOct!BH35 -> 22919 | AG36: =+[1]DailyOct!BL35 -> 0 | AH36: =+AG36+AF36 -> 22919 | AI36: =AH36/B36 -> 316.47335 | AJ36: =AH36/C36 -> 314.11811
A37: =A36+1 -> 45960 | B37: =Report1!P38 -> 68.887 | C37: =Report1!R38 -> 68.493 | D37: =+D36+E37 -> 20350 | E37: =+[1]DailyOct!O36 -> 790 | F37: =E37/B37 -> 11.468056 | G37: =E37/C37 -> 11.534025 | H37: =+[1]DailyOct!P36 -> 2341.2 | I37: =+I36+J37 -> 109641 | J37: =+[1]DailyOct!Q36 -> 3844 | K37: =J37/B37 -> 55.80153 | L37: =J37/C37 -> 56.122523 | M37: =+M36+N37 -> 363.8 | N37: =+[1]DailyOct!R36 -> 1.9 | O37: =N37/B37 -> 0.027581401 | P37: =N37/C37 -> 0.027740061 | Q37: =+Q36+R37 -> 444369.21 | R37: =+[1]DailyOct!S36 -> 16505.3 | S37: =R37/B37 -> 239.59963 | T37: =R37/C37 -> 240.97791 | U37: =+U36+V37 -> 191119.21 | V37: =+[1]DailyOct!T36 -> 6995.3 | W37: =V37/B37 -> 101.54746 | X37: =V37/C37 -> 102.1316 | Y37: =+Y36+Z37 -> 185541.21 | Z37: =+[1]DailyOct!U36 -> 7377.3 | AA37: =Z37/B37 -> 107.09278 | AB37: =Z37/C37 -> 107.70882 | AC37: =+E37+J37+N37+R37+V37+Z37+H37 -> 37855 | AD37: =AC37/B37 -> 549.52313 | AE37: =AC37/C37 -> 552.68422 | AF37: =+[1]DailyOct!BH36 -> 23842 | AG37: =+[1]DailyOct!BL36 -> 0 | AH37: =+AG37+AF37 -> 23842 | AI37: =AH37/B37 -> 346.10304 | AJ37: =AH37/C37 -> 348.09397
A38: =A37+1 -> 45961 | B38: =Report1!P39 -> 45.51 | C38: =Report1!R39 -> 41.704 | D38: =+D37+E38 -> 21024 | E38: =+[1]DailyOct!O37 -> 674 | F38: =E38/B38 -> 14.809932 | G38: =E38/C38 -> 16.161519 | H38: =+[1]DailyOct!P37 -> 670.2 | I38: =+I37+J38 -> 114738 | J38: =+[1]DailyOct!Q37 -> 5097 | K38: =J38/B38 -> 111.99736 | L38: =J38/C38 -> 122.21849 | M38: =+M37+N38 -> 363.8 | N38: =+[1]DailyOct!R37 -> 0 | O38: =N38/B38 -> 0 | P38: =N38/C38 -> 0 | Q38: =+Q37+R38 -> 460660.2 | R38: =+[1]DailyOct!S37 -> 16290.99 | S38: =R38/B38 -> 357.96506 | T38: =R38/C38 -> 390.63375 | U38: =+U37+V38 -> 199003.2 | V38: =+[1]DailyOct!T37 -> 7883.99 | W38: =V38/B38 -> 173.23643 | X38: =V38/C38 -> 189.04637 | Y38: =+Y37+Z38 -> 192416.2 | Z38: =+[1]DailyOct!U37 -> 6874.99 | AA38: =Z38/B38 -> 151.06548 | AB38: =Z38/C38 -> 164.85205 | AC38: =+E38+J38+N38+R38+V38+Z38+H38 -> 37491.17 | AD38: =AC38/B38 -> 823.8007 | AE38: =AC38/C38 -> 898.98259 | AF38: =+[1]DailyOct!BH37 -> 21919 | AG38: =+[1]DailyOct!BL37 -> 0 | AH38: =+AG38+AF38 -> 21919 | AI38: =AH38/B38 -> 481.63041 | AJ38: =AH38/C38 -> 525.58508
A40: TOTAL | B40: =SUM(B8:B38) -> 1726.139 | C40: =SUM(C8:C38) -> 1649.297 | E40: =SUM(E8:E39) -> 21024 | F40: =E40/B40 -> 12.179784 | G40: =E40/C40 -> 12.747249 | H40: =SUM(H8:H39) -> 27931.4 | J40: =SUM(J8:J39) -> 114738 | K40: =J40/B40 -> 66.470893 | L40: =J40/C40 -> 69.567822 | N40: =SUM(N8:N39) -> 363.8 | O40: =N40/B40 -> 0.21075939 | P40: =N40/C40 -> 0.22057883 | R40: =SUM(R8:R39) -> 460660.2 | S40: =R40/B40 -> 266.87318 | T40: =R40/C40 -> 279.307 | V40: =SUM(V8:V39) -> 199003.2 | W40: =V40/B40 -> 115.28805 | X40: =V40/C40 -> 120.65941 | Z40: =SUM(Z8:Z39) -> 192416.2 | AA40: =Z40/B40 -> 111.47202 | AB40: =Z40/C40 -> 116.66559 | AC40: =+E40+J40+N40+R40+V40+Z40+H40 -> 1016136.8 | AD40: =AC40/B40 -> 588.67611 | AE40: =AC40/C40 -> 616.10298 | AF40: =SUM(AF8:AF39) -> 428961 | AG40: =SUM(AG8:AG39) -> 373275.59 | AH40: =+SUM(AH8:AH38) -> 802236.59 | AI40: =AF40/B40 -> 248.50896 | AJ40: =AF40/C40 -> 260.08718
AC42: =+AC40-[1]DailyOct!$V$38 -> 0 | AF42: =+AF40-[1]DailyOct!$BH$38 -> 0 | AG42: =+AG40-[1]DailyOct!$BL$38 -> 0

Sheet Trim Rwd
A1: PM 12 | B1: =+Report1!A9 -> 45931
A3: Tgl | B3: Grade | C3: Ply | D3: Kombinasi Pot. | E3: Lebar Trim | F3: Jml Turunan | G3: Lebar x Turunan | H3: Rata-rata | I3: PHP PM
A4: =+B1 -> 45931 | B4: TW 34 | C4: 2 | D4: 120*2+97 | E4: =120*2+97 -> 337 | F4: 0 | G4: =+E4*F4 -> 0 | H4: =+E4 -> 337 | I4: =+'1'!I38 -> 0
A6: 45932 | B6: TW 17 | C6: 2 | D6: 159*2 | E6: =159*2 -> 318 | F6: 35 | G6: =+E6*F6 -> 11130 | H6: =+G6/F6 -> 318 | I6: =+'2'!I38 -> 42.451 | K6: =+SUM(I:I) -> 1728.255
K7: =+K6-'31'!J38 -> 2.116
A8: 45933 | B8: TW 17 | C8: 2 | D8: 159*2 | E8: =159*2 -> 318 | F8: 35 | G8: =+E8*F8 -> 11130 | H8: =+G8/F8 -> 318 | I8: =+'3'!N37 -> 4.376
B9: N 18 | C9: 2 | D9: 40*8 | E9: =40*8 -> 320 | F9: 29 | G9: =+E9*F9 -> 9280 | H9: =+G9/F9 -> 320 | I9: =+'3'!N38 -> 51.668
A11: 45934 | B11: N 18 | C11: 2 | D11: 40*8 | E11: =40*8 -> 320 | F11: 26 | G11: =+E11*F11 -> 8320 | H11: =+G11/F11 -> 320 | I11: =+'4'!I38 -> 41.532
A13: 45935 | B13: N 18 | C13: 2 | D13: 40*8 | E13: =40*8 -> 320 | F13: 19 | G13: =+E13*F13 -> 6080 | H13: =+G13/F13 -> 320 | I13: =+'5'!N37 -> 28.067
B14: N 20 | C14: 2 | D14: 114*2+38,5+63,5 | E14: =114*2+38.5+63.5 -> 330 | F14: 15 | G14: =+E14*F14 -> 4950 | H14: =+G14/F14 -> 330 | I14: =+'5'!N38 -> 21.413
B15: TW 17 | C15: 2 | D15: 159*2 | E15: =159*2 -> 318 | F15: 5 | G15: =+E15*F15 -> 1590 | H15: =+G15/F15 -> 318 | I15: Backlog
A17: 45936 | B17: N 20 | C17: 2 | D17: 114*2+38,5+63,5 | E17: =114*2+38.5+63.5 -> 330 | F17: =18+1+8+1+14+3 -> 45 | G17: =+E17*F17 -> 14850 | H17: =+(E17*F17+E18*F18)/(SUM(F17:F18)) -> 329.21875 | I17: =+'6'!N37 -> 50.344
B18: N 20 | C18: 2 | D18: 63,5*5 | E18: =63.5*5 -> 317.5 | F18: 3 | G18: =+E18*F18 -> 952.5
B19: N 17 | C19: 2 | D19: 159*2 | E19: =159*2 -> 318 | F19: 5 | G19: =+E19*F19 -> 1590 | H19: =+G19/F19 -> 318 | I19: =+'6'!N38 -> 4.863
B20: N 18 | C20: 2 | D20: 40*8 | E20: =40*8 -> 320 | F20: 1 | G20: =+E20*F20 -> 320 | H20: =+G20/F20 -> 320 | I20: =+'6'!N39 -> 2.435
B21: TW 18,5 | C21: 2 | D21: 168*2 | E21: =168*2 -> 336 | F21: 0 | G21: =+E21*F21 -> 0 | H21: =+E21 -> 336 | I21: =+'6'!N40 -> 4.57
A23: 45937 | B23: TW 18,5 | C23: 2 | D23: 168*2 | E23: =168*2 -> 336 | F23: 10 | G23: =+E23*F23 -> 3360 | H23: =+G23/F23 -> 336 | I23: =+'7'!N37 -> 5.592
B24: TW 32 | C24: 2 | D24: 230+93 | E24: =230+93 -> 323 | F24: =14+14+6 -> 34 | G24: =+E24*F24 -> 10982 | H24: =+E24 -> 323 | I24: =+'7'!N38 -> 63.207
A26: 45938 | B26: TW 32 | C26: 2 | D26: 230+93 | E26: =230+93 -> 323 | F26: 10 | G26: =+E26*F26 -> 3230 | H26: =+E26 -> 323 | I26: =+'8'!N37 -> 13.644
B27: TW 34 | C27: 2 | D27: 117,5*2+94 | E27: =117.5*2+94 -> 329 | F27: =2+1+4+6+2 -> 15 | G27: =+E27*F27 -> 4935 | H27: =+E27 -> 329 | I27: =+'8'!N38 -> 13.905
B28: TW 36 | C28: 2 | D28: 117,5*2+94 | E28: =117.5*2+94 -> 329 | F28: =1+2+2 -> 5 | G28: =+E28*F28 -> 1645 | H28: =+(E28*F28+E29*F29)/(SUM(F28:F29)) -> 317.94737 | I28: =+'8'!N39 -> 34.28
B29: TW 35,5 | C29: 2 | D29: 157*2 | E29: =157*2 -> 314 | F29: =5+9 -> 14 | G29: =+E29*F29 -> 4396
B30: TW 38 | C30: 2 | D30: 169+149 | E30: =169+149 -> 318 | F30: 1 | G30: =+E30*F30 -> 318 | H30: =+E30 -> 318 | I30: =+'8'!N40 -> 2.744
A32: 45939 | B32: TW 38 | C32: 2 | D32: 169+149 | E32: =169+149 -> 318 | F32: =15+16+3 -> 34 | G32: =+E32*F32 -> 10812 | H32: =+E32 -> 318 | I32: =+'9'!N37 -> 43.844
B33: TW 34 | C33: 2 | D33: 107*3 | E33: =107*3 -> 321 | F33: 8 | G33: =+E33*F33 -> 2568 | H33: =+E33 -> 321 | I33: =+'9'!N38 -> 13.723
B34: TW 30 | C34: 2 | D34: 63+84*3 | E34: =63+84*3 -> 315 | F34: 5 | G34: =+E34*F34 -> 1575 | H34: =+E34 -> 315 | I34: =+'9'!N39 -> 12.212
A36: 45940 | B36: TW 30 | C36: 2 | D36: 63+84*3 | E36: =63+84*3 -> 315 | F36: =16+17+8 -> 41 | G36: =+E36*F36 -> 12915 | H36: =+E36 -> 315 | I36: =+'10'!N37 -> 47.344
B37: TW 28 | C37: 2 | D37: 114*2+95 | E37: =114*2+95 -> 323 | F37: 4 | G37: =+E37*F37 -> 1292 | H37: =+(E37*F37+E38*F38)/(SUM(F37:F38)) -> 322.16667 | I37: =+'10'!N38 -> 20.95
B38: TW 28 | C38: 2 | D38: 150,5+171 | E38: =150.5+171 -> 321.5 | F38: 5 | G38: =+E38*F38 -> 1607.5
A40: 45941 | B40: TW 28 | C40: 2 | D40: 114*2+95 | E40: =114*2+95 -> 323 | F40: 5 | G40: =+E40*F40 -> 1615 | H40: =+(E40*F40+E41*F41)/(SUM(F40:F41)) -> 322.4375 | I40: =+'11'!N37 -> 1.309
B41: TW 28 | C41: 2 | D41: 150,5+171 | E41: =150.5+171 -> 321.5 | F41: 3 | G41: =+E41*F41 -> 964.5
B42: N 20,5 | C42: 2 | D42: 256+63,5 | E42: =256+63.5 -> 319.5 | F42: =11+19+16 -> 46 | G42: =+E42*F42 -> 14697 | H42: =+G42/F42 -> 319.5 | I42: =+'11'!N38 -> 62.68
A44: 45942 | B44: N 20,5 | C44: 2 | D44: 256+63,5 | E44: =256+63.5 -> 319.5 | F44: =15+12+19 -> 46 | G44: =+E44*F44 -> 14697 | H44: =+G44/F44 -> 319.5 | I44: =+'12'!I38 -> 51.963
A46: 45943 | B46: N 20,5 | C46: 2 | D46: 256+63,5 | E46: =256+63.5 -> 319.5 | F46: 47 | G46: =+E46*F46 -> 15016.5 | H46: =+G46/F46 -> 319.5 | I46: =+'13'!I38 -> 58.326
A48: 45944 | B48: N 20,5 | C48: 2 | D48: 256+63,5 | E48: =256+63.5 -> 319.5 | F48: 47 | G48: =+E48*F48 -> 15016.5 | H48: =+G48/F48 -> 319.5 | I48: =+'14'!N37 -> 21.09
B49: TW 30 | C49: 2 | D49: 84*3+63 | E49: =84*3+63 -> 315 | F49: =15+16 -> 31 | G49: =+E49*F49 -> 9765 | H49: =+G49/F49 -> 315 | I49: =+'14'!N38 -> 45.03
A51: 45945 | B51: TW 30 | C51: 2 | D51: 84*3+63 | E51: =84*3+63 -> 315 | F51: 8 | G51: =+E51*F51 -> 2520 | H51: =+G51/F51 -> 315 | I51: =+'15'!N37 -> 4.82
B52: N 17 | C52: 2 | D52: 24+51*2+25,5*8 | E52: =24+51*2+25.5*8 -> 330 | F52: =6+18+1 -> 25 | G52: =+E52*F52 -> 8250 | H52: =+G52/F52 -> 330 | I52: =+'15'!N38 -> 28.919
B53: N 16 | C53: 2 | D53: 23*4+46*5 | E53: =23*4+46*5 -> 322 | F53: =72/4 -> 18 | G53: =+E53*F53 -> 5796 | H53: =+G53/F53 -> 322 | I53: =+'15'!N39 -> 20.196
A55: 45946 | B55: N 16 | C55: 2 | D55: 23*4+46*5 | E55: =23*4+46*5 -> 322 | F55: =5+90+45 -> 140 | G55: =+E55*F55 -> 45080 | H55: =+G55/F55 -> 322 | I55: =+'16'!I38 -> 51.15
A57: 45947 | B57: N 16 | C57: 2 | D57: 46*5+23*4 | E57: =46*5+23*4 -> 322 | F57: 6 | G57: =+E57*F57 -> 1932 | H57: =+(E57*F57+E58*F58)/(SUM(F57:F58)) -> 320.70588 | I57: =+'17'!N37 -> 4.932
B58: N 16 | C58: 2 | D58: 80*4 | E58: =80*4 -> 320 | F58: =6+5 -> 11 | G58: =+E58*F58 -> 3520
B59: N 15,5 | C59: 2 | D59: 165*2 | E59: =165*2 -> 330 | F59: =2+11 -> 13 | G59: =+E59*F59 -> 4290 | H59: =+(E59*F59+E60*F60)/(SUM(F59:F60)) -> 329.46429 | I59: =+'17'!N38 -> 35.476
B60: N 15,5 | C60: 2 | D60: 115*2+99 | E60: =115*2+99 -> 329 | F60: =2+6+7 -> 15 | G60: =+E60*F60 -> 4935
A62: 45948 | B62: N 15,5 | C62: 2 | D62: 115*2+99 | E62: =115*2+99 -> 329 | F62: =8+17 -> 25 | G62: =+E62*F62 -> 8225 | H62: =+G62/F62 -> 329 | I62: =+'18'!I38 -> 25.956
A64: 45949 | B64: N 15,5 | C64: 2 | D64: 115*2+99 | E64: =115*2+99 -> 329 | F64: =17+16+16 -> 49 | G64: =+E64*F64 -> 16121 | H64: =+G64/F64 -> 329 | I64: =+'19'!I38 -> 50.688
A66: 45950 | B66: N 15,5 | C66: 2 | D66: 115*2+99 | E66: =115*2+99 -> 329 | F66: =16+15+18 -> 49 | G66: =+E66*F66 -> 16121 | H66: =+G66/F66 -> 329 | I66: =+'20'!I38 -> 49.362
A68: 45951 | B68: N 15,5 | C68: 2 | D68: 115*2+99 | E68: =115*2+99 -> 329 | F68: 11 | G68: =+E68*F68 -> 3619 | H68: =+G68/F68 -> 329 | I68: =+'21'!N37 -> 9.38
B69: N 17 | C69: 2 | D69: 162*2 | E69: =162*2 -> 324 | F69: 34 | G69: =+E69*F69 -> 11016 | H69: =+G69/F69 -> 324 | I69: =+'21'!N38 -> 39.814
B70: N 16 | C70: 2 | D70: 40*8 | E70: =40*8 -> 320 | F70: 5 | G70: =+E70*F70 -> 1600 | H70: =+G70/F70 -> 320 | I70: =+'21'!N39 -> 3.411
A72: 45952 | B72: N 16 | C72: 2 | D72: 40*8 | E72: =40*8 -> 320 | F72: =144/8 -> 18 | G72: =+E72*F72 -> 5760 | H72: =+G72/F72 -> 320 | I72: =+'22'!N37 -> 16.75
B73: TW 19 | C73: 2 | D73: 41*8 | E73: =41*8 -> 328 | F73: =96/2 -> 48 | G73: =+E73*F73 -> 15744 | H73: =+G73/F73 -> 328 | I73: =+'22'!N38 -> 12.154
B74: TW 30,5 | C74: 2 | D74: 164,5*2 | E74: =164.5*2 -> 329 | F74: 14 | G74: =+E74*F74 -> 4606 | H74: =+G74/F74 -> 329 | I74: =+'22'!N39 -> 31.047
A76: 45953 | B76: TW 30,5 | C76: 2 | D76: 164,5*2 | E76: =164.5*2 -> 329 | F76: =32+36+32 -> 100 | G76: =+E76*F76 -> 32900 | H76: =+G76/F76 -> 329 | I76: =+'23'!I38 -> 68.074
A78: 45954 | B78: TW 30,5 | C78: 2 | D78: 164,5*2 | E78: =164.5*2 -> 329 | F78: 6 | G78: =+E78*F78 -> 1974 | H78: =+G78/F78 -> 329 | I78: =+'24'!N37 -> 4.445
B79: TW 34 | C79: 2 | D79: 165*2 | E79: =164.5*2 -> 329 | F79: =56/2 -> 28 | G79: =+E79*F79 -> 9212 | H79: =+(E79*F79+E80*F80+E81*F81)/(SUM(F79:F81)) -> 327.95652 | I79: =+'24'!N38 -> 65.844
B80: TW 34 | C80: 2 | D80: 246+63+21 | E80: =246+63+21 -> 330 | F80: 12 | G80: =+E80*F80 -> 3960
B81: TW 34 | C81: 2 | D81: 125+97*2 | E81: =125+97*2 -> 319 | F81: 6 | G81: =+E81*F81 -> 1914
A83: 45955 | B83: TW 34 | C83: 2 | D83: 125+97*2 | E83: =125+97*2 -> 319 | F83: =13+16+18 -> 47 | G83: =+E83*F83 -> 14993 | H83: =+(E83*F83+E84*F84)/(SUM(F83:F84)) -> 319.44898 | I83: =+'25'!I38 -> 65.78
B84: TW 34 | C84: 2 | D84: 246+63+21 | E84: =246+63+21 -> 330 | F84: 2 | G84: =+E84*F84 -> 660
A86: 45956 | B86: TW 34 | C86: 2 | D86: 125+97*2 | E86: =125+97*2 -> 319 | F86: =12+17 -> 29 | G86: =+E86*F86 -> 9251 | H86: =+(E86*F86+E87*F87)/(SUM(F86:F87)) -> 321.16667 | I86: =+'26'!N37 -> 48.591
B87: TW 34 | C87: 2 | D87: 163*2 | E87: =163*2 -> 326 | F87: 13 | G87: =+E87*F87 -> 4238
B88: TW 36 | C88: 2 | D88: 120,5+97*2 | E88: =120.5+97*2 -> 314.5 | F88: 9 | G88: =+E88*F88 -> 2830.5 | H88: =+G88/F88 -> 314.5 | I88: =+'26'!N38 -> 16.814
A90: 45957 | B90: TW 36 | C90: 2 | D90: 120,5+97*2 | E90: =120.5+97*2 -> 314.5 | F90: =15+16+13 -> 44 | G90: =+E90*F90 -> 13838 | H90: =+G90/F90 -> 314.5 | I90: =+'27'!I38 -> 59.101 | N90: 41*8
A92: 45958 | B92: TW 36 | C92: 2 | D92: 120,5+97*2 | E92: =120.5+97*2 -> 314.5 | F92: 8 | G92: =+E92*F92 -> 2516 | H92: =+G92/F92 -> 314.5 | I92: =+'28'!N37 -> 6.228
B93: TW 38 | C93: 2 | D93: 149+169 | E93: =149+169 -> 318 | F93: =15+10+8 -> 33 | G93: =+E93*F93 -> 10494 | H93: =+G93/F93 -> 318 | I93: =+'28'!N38 -> 45.9
B94: TW 30 | C94: 2 | D94: 63+84*3 | E94: =63+84*3 -> 315 | F94: 7 | G94: =+E94*F94 -> 2205 | H94: =+G94/F94 -> 315 | I94: =+'28'!N39 -> 13.044
A96: 45959 | B96: TW 30 | C96: 2 | D96: 63+84*3 | E96: =63+84*3 -> 315 | F96: 10 | G96: =+E96*F96 -> 3150 | H96: =+G96/F96 -> 315 | I96: =+'29'!N37 -> 7.656
B97: TW 31,5 | C97: 2 | D97: 117*2+94 | E97: =117*2+94 -> 328 | F97: =2+9 -> 11 | G97: =+E97*F97 -> 3608 | H97: =+(E97*F97+E98*F98)/(SUM(F97:F98)) -> 329.48837 | I97: =+'29'!N38 -> 64.764
B98: TW 31,5 | C98: 2 | D98: 165*2 | E98: =165*2 -> 330 | F98: 32 | G98: =+E98*F98 -> 10560
A100: 45960 | B100: TW 31,5 | C100: 2 | D100: 165*2 | E100: =165*2 -> 330 | F100: 32 | G100: =+E100*F100 -> 10560 | H100: =+G100/F100 -> 330 | I100: =+'30'!N37 -> 19.283
B101: N 25 | C101: 2 | D101: 162*2 | E101: =162*2 -> 324 | F101: =8+11 -> 19 | G101: =+E101*F101 -> 6156 | H101: =+(E101*F101+E102*F102)/(SUM(F101:F102)) -> 325 | I101: =+'30'!N38 -> 45.491
B102: N 25 | C102: 2 | D102: 114*2+98 | E102: =114*2+98 -> 326 | F102: =11+8 -> 19 | G102: =+E102*F102 -> 6194
B103: TW 19 | C103: 2 | D103: 41*8 | E103: =41*8 -> 328 | F103: 0 | G103: 0 | H103: =+E103 -> 328 | I103: =+'30'!N39 -> 4.113
A105: 45961 | B105: TW 19 | C105: 2 | D105: 41*8 | E105: =41*8 -> 328 | F105: 15 | G105: =+E105*F105 -> 4920 | H105: =+G105/F105 -> 328 | I105: =+'31'!N37 -> 12.34
B106: N 16 | C106: 2 | D106: 117,5+23*9 | E106: =117.5+23*9 -> 324.5 | F106: =9+4 -> 13 | G106: =+E106*F106 -> 4218.5 | H106: =+(E106*F106+E107*F107)/(SUM(F106:F107)) -> 322.625 | I106: =+'31'!N38 -> 33.17
B107: N 16 | C107: 2 | D107: 40*4+23*7 | E107: =40*4+23*7 -> 321 | F107: 15 | G107: =+E107*F107 -> 4815

Sheet Efficiency1
A1: PM12 Efficiency Report
A3: Date | B3: Grade | C3: Speed real (ton) with Available Time | D3: Colour | E3: gsm | F3: Ply | G3: Standard | L3: Real Running | O3: Trim Rewinder (cm) | P3: Trim Rewinder x Running Time | Q3: Available Time (mnt) | R3: Down Time (mnt) | S3: Loss Time (mnt) | T3: Real Speed & Real Creepe Ratio with Available Time (ton) | U3: Real Speed & Real Creepe Ratio setelah dipotong DT & LT (ton) | V3: Loss tonase akibat DT + LT dari hitungan Teori with available time (ton) | W3: Accepted (ton) | X3: Real Eff dr Target Eff | Y3: Backlog | Z3: Reject Rewinder (ton) | AA3: Estimasi Reject to Broke Plant (ton) | AB3: Estimasi Faktor BW (ton) | AC3: Loss Opportunity in Speed (ton) | AD3: Downtime/ Losstime | AE3: Reason of Downtime / Losstime | AF3: Loss Time | AM3: Total Losstime | AN3: Unschedule Shut Down (mnt) | AS3: Schedule Shut Down | AT3: Marketing | AV3: EXT FACTOR | AX3: EXT FACTOR | AZ3: MANAGEMENT | BA3: Total Down Time | BB3: Freq. Sheets Break (X) | BC3: Freq. Change Blade (X) | BD3: Steam, & gangguan sinergy (X) | BE3: Freq, Trip PLN (X) | BF3: Cleaning Holes (X)
AF4: Proses | AI4: Change Grade | AJ4: Mekanik | AK4: Electric & Instrument | AL4: Boiler | AN4: Down Time Produksi | AO4: Mekanik | AP4: Electrical & Instrument | AQ4: Boiler | AR4: Total Unschedule Shut Down | AV4: LOSS | AW4: DOWN TIME | AX4: LOSS | AY4: DOWN TIME
G5: Yankee Speed (mpm) | H5: Max % Creeping | I5: Target Eff | J5: Kapasitas PM-Teori (ton) | K5: Teori (ton) with Available Time | L5: Yankee Speed (mpm) | M5: Popereel Speed (mpm) | N5: % Creeping | AF5: sheet break | AG5: change blade | AH5: change spool | AT5: Loss time | AU5: Down Time | AV5: SINERGY | AW5: SINERGY | AX5: PLN | AY5: PLN
A6: =+Report1!A9 -> 45931 | B6: Towel | C6: =(M6*E6*O6*Q6)/100000000 -> 69.693972 | D6: RC BR | E6: 34 | F6: 1 | G6: 480 | H6: 0.12 | I6: 0.88 | J6: =E6*G6*(1-H6)*1440/1000000*3.4 -> 70.314394 | K6: =(IF(G6<L6,L6,G6)*(1-IF(H6<N6,H6,N6))*E6*O6*Q6)/100000000 -> 69.693972 | L6: 480 | M6: =+L6-L6*0.12 -> 422.4 | N6: =1-(M6/L6) -> 0.12 | O6: =+'Trim Rwd'!H4 -> 337 | P6: =O6*(Q6-R6-S6) -> 0 | Q6: 1440 | R6: 1440 | S6: 0 | T6: =E6*M6*O6*Q6/100000000 -> 69.693972 | U6: =E6*M6*O6*(Q6-R6-S6)/100000000 -> 0 | V6: =E6*G6*(1-N6)*O6/100*(R6+S6)/1000000 -> 69.693972 | W6: =+'1'!K7/1000 -> 0 | X6: =SUM(W6:W9)/SUM(K6:K9) -> 0 | Y6: 0 | Z6: 0 | AA6: =SUM(U6:U9)-SUM(W6:W9)-SUM(Z6:Z9)-SUM(Y6:Y9) -> 0 | AB6: =(SUM(K6:K9)-SUM(W6:W9)-SUM(Y6:Y9)-SUM(Z6:Z9)-SUM(AC6:AC9)-SUM(V6:V9))-AA6 -> -1.4210855e-14 | AC6: =K6-T6 -> 0 | AD6: =+AM6+BA6 -> 0 | AE6: - Sheet Breaks (0x) | AF6: 0 | AM6: =SUM(AF6:AL6)+AT6+AV6+AX6 -> 0 | AR6: =SUM(AN6:AQ6) -> 0 | BA6: =+AR6+AS6+AU6+AW6+AY6+AZ6 -> 0 | BB6: 0
AD7: =+AM7+BA7 -> 0 | AE7: - Change Blade (0x) | AG7: 0 | AM7: =SUM(AF7:AL7)+AT7+AV7+AX7 -> 0 | AR7: =SUM(AN7:AQ7) -> 0 | BA7: =+AR7+AS7+AU7+AW7+AY7+AZ7 -> 0 | BC7: 0
AD8: =+AM8+BA8 -> 0 | AE8: - Cleaning | AH8: 0 | AM8: =SUM(AF8:AL8)+AT8+AV8+AX8 -> 0 | AR8: =SUM(AN8:AQ8) -> 0 | BA8: =+AR8+AS8+AU8+AW8+AY8+AZ8 -> 0
AD9: =+AM9+BA9 -> 1440 | AE9: - PM stop boilout ganti grade | AM9: =SUM(AF9:AL9)+AT9+AV9+AX9 -> 0 | AR9: =SUM(AN9:AQ9) -> 0 | AU9: 1440 | BA9: =+AR9+AS9+AU9+AW9+AY9+AZ9 -> 1440
A11: 45932 | B11: Towel | C11: =(M11*E11*O11*Q11)/100000000 -> 54.381153 | D11: RC HW | E11: 17 | F11: 1 | G11: 830 | H11: 0.15 | I11: 0.88 | J11: =E11*G11*(1-H11)*1440/1000000*3.4 -> 58.720176 | K11: =(IF(G11<L11,L11,G11)*(1-IF(H11<N11,H11,N11))*E11*O11*Q11)/100000000 -> 55.56676 | L11: 812.2906 | M11: 698.56991 | N11: =1-(M11/L11) -> 0.14 | O11: =+'Trim Rwd'!H6 -> 318 | P11: =O11*(Q11-R11-S11) -> 366654 | Q11: 1440 | R11: 240 | S11: 47 | T11: =E11*M11*O11*Q11/100000000 -> 54.381153 | U11: =E11*M11*O11*(Q11-R11-S11)/100000000 -> 43.542687 | V11: =E11*G11*(1-N11)*O11/100*(R11+S11)/1000000 -> 11.074764 | W11: =+'2'!K34/1000 -> 35.399 | X11: =SUM(W11:W14)/SUM(K11:K14) -> 0.63705352 | Y11: 0 | Z11: 0 | AA11: =SUM(U11:U14)-SUM(W11:W14)-SUM(Z11:Z14)-SUM(Y11:Y14) -> 8.1436871 | AB11: =(SUM(K11:K14)-SUM(W11:W14)-SUM(Y11:Y14)-SUM(Z11:Z14)-SUM(AC11:AC14)-SUM(V11:V14))-AA11 -> -0.23629813 | AC11: =K11-T11 -> 1.1856073 | AD11: =+AM11+BA11 -> 8 | AE11: - Sheet Breaks (2x) | AF11: 8 | AM11: =SUM(AF11:AL11)+AT11+AV11+AX11 -> 8 | AR11: =SUM(AN11:AQ11) -> 0 | BA11: =+AR11+AS11+AU11+AW11+AY11+AZ11 -> 0 | BB11: 0
AD12: =+AM12+BA12 -> 19 | AE12: - Change Blade (5x) | AG12: 19 | AM12: =SUM(AF12:AL12)+AT12+AV12+AX12 -> 19 | AR12: =SUM(AN12:AQ12) -> 0 | BA12: =+AR12+AS12+AU12+AW12+AY12+AZ12 -> 0 | BC12: 2
AD13: =+AM13+BA13 -> 20 | AE13: - Cleaning | AH13: 20 | AM13: =SUM(AF13:AL13)+AT13+AV13+AX13 -> 20 | AR13: =SUM(AN13:AQ13) -> 0 | BA13: =+AR13+AS13+AU13+AW13+AY13+AZ13 -> 0
AD14: =+AM14+BA14 -> 240 | AE14: - PM stop boilout ganti grade | AM14: =SUM(AF14:AL14)+AT14+AV14+AX14 -> 0 | AR14: =SUM(AN14:AQ14) -> 0 | AU14: 240 | BA14: =+AR14+AS14+AU14+AW14+AY14+AZ14 -> 240
A16: 45933 | B16: Towel | C16: =(M16*E16*O16*Q16)/100000000 -> 0.38588028 | D16: RC HW | E16: 17 | F16: 1 | G16: 830 | H16: 0.15 | I16: 0.88 | J16: =E16*G16*(1-H16)*1440/1000000*3.4 -> 58.720176 | K16: =(IF(G16<L16,L16,G16)*(1-IF(H16<N16,H16,N16))*E16*O16*Q16)/100000000 -> 0.38588028 | L16: 830 | M16: =+L16-L16*0.14 -> 713.8 | N16: =1-(M16/L16) -> 0.14 | O16: =+'Trim Rwd'!H8 -> 318 | P16: =O16*(Q16-R16-S16) -> 3180 | Q16: 10 | R16: 0 | S16: 0 | T16: =E16*M16*O16*Q16/100000000 -> 0.38588028 | U16: =E16*M16*O16*(Q16-R16-S16)/100000000 -> 0.38588028 | V16: =E16*G16*(1-N16)*O16/100*(R16+S16)/1000000 -> 0 | W16: =+'3'!K7/1000 -> 4.094 | X16: =SUM(W16:W19)/SUM(K16:K19) -> 0.89617874 | Y16: 0 | Z16: 0 | AA16: =SUM(U16:U19)-SUM(W16:W19)-SUM(Z16:Z19)-SUM(Y16:Y19) -> 2.4384486 | AB16: =(SUM(K16:K19)-SUM(W16:W19)-SUM(Y16:Y19)-SUM(Z16:Z19)-SUM(AC16:AC19)-SUM(V16:V19))-AA16 -> 0 | AC16: =K16-T16 -> 0 | AD16: =+AM16+BA16 -> 3 | AE16: - Sheet Breaks (1x) | AF16: 3 | AM16: =SUM(AF16:AL16)+AT16+AV16+AX16 -> 3 | AR16: =SUM(AN16:AQ16) -> 0 | BA16: =+AR16+AS16+AU16+AW16+AY16+AZ16 -> 0 | BB16: 0
B17: Napkin | C17: =(M17*E17*O17*Q17)/100000000 -> 58.794278 | D17: RC HW | E17: 18 | F17: 1 | G17: 830 | H17: 0.15 | I17: 0.88 | J17: =E17*G17*(1-H17)*1440/1000000*3.4 -> 62.174304 | K17: =(IF(G17<L17,L17,G17)*(1-IF(H17<N17,H17,N17))*E17*O17*Q17)/100000000 -> 58.794278 | L17: 830 | M17: =+L17-L17*0.14 -> 713.8 | N17: =1-(M17/L17) -> 0.14 | O17: =+'Trim Rwd'!H9 -> 320 | P17: =O17*(Q17-R17-S17) -> 444480 | Q17: 1430 | R17: 0 | S17: 41 | T17: =E17*M17*O17*Q17/100000000 -> 58.794278 | U17: =E17*M17*O17*(Q17-R17-S17)/100000000 -> 57.108568 | V17: =E17*G17*(1-N17)*O17/100*(R17+S17)/1000000 -> 1.6857101 | W17: =+'3'!K8/1000 -> 48.942 | Z17: =+'3'!D34/1000 -> 2.02 | AC17: =K17-T17 -> 0 | AD17: =+AM17+BA17 -> 10 | AE17: - Change Blade (3x) | AG17: 10 | AM17: =SUM(AF17:AL17)+AT17+AV17+AX17 -> 10 | AR17: =SUM(AN17:AQ17) -> 0 | BA17: =+AR17+AS17+AU17+AW17+AY17+AZ17 -> 0 | BC17: 2
AD18: =+AM18+BA18 -> 20 | AE18: - Cleaning | AH18: 20 | AM18: =SUM(AF18:AL18)+AT18+AV18+AX18 -> 20 | AR18: =SUM(AN18:AQ18) -> 0 | BA18: =+AR18+AS18+AU18+AW18+AY18+AZ18 -> 0
AD19: =+AM19+BA19 -> 8 | AE19: - Change Grade | AI19: 8 | AM19: =SUM(AF19:AL19)+AT19+AV19+AX19 -> 8 | AR19: =SUM(AN19:AQ19) -> 0 | BA19: =+AR19+AS19+AU19+AW19+AY19+AZ19 -> 0
A21: 45934 | B21: Napkin | C21: =(M21*E21*O21*Q21)/100000000 -> 59.205427 | D21: RC HW | E21: 18 | F21: 1 | G21: 830 | H21: 0.15 | I21: 0.88 | J21: =E21*G21*(1-H21)*1440/1000000*3.4 -> 62.174304 | K21: =(IF(G21<L21,L21,G21)*(1-IF(H21<N21,H21,N21))*E21*O21*Q21)/100000000 -> 59.205427 | L21: 830 | M21: =+L21-L21*0.14 -> 713.8 | N21: =1-(M21/L21) -> 0.14 | O21: =+'Trim Rwd'!H11 -> 320 | P21: =O21*(Q21-R21-S21) -> 353280 | Q21: 1440 | R21: 286 | S21: 50 | T21: =E21*M21*O21*Q21/100000000 -> 59.205427 | U21: =E21*M21*O21*(Q21-R21-S21)/100000000 -> 45.390828 | V21: =E21*G21*(1-N21)*O21/100*(R21+S21)/1000000 -> 13.8146 | W21: =+'4'!K34/1000 -> 32.671 | X21: =SUM(W21:W24)/SUM(K21:K24) -> 0.55182441 | Y21: 0 | Z21: =+'4'!D34/1000 -> 4.767 | AA21: =SUM(U21:U24)-SUM(W21:W24)-SUM(Z21:Z24)-SUM(Y21:Y24) -> 7.9528275 | AB21: =(SUM(K21:K24)-SUM(W21:W24)-SUM(Y21:Y24)-SUM(Z21:Z24)-SUM(AC21:AC24)-SUM(V21:V24))-AA21 -> 0 | AC21: =K21-T21 -> 0 | AD21: =+AM21+BA21 -> 9 | AE21: - Sheet Breaks (5x) | AF21: 9 | AM21: =SUM(AF21:AL21)+AT21+AV21+AX21 -> 9 | AR21: =SUM(AN21:AQ21) -> 0 | BA21: =+AR21+AS21+AU21+AW21+AY21+AZ21 -> 0 | BB21: 5
AD22: =+AM22+BA22 -> 21 | AE22: - Change Blade (6x) | AG22: 21 | AM22: =SUM(AF22:AL22)+AT22+AV22+AX22 -> 21 | AR22: =SUM(AN22:AQ22) -> 0 | BA22: =+AR22+AS22+AU22+AW22+AY22+AZ22 -> 0 | BC22: 6
AD23: =+AM23+BA23 -> 20 | AE23: - Cleaning | AH23: 20 | AM23: =SUM(AF23:AL23)+AT23+AV23+AX23 -> 20 | AR23: =SUM(AN23:AQ23) -> 0 | BA23: =+AR23+AS23+AU23+AW23+AY23+AZ23 -> 0
AD24: =+AM24+BA24 -> 286 | AE24: - 07.50 - 09.36 PM Stop (ada hole, cleaning felt) | AM24: =SUM(AF24:AL24)+AT24+AV24+AX24 -> 0 | AN24: 286 | AR24: =SUM(AN24:AQ24) -> 286 | BA24: =+AR24+AS24+AU24+AW24+AY24+AZ24 -> 286 | BF24: 1
A26: 45935 | B26: Napkin | C26: =(M26*E26*O26*Q26)/100000000 -> 38.031264 | D26: RC HW | E26: 18 | F26: 1 | G26: 830 | H26: 0.15 | I26: 0.88 | J26: =E26*G26*(1-H26)*1440/1000000*3.4 -> 62.174304 | K26: =(IF(G26<L26,L26,G26)*(1-IF(H26<N26,H26,N26))*E26*O26*Q26)/100000000 -> 38.031264 | L26: 830 | M26: =+L26-L26*0.14 -> 713.8 | N26: =1-(M26/L26) -> 0.14 | O26: =+'Trim Rwd'!H13 -> 320 | P26: =O26*(Q26-R26-S26) -> 222400 | Q26: 925 | R26: 200 | S26: 30 | T26: =E26*M26*O26*Q26/100000000 -> 38.031264 | U26: =E26*M26*O26*(Q26-R26-S26)/100000000 -> 28.574842 | V26: =E26*G26*(1-N26)*O26/100*(R26+S26)/1000000 -> 9.4564224 | W26: =+'5'!K8/1000 -> 22.361 | X26: =SUM(W26:W29)/SUM(K26:K29) -> 0.71890526 | Y26: 0 | Z26: =+'5'!D34/1000 -> 3.238 | AA26: =SUM(U26:U29)-SUM(W26:W29)-SUM(Z26:Z29)-SUM(Y26:Y29) -> 4.1092416 | AB26: =(SUM(K26:K29)-SUM(W26:W29)-SUM(Y26:Y29)-SUM(Z26:Z29)-SUM(AC26:AC29)-SUM(V26:V29))-AA26 -> 0 | AC26: =K26-T26 -> 0 | AD26: =+AM26+BA26 -> 2 | AE26: - Sheet Breaks (1x) | AF26: 2 | AM26: =SUM(AF26:AL26)+AT26+AV26+AX26 -> 2 | AR26: =SUM(AN26:AQ26) -> 0 | BA26: =+AR26+AS26+AU26+AW26+AY26+AZ26 -> 0 | BB26: 5
B27: Napkin | C27: =(M27*E27*O27*Q27)/100000000 -> 24.262062 | D27: RC HW | E27: 20 | F27: 1 | G27: 830 | H27: 0.15 | I27: 0.88 | J27: =E27*G27*(1-H27)*1440/1000000*3.4 -> 69.08256 | K27: =(IF(G27<L27,L27,G27)*(1-IF(H27<N27,H27,N27))*E27*O27*Q27)/100000000 -> 24.262062 | L27: 830 | M27: =+L27-L27*0.14 -> 713.8 | N27: =1-(M27/L27) -> 0.14 | O27: =+'Trim Rwd'!H14 -> 330 | P27: =O27*(Q27-R27-S27) -> 165000 | Q27: 515 | R27: 0 | S27: 15 | T27: =E27*M27*O27*Q27/100000000 -> 24.262062 | U27: =E27*M27*O27*(Q27-R27-S27)/100000000 -> 23.5554 | V27: =E27*G27*(1-N27)*O27/100*(R27+S27)/1000000 -> 0.706662 | W27: =+'5'!K9/1000 -> 17.285 | AC27: =K27-T27 -> 0 | AD27: =+AM27+BA27 -> 19 | AE27: - Change Blade (4x) | AG27: 19 | AM27: =SUM(AF27:AL27)+AT27+AV27+AX27 -> 19 | AR27: =SUM(AN27:AQ27) -> 0 | BA27: =+AR27+AS27+AU27+AW27+AY27+AZ27 -> 0 | BC27: 6
B28: Towel | E28: 17 | W28: =+'5'!K7/1000 -> 5.137 | AD28: =+AM28+BA28 -> 19 | AE28: - Cleaning | AH28: 19 | AM28: =SUM(AF28:AL28)+AT28+AV28+AX28 -> 19 | AR28: =SUM(AN28:AQ28) -> 0 | BA28: =+AR28+AS28+AU28+AW28+AY28+AZ28 -> 0
AD29: =+AM29+BA29 -> 5 | AE29: - Change Grade | AI29: 5 | AM29: =SUM(AF29:AL29)+AT29+AV29+AX29 -> 5 | AR29: =SUM(AN29:AQ29) -> 0 | BA29: =+AR29+AS29+AU29+AW29+AY29+AZ29 -> 0
AD30: =+AM30+BA30 -> 200 | AE30: - 09.00 PM Stop (ada hole, cleaning felt) | AM30: =SUM(AF30:AL30)+AT30+AV30+AX30 -> 0 | AN30: 200 | AR30: =SUM(AN30:AQ30) -> 200 | BA30: =+AR30+AS30+AU30+AW30+AY30+AZ30 -> 200 | BF30: 1
A32: 45936 | B32: Napkin | C32: =(M32*E32*O32*Q32)/100000000 -> 52.122189 | D32: RC HW | E32: 20 | F32: 1 | G32: 830 | H32: 0.15 | I32: 0.88 | J32: =E32*G32*(1-H32)*1440/1000000*3.4 -> 69.08256 | K32: =(IF(G32<L32,L32,G32)*(1-IF(H32<N32,H32,N32))*E32*O32*Q32)/100000000 -> 52.122189 | L32: 830 | M32: =+L32-L32*0.14 -> 713.8 | N32: =1-(M32/L32) -> 0.14 | O32: =+'Trim Rwd'!H17 -> 329.21875 | P32: =O32*(Q32-R32-S32) -> 362799.06 | Q32: 1109 | R32: 0 | S32: 7 | T32: =E32*M32*O32*Q32/100000000 -> 52.122189 | U32: =E32*M32*O32*(Q32-R32-S32)/100000000 -> 51.793194 | V32: =E32*G32*(1-N32)*O32/100*(R32+S32)/1000000 -> 0.32899488 | W32: =+'6'!K9/1000 -> 54.194 | X32: =SUM(W32:W35)/SUM(K32:K35) -> 0.92244268 | Y32: 0 | Z32: 0 | AA32: =SUM(U32:U35)-SUM(W32:W35)-SUM(Z32:Z35)-SUM(Y32:Y35) -> 3.6889571 | AB32: =(SUM(K32:K35)-SUM(W32:W35)-SUM(Y32:Y35)-SUM(Z32:Z35)-SUM(AC32:AC35)-SUM(V32:V35))-AA32 -> -6.2172489e-15 | AC32: =K32-T32 -> 0 | AD32: =+AM32+BA32 -> 0 | AE32: - Sheet Breaks (0x) | AF32: 0 | AM32: =SUM(AF32:AL32)+AT32+AV32+AX32 -> 0 | AR32: =SUM(AN32:AQ32) -> 0 | BA32: =+AR32+AS32+AU32+AW32+AY32+AZ32 -> 0 | BB32: 0
B33: Napkin | C33: =(M33*E33*O33*Q33)/100000000 -> 5.2479718 | D33: RC HW | E33: 17 | F33: 1 | G33: 830 | H33: 0.15 | I33: 0.88 | J33: =E33*G33*(1-H33)*1440/1000000*3.4 -> 58.720176 | K33: =(IF(G33<L33,L33,G33)*(1-IF(H33<N33,H33,N33))*E33*O33*Q33)/100000000 -> 5.2479718 | L33: 830 | M33: =+L33-L33*0.14 -> 713.8 | N33: =1-(M33/L33) -> 0.14 | O33: =+'Trim Rwd'!H19 -> 318 | P33: =O33*(Q33-R33-S33) -> 39750 | Q33: 136 | R33: 0 | S33: 11 | T33: =E33*M33*O33*Q33/100000000 -> 5.2479718 | U33: =E33*M33*O33*(Q33-R33-S33)/100000000 -> 4.8235035 | V33: =E33*G33*(1-N33)*O33/100*(R33+S33)/1000000 -> 0.42446831 | W33: =+'6'!K10/1000 -> 5.253 | AC33: =K33-T33 -> 0 | AD33: =+AM33+BA33 -> 7 | AE33: - Change Blade (2x) | AG33: 7 | AM33: =SUM(AF33:AL33)+AT33+AV33+AX33 -> 7 | AR33: =SUM(AN33:AQ33) -> 0 | BA33: =+AR33+AS33+AU33+AW33+AY33+AZ33 -> 0 | BC33: 2
B34: Napkin | C34: =(M34*E34*O34*Q34)/100000000 -> 2.384663 | D34: RC HW | E34: 18 | F34: 1 | G34: 830 | H34: 0.15 | I34: 0.88 | J34: =E34*G34*(1-H34)*1440/1000000*3.4 -> 62.174304 | K34: =(IF(G34<L34,L34,G34)*(1-IF(H34<N34,H34,N34))*E34*O34*Q34)/100000000 -> 2.384663 | L34: 830 | M34: =+L34-L34*0.14 -> 713.8 | N34: =1-(M34/L34) -> 0.14 | O34: =+'Trim Rwd'!H20 -> 320 | P34: =O34*(Q34-R34-S34) -> 18560 | Q34: 58 | R34: 0 | S34: 0 | T34: =E34*M34*O34*Q34/100000000 -> 2.384663 | U34: =E34*M34*O34*(Q34-R34-S34)/100000000 -> 2.384663 | V34: =E34*G34*(1-N34)*O34/100*(R34+S34)/1000000 -> 0 | W34: =+'6'!K8/1000 -> 1.22 | AC34: =K34-T34 -> 0 | AD34: =+AM34+BA34 -> 11 | AE34: - Cleaning | AH34: 11 | AM34: =SUM(AF34:AL34)+AT34+AV34+AX34 -> 11 | AR34: =SUM(AN34:AQ34) -> 0 | BA34: =+AR34+AS34+AU34+AW34+AY34+AZ34 -> 0
B35: Towel | C35: =(M35*E35*O35*Q35)/100000000 -> 6.0129484 | D35: RC HW | E35: 18.3 | F35: 1 | G35: 830 | H35: 0.15 | I35: 0.88 | J35: =E35*G35*(1-H35)*1440/1000000*3.4 -> 63.210542 | K35: =(IF(G35<L35,L35,G35)*(1-IF(H35<N35,H35,N35))*E35*O35*Q35)/100000000 -> 6.0129484 | L35: 830 | M35: =+L35-L35*0.14 -> 713.8 | N35: =1-(M35/L35) -> 0.14 | O35: =+'Trim Rwd'!H21 -> 336 | P35: =O35*(Q35-R35-S35) -> 40992 | Q35: 137 | R35: 0 | S35: 15 | T35: =E35*M35*O35*Q35/100000000 -> 6.0129484 | U35: =E35*M35*O35*(Q35-R35-S35)/100000000 -> 5.3545964 | V35: =E35*G35*(1-N35)*O35/100*(R35+S35)/1000000 -> 0.65835202 | W35: =+'6'!K11/1000 -> 0 | AC35: =K35-T35 -> 0 | AD35: =+AM35+BA35 -> 15 | AE35: - Change Grade | AI35: 15 | AM35: =SUM(AF35:AL35)+AT35+AV35+AX35 -> 15 | AR35: =SUM(AN35:AQ35) -> 0 | BA35: =+AR35+AS35+AU35+AW35+AY35+AZ35 -> 0
A37: 45937 | B37: Towel | C37: =(M37*E37*O37*Q37)/100000000 -> 5.7057175 | D37: RC HW | E37: 18.3 | F37: 1 | G37: 830 | H37: 0.15 | I37: 0.88 | J37: =E37*G37*(1-H37)*1440/1000000*3.4 -> 63.210542 | K37: =(IF(G37<L37,L37,G37)*(1-IF(H37<N37,H37,N37))*E37*O37*Q37)/100000000 -> 5.7057175 | L37: 830 | M37: =+L37-L37*0.14 -> 713.8 | N37: =1-(M37/L37) -> 0.14 | O37: =+'Trim Rwd'!H23 -> 336 | P37: =O37*(Q37-R37-S37) -> 42000 | Q37: 130 | R37: 0 | S37: 5 | T37: =E37*M37*O37*Q37/100000000 -> 5.7057175 | U37: =E37*M37*O37*(Q37-R37-S37)/100000000 -> 5.4862668 | V37: =E37*G37*(1-N37)*O37/100*(R37+S37)/1000000 -> 0.21945067 | W37: =+'7'!K11/1000 -> 10.93 | X37: =SUM(W37:W40)/SUM(K37:K40) -> 1.0472504 | Y37: 0 | Z37: =+'7'!D7/1000 -> 0.552 | AA37: =SUM(U37:U40)-SUM(W37:W40)-SUM(Z37:Z40)-SUM(Y37:Y40) -> -5.429261 | AB37: =(SUM(K37:K40)-SUM(W37:W40)-SUM(Y37:Y40)-SUM(Z37:Z40)-SUM(AC37:AC40)-SUM(V37:V40))-AA37 -> -0.007111168 | AC37: =K37-T37 -> 0 | AD37: =+AM37+BA37 -> 0 | AE37: - Sheet Breaks (0x) | AF37: 0 | AM37: =SUM(AF37:AL37)+AT37+AV37+AX37 -> 0 | AR37: =SUM(AN37:AQ37) -> 0 | BA37: =+AR37+AS37+AU37+AW37+AY37+AZ37 -> 0 | BB37: 0
B38: Towel | C38: =(M38*E38*O38*Q38)/100000000 -> 59.387142 | D38: RC HW | E38: 32 | F38: 1 | G38: 520 | H38: 0.14 | I38: 0.88 | J38: =E38*G38*(1-H38)*1440/1000000*3.4 -> 70.063718 | K38: =(IF(G38<L38,L38,G38)*(1-IF(H38<N38,H38,N38))*E38*O38*Q38)/100000000 -> 60.551596 | L38: 510 | M38: =+L38-L38*0.14 -> 438.6 | N38: =1-(M38/L38) -> 0.14 | O38: =+'Trim Rwd'!H24 -> 323 | P38: =O38*(Q38-R38-S38) -> 420546 | Q38: 1310 | R38: 0 | S38: 8 | T38: =E38*M38*O38*Q38/100000000 -> 59.387142 | U38: =E38*M38*O38*(Q38-R38-S38)/100000000 -> 59.024472 | V38: =E38*G38*(1-N38)*O38/100*(R38+S38)/1000000 -> 0.36978074 | W38: =+'7'!K12/1000 -> 58.458 | AC38: =K38-T38 -> 1.1644538 | AD38: =+AM38+BA38 -> 5 | AE38: - Change Blade (2x) | AG38: 5 | AM38: =SUM(AF38:AL38)+AT38+AV38+AX38 -> 5 | AR38: =SUM(AN38:AQ38) -> 0 | BA38: =+AR38+AS38+AU38+AW38+AY38+AZ38 -> 0 | BC38: 2
AD39: =+AM39+BA39 -> 4 | AE39: - Cleaning | AH39: 4 | AM39: =SUM(AF39:AL39)+AT39+AV39+AX39 -> 4 | AR39: =SUM(AN39:AQ39) -> 0 | BA39: =+AR39+AS39+AU39+AW39+AY39+AZ39 -> 0
AD40: =+AM40+BA40 -> 4 | AE40: - Change Grade | AI40: 4 | AM40: =SUM(AF40:AL40)+AT40+AV40+AX40 -> 4 | AR40: =SUM(AN40:AQ40) -> 0 | BA40: =+AR40+AS40+AU40+AW40+AY40+AZ40 -> 0
A42: 45938 | B42: Towel | C42: =(M42*E42*O42*Q42)/100000000 -> 13.91639 | D42: RC HW | E42: 32 | F42: 1 | G42: 510 | H42: 0.12 | I42: 0.88 | J42: =E42*G42*(1-H42)*1440/1000000*3.4 -> 70.314394 | K42: =(IF(G42<L42,L42,G42)*(1-IF(H42<N42,H42,N42))*E42*O42*Q42)/100000000 -> 13.91639 | L42: 510 | M42: =+L42-L42*0.12 -> 448.8 | N42: =1-(M42/L42) -> 0.12 | O42: =+'Trim Rwd'!H26 -> 323 | P42: =O42*(Q42-R42-S42) -> 94639 | Q42: 300 | R42: 0 | S42: 7 | T42: =E42*M42*O42*Q42/100000000 -> 13.91639 | U42: =E42*M42*O42*(Q42-R42-S42)/100000000 -> 13.591675 | V42: =E42*G42*(1-N42)*O42/100*(R42+S42)/1000000 -> 0.32471578 | W42: =+'8'!K12/1000 -> 17.064 | X42: =SUM(W42:W45)/SUM(K42:K45) -> 0.94454587 | Y42: 0 | Z42: =+'7'!D12/1000 -> 0 | AA42: =SUM(U42:U45)-SUM(W42:W45)-SUM(Z42:Z45)-SUM(Y42:Y45) -> -1.3667771 | AB42: =(SUM(K42:K45)-SUM(W42:W45)-SUM(Y42:Y45)-SUM(Z42:Z45)-SUM(AC42:AC45)-SUM(V42:V45))-AA42 -> -0.0023350291 | AC42: =K42-T42 -> 0 | AD42: =+AM42+BA42 -> 0 | AE42: - Sheet Breaks (0x) | AF42: 0 | AM42: =SUM(AF42:AL42)+AT42+AV42+AX42 -> 0 | AR42: =SUM(AN42:AQ42) -> 0 | BA42: =+AR42+AS42+AU42+AW42+AY42+AZ42 -> 0 | BB42: 0
B43: Towel | C43: =(M43*E43*O43*Q43)/100000000 -> 17.009879 | D43: RC HW | E43: 34 | F43: 1 | G43: 490 | H43: 0.14 | I43: 0.88 | J43: =E43*G43*(1-H43)*1440/1000000*3.4 -> 70.14793 | K43: =(IF(G43<L43,L43,G43)*(1-IF(H43<N43,H43,N43))*E43*O43*Q43)/100000000 -> 17.364252 | L43: 480 | M43: =+L43-L43*0.12 -> 422.4 | N43: =1-(M43/L43) -> 0.12 | O43: =+'Trim Rwd'!H27 -> 329 | P43: =O43*(Q43-R43-S43) -> 115808 | Q43: =180+180 -> 360 | R43: 0 | S43: 8 | T43: =E43*M43*O43*Q43/100000000 -> 17.009879 | U43: =E43*M43*O43*(Q43-R43-S43)/100000000 -> 16.631882 | V43: =E43*G43*(1-N43)*O43/100*(R43+S43)/1000000 -> 0.38587226 | W43: =+'8'!K13/1000 -> 11.576 | Z43: =+('8'!D8/1000) -> 1.4 | AC43: =K43-T43 -> 0.35437248 | AD43: =+AM43+BA43 -> 5 | AE43: - Change Blade (1x) | AG43: 5 | AM43: =SUM(AF43:AL43)+AT43+AV43+AX43 -> 5 | AR43: =SUM(AN43:AQ43) -> 0 | BA43: =+AR43+AS43+AU43+AW43+AY43+AZ43 -> 0 | BC43: 1
B44: Towel | C44: =(M44*E44*O44*Q44)/100000000 -> 31.924012 | D44: RC HW | E44: 36 | F44: 1 | G44: 455 | H44: 0.12 | I44: 0.88 | J44: =E44*G44*(1-H44)*1440/1000000*3.4 -> 70.572902 | K44: =(IF(G44<L44,L44,G44)*(1-IF(H44<N44,H44,N44))*E44*O44*Q44)/100000000 -> 31.924012 | L44: 460 | M44: =+L44-L44*0.12 -> 404.8 | N44: =1-(M44/L44) -> 0.12 | O44: =+'Trim Rwd'!H28 -> 317.94737 | P44: =O44*(Q44-R44-S44) -> 215568.32 | Q44: 689 | R44: 0 | S44: 11 | T44: =E44*M44*O44*Q44/100000000 -> 31.924012 | U44: =E44*M44*O44*(Q44-R44-S44)/100000000 -> 31.41434 | V44: =E44*G44*(1-N44)*O44/100*(R44+S44)/1000000 -> 0.50413226 | W44: =+'8'!K14/1000 -> 33.555 | Z44: =+('8'!D17+'8'!D25)/1000 -> 2.09 | AD44: =+AM44+BA44 -> 12 | AE44: - Cleaning | AH44: 12 | AM44: =SUM(AF44:AL44)+AT44+AV44+AX44 -> 12 | AR44: =SUM(AN44:AQ44) -> 0 | BA44: =+AR44+AS44+AU44+AW44+AY44+AZ44 -> 0
B45: Towel | C45: =(M45*E45*O45*Q45)/100000000 -> 4.1610529 | D45: RC HW | E45: 38 | F45: 1 | G45: 430 | H45: 0.12 | I45: 0.88 | J45: =E45*G45*(1-H45)*1440/1000000*3.4 -> 70.400563 | K45: =(IF(G45<L45,L45,G45)*(1-IF(H45<N45,H45,N45))*E45*O45*Q45)/100000000 -> 4.1610529 | L45: 430 | M45: =+L45-L45*0.12 -> 378.4 | N45: =1-(M45/L45) -> 0.12 | O45: =+'Trim Rwd'!H30 -> 318 | P45: =O45*(Q45-R45-S45) -> 28620 | Q45: 91 | R45: 0 | S45: 1 | T45: =E45*M45*O45*Q45/100000000 -> 4.1610529 | U45: =E45*M45*O45*(Q45-R45-S45)/100000000 -> 4.115327 | V45: =E45*G45*(1-N45)*O45/100*(R45+S45)/1000000 -> 0.045725856 | W45: =+'8'!K15/1000 -> 1.435 | AD45: =+AM45+BA45 -> 10 | AE45: - Change Grade | AI45: 10 | AM45: =SUM(AF45:AL45)+AT45+AV45+AX45 -> 10 | AR45: =SUM(AN45:AQ45) -> 0 | BA45: =+AR45+AS45+AU45+AW45+AY45+AZ45 -> 0
A47: 45939 | B47: Towel | C47: =(M47*E47*O47*Q47)/100000000 -> 45.199477 | D47: RC HW | E47: 38 | F47: 1 | G47: 430 | H47: 0.12 | I47: 0.88 | J47: =E47*G47*(1-H47)*1440/1000000*3.4 -> 70.400563 | K47: =(IF(G47<L47,L47,G47)*(1-IF(H47<N47,H47,N47))*E47*O47*Q47)/100000000 -> 45.199477 | L47: 449.78836 | M47: 395.81376 | N47: =1-(M47/L47) -> 0.12 | O47: =+'Trim Rwd'!H32 -> 318 | P47: =O47*(Q47-R47-S47) -> 297648 | Q47: 945 | R47: 0 | S47: 9 | T47: =E47*M47*O47*Q47/100000000 -> 45.199477 | U47: =E47*M47*O47*(Q47-R47-S47)/100000000 -> 44.769006 | V47: =E47*G47*(1-N47)*O47/100*(R47+S47)/1000000 -> 0.4115327 | W47: =+'9'!K15/1000 -> 48.98 | X47: =SUM(W47:W50)/SUM(K47:K50) -> 0.98030034 | Y47: 0 | Z47: =+'9'!D34/1000 -> 0.622 | AA47: =SUM(U47:U50)-SUM(W47:W50)-SUM(Z47:Z50)-SUM(Y47:Y50) -> -0.12413825 | AB47: =(SUM(K47:K50)-SUM(W47:W50)-SUM(Y47:Y50)-SUM(Z47:Z50)-SUM(AC47:AC50)-SUM(V47:V50))-AA47 -> 0.024701097 | AC47: =K47-T47 -> 0 | AD47: =+AM47+BA47 -> 0 | AE47: - Sheet Breaks (0x) | AF47: 0 | AM47: =SUM(AF47:AL47)+AT47+AV47+AX47 -> 0 | AR47: =SUM(AN47:AQ47) -> 0 | BA47: =+AR47+AS47+AU47+AW47+AY47+AZ47 -> 0 | BB47: 0
B48: Towel | C48: =(M48*E48*O48*Q48)/100000000 -> 10.80486 | D48: RC HW | E48: 34 | F48: 1 | G48: 480 | H48: 0.12 | I48: 0.88 | J48: =E48*G48*(1-H48)*1440/1000000*3.4 -> 70.314394 | K48: =(IF(G48<L48,L48,G48)*(1-IF(H48<N48,H48,N48))*E48*O48*Q48)/100000000 -> 10.80486 | L48: 500 | M48: =+L48-L48*0.12 -> 440 | N48: =1-(M48/L48) -> 0.12 | O48: =+'Trim Rwd'!H33 -> 321 | P48: =O48*(Q48-R48-S48) -> 71262 | Q48: =180+30+15 -> 225 | R48: 0 | S48: 3 | T48: =E48*M48*O48*Q48/100000000 -> 10.80486 | U48: =E48*M48*O48*(Q48-R48-S48)/100000000 -> 10.660795 | V48: =E48*G48*(1-N48)*O48/100*(R48+S48)/1000000 -> 0.13830221 | W48: =+'9'!K13/1000 -> 11.059 | Z48: 0 | AC48: =K48-T48 -> 0 | AD48: =+AM48+BA48 -> 3 | AE48: - Change Blade (1x) | AG48: 3 | AM48: =SUM(AF48:AL48)+AT48+AV48+AX48 -> 3 | AR48: =SUM(AN48:AQ48) -> 0 | BA48: =+AR48+AS48+AU48+AW48+AY48+AZ48 -> 0 | BC48: 1
B49: Towel | C49: =(M49*E49*O49*Q49)/100000000 -> 12.236994 | D49: RC HW | E49: 30 | F49: 1 | G49: 545 | H49: 0.12 | I49: 0.88 | J49: =E49*G49*(1-H49)*1440/1000000*3.4 -> 70.443648 | K49: =(IF(G49<L49,L49,G49)*(1-IF(H49<N49,H49,N49))*E49*O49*Q49)/100000000 -> 12.236994 | L49: 545 | M49: =+L49-L49*0.12 -> 479.6 | N49: =1-(M49/L49) -> 0.12 | O49: =+'Trim Rwd'!H34 -> 315 | P49: =O49*(Q49-R49-S49) -> 83160 | Q49: =30+240 -> 270 | R49: 0 | S49: 6 | T49: =E49*M49*O49*Q49/100000000 -> 12.236994 | U49: =E49*M49*O49*(Q49-R49-S49)/100000000 -> 11.965061 | V49: =E49*G49*(1-N49)*O49/100*(R49+S49)/1000000 -> 0.2719332 | W49: =+'9'!K16/1000 -> 6.858 | Z49: 0 | AC49: =K49-T49 -> 0 | AD49: =+AM49+BA49 -> 9 | AE49: - Cleaning | AH49: 9 | AM49: =SUM(AF49:AL49)+AT49+AV49+AX49 -> 9 | AR49: =SUM(AN49:AQ49) -> 0 | BA49: =+AR49+AS49+AU49+AW49+AY49+AZ49 -> 0
AD50: =+AM50+BA50 -> 6 | AE50: - Change Grade | AI50: 6 | AM50: =SUM(AF50:AL50)+AT50+AV50+AX50 -> 6 | AR50: =SUM(AN50:AQ50) -> 0 | BA50: =+AR50+AS50+AU50+AW50+AY50+AZ50 -> 0
A52: 45940 | B52: Towel | C52: =(M52*E52*O52*Q52)/100000000 -> 51.68394 | D52: RC HW | E52: 30 | F52: 1 | G52: 545 | H52: 0.12 | I52: 0.88 | J52: =E52*G52*(1-H52)*1440/1000000*3.4 -> 70.443648 | K52: =(IF(G52<L52,L52,G52)*(1-IF(H52<N52,H52,N52))*E52*O52*Q52)/100000000 -> 51.68394 | L52: 575.46296 | M52: 506.40741 | N52: =1-(M52/L52) -> 0.12 | O52: =+'Trim Rwd'!H36 -> 315 | P52: =O52*(Q52-R52-S52) -> 337050 | Q52: 1080 | R52: 0 | S52: 10 | T52: =E52*M52*O52*Q52/100000000 -> 51.68394 | U52: =E52*M52*O52*(Q52-R52-S52)/100000000 -> 51.205385 | V52: =E52*G52*(1-N52)*O52/100*(R52+S52)/1000000 -> 0.453222 | W52: =+'10'!K16/1000 -> 55.248 | X52: =SUM(W52:W55)/SUM(K52:K55) -> 0.96058493 | Y52: 0 | Z52: 0 | AA52: =SUM(U52:U55)-SUM(W52:W55)-SUM(Z52:Z55)-SUM(Y52:Y55) -> 2.0681501 | AB52: =(SUM(K52:K55)-SUM(W52:W55)-SUM(Y52:Y55)-SUM(Z52:Z55)-SUM(AC52:AC55)-SUM(V52:V55))-AA52 -> 0.052322835 | AC52: =K52-T52 -> 0 | AD52: =+AM52+BA52 -> 0 | AE52: - Sheet Breaks (0x) | AF52: 0 | AM52: =SUM(AF52:AL52)+AT52+AV52+AX52 -> 0 | AR52: =SUM(AN52:AQ52) -> 0 | BA52: =+AR52+AS52+AU52+AW52+AY52+AZ52 -> 0 | BB52: 0
B53: Towel | C53: =(M53*E53*O53*Q53)/100000000 -> 18.003807 | D53: RC HW | E53: 28 | F53: 1 | G53: 545 | H53: 0.12 | I53: 0.88 | J53: =E53*G53*(1-H53)*1440/1000000*3.4 -> 65.747405 | K53: =(IF(G53<L53,L53,G53)*(1-IF(H53<N53,H53,N53))*E53*O53*Q53)/100000000 -> 18.003807 | L53: 630 | M53: 554.4 | N53: =1-(M53/L53) -> 0.12 | O53: =+'Trim Rwd'!H37 -> 322.16667 | P53: =O53*(Q53-R53-S53) -> 114691.33 | Q53: 360 | R53: 0 | S53: 4 | T53: =E53*M53*O53*Q53/100000000 -> 18.003807 | U53: =E53*M53*O53*(Q53-R53-S53)/100000000 -> 17.803765 | V53: =E53*G53*(1-N53)*O53/100*(R53+S53)/1000000 -> 0.17305247 | W53: =+'10'!K17/1000 -> 11.693 | Z53: 0 | AC53: =K53-T53 -> 0 | AD53: =+AM53+BA53 -> 4 | AE53: - Change Blade (2x) | AG53: 4 | AM53: =SUM(AF53:AL53)+AT53+AV53+AX53 -> 4 | AR53: =SUM(AN53:AQ53) -> 0 | BA53: =+AR53+AS53+AU53+AW53+AY53+AZ53 -> 0 | BC53: 2
AD54: =+AM54+BA54 -> 8 | AE54: - Cleaning | AH54: 8 | AM54: =SUM(AF54:AL54)+AT54+AV54+AX54 -> 8 | AR54: =SUM(AN54:AQ54) -> 0 | BA54: =+AR54+AS54+AU54+AW54+AY54+AZ54 -> 0
AD55: =+AM55+BA55 -> 2 | AE55: - Change Grade | AI55: 2 | AM55: =SUM(AF55:AL55)+AT55+AV55+AX55 -> 2 | AR55: =SUM(AN55:AQ55) -> 0 | BA55: =+AR55+AS55+AU55+AW55+AY55+AZ55 -> 0
A57: 45941 | B57: Towel | C57: =(M57*E57*O57*Q57)/100000000 -> 0.50052618 | D57: RC HW | E57: 28 | F57: 1 | G57: 545 | H57: 0.12 | I57: 0.88 | J57: =E57*G57*(1-H57)*1440/1000000*3.4 -> 65.747405 | K57: =(IF(G57<L57,L57,G57)*(1-IF(H57<N57,H57,N57))*E57*O57*Q57)/100000000 -> 0.50052618 | L57: 630 | M57: 554.4 | N57: =1-(M57/L57) -> 0.12 | O57: =+'Trim Rwd'!H40 -> 322.4375 | P57: =O57*(Q57-R57-S57) -> 3224.375 | Q57: 10 | R57: 0 | S57: 0 | T57: =E57*M57*O57*Q57/100000000 -> 0.50052618 | U57: =E57*M57*O57*(Q57-R57-S57)/100000000 -> 0.50052618 | V57: =E57*G57*(1-N57)*O57/100*(R57+S57)/1000000 -> 0 | W57: =+'11'!K17/1000 -> 10.447 | X57: =SUM(W57:W60)/SUM(K57:K60) -> 0.90271028 | Y57: 0 | Z57: 0 | AA57: =SUM(U57:U60)-SUM(W57:W60)-SUM(Z57:Z60)-SUM(Y57:Y60) -> -0.58978683 | AB57: =(SUM(K57:K60)-SUM(W57:W60)-SUM(Y57:Y60)-SUM(Z57:Z60)-SUM(AC57:AC60)-SUM(V57:V60))-AA57 -> -0.047858977 | AC57: =K57-T57 -> 0 | AD57: =+AM57+BA57 -> 8 | AE57: - Sheet Breaks (4x) | AF57: 8 | AM57: =SUM(AF57:AL57)+AT57+AV57+AX57 -> 8 | AR57: =SUM(AN57:AQ57) -> 0 | BA57: =+AR57+AS57+AU57+AW57+AY57+AZ57 -> 0 | BB57: 4
B58: Napkin | C58: =(M58*E58*O58*Q58)/100000000 -> 65.334673 | D58: RC HW | E58: 20.5 | F58: 1 | G58: 830 | H58: 0.14 | I58: 0.88 | J58: =E58*G58*(1-H58)*1440/1000000*3.4 -> 71.642678 | K58: =(IF(G58<L58,L58,G58)*(1-IF(H58<N58,H58,N58))*E58*O58*Q58)/100000000 -> 66.855525 | L58: 811.11888 | M58: 697.56224 | N58: =1-(M58/L58) -> 0.14 | O58: =+'Trim Rwd'!H42 -> 319.5 | P58: =O58*(Q58-R58-S58) -> 442507.5 | Q58: 1430 | R58: 0 | S58: 45 | T58: =E58*M58*O58*Q58/100000000 -> 65.334673 | U58: =E58*M58*O58*(Q58-R58-S58)/100000000 -> 63.278687 | V58: =E58*G58*(1-N58)*O58/100*(R58+S58)/1000000 -> 2.1038452 | W58: =+'11'!K18/1000 -> 50.356 | Z58: =+'11'!D34/1000 -> 3.566 | AC58: =K58-T58 -> 1.520852 | AD58: =+AM58+BA58 -> 13 | AE58: - Change Blade (4x) | AG58: 13 | AM58: =SUM(AF58:AL58)+AT58+AV58+AX58 -> 13 | AR58: =SUM(AN58:AQ58) -> 0 | BA58: =+AR58+AS58+AU58+AW58+AY58+AZ58 -> 0 | BC58: 4
AD59: =+AM59+BA59 -> 19 | AE59: - Cleaning | AH59: 19 | AM59: =SUM(AF59:AL59)+AT59+AV59+AX59 -> 19 | AR59: =SUM(AN59:AQ59) -> 0 | BA59: =+AR59+AS59+AU59+AW59+AY59+AZ59 -> 0
AD60: =+AM60+BA60 -> 5 | AE60: - Change Grade | AI60: 5 | AM60: =SUM(AF60:AL60)+AT60+AV60+AX60 -> 5 | AR60: =SUM(AN60:AQ60) -> 0 | BA60: =+AR60+AS60+AU60+AW60+AY60+AZ60 -> 0
A62: 45942 | B62: Napkin | C62: =(M62*E62*O62*Q62)/100000000 -> 65.152067 | D62: RC HW | E62: 20.5 | F62: 1 | G62: 830 | H62: 0.14 | I62: 0.88 | J62: =E62*G62*(1-H62)*1440/1000000*3.4 -> 71.642678 | K62: =(IF(G62<L62,L62,G62)*(1-IF(H62<N62,H62,N62))*E62*O62*Q62)/100000000 -> 67.323046 | L62: 803.23482 | M62: 690.78195 | N62: =1-(M62/L62) -> 0.14 | O62: =+'Trim Rwd'!H44 -> 319.5 | P62: =O62*(Q62-R62-S62) -> 386595 | Q62: 1440 | R62: 188 | S62: 42 | T62: =E62*M62*O62*Q62/100000000 -> 65.152067 | U62: =E62*M62*O62*(Q62-R62-S62)/100000000 -> 54.745834 | V62: =E62*G62*(1-N62)*O62/100*(R62+S62)/1000000 -> 10.752987 | W62: =+'12'!K34/1000 -> 51.13 | X62: =SUM(W62:W65)/SUM(K62:K65) -> 0.75947247 | Y62: 0 | Z62: =+'12'!D34/1000 -> 1.11 | AA62: =SUM(U62:U65)-SUM(W62:W65)-SUM(Z62:Z65)-SUM(Y62:Y65) -> 2.5058337 | AB62: =(SUM(K62:K65)-SUM(W62:W65)-SUM(Y62:Y65)-SUM(Z62:Z65)-SUM(AC62:AC65)-SUM(V62:V65))-AA62 -> -0.3467537 | AC62: =K62-T62 -> 2.1709797 | AD62: =+AM62+BA62 -> 0 | AE62: - Sheet Breaks (0x) | AF62: 0 | AM62: =SUM(AF62:AL62)+AT62+AV62+AX62 -> 0 | AR62: =SUM(AN62:AQ62) -> 0 | BA62: =+AR62+AS62+AU62+AW62+AY62+AZ62 -> 0 | BB62: 0
AD63: =+AM63+BA63 -> 12 | AE63: - Change Blade (3x) | AG63: 12 | AM63: =SUM(AF63:AL63)+AT63+AV63+AX63 -> 12 | AR63: =SUM(AN63:AQ63) -> 0 | BA63: =+AR63+AS63+AU63+AW63+AY63+AZ63 -> 0 | BC63: 3
AD64: =+AM64+BA64 -> 15 | AE64: - Cleaning | AH64: 15 | AM64: =SUM(AF64:AL64)+AT64+AV64+AX64 -> 15 | AR64: =SUM(AN64:AQ64) -> 0 | BA64: =+AR64+AS64+AU64+AW64+AY64+AZ64 -> 0
AD65: =+AM65+BA65 -> 15 | AE65: - 11.30 - 11.45 level fresh water error | AK65: 15 | AM65: =SUM(AF65:AL65)+AT65+AV65+AX65 -> 15 | AR65: =SUM(AN65:AQ65) -> 0 | BA65: =+AR65+AS65+AU65+AW65+AY65+AZ65 -> 0
AD66: =+AM66+BA66 -> 188 | AE66: - 13.30 - 15.00 pm stop cleaning felt | AM66: =SUM(AF66:AL66)+AT66+AV66+AX66 -> 0 | AN66: 188 | AR66: =SUM(AN66:AQ66) -> 188 | BA66: =+AR66+AS66+AU66+AW66+AY66+AZ66 -> 188 | BF66: 1
A68: 45943 | B68: Napkin | C68: =(M68*E68*O68*Q68)/100000000 -> 67.323046 | D68: RC HW | E68: 20.5 | F68: 1 | G68: 830 | H68: 0.14 | I68: 0.88 | J68: =E68*G68*(1-H68)*1440/1000000*3.4 -> 71.642678 | K68: =(IF(G68<L68,L68,G68)*(1-IF(H68<N68,H68,N68))*E68*O68*Q68)/100000000 -> 67.323046 | L68: 830 | M68: 713.8 | N68: =1-(M68/L68) -> 0.14 | O68: =+'Trim Rwd'!H46 -> 319.5 | P68: =O68*(Q68-R68-S68) -> 406404 | Q68: 1440 | R68: =45+70 -> 115 | S68: 53 | T68: =E68*M68*O68*Q68/100000000 -> 67.323046 | U68: =E68*M68*O68*(Q68-R68-S68)/100000000 -> 59.468691 | V68: =E68*G68*(1-N68)*O68/100*(R68+S68)/1000000 -> 7.8543554 | W68: =+'13'!K34/1000 -> 54.646 | X68: =SUM(W68:W71)/SUM(K68:K71) -> 0.81169827 | Y68: 0 | Z68: =+'13'!D34/1000 -> 0.22 | AA68: =SUM(U68:U71)-SUM(W68:W71)-SUM(Z68:Z71)-SUM(Y68:Y71) -> 4.6026909 | AB68: =(SUM(K68:K71)-SUM(W68:W71)-SUM(Y68:Y71)-SUM(Z68:Z71)-SUM(AC68:AC71)-SUM(V68:V71))-AA68 -> 8.8817842e-15 | AC68: =K68-T68 -> 0 | AD68: =+AM68+BA68 -> 4 | AE68: - Sheet Breaks (2x) | AF68: 4 | AM68: =SUM(AF68:AL68)+AT68+AV68+AX68 -> 4 | AR68: =SUM(AN68:AQ68) -> 0 | BA68: =+AR68+AS68+AU68+AW68+AY68+AZ68 -> 0 | BB68: 2
AD69: =+AM69+BA69 -> 21 | AE69: - Change Blade (3x) | AG69: 21 | AM69: =SUM(AF69:AL69)+AT69+AV69+AX69 -> 21 | AR69: =SUM(AN69:AQ69) -> 0 | BA69: =+AR69+AS69+AU69+AW69+AY69+AZ69 -> 0 | BC69: 3
AD70: =+AM70+BA70 -> 28 | AE70: - Cleaning | AH70: 28 | AM70: =SUM(AF70:AL70)+AT70+AV70+AX70 -> 28 | AR70: =SUM(AN70:AQ70) -> 0 | BA70: =+AR70+AS70+AU70+AW70+AY70+AZ70 -> 0
AD71: =+AM71+BA71 -> 45 | AE71: - 07.40 pm stock off, proxy wire sblah DS alarm, perbaikan EID | AM71: =SUM(AF71:AL71)+AT71+AV71+AX71 -> 0 | AP71: 45 | AR71: =SUM(AN71:AQ71) -> 45 | BA71: =+AR71+AS71+AU71+AW71+AY71+AZ71 -> 45
AD72: =+AM72+BA72 -> 70 | AE72: - 16.40 PM stop, kertas hole cleaning felt solar & xyline | AM72: =SUM(AF72:AL72)+AT72+AV72+AX72 -> 0 | AN72: 70 | AR72: =SUM(AN72:AQ72) -> 70 | BA72: =+AR72+AS72+AU72+AW72+AY72+AZ72 -> 70
A74: 45944 | B74: Napkin | C74: =(M74*E74*O74*Q74)/100000000 -> 20.804691 | D74: RC HW | E74: 20.5 | F74: 1 | G74: 830 | H74: 0.14 | I74: 0.88 | J74: =E74*G74*(1-H74)*1440/1000000*3.4 -> 71.642678 | K74: =(IF(G74<L74,L74,G74)*(1-IF(H74<N74,H74,N74))*E74*O74*Q74)/100000000 -> 20.804691 | L74: 830 | M74: =+L74-L74*0.14 -> 713.8 | N74: =1-(M74/L74) -> 0.14 | O74: =+'Trim Rwd'!H48 -> 319.5 | P74: =O74*(Q74-R74-S74) -> 140580 | Q74: 445 | R74: 0 | S74: 5 | T74: =E74*M74*O74*Q74/100000000 -> 20.804691 | U74: =E74*M74*O74*(Q74-R74-S74)/100000000 -> 20.570931 | V74: =E74*G74*(1-N74)*O74/100*(R74+S74)/1000000 -> 0.23376058 | W74: =+'14'!K18/1000 -> 24.891 | X74: =SUM(W74:W77)/SUM(K74:K77) -> 1.0556142 | Y74: 0 | Z74: 0 | AA74: =SUM(U74:U77)-SUM(W74:W77)-SUM(Z74:Z77)-SUM(Y74:Y77) -> -4.6691392 | AB74: =(SUM(K74:K77)-SUM(W74:W77)-SUM(Y74:Y77)-SUM(Z74:Z77)-SUM(AC74:AC77)-SUM(V74:V77))-AA74 -> 0.004158 | AC74: =K74-T74 -> 0 | AD74: =+AM74+BA74 -> 0 | AE74: - Sheet Breaks (0x) | AF74: 0 | AM74: =SUM(AF74:AL74)+AT74+AV74+AX74 -> 0 | AR74: =SUM(AN74:AQ74) -> 0 | BA74: =+AR74+AS74+AU74+AW74+AY74+AZ74 -> 0 | BB74: 0
B75: Towel | C75: =(M75*E75*O75*Q75)/100000000 -> 45.50931 | D75: RC HW | E75: 30 | F75: 1 | G75: 545 | H75: 0.12 | I75: 0.88 | J75: =E75*G75*(1-H75)*1440/1000000*3.4 -> 70.443648 | K75: =(IF(G75<L75,L75,G75)*(1-IF(H75<N75,H75,N75))*E75*O75*Q75)/100000000 -> 45.50931 | L75: 550 | M75: =+L75-L75*0.12 -> 484 | N75: =1-(M75/L75) -> 0.12 | O75: =+'Trim Rwd'!H49 -> 315 | P75: =O75*(Q75-R75-S75) -> 310275 | Q75: 995 | R75: 0 | S75: 10 | T75: =E75*M75*O75*Q75/100000000 -> 45.50931 | U75: =E75*M75*O75*(Q75-R75-S75)/100000000 -> 45.05193 | V75: =E75*G75*(1-N75)*O75/100*(R75+S75)/1000000 -> 0.453222 | W75: =+'14'!K16/1000 -> 45.111 | Z75: =+'14'!D25/1000 -> 0.29 | AD75: =+AM75+BA75 -> 2 | AE75: - Change Blade (1x) | AG75: 2 | AM75: =SUM(AF75:AL75)+AT75+AV75+AX75 -> 2 | AR75: =SUM(AN75:AQ75) -> 0 | BA75: =+AR75+AS75+AU75+AW75+AY75+AZ75 -> 0 | BC75: 1
AD76: =+AM76+BA76 -> 10 | AE76: - Cleaning | AH76: 10 | AM76: =SUM(AF76:AL76)+AT76+AV76+AX76 -> 10 | AR76: =SUM(AN76:AQ76) -> 0 | BA76: =+AR76+AS76+AU76+AW76+AY76+AZ76 -> 0
AD77: =+AM77+BA77 -> 3 | AE77: - Change Grade | AI77: 3 | AM77: =SUM(AF77:AL77)+AT77+AV77+AX77 -> 3 | AR77: =SUM(AN77:AQ77) -> 0 | BA77: =+AR77+AS77+AU77+AW77+AY77+AZ77 -> 0
A79: 45945 | B79: Towel | C79: =(M79*E79*O79*Q79)/100000000 -> 2.74428 | D79: RC HW | E79: 30 | F79: 1 | G79: 545 | H79: 0.12 | I79: 0.88 | J79: =E79*G79*(1-H79)*1440/1000000*3.4 -> 70.443648 | K79: =(IF(G79<L79,L79,G79)*(1-IF(H79<N79,H79,N79))*E79*O79*Q79)/100000000 -> 2.74428 | L79: 550 | M79: =+L79-L79*0.12 -> 484 | N79: =1-(M79/L79) -> 0.12 | O79: =+'Trim Rwd'!H51 -> 315 | P79: =O79*(Q79-R79-S79) -> 17325 | Q79: 60 | R79: 0 | S79: 5 | T79: =E79*M79*O79*Q79/100000000 -> 2.74428 | U79: =E79*M79*O79*(Q79-R79-S79)/100000000 -> 2.51559 | V79: =E79*G79*(1-N79)*O79/100*(R79+S79)/1000000 -> 0.226611 | W79: =+'15'!K16/1000 -> 10.84 | X79: =SUM(W79:W82)/SUM(K79:K82) -> 0.89034243 | Y79: 0 | Z79: =+'12'!D51/1000 -> 0 | AA79: =SUM(U79:U82)-SUM(W79:W82)-SUM(Z79:Z82)-SUM(Y79:Y82) -> 3.4626442 | AB79: =(SUM(K79:K82)-SUM(W79:W82)-SUM(Y79:Y82)-SUM(Z79:Z82)-SUM(AC79:AC82)-SUM(V79:V82))-AA79 -> 0.002079 | AC79: =K79-T79 -> 0 | AD79: =+AM79+BA79 -> 2 | AE79: - Sheet Breaks (1x) | AF79: 2 | AM79: =SUM(AF79:AL79)+AT79+AV79+AX79 -> 2 | AR79: =SUM(AN79:AQ79) -> 0 | BA79: =+AR79+AS79+AU79+AW79+AY79+AZ79 -> 0 | BB79: 1
B80: Napkin | C80: =(M80*E80*O80*Q80)/100000000 -> 30.834019 | D80: RC BR | E80: 17 | F80: 1 | G80: 830 | H80: 0.14 | I80: 0.88 | J80: =E80*G80*(1-H80)*1440/1000000*3.4 -> 59.411002 | K80: =(IF(G80<L80,L80,G80)*(1-IF(H80<N80,H80,N80))*E80*O80*Q80)/100000000 -> 30.834019 | L80: 830 | M80: =+L80-L80*0.14 -> 713.8 | N80: =1-(M80/L80) -> 0.14 | O80: =+'Trim Rwd'!H52 -> 330 | P80: =O80*(Q80-R80-S80) -> 244200 | Q80: 770 | R80: 0 | S80: 30 | T80: =E80*M80*O80*Q80/100000000 -> 30.834019 | U80: =E80*M80*O80*(Q80-R80-S80)/100000000 -> 29.632693 | V80: =E80*G80*(1-N80)*O80/100*(R80+S80)/1000000 -> 1.2013254 | W80: =+'15'!K19/1000 -> 23.267 | Z80: =+'15'!D34/1000 -> 0.33 | AC80: =K80-T80 -> 0 | AD80: =+AM80+BA80 -> 17 | AE80: - Change Blade (4x) | AG80: 17 | AM80: =SUM(AF80:AL80)+AT80+AV80+AX80 -> 17 | AR80: =SUM(AN80:AQ80) -> 0 | BA80: =+AR80+AS80+AU80+AW80+AY80+AZ80 -> 0 | BC80: 4
B81: Napkin | C81: =(M81*E81*O81*Q81)/100000000 -> 22.432735 | D81: RC BR | E81: 16 | F81: 1 | G81: 830 | H81: 0.14 | I81: 0.88 | J81: =E81*G81*(1-H81)*1440/1000000*3.4 -> 55.916237 | K81: =(IF(G81<L81,L81,G81)*(1-IF(H81<N81,H81,N81))*E81*O81*Q81)/100000000 -> 22.432735 | L81: 830 | M81: =+L81-L81*0.14 -> 713.8 | N81: =1-(M81/L81) -> 0.14 | O81: =+'Trim Rwd'!H53 -> 322 | P81: =O81*(Q81-R81-S81) -> 188370 | Q81: 610 | R81: 0 | S81: 25 | T81: =E81*M81*O81*Q81/100000000 -> 22.432735 | U81: =E81*M81*O81*(Q81-R81-S81)/100000000 -> 21.513361 | V81: =E81*G81*(1-N81)*O81/100*(R81+S81)/1000000 -> 0.9193744 | W81: =+'15'!K20/1000 -> 15.762 | AC81: =K81-T81 -> 0 | AD81: =+AM81+BA81 -> 10 | AE81: - Cleaning | AH81: 10 | AM81: =SUM(AF81:AL81)+AT81+AV81+AX81 -> 10 | AR81: =SUM(AN81:AQ81) -> 0 | BA81: =+AR81+AS81+AU81+AW81+AY81+AZ81 -> 0
AD82: =+AM82+BA82 -> 31 | AE82: - Change Grade | AI82: 31 | AM82: =SUM(AF82:AL82)+AT82+AV82+AX82 -> 31 | AR82: =SUM(AN82:AQ82) -> 0 | BA82: =+AR82+AS82+AU82+AW82+AY82+AZ82 -> 0
A84: 45946 | B84: Napkin | C84: =(M84*E84*O84*Q84)/100000000 -> 52.955965 | D84: RC BR | E84: 16 | F84: 1 | G84: 830 | H84: 0.14 | I84: 0.88 | J84: =E84*G84*(1-H84)*1440/1000000*3.4 -> 55.916237 | K84: =(IF(G84<L84,L84,G84)*(1-IF(H84<N84,H84,N84))*E84*O84*Q84)/100000000 -> 52.955965 | L84: 830 | M84: =+L84-L84*0.14 -> 713.8 | N84: =1-(M84/L84) -> 0.14 | O84: =+'Trim Rwd'!H55 -> 322 | P84: =O84*(Q84-R84-S84) -> 255990 | Q84: 1440 | R84: 0 | S84: 645 | T84: =E84*M84*O84*Q84/100000000 -> 52.955965 | U84: =E84*M84*O84*(Q84-R84-S84)/100000000 -> 29.236106 | V84: =E84*G84*(1-N84)*O84/100*(R84+S84)/1000000 -> 23.71986 | W84: =+'16'!K20/1000 -> 24.524 | X84: =SUM(W84:W87)/SUM(K84:K87) -> 0.46310174 | Y84: 0 | Z84: =+'16'!D34/1000 -> 1.26 | AA84: =SUM(U84:U87)-SUM(W84:W87)-SUM(Z84:Z87)-SUM(Y84:Y87) -> 3.4521059 | AB84: =(SUM(K84:K87)-SUM(W84:W87)-SUM(Y84:Y87)-SUM(Z84:Z87)-SUM(AC84:AC87)-SUM(V84:V87))-AA84 -> 0 | AC84: =K84-T84 -> 0 | AD84: =+AM84+BA84 -> 3 | AE84: - Sheet Breaks (2x) | AF84: 3 | AM84: =SUM(AF84:AL84)+AT84+AV84+AX84 -> 3 | AR84: =SUM(AN84:AQ84) -> 0 | BA84: =+AR84+AS84+AU84+AW84+AY84+AZ84 -> 0 | BB84: 2
AC85: =K85-T85 -> 0 | AD85: =+AM85+BA85 -> 17 | AE85: - Change Blade (6x) | AG85: 17 | AM85: =SUM(AF85:AL85)+AT85+AV85+AX85 -> 17 | AR85: =SUM(AN85:AQ85) -> 0 | BA85: =+AR85+AS85+AU85+AW85+AY85+AZ85 -> 0 | BC85: 6
AD86: =+AM86+BA86 -> 15 | AE86: - Cleaning | AH86: 15 | AM86: =SUM(AF86:AL86)+AT86+AV86+AX86 -> 15 | AR86: =SUM(AN86:AQ86) -> 0 | BA86: =+AR86+AS86+AU86+AW86+AY86+AZ86 -> 0
AD87: =+AM87+BA87 -> 610 | AE87: - Menghabiskan bubur blackspot | AI87: 610 | AM87: =SUM(AF87:AL87)+AT87+AV87+AX87 -> 610 | AR87: =SUM(AN87:AQ87) -> 0 | BA87: =+AR87+AS87+AU87+AW87+AY87+AZ87 -> 0
A89: 45947 | B89: Napkin | C89: =(M89*E89*O89*Q89)/100000000 -> 10.590991 | D89: RC BR | E89: 16 | F89: 1 | G89: 830 | H89: 0.14 | I89: 0.88 | J89: =E89*G89*(1-H89)*1440/1000000*3.4 -> 55.916237 | K89: =(IF(G89<L89,L89,G89)*(1-IF(H89<N89,H89,N89))*E89*O89*Q89)/100000000 -> 10.988153 | L89: 800 | M89: =+L89-L89*0.14 -> 688 | N89: =1-(M89/L89) -> 0.14 | O89: =+'Trim Rwd'!H57 -> 320.70588 | P89: =O89*(Q89-R89-S89) -> 84987.059 | Q89: 300 | R89: 0 | S89: 35 | T89: =E89*M89*O89*Q89/100000000 -> 10.590991 | U89: =E89*M89*O89*(Q89-R89-S89)/100000000 -> 9.3553754 | V89: =E89*G89*(1-N89)*O89/100*(R89+S89)/1000000 -> 1.2819512 | W89: =+'17'!K20/1000 -> 15.312 | X89: =SUM(W89:W92)/SUM(K89:K92) -> 0.81809222 | Y89: 0 | Z89: =+'16'!D39/1000 -> 0 | AA89: =SUM(U89:U92)-SUM(W89:W92)-SUM(Z89:Z92)-SUM(Y89:Y92) -> -0.56846335 | AB89: =(SUM(K89:K92)-SUM(W89:W92)-SUM(Y89:Y92)-SUM(Z89:Z92)-SUM(AC89:AC92)-SUM(V89:V92))-AA89 -> -0.30852359 | AC89: =K89-T89 -> 0.39716216 | AD89: =+AM89+BA89 -> 13 | AE89: - Sheet Breaks (4x) | AF89: 13 | AM89: =SUM(AF89:AL89)+AT89+AV89+AX89 -> 13 | AR89: =SUM(AN89:AQ89) -> 0 | BA89: =+AR89+AS89+AU89+AW89+AY89+AZ89 -> 0 | BB89: 4
B90: Napkin | C90: =(M90*E90*O90*Q90)/100000000 -> 40.052841 | D90: RC BR | E90: 15.5 | F90: 1 | G90: 830 | H90: 0.14 | I90: 0.88 | J90: =E90*G90*(1-H90)*1440/1000000*3.4 -> 54.168854 | K90: =(IF(G90<L90,L90,G90)*(1-IF(H90<N90,H90,N90))*E90*O90*Q90)/100000000 -> 41.554823 | L90: 800 | M90: =+L90-L90*0.14 -> 688 | N90: =1-(M90/L90) -> 0.14 | O90: =+'Trim Rwd'!H59 -> 329.46429 | P90: =O90*(Q90-R90-S90) -> 310025.89 | Q90: 1140 | R90: 160 | S90: =35+4 -> 39 | T90: =E90*M90*O90*Q90/100000000 -> 40.052841 | U90: =E90*M90*O90*(Q90-R90-S90)/100000000 -> 33.061161 | V90: =E90*G90*(1-N90)*O90/100*(R90+S90)/1000000 -> 7.2538682 | W90: =+'17'!K21/1000 -> 27.673 | AC90: =K90-T90 -> 1.5019816 | AD90: =+AM90+BA90 -> 28 | AE90: - Change Blade (10x) | AG90: 28 | AM90: =SUM(AF90:AL90)+AT90+AV90+AX90 -> 28 | AR90: =SUM(AN90:AQ90) -> 0 | BA90: =+AR90+AS90+AU90+AW90+AY90+AZ90 -> 0 | BC90: 10
AD91: =+AM91+BA91 -> 29 | AE91: - Cleaning | AH91: 29 | AM91: =SUM(AF91:AL91)+AT91+AV91+AX91 -> 29 | AR91: =SUM(AN91:AQ91) -> 0 | BA91: =+AR91+AS91+AU91+AW91+AY91+AZ91 -> 0
AD92: =+AM92+BA92 -> 4 | AE92: - Change Grade | AI92: 4 | AM92: =SUM(AF92:AL92)+AT92+AV92+AX92 -> 4 | AR92: =SUM(AN92:AQ92) -> 0 | BA92: =+AR92+AS92+AU92+AW92+AY92+AZ92 -> 0
AD93: =+AM93+BA93 -> 160 | AE93: - 04.20 pm stop buburan DIP habis, trouble disperger, perbaikan MED | AM93: =SUM(AF93:AL93)+AT93+AV93+AX93 -> 0 | AO93: 160 | AR93: =SUM(AN93:AQ93) -> 160 | BA93: =+AR93+AS93+AU93+AW93+AY93+AZ93 -> 160
A95: 45948 | B95: Napkin | C95: =(M95*E95*O95*Q95)/100000000 -> 52.416333 | D95: RC BR | E95: 15.5 | F95: 1 | G95: 830 | H95: 0.14 | I95: 0.88 | J95: =E95*G95*(1-H95)*1440/1000000*3.4 -> 54.168854 | K95: =(IF(G95<L95,L95,G95)*(1-IF(H95<N95,H95,N95))*E95*O95*Q95)/100000000 -> 52.416333 | L95: 830 | M95: =+L95-L95*0.14 -> 713.8 | N95: =1-(M95/L95) -> 0.14 | O95: =+'Trim Rwd'!H62 -> 329 | P95: =O95*(Q95-R95-S95) -> 254975 | Q95: 1440 | R95: 630 | S95: 35 | T95: =E95*M95*O95*Q95/100000000 -> 52.416333 | U95: =E95*M95*O95*(Q95-R95-S95)/100000000 -> 28.210179 | V95: =E95*G95*(1-N95)*O95/100*(R95+S95)/1000000 -> 24.206154 | W95: =+'18'!K34/1000 -> 24.612 | X95: =SUM(W95:W98)/SUM(K95:K98) -> 0.4695483 | Y95: 0 | Z95: =+'18'!D34/1000 -> 0.5 | AA95: =SUM(U95:U98)-SUM(W95:W98)-SUM(Z95:Z98)-SUM(Y95:Y98) -> 3.098179 | AB95: =(SUM(K95:K98)-SUM(W95:W98)-SUM(Y95:Y98)-SUM(Z95:Z98)-SUM(AC95:AC98)-SUM(V95:V98))-AA95 -> 3.5527137e-15 | AC95: =K95-T95 -> 0 | AD95: =+AM95+BA95 -> 6 | AE95: - Sheet Breaks (3x) | AF95: 6 | AM95: =SUM(AF95:AL95)+AT95+AV95+AX95 -> 6 | AR95: =SUM(AN95:AQ95) -> 0 | BA95: =+AR95+AS95+AU95+AW95+AY95+AZ95 -> 0 | BB95: 3
AD96: =+AM96+BA96 -> 16 | AE96: - Change Blade (7x) | AG96: 16 | AM96: =SUM(AF96:AL96)+AT96+AV96+AX96 -> 16 | AR96: =SUM(AN96:AQ96) -> 0 | BA96: =+AR96+AS96+AU96+AW96+AY96+AZ96 -> 0 | BC96: 7
AD97: =+AM97+BA97 -> 13 | AE97: - Cleaning | AH97: 13 | AM97: =SUM(AF97:AL97)+AT97+AV97+AX97 -> 13 | AR97: =SUM(AN97:AQ97) -> 0 | BA97: =+AR97+AS97+AU97+AW97+AY97+AZ97 -> 0
AD98: =+AM98+BA98 -> 630 | AE98: - DIP trouble disperger, perbaikan MED | AM98: =SUM(AF98:AL98)+AT98+AV98+AX98 -> 0 | AO98: 630 | AR98: =SUM(AN98:AQ98) -> 630 | BA98: =+AR98+AS98+AU98+AW98+AY98+AZ98 -> 630
A100: 45949 | B100: Napkin | C100: =(M100*E100*O100*Q100)/100000000 -> 52.416333 | D100: RC BR | E100: 15.5 | F100: 1 | G100: 830 | H100: 0.14 | I100: 0.88 | J100: =E100*G100*(1-H100)*1440/1000000*3.4 -> 54.168854 | K100: =(IF(G100<L100,L100,G100)*(1-IF(H100<N100,H100,N100))*E100*O100*Q100)/100000000 -> 52.416333 | L100: 830 | M100: =+L100-L100*0.14 -> 713.8 | N100: =1-(M100/L100) -> 0.14 | O100: =+'Trim Rwd'!H64 -> 329 | P100: =O100*(Q100-R100-S100) -> 457310 | Q100: 1440 | R100: 0 | S100: 50 | T100: =E100*M100*O100*Q100/100000000 -> 52.416333 | U100: =E100*M100*O100*(Q100-R100-S100)/100000000 -> 50.596321 | V100: =E100*G100*(1-N100)*O100/100*(R100+S100)/1000000 -> 1.8200116 | W100: =+'19'!K34/1000 -> 49.046 | X100: =SUM(W100:W103)/SUM(K100:K103) -> 0.93570072 | Y100: 0 | Z100: =+'16'!D50/1000 -> 0 | AA100: =SUM(U100:U103)-SUM(W100:W103)-SUM(Z100:Z103)-SUM(Y100:Y103) -> 1.5503211 | AB100: =(SUM(K100:K103)-SUM(W100:W103)-SUM(Y100:Y103)-SUM(Z100:Z103)-SUM(AC100:AC103)-SUM(V100:V103))-AA100 -> -3.3306691e-15 | AC100: =K100-T100 -> 0 | AD100: =+AM100+BA100 -> 0 | AE100: - Sheet Breaks (0x) | AF100: 0 | AM100: =SUM(AF100:AL100)+AT100+AV100+AX100 -> 0 | AR100: =SUM(AN100:AQ100) -> 0 | BA100: =+AR100+AS100+AU100+AW100+AY100+AZ100 -> 0 | BB100: 0
AD101: =+AM101+BA101 -> 25 | AE101: - Change Blade (10x) | AG101: 25 | AM101: =SUM(AF101:AL101)+AT101+AV101+AX101 -> 25 | AR101: =SUM(AN101:AQ101) -> 0 | BA101: =+AR101+AS101+AU101+AW101+AY101+AZ101 -> 0 | BC101: 10
AD102: =+AM102+BA102 -> 25 | AE102: - Cleaning | AH102: 25 | AM102: =SUM(AF102:AL102)+AT102+AV102+AX102 -> 25 | AR102: =SUM(AN102:AQ102) -> 0 | BA102: =+AR102+AS102+AU102+AW102+AY102+AZ102 -> 0
A104: 45950 | B104: Napkin | C104: =(M104*E104*O104*Q104)/100000000 -> 52.416333 | D104: RC BR | E104: 15.5 | F104: 1 | G104: 830 | H104: 0.14 | I104: 0.88 | J104: =E104*G104*(1-H104)*1440/1000000*3.4 -> 54.168854 | K104: =(IF(G104<L104,L104,G104)*(1-IF(H104<N104,H104,N104))*E104*O104*Q104)/100000000 -> 52.416333 | L104: 830 | M104: =+L104-L104*0.14 -> 713.8 | N104: =1-(M104/L104) -> 0.14 | O104: =+'Trim Rwd'!H66 -> 329 | P104: =O104*(Q104-R104-S104) -> 460600 | Q104: 1440 | R104: 0 | S104: 40 | T104: =E104*M104*O104*Q104/100000000 -> 52.416333 | U104: =E104*M104*O104*(Q104-R104-S104)/100000000 -> 50.960323 | V104: =E104*G104*(1-N104)*O104/100*(R104+S104)/1000000 -> 1.4560092 | W104: =+'20'!K34/1000 -> 49.627 | X104: =SUM(W104:W107)/SUM(K104:K107) -> 0.94678505 | Y104: 0 | Z104: =+'20'!D34/1000 -> 0.25 | AA104: =SUM(U104:U107)-SUM(W104:W107)-SUM(Z104:Z107)-SUM(Y104:Y107) -> 1.0833234 | AB104: =(SUM(K104:K107)-SUM(W104:W107)-SUM(Y104:Y107)-SUM(Z104:Z107)-SUM(AC104:AC107)-SUM(V104:V107))-AA104 -> 0 | AC104: =K104-T104 -> 0 | AD104: =+AM104+BA104 -> 2 | AE104: - Sheet Breaks (2x) | AF104: 2 | AM104: =SUM(AF104:AL104)+AT104+AV104+AX104 -> 2 | AR104: =SUM(AN104:AQ104) -> 0 | BA104: =+AR104+AS104+AU104+AW104+AY104+AZ104 -> 0 | BB104: 2
AD105: =+AM105+BA105 -> 21 | AE105: - Change Blade (12x) | AG105: 21 | AM105: =SUM(AF105:AL105)+AT105+AV105+AX105 -> 21 | AR105: =SUM(AN105:AQ105) -> 0 | BA105: =+AR105+AS105+AU105+AW105+AY105+AZ105 -> 0 | BC105: 12
AD106: =+AM106+BA106 -> 17 | AE106: - Cleaning | AH106: 17 | AM106: =SUM(AF106:AL106)+AT106+AV106+AX106 -> 17 | AR106: =SUM(AN106:AQ106) -> 0 | BA106: =+AR106+AS106+AU106+AW106+AY106+AZ106 -> 0
A108: 45951 | B108: Napkin | C108: =(M108*E108*O108*Q108)/100000000 -> 9.6460612 | D108: RC BR | E108: 15.5 | F108: 1 | G108: 830 | H108: 0.14 | I108: 0.88 | J108: =E108*G108*(1-H108)*1440/1000000*3.4 -> 54.168854 | K108: =(IF(G108<L108,L108,G108)*(1-IF(H108<N108,H108,N108))*E108*O108*Q108)/100000000 -> 9.6460612 | L108: 830 | M108: =+L108-L108*0.14 -> 713.8 | N108: =1-(M108/L108) -> 0.14 | O108: =+'Trim Rwd'!H68 -> 329 | P108: =O108*(Q108-R108-S108) -> 84882 | Q108: =240+25 -> 265 | R108: 0 | S108: 7 | T108: =E108*M108*O108*Q108/100000000 -> 9.6460612 | U108: =E108*M108*O108*(Q108-R108-S108)/100000000 -> 9.3912596 | V108: =E108*G108*(1-N108)*O108/100*(R108+S108)/1000000 -> 0.25480162 | W108: =+'21'!K21/1000 -> 11.215 | X108: =SUM(W108:W111)/SUM(K108:K111) -> 0.89679114 | Y108: 0 | Z108: 0 | AA108: =SUM(U108:U111)-SUM(W108:W111)-SUM(Z108:Z111)-SUM(Y108:Y111) -> 3.1732003 | AB108: =(SUM(K108:K111)-SUM(W108:W111)-SUM(Y108:Y111)-SUM(Z108:Z111)-SUM(AC108:AC111)-SUM(V108:V111))-AA108 -> -4.4408921e-15 | AC108: =K108-T108 -> 0 | AD108: =+AM108+BA108 -> 7 | AE108: - Sheet Breaks (3x) | AF108: 7 | AM108: =SUM(AF108:AL108)+AT108+AV108+AX108 -> 7 | AR108: =SUM(AN108:AQ108) -> 0 | BA108: =+AR108+AS108+AU108+AW108+AY108+AZ108 -> 0 | BB108: 3
B109: Napkin | C109: =(M109*E109*O109*Q109)/100000000 -> 41.47849 | D109: RC BR | E109: 17 | F109: 1 | G109: 830 | H109: 0.14 | I109: 0.88 | J109: =E109*G109*(1-H109)*1440/1000000*3.4 -> 59.411002 | K109: =(IF(G109<L109,L109,G109)*(1-IF(H109<N109,H109,N109))*E109*O109*Q109)/100000000 -> 41.47849 | L109: 830 | M109: =+L109-L109*0.14 -> 713.8 | N109: =1-(M109/L109) -> 0.14 | O109: =+'Trim Rwd'!H69 -> 324 | P109: =O109*(Q109-R109-S109) -> 326592 | Q109: =480-Q108+480+360 -> 1055 | R109: 0 | S109: 47 | T109: =E109*M109*O109*Q109/100000000 -> 41.47849 | U109: =E109*M109*O109*(Q109-R109-S109)/100000000 -> 39.630633 | V109: =E109*G109*(1-N109)*O109/100*(R109+S109)/1000000 -> 1.8478569 | W109: =+'21'!K19/1000 -> 33.846 | Z109: 0 | AC109: =K109-T109 -> 0 | AD109: =+AM109+BA109 -> 27 | AE109: - Change Blade (10x) | AG109: 27 | AM109: =SUM(AF109:AL109)+AT109+AV109+AX109 -> 27 | AR109: =SUM(AN109:AQ109) -> 0 | BA109: =+AR109+AS109+AU109+AW109+AY109+AZ109 -> 0 | BC109: 10
B110: Napkin | C110: =(M110*E110*O110*Q110)/100000000 -> 4.3855872 | D110: RC BR | E110: 16 | F110: 1 | G110: 830 | H110: 0.14 | I110: 0.88 | J110: =E110*G110*(1-H110)*1440/1000000*3.4 -> 55.916237 | K110: =(IF(G110<L110,L110,G110)*(1-IF(H110<N110,H110,N110))*E110*O110*Q110)/100000000 -> 4.3855872 | L110: 830 | M110: =+L110-L110*0.14 -> 713.8 | N110: =1-(M110/L110) -> 0.14 | O110: =+'Trim Rwd'!H70 -> 320 | P110: =O110*(Q110-R110-S110) -> 36480 | Q110: 120 | R110: 0 | S110: 6 | T110: =E110*M110*O110*Q110/100000000 -> 4.3855872 | U110: =E110*M110*O110*(Q110-R110-S110)/100000000 -> 4.1663078 | V110: =E110*G110*(1-N110)*O110/100*(R110+S110)/1000000 -> 0.21927936 | W110: =+'21'!K20/1000 -> 4.72 | Z110: =+'21'!D34/1000 -> 0.234 | AC110: =K110-T110 -> 0 | AD110: =+AM110+BA110 -> 16 | AE110: - Cleaning | AH110: 16 | AM110: =SUM(AF110:AL110)+AT110+AV110+AX110 -> 16 | AR110: =SUM(AN110:AQ110) -> 0 | BA110: =+AR110+AS110+AU110+AW110+AY110+AZ110 -> 0
AD111: =+AM111+BA111 -> 10 | AE111: - Change Grade | AI111: 10 | AM111: =SUM(AF111:AL111)+AT111+AV111+AX111 -> 10 | AR111: =SUM(AN111:AQ111) -> 0 | BA111: =+AR111+AS111+AU111+AW111+AY111+AZ111 -> 0
A113: 45952 | B113: Napkin | C113: =(M113*E113*O113*Q113)/100000000 -> 15.715021 | D113: RC BR | E113: 16 | F113: 1 | G113: 830 | H113: 0.14 | I113: 0.88 | J113: =E113*G113*(1-H113)*1440/1000000*3.4 -> 55.916237 | K113: =(IF(G113<L113,L113,G113)*(1-IF(H113<N113,H113,N113))*E113*O113*Q113)/100000000 -> 15.715021 | L113: 830 | M113: =+L113-L113*0.14 -> 713.8 | N113: =1-(M113/L113) -> 0.14 | O113: =+'Trim Rwd'!H72 -> 320 | P113: =O113*(Q113-R113-S113) -> 134080 | Q113: 430 | R113: 0 | S113: 11 | T113: =E113*M113*O113*Q113/100000000 -> 15.715021 | U113: =E113*M113*O113*(Q113-R113-S113)/100000000 -> 15.313009 | V113: =E113*G113*(1-N113)*O113/100*(R113+S113)/1000000 -> 0.40201216 | W113: =+'22'!K20/1000 -> 17.297 | X113: =SUM(W113:W116)/SUM(K113:K116) -> 0.81392114 | Y113: 0 | Z113: 0 | AA113: =SUM(U113:U116)-SUM(W113:W116)-SUM(Z113:Z116)-SUM(Y113:Y116) -> 9.1231137 | AB113: =(SUM(K113:K116)-SUM(W113:W116)-SUM(Y113:Y116)-SUM(Z113:Z116)-SUM(AC113:AC116)-SUM(V113:V116))-AA113 -> 0 | AC113: =K113-T113 -> 0 | AD113: =+AM113+BA113 -> 0 | AE113: - Sheet Breaks (0x) | AF113: 0 | AM113: =SUM(AF113:AL113)+AT113+AV113+AX113 -> 0 | AR113: =SUM(AN113:AQ113) -> 0 | BA113: =+AR113+AS113+AU113+AW113+AY113+AZ113 -> 0 | BB113: 0
B114: Towel | C114: =(M114*E114*O114*Q114)/100000000 -> 15.931485 | D114: RC BR | E114: 19 | F114: 1 | G114: 830 | H114: 0.12 | I114: 0.88 | J114: =E114*G114*(1-H114)*1440/1000000*3.4 -> 67.94473 | K114: =(IF(G114<L114,L114,G114)*(1-IF(H114<N114,H114,N114))*E114*O114*Q114)/100000000 -> 15.931485 | L114: 830 | M114: =+L114-L114*0.12 -> 730.4 | N114: =1-(M114/L114) -> 0.12 | O114: =+'Trim Rwd'!H73 -> 328 | P114: =O114*(Q114-R114-S114) -> 110208 | Q114: 350 | R114: 0 | S114: 14 | T114: =E114*M114*O114*Q114/100000000 -> 15.931485 | U114: =E114*M114*O114*(Q114-R114-S114)/100000000 -> 15.294225 | V114: =E114*G114*(1-N114)*O114/100*(R114+S114)/1000000 -> 0.63725939 | W114: =+'22'!K22/1000 -> 13.803 | Z114: =+'22'!D17/1000 -> 1.058 | AC114: =K114-T114 -> 0 | AD114: =+AM114+BA114 -> 11 | AE114: - Change Blade (6x) | AG114: 11 | AM114: =SUM(AF114:AL114)+AT114+AV114+AX114 -> 11 | AR114: =SUM(AN114:AQ114) -> 0 | BA114: =+AR114+AS114+AU114+AW114+AY114+AZ114 -> 0 | BC114: 6
B115: Towel | C115: =(M115*E115*O115*Q115)/100000000 -> 31.471403 | D115: RC BR | E115: 30.5 | F115: 1 | G115: 540 | H115: 0.12 | I115: 0.88 | J115: =E115*G115*(1-H115)*1440/1000000*3.4 -> 70.960666 | K115: =(IF(G115<L115,L115,G115)*(1-IF(H115<N115,H115,N115))*E115*O115*Q115)/100000000 -> 31.471403 | L115: 540 | M115: =+L115-L115*0.12 -> 475.2 | N115: =1-(M115/L115) -> 0.12 | O115: =+'Trim Rwd'!H74 -> 329 | P115: =O115*(Q115-R115-S115) -> 213521 | Q115: 660 | R115: 0 | S115: 11 | T115: =E115*M115*O115*Q115/100000000 -> 31.471403 | U115: =E115*M115*O115*(Q115-R115-S115)/100000000 -> 30.94688 | V115: =E115*G115*(1-N115)*O115/100*(R115+S115)/1000000 -> 0.52452338 | W115: =+'22'!K23/1000 -> 20.273 | AC115: =K115-T115 -> 0 | AD115: =+AM115+BA115 -> 14 | AE115: - Cleaning | AH115: 14 | AM115: =SUM(AF115:AL115)+AT115+AV115+AX115 -> 14 | AR115: =SUM(AN115:AQ115) -> 0 | BA115: =+AR115+AS115+AU115+AW115+AY115+AZ115 -> 0
AD116: =+AM116+BA116 -> 11 | AE116: - Change Grade | AI116: 11 | AM116: =SUM(AF116:AL116)+AT116+AV116+AX116 -> 11 | AR116: =SUM(AN116:AQ116) -> 0 | BA116: =+AR116+AS116+AU116+AW116+AY116+AZ116 -> 0
A118: 45953 | B118: Towel | C118: =(M118*E118*O118*Q118)/100000000 -> 68.664879 | D118: RC BR | E118: 30.5 | F118: 1 | G118: 540 | H118: 0.12 | I118: 0.88 | J118: =E118*G118*(1-H118)*1440/1000000*3.4 -> 70.960666 | K118: =(IF(G118<L118,L118,G118)*(1-IF(H118<N118,H118,N118))*E118*O118*Q118)/100000000 -> 68.664879 | L118: 540 | M118: 475.2 | N118: =1-(M118/L118) -> 0.12 | O118: =+'Trim Rwd'!H76 -> 329 | P118: =O118*(Q118-R118-S118) -> 469483 | Q118: 1440 | R118: 0 | S118: 13 | T118: =E118*M118*O118*Q118/100000000 -> 68.664879 | U118: =E118*M118*O118*(Q118-R118-S118)/100000000 -> 68.044988 | V118: =E118*G118*(1-N118)*O118/100*(R118+S118)/1000000 -> 0.61989127 | W118: =+'23'!K34/1000 -> 70.382 | X118: =SUM(W118:W121)/SUM(K118:K121) -> 1.0250073 | Y118: 0 | Z118: =+'23'!D34/1000 -> 1.4 | AA118: =SUM(U118:U121)-SUM(W118:W121)-SUM(Z118:Z121)-SUM(Y118:Y121) -> -3.7370119 | AB118: =(SUM(K118:K121)-SUM(W118:W121)-SUM(Y118:Y121)-SUM(Z118:Z121)-SUM(AC118:AC121)-SUM(V118:V121))-AA118 -> 1.8207658e-14 | AC118: =K118-T118 -> 0 | AD118: =+AM118+BA118 -> 0 | AE118: - Sheet Breaks (0x) | AF118: 0 | AM118: =SUM(AF118:AL118)+AT118+AV118+AX118 -> 0 | AR118: =SUM(AN118:AQ118) -> 0 | BA118: =+AR118+AS118+AU118+AW118+AY118+AZ118 -> 0 | BB118: 0
AD119: =+AM119+BA119 -> 3 | AE119: - Change Blade (2x) | AG119: 3 | AM119: =SUM(AF119:AL119)+AT119+AV119+AX119 -> 3 | AR119: =SUM(AN119:AQ119) -> 0 | BA119: =+AR119+AS119+AU119+AW119+AY119+AZ119 -> 0 | BC119: 2
AD120: =+AM120+BA120 -> 10 | AE120: - Cleaning | AH120: 10 | AM120: =SUM(AF120:AL120)+AT120+AV120+AX120 -> 10 | AR120: =SUM(AN120:AQ120) -> 0 | BA120: =+AR120+AS120+AU120+AW120+AY120+AZ120 -> 0
A122: 45954 | B122: Towel | C122: =(M122*E122*O122*Q122)/100000000 -> 2.6226169 | D122: RC BR | E122: 30.5 | F122: 1 | G122: 540 | H122: 0.12 | I122: 0.88 | J122: =E122*G122*(1-H122)*1440/1000000*3.4 -> 70.960666 | K122: =(IF(G122<L122,L122,G122)*(1-IF(H122<N122,H122,N122))*E122*O122*Q122)/100000000 -> 2.6226169 | L122: 540 | M122: 475.2 | N122: =1-(M122/L122) -> 0.12 | O122: =+'Trim Rwd'!H78 -> 329 | P122: =O122*(Q122-R122-S122) -> 17766 | Q122: 55 | R122: 0 | S122: 1 | T122: =E122*M122*O122*Q122/100000000 -> 2.6226169 | U122: =E122*M122*O122*(Q122-R122-S122)/100000000 -> 2.574933 | V122: =E122*G122*(1-N122)*O122/100*(R122+S122)/1000000 -> 0.047683944 | W122: =+'24'!K23/1000 -> 8.356 | X122: =SUM(W122:W125)/SUM(K122:K125) -> 0.98454249 | Y122: 0 | Z122: 0 | AA122: =SUM(U122:U125)-SUM(W122:W125)-SUM(Z122:Z125)-SUM(Y122:Y125) -> -0.24053509 | AB122: =(SUM(K122:K125)-SUM(W122:W125)-SUM(Y122:Y125)-SUM(Z122:Z125)-SUM(AC122:AC125)-SUM(V122:V125))-AA122 -> 0.023549902 | AC122: =K122-T122 -> 0 | AD122: =+AM122+BA122 -> 0 | AE122: - Sheet Breaks (0x) | AF122: 0 | AM122: =SUM(AF122:AL122)+AT122+AV122+AX122 -> 0 | AR122: =SUM(AN122:AQ122) -> 0 | BA122: =+AR122+AS122+AU122+AW122+AY122+AZ122 -> 0 | BB122: 0
B123: Towel | C123: =(M123*E123*O123*Q123)/100000000 -> 67.951279 | D123: RC BR | E123: 34 | F123: 1 | G123: 480 | H123: 0.12 | I123: 0.88 | J123: =E123*G123*(1-H123)*1440/1000000*3.4 -> 70.314394 | K123: =(IF(G123<L123,L123,G123)*(1-IF(H123<N123,H123,N123))*E123*O123*Q123)/100000000 -> 67.951279 | L123: 500 | M123: 440 | N123: =1-(M123/L123) -> 0.12 | O123: =+'Trim Rwd'!H79 -> 327.95652 | P123: =O123*(Q123-R123-S123) -> 450284.3 | Q123: 1385 | R123: 0 | S123: 12 | T123: =E123*M123*O123*Q123/100000000 -> 67.951279 | U123: =E123*M123*O123*(Q123-R123-S123)/100000000 -> 67.362532 | V123: =E123*G123*(1-N123)*O123/100*(R123+S123)/1000000 -> 0.56519765 | W123: =+'24'!K24/1000 -> 61.127 | Z123: =+'24'!D34/1000 -> 0.695 | AC123: =K123-T123 -> 0 | AD123: =+AM123+BA123 -> 3 | AE123: - Change Blade (1x) | AG123: 3 | AM123: =SUM(AF123:AL123)+AT123+AV123+AX123 -> 3 | AR123: =SUM(AN123:AQ123) -> 0 | BA123: =+AR123+AS123+AU123+AW123+AY123+AZ123 -> 0 | BC123: 1
AD124: =+AM124+BA124 -> 8 | AE124: - Cleaning | AH124: 8 | AM124: =SUM(AF124:AL124)+AT124+AV124+AX124 -> 8 | AR124: =SUM(AN124:AQ124) -> 0 | BA124: =+AR124+AS124+AU124+AW124+AY124+AZ124 -> 0
...

Sheet Efficiency2
A1: PM12 Efficiency Running Report
A3: Date | B3: Grade | C3: Speed real (ton) with Available Time | D3: Colour | E3: gsm | F3: Ply | G3: Standard | L3: Real Running | O3: Trim Rewinder (cm) | P3: Trim Rewinder x Running Time | Q3: Available Time (mnt) | R3: Down Time (mnt) | S3: Loss Time (mnt) | T3: Real Speed & Real Creepe Ratio with Available Time (ton) | U3: Real Speed & Real Creepe Ratio setelah dipotong DT & LT (ton) | V3: Loss tonase akibat DT + LT dari hitungan Teori with available time (ton) | W3: Accepted (ton) | X3: Real Eff dr Target Eff | Y3: Backlog | Z3: Reject Rewinder (ton) | AA3: Estimasi Reject to Broke Plant (ton) | AB3: Estimasi Faktor BW (ton) | AC3: Loss Opportunity in Speed (ton) | AD3: Downtime/ Losstime | AE3: Reason of Downtime / Losstime | AF3: Loss Time | AM3: Total Losstime | AN3: Unschedule Shut Down (mnt) | AS3: Schedule Shut Down | AT3: Marketing | AV3: EXT FACTOR | AX3: EXT FACTOR | AZ3: MANAGEMENT | BA3: Total Down Time | BB3: Freq. Sheets Break (X) | BC3: Freq. Change Blade (X) | BD3: Steam, & gangguan sinergy (X) | BE3: Freq, Trip PLN (X) | BF3: Cleaning Holes (X)
AF4: Proses | AI4: Change Grade | AJ4: Mekanik | AK4: Electric & Instrument | AL4: Boiler | AN4: Down Time Produksi | AO4: Mekanik | AP4: Electrical & Instrument | AQ4: Boiler | AR4: Total Unschedule Shut Down | AV4: LOSS | AW4: DOWN TIME | AX4: LOSS | AY4: DOWN TIME
G5: Yankee Speed (mpm) | H5: Max % Creeping | I5: Target Eff | J5: Kapasitas PM-Teori (ton) | K5: Teori (ton) with Available Time | L5: Yankee Speed (mpm) | M5: Popereel Speed (mpm) | N5: % Creeping | AF5: sheet break | AG5: change blade | AH5: change spool | AT5: Loss time | AU5: Down Time | AV5: SINERGY | AW5: SINERGY | AX5: PLN | AY5: PLN
A6: =+Report1!A9 -> 45931 | B6: Towel | C6: =(M6*E6*O6*Q6)/100000000 -> 0 | D6: RC BR | E6: 34 | F6: 1 | G6: 480 | H6: 0.12 | I6: 0.88 | J6: =E6*G6*(1-H6)*1440/1000000*3.4 -> 70.314394 | K6: =(IF(G6<L6,L6,G6)*(1-IF(H6<N6,H6,N6))*E6*O6*Q6)/100000000 -> 0 | L6: 480 | M6: =+L6-L6*0.12 -> 422.4 | N6: =1-(M6/L6) -> 0.12 | O6: =+'Trim Rwd'!H4 -> 337 | P6: =O6*(Q6-R6-S6) -> 0 | Q6: =1440-1440 -> 0 | R6: =1440-1440 -> 0 | S6: 0 | T6: =E6*M6*O6*Q6/100000000 -> 0 | U6: =E6*M6*O6*(Q6-R6-S6)/100000000 -> 0 | V6: =E6*G6*(1-N6)*O6/100*(R6+S6)/1000000 -> 0 | W6: =+'1'!K7/1000 -> 0 | X6: =SUM(W6:W9)/SUM(K6:K9) -> #DIV/0! | Y6: 0 | Z6: 0 | AA6: =SUM(U6:U9)-SUM(W6:W9)-SUM(Z6:Z9)-SUM(Y6:Y9) -> 0 | AB6: =(SUM(K6:K9)-SUM(W6:W9)-SUM(Y6:Y9)-SUM(Z6:Z9)-SUM(AC6:AC9)-SUM(V6:V9))-AA6 -> 0 | AC6: =K6-T6 -> 0 | AD6: =+AM6+BA6 -> 0 | AE6: - Sheet Breaks (0x) | AF6: 0 | AM6: =SUM(AF6:AL6)+AT6+AV6+AX6 -> 0 | AR6: =SUM(AN6:AQ6) -> 0 | BA6: =+AR6+AS6+AU6+AW6+AY6+AZ6 -> 0 | BB6: 0
AD7: =+AM7+BA7 -> 0 | AE7: - Change Blade (0x) | AG7: 0 | AM7: =SUM(AF7:AL7)+AT7+AV7+AX7 -> 0 | AR7: =SUM(AN7:AQ7) -> 0 | BA7: =+AR7+AS7+AU7+AW7+AY7+AZ7 -> 0 | BC7: 0
AD8: =+AM8+BA8 -> 0 | AE8: - Cleaning | AH8: 0 | AM8: =SUM(AF8:AL8)+AT8+AV8+AX8 -> 0 | AR8: =SUM(AN8:AQ8) -> 0 | BA8: =+AR8+AS8+AU8+AW8+AY8+AZ8 -> 0
AD9: =+AM9+BA9 -> 0 | AE9: - PM stop boilout ganti grade | AM9: =SUM(AF9:AL9)+AT9+AV9+AX9 -> 0 | AR9: =SUM(AN9:AQ9) -> 0 | AU9: =1440-1440 -> 0 | BA9: =+AR9+AS9+AU9+AW9+AY9+AZ9 -> 0
A11: 45932 | B11: Towel | C11: =(M11*E11*O11*Q11)/100000000 -> 45.317627 | D11: RC HW | E11: 17 | F11: 1 | G11: 830 | H11: 0.15 | I11: 0.88 | J11: =E11*G11*(1-H11)*1440/1000000*3.4 -> 58.720176 | K11: =(IF(G11<L11,L11,G11)*(1-IF(H11<N11,H11,N11))*E11*O11*Q11)/100000000 -> 46.305634 | L11: 812.2906 | M11: 698.56991 | N11: =1-(M11/L11) -> 0.14 | O11: =+'Trim Rwd'!H6 -> 318 | P11: =O11*(Q11-R11-S11) -> 366654 | Q11: =1440-240 -> 1200 | R11: =240-240 -> 0 | S11: 47 | T11: =E11*M11*O11*Q11/100000000 -> 45.317627 | U11: =E11*M11*O11*(Q11-R11-S11)/100000000 -> 43.542687 | V11: =E11*G11*(1-N11)*O11/100*(R11+S11)/1000000 -> 1.8136373 | W11: =+'2'!K34/1000 -> 35.399 | X11: =SUM(W11:W14)/SUM(K11:K14) -> 0.76446422 | Y11: 0 | Z11: 0 | AA11: =SUM(U11:U14)-SUM(W11:W14)-SUM(Z11:Z14)-SUM(Y11:Y14) -> 8.1436871 | AB11: =(SUM(K11:K14)-SUM(W11:W14)-SUM(Y11:Y14)-SUM(Z11:Z14)-SUM(AC11:AC14)-SUM(V11:V14))-AA11 -> -0.038696906 | AC11: =K11-T11 -> 0.9880061 | AD11: =+AM11+BA11 -> 8 | AE11: - Sheet Breaks (2x) | AF11: 8 | AM11: =SUM(AF11:AL11)+AT11+AV11+AX11 -> 8 | AR11: =SUM(AN11:AQ11) -> 0 | BA11: =+AR11+AS11+AU11+AW11+AY11+AZ11 -> 0 | BB11: 0
AD12: =+AM12+BA12 -> 19 | AE12: - Change Blade (5x) | AG12: 19 | AM12: =SUM(AF12:AL12)+AT12+AV12+AX12 -> 19 | AR12: =SUM(AN12:AQ12) -> 0 | BA12: =+AR12+AS12+AU12+AW12+AY12+AZ12 -> 0 | BC12: 2
AD13: =+AM13+BA13 -> 20 | AE13: - Cleaning | AH13: 20 | AM13: =SUM(AF13:AL13)+AT13+AV13+AX13 -> 20 | AR13: =SUM(AN13:AQ13) -> 0 | BA13: =+AR13+AS13+AU13+AW13+AY13+AZ13 -> 0
AD14: =+AM14+BA14 -> 0 | AE14: - PM stop boilout ganti grade | AM14: =SUM(AF14:AL14)+AT14+AV14+AX14 -> 0 | AR14: =SUM(AN14:AQ14) -> 0 | AU14: =240-240 -> 0 | BA14: =+AR14+AS14+AU14+AW14+AY14+AZ14 -> 0
A16: 45933 | B16: Towel | C16: =(M16*E16*O16*Q16)/100000000 -> 0.38588028 | D16: RC HW | E16: 17 | F16: 1 | G16: 830 | H16: 0.15 | I16: 0.88 | J16: =E16*G16*(1-H16)*1440/1000000*3.4 -> 58.720176 | K16: =(IF(G16<L16,L16,G16)*(1-IF(H16<N16,H16,N16))*E16*O16*Q16)/100000000 -> 0.38588028 | L16: 830 | M16: =+L16-L16*0.14 -> 713.8 | N16: =1-(M16/L16) -> 0.14 | O16: =+'Trim Rwd'!H8 -> 318 | P16: =O16*(Q16-R16-S16) -> 3180 | Q16: 10 | R16: 0 | S16: 0 | T16: =E16*M16*O16*Q16/100000000 -> 0.38588028 | U16: =E16*M16*O16*(Q16-R16-S16)/100000000 -> 0.38588028 | V16: =E16*G16*(1-N16)*O16/100*(R16+S16)/1000000 -> 0 | W16: =+'3'!K7/1000 -> 4.094 | X16: =SUM(W16:W19)/SUM(K16:K19) -> 0.89617874 | Y16: 0 | Z16: 0 | AA16: =SUM(U16:U19)-SUM(W16:W19)-SUM(Z16:Z19)-SUM(Y16:Y19) -> 2.4384486 | AB16: =(SUM(K16:K19)-SUM(W16:W19)-SUM(Y16:Y19)-SUM(Z16:Z19)-SUM(AC16:AC19)-SUM(V16:V19))-AA16 -> 0 | AC16: =K16-T16 -> 0 | AD16: =+AM16+BA16 -> 3 | AE16: - Sheet Breaks (1x) | AF16: 3 | AM16: =SUM(AF16:AL16)+AT16+AV16+AX16 -> 3 | AR16: =SUM(AN16:AQ16) -> 0 | BA16: =+AR16+AS16+AU16+AW16+AY16+AZ16 -> 0 | BB16: 0
B17: Napkin | C17: =(M17*E17*O17*Q17)/100000000 -> 58.794278 | D17: RC HW | E17: 18 | F17: 1 | G17: 830 | H17: 0.15 | I17: 0.88 | J17: =E17*G17*(1-H17)*1440/1000000*3.4 -> 62.174304 | K17: =(IF(G17<L17,L17,G17)*(1-IF(H17<N17,H17,N17))*E17*O17*Q17)/100000000 -> 58.794278 | L17: 830 | M17: =+L17-L17*0.14 -> 713.8 | N17: =1-(M17/L17) -> 0.14 | O17: =+'Trim Rwd'!H9 -> 320 | P17: =O17*(Q17-R17-S17) -> 444480 | Q17: 1430 | R17: 0 | S17: 41 | T17: =E17*M17*O17*Q17/100000000 -> 58.794278 | U17: =E17*M17*O17*(Q17-R17-S17)/100000000 -> 57.108568 | V17: =E17*G17*(1-N17)*O17/100*(R17+S17)/1000000 -> 1.6857101 | W17: =+'3'!K8/1000 -> 48.942 | Z17: =+'3'!D34/1000 -> 2.02 | AC17: =K17-T17 -> 0 | AD17: =+AM17+BA17 -> 10 | AE17: - Change Blade (3x) | AG17: 10 | AM17: =SUM(AF17:AL17)+AT17+AV17+AX17 -> 10 | AR17: =SUM(AN17:AQ17) -> 0 | BA17: =+AR17+AS17+AU17+AW17+AY17+AZ17 -> 0 | BC17: 2
AD18: =+AM18+BA18 -> 20 | AE18: - Cleaning | AH18: 20 | AM18: =SUM(AF18:AL18)+AT18+AV18+AX18 -> 20 | AR18: =SUM(AN18:AQ18) -> 0 | BA18: =+AR18+AS18+AU18+AW18+AY18+AZ18 -> 0
AD19: =+AM19+BA19 -> 8 | AE19: - Change Grade | AI19: 8 | AM19: =SUM(AF19:AL19)+AT19+AV19+AX19 -> 8 | AR19: =SUM(AN19:AQ19) -> 0 | BA19: =+AR19+AS19+AU19+AW19+AY19+AZ19 -> 0
A21: 45934 | B21: Napkin | C21: =(M21*E21*O21*Q21)/100000000 -> 59.205427 | D21: RC HW | E21: 18 | F21: 1 | G21: 830 | H21: 0.15 | I21: 0.88 | J21: =E21*G21*(1-H21)*1440/1000000*3.4 -> 62.174304 | K21: =(IF(G21<L21,L21,G21)*(1-IF(H21<N21,H21,N21))*E21*O21*Q21)/100000000 -> 59.205427 | L21: 830 | M21: =+L21-L21*0.14 -> 713.8 | N21: =1-(M21/L21) -> 0.14 | O21: =+'Trim Rwd'!H11 -> 320 | P21: =O21*(Q21-R21-S21) -> 353280 | Q21: 1440 | R21: 286 | S21: 50 | T21: =E21*M21*O21*Q21/100000000 -> 59.205427 | U21: =E21*M21*O21*(Q21-R21-S21)/100000000 -> 45.390828 | V21: =E21*G21*(1-N21)*O21/100*(R21+S21)/1000000 -> 13.8146 | W21: =+'4'!K34/1000 -> 32.671 | X21: =SUM(W21:W24)/SUM(K21:K24) -> 0.55182441 | Y21: 0 | Z21: =+'4'!D34/1000 -> 4.767 | AA21: =SUM(U21:U24)-SUM(W21:W24)-SUM(Z21:Z24)-SUM(Y21:Y24) -> 7.9528275 | AB21: =(SUM(K21:K24)-SUM(W21:W24)-SUM(Y21:Y24)-SUM(Z21:Z24)-SUM(AC21:AC24)-SUM(V21:V24))-AA21 -> 0 | AC21: =K21-T21 -> 0 | AD21: =+AM21+BA21 -> 9 | AE21: - Sheet Breaks (5x) | AF21: 9 | AM21: =SUM(AF21:AL21)+AT21+AV21+AX21 -> 9 | AR21: =SUM(AN21:AQ21) -> 0 | BA21: =+AR21+AS21+AU21+AW21+AY21+AZ21 -> 0 | BB21: 5
AD22: =+AM22+BA22 -> 21 | AE22: - Change Blade (6x) | AG22: 21 | AM22: =SUM(AF22:AL22)+AT22+AV22+AX22 -> 21 | AR22: =SUM(AN22:AQ22) -> 0 | BA22: =+AR22+AS22+AU22+AW22+AY22+AZ22 -> 0 | BC22: 6
AD23: =+AM23+BA23 -> 20 | AE23: - Cleaning | AH23: 20 | AM23: =SUM(AF23:AL23)+AT23+AV23+AX23 -> 20 | AR23: =SUM(AN23:AQ23) -> 0 | BA23: =+AR23+AS23+AU23+AW23+AY23+AZ23 -> 0
AD24: =+AM24+BA24 -> 286 | AE24: - 07.50 - 09.36 PM Stop (ada hole, cleaning felt) | AM24: =SUM(AF24:AL24)+AT24+AV24+AX24 -> 0 | AN24: 286 | AR24: =SUM(AN24:AQ24) -> 286 | BA24: =+AR24+AS24+AU24+AW24+AY24+AZ24 -> 286 | BF24: 1
A26: 45935 | B26: Napkin | C26: =(M26*E26*O26*Q26)/100000000 -> 38.031264 | D26: RC HW | E26: 18 | F26: 1 | G26: 830 | H26: 0.15 | I26: 0.88 | J26: =E26*G26*(1-H26)*1440/1000000*3.4 -> 62.174304 | K26: =(IF(G26<L26,L26,G26)*(1-IF(H26<N26,H26,N26))*E26*O26*Q26)/100000000 -> 38.031264 | L26: 830 | M26: =+L26-L26*0.14 -> 713.8 | N26: =1-(M26/L26) -> 0.14 | O26: =+'Trim Rwd'!H13 -> 320 | P26: =O26*(Q26-R26-S26) -> 222400 | Q26: 925 | R26: 200 | S26: 30 | T26: =E26*M26*O26*Q26/100000000 -> 38.031264 | U26: =E26*M26*O26*(Q26-R26-S26)/100000000 -> 28.574842 | V26: =E26*G26*(1-N26)*O26/100*(R26+S26)/1000000 -> 9.4564224 | W26: =+'5'!K8/1000 -> 22.361 | X26: =SUM(W26:W29)/SUM(K26:K29) -> 0.71890526 | Y26: 0 | Z26: =+'5'!D34/1000 -> 3.238 | AA26: =SUM(U26:U29)-SUM(W26:W29)-SUM(Z26:Z29)-SUM(Y26:Y29) -> 4.1092416 | AB26: =(SUM(K26:K29)-SUM(W26:W29)-SUM(Y26:Y29)-SUM(Z26:Z29)-SUM(AC26:AC29)-SUM(V26:V29))-AA26 -> 0 | AC26: =K26-T26 -> 0 | AD26: =+AM26+BA26 -> 2 | AE26: - Sheet Breaks (1x) | AF26: 2 | AM26: =SUM(AF26:AL26)+AT26+AV26+AX26 -> 2 | AR26: =SUM(AN26:AQ26) -> 0 | BA26: =+AR26+AS26+AU26+AW26+AY26+AZ26 -> 0 | BB26: 5
B27: Napkin | C27: =(M27*E27*O27*Q27)/100000000 -> 24.262062 | D27: RC HW | E27: 20 | F27: 1 | G27: 830 | H27: 0.15 | I27: 0.88 | J27: =E27*G27*(1-H27)*1440/1000000*3.4 -> 69.08256 | K27: =(IF(G27<L27,L27,G27)*(1-IF(H27<N27,H27,N27))*E27*O27*Q27)/100000000 -> 24.262062 | L27: 830 | M27: =+L27-L27*0.14 -> 713.8 | N27: =1-(M27/L27) -> 0.14 | O27: =+'Trim Rwd'!H14 -> 330 | P27: =O27*(Q27-R27-S27) -> 165000 | Q27: 515 | R27: 0 | S27: 15 | T27: =E27*M27*O27*Q27/100000000 -> 24.262062 | U27: =E27*M27*O27*(Q27-R27-S27)/100000000 -> 23.5554 | V27: =E27*G27*(1-N27)*O27/100*(R27+S27)/1000000 -> 0.706662 | W27: =+'5'!K9/1000 -> 17.285 | AC27: =K27-T27 -> 0 | AD27: =+AM27+BA27 -> 19 | AE27: - Change Blade (4x) | AG27: 19 | AM27: =SUM(AF27:AL27)+AT27+AV27+AX27 -> 19 | AR27: =SUM(AN27:AQ27) -> 0 | BA27: =+AR27+AS27+AU27+AW27+AY27+AZ27 -> 0 | BC27: 6
W28: =+'5'!K7/1000 -> 5.137 | AD28: =+AM28+BA28 -> 19 | AE28: - Cleaning | AH28: 19 | AM28: =SUM(AF28:AL28)+AT28+AV28+AX28 -> 19 | AR28: =SUM(AN28:AQ28) -> 0 | BA28: =+AR28+AS28+AU28+AW28+AY28+AZ28 -> 0
AD29: =+AM29+BA29 -> 5 | AE29: - Change Grade | AI29: 5 | AM29: =SUM(AF29:AL29)+AT29+AV29+AX29 -> 5 | AR29: =SUM(AN29:AQ29) -> 0 | BA29: =+AR29+AS29+AU29+AW29+AY29+AZ29 -> 0
AD30: =+AM30+BA30 -> 200 | AE30: - 09.00 PM Stop (ada hole, cleaning felt) | AM30: =SUM(AF30:AL30)+AT30+AV30+AX30 -> 0 | AN30: 200 | AR30: =SUM(AN30:AQ30) -> 200 | BA30: =+AR30+AS30+AU30+AW30+AY30+AZ30 -> 200 | BF30: 1
A32: 45936 | B32: Napkin | C32: =(M32*E32*O32*Q32)/100000000 -> 52.122189 | D32: RC HW | E32: 20 | F32: 1 | G32: 830 | H32: 0.15 | I32: 0.88 | J32: =E32*G32*(1-H32)*1440/1000000*3.4 -> 69.08256 | K32: =(IF(G32<L32,L32,G32)*(1-IF(H32<N32,H32,N32))*E32*O32*Q32)/100000000 -> 52.122189 | L32: 830 | M32: =+L32-L32*0.14 -> 713.8 | N32: =1-(M32/L32) -> 0.14 | O32: =+'Trim Rwd'!H17 -> 329.21875 | P32: =O32*(Q32-R32-S32) -> 362799.06 | Q32: 1109 | R32: 0 | S32: 7 | T32: =E32*M32*O32*Q32/100000000 -> 52.122189 | U32: =E32*M32*O32*(Q32-R32-S32)/100000000 -> 51.793194 | V32: =E32*G32*(1-N32)*O32/100*(R32+S32)/1000000 -> 0.32899488 | W32: =+'6'!K9/1000 -> 54.194 | X32: =SUM(W32:W35)/SUM(K32:K35) -> 0.92244268 | Y32: 0 | Z32: 0 | AA32: =SUM(U32:U35)-SUM(W32:W35)-SUM(Z32:Z35)-SUM(Y32:Y35) -> 3.6889571 | AB32: =(SUM(K32:K35)-SUM(W32:W35)-SUM(Y32:Y35)-SUM(Z32:Z35)-SUM(AC32:AC35)-SUM(V32:V35))-AA32 -> -6.2172489e-15 | AC32: =K32-T32 -> 0 | AD32: =+AM32+BA32 -> 0 | AE32: - Sheet Breaks (0x) | AF32: 0 | AM32: =SUM(AF32:AL32)+AT32+AV32+AX32 -> 0 | AR32: =SUM(AN32:AQ32) -> 0 | BA32: =+AR32+AS32+AU32+AW32+AY32+AZ32 -> 0 | BB32: 0
B33: Napkin | C33: =(M33*E33*O33*Q33)/100000000 -> 5.2479718 | D33: RC HW | E33: 17 | F33: 1 | G33: 830 | H33: 0.15 | I33: 0.88 | J33: =E33*G33*(1-H33)*1440/1000000*3.4 -> 58.720176 | K33: =(IF(G33<L33,L33,G33)*(1-IF(H33<N33,H33,N33))*E33*O33*Q33)/100000000 -> 5.2479718 | L33: 830 | M33: =+L33-L33*0.14 -> 713.8 | N33: =1-(M33/L33) -> 0.14 | O33: =+'Trim Rwd'!H19 -> 318 | P33: =O33*(Q33-R33-S33) -> 39750 | Q33: 136 | R33: 0 | S33: 11 | T33: =E33*M33*O33*Q33/100000000 -> 5.2479718 | U33: =E33*M33*O33*(Q33-R33-S33)/100000000 -> 4.8235035 | V33: =E33*G33*(1-N33)*O33/100*(R33+S33)/1000000 -> 0.42446831 | W33: =+'6'!K10/1000 -> 5.253 | AC33: =K33-T33 -> 0 | AD33: =+AM33+BA33 -> 7 | AE33: - Change Blade (2x) | AG33: 7 | AM33: =SUM(AF33:AL33)+AT33+AV33+AX33 -> 7 | AR33: =SUM(AN33:AQ33) -> 0 | BA33: =+AR33+AS33+AU33+AW33+AY33+AZ33 -> 0 | BC33: 2
B34: Napkin | C34: =(M34*E34*O34*Q34)/100000000 -> 2.384663 | D34: RC HW | E34: 18 | F34: 1 | G34: 830 | H34: 0.15 | I34: 0.88 | J34: =E34*G34*(1-H34)*1440/1000000*3.4 -> 62.174304 | K34: =(IF(G34<L34,L34,G34)*(1-IF(H34<N34,H34,N34))*E34*O34*Q34)/100000000 -> 2.384663 | L34: 830 | M34: =+L34-L34*0.14 -> 713.8 | N34: =1-(M34/L34) -> 0.14 | O34: =+'Trim Rwd'!H20 -> 320 | P34: =O34*(Q34-R34-S34) -> 18560 | Q34: 58 | R34: 0 | S34: 0 | T34: =E34*M34*O34*Q34/100000000 -> 2.384663 | U34: =E34*M34*O34*(Q34-R34-S34)/100000000 -> 2.384663 | V34: =E34*G34*(1-N34)*O34/100*(R34+S34)/1000000 -> 0 | W34: =+'6'!K8/1000 -> 1.22 | AC34: =K34-T34 -> 0 | AD34: =+AM34+BA34 -> 11 | AE34: - Cleaning | AH34: 11 | AM34: =SUM(AF34:AL34)+AT34+AV34+AX34 -> 11 | AR34: =SUM(AN34:AQ34) -> 0 | BA34: =+AR34+AS34+AU34+AW34+AY34+AZ34 -> 0
B35: Napkin | C35: =(M35*E35*O35*Q35)/100000000 -> 6.0129484 | D35: RC HW | E35: 18.3 | F35: 1 | G35: 830 | H35: 0.15 | I35: 0.88 | J35: =E35*G35*(1-H35)*1440/1000000*3.4 -> 63.210542 | K35: =(IF(G35<L35,L35,G35)*(1-IF(H35<N35,H35,N35))*E35*O35*Q35)/100000000 -> 6.0129484 | L35: 830 | M35: =+L35-L35*0.14 -> 713.8 | N35: =1-(M35/L35) -> 0.14 | O35: =+'Trim Rwd'!H21 -> 336 | P35: =O35*(Q35-R35-S35) -> 40992 | Q35: 137 | R35: 0 | S35: 15 | T35: =E35*M35*O35*Q35/100000000 -> 6.0129484 | U35: =E35*M35*O35*(Q35-R35-S35)/100000000 -> 5.3545964 | V35: =E35*G35*(1-N35)*O35/100*(R35+S35)/1000000 -> 0.65835202 | W35: =+'6'!K11/1000 -> 0 | AC35: =K35-T35 -> 0 | AD35: =+AM35+BA35 -> 15 | AE35: - Change Grade | AI35: 15 | AM35: =SUM(AF35:AL35)+AT35+AV35+AX35 -> 15 | AR35: =SUM(AN35:AQ35) -> 0 | BA35: =+AR35+AS35+AU35+AW35+AY35+AZ35 -> 0
A37: 45937 | B37: Napkin | C37: =(M37*E37*O37*Q37)/100000000 -> 5.7057175 | D37: RC HW | E37: 18.3 | F37: 1 | G37: 830 | H37: 0.15 | I37: 0.88 | J37: =E37*G37*(1-H37)*1440/1000000*3.4 -> 63.210542 | K37: =(IF(G37<L37,L37,G37)*(1-IF(H37<N37,H37,N37))*E37*O37*Q37)/100000000 -> 5.7057175 | L37: 830 | M37: =+L37-L37*0.14 -> 713.8 | N37: =1-(M37/L37) -> 0.14 | O37: =+'Trim Rwd'!H23 -> 336 | P37: =O37*(Q37-R37-S37) -> 42000 | Q37: 130 | R37: 0 | S37: 5 | T37: =E37*M37*O37*Q37/100000000 -> 5.7057175 | U37: =E37*M37*O37*(Q37-R37-S37)/100000000 -> 5.4862668 | V37: =E37*G37*(1-N37)*O37/100*(R37+S37)/1000000 -> 0.21945067 | W37: =+'7'!K11/1000 -> 10.93 | X37: =SUM(W37:W40)/SUM(K37:K40) -> 1.0472504 | Y37: 0 | Z37: =+'7'!D7/1000 -> 0.552 | AA37: =SUM(U37:U40)-SUM(W37:W40)-SUM(Z37:Z40)-SUM(Y37:Y40) -> -5.429261 | AB37: =(SUM(K37:K40)-SUM(W37:W40)-SUM(Y37:Y40)-SUM(Z37:Z40)-SUM(AC37:AC40)-SUM(V37:V40))-AA37 -> -0.007111168 | AC37: =K37-T37 -> 0 | AD37: =+AM37+BA37 -> 0 | AE37: - Sheet Breaks (0x) | AF37: 0 | AM37: =SUM(AF37:AL37)+AT37+AV37+AX37 -> 0 | AR37: =SUM(AN37:AQ37) -> 0 | BA37: =+AR37+AS37+AU37+AW37+AY37+AZ37 -> 0 | BB37: 0
B38: Napkin | C38: =(M38*E38*O38*Q38)/100000000 -> 59.387142 | D38: RC HW | E38: 32 | F38: 1 | G38: 520 | H38: 0.14 | I38: 0.88 | J38: =E38*G38*(1-H38)*1440/1000000*3.4 -> 70.063718 | K38: =(IF(G38<L38,L38,G38)*(1-IF(H38<N38,H38,N38))*E38*O38*Q38)/100000000 -> 60.551596 | L38: 510 | M38: =+L38-L38*0.14 -> 438.6 | N38: =1-(M38/L38) -> 0.14 | O38: =+'Trim Rwd'!H24 -> 323 | P38: =O38*(Q38-R38-S38) -> 420546 | Q38: 1310 | R38: 0 | S38: 8 | T38: =E38*M38*O38*Q38/100000000 -> 59.387142 | U38: =E38*M38*O38*(Q38-R38-S38)/100000000 -> 59.024472 | V38: =E38*G38*(1-N38)*O38/100*(R38+S38)/1000000 -> 0.36978074 | W38: =+'7'!K12/1000 -> 58.458 | AC38: =K38-T38 -> 1.1644538 | AD38: =+AM38+BA38 -> 5 | AE38: - Change Blade (2x) | AG38: 5 | AM38: =SUM(AF38:AL38)+AT38+AV38+AX38 -> 5 | AR38: =SUM(AN38:AQ38) -> 0 | BA38: =+AR38+AS38+AU38+AW38+AY38+AZ38 -> 0 | BC38: 2
AD39: =+AM39+BA39 -> 4 | AE39: - Cleaning | AH39: 4 | AM39: =SUM(AF39:AL39)+AT39+AV39+AX39 -> 4 | AR39: =SUM(AN39:AQ39) -> 0 | BA39: =+AR39+AS39+AU39+AW39+AY39+AZ39 -> 0
AD40: =+AM40+BA40 -> 4 | AE40: - Change Grade | AI40: 4 | AM40: =SUM(AF40:AL40)+AT40+AV40+AX40 -> 4 | AR40: =SUM(AN40:AQ40) -> 0 | BA40: =+AR40+AS40+AU40+AW40+AY40+AZ40 -> 0
A42: 45938 | B42: Towel | C42: =(M42*E42*O42*Q42)/100000000 -> 13.91639 | D42: RC HW | E42: 32 | F42: 1 | G42: 510 | H42: 0.12 | I42: 0.88 | J42: =E42*G42*(1-H42)*1440/1000000*3.4 -> 70.314394 | K42: =(IF(G42<L42,L42,G42)*(1-IF(H42<N42,H42,N42))*E42*O42*Q42)/100000000 -> 13.91639 | L42: 510 | M42: =+L42-L42*0.12 -> 448.8 | N42: =1-(M42/L42) -> 0.12 | O42: =+'Trim Rwd'!H26 -> 323 | P42: =O42*(Q42-R42-S42) -> 94639 | Q42: 300 | R42: 0 | S42: 7 | T42: =E42*M42*O42*Q42/100000000 -> 13.91639 | U42: =E42*M42*O42*(Q42-R42-S42)/100000000 -> 13.591675 | V42: =E42*G42*(1-N42)*O42/100*(R42+S42)/1000000 -> 0.32471578 | W42: =+'8'!K12/1000 -> 17.064 | X42: =SUM(W42:W45)/SUM(K42:K45) -> 0.94454587 | Y42: 0 | Z42: =+'7'!D12/1000 -> 0 | AA42: =SUM(U42:U45)-SUM(W42:W45)-SUM(Z42:Z45)-SUM(Y42:Y45) -> -1.3667771 | AB42: =(SUM(K42:K45)-SUM(W42:W45)-SUM(Y42:Y45)-SUM(Z42:Z45)-SUM(AC42:AC45)-SUM(V42:V45))-AA42 -> -0.0023350291 | AC42: =K42-T42 -> 0 | AD42: =+AM42+BA42 -> 0 | AE42: - Sheet Breaks (0x) | AF42: 0 | AM42: =SUM(AF42:AL42)+AT42+AV42+AX42 -> 0 | AR42: =SUM(AN42:AQ42) -> 0 | BA42: =+AR42+AS42+AU42+AW42+AY42+AZ42 -> 0 | BB42: 0
B43: Towel | C43: =(M43*E43*O43*Q43)/100000000 -> 17.009879 | D43: RC HW | E43: 34 | F43: 1 | G43: 490 | H43: 0.14 | I43: 0.88 | J43: =E43*G43*(1-H43)*1440/1000000*3.4 -> 70.14793 | K43: =(IF(G43<L43,L43,G43)*(1-IF(H43<N43,H43,N43))*E43*O43*Q43)/100000000 -> 17.364252 | L43: 480 | M43: =+L43-L43*0.12 -> 422.4 | N43: =1-(M43/L43) -> 0.12 | O43: =+'Trim Rwd'!H27 -> 329 | P43: =O43*(Q43-R43-S43) -> 115808 | Q43: =180+180 -> 360 | R43: 0 | S43: 8 | T43: =E43*M43*O43*Q43/100000000 -> 17.009879 | U43: =E43*M43*O43*(Q43-R43-S43)/100000000 -> 16.631882 | V43: =E43*G43*(1-N43)*O43/100*(R43+S43)/1000000 -> 0.38587226 | W43: =+'8'!K13/1000 -> 11.576 | Z43: =+('8'!D8/1000) -> 1.4 | AC43: =K43-T43 -> 0.35437248 | AD43: =+AM43+BA43 -> 5 | AE43: - Change Blade (1x) | AG43: 5 | AM43: =SUM(AF43:AL43)+AT43+AV43+AX43 -> 5 | AR43: =SUM(AN43:AQ43) -> 0 | BA43: =+AR43+AS43+AU43+AW43+AY43+AZ43 -> 0 | BC43: 1
B44: Towel | C44: =(M44*E44*O44*Q44)/100000000 -> 31.924012 | D44: RC HW | E44: 36 | F44: 1 | G44: 455 | H44: 0.12 | I44: 0.88 | J44: =E44*G44*(1-H44)*1440/1000000*3.4 -> 70.572902 | K44: =(IF(G44<L44,L44,G44)*(1-IF(H44<N44,H44,N44))*E44*O44*Q44)/100000000 -> 31.924012 | L44: 460 | M44: =+L44-L44*0.12 -> 404.8 | N44: =1-(M44/L44) -> 0.12 | O44: =+'Trim Rwd'!H28 -> 317.94737 | P44: =O44*(Q44-R44-S44) -> 215568.32 | Q44: 689 | R44: 0 | S44: 11 | T44: =E44*M44*O44*Q44/100000000 -> 31.924012 | U44: =E44*M44*O44*(Q44-R44-S44)/100000000 -> 31.41434 | V44: =E44*G44*(1-N44)*O44/100*(R44+S44)/1000000 -> 0.50413226 | W44: =+'8'!K14/1000 -> 33.555 | Z44: =+('8'!D17+'8'!D25)/1000 -> 2.09 | AD44: =+AM44+BA44 -> 12 | AE44: - Cleaning | AH44: 12 | AM44: =SUM(AF44:AL44)+AT44+AV44+AX44 -> 12 | AR44: =SUM(AN44:AQ44) -> 0 | BA44: =+AR44+AS44+AU44+AW44+AY44+AZ44 -> 0
B45: Towel | C45: =(M45*E45*O45*Q45)/100000000 -> 4.1610529 | D45: RC HW | E45: 38 | F45: 1 | G45: 430 | H45: 0.12 | I45: 0.88 | J45: =E45*G45*(1-H45)*1440/1000000*3.4 -> 70.400563 | K45: =(IF(G45<L45,L45,G45)*(1-IF(H45<N45,H45,N45))*E45*O45*Q45)/100000000 -> 4.1610529 | L45: 430 | M45: =+L45-L45*0.12 -> 378.4 | N45: =1-(M45/L45) -> 0.12 | O45: =+'Trim Rwd'!H30 -> 318 | P45: =O45*(Q45-R45-S45) -> 28620 | Q45: 91 | R45: 0 | S45: 1 | T45: =E45*M45*O45*Q45/100000000 -> 4.1610529 | U45: =E45*M45*O45*(Q45-R45-S45)/100000000 -> 4.115327 | V45: =E45*G45*(1-N45)*O45/100*(R45+S45)/1000000 -> 0.045725856 | W45: =+'8'!K15/1000 -> 1.435 | AD45: =+AM45+BA45 -> 10 | AE45: - Change Grade | AI45: 10 | AM45: =SUM(AF45:AL45)+AT45+AV45+AX45 -> 10 | AR45: =SUM(AN45:AQ45) -> 0 | BA45: =+AR45+AS45+AU45+AW45+AY45+AZ45 -> 0
A47: 45939 | B47: Towel | C47: =(M47*E47*O47*Q47)/100000000 -> 45.199477 | D47: RC HW | E47: 38 | F47: 1 | G47: 430 | H47: 0.12 | I47: 0.88 | J47: =E47*G47*(1-H47)*1440/1000000*3.4 -> 70.400563 | K47: =(IF(G47<L47,L47,G47)*(1-IF(H47<N47,H47,N47))*E47*O47*Q47)/100000000 -> 45.199477 | L47: 449.78836 | M47: 395.81376 | N47: =1-(M47/L47) -> 0.12 | O47: =+'Trim Rwd'!H32 -> 318 | P47: =O47*(Q47-R47-S47) -> 297648 | Q47: 945 | R47: 0 | S47: 9 | T47: =E47*M47*O47*Q47/100000000 -> 45.199477 | U47: =E47*M47*O47*(Q47-R47-S47)/100000000 -> 44.769006 | V47: =E47*G47*(1-N47)*O47/100*(R47+S47)/1000000 -> 0.4115327 | W47: =+'9'!K15/1000 -> 48.98 | X47: =SUM(W47:W50)/SUM(K47:K50) -> 0.98030034 | Y47: 0 | Z47: =+'9'!D34/1000 -> 0.622 | AA47: =SUM(U47:U50)-SUM(W47:W50)-SUM(Z47:Z50)-SUM(Y47:Y50) -> -0.12413825 | AB47: =(SUM(K47:K50)-SUM(W47:W50)-SUM(Y47:Y50)-SUM(Z47:Z50)-SUM(AC47:AC50)-SUM(V47:V50))-AA47 -> 0.024701097 | AC47: =K47-T47 -> 0 | AD47: =+AM47+BA47 -> 0 | AE47: - Sheet Breaks (0x) | AF47: 0 | AM47: =SUM(AF47:AL47)+AT47+AV47+AX47 -> 0 | AR47: =SUM(AN47:AQ47) -> 0 | BA47: =+AR47+AS47+AU47+AW47+AY47+AZ47 -> 0 | BB47: 0
B48: Towel | C48: =(M48*E48*O48*Q48)/100000000 -> 10.80486 | D48: RC HW | E48: 34 | F48: 1 | G48: 480 | H48: 0.12 | I48: 0.88 | J48: =E48*G48*(1-H48)*1440/1000000*3.4 -> 70.314394 | K48: =(IF(G48<L48,L48,G48)*(1-IF(H48<N48,H48,N48))*E48*O48*Q48)/100000000 -> 10.80486 | L48: 500 | M48: =+L48-L48*0.12 -> 440 | N48: =1-(M48/L48) -> 0.12 | O48: =+'Trim Rwd'!H33 -> 321 | P48: =O48*(Q48-R48-S48) -> 71262 | Q48: =180+30+15 -> 225 | R48: 0 | S48: 3 | T48: =E48*M48*O48*Q48/100000000 -> 10.80486 | U48: =E48*M48*O48*(Q48-R48-S48)/100000000 -> 10.660795 | V48: =E48*G48*(1-N48)*O48/100*(R48+S48)/1000000 -> 0.13830221 | W48: =+'9'!K13/1000 -> 11.059 | Z48: 0 | AC48: =K48-T48 -> 0 | AD48: =+AM48+BA48 -> 3 | AE48: - Change Blade (1x) | AG48: 3 | AM48: =SUM(AF48:AL48)+AT48+AV48+AX48 -> 3 | AR48: =SUM(AN48:AQ48) -> 0 | BA48: =+AR48+AS48+AU48+AW48+AY48+AZ48 -> 0 | BC48: 1
B49: Towel | C49: =(M49*E49*O49*Q49)/100000000 -> 12.236994 | D49: RC HW | E49: 30 | F49: 1 | G49: 545 | H49: 0.12 | I49: 0.88 | J49: =E49*G49*(1-H49)*1440/1000000*3.4 -> 70.443648 | K49: =(IF(G49<L49,L49,G49)*(1-IF(H49<N49,H49,N49))*E49*O49*Q49)/100000000 -> 12.236994 | L49: 545 | M49: =+L49-L49*0.12 -> 479.6 | N49: =1-(M49/L49) -> 0.12 | O49: =+'Trim Rwd'!H34 -> 315 | P49: =O49*(Q49-R49-S49) -> 83160 | Q49: =30+240 -> 270 | R49: 0 | S49: 6 | T49: =E49*M49*O49*Q49/100000000 -> 12.236994 | U49: =E49*M49*O49*(Q49-R49-S49)/100000000 -> 11.965061 | V49: =E49*G49*(1-N49)*O49/100*(R49+S49)/1000000 -> 0.2719332 | W49: =+'9'!K16/1000 -> 6.858 | Z49: 0 | AC49: =K49-T49 -> 0 | AD49: =+AM49+BA49 -> 9 | AE49: - Cleaning | AH49: 9 | AM49: =SUM(AF49:AL49)+AT49+AV49+AX49 -> 9 | AR49: =SUM(AN49:AQ49) -> 0 | BA49: =+AR49+AS49+AU49+AW49+AY49+AZ49 -> 0
AD50: =+AM50+BA50 -> 6 | AE50: - Change Grade | AI50: 6 | AM50: =SUM(AF50:AL50)+AT50+AV50+AX50 -> 6 | AR50: =SUM(AN50:AQ50) -> 0 | BA50: =+AR50+AS50+AU50+AW50+AY50+AZ50 -> 0
