Workbook

Sheet Report1
A3: PAPER MACHINE 12 DAILY REPORT 1
A6: DATE | B6: GRADE | C6: GSM | D6: Speed yankee (mpm) | E6: Speed reel (mpm) | F6: Creep ( % ) | G6: Real Eff PM ( % ) | H6: Real Eff PM vs Target (%) | I6: Real Eff FG vs Real Eff PM (%) | J6: Eff FG vs Target (%) | L6: Kapasitas Target (ton) | N6: Kapasitas Teori Real (ton) | P6: PM PROD Timbangan (TON) | R6: FINSHED GOODS (TON) | T6: NET GROSS (Timbangan) (%) | V6: NET GROSS ( Scanner) (%) | X6: FRESH WATER | AB6: GAS HOOD | AH6: STEAM (TON) | AN6: STEAM (TON) DEINKING | AT6: POWER (kWh) | AZ6: POWER (kWh) DEINKING | BF6: Report | BH6: Kapasitas Running (ton) | BJ6: Eff FG vs Target Running(%)
X7: CONSUMPTION | Z7: /TON FG. | AB7: CONSUMPTION | AD7: /TON PM. | AF7: /TON FG. | AH7: CONSUMPTION | AJ7: /TON PM. | AL7: /TON FG. | AN7: CONSUMPTION | AP7: /TON PM. | AR7: /TON FG. | AT7: CONSUMPTION | AV7: /TON PM | AX7: /TON FG | AZ7: CONSUMPTION | BB7: /TON PM | BD7: /TON FG | BF7: Hood | BG7: Yankee
J8: TODAY | K8: TODATE | L8: TODAY | M8: TODATE | N8: TODAY | O8: TODATE | P8: TODAY | Q8: TODATE | R8: TODAY | S8: TODATE | T8: TODAY | U8: TODATE | V8: TODAY | W8: TODATE | X8: TODAY | Y8: TODATE | Z8: TODAY | AA8: TODATE | AB8: TODAY | AC8: TODATE | AD8: TODAY | AE8: TODATE | AF8: TODAY | AG8: TODATE | AH8: TODAY | AI8: TODATE | AJ8: TODAY | AK8: TODATE | AL8: TODAY | AM8: TODATE | AN8: TODAY | AO8: TODATE | AP8: TODAY | AQ8: TODATE | AR8: TODAY | AS8: TODATE | AT8: TODAY | AU8: TODATE | AV8: TODAY | AW8: TODATE | AX8: TODAY | AY8: TODATE | AZ8: TODAY | BA8: TODATE | BB8: TODAY | BC8: TODATE | BD8: TODAY | BE8: TODATE | BH8: TODAY | BI8: TODATE | BJ8: TODAY | BK8: TODATE
A9: 45870 | B9: Towel | C9: 38/36 | D9: =+'1'!F42 -> 481.5625 | E9: =+'1'!G42 -> 423.775 | F9: =1-(E9/D9) -> 0.12 | G9: =+P9/N9 -> 1.0910447 | H9: =+P9/L9 -> 1.0910447 | I9: =+R9/P9 -> 0.98406717 | J9: =+R9/L9 -> 1.0736613 | K9: =+S9/M9 -> 1.0736613 | L9: =+SUM(Efficiency1!K6:K7) -> 74.6688 | M9: =L9 -> 74.6688 | N9: =+SUM(Efficiency1!C6:C7) -> 74.6688 | O9: =N9 -> 74.6688 | P9: ='1'!I38 -> 81.467 | Q9: =P9 -> 81.467 | R9: ='1'!I40 -> 80.169 | S9: =R9 -> 80.169 | T9: =R9/P9 -> 0.98406717 | U9: =S9/Q9 -> 0.98406717 | V9: =R9/L9 -> 1.0736613 | W9: =S9/M9 -> 1.0736613 | AB9: 0 | AC9: =AB9 -> 0 | AD9: =AB9/P9 -> 0 | AE9: =AC9/Q9 -> 0 | AF9: =IF(AND(R9>0,AB9>0),(AB9/(R9*1000))*1000,0) -> 0 | AG9: =IF(AND(S9>0,AC9>0),AC9/S9,0) -> 0 | AH9: =+BF9+BG9 -> 184.398 | AI9: =AH9 -> 184.398 | AJ9: =AH9/(P9) -> 2.2634686 | AK9: =AI9/(Q9) -> 2.2634686 | AL9: =IF(AND(R9>0,AH9>0),AH9/(R9),0) -> 2.300116 | AM9: =IF(AND(S9>0,AI9>0),AI9/(S9),0) -> 2.300116 | AN9: 19.2 | AO9: =AN9 -> 19.2 | AP9: =AN9/(P9) -> 0.23567825 | AQ9: =AO9/(Q9) -> 0.23567825 | AR9: =IF(AND(R9>0,AN9>0),AN9/(R9),0) -> 0.23949407 | AS9: =IF(AND(S9>0,AO9>0),AO9/(S9),0) -> 0.23949407 | AT9: ='1'!I46 -> 34391.93 | AU9: =AT9 -> 34391.93 | AV9: =IF(AND(L9>0,AT9>0),(AT9/(P9*1000)*1000),0) -> 422.15781 | AW9: =IF(AND(M9>0,AU9>0),(AU9/(Q9*1000)*1000),0) -> 422.15781 | AX9: =IF(AND(R9>0,AT9>0),(AT9/(R9*1000)*1000),0) -> 428.99288 | AY9: =IF(AND(S9>0,AU9>0),(AU9/(S9*1000)*1000),0) -> 428.99288 | AZ9: =+Listrik!AH8 -> 31567 | BA9: =AZ9 -> 31567 | BB9: =IF(AND(L9>0,AZ9>0),(AZ9/(P9*1000)*1000),0) -> 387.48205 | BC9: =IF(AND(M9>0,BA9>0),(BA9/(Q9*1000)*1000),0) -> 387.48205 | BD9: =IF(AND(R9>0,AZ9>0),(AZ9/(R9*1000)*1000),0) -> 393.75569 | BE9: =IF(AND(S9>0,BA9>0),(BA9/(S9*1000)*1000),0) -> 393.75569 | BF9: 32.547 | BG9: 151.851 | BH9: =+SUM(Efficiency2!K6:K7) -> 74.6688 | BI9: =BH9 -> 74.6688 | BJ9: =+R9/BH9 -> 1.0736613 | BK9: =+S9/BI9 -> 1.0736613
A10: =A9+1 -> 45871 | B10: Towel/Napkin | C10: 36/34/30/20/20 | D10: =+'2'!F42 -> 632.22662 | E10: =+'2'!G42 -> 549.06158 | F10: =1-(E10/D10) -> 0.13154308 | G10: =+P10/N10 -> 1.0675109 | H10: =+P10/L10 -> 1.0491653 | I10: =+R10/P10 -> 0.96114571 | J10: =+R10/L10 -> 1.0084007 | K10: =+S10/M10 -> 1.04268 | L10: =+SUM(Efficiency1!K10:K14) -> 67.485079 | M10: =M9+L10 -> 142.15388 | N10: =+SUM(Efficiency1!C10:C14) -> 66.325317 | O10: =O9+N10 -> 140.99412 | P10: ='2'!I38 -> 70.803 | Q10: =Q9+P10 -> 152.27 | R10: ='2'!I40 -> 68.052 | S10: =S9+R10 -> 148.221 | T10: =R10/P10 -> 0.96114571 | U10: =S10/Q10 -> 0.97340908 | V10: =R10/L10 -> 1.0084007 | W10: =S10/M10 -> 1.04268 | AB10: 0 | AC10: =AB10+AC9 -> 0 | AD10: =AB10/P10 -> 0 | AE10: =AC10/Q10 -> 0 | AF10: =IF(AND(R10>0,AB10>0),(AB10/(R10*1000))*1000,0) -> 0 | AG10: =IF(AND(S10>0,AC10>0),AC10/S10,0) -> 0 | AH10: =+BF10+BG10 -> 182.523 | AI10: =AH10+AI9 -> 366.921 | AJ10: =AH10/(P10) -> 2.5778992 | AK10: =AI10/(Q10) -> 2.4096736 | AL10: =IF(AND(R10>0,AH10>0),AH10/(R10),0) -> 2.6821107 | AM10: =IF(AND(S10>0,AI10>0),AI10/(S10),0) -> 2.4754994 | AN10: 17.9 | AO10: =AN10+AO9 -> 37.1 | AP10: =AN10/(P10) -> 0.25281415 | AQ10: =AO10/(Q10) -> 0.24364615 | AR10: =IF(AND(R10>0,AN10>0),AN10/(R10),0) -> 0.26303415 | AS10: =IF(AND(S10>0,AO10>0),AO10/(S10),0) -> 0.25030191 | AT10: ='2'!I46 -> 36137.49 | AU10: =AT10+AU9 -> 70529.42 | AV10: =IF(AND(L10>0,AT10>0),(AT10/(P10*1000)*1000),0) -> 510.3949 | AW10: =IF(AND(M10>0,AU10>0),(AU10/(Q10*1000)*1000),0) -> 463.18658 | AX10: =IF(AND(R10>0,AT10>0),(AT10/(R10*1000)*1000),0) -> 531.0276 | AY10: =IF(AND(S10>0,AU10>0),(AU10/(S10*1000)*1000),0) -> 475.83959 | AZ10: =+Listrik!AH9 -> 31411 | BA10: =AZ10+BA9 -> 62978 | BB10: =IF(AND(L10>0,AZ10>0),(AZ10/(P10*1000)*1000),0) -> 443.63939 | BC10: =IF(AND(M10>0,BA10>0),(BA10/(Q10*1000)*1000),0) -> 413.59427 | BD10: =IF(AND(R10>0,AZ10>0),(AZ10/(R10*1000)*1000),0) -> 461.5735 | BE10: =IF(AND(S10>0,BA10>0),(BA10/(S10*1000)*1000),0) -> 424.89256 | BF10: 31.046 | BG10: 151.477 | BH10: =+SUM(Efficiency2!K10:K14) -> 67.485079 | BI10: =BI9+BH10 -> 142.15388 | BJ10: =+R10/BH10 -> 1.0084007 | BK10: =+S10/BI10 -> 1.04268
A11: =A10+1 -> 45872 | B11: Napkin | C11: 20/17,5 | D11: =+'3'!F42 -> 800 | E11: =+'3'!G42 -> 688 | F11: =1-(E11/D11) -> 0.14 | G11: =+P11/N11 -> 0.96439363 | H11: =+P11/L11 -> 0.92953603 | I11: =+R11/P11 -> 0.98017008 | J11: =+R11/L11 -> 0.9111034 | K11: =+S11/M11 -> 1.0044027 | L11: =+SUM(Efficiency1!K16:K17) -> 58.320494 | M11: =M10+L11 -> 200.47437 | N11: =+SUM(Efficiency1!C16:C17) -> 56.212524 | O11: =O10+N11 -> 197.20664 | P11: ='3'!I38 -> 54.211 | Q11: =Q10+P11 -> 206.481 | R11: ='3'!I40 -> 53.136 | S11: =S10+R11 -> 201.357 | T11: =R11/P11 -> 0.98017008 | U11: =S11/Q11 -> 0.97518416 | V11: =R11/L11 -> 0.9111034 | W11: =S11/M11 -> 1.0044027 | AB11: 0 | AC11: =AB11+AC10 -> 0 | AD11: =AB11/P11 -> 0 | AE11: =AC11/Q11 -> 0 | AF11: =IF(AND(R11>0,AB11>0),(AB11/(R11*1000))*1000,0) -> 0 | AG11: =IF(AND(S11>0,AC11>0),AC11/S11,0) -> 0 | AH11: =+BF11+BG11 -> 153.787 | AI11: =AH11+AI10 -> 520.708 | AJ11: =AH11/(P11) -> 2.8368228 | AK11: =AI11/(Q11) -> 2.5218204 | AL11: =IF(AND(R11>0,AH11>0),AH11/(R11),0) -> 2.8942148 | AM11: =IF(AND(S11>0,AI11>0),AI11/(S11),0) -> 2.585994 | AN11: 15.2 | AO11: =AN11+AO10 -> 52.3 | AP11: =AN11/(P11) -> 0.2803859 | AQ11: =AO11/(Q11) -> 0.25329207 | AR11: =IF(AND(R11>0,AN11>0),AN11/(R11),0) -> 0.28605842 | AS11: =IF(AND(S11>0,AO11>0),AO11/(S11),0) -> 0.25973768 | AT11: ='3'!I46 -> 36005.95 | AU11: =AT11+AU10 -> 106535.37 | AV11: =IF(AND(L11>0,AT11>0),(AT11/(P11*1000)*1000),0) -> 664.18162 | AW11: =IF(AND(M11>0,AU11>0),(AU11/(Q11*1000)*1000),0) -> 515.95726 | AX11: =IF(AND(R11>0,AT11>0),(AT11/(R11*1000)*1000),0) -> 677.61875 | AY11: =IF(AND(S11>0,AU11>0),(AU11/(S11*1000)*1000),0) -> 529.08699 | AZ11: =+Listrik!AH10 -> 25392 | BA11: =AZ11+BA10 -> 88370 | BB11: =IF(AND(L11>0,AZ11>0),(AZ11/(P11*1000)*1000),0) -> 468.39202 | BC11: =IF(AND(M11>0,BA11>0),(BA11/(Q11*1000)*1000),0) -> 427.98127 | BD11: =IF(AND(R11>0,AZ11>0),(AZ11/(R11*1000)*1000),0) -> 477.86811 | BE11: =IF(AND(S11>0,BA11>0),(BA11/(S11*1000)*1000),0) -> 438.87225 | BF11: 12.443 | BG11: 141.344 | BH11: =+SUM(Efficiency2!K16:K17) -> 58.320494 | BI11: =BI10+BH11 -> 200.47437 | BJ11: =+R11/BH11 -> 0.9111034 | BK11: =+S11/BI11 -> 1.0044027
A12: =A11+1 -> 45873 | B12: Napkin | C12: 17,5/16/15,5 | D12: =+'4'!F42 -> 800 | E12: =+'4'!G42 -> 688 | F12: =1-(E12/D12) -> 0.14 | G12: =+P12/N12 -> 0.9360689 | H12: =+P12/L12 -> 0.90223509 | I12: =+R12/P12 -> 0.88727018 | J12: =+R12/L12 -> 0.80052628 | K12: =+S12/M12 -> 0.96132157 | L12: =+SUM(Efficiency1!K20:K22) -> 53.712165 | M12: =M11+L12 -> 254.18654 | N12: =+SUM(Efficiency1!C20:C22) -> 51.770762 | O12: =O11+N12 -> 248.9774 | P12: ='4'!I38 -> 48.461 | Q12: =Q11+P12 -> 254.942 | R12: ='4'!I40 -> 42.998 | S12: =S11+R12 -> 244.355 | T12: =R12/P12 -> 0.88727018 | U12: =S12/Q12 -> 0.95847291 | V12: =R12/L12 -> 0.80052628 | W12: =S12/M12 -> 0.96132157 | AB12: 0 | AC12: =AB12+AC11 -> 0 | AD12: =AB12/P12 -> 0 | AE12: =AC12/Q12 -> 0 | AF12: =IF(AND(R12>0,AB12>0),(AB12/(R12*1000))*1000,0) -> 0 | AG12: =IF(AND(S12>0,AC12>0),AC12/S12,0) -> 0 | AH12: =+BF12+BG12 -> 147.404 | AI12: =AH12+AI11 -> 668.112 | AJ12: =AH12/(P12) -> 3.0417036 | AK12: =AI12/(Q12) -> 2.6206431 | AL12: =IF(AND(R12>0,AH12>0),AH12/(R12),0) -> 3.4281594 | AM12: =IF(AND(S12>0,AI12>0),AI12/(S12),0) -> 2.7341859 | AN12: 10.2 | AO12: =AN12+AO11 -> 62.5 | AP12: =AN12/(P12) -> 0.21047853 | AQ12: =AO12/(Q12) -> 0.2451538 | AR12: =IF(AND(R12>0,AN12>0),AN12/(R12),0) -> 0.23722034 | AS12: =IF(AND(S12>0,AO12>0),AO12/(S12),0) -> 0.25577541 | AT12: ='4'!I46 -> 37811.29 | AU12: =AT12+AU11 -> 144346.66 | AV12: =IF(AND(L12>0,AT12>0),(AT12/(P12*1000)*1000),0) -> 780.24164 | AW12: =IF(AND(M12>0,AU12>0),(AU12/(Q12*1000)*1000),0) -> 566.19411 | AX12: =IF(AND(R12>0,AT12>0),(AT12/(R12*1000)*1000),0) -> 879.37323 | AY12: =IF(AND(S12>0,AU12>0),(AU12/(S12*1000)*1000),0) -> 590.72522 | AZ12: =+Listrik!AH11 -> 16754 | BA12: =AZ12+BA11 -> 105124 | BB12: =IF(AND(L12>0,AZ12>0),(AZ12/(P12*1000)*1000),0) -> 345.7213 | BC12: =IF(AND(M12>0,BA12>0),(BA12/(Q12*1000)*1000),0) -> 412.34477 | BD12: =IF(AND(R12>0,AZ12>0),(AZ12/(R12*1000)*1000),0) -> 389.64603 | BE12: =IF(AND(S12>0,BA12>0),(BA12/(S12*1000)*1000),0) -> 430.21015 | BF12: 8.093 | BG12: 139.311 | BH12: =+SUM(Efficiency2!K20:K22) -> 53.712165 | BI12: =BI11+BH12 -> 254.18654 | BJ12: =+R12/BH12 -> 0.80052628 | BK12: =+S12/BI12 -> 0.96132157
A13: =A12+1 -> 45874 | B13: Napkin | C13: 16/17 | D13: =+'5'!F42 -> 765.21739 | E13: =+'5'!G42 -> 658.08696 | F13: =1-(E13/D13) -> 0.14 | G13: =+P13/N13 -> 0.035520165 | H13: =+P13/L13 -> 0.034028706 | I13: =+R13/P13 -> 1.3367117 | J13: =+R13/L13 -> 0.04548657 | K13: =+S13/M13 -> 0.80530974 | L13: =+SUM(Efficiency1!K25:K26) -> 52.191229 | M13: =M12+L13 -> 306.37777 | N13: =+SUM(Efficiency1!C25:C26) -> 49.999767 | O13: =O12+N13 -> 298.97717 | P13: ='5'!I38 -> 1.776 | Q13: =Q12+P13 -> 256.718 | R13: ='5'!I40 -> 2.374 | S13: =S12+R13 -> 246.729 | T13: =R13/P13 -> 1.3367117 | U13: =S13/Q13 -> 0.9610896 | V13: =R13/L13 -> 0.04548657 | W13: =S13/M13 -> 0.80530974 | AB13: 0 | AC13: =AB13+AC12 -> 0 | AD13: =AB13/P13 -> 0 | AE13: =AC13/Q13 -> 0 | AF13: =IF(AND(R13>0,AB13>0),(AB13/(R13*1000))*1000,0) -> 0 | AG13: =IF(AND(S13>0,AC13>0),AC13/S13,0) -> 0 | AH13: =+BF13+BG13 -> 46.217 | AI13: =AH13+AI12 -> 714.329 | AJ13: =AH13/(P13) -> 26.023086 | AK13: =AI13/(Q13) -> 2.7825435 | AL13: =IF(AND(R13>0,AH13>0),AH13/(R13),0) -> 19.467987 | AM13: =IF(AND(S13>0,AI13>0),AI13/(S13),0) -> 2.8951968 | AN13: 0 | AO13: =AN13+AO12 -> 62.5 | AP13: =AN13/(P13) -> 0 | AQ13: =AO13/(Q13) -> 0.2434578 | AR13: =IF(AND(R13>0,AN13>0),AN13/(R13),0) -> 0 | AS13: =IF(AND(S13>0,AO13>0),AO13/(S13),0) -> 0.25331437 | AT13: ='5'!I46 -> 10057.15 | AU13: =AT13+AU12 -> 154403.81 | AV13: =IF(AND(L13>0,AT13>0),(AT13/(P13*1000)*1000),0) -> 5662.8097 | AW13: =IF(AND(M13>0,AU13>0),(AU13/(Q13*1000)*1000),0) -> 601.453 | AX13: =IF(AND(R13>0,AT13>0),(AT13/(R13*1000)*1000),0) -> 4236.3732 | AY13: =IF(AND(S13>0,AU13>0),(AU13/(S13*1000)*1000),0) -> 625.80325 | AZ13: =+Listrik!AH12 -> 627 | BA13: =AZ13+BA12 -> 105751 | BB13: =IF(AND(L13>0,AZ13>0),(AZ13/(P13*1000)*1000),0) -> 353.04054 | BC13: =IF(AND(M13>0,BA13>0),(BA13/(Q13*1000)*1000),0) -> 411.9345 | BD13: =IF(AND(R13>0,AZ13>0),(AZ13/(R13*1000)*1000),0) -> 264.1112 | BE13: =IF(AND(S13>0,BA13>0),(BA13/(S13*1000)*1000),0) -> 428.61196 | BF13: 2.692 | BG13: 43.525 | BH13: =+SUM(Efficiency2!K25:K26) -> 6.8625303 | BI13: =BI12+BH13 -> 261.04907 | BJ13: =+R13/BH13 -> 0.34593654 | BK13: =+S13/BI13 -> 0.94514415
A14: =A13+1 -> 45875 | B14: Napkin | C14: 17/16 | D14: =+'6'!F42 -> 749.58333 | E14: =+'6'!G42 -> 640.0625 | F14: =1-(E14/D14) -> 0.14610895 | G14: =+P14/N14 -> 0.87113491 | H14: =+P14/L14 -> 0.78522824 | I14: =+R14/P14 -> 0.76422821 | J14: =+R14/L14 -> 0.60009357 | K14: =+S14/M14 -> 0.77405446 | L14: =+SUM(Efficiency1!K30:K31) -> 55.046416 | M14: =M13+L14 -> 361.42418 | N14: =+SUM(Efficiency1!C30:C31) -> 49.618032 | O14: =O13+N14 -> 348.5952 | P14: ='6'!I38 -> 43.224 | Q14: =Q13+P14 -> 299.942 | R14: ='6'!I40 -> 33.033 | S14: =S13+R14 -> 279.762 | T14: =R14/P14 -> 0.76422821 | U14: =S14/Q14 -> 0.93272033 | V14: =R14/L14 -> 0.60009357 | W14: =S14/M14 -> 0.77405446 | AB14: 0 | AC14: =AB14+AC13 -> 0 | AD14: =AB14/P14 -> 0 | AE14: =AC14/Q14 -> 0 | AF14: =IF(AND(R14>0,AB14>0),(AB14/(R14*1000))*1000,0) -> 0 | AG14: =IF(AND(S14>0,AC14>0),AC14/S14,0) -> 0 | AH14: =+BF14+BG14 -> 132.045 | AI14: =AH14+AI13 -> 846.374 | AJ14: =AH14/(P14) -> 3.0549001 | AK14: =AI14/(Q14) -> 2.8217922 | AL14: =IF(AND(R14>0,AH14>0),AH14/(R14),0) -> 3.9973663 | AM14: =IF(AND(S14>0,AI14>0),AI14/(S14),0) -> 3.0253358 | AN14: 0 | AO14: =AN14+AO13 -> 62.5 | AP14: =AN14/(P14) -> 0 | AQ14: =AO14/(Q14) -> 0.20837362 | AR14: =IF(AND(R14>0,AN14>0),AN14/(R14),0) -> 0 | AS14: =IF(AND(S14>0,AO14>0),AO14/(S14),0) -> 0.22340418 | AT14: ='6'!I46 -> 45279.07 | AU14: =AT14+AU13 -> 199682.88 | AV14: =IF(AND(L14>0,AT14>0),(AT14/(P14*1000)*1000),0) -> 1047.5447 | AW14: =IF(AND(M14>0,AU14>0),(AU14/(Q14*1000)*1000),0) -> 665.73831 | AX14: =IF(AND(R14>0,AT14>0),(AT14/(R14*1000)*1000),0) -> 1370.7223 | AY14: =IF(AND(S14>0,AU14>0),(AU14/(S14*1000)*1000),0) -> 713.75984 | AZ14: =+Listrik!AH13 -> 613 | BA14: =AZ14+BA13 -> 106364 | BB14: =IF(AND(L14>0,AZ14>0),(AZ14/(P14*1000)*1000),0) -> 14.181936 | BC14: =IF(AND(M14>0,BA14>0),(BA14/(Q14*1000)*1000),0) -> 354.61523 | BD14: =IF(AND(R14>0,AZ14>0),(AZ14/(R14*1000)*1000),0) -> 18.5572 | BE14: =IF(AND(S14>0,BA14>0),(BA14/(S14*1000)*1000),0) -> 380.19459 | BF14: 33.814 | BG14: 98.231 | BH14: =+SUM(Efficiency2!K30:K31) -> 49.107396 | BI14: =BI13+BH14 -> 310.15646 | BJ14: =+R14/BH14 -> 0.67266853 | BK14: =+S14/BI14 -> 0.90200281
A15: =A14+1 -> 45876 | B15: Napkin | C15: 16/19 | D15: =+'7'!F42 -> 826.625 | E15: =+'7'!G42 -> 710.8975 | F15: =1-(E15/D15) -> 0.14 | G15: =+P15/N15 -> 0.61550264 | H15: =+P15/L15 -> 0.6120839 | I15: =+R15/P15 -> 0.90913817 | J15: =+R15/L15 -> 0.55646884 | K15: =+S15/M15 -> 0.74460828 | L15: =+SUM(Efficiency1!K37:K38) -> 56.567408 | M15: =M14+L15 -> 417.99159 | N15: =+SUM(Efficiency1!C37:C38) -> 56.253211 | O15: =O14+N15 -> 404.84841 | P15: ='7'!I38 -> 34.624 | Q15: =Q14+P15 -> 334.566 | R15: ='7'!I40 -> 31.478 | S15: =S14+R15 -> 311.24 | T15: =R15/P15 -> 0.90913817 | U15: =S15/Q15 -> 0.93027983 | V15: =R15/L15 -> 0.55646884 | W15: =S15/M15 -> 0.74460828 | AB15: 0 | AC15: =AB15+AC14 -> 0 | AD15: =AB15/P15 -> 0 | AE15: =AC15/Q15 -> 0 | AF15: =IF(AND(R15>0,AB15>0),(AB15/(R15*1000))*1000,0) -> 0 | AG15: =IF(AND(S15>0,AC15>0),AC15/S15,0) -> 0 | AH15: =+BF15+BG15 -> 108.702 | AI15: =AH15+AI14 -> 955.076 | AJ15: =AH15/(P15) -> 3.1394986 | AK15: =AI15/(Q15) -> 2.8546714 | AL15: =IF(AND(R15>0,AH15>0),AH15/(R15),0) -> 3.4532689 | AM15: =IF(AND(S15>0,AI15>0),AI15/(S15),0) -> 3.0686159 | AN15: 0 | AO15: =AN15+AO14 -> 62.5 | AP15: =AN15/(P15) -> 0 | AQ15: =AO15/(Q15) -> 0.18680918 | AR15: =IF(AND(R15>0,AN15>0),AN15/(R15),0) -> 0 | AS15: =IF(AND(S15>0,AO15>0),AO15/(S15),0) -> 0.20080966 | AT15: ='7'!I46 -> 35046.91 | AU15: =AT15+AU14 -> 234729.79 | AV15: =IF(AND(L15>0,AT15>0),(AT15/(P15*1000)*1000),0) -> 1012.2144 | AW15: =IF(AND(M15>0,AU15>0),(AU15/(Q15*1000)*1000),0) -> 701.59487 | AX15: =IF(AND(R15>0,AT15>0),(AT15/(R15*1000)*1000),0) -> 1113.3779 | AY15: =IF(AND(S15>0,AU15>0),(AU15/(S15*1000)*1000),0) -> 754.17617 | AZ15: =+Listrik!AH14 -> 474 | BA15: =AZ15+BA14 -> 106838 | BB15: =IF(AND(L15>0,AZ15>0),(AZ15/(P15*1000)*1000),0) -> 13.689926 | BC15: =IF(AND(M15>0,BA15>0),(BA15/(Q15*1000)*1000),0) -> 319.33311 | BD15: =IF(AND(R15>0,AZ15>0),(AZ15/(R15*1000)*1000),0) -> 15.058136 | BE15: =IF(AND(S15>0,BA15>0),(BA15/(S15*1000)*1000),0) -> 343.26565 | BF15: 15.377 | BG15: 93.325 | BH15: =+SUM(Efficiency2!K37:K38) -> 56.567408 | BI15: =BI14+BH15 -> 366.72387 | BJ15: =+R15/BH15 -> 0.55646884 | BK15: =+S15/BI15 -> 0.84870395
A16: =A15+1 -> 45877 | B16: Napkin | C16: 19/25 | D16: =+'8'!F42 -> 791.66667 | E16: =+'8'!G42 -> 680.83333 | F16: =1-(E16/D16) -> 0.14 | G16: =+P16/N16 -> 0.91226458 | H16: =+P16/L16 -> 0.86837635 | I16: =+R16/P16 -> 0.99082225 | J16: =+R16/L16 -> 0.86040661 | K16: =+S16/M16 -> 0.76319655 | L16: =+SUM(Efficiency1!K42:K43) -> 79.927327 | M16: =M15+L16 -> 497.91892 | N16: =+SUM(Efficiency1!C42:C43) -> 76.082095 | O16: =O15+N16 -> 480.93051 | P16: ='8'!I38 -> 69.407 | Q16: =Q15+P16 -> 403.973 | R16: ='8'!I40 -> 68.77 | S16: =S15+R16 -> 380.01 | T16: =R16/P16 -> 0.99082225 | U16: =S16/Q16 -> 0.94068168 | V16: =R16/L16 -> 0.86040661 | W16: =S16/M16 -> 0.76319655 | AB16: 0 | AC16: =AB16+AC15 -> 0 | AD16: =AB16/P16 -> 0 | AE16: =AC16/Q16 -> 0 | AF16: =IF(AND(R16>0,AB16>0),(AB16/(R16*1000))*1000,0) -> 0 | AG16: =IF(AND(S16>0,AC16>0),AC16/S16,0) -> 0 | AH16: =+BF16+BG16 -> 146.912 | AI16: =AH16+AI15 -> 1101.988 | AJ16: =AH16/(P16) -> 2.1166741 | AK16: =AI16/(Q16) -> 2.7278754 | AL16: =IF(AND(R16>0,AH16>0),AH16/(R16),0) -> 2.1362804 | AM16: =IF(AND(S16>0,AI16>0),AI16/(S16),0) -> 2.8998921 | AN16: 0 | AO16: =AN16+AO15 -> 62.5 | AP16: =AN16/(P16) -> 0 | AQ16: =AO16/(Q16) -> 0.15471331 | AR16: =IF(AND(R16>0,AN16>0),AN16/(R16),0) -> 0 | AS16: =IF(AND(S16>0,AO16>0),AO16/(S16),0) -> 0.16446936 | AT16: ='8'!I46 -> 43791.81 | AU16: =AT16+AU15 -> 278521.6 | AV16: =IF(AND(L16>0,AT16>0),(AT16/(P16*1000)*1000),0) -> 630.94227 | AW16: =IF(AND(M16>0,AU16>0),(AU16/(Q16*1000)*1000),0) -> 689.45598 | AX16: =IF(AND(R16>0,AT16>0),(AT16/(R16*1000)*1000),0) -> 636.78653 | AY16: =IF(AND(S16>0,AU16>0),(AU16/(S16*1000)*1000),0) -> 732.93229 | AZ16: =+Listrik!AH15 -> 519 | BA16: =AZ16+BA15 -> 107357 | BB16: =IF(AND(L16>0,AZ16>0),(AZ16/(P16*1000)*1000),0) -> 7.4776319 | BC16: =IF(AND(M16>0,BA16>0),(BA16/(Q16*1000)*1000),0) -> 265.75291 | BD16: =IF(AND(R16>0,AZ16>0),(AZ16/(R16*1000)*1000),0) -> 7.5468954 | BE16: =IF(AND(S16>0,BA16>0),(BA16/(S16*1000)*1000),0) -> 282.51099 | BF16: 24.583 | BG16: 122.329 | BH16: =+SUM(Efficiency2!K42:K43) -> 79.927327 | BI16: =BI15+BH16 -> 446.6512 | BJ16: =+R16/BH16 -> 0.86040661 | BK16: =+S16/BI16 -> 0.85079812
A17: =A16+1 -> 45878 | B17: Napkin | C17: 25/23 | D17: =+'9'!F42 -> 825.27076 | E17: =+'9'!G42 -> 709.73285 | F17: =1-(E17/D17) -> 0.14 | G17: =+P17/N17 -> 0.86613137 | H17: =+P17/L17 -> 0.86103263 | I17: =+R17/P17 -> 0.96419895 | J17: =+R17/L17 -> 0.83020676 | K17: =+S17/M17 -> 0.77264687 | L17: =+SUM(Efficiency1!K46:K47) -> 81.749515 | M17: =M16+L17 -> 579.66843 | N17: =+SUM(Efficiency1!C46:C47) -> 81.268272 | O17: =O16+N17 -> 562.19878 | P17: ='9'!I38 -> 70.389 | Q17: =Q16+P17 -> 474.362 | R17: ='9'!I40 -> 67.869 | S17: =S16+R17 -> 447.879 | T17: =R17/P17 -> 0.96419895 | U17: =S17/Q17 -> 0.94417133 | V17: =R17/L17 -> 0.83020676 | W17: =S17/M17 -> 0.77264687 | AB17: 0 | AC17: =AB17+AC16 -> 0 | AD17: =AB17/P17 -> 0 | AE17: =AC17/Q17 -> 0 | AF17: =IF(AND(R17>0,AB17>0),(AB17/(R17*1000))*1000,0) -> 0 | AG17: =IF(AND(S17>0,AC17>0),AC17/S17,0) -> 0 | AH17: =+BF17+BG17 -> 158.437 | AI17: =AH17+AI16 -> 1260.425 | AJ17: =AH17/(P17) -> 2.2508773 | AK17: =AI17/(Q17) -> 2.6570952 | AL17: =IF(AND(R17>0,AH17>0),AH17/(R17),0) -> 2.3344531 | AM17: =IF(AND(S17>0,AI17>0),AI17/(S17),0) -> 2.8142087 | AN17: 0 | AO17: =AN17+AO16 -> 62.5 | AP17: =AN17/(P17) -> 0 | AQ17: =AO17/(Q17) -> 0.13175592 | AR17: =IF(AND(R17>0,AN17>0),AN17/(R17),0) -> 0 | AS17: =IF(AND(S17>0,AO17>0),AO17/(S17),0) -> 0.13954662 | AT17: ='9'!I46 -> 45323.43 | AU17: =AT17+AU16 -> 323845.03 | AV17: =IF(AND(L17>0,AT17>0),(AT17/(P17*1000)*1000),0) -> 643.89933 | AW17: =IF(AND(M17>0,AU17>0),(AU17/(Q17*1000)*1000),0) -> 682.69598 | AX17: =IF(AND(R17>0,AT17>0),(AT17/(R17*1000)*1000),0) -> 667.80754 | AY17: =IF(AND(S17>0,AU17>0),(AU17/(S17*1000)*1000),0) -> 723.06366 | AZ17: =+Listrik!AH16 -> 451 | BA17: =AZ17+BA16 -> 107808 | BB17: =IF(AND(L17>0,AZ17>0),(AZ17/(P17*1000)*1000),0) -> 6.4072511 | BC17: =IF(AND(M17>0,BA17>0),(BA17/(Q17*1000)*1000),0) -> 227.26947 | BD17: =IF(AND(R17>0,AZ17>0),(AZ17/(R17*1000)*1000),0) -> 6.6451546 | BE17: =IF(AND(S17>0,BA17>0),(BA17/(S17*1000)*1000),0) -> 240.70787 | BF17: 29.199 | BG17: 129.238 | BH17: =+SUM(Efficiency2!K46:K47) -> 81.749515 | BI17: =BI16+BH17 -> 528.40071 | BJ17: =+R17/BH17 -> 0.83020676 | BK17: =+S17/BI17 -> 0.84761241
A18: =A17+1 -> 45879 | B18: Napkin/Towel | C18: 23/23/17 | D18: =+'10'!F42 -> 830 | E18: =+'10'!G42 -> 713.8 | F18: =1-(E18/D18) -> 0.14 | G18: =+P18/N18 -> 0.95879678 | H18: =+P18/L18 -> 0.95879678 | I18: =+R18/P18 -> 1.0138024 | J18: =+R18/L18 -> 0.97203049 | K18: =+S18/M18 -> 0.79608713 | L18: =+SUM(Efficiency1!K52:K55) -> 77.227001 | M18: =M17+L18 -> 656.89543 | N18: =+SUM(Efficiency1!C52:C55) -> 77.227001 | O18: =O17+N18 -> 639.42578 | P18: ='10'!I38 -> 74.045 | Q18: =Q17+P18 -> 548.407 | R18: ='10'!I40 -> 75.067 | S18: =S17+R18 -> 522.946 | T18: =R18/P18 -> 1.0138024 | U18: =S18/Q18 -> 0.9535728 | V18: =R18/L18 -> 0.97203049 | W18: =S18/M18 -> 0.79608713 | AB18: 0 | AC18: =AB18+AC17 -> 0 | AD18: =AB18/P18 -> 0 | AE18: =AC18/Q18 -> 0 | AF18: =IF(AND(R18>0,AB18>0),(AB18/(R18*1000))*1000,0) -> 0 | AG18: =IF(AND(S18>0,AC18>0),AC18/S18,0) -> 0 | AH18: =+BF18+BG18 -> 157.118 | AI18: =AH18+AI17 -> 1417.543 | AJ18: =AH18/(P18) -> 2.1219259 | AK18: =AI18/(Q18) -> 2.5848375 | AL18: =IF(AND(R18>0,AH18>0),AH18/(R18),0) -> 2.0930369 | AM18: =IF(AND(S18>0,AI18>0),AI18/(S18),0) -> 2.7106871 | AN18: 0 | AO18: =AN18+AO17 -> 62.5 | AP18: =AN18/(P18) -> 0 | AQ18: =AO18/(Q18) -> 0.11396645 | AR18: =IF(AND(R18>0,AN18>0),AN18/(R18),0) -> 0 | AS18: =IF(AND(S18>0,AO18>0),AO18/(S18),0) -> 0.11951521 | AT18: ='10'!I46 -> 45373.81 | AU18: =AT18+AU17 -> 369218.84 | AV18: =IF(AND(L18>0,AT18>0),(AT18/(P18*1000)*1000),0) -> 612.78695 | AW18: =IF(AND(M18>0,AU18>0),(AU18/(Q18*1000)*1000),0) -> 673.25698 | AX18: =IF(AND(R18>0,AT18>0),(AT18/(R18*1000)*1000),0) -> 604.44416 | AY18: =IF(AND(S18>0,AU18>0),(AU18/(S18*1000)*1000),0) -> 706.03626 | AZ18: =+Listrik!AH17 -> 455 | BA18: =AZ18+BA17 -> 108263 | BB18: =IF(AND(L18>0,AZ18>0),(AZ18/(P18*1000)*1000),0) -> 6.1449119 | BC18: =IF(AND(M18>0,BA18>0),(BA18/(Q18*1000)*1000),0) -> 197.4136 | BD18: =IF(AND(R18>0,AZ18>0),(AZ18/(R18*1000)*1000),0) -> 6.0612519 | BE18: =IF(AND(S18>0,BA18>0),(BA18/(S18*1000)*1000),0) -> 207.0252 | BF18: 29.489 | BG18: 127.629 | BH18: =+SUM(Efficiency2!K52:K54) -> 77.227001 | BI18: =BI17+BH18 -> 605.62771 | BJ18: =+R18/BH18 -> 0.97203049 | BK18: =+S18/BI18 -> 0.86347766
A19: =A18+1 -> 45880 | B19: Napkin | C19: 17 | D19: =+'11'!F42 -> 830 | E19: =+'11'!G42 -> 680.6 | F19: =1-(E19/D19) -> 0.18 | G19: =+P19/N19 -> 0.90900745 | H19: =+P19/L19 -> 0.90900745 | I19: =+R19/P19 -> 0.94749427 | J19: =+R19/L19 -> 0.86127935 | K19: =+S19/M19 -> 0.80110245 | L19: =+Efficiency1!K57 -> 54.747626 | M19: =M18+L19 -> 711.64306 | N19: =+Efficiency1!C57 -> 54.747626 | O19: =O18+N19 -> 694.17341 | P19: ='11'!I38 -> 49.766 | Q19: =Q18+P19 -> 598.173 | R19: ='11'!I40 -> 47.153 | S19: =S18+R19 -> 570.099 | T19: =R19/P19 -> 0.94749427 | U19: =S19/Q19 -> 0.95306709 | V19: =R19/L19 -> 0.86127935 | W19: =S19/M19 -> 0.80110245 | AB19: 0 | AC19: =AB19+AC18 -> 0 | AD19: =AB19/P19 -> 0 | AE19: =AC19/Q19 -> 0 | AF19: =IF(AND(R19>0,AB19>0),(AB19/(R19*1000))*1000,0) -> 0 | AG19: =IF(AND(S19>0,AC19>0),AC19/S19,0) -> 0 | AH19: =+BF19+BG19 -> 133.884 | AI19: =AH19+AI18 -> 1551.427 | AJ19: =AH19/(P19) -> 2.6902705 | AK19: =AI19/(Q19) -> 2.5936092 | AL19: =IF(AND(R19>0,AH19>0),AH19/(R19),0) -> 2.8393527 | AM19: =IF(AND(S19>0,AI19>0),AI19/(S19),0) -> 2.7213291 | AN19: 0 | AO19: =AN19+AO18 -> 62.5 | AP19: =AN19/(P19) -> 0 | AQ19: =AO19/(Q19) -> 0.10448482 | AR19: =IF(AND(R19>0,AN19>0),AN19/(R19),0) -> 0 | AS19: =IF(AND(S19>0,AO19>0),AO19/(S19),0) -> 0.10963008 | AT19: ='11'!I46 -> 45530.73 | AU19: =AT19+AU18 -> 414749.57 | AV19: =IF(AND(L19>0,AT19>0),(AT19/(P19*1000)*1000),0) -> 914.89631 | AW19: =IF(AND(M19>0,AU19>0),(AU19/(Q19*1000)*1000),0) -> 693.36057 | AX19: =IF(AND(R19>0,AT19>0),(AT19/(R19*1000)*1000),0) -> 965.59561 | AY19: =IF(AND(S19>0,AU19>0),(AU19/(S19*1000)*1000),0) -> 727.50447 | AZ19: =+Listrik!AH18 -> 459 | BA19: =AZ19+BA18 -> 108722 | BB19: =IF(AND(L19>0,AZ19>0),(AZ19/(P19*1000)*1000),0) -> 9.2231644 | BC19: =IF(AND(M19>0,BA19>0),(BA19/(Q19*1000)*1000),0) -> 181.75678 | BD19: =IF(AND(R19>0,AZ19>0),(AZ19/(R19*1000)*1000),0) -> 9.7342693 | BE19: =IF(AND(S19>0,BA19>0),(BA19/(S19*1000)*1000),0) -> 190.70723 | BF19: 24.868 | BG19: 109.016 | BH19: =+Efficiency2!K57 -> 54.747626 | BI19: =BI18+BH19 -> 660.37534 | BJ19: =+R19/BH19 -> 0.86127935 | BK19: =+S19/BI19 -> 0.86329541
A20: =A19+1 -> 45881 | B20: Napkin | C20: 17 | D20: =+'12'!F42 -> 830 | E20: =+'12'!G42 -> 680.6 | F20: =1-(E20/D20) -> 0.18 | G20: =+P20/N20 -> 0.93771824 | H20: =+P20/L20 -> 0.93771824 | I20: =+R20/P20 -> 0.97067733 | J20: =+R20/L20 -> 0.91022184 | K20: =+S20/M20 -> 0.80878019 | L20: =+SUM(Efficiency1!K61:K62) -> 53.861595 | M20: =M19+L20 -> 765.50465 | N20: =+SUM(Efficiency1!C61:C62) -> 53.861595 | O20: =O19+N20 -> 748.035 | P20: ='12'!I38 -> 50.507 | Q20: =Q19+P20 -> 648.68 | R20: ='12'!I40 -> 49.026 | S20: =S19+R20 -> 619.125 | T20: =R20/P20 -> 0.97067733 | U20: =S20/Q20 -> 0.95443824 | V20: =R20/L20 -> 0.91022184 | W20: =S20/M20 -> 0.80878019 | AB20: 0 | AC20: =AB20+AC19 -> 0 | AD20: =AB20/P20 -> 0 | AE20: =AC20/Q20 -> 0 | AF20: =IF(AND(R20>0,AB20>0),(AB20/(R20*1000))*1000,0) -> 0 | AG20: =IF(AND(S20>0,AC20>0),AC20/S20,0) -> 0 | AH20: =+BF20+BG20 -> 116.591 | AI20: =AH20+AI19 -> 1668.018 | AJ20: =AH20/(P20) -> 2.3084127 | AK20: =AI20/(Q20) -> 2.5714035 | AL20: =IF(AND(R20>0,AH20>0),AH20/(R20),0) -> 2.3781463 | AM20: =IF(AND(S20>0,AI20>0),AI20/(S20),0) -> 2.6941538 | AN20: 0 | AO20: =AN20+AO19 -> 62.5 | AP20: =AN20/(P20) -> 0 | AQ20: =AO20/(Q20) -> 0.09634951 | AR20: =IF(AND(R20>0,AN20>0),AN20/(R20),0) -> 0 | AS20: =IF(AND(S20>0,AO20>0),AO20/(S20),0) -> 0.10094892 | AT20: ='12'!I46 -> 46234.88 | AU20: =AT20+AU19 -> 460984.45 | AV20: =IF(AND(L20>0,AT20>0),(AT20/(P20*1000)*1000),0) -> 915.41529 | AW20: =IF(AND(M20>0,AU20>0),(AU20/(Q20*1000)*1000),0) -> 710.65001 | AX20: =IF(AND(R20>0,AT20>0),(AT20/(R20*1000)*1000),0) -> 943.06858 | AY20: =IF(AND(S20>0,AU20>0),(AU20/(S20*1000)*1000),0) -> 744.57412 | AZ20: =+Listrik!AH19 -> 456 | BA20: =AZ20+BA19 -> 109178 | BB20: =IF(AND(L20>0,AZ20>0),(AZ20/(P20*1000)*1000),0) -> 9.0284515 | BC20: =IF(AND(M20>0,BA20>0),(BA20/(Q20*1000)*1000),0) -> 168.30795 | BD20: =IF(AND(R20>0,AZ20>0),(AZ20/(R20*1000)*1000),0) -> 9.3011871 | BE20: =IF(AND(S20>0,BA20>0),(BA20/(S20*1000)*1000),0) -> 176.34242 | BF20: 9.368 | BG20: 107.223 | BH20: =+SUM(Efficiency2!K61:K62) -> 53.861595 | BI20: =BI19+BH20 -> 714.23694 | BJ20: =+R20/BH20 -> 0.91022184 | BK20: =+S20/BI20 -> 0.8668342
A21: =A20+1 -> 45882 | B21: Napkin | C21: 17/16 | D21: =+'13'!F42 -> 830 | E21: =+'13'!G42 -> 685.7875 | F21: =1-(E21/D21) -> 0.17375 | G21: =+P21/N21 -> 0.88931062 | H21: =+P21/L21 -> 0.88931062 | I21: =+R21/P21 -> 0.91013151 | J21: =+R21/L21 -> 0.80938962 | K21: =+S21/M21 -> 0.80881996 | L21: =+SUM(Efficiency1!K65:K66) -> 53.44027 | M21: =M20+L21 -> 818.94492 | N21: =+SUM(Efficiency1!C65:C66) -> 53.44027 | O21: =O20+N21 -> 801.47527 | P21: ='13'!I38 -> 47.525 | Q21: =Q20+P21 -> 696.205 | R21: ='13'!I40 -> 43.254 | S21: =S20+R21 -> 662.379 | T21: =R21/P21 -> 0.91013151 | U21: =S21/Q21 -> 0.95141374 | V21: =R21/L21 -> 0.80938962 | W21: =S21/M21 -> 0.80881996 | AB21: 0 | AC21: =AB21+AC20 -> 0 | AD21: =AB21/P21 -> 0 | AE21: =AC21/Q21 -> 0 | AF21: =IF(AND(R21>0,AB21>0),(AB21/(R21*1000))*1000,0) -> 0 | AG21: =IF(AND(S21>0,AC21>0),AC21/S21,0) -> 0 | AH21: =+BF21+BG21 -> 116.601 | AI21: =AH21+AI20 -> 1784.619 | AJ21: =AH21/(P21) -> 2.4534666 | AK21: =AI21/(Q21) -> 2.5633527 | AL21: =IF(AND(R21>0,AH21>0),AH21/(R21),0) -> 2.6957276 | AM21: =IF(AND(S21>0,AI21>0),AI21/(S21),0) -> 2.6942566 | AN21: 0 | AO21: =AN21+AO20 -> 62.5 | AP21: =AN21/(P21) -> 0 | AQ21: =AO21/(Q21) -> 0.089772409 | AR21: =IF(AND(R21>0,AN21>0),AN21/(R21),0) -> 0 | AS21: =IF(AND(S21>0,AO21>0),AO21/(S21),0) -> 0.094356856 | AT21: ='13'!I46 -> 45494.83 | AU21: =AT21+AU20 -> 506479.28 | AV21: =IF(AND(L21>0,AT21>0),(AT21/(P21*1000)*1000),0) -> 957.28206 | AW21: =IF(AND(M21>0,AU21>0),(AU21/(Q21*1000)*1000),0) -> 727.48584 | AX21: =IF(AND(R21>0,AT21>0),(AT21/(R21*1000)*1000),0) -> 1051.8063 | AY21: =IF(AND(S21>0,AU21>0),(AU21/(S21*1000)*1000),0) -> 764.63668 | AZ21: =+Listrik!AH20 -> 531 | BA21: =AZ21+BA20 -> 109709 | BB21: =IF(AND(L21>0,AZ21>0),(AZ21/(P21*1000)*1000),0) -> 11.173067 | BC21: =IF(AND(M21>0,BA21>0),(BA21/(Q21*1000)*1000),0) -> 157.58146 | BD21: =IF(AND(R21>0,AZ21>0),(AZ21/(R21*1000)*1000),0) -> 12.276321 | BE21: =IF(AND(S21>0,BA21>0),(BA21/(S21*1000)*1000),0) -> 165.62874 | BF21: 9.407 | BG21: 107.194 | BH21: =+SUM(Efficiency2!K65:K66) -> 53.44027 | BI21: =BI20+BH21 -> 767.67721 | BJ21: =+R21/BH21 -> 0.80938962 | BK21: =+S21/BI21 -> 0.86283531
A22: =A21+1 -> 45883 | B22: Napkin | C22: 16 | D22: =+'14'!F42 -> 830 | E22: =+'14'!G42 -> 705.5 | F22: =1-(E22/D22) -> 0.15 | G22: =+P22/N22 -> 0.92427 | H22: =+P22/L22 -> 0.92427 | I22: =+R22/P22 -> 0.94157168 | J22: =+R22/L22 -> 0.87026645 | K22: =+S22/M22 -> 0.81248964 | L22: =+Efficiency1!K70 -> 52.015104 | M22: =M21+L22 -> 870.96003 | N22: =+Efficiency1!C70 -> 52.015104 | O22: =O21+N22 -> 853.49038 | P22: ='14'!I38 -> 48.076 | Q22: =Q21+P22 -> 744.281 | R22: ='14'!I40 -> 45.267 | S22: =S21+R22 -> 707.646 | T22: =R22/P22 -> 0.94157168 | U22: =S22/Q22 -> 0.950778 | V22: =R22/L22 -> 0.87026645 | W22: =S22/M22 -> 0.81248964 | AB22: 0 | AC22: =AB22+AC21 -> 0 | AD22: =AB22/P22 -> 0 | AE22: =AC22/Q22 -> 0 | AF22: =IF(AND(R22>0,AB22>0),(AB22/(R22*1000))*1000,0) -> 0 | AG22: =IF(AND(S22>0,AC22>0),AC22/S22,0) -> 0 | AH22: =+BF22+BG22 -> 115.741 | AI22: =AH22+AI21 -> 1900.36 | AJ22: =AH22/(P22) -> 2.407459 | AK22: =AI22/(Q22) -> 2.553283 | AL22: =IF(AND(R22>0,AH22>0),AH22/(R22),0) -> 2.5568516 | AM22: =IF(AND(S22>0,AI22>0),AI22/(S22),0) -> 2.685467 | AN22: 0 | AO22: =AN22+AO21 -> 62.5 | AP22: =AN22/(P22) -> 0 | AQ22: =AO22/(Q22) -> 0.08397366 | AR22: =IF(AND(R22>0,AN22>0),AN22/(R22),0) -> 0 | AS22: =IF(AND(S22>0,AO22>0),AO22/(S22),0) -> 0.088320997 | AT22: ='14'!I46 -> 41466.24 | AU22: =AT22+AU21 -> 547945.52 | AV22: =IF(AND(L22>0,AT22>0),(AT22/(P22*1000)*1000),0) -> 862.51435 | AW22: =IF(AND(M22>0,AU22>0),(AU22/(Q22*1000)*1000),0) -> 736.20786 | AX22: =IF(AND(R22>0,AT22>0),(AT22/(R22*1000)*1000),0) -> 916.03685 | AY22: =IF(AND(S22>0,AU22>0),(AU22/(S22*1000)*1000),0) -> 774.32151 | AZ22: =+Listrik!AH21 -> 363 | BA22: =AZ22+BA21 -> 110072 | BB22: =IF(AND(L22>0,AZ22>0),(AZ22/(P22*1000)*1000),0) -> 7.550545 | BC22: =IF(AND(M22>0,BA22>0),(BA22/(Q22*1000)*1000),0) -> 147.89038 | BD22: =IF(AND(R22>0,AZ22>0),(AZ22/(R22*1000)*1000),0) -> 8.0190868 | BE22: =IF(AND(S22>0,BA22>0),(BA22/(S22*1000)*1000),0) -> 155.5467 | BF22: 10.371 | BG22: 105.37 | BH22: =+Efficiency2!K70 -> 52.015104 | BI22: =BI21+BH22 -> 819.69231 | BJ22: =+R22/BH22 -> 0.87026645 | BK22: =+S22/BI22 -> 0.86330687
A23: =A22+1 -> 45884 | B23: Napkin | C23: 16 | D23: =+'15'!F42 -> 830 | E23: =+'15'!G42 -> 705.5 | F23: =1-(E23/D23) -> 0.15 | G23: =+P23/N23 -> 0.94151499 | H23: =+P23/L23 -> 0.94151499 | I23: =+R23/P23 -> 0.98868764 | J23: =+R23/L23 -> 0.93086424 | K23: =+S23/M23 -> 0.81916075 | L23: =+Efficiency1!K74 -> 52.015104 | M23: =M22+L23 -> 922.97513 | N23: =+Efficiency1!C74 -> 52.015104 | O23: =O22+N23 -> 905.50548 | P23: ='15'!I38 -> 48.973 | Q23: =Q22+P23 -> 793.254 | R23: ='15'!I40 -> 48.419 | S23: =S22+R23 -> 756.065 | T23: =R23/P23 -> 0.98868764 | U23: =S23/Q23 -> 0.95311842 | V23: =R23/L23 -> 0.93086424 | W23: =S23/M23 -> 0.81916075 | AB23: 0 | AC23: =AB23+AC22 -> 0 | AD23: =AB23/P23 -> 0 | AE23: =AC23/Q23 -> 0 | AF23: =IF(AND(R23>0,AB23>0),(AB23/(R23*1000))*1000,0) -> 0 | AG23: =IF(AND(S23>0,AC23>0),AC23/S23,0) -> 0 | AH23: =+BF23+BG23 -> 117.891 | AI23: =AH23+AI22 -> 2018.251 | AJ23: =AH23/(P23) -> 2.4072652 | AK23: =AI23/(Q23) -> 2.5442683 | AL23: =IF(AND(R23>0,AH23>0),AH23/(R23),0) -> 2.4348086 | AM23: =IF(AND(S23>0,AI23>0),AI23/(S23),0) -> 2.6694147 | AN23: 0 | AO23: =AN23+AO22 -> 62.5 | AP23: =AN23/(P23) -> 0 | AQ23: =AO23/(Q23) -> 0.078789392 | AR23: =IF(AND(R23>0,AN23>0),AN23/(R23),0) -> 0 | AS23: =IF(AND(S23>0,AO23>0),AO23/(S23),0) -> 0.08266485 | AT23: ='15'!I46 -> 45444.29 | AU23: =AT23+AU22 -> 593389.81 | AV23: =IF(AND(L23>0,AT23>0),(AT23/(P23*1000)*1000),0) -> 927.94581 | AW23: =IF(AND(M23>0,AU23>0),(AU23/(Q23*1000)*1000),0) -> 748.04515 | AX23: =IF(AND(R23>0,AT23>0),(AT23/(R23*1000)*1000),0) -> 938.56317 | AY23: =IF(AND(S23>0,AU23>0),(AU23/(S23*1000)*1000),0) -> 784.83968 | AZ23: =+Listrik!AH22 -> 444 | BA23: =AZ23+BA22 -> 110516 | BB23: =IF(AND(L23>0,AZ23>0),(AZ23/(P23*1000)*1000),0) -> 9.0662202 | BC23: =IF(AND(M23>0,BA23>0),(BA23/(Q23*1000)*1000),0) -> 139.31981 | BD23: =IF(AND(R23>0,AZ23>0),(AZ23/(R23*1000)*1000),0) -> 9.1699539 | BE23: =IF(AND(S23>0,BA23>0),(BA23/(S23*1000)*1000),0) -> 146.17262 | BF23: 11.933 | BG23: 105.958 | BH23: =+Efficiency2!K74 -> 52.015104 | BI23: =BI22+BH23 -> 871.70741 | BJ23: =+R23/BH23 -> 0.93086424 | BK23: =+S23/BI23 -> 0.86733804
A24: =A23+1 -> 45885 | B24: Napkin | C24: 16 | D24: =+'16'!F42 -> 830 | E24: =+'16'!G42 -> 705.5 | F24: =1-(E24/D24) -> 0.15 | G24: =+P24/N24 -> 0.93905416 | H24: =+P24/L24 -> 0.93905416 | I24: =+R24/P24 -> 1.0013922 | J24: =+R24/L24 -> 0.94036148 | K24: =+S24/M24 -> 0.82562673 | L24: =+Efficiency1!K78 -> 52.015104 | M24: =M23+L24 -> 974.99024 | N24: =+Efficiency1!C78 -> 52.015104 | O24: =O23+N24 -> 957.52058 | P24: ='16'!I38 -> 48.845 | Q24: =Q23+P24 -> 842.099 | R24: ='16'!I40 -> 48.913 | S24: =S23+R24 -> 804.978 | T24: =R24/P24 -> 1.0013922 | U24: =S24/Q24 -> 0.95591848 | V24: =R24/L24 -> 0.94036148 | W24: =S24/M24 -> 0.82562673 | AB24: 0 | AC24: =AB24+AC23 -> 0 | AD24: =AB24/P24 -> 0 | AE24: =AC24/Q24 -> 0 | AF24: =IF(AND(R24>0,AB24>0),(AB24/(R24*1000))*1000,0) -> 0 | AG24: =IF(AND(S24>0,AC24>0),AC24/S24,0) -> 0 | AH24: =+BF24+BG24 -> 115.43 | AI24: =AH24+AI23 -> 2133.681 | AJ24: =AH24/(P24) -> 2.3631897 | AK24: =AI24/(Q24) -> 2.533765 | AL24: =IF(AND(R24>0,AH24>0),AH24/(R24),0) -> 2.3599043 | AM24: =IF(AND(S24>0,AI24>0),AI24/(S24),0) -> 2.6506078 | AN24: 0 | AO24: =AN24+AO23 -> 62.5 | AP24: =AN24/(P24) -> 0 | AQ24: =AO24/(Q24) -> 0.074219302 | AR24: =IF(AND(R24>0,AN24>0),AN24/(R24),0) -> 0 | AS24: =IF(AND(S24>0,AO24>0),AO24/(S24),0) -> 0.077641873 | AT24: ='16'!I46 -> 45451.2 | AU24: =AT24+AU23 -> 638841.01 | AV24: =IF(AND(L24>0,AT24>0),(AT24/(P24*1000)*1000),0) -> 930.51899 | AW24: =IF(AND(M24>0,AU24>0),(AU24/(Q24*1000)*1000),0) -> 758.62934 | AX24: =IF(AND(R24>0,AT24>0),(AT24/(R24*1000)*1000),0) -> 929.22536 | AY24: =IF(AND(S24>0,AU24>0),(AU24/(S24*1000)*1000),0) -> 793.61301 | AZ24: =+Listrik!AH23 -> 438 | BA24: =AZ24+BA23 -> 110954 | BB24: =IF(AND(L24>0,AZ24>0),(AZ24/(P24*1000)*1000),0) -> 8.967141 | BC24: =IF(AND(M24>0,BA24>0),(BA24/(Q24*1000)*1000),0) -> 131.75885 | BD24: =IF(AND(R24>0,AZ24>0),(AZ24/(R24*1000)*1000),0) -> 8.9546746 | BE24: =IF(AND(S24>0,BA24>0),(BA24/(S24*1000)*1000),0) -> 137.83482 | BF24: 10.511 | BG24: 104.919 | BH24: =+Efficiency2!K78 -> 52.015104 | BI24: =BI23+BH24 -> 923.72252 | BJ24: =+R24/BH24 -> 0.94036148 | BK24: =+S24/BI24 -> 0.87145001
A25: =A24+1 -> 45886 | B25: Napkin | C25: 16 | D25: =+'17'!F42 -> 830 | E25: =+'17'!G42 -> 705.5 | F25: =1-(E25/D25) -> 0.15 | G25: =+P25/N25 -> 0.93313281 | H25: =+P25/L25 -> 0.93313281 | I25: =+R25/P25 -> 1.014731 | J25: =+R25/L25 -> 0.94687881 | K25: =+S25/M25 -> 0.83176783 | L25: =+Efficiency1!K82 -> 52.015104 | M25: =M24+L25 -> 1027.0053 | N25: =+Efficiency1!C82 -> 52.015104 | O25: =O24+N25 -> 1009.5357 | P25: ='17'!I38 -> 48.537 | Q25: =Q24+P25 -> 890.636 | R25: ='17'!I40 -> 49.252 | S25: =S24+R25 -> 854.23 | T25: =R25/P25 -> 1.014731 | U25: =S25/Q25 -> 0.95912359 | V25: =R25/L25 -> 0.94687881 | W25: =S25/M25 -> 0.83176783 | AB25: 0 | AC25: =AB25+AC24 -> 0 | AD25: =AB25/P25 -> 0 | AE25: =AC25/Q25 -> 0 | AF25: =IF(AND(R25>0,AB25>0),(AB25/(R25*1000))*1000,0) -> 0 | AG25: =IF(AND(S25>0,AC25>0),AC25/S25,0) -> 0 | AH25: =+BF25+BG25 -> 113.325 | AI25: =AH25+AI24 -> 2247.006 | AJ25: =AH25/(P25) -> 2.3348167 | AK25: =AI25/(Q25) -> 2.5229229 | AL25: =IF(AND(R25>0,AH25>0),AH25/(R25),0) -> 2.3009218 | AM25: =IF(AND(S25>0,AI25>0),AI25/(S25),0) -> 2.6304461 | AN25: 0 | AO25: =AN25+AO24 -> 62.5 | AP25: =AN25/(P25) -> 0 | AQ25: =AO25/(Q25) -> 0.070174572 | AR25: =IF(AND(R25>0,AN25>0),AN25/(R25),0) -> 0 | AS25: =IF(AND(S25>0,AO25>0),AO25/(S25),0) -> 0.073165307 | AT25: ='17'!I46 -> 43184.71 | AU25: =AT25+AU24 -> 682025.72 | AV25: =IF(AND(L25>0,AT25>0),(AT25/(P25*1000)*1000),0) -> 889.72763 | AW25: =IF(AND(M25>0,AU25>0),(AU25/(Q25*1000)*1000),0) -> 765.77381 | AX25: =IF(AND(R25>0,AT25>0),(AT25/(R25*1000)*1000),0) -> 876.8113 | AY25: =IF(AND(S25>0,AU25>0),(AU25/(S25*1000)*1000),0) -> 798.40994 | AZ25: =+Listrik!AH24 -> 422 | BA25: =AZ25+BA24 -> 111376 | BB25: =IF(AND(L25>0,AZ25>0),(AZ25/(P25*1000)*1000),0) -> 8.6943981 | BC25: =IF(AND(M25>0,BA25>0),(BA25/(Q25*1000)*1000),0) -> 125.05221 | BD25: =IF(AND(R25>0,AZ25>0),(AZ25/(R25*1000)*1000),0) -> 8.56818 | BE25: =IF(AND(S25>0,BA25>0),(BA25/(S25*1000)*1000),0) -> 130.38175 | BF25: 9.749 | BG25: 103.576 | BH25: =+Efficiency2!K82 -> 52.015104 | BI25: =BI24+BH25 -> 975.73762 | BJ25: =+R25/BH25 -> 0.94687881 | BK25: =+S25/BI25 -> 0.87547101
A26: =A25+1 -> 45887 | B26: Napkin/Towel | C26: 16/23 | D26: =+'18'!F42 -> 830 | E26: =+'18'!G42 -> 718.9875 | F26: =1-(E26/D26) -> 0.13375 | G26: =+P26/N26 -> 0.94948021 | H26: =+P26/L26 -> 0.94948021 | I26: =+R26/P26 -> 0.98086657 | J26: =+R26/L26 -> 0.93131339 | K26: =+S26/M26 -> 0.83788225 | L26: =+SUM(Efficiency1!K87:K88) -> 67.210458 | M26: =M25+L26 -> 1094.2158 | N26: =+SUM(Efficiency1!C87:C88) -> 67.210458 | O26: =O25+N26 -> 1076.7461 | P26: ='18'!I38 -> 63.815 | Q26: =Q25+P26 -> 954.451 | R26: ='18'!I40 -> 62.594 | S26: =S25+R26 -> 916.824 | T26: =R26/P26 -> 0.98086657 | U26: =S26/Q26 -> 0.96057734 | V26: =R26/L26 -> 0.93131339 | W26: =S26/M26 -> 0.83788225 | AB26: 0 | AC26: =AB26+AC25 -> 0 | AD26: =AB26/P26 -> 0 | AE26: =AC26/Q26 -> 0 | AF26: =IF(AND(R26>0,AB26>0),(AB26/(R26*1000))*1000,0) -> 0 | AG26: =IF(AND(S26>0,AC26>0),AC26/S26,0) -> 0 | AH26: =+BF26+BG26 -> 135.752 | AI26: =AH26+AI25 -> 2382.758 | AJ26: =AH26/(P26) -> 2.1272742 | AK26: =AI26/(Q26) -> 2.4964697 | AL26: =IF(AND(R26>0,AH26>0),AH26/(R26),0) -> 2.1687702 | AM26: =IF(AND(S26>0,AI26>0),AI26/(S26),0) -> 2.5989263 | AN26: 0 | AO26: =AN26+AO25 -> 62.5 | AP26: =AN26/(P26) -> 0 | AQ26: =AO26/(Q26) -> 0.06548267 | AR26: =IF(AND(R26>0,AN26>0),AN26/(R26),0) -> 0 | AS26: =IF(AND(S26>0,AO26>0),AO26/(S26),0) -> 0.068170118 | AT26: ='18'!I46 -> 46342.47 | AU26: =AT26+AU25 -> 728368.19 | AV26: =IF(AND(L26>0,AT26>0),(AT26/(P26*1000)*1000),0) -> 726.20027 | AW26: =IF(AND(M26>0,AU26>0),(AU26/(Q26*1000)*1000),0) -> 763.1279 | AX26: =IF(AND(R26>0,AT26>0),(AT26/(R26*1000)*1000),0) -> 740.36601 | AY26: =IF(AND(S26>0,AU26>0),(AU26/(S26*1000)*1000),0) -> 794.44712 | AZ26: =+Listrik!AH25 -> 451 | BA26: =AZ26+BA25 -> 111827 | BB26: =IF(AND(L26>0,AZ26>0),(AZ26/(P26*1000)*1000),0) -> 7.0673039 | BC26: =IF(AND(M26>0,BA26>0),(BA26/(Q26*1000)*1000),0) -> 117.16369 | BD26: =IF(AND(R26>0,AZ26>0),(AZ26/(R26*1000)*1000),0) -> 7.2051634 | BE26: =IF(AND(S26>0,BA26>0),(BA26/(S26*1000)*1000),0) -> 121.97216 | BF26: 20.451 | BG26: 115.301 | BH26: =+SUM(Efficiency2!K87:K88) -> 67.210458 | BI26: =BI25+BH26 -> 1042.9481 | BJ26: =+R26/BH26 -> 0.93131339 | BK26: =+S26/BI26 -> 0.87906965
A27: =A26+1 -> 45888 | B27: Towel | C27: 23/17 | D27: =+'19'!F42 -> 830 | E27: =+'19'!G42 -> 709.65 | F27: =1-(E27/D27) -> 0.145 | G27: =+P27/N27 -> 0.95443971 | H27: =+P27/L27 -> 0.95443971 | I27: =+R27/P27 -> 0.94104074 | J27: =+R27/L27 -> 0.89816665 | K27: =+S27/M27 -> 0.84145923 | L27: =+SUM(Efficiency1!K92:K93) -> 69.020599 | M27: =M26+L27 -> 1163.2364 | N27: =+SUM(Efficiency1!C92:C93) -> 69.020599 | O27: =O26+N27 -> 1145.7667 | P27: ='19'!I38 -> 65.876 | Q27: =Q26+P27 -> 1020.327 | R27: ='19'!I40 -> 61.992 | S27: =S26+R27 -> 978.816 | T27: =R27/P27 -> 0.94104074 | U27: =S27/Q27 -> 0.95931598 | V27: =R27/L27 -> 0.89816665 | W27: =S27/M27 -> 0.84145923 | AB27: 0 | AC27: =AB27+AC26 -> 0 | AD27: =AB27/P27 -> 0 | AE27: =AC27/Q27 -> 0 | AF27: =IF(AND(R27>0,AB27>0),(AB27/(R27*1000))*1000,0) -> 0 | AG27: =IF(AND(S27>0,AC27>0),AC27/S27,0) -> 0 | AH27: =+BF27+BG27 -> 138.817 | AI27: =AH27+AI26 -> 2521.575 | AJ27: =AH27/(P27) -> 2.1072469 | AK27: =AI27/(Q27) -> 2.4713401 | AL27: =IF(AND(R27>0,AH27>0),AH27/(R27),0) -> 2.2392728 | AM27: =IF(AND(S27>0,AI27>0),AI27/(S27),0) -> 2.5761481 | AN27: 0 | AO27: =AN27+AO26 -> 62.5 | AP27: =AN27/(P27) -> 0 | AQ27: =AO27/(Q27) -> 0.061254872 | AR27: =IF(AND(R27>0,AN27>0),AN27/(R27),0) -> 0 | AS27: =IF(AND(S27>0,AO27>0),AO27/(S27),0) -> 0.063852655 | AT27: ='19'!I46 -> 48109.29 | AU27: =AT27+AU26 -> 776477.48 | AV27: =IF(AND(L27>0,AT27>0),(AT27/(P27*1000)*1000),0) -> 730.30072 | AW27: =IF(AND(M27>0,AU27>0),(AU27/(Q27*1000)*1000),0) -> 761.00846 | AX27: =IF(AND(R27>0,AT27>0),(AT27/(R27*1000)*1000),0) -> 776.05643 | AY27: =IF(AND(S27>0,AU27>0),(AU27/(S27*1000)*1000),0) -> 793.28237 | AZ27: =+Listrik!AH26 -> 448 | BA27: =AZ27+BA26 -> 112275 | BB27: =IF(AND(L27>0,AZ27>0),(AZ27/(P27*1000)*1000),0) -> 6.8006558 | BC27: =IF(AND(M27>0,BA27>0),(BA27/(Q27*1000)*1000),0) -> 110.03825 | BD27: =IF(AND(R27>0,AZ27>0),(AZ27/(R27*1000)*1000),0) -> 7.2267389 | BE27: =IF(AND(S27>0,BA27>0),(BA27/(S27*1000)*1000),0) -> 114.70491 | BF27: 22.284 | BG27: 116.533 | BH27: =+SUM(Efficiency2!K92:K93) -> 69.020599 | BI27: =BI26+BH27 -> 1111.9687 | BJ27: =+R27/BH27 -> 0.89816665 | BK27: =+S27/BI27 -> 0.88025501
A28: =A27+1 -> 45889 | B28: Towel | C28: 17 | D28: =+'20'!F42 -> 830 | E28: =+'20'!G42 -> 680.6 | F28: =1-(E28/D28) -> 0.18 | G28: =+P28/N28 -> 0.94227825 | H28: =+P28/L28 -> 0.94227825 | I28: =+R28/P28 -> 0.98982429 | J28: =+R28/L28 -> 0.9326899 | K28: =+S28/M28 -> 0.84549324 | L28: =+Efficiency1!K97 -> 53.815314 | M28: =M27+L28 -> 1217.0517 | N28: =+Efficiency1!C97 -> 53.815314 | O28: =O27+N28 -> 1199.5821 | P28: ='20'!I38 -> 50.709 | Q28: =Q27+P28 -> 1071.036 | R28: ='20'!I40 -> 50.193 | S28: =S27+R28 -> 1029.009 | T28: =R28/P28 -> 0.98982429 | U28: =S28/Q28 -> 0.96076042 | V28: =R28/L28 -> 0.9326899 | W28: =S28/M28 -> 0.84549324 | AB28: 0 | AC28: =AB28+AC27 -> 0 | AD28: =AB28/P28 -> 0 | AE28: =AC28/Q28 -> 0 | AF28: =IF(AND(R28>0,AB28>0),(AB28/(R28*1000))*1000,0) -> 0 | AG28: =IF(AND(S28>0,AC28>0),AC28/S28,0) -> 0 | AH28: =+BF28+BG28 -> 123.075 | AI28: =AH28+AI27 -> 2644.65 | AJ28: =AH28/(P28) -> 2.4270839 | AK28: =AI28/(Q28) -> 2.4692447 | AL28: =IF(AND(R28>0,AH28>0),AH28/(R28),0) -> 2.4520351 | AM28: =IF(AND(S28>0,AI28>0),AI28/(S28),0) -> 2.5700941 | AN28: 0 | AO28: =AN28+AO27 -> 62.5 | AP28: =AN28/(P28) -> 0 | AQ28: =AO28/(Q28) -> 0.058354715 | AR28: =IF(AND(R28>0,AN28>0),AN28/(R28),0) -> 0 | AS28: =IF(AND(S28>0,AO28>0),AO28/(S28),0) -> 0.06073805 | AT28: ='20'!I46 -> 48289.2 | AU28: =AT28+AU27 -> 824766.68 | AV28: =IF(AND(L28>0,AT28>0),(AT28/(P28*1000)*1000),0) -> 952.28066 | AW28: =IF(AND(M28>0,AU28>0),(AU28/(Q28*1000)*1000),0) -> 770.06439 | AX28: =IF(AND(R28>0,AT28>0),(AT28/(R28*1000)*1000),0) -> 962.07041 | AY28: =IF(AND(S28>0,AU28>0),(AU28/(S28*1000)*1000),0) -> 801.51552 | AZ28: =+Listrik!AH27 -> 448 | BA28: =AZ28+BA27 -> 112723 | BB28: =IF(AND(L28>0,AZ28>0),(AZ28/(P28*1000)*1000),0) -> 8.8347236 | BC28: =IF(AND(M28>0,BA28>0),(BA28/(Q28*1000)*1000),0) -> 105.2467 | BD28: =IF(AND(R28>0,AZ28>0),(AZ28/(R28*1000)*1000),0) -> 8.9255474 | BE28: =IF(AND(S28>0,BA28>0),(BA28/(S28*1000)*1000),0) -> 109.5452 | BF28: 23.2 | BG28: 99.875 | BH28: =+Efficiency2!K97 -> 53.815314 | BI28: =BI27+BH28 -> 1165.784 | BJ28: =+R28/BH28 -> 0.9326899 | BK28: =+S28/BI28 -> 0.88267553
A29: =A28+1 -> 45890 | B29: Towel | C29: 17 | D29: =+'21'!F42 -> 830 | E29: =+'21'!G42 -> 680.6 | F29: =1-(E29/D29) -> 0.18 | G29: =+P29/N29 -> 0.9428601 | H29: =+P29/L29 -> 0.9428601 | I29: =+R29/P29 -> 0.98284208 | J29: =+R29/L29 -> 0.92668258 | K29: =+S29/M29 -> 0.84893654 | L29: =+Efficiency1!K101 -> 53.901952 | M29: =M28+L29 -> 1270.9537 | N29: =+Efficiency1!C101 -> 53.901952 | O29: =O28+N29 -> 1253.484 | P29: ='21'!I38 -> 50.822 | Q29: =Q28+P29 -> 1121.858 | R29: ='21'!I40 -> 49.95 | S29: =S28+R29 -> 1078.959 | T29: =R29/P29 -> 0.98284208 | U29: =S29/Q29 -> 0.96176076 | V29: =R29/L29 -> 0.92668258 | W29: =S29/M29 -> 0.84893654 | AB29: 0 | AC29: =AB29+AC28 -> 0 | AD29: =AB29/P29 -> 0 | AE29: =AC29/Q29 -> 0 | AF29: =IF(AND(R29>0,AB29>0),(AB29/(R29*1000))*1000,0) -> 0 | AG29: =IF(AND(S29>0,AC29>0),AC29/S29,0) -> 0 | AH29: =+BF29+BG29 -> 108.176 | AI29: =AH29+AI28 -> 2752.826 | AJ29: =AH29/(P29) -> 2.128527 | AK29: =AI29/(Q29) -> 2.4538097 | AL29: =IF(AND(R29>0,AH29>0),AH29/(R29),0) -> 2.1656857 | AM29: =IF(AND(S29>0,AI29>0),AI29/(S29),0) -> 2.5513722 | AN29: 0 | AO29: =AN29+AO28 -> 62.5 | AP29: =AN29/(P29) -> 0 | AQ29: =AO29/(Q29) -> 0.055711151 | AR29: =IF(AND(R29>0,AN29>0),AN29/(R29),0) -> 0 | AS29: =IF(AND(S29>0,AO29>0),AO29/(S29),0) -> 0.057926205 | AT29: ='21'!I46 -> 42917.65 | AU29: =AT29+AU28 -> 867684.33 | AV29: =IF(AND(L29>0,AT29>0),(AT29/(P29*1000)*1000),0) -> 844.46991 | AW29: =IF(AND(M29>0,AU29>0),(AU29/(Q29*1000)*1000),0) -> 773.43508 | AX29: =IF(AND(R29>0,AT29>0),(AT29/(R29*1000)*1000),0) -> 859.21221 | AY29: =IF(AND(S29>0,AU29>0),(AU29/(S29*1000)*1000),0) -> 804.18656 | AZ29: =+Listrik!AH28 -> 426 | BA29: =AZ29+BA28 -> 113149 | BB29: =IF(AND(L29>0,AZ29>0),(AZ29/(P29*1000)*1000),0) -> 8.3821967 | BC29: =IF(AND(M29>0,BA29>0),(BA29/(Q29*1000)*1000),0) -> 100.85858 | BD29: =IF(AND(R29>0,AZ29>0),(AZ29/(R29*1000)*1000),0) -> 8.5285285 | BE29: =IF(AND(S29>0,BA29>0),(BA29/(S29*1000)*1000),0) -> 104.86867 | BF29: 7.726 | BG29: 100.45 | BH29: =+Efficiency2!K101 -> 53.901952 | BI29: =BI28+BH29 -> 1219.6859 | BJ29: =+R29/BH29 -> 0.92668258 | BK29: =+S29/BI29 -> 0.88462034
A30: =A29+1 -> 45891 | B30: Towel | C30: 17/16 | D30: =+'22'!F42 -> 830 | E30: =+'22'!G42 -> 680.6 | F30: =1-(E30/D30) -> 0.18 | G30: =+P30/N30 -> 0.94815375 | H30: =+P30/L30 -> 0.94815375 | I30: =+R30/P30 -> 0.99561797 | J30: =+R30/L30 -> 0.94399891 | K30: =+S30/M30 -> 0.85273861 | L30: =+SUM(Efficiency1!K105:K106) -> 52.950273 | M30: =M29+L30 -> 1323.9039 | N30: =+SUM(Efficiency1!C105:C106) -> 52.950273 | O30: =O29+N30 -> 1306.4343 | P30: ='22'!I38 -> 50.205 | Q30: =Q29+P30 -> 1172.063 | R30: ='22'!I40 -> 49.985 | S30: =S29+R30 -> 1128.944 | T30: =R30/P30 -> 0.99561797 | U30: =S30/Q30 -> 0.96321102 | V30: =R30/L30 -> 0.94399891 | W30: =S30/M30 -> 0.85273861 | AB30: 0 | AC30: =AB30+AC29 -> 0 | AD30: =AB30/P30 -> 0 | AE30: =AC30/Q30 -> 0 | AF30: =IF(AND(R30>0,AB30>0),(AB30/(R30*1000))*1000,0) -> 0 | AG30: =IF(AND(S30>0,AC30>0),AC30/S30,0) -> 0 | AH30: =+BF30+BG30 -> 105.152 | AI30: =AH30+AI29 -> 2857.978 | AJ30: =AH30/(P30) -> 2.0944527 | AK30: =AI30/(Q30) -> 2.4384167 | AL30: =IF(AND(R30>0,AH30>0),AH30/(R30),0) -> 2.1036711 | AM30: =IF(AND(S30>0,AI30>0),AI30/(S30),0) -> 2.5315498 | AN30: 0 | AO30: =AN30+AO29 -> 62.5 | AP30: =AN30/(P30) -> 0 | AQ30: =AO30/(Q30) -> 0.053324779 | AR30: =IF(AND(R30>0,AN30>0),AN30/(R30),0) -> 0 | AS30: =IF(AND(S30>0,AO30>0),AO30/(S30),0) -> 0.055361471 | AT30: ='22'!I46 -> 43762.28 | AU30: =AT30+AU29 -> 911446.61 | AV30: =IF(AND(L30>0,AT30>0),(AT30/(P30*1000)*1000),0) -> 871.67175 | AW30: =IF(AND(M30>0,AU30>0),(AU30/(Q30*1000)*1000),0) -> 777.64302 | AX30: =IF(AND(R30>0,AT30>0),(AT30/(R30*1000)*1000),0) -> 875.50825 | AY30: =IF(AND(S30>0,AU30>0),(AU30/(S30*1000)*1000),0) -> 807.34439 | AZ30: =+Listrik!AH29 -> 442 | BA30: =AZ30+BA29 -> 113591 | BB30: =IF(AND(L30>0,AZ30>0),(AZ30/(P30*1000)*1000),0) -> 8.803904 | BC30: =IF(AND(M30>0,BA30>0),(BA30/(Q30*1000)*1000),0) -> 96.915439 | BD30: =IF(AND(R30>0,AZ30>0),(AZ30/(R30*1000)*1000),0) -> 8.8426528 | BE30: =IF(AND(S30>0,BA30>0),(BA30/(S30*1000)*1000),0) -> 100.61704 | BF30: 6.286 | BG30: 98.866 | BH30: =+SUM(Efficiency2!K105:K106) -> 52.950273 | BI30: =BI29+BH30 -> 1272.6362 | BJ30: =+R30/BH30 -> 0.94399891 | BK30: =+S30/BI30 -> 0.88709089
A31: =A30+1 -> 45892 | B31: Towel | C31: 16 | D31: =+'23'!F42 -> 830 | E31: =+'23'!G42 -> 680.6 | F31: =1-(E31/D31) -> 0.18 | G31: =+P31/N31 -> 0.95912494 | H31: =+P31/L31 -> 0.95912494 | I31: =+R31/P31 -> 1.021553 | J31: =+R31/L31 -> 0.97979699 | K31: =+S31/M31 -> 0.85747629 | L31: =+Efficiency1!K110 -> 51.276948 | M31: =M30+L31 -> 1375.1809 | N31: =+Efficiency1!C110 -> 51.276948 | O31: =O30+N31 -> 1357.7112 | P31: ='23'!I38 -> 49.181 | Q31: =Q30+P31 -> 1221.244 | R31: ='23'!I40 -> 50.241 | S31: =S30+R31 -> 1179.185 | T31: =R31/P31 -> 1.021553 | U31: =S31/Q31 -> 0.96556053 | V31: =R31/L31 -> 0.97979699 | W31: =S31/M31 -> 0.85747629 | AB31: 0 | AC31: =AB31+AC30 -> 0 | AD31: =AB31/P31 -> 0 | AE31: =AC31/Q31 -> 0 | AF31: =IF(AND(R31>0,AB31>0),(AB31/(R31*1000))*1000,0) -> 0 | AG31: =IF(AND(S31>0,AC31>0),AC31/S31,0) -> 0 | AH31: =+BF31+BG31 -> 105.311 | AI31: =AH31+AI30 -> 2963.289 | AJ31: =AH31/(P31) -> 2.1412944 | AK31: =AI31/(Q31) -> 2.4264512 | AL31: =IF(AND(R31>0,AH31>0),AH31/(R31),0) -> 2.0961167 | AM31: =IF(AND(S31>0,AI31>0),AI31/(S31),0) -> 2.5129975 | AN31: 0 | AO31: =AN31+AO30 -> 62.5 | AP31: =AN31/(P31) -> 0 | AQ31: =AO31/(Q31) -> 0.051177324 | AR31: =IF(AND(R31>0,AN31>0),AN31/(R31),0) -> 0 | AS31: =IF(AND(S31>0,AO31>0),AO31/(S31),0) -> 0.053002709 | AT31: ='23'!I46 -> 43551.41 | AU31: =AT31+AU30 -> 954998.02 | AV31: =IF(AND(L31>0,AT31>0),(AT31/(P31*1000)*1000),0) -> 885.53323 | AW31: =IF(AND(M31>0,AU31>0),(AU31/(Q31*1000)*1000),0) -> 781.98789 | AX31: =IF(AND(R31>0,AT31>0),(AT31/(R31*1000)*1000),0) -> 866.84998 | AY31: =IF(AND(S31>0,AU31>0),(AU31/(S31*1000)*1000),0) -> 809.87972 | AZ31: =+Listrik!AH30 -> 269 | BA31: =AZ31+BA30 -> 113860 | BB31: =IF(AND(L31>0,AZ31>0),(AZ31/(P31*1000)*1000),0) -> 5.4695919 | BC31: =IF(AND(M31>0,BA31>0),(BA31/(Q31*1000)*1000),0) -> 93.232802 | BD31: =IF(AND(R31>0,AZ31>0),(AZ31/(R31*1000)*1000),0) -> 5.3541928 | BE31: =IF(AND(S31>0,BA31>0),(BA31/(S31*1000)*1000),0) -> 96.558216 | BF31: 6.385 | BG31: 98.926 | BH31: =+Efficiency2!K110 -> 51.276948 | BI31: =BI30+BH31 -> 1323.9132 | BJ31: =+R31/BH31 -> 0.97979699 | BK31: =+S31/BI31 -> 0.89068153
A32: =A31+1 -> 45893 | B32: Towel | C32: 16 | D32: =+'24'!F42 -> 830 | E32: =+'24'!G42 -> 680.6 | F32: =1-(E32/D32) -> 0.18 | G32: =+P32/N32 -> 0.98511638 | H32: =+P32/L32 -> 0.98511638 | I32: =+R32/P32 -> 1.0126109 | J32: =+R32/L32 -> 0.99753962 | K32: =+S32/M32 -> 0.86251857 | L32: =+Efficiency1!K114 -> 51.355354 | M32: =M31+L32 -> 1426.5362 | N32: =+Efficiency1!C114 -> 51.355354 | O32: =O31+N32 -> 1409.0666 | P32: ='24'!I38 -> 50.591 | Q32: =Q31+P32 -> 1271.835 | R32: ='24'!I40 -> 51.229 | S32: =S31+R32 -> 1230.414 | T32: =R32/P32 -> 1.0126109 | U32: =S32/Q32 -> 0.9674321 | V32: =R32/L32 -> 0.99753962 | W32: =S32/M32 -> 0.86251857 | AB32: 0 | AC32: =AB32+AC31 -> 0 | AD32: =AB32/P32 -> 0 | AE32: =AC32/Q32 -> 0 | AF32: =IF(AND(R32>0,AB32>0),(AB32/(R32*1000))*1000,0) -> 0 | AG32: =IF(AND(S32>0,AC32>0),AC32/S32,0) -> 0 | AH32: =+BF32+BG32 -> 105.106 | AI32: =AH32+AI31 -> 3068.395 | AJ32: =AH32/(P32) -> 2.0775632 | AK32: =AI32/(Q32) -> 2.4125732 | AL32: =IF(AND(R32>0,AH32>0),AH32/(R32),0) -> 2.0516895 | AM32: =IF(AND(S32>0,AI32>0),AI32/(S32),0) -> 2.4937907 | AN32: 0 | AO32: =AN32+AO31 -> 62.5 | AP32: =AN32/(P32) -> 0 | AQ32: =AO32/(Q32) -> 0.049141595 | AR32: =IF(AND(R32>0,AN32>0),AN32/(R32),0) -> 0 | AS32: =IF(AND(S32>0,AO32>0),AO32/(S32),0) -> 0.050795911 | AT32: =+'24'!I46 -> 43127.88 | AU32: =AT32+AU31 -> 998125.9 | AV32: =IF(AND(L32>0,AT32>0),(AT32/(P32*1000)*1000),0) -> 852.48127 | AW32: =IF(AND(M32>0,AU32>0),(AU32/(Q32*1000)*1000),0) -> 784.79197 | AX32: =IF(AND(R32>0,AT32>0),(AT32/(R32*1000)*1000),0) -> 841.86457 | AY32: =IF(AND(S32>0,AU32>0),(AU32/(S32*1000)*1000),0) -> 811.21143 | AZ32: =+Listrik!AH31 -> 736 | BA32: =AZ32+BA31 -> 114596 | BB32: =IF(AND(L32>0,AZ32>0),(AZ32/(P32*1000)*1000),0) -> 14.548042 | BC32: =IF(AND(M32>0,BA32>0),(BA32/(Q32*1000)*1000),0) -> 90.102883 | BD32: =IF(AND(R32>0,AZ32>0),(AZ32/(R32*1000)*1000),0) -> 14.366863 | BE32: =IF(AND(S32>0,BA32>0),(BA32/(S32*1000)*1000),0) -> 93.136131 | BF32: 6.468 | BG32: 98.638 | BH32: =+Efficiency2!K114 -> 51.355354 | BI32: =BI31+BH32 -> 1375.2685 | BJ32: =+R32/BH32 -> 0.99753962 | BK32: =+S32/BI32 -> 0.89467183
A33: =A32+1 -> 45894 | B33: Towel/Napkin | C33: 16/18 | D33: =+'25'!F42 -> 830 | E33: =+'25'!G42 -> 704.11667 | F33: =1-(E33/D33) -> 0.15166667 | G33: =+P33/N33 -> 0.95970529 | H33: =+P33/L33 -> 0.95970529 | I33: =+R33/P33 -> 0.99061355 | J33: =+R33/L33 -> 0.95069706 | K33: =+S33/M33 -> 0.86594796 | L33: =+SUM(Efficiency1!K118:K119) -> 57.725013 | M33: =M32+L33 -> 1484.2613 | N33: =+SUM(Efficiency1!C118:C119) -> 57.725013 | O33: =O32+N33 -> 1466.7916 | P33: ='25'!I38 -> 55.399 | Q33: =Q32+P33 -> 1327.234 | R33: ='25'!I40 -> 54.879 | S33: =S32+R33 -> 1285.293 | T33: =R33/P33 -> 0.99061355 | U33: =S33/Q33 -> 0.96839969 | V33: =R33/L33 -> 0.95069706 | W33: =S33/M33 -> 0.86594796 | AB33: 0 | AC33: =AB33+AC32 -> 0 | AD33: =AB33/P33 -> 0 | AE33: =AC33/Q33 -> 0 | AF33: =IF(AND(R33>0,AB33>0),(AB33/(R33*1000))*1000,0) -> 0 | AG33: =IF(AND(S33>0,AC33>0),AC33/S33,0) -> 0 | AH33: =+BF33+BG33 -> 109.325 | AI33: =AH33+AI32 -> 3177.72 | AJ33: =AH33/(P33) -> 1.9734111 | AK33: =AI33/(Q33) -> 2.3942425 | AL33: =IF(AND(R33>0,AH33>0),AH33/(R33),0) -> 1.9921099 | AM33: =IF(AND(S33>0,AI33>0),AI33/(S33),0) -> 2.4723701 | AN33: 0 | AO33: =AN33+AO32 -> 62.5 | AP33: =AN33/(P33) -> 0 | AQ33: =AO33/(Q33) -> 0.047090415 | AR33: =IF(AND(R33>0,AN33>0),AN33/(R33),0) -> 0 | AS33: =IF(AND(S33>0,AO33>0),AO33/(S33),0) -> 0.048627045 | AT33: =+'25'!I46 -> 43253.17 | AU33: =AT33+AU32 -> 1041379.1 | AV33: =IF(AND(L33>0,AT33>0),(AT33/(P33*1000)*1000),0) -> 780.75723 | AW33: =IF(AND(M33>0,AU33>0),(AU33/(Q33*1000)*1000),0) -> 784.62356 | AX33: =IF(AND(R33>0,AT33>0),(AT33/(R33*1000)*1000),0) -> 788.15521 | AY33: =IF(AND(S33>0,AU33>0),(AU33/(S33*1000)*1000),0) -> 810.22698 | AZ33: =+Listrik!AH32 -> 436 | BA33: =AZ33+BA32 -> 115032 | BB33: =IF(AND(L33>0,AZ33>0),(AZ33/(P33*1000)*1000),0) -> 7.8701782 | BC33: =IF(AND(M33>0,BA33>0),(BA33/(Q33*1000)*1000),0) -> 86.670474 | BD33: =IF(AND(R33>0,AZ33>0),(AZ33/(R33*1000)*1000),0) -> 7.9447512 | BE33: =IF(AND(S33>0,BA33>0),(BA33/(S33*1000)*1000),0) -> 89.498659 | BF33: =6.979 -> 6.979 | BG33: 102.346 | BH33: =+SUM(Efficiency2!K118:K119) -> 57.725013 | BI33: =BI32+BH33 -> 1432.9935 | BJ33: =+R33/BH33 -> 0.95069706 | BK33: =+S33/BI33 -> 0.89692868
A34: =A33+1 -> 45895 | B34: Napkin | C34: 18 | D34: =+'26'!F42 -> 830 | E34: =+'26'!G42 -> 713.8 | F34: =1-(E34/D34) -> 0.14 | G34: =+P34/N34 -> 0.95867517 | H34: =+P34/L34 -> 0.95867517 | I34: =+R34/P34 -> 0.99156045 | J34: =+R34/L34 -> 0.95058438 | K34: =+S34/M34 -> 0.869253 | L34: =+Efficiency1!K123 -> 60.315529 | M34: =M33+L34 -> 1544.5768 | N34: =+Efficiency1!C123 -> 60.315529 | O34: =O33+N34 -> 1527.1071 | P34: ='26'!I38 -> 57.823 | Q34: =Q33+P34 -> 1385.057 | R34: ='26'!I40 -> 57.335 | S34: =S33+R34 -> 1342.628 | T34: =R34/P34 -> 0.99156045 | U34: =S34/Q34 -> 0.9693666 | V34: =R34/L34 -> 0.95058438 | W34: =S34/M34 -> 0.869253 | AB34: 0 | AC34: =AB34+AC33 -> 0 | AD34: =AB34/P34 -> 0 | AE34: =AC34/Q34 -> 0 | AF34: =IF(AND(R34>0,AB34>0),(AB34/(R34*1000))*1000,0) -> 0 | AG34: =IF(AND(S34>0,AC34>0),AC34/S34,0) -> 0 | AH34: =+BF34+BG34 -> 122.668 | AI34: =AH34+AI33 -> 3300.388 | AJ34: =AH34/(P34) -> 2.1214396 | AK34: =AI34/(Q34) -> 2.3828536 | AL34: =IF(AND(R34>0,AH34>0),AH34/(R34),0) -> 2.1394959 | AM34: =IF(AND(S34>0,AI34>0),AI34/(S34),0) -> 2.4581552 | AN34: 0 | AO34: =AN34+AO33 -> 62.5 | AP34: =AN34/(P34) -> 0 | AQ34: =AO34/(Q34) -> 0.045124497 | AR34: =IF(AND(R34>0,AN34>0),AN34/(R34),0) -> 0 | AS34: =IF(AND(S34>0,AO34>0),AO34/(S34),0) -> 0.046550496 | AT34: ='26'!I46 -> 45688.99 | AU34: =AT34+AU33 -> 1087068.1 | AV34: =IF(AND(L34>0,AT34>0),(AT34/(P34*1000)*1000),0) -> 790.15253 | AW34: =IF(AND(M34>0,AU34>0),(AU34/(Q34*1000)*1000),0) -> 784.85439 | AX34: =IF(AND(R34>0,AT34>0),(AT34/(R34*1000)*1000),0) -> 796.87782 | AY34: =IF(AND(S34>0,AU34>0),(AU34/(S34*1000)*1000),0) -> 809.65693 | AZ34: =+Listrik!AH33 -> 451 | BA34: =AZ34+BA33 -> 115483 | BB34: =IF(AND(L34>0,AZ34>0),(AZ34/(P34*1000)*1000),0) -> 7.7996645 | BC34: =IF(AND(M34>0,BA34>0),(BA34/(Q34*1000)*1000),0) -> 83.377796 | BD34: =IF(AND(R34>0,AZ34>0),(AZ34/(R34*1000)*1000),0) -> 7.8660504 | BE34: =IF(AND(S34>0,BA34>0),(BA34/(S34*1000)*1000),0) -> 86.012656 | BF34: =18.756 -> 18.756 | BG34: 103.912 | BH34: =+Efficiency2!K123 -> 60.315529 | BI34: =BI33+BH34 -> 1493.3091 | BJ34: =+R34/BH34 -> 0.95058438 | BK34: =+S34/BI34 -> 0.89909586
A35: =A34+1 -> 45896 | B35: Napkin | C35: 18/20 | D35: =+'27'!F42 -> 830 | E35: =+'27'!G42 -> 713.8 | F35: =1-(E35/D35) -> 0.14 | G35: =+P35/N35 -> 0.97707782 | H35: =+P35/L35 -> 0.97707782 | I35: =+R35/P35 -> 0.96034195 | J35: =+R35/L35 -> 0.93832882 | K35: =+S35/M35 -> 0.872097 | L35: =+SUM(Efficiency1!K127:K128) -> 66.324297 | M35: =M34+L35 -> 1610.9011 | N35: =+SUM(Efficiency1!C127:C128) -> 66.324297 | O35: =O34+N35 -> 1593.4314 | P35: ='27'!I38 -> 64.804 | Q35: =Q34+P35 -> 1449.861 | R35: ='27'!I40 -> 62.234 | S35: =S34+R35 -> 1404.862 | T35: =R35/P35 -> 0.96034195 | U35: =S35/Q35 -> 0.96896323 | V35: =R35/L35 -> 0.93832882 | W35: =S35/M35 -> 0.872097 | AB35: 0 | AC35: =AB35+AC34 -> 0 | AD35: =AB35/P35 -> 0 | AE35: =AC35/Q35 -> 0 | AF35: =IF(AND(R35>0,AB35>0),(AB35/(R35*1000))*1000,0) -> 0 | AG35: =IF(AND(S35>0,AC35>0),AC35/S35,0) -> 0 | AH35: =+BF35+BG35 -> 129.308 | AI35: =AH35+AI34 -> 3429.696 | AJ35: =AH35/(P35) -> 1.9953707 | AK35: =AI35/(Q35) -> 2.3655344 | AL35: =IF(AND(R35>0,AH35>0),AH35/(R35),0) -> 2.077771 | AM35: =IF(AND(S35>0,AI35>0),AI35/(S35),0) -> 2.4413046 | AN35: 9.2 | AO35: =AN35+AO34 -> 71.7 | AP35: =AN35/(P35) -> 0.14196655 | AQ35: =AO35/(Q35) -> 0.049453017 | AR35: =IF(AND(R35>0,AN35>0),AN35/(R35),0) -> 0.14782916 | AS35: =IF(AND(S35>0,AO35>0),AO35/(S35),0) -> 0.051037041 | AT35: ='27'!I46 -> 37805.63 | AU35: =AT35+AU34 -> 1124873.7 | AV35: =IF(AND(L35>0,AT35>0),(AT35/(P35*1000)*1000),0) -> 583.3842 | AW35: =IF(AND(M35>0,AU35>0),(AU35/(Q35*1000)*1000),0) -> 775.84933 | AX35: =IF(AND(R35>0,AT35>0),(AT35/(R35*1000)*1000),0) -> 607.4755 | AY35: =IF(AND(S35>0,AU35>0),(AU35/(S35*1000)*1000),0) -> 800.70049 | AZ35: =+Listrik!AH34 -> 28797.24 | BA35: =AZ35+BA34 -> 144280.24 | BB35: =IF(AND(L35>0,AZ35>0),(AZ35/(P35*1000)*1000),0) -> 444.37442 | BC35: =IF(AND(M35>0,BA35>0),(BA35/(Q35*1000)*1000),0) -> 99.513153 | BD35: =IF(AND(R35>0,AZ35>0),(AZ35/(R35*1000)*1000),0) -> 462.7252 | BE35: =IF(AND(S35>0,BA35>0),(BA35/(S35*1000)*1000),0) -> 102.70065 | BF35: =21.847 -> 21.847 | BG35: 107.461 | BH35: =+SUM(Efficiency2!K127:K128) -> 66.324297 | BI35: =BI34+BH35 -> 1559.6334 | BJ35: =+R35/BH35 -> 0.93832882 | BK35: =+S35/BI35 -> 0.90076427
A36: =A35+1 -> 45897 | B36: Napkin/Towel | C36: 20/30 | D36: =+'28'!F42 -> 658.45001 | E36: =+'28'!G42 -> 573.00647 | F36: =1-(E36/D36) -> 0.12976465 | G36: =+P36/N36 -> 0.97210566 | H36: =+P36/L36 -> 0.97210566 | I36: =+R36/P36 -> 0.97931868 | J36: =+R36/L36 -> 0.95200123 | K36: =+S36/M36 -> 0.87526035 | L36: =+SUM(Efficiency1!K132:K133) -> 66.403276 | M36: =M35+L36 -> 1677.3044 | N36: =+SUM(Efficiency1!C132:C133) -> 66.403276 | O36: =O35+N36 -> 1659.8347 | P36: ='28'!I38 -> 64.551 | Q36: =Q35+P36 -> 1514.412 | R36: ='28'!I40 -> 63.216 | S36: =S35+R36 -> 1468.078 | T36: =R36/P36 -> 0.97931868 | U36: =S36/Q36 -> 0.96940463 | V36: =R36/L36 -> 0.95200123 | W36: =S36/M36 -> 0.87526035 | AB36: 0 | AC36: =AB36+AC35 -> 0 | AD36: =AB36/P36 -> 0 | AE36: =AC36/Q36 -> 0 | AF36: =IF(AND(R36>0,AB36>0),(AB36/(R36*1000))*1000,0) -> 0 | AG36: =IF(AND(S36>0,AC36>0),AC36/S36,0) -> 0 | AH36: =+BF36+BG36 -> 122.242 | AI36: =AH36+AI35 -> 3551.938 | AJ36: =AH36/(P36) -> 1.8937274 | AK36: =AI36/(Q36) -> 2.3454238 | AL36: =IF(AND(R36>0,AH36>0),AH36/(R36),0) -> 1.9337193 | AM36: =IF(AND(S36>0,AI36>0),AI36/(S36),0) -> 2.4194477 | AN36: 16.2 | AO36: =AN36+AO35 -> 87.9 | AP36: =AN36/(P36) -> 0.25096435 | AQ36: =AO36/(Q36) -> 0.058042329 | AR36: =IF(AND(R36>0,AN36>0),AN36/(R36),0) -> 0.25626424 | AS36: =IF(AND(S36>0,AO36>0),AO36/(S36),0) -> 0.059874203 | AT36: ='28'!I46 -> 34452.2 | AU36: =AT36+AU35 -> 1159325.9 | AV36: =IF(AND(L36>0,AT36>0),(AT36/(P36*1000)*1000),0) -> 533.72062 | AW36: =IF(AND(M36>0,AU36>0),(AU36/(Q36*1000)*1000),0) -> 765.52873 | AX36: =IF(AND(R36>0,AT36>0),(AT36/(R36*1000)*1000),0) -> 544.99177 | AY36: =IF(AND(S36>0,AU36>0),(AU36/(S36*1000)*1000),0) -> 789.68957 | AZ36: =+Listrik!AH35 -> 30215 | BA36: =AZ36+BA35 -> 174495.24 | BB36: =IF(AND(L36>0,AZ36>0),(AZ36/(P36*1000)*1000),0) -> 468.0795 | BC36: =IF(AND(M36>0,BA36>0),(BA36/(Q36*1000)*1000),0) -> 115.2231 | BD36: =IF(AND(R36>0,AZ36>0),(AZ36/(R36*1000)*1000),0) -> 477.96444 | BE36: =IF(AND(S36>0,BA36>0),(BA36/(S36*1000)*1000),0) -> 118.85965 | BF36: =16.369 -> 16.369 | BG36: 105.873 | BH36: =+SUM(Efficiency2!K132:K133) -> 66.403276 | BI36: =BI35+BH36 -> 1626.0366 | BJ36: =+R36/BH36 -> 0.95200123 | BK36: =+S36/BI36 -> 0.90285666
A37: =A36+1 -> 45898 | B37: Towel | C37: 30 | D37: =+'29'!F42 -> 591.66667 | E37: =+'29'!G42 -> 520.66667 | F37: =1-(E37/D37) -> 0.12 | G37: =+P37/N37 -> 1.0443693 | H37: =+P37/L37 -> 1.0443693 | I37: =+R37/P37 -> 0.99912772 | J37: =+R37/L37 -> 1.0434583 | K37: =+S37/M37 -> 0.88161544 | L37: =+Efficiency1!K138 -> 65.86272 | M37: =M36+L37 -> 1743.1671 | N37: =+Efficiency1!C138 -> 65.86272 | O37: =O36+N37 -> 1725.6974 | P37: ='29'!I38 -> 68.785 | Q37: =Q36+P37 -> 1583.197 | R37: ='29'!I40 -> 68.725 | S37: =S36+R37 -> 1536.803 | T37: =R37/P37 -> 0.99912772 | U37: =S37/Q37 -> 0.970696 | V37: =R37/L37 -> 1.0434583 | W37: =S37/M37 -> 0.88161544 | AB37: 0 | AC37: =AB37+AC36 -> 0 | AD37: =AB37/P37 -> 0 | AE37: =AC37/Q37 -> 0 | AF37: =IF(AND(R37>0,AB37>0),(AB37/(R37*1000))*1000,0) -> 0 | AG37: =IF(AND(S37>0,AC37>0),AC37/S37,0) -> 0 | AH37: =+BF37+BG37 -> 133.088 | AI37: =AH37+AI36 -> 3685.026 | AJ37: =AH37/(P37) -> 1.9348404 | AK37: =AI37/(Q37) -> 2.3275853 | AL37: =IF(AND(R37>0,AH37>0),AH37/(R37),0) -> 1.9365296 | AM37: =IF(AND(S37>0,AI37>0),AI37/(S37),0) -> 2.3978519 | AN37: 17.6 | AO37: =AN37+AO36 -> 105.5 | AP37: =AN37/(P37) -> 0.25586974 | AQ37: =AO37/(Q37) -> 0.066637317 | AR37: =IF(AND(R37>0,AN37>0),AN37/(R37),0) -> 0.25609312 | AS37: =IF(AND(S37>0,AO37>0),AO37/(S37),0) -> 0.068649007 | AT37: ='29'!I46 -> 35555.62 | AU37: =AT37+AU36 -> 1194881.5 | AV37: =IF(AND(L37>0,AT37>0),(AT37/(P37*1000)*1000),0) -> 516.9095 | AW37: =IF(AND(M37>0,AU37>0),(AU37/(Q37*1000)*1000),0) -> 754.72699 | AX37: =IF(AND(R37>0,AT37>0),(AT37/(R37*1000)*1000),0) -> 517.36079 | AY37: =IF(AND(S37>0,AU37>0),(AU37/(S37*1000)*1000),0) -> 777.51118 | AZ37: =+Listrik!AH36 -> 31212 | BA37: =AZ37+BA36 -> 205707.24 | BB37: =IF(AND(L37>0,AZ37>0),(AZ37/(P37*1000)*1000),0) -> 453.76172 | BC37: =IF(AND(M37>0,BA37>0),(BA37/(Q37*1000)*1000),0) -> 129.93155 | BD37: =IF(AND(R37>0,AZ37>0),(AZ37/(R37*1000)*1000),0) -> 454.15788 | BE37: =IF(AND(S37>0,BA37>0),(BA37/(S37*1000)*1000),0) -> 133.85401 | BF37: =24.639 -> 24.639 | BG37: 108.449 | BH37: =+Efficiency2!K138 -> 65.86272 | BI37: =BI36+BH37 -> 1691.8994 | BJ37: =+R37/BH37 -> 1.0434583 | BK37: =+S37/BI37 -> 0.90833003
A38: =A37+1 -> 45899 | B38: Towel | C38: 30/31,5/33,5/36/38 | D38: =+'30'!F42 -> 540.20833 | E38: =+'30'!G42 -> 475.38333 | F38: =1-(E38/D38) -> 0.12 | G38: =+P38/N38 -> 0.96442035 | H38: =+P38/L38 -> 0.96442035 | I38: =+R38/P38 -> 0.95267849 | J38: =+R38/L38 -> 0.91878252 | K38: =+S38/M38 -> 0.88318127 | L38: =+SUM(Efficiency1!K142:K146) -> 76.668851 | M38: =M37+L38 -> 1819.8359 | N38: =+SUM(Efficiency1!C142:C146) -> 76.668851 | O38: =O37+N38 -> 1802.3663 | P38: ='30'!I38 -> 73.941 | Q38: =Q37+P38 -> 1657.138 | R38: ='30'!I40 -> 70.442 | S38: =S37+R38 -> 1607.245 | T38: =R38/P38 -> 0.95267849 | U38: =S38/Q38 -> 0.96989207 | V38: =R38/L38 -> 0.91878252 | W38: =S38/M38 -> 0.88318127 | AB38: 0 | AC38: =AB38+AC37 -> 0 | AD38: =AB38/P38 -> 0 | AE38: =AC38/Q38 -> 0 | AF38: =IF(AND(R38>0,AB38>0),(AB38/(R38*1000))*1000,0) -> 0 | AG38: =IF(AND(S38>0,AC38>0),AC38/S38,0) -> 0 | AH38: =+BF38+BG38 -> 148.339 | AI38: =AH38+AI37 -> 3833.365 | AJ38: =AH38/(P38) -> 2.0061806 | AK38: =AI38/(Q38) -> 2.3132443 | AL38: =IF(AND(R38>0,AH38>0),AH38/(R38),0) -> 2.1058317 | AM38: =IF(AND(S38>0,AI38>0),AI38/(S38),0) -> 2.3850533 | AN38: 19.2 | AO38: =AN38+AO37 -> 124.7 | AP38: =AN38/(P38) -> 0.25966649 | AQ38: =AO38/(Q38) -> 0.075250221 | AR38: =IF(AND(R38>0,AN38>0),AN38/(R38),0) -> 0.27256466 | AS38: =IF(AND(S38>0,AO38>0),AO38/(S38),0) -> 0.07758618 | AT38: ='30'!I46 -> 36215.31 | AU38: =AT38+AU37 -> 1231096.8 | AV38: =IF(AND(L38>0,AT38>0),(AT38/(P38*1000)*1000),0) -> 489.78659 | AW38: =IF(AND(M38>0,AU38>0),(AU38/(Q38*1000)*1000),0) -> 742.90543 | AX38: =IF(AND(R38>0,AT38>0),(AT38/(R38*1000)*1000),0) -> 514.1153 | AY38: =IF(AND(S38>0,AU38>0),(AU38/(S38*1000)*1000),0) -> 765.96712 | AZ38: =+Listrik!AH37 -> 32502 | BA38: =AZ38+BA37 -> 238209.24 | BB38: =IF(AND(L38>0,AZ38>0),(AZ38/(P38*1000)*1000),0) -> 439.56668 | BC38: =IF(AND(M38>0,BA38>0),(BA38/(Q38*1000)*1000),0) -> 143.74738 | BD38: =IF(AND(R38>0,AZ38>0),(AZ38/(R38*1000)*1000),0) -> 461.40087 | BE38: =IF(AND(S38>0,BA38>0),(BA38/(S38*1000)*1000),0) -> 148.20966 | BF38: =31.198 -> 31.198 | BG38: 117.141 | BH38: =+SUM(Efficiency2!K142:K146) -> 76.668851 | BI38: =BI37+BH38 -> 1768.5682 | BJ38: =+R38/BH38 -> 0.91878252 | BK38: =+S38/BI38 -> 0.90878316
A39: =A38+1 -> 45900 | B39: Towel | C39: 38/35,5 | D39: =+'31'!F42 -> 506.31944 | E39: =+'31'!G42 -> 445.56111 | F39: =1-(E39/D39) -> 0.12 | G39: =+P39/N39 -> 0.99291948 | H39: =+P39/L39 -> 0.99291948 | I39: =+R39/P39 -> 0.97677066 | J39: =+R39/L39 -> 0.96985461 | K39: =+S39/M39 -> 0.88665976 | L39: =+SUM(Efficiency1!K148:K149) -> 76.089755 | M39: =M38+L39 -> 1895.9257 | N39: =+SUM(Efficiency1!C148:C149) -> 76.089755 | O39: =O38+N39 -> 1878.456 | P39: ='31'!I38 -> 75.551 | Q39: =Q38+P39 -> 1732.689 | R39: ='31'!I40 -> 73.796 | S39: =S38+R39 -> 1681.041 | T39: =R39/P39 -> 0.97677066 | U39: =S39/Q39 -> 0.970192 | V39: =R39/L39 -> 0.96985461 | W39: =S39/M39 -> 0.88665976 | AB39: 0 | AC39: =AB39+AC38 -> 0 | AD39: =AB39/P39 -> 0 | AE39: =AC39/Q39 -> 0 | AF39: =IF(AND(R39>0,AB39>0),(AB39/(R39*1000))*1000,0) -> 0 | AG39: =IF(AND(S39>0,AC39>0),AC39/S39,0) -> 0 | AH39: =+BF39+BG39 -> 135.745 | AI39: =AH39+AI38 -> 3969.11 | AJ39: =AH39/(P39) -> 1.7967333 | AK39: =AI39/(Q39) -> 2.2907227 | AL39: =IF(AND(R39>0,AH39>0),AH39/(R39),0) -> 1.8394628 | AM39: =IF(AND(S39>0,AI39>0),AI39/(S39),0) -> 2.3611024 | AN39: 19.2 | AO39: =AN39+AO38 -> 143.9 | AP39: =AN39/(P39) -> 0.25413297 | AQ39: =AO39/(Q39) -> 0.083050103 | AR39: =IF(AND(R39>0,AN39>0),AN39/(R39),0) -> 0.2601767 | AS39: =IF(AND(S39>0,AO39>0),AO39/(S39),0) -> 0.085601719 | AT39: ='31'!I46 -> 32074.21 | AU39: =AT39+AU38 -> 1263171 | AV39: =IF(AND(L39>0,AT39>0),(AT39/(P39*1000)*1000),0) -> 424.5372 | AW39: =IF(AND(M39>0,AU39>0),(AU39/(Q39*1000)*1000),0) -> 729.02352 | AX39: =IF(AND(R39>0,AT39>0),(AT39/(R39*1000)*1000),0) -> 434.63345 | AY39: =IF(AND(S39>0,AU39>0),(AU39/(S39*1000)*1000),0) -> 751.4219 | AZ39: =+Listrik!AH38 -> 31426 | BA39: =AZ39+BA38 -> 269635.24 | BB39: =IF(AND(L39>0,AZ39>0),(AZ39/(P39*1000)*1000),0) -> 415.95743 | BC39: =IF(AND(M39>0,BA39>0),(BA39/(Q39*1000)*1000),0) -> 155.61664 | BD39: =IF(AND(R39>0,AZ39>0),(AZ39/(R39*1000)*1000),0) -> 425.84964 | BE39: =IF(AND(S39>0,BA39>0),(BA39/(S39*1000)*1000),0) -> 160.39778 | BF39: =32.255 -> 32.255 | BG39: 103.49 | BH39: =+SUM(Efficiency2!K148:K149) -> 76.089755 | BI39: =BI38+BH39 -> 1844.658 | BJ39: =+R39/BH39 -> 0.96985461 | BK39: =+S39/BI39 -> 0.91130228
J40: =+R40/L40 -> #DIV/0! | K40: =+S40/M40 -> #DIV/0!
G41: =+P41/N41 -> 0.92240062 | H41: =+P41/L41 -> 0.91390133 | I41: =+R41/P41 -> 0.970192 | J41: =+R41/L41 -> 0.88665976 | L41: =SUM(L9:L39) -> 1895.9257 | N41: =SUM(N9:N39) -> 1878.456 | P41: =SUM(P9:P39) -> 1732.689 | R41: =SUM(R9:R39) -> 1681.041 | T41: =R41/P41 -> 0.970192 | V41: =(R41/L41) -> 0.88665976 | Y41: =Y38+X41 -> 0 | Z41: =IF(AND(R41>0,X41>0),X41/R41*1000,0) -> 0 | AA41: =IF(AND(S41>0,Y41>0),Y41/S41*1000,0) -> 0 | AB41: =SUM(AB9:AB39) -> 0 | AD41: =AB41/P41 -> 0 | AF41: =AB41/R41 -> 0 | AH41: =SUM(AH9:AH40) -> 3969.11 | AJ41: =AH41/P41 -> 2.2907227 | AL41: =AH41/R41 -> 2.3611024 | AN41: =SUM(AN9:AN40) -> 143.9 | AP41: =AN41/P41 -> 0.083050103 | AR41: =AN41/R41 -> 0.085601719 | AT41: =SUM(AT9:AT39) -> 1263171 | AV41: =AT41/P41 -> 729.02352 | AX41: =AT41/R41 -> 751.4219 | AZ41: =SUM(AZ9:AZ39) -> 269635.24 | BB41: =AZ41/V41 -> 304102.27 | BD41: =AZ41/R41 -> 160.39778 | BH41: =SUM(BH9:BH39) -> 1844.658 | BJ41: =+R41/BH41 -> 0.91130228

Sheet GRAFIK

Sheet Listrik
A2: MACHINE POWER CONSUMPTION (PER PANEL)
A4: Date | B4: PM (TON) | C4: FINSHED GOODS (TON) | AC4: Total PM12 | AF4: Total DEINKING
D5: Rewinder | H5: M.DDR1LF | I5: DDR TICKLING | M5: DEFLAKER | Q5: INCOMING 3200 MCC | U5: INCOMING 1250A HOOD | Y5: INCOMING PANEL ABB DRIVE
D6: KWH | E6: Consumption | F6: /TON PM | G6: /TON FG | I6: KWH | J6: Consumption | K6: /TON PM | L6: /TON FG | M6: KWH | N6: Consumption | O6: /TON PM | P6: /TON FG | Q6: KWH | R6: Consumption | S6: /TON PM | T6: /TON FG | U6: KWH | V6: Consumption | W6: /TON PM | X6: /TON FG | Y6: KWH | Z6: Consumption | AA6: /TON PM | AB6: /TON FG | AC6: Consumption | AD6: /TON PM | AE6: /TON FG | AF6: DIP 1 | AG6: DIP 2 | AH6: TOTAL DIP | AI6: /TON PM | AJ6: /TON FG
A7: =A8-1 -> 45716 | B7: 0 | C7: 0
A8: 45717 | B8: =Report1!P9 -> 81.467 | C8: =Report1!R9 -> 80.169 | D8: =+D7+E8 -> 725.3 | E8: =+[1]DailyAug!O7 -> 725.3 | F8: =E8/B8 -> 8.9029914 | G8: =E8/C8 -> 9.0471379 | H8: =+[1]DailyAug!P7 -> 864.9 | I8: =+I7+J8 -> 7729 | J8: =+[1]DailyAug!Q7 -> 7729 | K8: =J8/B8 -> 94.872771 | L8: =J8/C8 -> 96.408836 | M8: =+M7+N8 -> 0 | N8: =+[1]DailyAug!R7 -> 0 | O8: =N8/B8 -> 0 | P8: =N8/C8 -> 0 | Q8: =+Q7+R8 -> 14597.71 | R8: =+[1]DailyAug!S7 -> 14597.71 | S8: =R8/B8 -> 179.18556 | T8: =R8/C8 -> 182.08672 | U8: =+U7+V8 -> 5281.01 | V8: =+[1]DailyAug!T7 -> 5281.01 | W8: =V8/B8 -> 64.823916 | X8: =V8/C8 -> 65.873467 | Y8: =+Y7+Z8 -> 5194.01 | Z8: =+[1]DailyAug!U7 -> 5194.01 | AA8: =Z8/B8 -> 63.755999 | AB8: =Z8/C8 -> 64.78826 | AC8: =+E8+J8+N8+R8+V8+Z8+H8 -> 34391.93 | AD8: =AC8/B8 -> 422.15781 | AE8: =AC8/C8 -> 428.99288 | AF8: =+[1]DailyAug!BH7 -> 31567 | AG8: =+[1]DailyAug!BL7 -> 0 | AH8: =+AG8+AF8 -> 31567 | AI8: =AH8/B8 -> 387.48205 | AJ8: =AH8/C8 -> 393.75569 | AN8: Off Reel | AO8: Off Rewinder
A9: =A8+1 -> 45718 | B9: =Report1!P10 -> 70.803 | C9: =Report1!R10 -> 68.052 | D9: =+D8+E9 -> 1492.7 | E9: =+[1]DailyAug!O8 -> 767.4 | F9: =E9/B9 -> 10.838524 | G9: =E9/C9 -> 11.276671 | H9: =+[1]DailyAug!P8 -> 238.1 | I9: =+I8+J9 -> 13770 | J9: =+[1]DailyAug!Q8 -> 6041 | K9: =J9/B9 -> 85.321243 | L9: =J9/C9 -> 88.770352 | M9: =+M8+N9 -> 0 | N9: =+[1]DailyAug!R8 -> 0 | O9: =N9/B9 -> 0 | P9: =N9/C9 -> 0 | Q9: =+Q8+R9 -> 29901.04 | R9: =+[1]DailyAug!S8 -> 15303.33 | S9: =R9/B9 -> 216.13957 | T9: =R9/C9 -> 224.87701 | U9: =+U8+V9 -> 12669.74 | V9: =+[1]DailyAug!T8 -> 7388.73 | W9: =V9/B9 -> 104.35617 | X9: =V9/C9 -> 108.57477 | Y9: =+Y8+Z9 -> 11592.94 | Z9: =+[1]DailyAug!U8 -> 6398.93 | AA9: =Z9/B9 -> 90.376538 | AB9: =Z9/C9 -> 94.030006 | AC9: =+E9+J9+N9+R9+V9+Z9+H9 -> 36137.49 | AD9: =AC9/B9 -> 510.3949 | AE9: =AC9/C9 -> 531.0276 | AF9: =+[1]DailyAug!BH8 -> 31411 | AG9: =+[1]DailyAug!BL8 -> 0 | AH9: =+AG9+AF9 -> 31411 | AI9: =AH9/B9 -> 443.63939 | AJ9: =AH9/C9 -> 461.5735 | AN9: Kwh/ ton | AO9: Kwh/ ton
A10: =A9+1 -> 45719 | B10: =Report1!P11 -> 54.211 | C10: =Report1!R11 -> 53.136 | D10: =+D9+E10 -> 2342.2 | E10: =+[1]DailyAug!O9 -> 849.5 | F10: =E10/B10 -> 15.670251 | G10: =E10/C10 -> 15.987278 | H10: =+[1]DailyAug!P9 -> 0 | I10: =+I9+J10 -> 20013 | J10: =+[1]DailyAug!Q9 -> 6243 | K10: =J10/B10 -> 115.16113 | L10: =J10/C10 -> 117.49097 | M10: =+M9+N10 -> 0 | N10: =+[1]DailyAug!R9 -> 0 | O10: =N10/B10 -> 0 | P10: =N10/C10 -> 0 | Q10: =+Q9+R10 -> 45058.29 | R10: =+[1]DailyAug!S9 -> 15157.25 | S10: =R10/B10 -> 279.59731 | T10: =R10/C10 -> 285.25388 | U10: =+U9+V10 -> 20474.49 | V10: =+[1]DailyAug!T9 -> 7804.75 | W10: =V10/B10 -> 143.96986 | X10: =V10/C10 -> 146.88253 | Y10: =+Y9+Z10 -> 17544.39 | Z10: =+[1]DailyAug!U9 -> 5951.45 | AA10: =Z10/B10 -> 109.78307 | AB10: =Z10/C10 -> 112.0041 | AC10: =+E10+J10+N10+R10+V10+Z10+H10 -> 36005.95 | AD10: =AC10/B10 -> 664.18162 | AE10: =AC10/C10 -> 677.61875 | AF10: =+[1]DailyAug!BH9 -> 25392 | AG10: =+[1]DailyAug!BL9 -> 0 | AH10: =+AG10+AF10 -> 25392 | AI10: =AH10/B10 -> 468.39202 | AJ10: =AH10/C10 -> 477.86811 | AL10: PM | AM10: DDR 1 LF | AN10: =+F40 -> 12.983057 | AO10: =+G40 -> 13.381946
A11: =A10+1 -> 45720 | B11: =Report1!P12 -> 48.461 | C11: =Report1!R12 -> 42.998 | D11: =+D10+E11 -> 3100.5 | E11: =+[1]DailyAug!O10 -> 758.3 | F11: =E11/B11 -> 15.647634 | G11: =E11/C11 -> 17.635704 | H11: =+[1]DailyAug!P10 -> 1522.3 | I11: =+I10+J11 -> 26193 | J11: =+[1]DailyAug!Q10 -> 6180 | K11: =J11/B11 -> 127.52523 | L11: =J11/C11 -> 143.72762 | M11: =+M10+N11 -> 0 | N11: =+[1]DailyAug!R10 -> 0 | O11: =N11/B11 -> 0 | P11: =N11/C11 -> 0 | Q11: =+Q10+R11 -> 60902.22 | R11: =+[1]DailyAug!S10 -> 15843.93 | S11: =R11/B11 -> 326.94187 | T11: =R11/C11 -> 368.48063 | U11: =+U10+V11 -> 28168.72 | V11: =+[1]DailyAug!T10 -> 7694.23 | W11: =V11/B11 -> 158.77159 | X11: =V11/C11 -> 178.9439 | Y11: =+Y10+Z11 -> 23356.92 | Z11: =+[1]DailyAug!U10 -> 5812.53 | AA11: =Z11/B11 -> 119.94243 | AB11: =Z11/C11 -> 135.1814 | AC11: =+E11+J11+N11+R11+V11+Z11+H11 -> 37811.29 | AD11: =AC11/B11 -> 780.24164 | AE11: =AC11/C11 -> 879.37323 | AF11: =+[1]DailyAug!BH10 -> 16754 | AG11: =+[1]DailyAug!BL10 -> 0 | AH11: =+AG11+AF11 -> 16754 | AI11: =AH11/B11 -> 345.7213 | AJ11: =AH11/C11 -> 389.64603 | AM11: DDR TICKLING | AN11: =+K40 -> 95.456253 | AO11: =+L40 -> 98.389034
A12: =A11+1 -> 45721 | B12: =Report1!P13 -> 1.776 | C12: =Report1!R13 -> 2.374 | D12: =+D11+E12 -> 3304.1 | E12: =+[1]DailyAug!O11 -> 203.6 | F12: =E12/B12 -> 114.63964 | G12: =E12/C12 -> 85.762426 | H12: =+[1]DailyAug!P11 -> 277 | I12: =+I11+J12 -> 27012 | J12: =+[1]DailyAug!Q11 -> 819 | K12: =J12/B12 -> 461.14865 | L12: =J12/C12 -> 344.98736 | M12: =+M11+N12 -> 286.8 | N12: =+[1]DailyAug!R11 -> 286.8 | O12: =N12/B12 -> 161.48649 | P12: =N12/C12 -> 120.80876 | Q12: =+Q11+R12 -> 66407.57 | R12: =+[1]DailyAug!S11 -> 5505.35 | S12: =R12/B12 -> 3099.8592 | T12: =R12/C12 -> 2319.0185 | U12: =+U11+V12 -> 29709.67 | V12: =+[1]DailyAug!T11 -> 1540.95 | W12: =V12/B12 -> 867.65203 | X12: =V12/C12 -> 649.09436 | Y12: =+Y11+Z12 -> 24781.37 | Z12: =+[1]DailyAug!U11 -> 1424.45 | AA12: =Z12/B12 -> 802.05518 | AB12: =Z12/C12 -> 600.02106 | AC12: =+E12+J12+N12+R12+V12+Z12+H12 -> 10057.15 | AD12: =AC12/B12 -> 5662.8097 | AE12: =AC12/C12 -> 4236.3732 | AF12: =+[1]DailyAug!BH11 -> 627 | AG12: =+[1]DailyAug!BL11 -> 0 | AH12: =+AG12+AF12 -> 627 | AI12: =AH12/B12 -> 353.04054 | AJ12: =AH12/C12 -> 264.1112 | AM12: DEFLAKER | AN12: =+O40 -> 28.754381 | AO12: =+P40 -> 29.637826
A13: =A12+1 -> 45722 | B13: =Report1!P14 -> 43.224 | C13: =Report1!R14 -> 33.033 | D13: =+D12+E13 -> 3991.3 | E13: =+[1]DailyAug!O12 -> 687.2 | F13: =E13/B13 -> 15.898575 | G13: =E13/C13 -> 20.803439 | H13: =+[1]DailyAug!P12 -> 2712.7 | I13: =+I12+J13 -> 32735 | J13: =+[1]DailyAug!Q12 -> 5723 | K13: =J13/B13 -> 132.40329 | L13: =J13/C13 -> 173.25099 | M13: =+M12+N13 -> 2672.4 | N13: =+[1]DailyAug!R12 -> 2385.6 | O13: =N13/B13 -> 55.19156 | P13: =N13/C13 -> 72.21869 | Q13: =+Q12+R13 -> 83849.86 | R13: =+[1]DailyAug!S12 -> 17442.29 | S13: =R13/B13 -> 403.53253 | T13: =R13/C13 -> 528.02622 | U13: =+U12+V13 -> 37848.16 | V13: =+[1]DailyAug!T12 -> 8138.49 | W13: =V13/B13 -> 188.28637 | X13: =V13/C13 -> 246.37453 | Y13: =+Y12+Z13 -> 32971.16 | Z13: =+[1]DailyAug!U12 -> 8189.79 | AA13: =Z13/B13 -> 189.47321 | AB13: =Z13/C13 -> 247.92753 | AC13: =+E13+J13+N13+R13+V13+Z13+H13 -> 45279.07 | AD13: =AC13/B13 -> 1047.5447 | AE13: =AC13/C13 -> 1370.7223 | AF13: =+[1]DailyAug!BH12 -> 613 | AG13: =+[1]DailyAug!BL12 -> 0 | AH13: =+AG13+AF13 -> 613 | AI13: =AH13/B13 -> 14.181936 | AJ13: =AH13/C13 -> 18.5572 | AM13: INCOMING 3200 MCC | AN13: =+S40 -> 290.4639 | AO13: =+T40 -> 299.38806
A14: =A13+1 -> 45723 | B14: =Report1!P15 -> 34.624 | C14: =Report1!R15 -> 31.478 | D14: =+D13+E14 -> 4600.1 | E14: =+[1]DailyAug!O13 -> 608.8 | F14: =E14/B14 -> 17.583179 | G14: =E14/C14 -> 19.340492 | H14: =+[1]DailyAug!P13 -> 2052 | I14: =+I13+J14 -> 37139 | J14: =+[1]DailyAug!Q13 -> 4404 | K14: =J14/B14 -> 127.19501 | L14: =J14/C14 -> 139.90724 | M14: =+M13+N14 -> 4416.4 | N14: =+[1]DailyAug!R13 -> 1744 | O14: =N14/B14 -> 50.369686 | P14: =N14/C14 -> 55.403774 | Q14: =+Q13+R14 -> 97680.73 | R14: =+[1]DailyAug!S13 -> 13830.87 | S14: =R14/B14 -> 399.45905 | T14: =R14/C14 -> 439.38211 | U14: =+U13+V14 -> 44415.83 | V14: =+[1]DailyAug!T13 -> 6567.67 | W14: =V14/B14 -> 189.68548 | X14: =V14/C14 -> 208.64318 | Y14: =+Y13+Z14 -> 38810.73 | Z14: =+[1]DailyAug!U13 -> 5839.57 | AA14: =Z14/B14 -> 168.65671 | AB14: =Z14/C14 -> 185.51274 | AC14: =+E14+J14+N14+R14+V14+Z14+H14 -> 35046.91 | AD14: =AC14/B14 -> 1012.2144 | AE14: =AC14/C14 -> 1113.3779 | AF14: =+[1]DailyAug!BH13 -> 474 | AG14: =+[1]DailyAug!BL13 -> 0 | AH14: =+AG14+AF14 -> 474 | AI14: =AH14/B14 -> 13.689926 | AJ14: =AH14/C14 -> 15.058136 | AM14: INCOMING 1250A HOOD | AN14: =+W40 -> 144.0202 | AO14: =+X40 -> 148.44505
A15: =A14+1 -> 45724 | B15: =Report1!P16 -> 69.407 | C15: =Report1!R16 -> 68.77 | D15: =+D14+E15 -> 5357.2 | E15: =+[1]DailyAug!O14 -> 757.1 | F15: =E15/B15 -> 10.908122 | G15: =E15/C15 -> 11.009161 | H15: =+[1]DailyAug!P14 -> 2746.7 | I15: =+I14+J15 -> 42571 | J15: =+[1]DailyAug!Q14 -> 5432 | K15: =J15/B15 -> 78.262999 | L15: =J15/C15 -> 78.987931 | M15: =+M14+N15 -> 6739.7 | N15: =+[1]DailyAug!R14 -> 2323.3 | O15: =N15/B15 -> 33.473569 | P15: =N15/C15 -> 33.783627 | Q15: =+Q14+R15 -> 114843.9 | R15: =+[1]DailyAug!S14 -> 17163.17 | S15: =R15/B15 -> 247.28298 | T15: =R15/C15 -> 249.57351 | U15: =+U14+V15 -> 53044.1 | V15: =+[1]DailyAug!T14 -> 8628.27 | W15: =V15/B15 -> 124.31412 | X15: =V15/C15 -> 125.46561 | Y15: =+Y14+Z15 -> 45552 | Z15: =+[1]DailyAug!U14 -> 6741.27 | AA15: =Z15/B15 -> 97.126659 | AB15: =Z15/C15 -> 98.02632 | AC15: =+E15+J15+N15+R15+V15+Z15+H15 -> 43791.81 | AD15: =AC15/B15 -> 630.94227 | AE15: =AC15/C15 -> 636.78653 | AF15: =+[1]DailyAug!BH14 -> 519 | AG15: =+[1]DailyAug!BL14 -> 0 | AH15: =+AG15+AF15 -> 519 | AI15: =AH15/B15 -> 7.4776319 | AJ15: =AH15/C15 -> 7.5468954 | AM15: INCOMING PANEL ABB DRIVE | AN15: =+AA40 -> 122.66524 | AO15: =+AB40 -> 126.43398
A16: =A15+1 -> 45725 | B16: =Report1!P17 -> 70.389 | C16: =Report1!R17 -> 67.869 | D16: =+D15+E16 -> 6162.5 | E16: =+[1]DailyAug!O15 -> 805.3 | F16: =E16/B16 -> 11.440708 | G16: =E16/C16 -> 11.865506 | H16: =+[1]DailyAug!P15 -> 2652.9 | I16: =+I15+J16 -> 47980 | J16: =+[1]DailyAug!Q15 -> 5409 | K16: =J16/B16 -> 76.844393 | L16: =J16/C16 -> 79.697653 | M16: =+M15+N16 -> 9038.7 | N16: =+[1]DailyAug!R15 -> 2299 | O16: =N16/B16 -> 32.661353 | P16: =N16/C16 -> 33.874081 | Q16: =+Q15+R16 -> 132375.31 | R16: =+[1]DailyAug!S15 -> 17531.41 | S16: =R16/B16 -> 249.06463 | T16: =R16/C16 -> 258.31248 | U16: =+U15+V16 -> 62273.81 | V16: =+[1]DailyAug!T15 -> 9229.71 | W16: =V16/B16 -> 131.12432 | X16: =V16/C16 -> 135.99302 | Y16: =+Y15+Z16 -> 52948.11 | Z16: =+[1]DailyAug!U15 -> 7396.11 | AA16: =Z16/B16 -> 105.0748 | AB16: =Z16/C16 -> 108.97626 | AC16: =+E16+J16+N16+R16+V16+Z16+H16 -> 45323.43 | AD16: =AC16/B16 -> 643.89933 | AE16: =AC16/C16 -> 667.80754 | AF16: =+[1]DailyAug!BH15 -> 451 | AG16: =+[1]DailyAug!BL15 -> 0 | AH16: =+AG16+AF16 -> 451 | AI16: =AH16/B16 -> 6.4072511 | AJ16: =AH16/C16 -> 6.6451546 | AN16: =SUM(AN10:AN15) -> 694.34303 | AO16: =SUM(AO10:AO15) -> 715.6759
A17: =A16+1 -> 45726 | B17: =Report1!P18 -> 74.045 | C17: =Report1!R18 -> 75.067 | D17: =+D16+E17 -> 6923 | E17: =+[1]DailyAug!O16 -> 760.5 | F17: =E17/B17 -> 10.270781 | G17: =E17/C17 -> 10.13095 | H17: =+[1]DailyAug!P16 -> 2714.3 | I17: =+I16+J17 -> 54607 | J17: =+[1]DailyAug!Q16 -> 6627 | K17: =J17/B17 -> 89.499629 | L17: =J17/C17 -> 88.281136 | M17: =+M16+N17 -> 11409 | N17: =+[1]DailyAug!R16 -> 2370.3 | O17: =N17/B17 -> 32.011615 | P17: =N17/C17 -> 31.575792 | Q17: =+Q16+R17 -> 149436.08 | R17: =+[1]DailyAug!S16 -> 17060.77 | S17: =R17/B17 -> 230.41083 | T17: =R17/C17 -> 227.2739 | U17: =+U16+V17 -> 71066.08 | V17: =+[1]DailyAug!T16 -> 8792.27 | W17: =V17/B17 -> 118.74225 | X17: =V17/C17 -> 117.12563 | Y17: =+Y16+Z17 -> 59996.78 | Z17: =+[1]DailyAug!U16 -> 7048.67 | AA17: =Z17/B17 -> 95.194409 | AB17: =Z17/C17 -> 93.898384 | AC17: =+E17+J17+N17+R17+V17+Z17+H17 -> 45373.81 | AD17: =AC17/B17 -> 612.78695 | AE17: =AC17/C17 -> 604.44416 | AF17: =+[1]DailyAug!BH16 -> 455 | AG17: =+[1]DailyAug!BL16 -> 0 | AH17: =+AG17+AF17 -> 455 | AI17: =AH17/B17 -> 6.1449119 | AJ17: =AH17/C17 -> 6.0612519
A18: =A17+1 -> 45727 | B18: =Report1!P19 -> 49.766 | C18: =Report1!R19 -> 47.153 | D18: =+D17+E18 -> 7710.9 | E18: =+[1]DailyAug!O17 -> 787.9 | F18: =E18/B18 -> 15.832094 | G18: =E18/C18 -> 16.709435 | H18: =+[1]DailyAug!P17 -> 3192.1 | I18: =+I17+J18 -> 59615 | J18: =+[1]DailyAug!Q17 -> 5008 | K18: =J18/B18 -> 100.63095 | L18: =J18/C18 -> 106.20745 | M18: =+M17+N18 -> 13758.5 | N18: =+[1]DailyAug!R17 -> 2349.5 | O18: =N18/B18 -> 47.210947 | P18: =N18/C18 -> 49.827158 | Q18: =+Q17+R18 -> 166922.29 | R18: =+[1]DailyAug!S17 -> 17486.21 | S18: =R18/B18 -> 351.36861 | T18: =R18/C18 -> 370.83982 | U18: =+U17+V18 -> 79948.19 | V18: =+[1]DailyAug!T17 -> 8882.11 | W18: =V18/B18 -> 178.47747 | X18: =V18/C18 -> 188.36787 | Y18: =+Y17+Z18 -> 67821.69 | Z18: =+[1]DailyAug!U17 -> 7824.91 | AA18: =Z18/B18 -> 157.23406 | AB18: =Z18/C18 -> 165.94724 | AC18: =+E18+J18+N18+R18+V18+Z18+H18 -> 45530.73 | AD18: =AC18/B18 -> 914.89631 | AE18: =AC18/C18 -> 965.59561 | AF18: =+[1]DailyAug!BH17 -> 459 | AG18: =+[1]DailyAug!BL17 -> 0 | AH18: =+AG18+AF18 -> 459 | AI18: =AH18/B18 -> 9.2231644 | AJ18: =AH18/C18 -> 9.7342693
A19: =A18+1 -> 45728 | B19: =Report1!P20 -> 50.507 | C19: =Report1!R20 -> 49.026 | D19: =+D18+E19 -> 8560.9 | E19: =+[1]DailyAug!O18 -> 850 | F19: =E19/B19 -> 16.82935 | G19: =E19/C19 -> 17.337739 | H19: =+[1]DailyAug!P18 -> 3409.2 | I19: =+I18+J19 -> 64758 | J19: =+[1]DailyAug!Q18 -> 5143 | K19: =J19/B19 -> 101.82747 | L19: =J19/C19 -> 104.90352 | M19: =+M18+N19 -> 16132 | N19: =+[1]DailyAug!R18 -> 2373.5 | O19: =N19/B19 -> 46.993486 | P19: =N19/C19 -> 48.413087 | Q19: =+Q18+R19 -> 184494.05 | R19: =+[1]DailyAug!S18 -> 17571.76 | S19: =R19/B19 -> 347.90742 | T19: =R19/C19 -> 358.41717 | U19: =+U18+V19 -> 88896.95 | V19: =+[1]DailyAug!T18 -> 8948.76 | W19: =V19/B19 -> 177.17861 | X19: =V19/C19 -> 182.5309 | Y19: =+Y18+Z19 -> 75760.35 | Z19: =+[1]DailyAug!U18 -> 7938.66 | AA19: =Z19/B19 -> 157.1794 | AB19: =Z19/C19 -> 161.92755 | AC19: =+E19+J19+N19+R19+V19+Z19+H19 -> 46234.88 | AD19: =AC19/B19 -> 915.41529 | AE19: =AC19/C19 -> 943.06858 | AF19: =+[1]DailyAug!BH18 -> 456 | AG19: =+[1]DailyAug!BL18 -> 0 | AH19: =+AG19+AF19 -> 456 | AI19: =AH19/B19 -> 9.0284515 | AJ19: =AH19/C19 -> 9.3011871
A20: =A19+1 -> 45729 | B20: =Report1!P21 -> 47.525 | C20: =Report1!R21 -> 43.254 | D20: =+D19+E20 -> 9355.1 | E20: =+[1]DailyAug!O19 -> 794.2 | F20: =E20/B20 -> 16.711205 | G20: =E20/C20 -> 18.361308 | H20: =+[1]DailyAug!P19 -> 2878.7 | I20: =+I19+J20 -> 69643 | J20: =+[1]DailyAug!Q19 -> 4885 | K20: =J20/B20 -> 102.78801 | L20: =J20/C20 -> 112.93753 | M20: =+M19+N20 -> 18487.4 | N20: =+[1]DailyAug!R19 -> 2355.4 | O20: =N20/B20 -> 49.561284 | P20: =N20/C20 -> 54.455079 | Q20: =+Q19+R20 -> 202171.76 | R20: =+[1]DailyAug!S19 -> 17677.71 | S20: =R20/B20 -> 371.96654 | T20: =R20/C20 -> 408.69538 | U20: =+U19+V20 -> 97918.86 | V20: =+[1]DailyAug!T19 -> 9021.91 | W20: =V20/B20 -> 189.83503 | X20: =V20/C20 -> 208.57978 | Y20: =+Y19+Z20 -> 83642.26 | Z20: =+[1]DailyAug!U19 -> 7881.91 | AA20: =Z20/B20 -> 165.84766 | AB20: =Z20/C20 -> 182.22384 | AC20: =+E20+J20+N20+R20+V20+Z20+H20 -> 45494.83 | AD20: =AC20/B20 -> 957.28206 | AE20: =AC20/C20 -> 1051.8063 | AF20: =+[1]DailyAug!BH19 -> 531 | AG20: =+[1]DailyAug!BL19 -> 0 | AH20: =+AG20+AF20 -> 531 | AI20: =AH20/B20 -> 11.173067 | AJ20: =AH20/C20 -> 12.276321
A21: =A20+1 -> 45730 | B21: =Report1!P22 -> 48.076 | C21: =Report1!R22 -> 45.267 | D21: =+D20+E21 -> 10200.2 | E21: =+[1]DailyAug!O20 -> 845.1 | F21: =E21/B21 -> 17.578418 | G21: =E21/C21 -> 18.669229 | H21: =+[1]DailyAug!P20 -> 1958.3 | I21: =+I20+J21 -> 73775 | J21: =+[1]DailyAug!Q20 -> 4132 | K21: =J21/B21 -> 85.94725 | L21: =J21/C21 -> 91.280624 | M21: =+M20+N21 -> 20675.3 | N21: =+[1]DailyAug!R20 -> 2187.9 | O21: =N21/B21 -> 45.509194 | P21: =N21/C21 -> 48.333223 | Q21: =+Q20+R21 -> 218712.74 | R21: =+[1]DailyAug!S20 -> 16540.98 | S21: =R21/B21 -> 344.05899 | T21: =R21/C21 -> 365.40924 | U21: =+U20+V21 -> 106340.94 | V21: =+[1]DailyAug!T20 -> 8422.08 | W21: =V21/B21 -> 175.18263 | X21: =V21/C21 -> 186.05342 | Y21: =+Y20+Z21 -> 91022.14 | Z21: =+[1]DailyAug!U20 -> 7379.88 | AA21: =Z21/B21 -> 153.50445 | AB21: =Z21/C21 -> 163.03002 | AC21: =+E21+J21+N21+R21+V21+Z21+H21 -> 41466.24 | AD21: =AC21/B21 -> 862.51435 | AE21: =AC21/C21 -> 916.03685 | AF21: =+[1]DailyAug!BH20 -> 363 | AG21: =+[1]DailyAug!BL20 -> 0 | AH21: =+AG21+AF21 -> 363 | AI21: =AH21/B21 -> 7.550545 | AJ21: =AH21/C21 -> 8.0190868
A22: =A21+1 -> 45731 | B22: =Report1!P23 -> 48.973 | C22: =Report1!R23 -> 48.419 | D22: =+D21+E22 -> 11044.4 | E22: =+[1]DailyAug!O21 -> 844.2 | F22: =E22/B22 -> 17.23807 | G22: =E22/C22 -> 17.435304 | H22: =+[1]DailyAug!P21 -> 2189.1 | I22: =+I21+J22 -> 78831 | J22: =+[1]DailyAug!Q21 -> 5056 | K22: =J22/B22 -> 103.24056 | L22: =J22/C22 -> 104.42182 | M22: =+M21+N22 -> 23053 | N22: =+[1]DailyAug!R21 -> 2377.7 | O22: =N22/B22 -> 48.551243 | P22: =N22/C22 -> 49.106756 | Q22: =+Q21+R22 -> 236427.77 | R22: =+[1]DailyAug!S21 -> 17715.03 | S22: =R22/B22 -> 361.73055 | T22: =R22/C22 -> 365.86939 | U22: =+U21+V22 -> 115505.17 | V22: =+[1]DailyAug!T21 -> 9164.23 | W22: =V22/B22 -> 187.12821 | X22: =V22/C22 -> 189.2693 | Y22: =+Y21+Z22 -> 99120.17 | Z22: =+[1]DailyAug!U21 -> 8098.03 | AA22: =Z22/B22 -> 165.35703 | AB22: =Z22/C22 -> 167.24901 | AC22: =+E22+J22+N22+R22+V22+Z22+H22 -> 45444.29 | AD22: =AC22/B22 -> 927.94581 | AE22: =AC22/C22 -> 938.56317 | AF22: =+[1]DailyAug!BH21 -> 444 | AG22: =+[1]DailyAug!BL21 -> 0 | AH22: =+AG22+AF22 -> 444 | AI22: =AH22/B22 -> 9.0662202 | AJ22: =AH22/C22 -> 9.1699539
A23: =A22+1 -> 45732 | B23: =Report1!P24 -> 48.845 | C23: =Report1!R24 -> 48.913 | D23: =+D22+E23 -> 11879.7 | E23: =+[1]DailyAug!O22 -> 835.3 | F23: =E23/B23 -> 17.101034 | G23: =E23/C23 -> 17.07726 | H23: =+[1]DailyAug!P22 -> 2327.4 | I23: =+I22+J23 -> 84109 | J23: =+[1]DailyAug!Q22 -> 5278 | K23: =J23/B23 -> 108.0561 | L23: =J23/C23 -> 107.90587 | M23: =+M22+N23 -> 25438.1 | N23: =+[1]DailyAug!R22 -> 2385.1 | O23: =N23/B23 -> 48.829972 | P23: =N23/C23 -> 48.762088 | Q23: =+Q22+R23 -> 254035.87 | R23: =+[1]DailyAug!S22 -> 17608.1 | S23: =R23/B23 -> 360.4893 | T23: =R23/C23 -> 359.98814 | U23: =+U22+V23 -> 124512.57 | V23: =+[1]DailyAug!T22 -> 9007.4 | W23: =V23/B23 -> 184.40782 | X23: =V23/C23 -> 184.15145 | Y23: =+Y22+Z23 -> 107130.07 | Z23: =+[1]DailyAug!U22 -> 8009.9 | AA23: =Z23/B23 -> 163.98608 | AB23: =Z23/C23 -> 163.7581 | AC23: =+E23+J23+N23+R23+V23+Z23+H23 -> 45451.2 | AD23: =AC23/B23 -> 930.51899 | AE23: =AC23/C23 -> 929.22536 | AF23: =+[1]DailyAug!BH22 -> 438 | AG23: =+[1]DailyAug!BL22 -> 0 | AH23: =+AG23+AF23 -> 438 | AI23: =AH23/B23 -> 8.967141 | AJ23: =AH23/C23 -> 8.9546746
A24: =A23+1 -> 45733 | B24: =Report1!P25 -> 48.537 | C24: =Report1!R25 -> 49.252 | D24: =+D23+E24 -> 12752.2 | E24: =+[1]DailyAug!O23 -> 872.5 | F24: =E24/B24 -> 17.975977 | G24: =E24/C24 -> 17.715017 | H24: =+[1]DailyAug!P23 -> 1979.1 | I24: =+I23+J24 -> 89648 | J24: =+[1]DailyAug!Q23 -> 5539 | K24: =J24/B24 -> 114.11913 | L24: =J24/C24 -> 112.46244 | M24: =+M23+N24 -> 27826 | N24: =+[1]DailyAug!R23 -> 2387.9 | O24: =N24/B24 -> 49.197519 | P24: =N24/C24 -> 48.48331 | Q24: =+Q23+R24 -> 270748.14 | R24: =+[1]DailyAug!S23 -> 16712.27 | S24: =R24/B24 -> 344.32021 | T24: =R24/C24 -> 339.32165 | U24: =+U23+V24 -> 132859.34 | V24: =+[1]DailyAug!T23 -> 8346.77 | W24: =V24/B24 -> 171.96716 | X24: =V24/C24 -> 169.47068 | Y24: =+Y23+Z24 -> 114477.24 | Z24: =+[1]DailyAug!U23 -> 7347.17 | AA24: =Z24/B24 -> 151.37256 | AB24: =Z24/C24 -> 149.17506 | AC24: =+E24+J24+N24+R24+V24+Z24+H24 -> 43184.71 | AD24: =AC24/B24 -> 889.72763 | AE24: =AC24/C24 -> 876.8113 | AF24: =+[1]DailyAug!BH23 -> 422 | AG24: =+[1]DailyAug!BL23 -> 0 | AH24: =+AG24+AF24 -> 422 | AI24: =AH24/B24 -> 8.6943981 | AJ24: =AH24/C24 -> 8.56818 | AM24: Total | AN24: =+AN16+AN19+AN22 -> 694.34303 | AO24: =+AO16+AO19+AO22 -> 715.6759
A25: =A24+1 -> 45734 | B25: =Report1!P26 -> 63.815 | C25: =Report1!R26 -> 62.594 | D25: =+D24+E25 -> 13485.1 | E25: =+[1]DailyAug!O24 -> 732.9 | F25: =E25/B25 -> 11.484761 | G25: =E25/C25 -> 11.70879 | H25: =+[1]DailyAug!P24 -> 1941.3 | I25: =+I24+J25 -> 96247 | J25: =+[1]DailyAug!Q24 -> 6599 | K25: =J25/B25 -> 103.40829 | L25: =J25/C25 -> 105.42544 | M25: =+M24+N25 -> 30311 | N25: =+[1]DailyAug!R24 -> 2485 | O25: =N25/B25 -> 38.940688 | P25: =N25/C25 -> 39.700291 | Q25: =+Q24+R25 -> 288404.53 | R25: =+[1]DailyAug!S24 -> 17656.39 | S25: =R25/B25 -> 276.68087 | T25: =R25/C25 -> 282.07799 | U25: =+U24+V25 -> 142060.63 | V25: =+[1]DailyAug!T24 -> 9201.29 | W25: =V25/B25 -> 144.18695 | X25: =V25/C25 -> 146.99955 | Y25: =+Y24+Z25 -> 122203.83 | Z25: =+[1]DailyAug!U24 -> 7726.59 | AA25: =Z25/B25 -> 121.07796 | AB25: =Z25/C25 -> 123.43979 | AC25: =+E25+J25+N25+R25+V25+Z25+H25 -> 46342.47 | AD25: =AC25/B25 -> 726.20027 | AE25: =AC25/C25 -> 740.36601 | AF25: =+[1]DailyAug!BH24 -> 451 | AG25: =+[1]DailyAug!BL24 -> 0 | AH25: =+AG25+AF25 -> 451 | AI25: =AH25/B25 -> 7.0673039 | AJ25: =AH25/C25 -> 7.2051634
A26: =A25+1 -> 45735 | B26: =Report1!P27 -> 65.876 | C26: =Report1!R27 -> 61.992 | D26: =+D25+E26 -> 14145.3 | E26: =+[1]DailyAug!O25 -> 660.2 | F26: =E26/B26 -> 10.021859 | G26: =E26/C26 -> 10.649761 | H26: =+[1]DailyAug!P25 -> 4464.6 | I26: =+I25+J26 -> 103144 | J26: =+[1]DailyAug!Q25 -> 6897 | K26: =J26/B26 -> 104.6967 | L26: =J26/C26 -> 111.25629 | M26: =+M25+N26 -> 32729.9 | N26: =+[1]DailyAug!R25 -> 2418.9 | O26: =N26/B26 -> 36.718987 | P26: =N26/C26 -> 39.019551 | Q26: =+Q25+R26 -> 306097.56 | R26: =+[1]DailyAug!S25 -> 17693.03 | S26: =R26/B26 -> 268.58082 | T26: =R26/C26 -> 285.40828 | U26: =+U25+V26 -> 150820.86 | V26: =+[1]DailyAug!T25 -> 8760.23 | W26: =V26/B26 -> 132.9806 | X26: =V26/C26 -> 141.31227 | Y26: =+Y25+Z26 -> 129419.16 | Z26: =+[1]DailyAug!U25 -> 7215.33 | AA26: =Z26/B26 -> 109.52896 | AB26: =Z26/C26 -> 116.39131 | AC26: =+E26+J26+N26+R26+V26+Z26+H26 -> 48109.29 | AD26: =AC26/B26 -> 730.30072 | AE26: =AC26/C26 -> 776.05643 | AF26: =+[1]DailyAug!BH25 -> 448 | AG26: =+[1]DailyAug!BL25 -> 0 | AH26: =+AG26+AF26 -> 448 | AI26: =AH26/B26 -> 6.8006558 | AJ26: =AH26/C26 -> 7.2267389 | AM26: LEBIH TINGGI DARI OFF REEL | AO26: =+AO24/AN24-1 -> 0.030723819
A27: =A26+1 -> 45736 | B27: =Report1!P28 -> 50.709 | C27: =Report1!R28 -> 50.193 | D27: =+D26+E27 -> 14999.1 | E27: =+[1]DailyAug!O26 -> 853.8 | F27: =E27/B27 -> 16.837248 | G27: =E27/C27 -> 17.01034 | H27: =+[1]DailyAug!P26 -> 3994.6 | I27: =+I26+J27 -> 108690 | J27: =+[1]DailyAug!Q26 -> 5546 | K27: =J27/B27 -> 109.36915 | L27: =J27/C27 -> 110.4935 | M27: =+M26+N27 -> 35172.3 | N27: =+[1]DailyAug!R26 -> 2442.4 | O27: =N27/B27 -> 48.16502 | P27: =N27/C27 -> 48.660172 | Q27: =+Q26+R27 -> 324392.16 | R27: =+[1]DailyAug!S26 -> 18294.6 | S27: =R27/B27 -> 360.77619 | T27: =R27/C27 -> 364.48509 | U27: =+U26+V27 -> 160332.26 | V27: =+[1]DailyAug!T26 -> 9511.4 | W27: =V27/B27 -> 187.56828 | X27: =V27/C27 -> 189.49654 | Y27: =+Y26+Z27 -> 137065.56 | Z27: =+[1]DailyAug!U26 -> 7646.4 | AA27: =Z27/B27 -> 150.7898 | AB27: =Z27/C27 -> 152.33997 | AC27: =+E27+J27+N27+R27+V27+Z27+H27 -> 48289.2 | AD27: =AC27/B27 -> 952.28066 | AE27: =AC27/C27 -> 962.07041 | AF27: =+[1]DailyAug!BH26 -> 448 | AG27: =+[1]DailyAug!BL26 -> 0 | AH27: =+AG27+AF27 -> 448 | AI27: =AH27/B27 -> 8.8347236 | AJ27: =AH27/C27 -> 8.9255474
A28: =A27+1 -> 45737 | B28: =Report1!P29 -> 50.822 | C28: =Report1!R29 -> 49.95 | D28: =+D27+E28 -> 15803.4 | E28: =+[1]DailyAug!O27 -> 804.3 | F28: =E28/B28 -> 15.825823 | G28: =E28/C28 -> 16.102102 | H28: =+[1]DailyAug!P27 -> 2472.4 | I28: =+I27+J28 -> 113758 | J28: =+[1]DailyAug!Q27 -> 5068 | K28: =J28/B28 -> 99.720593 | L28: =J28/C28 -> 101.46146 | M28: =+M27+N28 -> 37500.6 | N28: =+[1]DailyAug!R27 -> 2328.3 | O28: =N28/B28 -> 45.812837 | P28: =N28/C28 -> 46.612613 | Q28: =+Q27+R28 -> 341268.81 | R28: =+[1]DailyAug!S27 -> 16876.65 | S28: =R28/B28 -> 332.07371 | T28: =R28/C28 -> 337.87087 | U28: =+U27+V28 -> 168845.21 | V28: =+[1]DailyAug!T27 -> 8512.95 | W28: =V28/B28 -> 167.50521 | X28: =V28/C28 -> 170.42943 | Y28: =+Y27+Z28 -> 143920.61 | Z28: =+[1]DailyAug!U27 -> 6855.05 | AA28: =Z28/B28 -> 134.88352 | AB28: =Z28/C28 -> 137.23824 | AC28: =+E28+J28+N28+R28+V28+Z28+H28 -> 42917.65 | AD28: =AC28/B28 -> 844.46991 | AE28: =AC28/C28 -> 859.21221 | AF28: =+[1]DailyAug!BH27 -> 426 | AG28: =+[1]DailyAug!BL27 -> 0 | AH28: =+AG28+AF28 -> 426 | AI28: =AH28/B28 -> 8.3821967 | AJ28: =AH28/C28 -> 8.5285285
A29: =A28+1 -> 45738 | B29: =Report1!P30 -> 50.205 | C29: =Report1!R30 -> 49.985 | D29: =+D28+E29 -> 16594.7 | E29: =+[1]DailyAug!O28 -> 791.3 | F29: =E29/B29 -> 15.761378 | G29: =E29/C29 -> 15.830749 | H29: =+[1]DailyAug!P28 -> 2602.1 | I29: =+I28+J29 -> 118766 | J29: =+[1]DailyAug!Q28 -> 5008 | K29: =J29/B29 -> 99.751021 | L29: =J29/C29 -> 100.19006 | M29: =+M28+N29 -> 39886.2 | N29: =+[1]DailyAug!R28 -> 2385.6 | O29: =N29/B29 -> 47.51718 | P29: =N29/C29 -> 47.726318 | Q29: =+Q28+R29 -> 358455.07 | R29: =+[1]DailyAug!S28 -> 17186.26 | S29: =R29/B29 -> 342.32168 | T29: =R29/C29 -> 343.82835 | U29: =+U28+V29 -> 177622.77 | V29: =+[1]DailyAug!T28 -> 8777.56 | W29: =V29/B29 -> 174.83438 | X29: =V29/C29 -> 175.60388 | Y29: =+Y28+Z29 -> 150932.07 | Z29: =+[1]DailyAug!U28 -> 7011.46 | AA29: =Z29/B29 -> 139.65661 | AB29: =Z29/C29 -> 140.27128 | AC29: =+E29+J29+N29+R29+V29+Z29+H29 -> 43762.28 | AD29: =AC29/B29 -> 871.67175 | AE29: =AC29/C29 -> 875.50825 | AF29: =+[1]DailyAug!BH28 -> 442 | AG29: =+[1]DailyAug!BL28 -> 0 | AH29: =+AG29+AF29 -> 442 | AI29: =AH29/B29 -> 8.803904 | AJ29: =AH29/C29 -> 8.8426528
A30: =A29+1 -> 45739 | B30: =Report1!P31 -> 49.181 | C30: =Report1!R31 -> 50.241 | D30: =+D29+E30 -> 17194 | E30: =+[1]DailyAug!O29 -> 599.3 | F30: =E30/B30 -> 12.1856 | G30: =E30/C30 -> 11.928505 | H30: =+[1]DailyAug!P29 -> 3091.5 | I30: =+I29+J30 -> 123951 | J30: =+[1]DailyAug!Q29 -> 5185 | K30: =J30/B30 -> 105.42689 | L30: =J30/C30 -> 103.20256 | M30: =+M29+N30 -> 42182.5 | N30: =+[1]DailyAug!R29 -> 2296.3 | O30: =N30/B30 -> 46.690795 | P30: =N30/C30 -> 45.705699 | Q30: =+Q29+R30 -> 374950.54 | R30: =+[1]DailyAug!S29 -> 16495.47 | S30: =R30/B30 -> 335.40331 | T30: =R30/C30 -> 328.32686 | U30: =+U29+V30 -> 186480.54 | V30: =+[1]DailyAug!T29 -> 8857.77 | W30: =V30/B30 -> 180.10553 | X30: =V30/C30 -> 176.30561 | Y30: =+Y29+Z30 -> 157958.14 | Z30: =+[1]DailyAug!U29 -> 7026.07 | AA30: =Z30/B30 -> 142.86147 | AB30: =Z30/C30 -> 139.84734 | AC30: =+E30+J30+N30+R30+V30+Z30+H30 -> 43551.41 | AD30: =AC30/B30 -> 885.53323 | AE30: =AC30/C30 -> 866.84998 | AF30: =+[1]DailyAug!BH29 -> 269 | AG30: =+[1]DailyAug!BL29 -> 0 | AH30: =+AG30+AF30 -> 269 | AI30: =AH30/B30 -> 5.4695919 | AJ30: =AH30/C30 -> 5.3541928
A31: =A30+1 -> 45740 | B31: =Report1!P32 -> 50.591 | C31: =Report1!R32 -> 51.229 | D31: =+D30+E31 -> 17740.4 | E31: =+[1]DailyAug!O30 -> 546.4 | F31: =E31/B31 -> 10.80034 | G31: =E31/C31 -> 10.665834 | H31: =+[1]DailyAug!P30 -> 2434.6 | I31: =+I30+J31 -> 128846 | J31: =+[1]DailyAug!Q30 -> 4895 | K31: =J31/B31 -> 96.75634 | L31: =J31/C31 -> 95.551348 | M31: =+M30+N31 -> 44595.9 | N31: =+[1]DailyAug!R30 -> 2413.4 | O31: =N31/B31 -> 47.704137 | P31: =N31/C31 -> 47.110035 | Q31: =+Q30+R31 -> 391855.7 | R31: =+[1]DailyAug!S30 -> 16905.16 | S31: =R31/B31 -> 334.15351 | T31: =R31/C31 -> 329.992 | U31: =+U30+V31 -> 195367.1 | V31: =+[1]DailyAug!T30 -> 8886.56 | W31: =V31/B31 -> 175.65496 | X31: =V31/C31 -> 173.46737 | Y31: =+Y30+Z31 -> 165004.9 | Z31: =+[1]DailyAug!U30 -> 7046.76 | AA31: =Z31/B31 -> 139.28881 | AB31: =Z31/C31 -> 137.55412 | AC31: =+E31+J31+N31+R31+V31+Z31+H31 -> 43127.88 | AD31: =AC31/B31 -> 852.48127 | AE31: =AC31/C31 -> 841.86457 | AF31: =+[1]DailyAug!BH30 -> 736 | AG31: =+[1]DailyAug!BL30 -> 0 | AH31: =+AG31+AF31 -> 736 | AI31: =AH31/B31 -> 14.548042 | AJ31: =AH31/C31 -> 14.366863
A32: =A31+1 -> 45741 | B32: =Report1!P33 -> 55.399 | C32: =Report1!R33 -> 54.879 | D32: =+D31+E32 -> 18318.8 | E32: =+[1]DailyAug!O31 -> 578.4 | F32: =E32/B32 -> 10.440622 | G32: =E32/C32 -> 10.539551 | H32: =+[1]DailyAug!P31 -> 1905.2 | I32: =+I31+J32 -> 132941 | J32: =+[1]DailyAug!Q31 -> 4095 | K32: =J32/B32 -> 73.918302 | L32: =J32/C32 -> 74.618707 | M32: =+M31+N32 -> 46962.4 | N32: =+[1]DailyAug!R31 -> 2366.5 | O32: =N32/B32 -> 42.717378 | P32: =N32/C32 -> 43.122141 | Q32: =+Q31+R32 -> 409191.89 | R32: =+[1]DailyAug!S31 -> 17336.19 | S32: =R32/B32 -> 312.93327 | T32: =R32/C32 -> 315.89843 | U32: =+U31+V32 -> 204777.69 | V32: =+[1]DailyAug!T31 -> 9410.59 | W32: =V32/B32 -> 169.86931 | X32: =V32/C32 -> 171.47889 | Y32: =+Y31+Z32 -> 172566.19 | Z32: =+[1]DailyAug!U31 -> 7561.29 | AA32: =Z32/B32 -> 136.48784 | AB32: =Z32/C32 -> 137.78112 | AC32: =+E32+J32+N32+R32+V32+Z32+H32 -> 43253.17 | AD32: =AC32/B32 -> 780.75723 | AE32: =AC32/C32 -> 788.15521 | AF32: =+[1]DailyAug!BH31 -> 436 | AG32: =+[1]DailyAug!BL31 -> 0 | AH32: =+AG32+AF32 -> 436 | AI32: =AH32/B32 -> 7.8701782 | AJ32: =AH32/C32 -> 7.9447512
A33: =A32+1 -> 45742 | B33: =Report1!P34 -> 57.823 | C33: =Report1!R34 -> 57.335 | D33: =+D32+E33 -> 18893.8 | E33: =+[1]DailyAug!O32 -> 575 | F33: =E33/B33 -> 9.9441399 | G33: =E33/C33 -> 10.028778 | H33: =+[1]DailyAug!P32 -> 1805.5 | I33: =+I32+J33 -> 137103 | J33: =+[1]DailyAug!Q32 -> 4162 | K33: =J33/B33 -> 71.978279 | L33: =J33/C33 -> 72.590913 | M33: =+M32+N33 -> 49401.5 | N33: =+[1]DailyAug!R32 -> 2439.1 | O33: =N33/B33 -> 42.182177 | P33: =N33/C33 -> 42.541205 | Q33: =+Q32+R33 -> 427433.42 | R33: =+[1]DailyAug!S32 -> 18241.53 | S33: =R33/B33 -> 315.47187 | T33: =R33/C33 -> 318.15697 | U33: =+U32+V33 -> 214974.22 | V33: =+[1]DailyAug!T32 -> 10196.53 | W33: =V33/B33 -> 176.34038 | X33: =V33/C33 -> 177.84128 | Y33: =+Y32+Z33 -> 180835.52 | Z33: =+[1]DailyAug!U32 -> 8269.33 | AA33: =Z33/B33 -> 143.01109 | AB33: =Z33/C33 -> 144.22831 | AC33: =+E33+J33+N33+R33+V33+Z33+H33 -> 45688.99 | AD33: =AC33/B33 -> 790.15253 | AE33: =AC33/C33 -> 796.87782 | AF33: =+[1]DailyAug!BH32 -> 451 | AG33: =+[1]DailyAug!BL32 -> 0 | AH33: =+AG33+AF33 -> 451 | AI33: =AH33/B33 -> 7.7996645 | AJ33: =AH33/C33 -> 7.8660504
A34: =A33+1 -> 45743 | B34: =Report1!P35 -> 64.804 | C34: =Report1!R35 -> 62.234 | D34: =+D33+E34 -> 19667.1 | E34: =+[1]DailyAug!O33 -> 773.3 | F34: =E34/B34 -> 11.932905 | G34: =E34/C34 -> 12.425684 | H34: =+[1]DailyAug!P33 -> 304.2 | I34: =+I33+J34 -> 142052 | J34: =+[1]DailyAug!Q33 -> 4949 | K34: =J34/B34 -> 76.368743 | L34: =J34/C34 -> 79.522448 | M34: =+M33+N34 -> 49822.4 | N34: =+[1]DailyAug!R33 -> 420.9 | O34: =N34/B34 -> 6.4949694 | P34: =N34/C34 -> 6.7631841 | Q34: =+Q33+R34 -> 442610.43 | R34: =+[1]DailyAug!S33 -> 15177.01 | S34: =R34/B34 -> 234.19866 | T34: =R34/C34 -> 243.87007 | U34: =+U33+V34 -> 223877.53 | V34: =+[1]DailyAug!T33 -> 8903.31 | W34: =V34/B34 -> 137.38828 | X34: =V34/C34 -> 143.06183 | Y34: =+Y33+Z34 -> 188113.43 | Z34: =+[1]DailyAug!U33 -> 7277.91 | AA34: =Z34/B34 -> 112.30649 | AB34: =Z34/C34 -> 116.94427 | AC34: =+E34+J34+N34+R34+V34+Z34+H34 -> 37805.63 | AD34: =AC34/B34 -> 583.3842 | AE34: =AC34/C34 -> 607.4755 | AF34: =+[1]DailyAug!BH33 -> 9244 | AG34: =+[1]DailyAug!BL33 -> 19553.24 | AH34: =+AG34+AF34 -> 28797.24 | AI34: =AH34/B34 -> 444.37442 | AJ34: =AH34/C34 -> 462.7252
A35: =A34+1 -> 45744 | B35: =Report1!P36 -> 64.551 | C35: =Report1!R36 -> 63.216 | D35: =+D34+E35 -> 20399.2 | E35: =+[1]DailyAug!O34 -> 732.1 | F35: =E35/B35 -> 11.34142 | G35: =E35/C35 -> 11.580929 | H35: =+[1]DailyAug!P34 -> 0 | I35: =+I34+J35 -> 147342 | J35: =+[1]DailyAug!Q34 -> 5290 | K35: =J35/B35 -> 81.950706 | L35: =J35/C35 -> 83.681346 | M35: =+M34+N35 -> 49822.4 | N35: =+[1]DailyAug!R34 -> 0 | O35: =N35/B35 -> 0 | P35: =N35/C35 -> 0 | Q35: =+Q34+R35 -> 457550.63 | R35: =+[1]DailyAug!S34 -> 14940.2 | S35: =R35/B35 -> 231.448 | T35: =R35/C35 -> 236.33574 | U35: =+U34+V35 -> 231047.83 | V35: =+[1]DailyAug!T34 -> 7170.3 | W35: =V35/B35 -> 111.07961 | X35: =V35/C35 -> 113.4254 | Y35: =+Y34+Z35 -> 194433.03 | Z35: =+[1]DailyAug!U34 -> 6319.6 | AA35: =Z35/B35 -> 97.900885 | AB35: =Z35/C35 -> 99.968362 | AC35: =+E35+J35+N35+R35+V35+Z35+H35 -> 34452.2 | AD35: =AC35/B35 -> 533.72062 | AE35: =AC35/C35 -> 544.99177 | AF35: =+[1]DailyAug!BH34 -> 30215 | AG35: =+[1]DailyAug!BL34 -> 0 | AH35: =+AG35+AF35 -> 30215 | AI35: =AH35/B35 -> 468.0795 | AJ35: =AH35/C35 -> 477.96444
A36: =A35+1 -> 45745 | B36: =+Report1!P37 -> 68.785 | C36: =Report1!R37 -> 68.725 | D36: =+D35+E36 -> 21105.7 | E36: =+[1]DailyAug!O35 -> 706.5 | F36: =E36/B36 -> 10.271135 | G36: =E36/C36 -> 10.280102 | H36: =+[1]DailyAug!P35 -> 0 | I36: =+I35+J36 -> 153382 | J36: =+[1]DailyAug!Q35 -> 6040 | K36: =J36/B36 -> 87.809842 | L36: =J36/C36 -> 87.886504 | M36: =+M35+N36 -> 49822.4 | N36: =+[1]DailyAug!R35 -> 0 | O36: =N36/B36 -> 0 | P36: =N36/C36 -> 0 | Q36: =+Q35+R36 -> 472954.47 | R36: =+[1]DailyAug!S35 -> 15403.84 | S36: =R36/B36 -> 223.94185 | T36: =R36/C36 -> 224.13736 | U36: =+U35+V36 -> 238498.17 | V36: =+[1]DailyAug!T35 -> 7450.34 | W36: =V36/B36 -> 108.31344 | X36: =V36/C36 -> 108.408 | Y36: =+Y35+Z36 -> 200387.97 | Z36: =+[1]DailyAug!U35 -> 5954.94 | AA36: =Z36/B36 -> 86.573235 | AB36: =Z36/C36 -> 86.648818 | AC36: =+E36+J36+N36+R36+V36+Z36+H36 -> 35555.62 | AD36: =AC36/B36 -> 516.9095 | AE36: =AC36/C36 -> 517.36079 | AF36: =+[1]DailyAug!BH35 -> 31212 | AG36: =+[1]DailyAug!BL35 -> 0 | AH36: =+AG36+AF36 -> 31212 | AI36: =AH36/B36 -> 453.76172 | AJ36: =AH36/C36 -> 454.15788
A37: =A36+1 -> 45746 | B37: =Report1!P38 -> 73.941 | C37: =Report1!R38 -> 70.442 | D37: =+D36+E37 -> 21861.3 | E37: =+[1]DailyAug!O36 -> 755.6 | F37: =E37/B37 -> 10.218958 | G37: =E37/C37 -> 10.726555 | H37: =+[1]DailyAug!P36 -> 1359.7 | I37: =+I36+J37 -> 160194 | J37: =+[1]DailyAug!Q36 -> 6812 | K37: =J37/B37 -> 92.127507 | L37: =J37/C37 -> 96.703671 | M37: =+M36+N37 -> 49822.4 | N37: =+[1]DailyAug!R36 -> 0 | O37: =N37/B37 -> 0 | P37: =N37/C37 -> 0 | Q37: =+Q36+R37 -> 488571.34 | R37: =+[1]DailyAug!S36 -> 15616.87 | S37: =R37/B37 -> 211.20718 | T37: =R37/C37 -> 221.69828 | U37: =+U36+V37 -> 244006.64 | V37: =+[1]DailyAug!T36 -> 5508.47 | W37: =V37/B37 -> 74.498181 | X37: =V37/C37 -> 78.19866 | Y37: =+Y36+Z37 -> 206550.64 | Z37: =+[1]DailyAug!U36 -> 6162.67 | AA37: =Z37/B37 -> 83.345776 | AB37: =Z37/C37 -> 87.485733 | AC37: =+E37+J37+N37+R37+V37+Z37+H37 -> 36215.31 | AD37: =AC37/B37 -> 489.78659 | AE37: =AC37/C37 -> 514.1153 | AF37: =+[1]DailyAug!BH36 -> 32502 | AG37: =+[1]DailyAug!BL36 -> 0 | AH37: =+AG37+AF37 -> 32502 | AI37: =AH37/B37 -> 439.56668 | AJ37: =AH37/C37 -> 461.40087
A38: =A37+1 -> 45747 | B38: =Report1!P39 -> 75.551 | C38: =Report1!R39 -> 73.796 | D38: =+D37+E38 -> 22495.6 | E38: =+[1]DailyAug!O37 -> 634.3 | F38: =E38/B38 -> 8.3956533 | G38: =E38/C38 -> 8.5953168 | H38: =+[1]DailyAug!P37 -> 0 | I38: =+I37+J38 -> 165396 | J38: =+[1]DailyAug!Q37 -> 5202 | K38: =J38/B38 -> 68.854152 | L38: =J38/C38 -> 70.491626 | M38: =+M37+N38 -> 49822.4 | N38: =+[1]DailyAug!R37 -> 0 | O38: =N38/B38 -> 0 | P38: =N38/C38 -> 0 | Q38: =+Q37+R38 -> 503283.61 | R38: =+[1]DailyAug!S37 -> 14712.27 | S38: =R38/B38 -> 194.73296 | T38: =R38/C38 -> 199.36406 | U38: =+U37+V38 -> 249542.21 | V38: =+[1]DailyAug!T37 -> 5535.57 | W38: =V38/B38 -> 73.269315 | X38: =V38/C38 -> 75.011789 | Y38: =+Y37+Z38 -> 212540.71 | Z38: =+[1]DailyAug!U37 -> 5990.07 | AA38: =Z38/B38 -> 79.285119 | AB38: =Z38/C38 -> 81.17066 | AC38: =+E38+J38+N38+R38+V38+Z38+H38 -> 32074.21 | AD38: =AC38/B38 -> 424.5372 | AE38: =AC38/C38 -> 434.63345 | AF38: =+[1]DailyAug!BH37 -> 31426 | AG38: =+[1]DailyAug!BL37 -> 0 | AH38: =+AG38+AF38 -> 31426 | AI38: =AH38/B38 -> 415.95743 | AJ38: =AH38/C38 -> 425.84964
A40: TOTAL | B40: =SUM(B8:B38) -> 1732.689 | C40: =SUM(C8:C38) -> 1681.041 | E40: =SUM(E8:E39) -> 22495.6 | F40: =E40/B40 -> 12.983057 | G40: =E40/C40 -> 13.381946 | H40: =SUM(H8:H39) -> 60090.5 | J40: =SUM(J8:J39) -> 165396 | K40: =J40/B40 -> 95.456253 | L40: =J40/C40 -> 98.389034 | N40: =SUM(N8:N39) -> 49822.4 | O40: =N40/B40 -> 28.754381 | P40: =N40/C40 -> 29.637826 | R40: =SUM(R8:R39) -> 503283.61 | S40: =R40/B40 -> 290.4639 | T40: =R40/C40 -> 299.38806 | V40: =SUM(V8:V39) -> 249542.21 | W40: =V40/B40 -> 144.0202 | X40: =V40/C40 -> 148.44505 | Z40: =SUM(Z8:Z39) -> 212540.71 | AA40: =Z40/B40 -> 122.66524 | AB40: =Z40/C40 -> 126.43398 | AC40: =+E40+J40+N40+R40+V40+Z40+H40 -> 1263171 | AD40: =AC40/B40 -> 729.02352 | AE40: =AC40/C40 -> 751.4219 | AF40: =SUM(AF8:AF39) -> 250082 | AG40: =SUM(AG8:AG39) -> 19553.24 | AH40: =+SUM(AH8:AH38) -> 269635.24 | AI40: =AF40/B40 -> 144.33173 | AJ40: =AF40/C40 -> 148.76615
AC42: =+AC40-[1]DailyAug!$V$38 -> 0 | AF42: =+AF40-[1]DailyAug!$BH$38 -> 0 | AG42: =+AG40-[1]DailyAug!$BL$38 -> 0

Sheet Trim Rwd
A1: PM 12 | B1: =+Report1!A9 -> 45870
A3: Tgl | B3: Grade | C3: Ply | D3: Kombinasi Pot. | E3: Lebar Trim | F3: Jml Turunan | G3: Lebar x Turunan | H3: Rata-rata | I3: PHP PM
A4: =+B1 -> 45870 | B4: TW 38 | C4: 2 | D4: 41*8 | E4: =41*8 -> 328 | F4: =9+6+8+9 -> 32 | G4: =+E4*F4 -> 10496 | H4: =+(E4*F4+E5*F5)/(SUM(F4:F5)) -> 328.06061 | I4: =+'1'!N37 -> 48.856
B5: TW 38 | C5: 2 | D5: 41*2+124*2 | E5: =41*2+124*2 -> 330 | F5: 1 | G5: =+E5*F5 -> 330 | K5: =SUM(I:I) -> 1732.689
B6: TW 36 | C6: 2 | D6: 165*2 | E6: =165*2 -> 330 | F6: =8+5 -> 13 | G6: =+E6*F6 -> 4290 | H6: =+(E6*F6+E7*F7)/(SUM(F6:F7)) -> 329.76471 | I6: =+'1'!N38 -> 32.611 | K6: =+K5-'31'!J38 -> 0
B7: TW 36 | C7: 2 | D7: 117,5*2+94 | E7: =117.5*2+94 -> 329 | F7: 4 | G7: =+E7*F7 -> 1316
A9: 45871 | B9: TW 36 | C9: 2 | D9: 117,5*2+94 | E9: =117.5*2+94 -> 329 | F9: =5+8 -> 13 | G9: =+E9*F9 -> 4277 | H9: =+G9/F9 -> 329 | I9: =+'2'!N37 -> 14.495
B10: TW 34 | C10: 2 | D10: 165*2 | E10: =165*2 -> 330 | F10: =3+2+4+5+2 -> 16 | G10: =+E10*F10 -> 5280 | H10: =+G10/F10 -> 330 | I10: =+'2'!N38 -> 19.186
B11: TW 30 | C11: 2 | D11: 84*3+63 | E11: =84*3+63 -> 315 | F11: =5+3 -> 8 | G11: =+E11*F11 -> 2520 | H11: =+G11/F11 -> 315 | I11: =+'2'!N39 -> 11.198
B12: TW 20 | C12: 2 | D12: 165*2 | E12: =165*2 -> 330 | F12: =7+6 -> 13 | G12: =+E12*F12 -> 4290 | H12: =+G12/F12 -> 330 | I12: =+'2'!N40 -> 14.156
B13: N 20 | C13: 2 | D13: 115*2+48*2 | E13: =115*2+48*2 -> 326 | F13: =2+2 -> 4 | G13: =+E13*F13 -> 1304 | H13: =+G13/F13 -> 326 | I13: =+'2'!N41 -> 11.768
A15: 45872 | B15: N 20 | C15: 2 | D15: 115*2+48*2 | E15: =115*2+48*2 -> 326 | F15: =6+5 -> 11 | G15: =+E15*F15 -> 3586 | H15: =+G15/F15 -> 326 | I15: =+'3'!N37 -> 4.694
B16: N 17,5 | C16: 2 | D16: 51*5+66 | E16: =51*5+66 -> 321 | F16: =2+2+9+9+9+9 -> 40 | G16: =+E16*F16 -> 12840 | H16: =+G16/F16 -> 321 | I16: =+'3'!N38 -> 49.517
A18: 45873 | B18: N 17,5 | C18: 2 | D18: 51*5+66 | E18: =51*5+66 -> 321 | F18: =10+8+3 -> 21 | G18: =+E18*F18 -> 6741 | H18: =+G18/F18 -> 321 | I18: =+'4'!N37 -> 19.055
B19: N 16 | C19: 2 | D19: 23*4+112*2 | E19: =23*4+112*2 -> 316 | F19: =1+7+6+9 -> 23 | G19: =+E19*F19 -> 7268 | H19: =+G19/F19 -> 316 | I19: =+'4'!N38 -> 29.406
B20: N 15,5 | C20: 2 | D20: 112*2+96 | E20: =112*2+96 -> 320 | F20: 0 | G20: =+E20*F20 -> 0 | H20: =+E20 -> 320 | I20: =+'4'!N39 -> 0
A22: 45874 | B22: N 16 | C22: 2 | D22: 23*4+112*2 | E22: =23*4+112*2 -> 316 | F22: 2 | G22: =+E22*F22 -> 632 | H22: =+G22/F22 -> 316 | I22: =+'5'!I38 -> 1.776
B23: N 17 | C23: 2 | D23: 133*2+60 | E23: =133*2+60 -> 326 | F23: 0 | G23: =+E23*F23 -> 0 | H23: =+E23 -> 326 | I23: =+'5'!I39 -> 0
A25: 45875 | B25: N 17 | C25: 2 | D25: 133*2+60 | E25: =133*2+60 -> 326 | F25: =8+2+3 -> 13 | G25: =+E25*F25 -> 4238 | H25: =+(E25*F25+E26*F26)/(SUM(F25:F26)) -> 326.28571 | I25: =+'6'!N37 -> 19.232
B26: N 17 | C26: 2 | D26: 33*10 | E26: =33*10 -> 330 | F26: 1 | G26: =+E26*F26 -> 330
B27: N 16 | C27: 2 | D27: 33*10 | E27: =33*10 -> 330 | F27: =4+1+8+5 -> 18 | G27: =+E27*F27 -> 5940 | H27: =+G27/F27 -> 330 | I27: =+'6'!N38 -> 23.992
A29: 45876 | B29: N 16 | C29: 2 | D29: 33*10 | E29: =33*10 -> 330 | F29: =6+7+3+1 -> 17 | G29: =+E29*F29 -> 5610 | H29: =+(E29*F29+E30*F30)/(SUM(F29:F30)) -> 326.1 | I29: =+'7'!N37 -> 18.126
B30: N 16 | C30: 2 | D30: 76*4 | E30: =76*4 -> 304 | F30: 3 | G30: =+E30*F30 -> 912
B31: N 19 | C31: 2 | D31: 162*2 | E31: =162*2 -> 324 | F31: =2+9 -> 11 | G31: =+E31*F31 -> 3564 | H31: =+G31/F31 -> 324 | I31: =+'7'!N38 -> 16.498
A33: 45877 | B33: N 19 | C33: 2 | D33: 162*2 | E33: =162*2 -> 324 | F33: 11 | G33: =+E33*F33 -> 3564 | H33: =+G33/F33 -> 324 | I33: =+'8'!I38 -> 69.407
B34: N 25 | C34: 2 | D34: 162*2 | E34: =162*2 -> 324 | F34: =90/2 -> 45 | G34: =+E34*F34 -> 14580 | H34: =+G34/F34 -> 324
A36: 45878 | B36: N 25 | C36: 2 | D36: 162*2 | E36: =162*2 -> 324 | F36: =9+8+10+8+5 -> 40 | G36: =+E36*F36 -> 12960 | H36: =+G36/F36 -> 324 | I36: =+'9'!I38 -> 70.389
B37: N 23 | C37: 2 | D37: 164*2 | E37: =164*2 -> 328 | F37: 8 | G37: =+E37*F37 -> 2624 | H37: =+G37/F37 -> 328
B38: TW 23 | C38: 2 | D38: 164*2 | E38: =164*2 -> 328 | F38: 4 | G38: =+E38*F38 -> 1312 | H38: =+G38/F38 -> 328
A40: 45879 | B40: TW 23 | C40: 2 | D40: 164*2 | E40: =164*2 -> 328 | F40: =13+6+11+11+10+10 -> 61 | G40: =+E40*F40 -> 20008 | H40: =+G40/F40 -> 328 | I40: =+'10'!I38 -> 74.045
B41: N 17 | C41: 2 | D41: 56*5+48*1 | E41: =56*5+48*1 -> 328 | F41: 1 | G41: =+E41*F41 -> 328 | H41: =+(E41*F41+E42*F42)/(SUM(F41:F42)) -> 329
B42: N 17 | C42: 2 | D42: 48*6+42*1 | E42: =48*6+42*1 -> 330 | F42: 1 | G42: =+E42*F42 -> 330
A44: 45880 | B44: TW 23 | C44: 2 | D44: 164*2 | E44: =164*2 -> 328 | F44: 2 | G44: =+E44*F44 -> 656 | H44: =+G44/F44 -> 328 | I44: Backlog
B45: N 17 | C45: 2 | D45: 48*6+42*1 | E45: =48*6+42*1 -> 330 | F45: =7+7 -> 14 | G45: =+E45*F45 -> 4620 | H45: =+(E45*F45+E46*F46)/(SUM(F45:F46)) -> 328.59574 | I45: =+'11'!I38 -> 49.766
B46: N 17 | C46: 2 | D46: 56*5+48*1 | E46: =56*5+48*1 -> 328 | F46: =7+1+10+6+7+2 -> 33 | G46: =+E46*F46 -> 10824
A48: 45881 | B48: N 17 | C48: 2 | D48: 56*5+48*1 | E48: =56*5+48*1 -> 328 | F48: =2+2 -> 4 | G48: =+E48*F48 -> 1312 | H48: =+G48/F48 -> 328 | I48: =+'12'!N37 -> 1.922
B49: TW 17 | C49: 2 | D49: 170+153 | E49: =170+153 -> 323 | F49: =7+7+9+9+3+7 -> 42 | G49: =+E49*F49 -> 13566 | H49: =+(E49*F49+E50*F50)/(SUM(F49:F50)) -> 323 | I49: =+'12'!N38 -> 48.585
B50: TW 17 | C50: 2 | D50: 190+133 | E50: =190+133 -> 323 | F50: =3+3 -> 6 | G50: =+E50*F50 -> 1938
A52: 45882 | B52: TW 17 | C52: 2 | D52: 190+133 | E52: =190+133 -> 323 | F52: =17+7+13 -> 37 | G52: =+E52*F52 -> 11951 | H52: =+G52/F52 -> 323 | I52: =+'13'!N37 -> 37.285
B53: N 16 | C53: 2 | D53: 68+21*4+42*4 | E53: =68+21*4+42*4 -> 320 | F53: 7 | G53: =+E53*F53 -> 2240 | H53: =+G53/F53 -> 320 | I53: =+'13'!N38 -> 10.24
A55: 45883 | B55: N 16 | C55: 2 | D55: 68+21*4+42*4 | E55: =68+21*4+42*4 -> 320 | F55: =16+14+15 -> 45 | G55: =+E55*F55 -> 14400 | H55: =+G55/F55 -> 320 | I55: =+'14'!I38 -> 48.076
A57: 45884 | B57: N 16 | C57: 2 | D57: 68+21*4+42*4 | E57: =68+21*4+42*4 -> 320 | F57: =17+16+15 -> 48 | G57: =+E57*F57 -> 15360 | H57: =+G57/F57 -> 320 | I57: =+'15'!I38 -> 48.973
A59: 45885 | B59: N 16 | C59: 2 | D59: 68+21*4+42*4 | E59: =68+21*4+42*4 -> 320 | F59: =18+16+16 -> 50 | G59: =+E59*F59 -> 16000 | H59: =+G59/F59 -> 320 | I59: =+'16'!I38 -> 48.845
A61: 45886 | B61: N 16 | C61: 2 | D61: 68+21*4+42*4 | E61: =68+21*4+42*4 -> 320 | F61: =15+18+20 -> 53 | G61: =+E61*F61 -> 16960 | H61: =+G61/F61 -> 320 | I61: =+'17'!I38 -> 48.537
A63: 45887 | B63: N 16 | C63: 2 | D63: 68+21*4+42*4 | E63: =68+21*4+42*4 -> 320 | F63: 7 | G63: =+E63*F63 -> 2240 | H63: =+(E63*F63+E64*F64)/(SUM(F63:F64)) -> 325.25 | I63: =+'18'!N37 -> 25.017
B64: N 16 | C64: 2 | D64: 76*3+99 | E64: =76*3+99 -> 327 | F64: =9+12 -> 21 | G64: =+E64*F64 -> 6867
B65: TW 23 | C65: 2 | D65: 164*2 | E65: =164*2 -> 328 | F65: =1+8+13+8 -> 30 | G65: =+E65*F65 -> 9840 | H65: =+G65/F65 -> 328 | I65: =+'18'!N38 -> 38.798
A67: 45888 | B67: TW 23 | C67: 2 | D67: 164*2 | E67: =164*2 -> 328 | F67: 40 | G67: =+E67*F67 -> 13120 | H67: =+G67/F67 -> 328 | I67: =+'19'!N37 -> 46.024
B68: TW 17 | C68: 2 | D68: 154+176 | E68: =154+176 -> 330 | F68: =8+1 -> 9 | G68: =+E68*F68 -> 2970 | H68: =+(E68*F68+E69*F69)/(SUM(F68:F69)) -> 327.5 | I68: =+'19'!N38 -> 19.852
B69: TW 17 | C69: 2 | D69: 152+171 | E69: =152+171 -> 323 | F69: 5 | G69: =+E69*F69 -> 1615
A71: 45889 | B71: TW 17 | C71: 2 | D71: 152+171 | E71: =152+171 -> 323 | F71: =102/2 -> 51 | G71: =+E71*F71 -> 16473 | H71: =+G71/F71 -> 323 | I71: =+'20'!I38 -> 50.709
A73: 45890 | B73: TW 17 | C73: 2 | D73: 152+168 | E73: =152+168 -> 320 | F73: =15+13 -> 28 | G73: =+E73*F73 -> 8960 | H73: =+(E73*F73+E74*F74)/(SUM(F73:F74)) -> 323.52 | I73: =+'21'!I38 -> 50.822
B74: TW 17 | C74: 2 | D74: 102+170+56 | E74: =102+170+56 -> 328 | F74: =4+18 -> 22 | G74: =+E74*F74 -> 7216
A76: 45891 | B76: TW 17 | C76: 2 | D76: 102+170+56 | E76: =102+170+56 -> 328 | F76: =9+8+1 -> 18 | G76: =+E76*F76 -> 5904 | H76: =+(E76*F76+E77*F77)/(SUM(F76:F77)) -> 321.68421 | I76: =+'22'!N37 -> 36.026
B77: TW 17 | C77: 2 | D77: 102*2+56*2 | E77: =102*2+56*2 -> 316 | F77: =8+8+2+2 -> 20 | G77: =+E77*F77 -> 6320
B78: TW 16 | C78: 2 | D78: 126*2+75 | E78: =126*2+75 -> 327 | F78: =6+7 -> 13 | G78: =+E78*F78 -> 4251 | H78: =+G78/F78 -> 327 | I78: =+'22'!N38 -> 14.179
A80: 45892 | B80: TW 16 | C80: 2 | D80: 126*2+75 | E80: =126*2+75 -> 327 | F80: =17+11+17 -> 45 | G80: =+E80*F80 -> 14715 | H80: =+G80/F80 -> 327 | I80: =+'23'!I38 -> 49.181
A82: 45893 | B82: TW 16 | C82: 2 | D82: 126*2+75 | E82: =126*2+75 -> 327 | F82: =17+10 -> 27 | G82: =+E82*F82 -> 8829 | H82: =+(E82*F82+E83*F83)/(SUM(F82:F83)) -> 327.5 | I82: =+'24'!I38 -> 50.591
B83: TW 16 | C83: 2 | D83: 120*2+88 | E83: =120*2+88 -> 328 | F83: =9+18 -> 27 | G83: =+E83*F83 -> 8856
A85: 45894 | B85: TW 16 | C85: 2 | D85: 120*2+88 | E85: =120*2+88 -> 328 | F85: =17+1 -> 18 | G85: =+E85*F85 -> 5904 | H85: =+G85/F85 -> 328 | I85: =+'25'!N37 -> 14.252
B86: N 18 | C86: 2 | D86: 114*2+98 | E86: =114*2+98 -> 326 | F86: =15+19 -> 34 | G86: =+E86*F86 -> 11084 | H86: =+G86/F86 -> 326 | I86: =+'25'!N38 -> 41.147
A88: 45895 | B88: N 18 | C88: 2 | D88: 114*2+98 | E88: =114*2+98 -> 326 | F88: =9+9+4+12+10+9 -> 53 | G88: =+E88*F88 -> 17278 | H88: =+G88/F88 -> 326 | I88: =+'26'!I38 -> 57.823
A90: 45896 | B90: N 18 | C90: 2 | D90: 114*2+98 | E90: =114*2+98 -> 326 | F90: 13 | G90: =+E90*F90 -> 4238 | H90: =+G90/F90 -> 326 | I90: =+'27'!N37 -> 13.116
B91: N 20 | C91: 2 | D91: 114*2+38,5+63,5 | E91: =114*2+38.5+63.5 -> 330 | F91: =2+3+8+10+8+10+1 -> 42 | G91: =+E91*F91 -> 13860 | H91: =+G91/F91 -> 330 | I91: =+'27'!N38 -> 51.688
A93: 45897 | B93: N 20 | C93: 2 | D93: 114*2+38,5+63,5 | E93: =114*2+38.5+63.5 -> 330 | F93: =8+10+1 -> 19 | G93: =+E93*F93 -> 6270 | H93: =+(E93*F93+E94*F94)/(SUM(F93:F94)) -> 327.39583 | I93: =+'28'!N37 -> 25.806
B94: N 20 | C94: 2 | D94: 63,5*5 | E94: =63.5*5 -> 317.5 | F94: 5 | G94: =+E94*F94 -> 1587.5
B95: TW 30 | C95: 2 | D95: 84*3+63 | E95: =84*3+63 -> 315 | F95: =6+5+8+10+1 -> 30 | G95: =+E95*F95 -> 9450 | H95: =+G95/F95 -> 315 | I95: =+'28'!N38 -> 38.745
A97: 45898 | B97: TW 30 | C97: 2 | D97: 84*3+63 | E97: =84*3+63 -> 315 | F97: =18+15+17 -> 50 | G97: =+E97*F97 -> 15750 | H97: =+G97/F97 -> 315 | I97: =+'29'!I38 -> 68.785
A99: 45899 | B99: TW 30 | C99: 2 | D99: 84*3+63 | E99: =84*3+63 -> 315 | F99: =2+2+1 -> 5 | G99: =+E99*F99 -> 1575 | H99: =+G99/F99 -> 315 | I99: =+'30'!N37 -> 5.387
B100: TW 31,5 | C100: 2 | D100: 165*2 | E100: =165*2 -> 330 | F100: =4+4 -> 8 | G100: =+E100*F100 -> 2640 | H100: =+G100/F100 -> 330 | I100: =+'30'!N38 -> 14.785
B101: TW 33,5 | C101: 2 | D101: 169,5+149 | E101: =169.5+149 -> 318.5 | F101: =1+6 -> 7 | G101: =+E101*F101 -> 2229.5 | H101: =+G101/F101 -> 318.5 | I101: =+'30'!N39 -> 11.545
B102: TW 36 | C102: 2 | D102: 165*2 | E102: =165*2 -> 330 | F102: =6+4+2+7+6 -> 25 | G102: =+E102*F102 -> 8250 | H102: =+G102/F102 -> 330 | I102: =+'30'!N40 -> 33.522
B103: TW 38 | C103: 2 | D103: 169+149 | E103: =169+149 -> 318 | F103: =3+2 -> 5 | G103: =+E103*F103 -> 1590 | H103: =+G103/F103 -> 318 | I103: =+'30'!N41 -> 8.702
A105: 45900 | B105: TW 38 | C105: 2 | D105: 169+149 | E105: =169+149 -> 318 | F105: =12+5+9+8+4+4 -> 42 | G105: =+E105*F105 -> 13356 | H105: =+G105/F105 -> 318 | I105: =+'31'!N37 -> 59.557
B106: TW 35,5 | C106: 2 | D106: 157*2 | E106: =157*2 -> 314 | F106: 4 | G106: =+E106*F106 -> 1256 | H106: =+G106/F106 -> 314 | I106: =+'31'!N38 -> 15.994
B107: TW 36 | C107: 2 | D107: 165*2 | E107: =165*2 -> 330 | F107: 4 | G107: =+E107*F107 -> 1320 | H107: =+G107/F107 -> 330 | I107: Backlog

Sheet Efficiency1
A1: PM12 Efficiency Report
A3: Date | B3: Grade | C3: Speed real (ton) with Available Time | D3: Colour | E3: gsm | F3: Ply | G3: Standard | L3: Real Running | O3: Trim Rewinder (cm) | P3: Trim Rewinder x Running Time | Q3: Available Time (mnt) | R3: Down Time (mnt) | S3: Loss Time (mnt) | T3: Real Speed & Real Creepe Ratio with Available Time (ton) | U3: Real Speed & Real Creepe Ratio setelah dipotong DT & LT (ton) | V3: Loss tonase akibat DT + LT dari hitungan Teori with available time (ton) | W3: Accepted (ton) | X3: Real Eff dr Target Eff | Y3: Backlog | Z3: Reject Rewinder (ton) | AA3: Estimasi Reject to Broke Plant (ton) | AB3: Estimasi Faktor BW (ton) | AC3: Loss Opportunity in Speed (ton) | AD3: Downtime/ Losstime | AE3: Reason of Downtime / Losstime | AF3: Loss Time | AM3: Total Losstime | AN3: Unschedule Shut Down (mnt) | AS3: Schedule Shut Down | AT3: Marketing | AV3: EXT FACTOR | AX3: EXT FACTOR | AZ3: MANAGEMENT | BA3: Total Down Time | BB3: Freq. Sheets Break (X) | BC3: Freq. Change Blade (X) | BD3: Steam, & gangguan sinergy (X) | BE3: Freq, Trip PLN (X) | BF3: Cleaning Holes (X)
AF4: Proses | AI4: Change Grade | AJ4: Mekanik | AK4: Electric & Instrument | AL4: Boiler | AN4: Down Time Produksi | AO4: Mekanik | AP4: Electrical & Instrument | AQ4: Boiler | AR4: Total Unschedule Shut Down | AV4: LOSS | AW4: DOWN TIME | AX4: LOSS | AY4: DOWN TIME
G5: Yankee Speed (mpm) | H5: Max % Creeping | I5: Target Eff | J5: Kapasitas PM-Teori (ton) | K5: Teori (ton) with Available Time | L5: Yankee Speed (mpm) | M5: Popereel Speed (mpm) | N5: % Creeping | AF5: sheet break | AG5: change blade | AH5: change spool | AT5: Loss time | AU5: Down Time | AV5: SINERGY | AW5: SINERGY | AX5: PLN | AY5: PLN
A6: =+Report1!A9 -> 45870 | B6: Towel | C6: =(M6*E6*O6*Q6)/100000000 -> 46.623973 | D6: RC BR | E6: 38 | F6: 1 | G6: 430 | H6: 0.12 | I6: 0.88 | J6: =E6*G6*(1-H6)*1440/1000000*3.4 -> 70.400563 | K6: =(IF(G6<L6,L6,G6)*(1-IF(H6<N6,H6,N6))*E6*O6*Q6)/100000000 -> 46.623973 | L6: 500 | M6: =+L6-L6*0.12 -> 440 | N6: =1-(M6/L6) -> 0.12 | O6: =+'Trim Rwd'!H4 -> 328.06061 | P6: =O6*(Q6-R6-S6) -> 275898.97 | Q6: 850 | R6: 0 | S6: 9 | T6: =E6*M6*O6*Q6/100000000 -> 46.623973 | U6: =E6*M6*O6*(Q6-R6-S6)/100000000 -> 46.130308 | V6: =E6*G6*(1-N6)*O6/100*(R6+S6)/1000000 -> 0.42455242 | W6: =+'1'!K7/1000 -> 53.722 | X6: =SUM(W6:W9)/SUM(K6:K9) -> 1.0736613 | Y6: 0 | Z6: =+'1'!D7/1000 -> 0.22 | AA6: =SUM(U6:U9)-SUM(W6:W9)-SUM(Z6:Z9)-SUM(Y6:Y9) -> -6.4990677 | AB6: =(SUM(K6:K9)-SUM(W6:W9)-SUM(Y6:Y9)-SUM(Z6:Z9)-SUM(AC6:AC9)-SUM(V6:V9))-AA6 -> 0.069113184 | AC6: =K6-T6 -> 0 | AD6: =+AM6+BA6 -> 0 | AE6: - Sheet Breaks (0x) | AF6: 0 | AM6: =SUM(AF6:AL6)+AT6+AV6+AX6 -> 0 | AR6: =SUM(AN6:AQ6) -> 0 | BA6: =+AR6+AS6+AU6+AW6+AY6+AZ6 -> 0 | BB6: 0
B7: Towel | C7: =(M7*E7*O7*Q7)/100000000 -> 28.044826 | D7: RC BR | E7: 36 | F7: 1 | G7: 455 | H7: 0.12 | I7: 0.88 | J7: =E7*G7*(1-H7)*1440/1000000*3.4 -> 70.572902 | K7: =(IF(G7<L7,L7,G7)*(1-IF(H7<N7,H7,N7))*E7*O7*Q7)/100000000 -> 28.044826 | L7: 455 | M7: =+L7-L7*0.12 -> 400.4 | N7: =1-(M7/L7) -> 0.12 | O7: =+'Trim Rwd'!H6 -> 329.76471 | P7: =O7*(Q7-R7-S7) -> 192582.59 | Q7: 590 | R7: 0 | S7: 6 | T7: =E7*M7*O7*Q7/100000000 -> 28.044826 | U7: =E7*M7*O7*(Q7-R7-S7)/100000000 -> 27.759625 | V7: =E7*G7*(1-N7)*O7/100*(R7+S7)/1000000 -> 0.28520162 | W7: =+'1'!K8/1000 -> 26.447 | AC7: =K7-T7 -> 0 | AD7: =+AM7+BA7 -> 6 | AE7: - Change Blade (3x) | AG7: 6 | AM7: =SUM(AF7:AL7)+AT7+AV7+AX7 -> 6 | AR7: =SUM(AN7:AQ7) -> 0 | BA7: =+AR7+AS7+AU7+AW7+AY7+AZ7 -> 0 | BC7: 3
AD8: =+AM8+BA8 -> 9 | AE8: - Cleaning | AH8: 9 | AM8: =SUM(AF8:AL8)+AT8+AV8+AX8 -> 9 | AR8: =SUM(AN8:AQ8) -> 0 | BA8: =+AR8+AS8+AU8+AW8+AY8+AZ8 -> 0
A10: 45871 | B10: Towel | C10: =(M10*E10*O10*Q10)/100000000 -> 9.4846752 | D10: RC BR | E10: 36 | F10: 1 | G10: 455 | H10: 0.12 | I10: 0.88 | J10: =E10*G10*(1-H10)*1440/1000000*3.4 -> 70.572902 | K10: =(IF(G10<L10,L10,G10)*(1-IF(H10<N10,H10,N10))*E10*O10*Q10)/100000000 -> 9.4846752 | L10: 455 | M10: =+L10-L10*0.12 -> 400.4 | N10: =1-(M10/L10) -> 0.12 | O10: =+'Trim Rwd'!H9 -> 329 | P10: =O10*(Q10-R10-S10) -> 62510 | Q10: 200 | R10: 0 | S10: 10 | T10: =E10*M10*O10*Q10/100000000 -> 9.4846752 | U10: =E10*M10*O10*(Q10-R10-S10)/100000000 -> 9.0104414 | V10: =E10*G10*(1-N10)*O10/100*(R10+S10)/1000000 -> 0.47423376 | W10: =+'2'!K8/1000 -> 19.303 | X10: =SUM(W10:W14)/SUM(K10:K14) -> 1.0084007 | Y10: 0 | Z10: 0 | AA10: =SUM(U10:U14)-SUM(W10:W14)-SUM(Z10:Z14)-SUM(Y10:Y14) -> -6.9600844 | AB10: =(SUM(K10:K14)-SUM(W10:W14)-SUM(Y10:Y14)-SUM(Z10:Z14)-SUM(AC10:AC14)-SUM(V10:V14))-AA10 -> -0.09870048 | AC10: =K10-T10 -> 0 | AD10: =+AM10+BA10 -> 5 | AE10: - Sheet Breaks (2x) | AF10: 5 | AM10: =SUM(AF10:AL10)+AT10+AV10+AX10 -> 5 | AR10: =SUM(AN10:AQ10) -> 0 | BA10: =+AR10+AS10+AU10+AW10+AY10+AZ10 -> 0 | BB10: 2
B11: Towel | C11: =(M11*E11*O11*Q11)/100000000 -> 16.350682 | D11: RC BR | E11: 34 | F11: 1 | G11: 480 | H11: 0.12 | I11: 0.88 | J11: =E11*G11*(1-H11)*1440/1000000*3.4 -> 70.314394 | K11: =(IF(G11<L11,L11,G11)*(1-IF(H11<N11,H11,N11))*E11*O11*Q11)/100000000 -> 16.350682 | L11: 480 | M11: =+L11-L11*0.12 -> 422.4 | N11: =1-(M11/L11) -> 0.12 | O11: =+'Trim Rwd'!H10 -> 330 | P11: =O11*(Q11-R11-S11) -> 110550 | Q11: 345 | R11: 0 | S11: 10 | T11: =E11*M11*O11*Q11/100000000 -> 16.350682 | U11: =E11*M11*O11*(Q11-R11-S11)/100000000 -> 15.876749 | V11: =E11*G11*(1-N11)*O11/100*(R11+S11)/1000000 -> 0.4739328 | W11: =+'2'!K9/1000 -> 19.926 | Z11: 0 | AC11: =K11-T11 -> 0 | AD11: =+AM11+BA11 -> 10 | AE11: - Change Blade (5x) | AG11: 10 | AM11: =SUM(AF11:AL11)+AT11+AV11+AX11 -> 10 | AR11: =SUM(AN11:AQ11) -> 0 | BA11: =+AR11+AS11+AU11+AW11+AY11+AZ11 -> 0 | BC11: 5
B12: Towel | C12: =(M12*E12*O12*Q12)/100000000 -> 9.5629842 | D12: RC BR | E12: 30 | F12: 1 | G12: 545 | H12: 0.12 | I12: 0.88 | J12: =E12*G12*(1-H12)*1440/1000000*3.4 -> 70.443648 | K12: =(IF(G12<L12,L12,G12)*(1-IF(H12<N12,H12,N12))*E12*O12*Q12)/100000000 -> 9.5629842 | L12: 545 | M12: =+L12-L12*0.12 -> 479.6 | N12: =1-(M12/L12) -> 0.12 | O12: =+'Trim Rwd'!H11 -> 315 | P12: =O12*(Q12-R12-S12) -> 63315 | Q12: 211 | R12: 0 | S12: 10 | T12: =E12*M12*O12*Q12/100000000 -> 9.5629842 | U12: =E12*M12*O12*(Q12-R12-S12)/100000000 -> 9.1097622 | V12: =E12*G12*(1-N12)*O12/100*(R12+S12)/1000000 -> 0.453222 | W12: =+'2'!K10/1000 -> 11.017 | Z12: 0 | AC12: =K12-T12 -> 0 | AD12: =+AM12+BA12 -> 11 | AE12: - Cleaning | AH12: 11 | AM12: =SUM(AF12:AL12)+AT12+AV12+AX12 -> 11 | AR12: =SUM(AN12:AQ12) -> 0 | BA12: =+AR12+AS12+AU12+AW12+AY12+AZ12 -> 0
B13: Towel | C13: =(M13*E13*O13*Q13)/100000000 -> 20.161152 | D13: RC BR | E13: 20 | F13: 1 | G13: 830 | H13: 0.14 | I13: 0.88 | J13: =E13*G13*(1-H13)*1440/1000000*3.4 -> 69.895296 | K13: =(IF(G13<L13,L13,G13)*(1-IF(H13<N13,H13,N13))*E13*O13*Q13)/100000000 -> 20.917195 | L13: 800 | M13: 688 | N13: =1-(M13/L13) -> 0.14 | O13: =+'Trim Rwd'!H12 -> 330 | P13: =O13*(Q13-R13-S13) -> 128370 | Q13: 444 | R13: 50 | S13: 5 | T13: =E13*M13*O13*Q13/100000000 -> 20.161152 | U13: =E13*M13*O13*(Q13-R13-S13)/100000000 -> 17.663712 | V13: =E13*G13*(1-N13)*O13/100*(R13+S13)/1000000 -> 2.591094 | W13: =+'2'!K11/1000 -> 13.885 | Z13: =+'2'!D18/1000 -> 0.4 | AC13: =K13-T13 -> 0.7560432 | AD13: =+AM13+BA13 -> 12 | AE13: - Change Grade | AI13: 12 | AM13: =SUM(AF13:AL13)+AT13+AV13+AX13 -> 12 | AR13: =SUM(AN13:AQ13) -> 0 | BA13: =+AR13+AS13+AU13+AW13+AY13+AZ13 -> 0
B14: Napkin | C14: =(M14*E14*O14*Q14)/100000000 -> 10.765824 | D14: RC BR | E14: 20 | F14: 1 | G14: 830 | H14: 0.14 | I14: 0.88 | J14: =E14*G14*(1-H14)*1440/1000000*3.4 -> 69.895296 | K14: =(IF(G14<L14,L14,G14)*(1-IF(H14<N14,H14,N14))*E14*O14*Q14)/100000000 -> 11.169542 | L14: 800 | M14: 688 | N14: =1-(M14/L14) -> 0.14 | O14: =+'Trim Rwd'!H13 -> 326 | P14: =O14*(Q14-R14-S14) -> 77262 | Q14: 240 | R14: 0 | S14: 3 | T14: =E14*M14*O14*Q14/100000000 -> 10.765824 | U14: =E14*M14*O14*(Q14-R14-S14)/100000000 -> 10.631251 | V14: =E14*G14*(1-N14)*O14/100*(R14+S14)/1000000 -> 0.13961928 | W14: =+'2'!K12/1000 -> 3.921 | Z14: =+'2'!D26/1000 -> 0.8 | AC14: =K14-T14 -> 0.4037184 | AD14: =+AM14+BA14 -> 50 | AE14: - 22.45 PM trip (all drive alarm) | AM14: =SUM(AF14:AL14)+AT14+AV14+AX14 -> 0 | AP14: 50 | AR14: =SUM(AN14:AQ14) -> 50 | BA14: =+AR14+AS14+AU14+AW14+AY14+AZ14 -> 50
A16: 45872 | B16: Napkin | C16: =(M16*E16*O16*Q16)/100000000 -> 4.037184 | D16: RC BR | E16: 20 | F16: 1 | G16: 830 | H16: 0.14 | I16: 0.88 | J16: =E16*G16*(1-H16)*1440/1000000*3.4 -> 69.895296 | K16: =(IF(G16<L16,L16,G16)*(1-IF(H16<N16,H16,N16))*E16*O16*Q16)/100000000 -> 4.1885784 | L16: 800 | M16: 688 | N16: =1-(M16/L16) -> 0.14 | O16: =+'Trim Rwd'!H15 -> 326 | P16: =O16*(Q16-R16-S16) -> 28362 | Q16: 90 | R16: 0 | S16: 3 | T16: =E16*M16*O16*Q16/100000000 -> 4.037184 | U16: =E16*M16*O16*(Q16-R16-S16)/100000000 -> 3.9026112 | V16: =E16*G16*(1-N16)*O16/100*(R16+S16)/1000000 -> 0.13961928 | W16: =+'3'!K12/1000 -> 12.262 | X16: =SUM(W16:W19)/SUM(K16:K19) -> 0.9111034 | Y16: 0 | Z16: =+'3'!D7/1000 -> 0.85 | AA16: =SUM(U16:U19)-SUM(W16:W19)-SUM(Z16:Z19)-SUM(Y16:Y19) -> 1.1303348 | AB16: =(SUM(K16:K19)-SUM(W16:W19)-SUM(Y16:Y19)-SUM(Z16:Z19)-SUM(AC16:AC19)-SUM(V16:V19))-AA16 -> -0.035482095 | AC16: =K16-T16 -> 0.1513944 | AD16: =+AM16+BA16 -> 3 | AE16: - Sheet Breaks (2x) | AF16: 3 | AM16: =SUM(AF16:AL16)+AT16+AV16+AX16 -> 3 | AR16: =SUM(AN16:AQ16) -> 0 | BA16: =+AR16+AS16+AU16+AW16+AY16+AZ16 -> 0 | BB16: 2
B17: Napkin | C17: =(M17*E17*O17*Q17)/100000000 -> 52.17534 | D17: RC BR | E17: 17.5 | F17: 1 | G17: 830 | H17: 0.14 | I17: 0.88 | J17: =E17*G17*(1-H17)*1440/1000000*3.4 -> 61.158384 | K17: =(IF(G17<L17,L17,G17)*(1-IF(H17<N17,H17,N17))*E17*O17*Q17)/100000000 -> 54.131915 | L17: 800 | M17: 688 | N17: =1-(M17/L17) -> 0.14 | O17: =+'Trim Rwd'!H16 -> 321 | P17: =O17*(Q17-R17-S17) -> 426609 | Q17: 1350 | R17: 0 | S17: 21 | T17: =E17*M17*O17*Q17/100000000 -> 52.17534 | U17: =E17*M17*O17*(Q17-R17-S17)/100000000 -> 51.363724 | V17: =E17*G17*(1-N17)*O17/100*(R17+S17)/1000000 -> 0.84205201 | W17: =+'3'!K13/1000 -> 40.874 | Z17: =+'3'!D16/1000 -> 0.15 | AC17: =K17-T17 -> 1.9565753 | AD17: =+AM17+BA17 -> 11 | AE17: - Change Blade (6x) | AG17: 11 | AM17: =SUM(AF17:AL17)+AT17+AV17+AX17 -> 11 | AR17: =SUM(AN17:AQ17) -> 0 | BA17: =+AR17+AS17+AU17+AW17+AY17+AZ17 -> 0 | BC17: 6
AD18: =+AM18+BA18 -> 10 | AE18: - Cleaning | AH18: 10 | AM18: =SUM(AF18:AL18)+AT18+AV18+AX18 -> 10 | AR18: =SUM(AN18:AQ18) -> 0 | BA18: =+AR18+AS18+AU18+AW18+AY18+AZ18 -> 0
A20: 45873 | B20: Napkin | C20: =(M20*E20*O20*Q20)/100000000 -> 17.005296 | D20: RC BR | E20: 17.5 | F20: 1 | G20: 830 | H20: 0.14 | I20: 0.88 | J20: =E20*G20*(1-H20)*1440/1000000*3.4 -> 61.158384 | K20: =(IF(G20<L20,L20,G20)*(1-IF(H20<N20,H20,N20))*E20*O20*Q20)/100000000 -> 17.642995 | L20: 800 | M20: 688 | N20: =1-(M20/L20) -> 0.14 | O20: =+'Trim Rwd'!H18 -> 321 | P20: =O20*(Q20-R20-S20) -> 130005 | Q20: 440 | R20: 0 | S20: 35 | T20: =E20*M20*O20*Q20/100000000 -> 17.005296 | U20: =E20*M20*O20*(Q20-R20-S20)/100000000 -> 15.652602 | V20: =E20*G20*(1-N20)*O20/100*(R20+S20)/1000000 -> 1.40342 | W20: =+'4'!K13/1000 -> 21.014 | X20: =SUM(W20:W23)/SUM(K20:K23) -> 0.80052628 | Y20: 0 | Z20: =+'4'!D7/1000 -> 0.3 | AA20: =SUM(U20:U23)-SUM(W20:W23)-SUM(Z20:Z23)-SUM(Y20:Y23) -> 4.8308036 | AB20: =(SUM(K20:K23)-SUM(W20:W23)-SUM(Y20:Y23)-SUM(Z20:Z23)-SUM(AC20:AC23)-SUM(V20:V23))-AA20 -> -0.11594843 | AC20: =K20-T20 -> 0.6376986 | AD20: =+AM20+BA20 -> 35 | AE20: - Sheet Breaks (14x) | AF20: 35 | AM20: =SUM(AF20:AL20)+AT20+AV20+AX20 -> 35 | AR20: =SUM(AN20:AQ20) -> 0 | BA20: =+AR20+AS20+AU20+AW20+AY20+AZ20 -> 0 | BB20: 14
B21: Napkin | C21: =(M21*E21*O21*Q21)/100000000 -> 33.741722 | D21: RC BR | E21: 16 | F21: 1 | G21: 830 | H21: 0.14 | I21: 0.88 | J21: =E21*G21*(1-H21)*1440/1000000*3.4 -> 55.916237 | K21: =(IF(G21<L21,L21,G21)*(1-IF(H21<N21,H21,N21))*E21*O21*Q21)/100000000 -> 35.007036 | L21: 800 | M21: 688 | N21: =1-(M21/L21) -> 0.14 | O21: =+'Trim Rwd'!H19 -> 316 | P21: =O21*(Q21-R21-S21) -> 290720 | Q21: 970 | R21: 0 | S21: 50 | T21: =E21*M21*O21*Q21/100000000 -> 33.741722 | U21: =E21*M21*O21*(Q21-R21-S21)/100000000 -> 32.002458 | V21: =E21*G21*(1-N21)*O21/100*(R21+S21)/1000000 -> 1.8044864 | W21: =+'4'!K14/1000 -> 21.984 | Z21: =+('4'!D17+'4'!D25)/1000 -> 0.55 | AC21: =K21-T21 -> 1.2653146 | AD21: =+AM21+BA21 -> 22 | AE21: - Change Blade (9x) | AG21: 22 | AM21: =SUM(AF21:AL21)+AT21+AV21+AX21 -> 22 | AR21: =SUM(AN21:AQ21) -> 0 | BA21: =+AR21+AS21+AU21+AW21+AY21+AZ21 -> 0 | BC21: 9
B22: Napkin | C22: =(M22*E22*O22*Q22)/100000000 -> 1.023744 | D22: RC BR | E22: 15.5 | F22: 1 | G22: 830 | H22: 0.14 | I22: 0.88 | J22: =E22*G22*(1-H22)*1440/1000000*3.4 -> 54.168854 | K22: =(IF(G22<L22,L22,G22)*(1-IF(H22<N22,H22,N22))*E22*O22*Q22)/100000000 -> 1.0621344 | L22: 800 | M22: 688 | N22: =1-(M22/L22) -> 0.14 | O22: =+'Trim Rwd'!H20 -> 320 | P22: =O22*(Q22-R22-S22) -> 9600 | Q22: 30 | R22: 0 | S22: 0 | T22: =E22*M22*O22*Q22/100000000 -> 1.023744 | U22: =E22*M22*O22*(Q22-R22-S22)/100000000 -> 1.023744 | V22: =E22*G22*(1-N22)*O22/100*(R22+S22)/1000000 -> 0 | W22: =+'4'!K15/1000 -> 0 | AC22: =K22-T22 -> 0.0383904 | AD22: =+AM22+BA22 -> 25 | AE22: - Cleaning | AH22: 25 | AM22: =SUM(AF22:AL22)+AT22+AV22+AX22 -> 25 | AR22: =SUM(AN22:AQ22) -> 0 | BA22: =+AR22+AS22+AU22+AW22+AY22+AZ22 -> 0
AC23: =K23-T23 -> 0 | AD23: =+AM23+BA23 -> 3 | AE23: - Change Grade | AI23: 3 | AM23: =SUM(AF23:AL23)+AT23+AV23+AX23 -> 3 | AR23: =SUM(AN23:AQ23) -> 0 | BA23: =+AR23+AS23+AU23+AW23+AY23+AZ23 -> 0
A25: 45874 | B25: Napkin | C25: =(M25*E25*O25*Q25)/100000000 -> 47.864545 | D25: RC BR | E25: 16 | F25: 1 | G25: 830 | H25: 0.14 | I25: 0.88 | J25: =E25*G25*(1-H25)*1440/1000000*3.4 -> 55.916237 | K25: =(IF(G25<L25,L25,G25)*(1-IF(H25<N25,H25,N25))*E25*O25*Q25)/100000000 -> 49.659466 | L25: 800 | M25: 688 | N25: =1-(M25/L25) -> 0.14 | O25: =+'Trim Rwd'!H22 -> 316 | P25: =O25*(Q25-R25-S25) -> 31600 | Q25: 1376 | R25: 1256 | S25: 20 | T25: =E25*M25*O25*Q25/100000000 -> 47.864545 | U25: =E25*M25*O25*(Q25-R25-S25)/100000000 -> 3.478528 | V25: =E25*G25*(1-N25)*O25/100*(R25+S25)/1000000 -> 46.050493 | W25: =+'5'!K14/1000 -> 2.374 | X25: =SUM(W25:W28)/SUM(K25:K28) -> 0.04548657 | Y25: 0 | Z25: =+'5'!D14/1000 -> 0.436 | AA25: =SUM(U25:U28)-SUM(W25:W28)-SUM(Z25:Z28)-SUM(Y25:Y28) -> 2.8037498 | AB25: =(SUM(K25:K28)-SUM(W25:W28)-SUM(Y25:Y28)-SUM(Z25:Z28)-SUM(AC25:AC28)-SUM(V25:V28))-AA25 -> -1.6644756 | AC25: =K25-T25 -> 1.7949204 | AD25: =+AM25+BA25 -> 0 | AE25: - Sheet Breaks (0x) | AF25: 0 | AM25: =SUM(AF25:AL25)+AT25+AV25+AX25 -> 0 | AR25: =SUM(AN25:AQ25) -> 0 | BA25: =+AR25+AS25+AU25+AW25+AY25+AZ25 -> 0 | BB25: 0
B26: Napkin | C26: =(M26*E26*O26*Q26)/100000000 -> 2.1352218 | D26: VP OW | E26: 17 | F26: 1 | G26: 830 | H26: 0.14 | I26: 0.88 | J26: =E26*G26*(1-H26)*1440/1000000*3.4 -> 59.411002 | K26: =(IF(G26<L26,L26,G26)*(1-IF(H26<N26,H26,N26))*E26*O26*Q26)/100000000 -> 2.5317629 | L26: 700 | M26: 602 | N26: =1-(M26/L26) -> 0.14 | O26: =+'Trim Rwd'!H23 -> 326 | P26: =O26*(Q26-R26-S26) -> 20864 | Q26: 64 | R26: 0 | S26: 0 | T26: =E26*M26*O26*Q26/100000000 -> 2.1352218 | U26: =E26*M26*O26*(Q26-R26-S26)/100000000 -> 2.1352218 | V26: =E26*G26*(1-N26)*O26/100*(R26+S26)/1000000 -> 0 | W26: =+'5'!K16/1000 -> 0 | AC26: =K26-T26 -> 0.39654118 | AD26: =+AM26+BA26 -> 10 | AE26: - Change Blade (2x) | AG26: 10 | AM26: =SUM(AF26:AL26)+AT26+AV26+AX26 -> 10 | AR26: =SUM(AN26:AQ26) -> 0 | BA26: =+AR26+AS26+AU26+AW26+AY26+AZ26 -> 0 | BC26: 2
AD27: =+AM27+BA27 -> 10 | AE27: - Cleaning | AH27: 10 | AM27: =SUM(AF27:AL27)+AT27+AV27+AX27 -> 10 | AR27: =SUM(AN27:AQ27) -> 0 | BA27: =+AR27+AS27+AU27+AW27+AY27+AZ27 -> 0
AD28: =+AM28+BA28 -> 1256 | AE28: - PM Stop cuci, ganti grade | AM28: =SUM(AF28:AL28)+AT28+AV28+AX28 -> 0 | AR28: =SUM(AN28:AQ28) -> 0 | AU28: 1256 | BA28: =+AR28+AS28+AU28+AW28+AY28+AZ28 -> 1256
A30: 45875 | B30: Napkin | C30: =(M30*E30*O30*Q30)/100000000 -> 20.035248 | D30: VP OW | E30: 17 | F30: 1 | G30: 830 | H30: 0.14 | I30: 0.88 | J30: =E30*G30*(1-H30)*1440/1000000*3.4 -> 59.411002 | K30: =(IF(G30<L30,L30,G30)*(1-IF(H30<N30,H30,N30))*E30*O30*Q30)/100000000 -> 23.75608 | L30: 700 | M30: 602 | N30: =1-(M30/L30) -> 0.14 | O30: =+'Trim Rwd'!H25 -> 326.28571 | P30: =O30*(Q30-R30-S30) -> 133777.14 | Q30: 600 | R30: 0 | S30: 190 | T30: =E30*M30*O30*Q30/100000000 -> 20.035248 | U30: =E30*M30*O30*(Q30-R30-S30)/100000000 -> 13.690753 | V30: =E30*G30*(1-N30)*O30/100*(R30+S30)/1000000 -> 7.5227586 | W30: =+'6'!K16/1000 -> 14.37 | X30: =SUM(W30:W33)/SUM(K30:K33) -> 0.60009357 | Y30: 0 | Z30: 0 | AA30: =SUM(U30:U33)-SUM(W30:W33)-SUM(Z30:Z33)-SUM(Y30:Y33) -> 8.0035688 | AB30: =(SUM(K30:K33)-SUM(W30:W33)-SUM(Y30:Y33)-SUM(Z30:Z33)-SUM(AC30:AC33)-SUM(V30:V33))-AA30 -> -1.2892998 | AC30: =K30-T30 -> 3.7208318 | AD30: =+AM30+BA30 -> 10 | AE30: - Sheet Breaks (2x) | AF30: 10 | AM30: =SUM(AF30:AL30)+AT30+AV30+AX30 -> 10 | AR30: =SUM(AN30:AQ30) -> 0 | BA30: =+AR30+AS30+AU30+AW30+AY30+AZ30 -> 0 | BB30: 2
B31: Napkin | C31: =(M31*E31*O31*Q31)/100000000 -> 29.582784 | D31: VP OW | E31: 16 | F31: 1 | G31: 830 | H31: 0.15 | I31: 0.88 | J31: =E31*G31*(1-H31)*1440/1000000*3.4 -> 55.266048 | K31: =(IF(G31<L31,L31,G31)*(1-IF(H31<N31,H31,N31))*E31*O31*Q31)/100000000 -> 31.290336 | L31: 785 | M31: 667 | N31: =1-(M31/L31) -> 0.15031847 | O31: =+'Trim Rwd'!H27 -> 330 | P31: =O31*(Q31-R31-S31) -> 259050 | Q31: 840 | R31: 0 | S31: =40+15 -> 55 | T31: =E31*M31*O31*Q31/100000000 -> 29.582784 | U31: =E31*M31*O31*(Q31-R31-S31)/100000000 -> 27.645816 | V31: =E31*G31*(1-N31)*O31/100*(R31+S31)/1000000 -> 2.0480044 | W31: =+'6'!K17/1000 -> 18.663 | Z31: =+'6'!D17/1000 -> 0.3 | AC31: =K31-T31 -> 1.707552 | AD31: =+AM31+BA31 -> 30 | AE31: - Change Blade (6x) | AG31: 30 | AM31: =SUM(AF31:AL31)+AT31+AV31+AX31 -> 30 | AR31: =SUM(AN31:AQ31) -> 0 | BA31: =+AR31+AS31+AU31+AW31+AY31+AZ31 -> 0 | BC31: 6
AD32: =+AM32+BA32 -> 30 | AE32: - Cleaning | AH32: 30 | AM32: =SUM(AF32:AL32)+AT32+AV32+AX32 -> 30 | AR32: =SUM(AN32:AQ32) -> 0 | BA32: =+AR32+AS32+AU32+AW32+AY32+AZ32 -> 0
AD33: =+AM33+BA33 -> 10 | AE33: - Change Grade | AI33: 10 | AM33: =SUM(AF33:AL33)+AT33+AV33+AX33 -> 10 | AR33: =SUM(AN33:AQ33) -> 0 | BA33: =+AR33+AS33+AU33+AW33+AY33+AZ33 -> 0
AD34: =+AM34+BA34 -> 15 | AE34: - 01.20 pm putus2, headbox meletus, adjust lips headbox | AF34: 15 | AM34: =SUM(AF34:AL34)+AT34+AV34+AX34 -> 15 | AR34: =SUM(AN34:AQ34) -> 0 | BA34: =+AR34+AS34+AU34+AW34+AY34+AZ34 -> 0
AD35: =+AM35+BA35 -> 150 | AE35: - 07:00 - 09:30 jumbo baru ACC Cvt | AM35: =SUM(AF35:AL35)+AT35+AV35+AX35 -> 150 | AR35: =SUM(AN35:AQ35) -> 0 | AT35: 150 | BA35: =+AR35+AS35+AU35+AW35+AY35+AZ35 -> 0
A37: 45876 | B37: Napkin | C37: =(M37*E37*O37*Q37)/100000000 -> 36.940608 | D37: VP OW | E37: 16 | F37: 1 | G37: 830 | H37: 0.14 | I37: 0.88 | J37: =E37*G37*(1-H37)*1440/1000000*3.4 -> 55.916237 | K37: =(IF(G37<L37,L37,G37)*(1-IF(H37<N37,H37,N37))*E37*O37*Q37)/100000000 -> 37.254805 | L37: 823 | M37: 708 | N37: =1-(M37/L37) -> 0.13973269 | O37: =+'Trim Rwd'!H29 -> 326.1 | P37: =O37*(Q37-R37-S37) -> 174463.5 | Q37: =560+440 -> 1000 | R37: 440 | S37: 25 | T37: =E37*M37*O37*Q37/100000000 -> 36.940608 | U37: =E37*M37*O37*(Q37-R37-S37)/100000000 -> 19.763225 | V37: =E37*G37*(1-N37)*O37/100*(R37+S37)/1000000 -> 17.323484 | W37: =+'7'!K17/1000 -> 19.511 | X37: =SUM(W37:W40)/SUM(K37:K40) -> 0.55646884 | Y37: 0 | Z37: =+'7'!D16/1000 -> 0.705 | AA37: =SUM(U37:U40)-SUM(W37:W40)-SUM(Z37:Z40)-SUM(Y37:Y40) -> 4.1242145 | AB37: =(SUM(K37:K40)-SUM(W37:W40)-SUM(Y37:Y40)-SUM(Z37:Z40)-SUM(AC37:AC40)-SUM(V37:V40))-AA37 -> -0.14610168 | AC37: =K37-T37 -> 0.31419715 | AD37: =+AM37+BA37 -> 13 | AE37: - Sheet Breaks (4x) | AF37: 13 | AM37: =SUM(AF37:AL37)+AT37+AV37+AX37 -> 13 | AR37: =SUM(AN37:AQ37) -> 0 | BA37: =+AR37+AS37+AU37+AW37+AY37+AZ37 -> 0 | BB37: 4
B38: Napkin | C38: =(M38*E38*O38*Q38)/100000000 -> 19.312603 | D38: VP OW | E38: 19 | F38: 1 | G38: 830 | H38: 0.15 | I38: 0.88 | J38: =E38*G38*(1-H38)*1440/1000000*3.4 -> 65.628432 | K38: =(IF(G38<L38,L38,G38)*(1-IF(H38<N38,H38,N38))*E38*O38*Q38)/100000000 -> 19.312603 | L38: 830 | M38: 713 | N38: =1-(M38/L38) -> 0.14096386 | O38: =+'Trim Rwd'!H31 -> 324 | P38: =O38*(Q38-R38-S38) -> 126360 | Q38: 440 | R38: 0 | S38: 50 | T38: =E38*M38*O38*Q38/100000000 -> 19.312603 | U38: =E38*M38*O38*(Q38-R38-S38)/100000000 -> 17.117989 | V38: =E38*G38*(1-N38)*O38/100*(R38+S38)/1000000 -> 2.194614 | W38: =+'7'!K18/1000 -> 11.967 | Z38: =+'7'!D25/1000 -> 0.574 | AC38: =K38-T38 -> 0 | AD38: =+AM38+BA38 -> 25 | AE38: - Change Blade (4x) | AG38: 25 | AM38: =SUM(AF38:AL38)+AT38+AV38+AX38 -> 25 | AR38: =SUM(AN38:AQ38) -> 0 | BA38: =+AR38+AS38+AU38+AW38+AY38+AZ38 -> 0 | BC38: 4
AD39: =+AM39+BA39 -> 37 | AE39: - Cleaning | AH39: 37 | AM39: =SUM(AF39:AL39)+AT39+AV39+AX39 -> 37 | AR39: =SUM(AN39:AQ39) -> 0 | BA39: =+AR39+AS39+AU39+AW39+AY39+AZ39 -> 0
AD40: =+AM40+BA40 -> 440 | AE40: - 16.20 PM stock off, formasi tiba-tiba jelek (speed wire dilapangan turun sendiri), cek EID | AM40: =SUM(AF40:AL40)+AT40+AV40+AX40 -> 0 | AP40: 440 | AR40: =SUM(AN40:AQ40) -> 440 | BA40: =+AR40+AS40+AU40+AW40+AY40+AZ40 -> 440
A42: 45877 | B42: Napkin | C42: =(M42*E42*O42*Q42)/100000000 -> 10.545967 | D42: VP OW | E42: 19 | F42: 1 | G42: 830 | H42: 0.15 | I42: 0.88 | J42: =E42*G42*(1-H42)*1440/1000000*3.4 -> 65.628432 | K42: =(IF(G42<L42,L42,G42)*(1-IF(H42<N42,H42,N42))*E42*O42*Q42)/100000000 -> 10.545967 | L42: 830 | M42: 713.8 | N42: =1-(M42/L42) -> 0.14 | O42: =+'Trim Rwd'!H33 -> 324 | P42: =O42*(Q42-R42-S42) -> 73224 | Q42: 240 | R42: 0 | S42: 14 | T42: =E42*M42*O42*Q42/100000000 -> 10.545967 | U42: =E42*M42*O42*(Q42-R42-S42)/100000000 -> 9.9307853 | V42: =E42*G42*(1-N42)*O42/100*(R42+S42)/1000000 -> 0.61518139 | W42: =+'8'!K18/1000 -> 12.082 | X42: =SUM(W42:W45)/SUM(K42:K45) -> 0.86040661 | Y42: 0 | Z42: 0 | AA42: =SUM(U42:U45)-SUM(W42:W45)-SUM(Z42:Z45)-SUM(Y42:Y45) -> 2.7662413 | AB42: =(SUM(K42:K45)-SUM(W42:W45)-SUM(Y42:Y45)-SUM(Z42:Z45)-SUM(AC42:AC45)-SUM(V42:V45))-AA42 -> -0.160218 | AC42: =K42-T42 -> 0 | AD42: =+AM42+BA42 -> 30 | AE42: - Sheet Breaks (7x) | AF42: 30 | AM42: =SUM(AF42:AL42)+AT42+AV42+AX42 -> 30 | AR42: =SUM(AN42:AQ42) -> 0 | BA42: =+AR42+AS42+AU42+AW42+AY42+AZ42 -> 0 | BB42: 4
B43: Napkin | C43: =(M43*E43*O43*Q43)/100000000 -> 65.536128 | D43: VP OW | E43: 25 | F43: 1 | G43: 830 | H43: 0.15 | I43: 0.88 | J43: =E43*G43*(1-H43)*1440/1000000*3.4 -> 86.3532 | K43: =(IF(G43<L43,L43,G43)*(1-IF(H43<N43,H43,N43))*E43*O43*Q43)/100000000 -> 69.38136 | L43: 784 | M43: 674.24 | N43: =1-(M43/L43) -> 0.14 | O43: =+'Trim Rwd'!H34 -> 324 | P43: =O43*(Q43-R43-S43) -> 372600 | Q43: 1200 | R43: 0 | S43: 50 | T43: =E43*M43*O43*Q43/100000000 -> 65.536128 | U43: =E43*M43*O43*(Q43-R43-S43)/100000000 -> 62.805456 | V43: =E43*G43*(1-N43)*O43/100*(R43+S43)/1000000 -> 2.89089 | W43: =+'8'!K19/1000 -> 56.688 | Z43: =+'8'!D16/1000 -> 1.2 | AC43: =K43-T43 -> 3.845232 | AD43: =+AM43+BA43 -> 17 | AE43: - Change Blade (7x) | AG43: 17 | AM43: =SUM(AF43:AL43)+AT43+AV43+AX43 -> 17 | AR43: =SUM(AN43:AQ43) -> 0 | BA43: =+AR43+AS43+AU43+AW43+AY43+AZ43 -> 0 | BC43: 4
AD44: =+AM44+BA44 -> 17 | AE44: - Cleaning | AH44: 17 | AM44: =SUM(AF44:AL44)+AT44+AV44+AX44 -> 17 | AR44: =SUM(AN44:AQ44) -> 0 | BA44: =+AR44+AS44+AU44+AW44+AY44+AZ44 -> 0
A46: 45878 | B46: Napkin | C46: =(M46*E46*O46*Q46)/100000000 -> 60.805625 | D46: VP OW | E46: 25 | F46: 1 | G46: 830 | H46: 0.15 | I46: 0.88 | J46: =E46*G46*(1-H46)*1440/1000000*3.4 -> 86.3532 | K46: =(IF(G46<L46,L46,G46)*(1-IF(H46<N46,H46,N46))*E46*O46*Q46)/100000000 -> 61.286868 | L46: 823.48259 | M46: 708.19502 | N46: =1-(M46/L46) -> 0.14 | O46: =+'Trim Rwd'!H36 -> 324 | P46: =O46*(Q46-R46-S46) -> 304560 | Q46: 1060 | R46: 55 | S46: 65 | T46: =E46*M46*O46*Q46/100000000 -> 60.805625 | U46: =E46*M46*O46*(Q46-R46-S46)/100000000 -> 53.921969 | V46: =E46*G46*(1-N46)*O46/100*(R46+S46)/1000000 -> 6.938136 | W46: =+'9'!K19/1000 -> 58.109 | X46: =SUM(W46:W49)/SUM(K46:K49) -> 0.83020676 | Y46: 0 | Z46: 0 | AA46: =SUM(U46:U49)-SUM(W46:W49)-SUM(Z46:Z49)-SUM(Y46:Y49) -> 4.3616537 | AB46: =(SUM(K46:K49)-SUM(W46:W49)-SUM(Y46:Y49)-SUM(Z46:Z49)-SUM(AC46:AC49)-SUM(V46:V49))-AA46 -> -0.054480358 | AC46: =K46-T46 -> 0.48124316 | AD46: =+AM46+BA46 -> 4 | AE46: - Sheet Breaks (2x) | AF46: 4 | AM46: =SUM(AF46:AL46)+AT46+AV46+AX46 -> 4 | AR46: =SUM(AN46:AQ46) -> 0 | BA46: =+AR46+AS46+AU46+AW46+AY46+AZ46 -> 0 | BB46: 4
B47: Napkin | C47: =(M47*E47*O47*Q47)/100000000 -> 20.462647 | D47: VP OW | E47: 23 | F47: 1 | G47: 830 | H47: 0.15 | I47: 0.88 | J47: =E47*G47*(1-H47)*1440/1000000*3.4 -> 79.444944 | K47: =(IF(G47<L47,L47,G47)*(1-IF(H47<N47,H47,N47))*E47*O47*Q47)/100000000 -> 20.462647 | L47: 830 | M47: 713.8 | N47: =1-(M47/L47) -> 0.14 | O47: =+'Trim Rwd'!H37 -> 328 | P47: =O47*(Q47-R47-S47) -> 111520 | Q47: 380 | R47: 0 | S47: =105-S46 -> 40 | T47: =E47*M47*O47*Q47/100000000 -> 20.462647 | U47: =E47*M47*O47*(Q47-R47-S47)/100000000 -> 18.308684 | V47: =E47*G47*(1-N47)*O47/100*(R47+S47)/1000000 -> 2.1539629 | W47: =+'9'!K20/1000 -> 9.76 | Z47: =+'8'!D20/1000 -> 0 | AC47: =K47-T47 -> 0 | AD47: =+AM47+BA47 -> 28 | AE47: - Change Blade (7x) | AG47: 28 | AM47: =SUM(AF47:AL47)+AT47+AV47+AX47 -> 28 | AR47: =SUM(AN47:AQ47) -> 0 | BA47: =+AR47+AS47+AU47+AW47+AY47+AZ47 -> 0 | BC47: 4
AD48: =+AM48+BA48 -> 28 | AE48: - Cleaning | AH48: 28 | AM48: =SUM(AF48:AL48)+AT48+AV48+AX48 -> 28 | AR48: =SUM(AN48:AQ48) -> 0 | BA48: =+AR48+AS48+AU48+AW48+AY48+AZ48 -> 0
AD49: =+AM49+BA49 -> 55 | AE49: - 10.40 PM trip, All Drive alarm 🔜 cek EID | AM49: =SUM(AF49:AL49)+AT49+AV49+AX49 -> 0 | AP49: 55 | AR49: =SUM(AN49:AQ49) -> 55 | BA49: =+AR49+AS49+AU49+AW49+AY49+AZ49 -> 55
AD50: =+AM50+BA50 -> 45 | AE50: - 21.00 - 21.15 motor thickling trip🔜 pm stock off,/reset (Ok) | AK50: 45 | AM50: =SUM(AF50:AL50)+AT50+AV50+AX50 -> 45 | AR50: =SUM(AN50:AQ50) -> 0 | BA50: =+AR50+AS50+AU50+AW50+AY50+AZ50 -> 0
A52: 45879 | B52: Napkin | C52: =(M52*E52*O52*Q52)/100000000 -> 0.53849072 | D52: VP OW | E52: 23 | F52: 1 | G52: 830 | H52: 0.15 | I52: 0.88 | J52: =E52*G52*(1-H52)*1440/1000000*3.4 -> 79.444944 | K52: =(IF(G52<L52,L52,G52)*(1-IF(H52<N52,H52,N52))*E52*O52*Q52)/100000000 -> 0.53849072 | L52: 830 | M52: 713.8 | N52: =1-(M52/L52) -> 0.14 | O52: =164*2 -> 328 | P52: =O52*(Q52-R52-S52) -> 1640 | Q52: 10 | R52: 0 | S52: 5 | T52: =E52*M52*O52*Q52/100000000 -> 0.53849072 | U52: =E52*M52*O52*(Q52-R52-S52)/100000000 -> 0.26924536 | V52: =E52*G52*(1-N52)*O52/100*(R52+S52)/1000000 -> 0.26924536 | W52: =+'8'!K28/1000 -> 0 | X52: =SUM(W52:W55)/SUM(K52:K55) -> 0.97203049 | Y52: 0 | Z52: 0 | AA52: =SUM(U52:U55)-SUM(W52:W55)-SUM(Z52:Z55)-SUM(Y52:Y55) -> 0.28969017 | AB52: =(SUM(K52:K55)-SUM(W52:W55)-SUM(Y52:Y55)-SUM(Z52:Z55)-SUM(AC52:AC55)-SUM(V52:V55))-AA52 -> -9.9920072e-15 | AC52: =K52-T52 -> 0 | AD52: =+AM52+BA52 -> 0 | AE52: - Sheet Breaks (0x) | AF52: 0 | AM52: =SUM(AF52:AL52)+AT52+AV52+AX52 -> 0 | AR52: =SUM(AN52:AQ52) -> 0 | BA52: =+AR52+AS52+AU52+AW52+AY52+AZ52 -> 0 | BB52: 4
B53: Towel | C53: =(M53*E53*O53*Q53)/100000000 -> 75.927192 | D53: VP OW | E53: 23 | F53: 1 | G53: 830 | H53: 0.15 | I53: 0.88 | J53: =E53*G53*(1-H53)*1440/1000000*3.4 -> 79.444944 | K53: =(IF(G53<L53,L53,G53)*(1-IF(H53<N53,H53,N53))*E53*O53*Q53)/100000000 -> 75.927192 | L53: 830 | M53: 713.8 | N53: =1-(M53/L53) -> 0.14 | O53: =+'Trim Rwd'!H40 -> 328 | P53: =O53*(Q53-R53-S53) -> 457560 | Q53: 1410 | R53: 0 | S53: 15 | T53: =E53*M53*O53*Q53/100000000 -> 75.927192 | U53: =E53*M53*O53*(Q53-R53-S53)/100000000 -> 75.119455 | V53: =E53*G53*(1-N53)*O53/100*(R53+S53)/1000000 -> 0.80773608 | W53: =+'10'!K21/1000 -> 75.067 | Z53: =+'10'!D25/1000 -> 0.603 | AC53: =K53-T53 -> 0 | AD53: =+AM53+BA53 -> 9 | AE53: - Change Blade (4x) | AG53: 9 | AM53: =SUM(AF53:AL53)+AT53+AV53+AX53 -> 9 | AR53: =SUM(AN53:AQ53) -> 0 | BA53: =+AR53+AS53+AU53+AW53+AY53+AZ53 -> 0 | BC53: 4
B54: Napkin | C54: =(M54*E54*O54*Q54)/100000000 -> 0.76131916 | D54: VP OW | E54: 17 | F54: 1 | G54: 830 | H54: 0.18 | I54: 0.88 | J54: =E54*G54*(1-H54)*1440/1000000*3.4 -> 56.647699 | K54: =(IF(G54<L54,L54,G54)*(1-IF(H54<N54,H54,N54))*E54*O54*Q54)/100000000 -> 0.76131916 | L54: 830 | M54: =+L54-L54*0.18 -> 680.6 | N54: =1-(M54/L54) -> 0.18 | O54: =+'Trim Rwd'!H41 -> 329 | P54: =O54*(Q54-R54-S54) -> 4935 | Q54: 20 | R54: 0 | S54: 5 | T54: =E54*M54*O54*Q54/100000000 -> 0.76131916 | U54: =E54*M54*O54*(Q54-R54-S54)/100000000 -> 0.57098937 | V54: =E54*G54*(1-N54)*O54/100*(R54+S54)/1000000 -> 0.19032979 | W54: =+'8'!K30/1000 -> 0 | AD54: =+AM54+BA54 -> 11 | AE54: - Cleaning | AH54: 11 | AM54: =SUM(AF54:AL54)+AT54+AV54+AX54 -> 11 | AR54: =SUM(AN54:AQ54) -> 0 | BA54: =+AR54+AS54+AU54+AW54+AY54+AZ54 -> 0
AD55: =+AM55+BA55 -> 5 | AE55: - Change grade | AI55: 5 | AM55: =SUM(AF55:AL55)+AT55+AV55+AX55 -> 5 | AR55: =SUM(AN55:AQ55) -> 0 | BA55: =+AR55+AS55+AU55+AW55+AY55+AZ55 -> 0
A57: 45880 | B57: Napkin | C57: =(M57*E57*O57*Q57)/100000000 -> 54.747626 | D57: VP OW | E57: 17 | F57: 1 | G57: 830 | H57: 0.18 | I57: 0.88 | J57: =E57*G57*(1-H57)*1440/1000000*3.4 -> 56.647699 | K57: =(IF(G57<L57,L57,G57)*(1-IF(H57<N57,H57,N57))*E57*O57*Q57)/100000000 -> 54.747626 | L57: 830 | M57: =+L57-L57*0.18 -> 680.6 | N57: =1-(M57/L57) -> 0.18 | O57: =+'Trim Rwd'!H45 -> 328.59574 | P57: =O57*(Q57-R57-S57) -> 451161.96 | Q57: 1440 | R57: 0 | S57: =29+16+22 -> 67 | T57: =E57*M57*O57*Q57/100000000 -> 54.747626 | U57: =E57*M57*O57*(Q57-R57-S57)/100000000 -> 52.200341 | V57: =E57*G57*(1-N57)*O57/100*(R57+S57)/1000000 -> 2.5472854 | W57: =+'11'!K16/1000 -> 44.834 | X57: =SUM(W57:W60)/SUM(K57:K60) -> 0.86127935 | Y57: 0 | Z57: =+'11'!D34/1000 -> 0.587 | AA57: =SUM(U57:U60)-SUM(W57:W60)-SUM(Z57:Z60)-SUM(Y57:Y60) -> 4.4603408 | AB57: =(SUM(K57:K60)-SUM(W57:W60)-SUM(Y57:Y60)-SUM(Z57:Z60)-SUM(AC57:AC60)-SUM(V57:V60))-AA57 -> 0 | AC57: =K57-T57 -> 0 | AD57: =+AM57+BA57 -> 29 | AE57: - Sheet Breaks (7x) | AF57: 29 | AM57: =SUM(AF57:AL57)+AT57+AV57+AX57 -> 29 | AR57: =SUM(AN57:AQ57) -> 0 | BA57: =+AR57+AS57+AU57+AW57+AY57+AZ57 -> 0 | BB57: 7
B58: Towel | E58: 23 | W58: =+'11'!K21/1000 -> 2.319 | AD58: =+AM58+BA58 -> 16 | AE58: - Change Blade (4x) | AG58: 16 | AM58: =SUM(AF58:AL58)+AT58+AV58+AX58 -> 16 | AR58: =SUM(AN58:AQ58) -> 0 | BA58: =+AR58+AS58+AU58+AW58+AY58+AZ58 -> 0 | BC58: 4
AD59: =+AM59+BA59 -> 22 | AE59: - Cleaning | AH59: 22 | AM59: =SUM(AF59:AL59)+AT59+AV59+AX59 -> 22 | AR59: =SUM(AN59:AQ59) -> 0 | BA59: =+AR59+AS59+AU59+AW59+AY59+AZ59 -> 0
A61: 45881 | B61: Napkin | C61: =(M61*E61*O61*Q61)/100000000 -> 3.0360205 | D61: VP OW | E61: 17 | F61: 1 | G61: 830 | H61: 0.18 | I61: 0.88 | J61: =E61*G61*(1-H61)*1440/1000000*3.4 -> 56.647699 | K61: =(IF(G61<L61,L61,G61)*(1-IF(H61<N61,H61,N61))*E61*O61*Q61)/100000000 -> 3.0360205 | L61: 830 | M61: =+L61-L61*0.18 -> 680.6 | N61: =1-(M61/L61) -> 0.18 | O61: =+'Trim Rwd'!H48 -> 328 | P61: =O61*(Q61-R61-S61) -> 26240 | Q61: 80 | R61: 0 | S61: 0 | T61: =E61*M61*O61*Q61/100000000 -> 3.0360205 | U61: =E61*M61*O61*(Q61-R61-S61)/100000000 -> 3.0360205 | V61: =E61*G61*(1-N61)*O61/100*(R61+S61)/1000000 -> 0 | W61: =+'12'!K16/1000 -> 3.789 | X61: =SUM(W61:W64)/SUM(K61:K64) -> 0.91022184 | Y61: 0 | Z61: 0 | AA61: =SUM(U61:U64)-SUM(W61:W64)-SUM(Z61:Z64)-SUM(Y61:Y64) -> 3.9386731 | AB61: =(SUM(K61:K64)-SUM(W61:W64)-SUM(Y61:Y64)-SUM(Z61:Z64)-SUM(AC61:AC64)-SUM(V61:V64))-AA61 -> -4.4408921e-15 | AC61: =K61-T61 -> 0 | AD61: =+AM61+BA61 -> 0 | AE61: - Sheet Breaks (0x) | AF61: 0 | AM61: =SUM(AF61:AL61)+AT61+AV61+AX61 -> 0 | AR61: =SUM(AN61:AQ61) -> 0 | BA61: =+AR61+AS61+AU61+AW61+AY61+AZ61 -> 0 | BB61: 0
B62: Towel | C62: =(M62*E62*O62*Q62)/100000000 -> 50.825575 | D62: VP OW | E62: 17 | F62: 1 | G62: 830 | H62: 0.18 | I62: 0.88 | J62: =E62*G62*(1-H62)*1440/1000000*3.4 -> 56.647699 | K62: =(IF(G62<L62,L62,G62)*(1-IF(H62<N62,H62,N62))*E62*O62*Q62)/100000000 -> 50.825575 | L62: 830 | M62: =+L62-L62*0.18 -> 680.6 | N62: =1-(M62/L62) -> 0.18 | O62: =+'Trim Rwd'!H49 -> 323 | P62: =O62*(Q62-R62-S62) -> 431528 | Q62: 1360 | R62: 0 | S62: 24 | T62: =E62*M62*O62*Q62/100000000 -> 50.825575 | U62: =E62*M62*O62*(Q62-R62-S62)/100000000 -> 49.928653 | V62: =E62*G62*(1-N62)*O62/100*(R62+S62)/1000000 -> 0.8969219 | W62: =+'12'!K22/1000 -> 45.237 | AC62: =K62-T62 -> 0 | AD62: =+AM62+BA62 -> 9 | AE62: - Change Blade (3x) | AG62: 9 | AM62: =SUM(AF62:AL62)+AT62+AV62+AX62 -> 9 | AR62: =SUM(AN62:AQ62) -> 0 | BA62: =+AR62+AS62+AU62+AW62+AY62+AZ62 -> 0 | BC62: 3
AD63: =+AM63+BA63 -> 15 | AE63: - Cleaning | AH63: 15 | AM63: =SUM(AF63:AL63)+AT63+AV63+AX63 -> 15 | AR63: =SUM(AN63:AQ63) -> 0 | BA63: =+AR63+AS63+AU63+AW63+AY63+AZ63 -> 0
A65: 45882 | B65: Towel | C65: =(M65*E65*O65*Q65)/100000000 -> 42.60379 | D65: VP OW | E65: 17 | F65: 1 | G65: 830 | H65: 0.18 | I65: 0.88 | J65: =E65*G65*(1-H65)*1440/1000000*3.4 -> 56.647699 | K65: =(IF(G65<L65,L65,G65)*(1-IF(H65<N65,H65,N65))*E65*O65*Q65)/100000000 -> 42.60379 | L65: 830 | M65: 680.6 | N65: =1-(M65/L65) -> 0.18 | O65: =+'Trim Rwd'!H52 -> 323 | P65: =O65*(Q65-R65-S65) -> 335920 | Q65: 1140 | R65: 0 | S65: 100 | T65: =E65*M65*O65*Q65/100000000 -> 42.60379 | U65: =E65*M65*O65*(Q65-R65-S65)/100000000 -> 38.866616 | V65: =E65*G65*(1-N65)*O65/100*(R65+S65)/1000000 -> 3.7371746 | W65: =+'13'!K22/1000 -> 36.271 | X65: =SUM(W65:W69)/SUM(K65:K69) -> 0.80938962 | Y65: 0 | Z65: =+'13'!D7/1000 -> 0.65 | AA65: =SUM(U65:U69)-SUM(W65:W69)-SUM(Z65:Z69)-SUM(Y65:Y69) -> 5.3688798 | AB65: =(SUM(K65:K69)-SUM(W65:W69)-SUM(Y65:Y69)-SUM(Z65:Z69)-SUM(AC65:AC69)-SUM(V65:V69))-AA65 -> 0 | AC65: =K65-T65 -> 0 | AD65: =+AM65+BA65 -> 17 | AE65: - Sheet Breaks (6x) | AF65: 17 | AM65: =SUM(AF65:AL65)+AT65+AV65+AX65 -> 17 | AR65: =SUM(AN65:AQ65) -> 0 | BA65: =+AR65+AS65+AU65+AW65+AY65+AZ65 -> 0 | BB65: 6
B66: Napkin | C66: =(M66*E66*O66*Q66)/100000000 -> 10.83648 | D66: VP OW | E66: 16 | F66: 1 | G66: 830 | H66: 0.15 | I66: 0.88 | J66: =E66*G66*(1-H66)*1440/1000000*3.4 -> 55.266048 | K66: =(IF(G66<L66,L66,G66)*(1-IF(H66<N66,H66,N66))*E66*O66*Q66)/100000000 -> 10.83648 | L66: 830 | M66: 705.5 | N66: =1-(M66/L66) -> 0.15 | O66: =+'Trim Rwd'!H53 -> 320 | P66: =O66*(Q66-R66-S66) -> 92800 | Q66: 300 | R66: 0 | S66: 10 | T66: =E66*M66*O66*Q66/100000000 -> 10.83648 | U66: =E66*M66*O66*(Q66-R66-S66)/100000000 -> 10.475264 | V66: =E66*G66*(1-N66)*O66/100*(R66+S66)/1000000 -> 0.361216 | W66: =+'13'!K17/1000 -> 6.983 | Z66: =+'13'!D26/1000 -> 0.069 | AC66: =K66-T66 -> 0 | AD66: =+AM66+BA66 -> 40 | AE66: - Change Blade (6x) | AG66: 40 | AM66: =SUM(AF66:AL66)+AT66+AV66+AX66 -> 40 | AR66: =SUM(AN66:AQ66) -> 0 | BA66: =+AR66+AS66+AU66+AW66+AY66+AZ66 -> 0 | BC66: 6
AD67: =+AM67+BA67 -> 13 | AE67: - Cleaning | AH67: 13 | AM67: =SUM(AF67:AL67)+AT67+AV67+AX67 -> 13 | AR67: =SUM(AN67:AQ67) -> 0 | BA67: =+AR67+AS67+AU67+AW67+AY67+AZ67 -> 0
AD68: =+AM68+BA68 -> 40 | AE68: - 11.23 - 11.53 pm tidak lancar, kertas brosot setelah WSR jalan adjust coating release & temp yankee | AI68: 40 | AM68: =SUM(AF68:AL68)+AT68+AV68+AX68 -> 40 | AR68: =SUM(AN68:AQ68) -> 0 | BA68: =+AR68+AS68+AU68+AW68+AY68+AZ68 -> 0
A70: 45883 | B70: Napkin | C70: =(M70*E70*O70*Q70)/100000000 -> 52.015104 | D70: VP OW | E70: 16 | F70: 1 | G70: 830 | H70: 0.15 | I70: 0.88 | J70: =E70*G70*(1-H70)*1440/1000000*3.4 -> 55.266048 | K70: =(IF(G70<L70,L70,G70)*(1-IF(H70<N70,H70,N70))*E70*O70*Q70)/100000000 -> 52.015104 | L70: 830 | M70: 705.5 | N70: =1-(M70/L70) -> 0.15 | O70: =+'Trim Rwd'!H55 -> 320 | P70: =O70*(Q70-R70-S70) -> 445120 | Q70: 1440 | R70: 0 | S70: 49 | T70: =E70*M70*O70*Q70/100000000 -> 52.015104 | U70: =E70*M70*O70*(Q70-R70-S70)/100000000 -> 50.245146 | V70: =E70*G70*(1-N70)*O70/100*(R70+S70)/1000000 -> 1.7699584 | W70: =+'14'!K34/1000 -> 45.267 | X70: =SUM(W70:W73)/SUM(K70:K73) -> 0.87026645 | Y70: 0 | Z70: =+'14'!D34/1000 -> 0.647 | AA70: =SUM(U70:U73)-SUM(W70:W73)-SUM(Z70:Z73)-SUM(Y70:Y73) -> 4.3311456 | AB70: =(SUM(K70:K73)-SUM(W70:W73)-SUM(Y70:Y73)-SUM(Z70:Z73)-SUM(AC70:AC73)-SUM(V70:V73))-AA70 -> 0 | AC70: =K70-T70 -> 0 | AD70: =+AM70+BA70 -> 3 | AE70: - Sheet Breaks (1x) | AF70: 3 | AM70: =SUM(AF70:AL70)+AT70+AV70+AX70 -> 3 | AR70: =SUM(AN70:AQ70) -> 0 | BA70: =+AR70+AS70+AU70+AW70+AY70+AZ70 -> 0 | BB70: 1
AD71: =+AM71+BA71 -> 28 | AE71: - Change Blade (4x) | AG71: 28 | AM71: =SUM(AF71:AL71)+AT71+AV71+AX71 -> 28 | AR71: =SUM(AN71:AQ71) -> 0 | BA71: =+AR71+AS71+AU71+AW71+AY71+AZ71 -> 0 | BC71: 4
AD72: =+AM72+BA72 -> 18 | AE72: - Cleaning | AH72: 18 | AM72: =SUM(AF72:AL72)+AT72+AV72+AX72 -> 18 | AR72: =SUM(AN72:AQ72) -> 0 | BA72: =+AR72+AS72+AU72+AW72+AY72+AZ72 -> 0
A74: 45884 | B74: Napkin | C74: =(M74*E74*O74*Q74)/100000000 -> 52.015104 | D74: VP OW | E74: 16 | F74: 1 | G74: 830 | H74: 0.15 | I74: 0.88 | J74: =E74*G74*(1-H74)*1440/1000000*3.4 -> 55.266048 | K74: =(IF(G74<L74,L74,G74)*(1-IF(H74<N74,H74,N74))*E74*O74*Q74)/100000000 -> 52.015104 | L74: 830 | M74: 705.5 | N74: =1-(M74/L74) -> 0.15 | O74: =+'Trim Rwd'!H57 -> 320 | P74: =O74*(Q74-R74-S74) -> 449600 | Q74: 1440 | R74: 0 | S74: 35 | T74: =E74*M74*O74*Q74/100000000 -> 52.015104 | U74: =E74*M74*O74*(Q74-R74-S74)/100000000 -> 50.750848 | V74: =E74*G74*(1-N74)*O74/100*(R74+S74)/1000000 -> 1.264256 | W74: =+'15'!K34/1000 -> 48.419 | X74: =SUM(W74:W77)/SUM(K74:K77) -> 0.93086424 | Y74: 0 | Z74: =+'15'!D34/1000 -> 0.26 | AA74: =SUM(U74:U77)-SUM(W74:W77)-SUM(Z74:Z77)-SUM(Y74:Y77) -> 2.071848 | AB74: =(SUM(K74:K77)-SUM(W74:W77)-SUM(Y74:Y77)-SUM(Z74:Z77)-SUM(AC74:AC77)-SUM(V74:V77))-AA74 -> 0 | AC74: =K74-T74 -> 0 | AD74: =+AM74+BA74 -> 7 | AE74: - Sheet Breaks (4x) | AF74: 7 | AM74: =SUM(AF74:AL74)+AT74+AV74+AX74 -> 7 | AR74: =SUM(AN74:AQ74) -> 0 | BA74: =+AR74+AS74+AU74+AW74+AY74+AZ74 -> 0 | BB74: 4
AD75: =+AM75+BA75 -> 10 | AE75: - Change Blade (5x) | AG75: 10 | AM75: =SUM(AF75:AL75)+AT75+AV75+AX75 -> 10 | AR75: =SUM(AN75:AQ75) -> 0 | BA75: =+AR75+AS75+AU75+AW75+AY75+AZ75 -> 0 | BC75: 5
AD76: =+AM76+BA76 -> 18 | AE76: - Cleaning | AH76: 18 | AM76: =SUM(AF76:AL76)+AT76+AV76+AX76 -> 18 | AR76: =SUM(AN76:AQ76) -> 0 | BA76: =+AR76+AS76+AU76+AW76+AY76+AZ76 -> 0
A78: 45885 | B78: Napkin | C78: =(M78*E78*O78*Q78)/100000000 -> 52.015104 | D78: VP OW | E78: 16 | F78: 1 | G78: 830 | H78: 0.15 | I78: 0.88 | J78: =E78*G78*(1-H78)*1440/1000000*3.4 -> 55.266048 | K78: =(IF(G78<L78,L78,G78)*(1-IF(H78<N78,H78,N78))*E78*O78*Q78)/100000000 -> 52.015104 | L78: 830 | M78: 705.5 | N78: =1-(M78/L78) -> 0.15 | O78: =+'Trim Rwd'!H59 -> 320 | P78: =O78*(Q78-R78-S78) -> 446400 | Q78: 1440 | R78: 0 | S78: 45 | T78: =E78*M78*O78*Q78/100000000 -> 52.015104 | U78: =E78*M78*O78*(Q78-R78-S78)/100000000 -> 50.389632 | V78: =E78*G78*(1-N78)*O78/100*(R78+S78)/1000000 -> 1.625472 | W78: =+'16'!K34/1000 -> 48.913 | X78: =SUM(W78:W81)/SUM(K78:K81) -> 0.94036148 | Y78: 0 | Z78: =+'16'!D34/1000 -> 0.06 | AA78: =SUM(U78:U81)-SUM(W78:W81)-SUM(Z78:Z81)-SUM(Y78:Y81) -> 1.416632 | AB78: =(SUM(K78:K81)-SUM(W78:W81)-SUM(Y78:Y81)-SUM(Z78:Z81)-SUM(AC78:AC81)-SUM(V78:V81))-AA78 -> 1.9984014e-15 | AC78: =K78-T78 -> 0 | AD78: =+AM78+BA78 -> 5 | AE78: - Sheet Breaks (2x) | AF78: 5 | AM78: =SUM(AF78:AL78)+AT78+AV78+AX78 -> 5 | AR78: =SUM(AN78:AQ78) -> 0 | BA78: =+AR78+AS78+AU78+AW78+AY78+AZ78 -> 0 | BB78: 2
AD79: =+AM79+BA79 -> 13 | AE79: - Change Blade (3x) | AG79: 13 | AM79: =SUM(AF79:AL79)+AT79+AV79+AX79 -> 13 | AR79: =SUM(AN79:AQ79) -> 0 | BA79: =+AR79+AS79+AU79+AW79+AY79+AZ79 -> 0 | BC79: 3
AD80: =+AM80+BA80 -> 27 | AE80: - Cleaning | AH80: 27 | AM80: =SUM(AF80:AL80)+AT80+AV80+AX80 -> 27 | AR80: =SUM(AN80:AQ80) -> 0 | BA80: =+AR80+AS80+AU80+AW80+AY80+AZ80 -> 0
A82: 45886 | B82: Napkin | C82: =(M82*E82*O82*Q82)/100000000 -> 52.015104 | D82: VP OW | E82: 16 | F82: 1 | G82: 830 | H82: 0.15 | I82: 0.88 | J82: =E82*G82*(1-H82)*1440/1000000*3.4 -> 55.266048 | K82: =(IF(G82<L82,L82,G82)*(1-IF(H82<N82,H82,N82))*E82*O82*Q82)/100000000 -> 52.015104 | L82: 830 | M82: 705.5 | N82: =1-(M82/L82) -> 0.15 | O82: =+'Trim Rwd'!H61 -> 320 | P82: =O82*(Q82-R82-S82) -> 443200 | Q82: 1440 | R82: 0 | S82: 55 | T82: =E82*M82*O82*Q82/100000000 -> 52.015104 | U82: =E82*M82*O82*(Q82-R82-S82)/100000000 -> 50.028416 | V82: =E82*G82*(1-N82)*O82/100*(R82+S82)/1000000 -> 1.986688 | W82: =+'17'!K34/1000 -> 49.252 | X82: =SUM(W82:W85)/SUM(K82:K85) -> 0.94687881 | Y82: 0 | Z82: =+'17'!D34/1000 -> 0.64 | AA82: =SUM(U82:U85)-SUM(W82:W85)-SUM(Z82:Z85)-SUM(Y82:Y85) -> 0.136416 | AB82: =(SUM(K82:K85)-SUM(W82:W85)-SUM(Y82:Y85)-SUM(Z82:Z85)-SUM(AC82:AC85)-SUM(V82:V85))-AA82 -> 7.7715612e-16 | AC82: =K82-T82 -> 0 | AD82: =+AM82+BA82 -> 7 | AE82: - Sheet Breaks (2x) | AF82: 7 | AM82: =SUM(AF82:AL82)+AT82+AV82+AX82 -> 7 | AR82: =SUM(AN82:AQ82) -> 0 | BA82: =+AR82+AS82+AU82+AW82+AY82+AZ82 -> 0 | BB82: 2
AD83: =+AM83+BA83 -> 12 | AE83: - Change Blade (4x) | AG83: 12 | AM83: =SUM(AF83:AL83)+AT83+AV83+AX83 -> 12 | AR83: =SUM(AN83:AQ83) -> 0 | BA83: =+AR83+AS83+AU83+AW83+AY83+AZ83 -> 0 | BC83: 4
AD84: =+AM84+BA84 -> 21 | AE84: - Cleaning | AH84: 21 | AM84: =SUM(AF84:AL84)+AT84+AV84+AX84 -> 21 | AR84: =SUM(AN84:AQ84) -> 0 | BA84: =+AR84+AS84+AU84+AW84+AY84+AZ84 -> 0
AD85: =+AM85+BA85 -> 15 | AE85: - 21.00 - 21.15 dozing pump masuk angin | AI85: 15 | AM85: =SUM(AF85:AL85)+AT85+AV85+AX85 -> 15 | AR85: =SUM(AN85:AQ85) -> 0 | BA85: =+AR85+AS85+AU85+AW85+AY85+AZ85 -> 0
A87: 45887 | B87: Napkin | C87: =(M87*E87*O87*Q87)/100000000 -> 24.231385 | D87: VP OW | E87: 16 | F87: 1 | G87: 830 | H87: 0.15 | I87: 0.88 | J87: =E87*G87*(1-H87)*1440/1000000*3.4 -> 55.266048 | K87: =(IF(G87<L87,L87,G87)*(1-IF(H87<N87,H87,N87))*E87*O87*Q87)/100000000 -> 24.231385 | L87: 830 | M87: 705.5 | N87: =1-(M87/L87) -> 0.15 | O87: =+'Trim Rwd'!H63 -> 325.25 | P87: =O87*(Q87-R87-S87) -> 207184.25 | Q87: 660 | R87: 0 | S87: 23 | T87: =E87*M87*O87*Q87/100000000 -> 24.231385 | U87: =E87*M87*O87*(Q87-R87-S87)/100000000 -> 23.386958 | V87: =E87*G87*(1-N87)*O87/100*(R87+S87)/1000000 -> 0.84442706 | W87: =+'18'!K17/1000 -> 26.049 | X87: =SUM(W87:W90)/SUM(K87:K90) -> 0.93131339 | Y87: 0 | Z87: =+'18'!D7/1000 -> 0.66 | AA87: =SUM(U87:U90)-SUM(W87:W90)-SUM(Z87:Z90)-SUM(Y87:Y90) -> 1.5140915 | AB87: =(SUM(K87:K90)-SUM(W87:W90)-SUM(Y87:Y90)-SUM(Z87:Z90)-SUM(AC87:AC90)-SUM(V87:V90))-AA87 -> 0 | AC87: =K87-T87 -> 0 | AD87: =+AM87+BA87 -> 11 | AE87: - Sheet Breaks (3x) | AF87: 11 | AM87: =SUM(AF87:AL87)+AT87+AV87+AX87 -> 11 | AR87: =SUM(AN87:AQ87) -> 0 | BA87: =+AR87+AS87+AU87+AW87+AY87+AZ87 -> 0 | BB87: 3
B88: Towel | C88: =(M88*E88*O88*Q88)/100000000 -> 42.979073 | D88: VP OW | E88: 23 | F88: 1 | G88: 830 | H88: 0.12 | I88: 0.88 | J88: =E88*G88*(1-H88)*1440/1000000*3.4 -> 82.248883 | K88: =(IF(G88<L88,L88,G88)*(1-IF(H88<N88,H88,N88))*E88*O88*Q88)/100000000 -> 42.979073 | L88: 830 | M88: 730.4 | N88: =1-(M88/L88) -> 0.12 | O88: =+'Trim Rwd'!H65 -> 328 | P88: =O88*(Q88-R88-S88) -> 246328 | Q88: 780 | R88: 0 | S88: 29 | T88: =E88*M88*O88*Q88/100000000 -> 42.979073 | U88: =E88*M88*O88*(Q88-R88-S88)/100000000 -> 41.381133 | V88: =E88*G88*(1-N88)*O88/100*(R88+S88)/1000000 -> 1.5979399 | W88: =+'18'!K21/1000 -> 36.545 | AC88: =K88-T88 -> 0 | AD88: =+AM88+BA88 -> 17 | AE88: - Change Blade (4x) | AG88: 17 | AM88: =SUM(AF88:AL88)+AT88+AV88+AX88 -> 17 | AR88: =SUM(AN88:AQ88) -> 0 | BA88: =+AR88+AS88+AU88+AW88+AY88+AZ88 -> 0 | BC88: 4
AD89: =+AM89+BA89 -> 19 | AE89: - Cleaning | AH89: 19 | AM89: =SUM(AF89:AL89)+AT89+AV89+AX89 -> 19 | AR89: =SUM(AN89:AQ89) -> 0 | BA89: =+AR89+AS89+AU89+AW89+AY89+AZ89 -> 0
AD90: =+AM90+BA90 -> 5 | AE90: - Change grade | AI90: 5 | AM90: =SUM(AF90:AL90)+AT90+AV90+AX90 -> 5 | AR90: =SUM(AN90:AQ90) -> 0 | BA90: =+AR90+AS90+AU90+AW90+AY90+AZ90 -> 0
A92: 45888 | B92: Towel | C92: =(M92*E92*O92*Q92)/100000000 -> 46.285156 | D92: VP OW | E92: 23 | F92: 1 | G92: 830 | H92: 0.12 | I92: 0.88 | J92: =E92*G92*(1-H92)*1440/1000000*3.4 -> 82.248883 | K92: =(IF(G92<L92,L92,G92)*(1-IF(H92<N92,H92,N92))*E92*O92*Q92)/100000000 -> 46.285156 | L92: 830 | M92: 730.4 | N92: =1-(M92/L92) -> 0.12 | O92: =+'Trim Rwd'!H67 -> 328 | P92: =O92*(Q92-R92-S92) -> 270600 | Q92: 840 | R92: 0 | S92: 15 | T92: =E92*M92*O92*Q92/100000000 -> 46.285156 | U92: =E92*M92*O92*(Q92-R92-S92)/100000000 -> 45.458635 | V92: =E92*G92*(1-N92)*O92/100*(R92+S92)/1000000 -> 0.82652064 | W92: =+'19'!K21/1000 -> 48.709 | X92: =SUM(W92:W95)/SUM(K92:K95) -> 0.89816665 | Y92: 0 | Z92: 0 | AA92: =SUM(U92:U95)-SUM(W92:W95)-SUM(Z92:Z95)-SUM(Y92:Y95) -> 5.0957997 | AB92: =(SUM(K92:K95)-SUM(W92:W95)-SUM(Y92:Y95)-SUM(Z92:Z95)-SUM(AC92:AC95)-SUM(V92:V95))-AA92 -> 0 | AC92: =K92-T92 -> 0 | AD92: =+AM92+BA92 -> 4 | AE92: - Sheet Breaks (2x) | AF92: 4 | AM92: =SUM(AF92:AL92)+AT92+AV92+AX92 -> 4 | AR92: =SUM(AN92:AQ92) -> 0 | BA92: =+AR92+AS92+AU92+AW92+AY92+AZ92 -> 0 | BB92: 2
B93: Towel | C93: =(M93*E93*O93*Q93)/100000000 -> 22.735443 | D93: VP OW | E93: 17 | F93: 1 | G93: 830 | H93: 0.18 | I93: 0.88 | J93: =E93*G93*(1-H93)*1440/1000000*3.4 -> 56.647699 | K93: =(IF(G93<L93,L93,G93)*(1-IF(H93<N93,H93,N93))*E93*O93*Q93)/100000000 -> 22.735443 | L93: 830 | M93: =+L93-L93*0.18 -> 680.6 | N93: =1-(M93/L93) -> 0.18 | O93: =+'Trim Rwd'!H68 -> 327.5 | P93: =O93*(Q93-R93-S93) -> 191260 | Q93: 600 | R93: 0 | S93: 16 | T93: =E93*M93*O93*Q93/100000000 -> 22.735443 | U93: =E93*M93*O93*(Q93-R93-S93)/100000000 -> 22.129165 | V93: =E93*G93*(1-N93)*O93/100*(R93+S93)/1000000 -> 0.60627848 | W93: =+'19'!K22/1000 -> 13.283 | Z93: =+'19'!D25/1000 -> 0.5 | AC93: =K93-T93 -> 0 | AD93: =+AM93+BA93 -> 10 | AE93: - Change Blade (5x) | AG93: 10 | AM93: =SUM(AF93:AL93)+AT93+AV93+AX93 -> 10 | AR93: =SUM(AN93:AQ93) -> 0 | BA93: =+AR93+AS93+AU93+AW93+AY93+AZ93 -> 0 | BC93: 5
AD94: =+AM94+BA94 -> 13 | AE94: - Cleaning | AH94: 13 | AM94: =SUM(AF94:AL94)+AT94+AV94+AX94 -> 13 | AR94: =SUM(AN94:AQ94) -> 0 | BA94: =+AR94+AS94+AU94+AW94+AY94+AZ94 -> 0
AD95: =+AM95+BA95 -> 4 | AE95: - Change grade | AI95: 4 | AM95: =SUM(AF95:AL95)+AT95+AV95+AX95 -> 4 | AR95: =SUM(AN95:AQ95) -> 0 | BA95: =+AR95+AS95+AU95+AW95+AY95+AZ95 -> 0
A97: 45889 | B97: Towel | C97: =(M97*E97*O97*Q97)/100000000 -> 53.815314 | D97: VP OW | E97: 17 | F97: 1 | G97: 830 | H97: 0.18 | I97: 0.88 | J97: =E97*G97*(1-H97)*1440/1000000*3.4 -> 56.647699 | K97: =(IF(G97<L97,L97,G97)*(1-IF(H97<N97,H97,N97))*E97*O97*Q97)/100000000 -> 53.815314 | L97: 830 | M97: =+L97-L97*0.18 -> 680.6 | N97: =1-(M97/L97) -> 0.18 | O97: =+'Trim Rwd'!H71 -> 323 | P97: =O97*(Q97-R97-S97) -> 455107 | Q97: 1440 | R97: 0 | S97: 31 | T97: =E97*M97*O97*Q97/100000000 -> 53.815314 | U97: =E97*M97*O97*(Q97-R97-S97)/100000000 -> 52.65679 | V97: =E97*G97*(1-N97)*O97/100*(R97+S97)/1000000 -> 1.1585241 | W97: =+'20'!K34/1000 -> 50.193 | X97: =SUM(W97:W100)/SUM(K97:K100) -> 0.9326899 | Y97: 0 | Z97: =+'20'!D34/1000 -> 0.95 | AA97: =SUM(U97:U100)-SUM(W97:W100)-SUM(Z97:Z100)-SUM(Y97:Y100) -> 1.5137901 | AB97: =(SUM(K97:K100)-SUM(W97:W100)-SUM(Y97:Y100)-SUM(Z97:Z100)-SUM(AC97:AC100)-SUM(V97:V100))-AA97 -> -3.9968029e-15 | AC97: =K97-T97 -> 0 | AD97: =+AM97+BA97 -> 6 | AE97: - Sheet Breaks (3x) | AF97: 6 | AM97: =SUM(AF97:AL97)+AT97+AV97+AX97 -> 6 | AR97: =SUM(AN97:AQ97) -> 0 | BA97: =+AR97+AS97+AU97+AW97+AY97+AZ97 -> 0 | BB97: 3
AD98: =+AM98+BA98 -> 10 | AE98: - Change Blade (3x) | AG98: 10 | AM98: =SUM(AF98:AL98)+AT98+AV98+AX98 -> 10 | AR98: =SUM(AN98:AQ98) -> 0 | BA98: =+AR98+AS98+AU98+AW98+AY98+AZ98 -> 0 | BC98: 3
AD99: =+AM99+BA99 -> 15 | AE99: - Cleaning | AH99: 15 | AM99: =SUM(AF99:AL99)+AT99+AV99+AX99 -> 15 | AR99: =SUM(AN99:AQ99) -> 0 | BA99: =+AR99+AS99+AU99+AW99+AY99+AZ99 -> 0
A101: 45890 | B101: Towel | C101: =(M101*E101*O101*Q101)/100000000 -> 53.901952 | D101: VP OW | E101: 17 | F101: 1 | G101: 830 | H101: 0.18 | I101: 0.88 | J101: =E101*G101*(1-H101)*1440/1000000*3.4 -> 56.647699 | K101: =(IF(G101<L101,L101,G101)*(1-IF(H101<N101,H101,N101))*E101*O101*Q101)/100000000 -> 53.901952 | L101: 830 | M101: =+L101-L101*0.18 -> 680.6 | N101: =1-(M101/L101) -> 0.18 | O101: =+'Trim Rwd'!H73 -> 323.52 | P101: =O101*(Q101-R101-S101) -> 452604.48 | Q101: 1440 | R101: 0 | S101: 41 | T101: =E101*M101*O101*Q101/100000000 -> 53.901952 | U101: =E101*M101*O101*(Q101-R101-S101)/100000000 -> 52.367244 | V101: =E101*G101*(1-N101)*O101/100*(R101+S101)/1000000 -> 1.5347084 | W101: =+'21'!K34/1000 -> 49.95 | X101: =SUM(W101:W104)/SUM(K101:K104) -> 0.92668258 | Y101: 0 | Z101: 0 | AA101: =SUM(U101:U104)-SUM(W101:W104)-SUM(Z101:Z104)-SUM(Y101:Y104) -> 2.4172435 | AB101: =(SUM(K101:K104)-SUM(W101:W104)-SUM(Y101:Y104)-SUM(Z101:Z104)-SUM(AC101:AC104)-SUM(V101:V104))-AA101 -> 0 | AC101: =K101-T101 -> 0 | AD101: =+AM101+BA101 -> 12 | AE101: - Sheet Breaks (3x) | AF101: 12 | AM101: =SUM(AF101:AL101)+AT101+AV101+AX101 -> 12 | AR101: =SUM(AN101:AQ101) -> 0 | BA101: =+AR101+AS101+AU101+AW101+AY101+AZ101 -> 0 | BB101: 3
AD102: =+AM102+BA102 -> 13 | AE102: - Change Blade (2x) | AG102: 13 | AM102: =SUM(AF102:AL102)+AT102+AV102+AX102 -> 13 | AR102: =SUM(AN102:AQ102) -> 0 | BA102: =+AR102+AS102+AU102+AW102+AY102+AZ102 -> 0 | BC102: 2
AD103: =+AM103+BA103 -> 16 | AE103: - Cleaning | AH103: 16 | AM103: =SUM(AF103:AL103)+AT103+AV103+AX103 -> 16 | AR103: =SUM(AN103:AQ103) -> 0 | BA103: =+AR103+AS103+AU103+AW103+AY103+AZ103 -> 0
A105: 45891 | B105: Towel | C105: =(M105*E105*O105*Q105)/100000000 -> 38.671067 | D105: VP OW | E105: 17 | F105: 1 | G105: 830 | H105: 0.18 | I105: 0.88 | J105: =E105*G105*(1-H105)*1440/1000000*3.4 -> 56.647699 | K105: =(IF(G105<L105,L105,G105)*(1-IF(H105<N105,H105,N105))*E105*O105*Q105)/100000000 -> 38.671067 | L105: 830 | M105: =+L105-L105*0.18 -> 680.6 | N105: =1-(M105/L105) -> 0.18 | O105: =+'Trim Rwd'!H76 -> 321.68421 | P105: =O105*(Q105-R105-S105) -> 324579.37 | Q105: 1039 | R105: 0 | S105: 30 | T105: =E105*M105*O105*Q105/100000000 -> 38.671067 | U105: =E105*M105*O105*(Q105-R105-S105)/100000000 -> 37.554482 | V105: =E105*G105*(1-N105)*O105/100*(R105+S105)/1000000 -> 1.1165852 | W105: =+'22'!K22/1000 -> 37.635 | X105: =SUM(W105:W108)/SUM(K105:K108) -> 0.94399891 | Y105: 0 | Z105: 0 | AA105: =SUM(U105:U108)-SUM(W105:W108)-SUM(Z105:Z108)-SUM(Y105:Y108) -> 1.5994249 | AB105: =(SUM(K105:K108)-SUM(W105:W108)-SUM(Y105:Y108)-SUM(Z105:Z108)-SUM(AC105:AC108)-SUM(V105:V108))-AA105 -> -3.3306691e-15 | AC105: =K105-T105 -> 0 | AD105: =+AM105+BA105 -> 7 | AE105: - Sheet Breaks (5x) | AF105: 7 | AM105: =SUM(AF105:AL105)+AT105+AV105+AX105 -> 7 | AR105: =SUM(AN105:AQ105) -> 0 | BA105: =+AR105+AS105+AU105+AW105+AY105+AZ105 -> 0 | BB105: 5
B106: Towel | C106: =(M106*E106*O106*Q106)/100000000 -> 14.279206 | D106: VP OW | E106: 16 | F106: 1 | G106: 830 | H106: 0.18 | I106: 0.88 | J106: =E106*G106*(1-H106)*1440/1000000*3.4 -> 53.315482 | K106: =(IF(G106<L106,L106,G106)*(1-IF(H106<N106,H106,N106))*E106*O106*Q106)/100000000 -> 14.279206 | L106: 830 | M106: =+L106-L106*0.18 -> 680.6 | N106: =1-(M106/L106) -> 0.18 | O106: =+'Trim Rwd'!H78 -> 327 | P106: =O106*(Q106-R106-S106) -> 128838 | Q106: 401 | R106: 0 | S106: 7 | T106: =E106*M106*O106*Q106/100000000 -> 14.279206 | U106: =E106*M106*O106*(Q106-R106-S106)/100000000 -> 14.029943 | V106: =E106*G106*(1-N106)*O106/100*(R106+S106)/1000000 -> 0.24926294 | W106: =+'22'!K23/1000 -> 12.35 | AC106: =K106-T106 -> 0 | AD106: =+AM106+BA106 -> 12 | AE106: - Change Blade (3x) | AG106: 12 | AM106: =SUM(AF106:AL106)+AT106+AV106+AX106 -> 12 | AR106: =SUM(AN106:AQ106) -> 0 | BA106: =+AR106+AS106+AU106+AW106+AY106+AZ106 -> 0 | BC106: 3
AD107: =+AM107+BA107 -> 14 | AE107: - Cleaning | AH107: 14 | AM107: =SUM(AF107:AL107)+AT107+AV107+AX107 -> 14 | AR107: =SUM(AN107:AQ107) -> 0 | BA107: =+AR107+AS107+AU107+AW107+AY107+AZ107 -> 0
AD108: =+AM108+BA108 -> 4 | AE108: - Change Grade | AI108: 4 | AM108: =SUM(AF108:AL108)+AT108+AV108+AX108 -> 4 | AR108: =SUM(AN108:AQ108) -> 0 | BA108: =+AR108+AS108+AU108+AW108+AY108+AZ108 -> 0
A110: 45892 | B110: Towel | C110: =(M110*E110*O110*Q110)/100000000 -> 51.276948 | D110: VP OW | E110: 16 | F110: 1 | G110: 830 | H110: 0.18 | I110: 0.88 | J110: =E110*G110*(1-H110)*1440/1000000*3.4 -> 53.315482 | K110: =(IF(G110<L110,L110,G110)*(1-IF(H110<N110,H110,N110))*E110*O110*Q110)/100000000 -> 51.276948 | L110: 830 | M110: =+L110-L110*0.18 -> 680.6 | N110: =1-(M110/L110) -> 0.18 | O110: =+'Trim Rwd'!H80 -> 327 | P110: =O110*(Q110-R110-S110) -> 461070 | Q110: 1440 | R110: 0 | S110: 30 | T110: =E110*M110*O110*Q110/100000000 -> 51.276948 | U110: =E110*M110*O110*(Q110-R110-S110)/100000000 -> 50.208679 | V110: =E110*G110*(1-N110)*O110/100*(R110+S110)/1000000 -> 1.0682698 | W110: =+'23'!K34/1000 -> 50.241 | X110: =SUM(W110:W113)/SUM(K110:K113) -> 0.97979699 | Y110: 0 | Z110: =+'23'!D34/1000 -> 0.25 | AA110: =SUM(U110:U113)-SUM(W110:W113)-SUM(Z110:Z113)-SUM(Y110:Y113) -> -0.28232128 | AB110: =(SUM(K110:K113)-SUM(W110:W113)-SUM(Y110:Y113)-SUM(Z110:Z113)-SUM(AC110:AC113)-SUM(V110:V113))-AA110 -> 0 | AC110: =K110-T110 -> 0 | AD110: =+AM110+BA110 -> 0 | AE110: - Sheet Breaks (0x) | AF110: 0 | AM110: =SUM(AF110:AL110)+AT110+AV110+AX110 -> 0 | AR110: =SUM(AN110:AQ110) -> 0 | BA110: =+AR110+AS110+AU110+AW110+AY110+AZ110 -> 0 | BB110: 0
AD111: =+AM111+BA111 -> 15 | AE111: - Change Blade (5x) | AG111: 15 | AM111: =SUM(AF111:AL111)+AT111+AV111+AX111 -> 15 | AR111: =SUM(AN111:AQ111) -> 0 | BA111: =+AR111+AS111+AU111+AW111+AY111+AZ111 -> 0 | BC111: 5
AD112: =+AM112+BA112 -> 15 | AE112: - Cleaning | AH112: 15 | AM112: =SUM(AF112:AL112)+AT112+AV112+AX112 -> 15 | AR112: =SUM(AN112:AQ112) -> 0 | BA112: =+AR112+AS112+AU112+AW112+AY112+AZ112 -> 0
A114: 45893 | B114: Towel | C114: =(M114*E114*O114*Q114)/100000000 -> 51.355354 | D114: VP OW | E114: 16 | F114: 1 | G114: 830 | H114: 0.18 | I114: 0.88 | J114: =E114*G114*(1-H114)*1440/1000000*3.4 -> 53.315482 | K114: =(IF(G114<L114,L114,G114)*(1-IF(H114<N114,H114,N114))*E114*O114*Q114)/100000000 -> 51.355354 | L114: 830 | M114: =+L114-L114*0.18 -> 680.6 | N114: =1-(M114/L114) -> 0.18 | O114: =+'Trim Rwd'!H82 -> 327.5 | P114: =O114*(Q114-R114-S114) -> 465705 | Q114: 1440 | R114: 0 | S114: 18 | T114: =E114*M114*O114*Q114/100000000 -> 51.355354 | U114: =E114*M114*O114*(Q114-R114-S114)/100000000 -> 50.713412 | V114: =E114*G114*(1-N114)*O114/100*(R114+S114)/1000000 -> 0.64194192 | W114: =+'24'!K34/1000 -> 51.229 | X114: =SUM(W114:W117)/SUM(K114:K117) -> 0.99753962 | Y114: 0 | Z114: 0 | AA114: =SUM(U114:U117)-SUM(W114:W117)-SUM(Z114:Z117)-SUM(Y114:Y117) -> -0.51558832 | AB114: =(SUM(K114:K117)-SUM(W114:W117)-SUM(Y114:Y117)-SUM(Z114:Z117)-SUM(AC114:AC117)-SUM(V114:V117))-AA114 -> 0 | AC114: =K114-T114 -> 0 | AD114: =+AM114+BA114 -> 0 | AE114: - Sheet Breaks (0x) | AF114: 0 | AM114: =SUM(AF114:AL114)+AT114+AV114+AX114 -> 0 | AR114: =SUM(AN114:AQ114) -> 0 | BA114: =+AR114+AS114+AU114+AW114+AY114+AZ114 -> 0 | BB114: 0
AD115: =+AM115+BA115 -> 5 | AE115: - Change Blade (2x) | AG115: 5 | AM115: =SUM(AF115:AL115)+AT115+AV115+AX115 -> 5 | AR115: =SUM(AN115:AQ115) -> 0 | BA115: =+AR115+AS115+AU115+AW115+AY115+AZ115 -> 0 | BC115: 2
AD116: =+AM116+BA116 -> 13 | AE116: - Cleaning | AH116: 13 | AM116: =SUM(AF116:AL116)+AT116+AV116+AX116 -> 13 | AR116: =SUM(AN116:AQ116) -> 0 | BA116: =+AR116+AS116+AU116+AW116+AY116+AZ116 -> 0
A118: 45894 | B118: Towel | C118: =(M118*E118*O118*Q118)/100000000 -> 15.001513 | D118: VP OW | E118: 16 | F118: 1 | G118: 830 | H118: 0.18 | I118: 0.88 | J118: =E118*G118*(1-H118)*1440/1000000*3.4 -> 53.315482 | K118: =(IF(G118<L118,L118,G118)*(1-IF(H118<N118,H118,N118))*E118*O118*Q118)/100000000 -> 15.001513 | L118: 830 | M118: =+L118-L118*0.18 -> 680.6 | N118: =1-(M118/L118) -> 0.18 | O118: =+'Trim Rwd'!H85 -> 328 | P118: =O118*(Q118-R118-S118) -> 134152 | Q118: 420 | R118: 0 | S118: 11 | T118: =E118*M118*O118*Q118/100000000 -> 15.001513 | U118: =E118*M118*O118*(Q118-R118-S118)/100000000 -> 14.608616 | V118: =E118*G118*(1-N118)*O118/100*(R118+S118)/1000000 -> 0.39289677 | W118: =+'25'!K23/1000 -> 16.791 | X118: =SUM(W118:W121)/SUM(K118:K121) -> 0.95069706 | Y118: 0 | Z118: 0 | AA118: =SUM(U118:U121)-SUM(W118:W121)-SUM(Z118:Z121)-SUM(Y118:Y121) -> 1.9923722 | AB118: =(SUM(K118:K121)-SUM(W118:W121)-SUM(Y118:Y121)-SUM(Z118:Z121)-SUM(AC118:AC121)-SUM(V118:V121))-AA118 -> 2.6645353e-15 | AC118: =K118-T118 -> 0 | AD118: =+AM118+BA118 -> 3 | AE118: - Sheet Breaks (1x) | AF118: 3 | AM118: =SUM(AF118:AL118)+AT118+AV118+AX118 -> 3 | AR118: =SUM(AN118:AQ118) -> 0 | BA118: =+AR118+AS118+AU118+AW118+AY118+AZ118 -> 0 | BB118: 1
B119: Napkin | C119: =(M119*E119*O119*Q119)/100000000 -> 42.7235 | D119: VP OW | E119: 18 | F119: 1 | G119: 830 | H119: 0.14 | I119: 0.88 | J119: =E119*G119*(1-H119)*1440/1000000*3.4 -> 62.905766 | K119: =(IF(G119<L119,L119,G119)*(1-IF(H119<N119,H119,N119))*E119*O119*Q119)/100000000 -> 42.7235 | L119: 830 | M119: =+L119-L119*0.14 -> 713.8 | N119: =1-(M119/L119) -> 0.14 | O119: =+'Trim Rwd'!H86 -> 326 | P119: =O119*(Q119-R119-S119) -> 328934 | Q119: 1020 | R119: 0 | S119: 11 | T119: =E119*M119*O119*Q119/100000000 -> 42.7235 | U119: =E119*M119*O119*(Q119-R119-S119)/100000000 -> 42.262756 | V119: =E119*G119*(1-N119)*O119/100*(R119+S119)/1000000 -> 0.46074362 | W119: =+'25'!K24/1000 -> 38.088 | AC119: =K119-T119 -> 0 | AD119: =+AM119+BA119 -> 5 | AE119: - Change Blade (2x) | AG119: 5 | AM119: =SUM(AF119:AL119)+AT119+AV119+AX119 -> 5 | AR119: =SUM(AN119:AQ119) -> 0 | BA119: =+AR119+AS119+AU119+AW119+AY119+AZ119 -> 0 | BC119: 2
AD120: =+AM120+BA120 -> 9 | AE120: - Cleaning | AH120: 9 | AM120: =SUM(AF120:AL120)+AT120+AV120+AX120 -> 9 | AR120: =SUM(AN120:AQ120) -> 0 | BA120: =+AR120+AS120+AU120+AW120+AY120+AZ120 -> 0
AD121: =+AM121+BA121 -> 5 | AE121: - Change Grade | AI121: 5 | AM121: =SUM(AF121:AL121)+AT121+AV121+AX121 -> 5 | AR121: =SUM(AN121:AQ121) -> 0 | BA121: =+AR121+AS121+AU121+AW121+AY121+AZ121 -> 0
A123: 45895 | B123: Napkin | C123: =(M123*E123*O123*Q123)/100000000 -> 60.315529 | D123: VP OW | E123: 18 | F123: 1 | G123: 830 | H123: 0.14 | I123: 0.88 | J123: =E123*G123*(1-H123)*1440/1000000*3.4 -> 62.905766 | K123: =(IF(G123<L123,L123,G123)*(1-IF(H123<N123,H123,N123))*E123*O123*Q123)/100000000 -> 60.315529 | L123: 830 | M123: =+L123-L123*0.14 -> 713.8 | N123: =1-(M123/L123) -> 0.14 | O123: =+'Trim Rwd'!H88 -> 326 | P123: =O123*(Q123-R123-S123) -> 460312 | Q123: 1440 | R123: 0 | S123: 28 | T123: =E123*M123*O123*Q123/100000000 -> 60.315529 | U123: =E123*M123*O123*(Q123-R123-S123)/100000000 -> 59.142727 | V123: =E123*G123*(1-N123)*O123/100*(R123+S123)/1000000 -> 1.172802 | W123: =+'26'!K34/1000 -> 57.335 | X123: =SUM(W123:W126)/SUM(K123:K126) -> 0.95058438 | Y123: 0 | Z123: 0 | AA123: =SUM(U123:U126)-SUM(W123:W126)-SUM(Z123:Z126)-SUM(Y123:Y126) -> 1.807727 | AB123: =(SUM(K123:K126)-SUM(W123:W126)-SUM(Y123:Y126)-SUM(Z123:Z126)-SUM(AC123:AC126)-SUM(V123:V126))-AA123 -> 0 | AC123: =K123-T123 -> 0 | AD123: =+AM123+BA123 -> 0 | AE123: - Sheet Breaks (0x) | AF123: 0 | AM123: =SUM(AF123:AL123)+AT123+AV123+AX123 -> 0 | AR123: =SUM(AN123:AQ123) -> 0 | BA123: =+AR123+AS123+AU123+AW123+AY123+AZ123 -> 0 | BB123: 0
AD124: =+AM124+BA124 -> 12 | AE124: - Change Blade (4x) | AG124: 12 | AM124: =SUM(AF124:AL124)+AT124+AV124+AX124 -> 12 | AR124: =SUM(AN124:AQ124) -> 0 | BA124: =+AR124+AS124+AU124+AW124+AY124+AZ124 -> 0 | BC124: 4
AD125: =+AM125+BA125 -> 16 | AE125: - Cleaning | AH125: 16 | AM125: =SUM(AF125:AL125)+AT125+AV125+AX125 -> 16 | AR125: =SUM(AN125:AQ125) -> 0 | BA125: =+AR125+AS125+AU125+AW125+AY125+AZ125 -> 0
A127: 45896 | B127: Napkin | C127: =(M127*E127*O127*Q127)/100000000 -> 12.146877 | D127: VP OW | E127: 18 | F127: 1 | G127: 830 | H127: 0.14 | I127: 0.88 | J127: =E127*G127*(1-H127)*1440/1000000*3.4 -> 62.905766 | K127: =(IF(G127<L127,L127,G127)*(1-IF(H127<N127,H127,N127))*E127*O127*Q127)/100000000 -> 12.146877 | L127: 830 | M127: =+L127-L127*0.14 -> 713.8 | N127: =1-(M127/L127) -> 0.14 | O127: =+'Trim Rwd'!H90 -> 326 | P127: =O127*(Q127-R127-S127) -> 90954 | Q127: 290 | R127: 0 | S127: 11 | T127: =E127*M127*O127*Q127/100000000 -> 12.146877 | U127: =E127*M127*O127*(Q127-R127-S127)/100000000 -> 11.686134 | V127: =E127*G127*(1-N127)*O127/100*(R127+S127)/1000000 -> 0.46074362 | W127: =+'27'!K24/1000 -> 13.09 | X127: =SUM(W127:W130)/SUM(K127:K130) -> 0.93832882 | Y127: 0 | Z127: 0 | AA127: =SUM(U127:U130)-SUM(W127:W130)-SUM(Z127:Z130)-SUM(Y127:Y130) -> 3.1113349 | AB127: =(SUM(K127:K130)-SUM(W127:W130)-SUM(Y127:Y130)-SUM(Z127:Z130)-SUM(AC127:AC130)-SUM(V127:V130))-AA127 -> 0 | AC127: =K127-T127 -> 0 | AD127: =+AM127+BA127 -> 2 | AE127: - Sheet Breaks (1x) | AF127: 2 | AM127: =SUM(AF127:AL127)+AT127+AV127+AX127 -> 2 | AR127: =SUM(AN127:AQ127) -> 0 | BA127: =+AR127+AS127+AU127+AW127+AY127+AZ127 -> 0 | BB127: 1
...

Sheet Efficiency2
A1: PM12 Efficiency Running Report
A3: Date | B3: Grade | C3: Speed real (ton) with Available Time | D3: Colour | E3: gsm | F3: Ply | G3: Standard | L3: Real Running | O3: Trim Rewinder (cm) | P3: Trim Rewinder x Running Time | Q3: Available Time (mnt) | R3: Down Time (mnt) | S3: Loss Time (mnt) | T3: Real Speed & Real Creepe Ratio with Available Time (ton) | U3: Real Speed & Real Creepe Ratio setelah dipotong DT & LT (ton) | V3: Loss tonase akibat DT + LT dari hitungan Teori with available time (ton) | W3: Accepted (ton) | X3: Real Eff dr Target Eff | Y3: Backlog | Z3: Reject Rewinder (ton) | AA3: Estimasi Reject to Broke Plant (ton) | AB3: Estimasi Faktor BW (ton) | AC3: Loss Opportunity in Speed (ton) | AD3: Downtime/ Losstime | AE3: Reason of Downtime / Losstime | AF3: Loss Time | AM3: Total Losstime | AN3: Unschedule Shut Down (mnt) | AS3: Schedule Shut Down | AT3: Marketing | AV3: EXT FACTOR | AX3: EXT FACTOR | AZ3: MANAGEMENT | BA3: Total Down Time | BB3: Freq. Sheets Break (X) | BC3: Freq. Change Blade (X) | BD3: Steam, & gangguan sinergy (X) | BE3: Freq, Trip PLN (X) | BF3: Cleaning Holes (X)
AF4: Proses | AI4: Change Grade | AJ4: Mekanik | AK4: Electric & Instrument | AL4: Boiler | AN4: Down Time Produksi | AO4: Mekanik | AP4: Electrical & Instrument | AQ4: Boiler | AR4: Total Unschedule Shut Down | AV4: LOSS | AW4: DOWN TIME | AX4: LOSS | AY4: DOWN TIME
G5: Yankee Speed (mpm) | H5: Max % Creeping | I5: Target Eff | J5: Kapasitas PM-Teori (ton) | K5: Teori (ton) with Available Time | L5: Yankee Speed (mpm) | M5: Popereel Speed (mpm) | N5: % Creeping | AF5: sheet break | AG5: change blade | AH5: change spool | AT5: Loss time | AU5: Down Time | AV5: SINERGY | AW5: SINERGY | AX5: PLN | AY5: PLN
A6: =+Report1!A9 -> 45870 | B6: Towel | C6: =(M6*E6*O6*Q6)/100000000 -> 46.623973 | D6: RC BR | E6: 38 | F6: 1 | G6: 430 | H6: 0.12 | I6: 0.88 | J6: =E6*G6*(1-H6)*1440/1000000*3.4 -> 70.400563 | K6: =(IF(G6<L6,L6,G6)*(1-IF(H6<N6,H6,N6))*E6*O6*Q6)/100000000 -> 46.623973 | L6: 500 | M6: =+L6-L6*0.12 -> 440 | N6: =1-(M6/L6) -> 0.12 | O6: =+'Trim Rwd'!H4 -> 328.06061 | P6: =O6*(Q6-R6-S6) -> 275898.97 | Q6: 850 | R6: 0 | S6: 9 | T6: =E6*M6*O6*Q6/100000000 -> 46.623973 | U6: =E6*M6*O6*(Q6-R6-S6)/100000000 -> 46.130308 | V6: =E6*G6*(1-N6)*O6/100*(R6+S6)/1000000 -> 0.42455242 | W6: =+'1'!K7/1000 -> 53.722 | X6: =SUM(W6:W9)/SUM(K6:K9) -> 1.0736613 | Y6: 0 | Z6: =+'1'!D7/1000 -> 0.22 | AA6: =SUM(U6:U9)-SUM(W6:W9)-SUM(Z6:Z9)-SUM(Y6:Y9) -> -6.4990677 | AB6: =(SUM(K6:K9)-SUM(W6:W9)-SUM(Y6:Y9)-SUM(Z6:Z9)-SUM(AC6:AC9)-SUM(V6:V9))-AA6 -> 0.069113184 | AC6: =K6-T6 -> 0 | AD6: =+AM6+BA6 -> 0 | AE6: - Sheet Breaks (0x) | AF6: 0 | AM6: =SUM(AF6:AL6)+AT6+AV6+AX6 -> 0 | AR6: =SUM(AN6:AQ6) -> 0 | BA6: =+AR6+AS6+AU6+AW6+AY6+AZ6 -> 0 | BB6: 0
B7: Towel | C7: =(M7*E7*O7*Q7)/100000000 -> 28.044826 | D7: RC BR | E7: 36 | F7: 1 | G7: 455 | H7: 0.12 | I7: 0.88 | J7: =E7*G7*(1-H7)*1440/1000000*3.4 -> 70.572902 | K7: =(IF(G7<L7,L7,G7)*(1-IF(H7<N7,H7,N7))*E7*O7*Q7)/100000000 -> 28.044826 | L7: 455 | M7: =+L7-L7*0.12 -> 400.4 | N7: =1-(M7/L7) -> 0.12 | O7: =+'Trim Rwd'!H6 -> 329.76471 | P7: =O7*(Q7-R7-S7) -> 192582.59 | Q7: 590 | R7: 0 | S7: 6 | T7: =E7*M7*O7*Q7/100000000 -> 28.044826 | U7: =E7*M7*O7*(Q7-R7-S7)/100000000 -> 27.759625 | V7: =E7*G7*(1-N7)*O7/100*(R7+S7)/1000000 -> 0.28520162 | W7: =+'1'!K8/1000 -> 26.447 | AC7: =K7-T7 -> 0 | AD7: =+AM7+BA7 -> 6 | AE7: - Change Blade (3x) | AG7: 6 | AM7: =SUM(AF7:AL7)+AT7+AV7+AX7 -> 6 | AR7: =SUM(AN7:AQ7) -> 0 | BA7: =+AR7+AS7+AU7+AW7+AY7+AZ7 -> 0 | BC7: 3
AD8: =+AM8+BA8 -> 9 | AE8: - Cleaning | AH8: 9 | AM8: =SUM(AF8:AL8)+AT8+AV8+AX8 -> 9 | AR8: =SUM(AN8:AQ8) -> 0 | BA8: =+AR8+AS8+AU8+AW8+AY8+AZ8 -> 0
A10: 45871 | B10: Towel | C10: =(M10*E10*O10*Q10)/100000000 -> 9.4846752 | D10: RC BR | E10: 36 | F10: 1 | G10: 455 | H10: 0.12 | I10: 0.88 | J10: =E10*G10*(1-H10)*1440/1000000*3.4 -> 70.572902 | K10: =(IF(G10<L10,L10,G10)*(1-IF(H10<N10,H10,N10))*E10*O10*Q10)/100000000 -> 9.4846752 | L10: 455 | M10: =+L10-L10*0.12 -> 400.4 | N10: =1-(M10/L10) -> 0.12 | O10: =+'Trim Rwd'!H9 -> 329 | P10: =O10*(Q10-R10-S10) -> 62510 | Q10: 200 | R10: 0 | S10: 10 | T10: =E10*M10*O10*Q10/100000000 -> 9.4846752 | U10: =E10*M10*O10*(Q10-R10-S10)/100000000 -> 9.0104414 | V10: =E10*G10*(1-N10)*O10/100*(R10+S10)/1000000 -> 0.47423376 | W10: =+'2'!K8/1000 -> 19.303 | X10: =SUM(W10:W14)/SUM(K10:K14) -> 1.0084007 | Y10: 0 | Z10: 0 | AA10: =SUM(U10:U14)-SUM(W10:W14)-SUM(Z10:Z14)-SUM(Y10:Y14) -> -6.9600844 | AB10: =(SUM(K10:K14)-SUM(W10:W14)-SUM(Y10:Y14)-SUM(Z10:Z14)-SUM(AC10:AC14)-SUM(V10:V14))-AA10 -> -0.09870048 | AC10: =K10-T10 -> 0 | AD10: =+AM10+BA10 -> 5 | AE10: - Sheet Breaks (2x) | AF10: 5 | AM10: =SUM(AF10:AL10)+AT10+AV10+AX10 -> 5 | AR10: =SUM(AN10:AQ10) -> 0 | BA10: =+AR10+AS10+AU10+AW10+AY10+AZ10 -> 0 | BB10: 2
B11: Towel | C11: =(M11*E11*O11*Q11)/100000000 -> 16.350682 | D11: RC BR | E11: 34 | F11: 1 | G11: 480 | H11: 0.12 | I11: 0.88 | J11: =E11*G11*(1-H11)*1440/1000000*3.4 -> 70.314394 | K11: =(IF(G11<L11,L11,G11)*(1-IF(H11<N11,H11,N11))*E11*O11*Q11)/100000000 -> 16.350682 | L11: 480 | M11: =+L11-L11*0.12 -> 422.4 | N11: =1-(M11/L11) -> 0.12 | O11: =+'Trim Rwd'!H10 -> 330 | P11: =O11*(Q11-R11-S11) -> 110550 | Q11: 345 | R11: 0 | S11: 10 | T11: =E11*M11*O11*Q11/100000000 -> 16.350682 | U11: =E11*M11*O11*(Q11-R11-S11)/100000000 -> 15.876749 | V11: =E11*G11*(1-N11)*O11/100*(R11+S11)/1000000 -> 0.4739328 | W11: =+'2'!K9/1000 -> 19.926 | Z11: 0 | AC11: =K11-T11 -> 0 | AD11: =+AM11+BA11 -> 10 | AE11: - Change Blade (5x) | AG11: 10 | AM11: =SUM(AF11:AL11)+AT11+AV11+AX11 -> 10 | AR11: =SUM(AN11:AQ11) -> 0 | BA11: =+AR11+AS11+AU11+AW11+AY11+AZ11 -> 0 | BC11: 5
B12: Towel | C12: =(M12*E12*O12*Q12)/100000000 -> 9.5629842 | D12: RC BR | E12: 30 | F12: 1 | G12: 545 | H12: 0.12 | I12: 0.88 | J12: =E12*G12*(1-H12)*1440/1000000*3.4 -> 70.443648 | K12: =(IF(G12<L12,L12,G12)*(1-IF(H12<N12,H12,N12))*E12*O12*Q12)/100000000 -> 9.5629842 | L12: 545 | M12: =+L12-L12*0.12 -> 479.6 | N12: =1-(M12/L12) -> 0.12 | O12: =+'Trim Rwd'!H11 -> 315 | P12: =O12*(Q12-R12-S12) -> 63315 | Q12: 211 | R12: 0 | S12: 10 | T12: =E12*M12*O12*Q12/100000000 -> 9.5629842 | U12: =E12*M12*O12*(Q12-R12-S12)/100000000 -> 9.1097622 | V12: =E12*G12*(1-N12)*O12/100*(R12+S12)/1000000 -> 0.453222 | W12: =+'2'!K10/1000 -> 11.017 | Z12: 0 | AC12: =K12-T12 -> 0 | AD12: =+AM12+BA12 -> 11 | AE12: - Cleaning | AH12: 11 | AM12: =SUM(AF12:AL12)+AT12+AV12+AX12 -> 11 | AR12: =SUM(AN12:AQ12) -> 0 | BA12: =+AR12+AS12+AU12+AW12+AY12+AZ12 -> 0
B13: Towel | C13: =(M13*E13*O13*Q13)/100000000 -> 20.161152 | D13: RC BR | E13: 20 | F13: 1 | G13: 830 | H13: 0.14 | I13: 0.88 | J13: =E13*G13*(1-H13)*1440/1000000*3.4 -> 69.895296 | K13: =(IF(G13<L13,L13,G13)*(1-IF(H13<N13,H13,N13))*E13*O13*Q13)/100000000 -> 20.917195 | L13: 800 | M13: 688 | N13: =1-(M13/L13) -> 0.14 | O13: =+'Trim Rwd'!H12 -> 330 | P13: =O13*(Q13-R13-S13) -> 128370 | Q13: 444 | R13: 50 | S13: 5 | T13: =E13*M13*O13*Q13/100000000 -> 20.161152 | U13: =E13*M13*O13*(Q13-R13-S13)/100000000 -> 17.663712 | V13: =E13*G13*(1-N13)*O13/100*(R13+S13)/1000000 -> 2.591094 | W13: =+'2'!K11/1000 -> 13.885 | Z13: =+'2'!D18/1000 -> 0.4 | AC13: =K13-T13 -> 0.7560432 | AD13: =+AM13+BA13 -> 12 | AE13: - Change Grade | AI13: 12 | AM13: =SUM(AF13:AL13)+AT13+AV13+AX13 -> 12 | AR13: =SUM(AN13:AQ13) -> 0 | BA13: =+AR13+AS13+AU13+AW13+AY13+AZ13 -> 0
B14: Napkin | C14: =(M14*E14*O14*Q14)/100000000 -> 10.765824 | D14: RC BR | E14: 20 | F14: 1 | G14: 830 | H14: 0.14 | I14: 0.88 | J14: =E14*G14*(1-H14)*1440/1000000*3.4 -> 69.895296 | K14: =(IF(G14<L14,L14,G14)*(1-IF(H14<N14,H14,N14))*E14*O14*Q14)/100000000 -> 11.169542 | L14: 800 | M14: 688 | N14: =1-(M14/L14) -> 0.14 | O14: =+'Trim Rwd'!H13 -> 326 | P14: =O14*(Q14-R14-S14) -> 77262 | Q14: 240 | R14: 0 | S14: 3 | T14: =E14*M14*O14*Q14/100000000 -> 10.765824 | U14: =E14*M14*O14*(Q14-R14-S14)/100000000 -> 10.631251 | V14: =E14*G14*(1-N14)*O14/100*(R14+S14)/1000000 -> 0.13961928 | W14: =+'2'!K12/1000 -> 3.921 | Z14: =+'2'!D26/1000 -> 0.8 | AC14: =K14-T14 -> 0.4037184 | AD14: =+AM14+BA14 -> 50 | AE14: - 22.45 PM trip (all drive alarm) | AM14: =SUM(AF14:AL14)+AT14+AV14+AX14 -> 0 | AP14: 50 | AR14: =SUM(AN14:AQ14) -> 50 | BA14: =+AR14+AS14+AU14+AW14+AY14+AZ14 -> 50
A16: 45872 | B16: Napkin | C16: =(M16*E16*O16*Q16)/100000000 -> 4.037184 | D16: RC BR | E16: 20 | F16: 1 | G16: 830 | H16: 0.14 | I16: 0.88 | J16: =E16*G16*(1-H16)*1440/1000000*3.4 -> 69.895296 | K16: =(IF(G16<L16,L16,G16)*(1-IF(H16<N16,H16,N16))*E16*O16*Q16)/100000000 -> 4.1885784 | L16: 800 | M16: 688 | N16: =1-(M16/L16) -> 0.14 | O16: =+'Trim Rwd'!H15 -> 326 | P16: =O16*(Q16-R16-S16) -> 28362 | Q16: 90 | R16: 0 | S16: 3 | T16: =E16*M16*O16*Q16/100000000 -> 4.037184 | U16: =E16*M16*O16*(Q16-R16-S16)/100000000 -> 3.9026112 | V16: =E16*G16*(1-N16)*O16/100*(R16+S16)/1000000 -> 0.13961928 | W16: =+'3'!K12/1000 -> 12.262 | X16: =SUM(W16:W19)/SUM(K16:K19) -> 0.9111034 | Y16: 0 | Z16: =+'3'!D7/1000 -> 0.85 | AA16: =SUM(U16:U19)-SUM(W16:W19)-SUM(Z16:Z19)-SUM(Y16:Y19) -> 1.1303348 | AB16: =(SUM(K16:K19)-SUM(W16:W19)-SUM(Y16:Y19)-SUM(Z16:Z19)-SUM(AC16:AC19)-SUM(V16:V19))-AA16 -> -0.035482095 | AC16: =K16-T16 -> 0.1513944 | AD16: =+AM16+BA16 -> 3 | AE16: - Sheet Breaks (2x) | AF16: 3 | AM16: =SUM(AF16:AL16)+AT16+AV16+AX16 -> 3 | AR16: =SUM(AN16:AQ16) -> 0 | BA16: =+AR16+AS16+AU16+AW16+AY16+AZ16 -> 0 | BB16: 2
B17: Napkin | C17: =(M17*E17*O17*Q17)/100000000 -> 52.17534 | D17: RC BR | E17: 17.5 | F17: 1 | G17: 830 | H17: 0.14 | I17: 0.88 | J17: =E17*G17*(1-H17)*1440/1000000*3.4 -> 61.158384 | K17: =(IF(G17<L17,L17,G17)*(1-IF(H17<N17,H17,N17))*E17*O17*Q17)/100000000 -> 54.131915 | L17: 800 | M17: 688 | N17: =1-(M17/L17) -> 0.14 | O17: =+'Trim Rwd'!H16 -> 321 | P17: =O17*(Q17-R17-S17) -> 426609 | Q17: 1350 | R17: 0 | S17: 21 | T17: =E17*M17*O17*Q17/100000000 -> 52.17534 | U17: =E17*M17*O17*(Q17-R17-S17)/100000000 -> 51.363724 | V17: =E17*G17*(1-N17)*O17/100*(R17+S17)/1000000 -> 0.84205201 | W17: =+'3'!K13/1000 -> 40.874 | Z17: =+'3'!D16/1000 -> 0.15 | AC17: =K17-T17 -> 1.9565753 | AD17: =+AM17+BA17 -> 11 | AE17: - Change Blade (6x) | AG17: 11 | AM17: =SUM(AF17:AL17)+AT17+AV17+AX17 -> 11 | AR17: =SUM(AN17:AQ17) -> 0 | BA17: =+AR17+AS17+AU17+AW17+AY17+AZ17 -> 0 | BC17: 6
AD18: =+AM18+BA18 -> 10 | AE18: - Cleaning | AH18: 10 | AM18: =SUM(AF18:AL18)+AT18+AV18+AX18 -> 10 | AR18: =SUM(AN18:AQ18) -> 0 | BA18: =+AR18+AS18+AU18+AW18+AY18+AZ18 -> 0
A20: 45873 | B20: Napkin | C20: =(M20*E20*O20*Q20)/100000000 -> 17.005296 | D20: RC BR | E20: 17.5 | F20: 1 | G20: 830 | H20: 0.14 | I20: 0.88 | J20: =E20*G20*(1-H20)*1440/1000000*3.4 -> 61.158384 | K20: =(IF(G20<L20,L20,G20)*(1-IF(H20<N20,H20,N20))*E20*O20*Q20)/100000000 -> 17.642995 | L20: 800 | M20: 688 | N20: =1-(M20/L20) -> 0.14 | O20: =+'Trim Rwd'!H18 -> 321 | P20: =O20*(Q20-R20-S20) -> 130005 | Q20: 440 | R20: 0 | S20: 35 | T20: =E20*M20*O20*Q20/100000000 -> 17.005296 | U20: =E20*M20*O20*(Q20-R20-S20)/100000000 -> 15.652602 | V20: =E20*G20*(1-N20)*O20/100*(R20+S20)/1000000 -> 1.40342 | W20: =+'4'!K13/1000 -> 21.014 | X20: =SUM(W20:W23)/SUM(K20:K23) -> 0.80052628 | Y20: 0 | Z20: =+'4'!D7/1000 -> 0.3 | AA20: =SUM(U20:U23)-SUM(W20:W23)-SUM(Z20:Z23)-SUM(Y20:Y23) -> 4.8308036 | AB20: =(SUM(K20:K23)-SUM(W20:W23)-SUM(Y20:Y23)-SUM(Z20:Z23)-SUM(AC20:AC23)-SUM(V20:V23))-AA20 -> -0.11594843 | AC20: =K20-T20 -> 0.6376986 | AD20: =+AM20+BA20 -> 35 | AE20: - Sheet Breaks (14x) | AF20: 35 | AM20: =SUM(AF20:AL20)+AT20+AV20+AX20 -> 35 | AR20: =SUM(AN20:AQ20) -> 0 | BA20: =+AR20+AS20+AU20+AW20+AY20+AZ20 -> 0 | BB20: 14
B21: Napkin | C21: =(M21*E21*O21*Q21)/100000000 -> 33.741722 | D21: RC BR | E21: 16 | F21: 1 | G21: 830 | H21: 0.14 | I21: 0.88 | J21: =E21*G21*(1-H21)*1440/1000000*3.4 -> 55.916237 | K21: =(IF(G21<L21,L21,G21)*(1-IF(H21<N21,H21,N21))*E21*O21*Q21)/100000000 -> 35.007036 | L21: 800 | M21: 688 | N21: =1-(M21/L21) -> 0.14 | O21: =+'Trim Rwd'!H19 -> 316 | P21: =O21*(Q21-R21-S21) -> 290720 | Q21: 970 | R21: 0 | S21: 50 | T21: =E21*M21*O21*Q21/100000000 -> 33.741722 | U21: =E21*M21*O21*(Q21-R21-S21)/100000000 -> 32.002458 | V21: =E21*G21*(1-N21)*O21/100*(R21+S21)/1000000 -> 1.8044864 | W21: =+'4'!K14/1000 -> 21.984 | Z21: =+('4'!D17+'4'!D25)/1000 -> 0.55 | AC21: =K21-T21 -> 1.2653146 | AD21: =+AM21+BA21 -> 22 | AE21: - Change Blade (9x) | AG21: 22 | AM21: =SUM(AF21:AL21)+AT21+AV21+AX21 -> 22 | AR21: =SUM(AN21:AQ21) -> 0 | BA21: =+AR21+AS21+AU21+AW21+AY21+AZ21 -> 0 | BC21: 9
B22: Napkin | C22: =(M22*E22*O22*Q22)/100000000 -> 1.023744 | D22: RC BR | E22: 15.5 | F22: 1 | G22: 830 | H22: 0.14 | I22: 0.88 | J22: =E22*G22*(1-H22)*1440/1000000*3.4 -> 54.168854 | K22: =(IF(G22<L22,L22,G22)*(1-IF(H22<N22,H22,N22))*E22*O22*Q22)/100000000 -> 1.0621344 | L22: 800 | M22: 688 | N22: =1-(M22/L22) -> 0.14 | O22: =+'Trim Rwd'!H20 -> 320 | P22: =O22*(Q22-R22-S22) -> 9600 | Q22: 30 | R22: 0 | S22: 0 | T22: =E22*M22*O22*Q22/100000000 -> 1.023744 | U22: =E22*M22*O22*(Q22-R22-S22)/100000000 -> 1.023744 | V22: =E22*G22*(1-N22)*O22/100*(R22+S22)/1000000 -> 0 | W22: =+'4'!K15/1000 -> 0 | AC22: =K22-T22 -> 0.0383904 | AD22: =+AM22+BA22 -> 25 | AE22: - Cleaning | AH22: 25 | AM22: =SUM(AF22:AL22)+AT22+AV22+AX22 -> 25 | AR22: =SUM(AN22:AQ22) -> 0 | BA22: =+AR22+AS22+AU22+AW22+AY22+AZ22 -> 0
AC23: =K23-T23 -> 0 | AD23: =+AM23+BA23 -> 3 | AE23: - Change Grade | AI23: 3 | AM23: =SUM(AF23:AL23)+AT23+AV23+AX23 -> 3 | AR23: =SUM(AN23:AQ23) -> 0 | BA23: =+AR23+AS23+AU23+AW23+AY23+AZ23 -> 0
A25: 45874 | B25: Napkin | C25: =(M25*E25*O25*Q25)/100000000 -> 4.1742336 | D25: RC BR | E25: 16 | F25: 1 | G25: 830 | H25: 0.14 | I25: 0.88 | J25: =E25*G25*(1-H25)*1440/1000000*3.4 -> 55.916237 | K25: =(IF(G25<L25,L25,G25)*(1-IF(H25<N25,H25,N25))*E25*O25*Q25)/100000000 -> 4.3307674 | L25: 800 | M25: 688 | N25: =1-(M25/L25) -> 0.14 | O25: =+'Trim Rwd'!H22 -> 316 | P25: =O25*(Q25-R25-S25) -> 31600 | Q25: =1376-1256 -> 120 | R25: =1256-1256 -> 0 | S25: 20 | T25: =E25*M25*O25*Q25/100000000 -> 4.1742336 | U25: =E25*M25*O25*(Q25-R25-S25)/100000000 -> 3.478528 | V25: =E25*G25*(1-N25)*O25/100*(R25+S25)/1000000 -> 0.72179456 | W25: =+'5'!K14/1000 -> 2.374 | X25: =SUM(W25:W28)/SUM(K25:K28) -> 0.34593654 | Y25: 0 | Z25: =+'5'!D14/1000 -> 0.436 | AA25: =SUM(U25:U28)-SUM(W25:W28)-SUM(Z25:Z28)-SUM(Y25:Y28) -> 2.8037498 | AB25: =(SUM(K25:K28)-SUM(W25:W28)-SUM(Y25:Y28)-SUM(Z25:Z28)-SUM(AC25:AC28)-SUM(V25:V28))-AA25 -> -0.02608896 | AC25: =K25-T25 -> 0.15653376 | AD25: =+AM25+BA25 -> 0 | AE25: - Sheet Breaks (0x) | AF25: 0 | AM25: =SUM(AF25:AL25)+AT25+AV25+AX25 -> 0 | AR25: =SUM(AN25:AQ25) -> 0 | BA25: =+AR25+AS25+AU25+AW25+AY25+AZ25 -> 0 | BB25: 0
B26: Napkin | C26: =(M26*E26*O26*Q26)/100000000 -> 2.1352218 | D26: MIX BR | E26: 17 | F26: 1 | G26: 830 | H26: 0.14 | I26: 0.88 | J26: =E26*G26*(1-H26)*1440/1000000*3.4 -> 59.411002 | K26: =(IF(G26<L26,L26,G26)*(1-IF(H26<N26,H26,N26))*E26*O26*Q26)/100000000 -> 2.5317629 | L26: 700 | M26: 602 | N26: =1-(M26/L26) -> 0.14 | O26: =+'Trim Rwd'!H23 -> 326 | P26: =O26*(Q26-R26-S26) -> 20864 | Q26: 64 | R26: 0 | S26: 0 | T26: =E26*M26*O26*Q26/100000000 -> 2.1352218 | U26: =E26*M26*O26*(Q26-R26-S26)/100000000 -> 2.1352218 | V26: =E26*G26*(1-N26)*O26/100*(R26+S26)/1000000 -> 0 | W26: =+'5'!K16/1000 -> 0 | AC26: =K26-T26 -> 0.39654118 | AD26: =+AM26+BA26 -> 10 | AE26: - Change Blade (2x) | AG26: 10 | AM26: =SUM(AF26:AL26)+AT26+AV26+AX26 -> 10 | AR26: =SUM(AN26:AQ26) -> 0 | BA26: =+AR26+AS26+AU26+AW26+AY26+AZ26 -> 0 | BC26: 2
AD27: =+AM27+BA27 -> 10 | AE27: - Cleaning | AH27: 10 | AM27: =SUM(AF27:AL27)+AT27+AV27+AX27 -> 10 | AR27: =SUM(AN27:AQ27) -> 0 | BA27: =+AR27+AS27+AU27+AW27+AY27+AZ27 -> 0
AD28: =+AM28+BA28 -> 0 | AE28: - PM Stop cuci, ganti grade | AM28: =SUM(AF28:AL28)+AT28+AV28+AX28 -> 0 | AR28: =SUM(AN28:AQ28) -> 0 | AU28: =1256-1256 -> 0 | BA28: =+AR28+AS28+AU28+AW28+AY28+AZ28 -> 0
A30: 45875 | B30: Napkin | C30: =(M30*E30*O30*Q30)/100000000 -> 15.026436 | D30: VP OW | E30: 17 | F30: 1 | G30: 830 | H30: 0.14 | I30: 0.88 | J30: =E30*G30*(1-H30)*1440/1000000*3.4 -> 59.411002 | K30: =(IF(G30<L30,L30,G30)*(1-IF(H30<N30,H30,N30))*E30*O30*Q30)/100000000 -> 17.81706 | L30: 700 | M30: 602 | N30: =1-(M30/L30) -> 0.14 | O30: =+'Trim Rwd'!H25 -> 326.28571 | P30: =O30*(Q30-R30-S30) -> 133777.14 | Q30: =600-150 -> 450 | R30: 0 | S30: =190-150 -> 40 | T30: =E30*M30*O30*Q30/100000000 -> 15.026436 | U30: =E30*M30*O30*(Q30-R30-S30)/100000000 -> 13.690753 | V30: =E30*G30*(1-N30)*O30/100*(R30+S30)/1000000 -> 1.5837387 | W30: =+'6'!K16/1000 -> 14.37 | X30: =SUM(W30:W33)/SUM(K30:K33) -> 0.67266853 | Y30: 0 | Z30: 0 | AA30: =SUM(U30:U33)-SUM(W30:W33)-SUM(Z30:Z33)-SUM(Y30:Y33) -> 8.0035688 | AB30: =(SUM(K30:K33)-SUM(W30:W33)-SUM(Y30:Y33)-SUM(Z30:Z33)-SUM(AC30:AC33)-SUM(V30:V33))-AA30 -> -0.35909183 | AC30: =K30-T30 -> 2.7906238 | AD30: =+AM30+BA30 -> 10 | AE30: - Sheet Breaks (2x) | AF30: 10 | AM30: =SUM(AF30:AL30)+AT30+AV30+AX30 -> 10 | AR30: =SUM(AN30:AQ30) -> 0 | BA30: =+AR30+AS30+AU30+AW30+AY30+AZ30 -> 0 | BB30: 2
B31: Napkin | C31: =(M31*E31*O31*Q31)/100000000 -> 29.582784 | D31: VP OW | E31: 16 | F31: 1 | G31: 830 | H31: 0.15 | I31: 0.88 | J31: =E31*G31*(1-H31)*1440/1000000*3.4 -> 55.266048 | K31: =(IF(G31<L31,L31,G31)*(1-IF(H31<N31,H31,N31))*E31*O31*Q31)/100000000 -> 31.290336 | L31: 785 | M31: 667 | N31: =1-(M31/L31) -> 0.15031847 | O31: =+'Trim Rwd'!H27 -> 330 | P31: =O31*(Q31-R31-S31) -> 259050 | Q31: 840 | R31: 0 | S31: =40+15 -> 55 | T31: =E31*M31*O31*Q31/100000000 -> 29.582784 | U31: =E31*M31*O31*(Q31-R31-S31)/100000000 -> 27.645816 | V31: =E31*G31*(1-N31)*O31/100*(R31+S31)/1000000 -> 2.0480044 | W31: =+'6'!K17/1000 -> 18.663 | Z31: =+'6'!D17/1000 -> 0.3 | AC31: =K31-T31 -> 1.707552 | AD31: =+AM31+BA31 -> 30 | AE31: - Change Blade (6x) | AG31: 30 | AM31: =SUM(AF31:AL31)+AT31+AV31+AX31 -> 30 | AR31: =SUM(AN31:AQ31) -> 0 | BA31: =+AR31+AS31+AU31+AW31+AY31+AZ31 -> 0 | BC31: 6
AD32: =+AM32+BA32 -> 30 | AE32: - Cleaning | AH32: 30 | AM32: =SUM(AF32:AL32)+AT32+AV32+AX32 -> 30 | AR32: =SUM(AN32:AQ32) -> 0 | BA32: =+AR32+AS32+AU32+AW32+AY32+AZ32 -> 0
AD33: =+AM33+BA33 -> 10 | AE33: - Change Grade | AI33: 10 | AM33: =SUM(AF33:AL33)+AT33+AV33+AX33 -> 10 | AR33: =SUM(AN33:AQ33) -> 0 | BA33: =+AR33+AS33+AU33+AW33+AY33+AZ33 -> 0
AD34: =+AM34+BA34 -> 15 | AE34: - 01.20 pm putus2, headbox meletus, adjust lips headbox | AF34: 15 | AM34: =SUM(AF34:AL34)+AT34+AV34+AX34 -> 15 | AR34: =SUM(AN34:AQ34) -> 0 | BA34: =+AR34+AS34+AU34+AW34+AY34+AZ34 -> 0
AD35: =+AM35+BA35 -> 0 | AE35: - 07:00 - 09:30 jumbo baru ACC Cvt | AM35: =SUM(AF35:AL35)+AT35+AV35+AX35 -> 0 | AR35: =SUM(AN35:AQ35) -> 0 | AT35: =150-150 -> 0 | BA35: =+AR35+AS35+AU35+AW35+AY35+AZ35 -> 0
A37: 45876 | B37: Napkin | C37: =(M37*E37*O37*Q37)/100000000 -> 36.940608 | D37: VP OW | E37: 16 | F37: 1 | G37: 830 | H37: 0.14 | I37: 0.88 | J37: =E37*G37*(1-H37)*1440/1000000*3.4 -> 55.916237 | K37: =(IF(G37<L37,L37,G37)*(1-IF(H37<N37,H37,N37))*E37*O37*Q37)/100000000 -> 37.254805 | L37: 823 | M37: 708 | N37: =1-(M37/L37) -> 0.13973269 | O37: =+'Trim Rwd'!H29 -> 326.1 | P37: =O37*(Q37-R37-S37) -> 174463.5 | Q37: =560+440 -> 1000 | R37: 440 | S37: 25 | T37: =E37*M37*O37*Q37/100000000 -> 36.940608 | U37: =E37*M37*O37*(Q37-R37-S37)/100000000 -> 19.763225 | V37: =E37*G37*(1-N37)*O37/100*(R37+S37)/1000000 -> 17.323484 | W37: =+'7'!K17/1000 -> 19.511 | X37: =SUM(W37:W40)/SUM(K37:K40) -> 0.55646884 | Y37: 0 | Z37: =+'7'!D16/1000 -> 0.705 | AA37: =SUM(U37:U40)-SUM(W37:W40)-SUM(Z37:Z40)-SUM(Y37:Y40) -> 4.1242145 | AB37: =(SUM(K37:K40)-SUM(W37:W40)-SUM(Y37:Y40)-SUM(Z37:Z40)-SUM(AC37:AC40)-SUM(V37:V40))-AA37 -> -0.14610168 | AC37: =K37-T37 -> 0.31419715 | AD37: =+AM37+BA37 -> 13 | AE37: - Sheet Breaks (4x) | AF37: 13 | AM37: =SUM(AF37:AL37)+AT37+AV37+AX37 -> 13 | AR37: =SUM(AN37:AQ37) -> 0 | BA37: =+AR37+AS37+AU37+AW37+AY37+AZ37 -> 0 | BB37: 4
B38: Napkin | C38: =(M38*E38*O38*Q38)/100000000 -> 19.312603 | D38: VP OW | E38: 19 | F38: 1 | G38: 830 | H38: 0.15 | I38: 0.88 | J38: =E38*G38*(1-H38)*1440/1000000*3.4 -> 65.628432 | K38: =(IF(G38<L38,L38,G38)*(1-IF(H38<N38,H38,N38))*E38*O38*Q38)/100000000 -> 19.312603 | L38: 830 | M38: 713 | N38: =1-(M38/L38) -> 0.14096386 | O38: =+'Trim Rwd'!H31 -> 324 | P38: =O38*(Q38-R38-S38) -> 126360 | Q38: 440 | R38: 0 | S38: 50 | T38: =E38*M38*O38*Q38/100000000 -> 19.312603 | U38: =E38*M38*O38*(Q38-R38-S38)/100000000 -> 17.117989 | V38: =E38*G38*(1-N38)*O38/100*(R38+S38)/1000000 -> 2.194614 | W38: =+'7'!K18/1000 -> 11.967 | Z38: =+'7'!D25/1000 -> 0.574 | AC38: =K38-T38 -> 0 | AD38: =+AM38+BA38 -> 25 | AE38: - Change Blade (4x) | AG38: 25 | AM38: =SUM(AF38:AL38)+AT38+AV38+AX38 -> 25 | AR38: =SUM(AN38:AQ38) -> 0 | BA38: =+AR38+AS38+AU38+AW38+AY38+AZ38 -> 0 | BC38: 4
AD39: =+AM39+BA39 -> 37 | AE39: - Cleaning | AH39: 37 | AM39: =SUM(AF39:AL39)+AT39+AV39+AX39 -> 37 | AR39: =SUM(AN39:AQ39) -> 0 | BA39: =+AR39+AS39+AU39+AW39+AY39+AZ39 -> 0
AD40: =+AM40+BA40 -> 440 | AE40: - 16.20 PM stock off, formasi tiba-tiba jelek (speed wire dilapangan turun sendiri), cek EID | AM40: =SUM(AF40:AL40)+AT40+AV40+AX40 -> 0 | AP40: 440 | AR40: =SUM(AN40:AQ40) -> 440 | BA40: =+AR40+AS40+AU40+AW40+AY40+AZ40 -> 440
A42: 45877 | B42: Napkin | C42: =(M42*E42*O42*Q42)/100000000 -> 10.545967 | D42: VP OW | E42: 19 | F42: 1 | G42: 830 | H42: 0.15 | I42: 0.88 | J42: =E42*G42*(1-H42)*1440/1000000*3.4 -> 65.628432 | K42: =(IF(G42<L42,L42,G42)*(1-IF(H42<N42,H42,N42))*E42*O42*Q42)/100000000 -> 10.545967 | L42: 830 | M42: 713.8 | N42: =1-(M42/L42) -> 0.14 | O42: =+'Trim Rwd'!H33 -> 324 | P42: =O42*(Q42-R42-S42) -> 73224 | Q42: 240 | R42: 0 | S42: 14 | T42: =E42*M42*O42*Q42/100000000 -> 10.545967 | U42: =E42*M42*O42*(Q42-R42-S42)/100000000 -> 9.9307853 | V42: =E42*G42*(1-N42)*O42/100*(R42+S42)/1000000 -> 0.61518139 | W42: =+'8'!K18/1000 -> 12.082 | X42: =SUM(W42:W45)/SUM(K42:K45) -> 0.86040661 | Y42: 0 | Z42: 0 | AA42: =SUM(U42:U45)-SUM(W42:W45)-SUM(Z42:Z45)-SUM(Y42:Y45) -> 2.7662413 | AB42: =(SUM(K42:K45)-SUM(W42:W45)-SUM(Y42:Y45)-SUM(Z42:Z45)-SUM(AC42:AC45)-SUM(V42:V45))-AA42 -> -0.160218 | AC42: =K42-T42 -> 0 | AD42: =+AM42+BA42 -> 30 | AE42: - Sheet Breaks (7x) | AF42: 30 | AM42: =SUM(AF42:AL42)+AT42+AV42+AX42 -> 30 | AR42: =SUM(AN42:AQ42) -> 0 | BA42: =+AR42+AS42+AU42+AW42+AY42+AZ42 -> 0 | BB42: 4
