Workbook

Sheet Report1
A3: PAPER MACHINE 12 DAILY REPORT 1
A6: DATE | B6: GRADE | C6: GSM | D6: Speed yankee (mpm) | E6: Speed reel (mpm) | F6: Creep ( % ) | G6: Real Eff PM ( % ) | H6: Real Eff PM vs Target (%) | I6: Real Eff FG vs Real Eff PM (%) | J6: Eff FG vs Target (%) | L6: Kapasitas Target (ton) | N6: Kapasitas Teori Real (ton) | P6: PM PROD Timbangan (TON) | R6: FINSHED GOODS (TON) | T6: NET GROSS (Timbangan) (%) | V6: NET GROSS ( Scanner) (%) | X6: FRESH WATER | AB6: GAS HOOD | AH6: STEAM (TON) | AN6: STEAM (TON) DEINKING | AT6: POWER (kWh) | AZ6: POWER (kWh) DEINKING | BF6: Report | BH6: Kapasitas Running (ton) | BJ6: Eff FG vs Target Running(%)
X7: CONSUMPTION | Z7: /TON FG. | AB7: CONSUMPTION | AD7: /TON PM. | AF7: /TON FG. | AH7: CONSUMPTION | AJ7: /TON PM. | AL7: /TON FG. | AN7: CONSUMPTION | AP7: /TON PM. | AR7: /TON FG. | AT7: CONSUMPTION | AV7: /TON PM | AX7: /TON FG | AZ7: CONSUMPTION | BB7: /TON PM | BD7: /TON FG | BF7: Hood | BG7: Yankee
J8: TODAY | K8: TODATE | L8: TODAY | M8: TODATE | N8: TODAY | O8: TODATE | P8: TODAY | Q8: TODATE | R8: TODAY | S8: TODATE | T8: TODAY | U8: TODATE | V8: TODAY | W8: TODATE | X8: TODAY | Y8: TODATE | Z8: TODAY | AA8: TODATE | AB8: TODAY | AC8: TODATE | AD8: TODAY | AE8: TODATE | AF8: TODAY | AG8: TODATE | AH8: TODAY | AI8: TODATE | AJ8: TODAY | AK8: TODATE | AL8: TODAY | AM8: TODATE | AN8: TODAY | AO8: TODATE | AP8: TODAY | AQ8: TODATE | AR8: TODAY | AS8: TODATE | AT8: TODAY | AU8: TODATE | AV8: TODAY | AW8: TODATE | AX8: TODAY | AY8: TODATE | AZ8: TODAY | BA8: TODATE | BB8: TODAY | BC8: TODATE | BD8: TODAY | BE8: TODATE | BH8: TODAY | BI8: TODATE | BJ8: TODAY | BK8: TODATE
A9: 45901 | B9: Towel/KTW | C9: 35,5/34/17 | D9: =+'1'!F42 -> 545.41667 | E9: =+'1'!G42 -> 479.96667 | F9: =1-(E9/D9) -> 0.12 | G9: =+P9/N9 -> 0.98199703 | H9: =+P9/L9 -> 0.98199703 | I9: =+R9/P9 -> 1.0012564 | J9: =+R9/L9 -> 0.98323083 | K9: =+S9/M9 -> 0.98323083 | L9: =+SUM(Efficiency1!K6:K8) -> 74.566417 | M9: =L9 -> 74.566417 | N9: =+SUM(Efficiency1!C6:C8) -> 74.566417 | O9: =N9 -> 74.566417 | P9: ='1'!I38 -> 73.224 | Q9: =P9 -> 73.224 | R9: ='1'!I40 -> 73.316 | S9: =R9 -> 73.316 | T9: =R9/P9 -> 1.0012564 | U9: =S9/Q9 -> 1.0012564 | V9: =R9/L9 -> 0.98323083 | W9: =S9/M9 -> 0.98323083 | AB9: 0 | AC9: =AB9 -> 0 | AD9: =AB9/P9 -> 0 | AE9: =AC9/Q9 -> 0 | AF9: =IF(AND(R9>0,AB9>0),(AB9/(R9*1000))*1000,0) -> 0 | AG9: =IF(AND(S9>0,AC9>0),AC9/S9,0) -> 0 | AH9: =+BF9+BG9 -> 136.698 | AI9: =AH9 -> 136.698 | AJ9: =AH9/(P9) -> 1.8668469 | AK9: =AI9/(Q9) -> 1.8668469 | AL9: =IF(AND(R9>0,AH9>0),AH9/(R9),0) -> 1.8645043 | AM9: =IF(AND(S9>0,AI9>0),AI9/(S9),0) -> 1.8645043 | AN9: 18 | AO9: =AN9 -> 18 | AP9: =AN9/(P9) -> 0.24582104 | AQ9: =AO9/(Q9) -> 0.24582104 | AR9: =IF(AND(R9>0,AN9>0),AN9/(R9),0) -> 0.24551258 | AS9: =IF(AND(S9>0,AO9>0),AO9/(S9),0) -> 0.24551258 | AT9: ='1'!I46 -> 31655 | AU9: =AT9 -> 31655 | AV9: =IF(AND(L9>0,AT9>0),(AT9/(P9*1000)*1000),0) -> 432.30362 | AW9: =IF(AND(M9>0,AU9>0),(AU9/(Q9*1000)*1000),0) -> 432.30362 | AX9: =IF(AND(R9>0,AT9>0),(AT9/(R9*1000)*1000),0) -> 431.76114 | AY9: =IF(AND(S9>0,AU9>0),(AU9/(S9*1000)*1000),0) -> 431.76114 | AZ9: =+Listrik!AH8 -> 31993 | BA9: =AZ9 -> 31993 | BB9: =IF(AND(L9>0,AZ9>0),(AZ9/(P9*1000)*1000),0) -> 436.91959 | BC9: =IF(AND(M9>0,BA9>0),(BA9/(Q9*1000)*1000),0) -> 436.91959 | BD9: =IF(AND(R9>0,AZ9>0),(AZ9/(R9*1000)*1000),0) -> 436.37132 | BE9: =IF(AND(S9>0,BA9>0),(BA9/(S9*1000)*1000),0) -> 436.37132 | BF9: =30.349 -> 30.349 | BG9: 106.349 | BH9: =+SUM(Efficiency2!K6:K8) -> 74.566417 | BI9: =BH9 -> 74.566417 | BJ9: =+R9/BH9 -> 0.98323083 | BK9: =+S9/BI9 -> 0.98323083
A10: =A9+1 -> 45902 | B10: KTW/Towel | C10: 17/31,5 | D10: =+'2'!F42 -> 694.375 | E10: =+'2'!G42 -> 611.05 | F10: =1-(E10/D10) -> 0.12 | G10: =+P10/N10 -> 0.96094104 | H10: =+P10/L10 -> 0.96094104 | I10: =+R10/P10 -> 0.99610287 | J10: =+R10/L10 -> 0.95719613 | K10: =+S10/M10 -> 0.97141642 | L10: =+SUM(Efficiency1!K11:K12) -> 61.950731 | M10: =M9+L10 -> 136.51715 | N10: =+SUM(Efficiency1!C11:C12) -> 61.950731 | O10: =O9+N10 -> 136.51715 | P10: ='2'!I38 -> 59.531 | Q10: =Q9+P10 -> 132.755 | R10: ='2'!I40 -> 59.299 | S10: =S9+R10 -> 132.615 | T10: =R10/P10 -> 0.99610287 | U10: =S10/Q10 -> 0.99894543 | V10: =R10/L10 -> 0.95719613 | W10: =S10/M10 -> 0.97141642 | AB10: 0 | AC10: =AB10+AC9 -> 0 | AD10: =AB10/P10 -> 0 | AE10: =AC10/Q10 -> 0 | AF10: =IF(AND(R10>0,AB10>0),(AB10/(R10*1000))*1000,0) -> 0 | AG10: =IF(AND(S10>0,AC10>0),AC10/S10,0) -> 0 | AH10: =+BF10+BG10 -> 106.594 | AI10: =AH10+AI9 -> 243.292 | AJ10: =AH10/(P10) -> 1.7905629 | AK10: =AI10/(Q10) -> 1.8326391 | AL10: =IF(AND(R10>0,AH10>0),AH10/(R10),0) -> 1.7975683 | AM10: =IF(AND(S10>0,AI10>0),AI10/(S10),0) -> 1.8345738 | AN10: 13.6 | AO10: =AN10+AO9 -> 31.6 | AP10: =AN10/(P10) -> 0.2284524 | AQ10: =AO10/(Q10) -> 0.23803247 | AR10: =IF(AND(R10>0,AN10>0),AN10/(R10),0) -> 0.22934619 | AS10: =IF(AND(S10>0,AO10>0),AO10/(S10),0) -> 0.23828375 | AT10: ='2'!I46 -> 36503.15 | AU10: =AT10+AU9 -> 68158.15 | AV10: =IF(AND(L10>0,AT10>0),(AT10/(P10*1000)*1000),0) -> 613.17885 | AW10: =IF(AND(M10>0,AU10>0),(AU10/(Q10*1000)*1000),0) -> 513.41305 | AX10: =IF(AND(R10>0,AT10>0),(AT10/(R10*1000)*1000),0) -> 615.57783 | AY10: =IF(AND(S10>0,AU10>0),(AU10/(S10*1000)*1000),0) -> 513.95506 | AZ10: =+Listrik!AH9 -> 23403 | BA10: =AZ10+BA9 -> 55396 | BB10: =IF(AND(L10>0,AZ10>0),(AZ10/(P10*1000)*1000),0) -> 393.12291 | BC10: =IF(AND(M10>0,BA10>0),(BA10/(Q10*1000)*1000),0) -> 417.27995 | BD10: =IF(AND(R10>0,AZ10>0),(AZ10/(R10*1000)*1000),0) -> 394.66096 | BE10: =IF(AND(S10>0,BA10>0),(BA10/(S10*1000)*1000),0) -> 417.72047 | BF10: =6.213 -> 6.213 | BG10: 100.381 | BH10: =+SUM(Efficiency2!K11:K12) -> 61.950731 | BI10: =BI9+BH10 -> 136.51715 | BJ10: =+R10/BH10 -> 0.95719613 | BK10: =+S10/BI10 -> 0.97141642
A11: =A10+1 -> 45903 | B11: Towel/Napkin | C11: 31,5/18/15,5 | D11: =+'3'!F42 -> 805.24306 | E11: =+'3'!G42 -> 693.33958 | F11: =1-(E11/D11) -> 0.13896857 | G11: =+P11/N11 -> 0.88341752 | H11: =+P11/L11 -> 0.88341752 | I11: =+R11/P11 -> 0.81543365 | J11: =+R11/L11 -> 0.72036837 | K11: =+S11/M11 -> 0.8973071 | L11: =+SUM(Efficiency1!K16:K18) -> 57.179079 | M11: =M10+L11 -> 193.69623 | N11: =+SUM(Efficiency1!C16:C18) -> 57.179079 | O11: =O10+N11 -> 193.69623 | P11: ='3'!I38 -> 50.513 | Q11: =Q10+P11 -> 183.268 | R11: ='3'!I40 -> 41.19 | S11: =S10+R11 -> 173.805 | T11: =R11/P11 -> 0.81543365 | U11: =S11/Q11 -> 0.94836524 | V11: =R11/L11 -> 0.72036837 | W11: =S11/M11 -> 0.8973071 | AB11: 0 | AC11: =AB11+AC10 -> 0 | AD11: =AB11/P11 -> 0 | AE11: =AC11/Q11 -> 0 | AF11: =IF(AND(R11>0,AB11>0),(AB11/(R11*1000))*1000,0) -> 0 | AG11: =IF(AND(S11>0,AC11>0),AC11/S11,0) -> 0 | AH11: =+BF11+BG11 -> 111.037 | AI11: =AH11+AI10 -> 354.329 | AJ11: =AH11/(P11) -> 2.1981866 | AK11: =AI11/(Q11) -> 1.9333926 | AL11: =IF(AND(R11>0,AH11>0),AH11/(R11),0) -> 2.6957271 | AM11: =IF(AND(S11>0,AI11>0),AI11/(S11),0) -> 2.0386583 | AN11: 16 | AO11: =AN11+AO10 -> 47.6 | AP11: =AN11/(P11) -> 0.31675014 | AQ11: =AO11/(Q11) -> 0.25972892 | AR11: =IF(AND(R11>0,AN11>0),AN11/(R11),0) -> 0.3884438 | AS11: =IF(AND(S11>0,AO11>0),AO11/(S11),0) -> 0.27387014 | AT11: ='3'!I46 -> 31786.35 | AU11: =AT11+AU10 -> 99944.5 | AV11: =IF(AND(L11>0,AT11>0),(AT11/(P11*1000)*1000),0) -> 629.27068 | AW11: =IF(AND(M11>0,AU11>0),(AU11/(Q11*1000)*1000),0) -> 545.34616 | AX11: =IF(AND(R11>0,AT11>0),(AT11/(R11*1000)*1000),0) -> 771.70066 | AY11: =IF(AND(S11>0,AU11>0),(AU11/(S11*1000)*1000),0) -> 575.03812 | AZ11: =+Listrik!AH10 -> 27173 | BA11: =AZ11+BA10 -> 82569 | BB11: =IF(AND(L11>0,AZ11>0),(AZ11/(P11*1000)*1000),0) -> 537.94073 | BC11: =IF(AND(M11>0,BA11>0),(BA11/(Q11*1000)*1000),0) -> 450.53692 | BD11: =IF(AND(R11>0,AZ11>0),(AZ11/(R11*1000)*1000),0) -> 659.69896 | BE11: =IF(AND(S11>0,BA11>0),(BA11/(S11*1000)*1000),0) -> 475.06689 | BF11: =9.29 -> 9.29 | BG11: 101.747 | BH11: =+SUM(Efficiency2!K16:K18) -> 48.487136 | BI11: =BI10+BH11 -> 185.00428 | BJ11: =+R11/BH11 -> 0.84950367 | BK11: =+S11/BI11 -> 0.93946473
A12: =A11+1 -> 45904 | B12: Napkin | C12: 15,5 | D12: =+'4'!F42 -> 830 | E12: =+'4'!G42 -> 713.8 | F12: =1-(E12/D12) -> 0.14 | G12: =+P12/N12 -> 0.91937615 | H12: =+P12/L12 -> 0.91937615 | I12: =+R12/P12 -> 0.98740592 | J12: =+R12/L12 -> 0.90779745 | K12: =+S12/M12 -> 0.89950372 | L12: =+Efficiency1!K22 -> 51.301092 | M12: =M11+L12 -> 244.99732 | N12: =+Efficiency1!C22 -> 51.301092 | O12: =O11+N12 -> 244.99732 | P12: ='4'!I38 -> 47.165 | Q12: =Q11+P12 -> 230.433 | R12: ='4'!I40 -> 46.571 | S12: =S11+R12 -> 220.376 | T12: =R12/P12 -> 0.98740592 | U12: =S12/Q12 -> 0.95635608 | V12: =R12/L12 -> 0.90779745 | W12: =S12/M12 -> 0.89950372 | AB12: 0 | AC12: =AB12+AC11 -> 0 | AD12: =AB12/P12 -> 0 | AE12: =AC12/Q12 -> 0 | AF12: =IF(AND(R12>0,AB12>0),(AB12/(R12*1000))*1000,0) -> 0 | AG12: =IF(AND(S12>0,AC12>0),AC12/S12,0) -> 0 | AH12: =+BF12+BG12 -> 110.163 | AI12: =AH12+AI11 -> 464.492 | AJ12: =AH12/(P12) -> 2.3356938 | AK12: =AI12/(Q12) -> 2.0157356 | AL12: =IF(AND(R12>0,AH12>0),AH12/(R12),0) -> 2.365485 | AM12: =IF(AND(S12>0,AI12>0),AI12/(S12),0) -> 2.107725 | AN12: 16.6 | AO12: =AN12+AO11 -> 64.2 | AP12: =AN12/(P12) -> 0.3519559 | AQ12: =AO12/(Q12) -> 0.27860593 | AR12: =IF(AND(R12>0,AN12>0),AN12/(R12),0) -> 0.356445 | AS12: =IF(AND(S12>0,AO12>0),AO12/(S12),0) -> 0.29132029 | AT12: ='4'!I46 -> 42990.48 | AU12: =AT12+AU11 -> 142934.98 | AV12: =IF(AND(L12>0,AT12>0),(AT12/(P12*1000)*1000),0) -> 911.49115 | AW12: =IF(AND(M12>0,AU12>0),(AU12/(Q12*1000)*1000),0) -> 620.28867 | AX12: =IF(AND(R12>0,AT12>0),(AT12/(R12*1000)*1000),0) -> 923.11696 | AY12: =IF(AND(S12>0,AU12>0),(AU12/(S12*1000)*1000),0) -> 648.59595 | AZ12: =+Listrik!AH11 -> 24030 | BA12: =AZ12+BA11 -> 106599 | BB12: =IF(AND(L12>0,AZ12>0),(AZ12/(P12*1000)*1000),0) -> 509.48797 | BC12: =IF(AND(M12>0,BA12>0),(BA12/(Q12*1000)*1000),0) -> 462.60301 | BD12: =IF(AND(R12>0,AZ12>0),(AZ12/(R12*1000)*1000),0) -> 515.98634 | BE12: =IF(AND(S12>0,BA12>0),(BA12/(S12*1000)*1000),0) -> 483.7142 | BF12: =2.204 -> 2.204 | BG12: 107.959 | BH12: =+Efficiency2!K22 -> 51.301092 | BI12: =BI11+BH12 -> 236.30538 | BJ12: =+R12/BH12 -> 0.90779745 | BK12: =+S12/BI12 -> 0.93258987
A13: =A12+1 -> 45905 | B13: Napkin | C13: 15,5 | D13: =+'5'!F42 -> 830 | E13: =+'5'!G42 -> 713.8 | F13: =1-(E13/D13) -> 0.14 | G13: =+P13/N13 -> 0.95001877 | H13: =+P13/L13 -> 0.95001877 | I13: =+R13/P13 -> 0.97747092 | J13: =+R13/L13 -> 0.92861572 | K13: =+S13/M13 -> 0.90454417 | L13: =+Efficiency1!K26 -> 51.301092 | M13: =M12+L13 -> 296.29841 | N13: =+Efficiency1!C26 -> 51.301092 | O13: =O12+N13 -> 296.29841 | P13: ='5'!I38 -> 48.737 | Q13: =Q12+P13 -> 279.17 | R13: ='5'!I40 -> 47.639 | S13: =S12+R13 -> 268.015 | T13: =R13/P13 -> 0.97747092 | U13: =S13/Q13 -> 0.96004227 | V13: =R13/L13 -> 0.92861572 | W13: =S13/M13 -> 0.90454417 | AB13: 0 | AC13: =AB13+AC12 -> 0 | AD13: =AB13/P13 -> 0 | AE13: =AC13/Q13 -> 0 | AF13: =IF(AND(R13>0,AB13>0),(AB13/(R13*1000))*1000,0) -> 0 | AG13: =IF(AND(S13>0,AC13>0),AC13/S13,0) -> 0 | AH13: =+BF13+BG13 -> 109.321 | AI13: =AH13+AI12 -> 573.813 | AJ13: =AH13/(P13) -> 2.2430802 | AK13: =AI13/(Q13) -> 2.055425 | AL13: =IF(AND(R13>0,AH13>0),AH13/(R13),0) -> 2.2947795 | AM13: =IF(AND(S13>0,AI13>0),AI13/(S13),0) -> 2.1409735 | AN13: 14.5 | AO13: =AN13+AO12 -> 78.7 | AP13: =AN13/(P13) -> 0.29751523 | AQ13: =AO13/(Q13) -> 0.28190708 | AR13: =IF(AND(R13>0,AN13>0),AN13/(R13),0) -> 0.30437247 | AS13: =IF(AND(S13>0,AO13>0),AO13/(S13),0) -> 0.29364028 | AT13: ='5'!I46 -> 37099.29 | AU13: =AT13+AU12 -> 180034.27 | AV13: =IF(AND(L13>0,AT13>0),(AT13/(P13*1000)*1000),0) -> 761.21407 | AW13: =IF(AND(M13>0,AU13>0),(AU13/(Q13*1000)*1000),0) -> 644.89118 | AX13: =IF(AND(R13>0,AT13>0),(AT13/(R13*1000)*1000),0) -> 778.75879 | AY13: =IF(AND(S13>0,AU13>0),(AU13/(S13*1000)*1000),0) -> 671.73207 | AZ13: =+Listrik!AH12 -> 21581 | BA13: =AZ13+BA12 -> 128180 | BB13: =IF(AND(L13>0,AZ13>0),(AZ13/(P13*1000)*1000),0) -> 442.80526 | BC13: =IF(AND(M13>0,BA13>0),(BA13/(Q13*1000)*1000),0) -> 459.14676 | BD13: =IF(AND(R13>0,AZ13>0),(AZ13/(R13*1000)*1000),0) -> 453.01119 | BE13: =IF(AND(S13>0,BA13>0),(BA13/(S13*1000)*1000),0) -> 478.25681 | BF13: =2.376 -> 2.376 | BG13: 106.945 | BH13: =+Efficiency2!K26 -> 51.301092 | BI13: =BI12+BH13 -> 287.60647 | BJ13: =+R13/BH13 -> 0.92861572 | BK13: =+S13/BI13 -> 0.93188099
A14: =A13+1 -> 45906 | B14: Napkin | C14: 15,5 | D14: =+'6'!F42 -> 830 | E14: =+'6'!G42 -> 713.8 | F14: =1-(E14/D14) -> 0.14 | G14: =+P14/N14 -> 0.93581558 | H14: =+P14/L14 -> 0.93581558 | I14: =+R14/P14 -> 0.99091531 | J14: =+R14/L14 -> 0.92731399 | K14: =+S14/M14 -> 0.9079169 | L14: =+Efficiency1!K30 -> 51.519766 | M14: =M13+L14 -> 347.81818 | N14: =+Efficiency1!C30 -> 51.519766 | O14: =O13+N14 -> 347.81818 | P14: ='6'!I38 -> 48.213 | Q14: =Q13+P14 -> 327.383 | R14: ='6'!I40 -> 47.775 | S14: =S13+R14 -> 315.79 | T14: =R14/P14 -> 0.99091531 | U14: =S14/Q14 -> 0.96458888 | V14: =R14/L14 -> 0.92731399 | W14: =S14/M14 -> 0.9079169 | AB14: 0 | AC14: =AB14+AC13 -> 0 | AD14: =AB14/P14 -> 0 | AE14: =AC14/Q14 -> 0 | AF14: =IF(AND(R14>0,AB14>0),(AB14/(R14*1000))*1000,0) -> 0 | AG14: =IF(AND(S14>0,AC14>0),AC14/S14,0) -> 0 | AH14: =+BF14+BG14 -> 109.851 | AI14: =AH14+AI13 -> 683.664 | AJ14: =AH14/(P14) -> 2.2784519 | AK14: =AI14/(Q14) -> 2.0882697 | AL14: =IF(AND(R14>0,AH14>0),AH14/(R14),0) -> 2.2993407 | AM14: =IF(AND(S14>0,AI14>0),AI14/(S14),0) -> 2.1649324 | AN14: 12.3 | AO14: =AN14+AO13 -> 91 | AP14: =AN14/(P14) -> 0.25511791 | AQ14: =AO14/(Q14) -> 0.2779619 | AR14: =IF(AND(R14>0,AN14>0),AN14/(R14),0) -> 0.25745683 | AS14: =IF(AND(S14>0,AO14>0),AO14/(S14),0) -> 0.28816619 | AT14: ='6'!I46 -> 34913.8 | AU14: =AT14+AU13 -> 214948.07 | AV14: =IF(AND(L14>0,AT14>0),(AT14/(P14*1000)*1000),0) -> 724.15738 | AW14: =IF(AND(M14>0,AU14>0),(AU14/(Q14*1000)*1000),0) -> 656.56454 | AX14: =IF(AND(R14>0,AT14>0),(AT14/(R14*1000)*1000),0) -> 730.79644 | AY14: =IF(AND(S14>0,AU14>0),(AU14/(S14*1000)*1000),0) -> 680.66775 | AZ14: =+Listrik!AH13 -> 18507 | BA14: =AZ14+BA13 -> 146687 | BB14: =IF(AND(L14>0,AZ14>0),(AZ14/(P14*1000)*1000),0) -> 383.85913 | BC14: =IF(AND(M14>0,BA14>0),(BA14/(Q14*1000)*1000),0) -> 448.05931 | BD14: =IF(AND(R14>0,AZ14>0),(AZ14/(R14*1000)*1000),0) -> 387.37834 | BE14: =IF(AND(S14>0,BA14>0),(BA14/(S14*1000)*1000),0) -> 464.50806 | BF14: =2.1 -> 2.1 | BG14: 107.751 | BH14: =+Efficiency2!K30 -> 51.519766 | BI14: =BI13+BH14 -> 339.12623 | BJ14: =+R14/BH14 -> 0.92731399 | BK14: =+S14/BI14 -> 0.93118718
A15: =A14+1 -> 45907 | B15: Napkin | C15: 16/16,5/17 | D15: =+'7'!F42 -> 830 | E15: =+'7'!G42 -> 713.8 | F15: =1-(E15/D15) -> 0.14 | G15: =+P15/N15 -> 0.89802477 | H15: =+P15/L15 -> 0.89802477 | I15: =+R15/P15 -> 0.82150335 | J15: =+R15/L15 -> 0.73773035 | K15: =+S15/M15 -> 0.88495401 | L15: =+SUM(Efficiency1!K35:K37) -> 54.250174 | M15: =M14+L15 -> 402.06835 | N15: =+SUM(Efficiency1!C35:C37) -> 54.250174 | O15: =O14+N15 -> 402.06835 | P15: ='7'!I38 -> 48.718 | Q15: =Q14+P15 -> 376.101 | R15: ='7'!I40 -> 40.022 | S15: =S14+R15 -> 355.812 | T15: =R15/P15 -> 0.82150335 | U15: =S15/Q15 -> 0.94605438 | V15: =R15/L15 -> 0.73773035 | W15: =S15/M15 -> 0.88495401 | AB15: 0 | AC15: =AB15+AC14 -> 0 | AD15: =AB15/P15 -> 0 | AE15: =AC15/Q15 -> 0 | AF15: =IF(AND(R15>0,AB15>0),(AB15/(R15*1000))*1000,0) -> 0 | AG15: =IF(AND(S15>0,AC15>0),AC15/S15,0) -> 0 | AH15: =+BF15+BG15 -> 110.38 | AI15: =AH15+AI14 -> 794.044 | AJ15: =AH15/(P15) -> 2.2656924 | AK15: =AI15/(Q15) -> 2.111252 | AL15: =IF(AND(R15>0,AH15>0),AH15/(R15),0) -> 2.7579831 | AM15: =IF(AND(S15>0,AI15>0),AI15/(S15),0) -> 2.2316392 | AN15: 15.3 | AO15: =AN15+AO14 -> 106.3 | AP15: =AN15/(P15) -> 0.3140523 | AQ15: =AO15/(Q15) -> 0.28263684 | AR15: =IF(AND(R15>0,AN15>0),AN15/(R15),0) -> 0.38228974 | AS15: =IF(AND(S15>0,AO15>0),AO15/(S15),0) -> 0.29875327 | AT15: ='7'!I46 -> 39123.47 | AU15: =AT15+AU14 -> 254071.54 | AV15: =IF(AND(L15>0,AT15>0),(AT15/(P15*1000)*1000),0) -> 803.05985 | AW15: =IF(AND(M15>0,AU15>0),(AU15/(Q15*1000)*1000),0) -> 675.54072 | AX15: =IF(AND(R15>0,AT15>0),(AT15/(R15*1000)*1000),0) -> 977.5491 | AY15: =IF(AND(S15>0,AU15>0),(AU15/(S15*1000)*1000),0) -> 714.06119 | AZ15: =+Listrik!AH14 -> 22128 | BA15: =AZ15+BA14 -> 168815 | BB15: =IF(AND(L15>0,AZ15>0),(AZ15/(P15*1000)*1000),0) -> 454.20584 | BC15: =IF(AND(M15>0,BA15>0),(BA15/(Q15*1000)*1000),0) -> 448.85549 | BD15: =IF(AND(R15>0,AZ15>0),(AZ15/(R15*1000)*1000),0) -> 552.89591 | BE15: =IF(AND(S15>0,BA15>0),(BA15/(S15*1000)*1000),0) -> 474.44999 | BF15: =2.264 -> 2.264 | BG15: 108.116 | BH15: =+SUM(Efficiency2!K35:K37) -> 54.250174 | BI15: =BI14+BH15 -> 393.37641 | BJ15: =+R15/BH15 -> 0.73773035 | BK15: =+S15/BI15 -> 0.90450773
A16: =A15+1 -> 45908 | B16: Napkin | C16: 17/19 | D16: =+'8'!F42 -> 830 | E16: =+'8'!G42 -> 713.8 | F16: =1-(E16/D16) -> 0.14 | G16: =+P16/N16 -> 0.91174907 | H16: =+P16/L16 -> 0.91174907 | I16: =+R16/P16 -> 1.0414222 | J16: =+R16/L16 -> 0.94951569 | K16: =+S16/M16 -> 0.89299409 | L16: =+SUM(Efficiency1!K40:K41) -> 57.193368 | M16: =M15+L16 -> 459.26172 | N16: =+SUM(Efficiency1!C40:C41) -> 57.193368 | O16: =O15+N16 -> 459.26172 | P16: ='8'!I38 -> 52.146 | Q16: =Q15+P16 -> 428.247 | R16: ='8'!I40 -> 54.306 | S16: =S15+R16 -> 410.118 | T16: =R16/P16 -> 1.0414222 | U16: =S16/Q16 -> 0.95766695 | V16: =R16/L16 -> 0.94951569 | W16: =S16/M16 -> 0.89299409 | AB16: 0 | AC16: =AB16+AC15 -> 0 | AD16: =AB16/P16 -> 0 | AE16: =AC16/Q16 -> 0 | AF16: =IF(AND(R16>0,AB16>0),(AB16/(R16*1000))*1000,0) -> 0 | AG16: =IF(AND(S16>0,AC16>0),AC16/S16,0) -> 0 | AH16: =+BF16+BG16 -> 116.023 | AI16: =AH16+AI15 -> 910.067 | AJ16: =AH16/(P16) -> 2.2249645 | AK16: =AI16/(Q16) -> 2.1250984 | AL16: =IF(AND(R16>0,AH16>0),AH16/(R16),0) -> 2.1364674 | AM16: =IF(AND(S16>0,AI16>0),AI16/(S16),0) -> 2.219037 | AN16: 13.6 | AO16: =AN16+AO15 -> 119.9 | AP16: =AN16/(P16) -> 0.2608062 | AQ16: =AO16/(Q16) -> 0.27997861 | AR16: =IF(AND(R16>0,AN16>0),AN16/(R16),0) -> 0.25043273 | AS16: =IF(AND(S16>0,AO16>0),AO16/(S16),0) -> 0.29235488 | AT16: ='8'!I46 -> 36533.85 | AU16: =AT16+AU15 -> 290605.39 | AV16: =IF(AND(L16>0,AT16>0),(AT16/(P16*1000)*1000),0) -> 700.60695 | AW16: =IF(AND(M16>0,AU16>0),(AU16/(Q16*1000)*1000),0) -> 678.59294 | AX16: =IF(AND(R16>0,AT16>0),(AT16/(R16*1000)*1000),0) -> 672.74058 | AY16: =IF(AND(S16>0,AU16>0),(AU16/(S16*1000)*1000),0) -> 708.5897 | AZ16: =+Listrik!AH15 -> 22105 | BA16: =AZ16+BA15 -> 190920 | BB16: =IF(AND(L16>0,AZ16>0),(AZ16/(P16*1000)*1000),0) -> 423.90596 | BC16: =IF(AND(M16>0,BA16>0),(BA16/(Q16*1000)*1000),0) -> 445.81748 | BD16: =IF(AND(R16>0,AZ16>0),(AZ16/(R16*1000)*1000),0) -> 407.04526 | BE16: =IF(AND(S16>0,BA16>0),(BA16/(S16*1000)*1000),0) -> 465.52456 | BF16: =2.857 -> 2.857 | BG16: 113.166 | BH16: =+SUM(Efficiency2!K40:K41) -> 57.193368 | BI16: =BI15+BH16 -> 450.56978 | BJ16: =+R16/BH16 -> 0.94951569 | BK16: =+S16/BI16 -> 0.91022084
A17: =A16+1 -> 45909 | B17: Napkin | C17: 19 | D17: =+'9'!F42 -> 830 | E17: =+'9'!G42 -> 713.8 | F17: =1-(E17/D17) -> 0.14 | G17: =+P17/N17 -> 0.93955571 | H17: =+P17/L17 -> 0.93955571 | I17: =+R17/P17 -> 0.95484998 | J17: =+R17/L17 -> 0.89713475 | K17: =+S17/M17 -> 0.89349628 | L17: =+Efficiency1!K45 -> 63.388471 | M17: =M16+L17 -> 522.65019 | N17: =+Efficiency1!C45 -> 63.388471 | O17: =O16+N17 -> 522.65019 | P17: ='9'!I38 -> 59.557 | Q17: =Q16+P17 -> 487.804 | R17: ='9'!I40 -> 56.868 | S17: =S16+R17 -> 466.986 | T17: =R17/P17 -> 0.95484998 | U17: =S17/Q17 -> 0.95732302 | V17: =R17/L17 -> 0.89713475 | W17: =S17/M17 -> 0.89349628 | AB17: 0 | AC17: =AB17+AC16 -> 0 | AD17: =AB17/P17 -> 0 | AE17: =AC17/Q17 -> 0 | AF17: =IF(AND(R17>0,AB17>0),(AB17/(R17*1000))*1000,0) -> 0 | AG17: =IF(AND(S17>0,AC17>0),AC17/S17,0) -> 0 | AH17: =+BF17+BG17 -> 122.304 | AI17: =AH17+AI16 -> 1032.371 | AJ17: =AH17/(P17) -> 2.0535621 | AK17: =AI17/(Q17) -> 2.1163644 | AL17: =IF(AND(R17>0,AH17>0),AH17/(R17),0) -> 2.1506647 | AM17: =IF(AND(S17>0,AI17>0),AI17/(S17),0) -> 2.2107108 | AN17: 14.5 | AO17: =AN17+AO16 -> 134.4 | AP17: =AN17/(P17) -> 0.24346424 | AQ17: =AO17/(Q17) -> 0.2755205 | AR17: =IF(AND(R17>0,AN17>0),AN17/(R17),0) -> 0.25497644 | AS17: =IF(AND(S17>0,AO17>0),AO17/(S17),0) -> 0.28780306 | AT17: ='9'!I46 -> 41643.23 | AU17: =AT17+AU16 -> 332248.62 | AV17: =IF(AND(L17>0,AT17>0),(AT17/(P17*1000)*1000),0) -> 699.21638 | AW17: =IF(AND(M17>0,AU17>0),(AU17/(Q17*1000)*1000),0) -> 681.1109 | AX17: =IF(AND(R17>0,AT17>0),(AT17/(R17*1000)*1000),0) -> 732.27879 | AY17: =IF(AND(S17>0,AU17>0),(AU17/(S17*1000)*1000),0) -> 711.47448 | AZ17: =+Listrik!AH16 -> 23014 | BA17: =AZ17+BA16 -> 213934 | BB17: =IF(AND(L17>0,AZ17>0),(AZ17/(P17*1000)*1000),0) -> 386.41973 | BC17: =IF(AND(M17>0,BA17>0),(BA17/(Q17*1000)*1000),0) -> 438.56549 | BD17: =IF(AND(R17>0,AZ17>0),(AZ17/(R17*1000)*1000),0) -> 404.69157 | BE17: =IF(AND(S17>0,BA17>0),(BA17/(S17*1000)*1000),0) -> 458.11652 | BF17: =6.248 -> 6.248 | BG17: 116.056 | BH17: =+Efficiency2!K45 -> 63.388471 | BI17: =BI16+BH17 -> 513.95825 | BJ17: =+R17/BH17 -> 0.89713475 | BK17: =+S17/BI17 -> 0.90860688
A18: =A17+1 -> 45910 | B18: Napkin | C18: 19/20 | D18: =+'10'!F42 -> 809.72222 | E18: =+'10'!G42 -> 696.36111 | F18: =1-(E18/D18) -> 0.14 | G18: =+P18/N18 -> 0.94793842 | H18: =+P18/L18 -> 0.9244268 | I18: =+R18/P18 -> 0.96312877 | J18: =+R18/L18 -> 0.89034205 | K18: =+S18/M18 -> 0.89314508 | L18: =+SUM(Efficiency1!K50:K51) -> 65.483822 | M18: =M17+L18 -> 588.13401 | N18: =+SUM(Efficiency1!C50:C51) -> 63.859633 | O18: =O17+N18 -> 586.50982 | P18: ='10'!I38 -> 60.535 | Q18: =Q17+P18 -> 548.339 | R18: ='10'!I40 -> 58.303 | S18: =S17+R18 -> 525.289 | T18: =R18/P18 -> 0.96312877 | U18: =S18/Q18 -> 0.95796396 | V18: =R18/L18 -> 0.89034205 | W18: =S18/M18 -> 0.89314508 | AB18: 0 | AC18: =AB18+AC17 -> 0 | AD18: =AB18/P18 -> 0 | AE18: =AC18/Q18 -> 0 | AF18: =IF(AND(R18>0,AB18>0),(AB18/(R18*1000))*1000,0) -> 0 | AG18: =IF(AND(S18>0,AC18>0),AC18/S18,0) -> 0 | AH18: =+BF18+BG18 -> 123.912 | AI18: =AH18+AI17 -> 1156.283 | AJ18: =AH18/(P18) -> 2.046948 | AK18: =AI18/(Q18) -> 2.108701 | AL18: =IF(AND(R18>0,AH18>0),AH18/(R18),0) -> 2.1253109 | AM18: =IF(AND(S18>0,AI18>0),AI18/(S18),0) -> 2.2012321 | AN18: 19.5 | AO18: =AN18+AO17 -> 153.9 | AP18: =AN18/(P18) -> 0.32212769 | AQ18: =AO18/(Q18) -> 0.28066579 | AR18: =IF(AND(R18>0,AN18>0),AN18/(R18),0) -> 0.33445963 | AS18: =IF(AND(S18>0,AO18>0),AO18/(S18),0) -> 0.29298158 | AT18: ='10'!I46 -> 28268.21 | AU18: =AT18+AU17 -> 360516.83 | AV18: =IF(AND(L18>0,AT18>0),(AT18/(P18*1000)*1000),0) -> 466.97299 | AW18: =IF(AND(M18>0,AU18>0),(AU18/(Q18*1000)*1000),0) -> 657.47071 | AX18: =IF(AND(R18>0,AT18>0),(AT18/(R18*1000)*1000),0) -> 484.85001 | AY18: =IF(AND(S18>0,AU18>0),(AU18/(S18*1000)*1000),0) -> 686.32092 | AZ18: =+Listrik!AH17 -> 29093 | BA18: =AZ18+BA17 -> 243027 | BB18: =IF(AND(L18>0,AZ18>0),(AZ18/(P18*1000)*1000),0) -> 480.598 | BC18: =IF(AND(M18>0,BA18>0),(BA18/(Q18*1000)*1000),0) -> 443.20575 | BD18: =IF(AND(R18>0,AZ18>0),(AZ18/(R18*1000)*1000),0) -> 498.99662 | BE18: =IF(AND(S18>0,BA18>0),(BA18/(S18*1000)*1000),0) -> 462.65389 | BF18: =6.298 -> 6.298 | BG18: 117.614 | BH18: =+SUM(Efficiency2!K50:K51) -> 65.483822 | BI18: =BI17+BH18 -> 579.44207 | BJ18: =+R18/BH18 -> 0.89034205 | BK18: =+S18/BI18 -> 0.90654274
A19: =A18+1 -> 45911 | B19: Napkin | C19: 20/15,5 | D19: =+'11'!F42 -> 825.83333 | E19: =+'11'!G42 -> 710.21667 | F19: =1-(E19/D19) -> 0.14 | G19: =+P19/N19 -> 0.87151571 | H19: =+P19/L19 -> 0.87151571 | I19: =+R19/P19 -> 0.98298858 | J19: =+R19/L19 -> 0.85668999 | K19: =+S19/M19 -> 0.89002894 | L19: =+SUM(Efficiency1!K54:K55) -> 54.972044 | M19: =M18+L19 -> 643.10605 | N19: =+SUM(Efficiency1!C54:C55) -> 54.972044 | O19: =O18+N19 -> 641.48187 | P19: ='11'!I38 -> 47.909 | Q19: =Q18+P19 -> 596.248 | R19: ='11'!I40 -> 47.094 | S19: =S18+R19 -> 572.383 | T19: =R19/P19 -> 0.98298858 | U19: =S19/Q19 -> 0.95997471 | V19: =R19/L19 -> 0.85668999 | W19: =S19/M19 -> 0.89002894 | AB19: 0 | AC19: =AB19+AC18 -> 0 | AD19: =AB19/P19 -> 0 | AE19: =AC19/Q19 -> 0 | AF19: =IF(AND(R19>0,AB19>0),(AB19/(R19*1000))*1000,0) -> 0 | AG19: =IF(AND(S19>0,AC19>0),AC19/S19,0) -> 0 | AH19: =+BF19+BG19 -> 112.045 | AI19: =AH19+AI18 -> 1268.328 | AJ19: =AH19/(P19) -> 2.3387046 | AK19: =AI19/(Q19) -> 2.127182 | AL19: =IF(AND(R19>0,AH19>0),AH19/(R19),0) -> 2.3791778 | AM19: =IF(AND(S19>0,AI19>0),AI19/(S19),0) -> 2.2158729 | AN19: 17 | AO19: =AN19+AO18 -> 170.9 | AP19: =AN19/(P19) -> 0.35483938 | AQ19: =AO19/(Q19) -> 0.2866257 | AR19: =IF(AND(R19>0,AN19>0),AN19/(R19),0) -> 0.36098017 | AS19: =IF(AND(S19>0,AO19>0),AO19/(S19),0) -> 0.2985763 | AT19: ='11'!I46 -> 38436.24 | AU19: =AT19+AU18 -> 398953.07 | AV19: =IF(AND(L19>0,AT19>0),(AT19/(P19*1000)*1000),0) -> 802.27598 | AW19: =IF(AND(M19>0,AU19>0),(AU19/(Q19*1000)*1000),0) -> 669.10593 | AX19: =IF(AND(R19>0,AT19>0),(AT19/(R19*1000)*1000),0) -> 816.16002 | AY19: =IF(AND(S19>0,AU19>0),(AU19/(S19*1000)*1000),0) -> 697.0037 | AZ19: =+Listrik!AH18 -> 25940 | BA19: =AZ19+BA18 -> 268967 | BB19: =IF(AND(L19>0,AZ19>0),(AZ19/(P19*1000)*1000),0) -> 541.44315 | BC19: =IF(AND(M19>0,BA19>0),(BA19/(Q19*1000)*1000),0) -> 451.09921 | BD19: =IF(AND(R19>0,AZ19>0),(AZ19/(R19*1000)*1000),0) -> 550.81327 | BE19: =IF(AND(S19>0,BA19>0),(BA19/(S19*1000)*1000),0) -> 469.90739 | BF19: =3.535 -> 3.535 | BG19: 108.51 | BH19: =+SUM(Efficiency2!K54:K55) -> 54.972044 | BI19: =BI18+BH19 -> 634.41411 | BJ19: =+R19/BH19 -> 0.85668999 | BK19: =+S19/BI19 -> 0.90222299
A20: =A19+1 -> 45912 | B20: Napkin | C20: 15,5 | D20: =+'12'!F42 -> 830 | E20: =+'12'!G42 -> 713.8 | F20: =1-(E20/D20) -> 0.14 | G20: =+P20/N20 -> 0.93010992 | H20: =+P20/L20 -> 0.93010992 | I20: =+R20/P20 -> 0.94912866 | J20: =+R20/L20 -> 0.88279398 | K20: =+S20/M20 -> 0.88948881 | L20: =+Efficiency1!K59 -> 51.885265 | M20: =M19+L20 -> 694.99132 | N20: =+Efficiency1!C59 -> 51.885265 | O20: =O19+N20 -> 693.36713 | P20: ='12'!I38 -> 48.259 | Q20: =Q19+P20 -> 644.507 | R20: ='12'!I40 -> 45.804 | S20: =S19+R20 -> 618.187 | T20: =R20/P20 -> 0.94912866 | U20: =S20/Q20 -> 0.95916258 | V20: =R20/L20 -> 0.88279398 | W20: =S20/M20 -> 0.88948881 | AB20: 0 | AC20: =AB20+AC19 -> 0 | AD20: =AB20/P20 -> 0 | AE20: =AC20/Q20 -> 0 | AF20: =IF(AND(R20>0,AB20>0),(AB20/(R20*1000))*1000,0) -> 0 | AG20: =IF(AND(S20>0,AC20>0),AC20/S20,0) -> 0 | AH20: =+BF20+BG20 -> 113.462 | AI20: =AH20+AI19 -> 1381.79 | AJ20: =AH20/(P20) -> 2.3511055 | AK20: =AI20/(Q20) -> 2.1439488 | AL20: =IF(AND(R20>0,AH20>0),AH20/(R20),0) -> 2.4771199 | AM20: =IF(AND(S20>0,AI20>0),AI20/(S20),0) -> 2.2352298 | AN20: 13.6 | AO20: =AN20+AO19 -> 184.5 | AP20: =AN20/(P20) -> 0.28181272 | AQ20: =AO20/(Q20) -> 0.28626532 | AR20: =IF(AND(R20>0,AN20>0),AN20/(R20),0) -> 0.2969173 | AS20: =IF(AND(S20>0,AO20>0),AO20/(S20),0) -> 0.29845338 | AT20: ='12'!I46 -> 36955.4 | AU20: =AT20+AU19 -> 435908.47 | AV20: =IF(AND(L20>0,AT20>0),(AT20/(P20*1000)*1000),0) -> 765.77219 | AW20: =IF(AND(M20>0,AU20>0),(AU20/(Q20*1000)*1000),0) -> 676.34404 | AX20: =IF(AND(R20>0,AT20>0),(AT20/(R20*1000)*1000),0) -> 806.816 | AY20: =IF(AND(S20>0,AU20>0),(AU20/(S20*1000)*1000),0) -> 705.14014 | AZ20: =+Listrik!AH19 -> 23541 | BA20: =AZ20+BA19 -> 292508 | BB20: =IF(AND(L20>0,AZ20>0),(AZ20/(P20*1000)*1000),0) -> 487.80538 | BC20: =IF(AND(M20>0,BA20>0),(BA20/(Q20*1000)*1000),0) -> 453.84767 | BD20: =IF(AND(R20>0,AZ20>0),(AZ20/(R20*1000)*1000),0) -> 513.95075 | BE20: =IF(AND(S20>0,BA20>0),(BA20/(S20*1000)*1000),0) -> 473.17074 | BF20: =3.526 -> 3.526 | BG20: 109.936 | BH20: =+Efficiency2!K59 -> 51.885265 | BI20: =BI19+BH20 -> 686.29938 | BJ20: =+R20/BH20 -> 0.88279398 | BK20: =+S20/BI20 -> 0.90075413
A21: =A20+1 -> 45913 | B21: Napkin | C21: 15,5/17 | D21: =+'13'!F42 -> 830 | E21: =+'13'!G42 -> 713.8 | F21: =1-(E21/D21) -> 0.14 | G21: =+P21/N21 -> 0.96911797 | H21: =+P21/L21 -> 0.96911797 | I21: =+R21/P21 -> 1.023667 | J21: =+R21/L21 -> 0.99205408 | K21: =+S21/M21 -> 0.89709599 | L21: =+SUM(Efficiency1!K63:K64) -> 55.6764 | M21: =M20+L21 -> 750.66772 | N21: =+SUM(Efficiency1!C63:C64) -> 55.6764 | O21: =O20+N21 -> 749.04353 | P21: ='13'!I38 -> 53.957 | Q21: =Q20+P21 -> 698.464 | R21: ='13'!I40 -> 55.234 | S21: =S20+R21 -> 673.421 | T21: =R21/P21 -> 1.023667 | U21: =S21/Q21 -> 0.96414561 | V21: =R21/L21 -> 0.99205408 | W21: =S21/M21 -> 0.89709599 | AB21: 0 | AC21: =AB21+AC20 -> 0 | AD21: =AB21/P21 -> 0 | AE21: =AC21/Q21 -> 0 | AF21: =IF(AND(R21>0,AB21>0),(AB21/(R21*1000))*1000,0) -> 0 | AG21: =IF(AND(S21>0,AC21>0),AC21/S21,0) -> 0 | AH21: =+BF21+BG21 -> 114.811 | AI21: =AH21+AI20 -> 1496.601 | AJ21: =AH21/(P21) -> 2.127824 | AK21: =AI21/(Q21) -> 2.1427031 | AL21: =IF(AND(R21>0,AH21>0),AH21/(R21),0) -> 2.0786291 | AM21: =IF(AND(S21>0,AI21>0),AI21/(S21),0) -> 2.2223854 | AN21: 16.2 | AO21: =AN21+AO20 -> 200.7 | AP21: =AN21/(P21) -> 0.30023908 | AQ21: =AO21/(Q21) -> 0.2873448 | AR21: =IF(AND(R21>0,AN21>0),AN21/(R21),0) -> 0.29329761 | AS21: =IF(AND(S21>0,AO21>0),AO21/(S21),0) -> 0.2980305 | AT21: ='13'!I46 -> 41823.79 | AU21: =AT21+AU20 -> 477732.26 | AV21: =IF(AND(L21>0,AT21>0),(AT21/(P21*1000)*1000),0) -> 775.13186 | AW21: =IF(AND(M21>0,AU21>0),(AU21/(Q21*1000)*1000),0) -> 683.97549 | AX21: =IF(AND(R21>0,AT21>0),(AT21/(R21*1000)*1000),0) -> 757.21096 | AY21: =IF(AND(S21>0,AU21>0),(AU21/(S21*1000)*1000),0) -> 709.41099 | AZ21: =+Listrik!AH20 -> 24561 | BA21: =AZ21+BA20 -> 317069 | BB21: =IF(AND(L21>0,AZ21>0),(AZ21/(P21*1000)*1000),0) -> 455.1958 | BC21: =IF(AND(M21>0,BA21>0),(BA21/(Q21*1000)*1000),0) -> 453.95181 | BD21: =IF(AND(R21>0,AZ21>0),(AZ21/(R21*1000)*1000),0) -> 444.67176 | BE21: =IF(AND(S21>0,BA21>0),(BA21/(S21*1000)*1000),0) -> 470.83325 | BF21: =2.694 -> 2.694 | BG21: 112.117 | BH21: =+SUM(Efficiency2!K63:K64) -> 55.6764 | BI21: =BI20+BH21 -> 741.97578 | BJ21: =+R21/BH21 -> 0.99205408 | BK21: =+S21/BI21 -> 0.9076051
A22: =A21+1 -> 45914 | B22: Napkin | C22: 17 | D22: =+'14'!F42 -> 830 | E22: =+'14'!G42 -> 713.8 | F22: =1-(E22/D22) -> 0.14 | G22: =+P22/N22 -> 0.90443657 | H22: =+P22/L22 -> 0.90443657 | I22: =+R22/P22 -> 0.99867752 | J22: =+R22/L22 -> 0.90324047 | K22: =+S22/M22 -> 0.89754626 | L22: =+Efficiency1!K67 -> 59.359608 | M22: =M21+L22 -> 810.02733 | N22: =+Efficiency1!C67 -> 59.359608 | O22: =O21+N22 -> 808.40314 | P22: ='14'!I38 -> 53.687 | Q22: =Q21+P22 -> 752.151 | R22: ='14'!I40 -> 53.616 | S22: =S21+R22 -> 727.037 | T22: =R22/P22 -> 0.99867752 | U22: =S22/Q22 -> 0.96661043 | V22: =R22/L22 -> 0.90324047 | W22: =S22/M22 -> 0.89754626 | AB22: 0 | AC22: =AB22+AC21 -> 0 | AD22: =AB22/P22 -> 0 | AE22: =AC22/Q22 -> 0 | AF22: =IF(AND(R22>0,AB22>0),(AB22/(R22*1000))*1000,0) -> 0 | AG22: =IF(AND(S22>0,AC22>0),AC22/S22,0) -> 0 | AH22: =+BF22+BG22 -> 117.177 | AI22: =AH22+AI21 -> 1613.778 | AJ22: =AH22/(P22) -> 2.1825954 | AK22: =AI22/(Q22) -> 2.1455506 | AL22: =IF(AND(R22>0,AH22>0),AH22/(R22),0) -> 2.1854857 | AM22: =IF(AND(S22>0,AI22>0),AI22/(S22),0) -> 2.2196642 | AN22: 13.6 | AO22: =AN22+AO21 -> 214.3 | AP22: =AN22/(P22) -> 0.25332017 | AQ22: =AO22/(Q22) -> 0.28491619 | AR22: =IF(AND(R22>0,AN22>0),AN22/(R22),0) -> 0.25365563 | AS22: =IF(AND(S22>0,AO22>0),AO22/(S22),0) -> 0.29475804 | AT22: ='14'!I46 -> 36466.51 | AU22: =AT22+AU21 -> 514198.77 | AV22: =IF(AND(L22>0,AT22>0),(AT22/(P22*1000)*1000),0) -> 679.24283 | AW22: =IF(AND(M22>0,AU22>0),(AU22/(Q22*1000)*1000),0) -> 683.63769 | AX22: =IF(AND(R22>0,AT22>0),(AT22/(R22*1000)*1000),0) -> 680.14231 | AY22: =IF(AND(S22>0,AU22>0),(AU22/(S22*1000)*1000),0) -> 707.25255 | AZ22: =+Listrik!AH21 -> 22273 | BA22: =AZ22+BA21 -> 339342 | BB22: =IF(AND(L22>0,AZ22>0),(AZ22/(P22*1000)*1000),0) -> 414.86766 | BC22: =IF(AND(M22>0,BA22>0),(BA22/(Q22*1000)*1000),0) -> 451.16207 | BD22: =IF(AND(R22>0,AZ22>0),(AZ22/(R22*1000)*1000),0) -> 415.41704 | BE22: =IF(AND(S22>0,BA22>0),(BA22/(S22*1000)*1000),0) -> 466.74653 | BF22: =2.686 -> 2.686 | BG22: 114.491 | BH22: =+Efficiency2!K67 -> 59.359608 | BI22: =BI21+BH22 -> 801.33539 | BJ22: =+R22/BH22 -> 0.90324047 | BK22: =+S22/BI22 -> 0.90728179
A23: =A22+1 -> 45915 | B23: Napkin | C23: 17/19 | D23: =+'15'!F42 -> 830 | E23: =+'15'!G42 -> 713.8 | F23: =1-(E23/D23) -> 0.14 | G23: =+P23/N23 -> 0.90825088 | H23: =+P23/L23 -> 0.90825088 | I23: =+R23/P23 -> 0.92150009 | J23: =+R23/L23 -> 0.83695326 | K23: =+S23/M23 -> 0.89319426 | L23: =+SUM(Efficiency1!K71:K72) -> 62.680919 | M23: =M22+L23 -> 872.70825 | N23: =+SUM(Efficiency1!C71:C72) -> 62.680919 | O23: =O22+N23 -> 871.08406 | P23: ='15'!I38 -> 56.93 | Q23: =Q22+P23 -> 809.081 | R23: ='15'!I40 -> 52.461 | S23: =S22+R23 -> 779.498 | T23: =R23/P23 -> 0.92150009 | U23: =S23/Q23 -> 0.96343629 | V23: =R23/L23 -> 0.83695326 | W23: =S23/M23 -> 0.89319426 | AB23: 0 | AC23: =AB23+AC22 -> 0 | AD23: =AB23/P23 -> 0 | AE23: =AC23/Q23 -> 0 | AF23: =IF(AND(R23>0,AB23>0),(AB23/(R23*1000))*1000,0) -> 0 | AG23: =IF(AND(S23>0,AC23>0),AC23/S23,0) -> 0 | AH23: =+BF23+BG23 -> 123.947 | AI23: =AH23+AI22 -> 1737.725 | AJ23: =AH23/(P23) -> 2.1771825 | AK23: =AI23/(Q23) -> 2.1477763 | AL23: =IF(AND(R23>0,AH23>0),AH23/(R23),0) -> 2.3626503 | AM23: =IF(AND(S23>0,AI23>0),AI23/(S23),0) -> 2.2292873 | AN23: 20.4 | AO23: =AN23+AO22 -> 234.7 | AP23: =AN23/(P23) -> 0.3583348 | AQ23: =AO23/(Q23) -> 0.2900822 | AR23: =IF(AND(R23>0,AN23>0),AN23/(R23),0) -> 0.3888603 | AS23: =IF(AND(S23>0,AO23>0),AO23/(S23),0) -> 0.30109122 | AT23: ='15'!I46 -> 35837.69 | AU23: =AT23+AU22 -> 550036.46 | AV23: =IF(AND(L23>0,AT23>0),(AT23/(P23*1000)*1000),0) -> 629.50448 | AW23: =IF(AND(M23>0,AU23>0),(AU23/(Q23*1000)*1000),0) -> 679.82867 | AX23: =IF(AND(R23>0,AT23>0),(AT23/(R23*1000)*1000),0) -> 683.13013 | AY23: =IF(AND(S23>0,AU23>0),(AU23/(S23*1000)*1000),0) -> 705.62908 | AZ23: =+Listrik!AH22 -> 32172 | BA23: =AZ23+BA22 -> 371514 | BB23: =IF(AND(L23>0,AZ23>0),(AZ23/(P23*1000)*1000),0) -> 565.11505 | BC23: =IF(AND(M23>0,BA23>0),(BA23/(Q23*1000)*1000),0) -> 459.18023 | BD23: =IF(AND(R23>0,AZ23>0),(AZ23/(R23*1000)*1000),0) -> 613.25556 | BE23: =IF(AND(S23>0,BA23>0),(BA23/(S23*1000)*1000),0) -> 476.60674 | BF23: =7.403 -> 7.403 | BG23: 116.544 | BH23: =+SUM(Efficiency2!K71:K72) -> 62.680919 | BI23: =BI22+BH23 -> 864.01631 | BJ23: =+R23/BH23 -> 0.83695326 | BK23: =+S23/BI23 -> 0.90217973
A24: =A23+1 -> 45916 | B24: Napkin/Towel | C24: 19/19 | D24: =+'16'!F42 -> 830 | E24: =+'16'!G42 -> 713.8 | F24: =1-(E24/D24) -> 0.14 | G24: =+P24/N24 -> 0.93640452 | H24: =+P24/L24 -> 0.93640452 | I24: =+R24/P24 -> 1.0170343 | J24: =+R24/L24 -> 0.95235547 | K24: =+S24/M24 -> 0.89726274 | L24: =+SUM(Efficiency1!K77:K78) -> 64.447574 | M24: =M23+L24 -> 937.15582 | N24: =+SUM(Efficiency1!C77:C78) -> 64.447574 | O24: =O23+N24 -> 935.53163 | P24: ='16'!I38 -> 60.349 | Q24: =Q23+P24 -> 869.43 | R24: ='16'!I40 -> 61.377 | S24: =S23+R24 -> 840.875 | T24: =R24/P24 -> 1.0170343 | U24: =S24/Q24 -> 0.96715664 | V24: =R24/L24 -> 0.95235547 | W24: =S24/M24 -> 0.89726274 | AB24: 0 | AC24: =AB24+AC23 -> 0 | AD24: =AB24/P24 -> 0 | AE24: =AC24/Q24 -> 0 | AF24: =IF(AND(R24>0,AB24>0),(AB24/(R24*1000))*1000,0) -> 0 | AG24: =IF(AND(S24>0,AC24>0),AC24/S24,0) -> 0 | AH24: =+BF24+BG24 -> 123.711 | AI24: =AH24+AI23 -> 1861.436 | AJ24: =AH24/(P24) -> 2.0499263 | AK24: =AI24/(Q24) -> 2.1409843 | AL24: =IF(AND(R24>0,AH24>0),AH24/(R24),0) -> 2.0155922 | AM24: =IF(AND(S24>0,AI24>0),AI24/(S24),0) -> 2.2136893 | AN24: 20.4 | AO24: =AN24+AO23 -> 255.1 | AP24: =AN24/(P24) -> 0.33803377 | AQ24: =AO24/(Q24) -> 0.29341063 | AR24: =IF(AND(R24>0,AN24>0),AN24/(R24),0) -> 0.33237206 | AS24: =IF(AND(S24>0,AO24>0),AO24/(S24),0) -> 0.30337446 | AT24: ='16'!I46 -> 36230.23 | AU24: =AT24+AU23 -> 586266.69 | AV24: =IF(AND(L24>0,AT24>0),(AT24/(P24*1000)*1000),0) -> 600.34516 | AW24: =IF(AND(M24>0,AU24>0),(AU24/(Q24*1000)*1000),0) -> 674.31155 | AX24: =IF(AND(R24>0,AT24>0),(AT24/(R24*1000)*1000),0) -> 590.29001 | AY24: =IF(AND(S24>0,AU24>0),(AU24/(S24*1000)*1000),0) -> 697.21028 | AZ24: =+Listrik!AH23 -> 29325 | BA24: =AZ24+BA23 -> 400839 | BB24: =IF(AND(L24>0,AZ24>0),(AZ24/(P24*1000)*1000),0) -> 485.92354 | BC24: =IF(AND(M24>0,BA24>0),(BA24/(Q24*1000)*1000),0) -> 461.03654 | BD24: =IF(AND(R24>0,AZ24>0),(AZ24/(R24*1000)*1000),0) -> 477.78484 | BE24: =IF(AND(S24>0,BA24>0),(BA24/(S24*1000)*1000),0) -> 476.69273 | BF24: =8.994 -> 8.994 | BG24: 114.717 | BH24: =+SUM(Efficiency2!K77:K78) -> 64.447574 | BI24: =BI23+BH24 -> 928.46388 | BJ24: =+R24/BH24 -> 0.95235547 | BK24: =+S24/BI24 -> 0.90566259
A25: =A24+1 -> 45917 | B25: Towel/Napkin | C25: 19/21/25 | D25: =+'17'!F42 -> 713.15972 | E25: =+'17'!G42 -> 613.31736 | F25: =1-(E25/D25) -> 0.14 | G25: =+P25/N25 -> 0.9942044 | H25: =+P25/L25 -> 0.99176047 | I25: =+R25/P25 -> 0.98519296 | J25: =+R25/L25 -> 0.97707543 | K25: =+S25/M25 -> 0.90260877 | L25: =+SUM(Efficiency1!K82:K84) -> 67.27935 | M25: =M24+L25 -> 1004.4352 | N25: =+SUM(Efficiency1!C82:C84) -> 67.113966 | O25: =O24+N25 -> 1002.6456 | P25: ='17'!I38 -> 66.725 | Q25: =Q24+P25 -> 936.155 | R25: ='17'!I40 -> 65.737 | S25: =S24+R25 -> 906.612 | T25: =R25/P25 -> 0.98519296 | U25: =S25/Q25 -> 0.96844219 | V25: =R25/L25 -> 0.97707543 | W25: =S25/M25 -> 0.90260877 | AB25: 0 | AC25: =AB25+AC24 -> 0 | AD25: =AB25/P25 -> 0 | AE25: =AC25/Q25 -> 0 | AF25: =IF(AND(R25>0,AB25>0),(AB25/(R25*1000))*1000,0) -> 0 | AG25: =IF(AND(S25>0,AC25>0),AC25/S25,0) -> 0 | AH25: =+BF25+BG25 -> 122.557 | AI25: =AH25+AI24 -> 1983.993 | AJ25: =AH25/(P25) -> 1.8367478 | AK25: =AI25/(Q25) -> 2.1192997 | AL25: =IF(AND(R25>0,AH25>0),AH25/(R25),0) -> 1.8643534 | AM25: =IF(AND(S25>0,AI25>0),AI25/(S25),0) -> 2.1883595 | AN25: 20.4 | AO25: =AN25+AO24 -> 275.5 | AP25: =AN25/(P25) -> 0.30573248 | AQ25: =AO25/(Q25) -> 0.29428887 | AR25: =IF(AND(R25>0,AN25>0),AN25/(R25),0) -> 0.31032752 | AS25: =IF(AND(S25>0,AO25>0),AO25/(S25),0) -> 0.30387862 | AT25: ='17'!I46 -> 34377.08 | AU25: =AT25+AU24 -> 620643.77 | AV25: =IF(AND(L25>0,AT25>0),(AT25/(P25*1000)*1000),0) -> 515.2054 | AW25: =IF(AND(M25>0,AU25>0),(AU25/(Q25*1000)*1000),0) -> 662.97116 | AX25: =IF(AND(R25>0,AT25>0),(AT25/(R25*1000)*1000),0) -> 522.94872 | AY25: =IF(AND(S25>0,AU25>0),(AU25/(S25*1000)*1000),0) -> 684.57485 | AZ25: =+Listrik!AH24 -> 30704 | BA25: =AZ25+BA24 -> 431543 | BB25: =IF(AND(L25>0,AZ25>0),(AZ25/(P25*1000)*1000),0) -> 460.15736 | BC25: =IF(AND(M25>0,BA25>0),(BA25/(Q25*1000)*1000),0) -> 460.97388 | BD25: =IF(AND(R25>0,AZ25>0),(AZ25/(R25*1000)*1000),0) -> 467.07334 | BE25: =IF(AND(S25>0,BA25>0),(BA25/(S25*1000)*1000),0) -> 475.99524 | BF25: =9.263 -> 9.263 | BG25: 113.294 | BH25: =+SUM(Efficiency2!K82:K84) -> 67.610235 | BI25: =BI24+BH25 -> 996.07411 | BJ25: =+R25/BH25 -> 0.97229362 | BK25: =+S25/BI25 -> 0.91018528
A26: =A25+1 -> 45918 | B26: Napkin/Towel | C26: 25/36 | D26: =+'18'!F42 -> 431.85039 | E26: =+'18'!G42 -> 379.97559 | F26: =1-(E26/D26) -> 0.12012216 | G26: =+P26/N26 -> 0.86121293 | H26: =+P26/L26 -> 0.86121293 | I26: =+R26/P26 -> 0.97836795 | J26: =+R26/L26 -> 0.84258313 | K26: =+S26/M26 -> 0.8988332 | L26: =+SUM(Efficiency1!K87:K88) -> 67.418867 | M26: =M25+L26 -> 1071.854 | N26: =+SUM(Efficiency1!C87:C88) -> 67.418867 | O26: =O25+N26 -> 1070.0645 | P26: ='18'!I38 -> 58.062 | Q26: =Q25+P26 -> 994.217 | R26: ='18'!I40 -> 56.806 | S26: =S25+R26 -> 963.418 | T26: =R26/P26 -> 0.97836795 | U26: =S26/Q26 -> 0.96902185 | V26: =R26/L26 -> 0.84258313 | W26: =S26/M26 -> 0.8988332 | AB26: 0 | AC26: =AB26+AC25 -> 0 | AD26: =AB26/P26 -> 0 | AE26: =AC26/Q26 -> 0 | AF26: =IF(AND(R26>0,AB26>0),(AB26/(R26*1000))*1000,0) -> 0 | AG26: =IF(AND(S26>0,AC26>0),AC26/S26,0) -> 0 | AH26: =+BF26+BG26 -> 103.283 | AI26: =AH26+AI25 -> 2087.276 | AJ26: =AH26/(P26) -> 1.7788399 | AK26: =AI26/(Q26) -> 2.0994169 | AL26: =IF(AND(R26>0,AH26>0),AH26/(R26),0) -> 1.8181706 | AM26: =IF(AND(S26>0,AI26>0),AI26/(S26),0) -> 2.1665321 | AN26: 19.2 | AO26: =AN26+AO25 -> 294.7 | AP26: =AN26/(P26) -> 0.330681 | AQ26: =AO26/(Q26) -> 0.29641416 | AR26: =IF(AND(R26>0,AN26>0),AN26/(R26),0) -> 0.33799247 | AS26: =IF(AND(S26>0,AO26>0),AO26/(S26),0) -> 0.30589007 | AT26: ='18'!I46 -> 27286.69 | AU26: =AT26+AU25 -> 647930.46 | AV26: =IF(AND(L26>0,AT26>0),(AT26/(P26*1000)*1000),0) -> 469.9578 | AW26: =IF(AND(M26>0,AU26>0),(AU26/(Q26*1000)*1000),0) -> 651.69924 | AX26: =IF(AND(R26>0,AT26>0),(AT26/(R26*1000)*1000),0) -> 480.34873 | AY26: =IF(AND(S26>0,AU26>0),(AU26/(S26*1000)*1000),0) -> 672.53306 | AZ26: =+Listrik!AH25 -> 30984 | BA26: =AZ26+BA25 -> 462527 | BB26: =IF(AND(L26>0,AZ26>0),(AZ26/(P26*1000)*1000),0) -> 533.63646 | BC26: =IF(AND(M26>0,BA26>0),(BA26/(Q26*1000)*1000),0) -> 465.21735 | BD26: =IF(AND(R26>0,AZ26>0),(AZ26/(R26*1000)*1000),0) -> 545.43534 | BE26: =IF(AND(S26>0,BA26>0),(BA26/(S26*1000)*1000),0) -> 480.08964 | BF26: =13.891 -> 13.891 | BG26: 89.392 | BH26: =+SUM(Efficiency2!K87:K88) -> 67.418867 | BI26: =BI25+BH26 -> 1063.493 | BJ26: =+R26/BH26 -> 0.84258313 | BK26: =+S26/BI26 -> 0.90589973
A27: =A26+1 -> 45919 | B27: Towel | C27: 36/37,5 | D27: =+'19'!F42 -> 432.98611 | E27: =+'19'!G42 -> 381.02778 | F27: =1-(E27/D27) -> 0.12 | G27: =+P27/N27 -> 1.0069411 | H27: =+P27/L27 -> 0.97214946 | I27: =+R27/P27 -> 0.97395603 | J27: =+R27/L27 -> 0.94683083 | K27: =+S27/M27 -> 0.90167364 | L27: =+SUM(Efficiency1!K93:K94) -> 67.420703 | M27: =M26+L27 -> 1139.2747 | N27: =+SUM(Efficiency1!C93:C94) -> 65.091193 | O27: =O26+N27 -> 1135.1557 | P27: ='19'!I38 -> 65.543 | Q27: =Q26+P27 -> 1059.76 | R27: ='19'!I40 -> 63.836 | S27: =S26+R27 -> 1027.254 | T27: =R27/P27 -> 0.97395603 | U27: =S27/Q27 -> 0.96932702 | V27: =R27/L27 -> 0.94683083 | W27: =S27/M27 -> 0.90167364 | AB27: 0 | AC27: =AB27+AC26 -> 0 | AD27: =AB27/P27 -> 0 | AE27: =AC27/Q27 -> 0 | AF27: =IF(AND(R27>0,AB27>0),(AB27/(R27*1000))*1000,0) -> 0 | AG27: =IF(AND(S27>0,AC27>0),AC27/S27,0) -> 0 | AH27: =+BF27+BG27 -> 103.564 | AI27: =AH27+AI26 -> 2190.84 | AJ27: =AH27/(P27) -> 1.5800925 | AK27: =AI27/(Q27) -> 2.0672983 | AL27: =IF(AND(R27>0,AH27>0),AH27/(R27),0) -> 1.6223448 | AM27: =IF(AND(S27>0,AI27>0),AI27/(S27),0) -> 2.132715 | AN27: 19.2 | AO27: =AN27+AO26 -> 313.9 | AP27: =AN27/(P27) -> 0.29293746 | AQ27: =AO27/(Q27) -> 0.29619914 | AR27: =IF(AND(R27>0,AN27>0),AN27/(R27),0) -> 0.30077072 | AS27: =IF(AND(S27>0,AO27>0),AO27/(S27),0) -> 0.30557194 | AT27: ='19'!I46 -> 30474.55 | AU27: =AT27+AU26 -> 678405.01 | AV27: =IF(AND(L27>0,AT27>0),(AT27/(P27*1000)*1000),0) -> 464.95507 | AW27: =IF(AND(M27>0,AU27>0),(AU27/(Q27*1000)*1000),0) -> 640.14967 | AX27: =IF(AND(R27>0,AT27>0),(AT27/(R27*1000)*1000),0) -> 477.38815 | AY27: =IF(AND(S27>0,AU27>0),(AU27/(S27*1000)*1000),0) -> 660.4063 | AZ27: =+Listrik!AH26 -> 30624 | BA27: =AZ27+BA26 -> 493151 | BB27: =IF(AND(L27>0,AZ27>0),(AZ27/(P27*1000)*1000),0) -> 467.23525 | BC27: =IF(AND(M27>0,BA27>0),(BA27/(Q27*1000)*1000),0) -> 465.34215 | BD27: =IF(AND(R27>0,AZ27>0),(AZ27/(R27*1000)*1000),0) -> 479.72931 | BE27: =IF(AND(S27>0,BA27>0),(BA27/(S27*1000)*1000),0) -> 480.06725 | BF27: =8.625 -> 8.625 | BG27: 94.939 | BH27: =+SUM(Efficiency2!K93:K94) -> 67.420703 | BI27: =BI26+BH27 -> 1130.9137 | BJ27: =+R27/BH27 -> 0.94683083 | BK27: =+S27/BI27 -> 0.90833988
A28: =A27+1 -> 45920 | B28: Towel | C28: 37,5/38 | D28: =+'20'!F42 -> 423.57639 | E28: =+'20'!G42 -> 372.74722 | F28: =1-(E28/D28) -> 0.12 | G28: =+P28/N28 -> 1.0185433 | H28: =+P28/L28 -> 0.99532336 | I28: =+R28/P28 -> 0.99634908 | J28: =+R28/L28 -> 0.99168952 | K28: =+S28/M28 -> 0.90658664 | L28: =+SUM(Efficiency1!K97:K98) -> 65.770585 | M28: =M27+L28 -> 1205.0453 | N28: =+SUM(Efficiency1!C97:C98) -> 64.271203 | O28: =O27+N28 -> 1199.4269 | P28: ='20'!I38 -> 65.463 | Q28: =Q27+P28 -> 1125.223 | R28: ='20'!I40 -> 65.224 | S28: =S27+R28 -> 1092.478 | T28: =R28/P28 -> 0.99634908 | U28: =S28/Q28 -> 0.9708991 | V28: =R28/L28 -> 0.99168952 | W28: =S28/M28 -> 0.90658664 | AB28: 0 | AC28: =AB28+AC27 -> 0 | AD28: =AB28/P28 -> 0 | AE28: =AC28/Q28 -> 0 | AF28: =IF(AND(R28>0,AB28>0),(AB28/(R28*1000))*1000,0) -> 0 | AG28: =IF(AND(S28>0,AC28>0),AC28/S28,0) -> 0 | AH28: =+BF28+BG28 -> 106.863 | AI28: =AH28+AI27 -> 2297.703 | AJ28: =AH28/(P28) -> 1.6324183 | AK28: =AI28/(Q28) -> 2.0419979 | AL28: =IF(AND(R28>0,AH28>0),AH28/(R28),0) -> 1.6384 | AM28: =IF(AND(S28>0,AI28>0),AI28/(S28),0) -> 2.103203 | AN28: 19.2 | AO28: =AN28+AO27 -> 333.1 | AP28: =AN28/(P28) -> 0.29329545 | AQ28: =AO28/(Q28) -> 0.29603021 | AR28: =IF(AND(R28>0,AN28>0),AN28/(R28),0) -> 0.29437017 | AS28: =IF(AND(S28>0,AO28>0),AO28/(S28),0) -> 0.30490317 | AT28: ='20'!I46 -> 31571.82 | AU28: =AT28+AU27 -> 709976.83 | AV28: =IF(AND(L28>0,AT28>0),(AT28/(P28*1000)*1000),0) -> 482.28495 | AW28: =IF(AND(M28>0,AU28>0),(AU28/(Q28*1000)*1000),0) -> 630.96544 | AX28: =IF(AND(R28>0,AT28>0),(AT28/(R28*1000)*1000),0) -> 484.05219 | AY28: =IF(AND(S28>0,AU28>0),(AU28/(S28*1000)*1000),0) -> 649.87746 | AZ28: =+Listrik!AH27 -> 31607 | BA28: =AZ28+BA27 -> 524758 | BB28: =IF(AND(L28>0,AZ28>0),(AZ28/(P28*1000)*1000),0) -> 482.82236 | BC28: =IF(AND(M28>0,BA28>0),(BA28/(Q28*1000)*1000),0) -> 466.35911 | BD28: =IF(AND(R28>0,AZ28>0),(AZ28/(R28*1000)*1000),0) -> 484.59156 | BE28: =IF(AND(S28>0,BA28>0),(BA28/(S28*1000)*1000),0) -> 480.33736 | BF28: =9.321 -> 9.321 | BG28: 97.542 | BH28: =+SUM(Efficiency2!K97:K98) -> 65.770585 | BI28: =BI27+BH28 -> 1196.6843 | BJ28: =+R28/BH28 -> 0.99168952 | BK28: =+S28/BI28 -> 0.91292083
A29: =A28+1 -> 45921 | B29: Towel | C29: 37,5/38/35 | D29: =+'21'!F42 -> 428 | E29: =+'21'!G42 -> 376.64 | F29: =1-(E29/D29) -> 0.12 | G29: =+P29/N29 -> 1.0301224 | H29: =+P29/L29 -> 1.0012504 | I29: =+R29/P29 -> 0.98512323 | J29: =+R29/L29 -> 0.986355 | K29: =+S29/M29 -> 0.91078019 | L29: =+SUM(Efficiency1!K101:K103) -> 66.866392 | M29: =M28+L29 -> 1271.9117 | N29: =+SUM(Efficiency1!C101:C103) -> 64.992277 | O29: =O28+N29 -> 1264.4191 | P29: ='21'!I38 -> 66.95 | Q29: =Q28+P29 -> 1192.173 | R29: ='21'!I40 -> 65.954 | S29: =S28+R29 -> 1158.432 | T29: =R29/P29 -> 0.98512323 | U29: =S29/Q29 -> 0.9716979 | V29: =R29/L29 -> 0.986355 | W29: =S29/M29 -> 0.91078019 | AB29: 0 | AC29: =AB29+AC28 -> 0 | AD29: =AB29/P29 -> 0 | AE29: =AC29/Q29 -> 0 | AF29: =IF(AND(R29>0,AB29>0),(AB29/(R29*1000))*1000,0) -> 0 | AG29: =IF(AND(S29>0,AC29>0),AC29/S29,0) -> 0 | AH29: =+BF29+BG29 -> 103.867 | AI29: =AH29+AI28 -> 2401.57 | AJ29: =AH29/(P29) -> 1.5514115 | AK29: =AI29/(Q29) -> 2.0144476 | AL29: =IF(AND(R29>0,AH29>0),AH29/(R29),0) -> 1.57484 | AM29: =IF(AND(S29>0,AI29>0),AI29/(S29),0) -> 2.0731213 | AN29: 19 | AO29: =AN29+AO28 -> 352.1 | AP29: =AN29/(P29) -> 0.28379388 | AQ29: =AO29/(Q29) -> 0.29534304 | AR29: =IF(AND(R29>0,AN29>0),AN29/(R29),0) -> 0.28807957 | AS29: =IF(AND(S29>0,AO29>0),AO29/(S29),0) -> 0.30394533 | AT29: ='21'!I46 -> 32204.82 | AU29: =AT29+AU28 -> 742181.65 | AV29: =IF(AND(L29>0,AT29>0),(AT29/(P29*1000)*1000),0) -> 481.02793 | AW29: =IF(AND(M29>0,AU29>0),(AU29/(Q29*1000)*1000),0) -> 622.54526 | AX29: =IF(AND(R29>0,AT29>0),(AT29/(R29*1000)*1000),0) -> 488.29214 | AY29: =IF(AND(S29>0,AU29>0),(AU29/(S29*1000)*1000),0) -> 640.67779 | AZ29: =+Listrik!AH28 -> 30826 | BA29: =AZ29+BA28 -> 555584 | BB29: =IF(AND(L29>0,AZ29>0),(AZ29/(P29*1000)*1000),0) -> 460.43316 | BC29: =IF(AND(M29>0,BA29>0),(BA29/(Q29*1000)*1000),0) -> 466.02632 | BD29: =IF(AND(R29>0,AZ29>0),(AZ29/(R29*1000)*1000),0) -> 467.38636 | BE29: =IF(AND(S29>0,BA29>0),(BA29/(S29*1000)*1000),0) -> 479.60001 | BF29: =8.747 -> 8.747 | BG29: 95.12 | BH29: =+SUM(Efficiency2!K101:K103) -> 66.866392 | BI29: =BI28+BH29 -> 1263.5507 | BJ29: =+R29/BH29 -> 0.986355 | BK29: =+S29/BI29 -> 0.91680693
A30: =A29+1 -> 45922 | B30: Towel | C30: 35/34 | D30: =+'22'!F42 -> 462.5 | E30: =+'22'!G42 -> 407 | F30: =1-(E30/D30) -> 0.12 | G30: =+P30/N30 -> 0.90397573 | H30: =+P30/L30 -> 0.89430301 | I30: =+R30/P30 -> 0.98115409 | J30: =+R30/L30 -> 0.87744905 | K30: =+S30/M30 -> 0.90908735 | L30: =+SUM(Efficiency1!K106:K107) -> 68.055233 | M30: =M29+L30 -> 1339.967 | N30: =+SUM(Efficiency1!C106:C107) -> 67.327029 | O30: =O29+N30 -> 1331.7462 | P30: ='22'!I38 -> 60.862 | Q30: =Q29+P30 -> 1253.035 | R30: ='22'!I40 -> 59.715 | S30: =S29+R30 -> 1218.147 | T30: =R30/P30 -> 0.98115409 | U30: =S30/Q30 -> 0.9721572 | V30: =R30/L30 -> 0.87744905 | W30: =S30/M30 -> 0.90908735 | AB30: 0 | AC30: =AB30+AC29 -> 0 | AD30: =AB30/P30 -> 0 | AE30: =AC30/Q30 -> 0 | AF30: =IF(AND(R30>0,AB30>0),(AB30/(R30*1000))*1000,0) -> 0 | AG30: =IF(AND(S30>0,AC30>0),AC30/S30,0) -> 0 | AH30: =+BF30+BG30 -> 110.496 | AI30: =AH30+AI29 -> 2512.066 | AJ30: =AH30/(P30) -> 1.8155171 | AK30: =AI30/(Q30) -> 2.0047852 | AL30: =IF(AND(R30>0,AH30>0),AH30/(R30),0) -> 1.8503893 | AM30: =IF(AND(S30>0,AI30>0),AI30/(S30),0) -> 2.0622027 | AN30: 19.2 | AO30: =AN30+AO29 -> 371.3 | AP30: =AN30/(P30) -> 0.31546778 | AQ30: =AO30/(Q30) -> 0.29632053 | AR30: =IF(AND(R30>0,AN30>0),AN30/(R30),0) -> 0.32152725 | AS30: =IF(AND(S30>0,AO30>0),AO30/(S30),0) -> 0.30480722 | AT30: ='22'!I46 -> 29536.63 | AU30: =AT30+AU29 -> 771718.28 | AV30: =IF(AND(L30>0,AT30>0),(AT30/(P30*1000)*1000),0) -> 485.30495 | AW30: =IF(AND(M30>0,AU30>0),(AU30/(Q30*1000)*1000),0) -> 615.87927 | AX30: =IF(AND(R30>0,AT30>0),(AT30/(R30*1000)*1000),0) -> 494.62664 | AY30: =IF(AND(S30>0,AU30>0),(AU30/(S30*1000)*1000),0) -> 633.51819 | AZ30: =+Listrik!AH29 -> 32511 | BA30: =AZ30+BA29 -> 588095 | BB30: =IF(AND(L30>0,AZ30>0),(AZ30/(P30*1000)*1000),0) -> 534.17568 | BC30: =IF(AND(M30>0,BA30>0),(BA30/(Q30*1000)*1000),0) -> 469.33645 | BD30: =IF(AND(R30>0,AZ30>0),(AZ30/(R30*1000)*1000),0) -> 544.43607 | BE30: =IF(AND(S30>0,BA30>0),(BA30/(S30*1000)*1000),0) -> 482.77835 | BF30: =11.785 -> 11.785 | BG30: 98.711 | BH30: =+SUM(Efficiency2!K106:K107) -> 68.055233 | BI30: =BI29+BH30 -> 1331.6059 | BJ30: =+R30/BH30 -> 0.87744905 | BK30: =+S30/BI30 -> 0.91479544
A31: =A30+1 -> 45923 | B31: Towel | C31: 34/33,5 | D31: =+'23'!F42 -> 475.48611 | E31: =+'23'!G42 -> 418.42778 | F31: =1-(E31/D31) -> 0.12 | G31: =+P31/N31 -> 1.0195275 | H31: =+P31/L31 -> 1.0094367 | I31: =+R31/P31 -> 0.95424309 | J31: =+R31/L31 -> 0.96324801 | K31: =+S31/M31 -> 0.91163977 | L31: =+SUM(Efficiency1!K112:K113) -> 66.271614 | M31: =M30+L31 -> 1406.2386 | N31: =+SUM(Efficiency1!C112:C113) -> 65.615688 | O31: =O30+N31 -> 1397.3619 | P31: ='23'!I38 -> 66.897 | Q31: =Q30+P31 -> 1319.932 | R31: ='23'!I40 -> 63.836 | S31: =S30+R31 -> 1281.983 | T31: =R31/P31 -> 0.95424309 | U31: =S31/Q31 -> 0.97124928 | V31: =R31/L31 -> 0.96324801 | W31: =S31/M31 -> 0.91163977 | AB31: 0 | AC31: =AB31+AC30 -> 0 | AD31: =AB31/P31 -> 0 | AE31: =AC31/Q31 -> 0 | AF31: =IF(AND(R31>0,AB31>0),(AB31/(R31*1000))*1000,0) -> 0 | AG31: =IF(AND(S31>0,AC31>0),AC31/S31,0) -> 0 | AH31: =+BF31+BG31 -> 139.111 | AI31: =AH31+AI30 -> 2651.177 | AJ31: =AH31/(P31) -> 2.0794804 | AK31: =AI31/(Q31) -> 2.0085709 | AL31: =IF(AND(R31>0,AH31>0),AH31/(R31),0) -> 2.1791936 | AM31: =IF(AND(S31>0,AI31>0),AI31/(S31),0) -> 2.0680282 | AN31: 19.5 | AO31: =AN31+AO30 -> 390.8 | AP31: =AN31/(P31) -> 0.29149289 | AQ31: =AO31/(Q31) -> 0.29607586 | AR31: =IF(AND(R31>0,AN31>0),AN31/(R31),0) -> 0.30547027 | AS31: =IF(AND(S31>0,AO31>0),AO31/(S31),0) -> 0.30484024 | AT31: ='23'!I46 -> 32669.65 | AU31: =AT31+AU30 -> 804387.93 | AV31: =IF(AND(L31>0,AT31>0),(AT31/(P31*1000)*1000),0) -> 488.35747 | AW31: =IF(AND(M31>0,AU31>0),(AU31/(Q31*1000)*1000),0) -> 609.41619 | AX31: =IF(AND(R31>0,AT31>0),(AT31/(R31*1000)*1000),0) -> 511.7747 | AY31: =IF(AND(S31>0,AU31>0),(AU31/(S31*1000)*1000),0) -> 627.456 | AZ31: =+Listrik!AH30 -> 30551 | BA31: =AZ31+BA30 -> 618646 | BB31: =IF(AND(L31>0,AZ31>0),(AZ31/(P31*1000)*1000),0) -> 456.68715 | BC31: =IF(AND(M31>0,BA31>0),(BA31/(Q31*1000)*1000),0) -> 468.69536 | BD31: =IF(AND(R31>0,AZ31>0),(AZ31/(R31*1000)*1000),0) -> 478.58575 | BE31: =IF(AND(S31>0,BA31>0),(BA31/(S31*1000)*1000),0) -> 482.56958 | BF31: =32.183 -> 32.183 | BG31: 106.928 | BH31: =+SUM(Efficiency2!K112:K113) -> 66.271614 | BI31: =BI30+BH31 -> 1397.8775 | BJ31: =+R31/BH31 -> 0.96324801 | BK31: =+S31/BI31 -> 0.91709251
A32: =A31+1 -> 45924 | B32: Towel | C32: 33,5/31,5 | D32: =+'24'!F42 -> 497.3125 | E32: =+'24'!G42 -> 437.635 | F32: =1-(E32/D32) -> 0.12 | G32: =+P32/N32 -> 0.90225012 | H32: =+P32/L32 -> 0.89966714 | I32: =+R32/P32 -> 0.97197028 | J32: =+R32/L32 -> 0.87444972 | K32: =+S32/M32 -> 0.90992988 | L32: =+SUM(Efficiency1!K117:K118) -> 67.77062 | M32: =M31+L32 -> 1474.0092 | N32: =+SUM(Efficiency1!C117:C118) -> 67.576605 | O32: =O31+N32 -> 1464.9385 | P32: ='24'!I38 -> 60.971 | Q32: =Q31+P32 -> 1380.903 | R32: ='24'!I40 -> 59.262 | S32: =S31+R32 -> 1341.245 | T32: =R32/P32 -> 0.97197028 | U32: =S32/Q32 -> 0.97128111 | V32: =R32/L32 -> 0.87444972 | W32: =S32/M32 -> 0.90992988 | AB32: 0 | AC32: =AB32+AC31 -> 0 | AD32: =AB32/P32 -> 0 | AE32: =AC32/Q32 -> 0 | AF32: =IF(AND(R32>0,AB32>0),(AB32/(R32*1000))*1000,0) -> 0 | AG32: =IF(AND(S32>0,AC32>0),AC32/S32,0) -> 0 | AH32: =+BF32+BG32 -> 133.193 | AI32: =AH32+AI31 -> 2784.37 | AJ32: =AH32/(P32) -> 2.1845304 | AK32: =AI32/(Q32) -> 2.01634 | AL32: =IF(AND(R32>0,AH32>0),AH32/(R32),0) -> 2.2475279 | AM32: =IF(AND(S32>0,AI32>0),AI32/(S32),0) -> 2.0759593 | AN32: 16.8 | AO32: =AN32+AO31 -> 407.6 | AP32: =AN32/(P32) -> 0.27554083 | AQ32: =AO32/(Q32) -> 0.29516918 | AR32: =IF(AND(R32>0,AN32>0),AN32/(R32),0) -> 0.28348689 | AS32: =IF(AND(S32>0,AO32>0),AO32/(S32),0) -> 0.30389675 | AT32: =+'24'!I46 -> 30165.65 | AU32: =AT32+AU31 -> 834553.58 | AV32: =IF(AND(L32>0,AT32>0),(AT32/(P32*1000)*1000),0) -> 494.75406 | AW32: =IF(AND(M32>0,AU32>0),(AU32/(Q32*1000)*1000),0) -> 604.35351 | AX32: =IF(AND(R32>0,AT32>0),(AT32/(R32*1000)*1000),0) -> 509.0218 | AY32: =IF(AND(S32>0,AU32>0),(AU32/(S32*1000)*1000),0) -> 622.22307 | AZ32: =+Listrik!AH31 -> 21761 | BA32: =AZ32+BA31 -> 640407 | BB32: =IF(AND(L32>0,AZ32>0),(AZ32/(P32*1000)*1000),0) -> 356.90738 | BC32: =IF(AND(M32>0,BA32>0),(BA32/(Q32*1000)*1000),0) -> 463.75958 | BD32: =IF(AND(R32>0,AZ32>0),(AZ32/(R32*1000)*1000),0) -> 367.19989 | BE32: =IF(AND(S32>0,BA32>0),(BA32/(S32*1000)*1000),0) -> 477.47205 | BF32: =30.74 -> 30.74 | BG32: 102.453 | BH32: =+SUM(Efficiency2!K117:K118) -> 67.77062 | BI32: =BI31+BH32 -> 1465.6481 | BJ32: =+R32/BH32 -> 0.87444972 | BK32: =+S32/BI32 -> 0.91512074
A33: =A32+1 -> 45925 | B33: Towel | C33: 31,5 | D33: =+'25'!F42 -> 505.13889 | E33: =+'25'!G42 -> 444.52222 | F33: =1-(E33/D33) -> 0.12 | G33: =+P33/N33 -> 0.9765565 | H33: =+P33/L33 -> 0.94864743 | I33: =+R33/P33 -> 0.92477806 | J33: =+R33/L33 -> 0.87728833 | K33: =+S33/M33 -> 0.9085161 | L33: =+Efficiency1!K123 -> 66.732906 | M33: =M32+L33 -> 1540.7421 | N33: =+Efficiency1!C123 -> 64.825743 | O33: =O32+N33 -> 1529.7642 | P33: ='25'!I38 -> 63.306 | Q33: =Q32+P33 -> 1444.209 | R33: ='25'!I40 -> 58.544 | S33: =S32+R33 -> 1399.789 | T33: =R33/P33 -> 0.92477806 | U33: =S33/Q33 -> 0.96924268 | V33: =R33/L33 -> 0.87728833 | W33: =S33/M33 -> 0.9085161 | AB33: 0 | AC33: =AB33+AC32 -> 0 | AD33: =AB33/P33 -> 0 | AE33: =AC33/Q33 -> 0 | AF33: =IF(AND(R33>0,AB33>0),(AB33/(R33*1000))*1000,0) -> 0 | AG33: =IF(AND(S33>0,AC33>0),AC33/S33,0) -> 0 | AH33: =+BF33+BG33 -> 152.683 | AI33: =AH33+AI32 -> 2937.053 | AJ33: =AH33/(P33) -> 2.4118251 | AK33: =AI33/(Q33) -> 2.0336759 | AL33: =IF(AND(R33>0,AH33>0),AH33/(R33),0) -> 2.6080042 | AM33: =IF(AND(S33>0,AI33>0),AI33/(S33),0) -> 2.0982112 | AN33: 14.4 | AO33: =AN33+AO32 -> 422 | AP33: =AN33/(P33) -> 0.22746659 | AQ33: =AO33/(Q33) -> 0.29220147 | AR33: =IF(AND(R33>0,AN33>0),AN33/(R33),0) -> 0.24596884 | AS33: =IF(AND(S33>0,AO33>0),AO33/(S33),0) -> 0.30147401 | AT33: =+'25'!I46 -> 34987.03 | AU33: =AT33+AU32 -> 869540.61 | AV33: =IF(AND(L33>0,AT33>0),(AT33/(P33*1000)*1000),0) -> 552.66531 | AW33: =IF(AND(M33>0,AU33>0),(AU33/(Q33*1000)*1000),0) -> 602.08779 | AX33: =IF(AND(R33>0,AT33>0),(AT33/(R33*1000)*1000),0) -> 597.6194 | AY33: =IF(AND(S33>0,AU33>0),(AU33/(S33*1000)*1000),0) -> 621.19406 | AZ33: =+Listrik!AH32 -> 28158 | BA33: =AZ33+BA32 -> 668565 | BB33: =IF(AND(L33>0,AZ33>0),(AZ33/(P33*1000)*1000),0) -> 444.79196 | BC33: =IF(AND(M33>0,BA33>0),(BA33/(Q33*1000)*1000),0) -> 462.92815 | BD33: =IF(AND(R33>0,AZ33>0),(AZ33/(R33*1000)*1000),0) -> 480.97158 | BE33: =IF(AND(S33>0,BA33>0),(BA33/(S33*1000)*1000),0) -> 477.61841 | BF33: =35.215 -> 35.215 | BG33: 117.468 | BH33: =+Efficiency2!K123 -> 66.732906 | BI33: =BI32+BH33 -> 1532.381 | BJ33: =+R33/BH33 -> 0.87728833 | BK33: =+S33/BI33 -> 0.91347319
A34: =A33+1 -> 45926 | B34: Towel | C34: 31,5/30,5 | D34: =+'26'!F42 -> 529.13194 | E34: =+'26'!G42 -> 465.63611 | F34: =1-(E34/D34) -> 0.12 | G34: =+P34/N34 -> 0.93434591 | H34: =+P34/L34 -> 0.93434591 | I34: =+R34/P34 -> 1.0114634 | J34: =+R34/L34 -> 0.94505665 | K34: =+S34/M34 -> 0.91005387 | L34: =+SUM(Efficiency1!K128:K129) -> 67.689064 | M34: =M33+L34 -> 1608.4312 | N34: =+SUM(Efficiency1!C128:C129) -> 67.689064 | O34: =O33+N34 -> 1597.4533 | P34: ='26'!I38 -> 63.245 | Q34: =Q33+P34 -> 1507.454 | R34: ='26'!I40 -> 63.97 | S34: =S33+R34 -> 1463.759 | T34: =R34/P34 -> 1.0114634 | U34: =S34/Q34 -> 0.97101404 | V34: =R34/L34 -> 0.94505665 | W34: =S34/M34 -> 0.91005387 | AB34: 0 | AC34: =AB34+AC33 -> 0 | AD34: =AB34/P34 -> 0 | AE34: =AC34/Q34 -> 0 | AF34: =IF(AND(R34>0,AB34>0),(AB34/(R34*1000))*1000,0) -> 0 | AG34: =IF(AND(S34>0,AC34>0),AC34/S34,0) -> 0 | AH34: =+BF34+BG34 -> 138.879 | AI34: =AH34+AI33 -> 3075.932 | AJ34: =AH34/(P34) -> 2.195889 | AK34: =AI34/(Q34) -> 2.0404815 | AL34: =IF(AND(R34>0,AH34>0),AH34/(R34),0) -> 2.171002 | AM34: =IF(AND(S34>0,AI34>0),AI34/(S34),0) -> 2.1013924 | AN34: 16 | AO34: =AN34+AO33 -> 438 | AP34: =AN34/(P34) -> 0.25298443 | AQ34: =AO34/(Q34) -> 0.29055613 | AR34: =IF(AND(R34>0,AN34>0),AN34/(R34),0) -> 0.25011724 | AS34: =IF(AND(S34>0,AO34>0),AO34/(S34),0) -> 0.29922959 | AT34: ='26'!I46 -> 32269.03 | AU34: =AT34+AU33 -> 901809.64 | AV34: =IF(AND(L34>0,AT34>0),(AT34/(P34*1000)*1000),0) -> 510.22263 | AW34: =IF(AND(M34>0,AU34>0),(AU34/(Q34*1000)*1000),0) -> 598.2336 | AX34: =IF(AND(R34>0,AT34>0),(AT34/(R34*1000)*1000),0) -> 504.44005 | AY34: =IF(AND(S34>0,AU34>0),(AU34/(S34*1000)*1000),0) -> 616.09161 | AZ34: =+Listrik!AH33 -> 25716 | BA34: =AZ34+BA33 -> 694281 | BB34: =IF(AND(L34>0,AZ34>0),(AZ34/(P34*1000)*1000),0) -> 406.60922 | BC34: =IF(AND(M34>0,BA34>0),(BA34/(Q34*1000)*1000),0) -> 460.5653 | BD34: =IF(AND(R34>0,AZ34>0),(AZ34/(R34*1000)*1000),0) -> 402.00094 | BE34: =IF(AND(S34>0,BA34>0),(BA34/(S34*1000)*1000),0) -> 474.31374 | BF34: =28.715 -> 28.715 | BG34: 110.164 | BH34: =+SUM(Efficiency2!K128:K129) -> 67.689064 | BI34: =BI33+BH34 -> 1600.0701 | BJ34: =+R34/BH34 -> 0.94505665 | BK34: =+S34/BI34 -> 0.9148093
A35: =A34+1 -> 45927 | B35: Towel | C35: 30,5 | D35: =+'27'!F42 -> 569.78723 | E35: =+'27'!G42 -> 501.41277 | F35: =1-(E35/D35) -> 0.12 | G35: =+P35/N35 -> 0.97916512 | H35: =+P35/L35 -> 0.97916512 | I35: =+R35/P35 -> 0.99598269 | J35: =+R35/L35 -> 0.97523151 | K35: =+S35/M35 -> 0.91286328 | L35: =+Efficiency1!K134 -> 72.45254 | M35: =M34+L35 -> 1680.8837 | N35: =+Efficiency1!C134 -> 72.45254 | O35: =O34+N35 -> 1669.9058 | P35: ='27'!I38 -> 70.943 | Q35: =Q34+P35 -> 1578.397 | R35: ='27'!I40 -> 70.658 | S35: =S34+R35 -> 1534.417 | T35: =R35/P35 -> 0.99598269 | U35: =S35/Q35 -> 0.97213629 | V35: =R35/L35 -> 0.97523151 | W35: =S35/M35 -> 0.91286328 | AB35: 0 | AC35: =AB35+AC34 -> 0 | AD35: =AB35/P35 -> 0 | AE35: =AC35/Q35 -> 0 | AF35: =IF(AND(R35>0,AB35>0),(AB35/(R35*1000))*1000,0) -> 0 | AG35: =IF(AND(S35>0,AC35>0),AC35/S35,0) -> 0 | AH35: =+BF35+BG35 -> 149.614 | AI35: =AH35+AI34 -> 3225.546 | AJ35: =AH35/(P35) -> 2.1089325 | AK35: =AI35/(Q35) -> 2.0435581 | AL35: =IF(AND(R35>0,AH35>0),AH35/(R35),0) -> 2.1174389 | AM35: =IF(AND(S35>0,AI35>0),AI35/(S35),0) -> 2.1021313 | AN35: 17 | AO35: =AN35+AO34 -> 455 | AP35: =AN35/(P35) -> 0.239629 | AQ35: =AO35/(Q35) -> 0.28826715 | AR35: =IF(AND(R35>0,AN35>0),AN35/(R35),0) -> 0.24059554 | AS35: =IF(AND(S35>0,AO35>0),AO35/(S35),0) -> 0.29652956 | AT35: ='27'!I46 -> 36184.15 | AU35: =AT35+AU34 -> 937993.79 | AV35: =IF(AND(L35>0,AT35>0),(AT35/(P35*1000)*1000),0) -> 510.04539 | AW35: =IF(AND(M35>0,AU35>0),(AU35/(Q35*1000)*1000),0) -> 594.26988 | AX35: =IF(AND(R35>0,AT35>0),(AT35/(R35*1000)*1000),0) -> 512.10266 | AY35: =IF(AND(S35>0,AU35>0),(AU35/(S35*1000)*1000),0) -> 611.30305 | AZ35: =+Listrik!AH34 -> 27214 | BA35: =AZ35+BA34 -> 721495 | BB35: =IF(AND(L35>0,AZ35>0),(AZ35/(P35*1000)*1000),0) -> 383.60374 | BC35: =IF(AND(M35>0,BA35>0),(BA35/(Q35*1000)*1000),0) -> 457.10617 | BD35: =IF(AND(R35>0,AZ35>0),(AZ35/(R35*1000)*1000),0) -> 385.15101 | BE35: =IF(AND(S35>0,BA35>0),(BA35/(S35*1000)*1000),0) -> 470.2079 | BF35: =31.956 -> 31.956 | BG35: 117.658 | BH35: =+Efficiency2!K134 -> 72.45254 | BI35: =BI34+BH35 -> 1672.5226 | BJ35: =+R35/BH35 -> 0.97523151 | BK35: =+S35/BI35 -> 0.91742674
A36: =A35+1 -> 45928 | B36: Towel | C36: 30,5/31,5/36 | D36: =+'28'!F42 -> 525.79167 | E36: =+'28'!G42 -> 462.69667 | F36: =1-(E36/D36) -> 0.12 | G36: =+P36/N36 -> 0.99084757 | H36: =+P36/L36 -> 0.98704621 | I36: =+R36/P36 -> 0.97839415 | J36: =+R36/L36 -> 0.96572024 | K36: =+S36/M36 -> 0.91504053 | L36: =+SUM(Efficiency1!K139:K141) -> 72.212425 | M36: =M35+L36 -> 1753.0961 | N36: =+SUM(Efficiency1!C139:C141) -> 71.935383 | O36: =O35+N36 -> 1741.8412 | P36: ='28'!I38 -> 71.277 | Q36: =Q35+P36 -> 1649.674 | R36: ='28'!I40 -> 69.737 | S36: =S35+R36 -> 1604.154 | T36: =R36/P36 -> 0.97839415 | U36: =S36/Q36 -> 0.97240667 | V36: =R36/L36 -> 0.96572024 | W36: =S36/M36 -> 0.91504053 | AB36: 0 | AC36: =AB36+AC35 -> 0 | AD36: =AB36/P36 -> 0 | AE36: =AC36/Q36 -> 0 | AF36: =IF(AND(R36>0,AB36>0),(AB36/(R36*1000))*1000,0) -> 0 | AG36: =IF(AND(S36>0,AC36>0),AC36/S36,0) -> 0 | AH36: =+BF36+BG36 -> 144.041 | AI36: =AH36+AI35 -> 3369.587 | AJ36: =AH36/(P36) -> 2.0208623 | AK36: =AI36/(Q36) -> 2.0425775 | AL36: =IF(AND(R36>0,AH36>0),AH36/(R36),0) -> 2.0654889 | AM36: =IF(AND(S36>0,AI36>0),AI36/(S36),0) -> 2.1005384 | AN36: 17 | AO36: =AN36+AO35 -> 472 | AP36: =AN36/(P36) -> 0.23850611 | AQ36: =AO36/(Q36) -> 0.28611714 | AR36: =IF(AND(R36>0,AN36>0),AN36/(R36),0) -> 0.24377303 | AS36: =IF(AND(S36>0,AO36>0),AO36/(S36),0) -> 0.29423609 | AT36: ='28'!I46 -> 35534.6 | AU36: =AT36+AU35 -> 973528.39 | AV36: =IF(AND(L36>0,AT36>0),(AT36/(P36*1000)*1000),0) -> 498.54231 | AW36: =IF(AND(M36>0,AU36>0),(AU36/(Q36*1000)*1000),0) -> 590.1338 | AX36: =IF(AND(R36>0,AT36>0),(AT36/(R36*1000)*1000),0) -> 509.5516 | AY36: =IF(AND(S36>0,AU36>0),(AU36/(S36*1000)*1000),0) -> 606.87963 | AZ36: =+Listrik!AH35 -> 25721 | BA36: =AZ36+BA35 -> 747216 | BB36: =IF(AND(L36>0,AZ36>0),(AZ36/(P36*1000)*1000),0) -> 360.85974 | BC36: =IF(AND(M36>0,BA36>0),(BA36/(Q36*1000)*1000),0) -> 452.94767 | BD36: =IF(AND(R36>0,AZ36>0),(AZ36/(R36*1000)*1000),0) -> 368.8286 | BE36: =IF(AND(S36>0,BA36>0),(BA36/(S36*1000)*1000),0) -> 465.80067 | BF36: =27.198 -> 27.198 | BG36: 116.843 | BH36: =+SUM(Efficiency2!K139:K141) -> 75.813966 | BI36: =BI35+BH36 -> 1748.3366 | BJ36: =+R36/BH36 -> 0.91984372 | BK36: =+S36/BI36 -> 0.91753155
A37: =A36+1 -> 45929 | B37: Towel | C37: 36/30,5/34 | D37: =+'29'!F42 -> 506.16367 | E37: =+'29'!G42 -> 445.42403 | F37: =1-(E37/D37) -> 0.12 | G37: =+P37/N37 -> 0.90298956 | H37: =+P37/L37 -> 0.9000863 | I37: =+R37/P37 -> 0.97507962 | J37: =+R37/L37 -> 0.8776558 | K37: =+S37/M37 -> 0.91356833 | L37: =+SUM(Efficiency1!K144:K146) -> 71.866442 | M37: =M36+L37 -> 1824.9626 | N37: =+SUM(Efficiency1!C144:C146) -> 71.63538 | O37: =O36+N37 -> 1813.4766 | P37: ='29'!I38 -> 64.686 | Q37: =Q36+P37 -> 1714.36 | R37: ='29'!I40 -> 63.074 | S37: =S36+R37 -> 1667.228 | T37: =R37/P37 -> 0.97507962 | U37: =S37/Q37 -> 0.97250752 | V37: =R37/L37 -> 0.8776558 | W37: =S37/M37 -> 0.91356833 | AB37: 0 | AC37: =AB37+AC36 -> 0 | AD37: =AB37/P37 -> 0 | AE37: =AC37/Q37 -> 0 | AF37: =IF(AND(R37>0,AB37>0),(AB37/(R37*1000))*1000,0) -> 0 | AG37: =IF(AND(S37>0,AC37>0),AC37/S37,0) -> 0 | AH37: =+BF37+BG37 -> 135.263 | AI37: =AH37+AI36 -> 3504.85 | AJ37: =AH37/(P37) -> 2.0910707 | AK37: =AI37/(Q37) -> 2.0444072 | AL37: =IF(AND(R37>0,AH37>0),AH37/(R37),0) -> 2.1445128 | AM37: =IF(AND(S37>0,AI37>0),AI37/(S37),0) -> 2.102202 | AN37: 17.6 | AO37: =AN37+AO36 -> 489.6 | AP37: =AN37/(P37) -> 0.2720836 | AQ37: =AO37/(Q37) -> 0.28558762 | AR37: =IF(AND(R37>0,AN37>0),AN37/(R37),0) -> 0.27903732 | AS37: =IF(AND(S37>0,AO37>0),AO37/(S37),0) -> 0.29366109 | AT37: ='29'!I46 -> 28582.76 | AU37: =AT37+AU36 -> 1002111.1 | AV37: =IF(AND(L37>0,AT37>0),(AT37/(P37*1000)*1000),0) -> 441.86934 | AW37: =IF(AND(M37>0,AU37>0),(AU37/(Q37*1000)*1000),0) -> 584.53951 | AX37: =IF(AND(R37>0,AT37>0),(AT37/(R37*1000)*1000),0) -> 453.16232 | AY37: =IF(AND(S37>0,AU37>0),(AU37/(S37*1000)*1000),0) -> 601.06425 | AZ37: =+Listrik!AH36 -> 27149 | BA37: =AZ37+BA36 -> 774365 | BB37: =IF(AND(L37>0,AZ37>0),(AZ37/(P37*1000)*1000),0) -> 419.70442 | BC37: =IF(AND(M37>0,BA37>0),(BA37/(Q37*1000)*1000),0) -> 451.69334 | BD37: =IF(AND(R37>0,AZ37>0),(AZ37/(R37*1000)*1000),0) -> 430.43092 | BE37: =IF(AND(S37>0,BA37>0),(BA37/(S37*1000)*1000),0) -> 464.46257 | BF37: =26.655 -> 26.655 | BG37: 108.608 | BH37: =+SUM(Efficiency2!K144:K146) -> 71.866442 | BI37: =BI36+BH37 -> 1820.203 | BJ37: =+R37/BH37 -> 0.8776558 | BK37: =+S37/BI37 -> 0.91595715
A38: =A37+1 -> 45930 | B38: Towel | C38: 34 | D38: =+'30'!F42 -> 516.84028 | E38: =+'30'!G42 -> 454.81944 | F38: =1-(E38/D38) -> 0.12 | G38: =+P38/N38 -> 0.87421849 | H38: =+P38/L38 -> 0.87421849 | I38: =+R38/P38 -> 1.0099232 | J38: =+R38/L38 -> 0.88289351 | K38: =+S38/M38 -> 0.91235679 | L38: =+Efficiency1!K150 -> 75.043025 | M38: =M37+L38 -> 1900.0056 | N38: =+Efficiency1!C150 -> 75.043025 | O38: =O37+N38 -> 1888.5196 | P38: ='30'!I38 -> 65.604 | Q38: =Q37+P38 -> 1779.964 | R38: ='30'!I40 -> 66.255 | S38: =S37+R38 -> 1733.483 | T38: =R38/P38 -> 1.0099232 | U38: =S38/Q38 -> 0.97388655 | V38: =R38/L38 -> 0.88289351 | W38: =S38/M38 -> 0.91235679 | AB38: 0 | AC38: =AB38+AC37 -> 0 | AD38: =AB38/P38 -> 0 | AE38: =AC38/Q38 -> 0 | AF38: =IF(AND(R38>0,AB38>0),(AB38/(R38*1000))*1000,0) -> 0 | AG38: =IF(AND(S38>0,AC38>0),AC38/S38,0) -> 0 | AH38: =+BF38+BG38 -> 135.377 | AI38: =AH38+AI37 -> 3640.227 | AJ38: =AH38/(P38) -> 2.063548 | AK38: =AI38/(Q38) -> 2.0451127 | AL38: =IF(AND(R38>0,AH38>0),AH38/(R38),0) -> 2.0432722 | AM38: =IF(AND(S38>0,AI38>0),AI38/(S38),0) -> 2.0999496 | AN38: 15.3 | AO38: =AN38+AO37 -> 504.9 | AP38: =AN38/(P38) -> 0.23321749 | AQ38: =AO38/(Q38) -> 0.28365742 | AR38: =IF(AND(R38>0,AN38>0),AN38/(R38),0) -> 0.23092597 | AS38: =IF(AND(S38>0,AO38>0),AO38/(S38),0) -> 0.29126331 | AT38: ='30'!I46 -> 28577.99 | AU38: =AT38+AU37 -> 1030689.1 | AV38: =IF(AND(L38>0,AT38>0),(AT38/(P38*1000)*1000),0) -> 435.61353 | AW38: =IF(AND(M38>0,AU38>0),(AU38/(Q38*1000)*1000),0) -> 579.05055 | AX38: =IF(AND(R38>0,AT38>0),(AT38/(R38*1000)*1000),0) -> 431.33333 | AY38: =IF(AND(S38>0,AU38>0),(AU38/(S38*1000)*1000),0) -> 594.57701 | AZ38: =+Listrik!AH37 -> 22362 | BA38: =AZ38+BA37 -> 796727 | BB38: =IF(AND(L38>0,AZ38>0),(AZ38/(P38*1000)*1000),0) -> 340.86336 | BC38: =IF(AND(M38>0,BA38>0),(BA38/(Q38*1000)*1000),0) -> 447.60849 | BD38: =IF(AND(R38>0,AZ38>0),(AZ38/(R38*1000)*1000),0) -> 337.51415 | BE38: =IF(AND(S38>0,BA38>0),(BA38/(S38*1000)*1000),0) -> 459.61051 | BF38: =30.081 -> 30.081 | BG38: 105.296 | BH38: =+Efficiency2!K150 -> 71.3951 | BI38: =BI37+BH38 -> 1891.5981 | BJ38: =+R38/BH38 -> 0.92800486 | BK38: =+S38/BI38 -> 0.91641187
J40: =+R40/L40 -> #DIV/0! | K40: =+S40/M40 -> #DIV/0!
G41: =+P41/N41 -> 0.94251815 | H41: =+P41/L41 -> 0.9368204 | I41: =+R41/P41 -> 0.97388655 | J41: =+R41/L41 -> 0.91235679 | L41: =SUM(L9:L39) -> 1900.0056 | N41: =SUM(N9:N39) -> 1888.5196 | P41: =SUM(P9:P39) -> 1779.964 | R41: =SUM(R9:R39) -> 1733.483 | T41: =R41/P41 -> 0.97388655 | V41: =(R41/L41) -> 0.91235679 | Y41: =Y38+X41 -> 0 | Z41: =IF(AND(R41>0,X41>0),X41/R41*1000,0) -> 0 | AA41: =IF(AND(S41>0,Y41>0),Y41/S41*1000,0) -> 0 | AB41: =SUM(AB9:AB39) -> 0 | AD41: =AB41/P41 -> 0 | AF41: =AB41/R41 -> 0 | AH41: =SUM(AH9:AH40) -> 3640.227 | AJ41: =AH41/P41 -> 2.0451127 | AL41: =AH41/R41 -> 2.0999496 | AN41: =SUM(AN9:AN40) -> 504.9 | AP41: =AN41/P41 -> 0.28365742 | AR41: =AN41/R41 -> 0.29126331 | AT41: =SUM(AT9:AT39) -> 1030689.1 | AV41: =AT41/P41 -> 579.05055 | AX41: =AT41/R41 -> 594.57701 | AZ41: =SUM(AZ9:AZ39) -> 796727 | BB41: =AZ41/V41 -> 873262.53 | BD41: =AZ41/R41 -> 459.61051 | BH41: =SUM(BH9:BH39) -> 1891.5981 | BJ41: =+R41/BH41 -> 0.91641187

Sheet GRAFIK

Sheet Listrik
A2: MACHINE POWER CONSUMPTION (PER PANEL)
A4: Date | B4: PM (TON) | C4: FINSHED GOODS (TON) | AC4: Total PM12 | AF4: Total DEINKING
D5: Rewinder | H5: M.DDR1LF | I5: DDR TICKLING | M5: DEFLAKER | Q5: INCOMING 3200 MCC | U5: INCOMING 1250A HOOD | Y5: INCOMING PANEL ABB DRIVE
D6: KWH | E6: Consumption | F6: /TON PM | G6: /TON FG | I6: KWH | J6: Consumption | K6: /TON PM | L6: /TON FG | M6: KWH | N6: Consumption | O6: /TON PM | P6: /TON FG | Q6: KWH | R6: Consumption | S6: /TON PM | T6: /TON FG | U6: KWH | V6: Consumption | W6: /TON PM | X6: /TON FG | Y6: KWH | Z6: Consumption | AA6: /TON PM | AB6: /TON FG | AC6: Consumption | AD6: /TON PM | AE6: /TON FG | AF6: DIP 1 | AG6: DIP 2 | AH6: TOTAL DIP | AI6: /TON PM | AJ6: /TON FG
A7: =A8-1 -> 45716 | B7: 0 | C7: 0
A8: 45717 | B8: =Report1!P9 -> 73.224 | C8: =Report1!R9 -> 73.316 | D8: =+D7+E8 -> 720.7 | E8: =+[1]DailySep!O7 -> 720.7 | F8: =E8/B8 -> 9.8424014 | G8: =E8/C8 -> 9.8300507 | H8: =+[1]DailySep!P7 -> 390.7 | I8: =+I7+J8 -> 5374 | J8: =+[1]DailySep!Q7 -> 5374 | K8: =J8/B8 -> 73.391238 | L8: =J8/C8 -> 73.299143 | M8: =+M7+N8 -> 0 | N8: =+[1]DailySep!R7 -> 0 | O8: =N8/B8 -> 0 | P8: =N8/C8 -> 0 | Q8: =+Q7+R8 -> 14347.8 | R8: =+[1]DailySep!S7 -> 14347.8 | S8: =R8/B8 -> 195.94395 | T8: =R8/C8 -> 195.69807 | U8: =+U7+V8 -> 5300.5 | V8: =+[1]DailySep!T7 -> 5300.5 | W8: =V8/B8 -> 72.387469 | X8: =V8/C8 -> 72.296634 | Y8: =+Y7+Z8 -> 5521.3 | Z8: =+[1]DailySep!U7 -> 5521.3 | AA8: =Z8/B8 -> 75.402873 | AB8: =Z8/C8 -> 75.308255 | AC8: =+E8+J8+N8+R8+V8+Z8+H8 -> 31655 | AD8: =AC8/B8 -> 432.30362 | AE8: =AC8/C8 -> 431.76114 | AF8: =+[1]DailySep!BH7 -> 31993 | AG8: =+[1]DailySep!BL7 -> 0 | AH8: =+AG8+AF8 -> 31993 | AI8: =AH8/B8 -> 436.91959 | AJ8: =AH8/C8 -> 436.37132 | AN8: Off Reel | AO8: Off Rewinder
A9: =A8+1 -> 45718 | B9: =Report1!P10 -> 59.531 | C9: =Report1!R10 -> 59.299 | D9: =+D8+E9 -> 1381.8 | E9: =+[1]DailySep!O8 -> 661.1 | F9: =E9/B9 -> 11.105138 | G9: =E9/C9 -> 11.148586 | H9: =+[1]DailySep!P8 -> 1636.7 | I9: =+I8+J9 -> 11067 | J9: =+[1]DailySep!Q8 -> 5693 | K9: =J9/B9 -> 95.630848 | L9: =J9/C9 -> 96.004992 | M9: =+M8+N9 -> 0 | N9: =+[1]DailySep!R8 -> 0 | O9: =N9/B9 -> 0 | P9: =N9/C9 -> 0 | Q9: =+Q8+R9 -> 29702.85 | R9: =+[1]DailySep!S8 -> 15355.05 | S9: =R9/B9 -> 257.93368 | T9: =R9/C9 -> 258.94282 | U9: =+U8+V9 -> 12217.65 | V9: =+[1]DailySep!T8 -> 6917.15 | W9: =V9/B9 -> 116.19408 | X9: =V9/C9 -> 116.64868 | Y9: =+Y8+Z9 -> 11761.45 | Z9: =+[1]DailySep!U8 -> 6240.15 | AA9: =Z9/B9 -> 104.82186 | AB9: =Z9/C9 -> 105.23196 | AC9: =+E9+J9+N9+R9+V9+Z9+H9 -> 36503.15 | AD9: =AC9/B9 -> 613.17885 | AE9: =AC9/C9 -> 615.57783 | AF9: =+[1]DailySep!BH8 -> 23403 | AG9: =+[1]DailySep!BL8 -> 0 | AH9: =+AG9+AF9 -> 23403 | AI9: =AH9/B9 -> 393.12291 | AJ9: =AH9/C9 -> 394.66096 | AN9: Kwh/ ton | AO9: Kwh/ ton
A10: =A9+1 -> 45719 | B10: =Report1!P11 -> 50.513 | C10: =Report1!R11 -> 41.19 | D10: =+D9+E10 -> 2083 | E10: =+[1]DailySep!O9 -> 701.2 | F10: =E10/B10 -> 13.881575 | G10: =E10/C10 -> 17.023549 | H10: =+[1]DailySep!P9 -> 959.4 | I10: =+I9+J10 -> 16412 | J10: =+[1]DailySep!Q9 -> 5345 | K10: =J10/B10 -> 105.81434 | L10: =J10/C10 -> 129.76451 | M10: =+M9+N10 -> 0 | N10: =+[1]DailySep!R9 -> 0 | O10: =N10/B10 -> 0 | P10: =N10/C10 -> 0 | Q10: =+Q9+R10 -> 43181.7 | R10: =+[1]DailySep!S9 -> 13478.85 | S10: =R10/B10 -> 266.83923 | T10: =R10/C10 -> 327.23598 | U10: =+U9+V10 -> 18632.7 | V10: =+[1]DailySep!T9 -> 6415.05 | W10: =V10/B10 -> 126.998 | X10: =V10/C10 -> 155.7429 | Y10: =+Y9+Z10 -> 16648.3 | Z10: =+[1]DailySep!U9 -> 4886.85 | AA10: =Z10/B10 -> 96.744402 | AB10: =Z10/C10 -> 118.64166 | AC10: =+E10+J10+N10+R10+V10+Z10+H10 -> 31786.35 | AD10: =AC10/B10 -> 629.27068 | AE10: =AC10/C10 -> 771.70066 | AF10: =+[1]DailySep!BH9 -> 27173 | AG10: =+[1]DailySep!BL9 -> 0 | AH10: =+AG10+AF10 -> 27173 | AI10: =AH10/B10 -> 537.94073 | AJ10: =AH10/C10 -> 659.69896 | AL10: PM | AM10: DDR 1 LF | AN10: =+F40 -> 11.26961 | AO10: =+G40 -> 11.571789
A11: =A10+1 -> 45720 | B11: =Report1!P12 -> 47.165 | C11: =Report1!R12 -> 46.571 | D11: =+D10+E11 -> 2717.8 | E11: =+[1]DailySep!O10 -> 634.8 | F11: =E11/B11 -> 13.459133 | G11: =E11/C11 -> 13.6308 | H11: =+[1]DailySep!P10 -> 1399 | I11: =+I10+J11 -> 21521 | J11: =+[1]DailySep!Q10 -> 5109 | K11: =J11/B11 -> 108.32185 | L11: =J11/C11 -> 109.70346 | M11: =+M10+N11 -> 0 | N11: =+[1]DailySep!R10 -> 0 | O11: =N11/B11 -> 0 | P11: =N11/C11 -> 0 | Q11: =+Q10+R11 -> 61031.86 | R11: =+[1]DailySep!S10 -> 17850.16 | S11: =R11/B11 -> 378.462 | T11: =R11/C11 -> 383.28917 | U11: =+U10+V11 -> 28582.66 | V11: =+[1]DailySep!T10 -> 9949.96 | W11: =V11/B11 -> 210.96067 | X11: =V11/C11 -> 213.65141 | Y11: =+Y10+Z11 -> 24695.86 | Z11: =+[1]DailySep!U10 -> 8047.56 | AA11: =Z11/B11 -> 170.62568 | AB11: =Z11/C11 -> 172.80196 | AC11: =+E11+J11+N11+R11+V11+Z11+H11 -> 42990.48 | AD11: =AC11/B11 -> 911.49115 | AE11: =AC11/C11 -> 923.11696 | AF11: =+[1]DailySep!BH10 -> 24030 | AG11: =+[1]DailySep!BL10 -> 0 | AH11: =+AG11+AF11 -> 24030 | AI11: =AH11/B11 -> 509.48797 | AJ11: =AH11/C11 -> 515.98634 | AM11: DDR TICKLING | AN11: =+K40 -> 89.07315 | AO11: =+L40 -> 91.461526
A12: =A11+1 -> 45721 | B12: =Report1!P13 -> 48.737 | C12: =Report1!R13 -> 47.639 | D12: =+D11+E12 -> 3351.8 | E12: =+[1]DailySep!O11 -> 634 | F12: =E12/B12 -> 13.008597 | G12: =E12/C12 -> 13.308424 | H12: =+[1]DailySep!P11 -> 1584.3 | I12: =+I11+J12 -> 26474 | J12: =+[1]DailySep!Q11 -> 4953 | K12: =J12/B12 -> 101.6271 | L12: =J12/C12 -> 103.96944 | M12: =+M11+N12 -> 0 | N12: =+[1]DailySep!R11 -> 0 | O12: =N12/B12 -> 0 | P12: =N12/C12 -> 0 | Q12: =+Q11+R12 -> 76777.59 | R12: =+[1]DailySep!S11 -> 15745.73 | S12: =R12/B12 -> 323.07549 | T12: =R12/C12 -> 330.52184 | U12: =+U11+V12 -> 36685.39 | V12: =+[1]DailySep!T11 -> 8102.73 | W12: =V12/B12 -> 166.25418 | X12: =V12/C12 -> 170.08606 | Y12: =+Y11+Z12 -> 30775.39 | Z12: =+[1]DailySep!U11 -> 6079.53 | AA12: =Z12/B12 -> 124.74157 | AB12: =Z12/C12 -> 127.61666 | AC12: =+E12+J12+N12+R12+V12+Z12+H12 -> 37099.29 | AD12: =AC12/B12 -> 761.21407 | AE12: =AC12/C12 -> 778.75879 | AF12: =+[1]DailySep!BH11 -> 21581 | AG12: =+[1]DailySep!BL11 -> 0 | AH12: =+AG12+AF12 -> 21581 | AI12: =AH12/B12 -> 442.80526 | AJ12: =AH12/C12 -> 453.01119 | AM12: DEFLAKER | AN12: =+O40 -> 0 | AO12: =+P40 -> 0
A13: =A12+1 -> 45722 | B13: =Report1!P14 -> 48.213 | C13: =Report1!R14 -> 47.775 | D13: =+D12+E13 -> 3989.5 | E13: =+[1]DailySep!O12 -> 637.7 | F13: =E13/B13 -> 13.226723 | G13: =E13/C13 -> 13.347985 | H13: =+[1]DailySep!P12 -> 1047.1 | I13: =+I12+J13 -> 31348 | J13: =+[1]DailySep!Q12 -> 4874 | K13: =J13/B13 -> 101.09307 | L13: =J13/C13 -> 102.01988 | M13: =+M12+N13 -> 0 | N13: =+[1]DailySep!R12 -> 0 | O13: =N13/B13 -> 0 | P13: =N13/C13 -> 0 | Q13: =+Q12+R13 -> 91522.99 | R13: =+[1]DailySep!S12 -> 14745.4 | S13: =R13/B13 -> 305.83867 | T13: =R13/C13 -> 308.6426 | U13: =+U12+V13 -> 44485.49 | V13: =+[1]DailySep!T12 -> 7800.1 | W13: =V13/B13 -> 161.78417 | X13: =V13/C13 -> 163.2674 | Y13: =+Y12+Z13 -> 36584.89 | Z13: =+[1]DailySep!U12 -> 5809.5 | AA13: =Z13/B13 -> 120.49655 | AB13: =Z13/C13 -> 121.60126 | AC13: =+E13+J13+N13+R13+V13+Z13+H13 -> 34913.8 | AD13: =AC13/B13 -> 724.15738 | AE13: =AC13/C13 -> 730.79644 | AF13: =+[1]DailySep!BH12 -> 18507 | AG13: =+[1]DailySep!BL12 -> 0 | AH13: =+AG13+AF13 -> 18507 | AI13: =AH13/B13 -> 383.85913 | AJ13: =AH13/C13 -> 387.37834 | AM13: INCOMING 3200 MCC | AN13: =+S40 -> 253.16955 | AO13: =+T40 -> 259.95795
A14: =A13+1 -> 45723 | B14: =Report1!P15 -> 48.718 | C14: =Report1!R15 -> 40.022 | D14: =+D13+E14 -> 4679.5 | E14: =+[1]DailySep!O13 -> 690 | F14: =E14/B14 -> 14.163143 | G14: =E14/C14 -> 17.240518 | H14: =+[1]DailySep!P13 -> 902 | I14: =+I13+J14 -> 36420 | J14: =+[1]DailySep!Q13 -> 5072 | K14: =J14/B14 -> 104.10936 | L14: =J14/C14 -> 126.7303 | M14: =+M13+N14 -> 0 | N14: =+[1]DailySep!R13 -> 0 | O14: =N14/B14 -> 0 | P14: =N14/C14 -> 0 | Q14: =+Q13+R14 -> 107835.78 | R14: =+[1]DailySep!S13 -> 16312.79 | S14: =R14/B14 -> 334.84113 | T14: =R14/C14 -> 407.59557 | U14: =+U13+V14 -> 53577.28 | V14: =+[1]DailySep!T13 -> 9091.79 | W14: =V14/B14 -> 186.62076 | X14: =V14/C14 -> 227.16981 | Y14: =+Y13+Z14 -> 43639.78 | Z14: =+[1]DailySep!U13 -> 7054.89 | AA14: =Z14/B14 -> 144.81075 | AB14: =Z14/C14 -> 176.2753 | AC14: =+E14+J14+N14+R14+V14+Z14+H14 -> 39123.47 | AD14: =AC14/B14 -> 803.05985 | AE14: =AC14/C14 -> 977.5491 | AF14: =+[1]DailySep!BH13 -> 22128 | AG14: =+[1]DailySep!BL13 -> 0 | AH14: =+AG14+AF14 -> 22128 | AI14: =AH14/B14 -> 454.20584 | AJ14: =AH14/C14 -> 552.89591 | AM14: INCOMING 1250A HOOD | AN14: =+W40 -> 112.149 | AO14: =+X40 -> 115.15612
A15: =A14+1 -> 45724 | B15: =Report1!P16 -> 52.146 | C15: =Report1!R16 -> 54.306 | D15: =+D14+E15 -> 5309.4 | E15: =+[1]DailySep!O14 -> 629.9 | F15: =E15/B15 -> 12.079546 | G15: =E15/C15 -> 11.599087 | H15: =+[1]DailySep!P14 -> 1348.1 | I15: =+I14+J15 -> 41439 | J15: =+[1]DailySep!Q14 -> 5019 | K15: =J15/B15 -> 96.248993 | L15: =J15/C15 -> 92.420727 | M15: =+M14+N15 -> 0 | N15: =+[1]DailySep!R14 -> 0 | O15: =N15/B15 -> 0 | P15: =N15/C15 -> 0 | Q15: =+Q14+R15 -> 123124.73 | R15: =+[1]DailySep!S14 -> 15288.95 | S15: =R15/B15 -> 293.19507 | T15: =R15/C15 -> 281.53335 | U15: =+U14+V15 -> 61704.13 | V15: =+[1]DailySep!T14 -> 8126.85 | W15: =V15/B15 -> 155.848 | X15: =V15/C15 -> 149.64921 | Y15: =+Y14+Z15 -> 49760.83 | Z15: =+[1]DailySep!U14 -> 6121.05 | AA15: =Z15/B15 -> 117.38292 | AB15: =Z15/C15 -> 112.71406 | AC15: =+E15+J15+N15+R15+V15+Z15+H15 -> 36533.85 | AD15: =AC15/B15 -> 700.60695 | AE15: =AC15/C15 -> 672.74058 | AF15: =+[1]DailySep!BH14 -> 22105 | AG15: =+[1]DailySep!BL14 -> 0 | AH15: =+AG15+AF15 -> 22105 | AI15: =AH15/B15 -> 423.90596 | AJ15: =AH15/C15 -> 407.04526 | AM15: INCOMING PANEL ABB DRIVE | AN15: =+AA40 -> 97.241337 | AO15: =+AB40 -> 99.848732
A16: =A15+1 -> 45725 | B16: =Report1!P17 -> 59.557 | C16: =Report1!R17 -> 56.868 | D16: =+D15+E16 -> 5934.3 | E16: =+[1]DailySep!O15 -> 624.9 | F16: =E16/B16 -> 10.492469 | G16: =E16/C16 -> 10.988605 | H16: =+[1]DailySep!P15 -> 1666.6 | I16: =+I15+J16 -> 46601 | J16: =+[1]DailySep!Q15 -> 5162 | K16: =J16/B16 -> 86.673271 | L16: =J16/C16 -> 90.771611 | M16: =+M15+N16 -> 0 | N16: =+[1]DailySep!R15 -> 0 | O16: =N16/B16 -> 0 | P16: =N16/C16 -> 0 | Q16: =+Q15+R16 -> 140239.64 | R16: =+[1]DailySep!S15 -> 17114.91 | S16: =R16/B16 -> 287.37025 | T16: =R16/C16 -> 300.95854 | U16: =+U15+V16 -> 71381.34 | V16: =+[1]DailySep!T15 -> 9677.21 | W16: =V16/B16 -> 162.48653 | X16: =V16/C16 -> 170.16969 | Y16: =+Y15+Z16 -> 57158.44 | Z16: =+[1]DailySep!U15 -> 7397.61 | AA16: =Z16/B16 -> 124.21059 | AB16: =Z16/C16 -> 130.08388 | AC16: =+E16+J16+N16+R16+V16+Z16+H16 -> 41643.23 | AD16: =AC16/B16 -> 699.21638 | AE16: =AC16/C16 -> 732.27879 | AF16: =+[1]DailySep!BH15 -> 23014 | AG16: =+[1]DailySep!BL15 -> 0 | AH16: =+AG16+AF16 -> 23014 | AI16: =AH16/B16 -> 386.41973 | AJ16: =AH16/C16 -> 404.69157 | AN16: =SUM(AN10:AN15) -> 562.90264 | AO16: =SUM(AO10:AO15) -> 577.99612
A17: =A16+1 -> 45726 | B17: =Report1!P18 -> 60.535 | C17: =Report1!R18 -> 58.303 | D17: =+D16+E17 -> 6709.5 | E17: =+[1]DailySep!O16 -> 775.2 | F17: =E17/B17 -> 12.805815 | G17: =E17/C17 -> 13.296057 | H17: =+[1]DailySep!P16 -> 446.5 | I17: =+I16+J17 -> 51247 | J17: =+[1]DailySep!Q16 -> 4646 | K17: =J17/B17 -> 76.748988 | L17: =J17/C17 -> 79.687152 | M17: =+M16+N17 -> 0 | N17: =+[1]DailySep!R16 -> 0 | O17: =N17/B17 -> 0 | P17: =N17/C17 -> 0 | Q17: =+Q16+R17 -> 152486.01 | R17: =+[1]DailySep!S16 -> 12246.37 | S17: =R17/B17 -> 202.3023 | T17: =R17/C17 -> 210.047 | U17: =+U16+V17 -> 77524.51 | V17: =+[1]DailySep!T16 -> 6143.17 | W17: =V17/B17 -> 101.48129 | X17: =V17/C17 -> 105.36628 | Y17: =+Y16+Z17 -> 61169.41 | Z17: =+[1]DailySep!U16 -> 4010.97 | AA17: =Z17/B17 -> 66.258693 | AB17: =Z17/C17 -> 68.795259 | AC17: =+E17+J17+N17+R17+V17+Z17+H17 -> 28268.21 | AD17: =AC17/B17 -> 466.97299 | AE17: =AC17/C17 -> 484.85001 | AF17: =+[1]DailySep!BH16 -> 29093 | AG17: =+[1]DailySep!BL16 -> 0 | AH17: =+AG17+AF17 -> 29093 | AI17: =AH17/B17 -> 480.598 | AJ17: =AH17/C17 -> 498.99662
A18: =A17+1 -> 45727 | B18: =Report1!P19 -> 47.909 | C18: =Report1!R19 -> 47.094 | D18: =+D17+E18 -> 7374.6 | E18: =+[1]DailySep!O17 -> 665.1 | F18: =E18/B18 -> 13.882569 | G18: =E18/C18 -> 14.122818 | H18: =+[1]DailySep!P17 -> 1437.5 | I18: =+I17+J18 -> 55942 | J18: =+[1]DailySep!Q17 -> 4695 | K18: =J18/B18 -> 97.998288 | L18: =J18/C18 -> 99.694229 | M18: =+M17+N18 -> 0 | N18: =+[1]DailySep!R17 -> 0 | O18: =N18/B18 -> 0 | P18: =N18/C18 -> 0 | Q18: =+Q17+R18 -> 168450.39 | R18: =+[1]DailySep!S17 -> 15964.38 | S18: =R18/B18 -> 333.22299 | T18: =R18/C18 -> 338.98968 | U18: =+U17+V18 -> 86270.99 | V18: =+[1]DailySep!T17 -> 8746.48 | W18: =V18/B18 -> 182.56445 | X18: =V18/C18 -> 185.72387 | Y18: =+Y17+Z18 -> 68097.19 | Z18: =+[1]DailySep!U17 -> 6927.78 | AA18: =Z18/B18 -> 144.60289 | AB18: =Z18/C18 -> 147.10536 | AC18: =+E18+J18+N18+R18+V18+Z18+H18 -> 38436.24 | AD18: =AC18/B18 -> 802.27598 | AE18: =AC18/C18 -> 816.16002 | AF18: =+[1]DailySep!BH17 -> 25940 | AG18: =+[1]DailySep!BL17 -> 0 | AH18: =+AG18+AF18 -> 25940 | AI18: =AH18/B18 -> 541.44315 | AJ18: =AH18/C18 -> 550.81327
A19: =A18+1 -> 45728 | B19: =Report1!P20 -> 48.259 | C19: =Report1!R20 -> 45.804 | D19: =+D18+E19 -> 7970.5 | E19: =+[1]DailySep!O18 -> 595.9 | F19: =E19/B19 -> 12.347956 | G19: =E19/C19 -> 13.009781 | H19: =+[1]DailySep!P18 -> 1614.2 | I19: =+I18+J19 -> 60903 | J19: =+[1]DailySep!Q18 -> 4961 | K19: =J19/B19 -> 102.79948 | L19: =J19/C19 -> 108.30932 | M19: =+M18+N19 -> 0 | N19: =+[1]DailySep!R18 -> 0 | O19: =N19/B19 -> 0 | P19: =N19/C19 -> 0 | Q19: =+Q18+R19 -> 183749.79 | R19: =+[1]DailySep!S18 -> 15299.4 | S19: =R19/B19 -> 317.02688 | T19: =R19/C19 -> 334.01886 | U19: =+U18+V19 -> 94460.29 | V19: =+[1]DailySep!T18 -> 8189.3 | W19: =V19/B19 -> 169.69477 | X19: =V19/C19 -> 178.79006 | Y19: =+Y18+Z19 -> 74392.79 | Z19: =+[1]DailySep!U18 -> 6295.6 | AA19: =Z19/B19 -> 130.45442 | AB19: =Z19/C19 -> 137.44651 | AC19: =+E19+J19+N19+R19+V19+Z19+H19 -> 36955.4 | AD19: =AC19/B19 -> 765.77219 | AE19: =AC19/C19 -> 806.816 | AF19: =+[1]DailySep!BH18 -> 23541 | AG19: =+[1]DailySep!BL18 -> 0 | AH19: =+AG19+AF19 -> 23541 | AI19: =AH19/B19 -> 487.80538 | AJ19: =AH19/C19 -> 513.95075
A20: =A19+1 -> 45729 | B20: =Report1!P21 -> 53.957 | C20: =Report1!R21 -> 55.234 | D20: =+D19+E20 -> 8630.3 | E20: =+[1]DailySep!O19 -> 659.8 | F20: =E20/B20 -> 12.228256 | G20: =E20/C20 -> 11.945541 | H20: =+[1]DailySep!P19 -> 1588.4 | I20: =+I19+J20 -> 66695 | J20: =+[1]DailySep!Q19 -> 5792 | K20: =J20/B20 -> 107.34474 | L20: =J20/C20 -> 104.86295 | M20: =+M19+N20 -> 0 | N20: =+[1]DailySep!R19 -> 0 | O20: =N20/B20 -> 0 | P20: =N20/C20 -> 0 | Q20: =+Q19+R20 -> 200565.42 | R20: =+[1]DailySep!S19 -> 16815.63 | S20: =R20/B20 -> 311.64872 | T20: =R20/C20 -> 304.44346 | U20: =+U19+V20 -> 104016.72 | V20: =+[1]DailySep!T19 -> 9556.43 | W20: =V20/B20 -> 177.11196 | X20: =V20/C20 -> 173.01716 | Y20: =+Y19+Z20 -> 81804.32 | Z20: =+[1]DailySep!U19 -> 7411.53 | AA20: =Z20/B20 -> 137.35993 | AB20: =Z20/C20 -> 134.1842 | AC20: =+E20+J20+N20+R20+V20+Z20+H20 -> 41823.79 | AD20: =AC20/B20 -> 775.13186 | AE20: =AC20/C20 -> 757.21096 | AF20: =+[1]DailySep!BH19 -> 24561 | AG20: =+[1]DailySep!BL19 -> 0 | AH20: =+AG20+AF20 -> 24561 | AI20: =AH20/B20 -> 455.1958 | AJ20: =AH20/C20 -> 444.67176
A21: =A20+1 -> 45730 | B21: =Report1!P22 -> 53.687 | C21: =Report1!R22 -> 53.616 | D21: =+D20+E21 -> 9262.2 | E21: =+[1]DailySep!O20 -> 631.9 | F21: =E21/B21 -> 11.770075 | G21: =E21/C21 -> 11.785661 | H21: =+[1]DailySep!P20 -> 1493.8 | I21: =+I20+J21 -> 72054 | J21: =+[1]DailySep!Q20 -> 5359 | K21: =J21/B21 -> 99.819323 | L21: =J21/C21 -> 99.951507 | M21: =+M20+N21 -> 0 | N21: =+[1]DailySep!R20 -> 0 | O21: =N21/B21 -> 0 | P21: =N21/C21 -> 0 | Q21: =+Q20+R21 -> 215209.39 | R21: =+[1]DailySep!S20 -> 14643.97 | S21: =R21/B21 -> 272.76566 | T21: =R21/C21 -> 273.12687 | U21: =+U20+V21 -> 112246.59 | V21: =+[1]DailySep!T20 -> 8229.87 | W21: =V21/B21 -> 153.29353 | X21: =V21/C21 -> 153.49653 | Y21: =+Y20+Z21 -> 87912.29 | Z21: =+[1]DailySep!U20 -> 6107.97 | AA21: =Z21/B21 -> 113.77 | AB21: =Z21/C21 -> 113.92066 | AC21: =+E21+J21+N21+R21+V21+Z21+H21 -> 36466.51 | AD21: =AC21/B21 -> 679.24283 | AE21: =AC21/C21 -> 680.14231 | AF21: =+[1]DailySep!BH20 -> 22273 | AG21: =+[1]DailySep!BL20 -> 0 | AH21: =+AG21+AF21 -> 22273 | AI21: =AH21/B21 -> 414.86766 | AJ21: =AH21/C21 -> 415.41704
A22: =A21+1 -> 45731 | B22: =Report1!P23 -> 56.93 | C22: =Report1!R23 -> 52.461 | D22: =+D21+E22 -> 10071.7 | E22: =+[1]DailySep!O21 -> 809.5 | F22: =E22/B22 -> 14.219217 | G22: =E22/C22 -> 15.43051 | H22: =+[1]DailySep!P21 -> 398.4 | I22: =+I21+J22 -> 77581 | J22: =+[1]DailySep!Q21 -> 5527 | K22: =J22/B22 -> 97.084138 | L22: =J22/C22 -> 105.35445 | M22: =+M21+N22 -> 0 | N22: =+[1]DailySep!R21 -> 0 | O22: =N22/B22 -> 0 | P22: =N22/C22 -> 0 | Q22: =+Q21+R22 -> 229997.42 | R22: =+[1]DailySep!S21 -> 14788.03 | S22: =R22/B22 -> 259.75812 | T22: =R22/C22 -> 281.88616 | U22: =+U21+V22 -> 120536.12 | V22: =+[1]DailySep!T21 -> 8289.53 | W22: =V22/B22 -> 145.60917 | X22: =V22/C22 -> 158.01319 | Y22: =+Y21+Z22 -> 93937.52 | Z22: =+[1]DailySep!U21 -> 6025.23 | AA22: =Z22/B22 -> 105.83576 | AB22: =Z22/C22 -> 114.8516 | AC22: =+E22+J22+N22+R22+V22+Z22+H22 -> 35837.69 | AD22: =AC22/B22 -> 629.50448 | AE22: =AC22/C22 -> 683.13013 | AF22: =+[1]DailySep!BH21 -> 32172 | AG22: =+[1]DailySep!BL21 -> 0 | AH22: =+AG22+AF22 -> 32172 | AI22: =AH22/B22 -> 565.11505 | AJ22: =AH22/C22 -> 613.25556
A23: =A22+1 -> 45732 | B23: =Report1!P24 -> 60.349 | C23: =Report1!R24 -> 61.377 | D23: =+D22+E23 -> 10729.5 | E23: =+[1]DailySep!O22 -> 657.8 | F23: =E23/B23 -> 10.899932 | G23: =E23/C23 -> 10.71737 | H23: =+[1]DailySep!P22 -> 0 | I23: =+I22+J23 -> 83148 | J23: =+[1]DailySep!Q22 -> 5567 | K23: =J23/B23 -> 92.246765 | L23: =J23/C23 -> 90.701729 | M23: =+M22+N23 -> 0 | N23: =+[1]DailySep!R22 -> 0 | O23: =N23/B23 -> 0 | P23: =N23/C23 -> 0 | Q23: =+Q22+R23 -> 244781.83 | R23: =+[1]DailySep!S22 -> 14784.41 | S23: =R23/B23 -> 244.98186 | T23: =R23/C23 -> 240.87867 | U23: =+U22+V23 -> 129120.33 | V23: =+[1]DailySep!T22 -> 8584.21 | W23: =V23/B23 -> 142.24279 | X23: =V23/C23 -> 139.86037 | Y23: =+Y22+Z23 -> 100574.33 | Z23: =+[1]DailySep!U22 -> 6636.81 | AA23: =Z23/B23 -> 109.97382 | AB23: =Z23/C23 -> 108.13187 | AC23: =+E23+J23+N23+R23+V23+Z23+H23 -> 36230.23 | AD23: =AC23/B23 -> 600.34516 | AE23: =AC23/C23 -> 590.29001 | AF23: =+[1]DailySep!BH22 -> 29325 | AG23: =+[1]DailySep!BL22 -> 0 | AH23: =+AG23+AF23 -> 29325 | AI23: =AH23/B23 -> 485.92354 | AJ23: =AH23/C23 -> 477.78484
A24: =A23+1 -> 45733 | B24: =Report1!P25 -> 66.725 | C24: =Report1!R25 -> 65.737 | D24: =+D23+E24 -> 11531.5 | E24: =+[1]DailySep!O23 -> 802 | F24: =E24/B24 -> 12.019483 | G24: =E24/C24 -> 12.200131 | H24: =+[1]DailySep!P23 -> 0 | I24: =+I23+J24 -> 88842 | J24: =+[1]DailySep!Q23 -> 5694 | K24: =J24/B24 -> 85.335332 | L24: =J24/C24 -> 86.617886 | M24: =+M23+N24 -> 0 | N24: =+[1]DailySep!R23 -> 0 | O24: =N24/B24 -> 0 | P24: =N24/C24 -> 0 | Q24: =+Q23+R24 -> 259785.19 | R24: =+[1]DailySep!S23 -> 15003.36 | S24: =R24/B24 -> 224.85365 | T24: =R24/C24 -> 228.23311 | U24: =+U23+V24 -> 136263.69 | V24: =+[1]DailySep!T23 -> 7143.36 | W24: =V24/B24 -> 107.05673 | X24: =V24/C24 -> 108.66574 | Y24: =+Y23+Z24 -> 106308.69 | Z24: =+[1]DailySep!U23 -> 5734.36 | AA24: =Z24/B24 -> 85.940202 | AB24: =Z24/C24 -> 87.231848 | AC24: =+E24+J24+N24+R24+V24+Z24+H24 -> 34377.08 | AD24: =AC24/B24 -> 515.2054 | AE24: =AC24/C24 -> 522.94872 | AF24: =+[1]DailySep!BH23 -> 30704 | AG24: =+[1]DailySep!BL23 -> 0 | AH24: =+AG24+AF24 -> 30704 | AI24: =AH24/B24 -> 460.15736 | AJ24: =AH24/C24 -> 467.07334 | AM24: Total | AN24: =+AN16+AN19+AN22 -> 562.90264 | AO24: =+AO16+AO19+AO22 -> 577.99612
A25: =A24+1 -> 45734 | B25: =Report1!P26 -> 58.062 | C25: =Report1!R26 -> 56.806 | D25: =+D24+E25 -> 12219.5 | E25: =+[1]DailySep!O24 -> 688 | F25: =E25/B25 -> 11.849402 | G25: =E25/C25 -> 12.111397 | H25: =+[1]DailySep!P24 -> 0 | I25: =+I24+J25 -> 93547 | J25: =+[1]DailySep!Q24 -> 4705 | K25: =J25/B25 -> 81.034067 | L25: =J25/C25 -> 82.825758 | M25: =+M24+N25 -> 0 | N25: =+[1]DailySep!R24 -> 0 | O25: =N25/B25 -> 0 | P25: =N25/C25 -> 0 | Q25: =+Q24+R25 -> 272923.12 | R25: =+[1]DailySep!S24 -> 13137.93 | S25: =R25/B25 -> 226.27416 | T25: =R25/C25 -> 231.27715 | U25: =+U24+V25 -> 140371.62 | V25: =+[1]DailySep!T24 -> 4107.93 | W25: =V25/B25 -> 70.750749 | X25: =V25/C25 -> 72.315072 | Y25: =+Y24+Z25 -> 110956.52 | Z25: =+[1]DailySep!U24 -> 4647.83 | AA25: =Z25/B25 -> 80.04943 | AB25: =Z25/C25 -> 81.81935 | AC25: =+E25+J25+N25+R25+V25+Z25+H25 -> 27286.69 | AD25: =AC25/B25 -> 469.9578 | AE25: =AC25/C25 -> 480.34873 | AF25: =+[1]DailySep!BH24 -> 30984 | AG25: =+[1]DailySep!BL24 -> 0 | AH25: =+AG25+AF25 -> 30984 | AI25: =AH25/B25 -> 533.63646 | AJ25: =AH25/C25 -> 545.43534
A26: =A25+1 -> 45735 | B26: =Report1!P27 -> 65.543 | C26: =Report1!R27 -> 63.836 | D26: =+D25+E26 -> 12888 | E26: =+[1]DailySep!O25 -> 668.5 | F26: =E26/B26 -> 10.199411 | G26: =E26/C26 -> 10.472147 | H26: =+[1]DailySep!P25 -> 0 | I26: =+I25+J26 -> 98442 | J26: =+[1]DailySep!Q25 -> 4895 | K26: =J26/B26 -> 74.683795 | L26: =J26/C26 -> 76.68087 | M26: =+M25+N26 -> 0 | N26: =+[1]DailySep!R25 -> 0 | O26: =N26/B26 -> 0 | P26: =N26/C26 -> 0 | Q26: =+Q25+R26 -> 287708.17 | R26: =+[1]DailySep!S25 -> 14785.05 | S26: =R26/B26 -> 225.57786 | T26: =R26/C26 -> 231.60991 | U26: =+U25+V26 -> 145023.17 | V26: =+[1]DailySep!T25 -> 4651.55 | W26: =V26/B26 -> 70.96944 | X26: =V26/C26 -> 72.867191 | Y26: =+Y25+Z26 -> 116430.97 | Z26: =+[1]DailySep!U25 -> 5474.45 | AA26: =Z26/B26 -> 83.524556 | AB26: =Z26/C26 -> 85.758036 | AC26: =+E26+J26+N26+R26+V26+Z26+H26 -> 30474.55 | AD26: =AC26/B26 -> 464.95507 | AE26: =AC26/C26 -> 477.38815 | AF26: =+[1]DailySep!BH25 -> 30624 | AG26: =+[1]DailySep!BL25 -> 0 | AH26: =+AG26+AF26 -> 30624 | AI26: =AH26/B26 -> 467.23525 | AJ26: =AH26/C26 -> 479.72931 | AM26: LEBIH TINGGI DARI OFF REEL | AO26: =+AO24/AN24-1 -> 0.026813646
A27: =A26+1 -> 45736 | B27: =Report1!P28 -> 65.463 | C27: =Report1!R28 -> 65.224 | D27: =+D26+E27 -> 13550.5 | E27: =+[1]DailySep!O26 -> 662.5 | F27: =E27/B27 -> 10.120221 | G27: =E27/C27 -> 10.157304 | H27: =+[1]DailySep!P26 -> 0 | I27: =+I26+J27 -> 104121.8 | J27: =+[1]DailySep!Q26 -> 5679.8 | K27: =J27/B27 -> 86.763515 | L27: =J27/C27 -> 87.081442 | M27: =+M26+N27 -> 0 | N27: =+[1]DailySep!R26 -> 0 | O27: =N27/B27 -> 0 | P27: =N27/C27 -> 0 | Q27: =+Q26+R27 -> 302490.21 | R27: =+[1]DailySep!S26 -> 14782.04 | S27: =R27/B27 -> 225.80756 | T27: =R27/C27 -> 226.63498 | U27: =+U26+V27 -> 149794.71 | V27: =+[1]DailySep!T26 -> 4771.54 | W27: =V27/B27 -> 72.889113 | X27: =V27/C27 -> 73.1562 | Y27: =+Y26+Z27 -> 122106.91 | Z27: =+[1]DailySep!U26 -> 5675.94 | AA27: =Z27/B27 -> 86.704551 | AB27: =Z27/C27 -> 87.022262 | AC27: =+E27+J27+N27+R27+V27+Z27+H27 -> 31571.82 | AD27: =AC27/B27 -> 482.28495 | AE27: =AC27/C27 -> 484.05219 | AF27: =+[1]DailySep!BH26 -> 31607 | AG27: =+[1]DailySep!BL26 -> 0 | AH27: =+AG27+AF27 -> 31607 | AI27: =AH27/B27 -> 482.82236 | AJ27: =AH27/C27 -> 484.59156
A28: =A27+1 -> 45737 | B28: =Report1!P29 -> 66.95 | C28: =Report1!R29 -> 65.954 | D28: =+D27+E28 -> 14214 | E28: =+[1]DailySep!O27 -> 663.5 | F28: =E28/B28 -> 9.9103809 | G28: =E28/C28 -> 10.060042 | H28: =+[1]DailySep!P27 -> 278.1 | I28: =+I27+J28 -> 109831 | J28: =+[1]DailySep!Q27 -> 5709.2 | K28: =J28/B28 -> 85.275579 | L28: =J28/C28 -> 86.563362 | M28: =+M27+N28 -> 0 | N28: =+[1]DailySep!R27 -> 0 | O28: =N28/B28 -> 0 | P28: =N28/C28 -> 0 | Q28: =+Q27+R28 -> 317319.45 | R28: =+[1]DailySep!S27 -> 14829.24 | S28: =R28/B28 -> 221.49724 | T28: =R28/C28 -> 224.84216 | U28: =+U27+V28 -> 154732.45 | V28: =+[1]DailySep!T27 -> 4937.74 | W28: =V28/B28 -> 73.752651 | X28: =V28/C28 -> 74.866422 | Y28: =+Y27+Z28 -> 127893.95 | Z28: =+[1]DailySep!U27 -> 5787.04 | AA28: =Z28/B28 -> 86.438237 | AB28: =Z28/C28 -> 87.743579 | AC28: =+E28+J28+N28+R28+V28+Z28+H28 -> 32204.82 | AD28: =AC28/B28 -> 481.02793 | AE28: =AC28/C28 -> 488.29214 | AF28: =+[1]DailySep!BH27 -> 30826 | AG28: =+[1]DailySep!BL27 -> 0 | AH28: =+AG28+AF28 -> 30826 | AI28: =AH28/B28 -> 460.43316 | AJ28: =AH28/C28 -> 467.38636
A29: =A28+1 -> 45738 | B29: =Report1!P30 -> 60.862 | C29: =Report1!R30 -> 59.715 | D29: =+D28+E29 -> 14873.3 | E29: =+[1]DailySep!O28 -> 659.3 | F29: =E29/B29 -> 10.832703 | G29: =E29/C29 -> 11.040777 | H29: =+[1]DailySep!P28 -> 439.4 | I29: =+I28+J29 -> 115520.3 | J29: =+[1]DailySep!Q28 -> 5689.3 | K29: =J29/B29 -> 93.478689 | L29: =J29/C29 -> 95.274219 | M29: =+M28+N29 -> 0 | N29: =+[1]DailySep!R28 -> 0 | O29: =N29/B29 -> 0 | P29: =N29/C29 -> 0 | Q29: =+Q28+R29 -> 331328.96 | R29: =+[1]DailySep!S28 -> 14009.51 | S29: =R29/B29 -> 230.18484 | T29: =R29/C29 -> 234.60621 | U29: =+U28+V29 -> 158737.26 | V29: =+[1]DailySep!T28 -> 4004.81 | W29: =V29/B29 -> 65.801485 | X29: =V29/C29 -> 67.065394 | Y29: =+Y28+Z29 -> 132628.26 | Z29: =+[1]DailySep!U28 -> 4734.31 | AA29: =Z29/B29 -> 77.787618 | AB29: =Z29/C29 -> 79.281755 | AC29: =+E29+J29+N29+R29+V29+Z29+H29 -> 29536.63 | AD29: =AC29/B29 -> 485.30495 | AE29: =AC29/C29 -> 494.62664 | AF29: =+[1]DailySep!BH28 -> 32511 | AG29: =+[1]DailySep!BL28 -> 0 | AH29: =+AG29+AF29 -> 32511 | AI29: =AH29/B29 -> 534.17568 | AJ29: =AH29/C29 -> 544.43607
A30: =A29+1 -> 45739 | B30: =Report1!P31 -> 66.897 | C30: =Report1!R31 -> 63.836 | D30: =+D29+E30 -> 15509.3 | E30: =+[1]DailySep!O29 -> 636 | F30: =E30/B30 -> 9.5071528 | G30: =E30/C30 -> 9.9630303 | H30: =+[1]DailySep!P29 -> 200.9 | I30: =+I29+J30 -> 121359 | J30: =+[1]DailySep!Q29 -> 5838.7 | K30: =J30/B30 -> 87.278951 | L30: =J30/C30 -> 91.464064 | M30: =+M29+N30 -> 0 | N30: =+[1]DailySep!R29 -> 0 | O30: =N30/B30 -> 0 | P30: =N30/C30 -> 0 | Q30: =+Q29+R30 -> 346382.91 | R30: =+[1]DailySep!S29 -> 15053.95 | S30: =R30/B30 -> 225.03177 | T30: =R30/C30 -> 235.82226 | U30: =+U29+V30 -> 163719.21 | V30: =+[1]DailySep!T29 -> 4981.95 | W30: =V30/B30 -> 74.471949 | X30: =V30/C30 -> 78.042954 | Y30: =+Y29+Z30 -> 138586.41 | Z30: =+[1]DailySep!U29 -> 5958.15 | AA30: =Z30/B30 -> 89.064532 | AB30: =Z30/C30 -> 93.335265 | AC30: =+E30+J30+N30+R30+V30+Z30+H30 -> 32669.65 | AD30: =AC30/B30 -> 488.35747 | AE30: =AC30/C30 -> 511.7747 | AF30: =+[1]DailySep!BH29 -> 30551 | AG30: =+[1]DailySep!BL29 -> 0 | AH30: =+AG30+AF30 -> 30551 | AI30: =AH30/B30 -> 456.68715 | AJ30: =AH30/C30 -> 478.58575
A31: =A30+1 -> 45740 | B31: =Report1!P32 -> 60.971 | C31: =Report1!R32 -> 59.262 | D31: =+D30+E31 -> 16142.9 | E31: =+[1]DailySep!O30 -> 633.6 | F31: =E31/B31 -> 10.391826 | G31: =E31/C31 -> 10.691506 | H31: =+[1]DailySep!P30 -> 504.1 | I31: =+I30+J31 -> 127178 | J31: =+[1]DailySep!Q30 -> 5819 | K31: =J31/B31 -> 95.438815 | L31: =J31/C31 -> 98.191084 | M31: =+M30+N31 -> 0 | N31: =+[1]DailySep!R30 -> 0 | O31: =N31/B31 -> 0 | P31: =N31/C31 -> 0 | Q31: =+Q30+R31 -> 360398.76 | R31: =+[1]DailySep!S30 -> 14015.85 | S31: =R31/B31 -> 229.87732 | T31: =R31/C31 -> 236.50653 | U31: =+U30+V31 -> 168042.66 | V31: =+[1]DailySep!T30 -> 4323.45 | W31: =V31/B31 -> 70.909941 | X31: =V31/C31 -> 72.954845 | Y31: =+Y30+Z31 -> 143456.06 | Z31: =+[1]DailySep!U30 -> 4869.65 | AA31: =Z31/B31 -> 79.868298 | AB31: =Z31/C31 -> 82.171543 | AC31: =+E31+J31+N31+R31+V31+Z31+H31 -> 30165.65 | AD31: =AC31/B31 -> 494.75406 | AE31: =AC31/C31 -> 509.0218 | AF31: =+[1]DailySep!BH30 -> 21761 | AG31: =+[1]DailySep!BL30 -> 0 | AH31: =+AG31+AF31 -> 21761 | AI31: =AH31/B31 -> 356.90738 | AJ31: =AH31/C31 -> 367.19989
A32: =A31+1 -> 45741 | B32: =Report1!P33 -> 63.306 | C32: =Report1!R33 -> 58.544 | D32: =+D31+E32 -> 16746.9 | E32: =+[1]DailySep!O31 -> 604 | F32: =E32/B32 -> 9.5409598 | G32: =E32/C32 -> 10.317027 | H32: =+[1]DailySep!P31 -> 2511.9 | I32: =+I31+J32 -> 132567 | J32: =+[1]DailySep!Q31 -> 5389 | K32: =J32/B32 -> 85.126212 | L32: =J32/C32 -> 92.050424 | M32: =+M31+N32 -> 0 | N32: =+[1]DailySep!R31 -> 0 | O32: =N32/B32 -> 0 | P32: =N32/C32 -> 0 | Q32: =+Q31+R32 -> 376137.67 | R32: =+[1]DailySep!S31 -> 15738.91 | S32: =R32/B32 -> 248.6164 | T32: =R32/C32 -> 268.83899 | U32: =+U31+V32 -> 173401.57 | V32: =+[1]DailySep!T31 -> 5358.91 | W32: =V32/B32 -> 84.650902 | X32: =V32/C32 -> 91.536451 | Y32: =+Y31+Z32 -> 148840.37 | Z32: =+[1]DailySep!U31 -> 5384.31 | AA32: =Z32/B32 -> 85.052128 | AB32: =Z32/C32 -> 91.970313 | AC32: =+E32+J32+N32+R32+V32+Z32+H32 -> 34987.03 | AD32: =AC32/B32 -> 552.66531 | AE32: =AC32/C32 -> 597.6194 | AF32: =+[1]DailySep!BH31 -> 28158 | AG32: =+[1]DailySep!BL31 -> 0 | AH32: =+AG32+AF32 -> 28158 | AI32: =AH32/B32 -> 444.79196 | AJ32: =AH32/C32 -> 480.97158
A33: =A32+1 -> 45742 | B33: =Report1!P34 -> 63.245 | C33: =Report1!R34 -> 63.97 | D33: =+D32+E33 -> 17361.2 | E33: =+[1]DailySep!O32 -> 614.3 | F33: =E33/B33 -> 9.7130208 | G33: =E33/C33 -> 9.6029389 | H33: =+[1]DailySep!P32 -> 2371.6 | I33: =+I32+J33 -> 137581 | J33: =+[1]DailySep!Q32 -> 5014 | K33: =J33/B33 -> 79.278994 | L33: =J33/C33 -> 78.380491 | M33: =+M32+N33 -> 0 | N33: =+[1]DailySep!R32 -> 0 | O33: =N33/B33 -> 0 | P33: =N33/C33 -> 0 | Q33: =+Q32+R33 -> 390911.28 | R33: =+[1]DailySep!S32 -> 14773.61 | S33: =R33/B33 -> 233.59333 | T33: =R33/C33 -> 230.94591 | U33: =+U32+V33 -> 178393.48 | V33: =+[1]DailySep!T32 -> 4991.91 | W33: =V33/B33 -> 78.929718 | X33: =V33/C33 -> 78.035173 | Y33: =+Y32+Z33 -> 153343.98 | Z33: =+[1]DailySep!U32 -> 4503.61 | AA33: =Z33/B33 -> 71.208949 | AB33: =Z33/C33 -> 70.401907 | AC33: =+E33+J33+N33+R33+V33+Z33+H33 -> 32269.03 | AD33: =AC33/B33 -> 510.22263 | AE33: =AC33/C33 -> 504.44005 | AF33: =+[1]DailySep!BH32 -> 25716 | AG33: =+[1]DailySep!BL32 -> 0 | AH33: =+AG33+AF33 -> 25716 | AI33: =AH33/B33 -> 406.60922 | AJ33: =AH33/C33 -> 402.00094
A34: =A33+1 -> 45743 | B34: =Report1!P35 -> 70.943 | C34: =Report1!R35 -> 70.658 | D34: =+D33+E34 -> 18007.8 | E34: =+[1]DailySep!O33 -> 646.6 | F34: =E34/B34 -> 9.1143594 | G34: =E34/C34 -> 9.1511223 | H34: =+[1]DailySep!P33 -> 2560.8 | I34: =+I33+J34 -> 143107 | J34: =+[1]DailySep!Q33 -> 5526 | K34: =J34/B34 -> 77.89352 | L34: =J34/C34 -> 78.207705 | M34: =+M33+N34 -> 0 | N34: =+[1]DailySep!R33 -> 0 | O34: =N34/B34 -> 0 | P34: =N34/C34 -> 0 | Q34: =+Q33+R34 -> 406739.83 | R34: =+[1]DailySep!S33 -> 15828.55 | S34: =R34/B34 -> 223.11645 | T34: =R34/C34 -> 224.01639 | U34: =+U33+V34 -> 184597.63 | V34: =+[1]DailySep!T33 -> 6204.15 | W34: =V34/B34 -> 87.452603 | X34: =V34/C34 -> 87.805344 | Y34: =+Y33+Z34 -> 158762.03 | Z34: =+[1]DailySep!U33 -> 5418.05 | AA34: =Z34/B34 -> 76.371876 | AB34: =Z34/C34 -> 76.679923 | AC34: =+E34+J34+N34+R34+V34+Z34+H34 -> 36184.15 | AD34: =AC34/B34 -> 510.04539 | AE34: =AC34/C34 -> 512.10266 | AF34: =+[1]DailySep!BH33 -> 27214 | AG34: =+[1]DailySep!BL33 -> 0 | AH34: =+AG34+AF34 -> 27214 | AI34: =AH34/B34 -> 383.60374 | AJ34: =AH34/C34 -> 385.15101
A35: =A34+1 -> 45744 | B35: =Report1!P36 -> 71.277 | C35: =Report1!R36 -> 69.737 | D35: =+D34+E35 -> 18700 | E35: =+[1]DailySep!O34 -> 692.2 | F35: =E35/B35 -> 9.7114076 | G35: =E35/C35 -> 9.9258643 | H35: =+[1]DailySep!P34 -> 1567.9 | I35: =+I34+J35 -> 148653 | J35: =+[1]DailySep!Q34 -> 5546 | K35: =J35/B35 -> 77.809111 | L35: =J35/C35 -> 79.527367 | M35: =+M34+N35 -> 0 | N35: =+[1]DailySep!R34 -> 0 | O35: =N35/B35 -> 0 | P35: =N35/C35 -> 0 | Q35: =+Q34+R35 -> 422481.33 | R35: =+[1]DailySep!S34 -> 15741.5 | S35: =R35/B35 -> 220.84964 | T35: =R35/C35 -> 225.72666 | U35: =+U34+V35 -> 190824.33 | V35: =+[1]DailySep!T34 -> 6226.7 | W35: =V35/B35 -> 87.359176 | X35: =V35/C35 -> 89.288326 | Y35: =+Y34+Z35 -> 164522.33 | Z35: =+[1]DailySep!U34 -> 5760.3 | AA35: =Z35/B35 -> 80.815691 | AB35: =Z35/C35 -> 82.600341 | AC35: =+E35+J35+N35+R35+V35+Z35+H35 -> 35534.6 | AD35: =AC35/B35 -> 498.54231 | AE35: =AC35/C35 -> 509.5516 | AF35: =+[1]DailySep!BH34 -> 25721 | AG35: =+[1]DailySep!BL34 -> 0 | AH35: =+AG35+AF35 -> 25721 | AI35: =AH35/B35 -> 360.85974 | AJ35: =AH35/C35 -> 368.8286
A36: =A35+1 -> 45745 | B36: =+Report1!P37 -> 64.686 | C36: =Report1!R37 -> 63.074 | D36: =+D35+E36 -> 19403.6 | E36: =+[1]DailySep!O35 -> 703.6 | F36: =E36/B36 -> 10.87716 | G36: =E36/C36 -> 11.155151 | H36: =+[1]DailySep!P35 -> 395.3 | I36: =+I35+J36 -> 154124 | J36: =+[1]DailySep!Q35 -> 5471 | K36: =J36/B36 -> 84.577807 | L36: =J36/C36 -> 86.739385 | M36: =+M35+N36 -> 0 | N36: =+[1]DailySep!R35 -> 0 | O36: =N36/B36 -> 0 | P36: =N36/C36 -> 0 | Q36: =+Q35+R36 -> 436539.25 | R36: =+[1]DailySep!S35 -> 14057.92 | S36: =R36/B36 -> 217.32554 | T36: =R36/C36 -> 222.87979 | U36: =+U35+V36 -> 194735.85 | V36: =+[1]DailySep!T35 -> 3911.52 | W36: =V36/B36 -> 60.469344 | X36: =V36/C36 -> 62.014776 | Y36: =+Y35+Z36 -> 168565.75 | Z36: =+[1]DailySep!U35 -> 4043.42 | AA36: =Z36/B36 -> 62.508425 | AB36: =Z36/C36 -> 64.105971 | AC36: =+E36+J36+N36+R36+V36+Z36+H36 -> 28582.76 | AD36: =AC36/B36 -> 441.86934 | AE36: =AC36/C36 -> 453.16232 | AF36: =+[1]DailySep!BH35 -> 27149 | AG36: =+[1]DailySep!BL35 -> 0 | AH36: =+AG36+AF36 -> 27149 | AI36: =AH36/B36 -> 419.70442 | AJ36: =AH36/C36 -> 430.43092
A37: =A36+1 -> 45746 | B37: =Report1!P38 -> 65.604 | C37: =Report1!R38 -> 66.255 | D37: =+D36+E37 -> 20059.5 | E37: =+[1]DailySep!O36 -> 655.9 | F37: =E37/B37 -> 9.997866 | G37: =E37/C37 -> 9.8996302 | H37: =+[1]DailySep!P36 -> 0 | I37: =+I36+J37 -> 158547 | J37: =+[1]DailySep!Q36 -> 4423 | K37: =J37/B37 -> 67.41967 | L37: =J37/C37 -> 66.757226 | M37: =+M36+N37 -> 0 | N37: =+[1]DailySep!R36 -> 0 | O37: =N37/B37 -> 0 | P37: =N37/C37 -> 0 | Q37: =+Q36+R37 -> 450632.68 | R37: =+[1]DailySep!S36 -> 14093.43 | S37: =R37/B37 -> 214.82577 | T37: =R37/C37 -> 212.71496 | U37: =+U36+V37 -> 199621.18 | V37: =+[1]DailySep!T36 -> 4885.33 | W37: =V37/B37 -> 74.466953 | X37: =V37/C37 -> 73.735265 | Y37: =+Y36+Z37 -> 173086.08 | Z37: =+[1]DailySep!U36 -> 4520.33 | AA37: =Z37/B37 -> 68.903268 | AB37: =Z37/C37 -> 68.226247 | AC37: =+E37+J37+N37+R37+V37+Z37+H37 -> 28577.99 | AD37: =AC37/B37 -> 435.61353 | AE37: =AC37/C37 -> 431.33333 | AF37: =+[1]DailySep!BH36 -> 22362 | AG37: =+[1]DailySep!BL36 -> 0 | AH37: =+AG37+AF37 -> 22362 | AI37: =AH37/B37 -> 340.86336 | AJ37: =AH37/C37 -> 337.51415
A38: =A37+1 -> 45747 | B38: =Report1!P39 -> 0 | C38: =Report1!R39 -> 0 | D38: =+D37+E38 -> 20059.5 | E38: =+[1]DailySep!O37 -> 0 | F38: =E38/B38 -> #DIV/0! | G38: =E38/C38 -> #DIV/0! | H38: =+[1]DailySep!P37 -> 0 | I38: =+I37+J38 -> 158547 | J38: =+[1]DailySep!Q37 -> 0 | K38: =J38/B38 -> #DIV/0! | L38: =J38/C38 -> #DIV/0! | M38: =+M37+N38 -> 0 | N38: =+[1]DailySep!R37 -> 0 | O38: =N38/B38 -> #DIV/0! | P38: =N38/C38 -> #DIV/0! | Q38: =+Q37+R38 -> 450632.68 | R38: =+[1]DailySep!S37 -> 0 | S38: =R38/B38 -> #DIV/0! | T38: =R38/C38 -> #DIV/0! | U38: =+U37+V38 -> 199621.18 | V38: =+[1]DailySep!T37 -> 0 | W38: =V38/B38 -> #DIV/0! | X38: =V38/C38 -> #DIV/0! | Y38: =+Y37+Z38 -> 173086.08 | Z38: =+[1]DailySep!U37 -> 0 | AA38: =Z38/B38 -> #DIV/0! | AB38: =Z38/C38 -> #DIV/0! | AC38: =+E38+J38+N38+R38+V38+Z38+H38 -> 0 | AD38: =AC38/B38 -> #DIV/0! | AE38: =AC38/C38 -> #DIV/0! | AF38: =+[1]DailySep!BH37 -> 0 | AG38: =+[1]DailySep!BL37 -> 0 | AH38: =+AG38+AF38 -> 0 | AI38: =AH38/B38 -> #DIV/0! | AJ38: =AH38/C38 -> #DIV/0!
A40: TOTAL | B40: =SUM(B8:B38) -> 1779.964 | C40: =SUM(C8:C38) -> 1733.483 | E40: =SUM(E8:E39) -> 20059.5 | F40: =E40/B40 -> 11.26961 | G40: =E40/C40 -> 11.571789 | H40: =SUM(H8:H39) -> 28742.7 | J40: =SUM(J8:J39) -> 158547 | K40: =J40/B40 -> 89.07315 | L40: =J40/C40 -> 91.461526 | N40: =SUM(N8:N39) -> 0 | O40: =N40/B40 -> 0 | P40: =N40/C40 -> 0 | R40: =SUM(R8:R39) -> 450632.68 | S40: =R40/B40 -> 253.16955 | T40: =R40/C40 -> 259.95795 | V40: =SUM(V8:V39) -> 199621.18 | W40: =V40/B40 -> 112.149 | X40: =V40/C40 -> 115.15612 | Z40: =SUM(Z8:Z39) -> 173086.08 | AA40: =Z40/B40 -> 97.241337 | AB40: =Z40/C40 -> 99.848732 | AC40: =+E40+J40+N40+R40+V40+Z40+H40 -> 1030689.1 | AD40: =AC40/B40 -> 579.05055 | AE40: =AC40/C40 -> 594.57701 | AF40: =SUM(AF8:AF39) -> 796727 | AG40: =SUM(AG8:AG39) -> 0 | AH40: =+SUM(AH8:AH38) -> 796727 | AI40: =AF40/B40 -> 447.60849 | AJ40: =AF40/C40 -> 459.61051
AC42: =+AC40-[1]DailySep!$V$38 -> 0 | AF42: =+AF40-[1]DailySep!$BH$38 -> 0 | AG42: =+AG40-[1]DailySep!$BL$38 -> 0

Sheet Trim Rwd
A1: PM 12 | B1: =+Report1!A9 -> 45901
A3: Tgl | B3: Grade | C3: Ply | D3: Kombinasi Pot. | E3: Lebar Trim | F3: Jml Turunan | G3: Lebar x Turunan | H3: Rata-rata | I3: PHP PM
A4: 45901 | B4: TW 35,5 | C4: 2 | D4: 157*2 | E4: =157*2 -> 314 | F4: =92/2 -> 46 | G4: =+E4*F4 -> 14444 | H4: =+G4/F4 -> 314 | I4: =+'1'!N37 -> 55.161
B5: TW 34,5 | C5: 2 | D5: 117,5*2+94 | E5: =117.5*2+94 -> 329 | F5: 5 | G5: =+E5*F5 -> 1645 | H5: =+G5/F5 -> 329 | I5: =+'1'!N38 -> 10.54
B6: KTW 17 | C6: 2 | D6: 159*2 | E6: =159*2 -> 318 | F6: 0 | G6: 0 | H6: =+E6 -> 318 | I6: =+'1'!N39 -> 7.523
A8: 45902 | B8: TW 34,5 | C8: 2 | D8: 117,5*2+94 | E8: =117.5*2+94 -> 329 | F8: 2 | G8: =+E8*F8 -> 658 | H8: =+G8/F8 -> 329 | I8: Backlog
B9: KTW 17 | C9: 2 | D9: 159*2 | E9: =159*2 -> 318 | F9: 29 | G9: =+E9*F9 -> 9222 | H9: =+G9/F9 -> 318 | I9: =+'2'!N37 -> 31.236
B10: TW 31,5 | C10: 2 | D10: 165*2 | E10: =165*2 -> 330 | F10: 18 | G10: =+E10*F10 -> 5940 | H10: =+G10/F10 -> 330 | I10: =+'2'!N38 -> 28.295 | K10: =+SUM(I:I) -> 1719.429
K11: =+K10-'31'!J38 -> -60.535
A12: 45903 | B12: TW 31,5 | C12: 2 | D12: 165*2 | E12: =165*2 -> 330 | F12: 5 | G12: =+E12*F12 -> 1650 | H12: =+G12/F12 -> 330 | I12: =+'3'!N37 -> 5.822
B13: N 18 | C13: 2 | D13: 50*6+30*1 | E13: =50*6+30*1 -> 330 | F13: =1+20 -> 21 | G13: =+E13*F13 -> 6930 | H13: =+G13/F13 -> 330 | I13: =+'3'!N38 -> 24.978
B14: N 15,5 | C14: 2 | D14: 70*3+112 | E14: =70*3+112 -> 322 | F14: =4+14 -> 18 | G14: =+E14*F14 -> 5796 | H14: =+G14/F14 -> 322 | I14: =+'3'!N39 -> 19.713
A16: 45904 | B16: N 15,5 | C16: 2 | D16: 70*3+112 | E16: =70*3+112 -> 322 | F16: =18+15+17 -> 50 | G16: =+E16*F16 -> 16100 | H16: =+G16/F16 -> 322 | I16: =+'4'!I38 -> 47.165
A18: 45905 | B18: N 15,5 | C18: 2 | D18: 70*3+112 | E18: =70*3+112 -> 322 | F18: =17+16+17 -> 50 | G18: =+E18*F18 -> 16100 | H18: =+G18/F18 -> 322 | I18: =+'5'!I38 -> 48.737
A20: 45906 | B20: N 15,5 | C20: 2 | D20: 70*3+112 | E20: =70*3+112 -> 322 | F20: =30+1 -> 31 | G20: =+E20*F20 -> 9982 | H20: =+(E20*F20+E21*F21+E22*F22)/(SUM(F20:F22)) -> 323.37255 | I20: =+'6'!I38 -> 48.213
B21: N 15,5 | C21: 2 | D21: 112*2+96 | E21: =112*2+96 -> 320 | F21: =4+5 -> 9 | G21: =+E21*F21 -> 2880
B22: N 15,5 | C22: 2 | D22: 165*2 | E22: =165*2 -> 330 | F22: =5+6 -> 11 | G22: =+E22*F22 -> 3630
A24: 45907 | B24: N 15,5 | C24: 2 | D24: 165*2 | E24: =165*2 -> 330 | F24: 2 | G24: =+E24*F24 -> 660 | H24: =+G24/F24 -> 330 | I24: Backlog
B25: N 16 | C25: 2 | D25: 112+115,5+30*3 | E25: =112+115.5+30*3 -> 317.5 | F25: =6+8+2 -> 16 | G25: =+E25*F25 -> 5080 | H25: =+G25/F25 -> 317.5 | I25: =+'7'!N37 -> 15.099
B26: N 16,5 | C26: 2 | D26: 22,5*4+43+30+162 | E26: =22.5*4+43+30+162 -> 325 | F26: =6+7 -> 13 | G26: =+E26*F26 -> 4225 | H26: =+G26/F26 -> 325 | I26: =+'7'!N38 -> 27.493
B27: N 17 | C27: 2 | D27: 33*9+23 | E27: =33*9+23 -> 320 | F27: =7+3 -> 10 | G27: =+E27*F27 -> 3200 | H27: =+(E27*F27+E28*F28)/(SUM(F27:F28)) -> 321.33333 | I27: =+'7'!N39 -> 6.126
B28: N 17 | C28: 2 | D28: 162*2 | E28: =162*2 -> 324 | F28: 5 | G28: =+E28*F28 -> 1620
A30: 45908 | B30: N 17 | C30: 2 | D30: 162*2 | E30: =162*2 -> 324 | F30: 47 | G30: =+E30*F30 -> 15228 | H30: =+G30/F30 -> 324 | I30: =+'8'!N37 -> 44.408
B31: N 16,5 | C31: 2 | D31: 22,5*4+43+30+162 | E31: =22.5*4+43+30+162 -> 325 | F31: 6 | G31: =+E31*F31 -> 1950 | H31: =+G31/F31 -> 325 | I31: Backlog
B32: N 19 | C32: 2 | D32: 162*2 | E32: =162*2 -> 324 | F32: 3 | G32: =+E32*F32 -> 972 | H32: =+G32/F32 -> 324 | I32: =+'8'!N38 -> 7.738
A34: 45909 | B34: N 19 | C34: 2 | D34: 162*2 | E34: =162*2 -> 324 | F34: =74/2 -> 37 | G34: =+E34*F34 -> 11988 | H34: =+(E34*F34+E35*F35)/(SUM(F34:F35)) -> 324.57692 | I34: =+'9'!I38 -> 59.557
B35: N 19 | C35: 2 | D35: 114*2+98 | E35: =114*2+98 -> 326 | F35: =2+13 -> 15 | G35: =+E35*F35 -> 4890
A37: 45910 | B37: N 19 | C37: 2 | D37: 114*2+98 | E37: =114*2+98 -> 326 | F37: =2+19 -> 21 | G37: =+E37*F37 -> 6846 | H37: =+G37/F37 -> 326 | I37: =+'10'!N37 -> 0
B38: N 20 | C38: 2 | D38: 48*6+42 | E38: =48*6+42 -> 330 | F38: =10+9 -> 19 | G38: =+E38*F38 -> 6270 | H38: =+(E38*F38+E39*F39)/(SUM(F38:F39)) -> 323.38889 | I38: =+'10'!N38 -> 0
B39: N 20 | C39: 2 | D39: 48*2+110*2 | E39: =48*2+110*2 -> 316 | F39: =8+9 -> 17 | G39: =+E39*F39 -> 5372
A41: 45911 | B41: N 20 | C41: 2 | D41: 48*6+42 | E41: =48*6+42 -> 330 | F41: 9 | G41: =+E41*F41 -> 2970 | H41: =+(E41*F41+E42*F42)/(SUM(F41:F42)) -> 325.69231 | I41: =+'11'!N37 -> 11.264
B42: N 20 | C42: 2 | D42: 48*2+110*2 | E42: =48*2+110*2 -> 316 | F42: 4 | G42: =+E42*F42 -> 1264
B43: N 15,5 | C43: 2 | D43: 112*2+96 | E43: =48*6+42 -> 330 | F43: =10+9 -> 19 | G43: =+E43*F43 -> 6270 | H43: =+G43/F43 -> 330 | I43: =+'11'!N38 -> 36.645
A45: 45912 | B45: N 15,5 | C45: 2 | D45: 112+96*2+24 | E45: =112+96*2+24 -> 328 | F45: =8+9+8+9 -> 34 | G45: =+E45*F45 -> 11152 | H45: =+(E45*F45+E46*F46)/(SUM(F45:F46)) -> 325.66667 | I45: =+'12'!I38 -> 48.259
B46: N 15,5 | C46: 2 | D46: 112*2+96 | E46: =112*2+96 -> 320 | F46: =12+2 -> 14 | G46: =+E46*F46 -> 4480
A48: 45913 | B48: N 15,5 | C48: 2 | D48: 112*2+96 | E48: =112*2+96 -> 320 | F48: 13 | G48: =+E48*F48 -> 4160 | H48: =+G48/F48 -> 320 | I48: =+'13'!N37 -> 7.524
B49: N 17 | C49: 2 | D49: 162*2 | E49: =162*2 -> 324 | F49: =84/2 -> 42 | G49: =+E49*F49 -> 13608 | H49: =+G49/F49 -> 324 | I49: =+'13'!N38 -> 46.433
A51: 45914 | B51: N 17 | C51: 2 | D51: 162*2 | E51: =162*2 -> 324 | F51: 1 | G51: =+E51*F51 -> 324 | H51: =+G51/F51 -> 324 | I51: Backlog
B52: N 17,5 | C52: 2 | D52: 115,5*2+99 | E52: =115.5*2+99 -> 330 | F52: =15+16+16 -> 47 | G52: =+E52*F52 -> 15510 | H52: =+G52/F52 -> 330 | I52: =+'14'!I38 -> 53.687
A54: 45915 | B54: N 17,5 | C54: 2 | D54: 115,5*2+99 | E54: =115.5*2+99 -> 330 | F54: 20 | G54: =+E54*F54 -> 6600 | H54: =+G54/F54 -> 330 | I54: =+'15'!N37 -> 19
B55: N 19 | C55: 2 | D55: 132*2+66 | E55: =132*2+66 -> 330 | F55: =13+16 -> 29 | G55: =+E55*F55 -> 9570 | H55: =+G55/F55 -> 330 | I55: =+'15'!N38 -> 37.93
A57: 45916 | B57: N 19 | C57: 2 | D57: 132*2+66 | E57: =132*2+66 -> 330 | F57: 5 | G57: =+E57*F57 -> 1650 | H57: =+G57/F57 -> 330 | I57: =+'16'!N37 -> 5.832
B58: TW 19 | C58: 2 | D58: 124*2+41*2 | E58: =124*2+41*2 -> 330 | F58: =110/2 -> 55 | G58: =+E58*F58 -> 18150 | H58: =+G58/F58 -> 330 | I58: =+'16'!N38 -> 54.517
A60: 45917 | B60: TW 19 | C60: 2 | D60: 124*2+41*2 | E60: =124*2+41*2 -> 330 | F60: =1+7 -> 8 | G60: =+E60*F60 -> 2640 | H60: =+G60/F60 -> 330 | I60: =+'17'!N37 -> 3.511
B61: TW 21 | C61: 2 | D61: 165*2 | E61: =165*2 -> 330 | F61: =10+3 -> 13 | G61: =+E61*F61 -> 4290 | H61: =+G61/F61 -> 330 | I61: =+'17'!N38 -> 17.903
B62: N 25 | C62: 2 | D62: 162*2 | E62: =162*2 -> 324 | F62: =7+10+9+10 -> 36 | G62: =+E62*F62 -> 11664 | H62: =+G62/F62 -> 324 | I62: =+'17'!N39 -> 45.311
A64: 45918 | B64: N 25 | C64: 2 | D64: 162*2 | E64: =162*2 -> 324 | F64: 3 | G64: =+E64*F64 -> 972 | H64: =+G64/F64 -> 324 | I64: =+'18'!N37 -> 0.693
B65: TW 36 | C65: 2 | D65: 120*2+81 | E65: =120*2+81 -> 321 | F65: =5+15+6 -> 26 | G65: =+E65*F65 -> 8346 | H65: =+(E65*F65+E66*F66)/(SUM(F65:F66)) -> 321.27778 | I65: =+'18'!N38 -> 57.369
B66: TW 36 | C66: 2 | D66: 46*7 | E66: =46*7 -> 322 | F66: 10 | G66: =+E66*F66 -> 3220
A68: 45919 | B68: TW 36 | C68: 2 | D68: 165*2 | E68: =165*2 -> 330 | F68: 27 | G68: =+E68*F68 -> 8910 | H68: =+(E68*F68+E69*F69)/(SUM(F68:F69)) -> 328.75 | I68: =+'19'!N37 -> 43.005
B69: TW 36 | C69: 2 | D69: 46*7 | E69: =46*7 -> 322 | F69: 5 | G69: =+E69*F69 -> 1610
B70: TW 37,5 | C70: 2 | D70: 149+169 | E70: =149+169 -> 318 | F70: 14 | G70: =+E70*F70 -> 4452 | H70: =+G70/F70 -> 318 | I70: =+'19'!N38 -> 22.538
A72: 45920 | B72: TW 37,5 | C72: 2 | D72: 149+169 | E72: =149+169 -> 318 | F72: =8+8+7+8+8 -> 39 | G72: =+E72*F72 -> 12402 | H72: =+G72/F72 -> 318 | I72: =+'20'!N37 -> 43.228
B73: TW 38 | C73: 2 | D73: 149+169 | E73: =149+169 -> 318 | F73: =8+8 -> 16 | G73: =+E73*F73 -> 5088 | H73: =+G73/F73 -> 318 | I73: =+'20'!N38 -> 22.235
A75: 45921 | B75: TW 38 | C75: 2 | D75: 149+169 | E75: =149+169 -> 318 | F75: =8+8+6+5 -> 27 | G75: =+E75*F75 -> 8586 | H75: =+G75/F75 -> 318 | I75: =+'21'!N37 -> 36.322
B76: TW 38 | C76: 2 | D76: 120+96*2+18 | E76: =120+96*2+18 -> 330 | F76: =3+3+2 -> 8 | G76: =+E76*F76 -> 2640 | H76: =+G76/F76 -> 330 | I76: =+'21'!N38 -> 11.512
B77: TW 35 | C77: 2 | D77: 267+63 | E77: =267+63 -> 330 | F77: =6+5 -> 11 | G77: =+E77*F77 -> 3630 | H77: =+G77/F77 -> 330 | I77: =+'21'!N39 -> 19.116
A79: 45922 | B79: TW 35 | C79: 2 | D79: 267+63 | E79: =267+63 -> 330 | F79: =14+16+7 -> 37 | G79: =+E79*F79 -> 12210 | H79: =+G79/F79 -> 330 | I79: =+'22'!N37 -> 41.801
B80: TW 34 | C80: 2 | D80: 117,5*2+94 | E80: =117.5*2+94 -> 329 | F80: 5 | G80: =+E80*F80 -> 1645 | H80: =+G80/F80 -> 329 | I80: =+'22'!N38 -> 19.061
A82: 45923 | B82: TW 34 | C82: 2 | D82: 117,5*2+94 | E82: =117.5*2+94 -> 329 | F82: =1+2 -> 3 | G82: =+E82*F82 -> 987 | H82: =+(E82*F82+E83*F83+E84*F84)/(SUM(F82:F84)) -> 320.03846 | I82: =+'23'!N37 -> 62.696
B83: TW 34 | C83: 2 | D83: 120+97*2 | E83: =120+97*2 -> 314 | F83: =15+1 -> 16 | G83: =+E83*F83 -> 5024
B84: TW 34 | C84: 2 | D84: 165*2 | E84: =165*2 -> 330 | F84: 7 | G84: =+E84*F84 -> 2310
B85: TW 33,5 | C85: 2 | D85: 165*2 | E85: =165*2 -> 330 | F85: 1 | G85: =+E85*F85 -> 330 | H85: =+G85/F85 -> 330 | I85: =+'23'!N38 -> 4.201
A87: 45924 | B87: TW 33,5 | C87: 2 | D87: 165*2 | E87: =165*2 -> 330 | F87: 30 | G87: =+E87*F87 -> 9900 | H87: =+G87/F87 -> 330 | I87: =+'24'!N37 -> 39.338
B88: TW 31,5 | C88: 2 | D88: 115*2+92 | E88: =115*2+92 -> 322 | F88: 7 | G88: =+E88*F88 -> 2254 | H88: =+(E88*F88+E89*F89)/(SUM(F88:F89)) -> 325.23077 | I88: =+'24'!N38 -> 21.633
B89: TW 31,5 | C89: 2 | D89: 117,5*2+94 | E89: =117.5*2+94 -> 329 | F89: 6 | G89: =+E89*F89 -> 1974
A91: 45925 | B91: TW 31,5 | C91: 2 | D91: 117,5*2+94 | E91: =117.5*2+94 -> 329 | F91: =9+6+4+4 -> 23 | G91: =+E91*F91 -> 7567 | H91: =+(E91*F91+E92*F92)/(SUM(F91:F92)) -> 321.5 | I91: =+'25'!I38 -> 63.306
B92: TW 31,5 | C92: 2 | D92: 167+147 | E92: =167+147 -> 314 | F92: =7+14+2 -> 23 | G92: =+E92*F92 -> 7222
A94: 45926 | B94: TW 31,5 | C94: 2 | D94: 167+147 | E94: =167+147 -> 314 | F94: =13+4 -> 17 | G94: =+E94*F94 -> 5338 | H94: =+(E94*F94+E95*F95)/(SUM(F94:F95)) -> 320.5 | I94: =+'26'!N37 -> 40.761
B95: TW 31,5 | C95: 2 | D95: 117,5*2+94 | E95: =117.5*2+94 -> 329 | F95: 13 | G95: =+E95*F95 -> 4277
B96: TW 31,5 | C96: 2 | D96: 164,5*2 | E96: =164.5*2 -> 329 | F96: 16 | G96: =+E96*F96 -> 5264 | H96: =+G96/F96 -> 329 | I96: =+'26'!N38 -> 22.484
A98: 45927 | B98: TW 30,5 | C98: 2 | D98: 164,5*2 | E98: =164.5*2 -> 329 | F98: 50 | G98: =+E98*F98 -> 16450 | H98: =+G98/F98 -> 329 | I98: =+'27'!I38 -> 70.943
A100: 45928 | B100: TW 30,5 | C100: 2 | D100: 164,5*2 | E100: =164.5*2 -> 329 | F100: 12 | G100: =+E100*F100 -> 3948 | H100: =+G100/F100 -> 329 | I100: =+'28'!N37 -> 14.93
B101: TW 31,5 | C101: 2 | D101: 165*2 | E101: =165*2 -> 330 | F101: 22 | G101: =+E101*F101 -> 7260 | H101: =+G101/F101 -> 330 | I101: =+'28'!N38 -> 32.587
B102: TW 36 | C102: 2 | D102: 165*2 | E102: =165*2 -> 330 | F102: 15 | G102: =+E102*F102 -> 4950 | H102: =+G102/F102 -> 330 | I102: =+'28'!N39 -> 23.76
A104: 45929 | B104: TW 36 | C104: 2 | D104: 165*2 | E104: =165*2 -> 330 | F104: 11 | G104: =+E104*F104 -> 3630 | H104: =+G104/F104 -> 330 | I104: =+'29'!N37 -> 12.013
B105: TW 30,5 | C105: 2 | D105: 164,5*2 | E105: =164.5*2 -> 329 | F105: 6 | G105: =+E105*F105 -> 1974 | H105: =+G105/F105 -> 329 | I105: =+'29'!N38 -> 8.528
B106: TW 34 | C106: 2 | D106: 120*2+97 | E106: =120*2+97 -> 337 | F106: =15+17 -> 32 | G106: =+E106*F106 -> 10784 | H106: =+G106/F106 -> 337 | I106: =+'29'!N39 -> 44.145
A108: 45930 | B108: TW 34 | C108: 2 | D108: 120*2+97 | E108: =120*2+97 -> 337 | F108: =17*3 -> 51 | G108: =+E108*F108 -> 17187 | H108: =+G108/F108 -> 337 | I108: =+'30'!I38 -> 65.604

Sheet Efficiency1
A1: PM12 Efficiency Report
A3: Date | B3: Grade | C3: Speed real (ton) with Available Time | D3: Colour | E3: gsm | F3: Ply | G3: Standard | L3: Real Running | O3: Trim Rewinder (cm) | P3: Trim Rewinder x Running Time | Q3: Available Time (mnt) | R3: Down Time (mnt) | S3: Loss Time (mnt) | T3: Real Speed & Real Creepe Ratio with Available Time (ton) | U3: Real Speed & Real Creepe Ratio setelah dipotong DT & LT (ton) | V3: Loss tonase akibat DT + LT dari hitungan Teori with available time (ton) | W3: Accepted (ton) | X3: Real Eff dr Target Eff | Y3: Backlog | Z3: Reject Rewinder (ton) | AA3: Estimasi Reject to Broke Plant (ton) | AB3: Estimasi Faktor BW (ton) | AC3: Loss Opportunity in Speed (ton) | AD3: Downtime/ Losstime | AE3: Reason of Downtime / Losstime | AF3: Loss Time | AM3: Total Losstime | AN3: Unschedule Shut Down (mnt) | AS3: Schedule Shut Down | AT3: Marketing | AV3: EXT FACTOR | AX3: EXT FACTOR | AZ3: MANAGEMENT | BA3: Total Down Time | BB3: Freq. Sheets Break (X) | BC3: Freq. Change Blade (X) | BD3: Steam, & gangguan sinergy (X) | BE3: Freq, Trip PLN (X) | BF3: Cleaning Holes (X)
AF4: Proses | AI4: Change Grade | AJ4: Mekanik | AK4: Electric & Instrument | AL4: Boiler | AN4: Down Time Produksi | AO4: Mekanik | AP4: Electrical & Instrument | AQ4: Boiler | AR4: Total Unschedule Shut Down | AV4: LOSS | AW4: DOWN TIME | AX4: LOSS | AY4: DOWN TIME
G5: Yankee Speed (mpm) | H5: Max % Creeping | I5: Target Eff | J5: Kapasitas PM-Teori (ton) | K5: Teori (ton) with Available Time | L5: Yankee Speed (mpm) | M5: Popereel Speed (mpm) | N5: % Creeping | AF5: sheet break | AG5: change blade | AH5: change spool | AT5: Loss time | AU5: Down Time | AV5: SINERGY | AW5: SINERGY | AX5: PLN | AY5: PLN
A6: =+Report1!A9 -> 45901 | B6: Towel | C6: =(M6*E6*O6*Q6)/100000000 -> 60.827841 | D6: RC HW | E6: 35.5 | F6: 1 | G6: 460 | H6: 0.12 | I6: 0.88 | J6: =E6*G6*(1-H6)*1440/1000000*3.4 -> 70.357478 | K6: =(IF(G6<L6,L6,G6)*(1-IF(H6<N6,H6,N6))*E6*O6*Q6)/100000000 -> 60.827841 | L6: 530 | M6: 466.4 | N6: =1-(M6/L6) -> 0.12 | O6: =+'Trim Rwd'!H4 -> 314 | P6: =O6*(Q6-R6-S6) -> 359530 | Q6: =210+960 -> 1170 | R6: 0 | S6: 25 | T6: =E6*M6*O6*Q6/100000000 -> 60.827841 | U6: =E6*M6*O6*(Q6-R6-S6)/100000000 -> 59.528101 | V6: =E6*G6*(1-N6)*O6/100*(R6+S6)/1000000 -> 1.1280764 | W6: =+'1'!K7/1000 -> 65.5 | X6: =SUM(W6:W9)/SUM(K6:K9) -> 0.98323083 | Y6: 0 | Z6: =+'1'!D7/1000 -> 0.6 | AA6: =SUM(U6:U9)-SUM(W6:W9)-SUM(Z6:Z9)-SUM(Y6:Y9) -> -0.9200242 | AB6: =(SUM(K6:K9)-SUM(W6:W9)-SUM(Y6:Y9)-SUM(Z6:Z9)-SUM(AC6:AC9)-SUM(V6:V9))-AA6 -> 0.20611668 | AC6: =K6-T6 -> 0 | AD6: =+AM6+BA6 -> 0 | AE6: - Sheet Breaks (0x) | AF6: 0 | AM6: =SUM(AF6:AL6)+AT6+AV6+AX6 -> 0 | AR6: =SUM(AN6:AQ6) -> 0 | BA6: =+AR6+AS6+AU6+AW6+AY6+AZ6 -> 0 | BB6: 0
B7: Towel | C7: =(M7*E7*O7*Q7)/100000000 -> 11.36945 | D7: RC HW | E7: 34 | F7: 1 | G7: 480 | H7: 0.12 | I7: 0.88 | J7: =E7*G7*(1-H7)*1440/1000000*3.4 -> 70.314394 | K7: =(IF(G7<L7,L7,G7)*(1-IF(H7<N7,H7,N7))*E7*O7*Q7)/100000000 -> 11.36945 | L7: 550 | M7: =+L7-L7*0.12 -> 484 | N7: =1-(M7/L7) -> 0.12 | O7: =+'Trim Rwd'!H5 -> 329 | P7: =O7*(Q7-R7-S7) -> 67445 | Q7: 210 | R7: 0 | S7: 5 | T7: =E7*M7*O7*Q7/100000000 -> 11.36945 | U7: =E7*M7*O7*(Q7-R7-S7)/100000000 -> 11.098749 | V7: =E7*G7*(1-N7)*O7/100*(R7+S7)/1000000 -> 0.23624832 | W7: =+'1'!K8/1000 -> 7.816 | AC7: =K7-T7 -> 0 | AD7: =+AM7+BA7 -> 7 | AE7: - Change Blade (2x) | AG7: 7 | AM7: =SUM(AF7:AL7)+AT7+AV7+AX7 -> 7 | AR7: =SUM(AN7:AQ7) -> 0 | BA7: =+AR7+AS7+AU7+AW7+AY7+AZ7 -> 0 | BC7: 2
B8: Kitchen Towel | C8: =(M8*E8*O8*Q8)/100000000 -> 2.3691254 | D8: RC HW | E8: 17 | F8: 1 | G8: 830 | H8: 0.15 | I8: 0.88 | J8: =E8*G8*(1-H8)*1440/1000000*3.4 -> 58.720176 | K8: =(IF(G8<L8,L8,G8)*(1-IF(H8<N8,H8,N8))*E8*O8*Q8)/100000000 -> 2.3691254 | L8: 830 | M8: =+L8-L8*0.12 -> 730.4 | N8: =1-(M8/L8) -> 0.12 | O8: =+'Trim Rwd'!H6 -> 318 | P8: =O8*(Q8-R8-S8) -> 19080 | Q8: 60 | R8: 0 | S8: 0 | T8: =E8*M8*O8*Q8/100000000 -> 2.3691254 | U8: =E8*M8*O8*(Q8-R8-S8)/100000000 -> 2.3691254 | V8: =E8*G8*(1-N8)*O8/100*(R8+S8)/1000000 -> 0 | W8: =+'1'!K9/1000 -> 0 | AC8: =K8-T8 -> 0 | AD8: =+AM8+BA8 -> 18 | AE8: - Cleaning | AH8: 18 | AM8: =SUM(AF8:AL8)+AT8+AV8+AX8 -> 18 | AR8: =SUM(AN8:AQ8) -> 0 | BA8: =+AR8+AS8+AU8+AW8+AY8+AZ8 -> 0
AD9: =+AM9+BA9 -> 5 | AE9: - Change Grade | AI9: 5 | AM9: =SUM(AF9:AL9)+AT9+AV9+AX9 -> 5 | AR9: =SUM(AN9:AQ9) -> 0 | BA9: =+AR9+AS9+AU9+AW9+AY9+AZ9 -> 0
A11: 45902 | B11: Kitchen Towel | C11: =(M11*E11*O11*Q11)/100000000 -> 31.983193 | D11: RC HW | E11: 17 | F11: 1 | G11: 830 | H11: 0.15 | I11: 0.88 | J11: =E11*G11*(1-H11)*1440/1000000*3.4 -> 58.720176 | K11: =(IF(G11<L11,L11,G11)*(1-IF(H11<N11,H11,N11))*E11*O11*Q11)/100000000 -> 31.983193 | L11: 830 | M11: =+L11-L11*0.12 -> 730.4 | N11: =1-(M11/L11) -> 0.12 | O11: =+'Trim Rwd'!H9 -> 318 | P11: =O11*(Q11-R11-S11) -> 252492 | Q11: 810 | R11: 0 | S11: 16 | T11: =E11*M11*O11*Q11/100000000 -> 31.983193 | U11: =E11*M11*O11*(Q11-R11-S11)/100000000 -> 31.351427 | V11: =E11*G11*(1-N11)*O11/100*(R11+S11)/1000000 -> 0.63176678 | W11: =+'2'!K9/1000 -> 17.635 | X11: =SUM(W11:W14)/SUM(K11:K14) -> 0.95719613 | Y11: 0 | Z11: 0 | AA11: =SUM(U11:U14)-SUM(W11:W14)-SUM(Z11:Z14)-SUM(Y11:Y14) -> 1.2588839 | AB11: =(SUM(K11:K14)-SUM(W11:W14)-SUM(Y11:Y14)-SUM(Z11:Z14)-SUM(AC11:AC14)-SUM(V11:V14))-AA11 -> 4.8849813e-15 | AC11: =K11-T11 -> 0 | AD11: =+AM11+BA11 -> 0 | AE11: - Sheet Breaks (0x) | AF11: 0 | AM11: =SUM(AF11:AL11)+AT11+AV11+AX11 -> 0 | AR11: =SUM(AN11:AQ11) -> 0 | BA11: =+AR11+AS11+AU11+AW11+AY11+AZ11 -> 0 | BB11: 0
B12: Towel | C12: =(M12*E12*O12*Q12)/100000000 -> 29.967538 | D12: RC HW | E12: 31.5 | F12: 1 | G12: 520 | H12: 0.12 | I12: 0.88 | J12: =E12*G12*(1-H12)*1440/1000000*3.4 -> 70.572902 | K12: =(IF(G12<L12,L12,G12)*(1-IF(H12<N12,H12,N12))*E12*O12*Q12)/100000000 -> 29.967538 | L12: 520 | M12: =+L12-L12*0.12 -> 457.6 | N12: =1-(M12/L12) -> 0.12 | O12: =+'Trim Rwd'!H10 -> 330 | P12: =O12*(Q12-R12-S12) -> 202620 | Q12: 630 | R12: 0 | S12: 16 | T12: =E12*M12*O12*Q12/100000000 -> 29.967538 | U12: =E12*M12*O12*(Q12-R12-S12)/100000000 -> 29.206457 | V12: =E12*G12*(1-N12)*O12/100*(R12+S12)/1000000 -> 0.76108032 | W12: =+'2'!K10/1000 -> 26.028 | AC12: =K12-T12 -> 0 | AD12: =+AM12+BA12 -> 7 | AE12: - Change Blade (2x) | AG12: 7 | AM12: =SUM(AF12:AL12)+AT12+AV12+AX12 -> 7 | AR12: =SUM(AN12:AQ12) -> 0 | BA12: =+AR12+AS12+AU12+AW12+AY12+AZ12 -> 0 | BC12: 2
B13: Towel | E13: 34 | W13: =+'2'!K8/1000 -> 15.636 | AD13: =+AM13+BA13 -> 20 | AE13: - Cleaning | AH13: 20 | AM13: =SUM(AF13:AL13)+AT13+AV13+AX13 -> 20 | AR13: =SUM(AN13:AQ13) -> 0 | BA13: =+AR13+AS13+AU13+AW13+AY13+AZ13 -> 0
AD14: =+AM14+BA14 -> 5 | AE14: - Change Grade | AI14: 5 | AM14: =SUM(AF14:AL14)+AT14+AV14+AX14 -> 5 | AR14: =SUM(AN14:AQ14) -> 0 | BA14: =+AR14+AS14+AU14+AW14+AY14+AZ14 -> 0
A16: 45903 | B16: Towel | C16: =(M16*E16*O16*Q16)/100000000 -> 5.4702648 | D16: RC HW | E16: 31.5 | F16: 1 | G16: 520 | H16: 0.12 | I16: 0.88 | J16: =E16*G16*(1-H16)*1440/1000000*3.4 -> 70.572902 | K16: =(IF(G16<L16,L16,G16)*(1-IF(H16<N16,H16,N16))*E16*O16*Q16)/100000000 -> 5.4702648 | L16: 520 | M16: =+L16-L16*0.12 -> 457.6 | N16: =1-(M16/L16) -> 0.12 | O16: =+'Trim Rwd'!H12 -> 330 | P16: =O16*(Q16-R16-S16) -> 32670 | Q16: 115 | R16: 0 | S16: 16 | T16: =E16*M16*O16*Q16/100000000 -> 5.4702648 | U16: =E16*M16*O16*(Q16-R16-S16)/100000000 -> 4.7091845 | V16: =E16*G16*(1-N16)*O16/100*(R16+S16)/1000000 -> 0.76108032 | W16: =+'3'!K10/1000 -> 7.121 | X16: =SUM(W16:W19)/SUM(K16:K19) -> 0.72036837 | Y16: 0 | Z16: 0 | AA16: =SUM(U16:U19)-SUM(W16:W19)-SUM(Z16:Z19)-SUM(Y16:Y19) -> 2.3152435 | AB16: =(SUM(K16:K19)-SUM(W16:W19)-SUM(Y16:Y19)-SUM(Z16:Z19)-SUM(AC16:AC19)-SUM(V16:V19))-AA16 -> 0 | AC16: =K16-T16 -> 0 | AD16: =+AM16+BA16 -> 42 | AE16: - Sheet Breaks (10x) | AF16: 42 | AM16: =SUM(AF16:AL16)+AT16+AV16+AX16 -> 42 | AR16: =SUM(AN16:AQ16) -> 0 | BA16: =+AR16+AS16+AU16+AW16+AY16+AZ16 -> 0 | BB16: 10
B17: Napkin | C17: =(M17*E17*O17*Q17)/100000000 -> 28.195814 | D17: RC BR | E17: 18 | F17: 1 | G17: 830 | H17: 0.14 | I17: 0.88 | J17: =E17*G17*(1-H17)*1440/1000000*3.4 -> 62.905766 | K17: =(IF(G17<L17,L17,G17)*(1-IF(H17<N17,H17,N17))*E17*O17*Q17)/100000000 -> 28.195814 | L17: 830 | M17: =+L17-L17*0.14 -> 713.8 | N17: =1-(M17/L17) -> 0.14 | O17: =+'Trim Rwd'!H13 -> 330 | P17: =O17*(Q17-R17-S17) -> 137940 | Q17: 665 | R17: 0 | S17: =42+205 -> 247 | T17: =E17*M17*O17*Q17/100000000 -> 28.195814 | U17: =E17*M17*O17*(Q17-R17-S17)/100000000 -> 17.723083 | V17: =E17*G17*(1-N17)*O17/100*(R17+S17)/1000000 -> 10.472731 | W17: =+'3'!K11/1000 -> 18.436 | Z17: =+'3'!D16/1000 -> 0.3 | AC17: =K17-T17 -> 0 | AD17: =+AM17+BA17 -> 16 | AE17: - Change Blade (5x) | AG17: 16 | AM17: =SUM(AF17:AL17)+AT17+AV17+AX17 -> 16 | AR17: =SUM(AN17:AQ17) -> 0 | BA17: =+AR17+AS17+AU17+AW17+AY17+AZ17 -> 0 | BC17: 5
B18: Napkin | C18: =(M18*E18*O18*Q18)/100000000 -> 23.513 | D18: RC BR | E18: 15.5 | F18: 1 | G18: 830 | H18: 0.14 | I18: 0.88 | J18: =E18*G18*(1-H18)*1440/1000000*3.4 -> 54.168854 | K18: =(IF(G18<L18,L18,G18)*(1-IF(H18<N18,H18,N18))*E18*O18*Q18)/100000000 -> 23.513 | L18: 830 | M18: =+L18-L18*0.14 -> 713.8 | N18: =1-(M18/L18) -> 0.14 | O18: =+'Trim Rwd'!H14 -> 322 | P18: =O18*(Q18-R18-S18) -> 202216 | Q18: 660 | R18: 0 | S18: =19+13 -> 32 | T18: =E18*M18*O18*Q18/100000000 -> 23.513 | U18: =E18*M18*O18*(Q18-R18-S18)/100000000 -> 22.372976 | V18: =E18*G18*(1-N18)*O18/100*(R18+S18)/1000000 -> 1.1400243 | W18: =+'3'!K12/1000 -> 15.633 | Z18: =+('3'!D17+'3'!D25)/1000 -> 1 | AC18: =K18-T18 -> 0 | AD18: =+AM18+BA18 -> 19 | AE18: - Cleaning | AH18: 19 | AM18: =SUM(AF18:AL18)+AT18+AV18+AX18 -> 19 | AR18: =SUM(AN18:AQ18) -> 0 | BA18: =+AR18+AS18+AU18+AW18+AY18+AZ18 -> 0
AD19: =+AM19+BA19 -> 13 | AE19: - Change Grade | AI19: 13 | AM19: =SUM(AF19:AL19)+AT19+AV19+AX19 -> 13 | AR19: =SUM(AN19:AQ19) -> 0 | BA19: =+AR19+AS19+AU19+AW19+AY19+AZ19 -> 0
AD20: =+AM20+BA20 -> 205 | AE20: - 12.20 jumbo baru ACC warna | AM20: =SUM(AF20:AL20)+AT20+AV20+AX20 -> 205 | AR20: =SUM(AN20:AQ20) -> 0 | AT20: 205 | BA20: =+AR20+AS20+AU20+AW20+AY20+AZ20 -> 0
A22: 45904 | B22: Napkin | C22: =(M22*E22*O22*Q22)/100000000 -> 51.301092 | D22: RC BR | E22: 15.5 | F22: 1 | G22: 830 | H22: 0.14 | I22: 0.88 | J22: =E22*G22*(1-H22)*1440/1000000*3.4 -> 54.168854 | K22: =(IF(G22<L22,L22,G22)*(1-IF(H22<N22,H22,N22))*E22*O22*Q22)/100000000 -> 51.301092 | L22: 830 | M22: =+L22-L22*0.14 -> 713.8 | N22: =1-(M22/L22) -> 0.14 | O22: =+'Trim Rwd'!H16 -> 322 | P22: =O22*(Q22-R22-S22) -> 438886 | Q22: 1440 | R22: 0 | S22: 77 | T22: =E22*M22*O22*Q22/100000000 -> 51.301092 | U22: =E22*M22*O22*(Q22-R22-S22)/100000000 -> 48.557908 | V22: =E22*G22*(1-N22)*O22/100*(R22+S22)/1000000 -> 2.7431834 | W22: =+'4'!K34/1000 -> 46.571 | X22: =SUM(W22:W25)/SUM(K22:K25) -> 0.90779745 | Y22: 0 | Z22: =+'4'!D34/1000 -> 0.215 | AA22: =SUM(U22:U25)-SUM(W22:W25)-SUM(Z22:Z25)-SUM(Y22:Y25) -> 1.7719082 | AB22: =(SUM(K22:K25)-SUM(W22:W25)-SUM(Y22:Y25)-SUM(Z22:Z25)-SUM(AC22:AC25)-SUM(V22:V25))-AA22 -> 4.2188475e-15 | AC22: =K22-T22 -> 0 | AD22: =+AM22+BA22 -> 19 | AE22: - Sheet Breaks (10x) | AF22: 19 | AM22: =SUM(AF22:AL22)+AT22+AV22+AX22 -> 19 | AR22: =SUM(AN22:AQ22) -> 0 | BA22: =+AR22+AS22+AU22+AW22+AY22+AZ22 -> 0 | BB22: 10
AD23: =+AM23+BA23 -> 37 | AE23: - Change Blade (13x) | AG23: 37 | AM23: =SUM(AF23:AL23)+AT23+AV23+AX23 -> 37 | AR23: =SUM(AN23:AQ23) -> 0 | BA23: =+AR23+AS23+AU23+AW23+AY23+AZ23 -> 0 | BC23: 13
AD24: =+AM24+BA24 -> 21 | AE24: - Cleaning | AH24: 21 | AM24: =SUM(AF24:AL24)+AT24+AV24+AX24 -> 21 | AR24: =SUM(AN24:AQ24) -> 0 | BA24: =+AR24+AS24+AU24+AW24+AY24+AZ24 -> 0
A26: 45905 | B26: Napkin | C26: =(M26*E26*O26*Q26)/100000000 -> 51.301092 | D26: RC BR | E26: 15.5 | F26: 1 | G26: 830 | H26: 0.14 | I26: 0.88 | J26: =E26*G26*(1-H26)*1440/1000000*3.4 -> 54.168854 | K26: =(IF(G26<L26,L26,G26)*(1-IF(H26<N26,H26,N26))*E26*O26*Q26)/100000000 -> 51.301092 | L26: 830 | M26: =+L26-L26*0.14 -> 713.8 | N26: =1-(M26/L26) -> 0.14 | O26: =+'Trim Rwd'!H18 -> 322 | P26: =O26*(Q26-R26-S26) -> 444682 | Q26: 1440 | R26: 0 | S26: 59 | T26: =E26*M26*O26*Q26/100000000 -> 51.301092 | U26: =E26*M26*O26*(Q26-R26-S26)/100000000 -> 49.199172 | V26: =E26*G26*(1-N26)*O26/100*(R26+S26)/1000000 -> 2.1019197 | W26: =+'5'!K34/1000 -> 47.639 | X26: =SUM(W26:W29)/SUM(K26:K29) -> 0.92861572 | Y26: 0 | Z26: =+'5'!D34/1000 -> 0.19 | AA26: =SUM(U26:U29)-SUM(W26:W29)-SUM(Z26:Z29)-SUM(Y26:Y29) -> 1.3701718 | AB26: =(SUM(K26:K29)-SUM(W26:W29)-SUM(Y26:Y29)-SUM(Z26:Z29)-SUM(AC26:AC29)-SUM(V26:V29))-AA26 -> -1.7763568e-15 | AC26: =K26-T26 -> 0 | AD26: =+AM26+BA26 -> 16 | AE26: - Sheet Breaks (4x) | AF26: 16 | AM26: =SUM(AF26:AL26)+AT26+AV26+AX26 -> 16 | AR26: =SUM(AN26:AQ26) -> 0 | BA26: =+AR26+AS26+AU26+AW26+AY26+AZ26 -> 0 | BB26: 4
AD27: =+AM27+BA27 -> 28 | AE27: - Change Blade (12x) | AG27: 28 | AM27: =SUM(AF27:AL27)+AT27+AV27+AX27 -> 28 | AR27: =SUM(AN27:AQ27) -> 0 | BA27: =+AR27+AS27+AU27+AW27+AY27+AZ27 -> 0 | BC27: 12
AD28: =+AM28+BA28 -> 15 | AE28: - Cleaning | AH28: 15 | AM28: =SUM(AF28:AL28)+AT28+AV28+AX28 -> 15 | AR28: =SUM(AN28:AQ28) -> 0 | BA28: =+AR28+AS28+AU28+AW28+AY28+AZ28 -> 0
A30: 45906 | B30: Napkin | C30: =(M30*E30*O30*Q30)/100000000 -> 51.519766 | D30: RC BR | E30: 15.5 | F30: 1 | G30: 830 | H30: 0.14 | I30: 0.88 | J30: =E30*G30*(1-H30)*1440/1000000*3.4 -> 54.168854 | K30: =(IF(G30<L30,L30,G30)*(1-IF(H30<N30,H30,N30))*E30*O30*Q30)/100000000 -> 51.519766 | L30: 830 | M30: =+L30-L30*0.14 -> 713.8 | N30: =1-(M30/L30) -> 0.14 | O30: =+'Trim Rwd'!H20 -> 323.37255 | P30: =O30*(Q30-R30-S30) -> 448517.73 | Q30: 1440 | R30: 0 | S30: 53 | T30: =E30*M30*O30*Q30/100000000 -> 51.519766 | U30: =E30*M30*O30*(Q30-R30-S30)/100000000 -> 49.623553 | V30: =E30*G30*(1-N30)*O30/100*(R30+S30)/1000000 -> 1.8962136 | W30: =+'6'!K34/1000 -> 47.775 | X30: =SUM(W30:W33)/SUM(K30:K33) -> 0.92731399 | Y30: 0 | Z30: =+'6'!D34/1000 -> 0.8 | AA30: =SUM(U30:U33)-SUM(W30:W33)-SUM(Z30:Z33)-SUM(Y30:Y33) -> 1.0485526 | AB30: =(SUM(K30:K33)-SUM(W30:W33)-SUM(Y30:Y33)-SUM(Z30:Z33)-SUM(AC30:AC33)-SUM(V30:V33))-AA30 -> 0 | AC30: =K30-T30 -> 0 | AD30: =+AM30+BA30 -> 7 | AE30: - Sheet Breaks (2x) | AF30: 7 | AM30: =SUM(AF30:AL30)+AT30+AV30+AX30 -> 7 | AR30: =SUM(AN30:AQ30) -> 0 | BA30: =+AR30+AS30+AU30+AW30+AY30+AZ30 -> 0 | BB30: 2
AD31: =+AM31+BA31 -> 24 | AE31: - Change Blade (11x) | AG31: 24 | AM31: =SUM(AF31:AL31)+AT31+AV31+AX31 -> 24 | AR31: =SUM(AN31:AQ31) -> 0 | BA31: =+AR31+AS31+AU31+AW31+AY31+AZ31 -> 0 | BC31: 11
AD32: =+AM32+BA32 -> 20 | AE32: - Cleaning | AH32: 20 | AM32: =SUM(AF32:AL32)+AT32+AV32+AX32 -> 20 | AR32: =SUM(AN32:AQ32) -> 0 | BA32: =+AR32+AS32+AU32+AW32+AY32+AZ32 -> 0
AD33: =+AM33+BA33 -> 2 | AE33: - Change Grade | AI33: 2 | AM33: =SUM(AF33:AL33)+AT33+AV33+AX33 -> 2 | AR33: =SUM(AN33:AQ33) -> 0 | BA33: =+AR33+AS33+AU33+AW33+AY33+AZ33 -> 0
A35: 45907 | B35: Napkin | C35: =(M35*E35*O35*Q35)/100000000 -> 17.949215 | D35: RC BR | E35: 16 | F35: 1 | G35: 830 | H35: 0.14 | I35: 0.88 | J35: =E35*G35*(1-H35)*1440/1000000*3.4 -> 55.916237 | K35: =(IF(G35<L35,L35,G35)*(1-IF(H35<N35,H35,N35))*E35*O35*Q35)/100000000 -> 17.949215 | L35: 830 | M35: =+L35-L35*0.14 -> 713.8 | N35: =1-(M35/L35) -> 0.14 | O35: =+'Trim Rwd'!H25 -> 317.5 | P35: =O35*(Q35-R35-S35) -> 150495 | Q35: 495 | R35: 0 | S35: 21 | T35: =E35*M35*O35*Q35/100000000 -> 17.949215 | U35: =E35*M35*O35*(Q35-R35-S35)/100000000 -> 17.187733 | V35: =E35*G35*(1-N35)*O35/100*(R35+S35)/1000000 -> 0.76148184 | W35: =+'7'!K13/1000 -> 19.427 | X35: =SUM(W35:W38)/SUM(K35:K38) -> 0.73773035 | Y35: 0 | Z35: =+'7'!D16/1000 -> 0.178 | AA35: =SUM(U35:U38)-SUM(W35:W38)-SUM(Z35:Z38)-SUM(Y35:Y38) -> 9.8891638 | AB35: =(SUM(K35:K38)-SUM(W35:W38)-SUM(Y35:Y38)-SUM(Z35:Z38)-SUM(AC35:AC38)-SUM(V35:V38))-AA35 -> 0 | AC35: =K35-T35 -> 0 | AD35: =+AM35+BA35 -> 2 | AE35: - Sheet Breaks (4x) | AF35: 2 | AM35: =SUM(AF35:AL35)+AT35+AV35+AX35 -> 2 | AR35: =SUM(AN35:AQ35) -> 0 | BA35: =+AR35+AS35+AU35+AW35+AY35+AZ35 -> 0 | BB35: 4
B36: Napkin | C36: =(M36*E36*O36*Q36)/100000000 -> 29.282307 | D36: RC BR | E36: 16.5 | F36: 1 | G36: 830 | H36: 0.14 | I36: 0.88 | J36: =E36*G36*(1-H36)*1440/1000000*3.4 -> 57.663619 | K36: =(IF(G36<L36,L36,G36)*(1-IF(H36<N36,H36,N36))*E36*O36*Q36)/100000000 -> 29.282307 | L36: 830 | M36: =+L36-L36*0.14 -> 713.8 | N36: =1-(M36/L36) -> 0.14 | O36: =+'Trim Rwd'!H26 -> 325 | P36: =O36*(Q36-R36-S36) -> 238550 | Q36: 765 | R36: 0 | S36: 31 | T36: =E36*M36*O36*Q36/100000000 -> 29.282307 | U36: =E36*M36*O36*(Q36-R36-S36)/100000000 -> 28.095703 | V36: =E36*G36*(1-N36)*O36/100*(R36+S36)/1000000 -> 1.1866033 | W36: =+'7'!K14/1000 -> 7.454 | Z36: 0 | AC36: =K36-T36 -> 0 | AD36: =+AM36+BA36 -> 27 | AE36: - Change Blade (12x) | AG36: 27 | AM36: =SUM(AF36:AL36)+AT36+AV36+AX36 -> 27 | AR36: =SUM(AN36:AQ36) -> 0 | BA36: =+AR36+AS36+AU36+AW36+AY36+AZ36 -> 0 | BC36: 12
B37: Napkin | C37: =(M37*E37*O37*Q37)/100000000 -> 7.0186526 | D37: RC BR | E37: 17 | F37: 1 | G37: 830 | H37: 0.14 | I37: 0.88 | J37: =E37*G37*(1-H37)*1440/1000000*3.4 -> 59.411002 | K37: =(IF(G37<L37,L37,G37)*(1-IF(H37<N37,H37,N37))*E37*O37*Q37)/100000000 -> 7.0186526 | L37: 830 | M37: =+L37-L37*0.14 -> 713.8 | N37: =1-(M37/L37) -> 0.14 | O37: =+'Trim Rwd'!H27 -> 321.33333 | P37: =O37*(Q37-R37-S37) -> 54626.667 | Q37: 180 | R37: 0 | S37: 10 | T37: =E37*M37*O37*Q37/100000000 -> 7.0186526 | U37: =E37*M37*O37*(Q37-R37-S37)/100000000 -> 6.6287275 | V37: =E37*G37*(1-N37)*O37/100*(R37+S37)/1000000 -> 0.38992515 | W37: =+'7'!K15/1000 -> 11.319 | Z37: =+('7'!D17+'7'!D26)/1000 -> 1.823 | AC37: =K37-T37 -> 0 | AD37: =+AM37+BA37 -> 28 | AE37: - Cleaning | AH37: 28 | AM37: =SUM(AF37:AL37)+AT37+AV37+AX37 -> 28 | AR37: =SUM(AN37:AQ37) -> 0 | BA37: =+AR37+AS37+AU37+AW37+AY37+AZ37 -> 0
B38: Napkin | E38: 15.5 | W38: =+'7'!K12/1000 -> 1.822 | AD38: =+AM38+BA38 -> 5 | AE38: - Change Grade | AI38: 5 | AM38: =SUM(AF38:AL38)+AT38+AV38+AX38 -> 5 | AR38: =SUM(AN38:AQ38) -> 0 | BA38: =+AR38+AS38+AU38+AW38+AY38+AZ38 -> 0
A40: 45908 | B40: Napkin | C40: =(M40*E40*O40*Q40)/100000000 -> 51.700677 | D40: RC BR | E40: 17 | F40: 1 | G40: 830 | H40: 0.14 | I40: 0.88 | J40: =E40*G40*(1-H40)*1440/1000000*3.4 -> 59.411002 | K40: =(IF(G40<L40,L40,G40)*(1-IF(H40<N40,H40,N40))*E40*O40*Q40)/100000000 -> 51.700677 | L40: 830 | M40: =+L40-L40*0.14 -> 713.8 | N40: =1-(M40/L40) -> 0.14 | O40: =+'Trim Rwd'!H30 -> 324 | P40: =O40*(Q40-R40-S40) -> 413100 | Q40: 1315 | R40: 0 | S40: 40 | T40: =E40*M40*O40*Q40/100000000 -> 51.700677 | U40: =E40*M40*O40*(Q40-R40-S40)/100000000 -> 50.128033 | V40: =E40*G40*(1-N40)*O40/100*(R40+S40)/1000000 -> 1.5726442 | W40: =+'8'!K15/1000 -> 50.766 | X40: =SUM(W40:W43)/SUM(K40:K43) -> 0.94951569 | Y40: 0 | Z40: =+'8'!D34/1000 -> 0.847 | AA40: =SUM(U40:U43)-SUM(W40:W43)-SUM(Z40:Z43)-SUM(Y40:Y43) -> 0.02830832 | AB40: =(SUM(K40:K43)-SUM(W40:W43)-SUM(Y40:Y43)-SUM(Z40:Z43)-SUM(AC40:AC43)-SUM(V40:V43))-AA40 -> 1.7763568e-15 | AC40: =K40-T40 -> 0 | AD40: =+AM40+BA40 -> 3 | AE40: - Sheet Breaks (3x) | AF40: 3 | AM40: =SUM(AF40:AL40)+AT40+AV40+AX40 -> 3 | AR40: =SUM(AN40:AQ40) -> 0 | BA40: =+AR40+AS40+AU40+AW40+AY40+AZ40 -> 0 | BB40: 3
B41: Napkin | C41: =(M41*E41*O41*Q41)/100000000 -> 5.492691 | D41: RC BR | E41: 19 | F41: 1 | G41: 830 | H41: 0.14 | I41: 0.88 | J41: =E41*G41*(1-H41)*1440/1000000*3.4 -> 66.400531 | K41: =(IF(G41<L41,L41,G41)*(1-IF(H41<N41,H41,N41))*E41*O41*Q41)/100000000 -> 5.492691 | L41: 830 | M41: =+L41-L41*0.14 -> 713.8 | N41: =1-(M41/L41) -> 0.14 | O41: =+'Trim Rwd'!H32 -> 324 | P41: =O41*(Q41-R41-S41) -> 37260 | Q41: 125 | R41: 0 | S41: 10 | T41: =E41*M41*O41*Q41/100000000 -> 5.492691 | U41: =E41*M41*O41*(Q41-R41-S41)/100000000 -> 5.0532757 | V41: =E41*G41*(1-N41)*O41/100*(R41+S41)/1000000 -> 0.43941528 | W41: =+'8'!K16/1000 -> 3.104 | AC41: =K41-T41 -> 0 | AD41: =+AM41+BA41 -> 24 | AE41: - Change Blade (12x) | AG41: 24 | AM41: =SUM(AF41:AL41)+AT41+AV41+AX41 -> 24 | AR41: =SUM(AN41:AQ41) -> 0 | BA41: =+AR41+AS41+AU41+AW41+AY41+AZ41 -> 0 | BC41: 12
B42: Napkin | E42: 16.5 | W42: =+'8'!K14/1000 -> 0.436 | AD42: =+AM42+BA42 -> 21 | AE42: - Cleaning | AH42: 21 | AM42: =SUM(AF42:AL42)+AT42+AV42+AX42 -> 21 | AR42: =SUM(AN42:AQ42) -> 0 | BA42: =+AR42+AS42+AU42+AW42+AY42+AZ42 -> 0
AD43: =+AM43+BA43 -> 2 | AE43: - Change Grade | AI43: 2 | AM43: =SUM(AF43:AL43)+AT43+AV43+AX43 -> 2 | AR43: =SUM(AN43:AQ43) -> 0 | BA43: =+AR43+AS43+AU43+AW43+AY43+AZ43 -> 0
A45: 45909 | B45: Napkin | C45: =(M45*E45*O45*Q45)/100000000 -> 63.388471 | D45: RC BR | E45: 19 | F45: 1 | G45: 830 | H45: 0.14 | I45: 0.88 | J45: =E45*G45*(1-H45)*1440/1000000*3.4 -> 66.400531 | K45: =(IF(G45<L45,L45,G45)*(1-IF(H45<N45,H45,N45))*E45*O45*Q45)/100000000 -> 63.388471 | L45: 830 | M45: =+L45-L45*0.14 -> 713.8 | N45: =1-(M45/L45) -> 0.14 | O45: =+'Trim Rwd'!H34 -> 324.57692 | P45: =O45*(Q45-R45-S45) -> 425844.92 | Q45: 1440 | R45: 82 | S45: 46 | T45: =E45*M45*O45*Q45/100000000 -> 63.388471 | U45: =E45*M45*O45*(Q45-R45-S45)/100000000 -> 57.75394 | V45: =E45*G45*(1-N45)*O45/100*(R45+S45)/1000000 -> 5.6345307 | W45: =+'9'!K34/1000 -> 56.868 | X45: =SUM(W45:W48)/SUM(K45:K48) -> 0.89713475 | Y45: 0 | Z45: =+'9'!D34/1000 -> 0.31 | AA45: =SUM(U45:U48)-SUM(W45:W48)-SUM(Z45:Z48)-SUM(Y45:Y48) -> 0.57594016 | AB45: =(SUM(K45:K48)-SUM(W45:W48)-SUM(Y45:Y48)-SUM(Z45:Z48)-SUM(AC45:AC48)-SUM(V45:V48))-AA45 -> 0 | AC45: =K45-T45 -> 0 | AD45: =+AM45+BA45 -> 4 | AE45: - Sheet Breaks (2x) | AF45: 4 | AM45: =SUM(AF45:AL45)+AT45+AV45+AX45 -> 4 | AR45: =SUM(AN45:AQ45) -> 0 | BA45: =+AR45+AS45+AU45+AW45+AY45+AZ45 -> 0 | BB45: 2
AD46: =+AM46+BA46 -> 21 | AE46: - Change Blade (8x) | AG46: 21 | AM46: =SUM(AF46:AL46)+AT46+AV46+AX46 -> 21 | AR46: =SUM(AN46:AQ46) -> 0 | BA46: =+AR46+AS46+AU46+AW46+AY46+AZ46 -> 0 | BC46: 8
AD47: =+AM47+BA47 -> 21 | AE47: - Cleaning | AH47: 21 | AM47: =SUM(AF47:AL47)+AT47+AV47+AX47 -> 21 | AR47: =SUM(AN47:AQ47) -> 0 | BA47: =+AR47+AS47+AU47+AW47+AY47+AZ47 -> 0
AD48: =+AM48+BA48 -> 82 | AE48: - 21.55 PM stop, palm angin guide roll felt putus, felt lari ke OS | AM48: =SUM(AF48:AL48)+AT48+AV48+AX48 -> 0 | AO48: 82 | AR48: =SUM(AN48:AQ48) -> 82 | BA48: =+AR48+AS48+AU48+AW48+AY48+AZ48 -> 82
A50: 45910 | B50: Napkin | C50: =(M50*E50*O50*Q50)/100000000 -> 22.548514 | D50: RC BR | E50: 19 | F50: 1 | G50: 830 | H50: 0.14 | I50: 0.88 | J50: =E50*G50*(1-H50)*1440/1000000*3.4 -> 66.400531 | K50: =(IF(G50<L50,L50,G50)*(1-IF(H50<N50,H50,N50))*E50*O50*Q50)/100000000 -> 22.548514 | L50: 830 | M50: =+L50-L50*0.14 -> 713.8 | N50: =1-(M50/L50) -> 0.14 | O50: =+'Trim Rwd'!H37 -> 326 | P50: =O50*(Q50-R50-S50) -> 160718 | Q50: =480+30 -> 510 | R50: 0 | S50: 17 | T50: =E50*M50*O50*Q50/100000000 -> 22.548514 | U50: =E50*M50*O50*(Q50-R50-S50)/100000000 -> 21.796897 | V50: =E50*G50*(1-N50)*O50/100*(R50+S50)/1000000 -> 0.75161712 | W50: =+'10'!K16/1000 -> 22.488 | X50: =SUM(W50:W53)/SUM(K50:K53) -> 0.89034205 | Y50: 0 | Z50: =+'10'!D34/1000 -> 2.143 | AA50: =SUM(U50:U53)-SUM(W50:W53)-SUM(Z50:Z53)-SUM(Y50:Y53) -> 1.773605 | AB50: =(SUM(K50:K53)-SUM(W50:W53)-SUM(Y50:Y53)-SUM(Z50:Z53)-SUM(AC50:AC53)-SUM(V50:V53))-AA50 -> -0.034928782 | AC50: =K50-T50 -> 0 | AD50: =+AM50+BA50 -> 0 | AE50: - Sheet Breaks (0x) | AF50: 0 | AM50: =SUM(AF50:AL50)+AT50+AV50+AX50 -> 0 | AR50: =SUM(AN50:AQ50) -> 0 | BA50: =+AR50+AS50+AU50+AW50+AY50+AZ50 -> 0 | BB50: 0
B51: Napkin | C51: =(M51*E51*O51*Q51)/100000000 -> 41.31112 | D51: RC BR | E51: 20 | F51: 1 | G51: 830 | H51: 0.14 | I51: 0.88 | J51: =E51*G51*(1-H51)*1440/1000000*3.4 -> 69.895296 | K51: =(IF(G51<L51,L51,G51)*(1-IF(H51<N51,H51,N51))*E51*O51*Q51)/100000000 -> 42.935308 | L51: 798.60215 | M51: 686.79785 | N51: =1-(M51/L51) -> 0.14 | O51: =+'Trim Rwd'!H38 -> 323.38889 | P51: =O51*(Q51-R51-S51) -> 294283.89 | Q51: 930 | R51: 0 | S51: 20 | T51: =E51*M51*O51*Q51/100000000 -> 41.31112 | U51: =E51*M51*O51*(Q51-R51-S51)/100000000 -> 40.422708 | V51: =E51*G51*(1-N51)*O51/100*(R51+S51)/1000000 -> 0.92333996 | W51: =+'10'!K17/1000 -> 35.815 | AC51: =K51-T51 -> 1.6241884 | AD51: =+AM51+BA51 -> 23 | AE51: - Change Blade (6x) | AG51: 23 | AM51: =SUM(AF51:AL51)+AT51+AV51+AX51 -> 23 | AR51: =SUM(AN51:AQ51) -> 0 | BA51: =+AR51+AS51+AU51+AW51+AY51+AZ51 -> 0 | BC51: 6
AD52: =+AM52+BA52 -> 14 | AE52: - Cleaning | AH52: 14 | AM52: =SUM(AF52:AL52)+AT52+AV52+AX52 -> 14 | AR52: =SUM(AN52:AQ52) -> 0 | BA52: =+AR52+AS52+AU52+AW52+AY52+AZ52 -> 0
A54: 45911 | B54: Napkin | C54: =(M54*E54*O54*Q54)/100000000 -> 11.159 | D54: RC BR | E54: 20 | F54: 1 | G54: 830 | H54: 0.14 | I54: 0.88 | J54: =E54*G54*(1-H54)*1440/1000000*3.4 -> 69.895296 | K54: =(IF(G54<L54,L54,G54)*(1-IF(H54<N54,H54,N54))*E54*O54*Q54)/100000000 -> 11.159 | L54: 830 | M54: =+L54-L54*0.14 -> 713.8 | N54: =1-(M54/L54) -> 0.14 | O54: =+'Trim Rwd'!H41 -> 325.69231 | P54: =O54*(Q54-R54-S54) -> 76537.692 | Q54: 240 | R54: 0 | S54: 5 | T54: =E54*M54*O54*Q54/100000000 -> 11.159 | U54: =E54*M54*O54*(Q54-R54-S54)/100000000 -> 10.926521 | V54: =E54*G54*(1-N54)*O54/100*(R54+S54)/1000000 -> 0.23247917 | W54: =+'11'!K17/1000 -> 13.857 | X54: =SUM(W54:W57)/SUM(K54:K57) -> 0.85668999 | Y54: 0 | Z54: =+'11'!D7/1000 -> 0.662 | AA54: =SUM(U54:U57)-SUM(W54:W57)-SUM(Z54:Z57)-SUM(Y54:Y57) -> 4.1278041 | AB54: =(SUM(K54:K57)-SUM(W54:W57)-SUM(Y54:Y57)-SUM(Z54:Z57)-SUM(AC54:AC57)-SUM(V54:V57))-AA54 -> 0 | AC54: =K54-T54 -> 0 | AD54: =+AM54+BA54 -> 5 | AE54: - Sheet Breaks (2x) | AF54: 5 | AM54: =SUM(AF54:AL54)+AT54+AV54+AX54 -> 5 | AR54: =SUM(AN54:AQ54) -> 0 | BA54: =+AR54+AS54+AU54+AW54+AY54+AZ54 -> 0 | BB54: 2
B55: Napkin | C55: =(M55*E55*O55*Q55)/100000000 -> 43.813044 | D55: RC BR | E55: 15.5 | F55: 1 | G55: 830 | H55: 0.14 | I55: 0.88 | J55: =E55*G55*(1-H55)*1440/1000000*3.4 -> 54.168854 | K55: =(IF(G55<L55,L55,G55)*(1-IF(H55<N55,H55,N55))*E55*O55*Q55)/100000000 -> 43.813044 | L55: 830 | M55: =+L55-L55*0.14 -> 713.8 | N55: =1-(M55/L55) -> 0.14 | O55: =+'Trim Rwd'!H43 -> 330 | P55: =O55*(Q55-R55-S55) -> 372900 | Q55: 1200 | R55: 0 | S55: 70 | T55: =E55*M55*O55*Q55/100000000 -> 43.813044 | U55: =E55*M55*O55*(Q55-R55-S55)/100000000 -> 41.257283 | V55: =E55*G55*(1-N55)*O55/100*(R55+S55)/1000000 -> 2.5557609 | W55: =+'11'!K12/1000 -> 33.237 | Z55: =+'11'!D25/1000 -> 0.3 | AC55: =K55-T55 -> 0 | AD55: =+AM55+BA55 -> 36 | AE55: - Change Blade (11x) | AG55: 36 | AM55: =SUM(AF55:AL55)+AT55+AV55+AX55 -> 36 | AR55: =SUM(AN55:AQ55) -> 0 | BA55: =+AR55+AS55+AU55+AW55+AY55+AZ55 -> 0 | BC55: 11
AD56: =+AM56+BA56 -> 32 | AE56: - Cleaning | AH56: 32 | AM56: =SUM(AF56:AL56)+AT56+AV56+AX56 -> 32 | AR56: =SUM(AN56:AQ56) -> 0 | BA56: =+AR56+AS56+AU56+AW56+AY56+AZ56 -> 0
AD57: =+AM57+BA57 -> 2 | AE57: - Change Grade | AI57: 2 | AM57: =SUM(AF57:AL57)+AT57+AV57+AX57 -> 2 | AR57: =SUM(AN57:AQ57) -> 0 | BA57: =+AR57+AS57+AU57+AW57+AY57+AZ57 -> 0
A59: 45912 | B59: Napkin | C59: =(M59*E59*O59*Q59)/100000000 -> 51.885265 | D59: RC BR | E59: 15.5 | F59: 1 | G59: 830 | H59: 0.14 | I59: 0.88 | J59: =E59*G59*(1-H59)*1440/1000000*3.4 -> 54.168854 | K59: =(IF(G59<L59,L59,G59)*(1-IF(H59<N59,H59,N59))*E59*O59*Q59)/100000000 -> 51.885265 | L59: 830 | M59: =+L59-L59*0.14 -> 713.8 | N59: =1-(M59/L59) -> 0.14 | O59: =+'Trim Rwd'!H45 -> 325.66667 | P59: =O59*(Q59-R59-S59) -> 447791.67 | Q59: 1440 | R59: 0 | S59: 65 | T59: =E59*M59*O59*Q59/100000000 -> 51.885265 | U59: =E59*M59*O59*(Q59-R59-S59)/100000000 -> 49.543222 | V59: =E59*G59*(1-N59)*O59/100*(R59+S59)/1000000 -> 2.3420432 | W59: =+'12'!K34/1000 -> 45.804 | X59: =SUM(W59:W62)/SUM(K59:K62) -> 0.88279398 | Y59: 0 | Z59: =+'12'!D34/1000 -> 0.142 | AA59: =SUM(U59:U62)-SUM(W59:W62)-SUM(Z59:Z62)-SUM(Y59:Y62) -> 3.5972222 | AB59: =(SUM(K59:K62)-SUM(W59:W62)-SUM(Y59:Y62)-SUM(Z59:Z62)-SUM(AC59:AC62)-SUM(V59:V62))-AA59 -> -9.7699626e-15 | AC59: =K59-T59 -> 0 | AD59: =+AM59+BA59 -> 13 | AE59: - Sheet Breaks (7x) | AF59: 13 | AM59: =SUM(AF59:AL59)+AT59+AV59+AX59 -> 13 | AR59: =SUM(AN59:AQ59) -> 0 | BA59: =+AR59+AS59+AU59+AW59+AY59+AZ59 -> 0 | BB59: 7
AD60: =+AM60+BA60 -> 28 | AE60: - Change Blade (16x) | AG60: 28 | AM60: =SUM(AF60:AL60)+AT60+AV60+AX60 -> 28 | AR60: =SUM(AN60:AQ60) -> 0 | BA60: =+AR60+AS60+AU60+AW60+AY60+AZ60 -> 0 | BC60: 16
AD61: =+AM61+BA61 -> 24 | AE61: - Cleaning | AH61: 24 | AM61: =SUM(AF61:AL61)+AT61+AV61+AX61 -> 24 | AR61: =SUM(AN61:AQ61) -> 0 | BA61: =+AR61+AS61+AU61+AW61+AY61+AZ61 -> 0
A63: 45913 | B63: Napkin | C63: =(M63*E63*O63*Q63)/100000000 -> 8.4970752 | D63: RC BR | E63: 15.5 | F63: 1 | G63: 830 | H63: 0.14 | I63: 0.88 | J63: =E63*G63*(1-H63)*1440/1000000*3.4 -> 54.168854 | K63: =(IF(G63<L63,L63,G63)*(1-IF(H63<N63,H63,N63))*E63*O63*Q63)/100000000 -> 8.4970752 | L63: 830 | M63: =+L63-L63*0.14 -> 713.8 | N63: =1-(M63/L63) -> 0.14 | O63: =+'Trim Rwd'!H48 -> 320 | P63: =O63*(Q63-R63-S63) -> 74240 | Q63: 240 | R63: 0 | S63: 8 | T63: =E63*M63*O63*Q63/100000000 -> 8.4970752 | U63: =E63*M63*O63*(Q63-R63-S63)/100000000 -> 8.2138394 | V63: =E63*G63*(1-N63)*O63/100*(R63+S63)/1000000 -> 0.28323584 | W63: =+'13'!K12/1000 -> 30.449 | X63: =SUM(W63:W66)/SUM(K63:K66) -> 0.99205408 | Y63: 0 | Z63: 0 | AA63: =SUM(U63:U66)-SUM(W63:W66)-SUM(Z63:Z66)-SUM(Y63:Y66) -> -1.020319 | AB63: =(SUM(K63:K66)-SUM(W63:W66)-SUM(Y63:Y66)-SUM(Z63:Z66)-SUM(AC63:AC66)-SUM(V63:V66))-AA63 -> -3.1086245e-15 | AC63: =K63-T63 -> 0 | AD63: =+AM63+BA63 -> 2 | AE63: - Sheet Breaks (1x) | AF63: 2 | AM63: =SUM(AF63:AL63)+AT63+AV63+AX63 -> 2 | AR63: =SUM(AN63:AQ63) -> 0 | BA63: =+AR63+AS63+AU63+AW63+AY63+AZ63 -> 0 | BB63: 1
B64: Napkin | C64: =(M64*E64*O64*Q64)/100000000 -> 47.179325 | D64: RC BR | E64: 17 | F64: 1 | G64: 830 | H64: 0.14 | I64: 0.88 | J64: =E64*G64*(1-H64)*1440/1000000*3.4 -> 59.411002 | K64: =(IF(G64<L64,L64,G64)*(1-IF(H64<N64,H64,N64))*E64*O64*Q64)/100000000 -> 47.179325 | L64: 830 | M64: =+L64-L64*0.14 -> 713.8 | N64: =1-(M64/L64) -> 0.14 | O64: =+'Trim Rwd'!H49 -> 324 | P64: =O64*(Q64-R64-S64) -> 379080 | Q64: 1200 | R64: 0 | S64: 30 | T64: =E64*M64*O64*Q64/100000000 -> 47.179325 | U64: =E64*M64*O64*(Q64-R64-S64)/100000000 -> 45.999842 | V64: =E64*G64*(1-N64)*O64/100*(R64+S64)/1000000 -> 1.1794831 | W64: =+'13'!K15/1000 -> 24.785 | AC64: =K64-T64 -> 0 | AD64: =+AM64+BA64 -> 21 | AE64: - Change Blade (11x) | AG64: 21 | AM64: =SUM(AF64:AL64)+AT64+AV64+AX64 -> 21 | AR64: =SUM(AN64:AQ64) -> 0 | BA64: =+AR64+AS64+AU64+AW64+AY64+AZ64 -> 0 | BC64: 11
AD65: =+AM65+BA65 -> 15 | AE65: - Cleaning | AH65: 15 | AM65: =SUM(AF65:AL65)+AT65+AV65+AX65 -> 15 | AR65: =SUM(AN65:AQ65) -> 0 | BA65: =+AR65+AS65+AU65+AW65+AY65+AZ65 -> 0
A67: 45914 | B67: Napkin | C67: =(M67*E67*O67*Q67)/100000000 -> 59.359608 | D67: RC BR | E67: 17.5 | F67: 1 | G67: 830 | H67: 0.14 | I67: 0.88 | J67: =E67*G67*(1-H67)*1440/1000000*3.4 -> 61.158384 | K67: =(IF(G67<L67,L67,G67)*(1-IF(H67<N67,H67,N67))*E67*O67*Q67)/100000000 -> 59.359608 | L67: 830 | M67: =+L67-L67*0.14 -> 713.8 | N67: =1-(M67/L67) -> 0.14 | O67: =+'Trim Rwd'!H52 -> 330 | P67: =O67*(Q67-R67-S67) -> 457710 | Q67: 1440 | R67: 0 | S67: 53 | T67: =E67*M67*O67*Q67/100000000 -> 59.359608 | U67: =E67*M67*O67*(Q67-R67-S67)/100000000 -> 57.174845 | V67: =E67*G67*(1-N67)*O67/100*(R67+S67)/1000000 -> 2.1847633 | W67: =+'14'!K18/1000 -> 52.518 | X67: =SUM(W67:W70)/SUM(K67:K70) -> 0.90324047 | Y67: 0 | Z67: =+'14'!D34/1000 -> 1 | AA67: =SUM(U67:U70)-SUM(W67:W70)-SUM(Z67:Z70)-SUM(Y67:Y70) -> 2.5588446 | AB67: =(SUM(K67:K70)-SUM(W67:W70)-SUM(Y67:Y70)-SUM(Z67:Z70)-SUM(AC67:AC70)-SUM(V67:V70))-AA67 -> 4.8849813e-15 | AC67: =K67-T67 -> 0 | AD67: =+AM67+BA67 -> 4 | AE67: - Sheet Breaks (4x) | AF67: 4 | AM67: =SUM(AF67:AL67)+AT67+AV67+AX67 -> 4 | AR67: =SUM(AN67:AQ67) -> 0 | BA67: =+AR67+AS67+AU67+AW67+AY67+AZ67 -> 0 | BB67: 4
B68: Napkin | E68: 17 | W68: =+'14'!K15/1000 -> 1.098 | AD68: =+AM68+BA68 -> 30 | AE68: - Change Blade (9x) | AG68: 30 | AM68: =SUM(AF68:AL68)+AT68+AV68+AX68 -> 30 | AR68: =SUM(AN68:AQ68) -> 0 | BA68: =+AR68+AS68+AU68+AW68+AY68+AZ68 -> 0 | BC68: 9
AD69: =+AM69+BA69 -> 19 | AE69: - Cleaning | AH69: 19 | AM69: =SUM(AF69:AL69)+AT69+AV69+AX69 -> 19 | AR69: =SUM(AN69:AQ69) -> 0 | BA69: =+AR69+AS69+AU69+AW69+AY69+AZ69 -> 0
A71: 45915 | B71: Napkin | C71: =(M71*E71*O71*Q71)/100000000 -> 20.610975 | D71: RC BR | E71: 17.5 | F71: 1 | G71: 830 | H71: 0.14 | I71: 0.88 | J71: =E71*G71*(1-H71)*1440/1000000*3.4 -> 61.158384 | K71: =(IF(G71<L71,L71,G71)*(1-IF(H71<N71,H71,N71))*E71*O71*Q71)/100000000 -> 20.610975 | L71: 830 | M71: =+L71-L71*0.14 -> 713.8 | N71: =1-(M71/L71) -> 0.14 | O71: =+'Trim Rwd'!H54 -> 330 | P71: =O71*(Q71-R71-S71) -> 161370 | Q71: =480+20 -> 500 | R71: 0 | S71: 11 | T71: =E71*M71*O71*Q71/100000000 -> 20.610975 | U71: =E71*M71*O71*(Q71-R71-S71)/100000000 -> 20.157534 | V71: =E71*G71*(1-N71)*O71/100*(R71+S71)/1000000 -> 0.45344145 | W71: =+'15'!K18/1000 -> 22.39 | X71: =SUM(W71:W74)/SUM(K71:K74) -> 0.83695326 | Y71: 0 | Z71: 0 | AA71: =SUM(U71:U74)-SUM(W71:W74)-SUM(Z71:Z74)-SUM(Y71:Y74) -> 5.8579807 | AB71: =(SUM(K71:K74)-SUM(W71:W74)-SUM(Y71:Y74)-SUM(Z71:Z74)-SUM(AC71:AC74)-SUM(V71:V74))-AA71 -> -7.1054274e-15 | AC71: =K71-T71 -> 0 | AD71: =+AM71+BA71 -> 5 | AE71: - Sheet Breaks (2x) | AF71: 5 | AM71: =SUM(AF71:AL71)+AT71+AV71+AX71 -> 5 | AR71: =SUM(AN71:AQ71) -> 0 | BA71: =+AR71+AS71+AU71+AW71+AY71+AZ71 -> 0 | BB71: 2
B72: Napkin | C72: =(M72*E72*O72*Q72)/100000000 -> 42.069944 | D72: RC BR | E72: 19 | F72: 1 | G72: 830 | H72: 0.14 | I72: 0.88 | J72: =E72*G72*(1-H72)*1440/1000000*3.4 -> 66.400531 | K72: =(IF(G72<L72,L72,G72)*(1-IF(H72<N72,H72,N72))*E72*O72*Q72)/100000000 -> 42.069944 | L72: 830 | M72: =+L72-L72*0.14 -> 713.8 | N72: =1-(M72/L72) -> 0.14 | O72: =+'Trim Rwd'!H55 -> 330 | P72: =O72*(Q72-R72-S72) -> 294690 | Q72: =480+480-20 -> 940 | R72: 0 | S72: 47 | T72: =E72*M72*O72*Q72/100000000 -> 42.069944 | U72: =E72*M72*O72*(Q72-R72-S72)/100000000 -> 39.966447 | V72: =E72*G72*(1-N72)*O72/100*(R72+S72)/1000000 -> 2.1034972 | W72: =+'15'!K16/1000 -> 30.071 | Z72: =+'15'!D34/1000 -> 1.805 | AC72: =K72-T72 -> 0 | AD72: =+AM72+BA72 -> 24 | AE72: - Change Blade (10x) | AG72: 24 | AM72: =SUM(AF72:AL72)+AT72+AV72+AX72 -> 24 | AR72: =SUM(AN72:AQ72) -> 0 | BA72: =+AR72+AS72+AU72+AW72+AY72+AZ72 -> 0 | BC72: 10
AD73: =+AM73+BA73 -> 18 | AE73: - Cleaning | AH73: 18 | AM73: =SUM(AF73:AL73)+AT73+AV73+AX73 -> 18 | AR73: =SUM(AN73:AQ73) -> 0 | BA73: =+AR73+AS73+AU73+AW73+AY73+AZ73 -> 0
AD74: =+AM74+BA74 -> 6 | AE74: - Change Grade | AI74: 6 | AM74: =SUM(AF74:AL74)+AT74+AV74+AX74 -> 6 | AR74: =SUM(AN74:AQ74) -> 0 | BA74: =+AR74+AS74+AU74+AW74+AY74+AZ74 -> 0
AD75: =+AM75+BA75 -> 5 | AE75: - ganti nozzle trim cutter | AK75: 5 | AM75: =SUM(AF75:AL75)+AT75+AV75+AX75 -> 5 | AR75: =SUM(AN75:AQ75) -> 0 | BA75: =+AR75+AS75+AU75+AW75+AY75+AZ75 -> 0
A77: 45916 | B77: Napkin | C77: =(M77*E77*O77*Q77)/100000000 -> 5.3706312 | D77: RC BR | E77: 19 | F77: 1 | G77: 830 | H77: 0.14 | I77: 0.88 | J77: =E77*G77*(1-H77)*1440/1000000*3.4 -> 66.400531 | K77: =(IF(G77<L77,L77,G77)*(1-IF(H77<N77,H77,N77))*E77*O77*Q77)/100000000 -> 5.3706312 | L77: 830 | M77: =+L77-L77*0.14 -> 713.8 | N77: =1-(M77/L77) -> 0.14 | O77: =+'Trim Rwd'!H57 -> 330 | P77: =O77*(Q77-R77-S77) -> 35970 | Q77: 120 | R77: 0 | S77: 11 | T77: =E77*M77*O77*Q77/100000000 -> 5.3706312 | U77: =E77*M77*O77*(Q77-R77-S77)/100000000 -> 4.8783233 | V77: =E77*G77*(1-N77)*O77/100*(R77+S77)/1000000 -> 0.49230786 | W77: =+'16'!K16/1000 -> 4.832 | X77: =SUM(W77:W80)/SUM(K77:K80) -> 0.95235547 | Y77: 0 | Z77: 0 | AA77: =SUM(U77:U80)-SUM(W77:W80)-SUM(Z77:Z80)-SUM(Y77:Y80) -> -0.46094386 | AB77: =(SUM(K77:K80)-SUM(W77:W80)-SUM(Y77:Y80)-SUM(Z77:Z80)-SUM(AC77:AC80)-SUM(V77:V80))-AA77 -> 3.1086245e-15 | AC77: =K77-T77 -> 0 | AD77: =+AM77+BA77 -> 6 | AE77: - Sheet Breaks (3x) | AF77: 6 | AM77: =SUM(AF77:AL77)+AT77+AV77+AX77 -> 6 | AR77: =SUM(AN77:AQ77) -> 0 | BA77: =+AR77+AS77+AU77+AW77+AY77+AZ77 -> 0 | BB77: 3
B78: Towel | C78: =(M78*E78*O78*Q78)/100000000 -> 59.076943 | D78: RC BR | E78: 19 | F78: 1 | G78: 830 | H78: 0.14 | I78: 0.88 | J78: =E78*G78*(1-H78)*1440/1000000*3.4 -> 66.400531 | K78: =(IF(G78<L78,L78,G78)*(1-IF(H78<N78,H78,N78))*E78*O78*Q78)/100000000 -> 59.076943 | L78: 830 | M78: =+L78-L78*0.14 -> 713.8 | N78: =1-(M78/L78) -> 0.14 | O78: =+'Trim Rwd'!H58 -> 330 | P78: =O78*(Q78-R78-S78) -> 422400 | Q78: =1440-Q77 -> 1320 | R78: 0 | S78: 40 | T78: =E78*M78*O78*Q78/100000000 -> 59.076943 | U78: =E78*M78*O78*(Q78-R78-S78)/100000000 -> 57.286733 | V78: =E78*G78*(1-N78)*O78/100*(R78+S78)/1000000 -> 1.7902104 | W78: =+'16'!K19/1000 -> 56.545 | Z78: =+'16'!D34/1000 -> 1.249 | AC78: =K78-T78 -> 0 | AD78: =+AM78+BA78 -> 20 | AE78: - Change Blade (8x) | AG78: 20 | AM78: =SUM(AF78:AL78)+AT78+AV78+AX78 -> 20 | AR78: =SUM(AN78:AQ78) -> 0 | BA78: =+AR78+AS78+AU78+AW78+AY78+AZ78 -> 0 | BC78: 8
AD79: =+AM79+BA79 -> 20 | AE79: - Cleaning | AH79: 20 | AM79: =SUM(AF79:AL79)+AT79+AV79+AX79 -> 20 | AR79: =SUM(AN79:AQ79) -> 0 | BA79: =+AR79+AS79+AU79+AW79+AY79+AZ79 -> 0
AD80: =+AM80+BA80 -> 5 | AE80: - Change Grade | AI80: 5 | AM80: =SUM(AF80:AL80)+AT80+AV80+AX80 -> 5 | AR80: =SUM(AN80:AQ80) -> 0 | BA80: =+AR80+AS80+AU80+AW80+AY80+AZ80 -> 0
A82: 45917 | B82: Towel | C82: =(M82*E82*O82*Q82)/100000000 -> 4.6993023 | D82: RC BR | E82: 19 | F82: 1 | G82: 830 | H82: 0.14 | I82: 0.88 | J82: =E82*G82*(1-H82)*1440/1000000*3.4 -> 66.400531 | K82: =(IF(G82<L82,L82,G82)*(1-IF(H82<N82,H82,N82))*E82*O82*Q82)/100000000 -> 4.6993023 | L82: 830 | M82: 713.8 | N82: =1-(M82/L82) -> 0.14 | O82: =+'Trim Rwd'!H60 -> 330 | P82: =O82*(Q82-R82-S82) -> 31350 | Q82: 105 | R82: 0 | S82: 10 | T82: =E82*M82*O82*Q82/100000000 -> 4.6993023 | U82: =E82*M82*O82*(Q82-R82-S82)/100000000 -> 4.2517497 | V82: =E82*G82*(1-N82)*O82/100*(R82+S82)/1000000 -> 0.4475526 | W82: =+'17'!K19/1000 -> 7.948 | X82: =SUM(W82:W85)/SUM(K82:K85) -> 0.97707543 | Y82: 0 | Z82: =+'17'!D34/1000 -> 0.6 | AA82: =SUM(U82:U85)-SUM(W82:W85)-SUM(Z82:Z85)-SUM(Y82:Y85) -> -0.7468339 | AB82: =(SUM(K82:K85)-SUM(W82:W85)-SUM(Y82:Y85)-SUM(Z82:Z85)-SUM(AC82:AC85)-SUM(V82:V85))-AA82 -> -0.0042957 | AC82: =K82-T82 -> 0 | AD82: =+AM82+BA82 -> 0 | AE82: - Sheet Breaks (0x) | AF82: 0 | AM82: =SUM(AF82:AL82)+AT82+AV82+AX82 -> 0 | AR82: =SUM(AN82:AQ82) -> 0 | BA82: =+AR82+AS82+AU82+AW82+AY82+AZ82 -> 0 | BB82: 0
B83: Towel | C83: =(M83*E83*O83*Q83)/100000000 -> 18.076073 | D83: RC BR | E83: 21 | F83: 1 | G83: 795 | H83: 0.14 | I83: 0.88 | J83: =E83*G83*(1-H83)*1440/1000000*3.4 -> 70.295299 | K83: =(IF(G83<L83,L83,G83)*(1-IF(H83<N83,H83,N83))*E83*O83*Q83)/100000000 -> 18.241458 | L83: 787.79221 | M83: 677.5013 | N83: =1-(M83/L83) -> 0.14 | O83: =+'Trim Rwd'!H61 -> 330 | P83: =O83*(Q83-R83-S83) -> 123750 | Q83: 385 | R83: 0 | S83: 10 | T83: =E83*M83*O83*Q83/100000000 -> 18.076073 | U83: =E83*M83*O83*(Q83-R83-S83)/100000000 -> 17.606565 | V83: =E83*G83*(1-N83)*O83/100*(R83+S83)/1000000 -> 0.4738041 | W83: =+'17'!K20/1000 -> 15.738 | Z83: 0 | AC83: =K83-T83 -> 0.16538445 | AD83: =+AM83+BA83 -> 16 | AE83: - Change Blade (6x) | AG83: 16 | AM83: =SUM(AF83:AL83)+AT83+AV83+AX83 -> 16 | AR83: =SUM(AN83:AQ83) -> 0 | BA83: =+AR83+AS83+AU83+AW83+AY83+AZ83 -> 0 | BC83: 6
B84: Napkin | C84: =(M84*E84*O84*Q84)/100000000 -> 44.33859 | D84: RC BR | E84: 25 | F84: 1 | G84: 670 | H84: 0.14 | I84: 0.88 | J84: =E84*G84*(1-H84)*1440/1000000*3.4 -> 70.52688 | K84: =(IF(G84<L84,L84,G84)*(1-IF(H84<N84,H84,N84))*E84*O84*Q84)/100000000 -> 44.33859 | L84: 670 | M84: 576.2 | N84: =1-(M84/L84) -> 0.14 | O84: =+'Trim Rwd'!H62 -> 324 | P84: =O84*(Q84-R84-S84) -> 303588 | Q84: 950 | R84: 0 | S84: 13 | T84: =E84*M84*O84*Q84/100000000 -> 44.33859 | U84: =E84*M84*O84*(Q84-R84-S84)/100000000 -> 43.731851 | V84: =E84*G84*(1-N84)*O84/100*(R84+S84)/1000000 -> 0.6067386 | W84: =+'17'!K21/1000 -> 42.051 | AC84: =K84-T84 -> 0 | AD84: =+AM84+BA84 -> 15 | AE84: - Cleaning | AH84: 15 | AM84: =SUM(AF84:AL84)+AT84+AV84+AX84 -> 15 | AR84: =SUM(AN84:AQ84) -> 0 | BA84: =+AR84+AS84+AU84+AW84+AY84+AZ84 -> 0
AD85: =+AM85+BA85 -> 2 | AE85: - Change Grade | AI85: 2 | AM85: =SUM(AF85:AL85)+AT85+AV85+AX85 -> 2 | AR85: =SUM(AN85:AQ85) -> 0 | BA85: =+AR85+AS85+AU85+AW85+AY85+AZ85 -> 0
A87: 45918 | B87: Napkin | C87: =(M87*E87*O87*Q87)/100000000 -> 0.233361 | D87: RC BR | E87: 25 | F87: 1 | G87: 670 | H87: 0.14 | I87: 0.88 | J87: =E87*G87*(1-H87)*1440/1000000*3.4 -> 70.52688 | K87: =(IF(G87<L87,L87,G87)*(1-IF(H87<N87,H87,N87))*E87*O87*Q87)/100000000 -> 0.233361 | L87: 670 | M87: 576.2 | N87: =1-(M87/L87) -> 0.14 | O87: =+'Trim Rwd'!H64 -> 324 | P87: =O87*(Q87-R87-S87) -> 1620 | Q87: 5 | R87: 0 | S87: 0 | T87: =E87*M87*O87*Q87/100000000 -> 0.233361 | U87: =E87*M87*O87*(Q87-R87-S87)/100000000 -> 0.233361 | V87: =E87*G87*(1-N87)*O87/100*(R87+S87)/1000000 -> 0 | W87: =+'18'!K21/1000 -> 3.567 | X87: =SUM(W87:W90)/SUM(K87:K90) -> 0.84258313 | Y87: 0 | Z87: 0 | AA87: =SUM(U87:U90)-SUM(W87:W90)-SUM(Z87:Z90)-SUM(Y87:Y90) -> 0.65539514 | AB87: =(SUM(K87:K90)-SUM(W87:W90)-SUM(Y87:Y90)-SUM(Z87:Z90)-SUM(AC87:AC90)-SUM(V87:V90))-AA87 -> 0.10279861 | AC87: =K87-T87 -> 0 | AD87: =+AM87+BA87 -> 0 | AE87: - Sheet Breaks (0x) | AF87: 0 | AM87: =SUM(AF87:AL87)+AT87+AV87+AX87 -> 0 | AR87: =SUM(AN87:AQ87) -> 0 | BA87: =+AR87+AS87+AU87+AW87+AY87+AZ87 -> 0 | BB87: 0
B88: Towel | C88: =(M88*E88*O88*Q88)/100000000 -> 67.185506 | D88: RC BR | E88: 36 | F88: 1 | G88: 455 | H88: 0.12 | I88: 0.88 | J88: =E88*G88*(1-H88)*1440/1000000*3.4 -> 70.572902 | K88: =(IF(G88<L88,L88,G88)*(1-IF(H88<N88,H88,N88))*E88*O88*Q88)/100000000 -> 67.185506 | L88: 460 | M88: 404.8 | N88: =1-(M88/L88) -> 0.12 | O88: =+'Trim Rwd'!H65 -> 321.27778 | P88: =O88*(Q88-R88-S88) -> 396135.5 | Q88: 1435 | R88: =20+150 -> 170 | S88: 32 | T88: =E88*M88*O88*Q88/100000000 -> 67.185506 | U88: =E88*M88*O88*(Q88-R88-S88)/100000000 -> 57.728034 | V88: =E88*G88*(1-N88)*O88/100*(R88+S88)/1000000 -> 9.3546733 | W88: =+'18'!K22/1000 -> 53.239 | Z88: =+'18'!D16/1000 -> 0.5 | AC88: =K88-T88 -> 0 | AD88: =+AM88+BA88 -> 12 | AE88: - Change Blade (3x) | AG88: 12 | AM88: =SUM(AF88:AL88)+AT88+AV88+AX88 -> 12 | AR88: =SUM(AN88:AQ88) -> 0 | BA88: =+AR88+AS88+AU88+AW88+AY88+AZ88 -> 0 | BC88: 3
AD89: =+AM89+BA89 -> 20 | AE89: - Cleaning | AH89: 20 | AM89: =SUM(AF89:AL89)+AT89+AV89+AX89 -> 20 | AR89: =SUM(AN89:AQ89) -> 0 | BA89: =+AR89+AS89+AU89+AW89+AY89+AZ89 -> 0
AD90: =+AM90+BA90 -> 20 | AE90: - 07.05 - 07.25 turbo vacuum trip | AM90: =SUM(AF90:AL90)+AT90+AV90+AX90 -> 0 | AP90: 20 | AR90: =SUM(AN90:AQ90) -> 20 | BA90: =+AR90+AS90+AU90+AW90+AY90+AZ90 -> 20
AD91: =+AM91+BA91 -> 150 | AE91: - 11.00 - 13.30 pm stop, steam drop | AM91: =SUM(AF91:AL91)+AT91+AV91+AX91 -> 0 | AR91: =SUM(AN91:AQ91) -> 0 | AW91: 150 | BA91: =+AR91+AS91+AU91+AW91+AY91+AZ91 -> 150 | BD91: 1
A93: 45919 | B93: Towel | C93: =(M93*E93*O93*Q93)/100000000 -> 44.564929 | D93: RC BR | E93: 36 | F93: 1 | G93: 455 | H93: 0.12 | I93: 0.88 | J93: =E93*G93*(1-H93)*1440/1000000*3.4 -> 70.572902 | K93: =(IF(G93<L93,L93,G93)*(1-IF(H93<N93,H93,N93))*E93*O93*Q93)/100000000 -> 45.96572 | L93: 441.13402 | M93: 388.19794 | N93: =1-(M93/L93) -> 0.12 | O93: =+'Trim Rwd'!H68 -> 328.75 | P93: =O93*(Q93-R93-S93) -> 315600 | Q93: 970 | R93: 0 | S93: 10 | T93: =E93*M93*O93*Q93/100000000 -> 44.564929 | U93: =E93*M93*O93*(Q93-R93-S93)/100000000 -> 44.105497 | V93: =E93*G93*(1-N93)*O93/100*(R93+S93)/1000000 -> 0.4738734 | W93: =+'19'!K22/1000 -> 45.042 | X93: =SUM(W93:W96)/SUM(K93:K96) -> 0.94683083 | Y93: 0 | Z93: =+'19'!D7/1000 -> 1.08 | AA93: =SUM(U93:U96)-SUM(W93:W96)-SUM(Z93:Z96)-SUM(Y93:Y96) -> -1.2499494 | AB93: =(SUM(K93:K96)-SUM(W93:W96)-SUM(Y93:Y96)-SUM(Z93:Z96)-SUM(AC93:AC96)-SUM(V93:V96))-AA93 -> -0.028273125 | AC93: =K93-T93 -> 1.4007906 | AD93: =+AM93+BA93 -> 0 | AE93: - Sheet Breaks (0x) | AF93: 0 | AM93: =SUM(AF93:AL93)+AT93+AV93+AX93 -> 0 | AR93: =SUM(AN93:AQ93) -> 0 | BA93: =+AR93+AS93+AU93+AW93+AY93+AZ93 -> 0 | BB93: 0
B94: Towel | C94: =(M94*E94*O94*Q94)/100000000 -> 20.526264 | D94: RC BR | E94: 37.5 | F94: 1 | G94: 435 | H94: 0.12 | I94: 0.88 | J94: =E94*G94*(1-H94)*1440/1000000*3.4 -> 70.28208 | K94: =(IF(G94<L94,L94,G94)*(1-IF(H94<N94,H94,N94))*E94*O94*Q94)/100000000 -> 21.454983 | L94: 416.17021 | M94: 366.22979 | N94: =1-(M94/L94) -> 0.12 | O94: =+'Trim Rwd'!H70 -> 318 | P94: =O94*(Q94-R94-S94) -> 147234 | Q94: 470 | R94: 0 | S94: 7 | T94: =E94*M94*O94*Q94/100000000 -> 20.526264 | U94: =E94*M94*O94*(Q94-R94-S94)/100000000 -> 20.220554 | V94: =E94*G94*(1-N94)*O94/100*(R94+S94)/1000000 -> 0.3195423 | W94: =+'19'!K23/1000 -> 18.794 | Z94: =+'19'!D26/1000 -> 0.66 | AC94: =K94-T94 -> 0.928719 | AD94: =+AM94+BA94 -> 5 | AE94: - Change Blade (2x) | AG94: 5 | AM94: =SUM(AF94:AL94)+AT94+AV94+AX94 -> 5 | AR94: =SUM(AN94:AQ94) -> 0 | BA94: =+AR94+AS94+AU94+AW94+AY94+AZ94 -> 0 | BC94: 2
AD95: =+AM95+BA95 -> 12 | AE95: - Cleaning | AH95: 12 | AM95: =SUM(AF95:AL95)+AT95+AV95+AX95 -> 12 | AR95: =SUM(AN95:AQ95) -> 0 | BA95: =+AR95+AS95+AU95+AW95+AY95+AZ95 -> 0
A97: 45920 | B97: Towel | C97: =(M97*E97*O97*Q97)/100000000 -> 44.279433 | D97: RC BR | E97: 37.5 | F97: 1 | G97: 435 | H97: 0.12 | I97: 0.88 | J97: =E97*G97*(1-H97)*1440/1000000*3.4 -> 70.28208 | K97: =(IF(G97<L97,L97,G97)*(1-IF(H97<N97,H97,N97))*E97*O97*Q97)/100000000 -> 44.279433 | L97: 435 | M97: =+L97-L97*0.12 -> 382.8 | N97: =1-(M97/L97) -> 0.12 | O97: =+'Trim Rwd'!H72 -> 318 | P97: =O97*(Q97-R97-S97) -> 305280 | Q97: =480+480+10 -> 970 | R97: 0 | S97: 10 | T97: =E97*M97*O97*Q97/100000000 -> 44.279433 | U97: =E97*M97*O97*(Q97-R97-S97)/100000000 -> 43.822944 | V97: =E97*G97*(1-N97)*O97/100*(R97+S97)/1000000 -> 0.456489 | W97: =+'20'!K23/1000 -> 43.071 | X97: =SUM(W97:W100)/SUM(K97:K100) -> 0.99168952 | Y97: 0 | Z97: 0 | AA97: =SUM(U97:U100)-SUM(W97:W100)-SUM(Z97:Z100)-SUM(Y97:Y100) -> -1.5794291 | AB97: =(SUM(K97:K100)-SUM(W97:W100)-SUM(Y97:Y100)-SUM(Z97:Z100)-SUM(AC97:AC100)-SUM(V97:V100))-AA97 -> -0.012760704 | AC97: =K97-T97 -> 0 | AD97: =+AM97+BA97 -> 0 | AE97: - Sheet Breaks (0x) | AF97: 0 | AM97: =SUM(AF97:AL97)+AT97+AV97+AX97 -> 0 | AR97: =SUM(AN97:AQ97) -> 0 | BA97: =+AR97+AS97+AU97+AW97+AY97+AZ97 -> 0 | BB97: 0
B98: Towel | C98: =(M98*E98*O98*Q98)/100000000 -> 19.99177 | D98: RC BR | E98: 38 | F98: 1 | G98: 430 | H98: 0.12 | I98: 0.88 | J98: =E98*G98*(1-H98)*1440/1000000*3.4 -> 70.400563 | K98: =(IF(G98<L98,L98,G98)*(1-IF(H98<N98,H98,N98))*E98*O98*Q98)/100000000 -> 21.491152 | L98: 400 | M98: =+L98-L98*0.12 -> 352 | N98: =1-(M98/L98) -> 0.12 | O98: =+'Trim Rwd'!H73 -> 318 | P98: =O98*(Q98-R98-S98) -> 148188 | Q98: =1440-Q97 -> 470 | R98: 0 | S98: 4 | T98: =E98*M98*O98*Q98/100000000 -> 19.99177 | U98: =E98*M98*O98*(Q98-R98-S98)/100000000 -> 19.821627 | V98: =E98*G98*(1-N98)*O98/100*(R98+S98)/1000000 -> 0.18290342 | W98: =+'20'!K24/1000 -> 22.153 | AC98: =K98-T98 -> 1.4993827 | AD98: =+AM98+BA98 -> 4 | AE98: - Change Blade (2x) | AG98: 4 | AM98: =SUM(AF98:AL98)+AT98+AV98+AX98 -> 4 | AR98: =SUM(AN98:AQ98) -> 0 | BA98: =+AR98+AS98+AU98+AW98+AY98+AZ98 -> 0 | BC98: 2
AD99: =+AM99+BA99 -> 10 | AE99: - Cleaning | AH99: 10 | AM99: =SUM(AF99:AL99)+AT99+AV99+AX99 -> 10 | AR99: =SUM(AN99:AQ99) -> 0 | BA99: =+AR99+AS99+AU99+AW99+AY99+AZ99 -> 0
A101: 45921 | B101: Towel | C101: =(M101*E101*O101*Q101)/100000000 -> 34.849483 | D101: RC BR | E101: 38 | F101: 1 | G101: 430 | H101: 0.12 | I101: 0.88 | J101: =E101*G101*(1-H101)*1440/1000000*3.4 -> 70.400563 | K101: =(IF(G101<L101,L101,G101)*(1-IF(H101<N101,H101,N101))*E101*O101*Q101)/100000000 -> 36.30633 | L101: 412.74559 | M101: 363.21612 | N101: =1-(M101/L101) -> 0.12 | O101: =+'Trim Rwd'!H75 -> 318 | P101: =O101*(Q101-R101-S101) -> 250902 | Q101: 794 | R101: 0 | S101: 5 | T101: =E101*M101*O101*Q101/100000000 -> 34.849483 | U101: =E101*M101*O101*(Q101-R101-S101)/100000000 -> 34.630027 | V101: =E101*G101*(1-N101)*O101/100*(R101+S101)/1000000 -> 0.22862928 | W101: =+'21'!K24/1000 -> 38.063 | X101: =SUM(W101:W104)/SUM(K101:K104) -> 0.986355 | Y101: 0 | Z101: =+'21'!D7/1000 -> 0.616 | AA101: =SUM(U101:U104)-SUM(W101:W104)-SUM(Z101:Z104)-SUM(Y101:Y104) -> -2.1702858 | AB101: =(SUM(K101:K104)-SUM(W101:W104)-SUM(Y101:Y104)-SUM(Z101:Z104)-SUM(AC101:AC104)-SUM(V101:V104))-AA101 -> -0.014603245 | AC101: =K101-T101 -> 1.456847 | AD101: =+AM101+BA101 -> 0 | AE101: - Sheet Breaks (0x) | AF101: 0 | AM101: =SUM(AF101:AL101)+AT101+AV101+AX101 -> 0 | AR101: =SUM(AN101:AQ101) -> 0 | BA101: =+AR101+AS101+AU101+AW101+AY101+AZ101 -> 0 | BB101: 0
B102: Towel | C102: =(M102*E102*O102*Q102)/100000000 -> 12.14235 | D102: RC BR | E102: 37.5 | F102: 1 | G102: 435 | H102: 0.12 | I102: 0.88 | J102: =E102*G102*(1-H102)*1440/1000000*3.4 -> 70.28208 | K102: =(IF(G102<L102,L102,G102)*(1-IF(H102<N102,H102,N102))*E102*O102*Q102)/100000000 -> 12.363962 | L102: 427.20307 | M102: 375.9387 | N102: =1-(M102/L102) -> 0.12 | O102: =+'Trim Rwd'!H76 -> 330 | P102: =O102*(Q102-R102-S102) -> 84810 | Q102: 261 | R102: 0 | S102: 4 | T102: =E102*M102*O102*Q102/100000000 -> 12.14235 | U102: =E102*M102*O102*(Q102-R102-S102)/100000000 -> 11.95626 | V102: =E102*G102*(1-N102)*O102/100*(R102+S102)/1000000 -> 0.189486 | W102: =+'21'!K23/1000 -> 11.916 | AC102: =K102-T102 -> 0.2216115 | AD102: =+AM102+BA102 -> 4 | AE102: - Change Blade (2x) | AG102: 4 | AM102: =SUM(AF102:AL102)+AT102+AV102+AX102 -> 4 | AR102: =SUM(AN102:AQ102) -> 0 | BA102: =+AR102+AS102+AU102+AW102+AY102+AZ102 -> 0 | BC102: 2
B103: Towel | C103: =(M103*E103*O103*Q103)/100000000 -> 18.000444 | D103: RC BR | E103: 35 | F103: 1 | G103: 465 | H103: 0.12 | I103: 0.88 | J103: =E103*G103*(1-H103)*1440/1000000*3.4 -> 70.120512 | K103: =(IF(G103<L103,L103,G103)*(1-IF(H103<N103,H103,N103))*E103*O103*Q103)/100000000 -> 18.196101 | L103: 460 | M103: =+L103-L103*0.12 -> 404.8 | N103: =1-(M103/L103) -> 0.12 | O103: =+'Trim Rwd'!H77 -> 330 | P103: =O103*(Q103-R103-S103) -> 125730 | Q103: 385 | R103: 0 | S103: 4 | T103: =E103*M103*O103*Q103/100000000 -> 18.000444 | U103: =E103*M103*O103*(Q103-R103-S103)/100000000 -> 17.813426 | V103: =E103*G103*(1-N103)*O103/100*(R103+S103)/1000000 -> 0.1890504 | W103: =+'21'!K25/1000 -> 15.975 | AC103: =K103-T103 -> 0.195657 | AD103: =+AM103+BA103 -> 5 | AE103: - Cleaning | AH103: 5 | AM103: =SUM(AF103:AL103)+AT103+AV103+AX103 -> 5 | AR103: =SUM(AN103:AQ103) -> 0 | BA103: =+AR103+AS103+AU103+AW103+AY103+AZ103 -> 0
AD104: =+AM104+BA104 -> 4 | AE104: - Change Grade | AI104: 4 | AM104: =SUM(AF104:AL104)+AT104+AV104+AX104 -> 4 | AR104: =SUM(AN104:AQ104) -> 0 | BA104: =+AR104+AS104+AU104+AW104+AY104+AZ104 -> 0
A106: 45922 | B106: Towel | C106: =(M106*E106*O106*Q106)/100000000 -> 56.806596 | D106: RC BR | E106: 35 | F106: 1 | G106: 465 | H106: 0.12 | I106: 0.88 | J106: =E106*G106*(1-H106)*1440/1000000*3.4 -> 70.120512 | K106: =(IF(G106<L106,L106,G106)*(1-IF(H106<N106,H106,N106))*E106*O106*Q106)/100000000 -> 57.424059 | L106: 460 | M106: =+L106-L106*0.12 -> 404.8 | N106: =1-(M106/L106) -> 0.12 | O106: =+'Trim Rwd'!H79 -> 330 | P106: =O106*(Q106-R106-S106) -> 364650 | Q106: 1215 | R106: 90 | S106: 20 | T106: =E106*M106*O106*Q106/100000000 -> 56.806596 | U106: =E106*M106*O106*(Q106-R106-S106)/100000000 -> 51.663612 | V106: =E106*G106*(1-N106)*O106/100*(R106+S106)/1000000 -> 5.198886 | W106: =+'22'!K25/1000 -> 53.458 | X106: =SUM(W106:W109)/SUM(K106:K109) -> 0.87744905 | Y106: 0 | Z106: =+'22'!D34/1000 -> 0.807 | AA106: =SUM(U106:U109)-SUM(W106:W109)-SUM(Z106:Z109)-SUM(Y106:Y109) -> 0.7268954 | AB106: =(SUM(K106:K109)-SUM(W106:W109)-SUM(Y106:Y109)-SUM(Z106:Z109)-SUM(AC106:AC109)-SUM(V106:V109))-AA106 -> -0.06574568 | AC106: =K106-T106 -> 0.617463 | AD106: =+AM106+BA106 -> 4 | AE106: - Sheet Breaks (2x) | AF106: 4 | AM106: =SUM(AF106:AL106)+AT106+AV106+AX106 -> 4 | AR106: =SUM(AN106:AQ106) -> 0 | BA106: =+AR106+AS106+AU106+AW106+AY106+AZ106 -> 0 | BB106: 2
B107: Towel | C107: =(M107*E107*O107*Q107)/100000000 -> 10.520433 | D107: RC BR | E107: 34 | F107: 1 | G107: 480 | H107: 0.12 | I107: 0.88 | J107: =E107*G107*(1-H107)*1440/1000000*3.4 -> 70.314394 | K107: =(IF(G107<L107,L107,G107)*(1-IF(H107<N107,H107,N107))*E107*O107*Q107)/100000000 -> 10.631174 | L107: 475 | M107: =+L107-L107*0.12 -> 418 | N107: =1-(M107/L107) -> 0.12 | O107: =+'Trim Rwd'!H80 -> 329 | P107: =O107*(Q107-R107-S107) -> 67445 | Q107: 225 | R107: 0 | S107: 20 | T107: =E107*M107*O107*Q107/100000000 -> 10.520433 | U107: =E107*M107*O107*(Q107-R107-S107)/100000000 -> 9.5852834 | V107: =E107*G107*(1-N107)*O107/100*(R107+S107)/1000000 -> 0.94499328 | W107: =+'22'!K26/1000 -> 6.257 | AC107: =K107-T107 -> 0.1107414 | AD107: =+AM107+BA107 -> 12 | AE107: - Change Blade (4x) | AG107: 12 | AM107: =SUM(AF107:AL107)+AT107+AV107+AX107 -> 12 | AR107: =SUM(AN107:AQ107) -> 0 | BA107: =+AR107+AS107+AU107+AW107+AY107+AZ107 -> 0 | BC107: 4
AD108: =+AM108+BA108 -> 19 | AE108: - Cleaning | AH108: 19 | AM108: =SUM(AF108:AL108)+AT108+AV108+AX108 -> 19 | AR108: =SUM(AN108:AQ108) -> 0 | BA108: =+AR108+AS108+AU108+AW108+AY108+AZ108 -> 0
AD109: =+AM109+BA109 -> 5 | AE109: - Change Grade | AI109: 5 | AM109: =SUM(AF109:AL109)+AT109+AV109+AX109 -> 5 | AR109: =SUM(AN109:AQ109) -> 0 | BA109: =+AR109+AS109+AU109+AW109+AY109+AZ109 -> 0
AD110: =+AM110+BA110 -> 90 | AE110: - 02.20 pm stop vacuum turbo trip, cek EID | AM110: =SUM(AF110:AL110)+AT110+AV110+AX110 -> 0 | AP110: 90 | AR110: =SUM(AN110:AQ110) -> 90 | BA110: =+AR110+AS110+AU110+AW110+AY110+AZ110 -> 90
A112: 45923 | B112: Towel | C112: =(M112*E112*O112*Q112)/100000000 -> 62.312897 | D112: RC BR | E112: 34 | F112: 1 | G112: 480 | H112: 0.12 | I112: 0.88 | J112: =E112*G112*(1-H112)*1440/1000000*3.4 -> 70.314394 | K112: =(IF(G112<L112,L112,G112)*(1-IF(H112<N112,H112,N112))*E112*O112*Q112)/100000000 -> 62.968822 | L112: 475 | M112: =+L112-L112*0.12 -> 418 | N112: =1-(M112/L112) -> 0.12 | O112: =+'Trim Rwd'!H82 -> 320.03846 | P112: =O112*(Q112-R112-S112) -> 428851.54 | Q112: =1440-Q113 -> 1370 | R112: 0 | S112: 30 | T112: =E112*M112*O112*Q112/100000000 -> 62.312897 | U112: =E112*M112*O112*(Q112-R112-S112)/100000000 -> 60.948381 | V112: =E112*G112*(1-N112)*O112/100*(R112+S112)/1000000 -> 1.3788793 | W112: =+'23'!K26/1000 -> 62.54 | X112: =SUM(W112:W115)/SUM(K112:K115) -> 0.96324801 | Y112: 0 | Z112: =+'23'!D7/1000 -> 1.39 | AA112: =SUM(U112:U115)-SUM(W112:W115)-SUM(Z112:Z115)-SUM(Y112:Y115) -> -1.2107413 | AB112: =(SUM(K112:K115)-SUM(W112:W115)-SUM(Y112:Y115)-SUM(Z112:Z115)-SUM(AC112:AC115)-SUM(V112:V115))-AA112 -> -0.014363326 | AC112: =K112-T112 -> 0.65592523 | AD112: =+AM112+BA112 -> 4 | AE112: - Sheet Breaks (2x) | AF112: 4 | AM112: =SUM(AF112:AL112)+AT112+AV112+AX112 -> 4 | AR112: =SUM(AN112:AQ112) -> 0 | BA112: =+AR112+AS112+AU112+AW112+AY112+AZ112 -> 0 | BB112: 2
B113: Towel | C113: =(M113*E113*O113*Q113)/100000000 -> 3.3027918 | D113: RC BR | E113: 33.5 | F113: 1 | G113: 485 | H113: 0.12 | I113: 0.88 | J113: =E113*G113*(1-H113)*1440/1000000*3.4 -> 70.002029 | K113: =(IF(G113<L113,L113,G113)*(1-IF(H113<N113,H113,N113))*E113*O113*Q113)/100000000 -> 3.3027918 | L113: 485 | M113: =+L113-L113*0.12 -> 426.8 | N113: =1-(M113/L113) -> 0.12 | O113: =+'Trim Rwd'!H85 -> 330 | P113: =O113*(Q113-R113-S113) -> 21450 | Q113: 70 | R113: 0 | S113: 5 | T113: =E113*M113*O113*Q113/100000000 -> 3.3027918 | U113: =E113*M113*O113*(Q113-R113-S113)/100000000 -> 3.0668781 | V113: =E113*G113*(1-N113)*O113/100*(R113+S113)/1000000 -> 0.2359137 | W113: =+'23'!K27/1000 -> 1.296 | AC113: =K113-T113 -> 0 | AD113: =+AM113+BA113 -> 14 | AE113: - Change Blade (5x) | AG113: 14 | AM113: =SUM(AF113:AL113)+AT113+AV113+AX113 -> 14 | AR113: =SUM(AN113:AQ113) -> 0 | BA113: =+AR113+AS113+AU113+AW113+AY113+AZ113 -> 0 | BC113: 5
AD114: =+AM114+BA114 -> 12 | AE114: - Cleaning | AH114: 12 | AM114: =SUM(AF114:AL114)+AT114+AV114+AX114 -> 12 | AR114: =SUM(AN114:AQ114) -> 0 | BA114: =+AR114+AS114+AU114+AW114+AY114+AZ114 -> 0
AD115: =+AM115+BA115 -> 5 | AE115: - Change Grade | AI115: 5 | AM115: =SUM(AF115:AL115)+AT115+AV115+AX115 -> 5 | AR115: =SUM(AN115:AQ115) -> 0 | BA115: =+AR115+AS115+AU115+AW115+AY115+AZ115 -> 0
A117: 45924 | B117: Towel | C117: =(M117*E117*O117*Q117)/100000000 -> 41.048984 | D117: RC BR | E117: 33.5 | F117: 1 | G117: 485 | H117: 0.12 | I117: 0.88 | J117: =E117*G117*(1-H117)*1440/1000000*3.4 -> 70.002029 | K117: =(IF(G117<L117,L117,G117)*(1-IF(H117<N117,H117,N117))*E117*O117*Q117)/100000000 -> 41.048984 | L117: 485 | M117: 426.8 | N117: =1-(M117/L117) -> 0.12 | O117: =+'Trim Rwd'!H87 -> 330 | P117: =O117*(Q117-R117-S117) -> 278850 | Q117: 870 | R117: 0 | S117: =4+21 -> 25 | T117: =E117*M117*O117*Q117/100000000 -> 41.048984 | U117: =E117*M117*O117*(Q117-R117-S117)/100000000 -> 39.869415 | V117: =E117*G117*(1-N117)*O117/100*(R117+S117)/1000000 -> 1.1795685 | W117: =+'24'!K27/1000 -> 40.783 | X117: =SUM(W117:W120)/SUM(K117:K120) -> 0.87444972 | Y117: 0 | Z117: =+('24'!D7+'24'!D16)/1000 -> 0 | AA117: =SUM(U117:U120)-SUM(W117:W120)-SUM(Z117:Z120)-SUM(Y117:Y120) -> 2.20183 | AB117: =(SUM(K117:K120)-SUM(W117:W120)-SUM(Y117:Y120)-SUM(Z117:Z120)-SUM(AC117:AC120)-SUM(V117:V120))-AA117 -> -0.036079986 | AC117: =K117-T117 -> 0 | AD117: =+AM117+BA117 -> 4 | AE117: - Sheet Breaks (1x) | AF117: 4 | AM117: =SUM(AF117:AL117)+AT117+AV117+AX117 -> 4 | AR117: =SUM(AN117:AQ117) -> 0 | BA117: =+AR117+AS117+AU117+AW117+AY117+AZ117 -> 0 | BB117: 1
B118: Towel | C118: =(M118*E118*O118*Q118)/100000000 -> 26.527621 | D118: RC BR | E118: 31.5 | F118: 1 | G118: 520 | H118: 0.12 | I118: 0.88 | J118: =E118*G118*(1-H118)*1440/1000000*3.4 -> 70.572902 | K118: =(IF(G118<L118,L118,G118)*(1-IF(H118<N118,H118,N118))*E118*O118*Q118)/100000000 -> 26.721636 | L118: 516.22449 | M118: 454.27755 | N118: =1-(M118/L118) -> 0.12 | O118: =+'Trim Rwd'!H88 -> 325.23077 | P118: =O118*(Q118-R118-S118) -> 150907.08 | Q118: =490+80 -> 570 | R118: 80 | S118: =22+4 -> 26 | T118: =E118*M118*O118*Q118/100000000 -> 26.527621 | U118: =E118*M118*O118*(Q118-R118-S118)/100000000 -> 21.594415 | V118: =E118*G118*(1-N118)*O118/100*(R118+S118)/1000000 -> 4.9692868 | W118: =+'24'!K28/1000 -> 18.479 | Z118: =+'24'!D25/1000 -> 0 | AC118: =K118-T118 -> 0.19401502 | AD118: =+AM118+BA118 -> 22 | AE118: - Change Blade (6x) | AG118: 22 | AM118: =SUM(AF118:AL118)+AT118+AV118+AX118 -> 22 | AR118: =SUM(AN118:AQ118) -> 0 | BA118: =+AR118+AS118+AU118+AW118+AY118+AZ118 -> 0 | BC118: 6
AD119: =+AM119+BA119 -> 21 | AE119: - Cleaning | AH119: 21 | AM119: =SUM(AF119:AL119)+AT119+AV119+AX119 -> 21 | AR119: =SUM(AN119:AQ119) -> 0 | BA119: =+AR119+AS119+AU119+AW119+AY119+AZ119 -> 0
AD120: =+AM120+BA120 -> 4 | AE120: - Change Grade | AI120: 4 | AM120: =SUM(AF120:AL120)+AT120+AV120+AX120 -> 4 | AR120: =SUM(AN120:AQ120) -> 0 | BA120: =+AR120+AS120+AU120+AW120+AY120+AZ120 -> 0
AD121: =+AM121+BA121 -> 80 | AE121: - 02.35 pm stock off vacuum trip krn felt mampet | AM121: =SUM(AF121:AL121)+AT121+AV121+AX121 -> 0 | AP121: 80 | AR121: =SUM(AN121:AQ121) -> 80 | BA121: =+AR121+AS121+AU121+AW121+AY121+AZ121 -> 80
A123: 45925 | B123: Towel | C123: =(M123*E123*O123*Q123)/100000000 -> 64.825743 | D123: RC BR | E123: 31.5 | F123: 1 | G123: 520 | H123: 0.12 | I123: 0.88 | J123: =E123*G123*(1-H123)*1440/1000000*3.4 -> 70.572902 | K123: =(IF(G123<L123,L123,G123)*(1-IF(H123<N123,H123,N123))*E123*O123*Q123)/100000000 -> 66.732906 | L123: 505.13889 | M123: 444.52222 | N123: =1-(M123/L123) -> 0.12 | O123: =+'Trim Rwd'!H91 -> 321.5 | P123: =O123*(Q123-R123-S123) -> 445599 | Q123: 1440 | R123: 0 | S123: 54 | T123: =E123*M123*O123*Q123/100000000 -> 64.825743 | U123: =E123*M123*O123*(Q123-R123-S123)/100000000 -> 62.394777 | V123: =E123*G123*(1-N123)*O123/100*(R123+S123)/1000000 -> 2.502484 | W123: =+'25'!K34/1000 -> 58.544 | X123: =SUM(W123:W126)/SUM(K123:K126) -> 0.87728833 | Y123: 0 | Z123: =+'25'!D34/1000 -> 3.651 | AA123: =SUM(U123:U126)-SUM(W123:W126)-SUM(Z123:Z126)-SUM(Y123:Y126) -> 0.19977718 | AB123: =(SUM(K123:K126)-SUM(W123:W126)-SUM(Y123:Y126)-SUM(Z123:Z126)-SUM(AC123:AC126)-SUM(V123:V126))-AA123 -> -0.071518639 | AC123: =K123-T123 -> 1.9071637 | AD123: =+AM123+BA123 -> 10 | AE123: - Sheet Breaks (1x) | AF123: 10 | AM123: =SUM(AF123:AL123)+AT123+AV123+AX123 -> 10 | AR123: =SUM(AN123:AQ123) -> 0 | BA123: =+AR123+AS123+AU123+AW123+AY123+AZ123 -> 0 | BB123: 1
AD124: =+AM124+BA124 -> 19 | AE124: - Change Blade (7x) | AG124: 19 | AM124: =SUM(AF124:AL124)+AT124+AV124+AX124 -> 19 | AR124: =SUM(AN124:AQ124) -> 0 | BA124: =+AR124+AS124+AU124+AW124+AY124+AZ124 -> 0 | BC124: 7
AD125: =+AM125+BA125 -> 15 | AE125: - Cleaning | AH125: 15 | AM125: =SUM(AF125:AL125)+AT125+AV125+AX125 -> 15 | AR125: =SUM(AN125:AQ125) -> 0 | BA125: =+AR125+AS125+AU125+AW125+AY125+AZ125 -> 0
...

Sheet Efficiency2
A1: PM12 Efficiency Report
A3: Date | B3: Grade | C3: Speed real (ton) with Available Time | D3: Colour | E3: gsm | F3: Ply | G3: Standard | L3: Real Running | O3: Trim Rewinder (cm) | P3: Trim Rewinder x Running Time | Q3: Available Time (mnt) | R3: Down Time (mnt) | S3: Loss Time (mnt) | T3: Real Speed & Real Creepe Ratio with Available Time (ton) | U3: Real Speed & Real Creepe Ratio setelah dipotong DT & LT (ton) | V3: Loss tonase akibat DT + LT dari hitungan Teori with available time (ton) | W3: Accepted (ton) | X3: Real Eff dr Target Eff | Y3: Backlog | Z3: Reject Rewinder (ton) | AA3: Estimasi Reject to Broke Plant (ton) | AB3: Estimasi Faktor BW (ton) | AC3: Loss Opportunity in Speed (ton) | AD3: Downtime/ Losstime | AE3: Reason of Downtime / Losstime | AF3: Loss Time | AM3: Total Losstime | AN3: Unschedule Shut Down (mnt) | AS3: Schedule Shut Down | AT3: Marketing | AV3: EXT FACTOR | AX3: EXT FACTOR | AZ3: MANAGEMENT | BA3: Total Down Time | BB3: Freq. Sheets Break (X) | BC3: Freq. Change Blade (X) | BD3: Steam, & gangguan sinergy (X) | BE3: Freq, Trip PLN (X) | BF3: Cleaning Holes (X)
AF4: Proses | AI4: Change Grade | AJ4: Mekanik | AK4: Electric & Instrument | AL4: Boiler | AN4: Down Time Produksi | AO4: Mekanik | AP4: Electrical & Instrument | AQ4: Boiler | AR4: Total Unschedule Shut Down | AV4: LOSS | AW4: DOWN TIME | AX4: LOSS | AY4: DOWN TIME
G5: Yankee Speed (mpm) | H5: Max % Creeping | I5: Target Eff | J5: Kapasitas PM-Teori (ton) | K5: Teori (ton) with Available Time | L5: Yankee Speed (mpm) | M5: Popereel Speed (mpm) | N5: % Creeping | AF5: sheet break | AG5: change blade | AH5: change spool | AT5: Loss time | AU5: Down Time | AV5: SINERGY | AW5: SINERGY | AX5: PLN | AY5: PLN
A6: =+Report1!A9 -> 45901 | B6: Towel | C6: =(M6*E6*O6*Q6)/100000000 -> 60.827841 | D6: RC HW | E6: 35.5 | F6: 1 | G6: 460 | H6: 0.12 | I6: 0.88 | J6: =E6*G6*(1-H6)*1440/1000000*3.4 -> 70.357478 | K6: =(IF(G6<L6,L6,G6)*(1-IF(H6<N6,H6,N6))*E6*O6*Q6)/100000000 -> 60.827841 | L6: 530 | M6: 466.4 | N6: =1-(M6/L6) -> 0.12 | O6: =+'Trim Rwd'!H4 -> 314 | P6: =O6*(Q6-R6-S6) -> 359530 | Q6: =210+960 -> 1170 | R6: 0 | S6: 25 | T6: =E6*M6*O6*Q6/100000000 -> 60.827841 | U6: =E6*M6*O6*(Q6-R6-S6)/100000000 -> 59.528101 | V6: =E6*G6*(1-N6)*O6/100*(R6+S6)/1000000 -> 1.1280764 | W6: =+'1'!K7/1000 -> 65.5 | X6: =SUM(W6:W9)/SUM(K6:K9) -> 0.98323083 | Y6: 0 | Z6: =+'1'!D7/1000 -> 0.6 | AA6: =SUM(U6:U9)-SUM(W6:W9)-SUM(Z6:Z9)-SUM(Y6:Y9) -> -0.9200242 | AB6: =(SUM(K6:K9)-SUM(W6:W9)-SUM(Y6:Y9)-SUM(Z6:Z9)-SUM(AC6:AC9)-SUM(V6:V9))-AA6 -> 0.20611668 | AC6: =K6-T6 -> 0 | AD6: =+AM6+BA6 -> 0 | AE6: - Sheet Breaks (0x) | AF6: 0 | AM6: =SUM(AF6:AL6)+AT6+AV6+AX6 -> 0 | AR6: =SUM(AN6:AQ6) -> 0 | BA6: =+AR6+AS6+AU6+AW6+AY6+AZ6 -> 0 | BB6: 0
B7: Towel | C7: =(M7*E7*O7*Q7)/100000000 -> 11.36945 | D7: RC HW | E7: 34 | F7: 1 | G7: 480 | H7: 0.12 | I7: 0.88 | J7: =E7*G7*(1-H7)*1440/1000000*3.4 -> 70.314394 | K7: =(IF(G7<L7,L7,G7)*(1-IF(H7<N7,H7,N7))*E7*O7*Q7)/100000000 -> 11.36945 | L7: 550 | M7: =+L7-L7*0.12 -> 484 | N7: =1-(M7/L7) -> 0.12 | O7: =+'Trim Rwd'!H5 -> 329 | P7: =O7*(Q7-R7-S7) -> 67445 | Q7: 210 | R7: 0 | S7: 5 | T7: =E7*M7*O7*Q7/100000000 -> 11.36945 | U7: =E7*M7*O7*(Q7-R7-S7)/100000000 -> 11.098749 | V7: =E7*G7*(1-N7)*O7/100*(R7+S7)/1000000 -> 0.23624832 | W7: =+'1'!K8/1000 -> 7.816 | AC7: =K7-T7 -> 0 | AD7: =+AM7+BA7 -> 7 | AE7: - Change Blade (2x) | AG7: 7 | AM7: =SUM(AF7:AL7)+AT7+AV7+AX7 -> 7 | AR7: =SUM(AN7:AQ7) -> 0 | BA7: =+AR7+AS7+AU7+AW7+AY7+AZ7 -> 0 | BC7: 2
B8: Kitchen Towel | C8: =(M8*E8*O8*Q8)/100000000 -> 2.3691254 | D8: RC HW | E8: 17 | F8: 1 | G8: 830 | H8: 0.15 | I8: 0.88 | J8: =E8*G8*(1-H8)*1440/1000000*3.4 -> 58.720176 | K8: =(IF(G8<L8,L8,G8)*(1-IF(H8<N8,H8,N8))*E8*O8*Q8)/100000000 -> 2.3691254 | L8: 830 | M8: =+L8-L8*0.12 -> 730.4 | N8: =1-(M8/L8) -> 0.12 | O8: =+'Trim Rwd'!H6 -> 318 | P8: =O8*(Q8-R8-S8) -> 19080 | Q8: 60 | R8: 0 | S8: 0 | T8: =E8*M8*O8*Q8/100000000 -> 2.3691254 | U8: =E8*M8*O8*(Q8-R8-S8)/100000000 -> 2.3691254 | V8: =E8*G8*(1-N8)*O8/100*(R8+S8)/1000000 -> 0 | W8: =+'1'!K9/1000 -> 0 | AC8: =K8-T8 -> 0 | AD8: =+AM8+BA8 -> 18 | AE8: - Cleaning | AH8: 18 | AM8: =SUM(AF8:AL8)+AT8+AV8+AX8 -> 18 | AR8: =SUM(AN8:AQ8) -> 0 | BA8: =+AR8+AS8+AU8+AW8+AY8+AZ8 -> 0
AD9: =+AM9+BA9 -> 5 | AE9: - Change Grade | AI9: 5 | AM9: =SUM(AF9:AL9)+AT9+AV9+AX9 -> 5 | AR9: =SUM(AN9:AQ9) -> 0 | BA9: =+AR9+AS9+AU9+AW9+AY9+AZ9 -> 0
A11: 45902 | B11: Kitchen Towel | C11: =(M11*E11*O11*Q11)/100000000 -> 31.983193 | D11: RC HW | E11: 17 | F11: 1 | G11: 830 | H11: 0.15 | I11: 0.88 | J11: =E11*G11*(1-H11)*1440/1000000*3.4 -> 58.720176 | K11: =(IF(G11<L11,L11,G11)*(1-IF(H11<N11,H11,N11))*E11*O11*Q11)/100000000 -> 31.983193 | L11: 830 | M11: =+L11-L11*0.12 -> 730.4 | N11: =1-(M11/L11) -> 0.12 | O11: =+'Trim Rwd'!H9 -> 318 | P11: =O11*(Q11-R11-S11) -> 252492 | Q11: 810 | R11: 0 | S11: 16 | T11: =E11*M11*O11*Q11/100000000 -> 31.983193 | U11: =E11*M11*O11*(Q11-R11-S11)/100000000 -> 31.351427 | V11: =E11*G11*(1-N11)*O11/100*(R11+S11)/1000000 -> 0.63176678 | W11: =+'2'!K9/1000 -> 17.635 | X11: =SUM(W11:W14)/SUM(K11:K14) -> 0.95719613 | Y11: 0 | Z11: 0 | AA11: =SUM(U11:U14)-SUM(W11:W14)-SUM(Z11:Z14)-SUM(Y11:Y14) -> 1.2588839 | AB11: =(SUM(K11:K14)-SUM(W11:W14)-SUM(Y11:Y14)-SUM(Z11:Z14)-SUM(AC11:AC14)-SUM(V11:V14))-AA11 -> 4.8849813e-15 | AC11: =K11-T11 -> 0 | AD11: =+AM11+BA11 -> 0 | AE11: - Sheet Breaks (0x) | AF11: 0 | AM11: =SUM(AF11:AL11)+AT11+AV11+AX11 -> 0 | AR11: =SUM(AN11:AQ11) -> 0 | BA11: =+AR11+AS11+AU11+AW11+AY11+AZ11 -> 0 | BB11: 0
B12: Towel | C12: =(M12*E12*O12*Q12)/100000000 -> 29.967538 | D12: RC HW | E12: 31.5 | F12: 1 | G12: 520 | H12: 0.12 | I12: 0.88 | J12: =E12*G12*(1-H12)*1440/1000000*3.4 -> 70.572902 | K12: =(IF(G12<L12,L12,G12)*(1-IF(H12<N12,H12,N12))*E12*O12*Q12)/100000000 -> 29.967538 | L12: 520 | M12: =+L12-L12*0.12 -> 457.6 | N12: =1-(M12/L12) -> 0.12 | O12: =+'Trim Rwd'!H10 -> 330 | P12: =O12*(Q12-R12-S12) -> 202620 | Q12: 630 | R12: 0 | S12: 16 | T12: =E12*M12*O12*Q12/100000000 -> 29.967538 | U12: =E12*M12*O12*(Q12-R12-S12)/100000000 -> 29.206457 | V12: =E12*G12*(1-N12)*O12/100*(R12+S12)/1000000 -> 0.76108032 | W12: =+'2'!K10/1000 -> 26.028 | AC12: =K12-T12 -> 0 | AD12: =+AM12+BA12 -> 7 | AE12: - Change Blade (2x) | AG12: 7 | AM12: =SUM(AF12:AL12)+AT12+AV12+AX12 -> 7 | AR12: =SUM(AN12:AQ12) -> 0 | BA12: =+AR12+AS12+AU12+AW12+AY12+AZ12 -> 0 | BC12: 2
B13: Towel | E13: 34 | W13: =+'2'!K8/1000 -> 15.636 | AD13: =+AM13+BA13 -> 20 | AE13: - Cleaning | AH13: 20 | AM13: =SUM(AF13:AL13)+AT13+AV13+AX13 -> 20 | AR13: =SUM(AN13:AQ13) -> 0 | BA13: =+AR13+AS13+AU13+AW13+AY13+AZ13 -> 0
AD14: =+AM14+BA14 -> 5 | AE14: - Change Grade | AI14: 5 | AM14: =SUM(AF14:AL14)+AT14+AV14+AX14 -> 5 | AR14: =SUM(AN14:AQ14) -> 0 | BA14: =+AR14+AS14+AU14+AW14+AY14+AZ14 -> 0
A16: 45903 | B16: Towel | C16: =(M16*E16*O16*Q16)/100000000 -> 5.4702648 | D16: RC HW | E16: 31.5 | F16: 1 | G16: 520 | H16: 0.12 | I16: 0.88 | J16: =E16*G16*(1-H16)*1440/1000000*3.4 -> 70.572902 | K16: =(IF(G16<L16,L16,G16)*(1-IF(H16<N16,H16,N16))*E16*O16*Q16)/100000000 -> 5.4702648 | L16: 520 | M16: =+L16-L16*0.12 -> 457.6 | N16: =1-(M16/L16) -> 0.12 | O16: =+'Trim Rwd'!H12 -> 330 | P16: =O16*(Q16-R16-S16) -> 32670 | Q16: 115 | R16: 0 | S16: 16 | T16: =E16*M16*O16*Q16/100000000 -> 5.4702648 | U16: =E16*M16*O16*(Q16-R16-S16)/100000000 -> 4.7091845 | V16: =E16*G16*(1-N16)*O16/100*(R16+S16)/1000000 -> 0.76108032 | W16: =+'3'!K10/1000 -> 7.121 | X16: =SUM(W16:W19)/SUM(K16:K19) -> 0.84950367 | Y16: 0 | Z16: 0 | AA16: =SUM(U16:U19)-SUM(W16:W19)-SUM(Z16:Z19)-SUM(Y16:Y19) -> 2.3152435 | AB16: =(SUM(K16:K19)-SUM(W16:W19)-SUM(Y16:Y19)-SUM(Z16:Z19)-SUM(AC16:AC19)-SUM(V16:V19))-AA16 -> 0 | AC16: =K16-T16 -> 0 | AD16: =+AM16+BA16 -> 42 | AE16: - Sheet Breaks (10x) | AF16: 42 | AM16: =SUM(AF16:AL16)+AT16+AV16+AX16 -> 42 | AR16: =SUM(AN16:AQ16) -> 0 | BA16: =+AR16+AS16+AU16+AW16+AY16+AZ16 -> 0 | BB16: 10
B17: Napkin | C17: =(M17*E17*O17*Q17)/100000000 -> 19.503871 | D17: RC BR | E17: 18 | F17: 1 | G17: 830 | H17: 0.14 | I17: 0.88 | J17: =E17*G17*(1-H17)*1440/1000000*3.4 -> 62.905766 | K17: =(IF(G17<L17,L17,G17)*(1-IF(H17<N17,H17,N17))*E17*O17*Q17)/100000000 -> 19.503871 | L17: 830 | M17: =+L17-L17*0.14 -> 713.8 | N17: =1-(M17/L17) -> 0.14 | O17: =+'Trim Rwd'!H13 -> 330 | P17: =O17*(Q17-R17-S17) -> 137940 | Q17: =665-205 -> 460 | R17: 0 | S17: =42+205-205 -> 42 | T17: =E17*M17*O17*Q17/100000000 -> 19.503871 | U17: =E17*M17*O17*(Q17-R17-S17)/100000000 -> 17.723083 | V17: =E17*G17*(1-N17)*O17/100*(R17+S17)/1000000 -> 1.7807882 | W17: =+'3'!K11/1000 -> 18.436 | Z17: =+'3'!D16/1000 -> 0.3 | AC17: =K17-T17 -> 0 | AD17: =+AM17+BA17 -> 16 | AE17: - Change Blade (5x) | AG17: 16 | AM17: =SUM(AF17:AL17)+AT17+AV17+AX17 -> 16 | AR17: =SUM(AN17:AQ17) -> 0 | BA17: =+AR17+AS17+AU17+AW17+AY17+AZ17 -> 0 | BC17: 5
B18: Napkin | C18: =(M18*E18*O18*Q18)/100000000 -> 23.513 | D18: RC BR | E18: 15.5 | F18: 1 | G18: 830 | H18: 0.14 | I18: 0.88 | J18: =E18*G18*(1-H18)*1440/1000000*3.4 -> 54.168854 | K18: =(IF(G18<L18,L18,G18)*(1-IF(H18<N18,H18,N18))*E18*O18*Q18)/100000000 -> 23.513 | L18: 830 | M18: =+L18-L18*0.14 -> 713.8 | N18: =1-(M18/L18) -> 0.14 | O18: =+'Trim Rwd'!H14 -> 322 | P18: =O18*(Q18-R18-S18) -> 202216 | Q18: 660 | R18: 0 | S18: =19+13 -> 32 | T18: =E18*M18*O18*Q18/100000000 -> 23.513 | U18: =E18*M18*O18*(Q18-R18-S18)/100000000 -> 22.372976 | V18: =E18*G18*(1-N18)*O18/100*(R18+S18)/1000000 -> 1.1400243 | W18: =+'3'!K12/1000 -> 15.633 | Z18: =+('3'!D17+'3'!D25)/1000 -> 1 | AC18: =K18-T18 -> 0 | AD18: =+AM18+BA18 -> 19 | AE18: - Cleaning | AH18: 19 | AM18: =SUM(AF18:AL18)+AT18+AV18+AX18 -> 19 | AR18: =SUM(AN18:AQ18) -> 0 | BA18: =+AR18+AS18+AU18+AW18+AY18+AZ18 -> 0
AD19: =+AM19+BA19 -> 13 | AE19: - Change Grade | AI19: 13 | AM19: =SUM(AF19:AL19)+AT19+AV19+AX19 -> 13 | AR19: =SUM(AN19:AQ19) -> 0 | BA19: =+AR19+AS19+AU19+AW19+AY19+AZ19 -> 0
AD20: =+AM20+BA20 -> 0 | AE20: - 12.20 jumbo baru ACC warna | AM20: =SUM(AF20:AL20)+AT20+AV20+AX20 -> 0 | AR20: =SUM(AN20:AQ20) -> 0 | AT20: =205-205 -> 0 | BA20: =+AR20+AS20+AU20+AW20+AY20+AZ20 -> 0
A22: 45904 | B22: Napkin | C22: =(M22*E22*O22*Q22)/100000000 -> 51.301092 | D22: RC BR | E22: 15.5 | F22: 1 | G22: 830 | H22: 0.14 | I22: 0.88 | J22: =E22*G22*(1-H22)*1440/1000000*3.4 -> 54.168854 | K22: =(IF(G22<L22,L22,G22)*(1-IF(H22<N22,H22,N22))*E22*O22*Q22)/100000000 -> 51.301092 | L22: 830 | M22: =+L22-L22*0.14 -> 713.8 | N22: =1-(M22/L22) -> 0.14 | O22: =+'Trim Rwd'!H16 -> 322 | P22: =O22*(Q22-R22-S22) -> 438886 | Q22: 1440 | R22: 0 | S22: 77 | T22: =E22*M22*O22*Q22/100000000 -> 51.301092 | U22: =E22*M22*O22*(Q22-R22-S22)/100000000 -> 48.557908 | V22: =E22*G22*(1-N22)*O22/100*(R22+S22)/1000000 -> 2.7431834 | W22: =+'4'!K34/1000 -> 46.571 | X22: =SUM(W22:W25)/SUM(K22:K25) -> 0.90779745 | Y22: 0 | Z22: =+'4'!D34/1000 -> 0.215 | AA22: =SUM(U22:U25)-SUM(W22:W25)-SUM(Z22:Z25)-SUM(Y22:Y25) -> 1.7719082 | AB22: =(SUM(K22:K25)-SUM(W22:W25)-SUM(Y22:Y25)-SUM(Z22:Z25)-SUM(AC22:AC25)-SUM(V22:V25))-AA22 -> 4.2188475e-15 | AC22: =K22-T22 -> 0 | AD22: =+AM22+BA22 -> 19 | AE22: - Sheet Breaks (10x) | AF22: 19 | AM22: =SUM(AF22:AL22)+AT22+AV22+AX22 -> 19 | AR22: =SUM(AN22:AQ22) -> 0 | BA22: =+AR22+AS22+AU22+AW22+AY22+AZ22 -> 0 | BB22: 10
AD23: =+AM23+BA23 -> 37 | AE23: - Change Blade (13x) | AG23: 37 | AM23: =SUM(AF23:AL23)+AT23+AV23+AX23 -> 37 | AR23: =SUM(AN23:AQ23) -> 0 | BA23: =+AR23+AS23+AU23+AW23+AY23+AZ23 -> 0 | BC23: 13
AD24: =+AM24+BA24 -> 21 | AE24: - Cleaning | AH24: 21 | AM24: =SUM(AF24:AL24)+AT24+AV24+AX24 -> 21 | AR24: =SUM(AN24:AQ24) -> 0 | BA24: =+AR24+AS24+AU24+AW24+AY24+AZ24 -> 0
A26: 45905 | B26: Napkin | C26: =(M26*E26*O26*Q26)/100000000 -> 51.301092 | D26: RC BR | E26: 15.5 | F26: 1 | G26: 830 | H26: 0.14 | I26: 0.88 | J26: =E26*G26*(1-H26)*1440/1000000*3.4 -> 54.168854 | K26: =(IF(G26<L26,L26,G26)*(1-IF(H26<N26,H26,N26))*E26*O26*Q26)/100000000 -> 51.301092 | L26: 830 | M26: =+L26-L26*0.14 -> 713.8 | N26: =1-(M26/L26) -> 0.14 | O26: =+'Trim Rwd'!H18 -> 322 | P26: =O26*(Q26-R26-S26) -> 444682 | Q26: 1440 | R26: 0 | S26: 59 | T26: =E26*M26*O26*Q26/100000000 -> 51.301092 | U26: =E26*M26*O26*(Q26-R26-S26)/100000000 -> 49.199172 | V26: =E26*G26*(1-N26)*O26/100*(R26+S26)/1000000 -> 2.1019197 | W26: =+'5'!K34/1000 -> 47.639 | X26: =SUM(W26:W29)/SUM(K26:K29) -> 0.92861572 | Y26: 0 | Z26: =+'5'!D34/1000 -> 0.19 | AA26: =SUM(U26:U29)-SUM(W26:W29)-SUM(Z26:Z29)-SUM(Y26:Y29) -> 1.3701718 | AB26: =(SUM(K26:K29)-SUM(W26:W29)-SUM(Y26:Y29)-SUM(Z26:Z29)-SUM(AC26:AC29)-SUM(V26:V29))-AA26 -> -1.7763568e-15 | AC26: =K26-T26 -> 0 | AD26: =+AM26+BA26 -> 16 | AE26: - Sheet Breaks (4x) | AF26: 16 | AM26: =SUM(AF26:AL26)+AT26+AV26+AX26 -> 16 | AR26: =SUM(AN26:AQ26) -> 0 | BA26: =+AR26+AS26+AU26+AW26+AY26+AZ26 -> 0 | BB26: 4
AD27: =+AM27+BA27 -> 28 | AE27: - Change Blade (12x) | AG27: 28 | AM27: =SUM(AF27:AL27)+AT27+AV27+AX27 -> 28 | AR27: =SUM(AN27:AQ27) -> 0 | BA27: =+AR27+AS27+AU27+AW27+AY27+AZ27 -> 0 | BC27: 12
AD28: =+AM28+BA28 -> 15 | AE28: - Cleaning | AH28: 15 | AM28: =SUM(AF28:AL28)+AT28+AV28+AX28 -> 15 | AR28: =SUM(AN28:AQ28) -> 0 | BA28: =+AR28+AS28+AU28+AW28+AY28+AZ28 -> 0
A30: 45906 | B30: Napkin | C30: =(M30*E30*O30*Q30)/100000000 -> 51.519766 | D30: RC BR | E30: 15.5 | F30: 1 | G30: 830 | H30: 0.14 | I30: 0.88 | J30: =E30*G30*(1-H30)*1440/1000000*3.4 -> 54.168854 | K30: =(IF(G30<L30,L30,G30)*(1-IF(H30<N30,H30,N30))*E30*O30*Q30)/100000000 -> 51.519766 | L30: 830 | M30: =+L30-L30*0.14 -> 713.8 | N30: =1-(M30/L30) -> 0.14 | O30: =+'Trim Rwd'!H20 -> 323.37255 | P30: =O30*(Q30-R30-S30) -> 448517.73 | Q30: 1440 | R30: 0 | S30: 53 | T30: =E30*M30*O30*Q30/100000000 -> 51.519766 | U30: =E30*M30*O30*(Q30-R30-S30)/100000000 -> 49.623553 | V30: =E30*G30*(1-N30)*O30/100*(R30+S30)/1000000 -> 1.8962136 | W30: =+'6'!K34/1000 -> 47.775 | X30: =SUM(W30:W33)/SUM(K30:K33) -> 0.92731399 | Y30: 0 | Z30: =+'6'!D34/1000 -> 0.8 | AA30: =SUM(U30:U33)-SUM(W30:W33)-SUM(Z30:Z33)-SUM(Y30:Y33) -> 1.0485526 | AB30: =(SUM(K30:K33)-SUM(W30:W33)-SUM(Y30:Y33)-SUM(Z30:Z33)-SUM(AC30:AC33)-SUM(V30:V33))-AA30 -> 0 | AC30: =K30-T30 -> 0 | AD30: =+AM30+BA30 -> 7 | AE30: - Sheet Breaks (2x) | AF30: 7 | AM30: =SUM(AF30:AL30)+AT30+AV30+AX30 -> 7 | AR30: =SUM(AN30:AQ30) -> 0 | BA30: =+AR30+AS30+AU30+AW30+AY30+AZ30 -> 0 | BB30: 2
AD31: =+AM31+BA31 -> 24 | AE31: - Change Blade (11x) | AG31: 24 | AM31: =SUM(AF31:AL31)+AT31+AV31+AX31 -> 24 | AR31: =SUM(AN31:AQ31) -> 0 | BA31: =+AR31+AS31+AU31+AW31+AY31+AZ31 -> 0 | BC31: 11
AD32: =+AM32+BA32 -> 20 | AE32: - Cleaning | AH32: 20 | AM32: =SUM(AF32:AL32)+AT32+AV32+AX32 -> 20 | AR32: =SUM(AN32:AQ32) -> 0 | BA32: =+AR32+AS32+AU32+AW32+AY32+AZ32 -> 0
AD33: =+AM33+BA33 -> 2 | AE33: - Change Grade | AI33: 2 | AM33: =SUM(AF33:AL33)+AT33+AV33+AX33 -> 2 | AR33: =SUM(AN33:AQ33) -> 0 | BA33: =+AR33+AS33+AU33+AW33+AY33+AZ33 -> 0
A35: 45907 | B35: Napkin | C35: =(M35*E35*O35*Q35)/100000000 -> 17.949215 | D35: RC BR | E35: 16 | F35: 1 | G35: 830 | H35: 0.14 | I35: 0.88 | J35: =E35*G35*(1-H35)*1440/1000000*3.4 -> 55.916237 | K35: =(IF(G35<L35,L35,G35)*(1-IF(H35<N35,H35,N35))*E35*O35*Q35)/100000000 -> 17.949215 | L35: 830 | M35: =+L35-L35*0.14 -> 713.8 | N35: =1-(M35/L35) -> 0.14 | O35: =+'Trim Rwd'!H25 -> 317.5 | P35: =O35*(Q35-R35-S35) -> 150495 | Q35: 495 | R35: 0 | S35: 21 | T35: =E35*M35*O35*Q35/100000000 -> 17.949215 | U35: =E35*M35*O35*(Q35-R35-S35)/100000000 -> 17.187733 | V35: =E35*G35*(1-N35)*O35/100*(R35+S35)/1000000 -> 0.76148184 | W35: =+'7'!K13/1000 -> 19.427 | X35: =SUM(W35:W38)/SUM(K35:K38) -> 0.73773035 | Y35: 0 | Z35: =+'7'!D16/1000 -> 0.178 | AA35: =SUM(U35:U38)-SUM(W35:W38)-SUM(Z35:Z38)-SUM(Y35:Y38) -> 9.8891638 | AB35: =(SUM(K35:K38)-SUM(W35:W38)-SUM(Y35:Y38)-SUM(Z35:Z38)-SUM(AC35:AC38)-SUM(V35:V38))-AA35 -> 0 | AC35: =K35-T35 -> 0 | AD35: =+AM35+BA35 -> 2 | AE35: - Sheet Breaks (4x) | AF35: 2 | AM35: =SUM(AF35:AL35)+AT35+AV35+AX35 -> 2 | AR35: =SUM(AN35:AQ35) -> 0 | BA35: =+AR35+AS35+AU35+AW35+AY35+AZ35 -> 0 | BB35: 4
B36: Napkin | C36: =(M36*E36*O36*Q36)/100000000 -> 29.282307 | D36: RC BR | E36: 16.5 | F36: 1 | G36: 830 | H36: 0.14 | I36: 0.88 | J36: =E36*G36*(1-H36)*1440/1000000*3.4 -> 57.663619 | K36: =(IF(G36<L36,L36,G36)*(1-IF(H36<N36,H36,N36))*E36*O36*Q36)/100000000 -> 29.282307 | L36: 830 | M36: =+L36-L36*0.14 -> 713.8 | N36: =1-(M36/L36) -> 0.14 | O36: =+'Trim Rwd'!H26 -> 325 | P36: =O36*(Q36-R36-S36) -> 238550 | Q36: 765 | R36: 0 | S36: 31 | T36: =E36*M36*O36*Q36/100000000 -> 29.282307 | U36: =E36*M36*O36*(Q36-R36-S36)/100000000 -> 28.095703 | V36: =E36*G36*(1-N36)*O36/100*(R36+S36)/1000000 -> 1.1866033 | W36: =+'7'!K14/1000 -> 7.454 | Z36: 0 | AC36: =K36-T36 -> 0 | AD36: =+AM36+BA36 -> 27 | AE36: - Change Blade (12x) | AG36: 27 | AM36: =SUM(AF36:AL36)+AT36+AV36+AX36 -> 27 | AR36: =SUM(AN36:AQ36) -> 0 | BA36: =+AR36+AS36+AU36+AW36+AY36+AZ36 -> 0 | BC36: 12
B37: Napkin | C37: =(M37*E37*O37*Q37)/100000000 -> 7.0186526 | D37: RC BR | E37: 17 | F37: 1 | G37: 830 | H37: 0.14 | I37: 0.88 | J37: =E37*G37*(1-H37)*1440/1000000*3.4 -> 59.411002 | K37: =(IF(G37<L37,L37,G37)*(1-IF(H37<N37,H37,N37))*E37*O37*Q37)/100000000 -> 7.0186526 | L37: 830 | M37: =+L37-L37*0.14 -> 713.8 | N37: =1-(M37/L37) -> 0.14 | O37: =+'Trim Rwd'!H27 -> 321.33333 | P37: =O37*(Q37-R37-S37) -> 54626.667 | Q37: 180 | R37: 0 | S37: 10 | T37: =E37*M37*O37*Q37/100000000 -> 7.0186526 | U37: =E37*M37*O37*(Q37-R37-S37)/100000000 -> 6.6287275 | V37: =E37*G37*(1-N37)*O37/100*(R37+S37)/1000000 -> 0.38992515 | W37: =+'7'!K15/1000 -> 11.319 | Z37: =+('7'!D17+'7'!D26)/1000 -> 1.823 | AC37: =K37-T37 -> 0 | AD37: =+AM37+BA37 -> 28 | AE37: - Cleaning | AH37: 28 | AM37: =SUM(AF37:AL37)+AT37+AV37+AX37 -> 28 | AR37: =SUM(AN37:AQ37) -> 0 | BA37: =+AR37+AS37+AU37+AW37+AY37+AZ37 -> 0
B38: Napkin | E38: 15.5 | W38: =+'7'!K12/1000 -> 1.822 | AD38: =+AM38+BA38 -> 5 | AE38: - Change Grade | AI38: 5 | AM38: =SUM(AF38:AL38)+AT38+AV38+AX38 -> 5 | AR38: =SUM(AN38:AQ38) -> 0 | BA38: =+AR38+AS38+AU38+AW38+AY38+AZ38 -> 0
A40: 45908 | B40: Napkin | C40: =(M40*E40*O40*Q40)/100000000 -> 51.700677 | D40: RC BR | E40: 17 | F40: 1 | G40: 830 | H40: 0.14 | I40: 0.88 | J40: =E40*G40*(1-H40)*1440/1000000*3.4 -> 59.411002 | K40: =(IF(G40<L40,L40,G40)*(1-IF(H40<N40,H40,N40))*E40*O40*Q40)/100000000 -> 51.700677 | L40: 830 | M40: =+L40-L40*0.14 -> 713.8 | N40: =1-(M40/L40) -> 0.14 | O40: =+'Trim Rwd'!H30 -> 324 | P40: =O40*(Q40-R40-S40) -> 413100 | Q40: 1315 | R40: 0 | S40: 40 | T40: =E40*M40*O40*Q40/100000000 -> 51.700677 | U40: =E40*M40*O40*(Q40-R40-S40)/100000000 -> 50.128033 | V40: =E40*G40*(1-N40)*O40/100*(R40+S40)/1000000 -> 1.5726442 | W40: =+'8'!K15/1000 -> 50.766 | X40: =SUM(W40:W43)/SUM(K40:K43) -> 0.94951569 | Y40: 0 | Z40: =+'8'!D34/1000 -> 0.847 | AA40: =SUM(U40:U43)-SUM(W40:W43)-SUM(Z40:Z43)-SUM(Y40:Y43) -> 0.02830832 | AB40: =(SUM(K40:K43)-SUM(W40:W43)-SUM(Y40:Y43)-SUM(Z40:Z43)-SUM(AC40:AC43)-SUM(V40:V43))-AA40 -> 1.7763568e-15 | AC40: =K40-T40 -> 0 | AD40: =+AM40+BA40 -> 3 | AE40: - Sheet Breaks (3x) | AF40: 3 | AM40: =SUM(AF40:AL40)+AT40+AV40+AX40 -> 3 | AR40: =SUM(AN40:AQ40) -> 0 | BA40: =+AR40+AS40+AU40+AW40+AY40+AZ40 -> 0 | BB40: 3
B41: Napkin | C41: =(M41*E41*O41*Q41)/100000000 -> 5.492691 | D41: RC BR | E41: 19 | F41: 1 | G41: 830 | H41: 0.14 | I41: 0.88 | J41: =E41*G41*(1-H41)*1440/1000000*3.4 -> 66.400531 | K41: =(IF(G41<L41,L41,G41)*(1-IF(H41<N41,H41,N41))*E41*O41*Q41)/100000000 -> 5.492691 | L41: 830 | M41: =+L41-L41*0.14 -> 713.8 | N41: =1-(M41/L41) -> 0.14 | O41: =+'Trim Rwd'!H32 -> 324 | P41: =O41*(Q41-R41-S41) -> 37260 | Q41: 125 | R41: 0 | S41: 10 | T41: =E41*M41*O41*Q41/100000000 -> 5.492691 | U41: =E41*M41*O41*(Q41-R41-S41)/100000000 -> 5.0532757 | V41: =E41*G41*(1-N41)*O41/100*(R41+S41)/1000000 -> 0.43941528 | W41: =+'8'!K16/1000 -> 3.104 | AC41: =K41-T41 -> 0 | AD41: =+AM41+BA41 -> 24 | AE41: - Change Blade (12x) | AG41: 24 | AM41: =SUM(AF41:AL41)+AT41+AV41+AX41 -> 24 | AR41: =SUM(AN41:AQ41) -> 0 | BA41: =+AR41+AS41+AU41+AW41+AY41+AZ41 -> 0 | BC41: 12
B42: Napkin | E42: 16.5 | W42: =+'8'!K14/1000 -> 0.436 | AD42: =+AM42+BA42 -> 21 | AE42: - Cleaning | AH42: 21 | AM42: =SUM(AF42:AL42)+AT42+AV42+AX42 -> 21 | AR42: =SUM(AN42:AQ42) -> 0 | BA42: =+AR42+AS42+AU42+AW42+AY42+AZ42 -> 0
AD43: =+AM43+BA43 -> 2 | AE43: - Change Grade | AI43: 2 | AM43: =SUM(AF43:AL43)+AT43+AV43+AX43 -> 2 | AR43: =SUM(AN43:AQ43) -> 0 | BA43: =+AR43+AS43+AU43+AW43+AY43+AZ43 -> 0
A45: 45909 | B45: Napkin | C45: =(M45*E45*O45*Q45)/100000000 -> 63.388471 | D45: RC BR | E45: 19 | F45: 1 | G45: 830 | H45: 0.14 | I45: 0.88 | J45: =E45*G45*(1-H45)*1440/1000000*3.4 -> 66.400531 | K45: =(IF(G45<L45,L45,G45)*(1-IF(H45<N45,H45,N45))*E45*O45*Q45)/100000000 -> 63.388471 | L45: 830 | M45: =+L45-L45*0.14 -> 713.8 | N45: =1-(M45/L45) -> 0.14 | O45: =+'Trim Rwd'!H34 -> 324.57692 | P45: =O45*(Q45-R45-S45) -> 425844.92 | Q45: 1440 | R45: 82 | S45: 46 | T45: =E45*M45*O45*Q45/100000000 -> 63.388471 | U45: =E45*M45*O45*(Q45-R45-S45)/100000000 -> 57.75394 | V45: =E45*G45*(1-N45)*O45/100*(R45+S45)/1000000 -> 5.6345307 | W45: =+'9'!K34/1000 -> 56.868 | X45: =SUM(W45:W48)/SUM(K45:K48) -> 0.89713475 | Y45: 0 | Z45: =+'9'!D34/1000 -> 0.31 | AA45: =SUM(U45:U48)-SUM(W45:W48)-SUM(Z45:Z48)-SUM(Y45:Y48) -> 0.57594016 | AB45: =(SUM(K45:K48)-SUM(W45:W48)-SUM(Y45:Y48)-SUM(Z45:Z48)-SUM(AC45:AC48)-SUM(V45:V48))-AA45 -> 0 | AC45: =K45-T45 -> 0 | AD45: =+AM45+BA45 -> 4 | AE45: - Sheet Breaks (2x) | AF45: 4 | AM45: =SUM(AF45:AL45)+AT45+AV45+AX45 -> 4 | AR45: =SUM(AN45:AQ45) -> 0 | BA45: =+AR45+AS45+AU45+AW45+AY45+AZ45 -> 0 | BB45: 2
AD46: =+AM46+BA46 -> 21 | AE46: - Change Blade (8x) | AG46: 21 | AM46: =SUM(AF46:AL46)+AT46+AV46+AX46 -> 21 | AR46: =SUM(AN46:AQ46) -> 0 | BA46: =+AR46+AS46+AU46+AW46+AY46+AZ46 -> 0 | BC46: 8
AD47: =+AM47+BA47 -> 21 | AE47: - Cleaning | AH47: 21 | AM47: =SUM(AF47:AL47)+AT47+AV47+AX47 -> 21 | AR47: =SUM(AN47:AQ47) -> 0 | BA47: =+AR47+AS47+AU47+AW47+AY47+AZ47 -> 0
AD48: =+AM48+BA48 -> 82 | AE48: - 21.55 PM stop, palm angin guide roll felt putus, felt lari ke OS | AM48: =SUM(AF48:AL48)+AT48+AV48+AX48 -> 0 | AO48: 82 | AR48: =SUM(AN48:AQ48) -> 82 | BA48: =+AR48+AS48+AU48+AW48+AY48+AZ48 -> 82
A50: 45910 | B50: Napkin | C50: =(M50*E50*O50*Q50)/100000000 -> 22.548514 | D50: RC BR | E50: 19 | F50: 1 | G50: 830 | H50: 0.14 | I50: 0.88 | J50: =E50*G50*(1-H50)*1440/1000000*3.4 -> 66.400531 | K50: =(IF(G50<L50,L50,G50)*(1-IF(H50<N50,H50,N50))*E50*O50*Q50)/100000000 -> 22.548514 | L50: 830 | M50: =+L50-L50*0.14 -> 713.8 | N50: =1-(M50/L50) -> 0.14 | O50: =+'Trim Rwd'!H37 -> 326 | P50: =O50*(Q50-R50-S50) -> 160718 | Q50: =480+30 -> 510 | R50: 0 | S50: 17 | T50: =E50*M50*O50*Q50/100000000 -> 22.548514 | U50: =E50*M50*O50*(Q50-R50-S50)/100000000 -> 21.796897 | V50: =E50*G50*(1-N50)*O50/100*(R50+S50)/1000000 -> 0.75161712 | W50: =+'10'!K16/1000 -> 22.488 | X50: =SUM(W50:W53)/SUM(K50:K53) -> 0.89034205 | Y50: 0 | Z50: =+'10'!D34/1000 -> 2.143 | AA50: =SUM(U50:U53)-SUM(W50:W53)-SUM(Z50:Z53)-SUM(Y50:Y53) -> 1.773605 | AB50: =(SUM(K50:K53)-SUM(W50:W53)-SUM(Y50:Y53)-SUM(Z50:Z53)-SUM(AC50:AC53)-SUM(V50:V53))-AA50 -> -0.034928782 | AC50: =K50-T50 -> 0 | AD50: =+AM50+BA50 -> 0 | AE50: - Sheet Breaks (0x) | AF50: 0 | AM50: =SUM(AF50:AL50)+AT50+AV50+AX50 -> 0 | AR50: =SUM(AN50:AQ50) -> 0 | BA50: =+AR50+AS50+AU50+AW50+AY50+AZ50 -> 0 | BB50: 0
B51: Napkin | C51: =(M51*E51*O51*Q51)/100000000 -> 41.31112 | D51: RC BR | E51: 20 | F51: 1 | G51: 830 | H51: 0.14 | I51: 0.88 | J51: =E51*G51*(1-H51)*1440/1000000*3.4 -> 69.895296 | K51: =(IF(G51<L51,L51,G51)*(1-IF(H51<N51,H51,N51))*E51*O51*Q51)/100000000 -> 42.935308 | L51: 798.60215 | M51: 686.79785 | N51: =1-(M51/L51) -> 0.14 | O51: =+'Trim Rwd'!H38 -> 323.38889 | P51: =O51*(Q51-R51-S51) -> 294283.89 | Q51: 930 | R51: 0 | S51: 20 | T51: =E51*M51*O51*Q51/100000000 -> 41.31112 | U51: =E51*M51*O51*(Q51-R51-S51)/100000000 -> 40.422708 | V51: =E51*G51*(1-N51)*O51/100*(R51+S51)/1000000 -> 0.92333996 | W51: =+'10'!K17/1000 -> 35.815 | AC51: =K51-T51 -> 1.6241884 | AD51: =+AM51+BA51 -> 23 | AE51: - Change Blade (6x) | AG51: 23 | AM51: =SUM(AF51:AL51)+AT51+AV51+AX51 -> 23 | AR51: =SUM(AN51:AQ51) -> 0 | BA51: =+AR51+AS51+AU51+AW51+AY51+AZ51 -> 0 | BC51: 6
AD52: =+AM52+BA52 -> 14 | AE52: - Cleaning | AH52: 14 | AM52: =SUM(AF52:AL52)+AT52+AV52+AX52 -> 14 | AR52: =SUM(AN52:AQ52) -> 0 | BA52: =+AR52+AS52+AU52+AW52+AY52+AZ52 -> 0
