Workbook

Sheet Report1
A3: PAPER MACHINE 15 DAILY REPORT 1
A6: DATE | B6: GRADE | C6: GSM | D6: Speed yankee (mpm) | E6: Speed reel (mpm) | F6: Creep ( % ) | G6: Real Eff PM ( % ) | H6: Real Eff PM vs Target (%) | I6: Real Eff FG vs Real Eff PM (%) | J6: Eff FG vs Target (%) | L6: Kapasitas Target (ton) | N6: Kapasitas Teori Real (ton) | P6: PM PROD Timbangan (TON) | R6: FINSHED GOODS (TON) | T6: NET GROSS (Timbangan) (%) | V6: NET GROSS ( Scanner) (%) | X6: FRESH WATER | AB6: GAS HOOD | AH6: STEAM (TON) | AN6: STEAM (TON) DEINKING | AT6: POWER (kWh) | AZ6: POWER (kWh) DEINKING | BF6: POWER WPL (kWh) | BL6: Kapasitas Running (ton) | BN6: Eff FG vs Target Running(%)
X7: CONSUMPTION | Z7: /TON FG. | AB7: CONSUMPTION | AD7: /TON PM. | AF7: /TON FG. | AH7: CONSUMPTION | AJ7: /TON PM. | AL7: /TON FG. | AN7: CONSUMPTION | AP7: /TON PM. | AR7: /TON FG. | AT7: CONSUMPTION | AV7: /TON PM | AX7: /TON FG | AZ7: CONSUMPTION | BB7: /TON PM | BD7: /TON FG | BF7: CONSUMPTION | BH7: /TON PM | BJ7: /TON FG
J8: TODAY | K8: TODATE | L8: TODAY | M8: TODATE | N8: TODAY | O8: TODATE | P8: TODAY | Q8: TODATE | R8: TODAY | S8: TODATE | T8: TODAY | U8: TODATE | V8: TODAY | W8: TODATE | X8: TODAY | Y8: TODATE | Z8: TODAY | AA8: TODATE | AB8: TODAY | AC8: TODATE | AD8: TODAY | AE8: TODATE | AF8: TODAY | AG8: TODATE | AH8: TODAY | AI8: TODATE | AJ8: TODAY | AK8: TODATE | AL8: TODAY | AM8: TODATE | AN8: TODAY | AO8: TODATE | AP8: TODAY | AQ8: TODATE | AR8: TODAY | AS8: TODATE | AT8: TODAY | AU8: TODATE | AV8: TODAY | AW8: TODATE | AX8: TODAY | AY8: TODATE | AZ8: TODAY | BA8: TODATE | BB8: TODAY | BC8: TODATE | BD8: TODAY | BE8: TODATE | BF8: TODAY | BG8: TODATE | BH8: TODAY | BI8: TODATE | BJ8: TODAY | BK8: TODATE | BL8: TODAY | BM8: TODATE | BN8: TODAY | BO8: TODATE
A9: 46023 | B9: Toilet | C9: 13,5 | D9: =+'1'!F42 -> 1226.3498 | E9: =+'1'!G42 -> 963.19392 | F9: =1-(E9/D9) -> 0.21458469 | G9: =+P9/N9 -> 0.86663364 | H9: =+P9/L9 -> 0.81129466 | I9: =+R9/P9 -> 0.99110364 | J9: =+R9/L9 -> 0.80407709 | K9: =+S9/M9 -> 0.80407709 | L9: =+Efficiency1!K6 -> 55.004676 | M9: =L9 -> 55.004676 | N9: =+Efficiency1!C6 -> 51.492347 | O9: =N9 -> 51.492347 | P9: ='1'!I38 -> 44.625 | Q9: =P9 -> 44.625 | R9: ='1'!I40 -> 44.228 | S9: =R9 -> 44.228 | T9: =R9/P9 -> 0.99110364 | U9: =S9/Q9 -> 0.99110364 | V9: =R9/L9 -> 0.80407709 | W9: =S9/M9 -> 0.80407709 | AB9: =+[1]Report1!AY9 -> 4609.7934 | AC9: =AB9 -> 4609.7934 | AD9: =AB9/P9 -> 103.30069 | AE9: =AC9/Q9 -> 103.30069 | AF9: =IF(AND(R9>0,AB9>0),(AB9/(R9*1000))*1000,0) -> 104.22794 | AG9: =IF(AND(S9>0,AC9>0),AC9/S9,0) -> 104.22794 | AH9: 62.5 | AI9: =AH9 -> 62.5 | AJ9: =AH9/(P9) -> 1.4005602 | AK9: =AI9/(Q9) -> 1.4005602 | AL9: =IF(AND(R9>0,AH9>0),AH9/(R9),0) -> 1.413132 | AM9: =IF(AND(S9>0,AI9>0),AI9/(S9),0) -> 1.413132 | AN9: 4.9 | AO9: =AN9 -> 4.9 | AP9: =AN9/(P9) -> 0.10980392 | AQ9: =AO9/(Q9) -> 0.10980392 | AR9: =IF(AND(R9>0,AN9>0),AN9/(R9),0) -> 0.11078955 | AS9: =IF(AND(S9>0,AO9>0),AO9/(S9),0) -> 0.11078955 | AT9: ='1'!I46 -> 38371.28 | AU9: =AT9 -> 38371.28 | AV9: =IF(AND(L9>0,AT9>0),(AT9/(P9*1000)*1000),0) -> 859.86062 | AW9: =IF(AND(M9>0,AU9>0),(AU9/(Q9*1000)*1000),0) -> 859.86062 | AX9: =IF(AND(R9>0,AT9>0),(AT9/(R9*1000)*1000),0) -> 867.57891 | AY9: =IF(AND(S9>0,AU9>0),(AU9/(S9*1000)*1000),0) -> 867.57891 | AZ9: =+Listrik!S8 -> 25320 | BA9: =AZ9 -> 25320 | BB9: =IF(AND(L9>0,AZ9>0),(AZ9/(P9*1000)*1000),0) -> 567.39496 | BC9: =IF(AND(M9>0,BA9>0),(BA9/(Q9*1000)*1000),0) -> 567.39496 | BD9: =IF(AND(R9>0,AZ9>0),(AZ9/(R9*1000)*1000),0) -> 572.48802 | BE9: =IF(AND(S9>0,BA9>0),(BA9/(S9*1000)*1000),0) -> 572.48802 | BF9: =+Listrik!V8 -> 139.8 | BG9: =BF9 -> 139.8 | BH9: =IF(AND(L9>0,BF9>0),(BF9/(P9*1000)*1000),0) -> 3.1327731 | BI9: =IF(AND(M9>0,BG9>0),(BG9/(Q9*1000)*1000),0) -> 3.1327731 | BJ9: =IF(AND(R9>0,BF9>0),(BF9/(R9*1000)*1000),0) -> 3.1608936 | BK9: =IF(AND(S9>0,BG9>0),(BG9/(S9*1000)*1000),0) -> 3.1608936 | BL9: =+Efficiency2!K6 -> 55.004676 | BM9: =BL9 -> 55.004676 | BN9: =+R9/BL9 -> 0.80407709 | BO9: =+S9/BM9 -> 0.80407709
A10: =A9+1 -> 46024 | B10: Toilet | C10: 13,5 | D10: =+'2'!F42 -> 1250 | E10: =+'2'!G42 -> 975 | F10: =1-(E10/D10) -> 0.22 | G10: =+P10/N10 -> 0.95373488 | H10: =+P10/L10 -> 0.90315803 | I10: =+R10/P10 -> 0.93325555 | J10: =+R10/L10 -> 0.84287725 | K10: =+S10/M10 -> 0.82348382 | L10: =+Efficiency1!K12 -> 55.042416 | M10: =M9+L10 -> 110.04709 | N10: =+Efficiency1!C12 -> 52.1235 | O10: =O9+N10 -> 103.61585 | P10: ='2'!I38 -> 49.712 | Q10: =Q9+P10 -> 94.337 | R10: ='2'!I40 -> 46.394 | S10: =S9+R10 -> 90.622 | T10: =R10/P10 -> 0.93325555 | U10: =S10/Q10 -> 0.96061991 | V10: =R10/L10 -> 0.84287725 | W10: =S10/M10 -> 0.82348382 | AB10: =+[1]Report1!AY10 -> 5215.6722 | AC10: =AB10+AC9 -> 9825.4656 | AD10: =AB10/P10 -> 104.91777 | AE10: =AC10/Q10 -> 104.15283 | AF10: =IF(AND(R10>0,AB10>0),(AB10/(R10*1000))*1000,0) -> 112.42127 | AG10: =IF(AND(S10>0,AC10>0),AC10/S10,0) -> 108.42252 | AH10: 65.4 | AI10: =AH10+AI9 -> 127.9 | AJ10: =AH10/(P10) -> 1.3155777 | AK10: =AI10/(Q10) -> 1.3557777 | AL10: =IF(AND(R10>0,AH10>0),AH10/(R10),0) -> 1.409665 | AM10: =IF(AND(S10>0,AI10>0),AI10/(S10),0) -> 1.4113571 | AN10: 4.1 | AO10: =AN10+AO9 -> 9 | AP10: =AN10/(P10) -> 0.082475056 | AQ10: =AO10/(Q10) -> 0.095402652 | AR10: =IF(AND(R10>0,AN10>0),AN10/(R10),0) -> 0.088373497 | AS10: =IF(AND(S10>0,AO10>0),AO10/(S10),0) -> 0.099313632 | AT10: ='2'!I46 -> 43610.8 | AU10: =AT10+AU9 -> 81982.08 | AV10: =IF(AND(L10>0,AT10>0),(AT10/(P10*1000)*1000),0) -> 877.26907 | AW10: =IF(AND(M10>0,AU10>0),(AU10/(Q10*1000)*1000),0) -> 869.03421 | AX10: =IF(AND(R10>0,AT10>0),(AT10/(R10*1000)*1000),0) -> 940.00948 | AY10: =IF(AND(S10>0,AU10>0),(AU10/(S10*1000)*1000),0) -> 904.6598 | AZ10: =+Listrik!S9 -> 26780 | BA10: =AZ10+BA9 -> 52100 | BB10: =IF(AND(L10>0,AZ10>0),(AZ10/(P10*1000)*1000),0) -> 538.70293 | BC10: =IF(AND(M10>0,BA10>0),(BA10/(Q10*1000)*1000),0) -> 552.27535 | BD10: =IF(AND(R10>0,AZ10>0),(AZ10/(R10*1000)*1000),0) -> 577.22981 | BE10: =IF(AND(S10>0,BA10>0),(BA10/(S10*1000)*1000),0) -> 574.91558 | BF10: =+Listrik!V9 -> 1120.1 | BG10: =BF10+BG9 -> 1259.9 | BH10: =IF(AND(L10>0,BF10>0),(BF10/(P10*1000)*1000),0) -> 22.531783 | BI10: =IF(AND(M10>0,BG10>0),(BG10/(Q10*1000)*1000),0) -> 13.355311 | BJ10: =IF(AND(R10>0,BF10>0),(BF10/(R10*1000)*1000),0) -> 24.143208 | BK10: =IF(AND(S10>0,BG10>0),(BG10/(S10*1000)*1000),0) -> 13.902805 | BL10: =+Efficiency2!K12 -> 55.042416 | BM10: =BM9+BL10 -> 110.04709 | BN10: =+R10/BL10 -> 0.84287725 | BO10: =+S10/BM10 -> 0.82348382
A11: =A10+1 -> 46025 | B11: Toilet | C11: 13,5 | D11: =+'3'!F42 -> 1260 | E11: =+'3'!G42 -> 982.8 | F11: =1-(E11/D11) -> 0.22 | G11: =+P11/N11 -> 0.81649413 | H11: =+P11/L11 -> 0.77938076 | I11: =+R11/P11 -> 1.0028206 | J11: =+R11/L11 -> 0.78157906 | K11: =+S11/M11 -> 0.80951238 | L11: =+Efficiency1!K17 -> 55.042416 | M11: =M10+L11 -> 165.08951 | N11: =+Efficiency1!C17 -> 52.540488 | O11: =O10+N11 -> 156.15633 | P11: ='3'!I38 -> 42.899 | Q11: =Q10+P11 -> 137.236 | R11: ='3'!I40 -> 43.02 | S11: =S10+R11 -> 133.642 | T11: =R11/P11 -> 1.0028206 | U11: =S11/Q11 -> 0.97381154 | V11: =R11/L11 -> 0.78157906 | W11: =S11/M11 -> 0.80951238 | AB11: =+[1]Report1!AY11 -> 4809.878 | AC11: =AB11+AC10 -> 14635.344 | AD11: =AB11/P11 -> 112.12098 | AE11: =AC11/Q11 -> 106.64362 | AF11: =IF(AND(R11>0,AB11>0),(AB11/(R11*1000))*1000,0) -> 111.80563 | AG11: =IF(AND(S11>0,AC11>0),AC11/S11,0) -> 109.51156 | AH11: 62.2 | AI11: =AH11+AI10 -> 190.1 | AJ11: =AH11/(P11) -> 1.4499172 | AK11: =AI11/(Q11) -> 1.385205 | AL11: =IF(AND(R11>0,AH11>0),AH11/(R11),0) -> 1.4458391 | AM11: =IF(AND(S11>0,AI11>0),AI11/(S11),0) -> 1.422457 | AN11: 0 | AO11: =AN11+AO10 -> 9 | AP11: =AN11/(P11) -> 0 | AQ11: =AO11/(Q11) -> 0.06558046 | AR11: =IF(AND(R11>0,AN11>0),AN11/(R11),0) -> 0 | AS11: =IF(AND(S11>0,AO11>0),AO11/(S11),0) -> 0.067344098 | AT11: ='3'!I46 -> 39396.56 | AU11: =AT11+AU10 -> 121378.64 | AV11: =IF(AND(L11>0,AT11>0),(AT11/(P11*1000)*1000),0) -> 918.35614 | AW11: =IF(AND(M11>0,AU11>0),(AU11/(Q11*1000)*1000),0) -> 884.45189 | AX11: =IF(AND(R11>0,AT11>0),(AT11/(R11*1000)*1000),0) -> 915.77313 | AY11: =IF(AND(S11>0,AU11>0),(AU11/(S11*1000)*1000),0) -> 908.23723 | AZ11: =+Listrik!S10 -> 25570 | BA11: =AZ11+BA10 -> 77670 | BB11: =IF(AND(L11>0,AZ11>0),(AZ11/(P11*1000)*1000),0) -> 596.05119 | BC11: =IF(AND(M11>0,BA11>0),(BA11/(Q11*1000)*1000),0) -> 565.95937 | BD11: =IF(AND(R11>0,AZ11>0),(AZ11/(R11*1000)*1000),0) -> 594.37471 | BE11: =IF(AND(S11>0,BA11>0),(BA11/(S11*1000)*1000),0) -> 581.17957 | BF11: =+Listrik!V10 -> 1200.1 | BG11: =BF11+BG10 -> 2460 | BH11: =IF(AND(L11>0,BF11>0),(BF11/(P11*1000)*1000),0) -> 27.975011 | BI11: =IF(AND(M11>0,BG11>0),(BG11/(Q11*1000)*1000),0) -> 17.925326 | BJ11: =IF(AND(R11>0,BF11>0),(BF11/(R11*1000)*1000),0) -> 27.896327 | BK11: =IF(AND(S11>0,BG11>0),(BG11/(S11*1000)*1000),0) -> 18.407387 | BL11: =+Efficiency2!K17 -> 55.042416 | BM11: =BM10+BL11 -> 165.08951 | BN11: =+R11/BL11 -> 0.78157906 | BO11: =+S11/BM11 -> 0.80951238
A12: =A11+1 -> 46026 | B12: Toilet | C12: 13,5/14,5 | D12: =+'4'!F42 -> 1225.1153 | E12: =+'4'!G42 -> 964.61585 | F12: =1-(E12/D12) -> 0.21263258 | G12: =+P12/N12 -> 0.90082657 | H12: =+P12/L12 -> 0.85521164 | I12: =+R12/P12 -> 1.0254029 | J12: =+R12/L12 -> 0.87693647 | K12: =+S12/M12 -> 0.82627821 | L12: =+SUM(Efficiency1!K23:K24) -> 54.637938 | M12: =M11+L12 -> 219.72745 | N12: =+SUM(Efficiency1!C23:C24) -> 51.87125 | O12: =O11+N12 -> 208.02758 | P12: ='4'!I38 -> 46.727 | Q12: =Q11+P12 -> 183.963 | R12: ='4'!I40 -> 47.914 | S12: =S11+R12 -> 181.556 | T12: =R12/P12 -> 1.0254029 | U12: =S12/Q12 -> 0.98691585 | V12: =R12/L12 -> 0.87693647 | W12: =S12/M12 -> 0.82627821 | AB12: =+[1]Report1!AY12 -> 4954.3705 | AC12: =AB12+AC11 -> 19589.714 | AD12: =AB12/P12 -> 106.028 | AE12: =AC12/Q12 -> 106.48725 | AF12: =IF(AND(R12>0,AB12>0),(AB12/(R12*1000))*1000,0) -> 103.40131 | AG12: =IF(AND(S12>0,AC12>0),AC12/S12,0) -> 107.89902 | AH12: 66.5 | AI12: =AH12+AI11 -> 256.6 | AJ12: =AH12/(P12) -> 1.4231601 | AK12: =AI12/(Q12) -> 1.3948457 | AL12: =IF(AND(R12>0,AH12>0),AH12/(R12),0) -> 1.3879033 | AM12: =IF(AND(S12>0,AI12>0),AI12/(S12),0) -> 1.413338 | AN12: 0 | AO12: =AN12+AO11 -> 9 | AP12: =AN12/(P12) -> 0 | AQ12: =AO12/(Q12) -> 0.048922881 | AR12: =IF(AND(R12>0,AN12>0),AN12/(R12),0) -> 0 | AS12: =IF(AND(S12>0,AO12>0),AO12/(S12),0) -> 0.049571482 | AT12: ='4'!I46 -> 42217 | AU12: =AT12+AU11 -> 163595.64 | AV12: =IF(AND(L12>0,AT12>0),(AT12/(P12*1000)*1000),0) -> 903.48193 | AW12: =IF(AND(M12>0,AU12>0),(AU12/(Q12*1000)*1000),0) -> 889.28556 | AX12: =IF(AND(R12>0,AT12>0),(AT12/(R12*1000)*1000),0) -> 881.09947 | AY12: =IF(AND(S12>0,AU12>0),(AU12/(S12*1000)*1000),0) -> 901.07537 | AZ12: =+Listrik!S11 -> 25340 | BA12: =AZ12+BA11 -> 103010 | BB12: =IF(AND(L12>0,AZ12>0),(AZ12/(P12*1000)*1000),0) -> 542.29889 | BC12: =IF(AND(M12>0,BA12>0),(BA12/(Q12*1000)*1000),0) -> 559.94956 | BD12: =IF(AND(R12>0,AZ12>0),(AZ12/(R12*1000)*1000),0) -> 528.86422 | BE12: =IF(AND(S12>0,BA12>0),(BA12/(S12*1000)*1000),0) -> 567.37315 | BF12: =+Listrik!V11 -> 1259.8 | BG12: =BF12+BG11 -> 3719.8 | BH12: =IF(AND(L12>0,BF12>0),(BF12/(P12*1000)*1000),0) -> 26.960858 | BI12: =IF(AND(M12>0,BG12>0),(BG12/(Q12*1000)*1000),0) -> 20.22037 | BJ12: =IF(AND(R12>0,BF12>0),(BF12/(R12*1000)*1000),0) -> 26.292942 | BK12: =IF(AND(S12>0,BG12>0),(BG12/(S12*1000)*1000),0) -> 20.488444 | BL12: =+SUM(Efficiency2!K23:K24) -> 54.637938 | BM12: =BM11+BL12 -> 219.72745 | BN12: =+R12/BL12 -> 0.87693647 | BO12: =+S12/BM12 -> 0.82627821
A13: =A12+1 -> 46027 | B13: Toilet | C13: 14,5 | D13: =+'5'!F42 -> 1136.6667 | E13: =+'5'!G42 -> 932.06667 | F13: =1-(E13/D13) -> 0.18 | G13: =+P13/N13 -> 0.99313921 | H13: =+P13/L13 -> 0.96484464 | I13: =+R13/P13 -> 0.95039784 | J13: =+R13/L13 -> 0.91698626 | K13: =+S13/M13 -> 0.84387502 | L13: =+Efficiency1!K29 -> 52.885198 | M13: =M12+L13 -> 272.61264 | N13: =+Efficiency1!C29 -> 51.378497 | O13: =O12+N13 -> 259.40608 | P13: ='5'!I38 -> 51.026 | Q13: =Q12+P13 -> 234.989 | R13: ='5'!I40 -> 48.495 | S13: =S12+R13 -> 230.051 | T13: =R13/P13 -> 0.95039784 | U13: =S13/Q13 -> 0.97898625 | V13: =R13/L13 -> 0.91698626 | W13: =S13/M13 -> 0.84387502 | AB13: =+[1]Report1!AY13 -> 5248.7084 | AC13: =AB13+AC12 -> 24838.423 | AD13: =AB13/P13 -> 102.86341 | AE13: =AC13/Q13 -> 105.70036 | AF13: =IF(AND(R13>0,AB13>0),(AB13/(R13*1000))*1000,0) -> 108.23195 | AG13: =IF(AND(S13>0,AC13>0),AC13/S13,0) -> 107.9692 | AH13: 68.2 | AI13: =AH13+AI12 -> 324.8 | AJ13: =AH13/(P13) -> 1.3365735 | AK13: =AI13/(Q13) -> 1.3821924 | AL13: =IF(AND(R13>0,AH13>0),AH13/(R13),0) -> 1.4063305 | AM13: =IF(AND(S13>0,AI13>0),AI13/(S13),0) -> 1.4118608 | AN13: 0 | AO13: =AN13+AO12 -> 9 | AP13: =AN13/(P13) -> 0 | AQ13: =AO13/(Q13) -> 0.038299665 | AR13: =IF(AND(R13>0,AN13>0),AN13/(R13),0) -> 0 | AS13: =IF(AND(S13>0,AO13>0),AO13/(S13),0) -> 0.03912176 | AT13: ='5'!I46 -> 41777.78 | AU13: =AT13+AU12 -> 205373.42 | AV13: =IF(AND(L13>0,AT13>0),(AT13/(P13*1000)*1000),0) -> 818.75475 | AW13: =IF(AND(M13>0,AU13>0),(AU13/(Q13*1000)*1000),0) -> 873.97036 | AX13: =IF(AND(R13>0,AT13>0),(AT13/(R13*1000)*1000),0) -> 861.48634 | AY13: =IF(AND(S13>0,AU13>0),(AU13/(S13*1000)*1000),0) -> 892.72996 | AZ13: =+Listrik!S12 -> 28130 | BA13: =AZ13+BA12 -> 131140 | BB13: =IF(AND(L13>0,AZ13>0),(AZ13/(P13*1000)*1000),0) -> 551.28758 | BC13: =IF(AND(M13>0,BA13>0),(BA13/(Q13*1000)*1000),0) -> 558.06868 | BD13: =IF(AND(R13>0,AZ13>0),(AZ13/(R13*1000)*1000),0) -> 580.0598 | BE13: =IF(AND(S13>0,BA13>0),(BA13/(S13*1000)*1000),0) -> 570.04751 | BF13: =+Listrik!V12 -> 1210.1 | BG13: =BF13+BG12 -> 4929.9 | BH13: =IF(AND(L13>0,BF13>0),(BF13/(P13*1000)*1000),0) -> 23.715361 | BI13: =IF(AND(M13>0,BG13>0),(BG13/(Q13*1000)*1000),0) -> 20.97928 | BJ13: =IF(AND(R13>0,BF13>0),(BF13/(R13*1000)*1000),0) -> 24.953088 | BK13: =IF(AND(S13>0,BG13>0),(BG13/(S13*1000)*1000),0) -> 21.429596 | BL13: =+Efficiency2!K29 -> 52.885198 | BM13: =BM12+BL13 -> 272.61264 | BN13: =+R13/BL13 -> 0.91698626 | BO13: =+S13/BM13 -> 0.84387502
A14: =A13+1 -> 46028 | B14: Toilet/Towel | C14: 14,5/29/17 | D14: =+'6'!F42 -> 782.19081 | E14: =+'6'!G42 -> 644.07314 | F14: =1-(E14/D14) -> 0.17657797 | G14: =+P14/N14 -> 0.33172946 | H14: =+P14/L14 -> 0.28524303 | I14: =+R14/P14 -> 0.94892253 | J14: =+R14/L14 -> 0.27067354 | K14: =+S14/M14 -> 0.75293166 | L14: =+SUM(Efficiency1!K35:K37) -> 51.408793 | M14: =M13+L14 -> 324.02144 | N14: =+SUM(Efficiency1!C35:C37) -> 44.204696 | O14: =O13+N14 -> 303.61078 | P14: ='6'!I38 -> 14.664 | Q14: =Q13+P14 -> 249.653 | R14: ='6'!I40 -> 13.915 | S14: =S13+R14 -> 243.966 | T14: =R14/P14 -> 0.94892253 | U14: =S14/Q14 -> 0.97722038 | V14: =R14/L14 -> 0.27067354 | W14: =S14/M14 -> 0.75293166 | AB14: =+[1]Report1!AY14 -> 2262.5317 | AC14: =AB14+AC13 -> 27100.954 | AD14: =AB14/P14 -> 154.29158 | AE14: =AC14/Q14 -> 108.55449 | AF14: =IF(AND(R14>0,AB14>0),(AB14/(R14*1000))*1000,0) -> 162.5966 | AG14: =IF(AND(S14>0,AC14>0),AC14/S14,0) -> 111.08496 | AH14: 31 | AI14: =AH14+AI13 -> 355.8 | AJ14: =AH14/(P14) -> 2.1140207 | AK14: =AI14/(Q14) -> 1.4251781 | AL14: =IF(AND(R14>0,AH14>0),AH14/(R14),0) -> 2.2278117 | AM14: =IF(AND(S14>0,AI14>0),AI14/(S14),0) -> 1.4583999 | AN14: 0 | AO14: =AN14+AO13 -> 9 | AP14: =AN14/(P14) -> 0 | AQ14: =AO14/(Q14) -> 0.036050037 | AR14: =IF(AND(R14>0,AN14>0),AN14/(R14),0) -> 0 | AS14: =IF(AND(S14>0,AO14>0),AO14/(S14),0) -> 0.036890386 | AT14: ='6'!I46 -> 22668.38 | AU14: =AT14+AU13 -> 228041.8 | AV14: =IF(AND(L14>0,AT14>0),(AT14/(P14*1000)*1000),0) -> 1545.8524 | AW14: =IF(AND(M14>0,AU14>0),(AU14/(Q14*1000)*1000),0) -> 913.43505 | AX14: =IF(AND(R14>0,AT14>0),(AT14/(R14*1000)*1000),0) -> 1629.0607 | AY14: =IF(AND(S14>0,AU14>0),(AU14/(S14*1000)*1000),0) -> 934.72779 | AZ14: =+Listrik!S13 -> 16920 | BA14: =AZ14+BA13 -> 148060 | BB14: =IF(AND(L14>0,AZ14>0),(AZ14/(P14*1000)*1000),0) -> 1153.8462 | BC14: =IF(AND(M14>0,BA14>0),(BA14/(Q14*1000)*1000),0) -> 593.06317 | BD14: =IF(AND(R14>0,AZ14>0),(AZ14/(R14*1000)*1000),0) -> 1215.954 | BE14: =IF(AND(S14>0,BA14>0),(BA14/(S14*1000)*1000),0) -> 606.88785 | BF14: =+Listrik!V13 -> 1130.1 | BG14: =BF14+BG13 -> 6060 | BH14: =IF(AND(L14>0,BF14>0),(BF14/(P14*1000)*1000),0) -> 77.066285 | BI14: =IF(AND(M14>0,BG14>0),(BG14/(Q14*1000)*1000),0) -> 24.273692 | BJ14: =IF(AND(R14>0,BF14>0),(BF14/(R14*1000)*1000),0) -> 81.214517 | BK14: =IF(AND(S14>0,BG14>0),(BG14/(S14*1000)*1000),0) -> 24.839527 | BL14: =+SUM(Efficiency2!K35:K37) -> 34.261563 | BM14: =BM13+BL14 -> 306.87421 | BN14: =+R14/BL14 -> 0.40614026 | BO14: =+S14/BM14 -> 0.79500328
A15: =A14+1 -> 46029 | B15: Towel | C15: 17/35,5/22/14 | D15: =+'7'!F42 -> 791.73611 | E15: =+'7'!G42 -> 652.42285 | F15: =1-(E15/D15) -> 0.17595921 | G15: =+P15/N15 -> 0.99741491 | H15: =+P15/L15 -> 0.88858553 | I15: =+R15/P15 -> 0.83896642 | J15: =+R15/L15 -> 0.74549342 | K15: =+S15/M15 -> 0.75190968 | L15: =+SUM(Efficiency1!K42:K45) -> 51.610113 | M15: =M14+L15 -> 375.63155 | N15: =+SUM(Efficiency1!C42:C45) -> 45.97886 | O15: =O14+N15 -> 349.58964 | P15: ='7'!I38 -> 45.86 | Q15: =Q14+P15 -> 295.513 | R15: ='7'!I40 -> 38.475 | S15: =S14+R15 -> 282.441 | T15: =R15/P15 -> 0.83896642 | U15: =S15/Q15 -> 0.95576506 | V15: =R15/L15 -> 0.74549342 | W15: =S15/M15 -> 0.75190968 | AB15: =+[1]Report1!AY15 -> 4833.6882 | AC15: =AB15+AC14 -> 31934.643 | AD15: =AB15/P15 -> 105.40096 | AE15: =AC15/Q15 -> 108.0651 | AF15: =IF(AND(R15>0,AB15>0),(AB15/(R15*1000))*1000,0) -> 125.63192 | AG15: =IF(AND(S15>0,AC15>0),AC15/S15,0) -> 113.0666 | AH15: 59.5 | AI15: =AH15+AI14 -> 415.3 | AJ15: =AH15/(P15) -> 1.297427 | AK15: =AI15/(Q15) -> 1.4053527 | AL15: =IF(AND(R15>0,AH15>0),AH15/(R15),0) -> 1.5464587 | AM15: =IF(AND(S15>0,AI15>0),AI15/(S15),0) -> 1.4703956 | AN15: 0 | AO15: =AN15+AO14 -> 9 | AP15: =AN15/(P15) -> 0 | AQ15: =AO15/(Q15) -> 0.030455513 | AR15: =IF(AND(R15>0,AN15>0),AN15/(R15),0) -> 0 | AS15: =IF(AND(S15>0,AO15>0),AO15/(S15),0) -> 0.031865062 | AT15: ='7'!I46 -> 37977.44 | AU15: =AT15+AU14 -> 266019.24 | AV15: =IF(AND(L15>0,AT15>0),(AT15/(P15*1000)*1000),0) -> 828.11688 | AW15: =IF(AND(M15>0,AU15>0),(AU15/(Q15*1000)*1000),0) -> 900.19471 | AX15: =IF(AND(R15>0,AT15>0),(AT15/(R15*1000)*1000),0) -> 987.06797 | AY15: =IF(AND(S15>0,AU15>0),(AU15/(S15*1000)*1000),0) -> 941.85773 | AZ15: =+Listrik!S14 -> 24940 | BA15: =AZ15+BA14 -> 173000 | BB15: =IF(AND(L15>0,AZ15>0),(AZ15/(P15*1000)*1000),0) -> 543.82904 | BC15: =IF(AND(M15>0,BA15>0),(BA15/(Q15*1000)*1000),0) -> 585.42264 | BD15: =IF(AND(R15>0,AZ15>0),(AZ15/(R15*1000)*1000),0) -> 648.21313 | BE15: =IF(AND(S15>0,BA15>0),(BA15/(S15*1000)*1000),0) -> 612.5173 | BF15: =+Listrik!V14 -> 1230.1 | BG15: =BF15+BG14 -> 7290.1 | BH15: =IF(AND(L15>0,BF15>0),(BF15/(P15*1000)*1000),0) -> 26.822939 | BI15: =IF(AND(M15>0,BG15>0),(BG15/(Q15*1000)*1000),0) -> 24.669304 | BJ15: =IF(AND(R15>0,BF15>0),(BF15/(R15*1000)*1000),0) -> 31.97141 | BK15: =IF(AND(S15>0,BG15>0),(BG15/(S15*1000)*1000),0) -> 25.811054 | BL15: =+SUM(Efficiency2!K42:K45) -> 51.610113 | BM15: =BM14+BL15 -> 358.48432 | BN15: =+R15/BL15 -> 0.74549342 | BO15: =+S15/BM15 -> 0.78787546
A16: =A15+1 -> 46030 | B16: Towel/Napkin | C16: 14/35,5/29/15,5 | D16: =+'8'!F42 -> 795.625 | E16: =+'8'!G42 -> 683.36236 | F16: =1-(E16/D16) -> 0.14109994 | G16: =+P16/N16 -> 0.96692511 | H16: =+P16/L16 -> 0.92428198 | I16: =+R16/P16 -> 0.8665366 | J16: =+R16/L16 -> 0.80092416 | K16: =+S16/M16 -> 0.75810475 | L16: =+SUM(Efficiency1!K47:K50) -> 54.345969 | M16: =M15+L16 -> 429.97752 | N16: =+SUM(Efficiency1!C47:C50) -> 51.949214 | O16: =O15+N16 -> 401.53885 | P16: ='8'!I38 -> 50.231 | Q16: =Q15+P16 -> 345.744 | R16: ='8'!I40 -> 43.527 | S16: =S15+R16 -> 325.968 | T16: =R16/P16 -> 0.8665366 | U16: =S16/Q16 -> 0.94280161 | V16: =R16/L16 -> 0.80092416 | W16: =S16/M16 -> 0.75810475 | AB16: =+[1]Report1!AY16 -> 5031.5806 | AC16: =AB16+AC15 -> 36966.223 | AD16: =AB16/P16 -> 100.16883 | AE16: =AC16/Q16 -> 106.9179 | AF16: =IF(AND(R16>0,AB16>0),(AB16/(R16*1000))*1000,0) -> 115.59677 | AG16: =IF(AND(S16>0,AC16>0),AC16/S16,0) -> 113.40445 | AH16: 62.8 | AI16: =AH16+AI15 -> 478.1 | AJ16: =AH16/(P16) -> 1.250224 | AK16: =AI16/(Q16) -> 1.382815 | AL16: =IF(AND(R16>0,AH16>0),AH16/(R16),0) -> 1.4427826 | AM16: =IF(AND(S16>0,AI16>0),AI16/(S16),0) -> 1.4667084 | AN16: 0 | AO16: =AN16+AO15 -> 9 | AP16: =AN16/(P16) -> 0 | AQ16: =AO16/(Q16) -> 0.02603082 | AR16: =IF(AND(R16>0,AN16>0),AN16/(R16),0) -> 0 | AS16: =IF(AND(S16>0,AO16>0),AO16/(S16),0) -> 0.027610072 | AT16: ='8'!I46 -> 36439.14 | AU16: =AT16+AU15 -> 302458.38 | AV16: =IF(AND(L16>0,AT16>0),(AT16/(P16*1000)*1000),0) -> 725.43131 | AW16: =IF(AND(M16>0,AU16>0),(AU16/(Q16*1000)*1000),0) -> 874.80442 | AX16: =IF(AND(R16>0,AT16>0),(AT16/(R16*1000)*1000),0) -> 837.16176 | AY16: =IF(AND(S16>0,AU16>0),(AU16/(S16*1000)*1000),0) -> 927.87752 | AZ16: =+Listrik!S15 -> 25470 | BA16: =AZ16+BA15 -> 198470 | BB16: =IF(AND(L16>0,AZ16>0),(AZ16/(P16*1000)*1000),0) -> 507.05739 | BC16: =IF(AND(M16>0,BA16>0),(BA16/(Q16*1000)*1000),0) -> 574.03744 | BD16: =IF(AND(R16>0,AZ16>0),(AZ16/(R16*1000)*1000),0) -> 585.15404 | BE16: =IF(AND(S16>0,BA16>0),(BA16/(S16*1000)*1000),0) -> 608.86345 | BF16: =+Listrik!V15 -> 1210.1 | BG16: =BF16+BG15 -> 8500.2 | BH16: =IF(AND(L16>0,BF16>0),(BF16/(P16*1000)*1000),0) -> 24.090701 | BI16: =IF(AND(M16>0,BG16>0),(BG16/(Q16*1000)*1000),0) -> 24.585242 | BJ16: =IF(AND(R16>0,BF16>0),(BF16/(R16*1000)*1000),0) -> 27.801135 | BK16: =IF(AND(S16>0,BG16>0),(BG16/(S16*1000)*1000),0) -> 26.076793 | BL16: =+SUM(Efficiency2!K47:K50) -> 54.345969 | BM16: =BM15+BL16 -> 412.83029 | BN16: =+R16/BL16 -> 0.80092416 | BO16: =+S16/BM16 -> 0.78959323
A17: =A16+1 -> 46031 | B17: Napkin/Facial/Toilet | C17: 15,5/14/13,5 | D17: =+'9'!F42 -> 955.11806 | E17: =+'9'!G42 -> 814.25812 | F17: =1-(E17/D17) -> 0.14747908 | G17: =+P17/N17 -> 1.0030259 | H17: =+P17/L17 -> 0.86094225 | I17: =+R17/P17 -> 1.0893908 | J17: =+R17/L17 -> 0.93790256 | K17: =+S17/M17 -> 0.77806339 | L17: =+SUM(Efficiency1!K52:K54) -> 53.690012 | M17: =M16+L17 -> 483.66753 | N17: =+SUM(Efficiency1!C52:C54) -> 46.084554 | O17: =O16+N17 -> 447.62341 | P17: ='9'!I38 -> 46.224 | Q17: =Q16+P17 -> 391.968 | R17: ='9'!I40 -> 50.356 | S17: =S16+R17 -> 376.324 | T17: =R17/P17 -> 1.0893908 | U17: =S17/Q17 -> 0.96008858 | V17: =R17/L17 -> 0.93790256 | W17: =S17/M17 -> 0.77806339 | AB17: =+[1]Report1!AY17 -> 3875.86 | AC17: =AB17+AC16 -> 40842.083 | AD17: =AB17/P17 -> 83.849515 | AE17: =AC17/Q17 -> 104.19749 | AF17: =IF(AND(R17>0,AB17>0),(AB17/(R17*1000))*1000,0) -> 76.969179 | AG17: =IF(AND(S17>0,AC17>0),AC17/S17,0) -> 108.52904 | AH17: 68 | AI17: =AH17+AI16 -> 546.1 | AJ17: =AH17/(P17) -> 1.4710973 | AK17: =AI17/(Q17) -> 1.393226 | AL17: =IF(AND(R17>0,AH17>0),AH17/(R17),0) -> 1.3503853 | AM17: =IF(AND(S17>0,AI17>0),AI17/(S17),0) -> 1.4511432 | AN17: 0 | AO17: =AN17+AO16 -> 9 | AP17: =AN17/(P17) -> 0 | AQ17: =AO17/(Q17) -> 0.022961058 | AR17: =IF(AND(R17>0,AN17>0),AN17/(R17),0) -> 0 | AS17: =IF(AND(S17>0,AO17>0),AO17/(S17),0) -> 0.023915562 | AT17: ='9'!I46 -> 39302.36 | AU17: =AT17+AU16 -> 341760.74 | AV17: =IF(AND(L17>0,AT17>0),(AT17/(P17*1000)*1000),0) -> 850.25874 | AW17: =IF(AND(M17>0,AU17>0),(AU17/(Q17*1000)*1000),0) -> 871.9098 | AX17: =IF(AND(R17>0,AT17>0),(AT17/(R17*1000)*1000),0) -> 780.49011 | AY17: =IF(AND(S17>0,AU17>0),(AU17/(S17*1000)*1000),0) -> 908.15558 | AZ17: =+Listrik!S16 -> 24740 | BA17: =AZ17+BA16 -> 223210 | BB17: =IF(AND(L17>0,AZ17>0),(AZ17/(P17*1000)*1000),0) -> 535.2198 | BC17: =IF(AND(M17>0,BA17>0),(BA17/(Q17*1000)*1000),0) -> 569.45975 | BD17: =IF(AND(R17>0,AZ17>0),(AZ17/(R17*1000)*1000),0) -> 491.30193 | BE17: =IF(AND(S17>0,BA17>0),(BA17/(S17*1000)*1000),0) -> 593.13251 | BF17: =+Listrik!V16 -> 1299.6 | BG17: =BF17+BG16 -> 9799.8 | BH17: =IF(AND(L17>0,BF17>0),(BF17/(P17*1000)*1000),0) -> 28.115265 | BI17: =IF(AND(M17>0,BG17>0),(BG17/(Q17*1000)*1000),0) -> 25.001531 | BJ17: =IF(AND(R17>0,BF17>0),(BF17/(R17*1000)*1000),0) -> 25.808245 | BK17: =IF(AND(S17>0,BG17>0),(BG17/(S17*1000)*1000),0) -> 26.040858 | BL17: =+SUM(Efficiency2!K52:K54) -> 46.084554 | BM17: =BM16+BL17 -> 458.91484 | BN17: =+R17/BL17 -> 1.0926872 | BO17: =+S17/BM17 -> 0.82003013
A18: =A17+1 -> 46032 | B18: Toilet | C18: 13,5/15 | D18: =+'10'!F42 -> 1097.4453 | E18: =+'10'!G42 -> 917.35669 | F18: =1-(E18/D18) -> 0.16409799 | G18: =+P18/N18 -> 0.79890827 | H18: =+P18/L18 -> 0.71555745 | I18: =+R18/P18 -> 0.96532027 | J18: =+R18/L18 -> 0.69074211 | K18: =+S18/M18 -> 0.76964245 | L18: =+SUM(Efficiency1!K58:K59) -> 51.621292 | M18: =M17+L18 -> 535.28882 | N18: =+SUM(Efficiency1!C58:C59) -> 46.235596 | O18: =O17+N18 -> 493.859 | P18: ='10'!I38 -> 36.938 | Q18: =Q17+P18 -> 428.906 | R18: ='10'!I40 -> 35.657 | S18: =S17+R18 -> 411.981 | T18: =R18/P18 -> 0.96532027 | U18: =S18/Q18 -> 0.96053914 | V18: =R18/L18 -> 0.69074211 | W18: =S18/M18 -> 0.76964245 | AB18: =+[1]Report1!AY18 -> 4629.317 | AC18: =AB18+AC17 -> 45471.4 | AD18: =AB18/P18 -> 125.32668 | AE18: =AC18/Q18 -> 106.01717 | AF18: =IF(AND(R18>0,AB18>0),(AB18/(R18*1000))*1000,0) -> 129.82912 | AG18: =IF(AND(S18>0,AC18>0),AC18/S18,0) -> 110.37257 | AH18: 61.2 | AI18: =AH18+AI17 -> 607.3 | AJ18: =AH18/(P18) -> 1.6568304 | AK18: =AI18/(Q18) -> 1.415928 | AL18: =IF(AND(R18>0,AH18>0),AH18/(R18),0) -> 1.716353 | AM18: =IF(AND(S18>0,AI18>0),AI18/(S18),0) -> 1.4740971 | AN18: 0 | AO18: =AN18+AO17 -> 9 | AP18: =AN18/(P18) -> 0 | AQ18: =AO18/(Q18) -> 0.020983619 | AR18: =IF(AND(R18>0,AN18>0),AN18/(R18),0) -> 0 | AS18: =IF(AND(S18>0,AO18>0),AO18/(S18),0) -> 0.021845668 | AT18: ='10'!I46 -> 38098.46 | AU18: =AT18+AU17 -> 379859.2 | AV18: =IF(AND(L18>0,AT18>0),(AT18/(P18*1000)*1000),0) -> 1031.4164 | AW18: =IF(AND(M18>0,AU18>0),(AU18/(Q18*1000)*1000),0) -> 885.64674 | AX18: =IF(AND(R18>0,AT18>0),(AT18/(R18*1000)*1000),0) -> 1068.4707 | AY18: =IF(AND(S18>0,AU18>0),(AU18/(S18*1000)*1000),0) -> 922.03087 | AZ18: =+Listrik!S17 -> 22580 | BA18: =AZ18+BA17 -> 245790 | BB18: =IF(AND(L18>0,AZ18>0),(AZ18/(P18*1000)*1000),0) -> 611.2946 | BC18: =IF(AND(M18>0,BA18>0),(BA18/(Q18*1000)*1000),0) -> 573.06263 | BD18: =IF(AND(R18>0,AZ18>0),(AZ18/(R18*1000)*1000),0) -> 633.25574 | BE18: =IF(AND(S18>0,BA18>0),(BA18/(S18*1000)*1000),0) -> 596.60518 | BF18: =+Listrik!V17 -> 1250.1 | BG18: =BF18+BG17 -> 11049.9 | BH18: =IF(AND(L18>0,BF18>0),(BF18/(P18*1000)*1000),0) -> 33.843197 | BI18: =IF(AND(M18>0,BG18>0),(BG18/(Q18*1000)*1000),0) -> 25.762988 | BJ18: =IF(AND(R18>0,BF18>0),(BF18/(R18*1000)*1000),0) -> 35.059035 | BK18: =IF(AND(S18>0,BG18>0),(BG18/(S18*1000)*1000),0) -> 26.821383 | BL18: =+SUM(Efficiency2!K58:K59) -> 43.47462 | BM18: =BM17+BL18 -> 502.38946 | BN18: =+R18/BL18 -> 0.82017967 | BO18: =+S18/BM18 -> 0.82004307
A19: =A18+1 -> 46033 | B19: Toilet | C19: 15 | D19: =+'11'!F42 -> 1166.6667 | E19: =+'11'!G42 -> 933.33333 | F19: =1-(E19/D19) -> 0.2 | G19: =+P19/N19 -> 1.0119048 | H19: =+P19/L19 -> 1.0119048 | I19: =+R19/P19 -> 0.94985057 | J19: =+R19/L19 -> 0.96115832 | K19: =+S19/M19 -> 0.78726016 | L19: =+Efficiency1!K66 -> 54.2304 | M19: =M18+L19 -> 589.51922 | N19: =+Efficiency1!C66 -> 54.2304 | O19: =O18+N19 -> 548.0894 | P19: ='11'!I38 -> 54.876 | Q19: =Q18+P19 -> 483.782 | R19: ='11'!I40 -> 52.124 | S19: =S18+R19 -> 464.105 | T19: =R19/P19 -> 0.94985057 | U19: =S19/Q19 -> 0.95932672 | V19: =R19/L19 -> 0.96115832 | W19: =S19/M19 -> 0.78726016 | AB19: =+[1]Report1!AY19 -> 5245.5838 | AC19: =AB19+AC18 -> 50716.984 | AD19: =AB19/P19 -> 95.589762 | AE19: =AC19/Q19 -> 104.83438 | AF19: =IF(AND(R19>0,AB19>0),(AB19/(R19*1000))*1000,0) -> 100.63663 | AG19: =IF(AND(S19>0,AC19>0),AC19/S19,0) -> 109.27912 | AH19: 67.8 | AI19: =AH19+AI18 -> 675.1 | AJ19: =AH19/(P19) -> 1.2355128 | AK19: =AI19/(Q19) -> 1.3954632 | AL19: =IF(AND(R19>0,AH19>0),AH19/(R19),0) -> 1.3007444 | AM19: =IF(AND(S19>0,AI19>0),AI19/(S19),0) -> 1.4546277 | AN19: 0 | AO19: =AN19+AO18 -> 9 | AP19: =AN19/(P19) -> 0 | AQ19: =AO19/(Q19) -> 0.018603421 | AR19: =IF(AND(R19>0,AN19>0),AN19/(R19),0) -> 0 | AS19: =IF(AND(S19>0,AO19>0),AO19/(S19),0) -> 0.019392163 | AT19: ='11'!I46 -> 43694.34 | AU19: =AT19+AU18 -> 423553.54 | AV19: =IF(AND(L19>0,AT19>0),(AT19/(P19*1000)*1000),0) -> 796.2377 | AW19: =IF(AND(M19>0,AU19>0),(AU19/(Q19*1000)*1000),0) -> 875.50496 | AX19: =IF(AND(R19>0,AT19>0),(AT19/(R19*1000)*1000),0) -> 838.2768 | AY19: =IF(AND(S19>0,AU19>0),(AU19/(S19*1000)*1000),0) -> 912.62438 | AZ19: =+Listrik!S18 -> 28170 | BA19: =AZ19+BA18 -> 273960 | BB19: =IF(AND(L19>0,AZ19>0),(AZ19/(P19*1000)*1000),0) -> 513.33916 | BC19: =IF(AND(M19>0,BA19>0),(BA19/(Q19*1000)*1000),0) -> 566.28812 | BD19: =IF(AND(R19>0,AZ19>0),(AZ19/(R19*1000)*1000),0) -> 540.44202 | BE19: =IF(AND(S19>0,BA19>0),(BA19/(S19*1000)*1000),0) -> 590.29745 | BF19: =+Listrik!V18 -> 1260.1 | BG19: =BF19+BG18 -> 12310 | BH19: =IF(AND(L19>0,BF19>0),(BF19/(P19*1000)*1000),0) -> 22.962679 | BI19: =IF(AND(M19>0,BG19>0),(BG19/(Q19*1000)*1000),0) -> 25.445345 | BJ19: =IF(AND(R19>0,BF19>0),(BF19/(R19*1000)*1000),0) -> 24.175044 | BK19: =IF(AND(S19>0,BG19>0),(BG19/(S19*1000)*1000),0) -> 26.52417 | BL19: =+Efficiency2!K66 -> 54.2304 | BM19: =BM18+BL19 -> 556.61986 | BN19: =+R19/BL19 -> 0.96115832 | BO19: =+S19/BM19 -> 0.83379166
A20: =A19+1 -> 46034 | B20: Toilet | C20: 15/14 | D20: =+'12'!F42 -> 1223.625 | E20: =+'12'!G42 -> 959.51375 | F20: =1-(E20/D20) -> 0.21584329 | G20: =+P20/N20 -> 0.97188393 | H20: =+P20/L20 -> 0.95012431 | I20: =+R20/P20 -> 1.0235116 | J20: =+R20/L20 -> 0.97246329 | K20: =+S20/M20 -> 0.80289199 | L20: =+SUM(Efficiency1!K71:K72) -> 54.344468 | M20: =M19+L20 -> 643.86369 | N20: =+SUM(Efficiency1!C71:C72) -> 53.127743 | O20: =O19+N20 -> 601.21715 | P20: ='12'!I38 -> 51.634 | Q20: =Q19+P20 -> 535.416 | R20: ='12'!I40 -> 52.848 | S20: =S19+R20 -> 516.953 | T20: =R20/P20 -> 1.0235116 | U20: =S20/Q20 -> 0.96551653 | V20: =R20/L20 -> 0.97246329 | W20: =S20/M20 -> 0.80289199 | AB20: =+[1]Report1!AY20 -> 5839.2934 | AC20: =AB20+AC19 -> 56556.277 | AD20: =AB20/P20 -> 113.09008 | AE20: =AC20/Q20 -> 105.63053 | AF20: =IF(AND(R20>0,AB20>0),(AB20/(R20*1000))*1000,0) -> 110.49223 | AG20: =IF(AND(S20>0,AC20>0),AC20/S20,0) -> 109.40313 | AH20: 64.8 | AI20: =AH20+AI19 -> 739.9 | AJ20: =AH20/(P20) -> 1.254987 | AK20: =AI20/(Q20) -> 1.3819161 | AL20: =IF(AND(R20>0,AH20>0),AH20/(R20),0) -> 1.226158 | AM20: =IF(AND(S20>0,AI20>0),AI20/(S20),0) -> 1.4312713 | AN20: 0 | AO20: =AN20+AO19 -> 9 | AP20: =AN20/(P20) -> 0 | AQ20: =AO20/(Q20) -> 0.016809359 | AR20: =IF(AND(R20>0,AN20>0),AN20/(R20),0) -> 0 | AS20: =IF(AND(S20>0,AO20>0),AO20/(S20),0) -> 0.017409706 | AT20: ='12'!I46 -> 42672.88 | AU20: =AT20+AU19 -> 466226.42 | AV20: =IF(AND(L20>0,AT20>0),(AT20/(P20*1000)*1000),0) -> 826.44924 | AW20: =IF(AND(M20>0,AU20>0),(AU20/(Q20*1000)*1000),0) -> 870.77416 | AX20: =IF(AND(R20>0,AT20>0),(AT20/(R20*1000)*1000),0) -> 807.46443 | AY20: =IF(AND(S20>0,AU20>0),(AU20/(S20*1000)*1000),0) -> 901.8739 | AZ20: =+Listrik!S19 -> 25953.2 | BA20: =AZ20+BA19 -> 299913.2 | BB20: =IF(AND(L20>0,AZ20>0),(AZ20/(P20*1000)*1000),0) -> 502.6378 | BC20: =IF(AND(M20>0,BA20>0),(BA20/(Q20*1000)*1000),0) -> 560.14986 | BD20: =IF(AND(R20>0,AZ20>0),(AZ20/(R20*1000)*1000),0) -> 491.09143 | BE20: =IF(AND(S20>0,BA20>0),(BA20/(S20*1000)*1000),0) -> 580.15564 | BF20: =+Listrik!V19 -> 1419.8 | BG20: =BF20+BG19 -> 13729.8 | BH20: =IF(AND(L20>0,BF20>0),(BF20/(P20*1000)*1000),0) -> 27.497385 | BI20: =IF(AND(M20>0,BG20>0),(BG20/(Q20*1000)*1000),0) -> 25.643238 | BJ20: =IF(AND(R20>0,BF20>0),(BF20/(R20*1000)*1000),0) -> 26.865728 | BK20: =IF(AND(S20>0,BG20>0),(BG20/(S20*1000)*1000),0) -> 26.559088 | BL20: =+SUM(Efficiency2!K71:K72) -> 54.344468 | BM20: =BM19+BL20 -> 610.96433 | BN20: =+R20/BL20 -> 0.97246329 | BO20: =+S20/BM20 -> 0.84612632
A21: =A20+1 -> 46035 | B21: Toilet | C21: 14/15 | D21: =+'13'!F42 -> 1181.0547 | E21: =+'13'!G42 -> 921.22266 | F21: =1-(E21/D21) -> 0.22 | G21: =+P21/N21 -> 0.82478893 | H21: =+P21/L21 -> 0.80925281 | I21: =+R21/P21 -> 0.97342109 | J21: =+R21/L21 -> 0.78774375 | K21: =+S21/M21 -> 0.80172215 | L21: =+SUM(Efficiency1!K76:K77) -> 53.884274 | M21: =M20+L21 -> 697.74797 | N21: =+SUM(Efficiency1!C76:C77) -> 52.869284 | O21: =O20+N21 -> 654.08643 | P21: ='13'!I38 -> 43.606 | Q21: =Q20+P21 -> 579.022 | R21: ='13'!I40 -> 42.447 | S21: =S20+R21 -> 559.4 | T21: =R21/P21 -> 0.97342109 | U21: =S21/Q21 -> 0.96611182 | V21: =R21/L21 -> 0.78774375 | W21: =S21/M21 -> 0.80172215 | AB21: =+[1]Report1!AY21 -> 5336.2658 | AC21: =AB21+AC20 -> 61892.543 | AD21: =AB21/P21 -> 122.37458 | AE21: =AC21/Q21 -> 106.89152 | AF21: =IF(AND(R21>0,AB21>0),(AB21/(R21*1000))*1000,0) -> 125.71597 | AG21: =IF(AND(S21>0,AC21>0),AC21/S21,0) -> 110.64094 | AH21: 62 | AI21: =AH21+AI20 -> 801.9 | AJ21: =AH21/(P21) -> 1.4218227 | AK21: =AI21/(Q21) -> 1.3849215 | AL21: =IF(AND(R21>0,AH21>0),AH21/(R21),0) -> 1.460645 | AM21: =IF(AND(S21>0,AI21>0),AI21/(S21),0) -> 1.4335002 | AN21: 0 | AO21: =AN21+AO20 -> 9 | AP21: =AN21/(P21) -> 0 | AQ21: =AO21/(Q21) -> 0.015543451 | AR21: =IF(AND(R21>0,AN21>0),AN21/(R21),0) -> 0 | AS21: =IF(AND(S21>0,AO21>0),AO21/(S21),0) -> 0.016088666 | AT21: ='13'!I46 -> 41288.86 | AU21: =AT21+AU20 -> 507515.28 | AV21: =IF(AND(L21>0,AT21>0),(AT21/(P21*1000)*1000),0) -> 946.8619 | AW21: =IF(AND(M21>0,AU21>0),(AU21/(Q21*1000)*1000),0) -> 876.50431 | AX21: =IF(AND(R21>0,AT21>0),(AT21/(R21*1000)*1000),0) -> 972.71562 | AY21: =IF(AND(S21>0,AU21>0),(AU21/(S21*1000)*1000),0) -> 907.24934 | AZ21: =+Listrik!S20 -> 22009.5 | BA21: =AZ21+BA20 -> 321922.7 | BB21: =IF(AND(L21>0,AZ21>0),(AZ21/(P21*1000)*1000),0) -> 504.73559 | BC21: =IF(AND(M21>0,BA21>0),(BA21/(Q21*1000)*1000),0) -> 555.97663 | BD21: =IF(AND(R21>0,AZ21>0),(AZ21/(R21*1000)*1000),0) -> 518.51721 | BE21: =IF(AND(S21>0,BA21>0),(BA21/(S21*1000)*1000),0) -> 575.47855 | BF21: =+Listrik!V20 -> 1430.1 | BG21: =BF21+BG20 -> 15159.9 | BH21: =IF(AND(L21>0,BF21>0),(BF21/(P21*1000)*1000),0) -> 32.795946 | BI21: =IF(AND(M21>0,BG21>0),(BG21/(Q21*1000)*1000),0) -> 26.181907 | BJ21: =IF(AND(R21>0,BF21>0),(BF21/(R21*1000)*1000),0) -> 33.691427 | BK21: =IF(AND(S21>0,BG21>0),(BG21/(S21*1000)*1000),0) -> 27.100286 | BL21: =+SUM(Efficiency2!K76:K77) -> 53.884274 | BM21: =BM20+BL21 -> 664.84861 | BN21: =+R21/BL21 -> 0.78774375 | BO21: =+S21/BM21 -> 0.84139456
A22: =A21+1 -> 46036 | B22: Toilet | C22: 15 | D22: =+'14'!F42 -> 1163.3333 | E22: =+'14'!G42 -> 907.4 | F22: =1-(E22/D22) -> 0.22 | G22: =+P22/N22 -> 1.0054628 | H22: =+P22/L22 -> 1.0054628 | I22: =+R22/P22 -> 0.94071299 | J22: =+R22/L22 -> 0.94585188 | K22: =+S22/M22 -> 0.81205749 | L22: =+Efficiency1!K82 -> 53.89956 | M22: =M21+L22 -> 751.64753 | N22: =+Efficiency1!C82 -> 53.89956 | O22: =O21+N22 -> 707.98599 | P22: ='14'!I38 -> 54.194 | Q22: =Q21+P22 -> 633.216 | R22: ='14'!I40 -> 50.981 | S22: =S21+R22 -> 610.381 | T22: =R22/P22 -> 0.94071299 | U22: =S22/Q22 -> 0.96393806 | V22: =R22/L22 -> 0.94585188 | W22: =S22/M22 -> 0.81205749 | AB22: =+[1]Report1!AY22 -> 5765.3371 | AC22: =AB22+AC21 -> 67657.88 | AD22: =AB22/P22 -> 106.38331 | AE22: =AC22/Q22 -> 106.84803 | AF22: =IF(AND(R22>0,AB22>0),(AB22/(R22*1000))*1000,0) -> 113.08796 | AG22: =IF(AND(S22>0,AC22>0),AC22/S22,0) -> 110.84532 | AH22: 67.7 | AI22: =AH22+AI21 -> 869.6 | AJ22: =AH22/(P22) -> 1.2492158 | AK22: =AI22/(Q22) -> 1.3733071 | AL22: =IF(AND(R22>0,AH22>0),AH22/(R22),0) -> 1.3279457 | AM22: =IF(AND(S22>0,AI22>0),AI22/(S22),0) -> 1.4246839 | AN22: 0 | AO22: =AN22+AO21 -> 9 | AP22: =AN22/(P22) -> 0 | AQ22: =AO22/(Q22) -> 0.014213159 | AR22: =IF(AND(R22>0,AN22>0),AN22/(R22),0) -> 0 | AS22: =IF(AND(S22>0,AO22>0),AO22/(S22),0) -> 0.014744889 | AT22: ='14'!I46 -> 42590.38 | AU22: =AT22+AU21 -> 550105.66 | AV22: =IF(AND(L22>0,AT22>0),(AT22/(P22*1000)*1000),0) -> 785.88737 | AW22: =IF(AND(M22>0,AU22>0),(AU22/(Q22*1000)*1000),0) -> 868.74883 | AX22: =IF(AND(R22>0,AT22>0),(AT22/(R22*1000)*1000),0) -> 835.41672 | AY22: =IF(AND(S22>0,AU22>0),(AU22/(S22*1000)*1000),0) -> 901.24965 | AZ22: =+Listrik!S21 -> 25272.3 | BA22: =AZ22+BA21 -> 347195 | BB22: =IF(AND(L22>0,AZ22>0),(AZ22/(P22*1000)*1000),0) -> 466.33022 | BC22: =IF(AND(M22>0,BA22>0),(BA22/(Q22*1000)*1000),0) -> 548.30421 | BD22: =IF(AND(R22>0,AZ22>0),(AZ22/(R22*1000)*1000),0) -> 495.71997 | BE22: =IF(AND(S22>0,BA22>0),(BA22/(S22*1000)*1000),0) -> 568.81685 | BF22: =+Listrik!V21 -> 1416.6 | BG22: =BF22+BG21 -> 16576.5 | BH22: =IF(AND(L22>0,BF22>0),(BF22/(P22*1000)*1000),0) -> 26.139425 | BI22: =IF(AND(M22>0,BG22>0),(BG22/(Q22*1000)*1000),0) -> 26.178271 | BJ22: =IF(AND(R22>0,BF22>0),(BF22/(R22*1000)*1000),0) -> 27.786823 | BK22: =IF(AND(S22>0,BG22>0),(BG22/(S22*1000)*1000),0) -> 27.157628 | BL22: =+Efficiency2!K82 -> 53.89956 | BM22: =BM21+BL22 -> 718.74817 | BN22: =+R22/BL22 -> 0.94585188 | BO22: =+S22/BM22 -> 0.84922791
A23: =A22+1 -> 46037 | B23: Toilet | C23: 15 | D23: =+'15'!F42 -> 1170 | E23: =+'15'!G42 -> 936 | F23: =1-(E23/D23) -> 0.2 | G23: =+P23/N23 -> 0.97139846 | H23: =+P23/L23 -> 0.97139846 | I23: =+R23/P23 -> 0.99660136 | J23: =+R23/L23 -> 0.96809702 | K23: =+S23/M23 -> 0.82277434 | L23: =+Efficiency1!K87 -> 55.430395 | M23: =M22+L23 -> 807.07792 | N23: =+Efficiency1!C87 -> 55.430395 | O23: =O22+N23 -> 763.41638 | P23: ='15'!I38 -> 53.845 | Q23: =Q22+P23 -> 687.061 | R23: ='15'!I40 -> 53.662 | S23: =S22+R23 -> 664.043 | T23: =R23/P23 -> 0.99660136 | U23: =S23/Q23 -> 0.96649788 | V23: =R23/L23 -> 0.96809702 | W23: =S23/M23 -> 0.82277434 | AB23: =+[1]Report1!AY23 -> 5606.3908 | AC23: =AB23+AC22 -> 73264.271 | AD23: =AB23/P23 -> 104.12092 | AE23: =AC23/Q23 -> 106.6343 | AF23: =IF(AND(R23>0,AB23>0),(AB23/(R23*1000))*1000,0) -> 104.47599 | AG23: =IF(AND(S23>0,AC23>0),AC23/S23,0) -> 110.33061 | AH23: 67.7 | AI23: =AH23+AI22 -> 937.3 | AJ23: =AH23/(P23) -> 1.2573127 | AK23: =AI23/(Q23) -> 1.3642166 | AL23: =IF(AND(R23>0,AH23>0),AH23/(R23),0) -> 1.2616004 | AM23: =IF(AND(S23>0,AI23>0),AI23/(S23),0) -> 1.411505 | AN23: 0 | AO23: =AN23+AO22 -> 9 | AP23: =AN23/(P23) -> 0 | AQ23: =AO23/(Q23) -> 0.013099274 | AR23: =IF(AND(R23>0,AN23>0),AN23/(R23),0) -> 0 | AS23: =IF(AND(S23>0,AO23>0),AO23/(S23),0) -> 0.013553339 | AT23: ='15'!I46 -> 44053.52 | AU23: =AT23+AU22 -> 594159.18 | AV23: =IF(AND(L23>0,AT23>0),(AT23/(P23*1000)*1000),0) -> 818.15433 | AW23: =IF(AND(M23>0,AU23>0),(AU23/(Q23*1000)*1000),0) -> 864.78374 | AX23: =IF(AND(R23>0,AT23>0),(AT23/(R23*1000)*1000),0) -> 820.94443 | AY23: =IF(AND(S23>0,AU23>0),(AU23/(S23*1000)*1000),0) -> 894.7601 | AZ23: =+Listrik!S22 -> 24513.95 | BA23: =AZ23+BA22 -> 371708.95 | BB23: =IF(AND(L23>0,AZ23>0),(AZ23/(P23*1000)*1000),0) -> 455.26883 | BC23: =IF(AND(M23>0,BA23>0),(BA23/(Q23*1000)*1000),0) -> 541.01303 | BD23: =IF(AND(R23>0,AZ23>0),(AZ23/(R23*1000)*1000),0) -> 456.8214 | BE23: =IF(AND(S23>0,BA23>0),(BA23/(S23*1000)*1000),0) -> 559.76639 | BF23: =+Listrik!V22 -> 1436.8 | BG23: =BF23+BG22 -> 18013.3 | BH23: =IF(AND(L23>0,BF23>0),(BF23/(P23*1000)*1000),0) -> 26.684 | BI23: =IF(AND(M23>0,BG23>0),(BG23/(Q23*1000)*1000),0) -> 26.217905 | BJ23: =IF(AND(R23>0,BF23>0),(BF23/(R23*1000)*1000),0) -> 26.774999 | BK23: =IF(AND(S23>0,BG23>0),(BG23/(S23*1000)*1000),0) -> 27.126707 | BL23: =+Efficiency2!K87 -> 55.430395 | BM23: =BM22+BL23 -> 774.17856 | BN23: =+R23/BL23 -> 0.96809702 | BO23: =+S23/BM23 -> 0.85773881
A24: =A23+1 -> 46038 | B24: Toilet | C24: 15 | D24: =+'16'!F42 -> 1170 | E24: =+'16'!G42 -> 936 | F24: =1-(E24/D24) -> 0.2 | G24: =+P24/N24 -> 0.98252184 | H24: =+P24/L24 -> 0.98252184 | I24: =+R24/P24 -> 0.91394135 | J24: =+R24/L24 -> 0.89796734 | K24: =+S24/M24 -> 0.82760394 | L24: =+Efficiency1!K92 -> 55.396224 | M24: =M23+L24 -> 862.47414 | N24: =+Efficiency1!C92 -> 55.396224 | O24: =O23+N24 -> 818.81261 | P24: ='16'!I38 -> 54.428 | Q24: =Q23+P24 -> 741.489 | R24: ='16'!I40 -> 49.744 | S24: =S23+R24 -> 713.787 | T24: =R24/P24 -> 0.91394135 | U24: =S24/Q24 -> 0.96264004 | V24: =R24/L24 -> 0.89796734 | W24: =S24/M24 -> 0.82760394 | AB24: =+[1]Report1!AY24 -> 5828.234 | AC24: =AB24+AC23 -> 79092.505 | AD24: =AB24/P24 -> 107.08154 | AE24: =AC24/Q24 -> 106.66713 | AF24: =IF(AND(R24>0,AB24>0),(AB24/(R24*1000))*1000,0) -> 117.16456 | AG24: =IF(AND(S24>0,AC24>0),AC24/S24,0) -> 110.80687 | AH24: 69 | AI24: =AH24+AI23 -> 1006.3 | AJ24: =AH24/(P24) -> 1.2677298 | AK24: =AI24/(Q24) -> 1.3571341 | AL24: =IF(AND(R24>0,AH24>0),AH24/(R24),0) -> 1.387102 | AM24: =IF(AND(S24>0,AI24>0),AI24/(S24),0) -> 1.4098043 | AN24: 0 | AO24: =AN24+AO23 -> 9 | AP24: =AN24/(P24) -> 0 | AQ24: =AO24/(Q24) -> 0.012137739 | AR24: =IF(AND(R24>0,AN24>0),AN24/(R24),0) -> 0 | AS24: =IF(AND(S24>0,AO24>0),AO24/(S24),0) -> 0.012608803 | AT24: ='16'!I46 -> 43291.78 | AU24: =AT24+AU23 -> 637450.96 | AV24: =IF(AND(L24>0,AT24>0),(AT24/(P24*1000)*1000),0) -> 795.39538 | AW24: =IF(AND(M24>0,AU24>0),(AU24/(Q24*1000)*1000),0) -> 859.69038 | AX24: =IF(AND(R24>0,AT24>0),(AT24/(R24*1000)*1000),0) -> 870.29149 | AY24: =IF(AND(S24>0,AU24>0),(AU24/(S24*1000)*1000),0) -> 893.05487 | AZ24: =+Listrik!S23 -> 24911.256 | BA24: =AZ24+BA23 -> 396620.21 | BB24: =IF(AND(L24>0,AZ24>0),(AZ24/(P24*1000)*1000),0) -> 457.69192 | BC24: =IF(AND(M24>0,BA24>0),(BA24/(Q24*1000)*1000),0) -> 534.89695 | BD24: =IF(AND(R24>0,AZ24>0),(AZ24/(R24*1000)*1000),0) -> 500.78916 | BE24: =IF(AND(S24>0,BA24>0),(BA24/(S24*1000)*1000),0) -> 555.65625 | BF24: =+Listrik!V23 -> 1424 | BG24: =BF24+BG23 -> 19437.3 | BH24: =IF(AND(L24>0,BF24>0),(BF24/(P24*1000)*1000),0) -> 26.163004 | BI24: =IF(AND(M24>0,BG24>0),(BG24/(Q24*1000)*1000),0) -> 26.213875 | BJ24: =IF(AND(R24>0,BF24>0),(BF24/(R24*1000)*1000),0) -> 28.626568 | BK24: =IF(AND(S24>0,BG24>0),(BG24/(S24*1000)*1000),0) -> 27.231233 | BL24: =+Efficiency2!K92 -> 55.396224 | BM24: =BM23+BL24 -> 829.57478 | BN24: =+R24/BL24 -> 0.89796734 | BO24: =+S24/BM24 -> 0.86042514
A25: =A24+1 -> 46039 | B25: Toilet | C25: 15/18/16 | D25: =+'17'!F42 -> 1069.0412 | E25: =+'17'!G42 -> 880.42734 | F25: =1-(E25/D25) -> 0.17643274 | G25: =+P25/N25 -> 0.86758856 | H25: =+P25/L25 -> 0.86758856 | I25: =+R25/P25 -> 1.0719426 | J25: =+R25/L25 -> 0.93000513 | K25: =+S25/M25 -> 0.83376964 | L25: =+SUM(Efficiency1!K97:K99) -> 55.257759 | M25: =M24+L25 -> 917.7319 | N25: =+SUM(Efficiency1!C97:C99) -> 55.257759 | O25: =O24+N25 -> 874.07037 | P25: ='17'!I38 -> 47.941 | Q25: =Q24+P25 -> 789.43 | R25: ='17'!I40 -> 51.39 | S25: =S24+R25 -> 765.177 | T25: =R25/P25 -> 1.0719426 | U25: =S25/Q25 -> 0.96927783 | V25: =R25/L25 -> 0.93000513 | W25: =S25/M25 -> 0.83376964 | AB25: =+[1]Report1!AY25 -> 5210.2065 | AC25: =AB25+AC24 -> 84302.711 | AD25: =AB25/P25 -> 108.67955 | AE25: =AC25/Q25 -> 106.78934 | AF25: =IF(AND(R25>0,AB25>0),(AB25/(R25*1000))*1000,0) -> 101.38561 | AG25: =IF(AND(S25>0,AC25>0),AC25/S25,0) -> 110.17413 | AH25: 63.8 | AI25: =AH25+AI24 -> 1070.1 | AJ25: =AH25/(P25) -> 1.3308024 | AK25: =AI25/(Q25) -> 1.355535 | AL25: =IF(AND(R25>0,AH25>0),AH25/(R25),0) -> 1.2414867 | AM25: =IF(AND(S25>0,AI25>0),AI25/(S25),0) -> 1.3985 | AN25: 0 | AO25: =AN25+AO24 -> 9 | AP25: =AN25/(P25) -> 0 | AQ25: =AO25/(Q25) -> 0.011400631 | AR25: =IF(AND(R25>0,AN25>0),AN25/(R25),0) -> 0 | AS25: =IF(AND(S25>0,AO25>0),AO25/(S25),0) -> 0.011761984 | AT25: ='17'!I46 -> 37880.24 | AU25: =AT25+AU24 -> 675331.2 | AV25: =IF(AND(L25>0,AT25>0),(AT25/(P25*1000)*1000),0) -> 790.14288 | AW25: =IF(AND(M25>0,AU25>0),(AU25/(Q25*1000)*1000),0) -> 855.46686 | AX25: =IF(AND(R25>0,AT25>0),(AT25/(R25*1000)*1000),0) -> 737.11306 | AY25: =IF(AND(S25>0,AU25>0),(AU25/(S25*1000)*1000),0) -> 882.58168 | AZ25: =+Listrik!S24 -> 25366.652 | BA25: =AZ25+BA24 -> 421986.86 | BB25: =IF(AND(L25>0,AZ25>0),(AZ25/(P25*1000)*1000),0) -> 529.1223 | BC25: =IF(AND(M25>0,BA25>0),(BA25/(Q25*1000)*1000),0) -> 534.54627 | BD25: =IF(AND(R25>0,AZ25>0),(AZ25/(R25*1000)*1000),0) -> 493.61066 | BE25: =IF(AND(S25>0,BA25>0),(BA25/(S25*1000)*1000),0) -> 551.48921 | BF25: =+Listrik!V24 -> 1452.4 | BG25: =BF25+BG24 -> 20889.7 | BH25: =IF(AND(L25>0,BF25>0),(BF25/(P25*1000)*1000),0) -> 30.295572 | BI25: =IF(AND(M25>0,BG25>0),(BG25/(Q25*1000)*1000),0) -> 26.461751 | BJ25: =IF(AND(R25>0,BF25>0),(BF25/(R25*1000)*1000),0) -> 28.262308 | BK25: =IF(AND(S25>0,BG25>0),(BG25/(S25*1000)*1000),0) -> 27.300481 | BL25: =+SUM(Efficiency2!K97:K99) -> 55.257759 | BM25: =BM24+BL25 -> 884.83254 | BN25: =+R25/BL25 -> 0.93000513 | BO25: =+S25/BM25 -> 0.86477041
A26: =A25+1 -> 46040 | B26: Toilet | C26: 16/20/14 | D26: =+'18'!F42 -> 1081.6111 | E26: =+'18'!G42 -> 882.54056 | F26: =1-(E26/D26) -> 0.18405003 | G26: =+P26/N26 -> 0.97419746 | H26: =+P26/L26 -> 0.97419746 | I26: =+R26/P26 -> 0.95610988 | J26: =+R26/L26 -> 0.93143981 | K26: =+S26/M26 -> 0.83920411 | L26: =+SUM(Efficiency1!K103:K105) -> 54.0722 | M26: =M25+L26 -> 971.8041 | N26: =+SUM(Efficiency1!C103:C105) -> 54.0722 | O26: =O25+N26 -> 928.14257 | P26: ='18'!I38 -> 52.677 | Q26: =Q25+P26 -> 842.107 | R26: ='18'!I40 -> 50.365 | S26: =S25+R26 -> 815.542 | T26: =R26/P26 -> 0.95610988 | U26: =S26/Q26 -> 0.96845413 | V26: =R26/L26 -> 0.93143981 | W26: =S26/M26 -> 0.83920411 | AB26: =+[1]Report1!AY26 -> 5381.9623 | AC26: =AB26+AC25 -> 89684.674 | AD26: =AB26/P26 -> 102.16911 | AE26: =AC26/Q26 -> 106.50033 | AF26: =IF(AND(R26>0,AB26>0),(AB26/(R26*1000))*1000,0) -> 106.85917 | AG26: =IF(AND(S26>0,AC26>0),AC26/S26,0) -> 109.96941 | AH26: 65.7 | AI26: =AH26+AI25 -> 1135.8 | AJ26: =AH26/(P26) -> 1.2472236 | AK26: =AI26/(Q26) -> 1.3487597 | AL26: =IF(AND(R26>0,AH26>0),AH26/(R26),0) -> 1.3044773 | AM26: =IF(AND(S26>0,AI26>0),AI26/(S26),0) -> 1.3926934 | AN26: 0 | AO26: =AN26+AO25 -> 9 | AP26: =AN26/(P26) -> 0 | AQ26: =AO26/(Q26) -> 0.010687478 | AR26: =IF(AND(R26>0,AN26>0),AN26/(R26),0) -> 0 | AS26: =IF(AND(S26>0,AO26>0),AO26/(S26),0) -> 0.011035606 | AT26: ='18'!I46 -> 41512.02 | AU26: =AT26+AU25 -> 716843.22 | AV26: =IF(AND(L26>0,AT26>0),(AT26/(P26*1000)*1000),0) -> 788.04829 | AW26: =IF(AND(M26>0,AU26>0),(AU26/(Q26*1000)*1000),0) -> 851.24957 | AX26: =IF(AND(R26>0,AT26>0),(AT26/(R26*1000)*1000),0) -> 824.22357 | AY26: =IF(AND(S26>0,AU26>0),(AU26/(S26*1000)*1000),0) -> 878.97769 | AZ26: =+Listrik!S25 -> 24979.086 | BA26: =AZ26+BA25 -> 446965.94 | BB26: =IF(AND(L26>0,AZ26>0),(AZ26/(P26*1000)*1000),0) -> 474.19341 | BC26: =IF(AND(M26>0,BA26>0),(BA26/(Q26*1000)*1000),0) -> 530.77096 | BD26: =IF(AND(R26>0,AZ26>0),(AZ26/(R26*1000)*1000),0) -> 495.9612 | BE26: =IF(AND(S26>0,BA26>0),(BA26/(S26*1000)*1000),0) -> 548.05999 | BF26: =+Listrik!V25 -> 1359.8 | BG26: =BF26+BG25 -> 22249.5 | BH26: =IF(AND(L26>0,BF26>0),(BF26/(P26*1000)*1000),0) -> 25.813923 | BI26: =IF(AND(M26>0,BG26>0),(BG26/(Q26*1000)*1000),0) -> 26.421227 | BJ26: =IF(AND(R26>0,BF26>0),(BF26/(R26*1000)*1000),0) -> 26.998908 | BK26: =IF(AND(S26>0,BG26>0),(BG26/(S26*1000)*1000),0) -> 27.281857 | BL26: =+SUM(Efficiency2!K103:K105) -> 54.0722 | BM26: =BM25+BL26 -> 938.90474 | BN26: =+R26/BL26 -> 0.93143981 | BO26: =+S26/BM26 -> 0.86860995
A27: =A26+1 -> 46041 | B27: Toilet | C27: 14/15 | D27: =+'19'!F42 -> 1185.1528 | E27: =+'19'!G42 -> 948.12222 | F27: =1-(E27/D27) -> 0.2 | G27: =+P27/N27 -> 0.96722319 | H27: =+P27/L27 -> 0.96722319 | I27: =+R27/P27 -> 0.98712262 | J27: =+R27/L27 -> 0.95476788 | K27: =+S27/M27 -> 0.84517104 | L27: =+SUM(Efficiency1!K108:K109) -> 52.909195 | M27: =M26+L27 -> 1024.7133 | N27: =+SUM(Efficiency1!C108:C109) -> 52.909195 | O27: =O26+N27 -> 981.05176 | P27: ='19'!I38 -> 51.175 | Q27: =Q26+P27 -> 893.282 | R27: ='19'!I40 -> 50.516 | S27: =S26+R27 -> 866.058 | T27: =R27/P27 -> 0.98712262 | U27: =S27/Q27 -> 0.96952362 | V27: =R27/L27 -> 0.95476788 | W27: =S27/M27 -> 0.84517104 | AB27: =+[1]Report1!AY27 -> 5813.3923 | AC27: =AB27+AC26 -> 95498.066 | AD27: =AB27/P27 -> 113.59829 | AE27: =AC27/Q27 -> 106.90696 | AF27: =IF(AND(R27>0,AB27>0),(AB27/(R27*1000))*1000,0) -> 115.08022 | AG27: =IF(AND(S27>0,AC27>0),AC27/S27,0) -> 110.26752 | AH27: 65.1 | AI27: =AH27+AI26 -> 1200.9 | AJ27: =AH27/(P27) -> 1.2721055 | AK27: =AI27/(Q27) -> 1.3443683 | AL27: =IF(AND(R27>0,AH27>0),AH27/(R27),0) -> 1.2887006 | AM27: =IF(AND(S27>0,AI27>0),AI27/(S27),0) -> 1.3866277 | AN27: 0 | AO27: =AN27+AO26 -> 9 | AP27: =AN27/(P27) -> 0 | AQ27: =AO27/(Q27) -> 0.010075206 | AR27: =IF(AND(R27>0,AN27>0),AN27/(R27),0) -> 0 | AS27: =IF(AND(S27>0,AO27>0),AO27/(S27),0) -> 0.010391914 | AT27: ='19'!I46 -> 42202.98 | AU27: =AT27+AU26 -> 759046.2 | AV27: =IF(AND(L27>0,AT27>0),(AT27/(P27*1000)*1000),0) -> 824.67963 | AW27: =IF(AND(M27>0,AU27>0),(AU27/(Q27*1000)*1000),0) -> 849.72741 | AX27: =IF(AND(R27>0,AT27>0),(AT27/(R27*1000)*1000),0) -> 835.43788 | AY27: =IF(AND(S27>0,AU27>0),(AU27/(S27*1000)*1000),0) -> 876.43807 | AZ27: =+Listrik!S26 -> 24339.091 | BA27: =AZ27+BA26 -> 471305.04 | BB27: =IF(AND(L27>0,AZ27>0),(AZ27/(P27*1000)*1000),0) -> 475.6051 | BC27: =IF(AND(M27>0,BA27>0),(BA27/(Q27*1000)*1000),0) -> 527.61058 | BD27: =IF(AND(R27>0,AZ27>0),(AZ27/(R27*1000)*1000),0) -> 481.80955 | BE27: =IF(AND(S27>0,BA27>0),(BA27/(S27*1000)*1000),0) -> 544.19569 | BF27: =+Listrik!V26 -> 1436.4 | BG27: =BF27+BG26 -> 23685.9 | BH27: =IF(AND(L27>0,BF27>0),(BF27/(P27*1000)*1000),0) -> 28.068393 | BI27: =IF(AND(M27>0,BG27>0),(BG27/(Q27*1000)*1000),0) -> 26.515591 | BJ27: =IF(AND(R27>0,BF27>0),(BF27/(R27*1000)*1000),0) -> 28.434555 | BK27: =IF(AND(S27>0,BG27>0),(BG27/(S27*1000)*1000),0) -> 27.349092 | BL27: =+SUM(Efficiency2!K108:K109) -> 52.909195 | BM27: =BM26+BL27 -> 991.81394 | BN27: =+R27/BL27 -> 0.95476788 | BO27: =+S27/BM27 -> 0.87320612
A28: =A27+1 -> 46042 | B28: Toilet | C28: 15 | D28: =+'20'!F42 -> 1183.3333 | E28: =+'20'!G42 -> 934.83333 | F28: =1-(E28/D28) -> 0.21 | G28: =+P28/N28 -> 0.99636388 | H28: =+P28/L28 -> 0.99636388 | I28: =+R28/P28 -> 0.99156478 | J28: =+R28/L28 -> 0.98795933 | K28: =+S28/M28 -> 0.85248564 | L28: =+Efficiency1!K113 -> 55.327176 | M28: =M27+L28 -> 1080.0405 | N28: =+Efficiency1!C113 -> 55.327176 | O28: =O27+N28 -> 1036.3789 | P28: ='20'!I38 -> 55.126 | Q28: =Q27+P28 -> 948.408 | R28: ='20'!I40 -> 54.661 | S28: =S27+R28 -> 920.719 | T28: =R28/P28 -> 0.99156478 | U28: =S28/Q28 -> 0.97080476 | V28: =R28/L28 -> 0.98795933 | W28: =S28/M28 -> 0.85248564 | AB28: =+[1]Report1!AY28 -> 5792.7104 | AC28: =AB28+AC27 -> 101290.78 | AD28: =AB28/P28 -> 105.08128 | AE28: =AC28/Q28 -> 106.80085 | AF28: =IF(AND(R28>0,AB28>0),(AB28/(R28*1000))*1000,0) -> 105.9752 | AG28: =IF(AND(S28>0,AC28>0),AC28/S28,0) -> 110.01269 | AH28: 67.1 | AI28: =AH28+AI27 -> 1268 | AJ28: =AH28/(P28) -> 1.2172115 | AK28: =AI28/(Q28) -> 1.3369773 | AL28: =IF(AND(R28>0,AH28>0),AH28/(R28),0) -> 1.2275663 | AM28: =IF(AND(S28>0,AI28>0),AI28/(S28),0) -> 1.3771846 | AN28: 0 | AO28: =AN28+AO27 -> 9 | AP28: =AN28/(P28) -> 0 | AQ28: =AO28/(Q28) -> 0.0094895868 | AR28: =IF(AND(R28>0,AN28>0),AN28/(R28),0) -> 0 | AS28: =IF(AND(S28>0,AO28>0),AO28/(S28),0) -> 0.0097749693 | AT28: ='20'!I46 -> 44065.32 | AU28: =AT28+AU27 -> 803111.52 | AV28: =IF(AND(L28>0,AT28>0),(AT28/(P28*1000)*1000),0) -> 799.35638 | AW28: =IF(AND(M28>0,AU28>0),(AU28/(Q28*1000)*1000),0) -> 846.79961 | AX28: =IF(AND(R28>0,AT28>0),(AT28/(R28*1000)*1000),0) -> 806.15649 | AY28: =IF(AND(S28>0,AU28>0),(AU28/(S28*1000)*1000),0) -> 872.26561 | AZ28: =+Listrik!S27 -> 22682.858 | BA28: =AZ28+BA27 -> 493987.89 | BB28: =IF(AND(L28>0,AZ28>0),(AZ28/(P28*1000)*1000),0) -> 411.47295 | BC28: =IF(AND(M28>0,BA28>0),(BA28/(Q28*1000)*1000),0) -> 520.86011 | BD28: =IF(AND(R28>0,AZ28>0),(AZ28/(R28*1000)*1000),0) -> 414.97334 | BE28: =IF(AND(S28>0,BA28>0),(BA28/(S28*1000)*1000),0) -> 536.52406 | BF28: =+Listrik!V27 -> 1374.1 | BG28: =BF28+BG27 -> 25060 | BH28: =IF(AND(L28>0,BF28>0),(BF28/(P28*1000)*1000),0) -> 24.926532 | BI28: =IF(AND(M28>0,BG28>0),(BG28/(Q28*1000)*1000),0) -> 26.423227 | BJ28: =IF(AND(R28>0,BF28>0),(BF28/(R28*1000)*1000),0) -> 25.138581 | BK28: =IF(AND(S28>0,BG28>0),(BG28/(S28*1000)*1000),0) -> 27.217859 | BL28: =+Efficiency2!K113 -> 55.327176 | BM28: =BM27+BL28 -> 1047.1411 | BN28: =+R28/BL28 -> 0.98795933 | BO28: =+S28/BM28 -> 0.87926927
A29: =A28+1 -> 46043 | B29: Toilet | C29: 15/13,5/13 | D29: =+'21'!F42 -> 1189.0278 | E29: =+'21'!G42 -> 939.33194 | F29: =1-(E29/D29) -> 0.21 | G29: =+P29/N29 -> 0.98267087 | H29: =+P29/L29 -> 0.96623524 | I29: =+R29/P29 -> 0.96810086 | J29: =+R29/L29 -> 0.93541317 | K29: =+S29/M29 -> 0.85646969 | L29: =+SUM(Efficiency1!K118:K120) -> 54.506395 | M29: =M28+L29 -> 1134.5469 | N29: =+SUM(Efficiency1!C118:C120) -> 53.59475 | O29: =O28+N29 -> 1089.9737 | P29: ='21'!I38 -> 52.666 | Q29: =Q28+P29 -> 1001.074 | R29: ='21'!I40 -> 50.986 | S29: =S28+R29 -> 971.705 | T29: =R29/P29 -> 0.96810086 | U29: =S29/Q29 -> 0.97066251 | V29: =R29/L29 -> 0.93541317 | W29: =S29/M29 -> 0.85646969 | AB29: =+[1]Report1!AY29 -> 5439.9798 | AC29: =AB29+AC28 -> 106730.76 | AD29: =AB29/P29 -> 103.29206 | AE29: =AC29/Q29 -> 106.61625 | AF29: =IF(AND(R29>0,AB29>0),(AB29/(R29*1000))*1000,0) -> 106.69556 | AG29: =IF(AND(S29>0,AC29>0),AC29/S29,0) -> 109.83864 | AH29: 67.8 | AI29: =AH29+AI28 -> 1335.8 | AJ29: =AH29/(P29) -> 1.2873581 | AK29: =AI29/(Q29) -> 1.3343669 | AL29: =IF(AND(R29>0,AH29>0),AH29/(R29),0) -> 1.3297768 | AM29: =IF(AND(S29>0,AI29>0),AI29/(S29),0) -> 1.3746971 | AN29: 0 | AO29: =AN29+AO28 -> 9 | AP29: =AN29/(P29) -> 0 | AQ29: =AO29/(Q29) -> 0.0089903444 | AR29: =IF(AND(R29>0,AN29>0),AN29/(R29),0) -> 0 | AS29: =IF(AND(S29>0,AO29>0),AO29/(S29),0) -> 0.0092620703 | AT29: ='21'!I46 -> 42495.38 | AU29: =AT29+AU28 -> 845606.9 | AV29: =IF(AND(L29>0,AT29>0),(AT29/(P29*1000)*1000),0) -> 806.88452 | AW29: =IF(AND(M29>0,AU29>0),(AU29/(Q29*1000)*1000),0) -> 844.69969 | AX29: =IF(AND(R29>0,AT29>0),(AT29/(R29*1000)*1000),0) -> 833.47154 | AY29: =IF(AND(S29>0,AU29>0),(AU29/(S29*1000)*1000),0) -> 870.23006 | AZ29: =+Listrik!S28 -> 26164.9 | BA29: =AZ29+BA28 -> 520152.79 | BB29: =IF(AND(L29>0,AZ29>0),(AZ29/(P29*1000)*1000),0) -> 496.80819 | BC29: =IF(AND(M29>0,BA29>0),(BA29/(Q29*1000)*1000),0) -> 519.59475 | BD29: =IF(AND(R29>0,AZ29>0),(AZ29/(R29*1000)*1000),0) -> 513.17813 | BE29: =IF(AND(S29>0,BA29>0),(BA29/(S29*1000)*1000),0) -> 535.29908 | BF29: =+Listrik!V28 -> 1419.8 | BG29: =BF29+BG28 -> 26479.8 | BH29: =IF(AND(L29>0,BF29>0),(BF29/(P29*1000)*1000),0) -> 26.958569 | BI29: =IF(AND(M29>0,BG29>0),(BG29/(Q29*1000)*1000),0) -> 26.451391 | BJ29: =IF(AND(R29>0,BF29>0),(BF29/(R29*1000)*1000),0) -> 27.84686 | BK29: =IF(AND(S29>0,BG29>0),(BG29/(S29*1000)*1000),0) -> 27.250863 | BL29: =+SUM(Efficiency2!K118:K120) -> 54.506395 | BM29: =BM28+BL29 -> 1101.6475 | BN29: =+R29/BL29 -> 0.93541317 | BO29: =+S29/BM29 -> 0.88204711
A30: =A29+1 -> 46044 | B30: Toilet | C30: 13 | D30: =+'22'!F42 -> 1276.6667 | E30: =+'22'!G42 -> 1008.5667 | F30: =1-(E30/D30) -> 0.21 | G30: =+P30/N30 -> 0.95839514 | H30: =+P30/L30 -> 0.95839514 | I30: =+R30/P30 -> 0.98677313 | J30: =+R30/L30 -> 0.94571857 | K30: =+S30/M30 -> 0.86033454 | L30: =+Efficiency1!K123 -> 51.354601 | M30: =M29+L30 -> 1185.9015 | N30: =+Efficiency1!C123 -> 51.354601 | O30: =O29+N30 -> 1141.3283 | P30: ='22'!I38 -> 49.218 | Q30: =Q29+P30 -> 1050.292 | R30: ='22'!I40 -> 48.567 | S30: =S29+R30 -> 1020.272 | T30: =R30/P30 -> 0.98677313 | U30: =S30/Q30 -> 0.97141747 | V30: =R30/L30 -> 0.94571857 | W30: =S30/M30 -> 0.86033454 | AB30: =+[1]Report1!AY30 -> 5708.1953 | AC30: =AB30+AC29 -> 112438.95 | AD30: =AB30/P30 -> 115.9778 | AE30: =AC30/Q30 -> 107.05494 | AF30: =IF(AND(R30>0,AB30>0),(AB30/(R30*1000))*1000,0) -> 117.53238 | AG30: =IF(AND(S30>0,AC30>0),AC30/S30,0) -> 110.20488 | AH30: 66.8 | AI30: =AH30+AI29 -> 1402.6 | AJ30: =AH30/(P30) -> 1.357227 | AK30: =AI30/(Q30) -> 1.3354381 | AL30: =IF(AND(R30>0,AH30>0),AH30/(R30),0) -> 1.3754195 | AM30: =IF(AND(S30>0,AI30>0),AI30/(S30),0) -> 1.3747314 | AN30: 0 | AO30: =AN30+AO29 -> 9 | AP30: =AN30/(P30) -> 0 | AQ30: =AO30/(Q30) -> 0.0085690456 | AR30: =IF(AND(R30>0,AN30>0),AN30/(R30),0) -> 0 | AS30: =IF(AND(S30>0,AO30>0),AO30/(S30),0) -> 0.0088211771 | AT30: ='22'!I46 -> 47332.34 | AU30: =AT30+AU29 -> 892939.24 | AV30: =IF(AND(L30>0,AT30>0),(AT30/(P30*1000)*1000),0) -> 961.68759 | AW30: =IF(AND(M30>0,AU30>0),(AU30/(Q30*1000)*1000),0) -> 850.18189 | AX30: =IF(AND(R30>0,AT30>0),(AT30/(R30*1000)*1000),0) -> 974.57821 | AY30: =IF(AND(S30>0,AU30>0),(AU30/(S30*1000)*1000),0) -> 875.19724 | AZ30: =+Listrik!S29 -> 20304 | BA30: =AZ30+BA29 -> 540456.79 | BB30: =IF(AND(L30>0,AZ30>0),(AZ30/(P30*1000)*1000),0) -> 412.532 | BC30: =IF(AND(M30>0,BA30>0),(BA30/(Q30*1000)*1000),0) -> 514.57765 | BD30: =IF(AND(R30>0,AZ30>0),(AZ30/(R30*1000)*1000),0) -> 418.06165 | BE30: =IF(AND(S30>0,BA30>0),(BA30/(S30*1000)*1000),0) -> 529.71834 | BF30: =+Listrik!V29 -> 1410.1 | BG30: =BF30+BG29 -> 27889.9 | BH30: =IF(AND(L30>0,BF30>0),(BF30/(P30*1000)*1000),0) -> 28.650087 | BI30: =IF(AND(M30>0,BG30>0),(BG30/(Q30*1000)*1000),0) -> 26.554425 | BJ30: =IF(AND(R30>0,BF30>0),(BF30/(R30*1000)*1000),0) -> 29.034118 | BK30: =IF(AND(S30>0,BG30>0),(BG30/(S30*1000)*1000),0) -> 27.33575 | BL30: =+Efficiency2!K123 -> 51.354601 | BM30: =BM29+BL30 -> 1153.0021 | BN30: =+R30/BL30 -> 0.94571857 | BO30: =+S30/BM30 -> 0.88488303
A31: =A30+1 -> 46045 | B31: Toilet | C31: 13/13,5 | D31: =+'23'!F42 -> 1162.3472 | E31: =+'23'!G42 -> 918.25431 | F31: =1-(E31/D31) -> 0.21 | G31: =+P31/N31 -> 0.98417311 | H31: =+P31/L31 -> 0.90091921 | I31: =+R31/P31 -> 1.0043947 | J31: =+R31/L31 -> 0.90487852 | K31: =+S31/M31 -> 0.86215439 | L31: =+SUM(Efficiency1!K128:K129) -> 50.513963 | M31: =M30+L31 -> 1236.4154 | N31: =+SUM(Efficiency1!C128:C129) -> 46.240849 | O31: =O30+N31 -> 1187.5691 | P31: ='23'!I38 -> 45.509 | Q31: =Q30+P31 -> 1095.801 | R31: ='23'!I40 -> 45.709 | S31: =S30+R31 -> 1065.981 | T31: =R31/P31 -> 1.0043947 | U31: =S31/Q31 -> 0.97278703 | V31: =R31/L31 -> 0.90487852 | W31: =S31/M31 -> 0.86215439 | AB31: =+[1]Report1!AY31 -> 4071.2316 | AC31: =AB31+AC30 -> 116510.18 | AD31: =AB31/P31 -> 89.459922 | AE31: =AC31/Q31 -> 106.32422 | AF31: =IF(AND(R31>0,AB31>0),(AB31/(R31*1000))*1000,0) -> 89.06849 | AG31: =IF(AND(S31>0,AC31>0),AC31/S31,0) -> 109.29856 | AH31: 70.5 | AI31: =AH31+AI30 -> 1473.1 | AJ31: =AH31/(P31) -> 1.5491441 | AK31: =AI31/(Q31) -> 1.3443134 | AL31: =IF(AND(R31>0,AH31>0),AH31/(R31),0) -> 1.5423658 | AM31: =IF(AND(S31>0,AI31>0),AI31/(S31),0) -> 1.3819196 | AN31: 0 | AO31: =AN31+AO30 -> 9 | AP31: =AN31/(P31) -> 0 | AQ31: =AO31/(Q31) -> 0.0082131701 | AR31: =IF(AND(R31>0,AN31>0),AN31/(R31),0) -> 0 | AS31: =IF(AND(S31>0,AO31>0),AO31/(S31),0) -> 0.0084429272 | AT31: ='23'!I46 -> 43269.68 | AU31: =AT31+AU30 -> 936208.92 | AV31: =IF(AND(L31>0,AT31>0),(AT31/(P31*1000)*1000),0) -> 950.79391 | AW31: =IF(AND(M31>0,AU31>0),(AU31/(Q31*1000)*1000),0) -> 854.36034 | AX31: =IF(AND(R31>0,AT31>0),(AT31/(R31*1000)*1000),0) -> 946.6337 | AY31: =IF(AND(S31>0,AU31>0),(AU31/(S31*1000)*1000),0) -> 878.26042 | AZ31: =+Listrik!S30 -> 20655 | BA31: =AZ31+BA30 -> 561111.79 | BB31: =IF(AND(L31>0,AZ31>0),(AZ31/(P31*1000)*1000),0) -> 453.86627 | BC31: =IF(AND(M31>0,BA31>0),(BA31/(Q31*1000)*1000),0) -> 512.05629 | BD31: =IF(AND(R31>0,AZ31>0),(AZ31/(R31*1000)*1000),0) -> 451.88037 | BE31: =IF(AND(S31>0,BA31>0),(BA31/(S31*1000)*1000),0) -> 526.38067 | BF31: =+Listrik!V30 -> 1400.1 | BG31: =BF31+BG30 -> 29290 | BH31: =IF(AND(L31>0,BF31>0),(BF31/(P31*1000)*1000),0) -> 30.765343 | BI31: =IF(AND(M31>0,BG31>0),(BG31/(Q31*1000)*1000),0) -> 26.729306 | BJ31: =IF(AND(R31>0,BF31>0),(BF31/(R31*1000)*1000),0) -> 30.630729 | BK31: =IF(AND(S31>0,BG31>0),(BG31/(S31*1000)*1000),0) -> 27.477038 | BL31: =+SUM(Efficiency2!K128:K129) -> 46.240849 | BM31: =BM30+BL31 -> 1199.243 | BN31: =+R31/BL31 -> 0.98849829 | BO31: =+S31/BM31 -> 0.88887826
A32: =A31+1 -> 46046 | B32: Toilet | C32: 13,5 | D32: =+'24'!F42 -> 1210.8365 | E32: =+'24'!G42 -> 956.56084 | F32: =1-(E32/D32) -> 0.21 | G32: =+P32/N32 -> 0.84194703 | H32: =+P32/L32 -> 0.80272457 | I32: =+R32/P32 -> 0.9817343 | J32: =+R32/L32 -> 0.78806224 | K32: =+S32/M32 -> 0.85909803 | L32: =+Efficiency1!K134 -> 53.197575 | M32: =M31+L32 -> 1289.613 | N32: =+Efficiency1!C134 -> 50.719343 | O32: =O31+N32 -> 1238.2885 | P32: ='24'!I38 -> 42.703 | Q32: =Q31+P32 -> 1138.504 | R32: ='24'!I40 -> 41.923 | S32: =S31+R32 -> 1107.904 | T32: =R32/P32 -> 0.9817343 | U32: =S32/Q32 -> 0.97312262 | V32: =R32/L32 -> 0.78806224 | W32: =S32/M32 -> 0.85909803 | AB32: =+[1]Report1!AY32 -> 3332.608 | AC32: =AB32+AC31 -> 119842.79 | AD32: =AB32/P32 -> 78.041542 | AE32: =AC32/Q32 -> 105.26339 | AF32: =IF(AND(R32>0,AB32>0),(AB32/(R32*1000))*1000,0) -> 79.493547 | AG32: =IF(AND(S32>0,AC32>0),AC32/S32,0) -> 108.17074 | AH32: 65.7 | AI32: =AH32+AI31 -> 1538.8 | AJ32: =AH32/(P32) -> 1.5385336 | AK32: =AI32/(Q32) -> 1.3515982 | AL32: =IF(AND(R32>0,AH32>0),AH32/(R32),0) -> 1.5671588 | AM32: =IF(AND(S32>0,AI32>0),AI32/(S32),0) -> 1.388929 | AN32: 0 | AO32: =AN32+AO31 -> 9 | AP32: =AN32/(P32) -> 0 | AQ32: =AO32/(Q32) -> 0.0079051106 | AR32: =IF(AND(R32>0,AN32>0),AN32/(R32),0) -> 0 | AS32: =IF(AND(S32>0,AO32>0),AO32/(S32),0) -> 0.0081234475 | AT32: =+'24'!I46 -> 41480.9 | AU32: =AT32+AU31 -> 977689.82 | AV32: =IF(AND(L32>0,AT32>0),(AT32/(P32*1000)*1000),0) -> 971.3814 | AW32: =IF(AND(M32>0,AU32>0),(AU32/(Q32*1000)*1000),0) -> 858.74957 | AX32: =IF(AND(R32>0,AT32>0),(AT32/(R32*1000)*1000),0) -> 989.45448 | AY32: =IF(AND(S32>0,AU32>0),(AU32/(S32*1000)*1000),0) -> 882.46799 | AZ32: =+Listrik!S31 -> 17617.1 | BA32: =AZ32+BA31 -> 578728.89 | BB32: =IF(AND(L32>0,AZ32>0),(AZ32/(P32*1000)*1000),0) -> 412.54947 | BC32: =IF(AND(M32>0,BA32>0),(BA32/(Q32*1000)*1000),0) -> 508.32399 | BD32: =IF(AND(R32>0,AZ32>0),(AZ32/(R32*1000)*1000),0) -> 420.22517 | BE32: =IF(AND(S32>0,BA32>0),(BA32/(S32*1000)*1000),0) -> 522.36375 | BF32: =+Listrik!V31 -> 1370.1 | BG32: =BF32+BG31 -> 30660.1 | BH32: =IF(AND(L32>0,BF32>0),(BF32/(P32*1000)*1000),0) -> 32.084397 | BI32: =IF(AND(M32>0,BG32>0),(BG32/(Q32*1000)*1000),0) -> 26.930164 | BJ32: =IF(AND(R32>0,BF32>0),(BF32/(R32*1000)*1000),0) -> 32.681344 | BK32: =IF(AND(S32>0,BG32>0),(BG32/(S32*1000)*1000),0) -> 27.673968 | BL32: =+Efficiency2!K134 -> 46.316622 | BM32: =BM31+BL32 -> 1245.5596 | BN32: =+R32/BL32 -> 0.90513941 | BO32: =+S32/BM32 -> 0.88948294
A33: =A32+1 -> 46047 | B33: Toilet | C33: 13,5/14 | D33: =+'25'!F42 -> 1216.6902 | E33: =+'25'!G42 -> 961.18528 | F33: =1-(E33/D33) -> 0.21 | G33: =+P33/N33 -> 0.76927401 | H33: =+P33/L33 -> 0.73597545 | I33: =+R33/P33 -> 0.86183879 | J33: =+R33/L33 -> 0.63429219 | K33: =+S33/M33 -> 0.85007237 | L33: =+SUM(Efficiency1!K141:K142) -> 53.942016 | M33: =M32+L33 -> 1343.555 | N33: =+SUM(Efficiency1!C141:C142) -> 51.607099 | O33: =O32+N33 -> 1289.8956 | P33: ='25'!I38 -> 39.7 | Q33: =Q32+P33 -> 1178.204 | R33: ='25'!I40 -> 34.215 | S33: =S32+R33 -> 1142.119 | T33: =R33/P33 -> 0.86183879 | U33: =S33/Q33 -> 0.96937288 | V33: =R33/L33 -> 0.63429219 | W33: =S33/M33 -> 0.85007237 | AB33: =+[1]Report1!AY33 -> 0 | AC33: =AB33+AC32 -> 119842.79 | AD33: =AB33/P33 -> 0 | AE33: =AC33/Q33 -> 101.7165 | AF33: =IF(AND(R33>0,AB33>0),(AB33/(R33*1000))*1000,0) -> 0 | AG33: =IF(AND(S33>0,AC33>0),AC33/S33,0) -> 104.93021 | AH33: 57.9 | AI33: =AH33+AI32 -> 1596.7 | AJ33: =AH33/(P33) -> 1.4584383 | AK33: =AI33/(Q33) -> 1.3551983 | AL33: =IF(AND(R33>0,AH33>0),AH33/(R33),0) -> 1.6922402 | AM33: =IF(AND(S33>0,AI33>0),AI33/(S33),0) -> 1.3980154 | AN33: 0 | AO33: =AN33+AO32 -> 9 | AP33: =AN33/(P33) -> 0 | AQ33: =AO33/(Q33) -> 0.0076387451 | AR33: =IF(AND(R33>0,AN33>0),AN33/(R33),0) -> 0 | AS33: =IF(AND(S33>0,AO33>0),AO33/(S33),0) -> 0.0078800896 | AT33: =+'25'!I46 -> 37051.6 | AU33: =AT33+AU32 -> 1014741.4 | AV33: =IF(AND(L33>0,AT33>0),(AT33/(P33*1000)*1000),0) -> 933.28967 | AW33: =IF(AND(M33>0,AU33>0),(AU33/(Q33*1000)*1000),0) -> 861.26122 | AX33: =IF(AND(R33>0,AT33>0),(AT33/(R33*1000)*1000),0) -> 1082.9052 | AY33: =IF(AND(S33>0,AU33>0),(AU33/(S33*1000)*1000),0) -> 888.47258 | AZ33: =+Listrik!S32 -> 17101.98 | BA33: =AZ33+BA32 -> 595830.87 | BB33: =IF(AND(L33>0,AZ33>0),(AZ33/(P33*1000)*1000),0) -> 430.78035 | BC33: =IF(AND(M33>0,BA33>0),(BA33/(Q33*1000)*1000),0) -> 505.71113 | BD33: =IF(AND(R33>0,AZ33>0),(AZ33/(R33*1000)*1000),0) -> 499.83867 | BE33: =IF(AND(S33>0,BA33>0),(BA33/(S33*1000)*1000),0) -> 521.68896 | BF33: =+Listrik!V32 -> 1322.2 | BG33: =BF33+BG32 -> 31982.3 | BH33: =IF(AND(L33>0,BF33>0),(BF33/(P33*1000)*1000),0) -> 33.304786 | BI33: =IF(AND(M33>0,BG33>0),(BG33/(Q33*1000)*1000),0) -> 27.14496 | BJ33: =IF(AND(R33>0,BF33>0),(BF33/(R33*1000)*1000),0) -> 38.64387 | BK33: =IF(AND(S33>0,BG33>0),(BG33/(S33*1000)*1000),0) -> 28.002599 | BL33: =+SUM(Efficiency2!K141:K142) -> 51.607099 | BM33: =BM32+BL33 -> 1297.1667 | BN33: =+R33/BL33 -> 0.66299018 | BO33: =+S33/BM33 -> 0.88047205
A34: =A33+1 -> 46048 | B34: Toilet | C34: 14 | D34: =+'26'!F42 -> 917.1976 | E34: =+'26'!G42 -> 718.63569 | F34: =1-(E34/D34) -> 0.2164876 | G34: =+P34/N34 -> 0.86353483 | H34: =+P34/L34 -> 0.6236473 | I34: =+R34/P34 -> 1.1276752 | J34: =+R34/L34 -> 0.70327157 | K34: =+S34/M34 -> 0.84433006 | L34: =+Efficiency1!K149 -> 54.694376 | M34: =M33+L34 -> 1398.2494 | N34: =+Efficiency1!C149 -> 39.500433 | O34: =O33+N34 -> 1329.396 | P34: ='26'!I38 -> 34.11 | Q34: =Q33+P34 -> 1212.314 | R34: ='26'!I40 -> 38.465 | S34: =S33+R34 -> 1180.584 | T34: =R34/P34 -> 1.1276752 | U34: =S34/Q34 -> 0.97382691 | V34: =R34/L34 -> 0.70327157 | W34: =S34/M34 -> 0.84433006 | AB34: =+[1]Report1!AY34 -> 733.07004 | AC34: =AB34+AC33 -> 120575.86 | AD34: =AB34/P34 -> 21.491353 | AE34: =AC34/Q34 -> 99.459266 | AF34: =IF(AND(R34>0,AB34>0),(AB34/(R34*1000))*1000,0) -> 19.058106 | AG34: =IF(AND(S34>0,AC34>0),AC34/S34,0) -> 102.13239 | AH34: 70.8 | AI34: =AH34+AI33 -> 1667.5 | AJ34: =AH34/(P34) -> 2.0756376 | AK34: =AI34/(Q34) -> 1.3754687 | AL34: =IF(AND(R34>0,AH34>0),AH34/(R34),0) -> 1.8406343 | AM34: =IF(AND(S34>0,AI34>0),AI34/(S34),0) -> 1.4124366 | AN34: 0 | AO34: =AN34+AO33 -> 9 | AP34: =AN34/(P34) -> 0 | AQ34: =AO34/(Q34) -> 0.0074238192 | AR34: =IF(AND(R34>0,AN34>0),AN34/(R34),0) -> 0 | AS34: =IF(AND(S34>0,AO34>0),AO34/(S34),0) -> 0.0076233457 | AT34: ='26'!I46 -> 35970.26 | AU34: =AT34+AU33 -> 1050711.7 | AV34: =IF(AND(L34>0,AT34>0),(AT34/(P34*1000)*1000),0) -> 1054.5371 | AW34: =IF(AND(M34>0,AU34>0),(AU34/(Q34*1000)*1000),0) -> 866.69929 | AX34: =IF(AND(R34>0,AT34>0),(AT34/(R34*1000)*1000),0) -> 935.1426 | AY34: =IF(AND(S34>0,AU34>0),(AU34/(S34*1000)*1000),0) -> 889.99316 | AZ34: =+Listrik!S33 -> 19674.36 | BA34: =AZ34+BA33 -> 615505.23 | BB34: =IF(AND(L34>0,AZ34>0),(AZ34/(P34*1000)*1000),0) -> 576.79156 | BC34: =IF(AND(M34>0,BA34>0),(BA34/(Q34*1000)*1000),0) -> 507.71107 | BD34: =IF(AND(R34>0,AZ34>0),(AZ34/(R34*1000)*1000),0) -> 511.48733 | BE34: =IF(AND(S34>0,BA34>0),(BA34/(S34*1000)*1000),0) -> 521.35658 | BF34: =+Listrik!V33 -> 1397.6 | BG34: =BF34+BG33 -> 33379.9 | BH34: =IF(AND(L34>0,BF34>0),(BF34/(P34*1000)*1000),0) -> 40.973322 | BI34: =IF(AND(M34>0,BG34>0),(BG34/(Q34*1000)*1000),0) -> 27.534038 | BJ34: =IF(AND(R34>0,BF34>0),(BF34/(R34*1000)*1000),0) -> 36.33433 | BK34: =IF(AND(S34>0,BG34>0),(BG34/(S34*1000)*1000),0) -> 28.274058 | BL34: =+Efficiency2!K149 -> 36.51047 | BM34: =BM33+BL34 -> 1333.6772 | BN34: =+R34/BL34 -> 1.0535334 | BO34: =+S34/BM34 -> 0.88520974
A35: =A34+1 -> 46049 | B35: Toilet | C35: 14 | D35: =+'27'!F42 -> 896.55556 | E35: =+'27'!G42 -> 699.31333 | F35: =1-(E35/D35) -> 0.22 | G35: =+P35/N35 -> 0.90861906 | H35: =+P35/L35 -> 0.6389235 | I35: =+R35/P35 -> 0.99014217 | J35: =+R35/L35 -> 0.6326251 | K35: =+S35/M35 -> 0.836327 | L35: =+Efficiency1!K157 -> 54.934589 | M35: =M34+L35 -> 1453.184 | N35: =+Efficiency1!C157 -> 38.62895 | O35: =O34+N35 -> 1368.025 | P35: ='27'!I38 -> 35.099 | Q35: =Q34+P35 -> 1247.413 | R35: ='27'!I40 -> 34.753 | S35: =S34+R35 -> 1215.337 | T35: =R35/P35 -> 0.99014217 | U35: =S35/Q35 -> 0.97428598 | V35: =R35/L35 -> 0.6326251 | W35: =S35/M35 -> 0.836327 | AB35: =+[1]Report1!AY35 -> 548.90239 | AC35: =AB35+AC34 -> 121124.76 | AD35: =AB35/P35 -> 15.63869 | AE35: =AC35/Q35 -> 97.100771 | AF35: =IF(AND(R35>0,AB35>0),(AB35/(R35*1000))*1000,0) -> 15.794389 | AG35: =IF(AND(S35>0,AC35>0),AC35/S35,0) -> 99.66352 | AH35: 74.6 | AI35: =AH35+AI34 -> 1742.1 | AJ35: =AH35/(P35) -> 2.1254167 | AK35: =AI35/(Q35) -> 1.3965703 | AL35: =IF(AND(R35>0,AH35>0),AH35/(R35),0) -> 2.1465773 | AM35: =IF(AND(S35>0,AI35>0),AI35/(S35),0) -> 1.4334296 | AN35: 0 | AO35: =AN35+AO34 -> 9 | AP35: =AN35/(P35) -> 0 | AQ35: =AO35/(Q35) -> 0.007214932 | AR35: =IF(AND(R35>0,AN35>0),AN35/(R35),0) -> 0 | AS35: =IF(AND(S35>0,AO35>0),AO35/(S35),0) -> 0.0074053534 | AT35: ='27'!I46 -> 37403.02 | AU35: =AT35+AU34 -> 1088114.7 | AV35: =IF(AND(L35>0,AT35>0),(AT35/(P35*1000)*1000),0) -> 1065.6435 | AW35: =IF(AND(M35>0,AU35>0),(AU35/(Q35*1000)*1000),0) -> 872.29707 | AX35: =IF(AND(R35>0,AT35>0),(AT35/(R35*1000)*1000),0) -> 1076.253 | AY35: =IF(AND(S35>0,AU35>0),(AU35/(S35*1000)*1000),0) -> 895.31932 | AZ35: =+Listrik!S34 -> 18813.8 | BA35: =AZ35+BA34 -> 634319.03 | BB35: =IF(AND(L35>0,AZ35>0),(AZ35/(P35*1000)*1000),0) -> 536.02097 | BC35: =IF(AND(M35>0,BA35>0),(BA35/(Q35*1000)*1000),0) -> 508.50763 | BD35: =IF(AND(R35>0,AZ35>0),(AZ35/(R35*1000)*1000),0) -> 541.35758 | BE35: =IF(AND(S35>0,BA35>0),(BA35/(S35*1000)*1000),0) -> 521.92851 | BF35: =+Listrik!V34 -> 1329.9 | BG35: =BF35+BG34 -> 34709.8 | BH35: =IF(AND(L35>0,BF35>0),(BF35/(P35*1000)*1000),0) -> 37.889968 | BI35: =IF(AND(M35>0,BG35>0),(BG35/(Q35*1000)*1000),0) -> 27.825428 | BJ35: =IF(AND(R35>0,BF35>0),(BF35/(R35*1000)*1000),0) -> 38.2672 | BK35: =IF(AND(S35>0,BG35>0),(BG35/(S35*1000)*1000),0) -> 28.559815 | BL35: =+Efficiency2!K157 -> 38.62895 | BM35: =BM34+BL35 -> 1372.3061 | BN35: =+R35/BL35 -> 0.89966205 | BO35: =+S35/BM35 -> 0.88561655
A36: =A35+1 -> 46050 | B36: Toilet | C36: 14 | D36: =+'28'!F42 -> 832.98611 | E36: =+'28'!G42 -> 649.72917 | F36: =1-(E36/D36) -> 0.22 | G36: =+P36/N36 -> 0.98459182 | H36: =+P36/L36 -> 0.64325593 | I36: =+R36/P36 -> 0.94634519 | J36: =+R36/L36 -> 0.60874216 | K36: =+S36/M36 -> 0.82803701 | L36: =+Efficiency1!K163 -> 54.934589 | M36: =M35+L36 -> 1508.1186 | N36: =+Efficiency1!C163 -> 35.89 | O36: =O35+N36 -> 1403.915 | P36: ='28'!I38 -> 35.337 | Q36: =Q35+P36 -> 1282.75 | R36: ='28'!I40 -> 33.441 | S36: =S35+R36 -> 1248.778 | T36: =R36/P36 -> 0.94634519 | U36: =S36/Q36 -> 0.97351627 | V36: =R36/L36 -> 0.60874216 | W36: =S36/M36 -> 0.82803701 | AB36: =+[1]Report1!AY36 -> 751.71566 | AC36: =AB36+AC35 -> 121876.48 | AD36: =AB36/P36 -> 21.272764 | AE36: =AC36/Q36 -> 95.011872 | AF36: =IF(AND(R36>0,AB36>0),(AB36/(R36*1000))*1000,0) -> 22.478863 | AG36: =IF(AND(S36>0,AC36>0),AC36/S36,0) -> 97.596594 | AH36: 73.2 | AI36: =AH36+AI35 -> 1815.3 | AJ36: =AH36/(P36) -> 2.0714831 | AK36: =AI36/(Q36) -> 1.4151627 | AL36: =IF(AND(R36>0,AH36>0),AH36/(R36),0) -> 2.1889298 | AM36: =IF(AND(S36>0,AI36>0),AI36/(S36),0) -> 1.4536611 | AN36: 0 | AO36: =AN36+AO35 -> 9 | AP36: =AN36/(P36) -> 0 | AQ36: =AO36/(Q36) -> 0.0070161762 | AR36: =IF(AND(R36>0,AN36>0),AN36/(R36),0) -> 0 | AS36: =IF(AND(S36>0,AO36>0),AO36/(S36),0) -> 0.0072070456 | AT36: ='28'!I46 -> 37943.18 | AU36: =AT36+AU35 -> 1126057.9 | AV36: =IF(AND(L36>0,AT36>0),(AT36/(P36*1000)*1000),0) -> 1073.7522 | AW36: =IF(AND(M36>0,AU36>0),(AU36/(Q36*1000)*1000),0) -> 877.84672 | AX36: =IF(AND(R36>0,AT36>0),(AT36/(R36*1000)*1000),0) -> 1134.6305 | AY36: =IF(AND(S36>0,AU36>0),(AU36/(S36*1000)*1000),0) -> 901.72783 | AZ36: =+Listrik!S35 -> 19380 | BA36: =AZ36+BA35 -> 653699.03 | BB36: =IF(AND(L36>0,AZ36>0),(AZ36/(P36*1000)*1000),0) -> 548.43365 | BC36: =IF(AND(M36>0,BA36>0),(BA36/(Q36*1000)*1000),0) -> 509.60751 | BD36: =IF(AND(R36>0,AZ36>0),(AZ36/(R36*1000)*1000),0) -> 579.52812 | BE36: =IF(AND(S36>0,BA36>0),(BA36/(S36*1000)*1000),0) -> 523.47097 | BF36: =+Listrik!V35 -> 300.1 | BG36: =BF36+BG35 -> 35009.9 | BH36: =IF(AND(L36>0,BF36>0),(BF36/(P36*1000)*1000),0) -> 8.4925149 | BI36: =IF(AND(M36>0,BG36>0),(BG36/(Q36*1000)*1000),0) -> 27.292847 | BJ36: =IF(AND(R36>0,BF36>0),(BF36/(R36*1000)*1000),0) -> 8.9740139 | BK36: =IF(AND(S36>0,BG36>0),(BG36/(S36*1000)*1000),0) -> 28.035327 | BL36: =+Efficiency2!K163 -> 35.89 | BM36: =BM35+BL36 -> 1408.1961 | BN36: =+R36/BL36 -> 0.93176373 | BO36: =+S36/BM36 -> 0.88679268
A37: =A36+1 -> 46051 | B37: Toilet | C37: 14 | D37: =+'29'!F42 -> 856.98611 | E37: =+'29'!G42 -> 668.44917 | F37: =1-(E37/D37) -> 0.22 | G37: =+P37/N37 -> 0.95324131 | H37: =+P37/L37 -> 0.64071731 | I37: =+R37/P37 -> 0.99337598 | J37: =+R37/L37 -> 0.63647319 | K37: =+S37/M37 -> 0.82128066 | L37: =+Efficiency1!K169 -> 55.13508 | M37: =M36+L37 -> 1563.2537 | N37: =+Efficiency1!C169 -> 37.058822 | O37: =O36+N37 -> 1440.9738 | P37: ='29'!I38 -> 35.326 | Q37: =Q36+P37 -> 1318.076 | R37: ='29'!I40 -> 35.092 | S37: =S36+R37 -> 1283.87 | T37: =R37/P37 -> 0.99337598 | U37: =S37/Q37 -> 0.97404854 | V37: =R37/L37 -> 0.63647319 | W37: =S37/M37 -> 0.82128066 | AB37: =+[1]Report1!AY37 -> 741.47128 | AC37: =AB37+AC36 -> 122617.95 | AD37: =AB37/P37 -> 20.989393 | AE37: =AC37/Q37 -> 93.027982 | AF37: =IF(AND(R37>0,AB37>0),(AB37/(R37*1000))*1000,0) -> 21.129354 | AG37: =IF(AND(S37>0,AC37>0),AC37/S37,0) -> 95.506516 | AH37: 74.7 | AI37: =AH37+AI36 -> 1890 | AJ37: =AH37/(P37) -> 2.1145898 | AK37: =AI37/(Q37) -> 1.4339082 | AL37: =IF(AND(R37>0,AH37>0),AH37/(R37),0) -> 2.1286903 | AM37: =IF(AND(S37>0,AI37>0),AI37/(S37),0) -> 1.4721117 | AN37: 0 | AO37: =AN37+AO36 -> 9 | AP37: =AN37/(P37) -> 0 | AQ37: =AO37/(Q37) -> 0.0068281343 | AR37: =IF(AND(R37>0,AN37>0),AN37/(R37),0) -> 0 | AS37: =IF(AND(S37>0,AO37>0),AO37/(S37),0) -> 0.0070100555 | AT37: ='29'!I46 -> 35060.74 | AU37: =AT37+AU36 -> 1161118.6 | AV37: =IF(AND(L37>0,AT37>0),(AT37/(P37*1000)*1000),0) -> 992.49108 | AW37: =IF(AND(M37>0,AU37>0),(AU37/(Q37*1000)*1000),0) -> 880.91932 | AX37: =IF(AND(R37>0,AT37>0),(AT37/(R37*1000)*1000),0) -> 999.1092 | AY37: =IF(AND(S37>0,AU37>0),(AU37/(S37*1000)*1000),0) -> 904.38956 | AZ37: =+Listrik!S36 -> 20064 | BA37: =AZ37+BA36 -> 673763.03 | BB37: =IF(AND(L37>0,AZ37>0),(AZ37/(P37*1000)*1000),0) -> 567.96694 | BC37: =IF(AND(M37>0,BA37>0),(BA37/(Q37*1000)*1000),0) -> 511.17161 | BD37: =IF(AND(R37>0,AZ37>0),(AZ37/(R37*1000)*1000),0) -> 571.75425 | BE37: =IF(AND(S37>0,BA37>0),(BA37/(S37*1000)*1000),0) -> 524.7907 | BF37: =+Listrik!V36 -> 1320.1 | BG37: =BF37+BG36 -> 36330 | BH37: =IF(AND(L37>0,BF37>0),(BF37/(P37*1000)*1000),0) -> 37.369077 | BI37: =IF(AND(M37>0,BG37>0),(BG37/(Q37*1000)*1000),0) -> 27.562902 | BJ37: =IF(AND(R37>0,BF37>0),(BF37/(R37*1000)*1000),0) -> 37.618261 | BK37: =IF(AND(S37>0,BG37>0),(BG37/(S37*1000)*1000),0) -> 28.297258 | BL37: =+Efficiency2!K169 -> 37.058822 | BM37: =BM36+BL37 -> 1445.2549 | BN37: =+R37/BL37 -> 0.94692703 | BO37: =+S37/BM37 -> 0.88833463
A38: =A37+1 -> 46052 | B38: Toilet | C38: 14/15 | D38: =+'30'!F42 -> 1015.9007 | E38: =+'30'!G42 -> 792.40255 | F38: =1-(E38/D38) -> 0.22 | G38: =+P38/N38 -> 1.0124071 | H38: =+P38/L38 -> 0.85856345 | I38: =+R38/P38 -> 0.96307992 | J38: =+R38/L38 -> 0.82686522 | K38: =+S38/M38 -> 0.82147032 | L38: =+SUM(Efficiency1!K175:K176) -> 54.955752 | M38: =M37+L38 -> 1618.2094 | N38: =+SUM(Efficiency1!C175:C176) -> 46.604772 | O38: =O37+N38 -> 1487.5786 | P38: ='30'!I38 -> 47.183 | Q38: =Q37+P38 -> 1365.259 | R38: ='30'!I40 -> 45.441 | S38: =S37+R38 -> 1329.311 | T38: =R38/P38 -> 0.96307992 | U38: =S38/Q38 -> 0.97366946 | V38: =R38/L38 -> 0.82686522 | W38: =S38/M38 -> 0.82147032 | AB38: =+[1]Report1!AY38 -> 3507.0012 | AC38: =AB38+AC37 -> 126124.95 | AD38: =AB38/P38 -> 74.327643 | AE38: =AC38/Q38 -> 92.381703 | AF38: =IF(AND(R38>0,AB38>0),(AB38/(R38*1000))*1000,0) -> 77.177024 | AG38: =IF(AND(S38>0,AC38>0),AC38/S38,0) -> 94.879943 | AH38: 69.3 | AI38: =AH38+AI37 -> 1959.3 | AJ38: =AH38/(P38) -> 1.4687493 | AK38: =AI38/(Q38) -> 1.4351123 | AL38: =IF(AND(R38>0,AH38>0),AH38/(R38),0) -> 1.5250545 | AM38: =IF(AND(S38>0,AI38>0),AI38/(S38),0) -> 1.4739215 | AN38: 0 | AO38: =AN38+AO37 -> 9 | AP38: =AN38/(P38) -> 0 | AQ38: =AO38/(Q38) -> 0.0065921558 | AR38: =IF(AND(R38>0,AN38>0),AN38/(R38),0) -> 0 | AS38: =IF(AND(S38>0,AO38>0),AO38/(S38),0) -> 0.0067704247 | AT38: ='30'!I46 -> 39119.74 | AU38: =AT38+AU37 -> 1200238.4 | AV38: =IF(AND(L38>0,AT38>0),(AT38/(P38*1000)*1000),0) -> 829.10667 | AW38: =IF(AND(M38>0,AU38>0),(AU38/(Q38*1000)*1000),0) -> 879.12869 | AX38: =IF(AND(R38>0,AT38>0),(AT38/(R38*1000)*1000),0) -> 860.89083 | AY38: =IF(AND(S38>0,AU38>0),(AU38/(S38*1000)*1000),0) -> 902.9026 | AZ38: =+Listrik!S37 -> 26404.8 | BA38: =AZ38+BA37 -> 700167.83 | BB38: =IF(AND(L38>0,AZ38>0),(AZ38/(P38*1000)*1000),0) -> 559.62529 | BC38: =IF(AND(M38>0,BA38>0),(BA38/(Q38*1000)*1000),0) -> 512.84616 | BD38: =IF(AND(R38>0,AZ38>0),(AZ38/(R38*1000)*1000),0) -> 581.07876 | BE38: =IF(AND(S38>0,BA38>0),(BA38/(S38*1000)*1000),0) -> 526.71484 | BF38: =+Listrik!V37 -> 1729.8 | BG38: =BF38+BG37 -> 38059.8 | BH38: =IF(AND(L38>0,BF38>0),(BF38/(P38*1000)*1000),0) -> 36.661509 | BI38: =IF(AND(M38>0,BG38>0),(BG38/(Q38*1000)*1000),0) -> 27.877348 | BJ38: =IF(AND(R38>0,BF38>0),(BF38/(R38*1000)*1000),0) -> 38.066944 | BK38: =IF(AND(S38>0,BG38>0),(BG38/(S38*1000)*1000),0) -> 28.631223 | BL38: =+SUM(Efficiency2!K175:K176) -> 46.604772 | BM38: =BM37+BL38 -> 1491.8597 | BN38: =+R38/BL38 -> 0.97502891 | BO38: =+S38/BM38 -> 0.89104291
A39: =A38+1 -> 46053 | B39: Toilet | C39: 15 | D39: =+'31'!F42 -> 0 | E39: =+'31'!G42 -> 0 | F39: =1-(E39/D39) -> #DIV/0! | G39: =+P39/N39 -> 0 | H39: =+P39/L39 -> 0 | I39: =+R39/P39 -> #DIV/0! | J39: =+R39/L39 -> 0.053135922 | K39: =+S39/M39 -> 0.79624348 | L39: =+Efficiency1!K182 -> 54.934589 | M39: =M38+L39 -> 1673.144 | N39: =+Efficiency1!C182 -> 47.16532 | O39: =O38+N39 -> 1534.7439 | P39: ='31'!I38 -> 0 | Q39: =Q38+P39 -> 1365.259 | R39: ='31'!I40 -> 2.919 | S39: =S38+R39 -> 1332.23 | T39: =R39/P39 -> #DIV/0! | U39: =S39/Q39 -> 0.97580752 | V39: =R39/L39 -> 0.053135922 | W39: =S39/M39 -> 0.79624348 | AB39: =+[1]Report1!AY39 -> 50.039888 | AC39: =AB39+AC38 -> 126174.99 | AD39: =AB39/P39 -> #DIV/0! | AE39: =AC39/Q39 -> 92.418355 | AF39: =IF(AND(R39>0,AB39>0),(AB39/(R39*1000))*1000,0) -> 17.142819 | AG39: =IF(AND(S39>0,AC39>0),AC39/S39,0) -> 94.709616 | AH39: 18.4 | AI39: =AH39+AI38 -> 1977.7 | AJ39: =AH39/(P39) -> #DIV/0! | AK39: =AI39/(Q39) -> 1.4485896 | AL39: =IF(AND(R39>0,AH39>0),AH39/(R39),0) -> 6.3035286 | AM39: =IF(AND(S39>0,AI39>0),AI39/(S39),0) -> 1.4845034 | AN39: 0 | AO39: =AN39+AO38 -> 9 | AP39: =AN39/(P39) -> #DIV/0! | AQ39: =AO39/(Q39) -> 0.0065921558 | AR39: =IF(AND(R39>0,AN39>0),AN39/(R39),0) -> 0 | AS39: =IF(AND(S39>0,AO39>0),AO39/(S39),0) -> 0.0067555903 | AT39: ='31'!I46 -> 10445.02 | AU39: =AT39+AU38 -> 1210683.4 | AV39: =IF(AND(L39>0,AT39>0),(AT39/(P39*1000)*1000),0) -> #DIV/0! | AW39: =IF(AND(M39>0,AU39>0),(AU39/(Q39*1000)*1000),0) -> 886.77927 | AX39: =IF(AND(R39>0,AT39>0),(AT39/(R39*1000)*1000),0) -> 3578.2871 | AY39: =IF(AND(S39>0,AU39>0),(AU39/(S39*1000)*1000),0) -> 908.76454 | AZ39: =+Listrik!S38 -> 0 | BA39: =AZ39+BA38 -> 700167.83 | BB39: =IF(AND(L39>0,AZ39>0),(AZ39/(P39*1000)*1000),0) -> 0 | BC39: =IF(AND(M39>0,BA39>0),(BA39/(Q39*1000)*1000),0) -> 512.84616 | BD39: =IF(AND(R39>0,AZ39>0),(AZ39/(R39*1000)*1000),0) -> 0 | BE39: =IF(AND(S39>0,BA39>0),(BA39/(S39*1000)*1000),0) -> 525.56078 | BF39: =+Listrik!V38 -> 1430.1 | BG39: =BF39+BG38 -> 39489.9 | BH39: =IF(AND(L39>0,BF39>0),(BF39/(P39*1000)*1000),0) -> #DIV/0! | BI39: =IF(AND(M39>0,BG39>0),(BG39/(Q39*1000)*1000),0) -> 28.924841 | BJ39: =IF(AND(R39>0,BF39>0),(BF39/(R39*1000)*1000),0) -> 489.92806 | BK39: =IF(AND(S39>0,BG39>0),(BG39/(S39*1000)*1000),0) -> 29.641954 | BL39: =+Efficiency2!K182 -> 54.934589 | BM39: =BM38+BL39 -> 1546.7943 | BN39: =+R39/BL39 -> 0.053135922 | BO39: =+S39/BM39 -> 0.86128454
J40: =+R40/L40 -> #DIV/0! | K40: =+S40/M40 -> #DIV/0!
G41: =+P41/N41 -> 0.88956797 | H41: =+P41/L41 -> 0.81598416 | I41: =+R41/P41 -> 0.97580752 | J41: =+R41/L41 -> 0.79624348 | L41: =SUM(L9:L39) -> 1673.144 | N41: =SUM(N9:N39) -> 1534.7439 | P41: =SUM(P9:P39) -> 1365.259 | R41: =SUM(R9:R39) -> 1332.23 | T41: =R41/P41 -> 0.97580752 | V41: =(R41/L41) -> 0.79624348 | Y41: =Y38+X41 -> 0 | Z41: =IF(AND(R41>0,X41>0),X41/R41*1000,0) -> 0 | AA41: =IF(AND(S41>0,Y41>0),Y41/S41*1000,0) -> 0 | AB41: =SUM(AB9:AB39) -> 126174.99 | AD41: =AB41/P41 -> 92.418355 | AF41: =AB41/R41 -> 94.709616 | AH41: =SUM(AH9:AH40) -> 1977.7 | AJ41: =AH41/P41 -> 1.4485896 | AL41: =AH41/R41 -> 1.4845034 | AN41: =SUM(AN9:AN40) -> 9 | AP41: =AN41/P41 -> 0.0065921558 | AR41: =AN41/R41 -> 0.0067555903 | AT41: =SUM(AT9:AT39) -> 1210683.4 | AV41: =AT41/P41 -> 886.77927 | AX41: =AT41/R41 -> 908.76454 | AZ41: =SUM(AZ9:AZ39) -> 700167.83 | BB41: =AZ41/V41 -> 879338.86 | BD41: =AZ41/R41 -> 525.56078 | BF41: =SUM(BF9:BF39) -> 39489.9 | BH41: =BF41/AP41 -> 5990437.9 | BJ41: =BF41/AR41 -> 5845514.4 | BL41: =SUM(BL9:BL39) -> 1546.7943 | BN41: =+R41/BL41 -> 0.86128454

Sheet GRAFIK

Sheet Listrik
A2: MACHINE POWER CONSUMPTION (PER PANEL)
A4: Date | B4: PM (TON) | C4: FINSHED GOODS (TON) | P4: Total PM15 | S4: Deinking | V4: WPL
D5: Trafo 3000 (barat) | H5: Trafo 3000 (Timur) | L5: Rewinder tengah
D6: KWH | E6: Consumption | F6: /TON PM | G6: /TON FG | H6: KWH | I6: Consumption | J6: /TON PM | K6: /TON FG | L6: KWH | M6: Consumption | N6: /TON PM | O6: /TON FG | P6: Consumption | Q6: /TON PM | R6: /TON FG | S6: Consumption | T6: /TON PM | U6: /TON FG | V6: Consumption | W6: /TON PM | X6: /TON FG
A7: 46022 | B7: 0 | C7: 0
A8: 46023 | B8: =+Report1!P9 -> 44.625 | C8: =+Report1!R9 -> 44.228 | D8: =+D7+E8 -> 27960.64 | E8: =+[3]DailyJan!AL7 -> 27960.64 | F8: =E8/B8 -> 626.56896 | G8: =E8/C8 -> 632.19318 | H8: =+H7+I8 -> 9800.64 | I8: =+[3]DailyJan!AM7 -> 9800.64 | J8: =I8/B8 -> 219.62218 | K8: =I8/C8 -> 221.59356 | L8: =+L7+M8 -> 610 | M8: =+[3]DailyJan!AN7 -> 610 | N8: =M8/B8 -> 13.669468 | O8: =M8/C8 -> 13.792168 | P8: =+E8+I8+M8 -> 38371.28 | Q8: =P8/B8 -> 859.86062 | R8: =P8/C8 -> 867.57891 | S8: =+[3]DailyJan!BM7 -> 25320 | T8: =S8/B8 -> 567.39496 | U8: =S8/C8 -> 572.48802 | V8: =+[3]DailyJan!BQ7 -> 139.8 | W8: =V8/E8 -> 0.0049998856 | X8: =V8/F8 -> 0.22311989
A9: 46024 | B9: =+Report1!P10 -> 49.712 | C9: =+Report1!R10 -> 46.394 | D9: =+D8+E9 -> 59946.04 | E9: =+[3]DailyJan!AL8 -> 31985.4 | F9: =E9/B9 -> 643.41407 | G9: =E9/C9 -> 689.42967 | H9: =+H8+I9 -> 20626.04 | I9: =+[3]DailyJan!AM8 -> 10825.4 | J9: =I9/B9 -> 217.76231 | K9: =I9/C9 -> 233.33621 | L9: =+L8+M9 -> 1410 | M9: =+[3]DailyJan!AN8 -> 800 | N9: =M9/B9 -> 16.092694 | O9: =M9/C9 -> 17.243609 | P9: =+E9+I9+M9 -> 43610.8 | Q9: =P9/B9 -> 877.26907 | R9: =P9/C9 -> 940.00948 | S9: =+[3]DailyJan!BM8 -> 26780 | T9: =S9/B9 -> 538.70293 | U9: =S9/C9 -> 577.22981 | V9: =+[3]DailyJan!BQ8 -> 1120.1 | W9: =V9/E9 -> 0.035019102 | X9: =V9/F9 -> 1.7408696
A10: 46025 | B10: =+Report1!P11 -> 42.899 | C10: =+Report1!R11 -> 43.02 | D10: =+D9+E10 -> 88424.32 | E10: =+[3]DailyJan!AL9 -> 28478.28 | F10: =E10/B10 -> 663.84484 | G10: =E10/C10 -> 661.97768 | H10: =+H9+I10 -> 30944.32 | I10: =+[3]DailyJan!AM9 -> 10318.28 | J10: =I10/B10 -> 240.52495 | K10: =I10/C10 -> 239.84844 | L10: =+L9+M10 -> 2010 | M10: =+[3]DailyJan!AN9 -> 600 | N10: =M10/B10 -> 13.98634 | O10: =M10/C10 -> 13.947001 | P10: =+E10+I10+M10 -> 39396.56 | Q10: =P10/B10 -> 918.35614 | R10: =P10/C10 -> 915.77313 | S10: =+[3]DailyJan!BM9 -> 25570 | T10: =S10/B10 -> 596.05119 | U10: =S10/C10 -> 594.37471 | V10: =+[3]DailyJan!BQ9 -> 1200.1 | W10: =V10/E10 -> 0.042140888 | X10: =V10/F10 -> 1.8078019
A11: 46026 | B11: =+Report1!P12 -> 46.727 | C11: =+Report1!R12 -> 47.914 | D11: =+D10+E11 -> 118827.82 | E11: =+[3]DailyJan!AL10 -> 30403.5 | F11: =E11/B11 -> 650.66236 | G11: =E11/C11 -> 634.54314 | H11: =+H10+I11 -> 42187.82 | I11: =+[3]DailyJan!AM10 -> 11243.5 | J11: =I11/B11 -> 240.62105 | K11: =I11/C11 -> 234.66002 | L11: =+L10+M11 -> 2580 | M11: =+[3]DailyJan!AN10 -> 570 | N11: =M11/B11 -> 12.198515 | O11: =M11/C11 -> 11.896314 | P11: =+E11+I11+M11 -> 42217 | Q11: =P11/B11 -> 903.48193 | R11: =P11/C11 -> 881.09947 | S11: =+[3]DailyJan!BM10 -> 25340 | T11: =S11/B11 -> 542.29889 | U11: =S11/C11 -> 528.86422 | V11: =+[3]DailyJan!BQ10 -> 1259.8 | W11: =V11/E11 -> 0.041436019 | X11: =V11/F11 -> 1.9361809
A12: 46027 | B12: =+Report1!P13 -> 51.026 | C12: =+Report1!R13 -> 48.495 | D12: =+D11+E12 -> 149451.71 | E12: =+[3]DailyJan!AL11 -> 30623.89 | F12: =E12/B12 -> 600.16247 | G12: =E12/C12 -> 631.48551 | H12: =+H11+I12 -> 52651.71 | I12: =+[3]DailyJan!AM11 -> 10463.89 | J12: =I12/B12 -> 205.06977 | K12: =I12/C12 -> 215.77255 | L12: =+L11+M12 -> 3270 | M12: =+[3]DailyJan!AN11 -> 690 | N12: =M12/B12 -> 13.522518 | O12: =M12/C12 -> 14.228271 | P12: =+E12+I12+M12 -> 41777.78 | Q12: =P12/B12 -> 818.75475 | R12: =P12/C12 -> 861.48634 | S12: =+[3]DailyJan!BM11 -> 28130 | T12: =S12/B12 -> 551.28758 | U12: =S12/C12 -> 580.0598 | V12: =+[3]DailyJan!BQ11 -> 1210.1 | W12: =V12/E12 -> 0.039514902 | X12: =V12/F12 -> 2.0162874
A13: 46028 | B13: =+Report1!P14 -> 14.664 | C13: =+Report1!R14 -> 13.915 | D13: =+D12+E13 -> 163260.9 | E13: =+[3]DailyJan!AL12 -> 13809.19 | F13: =E13/B13 -> 941.7069 | G13: =E13/C13 -> 992.39598 | H13: =+H12+I13 -> 61300.9 | I13: =+[3]DailyJan!AM12 -> 8649.19 | J13: =I13/B13 -> 589.82474 | K13: =I13/C13 -> 621.57312 | L13: =+L12+M13 -> 3480 | M13: =+[3]DailyJan!AN12 -> 210 | N13: =M13/B13 -> 14.320786 | O13: =M13/C13 -> 15.091628 | P13: =+E13+I13+M13 -> 22668.38 | Q13: =P13/B13 -> 1545.8524 | R13: =P13/C13 -> 1629.0607 | S13: =+[3]DailyJan!BM12 -> 16920 | T13: =S13/B13 -> 1153.8462 | U13: =S13/C13 -> 1215.954 | V13: =+[3]DailyJan!BQ12 -> 1130.1 | W13: =V13/E13 -> 0.081836806 | X13: =V13/F13 -> 1.2000549
A14: 46029 | B14: =+Report1!P15 -> 45.86 | C14: =+Report1!R15 -> 38.475 | D14: =+D13+E14 -> 188669.62 | E14: =+[3]DailyJan!AL13 -> 25408.72 | F14: =E14/B14 -> 554.04972 | G14: =E14/C14 -> 660.39558 | H14: =+H13+I14 -> 73549.62 | I14: =+[3]DailyJan!AM13 -> 12248.72 | J14: =I14/B14 -> 267.0894 | K14: =I14/C14 -> 318.3553 | L14: =+L13+M14 -> 3800 | M14: =+[3]DailyJan!AN13 -> 320 | N14: =M14/B14 -> 6.9777584 | O14: =M14/C14 -> 8.317089 | P14: =+E14+I14+M14 -> 37977.44 | Q14: =P14/B14 -> 828.11688 | R14: =P14/C14 -> 987.06797 | S14: =+[3]DailyJan!BM13 -> 24940 | T14: =S14/B14 -> 543.82904 | U14: =S14/C14 -> 648.21313 | V14: =+[3]DailyJan!BQ13 -> 1230.1 | W14: =V14/E14 -> 0.048412513 | X14: =V14/F14 -> 2.2201979
A15: 46030 | B15: =+Report1!P16 -> 50.231 | C15: =+Report1!R16 -> 43.527 | D15: =+D14+E15 -> 213634.19 | E15: =+[3]DailyJan!AL14 -> 24964.57 | F15: =E15/B15 -> 496.99528 | G15: =E15/C15 -> 573.54217 | H15: =+H14+I15 -> 84354.19 | I15: =+[3]DailyJan!AM14 -> 10804.57 | J15: =I15/B15 -> 215.09765 | K15: =I15/C15 -> 248.22685 | L15: =+L14+M15 -> 4470 | M15: =+[3]DailyJan!AN14 -> 670 | N15: =M15/B15 -> 13.338377 | O15: =M15/C15 -> 15.392745 | P15: =+E15+I15+M15 -> 36439.14 | Q15: =P15/B15 -> 725.43131 | R15: =P15/C15 -> 837.16176 | S15: =+[3]DailyJan!BM14 -> 25470 | T15: =S15/B15 -> 507.05739 | U15: =S15/C15 -> 585.15404 | V15: =+[3]DailyJan!BQ14 -> 1210.1 | W15: =V15/E15 -> 0.048472696 | X15: =V15/F15 -> 2.434832
A16: 46031 | B16: =+Report1!P17 -> 46.224 | C16: =+Report1!R17 -> 50.356 | D16: =+D15+E16 -> 241490.37 | E16: =+[3]DailyJan!AL15 -> 27856.18 | F16: =E16/B16 -> 602.63456 | G16: =E16/C16 -> 553.18492 | H16: =+H15+I16 -> 95050.37 | I16: =+[3]DailyJan!AM15 -> 10696.18 | J16: =I16/B16 -> 231.39884 | K16: =I16/C16 -> 212.41123 | L16: =+L15+M16 -> 5220 | M16: =+[3]DailyJan!AN15 -> 750 | N16: =M16/B16 -> 16.225337 | O16: =M16/C16 -> 14.893955 | P16: =+E16+I16+M16 -> 39302.36 | Q16: =P16/B16 -> 850.25874 | R16: =P16/C16 -> 780.49011 | S16: =+[3]DailyJan!BM15 -> 24740 | T16: =S16/B16 -> 535.2198 | U16: =S16/C16 -> 491.30193 | V16: =+[3]DailyJan!BQ15 -> 1299.6 | W16: =V16/E16 -> 0.04665392 | X16: =V16/F16 -> 2.1565308
A17: 46032 | B17: =+Report1!P18 -> 36.938 | C17: =+Report1!R18 -> 35.657 | D17: =+D16+E17 -> 269394.6 | E17: =+[3]DailyJan!AL16 -> 27904.23 | F17: =E17/B17 -> 755.43424 | G17: =E17/C17 -> 782.57369 | H17: =+H16+I17 -> 104794.6 | I17: =+[3]DailyJan!AM16 -> 9744.23 | J17: =I17/B17 -> 263.79961 | K17: =I17/C17 -> 273.27678 | L17: =+L16+M17 -> 5670 | M17: =+[3]DailyJan!AN16 -> 450 | N17: =M17/B17 -> 12.182576 | O17: =M17/C17 -> 12.620243 | P17: =+E17+I17+M17 -> 38098.46 | Q17: =P17/B17 -> 1031.4164 | R17: =P17/C17 -> 1068.4707 | S17: =+[3]DailyJan!BM16 -> 22580 | T17: =S17/B17 -> 611.2946 | U17: =S17/C17 -> 633.25574 | V17: =+[3]DailyJan!BQ16 -> 1250.1 | W17: =V17/E17 -> 0.044799659 | X17: =V17/F17 -> 1.6548098
A18: 46033 | B18: =+Report1!P19 -> 54.876 | C18: =+Report1!R19 -> 52.124 | D18: =+D17+E18 -> 300536.77 | E18: =+[3]DailyJan!AL17 -> 31142.17 | F18: =E18/B18 -> 567.50073 | G18: =E18/C18 -> 597.46316 | H18: =+H17+I18 -> 116776.77 | I18: =+[3]DailyJan!AM17 -> 11982.17 | J18: =I18/B18 -> 218.34992 | K18: =I18/C18 -> 229.87818 | L18: =+L17+M18 -> 6240 | M18: =+[3]DailyJan!AN17 -> 570 | N18: =M18/B18 -> 10.387054 | O18: =M18/C18 -> 10.935462 | P18: =+E18+I18+M18 -> 43694.34 | Q18: =P18/B18 -> 796.2377 | R18: =P18/C18 -> 838.2768 | S18: =+[3]DailyJan!BM17 -> 28170 | T18: =S18/B18 -> 513.33916 | U18: =S18/C18 -> 540.44202 | V18: =+[3]DailyJan!BQ17 -> 1260.1 | W18: =V18/E18 -> 0.040462819 | X18: =V18/F18 -> 2.2204377
A19: 46034 | B19: =+Report1!P20 -> 51.634 | C19: =+Report1!R20 -> 52.848 | D19: =+D18+E19 -> 332163.21 | E19: =+[3]DailyJan!AL18 -> 31626.44 | F19: =E19/B19 -> 612.51191 | G19: =E19/C19 -> 598.44157 | H19: =+H18+I19 -> 127243.21 | I19: =+[3]DailyJan!AM18 -> 10466.44 | J19: =I19/B19 -> 202.70442 | K19: =I19/C19 -> 198.04799 | L19: =+L18+M19 -> 6820 | M19: =+[3]DailyJan!AN18 -> 580 | N19: =M19/B19 -> 11.232909 | O19: =M19/C19 -> 10.974871 | P19: =+E19+I19+M19 -> 42672.88 | Q19: =P19/B19 -> 826.44924 | R19: =P19/C19 -> 807.46443 | S19: =+[3]DailyJan!BM18 -> 25953.2 | T19: =S19/B19 -> 502.6378 | U19: =S19/C19 -> 491.09143 | V19: =+[3]DailyJan!BQ18 -> 1419.8 | W19: =V19/E19 -> 0.044892818 | X19: =V19/F19 -> 2.3179957
... A38: 46053 | B38: =+Report1!P39 -> 0 | C38: =+Report1!R39 -> 2.919 | D38: =+D37+E38 -> 865566.69 | E38: =+[3]DailyJan!AL37 -> 4632.51 | F38: =E38/B38 -> #DIV/0! | G38: =E38/C38 -> 1587.0195 | H38: =+H37+I38 -> 327606.69 | I38: =+[3]DailyJan!AM37 -> 5472.51 | J38: =I38/B38 -> #DIV/0! | K38: =I38/C38 -> 1874.7893 | L38: =+L37+M38 -> 17510 | M38: =+[3]DailyJan!AN37 -> 340 | N38: =M38/B38 -> #DIV/0! | O38: =M38/C38 -> 116.47825 | P38: =+E38+I38+M38 -> 10445.02 | Q38: =P38/B38 -> #DIV/0! | R38: =P38/C38 -> 3578.2871 | S38: =+[3]DailyJan!BM37 -> 0 | T38: =S38/B38 -> #DIV/0! | U38: =S38/C38 -> 0 | V38: =+[3]DailyJan!BQ37 -> 1430.1 | W38: =V38/E38 -> 0.30870953 | X38: =V38/F38 -> #DIV/0!
A40: TOTAL | B40: =SUM(B8:B38) -> 1365.259 | C40: =SUM(C8:C38) -> 1332.23 | E40: =SUM(E8:E39) -> 865566.69 | F40: =E40/B40 -> 633.99449 | G40: =E40/C40 -> 649.71265 | I40: =SUM(I8:I39) -> 327606.69 | J40: =I40/B40 -> 239.95937 | K40: =I40/C40 -> 245.90851 | M40: =SUM(M8:M39) -> 17510 | N40: =M40/B40 -> 12.825405 | O40: =M40/C40 -> 13.143376 | P40: =+E40+I40+M40 -> 1210683.4 | Q40: =P40/B40 -> 886.77927 | R40: =P40/C40 -> 908.76454 | S40: =+SUM(S8:S38) -> 700167.83 | T40: =S40/B40 -> 512.84616 | U40: =S40/C40 -> 525.56078 | V40: =+SUM(V8:V38) -> 39489.9 | W40: =V40/E40 -> 0.045623174 | X40: =V40/F40 -> 62.287449
P42: -1413750.8 | S42: -457460.92 | V42: -457460.92

Sheet Trim Rwd
A1: PM 15 | B1: =+Report1!A9 -> 46023
A3: Tgl | B3: Grade | C3: Ply | D3: Kombinasi Pot. | E3: Lebar Trim | F3: Jml Turunan | G3: Lebar x Turunan | H3: Rata-rata | I3: PHP PM
A4: =+B1 -> 46023 | B4: T 13,5 | C4: 2 | D4: 275*1 | E4: =275*1 -> 275 | F4: 72 | G4: =+E4*F4 -> 19800 | H4: =+G4/F4 -> 275 | I4: =+'1'!I38 -> 44.625
A6: 46024 | B6: T 13,5 | C6: 2 | D6: 275*1 | E6: =275*1 -> 275 | F6: 76 | G6: =+E6*F6 -> 20900 | H6: =+G6/F6 -> 275 | I6: =+'2'!I38 -> 49.712
A8: 46025 | B8: T 13,5 | C8: 2 | D8: 275*1 | E8: =275*1 -> 275 | F8: 69 | G8: =+E8*F8 -> 18975 | H8: =+G8/F8 -> 275 | I8: =+'3'!I38 -> 42.899
A10: 46026 | B10: T 13,5 | C10: 2 | D10: 275*1 | E10: =275*1 -> 275 | F10: =28+19+22 -> 69 | G10: =+E10*F10 -> 18975 | H10: =+G10/F10 -> 275 | I10: =+'4'!I38 -> 46.727
B11: T 14,5 | C11: 2 | D11: 264*1 | E11: =264*1 -> 264 | F11: 8 | G11: =+E11*F11 -> 2112 | H11: =+G11/F11 -> 264
A13: 46027 | B13: T 14,5 | C13: 2 | D13: 264*1 | E13: =264*1 -> 264 | F13: 65 | G13: =+E13*F13 -> 17160 | H13: =+G13/F13 -> 264 | I13: =+'5'!I38 -> 51.026
A15: 46028 | B15: T 14,5 | C15: 2 | D15: 264*1 | E15: =264*1 -> 264 | F15: 4 | G15: =+E15*F15 -> 1056 | H15: =+G15/F15 -> 264 | I15: =+'6'!I38 -> 14.664
B16: TW 17 | C16: 2 | D16: 256,5*1 | E16: =256.5*1 -> 256.5 | F16: 10 | G16: =+E16*F16 -> 2565 | H16: =+G16/F16 -> 256.5
B17: TW 29 | C17: 2 | D17: 256,5*1 | E17: =256.5*1 -> 256.5 | F17: 10 | G17: =+E17*F17 -> 2565 | H17: =+G17/F17 -> 256.5
A19: 46029 | B19: TW 17 | C19: 2 | D19: 256,5*1 | E19: =256.5*1 -> 256.5 | F19: =12+2 -> 14 | G19: =+E19*F19 -> 3591 | H19: =+G19/F19 -> 256.5 | I19: =+'7'!I38 -> 45.86
B20: TW 22 | C20: 2 | D20: 257*1 | E20: =257*1 -> 257 | F20: =10+1+12 -> 23 | G20: =+E20*F20 -> 5911 | H20: =+G20/F20 -> 257
B21: TW 14 | C21: 2 | D21: 256*1 | E21: =256*1 -> 256 | F21: 1 | G21: =+E21*F21 -> 256 | H21: =+G21/F21 -> 256
B22: TW 35,5 | C22: 2 | D22: 137*2 | E22: =137*2 -> 274 | F22: 0 | G22: =+E22 -> 274 | H22: =+G22 -> 274
A24: 46030 | B24: TW 14 | C24: 2 | D24: 256*1 | E24: =256*1 -> 256 | F24: =8+3 -> 11 | G24: =+E24*F24 -> 2816 | H24: =+G24/F24 -> 256 | I24: =+'8'!I38 -> 50.231
B25: TW 29 | C25: 2 | D25: 256,5*1 | E25: =256.5*1 -> 256.5 | F25: =2+2+11+3 -> 18 | G25: =+E25*F25 -> 4617 | H25: =+G25/F25 -> 256.5
B26: N 15,5 | C26: 2 | D26: 46*5+36 | E26: =46*5+36 -> 266 | F26: =5+2 -> 7 | G26: =+E26*F26 -> 1862 | H26: =+SUM(F26*E26+F27*E27)/SUM(F26:F27) -> 261.73333
B27: N 15,5 | C27: 2 | D27: 86*3 | E27: =86*3 -> 258 | F27: 8 | G27: =+E27*F27 -> 2064
B28: TW 35,5 | C28: 2 | D28: 137*2 | E28: =137*2 -> 274 | F28: 2 | G28: =+E28*F28 -> 548 | H28: =+G28/F28 -> 274
A30: 46031 | B30: N 15,5 | C30: 2 | D30: 86*3 | E30: =86*3 -> 258 | F30: =10+2+4 -> 16 | G30: =+E30*F30 -> 4128 | H30: =+SUM(F30*E30+F31*E31)/SUM(F30:F31) -> 262.95238 | I30: =+'9'!I38 -> 46.224
B31: N 15,5 | C31: 2 | D31: 46*5+36 | E31: =46*5+36 -> 266 | F31: =5+5+1+5+4+6 -> 26 | G31: =+E31*F31 -> 6916
B32: F 14 | C32: 2 | D32: 133*2 | E32: =133*2 -> 266 | F32: =4+4 -> 8 | G32: =+E32*F32 -> 2128 | H32: =+G32/F32 -> 266
B33: T 13,5 | C33: 2 | D33: 256,5*1 | E33: =256.5*1 -> 256.5 | F33: =4+9 -> 13 | G33: =+E33*F33 -> 3334.5 | H33: =+G33/F33 -> 256.5
A35: 46032 | B35: T 13,5 | C35: 2 | D35: 256,5*1 | E35: =256.5*1 -> 256.5 | F35: =11+20+10 -> 41 | G35: =+E35*F35 -> 10516.5 | H35: =+G35/F35 -> 256.5 | I35: =+'10'!I38 -> 36.938
B36: T 15 | C36: 2 | D36: 245+24 | E36: =245+24 -> 269 | F36: 1 | G36: =+E36*F36 -> 269 | H36: =+G36/F36 -> 269
A38: 46033 | B38: T 15 | C38: 2 | D38: 245+24 | E38: =245+24 -> 269 | F38: =152/2 -> 76 | G38: =+E38*F38 -> 20444 | H38: =+G38/F38 -> 269 | I38: =+'11'!I38 -> 54.876
A40: 46034 | B40: T 15 | C40: 2 | D40: 245+24 | E40: =245+24 -> 269 | F40: 23 | G40: =+E40*F40 -> 6187 | H40: =+G40/F40 -> 269 | I40: =+'12'!I38 -> 51.634
B41: T 14 | C41: 2 | D41: 271*1 | E41: =271*1 -> 271 | F41: =2+28+26 -> 56 | G41: =+E41*F41 -> 15176 | H41: =+G41/F41 -> 271
A43: 46035 | B43: T 14 | C43: 2 | D43: 271*1 | E43: =271*1 -> 271 | F43: =14+10 -> 24 | G43: =+E43*F43 -> 6504 | H43: =+G43/F43 -> 271 | I43: =+'13'!I38 -> 43.606
B44: T 15 | C44: 2 | D44: 137*2 | E44: =137*2 -> 274 | F44: =74/2 -> 37 | G44: =+E44*F44 -> 10138 | H44: =+G44/F44 -> 274
A46: 46036 | B46: T 15 | C46: 2 | D46: 275*1 | E46: =275*1 -> 275 | F46: 68 | G46: =+E46*F46 -> 18700 | H46: =+G46/F46 -> 275 | I46: =+'14'!I38 -> 54.194
A48: 46037 | B48: T 15 | C48: 2 | D48: 275*1 | E48: =275*1 -> 275 | F48: 12 | G48: =+E48*F48 -> 3300 | H48: =+SUM(F48*E48+F49*E49)/SUM(F48:F49) -> 274.16901 | I48: =+'15'!I38 -> 53.845
B49: T 15 | C49: 2 | D49: 137*2 | E49: =137*2 -> 274 | F49: =118/2 -> 59 | G49: =+E49*F49 -> 16166
A51: 46038 | B51: T 15 | C51: 2 | D51: 137*2 | E51: =137*2 -> 274 | F51: 65 | G51: =+E51*F51 -> 17810 | H51: =+G51/F51 -> 274 | I51: =+'16'!I38 -> 54.428
A53: 46039 | B53: T 15 | C53: 2 | D53: 264*1 | E53: =264*1 -> 264 | F53: 4 | G53: =+E53*F53 -> 1056 | H53: =+SUM(F53*E53+F54*E54)/SUM(F53:F54) -> 272.33333 | I53: =+'17'!I38 -> 47.941
B54: T 15 | C54: 2 | D54: 137*2 | E54: =137*2 -> 274 | F54: 20 | G54: =+E54*F54 -> 5480
B55: T 18 | C55: 2 | D55: 267,5*1 | E55: =267.5*1 -> 267.5 | F55: 19 | G55: =+E55*F55 -> 5082.5 | H55: =+G55/F55 -> 267.5
B56: T 16 | C56: 2 | D56: 268*1 | E56: =268*1 -> 268 | F56: 22 | G56: =+E56*F56 -> 5896 | H56: =+G56/F56 -> 268
A58: 46040 | B58: T 16 | C58: 2 | D58: 268*1 | E58: =268*1 -> 268 | F58: =18+3 -> 21 | G58: =+E58*F58 -> 5628 | H58: =+G58/F58 -> 268 | I58: =+'18'!I38 -> 52.677
B59: T 20 | C59: 2 | D59: 269,5*1 | E59: =269.5*1 -> 269.5 | F59: 20 | G59: =+E59*F59 -> 5390 | H59: =+G59/F59 -> 269.5
B60: T 14 | C60: 2 | D60: 137*2 | E60: =137*2 -> 274 | F60: =58/2 -> 29 | G60: =+E60*F60 -> 7946 | H60: =+G60/F60 -> 274
A62: 46041 | B62: T 14 | C62: 2 | D62: 137*2 | E62: =137*2 -> 274 | F62: =124/2 -> 62 | G62: =+E62*F62 -> 16988 | H62: =+G62/F62 -> 274 | I62: =+'19'!I38 -> 51.175
B63: T 15 | C63: 2 | D63: 245+24 | E63: =245+24 -> 269 | F63: 8 | G63: =+E63*F63 -> 2152 | H63: =+G63/F63 -> 269
A65: 46042 | B65: T 15 | C65: 2 | D65: 245+24 | E65: =245+24 -> 269 | F65: 12 | G65: =+E65*F65 -> 3228 | H65: =+SUM(F65*E65+F66*E66)/SUM(F65:F66) -> 274 | I65: =+'20'!I38 -> 55.126
B66: T 15 | C66: 2 | D66: 275*1 | E66: =275*1 -> 275 | F66: =12+26+22 -> 60 | G66: =+E66*F66 -> 16500
A68: 46043 | B68: T 15 | C68: 2 | D68: 137*2 | E68: =137*2 -> 274 | F68: =6+50+16 -> 72 | G68: =+E68*F68 -> 19728 | H68: =+SUM(F68*E68+F69*E69)/SUM(F68:F69) -> 274.21739 | I68: =+'21'!I38 -> 52.666
B69: T 15 | C69: 2 | D69: 275*1 | E69: =275*1 -> 275 | F69: 20 | G69: =+E69*F69 -> 5500
B70: T 13,5 | C70: 2 | D70: 267*1 | E70: =267*1 -> 267 | F70: 13 | G70: =+E70*F70 -> 3471 | H70: =+G70/F70 -> 267
B71: T 13 | C71: 2 | D71: 272*1 | E71: =272*1 -> 272 | F71: 0 | G71: =+E71*F71 -> 0 | H71: =+E71 -> 272
A73: 46044 | B73: T 13 | C73: 2 | D73: 272*1 | E73: =272*1 -> 272 | F73: =18+23+24 -> 65 | G73: =+E73*F73 -> 17680 | H73: =+G73/F73 -> 272 | I73: =+'22'!I38 -> 49.218
B74: T 13,5 | C74: 2 | D74: 267*1 | E74: =267*1 -> 267 | F74: 4 | G74: =+E74*F74 -> 1068 | H74: =+G74/F74 -> 267 | I74: Backlog
A76: 46045 | B76: T 13,5 | C76: 2 | D76: 129*2 | E76: =129*2 -> 258 | F76: =80/2 -> 40 | G76: =+E76*F76 -> 10320 | H76: =+SUM(F76*E76+F77*E77)/SUM(F76:F77) -> 258.46154 | I76: =+'23'!I38 -> 45.509
B77: T 13,5 | C77: 2 | D77: 130*2 | E77: =130*2 -> 260 | F77: 12 | G77: =+E77*F77 -> 3120
B78: T 13 | C78: 2 | D78: 272*1 | E78: =272*1 -> 272 | F78: 15 | G78: =+E78*F78 -> 4080 | H78: =+G78/F78 -> 272
A80: 46046 | B80: T 13,5 | C80: 2 | D80: 130*2 | E80: =130*2 -> 260 | F80: 9 | G80: =+E80*F80 -> 2340 | H80: =+SUM(F80*E80+F81*E81)/SUM(F80:F81) -> 272.75 | I80: =+'24'!I38 -> 42.703
B81: T 13,5 | C81: 2 | D81: 275*1 | E81: =275*1 -> 275 | F81: =26+4+21 -> 51 | G81: =+E81*F81 -> 14025
A83: 46047 | B83: T 13,5 | C83: 2 | D83: 275*1 | E83: =275*1 -> 275 | F83: =13+16 -> 29 | G83: =+E83*F83 -> 7975 | H83: =+G83/F83 -> 275 | I83: =+'25'!I38 -> 39.7
B84: T 14 | C84: 2 | D84: 271*1 | E84: 271 | F84: =18+1 -> 19 | G84: =+E84*F84 -> 5149 | H84: =+G84/F84 -> 271
A86: 46048 | B86: T 14 | C86: 2 | D86: 271*1 | E86: 271 | F86: =16+10+3 -> 29 | G86: =+E86*F86 -> 7859 | H86: =+SUM(F86*E86+F87*E87+F88*E88)/SUM(F86:F88) -> 272.64815 | I86: =+'26'!I38 -> 34.11
B87: T 14 | C87: 2 | D87: 275*1 | E87: =275*1 -> 275 | F87: =9+5 -> 14 | G87: =+E87*F87 -> 3850
B88: T 14 | C88: 2 | D88: 137*2 | E88: =137*2 -> 274 | F88: 11 | G88: =+E88*F88 -> 3014
A90: 46049 | B90: T 14 | C90: 2 | D90: 137*2 | E90: =137*2 -> 274 | F90: =100/2 -> 50 | G90: =+E90*F90 -> 13700 | H90: =+G90/F90 -> 274 | I90: =+'27'!I38 -> 35.099
A92: 46050 | B92: T 14 | C92: 2 | D92: 137*2 | E92: =137*2 -> 274 | F92: 11 | G92: =+E92*F92 -> 3014 | H92: =+G92/F92 -> 274 | I92: =+'28'!I38 -> 35.337
B93: T 14 | C93: 2 | D93: 275*1 | E93: =275*1 -> 275 | F93: =17+16+4 -> 37 | G93: =+E93*F93 -> 10175
A95: 46051 | B95: T 14 | C95: 2 | D95: 275*1 | E95: =275*1 -> 275 | F95: 50 | G95: =+E95*F95 -> 13750 | H95: =+G95/F95 -> 275 | I95: =+'29'!I38 -> 35.326
A97: 46052 | B97: T 14 | C97: 2 | D97: 275*1 | E97: =275*1 -> 275 | F97: 11 | G97: =+E97*F97 -> 3025 | H97: =+G97/F97 -> 275 | I97: =+'30'!I38 -> 47.183
B98: T 15 | C98: 2 | D98: 137*2 | E98: =137*2 -> 274 | F98: 50 | G98: =+E98*F98 -> 13700 | H98: =+G98/F98 -> 274
A100: 46053 | B100: T 15 | C100: 2 | D100: 137*2 | E100: =137*2 -> 274 | F100: 4 | G100: =+E100*F100 -> 1096 | H100: =+G100/F100 -> 274 | I100: =+'31'!I38 -> 0

Sheet Efficiency1
A1: PM15 Efficiency Report
A3: Date | B3: Grade | C3: Speed real (ton) with Available Time | D3: Colour | E3: gsm | F3: Ply | G3: Standard | L3: Real Running | O3: Trim Rewinder (cm) | P3: Trim Rewinder x Running Time | Q3: Available Time (mnt) | R3: Down Time (mnt) | S3: Loss Time (mnt) | T3: Real Speed & Real Creepe Ratio with Available Time (ton) | U3: Real Speed & Real Creepe Ratio setelah dipotong DT & LT (ton) | V3: Loss tonase akibat DT + LT dari hitungan Teori with available time (ton) | W3: Accepted (ton) | X3: Real Eff dr Target Eff | Y3: Backlog | Z3: Reject Rewinder (ton) | AA3: Estimasi Reject to Broke Plant (ton) | AB3: Estimasi Faktor BW (ton) | AC3: Loss Opportunity in Speed (ton) | AD3: Downtime/ Losstime | AE3: Reason of Downtime / Losstime | AF3: Loss Time | AM3: Total Losstime | AN3: Unschedule Shut Down (mnt) | AS3: Schedule Shut Down | AT3: Marketing | AV3: EXT FACTOR | AX3: EXT FACTOR | AZ3: EXT FACTOR | BB3: MANAGEMENT | BC3: Total Down Time | BD3: Freq. Sheets Break (X) | BE3: Freq. Change Blade (X) | BF3: Steam, & gangguan sinergy (X) | BG3: Freq, Trip PLN (X) | BH3: Cleaning Holes (X)
AF4: Proses | AI4: Change Grade/Cleaning | AJ4: Mekanik | AK4: Electric & Instrument | AL4: Boiler | AN4: Down Time Produksi | AO4: Mekanik | AP4: Electrical & Instrument | AQ4: Boiler | AR4: Total Unschedule Shut Down | AV4: LOSS | AW4: DOWN TIME | AX4: LOSS | AY4: DOWN TIME | AZ4: LOSS | BA4: DOWN TIME
G5: Yankee Speed (mpm) | H5: Max % Creeping | I5: Target Eff | J5: Kapasitas PM-Teori (ton) | K5: Teori (ton) with Available Time | L5: Yankee Speed (mpm) | M5: Popereel Speed (mpm) | N5: % Creeping | AF5: sheet break | AG5: change blade | AH5: change spool | AT5: Loss time | AU5: Down Time | AV5: SINERGY | AW5: SINERGY | AX5: PLN | AY5: PLN | AZ5: PGN | BA5: PGN
A6: =+Report1!A9 -> 46023 | B6: Toilet | C6: =(M6*E6*O6*Q6)/100000000 -> 51.492347 | D6: RC HW | E6: 13.5 | F6: 1 | G6: 1310 | H6: =+N6 -> 0.21458469 | I6: 0.88 | J6: =E6*G6*(1-H6)*1440/1000000*2.75 -> 55.004676 | K6: =(IF(G6<L6,L6,G6)*(1-IF(H6<N6,H6,N6))*E6*O6*Q6)/100000000 -> 55.004676 | L6: 1226.3498 | M6: 963.19392 | N6: =1-(M6/L6) -> 0.21458469 | O6: =+'Trim Rwd'!H4 -> 275 | P6: =O6*(Q6-R6-S6) -> 347325 | Q6: 1440 | R6: 125 | S6: 52 | T6: =E6*M6*O6*Q6/100000000 -> 51.492347 | U6: =E6*M6*O6*(Q6-R6-S6)/100000000 -> 45.163079 | V6: =E6*G6*(1-N6)*O6/100*(R6+S6)/1000000 -> 6.7609915 | W6: =+'1'!K7/1000 -> 44.228 | X6: =SUM(W6:W9)/SUM(K6:K9) -> 0.80407709 | Y6: 0 | Z6: 0 | AA6: =SUM(U6:U9)-SUM(W6:W9)-SUM(Z6:Z9)-SUM(Y6:Y9) -> 0.93507914 | AB6: =(SUM(K6:K9)-SUM(W6:W9)-SUM(Y6:Y9)-SUM(Z6:Z9)-SUM(AC6:AC9)-SUM(V6:V9))-AA6 -> -0.43172383 | AC6: =K6-T6 -> 3.5123295 | AD6: =+AM6+BC6 -> 4 | AE6: - Sheet Breaks (2x) | AF6: 4 | AM6: =SUM(AF6:AL6)+AT6 -> 4 | AR6: =SUM(AN6:AQ6) -> 0 | BC6: =+AR6+AS6+AU6+AV6+AX6 -> 0 | BD6: 2
AD7: =+AM7+BC7 -> 11 | AE7: - Change Blade (11x) | AG7: 11 | AM7: =SUM(AF7:AL7)+AT7 -> 11 | AR7: =SUM(AN7:AQ7) -> 0 | BC7: =+AR7+AS7+AU7+AV7+AX7 -> 0 | BE7: 11
AD8: =+AM8+BC8 -> 22 | AE8: - Change Spool (29x) | AH8: 22 | AM8: =SUM(AF8:AL8)+AT8 -> 22 | AR8: =SUM(AN8:AQ8) -> 0 | BC8: =+AR8+AS8+AU8+AV8+AX8 -> 0
AD9: =+AM9+BC9 -> 15 | AE9: - Cleaning | AI9: 15 | AM9: =SUM(AF9:AL9)+AT9 -> 15 | AR9: =SUM(AN9:AQ9) -> 0 | BC9: =+AR9+AS9+AU9+AV9+AX9 -> 0
AD10: =+AM10+BC10 -> 125 | AE10: - 10:29 pm 15 stop cleaning felt dan wire | AM10: =SUM(AF10:AL10)+AT10 -> 0 | AN10: 125 | AR10: =SUM(AN10:AQ10) -> 125 | BC10: =+AR10+AS10+AU10+AV10+AX10 -> 125 | BH10: 1
A12: 46024 | B12: Toilet | C12: =(M12*E12*O12*Q12)/100000000 -> 52.1235 | D12: RC HW | E12: 13.5 | F12: 1 | G12: 1320 | H12: =+N12 -> 0.22 | I12: 0.88 | J12: =E12*G12*(1-H12)*1440/1000000*2.75 -> 55.042416 | K12: =(IF(G12<L12,L12,G12)*(1-IF(H12<N12,H12,N12))*E12*O12*Q12)/100000000 -> 55.042416 | L12: 1250 | M12: 975 | N12: =1-(M12/L12) -> 0.22 | O12: =+'Trim Rwd'!H6 -> 275 | P12: =O12*(Q12-R12-S12) -> 380875 | Q12: 1440 | R12: 0 | S12: 55 | T12: =E12*M12*O12*Q12/100000000 -> 52.1235 | U12: =E12*M12*O12*(Q12-R12-S12)/100000000 -> 50.132672 | V12: =E12*G12*(1-N12)*O12/100*(R12+S12)/1000000 -> 2.1023145 | W12: =+'2'!K7/1000 -> 46.394 | X12: =SUM(W12:W15)/SUM(K12:K15) -> 0.84287725 | Y12: 0 | Z12: =+'2'!D34/1000 -> 1.24 | AA12: =SUM(U12:U15)-SUM(W12:W15)-SUM(Z12:Z15)-SUM(Y12:Y15) -> 2.4986719 | AB12: =(SUM(K12:K15)-SUM(W12:W15)-SUM(Y12:Y15)-SUM(Z12:Z15)-SUM(AC12:AC15)-SUM(V12:V15))-AA12 -> -0.11148637 | AC12: =K12-T12 -> 2.918916 | AD12: =+AM12+BC12 -> 0 | AE12: - Sheet Breaks (0x) | AF12: 0 | AM12: =SUM(AF12:AL12)+AT12 -> 0 | AR12: =SUM(AN12:AQ12) -> 0 | BC12: =+AR12+AS12+AU12+AV12+AX12 -> 0 | BD12: 0
AD13: =+AM13+BC13 -> 12 | AE13: - Change Blade (8x) | AG13: 12 | AM13: =SUM(AF13:AL13)+AT13 -> 12 | AR13: =SUM(AN13:AQ13) -> 0 | BC13: =+AR13+AS13+AU13+AV13+AX13 -> 0 | BE13: 8
AD14: =+AM14+BC14 -> 35 | AE14: - Change Spool (31x) | AH14: 35 | AM14: =SUM(AF14:AL14)+AT14 -> 35 | AR14: =SUM(AN14:AQ14) -> 0 | BC14: =+AR14+AS14+AU14+AV14+AX14 -> 0
AD15: =+AM15+BC15 -> 8 | AE15: - Cleaning | AI15: 8 | AM15: =SUM(AF15:AL15)+AT15 -> 8 | AR15: =SUM(AN15:AQ15) -> 0 | BC15: =+AR15+AS15+AU15+AV15+AX15 -> 0
A17: 46025 | B17: Toilet | C17: =(M17*E17*O17*Q17)/100000000 -> 52.540488 | D17: RC HW | E17: 13.5 | F17: 1 | G17: 1320 | H17: =+N17 -> 0.22 | I17: 0.88 | J17: =E17*G17*(1-H17)*1440/1000000*2.75 -> 55.042416 | K17: =(IF(G17<L17,L17,G17)*(1-IF(H17<N17,H17,N17))*E17*O17*Q17)/100000000 -> 55.042416 | L17: 1260 | M17: 982.8 | N17: =1-(M17/L17) -> 0.22 | O17: =+'Trim Rwd'!H8 -> 275 | P17: =O17*(Q17-R17-S17) -> 326425 | Q17: 1440 | R17: 210 | S17: 43 | T17: =E17*M17*O17*Q17/100000000 -> 52.540488 | U17: =E17*M17*O17*(Q17-R17-S17)/100000000 -> 43.309416 | V17: =E17*G17*(1-N17)*O17/100*(R17+S17)/1000000 -> 9.6706467 | W17: =+'3'!K7/1000 -> 43.02 | X17: =SUM(W17:W20)/SUM(K17:K20) -> 0.78157906 | Y17: 0 | Z17: =+'3'!D7/1000 -> 0.6 | AA17: =SUM(U17:U20)-SUM(W17:W20)-SUM(Z17:Z20)-SUM(Y17:Y20) -> -0.31058385 | AB17: =(SUM(K17:K20)-SUM(W17:W20)-SUM(Y17:Y20)-SUM(Z17:Z20)-SUM(AC17:AC20)-SUM(V17:V20))-AA17 -> -0.43957485 | AC17: =K17-T17 -> 2.501928 | AD17: =+AM17+BC17 -> 0 | AE17: - Sheet Breaks (0x) | AF17: 0 | AM17: =SUM(AF17:AL17)+AT17 -> 0 | AR17: =SUM(AN17:AQ17) -> 0 | BC17: =+AR17+AS17+AU17+AV17+AX17 -> 0 | BD17: 0
AD18: =+AM18+BC18 -> 16 | AE18: - Change Blade (11x) | AG18: 16 | AM18: =SUM(AF18:AL18)+AT18 -> 16 | AR18: =SUM(AN18:AQ18) -> 0 | BC18: =+AR18+AS18+AU18+AV18+AX18 -> 0 | BE18: 11
AD19: =+AM19+BC19 -> 27 | AE19: - Change Spool (27x) | AH19: 27 | AM19: =SUM(AF19:AL19)+AT19 -> 27 | AR19: =SUM(AN19:AQ19) -> 0 | BC19: =+AR19+AS19+AU19+AV19+AX19 -> 0
AD20: =+AM20+BC20 -> 0 | AE20: - Cleaning | AI20: 0 | AM20: =SUM(AF20:AL20)+AT20 -> 0 | AR20: =SUM(AN20:AQ20) -> 0 | BC20: =+AR20+AS20+AU20+AV20+AX20 -> 0
AD21: =+AM21+BC21 -> 210 | AE21: - 15.10 vacum trip, pm stop cleaning felt wire | AI21: 0 | AM21: =SUM(AF21:AL21)+AT21 -> 0 | AP21: 210 | AR21: =SUM(AN21:AQ21) -> 210 | BC21: =+AR21+AS21+AU21+AV21+AX21 -> 210
A23: 46026 | B23: Toilet | C23: =(M23*E23*O23*Q23)/100000000 -> 42.040027 | D23: RC HW | E23: 13.5 | F23: 1 | G23: 1320 | H23: =+N23 -> 0.22 | I23: 0.88 | J23: =E23*G23*(1-H23)*1440/1000000*2.75 -> 55.042416 | K23: =(IF(G23<L23,L23,G23)*(1-IF(H23<N23,H23,N23))*E23*O23*Q23)/100000000 -> 44.721963 | L23: 1240.8408 | M23: 967.85581 | N23: =1-(M23/L23) -> 0.22 | O23: =+'Trim Rwd'!H10 -> 275 | P23: =O23*(Q23-R23-S23) -> 296450 | Q23: =1118+52 -> 1170 | R23: 52 | S23: 40 | T23: =E23*M23*O23*Q23/100000000 -> 42.040027 | U23: =E23*M23*O23*(Q23-R23-S23)/100000000 -> 38.734316 | V23: =E23*G23*(1-N23)*O23/100*(R23+S23)/1000000 -> 3.5165988 | W23: =+'4'!K7/1000 -> 42.044 | X23: =SUM(W23:W26)/SUM(K23:K26) -> 0.87693647 | Y23: 0 | Z23: 0 | AA23: =SUM(U23:U26)-SUM(W23:W26)-SUM(Z23:Z26)-SUM(Y23:Y26) -> 0.10535925 | AB23: =(SUM(K23:K26)-SUM(W23:W26)-SUM(Y23:Y26)-SUM(Z23:Z26)-SUM(AC23:AC26)-SUM(V23:V26))-AA23 -> -0.21559571 | AC23: =K23-T23 -> 2.6819359 | AD23: =+AM23+BC23 -> 0 | AE23: - Sheet Breaks (0x) | AF23: 0 | AM23: =SUM(AF23:AL23)+AT23 -> 0 | AR23: =SUM(AN23:AQ23) -> 0 | BC23: =+AR23+AS23+AU23+AV23+AX23 -> 0 | BD23: 0
B24: Toilet | C24: =(M24*E24*O24*Q24)/100000000 -> 9.8312227 | D24: RC HW | E24: 14.5 | F24: 1 | G24: 1170 | H24: =+N24 -> 0.18 | I24: 0.88 | J24: =E24*G24*(1-H24)*1440/1000000*2.75 -> 55.088748 | K24: =(IF(G24<L24,L24,G24)*(1-IF(H24<N24,H24,N24))*E24*O24*Q24)/100000000 -> 9.9159746 | L24: 1160 | M24: 951.2 | N24: =1-(M24/L24) -> 0.18 | O24: =+'Trim Rwd'!H11 -> 264 | P24: =O24*(Q24-R24-S24) -> 67320 | Q24: 270 | R24: 0 | S24: 15 | T24: =E24*M24*O24*Q24/100000000 -> 9.8312227 | U24: =E24*M24*O24*(Q24-R24-S24)/100000000 -> 9.2850437 | V24: =E24*G24*(1-N24)*O24/100*(R24+S24)/1000000 -> 0.55088748 | W24: =+'4'!K8/1000 -> 5.87 | AC24: =K24-T24 -> 0.08475192 | AD24: =+AM24+BC24 -> 12 | AE24: - Change Blade (8x) | AG24: 12 | AM24: =SUM(AF24:AL24)+AT24 -> 12 | AR24: =SUM(AN24:AQ24) -> 0 | BC24: =+AR24+AS24+AU24+AV24+AX24 -> 0 | BE24: 8
AD25: =+AM25+BC25 -> 36 | AE25: - Change Spool (33x) | AH25: 36 | AM25: =SUM(AF25:AL25)+AT25 -> 36 | AR25: =SUM(AN25:AQ25) -> 0 | BC25: =+AR25+AS25+AU25+AV25+AX25 -> 0
AD26: =+AM26+BC26 -> 7 | AE26: - Cleaning | AI26: 7 | AM26: =SUM(AF26:AL26)+AT26 -> 7 | AR26: =SUM(AN26:AQ26) -> 0 | BC26: =+AR26+AS26+AU26+AV26+AX26 -> 0
AD27: =+AM27+BC27 -> 52 | AE27: - 07:42 vacum uhle box open. Turbo vacum trip | AM27: =SUM(AF27:AL27)+AT27 -> 0 | AP27: 52 | AR27: =SUM(AN27:AQ27) -> 52 | BC27: =+AR27+AS27+AU27+AV27+AX27 -> 52
A29: 46027 | B29: Toilet | C29: =(M29*E29*O29*Q29)/100000000 -> 51.378497 | D29: RC HW | E29: 14.5 | F29: 1 | G29: 1170 | H29: =+N29 -> 0.18 | I29: 0.88 | J29: =E29*G29*(1-H29)*1440/1000000*2.75 -> 55.088748 | K29: =(IF(G29<L29,L29,G29)*(1-IF(H29<N29,H29,N29))*E29*O29*Q29)/100000000 -> 52.885198 | L29: 1136.6667 | M29: 932.06667 | N29: =1-(M29/L29) -> 0.18 | O29: =+'Trim Rwd'!H13 -> 264 | P29: =O29*(Q29-R29-S29) -> 359568 | Q29: 1440 | R29: 0 | S29: =56+22 -> 78 | T29: =E29*M29*O29*Q29/100000000 -> 51.378497 | U29: =E29*M29*O29*(Q29-R29-S29)/100000000 -> 48.595495 | V29: =E29*G29*(1-N29)*O29/100*(R29+S29)/1000000 -> 2.8646149 | W29: =+'5'!K8/1000 -> 48.495 | X29: =SUM(W29:W32)/SUM(K29:K32) -> 0.91698626 | Y29: 0 | Z29: 0 | AA29: =SUM(U29:U32)-SUM(W29:W32)-SUM(Z29:Z32)-SUM(Y29:Y32) -> 0.10049534 | AB29: =(SUM(K29:K32)-SUM(W29:W32)-SUM(Y29:Y32)-SUM(Z29:Z32)-SUM(AC29:AC32)-SUM(V29:V32))-AA29 -> -0.08161296 | AC29: =K29-T29 -> 1.5067008 | AD29: =+AM29+BC29 -> 5 | AE29: - Sheet Breaks (2x) | AF29: 5 | AM29: =SUM(AF29:AL29)+AT29 -> 5 | AR29: =SUM(AN29:AQ29) -> 0 | BC29: =+AR29+AS29+AU29+AV29+AX29 -> 0 | BD29: 2
AD30: =+AM30+BC30 -> 17 | AE30: - Change Blade (12x) | AG30: 17 | AM30: =SUM(AF30:AL30)+AT30 -> 17 | AR30: =SUM(AN30:AQ30) -> 0 | BC30: =+AR30+AS30+AU30+AV30+AX30 -> 0 | BE30: 12
AD31: =+AM31+BC31 -> 27 | AE31: - Change Spool (30x) | AH31: 27 | AM31: =SUM(AF31:AL31)+AT31 -> 27 | AR31: =SUM(AN31:AQ31) -> 0 | BC31: =+AR31+AS31+AU31+AV31+AX31 -> 0
AD32: =+AM32+BC32 -> 7 | AE32: - Cleaning | AI32: 7 | AM32: =SUM(AF32:AL32)+AT32 -> 7 | AR32: =SUM(AN32:AQ32) -> 0 | BC32: =+AR32+AS32+AU32+AV32+AX32 -> 0
AD33: =+AM33+BC33 -> 22 | AE33: - reject MED 770 kg (bearing chuck panas, Chuck tiba2 open pas gulung roll, penampang roll sebelah TS cacat) | AJ33: 22 | AM33: =SUM(AF33:AL33)+AT33 -> 22 | AR33: =SUM(AN33:AQ33) -> 0 | BC33: =+AR33+AS33+AU33+AV33+AX33 -> 0
A35: 46028 | B35: Toilet | C35: =(M35*E35*O35*Q35)/100000000 -> 0.10735243 | D35: RC HW | E35: 14.5 | F35: 1 | G35: 1170 | H35: =+N35 -> 0.18 | I35: 0.88 | J35: =E35*G35*(1-H35)*1440/1000000*2.75 -> 55.088748 | K35: =(IF(G35<L35,L35,G35)*(1-IF(H35<N35,H35,N35))*E35*O35*Q35)/100000000 -> 0.1101775 | L35: 1140 | M35: 934.8 | N35: =1-(M35/L35) -> 0.18 | O35: =+'Trim Rwd'!H15 -> 264 | P35: =O35*(Q35-R35-S35) -> 528 | Q35: 3 | R35: 0 | S35: 1 | T35: =E35*M35*O35*Q35/100000000 -> 0.10735243 | U35: =E35*M35*O35*(Q35-R35-S35)/100000000 -> 0.071568288 | V35: =E35*G35*(1-N35)*O35/100*(R35+S35)/1000000 -> 0.036725832 | W35: =+'6'!K8/1000 -> 3.101 | X35: =SUM(W35:W38)/SUM(K35:K38) -> 0.27067354 | Y35: 0 | Z35: 0 | AA35: =SUM(U35:U38)-SUM(W35:W38)-SUM(Z35:Z38)-SUM(Y35:Y38) -> 1.5061131 | AB35: =(SUM(K35:K38)-SUM(W35:W38)-SUM(Y35:Y38)-SUM(Z35:Z38)-SUM(AC35:AC38)-SUM(V35:V38))-AA35 -> -3.7957484 | AC35: =K35-T35 -> 0.002825064 | AD35: =+AM35+BC35 -> 0 | AE35: - Sheet Breaks (0x) | AF35: 0 | AM35: =SUM(AF35:AL35)+AT35 -> 0 | AR35: =SUM(AN35:AQ35) -> 0 | BC35: =+AR35+AS35+AU35+AV35+AX35 -> 0 | BD35: 0
B36: Towel | C36: =(M36*E36*O36*Q36)/100000000 -> 29.30583 | D36: RC HW | E36: 29 | F36: 1 | G36: 565 | H36: =+N36 -> 0.15 | I36: 0.88 | J36: =E36*G36*(1-H36)*1440/1000000*2.75 -> 55.15191 | K36: =(IF(G36<L36,L36,G36)*(1-IF(H36<N36,H36,N36))*E36*O36*Q36)/100000000 -> 33.115588 | L36: 500 | M36: 425 | N36: =1-(M36/L36) -> 0.15 | O36: =+'Trim Rwd'!H17 -> 256.5 | P36: =O36*(Q36-R36-S36) -> 9234 | Q36: =53+874 -> 927 | R36: =480+394 -> 874 | S36: 17 | T36: =E36*M36*O36*Q36/100000000 -> 29.30583 | U36: =E36*M36*O36*(Q36-R36-S36)/100000000 -> 1.1380905 | V36: =E36*G36*(1-N36)*O36/100*(R36+S36)/1000000 -> 31.829546 | W36: =+'5'!K15/1000 -> 0 | AC36: =K36-T36 -> 3.8097579 | AD36: =+AM36+BC36 -> 11 | AE36: - Change Blade (5x) | AG36: 11 | AM36: =SUM(AF36:AL36)+AT36 -> 11 | AR36: =SUM(AN36:AQ36) -> 0 | BC36: =+AR36+AS36+AU36+AV36+AX36 -> 0 | BE36: 5
B37: Towel | C37: =(M37*E37*O37*Q37)/100000000 -> 14.791514 | D37: RC HW | E37: 17 | F37: 1 | G37: 995 | H37: =+N37 -> 0.17825581 | I37: 0.88 | J37: =E37*G37*(1-H37)*1440/1000000*2.75 -> 55.04322 | K37: =(IF(G37<L37,L37,G37)*(1-IF(H37<N37,H37,N37))*E37*O37*Q37)/100000000 -> 18.183027 | L37: 809.41176 | M37: 665.12941 | N37: =1-(M37/L37) -> 0.17825581 | O37: =+'Trim Rwd'!H16 -> 256.5 | P37: =O37*(Q37-R37-S37) -> 125685 | Q37: 510 | R37: 0 | S37: 20 | T37: =E37*M37*O37*Q37/100000000 -> 14.791514 | U37: =E37*M37*O37*(Q37-R37-S37)/100000000 -> 14.211454 | V37: =E37*G37*(1-N37)*O37/100*(R37+S37)/1000000 -> 0.71305989 | W37: =+'6'!K9/1000 -> 10.814 | AC37: =K37-T37 -> 3.3915135 | AD37: =+AM37+BC37 -> 22 | AE37: - Change Spool (11x) | AH37: 22 | AM37: =SUM(AF37:AL37)+AT37 -> 22 | AR37: =SUM(AN37:AQ37) -> 0 | BC37: =+AR37+AS37+AU37+AV37+AX37 -> 0
AD38: =+AM38+BC38 -> 5 | AE38: - Cleaning | AI38: 5 | AM38: =SUM(AF38:AL38)+AT38 -> 5 | AR38: =SUM(AN38:AQ38) -> 0 | BC38: =+AR38+AS38+AU38+AV38+AX38 -> 0
AD39: =+AM39+BC39 -> 480 | AE39: - 07.03 pm stop, boilout & ganti felt | AM39: =SUM(AF39:AL39)+AT39 -> 0 | AR39: =SUM(AN39:AQ39) -> 0 | AU39: 480 | BC39: =+AR39+AS39+AU39+AV39+AX39 -> 480
AD40: =+AM40+BC40 -> 394 | AE40: - Ganti felt | AM40: =SUM(AF40:AL40)+AT40 -> 0 | AR40: =SUM(AN40:AQ40) -> 0 | AS40: 394 | BC40: =+AR40+AS40+AU40+AV40+AX40 -> 394
A42: 46029 | B42: Towel | C42: =(M42*E42*O42*Q42)/100000000 -> 12.115597 | D42: RC HW | E42: 17 | F42: 1 | G42: 1000 | H42: =+N42 -> 0.18 | I42: 0.88 | J42: =E42*G42*(1-H42)*1440/1000000*2.75 -> 55.2024 | K42: =(IF(G42<L42,L42,G42)*(1-IF(H42<N42,H42,N42))*E42*O42*Q42)/100000000 -> 14.087903 | L42: 860 | M42: 705.2 | N42: =1-(M42/L42) -> 0.18 | O42: =+'Trim Rwd'!H19 -> 256.5 | P42: =O42*(Q42-R42-S42) -> 96700.5 | Q42: 394 | R42: 0 | S42: 17 | T42: =E42*M42*O42*Q42/100000000 -> 12.115597 | U42: =E42*M42*O42*(Q42-R42-S42)/100000000 -> 11.592843 | V42: =E42*G42*(1-N42)*O42/100*(R42+S42)/1000000 -> 0.6078537 | W42: =+'7'!K9/1000 -> 14.016 | X42: =SUM(W42:W45)/SUM(K42:K45) -> 0.74549342 | Y42: 0 | Z42: 0 | AA42: =SUM(U42:U45)-SUM(W42:W45)-SUM(Z42:Z45)-SUM(Y42:Y45) -> 4.8563122 | AB42: =(SUM(K42:K45)-SUM(W42:W45)-SUM(Y42:Y45)-SUM(Z42:Z45)-SUM(AC42:AC45)-SUM(V42:V45))-AA42 -> 1.3841596 | AC42: =K42-T42 -> 1.9723065 | AD42: =+AM42+BC42 -> 0 | AE42: - Sheet Breaks (0x) | AF42: 0 | AM42: =SUM(AF42:AL42)+AT42 -> 0 | AR42: =SUM(AN42:AQ42) -> 0 | BC42: =+AR42+AS42+AU42+AV42+AX42 -> 0 | BD42: 0
B43: Towel | C43: =(M43*E43*O43*Q43)/100000000 -> 1.3583366 | D43: RC HW | E43: 35.5 | F43: 1 | G43: 480 | H43: =+N43 -> 0.18 | I43: 0.88 | J43: =E43*G43*(1-H43)*1440/1000000*2.75 -> 55.332288 | K43: =(IF(G43<L43,L43,G43)*(1-IF(H43<N43,H43,N43))*E43*O43*Q43)/100000000 -> 1.3583366 | L43: 516.06061 | M43: 423.1697 | N43: =1-(M43/L43) -> 0.18 | O43: =+'Trim Rwd'!H22 -> 274 | P43: =O43*(Q43-R43-S43) -> 7946 | Q43: 33 | R43: 0 | S43: =57-S42-S44-S45 -> 4 | T43: =E43*M43*O43*Q43/100000000 -> 1.3583366 | U43: =E43*M43*O43*(Q43-R43-S43)/100000000 -> 1.1936898 | V43: =E43*G43*(1-N43)*O43/100*(R43+S43)/1000000 -> 0.15314189 | W43: =+'5'!K22/1000 -> 0 | AC43: =K43-T43 -> 0 | AD43: =+AM43+BC43 -> 8 | AE43: - Change Blade (5x) | AG43: 8 | AM43: =SUM(AF43:AL43)+AT43 -> 8 | AR43: =SUM(AN43:AQ43) -> 0 | BC43: =+AR43+AS43+AU43+AV43+AX43 -> 0 | BE43: 5
B44: Towel | C44: =(M44*E44*O44*Q44)/100000000 -> 25.380823 | D44: RC HW | E44: 22 | F44: 1 | G44: 745 | H44: =+N44 -> 0.15204235 | I44: 0.88 | J44: =E44*G44*(1-H44)*1440/1000000*2.75 -> 55.036182 | K44: =(IF(G44<L44,L44,G44)*(1-IF(H44<N44,H44,N44))*E44*O44*Q44)/100000000 -> 27.431368 | L44: 689.3099 | M44: 584.5056 | N44: =1-(M44/L44) -> 0.15204235 | O44: =+'Trim Rwd'!H20 -> 257 | P44: =O44*(Q44-R44-S44) -> 191722 | Q44: 768 | R44: 0 | S44: 22 | T44: =E44*M44*O44*Q44/100000000 -> 25.380823 | U44: =E44*M44*O44*(Q44-R44-S44)/100000000 -> 24.653768 | V44: =E44*G44*(1-N44)*O44/100*(R44+S44)/1000000 -> 0.78579438 | W44: =+'7'!K10/1000 -> 24.459 | Z44: =+'7'!D25/1000 -> 0.826 | AC44: =K44-T44 -> 2.0505446 | AD44: =+AM44+BC44 -> 41 | AE44: - Change Spool (25x) | AH44: 41 | AM44: =SUM(AF44:AL44)+AT44 -> 41 | AR44: =SUM(AN44:AQ44) -> 0 | BC44: =+AR44+AS44+AU44+AV44+AX44 -> 0
B45: Towel | C45: =(M45*E45*O45*Q45)/100000000 -> 7.1241032 | D45: RC HW | E45: 14 | F45: 1 | G45: 1275 | H45: =+N45 -> 0.22 | I45: 0.88 | J45: =E45*G45*(1-H45)*1440/1000000*2.75 -> 55.13508 | K45: =(IF(G45<L45,L45,G45)*(1-IF(H45<N45,H45,N45))*E45*O45*Q45)/100000000 -> 8.7325056 | L45: 1040.1633 | M45: 811.32735 | N45: =1-(M45/L45) -> 0.22 | O45: =+'Trim Rwd'!H21 -> 256 | P45: =O45*(Q45-R45-S45) -> 59136 | Q45: 245 | R45: 0 | S45: 14 | T45: =E45*M45*O45*Q45/100000000 -> 7.1241032 | U45: =E45*M45*O45*(Q45-R45-S45)/100000000 -> 6.7170116 | V45: =E45*G45*(1-N45)*O45/100*(R45+S45)/1000000 -> 0.49900032 | W45: =+'6'!K17/1000 -> 0 | AD45: =+AM45+BC45 -> 8 | AE45: - Cleaning | AI45: 8 | AM45: =SUM(AF45:AL45)+AT45 -> 8 | AR45: =SUM(AN45:AQ45) -> 0 | BC45: =+AR45+AS45+AU45+AV45+AX45 -> 0
A47: 46030 | B47: Towel | C47: =(M47*E47*O47*Q47)/100000000 -> 4.5566976 | D47: RC HW | E47: 14 | F47: 1 | G47: 1275 | H47: =+N47 -> 0.22 | I47: 0.88 | J47: =E47*G47*(1-H47)*1440/1000000*2.75 -> 55.13508 | K47: =(IF(G47<L47,L47,G47)*(1-IF(H47<N47,H47,N47))*E47*O47*Q47)/100000000 -> 5.8097894 | L47: 1000 | M47: 780 | N47: =1-(M47/L47) -> 0.22 | O47: =+'Trim Rwd'!H24 -> 256 | P47: =O47*(Q47-R47-S47) -> 40448 | Q47: 163 | R47: 0 | S47: =30-S48-S49-S50 -> 5 | T47: =E47*M47*O47*Q47/100000000 -> 4.5566976 | U47: =E47*M47*O47*(Q47-R47-S47)/100000000 -> 4.4169216 | V47: =E47*G47*(1-N47)*O47/100*(R47+S47)/1000000 -> 0.1782144 | W47: =+'8'!K11/1000 -> 8.043 | X47: =SUM(W47:W50)/SUM(K47:K50) -> 0.80092416 | Y47: 0 | Z47: =+'8'!D7/1000 -> 0.773 | AA47: =SUM(U47:U50)-SUM(W47:W50)-SUM(Z47:Z50)-SUM(Y47:Y50) -> 6.4436743 | AB47: =(SUM(K47:K50)-SUM(W47:W50)-SUM(Y47:Y50)-SUM(Z47:Z50)-SUM(AC47:AC50)-SUM(V47:V50))-AA47 -> 1.1307641 | AC47: =K47-T47 -> 1.2530918 | AD47: =+AM47+BC47 -> 0 | AE47: - Sheet Breaks (0x) | AF47: 0 | AM47: =SUM(AF47:AL47)+AT47 -> 0 | AR47: =SUM(AN47:AQ47) -> 0 | BC47: =+AR47+AS47+AU47+AV47+AX47 -> 0 | BD47: 0
B48: Towel | C48: =(M48*E48*O48*Q48)/100000000 -> 3.4489608 | D48: RC HW | E48: 35.5 | F48: 1 | G48: 440 | H48: =+N48 -> 0.11 | I48: 0.88 | J48: =E48*G48*(1-H48)*1440/1000000*2.75 -> 55.051128 | K48: =(IF(G48<L48,L48,G48)*(1-IF(H48<N48,H48,N48))*E48*O48*Q48)/100000000 -> 3.4489608 | L48: 480 | M48: 427.2 | N48: =1-(M48/L48) -> 0.11 | O48: =+'Trim Rwd'!H28 -> 274 | P48: =O48*(Q48-R48-S48) -> 22194 | Q48: 83 | R48: 0 | S48: 2 | T48: =E48*M48*O48*Q48/100000000 -> 3.4489608 | U48: =E48*M48*O48*(Q48-R48-S48)/100000000 -> 3.3658533 | V48: =E48*G48*(1-N48)*O48/100*(R48+S48)/1000000 -> 0.076181864 | W48: =+'8'!K12/1000 -> 21.439 | AC48: =K48-T48 -> 0 | AD48: =+AM48+BC48 -> 6 | AE48: - Change Blade (8x) | AG48: 6 | AM48: =SUM(AF48:AL48)+AT48 -> 6 | AR48: =SUM(AN48:AQ48) -> 0 | BC48: =+AR48+AS48+AU48+AV48+AX48 -> 0 | BE48: 8
B49: Towel | C49: =(M49*E49*O49*Q49)/100000000 -> 23.357619 | D49: RC HW | E49: 29 | F49: 1 | G49: 540 | H49: =+N49 -> 0.11 | I49: 0.88 | J49: =E49*G49*(1-H49)*1440/1000000*2.75 -> 55.192104 | K49: =(IF(G49<L49,L49,G49)*(1-IF(H49<N49,H49,N49))*E49*O49*Q49)/100000000 -> 23.357619 | L49: 590 | M49: 525.1 | N49: =1-(M49/L49) -> 0.11 | O49: =+'Trim Rwd'!H25 -> 256.5 | P49: =O49*(Q49-R49-S49) -> 150309 | Q49: 598 | R49: 0 | S49: 12 | T49: =E49*M49*O49*Q49/100000000 -> 23.357619 | U49: =E49*M49*O49*(Q49-R49-S49)/100000000 -> 22.888904 | V49: =E49*G49*(1-N49)*O49/100*(R49+S49)/1000000 -> 0.42899317 | W49: =+'8'!K13/1000 -> 2.193 | AC49: =K49-T49 -> 0 | AD49: =+AM49+BC49 -> 16 | AE49: - Change Spool (23x) | AH49: 16 | AM49: =SUM(AF49:AL49)+AT49 -> 16 | AR49: =SUM(AN49:AQ49) -> 0 | BC49: =+AR49+AS49+AU49+AV49+AX49 -> 0
B50: Napkin | C50: =(M50*E50*O50*Q50)/100000000 -> 20.585937 | D50: RC HW | E50: 15.5 | F50: 1 | G50: 1045 | H50: =+N50 -> 0.14 | I50: 0.88 | J50: =E50*G50*(1-H50)*1440/1000000*2.75 -> 55.162206 | K50: =(IF(G50<L50,L50,G50)*(1-IF(H50<N50,H50,N50))*E50*O50*Q50)/100000000 -> 21.7296 | L50: 990 | M50: 851.4 | N50: =1-(M50/L50) -> 0.14 | O50: =+'Trim Rwd'!H26 -> 261.73333 | P50: =O50*(Q50-R50-S50) -> 153114 | Q50: 596 | R50: 0 | S50: 11 | T50: =E50*M50*O50*Q50/100000000 -> 20.585937 | U50: =E50*M50*O50*(Q50-R50-S50)/100000000 -> 20.205995 | V50: =E50*G50*(1-N50)*O50/100*(R50+S50)/1000000 -> 0.40104967 | W50: =+'8'!K14/1000 -> 11.852 | Z50: =+'8'!D25/1000 -> 0.134 | AD50: =+AM50+BC50 -> 8 | AE50: - Cleaning | AI50: 8 | AM50: =SUM(AF50:AL50)+AT50 -> 8 | AR50: =SUM(AN50:AQ50) -> 0 | BC50: =+AR50+AS50+AU50+AV50+AX50 -> 0
A52: 46031 | B52: Napkin | C52: =(M52*E52*O52*Q52)/100000000 -> 26.86924 | D52: RC HW | E52: 15.5 | F52: 1 | G52: 1030 | H52: =+N52 -> 0.13 | I52: 0.88 | J52: =E52*G52*(1-H52)*1440/1000000*2.75 -> 55.002618 | K52: =(IF(G52<L52,L52,G52)*(1-IF(H52<N52,H52,N52))*E52*O52*Q52)/100000000 -> 28.923599 | L52: 956.84211 | M52: 832.45263 | N52: =1-(M52/L52) -> 0.13 | O52: =+'Trim Rwd'!H28 -> 274 | P52: =O52*(Q52-R52-S52) -> 202760 | Q52: 760 | R52: 0 | S52: 20 | T52: =E52*M52*O52*Q52/100000000 -> 26.86924 | U52: =E52*M52*O52*(Q52-R52-S52)/100000000 -> 26.162155 | V52: =E52*G52*(1-N52)*O52/100*(R52+S52)/1000000 -> 0.76114734 | W52: =+'9'!K14/1000 -> 35.075 | X52: =SUM(W52:W55)/SUM(K52:K55) -> 0.93790256 | Y52: 0 | Z52: 0 | AA52: =SUM(U52:U55)-SUM(W52:W55)-SUM(Z52:Z55)-SUM(Y52:Y55) -> -6.1787834 | AB52: =(SUM(K52:K55)-SUM(W52:W55)-SUM(Y52:Y55)-SUM(Z52:Z55)-SUM(AC52:AC55)-SUM(V52:V55))-AA52 -> -0.20962887 | AC52: =K52-T52 -> 2.0543588 | AD52: =+AM52+BC52 -> 0 | AE52: - Sheet Breaks (0x) | AF52: 0 | AM52: =SUM(AF52:AL52)+AT52 -> 0 | AR52: =SUM(AN52:AQ52) -> 0 | BC52: =+AR52+AS52+AU52+AV52+AX52 -> 0 | BD52: 0
B53: Facial | C53: =(M53*E53*O53*Q53)/100000000 -> 4.4322708 | D53: RC HW | E53: 14 | F53: 1 | G53: 1275 | H53: =+N53 -> 0.22 | I53: 0.88 | J53: =E53*G53*(1-H53)*1440/1000000*2.75 -> 55.13508 | K53: =(IF(G53<L53,L53,G53)*(1-IF(H53<N53,H53,N53))*E53*O53*Q53)/100000000 -> 6.1425491 | L53: 920 | M53: 717.6 | N53: =1-(M53/L53) -> 0.22 | O53: =+'Trim Rwd'!H33 -> 256.5 | P53: =O53*(Q53-R53-S53) -> 42835.5 | Q53: 172 | R53: 0 | S53: 5 | T53: =E53*M53*O53*Q53/100000000 -> 4.4322708 | U53: =E53*M53*O53*(Q53-R53-S53)/100000000 -> 4.3034257 | V53: =E53*G53*(1-N53)*O53/100*(R53+S53)/1000000 -> 0.17856247 | W53: =+'9'!K15/1000 -> 4.62 | Z53: =+'9'!D17/1000 -> 0.664 | AC53: =K53-T53 -> 1.7102784 | AD53: =+AM53+BC53 -> 8 | AE53: - Change Blade (9x) | AG53: 8 | AM53: =SUM(AF53:AL53)+AT53 -> 8 | AR53: =SUM(AN53:AQ53) -> 0 | BC53: =+AR53+AS53+AU53+AV53+AX53 -> 0 | BE53: 9
B54: Toilet | C54: =(M54*E54*O54*Q54)/100000000 -> 14.783043 | D54: RC HW | E54: 13.5 | F54: 1 | G54: 1215 | H54: =+N54 -> 0.15 | I54: 0.88 | J54: =E54*G54*(1-H54)*1440/1000000*2.75 -> 55.210815 | K54: =(IF(G54<L54,L54,G54)*(1-IF(H54<N54,H54,N54))*E54*O54*Q54)/100000000 -> 18.623864 | L54: 964.42913 | M54: 819.76476 | N54: =1-(M54/L54) -> 0.15 | O54: =+'Trim Rwd'!H30 -> 262.95238 | P54: =O54*(Q54-R54-S54) -> 129898.48 | Q54: 508 | R54: 0 | S54: =221-207 -> 14 | T54: =E54*M54*O54*Q54/100000000 -> 14.783043 | U54: =E54*M54*O54*(Q54-R54-S54)/100000000 -> 14.375636 | V54: =E54*G54*(1-N54)*O54/100*(R54+S54)/1000000 -> 0.5132561 | W54: =+'9'!K7/1000 -> 10.661 | AC54: =K54-T54 -> 3.8408212 | AD54: =+AM54+BC54 -> 16 | AE54: - Change Spool (24x) | AH54: 16 | AM54: =SUM(AF54:AL54)+AT54 -> 16 | AR54: =SUM(AN54:AQ54) -> 0 | BC54: =+AR54+AS54+AU54+AV54+AX54 -> 0
AD55: =+AM55+BC55 -> 15 | AE55: - Cleaning | AI55: 15 | AM55: =SUM(AF55:AL55)+AT55 -> 15 | AR55: =SUM(AN55:AQ55) -> 0 | BC55: =+AR55+AS55+AU55+AV55+AX55 -> 0
AD56: =+AM56+BC56 -> 0 | AE56: - Loss speed Efek PGN | AM56: =SUM(AF56:AL56)+AT56+AZ56+AX56+AV56+AT56 -> 0 | AR56: =SUM(AN56:AQ56) -> 0 | AZ56: =207-207 -> 0 | BC56: =+AR56+AS56+AU56+AV56+AX56 -> 0
A58: 46032 | B58: Toilet | C58: =(M58*E58*O58*Q58)/100000000 -> 42.715785 | D58: RC HW | E58: 13.5 | F58: 1 | G58: 1230 | H58: =+N58 -> 0.16095136 | I58: 0.88 | J58: =E58*G58*(1-H58)*1440/1000000*2.75 -> 55.172314 | K58: =(IF(G58<L58,L58,G58)*(1-IF(H58<N58,H58,N58))*E58*O58*Q58)/100000000 -> 48.101481 | L58: 1092.2827 | M58: 916.47831 | N58: =1-(M58/L58) -> 0.16095136 | O58: =+'Trim Rwd'!H35 -> 256.5 | P58: =O58*(Q58-R58-S58) -> 284458.5 | Q58: =1139+207 -> 1346 | R58: =87+120 -> 207 | S58: =158-128 -> 30 | T58: =E58*M58*O58*Q58/100000000 -> 42.715785 | U58: =E58*M58*O58*(Q58-R58-S58)/100000000 -> 35.194506 | V58: =E58*G58*(1-N58)*O58/100*(R58+S58)/1000000 -> 8.4695772 | W58: =+'10'!K7/1000 -> 34.995 | X58: =SUM(W58:W61)/SUM(K58:K61) -> 0.69074211 | Y58: 0 | Z58: 0 | AA58: =SUM(U58:U61)-SUM(W58:W61)-SUM(Z58:Z61)-SUM(Y58:Y61) -> 2.6828695 | AB58: =(SUM(K58:K61)-SUM(W58:W61)-SUM(Y58:Y61)-SUM(Z58:Z61)-SUM(AC58:AC61)-SUM(V58:V61))-AA58 -> -0.94829859 | AC58: =K58-T58 -> 5.3856958 | AD58: =+AM58+BC58 -> 0 | AE58: - Sheet Breaks (2x) | AF58: 0 | AM58: =SUM(AF58:AL58)+AT58 -> 0 | AR58: =SUM(AN58:AQ58) -> 0 | BC58: =+AR58+AS58+AU58+AV58+AX58 -> 0 | BD58: 2
B59: Toilet | C59: =(M59*E59*O59*Q59)/100000000 -> 3.5198112 | D59: RC HW | E59: 15 | F59: 1 | G59: 1160 | H59: =+N59 -> 0.2 | I59: 0.88 | J59: =E59*G59*(1-H59)*1440/1000000*2.75 -> 55.1232 | K59: =(IF(G59<L59,L59,G59)*(1-IF(H59<N59,H59,N59))*E59*O59*Q59)/100000000 -> 3.5198112 | L59: 1160 | M59: 928 | N59: =1-(M59/L59) -> 0.2 | O59: =+'Trim Rwd'!H36 -> 269 | P59: =O59*(Q59-R59-S59) -> 22596 | Q59: 94 | R59: 0 | S59: 10 | T59: =E59*M59*O59*Q59/100000000 -> 3.5198112 | U59: =E59*M59*O59*(Q59-R59-S59)/100000000 -> 3.1453632 | V59: =E59*G59*(1-N59)*O59/100*(R59+S59)/1000000 -> 0.374448 | W59: =+'10'!K16/1000 -> 0.662 | AC59: =K59-T59 -> 0 | AD59: =+AM59+BC59 -> 10 | AE59: - Change Blade (12x) | AG59: 10 | AM59: =SUM(AF59:AL59)+AT59 -> 10 | AR59: =SUM(AN59:AQ59) -> 0 | BC59: =+AR59+AS59+AU59+AV59+AX59 -> 0 | BE59: 12
AD60: =+AM60+BC60 -> 22 | AE60: - Change Spool (30x) | AH60: 22 | AM60: =SUM(AF60:AL60)+AT60 -> 22 | AR60: =SUM(AN60:AQ60) -> 0 | BC60: =+AR60+AS60+AU60+AV60+AX60 -> 0
AD61: =+AM61+BC61 -> 8 | AE61: - Cleaning | AI61: 8 | AM61: =SUM(AF61:AL61)+AT61 -> 8 | AR61: =SUM(AN61:AQ61) -> 0 | BC61: =+AR61+AS61+AU61+AV61+AX61 -> 0
AD62: =+AM62+BC62 -> 120 | AE62: - Cleaning hole | AM62: =SUM(AF62:AL62)+AT62 -> 0 | AN62: 120 | AR62: =SUM(AN62:AQ62) -> 120 | BC62: =+AR62+AS62+AU62+AV62+AX62 -> 120
AD63: =+AM63+BC63 -> 87 | AE63: - Burner hood off | AM63: =SUM(AF63:AL63)+AT63 -> 0 | AR63: =SUM(AN63:AQ63) -> 0 | BA63: 87 | BC63: =+AR63+AS63+AU63+AV63+AX63+BA63 -> 87
AD64: =+AM64+BC64 -> 0 | AE64: - Loss Speed Efek PGN | AM64: =SUM(AF64:AL64)+AT64+AV64+AX64+AZ64 -> 0 | AR64: =SUM(AN64:AQ64) -> 0 | AZ64: =128-128 -> 0 | BC64: =+AR64+AS64+AU64+AV64+AX64+BA64 -> 0
A66: 46033 | B66: Toilet | C66: =(M66*E66*O66*Q66)/100000000 -> 54.2304 | D66: RC HW | E66: 15 | F66: 1 | G66: 1160 | H66: =+N66 -> 0.2 | I66: 0.88 | J66: =E66*G66*(1-H66)*1440/1000000*2.75 -> 55.1232 | K66: =(IF(G66<L66,L66,G66)*(1-IF(H66<N66,H66,N66))*E66*O66*Q66)/100000000 -> 54.2304 | L66: 1166.6667 | M66: 933.33333 | N66: =1-(M66/L66) -> 0.2 | O66: =+'Trim Rwd'!H38 -> 269 | P66: =O66*(Q66-R66-S66) -> 377138 | Q66: 1440 | R66: 0 | S66: 38 | T66: =E66*M66*O66*Q66/100000000 -> 54.2304 | U66: =E66*M66*O66*(Q66-R66-S66)/100000000 -> 52.79932 | V66: =E66*G66*(1-N66)*O66/100*(R66+S66)/1000000 -> 1.4229024 | W66: =+'11'!K16/1000 -> 52.124 | X66: =SUM(W66:W69)/SUM(K66:K69) -> 0.96115832 | Y66: 0 | Z66: 0 | AA66: =SUM(U66:U69)-SUM(W66:W69)-SUM(Z66:Z69)-SUM(Y66:Y69) -> 0.67532 | AB66: =(SUM(K66:K69)-SUM(W66:W69)-SUM(Y66:Y69)-SUM(Z66:Z69)-SUM(AC66:AC69)-SUM(V66:V69))-AA66 -> 0.0081776 | AC66: =K66-T66 -> 0 | AD66: =+AM66+BC66 -> 0 | AE66: - Sheet Breaks (0x) | AF66: 0 | AM66: =SUM(AF66:AL66)+AT66 -> 0 | AR66: =SUM(AN66:AQ66) -> 0 | BC66: =+AR66+AS66+AU66+AV66+AX66 -> 0 | BD66: 0
AC67: =K67-T67 -> 0 | AD67: =+AM67+BC67 -> 15 | AE67: - Change Blade (14x) | AG67: 15 | AM67: =SUM(AF67:AL67)+AT67 -> 15 | AR67: =SUM(AN67:AQ67) -> 0 | BC67: =+AR67+AS67+AU67+AV67+AX67 -> 0 | BE67: 14
AD68: =+AM68+BC68 -> 23 | AE68: - Change Spool (28x) | AH68: 23 | AM68: =SUM(AF68:AL68)+AT68 -> 23 | AR68: =SUM(AN68:AQ68) -> 0 | BC68: =+AR68+AS68+AU68+AV68+AX68 -> 0
AD69: =+AM69+BC69 -> 0 | AE69: - Cleaning | AI69: 0 | AM69: =SUM(AF69:AL69)+AT69 -> 0 | AR69: =SUM(AN69:AQ69) -> 0 | BC69: =+AR69+AS69+AU69+AV69+AX69 -> 0
A71: 46034 | B71: Toilet | C71: =(M71*E71*O71*Q71)/100000000 -> 11.821259 | D71: RC HW | E71: 15 | F71: 1 | G71: 1160 | H71: =+N71 -> 0.2 | I71: 0.88 | J71: =E71*G71*(1-H71)*1440/1000000*2.75 -> 55.1232 | K71: =(IF(G71<L71,L71,G71)*(1-IF(H71<N71,H71,N71))*E71*O71*Q71)/100000000 -> 11.821259 | L71: 1170 | M71: 936 | N71: =1-(M71/L71) -> 0.2 | O71: =+'Trim Rwd'!H40 -> 269 | P71: =O71*(Q71-R71-S71) -> 79086 | Q71: 313 | R71: 0 | S71: 19 | T71: =E71*M71*O71*Q71/100000000 -> 11.821259 | U71: =E71*M71*O71*(Q71-R71-S71)/100000000 -> 11.103674 | V71: =E71*G71*(1-N71)*O71/100*(R71+S71)/1000000 -> 0.7114512 | W71: =+'12'!K16/1000 -> 15.846 | X71: =SUM(W71:W74)/SUM(K71:K74) -> 0.97246329 | Y71: 0 | Z71: 0 | AA71: =SUM(U71:U74)-SUM(W71:W74)-SUM(Z71:Z74)-SUM(Y71:Y74) -> -1.5373926 | AB71: =(SUM(K71:K74)-SUM(W71:W74)-SUM(Y71:Y74)-SUM(Z71:Z74)-SUM(AC71:AC74)-SUM(V71:V74))-AA71 -> -0.026255205 | AC71: =K71-T71 -> 0 | AD71: =+AM71+BC71 -> 1 | AE71: - Sheet Breaks (1x) | AF71: 1 | AM71: =SUM(AF71:AL71)+AT71 -> 1 | AR71: =SUM(AN71:AQ71) -> 0 | BC71: =+AR71+AS71+AU71+AV71+AX71 -> 0 | BD71: 1
B72: Toilet | C72: =(M72*E72*O72*Q72)/100000000 -> 41.306484 | D72: RC HW | E72: 14 | F72: 1 | G72: 1275 | H72: =+N72 -> 0.22 | I72: 0.88 | J72: =E72*G72*(1-H72)*1440/1000000*2.75 -> 55.13508 | K72: =(IF(G72<L72,L72,G72)*(1-IF(H72<N72,H72,N72))*E72*O72*Q72)/100000000 -> 42.523209 | L72: 1238.5182 | M72: 966.04419 | N72: =1-(M72/L72) -> 0.22 | O72: =+'Trim Rwd'!H41 -> 271 | P72: =O72*(Q72-R72-S72) -> 297287 | Q72: 1127 | R72: 0 | S72: 30 | T72: =E72*M72*O72*Q72/100000000 -> 41.306484 | U72: =E72*M72*O72*(Q72-R72-S72)/100000000 -> 40.206933 | V72: =E72*G72*(1-N72)*O72/100*(R72+S72)/1000000 -> 1.1319399 | W72: =+'12'!K17/1000 -> 37.002 | AC72: =K72-T72 -> 1.2167244 | AD72: =+AM72+BC72 -> 15 | AE72: - Change Blade (14x) | AG72: 15 | AM72: =SUM(AF72:AL72)+AT72 -> 15 | AR72: =SUM(AN72:AQ72) -> 0 | BC72: =+AR72+AS72+AU72+AV72+AX72 -> 0 | BE72: 14
AD73: =+AM73+BC73 -> 25 | AE73: - Change Spool (32x) | AH73: 25 | AM73: =SUM(AF73:AL73)+AT73 -> 25 | AR73: =SUM(AN73:AQ73) -> 0 | BC73: =+AR73+AS73+AU73+AV73+AX73 -> 0
AD74: =+AM74+BC74 -> 8 | AE74: - Cleaning | AI74: 8 | AM74: =SUM(AF74:AL74)+AT74 -> 8 | AR74: =SUM(AN74:AQ74) -> 0 | BC74: =+AR74+AS74+AU74+AV74+AX74 -> 0
A76: 46035 | B76: Toilet | C76: =(M76*E76*O76*Q76)/100000000 -> 22.189778 | D76: RC HW | E76: 14 | F76: 1 | G76: 1275 | H76: =+N76 -> 0.22 | I76: 0.88 | J76: =E76*G76*(1-H76)*1440/1000000*2.75 -> 55.13508 | K76: =(IF(G76<L76,L76,G76)*(1-IF(H76<N76,H76,N76))*E76*O76*Q76)/100000000 -> 23.204768 | L76: 1219.2308 | M76: 951 | N76: =1-(M76/L76) -> 0.22 | O76: =+'Trim Rwd'!H43 -> 271 | P76: =O76*(Q76-R76-S76) -> 116530 | Q76: =455+160 -> 615 | R76: 160 | S76: 25 | T76: =E76*M76*O76*Q76/100000000 -> 22.189778 | U76: =E76*M76*O76*(Q76-R76-S76)/100000000 -> 15.514804 | V76: =E76*G76*(1-N76)*O76/100*(R76+S76)/1000000 -> 6.980296 | W76: =+'13'!K17/1000 -> 15.83 | X76: =SUM(W76:W79)/SUM(K76:K79) -> 0.78774375 | Y76: 0 | Z76: 0 | AA76: =SUM(U76:U79)-SUM(W76:W79)-SUM(Z76:Z79)-SUM(Y76:Y79) -> 2.259819 | AB76: =(SUM(K76:K79)-SUM(W76:W79)-SUM(Y76:Y79)-SUM(Z76:Z79)-SUM(AC76:AC79)-SUM(V76:V79))-AA76 -> -0.30532215 | AC76: =K76-T76 -> 1.0149898 | AD76: =+AM76+BC76 -> 0 | AE76: - Sheet Breaks (0x) | AF76: 0 | AM76: =SUM(AF76:AL76)+AT76 -> 0 | AR76: =SUM(AN76:AQ76) -> 0 | BC76: =+AR76+AS76+AU76+AV76+AX76 -> 0 | BD76: 0
B77: Toilet | C77: =(M77*E77*O77*Q77)/100000000 -> 30.679506 | D77: RC HW | E77: 15 | F77: 1 | G77: =+L77 -> 1160 | H77: =+N77 -> 0.22 | I77: 0.88 | J77: =E77*G77*(1-H77)*1440/1000000*2.75 -> 53.74512 | K77: =(IF(G77<L77,L77,G77)*(1-IF(H77<N77,H77,N77))*E77*O77*Q77)/100000000 -> 30.679506 | L77: 1160 | M77: 904.8 | N77: =1-(M77/L77) -> 0.22 | O77: =+'Trim Rwd'!H44 -> 274 | P77: =O77*(Q77-R77-S77) -> 215090 | Q77: 825 | R77: 0 | S77: 40 | T77: =E77*M77*O77*Q77/100000000 -> 30.679506 | U77: =E77*M77*O77*(Q77-R77-S77)/100000000 -> 29.192015 | V77: =E77*G77*(1-N77)*O77/100*(R77+S77)/1000000 -> 1.4874912 | W77: =+'13'!K16/1000 -> 26.617 | AC77: =K77-T77 -> 0 | AD77: =+AM77+BC77 -> 19 | AE77: - Change Blade (15x) | AG77: 19 | AM77: =SUM(AF77:AL77)+AT77 -> 19 | AR77: =SUM(AN77:AQ77) -> 0 | BC77: =+AR77+AS77+AU77+AV77+AX77 -> 0 | BE77: 15
AD78: =+AM78+BC78 -> 46 | AE78: - Change Spool (31x) | AH78: 46 | AM78: =SUM(AF78:AL78)+AT78 -> 46 | AR78: =SUM(AN78:AQ78) -> 0 | BC78: =+AR78+AS78+AU78+AV78+AX78 -> 0
AD79: =+AM79+BC79 -> 0 | AE79: - Cleaning | AI79: 0 | AM79: =SUM(AF79:AL79)+AT79 -> 0 | AR79: =SUM(AN79:AQ79) -> 0 | BC79: =+AR79+AS79+AU79+AV79+AX79 -> 0
AD80: =+AM80+BC80 -> 160 | AE80: - 10.07 pm 15 stop vacuum trip | AM80: =SUM(AF80:AL80)+AT80 -> 0 | AP80: 160 | AR80: =SUM(AN80:AQ80) -> 160 | BC80: =+AR80+AS80+AU80+AV80+AX80 -> 160
A82: 46036 | B82: Toilet | C82: =(M82*E82*O82*Q82)/100000000 -> 53.89956 | D82: RC HW | E82: 15 | F82: 1 | G82: =+L82 -> 1163.3333 | H82: =+N82 -> 0.22 | I82: 0.88 | J82: =E82*G82*(1-H82)*1440/1000000*2.75 -> 53.89956 | K82: =(IF(G82<L82,L82,G82)*(1-IF(H82<N82,H82,N82))*E82*O82*Q82)/100000000 -> 53.89956 | L82: 1163.3333 | M82: 907.4 | N82: =1-(M82/L82) -> 0.22 | O82: =+'Trim Rwd'!H46 -> 275 | P82: =O82*(Q82-R82-S82) -> 382525 | Q82: 1440 | R82: 0 | S82: 49 | T82: =E82*M82*O82*Q82/100000000 -> 53.89956 | U82: =E82*M82*O82*(Q82-R82-S82)/100000000 -> 52.065478 | V82: =E82*G82*(1-N82)*O82/100*(R82+S82)/1000000 -> 1.8340823 | W82: =+'14'!K16/1000 -> 50.981 | X82: =SUM(W82:W85)/SUM(K82:K85) -> 0.94585188 | Y82: 0 | Z82: 0 | AA82: =SUM(U82:U85)-SUM(W82:W85)-SUM(Z82:Z85)-SUM(Y82:Y85) -> 1.0844777 | AB82: =(SUM(K82:K85)-SUM(W82:W85)-SUM(Y82:Y85)-SUM(Z82:Z85)-SUM(AC82:AC85)-SUM(V82:V85))-AA82 -> 0 | AC82: =K82-T82 -> 0 | AD82: =+AM82+BC82 -> 1 | AE82: - Sheet Breaks (1x) | AF82: 1 | AM82: =SUM(AF82:AL82)+AT82 -> 1 | AR82: =SUM(AN82:AQ82) -> 0 | BC82: =+AR82+AS82+AU82+AV82+AX82 -> 0 | BD82: 1
AC83: =K83-T83 -> 0 | AD83: =+AM83+BC83 -> 13 | AE83: - Change Blade (10x) | AG83: 13 | AM83: =SUM(AF83:AL83)+AT83 -> 13 | AR83: =SUM(AN83:AQ83) -> 0 | BC83: =+AR83+AS83+AU83+AV83+AX83 -> 0 | BE83: 10
AD84: =+AM84+BC84 -> 19 | AE84: - Change Spool (27x) | AH84: 19 | AM84: =SUM(AF84:AL84)+AT84 -> 19 | AR84: =SUM(AN84:AQ84) -> 0 | BC84: =+AR84+AS84+AU84+AV84+AX84 -> 0
AD85: =+AM85+BC85 -> 16 | AE85: - Cleaning | AI85: 16 | AM85: =SUM(AF85:AL85)+AT85 -> 16 | AR85: =SUM(AN85:AQ85) -> 0 | BC85: =+AR85+AS85+AU85+AV85+AX85 -> 0
A87: 46037 | B87: Toilet | C87: =(M87*E87*O87*Q87)/100000000 -> 55.430395 | D87: RC HW | E87: 15 | F87: 1 | G87: =+L87 -> 1170 | H87: =+N87 -> 0.2 | I87: 0.88 | J87: =E87*G87*(1-H87)*1440/1000000*2.75 -> 55.5984 | K87: =(IF(G87<L87,L87,G87)*(1-IF(H87<N87,H87,N87))*E87*O87*Q87)/100000000 -> 55.430395 | L87: 1170 | M87: 936 | N87: =1-(M87/L87) -> 0.2 | O87: =+'Trim Rwd'!H48 -> 274.16901 | P87: =O87*(Q87-R87-S87) -> 380820.76 | Q87: 1440 | R87: 0 | S87: 51 | T87: =E87*M87*O87*Q87/100000000 -> 55.430395 | U87: =E87*M87*O87*(Q87-R87-S87)/100000000 -> 53.467235 | V87: =E87*G87*(1-N87)*O87/100*(R87+S87)/1000000 -> 1.9631598 | W87: =+'15'!K16/1000 -> 53.662 | X87: =SUM(W87:W90)/SUM(K87:K90) -> 0.96809702 | Y87: 0 | Z87: =+'15'!D34/1000 -> 0.69 | AA87: =SUM(U87:U90)-SUM(W87:W90)-SUM(Z87:Z90)-SUM(Y87:Y90) -> -0.88476522 | AB87: =(SUM(K87:K90)-SUM(W87:W90)-SUM(Y87:Y90)-SUM(Z87:Z90)-SUM(AC87:AC90)-SUM(V87:V90))-AA87 -> 7.327472e-15 | AC87: =K87-T87 -> 0 | AD87: =+AM87+BC87 -> 0 | AE87: - Sheet Breaks (0x) | AF87: 0 | AM87: =SUM(AF87:AL87)+AT87 -> 0 | AR87: =SUM(AN87:AQ87) -> 0 | BC87: =+AR87+AS87+AU87+AV87+AX87 -> 0 | BD87: 0
AC88: =K88-T88 -> 0 | AD88: =+AM88+BC88 -> 14 | AE88: - Change Blade (13x) | AG88: 14 | AM88: =SUM(AF88:AL88)+AT88 -> 14 | AR88: =SUM(AN88:AQ88) -> 0 | BC88: =+AR88+AS88+AU88+AV88+AX88 -> 0 | BE88: 13
AD89: =+AM89+BC89 -> 23 | AE89: - Change Spool (29x) | AH89: 23 | AM89: =SUM(AF89:AL89)+AT89 -> 23 | AR89: =SUM(AN89:AQ89) -> 0 | BC89: =+AR89+AS89+AU89+AV89+AX89 -> 0
AD90: =+AM90+BC90 -> 14 | AE90: - Cleaning | AI90: 14 | AM90: =SUM(AF90:AL90)+AT90 -> 14 | AR90: =SUM(AN90:AQ90) -> 0 | BC90: =+AR90+AS90+AU90+AV90+AX90 -> 0
A92: 46038 | B92: Toilet | C92: =(M92*E92*O92*Q92)/100000000 -> 55.396224 | D92: RC HW | E92: 15 | F92: 1 | G92: =+L92 -> 1170 | H92: =+N92 -> 0.2 | I92: 0.88 | J92: =E92*G92*(1-H92)*1440/1000000*2.75 -> 55.5984 | K92: =(IF(G92<L92,L92,G92)*(1-IF(H92<N92,H92,N92))*E92*O92*Q92)/100000000 -> 55.396224 | L92: 1170 | M92: 936 | N92: =1-(M92/L92) -> 0.2 | O92: =+'Trim Rwd'!H51 -> 274 | P92: =O92*(Q92-R92-S92) -> 381134 | Q92: 1440 | R92: 0 | S92: 49 | T92: =E92*M92*O92*Q92/100000000 -> 55.396224 | U92: =E92*M92*O92*(Q92-R92-S92)/100000000 -> 53.511214 | V92: =E92*G92*(1-N92)*O92/100*(R92+S92)/1000000 -> 1.8850104 | W92: =+'16'!K16/1000 -> 49.744 | X92: =SUM(W92:W95)/SUM(K92:K95) -> 0.89796734 | Y92: 0 | Z92: =+'16'!D34/1000 -> 0.39 | AA92: =SUM(U92:U95)-SUM(W92:W95)-SUM(Z92:Z95)-SUM(Y92:Y95) -> 3.3772136 | AB92: =(SUM(K92:K95)-SUM(W92:W95)-SUM(Y92:Y95)-SUM(Z92:Z95)-SUM(AC92:AC95)-SUM(V92:V95))-AA92 -> 0 | AC92: =K92-T92 -> 0 | AD92: =+AM92+BC92 -> 4 | AE92: - Sheet Breaks (2x) | AF92: 4 | AM92: =SUM(AF92:AL92)+AT92 -> 4 | AR92: =SUM(AN92:AQ92) -> 0 | BC92: =+AR92+AS92+AU92+AV92+AX92 -> 0 | BD92: 2
AC93: =K93-T93 -> 0 | AD93: =+AM93+BC93 -> 11 | AE93: - Change Blade (9x) | AG93: 11 | AM93: =SUM(AF93:AL93)+AT93 -> 11 | AR93: =SUM(AN93:AQ93) -> 0 | BC93: =+AR93+AS93+AU93+AV93+AX93 -> 0 | BE93: 9
AD94: =+AM94+BC94 -> 20 | AE94: - Change Spool (27x) | AH94: 20 | AM94: =SUM(AF94:AL94)+AT94 -> 20 | AR94: =SUM(AN94:AQ94) -> 0 | BC94: =+AR94+AS94+AU94+AV94+AX94 -> 0
AD95: =+AM95+BC95 -> 14 | AE95: - Cleaning | AI95: 14 | AM95: =SUM(AF95:AL95)+AT95 -> 14 | AR95: =SUM(AN95:AQ95) -> 0 | BC95: =+AR95+AS95+AU95+AV95+AX95 -> 0
A97: 46039 | B97: Toilet | C97: =(M97*E97*O97*Q97)/100000000 -> 12.732455 | D97: RC HW | E97: 15 | F97: 1 | G97: =+L97 -> 1170 | H97: =+N97 -> 0.2 | I97: 0.88 | J97: =E97*G97*(1-H97)*1440/1000000*2.75 -> 55.5984 | K97: =(IF(G97<L97,L97,G97)*(1-IF(H97<N97,H97,N97))*E97*O97*Q97)/100000000 -> 12.732455 | L97: 1170 | M97: 936 | N97: =1-(M97/L97) -> 0.2 | O97: =+'Trim Rwd'!H53 -> 272.33333 | P97: =O97*(Q97-R97-S97) -> 87963.667 | Q97: 333 | R97: 0 | S97: 10 | T97: =E97*M97*O97*Q97/100000000 -> 12.732455 | U97: =E97*M97*O97*(Q97-R97-S97)/100000000 -> 12.350099 | V97: =E97*G97*(1-N97)*O97/100*(R97+S97)/1000000 -> 0.382356 | W97: =+'17'!K16/1000 -> 17.858 | X97: =SUM(W97:W100)/SUM(K97:K100) -> 0.93000513 | Y97: 0 | Z97: 0 | AA97: =SUM(U97:U100)-SUM(W97:W100)-SUM(Z97:Z100)-SUM(Y97:Y100) -> -2.2998222 | AB97: =(SUM(K97:K100)-SUM(W97:W100)-SUM(Y97:Y100)-SUM(Z97:Z100)-SUM(AC97:AC100)-SUM(V97:V100))-AA97 -> 0.1272768 | AC97: =K97-T97 -> 0 | AD97: =+AM97+BC97 -> 4 | AE97: - Sheet Breaks (2x) | AF97: 4 | AM97: =SUM(AF97:AL97)+AT97 -> 4 | AR97: =SUM(AN97:AQ97) -> 0 | BC97: =+AR97+AS97+AU97+AV97+AX97 -> 0 | BD97: 2
B98: Toilet | C98: =(M98*E98*O98*Q98)/100000000 -> 20.146567 | D98: RC HW | E98: 18 | F98: 1 | G98: 930 | H98: =+N98 -> 0.16928953 | I98: 0.88 | J98: =E98*G98*(1-H98)*1440/1000000*2.75 -> 55.068129 | K98: =(IF(G98<L98,L98,G98)*(1-IF(H98<N98,H98,N98))*E98*O98*Q98)/100000000 -> 20.146567 | L98: 948.55072 | M98: 787.97101 | N98: =1-(M98/L98) -> 0.16928953 | O98: =+'Trim Rwd'!H55 -> 267.5 | P98: =O98*(Q98-R98-S98) -> 106732.5 | Q98: =414+117 -> 531 | R98: 117 | S98: 15 | T98: =E98*M98*O98*Q98/100000000 -> 20.146567 | U98: =E98*M98*O98*(Q98-R98-S98)/100000000 -> 15.138381 | V98: =E98*G98*(1-N98)*O98/100*(R98+S98)/1000000 -> 4.9102415 | W98: =+'17'!K19/1000 -> 32.713 | AC98: =K98-T98 -> 0 | AD98: =+AM98+BC98 -> 14 | AE98: - Change Blade (8x) | AG98: 14 | AM98: =SUM(AF98:AL98)+AT98 -> 14 | AR98: =SUM(AN98:AQ98) -> 0 | BC98: =+AR98+AS98+AU98+AV98+AX98 -> 0 | BE98: 8
B99: Toilet | C99: =(M99*E99*O99*Q99)/100000000 -> 22.378738 | D99: RC HW | E99: 16 | F99: 1 | G99: 1040 | H99: =+N99 -> 0.16167282 | I99: 0.88 | J99: =E99*G99*(1-H99)*1440/1000000*2.75 -> 55.241066 | K99: =(IF(G99<L99,L99,G99)*(1-IF(H99<N99,H99,N99))*E99*O99*Q99)/100000000 -> 22.378738 | L99: 1080.7986 | M99: 906.06285 | N99: =1-(M99/L99) -> 0.16167282 | O99: =+'Trim Rwd'!H56 -> 268 | P99: =O99*(Q99-R99-S99) -> 149008 | Q99: 576 | R99: 0 | S99: 20 | T99: =E99*M99*O99*Q99/100000000 -> 22.378738 | U99: =E99*M99*O99*(Q99-R99-S99)/100000000 -> 21.601698 | V99: =E99*G99*(1-N99)*O99/100*(R99+S99)/1000000 -> 0.74770736 | W99: =+'17'!K18/1000 -> 0.819 | AD99: =+AM99+BC99 -> 19 | AE99: - Change Spool (27x) | AH99: 19 | AM99: =SUM(AF99:AL99)+AT99 -> 19 | AR99: =SUM(AN99:AQ99) -> 0 | BC99: =+AR99+AS99+AU99+AV99+AX99 -> 0
AD100: =+AM100+BC100 -> 8 | AE100: - Cleaning | AI100: 8 | AM100: =SUM(AF100:AL100)+AT100 -> 8 | AR100: =SUM(AN100:AQ100) -> 0 | BC100: =+AR100+AS100+AU100+AV100+AX100 -> 0
AD101: =+AM101+BC101 -> 117 | AE101: - 11.18" Pm 15 stop (pompa coating release trip) sekalian cleaning felt dan wire | AM101: =SUM(AF101:AL101)+AT101 -> 0 | AP101: 117 | AR101: =SUM(AN101:AQ101) -> 117 | BC101: =+AR101+AS101+AU101+AV101+AX101 -> 117
A103: 46040 | B103: Toilet | C103: =(M103*E103*O103*Q103)/100000000 -> 13.291085 | D103: RC HW | E103: 16 | F103: 1 | G103: 1060 | H103: =+N103 -> 0.18 | I103: 0.88 | J103: =E103*G103*(1-H103)*1440/1000000*2.75 -> 55.072512 | K103: =(IF(G103<L103,L103,G103)*(1-IF(H103<N103,H103,N103))*E103*O103*Q103)/100000000 -> 13.291085 | L103: 1080 | M103: 885.6 | N103: =1-(M103/L103) -> 0.18 | O103: =+'Trim Rwd'!H58 -> 268 | P103: =O103*(Q103-R103-S103) -> 89780 | Q103: 350 | R103: 0 | S103: 15 | T103: =E103*M103*O103*Q103/100000000 -> 13.291085 | U103: =E103*M103*O103*(Q103-R103-S103)/100000000 -> 12.721467 | V103: =E103*G103*(1-N103)*O103/100*(R103+S103)/1000000 -> 0.55906944 | W103: =+'18'!K18/1000 -> 17.131 | X103: =SUM(W103:W106)/SUM(K103:K106) -> 0.93143981 | Y103: 0 | Z103: 0 | AA103: =SUM(U103:U106)-SUM(W103:W106)-SUM(Z103:Z106)-SUM(Y103:Y106) -> 1.3039188 | AB103: =(SUM(K103:K106)-SUM(W103:W106)-SUM(Y103:Y106)-SUM(Z103:Z106)-SUM(AC103:AC106)-SUM(V103:V106))-AA103 -> 0.06229248 | AC103: =K103-T103 -> 0 | AD103: =+AM103+BC103 -> 0 | AE103: - Sheet Breaks (0x) | AF103: 0 | AM103: =SUM(AF103:AL103)+AT103 -> 0 | AR103: =SUM(AN103:AQ103) -> 0 | BC103: =+AR103+AS103+AU103+AV103+AX103 -> 0 | BD103: 0
B104: Toilet | C104: =(M104*E104*O104*Q104)/100000000 -> 13.600048 | D104: RC HW | E104: 20 | F104: 1 | G104: 870 | H104: =+N104 -> 0.2 | I104: 0.88 | J104: =E104*G104*(1-H104)*1440/1000000*2.75 -> 55.1232 | K104: =(IF(G104<L104,L104,G104)*(1-IF(H104<N104,H104,N104))*E104*O104*Q104)/100000000 -> 13.600048 | L104: 950 | M104: 760 | N104: =1-(M104/L104) -> 0.2 | O104: =+'Trim Rwd'!H59 -> 269.5 | P104: =O104*(Q104-R104-S104) -> 85431.5 | Q104: 332 | R104: 0 | S104: 15 | T104: =E104*M104*O104*Q104/100000000 -> 13.600048 | U104: =E104*M104*O104*(Q104-R104-S104)/100000000 -> 12.985588 | V104: =E104*G104*(1-N104)*O104/100*(R104+S104)/1000000 -> 0.562716 | W104: =+'18'!K20/1000 -> 12.647 | AC104: =K104-T104 -> 0 | AD104: =+AM104+BC104 -> 8 | AE104: - Change Blade (8x) | AG104: 8 | AM104: =SUM(AF104:AL104)+AT104 -> 8 | AR104: =SUM(AN104:AQ104) -> 0 | BC104: =+AR104+AS104+AU104+AV104+AX104 -> 0 | BE104: 8
B105: Toilet | C105: =(M105*E105*O105*Q105)/100000000 -> 27.181067 | D105: RC HW | E105: 14 | F105: 1 | G105: =+L105 -> 1140 | H105: =+N105 -> 0.18 | I105: 0.88 | J105: =E105*G105*(1-H105)*1440/1000000*2.75 -> 51.825312 | K105: =(IF(G105<L105,L105,G105)*(1-IF(H105<N105,H105,N105))*E105*O105*Q105)/100000000 -> 27.181067 | L105: 1140 | M105: 934.8 | N105: =1-(M105/L105) -> 0.18 | O105: =+'Trim Rwd'!H60 -> 274 | P105: =O105*(Q105-R105-S105) -> 198376 | Q105: 758 | R105: 0 | S105: 34 | T105: =E105*M105*O105*Q105/100000000 -> 27.181067 | U105: =E105*M105*O105*(Q105-R105-S105)/100000000 -> 25.961864 | V105: =E105*G105*(1-N105)*O105/100*(R105+S105)/1000000 -> 1.2192036 | W105: =+'18'!K17/1000 -> 20.587 | AC105: =K105-T105 -> 0 | AD105: =+AM105+BC105 -> 31 | AE105: - Change Spool (26x) | AH105: 31 | AM105: =SUM(AF105:AL105)+AT105 -> 31 | AR105: =SUM(AN105:AQ105) -> 0 | BC105: =+AR105+AS105+AU105+AV105+AX105 -> 0
AD106: =+AM106+BC106 -> 25 | AE106: - Cleaning | AI106: 25 | AM106: =SUM(AF106:AL106)+AT106 -> 25 | AR106: =SUM(AN106:AQ106) -> 0 | BC106: =+AR106+AS106+AU106+AV106+AX106 -> 0
A108: 46041 | B108: Toilet | C108: =(M108*E108*O108*Q108)/100000000 -> 42.032126 | D108: RC HW | E108: 14 | F108: 1 | G108: =+L108 -> 1188.941 | H108: =+N108 -> 0.2 | I108: 0.88 | J108: =E108*G108*(1-H108)*1440/1000000*2.75 -> 52.73191 | K108: =(IF(G108<L108,L108,G108)*(1-IF(H108<N108,H108,N108))*E108*O108*Q108)/100000000 -> 42.032126 | L108: 1188.941 | M108: 951.15278 | N108: =1-(M108/L108) -> 0.2 | O108: =+'Trim Rwd'!H62 -> 274 | P108: =O108*(Q108-R108-S108) -> 305510 | Q108: 1152 | R108: 0 | S108: 37 | T108: =E108*M108*O108*Q108/100000000 -> 42.032126 | U108: =E108*M108*O108*(Q108-R108-S108)/100000000 -> 40.682136 | V108: =E108*G108*(1-N108)*O108/100*(R108+S108)/1000000 -> 1.3499902 | W108: =+'19'!K17/1000 -> 44.626 | X108: =SUM(W108:W111)/SUM(K108:K111) -> 0.95476788 | Y108: 0 | Z108: 0 | AA108: =SUM(U108:U111)-SUM(W108:W111)-SUM(Z108:Z111)-SUM(Y108:Y111) -> 0.66552872 | AB108: =(SUM(K108:K111)-SUM(W108:W111)-SUM(Y108:Y111)-SUM(Z108:Z111)-SUM(AC108:AC111)-SUM(V108:V111))-AA108 -> 0.003228 | AC108: =K108-T108 -> 0 | AD108: =+AM108+BC108 -> 0 | AE108: - Sheet Breaks (0x) | AF108: 0 | AM108: =SUM(AF108:AL108)+AT108 -> 0 | AR108: =SUM(AN108:AQ108) -> 0 | BC108: =+AR108+AS108+AU108+AV108+AX108 -> 0 | BD108: 0
B109: Toilet | C109: =(M109*E109*O109*Q109)/100000000 -> 10.877069 | D109: RC HW | E109: 15 | F109: 1 | G109: 1160 | H109: =+N109 -> 0.2 | I109: 0.88 | J109: =E109*G109*(1-H109)*1440/1000000*2.75 -> 55.1232 | K109: =(IF(G109<L109,L109,G109)*(1-IF(H109<N109,H109,N109))*E109*O109*Q109)/100000000 -> 10.877069 | L109: 1170 | M109: 936 | N109: =1-(M109/L109) -> 0.2 | O109: =+'Trim Rwd'!H63 -> 269 | P109: =O109*(Q109-R109-S109) -> 74782 | Q109: =1440-Q108 -> 288 | R109: 0 | S109: 10 | T109: =E109*M109*O109*Q109/100000000 -> 10.877069 | U109: =E109*M109*O109*(Q109-R109-S109)/100000000 -> 10.499393 | V109: =E109*G109*(1-N109)*O109/100*(R109+S109)/1000000 -> 0.374448 | W109: =+'19'!K16/1000 -> 5.89 | AC109: =K109-T109 -> 0 | AD109: =+AM109+BC109 -> 13 | AE109: - Change Blade (10x) | AG109: 13 | AM109: =SUM(AF109:AL109)+AT109 -> 13 | AR109: =SUM(AN109:AQ109) -> 0 | BC109: =+AR109+AS109+AU109+AV109+AX109 -> 0 | BE109: 10
AD110: =+AM110+BC110 -> 26 | AE110: - Change Spool (27x) | AH110: 26 | AM110: =SUM(AF110:AL110)+AT110 -> 26 | AR110: =SUM(AN110:AQ110) -> 0 | BC110: =+AR110+AS110+AU110+AV110+AX110 -> 0
AD111: =+AM111+BC111 -> 8 | AE111: - Cleaning | AI111: 8 | AM111: =SUM(AF111:AL111)+AT111 -> 8 | AR111: =SUM(AN111:AQ111) -> 0 | BC111: =+AR111+AS111+AU111+AV111+AX111 -> 0
A113: 46042 | B113: Toilet | C113: =(M113*E113*O113*Q113)/100000000 -> 55.327176 | D113: RC HW | E113: 15 | F113: 1 | G113: 1175 | H113: =+N113 -> 0.21 | I113: 0.88 | J113: =E113*G113*(1-H113)*1440/1000000*2.75 -> 55.13805 | K113: =(IF(G113<L113,L113,G113)*(1-IF(H113<N113,H113,N113))*E113*O113*Q113)/100000000 -> 55.327176 | L113: 1183.3333 | M113: 934.83333 | N113: =1-(M113/L113) -> 0.21 | O113: =+'Trim Rwd'!H65 -> 274 | P113: =O113*(Q113-R113-S113) -> 383052 | Q113: =1440-Q112 -> 1440 | R113: 0 | S113: 42 | T113: =E113*M113*O113*Q113/100000000 -> 55.327176 | U113: =E113*M113*O113*(Q113-R113-S113)/100000000 -> 53.713467 | V113: =E113*G113*(1-N113)*O113/100*(R113+S113)/1000000 -> 1.6023451 | W113: =+'20'!K16/1000 -> 54.661 | X113: =SUM(W113:W116)/SUM(K113:K116) -> 0.98795933 | Y113: 0 | Z113: 0 | AA113: =SUM(U113:U116)-SUM(W113:W116)-SUM(Z113:Z116)-SUM(Y113:Y116) -> -0.9475333 | AB113: =(SUM(K113:K116)-SUM(W113:W116)-SUM(Y113:Y116)-SUM(Z113:Z116)-SUM(AC113:AC116)-SUM(V113:V116))-AA113 -> 0.01136415 | AC113: =K113-T113 -> 0 | AD113: =+AM113+BC113 -> 0 | AE113: - Sheet Breaks (0x) | AF113: 0 | AM113: =SUM(AF113:AL113)+AT113 -> 0 | AR113: =SUM(AN113:AQ113) -> 0 | BC113: =+AR113+AS113+AU113+AV113+AX113 -> 0 | BD113: 0
AC114: =K114-T114 -> 0 | AD114: =+AM114+BC114 -> 15 | AE114: - Change Blade (12x) | AG114: 15 | AM114: =SUM(AF114:AL114)+AT114 -> 15 | AR114: =SUM(AN114:AQ114) -> 0 | BC114: =+AR114+AS114+AU114+AV114+AX114 -> 0 | BE114: 12
AD115: =+AM115+BC115 -> 21 | AE115: - Change Spool (28x) | AH115: 21 | AM115: =SUM(AF115:AL115)+AT115 -> 21 | AR115: =SUM(AN115:AQ115) -> 0 | BC115: =+AR115+AS115+AU115+AV115+AX115 -> 0
AD116: =+AM116+BC116 -> 6 | AE116: - Cleaning | AI116: 6 | AM116: =SUM(AF116:AL116)+AT116 -> 6 | AR116: =SUM(AN116:AQ116) -> 0 | BC116: =+AR116+AS116+AU116+AV116+AX116 -> 0
A118: 46043 | B118: Toilet | C118: =(M118*E118*O118*Q118)/100000000 -> 39.509405 | D118: RC HW | E118: 15 | F118: 1 | G118: 1175 | H118: =+N118 -> 0.21 | I118: 0.88 | J118: =E118*G118*(1-H118)*1440/1000000*2.75 -> 55.13805 | K118: =(IF(G118<L118,L118,G118)*(1-IF(H118<N118,H118,N118))*E118*O118*Q118)/100000000 -> 39.509405 | L118: 1179.3113 | M118: 931.65597 | N118: =1-(M118/L118) -> 0.21 | O118: =+'Trim Rwd'!H68 -> 274.21739 | P118: =O118*(Q118-R118-S118) -> 275862.7 | Q118: 1031 | R118: 0 | S118: =48-S119-S120 -> 25 | T118: =E118*M118*O118*Q118/100000000 -> 39.509405 | U118: =E118*M118*O118*(Q118-R118-S118)/100000000 -> 38.551369 | V118: =E118*G118*(1-N118)*O118/100*(R118+S118)/1000000 -> 0.9545336 | W118: =+'21'!K16/1000 -> 42.071 | X118: =SUM(W118:W121)/SUM(K118:K121) -> 0.93541317 | Y118: 0 | Z118: 0 | AA118: 0 | AB118: =(SUM(K118:K121)-SUM(W118:W121)-SUM(Y118:Y121)-SUM(Z118:Z121)-SUM(AC118:AC121)-SUM(V118:V121))-AA118 -> 0.81352956 | AC118: =K118-T118 -> 0 | AD118: =+AM118+BC118 -> 2 | AE118: - Sheet Breaks (0x) | AF118: 2 | AM118: =SUM(AF118:AL118)+AT118 -> 2 | AR118: =SUM(AN118:AQ118) -> 0 | BC118: =+AR118+AS118+AU118+AV118+AX118 -> 0 | BD118: 0
B119: Toilet | C119: =(M119*E119*O119*Q119)/100000000 -> 11.611475 | D119: RC HW | E119: 13.5 | F119: 1 | G119: 1305 | H119: =+N119 -> 0.21 | I119: 0.88 | J119: =E119*G119*(1-H119)*1440/1000000*2.75 -> 55.114587 | K119: =(IF(G119<L119,L119,G119)*(1-IF(H119<N119,H119,N119))*E119*O119*Q119)/100000000 -> 12.52312 | L119: 1210 | M119: 955.9 | N119: =1-(M119/L119) -> 0.21 | O119: =+'Trim Rwd'!H70 -> 267 | P119: =O119*(Q119-R119-S119) -> 85173 | Q119: 337 | R119: 0 | S119: 18 | T119: =E119*M119*O119*Q119/100000000 -> 11.611475 | U119: =E119*M119*O119*(Q119-R119-S119)/100000000 -> 10.991278 | V119: =E119*G119*(1-N119)*O119/100*(R119+S119)/1000000 -> 0.66889067 | W119: =+'21'!K7/1000 -> 8.915 | AC119: =K119-T119 -> 0.91164473 | AD119: =+AM119+BC119 -> 17 | AE119: - Change Blade (9x) | AG119: 17 | AM119: =SUM(AF119:AL119)+AT119 -> 17 | AR119: =SUM(AN119:AQ119) -> 0 | BC119: =+AR119+AS119+AU119+AV119+AX119 -> 0 | BE119: 9
B120: Toilet | C120: =(M120*E120*O120*Q120)/100000000 -> 2.4738705 | D120: RC HW | E120: 13 | F120: 1 | G120: =+L120 -> 1230 | H120: =+N120 -> 0.21 | I120: 0.88 | J120: =E120*G120*(1-H120)*1440/1000000*2.75 -> 50.023116 | K120: =(IF(G120<L120,L120,G120)*(1-IF(H120<N120,H120,N120))*E120*O120*Q120)/100000000 -> 2.4738705 | L120: 1230 | M120: 971.7 | N120: =1-(M120/L120) -> 0.21 | O120: =+'Trim Rwd'!H71 -> 272 | P120: =O120*(Q120-R120-S120) -> 18224 | Q120: 72 | R120: 0 | S120: 5 | T120: =E120*M120*O120*Q120/100000000 -> 2.4738705 | U120: =E120*M120*O120*(Q120-R120-S120)/100000000 -> 2.3020739 | V120: =E120*G120*(1-N120)*O120/100*(R120+S120)/1000000 -> 0.17179656 | W120: =+'20'!K23/1000 -> 0 | AC120: =K120-T120 -> 0 | AD120: =+AM120+BC120 -> 23 | AE120: - Change Spool (29x) | AH120: 23 | AM120: =SUM(AF120:AL120)+AT120 -> 23 | AR120: =SUM(AN120:AQ120) -> 0 | BC120: =+AR120+AS120+AU120+AV120+AX120 -> 0
AD121: =+AM121+BC121 -> 6 | AE121: - Cleaning | AI121: 6 | AM121: =SUM(AF121:AL121)+AT121 -> 6 | AR121: =SUM(AN121:AQ121) -> 0 | BC121: =+AR121+AS121+AU121+AV121+AX121 -> 0
...

Sheet Efficiency2
A1: PM15 Efficiency Running Report
A3: Date | B3: Grade | C3: Speed real (ton) with Available Time | D3: Colour | E3: gsm | F3: Ply | G3: Standard | L3: Real Running | O3: Trim Rewinder (cm) | P3: Trim Rewinder x Running Time | Q3: Available Time (mnt) | R3: Down Time (mnt) | S3: Loss Time (mnt) | T3: Real Speed & Real Creepe Ratio with Available Time (ton) | U3: Real Speed & Real Creepe Ratio setelah dipotong DT & LT (ton) | V3: Loss tonase akibat DT + LT dari hitungan Teori with available time (ton) | W3: Accepted (ton) | X3: Real Eff dr Target Eff | Y3: Backlog | Z3: Reject Rewinder (ton) | AA3: Estimasi Reject to Broke Plant (ton) | AB3: Estimasi Faktor BW (ton) | AC3: Loss Opportunity in Speed (ton) | AD3: Downtime/ Losstime | AE3: Reason of Downtime / Losstime | AF3: Loss Time | AM3: Total Losstime | AN3: Unschedule Shut Down (mnt) | AS3: Schedule Shut Down | AT3: Marketing | AV3: EXT FACTOR | AX3: EXT FACTOR | AZ3: EXT FACTOR | BB3: MANAGEMENT | BC3: Total Down Time | BD3: Freq. Sheets Break (X) | BE3: Freq. Change Blade (X) | BF3: Steam, & gangguan sinergy (X) | BG3: Freq, Trip PLN (X) | BH3: Cleaning Holes (X)
AF4: Proses | AI4: Change Grade | AJ4: Mekanik | AK4: Electric & Instrument | AL4: Boiler | AN4: Down Time Produksi | AO4: Mekanik | AP4: Electrical & Instrument | AQ4: Boiler | AR4: Total Unschedule Shut Down | AV4: LOSS | AW4: DOWN TIME | AX4: LOSS | AY4: DOWN TIME | AZ4: LOSS | BA4: DOWN TIME
G5: Yankee Speed (mpm) | H5: Max % Creeping | I5: Target Eff | J5: Kapasitas PM-Teori (ton) | K5: Teori (ton) with Available Time | L5: Yankee Speed (mpm) | M5: Popereel Speed (mpm) | N5: % Creeping | AF5: sheet break | AG5: change blade | AH5: change spool | AT5: Loss time | AU5: Down Time | AV5: SINERGY | AW5: SINERGY | AX5: PLN | AY5: PLN | AZ5: PGN | BA5: PGN
A6: =+Report1!A9 -> 46023 | B6: Toilet | C6: =(M6*E6*O6*Q6)/100000000 -> 51.492347 | D6: RC HW | E6: 13.5 | F6: 1 | G6: 1310 | H6: =+N6 -> 0.21458469 | I6: 0.88 | J6: =E6*G6*(1-H6)*1440/1000000*2.75 -> 55.004676 | K6: =(IF(G6<L6,L6,G6)*(1-IF(H6<N6,H6,N6))*E6*O6*Q6)/100000000 -> 55.004676 | L6: 1226.3498 | M6: 963.19392 | N6: =1-(M6/L6) -> 0.21458469 | O6: =+'Trim Rwd'!H4 -> 275 | P6: =O6*(Q6-R6-S6) -> 347325 | Q6: 1440 | R6: 125 | S6: 52 | T6: =E6*M6*O6*Q6/100000000 -> 51.492347 | U6: =E6*M6*O6*(Q6-R6-S6)/100000000 -> 45.163079 | V6: =E6*G6*(1-N6)*O6/100*(R6+S6)/1000000 -> 6.7609915 | W6: =+'1'!K7/1000 -> 44.228 | X6: =SUM(W6:W9)/SUM(K6:K9) -> 0.80407709 | Y6: 0 | Z6: 0 | AA6: =SUM(U6:U9)-SUM(W6:W9)-SUM(Z6:Z9)-SUM(Y6:Y9) -> 0.93507914 | AB6: =(SUM(K6:K9)-SUM(W6:W9)-SUM(Y6:Y9)-SUM(Z6:Z9)-SUM(AC6:AC9)-SUM(V6:V9))-AA6 -> -0.43172383 | AC6: =K6-T6 -> 3.5123295 | AD6: =+AM6+BC6 -> 4 | AE6: - Sheet Breaks (2x) | AF6: 4 | AM6: =SUM(AF6:AL6)+AT6 -> 4 | AR6: =SUM(AN6:AQ6) -> 0 | BC6: =+AR6+AS6+AU6+AV6+AX6 -> 0 | BD6: 2 | BH6: h
AD7: =+AM7+BC7 -> 11 | AE7: - Change Blade (11x) | AG7: 11 | AM7: =SUM(AF7:AL7)+AT7 -> 11 | AR7: =SUM(AN7:AQ7) -> 0 | BC7: =+AR7+AS7+AU7+AV7+AX7 -> 0 | BE7: 11
AD8: =+AM8+BC8 -> 22 | AE8: - Change Spool (29x) | AH8: 22 | AM8: =SUM(AF8:AL8)+AT8 -> 22 | AR8: =SUM(AN8:AQ8) -> 0 | BC8: =+AR8+AS8+AU8+AV8+AX8 -> 0
AD9: =+AM9+BC9 -> 15 | AE9: - Cleaning | AI9: 15 | AM9: =SUM(AF9:AL9)+AT9 -> 15 | AR9: =SUM(AN9:AQ9) -> 0 | BC9: =+AR9+AS9+AU9+AV9+AX9 -> 0
AD10: =+AM10+BC10 -> 125 | AE10: - 10:29 pm 15 stop cleaning felt dan wire | AM10: =SUM(AF10:AL10)+AT10 -> 0 | AN10: 125 | AR10: =SUM(AN10:AQ10) -> 125 | BC10: =+AR10+AS10+AU10+AV10+AX10 -> 125 | BH10: 1
A12: 46024 | B12: Toilet | C12: =(M12*E12*O12*Q12)/100000000 -> 52.1235 | D12: RC HW | E12: 13.5 | F12: 1 | G12: 1320 | H12: =+N12 -> 0.22 | I12: 0.88 | J12: =E12*G12*(1-H12)*1440/1000000*2.75 -> 55.042416 | K12: =(IF(G12<L12,L12,G12)*(1-IF(H12<N12,H12,N12))*E12*O12*Q12)/100000000 -> 55.042416 | L12: 1250 | M12: 975 | N12: =1-(M12/L12) -> 0.22 | O12: =+'Trim Rwd'!H6 -> 275 | P12: =O12*(Q12-R12-S12) -> 380875 | Q12: 1440 | R12: 0 | S12: 55 | T12: =E12*M12*O12*Q12/100000000 -> 52.1235 | U12: =E12*M12*O12*(Q12-R12-S12)/100000000 -> 50.132672 | V12: =E12*G12*(1-N12)*O12/100*(R12+S12)/1000000 -> 2.1023145 | W12: =+'2'!K7/1000 -> 46.394 | X12: =SUM(W12:W15)/SUM(K12:K15) -> 0.84287725 | Y12: 0 | Z12: =+'2'!D34/1000 -> 1.24 | AA12: =SUM(U12:U15)-SUM(W12:W15)-SUM(Z12:Z15)-SUM(Y12:Y15) -> 2.4986719 | AB12: =(SUM(K12:K15)-SUM(W12:W15)-SUM(Y12:Y15)-SUM(Z12:Z15)-SUM(AC12:AC15)-SUM(V12:V15))-AA12 -> -0.11148637 | AC12: =K12-T12 -> 2.918916 | AD12: =+AM12+BC12 -> 0 | AE12: - Sheet Breaks (0x) | AF12: 0 | AM12: =SUM(AF12:AL12)+AT12 -> 0 | AR12: =SUM(AN12:AQ12) -> 0 | BC12: =+AR12+AS12+AU12+AV12+AX12 -> 0 | BD12: 0
AD13: =+AM13+BC13 -> 12 | AE13: - Change Blade (8x) | AG13: 12 | AM13: =SUM(AF13:AL13)+AT13 -> 12 | AR13: =SUM(AN13:AQ13) -> 0 | BC13: =+AR13+AS13+AU13+AV13+AX13 -> 0 | BE13: 8
AD14: =+AM14+BC14 -> 35 | AE14: - Change Spool (31x) | AH14: 35 | AM14: =SUM(AF14:AL14)+AT14 -> 35 | AR14: =SUM(AN14:AQ14) -> 0 | BC14: =+AR14+AS14+AU14+AV14+AX14 -> 0
AD15: =+AM15+BC15 -> 8 | AE15: - Cleaning | AI15: 8 | AM15: =SUM(AF15:AL15)+AT15 -> 8 | AR15: =SUM(AN15:AQ15) -> 0 | BC15: =+AR15+AS15+AU15+AV15+AX15 -> 0
A17: 46025 | B17: Toilet | C17: =(M17*E17*O17*Q17)/100000000 -> 52.540488 | D17: RC HW | E17: 13.5 | F17: 1 | G17: 1320 | H17: =+N17 -> 0.22 | I17: 0.88 | J17: =E17*G17*(1-H17)*1440/1000000*2.75 -> 55.042416 | K17: =(IF(G17<L17,L17,G17)*(1-IF(H17<N17,H17,N17))*E17*O17*Q17)/100000000 -> 55.042416 | L17: 1260 | M17: 982.8 | N17: =1-(M17/L17) -> 0.22 | O17: =+'Trim Rwd'!H8 -> 275 | P17: =O17*(Q17-R17-S17) -> 326425 | Q17: 1440 | R17: 210 | S17: 43 | T17: =E17*M17*O17*Q17/100000000 -> 52.540488 | U17: =E17*M17*O17*(Q17-R17-S17)/100000000 -> 43.309416 | V17: =E17*G17*(1-N17)*O17/100*(R17+S17)/1000000 -> 9.6706467 | W17: =+'3'!K7/1000 -> 43.02 | X17: =SUM(W17:W20)/SUM(K17:K20) -> 0.78157906 | Y17: 0 | Z17: =+'3'!D7/1000 -> 0.6 | AA17: =SUM(U17:U20)-SUM(W17:W20)-SUM(Z17:Z20)-SUM(Y17:Y20) -> -0.31058385 | AB17: =(SUM(K17:K20)-SUM(W17:W20)-SUM(Y17:Y20)-SUM(Z17:Z20)-SUM(AC17:AC20)-SUM(V17:V20))-AA17 -> -0.43957485 | AC17: =K17-T17 -> 2.501928 | AD17: =+AM17+BC17 -> 0 | AE17: - Sheet Breaks (0x) | AF17: 0 | AM17: =SUM(AF17:AL17)+AT17 -> 0 | AR17: =SUM(AN17:AQ17) -> 0 | BC17: =+AR17+AS17+AU17+AV17+AX17 -> 0 | BD17: 0
AD18: =+AM18+BC18 -> 16 | AE18: - Change Blade (11x) | AG18: 16 | AM18: =SUM(AF18:AL18)+AT18 -> 16 | AR18: =SUM(AN18:AQ18) -> 0 | BC18: =+AR18+AS18+AU18+AV18+AX18 -> 0 | BE18: 11
AD19: =+AM19+BC19 -> 27 | AE19: - Change Spool (27x) | AH19: 27 | AM19: =SUM(AF19:AL19)+AT19 -> 27 | AR19: =SUM(AN19:AQ19) -> 0 | BC19: =+AR19+AS19+AU19+AV19+AX19 -> 0
AD20: =+AM20+BC20 -> 0 | AE20: - Cleaning | AI20: 0 | AM20: =SUM(AF20:AL20)+AT20 -> 0 | AR20: =SUM(AN20:AQ20) -> 0 | BC20: =+AR20+AS20+AU20+AV20+AX20 -> 0
AD21: =+AM21+BC21 -> 210 | AE21: - 15.10 vacum trip, pm stop cleaning felt wire | AI21: 0 | AM21: =SUM(AF21:AL21)+AT21 -> 0 | AP21: 210 | AR21: =SUM(AN21:AQ21) -> 210 | BC21: =+AR21+AS21+AU21+AV21+AX21 -> 210
A23: 46026 | B23: Toilet | C23: =(M23*E23*O23*Q23)/100000000 -> 42.040027 | D23: RC HW | E23: 13.5 | F23: 1 | G23: 1320 | H23: =+N23 -> 0.22 | I23: 0.88 | J23: =E23*G23*(1-H23)*1440/1000000*2.75 -> 55.042416 | K23: =(IF(G23<L23,L23,G23)*(1-IF(H23<N23,H23,N23))*E23*O23*Q23)/100000000 -> 44.721963 | L23: 1240.8408 | M23: 967.85581 | N23: =1-(M23/L23) -> 0.22 | O23: =+'Trim Rwd'!H10 -> 275 | P23: =O23*(Q23-R23-S23) -> 296450 | Q23: =1118+52 -> 1170 | R23: 52 | S23: 40 | T23: =E23*M23*O23*Q23/100000000 -> 42.040027 | U23: =E23*M23*O23*(Q23-R23-S23)/100000000 -> 38.734316 | V23: =E23*G23*(1-N23)*O23/100*(R23+S23)/1000000 -> 3.5165988 | W23: =+'4'!K7/1000 -> 42.044 | X23: =SUM(W23:W26)/SUM(K23:K26) -> 0.87693647 | Y23: 0 | Z23: 0 | AA23: =SUM(U23:U26)-SUM(W23:W26)-SUM(Z23:Z26)-SUM(Y23:Y26) -> 0.10535925 | AB23: =(SUM(K23:K26)-SUM(W23:W26)-SUM(Y23:Y26)-SUM(Z23:Z26)-SUM(AC23:AC26)-SUM(V23:V26))-AA23 -> -0.21559571 | AC23: =K23-T23 -> 2.6819359 | AD23: =+AM23+BC23 -> 0 | AE23: - Sheet Breaks (0x) | AF23: 0 | AM23: =SUM(AF23:AL23)+AT23 -> 0 | AR23: =SUM(AN23:AQ23) -> 0 | BC23: =+AR23+AS23+AU23+AV23+AX23 -> 0 | BD23: 0
B24: Toilet | C24: =(M24*E24*O24*Q24)/100000000 -> 9.8312227 | D24: RC HW | E24: 14.5 | F24: 1 | G24: 1170 | H24: =+N24 -> 0.18 | I24: 0.88 | J24: =E24*G24*(1-H24)*1440/1000000*2.75 -> 55.088748 | K24: =(IF(G24<L24,L24,G24)*(1-IF(H24<N24,H24,N24))*E24*O24*Q24)/100000000 -> 9.9159746 | L24: 1160 | M24: 951.2 | N24: =1-(M24/L24) -> 0.18 | O24: =+'Trim Rwd'!H11 -> 264 | P24: =O24*(Q24-R24-S24) -> 67320 | Q24: 270 | R24: 0 | S24: 15 | T24: =E24*M24*O24*Q24/100000000 -> 9.8312227 | U24: =E24*M24*O24*(Q24-R24-S24)/100000000 -> 9.2850437 | V24: =E24*G24*(1-N24)*O24/100*(R24+S24)/1000000 -> 0.55088748 | W24: =+'4'!K8/1000 -> 5.87 | AC24: =K24-T24 -> 0.08475192 | AD24: =+AM24+BC24 -> 12 | AE24: - Change Blade (8x) | AG24: 12 | AM24: =SUM(AF24:AL24)+AT24 -> 12 | AR24: =SUM(AN24:AQ24) -> 0 | BC24: =+AR24+AS24+AU24+AV24+AX24 -> 0 | BE24: 8
AD25: =+AM25+BC25 -> 36 | AE25: - Change Spool (33x) | AH25: 36 | AM25: =SUM(AF25:AL25)+AT25 -> 36 | AR25: =SUM(AN25:AQ25) -> 0 | BC25: =+AR25+AS25+AU25+AV25+AX25 -> 0
AD26: =+AM26+BC26 -> 7 | AE26: - Cleaning | AI26: 7 | AM26: =SUM(AF26:AL26)+AT26 -> 7 | AR26: =SUM(AN26:AQ26) -> 0 | BC26: =+AR26+AS26+AU26+AV26+AX26 -> 0
AD27: =+AM27+BC27 -> 52 | AE27: - 07:42 vacum uhle box open. Turbo vacum trip | AM27: =SUM(AF27:AL27)+AT27 -> 0 | AP27: 52 | AR27: =SUM(AN27:AQ27) -> 52 | BC27: =+AR27+AS27+AU27+AV27+AX27 -> 52
A29: 46027 | B29: Toilet | C29: =(M29*E29*O29*Q29)/100000000 -> 51.378497 | D29: RC HW | E29: 14.5 | F29: 1 | G29: 1170 | H29: =+N29 -> 0.18 | I29: 0.88 | J29: =E29*G29*(1-H29)*1440/1000000*2.75 -> 55.088748 | K29: =(IF(G29<L29,L29,G29)*(1-IF(H29<N29,H29,N29))*E29*O29*Q29)/100000000 -> 52.885198 | L29: 1136.6667 | M29: 932.06667 | N29: =1-(M29/L29) -> 0.18 | O29: =+'Trim Rwd'!H13 -> 264 | P29: =O29*(Q29-R29-S29) -> 359568 | Q29: 1440 | R29: 0 | S29: =56+22 -> 78 | T29: =E29*M29*O29*Q29/100000000 -> 51.378497 | U29: =E29*M29*O29*(Q29-R29-S29)/100000000 -> 48.595495 | V29: =E29*G29*(1-N29)*O29/100*(R29+S29)/1000000 -> 2.8646149 | W29: =+'5'!K8/1000 -> 48.495 | X29: =SUM(W29:W32)/SUM(K29:K32) -> 0.91698626 | Y29: 0 | Z29: 0 | AA29: =SUM(U29:U32)-SUM(W29:W32)-SUM(Z29:Z32)-SUM(Y29:Y32) -> 0.10049534 | AB29: =(SUM(K29:K32)-SUM(W29:W32)-SUM(Y29:Y32)-SUM(Z29:Z32)-SUM(AC29:AC32)-SUM(V29:V32))-AA29 -> -0.08161296 | AC29: =K29-T29 -> 1.5067008 | AD29: =+AM29+BC29 -> 5 | AE29: - Sheet Breaks (2x) | AF29: 5 | AM29: =SUM(AF29:AL29)+AT29 -> 5 | AR29: =SUM(AN29:AQ29) -> 0 | BC29: =+AR29+AS29+AU29+AV29+AX29 -> 0 | BD29: 2
AD30: =+AM30+BC30 -> 17 | AE30: - Change Blade (12x) | AG30: 17 | AM30: =SUM(AF30:AL30)+AT30 -> 17 | AR30: =SUM(AN30:AQ30) -> 0 | BC30: =+AR30+AS30+AU30+AV30+AX30 -> 0 | BE30: 12
AD31: =+AM31+BC31 -> 27 | AE31: - Change Spool (30x) | AH31: 27 | AM31: =SUM(AF31:AL31)+AT31 -> 27 | AR31: =SUM(AN31:AQ31) -> 0 | BC31: =+AR31+AS31+AU31+AV31+AX31 -> 0
AD32: =+AM32+BC32 -> 7 | AE32: - Cleaning | AI32: 7 | AM32: =SUM(AF32:AL32)+AT32 -> 7 | AR32: =SUM(AN32:AQ32) -> 0 | BC32: =+AR32+AS32+AU32+AV32+AX32 -> 0
AD33: =+AM33+BC33 -> 22 | AE33: - reject MED 770 kg (bearing chuck panas, Chuck tiba2 open pas gulung roll, penampang roll sebelah TS cacat) | AJ33: 22 | AM33: =SUM(AF33:AL33)+AT33 -> 22 | AR33: =SUM(AN33:AQ33) -> 0 | BC33: =+AR33+AS33+AU33+AV33+AX33 -> 0
A35: 46028 | B35: Toilet | C35: =(M35*E35*O35*Q35)/100000000 -> 0.10735243 | D35: RC HW | E35: 14.5 | F35: 1 | G35: 1170 | H35: =+N35 -> 0.18 | I35: 0.88 | J35: =E35*G35*(1-H35)*1440/1000000*2.75 -> 55.088748 | K35: =(IF(G35<L35,L35,G35)*(1-IF(H35<N35,H35,N35))*E35*O35*Q35)/100000000 -> 0.1101775 | L35: 1140 | M35: 934.8 | N35: =1-(M35/L35) -> 0.18 | O35: =+'Trim Rwd'!H15 -> 264 | P35: =O35*(Q35-R35-S35) -> 528 | Q35: 3 | R35: 0 | S35: 1 | T35: =E35*M35*O35*Q35/100000000 -> 0.10735243 | U35: =E35*M35*O35*(Q35-R35-S35)/100000000 -> 0.071568288 | V35: =E35*G35*(1-N35)*O35/100*(R35+S35)/1000000 -> 0.036725832 | W35: =+'6'!K8/1000 -> 3.101 | X35: =SUM(W35:W38)/SUM(K35:K38) -> 0.40614026 | Y35: 0 | Z35: 0 | AA35: =SUM(U35:U38)-SUM(W35:W38)-SUM(Z35:Z38)-SUM(Y35:Y38) -> 1.5061131 | AB35: =(SUM(K35:K38)-SUM(W35:W38)-SUM(Y35:Y38)-SUM(Z35:Z38)-SUM(AC35:AC38)-SUM(V35:V38))-AA35 -> -1.8230582 | AC35: =K35-T35 -> 0.002825064 | AD35: =+AM35+BC35 -> 0 | AE35: - Sheet Breaks (0x) | AF35: 0 | AM35: =SUM(AF35:AL35)+AT35 -> 0 | AR35: =SUM(AN35:AQ35) -> 0 | BC35: =+AR35+AS35+AU35+AV35+AX35 -> 0 | BD35: 0
B36: Towel | C36: =(M36*E36*O36*Q36)/100000000 -> 14.13129 | D36: RC HW | E36: 29 | F36: 1 | G36: 565 | H36: =+N36 -> 0.15 | I36: 0.88 | J36: =E36*G36*(1-H36)*1440/1000000*2.75 -> 55.15191 | K36: =(IF(G36<L36,L36,G36)*(1-IF(H36<N36,H36,N36))*E36*O36*Q36)/100000000 -> 15.968358 | L36: 500 | M36: 425 | N36: =1-(M36/L36) -> 0.15 | O36: =+'Trim Rwd'!H17 -> 256.5 | P36: =O36*(Q36-R36-S36) -> 9234 | Q36: =927-480 -> 447 | R36: =874-480 -> 394 | S36: 17 | T36: =E36*M36*O36*Q36/100000000 -> 14.13129 | U36: =E36*M36*O36*(Q36-R36-S36)/100000000 -> 1.1380905 | V36: =E36*G36*(1-N36)*O36/100*(R36+S36)/1000000 -> 14.682316 | W36: =+'5'!K15/1000 -> 0 | AC36: =K36-T36 -> 1.8370677 | AD36: =+AM36+BC36 -> 11 | AE36: - Change Blade (5x) | AG36: 11 | AM36: =SUM(AF36:AL36)+AT36 -> 11 | AR36: =SUM(AN36:AQ36) -> 0 | BC36: =+AR36+AS36+AU36+AV36+AX36 -> 0 | BE36: 5
B37: Towel | C37: =(M37*E37*O37*Q37)/100000000 -> 14.791514 | D37: RC HW | E37: 17 | F37: 1 | G37: 995 | H37: =+N37 -> 0.17825581 | I37: 0.88 | J37: =E37*G37*(1-H37)*1440/1000000*2.75 -> 55.04322 | K37: =(IF(G37<L37,L37,G37)*(1-IF(H37<N37,H37,N37))*E37*O37*Q37)/100000000 -> 18.183027 | L37: 809.41176 | M37: 665.12941 | N37: =1-(M37/L37) -> 0.17825581 | O37: =+'Trim Rwd'!H16 -> 256.5 | P37: =O37*(Q37-R37-S37) -> 125685 | Q37: 510 | R37: 0 | S37: 20 | T37: =E37*M37*O37*Q37/100000000 -> 14.791514 | U37: =E37*M37*O37*(Q37-R37-S37)/100000000 -> 14.211454 | V37: =E37*G37*(1-N37)*O37/100*(R37+S37)/1000000 -> 0.71305989 | W37: =+'6'!K9/1000 -> 10.814 | AC37: =K37-T37 -> 3.3915135 | AD37: =+AM37+BC37 -> 22 | AE37: - Change Spool (11x) | AH37: 22 | AM37: =SUM(AF37:AL37)+AT37 -> 22 | AR37: =SUM(AN37:AQ37) -> 0 | BC37: =+AR37+AS37+AU37+AV37+AX37 -> 0
AD38: =+AM38+BC38 -> 5 | AE38: - Cleaning | AI38: 5 | AM38: =SUM(AF38:AL38)+AT38 -> 5 | AR38: =SUM(AN38:AQ38) -> 0 | BC38: =+AR38+AS38+AU38+AV38+AX38 -> 0
AD39: =+AM39+BC39 -> 0 | AE39: - 07.03 pm stop, boilout & ganti felt | AM39: =SUM(AF39:AL39)+AT39 -> 0 | AR39: =SUM(AN39:AQ39) -> 0 | AU39: =480-480 -> 0 | BC39: =+AR39+AS39+AU39+AV39+AX39 -> 0
AD40: =+AM40+BC40 -> 394 | AE40: - Ganti felt | AM40: =SUM(AF40:AL40)+AT40 -> 0 | AR40: =SUM(AN40:AQ40) -> 0 | AS40: 394 | BC40: =+AR40+AS40+AU40+AV40+AX40 -> 394
A42: 46029 | B42: Towel | C42: =(M42*E42*O42*Q42)/100000000 -> 12.115597 | D42: RC HW | E42: 17 | F42: 1 | G42: 1000 | H42: =+N42 -> 0.18 | I42: 0.88 | J42: =E42*G42*(1-H42)*1440/1000000*2.75 -> 55.2024 | K42: =(IF(G42<L42,L42,G42)*(1-IF(H42<N42,H42,N42))*E42*O42*Q42)/100000000 -> 14.087903 | L42: 860 | M42: 705.2 | N42: =1-(M42/L42) -> 0.18 | O42: =+'Trim Rwd'!H19 -> 256.5 | P42: =O42*(Q42-R42-S42) -> 96700.5 | Q42: 394 | R42: 0 | S42: 17 | T42: =E42*M42*O42*Q42/100000000 -> 12.115597 | U42: =E42*M42*O42*(Q42-R42-S42)/100000000 -> 11.592843 | V42: =E42*G42*(1-N42)*O42/100*(R42+S42)/1000000 -> 0.6078537 | W42: =+'7'!K9/1000 -> 14.016 | X42: =SUM(W42:W45)/SUM(K42:K45) -> 0.74549342 | Y42: 0 | Z42: 0 | AA42: =SUM(U42:U45)-SUM(W42:W45)-SUM(Z42:Z45)-SUM(Y42:Y45) -> 4.8563122 | AB42: =(SUM(K42:K45)-SUM(W42:W45)-SUM(Y42:Y45)-SUM(Z42:Z45)-SUM(AC42:AC45)-SUM(V42:V45))-AA42 -> 1.3841596 | AC42: =K42-T42 -> 1.9723065 | AD42: =+AM42+BC42 -> 0 | AE42: - Sheet Breaks (0x) | AF42: 0 | AM42: =SUM(AF42:AL42)+AT42 -> 0 | AR42: =SUM(AN42:AQ42) -> 0 | BC42: =+AR42+AS42+AU42+AV42+AX42 -> 0 | BD42: 0
B43: Towel | C43: =(M43*E43*O43*Q43)/100000000 -> 1.3583366 | D43: RC HW | E43: 35.5 | F43: 1 | G43: 480 | H43: =+N43 -> 0.18 | I43: 0.88 | J43: =E43*G43*(1-H43)*1440/1000000*2.75 -> 55.332288 | K43: =(IF(G43<L43,L43,G43)*(1-IF(H43<N43,H43,N43))*E43*O43*Q43)/100000000 -> 1.3583366 | L43: 516.06061 | M43: 423.1697 | N43: =1-(M43/L43) -> 0.18 | O43: =+'Trim Rwd'!H22 -> 274 | P43: =O43*(Q43-R43-S43) -> 7946 | Q43: 33 | R43: 0 | S43: =57-S42-S44-S45 -> 4 | T43: =E43*M43*O43*Q43/100000000 -> 1.3583366 | U43: =E43*M43*O43*(Q43-R43-S43)/100000000 -> 1.1936898 | V43: =E43*G43*(1-N43)*O43/100*(R43+S43)/1000000 -> 0.15314189 | W43: =+'5'!K22/1000 -> 0 | AC43: =K43-T43 -> 0 | AD43: =+AM43+BC43 -> 8 | AE43: - Change Blade (5x) | AG43: 8 | AM43: =SUM(AF43:AL43)+AT43 -> 8 | AR43: =SUM(AN43:AQ43) -> 0 | BC43: =+AR43+AS43+AU43+AV43+AX43 -> 0 | BE43: 5
B44: Towel | C44: =(M44*E44*O44*Q44)/100000000 -> 25.380823 | D44: RC HW | E44: 22 | F44: 1 | G44: 745 | H44: =+N44 -> 0.15204235 | I44: 0.88 | J44: =E44*G44*(1-H44)*1440/1000000*2.75 -> 55.036182 | K44: =(IF(G44<L44,L44,G44)*(1-IF(H44<N44,H44,N44))*E44*O44*Q44)/100000000 -> 27.431368 | L44: 689.3099 | M44: 584.5056 | N44: =1-(M44/L44) -> 0.15204235 | O44: =+'Trim Rwd'!H20 -> 257 | P44: =O44*(Q44-R44-S44) -> 191722 | Q44: 768 | R44: 0 | S44: 22 | T44: =E44*M44*O44*Q44/100000000 -> 25.380823 | U44: =E44*M44*O44*(Q44-R44-S44)/100000000 -> 24.653768 | V44: =E44*G44*(1-N44)*O44/100*(R44+S44)/1000000 -> 0.78579438 | W44: =+'7'!K10/1000 -> 24.459 | Z44: =+'7'!D25/1000 -> 0.826 | AC44: =K44-T44 -> 2.0505446 | AD44: =+AM44+BC44 -> 41 | AE44: - Change Spool (25x) | AH44: 41 | AM44: =SUM(AF44:AL44)+AT44 -> 41 | AR44: =SUM(AN44:AQ44) -> 0 | BC44: =+AR44+AS44+AU44+AV44+AX44 -> 0
B45: Towel | C45: =(M45*E45*O45*Q45)/100000000 -> 7.1241032 | D45: RC HW | E45: 14 | F45: 1 | G45: 1275 | H45: =+N45 -> 0.22 | I45: 0.88 | J45: =E45*G45*(1-H45)*1440/1000000*2.75 -> 55.13508 | K45: =(IF(G45<L45,L45,G45)*(1-IF(H45<N45,H45,N45))*E45*O45*Q45)/100000000 -> 8.7325056 | L45: 1040.1633 | M45: 811.32735 | N45: =1-(M45/L45) -> 0.22 | O45: =+'Trim Rwd'!H21 -> 256 | P45: =O45*(Q45-R45-S45) -> 59136 | Q45: 245 | R45: 0 | S45: 14 | T45: =E45*M45*O45*Q45/100000000 -> 7.1241032 | U45: =E45*M45*O45*(Q45-R45-S45)/100000000 -> 6.7170116 | V45: =E45*G45*(1-N45)*O45/100*(R45+S45)/1000000 -> 0.49900032 | W45: =+'6'!K17/1000 -> 0 | AD45: =+AM45+BC45 -> 8 | AE45: - Cleaning | AI45: 8 | AM45: =SUM(AF45:AL45)+AT45 -> 8 | AR45: =SUM(AN45:AQ45) -> 0 | BC45: =+AR45+AS45+AU45+AV45+AX45 -> 0
A47: 46030 | B47: Towel | C47: =(M47*E47*O47*Q47)/100000000 -> 4.5566976 | D47: RC HW | E47: 14 | F47: 1 | G47: 1275 | H47: =+N47 -> 0.22 | I47: 0.88 | J47: =E47*G47*(1-H47)*1440/1000000*2.75 -> 55.13508 | K47: =(IF(G47<L47,L47,G47)*(1-IF(H47<N47,H47,N47))*E47*O47*Q47)/100000000 -> 5.8097894 | L47: 1000 | M47: 780 | N47: =1-(M47/L47) -> 0.22 | O47: =+'Trim Rwd'!H24 -> 256 | P47: =O47*(Q47-R47-S47) -> 40448 | Q47: 163 | R47: 0 | S47: =30-S48-S49-S50 -> 5 | T47: =E47*M47*O47*Q47/100000000 -> 4.5566976 | U47: =E47*M47*O47*(Q47-R47-S47)/100000000 -> 4.4169216 | V47: =E47*G47*(1-N47)*O47/100*(R47+S47)/1000000 -> 0.1782144 | W47: =+'8'!K11/1000 -> 8.043 | X47: =SUM(W47:W50)/SUM(K47:K50) -> 0.80092416 | Y47: 0 | Z47: =+'8'!D7/1000 -> 0.773 | AA47: =SUM(U47:U50)-SUM(W47:W50)-SUM(Z47:Z50)-SUM(Y47:Y50) -> 6.4436743 | AB47: =(SUM(K47:K50)-SUM(W47:W50)-SUM(Y47:Y50)-SUM(Z47:Z50)-SUM(AC47:AC50)-SUM(V47:V50))-AA47 -> 1.1307641 | AC47: =K47-T47 -> 1.2530918 | AD47: =+AM47+BC47 -> 0 | AE47: - Sheet Breaks (0x) | AF47: 0 | AM47: =SUM(AF47:AL47)+AT47 -> 0 | AR47: =SUM(AN47:AQ47) -> 0 | BC47: =+AR47+AS47+AU47+AV47+AX47 -> 0 | BD47: 0
B48: Towel | C48: =(M48*E48*O48*Q48)/100000000 -> 3.4489608 | D48: RC HW | E48: 35.5 | F48: 1 | G48: 440 | H48: =+N48 -> 0.11 | I48: 0.88 | J48: =E48*G48*(1-H48)*1440/1000000*2.75 -> 55.051128 | K48: =(IF(G48<L48,L48,G48)*(1-IF(H48<N48,H48,N48))*E48*O48*Q48)/100000000 -> 3.4489608 | L48: 480 | M48: 427.2 | N48: =1-(M48/L48) -> 0.11 | O48: =+'Trim Rwd'!H28 -> 274 | P48: =O48*(Q48-R48-S48) -> 22194 | Q48: 83 | R48: 0 | S48: 2 | T48: =E48*M48*O48*Q48/100000000 -> 3.4489608 | U48: =E48*M48*O48*(Q48-R48-S48)/100000000 -> 3.3658533 | V48: =E48*G48*(1-N48)*O48/100*(R48+S48)/1000000 -> 0.076181864 | W48: =+'8'!K12/1000 -> 21.439 | AC48: =K48-T48 -> 0 | AD48: =+AM48+BC48 -> 6 | AE48: - Change Blade (8x) | AG48: 6 | AM48: =SUM(AF48:AL48)+AT48 -> 6 | AR48: =SUM(AN48:AQ48) -> 0 | BC48: =+AR48+AS48+AU48+AV48+AX48 -> 0 | BE48: 8
B49: Towel | C49: =(M49*E49*O49*Q49)/100000000 -> 23.357619 | D49: RC HW | E49: 29 | F49: 1 | G49: 540 | H49: =+N49 -> 0.11 | I49: 0.88 | J49: =E49*G49*(1-H49)*1440/1000000*2.75 -> 55.192104 | K49: =(IF(G49<L49,L49,G49)*(1-IF(H49<N49,H49,N49))*E49*O49*Q49)/100000000 -> 23.357619 | L49: 590 | M49: 525.1 | N49: =1-(M49/L49) -> 0.11 | O49: =+'Trim Rwd'!H25 -> 256.5 | P49: =O49*(Q49-R49-S49) -> 150309 | Q49: 598 | R49: 0 | S49: 12 | T49: =E49*M49*O49*Q49/100000000 -> 23.357619 | U49: =E49*M49*O49*(Q49-R49-S49)/100000000 -> 22.888904 | V49: =E49*G49*(1-N49)*O49/100*(R49+S49)/1000000 -> 0.42899317 | W49: =+'8'!K13/1000 -> 2.193 | AC49: =K49-T49 -> 0 | AD49: =+AM49+BC49 -> 16 | AE49: - Change Spool (23x) | AH49: 16 | AM49: =SUM(AF49:AL49)+AT49 -> 16 | AR49: =SUM(AN49:AQ49) -> 0 | BC49: =+AR49+AS49+AU49+AV49+AX49 -> 0
B50: Napkin | C50: =(M50*E50*O50*Q50)/100000000 -> 20.585937 | D50: RC HW | E50: 15.5 | F50: 1 | G50: 1045 | H50: =+N50 -> 0.14 | I50: 0.88 | J50: =E50*G50*(1-H50)*1440/1000000*2.75 -> 55.162206 | K50: =(IF(G50<L50,L50,G50)*(1-IF(H50<N50,H50,N50))*E50*O50*Q50)/100000000 -> 21.7296 | L50: 990 | M50: 851.4 | N50: =1-(M50/L50) -> 0.14 | O50: =+'Trim Rwd'!H26 -> 261.73333 | P50: =O50*(Q50-R50-S50) -> 153114 | Q50: 596 | R50: 0 | S50: 11 | T50: =E50*M50*O50*Q50/100000000 -> 20.585937 | U50: =E50*M50*O50*(Q50-R50-S50)/100000000 -> 20.205995 | V50: =E50*G50*(1-N50)*O50/100*(R50+S50)/1000000 -> 0.40104967 | W50: =+'8'!K14/1000 -> 11.852 | Z50: =+'8'!D25/1000 -> 0.134 | AD50: =+AM50+BC50 -> 8 | AE50: - Cleaning | AI50: 8 | AM50: =SUM(AF50:AL50)+AT50 -> 8 | AR50: =SUM(AN50:AQ50) -> 0 | BC50: =+AR50+AS50+AU50+AV50+AX50 -> 0
A52: 46031 | B52: Napkin | C52: =(M52*E52*O52*Q52)/100000000 -> 26.86924 | D52: RC HW | E52: 15.5 | F52: 1 | G52: =+L52 -> 956.84211 | H52: =+M52 -> 832.45263 | I52: 0.88 | J52: =E52*G52*(1-H52)*1440/1000000*2.75 -> -48832.018 | K52: =(IF(G52<L52,L52,G52)*(1-IF(H52<N52,H52,N52))*E52*O52*Q52)/100000000 -> 26.86924 | L52: 956.84211 | M52: 832.45263 | N52: =1-(M52/L52) -> 0.13 | O52: =+'Trim Rwd'!H28 -> 274 | P52: =O52*(Q52-R52-S52) -> 202760 | Q52: 760 | R52: 0 | S52: 20 | T52: =E52*M52*O52*Q52/100000000 -> 26.86924 | U52: =E52*M52*O52*(Q52-R52-S52)/100000000 -> 26.162155 | V52: =E52*G52*(1-N52)*O52/100*(R52+S52)/1000000 -> 0.70708527 | W52: =+'9'!K14/1000 -> 35.075 | X52: =SUM(W52:W55)/SUM(K52:K55) -> 1.0926872 | Y52: 0 | Z52: 0 | AA52: =SUM(U52:U55)-SUM(W52:W55)-SUM(Z52:Z55)-SUM(Y52:Y55) -> -6.1787834 | AB52: =(SUM(K52:K55)-SUM(W52:W55)-SUM(Y52:Y55)-SUM(Z52:Z55)-SUM(AC52:AC55)-SUM(V52:V55))-AA52 -> 0 | AC52: =K52-T52 -> 0 | AD52: =+AM52+BC52 -> 0 | AE52: - Sheet Breaks (0x) | AF52: 0 | AM52: =SUM(AF52:AL52)+AT52 -> 0 | AR52: =SUM(AN52:AQ52) -> 0 | BC52: =+AR52+AS52+AU52+AV52+AX52 -> 0 | BD52: 0
B53: Facial | C53: =(M53*E53*O53*Q53)/100000000 -> 4.4322708 | D53: RC HW | E53: 14 | F53: 1 | G53: =+L53 -> 920 | H53: =+N53 -> 0.22 | I53: 0.88 | J53: =E53*G53*(1-H53)*1440/1000000*2.75 -> 39.783744 | K53: =(IF(G53<L53,L53,G53)*(1-IF(H53<N53,H53,N53))*E53*O53*Q53)/100000000 -> 4.4322708 | L53: 920 | M53: 717.6 | N53: =1-(M53/L53) -> 0.22 | O53: =+'Trim Rwd'!H33 -> 256.5 | P53: =O53*(Q53-R53-S53) -> 42835.5 | Q53: 172 | R53: 0 | S53: 5 | T53: =E53*M53*O53*Q53/100000000 -> 4.4322708 | U53: =E53*M53*O53*(Q53-R53-S53)/100000000 -> 4.3034257 | V53: =E53*G53*(1-N53)*O53/100*(R53+S53)/1000000 -> 0.12884508 | W53: =+'9'!K15/1000 -> 4.62 | Z53: =+'9'!D17/1000 -> 0.664 | AC53: =K53-T53 -> 0 | AD53: =+AM53+BC53 -> 8 | AE53: - Change Blade (9x) | AG53: 8 | AM53: =SUM(AF53:AL53)+AT53 -> 8 | AR53: =SUM(AN53:AQ53) -> 0 | BC53: =+AR53+AS53+AU53+AV53+AX53 -> 0 | BE53: 9
B54: Toilet | C54: =(M54*E54*O54*Q54)/100000000 -> 14.783043 | D54: RC HW | E54: 13.5 | F54: 1 | G54: =+L54 -> 964.42913 | H54: =+N54 -> 0.15 | I54: 0.88 | J54: =E54*G54*(1-H54)*1440/1000000*2.75 -> 43.824624 | K54: =(IF(G54<L54,L54,G54)*(1-IF(H54<N54,H54,N54))*E54*O54*Q54)/100000000 -> 14.783043 | L54: 964.42913 | M54: 819.76476 | N54: =1-(M54/L54) -> 0.15 | O54: =+'Trim Rwd'!H30 -> 262.95238 | P54: =O54*(Q54-R54-S54) -> 129898.48 | Q54: 508 | R54: 0 | S54: =221-207 -> 14 | T54: =E54*M54*O54*Q54/100000000 -> 14.783043 | U54: =E54*M54*O54*(Q54-R54-S54)/100000000 -> 14.375636 | V54: =E54*G54*(1-N54)*O54/100*(R54+S54)/1000000 -> 0.40740669 | W54: =+'9'!K7/1000 -> 10.661 | AC54: =K54-T54 -> 0 | AD54: =+AM54+BC54 -> 16 | AE54: - Change Spool (24x) | AH54: 16 | AM54: =SUM(AF54:AL54)+AT54 -> 16 | AR54: =SUM(AN54:AQ54) -> 0 | BC54: =+AR54+AS54+AU54+AV54+AX54 -> 0
AD55: =+AM55+BC55 -> 15 | AE55: - Cleaning | AI55: 15 | AM55: =SUM(AF55:AL55)+AT55 -> 15 | AR55: =SUM(AN55:AQ55) -> 0 | BC55: =+AR55+AS55+AU55+AV55+AX55 -> 0
AD56: =+AM56+BC56 -> 0 | AE56: - Loss speed Efek PGN | AM56: =SUM(AF56:AL56)+AT56+AZ56+AX56+AV56+AT56 -> 0 | AR56: =SUM(AN56:AQ56) -> 0 | AZ56: =207-207 -> 0 | BC56: =+AR56+AS56+AU56+AV56+AX56 -> 0
A58: 46032 | B58: Toilet | C58: =(M58*E58*O58*Q58)/100000000 -> 39.954809 | D58: RC HW | E58: 13.5 | F58: 1 | G58: =+L58 -> 1092.2827 | H58: =+N58 -> 0.16095136 | I58: 0.88 | J58: =E58*G58*(1-H58)*1440/1000000*2.75 -> 48.994931 | K58: =(IF(G58<L58,L58,G58)*(1-IF(H58<N58,H58,N58))*E58*O58*Q58)/100000000 -> 39.954809 | L58: 1092.2827 | M58: 916.47831 | N58: =1-(M58/L58) -> 0.16095136 | O58: =+'Trim Rwd'!H35 -> 256.5 | P58: =O58*(Q58-R58-S58) -> 284458.5 | Q58: =1346-87 -> 1259 | R58: =120 -> 120 | S58: =158-128 -> 30 | T58: =E58*M58*O58*Q58/100000000 -> 39.954809 | U58: =E58*M58*O58*(Q58-R58-S58)/100000000 -> 35.194506 | V58: =E58*G58*(1-N58)*O58/100*(R58+S58)/1000000 -> 4.7603029 | W58: =+'10'!K7/1000 -> 34.995 | X58: =SUM(W58:W61)/SUM(K58:K61) -> 0.82017967 | Y58: 0 | Z58: 0 | AA58: =SUM(U58:U61)-SUM(W58:W61)-SUM(Z58:Z61)-SUM(Y58:Y61) -> 2.6828695 | AB58: =(SUM(K58:K61)-SUM(W58:W61)-SUM(Y58:Y61)-SUM(Z58:Z61)-SUM(AC58:AC61)-SUM(V58:V61))-AA58 -> 4.4408921e-15 | AC58: =K58-T58 -> 0 | AD58: =+AM58+BC58 -> 0 | AE58: - Sheet Breaks (2x) | AF58: 0 | AM58: =SUM(AF58:AL58)+AT58 -> 0 | AR58: =SUM(AN58:AQ58) -> 0 | BC58: =+AR58+AS58+AU58+AV58+AX58 -> 0 | BD58: 2
B59: Toilet | C59: =(M59*E59*O59*Q59)/100000000 -> 3.5198112 | D59: RC HW | E59: 15 | F59: 1 | G59: =+L59 -> 1160 | H59: =+N59 -> 0.2 | I59: 0.88 | J59: =E59*G59*(1-H59)*1440/1000000*2.75 -> 55.1232 | K59: =(IF(G59<L59,L59,G59)*(1-IF(H59<N59,H59,N59))*E59*O59*Q59)/100000000 -> 3.5198112 | L59: 1160 | M59: 928 | N59: =1-(M59/L59) -> 0.2 | O59: =+'Trim Rwd'!H36 -> 269 | P59: =O59*(Q59-R59-S59) -> 22596 | Q59: 94 | R59: 0 | S59: 10 | T59: =E59*M59*O59*Q59/100000000 -> 3.5198112 | U59: =E59*M59*O59*(Q59-R59-S59)/100000000 -> 3.1453632 | V59: =E59*G59*(1-N59)*O59/100*(R59+S59)/1000000 -> 0.374448 | W59: =+'10'!K16/1000 -> 0.662 | AC59: =K59-T59 -> 0 | AD59: =+AM59+BC59 -> 10 | AE59: - Change Blade (12x) | AG59: 10 | AM59: =SUM(AF59:AL59)+AT59 -> 10 | AR59: =SUM(AN59:AQ59) -> 0 | BC59: =+AR59+AS59+AU59+AV59+AX59 -> 0 | BE59: 12
AD60: =+AM60+BC60 -> 22 | AE60: - Change Spool (30x) | AH60: 22 | AM60: =SUM(AF60:AL60)+AT60 -> 22 | AR60: =SUM(AN60:AQ60) -> 0 | BC60: =+AR60+AS60+AU60+AV60+AX60 -> 0
AD61: =+AM61+BC61 -> 8 | AE61: - Cleaning | AI61: 8 | AM61: =SUM(AF61:AL61)+AT61 -> 8 | AR61: =SUM(AN61:AQ61) -> 0 | BC61: =+AR61+AS61+AU61+AV61+AX61 -> 0
AD62: =+AM62+BC62 -> 120 | AE62: - Cleaning hole | AM62: =SUM(AF62:AL62)+AT62 -> 0 | AN62: 120 | AR62: =SUM(AN62:AQ62) -> 120 | BC62: =+AR62+AS62+AU62+AV62+AX62 -> 120
AD63: =+AM63+BC63 -> 0 | AE63: - Burner hood off | AM63: =SUM(AF63:AL63)+AT63 -> 0 | AR63: =SUM(AN63:AQ63) -> 0 | BA63: =87-87 -> 0 | BC63: =+AR63+AS63+AU63+AV63+AX63+BA63 -> 0
AD64: =+AM64+BC64 -> 0 | AE64: - Loss Speed Efek PGN | AM64: =SUM(AF64:AL64)+AT64+AV64+AX64+AZ64 -> 0 | AR64: =SUM(AN64:AQ64) -> 0 | AZ64: =128-128 -> 0 | BC64: =+AR64+AS64+AU64+AV64+AX64+BA64 -> 0
A66: 46033 | B66: Toilet | C66: =(M66*E66*O66*Q66)/100000000 -> 54.2304 | D66: RC HW | E66: 15 | F66: 1 | G66: 1160 | H66: =+N66 -> 0.2 | I66: 0.88 | J66: =E66*G66*(1-H66)*1440/1000000*2.75 -> 55.1232 | K66: =(IF(G66<L66,L66,G66)*(1-IF(H66<N66,H66,N66))*E66*O66*Q66)/100000000 -> 54.2304 | L66: 1166.6667 | M66: 933.33333 | N66: =1-(M66/L66) -> 0.2 | O66: =+'Trim Rwd'!H38 -> 269 | P66: =O66*(Q66-R66-S66) -> 377138 | Q66: 1440 | R66: 0 | S66: 38 | T66: =E66*M66*O66*Q66/100000000 -> 54.2304 | U66: =E66*M66*O66*(Q66-R66-S66)/100000000 -> 52.79932 | V66: =E66*G66*(1-N66)*O66/100*(R66+S66)/1000000 -> 1.4229024 | W66: =+'11'!K16/1000 -> 52.124 | X66: =SUM(W66:W69)/SUM(K66:K69) -> 0.96115832 | Y66: 0 | Z66: 0 | AA66: =SUM(U66:U69)-SUM(W66:W69)-SUM(Z66:Z69)-SUM(Y66:Y69) -> 0.67532 | AB66: =(SUM(K66:K69)-SUM(W66:W69)-SUM(Y66:Y69)-SUM(Z66:Z69)-SUM(AC66:AC69)-SUM(V66:V69))-AA66 -> 0.0081776 | AC66: =K66-T66 -> 0 | AD66: =+AM66+BC66 -> 0 | AE66: - Sheet Breaks (0x) | AF66: 0 | AM66: =SUM(AF66:AL66)+AT66 -> 0 | AR66: =SUM(AN66:AQ66) -> 0 | BC66: =+AR66+AS66+AU66+AV66+AX66 -> 0 | BD66: 0
AC67: =K67-T67 -> 0 | AD67: =+AM67+BC67 -> 15 | AE67: - Change Blade (14x) | AG67: 15 | AM67: =SUM(AF67:AL67)+AT67 -> 15 | AR67: =SUM(AN67:AQ67) -> 0 | BC67: =+AR67+AS67+AU67+AV67+AX67 -> 0 | BE67: 14
AD68: =+AM68+BC68 -> 23 | AE68: - Change Spool (28x) | AH68: 23 | AM68: =SUM(AF68:AL68)+AT68 -> 23 | AR68: =SUM(AN68:AQ68) -> 0 | BC68: =+AR68+AS68+AU68+AV68+AX68 -> 0
AD69: =+AM69+BC69 -> 0 | AE69: - Cleaning | AI69: 0 | AM69: =SUM(AF69:AL69)+AT69 -> 0 | AR69: =SUM(AN69:AQ69) -> 0 | BC69: =+AR69+AS69+AU69+AV69+AX69 -> 0
A71: 46034 | B71: Toilet | C71: =(M71*E71*O71*Q71)/100000000 -> 11.821259 | D71: RC HW | E71: 15 | F71: 1 | G71: 1160 | H71: =+N71 -> 0.2 | I71: 0.88 | J71: =E71*G71*(1-H71)*1440/1000000*2.75 -> 55.1232 | K71: =(IF(G71<L71,L71,G71)*(1-IF(H71<N71,H71,N71))*E71*O71*Q71)/100000000 -> 11.821259 | L71: 1170 | M71: 936 | N71: =1-(M71/L71) -> 0.2 | O71: =+'Trim Rwd'!H40 -> 269 | P71: =O71*(Q71-R71-S71) -> 79086 | Q71: 313 | R71: 0 | S71: 19 | T71: =E71*M71*O71*Q71/100000000 -> 11.821259 | U71: =E71*M71*O71*(Q71-R71-S71)/100000000 -> 11.103674 | V71: =E71*G71*(1-N71)*O71/100*(R71+S71)/1000000 -> 0.7114512 | W71: =+'12'!K16/1000 -> 15.846 | X71: =SUM(W71:W74)/SUM(K71:K74) -> 0.97246329 | Y71: 0 | Z71: 0 | AA71: =SUM(U71:U74)-SUM(W71:W74)-SUM(Z71:Z74)-SUM(Y71:Y74) -> -1.5373926 | AB71: =(SUM(K71:K74)-SUM(W71:W74)-SUM(Y71:Y74)-SUM(Z71:Z74)-SUM(AC71:AC74)-SUM(V71:V74))-AA71 -> -0.026255205 | AC71: =K71-T71 -> 0 | AD71: =+AM71+BC71 -> 1 | AE71: - Sheet Breaks (1x) | AF71: 1 | AM71: =SUM(AF71:AL71)+AT71 -> 1 | AR71: =SUM(AN71:AQ71) -> 0 | BC71: =+AR71+AS71+AU71+AV71+AX71 -> 0 | BD71: 1
B72: Toilet | C72: =(M72*E72*O72*Q72)/100000000 -> 41.306484 | D72: RC HW | E72: 14 | F72: 1 | G72: 1275 | H72: =+N72 -> 0.22 | I72: 0.88 | J72: =E72*G72*(1-H72)*1440/1000000*2.75 -> 55.13508 | K72: =(IF(G72<L72,L72,G72)*(1-IF(H72<N72,H72,N72))*E72*O72*Q72)/100000000 -> 42.523209 | L72: 1238.5182 | M72: 966.04419 | N72: =1-(M72/L72) -> 0.22 | O72: =+'Trim Rwd'!H41 -> 271 | P72: =O72*(Q72-R72-S72) -> 297287 | Q72: 1127 | R72: 0 | S72: 30 | T72: =E72*M72*O72*Q72/100000000 -> 41.306484 | U72: =E72*M72*O72*(Q72-R72-S72)/100000000 -> 40.206933 | V72: =E72*G72*(1-N72)*O72/100*(R72+S72)/1000000 -> 1.1319399 | W72: =+'12'!K17/1000 -> 37.002 | AC72: =K72-T72 -> 1.2167244 | AD72: =+AM72+BC72 -> 15 | AE72: - Change Blade (14x) | AG72: 15 | AM72: =SUM(AF72:AL72)+AT72 -> 15 | AR72: =SUM(AN72:AQ72) -> 0 | BC72: =+AR72+AS72+AU72+AV72+AX72 -> 0 | BE72: 14
AD73: =+AM73+BC73 -> 25 | AE73: - Change Spool (32x) | AH73: 25 | AM73: =SUM(AF73:AL73)+AT73 -> 25 | AR73: =SUM(AN73:AQ73) -> 0 | BC73: =+AR73+AS73+AU73+AV73+AX73 -> 0
AD74: =+AM74+BC74 -> 8 | AE74: - Cleaning | AI74: 8 | AM74: =SUM(AF74:AL74)+AT74 -> 8 | AR74: =SUM(AN74:AQ74) -> 0 | BC74: =+AR74+AS74+AU74+AV74+AX74 -> 0
A76: 46035 | B76: Toilet | C76: =(M76*E76*O76*Q76)/100000000 -> 22.189778 | D76: RC HW | E76: 14 | F76: 1 | G76: 1275 | H76: =+N76 -> 0.22 | I76: 0.88 | J76: =E76*G76*(1-H76)*1440/1000000*2.75 -> 55.13508 | K76: =(IF(G76<L76,L76,G76)*(1-IF(H76<N76,H76,N76))*E76*O76*Q76)/100000000 -> 23.204768 | L76: 1219.2308 | M76: 951 | N76: =1-(M76/L76) -> 0.22 | O76: =+'Trim Rwd'!H43 -> 271 | P76: =O76*(Q76-R76-S76) -> 116530 | Q76: =455+160 -> 615 | R76: 160 | S76: 25 | T76: =E76*M76*O76*Q76/100000000 -> 22.189778 | U76: =E76*M76*O76*(Q76-R76-S76)/100000000 -> 15.514804 | V76: =E76*G76*(1-N76)*O76/100*(R76+S76)/1000000 -> 6.980296 | W76: =+'13'!K17/1000 -> 15.83 | X76: =SUM(W76:W79)/SUM(K76:K79) -> 0.78774375 | Y76: 0 | Z76: 0 | AA76: =SUM(U76:U79)-SUM(W76:W79)-SUM(Z76:Z79)-SUM(Y76:Y79) -> 2.259819 | AB76: =(SUM(K76:K79)-SUM(W76:W79)-SUM(Y76:Y79)-SUM(Z76:Z79)-SUM(AC76:AC79)-SUM(V76:V79))-AA76 -> -0.30532215 | AC76: =K76-T76 -> 1.0149898 | AD76: =+AM76+BC76 -> 0 | AE76: - Sheet Breaks (0x) | AF76: 0 | AM76: =SUM(AF76:AL76)+AT76 -> 0 | AR76: =SUM(AN76:AQ76) -> 0 | BC76: =+AR76+AS76+AU76+AV76+AX76 -> 0 | BD76: 0
B77: Toilet | C77: =(M77*E77*O77*Q77)/100000000 -> 30.679506 | D77: RC HW | E77: 15 | F77: 1 | G77: =+L77 -> 1160 | H77: =+N77 -> 0.22 | I77: 0.88 | J77: =E77*G77*(1-H77)*1440/1000000*2.75 -> 53.74512 | K77: =(IF(G77<L77,L77,G77)*(1-IF(H77<N77,H77,N77))*E77*O77*Q77)/100000000 -> 30.679506 | L77: 1160 | M77: 904.8 | N77: =1-(M77/L77) -> 0.22 | O77: =+'Trim Rwd'!H44 -> 274 | P77: =O77*(Q77-R77-S77) -> 215090 | Q77: 825 | R77: 0 | S77: 40 | T77: =E77*M77*O77*Q77/100000000 -> 30.679506 | U77: =E77*M77*O77*(Q77-R77-S77)/100000000 -> 29.192015 | V77: =E77*G77*(1-N77)*O77/100*(R77+S77)/1000000 -> 1.4874912 | W77: =+'13'!K16/1000 -> 26.617 | AC77: =K77-T77 -> 0 | AD77: =+AM77+BC77 -> 19 | AE77: - Change Blade (15x) | AG77: 19 | AM77: =SUM(AF77:AL77)+AT77 -> 19 | AR77: =SUM(AN77:AQ77) -> 0 | BC77: =+AR77+AS77+AU77+AV77+AX77 -> 0 | BE77: 15
AD78: =+AM78+BC78 -> 46 | AE78: - Change Spool (31x) | AH78: 46 | AM78: =SUM(AF78:AL78)+AT78 -> 46 | AR78: =SUM(AN78:AQ78) -> 0 | BC78: =+AR78+AS78+AU78+AV78+AX78 -> 0
AD79: =+AM79+BC79 -> 0 | AE79: - Cleaning | AI79: 0 | AM79: =SUM(AF79:AL79)+AT79 -> 0 | AR79: =SUM(AN79:AQ79) -> 0 | BC79: =+AR79+AS79+AU79+AV79+AX79 -> 0
AD80: =+AM80+BC80 -> 160 | AE80: - 10.07 pm 15 stop vacuum trip | AM80: =SUM(AF80:AL80)+AT80 -> 0 | AP80: 160 | AR80: =SUM(AN80:AQ80) -> 160 | BC80: =+AR80+AS80+AU80+AV80+AX80 -> 160
A82: 46036 | B82: Toilet | C82: =(M82*E82*O82*Q82)/100000000 -> 53.89956 | D82: RC HW | E82: 15 | F82: 1 | G82: =+L82 -> 1163.3333 | H82: =+N82 -> 0.22 | I82: 0.88 | J82: =E82*G82*(1-H82)*1440/1000000*2.75 -> 53.89956 | K82: =(IF(G82<L82,L82,G82)*(1-IF(H82<N82,H82,N82))*E82*O82*Q82)/100000000 -> 53.89956 | L82: 1163.3333 | M82: 907.4 | N82: =1-(M82/L82) -> 0.22 | O82: =+'Trim Rwd'!H46 -> 275 | P82: =O82*(Q82-R82-S82) -> 382525 | Q82: 1440 | R82: 0 | S82: 49 | T82: =E82*M82*O82*Q82/100000000 -> 53.89956 | U82: =E82*M82*O82*(Q82-R82-S82)/100000000 -> 52.065478 | V82: =E82*G82*(1-N82)*O82/100*(R82+S82)/1000000 -> 1.8340823 | W82: =+'14'!K16/1000 -> 50.981 | X82: =SUM(W82:W85)/SUM(K82:K85) -> 0.94585188 | Y82: 0 | Z82: 0 | AA82: =SUM(U82:U85)-SUM(W82:W85)-SUM(Z82:Z85)-SUM(Y82:Y85) -> 1.0844777 | AB82: =(SUM(K82:K85)-SUM(W82:W85)-SUM(Y82:Y85)-SUM(Z82:Z85)-SUM(AC82:AC85)-SUM(V82:V85))-AA82 -> 0 | AC82: =K82-T82 -> 0 | AD82: =+AM82+BC82 -> 1 | AE82: - Sheet Breaks (1x) | AF82: 1 | AM82: =SUM(AF82:AL82)+AT82 -> 1 | AR82: =SUM(AN82:AQ82) -> 0 | BC82: =+AR82+AS82+AU82+AV82+AX82 -> 0 | BD82: 1
AC83: =K83-T83 -> 0 | AD83: =+AM83+BC83 -> 13 | AE83: - Change Blade (10x) | AG83: 13 | AM83: =SUM(AF83:AL83)+AT83 -> 13 | AR83: =SUM(AN83:AQ83) -> 0 | BC83: =+AR83+AS83+AU83+AV83+AX83 -> 0 | BE83: 10
AD84: =+AM84+BC84 -> 19 | AE84: - Change Spool (27x) | AH84: 19 | AM84: =SUM(AF84:AL84)+AT84 -> 19 | AR84: =SUM(AN84:AQ84) -> 0 | BC84: =+AR84+AS84+AU84+AV84+AX84 -> 0
AD85: =+AM85+BC85 -> 16 | AE85: - Cleaning | AI85: 16 | AM85: =SUM(AF85:AL85)+AT85 -> 16 | AR85: =SUM(AN85:AQ85) -> 0 | BC85: =+AR85+AS85+AU85+AV85+AX85 -> 0
A87: 46037 | B87: Toilet | C87: =(M87*E87*O87*Q87)/100000000 -> 55.430395 | D87: RC HW | E87: 15 | F87: 1 | G87: =+L87 -> 1170 | H87: =+N87 -> 0.2 | I87: 0.88 | J87: =E87*G87*(1-H87)*1440/1000000*2.75 -> 55.5984 | K87: =(IF(G87<L87,L87,G87)*(1-IF(H87<N87,H87,N87))*E87*O87*Q87)/100000000 -> 55.430395 | L87: 1170 | M87: 936 | N87: =1-(M87/L87) -> 0.2 | O87: =+'Trim Rwd'!H48 -> 274.16901 | P87: =O87*(Q87-R87-S87) -> 380820.76 | Q87: 1440 | R87: 0 | S87: 51 | T87: =E87*M87*O87*Q87/100000000 -> 55.430395 | U87: =E87*M87*O87*(Q87-R87-S87)/100000000 -> 53.467235 | V87: =E87*G87*(1-N87)*O87/100*(R87+S87)/1000000 -> 1.9631598 | W87: =+'15'!K16/1000 -> 53.662 | X87: =SUM(W87:W90)/SUM(K87:K90) -> 0.96809702 | Y87: 0 | Z87: =+'15'!D34/1000 -> 0.69 | AA87: =SUM(U87:U90)-SUM(W87:W90)-SUM(Z87:Z90)-SUM(Y87:Y90) -> -0.88476522 | AB87: =(SUM(K87:K90)-SUM(W87:W90)-SUM(Y87:Y90)-SUM(Z87:Z90)-SUM(AC87:AC90)-SUM(V87:V90))-AA87 -> 7.327472e-15 | AC87: =K87-T87 -> 0 | AD87: =+AM87+BC87 -> 0 | AE87: - Sheet Breaks (0x) | AF87: 0 | AM87: =SUM(AF87:AL87)+AT87 -> 0 | AR87: =SUM(AN87:AQ87) -> 0 | BC87: =+AR87+AS87+AU87+AV87+AX87 -> 0 | BD87: 0
AC88: =K88-T88 -> 0 | AD88: =+AM88+BC88 -> 14 | AE88: - Change Blade (13x) | AG88: 14 | AM88: =SUM(AF88:AL88)+AT88 -> 14 | AR88: =SUM(AN88:AQ88) -> 0 | BC88: =+AR88+AS88+AU88+AV88+AX88 -> 0 | BE88: 13
AD89: =+AM89+BC89 -> 23 | AE89: - Change Spool (29x) | AH89: 23 | AM89: =SUM(AF89:AL89)+AT89 -> 23 | AR89: =SUM(AN89:AQ89) -> 0 | BC89: =+AR89+AS89+AU89+AV89+AX89 -> 0
AD90: =+AM90+BC90 -> 14 | AE90: - Cleaning | AI90: 14 | AM90: =SUM(AF90:AL90)+AT90 -> 14 | AR90: =SUM(AN90:AQ90) -> 0 | BC90: =+AR90+AS90+AU90+AV90+AX90 -> 0
A92: 46038 | B92: Toilet | C92: =(M92*E92*O92*Q92)/100000000 -> 55.396224 | D92: RC HW | E92: 15 | F92: 1 | G92: =+L92 -> 1170 | H92: =+N92 -> 0.2 | I92: 0.88 | J92: =E92*G92*(1-H92)*1440/1000000*2.75 -> 55.5984 | K92: =(IF(G92<L92,L92,G92)*(1-IF(H92<N92,H92,N92))*E92*O92*Q92)/100000000 -> 55.396224 | L92: 1170 | M92: 936 | N92: =1-(M92/L92) -> 0.2 | O92: =+'Trim Rwd'!H51 -> 274 | P92: =O92*(Q92-R92-S92) -> 381134 | Q92: 1440 | R92: 0 | S92: 49 | T92: =E92*M92*O92*Q92/100000000 -> 55.396224 | U92: =E92*M92*O92*(Q92-R92-S92)/100000000 -> 53.511214 | V92: =E92*G92*(1-N92)*O92/100*(R92+S92)/1000000 -> 1.8850104 | W92: =+'16'!K16/1000 -> 49.744 | X92: =SUM(W92:W95)/SUM(K92:K95) -> 0.89796734 | Y92: 0 | Z92: =+'16'!D34/1000 -> 0.39 | AA92: =SUM(U92:U95)-SUM(W92:W95)-SUM(Z92:Z95)-SUM(Y92:Y95) -> 3.3772136 | AB92: =(SUM(K92:K95)-SUM(W92:W95)-SUM(Y92:Y95)-SUM(Z92:Z95)-SUM(AC92:AC95)-SUM(V92:V95))-AA92 -> 0 | AC92: =K92-T92 -> 0 | AD92: =+AM92+BC92 -> 4 | AE92: - Sheet Breaks (2x) | AF92: 4 | AM92: =SUM(AF92:AL92)+AT92 -> 4 | AR92: =SUM(AN92:AQ92) -> 0 | BC92: =+AR92+AS92+AU92+AV92+AX92 -> 0 | BD92: 2
AC93: =K93-T93 -> 0 | AD93: =+AM93+BC93 -> 11 | AE93: - Change Blade (9x) | AG93: 11 | AM93: =SUM(AF93:AL93)+AT93 -> 11 | AR93: =SUM(AN93:AQ93) -> 0 | BC93: =+AR93+AS93+AU93+AV93+AX93 -> 0 | BE93: 9
AD94: =+AM94+BC94 -> 20 | AE94: - Change Spool (27x) | AH94: 20 | AM94: =SUM(AF94:AL94)+AT94 -> 20 | AR94: =SUM(AN94:AQ94) -> 0 | BC94: =+AR94+AS94+AU94+AV94+AX94 -> 0
AD95: =+AM95+BC95 -> 14 | AE95: - Cleaning | AI95: 14 | AM95: =SUM(AF95:AL95)+AT95 -> 14 | AR95: =SUM(AN95:AQ95) -> 0 | BC95: =+AR95+AS95+AU95+AV95+AX95 -> 0
A97: 46039 | B97: Toilet | C97: =(M97*E97*O97*Q97)/100000000 -> 12.732455 | D97: RC HW | E97: 15 | F97: 1 | G97: =+L97 -> 1170 | H97: =+N97 -> 0.2 | I97: 0.88 | J97: =E97*G97*(1-H97)*1440/1000000*2.75 -> 55.5984 | K97: =(IF(G97<L97,L97,G97)*(1-IF(H97<N97,H97,N97))*E97*O97*Q97)/100000000 -> 12.732455 | L97: 1170 | M97: 936 | N97: =1-(M97/L97) -> 0.2 | O97: =+'Trim Rwd'!H53 -> 272.33333 | P97: =O97*(Q97-R97-S97) -> 87963.667 | Q97: 333 | R97: 0 | S97: 10 | T97: =E97*M97*O97*Q97/100000000 -> 12.732455 | U97: =E97*M97*O97*(Q97-R97-S97)/100000000 -> 12.350099 | V97: =E97*G97*(1-N97)*O97/100*(R97+S97)/1000000 -> 0.382356 | W97: =+'17'!K16/1000 -> 17.858 | X97: =SUM(W97:W100)/SUM(K97:K100) -> 0.93000513 | Y97: 0 | Z97: 0 | AA97: =SUM(U97:U100)-SUM(W97:W100)-SUM(Z97:Z100)-SUM(Y97:Y100) -> -2.2998222 | AB97: =(SUM(K97:K100)-SUM(W97:W100)-SUM(Y97:Y100)-SUM(Z97:Z100)-SUM(AC97:AC100)-SUM(V97:V100))-AA97 -> 0.1272768 | AC97: =K97-T97 -> 0 | AD97: =+AM97+BC97 -> 4 | AE97: - Sheet Breaks (2x) | AF97: 4 | AM97: =SUM(AF97:AL97)+AT97 -> 4 | AR97: =SUM(AN97:AQ97) -> 0 | BC97: =+AR97+AS97+AU97+AV97+AX97 -> 0 | BD97: 2
B98: Toilet | C98: =(M98*E98*O98*Q98)/100000000 -> 20.146567 | D98: RC HW | E98: 18 | F98: 1 | G98: 930 | H98: =+N98 -> 0.16928953 | I98: 0.88 | J98: =E98*G98*(1-H98)*1440/1000000*2.75 -> 55.068129 | K98: =(IF(G98<L98,L98,G98)*(1-IF(H98<N98,H98,N98))*E98*O98*Q98)/100000000 -> 20.146567 | L98: 948.55072 | M98: 787.97101 | N98: =1-(M98/L98) -> 0.16928953 | O98: =+'Trim Rwd'!H55 -> 267.5 | P98: =O98*(Q98-R98-S98) -> 106732.5 | Q98: =414+117 -> 531 | R98: 117 | S98: 15 | T98: =E98*M98*O98*Q98/100000000 -> 20.146567 | U98: =E98*M98*O98*(Q98-R98-S98)/100000000 -> 15.138381 | V98: =E98*G98*(1-N98)*O98/100*(R98+S98)/1000000 -> 4.9102415 | W98: =+'17'!K19/1000 -> 32.713 | AC98: =K98-T98 -> 0 | AD98: =+AM98+BC98 -> 14 | AE98: - Change Blade (8x) | AG98: 14 | AM98: =SUM(AF98:AL98)+AT98 -> 14 | AR98: =SUM(AN98:AQ98) -> 0 | BC98: =+AR98+AS98+AU98+AV98+AX98 -> 0 | BE98: 8
B99: Toilet | C99: =(M99*E99*O99*Q99)/100000000 -> 22.378738 | D99: RC HW | E99: 16 | F99: 1 | G99: 1040 | H99: =+N99 -> 0.16167282 | I99: 0.88 | J99: =E99*G99*(1-H99)*1440/1000000*2.75 -> 55.241066 | K99: =(IF(G99<L99,L99,G99)*(1-IF(H99<N99,H99,N99))*E99*O99*Q99)/100000000 -> 22.378738 | L99: 1080.7986 | M99: 906.06285 | N99: =1-(M99/L99) -> 0.16167282 | O99: =+'Trim Rwd'!H56 -> 268 | P99: =O99*(Q99-R99-S99) -> 149008 | Q99: 576 | R99: 0 | S99: 20 | T99: =E99*M99*O99*Q99/100000000 -> 22.378738 | U99: =E99*M99*O99*(Q99-R99-S99)/100000000 -> 21.601698 | V99: =E99*G99*(1-N99)*O99/100*(R99+S99)/1000000 -> 0.74770736 | W99: =+'17'!K18/1000 -> 0.819 | AD99: =+AM99+BC99 -> 19 | AE99: - Change Spool (27x) | AH99: 19 | AM99: =SUM(AF99:AL99)+AT99 -> 19 | AR99: =SUM(AN99:AQ99) -> 0 | BC99: =+AR99+AS99+AU99+AV99+AX99 -> 0
AD100: =+AM100+BC100 -> 8 | AE100: - Cleaning | AI100: 8 | AM100: =SUM(AF100:AL100)+AT100 -> 8 | AR100: =SUM(AN100:AQ100) -> 0 | BC100: =+AR100+AS100+AU100+AV100+AX100 -> 0
AD101: =+AM101+BC101 -> 117 | AE101: - 11.18" Pm 15 stop (pompa coating release trip) sekalian cleaning felt dan wire | AM101: =SUM(AF101:AL101)+AT101 -> 0 | AP101: 117 | AR101: =SUM(AN101:AQ101) -> 117 | BC101: =+AR101+AS101+AU101+AV101+AX101 -> 117
A103: 46040 | B103: Toilet | C103: =(M103*E103*O103*Q103)/100000000 -> 13.291085 | D103: RC HW | E103: 16 | F103: 1 | G103: 1060 | H103: =+N103 -> 0.18 | I103: 0.88 | J103: =E103*G103*(1-H103)*1440/1000000*2.75 -> 55.072512 | K103: =(IF(G103<L103,L103,G103)*(1-IF(H103<N103,H103,N103))*E103*O103*Q103)/100000000 -> 13.291085 | L103: 1080 | M103: 885.6 | N103: =1-(M103/L103) -> 0.18 | O103: =+'Trim Rwd'!H58 -> 268 | P103: =O103*(Q103-R103-S103) -> 89780 | Q103: 350 | R103: 0 | S103: 15 | T103: =E103*M103*O103*Q103/100000000 -> 13.291085 | U103: =E103*M103*O103*(Q103-R103-S103)/100000000 -> 12.721467 | V103: =E103*G103*(1-N103)*O103/100*(R103+S103)/1000000 -> 0.55906944 | W103: =+'18'!K18/1000 -> 17.131 | X103: =SUM(W103:W106)/SUM(K103:K106) -> 0.93143981 | Y103: 0 | Z103: 0 | AA103: =SUM(U103:U106)-SUM(W103:W106)-SUM(Z103:Z106)-SUM(Y103:Y106) -> 1.3039188 | AB103: =(SUM(K103:K106)-SUM(W103:W106)-SUM(Y103:Y106)-SUM(Z103:Z106)-SUM(AC103:AC106)-SUM(V103:V106))-AA103 -> 0.06229248 | AC103: =K103-T103 -> 0 | AD103: =+AM103+BC103 -> 0 | AE103: - Sheet Breaks (0x) | AF103: 0 | AM103: =SUM(AF103:AL103)+AT103 -> 0 | AR103: =SUM(AN103:AQ103) -> 0 | BC103: =+AR103+AS103+AU103+AV103+AX103 -> 0 | BD103: 0
B104: Toilet | C104: =(M104*E104*O104*Q104)/100000000 -> 13.600048 | D104: RC HW | E104: 20 | F104: 1 | G104: 870 | H104: =+N104 -> 0.2 | I104: 0.88 | J104: =E104*G104*(1-H104)*1440/1000000*2.75 -> 55.1232 | K104: =(IF(G104<L104,L104,G104)*(1-IF(H104<N104,H104,N104))*E104*O104*Q104)/100000000 -> 13.600048 | L104: 950 | M104: 760 | N104: =1-(M104/L104) -> 0.2 | O104: =+'Trim Rwd'!H59 -> 269.5 | P104: =O104*(Q104-R104-S104) -> 85431.5 | Q104: 332 | R104: 0 | S104: 15 | T104: =E104*M104*O104*Q104/100000000 -> 13.600048 | U104: =E104*M104*O104*(Q104-R104-S104)/100000000 -> 12.985588 | V104: =E104*G104*(1-N104)*O104/100*(R104+S104)/1000000 -> 0.562716 | W104: =+'18'!K20/1000 -> 12.647 | AC104: =K104-T104 -> 0 | AD104: =+AM104+BC104 -> 8 | AE104: - Change Blade (8x) | AG104: 8 | AM104: =SUM(AF104:AL104)+AT104 -> 8 | AR104: =SUM(AN104:AQ104) -> 0 | BC104: =+AR104+AS104+AU104+AV104+AX104 -> 0 | BE104: 8
B105: Toilet | C105: =(M105*E105*O105*Q105)/100000000 -> 27.181067 | D105: RC HW | E105: 14 | F105: 1 | G105: =+L105 -> 1140 | H105: =+N105 -> 0.18 | I105: 0.88 | J105: =E105*G105*(1-H105)*1440/1000000*2.75 -> 51.825312 | K105: =(IF(G105<L105,L105,G105)*(1-IF(H105<N105,H105,N105))*E105*O105*Q105)/100000000 -> 27.181067 | L105: 1140 | M105: 934.8 | N105: =1-(M105/L105) -> 0.18 | O105: =+'Trim Rwd'!H60 -> 274 | P105: =O105*(Q105-R105-S105) -> 198376 | Q105: 758 | R105: 0 | S105: 34 | T105: =E105*M105*O105*Q105/100000000 -> 27.181067 | U105: =E105*M105*O105*(Q105-R105-S105)/100000000 -> 25.961864 | V105: =E105*G105*(1-N105)*O105/100*(R105+S105)/1000000 -> 1.2192036 | W105: =+'18'!K17/1000 -> 20.587 | AC105: =K105-T105 -> 0 | AD105: =+AM105+BC105 -> 31 | AE105: - Change Spool (26x) | AH105: 31 | AM105: =SUM(AF105:AL105)+AT105 -> 31 | AR105: =SUM(AN105:AQ105) -> 0 | BC105: =+AR105+AS105+AU105+AV105+AX105 -> 0
AD106: =+AM106+BC106 -> 25 | AE106: - Cleaning | AI106: 25 | AM106: =SUM(AF106:AL106)+AT106 -> 25 | AR106: =SUM(AN106:AQ106) -> 0 | BC106: =+AR106+AS106+AU106+AV106+AX106 -> 0
A108: 46041 | B108: Toilet | C108: =(M108*E108*O108*Q108)/100000000 -> 42.032126 | D108: RC HW | E108: 14 | F108: 1 | G108: =+L108 -> 1188.941 | H108: =+N108 -> 0.2 | I108: 0.88 | J108: =E108*G108*(1-H108)*1440/1000000*2.75 -> 52.73191 | K108: =(IF(G108<L108,L108,G108)*(1-IF(H108<N108,H108,N108))*E108*O108*Q108)/100000000 -> 42.032126 | L108: 1188.941 | M108: 951.15278 | N108: =1-(M108/L108) -> 0.2 | O108: =+'Trim Rwd'!H62 -> 274 | P108: =O108*(Q108-R108-S108) -> 305510 | Q108: 1152 | R108: 0 | S108: 37 | T108: =E108*M108*O108*Q108/100000000 -> 42.032126 | U108: =E108*M108*O108*(Q108-R108-S108)/100000000 -> 40.682136 | V108: =E108*G108*(1-N108)*O108/100*(R108+S108)/1000000 -> 1.3499902 | W108: =+'19'!K17/1000 -> 44.626 | X108: =SUM(W108:W111)/SUM(K108:K111) -> 0.95476788 | Y108: 0 | Z108: 0 | AA108: =SUM(U108:U111)-SUM(W108:W111)-SUM(Z108:Z111)-SUM(Y108:Y111) -> 0.66552872 | AB108: =(SUM(K108:K111)-SUM(W108:W111)-SUM(Y108:Y111)-SUM(Z108:Z111)-SUM(AC108:AC111)-SUM(V108:V111))-AA108 -> 0.003228 | AC108: =K108-T108 -> 0 | AD108: =+AM108+BC108 -> 0 | AE108: - Sheet Breaks (0x) | AF108: 0 | AM108: =SUM(AF108:AL108)+AT108 -> 0 | AR108: =SUM(AN108:AQ108) -> 0 | BC108: =+AR108+AS108+AU108+AV108+AX108 -> 0 | BD108: 0
