Workbook

Sheet eff all value

Sheet eff all value (2)

Sheet Report1
A3: PAPER MACHINE 15 DAILY REPORT 1
A6: DATE | B6: GRADE | C6: GSM | D6: Speed yankee (mpm) | E6: Speed reel (mpm) | F6: Creep ( % ) | G6: Real Eff PM ( % ) | H6: Real Eff PM vs Target (%) | I6: Real Eff FG vs Real Eff PM (%) | J6: Eff FG vs Target (%) | L6: Kapasitas Target (ton) | N6: Kapasitas Teori Real (ton) | P6: PM PROD Timbangan (TON) | R6: FINSHED GOODS (TON) | T6: NET GROSS (Timbangan) (%) | V6: NET GROSS ( Scanner) (%) | X6: FRESH WATER | AB6: GAS HOOD | AH6: STEAM (TON) | AN6: STEAM (TON) DEINKING | AT6: POWER (kWh) | AZ6: POWER (kWh) DEINKING | BF6: POWER WPL (kWh) | BL6: Kapasitas Running (ton) | BN6: Eff FG vs Target Running(%)
X7: CONSUMPTION | Z7: /TON FG. | AB7: CONSUMPTION | AD7: /TON PM. | AF7: /TON FG. | AH7: CONSUMPTION | AJ7: /TON PM. | AL7: /TON FG. | AN7: CONSUMPTION | AP7: /TON PM. | AR7: /TON FG. | AT7: CONSUMPTION | AV7: /TON PM | AX7: /TON FG | AZ7: CONSUMPTION | BB7: /TON PM | BD7: /TON FG | BF7: CONSUMPTION | BH7: /TON PM | BJ7: /TON FG
J8: TODAY | K8: TODATE | L8: TODAY | M8: TODATE | N8: TODAY | O8: TODATE | P8: TODAY | Q8: TODATE | R8: TODAY | S8: TODATE | T8: TODAY | U8: TODATE | V8: TODAY | W8: TODATE | X8: TODAY | Y8: TODATE | Z8: TODAY | AA8: TODATE | AB8: TODAY | AC8: TODATE | AD8: TODAY | AE8: TODATE | AF8: TODAY | AG8: TODATE | AH8: TODAY | AI8: TODATE | AJ8: TODAY | AK8: TODATE | AL8: TODAY | AM8: TODATE | AN8: TODAY | AO8: TODATE | AP8: TODAY | AQ8: TODATE | AR8: TODAY | AS8: TODATE | AT8: TODAY | AU8: TODATE | AV8: TODAY | AW8: TODATE | AX8: TODAY | AY8: TODATE | AZ8: TODAY | BA8: TODATE | BB8: TODAY | BC8: TODATE | BD8: TODAY | BE8: TODATE | BF8: TODAY | BG8: TODATE | BH8: TODAY | BI8: TODATE | BJ8: TODAY | BK8: TODATE | BL8: TODAY | BM8: TODATE | BN8: TODAY | BO8: TODATE
A9: 46082 | B9: Toilet | C9: 14/15,5 | D9: =+'1'!F42 -> 1048.6682 | E9: =+'1'!G42 -> 796.9878 | F9: =1-(E9/D9) -> 0.24 | G9: =+P9/N9 -> 0.84390104 | H9: =+P9/L9 -> 0.7325231 | I9: =+R9/P9 -> 0.89894465 | J9: =+R9/L9 -> 0.65849772 | K9: =+S9/M9 -> 0.65849772 | L9: =+SUM(Efficiency1!K6:K7) -> 53.940961 | M9: =L9 -> 53.940961 | N9: =+SUM(Efficiency1!C6:C7) -> 46.821841 | O9: =N9 -> 46.821841 | P9: ='1'!I38 -> 39.513 | Q9: =P9 -> 39.513 | R9: ='1'!I40 -> 35.52 | S9: =R9 -> 35.52 | T9: =R9/P9 -> 0.89894465 | U9: =S9/Q9 -> 0.89894465 | V9: =R9/L9 -> 0.65849772 | W9: =S9/M9 -> 0.65849772 | AB9: =+[1]Report1!AY9 -> 4216.8386 | AC9: =AB9 -> 4216.8386 | AD9: =AB9/P9 -> 106.72028 | AE9: =AC9/Q9 -> 106.72028 | AF9: =IF(AND(R9>0,AB9>0),(AB9/(R9*1000))*1000,0) -> 118.7173 | AG9: =IF(AND(S9>0,AC9>0),AC9/S9,0) -> 118.7173 | AH9: 59 | AI9: =AH9 -> 59 | AJ9: =AH9/(P9) -> 1.4931795 | AK9: =AI9/(Q9) -> 1.4931795 | AL9: =IF(AND(R9>0,AH9>0),AH9/(R9),0) -> 1.661036 | AM9: =IF(AND(S9>0,AI9>0),AI9/(S9),0) -> 1.661036 | AN9: 0 | AO9: =AN9 -> 0 | AP9: =AN9/(P9) -> 0 | AQ9: =AO9/(Q9) -> 0 | AR9: =IF(AND(R9>0,AN9>0),AN9/(R9),0) -> 0 | AS9: =IF(AND(S9>0,AO9>0),AO9/(S9),0) -> 0 | AT9: ='1'!I46 -> 36680.9 | AU9: =AT9 -> 36680.9 | AV9: =IF(AND(L9>0,AT9>0),(AT9/(P9*1000)*1000),0) -> 928.32486 | AW9: =IF(AND(M9>0,AU9>0),(AU9/(Q9*1000)*1000),0) -> 928.32486 | AX9: =IF(AND(R9>0,AT9>0),(AT9/(R9*1000)*1000),0) -> 1032.683 | AY9: =IF(AND(S9>0,AU9>0),(AU9/(S9*1000)*1000),0) -> 1032.683 | AZ9: =+Listrik!S8 -> 15252.6 | BA9: =AZ9 -> 15252.6 | BB9: =IF(AND(L9>0,AZ9>0),(AZ9/(P9*1000)*1000),0) -> 386.01473 | BC9: =IF(AND(M9>0,BA9>0),(BA9/(Q9*1000)*1000),0) -> 386.01473 | BD9: =IF(AND(R9>0,AZ9>0),(AZ9/(R9*1000)*1000),0) -> 429.40878 | BE9: =IF(AND(S9>0,BA9>0),(BA9/(S9*1000)*1000),0) -> 429.40878 | BG9: =BF9 -> 0 | BH9: =IF(AND(L9>0,BF9>0),(BF9/(P9*1000)*1000),0) -> 0 | BI9: =IF(AND(U9>0,BG9>0),(BG9/(Q9*1000)*1000),0) -> 0 | BJ9: =IF(AND(L9>0,BF9>0),(BF9/(R9*1000)*1000),0) -> 0 | BK9: =IF(AND(AA9>0,BG9>0),(BG9/(S9*1000)*1000),0) -> 0 | BL9: =+SUM(Efficiency2!K6:K7) -> 53.940961 | BM9: =BL9 -> 53.940961 | BN9: =+R9/BL9 -> 0.65849772 | BO9: =+S9/BM9 -> 0.65849772
A10: =A9+1 -> 46083 | B10: Toilet | C10: 15,5 | D10: =+'2'!F42 -> 1000 | E10: =+'2'!G42 -> 760 | F10: =1-(E10/D10) -> 0.24 | G10: =+P10/N10 -> 0.54426012 | H10: =+P10/L10 -> 0.46113455 | I10: =+R10/P10 -> 1.141741 | J10: =+R10/L10 -> 0.52649622 | K10: =+S10/M10 -> 0.59248734 | L10: =+Efficiency1!K12 -> 53.956703 | M10: =M9+L10 -> 107.89766 | N10: =+Efficiency1!C12 -> 45.715824 | O10: =O9+N10 -> 92.537665 | P10: ='2'!I38 -> 24.8813 | Q10: =Q9+P10 -> 64.3943 | R10: ='2'!I40 -> 28.408 | S10: =S9+R10 -> 63.928 | T10: =R10/P10 -> 1.141741 | U10: =S10/Q10 -> 0.99275868 | V10: =R10/L10 -> 0.52649622 | W10: =S10/M10 -> 0.59248734 | AB10: =+[1]Report1!AY10 -> 3311.0567 | AC10: =AB10+AC9 -> 7527.8953 | AD10: =AB10/P10 -> 133.0741 | AE10: =AC10/Q10 -> 116.90313 | AF10: =IF(AND(R10>0,AB10>0),(AB10/(R10*1000))*1000,0) -> 116.55367 | AG10: =IF(AND(S10>0,AC10>0),AC10/S10,0) -> 117.75584 | AH10: 50.5 | AI10: =AH10+AI9 -> 109.5 | AJ10: =AH10/(P10) -> 2.0296367 | AK10: =AI10/(Q10) -> 1.7004611 | AL10: =IF(AND(R10>0,AH10>0),AH10/(R10),0) -> 1.7776683 | AM10: =IF(AND(S10>0,AI10>0),AI10/(S10),0) -> 1.7128645 | AN10: 0 | AO10: =AN10+AO9 -> 0 | AP10: =AN10/(P10) -> 0 | AQ10: =AO10/(Q10) -> 0 | AR10: =IF(AND(R10>0,AN10>0),AN10/(R10),0) -> 0 | AS10: =IF(AND(S10>0,AO10>0),AO10/(S10),0) -> 0 | AT10: ='2'!I46 -> 28571.7 | AU10: =AT10+AU9 -> 65252.6 | AV10: =IF(AND(L10>0,AT10>0),(AT10/(P10*1000)*1000),0) -> 1148.3202 | AW10: =IF(AND(M10>0,AU10>0),(AU10/(Q10*1000)*1000),0) -> 1013.3288 | AX10: =IF(AND(R10>0,AT10>0),(AT10/(R10*1000)*1000),0) -> 1005.7625 | AY10: =IF(AND(S10>0,AU10>0),(AU10/(S10*1000)*1000),0) -> 1020.7202 | AZ10: =+Listrik!S9 -> 16604 | BA10: =AZ10+BA9 -> 31856.6 | BB10: =IF(AND(L10>0,AZ10>0),(AZ10/(P10*1000)*1000),0) -> 667.32848 | BC10: =IF(AND(M10>0,BA10>0),(BA10/(Q10*1000)*1000),0) -> 494.71149 | BD10: =IF(AND(R10>0,AZ10>0),(AZ10/(R10*1000)*1000),0) -> 584.48324 | BE10: =IF(AND(S10>0,BA10>0),(BA10/(S10*1000)*1000),0) -> 498.31998 | BG10: =BF10+BG9 -> 0 | BH10: =IF(AND(L10>0,BF10>0),(BF10/(P10*1000)*1000),0) -> 0 | BI10: =IF(AND(U10>0,BG10>0),(BG10/(Q10*1000)*1000),0) -> 0 | BJ10: =IF(AND(L10>0,BF10>0),(BF10/(R10*1000)*1000),0) -> 0 | BK10: =IF(AND(AA10>0,BG10>0),(BG10/(S10*1000)*1000),0) -> 0 | BL10: =+Efficiency2!K12 -> 53.956703 | BM10: =BM9+BL10 -> 107.89766 | BN10: =+R10/BL10 -> 0.52649622 | BO10: =+S10/BM10 -> 0.59248734
A11: =A10+1 -> 46084 | B11: Toilet | C11: 15,5/14 | D11: =+'3'!F42 -> 1001.0417 | E11: =+'3'!G42 -> 770.80208 | F11: =1-(E11/D11) -> 0.23 | G11: =+P11/N11 -> 0.99541287 | H11: =+P11/L11 -> 0.80440441 | I11: =+R11/P11 -> 0.9286137 | J11: =+R11/L11 -> 0.74698095 | K11: =+S11/M11 -> 0.64440541 | L11: =+SUM(Efficiency1!K19:K20) -> 54.611834 | M11: =M10+L11 -> 162.5095 | N11: =+SUM(Efficiency1!C19:C20) -> 44.132441 | O11: =O10+N11 -> 136.67011 | P11: ='3'!I38 -> 43.93 | Q11: =Q10+P11 -> 108.3243 | R11: ='3'!I40 -> 40.794 | S11: =S10+R11 -> 104.722 | T11: =R11/P11 -> 0.9286137 | U11: =S11/Q11 -> 0.96674523 | V11: =R11/L11 -> 0.74698095 | W11: =S11/M11 -> 0.64440541 | AB11: =+[1]Report1!AY11 -> 4290.7663 | AC11: =AB11+AC10 -> 11818.662 | AD11: =AB11/P11 -> 97.672805 | AE11: =AC11/Q11 -> 109.10444 | AF11: =IF(AND(R11>0,AB11>0),(AB11/(R11*1000))*1000,0) -> 105.18131 | AG11: =IF(AND(S11>0,AC11>0),AC11/S11,0) -> 112.85749 | AH11: 62 | AI11: =AH11+AI10 -> 171.5 | AJ11: =AH11/(P11) -> 1.4113362 | AK11: =AI11/(Q11) -> 1.5832089 | AL11: =IF(AND(R11>0,AH11>0),AH11/(R11),0) -> 1.5198313 | AM11: =IF(AND(S11>0,AI11>0),AI11/(S11),0) -> 1.6376693 | AN11: 0 | AO11: =AN11+AO10 -> 0 | AP11: =AN11/(P11) -> 0 | AQ11: =AO11/(Q11) -> 0 | AR11: =IF(AND(R11>0,AN11>0),AN11/(R11),0) -> 0 | AS11: =IF(AND(S11>0,AO11>0),AO11/(S11),0) -> 0 | AT11: ='3'!I46 -> 39136.98 | AU11: =AT11+AU10 -> 104389.58 | AV11: =IF(AND(L11>0,AT11>0),(AT11/(P11*1000)*1000),0) -> 890.89415 | AW11: =IF(AND(M11>0,AU11>0),(AU11/(Q11*1000)*1000),0) -> 963.67648 | AX11: =IF(AND(R11>0,AT11>0),(AT11/(R11*1000)*1000),0) -> 959.38079 | AY11: =IF(AND(S11>0,AU11>0),(AU11/(S11*1000)*1000),0) -> 996.82569 | AZ11: =+Listrik!S10 -> 18999 | BA11: =AZ11+BA10 -> 50855.6 | BB11: =IF(AND(L11>0,AZ11>0),(AZ11/(P11*1000)*1000),0) -> 432.4835 | BC11: =IF(AND(M11>0,BA11>0),(BA11/(Q11*1000)*1000),0) -> 469.47545 | BD11: =IF(AND(R11>0,AZ11>0),(AZ11/(R11*1000)*1000),0) -> 465.73025 | BE11: =IF(AND(S11>0,BA11>0),(BA11/(S11*1000)*1000),0) -> 485.6248 | BG11: =BF11+BG10 -> 0 | BH11: =IF(AND(L11>0,BF11>0),(BF11/(P11*1000)*1000),0) -> 0 | BI11: =IF(AND(U11>0,BG11>0),(BG11/(Q11*1000)*1000),0) -> 0 | BJ11: =IF(AND(L11>0,BF11>0),(BF11/(R11*1000)*1000),0) -> 0 | BK11: =IF(AND(AA11>0,BG11>0),(BG11/(S11*1000)*1000),0) -> 0 | BL11: =+SUM(Efficiency2!K19:K20) -> 54.611834 | BM11: =BM10+BL11 -> 162.5095 | BN11: =+R11/BL11 -> 0.74698095 | BO11: =+S11/BM11 -> 0.64440541
A12: =A11+1 -> 46085 | B12: Toilet | C12: 14/15,5 | D12: =+'4'!F42 -> 1000 | E12: =+'4'!G42 -> 763.77953 | F12: =1-(E12/D12) -> 0.23622047 | G12: =+P12/N12 -> 0.84485969 | H12: =+P12/L12 -> 0.7072162 | I12: =+R12/P12 -> 0.99451726 | J12: =+R12/L12 -> 0.70333872 | K12: =+S12/M12 -> 0.65913649 | L12: =+SUM(Efficiency1!K25:K26) -> 54.158827 | M12: =M11+L12 -> 216.66833 | N12: =+SUM(Efficiency1!C25:C26) -> 45.335338 | O12: =O11+N12 -> 182.00544 | P12: ='4'!I38 -> 38.302 | Q12: =Q11+P12 -> 146.6263 | R12: ='4'!I40 -> 38.092 | S12: =S11+R12 -> 142.814 | T12: =R12/P12 -> 0.99451726 | U12: =S12/Q12 -> 0.97399989 | V12: =R12/L12 -> 0.70333872 | W12: =S12/M12 -> 0.65913649 | AB12: =+[1]Report1!AY12 -> 3774.0961 | AC12: =AB12+AC11 -> 15592.758 | AD12: =AB12/P12 -> 98.535224 | AE12: =AC12/Q12 -> 106.34353 | AF12: =IF(AND(R12>0,AB12>0),(AB12/(R12*1000))*1000,0) -> 99.078445 | AG12: =IF(AND(S12>0,AC12>0),AC12/S12,0) -> 109.18228 | AH12: 59.3 | AI12: =AH12+AI11 -> 230.8 | AJ12: =AH12/(P12) -> 1.548222 | AK12: =AI12/(Q12) -> 1.5740696 | AL12: =IF(AND(R12>0,AH12>0),AH12/(R12),0) -> 1.5567573 | AM12: =IF(AND(S12>0,AI12>0),AI12/(S12),0) -> 1.6160881 | AN12: 0 | AO12: =AN12+AO11 -> 0 | AP12: =AN12/(P12) -> 0 | AQ12: =AO12/(Q12) -> 0 | AR12: =IF(AND(R12>0,AN12>0),AN12/(R12),0) -> 0 | AS12: =IF(AND(S12>0,AO12>0),AO12/(S12),0) -> 0 | AT12: ='4'!I46 -> 34663.36 | AU12: =AT12+AU11 -> 139052.94 | AV12: =IF(AND(L12>0,AT12>0),(AT12/(P12*1000)*1000),0) -> 905.00131 | AW12: =IF(AND(M12>0,AU12>0),(AU12/(Q12*1000)*1000),0) -> 948.34924 | AX12: =IF(AND(R12>0,AT12>0),(AT12/(R12*1000)*1000),0) -> 909.99055 | AY12: =IF(AND(S12>0,AU12>0),(AU12/(S12*1000)*1000),0) -> 973.66463 | AZ12: =+Listrik!S11 -> 20677.899 | BA12: =AZ12+BA11 -> 71533.499 | BB12: =IF(AND(L12>0,AZ12>0),(AZ12/(P12*1000)*1000),0) -> 539.86473 | BC12: =IF(AND(M12>0,BA12>0),(BA12/(Q12*1000)*1000),0) -> 487.86268 | BD12: =IF(AND(R12>0,AZ12>0),(AZ12/(R12*1000)*1000),0) -> 542.84099 | BE12: =IF(AND(S12>0,BA12>0),(BA12/(S12*1000)*1000),0) -> 500.88576 | BG12: =BF12+BG11 -> 0 | BH12: =IF(AND(L12>0,BF12>0),(BF12/(P12*1000)*1000),0) -> 0 | BI12: =IF(AND(U12>0,BG12>0),(BG12/(Q12*1000)*1000),0) -> 0 | BJ12: =IF(AND(L12>0,BF12>0),(BF12/(R12*1000)*1000),0) -> 0 | BK12: =IF(AND(AA12>0,BG12>0),(BG12/(S12*1000)*1000),0) -> 0 | BL12: =+SUM(Efficiency2!K25:K26) -> 54.158827 | BM12: =BM11+BL12 -> 216.66833 | BN12: =+R12/BL12 -> 0.70333872 | BO12: =+S12/BM12 -> 0.65913649
A13: =A12+1 -> 46086 | B13: Toilet | C13: 15,5/13,5 | D13: =+'5'!F42 -> 1000 | E13: =+'5'!G42 -> 770 | F13: =1-(E13/D13) -> 0.23 | G13: =+P13/N13 -> 0.94274705 | H13: =+P13/L13 -> 0.78734439 | I13: =+R13/P13 -> 1.0195386 | J13: =+R13/L13 -> 0.80272801 | K13: =+S13/M13 -> 0.68776414 | L13: =+SUM(Efficiency1!K32:K33) -> 53.953518 | M13: =M12+L13 -> 270.62184 | N13: =+SUM(Efficiency1!C32:C33) -> 45.059807 | O13: =O12+N13 -> 227.06525 | P13: ='5'!I38 -> 42.48 | Q13: =Q12+P13 -> 189.1063 | R13: ='5'!I40 -> 43.31 | S13: =S12+R13 -> 186.124 | T13: =R13/P13 -> 1.0195386 | U13: =S13/Q13 -> 0.9842295 | V13: =R13/L13 -> 0.80272801 | W13: =S13/M13 -> 0.68776414 | AB13: =+[1]Report1!AY13 -> 4091.4503 | AC13: =AB13+AC12 -> 19684.208 | AD13: =AB13/P13 -> 96.314743 | AE13: =AC13/Q13 -> 104.0907 | AF13: =IF(AND(R13>0,AB13>0),(AB13/(R13*1000))*1000,0) -> 94.468951 | AG13: =IF(AND(S13>0,AC13>0),AC13/S13,0) -> 105.75857 | AH13: 64.3 | AI13: =AH13+AI12 -> 295.1 | AJ13: =AH13/(P13) -> 1.5136535 | AK13: =AI13/(Q13) -> 1.560498 | AL13: =IF(AND(R13>0,AH13>0),AH13/(R13),0) -> 1.4846456 | AM13: =IF(AND(S13>0,AI13>0),AI13/(S13),0) -> 1.5855021 | AN13: 0 | AO13: =AN13+AO12 -> 0 | AP13: =AN13/(P13) -> 0 | AQ13: =AO13/(Q13) -> 0 | AR13: =IF(AND(R13>0,AN13>0),AN13/(R13),0) -> 0 | AS13: =IF(AND(S13>0,AO13>0),AO13/(S13),0) -> 0 | AT13: ='5'!I46 -> 39057.42 | AU13: =AT13+AU12 -> 178110.36 | AV13: =IF(AND(L13>0,AT13>0),(AT13/(P13*1000)*1000),0) -> 919.43079 | AW13: =IF(AND(M13>0,AU13>0),(AU13/(Q13*1000)*1000),0) -> 941.85313 | AX13: =IF(AND(R13>0,AT13>0),(AT13/(R13*1000)*1000),0) -> 901.81067 | AY13: =IF(AND(S13>0,AU13>0),(AU13/(S13*1000)*1000),0) -> 956.94462 | AZ13: =+Listrik!S12 -> 20494.485 | BA13: =AZ13+BA12 -> 92027.984 | BB13: =IF(AND(L13>0,AZ13>0),(AZ13/(P13*1000)*1000),0) -> 482.45021 | BC13: =IF(AND(M13>0,BA13>0),(BA13/(Q13*1000)*1000),0) -> 486.64684 | BD13: =IF(AND(R13>0,AZ13>0),(AZ13/(R13*1000)*1000),0) -> 473.20446 | BE13: =IF(AND(S13>0,BA13>0),(BA13/(S13*1000)*1000),0) -> 494.44448 | BG13: =BF13+BG12 -> 0 | BH13: =IF(AND(L13>0,BF13>0),(BF13/(P13*1000)*1000),0) -> 0 | BI13: =IF(AND(U13>0,BG13>0),(BG13/(Q13*1000)*1000),0) -> 0 | BJ13: =IF(AND(L13>0,BF13>0),(BF13/(R13*1000)*1000),0) -> 0 | BK13: =IF(AND(AA13>0,BG13>0),(BG13/(S13*1000)*1000),0) -> 0 | BL13: =+SUM(Efficiency2!K32:K33) -> 53.953518 | BM13: =BM12+BL13 -> 270.62184 | BN13: =+R13/BL13 -> 0.80272801 | BO13: =+S13/BM13 -> 0.68776414
A14: =A13+1 -> 46087 | B14: Toilet | C14: 13,5/20/14 | D14: =+'6'!F42 -> 1000 | E14: =+'6'!G42 -> 820 | F14: =1-(E14/D14) -> 0.18 | G14: =+P14/N14 -> 0.62109467 | H14: =+P14/L14 -> 0.49252936 | I14: =+R14/P14 -> 1.0017321 | J14: =+R14/L14 -> 0.49338248 | K14: =+S14/M14 -> 0.65546939 | L14: =+SUM(Efficiency1!K38:K40) -> 53.919629 | M14: =M13+L14 -> 324.54147 | N14: =+SUM(Efficiency1!C38:C40) -> 42.758377 | O14: =O13+N14 -> 269.82363 | P14: ='6'!I38 -> 26.557 | Q14: =Q13+P14 -> 215.6633 | R14: ='6'!I40 -> 26.603 | S14: =S13+R14 -> 212.727 | T14: =R14/P14 -> 1.0017321 | U14: =S14/Q14 -> 0.9863848 | V14: =R14/L14 -> 0.49338248 | W14: =S14/M14 -> 0.65546939 | AB14: =+[1]Report1!AY14 -> 2299.8884 | AC14: =AB14+AC13 -> 21984.096 | AD14: =AB14/P14 -> 86.601966 | AE14: =AC14/Q14 -> 101.93712 | AF14: =IF(AND(R14>0,AB14>0),(AB14/(R14*1000))*1000,0) -> 86.45222 | AG14: =IF(AND(S14>0,AC14>0),AC14/S14,0) -> 103.34418 | AH14: 46.5 | AI14: =AH14+AI13 -> 341.6 | AJ14: =AH14/(P14) -> 1.7509508 | AK14: =AI14/(Q14) -> 1.5839505 | AL14: =IF(AND(R14>0,AH14>0),AH14/(R14),0) -> 1.7479232 | AM14: =IF(AND(S14>0,AI14>0),AI14/(S14),0) -> 1.605814 | AN14: 0 | AO14: =AN14+AO13 -> 0 | AP14: =AN14/(P14) -> 0 | AQ14: =AO14/(Q14) -> 0 | AR14: =IF(AND(R14>0,AN14>0),AN14/(R14),0) -> 0 | AS14: =IF(AND(S14>0,AO14>0),AO14/(S14),0) -> 0 | AT14: ='6'!I46 -> 26909.02 | AU14: =AT14+AU13 -> 205019.38 | AV14: =IF(AND(L14>0,AT14>0),(AT14/(P14*1000)*1000),0) -> 1013.2553 | AW14: =IF(AND(M14>0,AU14>0),(AU14/(Q14*1000)*1000),0) -> 950.64566 | AX14: =IF(AND(R14>0,AT14>0),(AT14/(R14*1000)*1000),0) -> 1011.5032 | AY14: =IF(AND(S14>0,AU14>0),(AU14/(S14*1000)*1000),0) -> 963.76755 | AZ14: =+Listrik!S13 -> 17410.492 | BA14: =AZ14+BA13 -> 109438.48 | BB14: =IF(AND(L14>0,AZ14>0),(AZ14/(P14*1000)*1000),0) -> 655.58956 | BC14: =IF(AND(M14>0,BA14>0),(BA14/(Q14*1000)*1000),0) -> 507.45062 | BD14: =IF(AND(R14>0,AZ14>0),(AZ14/(R14*1000)*1000),0) -> 654.45596 | BE14: =IF(AND(S14>0,BA14>0),(BA14/(S14*1000)*1000),0) -> 514.45503 | BG14: =BF14+BG13 -> 0 | BH14: =IF(AND(L14>0,BF14>0),(BF14/(P14*1000)*1000),0) -> 0 | BI14: =IF(AND(U14>0,BG14>0),(BG14/(Q14*1000)*1000),0) -> 0 | BJ14: =IF(AND(L14>0,BF14>0),(BF14/(R14*1000)*1000),0) -> 0 | BK14: =IF(AND(AA14>0,BG14>0),(BG14/(S14*1000)*1000),0) -> 0 | BL14: =+SUM(Efficiency2!K38:K40) -> 41.820542 | BM14: =BM13+BL14 -> 312.44239 | BN14: =+R14/BL14 -> 0.6361228 | BO14: =+S14/BM14 -> 0.68085193
A15: =A14+1 -> 46088 | B15: Toilet | C15: 20/17 | D15: =+'7'!F42 -> 850 | E15: =+'7'!G42 -> 663 | F15: =1-(E15/D15) -> 0.22 | G15: =+P15/N15 -> 0.72028391 | H15: =+P15/L15 -> 0.68386766 | I15: =+R15/P15 -> 0.8634045 | J15: =+R15/L15 -> 0.59045442 | K15: =+S15/M15 -> 0.64616853 | L15: =+SUM(Efficiency1!K44:K45) -> 54.178611 | M15: =M14+L15 -> 378.72008 | N15: =+SUM(Efficiency1!C44:C45) -> 51.439438 | O15: =O14+N15 -> 321.26307 | P15: ='7'!I38 -> 37.051 | Q15: =Q14+P15 -> 252.7143 | R15: ='7'!I40 -> 31.99 | S15: =S14+R15 -> 244.717 | T15: =R15/P15 -> 0.8634045 | U15: =S15/Q15 -> 0.96835438 | V15: =R15/L15 -> 0.59045442 | W15: =S15/M15 -> 0.64616853 | AB15: =+[1]Report1!AY15 -> 4350.4668 | AC15: =AB15+AC14 -> 26334.563 | AD15: =AB15/P15 -> 117.41834 | AE15: =AC15/Q15 -> 104.20686 | AF15: =IF(AND(R15>0,AB15>0),(AB15/(R15*1000))*1000,0) -> 135.99459 | AG15: =IF(AND(S15>0,AC15>0),AC15/S15,0) -> 107.61232 | AH15: 50.2 | AI15: =AH15+AI14 -> 391.8 | AJ15: =AH15/(P15) -> 1.3548892 | AK15: =AI15/(Q15) -> 1.5503674 | AL15: =IF(AND(R15>0,AH15>0),AH15/(R15),0) -> 1.5692404 | AM15: =IF(AND(S15>0,AI15>0),AI15/(S15),0) -> 1.601033 | AN15: 0 | AO15: =AN15+AO14 -> 0 | AP15: =AN15/(P15) -> 0 | AQ15: =AO15/(Q15) -> 0 | AR15: =IF(AND(R15>0,AN15>0),AN15/(R15),0) -> 0 | AS15: =IF(AND(S15>0,AO15>0),AO15/(S15),0) -> 0 | AT15: ='7'!I46 -> 28849.02 | AU15: =AT15+AU14 -> 233868.4 | AV15: =IF(AND(L15>0,AT15>0),(AT15/(P15*1000)*1000),0) -> 778.63 | AW15: =IF(AND(M15>0,AU15>0),(AU15/(Q15*1000)*1000),0) -> 925.42606 | AX15: =IF(AND(R15>0,AT15>0),(AT15/(R15*1000)*1000),0) -> 901.81369 | AY15: =IF(AND(S15>0,AU15>0),(AU15/(S15*1000)*1000),0) -> 955.66879 | AZ15: =+Listrik!S14 -> 16581.4 | BA15: =AZ15+BA14 -> 126019.88 | BB15: =IF(AND(L15>0,AZ15>0),(AZ15/(P15*1000)*1000),0) -> 447.52908 | BC15: =IF(AND(M15>0,BA15>0),(BA15/(Q15*1000)*1000),0) -> 498.66539 | BD15: =IF(AND(R15>0,AZ15>0),(AZ15/(R15*1000)*1000),0) -> 518.33073 | BE15: =IF(AND(S15>0,BA15>0),(BA15/(S15*1000)*1000),0) -> 514.96167 | BG15: =BF15+BG14 -> 0 | BH15: =IF(AND(L15>0,BF15>0),(BF15/(P15*1000)*1000),0) -> 0 | BI15: =IF(AND(U15>0,BG15>0),(BG15/(Q15*1000)*1000),0) -> 0 | BJ15: =IF(AND(L15>0,BF15>0),(BF15/(R15*1000)*1000),0) -> 0 | BK15: =IF(AND(AA15>0,BG15>0),(BG15/(S15*1000)*1000),0) -> 0 | BL15: =+SUM(Efficiency2!K44:K45) -> 39.691989 | BM15: =BM14+BL15 -> 352.13437 | BN15: =+R15/BL15 -> 0.80595609 | BO15: =+S15/BM15 -> 0.69495346
A16: =A15+1 -> 46089 | B16: Toilet | C16: 17/16 | D16: =+'8'!F42 -> 887.01389 | E16: =+'8'!G42 -> 710.19583 | F16: =1-(E16/D16) -> 0.1993408 | G16: =+P16/N16 -> 0.99826436 | H16: =+P16/L16 -> 0.83649155 | I16: =+R16/P16 -> 1.0314253 | J16: =+R16/L16 -> 0.86277856 | K16: =+S16/M16 -> 0.67250557 | L16: =+SUM(Efficiency1!K50:K51) -> 52.421331 | M16: =M15+L16 -> 431.14141 | N16: =+SUM(Efficiency1!C50:C51) -> 43.92624 | O16: =O15+N16 -> 365.18931 | P16: ='8'!I38 -> 43.85 | Q16: =Q15+P16 -> 296.5643 | R16: ='8'!I40 -> 45.228 | S16: =S15+R16 -> 289.945 | T16: =R16/P16 -> 1.0314253 | U16: =S16/Q16 -> 0.97768005 | V16: =R16/L16 -> 0.86277856 | W16: =S16/M16 -> 0.67250557 | AB16: =+[1]Report1!AY16 -> 3957.045 | AC16: =AB16+AC15 -> 30291.608 | AD16: =AB16/P16 -> 90.240478 | AE16: =AC16/Q16 -> 102.14179 | AF16: =IF(AND(R16>0,AB16>0),(AB16/(R16*1000))*1000,0) -> 87.491045 | AG16: =IF(AND(S16>0,AC16>0),AC16/S16,0) -> 104.47364 | AH16: 62.4 | AI16: =AH16+AI15 -> 454.2 | AJ16: =AH16/(P16) -> 1.4230331 | AK16: =AI16/(Q16) -> 1.5315397 | AL16: =IF(AND(R16>0,AH16>0),AH16/(R16),0) -> 1.3796763 | AM16: =IF(AND(S16>0,AI16>0),AI16/(S16),0) -> 1.566504 | AN16: 0 | AO16: =AN16+AO15 -> 0 | AP16: =AN16/(P16) -> 0 | AQ16: =AO16/(Q16) -> 0 | AR16: =IF(AND(R16>0,AN16>0),AN16/(R16),0) -> 0 | AS16: =IF(AND(S16>0,AO16>0),AO16/(S16),0) -> 0 | AT16: ='8'!I46 -> 35576.46 | AU16: =AT16+AU15 -> 269444.86 | AV16: =IF(AND(L16>0,AT16>0),(AT16/(P16*1000)*1000),0) -> 811.32178 | AW16: =IF(AND(M16>0,AU16>0),(AU16/(Q16*1000)*1000),0) -> 908.5546 | AX16: =IF(AND(R16>0,AT16>0),(AT16/(R16*1000)*1000),0) -> 786.60255 | AY16: =IF(AND(S16>0,AU16>0),(AU16/(S16*1000)*1000),0) -> 929.29645 | AZ16: =+Listrik!S15 -> 23735.356 | BA16: =AZ16+BA15 -> 149755.23 | BB16: =IF(AND(L16>0,AZ16>0),(AZ16/(P16*1000)*1000),0) -> 541.2852 | BC16: =IF(AND(M16>0,BA16>0),(BA16/(Q16*1000)*1000),0) -> 504.96716 | BD16: =IF(AND(R16>0,AZ16>0),(AZ16/(R16*1000)*1000),0) -> 524.7934 | BE16: =IF(AND(S16>0,BA16>0),(BA16/(S16*1000)*1000),0) -> 516.49531 | BG16: =BF16+BG15 -> 0 | BH16: =IF(AND(L16>0,BF16>0),(BF16/(P16*1000)*1000),0) -> 0 | BI16: =IF(AND(U16>0,BG16>0),(BG16/(Q16*1000)*1000),0) -> 0 | BJ16: =IF(AND(L16>0,BF16>0),(BF16/(R16*1000)*1000),0) -> 0 | BK16: =IF(AND(AA16>0,BG16>0),(BG16/(S16*1000)*1000),0) -> 0 | BL16: =+SUM(Efficiency2!K50:K51) -> 52.421331 | BM16: =BM15+BL16 -> 404.5557 | BN16: =+R16/BL16 -> 0.86277856 | BO16: =+S16/BM16 -> 0.71669982
A17: =A16+1 -> 46090 | B17: Toilet/Napkin | C17: 16/15,5 | D17: =+'9'!F42 -> 972.19444 | E17: =+'9'!G42 -> 826.83722 | F17: =1-(E17/D17) -> 0.14951456 | G17: =+P17/N17 -> 0.97699893 | H17: =+P17/L17 -> 0.90545036 | I17: =+R17/P17 -> 1.0090622 | J17: =+R17/L17 -> 0.9136557 | K17: =+S17/M17 -> 0.6984778 | L17: =+SUM(Efficiency1!K55:K56) -> 52.039297 | M17: =M16+L17 -> 483.18071 | N17: =+SUM(Efficiency1!C55:C56) -> 48.228303 | O17: =O16+N17 -> 413.41761 | P17: ='9'!I38 -> 47.119 | Q17: =Q16+P17 -> 343.6833 | R17: ='9'!I40 -> 47.546 | S17: =S16+R17 -> 337.491 | T17: =R17/P17 -> 1.0090622 | U17: =S17/Q17 -> 0.98198254 | V17: =R17/L17 -> 0.9136557 | W17: =S17/M17 -> 0.6984778 | AB17: =+[1]Report1!AY17 -> 4468.3045 | AC17: =AB17+AC16 -> 34759.913 | AD17: =AB17/P17 -> 94.830206 | AE17: =AC17/Q17 -> 101.13937 | AF17: =IF(AND(R17>0,AB17>0),(AB17/(R17*1000))*1000,0) -> 93.978557 | AG17: =IF(AND(S17>0,AC17>0),AC17/S17,0) -> 102.99508 | AH17: 68.6 | AI17: =AH17+AI16 -> 522.8 | AJ17: =AH17/(P17) -> 1.4558883 | AK17: =AI17/(Q17) -> 1.5211679 | AL17: =IF(AND(R17>0,AH17>0),AH17/(R17),0) -> 1.4428133 | AM17: =IF(AND(S17>0,AI17>0),AI17/(S17),0) -> 1.5490783 | AN17: 0 | AO17: =AN17+AO16 -> 0 | AP17: =AN17/(P17) -> 0 | AQ17: =AO17/(Q17) -> 0 | AR17: =IF(AND(R17>0,AN17>0),AN17/(R17),0) -> 0 | AS17: =IF(AND(S17>0,AO17>0),AO17/(S17),0) -> 0 | AT17: ='9'!I46 -> 40975.1 | AU17: =AT17+AU16 -> 310419.96 | AV17: =IF(AND(L17>0,AT17>0),(AT17/(P17*1000)*1000),0) -> 869.60886 | AW17: =IF(AND(M17>0,AU17>0),(AU17/(Q17*1000)*1000),0) -> 903.21514 | AX17: =IF(AND(R17>0,AT17>0),(AT17/(R17*1000)*1000),0) -> 861.7991 | AY17: =IF(AND(S17>0,AU17>0),(AU17/(S17*1000)*1000),0) -> 919.78737 | AZ17: =+Listrik!S16 -> 21141.094 | BA17: =AZ17+BA16 -> 170896.33 | BB17: =IF(AND(L17>0,AZ17>0),(AZ17/(P17*1000)*1000),0) -> 448.6745 | BC17: =IF(AND(M17>0,BA17>0),(BA17/(Q17*1000)*1000),0) -> 497.24943 | BD17: =IF(AND(R17>0,AZ17>0),(AZ17/(R17*1000)*1000),0) -> 444.64506 | BE17: =IF(AND(S17>0,BA17>0),(BA17/(S17*1000)*1000),0) -> 506.37299 | BG17: =BF17+BG16 -> 0 | BH17: =IF(AND(L17>0,BF17>0),(BF17/(P17*1000)*1000),0) -> 0 | BI17: =IF(AND(U17>0,BG17>0),(BG17/(Q17*1000)*1000),0) -> 0 | BJ17: =IF(AND(L17>0,BF17>0),(BF17/(R17*1000)*1000),0) -> 0 | BK17: =IF(AND(AA17>0,BG17>0),(BG17/(S17*1000)*1000),0) -> 0 | BL17: =+SUM(Efficiency2!K55:K56) -> 52.039297 | BM17: =BM16+BL17 -> 456.595 | BN17: =+R17/BL17 -> 0.9136557 | BO17: =+S17/BM17 -> 0.73914738
A18: =A17+1 -> 46091 | B18: Napkin/Towel | C18: 15,5/22 | D18: =+'10'!F42 -> 756.25 | E18: =+'10'!G42 -> 650.375 | F18: =1-(E18/D18) -> 0.14 | G18: =+P18/N18 -> 1.0505192 | H18: =+P18/L18 -> 1.0476336 | I18: =+R18/P18 -> 0.95134021 | J18: =+R18/L18 -> 0.99665595 | K18: =+S18/M18 -> 0.72739221 | L18: =+SUM(Efficiency1!K60:K61) -> 51.885508 | M18: =M17+L18 -> 535.06622 | N18: =+SUM(Efficiency1!C60:C61) -> 51.742984 | O18: =O17+N18 -> 465.16059 | P18: ='10'!I38 -> 54.357 | Q18: =Q17+P18 -> 398.0403 | R18: ='10'!I40 -> 51.712 | S18: =S17+R18 -> 389.203 | T18: =R18/P18 -> 0.95134021 | U18: =S18/Q18 -> 0.97779798 | V18: =R18/L18 -> 0.99665595 | W18: =S18/M18 -> 0.72739221 | AB18: =+[1]Report1!AY18 -> 4436.1318 | AC18: =AB18+AC17 -> 39196.045 | AD18: =AB18/P18 -> 81.611049 | AE18: =AC18/Q18 -> 98.472553 | AF18: =IF(AND(R18>0,AB18>0),(AB18/(R18*1000))*1000,0) -> 85.785345 | AG18: =IF(AND(S18>0,AC18>0),AC18/S18,0) -> 100.70849 | AH18: 68.7 | AI18: =AH18+AI17 -> 591.5 | AJ18: =AH18/(P18) -> 1.2638667 | AK18: =AI18/(Q18) -> 1.4860304 | AL18: =IF(AND(R18>0,AH18>0),AH18/(R18),0) -> 1.3285118 | AM18: =IF(AND(S18>0,AI18>0),AI18/(S18),0) -> 1.5197725 | AN18: 0 | AO18: =AN18+AO17 -> 0 | AP18: =AN18/(P18) -> 0 | AQ18: =AO18/(Q18) -> 0 | AR18: =IF(AND(R18>0,AN18>0),AN18/(R18),0) -> 0 | AS18: =IF(AND(S18>0,AO18>0),AO18/(S18),0) -> 0 | AT18: ='10'!I46 -> 38474.32 | AU18: =AT18+AU17 -> 348894.28 | AV18: =IF(AND(L18>0,AT18>0),(AT18/(P18*1000)*1000),0) -> 707.80801 | AW18: =IF(AND(M18>0,AU18>0),(AU18/(Q18*1000)*1000),0) -> 876.53004 | AX18: =IF(AND(R18>0,AT18>0),(AT18/(R18*1000)*1000),0) -> 744.01145 | AY18: =IF(AND(S18>0,AU18>0),(AU18/(S18*1000)*1000),0) -> 896.43266 | AZ18: =+Listrik!S17 -> 28224.049 | BA18: =AZ18+BA17 -> 199120.38 | BB18: =IF(AND(L18>0,AZ18>0),(AZ18/(P18*1000)*1000),0) -> 519.23485 | BC18: =IF(AND(M18>0,BA18>0),(BA18/(Q18*1000)*1000),0) -> 500.2518 | BD18: =IF(AND(R18>0,AZ18>0),(AZ18/(R18*1000)*1000),0) -> 545.79303 | BE18: =IF(AND(S18>0,BA18>0),(BA18/(S18*1000)*1000),0) -> 511.61059 | BG18: =BF18+BG17 -> 0 | BH18: =IF(AND(L18>0,BF18>0),(BF18/(P18*1000)*1000),0) -> 0 | BI18: =IF(AND(U18>0,BG18>0),(BG18/(Q18*1000)*1000),0) -> 0 | BJ18: =IF(AND(L18>0,BF18>0),(BF18/(R18*1000)*1000),0) -> 0 | BK18: =IF(AND(AA18>0,BG18>0),(BG18/(S18*1000)*1000),0) -> 0 | BL18: =+SUM(Efficiency2!K60:K61) -> 51.885508 | BM18: =BM17+BL18 -> 508.48051 | BN18: =+R18/BL18 -> 0.99665595 | BO18: =+S18/BM18 -> 0.76542364
A19: =A18+1 -> 46092 | B19: Towel | C19: 22 | D19: =+'11'!F42 -> 740 | E19: =+'11'!G42 -> 636.4 | F19: =1-(E19/D19) -> 0.14 | G19: =+P19/N19 -> 1.0536502 | H19: =+P19/L19 -> 1.0536502 | I19: =+R19/P19 -> 0.95950104 | J19: =+R19/L19 -> 1.0109785 | K19: =+S19/M19 -> 0.75242931 | L19: =+Efficiency1!K65 -> 51.814161 | M19: =M18+L19 -> 586.88038 | N19: =+Efficiency1!C65 -> 51.814161 | O19: =O18+N19 -> 516.97475 | P19: ='11'!I38 -> 54.594 | Q19: =Q18+P19 -> 452.6343 | R19: ='11'!I40 -> 52.383 | S19: =S18+R19 -> 441.586 | T19: =R19/P19 -> 0.95950104 | U19: =S19/Q19 -> 0.97559111 | V19: =R19/L19 -> 1.0109785 | W19: =S19/M19 -> 0.75242931 | AB19: =+[1]Report1!AY19 -> 4422.8808 | AC19: =AB19+AC18 -> 43618.925 | AD19: =AB19/P19 -> 81.014046 | AE19: =AC19/Q19 -> 96.366814 | AF19: =IF(AND(R19>0,AB19>0),(AB19/(R19*1000))*1000,0) -> 84.433515 | AG19: =IF(AND(S19>0,AC19>0),AC19/S19,0) -> 98.777872 | AH19: 68.1 | AI19: =AH19+AI18 -> 659.6 | AJ19: =AH19/(P19) -> 1.2473898 | AK19: =AI19/(Q19) -> 1.4572471 | AL19: =IF(AND(R19>0,AH19>0),AH19/(R19),0) -> 1.3000401 | AM19: =IF(AND(S19>0,AI19>0),AI19/(S19),0) -> 1.4937068 | AN19: 0 | AO19: =AN19+AO18 -> 0 | AP19: =AN19/(P19) -> 0 | AQ19: =AO19/(Q19) -> 0 | AR19: =IF(AND(R19>0,AN19>0),AN19/(R19),0) -> 0 | AS19: =IF(AND(S19>0,AO19>0),AO19/(S19),0) -> 0 | AT19: ='11'!I46 -> 37643.74 | AU19: =AT19+AU18 -> 386538.02 | AV19: =IF(AND(L19>0,AT19>0),(AT19/(P19*1000)*1000),0) -> 689.52156 | AW19: =IF(AND(M19>0,AU19>0),(AU19/(Q19*1000)*1000),0) -> 853.97421 | AX19: =IF(AND(R19>0,AT19>0),(AT19/(R19*1000)*1000),0) -> 718.62513 | AY19: =IF(AND(S19>0,AU19>0),(AU19/(S19*1000)*1000),0) -> 875.3403 | AZ19: =+Listrik!S18 -> 27891.951 | BA19: =AZ19+BA18 -> 227012.33 | BB19: =IF(AND(L19>0,AZ19>0),(AZ19/(P19*1000)*1000),0) -> 510.89774 | BC19: =IF(AND(M19>0,BA19>0),(BA19/(Q19*1000)*1000),0) -> 501.53584 | BD19: =IF(AND(R19>0,AZ19>0),(AZ19/(R19*1000)*1000),0) -> 532.46189 | BE19: =IF(AND(S19>0,BA19>0),(BA19/(S19*1000)*1000),0) -> 514.08407 | BG19: =BF19+BG18 -> 0 | BH19: =IF(AND(L19>0,BF19>0),(BF19/(P19*1000)*1000),0) -> 0 | BI19: =IF(AND(U19>0,BG19>0),(BG19/(Q19*1000)*1000),0) -> 0 | BJ19: =IF(AND(L19>0,BF19>0),(BF19/(R19*1000)*1000),0) -> 0 | BK19: =IF(AND(AA19>0,BG19>0),(BG19/(S19*1000)*1000),0) -> 0 | BL19: =+Efficiency2!K65 -> 51.814161 | BM19: =BM18+BL19 -> 560.29467 | BN19: =+R19/BL19 -> 1.0109785 | BO19: =+S19/BM19 -> 0.78813172
A20: =A19+1 -> 46093 | B20: Towel/Napkin | C20: 22/15,5 | D20: =+'12'!F42 -> 756.25 | E20: =+'12'!G42 -> 650.375 | F20: =1-(E20/D20) -> 0.14 | G20: =+P20/N20 -> 1.0187145 | H20: =+P20/L20 -> 1.0159758 | I20: =+R20/P20 -> 0.99044417 | J20: =+R20/L20 -> 1.0062674 | K20: =+S20/M20 -> 0.77302053 | L20: =+SUM(Efficiency1!K70:K71) -> 51.810287 | M20: =M19+L20 -> 638.69067 | N20: =+SUM(Efficiency1!C70:C71) -> 51.671002 | O20: =O19+N20 -> 568.64576 | P20: ='12'!I38 -> 52.638 | Q20: =Q19+P20 -> 505.2723 | R20: ='12'!I40 -> 52.135 | S20: =S19+R20 -> 493.721 | T20: =R20/P20 -> 0.99044417 | U20: =S20/Q20 -> 0.97713847 | V20: =R20/L20 -> 1.0062674 | W20: =S20/M20 -> 0.77302053 | AB20: =+[1]Report1!AY20 -> 4342.4235 | AC20: =AB20+AC19 -> 47961.349 | AD20: =AB20/P20 -> 82.495982 | AE20: =AC20/Q20 -> 94.921785 | AF20: =IF(AND(R20>0,AB20>0),(AB20/(R20*1000))*1000,0) -> 83.291905 | AG20: =IF(AND(S20>0,AC20>0),AC20/S20,0) -> 97.142615 | AH20: 68.1 | AI20: =AH20+AI19 -> 727.7 | AJ20: =AH20/(P20) -> 1.2937422 | AK20: =AI20/(Q20) -> 1.4402135 | AL20: =IF(AND(R20>0,AH20>0),AH20/(R20),0) -> 1.3062242 | AM20: =IF(AND(S20>0,AI20>0),AI20/(S20),0) -> 1.4739094 | AN20: 0 | AO20: =AN20+AO19 -> 0 | AP20: =AN20/(P20) -> 0 | AQ20: =AO20/(Q20) -> 0 | AR20: =IF(AND(R20>0,AN20>0),AN20/(R20),0) -> 0 | AS20: =IF(AND(S20>0,AO20>0),AO20/(S20),0) -> 0 | AT20: ='12'!I46 -> 37147.78 | AU20: =AT20+AU19 -> 423685.8 | AV20: =IF(AND(L20>0,AT20>0),(AT20/(P20*1000)*1000),0) -> 705.72172 | AW20: =IF(AND(M20>0,AU20>0),(AU20/(Q20*1000)*1000),0) -> 838.52964 | AX20: =IF(AND(R20>0,AT20>0),(AT20/(R20*1000)*1000),0) -> 712.53055 | AY20: =IF(AND(S20>0,AU20>0),(AU20/(S20*1000)*1000),0) -> 858.14823 | AZ20: =+Listrik!S19 -> 24819.9 | BA20: =AZ20+BA19 -> 251832.23 | BB20: =IF(AND(L20>0,AZ20>0),(AZ20/(P20*1000)*1000),0) -> 471.52057 | BC20: =IF(AND(M20>0,BA20>0),(BA20/(Q20*1000)*1000),0) -> 498.40893 | BD20: =IF(AND(R20>0,AZ20>0),(AZ20/(R20*1000)*1000),0) -> 476.06982 | BE20: =IF(AND(S20>0,BA20>0),(BA20/(S20*1000)*1000),0) -> 510.06991 | BG20: =BF20+BG19 -> 0 | BH20: =IF(AND(L20>0,BF20>0),(BF20/(P20*1000)*1000),0) -> 0 | BI20: =IF(AND(U20>0,BG20>0),(BG20/(Q20*1000)*1000),0) -> 0 | BJ20: =IF(AND(L20>0,BF20>0),(BF20/(R20*1000)*1000),0) -> 0 | BK20: =IF(AND(AA20>0,BG20>0),(BG20/(S20*1000)*1000),0) -> 0 | BL20: =+SUM(Efficiency2!K70:K71) -> 51.810287 | BM20: =BM19+BL20 -> 612.10496 | BN20: =+R20/BL20 -> 1.0062674 | BO20: =+S20/BM20 -> 0.80659533
A21: =A20+1 -> 46094 | B21: Napkin/Towel | C21: 15,5/22 | D21: =+'13'!F42 -> 929.49306 | E21: =+'13'!G42 -> 799.36403 | F21: =1-(E21/D21) -> 0.14 | G21: =+P21/N21 -> 0.99862968 | H21: =+P21/L21 -> 0.98437294 | I21: =+R21/P21 -> 0.95219007 | J21: =+R21/L21 -> 0.93731013 | K21: =+S21/M21 -> 0.78537881 | L21: =+SUM(Efficiency1!K75:K76) -> 51.951855 | M21: =M20+L21 -> 690.64252 | N21: =+SUM(Efficiency1!C75:C76) -> 51.210174 | O21: =O20+N21 -> 619.85593 | P21: ='13'!I38 -> 51.14 | Q21: =Q20+P21 -> 556.4123 | R21: ='13'!I40 -> 48.695 | S21: =S20+R21 -> 542.416 | T21: =R21/P21 -> 0.95219007 | U21: =S21/Q21 -> 0.97484545 | V21: =R21/L21 -> 0.93731013 | W21: =S21/M21 -> 0.78537881 | AB21: =+[1]Report1!AY21 -> 4363.8426 | AC21: =AB21+AC20 -> 52325.191 | AD21: =AB21/P21 -> 85.331299 | AE21: =AC21/Q21 -> 94.040321 | AF21: =IF(AND(R21>0,AB21>0),(AB21/(R21*1000))*1000,0) -> 89.615825 | AG21: =IF(AND(S21>0,AC21>0),AC21/S21,0) -> 96.466903 | AH21: 69.6 | AI21: =AH21+AI20 -> 797.3 | AJ21: =AH21/(P21) -> 1.3609699 | AK21: =AI21/(Q21) -> 1.4329302 | AL21: =IF(AND(R21>0,AH21>0),AH21/(R21),0) -> 1.4293049 | AM21: =IF(AND(S21>0,AI21>0),AI21/(S21),0) -> 1.469905 | AN21: 0 | AO21: =AN21+AO20 -> 0 | AP21: =AN21/(P21) -> 0 | AQ21: =AO21/(Q21) -> 0 | AR21: =IF(AND(R21>0,AN21>0),AN21/(R21),0) -> 0 | AS21: =IF(AND(S21>0,AO21>0),AO21/(S21),0) -> 0 | AT21: ='13'!I46 -> 41775.78 | AU21: =AT21+AU20 -> 465461.58 | AV21: =IF(AND(L21>0,AT21>0),(AT21/(P21*1000)*1000),0) -> 816.8905 | AW21: =IF(AND(M21>0,AU21>0),(AU21/(Q21*1000)*1000),0) -> 836.54078 | AX21: =IF(AND(R21>0,AT21>0),(AT21/(R21*1000)*1000),0) -> 857.90697 | AY21: =IF(AND(S21>0,AU21>0),(AU21/(S21*1000)*1000),0) -> 858.12657 | AZ21: =+Listrik!S20 -> 24769.549 | BA21: =AZ21+BA20 -> 276601.78 | BB21: =IF(AND(L21>0,AZ21>0),(AZ21/(P21*1000)*1000),0) -> 484.34785 | BC21: =IF(AND(M21>0,BA21>0),(BA21/(Q21*1000)*1000),0) -> 497.11657 | BD21: =IF(AND(R21>0,AZ21>0),(AZ21/(R21*1000)*1000),0) -> 508.66719 | BE21: =IF(AND(S21>0,BA21>0),(BA21/(S21*1000)*1000),0) -> 509.94398 | BG21: =BF21+BG20 -> 0 | BH21: =IF(AND(L21>0,BF21>0),(BF21/(P21*1000)*1000),0) -> 0 | BI21: =IF(AND(U21>0,BG21>0),(BG21/(Q21*1000)*1000),0) -> 0 | BJ21: =IF(AND(L21>0,BF21>0),(BF21/(R21*1000)*1000),0) -> 0 | BK21: =IF(AND(AA21>0,BG21>0),(BG21/(S21*1000)*1000),0) -> 0 | BL21: =+SUM(Efficiency2!K75:K76) -> 51.951855 | BM21: =BM20+BL21 -> 664.05681 | BN21: =+R21/BL21 -> 0.93731013 | BO21: =+S21/BM21 -> 0.81682168
A22: =A21+1 -> 46095 | B22: Towel | C22: 22 | D22: =+'14'!F42 -> 743.33333 | E22: =+'14'!G42 -> 639.26667 | F22: =1-(E22/D22) -> 0.14 | G22: =+P22/N22 -> 1.0145145 | H22: =+P22/L22 -> 1.0145145 | I22: =+R22/P22 -> 0.97640286 | J22: =+R22/L22 -> 0.99057482 | K22: =+S22/M22 -> 0.7997589 | L22: =+Efficiency1!K80 -> 52.047558 | M22: =M21+L22 -> 742.69008 | N22: =+Efficiency1!C80 -> 52.047558 | O22: =O21+N22 -> 671.90349 | P22: ='14'!I38 -> 52.803 | Q22: =Q21+P22 -> 609.2153 | R22: ='14'!I40 -> 51.557 | S22: =S21+R22 -> 593.973 | T22: =R22/P22 -> 0.97640286 | U22: =S22/Q22 -> 0.97498044 | V22: =R22/L22 -> 0.99057482 | W22: =S22/M22 -> 0.7997589 | AB22: =+[1]Report1!AY22 -> 4389.4904 | AC22: =AB22+AC21 -> 56714.682 | AD22: =AB22/P22 -> 83.129564 | AE22: =AC22/Q22 -> 93.094644 | AF22: =IF(AND(R22>0,AB22>0),(AB22/(R22*1000))*1000,0) -> 85.138591 | AG22: =IF(AND(S22>0,AC22>0),AC22/S22,0) -> 95.483602 | AH22: 69.6 | AI22: =AH22+AI21 -> 866.9 | AJ22: =AH22/(P22) -> 1.3181069 | AK22: =AI22/(Q22) -> 1.4229781 | AL22: =IF(AND(R22>0,AH22>0),AH22/(R22),0) -> 1.3499622 | AM22: =IF(AND(S22>0,AI22>0),AI22/(S22),0) -> 1.459494 | AN22: 0 | AO22: =AN22+AO21 -> 0 | AP22: =AN22/(P22) -> 0 | AQ22: =AO22/(Q22) -> 0 | AR22: =IF(AND(R22>0,AN22>0),AN22/(R22),0) -> 0 | AS22: =IF(AND(S22>0,AO22>0),AO22/(S22),0) -> 0 | AT22: ='14'!I46 -> 37134.6 | AU22: =AT22+AU21 -> 502596.18 | AV22: =IF(AND(L22>0,AT22>0),(AT22/(P22*1000)*1000),0) -> 703.26686 | AW22: =IF(AND(M22>0,AU22>0),(AU22/(Q22*1000)*1000),0) -> 824.98942 | AX22: =IF(AND(R22>0,AT22>0),(AT22/(R22*1000)*1000),0) -> 720.26301 | AY22: =IF(AND(S22>0,AU22>0),(AU22/(S22*1000)*1000),0) -> 846.15998 | AZ22: =+Listrik!S21 -> 27480 | BA22: =AZ22+BA21 -> 304081.78 | BB22: =IF(AND(L22>0,AZ22>0),(AZ22/(P22*1000)*1000),0) -> 520.42498 | BC22: =IF(AND(M22>0,BA22>0),(BA22/(Q22*1000)*1000),0) -> 499.1368 | BD22: =IF(AND(R22>0,AZ22>0),(AZ22/(R22*1000)*1000),0) -> 533.00231 | BE22: =IF(AND(S22>0,BA22>0),(BA22/(S22*1000)*1000),0) -> 511.94545 | BG22: =BF22+BG21 -> 0 | BH22: =IF(AND(L22>0,BF22>0),(BF22/(P22*1000)*1000),0) -> 0 | BI22: =IF(AND(U22>0,BG22>0),(BG22/(Q22*1000)*1000),0) -> 0 | BJ22: =IF(AND(L22>0,BF22>0),(BF22/(R22*1000)*1000),0) -> 0 | BK22: =IF(AND(AA22>0,BG22>0),(BG22/(S22*1000)*1000),0) -> 0 | BL22: =+Efficiency2!K80 -> 52.047558 | BM22: =BM21+BL22 -> 716.10437 | BN22: =+R22/BL22 -> 0.99057482 | BO22: =+S22/BM22 -> 0.82945032
A23: =A22+1 -> 46096 | B23: Towel | C23: 22 | D23: =+'15'!F42 -> 740 | E23: =+'15'!G42 -> 636.4 | F23: =1-(E23/D23) -> 0.14 | G23: =+P23/N23 -> 1.0222229 | H23: =+P23/L23 -> 1.0222229 | I23: =+R23/P23 -> 0.98848074 | J23: =+R23/L23 -> 1.0104477 | K23: =+S23/M23 -> 0.81347544 | L23: =+Efficiency1!K85 -> 51.71866 | M23: =M22+L23 -> 794.40874 | N23: =+Efficiency1!C85 -> 51.71866 | O23: =O22+N23 -> 723.62215 | P23: ='15'!I38 -> 52.868 | Q23: =Q22+P23 -> 662.0833 | R23: ='15'!I40 -> 52.259 | S23: =S22+R23 -> 646.232 | T23: =R23/P23 -> 0.98848074 | U23: =S23/Q23 -> 0.97605845 | V23: =R23/L23 -> 1.0104477 | W23: =S23/M23 -> 0.81347544 | AB23: =+[1]Report1!AY23 -> 4374.4161 | AC23: =AB23+AC22 -> 61089.098 | AD23: =AB23/P23 -> 82.742228 | AE23: =AC23/Q23 -> 92.267994 | AF23: =IF(AND(R23>0,AB23>0),(AB23/(R23*1000))*1000,0) -> 83.706464 | AG23: =IF(AND(S23>0,AC23>0),AC23/S23,0) -> 94.531218 | AH23: 69.4 | AI23: =AH23+AI22 -> 936.3 | AJ23: =AH23/(P23) -> 1.3127033 | AK23: =AI23/(Q23) -> 1.4141725 | AL23: =IF(AND(R23>0,AH23>0),AH23/(R23),0) -> 1.3280009 | AM23: =IF(AND(S23>0,AI23>0),AI23/(S23),0) -> 1.4488605 | AN23: 0 | AO23: =AN23+AO22 -> 0 | AP23: =AN23/(P23) -> 0 | AQ23: =AO23/(Q23) -> 0 | AR23: =IF(AND(R23>0,AN23>0),AN23/(R23),0) -> 0 | AS23: =IF(AND(S23>0,AO23>0),AO23/(S23),0) -> 0 | AT23: ='15'!I46 -> 38173.7 | AU23: =AT23+AU22 -> 540769.88 | AV23: =IF(AND(L23>0,AT23>0),(AT23/(P23*1000)*1000),0) -> 722.05682 | AW23: =IF(AND(M23>0,AU23>0),(AU23/(Q23*1000)*1000),0) -> 816.77016 | AX23: =IF(AND(R23>0,AT23>0),(AT23/(R23*1000)*1000),0) -> 730.47131 | AY23: =IF(AND(S23>0,AU23>0),(AU23/(S23*1000)*1000),0) -> 836.80455 | AZ23: =+Listrik!S22 -> 27466.4 | BA23: =AZ23+BA22 -> 331548.18 | BB23: =IF(AND(L23>0,AZ23>0),(AZ23/(P23*1000)*1000),0) -> 519.52788 | BC23: =IF(AND(M23>0,BA23>0),(BA23/(Q23*1000)*1000),0) -> 500.76505 | BD23: =IF(AND(R23>0,AZ23>0),(AZ23/(R23*1000)*1000),0) -> 525.5822 | BE23: =IF(AND(S23>0,BA23>0),(BA23/(S23*1000)*1000),0) -> 513.04822 | BG23: =BF23+BG22 -> 0 | BH23: =IF(AND(L23>0,BF23>0),(BF23/(P23*1000)*1000),0) -> 0 | BI23: =IF(AND(U23>0,BG23>0),(BG23/(Q23*1000)*1000),0) -> 0 | BJ23: =IF(AND(L23>0,BF23>0),(BF23/(R23*1000)*1000),0) -> 0 | BK23: =IF(AND(AA23>0,BG23>0),(BG23/(S23*1000)*1000),0) -> 0 | BL23: =+Efficiency2!K85 -> 51.71866 | BM23: =BM22+BL23 -> 767.82303 | BN23: =+R23/BL23 -> 1.0104477 | BO23: =+S23/BM23 -> 0.84164186
A24: =A23+1 -> 46097 | B24: Towel | C24: 22 | D24: =+'16'!F42 -> 740 | E24: =+'16'!G42 -> 636.4 | F24: =1-(E24/D24) -> 0.14 | G24: =+P24/N24 -> 1.0366665 | H24: =+P24/L24 -> 1.0366665 | I24: =+R24/P24 -> 0.99734604 | J24: =+R24/L24 -> 1.0339152 | K24: =+S24/M24 -> 0.82692364 | L24: =+Efficiency1!K90 -> 51.612549 | M24: =M23+L24 -> 846.02129 | N24: =+Efficiency1!C90 -> 51.612549 | O24: =O23+N24 -> 775.2347 | P24: ='16'!I38 -> 53.505 | Q24: =Q23+P24 -> 715.5883 | R24: ='16'!I40 -> 53.363 | S24: =S23+R24 -> 699.595 | T24: =R24/P24 -> 0.99734604 | U24: =S24/Q24 -> 0.97765014 | V24: =R24/L24 -> 1.0339152 | W24: =S24/M24 -> 0.82692364 | AB24: =+[1]Report1!AY24 -> 3865.9084 | AC24: =AB24+AC23 -> 64955.006 | AD24: =AB24/P24 -> 72.253217 | AE24: =AC24/Q24 -> 90.771476 | AF24: =IF(AND(R24>0,AB24>0),(AB24/(R24*1000))*1000,0) -> 72.445485 | AG24: =IF(AND(S24>0,AC24>0),AC24/S24,0) -> 92.846584 | AH24: 70.6 | AI24: =AH24+AI23 -> 1006.9 | AJ24: =AH24/(P24) -> 1.3195029 | AK24: =AI24/(Q24) -> 1.407094 | AL24: =IF(AND(R24>0,AH24>0),AH24/(R24),0) -> 1.3230141 | AM24: =IF(AND(S24>0,AI24>0),AI24/(S24),0) -> 1.4392613 | AN24: 0 | AO24: =AN24+AO23 -> 0 | AP24: =AN24/(P24) -> 0 | AQ24: =AO24/(Q24) -> 0 | AR24: =IF(AND(R24>0,AN24>0),AN24/(R24),0) -> 0 | AS24: =IF(AND(S24>0,AO24>0),AO24/(S24),0) -> 0 | AT24: ='16'!I46 -> 43306.8 | AU24: =AT24+AU23 -> 584076.68 | AV24: =IF(AND(L24>0,AT24>0),(AT24/(P24*1000)*1000),0) -> 809.39725 | AW24: =IF(AND(M24>0,AU24>0),(AU24/(Q24*1000)*1000),0) -> 816.21888 | AX24: =IF(AND(R24>0,AT24>0),(AT24/(R24*1000)*1000),0) -> 811.55107 | AY24: =IF(AND(S24>0,AU24>0),(AU24/(S24*1000)*1000),0) -> 834.87829 | AZ24: =+Listrik!S23 -> 22899 | BA24: =AZ24+BA23 -> 354447.18 | BB24: =IF(AND(L24>0,AZ24>0),(AZ24/(P24*1000)*1000),0) -> 427.97869 | BC24: =IF(AND(M24>0,BA24>0),(BA24/(Q24*1000)*1000),0) -> 495.32276 | BD24: =IF(AND(R24>0,AZ24>0),(AZ24/(R24*1000)*1000),0) -> 429.11755 | BE24: =IF(AND(S24>0,BA24>0),(BA24/(S24*1000)*1000),0) -> 506.64624 | BG24: =BF24+BG23 -> 0 | BH24: =IF(AND(L24>0,BF24>0),(BF24/(P24*1000)*1000),0) -> 0 | BI24: =IF(AND(U24>0,BG24>0),(BG24/(Q24*1000)*1000),0) -> 0 | BJ24: =IF(AND(L24>0,BF24>0),(BF24/(R24*1000)*1000),0) -> 0 | BK24: =IF(AND(AA24>0,BG24>0),(BG24/(S24*1000)*1000),0) -> 0 | BL24: =+Efficiency2!K90 -> 51.612549 | BM24: =BM23+BL24 -> 819.43558 | BN24: =+R24/BL24 -> 1.0339152 | BO24: =+S24/BM24 -> 0.85375229
A25: =A24+1 -> 46098 | B25: Towel | C25: 22 | D25: =+'17'!F42 -> 740 | E25: =+'17'!G42 -> 636.4 | F25: =1-(E25/D25) -> 0.14 | G25: =+P25/N25 -> 1.0469934 | H25: =+P25/L25 -> 1.0469934 | I25: =+R25/P25 -> 0.98786039 | J25: =+R25/L25 -> 1.0342833 | K25: =+S25/M25 -> 0.8388465 | L25: =+Efficiency1!K95 -> 51.612549 | M25: =M24+L25 -> 897.63384 | N25: =+Efficiency1!C95 -> 51.612549 | O25: =O24+N25 -> 826.84725 | P25: ='17'!I38 -> 54.038 | Q25: =Q24+P25 -> 769.6263 | R25: ='17'!I40 -> 53.382 | S25: =S24+R25 -> 752.977 | T25: =R25/P25 -> 0.98786039 | U25: =S25/Q25 -> 0.97836703 | V25: =R25/L25 -> 1.0342833 | W25: =S25/M25 -> 0.8388465 | AB25: =+[1]Report1!AY25 -> 6150.8539 | AC25: =AB25+AC24 -> 71105.86 | AD25: =AB25/P25 -> 113.8246 | AE25: =AC25/Q25 -> 92.390112 | AF25: =IF(AND(R25>0,AB25>0),(AB25/(R25*1000))*1000,0) -> 115.22337 | AG25: =IF(AND(S25>0,AC25>0),AC25/S25,0) -> 94.432978 | AH25: 71.3 | AI25: =AH25+AI24 -> 1078.2 | AJ25: =AH25/(P25) -> 1.3194419 | AK25: =AI25/(Q25) -> 1.4009397 | AL25: =IF(AND(R25>0,AH25>0),AH25/(R25),0) -> 1.3356562 | AM25: =IF(AND(S25>0,AI25>0),AI25/(S25),0) -> 1.4319162 | AN25: 0 | AO25: =AN25+AO24 -> 0 | AP25: =AN25/(P25) -> 0 | AQ25: =AO25/(Q25) -> 0 | AR25: =IF(AND(R25>0,AN25>0),AN25/(R25),0) -> 0 | AS25: =IF(AND(S25>0,AO25>0),AO25/(S25),0) -> 0 | AT25: ='17'!I46 -> 42228.06 | AU25: =AT25+AU24 -> 626304.74 | AV25: =IF(AND(L25>0,AT25>0),(AT25/(P25*1000)*1000),0) -> 781.4512 | AW25: =IF(AND(M25>0,AU25>0),(AU25/(Q25*1000)*1000),0) -> 813.77773 | AX25: =IF(AND(R25>0,AT25>0),(AT25/(R25*1000)*1000),0) -> 791.05429 | AY25: =IF(AND(S25>0,AU25>0),(AU25/(S25*1000)*1000),0) -> 831.77141 | AZ25: =+Listrik!S24 -> 23934.249 | BA25: =AZ25+BA24 -> 378381.42 | BB25: =IF(AND(L25>0,AZ25>0),(AZ25/(P25*1000)*1000),0) -> 442.91515 | BC25: =IF(AND(M25>0,BA25>0),(BA25/(Q25*1000)*1000),0) -> 491.64305 | BD25: =IF(AND(R25>0,AZ25>0),(AZ25/(R25*1000)*1000),0) -> 448.35804 | BE25: =IF(AND(S25>0,BA25>0),(BA25/(S25*1000)*1000),0) -> 502.51392 | BG25: =BF25+BG24 -> 0 | BH25: =IF(AND(L25>0,BF25>0),(BF25/(P25*1000)*1000),0) -> 0 | BI25: =IF(AND(U25>0,BG25>0),(BG25/(Q25*1000)*1000),0) -> 0 | BJ25: =IF(AND(L25>0,BF25>0),(BF25/(R25*1000)*1000),0) -> 0 | BK25: =IF(AND(AA25>0,BG25>0),(BG25/(S25*1000)*1000),0) -> 0 | BL25: =+Efficiency2!K95 -> 51.612549 | BM25: =BM24+BL25 -> 871.04813 | BN25: =+R25/BL25 -> 1.0342833 | BO25: =+S25/BM25 -> 0.86444936
A26: =A25+1 -> 46099 | B26: Towel/Toilet | C26: 22/14 | D26: =+'18'!F42 -> 1042.6875 | E26: =+'18'!G42 -> 823.18625 | F26: =1-(E26/D26) -> 0.2105149 | G26: =+P26/N26 -> 0.99800276 | H26: =+P26/L26 -> 0.91729613 | I26: =+R26/P26 -> 0.96933947 | J26: =+R26/L26 -> 0.88917135 | K26: =+S26/M26 -> 0.84159419 | L26: =+SUM(Efficiency1!K100:K102) -> 51.840402 | M26: =M25+L26 -> 949.47424 | N26: =+SUM(Efficiency1!C100:C102) -> 47.648165 | O26: =O25+N26 -> 874.49541 | P26: ='18'!I38 -> 47.553 | Q26: =Q25+P26 -> 817.1793 | R26: ='18'!I40 -> 46.095 | S26: =S25+R26 -> 799.072 | T26: =R26/P26 -> 0.96933947 | U26: =S26/Q26 -> 0.9778417 | V26: =R26/L26 -> 0.88917135 | W26: =S26/M26 -> 0.84159419 | AB26: =+[1]Report1!AY26 -> 5268.0415 | AC26: =AB26+AC25 -> 76373.902 | AD26: =AB26/P26 -> 110.78253 | AE26: =AC26/Q26 -> 93.460397 | AF26: =IF(AND(R26>0,AB26>0),(AB26/(R26*1000))*1000,0) -> 114.28662 | AG26: =IF(AND(S26>0,AC26>0),AC26/S26,0) -> 95.578248 | AH26: 65.9 | AI26: =AH26+AI25 -> 1144.1 | AJ26: =AH26/(P26) -> 1.3858221 | AK26: =AI26/(Q26) -> 1.4000599 | AL26: =IF(AND(R26>0,AH26>0),AH26/(R26),0) -> 1.4296561 | AM26: =IF(AND(S26>0,AI26>0),AI26/(S26),0) -> 1.4317859 | AN26: 0 | AO26: =AN26+AO25 -> 0 | AP26: =AN26/(P26) -> 0 | AQ26: =AO26/(Q26) -> 0 | AR26: =IF(AND(R26>0,AN26>0),AN26/(R26),0) -> 0 | AS26: =IF(AND(S26>0,AO26>0),AO26/(S26),0) -> 0 | AT26: ='18'!I46 -> 43771.28 | AU26: =AT26+AU25 -> 670076.02 | AV26: =IF(AND(L26>0,AT26>0),(AT26/(P26*1000)*1000),0) -> 920.47358 | AW26: =IF(AND(M26>0,AU26>0),(AU26/(Q26*1000)*1000),0) -> 819.98653 | AX26: =IF(AND(R26>0,AT26>0),(AT26/(R26*1000)*1000),0) -> 949.58846 | AY26: =IF(AND(S26>0,AU26>0),(AU26/(S26*1000)*1000),0) -> 838.56776 | AZ26: =+Listrik!S25 -> 20906.954 | BA26: =AZ26+BA25 -> 399288.38 | BB26: =IF(AND(L26>0,AZ26>0),(AZ26/(P26*1000)*1000),0) -> 439.65584 | BC26: =IF(AND(M26>0,BA26>0),(BA26/(Q26*1000)*1000),0) -> 488.61783 | BD26: =IF(AND(R26>0,AZ26>0),(AZ26/(R26*1000)*1000),0) -> 453.5623 | BE26: =IF(AND(S26>0,BA26>0),(BA26/(S26*1000)*1000),0) -> 499.69011 | BG26: =BF26+BG25 -> 0 | BH26: =IF(AND(L26>0,BF26>0),(BF26/(P26*1000)*1000),0) -> 0 | BI26: =IF(AND(U26>0,BG26>0),(BG26/(Q26*1000)*1000),0) -> 0 | BJ26: =IF(AND(L26>0,BF26>0),(BF26/(R26*1000)*1000),0) -> 0 | BK26: =IF(AND(AA26>0,BG26>0),(BG26/(S26*1000)*1000),0) -> 0 | BL26: =+SUM(Efficiency2!K100:K102) -> 51.840402 | BM26: =BM25+BL26 -> 922.88853 | BN26: =+R26/BL26 -> 0.88917135 | BO26: =+S26/BM26 -> 0.86583804
A27: =A26+1 -> 46100 | B27: Toilet | C27: 14 | D27: =+'19'!F42 -> 1150 | E27: =+'19'!G42 -> 897 | F27: =1-(E27/D27) -> 0.22 | G27: =+P27/N27 -> 0.95001617 | H27: =+P27/L27 -> 0.95001617 | I27: =+R27/P27 -> 1.0047625 | J27: =+R27/L27 -> 0.95454063 | K27: =+S27/M27 -> 0.84721545 | L27: =+Efficiency1!K105 -> 49.72968 | M27: =M26+L27 -> 999.20392 | N27: =+Efficiency1!C105 -> 49.72968 | O27: =O26+N27 -> 924.22509 | P27: ='19'!I38 -> 47.244 | Q27: =Q26+P27 -> 864.4233 | R27: ='19'!I40 -> 47.469 | S27: =S26+R27 -> 846.541 | T27: =R27/P27 -> 1.0047625 | U27: =S27/Q27 -> 0.97931303 | V27: =R27/L27 -> 0.95454063 | W27: =S27/M27 -> 0.84721545 | AB27: =+[1]Report1!AY27 -> 5297.5257 | AC27: =AB27+AC26 -> 81671.427 | AD27: =AB27/P27 -> 112.13118 | AE27: =AC27/Q27 -> 94.480826 | AF27: =IF(AND(R27>0,AB27>0),(AB27/(R27*1000))*1000,0) -> 111.59969 | AG27: =IF(AND(S27>0,AC27>0),AC27/S27,0) -> 96.476635 | AH27: 65.2 | AI27: =AH27+AI26 -> 1209.3 | AJ27: =AH27/(P27) -> 1.3800694 | AK27: =AI27/(Q27) -> 1.3989674 | AL27: =IF(AND(R27>0,AH27>0),AH27/(R27),0) -> 1.373528 | AM27: =IF(AND(S27>0,AI27>0),AI27/(S27),0) -> 1.4285191 | AN27: 0 | AO27: =AN27+AO26 -> 0 | AP27: =AN27/(P27) -> 0 | AQ27: =AO27/(Q27) -> 0 | AR27: =IF(AND(R27>0,AN27>0),AN27/(R27),0) -> 0 | AS27: =IF(AND(S27>0,AO27>0),AO27/(S27),0) -> 0 | AT27: ='19'!I46 -> 42535.16 | AU27: =AT27+AU26 -> 712611.18 | AV27: =IF(AND(L27>0,AT27>0),(AT27/(P27*1000)*1000),0) -> 900.32935 | AW27: =IF(AND(M27>0,AU27>0),(AU27/(Q27*1000)*1000),0) -> 824.37757 | AX27: =IF(AND(R27>0,AT27>0),(AT27/(R27*1000)*1000),0) -> 896.06185 | AY27: =IF(AND(S27>0,AU27>0),(AU27/(S27*1000)*1000),0) -> 841.79169 | AZ27: =+Listrik!S26 -> 23509.288 | BA27: =AZ27+BA26 -> 422797.67 | BB27: =IF(AND(L27>0,AZ27>0),(AZ27/(P27*1000)*1000),0) -> 497.61426 | BC27: =IF(AND(M27>0,BA27>0),(BA27/(Q27*1000)*1000),0) -> 489.10952 | BD27: =IF(AND(R27>0,AZ27>0),(AZ27/(R27*1000)*1000),0) -> 495.2556 | BE27: =IF(AND(S27>0,BA27>0),(BA27/(S27*1000)*1000),0) -> 499.44145 | BG27: =BF27+BG26 -> 0 | BH27: =IF(AND(L27>0,BF27>0),(BF27/(P27*1000)*1000),0) -> 0 | BI27: =IF(AND(U27>0,BG27>0),(BG27/(Q27*1000)*1000),0) -> 0 | BJ27: =IF(AND(L27>0,BF27>0),(BF27/(R27*1000)*1000),0) -> 0 | BK27: =IF(AND(AA27>0,BG27>0),(BG27/(S27*1000)*1000),0) -> 0 | BL27: =+Efficiency1!K105 -> 49.72968 | BM27: =BM26+BL27 -> 972.61821 | BN27: =+R27/BL27 -> 0.95454063 | BO27: =+S27/BM27 -> 0.87037338
A28: =A27+1 -> 46101 | B28: Toilet | C28: 14 | D28: =+'20'!F42 -> 1196.7361 | E28: =+'20'!G42 -> 933.45417 | F28: =1-(E28/D28) -> 0.22 | G28: =+P28/N28 -> 0.91548757 | H28: =+P28/L28 -> 0.91548757 | I28: =+R28/P28 -> 0.97849554 | J28: =+R28/L28 -> 0.89580051 | K28: =+S28/M28 -> 0.84957475 | L28: =+Efficiency1!K110 -> 50.997962 | M28: =M27+L28 -> 1050.2019 | N28: =+Efficiency1!C110 -> 50.997962 | O28: =O27+N28 -> 975.22305 | P28: ='20'!I38 -> 46.688 | Q28: =Q27+P28 -> 911.1113 | R28: ='20'!I40 -> 45.684 | S28: =S27+R28 -> 892.225 | T28: =R28/P28 -> 0.97849554 | U28: =S28/Q28 -> 0.97927114 | V28: =R28/L28 -> 0.89580051 | W28: =S28/M28 -> 0.84957475 | AB28: =+[1]Report1!AY28 -> 5579.8312 | AC28: =AB28+AC27 -> 87251.259 | AD28: =AB28/P28 -> 119.51318 | AE28: =AC28/Q28 -> 95.763557 | AF28: =IF(AND(R28>0,AB28>0),(AB28/(R28*1000))*1000,0) -> 122.13973 | AG28: =IF(AND(S28>0,AC28>0),AC28/S28,0) -> 97.790645 | AH28: 66.7 | AI28: =AH28+AI27 -> 1276 | AJ28: =AH28/(P28) -> 1.4286326 | AK28: =AI28/(Q28) -> 1.4004875 | AL28: =IF(AND(R28>0,AH28>0),AH28/(R28),0) -> 1.4600298 | AM28: =IF(AND(S28>0,AI28>0),AI28/(S28),0) -> 1.4301325 | AN28: 0 | AO28: =AN28+AO27 -> 0 | AP28: =AN28/(P28) -> 0 | AQ28: =AO28/(Q28) -> 0 | AR28: =IF(AND(R28>0,AN28>0),AN28/(R28),0) -> 0 | AS28: =IF(AND(S28>0,AO28>0),AO28/(S28),0) -> 0 | AT28: ='20'!I46 -> 41844.98 | AU28: =AT28+AU27 -> 754456.16 | AV28: =IF(AND(L28>0,AT28>0),(AT28/(P28*1000)*1000),0) -> 896.26842 | AW28: =IF(AND(M28>0,AU28>0),(AU28/(Q28*1000)*1000),0) -> 828.06147 | AX28: =IF(AND(R28>0,AT28>0),(AT28/(R28*1000)*1000),0) -> 915.96576 | AY28: =IF(AND(S28>0,AU28>0),(AU28/(S28*1000)*1000),0) -> 845.58958 | AZ28: =+Listrik!S27 -> 23386.455 | BA28: =AZ28+BA27 -> 446184.12 | BB28: =IF(AND(L28>0,AZ28>0),(AZ28/(P28*1000)*1000),0) -> 500.90933 | BC28: =IF(AND(M28>0,BA28>0),(BA28/(Q28*1000)*1000),0) -> 489.71418 | BD28: =IF(AND(R28>0,AZ28>0),(AZ28/(R28*1000)*1000),0) -> 511.91785 | BE28: =IF(AND(S28>0,BA28>0),(BA28/(S28*1000)*1000),0) -> 500.08027 | BG28: =BF28+BG27 -> 0 | BH28: =IF(AND(L28>0,BF28>0),(BF28/(P28*1000)*1000),0) -> 0 | BI28: =IF(AND(U28>0,BG28>0),(BG28/(Q28*1000)*1000),0) -> 0 | BJ28: =IF(AND(L28>0,BF28>0),(BF28/(R28*1000)*1000),0) -> 0 | BK28: =IF(AND(AA28>0,BG28>0),(BG28/(S28*1000)*1000),0) -> 0 | BL28: =+Efficiency2!K110 -> 50.997962 | BM28: =BM27+BL28 -> 1023.6162 | BN28: =+R28/BL28 -> 0.89580051 | BO28: =+S28/BM28 -> 0.8716402
A29: =A28+1 -> 46102 | B29: Toilet | C29: 14 | D29: =+'21'!F42 -> 1183.3333 | E29: =+'21'!G42 -> 923 | F29: =1-(E29/D29) -> 0.22 | G29: =+P29/N29 -> 0.98430068 | H29: =+P29/L29 -> 0.98430068 | I29: =+R29/P29 -> 0.94838053 | J29: =+R29/L29 -> 0.9334916 | K29: =+S29/M29 -> 0.85345223 | L29: =+Efficiency1!K115 -> 50.87673 | M29: =M28+L29 -> 1101.0786 | N29: =+Efficiency1!C115 -> 50.87673 | O29: =O28+N29 -> 1026.0998 | P29: ='21'!I38 -> 50.078 | Q29: =Q28+P29 -> 961.1893 | R29: ='21'!I40 -> 47.493 | S29: =S28+R29 -> 939.718 | T29: =R29/P29 -> 0.94838053 | U29: =S29/Q29 -> 0.97766174 | V29: =R29/L29 -> 0.9334916 | W29: =S29/M29 -> 0.85345223 | AB29: =+[1]Report1!AY29 -> 5701.758 | AC29: =AB29+AC28 -> 92953.017 | AD29: =AB29/P29 -> 113.85754 | AE29: =AC29/Q29 -> 96.706254 | AF29: =IF(AND(R29>0,AB29>0),(AB29/(R29*1000))*1000,0) -> 120.0547 | AG29: =IF(AND(S29>0,AC29>0),AC29/S29,0) -> 98.915863 | AH29: 67.7 | AI29: =AH29+AI28 -> 1343.7 | AJ29: =AH29/(P29) -> 1.351891 | AK29: =AI29/(Q29) -> 1.3979556 | AL29: =IF(AND(R29>0,AH29>0),AH29/(R29),0) -> 1.4254732 | AM29: =IF(AND(S29>0,AI29>0),AI29/(S29),0) -> 1.4298971 | AN29: 0 | AO29: =AN29+AO28 -> 0 | AP29: =AN29/(P29) -> 0 | AQ29: =AO29/(Q29) -> 0 | AR29: =IF(AND(R29>0,AN29>0),AN29/(R29),0) -> 0 | AS29: =IF(AND(S29>0,AO29>0),AO29/(S29),0) -> 0 | AT29: ='21'!I46 -> 42946.54 | AU29: =AT29+AU28 -> 797402.7 | AV29: =IF(AND(L29>0,AT29>0),(AT29/(P29*1000)*1000),0) -> 857.59295 | AW29: =IF(AND(M29>0,AU29>0),(AU29/(Q29*1000)*1000),0) -> 829.60006 | AX29: =IF(AND(R29>0,AT29>0),(AT29/(R29*1000)*1000),0) -> 904.27095 | AY29: =IF(AND(S29>0,AU29>0),(AU29/(S29*1000)*1000),0) -> 848.55531 | AZ29: =+Listrik!S28 -> 25186.545 | BA29: =AZ29+BA28 -> 471370.67 | BB29: =IF(AND(L29>0,AZ29>0),(AZ29/(P29*1000)*1000),0) -> 502.9463 | BC29: =IF(AND(M29>0,BA29>0),(BA29/(Q29*1000)*1000),0) -> 490.40357 | BD29: =IF(AND(R29>0,AZ29>0),(AZ29/(R29*1000)*1000),0) -> 530.32121 | BE29: =IF(AND(S29>0,BA29>0),(BA29/(S29*1000)*1000),0) -> 501.60864 | BG29: =BF29+BG28 -> 0 | BH29: =IF(AND(L29>0,BF29>0),(BF29/(P29*1000)*1000),0) -> 0 | BI29: =IF(AND(U29>0,BG29>0),(BG29/(Q29*1000)*1000),0) -> 0 | BJ29: =IF(AND(L29>0,BF29>0),(BF29/(R29*1000)*1000),0) -> 0 | BK29: =IF(AND(AA29>0,BG29>0),(BG29/(S29*1000)*1000),0) -> 0 | BL29: =+Efficiency2!K115 -> 50.87673 | BM29: =BM28+BL29 -> 1074.4929 | BN29: =+R29/BL29 -> 0.9334916 | BO29: =+S29/BM29 -> 0.87456883
A30: =A29+1 -> 46103 | B30: Toilet | C30: 14/14,5 | D30: =+'22'!F42 -> 1200 | E30: =+'22'!G42 -> 936 | F30: =1-(E30/D30) -> 0.22 | G30: =+P30/N30 -> 0.96786524 | H30: =+P30/L30 -> 0.96786524 | I30: =+R30/P30 -> 0.97322101 | J30: =+R30/L30 -> 0.94194679 | K30: =+S30/M30 -> 0.85735315 | L30: =+SUM(Efficiency1!K120:K121) -> 50.77463 | M30: =M29+L30 -> 1151.8532 | N30: =+SUM(Efficiency1!C120:C121) -> 50.77463 | O30: =O29+N30 -> 1076.8744 | P30: ='22'!I38 -> 49.143 | Q30: =Q29+P30 -> 1010.3323 | R30: ='22'!I40 -> 47.827 | S30: =S29+R30 -> 987.545 | T30: =R30/P30 -> 0.97322101 | U30: =S30/Q30 -> 0.97744574 | V30: =R30/L30 -> 0.94194679 | W30: =S30/M30 -> 0.85735315 | AB30: =+[1]Report1!AY30 -> 5694.4039 | AC30: =AB30+AC29 -> 98647.42 | AD30: =AB30/P30 -> 115.87416 | AE30: =AC30/Q30 -> 97.638589 | AF30: =IF(AND(R30>0,AB30>0),(AB30/(R30*1000))*1000,0) -> 119.06254 | AG30: =IF(AND(S30>0,AC30>0),AC30/S30,0) -> 99.89157 | AH30: 69 | AI30: =AH30+AI29 -> 1412.7 | AJ30: =AH30/(P30) -> 1.4040657 | AK30: =AI30/(Q30) -> 1.3982528 | AL30: =IF(AND(R30>0,AH30>0),AH30/(R30),0) -> 1.4426997 | AM30: =IF(AND(S30>0,AI30>0),AI30/(S30),0) -> 1.4305171 | AN30: 0 | AO30: =AN30+AO29 -> 0 | AP30: =AN30/(P30) -> 0 | AQ30: =AO30/(Q30) -> 0 | AR30: =IF(AND(R30>0,AN30>0),AN30/(R30),0) -> 0 | AS30: =IF(AND(S30>0,AO30>0),AO30/(S30),0) -> 0 | AT30: ='22'!I46 -> 42520.3 | AU30: =AT30+AU29 -> 839923 | AV30: =IF(AND(L30>0,AT30>0),(AT30/(P30*1000)*1000),0) -> 865.23615 | AW30: =IF(AND(M30>0,AU30>0),(AU30/(Q30*1000)*1000),0) -> 831.33341 | AX30: =IF(AND(R30>0,AT30>0),(AT30/(R30*1000)*1000),0) -> 889.04385 | AY30: =IF(AND(S30>0,AU30>0),(AU30/(S30*1000)*1000),0) -> 850.51618 | AZ30: =+Listrik!S29 -> 24632.653 | BA30: =AZ30+BA29 -> 496003.32 | BB30: =IF(AND(L30>0,AZ30>0),(AZ30/(P30*1000)*1000),0) -> 501.24439 | BC30: =IF(AND(M30>0,BA30>0),(BA30/(Q30*1000)*1000),0) -> 490.93087 | BD30: =IF(AND(R30>0,AZ30>0),(AZ30/(R30*1000)*1000),0) -> 515.03655 | BE30: =IF(AND(S30>0,BA30>0),(BA30/(S30*1000)*1000),0) -> 502.25895 | BG30: =BF30+BG29 -> 0 | BH30: =IF(AND(L30>0,BF30>0),(BF30/(P30*1000)*1000),0) -> 0 | BI30: =IF(AND(U30>0,BG30>0),(BG30/(Q30*1000)*1000),0) -> 0 | BJ30: =IF(AND(L30>0,BF30>0),(BF30/(R30*1000)*1000),0) -> 0 | BK30: =IF(AND(AA30>0,BG30>0),(BG30/(S30*1000)*1000),0) -> 0 | BL30: =+SUM(Efficiency2!K120:K121) -> 50.77463 | BM30: =BM29+BL30 -> 1125.2675 | BN30: =+R30/BL30 -> 0.94194679 | BO30: =+S30/BM30 -> 0.87760908
A31: =A30+1 -> 46104 | B31: Toilet | C31: 14,5/13 | D31: =+'23'!F42 -> 1235.8333 | E31: =+'23'!G42 -> 963.95 | F31: =1-(E31/D31) -> 0.22 | G31: =+P31/N31 -> 0.92635646 | H31: =+P31/L31 -> 0.92635646 | I31: =+R31/P31 -> 0.96744029 | J31: =+R31/L31 -> 0.89619457 | K31: =+S31/M31 -> 0.85900793 | L31: =+SUM(Efficiency1!K125:K126) -> 51.256727 | M31: =M30+L31 -> 1203.11 | N31: =+SUM(Efficiency1!C125:C126) -> 51.256727 | O31: =O30+N31 -> 1128.1311 | P31: ='23'!I38 -> 47.482 | Q31: =Q30+P31 -> 1057.8143 | R31: ='23'!I40 -> 45.936 | S31: =S30+R31 -> 1033.481 | T31: =R31/P31 -> 0.96744029 | U31: =S31/Q31 -> 0.97699662 | V31: =R31/L31 -> 0.89619457 | W31: =S31/M31 -> 0.85900793 | AB31: =+[1]Report1!AY31 -> 5370.5047 | AC31: =AB31+AC30 -> 104017.93 | AD31: =AB31/P31 -> 113.10612 | AE31: =AC31/Q31 -> 98.332879 | AF31: =IF(AND(R31>0,AB31>0),(AB31/(R31*1000))*1000,0) -> 116.91276 | AG31: =IF(AND(S31>0,AC31>0),AC31/S31,0) -> 100.64813 | AH31: 68.6 | AI31: =AH31+AI30 -> 1481.3 | AJ31: =AH31/(P31) -> 1.444758 | AK31: =AI31/(Q31) -> 1.4003403 | AL31: =IF(AND(R31>0,AH31>0),AH31/(R31),0) -> 1.4933821 | AM31: =IF(AND(S31>0,AI31>0),AI31/(S31),0) -> 1.4333113 | AN31: 0 | AO31: =AN31+AO30 -> 0 | AP31: =AN31/(P31) -> 0 | AQ31: =AO31/(Q31) -> 0 | AR31: =IF(AND(R31>0,AN31>0),AN31/(R31),0) -> 0 | AS31: =IF(AND(S31>0,AO31>0),AO31/(S31),0) -> 0 | AT31: ='23'!I46 -> 43564.02 | AU31: =AT31+AU30 -> 883487.02 | AV31: =IF(AND(L31>0,AT31>0),(AT31/(P31*1000)*1000),0) -> 917.48494 | AW31: =IF(AND(M31>0,AU31>0),(AU31/(Q31*1000)*1000),0) -> 835.20049 | AX31: =IF(AND(R31>0,AT31>0),(AT31/(R31*1000)*1000),0) -> 948.36338 | AY31: =IF(AND(S31>0,AU31>0),(AU31/(S31*1000)*1000),0) -> 854.86528 | AZ31: =+Listrik!S30 -> 27352.742 | BA31: =AZ31+BA30 -> 523356.06 | BB31: =IF(AND(L31>0,AZ31>0),(AZ31/(P31*1000)*1000),0) -> 576.0655 | BC31: =IF(AND(M31>0,BA31>0),(BA31/(Q31*1000)*1000),0) -> 494.7523 | BD31: =IF(AND(R31>0,AZ31>0),(AZ31/(R31*1000)*1000),0) -> 595.45328 | BE31: =IF(AND(S31>0,BA31>0),(BA31/(S31*1000)*1000),0) -> 506.40124 | BG31: =BF31+BG30 -> 0 | BH31: =IF(AND(L31>0,BF31>0),(BF31/(P31*1000)*1000),0) -> 0 | BI31: =IF(AND(U31>0,BG31>0),(BG31/(Q31*1000)*1000),0) -> 0 | BJ31: =IF(AND(L31>0,BF31>0),(BF31/(R31*1000)*1000),0) -> 0 | BK31: =IF(AND(AA31>0,BG31>0),(BG31/(S31*1000)*1000),0) -> 0 | BL31: =+SUM(Efficiency2!K125:K126) -> 51.256727 | BM31: =BM30+BL31 -> 1176.5243 | BN31: =+R31/BL31 -> 0.89619457 | BO31: =+S31/BM31 -> 0.87841878
A32: =A31+1 -> 46105 | B32: Toilet | C32: 13/15 | D32: =+'24'!F42 -> 1198.75 | E32: =+'24'!G42 -> 935.025 | F32: =1-(E32/D32) -> 0.22 | G32: =+P32/N32 -> 0.98277389 | H32: =+P32/L32 -> 0.98277389 | I32: =+R32/P32 -> 0.97255238 | J32: =+R32/L32 -> 0.95579909 | K32: =+S32/M32 -> 0.86312291 | L32: =+SUM(Efficiency1!K130:K131) -> 53.420223 | M32: =M31+L32 -> 1256.5302 | N32: =+SUM(Efficiency1!C130:C131) -> 53.420223 | O32: =O31+N32 -> 1181.5514 | P32: ='24'!I38 -> 52.5 | Q32: =Q31+P32 -> 1110.3143 | R32: ='24'!I40 -> 51.059 | S32: =S31+R32 -> 1084.54 | T32: =R32/P32 -> 0.97255238 | U32: =S32/Q32 -> 0.97678648 | V32: =R32/L32 -> 0.95579909 | W32: =S32/M32 -> 0.86312291 | AB32: =+[1]Report1!AY32 -> 5041.784 | AC32: =AB32+AC31 -> 109059.71 | AD32: =AB32/P32 -> 96.033981 | AE32: =AC32/Q32 -> 98.224178 | AF32: =IF(AND(R32>0,AB32>0),(AB32/(R32*1000))*1000,0) -> 98.744276 | AG32: =IF(AND(S32>0,AC32>0),AC32/S32,0) -> 100.55849 | AH32: 70.2 | AI32: =AH32+AI31 -> 1551.5 | AJ32: =AH32/(P32) -> 1.3371429 | AK32: =AI32/(Q32) -> 1.3973521 | AL32: =IF(AND(R32>0,AH32>0),AH32/(R32),0) -> 1.37488 | AM32: =IF(AND(S32>0,AI32>0),AI32/(S32),0) -> 1.4305604 | AN32: 0 | AO32: =AN32+AO31 -> 0 | AP32: =AN32/(P32) -> 0 | AQ32: =AO32/(Q32) -> 0 | AR32: =IF(AND(R32>0,AN32>0),AN32/(R32),0) -> 0 | AS32: =IF(AND(S32>0,AO32>0),AO32/(S32),0) -> 0 | AT32: =+'24'!I46 -> 45067.66 | AU32: =AT32+AU31 -> 928554.68 | AV32: =IF(AND(L32>0,AT32>0),(AT32/(P32*1000)*1000),0) -> 858.43162 | AW32: =IF(AND(M32>0,AU32>0),(AU32/(Q32*1000)*1000),0) -> 836.29895 | AX32: =IF(AND(R32>0,AT32>0),(AT32/(R32*1000)*1000),0) -> 882.65849 | AY32: =IF(AND(S32>0,AU32>0),(AU32/(S32*1000)*1000),0) -> 856.17375 | AZ32: =+Listrik!S31 -> 23016.402 | BA32: =AZ32+BA31 -> 546372.46 | BB32: =IF(AND(L32>0,AZ32>0),(AZ32/(P32*1000)*1000),0) -> 438.40766 | BC32: =IF(AND(M32>0,BA32>0),(BA32/(Q32*1000)*1000),0) -> 492.08811 | BD32: =IF(AND(R32>0,AZ32>0),(AZ32/(R32*1000)*1000),0) -> 450.78051 | BE32: =IF(AND(S32>0,BA32>0),(BA32/(S32*1000)*1000),0) -> 503.78268 | BG32: =BF32+BG31 -> 0 | BH32: =IF(AND(L32>0,BF32>0),(BF32/(P32*1000)*1000),0) -> 0 | BI32: =IF(AND(U32>0,BG32>0),(BG32/(Q32*1000)*1000),0) -> 0 | BJ32: =IF(AND(L32>0,BF32>0),(BF32/(R32*1000)*1000),0) -> 0 | BK32: =IF(AND(AA32>0,BG32>0),(BG32/(S32*1000)*1000),0) -> 0 | BL32: =+SUM(Efficiency2!K130:K131) -> 53.420223 | BM32: =BM31+BL32 -> 1229.9445 | BN32: =+R32/BL32 -> 0.95579909 | BO32: =+S32/BM32 -> 0.88177964
A33: =A32+1 -> 46106 | B33: Toilet | C33: 15 | D33: =+'25'!F42 -> 1200 | E33: =+'25'!G42 -> 936 | F33: =1-(E33/D33) -> 0.22 | G33: =+P33/N33 -> 0.97118533 | H33: =+P33/L33 -> 0.97118533 | I33: =+R33/P33 -> 0.98810409 | J33: =+R33/L33 -> 0.95963219 | K33: =+S33/M33 -> 0.86719803 | L33: =+Efficiency1!K135 -> 55.396224 | M33: =M32+L33 -> 1311.9264 | N33: =+Efficiency1!C135 -> 55.396224 | O33: =O32+N33 -> 1236.9476 | P33: ='25'!I38 -> 53.8 | Q33: =Q32+P33 -> 1164.1143 | R33: ='25'!I40 -> 53.16 | S33: =S32+R33 -> 1137.7 | T33: =R33/P33 -> 0.98810409 | U33: =S33/Q33 -> 0.97730953 | V33: =R33/L33 -> 0.95963219 | W33: =S33/M33 -> 0.86719803 | AB33: =+[1]Report1!AY33 -> 5163.7209 | AC33: =AB33+AC32 -> 114223.43 | AD33: =AB33/P33 -> 95.979942 | AE33: =AC33/Q33 -> 98.12046 | AF33: =IF(AND(R33>0,AB33>0),(AB33/(R33*1000))*1000,0) -> 97.135457 | AG33: =IF(AND(S33>0,AC33>0),AC33/S33,0) -> 100.39855 | AH33: 71.2 | AI33: =AH33+AI32 -> 1622.7 | AJ33: =AH33/(P33) -> 1.3234201 | AK33: =AI33/(Q33) -> 1.3939353 | AL33: =IF(AND(R33>0,AH33>0),AH33/(R33),0) -> 1.3393529 | AM33: =IF(AND(S33>0,AI33>0),AI33/(S33),0) -> 1.4262987 | AN33: 0 | AO33: =AN33+AO32 -> 0 | AP33: =AN33/(P33) -> 0 | AQ33: =AO33/(Q33) -> 0 | AR33: =IF(AND(R33>0,AN33>0),AN33/(R33),0) -> 0 | AS33: =IF(AND(S33>0,AO33>0),AO33/(S33),0) -> 0 | AT33: =+'25'!I46 -> 42534.02 | AU33: =AT33+AU32 -> 971088.7 | AV33: =IF(AND(L33>0,AT33>0),(AT33/(P33*1000)*1000),0) -> 790.59517 | AW33: =IF(AND(M33>0,AU33>0),(AU33/(Q33*1000)*1000),0) -> 834.18673 | AX33: =IF(AND(R33>0,AT33>0),(AT33/(R33*1000)*1000),0) -> 800.11324 | AY33: =IF(AND(S33>0,AU33>0),(AU33/(S33*1000)*1000),0) -> 853.55428 | AZ33: =+Listrik!S32 -> 30706 | BA33: =AZ33+BA32 -> 577078.46 | BB33: =IF(AND(L33>0,AZ33>0),(AZ33/(P33*1000)*1000),0) -> 570.74349 | BC33: =IF(AND(M33>0,BA33>0),(BA33/(Q33*1000)*1000),0) -> 495.7232 | BD33: =IF(AND(R33>0,AZ33>0),(AZ33/(R33*1000)*1000),0) -> 577.61475 | BE33: =IF(AND(S33>0,BA33>0),(BA33/(S33*1000)*1000),0) -> 507.23254 | BG33: =BF33+BG32 -> 0 | BH33: =IF(AND(L33>0,BF33>0),(BF33/(P33*1000)*1000),0) -> 0 | BI33: =IF(AND(U33>0,BG33>0),(BG33/(Q33*1000)*1000),0) -> 0 | BJ33: =IF(AND(L33>0,BF33>0),(BF33/(R33*1000)*1000),0) -> 0 | BK33: =IF(AND(AA33>0,BG33>0),(BG33/(S33*1000)*1000),0) -> 0 | BL33: =+Efficiency2!K135 -> 55.396224 | BM33: =BM32+BL33 -> 1285.3407 | BN33: =+R33/BL33 -> 0.95963219 | BO33: =+S33/BM33 -> 0.88513497
A34: =A33+1 -> 46107 | B34: Toilet | C34: 15 | D34: =+'26'!F42 -> 1200 | E34: =+'26'!G42 -> 936 | F34: =1-(E34/D34) -> 0.22 | G34: =+P34/N34 -> 0.95644561 | H34: =+P34/L34 -> 0.95644561 | I34: =+R34/P34 -> 0.99685379 | J34: =+R34/L34 -> 0.95343643 | K34: =+S34/M34 -> 0.87065778 | L34: =+Efficiency1!K140 -> 54.832182 | M34: =M33+L34 -> 1366.7586 | N34: =+Efficiency1!C140 -> 54.832182 | O34: =O33+N34 -> 1291.7798 | P34: ='26'!I38 -> 52.444 | Q34: =Q33+P34 -> 1216.5583 | R34: ='26'!I40 -> 52.279 | S34: =S33+R34 -> 1189.979 | T34: =R34/P34 -> 0.99685379 | U34: =S34/Q34 -> 0.97815205 | V34: =R34/L34 -> 0.95343643 | W34: =S34/M34 -> 0.87065778 | AB34: =+[1]Report1!AY34 -> 5195.5551 | AC34: =AB34+AC33 -> 119418.99 | AD34: =AB34/P34 -> 99.068628 | AE34: =AC34/Q34 -> 98.161334 | AF34: =IF(AND(R34>0,AB34>0),(AB34/(R34*1000))*1000,0) -> 99.381303 | AG34: =IF(AND(S34>0,AC34>0),AC34/S34,0) -> 100.35386 | AH34: 71.3 | AI34: =AH34+AI33 -> 1694 | AJ34: =AH34/(P34) -> 1.3595454 | AK34: =AI34/(Q34) -> 1.3924528 | AL34: =IF(AND(R34>0,AH34>0),AH34/(R34),0) -> 1.3638363 | AM34: =IF(AND(S34>0,AI34>0),AI34/(S34),0) -> 1.4235545 | AN34: 0 | AO34: =AN34+AO33 -> 0 | AP34: =AN34/(P34) -> 0 | AQ34: =AO34/(Q34) -> 0 | AR34: =IF(AND(R34>0,AN34>0),AN34/(R34),0) -> 0 | AS34: =IF(AND(S34>0,AO34>0),AO34/(S34),0) -> 0 | AT34: ='26'!I46 -> 42238.6 | AU34: =AT34+AU33 -> 1013327.3 | AV34: =IF(AND(L34>0,AT34>0),(AT34/(P34*1000)*1000),0) -> 805.40386 | AW34: =IF(AND(M34>0,AU34>0),(AU34/(Q34*1000)*1000),0) -> 832.94594 | AX34: =IF(AND(R34>0,AT34>0),(AT34/(R34*1000)*1000),0) -> 807.94583 | AY34: =IF(AND(S34>0,AU34>0),(AU34/(S34*1000)*1000),0) -> 851.55057 | AZ34: =+Listrik!S33 -> 30496.4 | BA34: =AZ34+BA33 -> 607574.86 | BB34: =IF(AND(L34>0,AZ34>0),(AZ34/(P34*1000)*1000),0) -> 581.50408 | BC34: =IF(AND(M34>0,BA34>0),(BA34/(Q34*1000)*1000),0) -> 499.42108 | BD34: =IF(AND(R34>0,AZ34>0),(AZ34/(R34*1000)*1000),0) -> 583.33939 | BE34: =IF(AND(S34>0,BA34>0),(BA34/(S34*1000)*1000),0) -> 510.57612 | BG34: =BF34+BG33 -> 0 | BH34: =IF(AND(L34>0,BF34>0),(BF34/(P34*1000)*1000),0) -> 0 | BI34: =IF(AND(U34>0,BG34>0),(BG34/(Q34*1000)*1000),0) -> 0 | BJ34: =IF(AND(L34>0,BF34>0),(BF34/(R34*1000)*1000),0) -> 0 | BK34: =IF(AND(AA34>0,BG34>0),(BG34/(S34*1000)*1000),0) -> 0 | BL34: =+Efficiency2!K140 -> 54.832182 | BM34: =BM33+BL34 -> 1340.1729 | BN34: =+R34/BL34 -> 0.95343643 | BO34: =+S34/BM34 -> 0.88792947
A35: =A34+1 -> 46108 | B35: Toilet | C35: 15/13,5 | D35: =+'27'!F42 -> 1250 | E35: =+'27'!G42 -> 975 | F35: =1-(E35/D35) -> 0.22 | G35: =+P35/N35 -> 1.0465826 | H35: =+P35/L35 -> 1.0465826 | I35: =+R35/P35 -> 0.96604081 | J35: =+R35/L35 -> 1.0110415 | K35: =+S35/M35 -> 0.87553668 | L35: =+SUM(Efficiency1!K145:K146) -> 49.210639 | M35: =M34+L35 -> 1415.9692 | N35: =+SUM(Efficiency1!C145:C146) -> 49.210639 | O35: =O34+N35 -> 1340.9904 | P35: ='27'!I38 -> 51.503 | Q35: =Q34+P35 -> 1268.0613 | R35: ='27'!I40 -> 49.754 | S35: =S34+R35 -> 1239.733 | T35: =R35/P35 -> 0.96604081 | U35: =S35/Q35 -> 0.97766015 | V35: =R35/L35 -> 1.0110415 | W35: =S35/M35 -> 0.87553668 | AB35: =+[1]Report1!AY35 -> 4858.0379 | AC35: =AB35+AC34 -> 124277.02 | AD35: =AB35/P35 -> 94.325338 | AE35: =AC35/Q35 -> 98.005533 | AF35: =IF(AND(R35>0,AB35>0),(AB35/(R35*1000))*1000,0) -> 97.641152 | AG35: =IF(AND(S35>0,AC35>0),AC35/S35,0) -> 100.24499 | AH35: 72.2 | AI35: =AH35+AI34 -> 1766.2 | AJ35: =AH35/(P35) -> 1.4018601 | AK35: =AI35/(Q35) -> 1.3928349 | AL35: =IF(AND(R35>0,AH35>0),AH35/(R35),0) -> 1.4511396 | AM35: =IF(AND(S35>0,AI35>0),AI35/(S35),0) -> 1.4246616 | AN35: 0 | AO35: =AN35+AO34 -> 0 | AP35: =AN35/(P35) -> 0 | AQ35: =AO35/(Q35) -> 0 | AR35: =IF(AND(R35>0,AN35>0),AN35/(R35),0) -> 0 | AS35: =IF(AND(S35>0,AO35>0),AO35/(S35),0) -> 0 | AT35: ='27'!I46 -> 44618.96 | AU35: =AT35+AU34 -> 1057946.3 | AV35: =IF(AND(L35>0,AT35>0),(AT35/(P35*1000)*1000),0) -> 866.33711 | AW35: =IF(AND(M35>0,AU35>0),(AU35/(Q35*1000)*1000),0) -> 834.30214 | AX35: =IF(AND(R35>0,AT35>0),(AT35/(R35*1000)*1000),0) -> 896.79141 | AY35: =IF(AND(S35>0,AU35>0),(AU35/(S35*1000)*1000),0) -> 853.36622 | AZ35: =+Listrik!S34 -> 24834 | BA35: =AZ35+BA34 -> 632408.86 | BB35: =IF(AND(L35>0,AZ35>0),(AZ35/(P35*1000)*1000),0) -> 482.1855 | BC35: =IF(AND(M35>0,BA35>0),(BA35/(Q35*1000)*1000),0) -> 498.72105 | BD35: =IF(AND(R35>0,AZ35>0),(AZ35/(R35*1000)*1000),0) -> 499.13575 | BE35: =IF(AND(S35>0,BA35>0),(BA35/(S35*1000)*1000),0) -> 510.11699 | BG35: =BF35+BG34 -> 0 | BH35: =IF(AND(L35>0,BF35>0),(BF35/(P35*1000)*1000),0) -> 0 | BI35: =IF(AND(U35>0,BG35>0),(BG35/(Q35*1000)*1000),0) -> 0 | BJ35: =IF(AND(L35>0,BF35>0),(BF35/(R35*1000)*1000),0) -> 0 | BK35: =IF(AND(AA35>0,BG35>0),(BG35/(S35*1000)*1000),0) -> 0 | BL35: =+SUM(Efficiency2!K145:K146) -> 49.210639 | BM35: =BM34+BL35 -> 1389.3835 | BN35: =+R35/BL35 -> 1.0110415 | BO35: =+S35/BM35 -> 0.89228998
A36: =A35+1 -> 46109 | B36: Toilet | C36: 13,5/15,5 | D36: =+'28'!F42 -> 1207.1382 | E36: =+'28'!G42 -> 941.56776 | F36: =1-(E36/D36) -> 0.22 | G36: =+P36/N36 -> 0.97145091 | H36: =+P36/L36 -> 0.97145091 | I36: =+R36/P36 -> 1.0119075 | J36: =+R36/L36 -> 0.9830185 | K36: =+S36/M36 -> 0.87940799 | L36: =+SUM(Efficiency1!K150:K151) -> 52.90643 | M36: =M35+L36 -> 1468.8757 | N36: =+SUM(Efficiency1!C150:C151) -> 52.90643 | O36: =O35+N36 -> 1393.8968 | P36: ='28'!I38 -> 51.396 | Q36: =Q35+P36 -> 1319.4573 | R36: ='28'!I40 -> 52.008 | S36: =S35+R36 -> 1291.741 | T36: =R36/P36 -> 1.0119075 | U36: =S36/Q36 -> 0.97899417 | V36: =R36/L36 -> 0.9830185 | W36: =S36/M36 -> 0.87940799 | AB36: =+[1]Report1!AY36 -> 4950.019 | AC36: =AB36+AC35 -> 129227.04 | AD36: =AB36/P36 -> 96.311368 | AE36: =AC36/Q36 -> 97.939541 | AF36: =IF(AND(R36>0,AB36>0),(AB36/(R36*1000))*1000,0) -> 95.178031 | AG36: =IF(AND(S36>0,AC36>0),AC36/S36,0) -> 100.04099 | AH36: 72.5 | AI36: =AH36+AI35 -> 1838.7 | AJ36: =AH36/(P36) -> 1.4106156 | AK36: =AI36/(Q36) -> 1.3935275 | AL36: =IF(AND(R36>0,AH36>0),AH36/(R36),0) -> 1.3940163 | AM36: =IF(AND(S36>0,AI36>0),AI36/(S36),0) -> 1.4234278 | AN36: 0 | AO36: =AN36+AO35 -> 0 | AP36: =AN36/(P36) -> 0 | AQ36: =AO36/(Q36) -> 0 | AR36: =IF(AND(R36>0,AN36>0),AN36/(R36),0) -> 0 | AS36: =IF(AND(S36>0,AO36>0),AO36/(S36),0) -> 0 | AT36: ='28'!I46 -> 41639.08 | AU36: =AT36+AU35 -> 1099585.3 | AV36: =IF(AND(L36>0,AT36>0),(AT36/(P36*1000)*1000),0) -> 810.16188 | AW36: =IF(AND(M36>0,AU36>0),(AU36/(Q36*1000)*1000),0) -> 833.36182 | AX36: =IF(AND(R36>0,AT36>0),(AT36/(R36*1000)*1000),0) -> 800.62836 | AY36: =IF(AND(S36>0,AU36>0),(AU36/(S36*1000)*1000),0) -> 851.24289 | AZ36: =+Listrik!S35 -> 24768.95 | BA36: =AZ36+BA35 -> 657177.81 | BB36: =IF(AND(L36>0,AZ36>0),(AZ36/(P36*1000)*1000),0) -> 481.92369 | BC36: =IF(AND(M36>0,BA36>0),(BA36/(Q36*1000)*1000),0) -> 498.06675 | BD36: =IF(AND(R36>0,AZ36>0),(AZ36/(R36*1000)*1000),0) -> 476.25269 | BE36: =IF(AND(S36>0,BA36>0),(BA36/(S36*1000)*1000),0) -> 508.75355 | BG36: =BF36+BG35 -> 0 | BH36: =IF(AND(L36>0,BF36>0),(BF36/(P36*1000)*1000),0) -> 0 | BI36: =IF(AND(U36>0,BG36>0),(BG36/(Q36*1000)*1000),0) -> 0 | BJ36: =IF(AND(L36>0,BF36>0),(BF36/(R36*1000)*1000),0) -> 0 | BK36: =IF(AND(AA36>0,BG36>0),(BG36/(S36*1000)*1000),0) -> 0 | BL36: =+SUM(Efficiency2!K150:K151) -> 52.90643 | BM36: =BM35+BL36 -> 1442.29 | BN36: =+R36/BL36 -> 0.9830185 | BO36: =+S36/BM36 -> 0.89561811
A37: =A36+1 -> 46110 | B37: Toilet | C37: 15.5 | D37: =+'29'!F42 -> 1150 | E37: =+'29'!G42 -> 897 | F37: =1-(E37/D37) -> 0.22 | G37: =+P37/N37 -> 0.97913322 | H37: =+P37/L37 -> 0.97913322 | I37: =+R37/P37 -> 0.95241791 | J37: =+R37/L37 -> 0.93254401 | K37: =+S37/M37 -> 0.8812907 | L37: =+Efficiency1!K155 -> 53.956703 | M37: =M36+L37 -> 1522.8324 | N37: =+Efficiency1!C155 -> 53.956703 | O37: =O36+N37 -> 1447.8535 | P37: ='29'!I38 -> 52.8308 | Q37: =Q36+P37 -> 1372.2881 | R37: ='29'!I40 -> 50.317 | S37: =S36+R37 -> 1342.058 | T37: =R37/P37 -> 0.95241791 | U37: =S37/Q37 -> 0.97797103 | V37: =R37/L37 -> 0.93254401 | W37: =S37/M37 -> 0.8812907 | AB37: =+[1]Report1!AY37 -> 5022.2523 | AC37: =AB37+AC36 -> 134249.29 | AD37: =AB37/P37 -> 95.062961 | AE37: =AC37/Q37 -> 97.828797 | AF37: =IF(AND(R37>0,AB37>0),(AB37/(R37*1000))*1000,0) -> 99.812237 | AG37: =IF(AND(S37>0,AC37>0),AC37/S37,0) -> 100.03241 | AH37: 71.2 | AI37: =AH37+AI36 -> 1909.9 | AJ37: =AH37/(P37) -> 1.3476987 | AK37: =AI37/(Q37) -> 1.3917631 | AL37: =IF(AND(R37>0,AH37>0),AH37/(R37),0) -> 1.4150287 | AM37: =IF(AND(S37>0,AI37>0),AI37/(S37),0) -> 1.4231129 | AN37: 0 | AO37: =AN37+AO36 -> 0 | AP37: =AN37/(P37) -> 0 | AQ37: =AO37/(Q37) -> 0 | AR37: =IF(AND(R37>0,AN37>0),AN37/(R37),0) -> 0 | AS37: =IF(AND(S37>0,AO37>0),AO37/(S37),0) -> 0 | AT37: ='29'!I46 -> 38992.52 | AU37: =AT37+AU36 -> 1138577.9 | AV37: =IF(AND(L37>0,AT37>0),(AT37/(P37*1000)*1000),0) -> 738.06416 | AW37: =IF(AND(M37>0,AU37>0),(AU37/(Q37*1000)*1000),0) -> 829.69302 | AX37: =IF(AND(R37>0,AT37>0),(AT37/(R37*1000)*1000),0) -> 774.9373 | AY37: =IF(AND(S37>0,AU37>0),(AU37/(S37*1000)*1000),0) -> 848.38201 | AZ37: =+Listrik!S36 -> 26625.162 | BA37: =AZ37+BA36 -> 683802.98 | BB37: =IF(AND(L37>0,AZ37>0),(AZ37/(P37*1000)*1000),0) -> 503.97045 | BC37: =IF(AND(M37>0,BA37>0),(BA37/(Q37*1000)*1000),0) -> 498.29404 | BD37: =IF(AND(R37>0,AZ37>0),(AZ37/(R37*1000)*1000),0) -> 529.14844 | BE37: =IF(AND(S37>0,BA37>0),(BA37/(S37*1000)*1000),0) -> 509.5182 | BG37: =BF37+BG36 -> 0 | BH37: =IF(AND(L37>0,BF37>0),(BF37/(P37*1000)*1000),0) -> 0 | BI37: =IF(AND(U37>0,BG37>0),(BG37/(Q37*1000)*1000),0) -> 0 | BJ37: =IF(AND(L37>0,BF37>0),(BF37/(R37*1000)*1000),0) -> 0 | BK37: =IF(AND(AA37>0,BG37>0),(BG37/(S37*1000)*1000),0) -> 0 | BL37: =+Efficiency2!K155 -> 53.956703 | BM37: =BM36+BL37 -> 1496.2467 | BN37: =+R37/BL37 -> 0.93254401 | BO37: =+S37/BM37 -> 0.89694971
A38: =A37+1 -> 46111 | B38: Toilet | C38: 15.5 | D38: =+'30'!F42 -> 1065.0903 | E38: =+'30'!G42 -> 832.12007 | F38: =1-(E38/D38) -> 0.21873283 | G38: =+P38/N38 -> 0.9436405 | H38: =+P38/L38 -> 0.87396724 | I38: =+R38/P38 -> 0.96447399 | J38: =+R38/L38 -> 0.84291867 | K38: =+S38/M38 -> 0.87997557 | L38: =+Efficiency1!K160 -> 54.04436 | M38: =M37+L38 -> 1576.8767 | N38: =+Efficiency1!C160 -> 50.054019 | O38: =O37+N38 -> 1497.9076 | P38: ='30'!I38 -> 47.233 | Q38: =Q37+P38 -> 1419.5211 | R38: ='30'!I40 -> 45.555 | S38: =S37+R38 -> 1387.613 | T38: =R38/P38 -> 0.96447399 | U38: =S38/Q38 -> 0.97752193 | V38: =R38/L38 -> 0.84291867 | W38: =S38/M38 -> 0.87997557 | AB38: =+[1]Report1!AY38 -> 4702.5985 | AC38: =AB38+AC37 -> 138951.89 | AD38: =AB38/P38 -> 99.561714 | AE38: =AC38/Q38 -> 97.886458 | AF38: =IF(AND(R38>0,AB38>0),(AB38/(R38*1000))*1000,0) -> 103.22903 | AG38: =IF(AND(S38>0,AC38>0),AC38/S38,0) -> 100.13735 | AH38: 69.3 | AI38: =AH38+AI37 -> 1979.2 | AJ38: =AH38/(P38) -> 1.4671945 | AK38: =AI38/(Q38) -> 1.394273 | AL38: =IF(AND(R38>0,AH38>0),AH38/(R38),0) -> 1.5212381 | AM38: =IF(AND(S38>0,AI38>0),AI38/(S38),0) -> 1.4263343 | AN38: 0 | AO38: =AN38+AO37 -> 0 | AP38: =AN38/(P38) -> 0 | AQ38: =AO38/(Q38) -> 0 | AR38: =IF(AND(R38>0,AN38>0),AN38/(R38),0) -> 0 | AS38: =IF(AND(S38>0,AO38>0),AO38/(S38),0) -> 0 | AT38: ='30'!I46 -> 41859.08 | AU38: =AT38+AU37 -> 1180436.9 | AV38: =IF(AND(L38>0,AT38>0),(AT38/(P38*1000)*1000),0) -> 886.22531 | AW38: =IF(AND(M38>0,AU38>0),(AU38/(Q38*1000)*1000),0) -> 831.57407 | AX38: =IF(AND(R38>0,AT38>0),(AT38/(R38*1000)*1000),0) -> 918.86906 | AY38: =IF(AND(S38>0,AU38>0),(AU38/(S38*1000)*1000),0) -> 850.69608 | AZ38: =+Listrik!S37 -> 21379.872 | BA38: =AZ38+BA37 -> 705182.85 | BB38: =IF(AND(L38>0,AZ38>0),(AZ38/(P38*1000)*1000),0) -> 452.64692 | BC38: =IF(AND(M38>0,BA38>0),(BA38/(Q38*1000)*1000),0) -> 496.77518 | BD38: =IF(AND(R38>0,AZ38>0),(AZ38/(R38*1000)*1000),0) -> 469.31999 | BE38: =IF(AND(S38>0,BA38>0),(BA38/(S38*1000)*1000),0) -> 508.1985 | BG38: =BF38+BG37 -> 0 | BH38: =IF(AND(L38>0,BF38>0),(BF38/(P38*1000)*1000),0) -> 0 | BI38: =IF(AND(U38>0,BG38>0),(BG38/(Q38*1000)*1000),0) -> 0 | BJ38: =IF(AND(L38>0,BF38>0),(BF38/(R38*1000)*1000),0) -> 0 | BK38: =IF(AND(AA38>0,BG38>0),(BG38/(S38*1000)*1000),0) -> 0 | BL38: =+Efficiency2!K160 -> 54.04436 | BM38: =BM37+BL38 -> 1550.291 | BN38: =+R38/BL38 -> 0.84291867 | BO38: =+S38/BM38 -> 0.89506614
A39: =A38+1 -> 46112 | B39: Toilet | C39: 15,5/16 | D39: =+'31'!F42 -> 1099.4203 | E39: =+'31'!G42 -> 890.54058 | F39: =1-(E39/D39) -> 0.18999077 | G39: =+P39/N39 -> 0.59980245 | H39: =+P39/L39 -> 0.59129681 | I39: =+R39/P39 -> 1.0079622 | J39: =+R39/L39 -> 0.59600482 | K39: =+S39/M39 -> 0.87015284 | L39: =+SUM(Efficiency1!K166:K167) -> 56.499543 | M39: =M38+L39 -> 1633.3763 | N39: =+SUM(Efficiency1!C166:C167) -> 55.698339 | O39: =O38+N39 -> 1553.6059 | P39: ='31'!I38 -> 33.408 | Q39: =Q38+P39 -> 1452.9291 | R39: ='31'!I40 -> 33.674 | S39: =S38+R39 -> 1421.287 | T39: =R39/P39 -> 1.0079622 | U39: =S39/Q39 -> 0.97822186 | V39: =R39/L39 -> 0.59600482 | W39: =S39/M39 -> 0.87015284 | AB39: =+[1]Report1!AY39 -> 3889.724 | AC39: =AB39+AC38 -> 142841.62 | AD39: =AB39/P39 -> 116.43092 | AE39: =AC39/Q39 -> 98.312861 | AF39: =IF(AND(R39>0,AB39>0),(AB39/(R39*1000))*1000,0) -> 115.5112 | AG39: =IF(AND(S39>0,AC39>0),AC39/S39,0) -> 100.5016 | AH39: 61.9 | AI39: =AH39+AI38 -> 2041.1 | AJ39: =AH39/(P39) -> 1.8528496 | AK39: =AI39/(Q39) -> 1.4048173 | AL39: =IF(AND(R39>0,AH39>0),AH39/(R39),0) -> 1.8382135 | AM39: =IF(AND(S39>0,AI39>0),AI39/(S39),0) -> 1.4360928 | AN39: 0 | AO39: =AN39+AO38 -> 0 | AP39: =AN39/(P39) -> 0 | AQ39: =AO39/(Q39) -> 0 | AR39: =IF(AND(R39>0,AN39>0),AN39/(R39),0) -> 0 | AS39: =IF(AND(S39>0,AO39>0),AO39/(S39),0) -> 0 | AT39: ='31'!I46 -> 33247.8 | AU39: =AT39+AU38 -> 1213684.7 | AV39: =IF(AND(L39>0,AT39>0),(AT39/(P39*1000)*1000),0) -> 995.20474 | AW39: =IF(AND(M39>0,AU39>0),(AU39/(Q39*1000)*1000),0) -> 835.33652 | AX39: =IF(AND(R39>0,AT39>0),(AT39/(R39*1000)*1000),0) -> 987.34335 | AY39: =IF(AND(S39>0,AU39>0),(AU39/(S39*1000)*1000),0) -> 853.93361 | AZ39: =+Listrik!S38 -> 22302.44 | BA39: =AZ39+BA38 -> 727485.29 | BB39: =IF(AND(L39>0,AZ39>0),(AZ39/(P39*1000)*1000),0) -> 667.57783 | BC39: =IF(AND(M39>0,BA39>0),(BA39/(Q39*1000)*1000),0) -> 500.70254 | BD39: =IF(AND(R39>0,AZ39>0),(AZ39/(R39*1000)*1000),0) -> 662.30445 | BE39: =IF(AND(S39>0,BA39>0),(BA39/(S39*1000)*1000),0) -> 511.84967 | BG39: =BF39+BG38 -> 0 | BH39: =IF(AND(L39>0,BF39>0),(BF39/(P39*1000)*1000),0) -> 0 | BI39: =IF(AND(U39>0,BG39>0),(BG39/(Q39*1000)*1000),0) -> 0 | BJ39: =IF(AND(L39>0,BF39>0),(BF39/(R39*1000)*1000),0) -> 0 | BK39: =IF(AND(AA39>0,BG39>0),(BG39/(S39*1000)*1000),0) -> 0 | BL39: =+SUM(Efficiency2!K166:K167) -> 56.499543 | BM39: =BM38+BL39 -> 1606.7906 | BN39: =+R39/BL39 -> 0.59600482 | BO39: =+S39/BM39 -> 0.88455025
J40: =+R40/L40 -> #DIV/0! | K40: =+S40/M40 -> #DIV/0!
G41: =+P41/N41 -> 0.93519798 | H41: =+P41/L41 -> 0.88952504 | I41: =+R41/P41 -> 0.97822186 | J41: =+R41/L41 -> 0.87015284 | L41: =SUM(L9:L39) -> 1633.3763 | N41: =SUM(N9:N39) -> 1553.6059 | P41: =SUM(P9:P39) -> 1452.9291 | R41: =SUM(R9:R39) -> 1421.287 | T41: =R41/P41 -> 0.97822186 | V41: =(R41/L41) -> 0.87015284 | Y41: =Y38+X41 -> 0 | Z41: =IF(AND(R41>0,X41>0),X41/R41*1000,0) -> 0 | AA41: =IF(AND(S41>0,Y41>0),Y41/S41*1000,0) -> 0 | AB41: =SUM(AB9:AB39) -> 142841.62 | AD41: =AB41/P41 -> 98.312861 | AF41: =AB41/R41 -> 100.5016 | AH41: =SUM(AH9:AH40) -> 2041.1 | AJ41: =AH41/P41 -> 1.4048173 | AL41: =AH41/R41 -> 1.4360928 | AN41: =SUM(AN9:AN40) -> 0 | AP41: =AN41/P41 -> 0 | AR41: =AN41/R41 -> 0 | AT41: =SUM(AT9:AT39) -> 1213684.7 | AV41: =AT41/P41 -> 835.33652 | AX41: =AT41/R41 -> 853.93361 | AZ41: =SUM(AZ9:AZ39) -> 727485.29 | BB41: =AZ41/V41 -> 836043.11 | BD41: =AZ41/R41 -> 511.84967 | BF41: =SUM(BF9:BF39) -> 0 | BH41: =BF41/X41 -> #DIV/0! | BJ41: =BF41/Z41 -> #DIV/0! | BL41: =SUM(BL9:BL39) -> 1606.7906 | BN41: =+R41/BL41 -> 0.88455025

Sheet GRAFIK

Sheet Listrik
A2: MACHINE POWER CONSUMPTION (PER PANEL)
A4: Date | B4: PM (TON) | C4: FINSHED GOODS (TON) | P4: Total PM15 | S4: Deinking
D5: Trafo 3000 (barat) | H5: Trafo 3000 (Timur) | L5: Rewinder tengah
D6: KWH | E6: Consumption | F6: /TON PM | G6: /TON FG | H6: KWH | I6: Consumption | J6: /TON PM | K6: /TON FG | L6: KWH | M6: Consumption | N6: /TON PM | O6: /TON FG | P6: Consumption | Q6: /TON PM | R6: /TON FG | S6: Consumption | T6: /TON PM | U6: /TON FG
A7: 46081 | B7: 0 | C7: 0
A8: 46082 | B8: =+Report1!P9 -> 39.513 | C8: =+Report1!R9 -> 35.52 | D8: =+D7+E8 -> 25595.45 | E8: =+[3]Dailymar!AL7 -> 25595.45 | F8: =E8/B8 -> 647.77288 | G8: =E8/C8 -> 720.59262 | H8: =+H7+I8 -> 10435.45 | I8: =+[3]Dailymar!AM7 -> 10435.45 | J8: =I8/B8 -> 264.10169 | K8: =I8/C8 -> 293.79082 | L8: =+L7+M8 -> 650 | M8: =+[3]Dailymar!AN7 -> 650 | N8: =M8/B8 -> 16.450282 | O8: =M8/C8 -> 18.29955 | P8: =+E8+I8+M8 -> 36680.9 | Q8: =P8/B8 -> 928.32486 | R8: =P8/C8 -> 1032.683 | S8: =+[3]Dailymar!BM7 -> 15252.6 | T8: =S8/B8 -> 386.01473 | U8: =S8/C8 -> 429.40878 | Y8: Off Reel | Z8: Off Rewinder
A9: 46083 | B9: =+Report1!P10 -> 24.8813 | C9: =+Report1!R10 -> 28.408 | D9: =+D8+E9 -> 44261.3 | E9: =+[3]Dailymar!AL8 -> 18665.85 | F9: =E9/B9 -> 750.19593 | G9: =E9/C9 -> 657.06315 | H9: =+H8+I9 -> 19941.3 | I9: =+[3]Dailymar!AM8 -> 9505.85 | J9: =I9/B9 -> 382.04796 | K9: =I9/C9 -> 334.61877 | L9: =+L8+M9 -> 1050 | M9: =+[3]Dailymar!AN8 -> 400 | N9: =M9/B9 -> 16.07633 | O9: =M9/C9 -> 14.080541 | P9: =+E9+I9+M9 -> 28571.7 | Q9: =P9/B9 -> 1148.3202 | R9: =P9/C9 -> 1005.7625 | S9: =+[3]Dailymar!BM8 -> 16604 | T9: =S9/B9 -> 667.32848 | U9: =S9/C9 -> 584.48324 | Y9: Off Reel | Z9: Off Rewinder
A10: 46084 | B10: =+Report1!P11 -> 43.93 | C10: =+Report1!R11 -> 40.794 | D10: =+D9+E10 -> 72669.79 | E10: =+[3]Dailymar!AL9 -> 28408.49 | F10: =E10/B10 -> 646.6763 | G10: =E10/C10 -> 696.38893 | H10: =+H9+I10 -> 30189.79 | I10: =+[3]Dailymar!AM9 -> 10248.49 | J10: =I10/B10 -> 233.29137 | K10: =I10/C10 -> 251.22543 | L10: =+L9+M10 -> 1530 | M10: =+[3]Dailymar!AN9 -> 480 | N10: =M10/B10 -> 10.926474 | O10: =M10/C10 -> 11.766436 | P10: =+E10+I10+M10 -> 39136.98 | Q10: =P10/B10 -> 890.89415 | R10: =P10/C10 -> 959.38079 | S10: =+[3]Dailymar!BM9 -> 18999 | T10: =S10/B10 -> 432.4835 | U10: =S10/C10 -> 465.73025 | Y10: Off Reel | Z10: Off Rewinder
A11: 46085 | B11: =+Report1!P12 -> 38.302 | C11: =+Report1!R12 -> 38.092 | D11: =+D10+E11 -> 96751.47 | E11: =+[3]Dailymar!AL10 -> 24081.68 | F11: =E11/B11 -> 628.73166 | G11: =E11/C11 -> 632.19784 | H11: =+H10+I11 -> 40111.47 | I11: =+[3]Dailymar!AM10 -> 9921.68 | J11: =I11/B11 -> 259.03817 | K11: =I11/C11 -> 260.46624 | L11: =+L10+M11 -> 2190 | M11: =+[3]Dailymar!AN10 -> 660 | N11: =M11/B11 -> 17.231476 | O11: =M11/C11 -> 17.326473 | P11: =+E11+I11+M11 -> 34663.36 | Q11: =P11/B11 -> 905.00131 | R11: =P11/C11 -> 909.99055 | S11: =+[3]Dailymar!BM10 -> 20677.899 | T11: =S11/B11 -> 539.86473 | U11: =S11/C11 -> 542.84099 | Y11: Off Reel | Z11: Off Rewinder
A12: 46086 | B12: =+Report1!P13 -> 42.48 | C12: =+Report1!R13 -> 43.31 | D12: =+D11+E12 -> 123480.18 | E12: =+[3]Dailymar!AL11 -> 26728.71 | F12: =E12/B12 -> 629.20692 | G12: =E12/C12 -> 617.1487 | H12: =+H11+I12 -> 51680.18 | I12: =+[3]Dailymar!AM11 -> 11568.71 | J12: =I12/B12 -> 272.3331 | K12: =I12/C12 -> 267.11406 | L12: =+L11+M12 -> 2950 | M12: =+[3]Dailymar!AN11 -> 760 | N12: =M12/B12 -> 17.890772 | O12: =M12/C12 -> 17.54791 | P12: =+E12+I12+M12 -> 39057.42 | Q12: =P12/B12 -> 919.43079 | R12: =P12/C12 -> 901.81067 | S12: =+[3]Dailymar!BM11 -> 20494.485 | T12: =S12/B12 -> 482.45021 | U12: =S12/C12 -> 473.20446 | Y12: Off Reel | Z12: Off Rewinder
A13: 46087 | B13: =+Report1!P14 -> 26.557 | C13: =+Report1!R14 -> 26.603 | D13: =+D12+E13 -> 141284.69 | E13: =+[3]Dailymar!AL12 -> 17804.51 | F13: =E13/B13 -> 670.42625 | G13: =E13/C13 -> 669.267 | H13: =+H12+I13 -> 60324.69 | I13: =+[3]Dailymar!AM12 -> 8644.51 | J13: =I13/B13 -> 325.50778 | K13: =I13/C13 -> 324.94493 | L13: =+L12+M13 -> 3410 | M13: =+[3]Dailymar!AN12 -> 460 | N13: =M13/B13 -> 17.321234 | O13: =M13/C13 -> 17.291283 | P13: =+E13+I13+M13 -> 26909.02 | Q13: =P13/B13 -> 1013.2553 | R13: =P13/C13 -> 1011.5032 | S13: =+[3]Dailymar!BM12 -> 17410.492 | T13: =S13/B13 -> 655.58956 | U13: =S13/C13 -> 654.45596 | Y13: Off Reel | Z13: Off Rewinder
A14: 46088 | B14: =+Report1!P15 -> 37.051 | C14: =+Report1!R15 -> 31.99 | D14: =+D13+E14 -> 161024.2 | E14: =+[3]Dailymar!AL13 -> 19739.51 | F14: =E14/B14 -> 532.76592 | G14: =E14/C14 -> 617.05252 | H14: =+H13+I14 -> 68904.2 | I14: =+[3]Dailymar!AM13 -> 8579.51 | J14: =I14/B14 -> 231.55947 | K14: =I14/C14 -> 268.1935 | L14: =+L13+M14 -> 3940 | M14: =+[3]Dailymar!AN13 -> 530 | N14: =M14/B14 -> 14.304607 | O14: =M14/C14 -> 16.567677 | P14: =+E14+I14+M14 -> 28849.02 | Q14: =P14/B14 -> 778.63 | R14: =P14/C14 -> 901.81369 | S14: =+[3]Dailymar!BM13 -> 16581.4 | T14: =S14/B14 -> 447.52908 | U14: =S14/C14 -> 518.33073 | Y14: Off Reel | Z14: Off Rewinder
A15: 46089 | B15: =+Report1!P16 -> 43.85 | C15: =+Report1!R16 -> 45.228 | D15: =+D14+E15 -> 185007.43 | E15: =+[3]Dailymar!AL14 -> 23983.23 | F15: =E15/B15 -> 546.93797 | G15: =E15/C15 -> 530.27395 | H15: =+H14+I15 -> 79727.43 | I15: =+[3]Dailymar!AM14 -> 10823.23 | J15: =I15/B15 -> 246.82395 | K15: =I15/C15 -> 239.30375 | L15: =+L14+M15 -> 4710 | M15: =+[3]Dailymar!AN14 -> 770 | N15: =M15/B15 -> 17.559863 | O15: =M15/C15 -> 17.024852 | P15: =+E15+I15+M15 -> 35576.46 | Q15: =P15/B15 -> 811.32178 | R15: =P15/C15 -> 786.60255 | S15: =+[3]Dailymar!BM14 -> 23735.356 | T15: =S15/B15 -> 541.2852 | U15: =S15/C15 -> 524.7934 | Y15: Off Reel | Z15: Off Rewinder
A16: 46090 | B16: =+Report1!P17 -> 47.119 | C16: =+Report1!R17 -> 47.546 | D16: =+D15+E16 -> 213709.98 | E16: =+[3]Dailymar!AL15 -> 28702.55 | F16: =E16/B16 -> 609.15024 | G16: =E16/C16 -> 603.67959 | H16: =+H15+I16 -> 91269.98 | I16: =+[3]Dailymar!AM15 -> 11542.55 | J16: =I16/B16 -> 244.96594 | K16: =I16/C16 -> 242.76595 | L16: =+L15+M16 -> 5440 | M16: =+[3]Dailymar!AN15 -> 730 | N16: =M16/B16 -> 15.492689 | O16: =M16/C16 -> 15.353552 | P16: =+E16+I16+M16 -> 40975.1 | Q16: =P16/B16 -> 869.60886 | R16: =P16/C16 -> 861.7991 | S16: =+[3]Dailymar!BM15 -> 21141.094 | T16: =S16/B16 -> 448.6745 | U16: =S16/C16 -> 444.64506 | Y16: Off Reel | Z16: Off Rewinder
A17: 46091 | B17: =+Report1!P18 -> 54.357 | C17: =+Report1!R18 -> 51.712 | D17: =+D16+E17 -> 240187.14 | E17: =+[3]Dailymar!AL16 -> 26477.16 | F17: =E17/B17 -> 487.09752 | G17: =E17/C17 -> 512.01191 | H17: =+H16+I17 -> 102587.14 | I17: =+[3]Dailymar!AM16 -> 11317.16 | J17: =I17/B17 -> 208.2006 | K17: =I17/C17 -> 218.84978 | L17: =+L16+M17 -> 6120 | M17: =+[3]Dailymar!AN16 -> 680 | N17: =M17/B17 -> 12.509888 | O17: =M17/C17 -> 13.149752 | P17: =+E17+I17+M17 -> 38474.32 | Q17: =P17/B17 -> 707.80801 | R17: =P17/C17 -> 744.01145 | S17: =+[3]Dailymar!BM16 -> 28224.049 | T17: =S17/B17 -> 519.23485 | U17: =S17/C17 -> 545.79303 | Y17: Off Reel | Z17: Off Rewinder
A18: 46092 | B18: =+Report1!P19 -> 54.594 | C18: =+Report1!R19 -> 52.383 | D18: =+D17+E18 -> 265754.01 | E18: =+[3]Dailymar!AL17 -> 25566.87 | F18: =E18/B18 -> 468.30915 | G18: =E18/C18 -> 488.07571 | H18: =+H17+I18 -> 113994.01 | I18: =+[3]Dailymar!AM17 -> 11406.87 | J18: =I18/B18 -> 208.93999 | K18: =I18/C18 -> 217.75901 | L18: =+L17+M18 -> 6790 | M18: =+[3]Dailymar!AN17 -> 670 | N18: =M18/B18 -> 12.272411 | O18: =M18/C18 -> 12.790409 | P18: =+E18+I18+M18 -> 37643.74 | Q18: =P18/B18 -> 689.52156 | R18: =P18/C18 -> 718.62513 | S18: =+[3]Dailymar!BM17 -> 27891.951 | T18: =S18/B18 -> 510.89774 | U18: =S18/C18 -> 532.46189 | Y18: Off Reel | Z18: Off Rewinder
A19: 46093 | B19: =+Report1!P20 -> 52.638 | C19: =+Report1!R20 -> 52.135 | D19: =+D18+E19 -> 290567.9 | E19: =+[3]Dailymar!AL18 -> 24813.89 | F19: =E19/B19 -> 471.4064 | G19: =E19/C19 -> 475.95454 | H19: =+H18+I19 -> 125647.9 | I19: =+[3]Dailymar!AM18 -> 11653.89 | J19: =I19/B19 -> 221.3969 | K19: =I19/C19 -> 223.53294 | L19: =+L18+M19 -> 7470 | M19: =+[3]Dailymar!AN18 -> 680 | N19: =M19/B19 -> 12.918424 | O19: =M19/C19 -> 13.043061 | P19: =+E19+I19+M19 -> 37147.78 | Q19: =P19/B19 -> 705.72172 | R19: =P19/C19 -> 712.53055 | S19: =+[3]Dailymar!BM18 -> 24819.9 | T19: =S19/B19 -> 471.52057 | U19: =S19/C19 -> 476.06982 | Y19: Off Reel | Z19: Off Rewinder
... A33: 46107 | B33: =+Report1!P34 -> 52.444 | C33: =+Report1!R34 -> 52.279 | D33: =+D32+E33 -> 715688.65 | E33: =+[3]Dailymar!AL32 -> 31444.3 | F33: =E33/B33 -> 599.5786 | G33: =E33/C33 -> 601.47095 | H33: =+H32+I33 -> 281528.65 | I33: =+[3]Dailymar!AM32 -> 10284.3 | J33: =I33/B33 -> 196.1006 | K33: =I33/C33 -> 196.71952 | L33: =+L32+M33 -> 16110 | M33: =+[3]Dailymar!AN32 -> 510 | N33: =M33/B33 -> 9.7246587 | O33: =M33/C33 -> 9.7553511 | P33: =+E33+I33+M33 -> 42238.6 | Q33: =P33/B33 -> 805.40386 | R33: =P33/C33 -> 807.94583 | S33: =+[3]Dailymar!BM32 -> 30496.4 | T33: =S33/B33 -> 581.50408 | U33: =S33/C33 -> 583.33939 | Y33: Off Reel | Z33: Off Rewinder
A34: 46108 | B34: =+Report1!P35 -> 51.503 | C34: =+Report1!R35 -> 49.754 | D34: =+D33+E34 -> 748778.13 | E34: =+[3]Dailymar!AL33 -> 33089.48 | F34: =E34/B34 -> 642.47675 | G34: =E34/C34 -> 665.0617 | H34: =+H33+I34 -> 292458.13 | I34: =+[3]Dailymar!AM33 -> 10929.48 | J34: =I34/B34 -> 212.21055 | K34: =I34/C34 -> 219.67038 | L34: =+L33+M34 -> 16710 | M34: =+[3]Dailymar!AN33 -> 600 | N34: =M34/B34 -> 11.649807 | O34: =M34/C34 -> 12.059332 | P34: =+E34+I34+M34 -> 44618.96 | Q34: =P34/B34 -> 866.33711 | R34: =P34/C34 -> 896.79141 | S34: =+[3]Dailymar!BM33 -> 24834 | T34: =S34/B34 -> 482.1855 | U34: =S34/C34 -> 499.13575
A35: 46109 | B35: =+Report1!P36 -> 51.396 | C35: =+Report1!R36 -> 52.008 | D35: =+D34+E35 -> 779867.67 | E35: =+[3]Dailymar!AL34 -> 31089.54 | F35: =E35/B35 -> 604.90194 | G35: =E35/C35 -> 597.7838 | H35: =+H34+I35 -> 302387.67 | I35: =+[3]Dailymar!AM34 -> 9929.54 | J35: =I35/B35 -> 193.19675 | K35: =I35/C35 -> 190.92332 | L35: =+L34+M35 -> 17330 | M35: =+[3]Dailymar!AN34 -> 620 | N35: =M35/B35 -> 12.063196 | O35: =M35/C35 -> 11.921243 | P35: =+E35+I35+M35 -> 41639.08 | Q35: =P35/B35 -> 810.16188 | R35: =P35/C35 -> 800.62836 | S35: =+[3]Dailymar!BM34 -> 24768.95 | T35: =S35/B35 -> 481.92369 | U35: =S35/C35 -> 476.25269
A36: 46110 | B36: =+Report1!P37 -> 52.8308 | C36: =+Report1!R37 -> 50.317 | D36: =+D35+E36 -> 806643.93 | E36: =+[3]Dailymar!AL35 -> 26776.26 | F36: =E36/B36 -> 506.83049 | G36: =E36/C36 -> 532.15136 | H36: =+H35+I36 -> 314003.93 | I36: =+[3]Dailymar!AM35 -> 11616.26 | J36: =I36/B36 -> 219.87666 | K36: =I36/C36 -> 230.86154 | L36: =+L35+M36 -> 17930 | M36: =+[3]Dailymar!AN35 -> 600 | N36: =M36/B36 -> 11.357011 | O36: =M36/C36 -> 11.924399 | P36: =+E36+I36+M36 -> 38992.52 | Q36: =P36/B36 -> 738.06416 | R36: =P36/C36 -> 774.9373 | S36: =+[3]Dailymar!BM35 -> 26625.162 | T36: =S36/B36 -> 503.97045 | U36: =S36/C36 -> 529.14844
A37: 46111 | B37: =+Report1!P38 -> 47.233 | C37: =+Report1!R38 -> 45.555 | D37: =+D36+E37 -> 836813.47 | E37: =+[3]Dailymar!AL36 -> 30169.54 | F37: =E37/B37 -> 638.73859 | G37: =E37/C37 -> 662.26627 | H37: =+H36+I37 -> 325013.47 | I37: =+[3]Dailymar!AM36 -> 11009.54 | J37: =I37/B37 -> 233.09 | K37: =I37/C37 -> 241.67578 | L37: =+L36+M37 -> 18610 | M37: =+[3]Dailymar!AN36 -> 680 | N37: =M37/B37 -> 14.396714 | O37: =M37/C37 -> 14.927011 | P37: =+E37+I37+M37 -> 41859.08 | Q37: =P37/B37 -> 886.22531 | R37: =P37/C37 -> 918.86906 | S37: =+[3]Dailymar!BM36 -> 21379.872 | T37: =S37/B37 -> 452.64692 | U37: =S37/C37 -> 469.31999
A38: 46112 | B38: =+Report1!P39 -> 33.408 | C38: =+Report1!R39 -> 33.674 | D38: =+D37+E38 -> 860257.37 | E38: =+[3]Dailymar!AL37 -> 23443.9 | F38: =E38/B38 -> 701.74509 | G38: =E38/C38 -> 696.20182 | H38: =+H37+I38 -> 334297.37 | I38: =+[3]Dailymar!AM37 -> 9283.9 | J38: =I38/B38 -> 277.89452 | K38: =I38/C38 -> 275.69935 | L38: =+L37+M38 -> 19130 | M38: =+[3]Dailymar!AN37 -> 520 | N38: =M38/B38 -> 15.565134 | O38: =M38/C38 -> 15.442181 | P38: =+E38+I38+M38 -> 33247.8 | Q38: =P38/B38 -> 995.20474 | R38: =P38/C38 -> 987.34335 | S38: =+[3]Dailymar!BM37 -> 22302.44 | T38: =S38/B38 -> 667.57783 | U38: =S38/C38 -> 662.30445
A40: TOTAL | B40: =SUM(B8:B38) -> 1452.9291 | C40: =SUM(C8:C38) -> 1421.287 | E40: =SUM(E8:E39) -> 860257.37 | F40: =E40/B40 -> 592.08489 | G40: =E40/C40 -> 605.26647 | I40: =SUM(I8:I39) -> 334297.37 | J40: =I40/B40 -> 230.08512 | K40: =I40/C40 -> 235.20751 | M40: =SUM(M8:M39) -> 19130 | N40: =M40/B40 -> 13.166506 | O40: =M40/C40 -> 13.459632 | P40: =+E40+I40+M40 -> 1213684.7 | Q40: =P40/B40 -> 835.33652 | R40: =P40/C40 -> 853.93361 | S40: =+SUM(S8:S38) -> 727485.29 | T40: =S40/B40 -> 500.70254 | U40: =S40/C40 -> 511.84967
P42: -1413750.8 | S42: -457460.92

Sheet Trim Rwd
A1: PM 15 | B1: =+Report1!A9 -> 46082
A3: Tgl | B3: Grade | C3: Ply | D3: Kombinasi Pot. | E3: Lebar Trim | F3: Jml Turunan | G3: Lebar x Turunan | H3: Rata-rata | I3: PHP PM
A4: =+B1 -> 46082 | B4: T 14 | C4: 2 | D4: 275*1 | E4: =275*1 -> 275 | F4: 4 | G4: =+E4*F4 -> 1100 | H4: =+(F4*E4+F5*E5)/SUM(F4:F5) -> 268.76923 | I4: =+'1'!I38 -> 39.513
B5: T 14 | C5: 2 | D5: 133*2 | E5: =133*2 -> 266 | F5: =18/2 -> 9 | G5: =+E5*F5 -> 2394
B6: T 15,5 | C6: 2 | D6: 269,5*1 | E6: =269.5*1 -> 269.5 | F6: =19+20 -> 39 | G6: =+E6*F6 -> 10510.5 | H6: =+G6/F6 -> 269.5
A8: =+A4+1 -> 46083 | B8: T 15,5 | C8: 2 | D8: 269,5*1 | E8: =269.5*1 -> 269.5 | F8: 43 | G8: =+E8*F8 -> 11588.5 | H8: =+G8/F8 -> 269.5 | I8: =+'2'!I38 -> 24.8813
A10: =+A8+1 -> 46084 | B10: T 15,5 | C10: 2 | D10: 269,5*1 | E10: =269.5*1 -> 269.5 | F10: =22+8 -> 30 | G10: =+E10*F10 -> 8085 | H10: =+G10/F10 -> 269.5 | I10: =+'3'!I38 -> 43.93
B11: T 14 | C11: 2 | D11: 275*1 | E11: =275*1 -> 275 | F11: =12+17 -> 29 | G11: =+E11*F11 -> 7975 | H11: =+G11/F11 -> 275
A13: 46085 | B13: T 14 | C13: 2 | D13: 275*1 | E13: =275*1 -> 275 | F13: =6+9 -> 15 | G13: =+E13*F13 -> 4125 | H13: =+G13/F13 -> 275 | I13: =+'4'!I38 -> 38.302
B14: T 15,5 | C14: 2 | D14: 269,5*1 | E14: =269.5*1 -> 269.5 | F14: =6+14+11+10 -> 41 | G14: =+E14*F14 -> 11049.5 | H14: =+G14/F14 -> 269.5
A16: =+A13+1 -> 46086 | B16: T 15,5 | C16: 2 | D16: 269,5*1 | E16: =269.5*1 -> 269.5 | F16: =21+22+12 -> 55 | G16: =+E16*F16 -> 14822.5 | H16: =+G16/F16 -> 269.5 | I16: =+'5'!I38 -> 42.48
B17: T 13,5 | C17: 2 | D17: 269,5*1 | E17: =269.5*1 -> 269.5 | F17: 6 | G17: =+E17*F17 -> 1617 | H17: =+G17/F17 -> 269.5
A19: 46087 | B19: T 13,5 | C19: 2 | D19: 254+15 | E19: =254+15 -> 269 | F19: 20 | G19: =+E19*F19 -> 5380 | H19: =+(F19*E19+F20*E20)/SUM(F19:F20) -> 264.3125 | I19: =+'6'!I38 -> 26.557
B20: T 13,5 | C20: 2 | D20: 256,5*1 | E20: =256.5*1 -> 256.5 | F20: 12 | G20: =+E20*F20 -> 3078
B21: T 20 | C21: 2 | D21: 269,5*1 | E21: =269.5*1 -> 269.5 | F21: 0 | G21: =+E21*F21 -> 0 | H21: =+E21 -> 269.5
B22: T 14 | C22: 2 | D22: 275*1 | E22: =275*1 -> 275 | F22: 0 | G22: =+E22*F22 -> 0 | H22: =+E22 -> 275
A24: 46088 | B24: T 20 | C24: 2 | D24: 269,5*1 | E24: =269.5*1 -> 269.5 | F24: =13+8+17+6 -> 44 | G24: =+E24*F24 -> 11858 | H24: =+G24/F24 -> 269.5 | I24: =+'7'!I38 -> 37.051
B25: T 17 | C25: 2 | D25: 258*1 | E25: =258*1 -> 258 | F25: 0 | G25: =+E25*F25 -> 0 | H25: =+E25 -> 258
A27: 46089 | B27: T 20 | C27: 2 | D27: 269,5*1 | E27: =269.5*1 -> 269.5 | F27: =3+2 -> 5 | G27: =+E27*F27 -> 1347.5 | H27: =+G27/F27 -> 269.5 | I27: =+'8'!I38 -> 43.85
B28: T 17 | C28: 2 | D28: 258*1 | E28: =258*1 -> 258 | F28: =4+11+7+5 -> 27 | G28: =+E28*F28 -> 6966 | H28: =+G28/F28 -> 258
B29: T 16 | C29: 2 | D29: 264*1 | E29: =264*1 -> 264 | F29: =4+2+10+9 -> 25 | G29: =+E29*F29 -> 6600 | H29: =+(F29*E29+F30*E30)/SUM(F29:F30) -> 264.55172
B30: T 16 | C30: 2 | D30: 268*1 | E30: =268*1 -> 268 | F30: 4 | G30: =+E30*F30 -> 1072
A32: 46090 | B32: T 16 | C32: 2 | D32: 264*1 | E32: =264*1 -> 264 | F32: =10+9 -> 19 | G32: =+E32*F32 -> 5016 | H32: =+G32/F32 -> 264 | I32: =+'8'!I43 -> 62.4
B33: N 15,5 | C33: 2 | D33: 86*3 | E33: =86*3 -> 258 | F33: =10+9+9+10+1 -> 39 | G33: =+E33*F33 -> 10062 | H33: =+G33/F33 -> 258
A35: 46091 | B35: N 15,5 | C35: 2 | D35: 86*3 | E35: =264*1 -> 264 | F35: 7 | G35: =+E35*F35 -> 1848 | H35: =+G35/F35 -> 264 | I35: =+'10'!I38 -> 54.357
B36: TW 22 | C36: 2 | D36: 257*1 | E36: =257*1 -> 257 | F36: =16+9+16 -> 41 | G36: =+E36*F36 -> 10537 | H36: =+G36/F36 -> 257
A38: 46092 | B38: TW 22 | C38: 2 | D38: 257*1 | E38: =257*1 -> 257 | F38: 48 | G38: =+E38*F38 -> 12336 | H38: =+G38/F38 -> 257 | I38: =+'11'!I38 -> 54.594
A40: 46093 | B40: TW 22 | C40: 2 | D40: 257*1 | E40: =257*1 -> 257 | F40: =8+8+8+8+9+7 -> 48 | G40: =+E40*F40 -> 12336 | H40: =+G40/F40 -> 257 | I40: =+'11'!I40 -> 52.383
B41: N 15,5 | C41: 2 | D41: 86*3 | E41: =86*3 -> 258 | F41: 0 | G41: 0 | H41: =+E41 -> 258
A43: 46094 | B43: TW 22 | C43: 2 | D43: 257*1 | E43: =257*1 -> 257 | F43: =1+4+8 -> 13 | G43: =+E43*F43 -> 3341 | H43: =+G43/F43 -> 257 | I43: =+'13'!I38 -> 51.14
B44: N 15,5 | C44: 2 | D44: 86*3 | E44: =86*3 -> 258 | F44: =6+9+10+1+1+1 -> 28 | G44: =+E44*F44 -> 7224 | H44: =+(F44*E44+F45*E45)/SUM(F44:F45) -> 259.33333
B45: N 15,5 | C45: 2 | D45: 72*3+46 | E45: =72*3+46 -> 262 | F45: =8+6 -> 14 | G45: =+E45*F45 -> 3668
A47: 46095 | B47: TW 22 | C47: 2 | D47: 257*1 | E47: =257*1 -> 257 | F47: 48 | G47: =+E47*F47 -> 12336 | H47: =+G47/F47 -> 257 | I47: =+'14'!I38 -> 52.803
A49: 46096 | B49: TW 22 | C49: 2 | D49: 257*1 | E49: =257*1 -> 257 | F49: =16+14 -> 30 | G49: =+E49*F49 -> 7710 | H49: =+(F49*E49+F50*E50)/SUM(F49:F50) -> 256.52632 | I49: =+'15'!I38 -> 52.868
B50: TW 22 | C50: 2 | D50: 256*1 | E50: =256*1 -> 256 | F50: =23+4 -> 27 | G50: =+E50*F50 -> 6912
A52: 46097 | B52: TW 22 | C52: 2 | D52: 256*1 | E52: =256*1 -> 256 | F52: 70 | G52: =+E52*F52 -> 17920 | H52: =+G52/F52 -> 256 | I52: =+'16'!I38 -> 53.505
A54: 46098 | B54: TW 22 | C54: 2 | D54: 256*1 | E54: =256*1 -> 256 | F54: 71 | G54: =+E54*F54 -> 18176 | H54: =+G54/F54 -> 256 | I54: =+'17'!I38 -> 54.038
A56: 46099 | B56: TW 22 | C56: 2 | D56: 256*1 | E56: =256*1 -> 256 | F56: 17 | G56: =+E56*F56 -> 4352 | H56: =+G56/F56 -> 256 | I56: =+'18'!N37 -> 10.211
B57: T 14 | C57: 2 | D57: 133*2 | E57: =133*2 -> 266 | F57: =72/2 -> 36 | G57: =+E57*F57 -> 9576 | H57: =+G57/F57 -> 266 | I57: =+'18'!N38 -> 37.342
B58: T 14 | C58: 2 | D58: 275*1 | E58: 275 | F58: 13 | G58: =+E58*F58 -> 3575 | H58: =+G58/F58 -> 275
A60: 46100 | B60: T 14 | C60: 2 | D60: 275*1 | E60: 275 | F60: 67 | G60: =+E60*F60 -> 18425 | H60: =+G60/F60 -> 275 | I60: =+'19'!I38 -> 47.244
A62: 46101 | B62: T 14 | C62: 2 | D62: 271*1 | E62: =271*1 -> 271 | F62: 67 | G62: =+E62*F62 -> 18157 | H62: =+G62/F62 -> 271 | I62: =+'20'!I38 -> 46.688
A64: 46102 | B64: T 14 | C64: 2 | D64: 137*2 | E64: =137*2 -> 274 | F64: =108/2 -> 54 | G64: =+E64*F64 -> 14796 | H64: =+(F64*E64+F65*E65)/SUM(F64:F65) -> 273.41791 | I64: =+'21'!I38 -> 50.078
B65: T 14 | C65: 2 | D65: 271*1 | E65: =271*1 -> 271 | F65: 13 | G65: =+E65*F65 -> 3523
A67: 46103 | B67: T 14 | C67: 2 | D67: 137*2 | E67: =137*2 -> 274 | F67: =72/2 -> 36 | G67: =+E67*F67 -> 9864 | H67: =+G67/F67 -> 274 | I67: =+'22'!I38 -> 49.143
B68: T 14,5 | C68: 2 | D68: 128*2 | E68: =128*2 -> 256 | F68: =66/2 -> 33 | G68: =+E68*F68 -> 8448 | H68: =+G68/F68 -> 256
A70: 46104 | B70: T 14,5 | C70: 2 | D70: 128*2 | E70: =128*2 -> 256 | F70: 7 | G70: =+E70*F70 -> 1792 | H70: =+G70/F70 -> 256 | I70: =+'23'!I38 -> 47.482
B71: T 13 | C71: 2 | D71: 259*1 | E71: =259*1 -> 259 | F71: =19+20+12 -> 51 | G71: =+E71*F71 -> 13209 | H71: =+G71/F71 -> 259
A73: 46105 | B73: T 13 | C73: 2 | D73: 267*1 | E73: =267*1 -> 267 | F73: =14+1 -> 15 | G73: =+E73*F73 -> 4005 | H73: =+(F73*E73+F74*E74)/SUM(F73:F74) -> 266.5 | I73: =+'24'!I38 -> 52.5
B74: T 13 | C74: 2 | D74: 259*1 | E74: =259*1 -> 259 | F74: 1 | G74: =+E74*F74 -> 259
B75: T 15 | C75: 2 | D75: 137*2 | E75: =137*2 -> 274 | F75: =102/2 -> 51 | G75: =+E75*F75 -> 13974 | H75: =+G75/F75 -> 274
A77: 46106 | B77: T 15 | C77: 2 | D77: 137*2 | E77: =137*2 -> 274 | F77: =142/2 -> 71 | G77: =+E77*F77 -> 19454 | H77: =+G77/F77 -> 274 | I77: =+'25'!I38 -> 53.8
A79: 46107 | B79: T 15 | C79: 2 | D79: 137*2 | E79: =137*2 -> 274 | F79: =116/2 -> 58 | G79: =+E79*F79 -> 15892 | H79: =+(F79*E79+F80*E80)/SUM(F79:F80) -> 271.21014 | I79: =+'26'!I38 -> 52.444
B80: T 15 | C80: 2 | D80: 256,5*1 | E80: =256.5*1 -> 256.5 | F80: 11 | G80: =+E80*F80 -> 2821.5
A82: 46108 | B82: T 15 | C82: 2 | D82: 256,5*1 | E82: =256.5*1 -> 256.5 | F82: 7 | G82: =+E82*F82 -> 1795.5 | H82: =+G82/F82 -> 256.5 | I82: =+'27'!I38 -> 51.503
B83: T 13,5 | C83: 2 | D83: 259*1 | E83: =259*1 -> 259 | F83: =13+26+25 -> 64 | G83: =+E83*F83 -> 16576 | H83: =+G83/F83 -> 259
A85: 46109 | B85: T 13,5 | C85: 2 | D85: 137,5*2 | E85: =137.5*2 -> 275 | F85: =72/2 -> 36 | G85: =+E85*F85 -> 9900 | H85: =+(F85*E85+F86*E86)/SUM(F85:F86) -> 275 | I85: =+'28'!I38 -> 51.396
B86: T 13,5 | C86: 2 | D86: 275*1 | E86: =275*1 -> 275 | F86: 12 | G86: =+E86*F86 -> 3300
B87: T 15,5 | C87: 2 | D87: 269,5*1 | E87: =269.5*1 -> 269.5 | F87: =1+26 -> 27 | G87: =+E87*F87 -> 7276.5 | H87: =+G87/F87 -> 269.5
A89: 46110 | B89: T 15,5 | C89: 2 | D89: 269,5*1 | E89: =269.5*1 -> 269.5 | F89: 75 | G89: =+E89*F89 -> 20212.5 | H89: =+G89/F89 -> 269.5 | I89: =+'29'!I38 -> 52.8308
A91: 46111 | B91: T 15,5 | C91: 2 | D91: 269,5*1 | E91: =269.5*1 -> 269.5 | F91: 69 | G91: =+E91*F91 -> 18595.5 | H91: =+G91/F91 -> 269.5 | I91: =+'30'!I38 -> 47.233
A93: 46112 | B93: T 15,5 | C93: 2 | D93: 269,5*1 | E93: =269.5*1 -> 269.5 | F93: =25+12 -> 37 | G93: =+E93*F93 -> 9971.5 | H93: =+G93/F93 -> 269.5 | I93: =+'31'!I38 -> 33.408
B94: T 16 | C94: 2 | D94: 275*1 | E94: =275*1 -> 275 | F94: =7+3 -> 10 | G94: =+E94*F94 -> 2750 | H94: =+G94/F94 -> 275

Sheet Efficiency1
A1: PM15 Efficiency Report
A3: Date | B3: Grade | C3: Speed real (ton) with Available Time | D3: Colour | E3: gsm | F3: Ply | G3: Standard | L3: Real Running | O3: Trim Rewinder (cm) | P3: Trim Rewinder x Running Time | Q3: Available Time (mnt) | R3: Down Time (mnt) | S3: Loss Time (mnt) | T3: Real Speed & Real Creepe Ratio with Available Time (ton) | U3: Real Speed & Real Creepe Ratio setelah dipotong DT & LT (ton) | V3: Loss tonase akibat DT + LT dari hitungan Teori with available time (ton) | W3: Accepted (ton) | X3: Real Eff dr Target Eff | Y3: Backlog | Z3: Reject Rewinder (ton) | AA3: Estimasi Reject to Broke Plant (ton) | AB3: Estimasi Faktor BW (ton) | AC3: Loss Opportunity in Speed (ton) | AD3: Downtime/ Losstime | AE3: Reason of Downtime / Losstime | AF3: Loss Time | AM3: Total Losstime | AN3: Unschedule Shut Down (mnt) | AS3: Schedule Shut Down | AT3: Marketing | AV3: EXT FACTOR | AX3: EXT FACTOR | AZ3: MANAGEMENT | BA3: Total Down Time | BB3: Freq. Sheets Break (X) | BC3: Freq. Change Blade (X) | BD3: Steam, & gangguan sinergy (X) | BE3: Freq, Trip PLN (X) | BF3: Cleaning Holes (X)
AF4: Proses | AI4: Change Grade/Cleaning | AJ4: Mekanik | AK4: Electric & Instrument | AL4: Boiler | AN4: Down Time Produksi | AO4: Mekanik | AP4: Electrical & Instrument | AQ4: Boiler | AR4: Total Unschedule Shut Down | AV4: LOSS | AW4: DOWN TIME | AX4: LOSS | AY4: DOWN TIME
G5: Yankee Speed (mpm) | H5: Max % Creeping | I5: Target Eff | J5: Kapasitas PM-Teori (ton) | K5: Teori (ton) with Available Time | L5: Yankee Speed (mpm) | M5: Popereel Speed (mpm) | N5: % Creeping | AF5: sheet break | AG5: change blade | AH5: change spool | AT5: Loss time | AU5: Down Time | AV5: SINERGY | AW5: SINERGY | AX5: PLN | AY5: PLN
A6: =+Report1!A9 -> 46082 | B6: Toilet | C6: =(M6*E6*O6*Q6)/100000000 -> 10.249181 | D6: RC HW | E6: 14 | F6: 1 | G6: 1275 | H6: 0.22 | I6: 0.88 | J6: =E6*G6*(1-H6)*1440/1000000*2.75 -> 55.13508 | K6: =(IF(G6<L6,L6,G6)*(1-IF(H6<N6,H6,N6))*E6*O6*Q6)/100000000 -> 11.974637 | L6: 1120 | M6: 851.2 | N6: =1-(M6/L6) -> 0.24 | O6: =+'Trim Rwd'!H4 -> 268.76923 | P6: =O6*(Q6-R6-S6) -> 49184.769 | Q6: =200+120 -> 320 | R6: 120 | S6: 17 | T6: =E6*M6*O6*Q6/100000000 -> 10.249181 | U6: =E6*M6*O6*(Q6-R6-S6)/100000000 -> 5.8612506 | V6: =E6*G6*(1-N6)*O6/100*(R6+S6)/1000000 -> 4.995189 | W6: =+'1'!K7/1000 -> 9.31 | X6: =SUM(W6:W9)/SUM(K6:K9) -> 0.65849772 | Y6: 0 | Z6: =+'1'!D17/1000 -> 0.69 | AA6: =SUM(U6:U9)-SUM(W6:W9)-SUM(Z6:Z9)-SUM(Y6:Y9) -> 5.244285 | AB6: =(SUM(K6:K9)-SUM(W6:W9)-SUM(Y6:Y9)-SUM(Z6:Z9)-SUM(AC6:AC9)-SUM(V6:V9))-AA6 -> -0.72290843 | AC6: =K6-T6 -> 1.7254555 | AD6: =+AM6+BA6 -> 0 | AE6: - Sheet Breaks (0x) | AF6: 0 | AM6: =SUM(AF6:AL6)+AT6 -> 0 | AR6: =SUM(AN6:AQ6) -> 0 | BA6: =+AR6+AS6+AU6+AV6+AX6 -> 0 | BB6: 0 | BF6: 3
B7: Toilet | C7: =(M7*E7*O7*Q7)/100000000 -> 36.572659 | D7: RC HW | E7: 15.5 | F7: 1 | G7: 1150 | H7: 0.22 | I7: 0.88 | J7: =E7*G7*(1-H7)*1440/1000000*2.75 -> 55.05786 | K7: =(IF(G7<L7,L7,G7)*(1-IF(H7<N7,H7,N7))*E7*O7*Q7)/100000000 -> 41.966324 | L7: 1028.5714 | M7: 781.71429 | N7: =1-(M7/L7) -> 0.24 | O7: =+'Trim Rwd'!H6 -> 269.5 | P7: =O7*(Q7-R7-S7) -> 293755 | Q7: 1120 | R7: 0 | S7: 30 | T7: =E7*M7*O7*Q7/100000000 -> 36.572659 | U7: =E7*M7*O7*(Q7-R7-S7)/100000000 -> 35.593034 | V7: =E7*G7*(1-N7)*O7/100*(R7+S7)/1000000 -> 1.0952749 | W7: =+'1'!K8/1000 -> 26.21 | AC7: =K7-T7 -> 5.3936652 | AD7: =+AM7+BA7 -> 18 | AE7: - Change Blade (14x) | AG7: 18 | AM7: =SUM(AF7:AL7)+AT7 -> 18 | AR7: =SUM(AN7:AQ7) -> 0 | BA7: =+AR7+AS7+AU7+AV7+AX7 -> 0 | BC7: 14
AD8: =+AM8+BA8 -> 19 | AE8: - Change Spool (22x) | AH8: 19 | AM8: =SUM(AF8:AL8)+AT8 -> 19 | AR8: =SUM(AN8:AQ8) -> 0 | BA8: =+AR8+AS8+AU8+AV8+AX8 -> 0
AD9: =+AM9+BA9 -> 10 | AE9: - Cleaning | AI9: 10 | AM9: =SUM(AF9:AL9)+AT9 -> 10 | AR9: =SUM(AN9:AQ9) -> 0 | BA9: =+AR9+AS9+AU9+AV9+AX9 -> 0
AD10: =+AM10+BA10 -> 120 | AE10: - 10.20 pm stop, cleaning felt dg solar | AM10: =SUM(AF10:AL10)+AT10 -> 0 | AN10: 120 | AR10: =SUM(AN10:AQ10) -> 120 | BA10: =+AR10+AS10+AU10+AV10+AX10 -> 120
A12: 46083 | B12: Toilet | C12: =(M12*E12*O12*Q12)/100000000 -> 45.715824 | D12: RC HW | E12: 15.5 | F12: 1 | G12: 1150 | H12: 0.22 | I12: 0.88 | J12: =E12*G12*(1-H12)*1440/1000000*2.75 -> 55.05786 | K12: =(IF(G12<L12,L12,G12)*(1-IF(H12<N12,H12,N12))*E12*O12*Q12)/100000000 -> 53.956703 | L12: 1000 | M12: 760 | N12: =1-(M12/L12) -> 0.24 | O12: =+'Trim Rwd'!H8 -> 269.5 | P12: =O12*(Q12-R12-S12) -> 244436.5 | Q12: 1440 | R12: =369+120 -> 489 | S12: 44 | T12: =E12*M12*O12*Q12/100000000 -> 45.715824 | U12: =E12*M12*O12*(Q12-R12-S12)/100000000 -> 28.79462 | V12: =E12*G12*(1-N12)*O12/100*(R12+S12)/1000000 -> 19.459385 | W12: =+'2'!K8/1000 -> 28.408 | X12: =SUM(W12:W15)/SUM(K12:K15) -> 0.52649622 | Y12: 0 | Z12: 0 | AA12: =SUM(U12:U15)-SUM(W12:W15)-SUM(Z12:Z15)-SUM(Y12:Y15) -> 0.3866197 | AB12: =(SUM(K12:K15)-SUM(W12:W15)-SUM(Y12:Y15)-SUM(Z12:Z15)-SUM(AC12:AC15)-SUM(V12:V15))-AA12 -> -2.5381806 | AC12: =K12-T12 -> 8.2408788 | AD12: =+AM12+BA12 -> 2 | AE12: - Sheet Breaks (1x) | AF12: 2 | AM12: =SUM(AF12:AL12)+AT12 -> 2 | AR12: =SUM(AN12:AQ12) -> 0 | BA12: =+AR12+AS12+AU12+AV12+AX12 -> 0 | BB12: 1 | BF12: 3
AC13: =K13-T13 -> 0 | AD13: =+AM13+BA13 -> 15 | AE13: - Change Blade (13x) | AG13: 15 | AM13: =SUM(AF13:AL13)+AT13 -> 15 | AR13: =SUM(AN13:AQ13) -> 0 | BA13: =+AR13+AS13+AU13+AV13+AX13 -> 0 | BC13: 13
AD14: =+AM14+BA14 -> 17 | AE14: - Change Spool (18x) | AH14: 17 | AM14: =SUM(AF14:AL14)+AT14 -> 17 | AR14: =SUM(AN14:AQ14) -> 0 | BA14: =+AR14+AS14+AU14+AV14+AX14 -> 0
AD15: =+AM15+BA15 -> 10 | AE15: - Cleaning | AI15: 10 | AM15: =SUM(AF15:AL15)+AT15 -> 10 | AR15: =SUM(AN15:AQ15) -> 0 | BA15: =+AR15+AS15+AU15+AV15+AX15 -> 0
AD16: =+AM16+BA16 -> 369 | AE16: - 10.21 pm stop, cleaning felt dan wire | AM16: =SUM(AF16:AL16)+AT16 -> 0 | AN16: 369 | AR16: =SUM(AN16:AQ16) -> 369 | BA16: =+AR16+AS16+AU16+AV16+AX16 -> 369
AD17: =+AM17+BA17 -> 120 | AE17: - 19.20 pm gagal jalan ducting hood sobek perbaikan MED | AM17: =SUM(AF17:AL17)+AT17 -> 0 | AO17: 120 | AR17: =SUM(AN17:AQ17) -> 120 | BA17: =+AR17+AS17+AU17+AV17+AX17 -> 120
A19: 46084 | B19: Toilet | C19: =(M19*E19*O19*Q19)/100000000 -> 17.860041 | D19: RC HW | E19: 15.5 | F19: 1 | G19: 1150 | H19: 0.22 | I19: 0.88 | J19: =E19*G19*(1-H19)*1440/1000000*2.75 -> 55.05786 | K19: =(IF(G19<L19,L19,G19)*(1-IF(H19<N19,H19,N19))*E19*O19*Q19)/100000000 -> 20.983162 | L19: 1002.6786 | M19: 763.49107 | N19: =1-(M19/L19) -> 0.23854853 | O19: =+'Trim Rwd'!H10 -> 269.5 | P19: =O19*(Q19-R19-S19) -> 140140 | Q19: 560 | R19: 0 | S19: 40 | T19: =E19*M19*O19*Q19/100000000 -> 17.860041 | U19: =E19*M19*O19*(Q19-R19-S19)/100000000 -> 16.584324 | V19: =E19*G19*(1-N19)*O19/100*(R19+S19)/1000000 -> 1.4631556 | W19: =+'3'!K8/1000 -> 19.752 | X19: =SUM(W19:W22)/SUM(K19:K22) -> 0.74698095 | Y19: 0 | Z19: 0 | AA19: =SUM(U19:U22)-SUM(W19:W22)-SUM(Z19:Z22)-SUM(Y19:Y22) -> 0.80881401 | AB19: =(SUM(K19:K22)-SUM(W19:W22)-SUM(Y19:Y22)-SUM(Z19:Z22)-SUM(AC19:AC22)-SUM(V19:V22))-AA19 -> -0.53853322 | AC19: =K19-T19 -> 3.123121 | AD19: =+AM19+BA19 -> 0 | AE19: - Sheet Breaks (0x) | AF19: 0 | AM19: =SUM(AF19:AL19)+AT19 -> 0 | AR19: =SUM(AN19:AQ19) -> 0 | BA19: =+AR19+AS19+AU19+AV19+AX19 -> 0 | BB19: 0
B20: Toilet | C20: =(M20*E20*O20*Q20)/100000000 -> 26.2724 | D20: RC HW | E20: 14 | F20: 1 | G20: 1280 | H20: =+N20 -> 0.22454545 | I20: 0.88 | J20: =E20*G20*(1-H20)*1440/1000000*2.75 -> 55.028736 | K20: =(IF(G20<L20,L20,G20)*(1-IF(H20<N20,H20,N20))*E20*O20*Q20)/100000000 -> 33.628672 | L20: 1000 | M20: 775.45455 | N20: =1-(M20/L20) -> 0.22454545 | O20: =+'Trim Rwd'!H11 -> 275 | P20: =O20*(Q20-R20-S20) -> 230450 | Q20: 880 | R20: 0 | S20: 42 | T20: =E20*M20*O20*Q20/100000000 -> 26.2724 | U20: =E20*M20*O20*(Q20-R20-S20)/100000000 -> 25.01849 | V20: =E20*G20*(1-N20)*O20/100*(R20+S20)/1000000 -> 1.6050048 | W20: =+'3'!K7/1000 -> 21.042 | AC20: =K20-T20 -> 7.356272 | AD20: =+AM20+BA20 -> 14 | AE20: - Change Blade (13x) | AG20: 14 | AM20: =SUM(AF20:AL20)+AT20 -> 14 | AR20: =SUM(AN20:AQ20) -> 0 | BA20: =+AR20+AS20+AU20+AV20+AX20 -> 0 | BC20: 13
AD21: =+AM21+BA21 -> 20 | AE21: - Change Spool (26x) | AH21: 20 | AM21: =SUM(AF21:AL21)+AT21 -> 20 | AR21: =SUM(AN21:AQ21) -> 0 | BA21: =+AR21+AS21+AU21+AV21+AX21 -> 0
AD22: =+AM22+BA22 -> 18 | AE22: - Cleaning | AI22: 18 | AM22: =SUM(AF22:AL22)+AT22 -> 18 | AR22: =SUM(AN22:AQ22) -> 0 | BA22: =+AR22+AS22+AU22+AV22+AX22 -> 0
AD23: =+AM23+BA23 -> 30 | AE23: - 21.30 doctor blade no 2 unload sendiri pm stock off, perbaikan EID | AK23: 30 | AM23: =SUM(AF23:AL23)+AT23 -> 30 | AR23: =SUM(AN23:AQ23) -> 0 | BA23: =+AR23+AS23+AU23+AV23+AX23 -> 0
A25: 46085 | B25: Toilet | C25: =(M25*E25*O25*Q25)/100000000 -> 7.22722 | D25: RC HW | E25: 14 | F25: 1 | G25: 1275 | H25: 0.22 | I25: 0.88 | J25: =E25*G25*(1-H25)*1440/1000000*2.75 -> 55.13508 | K25: =(IF(G25<L25,L25,G25)*(1-IF(H25<N25,H25,N25))*E25*O25*Q25)/100000000 -> 9.4571978 | L25: 1000 | M25: 760 | N25: =1-(M25/L25) -> 0.24 | O25: =+'Trim Rwd'!H13 -> 275 | P25: =O25*(Q25-R25-S25) -> 59675 | Q25: 247 | R25: 0 | S25: 30 | T25: =E25*M25*O25*Q25/100000000 -> 7.22722 | U25: =E25*M25*O25*(Q25-R25-S25)/100000000 -> 6.34942 | V25: =E25*G25*(1-N25)*O25/100*(R25+S25)/1000000 -> 1.119195 | W25: =+'4'!K7/1000 -> 10.941 | X25: =SUM(W25:W28)/SUM(K25:K28) -> 0.70333872 | Y25: 0 | Z25: 0 | AA25: =SUM(U25:U28)-SUM(W25:W28)-SUM(Z25:Z28)-SUM(Y25:Y28) -> -0.5022282 | AB25: =(SUM(K25:K28)-SUM(W25:W28)-SUM(Y25:Y28)-SUM(Z25:Z28)-SUM(AC25:AC28)-SUM(V25:V28))-AA25 -> -1.27156 | AC25: =K25-T25 -> 2.2299778 | AD25: =+AM25+BA25 -> 5 | AE25: - Sheet Breaks (3x) | AF25: 5 | AM25: =SUM(AF25:AL25)+AT25 -> 5 | AR25: =SUM(AN25:AQ25) -> 0 | BA25: =+AR25+AS25+AU25+AV25+AX25 -> 0 | BB25: 3 | BF25: 3
B26: Toilet | C26: =(M26*E26*O26*Q26)/100000000 -> 38.108118 | D26: RC HW | E26: 15.5 | F26: 1 | G26: 1150 | H26: 0.22 | I26: 0.88 | J26: =E26*G26*(1-H26)*1440/1000000*2.75 -> 55.05786 | K26: =(IF(G26<L26,L26,G26)*(1-IF(H26<N26,H26,N26))*E26*O26*Q26)/100000000 -> 44.701629 | L26: 1000 | M26: 764.69208 | N26: =1-(M26/L26) -> 0.23530792 | O26: =+'Trim Rwd'!H14 -> 269.5 | P26: =O26*(Q26-R26-S26) -> 263571 | Q26: =1023+170 -> 1193 | R26: 170 | S26: =55+20-S25 -> 45 | T26: =E26*M26*O26*Q26/100000000 -> 38.108118 | U26: =E26*M26*O26*(Q26-R26-S26)/100000000 -> 31.240352 | V26: =E26*G26*(1-N26)*O26/100*(R26+S26)/1000000 -> 7.8979315 | W26: =+'4'!K8/1000 -> 27.151 | AC26: =K26-T26 -> 6.5935112 | AD26: =+AM26+BA26 -> 10 | AE26: - Change Blade (8x) | AG26: 10 | AM26: =SUM(AF26:AL26)+AT26 -> 10 | AR26: =SUM(AN26:AQ26) -> 0 | BA26: =+AR26+AS26+AU26+AV26+AX26 -> 0 | BC26: 8
AD27: =+AM27+BA27 -> 23 | AE27: - Change Spool (23x) | AH27: 23 | AM27: =SUM(AF27:AL27)+AT27 -> 23 | AR27: =SUM(AN27:AQ27) -> 0 | BA27: =+AR27+AS27+AU27+AV27+AX27 -> 0
AD28: =+AM28+BA28 -> 17 | AE28: - Cleaning | AI28: 17 | AM28: =SUM(AF28:AL28)+AT28 -> 17 | AR28: =SUM(AN28:AQ28) -> 0 | BA28: =+AR28+AS28+AU28+AV28+AX28 -> 0
AD29: =+AM29+BA29 -> 20 | AE29: - 19.25 hood mati proses nyalakan hood EID | AK29: 20 | AM29: =SUM(AF29:AL29)+AT29 -> 20 | AR29: =SUM(AN29:AQ29) -> 0 | BA29: =+AR29+AS29+AU29+AV29+AX29 -> 0
AD30: =+AM30+BA30 -> 170 | AE30: - 16.55 JR turun masih ada hole, pm stop cleaning solat felt & katcer wire | AM30: =SUM(AF30:AL30)+AT30 -> 0 | AN30: 170 | AR30: =SUM(AN30:AQ30) -> 170 | BA30: =+AR30+AS30+AU30+AV30+AX30 -> 170
A32: 46086 | B32: Toilet | C32: =(M32*E32*O32*Q32)/100000000 -> 36.571406 | D32: RC HW | E32: 15.5 | F32: 1 | G32: 1150 | H32: 0.22 | I32: 0.88 | J32: =E32*G32*(1-H32)*1440/1000000*2.75 -> 55.05786 | K32: =(IF(G32<L32,L32,G32)*(1-IF(H32<N32,H32,N32))*E32*O32*Q32)/100000000 -> 42.603313 | L32: 1000 | M32: 770 | N32: =1-(M32/L32) -> 0.23 | O32: =+'Trim Rwd'!H16 -> 269.5 | P32: =O32*(Q32-R32-S32) -> 292677 | Q32: 1137 | R32: 0 | S32: 51 | T32: =E32*M32*O32*Q32/100000000 -> 36.571406 | U32: =E32*M32*O32*(Q32-R32-S32)/100000000 -> 34.931 | V32: =E32*G32*(1-N32)*O32/100*(R32+S32)/1000000 -> 1.886467 | W32: =+'5'!K8/1000 -> 38.416 | X32: =SUM(W32:W35)/SUM(K32:K35) -> 0.80272801 | Y32: 0 | Z32: 0 | AA32: =SUM(U32:U35)-SUM(W32:W35)-SUM(Z32:Z35)-SUM(Y32:Y35) -> -0.31081685 | AB32: =(SUM(K32:K35)-SUM(W32:W35)-SUM(Y32:Y35)-SUM(Z32:Z35)-SUM(AC32:AC35)-SUM(V32:V35))-AA32 -> -0.38053063 | AC32: =K32-T32 -> 6.0319072 | AD32: =+AM32+BA32 -> 6 | AE32: - Sheet Breaks (3x) | AF32: 6 | AM32: =SUM(AF32:AL32)+AT32 -> 6 | AR32: =SUM(AN32:AQ32) -> 0 | BA32: =+AR32+AS32+AU32+AV32+AX32 -> 0 | BB32: 3
B33: Toilet | C33: =(M33*E33*O33*Q33)/100000000 -> 8.4884011 | D33: RC HW | E33: 13.5 | F33: 1 | G33: 1320 | H33: 0.22 | I33: 0.88 | J33: =E33*G33*(1-H33)*1440/1000000*2.75 -> 55.042416 | K33: =(IF(G33<L33,L33,G33)*(1-IF(H33<N33,H33,N33))*E33*O33*Q33)/100000000 -> 11.350205 | L33: 1000 | M33: 770 | N33: =1-(M33/L33) -> 0.23 | O33: =+'Trim Rwd'!H17 -> 269.5 | P33: =O33*(Q33-R33-S33) -> 77616 | Q33: 303 | R33: 0 | S33: 15 | T33: =E33*M33*O33*Q33/100000000 -> 8.4884011 | U33: =E33*M33*O33*(Q33-R33-S33)/100000000 -> 8.0681832 | V33: =E33*G33*(1-N33)*O33/100*(R33+S33)/1000000 -> 0.55468759 | W33: =+'5'!K9/1000 -> 4.894 | AC33: =K33-T33 -> 2.8618038 | AD33: =+AM33+BA33 -> 14 | AE33: - Change Blade (13x) | AG33: 14 | AM33: =SUM(AF33:AL33)+AT33 -> 14 | AR33: =SUM(AN33:AQ33) -> 0 | BA33: =+AR33+AS33+AU33+AV33+AX33 -> 0 | BC33: 13
AD34: =+AM34+BA34 -> 14 | AE34: - Change Spool (23x) | AH34: 14 | AM34: =SUM(AF34:AL34)+AT34 -> 14 | AR34: =SUM(AN34:AQ34) -> 0 | BA34: =+AR34+AS34+AU34+AV34+AX34 -> 0
AD35: =+AM35+BA35 -> 17 | AE35: - Cleaning | AI35: 17 | AM35: =SUM(AF35:AL35)+AT35 -> 17 | AR35: =SUM(AN35:AQ35) -> 0 | BA35: =+AR35+AS35+AU35+AV35+AX35 -> 0
AD36: =+AM36+BA36 -> 15 | AE36: - 11.31 motor pompa boster coating release trip, tisu sirkulasi | AK36: 15 | AM36: =SUM(AF36:AL36)+AT36 -> 15 | AR36: =SUM(AN36:AQ36) -> 0 | BA36: =+AR36+AS36+AU36+AV36+AX36 -> 0
A38: 46087 | B38: Toilet | C38: =(M38*E38*O38*Q38)/100000000 -> 23.787887 | D38: RC HW | E38: 13.5 | F38: 1 | G38: 1255 | H38: =+N38 -> 0.18 | I38: 0.88 | J38: =E38*G38*(1-H38)*1440/1000000*2.75 -> 55.015686 | K38: =(IF(G38<L38,L38,G38)*(1-IF(H38<N38,H38,N38))*E38*O38*Q38)/100000000 -> 29.853798 | L38: 1000 | M38: 820 | N38: =1-(M38/L38) -> 0.18 | O38: =+'Trim Rwd'!H19 -> 264.3125 | P38: =O38*(Q38-R38-S38) -> 209071.19 | Q38: 813 | R38: 0 | S38: 22 | T38: =E38*M38*O38*Q38/100000000 -> 23.787887 | U38: =E38*M38*O38*(Q38-R38-S38)/100000000 -> 23.14418 | V38: =E38*G38*(1-N38)*O38/100*(R38+S38)/1000000 -> 0.80785186 | W38: =+'6'!K9/1000 -> 26.603 | X38: =SUM(W38:W41)/SUM(K38:K41) -> 0.49338248 | Y38: 0 | Z38: 0 | AA38: =SUM(U38:U41)-SUM(W38:W41)-SUM(Z38:Z41)-SUM(Y38:Y41) -> -1.0456395 | AB38: =(SUM(K38:K41)-SUM(W38:W41)-SUM(Y38:Y41)-SUM(Z38:Z41)-SUM(AC38:AC41)-SUM(V38:V41))-AA38 -> -4.6234847 | AC38: =K38-T38 -> 6.0659112 | AD38: =+AM38+BA38 -> 2 | AE38: - Sheet Breaks (1x) | AF38: 2 | AM38: =SUM(AF38:AL38)+AT38 -> 2 | AR38: =SUM(AN38:AQ38) -> 0 | BA38: =+AR38+AS38+AU38+AV38+AX38 -> 0 | BB38: 1 | BD38: 1
B39: Toilet | C39: =(M39*E39*O39*Q39)/100000000 -> 0.44198 | D39: RC HW | E39: 20 | F39: 1 | G39: 850 | H39: =+N39 -> 0.18 | I39: 0.88 | J39: =E39*G39*(1-H39)*1440/1000000*2.75 -> 55.2024 | K39: =(IF(G39<L39,L39,G39)*(1-IF(H39<N39,H39,N39))*E39*O39*Q39)/100000000 -> 0.44198 | L39: 1000 | M39: 820 | N39: =1-(M39/L39) -> 0.18 | O39: =+'Trim Rwd'!H21 -> 269.5 | P39: =O39*(Q39-R39-S39) -> 1347.5 | Q39: 10 | R39: 0 | S39: 5 | T39: =E39*M39*O39*Q39/100000000 -> 0.44198 | U39: =E39*M39*O39*(Q39-R39-S39)/100000000 -> 0.22099 | V39: =E39*G39*(1-N39)*O39/100*(R39+S39)/1000000 -> 0.1878415 | W39: =+'5'!K15/1000 -> 0 | AC39: =K39-T39 -> 0 | AD39: =+AM39+BA39 -> 13 | AE39: - Change Blade (9x) | AG39: 13 | AM39: =SUM(AF39:AL39)+AT39 -> 13 | AR39: =SUM(AN39:AQ39) -> 0 | BA39: =+AR39+AS39+AU39+AV39+AX39 -> 0 | BC39: 9
B40: Toilet | C40: =(M40*E40*O40*Q40)/100000000 -> 18.52851 | D40: RC HW | E40: 14 | F40: 1 | G40: 1275 | H40: =+N40 -> 0.22 | I40: 0.88 | J40: =E40*G40*(1-H40)*1440/1000000*2.75 -> 55.13508 | K40: =(IF(G40<L40,L40,G40)*(1-IF(H40<N40,H40,N40))*E40*O40*Q40)/100000000 -> 23.62385 | L40: 1000 | M40: 780 | N40: =1-(M40/L40) -> 0.22 | O40: =+'Trim Rwd'!H22 -> 275 | P40: =O40*(Q40-R40-S40) -> 20075 | Q40: =78+539 -> 617 | R40: 539 | S40: 5 | T40: =E40*M40*O40*Q40/100000000 -> 18.52851 | U40: =E40*M40*O40*(Q40-R40-S40)/100000000 -> 2.19219 | V40: =E40*G40*(1-N40)*O40/100*(R40+S40)/1000000 -> 20.828808 | W40: =+'5'!K16/1000 -> 0 | AC40: =K40-T40 -> 5.0953402 | AD40: =+AM40+BA40 -> 8 | AE40: - Change Spool (17x) | AH40: 8 | AM40: =SUM(AF40:AL40)+AT40 -> 8 | AR40: =SUM(AN40:AQ40) -> 0 | BA40: =+AR40+AS40+AU40+AV40+AX40 -> 0
AD41: =+AM41+BA41 -> 9 | AE41: - Cleaning | AI41: 9 | AM41: =SUM(AF41:AL41)+AT41 -> 9 | AR41: =SUM(AN41:AQ41) -> 0 | BA41: =+AR41+AS41+AU41+AV41+AX41 -> 0
AD42: =+AM42+BA42 -> 539 | AE42: - Sinergy Black Out | AM42: =SUM(AF42:AL42)+AT42 -> 0 | AR42: =SUM(AN42:AQ42) -> 0 | AW42: 539 | BA42: =+AR42+AS42+AU42+AW42 -> 539
A44: 46088 | B44: Toilet | C44: =(M44*E44*O44*Q44)/100000000 -> 51.352201 | D44: RC HW | E44: 20 | F44: 1 | G44: 895 | H44: =+N44 -> 0.22 | I44: 0.88 | J44: =E44*G44*(1-H44)*1440/1000000*2.75 -> 55.28952 | K44: =(IF(G44<L44,L44,G44)*(1-IF(H44<N44,H44,N44))*E44*O44*Q44)/100000000 -> 54.070847 | L44: 850 | M44: 663 | N44: =1-(M44/L44) -> 0.22 | O44: =+'Trim Rwd'!H24 -> 269.5 | P44: =O44*(Q44-R44-S44) -> 275429 | Q44: =1052+385 -> 1437 | R44: 385 | S44: 30 | T44: =E44*M44*O44*Q44/100000000 -> 51.352201 | U44: =E44*M44*O44*(Q44-R44-S44)/100000000 -> 36.521885 | V44: =E44*G44*(1-N44)*O44/100*(R44+S44)/1000000 -> 15.61545 | W44: =+'7'!K10/1000 -> 31.99 | X44: =SUM(W44:W47)/SUM(K44:K47) -> 0.59045442 | Y44: 0 | Z44: 0 | AA44: =SUM(U44:U47)-SUM(W44:W47)-SUM(Z44:Z47)-SUM(Y44:Y47) -> 4.5028062 | AB44: =(SUM(K44:K47)-SUM(W44:W47)-SUM(Y44:Y47)-SUM(Z44:Z47)-SUM(AC44:AC47)-SUM(V44:V47))-AA44 -> -0.81250299 | AC44: =K44-T44 -> 2.7186459 | AD44: =+AM44+BA44 -> 0 | AE44: - Sheet Breaks (0x) | AF44: 0 | AM44: =SUM(AF44:AL44)+AT44 -> 0 | AR44: =SUM(AN44:AQ44) -> 0 | BA44: =+AR44+AS44+AU44+AV44+AX44 -> 0 | BB44: 0 | BD44: 1
B45: Toilet | C45: =(M45*E45*O45*Q45)/100000000 -> 0.08723754 | D45: RC HW | E45: 17 | F45: 1 | G45: 1050 | H45: =+N45 -> 0.22 | I45: 0.88 | J45: =E45*G45*(1-H45)*1440/1000000*2.75 -> 55.13508 | K45: =(IF(G45<L45,L45,G45)*(1-IF(H45<N45,H45,N45))*E45*O45*Q45)/100000000 -> 0.10776402 | L45: 850 | M45: 663 | N45: =1-(M45/L45) -> 0.22 | O45: =+'Trim Rwd'!H25 -> 258 | P45: =O45*(Q45-R45-S45) -> -258 | Q45: 3 | R45: 0 | S45: 4 | T45: =E45*M45*O45*Q45/100000000 -> 0.08723754 | U45: =E45*M45*O45*(Q45-R45-S45)/100000000 -> -0.02907918 | V45: =E45*G45*(1-N45)*O45/100*(R45+S45)/1000000 -> 0.14368536 | W45: =+'5'!K21/1000 -> 0 | AC45: =K45-T45 -> 0.02052648 | AD45: =+AM45+BA45 -> 9 | AE45: - Change Blade (10x) | AG45: 9 | AM45: =SUM(AF45:AL45)+AT45 -> 9 | AR45: =SUM(AN45:AQ45) -> 0 | BA45: =+AR45+AS45+AU45+AV45+AX45 -> 0 | BC45: 10
AD46: =+AM46+BA46 -> 17 | AE46: - Change Spool (19x) | AH46: 17 | AM46: =SUM(AF46:AL46)+AT46 -> 17 | AR46: =SUM(AN46:AQ46) -> 0 | BA46: =+AR46+AS46+AU46+AV46+AX46 -> 0
AD47: =+AM47+BA47 -> 8 | AE47: - Cleaning | AI47: 8 | AM47: =SUM(AF47:AL47)+AT47 -> 8 | AR47: =SUM(AN47:AQ47) -> 0 | BA47: =+AR47+AS47+AU47+AV47+AX47 -> 0
AD48: =+AM48+BA48 -> 385 | AE48: - Sinergy Black Out | AM48: =SUM(AF48:AL48)+AT48 -> 0 | AR48: =SUM(AN48:AQ48) -> 0 | AW48: 385 | BA48: =+AR48+AS48+AU48+AW48 -> 385
A50: 46089 | B50: Toilet | C50: =(M50*E50*O50*Q50)/100000000 -> 18.265146 | D50: RC HW | E50: 17 | F50: 1 | G50: 1050 | H50: =+N50 -> 0.22 | I50: 0.88 | J50: =E50*G50*(1-H50)*1440/1000000*2.75 -> 55.13508 | K50: =(IF(G50<L50,L50,G50)*(1-IF(H50<N50,H50,N50))*E50*O50*Q50)/100000000 -> 22.055703 | L50: 869.54397 | M50: 678.2443 | N50: =1-(M50/L50) -> 0.22 | O50: =+'Trim Rwd'!H28 -> 258 | P50: =O50*(Q50-R50-S50) -> 154026 | Q50: 614 | R50: 0 | S50: 17 | T50: =E50*M50*O50*Q50/100000000 -> 18.265146 | U50: =E50*M50*O50*(Q50-R50-S50)/100000000 -> 17.759434 | V50: =E50*G50*(1-N50)*O50/100*(R50+S50)/1000000 -> 0.61066278 | W50: =+'8'!K11/1000 -> 18.517 | X50: =SUM(W50:W53)/SUM(K50:K53) -> 0.86277856 | Y50: 0 | Z50: 0 | AA50: =SUM(U50:U53)-SUM(W50:W53)-SUM(Z50:Z53)-SUM(Y50:Y53) -> -2.6462733 | AB50: =(SUM(K50:K53)-SUM(W50:W53)-SUM(Y50:Y53)-SUM(Z50:Z53)-SUM(AC50:AC53)-SUM(V50:V53))-AA50 -> -0.25873043 | AC50: =K50-T50 -> 3.7905566 | AD50: =+AM50+BA50 -> 0 | AE50: - Sheet Breaks (0x) | AF50: 0 | AM50: =SUM(AF50:AL50)+AT50 -> 0 | AR50: =SUM(AN50:AQ50) -> 0 | BA50: =+AR50+AS50+AU50+AV50+AX50 -> 0 | BB50: 0
B51: Toilet | C51: =(M51*E51*O51*Q51)/100000000 -> 25.661094 | D51: RC HW | E51: 16 | F51: 1 | G51: 1065 | H51: =+N51 -> 0.18450363 | I51: 0.88 | J51: =E51*G51*(1-H51)*1440/1000000*2.75 -> 55.02839 | K51: =(IF(G51<L51,L51,G51)*(1-IF(H51<N51,H51,N51))*E51*O51*Q51)/100000000 -> 30.365628 | L51: 900 | M51: 733.94673 | N51: =1-(M51/L51) -> 0.18450363 | O51: =+'Trim Rwd'!H29 -> 264.55172 | P51: =O51*(Q51-R51-S51) -> 211376.83 | Q51: 826 | R51: 0 | S51: 27 | T51: =E51*M51*O51*Q51/100000000 -> 25.661094 | U51: =E51*M51*O51*(Q51-R51-S51)/100000000 -> 24.822293 | V51: =E51*G51*(1-N51)*O51/100*(R51+S51)/1000000 -> 0.99258106 | W51: =+'8'!K12/1000 -> 22.932 | AC51: =K51-T51 -> 4.7045339 | AD51: =+AM51+BA51 -> 15 | AE51: - Change Blade (10x) | AG51: 15 | AM51: =SUM(AF51:AL51)+AT51 -> 15 | AR51: =SUM(AN51:AQ51) -> 0 | BA51: =+AR51+AS51+AU51+AV51+AX51 -> 0 | BC51: 10
B52: Toilet | E52: 20 | W52: =+'8'!K10/1000 -> 3.779 | AD52: =+AM52+BA52 -> 21 | AE52: - Change Spool (23x) | AH52: 21 | AM52: =SUM(AF52:AL52)+AT52 -> 21 | AR52: =SUM(AN52:AQ52) -> 0 | BA52: =+AR52+AS52+AU52+AV52+AX52 -> 0
AD53: =+AM53+BA53 -> 8 | AE53: - Cleaning | AI53: 8 | AM53: =SUM(AF53:AL53)+AT53 -> 8 | AR53: =SUM(AN53:AQ53) -> 0 | BA53: =+AR53+AS53+AU53+AV53+AX53 -> 0
A55: 46090 | B55: Toilet | C55: =(M55*E55*O55*Q55)/100000000 -> 11.534054 | D55: RC HW | E55: 16 | F55: 1 | G55: 1060 | H55: =+N55 -> 0.18 | I55: 0.88 | J55: =E55*G55*(1-H55)*1440/1000000*2.75 -> 55.072512 | K55: =(IF(G55<L55,L55,G55)*(1-IF(H55<N55,H55,N55))*E55*O55*Q55)/100000000 -> 13.584553 | L55: 900 | M55: 738 | N55: =1-(M55/L55) -> 0.18 | O55: =+'Trim Rwd'!H32 -> 264 | P55: =O55*(Q55-R55-S55) -> 95568 | Q55: 370 | R55: 0 | S55: 8 | T55: =E55*M55*O55*Q55/100000000 -> 11.534054 | U55: =E55*M55*O55*(Q55-R55-S55)/100000000 -> 11.284669 | V55: =E55*G55*(1-N55)*O55/100*(R55+S55)/1000000 -> 0.29372006 | W55: =+'9'!K12/1000 -> 15.485 | X55: =SUM(W55:W58)/SUM(K55:K58) -> 0.9136557 | Y55: 0 | Z55: 0 | AA55: =SUM(U55:U58)-SUM(W55:W58)-SUM(Z55:Z58)-SUM(Y55:Y58) -> -1.3073616 | AB55: =(SUM(K55:K58)-SUM(W55:W58)-SUM(Y55:Y58)-SUM(Z55:Z58)-SUM(AC55:AC58)-SUM(V55:V58))-AA55 -> -0.10192141 | AC55: =K55-T55 -> 2.0504986 | AD55: =+AM55+BA55 -> 0 | AE55: - Sheet Breaks (0x) | AF55: 0 | AM55: =SUM(AF55:AL55)+AT55 -> 0 | AR55: =SUM(AN55:AQ55) -> 0 | BA55: =+AR55+AS55+AU55+AV55+AX55 -> 0 | BB55: 0
B56: Napkin | C56: =(M56*E56*O56*Q56)/100000000 -> 36.694248 | D56: RC HW | E56: 15.5 | F56: 1 | G56: 1045 | H56: =+N56 -> 0.14 | I56: 0.88 | J56: =E56*G56*(1-H56)*1440/1000000*2.75 -> 55.162206 | K56: =(IF(G56<L56,L56,G56)*(1-IF(H56<N56,H56,N56))*E56*O56*Q56)/100000000 -> 38.454744 | L56: 997.15888 | M56: 857.55664 | N56: =1-(M56/L56) -> 0.14 | O56: =+'Trim Rwd'!H33 -> 258 | P56: =O56*(Q56-R56-S56) -> 267030 | Q56: 1070 | R56: 0 | S56: 35 | T56: =E56*M56*O56*Q56/100000000 -> 36.694248 | U56: =E56*M56*O56*(Q56-R56-S56)/100000000 -> 35.493969 | V56: =E56*G56*(1-N56)*O56/100*(R56+S56)/1000000 -> 1.2578655 | W56: =+'9'!K13/1000 -> 32.061 | Z56: =+'9'!D25/1000 -> 0.54 | AC56: =K56-T56 -> 1.7604958 | AD56: =+AM56+BA56 -> 16 | AE56: - Change Blade (11x) | AG56: 16 | AM56: =SUM(AF56:AL56)+AT56 -> 16 | AR56: =SUM(AN56:AQ56) -> 0 | BA56: =+AR56+AS56+AU56+AV56+AX56 -> 0 | BC56: 11
B57: Toilet | E57: 20 | W57: =+'8'!K15/1000 -> 0 | AD57: =+AM57+BA57 -> 17 | AE57: - Change Spool (23x) | AH57: 17 | AM57: =SUM(AF57:AL57)+AT57 -> 17 | AR57: =SUM(AN57:AQ57) -> 0 | BA57: =+AR57+AS57+AU57+AV57+AX57 -> 0
AD58: =+AM58+BA58 -> 10 | AE58: - Cleaning | AI58: 10 | AM58: =SUM(AF58:AL58)+AT58 -> 10 | AR58: =SUM(AN58:AQ58) -> 0 | BA58: =+AR58+AS58+AU58+AV58+AX58 -> 0
A60: 46091 | B60: Napkin | C60: =(M60*E60*O60*Q60)/100000000 -> 3.167208 | D60: RC HW | E60: 15.5 | F60: 1 | G60: 1045 | H60: =+N60 -> 0.14 | I60: 0.88 | J60: =E60*G60*(1-H60)*1440/1000000*2.75 -> 55.162206 | K60: =(IF(G60<L60,L60,G60)*(1-IF(H60<N60,H60,N60))*E60*O60*Q60)/100000000 -> 3.3097324 | L60: 1000 | M60: 860 | N60: =1-(M60/L60) -> 0.14 | O60: =+'Trim Rwd'!H35 -> 264 | P60: =O60*(Q60-R60-S60) -> 22176 | Q60: 90 | R60: 0 | S60: 6 | T60: =E60*M60*O60*Q60/100000000 -> 3.167208 | U60: =E60*M60*O60*(Q60-R60-S60)/100000000 -> 2.9560608 | V60: =E60*G60*(1-N60)*O60/100*(R60+S60)/1000000 -> 0.22064882 | W60: =+'10'!K13/1000 -> 5.869 | X60: =SUM(W60:W63)/SUM(K60:K63) -> 0.99665595 | Y60: 0 | Z60: 0 | AA60: =SUM(U60:U63)-SUM(W60:W63)-SUM(Z60:Z63)-SUM(Y60:Y63) -> -1.2596253 | AB60: =(SUM(K60:K63)-SUM(W60:W63)-SUM(Y60:Y63)-SUM(Z60:Z63)-SUM(AC60:AC63)-SUM(V60:V63))-AA60 -> -0.002207964 | AC60: =K60-T60 -> 0.14252436 | AD60: =+AM60+BA60 -> 0 | AE60: - Sheet Breaks (0x) | AF60: 0 | AM60: =SUM(AF60:AL60)+AT60 -> 0 | AR60: =SUM(AN60:AQ60) -> 0 | BA60: =+AR60+AS60+AU60+AV60+AX60 -> 0 | BB60: 0
B61: Towel | C61: =(M61*E61*O61*Q61)/100000000 -> 48.575776 | D61: RC HW | E61: 22 | F61: 1 | G61: 735 | H61: =+N61 -> 0.14 | I61: 0.88 | J61: =E61*G61*(1-H61)*1440/1000000*2.75 -> 55.068552 | K61: =(IF(G61<L61,L61,G61)*(1-IF(H61<N61,H61,N61))*E61*O61*Q61)/100000000 -> 48.575776 | L61: 740 | M61: 636.4 | N61: =1-(M61/L61) -> 0.14 | O61: =+'Trim Rwd'!H36 -> 257 | P61: =O61*(Q61-R61-S61) -> 339240 | Q61: 1350 | R61: 0 | S61: 30 | T61: =E61*M61*O61*Q61/100000000 -> 48.575776 | U61: =E61*M61*O61*(Q61-R61-S61)/100000000 -> 47.496314 | V61: =E61*G61*(1-N61)*O61/100*(R61+S61)/1000000 -> 1.072168 | W61: =+'10'!K14/1000 -> 45.843 | AC61: =K61-T61 -> 0 | AD61: =+AM61+BA61 -> 8 | AE61: - Change Blade (5x) | AG61: 8 | AM61: =SUM(AF61:AL61)+AT61 -> 8 | AR61: =SUM(AN61:AQ61) -> 0 | BA61: =+AR61+AS61+AU61+AV61+AX61 -> 0 | BC61: 5
AD62: =+AM62+BA62 -> 22 | AE62: - Change Spool (28x) | AH62: 22 | AM62: =SUM(AF62:AL62)+AT62 -> 22 | AR62: =SUM(AN62:AQ62) -> 0 | BA62: =+AR62+AS62+AU62+AV62+AX62 -> 0
AD63: =+AM63+BA63 -> 6 | AE63: - Cleaning | AI63: 6 | AM63: =SUM(AF63:AL63)+AT63 -> 6 | AR63: =SUM(AN63:AQ63) -> 0 | BA63: =+AR63+AS63+AU63+AV63+AX63 -> 0
A65: 46092 | B65: Towel | C65: =(M65*E65*O65*Q65)/100000000 -> 51.814161 | D65: RC HW | E65: 22 | F65: 1 | G65: 735 | H65: =+N65 -> 0.14 | I65: 0.88 | J65: =E65*G65*(1-H65)*1440/1000000*2.75 -> 55.068552 | K65: =(IF(G65<L65,L65,G65)*(1-IF(H65<N65,H65,N65))*E65*O65*Q65)/100000000 -> 51.814161 | L65: 740 | M65: 636.4 | N65: =1-(M65/L65) -> 0.14 | O65: =+'Trim Rwd'!H38 -> 257 | P65: =O65*(Q65-R65-S65) -> 358258 | Q65: 1440 | R65: 0 | S65: 46 | T65: =E65*M65*O65*Q65/100000000 -> 51.814161 | U65: =E65*M65*O65*(Q65-R65-S65)/100000000 -> 50.158986 | V65: =E65*G65*(1-N65)*O65/100*(R65+S65)/1000000 -> 1.643991 | W65: =+'11'!K14/1000 -> 52.383 | X65: =SUM(W65:W68)/SUM(K65:K68) -> 1.0109785 | Y65: 0 | Z65: 0 | AA65: =SUM(U65:U68)-SUM(W65:W68)-SUM(Z65:Z68)-SUM(Y65:Y68) -> -2.2240139 | AB65: =(SUM(K65:K68)-SUM(W65:W68)-SUM(Y65:Y68)-SUM(Z65:Z68)-SUM(AC65:AC68)-SUM(V65:V68))-AA65 -> 0.011183612 | AC65: =K65-T65 -> 0 | AD65: =+AM65+BA65 -> 0 | AE65: - Sheet Breaks (0x) | AF65: 0 | AM65: =SUM(AF65:AL65)+AT65 -> 0 | AR65: =SUM(AN65:AQ65) -> 0 | BA65: =+AR65+AS65+AU65+AV65+AX65 -> 0 | BB65: 0
AC66: =K66-T66 -> 0 | AD66: =+AM66+BA66 -> 5 | AE66: - Change Blade (4x) | AG66: 5 | AM66: =SUM(AF66:AL66)+AT66 -> 5 | AR66: =SUM(AN66:AQ66) -> 0 | BA66: =+AR66+AS66+AU66+AV66+AX66 -> 0 | BC66: 4
AD67: =+AM67+BA67 -> 29 | AE67: - Change Spool (25x) | AH67: 29 | AM67: =SUM(AF67:AL67)+AT67 -> 29 | AR67: =SUM(AN67:AQ67) -> 0 | BA67: =+AR67+AS67+AU67+AV67+AX67 -> 0
AD68: =+AM68+BA68 -> 12 | AE68: - Cleaning | AI68: 12 | AM68: =SUM(AF68:AL68)+AT68 -> 12 | AR68: =SUM(AN68:AQ68) -> 0 | BA68: =+AR68+AS68+AU68+AV68+AX68 -> 0
A70: 46093 | B70: Towel | C70: =(M70*E70*O70*Q70)/100000000 -> 48.575776 | D70: RC HW | E70: 22 | F70: 1 | G70: 735 | H70: =+N70 -> 0.14 | I70: 0.88 | J70: =E70*G70*(1-H70)*1440/1000000*2.75 -> 55.068552 | K70: =(IF(G70<L70,L70,G70)*(1-IF(H70<N70,H70,N70))*E70*O70*Q70)/100000000 -> 48.575776 | L70: 740 | M70: 636.4 | N70: =1-(M70/L70) -> 0.14 | O70: =+'Trim Rwd'!H40 -> 257 | P70: =O70*(Q70-R70-S70) -> 336670 | Q70: 1350 | R70: 0 | S70: 40 | T70: =E70*M70*O70*Q70/100000000 -> 48.575776 | U70: =E70*M70*O70*(Q70-R70-S70)/100000000 -> 47.136493 | V70: =E70*G70*(1-N70)*O70/100*(R70+S70)/1000000 -> 1.4295574 | W70: =+'12'!K14/1000 -> 52.135 | X70: =SUM(W70:W73)/SUM(K70:K73) -> 1.0062674 | Y70: 0 | Z70: 0 | AA70: =SUM(U70:U73)-SUM(W70:W73)-SUM(Z70:Z73)-SUM(Y70:Y73) -> -2.2128032 | AB70: =(SUM(K70:K73)-SUM(W70:W73)-SUM(Y70:Y73)-SUM(Z70:Z73)-SUM(AC70:AC73)-SUM(V70:V73))-AA70 -> -0.004203637 | AC70: =K70-T70 -> 0 | AD70: =+AM70+BA70 -> 0 | AE70: - Sheet Breaks (0x) | AF70: 0 | AM70: =SUM(AF70:AL70)+AT70 -> 0 | AR70: =SUM(AN70:AQ70) -> 0 | BA70: =+AR70+AS70+AU70+AV70+AX70 -> 0 | BB70: 0
B71: Napkin | C71: =(M71*E71*O71*Q71)/100000000 -> 3.095226 | D71: RC HW | E71: 15.5 | F71: 1 | G71: 1045 | H71: =+N71 -> 0.14 | I71: 0.88 | J71: =E71*G71*(1-H71)*1440/1000000*2.75 -> 55.162206 | K71: =(IF(G71<L71,L71,G71)*(1-IF(H71<N71,H71,N71))*E71*O71*Q71)/100000000 -> 3.2345112 | L71: 1000 | M71: 860 | N71: =1-(M71/L71) -> 0.14 | O71: =+'Trim Rwd'!H41 -> 258 | P71: =O71*(Q71-R71-S71) -> 20898 | Q71: 90 | R71: 0 | S71: 9 | T71: =E71*M71*O71*Q71/100000000 -> 3.095226 | U71: =E71*M71*O71*(Q71-R71-S71)/100000000 -> 2.7857034 | V71: =E71*G71*(1-N71)*O71/100*(R71+S71)/1000000 -> 0.32345112 | W71: =+'11'!K20/1000 -> 0 | AC71: =K71-T71 -> 0.13928517 | AD71: =+AM71+BA71 -> 10 | AE71: - Change Blade (5x) | AG71: 10 | AM71: =SUM(AF71:AL71)+AT71 -> 10 | AR71: =SUM(AN71:AQ71) -> 0 | BA71: =+AR71+AS71+AU71+AV71+AX71 -> 0 | BC71: 5
AD72: =+AM72+BA72 -> 31 | AE72: - Change Spool (20x) | AH72: 31 | AM72: =SUM(AF72:AL72)+AT72 -> 31 | AR72: =SUM(AN72:AQ72) -> 0 | BA72: =+AR72+AS72+AU72+AV72+AX72 -> 0
AD73: =+AM73+BA73 -> 8 | AE73: - Cleaning | AI73: 8 | AM73: =SUM(AF73:AL73)+AT73 -> 8 | AR73: =SUM(AN73:AQ73) -> 0 | BA73: =+AR73+AS73+AU73+AV73+AX73 -> 0
A75: 46094 | B75: Napkin | C75: =(M75*E75*O75*Q75)/100000000 -> 34.118698 | D75: RC HW | E75: 15.5 | F75: 1 | G75: 1045 | H75: =+N75 -> 0.14 | I75: 0.88 | J75: =E75*G75*(1-H75)*1440/1000000*2.75 -> 55.162206 | K75: =(IF(G75<L75,L75,G75)*(1-IF(H75<N75,H75,N75))*E75*O75*Q75)/100000000 -> 34.860378 | L75: 1022.7668 | M75: 879.57948 | N75: =1-(M75/L75) -> 0.14 | O75: =+'Trim Rwd'!H44 -> 259.33333 | P75: =O75*(Q75-R75-S75) -> 241439.33 | Q75: 965 | R75: 0 | S75: 34 | T75: =E75*M75*O75*Q75/100000000 -> 34.118698 | U75: =E75*M75*O75*(Q75-R75-S75)/100000000 -> 32.916588 | V75: =E75*G75*(1-N75)*O75/100*(R75+S75)/1000000 -> 1.2282413 | W75: =+'13'!K13/1000 -> 34.816 | X75: =SUM(W75:W78)/SUM(K75:K78) -> 0.93731013 | Y75: 0 | Z75: 0 | AA75: =SUM(U75:U78)-SUM(W75:W78)-SUM(Z75:Z78)-SUM(Y75:Y78) -> 0.95324402 | AB75: =(SUM(K75:K78)-SUM(W75:W78)-SUM(Y75:Y78)-SUM(Z75:Z78)-SUM(AC75:AC78)-SUM(V75:V78))-AA75 -> -0.023700537 | AC75: =K75-T75 -> 0.74168076 | AD75: =+AM75+BA75 -> 2 | AE75: - Sheet Breaks (1x) | AF75: 2 | AM75: =SUM(AF75:AL75)+AT75 -> 2 | AR75: =SUM(AN75:AQ75) -> 0 | BA75: =+AR75+AS75+AU75+AV75+AX75 -> 0 | BB75: 1
B76: Towel | C76: =(M76*E76*O76*Q76)/100000000 -> 17.091477 | D76: RC HW | E76: 22 | F76: 1 | G76: 735 | H76: =+N76 -> 0.14 | I76: 0.88 | J76: =E76*G76*(1-H76)*1440/1000000*2.75 -> 55.068552 | K76: =(IF(G76<L76,L76,G76)*(1-IF(H76<N76,H76,N76))*E76*O76*Q76)/100000000 -> 17.091477 | L76: 740 | M76: 636.4 | N76: =1-(M76/L76) -> 0.14 | O76: =+'Trim Rwd'!H43 -> 257 | P76: =O76*(Q76-R76-S76) -> 119505 | Q76: 475 | R76: 0 | S76: 10 | T76: =E76*M76*O76*Q76/100000000 -> 17.091477 | U76: =E76*M76*O76*(Q76-R76-S76)/100000000 -> 16.731656 | V76: =E76*G76*(1-N76)*O76/100*(R76+S76)/1000000 -> 0.35738934 | W76: =+'13'!K14/1000 -> 13.879 | AC76: =K76-T76 -> 0 | AD76: =+AM76+BA76 -> 11 | AE76: - Change Blade (7x) | AG76: 11 | AM76: =SUM(AF76:AL76)+AT76 -> 11 | AR76: =SUM(AN76:AQ76) -> 0 | BA76: =+AR76+AS76+AU76+AV76+AX76 -> 0 | BC76: 7
AD77: =+AM77+BA77 -> 19 | AE77: - Change Spool (23x) | AH77: 19 | AM77: =SUM(AF77:AL77)+AT77 -> 19 | AR77: =SUM(AN77:AQ77) -> 0 | BA77: =+AR77+AS77+AU77+AV77+AX77 -> 0
AD78: =+AM78+BA78 -> 12 | AE78: - Cleaning | AI78: 12 | AM78: =SUM(AF78:AL78)+AT78 -> 12 | AR78: =SUM(AN78:AQ78) -> 0 | BA78: =+AR78+AS78+AU78+AV78+AX78 -> 0
A80: 46095 | B80: Towel | C80: =(M80*E80*O80*Q80)/100000000 -> 52.047558 | D80: RC HW | E80: 22 | F80: 1 | G80: 735 | H80: =+N80 -> 0.14 | I80: 0.88 | J80: =E80*G80*(1-H80)*1440/1000000*2.75 -> 55.068552 | K80: =(IF(G80<L80,L80,G80)*(1-IF(H80<N80,H80,N80))*E80*O80*Q80)/100000000 -> 52.047558 | L80: 743.33333 | M80: 639.26667 | N80: =1-(M80/L80) -> 0.14 | O80: =+'Trim Rwd'!H47 -> 257 | P80: =O80*(Q80-R80-S80) -> 358001 | Q80: 1440 | R80: 0 | S80: 47 | T80: =E80*M80*O80*Q80/100000000 -> 52.047558 | U80: =E80*M80*O80*(Q80-R80-S80)/100000000 -> 50.348783 | V80: =E80*G80*(1-N80)*O80/100*(R80+S80)/1000000 -> 1.6797299 | W80: =+'14'!K14/1000 -> 51.557 | X80: =SUM(W80:W83)/SUM(K80:K83) -> 0.99057482 | Y80: 0 | Z80: 0 | AA80: =SUM(U80:U83)-SUM(W80:W83)-SUM(Z80:Z83)-SUM(Y80:Y83) -> -1.2082167 | AB80: =(SUM(K80:K83)-SUM(W80:W83)-SUM(Y80:Y83)-SUM(Z80:Z83)-SUM(AC80:AC83)-SUM(V80:V83))-AA80 -> 0.019044557 | AC80: =K80-T80 -> 0 | AD80: =+AM80+BA80 -> 4 | AE80: - Sheet Breaks (2x) | AF80: 4 | AM80: =SUM(AF80:AL80)+AT80 -> 4 | AR80: =SUM(AN80:AQ80) -> 0 | BA80: =+AR80+AS80+AU80+AV80+AX80 -> 0 | BB80: 2
AC81: =K81-T81 -> 0 | AD81: =+AM81+BA81 -> 6 | AE81: - Change Blade (6x) | AG81: 6 | AM81: =SUM(AF81:AL81)+AT81 -> 6 | AR81: =SUM(AN81:AQ81) -> 0 | BA81: =+AR81+AS81+AU81+AV81+AX81 -> 0 | BC81: 6
AD82: =+AM82+BA82 -> 18 | AE82: - Change Spool (27x) | AH82: 18 | AM82: =SUM(AF82:AL82)+AT82 -> 18 | AR82: =SUM(AN82:AQ82) -> 0 | BA82: =+AR82+AS82+AU82+AV82+AX82 -> 0
AD83: =+AM83+BA83 -> 19 | AE83: - Cleaning | AI83: 19 | AM83: =SUM(AF83:AL83)+AT83 -> 19 | AR83: =SUM(AN83:AQ83) -> 0 | BA83: =+AR83+AS83+AU83+AV83+AX83 -> 0
A85: 46096 | B85: Towel | C85: =(M85*E85*O85*Q85)/100000000 -> 51.71866 | D85: RC HW | E85: 22 | F85: 1 | G85: 735 | H85: =+N85 -> 0.14 | I85: 0.88 | J85: =E85*G85*(1-H85)*1440/1000000*2.75 -> 55.068552 | K85: =(IF(G85<L85,L85,G85)*(1-IF(H85<N85,H85,N85))*E85*O85*Q85)/100000000 -> 51.71866 | L85: 740 | M85: 636.4 | N85: =1-(M85/L85) -> 0.14 | O85: =+'Trim Rwd'!H49 -> 256.52632 | P85: =O85*(Q85-R85-S85) -> 356315.05 | Q85: 1440 | R85: 0 | S85: 51 | T85: =E85*M85*O85*Q85/100000000 -> 51.71866 | U85: =E85*M85*O85*(Q85-R85-S85)/100000000 -> 49.886958 | V85: =E85*G85*(1-N85)*O85/100*(R85+S85)/1000000 -> 1.8193262 | W85: =+'15'!K14/1000 -> 52.259 | X85: =SUM(W85:W88)/SUM(K85:K88) -> 1.0104477 | Y85: 0 | Z85: =+'15'!D16/1000 -> 0.95 | AA85: =SUM(U85:U88)-SUM(W85:W88)-SUM(Z85:Z88)-SUM(Y85:Y88) -> -3.3220421 | AB85: =(SUM(K85:K88)-SUM(W85:W88)-SUM(Y85:Y88)-SUM(Z85:Z88)-SUM(AC85:AC88)-SUM(V85:V88))-AA85 -> 0.012376369 | AC85: =K85-T85 -> 0 | AD85: =+AM85+BA85 -> 4 | AE85: - Sheet Breaks (2x) | AF85: 4 | AM85: =SUM(AF85:AL85)+AT85 -> 4 | AR85: =SUM(AN85:AQ85) -> 0 | BA85: =+AR85+AS85+AU85+AV85+AX85 -> 0 | BB85: 2
AC86: =K86-T86 -> 0 | AD86: =+AM86+BA86 -> 14 | AE86: - Change Blade (6x) | AG86: 14 | AM86: =SUM(AF86:AL86)+AT86 -> 14 | AR86: =SUM(AN86:AQ86) -> 0 | BA86: =+AR86+AS86+AU86+AV86+AX86 -> 0 | BC86: 6
AD87: =+AM87+BA87 -> 25 | AE87: - Change Spool (26x) | AH87: 25 | AM87: =SUM(AF87:AL87)+AT87 -> 25 | AR87: =SUM(AN87:AQ87) -> 0 | BA87: =+AR87+AS87+AU87+AV87+AX87 -> 0
AD88: =+AM88+BA88 -> 8 | AE88: - Cleaning | AI88: 8 | AM88: =SUM(AF88:AL88)+AT88 -> 8 | AR88: =SUM(AN88:AQ88) -> 0 | BA88: =+AR88+AS88+AU88+AV88+AX88 -> 0
A90: 46097 | B90: Towel | C90: =(M90*E90*O90*Q90)/100000000 -> 51.612549 | D90: RC HW | E90: 22 | F90: 1 | G90: 735 | H90: =+N90 -> 0.14 | I90: 0.88 | J90: =E90*G90*(1-H90)*1440/1000000*2.75 -> 55.068552 | K90: =(IF(G90<L90,L90,G90)*(1-IF(H90<N90,H90,N90))*E90*O90*Q90)/100000000 -> 51.612549 | L90: 740 | M90: 636.4 | N90: =1-(M90/L90) -> 0.14 | O90: =+'Trim Rwd'!H52 -> 256 | P90: =O90*(Q90-R90-S90) -> 358144 | Q90: 1440 | R90: 0 | S90: 41 | T90: =E90*M90*O90*Q90/100000000 -> 51.612549 | U90: =E90*M90*O90*(Q90-R90-S90)/100000000 -> 50.143025 | V90: =E90*G90*(1-N90)*O90/100*(R90+S90)/1000000 -> 1.4595948 | W90: =+'16'!K14/1000 -> 53.363 | X90: =SUM(W90:W93)/SUM(K90:K93) -> 1.0339152 | Y90: 0 | Z90: 0 | AA90: =SUM(U90:U93)-SUM(W90:W93)-SUM(Z90:Z93)-SUM(Y90:Y93) -> -3.2199748 | AB90: =(SUM(K90:K93)-SUM(W90:W93)-SUM(Y90:Y93)-SUM(Z90:Z93)-SUM(AC90:AC93)-SUM(V90:V93))-AA90 -> 0.009929216 | AC90: =K90-T90 -> 0 | AD90: =+AM90+BA90 -> 0 | AE90: - Sheet Breaks (0x) | AF90: 0 | AM90: =SUM(AF90:AL90)+AT90 -> 0 | AR90: =SUM(AN90:AQ90) -> 0 | BA90: =+AR90+AS90+AU90+AV90+AX90 -> 0 | BB90: 0
AC91: =K91-T91 -> 0 | AD91: =+AM91+BA91 -> 7 | AE91: - Change Blade (4x) | AG91: 7 | AM91: =SUM(AF91:AL91)+AT91 -> 7 | AR91: =SUM(AN91:AQ91) -> 0 | BA91: =+AR91+AS91+AU91+AV91+AX91 -> 0 | BC91: 4
AD92: =+AM92+BA92 -> 26 | AE92: - Change Spool (18x) | AH92: 26 | AM92: =SUM(AF92:AL92)+AT92 -> 26 | AR92: =SUM(AN92:AQ92) -> 0 | BA92: =+AR92+AS92+AU92+AV92+AX92 -> 0
AD93: =+AM93+BA93 -> 8 | AE93: - Cleaning | AI93: 8 | AM93: =SUM(AF93:AL93)+AT93 -> 8 | AR93: =SUM(AN93:AQ93) -> 0 | BA93: =+AR93+AS93+AU93+AV93+AX93 -> 0
A95: 46098 | B95: Towel | C95: =(M95*E95*O95*Q95)/100000000 -> 51.612549 | D95: RC HW | E95: 22 | F95: 1 | G95: 735 | H95: =+N95 -> 0.14 | I95: 0.88 | J95: =E95*G95*(1-H95)*1440/1000000*2.75 -> 55.068552 | K95: =(IF(G95<L95,L95,G95)*(1-IF(H95<N95,H95,N95))*E95*O95*Q95)/100000000 -> 51.612549 | L95: 740 | M95: 636.4 | N95: =1-(M95/L95) -> 0.14 | O95: =+'Trim Rwd'!H54 -> 256 | P95: =O95*(Q95-R95-S95) -> 359168 | Q95: 1440 | R95: 0 | S95: 37 | T95: =E95*M95*O95*Q95/100000000 -> 51.612549 | U95: =E95*M95*O95*(Q95-R95-S95)/100000000 -> 50.286393 | V95: =E95*G95*(1-N95)*O95/100*(R95+S95)/1000000 -> 1.3171953 | W95: =+'17'!K14/1000 -> 53.382 | X95: =SUM(W95:W98)/SUM(K95:K98) -> 1.0342833 | Y95: 0 | Z95: 0 | AA95: =SUM(U95:U98)-SUM(W95:W98)-SUM(Z95:Z98)-SUM(Y95:Y98) -> -3.0956067 | AB95: =(SUM(K95:K98)-SUM(W95:W98)-SUM(Y95:Y98)-SUM(Z95:Z98)-SUM(AC95:AC98)-SUM(V95:V98))-AA95 -> 0.008960512 | AC95: =K95-T95 -> 0 | AD95: =+AM95+BA95 -> 1 | AE95: - Sheet Breaks (1x) | AF95: 1 | AM95: =SUM(AF95:AL95)+AT95 -> 1 | AR95: =SUM(AN95:AQ95) -> 0 | BA95: =+AR95+AS95+AU95+AV95+AX95 -> 0 | BB95: 1
AC96: =K96-T96 -> 0 | AD96: =+AM96+BA96 -> 10 | AE96: - Change Blade (5x) | AG96: 10 | AM96: =SUM(AF96:AL96)+AT96 -> 10 | AR96: =SUM(AN96:AQ96) -> 0 | BA96: =+AR96+AS96+AU96+AV96+AX96 -> 0 | BC96: 5
AD97: =+AM97+BA97 -> 19 | AE97: - Change Spool (18x) | AH97: 19 | AM97: =SUM(AF97:AL97)+AT97 -> 19 | AR97: =SUM(AN97:AQ97) -> 0 | BA97: =+AR97+AS97+AU97+AV97+AX97 -> 0
AD98: =+AM98+BA98 -> 7 | AE98: - Cleaning | AI98: 7 | AM98: =SUM(AF98:AL98)+AT98 -> 7 | AR98: =SUM(AN98:AQ98) -> 0 | BA98: =+AR98+AS98+AU98+AV98+AX98 -> 0
A100: 46099 | B100: Towel | C100: =(M100*E100*O100*Q100)/100000000 -> 8.7096177 | D100: RC HW | E100: 22 | F100: 1 | G100: 735 | H100: =+N100 -> 0.14 | I100: 0.88 | J100: =E100*G100*(1-H100)*1440/1000000*2.75 -> 55.068552 | K100: =(IF(G100<L100,L100,G100)*(1-IF(H100<N100,H100,N100))*E100*O100*Q100)/100000000 -> 8.7096177 | L100: 740 | M100: 636.4 | N100: =1-(M100/L100) -> 0.14 | O100: =+'Trim Rwd'!H56 -> 256 | P100: =O100*(Q100-R100-S100) -> 61184 | Q100: 243 | R100: 0 | S100: 4 | T100: =E100*M100*O100*Q100/100000000 -> 8.7096177 | U100: =E100*M100*O100*(Q100-R100-S100)/100000000 -> 8.5662495 | V100: =E100*G100*(1-N100)*O100/100*(R100+S100)/1000000 -> 0.14239949 | W100: =+'18'!K14/1000 -> 12.789 | X100: =SUM(W100:W103)/SUM(K100:K103) -> 0.88917135 | Y100: 0 | Z100: 0 | AA100: =SUM(U100:U103)-SUM(W100:W103)-SUM(Z100:Z103)-SUM(Y100:Y103) -> 0.095341066 | AB100: =(SUM(K100:K103)-SUM(W100:W103)-SUM(Y100:Y103)-SUM(Z100:Z103)-SUM(AC100:AC103)-SUM(V100:V103))-AA100 -> -0.11596957 | AC100: =K100-T100 -> 0 | AD100: =+AM100+BA100 -> 6 | AE100: - Sheet Breaks (2x) | AF100: 6 | AM100: =SUM(AF100:AL100)+AT100 -> 6 | AR100: =SUM(AN100:AQ100) -> 0 | BA100: =+AR100+AS100+AU100+AV100+AX100 -> 0 | BB100: 2
B101: Toilet | C101: =(M101*E101*O101*Q101)/100000000 -> 22.361987 | D101: RC HW | E101: 14 | F101: 1 | G101: 1275 | H101: =+N101 -> 0.22 | I101: 0.88 | J101: =E101*G101*(1-H101)*1440/1000000*2.75 -> 55.13508 | K101: =(IF(G101<L101,L101,G101)*(1-IF(H101<N101,H101,N101))*E101*O101*Q101)/100000000 -> 26.554224 | L101: 1073.7099 | M101: 837.49372 | N101: =1-(M101/L101) -> 0.22 | O101: =+'Trim Rwd'!H57 -> 266 | P101: =O101*(Q101-R101-S101) -> 185402 | Q101: 717 | R101: 0 | S101: 20 | T101: =E101*M101*O101*Q101/100000000 -> 22.361987 | U101: =E101*M101*O101*(Q101-R101-S101)/100000000 -> 21.738222 | V101: =E101*G101*(1-N101)*O101/100*(R101+S101)/1000000 -> 0.7407036 | W101: =+('18'!C8+'18'!C16+'18'!C25)/1000 -> 24.158 | AC101: =K101-T101 -> 4.1922371 | AD101: =+AM101+BA101 -> 12 | AE101: - Change Blade (6x) | AG101: 12 | AM101: =SUM(AF101:AL101)+AT101 -> 12 | AR101: =SUM(AN101:AQ101) -> 0 | BA101: =+AR101+AS101+AU101+AV101+AX101 -> 0 | BC101: 6
B102: Toilet | C102: =(M102*E102*O102*Q102)/100000000 -> 16.57656 | D102: RC HW | E102: 14 | F102: 1 | G102: =+L102 -> 1150 | H102: =+N102 -> 0.22 | I102: 0.88 | J102: =E102*G102*(1-H102)*1440/1000000*2.75 -> 49.72968 | K102: =(IF(G102<L102,L102,G102)*(1-IF(H102<N102,H102,N102))*E102*O102*Q102)/100000000 -> 16.57656 | L102: 1150 | M102: =+L102-L102*0.22 -> 897 | N102: =1-(M102/L102) -> 0.22 | O102: =+'Trim Rwd'!H58 -> 275 | P102: =O102*(Q102-R102-S102) -> 126500 | Q102: 480 | R102: 0 | S102: 20 | T102: =E102*M102*O102*Q102/100000000 -> 16.57656 | U102: =E102*M102*O102*(Q102-R102-S102)/100000000 -> 15.88587 | V102: =E102*G102*(1-N102)*O102/100*(R102+S102)/1000000 -> 0.69069 | W102: =+'18'!C26/1000 -> 9.148 | AC102: =K102-T102 -> 0 | AD102: =+AM102+BA102 -> 26 | AE102: - Change Spool (30x) | AH102: 26 | AM102: =SUM(AF102:AL102)+AT102 -> 26 | AR102: =SUM(AN102:AQ102) -> 0 | BA102: =+AR102+AS102+AU102+AV102+AX102 -> 0
AD103: =+AM103+BA103 -> 0 | AE103: - Cleaning | AI103: 0 | AM103: =SUM(AF103:AL103)+AT103 -> 0 | AR103: =SUM(AN103:AQ103) -> 0 | BA103: =+AR103+AS103+AU103+AV103+AX103 -> 0
A105: 46100 | B105: Toilet | C105: =(M105*E105*O105*Q105)/100000000 -> 49.72968 | D105: RC HW | E105: 14 | F105: 1 | G105: =+L105 -> 1150 | H105: =+N105 -> 0.22 | I105: 0.88 | J105: =E105*G105*(1-H105)*1440/1000000*2.75 -> 49.72968 | K105: =(IF(G105<L105,L105,G105)*(1-IF(H105<N105,H105,N105))*E105*O105*Q105)/100000000 -> 49.72968 | L105: 1150 | M105: 897 | N105: =1-(M105/L105) -> 0.22 | O105: =+'Trim Rwd'!H60 -> 275 | P105: =O105*(Q105-R105-S105) -> 383075 | Q105: 1440 | R105: 0 | S105: 47 | T105: =E105*M105*O105*Q105/100000000 -> 49.72968 | U105: =E105*M105*O105*(Q105-R105-S105)/100000000 -> 48.106558 | V105: =E105*G105*(1-N105)*O105/100*(R105+S105)/1000000 -> 1.6231215 | W105: =+'19'!K34/1000 -> 47.469 | X105: =SUM(W105:W108)/SUM(K105:K108) -> 0.95454063 | Y105: 0 | Z105: 0 | AA105: =SUM(U105:U108)-SUM(W105:W108)-SUM(Z105:Z108)-SUM(Y105:Y108) -> 0.6375585 | AB105: =(SUM(K105:K108)-SUM(W105:W108)-SUM(Y105:Y108)-SUM(Z105:Z108)-SUM(AC105:AC108)-SUM(V105:V108))-AA105 -> 3.3306691e-15 | AC105: =K105-T105 -> 0 | AD105: =+AM105+BA105 -> 15 | AE105: - Sheet Breaks (3x) | AF105: 15 | AM105: =SUM(AF105:AL105)+AT105 -> 15 | AR105: =SUM(AN105:AQ105) -> 0 | BA105: =+AR105+AS105+AU105+AV105+AX105 -> 0 | BB105: 3
AD106: =+AM106+BA106 -> 9 | AE106: - Change Blade (8x) | AG106: 9 | AM106: =SUM(AF106:AL106)+AT106 -> 9 | AR106: =SUM(AN106:AQ106) -> 0 | BA106: =+AR106+AS106+AU106+AV106+AX106 -> 0 | BC106: 8
AD107: =+AM107+BA107 -> 23 | AE107: - Change Spool (28x) | AH107: 23 | AM107: =SUM(AF107:AL107)+AT107 -> 23 | AR107: =SUM(AN107:AQ107) -> 0 | BA107: =+AR107+AS107+AU107+AV107+AX107 -> 0
AD108: =+AM108+BA108 -> 0 | AE108: - Cleaning | AI108: 0 | AM108: =SUM(AF108:AL108)+AT108 -> 0 | AR108: =SUM(AN108:AQ108) -> 0 | BA108: =+AR108+AS108+AU108+AV108+AX108 -> 0
A110: 46101 | B110: Toilet | C110: =(M110*E110*O110*Q110)/100000000 -> 50.997962 | D110: RC HW | E110: 14 | F110: 1 | G110: =+L110 -> 1196.7361 | H110: =+N110 -> 0.22 | I110: 0.88 | J110: =E110*G110*(1-H110)*1440/1000000*2.75 -> 51.750699 | K110: =(IF(G110<L110,L110,G110)*(1-IF(H110<N110,H110,N110))*E110*O110*Q110)/100000000 -> 50.997962 | L110: 1196.7361 | M110: 933.45417 | N110: =1-(M110/L110) -> 0.22 | O110: =+'Trim Rwd'!H62 -> 271 | P110: =O110*(Q110-R110-S110) -> 372625 | Q110: 1440 | R110: 0 | S110: 65 | T110: =E110*M110*O110*Q110/100000000 -> 50.997962 | U110: =E110*M110*O110*(Q110-R110-S110)/100000000 -> 48.69597 | V110: =E110*G110*(1-N110)*O110/100*(R110+S110)/1000000 -> 2.3019913 | W110: =+'20'!K7/1000 -> 45.684 | X110: =SUM(W110:W113)/SUM(K110:K113) -> 0.89580051 | Y110: 0 | Z110: 0 | AA110: =SUM(U110:U113)-SUM(W110:W113)-SUM(Z110:Z113)-SUM(Y110:Y113) -> 3.0119702 | AB110: =(SUM(K110:K113)-SUM(W110:W113)-SUM(Y110:Y113)-SUM(Z110:Z113)-SUM(AC110:AC113)-SUM(V110:V113))-AA110 -> 0 | AC110: =K110-T110 -> 0 | AD110: =+AM110+BA110 -> 5 | AE110: - Sheet Breaks (1x) | AF110: 5 | AM110: =SUM(AF110:AL110)+AT110 -> 5 | AR110: =SUM(AN110:AQ110) -> 0 | BA110: =+AR110+AS110+AU110+AV110+AX110 -> 0 | BB110: 1
AD111: =+AM111+BA111 -> 22 | AE111: - Change Blade (13x) | AG111: 22 | AM111: =SUM(AF111:AL111)+AT111 -> 22 | AR111: =SUM(AN111:AQ111) -> 0 | BA111: =+AR111+AS111+AU111+AV111+AX111 -> 0 | BC111: 13
AD112: =+AM112+BA112 -> 23 | AE112: - Change Spool (26x) | AH112: 23 | AM112: =SUM(AF112:AL112)+AT112 -> 23 | AR112: =SUM(AN112:AQ112) -> 0 | BA112: =+AR112+AS112+AU112+AV112+AX112 -> 0
AD113: =+AM113+BA113 -> 15 | AE113: - 14.00 primary trip, spool tidak bisa turun | AI113: 0 | AJ113: 15 | AM113: =SUM(AF113:AL113)+AT113 -> 15 | AR113: =SUM(AN113:AQ113) -> 0 | BA113: =+AR113+AS113+AU113+AV113+AX113 -> 0
A115: 46102 | B115: Toilet | C115: =(M115*E115*O115*Q115)/100000000 -> 50.87673 | D115: RC HW | E115: 14 | F115: 1 | G115: =+L115 -> 1183.3333 | H115: =+N115 -> 0.22 | I115: 0.88 | J115: =E115*G115*(1-H115)*1440/1000000*2.75 -> 51.17112 | K115: =(IF(G115<L115,L115,G115)*(1-IF(H115<N115,H115,N115))*E115*O115*Q115)/100000000 -> 50.87673 | L115: 1183.3333 | M115: 923 | N115: =1-(M115/L115) -> 0.22 | O115: =+'Trim Rwd'!H64 -> 273.41791 | P115: =O115*(Q115-R115-S115) -> 379777.48 | Q115: 1440 | R115: 0 | S115: 51 | T115: =E115*M115*O115*Q115/100000000 -> 50.87673 | U115: =E115*M115*O115*(Q115-R115-S115)/100000000 -> 49.074846 | V115: =E115*G115*(1-N115)*O115/100*(R115+S115)/1000000 -> 1.8018842 | W115: =+'21'!K7/1000 -> 47.493 | X115: =SUM(W115:W118)/SUM(K115:K118) -> 0.9334916 | Y115: 0 | Z115: =+'21'!D34/1000 -> 0.704 | AA115: =SUM(U115:U118)-SUM(W115:W118)-SUM(Z115:Z118)-SUM(Y115:Y118) -> 0.87784566 | AB115: =(SUM(K115:K118)-SUM(W115:W118)-SUM(Y115:Y118)-SUM(Z115:Z118)-SUM(AC115:AC118)-SUM(V115:V118))-AA115 -> 1.3322676e-15 | AC115: =K115-T115 -> 0 | AD115: =+AM115+BA115 -> 0 | AE115: - Sheet Breaks (0x) | AF115: 0 | AM115: =SUM(AF115:AL115)+AT115 -> 0 | AR115: =SUM(AN115:AQ115) -> 0 | BA115: =+AR115+AS115+AU115+AV115+AX115 -> 0 | BB115: 0
AD116: =+AM116+BA116 -> 15 | AE116: - Change Blade (10x) | AG116: 15 | AM116: =SUM(AF116:AL116)+AT116 -> 15 | AR116: =SUM(AN116:AQ116) -> 0 | BA116: =+AR116+AS116+AU116+AV116+AX116 -> 0 | BC116: 10
AD117: =+AM117+BA117 -> 23 | AE117: - Change Spool (26x) | AH117: 23 | AM117: =SUM(AF117:AL117)+AT117 -> 23 | AR117: =SUM(AN117:AQ117) -> 0 | BA117: =+AR117+AS117+AU117+AV117+AX117 -> 0
AD118: =+AM118+BA118 -> 13 | AE118: - Cleaning | AI118: 13 | AM118: =SUM(AF118:AL118)+AT118 -> 13 | AR118: =SUM(AN118:AQ118) -> 0 | BA118: =+AR118+AS118+AU118+AV118+AX118 -> 0
A120: 46103 | B120: Toilet | C120: =(M120*E120*O120*Q120)/100000000 -> 22.979174 | D120: RC HW | E120: 14 | F120: 1 | G120: =+L120 -> 1200 | H120: =+N120 -> 0.22 | I120: 0.88 | J120: =E120*G120*(1-H120)*1440/1000000*2.75 -> 51.89184 | K120: =(IF(G120<L120,L120,G120)*(1-IF(H120<N120,H120,N120))*E120*O120*Q120)/100000000 -> 22.979174 | L120: 1200 | M120: 936 | N120: =1-(M120/L120) -> 0.22 | O120: =+'Trim Rwd'!H67 -> 274 | P120: =O120*(Q120-R120-S120) -> 169606 | Q120: 640 | R120: 0 | S120: 21 | T120: =E120*M120*O120*Q120/100000000 -> 22.979174 | U120: =E120*M120*O120*(Q120-R120-S120)/100000000 -> 22.22517 | V120: =E120*G120*(1-N120)*O120/100*(R120+S120)/1000000 -> 0.75400416 | W120: =+'22'!K7/1000 -> 25.29 | X120: =SUM(W120:W123)/SUM(K120:K123) -> 0.94194679 | Y120: 0 | Z120: 0 | AA120: =SUM(U120:U123)-SUM(W120:W123)-SUM(Z120:Z123)-SUM(Y120:Y123) -> 1.081808 | AB120: =(SUM(K120:K123)-SUM(W120:W123)-SUM(Y120:Y123)-SUM(Z120:Z123)-SUM(AC120:AC123)-SUM(V120:V123))-AA120 -> 5.9952043e-15 | AC120: =K120-T120 -> 0 | AD120: =+AM120+BA120 -> 9 | AE120: - Sheet Breaks (3x) | AF120: 9 | AM120: =SUM(AF120:AL120)+AT120 -> 9 | AR120: =SUM(AN120:AQ120) -> 0 | BA120: =+AR120+AS120+AU120+AV120+AX120 -> 0 | BB120: 3
B121: Toilet | C121: =(M121*E121*O121*Q121)/100000000 -> 27.795456 | D121: RC HW | E121: 14.5 | F121: 1 | G121: =+L121 -> 1200 | H121: =+N121 -> 0.22 | I121: 0.88 | J121: =E121*G121*(1-H121)*1440/1000000*2.75 -> 53.74512 | K121: =(IF(G121<L121,L121,G121)*(1-IF(H121<N121,H121,N121))*E121*O121*Q121)/100000000 -> 27.795456 | L121: 1200 | M121: 936 | N121: =1-(M121/L121) -> 0.22 | O121: =+'Trim Rwd'!H68 -> 256 | P121: =O121*(Q121-R121-S121) -> 196608 | Q121: 800 | R121: 0 | S121: 32 | T121: =E121*M121*O121*Q121/100000000 -> 27.795456 | U121: =E121*M121*O121*(Q121-R121-S121)/100000000 -> 26.683638 | V121: =E121*G121*(1-N121)*O121/100*(R121+S121)/1000000 -> 1.1118182 | W121: =+'22'!K15/1000 -> 22.537 | AC121: =K121-T121 -> 0 | AD121: =+AM121+BA121 -> 10 | AE121: - Change Blade (7x) | AG121: 10 | AM121: =SUM(AF121:AL121)+AT121 -> 10 | AR121: =SUM(AN121:AQ121) -> 0 | BA121: =+AR121+AS121+AU121+AV121+AX121 -> 0 | BC121: 7
AD122: =+AM122+BA122 -> 29 | AE122: - Change Spool (25x) | AH122: 29 | AM122: =SUM(AF122:AL122)+AT122 -> 29 | AR122: =SUM(AN122:AQ122) -> 0 | BA122: =+AR122+AS122+AU122+AV122+AX122 -> 0
...

Sheet Efficiency2
A1: PM15 Efficiency Running Report
A3: Date | B3: Grade | C3: Speed real (ton) with Available Time | D3: Colour | E3: gsm | F3: Ply | G3: Standard | L3: Real Running | O3: Trim Rewinder (cm) | P3: Trim Rewinder x Running Time | Q3: Available Time (mnt) | R3: Down Time (mnt) | S3: Loss Time (mnt) | T3: Real Speed & Real Creepe Ratio with Available Time (ton) | U3: Real Speed & Real Creepe Ratio setelah dipotong DT & LT (ton) | V3: Loss tonase akibat DT + LT dari hitungan Teori with available time (ton) | W3: Accepted (ton) | X3: Real Eff dr Target Eff | Y3: Backlog | Z3: Reject Rewinder (ton) | AA3: Estimasi Reject to Broke Plant (ton) | AB3: Estimasi Faktor BW (ton) | AC3: Loss Opportunity in Speed (ton) | AD3: Downtime/ Losstime | AE3: Reason of Downtime / Losstime | AF3: Loss Time | AM3: Total Losstime | AN3: Unschedule Shut Down (mnt) | AS3: Schedule Shut Down | AT3: Marketing | AV3: EXT FACTOR | AX3: EXT FACTOR | AZ3: MANAGEMENT | BA3: Total Down Time | BB3: Freq. Sheets Break (X) | BC3: Freq. Change Blade (X) | BD3: Steam, & gangguan sinergy (X) | BE3: Freq, Trip PLN (X) | BF3: Cleaning Holes (X)
AF4: Proses | AI4: Change Grade | AJ4: Mekanik | AK4: Electric & Instrument | AL4: Boiler | AN4: Down Time Produksi | AO4: Mekanik | AP4: Electrical & Instrument | AQ4: Boiler | AR4: Total Unschedule Shut Down | AV4: LOSS | AW4: DOWN TIME | AX4: LOSS | AY4: DOWN TIME
G5: Yankee Speed (mpm) | H5: Max % Creeping | I5: Target Eff | J5: Kapasitas PM-Teori (ton) | K5: Teori (ton) with Available Time | L5: Yankee Speed (mpm) | M5: Popereel Speed (mpm) | N5: % Creeping | AF5: sheet break | AG5: change blade | AH5: change spool | AT5: Loss time | AU5: Down Time | AV5: SINERGY | AW5: SINERGY | AX5: PLN | AY5: PLN
A6: =+Report1!A9 -> 46082 | B6: Toilet | C6: =(M6*E6*O6*Q6)/100000000 -> 10.249181 | D6: RC HW | E6: 14 | F6: 1 | G6: 1275 | H6: 0.22 | I6: 0.88 | J6: =E6*G6*(1-H6)*1440/1000000*2.75 -> 55.13508 | K6: =(IF(G6<L6,L6,G6)*(1-IF(H6<N6,H6,N6))*E6*O6*Q6)/100000000 -> 11.974637 | L6: 1120 | M6: 851.2 | N6: =1-(M6/L6) -> 0.24 | O6: =+'Trim Rwd'!H4 -> 268.76923 | P6: =O6*(Q6-R6-S6) -> 49184.769 | Q6: =200+120 -> 320 | R6: 120 | S6: 17 | T6: =E6*M6*O6*Q6/100000000 -> 10.249181 | U6: =E6*M6*O6*(Q6-R6-S6)/100000000 -> 5.8612506 | V6: =E6*G6*(1-N6)*O6/100*(R6+S6)/1000000 -> 4.995189 | W6: =+'1'!K7/1000 -> 9.31 | X6: =SUM(W6:W9)/SUM(K6:K9) -> 0.65849772 | Y6: 0 | Z6: =+'1'!D17/1000 -> 0.69 | AA6: =SUM(U6:U9)-SUM(W6:W9)-SUM(Z6:Z9)-SUM(Y6:Y9) -> 5.244285 | AB6: =(SUM(K6:K9)-SUM(W6:W9)-SUM(Y6:Y9)-SUM(Z6:Z9)-SUM(AC6:AC9)-SUM(V6:V9))-AA6 -> -0.72290843 | AC6: =K6-T6 -> 1.7254555 | AD6: =+AM6+BA6 -> 0 | AE6: - Sheet Breaks (0x) | AF6: 0 | AM6: =SUM(AF6:AL6)+AT6 -> 0 | AR6: =SUM(AN6:AQ6) -> 0 | BA6: =+AR6+AS6+AU6+AV6+AX6 -> 0 | BB6: 0 | BF6: 3
B7: Toilet | C7: =(M7*E7*O7*Q7)/100000000 -> 36.572659 | D7: RC HW | E7: 15.5 | F7: 1 | G7: 1150 | H7: 0.22 | I7: 0.88 | J7: =E7*G7*(1-H7)*1440/1000000*2.75 -> 55.05786 | K7: =(IF(G7<L7,L7,G7)*(1-IF(H7<N7,H7,N7))*E7*O7*Q7)/100000000 -> 41.966324 | L7: 1028.5714 | M7: 781.71429 | N7: =1-(M7/L7) -> 0.24 | O7: =+'Trim Rwd'!H6 -> 269.5 | P7: =O7*(Q7-R7-S7) -> 293755 | Q7: 1120 | R7: 0 | S7: 30 | T7: =E7*M7*O7*Q7/100000000 -> 36.572659 | U7: =E7*M7*O7*(Q7-R7-S7)/100000000 -> 35.593034 | V7: =E7*G7*(1-N7)*O7/100*(R7+S7)/1000000 -> 1.0952749 | W7: =+'1'!K8/1000 -> 26.21 | AC7: =K7-T7 -> 5.3936652 | AD7: =+AM7+BA7 -> 18 | AE7: - Change Blade (14x) | AG7: 18 | AM7: =SUM(AF7:AL7)+AT7 -> 18 | AR7: =SUM(AN7:AQ7) -> 0 | BA7: =+AR7+AS7+AU7+AV7+AX7 -> 0 | BC7: 14
AD8: =+AM8+BA8 -> 19 | AE8: - Change Spool (22x) | AH8: 19 | AM8: =SUM(AF8:AL8)+AT8 -> 19 | AR8: =SUM(AN8:AQ8) -> 0 | BA8: =+AR8+AS8+AU8+AV8+AX8 -> 0
AD9: =+AM9+BA9 -> 10 | AE9: - Cleaning | AI9: 10 | AM9: =SUM(AF9:AL9)+AT9 -> 10 | AR9: =SUM(AN9:AQ9) -> 0 | BA9: =+AR9+AS9+AU9+AV9+AX9 -> 0
AD10: =+AM10+BA10 -> 120 | AE10: - 10.20 pm stop, cleaning felt dg solar | AM10: =SUM(AF10:AL10)+AT10 -> 0 | AN10: 120 | AR10: =SUM(AN10:AQ10) -> 120 | BA10: =+AR10+AS10+AU10+AV10+AX10 -> 120
A12: 46083 | B12: Toilet | C12: =(M12*E12*O12*Q12)/100000000 -> 45.715824 | D12: RC HW | E12: 15.5 | F12: 1 | G12: 1150 | H12: 0.22 | I12: 0.88 | J12: =E12*G12*(1-H12)*1440/1000000*2.75 -> 55.05786 | K12: =(IF(G12<L12,L12,G12)*(1-IF(H12<N12,H12,N12))*E12*O12*Q12)/100000000 -> 53.956703 | L12: 1000 | M12: 760 | N12: =1-(M12/L12) -> 0.24 | O12: =+'Trim Rwd'!H8 -> 269.5 | P12: =O12*(Q12-R12-S12) -> 244436.5 | Q12: 1440 | R12: =369+120 -> 489 | S12: 44 | T12: =E12*M12*O12*Q12/100000000 -> 45.715824 | U12: =E12*M12*O12*(Q12-R12-S12)/100000000 -> 28.79462 | V12: =E12*G12*(1-N12)*O12/100*(R12+S12)/1000000 -> 19.459385 | W12: =+'2'!K8/1000 -> 28.408 | X12: =SUM(W12:W15)/SUM(K12:K15) -> 0.52649622 | Y12: 0 | Z12: 0 | AA12: =SUM(U12:U15)-SUM(W12:W15)-SUM(Z12:Z15)-SUM(Y12:Y15) -> 0.3866197 | AB12: =(SUM(K12:K15)-SUM(W12:W15)-SUM(Y12:Y15)-SUM(Z12:Z15)-SUM(AC12:AC15)-SUM(V12:V15))-AA12 -> -2.5381806 | AC12: =K12-T12 -> 8.2408788 | AD12: =+AM12+BA12 -> 2 | AE12: - Sheet Breaks (1x) | AF12: 2 | AM12: =SUM(AF12:AL12)+AT12 -> 2 | AR12: =SUM(AN12:AQ12) -> 0 | BA12: =+AR12+AS12+AU12+AV12+AX12 -> 0 | BB12: 1 | BF12: 3
AC13: =K13-T13 -> 0 | AD13: =+AM13+BA13 -> 15 | AE13: - Change Blade (13x) | AG13: 15 | AM13: =SUM(AF13:AL13)+AT13 -> 15 | AR13: =SUM(AN13:AQ13) -> 0 | BA13: =+AR13+AS13+AU13+AV13+AX13 -> 0 | BC13: 13
AD14: =+AM14+BA14 -> 17 | AE14: - Change Spool (18x) | AH14: 17 | AM14: =SUM(AF14:AL14)+AT14 -> 17 | AR14: =SUM(AN14:AQ14) -> 0 | BA14: =+AR14+AS14+AU14+AV14+AX14 -> 0
AD15: =+AM15+BA15 -> 10 | AE15: - Cleaning | AI15: 10 | AM15: =SUM(AF15:AL15)+AT15 -> 10 | AR15: =SUM(AN15:AQ15) -> 0 | BA15: =+AR15+AS15+AU15+AV15+AX15 -> 0
AD16: =+AM16+BA16 -> 369 | AE16: - 10.21 pm stop, cleaning felt dan wire | AM16: =SUM(AF16:AL16)+AT16 -> 0 | AN16: 369 | AR16: =SUM(AN16:AQ16) -> 369 | BA16: =+AR16+AS16+AU16+AV16+AX16 -> 369
AD17: =+AM17+BA17 -> 120 | AE17: - 19.20 pm gagal jalan ducting hood sobek perbaikan MED | AM17: =SUM(AF17:AL17)+AT17 -> 0 | AO17: 120 | AR17: =SUM(AN17:AQ17) -> 120 | BA17: =+AR17+AS17+AU17+AV17+AX17 -> 120
A19: 46084 | B19: Toilet | C19: =(M19*E19*O19*Q19)/100000000 -> 17.860041 | D19: RC HW | E19: 15.5 | F19: 1 | G19: 1150 | H19: 0.22 | I19: 0.88 | J19: =E19*G19*(1-H19)*1440/1000000*2.75 -> 55.05786 | K19: =(IF(G19<L19,L19,G19)*(1-IF(H19<N19,H19,N19))*E19*O19*Q19)/100000000 -> 20.983162 | L19: 1002.6786 | M19: 763.49107 | N19: =1-(M19/L19) -> 0.23854853 | O19: =+'Trim Rwd'!H10 -> 269.5 | P19: =O19*(Q19-R19-S19) -> 140140 | Q19: 560 | R19: 0 | S19: 40 | T19: =E19*M19*O19*Q19/100000000 -> 17.860041 | U19: =E19*M19*O19*(Q19-R19-S19)/100000000 -> 16.584324 | V19: =E19*G19*(1-N19)*O19/100*(R19+S19)/1000000 -> 1.4631556 | W19: =+'3'!K8/1000 -> 19.752 | X19: =SUM(W19:W22)/SUM(K19:K22) -> 0.74698095 | Y19: 0 | Z19: 0 | AA19: =SUM(U19:U22)-SUM(W19:W22)-SUM(Z19:Z22)-SUM(Y19:Y22) -> 0.80881401 | AB19: =(SUM(K19:K22)-SUM(W19:W22)-SUM(Y19:Y22)-SUM(Z19:Z22)-SUM(AC19:AC22)-SUM(V19:V22))-AA19 -> -0.53853322 | AC19: =K19-T19 -> 3.123121 | AD19: =+AM19+BA19 -> 0 | AE19: - Sheet Breaks (0x) | AF19: 0 | AM19: =SUM(AF19:AL19)+AT19 -> 0 | AR19: =SUM(AN19:AQ19) -> 0 | BA19: =+AR19+AS19+AU19+AV19+AX19 -> 0 | BB19: 0
B20: Toilet | C20: =(M20*E20*O20*Q20)/100000000 -> 26.2724 | D20: RC HW | E20: 14 | F20: 1 | G20: 1280 | H20: =+N20 -> 0.22454545 | I20: 0.88 | J20: =E20*G20*(1-H20)*1440/1000000*2.75 -> 55.028736 | K20: =(IF(G20<L20,L20,G20)*(1-IF(H20<N20,H20,N20))*E20*O20*Q20)/100000000 -> 33.628672 | L20: 1000 | M20: 775.45455 | N20: =1-(M20/L20) -> 0.22454545 | O20: =+'Trim Rwd'!H11 -> 275 | P20: =O20*(Q20-R20-S20) -> 230450 | Q20: 880 | R20: 0 | S20: 42 | T20: =E20*M20*O20*Q20/100000000 -> 26.2724 | U20: =E20*M20*O20*(Q20-R20-S20)/100000000 -> 25.01849 | V20: =E20*G20*(1-N20)*O20/100*(R20+S20)/1000000 -> 1.6050048 | W20: =+'3'!K7/1000 -> 21.042 | AC20: =K20-T20 -> 7.356272 | AD20: =+AM20+BA20 -> 14 | AE20: - Change Blade (13x) | AG20: 14 | AM20: =SUM(AF20:AL20)+AT20 -> 14 | AR20: =SUM(AN20:AQ20) -> 0 | BA20: =+AR20+AS20+AU20+AV20+AX20 -> 0 | BC20: 13
AD21: =+AM21+BA21 -> 20 | AE21: - Change Spool (26x) | AH21: 20 | AM21: =SUM(AF21:AL21)+AT21 -> 20 | AR21: =SUM(AN21:AQ21) -> 0 | BA21: =+AR21+AS21+AU21+AV21+AX21 -> 0
AD22: =+AM22+BA22 -> 18 | AE22: - Cleaning | AI22: 18 | AM22: =SUM(AF22:AL22)+AT22 -> 18 | AR22: =SUM(AN22:AQ22) -> 0 | BA22: =+AR22+AS22+AU22+AV22+AX22 -> 0
AD23: =+AM23+BA23 -> 30 | AE23: - 21.30 doctor blade no 2 unload sendiri pm stock off, perbaikan EID | AK23: 30 | AM23: =SUM(AF23:AL23)+AT23 -> 30 | AR23: =SUM(AN23:AQ23) -> 0 | BA23: =+AR23+AS23+AU23+AV23+AX23 -> 0
A25: 46085 | B25: Toilet | C25: =(M25*E25*O25*Q25)/100000000 -> 7.22722 | D25: RC HW | E25: 14 | F25: 1 | G25: 1275 | H25: 0.22 | I25: 0.88 | J25: =E25*G25*(1-H25)*1440/1000000*2.75 -> 55.13508 | K25: =(IF(G25<L25,L25,G25)*(1-IF(H25<N25,H25,N25))*E25*O25*Q25)/100000000 -> 9.4571978 | L25: 1000 | M25: 760 | N25: =1-(M25/L25) -> 0.24 | O25: =+'Trim Rwd'!H13 -> 275 | P25: =O25*(Q25-R25-S25) -> 59675 | Q25: 247 | R25: 0 | S25: 30 | T25: =E25*M25*O25*Q25/100000000 -> 7.22722 | U25: =E25*M25*O25*(Q25-R25-S25)/100000000 -> 6.34942 | V25: =E25*G25*(1-N25)*O25/100*(R25+S25)/1000000 -> 1.119195 | W25: =+'4'!K7/1000 -> 10.941 | X25: =SUM(W25:W28)/SUM(K25:K28) -> 0.70333872 | Y25: 0 | Z25: 0 | AA25: =SUM(U25:U28)-SUM(W25:W28)-SUM(Z25:Z28)-SUM(Y25:Y28) -> -0.5022282 | AB25: =(SUM(K25:K28)-SUM(W25:W28)-SUM(Y25:Y28)-SUM(Z25:Z28)-SUM(AC25:AC28)-SUM(V25:V28))-AA25 -> -1.27156 | AC25: =K25-T25 -> 2.2299778 | AD25: =+AM25+BA25 -> 5 | AE25: - Sheet Breaks (3x) | AF25: 5 | AM25: =SUM(AF25:AL25)+AT25 -> 5 | AR25: =SUM(AN25:AQ25) -> 0 | BA25: =+AR25+AS25+AU25+AV25+AX25 -> 0 | BB25: 3 | BF25: 3
B26: Toilet | C26: =(M26*E26*O26*Q26)/100000000 -> 38.108118 | D26: RC HW | E26: 15.5 | F26: 1 | G26: 1150 | H26: 0.22 | I26: 0.88 | J26: =E26*G26*(1-H26)*1440/1000000*2.75 -> 55.05786 | K26: =(IF(G26<L26,L26,G26)*(1-IF(H26<N26,H26,N26))*E26*O26*Q26)/100000000 -> 44.701629 | L26: 1000 | M26: 764.69208 | N26: =1-(M26/L26) -> 0.23530792 | O26: =+'Trim Rwd'!H14 -> 269.5 | P26: =O26*(Q26-R26-S26) -> 263571 | Q26: =1023+170 -> 1193 | R26: 170 | S26: =55+20-S25 -> 45 | T26: =E26*M26*O26*Q26/100000000 -> 38.108118 | U26: =E26*M26*O26*(Q26-R26-S26)/100000000 -> 31.240352 | V26: =E26*G26*(1-N26)*O26/100*(R26+S26)/1000000 -> 7.8979315 | W26: =+'4'!K8/1000 -> 27.151 | AC26: =K26-T26 -> 6.5935112 | AD26: =+AM26+BA26 -> 10 | AE26: - Change Blade (8x) | AG26: 10 | AM26: =SUM(AF26:AL26)+AT26 -> 10 | AR26: =SUM(AN26:AQ26) -> 0 | BA26: =+AR26+AS26+AU26+AV26+AX26 -> 0 | BC26: 8
AD27: =+AM27+BA27 -> 23 | AE27: - Change Spool (23x) | AH27: 23 | AM27: =SUM(AF27:AL27)+AT27 -> 23 | AR27: =SUM(AN27:AQ27) -> 0 | BA27: =+AR27+AS27+AU27+AV27+AX27 -> 0
AD28: =+AM28+BA28 -> 17 | AE28: - Cleaning | AI28: 17 | AM28: =SUM(AF28:AL28)+AT28 -> 17 | AR28: =SUM(AN28:AQ28) -> 0 | BA28: =+AR28+AS28+AU28+AV28+AX28 -> 0
AD29: =+AM29+BA29 -> 20 | AE29: - 19.25 hood mati proses nyalakan hood EID | AK29: 20 | AM29: =SUM(AF29:AL29)+AT29 -> 20 | AR29: =SUM(AN29:AQ29) -> 0 | BA29: =+AR29+AS29+AU29+AV29+AX29 -> 0
AD30: =+AM30+BA30 -> 170 | AE30: - 16.55 JR turun masih ada hole, pm stop cleaning solat felt & katcer wire | AM30: =SUM(AF30:AL30)+AT30 -> 0 | AN30: 170 | AR30: =SUM(AN30:AQ30) -> 170 | BA30: =+AR30+AS30+AU30+AV30+AX30 -> 170
A32: 46086 | B32: Toilet | C32: =(M32*E32*O32*Q32)/100000000 -> 36.571406 | D32: RC HW | E32: 15.5 | F32: 1 | G32: 1150 | H32: 0.22 | I32: 0.88 | J32: =E32*G32*(1-H32)*1440/1000000*2.75 -> 55.05786 | K32: =(IF(G32<L32,L32,G32)*(1-IF(H32<N32,H32,N32))*E32*O32*Q32)/100000000 -> 42.603313 | L32: 1000 | M32: 770 | N32: =1-(M32/L32) -> 0.23 | O32: =+'Trim Rwd'!H16 -> 269.5 | P32: =O32*(Q32-R32-S32) -> 292677 | Q32: 1137 | R32: 0 | S32: 51 | T32: =E32*M32*O32*Q32/100000000 -> 36.571406 | U32: =E32*M32*O32*(Q32-R32-S32)/100000000 -> 34.931 | V32: =E32*G32*(1-N32)*O32/100*(R32+S32)/1000000 -> 1.886467 | W32: =+'5'!K8/1000 -> 38.416 | X32: =SUM(W32:W35)/SUM(K32:K35) -> 0.80272801 | Y32: 0 | Z32: 0 | AA32: =SUM(U32:U35)-SUM(W32:W35)-SUM(Z32:Z35)-SUM(Y32:Y35) -> -0.31081685 | AB32: =(SUM(K32:K35)-SUM(W32:W35)-SUM(Y32:Y35)-SUM(Z32:Z35)-SUM(AC32:AC35)-SUM(V32:V35))-AA32 -> -0.38053063 | AC32: =K32-T32 -> 6.0319072 | AD32: =+AM32+BA32 -> 6 | AE32: - Sheet Breaks (3x) | AF32: 6 | AM32: =SUM(AF32:AL32)+AT32 -> 6 | AR32: =SUM(AN32:AQ32) -> 0 | BA32: =+AR32+AS32+AU32+AV32+AX32 -> 0 | BB32: 3
B33: Toilet | C33: =(M33*E33*O33*Q33)/100000000 -> 8.4884011 | D33: RC HW | E33: 13.5 | F33: 1 | G33: 1320 | H33: 0.22 | I33: 0.88 | J33: =E33*G33*(1-H33)*1440/1000000*2.75 -> 55.042416 | K33: =(IF(G33<L33,L33,G33)*(1-IF(H33<N33,H33,N33))*E33*O33*Q33)/100000000 -> 11.350205 | L33: 1000 | M33: 770 | N33: =1-(M33/L33) -> 0.23 | O33: =+'Trim Rwd'!H17 -> 269.5 | P33: =O33*(Q33-R33-S33) -> 77616 | Q33: 303 | R33: 0 | S33: 15 | T33: =E33*M33*O33*Q33/100000000 -> 8.4884011 | U33: =E33*M33*O33*(Q33-R33-S33)/100000000 -> 8.0681832 | V33: =E33*G33*(1-N33)*O33/100*(R33+S33)/1000000 -> 0.55468759 | W33: =+'5'!K9/1000 -> 4.894 | AC33: =K33-T33 -> 2.8618038 | AD33: =+AM33+BA33 -> 14 | AE33: - Change Blade (13x) | AG33: 14 | AM33: =SUM(AF33:AL33)+AT33 -> 14 | AR33: =SUM(AN33:AQ33) -> 0 | BA33: =+AR33+AS33+AU33+AV33+AX33 -> 0 | BC33: 13
AD34: =+AM34+BA34 -> 14 | AE34: - Change Spool (23x) | AH34: 14 | AM34: =SUM(AF34:AL34)+AT34 -> 14 | AR34: =SUM(AN34:AQ34) -> 0 | BA34: =+AR34+AS34+AU34+AV34+AX34 -> 0
AD35: =+AM35+BA35 -> 17 | AE35: - Cleaning | AI35: 17 | AM35: =SUM(AF35:AL35)+AT35 -> 17 | AR35: =SUM(AN35:AQ35) -> 0 | BA35: =+AR35+AS35+AU35+AV35+AX35 -> 0
AD36: =+AM36+BA36 -> 15 | AE36: - 11.31 motor pompa boster coating release trip, tisu sirkulasi | AK36: 15 | AM36: =SUM(AF36:AL36)+AT36 -> 15 | AR36: =SUM(AN36:AQ36) -> 0 | BA36: =+AR36+AS36+AU36+AV36+AX36 -> 0
A38: 46087 | B38: Toilet | C38: =(M38*E38*O38*Q38)/100000000 -> 23.787887 | D38: RC HW | E38: 13.5 | F38: 1 | G38: 1255 | H38: =+N38 -> 0.18 | I38: 0.88 | J38: =E38*G38*(1-H38)*1440/1000000*2.75 -> 55.015686 | K38: =(IF(G38<L38,L38,G38)*(1-IF(H38<N38,H38,N38))*E38*O38*Q38)/100000000 -> 29.853798 | L38: 1000 | M38: 820 | N38: =1-(M38/L38) -> 0.18 | O38: =+'Trim Rwd'!H19 -> 264.3125 | P38: =O38*(Q38-R38-S38) -> 209071.19 | Q38: 813 | R38: 0 | S38: 22 | T38: =E38*M38*O38*Q38/100000000 -> 23.787887 | U38: =E38*M38*O38*(Q38-R38-S38)/100000000 -> 23.14418 | V38: =E38*G38*(1-N38)*O38/100*(R38+S38)/1000000 -> 0.80785186 | W38: =+'6'!K9/1000 -> 26.603 | X38: =SUM(W38:W41)/SUM(K38:K41) -> 0.6361228 | Y38: 0 | Z38: 0 | AA38: =SUM(U38:U41)-SUM(W38:W41)-SUM(Z38:Z41)-SUM(Y38:Y41) -> -1.0456395 | AB38: =(SUM(K38:K41)-SUM(W38:W41)-SUM(Y38:Y41)-SUM(Z38:Z41)-SUM(AC38:AC41)-SUM(V38:V41))-AA38 -> -2.0138777 | AC38: =K38-T38 -> 6.0659112 | AD38: =+AM38+BA38 -> 2 | AE38: - Sheet Breaks (1x) | AF38: 2 | AM38: =SUM(AF38:AL38)+AT38 -> 2 | AR38: =SUM(AN38:AQ38) -> 0 | BA38: =+AR38+AS38+AU38+AV38+AX38 -> 0 | BB38: 1 | BD38: 1
B39: Toilet | C39: =(M39*E39*O39*Q39)/100000000 -> 0.44198 | D39: RC HW | E39: 20 | F39: 1 | G39: 850 | H39: =+N39 -> 0.18 | I39: 0.88 | J39: =E39*G39*(1-H39)*1440/1000000*2.75 -> 55.2024 | K39: =(IF(G39<L39,L39,G39)*(1-IF(H39<N39,H39,N39))*E39*O39*Q39)/100000000 -> 0.44198 | L39: 1000 | M39: 820 | N39: =1-(M39/L39) -> 0.18 | O39: =+'Trim Rwd'!H21 -> 269.5 | P39: =O39*(Q39-R39-S39) -> 1347.5 | Q39: 10 | R39: 0 | S39: 5 | T39: =E39*M39*O39*Q39/100000000 -> 0.44198 | U39: =E39*M39*O39*(Q39-R39-S39)/100000000 -> 0.22099 | V39: =E39*G39*(1-N39)*O39/100*(R39+S39)/1000000 -> 0.1878415 | W39: =+'5'!K15/1000 -> 0 | AC39: =K39-T39 -> 0 | AD39: =+AM39+BA39 -> 13 | AE39: - Change Blade (9x) | AG39: 13 | AM39: =SUM(AF39:AL39)+AT39 -> 13 | AR39: =SUM(AN39:AQ39) -> 0 | BA39: =+AR39+AS39+AU39+AV39+AX39 -> 0 | BC39: 9
B40: Toilet | C40: =(M40*E40*O40*Q40)/100000000 -> 9.03903 | D40: RC HW | E40: 14 | F40: 1 | G40: 1275 | H40: =+N40 -> 0.22 | I40: 0.88 | J40: =E40*G40*(1-H40)*1440/1000000*2.75 -> 55.13508 | K40: =(IF(G40<L40,L40,G40)*(1-IF(H40<N40,H40,N40))*E40*O40*Q40)/100000000 -> 11.524763 | L40: 1000 | M40: 780 | N40: =1-(M40/L40) -> 0.22 | O40: =+'Trim Rwd'!H22 -> 275 | P40: =O40*(Q40-R40-S40) -> 20075 | Q40: =617-316 -> 301 | R40: =539-316 -> 223 | S40: 5 | T40: =E40*M40*O40*Q40/100000000 -> 9.03903 | U40: =E40*M40*O40*(Q40-R40-S40)/100000000 -> 2.19219 | V40: =E40*G40*(1-N40)*O40/100*(R40+S40)/1000000 -> 8.729721 | W40: =+'5'!K16/1000 -> 0 | AC40: =K40-T40 -> 2.4857332 | AD40: =+AM40+BA40 -> 8 | AE40: - Change Spool (17x) | AH40: 8 | AM40: =SUM(AF40:AL40)+AT40 -> 8 | AR40: =SUM(AN40:AQ40) -> 0 | BA40: =+AR40+AS40+AU40+AV40+AX40 -> 0
AD41: =+AM41+BA41 -> 9 | AE41: - Cleaning | AI41: 9 | AM41: =SUM(AF41:AL41)+AT41 -> 9 | AR41: =SUM(AN41:AQ41) -> 0 | BA41: =+AR41+AS41+AU41+AV41+AX41 -> 0
AD42: =+AM42+BA42 -> 223 | AE42: - Sinergy Black Out | AM42: =SUM(AF42:AL42)+AT42 -> 0 | AR42: =SUM(AN42:AQ42) -> 0 | AW42: =539-316 -> 223 | BA42: =+AR42+AS42+AU42+AW42 -> 223
A44: 46088 | B44: Toilet | C44: =(M44*E44*O44*Q44)/100000000 -> 37.593956 | D44: RC HW | E44: 20 | F44: 1 | G44: 895 | H44: =+N44 -> 0.22 | I44: 0.88 | J44: =E44*G44*(1-H44)*1440/1000000*2.75 -> 55.28952 | K44: =(IF(G44<L44,L44,G44)*(1-IF(H44<N44,H44,N44))*E44*O44*Q44)/100000000 -> 39.584225 | L44: 850 | M44: 663 | N44: =1-(M44/L44) -> 0.22 | O44: =+'Trim Rwd'!H24 -> 269.5 | P44: =O44*(Q44-R44-S44) -> 275429 | Q44: =1437-385 -> 1052 | R44: =385-385 -> 0 | S44: 30 | T44: =E44*M44*O44*Q44/100000000 -> 37.593956 | U44: =E44*M44*O44*(Q44-R44-S44)/100000000 -> 36.521885 | V44: =E44*G44*(1-N44)*O44/100*(R44+S44)/1000000 -> 1.1288277 | W44: =+'7'!K10/1000 -> 31.99 | X44: =SUM(W44:W47)/SUM(K44:K47) -> 0.80595609 | Y44: 0 | Z44: 0 | AA44: =SUM(U44:U47)-SUM(W44:W47)-SUM(Z44:Z47)-SUM(Y44:Y47) -> 4.5028062 | AB44: =(SUM(K44:K47)-SUM(W44:W47)-SUM(Y44:Y47)-SUM(Z44:Z47)-SUM(AC44:AC47)-SUM(V44:V47))-AA44 -> -0.08412534 | AC44: =K44-T44 -> 1.9902683 | AD44: =+AM44+BA44 -> 0 | AE44: - Sheet Breaks (0x) | AF44: 0 | AM44: =SUM(AF44:AL44)+AT44 -> 0 | AR44: =SUM(AN44:AQ44) -> 0 | BA44: =+AR44+AS44+AU44+AV44+AX44 -> 0 | BB44: 0 | BD44: 1
B45: Toilet | C45: =(M45*E45*O45*Q45)/100000000 -> 0.08723754 | D45: RC HW | E45: 17 | F45: 1 | G45: 1050 | H45: =+N45 -> 0.22 | I45: 0.88 | J45: =E45*G45*(1-H45)*1440/1000000*2.75 -> 55.13508 | K45: =(IF(G45<L45,L45,G45)*(1-IF(H45<N45,H45,N45))*E45*O45*Q45)/100000000 -> 0.10776402 | L45: 850 | M45: 663 | N45: =1-(M45/L45) -> 0.22 | O45: =+'Trim Rwd'!H25 -> 258 | P45: =O45*(Q45-R45-S45) -> -258 | Q45: 3 | R45: 0 | S45: 4 | T45: =E45*M45*O45*Q45/100000000 -> 0.08723754 | U45: =E45*M45*O45*(Q45-R45-S45)/100000000 -> -0.02907918 | V45: =E45*G45*(1-N45)*O45/100*(R45+S45)/1000000 -> 0.14368536 | W45: =+'5'!K21/1000 -> 0 | AC45: =K45-T45 -> 0.02052648 | AD45: =+AM45+BA45 -> 9 | AE45: - Change Blade (10x) | AG45: 9 | AM45: =SUM(AF45:AL45)+AT45 -> 9 | AR45: =SUM(AN45:AQ45) -> 0 | BA45: =+AR45+AS45+AU45+AV45+AX45 -> 0 | BC45: 10
AD46: =+AM46+BA46 -> 17 | AE46: - Change Spool (19x) | AH46: 17 | AM46: =SUM(AF46:AL46)+AT46 -> 17 | AR46: =SUM(AN46:AQ46) -> 0 | BA46: =+AR46+AS46+AU46+AV46+AX46 -> 0
AD47: =+AM47+BA47 -> 8 | AE47: - Cleaning | AI47: 8 | AM47: =SUM(AF47:AL47)+AT47 -> 8 | AR47: =SUM(AN47:AQ47) -> 0 | BA47: =+AR47+AS47+AU47+AV47+AX47 -> 0
AD48: =+AM48+BA48 -> 0 | AE48: - Sinergy Black Out | AM48: =SUM(AF48:AL48)+AT48 -> 0 | AR48: =SUM(AN48:AQ48) -> 0 | AW48: =385-385 -> 0 | BA48: =+AR48+AS48+AU48+AW48 -> 0
A50: 46089 | B50: Toilet | C50: =(M50*E50*O50*Q50)/100000000 -> 18.265146 | D50: RC HW | E50: 17 | F50: 1 | G50: 1050 | H50: =+N50 -> 0.22 | I50: 0.88 | J50: =E50*G50*(1-H50)*1440/1000000*2.75 -> 55.13508 | K50: =(IF(G50<L50,L50,G50)*(1-IF(H50<N50,H50,N50))*E50*O50*Q50)/100000000 -> 22.055703 | L50: 869.54397 | M50: 678.2443 | N50: =1-(M50/L50) -> 0.22 | O50: =+'Trim Rwd'!H28 -> 258 | P50: =O50*(Q50-R50-S50) -> 154026 | Q50: 614 | R50: 0 | S50: 17 | T50: =E50*M50*O50*Q50/100000000 -> 18.265146 | U50: =E50*M50*O50*(Q50-R50-S50)/100000000 -> 17.759434 | V50: =E50*G50*(1-N50)*O50/100*(R50+S50)/1000000 -> 0.61066278 | W50: =+'8'!K11/1000 -> 18.517 | X50: =SUM(W50:W53)/SUM(K50:K53) -> 0.86277856 | Y50: 0 | Z50: 0 | AA50: =SUM(U50:U53)-SUM(W50:W53)-SUM(Z50:Z53)-SUM(Y50:Y53) -> -2.6462733 | AB50: =(SUM(K50:K53)-SUM(W50:W53)-SUM(Y50:Y53)-SUM(Z50:Z53)-SUM(AC50:AC53)-SUM(V50:V53))-AA50 -> -0.25873043 | AC50: =K50-T50 -> 3.7905566 | AD50: =+AM50+BA50 -> 0 | AE50: - Sheet Breaks (0x) | AF50: 0 | AM50: =SUM(AF50:AL50)+AT50 -> 0 | AR50: =SUM(AN50:AQ50) -> 0 | BA50: =+AR50+AS50+AU50+AV50+AX50 -> 0 | BB50: 0
B51: Toilet | C51: =(M51*E51*O51*Q51)/100000000 -> 25.661094 | D51: RC HW | E51: 16 | F51: 1 | G51: 1065 | H51: =+N51 -> 0.18450363 | I51: 0.88 | J51: =E51*G51*(1-H51)*1440/1000000*2.75 -> 55.02839 | K51: =(IF(G51<L51,L51,G51)*(1-IF(H51<N51,H51,N51))*E51*O51*Q51)/100000000 -> 30.365628 | L51: 900 | M51: 733.94673 | N51: =1-(M51/L51) -> 0.18450363 | O51: =+'Trim Rwd'!H29 -> 264.55172 | P51: =O51*(Q51-R51-S51) -> 211376.83 | Q51: 826 | R51: 0 | S51: 27 | T51: =E51*M51*O51*Q51/100000000 -> 25.661094 | U51: =E51*M51*O51*(Q51-R51-S51)/100000000 -> 24.822293 | V51: =E51*G51*(1-N51)*O51/100*(R51+S51)/1000000 -> 0.99258106 | W51: =+'8'!K12/1000 -> 22.932 | AC51: =K51-T51 -> 4.7045339 | AD51: =+AM51+BA51 -> 15 | AE51: - Change Blade (10x) | AG51: 15 | AM51: =SUM(AF51:AL51)+AT51 -> 15 | AR51: =SUM(AN51:AQ51) -> 0 | BA51: =+AR51+AS51+AU51+AV51+AX51 -> 0 | BC51: 10
B52: Toilet | E52: 20 | W52: =+'8'!K10/1000 -> 3.779 | AD52: =+AM52+BA52 -> 21 | AE52: - Change Spool (23x) | AH52: 21 | AM52: =SUM(AF52:AL52)+AT52 -> 21 | AR52: =SUM(AN52:AQ52) -> 0 | BA52: =+AR52+AS52+AU52+AV52+AX52 -> 0
AD53: =+AM53+BA53 -> 8 | AE53: - Cleaning | AI53: 8 | AM53: =SUM(AF53:AL53)+AT53 -> 8 | AR53: =SUM(AN53:AQ53) -> 0 | BA53: =+AR53+AS53+AU53+AV53+AX53 -> 0
A55: 46090 | B55: Toilet | C55: =(M55*E55*O55*Q55)/100000000 -> 11.534054 | D55: RC HW | E55: 16 | F55: 1 | G55: 1060 | H55: =+N55 -> 0.18 | I55: 0.88 | J55: =E55*G55*(1-H55)*1440/1000000*2.75 -> 55.072512 | K55: =(IF(G55<L55,L55,G55)*(1-IF(H55<N55,H55,N55))*E55*O55*Q55)/100000000 -> 13.584553 | L55: 900 | M55: 738 | N55: =1-(M55/L55) -> 0.18 | O55: =+'Trim Rwd'!H32 -> 264 | P55: =O55*(Q55-R55-S55) -> 95568 | Q55: 370 | R55: 0 | S55: 8 | T55: =E55*M55*O55*Q55/100000000 -> 11.534054 | U55: =E55*M55*O55*(Q55-R55-S55)/100000000 -> 11.284669 | V55: =E55*G55*(1-N55)*O55/100*(R55+S55)/1000000 -> 0.29372006 | W55: =+'9'!K12/1000 -> 15.485 | X55: =SUM(W55:W58)/SUM(K55:K58) -> 0.9136557 | Y55: 0 | Z55: 0 | AA55: =SUM(U55:U58)-SUM(W55:W58)-SUM(Z55:Z58)-SUM(Y55:Y58) -> -1.3073616 | AB55: =(SUM(K55:K58)-SUM(W55:W58)-SUM(Y55:Y58)-SUM(Z55:Z58)-SUM(AC55:AC58)-SUM(V55:V58))-AA55 -> -0.10192141 | AC55: =K55-T55 -> 2.0504986 | AD55: =+AM55+BA55 -> 0 | AE55: - Sheet Breaks (0x) | AF55: 0 | AM55: =SUM(AF55:AL55)+AT55 -> 0 | AR55: =SUM(AN55:AQ55) -> 0 | BA55: =+AR55+AS55+AU55+AV55+AX55 -> 0 | BB55: 0
B56: Napkin | C56: =(M56*E56*O56*Q56)/100000000 -> 36.694248 | D56: RC HW | E56: 15.5 | F56: 1 | G56: 1045 | H56: =+N56 -> 0.14 | I56: 0.88 | J56: =E56*G56*(1-H56)*1440/1000000*2.75 -> 55.162206 | K56: =(IF(G56<L56,L56,G56)*(1-IF(H56<N56,H56,N56))*E56*O56*Q56)/100000000 -> 38.454744 | L56: 997.15888 | M56: 857.55664 | N56: =1-(M56/L56) -> 0.14 | O56: =+'Trim Rwd'!H33 -> 258 | P56: =O56*(Q56-R56-S56) -> 267030 | Q56: 1070 | R56: 0 | S56: 35 | T56: =E56*M56*O56*Q56/100000000 -> 36.694248 | U56: =E56*M56*O56*(Q56-R56-S56)/100000000 -> 35.493969 | V56: =E56*G56*(1-N56)*O56/100*(R56+S56)/1000000 -> 1.2578655 | W56: =+'9'!K13/1000 -> 32.061 | Z56: =+'9'!D25/1000 -> 0.54 | AC56: =K56-T56 -> 1.7604958 | AD56: =+AM56+BA56 -> 16 | AE56: - Change Blade (11x) | AG56: 16 | AM56: =SUM(AF56:AL56)+AT56 -> 16 | AR56: =SUM(AN56:AQ56) -> 0 | BA56: =+AR56+AS56+AU56+AV56+AX56 -> 0 | BC56: 11
B57: Toilet | E57: 20 | W57: =+'8'!K15/1000 -> 0 | AD57: =+AM57+BA57 -> 17 | AE57: - Change Spool (23x) | AH57: 17 | AM57: =SUM(AF57:AL57)+AT57 -> 17 | AR57: =SUM(AN57:AQ57) -> 0 | BA57: =+AR57+AS57+AU57+AV57+AX57 -> 0
AD58: =+AM58+BA58 -> 10 | AE58: - Cleaning | AI58: 10 | AM58: =SUM(AF58:AL58)+AT58 -> 10 | AR58: =SUM(AN58:AQ58) -> 0 | BA58: =+AR58+AS58+AU58+AV58+AX58 -> 0
A60: 46091 | B60: Napkin | C60: =(M60*E60*O60*Q60)/100000000 -> 3.167208 | D60: RC HW | E60: 15.5 | F60: 1 | G60: 1045 | H60: =+N60 -> 0.14 | I60: 0.88 | J60: =E60*G60*(1-H60)*1440/1000000*2.75 -> 55.162206 | K60: =(IF(G60<L60,L60,G60)*(1-IF(H60<N60,H60,N60))*E60*O60*Q60)/100000000 -> 3.3097324 | L60: 1000 | M60: 860 | N60: =1-(M60/L60) -> 0.14 | O60: =+'Trim Rwd'!H35 -> 264 | P60: =O60*(Q60-R60-S60) -> 22176 | Q60: 90 | R60: 0 | S60: 6 | T60: =E60*M60*O60*Q60/100000000 -> 3.167208 | U60: =E60*M60*O60*(Q60-R60-S60)/100000000 -> 2.9560608 | V60: =E60*G60*(1-N60)*O60/100*(R60+S60)/1000000 -> 0.22064882 | W60: =+'10'!K13/1000 -> 5.869 | X60: =SUM(W60:W63)/SUM(K60:K63) -> 0.99665595 | Y60: 0 | Z60: 0 | AA60: =SUM(U60:U63)-SUM(W60:W63)-SUM(Z60:Z63)-SUM(Y60:Y63) -> -1.2596253 | AB60: =(SUM(K60:K63)-SUM(W60:W63)-SUM(Y60:Y63)-SUM(Z60:Z63)-SUM(AC60:AC63)-SUM(V60:V63))-AA60 -> -0.002207964 | AC60: =K60-T60 -> 0.14252436 | AD60: =+AM60+BA60 -> 0 | AE60: - Sheet Breaks (0x) | AF60: 0 | AM60: =SUM(AF60:AL60)+AT60 -> 0 | AR60: =SUM(AN60:AQ60) -> 0 | BA60: =+AR60+AS60+AU60+AV60+AX60 -> 0 | BB60: 0
B61: Towel | C61: =(M61*E61*O61*Q61)/100000000 -> 48.575776 | D61: RC HW | E61: 22 | F61: 1 | G61: 735 | H61: =+N61 -> 0.14 | I61: 0.88 | J61: =E61*G61*(1-H61)*1440/1000000*2.75 -> 55.068552 | K61: =(IF(G61<L61,L61,G61)*(1-IF(H61<N61,H61,N61))*E61*O61*Q61)/100000000 -> 48.575776 | L61: 740 | M61: 636.4 | N61: =1-(M61/L61) -> 0.14 | O61: =+'Trim Rwd'!H36 -> 257 | P61: =O61*(Q61-R61-S61) -> 339240 | Q61: 1350 | R61: 0 | S61: 30 | T61: =E61*M61*O61*Q61/100000000 -> 48.575776 | U61: =E61*M61*O61*(Q61-R61-S61)/100000000 -> 47.496314 | V61: =E61*G61*(1-N61)*O61/100*(R61+S61)/1000000 -> 1.072168 | W61: =+'10'!K14/1000 -> 45.843 | AC61: =K61-T61 -> 0 | AD61: =+AM61+BA61 -> 8 | AE61: - Change Blade (5x) | AG61: 8 | AM61: =SUM(AF61:AL61)+AT61 -> 8 | AR61: =SUM(AN61:AQ61) -> 0 | BA61: =+AR61+AS61+AU61+AV61+AX61 -> 0 | BC61: 5
AD62: =+AM62+BA62 -> 22 | AE62: - Change Spool (28x) | AH62: 22 | AM62: =SUM(AF62:AL62)+AT62 -> 22 | AR62: =SUM(AN62:AQ62) -> 0 | BA62: =+AR62+AS62+AU62+AV62+AX62 -> 0
AD63: =+AM63+BA63 -> 6 | AE63: - Cleaning | AI63: 6 | AM63: =SUM(AF63:AL63)+AT63 -> 6 | AR63: =SUM(AN63:AQ63) -> 0 | BA63: =+AR63+AS63+AU63+AV63+AX63 -> 0
A65: 46092 | B65: Towel | C65: =(M65*E65*O65*Q65)/100000000 -> 51.814161 | D65: RC HW | E65: 22 | F65: 1 | G65: 735 | H65: =+N65 -> 0.14 | I65: 0.88 | J65: =E65*G65*(1-H65)*1440/1000000*2.75 -> 55.068552 | K65: =(IF(G65<L65,L65,G65)*(1-IF(H65<N65,H65,N65))*E65*O65*Q65)/100000000 -> 51.814161 | L65: 740 | M65: 636.4 | N65: =1-(M65/L65) -> 0.14 | O65: =+'Trim Rwd'!H38 -> 257 | P65: =O65*(Q65-R65-S65) -> 358258 | Q65: 1440 | R65: 0 | S65: 46 | T65: =E65*M65*O65*Q65/100000000 -> 51.814161 | U65: =E65*M65*O65*(Q65-R65-S65)/100000000 -> 50.158986 | V65: =E65*G65*(1-N65)*O65/100*(R65+S65)/1000000 -> 1.643991 | W65: =+'11'!K14/1000 -> 52.383 | X65: =SUM(W65:W68)/SUM(K65:K68) -> 1.0109785 | Y65: 0 | Z65: 0 | AA65: =SUM(U65:U68)-SUM(W65:W68)-SUM(Z65:Z68)-SUM(Y65:Y68) -> -2.2240139 | AB65: =(SUM(K65:K68)-SUM(W65:W68)-SUM(Y65:Y68)-SUM(Z65:Z68)-SUM(AC65:AC68)-SUM(V65:V68))-AA65 -> 0.011183612 | AC65: =K65-T65 -> 0 | AD65: =+AM65+BA65 -> 0 | AE65: - Sheet Breaks (0x) | AF65: 0 | AM65: =SUM(AF65:AL65)+AT65 -> 0 | AR65: =SUM(AN65:AQ65) -> 0 | BA65: =+AR65+AS65+AU65+AV65+AX65 -> 0 | BB65: 0
AC66: =K66-T66 -> 0 | AD66: =+AM66+BA66 -> 5 | AE66: - Change Blade (4x) | AG66: 5 | AM66: =SUM(AF66:AL66)+AT66 -> 5 | AR66: =SUM(AN66:AQ66) -> 0 | BA66: =+AR66+AS66+AU66+AV66+AX66 -> 0 | BC66: 4
AD67: =+AM67+BA67 -> 29 | AE67: - Change Spool (25x) | AH67: 29 | AM67: =SUM(AF67:AL67)+AT67 -> 29 | AR67: =SUM(AN67:AQ67) -> 0 | BA67: =+AR67+AS67+AU67+AV67+AX67 -> 0
AD68: =+AM68+BA68 -> 12 | AE68: - Cleaning | AI68: 12 | AM68: =SUM(AF68:AL68)+AT68 -> 12 | AR68: =SUM(AN68:AQ68) -> 0 | BA68: =+AR68+AS68+AU68+AV68+AX68 -> 0
A70: 46093 | B70: Towel | C70: =(M70*E70*O70*Q70)/100000000 -> 48.575776 | D70: RC HW | E70: 22 | F70: 1 | G70: 735 | H70: =+N70 -> 0.14 | I70: 0.88 | J70: =E70*G70*(1-H70)*1440/1000000*2.75 -> 55.068552 | K70: =(IF(G70<L70,L70,G70)*(1-IF(H70<N70,H70,N70))*E70*O70*Q70)/100000000 -> 48.575776 | L70: 740 | M70: 636.4 | N70: =1-(M70/L70) -> 0.14 | O70: =+'Trim Rwd'!H40 -> 257 | P70: =O70*(Q70-R70-S70) -> 336670 | Q70: 1350 | R70: 0 | S70: 40 | T70: =E70*M70*O70*Q70/100000000 -> 48.575776 | U70: =E70*M70*O70*(Q70-R70-S70)/100000000 -> 47.136493 | V70: =E70*G70*(1-N70)*O70/100*(R70+S70)/1000000 -> 1.4295574 | W70: =+'12'!K14/1000 -> 52.135 | X70: =SUM(W70:W73)/SUM(K70:K73) -> 1.0062674 | Y70: 0 | Z70: 0 | AA70: =SUM(U70:U73)-SUM(W70:W73)-SUM(Z70:Z73)-SUM(Y70:Y73) -> -2.2128032 | AB70: =(SUM(K70:K73)-SUM(W70:W73)-SUM(Y70:Y73)-SUM(Z70:Z73)-SUM(AC70:AC73)-SUM(V70:V73))-AA70 -> -0.004203637 | AC70: =K70-T70 -> 0 | AD70: =+AM70+BA70 -> 0 | AE70: - Sheet Breaks (0x) | AF70: 0 | AM70: =SUM(AF70:AL70)+AT70 -> 0 | AR70: =SUM(AN70:AQ70) -> 0 | BA70: =+AR70+AS70+AU70+AV70+AX70 -> 0 | BB70: 0
B71: Napkin | C71: =(M71*E71*O71*Q71)/100000000 -> 3.095226 | D71: RC HW | E71: 15.5 | F71: 1 | G71: 1045 | H71: =+N71 -> 0.14 | I71: 0.88 | J71: =E71*G71*(1-H71)*1440/1000000*2.75 -> 55.162206 | K71: =(IF(G71<L71,L71,G71)*(1-IF(H71<N71,H71,N71))*E71*O71*Q71)/100000000 -> 3.2345112 | L71: 1000 | M71: 860 | N71: =1-(M71/L71) -> 0.14 | O71: =+'Trim Rwd'!H41 -> 258 | P71: =O71*(Q71-R71-S71) -> 20898 | Q71: 90 | R71: 0 | S71: 9 | T71: =E71*M71*O71*Q71/100000000 -> 3.095226 | U71: =E71*M71*O71*(Q71-R71-S71)/100000000 -> 2.7857034 | V71: =E71*G71*(1-N71)*O71/100*(R71+S71)/1000000 -> 0.32345112 | W71: =+'11'!K20/1000 -> 0 | AC71: =K71-T71 -> 0.13928517 | AD71: =+AM71+BA71 -> 10 | AE71: - Change Blade (5x) | AG71: 10 | AM71: =SUM(AF71:AL71)+AT71 -> 10 | AR71: =SUM(AN71:AQ71) -> 0 | BA71: =+AR71+AS71+AU71+AV71+AX71 -> 0 | BC71: 5
AD72: =+AM72+BA72 -> 31 | AE72: - Change Spool (20x) | AH72: 31 | AM72: =SUM(AF72:AL72)+AT72 -> 31 | AR72: =SUM(AN72:AQ72) -> 0 | BA72: =+AR72+AS72+AU72+AV72+AX72 -> 0
AD73: =+AM73+BA73 -> 8 | AE73: - Cleaning | AI73: 8 | AM73: =SUM(AF73:AL73)+AT73 -> 8 | AR73: =SUM(AN73:AQ73) -> 0 | BA73: =+AR73+AS73+AU73+AV73+AX73 -> 0
A75: 46094 | B75: Napkin | C75: =(M75*E75*O75*Q75)/100000000 -> 34.118698 | D75: RC HW | E75: 15.5 | F75: 1 | G75: 1045 | H75: =+N75 -> 0.14 | I75: 0.88 | J75: =E75*G75*(1-H75)*1440/1000000*2.75 -> 55.162206 | K75: =(IF(G75<L75,L75,G75)*(1-IF(H75<N75,H75,N75))*E75*O75*Q75)/100000000 -> 34.860378 | L75: 1022.7668 | M75: 879.57948 | N75: =1-(M75/L75) -> 0.14 | O75: =+'Trim Rwd'!H44 -> 259.33333 | P75: =O75*(Q75-R75-S75) -> 241439.33 | Q75: 965 | R75: 0 | S75: 34 | T75: =E75*M75*O75*Q75/100000000 -> 34.118698 | U75: =E75*M75*O75*(Q75-R75-S75)/100000000 -> 32.916588 | V75: =E75*G75*(1-N75)*O75/100*(R75+S75)/1000000 -> 1.2282413 | W75: =+'13'!K13/1000 -> 34.816 | X75: =SUM(W75:W78)/SUM(K75:K78) -> 0.93731013 | Y75: 0 | Z75: 0 | AA75: =SUM(U75:U78)-SUM(W75:W78)-SUM(Z75:Z78)-SUM(Y75:Y78) -> 0.95324402 | AB75: =(SUM(K75:K78)-SUM(W75:W78)-SUM(Y75:Y78)-SUM(Z75:Z78)-SUM(AC75:AC78)-SUM(V75:V78))-AA75 -> -0.023700537 | AC75: =K75-T75 -> 0.74168076 | AD75: =+AM75+BA75 -> 2 | AE75: - Sheet Breaks (1x) | AF75: 2 | AM75: =SUM(AF75:AL75)+AT75 -> 2 | AR75: =SUM(AN75:AQ75) -> 0 | BA75: =+AR75+AS75+AU75+AV75+AX75 -> 0 | BB75: 1
B76: Towel | C76: =(M76*E76*O76*Q76)/100000000 -> 17.091477 | D76: RC HW | E76: 22 | F76: 1 | G76: 735 | H76: =+N76 -> 0.14 | I76: 0.88 | J76: =E76*G76*(1-H76)*1440/1000000*2.75 -> 55.068552 | K76: =(IF(G76<L76,L76,G76)*(1-IF(H76<N76,H76,N76))*E76*O76*Q76)/100000000 -> 17.091477 | L76: 740 | M76: 636.4 | N76: =1-(M76/L76) -> 0.14 | O76: =+'Trim Rwd'!H43 -> 257 | P76: =O76*(Q76-R76-S76) -> 119505 | Q76: 475 | R76: 0 | S76: 10 | T76: =E76*M76*O76*Q76/100000000 -> 17.091477 | U76: =E76*M76*O76*(Q76-R76-S76)/100000000 -> 16.731656 | V76: =E76*G76*(1-N76)*O76/100*(R76+S76)/1000000 -> 0.35738934 | W76: =+'13'!K14/1000 -> 13.879 | AC76: =K76-T76 -> 0 | AD76: =+AM76+BA76 -> 11 | AE76: - Change Blade (7x) | AG76: 11 | AM76: =SUM(AF76:AL76)+AT76 -> 11 | AR76: =SUM(AN76:AQ76) -> 0 | BA76: =+AR76+AS76+AU76+AV76+AX76 -> 0 | BC76: 7
AD77: =+AM77+BA77 -> 19 | AE77: - Change Spool (23x) | AH77: 19 | AM77: =SUM(AF77:AL77)+AT77 -> 19 | AR77: =SUM(AN77:AQ77) -> 0 | BA77: =+AR77+AS77+AU77+AV77+AX77 -> 0
AD78: =+AM78+BA78 -> 12 | AE78: - Cleaning | AI78: 12 | AM78: =SUM(AF78:AL78)+AT78 -> 12 | AR78: =SUM(AN78:AQ78) -> 0 | BA78: =+AR78+AS78+AU78+AV78+AX78 -> 0
A80: 46095 | B80: Towel | C80: =(M80*E80*O80*Q80)/100000000 -> 52.047558 | D80: RC HW | E80: 22 | F80: 1 | G80: 735 | H80: =+N80 -> 0.14 | I80: 0.88 | J80: =E80*G80*(1-H80)*1440/1000000*2.75 -> 55.068552 | K80: =(IF(G80<L80,L80,G80)*(1-IF(H80<N80,H80,N80))*E80*O80*Q80)/100000000 -> 52.047558 | L80: 743.33333 | M80: 639.26667 | N80: =1-(M80/L80) -> 0.14 | O80: =+'Trim Rwd'!H47 -> 257 | P80: =O80*(Q80-R80-S80) -> 358001 | Q80: 1440 | R80: 0 | S80: 47 | T80: =E80*M80*O80*Q80/100000000 -> 52.047558 | U80: =E80*M80*O80*(Q80-R80-S80)/100000000 -> 50.348783 | V80: =E80*G80*(1-N80)*O80/100*(R80+S80)/1000000 -> 1.6797299 | W80: =+'14'!K14/1000 -> 51.557 | X80: =SUM(W80:W83)/SUM(K80:K83) -> 0.99057482 | Y80: 0 | Z80: 0 | AA80: =SUM(U80:U83)-SUM(W80:W83)-SUM(Z80:Z83)-SUM(Y80:Y83) -> -1.2082167 | AB80: =(SUM(K80:K83)-SUM(W80:W83)-SUM(Y80:Y83)-SUM(Z80:Z83)-SUM(AC80:AC83)-SUM(V80:V83))-AA80 -> 0.019044557 | AC80: =K80-T80 -> 0 | AD80: =+AM80+BA80 -> 4 | AE80: - Sheet Breaks (2x) | AF80: 4 | AM80: =SUM(AF80:AL80)+AT80 -> 4 | AR80: =SUM(AN80:AQ80) -> 0 | BA80: =+AR80+AS80+AU80+AV80+AX80 -> 0 | BB80: 2
AC81: =K81-T81 -> 0 | AD81: =+AM81+BA81 -> 6 | AE81: - Change Blade (6x) | AG81: 6 | AM81: =SUM(AF81:AL81)+AT81 -> 6 | AR81: =SUM(AN81:AQ81) -> 0 | BA81: =+AR81+AS81+AU81+AV81+AX81 -> 0 | BC81: 6
AD82: =+AM82+BA82 -> 18 | AE82: - Change Spool (27x) | AH82: 18 | AM82: =SUM(AF82:AL82)+AT82 -> 18 | AR82: =SUM(AN82:AQ82) -> 0 | BA82: =+AR82+AS82+AU82+AV82+AX82 -> 0
AD83: =+AM83+BA83 -> 19 | AE83: - Cleaning | AI83: 19 | AM83: =SUM(AF83:AL83)+AT83 -> 19 | AR83: =SUM(AN83:AQ83) -> 0 | BA83: =+AR83+AS83+AU83+AV83+AX83 -> 0
A85: 46096 | B85: Towel | C85: =(M85*E85*O85*Q85)/100000000 -> 51.71866 | D85: RC HW | E85: 22 | F85: 1 | G85: 735 | H85: =+N85 -> 0.14 | I85: 0.88 | J85: =E85*G85*(1-H85)*1440/1000000*2.75 -> 55.068552 | K85: =(IF(G85<L85,L85,G85)*(1-IF(H85<N85,H85,N85))*E85*O85*Q85)/100000000 -> 51.71866 | L85: 740 | M85: 636.4 | N85: =1-(M85/L85) -> 0.14 | O85: =+'Trim Rwd'!H49 -> 256.52632 | P85: =O85*(Q85-R85-S85) -> 356315.05 | Q85: 1440 | R85: 0 | S85: 51 | T85: =E85*M85*O85*Q85/100000000 -> 51.71866 | U85: =E85*M85*O85*(Q85-R85-S85)/100000000 -> 49.886958 | V85: =E85*G85*(1-N85)*O85/100*(R85+S85)/1000000 -> 1.8193262 | W85: =+'15'!K14/1000 -> 52.259 | X85: =SUM(W85:W88)/SUM(K85:K88) -> 1.0104477 | Y85: 0 | Z85: =+'15'!D16/1000 -> 0.95 | AA85: =SUM(U85:U88)-SUM(W85:W88)-SUM(Z85:Z88)-SUM(Y85:Y88) -> -3.3220421 | AB85: =(SUM(K85:K88)-SUM(W85:W88)-SUM(Y85:Y88)-SUM(Z85:Z88)-SUM(AC85:AC88)-SUM(V85:V88))-AA85 -> 0.012376369 | AC85: =K85-T85 -> 0 | AD85: =+AM85+BA85 -> 4 | AE85: - Sheet Breaks (2x) | AF85: 4 | AM85: =SUM(AF85:AL85)+AT85 -> 4 | AR85: =SUM(AN85:AQ85) -> 0 | BA85: =+AR85+AS85+AU85+AV85+AX85 -> 0 | BB85: 2
AC86: =K86-T86 -> 0 | AD86: =+AM86+BA86 -> 14 | AE86: - Change Blade (6x) | AG86: 14 | AM86: =SUM(AF86:AL86)+AT86 -> 14 | AR86: =SUM(AN86:AQ86) -> 0 | BA86: =+AR86+AS86+AU86+AV86+AX86 -> 0 | BC86: 6
AD87: =+AM87+BA87 -> 25 | AE87: - Change Spool (26x) | AH87: 25 | AM87: =SUM(AF87:AL87)+AT87 -> 25 | AR87: =SUM(AN87:AQ87) -> 0 | BA87: =+AR87+AS87+AU87+AV87+AX87 -> 0
AD88: =+AM88+BA88 -> 8 | AE88: - Cleaning | AI88: 8 | AM88: =SUM(AF88:AL88)+AT88 -> 8 | AR88: =SUM(AN88:AQ88) -> 0 | BA88: =+AR88+AS88+AU88+AV88+AX88 -> 0
A90: 46097 | B90: Towel | C90: =(M90*E90*O90*Q90)/100000000 -> 51.612549 | D90: RC HW | E90: 22 | F90: 1 | G90: 735 | H90: =+N90 -> 0.14 | I90: 0.88 | J90: =E90*G90*(1-H90)*1440/1000000*2.75 -> 55.068552 | K90: =(IF(G90<L90,L90,G90)*(1-IF(H90<N90,H90,N90))*E90*O90*Q90)/100000000 -> 51.612549 | L90: 740 | M90: 636.4 | N90: =1-(M90/L90) -> 0.14 | O90: =+'Trim Rwd'!H52 -> 256 | P90: =O90*(Q90-R90-S90) -> 358144 | Q90: 1440 | R90: 0 | S90: 41 | T90: =E90*M90*O90*Q90/100000000 -> 51.612549 | U90: =E90*M90*O90*(Q90-R90-S90)/100000000 -> 50.143025 | V90: =E90*G90*(1-N90)*O90/100*(R90+S90)/1000000 -> 1.4595948 | W90: =+'16'!K14/1000 -> 53.363 | X90: =SUM(W90:W93)/SUM(K90:K93) -> 1.0339152 | Y90: 0 | Z90: 0 | AA90: =SUM(U90:U93)-SUM(W90:W93)-SUM(Z90:Z93)-SUM(Y90:Y93) -> -3.2199748 | AB90: =(SUM(K90:K93)-SUM(W90:W93)-SUM(Y90:Y93)-SUM(Z90:Z93)-SUM(AC90:AC93)-SUM(V90:V93))-AA90 -> 0.009929216 | AC90: =K90-T90 -> 0 | AD90: =+AM90+BA90 -> 0 | AE90: - Sheet Breaks (0x) | AF90: 0 | AM90: =SUM(AF90:AL90)+AT90 -> 0 | AR90: =SUM(AN90:AQ90) -> 0 | BA90: =+AR90+AS90+AU90+AV90+AX90 -> 0 | BB90: 0
AC91: =K91-T91 -> 0 | AD91: =+AM91+BA91 -> 7 | AE91: - Change Blade (4x) | AG91: 7 | AM91: =SUM(AF91:AL91)+AT91 -> 7 | AR91: =SUM(AN91:AQ91) -> 0 | BA91: =+AR91+AS91+AU91+AV91+AX91 -> 0 | BC91: 4
AD92: =+AM92+BA92 -> 26 | AE92: - Change Spool (18x) | AH92: 26 | AM92: =SUM(AF92:AL92)+AT92 -> 26 | AR92: =SUM(AN92:AQ92) -> 0 | BA92: =+AR92+AS92+AU92+AV92+AX92 -> 0
AD93: =+AM93+BA93 -> 8 | AE93: - Cleaning | AI93: 8 | AM93: =SUM(AF93:AL93)+AT93 -> 8 | AR93: =SUM(AN93:AQ93) -> 0 | BA93: =+AR93+AS93+AU93+AV93+AX93 -> 0
A95: 46098 | B95: Towel | C95: =(M95*E95*O95*Q95)/100000000 -> 51.612549 | D95: RC HW | E95: 22 | F95: 1 | G95: 735 | H95: =+N95 -> 0.14 | I95: 0.88 | J95: =E95*G95*(1-H95)*1440/1000000*2.75 -> 55.068552 | K95: =(IF(G95<L95,L95,G95)*(1-IF(H95<N95,H95,N95))*E95*O95*Q95)/100000000 -> 51.612549 | L95: 740 | M95: 636.4 | N95: =1-(M95/L95) -> 0.14 | O95: =+'Trim Rwd'!H54 -> 256 | P95: =O95*(Q95-R95-S95) -> 359168 | Q95: 1440 | R95: 0 | S95: 37 | T95: =E95*M95*O95*Q95/100000000 -> 51.612549 | U95: =E95*M95*O95*(Q95-R95-S95)/100000000 -> 50.286393 | V95: =E95*G95*(1-N95)*O95/100*(R95+S95)/1000000 -> 1.3171953 | W95: =+'17'!K14/1000 -> 53.382 | X95: =SUM(W95:W98)/SUM(K95:K98) -> 1.0342833 | Y95: 0 | Z95: 0 | AA95: =SUM(U95:U98)-SUM(W95:W98)-SUM(Z95:Z98)-SUM(Y95:Y98) -> -3.0956067 | AB95: =(SUM(K95:K98)-SUM(W95:W98)-SUM(Y95:Y98)-SUM(Z95:Z98)-SUM(AC95:AC98)-SUM(V95:V98))-AA95 -> 0.008960512 | AC95: =K95-T95 -> 0 | AD95: =+AM95+BA95 -> 1 | AE95: - Sheet Breaks (1x) | AF95: 1 | AM95: =SUM(AF95:AL95)+AT95 -> 1 | AR95: =SUM(AN95:AQ95) -> 0 | BA95: =+AR95+AS95+AU95+AV95+AX95 -> 0 | BB95: 1
AC96: =K96-T96 -> 0 | AD96: =+AM96+BA96 -> 10 | AE96: - Change Blade (5x) | AG96: 10 | AM96: =SUM(AF96:AL96)+AT96 -> 10 | AR96: =SUM(AN96:AQ96) -> 0 | BA96: =+AR96+AS96+AU96+AV96+AX96 -> 0 | BC96: 5
AD97: =+AM97+BA97 -> 19 | AE97: - Change Spool (18x) | AH97: 19 | AM97: =SUM(AF97:AL97)+AT97 -> 19 | AR97: =SUM(AN97:AQ97) -> 0 | BA97: =+AR97+AS97+AU97+AV97+AX97 -> 0
AD98: =+AM98+BA98 -> 7 | AE98: - Cleaning | AI98: 7 | AM98: =SUM(AF98:AL98)+AT98 -> 7 | AR98: =SUM(AN98:AQ98) -> 0 | BA98: =+AR98+AS98+AU98+AV98+AX98 -> 0
A100: 46099 | B100: Towel | C100: =(M100*E100*O100*Q100)/100000000 -> 8.7096177 | D100: RC HW | E100: 22 | F100: 1 | G100: 735 | H100: =+N100 -> 0.14 | I100: 0.88 | J100: =E100*G100*(1-H100)*1440/1000000*2.75 -> 55.068552 | K100: =(IF(G100<L100,L100,G100)*(1-IF(H100<N100,H100,N100))*E100*O100*Q100)/100000000 -> 8.7096177 | L100: 740 | M100: 636.4 | N100: =1-(M100/L100) -> 0.14 | O100: =+'Trim Rwd'!H56 -> 256 | P100: =O100*(Q100-R100-S100) -> 61184 | Q100: 243 | R100: 0 | S100: 4 | T100: =E100*M100*O100*Q100/100000000 -> 8.7096177 | U100: =E100*M100*O100*(Q100-R100-S100)/100000000 -> 8.5662495 | V100: =E100*G100*(1-N100)*O100/100*(R100+S100)/1000000 -> 0.14239949 | W100: =+'18'!K14/1000 -> 12.789 | X100: =SUM(W100:W103)/SUM(K100:K103) -> 0.88917135 | Y100: 0 | Z100: 0 | AA100: =SUM(U100:U103)-SUM(W100:W103)-SUM(Z100:Z103)-SUM(Y100:Y103) -> 0.095341066 | AB100: =(SUM(K100:K103)-SUM(W100:W103)-SUM(Y100:Y103)-SUM(Z100:Z103)-SUM(AC100:AC103)-SUM(V100:V103))-AA100 -> -0.11596957 | AC100: =K100-T100 -> 0 | AD100: =+AM100+BA100 -> 6 | AE100: - Sheet Breaks (2x) | AF100: 6 | AM100: =SUM(AF100:AL100)+AT100 -> 6 | AR100: =SUM(AN100:AQ100) -> 0 | BA100: =+AR100+AS100+AU100+AV100+AX100 -> 0 | BB100: 2
B101: Toilet | C101: =(M101*E101*O101*Q101)/100000000 -> 22.361987 | D101: RC HW | E101: 14 | F101: 1 | G101: 1275 | H101: =+N101 -> 0.22 | I101: 0.88 | J101: =E101*G101*(1-H101)*1440/1000000*2.75 -> 55.13508 | K101: =(IF(G101<L101,L101,G101)*(1-IF(H101<N101,H101,N101))*E101*O101*Q101)/100000000 -> 26.554224 | L101: 1073.7099 | M101: 837.49372 | N101: =1-(M101/L101) -> 0.22 | O101: =+'Trim Rwd'!H57 -> 266 | P101: =O101*(Q101-R101-S101) -> 185402 | Q101: 717 | R101: 0 | S101: 20 | T101: =E101*M101*O101*Q101/100000000 -> 22.361987 | U101: =E101*M101*O101*(Q101-R101-S101)/100000000 -> 21.738222 | V101: =E101*G101*(1-N101)*O101/100*(R101+S101)/1000000 -> 0.7407036 | W101: =+('18'!C8+'18'!C16+'18'!C25)/1000 -> 24.158 | AC101: =K101-T101 -> 4.1922371 | AD101: =+AM101+BA101 -> 12 | AE101: - Change Blade (6x) | AG101: 12 | AM101: =SUM(AF101:AL101)+AT101 -> 12 | AR101: =SUM(AN101:AQ101) -> 0 | BA101: =+AR101+AS101+AU101+AV101+AX101 -> 0 | BC101: 6
B102: Toilet | C102: =(M102*E102*O102*Q102)/100000000 -> 16.57656 | D102: RC HW | E102: 14 | F102: 1 | G102: =+L102 -> 1150 | H102: =+N102 -> 0.22 | I102: 0.88 | J102: =E102*G102*(1-H102)*1440/1000000*2.75 -> 49.72968 | K102: =(IF(G102<L102,L102,G102)*(1-IF(H102<N102,H102,N102))*E102*O102*Q102)/100000000 -> 16.57656 | L102: 1150 | M102: =+L102-L102*0.22 -> 897 | N102: =1-(M102/L102) -> 0.22 | O102: =+'Trim Rwd'!H58 -> 275 | P102: =O102*(Q102-R102-S102) -> 126500 | Q102: 480 | R102: 0 | S102: 20 | T102: =E102*M102*O102*Q102/100000000 -> 16.57656 | U102: =E102*M102*O102*(Q102-R102-S102)/100000000 -> 15.88587 | V102: =E102*G102*(1-N102)*O102/100*(R102+S102)/1000000 -> 0.69069 | W102: =+'18'!C26/1000 -> 9.148 | AC102: =K102-T102 -> 0 | AD102: =+AM102+BA102 -> 26 | AE102: - Change Spool (30x) | AH102: 26 | AM102: =SUM(AF102:AL102)+AT102 -> 26 | AR102: =SUM(AN102:AQ102) -> 0 | BA102: =+AR102+AS102+AU102+AV102+AX102 -> 0
AD103: =+AM103+BA103 -> 0 | AE103: - Cleaning | AI103: 0 | AM103: =SUM(AF103:AL103)+AT103 -> 0 | AR103: =SUM(AN103:AQ103) -> 0 | BA103: =+AR103+AS103+AU103+AV103+AX103 -> 0
A105: 46100 | B105: Toilet | C105: =(M105*E105*O105*Q105)/100000000 -> 49.72968 | D105: RC HW | E105: 14 | F105: 1 | G105: =+L105 -> 1150 | H105: =+N105 -> 0.22 | I105: 0.88 | J105: =E105*G105*(1-H105)*1440/1000000*2.75 -> 49.72968 | K105: =(IF(G105<L105,L105,G105)*(1-IF(H105<N105,H105,N105))*E105*O105*Q105)/100000000 -> 49.72968 | L105: 1150 | M105: 897 | N105: =1-(M105/L105) -> 0.22 | O105: =+'Trim Rwd'!H60 -> 275 | P105: =O105*(Q105-R105-S105) -> 383075 | Q105: 1440 | R105: 0 | S105: 47 | T105: =E105*M105*O105*Q105/100000000 -> 49.72968 | U105: =E105*M105*O105*(Q105-R105-S105)/100000000 -> 48.106558 | V105: =E105*G105*(1-N105)*O105/100*(R105+S105)/1000000 -> 1.6231215 | W105: =+'19'!K34/1000 -> 47.469 | X105: =SUM(W105:W108)/SUM(K105:K108) -> 0.95454063 | Y105: 0 | Z105: 0 | AA105: =SUM(U105:U108)-SUM(W105:W108)-SUM(Z105:Z108)-SUM(Y105:Y108) -> 0.6375585 | AB105: =(SUM(K105:K108)-SUM(W105:W108)-SUM(Y105:Y108)-SUM(Z105:Z108)-SUM(AC105:AC108)-SUM(V105:V108))-AA105 -> 3.3306691e-15 | AC105: =K105-T105 -> 0 | AD105: =+AM105+BA105 -> 15 | AE105: - Sheet Breaks (3x) | AF105: 15 | AM105: =SUM(AF105:AL105)+AT105 -> 15 | AR105: =SUM(AN105:AQ105) -> 0 | BA105: =+AR105+AS105+AU105+AV105+AX105 -> 0 | BB105: 3
AD106: =+AM106+BA106 -> 9 | AE106: - Change Blade (8x) | AG106: 9 | AM106: =SUM(AF106:AL106)+AT106 -> 9 | AR106: =SUM(AN106:AQ106) -> 0 | BA106: =+AR106+AS106+AU106+AV106+AX106 -> 0 | BC106: 8
AD107: =+AM107+BA107 -> 23 | AE107: - Change Spool (28x) | AH107: 23 | AM107: =SUM(AF107:AL107)+AT107 -> 23 | AR107: =SUM(AN107:AQ107) -> 0 | BA107: =+AR107+AS107+AU107+AV107+AX107 -> 0
AD108: =+AM108+BA108 -> 0 | AE108: - Cleaning | AI108: 0 | AM108: =SUM(AF108:AL108)+AT108 -> 0 | AR108: =SUM(AN108:AQ108) -> 0 | BA108: =+AR108+AS108+AU108+AV108+AX108 -> 0
A110: 46101 | B110: Toilet | C110: =(M110*E110*O110*Q110)/100000000 -> 50.997962 | D110: RC HW | E110: 14 | F110: 1 | G110: =+L110 -> 1196.7361 | H110: =+N110 -> 0.22 | I110: 0.88 | J110: =E110*G110*(1-H110)*1440/1000000*2.75 -> 51.750699 | K110: =(IF(G110<L110,L110,G110)*(1-IF(H110<N110,H110,N110))*E110*O110*Q110)/100000000 -> 50.997962 | L110: 1196.7361 | M110: 933.45417 | N110: =1-(M110/L110) -> 0.22 | O110: =+'Trim Rwd'!H62 -> 271 | P110: =O110*(Q110-R110-S110) -> 372625 | Q110: 1440 | R110: 0 | S110: 65 | T110: =E110*M110*O110*Q110/100000000 -> 50.997962 | U110: =E110*M110*O110*(Q110-R110-S110)/100000000 -> 48.69597 | V110: =E110*G110*(1-N110)*O110/100*(R110+S110)/1000000 -> 2.3019913 | W110: =+'20'!K7/1000 -> 45.684 | X110: =SUM(W110:W113)/SUM(K110:K113) -> 0.89580051 | Y110: 0 | Z110: 0 | AA110: =SUM(U110:U113)-SUM(W110:W113)-SUM(Z110:Z113)-SUM(Y110:Y113) -> 3.0119702 | AB110: =(SUM(K110:K113)-SUM(W110:W113)-SUM(Y110:Y113)-SUM(Z110:Z113)-SUM(AC110:AC113)-SUM(V110:V113))-AA110 -> 0 | AC110: =K110-T110 -> 0 | AD110: =+AM110+BA110 -> 5 | AE110: - Sheet Breaks (1x) | AF110: 5 | AM110: =SUM(AF110:AL110)+AT110 -> 5 | AR110: =SUM(AN110:AQ110) -> 0 | BA110: =+AR110+AS110+AU110+AV110+AX110 -> 0 | BB110: 1
AD111: =+AM111+BA111 -> 22 | AE111: - Change Blade (13x) | AG111: 22 | AM111: =SUM(AF111:AL111)+AT111 -> 22 | AR111: =SUM(AN111:AQ111) -> 0 | BA111: =+AR111+AS111+AU111+AV111+AX111 -> 0 | BC111: 13
AD112: =+AM112+BA112 -> 23 | AE112: - Change Spool (26x) | AH112: 23 | AM112: =SUM(AF112:AL112)+AT112 -> 23 | AR112: =SUM(AN112:AQ112) -> 0 | BA112: =+AR112+AS112+AU112+AV112+AX112 -> 0
AD113: =+AM113+BA113 -> 15 | AE113: - 14.00 primary trip, spool tidak bisa turu | AI113: 0 | AJ113: 15 | AM113: =SUM(AF113:AL113)+AT113 -> 15 | AR113: =SUM(AN113:AQ113) -> 0 | BA113: =+AR113+AS113+AU113+AV113+AX113 -> 0
A115: 46102 | B115: Toilet | C115: =(M115*E115*O115*Q115)/100000000 -> 50.87673 | D115: RC HW | E115: 14 | F115: 1 | G115: =+L115 -> 1183.3333 | H115: =+N115 -> 0.22 | I115: 0.88 | J115: =E115*G115*(1-H115)*1440/1000000*2.75 -> 51.17112 | K115: =(IF(G115<L115,L115,G115)*(1-IF(H115<N115,H115,N115))*E115*O115*Q115)/100000000 -> 50.87673 | L115: 1183.3333 | M115: 923 | N115: =1-(M115/L115) -> 0.22 | O115: =+'Trim Rwd'!H64 -> 273.41791 | P115: =O115*(Q115-R115-S115) -> 379777.48 | Q115: 1440 | R115: 0 | S115: 51 | T115: =E115*M115*O115*Q115/100000000 -> 50.87673 | U115: =E115*M115*O115*(Q115-R115-S115)/100000000 -> 49.074846 | V115: =E115*G115*(1-N115)*O115/100*(R115+S115)/1000000 -> 1.8018842 | W115: =+'21'!K7/1000 -> 47.493 | X115: =SUM(W115:W118)/SUM(K115:K118) -> 0.9334916 | Y115: 0 | Z115: =+'21'!D34/1000 -> 0.704 | AA115: =SUM(U115:U118)-SUM(W115:W118)-SUM(Z115:Z118)-SUM(Y115:Y118) -> 0.87784566 | AB115: =(SUM(K115:K118)-SUM(W115:W118)-SUM(Y115:Y118)-SUM(Z115:Z118)-SUM(AC115:AC118)-SUM(V115:V118))-AA115 -> 1.3322676e-15 | AC115: =K115-T115 -> 0 | AD115: =+AM115+BA115 -> 0 | AE115: - Sheet Breaks (0x) | AF115: 0 | AM115: =SUM(AF115:AL115)+AT115 -> 0 | AR115: =SUM(AN115:AQ115) -> 0 | BA115: =+AR115+AS115+AU115+AV115+AX115 -> 0 | BB115: 0
AD116: =+AM116+BA116 -> 15 | AE116: - Change Blade (10x) | AG116: 15 | AM116: =SUM(AF116:AL116)+AT116 -> 15 | AR116: =SUM(AN116:AQ116) -> 0 | BA116: =+AR116+AS116+AU116+AV116+AX116 -> 0 | BC116: 10
AD117: =+AM117+BA117 -> 23 | AE117: - Change Spool (26x) | AH117: 23 | AM117: =SUM(AF117:AL117)+AT117 -> 23 | AR117: =SUM(AN117:AQ117) -> 0 | BA117: =+AR117+AS117+AU117+AV117+AX117 -> 0
AD118: =+AM118+BA118 -> 13 | AE118: - Cleaning | AI118: 13 | AM118: =SUM(AF118:AL118)+AT118 -> 13 | AR118: =SUM(AN118:AQ118) -> 0 | BA118: =+AR118+AS118+AU118+AV118+AX118 -> 0
A120: 46103 | B120: Toilet | C120: =(M120*E120*O120*Q120)/100000000 -> 22.979174 | D120: RC HW | E120: 14 | F120: 1 | G120: =+L120 -> 1200 | H120: =+N120 -> 0.22 | I120: 0.88 | J120: =E120*G120*(1-H120)*1440/1000000*2.75 -> 51.89184 | K120: =(IF(G120<L120,L120,G120)*(1-IF(H120<N120,H120,N120))*E120*O120*Q120)/100000000 -> 22.979174 | L120: 1200 | M120: 936 | N120: =1-(M120/L120) -> 0.22 | O120: =+'Trim Rwd'!H67 -> 274 | P120: =O120*(Q120-R120-S120) -> 169606 | Q120: 640 | R120: 0 | S120: 21 | T120: =E120*M120*O120*Q120/100000000 -> 22.979174 | U120: =E120*M120*O120*(Q120-R120-S120)/100000000 -> 22.22517 | V120: =E120*G120*(1-N120)*O120/100*(R120+S120)/1000000 -> 0.75400416 | W120: =+'22'!K7/1000 -> 25.29 | X120: =SUM(W120:W123)/SUM(K120:K123) -> 0.94194679 | Y120: 0 | Z120: 0 | AA120: =SUM(U120:U123)-SUM(W120:W123)-SUM(Z120:Z123)-SUM(Y120:Y123) -> 1.081808 | AB120: =(SUM(K120:K123)-SUM(W120:W123)-SUM(Y120:Y123)-SUM(Z120:Z123)-SUM(AC120:AC123)-SUM(V120:V123))-AA120 -> 5.9952043e-15 | AC120: =K120-T120 -> 0 | AD120: =+AM120+BA120 -> 9 | AE120: - Sheet Breaks (3x) | AF120: 9 | AM120: =SUM(AF120:AL120)+AT120 -> 9 | AR120: =SUM(AN120:AQ120) -> 0 | BA120: =+AR120+AS120+AU120+AV120+AX120 -> 0 | BB120: 3
B121: Toilet | C121: =(M121*E121*O121*Q121)/100000000 -> 27.795456 | D121: RC HW | E121: 14.5 | F121: 1 | G121: =+L121 -> 1200 | H121: =+N121 -> 0.22 | I121: 0.88 | J121: =E121*G121*(1-H121)*1440/1000000*2.75 -> 53.74512 | K121: =(IF(G121<L121,L121,G121)*(1-IF(H121<N121,H121,N121))*E121*O121*Q121)/100000000 -> 27.795456 | L121: 1200 | M121: 936 | N121: =1-(M121/L121) -> 0.22 | O121: =+'Trim Rwd'!H68 -> 256 | P121: =O121*(Q121-R121-S121) -> 196608 | Q121: 800 | R121: 0 | S121: 32 | T121: =E121*M121*O121*Q121/100000000 -> 27.795456 | U121: =E121*M121*O121*(Q121-R121-S121)/100000000 -> 26.683638 | V121: =E121*G121*(1-N121)*O121/100*(R121+S121)/1000000 -> 1.1118182 | W121: =+'22'!K15/1000 -> 22.537 | AC121: =K121-T121 -> 0 | AD121: =+AM121+BA121 -> 10 | AE121: - Change Blade (7x) | AG121: 10 | AM121: =SUM(AF121:AL121)+AT121 -> 10 | AR121: =SUM(AN121:AQ121) -> 0 | BA121: =+AR121+AS121+AU121+AV121+AX121 -> 0 | BC121: 7
AD122: =+AM122+BA122 -> 29 | AE122: - Change Spool (25x) | AH122: 29 | AM122: =SUM(AF122:AL122)+AT122 -> 29 | AR122: =SUM(AN122:AQ122) -> 0 | BA122: =+AR122+AS122+AU122+AV122+AX122 -> 0
...

Sheet Chem
A4: CHEMICAL DAILY REPORT PM 15
F5: Paper Mill's Chemicals | GD5: Deinking's Chemicals | KT5: Paper mill's Chemicals | KU5: Deinking's Chemicals
