Workbook

Sheet GRAFIK

Sheet Report1
A3: PAPER MACHINE 15 DAILY REPORT 1
A6: DATE | B6: GRADE | C6: GSM | D6: Speed yankee (mpm) | E6: Speed reel (mpm) | F6: Creep ( % ) | G6: Real Eff PM ( % ) | H6: Real Eff PM vs Target (%) | I6: Real Eff FG vs Real Eff PM (%) | J6: Eff FG vs Target (%) | L6: Kapasitas Target (ton) | N6: Kapasitas Teori Real (ton) | P6: PM PROD Timbangan (TON) | R6: FINSHED GOODS (TON) | T6: NET GROSS (Timbangan) (%) | V6: NET GROSS ( Scanner) (%) | X6: FRESH WATER | AB6: GAS HOOD | AH6: STEAM (TON) | AN6: STEAM (TON) DEINKING | AT6: POWER (kWh) | AZ6: POWER (kWh) DEINKING | BF6: POWER WPL (kWh) | BL6: Kapasitas Running (ton) | BN6: Eff FG vs Target Running(%)
X7: CONSUMPTION | Z7: /TON FG. | AB7: CONSUMPTION | AD7: /TON PM. | AF7: /TON FG. | AH7: CONSUMPTION | AJ7: /TON PM. | AL7: /TON FG. | AN7: CONSUMPTION | AP7: /TON PM. | AR7: /TON FG. | AT7: CONSUMPTION | AV7: /TON PM | AX7: /TON FG | AZ7: CONSUMPTION | BB7: /TON PM | BD7: /TON FG | BF7: CONSUMPTION | BH7: /TON PM | BJ7: /TON FG
J8: TODAY | K8: TODATE | L8: TODAY | M8: TODATE | N8: TODAY | O8: TODATE | P8: TODAY | Q8: TODATE | R8: TODAY | S8: TODATE | T8: TODAY | U8: TODATE | V8: TODAY | W8: TODATE | X8: TODAY | Y8: TODATE | Z8: TODAY | AA8: TODATE | AB8: TODAY | AC8: TODATE | AD8: TODAY | AE8: TODATE | AF8: TODAY | AG8: TODATE | AH8: TODAY | AI8: TODATE | AJ8: TODAY | AK8: TODATE | AL8: TODAY | AM8: TODATE | AN8: TODAY | AO8: TODATE | AP8: TODAY | AQ8: TODATE | AR8: TODAY | AS8: TODATE | AT8: TODAY | AU8: TODATE | AV8: TODAY | AW8: TODATE | AX8: TODAY | AY8: TODATE | AZ8: TODAY | BA8: TODATE | BB8: TODAY | BC8: TODATE | BD8: TODAY | BE8: TODATE | BF8: TODAY | BG8: TODATE | BH8: TODAY | BI8: TODATE | BJ8: TODAY | BK8: TODATE | BL8: TODAY | BM8: TODATE | BN8: TODAY | BO8: TODATE
A9: 45962 | B9: Toilet | C9: 14/13,5 | D9: =+'1'!F42 -> 1190.6923 | E9: =+'1'!G42 -> 916.83308 | F9: =1-(E9/D9) -> 0.23 | G9: =+P9/N9 -> 0.86841833 | H9: =+P9/L9 -> 0.77124113 | I9: =+R9/P9 -> 0.93641279 | J9: =+R9/L9 -> 0.72220006 | K9: =+S9/M9 -> 0.72220006 | L9: =+SUM(Efficiency1!K6:K7) -> 55.157846 | M9: =L9 -> 55.157846 | N9: =+SUM(Efficiency1!C6:C7) -> 48.985608 | O9: =N9 -> 48.985608 | P9: ='1'!I38 -> 42.54 | Q9: =P9 -> 42.54 | R9: ='1'!I40 -> 39.835 | S9: =R9 -> 39.835 | T9: =R9/P9 -> 0.93641279 | U9: =S9/Q9 -> 0.93641279 | V9: =R9/L9 -> 0.72220006 | W9: =S9/M9 -> 0.72220006 | AB9: =+[2]Report1!AY9 -> 4833.8352 | AC9: =AB9 -> 4833.8352 | AD9: =AB9/P9 -> 113.63035 | AE9: =AC9/Q9 -> 113.63035 | AF9: =IF(AND(R9>0,AB9>0),(AB9/(R9*1000))*1000,0) -> 121.34644 | AG9: =IF(AND(S9>0,AC9>0),AC9/S9,0) -> 121.34644 | AH9: 62.9 | AI9: =AH9 -> 62.9 | AJ9: =AH9/(P9) -> 1.4786084 | AK9: =AI9/(Q9) -> 1.4786084 | AL9: =IF(AND(R9>0,AH9>0),AH9/(R9),0) -> 1.5790134 | AM9: =IF(AND(S9>0,AI9>0),AI9/(S9),0) -> 1.5790134 | AN9: 7.9 | AO9: =AN9 -> 7.9 | AP9: =AN9/(P9) -> 0.18570757 | AQ9: =AO9/(Q9) -> 0.18570757 | AR9: =IF(AND(R9>0,AN9>0),AN9/(R9),0) -> 0.19831806 | AS9: =IF(AND(S9>0,AO9>0),AO9/(S9),0) -> 0.19831806 | AT9: ='1'!I46 -> 36391.3 | AU9: =AT9 -> 36391.3 | AV9: =IF(AND(L9>0,AT9>0),(AT9/(P9*1000)*1000),0) -> 855.46074 | AW9: =IF(AND(M9>0,AU9>0),(AU9/(Q9*1000)*1000),0) -> 855.46074 | AX9: =IF(AND(R9>0,AT9>0),(AT9/(R9*1000)*1000),0) -> 913.5509 | AY9: =IF(AND(S9>0,AU9>0),(AU9/(S9*1000)*1000),0) -> 913.5509 | AZ9: =+Listrik!S8 -> 22450.48 | BA9: =AZ9 -> 22450.48 | BB9: =IF(AND(L9>0,AZ9>0),(AZ9/(P9*1000)*1000),0) -> 527.74988 | BC9: =IF(AND(M9>0,BA9>0),(BA9/(Q9*1000)*1000),0) -> 527.74988 | BD9: =IF(AND(R9>0,AZ9>0),(AZ9/(R9*1000)*1000),0) -> 563.5868 | BE9: =IF(AND(S9>0,BA9>0),(BA9/(S9*1000)*1000),0) -> 563.5868 | BF9: =+Listrik!V8 -> 312 | BG9: =BF9 -> 312 | BH9: =IF(AND(L9>0,BF9>0),(BF9/(P9*1000)*1000),0) -> 7.3342736 | BI9: =IF(AND(M9>0,BG9>0),(BG9/(Q9*1000)*1000),0) -> 7.3342736 | BJ9: =IF(AND(R9>0,BF9>0),(BF9/(R9*1000)*1000),0) -> 7.8323083 | BK9: =IF(AND(S9>0,BG9>0),(BG9/(S9*1000)*1000),0) -> 7.8323083 | BL9: =+SUM(Efficiency2!K6:K7) -> 55.157846 | BM9: =BL9 -> 55.157846 | BN9: =+R9/BL9 -> 0.72220006 | BO9: =+S9/BM9 -> 0.72220006
A10: =A9+1 -> 45963 | B10: Toilet | C10: 13,5/14 | D10: =+'2'!F42 -> 1218.9722 | E10: =+'2'!G42 -> 938.60861 | F10: =1-(E10/D10) -> 0.23 | G10: =+P10/N10 -> 0.94752033 | H10: =+P10/L10 -> 0.87515046 | I10: =+R10/P10 -> 1.0178272 | J10: =+R10/L10 -> 0.89075191 | K10: =+S10/M10 -> 0.80644943 | L10: =+SUM(Efficiency1!K12:K13) -> 55.123093 | M10: =M9+L10 -> 110.28094 | N10: =+SUM(Efficiency1!C12:C13) -> 50.912892 | O10: =O9+N10 -> 99.8985 | P10: ='2'!I38 -> 48.241 | Q10: =Q9+P10 -> 90.781 | R10: ='2'!I40 -> 49.101 | S10: =S9+R10 -> 88.936 | T10: =R10/P10 -> 1.0178272 | U10: =S10/Q10 -> 0.97967636 | V10: =R10/L10 -> 0.89075191 | W10: =S10/M10 -> 0.80644943 | AB10: =+[2]Report1!AY10 -> 5758.1214 | AC10: =AB10+AC9 -> 10591.957 | AD10: =AB10/P10 -> 119.36157 | AE10: =AC10/Q10 -> 116.67592 | AF10: =IF(AND(R10>0,AB10>0),(AB10/(R10*1000))*1000,0) -> 117.27096 | AG10: =IF(AND(S10>0,AC10>0),AC10/S10,0) -> 119.09639 | AH10: 67.8 | AI10: =AH10+AI9 -> 130.7 | AJ10: =AH10/(P10) -> 1.4054435 | AK10: =AI10/(Q10) -> 1.4397286 | AL10: =IF(AND(R10>0,AH10>0),AH10/(R10),0) -> 1.3808273 | AM10: =IF(AND(S10>0,AI10>0),AI10/(S10),0) -> 1.4695961 | AN10: 10.9 | AO10: =AN10+AO9 -> 18.8 | AP10: =AN10/(P10) -> 0.22594888 | AQ10: =AO10/(Q10) -> 0.20709179 | AR10: =IF(AND(R10>0,AN10>0),AN10/(R10),0) -> 0.22199141 | AS10: =IF(AND(S10>0,AO10>0),AO10/(S10),0) -> 0.21138796 | AT10: ='2'!I46 -> 44439.78 | AU10: =AT10+AU9 -> 80831.08 | AV10: =IF(AND(L10>0,AT10>0),(AT10/(P10*1000)*1000),0) -> 921.20354 | AW10: =IF(AND(M10>0,AU10>0),(AU10/(Q10*1000)*1000),0) -> 890.39645 | AX10: =IF(AND(R10>0,AT10>0),(AT10/(R10*1000)*1000),0) -> 905.06874 | AY10: =IF(AND(S10>0,AU10>0),(AU10/(S10*1000)*1000),0) -> 908.86795 | AZ10: =+Listrik!S9 -> 24059.7 | BA10: =AZ10+BA9 -> 46510.18 | BB10: =IF(AND(L10>0,AZ10>0),(AZ10/(P10*1000)*1000),0) -> 498.73966 | BC10: =IF(AND(M10>0,BA10>0),(BA10/(Q10*1000)*1000),0) -> 512.33386 | BD10: =IF(AND(R10>0,AZ10>0),(AZ10/(R10*1000)*1000),0) -> 490.00428 | BE10: =IF(AND(S10>0,BA10>0),(BA10/(S10*1000)*1000),0) -> 522.96235 | BF10: =+Listrik!V9 -> 228 | BG10: =BF10+BG9 -> 540 | BH10: =IF(AND(L10>0,BF10>0),(BF10/(P10*1000)*1000),0) -> 4.7262702 | BI10: =IF(AND(M10>0,BG10>0),(BG10/(Q10*1000)*1000),0) -> 5.9483813 | BJ10: =IF(AND(R10>0,BF10>0),(BF10/(R10*1000)*1000),0) -> 4.6434899 | BK10: =IF(AND(S10>0,BG10>0),(BG10/(S10*1000)*1000),0) -> 6.071782 | BL10: =+SUM(Efficiency2!K12:K13) -> 55.123093 | BM10: =BM9+BL10 -> 110.28094 | BN10: =+R10/BL10 -> 0.89075191 | BO10: =+S10/BM10 -> 0.80644943
A11: =A10+1 -> 45964 | B11: Toilet | C11: 14 | D11: =+'3'!F42 -> 1223.3333 | E11: =+'3'!G42 -> 941.96667 | F11: =1-(E11/D11) -> 0.23 | G11: =+P11/N11 -> 0.96198683 | H11: =+P11/L11 -> 0.90874946 | I11: =+R11/P11 -> 0.9685984 | J11: =+R11/L11 -> 0.88021328 | K11: =+S11/M11 -> 0.83089635 | L11: =+Efficiency1!K17 -> 54.667433 | M11: =M10+L11 -> 164.94837 | N11: =+Efficiency1!C17 -> 51.642079 | O11: =O10+N11 -> 151.54058 | P11: ='3'!I38 -> 49.679 | Q11: =Q10+P11 -> 140.46 | R11: ='3'!I40 -> 48.119 | S11: =S10+R11 -> 137.055 | T11: =R11/P11 -> 0.9685984 | U11: =S11/Q11 -> 0.97575822 | V11: =R11/L11 -> 0.88021328 | W11: =S11/M11 -> 0.83089635 | AB11: =+[2]Report1!AY11 -> 5677.2508 | AC11: =AB11+AC10 -> 16269.208 | AD11: =AB11/P11 -> 114.27869 | AE11: =AC11/Q11 -> 115.82805 | AF11: =IF(AND(R11>0,AB11>0),(AB11/(R11*1000))*1000,0) -> 117.98356 | AG11: =IF(AND(S11>0,AC11>0),AC11/S11,0) -> 118.70568 | AH11: 69 | AI11: =AH11+AI10 -> 199.7 | AJ11: =AH11/(P11) -> 1.3889168 | AK11: =AI11/(Q11) -> 1.4217571 | AL11: =IF(AND(R11>0,AH11>0),AH11/(R11),0) -> 1.433945 | AM11: =IF(AND(S11>0,AI11>0),AI11/(S11),0) -> 1.4570793 | AN11: 9.9 | AO11: =AN11+AO10 -> 28.7 | AP11: =AN11/(P11) -> 0.19927937 | AQ11: =AO11/(Q11) -> 0.20432863 | AR11: =IF(AND(R11>0,AN11>0),AN11/(R11),0) -> 0.20573994 | AS11: =IF(AND(S11>0,AO11>0),AO11/(S11),0) -> 0.20940498 | AT11: ='3'!I46 -> 43607.08 | AU11: =AT11+AU10 -> 124438.16 | AV11: =IF(AND(L11>0,AT11>0),(AT11/(P11*1000)*1000),0) -> 877.77693 | AW11: =IF(AND(M11>0,AU11>0),(AU11/(Q11*1000)*1000),0) -> 885.93308 | AX11: =IF(AND(R11>0,AT11>0),(AT11/(R11*1000)*1000),0) -> 906.23413 | AY11: =IF(AND(S11>0,AU11>0),(AU11/(S11*1000)*1000),0) -> 907.94323 | AZ11: =+Listrik!S10 -> 20908.8 | BA11: =AZ11+BA10 -> 67418.98 | BB11: =IF(AND(L11>0,AZ11>0),(AZ11/(P11*1000)*1000),0) -> 420.87804 | BC11: =IF(AND(M11>0,BA11>0),(BA11/(Q11*1000)*1000),0) -> 479.98704 | BD11: =IF(AND(R11>0,AZ11>0),(AZ11/(R11*1000)*1000),0) -> 434.52275 | BE11: =IF(AND(S11>0,BA11>0),(BA11/(S11*1000)*1000),0) -> 491.91186 | BF11: =+Listrik!V10 -> 289.1 | BG11: =BF11+BG10 -> 829.1 | BH11: =IF(AND(L11>0,BF11>0),(BF11/(P11*1000)*1000),0) -> 5.8193603 | BI11: =IF(AND(M11>0,BG11>0),(BG11/(Q11*1000)*1000),0) -> 5.9027481 | BJ11: =IF(AND(R11>0,BF11>0),(BF11/(R11*1000)*1000),0) -> 6.0080218 | BK11: =IF(AND(S11>0,BG11>0),(BG11/(S11*1000)*1000),0) -> 6.0493962 | BL11: =+Efficiency2!K17 -> 54.667433 | BM11: =BM10+BL11 -> 164.94837 | BN11: =+R11/BL11 -> 0.88021328 | BO11: =+S11/BM11 -> 0.83089635
A12: =A11+1 -> 45965 | B12: Toilet | C12: 14/15 | D12: =+'4'!F42 -> 1194.1979 | E12: =+'4'!G42 -> 923.4341 | F12: =1-(E12/D12) -> 0.22673278 | G12: =+P12/N12 -> 0.97179805 | H12: =+P12/L12 -> 0.94179438 | I12: =+R12/P12 -> 0.97876377 | J12: =+R12/L12 -> 0.92179422 | K12: =+S12/M12 -> 0.85357949 | L12: =+SUM(Efficiency1!K22:K23) -> 54.849552 | M12: =M11+L12 -> 219.79792 | N12: =+SUM(Efficiency1!C22:C23) -> 53.156106 | O12: =O11+N12 -> 204.69668 | P12: ='4'!I38 -> 51.657 | Q12: =Q11+P12 -> 192.117 | R12: ='4'!I40 -> 50.56 | S12: =S11+R12 -> 187.615 | T12: =R12/P12 -> 0.97876377 | U12: =S12/Q12 -> 0.97656636 | V12: =R12/L12 -> 0.92179422 | W12: =S12/M12 -> 0.85357949 | AB12: =+[2]Report1!AY12 -> 5797.0014 | AC12: =AB12+AC11 -> 22066.209 | AD12: =AB12/P12 -> 112.22102 | AE12: =AC12/Q12 -> 114.85818 | AF12: =IF(AND(R12>0,AB12>0),(AB12/(R12*1000))*1000,0) -> 114.65588 | AG12: =IF(AND(S12>0,AC12>0),AC12/S12,0) -> 117.61431 | AH12: 68.5 | AI12: =AH12+AI11 -> 268.2 | AJ12: =AH12/(P12) -> 1.3260546 | AK12: =AI12/(Q12) -> 1.3960243 | AL12: =IF(AND(R12>0,AH12>0),AH12/(R12),0) -> 1.3548259 | AM12: =IF(AND(S12>0,AI12>0),AI12/(S12),0) -> 1.4295232 | AN12: 11.1 | AO12: =AN12+AO11 -> 39.8 | AP12: =AN12/(P12) -> 0.21487891 | AQ12: =AO12/(Q12) -> 0.20716543 | AR12: =IF(AND(R12>0,AN12>0),AN12/(R12),0) -> 0.21954114 | AS12: =IF(AND(S12>0,AO12>0),AO12/(S12),0) -> 0.21213656 | AT12: ='4'!I46 -> 40511.74 | AU12: =AT12+AU11 -> 164949.9 | AV12: =IF(AND(L12>0,AT12>0),(AT12/(P12*1000)*1000),0) -> 784.24492 | AW12: =IF(AND(M12>0,AU12>0),(AU12/(Q12*1000)*1000),0) -> 858.59086 | AX12: =IF(AND(R12>0,AT12>0),(AT12/(R12*1000)*1000),0) -> 801.26068 | AY12: =IF(AND(S12>0,AU12>0),(AU12/(S12*1000)*1000),0) -> 879.19356 | AZ12: =+Listrik!S11 -> 25540.8 | BA12: =AZ12+BA11 -> 92959.78 | BB12: =IF(AND(L12>0,AZ12>0),(AZ12/(P12*1000)*1000),0) -> 494.43057 | BC12: =IF(AND(M12>0,BA12>0),(BA12/(Q12*1000)*1000),0) -> 483.87066 | BD12: =IF(AND(R12>0,AZ12>0),(AZ12/(R12*1000)*1000),0) -> 505.15823 | BE12: =IF(AND(S12>0,BA12>0),(BA12/(S12*1000)*1000),0) -> 495.4816 | BF12: =+Listrik!V11 -> 323 | BG12: =BF12+BG11 -> 1152.1 | BH12: =IF(AND(L12>0,BF12>0),(BF12/(P12*1000)*1000),0) -> 6.2527828 | BI12: =IF(AND(M12>0,BG12>0),(BG12/(Q12*1000)*1000),0) -> 5.9968665 | BJ12: =IF(AND(R12>0,BF12>0),(BF12/(R12*1000)*1000),0) -> 6.3884494 | BK12: =IF(AND(S12>0,BG12>0),(BG12/(S12*1000)*1000),0) -> 6.140767 | BL12: =+SUM(Efficiency2!K22:K23) -> 54.849552 | BM12: =BM11+BL12 -> 219.79792 | BN12: =+R12/BL12 -> 0.92179422 | BO12: =+S12/BM12 -> 0.85357949
A13: =A12+1 -> 45966 | B13: Toilet/Towel | C13: 15/13,5/29/20 | D13: =+'5'!F42 -> 648.06859 | E13: =+'5'!G42 -> 543.40656 | F13: =1-(E13/D13) -> 0.16149839 | G13: =+P13/N13 -> 0.6001109 | H13: =+P13/L13 -> 0.5752344 | I13: =+R13/P13 -> 0.95383046 | J13: =+R13/L13 -> 0.54867609 | K13: =+S13/M13 -> 0.79449769 | L13: =+SUM(Efficiency1!K27:K30) -> 52.827161 | M13: =M12+L13 -> 272.62508 | N13: =+SUM(Efficiency1!C27:C30) -> 50.637307 | O13: =O12+N13 -> 255.33399 | P13: ='5'!I38 -> 30.388 | Q13: =Q12+P13 -> 222.505 | R13: ='5'!I40 -> 28.985 | S13: =S12+R13 -> 216.6 | T13: =R13/P13 -> 0.95383046 | U13: =S13/Q13 -> 0.97346127 | V13: =R13/L13 -> 0.54867609 | W13: =S13/M13 -> 0.79449769 | AB13: =+[2]Report1!AY13 -> 3284.0807 | AC13: =AB13+AC12 -> 25350.29 | AD13: =AB13/P13 -> 108.07163 | AE13: =AC13/Q13 -> 113.93133 | AF13: =IF(AND(R13>0,AB13>0),(AB13/(R13*1000))*1000,0) -> 113.30277 | AG13: =IF(AND(S13>0,AC13>0),AC13/S13,0) -> 117.03735 | AH13: 45.6 | AI13: =AH13+AI12 -> 313.8 | AJ13: =AH13/(P13) -> 1.5005923 | AK13: =AI13/(Q13) -> 1.4103054 | AL13: =IF(AND(R13>0,AH13>0),AH13/(R13),0) -> 1.5732275 | AM13: =IF(AND(S13>0,AI13>0),AI13/(S13),0) -> 1.4487535 | AN13: 6 | AO13: =AN13+AO12 -> 45.8 | AP13: =AN13/(P13) -> 0.19744636 | AQ13: =AO13/(Q13) -> 0.20583807 | AR13: =IF(AND(R13>0,AN13>0),AN13/(R13),0) -> 0.20700362 | AS13: =IF(AND(S13>0,AO13>0),AO13/(S13),0) -> 0.21144968 | AT13: ='5'!I46 -> 22984.56 | AU13: =AT13+AU12 -> 187934.46 | AV13: =IF(AND(L13>0,AT13>0),(AT13/(P13*1000)*1000),0) -> 756.36962 | AW13: =IF(AND(M13>0,AU13>0),(AU13/(Q13*1000)*1000),0) -> 844.63028 | AX13: =IF(AND(R13>0,AT13>0),(AT13/(R13*1000)*1000),0) -> 792.9812 | AY13: =IF(AND(S13>0,AU13>0),(AU13/(S13*1000)*1000),0) -> 867.65679 | AZ13: =+Listrik!S12 -> 13904.058 | BA13: =AZ13+BA12 -> 106863.84 | BB13: =IF(AND(L13>0,AZ13>0),(AZ13/(P13*1000)*1000),0) -> 457.55094 | BC13: =IF(AND(M13>0,BA13>0),(BA13/(Q13*1000)*1000),0) -> 480.27612 | BD13: =IF(AND(R13>0,AZ13>0),(AZ13/(R13*1000)*1000),0) -> 479.6984 | BE13: =IF(AND(S13>0,BA13>0),(BA13/(S13*1000)*1000),0) -> 493.36952 | BF13: =+Listrik!V12 -> 215.6 | BG13: =BF13+BG12 -> 1367.7 | BH13: =IF(AND(L13>0,BF13>0),(BF13/(P13*1000)*1000),0) -> 7.0949059 | BI13: =IF(AND(M13>0,BG13>0),(BG13/(Q13*1000)*1000),0) -> 6.1468282 | BJ13: =IF(AND(R13>0,BF13>0),(BF13/(R13*1000)*1000),0) -> 7.4383302 | BK13: =IF(AND(S13>0,BG13>0),(BG13/(S13*1000)*1000),0) -> 6.3144044 | BL13: =+SUM(Efficiency2!K27:K30) -> 52.827161 | BM13: =BM12+BL13 -> 272.62508 | BN13: =+R13/BL13 -> 0.54867609 | BO13: =+S13/BM13 -> 0.79449769
A14: =A13+1 -> 45967 | B14: Towel | C14: 20 | D14: =+'6'!F42 -> 875 | E14: =+'6'!G42 -> 743.75 | F14: =1-(E14/D14) -> 0.15 | G14: =+P14/N14 -> 1.0541256 | H14: =+P14/L14 -> 1.0541256 | I14: =+R14/P14 -> 0.95352907 | J14: =+R14/L14 -> 1.0051395 | K14: =+S14/M14 -> 0.83030316 | L14: =+Efficiency1!K33 -> 55.832054 | M14: =M13+L14 -> 328.45714 | N14: =+Efficiency1!C33 -> 55.832054 | O14: =O13+N14 -> 311.16605 | P14: ='6'!I38 -> 58.854 | Q14: =Q13+P14 -> 281.359 | R14: ='6'!I40 -> 56.119 | S14: =S13+R14 -> 272.719 | T14: =R14/P14 -> 0.95352907 | U14: =S14/Q14 -> 0.9692919 | V14: =R14/L14 -> 1.0051395 | W14: =S14/M14 -> 0.83030316 | AB14: =+[2]Report1!AY14 -> 5525.764 | AC14: =AB14+AC13 -> 30876.054 | AD14: =AB14/P14 -> 93.889354 | AE14: =AC14/Q14 -> 109.73899 | AF14: =IF(AND(R14>0,AB14>0),(AB14/(R14*1000))*1000,0) -> 98.465119 | AG14: =IF(AND(S14>0,AC14>0),AC14/S14,0) -> 113.21563 | AH14: 70.7 | AI14: =AH14+AI13 -> 384.5 | AJ14: =AH14/(P14) -> 1.2012777 | AK14: =AI14/(Q14) -> 1.3665815 | AL14: =IF(AND(R14>0,AH14>0),AH14/(R14),0) -> 1.2598229 | AM14: =IF(AND(S14>0,AI14>0),AI14/(S14),0) -> 1.4098761 | AN14: 11 | AO14: =AN14+AO13 -> 56.8 | AP14: =AN14/(P14) -> 0.18690318 | AQ14: =AO14/(Q14) -> 0.20187732 | AR14: =IF(AND(R14>0,AN14>0),AN14/(R14),0) -> 0.19601205 | AS14: =IF(AND(S14>0,AO14>0),AO14/(S14),0) -> 0.20827298 | AT14: ='6'!I46 -> 38259.78 | AU14: =AT14+AU13 -> 226194.24 | AV14: =IF(AND(L14>0,AT14>0),(AT14/(P14*1000)*1000),0) -> 650.07952 | AW14: =IF(AND(M14>0,AU14>0),(AU14/(Q14*1000)*1000),0) -> 803.93462 | AX14: =IF(AND(R14>0,AT14>0),(AT14/(R14*1000)*1000),0) -> 681.76161 | AY14: =IF(AND(S14>0,AU14>0),(AU14/(S14*1000)*1000),0) -> 829.40404 | AZ14: =+Listrik!S13 -> 26617.534 | BA14: =AZ14+BA13 -> 133481.37 | BB14: =IF(AND(L14>0,AZ14>0),(AZ14/(P14*1000)*1000),0) -> 452.26381 | BC14: =IF(AND(M14>0,BA14>0),(BA14/(Q14*1000)*1000),0) -> 474.41657 | BD14: =IF(AND(R14>0,AZ14>0),(AZ14/(R14*1000)*1000),0) -> 474.30521 | BE14: =IF(AND(S14>0,BA14>0),(BA14/(S14*1000)*1000),0) -> 489.44654 | BF14: =+Listrik!V13 -> 301.8 | BG14: =BF14+BG13 -> 1669.5 | BH14: =IF(AND(L14>0,BF14>0),(BF14/(P14*1000)*1000),0) -> 5.1279437 | BI14: =IF(AND(M14>0,BG14>0),(BG14/(Q14*1000)*1000),0) -> 5.9337004 | BJ14: =IF(AND(R14>0,BF14>0),(BF14/(R14*1000)*1000),0) -> 5.3778578 | BK14: =IF(AND(S14>0,BG14>0),(BG14/(S14*1000)*1000),0) -> 6.1216857 | BL14: =+Efficiency2!K33 -> 55.832054 | BM14: =BM13+BL14 -> 328.45714 | BN14: =+R14/BL14 -> 1.0051395 | BO14: =+S14/BM14 -> 0.83030316
A15: =A14+1 -> 45968 | B15: Towel | C15: 20/19 | D15: =+'7'!F42 -> 912.45139 | E15: =+'7'!G42 -> 775.58368 | F15: =1-(E15/D15) -> 0.15 | G15: =+P15/N15 -> 0.98274168 | H15: =+P15/L15 -> 0.98274168 | I15: =+R15/P15 -> 0.96982869 | J15: =+R15/L15 -> 0.95309108 | K15: =+S15/M15 -> 0.84912389 | L15: =+SUM(Efficiency1!K38:K39) -> 59.459165 | M15: =M14+L15 -> 387.9163 | N15: =+SUM(Efficiency1!C38:C39) -> 59.459165 | O15: =O14+N15 -> 370.62521 | P15: ='7'!I38 -> 58.433 | Q15: =Q14+P15 -> 339.792 | R15: ='7'!I40 -> 56.67 | S15: =S14+R15 -> 329.389 | T15: =R15/P15 -> 0.96982869 | U15: =S15/Q15 -> 0.96938421 | V15: =R15/L15 -> 0.95309108 | W15: =S15/M15 -> 0.84912389 | AB15: =+[2]Report1!AY15 -> 5630.8735 | AC15: =AB15+AC14 -> 36506.927 | AD15: =AB15/P15 -> 96.364614 | AE15: =AC15/Q15 -> 107.43904 | AF15: =IF(AND(R15>0,AB15>0),(AB15/(R15*1000))*1000,0) -> 99.362511 | AG15: =IF(AND(S15>0,AC15>0),AC15/S15,0) -> 110.83226 | AH15: 66.1 | AI15: =AH15+AI14 -> 450.6 | AJ15: =AH15/(P15) -> 1.1312101 | AK15: =AI15/(Q15) -> 1.3261054 | AL15: =IF(AND(R15>0,AH15>0),AH15/(R15),0) -> 1.166402 | AM15: =IF(AND(S15>0,AI15>0),AI15/(S15),0) -> 1.3679874 | AN15: 10.8 | AO15: =AN15+AO14 -> 67.6 | AP15: =AN15/(P15) -> 0.18482707 | AQ15: =AO15/(Q15) -> 0.19894524 | AR15: =IF(AND(R15>0,AN15>0),AN15/(R15),0) -> 0.19057702 | AS15: =IF(AND(S15>0,AO15>0),AO15/(S15),0) -> 0.20522847 | AT15: ='7'!I46 -> 37846.1 | AU15: =AT15+AU14 -> 264040.34 | AV15: =IF(AND(L15>0,AT15>0),(AT15/(P15*1000)*1000),0) -> 647.68367 | AW15: =IF(AND(M15>0,AU15>0),(AU15/(Q15*1000)*1000),0) -> 777.06462 | AX15: =IF(AND(R15>0,AT15>0),(AT15/(R15*1000)*1000),0) -> 667.83307 | AY15: =IF(AND(S15>0,AU15>0),(AU15/(S15*1000)*1000),0) -> 801.60643 | AZ15: =+Listrik!S14 -> 26562.965 | BA15: =AZ15+BA14 -> 160044.34 | BB15: =IF(AND(L15>0,AZ15>0),(AZ15/(P15*1000)*1000),0) -> 454.58842 | BC15: =IF(AND(M15>0,BA15>0),(BA15/(Q15*1000)*1000),0) -> 471.00678 | BD15: =IF(AND(R15>0,AZ15>0),(AZ15/(R15*1000)*1000),0) -> 468.73063 | BE15: =IF(AND(S15>0,BA15>0),(BA15/(S15*1000)*1000),0) -> 485.88246 | BF15: =+Listrik!V14 -> 327 | BG15: =BF15+BG14 -> 1996.5 | BH15: =IF(AND(L15>0,BF15>0),(BF15/(P15*1000)*1000),0) -> 5.5961529 | BI15: =IF(AND(M15>0,BG15>0),(BG15/(Q15*1000)*1000),0) -> 5.8756533 | BJ15: =IF(AND(R15>0,BF15>0),(BF15/(R15*1000)*1000),0) -> 5.7702488 | BK15: =IF(AND(S15>0,BG15>0),(BG15/(S15*1000)*1000),0) -> 6.0612224 | BL15: =+SUM(Efficiency2!K38:K39) -> 59.459165 | BM15: =BM14+BL15 -> 387.9163 | BN15: =+R15/BL15 -> 0.95309108 | BO15: =+S15/BM15 -> 0.84912389
A16: =A15+1 -> 45969 | B16: Towel | C16: 19/17 | D16: =+'8'!F42 -> 946.66667 | E16: =+'8'!G42 -> 804.66667 | F16: =1-(E16/D16) -> 0.15 | G16: =+P16/N16 -> 1.0159443 | H16: =+P16/L16 -> 1.0159443 | I16: =+R16/P16 -> 0.96276058 | J16: =+R16/L16 -> 0.97811113 | K16: =+S16/M16 -> 0.86452548 | L16: =+SUM(Efficiency1!K43:K44) -> 52.59934 | M16: =M15+L16 -> 440.51564 | N16: =+SUM(Efficiency1!C43:C44) -> 52.59934 | O16: =O15+N16 -> 423.22455 | P16: ='8'!I38 -> 53.438 | Q16: =Q15+P16 -> 393.23 | R16: ='8'!I40 -> 51.448 | S16: =S15+R16 -> 380.837 | T16: =R16/P16 -> 0.96276058 | U16: =S16/Q16 -> 0.96848409 | V16: =R16/L16 -> 0.97811113 | W16: =S16/M16 -> 0.86452548 | AB16: =+[2]Report1!AY16 -> 5736.9246 | AC16: =AB16+AC15 -> 42243.852 | AD16: =AB16/P16 -> 107.35665 | AE16: =AC16/Q16 -> 107.42785 | AF16: =IF(AND(R16>0,AB16>0),(AB16/(R16*1000))*1000,0) -> 111.50919 | AG16: =IF(AND(S16>0,AC16>0),AC16/S16,0) -> 110.92371 | AH16: 66.6 | AI16: =AH16+AI15 -> 517.2 | AJ16: =AH16/(P16) -> 1.2463041 | AK16: =AI16/(Q16) -> 1.3152608 | AL16: =IF(AND(R16>0,AH16>0),AH16/(R16),0) -> 1.294511 | AM16: =IF(AND(S16>0,AI16>0),AI16/(S16),0) -> 1.3580613 | AN16: 10.4 | AO16: =AN16+AO15 -> 78 | AP16: =AN16/(P16) -> 0.19461806 | AQ16: =AO16/(Q16) -> 0.1983572 | AR16: =IF(AND(R16>0,AN16>0),AN16/(R16),0) -> 0.20214586 | AS16: =IF(AND(S16>0,AO16>0),AO16/(S16),0) -> 0.20481203 | AT16: ='8'!I46 -> 41738.5 | AU16: =AT16+AU15 -> 305778.84 | AV16: =IF(AND(L16>0,AT16>0),(AT16/(P16*1000)*1000),0) -> 781.06404 | AW16: =IF(AND(M16>0,AU16>0),(AU16/(Q16*1000)*1000),0) -> 777.60812 | AX16: =IF(AND(R16>0,AT16>0),(AT16/(R16*1000)*1000),0) -> 811.27546 | AY16: =IF(AND(S16>0,AU16>0),(AU16/(S16*1000)*1000),0) -> 802.91264 | AZ16: =+Listrik!S15 -> 27933.703 | BA16: =AZ16+BA15 -> 187978.04 | BB16: =IF(AND(L16>0,AZ16>0),(AZ16/(P16*1000)*1000),0) -> 522.73107 | BC16: =IF(AND(M16>0,BA16>0),(BA16/(Q16*1000)*1000),0) -> 478.03586 | BD16: =IF(AND(R16>0,AZ16>0),(AZ16/(R16*1000)*1000),0) -> 542.95022 | BE16: =IF(AND(S16>0,BA16>0),(BA16/(S16*1000)*1000),0) -> 493.59185 | BF16: =+Listrik!V15 -> 297.1 | BG16: =BF16+BG15 -> 2293.6 | BH16: =IF(AND(L16>0,BF16>0),(BF16/(P16*1000)*1000),0) -> 5.5597141 | BI16: =IF(AND(M16>0,BG16>0),(BG16/(Q16*1000)*1000),0) -> 5.8327188 | BJ16: =IF(AND(R16>0,BF16>0),(BF16/(R16*1000)*1000),0) -> 5.7747629 | BK16: =IF(AND(S16>0,BG16>0),(BG16/(S16*1000)*1000),0) -> 6.0225241 | BL16: =+SUM(Efficiency2!K43:K44) -> 52.59934 | BM16: =BM15+BL16 -> 440.51564 | BN16: =+R16/BL16 -> 0.97811113 | BO16: =+S16/BM16 -> 0.86452548
A17: =A16+1 -> 45970 | B17: Towel/Facial/Toilet | C17: 17/14/16,5/13,5 | D17: =+'9'!F42 -> 1066.5278 | E17: =+'9'!G42 -> 857.82049 | F17: =1-(E17/D17) -> 0.19568857 | G17: =+P17/N17 -> 0.97288516 | H17: =+P17/L17 -> 0.93858327 | I17: =+R17/P17 -> 1.0100615 | J17: =+R17/L17 -> 0.94802685 | K17: =+S17/M17 -> 0.87351675 | L17: =+SUM(Efficiency1!K48:K51) -> 53.157777 | M17: =M16+L17 -> 493.67342 | N17: =+SUM(Efficiency1!C48:C51) -> 51.283545 | O17: =O16+N17 -> 474.5081 | P17: ='9'!I38 -> 49.893 | Q17: =Q16+P17 -> 443.123 | R17: ='9'!I40 -> 50.395 | S17: =S16+R17 -> 431.232 | T17: =R17/P17 -> 1.0100615 | U17: =S17/Q17 -> 0.97316546 | V17: =R17/L17 -> 0.94802685 | W17: =S17/M17 -> 0.87351675 | AB17: =+[2]Report1!AY17 -> 5178.5088 | AC17: =AB17+AC16 -> 47422.361 | AD17: =AB17/P17 -> 103.79229 | AE17: =AC17/Q17 -> 107.0185 | AF17: =IF(AND(R17>0,AB17>0),(AB17/(R17*1000))*1000,0) -> 102.75839 | AG17: =IF(AND(S17>0,AC17>0),AC17/S17,0) -> 109.96948 | AH17: 65.8 | AI17: =AH17+AI16 -> 583 | AJ17: =AH17/(P17) -> 1.3188223 | AK17: =AI17/(Q17) -> 1.3156618 | AL17: =IF(AND(R17>0,AH17>0),AH17/(R17),0) -> 1.3056851 | AM17: =IF(AND(S17>0,AI17>0),AI17/(S17),0) -> 1.3519405 | AN17: 10.8 | AO17: =AN17+AO16 -> 88.8 | AP17: =AN17/(P17) -> 0.21646323 | AQ17: =AO17/(Q17) -> 0.20039583 | AR17: =IF(AND(R17>0,AN17>0),AN17/(R17),0) -> 0.21430697 | AS17: =IF(AND(S17>0,AO17>0),AO17/(S17),0) -> 0.20592164 | AT17: ='9'!I46 -> 39197.94 | AU17: =AT17+AU16 -> 344976.78 | AV17: =IF(AND(L17>0,AT17>0),(AT17/(P17*1000)*1000),0) -> 785.64007 | AW17: =IF(AND(M17>0,AU17>0),(AU17/(Q17*1000)*1000),0) -> 778.51247 | AX17: =IF(AND(R17>0,AT17>0),(AT17/(R17*1000)*1000),0) -> 777.81407 | AY17: =IF(AND(S17>0,AU17>0),(AU17/(S17*1000)*1000),0) -> 799.97955 | AZ17: =+Listrik!S16 -> 25080.7 | BA17: =AZ17+BA16 -> 213058.74 | BB17: =IF(AND(L17>0,AZ17>0),(AZ17/(P17*1000)*1000),0) -> 502.68976 | BC17: =IF(AND(M17>0,BA17>0),(BA17/(Q17*1000)*1000),0) -> 480.81174 | BD17: =IF(AND(R17>0,AZ17>0),(AZ17/(R17*1000)*1000),0) -> 497.68231 | BE17: =IF(AND(S17>0,BA17>0),(BA17/(S17*1000)*1000),0) -> 494.06987 | BF17: =+Listrik!V16 -> 296.4 | BG17: =BF17+BG16 -> 2590 | BH17: =IF(AND(L17>0,BF17>0),(BF17/(P17*1000)*1000),0) -> 5.9407131 | BI17: =IF(AND(M17>0,BG17>0),(BG17/(Q17*1000)*1000),0) -> 5.8448783 | BJ17: =IF(AND(R17>0,BF17>0),(BF17/(R17*1000)*1000),0) -> 5.8815359 | BK17: =IF(AND(S17>0,BG17>0),(BG17/(S17*1000)*1000),0) -> 6.0060478 | BL17: =+SUM(Efficiency2!K48:K51) -> 53.157777 | BM17: =BM16+BL17 -> 493.67342 | BN17: =+R17/BL17 -> 0.94802685 | BO17: =+S17/BM17 -> 0.87351675
A18: =A17+1 -> 45971 | B18: Toilet | C18: 13,5 | D18: =+'10'!F42 -> 1303.3333 | E18: =+'10'!G42 -> 1003.5667 | F18: =1-(E18/D18) -> 0.23 | G18: =+P18/N18 -> 0.96124669 | H18: =+P18/L18 -> 0.93146829 | I18: =+R18/P18 -> 0.99606882 | J18: =+R18/L18 -> 0.92780652 | K18: =+S18/M18 -> 0.87897349 | L18: =+Efficiency1!K53 -> 55.164519 | M18: =M17+L18 -> 548.83794 | N18: =+Efficiency1!C53 -> 53.455581 | O18: =O17+N18 -> 527.96368 | P18: ='10'!I38 -> 51.384 | Q18: =Q17+P18 -> 494.507 | R18: ='10'!I40 -> 51.182 | S18: =S17+R18 -> 482.414 | T18: =R18/P18 -> 0.99606882 | U18: =S18/Q18 -> 0.97554534 | V18: =R18/L18 -> 0.92780652 | W18: =S18/M18 -> 0.87897349 | AB18: =+[2]Report1!AY18 -> 6057.2294 | AC18: =AB18+AC17 -> 53479.59 | AD18: =AB18/P18 -> 117.88162 | AE18: =AC18/Q18 -> 108.14729 | AF18: =IF(AND(R18>0,AB18>0),(AB18/(R18*1000))*1000,0) -> 118.34687 | AG18: =IF(AND(S18>0,AC18>0),AC18/S18,0) -> 110.85829 | AH18: 65.9 | AI18: =AH18+AI17 -> 648.9 | AJ18: =AH18/(P18) -> 1.2825004 | AK18: =AI18/(Q18) -> 1.312216 | AL18: =IF(AND(R18>0,AH18>0),AH18/(R18),0) -> 1.287562 | AM18: =IF(AND(S18>0,AI18>0),AI18/(S18),0) -> 1.3451102 | AN18: 9.6 | AO18: =AN18+AO17 -> 98.4 | AP18: =AN18/(P18) -> 0.18682858 | AQ18: =AO18/(Q18) -> 0.19898606 | AR18: =IF(AND(R18>0,AN18>0),AN18/(R18),0) -> 0.18756594 | AS18: =IF(AND(S18>0,AO18>0),AO18/(S18),0) -> 0.20397418 | AT18: ='10'!I46 -> 42912.24 | AU18: =AT18+AU17 -> 387889.02 | AV18: =IF(AND(L18>0,AT18>0),(AT18/(P18*1000)*1000),0) -> 835.12844 | AW18: =IF(AND(M18>0,AU18>0),(AU18/(Q18*1000)*1000),0) -> 784.39541 | AX18: =IF(AND(R18>0,AT18>0),(AT18/(R18*1000)*1000),0) -> 838.42445 | AY18: =IF(AND(S18>0,AU18>0),(AU18/(S18*1000)*1000),0) -> 804.05838 | AZ18: =+Listrik!S17 -> 24949.2 | BA18: =AZ18+BA17 -> 238007.94 | BB18: =IF(AND(L18>0,AZ18>0),(AZ18/(P18*1000)*1000),0) -> 485.54414 | BC18: =IF(AND(M18>0,BA18>0),(BA18/(Q18*1000)*1000),0) -> 481.30348 | BD18: =IF(AND(R18>0,AZ18>0),(AZ18/(R18*1000)*1000),0) -> 487.46044 | BE18: =IF(AND(S18>0,BA18>0),(BA18/(S18*1000)*1000),0) -> 493.36864 | BF18: =+Listrik!V17 -> 310.1 | BG18: =BF18+BG17 -> 2900.1 | BH18: =IF(AND(L18>0,BF18>0),(BF18/(P18*1000)*1000),0) -> 6.0349525 | BI18: =IF(AND(M18>0,BG18>0),(BG18/(Q18*1000)*1000),0) -> 5.8646288 | BJ18: =IF(AND(R18>0,BF18>0),(BF18/(R18*1000)*1000),0) -> 6.0587707 | BK18: =IF(AND(S18>0,BG18>0),(BG18/(S18*1000)*1000),0) -> 6.0116415 | BL18: =+Efficiency2!K53 -> 55.164519 | BM18: =BM17+BL18 -> 548.83794 | BN18: =+R18/BL18 -> 0.92780652 | BO18: =+S18/BM18 -> 0.87897349
A19: =A18+1 -> 45972 | B19: Toilet | C19: 13,5 | D19: =+'11'!F42 -> 1303.3333 | E19: =+'11'!G42 -> 1003.5667 | F19: =1-(E19/D19) -> 0.23 | G19: =+P19/N19 -> 0.98320885 | H19: =+P19/L19 -> 0.95275009 | I19: =+R19/P19 -> 0.96375433 | J19: =+R19/L19 -> 0.91821702 | K19: =+S19/M19 -> 0.88255767 | L19: =+Efficiency1!K58 -> 55.164519 | M19: =M18+L19 -> 604.00246 | N19: =+Efficiency1!C58 -> 53.455581 | O19: =O18+N19 -> 581.41926 | P19: ='11'!I38 -> 52.558 | Q19: =Q18+P19 -> 547.065 | R19: ='11'!I40 -> 50.653 | S19: =S18+R19 -> 533.067 | T19: =R19/P19 -> 0.96375433 | U19: =S19/Q19 -> 0.97441255 | V19: =R19/L19 -> 0.91821702 | W19: =S19/M19 -> 0.88255767 | AB19: =+[2]Report1!AY19 -> 5520.4515 | AC19: =AB19+AC18 -> 59000.042 | AD19: =AB19/P19 -> 105.03542 | AE19: =AC19/Q19 -> 107.84832 | AF19: =IF(AND(R19>0,AB19>0),(AB19/(R19*1000))*1000,0) -> 108.98568 | AG19: =IF(AND(S19>0,AC19>0),AC19/S19,0) -> 110.68035 | AH19: 69.9 | AI19: =AH19+AI18 -> 718.8 | AJ19: =AH19/(P19) -> 1.3299593 | AK19: =AI19/(Q19) -> 1.3139206 | AL19: =IF(AND(R19>0,AH19>0),AH19/(R19),0) -> 1.3799775 | AM19: =IF(AND(S19>0,AI19>0),AI19/(S19),0) -> 1.3484234 | AN19: 9.8 | AO19: =AN19+AO18 -> 108.2 | AP19: =AN19/(P19) -> 0.18646067 | AQ19: =AO19/(Q19) -> 0.19778271 | AR19: =IF(AND(R19>0,AN19>0),AN19/(R19),0) -> 0.19347324 | AS19: =IF(AND(S19>0,AO19>0),AO19/(S19),0) -> 0.20297636 | AT19: ='11'!I46 -> 44245.74 | AU19: =AT19+AU18 -> 432134.76 | AV19: =IF(AND(L19>0,AT19>0),(AT19/(P19*1000)*1000),0) -> 841.84596 | AW19: =IF(AND(M19>0,AU19>0),(AU19/(Q19*1000)*1000),0) -> 789.91484 | AX19: =IF(AND(R19>0,AT19>0),(AT19/(R19*1000)*1000),0) -> 873.5068 | AY19: =IF(AND(S19>0,AU19>0),(AU19/(S19*1000)*1000),0) -> 810.6575 | AZ19: =+Listrik!S18 -> 22984 | BA19: =AZ19+BA18 -> 260991.94 | BB19: =IF(AND(L19>0,AZ19>0),(AZ19/(P19*1000)*1000),0) -> 437.30736 | BC19: =IF(AND(M19>0,BA19>0),(BA19/(Q19*1000)*1000),0) -> 477.07665 | BD19: =IF(AND(R19>0,AZ19>0),(AZ19/(R19*1000)*1000),0) -> 453.75397 | BE19: =IF(AND(S19>0,BA19>0),(BA19/(S19*1000)*1000),0) -> 489.60438 | BF19: =+Listrik!V18 -> 339.9 | BG19: =BF19+BG18 -> 3240 | BH19: =IF(AND(L19>0,BF19>0),(BF19/(P19*1000)*1000),0) -> 6.4671411 | BI19: =IF(AND(M19>0,BG19>0),(BG19/(Q19*1000)*1000),0) -> 5.9225138 | BJ19: =IF(AND(R19>0,BF19>0),(BF19/(R19*1000)*1000),0) -> 6.7103627 | BK19: =IF(AND(S19>0,BG19>0),(BG19/(S19*1000)*1000),0) -> 6.0780352 | BL19: =+Efficiency2!K58 -> 55.164519 | BM19: =BM18+BL19 -> 604.00246 | BN19: =+R19/BL19 -> 0.91821702 | BO19: =+S19/BM19 -> 0.88255767
A20: =A19+1 -> 45973 | B20: Toilet | C20: 13,5 | D20: =+'12'!F42 -> 1300 | E20: =+'12'!G42 -> 1001 | F20: =1-(E20/D20) -> 0.23 | G20: =+P20/N20 -> 0.95255215 | H20: =+P20/L20 -> 0.92068237 | I20: =+R20/P20 -> 0.96733545 | J20: =+R20/L20 -> 0.8906087 | K20: =+S20/M20 -> 0.88323144 | L20: =+Efficiency1!K63 -> 55.164519 | M20: =M19+L20 -> 659.16698 | N20: =+Efficiency1!C63 -> 53.318866 | O20: =O19+N20 -> 634.73812 | P20: ='12'!I38 -> 50.789 | Q20: =Q19+P20 -> 597.854 | R20: ='12'!I40 -> 49.13 | S20: =S19+R20 -> 582.197 | T20: =R20/P20 -> 0.96733545 | U20: =S20/Q20 -> 0.97381133 | V20: =R20/L20 -> 0.8906087 | W20: =S20/M20 -> 0.88323144 | AB20: =+[2]Report1!AY20 -> 5202.9033 | AC20: =AB20+AC19 -> 64202.945 | AD20: =AB20/P20 -> 102.44154 | AE20: =AC20/Q20 -> 107.389 | AF20: =IF(AND(R20>0,AB20>0),(AB20/(R20*1000))*1000,0) -> 105.90074 | AG20: =IF(AND(S20>0,AC20>0),AC20/S20,0) -> 110.27701 | AH20: 71.6 | AI20: =AH20+AI19 -> 790.4 | AJ20: =AH20/(P20) -> 1.4097541 | AK20: =AI20/(Q20) -> 1.3220619 | AL20: =IF(AND(R20>0,AH20>0),AH20/(R20),0) -> 1.457358 | AM20: =IF(AND(S20>0,AI20>0),AI20/(S20),0) -> 1.3576161 | AN20: 8.6 | AO20: =AN20+AO19 -> 116.8 | AP20: =AN20/(P20) -> 0.169328 | AQ20: =AO20/(Q20) -> 0.19536542 | AR20: =IF(AND(R20>0,AN20>0),AN20/(R20),0) -> 0.1750458 | AS20: =IF(AND(S20>0,AO20>0),AO20/(S20),0) -> 0.20061938 | AT20: ='12'!I46 -> 42773.86 | AU20: =AT20+AU19 -> 474908.62 | AV20: =IF(AND(L20>0,AT20>0),(AT20/(P20*1000)*1000),0) -> 842.18748 | AW20: =IF(AND(M20>0,AU20>0),(AU20/(Q20*1000)*1000),0) -> 794.35551 | AX20: =IF(AND(R20>0,AT20>0),(AT20/(R20*1000)*1000),0) -> 870.62609 | AY20: =IF(AND(S20>0,AU20>0),(AU20/(S20*1000)*1000),0) -> 815.71808 | AZ20: =+Listrik!S19 -> 23558.4 | BA20: =AZ20+BA19 -> 284550.34 | BB20: =IF(AND(L20>0,AZ20>0),(AZ20/(P20*1000)*1000),0) -> 463.84847 | BC20: =IF(AND(M20>0,BA20>0),(BA20/(Q20*1000)*1000),0) -> 475.95289 | BD20: =IF(AND(R20>0,AZ20>0),(AZ20/(R20*1000)*1000),0) -> 479.5115 | BE20: =IF(AND(S20>0,BA20>0),(BA20/(S20*1000)*1000),0) -> 488.75267 | BF20: =+Listrik!V19 -> 340.1 | BG20: =BF20+BG19 -> 3580.1 | BH20: =IF(AND(L20>0,BF20>0),(BF20/(P20*1000)*1000),0) -> 6.6963319 | BI20: =IF(AND(M20>0,BG20>0),(BG20/(Q20*1000)*1000),0) -> 5.9882513 | BJ20: =IF(AND(R20>0,BF20>0),(BF20/(R20*1000)*1000),0) -> 6.9224506 | BK20: =IF(AND(S20>0,BG20>0),(BG20/(S20*1000)*1000),0) -> 6.1492931 | BL20: =+Efficiency2!K63 -> 55.164519 | BM20: =BM19+BL20 -> 659.16698 | BN20: =+R20/BL20 -> 0.8906087 | BO20: =+S20/BM20 -> 0.88323144
A21: =A20+1 -> 45974 | B21: Toilet | C21: 13,5 | D21: =+'13'!F42 -> 1214.2355 | E21: =+'13'!G42 -> 934.96134 | F21: =1-(E21/D21) -> 0.23 | G21: =+P21/N21 -> 0.76923731 | H21: =+P21/L21 -> 0.69445 | I21: =+R21/P21 -> 0.76898379 | J21: =+R21/L21 -> 0.53402079 | K21: =+S21/M21 -> 0.85626352 | L21: =+Efficiency1!K68 -> 55.164519 | M21: =M20+L21 -> 714.3315 | N21: =+Efficiency1!C68 -> 49.801277 | O21: =O20+N21 -> 684.5394 | P21: ='13'!I38 -> 38.309 | Q21: =Q20+P21 -> 636.163 | R21: ='13'!I40 -> 29.459 | S21: =S20+R21 -> 611.656 | T21: =R21/P21 -> 0.76898379 | U21: =S21/Q21 -> 0.96147685 | V21: =R21/L21 -> 0.53402079 | W21: =S21/M21 -> 0.85626352 | AB21: =+[2]Report1!AY21 -> 4176.7593 | AC21: =AB21+AC20 -> 68379.704 | AD21: =AB21/P21 -> 109.02815 | AE21: =AC21/Q21 -> 107.48771 | AF21: =IF(AND(R21>0,AB21>0),(AB21/(R21*1000))*1000,0) -> 141.78211 | AG21: =IF(AND(S21>0,AC21>0),AC21/S21,0) -> 111.79438 | AH21: 61.5 | AI21: =AH21+AI20 -> 851.9 | AJ21: =AH21/(P21) -> 1.6053669 | AK21: =AI21/(Q21) -> 1.3391222 | AL21: =IF(AND(R21>0,AH21>0),AH21/(R21),0) -> 2.0876472 | AM21: =IF(AND(S21>0,AI21>0),AI21/(S21),0) -> 1.3927763 | AN21: 8.1 | AO21: =AN21+AO20 -> 124.9 | AP21: =AN21/(P21) -> 0.21143857 | AQ21: =AO21/(Q21) -> 0.19633333 | AR21: =IF(AND(R21>0,AN21>0),AN21/(R21),0) -> 0.27495842 | AS21: =IF(AND(S21>0,AO21>0),AO21/(S21),0) -> 0.20419975 | AT21: ='13'!I46 -> 37379.3 | AU21: =AT21+AU20 -> 512287.92 | AV21: =IF(AND(L21>0,AT21>0),(AT21/(P21*1000)*1000),0) -> 975.73155 | AW21: =IF(AND(M21>0,AU21>0),(AU21/(Q21*1000)*1000),0) -> 805.27777 | AX21: =IF(AND(R21>0,AT21>0),(AT21/(R21*1000)*1000),0) -> 1268.8584 | AY21: =IF(AND(S21>0,AU21>0),(AU21/(S21*1000)*1000),0) -> 837.54254 | AZ21: =+Listrik!S20 -> 19986.3 | BA21: =AZ21+BA20 -> 304536.64 | BB21: =IF(AND(L21>0,AZ21>0),(AZ21/(P21*1000)*1000),0) -> 521.71291 | BC21: =IF(AND(M21>0,BA21>0),(BA21/(Q21*1000)*1000),0) -> 478.70851 | BD21: =IF(AND(R21>0,AZ21>0),(AZ21/(R21*1000)*1000),0) -> 678.44462 | BE21: =IF(AND(S21>0,BA21>0),(BA21/(S21*1000)*1000),0) -> 497.88875 | BF21: =+Listrik!V20 -> 230.1 | BG21: =BF21+BG20 -> 3810.2 | BH21: =IF(AND(L21>0,BF21>0),(BF21/(P21*1000)*1000),0) -> 6.0064215 | BI21: =IF(AND(M21>0,BG21>0),(BG21/(Q21*1000)*1000),0) -> 5.9893455 | BJ21: =IF(AND(R21>0,BF21>0),(BF21/(R21*1000)*1000),0) -> 7.8108558 | BK21: =IF(AND(S21>0,BG21>0),(BG21/(S21*1000)*1000),0) -> 6.2293184 | BL21: =+Efficiency2!K68 -> 55.164519 | BM21: =BM20+BL21 -> 714.3315 | BN21: =+R21/BL21 -> 0.53402079 | BO21: =+S21/BM21 -> 0.85626352
A22: =A21+1 -> 45975 | B22: Toilet | C22: 13,5/15,5 | D22: =+'14'!F42 -> 1124.0417 | E22: =+'14'!G42 -> 865.51208 | F22: =1-(E22/D22) -> 0.23 | G22: =+P22/N22 -> 0.96124258 | H22: =+P22/L22 -> 0.89946145 | I22: =+R22/P22 -> 1.0931963 | J22: =+R22/L22 -> 0.9832879 | K22: =+S22/M22 -> 0.86525223 | L22: =+SUM(Efficiency1!K75:K76) -> 54.398107 | M22: =M21+L22 -> 768.7296 | N22: =+SUM(Efficiency1!C75:C76) -> 50.901824 | O22: =O21+N22 -> 735.44122 | P22: ='14'!I38 -> 48.929 | Q22: =Q21+P22 -> 685.092 | R22: ='14'!I40 -> 53.489 | S22: =S21+R22 -> 665.145 | T22: =R22/P22 -> 1.0931963 | U22: =S22/Q22 -> 0.9708842 | V22: =R22/L22 -> 0.9832879 | W22: =S22/M22 -> 0.86525223 | AB22: =+[2]Report1!AY22 -> 4647.6581 | AC22: =AB22+AC21 -> 73027.362 | AD22: =AB22/P22 -> 94.9878 | AE22: =AC22/Q22 -> 106.59497 | AF22: =IF(AND(R22>0,AB22>0),(AB22/(R22*1000))*1000,0) -> 86.889978 | AG22: =IF(AND(S22>0,AC22>0),AC22/S22,0) -> 109.79164 | AH22: 68.8 | AI22: =AH22+AI21 -> 920.7 | AJ22: =AH22/(P22) -> 1.4061191 | AK22: =AI22/(Q22) -> 1.3439071 | AL22: =IF(AND(R22>0,AH22>0),AH22/(R22),0) -> 1.2862458 | AM22: =IF(AND(S22>0,AI22>0),AI22/(S22),0) -> 1.3842095 | AN22: 9.7 | AO22: =AN22+AO21 -> 134.6 | AP22: =AN22/(P22) -> 0.19824644 | AQ22: =AO22/(Q22) -> 0.19646996 | AR22: =IF(AND(R22>0,AN22>0),AN22/(R22),0) -> 0.1813457 | AS22: =IF(AND(S22>0,AO22>0),AO22/(S22),0) -> 0.20236189 | AT22: ='14'!I46 -> 38079.38 | AU22: =AT22+AU21 -> 550367.3 | AV22: =IF(AND(L22>0,AT22>0),(AT22/(P22*1000)*1000),0) -> 778.25788 | AW22: =IF(AND(M22>0,AU22>0),(AU22/(Q22*1000)*1000),0) -> 803.34802 | AX22: =IF(AND(R22>0,AT22>0),(AT22/(R22*1000)*1000),0) -> 711.91049 | AY22: =IF(AND(S22>0,AU22>0),(AU22/(S22*1000)*1000),0) -> 827.43958 | AZ22: =+Listrik!S21 -> 23431.8 | BA22: =AZ22+BA21 -> 327968.44 | BB22: =IF(AND(L22>0,AZ22>0),(AZ22/(P22*1000)*1000),0) -> 478.89391 | BC22: =IF(AND(M22>0,BA22>0),(BA22/(Q22*1000)*1000),0) -> 478.72175 | BD22: =IF(AND(R22>0,AZ22>0),(AZ22/(R22*1000)*1000),0) -> 438.06764 | BE22: =IF(AND(S22>0,BA22>0),(BA22/(S22*1000)*1000),0) -> 493.07811 | BF22: =+Listrik!V21 -> 319.8 | BG22: =BF22+BG21 -> 4130 | BH22: =IF(AND(L22>0,BF22>0),(BF22/(P22*1000)*1000),0) -> 6.5360011 | BI22: =IF(AND(M22>0,BG22>0),(BG22/(Q22*1000)*1000),0) -> 6.0283874 | BJ22: =IF(AND(R22>0,BF22>0),(BF22/(R22*1000)*1000),0) -> 5.9787994 | BK22: =IF(AND(S22>0,BG22>0),(BG22/(S22*1000)*1000),0) -> 6.2091724 | BL22: =+SUM(Efficiency2!K75:K76) -> 54.398107 | BM22: =BM21+BL22 -> 768.7296 | BN22: =+R22/BL22 -> 0.9832879 | BO22: =+S22/BM22 -> 0.86525223
A23: =A22+1 -> 45976 | B23: Toilet | C23: 15,5 | D23: =+'15'!F42 -> 1170 | E23: =+'15'!G42 -> 900.9 | F23: =1-(E23/D23) -> 0.23 | G23: =+P23/N23 -> 0.9495067 | H23: =+P23/L23 -> 0.9495067 | I23: =+R23/P23 -> 0.97848606 | J23: =+R23/L23 -> 0.92907907 | K23: =+S23/M23 -> 0.86945538 | L23: =+Efficiency1!K80 -> 54.191297 | M23: =M22+L23 -> 822.9209 | N23: =+Efficiency1!C80 -> 54.191297 | O23: =O22+N23 -> 789.63252 | P23: ='15'!I38 -> 51.455 | Q23: =Q22+P23 -> 736.547 | R23: ='15'!I40 -> 50.348 | S23: =S22+R23 -> 715.493 | T23: =R23/P23 -> 0.97848606 | U23: =S23/Q23 -> 0.97141527 | V23: =R23/L23 -> 0.92907907 | W23: =S23/M23 -> 0.86945538 | AB23: =+[2]Report1!AY23 -> 5203.8418 | AC23: =AB23+AC22 -> 78231.204 | AD23: =AB23/P23 -> 101.13384 | AE23: =AC23/Q23 -> 106.21346 | AF23: =IF(AND(R23>0,AB23>0),(AB23/(R23*1000))*1000,0) -> 103.35747 | AG23: =IF(AND(S23>0,AC23>0),AC23/S23,0) -> 109.33888 | AH23: 70.8 | AI23: =AH23+AI22 -> 991.5 | AJ23: =AH23/(P23) -> 1.3759596 | AK23: =AI23/(Q23) -> 1.3461463 | AL23: =IF(AND(R23>0,AH23>0),AH23/(R23),0) -> 1.4062128 | AM23: =IF(AND(S23>0,AI23>0),AI23/(S23),0) -> 1.3857578 | AN23: 10.8 | AO23: =AN23+AO22 -> 145.4 | AP23: =AN23/(P23) -> 0.20989214 | AQ23: =AO23/(Q23) -> 0.19740763 | AR23: =IF(AND(R23>0,AN23>0),AN23/(R23),0) -> 0.21450703 | AS23: =IF(AND(S23>0,AO23>0),AO23/(S23),0) -> 0.20321652 | AT23: ='15'!I46 -> 36809.52 | AU23: =AT23+AU22 -> 587176.82 | AV23: =IF(AND(L23>0,AT23>0),(AT23/(P23*1000)*1000),0) -> 715.37304 | AW23: =IF(AND(M23>0,AU23>0),(AU23/(Q23*1000)*1000),0) -> 797.20211 | AX23: =IF(AND(R23>0,AT23>0),(AT23/(R23*1000)*1000),0) -> 731.10193 | AY23: =IF(AND(S23>0,AU23>0),(AU23/(S23*1000)*1000),0) -> 820.66047 | AZ23: =+Listrik!S22 -> 26779.45 | BA23: =AZ23+BA22 -> 354747.89 | BB23: =IF(AND(L23>0,AZ23>0),(AZ23/(P23*1000)*1000),0) -> 520.44408 | BC23: =IF(AND(M23>0,BA23>0),(BA23/(Q23*1000)*1000),0) -> 481.63646 | BD23: =IF(AND(R23>0,AZ23>0),(AZ23/(R23*1000)*1000),0) -> 531.88707 | BE23: =IF(AND(S23>0,BA23>0),(BA23/(S23*1000)*1000),0) -> 495.80903 | BF23: =+Listrik!V22 -> 330.1 | BG23: =BF23+BG22 -> 4460.1 | BH23: =IF(AND(L23>0,BF23>0),(BF23/(P23*1000)*1000),0) -> 6.4153144 | BI23: =IF(AND(M23>0,BG23>0),(BG23/(Q23*1000)*1000),0) -> 6.0554181 | BJ23: =IF(AND(R23>0,BF23>0),(BF23/(R23*1000)*1000),0) -> 6.5563677 | BK23: =IF(AND(S23>0,BG23>0),(BG23/(S23*1000)*1000),0) -> 6.233604 | BL23: =+Efficiency2!K80 -> 54.191297 | BM23: =BM22+BL23 -> 822.9209 | BN23: =+R23/BL23 -> 0.92907907 | BO23: =+S23/BM23 -> 0.86945538
A24: =A23+1 -> 45977 | B24: Toilet | C24: 15,5/16 | D24: =+'16'!F42 -> 1160 | E24: =+'16'!G42 -> 916 | F24: =1-(E24/D24) -> 0.21034483 | G24: =+P24/N24 -> 0.99420805 | H24: =+P24/L24 -> 0.99420805 | I24: =+R24/P24 -> 0.96858078 | J24: =+R24/L24 -> 0.9629708 | K24: =+S24/M24 -> 0.8752562 | L24: =+SUM(Efficiency1!K85:K86) -> 54.422211 | M24: =M23+L24 -> 877.34311 | N24: =+SUM(Efficiency1!C85:C86) -> 54.422211 | O24: =O23+N24 -> 844.05473 | P24: ='16'!I38 -> 54.107 | Q24: =Q23+P24 -> 790.654 | R24: ='16'!I40 -> 52.407 | S24: =S23+R24 -> 767.9 | T24: =R24/P24 -> 0.96858078 | U24: =S24/Q24 -> 0.97122129 | V24: =R24/L24 -> 0.9629708 | W24: =S24/M24 -> 0.8752562 | AB24: =+[2]Report1!AY24 -> 4431.3575 | AC24: =AB24+AC23 -> 82662.561 | AD24: =AB24/P24 -> 81.899893 | AE24: =AC24/Q24 -> 104.5496 | AF24: =IF(AND(R24>0,AB24>0),(AB24/(R24*1000))*1000,0) -> 84.556596 | AG24: =IF(AND(S24>0,AC24>0),AC24/S24,0) -> 107.64756 | AH24: 71.5 | AI24: =AH24+AI23 -> 1063 | AJ24: =AH24/(P24) -> 1.3214556 | AK24: =AI24/(Q24) -> 1.3444566 | AL24: =IF(AND(R24>0,AH24>0),AH24/(R24),0) -> 1.3643216 | AM24: =IF(AND(S24>0,AI24>0),AI24/(S24),0) -> 1.3842948 | AN24: 12 | AO24: =AN24+AO23 -> 157.4 | AP24: =AN24/(P24) -> 0.22178276 | AQ24: =AO24/(Q24) -> 0.1990757 | AR24: =IF(AND(R24>0,AN24>0),AN24/(R24),0) -> 0.22897705 | AS24: =IF(AND(S24>0,AO24>0),AO24/(S24),0) -> 0.20497461 | AT24: ='16'!I46 -> 43824.82 | AU24: =AT24+AU23 -> 631001.64 | AV24: =IF(AND(L24>0,AT24>0),(AT24/(P24*1000)*1000),0) -> 809.96581 | AW24: =IF(AND(M24>0,AU24>0),(AU24/(Q24*1000)*1000),0) -> 798.07557 | AX24: =IF(AND(R24>0,AT24>0),(AT24/(R24*1000)*1000),0) -> 836.23982 | AY24: =IF(AND(S24>0,AU24>0),(AU24/(S24*1000)*1000),0) -> 821.72371 | AZ24: =+Listrik!S23 -> 29148.448 | BA24: =AZ24+BA23 -> 383896.34 | BB24: =IF(AND(L24>0,AZ24>0),(AZ24/(P24*1000)*1000),0) -> 538.71861 | BC24: =IF(AND(M24>0,BA24>0),(BA24/(Q24*1000)*1000),0) -> 485.54278 | BD24: =IF(AND(R24>0,AZ24>0),(AZ24/(R24*1000)*1000),0) -> 556.19379 | BE24: =IF(AND(S24>0,BA24>0),(BA24/(S24*1000)*1000),0) -> 499.93012 | BF24: =+Listrik!V23 -> 270.1 | BG24: =BF24+BG23 -> 4730.2 | BH24: =IF(AND(L24>0,BF24>0),(BF24/(P24*1000)*1000),0) -> 4.9919604 | BI24: =IF(AND(M24>0,BG24>0),(BG24/(Q24*1000)*1000),0) -> 5.9826422 | BJ24: =IF(AND(R24>0,BF24>0),(BF24/(R24*1000)*1000),0) -> 5.1538917 | BK24: =IF(AND(S24>0,BG24>0),(BG24/(S24*1000)*1000),0) -> 6.1599167 | BL24: =+SUM(Efficiency2!K85:K86) -> 54.422211 | BM24: =BM23+BL24 -> 877.34311 | BN24: =+R24/BL24 -> 0.9629708 | BO24: =+S24/BM24 -> 0.8752562
A25: =A24+1 -> 45978 | B25: Toilet | C25: 16/15,5 | D25: =+'17'!F42 -> 1155.0486 | E25: =+'17'!G42 -> 913.40667 | F25: =1-(E25/D25) -> 0.209205 | G25: =+P25/N25 -> 0.96693736 | H25: =+P25/L25 -> 0.96693736 | I25: =+R25/P25 -> 0.96621283 | J25: =+R25/L25 -> 0.93426728 | K25: =+S25/M25 -> 0.87877768 | L25: =+SUM(Efficiency1!K90:K91) -> 55.677857 | M25: =M24+L25 -> 933.02097 | N25: =+SUM(Efficiency1!C90:C91) -> 55.677857 | O25: =O24+N25 -> 899.73259 | P25: ='17'!I38 -> 53.837 | Q25: =Q24+P25 -> 844.491 | R25: ='17'!I40 -> 52.018 | S25: =S24+R25 -> 819.918 | T25: =R25/P25 -> 0.96621283 | U25: =S25/Q25 -> 0.970902 | V25: =R25/L25 -> 0.93426728 | W25: =S25/M25 -> 0.87877768 | AB25: =+[2]Report1!AY25 -> 4932.4204 | AC25: =AB25+AC24 -> 87594.982 | AD25: =AB25/P25 -> 91.617669 | AE25: =AC25/Q25 -> 103.72518 | AF25: =IF(AND(R25>0,AB25>0),(AB25/(R25*1000))*1000,0) -> 94.821416 | AG25: =IF(AND(S25>0,AC25>0),AC25/S25,0) -> 106.83383 | AH25: 70.4 | AI25: =AH25+AI24 -> 1133.4 | AJ25: =AH25/(P25) -> 1.3076509 | AK25: =AI25/(Q25) -> 1.3421102 | AL25: =IF(AND(R25>0,AH25>0),AH25/(R25),0) -> 1.3533777 | AM25: =IF(AND(S25>0,AI25>0),AI25/(S25),0) -> 1.3823334 | AN25: 11.6 | AO25: =AN25+AO24 -> 169 | AP25: =AN25/(P25) -> 0.2154652 | AQ25: =AO25/(Q25) -> 0.20012055 | AR25: =IF(AND(R25>0,AN25>0),AN25/(R25),0) -> 0.22299973 | AS25: =IF(AND(S25>0,AO25>0),AO25/(S25),0) -> 0.20611817 | AT25: ='17'!I46 -> 41140.06 | AU25: =AT25+AU24 -> 672141.7 | AV25: =IF(AND(L25>0,AT25>0),(AT25/(P25*1000)*1000),0) -> 764.15959 | AW25: =IF(AND(M25>0,AU25>0),(AU25/(Q25*1000)*1000),0) -> 795.9134 | AX25: =IF(AND(R25>0,AT25>0),(AT25/(R25*1000)*1000),0) -> 790.88123 | AY25: =IF(AND(S25>0,AU25>0),(AU25/(S25*1000)*1000),0) -> 819.76698 | AZ25: =+Listrik!S24 -> 28612.683 | BA25: =AZ25+BA24 -> 412509.02 | BB25: =IF(AND(L25>0,AZ25>0),(AZ25/(P25*1000)*1000),0) -> 531.46875 | BC25: =IF(AND(M25>0,BA25>0),(BA25/(Q25*1000)*1000),0) -> 488.47059 | BD25: =IF(AND(R25>0,AZ25>0),(AZ25/(R25*1000)*1000),0) -> 550.0535 | BE25: =IF(AND(S25>0,BA25>0),(BA25/(S25*1000)*1000),0) -> 503.11009 | BF25: =+Listrik!V24 -> 342.1 | BG25: =BF25+BG24 -> 5072.3 | BH25: =IF(AND(L25>0,BF25>0),(BF25/(P25*1000)*1000),0) -> 6.354366 | BI25: =IF(AND(M25>0,BG25>0),(BG25/(Q25*1000)*1000),0) -> 6.0063399 | BJ25: =IF(AND(R25>0,BF25>0),(BF25/(R25*1000)*1000),0) -> 6.5765696 | BK25: =IF(AND(S25>0,BG25>0),(BG25/(S25*1000)*1000),0) -> 6.1863503 | BL25: =+SUM(Efficiency2!K90:K91) -> 55.677857 | BM25: =BM24+BL25 -> 933.02097 | BN25: =+R25/BL25 -> 0.93426728 | BO25: =+S25/BM25 -> 0.87877768
A26: =A25+1 -> 45979 | B26: Toilet | C26: 15,5/16 | D26: =+'18'!F42 -> 1150.4585 | E26: =+'18'!G42 -> 907.90348 | F26: =1-(E26/D26) -> 0.21083335 | G26: =+P26/N26 -> 0.85163295 | H26: =+P26/L26 -> 0.8487734 | I26: =+R26/P26 -> 1.0069399 | J26: =+R26/L26 -> 0.8546638 | K26: =+S26/M26 -> 0.87745873 | L26: =+SUM(Efficiency1!K95:K96) -> 53.986141 | M26: =M25+L26 -> 987.00711 | N26: =+SUM(Efficiency1!C95:C96) -> 53.80487 | O26: =O25+N26 -> 953.53746 | P26: ='18'!I38 -> 45.822 | Q26: =Q25+P26 -> 890.313 | R26: ='18'!I40 -> 46.14 | S26: =S25+R26 -> 866.058 | T26: =R26/P26 -> 1.0069399 | U26: =S26/Q26 -> 0.97275677 | V26: =R26/L26 -> 0.8546638 | W26: =S26/M26 -> 0.87745873 | AB26: =+[2]Report1!AY26 -> 4592.7878 | AC26: =AB26+AC25 -> 92187.77 | AD26: =AB26/P26 -> 100.23106 | AE26: =AC26/Q26 -> 103.54535 | AF26: =IF(AND(R26>0,AB26>0),(AB26/(R26*1000))*1000,0) -> 99.540265 | AG26: =IF(AND(S26>0,AC26>0),AC26/S26,0) -> 106.44526 | AH26: 65.6 | AI26: =AH26+AI25 -> 1199 | AJ26: =AH26/(P26) -> 1.4316267 | AK26: =AI26/(Q26) -> 1.3467174 | AL26: =IF(AND(R26>0,AH26>0),AH26/(R26),0) -> 1.4217599 | AM26: =IF(AND(S26>0,AI26>0),AI26/(S26),0) -> 1.3844338 | AN26: 9 | AO26: =AN26+AO25 -> 178 | AP26: =AN26/(P26) -> 0.1964122 | AQ26: =AO26/(Q26) -> 0.19992969 | AR26: =IF(AND(R26>0,AN26>0),AN26/(R26),0) -> 0.19505852 | AS26: =IF(AND(S26>0,AO26>0),AO26/(S26),0) -> 0.20552896 | AT26: ='18'!I46 -> 37422.88 | AU26: =AT26+AU25 -> 709564.58 | AV26: =IF(AND(L26>0,AT26>0),(AT26/(P26*1000)*1000),0) -> 816.70115 | AW26: =IF(AND(M26>0,AU26>0),(AU26/(Q26*1000)*1000),0) -> 796.98329 | AX26: =IF(AND(R26>0,AT26>0),(AT26/(R26*1000)*1000),0) -> 811.07239 | AY26: =IF(AND(S26>0,AU26>0),(AU26/(S26*1000)*1000),0) -> 819.30376 | AZ26: =+Listrik!S25 -> 20612.79 | BA26: =AZ26+BA25 -> 433121.81 | BB26: =IF(AND(L26>0,AZ26>0),(AZ26/(P26*1000)*1000),0) -> 449.84483 | BC26: =IF(AND(M26>0,BA26>0),(BA26/(Q26*1000)*1000),0) -> 486.48263 | BD26: =IF(AND(R26>0,AZ26>0),(AZ26/(R26*1000)*1000),0) -> 446.74447 | BE26: =IF(AND(S26>0,BA26>0),(BA26/(S26*1000)*1000),0) -> 500.10716 | BF26: =+Listrik!V25 -> 307.7 | BG26: =BF26+BG25 -> 5380 | BH26: =IF(AND(L26>0,BF26>0),(BF26/(P26*1000)*1000),0) -> 6.715115 | BI26: =IF(AND(M26>0,BG26>0),(BG26/(Q26*1000)*1000),0) -> 6.0428186 | BJ26: =IF(AND(R26>0,BF26>0),(BF26/(R26*1000)*1000),0) -> 6.668834 | BK26: =IF(AND(S26>0,BG26>0),(BG26/(S26*1000)*1000),0) -> 6.2120551 | BL26: =+SUM(Efficiency2!K95:K96) -> 53.986141 | BM26: =BM25+BL26 -> 987.00711 | BN26: =+R26/BL26 -> 0.8546638 | BO26: =+S26/BM26 -> 0.87745873
A27: =A26+1 -> 45980 | B27: Toilet | C27: 15,5 | D27: =+'19'!F42 -> 1148.3333 | E27: =+'19'!G42 -> 910.7 | F27: =1-(E27/D27) -> 0.20693759 | G27: =+P27/N27 -> 0.98170132 | H27: =+P27/L27 -> 0.98170132 | I27: =+R27/P27 -> 0.96480814 | J27: =+R27/L27 -> 0.94715343 | K27: =+S27/M27 -> 0.88100118 | L27: =+Efficiency1!K101 -> 52.854161 | M27: =M26+L27 -> 1039.8613 | N27: =+Efficiency1!C101 -> 52.854161 | O27: =O26+N27 -> 1006.3916 | P27: ='19'!I38 -> 51.887 | Q27: =Q26+P27 -> 942.2 | R27: ='19'!I40 -> 50.061 | S27: =S26+R27 -> 916.119 | T27: =R27/P27 -> 0.96480814 | U27: =S27/Q27 -> 0.97231904 | V27: =R27/L27 -> 0.94715343 | W27: =S27/M27 -> 0.88100118 | AB27: =+[2]Report1!AY27 -> 4936.0697 | AC27: =AB27+AC26 -> 97123.839 | AD27: =AB27/P27 -> 95.131145 | AE27: =AC27/Q27 -> 103.08198 | AF27: =IF(AND(R27>0,AB27>0),(AB27/(R27*1000))*1000,0) -> 98.601101 | AG27: =IF(AND(S27>0,AC27>0),AC27/S27,0) -> 106.01662 | AH27: 69.4 | AI27: =AH27+AI26 -> 1268.4 | AJ27: =AH27/(P27) -> 1.3375219 | AK27: =AI27/(Q27) -> 1.346211 | AL27: =IF(AND(R27>0,AH27>0),AH27/(R27),0) -> 1.3863087 | AM27: =IF(AND(S27>0,AI27>0),AI27/(S27),0) -> 1.3845363 | AN27: 10.4 | AO27: =AN27+AO26 -> 188.4 | AP27: =AN27/(P27) -> 0.20043556 | AQ27: =AO27/(Q27) -> 0.19995755 | AR27: =IF(AND(R27>0,AN27>0),AN27/(R27),0) -> 0.20774655 | AS27: =IF(AND(S27>0,AO27>0),AO27/(S27),0) -> 0.20565014 | AT27: ='19'!I46 -> 40906 | AU27: =AT27+AU26 -> 750470.58 | AV27: =IF(AND(L27>0,AT27>0),(AT27/(P27*1000)*1000),0) -> 788.36703 | AW27: =IF(AND(M27>0,AU27>0),(AU27/(Q27*1000)*1000),0) -> 796.50879 | AX27: =IF(AND(R27>0,AT27>0),(AT27/(R27*1000)*1000),0) -> 817.12311 | AY27: =IF(AND(S27>0,AU27>0),(AU27/(S27*1000)*1000),0) -> 819.1846 | AZ27: =+Listrik!S26 -> 27698 | BA27: =AZ27+BA26 -> 460819.81 | BB27: =IF(AND(L27>0,AZ27>0),(AZ27/(P27*1000)*1000),0) -> 533.81386 | BC27: =IF(AND(M27>0,BA27>0),(BA27/(Q27*1000)*1000),0) -> 489.08916 | BD27: =IF(AND(R27>0,AZ27>0),(AZ27/(R27*1000)*1000),0) -> 553.28499 | BE27: =IF(AND(S27>0,BA27>0),(BA27/(S27*1000)*1000),0) -> 503.01305 | BF27: =+Listrik!V26 -> 320.1 | BG27: =BF27+BG26 -> 5700.1 | BH27: =IF(AND(L27>0,BF27>0),(BF27/(P27*1000)*1000),0) -> 6.1691753 | BI27: =IF(AND(M27>0,BG27>0),(BG27/(Q27*1000)*1000),0) -> 6.0497771 | BJ27: =IF(AND(R27>0,BF27>0),(BF27/(R27*1000)*1000),0) -> 6.3941991 | BK27: =IF(AND(S27>0,BG27>0),(BG27/(S27*1000)*1000),0) -> 6.2220083 | BL27: =+Efficiency2!K101 -> 52.854161 | BM27: =BM26+BL27 -> 1039.8613 | BN27: =+R27/BL27 -> 0.94715343 | BO27: =+S27/BM27 -> 0.88100118
A28: =A27+1 -> 45981 | B28: Toilet | C28: 15,5/16/19 | D28: =+'20'!F42 -> 1011.1528 | E28: =+'20'!G42 -> 811.79806 | F28: =1-(E28/D28) -> 0.19715589 | G28: =+P28/N28 -> 0.99906318 | H28: =+P28/L28 -> 0.99906318 | I28: =+R28/P28 -> 0.96152121 | J28: =+R28/L28 -> 0.96062044 | K28: =+S28/M28 -> 0.88505585 | L28: =+SUM(Efficiency1!K106:K108) -> 55.797272 | M28: =M27+L28 -> 1095.6585 | N28: =+SUM(Efficiency1!C106:C108) -> 55.797272 | O28: =O27+N28 -> 1062.1889 | P28: ='20'!I38 -> 55.745 | Q28: =Q27+P28 -> 997.945 | R28: ='20'!I40 -> 53.6 | S28: =S27+R28 -> 969.719 | T28: =R28/P28 -> 0.96152121 | U28: =S28/Q28 -> 0.97171588 | V28: =R28/L28 -> 0.96062044 | W28: =S28/M28 -> 0.88505585 | AB28: =+[2]Report1!AY28 -> 4963.8619 | AC28: =AB28+AC27 -> 102087.7 | AD28: =AB28/P28 -> 89.045867 | AE28: =AC28/Q28 -> 102.29792 | AF28: =IF(AND(R28>0,AB28>0),(AB28/(R28*1000))*1000,0) -> 92.609363 | AG28: =IF(AND(S28>0,AC28>0),AC28/S28,0) -> 105.27555 | AH28: 69.7 | AI28: =AH28+AI27 -> 1338.1 | AJ28: =AH28/(P28) -> 1.2503364 | AK28: =AI28/(Q28) -> 1.3408555 | AL28: =IF(AND(R28>0,AH28>0),AH28/(R28),0) -> 1.3003731 | AM28: =IF(AND(S28>0,AI28>0),AI28/(S28),0) -> 1.3798843 | AN28: 10 | AO28: =AN28+AO27 -> 198.4 | AP28: =AN28/(P28) -> 0.17938829 | AQ28: =AO28/(Q28) -> 0.19880855 | AR28: =IF(AND(R28>0,AN28>0),AN28/(R28),0) -> 0.18656716 | AS28: =IF(AND(S28>0,AO28>0),AO28/(S28),0) -> 0.20459535 | AT28: ='20'!I46 -> 38019.06 | AU28: =AT28+AU27 -> 788489.64 | AV28: =IF(AND(L28>0,AT28>0),(AT28/(P28*1000)*1000),0) -> 682.0174 | AW28: =IF(AND(M28>0,AU28>0),(AU28/(Q28*1000)*1000),0) -> 790.11332 | AX28: =IF(AND(R28>0,AT28>0),(AT28/(R28*1000)*1000),0) -> 709.31082 | AY28: =IF(AND(S28>0,AU28>0),(AU28/(S28*1000)*1000),0) -> 813.11147 | AZ28: =+Listrik!S27 -> 25682.8 | BA28: =AZ28+BA27 -> 486502.61 | BB28: =IF(AND(L28>0,AZ28>0),(AZ28/(P28*1000)*1000),0) -> 460.71935 | BC28: =IF(AND(M28>0,BA28>0),(BA28/(Q28*1000)*1000),0) -> 487.50443 | BD28: =IF(AND(R28>0,AZ28>0),(AZ28/(R28*1000)*1000),0) -> 479.15672 | BE28: =IF(AND(S28>0,BA28>0),(BA28/(S28*1000)*1000),0) -> 501.69442 | BF28: =+Listrik!V27 -> 330.1 | BG28: =BF28+BG27 -> 6030.2 | BH28: =IF(AND(L28>0,BF28>0),(BF28/(P28*1000)*1000),0) -> 5.9216073 | BI28: =IF(AND(M28>0,BG28>0),(BG28/(Q28*1000)*1000),0) -> 6.0426176 | BJ28: =IF(AND(R28>0,BF28>0),(BF28/(R28*1000)*1000),0) -> 6.1585821 | BK28: =IF(AND(S28>0,BG28>0),(BG28/(S28*1000)*1000),0) -> 6.2185025 | BL28: =+SUM(Efficiency2!K106:K108) -> 55.797272 | BM28: =BM27+BL28 -> 1095.6585 | BN28: =+R28/BL28 -> 0.96062044 | BO28: =+S28/BM28 -> 0.88505585
A29: =A28+1 -> 45982 | B29: Toilet | C29: 19/20 | D29: =+'21'!F42 -> 921.18056 | E29: =+'21'!G42 -> 736.94444 | F29: =1-(E29/D29) -> 0.2 | G29: =+P29/N29 -> 1.013079 | H29: =+P29/L29 -> 1.0107276 | I29: =+R29/P29 -> 0.96647783 | J29: =+R29/L29 -> 0.97684578 | K29: =+S29/M29 -> 0.88944442 | L29: =+SUM(Efficiency1!K111:K112) -> 55.014826 | M29: =M28+L29 -> 1150.6734 | N29: =+SUM(Efficiency1!C111:C112) -> 54.88713 | O29: =O28+N29 -> 1117.076 | P29: ='21'!I38 -> 55.605 | Q29: =Q28+P29 -> 1053.55 | R29: ='21'!I40 -> 53.741 | S29: =S28+R29 -> 1023.46 | T29: =R29/P29 -> 0.96647783 | U29: =S29/Q29 -> 0.97143942 | V29: =R29/L29 -> 0.97684578 | W29: =S29/M29 -> 0.88944442 | AB29: =+[2]Report1!AY29 -> 4746.5879 | AC29: =AB29+AC28 -> 106834.29 | AD29: =AB29/P29 -> 85.362609 | AE29: =AC29/Q29 -> 101.4041 | AF29: =IF(AND(R29>0,AB29>0),(AB29/(R29*1000))*1000,0) -> 88.323401 | AG29: =IF(AND(S29>0,AC29>0),AC29/S29,0) -> 104.38541 | AH29: 70.3 | AI29: =AH29+AI28 -> 1408.4 | AJ29: =AH29/(P29) -> 1.2642748 | AK29: =AI29/(Q29) -> 1.3368136 | AL29: =IF(AND(R29>0,AH29>0),AH29/(R29),0) -> 1.308126 | AM29: =IF(AND(S29>0,AI29>0),AI29/(S29),0) -> 1.3761163 | AN29: 9.8 | AO29: =AN29+AO28 -> 208.2 | AP29: =AN29/(P29) -> 0.17624314 | AQ29: =AO29/(Q29) -> 0.19761758 | AR29: =IF(AND(R29>0,AN29>0),AN29/(R29),0) -> 0.18235612 | AS29: =IF(AND(S29>0,AO29>0),AO29/(S29),0) -> 0.20342759 | AT29: ='21'!I46 -> 38136.02 | AU29: =AT29+AU28 -> 826625.66 | AV29: =IF(AND(L29>0,AT29>0),(AT29/(P29*1000)*1000),0) -> 685.83796 | AW29: =IF(AND(M29>0,AU29>0),(AU29/(Q29*1000)*1000),0) -> 784.6098 | AX29: =IF(AND(R29>0,AT29>0),(AT29/(R29*1000)*1000),0) -> 709.62617 | AY29: =IF(AND(S29>0,AU29>0),(AU29/(S29*1000)*1000),0) -> 807.67754 | AZ29: =+Listrik!S28 -> 24315 | BA29: =AZ29+BA28 -> 510817.61 | BB29: =IF(AND(L29>0,AZ29>0),(AZ29/(P29*1000)*1000),0) -> 437.28082 | BC29: =IF(AND(M29>0,BA29>0),(BA29/(Q29*1000)*1000),0) -> 484.8537 | BD29: =IF(AND(R29>0,AZ29>0),(AZ29/(R29*1000)*1000),0) -> 452.44785 | BE29: =IF(AND(S29>0,BA29>0),(BA29/(S29*1000)*1000),0) -> 499.10853 | BF29: =+Listrik!V28 -> 349.8 | BG29: =BF29+BG28 -> 6380 | BH29: =IF(AND(L29>0,BF29>0),(BF29/(P29*1000)*1000),0) -> 6.2908012 | BI29: =IF(AND(M29>0,BG29>0),(BG29/(Q29*1000)*1000),0) -> 6.0557164 | BJ29: =IF(AND(R29>0,BF29>0),(BF29/(R29*1000)*1000),0) -> 6.5089969 | BK29: =IF(AND(S29>0,BG29>0),(BG29/(S29*1000)*1000),0) -> 6.2337561 | BL29: =+SUM(Efficiency2!K111:K112) -> 55.014826 | BM29: =BM28+BL29 -> 1150.6734 | BN29: =+R29/BL29 -> 0.97684578 | BO29: =+S29/BM29 -> 0.88944442
A30: =A29+1 -> 45983 | B30: Toilet | C30: 20/15 | D30: =+'22'!F42 -> 1120.5 | E30: =+'22'!G42 -> 884.64917 | F30: =1-(E30/D30) -> 0.21048713 | G30: =+P30/N30 -> 0.92042225 | H30: =+P30/L30 -> 0.90457886 | I30: =+R30/P30 -> 1.0295513 | J30: =+R30/L30 -> 0.93131034 | K30: =+S30/M30 -> 0.89135395 | L30: =+SUM(Efficiency1!K116:K117) -> 54.991336 | M30: =M29+L30 -> 1205.6647 | N30: =+SUM(Efficiency1!C116:C117) -> 54.04476 | O30: =O29+N30 -> 1171.1208 | P30: ='22'!I38 -> 49.744 | Q30: =Q29+P30 -> 1103.294 | R30: ='22'!I40 -> 51.214 | S30: =S29+R30 -> 1074.674 | T30: =R30/P30 -> 1.0295513 | U30: =S30/Q30 -> 0.9740595 | V30: =R30/L30 -> 0.93131034 | W30: =S30/M30 -> 0.89135395 | AB30: =+[2]Report1!AY30 -> 5286.2929 | AC30: =AB30+AC29 -> 112120.58 | AD30: =AB30/P30 -> 106.26996 | AE30: =AC30/Q30 -> 101.62349 | AF30: =IF(AND(R30>0,AB30>0),(AB30/(R30*1000))*1000,0) -> 103.21968 | AG30: =IF(AND(S30>0,AC30>0),AC30/S30,0) -> 104.32985 | AH30: 70.2 | AI30: =AH30+AI29 -> 1478.6 | AJ30: =AH30/(P30) -> 1.4112255 | AK30: =AI30/(Q30) -> 1.3401686 | AL30: =IF(AND(R30>0,AH30>0),AH30/(R30),0) -> 1.3707189 | AM30: =IF(AND(S30>0,AI30>0),AI30/(S30),0) -> 1.3758591 | AN30: 9.7 | AO30: =AN30+AO29 -> 217.9 | AP30: =AN30/(P30) -> 0.19499839 | AQ30: =AO30/(Q30) -> 0.19749949 | AR30: =IF(AND(R30>0,AN30>0),AN30/(R30),0) -> 0.18940134 | AS30: =IF(AND(S30>0,AO30>0),AO30/(S30),0) -> 0.20275916 | AT30: ='22'!I46 -> 39211.7 | AU30: =AT30+AU29 -> 865837.36 | AV30: =IF(AND(L30>0,AT30>0),(AT30/(P30*1000)*1000),0) -> 788.26994 | AW30: =IF(AND(M30>0,AU30>0),(AU30/(Q30*1000)*1000),0) -> 784.77483 | AX30: =IF(AND(R30>0,AT30>0),(AT30/(R30*1000)*1000),0) -> 765.64416 | AY30: =IF(AND(S30>0,AU30>0),(AU30/(S30*1000)*1000),0) -> 805.67443 | AZ30: =+Listrik!S29 -> 24598 | BA30: =AZ30+BA29 -> 535415.61 | BB30: =IF(AND(L30>0,AZ30>0),(AZ30/(P30*1000)*1000),0) -> 494.4918 | BC30: =IF(AND(M30>0,BA30>0),(BA30/(Q30*1000)*1000),0) -> 485.28825 | BD30: =IF(AND(R30>0,AZ30>0),(AZ30/(R30*1000)*1000),0) -> 480.29836 | BE30: =IF(AND(S30>0,BA30>0),(BA30/(S30*1000)*1000),0) -> 498.21212 | BF30: =+Listrik!V29 -> 340.1 | BG30: =BF30+BG29 -> 6720.1 | BH30: =IF(AND(L30>0,BF30>0),(BF30/(P30*1000)*1000),0) -> 6.8370055 | BI30: =IF(AND(M30>0,BG30>0),(BG30/(Q30*1000)*1000),0) -> 6.0909422 | BJ30: =IF(AND(R30>0,BF30>0),(BF30/(R30*1000)*1000),0) -> 6.6407623 | BK30: =IF(AND(S30>0,BG30>0),(BG30/(S30*1000)*1000),0) -> 6.2531521 | BL30: =+SUM(Efficiency2!K116:K117) -> 54.991336 | BM30: =BM29+BL30 -> 1205.6647 | BN30: =+R30/BL30 -> 0.93131034 | BO30: =+S30/BM30 -> 0.89135395
A31: =A30+1 -> 45984 | B31: Toilet | C31: 15 | D31: =+'23'!F42 -> 1153.3333 | E31: =+'23'!G42 -> 903.26667 | F31: =1-(E31/D31) -> 0.21682081 | G31: =+P31/N31 -> 0.93871881 | H31: =+P31/L31 -> 0.9097947 | I31: =+R31/P31 -> 0.98944027 | J31: =+R31/L31 -> 0.90018752 | K31: =+S31/M31 -> 0.89173278 | L31: =+Efficiency1!K121 -> 54.022078 | M31: =M30+L31 -> 1259.6868 | N31: =+Efficiency1!C121 -> 52.357532 | O31: =O30+N31 -> 1223.4783 | P31: ='23'!I38 -> 49.149 | Q31: =Q30+P31 -> 1152.443 | R31: ='23'!I40 -> 48.63 | S31: =S30+R31 -> 1123.304 | T31: =R31/P31 -> 0.98944027 | U31: =S31/Q31 -> 0.97471545 | V31: =R31/L31 -> 0.90018752 | W31: =S31/M31 -> 0.89173278 | AB31: =+[2]Report1!AY31 -> 4809.6642 | AC31: =AB31+AC30 -> 116930.25 | AD31: =AB31/P31 -> 97.858841 | AE31: =AC31/Q31 -> 101.46293 | AF31: =IF(AND(R31>0,AB31>0),(AB31/(R31*1000))*1000,0) -> 98.903232 | AG31: =IF(AND(S31>0,AC31>0),AC31/S31,0) -> 104.09493 | AH31: 69.1 | AI31: =AH31+AI30 -> 1547.7 | AJ31: =AH31/(P31) -> 1.4059289 | AK31: =AI31/(Q31) -> 1.3429731 | AL31: =IF(AND(R31>0,AH31>0),AH31/(R31),0) -> 1.4209336 | AM31: =IF(AND(S31>0,AI31>0),AI31/(S31),0) -> 1.3778105 | AN31: 10.5 | AO31: =AN31+AO30 -> 228.4 | AP31: =AN31/(P31) -> 0.21363609 | AQ31: =AO31/(Q31) -> 0.19818768 | AR31: =IF(AND(R31>0,AN31>0),AN31/(R31),0) -> 0.2159161 | AS31: =IF(AND(S31>0,AO31>0),AO31/(S31),0) -> 0.20332875 | AT31: ='23'!I46 -> 41851.6 | AU31: =AT31+AU30 -> 907688.96 | AV31: =IF(AND(L31>0,AT31>0),(AT31/(P31*1000)*1000),0) -> 851.52495 | AW31: =IF(AND(M31>0,AU31>0),(AU31/(Q31*1000)*1000),0) -> 787.62157 | AX31: =IF(AND(R31>0,AT31>0),(AT31/(R31*1000)*1000),0) -> 860.61279 | AY31: =IF(AND(S31>0,AU31>0),(AU31/(S31*1000)*1000),0) -> 808.05282 | AZ31: =+Listrik!S30 -> 22710.5 | BA31: =AZ31+BA30 -> 558126.11 | BB31: =IF(AND(L31>0,AZ31>0),(AZ31/(P31*1000)*1000),0) -> 462.07451 | BC31: =IF(AND(M31>0,BA31>0),(BA31/(Q31*1000)*1000),0) -> 484.29824 | BD31: =IF(AND(R31>0,AZ31>0),(AZ31/(R31*1000)*1000),0) -> 467.00596 | BE31: =IF(AND(S31>0,BA31>0),(BA31/(S31*1000)*1000),0) -> 496.86114 | BF31: =+Listrik!V30 -> 280.1 | BG31: =BF31+BG30 -> 7000.2 | BH31: =IF(AND(L31>0,BF31>0),(BF31/(P31*1000)*1000),0) -> 5.6989969 | BI31: =IF(AND(M31>0,BG31>0),(BG31/(Q31*1000)*1000),0) -> 6.0742267 | BJ31: =IF(AND(R31>0,BF31>0),(BF31/(R31*1000)*1000),0) -> 5.759819 | BK31: =IF(AND(S31>0,BG31>0),(BG31/(S31*1000)*1000),0) -> 6.2317948 | BL31: =+Efficiency2!K121 -> 54.022078 | BM31: =BM30+BL31 -> 1259.6868 | BN31: =+R31/BL31 -> 0.90018752 | BO31: =+S31/BM31 -> 0.89173278
A32: =A31+1 -> 45985 | B32: Toilet | C32: 15 | D32: =+'24'!F42 -> 1160 | E32: =+'24'!G42 -> 893.2 | F32: =1-(E32/D32) -> 0.23 | G32: =+P32/N32 -> 0.99142789 | H32: =+P32/L32 -> 0.95045979 | I32: =+R32/P32 -> 0.97857279 | J32: =+R32/L32 -> 0.93009409 | K32: =+S32/M32 -> 0.89334159 | L32: =+Efficiency1!K127 -> 55.141733 | M32: =M31+L32 -> 1314.8285 | N32: =+Efficiency1!C127 -> 52.863149 | O32: =O31+N32 -> 1276.3415 | P32: ='24'!I38 -> 52.41 | Q32: =Q31+P32 -> 1204.853 | R32: ='24'!I40 -> 51.287 | S32: =S31+R32 -> 1174.591 | T32: =R32/P32 -> 0.97857279 | U32: =S32/Q32 -> 0.97488324 | V32: =R32/L32 -> 0.93009409 | W32: =S32/M32 -> 0.89334159 | AB32: =+[2]Report1!AY32 -> 5136.4029 | AC32: =AB32+AC31 -> 122066.65 | AD32: =AB32/P32 -> 98.004254 | AE32: =AC32/Q32 -> 101.31248 | AF32: =IF(AND(R32>0,AB32>0),(AB32/(R32*1000))*1000,0) -> 100.15019 | AG32: =IF(AND(S32>0,AC32>0),AC32/S32,0) -> 103.92268 | AH32: 67.6 | AI32: =AH32+AI31 -> 1615.3 | AJ32: =AH32/(P32) -> 1.2898302 | AK32: =AI32/(Q32) -> 1.3406615 | AL32: =IF(AND(R32>0,AH32>0),AH32/(R32),0) -> 1.3180728 | AM32: =IF(AND(S32>0,AI32>0),AI32/(S32),0) -> 1.3752021 | AN32: 10.6 | AO32: =AN32+AO31 -> 239 | AP32: =AN32/(P32) -> 0.20225148 | AQ32: =AO32/(Q32) -> 0.19836445 | AR32: =IF(AND(R32>0,AN32>0),AN32/(R32),0) -> 0.20668006 | AS32: =IF(AND(S32>0,AO32>0),AO32/(S32),0) -> 0.20347508 | AT32: =+'24'!I46 -> 40941.68 | AU32: =AT32+AU31 -> 948630.64 | AV32: =IF(AND(L32>0,AT32>0),(AT32/(P32*1000)*1000),0) -> 781.18069 | AW32: =IF(AND(M32>0,AU32>0),(AU32/(Q32*1000)*1000),0) -> 787.34139 | AX32: =IF(AND(R32>0,AT32>0),(AT32/(R32*1000)*1000),0) -> 798.28573 | AY32: =IF(AND(S32>0,AU32>0),(AU32/(S32*1000)*1000),0) -> 807.62635 | AZ32: =+Listrik!S31 -> 25592.7 | BA32: =AZ32+BA31 -> 583718.81 | BB32: =IF(AND(L32>0,AZ32>0),(AZ32/(P32*1000)*1000),0) -> 488.31712 | BC32: =IF(AND(M32>0,BA32>0),(BA32/(Q32*1000)*1000),0) -> 484.47305 | BD32: =IF(AND(R32>0,AZ32>0),(AZ32/(R32*1000)*1000),0) -> 499.0095 | BE32: =IF(AND(S32>0,BA32>0),(BA32/(S32*1000)*1000),0) -> 496.95495 | BF32: =+Listrik!V31 -> 320.05 | BG32: =BF32+BG31 -> 7320.25 | BH32: =IF(AND(L32>0,BF32>0),(BF32/(P32*1000)*1000),0) -> 6.106659 | BI32: =IF(AND(M32>0,BG32>0),(BG32/(Q32*1000)*1000),0) -> 6.0756374 | BJ32: =IF(AND(R32>0,BF32>0),(BF32/(R32*1000)*1000),0) -> 6.2403728 | BK32: =IF(AND(S32>0,BG32>0),(BG32/(S32*1000)*1000),0) -> 6.2321693 | BL32: =+Efficiency2!K127 -> 55.141733 | BM32: =BM31+BL32 -> 1314.8285 | BN32: =+R32/BL32 -> 0.93009409 | BO32: =+S32/BM32 -> 0.89334159
A33: =A32+1 -> 45986 | B33: Toilet | C33: 15/13,5 | D33: =+'25'!F42 -> 1177.6389 | E33: =+'25'!G42 -> 968.05278 | F33: =1-(E33/D33) -> 0.17797146 | G33: =+P33/N33 -> 0.99881926 | H33: =+P33/L33 -> 0.94622652 | I33: =+R33/P33 -> 0.99321249 | J33: =+R33/L33 -> 0.93980399 | K33: =+S33/M33 -> 0.89510937 | L33: =+SUM(Efficiency1!K132:K133) -> 52.004461 | M33: =M32+L33 -> 1366.833 | N33: =+SUM(Efficiency1!C132:C133) -> 49.266171 | O33: =O32+N33 -> 1325.6076 | P33: ='25'!I38 -> 49.208 | Q33: =Q32+P33 -> 1254.061 | R33: ='25'!I40 -> 48.874 | S33: =S32+R33 -> 1223.465 | T33: =R33/P33 -> 0.99321249 | U33: =S33/Q33 -> 0.97560246 | V33: =R33/L33 -> 0.93980399 | W33: =S33/M33 -> 0.89510937 | AB33: =+[2]Report1!AY33 -> 4957.5887 | AC33: =AB33+AC32 -> 127024.24 | AD33: =AB33/P33 -> 100.74762 | AE33: =AC33/Q33 -> 101.29032 | AF33: =IF(AND(R33>0,AB33>0),(AB33/(R33*1000))*1000,0) -> 101.43612 | AG33: =IF(AND(S33>0,AC33>0),AC33/S33,0) -> 103.82335 | AH33: 68.9 | AI33: =AH33+AI32 -> 1684.2 | AJ33: =AH33/(P33) -> 1.4001788 | AK33: =AI33/(Q33) -> 1.3429969 | AL33: =IF(AND(R33>0,AH33>0),AH33/(R33),0) -> 1.4097475 | AM33: =IF(AND(S33>0,AI33>0),AI33/(S33),0) -> 1.3765821 | AN33: 10.2 | AO33: =AN33+AO32 -> 249.2 | AP33: =AN33/(P33) -> 0.20728337 | AQ33: =AO33/(Q33) -> 0.19871442 | AR33: =IF(AND(R33>0,AN33>0),AN33/(R33),0) -> 0.20869992 | AS33: =IF(AND(S33>0,AO33>0),AO33/(S33),0) -> 0.2036838 | AT33: =+'25'!I46 -> 40986.64 | AU33: =AT33+AU32 -> 989617.28 | AV33: =IF(AND(L33>0,AT33>0),(AT33/(P33*1000)*1000),0) -> 832.92635 | AW33: =IF(AND(M33>0,AU33>0),(AU33/(Q33*1000)*1000),0) -> 789.1301 | AX33: =IF(AND(R33>0,AT33>0),(AT33/(R33*1000)*1000),0) -> 838.61849 | AY33: =IF(AND(S33>0,AU33>0),(AU33/(S33*1000)*1000),0) -> 808.8644 | AZ33: =+Listrik!S32 -> 26406.1 | BA33: =AZ33+BA32 -> 610124.91 | BB33: =IF(AND(L33>0,AZ33>0),(AZ33/(P33*1000)*1000),0) -> 536.62209 | BC33: =IF(AND(M33>0,BA33>0),(BA33/(Q33*1000)*1000),0) -> 486.51932 | BD33: =IF(AND(R33>0,AZ33>0),(AZ33/(R33*1000)*1000),0) -> 540.28932 | BE33: =IF(AND(S33>0,BA33>0),(BA33/(S33*1000)*1000),0) -> 498.68604 | BF33: =+Listrik!V32 -> 340.05 | BG33: =BF33+BG32 -> 7660.3 | BH33: =IF(AND(L33>0,BF33>0),(BF33/(P33*1000)*1000),0) -> 6.9104617 | BI33: =IF(AND(M33>0,BG33>0),(BG33/(Q33*1000)*1000),0) -> 6.108395 | BJ33: =IF(AND(R33>0,BF33>0),(BF33/(R33*1000)*1000),0) -> 6.9576871 | BK33: =IF(AND(S33>0,BG33>0),(BG33/(S33*1000)*1000),0) -> 6.2611517 | BL33: =+SUM(Efficiency2!K132:K133) -> 52.004461 | BM33: =BM32+BL33 -> 1366.833 | BN33: =+R33/BL33 -> 0.93980399 | BO33: =+S33/BM33 -> 0.89510937
A34: =A33+1 -> 45987 | B34: Toilet | C34: 13,5 | D34: =+'26'!F42 -> 1183.3333 | E34: =+'26'!G42 -> 982.16667 | F34: =1-(E34/D34) -> 0.17 | G34: =+P34/N34 -> 1.0051993 | H34: =+P34/L34 -> 0.95541035 | I34: =+R34/P34 -> 0.9818806 | J34: =+R34/L34 -> 0.93809888 | K34: =+S34/M34 -> 0.8966711 | L34: =+Efficiency1!K137 -> 51.526551 | M34: =M33+L34 -> 1418.3595 | N34: =+Efficiency1!C137 -> 48.974366 | O34: =O33+N34 -> 1374.582 | P34: ='26'!I38 -> 49.229 | Q34: =Q33+P34 -> 1303.29 | R34: ='26'!I40 -> 48.337 | S34: =S33+R34 -> 1271.802 | T34: =R34/P34 -> 0.9818806 | U34: =S34/Q34 -> 0.97583961 | V34: =R34/L34 -> 0.93809888 | W34: =S34/M34 -> 0.8966711 | AB34: =+[2]Report1!AY34 -> 5103.997 | AC34: =AB34+AC33 -> 132128.23 | AD34: =AB34/P34 -> 103.67866 | AE34: =AC34/Q34 -> 101.38053 | AF34: =IF(AND(R34>0,AB34>0),(AB34/(R34*1000))*1000,0) -> 105.59193 | AG34: =IF(AND(S34>0,AC34>0),AC34/S34,0) -> 103.89057 | AH34: 68.3 | AI34: =AH34+AI33 -> 1752.5 | AJ34: =AH34/(P34) -> 1.3873936 | AK34: =AI34/(Q34) -> 1.3446739 | AL34: =IF(AND(R34>0,AH34>0),AH34/(R34),0) -> 1.4129963 | AM34: =IF(AND(S34>0,AI34>0),AI34/(S34),0) -> 1.3779661 | AN34: 9.6 | AO34: =AN34+AO33 -> 258.8 | AP34: =AN34/(P34) -> 0.19500701 | AQ34: =AO34/(Q34) -> 0.19857438 | AR34: =IF(AND(R34>0,AN34>0),AN34/(R34),0) -> 0.19860562 | AS34: =IF(AND(S34>0,AO34>0),AO34/(S34),0) -> 0.20349079 | AT34: ='26'!I46 -> 44844.46 | AU34: =AT34+AU33 -> 1034461.7 | AV34: =IF(AND(L34>0,AT34>0),(AT34/(P34*1000)*1000),0) -> 910.93583 | AW34: =IF(AND(M34>0,AU34>0),(AU34/(Q34*1000)*1000),0) -> 793.73105 | AX34: =IF(AND(R34>0,AT34>0),(AT34/(R34*1000)*1000),0) -> 927.74603 | AY34: =IF(AND(S34>0,AU34>0),(AU34/(S34*1000)*1000),0) -> 813.3827 | AZ34: =+Listrik!S33 -> 21645.5 | BA34: =AZ34+BA33 -> 631770.41 | BB34: =IF(AND(L34>0,AZ34>0),(AZ34/(P34*1000)*1000),0) -> 439.69002 | BC34: =IF(AND(M34>0,BA34>0),(BA34/(Q34*1000)*1000),0) -> 484.75045 | BD34: =IF(AND(R34>0,AZ34>0),(AZ34/(R34*1000)*1000),0) -> 447.80396 | BE34: =IF(AND(S34>0,BA34>0),(BA34/(S34*1000)*1000),0) -> 496.75218 | BF34: =+Listrik!V33 -> 289.7 | BG34: =BF34+BG33 -> 7950 | BH34: =IF(AND(L34>0,BF34>0),(BF34/(P34*1000)*1000),0) -> 5.8847427 | BI34: =IF(AND(M34>0,BG34>0),(BG34/(Q34*1000)*1000),0) -> 6.0999471 | BJ34: =IF(AND(R34>0,BF34>0),(BF34/(R34*1000)*1000),0) -> 5.9933384 | BK34: =IF(AND(S34>0,BG34>0),(BG34/(S34*1000)*1000),0) -> 6.250973 | BL34: =+Efficiency2!K137 -> 51.526551 | BM34: =BM33+BL34 -> 1418.3595 | BN34: =+R34/BL34 -> 0.93809888 | BO34: =+S34/BM34 -> 0.8966711
A35: =A34+1 -> 45988 | B35: Toilet | C35: 13,5 | D35: =+'27'!F42 -> 1231.8992 | E35: =+'27'!G42 -> 975.96473 | F35: =1-(E35/D35) -> 0.20775603 | G35: =+P35/N35 -> 0.86049926 | H35: =+P35/L35 -> 0.8122976 | I35: =+R35/P35 -> 0.92706882 | J35: =+R35/L35 -> 0.75305578 | K35: =+S35/M35 -> 0.8914135 | L35: =+Efficiency1!K142 -> 53.897734 | M35: =M34+L35 -> 1472.2573 | N35: =+Efficiency1!C142 -> 50.878603 | O35: =O34+N35 -> 1425.4606 | P35: ='27'!I38 -> 43.781 | Q35: =Q34+P35 -> 1347.071 | R35: ='27'!I40 -> 40.588 | S35: =S34+R35 -> 1312.39 | T35: =R35/P35 -> 0.92706882 | U35: =S35/Q35 -> 0.97425451 | V35: =R35/L35 -> 0.75305578 | W35: =S35/M35 -> 0.8914135 | AB35: =+[2]Report1!AY35 -> 4547.0985 | AC35: =AB35+AC34 -> 136675.33 | AD35: =AB35/P35 -> 103.86009 | AE35: =AC35/Q35 -> 101.46112 | AF35: =IF(AND(R35>0,AB35>0),(AB35/(R35*1000))*1000,0) -> 112.03061 | AG35: =IF(AND(S35>0,AC35>0),AC35/S35,0) -> 104.14232 | AH35: 61.9 | AI35: =AH35+AI34 -> 1814.4 | AJ35: =AH35/(P35) -> 1.4138553 | AK35: =AI35/(Q35) -> 1.3469223 | AL35: =IF(AND(R35>0,AH35>0),AH35/(R35),0) -> 1.5250813 | AM35: =IF(AND(S35>0,AI35>0),AI35/(S35),0) -> 1.3825159 | AN35: 8.4 | AO35: =AN35+AO34 -> 267.2 | AP35: =AN35/(P35) -> 0.19186405 | AQ35: =AO35/(Q35) -> 0.19835629 | AR35: =IF(AND(R35>0,AN35>0),AN35/(R35),0) -> 0.20695772 | AS35: =IF(AND(S35>0,AO35>0),AO35/(S35),0) -> 0.20359802 | AT35: ='27'!I46 -> 40597.78 | AU35: =AT35+AU34 -> 1075059.5 | AV35: =IF(AND(L35>0,AT35>0),(AT35/(P35*1000)*1000),0) -> 927.2922 | AW35: =IF(AND(M35>0,AU35>0),(AU35/(Q35*1000)*1000),0) -> 798.07191 | AX35: =IF(AND(R35>0,AT35>0),(AT35/(R35*1000)*1000),0) -> 1000.241 | AY35: =IF(AND(S35>0,AU35>0),(AU35/(S35*1000)*1000),0) -> 819.16162 | AZ35: =+Listrik!S34 -> 17920.358 | BA35: =AZ35+BA34 -> 649690.77 | BB35: =IF(AND(L35>0,AZ35>0),(AZ35/(P35*1000)*1000),0) -> 409.31815 | BC35: =IF(AND(M35>0,BA35>0),(BA35/(Q35*1000)*1000),0) -> 482.29883 | BD35: =IF(AND(R35>0,AZ35>0),(AZ35/(R35*1000)*1000),0) -> 441.51863 | BE35: =IF(AND(S35>0,BA35>0),(BA35/(S35*1000)*1000),0) -> 495.04398 | BF35: =+Listrik!V34 -> 282 | BG35: =BF35+BG34 -> 8232 | BH35: =IF(AND(L35>0,BF35>0),(BF35/(P35*1000)*1000),0) -> 6.4411503 | BI35: =IF(AND(M35>0,BG35>0),(BG35/(Q35*1000)*1000),0) -> 6.1110365 | BJ35: =IF(AND(R35>0,BF35>0),(BF35/(R35*1000)*1000),0) -> 6.9478664 | BK35: =IF(AND(S35>0,BG35>0),(BG35/(S35*1000)*1000),0) -> 6.2725257 | BL35: =+Efficiency2!K142 -> 53.897734 | BM35: =BM34+BL35 -> 1472.2573 | BN35: =+R35/BL35 -> 0.75305578 | BO35: =+S35/BM35 -> 0.8914135
A36: =A35+1 -> 45989 | B36: Toilet | C36: 13,5 | D36: =+'28'!F42 -> 1270 | E36: =+'28'!G42 -> 990.6 | F36: =1-(E36/D36) -> 0.22 | G36: =+P36/N36 -> 1.0242035 | H36: =+P36/L36 -> 0.98168942 | I36: =+R36/P36 -> 1.0210022 | J36: =+R36/L36 -> 1.002307 | K36: =+S36/M36 -> 0.89541053 | L36: =+Efficiency1!K148 -> 55.049998 | M36: =M35+L36 -> 1527.3073 | N36: =+Efficiency1!C148 -> 52.764903 | O36: =O35+N36 -> 1478.2255 | P36: ='28'!I38 -> 54.042 | Q36: =Q35+P36 -> 1401.113 | R36: ='28'!I40 -> 55.177 | S36: =S35+R36 -> 1367.567 | T36: =R36/P36 -> 1.0210022 | U36: =S36/Q36 -> 0.97605761 | V36: =R36/L36 -> 1.002307 | W36: =S36/M36 -> 0.89541053 | AB36: =+[2]Report1!AY36 -> 4920.9034 | AC36: =AB36+AC35 -> 141596.24 | AD36: =AB36/P36 -> 91.057019 | AE36: =AC36/Q36 -> 101.05983 | AF36: =IF(AND(R36>0,AB36>0),(AB36/(R36*1000))*1000,0) -> 89.183961 | AG36: =IF(AND(S36>0,AC36>0),AC36/S36,0) -> 103.53879 | AH36: 67.3 | AI36: =AH36+AI35 -> 1881.7 | AJ36: =AH36/(P36) -> 1.2453277 | AK36: =AI36/(Q36) -> 1.3430037 | AL36: =IF(AND(R36>0,AH36>0),AH36/(R36),0) -> 1.2197111 | AM36: =IF(AND(S36>0,AI36>0),AI36/(S36),0) -> 1.3759472 | AN36: 10.1 | AO36: =AN36+AO35 -> 277.3 | AP36: =AN36/(P36) -> 0.18689168 | AQ36: =AO36/(Q36) -> 0.19791409 | AR36: =IF(AND(R36>0,AN36>0),AN36/(R36),0) -> 0.18304728 | AS36: =IF(AND(S36>0,AO36>0),AO36/(S36),0) -> 0.20276886 | AT36: ='28'!I46 -> 43570.8 | AU36: =AT36+AU35 -> 1118630.3 | AV36: =IF(AND(L36>0,AT36>0),(AT36/(P36*1000)*1000),0) -> 806.23959 | AW36: =IF(AND(M36>0,AU36>0),(AU36/(Q36*1000)*1000),0) -> 798.38694 | AX36: =IF(AND(R36>0,AT36>0),(AT36/(R36*1000)*1000),0) -> 789.65511 | AY36: =IF(AND(S36>0,AU36>0),(AU36/(S36*1000)*1000),0) -> 817.97113 | AZ36: =+Listrik!S35 -> 24886.071 | BA36: =AZ36+BA35 -> 674576.84 | BB36: =IF(AND(L36>0,AZ36>0),(AZ36/(P36*1000)*1000),0) -> 460.495 | BC36: =IF(AND(M36>0,BA36>0),(BA36/(Q36*1000)*1000),0) -> 481.45784 | BD36: =IF(AND(R36>0,AZ36>0),(AZ36/(R36*1000)*1000),0) -> 451.02255 | BE36: =IF(AND(S36>0,BA36>0),(BA36/(S36*1000)*1000),0) -> 493.26785 | BF36: =+Listrik!V35 -> 404.2 | BG36: =BF36+BG35 -> 8636.2 | BH36: =IF(AND(L36>0,BF36>0),(BF36/(P36*1000)*1000),0) -> 7.4793679 | BI36: =IF(AND(M36>0,BG36>0),(BG36/(Q36*1000)*1000),0) -> 6.1638141 | BJ36: =IF(AND(R36>0,BF36>0),(BF36/(R36*1000)*1000),0) -> 7.3255161 | BK36: =IF(AND(S36>0,BG36>0),(BG36/(S36*1000)*1000),0) -> 6.3150105 | BL36: =+Efficiency2!K148 -> 55.049998 | BM36: =BM35+BL36 -> 1527.3073 | BN36: =+R36/BL36 -> 1.002307 | BO36: =+S36/BM36 -> 0.89541053
A37: =A36+1 -> 45990 | B37: Toilet | C37: 13,5 | D37: =+'29'!F42 -> 1280 | E37: =+'29'!G42 -> 998.4 | F37: =1-(E37/D37) -> 0.22 | G37: =+P37/N37 -> 1.0146412 | H37: =+P37/L37 -> 0.9801817 | I37: =+R37/P37 -> 0.9443281 | J37: =+R37/L37 -> 0.92561312 | K37: =+S37/M37 -> 0.89646127 | L37: =+Efficiency1!K153 -> 55.049998 | M37: =M36+L37 -> 1582.3573 | N37: =+Efficiency1!C153 -> 53.180375 | O37: =O36+N37 -> 1531.4059 | P37: ='29'!I38 -> 53.959 | Q37: =Q36+P37 -> 1455.072 | R37: ='29'!I40 -> 50.955 | S37: =S36+R37 -> 1418.522 | T37: =R37/P37 -> 0.9443281 | U37: =S37/Q37 -> 0.97488097 | V37: =R37/L37 -> 0.92561312 | W37: =S37/M37 -> 0.89646127 | AB37: =+[2]Report1!AY37 -> 4830.1227 | AC37: =AB37+AC36 -> 146426.36 | AD37: =AB37/P37 -> 89.514681 | AE37: =AC37/Q37 -> 100.63169 | AF37: =IF(AND(R37>0,AB37>0),(AB37/(R37*1000))*1000,0) -> 94.791927 | AG37: =IF(AND(S37>0,AC37>0),AC37/S37,0) -> 103.2246 | AH37: 66.9 | AI37: =AH37+AI36 -> 1948.6 | AJ37: =AH37/(P37) -> 1.2398302 | AK37: =AI37/(Q37) -> 1.3391777 | AL37: =IF(AND(R37>0,AH37>0),AH37/(R37),0) -> 1.3129232 | AM37: =IF(AND(S37>0,AI37>0),AI37/(S37),0) -> 1.3736833 | AN37: 10.2 | AO37: =AN37+AO36 -> 287.5 | AP37: =AN37/(P37) -> 0.18903241 | AQ37: =AO37/(Q37) -> 0.19758472 | AR37: =IF(AND(R37>0,AN37>0),AN37/(R37),0) -> 0.20017663 | AS37: =IF(AND(S37>0,AO37>0),AO37/(S37),0) -> 0.20267574 | AT37: ='29'!I46 -> 45881.22 | AU37: =AT37+AU36 -> 1164511.5 | AV37: =IF(AND(L37>0,AT37>0),(AT37/(P37*1000)*1000),0) -> 850.29782 | AW37: =IF(AND(M37>0,AU37>0),(AU37/(Q37*1000)*1000),0) -> 800.31197 | AX37: =IF(AND(R37>0,AT37>0),(AT37/(R37*1000)*1000),0) -> 900.42626 | AY37: =IF(AND(S37>0,AU37>0),(AU37/(S37*1000)*1000),0) -> 820.93301 | AZ37: =+Listrik!S36 -> 24126.427 | BA37: =AZ37+BA36 -> 698703.27 | BB37: =IF(AND(L37>0,AZ37>0),(AZ37/(P37*1000)*1000),0) -> 447.12517 | BC37: =IF(AND(M37>0,BA37>0),(BA37/(Q37*1000)*1000),0) -> 480.18467 | BD37: =IF(AND(R37>0,AZ37>0),(AZ37/(R37*1000)*1000),0) -> 473.48498 | BE37: =IF(AND(S37>0,BA37>0),(BA37/(S37*1000)*1000),0) -> 492.55723 | BF37: =+Listrik!V36 -> 337.52 | BG37: =BF37+BG36 -> 8973.72 | BH37: =IF(AND(L37>0,BF37>0),(BF37/(P37*1000)*1000),0) -> 6.2551196 | BI37: =IF(AND(M37>0,BG37>0),(BG37/(Q37*1000)*1000),0) -> 6.1672 | BJ37: =IF(AND(R37>0,BF37>0),(BF37/(R37*1000)*1000),0) -> 6.6238838 | BK37: =IF(AND(S37>0,BG37>0),(BG37/(S37*1000)*1000),0) -> 6.3261056 | BL37: =+Efficiency2!K153 -> 55.049998 | BM37: =BM36+BL37 -> 1582.3573 | BN37: =+R37/BL37 -> 0.92561312 | BO37: =+S37/BM37 -> 0.89646127
A38: =A37+1 -> 45991 | B38: Toilet | C38: 13,5/14 | D38: =+'30'!F42 -> 1273.125 | E38: =+'30'!G42 -> 993.0375 | F38: =1-(E38/D38) -> 0.22 | G38: =+P38/N38 -> 0.96205405 | H38: =+P38/L38 -> 0.92560969 | I38: =+R38/P38 -> 0.97652001 | J38: =+R38/L38 -> 0.90387639 | K38: =+S38/M38 -> 0.89671049 | L38: =+SUM(Efficiency1!K158:K159) -> 55.030755 | M38: =M37+L38 -> 1637.388 | N38: =+SUM(Efficiency1!C158:C159) -> 52.94609 | O38: =O37+N38 -> 1584.352 | P38: ='30'!I38 -> 50.937 | Q38: =Q37+P38 -> 1506.009 | R38: ='30'!I40 -> 49.741 | S38: =S37+R38 -> 1468.263 | T38: =R38/P38 -> 0.97652001 | U38: =S38/Q38 -> 0.9749364 | V38: =R38/L38 -> 0.90387639 | W38: =S38/M38 -> 0.89671049 | AB38: =+[2]Report1!AY38 -> 4985.3485 | AC38: =AB38+AC37 -> 151411.71 | AD38: =AB38/P38 -> 97.872832 | AE38: =AC38/Q38 -> 100.53838 | AF38: =IF(AND(R38>0,AB38>0),(AB38/(R38*1000))*1000,0) -> 100.22614 | AG38: =IF(AND(S38>0,AC38>0),AC38/S38,0) -> 103.12302 | AH38: 66.7 | AI38: =AH38+AI37 -> 2015.3 | AJ38: =AH38/(P38) -> 1.3094607 | AK38: =AI38/(Q38) -> 1.3381726 | AL38: =IF(AND(R38>0,AH38>0),AH38/(R38),0) -> 1.3409461 | AM38: =IF(AND(S38>0,AI38>0),AI38/(S38),0) -> 1.3725743 | AN38: 9.8 | AO38: =AN38+AO37 -> 297.3 | AP38: =AN38/(P38) -> 0.19239453 | AQ38: =AO38/(Q38) -> 0.19740918 | AR38: =IF(AND(R38>0,AN38>0),AN38/(R38),0) -> 0.19702057 | AS38: =IF(AND(S38>0,AO38>0),AO38/(S38),0) -> 0.20248416 | AT38: ='30'!I46 -> 44026.6 | AU38: =AT38+AU37 -> 1208538.1 | AV38: =IF(AND(L38>0,AT38>0),(AT38/(P38*1000)*1000),0) -> 864.33437 | AW38: =IF(AND(M38>0,AU38>0),(AU38/(Q38*1000)*1000),0) -> 802.47737 | AX38: =IF(AND(R38>0,AT38>0),(AT38/(R38*1000)*1000),0) -> 885.11691 | AY38: =IF(AND(S38>0,AU38>0),(AU38/(S38*1000)*1000),0) -> 823.1074 | AZ38: =+Listrik!S37 -> 23744.557 | BA38: =AZ38+BA37 -> 722447.82 | BB38: =IF(AND(L38>0,AZ38>0),(AZ38/(P38*1000)*1000),0) -> 466.15539 | BC38: =IF(AND(M38>0,BA38>0),(BA38/(Q38*1000)*1000),0) -> 479.71016 | BD38: =IF(AND(R38>0,AZ38>0),(AZ38/(R38*1000)*1000),0) -> 477.36389 | BE38: =IF(AND(S38>0,BA38>0),(BA38/(S38*1000)*1000),0) -> 492.04252 | BF38: =+Listrik!V37 -> 315.08 | BG38: =BF38+BG37 -> 9288.8 | BH38: =IF(AND(L38>0,BF38>0),(BF38/(P38*1000)*1000),0) -> 6.1856804 | BI38: =IF(AND(M38>0,BG38>0),(BG38/(Q38*1000)*1000),0) -> 6.167825 | BJ38: =IF(AND(R38>0,BF38>0),(BF38/(R38*1000)*1000),0) -> 6.3344123 | BK38: =IF(AND(S38>0,BG38>0),(BG38/(S38*1000)*1000),0) -> 6.326387 | BL38: =+SUM(Efficiency2!K158:K159) -> 55.030755 | BM38: =BM37+BL38 -> 1637.388 | BN38: =+R38/BL38 -> 0.90387639 | BO38: =+S38/BM38 -> 0.89671049
A39: =A38+1 -> 45992 | D39: =+'31'!F42 -> 0 | E39: =+'31'!G42 -> 0 | F39: =1-(E39/D39) -> #DIV/0! | G39: =+P39/N39 -> #DIV/0! | H39: =+P39/L39 -> #DIV/0! | I39: =+R39/P39 -> #DIV/0! | J39: =+R39/L39 -> #DIV/0! | K39: =+S39/M39 -> 0.89671049 | M39: =M38+L39 -> 1637.388 | O39: =O38+N39 -> 1584.352 | P39: ='31'!I38 -> 0 | Q39: =Q38+P39 -> 1506.009 | R39: ='31'!I40 -> 0 | S39: =S38+R39 -> 1468.263 | T39: =R39/P39 -> #DIV/0! | U39: =S39/Q39 -> 0.9749364 | V39: =R39/L39 -> #DIV/0! | W39: =S39/M39 -> 0.89671049 | AC39: =AB39+AC38 -> 151411.71 | AD39: =AB39/P39 -> #DIV/0! | AE39: =AC39/Q39 -> 100.53838 | AF39: =IF(AND(R39>0,AB39>0),(AB39/(R39*1000))*1000,0) -> 0 | AG39: =IF(AND(S39>0,AC39>0),AC39/S39,0) -> 103.12302 | AI39: =AH39+AI38 -> 2015.3 | AJ39: =AH39/(P39) -> #DIV/0! | AK39: =AI39/(Q39) -> 1.3381726 | AL39: =IF(AND(R39>0,AH39>0),AH39/(R39),0) -> 0 | AM39: =IF(AND(S39>0,AI39>0),AI39/(S39),0) -> 1.3725743 | AO39: =AN39+AO38 -> 297.3 | AP39: =AN39/(P39) -> #DIV/0! | AQ39: =AO39/(Q39) -> 0.19740918 | AR39: =IF(AND(R39>0,AN39>0),AN39/(R39),0) -> 0 | AS39: =IF(AND(S39>0,AO39>0),AO39/(S39),0) -> 0.20248416 | AT39: ='31'!I46 -> 0 | AU39: =AT39+AU38 -> 1208538.1 | AV39: =IF(AND(L39>0,AT39>0),(AT39/(P39*1000)*1000),0) -> 0 | AW39: =IF(AND(M39>0,AU39>0),(AU39/(Q39*1000)*1000),0) -> 802.47737 | AX39: =IF(AND(R39>0,AT39>0),(AT39/(R39*1000)*1000),0) -> 0 | AY39: =IF(AND(S39>0,AU39>0),(AU39/(S39*1000)*1000),0) -> 823.1074 | AZ39: =+Listrik!S38 -> 0 | BA39: =AZ39+BA38 -> 722447.82 | BB39: =IF(AND(L39>0,AZ39>0),(AZ39/(P39*1000)*1000),0) -> 0 | BC39: =IF(AND(M39>0,BA39>0),(BA39/(Q39*1000)*1000),0) -> 479.71016 | BD39: =IF(AND(R39>0,AZ39>0),(AZ39/(R39*1000)*1000),0) -> 0 | BE39: =IF(AND(S39>0,BA39>0),(BA39/(S39*1000)*1000),0) -> 492.04252 | BF39: =+Listrik!V38 -> 0 | BG39: =BF39+BG38 -> 9288.8 | BH39: =IF(AND(L39>0,BF39>0),(BF39/(P39*1000)*1000),0) -> 0 | BI39: =IF(AND(M39>0,BG39>0),(BG39/(Q39*1000)*1000),0) -> 6.167825 | BJ39: =IF(AND(R39>0,BF39>0),(BF39/(R39*1000)*1000),0) -> 0 | BK39: =IF(AND(S39>0,BG39>0),(BG39/(S39*1000)*1000),0) -> 6.326387 | BM39: =BM38+BL39 -> 1637.388 | BN39: =+R39/BL39 -> #DIV/0! | BO39: =+S39/BM39 -> 0.89671049
J40: =+R40/L40 -> #DIV/0! | K40: =+S40/M40 -> #DIV/0!
G41: =+P41/N41 -> 0.95055204 | H41: =+P41/L41 -> 0.91976306 | I41: =+R41/P41 -> 0.9749364 | J41: =+R41/L41 -> 0.89671049 | L41: =SUM(L9:L39) -> 1637.388 | N41: =SUM(N9:N39) -> 1584.352 | P41: =SUM(P9:P39) -> 1506.009 | R41: =SUM(R9:R39) -> 1468.263 | T41: =R41/P41 -> 0.9749364 | V41: =(R41/L41) -> 0.89671049 | Y41: =Y38+X41 -> 0 | Z41: =IF(AND(R41>0,X41>0),X41/R41*1000,0) -> 0 | AA41: =IF(AND(S41>0,Y41>0),Y41/S41*1000,0) -> 0 | AB41: =SUM(AB9:AB39) -> 151411.71 | AD41: =AB41/P41 -> 100.53838 | AF41: =AB41/R41 -> 103.12302 | AH41: =SUM(AH9:AH40) -> 2015.3 | AJ41: =AH41/P41 -> 1.3381726 | AL41: =AH41/R41 -> 1.3725743 | AN41: =SUM(AN9:AN40) -> 297.3 | AP41: =AN41/P41 -> 0.19740918 | AR41: =AN41/R41 -> 0.20248416 | AT41: =SUM(AT9:AT39) -> 1208538.1 | AV41: =AT41/P41 -> 802.47737 | AX41: =AT41/R41 -> 823.1074 | AZ41: =SUM(AZ9:AZ39) -> 722447.82 | BB41: =AZ41/V41 -> 805664.52 | BD41: =AZ41/R41 -> 492.04252 | BF41: =SUM(BF9:BF39) -> 9288.8 | BH41: =BF41/AP41 -> 47053.536 | BJ41: =BF41/AR41 -> 45874.206 | BL41: =SUM(BL9:BL39) -> 1637.388 | BN41: =+R41/BL41 -> 0.89671049

Sheet Listrik
A2: MACHINE POWER CONSUMPTION (PER PANEL)
A4: Date | B4: PM (TON) | C4: FINSHED GOODS (TON) | P4: Total PM15 | S4: Deinking | V4: WPL
D5: Trafo 3000 (barat) | H5: Trafo 3000 (Timur) | L5: Rewinder tengah
D6: KWH | E6: Consumption | F6: /TON PM | G6: /TON FG | H6: KWH | I6: Consumption | J6: /TON PM | K6: /TON FG | L6: KWH | M6: Consumption | N6: /TON PM | O6: /TON FG | P6: Consumption | Q6: /TON PM | R6: /TON FG | S6: Consumption | T6: /TON PM | U6: /TON FG | V6: Consumption | W6: /TON PM | X6: /TON FG
A7: 45960 | B7: 0 | C7: 0
A8: =+Report1!A9 -> 45962 | B8: =+Report1!P9 -> 42.54 | C8: =+Report1!R9 -> 39.835 | D8: =+D7+E8 -> 26590.65 | E8: =+[3]DailyNov!AL7 -> 26590.65 | F8: =E8/B8 -> 625.07405 | G8: =E8/C8 -> 667.51977 | H8: =+H7+I8 -> 9430.65 | I8: =+[3]DailyNov!AM7 -> 9430.65 | J8: =I8/B8 -> 221.689 | K8: =I8/C8 -> 236.74281 | L8: =+L7+M8 -> 370 | M8: =+[3]DailyNov!AN7 -> 370 | N8: =M8/B8 -> 8.6976963 | O8: =M8/C8 -> 9.2883143 | P8: =+E8+I8+M8 -> 36391.3 | Q8: =P8/B8 -> 855.46074 | R8: =P8/C8 -> 913.5509 | S8: =+[3]DailyNov!BM7 -> 22450.48 | T8: =S8/B8 -> 527.74988 | U8: =S8/C8 -> 563.5868 | V8: =+[3]DailyNov!BQ7 -> 312 | W8: =V8/E8 -> 0.011733448 | X8: =V8/F8 -> 0.49914086 | Y8: Off Reel | Z8: Off Rewinder
A9: =+A8+1 -> 45963 | B9: =+Report1!P10 -> 48.241 | C9: =+Report1!R10 -> 49.101 | D9: =+D8+E9 -> 58630.54 | E9: =+[3]DailyNov!AL8 -> 32039.89 | F9: =E9/B9 -> 664.16306 | G9: =E9/C9 -> 652.53029 | H9: =+H8+I9 -> 21310.54 | I9: =+[3]DailyNov!AM8 -> 11879.89 | J9: =I9/B9 -> 246.26127 | K9: =I9/C9 -> 241.94803 | L9: =+L8+M9 -> 890 | M9: =+[3]DailyNov!AN8 -> 520 | N9: =M9/B9 -> 10.779213 | O9: =M9/C9 -> 10.590416 | P9: =+E9+I9+M9 -> 44439.78 | Q9: =P9/B9 -> 921.20354 | R9: =P9/C9 -> 905.06874 | S9: =+[3]DailyNov!BM8 -> 24059.7 | T9: =S9/B9 -> 498.73966 | U9: =S9/C9 -> 490.00428 | V9: =+[3]DailyNov!BQ8 -> 228 | W9: =V9/E9 -> 0.0071161293 | X9: =V9/F9 -> 0.34328919 | Y9: Off Reel | Z9: Off Rewinder
A10: =+A9+1 -> 45964 | B10: =+Report1!P11 -> 49.679 | C10: =+Report1!R11 -> 48.119 | D10: =+D9+E10 -> 90764.08 | E10: =+[3]DailyNov!AL9 -> 32133.54 | F10: =E10/B10 -> 646.82341 | G10: =E10/C10 -> 667.79318 | H10: =+H9+I10 -> 32284.08 | I10: =+[3]DailyNov!AM9 -> 10973.54 | J10: =I10/B10 -> 220.88891 | K10: =I10/C10 -> 228.05004 | L10: =+L9+M10 -> 1390 | M10: =+[3]DailyNov!AN9 -> 500 | N10: =M10/B10 -> 10.064615 | O10: =M10/C10 -> 10.390906 | P10: =+E10+I10+M10 -> 43607.08 | Q10: =P10/B10 -> 877.77693 | R10: =P10/C10 -> 906.23413 | S10: =+[3]DailyNov!BM9 -> 20908.8 | T10: =S10/B10 -> 420.87804 | U10: =S10/C10 -> 434.52275 | V10: =+[3]DailyNov!BQ9 -> 289.1 | W10: =V10/E10 -> 0.0089968301 | X10: =V10/F10 -> 0.44695352 | Y10: Off Reel | Z10: Off Rewinder
A11: =+A10+1 -> 45965 | B11: =+Report1!P12 -> 51.657 | C11: =+Report1!R12 -> 50.56 | D11: =+D10+E11 -> 120864.95 | E11: =+[3]DailyNov!AL10 -> 30100.87 | F11: =E11/B11 -> 582.70651 | G11: =E11/C11 -> 595.34949 | H11: =+H10+I11 -> 42224.95 | I11: =+[3]DailyNov!AM10 -> 9940.87 | J11: =I11/B11 -> 192.43994 | K11: =I11/C11 -> 196.61531 | L11: =+L10+M11 -> 1860 | M11: =+[3]DailyNov!AN10 -> 470 | N11: =M11/B11 -> 9.0984765 | O11: =M11/C11 -> 9.2958861 | P11: =+E11+I11+M11 -> 40511.74 | Q11: =P11/B11 -> 784.24492 | R11: =P11/C11 -> 801.26068 | S11: =+[3]DailyNov!BM10 -> 25540.8 | T11: =S11/B11 -> 494.43057 | U11: =S11/C11 -> 505.15823 | V11: =+[3]DailyNov!BQ10 -> 323 | W11: =V11/E11 -> 0.010730587 | X11: =V11/F11 -> 0.55430993 | Y11: Off Reel | Z11: Off Rewinder
A12: =+A11+1 -> 45966 | B12: =+Report1!P13 -> 30.388 | C12: =+Report1!R13 -> 28.985 | D12: =+D11+E12 -> 135757.23 | E12: =+[3]DailyNov!AL11 -> 14892.28 | F12: =E12/B12 -> 490.07108 | G12: =E12/C12 -> 513.79265 | H12: =+H11+I12 -> 49957.23 | I12: =+[3]DailyNov!AM11 -> 7732.28 | J12: =I12/B12 -> 254.45176 | K12: =I12/C12 -> 266.76833 | L12: =+L11+M12 -> 2220 | M12: =+[3]DailyNov!AN11 -> 360 | N12: =M12/B12 -> 11.846782 | O12: =M12/C12 -> 12.420217 | P12: =+E12+I12+M12 -> 22984.56 | Q12: =P12/B12 -> 756.36962 | R12: =P12/C12 -> 792.9812 | S12: =+[3]DailyNov!BM11 -> 13904.058 | T12: =S12/B12 -> 457.55094 | U12: =S12/C12 -> 479.6984 | V12: =+[3]DailyNov!BQ11 -> 215.6 | W12: =V12/E12 -> 0.0144773 | X12: =V12/F12 -> 0.43993618 | Y12: Off Reel | Z12: Off Rewinder
A13: =+A12+1 -> 45967 | B13: =+Report1!P14 -> 58.854 | C13: =+Report1!R14 -> 56.119 | D13: =+D12+E13 -> 162112.12 | E13: =+[3]DailyNov!AL12 -> 26354.89 | F13: =E13/B13 -> 447.80117 | G13: =E13/C13 -> 469.62508 | H13: =+H12+I13 -> 61152.12 | I13: =+[3]DailyNov!AM12 -> 11194.89 | J13: =I13/B13 -> 190.2146 | K13: =I13/C13 -> 199.48484 | L13: =+L12+M13 -> 2930 | M13: =+[3]DailyNov!AN12 -> 710 | N13: =M13/B13 -> 12.063751 | O13: =M13/C13 -> 12.651687 | P13: =+E13+I13+M13 -> 38259.78 | Q13: =P13/B13 -> 650.07952 | R13: =P13/C13 -> 681.76161 | S13: =+[3]DailyNov!BM12 -> 26617.534 | T13: =S13/B13 -> 452.26381 | U13: =S13/C13 -> 474.30521 | V13: =+[3]DailyNov!BQ12 -> 301.8 | W13: =V13/E13 -> 0.011451385 | X13: =V13/F13 -> 0.67395983 | Y13: Off Reel | Z13: Off Rewinder
A14: =+A13+1 -> 45968 | B14: =+Report1!P15 -> 58.433 | C14: =+Report1!R15 -> 56.67 | D14: =+D13+E14 -> 188755.17 | E14: =+[3]DailyNov!AL13 -> 26643.05 | F14: =E14/B14 -> 455.95896 | G14: =E14/C14 -> 470.14382 | H14: =+H13+I14 -> 71635.17 | I14: =+[3]DailyNov!AM13 -> 10483.05 | J14: =I14/B14 -> 179.40291 | K14: =I14/C14 -> 184.98412 | L14: =+L13+M14 -> 3650 | M14: =+[3]DailyNov!AN13 -> 720 | N14: =M14/B14 -> 12.321804 | O14: =M14/C14 -> 12.705135 | P14: =+E14+I14+M14 -> 37846.1 | Q14: =P14/B14 -> 647.68367 | R14: =P14/C14 -> 667.83307 | S14: =+[3]DailyNov!BM13 -> 26562.965 | T14: =S14/B14 -> 454.58842 | U14: =S14/C14 -> 468.73063 | V14: =+[3]DailyNov!BQ13 -> 327 | W14: =V14/E14 -> 0.01227337 | X14: =V14/F14 -> 0.71716981 | Y14: Off Reel | Z14: Off Rewinder
A15: =+A14+1 -> 45969 | B15: =+Report1!P16 -> 53.438 | C15: =+Report1!R16 -> 51.448 | D15: =+D14+E15 -> 216899.42 | E15: =+[3]DailyNov!AL14 -> 28144.25 | F15: =E15/B15 -> 526.6711 | G15: =E15/C15 -> 547.04265 | H15: =+H14+I15 -> 84619.42 | I15: =+[3]DailyNov!AM14 -> 12984.25 | J15: =I15/B15 -> 242.97784 | K15: =I15/C15 -> 252.37619 | L15: =+L14+M15 -> 4260 | M15: =+[3]DailyNov!AN14 -> 610 | N15: =M15/B15 -> 11.415098 | O15: =M15/C15 -> 11.856632 | P15: =+E15+I15+M15 -> 41738.5 | Q15: =P15/B15 -> 781.06404 | R15: =P15/C15 -> 811.27546 | S15: =+[3]DailyNov!BM14 -> 27933.703 | T15: =S15/B15 -> 522.73107 | U15: =S15/C15 -> 542.95022 | V15: =+[3]DailyNov!BQ14 -> 297.1 | W15: =V15/E15 -> 0.01055633 | X15: =V15/F15 -> 0.56410918 | Y15: Off Reel | Z15: Off Rewinder
A16: =+A15+1 -> 45970 | B16: =+Report1!P17 -> 49.893 | C16: =+Report1!R17 -> 50.395 | D16: =+D15+E16 -> 245318.39 | E16: =+[3]DailyNov!AL15 -> 28418.97 | F16: =E16/B16 -> 569.59834 | G16: =E16/C16 -> 563.9244 | H16: =+H15+I16 -> 94878.39 | I16: =+[3]DailyNov!AM15 -> 10258.97 | J16: =I16/B16 -> 205.61943 | K16: =I16/C16 -> 203.57119 | L16: =+L15+M16 -> 4780 | M16: =+[3]DailyNov!AN15 -> 520 | N16: =M16/B16 -> 10.422304 | O16: =M16/C16 -> 10.318484 | P16: =+E16+I16+M16 -> 39197.94 | Q16: =P16/B16 -> 785.64007 | R16: =P16/C16 -> 777.81407 | S16: =+[3]DailyNov!BM15 -> 25080.7 | T16: =S16/B16 -> 502.68976 | U16: =S16/C16 -> 497.68231 | V16: =+[3]DailyNov!BQ15 -> 296.4 | W16: =V16/E16 -> 0.010429653 | X16: =V16/F16 -> 0.52036668 | Y16: Off Reel | Z16: Off Rewinder
A17: =+A16+1 -> 45971 | B17: =+Report1!P18 -> 51.384 | C17: =+Report1!R18 -> 51.182 | D17: =+D16+E17 -> 277649.51 | E17: =+[3]DailyNov!AL16 -> 32331.12 | F17: =E17/B17 -> 629.20598 | G17: =E17/C17 -> 631.68927 | H17: =+H16+I17 -> 105049.51 | I17: =+[3]DailyNov!AM16 -> 10171.12 | J17: =I17/B17 -> 197.94333 | K17: =I17/C17 -> 198.72455 | L17: =+L16+M17 -> 5190 | M17: =+[3]DailyNov!AN16 -> 410 | N17: =M17/B17 -> 7.9791375 | O17: =M17/C17 -> 8.0106287 | P17: =+E17+I17+M17 -> 42912.24 | Q17: =P17/B17 -> 835.12844 | R17: =P17/C17 -> 838.42445 | S17: =+[3]DailyNov!BM16 -> 24949.2 | T17: =S17/B17 -> 485.54414 | U17: =S17/C17 -> 487.46044 | V17: =+[3]DailyNov!BQ16 -> 310.1 | W17: =V17/E17 -> 0.0095913782 | X17: =V17/F17 -> 0.49284338 | Y17: Off Reel | Z17: Off Rewinder
A18: =+A17+1 -> 45972 | B18: =+Report1!P19 -> 52.558 | C18: =+Report1!R19 -> 50.653 | D18: =+D17+E18 -> 311112.38 | E18: =+[3]DailyNov!AL17 -> 33462.87 | F18: =E18/B18 -> 636.68462 | G18: =E18/C18 -> 660.62958 | H18: =+H17+I18 -> 115352.38 | I18: =+[3]DailyNov!AM17 -> 10302.87 | J18: =I18/B18 -> 196.02858 | K18: =I18/C18 -> 203.40098 | L18: =+L17+M18 -> 5670 | M18: =+[3]DailyNov!AN17 -> 480 | N18: =M18/B18 -> 9.1327676 | O18: =M18/C18 -> 9.4762403 | P18: =+E18+I18+M18 -> 44245.74 | Q18: =P18/B18 -> 841.84596 | R18: =P18/C18 -> 873.5068 | S18: =+[3]DailyNov!BM17 -> 22984 | T18: =S18/B18 -> 437.30736 | U18: =S18/C18 -> 453.75397 | V18: =+[3]DailyNov!BQ17 -> 339.9 | W18: =V18/E18 -> 0.010157527 | X18: =V18/F18 -> 0.5338593 | Y18: Off Reel | Z18: Off Rewinder
A19: =+A18+1 -> 45973 | B19: =+Report1!P20 -> 50.789 | C19: =+Report1!R20 -> 49.13 | D19: =+D18+E19 -> 344429.31 | E19: =+[3]DailyNov!AL18 -> 33316.93 | F19: =E19/B19 -> 655.98712 | G19: =E19/C19 -> 678.1382 | H19: =+H18+I19 -> 124509.31 | I19: =+[3]DailyNov!AM18 -> 9156.93 | J19: =I19/B19 -> 180.29357 | K19: =I19/C19 -> 186.38164 | L19: =+L18+M19 -> 5970 | M19: =+[3]DailyNov!AN18 -> 300 | N19: =M19/B19 -> 5.9067908 | O19: =M19/C19 -> 6.1062487 | P19: =+E19+I19+M19 -> 42773.86 | Q19: =P19/B19 -> 842.18748 | R19: =P19/C19 -> 870.62609 | S19: =+[3]DailyNov!BM18 -> 23558.4 | T19: =S19/B19 -> 463.84847 | U19: =S19/C19 -> 479.5115 | V19: =+[3]DailyNov!BQ18 -> 340.1 | W19: =V19/E19 -> 0.010208023 | X19: =V19/F19 -> 0.5184553 | Y19: Off Reel | Z19: Off Rewinder
A20: =+A19+1 -> 45974 | B20: =+Report1!P21 -> 38.309 | C20: =+Report1!R21 -> 29.459 | D20: =+D19+E20 -> 370998.96 | E20: =+[3]DailyNov!AL19 -> 26569.65 | F20: =E20/B20 -> 693.56157 | G20: =E20/C20 -> 901.91962 | H20: =+H19+I20 -> 134918.96 | I20: =+[3]DailyNov!AM19 -> 10409.65 | J20: =I20/B20 -> 271.72858 | K20: =I20/C20 -> 353.3606 | L20: =+L19+M20 -> 6370 | M20: =+[3]DailyNov!AN19 -> 400 | N20: =M20/B20 -> 10.441411 | O20: =M20/C20 -> 13.578193 | P20: =+E20+I20+M20 -> 37379.3 | Q20: =P20/B20 -> 975.73155 | R20: =P20/C20 -> 1268.8584 | S20: =+[3]DailyNov!BM19 -> 19986.3 | T20: =S20/B20 -> 521.71291 | U20: =S20/C20 -> 678.44462 | V20: =+[3]DailyNov!BQ19 -> 230.1 | W20: =V20/E20 -> 0.0086602571 | X20: =V20/F20 -> 0.33176579 | Y20: Off Reel | Z20: Off Rewinder
... A33: =+A32+1 -> 45987 | B33: =+Report1!P34 -> 49.229 | C33: =+Report1!R34 -> 48.337 | D33: =+D32+E33 -> 750315.87 | E33: =+[3]DailyNov!AL32 -> 33727.23 | F33: =E33/B33 -> 685.10898 | G33: =E33/C33 -> 697.75183 | H33: =+H32+I33 -> 270155.87 | I33: =+[3]DailyNov!AM32 -> 10567.23 | J33: =I33/B33 -> 214.65457 | K33: =I33/C33 -> 218.61576 | L33: =+L32+M33 -> 13990 | M33: =+[3]DailyNov!AN32 -> 550 | N33: =M33/B33 -> 11.172277 | O33: =M33/C33 -> 11.378447 | P33: =+E33+I33+M33 -> 44844.46 | Q33: =P33/B33 -> 910.93583 | R33: =P33/C33 -> 927.74603 | S33: =+[3]DailyNov!BM32 -> 21645.5 | T33: =S33/B33 -> 439.69002 | U33: =S33/C33 -> 447.80396 | V33: =+[3]DailyNov!BQ32 -> 289.7 | W33: =V33/E33 -> 0.0085894988 | X33: =V33/F33 -> 0.42285243 | Y33: Off Reel | Z33: Off Rewinder
A34: =+A33+1 -> 45988 | B34: =+Report1!P35 -> 43.781 | C34: =+Report1!R35 -> 40.588 | D34: =+D33+E34 -> 779994.76 | E34: =+[3]DailyNov!AL33 -> 29678.89 | F34: =E34/B34 -> 677.89429 | G34: =E34/C34 -> 731.22327 | H34: =+H33+I34 -> 280674.76 | I34: =+[3]DailyNov!AM33 -> 10518.89 | J34: =I34/B34 -> 240.26153 | K34: =I34/C34 -> 259.16256 | L34: =+L33+M34 -> 14390 | M34: =+[3]DailyNov!AN33 -> 400 | N34: =M34/B34 -> 9.1363834 | O34: =M34/C34 -> 9.8551296 | P34: =+E34+I34+M34 -> 40597.78 | Q34: =P34/B34 -> 927.2922 | R34: =P34/C34 -> 1000.241 | S34: =+[3]DailyNov!BM33 -> 17920.358 | T34: =S34/B34 -> 409.31815 | U34: =S34/C34 -> 441.51863 | V34: =+[3]DailyNov!BQ33 -> 282 | W34: =V34/E34 -> 0.0095017031 | X34: =V34/F34 -> 0.41599406
A35: =+A34+1 -> 45989 | B35: =+Report1!P36 -> 54.042 | C35: =+Report1!R36 -> 55.177 | D35: =+D34+E35 -> 813205.16 | E35: =+[3]DailyNov!AL34 -> 33210.4 | F35: =E35/B35 -> 614.52944 | G35: =E35/C35 -> 601.88847 | H35: =+H34+I35 -> 290725.16 | I35: =+[3]DailyNov!AM34 -> 10050.4 | J35: =I35/B35 -> 185.97387 | K35: =I35/C35 -> 182.14836 | L35: =+L34+M35 -> 14700 | M35: =+[3]DailyNov!AN34 -> 310 | N35: =M35/B35 -> 5.7362792 | O35: =M35/C35 -> 5.618283 | P35: =+E35+I35+M35 -> 43570.8 | Q35: =P35/B35 -> 806.23959 | R35: =P35/C35 -> 789.65511 | S35: =+[3]DailyNov!BM34 -> 24886.071 | T35: =S35/B35 -> 460.495 | U35: =S35/C35 -> 451.02255 | V35: =+[3]DailyNov!BQ34 -> 404.2 | W35: =V35/E35 -> 0.012170886 | X35: =V35/F35 -> 0.65773903
A36: =+A35+1 -> 45990 | B36: =+Report1!P37 -> 53.959 | C36: =+Report1!R37 -> 50.955 | D36: =+D35+E36 -> 847640.77 | E36: =+[3]DailyNov!AL35 -> 34435.61 | F36: =E36/B36 -> 638.18103 | G36: =E36/C36 -> 675.80434 | H36: =+H35+I36 -> 302000.77 | I36: =+[3]DailyNov!AM35 -> 11275.61 | J36: =I36/B36 -> 208.96625 | K36: =I36/C36 -> 221.28564 | L36: =+L35+M36 -> 14870 | M36: =+[3]DailyNov!AN35 -> 170 | N36: =M36/B36 -> 3.1505402 | O36: =M36/C36 -> 3.3362771 | P36: =+E36+I36+M36 -> 45881.22 | Q36: =P36/B36 -> 850.29782 | R36: =P36/C36 -> 900.42626 | S36: =+[3]DailyNov!BM35 -> 24126.427 | T36: =S36/B36 -> 447.12517 | U36: =S36/C36 -> 473.48498 | V36: =+[3]DailyNov!BQ35 -> 337.52 | W36: =V36/E36 -> 0.0098014817 | X36: =V36/F36 -> 0.52887815
A37: =+A36+1 -> 45991 | B37: =+Report1!P38 -> 50.937 | C37: =+Report1!R38 -> 49.741 | D37: =+D36+E37 -> 881179.07 | E37: =+[3]DailyNov!AL36 -> 33538.3 | F37: =E37/B37 -> 658.42708 | G37: =E37/C37 -> 674.25866 | H37: =+H36+I37 -> 312379.07 | I37: =+[3]DailyNov!AM36 -> 10378.3 | J37: =I37/B37 -> 203.74777 | K37: =I37/C37 -> 208.64679 | L37: =+L36+M37 -> 14980 | M37: =+[3]DailyNov!AN36 -> 110 | N37: =M37/B37 -> 2.1595304 | O37: =M37/C37 -> 2.2114553 | P37: =+E37+I37+M37 -> 44026.6 | Q37: =P37/B37 -> 864.33437 | R37: =P37/C37 -> 885.11691 | S37: =+[3]DailyNov!BM36 -> 23744.557 | T37: =S37/B37 -> 466.15539 | U37: =S37/C37 -> 477.36389 | V37: =+[3]DailyNov!BQ36 -> 315.08 | W37: =V37/E37 -> 0.0093946324 | X37: =V37/F37 -> 0.47853439
A38: =+A37+1 -> 45992 | B38: =+Report1!P39 -> 0 | C38: =+Report1!R39 -> 0 | D38: =+D37+E38 -> 881179.07 | E38: =+[3]DailyNov!AL37 -> 0 | F38: =E38/B38 -> #DIV/0! | G38: =E38/C38 -> #DIV/0! | H38: =+H37+I38 -> 312379.07 | I38: =+[3]DailyNov!AM37 -> 0 | J38: =I38/B38 -> #DIV/0! | K38: =I38/C38 -> #DIV/0! | L38: =+L37+M38 -> 14980 | M38: =+[3]DailyNov!AN37 -> 0 | N38: =M38/B38 -> #DIV/0! | O38: =M38/C38 -> #DIV/0! | P38: =+E38+I38+M38 -> 0 | Q38: =P38/B38 -> #DIV/0! | R38: =P38/C38 -> #DIV/0! | S38: =+[3]DailyNov!BM37 -> 0 | T38: =S38/B38 -> #DIV/0! | U38: =S38/C38 -> #DIV/0! | V38: =+[3]DailyNov!BQ37 -> 0 | W38: =V38/E38 -> #DIV/0! | X38: =V38/F38 -> #DIV/0!
A40: TOTAL | B40: =SUM(B8:B38) -> 1506.009 | C40: =SUM(C8:C38) -> 1468.263 | E40: =SUM(E8:E39) -> 881179.07 | F40: =E40/B40 -> 585.10877 | G40: =E40/C40 -> 600.1507 | I40: =SUM(I8:I39) -> 312379.07 | J40: =I40/B40 -> 207.42178 | K40: =I40/C40 -> 212.75417 | M40: =SUM(M8:M39) -> 14980 | N40: =M40/B40 -> 9.9468197 | O40: =M40/C40 -> 10.202532 | P40: =+E40+I40+M40 -> 1208538.1 | Q40: =P40/B40 -> 802.47737 | R40: =P40/C40 -> 823.1074 | S40: =+SUM(S8:S38) -> 722447.82 | T40: =S40/B40 -> 479.71016 | U40: =S40/C40 -> 492.04252 | V40: =+SUM(V8:V38) -> 9288.8 | W40: =V40/E40 -> 0.010541331 | X40: =V40/F40 -> 15.875339
P42: -1413750.8 | S42: -457460.92 | V42: -457460.92

Sheet Trim Rwd
A1: PM 15 | B1: =+Report1!A9 -> 45962
A3: Tgl | B3: Grade | C3: Ply | D3: Kombinasi Pot. | E3: Lebar Trim | F3: Jml Turunan | G3: Lebar x Turunan | H3: Rata-rata | I3: PHP PM
A4: =+B1 -> 45962 | B4: T 13,5 | C4: 2 | D4: 274*1 | E4: =274*1 -> 274 | F4: =5+7+11+5+23 -> 51 | G4: =+E4*F4 -> 13974 | H4: =+G4/F4 -> 274 | I4: =+'1'!I38 -> 42.54
B5: T 14 | C5: 2 | D5: 274*1 | E5: =274*1 -> 274 | F5: 10 | G5: =+E5*F5 -> 2740 | H5: =+G5/F5 -> 274
A7: 45963 | B7: T 13,5 | C7: 2 | D7: 274*1 | E7: =274*1 -> 274 | F7: =23+23 -> 46 | G7: =+E7*F7 -> 12604 | H7: =+G7/F7 -> 274 | I7: =+'2'!I38 -> 48.241
B8: T 14 | C8: 2 | D8: 137*2 | E8: =137*2 -> 274 | F8: =60/2 -> 30 | G8: =+E8*F8 -> 8220 | H8: =+G8/F8 -> 274
A10: 45964 | B10: T 14 | C10: 2 | D10: 137*2 | E10: =137*2 -> 274 | F10: 22 | G10: =+E10*F10 -> 6028 | H10: =+SUM(G10:G11)/SUM(F10:F11) -> 271.94286 | I10: =+'3'!I38 -> 49.679
B11: T 14 | C11: 2 | D11: 271*1 | E11: =271*1 -> 271 | F11: =2+23+23 -> 48 | G11: =+E11*F11 -> 13008
A13: 45965 | B13: T 14 | C13: 2 | D13: 271*1 | E13: =271*1 -> 271 | F13: =24+8 -> 32 | G13: =+E13*F13 -> 8672 | H13: =+G13/F13 -> 271 | I13: =+'4'!I38 -> 51.657
B14: T 15 | C14: 2 | D14: 274*1 | E14: =274*1 -> 274 | F14: =17+23 -> 40 | G14: =+E14*F14 -> 10960 | H14: =+G14/F14 -> 274
A16: 45966 | B16: T 15 | C16: 2 | D16: 274*1 | E16: =274*1 -> 274 | F16: 8 | G16: =+E16*F16 -> 2192 | H16: =+G16/F16 -> 274 | I16: =+'5'!I38 -> 30.388
B17: T 13,5 | C17: 2 | D17: 274*1 | E17: =274*1 -> 274 | F17: 2 | G17: =+E17*F17 -> 548 | H17: =+G17/F17 -> 274
B18: TW 29 | C18: 2 | D18: 256,5*1 | E18: =256.5*1 -> 256.5 | F18: 18 | G18: =+E18*F18 -> 4617 | H18: =+G18/F18 -> 256.5 | J18: 1336+864
B19: TW 20 | C19: 2 | D19: 256,5*1 | E19: =256.5*1 -> 256.5 | F19: 0 | G19: =+E19*F19 -> 0 | H19: =+E19 -> 256.5
A21: 45967 | B21: TW 20 | C21: 2 | D21: 256,5*1 | E21: =256.5*1 -> 256.5 | F21: =52-16 -> 36 | G21: =+E21*F21 -> 9234 | H21: =+SUM(G21:G22)/SUM(F21:F22) -> 260.65385 | I21: =+'6'!I38 -> 58.854
B22: TW 20 | C22: 2 | D22: 270*1 | E22: =270*1 -> 270 | F22: 16 | G22: =+E22*F22 -> 4320
A24: 45968 | B24: TW 20 | C24: 2 | D24: 270*1 | E24: =270*1 -> 270 | F24: =18+20+10 -> 48 | G24: =+E24*F24 -> 12960 | H24: =+G24/F24 -> 270 | I24: =+'7'!I38 -> 58.433
B25: TW 19 | C25: 2 | D25: 126*2+16 | E25: =126*2+16 -> 268 | F25: 9 | G25: =+E25*F25 -> 2412 | H25: =+G25/F25 -> 268
A27: 45969 | B27: TW 19 | C27: 2 | D27: 126*2+16 | E27: =126*2+16 -> 268 | F27: 11 | G27: =+E27*F27 -> 2948 | H27: =+G27/F27 -> 268 | I27: =+'8'!I38 -> 53.438
B28: TW 17 | C28: 2 | D28: 127*2 | E28: =127*2 -> 254 | F28: 24 | G28: =+E28*F28 -> 6096 | H28: =+SUM(G28:G29)/SUM(F28:F29) -> 263.09091
B29: TW 17 | C29: 2 | D29: 274*1 | E29: =274*1 -> 274 | F29: =4+8+8 -> 20 | G29: =+E29*F29 -> 5480
A31: 45970 | B31: TW 17 | C31: 2 | D31: 127*2 | E31: =127*2 -> 254 | F31: =32/2 -> 16 | G31: =+E31*F31 -> 4064 | H31: =+SUM(G31:G32)/SUM(F31:F32) -> 262.96552 | I31: =+'9'!I38 -> 49.893
B32: TW 17 | C32: 2 | D32: 274*1 | E32: =274*1 -> 274 | F32: 13 | G32: =+E32*F32 -> 3562
B33: F 14 | C33: 2 | D33: 133*2 | E33: =133*2 -> 266 | F33: =32/2 -> 16 | G33: =+E33*F33 -> 4256 | H33: =+G33/F33 -> 266
B34: T 16,5 | C34: 2 | D34: 267*1 | E34: =267*1 -> 267 | F34: 14 | G34: =+E34*F34 -> 3738 | H34: =+G34/F34 -> 267
B35: T 13,5 | C35: 2 | D35: 274*1 | E35: =274*1 -> 274 | F35: 4 | G35: =+E35*F35 -> 1096 | H35: =+G35/F35 -> 274
A37: 45971 | B37: T 13,5 | C37: 2 | D37: 274*1 | E37: =274*1 -> 274 | F37: =26+26+25 -> 77 | G37: =+E37*F37 -> 21098 | H37: =+SUM(G37:G38)/SUM(F37:F38) -> 274 | I37: =+'10'!I38 -> 51.384
B38: T 13,5 | C38: 2 | D38: 137*2 | E38: =137*2 -> 274 | F38: 1 | G38: =+E38*F38 -> 274
A40: 45972 | B40: T 13,5 | C40: 2 | D40: 274*1 | E40: =274*1 -> 274 | F40: 76 | G40: =+E40*F40 -> 20824 | H40: =+G40/F40 -> 274 | I40: =+'11'!I38 -> 52.558
A42: 45973 | B42: T 13,5 | C42: 2 | D42: 274*1 | E42: =274*1 -> 274 | F42: 72 | G42: =+E42*F42 -> 19728 | H42: =+G42/F42 -> 274 | I42: =+'12'!I38 -> 50.789
A44: 45974 | B44: T 13,5 | C44: 2 | D44: 274*1 | E44: =274*1 -> 274 | F44: 45 | G44: =+E44*F44 -> 12330 | H44: =+G44/F44 -> 274 | I44: =+'13'!I38 -> 38.309
A46: 45975 | B46: T 13,5 | C46: 2 | D46: 274*1 | E46: =274*1 -> 274 | F46: 27 | G46: =+E46*F46 -> 7398 | H46: =+G46/F46 -> 274 | I46: =+'14'!I38 -> 48.929
B47: T 15,5 | C47: 2 | D47: 269,5*1 | E47: =269.5*1 -> 269.5 | F47: =79-F46 -> 52 | G47: =+E47*F47 -> 14014 | H47: =+G47/F47 -> 269.5
A49: 45976 | B49: T 15,5 | C49: 2 | D49: 269,5*1 | E49: =269.5*1 -> 269.5 | F49: 75 | G49: =+E49*F49 -> 20212.5 | H49: =+G49/F49 -> 269.5 | I49: =+'15'!I38 -> 51.455
A51: 45977 | B51: T 15,5 | C51: 2 | D51: 269,5*1 | E51: =269.5*1 -> 269.5 | F51: 77 | G51: =+E51*F51 -> 20751.5 | H51: =+G51/F51 -> 269.5 | I51: =+'16'!I38 -> 54.107
B52: T 16 | C52: 2 | D52: 274*1 | E52: =274*1 -> 274 | F52: 0 | G52: 0 | H52: =+E52 -> 274
A54: 45978 | B54: T 15,5 | C54: 2 | D54: 269,5*1 | E54: =269.5*1 -> 269.5 | F54: 4 | G54: =+E54*F54 -> 1078 | H54: =+SUM(G54:G55)/SUM(F54:F55) -> 261.59649 | I54: =+'17'!I38 -> 53.837
B55: T 15,5 | C55: 2 | D55: 261*1 | E55: =261*1 -> 261 | F55: =25+25+3 -> 53 | G55: =+E55*F55 -> 13833
B56: T 16 | C56: 2 | D56: 274*1 | E56: =274*1 -> 274 | F56: 15 | G56: =+E56*F56 -> 4110 | H56: =+G56/F56 -> 274
A58: 45979 | B58: T 15,5 | C58: 2 | D58: 261*1 | E58: =261*1 -> 261 | F58: =14+5+26 -> 45 | G58: =+E58*F58 -> 11745 | H58: =+G58/F58 -> 261 | I58: =+'18'!I38 -> 45.822
B59: T 16 | C59: 2 | D59: 274*1 | E59: =274*1 -> 274 | F59: =9+8 -> 17 | G59: =+E59*F59 -> 4658 | H59: =+G59/F59 -> 274
A61: 45980 | B61: T 15,5 | C61: 2 | D61: 261*1 | E61: =261*1 -> 261 | F61: =26+23+5 -> 54 | G61: =+E61*F61 -> 14094 | H61: =+SUM(G61:G62)/SUM(F61:F62) -> 260.02174 | I61: =+'19'!I38 -> 51.887
B62: T 15,5 | C62: 2 | D62: 256,5*1 | E62: =256.5*1 -> 256.5 | F62: =1+14 -> 15 | G62: =+E62*F62 -> 3847.5
A64: 45981 | B64: T 15,5 | C64: 2 | D64: 261*1 | E64: =261*1 -> 261 | F64: 8 | G64: =+E64*F64 -> 2088 | H64: =+G64/F64 -> 261 | I64: =+'20'!I38 -> 55.745
B65: T 16 | C65: 2 | D65: 256,5*1 | E65: =256.5*1 -> 256.5 | F65: =3+15 -> 18 | G65: =+E65*F65 -> 4617 | H65: =+G65/F65 -> 256.5
B66: T 19 | C66: 2 | D66: 271*1 | E66: =271*1 -> 271 | F66: =20+20 -> 40 | G66: =+E66*F66 -> 10840 | H66: =+G66/F66 -> 271
A68: 45982 | B68: T 19 | C68: 2 | D68: 271*1 | E68: =271*1 -> 271 | F68: =21+19 -> 40 | G68: =+E68*F68 -> 10840 | H68: =+G68/F68 -> 271 | I68: =+'21'!I38 -> 55.605
B69: T 20 | C69: 2 | D69: 120+140 | E69: =120+140 -> 260 | F69: 26 | G69: =+E69*F69 -> 6760 | H69: =+G69/F69 -> 260
A71: 45983 | B71: T 20 | C71: 2 | D71: 120+140 | E71: =120+140 -> 260 | F71: 16 | G71: =+E71*F71 -> 4160 | H71: =+G71/F71 -> 260 | I71: =+'22'!I38 -> 49.744
B72: T 15 | C72: 2 | D72: 137*2 | E72: =137*2 -> 274 | F72: =6+26+22 -> 54 | G72: =+E72*F72 -> 14796 | H72: =+SUM(G72:G73)/SUM(F72:F73) -> 273.68182
B73: T 15 | C73: 2 | D73: 256,5*1 | E73: =256.5*1 -> 256.5 | F73: 1 | G73: =+E73*F73 -> 256.5
A75: 45984 | B75: T 15 | C75: 2 | D75: 256,5*1 | E75: =256.5*1 -> 256.5 | F75: 20 | G75: =+E75*F75 -> 5130 | H75: =+SUM(G75:G76)/SUM(F75:F76) -> 268.35484 | I75: =+'23'!I38 -> 49.149
B76: T 15 | C76: 2 | D76: 274*1 | E76: =274*1 -> 274 | F76: =18+24 -> 42 | G76: =+E76*F76 -> 11508
A78: 45985 | B78: T 15 | C78: 2 | D78: 274*1 | E78: =274*1 -> 274 | F78: 72 | G78: =+E78*F78 -> 19728 | H78: =+G78/F78 -> 274 | I78: =+'24'!I38 -> 52.41
A80: 45986 | B80: T 15 | C80: 2 | D80: 274*1 | E80: =274*1 -> 274 | F80: 14 | G80: =+E80*F80 -> 3836 | H80: =+G80/F80 -> 274 | I80: =+'25'!I38 -> 49.208
B81: T 13,5 | C81: 2 | D81: 256,5*1 | E81: =256.5*1 -> 256.5 | F81: =6+21+19 -> 46 | G81: =+E81*F81 -> 11799 | H81: =+G81/F81 -> 256.5
A83: 45987 | B83: T 13,5 | C83: 2 | D83: 256,5*1 | E83: =256.5*1 -> 256.5 | F83: =17+19+18 -> 54 | G83: =+E83*F83 -> 13851 | H83: =+G83/F83 -> 256.5 | I83: =+'26'!I38 -> 49.229
A85: 45988 | B85: T 13,5 | C85: 2 | D85: 274*1 | E85: =274*1 -> 274 | F85: =2+8+6 -> 16 | G85: =+E85*F85 -> 4384 | H85: =+SUM(G85:G86)/SUM(F85:F86) -> 268.16667 | I85: =+'27'!I38 -> 43.781
B86: T 13,5 | C86: 2 | D86: 256,5*1 | E86: =256.5*1 -> 256.5 | F86: 8 | G86: =+E86*F86 -> 2052
A88: 45989 | B88: T 13,5 | C88: 2 | D88: 274*1 | E88: =274*1 -> 274 | F88: 26 | G88: =+E88*F88 -> 7124 | H88: =+G88/F88 -> 274 | I88: =+'28'!I38 -> 54.042
A90: 45990 | B90: T 13,5 | C90: 2 | D90: 274*1 | E90: =274*1 -> 274 | F90: 24 | G90: =+E90*F90 -> 6576 | H90: =+G90/F90 -> 274 | I90: =+'29'!I38 -> 53.959
A92: 45991 | B92: T 13,5 | C92: 2 | D92: 274*1 | E92: =274*1 -> 274 | F92: =7+4+7+1 -> 19 | G92: =+E92*F92 -> 5206 | H92: =+G92/F92 -> 274 | I92: =+'30'!I38 -> 50.937
B93: T 14 | C93: 2 | D93: 271*1 | E93: =271*1 -> 271 | F93: =6+11 -> 17 | G93: =+E93*F93 -> 4607 | H93: =+G93/F93 -> 271

Sheet Efficiency1
A1: PM15 Efficiency Report
A3: Date | B3: Grade | C3: Speed real (ton) with Available Time | D3: Colour | E3: gsm | F3: Ply | G3: Standard | L3: Real Running | O3: Trim Rewinder (cm) | P3: Trim Rewinder x Running Time | Q3: Available Time (mnt) | R3: Down Time (mnt) | S3: Loss Time (mnt) | T3: Real Speed & Real Creepe Ratio with Available Time (ton) | U3: Real Speed & Real Creepe Ratio setelah dipotong DT & LT (ton) | V3: Loss tonase akibat DT + LT dari hitungan Teori with available time (ton) | W3: Accepted (ton) | X3: Real Eff dr Target Eff | Y3: Backlog | Z3: Reject Rewinder (ton) | AA3: Estimasi Reject to Broke Plant (ton) | AB3: Estimasi Faktor BW (ton) | AC3: Loss Opportunity in Speed (ton) | AD3: Downtime/ Losstime | AE3: Reason of Downtime / Losstime | AF3: Loss Time | AM3: Total Losstime | AN3: Unschedule Shut Down (mnt) | AS3: Schedule Shut Down | AT3: Marketing | AV3: EXT FACTOR | AX3: EXT FACTOR | AZ3: MANAGEMENT | BA3: Total Down Time | BB3: Freq. Sheets Break (X) | BC3: Freq. Change Blade (X) | BD3: Steam, & gangguan sinergy (X) | BE3: Freq, Trip PLN (X) | BF3: Cleaning Holes (X)
AF4: Proses | AI4: Change Grade/Cleaning | AJ4: Mekanik | AK4: Electric & Instrument | AL4: Boiler | AN4: Down Time Produksi | AO4: Mekanik | AP4: Electrical & Instrument | AQ4: Boiler | AR4: Total Unschedule Shut Down | AV4: LOSS | AW4: DOWN TIME | AX4: LOSS | AY4: DOWN TIME
G5: Yankee Speed (mpm) | H5: Max % Creeping | I5: Target Eff | J5: Kapasitas PM-Teori (ton) | K5: Teori (ton) with Available Time | L5: Yankee Speed (mpm) | M5: Popereel Speed (mpm) | N5: % Creeping | AF5: sheet break | AG5: change blade | AH5: change spool | AT5: Loss time | AU5: Down Time | AV5: SINERGY | AW5: SINERGY | AX5: PLN | AY5: PLN
A6: =+Report1!A9 -> 45962 | B6: Toilet | C6: =(M6*E6*O6*Q6)/100000000 -> 3.9742303 | D6: RC HW | E6: 14 | F6: 1 | G6: 1295 | H6: =+N6 -> 0.23 | I6: 0.88 | J6: =E6*G6*(1-H6)*1440/1000000*2.74 -> 55.080971 | K6: =(IF(G6<L6,L6,G6)*(1-IF(H6<N6,H6,N6))*E6*O6*Q6)/100000000 -> 4.3988275 | L6: 1170 | M6: 900.9 | N6: =1-(M6/L6) -> 0.23 | O6: =+'Trim Rwd'!H5 -> 274 | P6: =O6*(Q6-R6-S6) -> 26578 | Q6: 115 | R6: 0 | S6: 18 | T6: =E6*M6*O6*Q6/100000000 -> 3.9742303 | U6: =E6*M6*O6*(Q6-R6-S6)/100000000 -> 3.3521768 | V6: =E6*G6*(1-N6)*O6/100*(R6+S6)/1000000 -> 0.68851213 | W6: =+'1'!K8/1000 -> 7.017 | X6: =SUM(W6:W9)/SUM(K6:K9) -> 0.72220006 | Y6: 0 | Z6: 0 | AA6: =SUM(U6:U9)-SUM(W6:W9)-SUM(Z6:Z9)-SUM(Y6:Y9) -> 2.75351 | AB6: =(SUM(K6:K9)-SUM(W6:W9)-SUM(Y6:Y9)-SUM(Z6:Z9)-SUM(AC6:AC9)-SUM(V6:V9))-AA6 -> -0.80389189 | AC6: =K6-T6 -> 0.42459725 | AD6: =+AM6+BA6 -> 0 | AE6: - Sheet Breaks (0x) | AF6: 0 | AM6: =SUM(AF6:AL6)+AT6 -> 0 | AR6: =SUM(AN6:AQ6) -> 0 | BA6: =+AR6+AS6+AU6+AV6+AX6 -> 0 | BB6: 0 | BF6: 2
B7: Toilet | C7: =(M7*E7*O7*Q7)/100000000 -> 45.011378 | D7: RC HW | E7: 13.5 | F7: 1 | G7: 1345 | H7: =+N7 -> 0.23 | I7: 0.88 | J7: =E7*G7*(1-H7)*1440/1000000*2.74 -> 55.164519 | K7: =(IF(G7<L7,L7,G7)*(1-IF(H7<N7,H7,N7))*E7*O7*Q7)/100000000 -> 50.759019 | L7: 1192.7004 | M7: 918.37932 | N7: =1-(M7/L7) -> 0.23 | O7: =+'Trim Rwd'!H4 -> 274 | P7: =O7*(Q7-R7-S7) -> 316470 | Q7: =1185+140 -> 1325 | R7: =25+115 -> 140 | S7: 30 | T7: =E7*M7*O7*Q7/100000000 -> 45.011378 | U7: =E7*M7*O7*(Q7-R7-S7)/100000000 -> 39.236333 | V7: =E7*G7*(1-N7)*O7/100*(R7+S7)/1000000 -> 6.5124779 | W7: =+'1'!K7/1000 -> 32.818 | AC7: =K7-T7 -> 5.747641 | AD7: =+AM7+BA7 -> 10 | AE7: - Change Blade (11x) | AG7: 10 | AM7: =SUM(AF7:AL7)+AT7 -> 10 | AR7: =SUM(AN7:AQ7) -> 0 | BA7: =+AR7+AS7+AU7+AV7+AX7 -> 0 | BC7: 11
AD8: =+AM8+BA8 -> 23 | AE8: - Change Spool (28x) | AH8: 23 | AM8: =SUM(AF8:AL8)+AT8 -> 23 | AR8: =SUM(AN8:AQ8) -> 0 | BA8: =+AR8+AS8+AU8+AV8+AX8 -> 0
AD9: =+AM9+BA9 -> 15 | AE9: - Cleaning | AI9: 15 | AM9: =SUM(AF9:AL9)+AT9 -> 15 | AR9: =SUM(AN9:AQ9) -> 0 | BA9: =+AR9+AS9+AU9+AV9+AX9 -> 0
AD10: =+AM10+BA10 -> 140 | AE10: - 14.35 Pm stop, cleaning sambil jalan TDK ada perubahan. | AM10: =SUM(AF10:AL10)+AT10 -> 0 | AN10: 140 | AR10: =SUM(AN10:AQ10) -> 140 | BA10: =+AR10+AS10+AU10+AV10+AX10 -> 140
A12: 45963 | B12: Toilet | C12: =(M12*E12*O12*Q12)/100000000 -> 25.227343 | D12: RC HW | E12: 13.5 | F12: 1 | G12: 1345 | H12: =+N12 -> 0.23 | I12: 0.88 | J12: =E12*G12*(1-H12)*1440/1000000*2.74 -> 55.164519 | K12: =(IF(G12<L12,L12,G12)*(1-IF(H12<N12,H12,N12))*E12*O12*Q12)/100000000 -> 27.812111 | L12: 1220 | M12: 939.4 | N12: =1-(M12/L12) -> 0.23 | O12: =+'Trim Rwd'!H7 -> 274 | P12: =O12*(Q12-R12-S12) -> 192622 | Q12: 726 | R12: 0 | S12: 23 | T12: =E12*M12*O12*Q12/100000000 -> 25.227343 | U12: =E12*M12*O12*(Q12-R12-S12)/100000000 -> 24.428129 | V12: =E12*G12*(1-N12)*O12/100*(R12+S12)/1000000 -> 0.88109995 | W12: =+'2'!K7/1000 -> 28.511 | X12: =SUM(W12:W15)/SUM(K12:K15) -> 0.89075191 | Y12: 0 | Z12: 0 | AA12: =SUM(U12:U15)-SUM(W12:W15)-SUM(Z12:Z15)-SUM(Y12:Y15) -> 0.22124705 | AB12: =(SUM(K12:K15)-SUM(W12:W15)-SUM(Y12:Y15)-SUM(Z12:Z15)-SUM(AC12:AC15)-SUM(V12:V15))-AA12 -> -0.13196996 | AC12: =K12-T12 -> 2.5847687 | AD12: =+AM12+BA12 -> 0 | AE12: - Sheet Breaks (0x) | AF12: 0 | AM12: =SUM(AF12:AL12)+AT12 -> 0 | AR12: =SUM(AN12:AQ12) -> 0 | BA12: =+AR12+AS12+AU12+AV12+AX12 -> 0 | BB12: 0
B13: Toilet | C13: =(M13*E13*O13*Q13)/100000000 -> 25.685549 | D13: RC HW | E13: 14 | F13: 1 | G13: 1295 | H13: =+N13 -> 0.23 | I13: 0.88 | J13: =E13*G13*(1-H13)*1440/1000000*2.74 -> 55.080971 | K13: =(IF(G13<L13,L13,G13)*(1-IF(H13<N13,H13,N13))*E13*O13*Q13)/100000000 -> 27.310981 | L13: 1217.9272 | M13: 937.80392 | N13: =1-(M13/L13) -> 0.23 | O13: =+'Trim Rwd'!H8 -> 274 | P13: =O13*(Q13-R13-S13) -> 189608 | Q13: 714 | R13: 0 | S13: 22 | T13: =E13*M13*O13*Q13/100000000 -> 25.685549 | U13: =E13*M13*O13*(Q13-R13-S13)/100000000 -> 24.894118 | V13: =E13*G13*(1-N13)*O13/100*(R13+S13)/1000000 -> 0.84151483 | W13: =+'2'!K8/1000 -> 20.59 | AC13: =K13-T13 -> 1.6254321 | AD13: =+AM13+BA13 -> 12 | AE13: - Change Blade (10x) | AG13: 12 | AM13: =SUM(AF13:AL13)+AT13 -> 12 | AR13: =SUM(AN13:AQ13) -> 0 | BA13: =+AR13+AS13+AU13+AV13+AX13 -> 0 | BC13: 10
AD14: =+AM14+BA14 -> 23 | AE14: - Change Spool (28x) | AH14: 23 | AM14: =SUM(AF14:AL14)+AT14 -> 23 | AR14: =SUM(AN14:AQ14) -> 0 | BA14: =+AR14+AS14+AU14+AV14+AX14 -> 0
AD15: =+AM15+BA15 -> 10 | AE15: - Cleaning | AI15: 10 | AM15: =SUM(AF15:AL15)+AT15 -> 10 | AR15: =SUM(AN15:AQ15) -> 0 | BA15: =+AR15+AS15+AU15+AV15+AX15 -> 0
A17: 45964 | B17: Toilet | C17: =(M17*E17*O17*Q17)/100000000 -> 51.642079 | D17: RC HW | E17: 14 | F17: 1 | G17: 1295 | H17: =+N17 -> 0.23 | I17: 0.88 | J17: =E17*G17*(1-H17)*1440/1000000*2.74 -> 55.080971 | K17: =(IF(G17<L17,L17,G17)*(1-IF(H17<N17,H17,N17))*E17*O17*Q17)/100000000 -> 54.667433 | L17: 1223.3333 | M17: 941.96667 | N17: =1-(M17/L17) -> 0.23 | O17: =+'Trim Rwd'!H10 -> 271.94286 | P17: =O17*(Q17-R17-S17) -> 375825.03 | Q17: 1440 | R17: 0 | S17: 58 | T17: =E17*M17*O17*Q17/100000000 -> 51.642079 | U17: =E17*M17*O17*(Q17-R17-S17)/100000000 -> 49.562051 | V17: =E17*G17*(1-N17)*O17/100*(R17+S17)/1000000 -> 2.2018827 | W17: =+'3'!K8/1000 -> 48.119 | X17: =SUM(W17:W20)/SUM(K17:K20) -> 0.88021328 | Y17: =+SUM(RBP!AG8:AG9) -> 0 | Z17: 0 | AA17: =SUM(U17:U20)-SUM(W17:W20)-SUM(Z17:Z20)-SUM(Y17:Y20) -> 1.4430509 | AB17: =(SUM(K17:K20)-SUM(W17:W20)-SUM(Y17:Y20)-SUM(Z17:Z20)-SUM(AC17:AC20)-SUM(V17:V20))-AA17 -> -0.12185451 | AC17: =K17-T17 -> 3.0253534 | AD17: =+AM17+BA17 -> 0 | AE17: - Sheet Breaks (0x) | AF17: 0 | AM17: =SUM(AF17:AL17)+AT17 -> 0 | AR17: =SUM(AN17:AQ17) -> 0 | BA17: =+AR17+AS17+AU17+AV17+AX17 -> 0 | BB17: 0
AC18: =K18-T18 -> 0 | AD18: =+AM18+BA18 -> 13 | AE18: - Change Blade (14x) | AG18: 13 | AM18: =SUM(AF18:AL18)+AT18 -> 13 | AR18: =SUM(AN18:AQ18) -> 0 | BA18: =+AR18+AS18+AU18+AV18+AX18 -> 0 | BC18: 14
AD19: =+AM19+BA19 -> 22 | AE19: - Change Spool (28x) | AH19: 22 | AM19: =SUM(AF19:AL19)+AT19 -> 22 | AR19: =SUM(AN19:AQ19) -> 0 | BA19: =+AR19+AS19+AU19+AV19+AX19 -> 0
AD20: =+AM20+BA20 -> 23 | AE20: - Cleaning | AI20: 23 | AM20: =SUM(AF20:AL20)+AT20 -> 23 | AR20: =SUM(AN20:AQ20) -> 0 | BA20: =+AR20+AS20+AU20+AV20+AX20 -> 0
A22: 45965 | B22: Toilet | C22: =(M22*E22*O22*Q22)/100000000 -> 17.966487 | D22: RC HW | E22: 14 | F22: 1 | G22: 1295 | H22: =+N22 -> 0.23 | I22: 0.88 | J22: =E22*G22*(1-H22)*1440/1000000*2.74 -> 55.080971 | K22: =(IF(G22<L22,L22,G22)*(1-IF(H22<N22,H22,N22))*E22*O22*Q22)/100000000 -> 18.915935 | L22: 1230 | M22: 947.1 | N22: =1-(M22/L22) -> 0.23 | O22: =+'Trim Rwd'!H13 -> 271 | P22: =O22*(Q22-R22-S22) -> 129538 | Q22: 500 | R22: 0 | S22: 22 | T22: =E22*M22*O22*Q22/100000000 -> 17.966487 | U22: =E22*M22*O22*(Q22-R22-S22)/100000000 -> 17.175962 | V22: =E22*G22*(1-N22)*O22/100*(R22+S22)/1000000 -> 0.83230116 | W22: =+'4'!K8/1000 -> 22.055 | X22: =SUM(W22:W25)/SUM(K22:K25) -> 0.92179422 | Y22: 0 | Z22: 0 | AA22: =SUM(U22:U25)-SUM(W22:W25)-SUM(Z22:Z25)-SUM(Y22:Y25) -> 0.49532843 | AB22: =(SUM(K22:K25)-SUM(W22:W25)-SUM(Y22:Y25)-SUM(Z22:Z25)-SUM(AC22:AC25)-SUM(V22:V25))-AA22 -> -0.069477783 | AC22: =K22-T22 -> 0.9494485 | AD22: =+AM22+BA22 -> 0 | AE22: - Sheet Breaks (0x) | AF22: 0 | AM22: =SUM(AF22:AL22)+AT22 -> 0 | AR22: =SUM(AN22:AQ22) -> 0 | BA22: =+AR22+AS22+AU22+AV22+AX22 -> 0 | BB22: 0
B23: Toilet | C23: =(M23*E23*O23*Q23)/100000000 -> 35.189619 | D23: RC HW | E23: 15 | F23: 1 | G23: 1200 | H23: =+N23 -> 0.2249138 | I23: 0.88 | J23: =E23*G23*(1-H23)*1440/1000000*2.74 -> 55.047242 | K23: =(IF(G23<L23,L23,G23)*(1-IF(H23<N23,H23,N23))*E23*O23*Q23)/100000000 -> 35.933616 | L23: 1175.1543 | M23: 910.84585 | N23: =1-(M23/L23) -> 0.2249138 | O23: =+'Trim Rwd'!H14 -> 274 | P23: =O23*(Q23-R23-S23) -> 247970 | Q23: 940 | R23: 0 | S23: 35 | T23: =E23*M23*O23*Q23/100000000 -> 35.189619 | U23: =E23*M23*O23*(Q23-R23-S23)/100000000 -> 33.879367 | V23: =E23*G23*(1-N23)*O23/100*(R23+S23)/1000000 -> 1.3379538 | W23: =+'4'!K9/1000 -> 28.505 | AC23: =K23-T23 -> 0.74399788 | AD23: =+AM23+BA23 -> 12 | AE23: - Change Blade (15x) | AG23: 12 | AM23: =SUM(AF23:AL23)+AT23 -> 12 | AR23: =SUM(AN23:AQ23) -> 0 | BA23: =+AR23+AS23+AU23+AV23+AX23 -> 0 | BC23: 15
AD24: =+AM24+BA24 -> 22 | AE24: - Change Spool (29x) | AH24: 22 | AM24: =SUM(AF24:AL24)+AT24 -> 22 | AR24: =SUM(AN24:AQ24) -> 0 | BA24: =+AR24+AS24+AU24+AV24+AX24 -> 0
AD25: =+AM25+BA25 -> 23 | AE25: - Cleaning | AI25: 23 | AM25: =SUM(AF25:AL25)+AT25 -> 23 | AR25: =SUM(AN25:AQ25) -> 0 | BA25: =+AR25+AS25+AU25+AV25+AX25 -> 0
A27: 45966 | B27: Toilet | C27: =(M27*E27*O27*Q27)/100000000 -> 0.67218228 | D27: RC HW | E27: 15 | F27: 1 | G27: 1210 | H27: =+N27 -> 0.23 | I27: 0.88 | J27: =E27*G27*(1-H27)*1440/1000000*2.74 -> 55.141733 | K27: =(IF(G27<L27,L27,G27)*(1-IF(H27<N27,H27,N27))*E27*O27*Q27)/100000000 -> 0.68927166 | L27: 1180 | M27: 908.6 | N27: =1-(M27/L27) -> 0.23 | O27: =+'Trim Rwd'!H16 -> 274 | P27: =O27*(Q27-R27-S27) -> 4110 | Q27: 18 | R27: 0 | S27: 3 | T27: =E27*M27*O27*Q27/100000000 -> 0.67218228 | U27: =E27*M27*O27*(Q27-R27-S27)/100000000 -> 0.5601519 | V27: =E27*G27*(1-N27)*O27/100*(R27+S27)/1000000 -> 0.11487861 | W27: =+'5'!K9/1000 -> 5.733 | X27: =SUM(W27:W30)/SUM(K27:K30) -> 0.54867609 | Y27: 0 | Z27: 0 | AA27: =SUM(U27:U30)-SUM(W27:W30)-SUM(Z27:Z30)-SUM(Y27:Y30) -> -1.9218618 | AB27: =(SUM(K27:K30)-SUM(W27:W30)-SUM(Y27:Y30)-SUM(Z27:Z30)-SUM(AC27:AC30)-SUM(V27:V30))-AA27 -> -1.8712633 | AC27: =K27-T27 -> 0.01708938 | AD27: =+AM27+BA27 -> 0 | AE27: - Sheet Breaks (0x) | AF27: 0 | AM27: =SUM(AF27:AL27)+AT27 -> 0 | AR27: =SUM(AN27:AQ27) -> 0 | BA27: =+AR27+AS27+AU27+AV27+AX27 -> 0 | BB27: 0 | BF27: 1
B28: Toilet | C28: =(M28*E28*O28*Q28)/100000000 -> 15.724793 | D28: RC HW | E28: 13.5 | F28: 1 | G28: 1345 | H28: =+N28 -> 0.23 | I28: 0.88 | J28: =E28*G28*(1-H28)*1440/1000000*2.74 -> 55.164519 | K28: =(IF(G28<L28,L28,G28)*(1-IF(H28<N28,H28,N28))*E28*O28*Q28)/100000000 -> 17.698616 | L28: 1195 | M28: 920.15 | N28: =1-(M28/L28) -> 0.23 | O28: =+'Trim Rwd'!H17 -> 274 | P28: =O28*(Q28-R28-S28) -> 9042 | Q28: =47+415 -> 462 | R28: 415 | S28: 14 | T28: =E28*M28*O28*Q28/100000000 -> 15.724793 | U28: =E28*M28*O28*(Q28-R28-S28)/100000000 -> 1.1231995 | V28: =E28*G28*(1-N28)*O28/100*(R28+S28)/1000000 -> 16.43443 | W28: =+'5'!K7/1000 -> 1.254 | AC28: =K28-T28 -> 1.9738234 | AD28: =+AM28+BA28 -> 7 | AE28: - Change Blade (6x) | AG28: 7 | AM28: =SUM(AF28:AL28)+AT28 -> 7 | AR28: =SUM(AN28:AQ28) -> 0 | BA28: =+AR28+AS28+AU28+AV28+AX28 -> 0 | BC28: 6
B29: Towel | C29: =(M29*E29*O29*Q29)/100000000 -> 30.237393 | D29: RC HW | E29: 29 | F29: 1 | G29: 565 | H29: =+N29 -> 0.15 | I29: 0.88 | J29: =E29*G29*(1-H29)*1440/1000000*2.74 -> 54.951358 | K29: =(IF(G29<L29,L29,G29)*(1-IF(H29<N29,H29,N29))*E29*O29*Q29)/100000000 -> 30.436334 | L29: 561.30699 | M29: 477.11094 | N29: =1-(M29/L29) -> 0.15 | O29: =+'Trim Rwd'!H18 -> 256.5 | P29: =O29*(Q29-R29-S29) -> 163647 | Q29: =658+194 -> 852 | R29: 194 | S29: 20 | T29: =E29*M29*O29*Q29/100000000 -> 30.237393 | U29: =E29*M29*O29*(Q29-R29-S29)/100000000 -> 22.642555 | V29: =E29*G29*(1-N29)*O29/100*(R29+S29)/1000000 -> 7.6448068 | W29: =+'5'!K10/1000 -> 21.998 | Z29: =+'5'!D25/1000 -> 0.858 | AC29: =K29-T29 -> 0.19894099 | AD29: =+AM29+BA29 -> 18 | AE29: - Change Spool (17x) | AH29: 18 | AM29: =SUM(AF29:AL29)+AT29 -> 18 | AR29: =SUM(AN29:AQ29) -> 0 | BA29: =+AR29+AS29+AU29+AV29+AX29 -> 0
B30: Towel | C30: =(M30*E30*O30*Q30)/100000000 -> 4.002939 | D30: RC HW | E30: 20 | F30: 1 | G30: 820 | H30: =+N30 -> 0.15 | I30: 0.88 | J30: =E30*G30*(1-H30)*1440/1000000*2.74 -> 55.001664 | K30: =(IF(G30<L30,L30,G30)*(1-IF(H30<N30,H30,N30))*E30*O30*Q30)/100000000 -> 4.002939 | L30: 850 | M30: 722.5 | N30: =1-(M30/L30) -> 0.15 | O30: =+'Trim Rwd'!H19 -> 256.5 | P30: =O30*(Q30-R30-S30) -> 24880.5 | Q30: 108 | R30: 0 | S30: =48-S27-S28-S29 -> 11 | T30: =E30*M30*O30*Q30/100000000 -> 4.002939 | U30: =E30*M30*O30*(Q30-R30-S30)/100000000 -> 3.5952323 | V30: =E30*G30*(1-N30)*O30/100*(R30+S30)/1000000 -> 0.3933171 | W30: =+'4'!K16/1000 -> 0 | AC30: =K30-T30 -> 0 | AD30: =+AM30+BA30 -> 23 | AE30: - Cleaning | AI30: 23 | AM30: =SUM(AF30:AL30)+AT30 -> 23 | AR30: =SUM(AN30:AQ30) -> 0 | BA30: =+AR30+AS30+AU30+AV30+AX30 -> 0
AD31: =+AM31+BA31 -> 609 | AE31: - 08.05 pm 15 stop ganti felt | AM31: =SUM(AF31:AL31)+AT31 -> 0 | AR31: =SUM(AN31:AQ31) -> 0 | AS31: 609 | BA31: =+AR31+AS31+AU31+AV31+AX31 -> 609
A33: 45967 | B33: Towel | C33: =(M33*E33*O33*Q33)/100000000 -> 55.832054 | D33: RC HW | E33: 20 | F33: 1 | G33: 820 | H33: =+N33 -> 0.15 | I33: 0.88 | J33: =E33*G33*(1-H33)*1440/1000000*2.74 -> 55.001664 | K33: =(IF(G33<L33,L33,G33)*(1-IF(H33<N33,H33,N33))*E33*O33*Q33)/100000000 -> 55.832054 | L33: 875 | M33: 743.75 | N33: =1-(M33/L33) -> 0.15 | O33: =+'Trim Rwd'!H21 -> 260.65385 | P33: =O33*(Q33-R33-S33) -> 365436.69 | Q33: 1440 | R33: 0 | S33: 38 | T33: =E33*M33*O33*Q33/100000000 -> 55.832054 | U33: =E33*M33*O33*(Q33-R33-S33)/100000000 -> 54.358708 | V33: =E33*G33*(1-N33)*O33/100*(R33+S33)/1000000 -> 1.3807356 | W33: =+'6'!K11/1000 -> 56.119 | X33: =SUM(W33:W36)/SUM(K33:K36) -> 1.0051395 | Y33: 0 | Z33: 0 | AA33: =SUM(U33:U36)-SUM(W33:W36)-SUM(Z33:Z36)-SUM(Y33:Y36) -> -1.760292 | AB33: =(SUM(K33:K36)-SUM(W33:W36)-SUM(Y33:Y36)-SUM(Z33:Z36)-SUM(AC33:AC36)-SUM(V33:V36))-AA33 -> 0.092610312 | AC33: =K33-T33 -> 0 | AD33: =+AM33+BA33 -> 0 | AE33: - Sheet Breaks (0x) | AF33: 0 | AM33: =SUM(AF33:AL33)+AT33 -> 0 | AR33: =SUM(AN33:AQ33) -> 0 | BA33: =+AR33+AS33+AU33+AV33+AX33 -> 0 | BB33: 0
AC34: =K34-T34 -> 0 | AD34: =+AM34+BA34 -> 7 | AE34: - Change Blade (6x) | AG34: 7 | AM34: =SUM(AF34:AL34)+AT34 -> 7 | AR34: =SUM(AN34:AQ34) -> 0 | BA34: =+AR34+AS34+AU34+AV34+AX34 -> 0 | BC34: 6
AD35: =+AM35+BA35 -> 13 | AE35: - Change Spool (25x) | AH35: 13 | AM35: =SUM(AF35:AL35)+AT35 -> 13 | AR35: =SUM(AN35:AQ35) -> 0 | BA35: =+AR35+AS35+AU35+AV35+AX35 -> 0
AD36: =+AM36+BA36 -> 18 | AE36: - Cleaning | AI36: 18 | AM36: =SUM(AF36:AL36)+AT36 -> 18 | AR36: =SUM(AN36:AQ36) -> 0 | BA36: =+AR36+AS36+AU36+AV36+AX36 -> 0
A38: 45968 | B38: Towel | C38: =(M38*E38*O38*Q38)/100000000 -> 45.402903 | D38: RC HW | E38: 20 | F38: 1 | G38: 820 | H38: =+N38 -> 0.15 | I38: 0.88 | J38: =E38*G38*(1-H38)*1440/1000000*2.74 -> 55.001664 | K38: =(IF(G38<L38,L38,G38)*(1-IF(H38<N38,H38,N38))*E38*O38*Q38)/100000000 -> 45.402903 | L38: 910 | M38: 773.5 | N38: =1-(M38/L38) -> 0.15 | O38: =+'Trim Rwd'!H24 -> 270 | P38: =O38*(Q38-R38-S38) -> 285930 | Q38: 1087 | R38: 0 | S38: 28 | T38: =E38*M38*O38*Q38/100000000 -> 45.402903 | U38: =E38*M38*O38*(Q38-R38-S38)/100000000 -> 44.233371 | V38: =E38*G38*(1-N38)*O38/100*(R38+S38)/1000000 -> 1.053864 | W38: =+'7'!K11/1000 -> 48.045 | X38: =SUM(W38:W41)/SUM(K38:K41) -> 0.95309108 | Y38: =+SUM(RBP!AG29:AG30) -> 0 | Z38: 0 | AA38: =SUM(U38:U41)-SUM(W38:W41)-SUM(Z38:Z41)-SUM(Y38:Y41) -> 0.3630778 | AB38: =(SUM(K38:K41)-SUM(W38:W41)-SUM(Y38:Y41)-SUM(Z38:Z41)-SUM(AC38:AC41)-SUM(V38:V41))-AA38 -> 0.13471208 | AC38: =K38-T38 -> 0 | AD38: =+AM38+BA38 -> 0 | AE38: - Sheet Breaks (0x) | AF38: 0 | AM38: =SUM(AF38:AL38)+AT38 -> 0 | AR38: =SUM(AN38:AQ38) -> 0 | BA38: =+AR38+AS38+AU38+AV38+AX38 -> 0 | BB38: 0
B39: Towel | C39: =(M39*E39*O39*Q39)/100000000 -> 14.056262 | D39: RC HW | E39: 19 | F39: 1 | G39: 865 | H39: =+N39 -> 0.15 | I39: 0.88 | J39: =E39*G39*(1-H39)*1440/1000000*2.74 -> 55.119046 | K39: =(IF(G39<L39,L39,G39)*(1-IF(H39<N39,H39,N39))*E39*O39*Q39)/100000000 -> 14.056262 | L39: 920 | M39: 782 | N39: =1-(M39/L39) -> 0.15 | O39: =+'Trim Rwd'!H25 -> 268 | P39: =O39*(Q39-R39-S39) -> 92460 | Q39: 353 | R39: 0 | S39: 8 | T39: =E39*M39*O39*Q39/100000000 -> 14.056262 | U39: =E39*M39*O39*(Q39-R39-S39)/100000000 -> 13.737707 | V39: =E39*G39*(1-N39)*O39/100*(R39+S39)/1000000 -> 0.29951144 | W39: =+'7'!K12/1000 -> 8.625 | Z39: =+'7'!D26/1000 -> 0.938 | AC39: =K39-T39 -> 0 | AD39: =+AM39+BA39 -> 9 | AE39: - Change Blade (7x) | AG39: 9 | AM39: =SUM(AF39:AL39)+AT39 -> 9 | AR39: =SUM(AN39:AQ39) -> 0 | BA39: =+AR39+AS39+AU39+AV39+AX39 -> 0 | BC39: 7
AD40: =+AM40+BA40 -> 19 | AE40: - Change Spool (22x) | AH40: 19 | AM40: =SUM(AF40:AL40)+AT40 -> 19 | AR40: =SUM(AN40:AQ40) -> 0 | BA40: =+AR40+AS40+AU40+AV40+AX40 -> 0
AD41: =+AM41+BA41 -> 8 | AE41: - Cleaning | AI41: 8 | AM41: =SUM(AF41:AL41)+AT41 -> 8 | AR41: =SUM(AN41:AQ41) -> 0 | BA41: =+AR41+AS41+AU41+AV41+AX41 -> 0
A43: 45938 | B43: Towel | C43: =(M43*E43*O43*Q43)/100000000 -> 6.3711104 | D43: RC HW | E43: 19 | F43: 1 | G43: 865 | H43: =+N43 -> 0.15 | I43: 0.88 | J43: =E43*G43*(1-H43)*1440/1000000*2.74 -> 55.119046 | K43: =(IF(G43<L43,L43,G43)*(1-IF(H43<N43,H43,N43))*E43*O43*Q43)/100000000 -> 6.3711104 | L43: 920 | M43: 782 | N43: =1-(M43/L43) -> 0.15 | O43: =+'Trim Rwd'!H27 -> 268 | P43: =O43*(Q43-R43-S43) -> 40736 | Q43: 160 | R43: 0 | S43: 8 | T43: =E43*M43*O43*Q43/100000000 -> 6.3711104 | U43: =E43*M43*O43*(Q43-R43-S43)/100000000 -> 6.0525549 | V43: =E43*G43*(1-N43)*O43/100*(R43+S43)/1000000 -> 0.29951144 | W43: =+'8'!K12/1000 -> 10.238 | X43: =SUM(W43:W46)/SUM(K43:K46) -> 0.97811113 | Y43: =+SUM(RBP!AG33:AG34) -> 0 | Z43: 0 | AA43: =SUM(U43:U46)-SUM(W43:W46)-SUM(Z43:Z46)-SUM(Y43:Y46) -> -0.43126846 | AB43: =(SUM(K43:K46)-SUM(W43:W46)-SUM(Y43:Y46)-SUM(Z43:Z46)-SUM(AC43:AC46)-SUM(V43:V46))-AA43 -> 0.01904408 | AC43: =K43-T43 -> 0 | AD43: =+AM43+BA43 -> 0 | AE43: - Sheet Breaks (0x) | AF43: 0 | AM43: =SUM(AF43:AL43)+AT43 -> 0 | AR43: =SUM(AN43:AQ43) -> 0 | BA43: =+AR43+AS43+AU43+AV43+AX43 -> 0 | BB43: 0
B44: Towel | C44: =(M44*E44*O44*Q44)/100000000 -> 46.22823 | D44: RC HW | E44: 17 | F44: 1 | G44: =+L44 -> 950 | H44: =+N44 -> 0.15 | I44: 0.88 | J44: =E44*G44*(1-H44)*1440/1000000*2.74 -> 54.163224 | K44: =(IF(G44<L44,L44,G44)*(1-IF(H44<N44,H44,N44))*E44*O44*Q44)/100000000 -> 46.22823 | L44: 950 | M44: 807.5 | N44: =1-(M44/L44) -> 0.15 | O44: =+'Trim Rwd'!H28 -> 263.09091 | P44: =O44*(Q44-R44-S44) -> 327548.18 | Q44: 1280 | R44: 0 | S44: 35 | T44: =E44*M44*O44*Q44/100000000 -> 46.22823 | U44: =E44*M44*O44*(Q44-R44-S44)/100000000 -> 44.964177 | V44: =E44*G44*(1-N44)*O44/100*(R44+S44)/1000000 -> 1.2640532 | W44: =+'8'!K13/1000 -> 41.21 | Z44: =+'7'!D30/1000 -> 0 | AC44: =K44-T44 -> 0 | AD44: =+AM44+BA44 -> 10 | AE44: - Change Blade (7x) | AG44: 10 | AM44: =SUM(AF44:AL44)+AT44 -> 10 | AR44: =SUM(AN44:AQ44) -> 0 | BA44: =+AR44+AS44+AU44+AV44+AX44 -> 0 | BC44: 7
AD45: =+AM45+BA45 -> 25 | AE45: - Change Spool (25x) | AH45: 25 | AM45: =SUM(AF45:AL45)+AT45 -> 25 | AR45: =SUM(AN45:AQ45) -> 0 | BA45: =+AR45+AS45+AU45+AV45+AX45 -> 0
AD46: =+AM46+BA46 -> 8 | AE46: - Cleaning | AI46: 8 | AM46: =SUM(AF46:AL46)+AT46 -> 8 | AR46: =SUM(AN46:AQ46) -> 0 | BA46: =+AR46+AS46+AU46+AV46+AX46 -> 0
A48: 45939 | B48: Towel | C48: =(M48*E48*O48*Q48)/100000000 -> 21.623056 | D48: RC HW | E48: 17 | F48: 1 | G48: =+L48 -> 950 | H48: =+N48 -> 0.15 | I48: 0.88 | J48: =E48*G48*(1-H48)*1440/1000000*2.74 -> 54.163224 | K48: =(IF(G48<L48,L48,G48)*(1-IF(H48<N48,H48,N48))*E48*O48*Q48)/100000000 -> 21.623056 | L48: 950 | M48: 807.5 | N48: =1-(M48/L48) -> 0.15 | O48: =+'Trim Rwd'!H31 -> 262.96552 | P48: =O48*(Q48-R48-S48) -> 153834.83 | Q48: 599 | R48: 0 | S48: 14 | T48: =E48*M48*O48*Q48/100000000 -> 21.623056 | U48: =E48*M48*O48*(Q48-R48-S48)/100000000 -> 21.117676 | V48: =E48*G48*(1-N48)*O48/100*(R48+S48)/1000000 -> 0.50538028 | W48: =+'9'!K13/1000 -> 26.606 | X48: =SUM(W48:W51)/SUM(K48:K51) -> 0.94802685 | Y48: 0 | Z48: 0 | AA48: =SUM(U48:U51)-SUM(W48:W51)-SUM(Z48:Z51)-SUM(Y48:Y51) -> -0.42682157 | AB48: =(SUM(K48:K51)-SUM(W48:W51)-SUM(Y48:Y51)-SUM(Z48:Z51)-SUM(AC48:AC51)-SUM(V48:V51))-AA48 -> -0.053903985 | AC48: =K48-T48 -> 0 | AD48: =+AM48+BA48 -> 0 | AE48: - Sheet Breaks (0x) | AF48: 0 | AM48: =SUM(AF48:AL48)+AT48 -> 0 | AR48: =SUM(AN48:AQ48) -> 0 | BA48: =+AR48+AS48+AU48+AV48+AX48 -> 0 | BB48: 0
B49: Facial | C49: =(M49*E49*O49*Q49)/100000000 -> 11.431816 | D49: RC HW | E49: 14 | F49: 1 | G49: 1280 | H49: =+N49 -> 0.22 | I49: 0.88 | J49: =E49*G49*(1-H49)*1440/1000000*2.74 -> 55.150019 | K49: =(IF(G49<L49,L49,G49)*(1-IF(H49<N49,H49,N49))*E49*O49*Q49)/100000000 -> 12.269537 | L49: 1192.6061 | M49: 930.23273 | N49: =1-(M49/L49) -> 0.22 | O49: =+'Trim Rwd'!H33 -> 266 | P49: =O49*(Q49-R49-S49) -> 85652 | Q49: 330 | R49: 0 | S49: 8 | T49: =E49*M49*O49*Q49/100000000 -> 11.431816 | U49: =E49*M49*O49*(Q49-R49-S49)/100000000 -> 11.154681 | V49: =E49*G49*(1-N49)*O49/100*(R49+S49)/1000000 -> 0.29744333 | W49: =+'9'!K14/1000 -> 10.232 | Z49: =+'7'!D35/1000 -> 1.6282461e-05 | AC49: =K49-T49 -> 0.83772125 | AD49: =+AM49+BA49 -> 9 | AE49: - Change Blade (11x) | AG49: 9 | AM49: =SUM(AF49:AL49)+AT49 -> 9 | AR49: =SUM(AN49:AQ49) -> 0 | BA49: =+AR49+AS49+AU49+AV49+AX49 -> 0 | BC49: 11
B50: Toilet | C50: =(M50*E50*O50*Q50)/100000000 -> 11.119491 | D50: RC HW | E50: 16.5 | F50: 1 | G50: 1085 | H50: =+N50 -> 0.22 | I50: 0.88 | J50: =E50*G50*(1-H50)*1440/1000000*2.74 -> 55.096161 | K50: =(IF(G50<L50,L50,G50)*(1-IF(H50<N50,H50,N50))*E50*O50*Q50)/100000000 -> 11.296975 | L50: 1067.9538 | M50: 833.00396 | N50: =1-(M50/L50) -> 0.22 | O50: =+'Trim Rwd'!H34 -> 267 | P50: =O50*(Q50-R50-S50) -> 78765 | Q50: 303 | R50: 0 | S50: 8 | T50: =E50*M50*O50*Q50/100000000 -> 11.119491 | U50: =E50*M50*O50*(Q50-R50-S50)/100000000 -> 10.825907 | V50: =E50*G50*(1-N50)*O50/100*(R50+S50)/1000000 -> 0.29826997 | W50: =+'9'!K15/1000 -> 10.954 | AC50: =K50-T50 -> 0.17748438 | AD50: =+AM50+BA50 -> 18 | AE50: - Change Spool (30x) | AH50: 18 | AM50: =SUM(AF50:AL50)+AT50 -> 18 | AR50: =SUM(AN50:AQ50) -> 0 | BA50: =+AR50+AS50+AU50+AV50+AX50 -> 0
B51: Toilet | C51: =(M51*E51*O51*Q51)/100000000 -> 7.1091821 | D51: RC HW | E51: 13.5 | F51: 1 | G51: 1345 | H51: =+N51 -> 0.23 | I51: 0.88 | J51: =E51*G51*(1-H51)*1440/1000000*2.74 -> 55.164519 | K51: =(IF(G51<L51,L51,G51)*(1-IF(H51<N51,H51,N51))*E51*O51*Q51)/100000000 -> 7.9682082 | L51: 1200 | M51: 924 | N51: =1-(M51/L51) -> 0.23 | O51: =+'Trim Rwd'!H35 -> 274 | P51: =O51*(Q51-R51-S51) -> 55074 | Q51: 208 | R51: 0 | S51: =37-S48-S49-S50 -> 7 | T51: =E51*M51*O51*Q51/100000000 -> 7.1091821 | U51: =E51*M51*O51*(Q51-R51-S51)/100000000 -> 6.8699308 | V51: =E51*G51*(1-N51)*O51/100*(R51+S51)/1000000 -> 0.26816085 | W51: =+'9'!K7/1000 -> 2.603 | AC51: =K51-T51 -> 0.85902617 | AD51: =+AM51+BA51 -> 10 | AE51: - Cleaning | AI51: 10 | AM51: =SUM(AF51:AL51)+AT51 -> 10 | AR51: =SUM(AN51:AQ51) -> 0 | BA51: =+AR51+AS51+AU51+AV51+AX51 -> 0
A53: 45971 | B53: Toilet | C53: =(M53*E53*O53*Q53)/100000000 -> 53.455581 | D53: RC HW | E53: 13.5 | F53: 1 | G53: 1345 | H53: =+N53 -> 0.23 | I53: 0.88 | J53: =E53*G53*(1-H53)*1440/1000000*2.74 -> 55.164519 | K53: =(IF(G53<L53,L53,G53)*(1-IF(H53<N53,H53,N53))*E53*O53*Q53)/100000000 -> 55.164519 | L53: 1303.3333 | M53: 1003.5667 | N53: =1-(M53/L53) -> 0.23 | O53: =+'Trim Rwd'!H37 -> 274 | P53: =O53*(Q53-R53-S53) -> 383600 | Q53: 1440 | R53: 0 | S53: 40 | T53: =E53*M53*O53*Q53/100000000 -> 53.455581 | U53: =E53*M53*O53*(Q53-R53-S53)/100000000 -> 51.970703 | V53: =E53*G53*(1-N53)*O53/100*(R53+S53)/1000000 -> 1.5323477 | W53: =+'10'!K7/1000 -> 51.182 | X53: =SUM(W53:W56)/SUM(K53:K56) -> 0.92780652 | Y53: =+SUM(RBP!AG44:AG45) -> 0 | Z53: 0 | AA53: =SUM(U53:U56)-SUM(W53:W56)-SUM(Z53:Z56)-SUM(Y53:Y56) -> 0.7887034 | AB53: =(SUM(K53:K56)-SUM(W53:W56)-SUM(Y53:Y56)-SUM(Z53:Z56)-SUM(AC53:AC56)-SUM(V53:V56))-AA53 -> -0.0474705 | AC53: =K53-T53 -> 1.708938 | AD53: =+AM53+BA53 -> 0 | AE53: - Sheet Breaks (0x) | AF53: 0 | AM53: =SUM(AF53:AL53)+AT53 -> 0 | AR53: =SUM(AN53:AQ53) -> 0 | BA53: =+AR53+AS53+AU53+AV53+AX53 -> 0 | BB53: 0
AC54: =K54-T54 -> 0 | AD54: =+AM54+BA54 -> 11 | AE54: - Change Blade (11x) | AG54: 11 | AM54: =SUM(AF54:AL54)+AT54 -> 11 | AR54: =SUM(AN54:AQ54) -> 0 | BA54: =+AR54+AS54+AU54+AV54+AX54 -> 0 | BC54: 11
AD55: =+AM55+BA55 -> 19 | AE55: - Change Spool (31x) | AH55: 19 | AM55: =SUM(AF55:AL55)+AT55 -> 19 | AR55: =SUM(AN55:AQ55) -> 0 | BA55: =+AR55+AS55+AU55+AV55+AX55 -> 0
AD56: =+AM56+BA56 -> 10 | AE56: - Cleaning | AI56: 10 | AM56: =SUM(AF56:AL56)+AT56 -> 10 | AR56: =SUM(AN56:AQ56) -> 0 | BA56: =+AR56+AS56+AU56+AV56+AX56 -> 0
A58: 45972 | B58: Toilet | C58: =(M58*E58*O58*Q58)/100000000 -> 53.455581 | D58: RC HW | E58: 13.5 | F58: 1 | G58: 1345 | H58: =+N58 -> 0.23 | I58: 0.88 | J58: =E58*G58*(1-H58)*1440/1000000*2.74 -> 55.164519 | K58: =(IF(G58<L58,L58,G58)*(1-IF(H58<N58,H58,N58))*E58*O58*Q58)/100000000 -> 55.164519 | L58: 1303.3333 | M58: 1003.5667 | N58: =1-(M58/L58) -> 0.23 | O58: =+'Trim Rwd'!H40 -> 274 | P58: =O58*(Q58-R58-S58) -> 380312 | Q58: 1440 | R58: 0 | S58: 52 | T58: =E58*M58*O58*Q58/100000000 -> 53.455581 | U58: =E58*M58*O58*(Q58-R58-S58)/100000000 -> 51.52524 | V58: =E58*G58*(1-N58)*O58/100*(R58+S58)/1000000 -> 1.9920521 | W58: =+'11'!K7/1000 -> 50.653 | X58: =SUM(W58:W61)/SUM(K58:K61) -> 0.91821702 | Y58: =+SUM(RBP!AG49:AG50) -> 0 | Z58: 0 | AA58: =SUM(U58:U61)-SUM(W58:W61)-SUM(Z58:Z61)-SUM(Y58:Y61) -> 0.87224023 | AB58: =(SUM(K58:K61)-SUM(W58:W61)-SUM(Y58:Y61)-SUM(Z58:Z61)-SUM(AC58:AC61)-SUM(V58:V61))-AA58 -> -0.06171165 | AC58: =K58-T58 -> 1.708938 | AD58: =+AM58+BA58 -> 0 | AE58: - Sheet Breaks (0x) | AF58: 0 | AM58: =SUM(AF58:AL58)+AT58 -> 0 | AR58: =SUM(AN58:AQ58) -> 0 | BA58: =+AR58+AS58+AU58+AV58+AX58 -> 0 | BB58: 0
AC59: =K59-T59 -> 0 | AD59: =+AM59+BA59 -> 12 | AE59: - Change Blade (9x) | AG59: 12 | AM59: =SUM(AF59:AL59)+AT59 -> 12 | AR59: =SUM(AN59:AQ59) -> 0 | BA59: =+AR59+AS59+AU59+AV59+AX59 -> 0 | BC59: 9
AD60: =+AM60+BA60 -> 22 | AE60: - Change Spool (32x) | AH60: 22 | AM60: =SUM(AF60:AL60)+AT60 -> 22 | AR60: =SUM(AN60:AQ60) -> 0 | BA60: =+AR60+AS60+AU60+AV60+AX60 -> 0
AD61: =+AM61+BA61 -> 18 | AE61: - Cleaning | AI61: 18 | AM61: =SUM(AF61:AL61)+AT61 -> 18 | AR61: =SUM(AN61:AQ61) -> 0 | BA61: =+AR61+AS61+AU61+AV61+AX61 -> 0
A63: 45973 | B63: Toilet | C63: =(M63*E63*O63*Q63)/100000000 -> 53.318866 | D63: RC HW | E63: 13.5 | F63: 1 | G63: 1345 | H63: =+N63 -> 0.23 | I63: 0.88 | J63: =E63*G63*(1-H63)*1440/1000000*2.74 -> 55.164519 | K63: =(IF(G63<L63,L63,G63)*(1-IF(H63<N63,H63,N63))*E63*O63*Q63)/100000000 -> 55.164519 | L63: 1300 | M63: 1001 | N63: =1-(M63/L63) -> 0.23 | O63: =+'Trim Rwd'!H42 -> 274 | P63: =O63*(Q63-R63-S63) -> 377572 | Q63: 1440 | R63: 0 | S63: 62 | T63: =E63*M63*O63*Q63/100000000 -> 53.318866 | U63: =E63*M63*O63*(Q63-R63-S63)/100000000 -> 51.023192 | V63: =E63*G63*(1-N63)*O63/100*(R63+S63)/1000000 -> 2.375139 | W63: =+'12'!K7/1000 -> 49.13 | X63: =SUM(W63:W66)/SUM(K63:K66) -> 0.8906087 | Y63: =+SUM(RBP!AG54:AG55) -> 0 | Z63: =+'12'!D25/1000 -> 0.68 | AA63: =SUM(U63:U66)-SUM(W63:W66)-SUM(Z63:Z66)-SUM(Y63:Y66) -> 1.2131922 | AB63: =(SUM(K63:K66)-SUM(W63:W66)-SUM(Y63:Y66)-SUM(Z63:Z66)-SUM(AC63:AC66)-SUM(V63:V66))-AA63 -> -0.079465617 | AC63: =K63-T63 -> 1.845653 | AD63: =+AM63+BA63 -> 0 | AE63: - Sheet Breaks (0x) | AF63: 0 | AM63: =SUM(AF63:AL63)+AT63 -> 0 | AR63: =SUM(AN63:AQ63) -> 0 | BA63: =+AR63+AS63+AU63+AV63+AX63 -> 0 | BB63: 0
AC64: =K64-T64 -> 0 | AD64: =+AM64+BA64 -> 19 | AE64: - Change Blade (7x) | AG64: 19 | AM64: =SUM(AF64:AL64)+AT64 -> 19 | AR64: =SUM(AN64:AQ64) -> 0 | BA64: =+AR64+AS64+AU64+AV64+AX64 -> 0 | BC64: 7
AD65: =+AM65+BA65 -> 33 | AE65: - Change Spool (29x) | AH65: 33 | AM65: =SUM(AF65:AL65)+AT65 -> 33 | AR65: =SUM(AN65:AQ65) -> 0 | BA65: =+AR65+AS65+AU65+AV65+AX65 -> 0
AD66: =+AM66+BA66 -> 10 | AE66: - Cleaning | AI66: 10 | AM66: =SUM(AF66:AL66)+AT66 -> 10 | AR66: =SUM(AN66:AQ66) -> 0 | BA66: =+AR66+AS66+AU66+AV66+AX66 -> 0
A68: 45974 | B68: Toilet | C68: =(M68*E68*O68*Q68)/100000000 -> 49.801277 | D68: RC HW | E68: 13.5 | F68: 1 | G68: 1345 | H68: =+N68 -> 0.23 | I68: 0.88 | J68: =E68*G68*(1-H68)*1440/1000000*2.74 -> 55.164519 | K68: =(IF(G68<L68,L68,G68)*(1-IF(H68<N68,H68,N68))*E68*O68*Q68)/100000000 -> 55.164519 | L68: 1214.2355 | M68: 934.96134 | N68: =1-(M68/L68) -> 0.23 | O68: =+'Trim Rwd'!H44 -> 274 | P68: =O68*(Q68-R68-S68) -> 298386 | Q68: 1440 | R68: =170+132 -> 302 | S68: 49 | T68: =E68*M68*O68*Q68/100000000 -> 49.801277 | U68: =E68*M68*O68*(Q68-R68-S68)/100000000 -> 37.662215 | V68: =E68*G68*(1-N68)*O68/100*(R68+S68)/1000000 -> 13.446351 | W68: =+'13'!K7/1000 -> 29.459 | X68: =SUM(W68:W71)/SUM(K68:K71) -> 0.53402079 | Y68: =+SUM(RBP!AG59:AG60) -> 0 | Z68: =+'12'!D30/1000 -> 0 | AA68: =SUM(U68:U71)-SUM(W68:W71)-SUM(Z68:Z71)-SUM(Y68:Y71) -> 8.2032154 | AB68: =(SUM(K68:K71)-SUM(W68:W71)-SUM(Y68:Y71)-SUM(Z68:Z71)-SUM(AC68:AC71)-SUM(V68:V71))-AA68 -> -1.3072903 | AC68: =K68-T68 -> 5.3632421 | AD68: =+AM68+BA68 -> 9 | AE68: - Sheet Breaks (3x) | AF68: 9 | AM68: =SUM(AF68:AL68)+AT68 -> 9 | AR68: =SUM(AN68:AQ68) -> 0 | BA68: =+AR68+AS68+AU68+AV68+AX68 -> 0 | BB68: 3 | BF68: 3
AC69: =K69-T69 -> 0 | AD69: =+AM69+BA69 -> 7 | AE69: - Change Blade (6x) | AG69: 7 | AM69: =SUM(AF69:AL69)+AT69 -> 7 | AR69: =SUM(AN69:AQ69) -> 0 | BA69: =+AR69+AS69+AU69+AV69+AX69 -> 0 | BC69: 6
AD70: =+AM70+BA70 -> 25 | AE70: - Change Spool (25x) | AH70: 25 | AM70: =SUM(AF70:AL70)+AT70 -> 25 | AR70: =SUM(AN70:AQ70) -> 0 | BA70: =+AR70+AS70+AU70+AV70+AX70 -> 0
AD71: =+AM71+BA71 -> 8 | AE71: - Cleaning | AI71: 8 | AM71: =SUM(AF71:AL71)+AT71 -> 8 | AR71: =SUM(AN71:AQ71) -> 0 | BA71: =+AR71+AS71+AU71+AV71+AX71 -> 0
AD72: =+AM72+BA72 -> 170 | AE72: - 17.15 pm trip, compressor Flicker | AM72: =SUM(AF72:AL72)+AT72 -> 0 | AP72: 170 | AR72: =SUM(AN72:AQ72) -> 170 | BA72: =+AR72+AS72+AU72+AV72+AX72 -> 170
AD73: =+AM73+BA73 -> 132 | AE73: - 23:54 pm stop , kertas masih ada hole. | AM73: =SUM(AF73:AL73)+AT73 -> 0 | AN73: 132 | AR73: =SUM(AN73:AQ73) -> 132 | BA73: =+AR73+AS73+AU73+AV73+AX73 -> 132
A75: 45975 | B75: Toilet | C75: =(M75*E75*O75*Q75)/100000000 -> 8.9781906 | D75: RC HW | E75: 13.5 | F75: 1 | G75: 1345 | H75: =+N75 -> 0.23 | I75: 0.88 | J75: =E75*G75*(1-H75)*1440/1000000*2.74 -> 55.164519 | K75: =(IF(G75<L75,L75,G75)*(1-IF(H75<N75,H75,N75))*E75*O75*Q75)/100000000 -> 11.72246 | L75: 1030.1307 | M75: 793.20065 | N75: =1-(M75/L75) -> 0.23 | O75: =+'Trim Rwd'!H46 -> 274 | P75: =O75*(Q75-R75-S75) -> 79734 | Q75: 306 | R75: 0 | S75: 15 | T75: =E75*M75*O75*Q75/100000000 -> 8.9781906 | U75: =E75*M75*O75*(Q75-R75-S75)/100000000 -> 8.5380832 | V75: =E75*G75*(1-N75)*O75/100*(R75+S75)/1000000 -> 0.5746304 | W75: =+'14'!K7/1000 -> 17.556 | X75: =SUM(W75:W78)/SUM(K75:K78) -> 0.9832879 | Y75: =+SUM(RBP!AG66:AG67) -> 0 | Z75: 0 | AA75: =SUM(U75:U78)-SUM(W75:W78)-SUM(Z75:Z78)-SUM(Y75:Y78) -> -4.4691019 | AB75: =(SUM(K75:K78)-SUM(W75:W78)-SUM(Y75:Y78)-SUM(Z75:Z78)-SUM(AC75:AC78)-SUM(V75:V78))-AA75 -> -0.16038592 | AC75: =K75-T75 -> 2.7442696 | AD75: =+AM75+BA75 -> 0 | AE75: - Sheet Breaks (0x) | AF75: 0 | AM75: =SUM(AF75:AL75)+AT75 -> 0 | AR75: =SUM(AN75:AQ75) -> 0 | BA75: =+AR75+AS75+AU75+AV75+AX75 -> 0 | BB75: 0
B76: Toilet | C76: =(M76*E76*O76*Q76)/100000000 -> 41.923633 | D76: RC HW | E76: 15.5 | F76: 1 | G76: 1170 | H76: =+N76 -> 0.23 | I76: 0.88 | J76: =E76*G76*(1-H76)*1440/1000000*2.74 -> 55.096161 | K76: =(IF(G76<L76,L76,G76)*(1-IF(H76<N76,H76,N76))*E76*O76*Q76)/100000000 -> 42.675647 | L76: 1149.3827 | M76: 885.02469 | N76: =1-(M76/L76) -> 0.23 | O76: =+'Trim Rwd'!H47 -> 269.5 | P76: =O76*(Q76-R76-S76) -> 295102.5 | Q76: 1134 | R76: 0 | S76: =54-S75 -> 39 | T76: =E76*M76*O76*Q76/100000000 -> 41.923633 | U76: =E76*M76*O76*(Q76-R76-S76)/100000000 -> 40.481815 | V76: =E76*G76*(1-N76)*O76/100*(R76+S76)/1000000 -> 1.467681 | W76: =+'14'!K16/1000 -> 35.933 | AC76: =K76-T76 -> 0.75201361 | AD76: =+AM76+BA76 -> 15 | AE76: - Change Blade (9x) | AG76: 15 | AM76: =SUM(AF76:AL76)+AT76 -> 15 | AR76: =SUM(AN76:AQ76) -> 0 | BA76: =+AR76+AS76+AU76+AV76+AX76 -> 0 | BC76: 9
AD77: =+AM77+BA77 -> 31 | AE77: - Change Spool (27x) | AH77: 31 | AM77: =SUM(AF77:AL77)+AT77 -> 31 | AR77: =SUM(AN77:AQ77) -> 0 | BA77: =+AR77+AS77+AU77+AV77+AX77 -> 0
AD78: =+AM78+BA78 -> 8 | AE78: - Cleaning | AI78: 8 | AM78: =SUM(AF78:AL78)+AT78 -> 8 | AR78: =SUM(AN78:AQ78) -> 0 | BA78: =+AR78+AS78+AU78+AV78+AX78 -> 0
A80: 45976 | B80: Toilet | C80: =(M80*E80*O80*Q80)/100000000 -> 54.191297 | D80: RC HW | E80: 15.5 | F80: 1 | G80: 1170 | H80: =+N80 -> 0.23 | I80: 0.88 | J80: =E80*G80*(1-H80)*1440/1000000*2.74 -> 55.096161 | K80: =(IF(G80<L80,L80,G80)*(1-IF(H80<N80,H80,N80))*E80*O80*Q80)/100000000 -> 54.191297 | L80: 1170 | M80: 900.9 | N80: =1-(M80/L80) -> 0.23 | O80: =+'Trim Rwd'!H49 -> 269.5 | P80: =O80*(Q80-R80-S80) -> 375952.5 | Q80: 1440 | R80: 0 | S80: 45 | T80: =E80*M80*O80*Q80/100000000 -> 54.191297 | U80: =E80*M80*O80*(Q80-R80-S80)/100000000 -> 52.497819 | V80: =E80*G80*(1-N80)*O80/100*(R80+S80)/1000000 -> 1.693478 | W80: =+'15'!K16/1000 -> 50.348 | X80: =SUM(W80:W83)/SUM(K80:K83) -> 0.92907907 | Y80: =+SUM(RBP!AG71:AG72) -> 0 | Z80: =+'15'!D25/1000 -> 0.671 | AA80: =SUM(U80:U83)-SUM(W80:W83)-SUM(Z80:Z83)-SUM(Y80:Y83) -> 1.4788191 | AB80: =(SUM(K80:K83)-SUM(W80:W83)-SUM(Y80:Y83)-SUM(Z80:Z83)-SUM(AC80:AC83)-SUM(V80:V83))-AA80 -> 0 | AC80: =K80-T80 -> 0 | AD80: =+AM80+BA80 -> 0 | AE80: - Sheet Breaks (0x) | AF80: 0 | AM80: =SUM(AF80:AL80)+AT80 -> 0 | AR80: =SUM(AN80:AQ80) -> 0 | BA80: =+AR80+AS80+AU80+AV80+AX80 -> 0 | BB80: 0
AC81: =K81-T81 -> 0 | AD81: =+AM81+BA81 -> 11 | AE81: - Change Blade (9x) | AG81: 11 | AM81: =SUM(AF81:AL81)+AT81 -> 11 | AR81: =SUM(AN81:AQ81) -> 0 | BA81: =+AR81+AS81+AU81+AV81+AX81 -> 0 | BC81: 9
AD82: =+AM82+BA82 -> 26 | AE82: - Change Spool (26x) | AH82: 26 | AM82: =SUM(AF82:AL82)+AT82 -> 26 | AR82: =SUM(AN82:AQ82) -> 0 | BA82: =+AR82+AS82+AU82+AV82+AX82 -> 0
AD83: =+AM83+BA83 -> 8 | AE83: - Cleaning | AI83: 8 | AM83: =SUM(AF83:AL83)+AT83 -> 8 | AR83: =SUM(AN83:AQ83) -> 0 | BA83: =+AR83+AS83+AU83+AV83+AX83 -> 0
A85: 45977 | B85: Toilet | C85: =(M85*E85*O85*Q85)/100000000 -> 51.933326 | D85: RC HW | E85: 15.5 | F85: 1 | G85: 1170 | H85: =+N85 -> 0.23 | I85: 0.88 | J85: =E85*G85*(1-H85)*1440/1000000*2.74 -> 55.096161 | K85: =(IF(G85<L85,L85,G85)*(1-IF(H85<N85,H85,N85))*E85*O85*Q85)/100000000 -> 51.933326 | L85: 1170 | M85: 900.9 | N85: =1-(M85/L85) -> 0.23 | O85: =+'Trim Rwd'!H51 -> 269.5 | P85: =O85*(Q85-R85-S85) -> 362208 | Q85: 1380 | R85: 0 | S85: 36 | T85: =E85*M85*O85*Q85/100000000 -> 51.933326 | U85: =E85*M85*O85*(Q85-R85-S85)/100000000 -> 50.578544 | V85: =E85*G85*(1-N85)*O85/100*(R85+S85)/1000000 -> 1.3547824 | W85: =+'16'!K16/1000 -> 52.407 | X85: =SUM(W85:W88)/SUM(K85:K88) -> 0.9629708 | Y85: =+SUM(RBP!AG76:AG77) -> 0 | Z85: 0 | AA85: =SUM(U85:U88)-SUM(W85:W88)-SUM(Z85:Z88)-SUM(Y85:Y88) -> 0.32857723 | AB85: =(SUM(K85:K88)-SUM(W85:W88)-SUM(Y85:Y88)-SUM(Z85:Z88)-SUM(AC85:AC88)-SUM(V85:V88))-AA85 -> 0.026198784 | AC85: =K85-T85 -> 0 | AD85: =+AM85+BA85 -> 0 | AE85: - Sheet Breaks (0x) | AF85: 0 | AM85: =SUM(AF85:AL85)+AT85 -> 0 | AR85: =SUM(AN85:AQ85) -> 0 | BA85: =+AR85+AS85+AU85+AV85+AX85 -> 0 | BB85: 0
B86: Toilet | C86: =(M86*E86*O86*Q86)/100000000 -> 2.4888845 | D86: RC HW | E86: 16 | F86: 1 | G86: 1050 | H86: =+N86 -> 0.17 | I86: 0.88 | J86: =E86*G86*(1-H86)*1440/1000000*2.74 -> 55.017446 | K86: =(IF(G86<L86,L86,G86)*(1-IF(H86<N86,H86,N86))*E86*O86*Q86)/100000000 -> 2.4888845 | L86: 1140 | M86: 946.2 | N86: =1-(M86/L86) -> 0.17 | O86: =+'Trim Rwd'!H52 -> 274 | P86: =O86*(Q86-R86-S86) -> 14248 | Q86: 60 | R86: 0 | S86: 8 | T86: =E86*M86*O86*Q86/100000000 -> 2.4888845 | U86: =E86*M86*O86*(Q86-R86-S86)/100000000 -> 2.1570332 | V86: =E86*G86*(1-N86)*O86/100*(R86+S86)/1000000 -> 0.30565248 | W86: =+'14'!K26/1000 -> 0 | AC86: =K86-T86 -> 0 | AD86: =+AM86+BA86 -> 10 | AE86: - Change Blade (9x) | AG86: 10 | AM86: =SUM(AF86:AL86)+AT86 -> 10 | AR86: =SUM(AN86:AQ86) -> 0 | BA86: =+AR86+AS86+AU86+AV86+AX86 -> 0 | BC86: 9
AD87: =+AM87+BA87 -> 26 | AE87: - Change Spool (28x) | AH87: 26 | AM87: =SUM(AF87:AL87)+AT87 -> 26 | AR87: =SUM(AN87:AQ87) -> 0 | BA87: =+AR87+AS87+AU87+AV87+AX87 -> 0
AD88: =+AM88+BA88 -> 8 | AE88: - Cleaning | AI88: 8 | AM88: =SUM(AF88:AL88)+AT88 -> 8 | AR88: =SUM(AN88:AQ88) -> 0 | BA88: =+AR88+AS88+AU88+AV88+AX88 -> 0
A90: 45978 | B90: Toilet | C90: =(M90*E90*O90*Q90)/100000000 -> 12.475139 | D90: RC HW | E90: 16 | F90: 1 | G90: 1050 | H90: =+N90 -> 0.17 | I90: 0.88 | J90: =E90*G90*(1-H90)*1440/1000000*2.74 -> 55.017446 | K90: =(IF(G90<L90,L90,G90)*(1-IF(H90<N90,H90,N90))*E90*O90*Q90)/100000000 -> 12.475139 | L90: 1140 | M90: 946.2 | N90: =1-(M90/L90) -> 0.17 | O90: =+'Trim Rwd'!H54 -> 261.59649 | P90: =O90*(Q90-R90-S90) -> 79786.93 | Q90: 315 | R90: 0 | S90: 10 | T90: =E90*M90*O90*Q90/100000000 -> 12.475139 | U90: =E90*M90*O90*(Q90-R90-S90)/100000000 -> 12.079103 | V90: =E90*G90*(1-N90)*O90/100*(R90+S90)/1000000 -> 0.36477015 | W90: =+'17'!K17/1000 -> 13.542 | X90: =SUM(W90:W93)/SUM(K90:K93) -> 0.93426728 | Y90: =+SUM(RBP!AG81:AG82) -> 0 | Z90: 0 | AA90: =SUM(U90:U93)-SUM(W90:W93)-SUM(Z90:Z93)-SUM(Y90:Y93) -> 2.1117483 | AB90: =(SUM(K90:K93)-SUM(W90:W93)-SUM(Y90:Y93)-SUM(Z90:Z93)-SUM(AC90:AC93)-SUM(V90:V93))-AA90 -> 0.035501801 | AC90: =K90-T90 -> 0 | AD90: =+AM90+BA90 -> 0 | AE90: - Sheet Breaks (0x) | AF90: 0 | AM90: =SUM(AF90:AL90)+AT90 -> 0 | AR90: =SUM(AN90:AQ90) -> 0 | BA90: =+AR90+AS90+AU90+AV90+AX90 -> 0 | BB90: 0
B91: Toilet | C91: =(M91*E91*O91*Q91)/100000000 -> 43.202718 | D91: RC HW | E91: 15.5 | F91: 1 | G91: 1155 | H91: =+N91 -> 0.22 | I91: 0.88 | J91: =E91*G91*(1-H91)*1440/1000000*2.74 -> 55.096161 | K91: =(IF(G91<L91,L91,G91)*(1-IF(H91<N91,H91,N91))*E91*O91*Q91)/100000000 -> 43.202718 | L91: 1159.2622 | M91: 904.22453 | N91: =1-(M91/L91) -> 0.22 | O91: =+'Trim Rwd'!H56 -> 274 | P91: =O91*(Q91-R91-S91) -> 300030 | Q91: 1125 | R91: 0 | S91: 30 | T91: =E91*M91*O91*Q91/100000000 -> 43.202718 | U91: =E91*M91*O91*(Q91-R91-S91)/100000000 -> 42.050645 | V91: =E91*G91*(1-N91)*O91/100*(R91+S91)/1000000 -> 1.1478367 | W91: =+'17'!K16/1000 -> 38.476 | AC91: =K91-T91 -> 0 | AD91: =+AM91+BA91 -> 11 | AE91: - Change Blade (8x) | AG91: 11 | AM91: =SUM(AF91:AL91)+AT91 -> 11 | AR91: =SUM(AN91:AQ91) -> 0 | BA91: =+AR91+AS91+AU91+AV91+AX91 -> 0 | BC91: 8
AD92: =+AM92+BA92 -> 24 | AE92: - Change Spool (28x) | AH92: 24 | AM92: =SUM(AF92:AL92)+AT92 -> 24 | AR92: =SUM(AN92:AQ92) -> 0 | BA92: =+AR92+AS92+AU92+AV92+AX92 -> 0
AD93: =+AM93+BA93 -> 5 | AE93: - Cleaning | AI93: 5 | AM93: =SUM(AF93:AL93)+AT93 -> 5 | AR93: =SUM(AN93:AQ93) -> 0 | BA93: =+AR93+AS93+AU93+AV93+AX93 -> 0
A95: 45979 | B95: Toilet | C95: =(M95*E95*O95*Q95)/100000000 -> 41.053217 | D95: RC HW | E95: 15.5 | F95: 1 | G95: 1160 | H95: =+N95 -> 0.22240768 | I95: 0.88 | J95: =E95*G95*(1-H95)*1440/1000000*2.74 -> 55.163867 | K95: =(IF(G95<L95,L95,G95)*(1-IF(H95<N95,H95,N95))*E95*O95*Q95)/100000000 -> 41.234488 | L95: 1154.9005 | M95: 898.04178 | N95: =1-(M95/L95) -> 0.22240768 | O95: =+'Trim Rwd'!H58 -> 261 | P95: =O95*(Q95-R95-S95) -> 241425 | Q95: =955+175 -> 1130 | R95: 175 | S95: 30 | T95: =E95*M95*O95*Q95/100000000 -> 41.053217 | U95: =E95*M95*O95*(Q95-R95-S95)/100000000 -> 33.605509 | V95: =E95*G95*(1-N95)*O95/100*(R95+S95)/1000000 -> 7.4805929 | W95: =+'18'!K16/1000 -> 31.056 | X95: =SUM(W95:W98)/SUM(K95:K98) -> 0.8546638 | Y95: =+SUM(RBP!AG86:AG87) -> 0 | Z95: 0 | AA95: =SUM(U95:U98)-SUM(W95:W98)-SUM(Z95:Z98)-SUM(Y95:Y98) -> -0.19418133 | AB95: =(SUM(K95:K98)-SUM(W95:W98)-SUM(Y95:Y98)-SUM(Z95:Z98)-SUM(AC95:AC98)-SUM(V95:V98))-AA95 -> -0.0051045665 | AC95: =K95-T95 -> 0.18127095 | AD95: =+AM95+BA95 -> 0 | AE95: - Sheet Breaks (0x) | AF95: 0 | AM95: =SUM(AF95:AL95)+AT95 -> 0 | AR95: =SUM(AN95:AQ95) -> 0 | BA95: =+AR95+AS95+AU95+AV95+AX95 -> 0 | BB95: 0 | BF95: 2
B96: Toilet | C96: =(M96*E96*O96*Q96)/100000000 -> 12.751653 | D96: RC HW | E96: 16 | F96: 1 | G96: 1060 | H96: =+N96 -> 0.1746084 | I96: 0.88 | J96: =E96*G96*(1-H96)*1440/1000000*2.74 -> 55.23304 | K96: =(IF(G96<L96,L96,G96)*(1-IF(H96<N96,H96,N96))*E96*O96*Q96)/100000000 -> 12.751653 | L96: 1136.7742 | M96: 938.28387 | N96: =1-(M96/L96) -> 0.1746084 | O96: =+'Trim Rwd'!H59 -> 274 | P96: =O96*(Q96-R96-S96) -> 82200 | Q96: 310 | R96: 0 | S96: 10 | T96: =E96*M96*O96*Q96/100000000 -> 12.751653 | U96: =E96*M96*O96*(Q96-R96-S96)/100000000 -> 12.340309 | V96: =E96*G96*(1-N96)*O96/100*(R96+S96)/1000000 -> 0.38356278 | W96: =+'18'!K17/1000 -> 15.084 | AC96: =K96-T96 -> 0 | AD96: =+AM96+BA96 -> 9 | AE96: - Change Blade (8x) | AG96: 9 | AM96: =SUM(AF96:AL96)+AT96 -> 9 | AR96: =SUM(AN96:AQ96) -> 0 | BA96: =+AR96+AS96+AU96+AV96+AX96 -> 0 | BC96: 8
AD97: =+AM97+BA97 -> 21 | AE97: - Change Spool (26x) | AH97: 21 | AM97: =SUM(AF97:AL97)+AT97 -> 21 | AR97: =SUM(AN97:AQ97) -> 0 | BA97: =+AR97+AS97+AU97+AV97+AX97 -> 0
AD98: =+AM98+BA98 -> 10 | AE98: - Cleaning | AI98: 10 | AM98: =SUM(AF98:AL98)+AT98 -> 10 | AR98: =SUM(AN98:AQ98) -> 0 | BA98: =+AR98+AS98+AU98+AV98+AX98 -> 0
AD99: =+AM99+BA99 -> 175 | AE99: - 23.55 pm stop JR pin hole, drain couch pit, sikat felt dan katcer wire | AM99: =SUM(AF99:AL99)+AT99 -> 0 | AN99: 175 | AR99: =SUM(AN99:AQ99) -> 175 | BA99: =+AR99+AS99+AU99+AV99+AX99 -> 175
A101: 45980 | B101: Toilet | C101: =(M101*E101*O101*Q101)/100000000 -> 52.854161 | D101: RC HW | E101: 15.5 | F101: 1 | G101: 1135 | H101: =+N101 -> 0.20693759 | I101: 0.88 | J101: =E101*G101*(1-H101)*1440/1000000*2.74 -> 55.048816 | K101: =(IF(G101<L101,L101,G101)*(1-IF(H101<N101,H101,N101))*E101*O101*Q101)/100000000 -> 52.854161 | L101: 1148.3333 | M101: 910.7 | N101: =1-(M101/L101) -> 0.20693759 | O101: =+'Trim Rwd'!H61 -> 260.02174 | P101: =O101*(Q101-R101-S101) -> 361170.2 | Q101: 1440 | R101: 0 | S101: 51 | T101: =E101*M101*O101*Q101/100000000 -> 52.854161 | U101: =E101*M101*O101*(Q101-R101-S101)/100000000 -> 50.982243 | V101: =E101*G101*(1-N101)*O101/100*(R101+S101)/1000000 -> 1.8501833 | W101: =+'19'!K16/1000 -> 50.061 | X101: =SUM(W101:W104)/SUM(K101:K104) -> 0.94715343 | Y101: =+SUM(RBP!AG92:AG93) -> 0 | Z101: 0 | AA101: =SUM(U101:U104)-SUM(W101:W104)-SUM(Z101:Z104)-SUM(Y101:Y104) -> 0.92124306 | AB101: =(SUM(K101:K104)-SUM(W101:W104)-SUM(Y101:Y104)-SUM(Z101:Z104)-SUM(AC101:AC104)-SUM(V101:V104))-AA101 -> 0.021734899 | AC101: =K101-T101 -> 0 | AD101: =+AM101+BA101 -> 0 | AE101: - Sheet Breaks (0x) | AF101: 0 | AM101: =SUM(AF101:AL101)+AT101 -> 0 | AR101: =SUM(AN101:AQ101) -> 0 | BA101: =+AR101+AS101+AU101+AV101+AX101 -> 0 | BB101: 0 | BF101: 1
AC102: =K102-T102 -> 0 | AD102: =+AM102+BA102 -> 11 | AE102: - Change Blade (9x) | AG102: 11 | AM102: =SUM(AF102:AL102)+AT102 -> 11 | AR102: =SUM(AN102:AQ102) -> 0 | BA102: =+AR102+AS102+AU102+AV102+AX102 -> 0 | BC102: 9
AD103: =+AM103+BA103 -> 22 | AE103: - Change Spool (27x) | AH103: 22 | AM103: =SUM(AF103:AL103)+AT103 -> 22 | AR103: =SUM(AN103:AQ103) -> 0 | BA103: =+AR103+AS103+AU103+AV103+AX103 -> 0
AD104: =+AM104+BA104 -> 18 | AE104: - Cleaning | AI104: 18 | AM104: =SUM(AF104:AL104)+AT104 -> 18 | AR104: =SUM(AN104:AQ104) -> 0 | BA104: =+AR104+AS104+AU104+AV104+AX104 -> 0
A106: 45981 | B106: Toilet | C106: =(M106*E106*O106*Q106)/100000000 -> 1.0981105 | D106: RC HW | E106: 15.5 | F106: 1 | G106: 1155 | H106: =+N106 -> 0.22 | I106: 0.88 | J106: =E106*G106*(1-H106)*1440/1000000*2.74 -> 55.096161 | K106: =(IF(G106<L106,L106,G106)*(1-IF(H106<N106,H106,N106))*E106*O106*Q106)/100000000 -> 1.0981105 | L106: 1160 | M106: 904.8 | N106: =1-(M106/L106) -> 0.22 | O106: =+'Trim Rwd'!H64 -> 261 | P106: =O106*(Q106-R106-S106) -> 6525 | Q106: 30 | R106: 0 | S106: 5 | T106: =E106*M106*O106*Q106/100000000 -> 1.0981105 | U106: =E106*M106*O106*(Q106-R106-S106)/100000000 -> 0.9150921 | V106: =E106*G106*(1-N106)*O106/100*(R106+S106)/1000000 -> 0.18222955 | W106: =+'20'!K16/1000 -> 5.427 | X106: =SUM(W106:W109)/SUM(K106:K109) -> 0.96062044 | Y106: =+SUM(RBP!AG97:AG98) -> 0 | Z106: 0 | AA106: =SUM(U106:U109)-SUM(W106:W109)-SUM(Z106:Z109)-SUM(Y106:Y109) -> 0.3864287 | AB106: =(SUM(K106:K109)-SUM(W106:W109)-SUM(Y106:Y109)-SUM(Z106:Z109)-SUM(AC106:AC109)-SUM(V106:V109))-AA106 -> 0.070867221 | AC106: =K106-T106 -> 0 | AD106: =+AM106+BA106 -> 0 | AE106: - Sheet Breaks (0x) | AF106: 0 | AM106: =SUM(AF106:AL106)+AT106 -> 0 | AR106: =SUM(AN106:AQ106) -> 0 | BA106: =+AR106+AS106+AU106+AV106+AX106 -> 0 | BB106: 0 | BF106: 1
B107: Toilet | C107: =(M107*E107*O107*Q107)/100000000 -> 16.080014 | D107: RC HW | E107: 16 | F107: 1 | G107: 1080 | H107: =+N107 -> 0.19 | I107: 0.88 | J107: =E107*G107*(1-H107)*1440/1000000*2.74 -> 55.225774 | K107: =(IF(G107<L107,L107,G107)*(1-IF(H107<N107,H107,N107))*E107*O107*Q107)/100000000 -> 16.080014 | L107: 1160 | M107: 939.6 | N107: =1-(M107/L107) -> 0.19 | O107: =+'Trim Rwd'!H65 -> 256.5 | P107: =O107*(Q107-R107-S107) -> 102600 | Q107: 417 | R107: 0 | S107: =47-S106-S108 -> 17 | T107: =E107*M107*O107*Q107/100000000 -> 16.080014 | U107: =E107*M107*O107*(Q107-R107-S107)/100000000 -> 15.424474 | V107: =E107*G107*(1-N107)*O107/100*(R107+S107)/1000000 -> 0.61033046 | W107: =+'20'!K17/1000 -> 14.609 | AC107: =K107-T107 -> 0 | AD107: =+AM107+BA107 -> 12 | AE107: - Change Blade (9x) | AG107: 12 | AM107: =SUM(AF107:AL107)+AT107 -> 12 | AR107: =SUM(AN107:AQ107) -> 0 | BA107: =+AR107+AS107+AU107+AV107+AX107 -> 0 | BC107: 9
B108: Toilet | C108: =(M108*E108*O108*Q108)/100000000 -> 38.619148 | D108: RC HW | E108: 19 | F108: 1 | G108: 920 | H108: =+N108 -> 0.2 | I108: 0.88 | J108: =E108*G108*(1-H108)*1440/1000000*2.74 -> 55.17527 | K108: =(IF(G108<L108,L108,G108)*(1-IF(H108<N108,H108,N108))*E108*O108*Q108)/100000000 -> 38.619148 | L108: 944.14904 | M108: 755.31923 | N108: =1-(M108/L108) -> 0.2 | O108: =+'Trim Rwd'!H66 -> 271 | P108: =O108*(Q108-R108-S108) -> 262328 | Q108: 993 | R108: 0 | S108: 25 | T108: =E108*M108*O108*Q108/100000000 -> 38.619148 | U108: =E108*M108*O108*(Q108-R108-S108)/100000000 -> 37.646863 | V108: =E108*G108*(1-N108)*O108/100*(R108+S108)/1000000 -> 0.947416 | W108: =+'20'!K18/1000 -> 33.564 | AC108: =K108-T108 -> 0 | AD108: =+AM108+BA108 -> 27 | AE108: - Change Spool (28x) | AH108: 27 | AM108: =SUM(AF108:AL108)+AT108 -> 27 | AR108: =SUM(AN108:AQ108) -> 0 | BA108: =+AR108+AS108+AU108+AV108+AX108 -> 0
AD109: =+AM109+BA109 -> 8 | AE109: - Cleaning | AI109: 8 | AM109: =SUM(AF109:AL109)+AT109 -> 8 | AR109: =SUM(AN109:AQ109) -> 0 | BA109: =+AR109+AS109+AU109+AV109+AX109 -> 0
A111: 45982 | B111: Toilet | C111: =(M111*E111*O111*Q111)/100000000 -> 29.81065 | D111: RC HW | E111: 19 | F111: 1 | G111: 920 | H111: =+N111 -> 0.2 | I111: 0.88 | J111: =E111*G111*(1-H111)*1440/1000000*2.74 -> 55.17527 | K111: =(IF(G111<L111,L111,G111)*(1-IF(H111<N111,H111,N111))*E111*O111*Q111)/100000000 -> 29.938346 | L111: 916.07595 | M111: 732.86076 | N111: =1-(M111/L111) -> 0.2 | O111: =+'Trim Rwd'!H68 -> 271 | P111: =O111*(Q111-R111-S111) -> 208128 | Q111: 790 | R111: 0 | S111: 22 | T111: =E111*M111*O111*Q111/100000000 -> 29.81065 | U111: =E111*M111*O111*(Q111-R111-S111)/100000000 -> 28.98048 | V111: =E111*G111*(1-N111)*O111/100*(R111+S111)/1000000 -> 0.83372608 | W111: =+'21'!K18/1000 -> 33.189 | X111: =SUM(W111:W114)/SUM(K111:K114) -> 0.97684578 | Y111: =+SUM(RBP!AG102:AG103) -> 0 | Z111: 0 | AA111: =SUM(U111:U114)-SUM(W111:W114)-SUM(Z111:Z114)-SUM(Y111:Y114) -> -0.93278201 | AB111: =(SUM(K111:K114)-SUM(W111:W114)-SUM(Y111:Y114)-SUM(Z111:Z114)-SUM(AC111:AC114)-SUM(V111:V114))-AA111 -> 0.044386331 | AC111: =K111-T111 -> 0.1276952 | AD111: =+AM111+BA111 -> 0 | AE111: - Sheet Breaks (0x) | AF111: 0 | AM111: =SUM(AF111:AL111)+AT111 -> 0 | AR111: =SUM(AN111:AQ111) -> 0 | BA111: =+AR111+AS111+AU111+AV111+AX111 -> 0 | BB111: 0 | BF111: 1
B112: Toilet | C112: =(M112*E112*O112*Q112)/100000000 -> 25.07648 | D112: RC HW | E112: 20 | F112: 1 | G112: 875 | H112: =+N112 -> 0.2 | I112: 0.88 | J112: =E112*G112*(1-H112)*1440/1000000*2.74 -> 55.2384 | K112: =(IF(G112<L112,L112,G112)*(1-IF(H112<N112,H112,N112))*E112*O112*Q112)/100000000 -> 25.07648 | L112: 927.38462 | M112: 741.90769 | N112: =1-(M112/L112) -> 0.2 | O112: =+'Trim Rwd'!H69 -> 260 | P112: =O112*(Q112-R112-S112) -> 163280 | Q112: 650 | R112: 0 | S112: 22 | T112: =E112*M112*O112*Q112/100000000 -> 25.07648 | U112: =E112*M112*O112*(Q112-R112-S112)/100000000 -> 24.227738 | V112: =E112*G112*(1-N112)*O112/100*(R112+S112)/1000000 -> 0.8008 | W112: =+'21'!K19/1000 -> 20.552 | Z112: =+'21'!D17/1000 -> 0.4 | AC112: =K112-T112 -> 0 | AD112: =+AM112+BA112 -> 8 | AE112: - Change Blade (7x) | AG112: 8 | AM112: =SUM(AF112:AL112)+AT112 -> 8 | AR112: =SUM(AN112:AQ112) -> 0 | BA112: =+AR112+AS112+AU112+AV112+AX112 -> 0 | BC112: 7
AD113: =+AM113+BA113 -> 18 | AE113: - Change Spool (24x) | AH113: 18 | AM113: =SUM(AF113:AL113)+AT113 -> 18 | AR113: =SUM(AN113:AQ113) -> 0 | BA113: =+AR113+AS113+AU113+AV113+AX113 -> 0
AD114: =+AM114+BA114 -> 18 | AE114: - Cleaning | AI114: 18 | AM114: =SUM(AF114:AL114)+AT114 -> 18 | AR114: =SUM(AN114:AQ114) -> 0 | BA114: =+AR114+AS114+AU114+AV114+AX114 -> 0
A116: 45983 | B116: Toilet | C116: =(M116*E116*O116*Q116)/100000000 -> 8.305024 | D116: RC HW | E116: 20 | F116: 1 | G116: 875 | H116: =+N116 -> 0.2 | I116: 0.88 | J116: =E116*G116*(1-H116)*1440/1000000*2.74 -> 55.2384 | K116: =(IF(G116<L116,L116,G116)*(1-IF(H116<N116,H116,N116))*E116*O116*Q116)/100000000 -> 8.305024 | L116: 920 | M116: 736 | N116: =1-(M116/L116) -> 0.2 | O116: =+'Trim Rwd'!H71 -> 260 | P116: =O116*(Q116-R116-S116) -> 50960 | Q116: 217 | R116: 0 | S116: 21 | T116: =E116*M116*O116*Q116/100000000 -> 8.305024 | U116: =E116*M116*O116*(Q116-R116-S116)/100000000 -> 7.501312 | V116: =E116*G116*(1-N116)*O116/100*(R116+S116)/1000000 -> 0.7644 | W116: =+'22'!K19/1000 -> 12.606 | X116: =SUM(W116:W119)/SUM(K116:K119) -> 0.93131034 | Y116: 0 | Z116: =+'22'!D7/1000 -> 0.445 | AA116: =SUM(U116:U119)-SUM(W116:W119)-SUM(Z116:Z119)-SUM(Y116:Y119) -> 0.086063344 | AB116: =(SUM(K116:K119)-SUM(W116:W119)-SUM(Y116:Y119)-SUM(Z116:Z119)-SUM(AC116:AC119)-SUM(V116:V119))-AA116 -> 0.0083528549 | AC116: =K116-T116 -> 0 | AD116: =+AM116+BA116 -> 0 | AE116: - Sheet Breaks (0x) | AF116: 0 | AM116: =SUM(AF116:AL116)+AT116 -> 0 | AR116: =SUM(AN116:AQ116) -> 0 | BA116: =+AR116+AS116+AU116+AV116+AX116 -> 0 | BB116: 0
B117: Toilet | C117: =(M117*E117*O117*Q117)/100000000 -> 45.739736 | D117: RC HW | E117: 15 | F117: 1 | G117: 1180 | H117: =+N117 -> 0.21196792 | I117: 0.88 | J117: =E117*G117*(1-H117)*1440/1000000*2.74 -> 55.033891 | K117: =(IF(G117<L117,L117,G117)*(1-IF(H117<N117,H117,N117))*E117*O117*Q117)/100000000 -> 46.686312 | L117: 1156.0752 | M117: 911.02437 | N117: =1-(M117/L117) -> 0.21196792 | O117: =+'Trim Rwd'!H72 -> 273.68182 | P117: =O117*(Q117-R117-S117) -> 323765.59 | Q117: 1223 | R117: 0 | S117: 40 | T117: =E117*M117*O117*Q117/100000000 -> 45.739736 | U117: =E117*M117*O117*(Q117-R117-S117)/100000000 -> 44.243751 | V117: =E117*G117*(1-N117)*O117/100*(R117+S117)/1000000 -> 1.526944 | W117: =+'22'!K9/1000 -> 38.608 | Z117: =+'21'!D22/1000 -> 0 | AC117: =K117-T117 -> 0.94657586 | AD117: =+AM117+BA117 -> 15 | AE117: - Change Blade (11x) | AG117: 15 | AM117: =SUM(AF117:AL117)+AT117 -> 15 | AR117: =SUM(AN117:AQ117) -> 0 | BA117: =+AR117+AS117+AU117+AV117+AX117 -> 0 | BC117: 11
AD118: =+AM118+BA118 -> 28 | AE118: - Change Spool (28x) | AH118: 28 | AM118: =SUM(AF118:AL118)+AT118 -> 28 | AR118: =SUM(AN118:AQ118) -> 0 | BA118: =+AR118+AS118+AU118+AV118+AX118 -> 0
AD119: =+AM119+BA119 -> 18 | AE119: - Cleaning | AI119: 18 | AM119: =SUM(AF119:AL119)+AT119 -> 18 | AR119: =SUM(AN119:AQ119) -> 0 | BA119: =+AR119+AS119+AU119+AV119+AX119 -> 0
A121: 45984 | B121: Toilet | C121: =(M121*E121*O121*Q121)/100000000 -> 52.357532 | D121: RC HW | E121: 15 | F121: 1 | G121: 1190 | H121: =+N121 -> 0.21682081 | I121: 0.88 | J121: =E121*G121*(1-H121)*1440/1000000*2.74 -> 55.158496 | K121: =(IF(G121<L121,L121,G121)*(1-IF(H121<N121,H121,N121))*E121*O121*Q121)/100000000 -> 54.022078 | L121: 1153.3333 | M121: 903.26667 | N121: =1-(M121/L121) -> 0.21682081 | O121: =+'Trim Rwd'!H75 -> 268.35484 | P121: =O121*(Q121-R121-S121) -> 365767.65 | Q121: 1440 | R121: 0 | S121: 77 | T121: =E121*M121*O121*Q121/100000000 -> 52.357532 | U121: =E121*M121*O121*(Q121-R121-S121)/100000000 -> 49.557858 | V121: =E121*G121*(1-N121)*O121/100*(R121+S121)/1000000 -> 2.8886805 | W121: =+'23'!K9/1000 -> 48.63 | X121: =SUM(W121:W124)/SUM(K121:K124) -> 0.90018752 | Y121: =+SUM(RBP!AG112:AG113) -> 0 | Z121: 0 | AA121: =SUM(U121:U124)-SUM(W121:W124)-SUM(Z121:Z124)-SUM(Y121:Y124) -> 0.92785824 | AB121: =(SUM(K121:K124)-SUM(W121:W124)-SUM(Y121:Y124)-SUM(Z121:Z124)-SUM(AC121:AC124)-SUM(V121:V124))-AA121 -> -0.089006963 | AC121: =K121-T121 -> 1.6645458 | AD121: =+AM121+BA121 -> 0 | AE121: - Sheet Breaks (0x) | AF121: 0 | AM121: =SUM(AF121:AL121)+AT121 -> 0 | AR121: =SUM(AN121:AQ121) -> 0 | BA121: =+AR121+AS121+AU121+AV121+AX121 -> 0 | BB121: 0
Z122: =+'21'!D27/1000 -> 0 | AC122: =K122-T122 -> 0 | AD122: =+AM122+BA122 -> 12 | AE122: - Change Blade (10x) | AG122: 12 | AM122: =SUM(AF122:AL122)+AT122 -> 12 | AR122: =SUM(AN122:AQ122) -> 0 | BA122: =+AR122+AS122+AU122+AV122+AX122 -> 0 | BC122: 10
AD123: =+AM123+BA123 -> 24 | AE123: - Change Spool (27x) | AH123: 24 | AM123: =SUM(AF123:AL123)+AT123 -> 24 | AR123: =SUM(AN123:AQ123) -> 0 | BA123: =+AR123+AS123+AU123+AV123+AX123 -> 0
...

Sheet Efficiency2
A1: PM15 Efficiency Running Report
A3: Date | B3: Grade | C3: Speed real (ton) with Available Time | D3: Colour | E3: gsm | F3: Ply | G3: Standard | L3: Real Running | O3: Trim Rewinder (cm) | P3: Trim Rewinder x Running Time | Q3: Available Time (mnt) | R3: Down Time (mnt) | S3: Loss Time (mnt) | T3: Real Speed & Real Creepe Ratio with Available Time (ton) | U3: Real Speed & Real Creepe Ratio setelah dipotong DT & LT (ton) | V3: Loss tonase akibat DT + LT dari hitungan Teori with available time (ton) | W3: Accepted (ton) | X3: Real Eff dr Target Eff | Y3: Backlog | Z3: Reject Rewinder (ton) | AA3: Estimasi Reject to Broke Plant (ton) | AB3: Estimasi Faktor BW (ton) | AC3: Loss Opportunity in Speed (ton) | AD3: Downtime/ Losstime | AE3: Reason of Downtime / Losstime | AF3: Loss Time | AM3: Total Losstime | AN3: Unschedule Shut Down (mnt) | AS3: Schedule Shut Down | AT3: Marketing | AV3: EXT FACTOR | AX3: EXT FACTOR | AZ3: MANAGEMENT | BA3: Total Down Time | BB3: Freq. Sheets Break (X) | BC3: Freq. Change Blade (X) | BD3: Steam, & gangguan sinergy (X) | BE3: Freq, Trip PLN (X) | BF3: Cleaning Holes (X)
AF4: Proses | AI4: Change Grade | AJ4: Mekanik | AK4: Electric & Instrument | AL4: Boiler | AN4: Down Time Produksi | AO4: Mekanik | AP4: Electrical & Instrument | AQ4: Boiler | AR4: Total Unschedule Shut Down | AV4: LOSS | AW4: DOWN TIME | AX4: LOSS | AY4: DOWN TIME
G5: Yankee Speed (mpm) | H5: Max % Creeping | I5: Target Eff | J5: Kapasitas PM-Teori (ton) | K5: Teori (ton) with Available Time | L5: Yankee Speed (mpm) | M5: Popereel Speed (mpm) | N5: % Creeping | AF5: sheet break | AG5: change blade | AH5: change spool | AT5: Loss time | AU5: Down Time | AV5: SINERGY | AW5: SINERGY | AX5: PLN | AY5: PLN
A6: =+Report1!A9 -> 45962 | B6: Toilet | C6: =(M6*E6*O6*Q6)/100000000 -> 3.9742303 | D6: RC HW | E6: 14 | F6: 1 | G6: 1295 | H6: =+N6 -> 0.23 | I6: 0.88 | J6: =E6*G6*(1-H6)*1440/1000000*2.74 -> 55.080971 | K6: =(IF(G6<L6,L6,G6)*(1-IF(H6<N6,H6,N6))*E6*O6*Q6)/100000000 -> 4.3988275 | L6: 1170 | M6: 900.9 | N6: =1-(M6/L6) -> 0.23 | O6: =+'Trim Rwd'!H5 -> 274 | P6: =O6*(Q6-R6-S6) -> 26578 | Q6: 115 | R6: 0 | S6: 18 | T6: =E6*M6*O6*Q6/100000000 -> 3.9742303 | U6: =E6*M6*O6*(Q6-R6-S6)/100000000 -> 3.3521768 | V6: =E6*G6*(1-N6)*O6/100*(R6+S6)/1000000 -> 0.68851213 | W6: =+'1'!K8/1000 -> 7.017 | X6: =SUM(W6:W9)/SUM(K6:K9) -> 0.72220006 | Y6: 0 | Z6: 0 | AA6: =SUM(U6:U9)-SUM(W6:W9)-SUM(Z6:Z9)-SUM(Y6:Y9) -> 2.75351 | AB6: =(SUM(K6:K9)-SUM(W6:W9)-SUM(Y6:Y9)-SUM(Z6:Z9)-SUM(AC6:AC9)-SUM(V6:V9))-AA6 -> -0.80389189 | AC6: =K6-T6 -> 0.42459725 | AD6: =+AM6+BA6 -> 0 | AE6: - Sheet Breaks (0x) | AF6: 0 | AM6: =SUM(AF6:AL6)+AT6 -> 0 | AR6: =SUM(AN6:AQ6) -> 0 | BA6: =+AR6+AS6+AU6+AV6+AX6 -> 0 | BB6: 0 | BF6: 2
B7: Toilet | C7: =(M7*E7*O7*Q7)/100000000 -> 45.011378 | D7: RC HW | E7: 13.5 | F7: 1 | G7: 1345 | H7: =+N7 -> 0.23 | I7: 0.88 | J7: =E7*G7*(1-H7)*1440/1000000*2.74 -> 55.164519 | K7: =(IF(G7<L7,L7,G7)*(1-IF(H7<N7,H7,N7))*E7*O7*Q7)/100000000 -> 50.759019 | L7: 1192.7004 | M7: 918.37932 | N7: =1-(M7/L7) -> 0.23 | O7: =+'Trim Rwd'!H4 -> 274 | P7: =O7*(Q7-R7-S7) -> 316470 | Q7: =1185+140 -> 1325 | R7: =25+115 -> 140 | S7: 30 | T7: =E7*M7*O7*Q7/100000000 -> 45.011378 | U7: =E7*M7*O7*(Q7-R7-S7)/100000000 -> 39.236333 | V7: =E7*G7*(1-N7)*O7/100*(R7+S7)/1000000 -> 6.5124779 | W7: =+'1'!K7/1000 -> 32.818 | AC7: =K7-T7 -> 5.747641 | AD7: =+AM7+BA7 -> 10 | AE7: - Change Blade (11x) | AG7: 10 | AM7: =SUM(AF7:AL7)+AT7 -> 10 | AR7: =SUM(AN7:AQ7) -> 0 | BA7: =+AR7+AS7+AU7+AV7+AX7 -> 0 | BC7: 11
AD8: =+AM8+BA8 -> 23 | AE8: - Change Spool (28x) | AH8: 23 | AM8: =SUM(AF8:AL8)+AT8 -> 23 | AR8: =SUM(AN8:AQ8) -> 0 | BA8: =+AR8+AS8+AU8+AV8+AX8 -> 0
AD9: =+AM9+BA9 -> 15 | AE9: - Cleaning | AI9: 15 | AM9: =SUM(AF9:AL9)+AT9 -> 15 | AR9: =SUM(AN9:AQ9) -> 0 | BA9: =+AR9+AS9+AU9+AV9+AX9 -> 0
AD10: =+AM10+BA10 -> 140 | AE10: - 14.35 Pm stop, cleaning sambil jalan TDK ada perubahan. | AM10: =SUM(AF10:AL10)+AT10 -> 0 | AN10: 140 | AR10: =SUM(AN10:AQ10) -> 140 | BA10: =+AR10+AS10+AU10+AV10+AX10 -> 140
A12: 45963 | B12: Toilet | C12: =(M12*E12*O12*Q12)/100000000 -> 25.227343 | D12: RC HW | E12: 13.5 | F12: 1 | G12: 1345 | H12: =+N12 -> 0.23 | I12: 0.88 | J12: =E12*G12*(1-H12)*1440/1000000*2.74 -> 55.164519 | K12: =(IF(G12<L12,L12,G12)*(1-IF(H12<N12,H12,N12))*E12*O12*Q12)/100000000 -> 27.812111 | L12: 1220 | M12: 939.4 | N12: =1-(M12/L12) -> 0.23 | O12: =+'Trim Rwd'!H7 -> 274 | P12: =O12*(Q12-R12-S12) -> 192622 | Q12: 726 | R12: 0 | S12: 23 | T12: =E12*M12*O12*Q12/100000000 -> 25.227343 | U12: =E12*M12*O12*(Q12-R12-S12)/100000000 -> 24.428129 | V12: =E12*G12*(1-N12)*O12/100*(R12+S12)/1000000 -> 0.88109995 | W12: =+'2'!K7/1000 -> 28.511 | X12: =SUM(W12:W15)/SUM(K12:K15) -> 0.89075191 | Y12: 0 | Z12: 0 | AA12: =SUM(U12:U15)-SUM(W12:W15)-SUM(Z12:Z15)-SUM(Y12:Y15) -> 0.22124705 | AB12: =(SUM(K12:K15)-SUM(W12:W15)-SUM(Y12:Y15)-SUM(Z12:Z15)-SUM(AC12:AC15)-SUM(V12:V15))-AA12 -> -0.13196996 | AC12: =K12-T12 -> 2.5847687 | AD12: =+AM12+BA12 -> 0 | AE12: - Sheet Breaks (0x) | AF12: 0 | AM12: =SUM(AF12:AL12)+AT12 -> 0 | AR12: =SUM(AN12:AQ12) -> 0 | BA12: =+AR12+AS12+AU12+AV12+AX12 -> 0 | BB12: 0
B13: Toilet | C13: =(M13*E13*O13*Q13)/100000000 -> 25.685549 | D13: RC HW | E13: 14 | F13: 1 | G13: 1295 | H13: =+N13 -> 0.23 | I13: 0.88 | J13: =E13*G13*(1-H13)*1440/1000000*2.74 -> 55.080971 | K13: =(IF(G13<L13,L13,G13)*(1-IF(H13<N13,H13,N13))*E13*O13*Q13)/100000000 -> 27.310981 | L13: 1217.9272 | M13: 937.80392 | N13: =1-(M13/L13) -> 0.23 | O13: =+'Trim Rwd'!H8 -> 274 | P13: =O13*(Q13-R13-S13) -> 189608 | Q13: 714 | R13: 0 | S13: 22 | T13: =E13*M13*O13*Q13/100000000 -> 25.685549 | U13: =E13*M13*O13*(Q13-R13-S13)/100000000 -> 24.894118 | V13: =E13*G13*(1-N13)*O13/100*(R13+S13)/1000000 -> 0.84151483 | W13: =+'2'!K8/1000 -> 20.59 | AC13: =K13-T13 -> 1.6254321 | AD13: =+AM13+BA13 -> 12 | AE13: - Change Blade (10x) | AG13: 12 | AM13: =SUM(AF13:AL13)+AT13 -> 12 | AR13: =SUM(AN13:AQ13) -> 0 | BA13: =+AR13+AS13+AU13+AV13+AX13 -> 0 | BC13: 10
AD14: =+AM14+BA14 -> 23 | AE14: - Change Spool (28x) | AH14: 23 | AM14: =SUM(AF14:AL14)+AT14 -> 23 | AR14: =SUM(AN14:AQ14) -> 0 | BA14: =+AR14+AS14+AU14+AV14+AX14 -> 0
AD15: =+AM15+BA15 -> 10 | AE15: - Cleaning | AI15: 10 | AM15: =SUM(AF15:AL15)+AT15 -> 10 | AR15: =SUM(AN15:AQ15) -> 0 | BA15: =+AR15+AS15+AU15+AV15+AX15 -> 0
A17: 45964 | B17: Toilet | C17: =(M17*E17*O17*Q17)/100000000 -> 51.642079 | D17: RC HW | E17: 14 | F17: 1 | G17: 1295 | H17: =+N17 -> 0.23 | I17: 0.88 | J17: =E17*G17*(1-H17)*1440/1000000*2.74 -> 55.080971 | K17: =(IF(G17<L17,L17,G17)*(1-IF(H17<N17,H17,N17))*E17*O17*Q17)/100000000 -> 54.667433 | L17: 1223.3333 | M17: 941.96667 | N17: =1-(M17/L17) -> 0.23 | O17: =+'Trim Rwd'!H10 -> 271.94286 | P17: =O17*(Q17-R17-S17) -> 375825.03 | Q17: 1440 | R17: 0 | S17: 58 | T17: =E17*M17*O17*Q17/100000000 -> 51.642079 | U17: =E17*M17*O17*(Q17-R17-S17)/100000000 -> 49.562051 | V17: =E17*G17*(1-N17)*O17/100*(R17+S17)/1000000 -> 2.2018827 | W17: =+'3'!K8/1000 -> 48.119 | X17: =SUM(W17:W20)/SUM(K17:K20) -> 0.88021328 | Y17: =+SUM(RBP!AG8:AG9) -> 0 | Z17: 0 | AA17: =SUM(U17:U20)-SUM(W17:W20)-SUM(Z17:Z20)-SUM(Y17:Y20) -> 1.4430509 | AB17: =(SUM(K17:K20)-SUM(W17:W20)-SUM(Y17:Y20)-SUM(Z17:Z20)-SUM(AC17:AC20)-SUM(V17:V20))-AA17 -> -0.12185451 | AC17: =K17-T17 -> 3.0253534 | AD17: =+AM17+BA17 -> 0 | AE17: - Sheet Breaks (0x) | AF17: 0 | AM17: =SUM(AF17:AL17)+AT17 -> 0 | AR17: =SUM(AN17:AQ17) -> 0 | BA17: =+AR17+AS17+AU17+AV17+AX17 -> 0 | BB17: 0
AC18: =K18-T18 -> 0 | AD18: =+AM18+BA18 -> 13 | AE18: - Change Blade (14x) | AG18: 13 | AM18: =SUM(AF18:AL18)+AT18 -> 13 | AR18: =SUM(AN18:AQ18) -> 0 | BA18: =+AR18+AS18+AU18+AV18+AX18 -> 0 | BC18: 14
AD19: =+AM19+BA19 -> 22 | AE19: - Change Spool (28x) | AH19: 22 | AM19: =SUM(AF19:AL19)+AT19 -> 22 | AR19: =SUM(AN19:AQ19) -> 0 | BA19: =+AR19+AS19+AU19+AV19+AX19 -> 0
AD20: =+AM20+BA20 -> 23 | AE20: - Cleaning | AI20: 23 | AM20: =SUM(AF20:AL20)+AT20 -> 23 | AR20: =SUM(AN20:AQ20) -> 0 | BA20: =+AR20+AS20+AU20+AV20+AX20 -> 0
A22: 45965 | B22: Toilet | C22: =(M22*E22*O22*Q22)/100000000 -> 17.966487 | D22: RC HW | E22: 14 | F22: 1 | G22: 1295 | H22: =+N22 -> 0.23 | I22: 0.88 | J22: =E22*G22*(1-H22)*1440/1000000*2.74 -> 55.080971 | K22: =(IF(G22<L22,L22,G22)*(1-IF(H22<N22,H22,N22))*E22*O22*Q22)/100000000 -> 18.915935 | L22: 1230 | M22: 947.1 | N22: =1-(M22/L22) -> 0.23 | O22: =+'Trim Rwd'!H13 -> 271 | P22: =O22*(Q22-R22-S22) -> 129538 | Q22: 500 | R22: 0 | S22: 22 | T22: =E22*M22*O22*Q22/100000000 -> 17.966487 | U22: =E22*M22*O22*(Q22-R22-S22)/100000000 -> 17.175962 | V22: =E22*G22*(1-N22)*O22/100*(R22+S22)/1000000 -> 0.83230116 | W22: =+'4'!K8/1000 -> 22.055 | X22: =SUM(W22:W25)/SUM(K22:K25) -> 0.92179422 | Y22: 0 | Z22: 0 | AA22: =SUM(U22:U25)-SUM(W22:W25)-SUM(Z22:Z25)-SUM(Y22:Y25) -> 0.49532843 | AB22: =(SUM(K22:K25)-SUM(W22:W25)-SUM(Y22:Y25)-SUM(Z22:Z25)-SUM(AC22:AC25)-SUM(V22:V25))-AA22 -> -0.069477783 | AC22: =K22-T22 -> 0.9494485 | AD22: =+AM22+BA22 -> 0 | AE22: - Sheet Breaks (0x) | AF22: 0 | AM22: =SUM(AF22:AL22)+AT22 -> 0 | AR22: =SUM(AN22:AQ22) -> 0 | BA22: =+AR22+AS22+AU22+AV22+AX22 -> 0 | BB22: 0
B23: Toilet | C23: =(M23*E23*O23*Q23)/100000000 -> 35.189619 | D23: RC HW | E23: 15 | F23: 1 | G23: 1200 | H23: =+N23 -> 0.2249138 | I23: 0.88 | J23: =E23*G23*(1-H23)*1440/1000000*2.74 -> 55.047242 | K23: =(IF(G23<L23,L23,G23)*(1-IF(H23<N23,H23,N23))*E23*O23*Q23)/100000000 -> 35.933616 | L23: 1175.1543 | M23: 910.84585 | N23: =1-(M23/L23) -> 0.2249138 | O23: =+'Trim Rwd'!H14 -> 274 | P23: =O23*(Q23-R23-S23) -> 247970 | Q23: 940 | R23: 0 | S23: 35 | T23: =E23*M23*O23*Q23/100000000 -> 35.189619 | U23: =E23*M23*O23*(Q23-R23-S23)/100000000 -> 33.879367 | V23: =E23*G23*(1-N23)*O23/100*(R23+S23)/1000000 -> 1.3379538 | W23: =+'4'!K9/1000 -> 28.505 | AC23: =K23-T23 -> 0.74399788 | AD23: =+AM23+BA23 -> 12 | AE23: - Change Blade (15x) | AG23: 12 | AM23: =SUM(AF23:AL23)+AT23 -> 12 | AR23: =SUM(AN23:AQ23) -> 0 | BA23: =+AR23+AS23+AU23+AV23+AX23 -> 0 | BC23: 15
AD24: =+AM24+BA24 -> 22 | AE24: - Change Spool (29x) | AH24: 22 | AM24: =SUM(AF24:AL24)+AT24 -> 22 | AR24: =SUM(AN24:AQ24) -> 0 | BA24: =+AR24+AS24+AU24+AV24+AX24 -> 0
AD25: =+AM25+BA25 -> 23 | AE25: - Cleaning | AI25: 23 | AM25: =SUM(AF25:AL25)+AT25 -> 23 | AR25: =SUM(AN25:AQ25) -> 0 | BA25: =+AR25+AS25+AU25+AV25+AX25 -> 0
A27: 45966 | B27: Toilet | C27: =(M27*E27*O27*Q27)/100000000 -> 0.67218228 | D27: RC HW | E27: 15 | F27: 1 | G27: 1210 | H27: =+N27 -> 0.23 | I27: 0.88 | J27: =E27*G27*(1-H27)*1440/1000000*2.74 -> 55.141733 | K27: =(IF(G27<L27,L27,G27)*(1-IF(H27<N27,H27,N27))*E27*O27*Q27)/100000000 -> 0.68927166 | L27: 1180 | M27: 908.6 | N27: =1-(M27/L27) -> 0.23 | O27: =+'Trim Rwd'!H16 -> 274 | P27: =O27*(Q27-R27-S27) -> 4110 | Q27: 18 | R27: 0 | S27: 3 | T27: =E27*M27*O27*Q27/100000000 -> 0.67218228 | U27: =E27*M27*O27*(Q27-R27-S27)/100000000 -> 0.5601519 | V27: =E27*G27*(1-N27)*O27/100*(R27+S27)/1000000 -> 0.11487861 | W27: =+'5'!K9/1000 -> 5.733 | X27: =SUM(W27:W30)/SUM(K27:K30) -> 0.54867609 | Y27: 0 | Z27: 0 | AA27: =SUM(U27:U30)-SUM(W27:W30)-SUM(Z27:Z30)-SUM(Y27:Y30) -> -1.9218618 | AB27: =(SUM(K27:K30)-SUM(W27:W30)-SUM(Y27:Y30)-SUM(Z27:Z30)-SUM(AC27:AC30)-SUM(V27:V30))-AA27 -> -1.8712633 | AC27: =K27-T27 -> 0.01708938 | AD27: =+AM27+BA27 -> 0 | AE27: - Sheet Breaks (0x) | AF27: 0 | AM27: =SUM(AF27:AL27)+AT27 -> 0 | AR27: =SUM(AN27:AQ27) -> 0 | BA27: =+AR27+AS27+AU27+AV27+AX27 -> 0 | BB27: 0 | BF27: 1
B28: Toilet | C28: =(M28*E28*O28*Q28)/100000000 -> 15.724793 | D28: RC HW | E28: 13.5 | F28: 1 | G28: 1345 | H28: =+N28 -> 0.23 | I28: 0.88 | J28: =E28*G28*(1-H28)*1440/1000000*2.74 -> 55.164519 | K28: =(IF(G28<L28,L28,G28)*(1-IF(H28<N28,H28,N28))*E28*O28*Q28)/100000000 -> 17.698616 | L28: 1195 | M28: 920.15 | N28: =1-(M28/L28) -> 0.23 | O28: =+'Trim Rwd'!H17 -> 274 | P28: =O28*(Q28-R28-S28) -> 9042 | Q28: =47+415 -> 462 | R28: 415 | S28: 14 | T28: =E28*M28*O28*Q28/100000000 -> 15.724793 | U28: =E28*M28*O28*(Q28-R28-S28)/100000000 -> 1.1231995 | V28: =E28*G28*(1-N28)*O28/100*(R28+S28)/1000000 -> 16.43443 | W28: =+'5'!K7/1000 -> 1.254 | AC28: =K28-T28 -> 1.9738234 | AD28: =+AM28+BA28 -> 7 | AE28: - Change Blade (6x) | AG28: 7 | AM28: =SUM(AF28:AL28)+AT28 -> 7 | AR28: =SUM(AN28:AQ28) -> 0 | BA28: =+AR28+AS28+AU28+AV28+AX28 -> 0 | BC28: 6
B29: Towel | C29: =(M29*E29*O29*Q29)/100000000 -> 30.237393 | D29: RC HW | E29: 29 | F29: 1 | G29: 565 | H29: =+N29 -> 0.15 | I29: 0.88 | J29: =E29*G29*(1-H29)*1440/1000000*2.74 -> 54.951358 | K29: =(IF(G29<L29,L29,G29)*(1-IF(H29<N29,H29,N29))*E29*O29*Q29)/100000000 -> 30.436334 | L29: 561.30699 | M29: 477.11094 | N29: =1-(M29/L29) -> 0.15 | O29: =+'Trim Rwd'!H18 -> 256.5 | P29: =O29*(Q29-R29-S29) -> 163647 | Q29: =658+194 -> 852 | R29: 194 | S29: 20 | T29: =E29*M29*O29*Q29/100000000 -> 30.237393 | U29: =E29*M29*O29*(Q29-R29-S29)/100000000 -> 22.642555 | V29: =E29*G29*(1-N29)*O29/100*(R29+S29)/1000000 -> 7.6448068 | W29: =+'5'!K10/1000 -> 21.998 | Z29: =+'5'!D25/1000 -> 0.858 | AC29: =K29-T29 -> 0.19894099 | AD29: =+AM29+BA29 -> 18 | AE29: - Change Spool (17x) | AH29: 18 | AM29: =SUM(AF29:AL29)+AT29 -> 18 | AR29: =SUM(AN29:AQ29) -> 0 | BA29: =+AR29+AS29+AU29+AV29+AX29 -> 0
B30: Towel | C30: =(M30*E30*O30*Q30)/100000000 -> 4.002939 | D30: RC HW | E30: 20 | F30: 1 | G30: 820 | H30: =+N30 -> 0.15 | I30: 0.88 | J30: =E30*G30*(1-H30)*1440/1000000*2.74 -> 55.001664 | K30: =(IF(G30<L30,L30,G30)*(1-IF(H30<N30,H30,N30))*E30*O30*Q30)/100000000 -> 4.002939 | L30: 850 | M30: 722.5 | N30: =1-(M30/L30) -> 0.15 | O30: =+'Trim Rwd'!H19 -> 256.5 | P30: =O30*(Q30-R30-S30) -> 24880.5 | Q30: 108 | R30: 0 | S30: =48-S27-S28-S29 -> 11 | T30: =E30*M30*O30*Q30/100000000 -> 4.002939 | U30: =E30*M30*O30*(Q30-R30-S30)/100000000 -> 3.5952323 | V30: =E30*G30*(1-N30)*O30/100*(R30+S30)/1000000 -> 0.3933171 | W30: =+'4'!K16/1000 -> 0 | AC30: =K30-T30 -> 0 | AD30: =+AM30+BA30 -> 23 | AE30: - Cleaning | AI30: 23 | AM30: =SUM(AF30:AL30)+AT30 -> 23 | AR30: =SUM(AN30:AQ30) -> 0 | BA30: =+AR30+AS30+AU30+AV30+AX30 -> 0
AD31: =+AM31+BA31 -> 609 | AE31: - 08.05 pm 15 stop ganti felt | AM31: =SUM(AF31:AL31)+AT31 -> 0 | AR31: =SUM(AN31:AQ31) -> 0 | AS31: 609 | BA31: =+AR31+AS31+AU31+AV31+AX31 -> 609
A33: 45967 | B33: Towel | C33: =(M33*E33*O33*Q33)/100000000 -> 55.832054 | D33: RC HW | E33: 20 | F33: 1 | G33: 820 | H33: =+N33 -> 0.15 | I33: 0.88 | J33: =E33*G33*(1-H33)*1440/1000000*2.74 -> 55.001664 | K33: =(IF(G33<L33,L33,G33)*(1-IF(H33<N33,H33,N33))*E33*O33*Q33)/100000000 -> 55.832054 | L33: 875 | M33: 743.75 | N33: =1-(M33/L33) -> 0.15 | O33: =+'Trim Rwd'!H21 -> 260.65385 | P33: =O33*(Q33-R33-S33) -> 365436.69 | Q33: 1440 | R33: 0 | S33: 38 | T33: =E33*M33*O33*Q33/100000000 -> 55.832054 | U33: =E33*M33*O33*(Q33-R33-S33)/100000000 -> 54.358708 | V33: =E33*G33*(1-N33)*O33/100*(R33+S33)/1000000 -> 1.3807356 | W33: =+'6'!K11/1000 -> 56.119 | X33: =SUM(W33:W36)/SUM(K33:K36) -> 1.0051395 | Y33: 0 | Z33: 0 | AA33: =SUM(U33:U36)-SUM(W33:W36)-SUM(Z33:Z36)-SUM(Y33:Y36) -> -1.760292 | AB33: =(SUM(K33:K36)-SUM(W33:W36)-SUM(Y33:Y36)-SUM(Z33:Z36)-SUM(AC33:AC36)-SUM(V33:V36))-AA33 -> 0.092610312 | AC33: =K33-T33 -> 0 | AD33: =+AM33+BA33 -> 0 | AE33: - Sheet Breaks (0x) | AF33: 0 | AM33: =SUM(AF33:AL33)+AT33 -> 0 | AR33: =SUM(AN33:AQ33) -> 0 | BA33: =+AR33+AS33+AU33+AV33+AX33 -> 0 | BB33: 0
AC34: =K34-T34 -> 0 | AD34: =+AM34+BA34 -> 7 | AE34: - Change Blade (6x) | AG34: 7 | AM34: =SUM(AF34:AL34)+AT34 -> 7 | AR34: =SUM(AN34:AQ34) -> 0 | BA34: =+AR34+AS34+AU34+AV34+AX34 -> 0 | BC34: 6
AD35: =+AM35+BA35 -> 13 | AE35: - Change Spool (25x) | AH35: 13 | AM35: =SUM(AF35:AL35)+AT35 -> 13 | AR35: =SUM(AN35:AQ35) -> 0 | BA35: =+AR35+AS35+AU35+AV35+AX35 -> 0
AD36: =+AM36+BA36 -> 18 | AE36: - Cleaning | AI36: 18 | AM36: =SUM(AF36:AL36)+AT36 -> 18 | AR36: =SUM(AN36:AQ36) -> 0 | BA36: =+AR36+AS36+AU36+AV36+AX36 -> 0
A38: 45968 | B38: Towel | C38: =(M38*E38*O38*Q38)/100000000 -> 45.402903 | D38: RC HW | E38: 20 | F38: 1 | G38: 820 | H38: =+N38 -> 0.15 | I38: 0.88 | J38: =E38*G38*(1-H38)*1440/1000000*2.74 -> 55.001664 | K38: =(IF(G38<L38,L38,G38)*(1-IF(H38<N38,H38,N38))*E38*O38*Q38)/100000000 -> 45.402903 | L38: 910 | M38: 773.5 | N38: =1-(M38/L38) -> 0.15 | O38: =+'Trim Rwd'!H24 -> 270 | P38: =O38*(Q38-R38-S38) -> 285930 | Q38: 1087 | R38: 0 | S38: 28 | T38: =E38*M38*O38*Q38/100000000 -> 45.402903 | U38: =E38*M38*O38*(Q38-R38-S38)/100000000 -> 44.233371 | V38: =E38*G38*(1-N38)*O38/100*(R38+S38)/1000000 -> 1.053864 | W38: =+'7'!K11/1000 -> 48.045 | X38: =SUM(W38:W41)/SUM(K38:K41) -> 0.95309108 | Y38: =+SUM(RBP!AG29:AG30) -> 0 | Z38: 0 | AA38: =SUM(U38:U41)-SUM(W38:W41)-SUM(Z38:Z41)-SUM(Y38:Y41) -> 0.3630778 | AB38: =(SUM(K38:K41)-SUM(W38:W41)-SUM(Y38:Y41)-SUM(Z38:Z41)-SUM(AC38:AC41)-SUM(V38:V41))-AA38 -> 0.13471208 | AC38: =K38-T38 -> 0 | AD38: =+AM38+BA38 -> 0 | AE38: - Sheet Breaks (0x) | AF38: 0 | AM38: =SUM(AF38:AL38)+AT38 -> 0 | AR38: =SUM(AN38:AQ38) -> 0 | BA38: =+AR38+AS38+AU38+AV38+AX38 -> 0 | BB38: 0
B39: Towel | C39: =(M39*E39*O39*Q39)/100000000 -> 14.056262 | D39: RC HW | E39: 19 | F39: 1 | G39: 865 | H39: =+N39 -> 0.15 | I39: 0.88 | J39: =E39*G39*(1-H39)*1440/1000000*2.74 -> 55.119046 | K39: =(IF(G39<L39,L39,G39)*(1-IF(H39<N39,H39,N39))*E39*O39*Q39)/100000000 -> 14.056262 | L39: 920 | M39: 782 | N39: =1-(M39/L39) -> 0.15 | O39: =+'Trim Rwd'!H25 -> 268 | P39: =O39*(Q39-R39-S39) -> 92460 | Q39: 353 | R39: 0 | S39: 8 | T39: =E39*M39*O39*Q39/100000000 -> 14.056262 | U39: =E39*M39*O39*(Q39-R39-S39)/100000000 -> 13.737707 | V39: =E39*G39*(1-N39)*O39/100*(R39+S39)/1000000 -> 0.29951144 | W39: =+'7'!K12/1000 -> 8.625 | Z39: =+'7'!D26/1000 -> 0.938 | AC39: =K39-T39 -> 0 | AD39: =+AM39+BA39 -> 9 | AE39: - Change Blade (7x) | AG39: 9 | AM39: =SUM(AF39:AL39)+AT39 -> 9 | AR39: =SUM(AN39:AQ39) -> 0 | BA39: =+AR39+AS39+AU39+AV39+AX39 -> 0 | BC39: 7
AD40: =+AM40+BA40 -> 19 | AE40: - Change Spool (22x) | AH40: 19 | AM40: =SUM(AF40:AL40)+AT40 -> 19 | AR40: =SUM(AN40:AQ40) -> 0 | BA40: =+AR40+AS40+AU40+AV40+AX40 -> 0
AD41: =+AM41+BA41 -> 8 | AE41: - Cleaning | AI41: 8 | AM41: =SUM(AF41:AL41)+AT41 -> 8 | AR41: =SUM(AN41:AQ41) -> 0 | BA41: =+AR41+AS41+AU41+AV41+AX41 -> 0
A43: 45938 | B43: Towel | C43: =(M43*E43*O43*Q43)/100000000 -> 6.3711104 | D43: RC HW | E43: 19 | F43: 1 | G43: 865 | H43: =+N43 -> 0.15 | I43: 0.88 | J43: =E43*G43*(1-H43)*1440/1000000*2.74 -> 55.119046 | K43: =(IF(G43<L43,L43,G43)*(1-IF(H43<N43,H43,N43))*E43*O43*Q43)/100000000 -> 6.3711104 | L43: 920 | M43: 782 | N43: =1-(M43/L43) -> 0.15 | O43: =+'Trim Rwd'!H27 -> 268 | P43: =O43*(Q43-R43-S43) -> 40736 | Q43: 160 | R43: 0 | S43: 8 | T43: =E43*M43*O43*Q43/100000000 -> 6.3711104 | U43: =E43*M43*O43*(Q43-R43-S43)/100000000 -> 6.0525549 | V43: =E43*G43*(1-N43)*O43/100*(R43+S43)/1000000 -> 0.29951144 | W43: =+'8'!K12/1000 -> 10.238 | X43: =SUM(W43:W46)/SUM(K43:K46) -> 0.97811113 | Y43: =+SUM(RBP!AG33:AG34) -> 0 | Z43: 0 | AA43: =SUM(U43:U46)-SUM(W43:W46)-SUM(Z43:Z46)-SUM(Y43:Y46) -> -0.43126846 | AB43: =(SUM(K43:K46)-SUM(W43:W46)-SUM(Y43:Y46)-SUM(Z43:Z46)-SUM(AC43:AC46)-SUM(V43:V46))-AA43 -> 0.01904408 | AC43: =K43-T43 -> 0 | AD43: =+AM43+BA43 -> 0 | AE43: - Sheet Breaks (0x) | AF43: 0 | AM43: =SUM(AF43:AL43)+AT43 -> 0 | AR43: =SUM(AN43:AQ43) -> 0 | BA43: =+AR43+AS43+AU43+AV43+AX43 -> 0 | BB43: 0
B44: Towel | C44: =(M44*E44*O44*Q44)/100000000 -> 46.22823 | D44: RC HW | E44: 17 | F44: 1 | G44: =+L44 -> 950 | H44: =+N44 -> 0.15 | I44: 0.88 | J44: =E44*G44*(1-H44)*1440/1000000*2.74 -> 54.163224 | K44: =(IF(G44<L44,L44,G44)*(1-IF(H44<N44,H44,N44))*E44*O44*Q44)/100000000 -> 46.22823 | L44: 950 | M44: 807.5 | N44: =1-(M44/L44) -> 0.15 | O44: =+'Trim Rwd'!H28 -> 263.09091 | P44: =O44*(Q44-R44-S44) -> 327548.18 | Q44: 1280 | R44: 0 | S44: 35 | T44: =E44*M44*O44*Q44/100000000 -> 46.22823 | U44: =E44*M44*O44*(Q44-R44-S44)/100000000 -> 44.964177 | V44: =E44*G44*(1-N44)*O44/100*(R44+S44)/1000000 -> 1.2640532 | W44: =+'8'!K13/1000 -> 41.21 | Z44: =+'7'!D30/1000 -> 0 | AC44: =K44-T44 -> 0 | AD44: =+AM44+BA44 -> 10 | AE44: - Change Blade (7x) | AG44: 10 | AM44: =SUM(AF44:AL44)+AT44 -> 10 | AR44: =SUM(AN44:AQ44) -> 0 | BA44: =+AR44+AS44+AU44+AV44+AX44 -> 0 | BC44: 7
AD45: =+AM45+BA45 -> 25 | AE45: - Change Spool (25x) | AH45: 25 | AM45: =SUM(AF45:AL45)+AT45 -> 25 | AR45: =SUM(AN45:AQ45) -> 0 | BA45: =+AR45+AS45+AU45+AV45+AX45 -> 0
AD46: =+AM46+BA46 -> 8 | AE46: - Cleaning | AI46: 8 | AM46: =SUM(AF46:AL46)+AT46 -> 8 | AR46: =SUM(AN46:AQ46) -> 0 | BA46: =+AR46+AS46+AU46+AV46+AX46 -> 0
A48: 45939 | B48: Towel | C48: =(M48*E48*O48*Q48)/100000000 -> 21.623056 | D48: RC HW | E48: 17 | F48: 1 | G48: =+L48 -> 950 | H48: =+N48 -> 0.15 | I48: 0.88 | J48: =E48*G48*(1-H48)*1440/1000000*2.74 -> 54.163224 | K48: =(IF(G48<L48,L48,G48)*(1-IF(H48<N48,H48,N48))*E48*O48*Q48)/100000000 -> 21.623056 | L48: 950 | M48: 807.5 | N48: =1-(M48/L48) -> 0.15 | O48: =+'Trim Rwd'!H31 -> 262.96552 | P48: =O48*(Q48-R48-S48) -> 153834.83 | Q48: 599 | R48: 0 | S48: 14 | T48: =E48*M48*O48*Q48/100000000 -> 21.623056 | U48: =E48*M48*O48*(Q48-R48-S48)/100000000 -> 21.117676 | V48: =E48*G48*(1-N48)*O48/100*(R48+S48)/1000000 -> 0.50538028 | W48: =+'9'!K13/1000 -> 26.606 | X48: =SUM(W48:W51)/SUM(K48:K51) -> 0.94802685 | Y48: 0 | Z48: 0 | AA48: =SUM(U48:U51)-SUM(W48:W51)-SUM(Z48:Z51)-SUM(Y48:Y51) -> -0.42682157 | AB48: =(SUM(K48:K51)-SUM(W48:W51)-SUM(Y48:Y51)-SUM(Z48:Z51)-SUM(AC48:AC51)-SUM(V48:V51))-AA48 -> -0.053903985 | AC48: =K48-T48 -> 0 | AD48: =+AM48+BA48 -> 0 | AE48: - Sheet Breaks (0x) | AF48: 0 | AM48: =SUM(AF48:AL48)+AT48 -> 0 | AR48: =SUM(AN48:AQ48) -> 0 | BA48: =+AR48+AS48+AU48+AV48+AX48 -> 0 | BB48: 0
B49: Facial | C49: =(M49*E49*O49*Q49)/100000000 -> 11.431816 | D49: RC HW | E49: 14 | F49: 1 | G49: 1280 | H49: =+N49 -> 0.22 | I49: 0.88 | J49: =E49*G49*(1-H49)*1440/1000000*2.74 -> 55.150019 | K49: =(IF(G49<L49,L49,G49)*(1-IF(H49<N49,H49,N49))*E49*O49*Q49)/100000000 -> 12.269537 | L49: 1192.6061 | M49: 930.23273 | N49: =1-(M49/L49) -> 0.22 | O49: =+'Trim Rwd'!H33 -> 266 | P49: =O49*(Q49-R49-S49) -> 85652 | Q49: 330 | R49: 0 | S49: 8 | T49: =E49*M49*O49*Q49/100000000 -> 11.431816 | U49: =E49*M49*O49*(Q49-R49-S49)/100000000 -> 11.154681 | V49: =E49*G49*(1-N49)*O49/100*(R49+S49)/1000000 -> 0.29744333 | W49: =+'9'!K14/1000 -> 10.232 | Z49: =+'7'!D35/1000 -> 1.6282461e-05 | AC49: =K49-T49 -> 0.83772125 | AD49: =+AM49+BA49 -> 9 | AE49: - Change Blade (11x) | AG49: 9 | AM49: =SUM(AF49:AL49)+AT49 -> 9 | AR49: =SUM(AN49:AQ49) -> 0 | BA49: =+AR49+AS49+AU49+AV49+AX49 -> 0 | BC49: 11
B50: Toilet | C50: =(M50*E50*O50*Q50)/100000000 -> 11.119491 | D50: RC HW | E50: 16.5 | F50: 1 | G50: 1085 | H50: =+N50 -> 0.22 | I50: 0.88 | J50: =E50*G50*(1-H50)*1440/1000000*2.74 -> 55.096161 | K50: =(IF(G50<L50,L50,G50)*(1-IF(H50<N50,H50,N50))*E50*O50*Q50)/100000000 -> 11.296975 | L50: 1067.9538 | M50: 833.00396 | N50: =1-(M50/L50) -> 0.22 | O50: =+'Trim Rwd'!H34 -> 267 | P50: =O50*(Q50-R50-S50) -> 78765 | Q50: 303 | R50: 0 | S50: 8 | T50: =E50*M50*O50*Q50/100000000 -> 11.119491 | U50: =E50*M50*O50*(Q50-R50-S50)/100000000 -> 10.825907 | V50: =E50*G50*(1-N50)*O50/100*(R50+S50)/1000000 -> 0.29826997 | W50: =+'9'!K15/1000 -> 10.954 | AC50: =K50-T50 -> 0.17748438 | AD50: =+AM50+BA50 -> 18 | AE50: - Change Spool (30x) | AH50: 18 | AM50: =SUM(AF50:AL50)+AT50 -> 18 | AR50: =SUM(AN50:AQ50) -> 0 | BA50: =+AR50+AS50+AU50+AV50+AX50 -> 0
B51: Toilet | C51: =(M51*E51*O51*Q51)/100000000 -> 7.1091821 | D51: RC HW | E51: 13.5 | F51: 1 | G51: 1345 | H51: =+N51 -> 0.23 | I51: 0.88 | J51: =E51*G51*(1-H51)*1440/1000000*2.74 -> 55.164519 | K51: =(IF(G51<L51,L51,G51)*(1-IF(H51<N51,H51,N51))*E51*O51*Q51)/100000000 -> 7.9682082 | L51: 1200 | M51: 924 | N51: =1-(M51/L51) -> 0.23 | O51: =+'Trim Rwd'!H35 -> 274 | P51: =O51*(Q51-R51-S51) -> 55074 | Q51: 208 | R51: 0 | S51: =37-S48-S49-S50 -> 7 | T51: =E51*M51*O51*Q51/100000000 -> 7.1091821 | U51: =E51*M51*O51*(Q51-R51-S51)/100000000 -> 6.8699308 | V51: =E51*G51*(1-N51)*O51/100*(R51+S51)/1000000 -> 0.26816085 | W51: =+'9'!K7/1000 -> 2.603 | AC51: =K51-T51 -> 0.85902617 | AD51: =+AM51+BA51 -> 10 | AE51: - Cleaning | AI51: 10 | AM51: =SUM(AF51:AL51)+AT51 -> 10 | AR51: =SUM(AN51:AQ51) -> 0 | BA51: =+AR51+AS51+AU51+AV51+AX51 -> 0
A53: 45971 | B53: Toilet | C53: =(M53*E53*O53*Q53)/100000000 -> 53.455581 | D53: RC HW | E53: 13.5 | F53: 1 | G53: 1345 | H53: =+N53 -> 0.23 | I53: 0.88 | J53: =E53*G53*(1-H53)*1440/1000000*2.74 -> 55.164519 | K53: =(IF(G53<L53,L53,G53)*(1-IF(H53<N53,H53,N53))*E53*O53*Q53)/100000000 -> 55.164519 | L53: 1303.3333 | M53: 1003.5667 | N53: =1-(M53/L53) -> 0.23 | O53: =+'Trim Rwd'!H37 -> 274 | P53: =O53*(Q53-R53-S53) -> 383600 | Q53: 1440 | R53: 0 | S53: 40 | T53: =E53*M53*O53*Q53/100000000 -> 53.455581 | U53: =E53*M53*O53*(Q53-R53-S53)/100000000 -> 51.970703 | V53: =E53*G53*(1-N53)*O53/100*(R53+S53)/1000000 -> 1.5323477 | W53: =+'10'!K7/1000 -> 51.182 | X53: =SUM(W53:W56)/SUM(K53:K56) -> 0.92780652 | Y53: =+SUM(RBP!AG44:AG45) -> 0 | Z53: 0 | AA53: =SUM(U53:U56)-SUM(W53:W56)-SUM(Z53:Z56)-SUM(Y53:Y56) -> 0.7887034 | AB53: =(SUM(K53:K56)-SUM(W53:W56)-SUM(Y53:Y56)-SUM(Z53:Z56)-SUM(AC53:AC56)-SUM(V53:V56))-AA53 -> -0.0474705 | AC53: =K53-T53 -> 1.708938 | AD53: =+AM53+BA53 -> 0 | AE53: - Sheet Breaks (0x) | AF53: 0 | AM53: =SUM(AF53:AL53)+AT53 -> 0 | AR53: =SUM(AN53:AQ53) -> 0 | BA53: =+AR53+AS53+AU53+AV53+AX53 -> 0 | BB53: 0
AC54: =K54-T54 -> 0 | AD54: =+AM54+BA54 -> 11 | AE54: - Change Blade (11x) | AG54: 11 | AM54: =SUM(AF54:AL54)+AT54 -> 11 | AR54: =SUM(AN54:AQ54) -> 0 | BA54: =+AR54+AS54+AU54+AV54+AX54 -> 0 | BC54: 11
AD55: =+AM55+BA55 -> 19 | AE55: - Change Spool (31x) | AH55: 19 | AM55: =SUM(AF55:AL55)+AT55 -> 19 | AR55: =SUM(AN55:AQ55) -> 0 | BA55: =+AR55+AS55+AU55+AV55+AX55 -> 0
AD56: =+AM56+BA56 -> 10 | AE56: - Cleaning | AI56: 10 | AM56: =SUM(AF56:AL56)+AT56 -> 10 | AR56: =SUM(AN56:AQ56) -> 0 | BA56: =+AR56+AS56+AU56+AV56+AX56 -> 0
A58: 45972 | B58: Toilet | C58: =(M58*E58*O58*Q58)/100000000 -> 53.455581 | D58: RC HW | E58: 13.5 | F58: 1 | G58: 1345 | H58: =+N58 -> 0.23 | I58: 0.88 | J58: =E58*G58*(1-H58)*1440/1000000*2.74 -> 55.164519 | K58: =(IF(G58<L58,L58,G58)*(1-IF(H58<N58,H58,N58))*E58*O58*Q58)/100000000 -> 55.164519 | L58: 1303.3333 | M58: 1003.5667 | N58: =1-(M58/L58) -> 0.23 | O58: =+'Trim Rwd'!H40 -> 274 | P58: =O58*(Q58-R58-S58) -> 380312 | Q58: 1440 | R58: 0 | S58: 52 | T58: =E58*M58*O58*Q58/100000000 -> 53.455581 | U58: =E58*M58*O58*(Q58-R58-S58)/100000000 -> 51.52524 | V58: =E58*G58*(1-N58)*O58/100*(R58+S58)/1000000 -> 1.9920521 | W58: =+'11'!K7/1000 -> 50.653 | X58: =SUM(W58:W61)/SUM(K58:K61) -> 0.91821702 | Y58: =+SUM(RBP!AG49:AG50) -> 0 | Z58: 0 | AA58: =SUM(U58:U61)-SUM(W58:W61)-SUM(Z58:Z61)-SUM(Y58:Y61) -> 0.87224023 | AB58: =(SUM(K58:K61)-SUM(W58:W61)-SUM(Y58:Y61)-SUM(Z58:Z61)-SUM(AC58:AC61)-SUM(V58:V61))-AA58 -> -0.06171165 | AC58: =K58-T58 -> 1.708938 | AD58: =+AM58+BA58 -> 0 | AE58: - Sheet Breaks (0x) | AF58: 0 | AM58: =SUM(AF58:AL58)+AT58 -> 0 | AR58: =SUM(AN58:AQ58) -> 0 | BA58: =+AR58+AS58+AU58+AV58+AX58 -> 0 | BB58: 0
AC59: =K59-T59 -> 0 | AD59: =+AM59+BA59 -> 12 | AE59: - Change Blade (9x) | AG59: 12 | AM59: =SUM(AF59:AL59)+AT59 -> 12 | AR59: =SUM(AN59:AQ59) -> 0 | BA59: =+AR59+AS59+AU59+AV59+AX59 -> 0 | BC59: 9
AD60: =+AM60+BA60 -> 22 | AE60: - Change Spool (32x) | AH60: 22 | AM60: =SUM(AF60:AL60)+AT60 -> 22 | AR60: =SUM(AN60:AQ60) -> 0 | BA60: =+AR60+AS60+AU60+AV60+AX60 -> 0
AD61: =+AM61+BA61 -> 18 | AE61: - Cleaning | AI61: 18 | AM61: =SUM(AF61:AL61)+AT61 -> 18 | AR61: =SUM(AN61:AQ61) -> 0 | BA61: =+AR61+AS61+AU61+AV61+AX61 -> 0
A63: 45973 | B63: Toilet | C63: =(M63*E63*O63*Q63)/100000000 -> 53.318866 | D63: RC HW | E63: 13.5 | F63: 1 | G63: 1345 | H63: =+N63 -> 0.23 | I63: 0.88 | J63: =E63*G63*(1-H63)*1440/1000000*2.74 -> 55.164519 | K63: =(IF(G63<L63,L63,G63)*(1-IF(H63<N63,H63,N63))*E63*O63*Q63)/100000000 -> 55.164519 | L63: 1300 | M63: 1001 | N63: =1-(M63/L63) -> 0.23 | O63: =+'Trim Rwd'!H42 -> 274 | P63: =O63*(Q63-R63-S63) -> 377572 | Q63: 1440 | R63: 0 | S63: 62 | T63: =E63*M63*O63*Q63/100000000 -> 53.318866 | U63: =E63*M63*O63*(Q63-R63-S63)/100000000 -> 51.023192 | V63: =E63*G63*(1-N63)*O63/100*(R63+S63)/1000000 -> 2.375139 | W63: =+'12'!K7/1000 -> 49.13 | X63: =SUM(W63:W66)/SUM(K63:K66) -> 0.8906087 | Y63: =+SUM(RBP!AG54:AG55) -> 0 | Z63: =+'12'!D25/1000 -> 0.68 | AA63: =SUM(U63:U66)-SUM(W63:W66)-SUM(Z63:Z66)-SUM(Y63:Y66) -> 1.2131922 | AB63: =(SUM(K63:K66)-SUM(W63:W66)-SUM(Y63:Y66)-SUM(Z63:Z66)-SUM(AC63:AC66)-SUM(V63:V66))-AA63 -> -0.079465617 | AC63: =K63-T63 -> 1.845653 | AD63: =+AM63+BA63 -> 0 | AE63: - Sheet Breaks (0x) | AF63: 0 | AM63: =SUM(AF63:AL63)+AT63 -> 0 | AR63: =SUM(AN63:AQ63) -> 0 | BA63: =+AR63+AS63+AU63+AV63+AX63 -> 0 | BB63: 0
AC64: =K64-T64 -> 0 | AD64: =+AM64+BA64 -> 19 | AE64: - Change Blade (7x) | AG64: 19 | AM64: =SUM(AF64:AL64)+AT64 -> 19 | AR64: =SUM(AN64:AQ64) -> 0 | BA64: =+AR64+AS64+AU64+AV64+AX64 -> 0 | BC64: 7
AD65: =+AM65+BA65 -> 33 | AE65: - Change Spool (29x) | AH65: 33 | AM65: =SUM(AF65:AL65)+AT65 -> 33 | AR65: =SUM(AN65:AQ65) -> 0 | BA65: =+AR65+AS65+AU65+AV65+AX65 -> 0
AD66: =+AM66+BA66 -> 10 | AE66: - Cleaning | AI66: 10 | AM66: =SUM(AF66:AL66)+AT66 -> 10 | AR66: =SUM(AN66:AQ66) -> 0 | BA66: =+AR66+AS66+AU66+AV66+AX66 -> 0
A68: 45974 | B68: Toilet | C68: =(M68*E68*O68*Q68)/100000000 -> 49.801277 | D68: RC HW | E68: 13.5 | F68: 1 | G68: 1345 | H68: =+N68 -> 0.23 | I68: 0.88 | J68: =E68*G68*(1-H68)*1440/1000000*2.74 -> 55.164519 | K68: =(IF(G68<L68,L68,G68)*(1-IF(H68<N68,H68,N68))*E68*O68*Q68)/100000000 -> 55.164519 | L68: 1214.2355 | M68: 934.96134 | N68: =1-(M68/L68) -> 0.23 | O68: =+'Trim Rwd'!H44 -> 274 | P68: =O68*(Q68-R68-S68) -> 298386 | Q68: 1440 | R68: =170+132 -> 302 | S68: 49 | T68: =E68*M68*O68*Q68/100000000 -> 49.801277 | U68: =E68*M68*O68*(Q68-R68-S68)/100000000 -> 37.662215 | V68: =E68*G68*(1-N68)*O68/100*(R68+S68)/1000000 -> 13.446351 | W68: =+'13'!K7/1000 -> 29.459 | X68: =SUM(W68:W71)/SUM(K68:K71) -> 0.53402079 | Y68: =+SUM(RBP!AG59:AG60) -> 0 | Z68: =+'12'!D30/1000 -> 0 | AA68: =SUM(U68:U71)-SUM(W68:W71)-SUM(Z68:Z71)-SUM(Y68:Y71) -> 8.2032154 | AB68: =(SUM(K68:K71)-SUM(W68:W71)-SUM(Y68:Y71)-SUM(Z68:Z71)-SUM(AC68:AC71)-SUM(V68:V71))-AA68 -> -1.3072903 | AC68: =K68-T68 -> 5.3632421 | AD68: =+AM68+BA68 -> 9 | AE68: - Sheet Breaks (3x) | AF68: 9 | AM68: =SUM(AF68:AL68)+AT68 -> 9 | AR68: =SUM(AN68:AQ68) -> 0 | BA68: =+AR68+AS68+AU68+AV68+AX68 -> 0 | BB68: 3 | BF68: 3
AC69: =K69-T69 -> 0 | AD69: =+AM69+BA69 -> 7 | AE69: - Change Blade (6x) | AG69: 7 | AM69: =SUM(AF69:AL69)+AT69 -> 7 | AR69: =SUM(AN69:AQ69) -> 0 | BA69: =+AR69+AS69+AU69+AV69+AX69 -> 0 | BC69: 6
AD70: =+AM70+BA70 -> 25 | AE70: - Change Spool (25x) | AH70: 25 | AM70: =SUM(AF70:AL70)+AT70 -> 25 | AR70: =SUM(AN70:AQ70) -> 0 | BA70: =+AR70+AS70+AU70+AV70+AX70 -> 0
AD71: =+AM71+BA71 -> 8 | AE71: - Cleaning | AI71: 8 | AM71: =SUM(AF71:AL71)+AT71 -> 8 | AR71: =SUM(AN71:AQ71) -> 0 | BA71: =+AR71+AS71+AU71+AV71+AX71 -> 0
AD72: =+AM72+BA72 -> 170 | AE72: - 17.15 pm trip, compressor Flicker | AM72: =SUM(AF72:AL72)+AT72 -> 0 | AP72: 170 | AR72: =SUM(AN72:AQ72) -> 170 | BA72: =+AR72+AS72+AU72+AV72+AX72 -> 170
AD73: =+AM73+BA73 -> 132 | AE73: - 23:54 pm stop , kertas masih ada hole. | AM73: =SUM(AF73:AL73)+AT73 -> 0 | AN73: 132 | AR73: =SUM(AN73:AQ73) -> 132 | BA73: =+AR73+AS73+AU73+AV73+AX73 -> 132
A75: 45975 | B75: Toilet | C75: =(M75*E75*O75*Q75)/100000000 -> 8.9781906 | D75: RC HW | E75: 13.5 | F75: 1 | G75: 1345 | H75: =+N75 -> 0.23 | I75: 0.88 | J75: =E75*G75*(1-H75)*1440/1000000*2.74 -> 55.164519 | K75: =(IF(G75<L75,L75,G75)*(1-IF(H75<N75,H75,N75))*E75*O75*Q75)/100000000 -> 11.72246 | L75: 1030.1307 | M75: 793.20065 | N75: =1-(M75/L75) -> 0.23 | O75: =+'Trim Rwd'!H46 -> 274 | P75: =O75*(Q75-R75-S75) -> 79734 | Q75: 306 | R75: 0 | S75: 15 | T75: =E75*M75*O75*Q75/100000000 -> 8.9781906 | U75: =E75*M75*O75*(Q75-R75-S75)/100000000 -> 8.5380832 | V75: =E75*G75*(1-N75)*O75/100*(R75+S75)/1000000 -> 0.5746304 | W75: =+'14'!K7/1000 -> 17.556 | X75: =SUM(W75:W78)/SUM(K75:K78) -> 0.9832879 | Y75: =+SUM(RBP!AG66:AG67) -> 0 | Z75: 0 | AA75: =SUM(U75:U78)-SUM(W75:W78)-SUM(Z75:Z78)-SUM(Y75:Y78) -> -4.4691019 | AB75: =(SUM(K75:K78)-SUM(W75:W78)-SUM(Y75:Y78)-SUM(Z75:Z78)-SUM(AC75:AC78)-SUM(V75:V78))-AA75 -> -0.16038592 | AC75: =K75-T75 -> 2.7442696 | AD75: =+AM75+BA75 -> 0 | AE75: - Sheet Breaks (0x) | AF75: 0 | AM75: =SUM(AF75:AL75)+AT75 -> 0 | AR75: =SUM(AN75:AQ75) -> 0 | BA75: =+AR75+AS75+AU75+AV75+AX75 -> 0 | BB75: 0
B76: Toilet | C76: =(M76*E76*O76*Q76)/100000000 -> 41.923633 | D76: RC HW | E76: 15.5 | F76: 1 | G76: 1170 | H76: =+N76 -> 0.23 | I76: 0.88 | J76: =E76*G76*(1-H76)*1440/1000000*2.74 -> 55.096161 | K76: =(IF(G76<L76,L76,G76)*(1-IF(H76<N76,H76,N76))*E76*O76*Q76)/100000000 -> 42.675647 | L76: 1149.3827 | M76: 885.02469 | N76: =1-(M76/L76) -> 0.23 | O76: =+'Trim Rwd'!H47 -> 269.5 | P76: =O76*(Q76-R76-S76) -> 295102.5 | Q76: 1134 | R76: 0 | S76: =54-S75 -> 39 | T76: =E76*M76*O76*Q76/100000000 -> 41.923633 | U76: =E76*M76*O76*(Q76-R76-S76)/100000000 -> 40.481815 | V76: =E76*G76*(1-N76)*O76/100*(R76+S76)/1000000 -> 1.467681 | W76: =+'14'!K16/1000 -> 35.933 | AC76: =K76-T76 -> 0.75201361 | AD76: =+AM76+BA76 -> 15 | AE76: - Change Blade (9x) | AG76: 15 | AM76: =SUM(AF76:AL76)+AT76 -> 15 | AR76: =SUM(AN76:AQ76) -> 0 | BA76: =+AR76+AS76+AU76+AV76+AX76 -> 0 | BC76: 9
AD77: =+AM77+BA77 -> 31 | AE77: - Change Spool (27x) | AH77: 31 | AM77: =SUM(AF77:AL77)+AT77 -> 31 | AR77: =SUM(AN77:AQ77) -> 0 | BA77: =+AR77+AS77+AU77+AV77+AX77 -> 0
AD78: =+AM78+BA78 -> 8 | AE78: - Cleaning | AI78: 8 | AM78: =SUM(AF78:AL78)+AT78 -> 8 | AR78: =SUM(AN78:AQ78) -> 0 | BA78: =+AR78+AS78+AU78+AV78+AX78 -> 0
A80: 45976 | B80: Toilet | C80: =(M80*E80*O80*Q80)/100000000 -> 54.191297 | D80: RC HW | E80: 15.5 | F80: 1 | G80: 1170 | H80: =+N80 -> 0.23 | I80: 0.88 | J80: =E80*G80*(1-H80)*1440/1000000*2.74 -> 55.096161 | K80: =(IF(G80<L80,L80,G80)*(1-IF(H80<N80,H80,N80))*E80*O80*Q80)/100000000 -> 54.191297 | L80: 1170 | M80: 900.9 | N80: =1-(M80/L80) -> 0.23 | O80: =+'Trim Rwd'!H49 -> 269.5 | P80: =O80*(Q80-R80-S80) -> 375952.5 | Q80: 1440 | R80: 0 | S80: 45 | T80: =E80*M80*O80*Q80/100000000 -> 54.191297 | U80: =E80*M80*O80*(Q80-R80-S80)/100000000 -> 52.497819 | V80: =E80*G80*(1-N80)*O80/100*(R80+S80)/1000000 -> 1.693478 | W80: =+'15'!K16/1000 -> 50.348 | X80: =SUM(W80:W83)/SUM(K80:K83) -> 0.92907907 | Y80: =+SUM(RBP!AG71:AG72) -> 0 | Z80: =+'15'!D25/1000 -> 0.671 | AA80: =SUM(U80:U83)-SUM(W80:W83)-SUM(Z80:Z83)-SUM(Y80:Y83) -> 1.4788191 | AB80: =(SUM(K80:K83)-SUM(W80:W83)-SUM(Y80:Y83)-SUM(Z80:Z83)-SUM(AC80:AC83)-SUM(V80:V83))-AA80 -> 0 | AC80: =K80-T80 -> 0 | AD80: =+AM80+BA80 -> 0 | AE80: - Sheet Breaks (0x) | AF80: 0 | AM80: =SUM(AF80:AL80)+AT80 -> 0 | AR80: =SUM(AN80:AQ80) -> 0 | BA80: =+AR80+AS80+AU80+AV80+AX80 -> 0 | BB80: 0
AC81: =K81-T81 -> 0 | AD81: =+AM81+BA81 -> 11 | AE81: - Change Blade (9x) | AG81: 11 | AM81: =SUM(AF81:AL81)+AT81 -> 11 | AR81: =SUM(AN81:AQ81) -> 0 | BA81: =+AR81+AS81+AU81+AV81+AX81 -> 0 | BC81: 9
AD82: =+AM82+BA82 -> 26 | AE82: - Change Spool (26x) | AH82: 26 | AM82: =SUM(AF82:AL82)+AT82 -> 26 | AR82: =SUM(AN82:AQ82) -> 0 | BA82: =+AR82+AS82+AU82+AV82+AX82 -> 0
AD83: =+AM83+BA83 -> 8 | AE83: - Cleaning | AI83: 8 | AM83: =SUM(AF83:AL83)+AT83 -> 8 | AR83: =SUM(AN83:AQ83) -> 0 | BA83: =+AR83+AS83+AU83+AV83+AX83 -> 0
A85: 45977 | B85: Toilet | C85: =(M85*E85*O85*Q85)/100000000 -> 51.933326 | D85: RC HW | E85: 15.5 | F85: 1 | G85: 1170 | H85: =+N85 -> 0.23 | I85: 0.88 | J85: =E85*G85*(1-H85)*1440/1000000*2.74 -> 55.096161 | K85: =(IF(G85<L85,L85,G85)*(1-IF(H85<N85,H85,N85))*E85*O85*Q85)/100000000 -> 51.933326 | L85: 1170 | M85: 900.9 | N85: =1-(M85/L85) -> 0.23 | O85: =+'Trim Rwd'!H51 -> 269.5 | P85: =O85*(Q85-R85-S85) -> 362208 | Q85: 1380 | R85: 0 | S85: 36 | T85: =E85*M85*O85*Q85/100000000 -> 51.933326 | U85: =E85*M85*O85*(Q85-R85-S85)/100000000 -> 50.578544 | V85: =E85*G85*(1-N85)*O85/100*(R85+S85)/1000000 -> 1.3547824 | W85: =+'16'!K16/1000 -> 52.407 | X85: =SUM(W85:W88)/SUM(K85:K88) -> 0.9629708 | Y85: =+SUM(RBP!AG76:AG77) -> 0 | Z85: 0 | AA85: =SUM(U85:U88)-SUM(W85:W88)-SUM(Z85:Z88)-SUM(Y85:Y88) -> 0.32857723 | AB85: =(SUM(K85:K88)-SUM(W85:W88)-SUM(Y85:Y88)-SUM(Z85:Z88)-SUM(AC85:AC88)-SUM(V85:V88))-AA85 -> 0.026198784 | AC85: =K85-T85 -> 0 | AD85: =+AM85+BA85 -> 0 | AE85: - Sheet Breaks (0x) | AF85: 0 | AM85: =SUM(AF85:AL85)+AT85 -> 0 | AR85: =SUM(AN85:AQ85) -> 0 | BA85: =+AR85+AS85+AU85+AV85+AX85 -> 0 | BB85: 0
B86: Toilet | C86: =(M86*E86*O86*Q86)/100000000 -> 2.4888845 | D86: RC HW | E86: 16 | F86: 1 | G86: 1050 | H86: =+N86 -> 0.17 | I86: 0.88 | J86: =E86*G86*(1-H86)*1440/1000000*2.74 -> 55.017446 | K86: =(IF(G86<L86,L86,G86)*(1-IF(H86<N86,H86,N86))*E86*O86*Q86)/100000000 -> 2.4888845 | L86: 1140 | M86: 946.2 | N86: =1-(M86/L86) -> 0.17 | O86: =+'Trim Rwd'!H52 -> 274 | P86: =O86*(Q86-R86-S86) -> 14248 | Q86: 60 | R86: 0 | S86: 8 | T86: =E86*M86*O86*Q86/100000000 -> 2.4888845 | U86: =E86*M86*O86*(Q86-R86-S86)/100000000 -> 2.1570332 | V86: =E86*G86*(1-N86)*O86/100*(R86+S86)/1000000 -> 0.30565248 | W86: =+'14'!K26/1000 -> 0 | AC86: =K86-T86 -> 0 | AD86: =+AM86+BA86 -> 10 | AE86: - Change Blade (9x) | AG86: 10 | AM86: =SUM(AF86:AL86)+AT86 -> 10 | AR86: =SUM(AN86:AQ86) -> 0 | BA86: =+AR86+AS86+AU86+AV86+AX86 -> 0 | BC86: 9
AD87: =+AM87+BA87 -> 26 | AE87: - Change Spool (28x) | AH87: 26 | AM87: =SUM(AF87:AL87)+AT87 -> 26 | AR87: =SUM(AN87:AQ87) -> 0 | BA87: =+AR87+AS87+AU87+AV87+AX87 -> 0
AD88: =+AM88+BA88 -> 8 | AE88: - Cleaning | AI88: 8 | AM88: =SUM(AF88:AL88)+AT88 -> 8 | AR88: =SUM(AN88:AQ88) -> 0 | BA88: =+AR88+AS88+AU88+AV88+AX88 -> 0
A90: 45978 | B90: Toilet | C90: =(M90*E90*O90*Q90)/100000000 -> 12.475139 | D90: RC HW | E90: 16 | F90: 1 | G90: 1050 | H90: =+N90 -> 0.17 | I90: 0.88 | J90: =E90*G90*(1-H90)*1440/1000000*2.74 -> 55.017446 | K90: =(IF(G90<L90,L90,G90)*(1-IF(H90<N90,H90,N90))*E90*O90*Q90)/100000000 -> 12.475139 | L90: 1140 | M90: 946.2 | N90: =1-(M90/L90) -> 0.17 | O90: =+'Trim Rwd'!H54 -> 261.59649 | P90: =O90*(Q90-R90-S90) -> 79786.93 | Q90: 315 | R90: 0 | S90: 10 | T90: =E90*M90*O90*Q90/100000000 -> 12.475139 | U90: =E90*M90*O90*(Q90-R90-S90)/100000000 -> 12.079103 | V90: =E90*G90*(1-N90)*O90/100*(R90+S90)/1000000 -> 0.36477015 | W90: =+'17'!K17/1000 -> 13.542 | X90: =SUM(W90:W93)/SUM(K90:K93) -> 0.93426728 | Y90: =+SUM(RBP!AG81:AG82) -> 0 | Z90: 0 | AA90: =SUM(U90:U93)-SUM(W90:W93)-SUM(Z90:Z93)-SUM(Y90:Y93) -> 2.1117483 | AB90: =(SUM(K90:K93)-SUM(W90:W93)-SUM(Y90:Y93)-SUM(Z90:Z93)-SUM(AC90:AC93)-SUM(V90:V93))-AA90 -> 0.035501801 | AC90: =K90-T90 -> 0 | AD90: =+AM90+BA90 -> 0 | AE90: - Sheet Breaks (0x) | AF90: 0 | AM90: =SUM(AF90:AL90)+AT90 -> 0 | AR90: =SUM(AN90:AQ90) -> 0 | BA90: =+AR90+AS90+AU90+AV90+AX90 -> 0 | BB90: 0
B91: Toilet | C91: =(M91*E91*O91*Q91)/100000000 -> 43.202718 | D91: RC HW | E91: 15.5 | F91: 1 | G91: 1155 | H91: =+N91 -> 0.22 | I91: 0.88 | J91: =E91*G91*(1-H91)*1440/1000000*2.74 -> 55.096161 | K91: =(IF(G91<L91,L91,G91)*(1-IF(H91<N91,H91,N91))*E91*O91*Q91)/100000000 -> 43.202718 | L91: 1159.2622 | M91: 904.22453 | N91: =1-(M91/L91) -> 0.22 | O91: =+'Trim Rwd'!H56 -> 274 | P91: =O91*(Q91-R91-S91) -> 300030 | Q91: 1125 | R91: 0 | S91: 30 | T91: =E91*M91*O91*Q91/100000000 -> 43.202718 | U91: =E91*M91*O91*(Q91-R91-S91)/100000000 -> 42.050645 | V91: =E91*G91*(1-N91)*O91/100*(R91+S91)/1000000 -> 1.1478367 | W91: =+'17'!K16/1000 -> 38.476 | AC91: =K91-T91 -> 0 | AD91: =+AM91+BA91 -> 11 | AE91: - Change Blade (8x) | AG91: 11 | AM91: =SUM(AF91:AL91)+AT91 -> 11 | AR91: =SUM(AN91:AQ91) -> 0 | BA91: =+AR91+AS91+AU91+AV91+AX91 -> 0 | BC91: 8
AD92: =+AM92+BA92 -> 24 | AE92: - Change Spool (28x) | AH92: 24 | AM92: =SUM(AF92:AL92)+AT92 -> 24 | AR92: =SUM(AN92:AQ92) -> 0 | BA92: =+AR92+AS92+AU92+AV92+AX92 -> 0
AD93: =+AM93+BA93 -> 5 | AE93: - Cleaning | AI93: 5 | AM93: =SUM(AF93:AL93)+AT93 -> 5 | AR93: =SUM(AN93:AQ93) -> 0 | BA93: =+AR93+AS93+AU93+AV93+AX93 -> 0
A95: 45979 | B95: Toilet | C95: =(M95*E95*O95*Q95)/100000000 -> 41.053217 | D95: RC HW | E95: 15.5 | F95: 1 | G95: 1160 | H95: =+N95 -> 0.22240768 | I95: 0.88 | J95: =E95*G95*(1-H95)*1440/1000000*2.74 -> 55.163867 | K95: =(IF(G95<L95,L95,G95)*(1-IF(H95<N95,H95,N95))*E95*O95*Q95)/100000000 -> 41.234488 | L95: 1154.9005 | M95: 898.04178 | N95: =1-(M95/L95) -> 0.22240768 | O95: =+'Trim Rwd'!H58 -> 261 | P95: =O95*(Q95-R95-S95) -> 241425 | Q95: =955+175 -> 1130 | R95: 175 | S95: 30 | T95: =E95*M95*O95*Q95/100000000 -> 41.053217 | U95: =E95*M95*O95*(Q95-R95-S95)/100000000 -> 33.605509 | V95: =E95*G95*(1-N95)*O95/100*(R95+S95)/1000000 -> 7.4805929 | W95: =+'18'!K16/1000 -> 31.056 | X95: =SUM(W95:W98)/SUM(K95:K98) -> 0.8546638 | Y95: =+SUM(RBP!AG86:AG87) -> 0 | Z95: 0 | AA95: =SUM(U95:U98)-SUM(W95:W98)-SUM(Z95:Z98)-SUM(Y95:Y98) -> -0.19418133 | AB95: =(SUM(K95:K98)-SUM(W95:W98)-SUM(Y95:Y98)-SUM(Z95:Z98)-SUM(AC95:AC98)-SUM(V95:V98))-AA95 -> -0.0051045665 | AC95: =K95-T95 -> 0.18127095 | AD95: =+AM95+BA95 -> 0 | AE95: - Sheet Breaks (0x) | AF95: 0 | AM95: =SUM(AF95:AL95)+AT95 -> 0 | AR95: =SUM(AN95:AQ95) -> 0 | BA95: =+AR95+AS95+AU95+AV95+AX95 -> 0 | BB95: 0 | BF95: 2
