Workbook

Sheet eff all
A1: DATE | B1: PM 11 | L1: PM 12 | Z1: PM 14 | AN1: PM 15 | BF1: PM 16 | BT1: PM 17
B2: Eff Avaliable | D2: Eff Running | F2: PHP (ton) | H2: STEAM/Ton FG | J2: ELECTRIC/ton FG | L2: Eff Avaliable | N2: Eff Running | P2: PHP (ton) | R2: STEAM/ton FG | T2: STEAM DIP/ton FG | V2: ELECTRIC/ton FG | X2: ELECTRIC DIP/ton FG | Z2: Eff Avaliable | AB2: Eff Running | AD2: PHP (ton) | AF2: GAS /ton FG | AH2: STEAM /ton FG | AJ2: ELECTRIC /ton FG | AL2: Electric WPL /ton FG | AN2: Eff Avaliable | AP2: Eff Running | AR2: PHP (ton) | AT2: GAS /ton FG | AV2: STEAM /ton FG | AX2: STEAM DIP /ton FG | AZ2: ELECTRIC /ton FG | BB2: ELECTRIC DIP /ton FG | BD2: Electric WPL /ton FG | BF2: Eff Avaliable | BH2: Eff Running | BJ2: PHP (ton) | BL2: STEAM /ton FG | BN2: STEAM DIP/ton FG | BP2: ELECTRIC /ton FG | BR2: ELECTRIC DIP/ton FG | BT2: Eff Avaliable | BV2: Eff Running | BX2: PHP (ton) | BZ2: GAS /ton FG | CB2: STEAM /ton FG | CD2: STEAM DIP /ton FG | CF2: ELECTRIC /ton FG | CH2: ELECTRIC DIP /ton FG | CJ2: ELECTRIC WPL /ton FG
B3: Today | C3: Todate | D3: Today | E3: Todate | F3: Today | G3: Todate | H3: Today | I3: Todate | J3: Today | K3: Todate | L3: Today | M3: Todate | N3: Today | O3: Todate | P3: Today | Q3: Todate | R3: Today | S3: Todate | T3: Today | U3: Todate | V3: Today | W3: Todate | X3: Today | Y3: Todate | Z3: Today | AA3: Todate | AB3: Today | AC3: Todate | AD3: Today | AE3: Todate | AF3: Today | AG3: Todate | AH3: Today | AI3: Todate | AJ3: Today | AK3: Todate | AL3: Today | AM3: Todate | AN3: Today | AO3: Todate | AP3: Today | AQ3: Todate | AR3: Today | AS3: Todate | AT3: Today | AU3: Todate | AV3: Today | AW3: Todate | AX3: Today | AY3: Todate | AZ3: Today | BA3: Todate | BB3: Today | BC3: Todate | BD3: Today | BE3: Todate | BF3: Today | BG3: Todate | BH3: Today | BI3: Todate | BJ3: Today | BK3: Todate | BL3: Today | BM3: Todate | BN3: Today | BO3: Todate | BP3: Today | BQ3: Todate | BR3: Today | BS3: Todate | BT3: Today | BU3: Todate | BV3: Today | BW3: Todate | BX3: Today | BY3: Todate | BZ3: Today | CA3: Todate | CB3: Today | CC3: Todate | CD3: Today | CE3: Todate | CF3: Today | CG3: Todate | CH3: Today | CI3: Todate | CJ3: Today | CK3: Todate
A4: =+Report1!A9 -> 45870 | B4: =+Report1!J9 -> 0.11550917 | C4: =+Report1!K9 -> 0.11550917 | D4: =+Report1!AJ9 -> 0.11550917 | E4: =+Report1!AK9 -> 0.11550917 | F4: =+Report1!R9 -> 7.714 | G4: =+Report1!S9 -> 7.714 | H4: =+Report1!X9 -> 4.6392274 | I4: =+Report1!Y9 -> 4.6392274 | J4: =+Report1!AD9 -> 1959.5567 | K4: =+Report1!AE9 -> 1959.5567 | L4: =+[1]Report1!J9 -> 1.0736613 | M4: =+[1]Report1!K9 -> 1.0736613 | N4: =+[1]Report1!BJ9 -> 1.0736613 | O4: =+[1]Report1!BK9 -> 1.0736613 | P4: =+[1]Report1!R9 -> 80.169 | Q4: =+[1]Report1!S9 -> 80.169 | R4: =+[1]Report1!AL9 -> 2.300116 | S4: =+[1]Report1!AM9 -> 2.300116 | T4: =+[1]Report1!AR9 -> 0.23949407 | U4: =+[1]Report1!AS9 -> 0.23949407 | V4: =+[1]Report1!AX9 -> 428.99288 | W4: =+[1]Report1!AY9 -> 428.99288 | X4: =+[1]Report1!BD9 -> 393.75569 | Y4: =+[1]Report1!BE9 -> 393.75569 | Z4: =+[2]Report1!J9 -> 0.9357153 | AA4: =+[2]Report1!K9 -> 0.9357153 | AB4: =+[2]Report1!BC9 -> 0.9357153 | AC4: =+[2]Report1!BD9 -> 0.9357153 | AD4: =+[2]Report1!R9 -> 44.627 | AE4: =+[2]Report1!S9 -> 44.627 | AF4: =+[2]Report1!X9 -> 92.489962 | AG4: =+[2]Report1!Y9 -> 92.489962 | AH4: =+[2]Report1!AD9 -> 1.3332736 | AI4: =+[2]Report1!AE9 -> 1.3332736 | AJ4: =+[2]Report1!AJ9 -> 841.77785 | AK4: =+[2]Report1!AK9 -> 841.77785 | AL4: 0 | AM4: 0 | AN4: =+[3]Report1!J9 -> 0.89220756 | AO4: =+[3]Report1!K9 -> 0.89220756 | AP4: =+[3]Report1!BN9 -> 0.89220756 | AQ4: =+[3]Report1!BO9 -> 0.89220756 | AR4: =+[3]Report1!R9 -> 45.592 | AS4: =+[3]Report1!S9 -> 45.592 | AT4: =+[3]Report1!AF9 -> 119.11206 | AU4: =+[3]Report1!AG9 -> 119.11206 | AV4: =+[3]Report1!AL9 -> 1.5879979 | AW4: =+[3]Report1!AM9 -> 1.5879979 | AX4: =+[3]Report1!AR9 -> 0.19082295 | AY4: =+[3]Report1!AS9 -> 0.19082295 | AZ4: =+[3]Report1!AX9 -> 938.67389 | BA4: =+[3]Report1!AY9 -> 938.67389 | BB4: =+[3]Report1!BD9 -> 545.80854 | BC4: =+[3]Report1!BE9 -> 545.80854 | BD4: =+[3]Report1!BJ9 -> 15.30229 | BE4: =+[3]Report1!BK9 -> 15.30229 | BF4: =+[4]Report1!J9 -> 0.84364074 | BG4: =+[4]Report1!K9 -> 0.84364074 | BH4: =+[4]Report1!AN9 -> 0.84364074 | BI4: =+[4]Report1!AO9 -> 0.84364074 | BJ4: =+[4]Report1!R9 -> 45.37 | BK4: =+[4]Report1!S9 -> 45.37 | BL4: =+[4]Report1!AD9 -> 2.8080229 | BM4: =+[4]Report1!AE9 -> 2.8080229 | BN4: 0 | BO4: 0 | BP4: =+[4]Report1!AJ9 -> 1046.0847 | BQ4: =+[4]Report1!AK9 -> 1046.0847 | BR4: 0 | BS4: 0 | BT4: =+[5]Report1!J9 -> 1.0117807 | BU4: =+[5]Report1!K9 -> 1.0117807 | BV4: =+[5]Report1!BG9 -> 1.0117807 | BW4: =+[5]Report1!BH9 -> 1.0117807 | BX4: =+[5]Report1!R9 -> 52.126 | BY4: =+[5]Report1!S9 -> 52.126 | BZ4: =+[5]Report1!X9 -> 70.730409 | CA4: =+[5]Report1!Y9 -> 70.730409 | CB4: =+[5]Report1!AD9 -> 1.8800599 | CC4: =+[5]Report1!AE9 -> 1.8800599 | CD4: =+[5]Report1!AJ9 -> 0.17649541 | CE4: =+[5]Report1!AK9 -> 0.17649541 | CF4: =+[5]Report1!AP9 -> 741.15998 | CG4: =+[5]Report1!AQ9 -> 741.15998 | CH4: =+[5]Report1!AV9 -> 496.87674 | CI4: =+[5]Report1!AW9 -> 496.87674 | CJ4: =+[5]Report1!BB9 -> 13.930438 | CK4: =+[5]Report1!BC9 -> 13.930438
A5: =1+A4 -> 45871 | B5: =+Report1!J10 -> 0.66209517 | C5: =+Report1!K10 -> 0.38887501 | D5: =+Report1!AJ10 -> 0.66209517 | E5: =+Report1!AK10 -> 0.38887501 | F5: =+Report1!R10 -> 44.24 | G5: =+Report1!S10 -> 51.954 | H5: =+Report1!X10 -> 2.8289783 | I5: =+Report1!Y10 -> 3.0977596 | J5: =+Report1!AD10 -> 1027.8359 | K5: =+Report1!AE10 -> 1166.1755 | L5: =+[1]Report1!J10 -> 1.0084007 | M5: =+[1]Report1!K10 -> 1.04268 | N5: =+[1]Report1!BJ10 -> 1.0084007 | O5: =+[1]Report1!BK10 -> 1.04268 | P5: =+[1]Report1!R10 -> 68.052 | Q5: =+[1]Report1!S10 -> 148.221 | R5: =+[1]Report1!AL10 -> 2.6821107 | S5: =+[1]Report1!AM10 -> 2.4754994 | T5: =+[1]Report1!AR10 -> 0.26303415 | U5: =+[1]Report1!AS10 -> 0.25030191 | V5: =+[1]Report1!AX10 -> 531.0276 | W5: =+[1]Report1!AY10 -> 475.83959 | X5: =+[1]Report1!BD10 -> 461.5735 | Y5: =+[1]Report1!BE10 -> 424.89256 | Z5: =+[2]Report1!J10 -> 0.95928274 | AA5: =+[2]Report1!K10 -> 0.94749902 | AB5: =+[2]Report1!BC10 -> 0.95928274 | AC5: =+[2]Report1!BD10 -> 0.94749902 | AD5: =+[2]Report1!R10 -> 45.751 | AE5: =+[2]Report1!S10 -> 90.378 | AF5: =+[2]Report1!X10 -> 88.30606 | AG5: =+[2]Report1!Y10 -> 90.371994 | AH5: =+[2]Report1!AD10 -> 1.326747 | AI5: =+[2]Report1!AE10 -> 1.3299697 | AJ5: =+[2]Report1!AJ10 -> 853.34659 | AK5: =+[2]Report1!AK10 -> 847.63416 | AL5: 0 | AM5: 0 | AN5: =+[3]Report1!J10 -> 0.89586703 | AO5: =+[3]Report1!K10 -> 0.89403729 | AP5: =+[3]Report1!BN10 -> 0.89586703 | AQ5: =+[3]Report1!BO10 -> 0.89403729 | AR5: =+[3]Report1!R10 -> 45.779 | AS5: =+[3]Report1!S10 -> 91.371 | AT5: =+[3]Report1!AF10 -> 118.40145 | AU5: =+[3]Report1!AG10 -> 118.75603 | AV5: =+[3]Report1!AL10 -> 1.5487451 | AW5: =+[3]Report1!AM10 -> 1.5683313 | AX5: =+[3]Report1!AR10 -> 0.24028485 | AY5: =+[3]Report1!AS10 -> 0.21560451 | AZ5: =+[3]Report1!AX10 -> 922.07038 | BA5: =+[3]Report1!AY10 -> 930.35515 | BB5: =+[3]Report1!BD10 -> 516.82577 | BC5: =+[3]Report1!BE10 -> 531.2875 | BD5: =+[3]Report1!BJ10 -> 15.458529 | BE5: =+[3]Report1!BK10 -> 15.380569 | BF5: =+[4]Report1!J10 -> 0.84293414 | BG5: =+[4]Report1!K10 -> 0.84328744 | BH5: =+[4]Report1!AN10 -> 0.84293414 | BI5: =+[4]Report1!AO10 -> 0.84328744 | BJ5: =+[4]Report1!R10 -> 45.332 | BK5: =+[4]Report1!S10 -> 90.702 | BL5: =+[4]Report1!AD10 -> 2.8302303 | BM5: =+[4]Report1!AE10 -> 2.819122 | BN5: 0 | BO5: 0 | BP5: =+[4]Report1!AJ10 -> 1034.3913 | BQ5: =+[4]Report1!AK10 -> 1040.2405 | BR5: 0 | BS5: 0 | BT5: =+[5]Report1!J10 -> 0.81839596 | BU5: =+[5]Report1!K10 -> 0.91508831 | BV5: =+[5]Report1!BG10 -> 0.81839596 | BW5: =+[5]Report1!BH10 -> 0.91508831 | BX5: =+[5]Report1!R10 -> 42.163 | BY5: =+[5]Report1!S10 -> 94.289 | BZ5: =+[5]Report1!X10 -> 87.911428 | CA5: =+[5]Report1!Y10 -> 78.413207 | CB5: =+[5]Report1!AD10 -> 2.3077106 | CC5: =+[5]Report1!AE10 -> 2.0712915 | CD5: =+[5]Report1!AJ10 -> 0.25140526 | CE5: =+[5]Report1!AK10 -> 0.20999268 | CF5: =+[5]Report1!AP10 -> 913.04853 | CG5: =+[5]Report1!AQ10 -> 818.02299 | CH5: =+[5]Report1!AV10 -> 539.14411 | CI5: =+[5]Report1!AW10 -> 515.77734 | CJ5: =+[5]Report1!BB10 -> 16.126082 | CK5: =+[5]Report1!BC10 -> 14.912259
A6: =1+A5 -> 45872 | B6: =+Report1!J11 -> 0.78055074 | C6: =+Report1!K11 -> 0.51856923 | D6: =+Report1!AJ11 -> 0.78055074 | E6: =+Report1!AK11 -> 0.51856923 | F6: =+Report1!R11 -> 51.625 | G6: =+Report1!S11 -> 103.579 | H6: =+Report1!X11 -> 2.6112349 | I6: =+Report1!Y11 -> 2.8552699 | J6: =+Report1!AD11 -> 946.31477 | K6: =+Report1!AE11 -> 1056.5943 | L6: =+[1]Report1!J11 -> 0.9111034 | M6: =+[1]Report1!K11 -> 1.0044027 | N6: =+[1]Report1!BJ11 -> 0.9111034 | O6: =+[1]Report1!BK11 -> 1.0044027 | P6: =+[1]Report1!R11 -> 53.136 | Q6: =+[1]Report1!S11 -> 201.357 | R6: =+[1]Report1!AL11 -> 2.8942148 | S6: =+[1]Report1!AM11 -> 2.585994 | T6: =+[1]Report1!AR11 -> 0.28605842 | U6: =+[1]Report1!AS11 -> 0.25973768 | V6: =+[1]Report1!AX11 -> 677.61875 | W6: =+[1]Report1!AY11 -> 529.08699 | X6: =+[1]Report1!BD11 -> 477.86811 | Y6: =+[1]Report1!BE11 -> 438.87225 | Z6: =+[2]Report1!J11 -> 0.6285838 | AA6: =+[2]Report1!K11 -> 0.84119395 | AB6: =+[2]Report1!BC11 -> 0.6285838 | AC6: =+[2]Report1!BD11 -> 0.84119395 | AD6: =+[2]Report1!R11 -> 29.979 | AE6: =+[2]Report1!S11 -> 120.357 | AF6: =+[2]Report1!X11 -> 96.908809 | AG6: =+[2]Report1!Y11 -> 92.00021 | AH6: =+[2]Report1!AD11 -> 1.5777711 | AI6: =+[2]Report1!AE11 -> 1.391693 | AJ6: =+[2]Report1!AJ11 -> 969.79552 | AK6: =+[2]Report1!AK11 -> 878.0626 | AL6: 0 | AM6: 0 | AN6: =+[3]Report1!J11 -> 0.98639502 | AO6: =+[3]Report1!K11 -> 0.9248232 | AP6: =+[3]Report1!BN11 -> 0.98639502 | AQ6: =+[3]Report1!BO11 -> 0.9248232 | AR6: =+[3]Report1!R11 -> 50.405 | AS6: =+[3]Report1!S11 -> 141.776 | AT6: =+[3]Report1!AF11 -> 107.65144 | AU6: =+[3]Report1!AG11 -> 114.80806 | AV6: =+[3]Report1!AL11 -> 1.4145422 | AW6: =+[3]Report1!AM11 -> 1.5136553 | AX6: =+[3]Report1!AR11 -> 0.22418411 | AY6: =+[3]Report1!AS11 -> 0.21865478 | AZ6: =+[3]Report1!AX11 -> 861.8887 | BA6: =+[3]Report1!AY11 -> 906.01357 | BB6: =+[3]Report1!BD11 -> 523.57207 | BC6: =+[3]Report1!BE11 -> 528.54446 | BD6: =+[3]Report1!BJ11 -> 13.930166 | BE6: =+[3]Report1!BK11 -> 14.864914 | BF6: =+[4]Report1!J11 -> 0.9951688 | BG6: =+[4]Report1!K11 -> 0.89391456 | BH6: =+[4]Report1!AN11 -> 0.9951688 | BI6: =+[4]Report1!AO11 -> 0.89391456 | BJ6: =+[4]Report1!R11 -> 53.519 | BK6: =+[4]Report1!S11 -> 144.221 | BL6: =+[4]Report1!AD11 -> 2.4122274 | BM6: =+[4]Report1!AE11 -> 2.6681274 | BN6: 0 | BO6: 0 | BP6: =+[4]Report1!AJ11 -> 888.73699 | BQ6: =+[4]Report1!AK11 -> 984.01901 | BR6: 0 | BS6: 0 | BT6: =+[5]Report1!J11 -> 0.97878317 | BU6: =+[5]Report1!K11 -> 0.93631993 | BV6: =+[5]Report1!BG11 -> 0.97878317 | BW6: =+[5]Report1!BH11 -> 0.93631993 | BX6: =+[5]Report1!R11 -> 50.426 | BY6: =+[5]Report1!S11 -> 144.715 | BZ6: =+[5]Report1!X11 -> 76.004443 | CA6: =+[5]Report1!Y11 -> 77.573872 | CB6: =+[5]Report1!AD11 -> 1.9672391 | CC6: =+[5]Report1!AE11 -> 2.0350344 | CD6: =+[5]Report1!AJ11 -> 0.22805695 | CE6: =+[5]Report1!AK11 -> 0.21628719 | CF6: =+[5]Report1!AP11 -> 764.3195 | CG6: =+[5]Report1!AQ11 -> 799.30999 | CH6: =+[5]Report1!AV11 -> 523.35402 | CI6: =+[5]Report1!AW11 -> 518.41744 | CJ6: =+[5]Report1!BB11 -> 13.924364 | CK6: =+[5]Report1!BC11 -> 14.568027
A7: =1+A6 -> 45873 | B7: =+Report1!J12 -> 0.68443016 | C7: =+Report1!K12 -> 0.55881791 | D7: =+Report1!AJ12 -> 0.68443016 | E7: =+Report1!AK12 -> 0.55881791 | F7: =+Report1!R12 -> 43.804 | G7: =+Report1!S12 -> 147.383 | H7: =+Report1!X12 -> 2.9611223 | I7: =+Report1!Y12 -> 2.8867305 | J7: =+Report1!AD12 -> 1199.9922 | K7: =+Report1!AE12 -> 1099.2139 | L7: =+[1]Report1!J12 -> 0.80052628 | M7: =+[1]Report1!K12 -> 0.96132157 | N7: =+[1]Report1!BJ12 -> 0.80052628 | O7: =+[1]Report1!BK12 -> 0.96132157 | P7: =+[1]Report1!R12 -> 42.998 | Q7: =+[1]Report1!S12 -> 244.355 | R7: =+[1]Report1!AL12 -> 3.4281594 | S7: =+[1]Report1!AM12 -> 2.7341859 | T7: =+[1]Report1!AR12 -> 0.23722034 | U7: =+[1]Report1!AS12 -> 0.25577541 | V7: =+[1]Report1!AX12 -> 879.37323 | W7: =+[1]Report1!AY12 -> 590.72522 | X7: =+[1]Report1!BD12 -> 389.64603 | Y7: =+[1]Report1!BE12 -> 430.21015 | Z7: =+[2]Report1!J12 -> 0.92728638 | AA7: =+[2]Report1!K12 -> 0.86271705 | AB7: =+[2]Report1!BC12 -> 0.92728638 | AC7: =+[2]Report1!BD12 -> 0.86271705 | AD7: =+[2]Report1!R12 -> 44.225 | AE7: =+[2]Report1!S12 -> 164.582 | AF7: =+[2]Report1!X12 -> 96.42879 | AG7: =+[2]Report1!Y12 -> 93.190218 | AH7: =+[2]Report1!AD12 -> 1.3408705 | AI7: =+[2]Report1!AE12 -> 1.3780365 | AJ7: =+[2]Report1!AJ12 -> 828.13929 | AK7: =+[2]Report1!AK12 -> 864.64765 | AL7: 0 | AM7: 0 | AN7: =+[3]Report1!J12 -> 0.93655179 | AO7: =+[3]Report1!K12 -> 0.92775535 | AP7: =+[3]Report1!BN12 -> 0.93655179 | AQ7: =+[3]Report1!BO12 -> 0.92775535 | AR7: =+[3]Report1!R12 -> 47.858 | AS7: =+[3]Report1!S12 -> 189.634 | AT7: =+[3]Report1!AF12 -> 112.83688 | AU7: =+[3]Report1!AG12 -> 114.31059 | AV7: =+[3]Report1!AL12 -> 1.4668394 | AW7: =+[3]Report1!AM12 -> 1.5018404 | AX7: =+[3]Report1!AR12 -> 0.17969827 | AY7: =+[3]Report1!AS12 -> 0.20882331 | AZ7: =+[3]Report1!AX12 -> 917.59915 | BA7: =+[3]Report1!AY12 -> 908.93743 | BB7: =+[3]Report1!BD12 -> 460.94697 | BC7: =+[3]Report1!BE12 -> 511.48486 | BD7: =+[3]Report1!BJ12 -> 14.375862 | BE7: =+[3]Report1!BK12 -> 14.741492 | BF7: =+[4]Report1!J12 -> 0.87419463 | BG7: =+[4]Report1!K12 -> 0.88908077 | BH7: =+[4]Report1!AN12 -> 0.87419463 | BI7: =+[4]Report1!AO12 -> 0.88908077 | BJ7: =+[4]Report1!R12 -> 45.798 | BK7: =+[4]Report1!S12 -> 190.019 | BL7: =+[4]Report1!AD12 -> 2.8625704 | BM7: =+[4]Report1!AE12 -> 2.7149917 | BN7: 0 | BO7: 0 | BP7: =+[4]Report1!AJ12 -> 1011.0104 | BQ7: =+[4]Report1!AK12 -> 990.52442 | BR7: 0 | BS7: 0 | BT7: =+[5]Report1!J12 -> 0.94454342 | BU7: =+[5]Report1!K12 -> 0.9383758 | BV7: =+[5]Report1!BG12 -> 0.94454342 | BW7: =+[5]Report1!BH12 -> 0.9383758 | BX7: =+[5]Report1!R12 -> 48.662 | BY7: =+[5]Report1!S12 -> 193.377 | BZ7: =+[5]Report1!X12 -> 79.349173 | CA7: =+[5]Report1!Y12 -> 78.020614 | CB7: =+[5]Report1!AD12 -> 2.0221117 | CC7: =+[5]Report1!AE12 -> 2.0317825 | CD7: =+[5]Report1!AJ12 -> 0.17467428 | CE7: =+[5]Report1!AK12 -> 0.20581558 | CF7: =+[5]Report1!AP12 -> 770.8893 | CG7: =+[5]Report1!AQ12 -> 792.15812 | CH7: =+[5]Report1!AV12 -> 453.33114 | CI7: =+[5]Report1!AW12 -> 502.03892 | CJ7: =+[5]Report1!BB12 -> 14.138342 | CK7: =+[5]Report1!BC12 -> 14.4599
A8: =1+A7 -> 45874 | B8: =+Report1!J13 -> 0.76602829 | C8: =+Report1!K13 -> 0.60434139 | D8: =+Report1!AJ13 -> 0.76602829 | E8: =+Report1!AK13 -> 0.60434139 | F8: =+Report1!R13 -> 56.883 | G8: =+Report1!S13 -> 204.266 | H8: =+Report1!X13 -> 2.659037 | I8: =+Report1!Y13 -> 2.8233235 | J8: =+Report1!AD13 -> 989.88977 | K8: =+Report1!AE13 -> 1068.7698 | L8: =+[1]Report1!J13 -> 0.04548657 | M8: =+[1]Report1!K13 -> 0.80530974 | N8: =+[1]Report1!BJ13 -> 0.34593654 | O8: =+[1]Report1!BK13 -> 0.94514415 | P8: =+[1]Report1!R13 -> 2.374 | Q8: =+[1]Report1!S13 -> 246.729 | R8: =+[1]Report1!AL13 -> 19.467987 | S8: =+[1]Report1!AM13 -> 2.8951968 | T8: =+[1]Report1!AR13 -> 0 | U8: =+[1]Report1!AS13 -> 0.25331437 | V8: =+[1]Report1!AX13 -> 4236.3732 | W8: =+[1]Report1!AY13 -> 625.80325 | X8: =+[1]Report1!BD13 -> 264.1112 | Y8: =+[1]Report1!BE13 -> 428.61196 | Z8: =+[2]Report1!J13 -> 0.89698838 | AA8: =+[2]Report1!K13 -> 0.86957132 | AB8: =+[2]Report1!BC13 -> 0.89698838 | AC8: =+[2]Report1!BD13 -> 0.86957132 | AD8: =+[2]Report1!R13 -> 42.78 | AE8: =+[2]Report1!S13 -> 207.362 | AF8: =+[2]Report1!X13 -> 96.845417 | AG8: =+[2]Report1!Y13 -> 93.944308 | AH8: =+[2]Report1!AD13 -> 1.2973352 | AI8: =+[2]Report1!AE13 -> 1.3613873 | AJ8: =+[2]Report1!AJ13 -> 848.47826 | AK8: =+[2]Report1!AK13 -> 861.31181 | AL8: 0 | AM8: 0 | AN8: =+[3]Report1!J13 -> 0.93103322 | AO8: =+[3]Report1!K13 -> 0.92841093 | AP8: =+[3]Report1!BN13 -> 0.93103322 | AQ8: =+[3]Report1!BO13 -> 0.92841093 | AR8: =+[3]Report1!R13 -> 47.576 | AS8: =+[3]Report1!S13 -> 237.21 | AT8: =+[3]Report1!AF13 -> 115.54347 | AU8: =+[3]Report1!AG13 -> 114.55786 | AV8: =+[3]Report1!AL13 -> 1.4797377 | AW8: =+[3]Report1!AM13 -> 1.4974074 | AX8: =+[3]Report1!AR13 -> 0.20808811 | AY8: =+[3]Report1!AS13 -> 0.20867586 | AZ8: =+[3]Report1!AX13 -> 852.27636 | BA8: =+[3]Report1!AY13 -> 897.57321 | BB8: =+[3]Report1!BD13 -> 537.45481 | BC8: =+[3]Report1!BE13 -> 516.69352 | BD8: =+[3]Report1!BJ13 -> 3.9578779 | BE8: =+[3]Report1!BK13 -> 12.578677 | BF8: =+[4]Report1!J13 -> 0.85371022 | BG8: =+[4]Report1!K13 -> 0.88208327 | BH8: =+[4]Report1!AN13 -> 0.85371022 | BI8: =+[4]Report1!AO13 -> 0.88208327 | BJ8: =+[4]Report1!R13 -> 44.999 | BK8: =+[4]Report1!S13 -> 235.018 | BL8: =+[4]Report1!AD13 -> 2.7778395 | BM8: =+[4]Report1!AE13 -> 2.7270252 | BN8: 0 | BO8: 0 | BP8: =+[4]Report1!AJ13 -> 966.99593 | BQ8: =+[4]Report1!AK13 -> 986.01941 | BR8: 0 | BS8: 0 | BT8: =+[5]Report1!J13 -> 0.82618231 | BU8: =+[5]Report1!K13 -> 0.91567728 | BV8: =+[5]Report1!BG13 -> 0.82618231 | BW8: =+[5]Report1!BH13 -> 0.91567728 | BX8: =+[5]Report1!R13 -> 43.182 | BY8: =+[5]Report1!S13 -> 236.559 | BZ8: =+[5]Report1!X13 -> 89.709996 | CA8: =+[5]Report1!Y13 -> 80.15442 | CB8: =+[5]Report1!AD13 -> 2.2578852 | CC8: =+[5]Report1!AE13 -> 2.0730558 | CD8: =+[5]Report1!AJ13 -> 0.22926219 | CE8: =+[5]Report1!AK13 -> 0.21009558 | CF8: =+[5]Report1!AP13 -> 904.5864 | CG8: =+[5]Report1!AQ13 -> 812.68102 | CH8: =+[5]Report1!AV13 -> 592.14372 | CI8: =+[5]Report1!AW13 -> 518.48685 | CJ8: =+[5]Report1!BB13 -> 4.3606132 | CK8: =+[5]Report1!BC13 -> 12.616354
A9: =1+A8 -> 45875 | B9: =+Report1!J14 -> 0.92060276 | C9: =+Report1!K14 -> 0.66482753 | D9: =+Report1!AJ14 -> 0.92060276 | E9: =+Report1!AK14 -> 0.66482753 | F9: =+Report1!R14 -> 73.584 | G9: =+Report1!S14 -> 277.85 | H9: =+Report1!X14 -> 2.2536965 | I9: =+Report1!Y14 -> 2.6724672 | J9: =+Report1!AD14 -> 776.10595 | K9: =+Report1!AE14 -> 991.26262 | L9: =+[1]Report1!J14 -> 0.60009357 | M9: =+[1]Report1!K14 -> 0.77405446 | N9: =+[1]Report1!BJ14 -> 0.67266853 | O9: =+[1]Report1!BK14 -> 0.90200281 | P9: =+[1]Report1!R14 -> 33.033 | Q9: =+[1]Report1!S14 -> 279.762 | R9: =+[1]Report1!AL14 -> 3.9973663 | S9: =+[1]Report1!AM14 -> 3.0253358 | T9: =+[1]Report1!AR14 -> 0 | U9: =+[1]Report1!AS14 -> 0.22340418 | V9: =+[1]Report1!AX14 -> 1370.7223 | W9: =+[1]Report1!AY14 -> 713.75984 | X9: =+[1]Report1!BD14 -> 18.5572 | Y9: =+[1]Report1!BE14 -> 380.19459 | Z9: =+[2]Report1!J14 -> 0.89021991 | AA9: =+[2]Report1!K14 -> 0.87303251 | AB9: =+[2]Report1!BC14 -> 0.89021991 | AC9: =+[2]Report1!BD14 -> 0.87303251 | AD9: =+[2]Report1!R14 -> 42.75 | AE9: =+[2]Report1!S14 -> 250.112 | AF9: =+[2]Report1!X14 -> 94.947025 | AG9: =+[2]Report1!Y14 -> 94.115695 | AH9: =+[2]Report1!AD14 -> 1.354386 | AI9: =+[2]Report1!AE14 -> 1.3601906 | AJ9: =+[2]Report1!AJ14 -> 914.59602 | AK9: =+[2]Report1!AK14 -> 870.41933 | AL9: 0 | AM9: 0 | AN9: =+[3]Report1!J14 -> 0.94067469 | AO9: =+[3]Report1!K14 -> 0.93052832 | AP9: =+[3]Report1!BN14 -> 0.94067469 | AQ9: =+[3]Report1!BO14 -> 0.93052832 | AR9: =+[3]Report1!R14 -> 50.156 | AS9: =+[3]Report1!S14 -> 287.366 | AT9: =+[3]Report1!AF14 -> 110.53196 | AU9: =+[3]Report1!AG14 -> 113.85519 | AV9: =+[3]Report1!AL14 -> 1.4335274 | AW9: =+[3]Report1!AM14 -> 1.4862579 | AX9: =+[3]Report1!AR14 -> 0.1933966 | AY9: =+[3]Report1!AS14 -> 0.20600906 | AZ9: =+[3]Report1!AX14 -> 881.03078 | BA9: =+[3]Report1!AY14 -> 894.68594 | BB9: =+[3]Report1!BD14 -> 459.88159 | BC9: =+[3]Report1!BE14 -> 506.77774 | BD9: =+[3]Report1!BJ14 -> 4.1689927 | BE9: =+[3]Report1!BK14 -> 11.110876 | BF9: =+[4]Report1!J14 -> 0.93469207 | BG9: =+[4]Report1!K14 -> 0.89073683 | BH9: =+[4]Report1!AN14 -> 0.93469207 | BI9: =+[4]Report1!AO14 -> 0.89073683 | BJ9: =+[4]Report1!R14 -> 49.028 | BK9: =+[4]Report1!S14 -> 284.046 | BL9: =+[4]Report1!AD14 -> 2.5944358 | BM9: =+[4]Report1!AE14 -> 2.7041395 | BN9: 0 | BO9: 0 | BP9: =+[4]Report1!AJ14 -> 967.11002 | BQ9: =+[4]Report1!AK14 -> 982.75554 | BR9: 0 | BS9: 0 | BT9: =+[5]Report1!J14 -> 0.95001356 | BU9: =+[5]Report1!K14 -> 0.92166585 | BV9: =+[5]Report1!BG14 -> 0.95001356 | BW9: =+[5]Report1!BH14 -> 0.92166585 | BX9: =+[5]Report1!R14 -> 51.848 | BY9: =+[5]Report1!S14 -> 288.407 | BZ9: =+[5]Report1!X14 -> 71.751541 | CA9: =+[5]Report1!Y14 -> 78.643803 | CB9: =+[5]Report1!AD14 -> 1.818778 | CC9: =+[5]Report1!AE14 -> 2.0273433 | CD9: =+[5]Report1!AJ14 -> 0.17744175 | CE9: =+[5]Report1!AK14 -> 0.20422528 | CF9: =+[5]Report1!AP14 -> 739.63258 | CG9: =+[5]Report1!AQ14 -> 799.54883 | CH9: =+[5]Report1!AV14 -> 427.42785 | CI9: =+[5]Report1!AW14 -> 502.11683 | CJ9: =+[5]Report1!BB14 -> 3.8747878 | CK9: =+[5]Report1!BC14 -> 11.04485
A10: =1+A9 -> 45876 | B10: =+Report1!J15 -> 0.93472606 | C10: =+Report1!K15 -> 0.70548494 | D10: =+Report1!AJ15 -> 0.93472606 | E10: =+Report1!AK15 -> 0.70548494 | F10: =+Report1!R15 -> 69.284 | G10: =+Report1!S15 -> 347.134 | H10: =+Report1!X15 -> 2.0695399 | I10: =+Report1!Y15 -> 2.5521297 | J10: =+Report1!AD15 -> 788.33988 | K10: =+Report1!AE15 -> 950.76155 | L10: =+[1]Report1!J15 -> 0.55646884 | M10: =+[1]Report1!K15 -> 0.74460828 | N10: =+[1]Report1!BJ15 -> 0.55646884 | O10: =+[1]Report1!BK15 -> 0.84870395 | P10: =+[1]Report1!R15 -> 31.478 | Q10: =+[1]Report1!S15 -> 311.24 | R10: =+[1]Report1!AL15 -> 3.4532689 | S10: =+[1]Report1!AM15 -> 3.0686159 | T10: =+[1]Report1!AR15 -> 0 | U10: =+[1]Report1!AS15 -> 0.20080966 | V10: =+[1]Report1!AX15 -> 1113.3779 | W10: =+[1]Report1!AY15 -> 754.17617 | X10: =+[1]Report1!BD15 -> 15.058136 | Y10: =+[1]Report1!BE15 -> 343.26565 | Z10: =+[2]Report1!J15 -> 0.92251305 | AA10: =+[2]Report1!K15 -> 0.88077142 | AB10: =+[2]Report1!BC15 -> 0.92251305 | AC10: =+[2]Report1!BD15 -> 0.88077142 | AD10: =+[2]Report1!R15 -> 48.999 | AE10: =+[2]Report1!S15 -> 299.111 | AF10: =+[2]Report1!X15 -> 95.878767 | AG10: =+[2]Report1!Y15 -> 94.404514 | AH10: =+[2]Report1!AD15 -> 1.2592094 | AI10: =+[2]Report1!AE15 -> 1.3436483 | AJ10: =+[2]Report1!AJ15 -> 729.79734 | AK10: =+[2]Report1!AK15 -> 847.38328 | AL10: 0 | AM10: 0 | AN10: =+[3]Report1!J15 -> 0.94103816 | AO10: =+[3]Report1!K15 -> 0.93211222 | AP10: =+[3]Report1!BN15 -> 0.97564619 | AQ10: =+[3]Report1!BO15 -> 0.93712195 | AR10: =+[3]Report1!R15 -> 51.569 | AS10: =+[3]Report1!S15 -> 338.935 | AT10: =+[3]Report1!AF15 -> 98.312337 | AU10: =+[3]Report1!AG15 -> 111.49035 | AV10: =+[3]Report1!AL15 -> 1.2546297 | AW10: =+[3]Report1!AM15 -> 1.4510157 | AX10: =+[3]Report1!AR15 -> 0.12604472 | AY10: =+[3]Report1!AS15 -> 0.19384248 | AZ10: =+[3]Report1!AX15 -> 759.16423 | BA10: =+[3]Report1!AY15 -> 874.0663 | BB10: =+[3]Report1!BD15 -> 338.61273 | BC10: =+[3]Report1!BE15 -> 481.19141 | BD10: =+[3]Report1!BJ15 -> 4.1265101 | BE10: =+[3]Report1!BK15 -> 10.048204 | BF10: =+[4]Report1!J15 -> 0.86945414 | BG10: =+[4]Report1!K15 -> 0.88777858 | BH10: =+[4]Report1!AN15 -> 0.86945414 | BI10: =+[4]Report1!AO15 -> 0.88777858 | BJ10: =+[4]Report1!R15 -> 44.76 | BK10: =+[4]Report1!S15 -> 328.806 | BL10: =+[4]Report1!AD15 -> 2.8686327 | BM10: =+[4]Report1!AE15 -> 2.7265318 | BN10: 0 | BO10: 0 | BP10: =+[4]Report1!AJ15 -> 1024.3151 | BQ10: =+[4]Report1!AK15 -> 988.413 | BR10: 0 | BS10: 0 | BT10: =+[5]Report1!J15 -> 0.67586399 | BU10: =+[5]Report1!K15 -> 0.88630096 | BV10: =+[5]Report1!BG15 -> 0.75153988 | BW10: =+[5]Report1!BH15 -> 0.89932998 | BX10: =+[5]Report1!R15 -> 35.542 | BY10: =+[5]Report1!S15 -> 323.949 | BZ10: =+[5]Report1!X15 -> 99.014333 | CA10: =+[5]Report1!Y15 -> 80.878752 | CB10: =+[5]Report1!AD15 -> 2.4421811 | CC10: =+[5]Report1!AE15 -> 2.0728571 | CD10: =+[5]Report1!AJ15 -> 0.14630578 | CE10: =+[5]Report1!AK15 -> 0.19787065 | CF10: =+[5]Report1!AP15 -> 955.2272 | CG10: =+[5]Report1!AQ15 -> 816.62905 | CH10: =+[5]Report1!AV15 -> 386.02442 | CI10: =+[5]Report1!AW15 -> 489.37978 | CJ10: =+[5]Report1!BB15 -> 4.7042935 | CK10: =+[5]Report1!BC15 -> 10.349197
A11: =1+A10 -> 45877 | B11: =+Report1!J16 -> 0.9714059 | C11: =+Report1!K16 -> 0.73948209 | D11: =+Report1!AJ16 -> 0.9714059 | E11: =+Report1!AK16 -> 0.73948209 | F11: =+Report1!R16 -> 70.066 | G11: =+Report1!S16 -> 417.2 | H11: =+Report1!X16 -> 2.1457768 | I11: =+Report1!Y16 -> 2.4838854 | J11: =+Report1!AD16 -> 827.79865 | K11: =+Report1!AE16 -> 930.11074 | L11: =+[1]Report1!J16 -> 0.86040661 | M11: =+[1]Report1!K16 -> 0.76319655 | N11: =+[1]Report1!BJ16 -> 0.86040661 | O11: =+[1]Report1!BK16 -> 0.85079812 | P11: =+[1]Report1!R16 -> 68.77 | Q11: =+[1]Report1!S16 -> 380.01 | R11: =+[1]Report1!AL16 -> 2.1362804 | S11: =+[1]Report1!AM16 -> 2.8998921 | T11: =+[1]Report1!AR16 -> 0 | U11: =+[1]Report1!AS16 -> 0.16446936 | V11: =+[1]Report1!AX16 -> 636.78653 | W11: =+[1]Report1!AY16 -> 732.93229 | X11: =+[1]Report1!BD16 -> 7.5468954 | Y11: =+[1]Report1!BE16 -> 282.51099 | Z11: =+[2]Report1!J16 -> 0.82670871 | AA11: =+[2]Report1!K16 -> 0.87347982 | AB11: =+[2]Report1!BC16 -> 0.82670871 | AC11: =+[2]Report1!BD16 -> 0.87347982 | AD11: =+[2]Report1!R16 -> 43.769 | AE11: =+[2]Report1!S16 -> 342.88 | AF11: =+[2]Report1!X16 -> 103.36941 | AG11: =+[2]Report1!Y16 -> 95.548893 | AH11: =+[2]Report1!AD16 -> 1.3000069 | AI11: =+[2]Report1!AE16 -> 1.3380775 | AJ11: =+[2]Report1!AJ16 -> 811.08867 | AK11: =+[2]Report1!AK16 -> 842.75023 | AL11: 0 | AM11: 0 | AN11: =+[3]Report1!J16 -> 0.071476657 | AO11: =+[3]Report1!K16 -> 0.82278523 | AP11: =+[3]Report1!BN16 -> 0.10140531 | AQ11: =+[3]Report1!BO16 -> 0.85899929 | AR11: =+[3]Report1!R16 -> 3.782 | AS11: =+[3]Report1!S16 -> 342.717 | AT11: =+[3]Report1!AF16 -> 467.83211 | AU11: =+[3]Report1!AG16 -> 115.4227 | AV11: =+[3]Report1!AL16 -> 7.244844 | AW11: =+[3]Report1!AM16 -> 1.5149526 | AX11: =+[3]Report1!AR16 -> 0 | AY11: =+[3]Report1!AS16 -> 0.19170336 | AZ11: =+[3]Report1!AX16 -> 5105.9069 | BA11: =+[3]Report1!AY16 -> 920.76611 | BB11: =+[3]Report1!BD16 -> 220.12163 | BC11: =+[3]Report1!BE16 -> 478.31042 | BD11: =+[3]Report1!BJ16 -> 1.3220518 | BE11: =+[3]Report1!BK16 -> 9.9519078 | BF11: =+[4]Report1!J16 -> 0.97512506 | BG11: =+[4]Report1!K16 -> 0.89843793 | BH11: =+[4]Report1!AN16 -> 0.97512506 | BI11: =+[4]Report1!AO16 -> 0.89843793 | BJ11: =+[4]Report1!R16 -> 50.2 | BK11: =+[4]Report1!S16 -> 379.006 | BL11: =+[4]Report1!AD16 -> 2.5796813 | BM11: =+[4]Report1!AE16 -> 2.7070812 | BN11: 0 | BO11: 0 | BP11: =+[4]Report1!AJ16 -> 889.82689 | BQ11: =+[4]Report1!AK16 -> 975.3551 | BR11: 0 | BS11: 0 | BT11: =+[5]Report1!J16 -> 0.1941175 | BU11: =+[5]Report1!K16 -> 0.79796022 | BV11: =+[5]Report1!BG16 -> 0.25296761 | BW11: =+[5]Report1!BH16 -> 0.83323028 | BX11: =+[5]Report1!R16 -> 10.38 | BY11: =+[5]Report1!S16 -> 334.329 | BZ11: =+[5]Report1!X16 -> 88.466588 | CA11: =+[5]Report1!Y16 -> 81.114333 | CB11: =+[5]Report1!AD16 -> 2.3709056 | CC11: =+[5]Report1!AE16 -> 2.0821107 | CD11: =+[5]Report1!AJ16 -> 0 | CE11: =+[5]Report1!AK16 -> 0.19172731 | CF11: =+[5]Report1!AP16 -> 1500.3189 | CG11: =+[5]Report1!AQ16 -> 837.85575 | CH11: =+[5]Report1!AV16 -> 80.202312 | CI11: =+[5]Report1!AW16 -> 476.67594 | CJ11: =+[5]Report1!BB16 -> 0.48169557 | CK11: =+[5]Report1!BC16 -> 10.042838
A12: =1+A11 -> 45878 | B12: =+Report1!J17 -> 0.98913092 | C12: =+Report1!K17 -> 0.76885769 | D12: =+Report1!AJ17 -> 0.98913092 | E12: =+Report1!AK17 -> 0.76885769 | F12: =+Report1!R17 -> 74.421 | G12: =+Report1!S17 -> 491.621 | H12: =+Report1!X17 -> 2.1352978 | I12: =+Report1!Y17 -> 2.4311167 | J12: =+Report1!AD17 -> 777.38031 | K12: =+Report1!AE17 -> 906.99059 | L12: =+[1]Report1!J17 -> 0.83020676 | M12: =+[1]Report1!K17 -> 0.77264687 | N12: =+[1]Report1!BJ17 -> 0.83020676 | O12: =+[1]Report1!BK17 -> 0.84761241 | P12: =+[1]Report1!R17 -> 67.869 | Q12: =+[1]Report1!S17 -> 447.879 | R12: =+[1]Report1!AL17 -> 2.3344531 | S12: =+[1]Report1!AM17 -> 2.8142087 | T12: =+[1]Report1!AR17 -> 0 | U12: =+[1]Report1!AS17 -> 0.13954662 | V12: =+[1]Report1!AX17 -> 667.80754 | W12: =+[1]Report1!AY17 -> 723.06366 | X12: =+[1]Report1!BD17 -> 6.6451546 | Y12: =+[1]Report1!BE17 -> 240.70787 | Z12: =+[2]Report1!J17 -> 0.9569716 | AA12: =+[2]Report1!K17 -> 0.88236428 | AB12: =+[2]Report1!BC17 -> 0.9569716 | AC12: =+[2]Report1!BD17 -> 0.88236428 | AD12: =+[2]Report1!R17 -> 44.734 | AE12: =+[2]Report1!S17 -> 387.614 | AF12: =+[2]Report1!X17 -> 93.762407 | AG12: =+[2]Report1!Y17 -> 95.342717 | AH12: =+[2]Report1!AD17 -> 1.2093709 | AI12: =+[2]Report1!AE17 -> 1.3232236 | AJ12: =+[2]Report1!AJ17 -> 869.88465 | AK12: =+[2]Report1!AK17 -> 845.88178 | AL12: 0 | AM12: 0 | AN12: =+[3]Report1!J17 -> 0.79384984 | AO12: =+[3]Report1!K17 -> 0.81951947 | AP12: =+[3]Report1!BN17 -> 0.79384984 | AQ12: =+[3]Report1!BO17 -> 0.85136058 | AR12: =+[3]Report1!R17 -> 42.068 | AS12: =+[3]Report1!S17 -> 384.785 | AT12: =+[3]Report1!AF17 -> 123.12678 | AU12: =+[3]Report1!AG17 -> 116.26498 | AV12: =+[3]Report1!AL17 -> 1.5902824 | AW12: =+[3]Report1!AM17 -> 1.5231883 | AX12: =+[3]Report1!AR17 -> 0 | AY12: =+[3]Report1!AS17 -> 0.1707447 | AZ12: =+[3]Report1!AX17 -> 1056.9416 | BA12: =+[3]Report1!AY17 -> 935.65399 | BB12: =+[3]Report1!BD17 -> 21.524674 | BC12: =+[3]Report1!BE17 -> 428.37068 | BD12: =+[3]Report1!BJ17 -> 0 | BE12: =+[3]Report1!BK17 -> 8.8638798 | BF12: =+[4]Report1!J17 -> 0.94919295 | BG12: =+[4]Report1!K17 -> 0.90395817 | BH12: =+[4]Report1!AN17 -> 0.94919295 | BI12: =+[4]Report1!AO17 -> 0.90395817 | BJ12: =+[4]Report1!R17 -> 48.865 | BK12: =+[4]Report1!S17 -> 427.871 | BL12: =+[4]Report1!AD17 -> 2.6419728 | BM12: =+[4]Report1!AE17 -> 2.6996455 | BN12: 0 | BO12: 0 | BP12: =+[4]Report1!AJ17 -> 989.6476 | BQ12: =+[4]Report1!AK17 -> 976.98737 | BR12: 0 | BS12: 0 | BT12: =+[5]Report1!J17 -> 0.85309949 | BU12: =+[5]Report1!K17 -> 0.80414306 | BV12: =+[5]Report1!BG17 -> 0.85309949 | BW12: =+[5]Report1!BH17 -> 0.83554525 | BX12: =+[5]Report1!R17 -> 45.141 | BY12: =+[5]Report1!S17 -> 379.47 | BZ12: =+[5]Report1!X17 -> 89.806051 | CA12: =+[5]Report1!Y17 -> 82.148283 | CB12: =+[5]Report1!AD17 -> 2.0557808 | CC12: =+[5]Report1!AE17 -> 2.0789786 | CD12: =+[5]Report1!AJ17 -> 0 | CE12: =+[5]Report1!AK17 -> 0.16891981 | CF12: =+[5]Report1!AP17 -> 912.80942 | CG12: =+[5]Report1!AQ17 -> 846.77209 | CH12: =+[5]Report1!AV17 -> 20.05937 | CI12: =+[5]Report1!AW17 -> 422.35773 | CJ12: =+[5]Report1!BB17 -> 0 | CK12: =+[5]Report1!BC17 -> 8.8481619
A13: =1+A12 -> 45879 | B13: =+Report1!J18 -> 1.019359 | C13: =+Report1!K18 -> 0.7967745 | D13: =+Report1!AJ18 -> 1.019359 | E13: =+Report1!AK18 -> 0.7967745 | F13: =+Report1!R18 -> 81.749 | G13: =+Report1!S18 -> 573.37 | H13: =+Report1!X18 -> 2.1023988 | I13: =+Report1!Y18 -> 2.3842493 | J13: =+Report1!AD18 -> 675.02404 | K13: =+Report1!AE18 -> 873.91764 | L13: =+[1]Report1!J18 -> 0.97203049 | M13: =+[1]Report1!K18 -> 0.79608713 | N13: =+[1]Report1!BJ18 -> 0.97203049 | O13: =+[1]Report1!BK18 -> 0.86347766 | P13: =+[1]Report1!R18 -> 75.067 | Q13: =+[1]Report1!S18 -> 522.946 | R13: =+[1]Report1!AL18 -> 2.0930369 | S13: =+[1]Report1!AM18 -> 2.7106871 | T13: =+[1]Report1!AR18 -> 0 | U13: =+[1]Report1!AS18 -> 0.11951521 | V13: =+[1]Report1!AX18 -> 604.44416 | W13: =+[1]Report1!AY18 -> 706.03626 | X13: =+[1]Report1!BD18 -> 6.0612519 | Y13: =+[1]Report1!BE18 -> 207.0252 | Z13: =+[2]Report1!J18 -> 0.91104547 | AA13: =+[2]Report1!K18 -> 0.88490805 | AB13: =+[2]Report1!BC18 -> 0.91104547 | AC13: =+[2]Report1!BD18 -> 0.88490805 | AD13: =+[2]Report1!R18 -> 38.95 | AE13: =+[2]Report1!S18 -> 426.564 | AF13: =+[2]Report1!X18 -> 101.64432 | AG13: =+[2]Report1!Y18 -> 95.918123 | AH13: =+[2]Report1!AD18 -> 1.3247754 | AI13: =+[2]Report1!AE18 -> 1.3233653 | AJ13: =+[2]Report1!AJ18 -> 942.29884 | AK13: =+[2]Report1!AK18 -> 854.68572 | AL13: 0 | AM13: 0 | AN13: =+[3]Report1!J18 -> 0.92215643 | AO13: =+[3]Report1!K18 -> 0.82993453 | AP13: =+[3]Report1!BN18 -> 0.92215643 | AQ13: =+[3]Report1!BO18 -> 0.85879439 | AR13: =+[3]Report1!R18 -> 48.898 | AS13: =+[3]Report1!S18 -> 433.683 | AT13: =+[3]Report1!AF18 -> 101.9003 | AU13: =+[3]Report1!AG18 -> 114.64535 | AV13: =+[3]Report1!AL18 -> 1.3988302 | AW13: =+[3]Report1!AM18 -> 1.5091668 | AX13: =+[3]Report1!AR18 -> 0 | AY13: =+[3]Report1!AS18 -> 0.15149314 | AZ13: =+[3]Report1!AX18 -> 883.72817 | BA13: =+[3]Report1!AY18 -> 929.79932 | BB13: =+[3]Report1!BD18 -> 13.364555 | BC13: =+[3]Report1!BE18 -> 381.57851 | BD13: =+[3]Report1!BJ18 -> 0.10225367 | BE13: =+[3]Report1!BK18 -> 7.8760016 | BF13: =+[4]Report1!J18 -> 0.99338438 | BG13: =+[4]Report1!K18 -> 0.91273031 | BH13: =+[4]Report1!AN18 -> 0.99338438 | BI13: =+[4]Report1!AO18 -> 0.91273031 | BJ13: =+[4]Report1!R18 -> 51.14 | BK13: =+[4]Report1!S18 -> 479.011 | BL13: =+[4]Report1!AD18 -> 2.5048885 | BM13: =+[4]Report1!AE18 -> 2.6788529 | BN13: 0 | BO13: 0 | BP13: =+[4]Report1!AJ18 -> 899.25323 | BQ13: =+[4]Report1!AK18 -> 968.68835 | BR13: 0 | BS13: 0 | BT13: =+[5]Report1!J18 -> 0.83168639 | BU13: =+[5]Report1!K18 -> 0.8069538 | BV13: =+[5]Report1!BG18 -> 0.83168639 | BW13: =+[5]Report1!BH18 -> 0.8351377 | BX13: =+[5]Report1!R18 -> 44.602 | BY13: =+[5]Report1!S18 -> 424.072 | BZ13: =+[5]Report1!X18 -> 91.929353 | CA13: =+[5]Report1!Y18 -> 83.177012 | CB13: =+[5]Report1!AD18 -> 2.1770324 | CC13: =+[5]Report1!AE18 -> 2.0892914 | CD13: =+[5]Report1!AJ18 -> 0 | CE13: =+[5]Report1!AK18 -> 0.15115358 | CF13: =+[5]Report1!AP18 -> 915.62733 | CG13: =+[5]Report1!AQ18 -> 854.01398 | CH13: =+[5]Report1!AV18 -> 14.651809 | CI13: =+[5]Report1!AW18 -> 379.47704 | CJ13: =+[5]Report1!BB18 -> 0.1121026 | CK13: =+[5]Report1!BC18 -> 7.9293422
A14: =1+A13 -> 45880 | B14: =+Report1!J19 -> 0.72974618 | C14: =+Report1!K19 -> 0.78979691 | D14: =+Report1!AJ19 -> 0.72974618 | E14: =+Report1!AK19 -> 0.78979691 | F14: =+Report1!R19 -> 61.018 | G14: =+Report1!S19 -> 634.388 | H14: =+Report1!X19 -> 2.8267233 | I14: =+Report1!Y19 -> 2.4268082 | J14: =+Report1!AD19 -> 914.61896 | K14: =+Report1!AE19 -> 877.83246 | L14: =+[1]Report1!J19 -> 0.86127935 | M14: =+[1]Report1!K19 -> 0.80110245 | N14: =+[1]Report1!BJ19 -> 0.86127935 | O14: =+[1]Report1!BK19 -> 0.86329541 | P14: =+[1]Report1!R19 -> 47.153 | Q14: =+[1]Report1!S19 -> 570.099 | R14: =+[1]Report1!AL19 -> 2.8393527 | S14: =+[1]Report1!AM19 -> 2.7213291 | T14: =+[1]Report1!AR19 -> 0 | U14: =+[1]Report1!AS19 -> 0.10963008 | V14: =+[1]Report1!AX19 -> 965.59561 | W14: =+[1]Report1!AY19 -> 727.50447 | X14: =+[1]Report1!BD19 -> 9.7342693 | Y14: =+[1]Report1!BE19 -> 190.70723 | Z14: =+[2]Report1!J19 -> 0.90631825 | AA14: =+[2]Report1!K19 -> 0.88672809 | AB14: =+[2]Report1!BC19 -> 0.90631825 | AC14: =+[2]Report1!BD19 -> 0.88672809 | AD14: =+[2]Report1!R19 -> 40.589 | AE14: =+[2]Report1!S19 -> 467.153 | AF14: =+[2]Report1!X19 -> 98.498282 | AG14: =+[2]Report1!Y19 -> 96.142302 | AH14: =+[2]Report1!AD19 -> 1.2959176 | AI14: =+[2]Report1!AE19 -> 1.3209805 | AJ14: =+[2]Report1!AJ19 -> 964.01045 | AK14: =+[2]Report1!AK19 -> 864.1845 | AL14: 0 | AM14: 0 | AN14: =+[3]Report1!J19 -> 0.8907 | AO14: =+[3]Report1!K19 -> 0.83553262 | AP14: =+[3]Report1!BN19 -> 0.8907 | AQ14: =+[3]Report1!BO19 -> 0.86182623 | AR14: =+[3]Report1!R19 -> 47.23 | AS14: =+[3]Report1!S19 -> 480.913 | AT14: =+[3]Report1!AF19 -> 105.03134 | AU14: =+[3]Report1!AG19 -> 113.70117 | AV14: =+[3]Report1!AL19 -> 1.4567012 | AW14: =+[3]Report1!AM19 -> 1.5040142 | AX14: =+[3]Report1!AR19 -> 0 | AY14: =+[3]Report1!AS19 -> 0.13661515 | AZ14: =+[3]Report1!AX19 -> 1009.9136 | BA14: =+[3]Report1!AY19 -> 937.66727 | BB14: =+[3]Report1!BD19 -> 25.333474 | BC14: =+[3]Report1!BE19 -> 346.59203 | BD14: =+[3]Report1!BJ19 -> 0 | BE14: =+[3]Report1!BK19 -> 7.1025071 | BF14: =+[4]Report1!J19 -> 0.86547206 | BG14: =+[4]Report1!K19 -> 0.90850869 | BH14: =+[4]Report1!AN19 -> 0.86547206 | BI14: =+[4]Report1!AO19 -> 0.90850869 | BJ14: =+[4]Report1!R19 -> 44.555 | BK14: =+[4]Report1!S19 -> 523.566 | BL14: =+[4]Report1!AD19 -> 2.8885647 | BM14: =+[4]Report1!AE19 -> 2.6966992 | BN14: 0 | BO14: 0 | BP14: =+[4]Report1!AJ19 -> 1140.0403 | BQ14: =+[4]Report1!AK19 -> 983.27025 | BR14: 0 | BS14: 0 | BT14: =+[5]Report1!J19 -> 0.58917596 | BU14: =+[5]Report1!K19 -> 0.788935 | BV14: =+[5]Report1!BG19 -> 0.58917596 | BW14: =+[5]Report1!BH19 -> 0.8141369 | BX14: =+[5]Report1!R19 -> 27.929 | BY14: =+[5]Report1!S19 -> 452.001 | BZ14: =+[5]Report1!X19 -> 124.5452 | CA14: =+[5]Report1!Y19 -> 85.733139 | CB14: =+[5]Report1!AD19 -> 3.0720756 | CC14: =+[5]Report1!AE19 -> 2.1500174 | CD14: =+[5]Report1!AJ19 -> 0 | CE14: =+[5]Report1!AK19 -> 0.14181385 | CF14: =+[5]Report1!AP19 -> 1428.5565 | CG14: =+[5]Report1!AQ19 -> 889.51478 | CH14: =+[5]Report1!AV19 -> 42.840775 | CI14: =+[5]Report1!AW19 -> 358.67639 | CJ14: =+[5]Report1!BB19 -> 0 | CK14: =+[5]Report1!BC19 -> 7.4393906
A15: =1+A14 -> 45881 | B15: =+Report1!J20 -> 1.0214102 | C15: =+Report1!K20 -> 0.81146342 | D15: =+Report1!AJ20 -> 1.0214102 | E15: =+Report1!AK20 -> 0.81146342 | F15: =+Report1!R20 -> 84.668 | G15: =+Report1!S20 -> 719.056 | H15: =+Report1!X20 -> 2.0147163 | I15: =+Report1!Y20 -> 2.3782849 | J15: =+Report1!AD20 -> 628.37814 | K15: =+Report1!AE20 -> 848.45951 | L15: =+[1]Report1!J20 -> 0.91022184 | M15: =+[1]Report1!K20 -> 0.80878019 | N15: =+[1]Report1!BJ20 -> 0.91022184 | O15: =+[1]Report1!BK20 -> 0.8668342 | P15: =+[1]Report1!R20 -> 49.026 | Q15: =+[1]Report1!S20 -> 619.125 | R15: =+[1]Report1!AL20 -> 2.3781463 | S15: =+[1]Report1!AM20 -> 2.6941538 | T15: =+[1]Report1!AR20 -> 0 | U15: =+[1]Report1!AS20 -> 0.10094892 | V15: =+[1]Report1!AX20 -> 943.06858 | W15: =+[1]Report1!AY20 -> 744.57412 | X15: =+[1]Report1!BD20 -> 9.3011871 | Y15: =+[1]Report1!BE20 -> 176.34242 | Z15: =+[2]Report1!J20 -> 0.91632864 | AA15: =+[2]Report1!K20 -> 0.88905804 | AB15: =+[2]Report1!BC20 -> 0.91632864 | AC15: =+[2]Report1!BD20 -> 0.88905804 | AD15: =+[2]Report1!R20 -> 41.245 | AE15: =+[2]Report1!S20 -> 508.398 | AF15: =+[2]Report1!X20 -> 92.054258 | AG15: =+[2]Report1!Y20 -> 95.81065 | AH15: =+[2]Report1!AD20 -> 1.3262214 | AI15: =+[2]Report1!AE20 -> 1.3214057 | AJ15: =+[2]Report1!AJ20 -> 954.38283 | AK15: =+[2]Report1!AK20 -> 871.50205 | AL15: 0 | AM15: 0 | AN15: =+[3]Report1!J20 -> 0.9307551 | AO15: =+[3]Report1!K20 -> 0.84355662 | AP15: =+[3]Report1!BN20 -> 0.9307551 | AQ15: =+[3]Report1!BO20 -> 0.86780152 | AR15: =+[3]Report1!R20 -> 49.297 | AS15: =+[3]Report1!S20 -> 530.21 | AT15: =+[3]Report1!AF20 -> 96.987303 | AU15: =+[3]Report1!AG20 -> 112.14717 | AV15: =+[3]Report1!AL20 -> 1.3956225 | AW15: =+[3]Report1!AM20 -> 1.4939364 | AX15: =+[3]Report1!AR20 -> 0 | AY15: =+[3]Report1!AS20 -> 0.12391317 | AZ15: =+[3]Report1!AX20 -> 925.68554 | BA15: =+[3]Report1!AY20 -> 936.55325 | BB15: =+[3]Report1!BD20 -> 13.885226 | BC15: =+[3]Report1!BE20 -> 315.65816 | BD15: =+[3]Report1!BJ20 -> 0 | BE15: =+[3]Report1!BK20 -> 6.4421418 | BF15: =+[4]Report1!J20 -> 0.86990538 | BG15: =+[4]Report1!K20 -> 0.9052866 | BH15: =+[4]Report1!AN20 -> 0.86990538 | BI15: =+[4]Report1!AO20 -> 0.9052866 | BJ15: =+[4]Report1!R20 -> 45.654 | BK15: =+[4]Report1!S20 -> 569.22 | BL15: =+[4]Report1!AD20 -> 2.9000745 | BM15: =+[4]Report1!AE20 -> 2.7130108 | BN15: 0 | BO15: 0 | BP15: =+[4]Report1!AJ20 -> 1073.8222 | BQ15: =+[4]Report1!AK20 -> 990.53292 | BR15: 0 | BS15: 0 | BT15: =+[5]Report1!J20 -> 0.79201524 | BU15: =+[5]Report1!K20 -> 0.78917269 | BV15: =+[5]Report1!BG20 -> 0.79201524 | BW15: =+[5]Report1!BH20 -> 0.81237967 | BX15: =+[5]Report1!R20 -> 37.943 | BY15: =+[5]Report1!S20 -> 489.944 | BZ15: =+[5]Report1!X20 -> 98.912553 | CA15: =+[5]Report1!Y20 -> 86.7538 | CB15: =+[5]Report1!AD20 -> 2.3877922 | CC15: =+[5]Report1!AE20 -> 2.1684315 | CD15: =+[5]Report1!AJ20 -> 0 | CE15: =+[5]Report1!AK20 -> 0.13083128 | CF15: =+[5]Report1!AP20 -> 1116.5506 | CG15: =+[5]Report1!AQ20 -> 907.09724 | CH15: =+[5]Report1!AV20 -> 18.040218 | CI15: =+[5]Report1!AW20 -> 332.29632 | CJ15: =+[5]Report1!BB20 -> 0 | CK15: =+[5]Report1!BC20 -> 6.8632578
A16: =1+A15 -> 45882 | B16: =+Report1!J21 -> 0.96594056 | C16: =+Report1!K21 -> 0.82405085 | D16: =+Report1!AJ21 -> 0.96594056 | E16: =+Report1!AK21 -> 0.82405085 | F16: =+Report1!R21 -> 75.933 | G16: =+Report1!S21 -> 794.989 | H16: =+Report1!X21 -> 2.1604177 | I16: =+Report1!Y21 -> 2.3574754 | J16: =+Report1!AD21 -> 735.31008 | K16: =+Report1!AE21 -> 837.65209 | L16: =+[1]Report1!J21 -> 0.80938962 | M16: =+[1]Report1!K21 -> 0.80881996 | N16: =+[1]Report1!BJ21 -> 0.80938962 | O16: =+[1]Report1!BK21 -> 0.86283531 | P16: =+[1]Report1!R21 -> 43.254 | Q16: =+[1]Report1!S21 -> 662.379 | R16: =+[1]Report1!AL21 -> 2.6957276 | S16: =+[1]Report1!AM21 -> 2.6942566 | T16: =+[1]Report1!AR21 -> 0 | U16: =+[1]Report1!AS21 -> 0.094356856 | V16: =+[1]Report1!AX21 -> 1051.8063 | W16: =+[1]Report1!AY21 -> 764.63668 | X16: =+[1]Report1!BD21 -> 12.276321 | Y16: =+[1]Report1!BE21 -> 165.62874 | Z16: =+[2]Report1!J21 -> 0.95002271 | AA16: =+[2]Report1!K21 -> 0.89368668 | AB16: =+[2]Report1!BC21 -> 0.95002271 | AC16: =+[2]Report1!BD21 -> 0.89368668 | AD16: =+[2]Report1!R21 -> 44.635 | AE16: =+[2]Report1!S21 -> 553.033 | AF16: =+[2]Report1!X21 -> 84.983097 | AG16: =+[2]Report1!Y21 -> 94.936764 | AH16: =+[2]Report1!AD21 -> 1.2815055 | AI16: =+[2]Report1!AE21 -> 1.3181854 | AJ16: =+[2]Report1!AJ21 -> 841.57769 | AK16: =+[2]Report1!AK21 -> 869.08687 | AL16: 0 | AM16: 0 | AN16: =+[3]Report1!J21 -> 0.92316887 | AO16: =+[3]Report1!K21 -> 0.84911219 | AP16: =+[3]Report1!BN21 -> 0.92316887 | AQ16: =+[3]Report1!BO21 -> 0.87176829 | AR16: =+[3]Report1!R21 -> 43.529 | AS16: =+[3]Report1!S21 -> 573.739 | AT16: =+[3]Report1!AF21 -> 95.849752 | AU16: =+[3]Report1!AG21 -> 110.91071 | AV16: =+[3]Report1!AL21 -> 1.5690689 | AW16: =+[3]Report1!AM21 -> 1.4996366 | AX16: =+[3]Report1!AR21 -> 0 | AY16: =+[3]Report1!AS21 -> 0.114512 | AZ16: =+[3]Report1!AX21 -> 1013.8946 | BA16: =+[3]Report1!AY21 -> 942.42107 | BB16: =+[3]Report1!BD21 -> 19.240047 | BC16: =+[3]Report1!BE21 -> 293.16921 | BD16: =+[3]Report1!BJ21 -> 0.11486595 | BE16: =+[3]Report1!BK21 -> 5.9620977 | BF16: =+[4]Report1!J21 -> 0.90148879 | BG16: =+[4]Report1!K21 -> 0.90498737 | BH16: =+[4]Report1!AN21 -> 0.90148879 | BI16: =+[4]Report1!AO21 -> 0.90498737 | BJ16: =+[4]Report1!R21 -> 48.481 | BK16: =+[4]Report1!S21 -> 617.701 | BL16: =+[4]Report1!AD21 -> 2.7515934 | BM16: =+[4]Report1!AE21 -> 2.716039 | BN16: 0 | BO16: 0 | BP16: =+[4]Report1!AJ21 -> 929.1507 | BQ16: =+[4]Report1!AK21 -> 985.71527 | BR16: 0 | BS16: 0 | BT16: =+[5]Report1!J21 -> 0.77611566 | BU16: =+[5]Report1!K21 -> 0.78822605 | BV16: =+[5]Report1!BG21 -> 0.77611566 | BW16: =+[5]Report1!BH21 -> 0.80967896 | BX16: =+[5]Report1!R21 -> 37.664 | BY16: =+[5]Report1!S21 -> 527.608 | BZ16: =+[5]Report1!X21 -> 99.313287 | CA16: =+[5]Report1!Y21 -> 87.650376 | CB16: =+[5]Report1!AD21 -> 2.3736194 | CC16: =+[5]Report1!AE21 -> 2.1830791 | CD16: =+[5]Report1!AJ21 -> 0 | CE16: =+[5]Report1!AK21 -> 0.12149171 | CF16: =+[5]Report1!AP21 -> 1052.2264 | CG16: =+[5]Report1!AQ21 -> 917.45748 | CH16: =+[5]Report1!AV21 -> 22.236088 | CI16: =+[5]Report1!AW21 -> 310.16226 | CJ16: =+[5]Report1!BB21 -> 0.13275276 | CK16: =+[5]Report1!BC21 -> 6.3827918
... A34: =1+A33 -> 45900 | B34: =+Report1!J39 -> 0.81840226 | C34: =+Report1!K39 -> 0.89986679 | D34: =+Report1!AJ39 -> 0.81840226 | E34: =+Report1!AK39 -> 0.9000777 | F34: =+Report1!R39 -> 48.325 | G34: =+Report1!S39 -> 1865.517 | H34: =+Report1!X39 -> 2.5416244 | I34: =+Report1!Y39 -> 2.2984749 | J34: =+Report1!AD39 -> 1214.9641 | K34: =+Report1!AE39 -> 910.11683 | L34: =+[1]Report1!J39 -> 0.96985461 | M34: =+[1]Report1!K39 -> 0.88665976 | N34: =+[1]Report1!BJ39 -> 0.96985461 | O34: =+[1]Report1!BK39 -> 0.91130228 | P34: =+[1]Report1!R39 -> 73.796 | Q34: =+[1]Report1!S39 -> 1681.041 | R34: =+[1]Report1!AL39 -> 1.8394628 | S34: =+[1]Report1!AM39 -> 2.3611024 | T34: =+[1]Report1!AR39 -> 0.2601767 | U34: =+[1]Report1!AS39 -> 0.085601719 | V34: =+[1]Report1!AX39 -> 434.63345 | W34: =+[1]Report1!AY39 -> 751.4219 | X34: =+[1]Report1!BD39 -> 425.84964 | Y34: =+[1]Report1!BE39 -> 160.39778 | Z34: =+[2]Report1!J39 -> 0.96751082 | AA34: =+[2]Report1!K39 -> 0.90643195 | AB34: =+[2]Report1!BC39 -> 0.96751082 | AC34: =+[2]Report1!BD39 -> 0.90643195 | AD34: =+[2]Report1!R39 -> 43.789 | AE34: =+[2]Report1!S39 -> 1304.522 | AF34: =+[2]Report1!X39 -> 84.332541 | AG34: =+[2]Report1!Y39 -> 93.687913 | AH34: =+[2]Report1!AD39 -> 1.3222499 | AI34: =+[2]Report1!AE39 -> 1.3601917 | AJ34: =+[2]Report1!AJ39 -> 758.02462 | AK34: =+[2]Report1!AK39 -> 867.99488 | AL34: 0 | AM34: 0 | AN34: =+[3]Report1!J39 -> 0.9150774 | AO34: =+[3]Report1!K39 -> 0.89554899 | AP34: =+[3]Report1!BN39 -> 0.9150774 | AQ34: =+[3]Report1!BO39 -> 0.90516623 | AR34: =+[3]Report1!R39 -> 48.391 | AS34: =+[3]Report1!S39 -> 1480.133 | AT34: =+[3]Report1!AF39 -> 104.29079 | AU34: =+[3]Report1!AG39 -> 101.44643 | AV34: =+[3]Report1!AL39 -> 1.5147445 | AW34: =+[3]Report1!AM39 -> 1.4403435 | AX34: =+[3]Report1!AR39 -> 0.194251 | AY34: =+[3]Report1!AS39 -> 0.14586527 | AZ34: =+[3]Report1!AX39 -> 804.14003 | BA34: =+[3]Report1!AY39 -> 849.36179 | BB34: =+[3]Report1!BD39 -> 524.61015 | BC34: =+[3]Report1!BE39 -> 387.77383 | BD34: =+[3]Report1!BJ39 -> 6.6127999 | BE34: =+[3]Report1!BK39 -> 4.1014476 | BF34: =+[4]Report1!J39 -> 0.93663135 | BG34: =+[4]Report1!K39 -> 0.90695193 | BH34: =+[4]Report1!AN39 -> 0.93663135 | BI34: =+[4]Report1!AO39 -> 0.90825057 | BJ34: =+[4]Report1!R39 -> 47.916 | BK34: =+[4]Report1!S39 -> 1465.16 | BL34: =+[4]Report1!AD39 -> 2.9656065 | BM34: =+[4]Report1!AE39 -> 2.8592099 | BN34: 0 | BO34: 0 | BP34: =+[4]Report1!AJ39 -> 1029.8587 | BQ34: =+[4]Report1!AK39 -> 1013.159 | BR34: 0 | BS34: 0 | BT34: =+[5]Report1!J39 -> 0.9631827 | BU34: =+[5]Report1!K39 -> 0.86462303 | BV34: =+[5]Report1!BG39 -> 0.9631827 | BW34: =+[5]Report1!BH39 -> 0.87445113 | BX34: =+[5]Report1!R39 -> 51.353 | BY34: =+[5]Report1!S39 -> 1364.354 | BZ34: =+[5]Report1!X39 -> 71.786006 | CA34: =+[5]Report1!Y39 -> 84.357026 | CB34: =+[5]Report1!AD39 -> 1.8440987 | CC34: =+[5]Report1!AE39 -> 2.0277802 | CD34: =+[5]Report1!AJ39 -> 0.17720484 | CE34: =+[5]Report1!AK39 -> 0.074687361 | CF34: =+[5]Report1!AP39 -> 755.06222 | CG34: =+[5]Report1!AQ39 -> 883.67534 | CH34: =+[5]Report1!AV39 -> 514.52865 | CI34: =+[5]Report1!AW39 -> 193.15194 | CJ34: =+[5]Report1!BB39 -> 0 | CK34: =+[5]Report1!BC39 -> 2.4682832
A36: Desember
A37: November
A38: Oktober
A39: September
A40: Agustus | B40: =+C34 -> 0.89986679 | D40: =+E34 -> 0.9000777 | F40: =+G34 -> 1865.517 | H40: =+I34 -> 2.2984749 | J40: =+K34 -> 910.11683 | L40: =+M34 -> 0.88665976 | N40: =+O34 -> 0.91130228 | P40: =+Q34 -> 1681.041 | R40: =+S34 -> 2.3611024 | T40: =+U34 -> 0.085601719 | V40: =+W34 -> 751.4219 | X40: =+Y34 -> 160.39778 | Z40: =+AA34 -> 0.90643195 | AB40: =+AC34 -> 0.90643195 | AD40: =+AE34 -> 1304.522 | AF40: =+AG34 -> 93.687913 | AH40: =+AI34 -> 1.3601917 | AJ40: =+AK34 -> 867.99488 | AL40: =+AM34 -> 0 | AN40: =+AO34 -> 0.89554899 | AP40: =+AQ34 -> 0.90516623 | AR40: =+AS34 -> 1480.133 | AT40: =+AU34 -> 101.44643 | AV40: =+AW34 -> 1.4403435 | AX40: =+AY34 -> 0.14586527 | AZ40: =+BA34 -> 849.36179 | BB40: =+BC34 -> 387.77383 | BD40: =+BE34 -> 4.1014476 | BF40: =+BG34 -> 0.90695193 | BH40: =+BI34 -> 0.90825057 | BJ40: =+BK34 -> 1465.16 | BL40: =+BM34 -> 2.8592099 | BN40: =+BO34 -> 0 | BP40: =+BQ34 -> 1013.159 | BR40: =+BS34 -> 0 | BT40: =+BU34 -> 0.86462303 | BV40: =+BW34 -> 0.87445113 | BX40: =+BY34 -> 1364.354 | BZ40: =+CA34 -> 84.357026 | CB40: =+CC34 -> 2.0277802 | CD40: =+CE34 -> 0.074687361 | CF40: =+CG34 -> 883.67534 | CH40: =+CI34 -> 193.15194 | CJ40: =+CK34 -> 2.4682832
A41: Juli | B41: =+'[6]eff all'!$B$41:$C$41 -> 0.83939759 | D41: =+'[6]eff all'!$D$41:$E$41 -> 0.84053151 | F41: =+'[6]eff all'!$F$41:$G$41 -> 1669.03 | H41: =+'[6]eff all'!$H$41:$I$41 -> 2.439188 | J41: =+'[6]eff all'!$J$41:$K$41 -> 1033.4659 | L41: =+'[6]eff all'!$L$41:$M$41 -> 0.88164645 | N41: =+'[6]eff all'!$N$41:$O$41 -> 0.90721678 | P41: =+'[6]eff all'!$P$41:$Q$41 -> 1849.253 | R41: =+'[6]eff all'!$R$41:$S$41 -> 2.6039628 | T41: =+'[6]eff all'!$T$41:$U$41 -> 0.22857878 | V41: =+'[6]eff all'!$V$41:$W$41 -> 604.72262 | X41: =+'[6]eff all'!$X$41:$Y$41 -> 521.78582 | Z41: =+'[6]eff all'!$Z$41:$AA$41 -> 0.88193173 | AB41: =+'[6]eff all'!$AB$41:$AC$41 -> 0.88340653 | AD41: =+'[6]eff all'!$AD$41:$AE$41 -> 1253.705 | AF41: =+'[6]eff all'!$AF$41:$AG$41 -> 98.517031 | AH41: =+'[6]eff all'!$AH$41:$AI$41 -> 1.4871122 | AJ41: =+'[6]eff all'!$AJ$41:$AK$41 -> 885.26052 | AL41: =+'[6]eff all'!$AL$41:$AM$41 -> 0 | AN41: =+'[6]eff all'!$AN$41:$AO$41 -> 0.88320077 | AP41: =+'[6]eff all'!$AP$41:$AQ$41 -> 0.8953444 | AR41: =+'[6]eff all'!$AR$41:$AS$41 -> 1406.635 | AT41: =+'[6]eff all'!$AT$41:$AU$41 -> 105.33379 | AV41: =+'[6]eff all'!$AV$41:$AW$41 -> 1.5242049 | AX41: =+'[6]eff all'!$AX$41:$AY$41 -> 0.080760112 | AZ41: =+'[6]eff all'!$AZ$41:$BA$41 -> 927.60065 | BB41: =+'[6]eff all'!$BB$41:$BC$41 -> 240.27392 | BD41: =+'[6]eff all'!$BD$41:$BE$41 -> 16.955358 | BF41: =+'[6]eff all'!$BF$41:$BG$41 -> 0.88101947 | BH41: =+'[6]eff all'!$BH$41:$BI$41 -> 0.8836277 | BJ41: =+'[6]eff all'!$BJ$41:$BK$41 -> 1457.009 | BL41: =+'[6]eff all'!$BL$41:$BM$41 -> 2.7597633 | BN41: =+'[6]eff all'!$BN$41:$BO$41 -> 0 | BP41: =+'[6]eff all'!$BP$41:$BQ$41 -> 932.94369 | BR41: =+'[6]eff all'!$BR$41:$BS$41 -> 0 | BT41: =+'[6]eff all'!$BT$41:$BU$41 -> 0.89958178 | BV41: =+'[6]eff all'!$BV$41:$BW$41 -> 0.90458737 | BX41: =+'[6]eff all'!$BX$41:$BY$41 -> 1385.694 | BZ41: =+'[6]eff all'!$BZ$41:$CA$41 -> 82.805082 | CB41: =+'[6]eff all'!$CB$41:$CC$41 -> 1.975097 | CD41: =+'[6]eff all'!$CD$41:$CE$41 -> 0.056505982 | CF41: =+'[6]eff all'!$CF$41:$CG$41 -> 886.8081 | CH41: =+'[6]eff all'!$CH$41:$CI$41 -> 150.23872 | CJ41: =+'[6]eff all'!$CJ$41:$CK$41 -> 14.750731
A42: Juni | B42: =+'[7]eff all'!$B$42:$C$42 -> 0.89683017 | D42: =+'[7]eff all'!$D$42:$E$42 -> 0.91651255 | F42: =+'[7]eff all'!$F$42:$G$42 -> 1608.12 | H42: =+'[7]eff all'!$H$42:$I$42 -> 2.3160038 | J42: =+'[7]eff all'!$J$42:$K$42 -> 1025.4408 | L42: =+'[7]eff all'!$L$42:$M$42 -> 0.92866755 | N42: =+'[7]eff all'!$N$42:$O$42 -> 0.93793898 | P42: =+'[7]eff all'!$P$42:$Q$42 -> 1827.359 | R42: =+'[7]eff all'!$R$42:$S$42 -> 2.0916447 | T42: =+'[7]eff all'!$T$42:$U$42 -> 0.23153633 | V42: =+'[7]eff all'!$V$42:$W$42 -> 614.27863 | X42: =+'[7]eff all'!$X$42:$Y$42 -> 437.11553 | Z42: =+'[7]eff all'!$Z$42:$AA$42 -> 0.83629624 | AB42: =+'[7]eff all'!$AB$42:$AC$42 -> 0.84011645 | AD42: =+'[7]eff all'!$AD$42:$AE$42 -> 1132.285 | AF42: =+'[7]eff all'!$AF$42:$AG$42 -> 111.282 | AH42: =+'[7]eff all'!$AH$42:$AI$42 -> 1.6594762 | AJ42: =+'[7]eff all'!$AJ$42:$AK$42 -> 964.83334 | AL42: =+'[7]eff all'!$AL$42:$AM$42 -> 0 | AN42: =+'[7]eff all'!$AN$42:$AO$42 -> 0.84149356 | AP42: =+'[7]eff all'!$AP$42:$AQ$42 -> 0.85108231 | AR42: =+'[7]eff all'!$AR$42:$AS$42 -> 1316.344 | AT42: =+'[7]eff all'!$AT$42:$AU$42 -> 121.83944 | AV42: =+'[7]eff all'!$AV$42:$AW$42 -> 1.4904159 | AX42: =+'[7]eff all'!$AX$42:$AY$42 -> 0.19523772 | AZ42: =+'[7]eff all'!$AZ$42:$BA$42 -> 883.634 | BB42: =+'[7]eff all'!$BB$42:$BC$42 -> 521.8822 | BD42: =+'[7]eff all'!$BD$42:$BE$42 -> 0 | BF42: =+'[7]eff all'!$BF$42:$BG$42 -> 0.81559728 | BH42: =+'[7]eff all'!$BH$42:$BI$42 -> 0.82877821 | BJ42: =+'[7]eff all'!$BJ$42:$BK$42 -> 1259.735 | BL42: =+'[7]eff all'!$BL$42:$BM$42 -> 2.8948152 | BN42: =+'[7]eff all'!$BN$42:$BO$42 -> 0 | BP42: =+'[7]eff all'!$BP$42:$BQ$42 -> 971.0194 | BR42: =+'[7]eff all'!$BR$42:$BS$42 -> 0 | BT42: =+'[7]eff all'!$BT$42:$BU$42 -> 0.90927146 | BV42: =+'[7]eff all'!$BV$42:$BW$42 -> 0.93351911 | BX42: =+'[7]eff all'!$BX$42:$BY$42 -> 1433.06 | BZ42: =+'[7]eff all'!$BZ$42:$CA$42 -> 77.094083 | CB42: =+'[7]eff all'!$CB$42:$CC$42 -> 1.8864528 | CD42: =+'[7]eff all'!$CD$42:$CE$42 -> 0.14263185 | CF42: =+'[7]eff all'!$CF$42:$CG$42 -> 754.59782 | CH42: =+'[7]eff all'!$CH$42:$CI$42 -> 384.70371 | CJ42: 0
A43: Mei | B43: =+'[8]eff all'!$B$43:$C$43 -> 0.81728993 | D43: =+'[8]eff all'!$D$43:$E$43 -> 0.81728993 | F43: =+'[8]eff all'!$F$43:$G$43 -> 1753.698 | H43: =+'[8]eff all'!$H$43:$I$43 -> 2.3283627 | J43: =+'[8]eff all'!$J$43:$K$43 -> 919.17355 | L43: =+'[8]eff all'!$L$43:$M$43 -> 0.88541366 | N43: =+'[8]eff all'!$N$43:$O$43 -> 0.92564375 | P43: =+'[8]eff all'!$P$43:$Q$43 -> 1848.366 | R43: =+'[8]eff all'!$R$43:$S$43 -> 2.3081273 | T43: =+'[8]eff all'!$T$43:$U$43 -> 0.22165523 | V43: =+'[8]eff all'!$V$43:$W$43 -> 640.41015 | X43: =+'[8]eff all'!$X$43:$Y$43 -> 434.93518 | Z43: =+'[8]eff all'!$Z$43:$AA$43 -> 0.80335181 | AB43: =+'[8]eff all'!$AB$43:$AC$43 -> 0.86162049 | AD43: =+'[8]eff all'!$AD$43:$AE$43 -> 1130.835 | AF43: =+'[8]eff all'!$AF$43:$AG$43 -> 107.89352 | AH43: =+'[8]eff all'!$AH$43:$AI$43 -> 1.5947508 | AJ43: =+'[8]eff all'!$AJ$43:$AK$43 -> 914.38362 | AL43: =+'[8]eff all'!$AL$43:$AM$43 -> 20.16563 | AN43: =+'[8]eff all'!$AN$43:$AO$43 -> 0.85071019 | AP43: =+'[8]eff all'!$AP$43:$AQ$43 -> 0.85071019 | AR43: =+'[8]eff all'!$AR$43:$AS$43 -> 1375.357 | AT43: =+'[8]eff all'!$AT$43:$AU$43 -> 113.79765 | AV43: =+'[8]eff all'!$AV$43:$AW$43 -> 1.4656558 | AX43: =+'[8]eff all'!$AX$43:$AY$43 -> 0.18613349 | AZ43: =+'[8]eff all'!$AZ$43:$BA$43 -> 878.46065 | BB43: =+'[8]eff all'!$BB$43:$BC$43 -> 550.25946 | BD43: =+'[8]eff all'!$BD$43:$BE$43 -> 0 | BF43: =+'[8]eff all'!$BF$43:$BG$43 -> 0.89363459 | BH43: =+'[8]eff all'!$BH$43:$BI$43 -> 0.89363459 | BJ43: =+'[8]eff all'!$BJ$43:$BK$43 -> 1430.692 | BL43: =+'[8]eff all'!$BL$43:$BM$43 -> 2.6821286 | BN43: =+'[8]eff all'!$BN$43:$BO$43 -> 0 | BP43: =+'[8]eff all'!$BP$43:$BQ$43 -> 974.33569 | BR43: =+'[8]eff all'!$BR$43:$BS$43 -> 0 | BT43: =+'[8]eff all'!$BT$43:$BU$43 -> 0.90863448 | BV43: =+'[8]eff all'!$BV$43:$BW$43 -> 0.9187839 | BX43: =+'[8]eff all'!$BX$43:$BY$43 -> 1460.105 | BZ43: =+'[8]eff all'!$BZ$43:$CA$43 -> 77.669648 | CB43: =+'[8]eff all'!$CB$43:$CC$43 -> 2.0032806 | CD43: =+'[8]eff all'!$CD$43:$CE$43 -> 0.083692611 | CF43: =+'[8]eff all'!$CF$43:$CG$43 -> 840.76602 | CH43: =+'[8]eff all'!$CH$43:$CI$43 -> 246.27503 | CJ43: =+'[8]eff all'!$CJ$43:$CK$43 -> 19.550649
A44: April | B44: =+'[9]eff all'!$B$44:$C$44 -> 0.8512863 | D44: =+'[9]eff all'!$D$44:$E$44 -> 0.88261389 | F44: =+'[9]eff all'!$F$44:$G$44 -> 1626.863 | H44: =+'[9]eff all'!$H$44:$I$44 -> 2.4992418 | J44: =+'[9]eff all'!$J$44:$K$44 -> 943.70529 | L44: =+'[9]eff all'!$L$44:$M$44 -> 0.91684997 | N44: =+'[9]eff all'!$N$44:$O$44 -> 0.94547697 | P44: =+'[9]eff all'!$P$44:$Q$44 -> 1788.166 | R44: =+'[9]eff all'!$R$44:$S$44 -> 2.1331811 | T44: =+'[9]eff all'!$T$44:$U$44 -> 0.2123125 | V44: =+'[9]eff all'!$V$44:$W$44 -> 722.25094 | X44: =+'[9]eff all'!$X$44:$Y$44 -> 464.24761 | Z44: =+'[9]eff all'!$Z$44:$AA$44 -> 0.8620695 | AB44: =+'[9]eff all'!$AB$44:$AC$44 -> 0.90942581 | AD44: =+'[9]eff all'!$AD$44:$AE$44 -> 1188.791 | AF44: =+'[9]eff all'!$AF$44:$AG$44 -> 106.25948 | AH44: =+'[9]eff all'!$AH$44:$AI$44 -> 1.5097692 | AJ44: =+'[9]eff all'!$AJ$44:$AK$44 -> 921.84495 | AL44: =+'[9]eff all'!$AL$44:$AM$44 -> 7.553893 | AN44: =+'[9]eff all'!$AN$44:$AO$44 -> 0.9113018 | AP44: =+'[9]eff all'!$AP$44:$AQ$44 -> 0.94321744 | AR44: =+'[9]eff all'!$AR$44:$AS$44 -> 1441.538 | AT44: =+'[9]eff all'!$AT$44:$AU$44 -> 98.381361 | AV44: =+'[9]eff all'!$AV$44:$AW$44 -> 1.4245896 | AX44: =+'[9]eff all'!$AX$44:$AY$44 -> 0.063755313 | AZ44: =+'[9]eff all'!$AZ$44:$BA$44 -> 884.49349 | BB44: =+'[9]eff all'!$BB$44:$BC$44 -> 178.97537 | BD44: =+'[9]eff all'!$BD$44:$BE$44 -> 0 | BF44: =+'[9]eff all'!$BF$44:$BG$44 -> 0.83968008 | BH44: =+'[9]eff all'!$BH$44:$BI$44 -> 0.88025535 | BJ44: =+'[9]eff all'!$BJ$44:$BK$44 -> 1283.722 | BL44: =+'[9]eff all'!$BL$44:$BM$44 -> 2.9010175 | BN44: =+'[9]eff all'!$BN$44:$BO$44 -> 0 | BP44: =+'[9]eff all'!$BP$44:$BQ$44 -> 1018.1901 | BR44: =+'[9]eff all'!$BR$44:$BS$44 -> 0 | BT44: =+'[9]eff all'!$BT$44:$BU$44 -> 0.86479672 | BV44: =+'[9]eff all'!$BV$44:$BW$44 -> 0.91368892 | BX44: =+'[9]eff all'!$BX$44:$BY$44 -> 1364.988 | BZ44: =+'[9]eff all'!$BZ$44:$CA$44 -> 71.774412 | CB44: =+'[9]eff all'!$CB$44:$CC$44 -> 1.9880761 | CD44: =+'[9]eff all'!$CD$44:$CE$44 -> 0.17403816 | CF44: =+'[9]eff all'!$CF$44:$CG$44 -> 844.20452 | CH44: =+'[9]eff all'!$CH$44:$CI$44 -> 469.40955 | CJ44: =+'[9]eff all'!$CJ$44:$CK$44 -> 0
A45: Maret | B45: =+'[10]eff all'!$B$45:$C$45 -> 0.84979165 | D45: =+'[10]eff all'!$D$45:$E$45 -> 0.85889247 | F45: =+'[10]eff all'!$F$45:$G$45 -> 1534.469 | H45: =+'[10]eff all'!$H$45:$I$45 -> 2.430719 | J45: =+'[10]eff all'!$J$45:$K$45 -> 1009.2877 | L45: =+'[10]eff all'!$L$45:$M$45 -> 0.85741706 | N45: =+'[10]eff all'!$N$45:$O$45 -> 0.89481521 | P45: =+'[10]eff all'!$P$45:$Q$45 -> 1704.768 | R45: =+'[10]eff all'!$R$45:$S$45 -> 2.4058077 | T45: =+'[10]eff all'!$T$45:$U$45 -> 0.14817265 | V45: =+'[10]eff all'!$V$45:$W$45 -> 708.7489 | X45: =+'[10]eff all'!$X$45:$Y$45 -> 419.01831 | Z45: =+'[10]eff all'!$Z$45:$AA$45 -> 0.87132155 | AB45: =+'[10]eff all'!$AB$45:$AC$45 -> 0.87132155 | AD45: =+'[10]eff all'!$AD$45:$AE$45 -> 1204.645 | AF45: =+'[10]eff all'!$AF$45:$AG$45 -> 105.43836 | AH45: =+'[10]eff all'!$AH$45:$AI$45 -> 1.5603767 | AJ45: =+'[10]eff all'!$AJ$45:$AK$45 -> 928.04959 | AL45: =+'[10]eff all'!$AL$45:$AM$45 -> 0 | AN45: =+'[10]eff all'!$AN$45:$AO$45 -> 0.47758007 | AP45: =+'[10]eff all'!$AP$45:$AQ$45 -> 0.86385626 | AR45: =+'[10]eff all'!$AR$45:$AS$45 -> 764.21 | AT45: =+'[10]eff all'!$AT$45:$AU$45 -> 117.91594 | AV45: =+'[10]eff all'!$AV$45:$AW$45 -> 1.737088 | AX45: =+'[10]eff all'!$AX$45:$AY$45 -> 0 | AZ45: =+'[10]eff all'!$AZ$45:$BA$45 -> 1171.1575 | BB45: =+'[10]eff all'!$BB$45:$BC$45 -> 0 | BD45: =+'[10]eff all'!$BD$45:$BE$45 -> 23.422881 | BF45: =+'[10]eff all'!$BF$45:$BG$45 -> 0.79411424 | BH45: =+'[10]eff all'!$BH$45:$BI$45 -> 0.80751482 | BJ45: =+'[10]eff all'!$BJ$45:$BK$45 -> 1316.452 | BL45: =+'[10]eff all'!$BL$45:$BM$45 -> 2.6146035 | BN45: =+'[10]eff all'!$BN$45:$BO$45 -> 0 | BP45: =+'[10]eff all'!$BP$45:$BQ$45 -> 1083.3644 | BR45: =+'[10]eff all'!$BR$45:$BS$45 -> 0 | BT45: =+'[10]eff all'!$BT$45:$BU$45 -> 0.7921511 | BV45: =+'[10]eff all'!$BV$45:$BW$45 -> 0.80246911 | BX45: =+'[10]eff all'!$BX$45:$BY$45 -> 1219.024 | BZ45: =+'[10]eff all'!$BZ$45:$CA$45 -> 89.967609 | CB45: =+'[10]eff all'!$CB$45:$CC$45 -> 2.2528679 | CD45: =+'[10]eff all'!$CD$45:$CE$45 -> 0 | CF45: =+'[10]eff all'!$CF$45:$CG$45 -> 1093.3749 | CH45: =+'[10]eff all'!$CH$45:$CI$45 -> 0 | CJ45: =+'[10]eff all'!$CJ$45:$CK$45 -> 3.7653073
A46: Februari | B46: =+'[11]eff all'!$B$46:$C$46 -> 0.83769524 | D46: =+'[11]eff all'!$D$46:$E$46 -> 0.8766254 | F46: =+'[11]eff all'!$F$46:$G$46 -> 1634.192 | H46: =+'[11]eff all'!$H$46:$I$46 -> 2.3108466 | J46: =+'[11]eff all'!$J$46:$K$46 -> 925.52626 | L46: =+'[11]eff all'!$L$46:$M$46 -> 0.8461717 | N46: =+'[11]eff all'!$N$46:$O$46 -> 0.92040515 | P46: =+'[11]eff all'!$P$46:$Q$46 -> 1544.163 | R46: =+'[11]eff all'!$R$46:$S$46 -> 2.2768451 | T46: =+'[11]eff all'!$T$46:$U$46 -> 0.21063191 | V46: =+'[11]eff all'!$V$46:$W$46 -> 556.96866 | X46: =+'[11]eff all'!$X$46:$Y$46 -> 505.65161 | Z46: =+'[11]eff all'!$Z$46:$AA$46 -> 0.81429519 | AB46: =+'[11]eff all'!$AB$46:$AC$46 -> 0.84116946 | AD46: =+'[11]eff all'!$AD$46:$AE$46 -> 1037.251 | AF46: =+'[11]eff all'!$AF$46:$AG$46 -> 107.29574 | AH46: =+'[11]eff all'!$AH$46:$AI$46 -> 1.5367544 | AJ46: =+'[11]eff all'!$AJ$46:$AK$46 -> 927.08315 | AL46: =+'[11]eff all'!$AL$46:$AM$46 -> 0 | AN46: =+'[11]eff all'!$AN$46:$AO$46 -> 0.88342597 | AP46: =+'[11]eff all'!$AP$46:$AQ$46 -> 0.90448559 | AR46: =+'[11]eff all'!$AR$46:$AS$46 -> 1294.864 | AT46: =+'[11]eff all'!$AT$46:$AU$46 -> 106.60048 | AV46: =+'[11]eff all'!$AV$46:$AW$46 -> 1.7585631 | AX46: =+'[11]eff all'!$AX$46:$AY$46 -> 0.073212322 | AZ46: =+'[11]eff all'!$AZ$46:$BA$46 -> 932.75272 | BB46: =+'[11]eff all'!$BB$46:$BC$46 -> 205.07134 | BD46: =+'[11]eff all'!$BD$46:$BE$46 -> 0 | BF46: =+'[11]eff all'!$BF$46:$BG$46 -> 0.85694754 | BH46: =+'[11]eff all'!$BH$46:$BI$46 -> 0.88509205 | BJ46: =+'[11]eff all'!$BJ$46:$BK$46 -> 1241.78 | BL46: =+'[11]eff all'!$BL$46:$BM$46 -> 2.5784761 | BN46: =+'[11]eff all'!$BN$46:$BO$46 -> 0 | BP46: =+'[11]eff all'!$BP$46:$BQ$46 -> 1074.7242 | BR46: =+'[11]eff all'!$BR$46:$BS$46 -> 0 | BT46: =+'[11]eff all'!$BT$46:$BU$46 -> 0.52741322 | BV46: =+'[11]eff all'!$BV$46:$BW$46 -> 0.87317352 | BX46: =+'[11]eff all'!$BX$46:$BY$46 -> 769.938 | BZ46: =+'[11]eff all'!$BZ$46:$CA$46 -> 79.808071 | CB46: =+'[11]eff all'!$CB$46:$CC$46 -> 2.0515938 | CD46: =+'[11]eff all'!$CD$46:$CE$46 -> 0.078512815 | CF46: =+'[11]eff all'!$CF$46:$CG$46 -> 1021.1664 | CH46: =+'[11]eff all'!$CH$46:$CI$46 -> 210.64553 | CJ46: =+'[11]eff all'!$CJ$46:$CK$46 -> 0
A47: Januari | B47: =+'[12]eff all'!$B$47:$C$47 -> 0.83356469 | D47: =+'[12]eff all'!$D$47:$E$47 -> 0.83361178 | F47: =+'[12]eff all'!$F$47:$G$47 -> 1793.901 | H47: =+'[12]eff all'!$H$47:$I$47 -> 2.2654868 | J47: =+'[12]eff all'!$J$47:$K$47 -> 869.87488 | L47: =+'[12]eff all'!$L$47:$M$47 -> 0.92571233 | N47: =+'[12]eff all'!$N$47:$O$47 -> 0.92998024 | P47: =+'[12]eff all'!$P$47:$Q$47 -> 1900.575 | R47: =+'[12]eff all'!$R$47:$S$47 -> 2.4046281 | T47: =+'[12]eff all'!$T$47:$U$47 -> 0.23240335 | V47: =+'[12]eff all'!$V$47:$W$47 -> 527.49748 | X47: =+'[12]eff all'!$X$47:$Y$47 -> 446.15971 | Z47: =+'[12]eff all'!$Z$47:$AA$47 -> 0.89180765 | AB47: =+'[12]eff all'!$AB$47:$AC$47 -> 0.89180765 | AD47: =+'[12]eff all'!$AD$47:$AE$47 -> 1235.41 | AF47: =+'[12]eff all'!$AF$47:$AG$47 -> 96.393124 | AH47: =+'[12]eff all'!$AH$47:$AI$47 -> 1.4614581 | AJ47: =+'[12]eff all'!$AJ$47:$AK$47 -> 901.21824 | AL47: =+'[12]eff all'!$AL$47:$AM$47 -> 0 | AN47: =+'[12]eff all'!$AN$47:$AO$47 -> 0.65645764 | AP47: =+'[12]eff all'!$AP$47:$AQ$47 -> 0.84659222 | AR47: =+'[12]eff all'!$AR$47:$AS$47 -> 1045.391 | AT47: =+'[12]eff all'!$AT$47:$AU$47 -> 0 | AV47: =+'[12]eff all'!$AV$47:$AW$47 -> 1.7690032 | AX47: =+'[12]eff all'!$AX$47:$AY$47 -> 0.090148088 | AZ47: =+'[12]eff all'!$AZ$47:$BA$47 -> 1055.9628 | BB47: =+'[12]eff all'!$BB$47:$BC$47 -> 340.18133 | BD47: =+'[12]eff all'!$BD$47:$BE$47 -> 7.609593 | BF47: =+'[12]eff all'!$BF$47:$BG$47 -> 0.90491768 | BH47: =+'[12]eff all'!$BH$47:$BI$47 -> 0.90491768 | BJ47: =+'[12]eff all'!$BJ$47:$BK$47 -> 1444.905 | BL47: =+'[12]eff all'!$BL$47:$BM$47 -> 2.4918593 | BN47: =+'[12]eff all'!$BN$47:$BO$47 -> 0 | BP47: =+'[12]eff all'!$BP$47:$BQ$47 -> 1021.2882 | BR47: =+'[12]eff all'!$BR$47:$BS$47 -> 0 | BT47: =+'[12]eff all'!$BT$47:$BU$47 -> 0.83316576 | BV47: =+'[12]eff all'!$BV$47:$BW$47 -> 0.84218323 | BX47: =+'[12]eff all'!$BX$47:$BY$47 -> 1301.7 | BZ47: =+'[12]eff all'!$BZ$47:$CA$47 -> 87.852276 | CB47: =+'[12]eff all'!$CB$47:$CC$47 -> 1.9540601 | CD47: =+'[12]eff all'!$CD$47:$CE$47 -> 0.090078359 | CF47: =+'[12]eff all'!$CF$47:$CG$47 -> 925.71846 | CH47: =+'[12]eff all'!$CH$47:$CI$47 -> 294.56672 | CJ47: =+'[12]eff all'!$CJ$47:$CK$47 -> 8.7308904

Sheet Report1
A3: PAPER MACHINE 11 DAILY REPORT 1
A6: Date | B6: Grade | C6: GSM | D6: Speed yankee (mpm) | E6: Speed reel (mpm) | F6: Creep ( % ) | G6: Real Eff PM ( % ) | H6: Real Eff PM vs Target (%) | I6: Real Eff FG vs Real Eff PM (%) | J6: Eff FG vs Target (%) | L6: Kapasitas Target (ton) | N6: Kapasitas Teori Real (ton) | P6: PM PROD Timbangan (TON) | R6: FINSHED GOODS (TON) | T6: STEAM (TON) | Z6: POWER (kWh) | AF6: TOTALIZER | AH6: Kapasitas Running (ton) | AJ6: Eff FG vs Target Running(%)
T7: CONSUMPTION | V7: /TON PM. | X7: /TON FG. | Z7: CONSUMPTION | AB7: /TON PM | AD7: /TON FG
J8: TODAY | K8: TODATE | L8: TODAY | M8: TODATE | N8: TODAY | O8: TODATE | P8: TODAY | Q8: TODATE | R8: TODAY | S8: TODATE | T8: TODAY | U8: TODATE | V8: TODAY | W8: TODATE | X8: TODAY | Y8: TODATE | Z8: TODAY | AA8: TODATE | AB8: TODAY | AC8: TODATE | AD8: TODAY | AE8: TODATE | AF8: Hood | AG8: Yankee | AH8: TODAY | AI8: TODATE | AJ8: TODAY | AK8: TODATE
A9: 45870 | B9: Facial | C9: 13,5 | D9: =+'1'!F42 -> 1161.1429 | E9: =+'1'!G42 -> 882.46857 | F9: =1-(E9/D9) -> 0.24 | G9: =+P9/N9 -> 0.21965169 | H9: =+P9/L9 -> 0.15000918 | I9: =+R9/P9 -> 0.77001397 | J9: =+R9/L9 -> 0.11550917 | K9: =+S9/M9 -> 0.11550917 | L9: =+Efficiency1!K6 -> 66.782579 | M9: =L9 -> 66.782579 | N9: =+Efficiency1!C6 -> 45.608573 | O9: =N9 -> 45.608573 | P9: ='1'!I38 -> 10.018 | Q9: =P9 -> 10.018 | R9: ='1'!I40 -> 7.714 | S9: =R9 -> 7.714 | T9: =+AF9+AG9 -> 35.787 | U9: =T9 -> 35.787 | V9: =T9/(P9) -> 3.5722699 | W9: =U9/(Q9) -> 3.5722699 | X9: =IF(AND(R9>0,T9>0),T9/(R9),0) -> 4.6392274 | Y9: =IF(AND(S9>0,U9>0),U9/(S9),0) -> 4.6392274 | Z9: ='1'!I46 -> 15116.02 | AA9: =Z9 -> 15116.02 | AB9: =IF(AND(L9>0,Z9>0),(Z9/(P9*1000)*1000),0) -> 1508.886 | AC9: =IF(AND(M9>0,AA9>0),(AA9/(Q9*1000)*1000),0) -> 1508.886 | AD9: =IF(AND(R9>0,Z9>0),(Z9/(R9*1000)*1000),0) -> 1959.5567 | AE9: =IF(AND(S9>0,AA9>0),(AA9/(S9*1000)*1000),0) -> 1959.5567 | AF9: 0.831 | AG9: 34.956 | AH9: =+Efficiency2!K6 -> 66.782579 | AI9: =AH9 -> 66.782579 | AJ9: =+R9/AH9 -> 0.11550917 | AK9: =+S9/AI9 -> 0.11550917
A10: =A9+1 -> 45871 | B10: Facial | C10: 13,5 | D10: =+'2'!F42 -> 1263.3333 | E10: =+'2'!G42 -> 960.13333 | F10: =1-(E10/D10) -> 0.24 | G10: =+P10/N10 -> 0.94387847 | H10: =+P10/L10 -> 0.70124618 | I10: =+R10/P10 -> 0.94416937 | J10: =+R10/L10 -> 0.66209517 | K10: =+S10/M10 -> 0.38887501 | L10: =+Efficiency1!K11 -> 66.818189 | M10: =M9+L10 -> 133.60077 | N10: =+Efficiency1!C11 -> 49.641984 | O10: =O9+N10 -> 95.250557 | P10: ='2'!I38 -> 46.856 | Q10: =Q9+P10 -> 56.874 | R10: ='2'!I40 -> 44.24 | S10: =S9+R10 -> 51.954 | T10: =+AF10+AG10 -> 125.154 | U10: =T10+U9 -> 160.941 | V10: =T10/(P10) -> 2.6710347 | W10: =U10/(Q10) -> 2.8297816 | X10: =IF(AND(R10>0,T10>0),T10/(R10),0) -> 2.8289783 | Y10: =IF(AND(S10>0,U10>0),U10/(S10),0) -> 3.0977596 | Z10: ='2'!I46 -> 45471.46 | AA10: =Z10+AA9 -> 60587.48 | AB10: =IF(AND(L10>0,Z10>0),(Z10/(P10*1000)*1000),0) -> 970.45117 | AC10: =IF(AND(M10>0,AA10>0),(AA10/(Q10*1000)*1000),0) -> 1065.2931 | AD10: =IF(AND(R10>0,Z10>0),(Z10/(R10*1000)*1000),0) -> 1027.8359 | AE10: =IF(AND(S10>0,AA10>0),(AA10/(S10*1000)*1000),0) -> 1166.1755 | AF10: 0.64 | AG10: 124.514 | AH10: =+Efficiency2!K11 -> 66.818189 | AI10: =AI9+AH10 -> 133.60077 | AJ10: =+R10/AH10 -> 0.66209517 | AK10: =+S10/AI10 -> 0.38887501
A11: =A10+1 -> 45872 | B11: Facial | C11: 13,5/13 | D11: =+'3'!F42 -> 1460 | E11: =+'3'!G42 -> 1109.6 | F11: =1-(E11/D11) -> 0.24 | G11: =+P11/N11 -> 0.93964068 | H11: =+P11/L11 -> 0.80622387 | I11: =+R11/P11 -> 0.96815633 | J11: =+R11/L11 -> 0.78055074 | K11: =+S11/M11 -> 0.51856923 | L11: =+SUM(Efficiency1!K17:K18) -> 66.139198 | M11: =M10+L11 -> 199.73997 | N11: =+SUM(Efficiency1!C17:C18) -> 56.748288 | O11: =O10+N11 -> 151.99884 | P11: ='3'!I38 -> 53.323 | Q11: =Q10+P11 -> 110.197 | R11: ='3'!I40 -> 51.625 | S11: =S10+R11 -> 103.579 | T11: =+AF11+AG11 -> 134.805 | U11: =T11+U10 -> 295.746 | V11: =T11/(P11) -> 2.5280836 | W11: =U11/(Q11) -> 2.6837936 | X11: =IF(AND(R11>0,T11>0),T11/(R11),0) -> 2.6112349 | Y11: =IF(AND(S11>0,U11>0),U11/(S11),0) -> 2.8552699 | Z11: ='3'!I46 -> 48853.5 | AA11: =Z11+AA10 -> 109440.98 | AB11: =IF(AND(L11>0,Z11>0),(Z11/(P11*1000)*1000),0) -> 916.18063 | AC11: =IF(AND(M11>0,AA11>0),(AA11/(Q11*1000)*1000),0) -> 993.13938 | AD11: =IF(AND(R11>0,Z11>0),(Z11/(R11*1000)*1000),0) -> 946.31477 | AE11: =IF(AND(S11>0,AA11>0),(AA11/(S11*1000)*1000),0) -> 1056.5943 | AF11: 1.989 | AG11: 132.816 | AH11: =+SUM(Efficiency2!K17:K18) -> 66.139198 | AI11: =AI10+AH11 -> 199.73997 | AJ11: =+R11/AH11 -> 0.78055074 | AK11: =+S11/AI11 -> 0.51856923
A12: =A11+1 -> 45873 | B12: Facial | C12: 13 | D12: =+'4'!F42 -> 1566.6667 | E12: =+'4'!G42 -> 1190.6667 | F12: =1-(E12/D12) -> 0.24 | G12: =+P12/N12 -> 0.90708438 | H12: =+P12/L12 -> 0.83558478 | I12: =+R12/P12 -> 0.81910318 | J12: =+R12/L12 -> 0.68443016 | K12: =+S12/M12 -> 0.55881791 | L12: =+Efficiency1!K21 -> 64.000687 | M12: =M11+L12 -> 263.74065 | N12: =+Efficiency1!C21 -> 58.955927 | O12: =O11+N12 -> 210.95477 | P12: ='4'!I38 -> 53.478 | Q12: =Q11+P12 -> 163.675 | R12: ='4'!I40 -> 43.804 | S12: =S11+R12 -> 147.383 | T12: =+AF12+AG12 -> 129.709 | U12: =T12+U11 -> 425.455 | V12: =T12/(P12) -> 2.4254647 | W12: =U12/(Q12) -> 2.599389 | X12: =IF(AND(R12>0,T12>0),T12/(R12),0) -> 2.9611223 | Y12: =IF(AND(S12>0,U12>0),U12/(S12),0) -> 2.8867305 | Z12: ='4'!I46 -> 52564.46 | AA12: =Z12+AA11 -> 162005.44 | AB12: =IF(AND(L12>0,Z12>0),(Z12/(P12*1000)*1000),0) -> 982.91746 | AC12: =IF(AND(M12>0,AA12>0),(AA12/(Q12*1000)*1000),0) -> 989.79954 | AD12: =IF(AND(R12>0,Z12>0),(Z12/(R12*1000)*1000),0) -> 1199.9922 | AE12: =IF(AND(S12>0,AA12>0),(AA12/(S12*1000)*1000),0) -> 1099.2139 | AF12: 1.37 | AG12: 128.339 | AH12: =+Efficiency2!K21 -> 64.000687 | AI12: =AI11+AH12 -> 263.74065 | AJ12: =+R12/AH12 -> 0.68443016 | AK12: =+S12/AI12 -> 0.55881791
A13: =A12+1 -> 45874 | B13: Facial/MG | C13: 13/17/16,5 | D13: =+'5'!F42 -> 1359.684 | E13: =+'5'!G42 -> 1033.3599 | F13: =1-(E13/D13) -> 0.24 | G13: =+P13/N13 -> 0.94812827 | H13: =+P13/L13 -> 0.92371029 | I13: =+R13/P13 -> 0.82929496 | J13: =+R13/L13 -> 0.76602829 | K13: =+S13/M13 -> 0.60434139 | L13: =+SUM(Efficiency1!K25:K27) -> 74.257049 | M13: =M12+L13 -> 337.9977 | N13: =+SUM(Efficiency1!C25:C27) -> 72.344642 | O13: =O12+N13 -> 283.29941 | P13: ='5'!I38 -> 68.592 | Q13: =Q12+P13 -> 232.267 | R13: ='5'!I40 -> 56.883 | S13: =S12+R13 -> 204.266 | T13: =+AF13+AG13 -> 151.254 | U13: =T13+U12 -> 576.709 | V13: =T13/(P13) -> 2.205126 | W13: =U13/(Q13) -> 2.4829571 | X13: =IF(AND(R13>0,T13>0),T13/(R13),0) -> 2.659037 | Y13: =IF(AND(S13>0,U13>0),U13/(S13),0) -> 2.8233235 | Z13: ='5'!I46 -> 56307.9 | AA13: =Z13+AA12 -> 218313.34 | AB13: =IF(AND(L13>0,Z13>0),(Z13/(P13*1000)*1000),0) -> 820.9106 | AC13: =IF(AND(M13>0,AA13>0),(AA13/(Q13*1000)*1000),0) -> 939.92405 | AD13: =IF(AND(R13>0,Z13>0),(Z13/(R13*1000)*1000),0) -> 989.88977 | AE13: =IF(AND(S13>0,AA13>0),(AA13/(S13*1000)*1000),0) -> 1068.7698 | AF13: 5.042 | AG13: 146.212 | AH13: =+SUM(Efficiency2!K25:K27) -> 74.257049 | AI13: =AI12+AH13 -> 337.9977 | AJ13: =+R13/AH13 -> 0.76602829 | AK13: =+S13/AI13 -> 0.60434139
A14: =A13+1 -> 45875 | B14: MG | C14: 16,5 | D14: =+'6'!F42 -> 1260 | E14: =+'6'!G42 -> 1255.59 | F14: =1-(E14/D14) -> 0.0035 | G14: =+P14/N14 -> 0.9801698 | H14: =+P14/L14 -> 0.97673921 | I14: =+R14/P14 -> 0.94252667 | J14: =+R14/L14 -> 0.92060276 | K14: =+S14/M14 -> 0.66482753 | L14: =+Efficiency1!K30 -> 79.930241 | M14: =M13+L14 -> 417.92794 | N14: =+Efficiency1!C30 -> 79.650485 | O14: =O13+N14 -> 362.9499 | P14: ='6'!I38 -> 78.071 | Q14: =Q13+P14 -> 310.338 | R14: ='6'!I40 -> 73.584 | S14: =S13+R14 -> 277.85 | T14: =+AF14+AG14 -> 165.836 | U14: =T14+U13 -> 742.545 | V14: =T14/(P14) -> 2.124169 | W14: =U14/(Q14) -> 2.3926976 | X14: =IF(AND(R14>0,T14>0),T14/(R14),0) -> 2.2536965 | Y14: =IF(AND(S14>0,U14>0),U14/(S14),0) -> 2.6724672 | Z14: ='6'!I46 -> 57108.98 | AA14: =Z14+AA13 -> 275422.32 | AB14: =IF(AND(L14>0,Z14>0),(Z14/(P14*1000)*1000),0) -> 731.50056 | AC14: =IF(AND(M14>0,AA14>0),(AA14/(Q14*1000)*1000),0) -> 887.49144 | AD14: =IF(AND(R14>0,Z14>0),(Z14/(R14*1000)*1000),0) -> 776.10595 | AE14: =IF(AND(S14>0,AA14>0),(AA14/(S14*1000)*1000),0) -> 991.26262 | AF14: 14.484 | AG14: 151.352 | AH14: =+Efficiency2!K30 -> 79.930241 | AI14: =AI13+AH14 -> 417.92794 | AJ14: =+R14/AH14 -> 0.92060276 | AK14: =+S14/AI14 -> 0.66482753
A15: =A14+1 -> 45876 | B15: MG | C15: 16/14 | D15: =+'7'!F42 -> 1320.4444 | E15: =+'7'!G42 -> 1315.8229 | F15: =1-(E15/D15) -> 0.0035 | G15: =+P15/N15 -> 0.8909752 | H15: =+P15/L15 -> 0.88770914 | I15: =+R15/P15 -> 1.0529643 | J15: =+R15/L15 -> 0.93472606 | K15: =+S15/M15 -> 0.70548494 | L15: =+SUM(Efficiency1!K34:K35) -> 74.122251 | M15: =M14+L15 -> 492.05019 | N15: =+SUM(Efficiency1!C34:C35) -> 73.85054 | O15: =O14+N15 -> 436.80044 | P15: ='7'!I38 -> 65.799 | Q15: =Q14+P15 -> 376.137 | R15: ='7'!I40 -> 69.284 | S15: =S14+R15 -> 347.134 | T15: =+AF15+AG15 -> 143.386 | U15: =T15+U14 -> 885.931 | V15: =T15/(P15) -> 2.1791517 | W15: =U15/(Q15) -> 2.3553413 | X15: =IF(AND(R15>0,T15>0),T15/(R15),0) -> 2.0695399 | Y15: =IF(AND(S15>0,U15>0),U15/(S15),0) -> 2.5521297 | Z15: ='7'!I46 -> 54619.34 | AA15: =Z15+AA14 -> 330041.66 | AB15: =IF(AND(L15>0,Z15>0),(Z15/(P15*1000)*1000),0) -> 830.09377 | AC15: =IF(AND(M15>0,AA15>0),(AA15/(Q15*1000)*1000),0) -> 877.45066 | AD15: =IF(AND(R15>0,Z15>0),(Z15/(R15*1000)*1000),0) -> 788.33988 | AE15: =IF(AND(S15>0,AA15>0),(AA15/(S15*1000)*1000),0) -> 950.76155 | AF15: 5.026 | AG15: 138.36 | AH15: =+SUM(Efficiency2!K34:K35) -> 74.122251 | AI15: =AI14+AH15 -> 492.05019 | AJ15: =+R15/AH15 -> 0.93472606 | AK15: =+S15/AI15 -> 0.70548494
A16: =A15+1 -> 45877 | B16: MG | C16: 14 | D16: =+'8'!F42 -> 1340 | E16: =+'8'!G42 -> 1335.31 | F16: =1-(E16/D16) -> 0.0035 | G16: =+P16/N16 -> 0.95248616 | H16: =+P16/L16 -> 0.94893211 | I16: =+R16/P16 -> 1.0236832 | J16: =+R16/L16 -> 0.9714059 | K16: =+S16/M16 -> 0.73948209 | L16: =+Efficiency1!K40 -> 72.128448 | M16: =M15+L16 -> 564.17864 | N16: =+Efficiency1!C40 -> 71.859312 | O16: =O15+N16 -> 508.65975 | P16: ='8'!I38 -> 68.445 | Q16: =Q15+P16 -> 444.582 | R16: ='8'!I40 -> 70.066 | S16: =S15+R16 -> 417.2 | T16: =+AF16+AG16 -> 150.346 | U16: =T16+U15 -> 1036.277 | V16: =T16/(P16) -> 2.1965958 | W16: =U16/(Q16) -> 2.3309018 | X16: =IF(AND(R16>0,T16>0),T16/(R16),0) -> 2.1457768 | Y16: =IF(AND(S16>0,U16>0),U16/(S16),0) -> 2.4838854 | Z16: ='8'!I46 -> 58000.54 | AA16: =Z16+AA15 -> 388042.2 | AB16: =IF(AND(L16>0,Z16>0),(Z16/(P16*1000)*1000),0) -> 847.40361 | AC16: =IF(AND(M16>0,AA16>0),(AA16/(Q16*1000)*1000),0) -> 872.82481 | AD16: =IF(AND(R16>0,Z16>0),(Z16/(R16*1000)*1000),0) -> 827.79865 | AE16: =IF(AND(S16>0,AA16>0),(AA16/(S16*1000)*1000),0) -> 930.11074 | AF16: 2.49 | AG16: 147.856 | AH16: =+Efficiency2!K40 -> 72.128448 | AI16: =AI15+AH16 -> 564.17864 | AJ16: =+R16/AH16 -> 0.9714059 | AK16: =+S16/AI16 -> 0.73948209
A17: =A16+1 -> 45878 | B17: MG | C17: 14/17 | D17: =+'9'!F42 -> 1296.25 | E17: =+'9'!G42 -> 1291.7131 | F17: =1-(E17/D17) -> 0.0035 | G17: =+P17/N17 -> 0.96770355 | H17: =+P17/L17 -> 0.96431659 | I17: =+R17/P17 -> 1.0257326 | J17: =+R17/L17 -> 0.98913092 | K17: =+S17/M17 -> 0.76885769 | L17: =+SUM(Efficiency1!K44:K45) -> 75.238776 | M17: =M16+L17 -> 639.41742 | N17: =+SUM(Efficiency1!C44:C45) -> 74.97544 | O17: =O16+N17 -> 583.63519 | P17: ='9'!I38 -> 72.554 | Q17: =Q16+P17 -> 517.136 | R17: ='9'!I40 -> 74.421 | S17: =S16+R17 -> 491.621 | T17: =+AF17+AG17 -> 158.911 | U17: =T17+U16 -> 1195.188 | V17: =T17/(P17) -> 2.1902445 | W17: =U17/(Q17) -> 2.3111677 | X17: =IF(AND(R17>0,T17>0),T17/(R17),0) -> 2.1352978 | Y17: =IF(AND(S17>0,U17>0),U17/(S17),0) -> 2.4311167 | Z17: ='9'!I46 -> 57853.42 | AA17: =Z17+AA16 -> 445895.62 | AB17: =IF(AND(L17>0,Z17>0),(Z17/(P17*1000)*1000),0) -> 797.38429 | AC17: =IF(AND(M17>0,AA17>0),(AA17/(Q17*1000)*1000),0) -> 862.24053 | AD17: =IF(AND(R17>0,Z17>0),(Z17/(R17*1000)*1000),0) -> 777.38031 | AE17: =IF(AND(S17>0,AA17>0),(AA17/(S17*1000)*1000),0) -> 906.99059 | AF17: 7.349 | AG17: 151.562 | AH17: =+SUM(Efficiency2!K44:K45) -> 75.238776 | AI17: =AI16+AH17 -> 639.41742 | AJ17: =+R17/AH17 -> 0.98913092 | AK17: =+S17/AI17 -> 0.76885769
A18: =A17+1 -> 45879 | B18: MG | C18: 17 | D18: =+'10'!F42 -> 1260 | E18: =+'10'!G42 -> 1255.59 | F18: =1-(E18/D18) -> 0.0035 | G18: =+P18/N18 -> 0.97455081 | H18: =+P18/L18 -> 0.97113988 | I18: =+R18/P18 -> 1.049652 | J18: =+R18/L18 -> 1.019359 | K18: =+S18/M18 -> 0.7967745 | L18: =+Efficiency1!K49 -> 80.19648 | M18: =M17+L18 -> 719.6139 | N18: =+Efficiency1!C49 -> 79.915792 | O18: =O17+N18 -> 663.55098 | P18: ='10'!I38 -> 77.882 | Q18: =Q17+P18 -> 595.018 | R18: ='10'!I40 -> 81.749 | S18: =S17+R18 -> 573.37 | T18: =+AF18+AG18 -> 171.869 | U18: =T18+U17 -> 1367.057 | V18: =T18/(P18) -> 2.2067872 | W18: =U18/(Q18) -> 2.2975053 | X18: =IF(AND(R18>0,T18>0),T18/(R18),0) -> 2.1023988 | Y18: =IF(AND(S18>0,U18>0),U18/(S18),0) -> 2.3842493 | Z18: ='10'!I46 -> 55182.54 | AA18: =Z18+AA17 -> 501078.16 | AB18: =IF(AND(L18>0,Z18>0),(Z18/(P18*1000)*1000),0) -> 708.54036 | AC18: =IF(AND(M18>0,AA18>0),(AA18/(Q18*1000)*1000),0) -> 842.12269 | AD18: =IF(AND(R18>0,Z18>0),(Z18/(R18*1000)*1000),0) -> 675.02404 | AE18: =IF(AND(S18>0,AA18>0),(AA18/(S18*1000)*1000),0) -> 873.91764 | AF18: 17.326 | AG18: 154.543 | AH18: =+Efficiency2!K49 -> 80.19648 | AI18: =AI17+AH18 -> 719.6139 | AJ18: =+R18/AH18 -> 1.019359 | AK18: =+S18/AI18 -> 0.7967745
A19: =A18+1 -> 45880 | B19: MG | C19: 17/21/16,5 | D19: =+'11'!F42 -> 1183.4722 | E19: =+'11'!G42 -> 1179.3301 | F19: =1-(E19/D19) -> 0.0035 | G19: =+P19/N19 -> 0.93059852 | H19: =+P19/L19 -> 0.92734143 | I19: =+R19/P19 -> 0.78692288 | J19: =+R19/L19 -> 0.72974618 | K19: =+S19/M19 -> 0.78979691 | L19: =+SUM(Efficiency1!K54:K56) -> 83.615374 | M19: =M18+L19 -> 803.22927 | N19: =+SUM(Efficiency1!C54:C56) -> 83.32272 | O19: =O18+N19 -> 746.8737 | P19: ='11'!I38 -> 77.54 | Q19: =Q18+P19 -> 672.558 | R19: ='11'!I40 -> 61.018 | S19: =S18+R19 -> 634.388 | T19: =+AF19+AG19 -> 172.481 | U19: =T19+U18 -> 1539.538 | V19: =T19/(P19) -> 2.2244132 | W19: =U19/(Q19) -> 2.2890784 | X19: =IF(AND(R19>0,T19>0),T19/(R19),0) -> 2.8267233 | Y19: =IF(AND(S19>0,U19>0),U19/(S19),0) -> 2.4268082 | Z19: ='11'!I46 -> 55808.22 | AA19: =Z19+AA18 -> 556886.38 | AB19: =IF(AND(L19>0,Z19>0),(Z19/(P19*1000)*1000),0) -> 719.73459 | AC19: =IF(AND(M19>0,AA19>0),(AA19/(Q19*1000)*1000),0) -> 828.01242 | AD19: =IF(AND(R19>0,Z19>0),(Z19/(R19*1000)*1000),0) -> 914.61896 | AE19: =IF(AND(S19>0,AA19>0),(AA19/(S19*1000)*1000),0) -> 877.83246 | AF19: 19.387 | AG19: 153.094 | AH19: =+SUM(Efficiency2!K54:K56) -> 83.615374 | AI19: =AI18+AH19 -> 803.22927 | AJ19: =+R19/AH19 -> 0.72974618 | AK19: =+S19/AI19 -> 0.78979691
A20: =A19+1 -> 45881 | B20: MG | C20: 16,5/17/21 | D20: =+'12'!F42 -> 1041.3819 | E20: =+'12'!G42 -> 1037.7371 | F20: =1-(E20/D20) -> 0.0035 | G20: =+P20/N20 -> 0.95427395 | H20: =+P20/L20 -> 0.950934 | I20: =+R20/P20 -> 1.0741126 | J20: =+R20/L20 -> 1.0214102 | K20: =+S20/M20 -> 0.81146342 | L20: =+SUM(Efficiency1!K60:K62) -> 82.89324 | M20: =M19+L20 -> 886.12251 | N20: =+SUM(Efficiency1!C60:C62) -> 82.603114 | O20: =O19+N20 -> 829.47682 | P20: ='12'!I38 -> 78.826 | Q20: =Q19+P20 -> 751.384 | R20: ='12'!I40 -> 84.668 | S20: =S19+R20 -> 719.056 | T20: =+AF20+AG20 -> 170.582 | U20: =T20+U19 -> 1710.12 | V20: =T20/(P20) -> 2.1640322 | W20: =U20/(Q20) -> 2.2759601 | X20: =IF(AND(R20>0,T20>0),T20/(R20),0) -> 2.0147163 | Y20: =IF(AND(S20>0,U20>0),U20/(S20),0) -> 2.3782849 | Z20: ='12'!I46 -> 53203.52 | AA20: =Z20+AA19 -> 610089.9 | AB20: =IF(AND(L20>0,Z20>0),(Z20/(P20*1000)*1000),0) -> 674.94887 | AC20: =IF(AND(M20>0,AA20>0),(AA20/(Q20*1000)*1000),0) -> 811.95487 | AD20: =IF(AND(R20>0,Z20>0),(Z20/(R20*1000)*1000),0) -> 628.37814 | AE20: =IF(AND(S20>0,AA20>0),(AA20/(S20*1000)*1000),0) -> 848.45951 | AF20: 19.001 | AG20: 151.581 | AH20: =+SUM(Efficiency2!K60:K62) -> 82.89324 | AI20: =AI19+AH20 -> 886.12251 | AJ20: =+R20/AH20 -> 1.0214102 | AK20: =+S20/AI20 -> 0.81146342
A21: =A20+1 -> 45882 | B21: MG | C21: 21/22/16 | D21: =+'13'!F42 -> 1174.0625 | E21: =+'13'!G42 -> 1169.9533 | F21: =1-(E21/D21) -> 0.0035 | G21: =+P21/N21 -> 1.0181363 | H21: =+P21/L21 -> 1.0145728 | I21: =+R21/P21 -> 0.9520663 | J21: =+R21/L21 -> 0.96594056 | K21: =+S21/M21 -> 0.82405085 | L21: =+SUM(Efficiency1!K66:K68) -> 78.610427 | M21: =M20+L21 -> 964.73294 | N21: =+SUM(Efficiency1!C66:C68) -> 78.33529 | O21: =O20+N21 -> 907.81211 | P21: ='13'!I38 -> 79.756 | Q21: =Q20+P21 -> 831.14 | R21: ='13'!I40 -> 75.933 | S21: =S20+R21 -> 794.989 | T21: =+AF21+AG21 -> 164.047 | U21: =T21+U20 -> 1874.167 | V21: =T21/(P21) -> 2.0568609 | W21: =U21/(Q21) -> 2.2549354 | X21: =IF(AND(R21>0,T21>0),T21/(R21),0) -> 2.1604177 | Y21: =IF(AND(S21>0,U21>0),U21/(S21),0) -> 2.3574754 | Z21: ='13'!I46 -> 55834.3 | AA21: =Z21+AA20 -> 665924.2 | AB21: =IF(AND(L21>0,Z21>0),(Z21/(P21*1000)*1000),0) -> 700.06395 | AC21: =IF(AND(M21>0,AA21>0),(AA21/(Q21*1000)*1000),0) -> 801.21785 | AD21: =IF(AND(R21>0,Z21>0),(Z21/(R21*1000)*1000),0) -> 735.31008 | AE21: =IF(AND(S21>0,AA21>0),(AA21/(S21*1000)*1000),0) -> 837.65209 | AF21: 15.845 | AG21: 148.202 | AH21: =+SUM(Efficiency2!K66:K68) -> 78.610427 | AI21: =AI20+AH21 -> 964.73294 | AJ21: =+R21/AH21 -> 0.96594056 | AK21: =+S21/AI21 -> 0.82405085
A22: =A21+1 -> 45883 | B22: MG | C22: 16/16,5 | D22: =+'14'!F42 -> 1260 | E22: =+'14'!G42 -> 1255.59 | F22: =1-(E22/D22) -> 0.0035 | G22: =+P22/N22 -> 0.95338061 | H22: =+P22/L22 -> 0.95004378 | I22: =+R22/P22 -> 1.0925312 | J22: =+R22/L22 -> 1.0379524 | K22: =+S22/M22 -> 0.84030612 | L22: =+SUM(Efficiency1!K71:K72) -> 79.343712 | M22: =M21+L22 -> 1044.0766 | N22: =+SUM(Efficiency1!C71:C72) -> 79.066009 | O22: =O21+N22 -> 986.87812 | P22: ='14'!I38 -> 75.38 | Q22: =Q21+P22 -> 906.52 | R22: ='14'!I40 -> 82.355 | S22: =S21+R22 -> 877.344 | T22: =+AF22+AG22 -> 156.898 | U22: =T22+U21 -> 2031.065 | V22: =T22/(P22) -> 2.0814274 | W22: =U22/(Q22) -> 2.2405077 | X22: =IF(AND(R22>0,T22>0),T22/(R22),0) -> 1.9051424 | Y22: =IF(AND(S22>0,U22>0),U22/(S22),0) -> 2.3150155 | Z22: ='14'!I46 -> 55931.68 | AA22: =Z22+AA21 -> 721855.88 | AB22: =IF(AND(L22>0,Z22>0),(Z22/(P22*1000)*1000),0) -> 741.99629 | AC22: =IF(AND(M22>0,AA22>0),(AA22/(Q22*1000)*1000),0) -> 796.29339 | AD22: =IF(AND(R22>0,Z22>0),(Z22/(R22*1000)*1000),0) -> 679.15342 | AE22: =IF(AND(S22>0,AA22>0),(AA22/(S22*1000)*1000),0) -> 822.77405 | AF22: 15.506 | AG22: 141.392 | AH22: =+SUM(Efficiency2!K71:K72) -> 79.343712 | AI22: =AI21+AH22 -> 1044.0766 | AJ22: =+R22/AH22 -> 1.0379524 | AK22: =+S22/AI22 -> 0.84030612
A23: =A22+1 -> 45884 | B23: MG | C23: 16,5/16 | D23: =+'15'!F42 -> 1260 | E23: =+'15'!G42 -> 1255.59 | F23: =1-(E23/D23) -> 0.0035 | G23: =+P23/N23 -> 1.0274343 | H23: =+P23/L23 -> 1.0238382 | I23: =+R23/P23 -> 0.94709156 | J23: =+R23/L23 -> 0.96966855 | K23: =+S23/M23 -> 0.84953532 | L23: =+SUM(Efficiency1!K75:K76) -> 80.210913 | M23: =M22+L23 -> 1124.2876 | N23: =+SUM(Efficiency1!C75:C76) -> 79.930175 | O23: =O22+N23 -> 1066.8083 | P23: ='15'!I38 -> 82.123 | Q23: =Q22+P23 -> 988.643 | R23: ='15'!I40 -> 77.778 | S23: =S22+R23 -> 955.122 | T23: =+AF23+AG23 -> 170.072 | U23: =T23+U22 -> 2201.137 | V23: =T23/(P23) -> 2.0709424 | W23: =U23/(Q23) -> 2.2264225 | X23: =IF(AND(R23>0,T23>0),T23/(R23),0) -> 2.1866338 | Y23: =IF(AND(S23>0,U23>0),U23/(S23),0) -> 2.3045611 | Z23: ='15'!I46 -> 57588.46 | AA23: =Z23+AA22 -> 779444.34 | AB23: =IF(AND(L23>0,Z23>0),(Z23/(P23*1000)*1000),0) -> 701.24642 | AC23: =IF(AND(M23>0,AA23>0),(AA23/(Q23*1000)*1000),0) -> 788.39818 | AD23: =IF(AND(R23>0,Z23>0),(Z23/(R23*1000)*1000),0) -> 740.42094 | AE23: =IF(AND(S23>0,AA23>0),(AA23/(S23*1000)*1000),0) -> 816.06783 | AF23: 19.442 | AG23: 150.63 | AH23: =+SUM(Efficiency2!K75:K76) -> 80.210913 | AI23: =AI22+AH23 -> 1124.2876 | AJ23: =+R23/AH23 -> 0.96966855 | AK23: =+S23/AI23 -> 0.84953532
A24: =A23+1 -> 45885 | B24: MG | C24: 16/17 | D24: =+'16'!F42 -> 1260 | E24: =+'16'!G42 -> 1255.59 | F24: =1-(E24/D24) -> 0.0035 | G24: =+P24/N24 -> 0.96959559 | H24: =+P24/L24 -> 0.96620201 | I24: =+R24/P24 -> 1.0371938 | J24: =+R24/L24 -> 1.0021387 | K24: =+S24/M24 -> 0.85969591 | L24: =+SUM(Efficiency1!K80:K81) -> 80.19648 | M24: =M23+L24 -> 1204.484 | N24: =+SUM(Efficiency1!C80:C81) -> 79.915792 | O24: =O23+N24 -> 1146.7241 | P24: ='16'!I38 -> 77.486 | Q24: =Q23+P24 -> 1066.129 | R24: ='16'!I40 -> 80.368 | S24: =S23+R24 -> 1035.49 | T24: =+AF24+AG24 -> 165.263 | U24: =T24+U23 -> 2366.4 | V24: =T24/(P24) -> 2.1328111 | W24: =U24/(Q24) -> 2.2196188 | X24: =IF(AND(R24>0,T24>0),T24/(R24),0) -> 2.0563284 | Y24: =IF(AND(S24>0,U24>0),U24/(S24),0) -> 2.2852949 | Z24: ='16'!I46 -> 58306.8 | AA24: =Z24+AA23 -> 837751.14 | AB24: =IF(AND(L24>0,Z24>0),(Z24/(P24*1000)*1000),0) -> 752.48174 | AC24: =IF(AND(M24>0,AA24>0),(AA24/(Q24*1000)*1000),0) -> 785.78778 | AD24: =IF(AND(R24>0,Z24>0),(Z24/(R24*1000)*1000),0) -> 725.49771 | AE24: =IF(AND(S24>0,AA24>0),(AA24/(S24*1000)*1000),0) -> 809.03837 | AF24: 13.134 | AG24: 152.129 | AH24: =+SUM(Efficiency2!K80:K81) -> 80.19648 | AI24: =AI23+AH24 -> 1204.484 | AJ24: =+R24/AH24 -> 1.0021387 | AK24: =+S24/AI24 -> 0.85969591
A25: =A24+1 -> 45886 | B25: MG/Facial | C25: 17/16,5/10,3 | D25: =+'17'!F42 -> 1417.2083 | E25: =+'17'!G42 -> 1313.8357 | F25: =1-(E25/D25) -> 0.072941037 | G25: =+P25/N25 -> 1.0266735 | H25: =+P25/L25 -> 1.0154362 | I25: =+R25/P25 -> 0.98434369 | J25: =+R25/L25 -> 0.99953817 | K25: =+S25/M25 -> 0.86770937 | L25: =+SUM(Efficiency1!K85:K87) -> 73.216814 | M25: =M24+L25 -> 1277.7009 | N25: =+SUM(Efficiency1!C85:C87) -> 72.41543 | O25: =O24+N25 -> 1219.1395 | P25: ='17'!I38 -> 74.347 | Q25: =Q24+P25 -> 1140.476 | R25: ='17'!I40 -> 73.183 | S25: =S24+R25 -> 1108.673 | T25: =+AF25+AG25 -> 148.765 | U25: =T25+U24 -> 2515.165 | V25: =T25/(P25) -> 2.000955 | W25: =U25/(Q25) -> 2.2053643 | X25: =IF(AND(R25>0,T25>0),T25/(R25),0) -> 2.0327808 | Y25: =IF(AND(S25>0,U25>0),U25/(S25),0) -> 2.2686265 | Z25: ='17'!I46 -> 57599.54 | AA25: =Z25+AA24 -> 895350.68 | AB25: =IF(AND(L25>0,Z25>0),(Z25/(P25*1000)*1000),0) -> 774.73926 | AC25: =IF(AND(M25>0,AA25>0),(AA25/(Q25*1000)*1000),0) -> 785.06753 | AD25: =IF(AND(R25>0,Z25>0),(Z25/(R25*1000)*1000),0) -> 787.06175 | AE25: =IF(AND(S25>0,AA25>0),(AA25/(S25*1000)*1000),0) -> 807.5877 | AF25: 6.669 | AG25: 142.096 | AH25: =+SUM(Efficiency2!K85:K87) -> 73.216814 | AI25: =AI24+AH25 -> 1277.7009 | AJ25: =+R25/AH25 -> 0.99953817 | AK25: =+S25/AI25 -> 0.86770937
A26: =A25+1 -> 45887 | B26: Facial | C26: 10,3 | D26: =+'18'!F42 -> 1726.6667 | E26: =+'18'!G42 -> 1450.4 | F26: =1-(E26/D26) -> 0.16 | G26: =+P26/N26 -> 0.93658463 | H26: =+P26/L26 -> 0.93478004 | I26: =+R26/P26 -> 1.0555099 | J26: =+R26/L26 -> 0.98666963 | K26: =+S26/M26 -> 0.87281813 | L26: =+Efficiency1!K90 -> 57.333274 | M26: =M25+L26 -> 1335.0341 | N26: =+Efficiency1!C90 -> 57.222805 | O26: =O25+N26 -> 1276.3623 | P26: ='18'!I38 -> 53.594 | Q26: =Q25+P26 -> 1194.07 | R26: ='18'!I40 -> 56.569 | S26: =S25+R26 -> 1165.242 | T26: =+AF26+AG26 -> 127.576 | U26: =T26+U25 -> 2642.741 | V26: =T26/(P26) -> 2.3804157 | W26: =U26/(Q26) -> 2.2132212 | X26: =IF(AND(R26>0,T26>0),T26/(R26),0) -> 2.2552281 | Y26: =IF(AND(S26>0,U26>0),U26/(S26),0) -> 2.2679761 | Z26: ='18'!I46 -> 60628.58 | AA26: =Z26+AA25 -> 955979.26 | AB26: =IF(AND(L26>0,Z26>0),(Z26/(P26*1000)*1000),0) -> 1131.2569 | AC26: =IF(AND(M26>0,AA26>0),(AA26/(Q26*1000)*1000),0) -> 800.60571 | AD26: =IF(AND(R26>0,Z26>0),(Z26/(R26*1000)*1000),0) -> 1071.7633 | AE26: =IF(AND(S26>0,AA26>0),(AA26/(S26*1000)*1000),0) -> 820.41264 | AF26: 0.095 | AG26: 127.481 | AH26: =+Efficiency2!K90 -> 57.333274 | AI26: =AI25+AH26 -> 1335.0341 | AJ26: =+R26/AH26 -> 0.98666963 | AK26: =+S26/AI26 -> 0.87281813
A27: =A26+1 -> 45888 | B27: Facial | C27: 10,3 | D27: =+'19'!F42 -> 1730 | E27: =+'19'!G42 -> 1449.0192 | F27: =1-(E27/D27) -> 0.16241667 | G27: =+P27/N27 -> 0.96714392 | H27: =+P27/L27 -> 0.96714392 | I27: =+R27/P27 -> 0.99779345 | J27: =+R27/L27 -> 0.96500987 | K27: =+S27/M27 -> 0.87660383 | L27: =+Efficiency1!K94 -> 57.168327 | M27: =M26+L27 -> 1392.2025 | N27: =+Efficiency1!C94 -> 57.168327 | O27: =O26+N27 -> 1333.5306 | P27: ='19'!I38 -> 55.29 | Q27: =Q26+P27 -> 1249.36 | R27: ='19'!I40 -> 55.168 | S27: =S26+R27 -> 1220.41 | T27: =+AF27+AG27 -> 119.36 | U27: =T27+U26 -> 2762.101 | V27: =T27/(P27) -> 2.1587991 | W27: =U27/(Q27) -> 2.2108127 | X27: =IF(AND(R27>0,T27>0),T27/(R27),0) -> 2.1635731 | Y27: =IF(AND(S27>0,U27>0),U27/(S27),0) -> 2.2632566 | Z27: ='19'!I46 -> 58806.46 | AA27: =Z27+AA26 -> 1014785.7 | AB27: =IF(AND(L27>0,Z27>0),(Z27/(P27*1000)*1000),0) -> 1063.6003 | AC27: =IF(AND(M27>0,AA27>0),(AA27/(Q27*1000)*1000),0) -> 812.24445 | AD27: =IF(AND(R27>0,Z27>0),(Z27/(R27*1000)*1000),0) -> 1065.9524 | AE27: =IF(AND(S27>0,AA27>0),(AA27/(S27*1000)*1000),0) -> 831.51213 | AF27: 0.085 | AG27: 119.275 | AH27: =+Efficiency2!K94 -> 57.168327 | AI27: =AI26+AH27 -> 1392.2025 | AJ27: =+R27/AH27 -> 0.96500987 | AK27: =+S27/AI27 -> 0.87660383
A28: =A27+1 -> 45889 | B28: Facial | C28: 10,3 | D28: =+'20'!F42 -> 1716.6667 | E28: =+'20'!G42 -> 1373.3333 | F28: =1-(E28/D28) -> 0.2 | G28: =+P28/N28 -> 0.95340599 | H28: =+P28/L28 -> 0.94605796 | I28: =+R28/P28 -> 1.0352666 | J28: =+R28/L28 -> 0.97942226 | K28: =+S28/M28 -> 0.88061975 | L28: =+Efficiency1!K98 -> 56.587442 | M28: =M27+L28 -> 1448.7899 | N28: =+Efficiency1!C98 -> 56.151315 | O28: =O27+N28 -> 1389.682 | P28: ='20'!I38 -> 53.535 | Q28: =Q27+P28 -> 1302.895 | R28: ='20'!I40 -> 55.423 | S28: =S27+R28 -> 1275.833 | T28: =+AF28+AG28 -> 122.397 | U28: =T28+U27 -> 2884.498 | V28: =T28/(P28) -> 2.2862987 | W28: =U28/(Q28) -> 2.2139144 | X28: =IF(AND(R28>0,T28>0),T28/(R28),0) -> 2.2084153 | Y28: =IF(AND(S28>0,U28>0),U28/(S28),0) -> 2.2608743 | Z28: ='20'!I46 -> 58276.8 | AA28: =Z28+AA27 -> 1073062.5 | AB28: =IF(AND(L28>0,Z28>0),(Z28/(P28*1000)*1000),0) -> 1088.5738 | AC28: =IF(AND(M28>0,AA28>0),(AA28/(Q28*1000)*1000),0) -> 823.59862 | AD28: =IF(AND(R28>0,Z28>0),(Z28/(R28*1000)*1000),0) -> 1051.4913 | AE28: =IF(AND(S28>0,AA28>0),(AA28/(S28*1000)*1000),0) -> 841.06816 | AF28: 0.079 | AG28: 122.318 | AH28: =+Efficiency2!K98 -> 56.587442 | AI28: =AI27+AH28 -> 1448.7899 | AJ28: =+R28/AH28 -> 0.97942226 | AK28: =+S28/AI28 -> 0.88061975
A29: =A28+1 -> 45890 | B29: Facial | C29: 10,3 | D29: =+'21'!F42 -> 1710 | E29: =+'21'!G42 -> 1368 | F29: =1-(E29/D29) -> 0.2 | G29: =+P29/N29 -> 1.0014983 | H29: =+P29/L29 -> 0.98992033 | I29: =+R29/P29 -> 1.0058272 | J29: =+R29/L29 -> 0.99568876 | K29: =+S29/M29 -> 0.88496535 | L29: =+Efficiency1!K102 -> 56.861142 | M29: =M28+L29 -> 1505.651 | N29: =+Efficiency1!C102 -> 56.203788 | O29: =O28+N29 -> 1445.8857 | P29: ='21'!I38 -> 56.288 | Q29: =Q28+P29 -> 1359.183 | R29: ='21'!I40 -> 56.616 | S29: =S28+R29 -> 1332.449 | T29: =+AF29+AG29 -> 128.596 | U29: =T29+U28 -> 3013.094 | V29: =T29/(P29) -> 2.2846077 | W29: =U29/(Q29) -> 2.216842 | X29: =IF(AND(R29>0,T29>0),T29/(R29),0) -> 2.2713721 | Y29: =IF(AND(S29>0,U29>0),U29/(S29),0) -> 2.2613203 | Z29: ='21'!I46 -> 55241.9 | AA29: =Z29+AA28 -> 1128304.4 | AB29: =IF(AND(L29>0,Z29>0),(Z29/(P29*1000)*1000),0) -> 981.41522 | AC29: =IF(AND(M29>0,AA29>0),(AA29/(Q29*1000)*1000),0) -> 830.13429 | AD29: =IF(AND(R29>0,Z29>0),(Z29/(R29*1000)*1000),0) -> 975.72948 | AE29: =IF(AND(S29>0,AA29>0),(AA29/(S29*1000)*1000),0) -> 846.78995 | AF29: 0.072 | AG29: 128.524 | AH29: =+Efficiency2!K102 -> 56.861142 | AI29: =AI28+AH29 -> 1505.651 | AJ29: =+R29/AH29 -> 0.99568876 | AK29: =+S29/AI29 -> 0.88496535
A30: =A29+1 -> 45891 | B30: Facial | C30: 10,3 | D30: =+'22'!F42 -> 1693.6111 | E30: =+'22'!G42 -> 1354.8889 | F30: =1-(E30/D30) -> 0.2 | G30: =+P30/N30 -> 0.98969456 | H30: =+P30/L30 -> 0.96887728 | I30: =+R30/P30 -> 1.0117115 | J30: =+R30/L30 -> 0.98022427 | K30: =+S30/M30 -> 0.88841532 | L30: =+Efficiency1!K106 -> 56.578889 | M30: =M29+L30 -> 1562.2299 | N30: =+Efficiency1!C106 -> 55.388806 | O30: =O29+N30 -> 1501.2746 | P30: ='22'!I38 -> 54.818 | Q30: =Q29+P30 -> 1414.001 | R30: ='22'!I40 -> 55.46 | S30: =S29+R30 -> 1387.909 | T30: =+AF30+AG30 -> 129.598 | U30: =T30+U29 -> 3142.692 | V30: =T30/(P30) -> 2.3641505 | W30: =U30/(Q30) -> 2.2225529 | X30: =IF(AND(R30>0,T30>0),T30/(R30),0) -> 2.3367833 | Y30: =IF(AND(S30>0,U30>0),U30/(S30),0) -> 2.2643358 | Z30: ='22'!I46 -> 55355.12 | AA30: =Z30+AA29 -> 1183659.5 | AB30: =IF(AND(L30>0,Z30>0),(Z30/(P30*1000)*1000),0) -> 1009.7982 | AC30: =IF(AND(M30>0,AA30>0),(AA30/(Q30*1000)*1000),0) -> 837.09951 | AD30: =IF(AND(R30>0,Z30>0),(Z30/(R30*1000)*1000),0) -> 998.10891 | AE30: =IF(AND(S30>0,AA30>0),(AA30/(S30*1000)*1000),0) -> 852.83656 | AF30: 0.078 | AG30: 129.52 | AH30: =+Efficiency2!K106 -> 56.578889 | AI30: =AI29+AH30 -> 1562.2299 | AJ30: =+R30/AH30 -> 0.98022427 | AK30: =+S30/AI30 -> 0.88841532
A31: =A30+1 -> 45892 | B31: Facial/Sanitary Napkin | C31: 10,3/13 | D31: =+'23'!F42 -> 1339.7569 | E31: =+'23'!G42 -> 1061.1111 | F31: =1-(E31/D31) -> 0.20798238 | G31: =+P31/N31 -> 1.0707647 | H31: =+P31/L31 -> 1.0691523 | I31: =+R31/P31 -> 0.75097612 | J31: =+R31/L31 -> 0.80290784 | K31: =+S31/M31 -> 0.88566173 | L31: =+SUM(Efficiency1!K111:K112) -> 51.982305 | M31: =M30+L31 -> 1614.2122 | N31: =+SUM(Efficiency1!C111:C112) -> 51.904027 | O31: =O30+N31 -> 1553.1786 | P31: ='23'!I38 -> 55.577 | Q31: =Q30+P31 -> 1469.578 | R31: ='23'!I40 -> 41.737 | S31: =S30+R31 -> 1429.646 | T31: =+AF31+AG31 -> 125.736 | U31: =T31+U30 -> 3268.428 | V31: =T31/(P31) -> 2.2623747 | W31: =U31/(Q31) -> 2.2240589 | X31: =IF(AND(R31>0,T31>0),T31/(R31),0) -> 3.0125788 | Y31: =IF(AND(S31>0,U31>0),U31/(S31),0) -> 2.2861799 | Z31: ='23'!I46 -> 53109.54 | AA31: =Z31+AA30 -> 1236769.1 | AB31: =IF(AND(L31>0,Z31>0),(Z31/(P31*1000)*1000),0) -> 955.60286 | AC31: =IF(AND(M31>0,AA31>0),(AA31/(Q31*1000)*1000),0) -> 841.58111 | AD31: =IF(AND(R31>0,Z31>0),(Z31/(R31*1000)*1000),0) -> 1272.481 | AE31: =IF(AND(S31>0,AA31>0),(AA31/(S31*1000)*1000),0) -> 865.08764 | AF31: 0.081 | AG31: 125.655 | AH31: =+SUM(Efficiency2!K111:K112) -> 51.982305 | AI31: =AI30+AH31 -> 1614.2122 | AJ31: =+R31/AH31 -> 0.80290784 | AK31: =+S31/AI31 -> 0.88566173
A32: =A31+1 -> 45893 | B32: Sanitary Napkin | C32: 13 | D32: =+'24'!F42 -> 1300 | E32: =+'24'!G42 -> 1040 | F32: =1-(E32/D32) -> 0.2 | G32: =+P32/N32 -> 0.97897652 | H32: =+P32/L32 -> 0.97897652 | I32: =+R32/P32 -> 0.89771069 | J32: =+R32/L32 -> 0.87883769 | K32: =+S32/M32 -> 0.88545238 | L32: =+Efficiency1!K116 -> 51.08907 | M32: =M31+L32 -> 1665.3013 | N32: =+Efficiency1!C116 -> 51.08907 | O32: =O31+N32 -> 1604.2677 | P32: ='24'!I38 -> 50.015 | Q32: =Q31+P32 -> 1519.593 | R32: ='24'!I40 -> 44.899 | S32: =S31+R32 -> 1474.545 | T32: =+AF32+AG32 -> 123.596 | U32: =T32+U31 -> 3392.024 | V32: =T32/(P32) -> 2.4711786 | W32: =U32/(Q32) -> 2.2321924 | X32: =IF(AND(R32>0,T32>0),T32/(R32),0) -> 2.7527562 | Y32: =IF(AND(S32>0,U32>0),U32/(S32),0) -> 2.3003869 | Z32: =+'24'!I46 -> 56153.12 | AA32: =Z32+AA31 -> 1292922.2 | AB32: =IF(AND(L32>0,Z32>0),(Z32/(P32*1000)*1000),0) -> 1122.7256 | AC32: =IF(AND(M32>0,AA32>0),(AA32/(Q32*1000)*1000),0) -> 850.83453 | AD32: =IF(AND(R32>0,Z32>0),(Z32/(R32*1000)*1000),0) -> 1250.6541 | AE32: =IF(AND(S32>0,AA32>0),(AA32/(S32*1000)*1000),0) -> 876.8279 | AF32: 0.172 | AG32: 123.424 | AH32: =+Efficiency2!K116 -> 51.08907 | AI32: =AI31+AH32 -> 1665.3013 | AJ32: =+R32/AH32 -> 0.87883769 | AK32: =+S32/AI32 -> 0.88545238
A33: =A32+1 -> 45894 | B33: Sanitary Napkin | C33: 13/14 | D33: =+'25'!F42 -> 1300 | E33: =+'25'!G42 -> 1040 | F33: =1-(E33/D33) -> 0.2 | G33: =+P33/N33 -> 1.0063554 | H33: =+P33/L33 -> 1.0063554 | I33: =+R33/P33 -> 0.77009727 | J33: =+R33/L33 -> 0.77499151 | K33: =+S33/M33 -> 0.88212674 | L33: =+SUM(Efficiency1!K120:K121) -> 51.69347 | M33: =M32+L33 -> 1716.9948 | N33: =+SUM(Efficiency1!C120:C121) -> 51.69347 | O33: =O32+N33 -> 1655.9611 | P33: ='25'!I38 -> 52.022 | Q33: =Q32+P33 -> 1571.615 | R33: ='25'!I40 -> 40.062 | S33: =S32+R33 -> 1514.607 | T33: =+AF33+AG33 -> 129.562 | U33: =T33+U32 -> 3521.586 | V33: =T33/(P33) -> 2.4905232 | W33: =U33/(Q33) -> 2.2407434 | X33: =IF(AND(R33>0,T33>0),T33/(R33),0) -> 3.2340372 | Y33: =IF(AND(S33>0,U33>0),U33/(S33),0) -> 2.3250823 | Z33: =+'25'!I46 -> 56189.18 | AA33: =Z33+AA32 -> 1349111.4 | AB33: =IF(AND(L33>0,Z33>0),(Z33/(P33*1000)*1000),0) -> 1080.1042 | AC33: =IF(AND(M33>0,AA33>0),(AA33/(Q33*1000)*1000),0) -> 858.42358 | AD33: =IF(AND(R33>0,Z33>0),(Z33/(R33*1000)*1000),0) -> 1402.5555 | AE33: =IF(AND(S33>0,AA33>0),(AA33/(S33*1000)*1000),0) -> 890.73362 | AF33: =0.592 -> 0.592 | AG33: 128.97 | AH33: =+SUM(Efficiency2!K120:K121) -> 51.69347 | AI33: =AI32+AH33 -> 1716.9948 | AJ33: =+R33/AH33 -> 0.77499151 | AK33: =+S33/AI33 -> 0.88212674
A34: =A33+1 -> 45895 | B34: Sanitary Napkin | C34: 14/15 | D34: =+'26'!F42 -> 1300 | E34: =+'26'!G42 -> 1040 | F34: =1-(E34/D34) -> 0.2 | G34: =+P34/N34 -> 1.0064334 | H34: =+P34/L34 -> 1.0064334 | I34: =+R34/P34 -> 0.85032149 | J34: =+R34/L34 -> 0.85579198 | K34: =+S34/M34 -> 0.88127138 | L34: =+SUM(Efficiency1!K124:K125) -> 57.640175 | M34: =M33+L34 -> 1774.635 | N34: =+SUM(Efficiency1!C124:C125) -> 57.640175 | O34: =O33+N34 -> 1713.6013 | P34: ='26'!I38 -> 58.011 | Q34: =Q33+P34 -> 1629.626 | R34: ='26'!I40 -> 49.328 | S34: =S33+R34 -> 1563.935 | T34: =+AF34+AG34 -> 134.868 | U34: =T34+U33 -> 3656.454 | V34: =T34/(P34) -> 2.3248694 | W34: =U34/(Q34) -> 2.2437381 | X34: =IF(AND(R34>0,T34>0),T34/(R34),0) -> 2.7341064 | Y34: =IF(AND(S34>0,U34>0),U34/(S34),0) -> 2.3379834 | Z34: ='26'!I46 -> 58973.06 | AA34: =Z34+AA33 -> 1408084.4 | AB34: =IF(AND(L34>0,Z34>0),(Z34/(P34*1000)*1000),0) -> 1016.5841 | AC34: =IF(AND(M34>0,AA34>0),(AA34/(Q34*1000)*1000),0) -> 864.05374 | AD34: =IF(AND(R34>0,Z34>0),(Z34/(R34*1000)*1000),0) -> 1195.5291 | AE34: =IF(AND(S34>0,AA34>0),(AA34/(S34*1000)*1000),0) -> 900.34716 | AF34: =1.772 -> 1.772 | AG34: 133.096 | AH34: =+SUM(Efficiency2!K124:K125) -> 57.640175 | AI34: =AI33+AH34 -> 1774.635 | AJ34: =+R34/AH34 -> 0.85579198 | AK34: =+S34/AI34 -> 0.88127138
A35: =A34+1 -> 45896 | B35: Sanitary Napkin | C35: 15 | D35: =+'27'!F42 -> 1300 | E35: =+'27'!G42 -> 1040 | F35: =1-(E35/D35) -> 0.2 | G35: =+P35/N35 -> 0.98261919 | H35: =+P35/L35 -> 0.98261919 | I35: =+R35/P35 -> 0.95397286 | J35: =+R35/L35 -> 0.93739204 | K35: =+S35/M35 -> 0.88312662 | L35: =+Efficiency1!K128 -> 60.67152 | M35: =M34+L35 -> 1835.3065 | N35: =+Efficiency1!C128 -> 60.67152 | O35: =O34+N35 -> 1774.2728 | P35: ='27'!I38 -> 59.617 | Q35: =Q34+P35 -> 1689.243 | R35: ='27'!I40 -> 56.873 | S35: =S34+R35 -> 1620.808 | T35: =+AF35+AG35 -> 137.05 | U35: =T35+U34 -> 3793.504 | V35: =T35/(P35) -> 2.2988409 | W35: =U35/(Q35) -> 2.2456828 | X35: =IF(AND(R35>0,T35>0),T35/(R35),0) -> 2.4097551 | Y35: =IF(AND(S35>0,U35>0),U35/(S35),0) -> 2.3405018 | Z35: ='27'!I46 -> 54980.62 | AA35: =Z35+AA34 -> 1463065.1 | AB35: =IF(AND(L35>0,Z35>0),(Z35/(P35*1000)*1000),0) -> 922.23057 | AC35: =IF(AND(M35>0,AA35>0),(AA35/(Q35*1000)*1000),0) -> 866.10692 | AD35: =IF(AND(R35>0,Z35>0),(Z35/(R35*1000)*1000),0) -> 966.72621 | AE35: =IF(AND(S35>0,AA35>0),(AA35/(S35*1000)*1000),0) -> 902.67636 | AF35: =4.175 -> 4.175 | AG35: 132.875 | AH35: =+Efficiency2!K128 -> 60.67152 | AI35: =AI34+AH35 -> 1835.3065 | AJ35: =+R35/AH35 -> 0.93739204 | AK35: =+S35/AI35 -> 0.88312662
A36: =A35+1 -> 45897 | B36: Sanitary Napkin/Facial | C36: 15/16/12,5 | D36: =+'28'!F42 -> 1469.8958 | E36: =+'28'!G42 -> 1143.8792 | F36: =1-(E36/D36) -> 0.22179576 | G36: =+P36/N36 -> 1.0431104 | H36: =+P36/L36 -> 1.0283703 | I36: =+R36/P36 -> 0.91289953 | J36: =+R36/L36 -> 0.93879878 | K36: =+S36/M36 -> 0.88492005 | L36: =+SUM(Efficiency1!K132:K134) -> 61.090833 | M36: =M35+L36 -> 1896.3973 | N36: =+SUM(Efficiency1!C132:C134) -> 60.227568 | O36: =O35+N36 -> 1834.5004 | P36: ='28'!I38 -> 62.824 | Q36: =Q35+P36 -> 1752.067 | R36: ='28'!I40 -> 57.352 | S36: =S35+R36 -> 1678.16 | T36: =+AF36+AG36 -> 129.115 | U36: =T36+U35 -> 3922.619 | V36: =T36/(P36) -> 2.0551859 | W36: =U36/(Q36) -> 2.2388522 | X36: =IF(AND(R36>0,T36>0),T36/(R36),0) -> 2.2512728 | Y36: =IF(AND(S36>0,U36>0),U36/(S36),0) -> 2.3374523 | Z36: ='28'!I46 -> 56814.6 | AA36: =Z36+AA35 -> 1519879.7 | AB36: =IF(AND(L36>0,Z36>0),(Z36/(P36*1000)*1000),0) -> 904.34547 | AC36: =IF(AND(M36>0,AA36>0),(AA36/(Q36*1000)*1000),0) -> 867.47805 | AD36: =IF(AND(R36>0,Z36>0),(Z36/(R36*1000)*1000),0) -> 990.62979 | AE36: =IF(AND(S36>0,AA36>0),(AA36/(S36*1000)*1000),0) -> 905.68221 | AF36: =1.668 -> 1.668 | AG36: 127.447 | AH36: =+SUM(Efficiency2!K132:K134) -> 60.605049 | AI36: =AI35+AH36 -> 1895.9115 | AJ36: =+R36/AH36 -> 0.94632379 | AK36: =+S36/AI36 -> 0.88514679
A37: =A36+1 -> 45898 | B37: Facial | C37: 12,5/10,3 | D37: =+'29'!F42 -> 1650 | E37: =+'29'!G42 -> 1289.75 | F37: =1-(E37/D37) -> 0.21833333 | G37: =+P37/N37 -> 0.9648567 | H37: =+P37/L37 -> 0.932202 | I37: =+R37/P37 -> 1.394942 | J37: =+R37/L37 -> 1.3003677 | K37: =+S37/M37 -> 0.89763054 | L37: =+SUM(Efficiency1!K136:K137) -> 59.850762 | M37: =M36+L37 -> 1956.2481 | N37: =+SUM(Efficiency1!C136:C137) -> 57.825167 | O37: =O36+N37 -> 1892.3256 | P37: ='29'!I38 -> 55.793 | Q37: =Q36+P37 -> 1807.86 | R37: ='29'!I40 -> 77.828 | S37: =S36+R37 -> 1755.988 | T37: =+AF37+AG37 -> 122.163 | U37: =T37+U36 -> 4044.782 | V37: =T37/(P37) -> 2.1895758 | W37: =U37/(Q37) -> 2.2373314 | X37: =IF(AND(R37>0,T37>0),T37/(R37),0) -> 1.5696536 | Y37: =IF(AND(S37>0,U37>0),U37/(S37),0) -> 2.3034223 | Z37: ='29'!I46 -> 60530.68 | AA37: =Z37+AA36 -> 1580410.3 | AB37: =IF(AND(L37>0,Z37>0),(Z37/(P37*1000)*1000),0) -> 1084.9153 | AC37: =IF(AND(M37>0,AA37>0),(AA37/(Q37*1000)*1000),0) -> 874.18845 | AD37: =IF(AND(R37>0,Z37>0),(Z37/(R37*1000)*1000),0) -> 777.7494 | AE37: =IF(AND(S37>0,AA37>0),(AA37/(S37*1000)*1000),0) -> 900.01204 | AF37: =0.257 -> 0.257 | AG37: 121.906 | AH37: =+SUM(Efficiency2!K136:K137) -> 59.850762 | AI37: =AI36+AH37 -> 1955.7623 | AJ37: =+R37/AH37 -> 1.3003677 | AK37: =+S37/AI37 -> 0.8978535
A38: =A37+1 -> 45899 | B38: Facial | C38: 10,3 | D38: =+'30'!F42 -> 1670.6667 | E38: =+'30'!G42 -> 1403.36 | F38: =1-(E38/D38) -> 0.16 | G38: =+P38/N38 -> 1.0371725 | H38: =+P38/L38 -> 1.0016008 | I38: =+R38/P38 -> 1.0570639 | J38: =+R38/L38 -> 1.0587561 | K38: =+S38/M38 -> 0.90225517 | L38: =+Efficiency1!K141 -> 57.807459 | M38: =M37+L38 -> 2014.0555 | N38: =+Efficiency1!C141 -> 55.824852 | O38: =O37+N38 -> 1948.1504 | P38: ='30'!I38 -> 57.9 | Q38: =Q37+P38 -> 1865.76 | R38: ='30'!I40 -> 61.204 | S38: =S37+R38 -> 1817.192 | T38: =+AF38+AG38 -> 120.238 | U38: =T38+U37 -> 4165.02 | V38: =T38/(P38) -> 2.0766494 | W38: =U38/(Q38) -> 2.232345 | X38: =IF(AND(R38>0,T38>0),T38/(R38),0) -> 1.9645448 | Y38: =IF(AND(S38>0,U38>0),U38/(S38),0) -> 2.2920088 | Z38: ='30'!I46 -> 58714.94 | AA38: =Z38+AA37 -> 1639125.3 | AB38: =IF(AND(L38>0,Z38>0),(Z38/(P38*1000)*1000),0) -> 1014.075 | AC38: =IF(AND(M38>0,AA38>0),(AA38/(Q38*1000)*1000),0) -> 878.52954 | AD38: =IF(AND(R38>0,Z38>0),(Z38/(R38*1000)*1000),0) -> 959.33174 | AE38: =IF(AND(S38>0,AA38>0),(AA38/(S38*1000)*1000),0) -> 902.00996 | AF38: =0.065 -> 0.065 | AG38: 120.173 | AH38: =+Efficiency2!K141 -> 57.807459 | AI38: =AI37+AH38 -> 2013.5697 | AJ38: =+R38/AH38 -> 1.0587561 | AK38: =+S38/AI38 -> 0.90247284
A39: =A38+1 -> 45900 | B39: Facial | C39: 10,3/12 | D39: =+'31'!F42 -> 1680 | E39: =+'31'!G42 -> 1390.4333 | F39: =1-(E39/D39) -> 0.17236111 | G39: =+P39/N39 -> 0.98660637 | H39: =+P39/L39 -> 0.96362315 | I39: =+R39/P39 -> 0.84929701 | J39: =+R39/L39 -> 0.81840226 | K39: =+S39/M39 -> 0.89986679 | L39: =+SUM(Efficiency1!K145:K146) -> 59.04798 | M39: =M38+L39 -> 2073.1035 | N39: =+SUM(Efficiency1!C145:C146) -> 57.672444 | O39: =O38+N39 -> 2005.8228 | P39: ='31'!I38 -> 56.9 | Q39: =Q38+P39 -> 1922.66 | R39: ='31'!I40 -> 48.325 | S39: =S38+R39 -> 1865.517 | T39: =+AF39+AG39 -> 122.824 | U39: =T39+U38 -> 4287.844 | V39: =T39/(P39) -> 2.158594 | W39: =U39/(Q39) -> 2.2301624 | X39: =IF(AND(R39>0,T39>0),T39/(R39),0) -> 2.5416244 | Y39: =IF(AND(S39>0,U39>0),U39/(S39),0) -> 2.2984749 | Z39: ='31'!I46 -> 58713.14 | AA39: =Z39+AA38 -> 1697838.4 | AB39: =IF(AND(L39>0,Z39>0),(Z39/(P39*1000)*1000),0) -> 1031.8654 | AC39: =IF(AND(M39>0,AA39>0),(AA39/(Q39*1000)*1000),0) -> 883.06743 | AD39: =IF(AND(R39>0,Z39>0),(Z39/(R39*1000)*1000),0) -> 1214.9641 | AE39: =IF(AND(S39>0,AA39>0),(AA39/(S39*1000)*1000),0) -> 910.11683 | AF39: =0.106 -> 0.106 | AG39: 122.718 | AH39: =+SUM(Efficiency2!K145:K146) -> 59.04798 | AI39: =AI38+AH39 -> 2072.6177 | AJ39: =+R39/AH39 -> 0.81840226 | AK39: =+S39/AI39 -> 0.9000777
G41: =+P41/N41 -> 0.95853929 | H41: =+P41/L41 -> 0.92743078 | I41: =+R41/P41 -> 0.9702792 | J41: =+R41/L41 -> 0.89986679 | L41: =SUM(L9:L39) -> 2073.1035 | N41: =SUM(N9:N39) -> 2005.8228 | P41: =SUM(P9:P39) -> 1922.66 | R41: =SUM(R9:R39) -> 1865.517 | T41: =SUM(T9:T40) -> 4287.844 | V41: =T41/P41 -> 2.2301624 | X41: =T41/R41 -> 2.2984749 | Z41: =SUM(Z9:Z39) -> 1697838.4 | AB41: =Z41/P41 -> 883.06743 | AD41: =Z41/R41 -> 910.11683 | AH41: =SUM(AH9:AH39) -> 2072.6177 | AJ41: =+R41/AH41 -> 0.9000777

Sheet GRAFIK

Sheet Listrik
A2: MACHINE POWER CONSUMPTION (PER PANEL)
A4: Date | B4: PM (TON) | C4: FINSHED GOODS (TON) | AR4: Total PM11
D5: Vacuum A | H5: Vacuum B | L5: Vaccum Turbo | P5: MCC Aux TM | T5: WL II 1250 A (yankee + popereel) | X5: WL II 3200 A (Hood, Fan Pump, Felt & Wire) | AB5: Stock Prep & UTM 1 (3200 A) | AF5: Stock Prep & UTM 2 (3200 A) | AJ5: Rewinder 1 (800 A) | AN5: Rewinder 2 (800A)
D6: KWH | E6: Consumption | F6: /TON PM | G6: /TON FG | H6: KWH | I6: Consumption | J6: /TON PM | K6: /TON FG | L6: KWH | M6: Consumption | N6: /TON PM | O6: /TON FG | P6: KWH | Q6: Consumption | R6: /TON PM | S6: /TON FG | T6: KWH | U6: Consumption | V6: /TON PM | W6: /TON FG | X6: KWH | Y6: Consumption | Z6: /TON PM | AA6: /TON FG | AB6: KWH | AC6: Consumption | AD6: /TON PM | AE6: /TON FG | AF6: KWH | AG6: Consumption | AH6: /TON PM | AI6: /TON FG | AJ6: KWH | AK6: Consumption | AL6: /TON PM | AM6: /TON FG | AN6: KWH | AO6: Consumption | AP6: /TON PM | AQ6: /TON FG | AR6: Consumption | AS6: /TON PM | AT6: /TON FG
A7: =A8-1 -> 45869 | B7: 0 | C7: 0
A8: =+Report1!A9 -> 45870 | B8: =+Report1!P9 -> 10.018 | C8: =+Report1!R9 -> 7.714 | D8: =+D7+E8 -> 105.82 | E8: =+[13]DailyAug!D7 -> 105.82 | F8: =E8/B8 -> 10.562987 | G8: =E8/C8 -> 13.717915 | H8: =+H7+I8 -> 0 | I8: =+[13]DailyAug!E7 -> 0 | J8: =I8/B8 -> 0 | K8: =I8/C8 -> 0 | L8: =+L7+M8 -> 0 | M8: =+[13]DailyAug!F7 -> 0 | N8: =M8/B8 -> 0 | O8: =M8/C8 -> 0 | P8: =+P7+Q8 -> 6494.18 | Q8: =+[13]DailyAug!G7 -> 6494.18 | R8: =Q8/B8 -> 648.25115 | S8: =Q8/C8 -> 841.86933 | T8: =+T7+U8 -> 1400 | U8: =+[13]DailyAug!H7 -> 1400 | V8: =U8/B8 -> 139.74845 | W8: =U8/C8 -> 181.4882 | X8: =+X7+Y8 -> 2453.01 | Y8: =+[13]DailyAug!I7 -> 2453.01 | Z8: =Y8/B8 -> 244.86025 | AA8: =Y8/C8 -> 317.99456 | AB8: =+AB7+AC8 -> 2033.01 | AC8: =+[13]DailyAug!J7 -> 2033.01 | AD8: =AC8/B8 -> 202.93572 | AE8: =AC8/C8 -> 263.54809 | AF8: =+AF7+AG8 -> 2300 | AG8: =+[13]DailyAug!K7 -> 2300 | AH8: =AG8/B8 -> 229.58674 | AI8: =AG8/C8 -> 298.15919 | AJ8: =+AJ7+AK8 -> 100 | AK8: =+[13]DailyAug!L7 -> 100 | AL8: =AK8/B8 -> 9.9820323 | AM8: =AK8/C8 -> 12.963443 | AN8: =+AN7+AO8 -> 230 | AO8: =+[13]DailyAug!M7 -> 230 | AP8: =AO8/B8 -> 22.958674 | AQ8: =AO8/C8 -> 29.815919 | AR8: =+E8+I8+M8+Q8+U8+Y8+AC8+AG8+AK8+AO8 -> 15116.02 | AS8: =AR8/B8 -> 1508.886 | AT8: =AR8/C8 -> 1959.5567 | AX8: Off Reel | AY8: Off Rewinder
A9: =A8+1 -> 45871 | B9: =+Report1!P10 -> 46.856 | C9: =+Report1!R10 -> 44.24 | D9: =+D8+E9 -> 431.27 | E9: =+[13]DailyAug!D8 -> 325.45 | F9: =E9/B9 -> 6.9457487 | G9: =E9/C9 -> 7.3564647 | H9: =+H8+I9 -> 0 | I9: =+[13]DailyAug!E8 -> 0 | J9: =I9/B9 -> 0 | K9: =I9/C9 -> 0 | L9: =+L8+M9 -> 100 | M9: =+[13]DailyAug!F8 -> 100 | N9: =M9/B9 -> 2.1341984 | O9: =M9/C9 -> 2.2603978 | P9: =+P8+Q9 -> 23668.73 | Q9: =+[13]DailyAug!G8 -> 17174.55 | R9: =Q9/B9 -> 366.53897 | S9: =Q9/C9 -> 388.21316 | T9: =+T8+U9 -> 6000 | U9: =+[13]DailyAug!H8 -> 4600 | V9: =U9/B9 -> 98.173126 | W9: =U9/C9 -> 103.9783 | X9: =+X8+Y9 -> 11743.74 | Y9: =+[13]DailyAug!I8 -> 9290.73 | Z9: =Y9/B9 -> 198.28261 | AA9: =Y9/C9 -> 210.00746 | AB9: =+AB8+AC9 -> 7543.74 | AC9: =+[13]DailyAug!J8 -> 5510.73 | AD9: =AC9/B9 -> 117.60991 | AE9: =AC9/C9 -> 124.56442 | AF9: =+AF8+AG9 -> 10000 | AG9: =+[13]DailyAug!K8 -> 7700 | AH9: =AG9/B9 -> 164.33328 | AI9: =AG9/C9 -> 174.05063 | AJ9: =+AJ8+AK9 -> 450 | AK9: =+[13]DailyAug!L8 -> 350 | AL9: =AK9/B9 -> 7.4696944 | AM9: =AK9/C9 -> 7.9113924 | AN9: =+AN8+AO9 -> 650 | AO9: =+[13]DailyAug!M8 -> 420 | AP9: =AO9/B9 -> 8.9636333 | AQ9: =AO9/C9 -> 9.4936709 | AR9: =+E9+I9+M9+Q9+U9+Y9+AC9+AG9+AK9+AO9 -> 45471.46 | AS9: =AR9/B9 -> 970.45117 | AT9: =AR9/C9 -> 1027.8359 | AX9: Kwh/ ton | AY9: Kwh/ ton
A10: =A9+1 -> 45872 | B10: =+Report1!P11 -> 53.323 | C10: =+Report1!R11 -> 51.625 | D10: =+D9+E10 -> 655.54 | E10: =+[13]DailyAug!D9 -> 224.27 | F10: =E10/B10 -> 4.2058774 | G10: =E10/C10 -> 4.3442131 | H10: =+H9+I10 -> 0 | I10: =+[13]DailyAug!E9 -> 0 | J10: =I10/B10 -> 0 | K10: =I10/C10 -> 0 | L10: =+L9+M10 -> 200 | M10: =+[13]DailyAug!F9 -> 100 | N10: =M10/B10 -> 1.8753634 | O10: =M10/C10 -> 1.937046 | P10: =+P9+Q10 -> 40944.46 | Q10: =+[13]DailyAug!G9 -> 17275.73 | R10: =Q10/B10 -> 323.98271 | S10: =Q10/C10 -> 334.63884 | T10: =+T9+U10 -> 11800 | U10: =+[13]DailyAug!H9 -> 5800 | V10: =U10/B10 -> 108.77107 | W10: =U10/C10 -> 112.34867 | X10: =+X9+Y10 -> 23400.49 | Y10: =+[13]DailyAug!I9 -> 11656.75 | Z10: =Y10/B10 -> 218.60642 | AA10: =Y10/C10 -> 225.79661 | AB10: =+AB9+AC10 -> 12920.49 | AC10: =+[13]DailyAug!J9 -> 5376.75 | AD10: =AC10/B10 -> 100.8336 | AE10: =AC10/C10 -> 104.15012 | AF10: =+AF9+AG10 -> 17600 | AG10: =+[13]DailyAug!K9 -> 7600 | AH10: =AG10/B10 -> 142.52761 | AI10: =AG10/C10 -> 147.2155 | AJ10: =+AJ9+AK10 -> 820 | AK10: =+[13]DailyAug!L9 -> 370 | AL10: =AK10/B10 -> 6.9388444 | AM10: =AK10/C10 -> 7.1670702 | AN10: =+AN9+AO10 -> 1100 | AO10: =+[13]DailyAug!M9 -> 450 | AP10: =AO10/B10 -> 8.4391351 | AQ10: =AO10/C10 -> 8.716707 | AR10: =+E10+I10+M10+Q10+U10+Y10+AC10+AG10+AK10+AO10 -> 48853.5 | AS10: =AR10/B10 -> 916.18063 | AT10: =AR10/C10 -> 946.31477 | AV10: PM | AW10: Vacuum A | AX10: =+F39 -> 0 | AY10: =+G39 -> 0
A11: =A10+1 -> 45873 | B11: =+Report1!P12 -> 53.478 | C11: =+Report1!R12 -> 43.804 | D11: =+D10+E11 -> 1003.04 | E11: =+[13]DailyAug!D10 -> 347.5 | F11: =E11/B11 -> 6.4979992 | G11: =E11/C11 -> 7.9330655 | H11: =+H10+I11 -> 0 | I11: =+[13]DailyAug!E10 -> 0 | J11: =I11/B11 -> 0 | K11: =I11/C11 -> 0 | L11: =+L10+M11 -> 300 | M11: =+[13]DailyAug!F10 -> 100 | N11: =M11/B11 -> 1.8699278 | O11: =M11/C11 -> 2.2828965 | P11: =+P10+Q11 -> 58696.96 | Q11: =+[13]DailyAug!G10 -> 17752.5 | R11: =Q11/B11 -> 331.95894 | S11: =Q11/C11 -> 405.27121 | T11: =+T10+U11 -> 18100 | U11: =+[13]DailyAug!H10 -> 6300 | V11: =U11/B11 -> 117.80545 | W11: =U11/C11 -> 143.82248 | X11: =+X10+Y11 -> 37632.72 | Y11: =+[13]DailyAug!I10 -> 14232.23 | Z11: =Y11/B11 -> 266.13243 | AA11: =Y11/C11 -> 324.90709 | AB11: =+AB10+AC11 -> 18312.72 | AC11: =+[13]DailyAug!J10 -> 5392.23 | AD11: =AC11/B11 -> 100.83081 | AE11: =AC11/C11 -> 123.09903 | AF11: =+AF10+AG11 -> 25100 | AG11: =+[13]DailyAug!K10 -> 7500 | AH11: =AG11/B11 -> 140.24459 | AI11: =AG11/C11 -> 171.21724 | AJ11: =+AJ10+AK11 -> 1190 | AK11: =+[13]DailyAug!L10 -> 370 | AL11: =AK11/B11 -> 6.9187329 | AM11: =AK11/C11 -> 8.4467172 | AN11: =+AN10+AO11 -> 1670 | AO11: =+[13]DailyAug!M10 -> 570 | AP11: =AO11/B11 -> 10.658589 | AQ11: =AO11/C11 -> 13.01251 | AR11: =+E11+I11+M11+Q11+U11+Y11+AC11+AG11+AK11+AO11 -> 52564.46 | AS11: =AR11/B11 -> 982.91746 | AT11: =AR11/C11 -> 1199.9922 | AW11: Vacuum B | AX11: =+J39 -> 0 | AY11: =+K39 -> 0
A12: =A11+1 -> 45874 | B12: =+Report1!P13 -> 68.592 | C12: =+Report1!R13 -> 56.883 | D12: =+D11+E12 -> 1353.56 | E12: =+[13]DailyAug!D11 -> 350.52 | F12: =E12/B12 -> 5.1102169 | G12: =E12/C12 -> 6.1621223 | H12: =+H11+I12 -> 0 | I12: =+[13]DailyAug!E11 -> 0 | J12: =I12/B12 -> 0 | K12: =I12/C12 -> 0 | L12: =+L11+M12 -> 300 | M12: =+[13]DailyAug!F11 -> 0 | N12: =M12/B12 -> 0 | O12: =M12/C12 -> 0 | P12: =+P11+Q12 -> 76946.44 | Q12: =+[13]DailyAug!G11 -> 18249.48 | R12: =Q12/B12 -> 266.05843 | S12: =Q12/C12 -> 320.82485 | T12: =+T11+U12 -> 23500 | U12: =+[13]DailyAug!H11 -> 5400 | V12: =U12/B12 -> 78.726382 | W12: =U12/C12 -> 94.931702 | X12: =+X11+Y12 -> 50501.67 | Y12: =+[13]DailyAug!I11 -> 12868.95 | Z12: =Y12/B12 -> 187.6159 | AA12: =Y12/C12 -> 226.23543 | AB12: =+AB11+AC12 -> 24691.67 | AC12: =+[13]DailyAug!J11 -> 6378.95 | AD12: =AC12/B12 -> 92.998455 | AE12: =AC12/C12 -> 112.14159 | AF12: =+AF11+AG12 -> 37100 | AG12: =+[13]DailyAug!K11 -> 12000 | AH12: =AG12/B12 -> 174.94752 | AI12: =AG12/C12 -> 210.95934 | AJ12: =+AJ11+AK12 -> 1580 | AK12: =+[13]DailyAug!L11 -> 390 | AL12: =AK12/B12 -> 5.6857943 | AM12: =AK12/C12 -> 6.8561785 | AN12: =+AN11+AO12 -> 2340 | AO12: =+[13]DailyAug!M11 -> 670 | AP12: =AO12/B12 -> 9.767903 | AQ12: =AO12/C12 -> 11.778563 | AR12: =+E12+I12+M12+Q12+U12+Y12+AC12+AG12+AK12+AO12 -> 56307.9 | AS12: =AR12/B12 -> 820.9106 | AT12: =AR12/C12 -> 989.88977 | AW12: MCC Aux TM | AX12: =+N39 -> 0 | AY12: =+O39 -> 0
A13: =A12+1 -> 45875 | B13: =+Report1!P14 -> 78.071 | C13: =+Report1!R14 -> 73.584 | D13: =+D12+E13 -> 1699.86 | E13: =+[13]DailyAug!D12 -> 346.3 | F13: =E13/B13 -> 4.435706 | G13: =E13/C13 -> 4.7061861 | H13: =+H12+I13 -> 0 | I13: =+[13]DailyAug!E12 -> 0 | J13: =I13/B13 -> 0 | K13: =I13/C13 -> 0 | L13: =+L12+M13 -> 400 | M13: =+[13]DailyAug!F12 -> 100 | N13: =M13/B13 -> 1.2808853 | O13: =M13/C13 -> 1.3589911 | P13: =+P12+Q13 -> 95200.14 | Q13: =+[13]DailyAug!G12 -> 18253.7 | R13: =Q13/B13 -> 233.80897 | S13: =Q13/C13 -> 248.06616 | T13: =+T12+U13 -> 28100 | U13: =+[13]DailyAug!H12 -> 4600 | V13: =U13/B13 -> 58.920726 | W13: =U13/C13 -> 62.51359 | X13: =+X12+Y13 -> 62221.16 | Y13: =+[13]DailyAug!I12 -> 11719.49 | Z13: =Y13/B13 -> 150.11323 | AA13: =Y13/C13 -> 159.26682 | AB13: =+AB12+AC13 -> 31901.16 | AC13: =+[13]DailyAug!J12 -> 7209.49 | AD13: =AC13/B13 -> 92.345301 | AE13: =AC13/C13 -> 97.976326 | AF13: =+AF12+AG13 -> 50800 | AG13: =+[13]DailyAug!K12 -> 13700 | AH13: =AG13/B13 -> 175.48129 | AI13: =AG13/C13 -> 186.18178 | AJ13: =+AJ12+AK13 -> 2060 | AK13: =+[13]DailyAug!L12 -> 480 | AL13: =AK13/B13 -> 6.1482497 | AM13: =AK13/C13 -> 6.5231572 | AN13: =+AN12+AO13 -> 3040 | AO13: =+[13]DailyAug!M12 -> 700 | AP13: =AO13/B13 -> 8.9661974 | AQ13: =AO13/C13 -> 9.5129376 | AR13: =+E13+I13+M13+Q13+U13+Y13+AC13+AG13+AK13+AO13 -> 57108.98 | AS13: =AR13/B13 -> 731.50056 | AT13: =AR13/C13 -> 776.10595 | AW13: Multi Screen | AX13: =+R39 -> 0 | AY13: =+S39 -> 0
A14: =A13+1 -> 45876 | B14: =+Report1!P15 -> 65.799 | C14: =+Report1!R15 -> 69.284 | D14: =+D13+E14 -> 2020.84 | E14: =+[13]DailyAug!D13 -> 320.98 | F14: =E14/B14 -> 4.8781896 | G14: =E14/C14 -> 4.6328157 | H14: =+H13+I14 -> 0 | I14: =+[13]DailyAug!E13 -> 0 | J14: =I14/B14 -> 0 | K14: =I14/C14 -> 0 | L14: =+L13+M14 -> 500 | M14: =+[13]DailyAug!F13 -> 100 | N14: =M14/B14 -> 1.5197799 | O14: =M14/C14 -> 1.4433347 | P14: =+P13+Q14 -> 112579.16 | Q14: =+[13]DailyAug!G13 -> 17379.02 | R14: =Q14/B14 -> 264.12286 | S14: =Q14/C14 -> 250.83742 | T14: =+T13+U14 -> 32900 | U14: =+[13]DailyAug!H13 -> 4800 | V14: =U14/B14 -> 72.949437 | W14: =U14/C14 -> 69.280065 | X14: =+X13+Y14 -> 72920.83 | Y14: =+[13]DailyAug!I13 -> 10699.67 | Z14: =Y14/B14 -> 162.61144 | AA14: =Y14/C14 -> 154.43205 | AB14: =+AB13+AC14 -> 38810.83 | AC14: =+[13]DailyAug!J13 -> 6909.67 | AD14: =AC14/B14 -> 105.01178 | AE14: =AC14/C14 -> 99.729663 | AF14: =+AF13+AG14 -> 64000 | AG14: =+[13]DailyAug!K13 -> 13200 | AH14: =AG14/B14 -> 200.61095 | AI14: =AG14/C14 -> 190.52018 | AJ14: =+AJ13+AK14 -> 2560 | AK14: =+[13]DailyAug!L13 -> 500 | AL14: =AK14/B14 -> 7.5988997 | AM14: =AK14/C14 -> 7.2166734 | AN14: =+AN13+AO14 -> 3750 | AO14: =+[13]DailyAug!M13 -> 710 | AP14: =AO14/B14 -> 10.790438 | AQ14: =AO14/C14 -> 10.247676 | AR14: =+E14+I14+M14+Q14+U14+Y14+AC14+AG14+AK14+AO14 -> 54619.34 | AS14: =AR14/B14 -> 830.09377 | AT14: =AR14/C14 -> 788.33988 | AW14: WL II 1250 A (yankee + popereel) | AX14: =+V39 -> 0 | AY14: =+W39 -> 0
A15: =A14+1 -> 45877 | B15: =+Report1!P16 -> 68.445 | C15: =+Report1!R16 -> 70.066 | D15: =+D14+E15 -> 2388.69 | E15: =+[13]DailyAug!D14 -> 367.85 | F15: =E15/B15 -> 5.3743882 | G15: =E15/C15 -> 5.25005 | H15: =+H14+I15 -> 0 | I15: =+[13]DailyAug!E14 -> 0 | J15: =I15/B15 -> 0 | K15: =I15/C15 -> 0 | L15: =+L14+M15 -> 600 | M15: =+[13]DailyAug!F14 -> 100 | N15: =M15/B15 -> 1.4610271 | O15: =M15/C15 -> 1.4272258 | P15: =+P14+Q15 -> 130411.31 | Q15: =+[13]DailyAug!G14 -> 17832.15 | R15: =Q15/B15 -> 260.53254 | S15: =Q15/C15 -> 254.50504 | T15: =+T14+U15 -> 38100 | U15: =+[13]DailyAug!H14 -> 5200 | V15: =U15/B15 -> 75.973409 | W15: =U15/C15 -> 74.215739 | X15: =+X14+Y15 -> 85491.1 | Y15: =+[13]DailyAug!I14 -> 12570.27 | Z15: =Y15/B15 -> 183.65505 | AA15: =Y15/C15 -> 179.40613 | AB15: =+AB14+AC15 -> 45661.1 | AC15: =+[13]DailyAug!J14 -> 6850.27 | AD15: =AC15/B15 -> 100.0843 | AE15: =AC15/C15 -> 97.768818 | AF15: =+AF14+AG15 -> 77800 | AG15: =+[13]DailyAug!K14 -> 13800 | AH15: =AG15/B15 -> 201.62174 | AI15: =AG15/C15 -> 196.95715 | AJ15: =+AJ14+AK15 -> 3090 | AK15: =+[13]DailyAug!L14 -> 530 | AL15: =AK15/B15 -> 7.7434436 | AM15: =AK15/C15 -> 7.5642965 | AN15: =+AN14+AO15 -> 4500 | AO15: =+[13]DailyAug!M14 -> 750 | AP15: =AO15/B15 -> 10.957703 | AQ15: =AO15/C15 -> 10.704193 | AR15: =+E15+I15+M15+Q15+U15+Y15+AC15+AG15+AK15+AO15 -> 58000.54 | AS15: =AR15/B15 -> 847.40361 | AT15: =AR15/C15 -> 827.79865 | AW15: WL II 3200 A (Hood, Fan Pump, Felt & Wire) | AX15: =+Z39 -> 0 | AY15: =+AA39 -> 0
A16: =A15+1 -> 45878 | B16: =+Report1!P17 -> 72.554 | C16: =+Report1!R17 -> 74.421 | D16: =+D15+E16 -> 2718.02 | E16: =+[13]DailyAug!D15 -> 329.33 | F16: =E16/B16 -> 4.5391019 | G16: =E16/C16 -> 4.4252294 | H16: =+H15+I16 -> 0 | I16: =+[13]DailyAug!E15 -> 0 | J16: =I16/B16 -> 0 | K16: =I16/C16 -> 0 | L16: =+L15+M16 -> 600 | M16: =+[13]DailyAug!F15 -> 0 | N16: =M16/B16 -> 0 | O16: =M16/C16 -> 0 | P16: =+P15+Q16 -> 147881.98 | Q16: =+[13]DailyAug!G15 -> 17470.67 | R16: =Q16/B16 -> 240.79541 | S16: =Q16/C16 -> 234.75457 | T16: =+T15+U16 -> 43100 | U16: =+[13]DailyAug!H15 -> 5000 | V16: =U16/B16 -> 68.914188 | W16: =U16/C16 -> 67.185337 | X16: =+X15+Y16 -> 97817.81 | Y16: =+[13]DailyAug!I15 -> 12326.71 | Z16: =Y16/B16 -> 169.89704 | AA16: =Y16/C16 -> 165.63483 | AB16: =+AB15+AC16 -> 53227.81 | AC16: =+[13]DailyAug!J15 -> 7566.71 | AD16: =AC16/B16 -> 104.29074 | AE16: =AC16/C16 -> 101.67439 | AF16: =+AF15+AG16 -> 91700 | AG16: =+[13]DailyAug!K15 -> 13900 | AH16: =AG16/B16 -> 191.58144 | AI16: =AG16/C16 -> 186.77524 | AJ16: =+AJ15+AK16 -> 3610 | AK16: =+[13]DailyAug!L15 -> 520 | AL16: =AK16/B16 -> 7.1670756 | AM16: =AK16/C16 -> 6.9872751 | AN16: =+AN15+AO16 -> 5240 | AO16: =+[13]DailyAug!M15 -> 740 | AP16: =AO16/B16 -> 10.1993 | AQ16: =AO16/C16 -> 9.9434299 | AR16: =+E16+I16+M16+Q16+U16+Y16+AC16+AG16+AK16+AO16 -> 57853.42 | AS16: =AR16/B16 -> 797.38429 | AT16: =AR16/C16 -> 777.38031 | AX16: =SUM(AX10:AX15) -> 0 | AY16: =SUM(AY10:AY15) -> 0
A17: =A16+1 -> 45879 | B17: =+Report1!P18 -> 77.882 | C17: =+Report1!R18 -> 81.749 | D17: =+D16+E17 -> 2958.38 | E17: =+[13]DailyAug!D16 -> 240.36 | F17: =E17/B17 -> 3.0862073 | G17: =E17/C17 -> 2.9402195 | H17: =+H16+I17 -> 0 | I17: =+[13]DailyAug!E16 -> 0 | J17: =I17/B17 -> 0 | K17: =I17/C17 -> 0 | L17: =+L16+M17 -> 700 | M17: =+[13]DailyAug!F16 -> 100 | N17: =M17/B17 -> 1.2839937 | O17: =M17/C17 -> 1.2232566 | P17: =+P16+Q17 -> 165041.62 | Q17: =+[13]DailyAug!G16 -> 17159.64 | R17: =Q17/B17 -> 220.3287 | S17: =Q17/C17 -> 209.90642 | T17: =+T16+U17 -> 48000 | U17: =+[13]DailyAug!H16 -> 4900 | V17: =U17/B17 -> 62.915693 | W17: =U17/C17 -> 59.939571 | X17: =+X16+Y17 -> 109389.08 | Y17: =+[13]DailyAug!I16 -> 11571.27 | Z17: =Y17/B17 -> 148.57438 | AA17: =Y17/C17 -> 141.54632 | AB17: =+AB16+AC17 -> 60029.08 | AC17: =+[13]DailyAug!J16 -> 6801.27 | AD17: =AC17/B17 -> 87.327881 | AE17: =AC17/C17 -> 83.196981 | AF17: =+AF16+AG17 -> 104900 | AG17: =+[13]DailyAug!K16 -> 13200 | AH17: =AG17/B17 -> 169.48717 | AI17: =AG17/C17 -> 161.46987 | AJ17: =+AJ16+AK17 -> 4090 | AK17: =+[13]DailyAug!L16 -> 480 | AL17: =AK17/B17 -> 6.1631699 | AM17: =AK17/C17 -> 5.8716315 | AN17: =+AN16+AO17 -> 5970 | AO17: =+[13]DailyAug!M16 -> 730 | AP17: =AO17/B17 -> 9.3731543 | AQ17: =AO17/C17 -> 8.9297728 | AR17: =+E17+I17+M17+Q17+U17+Y17+AC17+AG17+AK17+AO17 -> 55182.54 | AS17: =AR17/B17 -> 708.54036 | AT17: =AR17/C17 -> 675.02404 | AV17: Stockprep | AW17: Stock Prep & UTM 1 (3200 A) | AX17: =+AD39 -> 0 | AY17: =+AE39 -> 0
A18: =A17+1 -> 45880 | B18: =+Report1!P19 -> 77.54 | C18: =+Report1!R19 -> 61.018 | D18: =+D17+E18 -> 3329.08 | E18: =+[13]DailyAug!D17 -> 370.7 | F18: =E18/B18 -> 4.7807583 | G18: =E18/C18 -> 6.0752565 | H18: =+H17+I18 -> 0 | I18: =+[13]DailyAug!E17 -> 0 | J18: =I18/B18 -> 0 | K18: =I18/C18 -> 0 | L18: =+L17+M18 -> 800 | M18: =+[13]DailyAug!F17 -> 100 | N18: =M18/B18 -> 1.289657 | O18: =M18/C18 -> 1.6388607 | P18: =+P17+Q18 -> 181870.92 | Q18: =+[13]DailyAug!G17 -> 16829.3 | R18: =Q18/B18 -> 217.04024 | S18: =Q18/C18 -> 275.80878 | T18: =+T17+U18 -> 52400 | U18: =+[13]DailyAug!H17 -> 4400 | V18: =U18/B18 -> 56.744906 | W18: =U18/C18 -> 72.109869 | X18: =+X17+Y18 -> 121923.19 | Y18: =+[13]DailyAug!I17 -> 12534.11 | Z18: =Y18/B18 -> 161.64702 | AA18: =Y18/C18 -> 205.4166 | AB18: =+AB17+AC18 -> 67193.19 | AC18: =+[13]DailyAug!J17 -> 7164.11 | AD18: =AC18/B18 -> 92.392443 | AE18: =AC18/C18 -> 117.40978 | AF18: =+AF17+AG18 -> 118300 | AG18: =+[13]DailyAug!K17 -> 13400 | AH18: =AG18/B18 -> 172.81403 | AI18: =AG18/C18 -> 219.60733 | AJ18: =+AJ17+AK18 -> 4500 | AK18: =+[13]DailyAug!L17 -> 410 | AL18: =AK18/B18 -> 5.2875935 | AM18: =AK18/C18 -> 6.7193287 | AN18: =+AN17+AO18 -> 6570 | AO18: =+[13]DailyAug!M17 -> 600 | AP18: =AO18/B18 -> 7.7379417 | AQ18: =AO18/C18 -> 9.833164 | AR18: =+E18+I18+M18+Q18+U18+Y18+AC18+AG18+AK18+AO18 -> 55808.22 | AS18: =AR18/B18 -> 719.73459 | AT18: =AR18/C18 -> 914.61896 | AW18: Stock Prep & UTM 2 (3200 A) | AX18: =+AH39 -> 0 | AY18: =+AI39 -> 0
A19: =A18+1 -> 45881 | B19: =+Report1!P20 -> 78.826 | C19: =+Report1!R20 -> 84.668 | D19: =+D18+E19 -> 3694.78 | E19: =+[13]DailyAug!D18 -> 365.7 | F19: =E19/B19 -> 4.6393322 | G19: =E19/C19 -> 4.3192233 | H19: =+H18+I19 -> 0 | I19: =+[13]DailyAug!E18 -> 0 | J19: =I19/B19 -> 0 | K19: =I19/C19 -> 0 | L19: =+L18+M19 -> 900 | M19: =+[13]DailyAug!F18 -> 100 | N19: =M19/B19 -> 1.268617 | O19: =M19/C19 -> 1.1810838 | P19: =+P18+Q19 -> 199405.22 | Q19: =+[13]DailyAug!G18 -> 17534.3 | R19: =Q19/B19 -> 222.4431 | S19: =Q19/C19 -> 207.09477 | T19: =+T18+U19 -> 56300 | U19: =+[13]DailyAug!H18 -> 3900 | V19: =U19/B19 -> 49.476061 | W19: =U19/C19 -> 46.062267 | X19: =+X18+Y19 -> 132624.95 | Y19: =+[13]DailyAug!I18 -> 10701.76 | Z19: =Y19/B19 -> 135.76434 | AA19: =Y19/C19 -> 126.39675 | AB19: =+AB18+AC19 -> 74604.95 | AC19: =+[13]DailyAug!J18 -> 7411.76 | AD19: =AC19/B19 -> 94.026844 | AE19: =AC19/C19 -> 87.539094 | AF19: =+AF18+AG19 -> 130400 | AG19: =+[13]DailyAug!K18 -> 12100 | AH19: =AG19/B19 -> 153.50265 | AI19: =AG19/C19 -> 142.91114 | AJ19: =+AJ18+AK19 -> 4930 | AK19: =+[13]DailyAug!L18 -> 430 | AL19: =AK19/B19 -> 5.4550529 | AM19: =AK19/C19 -> 5.0786602 | AN19: =+AN18+AO19 -> 7230 | AO19: =+[13]DailyAug!M18 -> 660 | AP19: =AO19/B19 -> 8.3728719 | AQ19: =AO19/C19 -> 7.7951528 | AR19: =+E19+I19+M19+Q19+U19+Y19+AC19+AG19+AK19+AO19 -> 53203.52 | AS19: =AR19/B19 -> 674.94887 | AT19: =AR19/C19 -> 628.37814 | AX19: =SUM(AX17:AX18) -> 0 | AY19: =SUM(AY17:AY18) -> 0
A20: =A19+1 -> 45882 | B20: =+Report1!P21 -> 79.756 | C20: =+Report1!R21 -> 75.933 | D20: =+D19+E20 -> 4067.71 | E20: =+[13]DailyAug!D19 -> 372.93 | F20: =E20/B20 -> 4.6758865 | G20: =E20/C20 -> 4.9113034 | H20: =+H19+I20 -> 0 | I20: =+[13]DailyAug!E19 -> 0 | J20: =I20/B20 -> 0 | K20: =I20/C20 -> 0 | L20: =+L19+M20 -> 930 | M20: =+[13]DailyAug!F19 -> 30 | N20: =M20/B20 -> 0.37614725 | O20: =M20/C20 -> 0.39508514 | P20: =+P19+Q20 -> 217002.29 | Q20: =+[13]DailyAug!G19 -> 17597.07 | R20: =Q20/B20 -> 220.63632 | S20: =Q20/C20 -> 231.7447 | T20: =+T19+U20 -> 60900 | U20: =+[13]DailyAug!H19 -> 4600 | V20: =U20/B20 -> 57.675912 | W20: =U20/C20 -> 60.579722 | X20: =+X19+Y20 -> 145076.86 | Y20: =+[13]DailyAug!I19 -> 12451.91 | Z20: =Y20/B20 -> 156.12506 | AA20: =Y20/C20 -> 163.98549 | AB20: =+AB19+AC20 -> 81836.86 | AC20: =+[13]DailyAug!J19 -> 7231.91 | AD20: =AC20/B20 -> 90.675435 | AE20: =AC20/C20 -> 95.240673 | AF20: =+AF19+AG20 -> 142800 | AG20: =+[13]DailyAug!K19 -> 12400 | AH20: =AG20/B20 -> 155.4742 | AI20: =AG20/C20 -> 163.30186 | AJ20: =+AJ19+AK20 -> 5406.76 | AK20: =+[13]DailyAug!L19 -> 476.76 | AL20: =AK20/B20 -> 5.9777321 | AM20: =AK20/C20 -> 6.2786931 | AN20: =+AN19+AO20 -> 7903.72 | AO20: =+[13]DailyAug!M19 -> 673.72 | AP20: =AO20/B20 -> 8.4472642 | AQ20: =AO20/C20 -> 8.8725587 | AR20: =+E20+I20+M20+Q20+U20+Y20+AC20+AG20+AK20+AO20 -> 55834.3 | AS20: =AR20/B20 -> 700.06395 | AT20: =AR20/C20 -> 735.31008 | AV20: Rewinder | AW20: Rewinder 1 (800 A) | AX20: =+AL39 -> 0 | AY20: =+AM39 -> 0
A21: =A20+1 -> 45883 | B21: =+Report1!P22 -> 75.38 | C21: =+Report1!R22 -> 82.355 | D21: =+D20+E21 -> 4445.79 | E21: =+[13]DailyAug!D20 -> 378.08 | F21: =E21/B21 -> 5.015654 | G21: =E21/C21 -> 4.5908567 | H21: =+H20+I21 -> 0 | I21: =+[13]DailyAug!E20 -> 0 | J21: =I21/B21 -> 0 | K21: =I21/C21 -> 0 | L21: =+L20+M21 -> 1000 | M21: =+[13]DailyAug!F20 -> 70 | N21: =M21/B21 -> 0.92862828 | O21: =M21/C21 -> 0.84997875 | P21: =+P20+Q21 -> 234554.21 | Q21: =+[13]DailyAug!G20 -> 17551.92 | R21: =Q21/B21 -> 232.84585 | S21: =Q21/C21 -> 213.12513 | T21: =+T20+U21 -> 65800 | U21: =+[13]DailyAug!H20 -> 4900 | V21: =U21/B21 -> 65.00398 | W21: =U21/C21 -> 59.498513 | X21: =+X20+Y21 -> 158312.94 | Y21: =+[13]DailyAug!I20 -> 13236.08 | Z21: =Y21/B21 -> 175.5914 | AA21: =Y21/C21 -> 160.71981 | AB21: =+AB20+AC21 -> 88122.94 | AC21: =+[13]DailyAug!J20 -> 6286.08 | AD21: =AC21/B21 -> 83.391881 | AE21: =AC21/C21 -> 76.329063 | AF21: =+AF20+AG21 -> 155100 | AG21: =+[13]DailyAug!K20 -> 12300 | AH21: =AG21/B21 -> 163.17326 | AI21: =AG21/C21 -> 149.35341 | AJ21: =+AJ20+AK21 -> 5920 | AK21: =+[13]DailyAug!L20 -> 513.24 | AL21: =AK21/B21 -> 6.8087026 | AM21: =AK21/C21 -> 6.2320442 | AN21: =+AN20+AO21 -> 8600 | AO21: =+[13]DailyAug!M20 -> 696.28 | AP21: =AO21/B21 -> 9.2369329 | AQ21: =AO21/C21 -> 8.4546172 | AR21: =+E21+I21+M21+Q21+U21+Y21+AC21+AG21+AK21+AO21 -> 55931.68 | AS21: =AR21/B21 -> 741.99629 | AT21: =AR21/C21 -> 679.15342 | AW21: Rewinder 2 (800A) | AX21: =+AP39 -> 0 | AY21: =+AQ39 -> 0
A22: =A21+1 -> 45884 | B22: =+Report1!P23 -> 82.123 | C22: =+Report1!R23 -> 77.778 | D22: =+D21+E22 -> 4816.6 | E22: =+[13]DailyAug!D21 -> 370.81 | F22: =E22/B22 -> 4.5153002 | G22: =E22/C22 -> 4.7675435 | H22: =+H21+I22 -> 0 | I22: =+[13]DailyAug!E21 -> 0 | J22: =I22/B22 -> 0 | K22: =I22/C22 -> 0 | L22: =+L21+M22 -> 1100 | M22: =+[13]DailyAug!F21 -> 100 | N22: =M22/B22 -> 1.2176857 | O22: =M22/C22 -> 1.2857106 | P22: =+P21+Q22 -> 251083.4 | Q22: =+[13]DailyAug!G21 -> 16529.19 | R22: =Q22/B22 -> 201.27358 | S22: =Q22/C22 -> 212.51755 | T22: =+T21+U22 -> 71000 | U22: =+[13]DailyAug!H21 -> 5200 | V22: =U22/B22 -> 63.319655 | W22: =U22/C22 -> 66.856952 | X22: =+X21+Y22 -> 172542.17 | Y22: =+[13]DailyAug!I21 -> 14229.23 | Z22: =Y22/B22 -> 173.26729 | AA22: =Y22/C22 -> 182.94672 | AB22: =+AB21+AC22 -> 95372.17 | AC22: =+[13]DailyAug!J21 -> 7249.23 | AD22: =AC22/B22 -> 88.272835 | AE22: =AC22/C22 -> 93.204119 | AF22: =+AF21+AG22 -> 167800 | AG22: =+[13]DailyAug!K21 -> 12700 | AH22: =AG22/B22 -> 154.64608 | AI22: =AG22/C22 -> 163.28525 | AJ22: =+AJ21+AK22 -> 6430 | AK22: =+[13]DailyAug!L21 -> 510 | AL22: =AK22/B22 -> 6.2101969 | AM22: =AK22/C22 -> 6.5571241 | AN22: =+AN21+AO22 -> 9300 | AO22: =+[13]DailyAug!M21 -> 700 | AP22: =AO22/B22 -> 8.5237997 | AQ22: =AO22/C22 -> 8.9999743 | AR22: =+E22+I22+M22+Q22+U22+Y22+AC22+AG22+AK22+AO22 -> 57588.46 | AS22: =AR22/B22 -> 701.24642 | AT22: =AR22/C22 -> 740.42094 | AW22: Rewinder 2 (800A) | AX22: =+AP40 -> 9.3100184 | AY22: =+AQ40 -> 9.5951953
A23: =A22+1 -> 45885 | B23: =+Report1!P24 -> 77.486 | C23: =+Report1!R24 -> 80.368 | D23: =+D22+E23 -> 5211.17 | E23: =+[13]DailyAug!D22 -> 394.57 | F23: =E23/B23 -> 5.0921457 | G23: =E23/C23 -> 4.9095411 | H23: =+H22+I23 -> 0 | I23: =+[13]DailyAug!E22 -> 0 | J23: =I23/B23 -> 0 | K23: =I23/C23 -> 0 | L23: =+L22+M23 -> 1200 | M23: =+[13]DailyAug!F22 -> 100 | N23: =M23/B23 -> 1.2905557 | O23: =M23/C23 -> 1.2442763 | P23: =+P22+Q23 -> 268588.83 | Q23: =+[13]DailyAug!G22 -> 17505.43 | R23: =Q23/B23 -> 225.91733 | S23: =Q23/C23 -> 217.81592 | T23: =+T22+U23 -> 76200 | U23: =+[13]DailyAug!H22 -> 5200 | V23: =U23/B23 -> 67.108897 | W23: =U23/C23 -> 64.702369 | X23: =+X22+Y23 -> 186585.57 | Y23: =+[13]DailyAug!I22 -> 14043.4 | Z23: =Y23/B23 -> 181.2379 | AA23: =Y23/C23 -> 174.7387 | AB23: =+AB22+AC23 -> 102755.57 | AC23: =+[13]DailyAug!J22 -> 7383.4 | AD23: =AC23/B23 -> 95.286891 | AE23: =AC23/C23 -> 91.869898 | AF23: =+AF22+AG23 -> 180300 | AG23: =+[13]DailyAug!K22 -> 12500 | AH23: =AG23/B23 -> 161.31946 | AI23: =AG23/C23 -> 155.53454 | AJ23: =+AJ22+AK23 -> 6920 | AK23: =+[13]DailyAug!L22 -> 490 | AL23: =AK23/B23 -> 6.323723 | AM23: =AK23/C23 -> 6.096954 | AN23: =+AN22+AO23 -> 9990 | AO23: =+[13]DailyAug!M22 -> 690 | AP23: =AO23/B23 -> 8.9048344 | AQ23: =AO23/C23 -> 8.5855067 | AR23: =+E23+I23+M23+Q23+U23+Y23+AC23+AG23+AK23+AO23 -> 58306.8 | AS23: =AR23/B23 -> 752.48174 | AT23: =AR23/C23 -> 725.49771
A24: =A23+1 -> 45886 | B24: =+Report1!P25 -> 74.347 | C24: =+Report1!R25 -> 73.183 | D24: =+D23+E24 -> 5462.11 | E24: =+[13]DailyAug!D23 -> 250.94 | F24: =E24/B24 -> 3.3752539 | G24: =E24/C24 -> 3.4289384 | H24: =+H23+I24 -> 0 | I24: =+[13]DailyAug!E23 -> 0 | J24: =I24/B24 -> 0 | K24: =I24/C24 -> 0 | L24: =+L23+M24 -> 1200 | M24: =+[13]DailyAug!F23 -> 0 | N24: =M24/B24 -> 0 | O24: =M24/C24 -> 0 | P24: =+P23+Q24 -> 285937.89 | Q24: =+[13]DailyAug!G23 -> 17349.06 | R24: =Q24/B24 -> 233.35252 | S24: =Q24/C24 -> 237.06407 | T24: =+T23+U24 -> 82400 | U24: =+[13]DailyAug!H23 -> 6200 | V24: =U24/B24 -> 83.392739 | W24: =U24/C24 -> 84.719129 | X24: =+X23+Y24 -> 201110.34 | Y24: =+[13]DailyAug!I23 -> 14524.77 | Z24: =Y24/B24 -> 195.36457 | AA24: =Y24/C24 -> 198.47191 | AB24: =+AB23+AC24 -> 109940.34 | AC24: =+[13]DailyAug!J23 -> 7184.77 | AD24: =AC24/B24 -> 96.638331 | AE24: =AC24/C24 -> 98.175396 | AF24: =+AF23+AG24 -> 191300 | AG24: =+[13]DailyAug!K23 -> 11000 | AH24: =AG24/B24 -> 147.95486 | AI24: =AG24/C24 -> 150.30813 | AJ24: =+AJ23+AK24 -> 7370 | AK24: =+[13]DailyAug!L23 -> 450 | AL24: =AK24/B24 -> 6.0526988 | AM24: =AK24/C24 -> 6.148969 | AN24: =+AN23+AO24 -> 10630 | AO24: =+[13]DailyAug!M23 -> 640 | AP24: =AO24/B24 -> 8.6082828 | AQ24: =AO24/C24 -> 8.7452004 | AR24: =+E24+I24+M24+Q24+U24+Y24+AC24+AG24+AK24+AO24 -> 57599.54 | AS24: =AR24/B24 -> 774.73926 | AT24: =AR24/C24 -> 787.06175 | AW24: Total | AX24: =+AX16+AX19+AX22 -> 9.3100184 | AY24: =+AY16+AY19+AY22 -> 9.5951953
A25: =A24+1 -> 45887 | B25: =+Report1!P26 -> 53.594 | C25: =+Report1!R26 -> 56.569 | D25: =+D24+E25 -> 5733.48 | E25: =+[13]DailyAug!D24 -> 271.37 | F25: =E25/B25 -> 5.0634399 | G25: =E25/C25 -> 4.7971504 | H25: =+H24+I25 -> 0 | I25: =+[13]DailyAug!E24 -> 0 | J25: =I25/B25 -> 0 | K25: =I25/C25 -> 0 | L25: =+L24+M25 -> 1300 | M25: =+[13]DailyAug!F24 -> 100 | N25: =M25/B25 -> 1.8658805 | O25: =M25/C25 -> 1.7677527 | P25: =+P24+Q25 -> 303566.52 | Q25: =+[13]DailyAug!G24 -> 17628.63 | R25: =Q25/B25 -> 328.92917 | S25: =Q25/C25 -> 311.63058 | T25: =+T24+U25 -> 90400 | U25: =+[13]DailyAug!H24 -> 8000 | V25: =U25/B25 -> 149.27044 | W25: =U25/C25 -> 141.42021 | X25: =+X24+Y25 -> 219269.63 | Y25: =+[13]DailyAug!I24 -> 18159.29 | Z25: =Y25/B25 -> 338.83065 | AA25: =Y25/C25 -> 321.01133 | AB25: =+AB24+AC25 -> 116069.63 | AC25: =+[13]DailyAug!J24 -> 6129.29 | AD25: =AC25/B25 -> 114.36523 | AE25: =AC25/C25 -> 108.35069 | AF25: =+AF24+AG25 -> 200600 | AG25: =+[13]DailyAug!K24 -> 9300 | AH25: =AG25/B25 -> 173.52689 | AI25: =AG25/C25 -> 164.401 | AJ25: =+AJ24+AK25 -> 7760 | AK25: =+[13]DailyAug!L24 -> 390 | AL25: =AK25/B25 -> 7.276934 | AM25: =AK25/C25 -> 6.8942354 | AN25: =+AN24+AO25 -> 11280 | AO25: =+[13]DailyAug!M24 -> 650 | AP25: =AO25/B25 -> 12.128223 | AQ25: =AO25/C25 -> 11.490392 | AR25: =+E25+I25+M25+Q25+U25+Y25+AC25+AG25+AK25+AO25 -> 60628.58 | AS25: =AR25/B25 -> 1131.2569 | AT25: =AR25/C25 -> 1071.7633
A26: =A25+1 -> 45888 | B26: =+Report1!P27 -> 55.29 | C26: =+Report1!R27 -> 55.168 | D26: =+D25+E26 -> 6073.73 | E26: =+[13]DailyAug!D25 -> 340.25 | F26: =E26/B26 -> 6.1539157 | G26: =E26/C26 -> 6.1675247 | H26: =+H25+I26 -> 0 | I26: =+[13]DailyAug!E25 -> 0 | J26: =I26/B26 -> 0 | K26: =I26/C26 -> 0 | L26: =+L25+M26 -> 1400 | M26: =+[13]DailyAug!F25 -> 100 | N26: =M26/B26 -> 1.8086453 | O26: =M26/C26 -> 1.812645 | P26: =+P25+Q26 -> 320826.27 | Q26: =+[13]DailyAug!G25 -> 17259.75 | R26: =Q26/B26 -> 312.16766 | S26: =Q26/C26 -> 312.858 | T26: =+T25+U26 -> 97900 | U26: =+[13]DailyAug!H25 -> 7500 | V26: =U26/B26 -> 135.6484 | W26: =U26/C26 -> 135.94838 | X26: =+X25+Y26 -> 237062.86 | Y26: =+[13]DailyAug!I25 -> 17793.23 | Z26: =Y26/B26 -> 321.81642 | AA26: =Y26/C26 -> 322.5281 | AB26: =+AB25+AC26 -> 121562.86 | AC26: =+[13]DailyAug!J25 -> 5493.23 | AD26: =AC26/B26 -> 99.353048 | AE26: =AC26/C26 -> 99.57276 | AF26: =+AF25+AG26 -> 209900 | AG26: =+[13]DailyAug!K25 -> 9300 | AH26: =AG26/B26 -> 168.20402 | AI26: =AG26/C26 -> 168.57599 | AJ26: =+AJ25+AK26 -> 8160 | AK26: =+[13]DailyAug!L25 -> 400 | AL26: =AK26/B26 -> 7.2345813 | AM26: =AK26/C26 -> 7.25058 | AN26: =+AN25+AO26 -> 11900 | AO26: =+[13]DailyAug!M25 -> 620 | AP26: =AO26/B26 -> 11.213601 | AQ26: =AO26/C26 -> 11.238399 | AR26: =+E26+I26+M26+Q26+U26+Y26+AC26+AG26+AK26+AO26 -> 58806.46 | AS26: =AR26/B26 -> 1063.6003 | AT26: =AR26/C26 -> 1065.9524 | AW26: LEBIH TINGGI DARI OFF REEL | AY26: =+AY24/AX24-1 -> 0.030631187
A27: =A26+1 -> 45889 | B27: =+Report1!P28 -> 53.535 | C27: =+Report1!R28 -> 55.423 | D27: =+D26+E27 -> 6460.06 | E27: =+[13]DailyAug!D26 -> 386.33 | F27: =E27/B27 -> 7.2164005 | G27: =E27/C27 -> 6.9705718 | H27: =+H26+I27 -> 0 | I27: =+[13]DailyAug!E26 -> 0 | J27: =I27/B27 -> 0 | K27: =I27/C27 -> 0 | L27: =+L26+M27 -> 1400 | M27: =+[13]DailyAug!F26 -> 0 | N27: =M27/B27 -> 0 | O27: =M27/C27 -> 0 | P27: =+P26+Q27 -> 338639.94 | Q27: =+[13]DailyAug!G26 -> 17813.67 | R27: =Q27/B27 -> 332.74811 | S27: =Q27/C27 -> 321.41295 | T27: =+T26+U27 -> 105700 | U27: =+[13]DailyAug!H26 -> 7800 | V27: =U27/B27 -> 145.69908 | W27: =U27/C27 -> 140.7358 | X27: =+X26+Y27 -> 254971.26 | Y27: =+[13]DailyAug!I26 -> 17908.4 | Z27: =Y27/B27 -> 334.51761 | AA27: =Y27/C27 -> 323.12217 | AB27: =+AB26+AC27 -> 127111.26 | AC27: =+[13]DailyAug!J26 -> 5548.4 | AD27: =AC27/B27 -> 103.64061 | AE27: =AC27/C27 -> 100.11006 | AF27: =+AF26+AG27 -> 218600 | AG27: =+[13]DailyAug!K26 -> 8700 | AH27: =AG27/B27 -> 162.51051 | AI27: =AG27/C27 -> 156.97454 | AJ27: =+AJ26+AK27 -> 8250 | AK27: =+[13]DailyAug!L26 -> 90 | AL27: =AK27/B27 -> 1.6811432 | AM27: =AK27/C27 -> 1.6238746 | AN27: =+AN26+AO27 -> 11930 | AO27: =+[13]DailyAug!M26 -> 30 | AP27: =AO27/B27 -> 0.56038106 | AQ27: =AO27/C27 -> 0.54129152 | AR27: =+E27+I27+M27+Q27+U27+Y27+AC27+AG27+AK27+AO27 -> 58276.8 | AS27: =AR27/B27 -> 1088.5738 | AT27: =AR27/C27 -> 1051.4913
A28: =A27+1 -> 45890 | B28: =+Report1!P29 -> 56.288 | C28: =+Report1!R29 -> 56.616 | D28: =+D27+E28 -> 6853.84 | E28: =+[13]DailyAug!D27 -> 393.78 | F28: =E28/B28 -> 6.9958073 | G28: =E28/C28 -> 6.9552777 | H28: =+H27+I28 -> 0 | I28: =+[13]DailyAug!E27 -> 0 | J28: =I28/B28 -> 0 | K28: =I28/C28 -> 0 | L28: =+L27+M28 -> 1500 | M28: =+[13]DailyAug!F27 -> 100 | N28: =M28/B28 -> 1.7765776 | O28: =M28/C28 -> 1.7662851 | P28: =+P27+Q28 -> 355546.16 | Q28: =+[13]DailyAug!G27 -> 16906.22 | R28: =Q28/B28 -> 300.35212 | S28: =Q28/C28 -> 298.61205 | T28: =+T27+U28 -> 113200 | U28: =+[13]DailyAug!H27 -> 7500 | V28: =U28/B28 -> 133.24332 | W28: =U28/C28 -> 132.47139 | X28: =+X27+Y28 -> 272042.21 | Y28: =+[13]DailyAug!I27 -> 17070.95 | Z28: =Y28/B28 -> 303.27867 | AA28: =Y28/C28 -> 301.52165 | AB28: =+AB27+AC28 -> 131752.21 | AC28: =+[13]DailyAug!J27 -> 4640.95 | AD28: =AC28/B28 -> 82.450078 | AE28: =AC28/C28 -> 81.972411 | AF28: =+AF27+AG28 -> 227200 | AG28: =+[13]DailyAug!K27 -> 8600 | AH28: =AG28/B28 -> 152.78567 | AI28: =AG28/C28 -> 151.90052 | AJ28: =+AJ27+AK28 -> 8270 | AK28: =+[13]DailyAug!L27 -> 20 | AL28: =AK28/B28 -> 0.35531552 | AM28: =AK28/C28 -> 0.35325703 | AN28: =+AN27+AO28 -> 11940 | AO28: =+[13]DailyAug!M27 -> 10 | AP28: =AO28/B28 -> 0.17765776 | AQ28: =AO28/C28 -> 0.17662851 | AR28: =+E28+I28+M28+Q28+U28+Y28+AC28+AG28+AK28+AO28 -> 55241.9 | AS28: =AR28/B28 -> 981.41522 | AT28: =AR28/C28 -> 975.72948
A29: =A28+1 -> 45891 | B29: =+Report1!P30 -> 54.818 | C29: =+Report1!R30 -> 55.46 | D29: =+D28+E29 -> 7202.64 | E29: =+[13]DailyAug!D28 -> 348.8 | F29: =E29/B29 -> 6.3628735 | G29: =E29/C29 -> 6.2892175 | H29: =+H28+I29 -> 0 | I29: =+[13]DailyAug!E28 -> 0 | J29: =I29/B29 -> 0 | K29: =I29/C29 -> 0 | L29: =+L28+M29 -> 1600 | M29: =+[13]DailyAug!F28 -> 100 | N29: =M29/B29 -> 1.8242183 | O29: =M29/C29 -> 1.8031013 | P29: =+P28+Q29 -> 372797.36 | Q29: =+[13]DailyAug!G28 -> 17251.2 | R29: =Q29/B29 -> 314.69955 | S29: =Q29/C29 -> 311.05662 | T29: =+T28+U29 -> 120700 | U29: =+[13]DailyAug!H28 -> 7500 | V29: =U29/B29 -> 136.81637 | W29: =U29/C29 -> 135.2326 | X29: =+X28+Y29 -> 288599.77 | Y29: =+[13]DailyAug!I28 -> 16557.56 | Z29: =Y29/B29 -> 302.04604 | AA29: =Y29/C29 -> 298.54959 | AB29: =+AB28+AC29 -> 136609.77 | AC29: =+[13]DailyAug!J28 -> 4857.56 | AD29: =AC29/B29 -> 88.6125 | AE29: =AC29/C29 -> 87.586729 | AF29: =+AF28+AG29 -> 235700 | AG29: =+[13]DailyAug!K28 -> 8500 | AH29: =AG29/B29 -> 155.05856 | AI29: =AG29/C29 -> 153.26361 | AJ29: =+AJ28+AK29 -> 8430 | AK29: =+[13]DailyAug!L28 -> 160 | AL29: =AK29/B29 -> 2.9187493 | AM29: =AK29/C29 -> 2.8849621 | AN29: =+AN28+AO29 -> 12020 | AO29: =+[13]DailyAug!M28 -> 80 | AP29: =AO29/B29 -> 1.4593747 | AQ29: =AO29/C29 -> 1.4424811 | AR29: =+E29+I29+M29+Q29+U29+Y29+AC29+AG29+AK29+AO29 -> 55355.12 | AS29: =AR29/B29 -> 1009.7982 | AT29: =AR29/C29 -> 998.10891
A30: =A29+1 -> 45892 | B30: =+Report1!P31 -> 55.577 | C30: =+Report1!R31 -> 41.737 | D30: =+D29+E30 -> 7573.15 | E30: =+[13]DailyAug!D29 -> 370.51 | F30: =E30/B30 -> 6.6666067 | G30: =E30/C30 -> 8.8772552 | H30: =+H29+I30 -> 0 | I30: =+[13]DailyAug!E29 -> 0 | J30: =I30/B30 -> 0 | K30: =I30/C30 -> 0 | L30: =+L29+M30 -> 1600 | M30: =+[13]DailyAug!F29 -> 0 | N30: =M30/B30 -> 0 | O30: =M30/C30 -> 0 | P30: =+P29+Q30 -> 389426.85 | Q30: =+[13]DailyAug!G29 -> 16629.49 | R30: =Q30/B30 -> 299.21532 | S30: =Q30/C30 -> 398.4352 | T30: =+T29+U30 -> 126000 | U30: =+[13]DailyAug!H29 -> 5300 | V30: =U30/B30 -> 95.36319 | W30: =U30/C30 -> 126.98565 | X30: =+X29+Y30 -> 299924.54 | Y30: =+[13]DailyAug!I29 -> 11324.77 | Z30: =Y30/B30 -> 203.76721 | AA30: =Y30/C30 -> 271.33646 | AB30: =+AB29+AC30 -> 142874.54 | AC30: =+[13]DailyAug!J29 -> 6264.77 | AD30: =AC30/B30 -> 112.72235 | AE30: =AC30/C30 -> 150.10111 | AF30: =+AF29+AG30 -> 248000 | AG30: =+[13]DailyAug!K29 -> 12300 | AH30: =AG30/B30 -> 221.31457 | AI30: =AG30/C30 -> 294.70254 | AJ30: =+AJ29+AK30 -> 8790 | AK30: =+[13]DailyAug!L29 -> 360 | AL30: =AK30/B30 -> 6.4774997 | AM30: =AK30/C30 -> 8.6254403 | AN30: =+AN29+AO30 -> 12580 | AO30: =+[13]DailyAug!M29 -> 560 | AP30: =AO30/B30 -> 10.076111 | AQ30: =AO30/C30 -> 13.417352 | AR30: =+E30+I30+M30+Q30+U30+Y30+AC30+AG30+AK30+AO30 -> 53109.54 | AS30: =AR30/B30 -> 955.60286 | AT30: =AR30/C30 -> 1272.481
A31: =A30+1 -> 45893 | B31: =+Report1!P32 -> 50.015 | C31: =+Report1!R32 -> 44.899 | D31: =+D30+E31 -> 7932.16 | E31: =+[13]DailyAug!D30 -> 359.01 | F31: =E31/B31 -> 7.1780466 | G31: =E31/C31 -> 7.9959465 | H31: =+H30+I31 -> 0 | I31: =+[13]DailyAug!E30 -> 0 | J31: =I31/B31 -> 0 | K31: =I31/C31 -> 0 | L31: =+L30+M31 -> 1700 | M31: =+[13]DailyAug!F30 -> 100 | N31: =M31/B31 -> 1.9994002 | O31: =M31/C31 -> 2.2272211 | P31: =+P30+Q31 -> 406667.84 | Q31: =+[13]DailyAug!G30 -> 17240.99 | R31: =Q31/B31 -> 344.71639 | S31: =Q31/C31 -> 383.99497 | T31: =+T30+U31 -> 131600 | U31: =+[13]DailyAug!H30 -> 5600 | V31: =U31/B31 -> 111.96641 | W31: =U31/C31 -> 124.72438 | X31: =+X30+Y31 -> 312366.1 | Y31: =+[13]DailyAug!I30 -> 12441.56 | Z31: =Y31/B31 -> 248.75657 | AA31: =Y31/C31 -> 277.10105 | AB31: =+AB30+AC31 -> 149606.1 | AC31: =+[13]DailyAug!J30 -> 6731.56 | AD31: =AC31/B31 -> 134.59082 | AE31: =AC31/C31 -> 149.92672 | AF31: =+AF30+AG31 -> 260600 | AG31: =+[13]DailyAug!K30 -> 12600 | AH31: =AG31/B31 -> 251.92442 | AI31: =AG31/C31 -> 280.62986 | AJ31: =+AJ30+AK31 -> 9220 | AK31: =+[13]DailyAug!L30 -> 430 | AL31: =AK31/B31 -> 8.5974208 | AM31: =AK31/C31 -> 9.5770507 | AN31: =+AN30+AO31 -> 13230 | AO31: =+[13]DailyAug!M30 -> 650 | AP31: =AO31/B31 -> 12.996101 | AQ31: =AO31/C31 -> 14.476937 | AR31: =+E31+I31+M31+Q31+U31+Y31+AC31+AG31+AK31+AO31 -> 56153.12 | AS31: =AR31/B31 -> 1122.7256 | AT31: =AR31/C31 -> 1250.6541
A32: =A31+1 -> 45894 | B32: =+Report1!P33 -> 52.022 | C32: =+Report1!R33 -> 40.062 | D32: =+D31+E32 -> 8319.17 | E32: =+[13]DailyAug!D31 -> 387.01 | F32: =E32/B32 -> 7.4393526 | G32: =E32/C32 -> 9.6602766 | H32: =+H31+I32 -> 0 | I32: =+[13]DailyAug!E31 -> 0 | J32: =I32/B32 -> 0 | K32: =I32/C32 -> 0 | L32: =+L31+M32 -> 1800 | M32: =+[13]DailyAug!F31 -> 100 | N32: =M32/B32 -> 1.9222637 | O32: =M32/C32 -> 2.496131 | P32: =+P31+Q32 -> 423580.83 | Q32: =+[13]DailyAug!G31 -> 16912.99 | R32: =Q32/B32 -> 325.11226 | S32: =Q32/C32 -> 422.17039 | T32: =+T31+U32 -> 137200 | U32: =+[13]DailyAug!H31 -> 5600 | V32: =U32/B32 -> 107.64676 | W32: =U32/C32 -> 139.78334 | X32: =+X31+Y32 -> 325540.69 | Y32: =+[13]DailyAug!I31 -> 13174.59 | Z32: =Y32/B32 -> 253.25036 | AA32: =Y32/C32 -> 328.85502 | AB32: =+AB31+AC32 -> 156330.69 | AC32: =+[13]DailyAug!J31 -> 6724.59 | AD32: =AC32/B32 -> 129.26435 | AE32: =AC32/C32 -> 167.85458 | AF32: =+AF31+AG32 -> 272900 | AG32: =+[13]DailyAug!K31 -> 12300 | AH32: =AG32/B32 -> 236.43843 | AI32: =AG32/C32 -> 307.02411 | AJ32: =+AJ31+AK32 -> 9610 | AK32: =+[13]DailyAug!L31 -> 390 | AL32: =AK32/B32 -> 7.4968283 | AM32: =AK32/C32 -> 9.7349109 | AN32: =+AN31+AO32 -> 13830 | AO32: =+[13]DailyAug!M31 -> 600 | AP32: =AO32/B32 -> 11.533582 | AQ32: =AO32/C32 -> 14.976786 | AR32: =+E32+I32+M32+Q32+U32+Y32+AC32+AG32+AK32+AO32 -> 56189.18 | AS32: =AR32/B32 -> 1080.1042 | AT32: =AR32/C32 -> 1402.5555
A33: =A32+1 -> 45895 | B33: =+Report1!P34 -> 58.011 | C33: =+Report1!R34 -> 49.328 | D33: =+D32+E33 -> 8685.1 | E33: =+[13]DailyAug!D32 -> 365.93 | F33: =E33/B33 -> 6.3079416 | G33: =E33/C33 -> 7.418302 | H33: =+H32+I33 -> 0 | I33: =+[13]DailyAug!E32 -> 0 | J33: =I33/B33 -> 0 | K33: =I33/C33 -> 0 | L33: =+L32+M33 -> 1900 | M33: =+[13]DailyAug!F32 -> 100 | N33: =M33/B33 -> 1.723811 | O33: =M33/C33 -> 2.0272462 | P33: =+P32+Q33 -> 441114.9 | Q33: =+[13]DailyAug!G32 -> 17534.07 | R33: =Q33/B33 -> 302.25423 | S33: =Q33/C33 -> 355.45877 | T33: =+T32+U33 -> 142800 | U33: =+[13]DailyAug!H32 -> 5600 | V33: =U33/B33 -> 96.533416 | W33: =U33/C33 -> 113.52579 | X33: =+X32+Y33 -> 339547.22 | Y33: =+[13]DailyAug!I32 -> 14006.53 | Z33: =Y33/B33 -> 241.44611 | AA33: =Y33/C33 -> 283.94685 | AB33: =+AB32+AC33 -> 163887.22 | AC33: =+[13]DailyAug!J32 -> 7556.53 | AD33: =AC33/B33 -> 130.2603 | AE33: =AC33/C33 -> 153.18947 | AF33: =+AF32+AG33 -> 285600 | AG33: =+[13]DailyAug!K32 -> 12700 | AH33: =AG33/B33 -> 218.924 | AI33: =AG33/C33 -> 257.46027 | AJ33: =+AJ32+AK33 -> 10030 | AK33: =+[13]DailyAug!L32 -> 420 | AL33: =AK33/B33 -> 7.2400062 | AM33: =AK33/C33 -> 8.514434 | AN33: =+AN32+AO33 -> 14520 | AO33: =+[13]DailyAug!M32 -> 690 | AP33: =AO33/B33 -> 11.894296 | AQ33: =AO33/C33 -> 13.987999 | AR33: =+E33+I33+M33+Q33+U33+Y33+AC33+AG33+AK33+AO33 -> 58973.06 | AS33: =AR33/B33 -> 1016.5841 | AT33: =AR33/C33 -> 1195.5291
A34: =A33+1 -> 45896 | B34: =+Report1!P35 -> 59.617 | C34: =+Report1!R35 -> 56.873 | D34: =+D33+E34 -> 9033.78 | E34: =+[13]DailyAug!D33 -> 348.68 | F34: =E34/B34 -> 5.8486673 | G34: =E34/C34 -> 6.130853 | H34: =+H33+I34 -> 0 | I34: =+[13]DailyAug!E33 -> 0 | J34: =I34/B34 -> 0 | K34: =I34/C34 -> 0 | L34: =+L33+M34 -> 2000 | M34: =+[13]DailyAug!F33 -> 100 | N34: =M34/B34 -> 1.6773739 | O34: =M34/C34 -> 1.7583036 | P34: =+P33+Q34 -> 458166.22 | Q34: =+[13]DailyAug!G33 -> 17051.32 | R34: =Q34/B34 -> 286.01439 | S34: =Q34/C34 -> 299.81397 | T34: =+T33+U34 -> 148200 | U34: =+[13]DailyAug!H33 -> 5400 | V34: =U34/B34 -> 90.578191 | W34: =U34/C34 -> 94.948394 | X34: =+X33+Y34 -> 351927.53 | Y34: =+[13]DailyAug!I33 -> 12380.31 | Z34: =Y34/B34 -> 207.66409 | AA34: =Y34/C34 -> 217.68344 | AB34: =+AB33+AC34 -> 169817.53 | AC34: =+[13]DailyAug!J33 -> 5930.31 | AD34: =AC34/B34 -> 99.473472 | AE34: =AC34/C34 -> 104.27285 | AF34: =+AF33+AG34 -> 298300 | AG34: =+[13]DailyAug!K33 -> 12700 | AH34: =AG34/B34 -> 213.02649 | AI34: =AG34/C34 -> 223.30456 | AJ34: =+AJ33+AK34 -> 10440 | AK34: =+[13]DailyAug!L33 -> 410 | AL34: =AK34/B34 -> 6.877233 | AM34: =AK34/C34 -> 7.2090447 | AN34: =+AN33+AO34 -> 15180 | AO34: =+[13]DailyAug!M33 -> 660 | AP34: =AO34/B34 -> 11.070668 | AQ34: =AO34/C34 -> 11.604804 | AR34: =+E34+I34+M34+Q34+U34+Y34+AC34+AG34+AK34+AO34 -> 54980.62 | AS34: =AR34/B34 -> 922.23057 | AT34: =AR34/C34 -> 966.72621
A35: =A34+1 -> 45897 | B35: =+Report1!P36 -> 62.824 | C35: =+Report1!R36 -> 57.352 | D35: =+D34+E35 -> 9370.11 | E35: =+[13]DailyAug!D34 -> 336.33 | F35: =E35/B35 -> 5.3535273 | G35: =E35/C35 -> 5.8643116 | H35: =+H34+I35 -> 0 | I35: =+[13]DailyAug!E34 -> 0 | J35: =I35/B35 -> 0 | K35: =I35/C35 -> 0 | L35: =+L34+M35 -> 2200 | M35: =+[13]DailyAug!F34 -> 200 | N35: =M35/B35 -> 3.1834968 | O35: =M35/C35 -> 3.4872367 | P35: =+P34+Q35 -> 475229.89 | Q35: =+[13]DailyAug!G34 -> 17063.67 | R35: =Q35/B35 -> 271.61069 | S35: =Q35/C35 -> 297.52528 | T35: =+T34+U35 -> 154500 | U35: =+[13]DailyAug!H34 -> 6300 | V35: =U35/B35 -> 100.28015 | W35: =U35/C35 -> 109.84796 | X35: =+X34+Y35 -> 366279.83 | Y35: =+[13]DailyAug!I34 -> 14352.3 | Z35: =Y35/B35 -> 228.4525 | AA35: =Y35/C35 -> 250.24934 | AB35: =+AB34+AC35 -> 175909.83 | AC35: =+[13]DailyAug!J34 -> 6092.3 | AD35: =AC35/B35 -> 96.974086 | AE35: =AC35/C35 -> 106.22646 | AF35: =+AF34+AG35 -> 309700 | AG35: =+[13]DailyAug!K34 -> 11400 | AH35: =AG35/B35 -> 181.45931 | AI35: =AG35/C35 -> 198.77249 | AJ35: =+AJ34+AK35 -> 10860 | AK35: =+[13]DailyAug!L34 -> 420 | AL35: =AK35/B35 -> 6.6853432 | AM35: =AK35/C35 -> 7.3231971 | AN35: =+AN34+AO35 -> 15830 | AO35: =+[13]DailyAug!M34 -> 650 | AP35: =AO35/B35 -> 10.346364 | AQ35: =AO35/C35 -> 11.333519 | AR35: =+E35+I35+M35+Q35+U35+Y35+AC35+AG35+AK35+AO35 -> 56814.6 | AS35: =AR35/B35 -> 904.34547 | AT35: =AR35/C35 -> 990.62979
A36: =A35+1 -> 45898 | B36: =+Report1!P37 -> 55.793 | C36: =+Report1!R37 -> 77.828 | D36: =+D35+E36 -> 9732 | E36: =+[13]DailyAug!D35 -> 361.89 | F36: =E36/B36 -> 6.4862976 | G36: =E36/C36 -> 4.6498689 | H36: =+H35+I36 -> 0 | I36: =+[13]DailyAug!E35 -> 0 | J36: =I36/B36 -> 0 | K36: =I36/C36 -> 0 | L36: =+L35+M36 -> 2200 | M36: =+[13]DailyAug!F35 -> 0 | N36: =M36/B36 -> 0 | O36: =M36/C36 -> 0 | P36: =+P35+Q36 -> 493268 | Q36: =+[13]DailyAug!G35 -> 18038.11 | R36: =Q36/B36 -> 323.30418 | S36: =Q36/C36 -> 231.7689 | T36: =+T35+U36 -> 162200 | U36: =+[13]DailyAug!H35 -> 7700 | V36: =U36/B36 -> 138.01014 | W36: =U36/C36 -> 98.936116 | X36: =+X35+Y36 -> 383510.17 | Y36: =+[13]DailyAug!I35 -> 17230.34 | Z36: =Y36/B36 -> 308.8262 | AA36: =Y36/C36 -> 221.38999 | AB36: =+AB35+AC36 -> 183110.17 | AC36: =+[13]DailyAug!J35 -> 7200.34 | AD36: =AC36/B36 -> 129.05454 | AE36: =AC36/C36 -> 92.516061 | AF36: =+AF35+AG36 -> 318600 | AG36: =+[13]DailyAug!K35 -> 8900 | AH36: =AG36/B36 -> 159.51822 | AI36: =AG36/C36 -> 114.35473 | AJ36: =+AJ35+AK36 -> 11300 | AK36: =+[13]DailyAug!L35 -> 440 | AL36: =AK36/B36 -> 7.886294 | AM36: =AK36/C36 -> 5.6534923 | AN36: =+AN35+AO36 -> 16490 | AO36: =+[13]DailyAug!M35 -> 660 | AP36: =AO36/B36 -> 11.829441 | AQ36: =AO36/C36 -> 8.4802385 | AR36: =+E36+I36+M36+Q36+U36+Y36+AC36+AG36+AK36+AO36 -> 60530.68 | AS36: =AR36/B36 -> 1084.9153 | AT36: =AR36/C36 -> 777.7494
A37: =A36+1 -> 45899 | B37: =+Report1!P38 -> 57.9 | C37: =+Report1!R38 -> 61.204 | D37: =+D36+E37 -> 10086.17 | E37: =+[13]DailyAug!D36 -> 354.17 | F37: =E37/B37 -> 6.1169257 | G37: =E37/C37 -> 5.7867133 | H37: =+H36+I37 -> 0 | I37: =+[13]DailyAug!E36 -> 0 | J37: =I37/B37 -> 0 | K37: =I37/C37 -> 0 | L37: =+L36+M37 -> 2300 | M37: =+[13]DailyAug!F36 -> 100 | N37: =M37/B37 -> 1.7271157 | O37: =M37/C37 -> 1.6338801 | P37: =+P36+Q37 -> 511013.83 | Q37: =+[13]DailyAug!G36 -> 17745.83 | R37: =Q37/B37 -> 306.49102 | S37: =Q37/C37 -> 289.94559 | T37: =+T36+U37 -> 169900 | U37: =+[13]DailyAug!H36 -> 7700 | V37: =U37/B37 -> 132.98791 | W37: =U37/C37 -> 125.80877 | X37: =+X36+Y37 -> 400142.64 | Y37: =+[13]DailyAug!I36 -> 16632.47 | Z37: =Y37/B37 -> 287.262 | AA37: =Y37/C37 -> 271.75462 | AB37: =+AB36+AC37 -> 188752.64 | AC37: =+[13]DailyAug!J36 -> 5642.47 | AD37: =AC37/B37 -> 97.451986 | AE37: =AC37/C37 -> 92.191197 | AF37: =+AF36+AG37 -> 328000 | AG37: =+[13]DailyAug!K36 -> 9400 | AH37: =AG37/B37 -> 162.34888 | AI37: =AG37/C37 -> 153.58473 | AJ37: =+AJ36+AK37 -> 11740 | AK37: =+[13]DailyAug!L36 -> 440 | AL37: =AK37/B37 -> 7.5993092 | AM37: =AK37/C37 -> 7.1890726 | AN37: =+AN36+AO37 -> 17190 | AO37: =+[13]DailyAug!M36 -> 700 | AP37: =AO37/B37 -> 12.08981 | AQ37: =AO37/C37 -> 11.437161 | AR37: =+E37+I37+M37+Q37+U37+Y37+AC37+AG37+AK37+AO37 -> 58714.94 | AS37: =AR37/B37 -> 1014.075 | AT37: =AR37/C37 -> 959.33174
A38: =A37+1 -> 45900 | B38: =+Report1!P39 -> 56.9 | C38: =+Report1!R39 -> 48.325 | D38: =+D37+E38 -> 10379.59 | E38: =+[13]DailyAug!D37 -> 293.42 | F38: =E38/B38 -> 5.1567663 | G38: =E38/C38 -> 6.0718055 | H38: =+H37+I38 -> 0 | I38: =+[13]DailyAug!E37 -> 0 | J38: =I38/B38 -> 0 | K38: =I38/C38 -> 0 | L38: =+L37+M38 -> 2400 | M38: =+[13]DailyAug!F37 -> 100 | N38: =M38/B38 -> 1.7574692 | O38: =M38/C38 -> 2.0693223 | P38: =+P37+Q38 -> 528720.41 | Q38: =+[13]DailyAug!G37 -> 17706.58 | R38: =Q38/B38 -> 311.1877 | S38: =Q38/C38 -> 366.40621 | T38: =+T37+U38 -> 177600 | U38: =+[13]DailyAug!H37 -> 7700 | V38: =U38/B38 -> 135.32513 | W38: =U38/C38 -> 159.33782 | X38: =+X37+Y38 -> 416939.21 | Y38: =+[13]DailyAug!I37 -> 16796.57 | Z38: =Y38/B38 -> 295.19455 | AA38: =Y38/C38 -> 347.57517 | AB38: =+AB37+AC38 -> 194399.21 | AC38: =+[13]DailyAug!J37 -> 5646.57 | AD38: =AC38/B38 -> 99.236731 | AE38: =AC38/C38 -> 116.84573 | AF38: =+AF37+AG38 -> 337300 | AG38: =+[13]DailyAug!K37 -> 9300 | AH38: =AG38/B38 -> 163.44464 | AI38: =AG38/C38 -> 192.44697 | AJ38: =+AJ37+AK38 -> 12200 | AK38: =+[13]DailyAug!L37 -> 460 | AL38: =AK38/B38 -> 8.0843585 | AM38: =AK38/C38 -> 9.5188826 | AN38: =+AN37+AO38 -> 17900 | AO38: =+[13]DailyAug!M37 -> 710 | AP38: =AO38/B38 -> 12.478032 | AQ38: =AO38/C38 -> 14.692188 | AR38: =+E38+I38+M38+Q38+U38+Y38+AC38+AG38+AK38+AO38 -> 58713.14 | AS38: =AR38/B38 -> 1031.8654 | AT38: =AR38/C38 -> 1214.9641
A40: TOTAL | B40: =SUM(B8:B38) -> 1922.66 | C40: =SUM(C8:C38) -> 1865.517 | E40: =SUM(E8:E38) -> 10379.59 | F40: =E40/B40 -> 5.3985572 | G40: =E40/C40 -> 5.5639214 | I40: =SUM(I8:I38) -> 0 | J40: =I40/B40 -> 0 | K40: =I40/C40 -> 0 | M40: =SUM(M8:M38) -> 2400 | N40: =M40/B40 -> 1.2482706 | O40: =M40/C40 -> 1.2865066 | Q40: =SUM(Q8:Q38) -> 528720.41 | R40: =Q40/B40 -> 274.99423 | S40: =Q40/C40 -> 283.41763 | U40: =SUM(U8:U38) -> 177600 | V40: =U40/B40 -> 92.372026 | W40: =U40/C40 -> 95.201491 | Y40: =SUM(Y8:Y38) -> 416939.21 | Z40: =Y40/B40 -> 216.8554 | AA40: =Y40/C40 -> 223.49794 | AC40: =SUM(AC8:AC38) -> 194399.21 | AD40: =AC40/B40 -> 101.10951 | AE40: =AC40/C40 -> 104.20661 | AG40: =SUM(AG8:AG38) -> 337300 | AH40: =AG40/B40 -> 175.43403 | AI40: =AG40/C40 -> 180.80779 | AK40: =SUM(AK8:AK38) -> 12200 | AL40: =AK40/B40 -> 6.3453757 | AM40: =AK40/C40 -> 6.5397421 | AO40: =SUM(AO8:AO38) -> 17900 | AP40: =AO40/B40 -> 9.3100184 | AQ40: =AO40/C40 -> 9.5951953 | AR40: =E40+I40+M40+Q40+U40+Y40+AC40+AG40+AK40+AO40 -> 1697838.4 | AS40: =AR40/B40 -> 883.06743 | AT40: =AR40/C40 -> 910.11683
AR42: =+AR40-[13]DailyAug!$N$38 -> 0

Sheet Trim Rwd
A1: PM 11 | B1: =+Report1!A9 -> 45870
A3: Tgl | B3: Grade | C3: Ply | D3: Kombinasi Pot. | E3: Lebar Trim | F3: Jml Turunan | G3: Lebar x Turunan | H3: Rata-rata | I3: PHP PM
A4: =+B1 -> 45870 | B4: F 13,5 | C4: 1 | D4: 133*2 | E4: =133*2 -> 266 | F4: 14 | G4: =+E4*F4 -> 3724 | H4: =+G4/F4 -> 266 | I4: =+'1'!I38 -> 10.018
A6: 45871 | B6: F 13,5 | C6: 1 | D6: 133*2 | E6: =133*2 -> 266 | F6: 77 | G6: =+E6*F6 -> 20482 | H6: =+G6/F6 -> 266 | I6: =+'2'!I38 -> 46.856
A8: 45872 | B8: F 13,5 | C8: 1 | D8: 133*2 | E8: =133*2 -> 266 | F8: 76 | G8: =+E8*F8 -> 20216 | H8: =+G8/F8 -> 266 | I8: =+'3'!L38 -> 46.433
B9: F 13 | C9: 1 | D9: 140+60*2 | E9: =140+60*2 -> 260 | F9: 10 | G9: =+E9*F9 -> 2600 | H9: =+G9/F9 -> 260 | I9: =+'3'!L39 -> 6.89
A11: 45873 | B11: F 13 | C11: 1 | D11: 140+60*2 | E11: =140+60*2 -> 260 | F11: =9+9+10+2+10+3 -> 43 | G11: =+E11*F11 -> 11180 | H11: =+(E11*F11+E12*F12)/(SUM(F11:F12)) -> 264.65169 | I11: =+'4'!I38 -> 53.478
B12: F 13 | C12: 1 | D12: 140+129 | E12: =140+129 -> 269 | F12: =5+7+18+16 -> 46 | G12: =+E12*F12 -> 12374
A14: 45874 | B14: F 13 | C14: 1 | D14: 140+129 | E14: =140+129 -> 269 | F14: =14+6+5+7+5 -> 37 | G14: =+E14*F14 -> 9953 | H14: =+(E14*F14+E15*F15)/(SUM(F14:F15)) -> 262.325 | I14: =+'5'!L37 -> 22.97
B15: F 13 | C15: 1 | D15: 60*3 | E15: =60*3 -> 180 | F15: 3 | G15: =+E15*F15 -> 540
B16: MG 17 | C16: 1 | D16: 91*2+76+14 | E16: =91*2+76+14 -> 272 | F16: =2+4+5+8+12 -> 31 | G16: =+E16*F16 -> 8432 | H16: =+(E16*F16+E17*F17)/(SUM(F16:F17)) -> 269.3913 | I16: =+'5'!L38 -> 39.133
B17: MG 17 | C17: 1 | D17: 53*2+79*2 | E17: =53*2+79*2 -> 264 | F17: =9+6 -> 15 | G17: =+E17*F17 -> 3960
B18: MG 16,5 | C18: 1 | D18: 42*5+61 | E18: =42*5+61 -> 271 | F18: 0 | G18: 0 | H18: =+E18 -> 271 | I18: =+'5'!L39 -> 6.489
A20: 45875 | B20: MG 16,5 | C20: 1 | D20: 53*2+79*2 | E20: =53*2+79*2 -> 264 | F20: 14 | G20: =+E20*F20 -> 3696 | H20: =+(E20*F20+E21*F21+E22*F22)/(SUM(F20:F22)) -> 266.98947 | I20: =+'6'!I38 -> 78.071
B21: MG 16,5 | C21: 1 | D21: 42*2+61+72+51 | E21: =42*2+61+72+51 -> 268 | F21: =19+16+2+14+6+4 -> 61 | G21: =+E21*F21 -> 16348
B22: MG 16,5 | C22: 1 | D22: 42*2+61*2+60 | E22: =42*2+61*2+60 -> 266 | F22: =8+12 -> 20 | G22: =+E22*F22 -> 5320
A24: 45876 | B24: MG 16,5 | C24: 1 | D24: 42*2+61*2+60 | E24: =42*2+61*2+60 -> 266 | F24: =12+15+8 -> 35 | G24: =+E24*F24 -> 9310 | H24: =+(E24*F24+E25*F25)/(SUM(F24:F25)) -> 266.16667 | I24: =+'7'!L37 -> 16.222
B25: MG 16,5 | C25: 1 | D25: 42*2+61*3 | E25: =42*2+61*3 -> 267 | F25: 7 | G25: =+E25*F25 -> 1869
B26: MG 14 | C26: 1 | D26: 42*2+61*3 | E26: =42*2+61*3 -> 267 | F26: =16+15+14 -> 45 | G26: =+E26*F26 -> 12015 | H26: =+G26/F26 -> 267 | I26: =+'7'!L38 -> 49.577
A28: 45877 | B28: MG 14 | C28: 1 | D28: 42*2+61*3 | E28: =42*2+61*3 -> 267 | F28: 86 | G28: =+E28*F28 -> 22962 | H28: =+G28/F28 -> 267 | I28: =+'8'!I38 -> 68.445
A30: 45878 | B30: MG 14 | C30: 1 | D30: 42*2+61*3 | E30: =42*2+61*3 -> 267 | F30: =7+7+7+7+2+7+7 -> 44 | G30: =+E30*F30 -> 11748 | H30: =+(E30*F30+E31*F31)/(SUM(F30:F31)) -> 267.90476 | I30: =+'9'!I38 -> 72.554
B31: MG 14 | C31: 1 | D31: 42*2+62*3 | E31: =42*2+62*3 -> 270 | F31: =5+7+7 -> 19 | G31: =+E31*F31 -> 5130
B32: MG 17 | C32: 1 | D32: 130*2 | E32: =130*2 -> 260 | F32: =1+13+3+8 -> 25 | G32: =+E32*F32 -> 6500 | H32: =+G32/F32 -> 260
A34: 45879 | B34: MG 17 | C34: 1 | D34: 130*2 | E34: =130*2 -> 260 | F34: =13+13+3+3+14+3+2+14+14+13+2 -> 94 | G34: =+E34*F34 -> 24440 | H34: =+G34/F34 -> 260 | I34: =+'10'!I38 -> 77.882
A36: 45880 | B36: MG 17 | C36: 1 | D36: 130*2 | E36: =130*2 -> 260 | F36: 11 | G36: =+E36*F36 -> 2860 | H36: =+(E36*F36+E37*F37)/(SUM(F36:F37)) -> 260.30769 | I36: =+'11'!N38 -> 23.668
B37: MG 17 | C37: 1 | D37: 60*4+22 | E37: =60*4+22 -> 262 | F37: 2 | G37: =+E37*F37 -> 524
B38: MG 21 | C38: 1 | D38: 271*1 | E38: =271*1 -> 271 | F38: =11+5 -> 16 | G38: =+E38*F38 -> 4336 | H38: =+(E38*F38+E39*F39)/(SUM(F38:F39)) -> 270.7619 | I38: =+'11'!N39 -> 26.715
B39: MG 21 | C39: 1 | D39: 90*3 | E39: =90*3 -> 270 | F39: 5 | G39: =+E39*F39 -> 1350
B40: MG 16,5 | C40: 1 | D40: 51*2+60+61+42 | E40: =51*2+60+61+42 -> 265 | F40: 1 | G40: =+E40*F40 -> 265 | H40: =+(E40*F40+E41*F41)/(SUM(F40:F41)) -> 270.7931 | I40: =+'11'!N40 -> 27.157
B41: MG 16,5 | C41: 1 | D41: 42*5+61 | E41: =42*5+61 -> 271 | F41: =15+13 -> 28 | G41: =+E41*F41 -> 7588
A43: 45881 | B43: MG 16,5 | C43: 1 | D43: 42*5+61 | E43: =42*5+61 -> 271 | F43: =3+5 -> 8 | G43: =+E43*F43 -> 2168 | H43: =+G43/F43 -> 271 | I43: =+'12'!L37 -> 3.474
B44: MG 17 | C44: 1 | D44: 22+60*4 | E44: =22+60*4 -> 262 | F44: 5 | G44: =+E44*F44 -> 1310 | H44: =+G44/F44 -> 262 | I44: =+'12'!L38 -> 3.474
B45: MG 21 | C45: 1 | D45: 271*1 | E45: =271*1 -> 271 | F45: =4+13+6 -> 23 | G45: =+E45*F45 -> 6233 | H45: =+(E45*F45+E46*F46+E47*F47+E48*F48+E49*F49)/(SUM(F45:F49)) -> 268.37705 | I45: =+'12'!L39 -> 71.878
B46: MG 22 | C46: 1 | D46: 90*3 | E46: =90*3 -> 270 | F46: 3 | G46: =+E46*F46 -> 810
B47: MG 21 | C47: 1 | D47: 264*1 | E47: 264 | F47: =5+12 -> 17 | G47: =+E47*F47 -> 4488
B48: MG 21,5 | C48: 1 | D48: 92,5*2+83 | E48: =92.5*2+83 -> 268 | F48: =6+4 -> 10 | G48: =+E48*F48 -> 2680
B49: MG 21 | C49: 1 | D49: 270*1 | E49: 270 | F49: 8 | G49: =+E49*F49 -> 2160
A51: 45882 | B51: MG 21 | C51: 1 | D51: 92,5*2+83 | E51: =92.5*2+83 -> 268 | F51: =11+2+7 -> 20 | G51: =+E51*F51 -> 5360 | H51: =+G51/F51 -> 268 | I51: =+'13'!L37 -> 16.939
B52: MG 22 | C52: 1 | D52: 90*3 | E52: =90*3 -> 270 | F52: =3+2+4+1 -> 10 | G52: =+E52*F52 -> 2700 | H52: =+G52/F52 -> 270 | I52: =+'13'!L38 -> 14.017
B53: MG 17 | C53: 1 | D53: 130*2 | E53: =130*2 -> 260 | F53: 1 | G53: =+E53*F53 -> 260 | H53: =+(E53*F53+E54*F54)/(SUM(F53:F54)) -> 260.98148 | I53: =+'13'!L39 -> 48.8
B54: MG 16 | C54: 1 | D54: 100*2+61 | E54: =100*2+61 -> 261 | F54: =9+12+16+16 -> 53 | G54: =+E54*F54 -> 13833
A56: 45883 | B56: MG 16 | C56: 1 | D56: 100*2+61 | E56: =100*2+61 -> 261 | F56: =34+24 -> 58 | G56: =+E56*F56 -> 15138 | H56: =+G56/F56 -> 261 | I56: =+'14'!L37 -> 22.253
B57: MG 16,5 | C57: 1 | D57: 42*5+61 | E57: =42*5+61 -> 271 | F57: 40 | G57: =+E57*F57 -> 10840 | H57: =+G57/F57 -> 271 | I57: =+'14'!L38 -> 53.127
A59: 45884 | B59: MG 16,5 | C59: 1 | D59: 42*5+61 | E59: =42*5+61 -> 271 | F59: =31+13+16 -> 60 | G59: =+E59*F59 -> 16260 | H59: =+G59/F59 -> 271 | I59: =+'15'!L37 -> 50.331
B60: MG 16 | C60: 1 | D60: 15+98*2+61 | E60: =15+98*2+61 -> 272 | F60: =2+16+14 -> 32 | G60: =+E60*F60 -> 8704 | H60: =+G60/F60 -> 272 | I60: =+'15'!L38 -> 31.792
A62: 45885 | B62: MG 16 | C62: 1 | D62: 15+98*2+61 | E62: =15+98*2+61 -> 272 | F62: =16+16+16+15+14+14 -> 91 | G62: =+E62*F62 -> 24752 | H62: =+G62/F62 -> 272 | I62: =+'16'!L37 -> 59.86
B63: MG 17 | C63: 1 | D63: 19+93+81+79 | E63: =19+93+81+79 -> 272 | F63: 1 | G63: =+E63*F63 -> 272 | H63: =+G63/F63 -> 272 | I63: =+'16'!L38 -> 17.626
A65: 45886 | B65: MG 17 | C65: 1 | D65: 19+93+81+79 | E65: =19+93+81+79 -> 272 | F65: =12+12+4+2 -> 30 | G65: =+E65*F65 -> 8160 | H65: =+(E65*F65+E66*F66+E67*F67)/(SUM(F65:F67)) -> 270.14286 | I65: =+'17'!L37 -> 46.748
B66: MG 17 | C66: 1 | D66: 79+101+88 | E66: =79+101+88 -> 268 | F66: 7 | G66: =+E66*F66 -> 1876
B67: MG 17 | C67: 1 | D67: 60*4+22 | E67: =60*4+22 -> 262 | F67: 5 | G67: =+E67*F67 -> 1310
B68: MG 16,5 | C68: 1 | D68: 77*2+61+51 | E68: =77*2+61+51 -> 266 | F68: =10+3+1 -> 14 | G68: =+E68*F68 -> 3724 | H68: =+G68/F68 -> 266 | I68: =+'17'!L38 -> 7.743
B69: F 10,3 | C69: 1 | D69: 266*1 | E69: =266*1 -> 266 | F69: =9+5 -> 14 | G69: =+E69*F69 -> 3724 | H69: =+G69/F69 -> 266 | I69: =+'17'!L39 -> 19.856
A71: 45887 | B71: MG 17 | C71: 1 | D71: 60*4+22 | E71: =60*4+22 -> 262 | F71: 1 | G71: =+E71*F71 -> 262 | H71: =+G71/F71 -> 262 | I71: backlog
B72: F 10,3 | C72: 1 | D72: 266*1 | E72: =266*1 -> 266 | F72: =19+20+19 -> 58 | G72: =+E72*F72 -> 15428 | H72: =+G72/F72 -> 266 | I72: =+'18'!I38 -> 53.594
A74: 45888 | B74: F 10,3 | C74: 1 | D74: 266*1 | E74: =266*1 -> 266 | F74: =13+3 -> 16 | G74: =+E74*F74 -> 4256 | H74: =+(E74*F74+E75*F75)/(SUM(F74:F75)) -> 266 | I74: =+'19'!I38 -> 55.29
B75: F 10,3 | C75: 1 | D75: 133*2 | E75: =133*2 -> 266 | F75: 44 | G75: =+E75*F75 -> 11704
A77: 45889 | B77: F 10,3 | C77: 1 | D77: 277*1 | E77: =277*1 -> 277 | F77: =10+10+9 -> 29 | G77: =+E77*F77 -> 8033 | H77: =+(E77*F77+E78*F78)/(SUM(F77:F78)) -> 275.66667 | I77: =+'20'!I38 -> 53.535
B78: F 10,3 | C78: 1 | D78: 133*2 | E78: =133*2 -> 266 | F78: 4 | G78: =+E78*F78 -> 1064
A80: 45890 | B80: F 10,3 | C80: 1 | D80: 277*1 | E80: =277*1 -> 277 | F80: 30 | G80: =+E80*F80 -> 8310 | H80: =+G80/F80 -> 277 | I80: =+'21'!I38 -> 56.288
A82: 45891 | B82: F 10,3 | C82: 1 | D82: 277*1 | E82: =277*1 -> 277 | F82: =8+10+10 -> 28 | G82: =+E82*F82 -> 7756 | H82: =+(E82*F82+E83*F83)/(SUM(F82:F83)) -> 275.625 | I82: =+'22'!I38 -> 54.818
B83: F 10,3 | C83: 1 | D83: 266*1 | E83: =266*1 -> 266 | F83: =1+3 -> 4 | G83: =+E83*F83 -> 1064
A85: 45892 | B85: F 10,3 | C85: 1 | D85: 277*1 | E85: =277*1 -> 277 | F85: 4 | G85: =+E85*F85 -> 1108 | H85: =+(E85*F85+E86*F86)/(SUM(F85:F86)) -> 274.8 | I85: =+'23'!L37 -> 7.437
B86: F 10,3 | C86: 1 | D86: 266*1 | E86: =266*1 -> 266 | F86: 1 | G86: =+E86*F86 -> 266
B87: SN 13 | C87: 1 | D87: 15+48*4+54 | E87: =15+48*4+54 -> 261 | F87: =13+29+25 -> 67 | G87: =+E87*F87 -> 17487 | H87: =+(E87*F87+E88*F88)/(SUM(F87:F88)) -> 265.39695 | I87: =+'23'!L38 -> 48.14
B88: SN 13 | C88: 1 | D88: 48*5+15*2 | E88: =48*5+15*2 -> 270 | F88: =12+30+22 -> 64 | G88: =+E88*F88 -> 17280
A90: 45893 | B90: SN 13 | C90: 1 | D90: 15+48*4+54 | E90: =15+48*4+54 -> 261 | F90: =22+29+27+5+19+32 -> 134 | G90: =+E90*F90 -> 34974 | H90: =+(E90*F90+E91*F91)/(SUM(F90:F91)) -> 262.41509 | I90: =+'24'!I38 -> 50.015
B91: SN 13 | C91: 1 | D91: 48*5+15*2 | E91: =48*5+15*2 -> 270 | F91: 25 | G91: =+E91*F91 -> 6750
A93: 45894 | B93: SN 13 | C93: 1 | D93: 15+48*4+54 | E93: =15+48*4+54 -> 261 | F93: =30+28+24+26+8+10 -> 126 | G93: =+E93*F93 -> 32886 | H93: =+(E93*F93+E94*F94)/(SUM(F93:F94)) -> 260.88732 | I93: =+'25'!L37 -> 42.017
B94: SN 13 | C94: 1 | D94: 68+48*4 | E94: =68+48*4 -> 260 | F94: 16 | G94: =+E94*F94 -> 4160
B95: SN 14 | C95: 1 | D95: 23+39*6 | E95: =23+39*6 -> 257 | F95: 16 | G95: =+E95*F95 -> 4112 | H95: =+G95/F95 -> 257 | I95: =+'25'!L38 -> 10.005
A97: 45895 | B97: SN 14 | C97: 1 | D97: 23+39*6 | E97: =23+39*6 -> 257 | F97: =30+1+29+14 -> 74 | G97: =+E97*F97 -> 19018 | H97: =+(E97*F97+E98*F98+E99*F99)/(SUM(F97:F99)) -> 259.39062 | I97: =+'26'!L37 -> 30.6
B98: SN 14 | C98: 1 | D98: 26*10 | E98: =26*10 -> 260 | F98: =5+25 -> 30 | G98: =+E98*F98 -> 7800
B99: SN 14 | C99: 1 | D99: 26+60*4 | E99: =26+60*4 -> 266 | F99: =9+15 -> 24 | G99: =+E99*F99 -> 6384
B100: SN 14 | C100: 1 | D100: 54*5 | E100: =54*5 -> 270 | F100: 15 | G100: =+E100*F100 -> 4050
B101: SN 15 | C101: 1 | D101: 26,5+27,5*3+54*3 | E101: =26.5+27.5*3+54*3 -> 271 | F101: 18 | G101: =+E101*F101 -> 4878 | H101: =+G101/F101 -> 271 | I101: =+'26'!L38 -> 27.411
B102: SN 13 | C102: 1 | D102: 68+48*4 | E102: =68+48*4 -> 260 | F102: 18 | G102: =+E102*F102 -> 4680 | H102: =+G102/F102 -> 260
A104: 45896 | B104: SN 14 | C104: 1 | D104: 54*5 | E104: =54*5 -> 270 | F104: 27 | G104: =+E104*F104 -> 7290 | H104: =+G104/F104 -> 270 | I104: Backlog
B105: SN 15 | C105: 1 | D105: 26,5+27,5*3+54*3 | E105: =26.5+27.5*3+54*3 -> 271 | F105: =34+34+34 -> 102 | G105: =+E105*F105 -> 27642 | H105: =+(E105*F105+E106*F106+E107*F107)/(SUM(F105:F107)) -> 270.08333 | I105: =+'27'!I38 -> 59.617
B106: SN 15 | C106: 1 | D106: 26,5*6+27,5*4 | E106: =26.5*6+27.5*4 -> 269 | F106: =1+21 -> 22 | G106: =+E106*F106 -> 5918
B107: SN 15 | C107: 1 | D107: 27,5+26,5*2+23,5*8 | E107: =27.5+26.5*2+23.5*8 -> 268.5 | F107: =11+33 -> 44 | G107: =+E107*F107 -> 11814
A109: 45897 | B109: SN 15 | C109: 1 | D109: 28*8+23*2 | E109: =28*8+23*2 -> 270 | F109: =38+45+2+11 -> 96 | G109: =+E109*F109 -> 25920 | H109: =+(E109*F109+E110*F110)/(SUM(F109:F110)) -> 270.48663 | I109: =+'28'!L37 -> 27.074
B110: SN 15 | C110: 1 | D110: 54*3+27,5*3+26,5 | E110: =54*3+27.5*3+26.5 -> 271 | F110: =36+34+21 -> 91 | G110: =+E110*F110 -> 24661
B111: SN 16 | C111: 1 | D111: 18*15 | E111: =18*15 -> 270 | F111: 0 | G111: =+E111*F111 -> 0 | H111: =+E111 -> 270 | I111: =+'28'!L38 -> 7.776
B112: F 12,5 | C112: 1 | D112: 120+140 | E112: =120+140 -> 260 | F112: 19 | G112: =+E112*F112 -> 4940 | H112: =+G112/F112 -> 260 | I112: =+'28'!L39 -> 27.974
A114: 45898 | B114: F 12,5 | C114: 1 | D114: 120+140 | E114: =120+140 -> 260 | F114: =19+23+9+19+22 -> 92 | G114: =+E114*F114 -> 23920 | H114: =+G114/F114 -> 260 | I114: =+'29'!L37 -> 41.888
B115: SN 15 | C115: 1 | D115: 28*8+23*2 | E115: =28*8+23*2 -> 270 | F115: 19 | G115: =+E115*F115 -> 5130 | H115: =+G115/F115 -> 270 | I115: Backlog
B116: SN 16 | C116: 1 | D116: 18*15 | E116: =18*15 -> 270 | F116: =11+21 -> 32 | G116: =+E116*F116 -> 8640 | H116: =+G116/F116 -> 270 | I116: Backlog
B117: F 10,3 | C117: 1 | D117: 277*1 | E117: =277*1 -> 277 | F117: 5 | G117: =+E117*F117 -> 1385 | H117: =+G117/F117 -> 277 | I117: =+'29'!L38 -> 13.905
A119: 45899 | B119: F 10,3 | C119: 1 | D119: 266*1 | E119: =266*1 -> 266 | F119: =6+10+12+15+11+14 -> 68 | G119: =+E119*F119 -> 18088 | H119: =+(E119*F119+E120*F120)/(SUM(F119:F120)) -> 268.2 | I119: =+'29'!L42 -> 0
B120: F 10,3 | C120: 1 | D120: 277*1 | E120: =277*1 -> 277 | F120: =12+5 -> 17 | G120: =+E120*F120 -> 4709
B121: F 12,5 | C121: 1 | D121: 120+140 | E121: =120+140 -> 260 | F121: =9+4 -> 13 | G121: =+E121*F121 -> 3380 | H121: =+G121/F121 -> 260 | I121: =+'29'!L43 -> 0
A123: 45900 | B123: F 10,3 | C123: 1 | D123: 266*1 | E123: =266*1 -> 266 | F123: =12+13+15+17+12+11 -> 80 | G123: =+E123*F123 -> 21280 | H123: =+(E123*F123+E124*F124)/(SUM(F123:F124)) -> 266.76744 | I123: =+'31'!L37 -> 40.684
B124: F 10,3 | C124: 1 | D124: 277*1 | E124: =277*1 -> 277 | F124: 6 | G124: =+E124*F124 -> 1662
B125: F 12 | C125: 1 | D125: 133*2 | E125: =133*2 -> 266 | F125: 5 | G125: =+E125*F125 -> 1330 | H125: =+G125/F125 -> 266 | I125: =+'31'!L38 -> 16.216

Sheet Efficiency1
A1: PM11 Efficiency Report
A3: Date | B3: Grade | C3: Speed real (ton) with Available Time | D3: Colour | E3: gsm | F3: Ply | G3: Standard | L3: Real Running | O3: Trim Rewinder (cm) | P3: Trim Rewinder x Running Time | Q3: Available Time (mnt) | R3: Down Time (mnt) | S3: Loss Time (mnt) | T3: Real Speed & Real Creepe Ratio with Available Time (ton) | U3: Real Speed & Real Creepe Ratio setelah dipotong DT & LT (ton) | V3: Loss tonase akibat DT + LT dari hitungan Teori with available time (ton) | W3: Accepted (ton) | X3: Real Eff dr Target Eff | Y3: Backlog | Z3: Reject Rewinder (ton) | AA3: Estimasi Reject to Broke Plant (ton) | AB3: Estimasi Faktor BW (ton) | AC3: Loss Opportunity in Speed (ton) | AD3: Downtime/ Losstime | AE3: Reason of Downtime / Losstime | AF3: Loss Time | AM3: Total Losstime | AN3: Unschedule Shut Down (mnt) | AS3: Schedule Shut Down | AT3: Marketing | AV3: EXT FACTOR | AX3: EXT FACTOR | AZ3: MANAGEMENT | BA3: Total Down Time | BB3: Freq. Sheets Break (X) | BC3: Freq. Change Blade (X) | BD3: Steam, & gangguan sinergy (X) | BE3: Freq, Trip PLN (X) | BF3: Cleaning Holes (X)
AF4: Proses | AI4: Change Grade | AJ4: Mekanik | AK4: Electric & Instrument | AL4: Boiler | AN4: Down Time Produksi | AO4: Mekanik | AP4: Electrical & Instrument | AQ4: Boiler | AR4: Total Unschedule Shut Down | AV4: LOSS | AW4: DOWN TIME | AX4: LOSS | AY4: DOWN TIME
G5: Yankee Speed (mpm) | H5: Max % Creeping | I5: Target Eff | J5: Kapasitas PM-Teori (ton) | K5: Teori (ton) with Available Time | L5: Yankee Speed (mpm) | M5: Popereel Speed (mpm) | N5: % Creeping | AF5: sheet break | AG5: change blade | AH5: change spool | AT5: Loss time | AU5: Down Time | AV5: SINERGY | AW5: SINERGY | AX5: PLN | AY5: PLN
A6: =+Report1!A9 -> 45870 | B6: Facial | C6: =(M6*E6*O6*Q6)/100000000 -> 45.608573 | D6: Off White | E6: 13.5 | F6: 1 | G6: 1700 | H6: =+N6 -> 0.24031008 | I6: 0.88 | J6: =E6*G6*(1-H6)*1440/1000000*2.77 -> 69.544264 | K6: =(IF(G6<L6,L6,G6)*(1-IF(H6<N6,H6,N6))*E6*O6*Q6)/100000000 -> 66.782579 | L6: 1161 | M6: 882 | N6: =1-(M6/L6) -> 0.24031008 | O6: =+'Trim Rwd'!H4 -> 266 | P6: =O6*(Q6-R6-S6) -> 85918 | Q6: 1440 | R6: 1090 | S6: 27 | T6: =E6*M6*O6*Q6/100000000 -> 45.608573 | U6: =E6*M6*O6*(Q6-R6-S6)/100000000 -> 10.230256 | V6: =E6*G6*(1-N6)*O6/100*(R6+S6)/1000000 -> 51.802875 | W6: =+'1'!K34/1000 -> 7.714 | X6: =SUM(W6:W9)/SUM(K6:K9) -> 0.11550917 | Y6: 0 | Z6: =+'1'!D34/1000 -> 0.248 | AA6: =SUM(U6:U9)-SUM(W6:W9)-SUM(Z6:Z9)-SUM(Y6:Y9) -> 2.2682563 | AB6: =(SUM(K6:K9)-SUM(W6:W9)-SUM(Y6:Y9)-SUM(Z6:Z9)-SUM(AC6:AC9)-SUM(V6:V9))-AA6 -> -16.424559 | AC6: =K6-T6 -> 21.174006 | AD6: =+AM6+BA6 -> 20 | AE6: - Sheet Breaks (4x) | AF6: 20 | AM6: =SUM(AF6:AL6)+AT6+AV6+AX6 -> 20 | AR6: =SUM(AN6:AQ6) -> 0 | BA6: =+AR6+AS6+AU6+AW6+AY6+AZ6 -> 0 | BB6: 4
AD7: =+AM7+BA7 -> 0 | AE7: - Change Blade (0x) | AG7: 0 | AM7: =SUM(AF7:AL7)+AT7+AV7+AX7 -> 0 | AR7: =SUM(AN7:AQ7) -> 0 | BA7: =+AR7+AS7+AU7+AW7+AY7+AZ7 -> 0 | BC7: 0
AD8: =+AM8+BA8 -> 7 | AE8: - Change Spool (7x) | AH8: 7 | AM8: =SUM(AF8:AL8)+AT8+AV8+AX8 -> 7 | AR8: =SUM(AN8:AQ8) -> 0 | BA8: =+AR8+AS8+AU8+AW8+AY8+AZ8 -> 0
AD9: =+AM9+BA9 -> 1090 | AE9: - Awal shift pm stop revisi ganti felt dan sleeve | AM9: =SUM(AF9:AL9)+AT9+AV9+AX9 -> 0 | AR9: =SUM(AN9:AQ9) -> 0 | AS9: 1090 | BA9: =+AR9+AS9+AU9+AW9+AY9+AZ9 -> 1090
A11: 45871 | B11: Facial | C11: =(M11*E11*O11*Q11)/100000000 -> 49.641984 | D11: Off White | E11: 13.5 | F11: 1 | G11: 1700 | H11: =+N11 -> 0.23990499 | I11: 0.88 | J11: =E11*G11*(1-H11)*1440/1000000*2.77 -> 69.581347 | K11: =(IF(G11<L11,L11,G11)*(1-IF(H11<N11,H11,N11))*E11*O11*Q11)/100000000 -> 66.818189 | L11: 1263 | M11: 960 | N11: =1-(M11/L11) -> 0.23990499 | O11: =+'Trim Rwd'!H6 -> 266 | P11: =O11*(Q11-R11-S11) -> 349524 | Q11: 1440 | R11: 0 | S11: 126 | T11: =E11*M11*O11*Q11/100000000 -> 49.641984 | U11: =E11*M11*O11*(Q11-R11-S11)/100000000 -> 45.29831 | V11: =E11*G11*(1-N11)*O11/100*(R11+S11)/1000000 -> 5.8465915 | W11: =+'2'!K34/1000 -> 44.24 | X11: =SUM(W11:W14)/SUM(K11:K14) -> 0.66209517 | Y11: 0 | Z11: =+'2'!D34/1000 -> 0.29 | AA11: =SUM(U11:U14)-SUM(W11:W14)-SUM(Z11:Z14)-SUM(Y11:Y14) -> 0.7683104 | AB11: =(SUM(K11:K14)-SUM(W11:W14)-SUM(Y11:Y14)-SUM(Z11:Z14)-SUM(AC11:AC14)-SUM(V11:V14))-AA11 -> -1.5029179 | AC11: =K11-T11 -> 17.176205 | AD11: =+AM11+BA11 -> 25 | AE11: - Sheet Breaks (5x) | AF11: 25 | AM11: =SUM(AF11:AL11)+AT11+AV11+AX11 -> 25 | AR11: =SUM(AN11:AQ11) -> 0 | BA11: =+AR11+AS11+AU11+AW11+AY11+AZ11 -> 0 | BB11: 5
AD12: =+AM12+BA12 -> 17 | AE12: - Change Blade (14x) | AG12: 17 | AM12: =SUM(AF12:AL12)+AT12+AV12+AX12 -> 17 | AR12: =SUM(AN12:AQ12) -> 0 | BA12: =+AR12+AS12+AU12+AW12+AY12+AZ12 -> 0 | BC12: 14
AD13: =+AM13+BA13 -> 30 | AE13: - Change Spool (24x) | AH13: 30 | AM13: =SUM(AF13:AL13)+AT13+AV13+AX13 -> 30 | AR13: =SUM(AN13:AQ13) -> 0 | BA13: =+AR13+AS13+AU13+AW13+AY13+AZ13 -> 0
AD14: =+AM14+BA14 -> 15 | AE14: - 14.15 lock spoll clamp eror tidak bisa open perbaikan eid. | AK14: 15 | AM14: =SUM(AF14:AL14)+AT14+AV14+AX14 -> 15 | AR14: =SUM(AN14:AQ14) -> 0 | BA14: =+AR14+AS14+AU14+AW14+AY14+AZ14 -> 0
AD15: =+AM15+BA15 -> 39 | AE15: - 15.46 pm sirkulasi ke utm, mekanik ganti pipa oil secondary arm yg bocor | AJ15: 39 | AM15: =SUM(AF15:AL15)+AT15+AV15+AX15 -> 39 | AR15: =SUM(AN15:AQ15) -> 0 | BA15: =+AR15+AS15+AU15+AW15+AY15+AZ15 -> 0
A17: 45872 | B17: Facial | C17: =(M17*E17*O17*Q17)/100000000 -> 46.884096 | D17: Off White | E17: 13.5 | F17: 1 | G17: 1700 | H17: =+N17 -> 0.24022346 | I17: 0.88 | J17: =E17*G17*(1-H17)*1440/1000000*2.77 -> 69.552193 | K17: =(IF(G17<L17,L17,G17)*(1-IF(H17<N17,H17,N17))*E17*O17*Q17)/100000000 -> 55.658494 | L17: 1432 | M17: 1088 | N17: =1-(M17/L17) -> 0.24022346 | O17: =+'Trim Rwd'!H8 -> 266 | P17: =O17*(Q17-R17-S17) -> 300580 | Q17: 1200 | R17: 0 | S17: =44+26 -> 70 | T17: =E17*M17*O17*Q17/100000000 -> 46.884096 | U17: =E17*M17*O17*(Q17-R17-S17)/100000000 -> 44.14919 | V17: =E17*G17*(1-N17)*O17/100*(R17+S17)/1000000 -> 3.2467455 | W17: =+'3'!K7/1000 -> 45.867 | X17: =SUM(W17:W20)/SUM(K17:K20) -> 0.78055074 | Y17: 0 | Z17: 0 | AA17: =SUM(U17:U20)-SUM(W17:W20)-SUM(Z17:Z20)-SUM(Y17:Y20) -> 1.1553584 | AB17: =(SUM(K17:K20)-SUM(W17:W20)-SUM(Y17:Y20)-SUM(Z17:Z20)-SUM(AC17:AC20)-SUM(V17:V20))-AA17 -> -0.58890387 | AC17: =K17-T17 -> 8.7743979 | AD17: =+AM17+BA17 -> 44 | AE17: - Sheet Breaks (9x) | AF17: 44 | AM17: =SUM(AF17:AL17)+AT17+AV17+AX17 -> 44 | AR17: =SUM(AN17:AQ17) -> 0 | BA17: =+AR17+AS17+AU17+AW17+AY17+AZ17 -> 0 | BB17: 9
B18: Facial | C18: =(M18*E18*O18*Q18)/100000000 -> 9.864192 | D18: Off White | E18: 13 | F18: 1 | G18: 1700 | H18: =+N18 -> 0.24 | I18: 0.88 | J18: =E18*G18*(1-H18)*1440/1000000*2.77 -> 66.995885 | K18: =(IF(G18<L18,L18,G18)*(1-IF(H18<N18,H18,N18))*E18*O18*Q18)/100000000 -> 10.480704 | L18: 1600 | M18: 1216 | N18: =1-(M18/L18) -> 0.24 | O18: =+'Trim Rwd'!H9 -> 260 | P18: =O18*(Q18-R18-S18) -> 54600 | Q18: 240 | R18: 0 | S18: 30 | T18: =E18*M18*O18*Q18/100000000 -> 9.864192 | U18: =E18*M18*O18*(Q18-R18-S18)/100000000 -> 8.631168 | V18: =E18*G18*(1-N18)*O18/100*(R18+S18)/1000000 -> 1.310088 | W18: =+'3'!K8/1000 -> 5.758 | AC18: =K18-T18 -> 0.616512 | AD18: =+AM18+BA18 -> 26 | AE18: - Change Blade (21x) | AG18: 26 | AM18: =SUM(AF18:AL18)+AT18+AV18+AX18 -> 26 | AR18: =SUM(AN18:AQ18) -> 0 | BA18: =+AR18+AS18+AU18+AW18+AY18+AZ18 -> 0 | BC18: 21
AD19: =+AM19+BA19 -> 30 | AE19: - Change Spool (29x) | AH19: 30 | AM19: =SUM(AF19:AL19)+AT19+AV19+AX19 -> 30 | AR19: =SUM(AN19:AQ19) -> 0 | BA19: =+AR19+AS19+AU19+AW19+AY19+AZ19 -> 0
A21: 45873 | B21: Facial | C21: =(M21*E21*O21*Q21)/100000000 -> 58.955927 | D21: Off White | E21: 13 | F21: 1 | G21: 1700 | H21: =+N21 -> 0.24010217 | I21: 0.88 | J21: =E21*G21*(1-H21)*1440/1000000*2.77 -> 66.986878 | K21: =(IF(G21<L21,L21,G21)*(1-IF(H21<N21,H21,N21))*E21*O21*Q21)/100000000 -> 64.000687 | L21: 1566 | M21: 1190 | N21: =1-(M21/L21) -> 0.24010217 | O21: =+'Trim Rwd'!H11 -> 264.65169 | P21: =O21*(Q21-R21-S21) -> 349604.88 | Q21: 1440 | R21: 0 | S21: 119 | T21: =E21*M21*O21*Q21/100000000 -> 58.955927 | U21: =E21*M21*O21*(Q21-R21-S21)/100000000 -> 54.083874 | V21: =E21*G21*(1-N21)*O21/100*(R21+S21)/1000000 -> 5.2889456 | W21: =+'4'!K34/1000 -> 43.804 | X21: =SUM(W21:W24)/SUM(K21:K24) -> 0.68443016 | Y21: 0 | Z21: =+'4'!D34/1000 -> 3.8 | AA21: =SUM(U21:U24)-SUM(W21:W24)-SUM(Z21:Z24)-SUM(Y21:Y24) -> 6.4798744 | AB21: =(SUM(K21:K24)-SUM(W21:W24)-SUM(Y21:Y24)-SUM(Z21:Z24)-SUM(AC21:AC24)-SUM(V21:V24))-AA21 -> -0.41689336 | AC21: =K21-T21 -> 5.04476 | AD21: =+AM21+BA21 -> 65 | AE21: - Sheet Breaks (13x) | AF21: 65 | AM21: =SUM(AF21:AL21)+AT21+AV21+AX21 -> 65 | AR21: =SUM(AN21:AQ21) -> 0 | BA21: =+AR21+AS21+AU21+AW21+AY21+AZ21 -> 0 | BB21: 13
AC22: =K22-T22 -> 0 | AD22: =+AM22+BA22 -> 19 | AE22: - Change Blade (14x) | AG22: 19 | AM22: =SUM(AF22:AL22)+AT22+AV22+AX22 -> 19 | AR22: =SUM(AN22:AQ22) -> 0 | BA22: =+AR22+AS22+AU22+AW22+AY22+AZ22 -> 0 | BC22: 14
AD23: =+AM23+BA23 -> 35 | AE23: - Change Spool (32x) | AH23: 35 | AM23: =SUM(AF23:AL23)+AT23+AV23+AX23 -> 35 | AR23: =SUM(AN23:AQ23) -> 0 | BA23: =+AR23+AS23+AU23+AW23+AY23+AZ23 -> 0
A25: 45874 | B25: Facial | C25: =(M25*E25*O25*Q25)/100000000 -> 22.061428 | D25: Off White | E25: 13 | F25: 1 | G25: 1700 | H25: =+N25 -> 0.23984772 | I25: 0.88 | J25: =E25*G25*(1-H25)*1440/1000000*2.77 -> 67.009309 | K25: =(IF(G25<L25,L25,G25)*(1-IF(H25<N25,H25,N25))*E25*O25*Q25)/100000000 -> 23.797225 | L25: 1576 | M25: 1198 | N25: =1-(M25/L25) -> 0.23984772 | O25: =+'Trim Rwd'!H14 -> 262.325 | P25: =O25*(Q25-R25-S25) -> 139032.25 | Q25: 540 | R25: 0 | S25: 10 | T25: =E25*M25*O25*Q25/100000000 -> 22.061428 | U25: =E25*M25*O25*(Q25-R25-S25)/100000000 -> 21.652883 | V25: =E25*G25*(1-N25)*O25/100*(R25+S25)/1000000 -> 0.44068936 | W25: =+'5'!K8/1000 -> 21.836 | X25: =SUM(W25:W28)/SUM(K25:K28) -> 0.76602829 | Y25: 0 | Z25: =+'5'!D7/1000 -> 1.061 | AA25: =SUM(U25:U28)-SUM(W25:W28)-SUM(Z25:Z28)-SUM(Y25:Y28) -> 11.060017 | AB25: =(SUM(K25:K28)-SUM(W25:W28)-SUM(Y25:Y28)-SUM(Z25:Z28)-SUM(AC25:AC28)-SUM(V25:V28))-AA25 -> 0.017735849 | AC25: =K25-T25 -> 1.7357976 | AD25: =+AM25+BA25 -> 10 | AE25: - Sheet Breaks (2x) | AF25: 10 | AM25: =SUM(AF25:AL25)+AT25+AV25+AX25 -> 10 | AR25: =SUM(AN25:AQ25) -> 0 | BA25: =+AR25+AS25+AU25+AW25+AY25+AZ25 -> 0 | BB25: 2
B26: MG | C26: =(M26*E26*O26*Q26)/100000000 -> 41.984194 | D26: High White | E26: 17 | F26: 1 | G26: 1210 | H26: 0 | I26: 0.88 | J26: =E26*G26*(1-H26)*1440/1000000*2.77 -> 82.049616 | K26: =(IF(G26<L26,L26,G26)*(1-IF(H26<N26,H26,N26))*E26*O26*Q26)/100000000 -> 42.131655 | L26: 1225 | M26: =+L26-L26*0.0035 -> 1220.7125 | N26: =1-(M26/L26) -> 0.0035 | O26: =+'Trim Rwd'!H16 -> 269.3913 | P26: =O26*(Q26-R26-S26) -> 195308.7 | Q26: 751 | R26: 0 | S26: =11+15 -> 26 | T26: =E26*M26*O26*Q26/100000000 -> 41.984194 | U26: =E26*M26*O26*(Q26-R26-S26)/100000000 -> 40.53068 | V26: =E26*G26*(1-N26)*O26/100*(R26+S26)/1000000 -> 1.4357159 | W26: =+'5'!K9/1000 -> 35.047 | Z26: =+('5'!D17+'5'!D25)/1000 -> 0.476 | AC26: =K26-T26 -> 0.14746079 | AD26: =+AM26+BA26 -> 11 | AE26: - Change Blade (7x) | AG26: 11 | AM26: =SUM(AF26:AL26)+AT26+AV26+AX26 -> 11 | AR26: =SUM(AN26:AQ26) -> 0 | BA26: =+AR26+AS26+AU26+AW26+AY26+AZ26 -> 0 | BC26: 7
B27: MG | C27: =(M27*E27*O27*Q27)/100000000 -> 8.2990202 | D27: High White | E27: 16.5 | F27: 1 | G27: 1210 | H27: 0 | I27: 0.88 | J27: =E27*G27*(1-H27)*1440/1000000*2.77 -> 79.636392 | K27: =(IF(G27<L27,L27,G27)*(1-IF(H27<N27,H27,N27))*E27*O27*Q27)/100000000 -> 8.3281687 | L27: 1250 | M27: =+L27-L27*0.0035 -> 1245.625 | N27: =1-(M27/L27) -> 0.0035 | O27: =+'Trim Rwd'!H18 -> 271 | P27: =O27*(Q27-R27-S27) -> 35501 | Q27: 149 | R27: 0 | S27: 18 | T27: =E27*M27*O27*Q27/100000000 -> 8.2990202 | U27: =E27*M27*O27*(Q27-R27-S27)/100000000 -> 7.296454 | V27: =E27*G27*(1-N27)*O27/100*(R27+S27)/1000000 -> 0.97048408 | W27: =+'5'!K10/1000 -> 0 | AC27: =K27-T27 -> 0.029148591 | AD27: =+AM27+BA27 -> 18 | AE27: - Change Spool (27x) | AH27: 18 | AM27: =SUM(AF27:AL27)+AT27+AV27+AX27 -> 18 | AR27: =SUM(AN27:AQ27) -> 0 | BA27: =+AR27+AS27+AU27+AW27+AY27+AZ27 -> 0
AD28: =+AM28+BA28 -> 15 | AE28: - Change Grade | AI28: 15 | AM28: =SUM(AF28:AL28)+AT28+AV28+AX28 -> 15 | AR28: =SUM(AN28:AQ28) -> 0 | BA28: =+AR28+AS28+AU28+AW28+AY28+AZ28 -> 0
A30: 45875 | B30: MG | C30: =(M30*E30*O30*Q30)/100000000 -> 79.650485 | D30: High White | E30: 16.5 | F30: 1 | G30: 1210 | H30: 0 | I30: 0.88 | J30: =E30*G30*(1-H30)*1440/1000000*2.77 -> 79.636392 | K30: =(IF(G30<L30,L30,G30)*(1-IF(H30<N30,H30,N30))*E30*O30*Q30)/100000000 -> 79.930241 | L30: 1260 | M30: =+L30-L30*0.0035 -> 1255.59 | N30: =1-(M30/L30) -> 0.0035 | O30: =+'Trim Rwd'!H20 -> 266.98947 | P30: =O30*(Q30-R30-S30) -> 375921.18 | Q30: 1440 | R30: 0 | S30: 32 | T30: =E30*M30*O30*Q30/100000000 -> 79.650485 | U30: =E30*M30*O30*(Q30-R30-S30)/100000000 -> 77.880474 | V30: =E30*G30*(1-N30)*O30/100*(R30+S30)/1000000 -> 1.6997723 | W30: =+'6'!K34/1000 -> 73.584 | X30: =SUM(W30:W33)/SUM(K30:K33) -> 0.92060276 | Y30: 0 | Z30: =+'6'!D34/1000 -> 0.306 | AA30: =SUM(U30:U33)-SUM(W30:W33)-SUM(Z30:Z33)-SUM(Y30:Y33) -> 3.9904741 | AB30: =(SUM(K30:K33)-SUM(W30:W33)-SUM(Y30:Y33)-SUM(Z30:Z33)-SUM(AC30:AC33)-SUM(V30:V33))-AA30 -> 0.070238523 | AC30: =K30-T30 -> 0.27975584 | AD30: =+AM30+BA30 -> 0 | AE30: - Sheet Breaks (0x) | AF30: 0 | AM30: =SUM(AF30:AL30)+AT30+AV30+AX30 -> 0 | AR30: =SUM(AN30:AQ30) -> 0 | BA30: =+AR30+AS30+AU30+AW30+AY30+AZ30 -> 0 | BB30: 0
AD31: =+AM31+BA31 -> 2 | AE31: - Change Blade (1x) | AG31: 2 | AM31: =SUM(AF31:AL31)+AT31+AV31+AX31 -> 2 | AR31: =SUM(AN31:AQ31) -> 0 | BA31: =+AR31+AS31+AU31+AW31+AY31+AZ31 -> 0 | BC31: 1
AD32: =+AM32+BA32 -> 30 | AE32: - Change Spool (24x) | AH32: 30 | AM32: =SUM(AF32:AL32)+AT32+AV32+AX32 -> 30 | AR32: =SUM(AN32:AQ32) -> 0 | BA32: =+AR32+AS32+AU32+AW32+AY32+AZ32 -> 0
A34: 45876 | B34: MG | C34: =(M34*E34*O34*Q34)/100000000 -> 20.954102 | D34: High White | E34: 16.5 | F34: 1 | G34: 1210 | H34: 0 | I34: 0.88 | J34: =E34*G34*(1-H34)*1440/1000000*2.77 -> 79.636392 | K34: =(IF(G34<L34,L34,G34)*(1-IF(H34<N34,H34,N34))*E34*O34*Q34)/100000000 -> 21.027699 | L34: 1260 | M34: =+L34-L34*0.0035 -> 1255.59 | N34: =1-(M34/L34) -> 0.0035 | O34: =+'Trim Rwd'!H24 -> 266.16667 | P34: =O34*(Q34-R34-S34) -> 64412.333 | Q34: =275+105 -> 380 | R34: 105 | S34: 33 | T34: =E34*M34*O34*Q34/100000000 -> 20.954102 | U34: =E34*M34*O34*(Q34-R34-S34)/100000000 -> 13.344454 | V34: =E34*G34*(1-N34)*O34/100*(R34+S34)/1000000 -> 7.3076774 | W34: =+'7'!K10/1000 -> 31.659 | X34: =SUM(W34:W37)/SUM(K34:K37) -> 0.93472606 | Y34: 0 | Z34: =+('7'!D7+'7'!D16)/1000 -> 1.12 | AA34: =SUM(U34:U37)-SUM(W34:W37)-SUM(Z34:Z37)-SUM(Y34:Y37) -> -7.0498834 | AB34: =(SUM(K34:K37)-SUM(W34:W37)-SUM(Y34:Y37)-SUM(Z34:Z37)-SUM(AC34:AC37)-SUM(V34:V37))-AA34 -> 0.38799575 | AC34: =K34-T34 -> 0.073596947 | AD34: =+AM34+BA34 -> 20 | AE34: - Sheet Breaks (4x) | AF34: 20 | AM34: =SUM(AF34:AL34)+AT34+AV34+AX34 -> 20 | AR34: =SUM(AN34:AQ34) -> 0 | BA34: =+AR34+AS34+AU34+AW34+AY34+AZ34 -> 0 | BB34: 4
B35: MG | C35: =(M35*E35*O35*Q35)/100000000 -> 52.896438 | D35: High White | E35: 14 | F35: 1 | G35: 1270 | H35: 0 | I35: 0.88 | J35: =E35*G35*(1-H35)*1440/1000000*2.77 -> 70.920864 | K35: =(IF(G35<L35,L35,G35)*(1-IF(H35<N35,H35,N35))*E35*O35*Q35)/100000000 -> 53.094552 | L35: 1340 | M35: 1335 | N35: =1-(M35/L35) -> 0.0037313433 | O35: =+'Trim Rwd'!H26 -> 267 | P35: =O35*(Q35-R35-S35) -> 274209 | Q35: 1060 | R35: 0 | S35: 33 | T35: =E35*M35*O35*Q35/100000000 -> 52.896438 | U35: =E35*M35*O35*(Q35-R35-S35)/100000000 -> 51.249662 | V35: =E35*G35*(1-N35)*O35/100*(R35+S35)/1000000 -> 1.5607503 | W35: =+'7'!K11/1000 -> 37.625 | Z35: =+'7'!D25/1000 -> 1.24 | AC35: =K35-T35 -> 0.198114 | AD35: =+AM35+BA35 -> 6 | AE35: - Change Blade (2x) | AG35: 6 | AM35: =SUM(AF35:AL35)+AT35+AV35+AX35 -> 6 | AR35: =SUM(AN35:AQ35) -> 0 | BA35: =+AR35+AS35+AU35+AW35+AY35+AZ35 -> 0 | BC35: 2
AD36: =+AM36+BA36 -> 30 | AE36: - Change Spool (23x) | AH36: 30 | AM36: =SUM(AF36:AL36)+AT36+AV36+AX36 -> 30 | AR36: =SUM(AN36:AQ36) -> 0 | BA36: =+AR36+AS36+AU36+AW36+AY36+AZ36 -> 0
AD37: =+AM37+BA37 -> 10 | AE37: - Change Grade | AI37: 10 | AM37: =SUM(AF37:AL37)+AT37+AV37+AX37 -> 10 | AR37: =SUM(AN37:AQ37) -> 0 | BA37: =+AR37+AS37+AU37+AW37+AY37+AZ37 -> 0
AD38: =+AM38+BA38 -> 105 | AE38: - 08.45 PM trip semua sistem DCS OFF, info Eid CPU di PLC Error | AM38: =SUM(AF38:AL38)+AT38+AV38+AX38 -> 0 | AP38: 105 | AR38: =SUM(AN38:AQ38) -> 105 | BA38: =+AR38+AS38+AU38+AW38+AY38+AZ38 -> 105
A40: 45846 | B40: MG | C40: =(M40*E40*O40*Q40)/100000000 -> 71.859312 | D40: High White | E40: 14 | F40: 1 | G40: 1270 | H40: 0 | I40: 0.88 | J40: =E40*G40*(1-H40)*1440/1000000*2.77 -> 70.920864 | K40: =(IF(G40<L40,L40,G40)*(1-IF(H40<N40,H40,N40))*E40*O40*Q40)/100000000 -> 72.128448 | L40: 1340 | M40: 1335 | N40: =1-(M40/L40) -> 0.0037313433 | O40: =+'Trim Rwd'!H28 -> 267 | P40: =O40*(Q40-R40-S40) -> 371397 | Q40: 1440 | R40: 0 | S40: 49 | T40: =E40*M40*O40*Q40/100000000 -> 71.859312 | U40: =E40*M40*O40*(Q40-R40-S40)/100000000 -> 69.414099 | V40: =E40*G40*(1-N40)*O40/100*(R40+S40)/1000000 -> 2.3174777 | W40: =+'8'!K11/1000 -> 70.066 | X40: =SUM(W40:W43)/SUM(K40:K43) -> 0.9714059 | Y40: 0 | Z40: =+'8'!D7/1000 -> 1.07 | AA40: =SUM(U40:U43)-SUM(W40:W43)-SUM(Z40:Z43)-SUM(Y40:Y43) -> -1.7219007 | AB40: =(SUM(K40:K43)-SUM(W40:W43)-SUM(Y40:Y43)-SUM(Z40:Z43)-SUM(AC40:AC43)-SUM(V40:V43))-AA40 -> 0.12773499 | AC40: =K40-T40 -> 0.269136 | AD40: =+AM40+BA40 -> 14 | AE40: - Sheet Breaks (7x) | AF40: 14 | AM40: =SUM(AF40:AL40)+AT40+AV40+AX40 -> 14 | AR40: =SUM(AN40:AQ40) -> 0 | BA40: =+AR40+AS40+AU40+AW40+AY40+AZ40 -> 0 | BB40: 0
AD41: =+AM41+BA41 -> 0 | AE41: - Change Blade (0x) | AG41: 0 | AM41: =SUM(AF41:AL41)+AT41+AV41+AX41 -> 0 | AR41: =SUM(AN41:AQ41) -> 0 | BA41: =+AR41+AS41+AU41+AW41+AY41+AZ41 -> 0 | BC41: 1
AD42: =+AM42+BA42 -> 35 | AE42: - Change Spool (22x) | AH42: 35 | AM42: =SUM(AF42:AL42)+AT42+AV42+AX42 -> 35 | AR42: =SUM(AN42:AQ42) -> 0 | BA42: =+AR42+AS42+AU42+AW42+AY42+AZ42 -> 0
A44: 45878 | B44: MG | C44: =(M44*E44*O44*Q44)/100000000 -> 40.567252 | D44: High White | E44: 14 | F44: 1 | G44: 1270 | H44: 0 | I44: 0.88 | J44: =E44*G44*(1-H44)*1440/1000000*2.77 -> 70.920864 | K44: =(IF(G44<L44,L44,G44)*(1-IF(H44<N44,H44,N44))*E44*O44*Q44)/100000000 -> 40.709736 | L44: 1340 | M44: 1335.31 | N44: =1-(M44/L44) -> 0.0035 | O44: =+'Trim Rwd'!H30 -> 267.90476 | P44: =O44*(Q44-R44-S44) -> 204679.24 | Q44: 810 | R44: 0 | S44: 46 | T44: =E44*M44*O44*Q44/100000000 -> 40.567252 | U44: =E44*M44*O44*(Q44-R44-S44)/100000000 -> 38.263433 | V44: =E44*G44*(1-N44)*O44/100*(R44+S44)/1000000 -> 2.1834705 | W44: =+'9'!K11/1000 -> 52.664 | X44: =SUM(W44:W47)/SUM(K44:K47) -> 0.98913092 | Y44: 0 | Z44: =+('9'!D7+'9'!D16)/1000 -> 0.762 | AA44: =SUM(U44:U47)-SUM(W44:W47)-SUM(Z44:Z47)-SUM(Y44:Y47) -> -4.1498641 | AB44: =(SUM(K44:K47)-SUM(W44:W47)-SUM(Y44:Y47)-SUM(Z44:Z47)-SUM(AC44:AC47)-SUM(V44:V47))-AA44 -> 0.28084118 | AC44: =K44-T44 -> 0.14248408 | AD44: =+AM44+BA44 -> 0 | AE44: - Sheet Breaks (0x) | AF44: 0 | AM44: =SUM(AF44:AL44)+AT44+AV44+AX44 -> 0 | AR44: =SUM(AN44:AQ44) -> 0 | BA44: =+AR44+AS44+AU44+AW44+AY44+AZ44 -> 0 | BB44: 0
B45: MG | C45: =(M45*E45*O45*Q45)/100000000 -> 34.408188 | D45: High White | E45: 17 | F45: 1 | G45: 1210 | H45: 0 | I45: 0.88 | J45: =E45*G45*(1-H45)*1440/1000000*2.77 -> 82.049616 | K45: =(IF(G45<L45,L45,G45)*(1-IF(H45<N45,H45,N45))*E45*O45*Q45)/100000000 -> 34.52904 | L45: 1240 | M45: 1235.66 | N45: =1-(M45/L45) -> 0.0035 | O45: =+'Trim Rwd'!H32 -> 260 | P45: =O45*(Q45-R45-S45) -> 156000 | Q45: 630 | R45: 0 | S45: 30 | T45: =E45*M45*O45*Q45/100000000 -> 34.408188 | U45: =E45*M45*O45*(Q45-R45-S45)/100000000 -> 32.769703 | V45: =E45*G45*(1-N45)*O45/100*(R45+S45)/1000000 -> 1.5988444 | W45: =+'9'!K12/1000 -> 21.757 | AD45: =+AM45+BA45 -> 2 | AE45: - Change Blade (2x) | AG45: 2 | AM45: =SUM(AF45:AL45)+AT45+AV45+AX45 -> 2 | AR45: =SUM(AN45:AQ45) -> 0 | BA45: =+AR45+AS45+AU45+AW45+AY45+AZ45 -> 0 | BC45: 1
AD46: =+AM46+BA46 -> 22 | AE46: - Change Spool (22x) | AH46: 22 | AM46: =SUM(AF46:AL46)+AT46+AV46+AX46 -> 22 | AR46: =SUM(AN46:AQ46) -> 0 | BA46: =+AR46+AS46+AU46+AW46+AY46+AZ46 -> 0
AD47: =+AM47+BA47 -> 52 | AE47: - Change Spool manual pakai crane | AK47: 52 | AM47: =SUM(AF47:AL47)+AT47+AV47+AX47 -> 52 | AR47: =SUM(AN47:AQ47) -> 0 | BA47: =+AR47+AS47+AU47+AW47+AY47+AZ47 -> 0
A49: 45879 | B49: MG | C49: =(M49*E49*O49*Q49)/100000000 -> 79.915792 | D49: High White | E49: 17 | F49: 1 | G49: 1210 | H49: 0 | I49: 0.88 | J49: =E49*G49*(1-H49)*1440/1000000*2.77 -> 82.049616 | K49: =(IF(G49<L49,L49,G49)*(1-IF(H49<N49,H49,N49))*E49*O49*Q49)/100000000 -> 80.19648 | L49: 1260 | M49: 1255.59 | N49: =1-(M49/L49) -> 0.0035 | O49: =+'Trim Rwd'!H34 -> 260 | P49: =O49*(Q49-R49-S49) -> 358280 | Q49: 1440 | R49: 0 | S49: 62 | T49: =E49*M49*O49*Q49/100000000 -> 79.915792 | U49: =E49*M49*O49*(Q49-R49-S49)/100000000 -> 76.474973 | V49: =E49*G49*(1-N49)*O49/100*(R49+S49)/1000000 -> 3.3042784 | W49: =+'10'!K12/1000 -> 81.749 | X49: =SUM(W49:W52)/SUM(K49:K52) -> 1.019359 | Y49: 0 | Z49: =+'10'!D34/1000 -> 0.867 | AA49: =SUM(U49:U52)-SUM(W49:W52)-SUM(Z49:Z52)-SUM(Y49:Y52) -> -6.1410265 | AB49: =(SUM(K49:K52)-SUM(W49:W52)-SUM(Y49:Y52)-SUM(Z49:Z52)-SUM(AC49:AC52)-SUM(V49:V52))-AA49 -> 0.13654043 | AC49: =K49-T49 -> 0.28068768 | AD49: =+AM49+BA49 -> 18 | AE49: - Sheet Breaks (6x) | AF49: 18 | AM49: =SUM(AF49:AL49)+AT49+AV49+AX49 -> 18 | AR49: =SUM(AN49:AQ49) -> 0 | BA49: =+AR49+AS49+AU49+AW49+AY49+AZ49 -> 0 | BB49: 0
AD50: =+AM50+BA50 -> 0 | AE50: - Change Blade (0x) | AG50: 0 | AM50: =SUM(AF50:AL50)+AT50+AV50+AX50 -> 0 | AR50: =SUM(AN50:AQ50) -> 0 | BA50: =+AR50+AS50+AU50+AW50+AY50+AZ50 -> 0 | BC50: 1
AD51: =+AM51+BA51 -> 26 | AE51: - Change Spool (25x) | AH51: 26 | AM51: =SUM(AF51:AL51)+AT51+AV51+AX51 -> 26 | AR51: =SUM(AN51:AQ51) -> 0 | BA51: =+AR51+AS51+AU51+AW51+AY51+AZ51 -> 0
AD52: =+AM52+BA52 -> 18 | AE52: - Change Spool manual pakai crane | AK52: 18 | AM52: =SUM(AF52:AL52)+AT52+AV52+AX52 -> 18 | AR52: =SUM(AN52:AQ52) -> 0 | BA52: =+AR52+AS52+AU52+AW52+AY52+AZ52 -> 0
A54: 45880 | B54: MG | C54: =(M54*E54*O54*Q54)/100000000 -> 15.613134 | D54: High White/Off White | E54: 17 | F54: 1 | G54: 1210 | H54: 0 | I54: 0.88 | J54: =E54*G54*(1-H54)*1440/1000000*2.77 -> 82.049616 | K54: =(IF(G54<L54,L54,G54)*(1-IF(H54<N54,H54,N54))*E54*O54*Q54)/100000000 -> 15.667972 | L54: 1260 | M54: 1255.59 | N54: =1-(M54/L54) -> 0.0035 | O54: =+'Trim Rwd'!H36 -> 260.30769 | P54: =O54*(Q54-R54-S54) -> 69502.154 | Q54: 281 | R54: 0 | S54: 14 | T54: =E54*M54*O54*Q54/100000000 -> 15.613134 | U54: =E54*M54*O54*(Q54-R54-S54)/100000000 -> 14.835256 | V54: =E54*G54*(1-N54)*O54/100*(R54+S54)/1000000 -> 0.74701037 | W54: =+('11'!K12+'11'!K9)/1000 -> 12.068 | X54: =SUM(W54:W57)/SUM(K54:K57) -> 0.72974618 | Y54: 0 | Z54: 0 | AA54: =SUM(U54:U57)-SUM(W54:W57)-SUM(Z54:Z57)-SUM(Y54:Y57) -> 14.589288 | AB54: =(SUM(K54:K57)-SUM(W54:W57)-SUM(Y54:Y57)-SUM(Z54:Z57)-SUM(AC54:AC57)-SUM(V54:V57))-AA54 -> 0.16333642 | AC54: =K54-T54 -> 0.054837902 | AD54: =+AM54+BA54 -> 14 | AE54: - Sheet Breaks (3x) | AF54: 14 | AM54: =SUM(AF54:AL54)+AT54+AV54+AX54 -> 14 | AR54: =SUM(AN54:AQ54) -> 0 | BA54: =+AR54+AS54+AU54+AW54+AY54+AZ54 -> 0 | BB54: 3
B55: MG | C55: =(M55*E55*O55*Q55)/100000000 -> 40.781181 | D55: Off White | E55: 21 | F55: 1 | G55: 990 | H55: 0 | I55: 0.88 | J55: =E55*G55*(1-H55)*1440/1000000*2.77 -> 82.927152 | K55: =(IF(G55<L55,L55,G55)*(1-IF(H55<N55,H55,N55))*E55*O55*Q55)/100000000 -> 40.924416 | L55: 1060 | M55: 1056.29 | N55: =1-(M55/L55) -> 0.0035 | O55: =+'Trim Rwd'!H38 -> 270.7619 | P55: =O55*(Q55-R55-S55) -> 176536.76 | Q55: 679 | R55: 0 | S55: 27 | T55: =E55*M55*O55*Q55/100000000 -> 40.781181 | U55: =E55*M55*O55*(Q55-R55-S55)/100000000 -> 39.159543 | V55: =E55*G55*(1-N55)*O55/100*(R55+S55)/1000000 -> 1.5145483 | W55: =+'11'!K13/1000 -> 25.294 | Z55: =+'11'!D16/1000 -> 4.09 | AC55: =K55-T55 -> 0.14323546 | AD55: =+AM55+BA55 -> 0 | AE55: - Change Blade (0x) | AG55: 0 | AM55: =SUM(AF55:AL55)+AT55+AV55+AX55 -> 0 | AR55: =SUM(AN55:AQ55) -> 0 | BA55: =+AR55+AS55+AU55+AW55+AY55+AZ55 -> 0 | BC55: 0
B56: MG | C56: =(M56*E56*O56*Q56)/100000000 -> 26.928405 | D56: Off White | E56: 16.5 | F56: 1 | G56: 1230 | H56: 0 | I56: 0.88 | J56: =E56*G56*(1-H56)*1440/1000000*2.77 -> 80.952696 | K56: =(IF(G56<L56,L56,G56)*(1-IF(H56<N56,H56,N56))*E56*O56*Q56)/100000000 -> 27.022985 | L56: 1260 | M56: 1255.59 | N56: =1-(M56/L56) -> 0.0035 | O56: =+'Trim Rwd'!H40 -> 270.7931 | P56: =O56*(Q56-R56-S56) -> 124835.62 | Q56: 480 | R56: 0 | S56: =5+14 -> 19 | T56: =E56*M56*O56*Q56/100000000 -> 26.928405 | U56: =E56*M56*O56*(Q56-R56-S56)/100000000 -> 25.862489 | V56: =E56*G56*(1-N56)*O56/100*(R56+S56)/1000000 -> 1.0405371 | W56: =+'11'!K10/1000 -> 23.656 | Z56: =+'11'!D25/1000 -> 0.16 | AC56: =K56-T56 -> 0.094580449 | AD56: =+AM56+BA56 -> 27 | AE56: - Change Spool (26x) | AH56: 27 | AM56: =SUM(AF56:AL56)+AT56+AV56+AX56 -> 27 | AR56: =SUM(AN56:AQ56) -> 0 | BA56: =+AR56+AS56+AU56+AW56+AY56+AZ56 -> 0
AD57: =+AM57+BA57 -> 5 | AE57: - Change Grade | AI57: 5 | AM57: =SUM(AF57:AL57)+AT57+AV57+AX57 -> 5 | AR57: =SUM(AN57:AQ57) -> 0 | BA57: =+AR57+AS57+AU57+AW57+AY57+AZ57 -> 0
AD58: =+AM58+BA58 -> 14 | AE58: - Change Spool manual pakai crane | AK58: 14 | AM58: =SUM(AF58:AL58)+AT58+AV58+AX58 -> 14 | AR58: =SUM(AN58:AQ58) -> 0 | BA58: =+AR58+AS58+AU58+AW58+AY58+AZ58 -> 0
A60: 45881 | B60: MG | C60: =(M60*E60*O60*Q60)/100000000 -> 2.3882829 | D60: Off White | E60: 16.5 | F60: 1 | G60: 1230 | H60: 0 | I60: 0.88 | J60: =E60*G60*(1-H60)*1440/1000000*2.77 -> 80.952696 | K60: =(IF(G60<L60,L60,G60)*(1-IF(H60<N60,H60,N60))*E60*O60*Q60)/100000000 -> 2.3966712 | L60: 1260 | M60: 1255.59 | N60: =1-(M60/L60) -> 0.0035 | O60: =+'Trim Rwd'!H44 -> 262 | P60: =O60*(Q60-R60-S60) -> 11528 | Q60: 44 | R60: 0 | S60: 0 | T60: =E60*M60*O60*Q60/100000000 -> 2.3882829 | U60: =E60*M60*O60*(Q60-R60-S60)/100000000 -> 2.3882829 | V60: =E60*G60*(1-N60)*O60/100*(R60+S60)/1000000 -> 0 | W60: =+'12'!K10/1000 -> 6.936 | X60: =SUM(W60:W63)/SUM(K60:K63) -> 1.0214102 | Y60: 0 | Z60: 0 | AA60: =SUM(U60:U63)-SUM(W60:W63)-SUM(Z60:Z63)-SUM(Y60:Y63) -> -5.2901842 | AB60: =(SUM(K60:K63)-SUM(W60:W63)-SUM(Y60:Y63)-SUM(Z60:Z63)-SUM(AC60:AC63)-SUM(V60:V63))-AA60 -> 0.068086704 | AC60: =K60-T60 -> 0.0083883492 | AD60: =+AM60+BA60 -> 0 | AE60: - Sheet Breaks (0x) | AF60: 0 | AM60: =SUM(AF60:AL60)+AT60+AV60+AX60 -> 0 | AR60: =SUM(AN60:AQ60) -> 0 | BA60: =+AR60+AS60+AU60+AW60+AY60+AZ60 -> 0 | BB60: 0
B61: MG | C61: =(M61*E61*O61*Q61)/100000000 -> 3.9913072 | D61: High White/Off White | E61: 17 | F61: 1 | G61: 1210 | H61: 0 | I61: 0.88 | J61: =E61*G61*(1-H61)*1440/1000000*2.77 -> 82.049616 | K61: =(IF(G61<L61,L61,G61)*(1-IF(H61<N61,H61,N61))*E61*O61*Q61)/100000000 -> 4.0053258 | L61: 1260 | M61: 1255.59 | N61: =1-(M61/L61) -> 0.0035 | O61: =+'Trim Rwd'!H43 -> 271 | P61: =O61*(Q61-R61-S61) -> 18699 | Q61: 69 | R61: 0 | S61: 0 | T61: =E61*M61*O61*Q61/100000000 -> 3.9913072 | U61: =E61*M61*O61*(Q61-R61-S61)/100000000 -> 3.9913072 | V61: =E61*G61*(1-N61)*O61/100*(R61+S61)/1000000 -> 0 | W61: =+'12'!K12/1000 -> 5.786 | Z61: 0 | AC61: =K61-T61 -> 0.01401864 | AD61: =+AM61+BA61 -> 0 | AE61: - Change Blade (0x) | AG61: 0 | AM61: =SUM(AF61:AL61)+AT61+AV61+AX61 -> 0 | AR61: =SUM(AN61:AQ61) -> 0 | BA61: =+AR61+AS61+AU61+AW61+AY61+AZ61 -> 0 | BC61: 0
B62: MG | C62: =(M62*E62*O62*Q62)/100000000 -> 76.223524 | D62: Off White | E62: 21 | F62: 1 | G62: 990 | H62: 0 | I62: 0.88 | J62: =E62*G62*(1-H62)*1440/1000000*2.77 -> 82.927152 | K62: =(IF(G62<L62,L62,G62)*(1-IF(H62<N62,H62,N62))*E62*O62*Q62)/100000000 -> 76.491243 | L62: 1022.7656 | M62: 1019.186 | N62: =1-(M62/L62) -> 0.0035 | O62: =+'Trim Rwd'!H45 -> 268.37705 | P62: =O62*(Q62-R62-S62) -> 346206.39 | Q62: 1327 | R62: 0 | S62: 37 | T62: =E62*M62*O62*Q62/100000000 -> 76.223524 | U62: =E62*M62*O62*(Q62-R62-S62)/100000000 -> 74.098226 | V62: =E62*G62*(1-N62)*O62/100*(R62+S62)/1000000 -> 2.0572112 | W62: =+'12'!K13/1000 -> 71.946 | Z62: =+'12'!D9/1000 -> 1.1 | AC62: =K62-T62 -> 0.26771935 | AD62: =+AM62+BA62 -> 12 | AE62: - Change Spool (24x) | AH62: 12 | AM62: =SUM(AF62:AL62)+AT62+AV62+AX62 -> 12 | AR62: =SUM(AN62:AQ62) -> 0 | BA62: =+AR62+AS62+AU62+AW62+AY62+AZ62 -> 0
AD63: =+AM63+BA63 -> 10 | AE63: - Change Grade | AI63: 10 | AM63: =SUM(AF63:AL63)+AT63+AV63+AX63 -> 10 | AR63: =SUM(AN63:AQ63) -> 0 | BA63: =+AR63+AS63+AU63+AW63+AY63+AZ63 -> 0
AD64: =+AM64+BA64 -> 15 | AE64: - Change Spool manual pakai crane | AK64: 15 | AM64: =SUM(AF64:AL64)+AT64+AV64+AX64 -> 15 | AR64: =SUM(AN64:AQ64) -> 0 | BA64: =+AR64+AS64+AU64+AW64+AY64+AZ64 -> 0
A66: 45882 | B66: MG | C66: =(M66*E66*O66*Q66)/100000000 -> 14.500826 | D66: Off White | E66: 21 | F66: 1 | G66: 990 | H66: 0 | I66: 0.88 | J66: =E66*G66*(1-H66)*1440/1000000*2.77 -> 82.927152 | K66: =(IF(G66<L66,L66,G66)*(1-IF(H66<N66,H66,N66))*E66*O66*Q66)/100000000 -> 14.551757 | L66: 1010 | M66: =+L66-L66*0.0035 -> 1006.465 | N66: =1-(M66/L66) -> 0.0035 | O66: =+'Trim Rwd'!H51 -> 268 | P66: =O66*(Q66-R66-S66) -> 67268 | Q66: 256 | R66: 0 | S66: 5 | T66: =E66*M66*O66*Q66/100000000 -> 14.500826 | U66: =E66*M66*O66*(Q66-R66-S66)/100000000 -> 14.217606 | V66: =E66*G66*(1-N66)*O66/100*(R66+S66)/1000000 -> 0.27761095 | W66: =+'13'!K13/1000 -> 19.878 | X66: =SUM(W66:W69)/SUM(K66:K69) -> 0.96594056 | Y66: 0 | Z66: 0 | AA66: =SUM(U66:U69)-SUM(W66:W69)-SUM(Z66:Z69)-SUM(Y66:Y69) -> 0.71177257 | AB66: =(SUM(K66:K69)-SUM(W66:W69)-SUM(Y66:Y69)-SUM(Z66:Z69)-SUM(AC66:AC69)-SUM(V66:V69))-AA66 -> 0.012711354 | AC66: =K66-T66 -> 0.050931149 | AD66: =+AM66+BA66 -> 5 | AE66: - Sheet Breaks (1x) | AF66: 5 | AM66: =SUM(AF66:AL66)+AT66+AV66+AX66 -> 5 | AR66: =SUM(AN66:AQ66) -> 0 | BA66: =+AR66+AS66+AU66+AW66+AY66+AZ66 -> 0 | BB66: 1
B67: MG | C67: =(M67*E67*O67*Q67)/100000000 -> 14.288381 | D67: High White | E67: 22 | F67: 1 | G67: 990 | H67: 0 | I67: 0.88 | J67: =E67*G67*(1-H67)*1440/1000000*2.77 -> 86.876064 | K67: =(IF(G67<L67,L67,G67)*(1-IF(H67<N67,H67,N67))*E67*O67*Q67)/100000000 -> 14.338566 | L67: 1010 | M67: =+L67-L67*0.0035 -> 1006.465 | N67: =1-(M67/L67) -> 0.0035 | O67: =+'Trim Rwd'!H52 -> 270 | P67: =O67*(Q67-R67-S67) -> 62910 | Q67: 239 | R67: 0 | S67: 6 | T67: =E67*M67*O67*Q67/100000000 -> 14.288381 | U67: =E67*M67*O67*(Q67-R67-S67)/100000000 -> 13.929677 | V67: =E67*G67*(1-N67)*O67/100*(R67+S67)/1000000 -> 0.35160107 | W67: =+'13'!K14/1000 -> 13.084 | Z67: 0 | AC67: =K67-T67 -> 0.050184981 | AD67: =+AM67+BA67 -> 2 | AE67: - Change Blade (2x) | AG67: 2 | AM67: =SUM(AF67:AL67)+AT67+AV67+AX67 -> 2 | AR67: =SUM(AN67:AQ67) -> 0 | BA67: =+AR67+AS67+AU67+AW67+AY67+AZ67 -> 0 | BC67: 2
B68: MG | C68: =(M68*E68*O68*Q68)/100000000 -> 49.546084 | D68: High White | E68: 16 | F68: 1 | G68: 1260 | H68: 0 | I68: 0.88 | J68: =E68*G68*(1-H68)*1440/1000000*2.77 -> 80.414208 | K68: =(IF(G68<L68,L68,G68)*(1-IF(H68<N68,H68,N68))*E68*O68*Q68)/100000000 -> 49.720104 | L68: 1260 | M68: =+L68-L68*0.0035 -> 1255.59 | N68: =1-(M68/L68) -> 0.0035 | O68: =+'Trim Rwd'!H53 -> 260.98148 | P68: =O68*(Q68-R68-S68) -> 241407.87 | Q68: 945 | R68: 0 | S68: 20 | T68: =E68*M68*O68*Q68/100000000 -> 49.546084 | U68: =E68*M68*O68*(Q68-R68-S68)/100000000 -> 48.497489 | V68: =E68*G68*(1-N68)*O68/100*(R68+S68)/1000000 -> 1.0485944 | W68: =+'13'!K15/1000 -> 42.971 | Z68: 0 | AC68: =K68-T68 -> 0.17402036 | AD68: =+AM68+BA68 -> 19 | AE68: - Change Spool (26x) | AH68: 19 | AM68: =SUM(AF68:AL68)+AT68+AV68+AX68 -> 19 | AR68: =SUM(AN68:AQ68) -> 0 | BA68: =+AR68+AS68+AU68+AW68+AY68+AZ68 -> 0
AD69: =+AM69+BA69 -> 5 | AE69: - Change Grade | AI69: 5 | AM69: =SUM(AF69:AL69)+AT69+AV69+AX69 -> 5 | AR69: =SUM(AN69:AQ69) -> 0 | BA69: =+AR69+AS69+AU69+AW69+AY69+AZ69 -> 0
A71: 45883 | B71: MG | C71: =(M71*E71*O71*Q71)/100000000 -> 25.16805 | D71: High White | E71: 16 | F71: 1 | G71: 1260 | H71: 0 | I71: 0.88 | J71: =E71*G71*(1-H71)*1440/1000000*2.77 -> 80.414208 | K71: =(IF(G71<L71,L71,G71)*(1-IF(H71<N71,H71,N71))*E71*O71*Q71)/100000000 -> 25.256448 | L71: 1260 | M71: =+L71-L71*0.0035 -> 1255.59 | N71: =1-(M71/L71) -> 0.0035 | O71: =+'Trim Rwd'!H56 -> 261 | P71: =O71*(Q71-R71-S71) -> 124758 | Q71: 480 | R71: 0 | S71: 2 | T71: =E71*M71*O71*Q71/100000000 -> 25.16805 | U71: =E71*M71*O71*(Q71-R71-S71)/100000000 -> 25.063184 | V71: =E71*G71*(1-N71)*O71/100*(R71+S71)/1000000 -> 0.10486688 | W71: =+'14'!K15/1000 -> 43.249 | X71: =SUM(W71:W74)/SUM(K71:K74) -> 1.0379524 | Y71: 0 | Z71: 0 | AA71: =SUM(U71:U74)-SUM(W71:W74)-SUM(Z71:Z74)-SUM(Y71:Y74) -> -3.6745764 | AB71: =(SUM(K71:K74)-SUM(W71:W74)-SUM(Y71:Y74)-SUM(Z71:Z74)-SUM(AC71:AC74)-SUM(V71:V74))-AA71 -> 0 | AC71: =K71-T71 -> 0.088397568 | AD71: =+AM71+BA71 -> 0 | AE71: - Sheet Breaks (0x) | AF71: 0 | AM71: =SUM(AF71:AL71)+AT71+AV71+AX71 -> 0 | AR71: =SUM(AN71:AQ71) -> 0 | BA71: =+AR71+AS71+AU71+AW71+AY71+AZ71 -> 0 | BB71: 0
B72: MG | C72: =(M72*E72*O72*Q72)/100000000 -> 53.897959 | D72: High White | E72: 16.5 | F72: 1 | G72: 1260 | H72: 0 | I72: 0.88 | J72: =E72*G72*(1-H72)*1440/1000000*2.77 -> 82.927152 | K72: =(IF(G72<L72,L72,G72)*(1-IF(H72<N72,H72,N72))*E72*O72*Q72)/100000000 -> 54.087264 | L72: 1260 | M72: =+L72-L72*0.0035 -> 1255.59 | N72: =1-(M72/L72) -> 0.0035 | O72: =+'Trim Rwd'!H57 -> 271 | P72: =O72*(Q72-R72-S72) -> 258805 | Q72: 960 | R72: 0 | S72: 5 | T72: =E72*M72*O72*Q72/100000000 -> 53.897959 | U72: =E72*M72*O72*(Q72-R72-S72)/100000000 -> 53.61724 | V72: =E72*G72*(1-N72)*O72/100*(R72+S72)/1000000 -> 0.28071853 | W72: =+'14'!K10/1000 -> 39.106 | Z72: 0 | AC72: =K72-T72 -> 0.18930542 | AD72: =+AM72+BA72 -> 2 | AE72: - Change Blade (2x) | AG72: 2 | AM72: =SUM(AF72:AL72)+AT72+AV72+AX72 -> 2 | AR72: =SUM(AN72:AQ72) -> 0 | BA72: =+AR72+AS72+AU72+AW72+AY72+AZ72 -> 0 | BC72: 2
AD73: =+AM73+BA73 -> 5 | AE73: - Change Spool (24x) | AH73: 5 | AM73: =SUM(AF73:AL73)+AT73+AV73+AX73 -> 5 | AR73: =SUM(AN73:AQ73) -> 0 | BA73: =+AR73+AS73+AU73+AW73+AY73+AZ73 -> 0
A75: 45884 | B75: MG | C75: =(M75*E75*O75*Q75)/100000000 -> 46.543133 | D75: High White | E75: 16.5 | F75: 1 | G75: 1260 | H75: 0 | I75: 0.88 | J75: =E75*G75*(1-H75)*1440/1000000*2.77 -> 82.927152 | K75: =(IF(G75<L75,L75,G75)*(1-IF(H75<N75,H75,N75))*E75*O75*Q75)/100000000 -> 46.706606 | L75: 1260 | M75: =+L75-L75*0.0035 -> 1255.59 | N75: =1-(M75/L75) -> 0.0035 | O75: =+'Trim Rwd'!H59 -> 271 | P75: =O75*(Q75-R75-S75) -> 220594 | Q75: 829 | R75: 0 | S75: 15 | T75: =E75*M75*O75*Q75/100000000 -> 46.543133 | U75: =E75*M75*O75*(Q75-R75-S75)/100000000 -> 45.700977 | V75: =E75*G75*(1-N75)*O75/100*(R75+S75)/1000000 -> 0.8421556 | W75: =+'15'!K10/1000 -> 51.322 | X75: =SUM(W75:W78)/SUM(K75:K78) -> 0.96966855 | Y75: 0 | Z75: =+('15'!D7+'15'!D16)/1000 -> 0.393 | AA75: =SUM(U75:U78)-SUM(W75:W78)-SUM(Z75:Z78)-SUM(Y75:Y78) -> 0.44980312 | AB75: =(SUM(K75:K78)-SUM(W75:W78)-SUM(Y75:Y78)-SUM(Z75:Z78)-SUM(AC75:AC78)-SUM(V75:V78))-AA75 -> 5.7731597e-15 | AC75: =K75-T75 -> 0.16347312 | AD75: =+AM75+BA75 -> 0 | AE75: - Sheet Breaks (0x) | AF75: 0 | AM75: =SUM(AF75:AL75)+AT75+AV75+AX75 -> 0 | AR75: =SUM(AN75:AQ75) -> 0 | BA75: =+AR75+AS75+AU75+AW75+AY75+AZ75 -> 0 | BB75: 0
B76: MG | C76: =(M76*E76*O76*Q76)/100000000 -> 33.387042 | D76: High White | E76: 16 | F76: 1 | G76: 1260 | H76: 0 | I76: 0.88 | J76: =E76*G76*(1-H76)*1440/1000000*2.77 -> 80.414208 | K76: =(IF(G76<L76,L76,G76)*(1-IF(H76<N76,H76,N76))*E76*O76*Q76)/100000000 -> 33.504307 | L76: 1260 | M76: =+L76-L76*0.0035 -> 1255.59 | N76: =1-(M76/L76) -> 0.0035 | O76: =+'Trim Rwd'!H60 -> 272 | P76: =O76*(Q76-R76-S76) -> 164832 | Q76: 611 | R76: 0 | S76: 5 | T76: =E76*M76*O76*Q76/100000000 -> 33.387042 | U76: =E76*M76*O76*(Q76-R76-S76)/100000000 -> 33.113826 | V76: =E76*G76*(1-N76)*O76/100*(R76+S76)/1000000 -> 0.27321638 | W76: =+'15'!K15/1000 -> 26.456 | Z76: =+'15'!D25/1000 -> 0.194 | AC76: =K76-T76 -> 0.11726508 | AD76: =+AM76+BA76 -> 0 | AE76: - Change Blade (0x) | AG76: 0 | AM76: =SUM(AF76:AL76)+AT76+AV76+AX76 -> 0 | AR76: =SUM(AN76:AQ76) -> 0 | BA76: =+AR76+AS76+AU76+AW76+AY76+AZ76 -> 0 | BC76: 0
AD77: =+AM77+BA77 -> 15 | AE77: - Change Spool (25x) | AH77: 15 | AM77: =SUM(AF77:AL77)+AT77+AV77+AX77 -> 15 | AR77: =SUM(AN77:AQ77) -> 0 | BA77: =+AR77+AS77+AU77+AW77+AY77+AZ77 -> 0
