Workbook

Sheet eff all
A1: DATE | B1: PM 11 | L1: PM 12 | Z1: PM 14 | AN1: PM 15 | BF1: PM 16 | BT1: PM 17
B2: Eff Avaliable | D2: Eff Running | F2: PHP (ton) | H2: STEAM/Ton FG | J2: ELECTRIC/ton FG | L2: Eff Avaliable | N2: Eff Running | P2: PHP (ton) | R2: STEAM/ton FG | T2: STEAM DIP/ton FG | V2: ELECTRIC/ton FG | X2: ELECTRIC DIP/ton FG | Z2: Eff Avaliable | AB2: Eff Running | AD2: PHP (ton) | AF2: GAS /ton FG | AH2: STEAM /ton FG | AJ2: ELECTRIC /ton FG | AL2: Electric WPL /ton FG | AN2: Eff Avaliable | AP2: Eff Running | AR2: PHP (ton) | AT2: GAS /ton FG | AV2: STEAM /ton FG | AX2: STEAM DIP /ton FG | AZ2: ELECTRIC /ton FG | BB2: ELECTRIC DIP /ton FG | BD2: Electric WPL /ton FG | BF2: Eff Avaliable | BH2: Eff Running | BJ2: PHP (ton) | BL2: STEAM /ton FG | BN2: STEAM DIP/ton FG | BP2: ELECTRIC /ton FG | BR2: ELECTRIC DIP/ton FG | BT2: Eff Avaliable | BV2: Eff Running | BX2: PHP (ton) | BZ2: GAS /ton FG | CB2: STEAM /ton FG | CD2: STEAM DIP /ton FG | CF2: ELECTRIC /ton FG | CH2: ELECTRIC DIP /ton FG | CJ2: ELECTRIC WPL /ton FG
B3: Today | C3: Todate | D3: Today | E3: Todate | F3: Today | G3: Todate | H3: Today | I3: Todate | J3: Today | K3: Todate | L3: Today | M3: Todate | N3: Today | O3: Todate | P3: Today | Q3: Todate | R3: Today | S3: Todate | T3: Today | U3: Todate | V3: Today | W3: Todate | X3: Today | Y3: Todate | Z3: Today | AA3: Todate | AB3: Today | AC3: Todate | AD3: Today | AE3: Todate | AF3: Today | AG3: Todate | AH3: Today | AI3: Todate | AJ3: Today | AK3: Todate | AL3: Today | AM3: Todate | AN3: Today | AO3: Todate | AP3: Today | AQ3: Todate | AR3: Today | AS3: Todate | AT3: Today | AU3: Todate | AV3: Today | AW3: Todate | AX3: Today | AY3: Todate | AZ3: Today | BA3: Todate | BB3: Today | BC3: Todate | BD3: Today | BE3: Todate | BF3: Today | BG3: Todate | BH3: Today | BI3: Todate | BJ3: Today | BK3: Todate | BL3: Today | BM3: Todate | BN3: Today | BO3: Todate | BP3: Today | BQ3: Todate | BR3: Today | BS3: Todate | BT3: Today | BU3: Todate | BV3: Today | BW3: Todate | BX3: Today | BY3: Todate | BZ3: Today | CA3: Todate | CB3: Today | CC3: Todate | CD3: Today | CE3: Todate | CF3: Today | CG3: Todate | CH3: Today | CI3: Todate | CJ3: Today | CK3: Todate
A4: =+Report1!A9 -> 45962 | B4: =+Report1!J9 -> 1.0026126 | C4: =+Report1!K9 -> 1.0026126 | D4: =+Report1!AJ9 -> 1.0026126 | E4: =+Report1!AK9 -> 1.0026126 | F4: =+Report1!R9 -> 59.673 | G4: =+Report1!S9 -> 59.673 | H4: =+Report1!X9 -> 2.5626665 | I4: =+Report1!Y9 -> 2.5626665 | J4: =+Report1!AD9 -> 851.52917 | K4: =+Report1!AE9 -> 851.52917 | L4: =+[1]Report1!J9 -> 0.82240431 | M4: =+[1]Report1!K9 -> 0.82240431 | N4: =+[1]Report1!BJ9 -> 0.82240431 | O4: =+[1]Report1!BK9 -> 0.82240431 | P4: =+[1]Report1!R9 -> 43.186 | Q4: =+[1]Report1!S9 -> 43.186 | R4: =+[1]Report1!AL9 -> 2.951952 | S4: =+[1]Report1!AM9 -> 2.951952 | T4: =+[1]Report1!AR9 -> 0.29639235 | U4: =+[1]Report1!AS9 -> 0.29639235 | V4: =+[1]Report1!AX9 -> 738.69425 | W4: =+[1]Report1!AY9 -> 738.69425 | X4: =+[1]Report1!BD9 -> 478.95151 | Y4: =+[1]Report1!BE9 -> 478.95151 | Z4: =+[2]Report1!J9 -> 0 | AA4: =+[2]Report1!K9 -> 0 | AB4: =+[2]Report1!BC9 -> #DIV/0! | AC4: =+[2]Report1!BD9 -> #DIV/0! | AD4: =+[2]Report1!R9 -> 0 | AE4: =+[2]Report1!S9 -> 0 | AF4: =+[2]Report1!X9 -> 0 | AG4: =+[2]Report1!Y9 -> 0 | AH4: =+[2]Report1!AD9 -> 0 | AI4: =+[2]Report1!AE9 -> 0 | AJ4: =+[2]Report1!AJ9 -> 0 | AK4: =+[2]Report1!AK9 -> 0 | AN4: =+[3]Report1!J9 -> 0.72220006 | AO4: =+[3]Report1!K9 -> 0.72220006 | AP4: =+[3]Report1!BN9 -> 0.72220006 | AQ4: =+[3]Report1!BO9 -> 0.72220006 | AR4: =+[3]Report1!R9 -> 39.835 | AS4: =+[3]Report1!S9 -> 39.835 | AT4: =+[3]Report1!AF9 -> 121.34644 | AU4: =+[3]Report1!AG9 -> 121.34644 | AV4: =+[3]Report1!AL9 -> 1.5790134 | AW4: =+[3]Report1!AM9 -> 1.5790134 | AX4: =+[3]Report1!AR9 -> 0.19831806 | AY4: =+[3]Report1!AS9 -> 0.19831806 | AZ4: =+[3]Report1!AX9 -> 913.5509 | BA4: =+[3]Report1!AY9 -> 913.5509 | BB4: =+[3]Report1!BD9 -> 563.5868 | BC4: =+[3]Report1!BE9 -> 563.5868 | BD4: =+[3]Report1!BJ9 -> 7.8323083 | BE4: =+[3]Report1!BK9 -> 7.8323083 | BF4: =+[4]Report1!J9 -> 0.94810264 | BG4: =+[4]Report1!K9 -> 0.94810264 | BH4: =+[4]Report1!AN9 -> 0.94810264 | BI4: =+[4]Report1!AO9 -> 0.94810264 | BJ4: =+[4]Report1!R9 -> 51.744 | BK4: =+[4]Report1!S9 -> 51.744 | BL4: =+[4]Report1!AD9 -> 2.6611781 | BM4: =+[4]Report1!AE9 -> 2.6611781 | BN4: 0 | BO4: 0 | BP4: =+[4]Report1!AJ9 -> 964.39394 | BQ4: =+[4]Report1!AK9 -> 964.39394 | BR4: 0 | BS4: 0 | BT4: =+[5]Report1!J9 -> 0.81787214 | BU4: =+[5]Report1!K9 -> 0.81787214 | BV4: =+[5]Report1!BG9 -> 0.81787214 | BW4: =+[5]Report1!BH9 -> 0.81787214 | BX4: =+[5]Report1!R9 -> 42.733 | BY4: =+[5]Report1!S9 -> 42.733 | BZ4: =+[5]Report1!X9 -> 76.829728 | CA4: =+[5]Report1!Y9 -> 76.829728 | CB4: =+[5]Report1!AD9 -> 2.0195165 | CC4: =+[5]Report1!AE9 -> 2.0195165 | CD4: =+[5]Report1!AJ9 -> 0.17082817 | CE4: =+[5]Report1!AK9 -> 0.17082817 | CF4: =+[5]Report1!AP9 -> 545.97852 | CG4: =+[5]Report1!AQ9 -> 545.97852 | CH4: =+[5]Report1!AV9 -> 484.95355 | CI4: =+[5]Report1!AW9 -> 484.95355
A5: =1+A4 -> 45963 | B5: =+Report1!J10 -> 0.85910239 | C5: =+Report1!K10 -> 0.9235392 | D5: =+Report1!AJ10 -> 0.85910239 | E5: =+Report1!AK10 -> 0.9235392 | F5: =+Report1!R10 -> 62.746 | G5: =+Report1!S10 -> 122.419 | H5: =+Report1!X10 -> 2.524384 | I5: =+Report1!Y10 -> 2.5430448 | J5: =+Report1!AD10 -> 934.36681 | K5: =+Report1!AE10 -> 893.9877 | L5: =+[1]Report1!J10 -> 0.92430698 | M5: =+[1]Report1!K10 -> 0.87307588 | N5: =+[1]Report1!BJ10 -> 0.92430698 | O5: =+[1]Report1!BK10 -> 0.87307588 | P5: =+[1]Report1!R10 -> 48.007 | Q5: =+[1]Report1!S10 -> 91.193 | R5: =+[1]Report1!AL10 -> 2.6909617 | S5: =+[1]Report1!AM10 -> 2.8145581 | T5: =+[1]Report1!AR10 -> 0.28329202 | U5: =+[1]Report1!AS10 -> 0.2894959 | V5: =+[1]Report1!AX10 -> 909.66463 | W5: =+[1]Report1!AY10 -> 828.69869 | X5: =+[1]Report1!BD10 -> 463.43242 | Y5: =+[1]Report1!BE10 -> 470.78175 | Z5: =+[2]Report1!J10 -> 0 | AA5: =+[2]Report1!K10 -> 0 | AB5: =+[2]Report1!BC10 -> #DIV/0! | AC5: =+[2]Report1!BD10 -> #DIV/0! | AD5: =+[2]Report1!R10 -> 0 | AE5: =+[2]Report1!S10 -> 0 | AF5: =+[2]Report1!X10 -> 0 | AG5: =+[2]Report1!Y10 -> 0 | AH5: =+[2]Report1!AD10 -> 0 | AI5: =+[2]Report1!AE10 -> 0 | AJ5: =+[2]Report1!AJ10 -> 0 | AK5: =+[2]Report1!AK10 -> 0 | AN5: =+[3]Report1!J10 -> 0.89075191 | AO5: =+[3]Report1!K10 -> 0.80644943 | AP5: =+[3]Report1!BN10 -> 0.89075191 | AQ5: =+[3]Report1!BO10 -> 0.80644943 | AR5: =+[3]Report1!R10 -> 49.101 | AS5: =+[3]Report1!S10 -> 88.936 | AT5: =+[3]Report1!AF10 -> 117.27096 | AU5: =+[3]Report1!AG10 -> 119.09639 | AV5: =+[3]Report1!AL10 -> 1.3808273 | AW5: =+[3]Report1!AM10 -> 1.4695961 | AX5: =+[3]Report1!AR10 -> 0.22199141 | AY5: =+[3]Report1!AS10 -> 0.21138796 | AZ5: =+[3]Report1!AX10 -> 905.06874 | BA5: =+[3]Report1!AY10 -> 908.86795 | BB5: =+[3]Report1!BD10 -> 490.00428 | BC5: =+[3]Report1!BE10 -> 522.96235 | BD5: =+[3]Report1!BJ10 -> 4.6434899 | BE5: =+[3]Report1!BK10 -> 6.071782 | BF5: =+[4]Report1!J10 -> 1.0570738 | BG5: =+[4]Report1!K10 -> 1.0034081 | BH5: =+[4]Report1!AN10 -> 1.0570738 | BI5: =+[4]Report1!AO10 -> 1.0034081 | BJ5: =+[4]Report1!R10 -> 59.454 | BK5: =+[4]Report1!S10 -> 111.198 | BL5: =+[4]Report1!AD10 -> 2.274027 | BM5: =+[4]Report1!AE10 -> 2.4541808 | BN5: 0 | BO5: 0 | BP5: =+[4]Report1!AJ10 -> 776.3407 | BQ5: =+[4]Report1!AK10 -> 863.84791 | BR5: 0 | BS5: 0 | BT5: =+[5]Report1!J10 -> 0.49042025 | BU5: =+[5]Report1!K10 -> 0.65390364 | BV5: =+[5]Report1!BG10 -> 0.49042025 | BW5: =+[5]Report1!BH10 -> 0.65390364 | BX5: =+[5]Report1!R10 -> 25.7 | BY5: =+[5]Report1!S10 -> 68.433 | BZ5: =+[5]Report1!X10 -> 113.76959 | CA5: =+[5]Report1!Y10 -> 90.702487 | CB5: =+[5]Report1!AD10 -> 2.8754864 | CC5: =+[5]Report1!AE10 -> 2.3409758 | CD5: =+[5]Report1!AJ10 -> 0.31128405 | CE5: =+[5]Report1!AK10 -> 0.22357634 | CF5: =+[5]Report1!AP10 -> 779.36887 | CG5: =+[5]Report1!AQ10 -> 633.62822 | CH5: =+[5]Report1!AV10 -> 706.23735 | CI5: =+[5]Report1!AW10 -> 568.05664
A6: =1+A5 -> 45964 | B6: =+Report1!J11 -> 0.87121678 | C6: =+Report1!K11 -> 0.90458062 | D6: =+Report1!AJ11 -> 0.87121678 | E6: =+Report1!AK11 -> 0.90458062 | F6: =+Report1!R11 -> 65.622 | G6: =+Report1!S11 -> 188.041 | H6: =+Report1!X11 -> 2.545503 | I6: =+Report1!Y11 -> 2.5439027 | J6: =+Report1!AD11 -> 763.1142 | K6: =+Report1!AE11 -> 848.31585 | L6: =+[1]Report1!J11 -> 0.93399154 | M6: =+[1]Report1!K11 -> 0.89330664 | N6: =+[1]Report1!BJ11 -> 0.93399154 | O6: =+[1]Report1!BK11 -> 0.89330664 | P6: =+[1]Report1!R11 -> 48.51 | Q6: =+[1]Report1!S11 -> 139.703 | R6: =+[1]Report1!AL11 -> 2.828757 | S6: =+[1]Report1!AM11 -> 2.8194885 | T6: =+[1]Report1!AR11 -> 0.23088023 | U6: =+[1]Report1!AS11 -> 0.26914239 | V6: =+[1]Report1!AX11 -> 730.23748 | W6: =+[1]Report1!AY11 -> 794.50935 | X6: =+[1]Report1!BD11 -> 403.25706 | Y6: =+[1]Report1!BE11 -> 447.3347 | Z6: =+[2]Report1!J11 -> 0 | AA6: =+[2]Report1!K11 -> 0 | AB6: =+[2]Report1!BC11 -> #DIV/0! | AC6: =+[2]Report1!BD11 -> #DIV/0! | AD6: =+[2]Report1!R11 -> 0 | AE6: =+[2]Report1!S11 -> 0 | AF6: =+[2]Report1!X11 -> 0 | AG6: =+[2]Report1!Y11 -> 0 | AH6: =+[2]Report1!AD11 -> 0 | AI6: =+[2]Report1!AE11 -> 0 | AJ6: =+[2]Report1!AJ11 -> 0 | AK6: =+[2]Report1!AK11 -> 0 | AN6: =+[3]Report1!J11 -> 0.88021328 | AO6: =+[3]Report1!K11 -> 0.83089635 | AP6: =+[3]Report1!BN11 -> 0.88021328 | AQ6: =+[3]Report1!BO11 -> 0.83089635 | AR6: =+[3]Report1!R11 -> 48.119 | AS6: =+[3]Report1!S11 -> 137.055 | AT6: =+[3]Report1!AF11 -> 117.98356 | AU6: =+[3]Report1!AG11 -> 118.70568 | AV6: =+[3]Report1!AL11 -> 1.433945 | AW6: =+[3]Report1!AM11 -> 1.4570793 | AX6: =+[3]Report1!AR11 -> 0.20573994 | AY6: =+[3]Report1!AS11 -> 0.20940498 | AZ6: =+[3]Report1!AX11 -> 906.23413 | BA6: =+[3]Report1!AY11 -> 907.94323 | BB6: =+[3]Report1!BD11 -> 434.52275 | BC6: =+[3]Report1!BE11 -> 491.91186 | BD6: =+[3]Report1!BJ11 -> 6.0080218 | BE6: =+[3]Report1!BK11 -> 6.0493962 | BF6: =+[4]Report1!J11 -> 0.1459648 | BG6: =+[4]Report1!K11 -> 0.73265598 | BH6: =+[4]Report1!AN11 -> 0.1459648 | BI6: =+[4]Report1!AO11 -> 0.73265598 | BJ6: =+[4]Report1!R11 -> 7.465 | BK6: =+[4]Report1!S11 -> 118.663 | BL6: =+[4]Report1!AD11 -> 7.809779 | BM6: =+[4]Report1!AE11 -> 2.7910975 | BN6: 0 | BO6: 0 | BP6: =+[4]Report1!AJ11 -> 3508.0723 | BQ6: =+[4]Report1!AK11 -> 1030.1941 | BR6: 0 | BS6: 0 | BT6: =+[5]Report1!J11 -> 0.79433838 | BU6: =+[5]Report1!K11 -> 0.70073327 | BV6: =+[5]Report1!BG11 -> 0.79433838 | BW6: =+[5]Report1!BH11 -> 0.70073327 | BX6: =+[5]Report1!R11 -> 41.589 | BY6: =+[5]Report1!S11 -> 110.022 | BZ6: =+[5]Report1!X11 -> 82.4677 | CA6: =+[5]Report1!Y11 -> 87.589686 | CB6: =+[5]Report1!AD11 -> 2.1135396 | CC6: =+[5]Report1!AE11 -> 2.2550035 | CD6: =+[5]Report1!AJ11 -> 0.19476304 | CE6: =+[5]Report1!AK11 -> 0.21268474 | CF6: =+[5]Report1!AP11 -> 600.88196 | CG6: =+[5]Report1!AQ11 -> 621.24993 | CH6: =+[5]Report1!AV11 -> 411.33954 | CI6: =+[5]Report1!AW11 -> 508.8166
A7: =1+A6 -> 45965 | B7: =+Report1!J12 -> 0.79021127 | C7: =+Report1!K12 -> 0.87411367 | D7: =+Report1!AJ12 -> 0.79021127 | E7: =+Report1!AK12 -> 0.87411367 | F7: =+Report1!R12 -> 59.649 | G7: =+Report1!S12 -> 247.69 | H7: =+Report1!X12 -> 2.4652048 | I7: =+Report1!Y12 -> 2.5249505 | J7: =+Report1!AD12 -> 896.43984 | K7: =+Report1!AE12 -> 859.90512 | L7: =+[1]Report1!J12 -> 0.9080377 | M7: =+[1]Report1!K12 -> 0.89697926 | N7: =+[1]Report1!BJ12 -> 0.9080377 | O7: =+[1]Report1!BK12 -> 0.89697926 | P7: =+[1]Report1!R12 -> 47.162 | Q7: =+[1]Report1!S12 -> 186.865 | R7: =+[1]Report1!AL12 -> 2.9437047 | S7: =+[1]Report1!AM12 -> 2.8508388 | T7: =+[1]Report1!AR12 -> 0.32229337 | U7: =+[1]Report1!AS12 -> 0.28255693 | V7: =+[1]Report1!AX12 -> 806.59874 | W7: =+[1]Report1!AY12 -> 797.56054 | X7: =+[1]Report1!BD12 -> 507.8241 | Y7: =+[1]Report1!BE12 -> 462.60134 | Z7: =+[2]Report1!J12 -> 0 | AA7: =+[2]Report1!K12 -> 0 | AB7: =+[2]Report1!BC12 -> #DIV/0! | AC7: =+[2]Report1!BD12 -> #DIV/0! | AD7: =+[2]Report1!R12 -> 0 | AE7: =+[2]Report1!S12 -> 0 | AF7: =+[2]Report1!X12 -> 0 | AG7: =+[2]Report1!Y12 -> 0 | AH7: =+[2]Report1!AD12 -> 0 | AI7: =+[2]Report1!AE12 -> 0 | AJ7: =+[2]Report1!AJ12 -> 0 | AK7: =+[2]Report1!AK12 -> 0 | AN7: =+[3]Report1!J12 -> 0.92179422 | AO7: =+[3]Report1!K12 -> 0.85357949 | AP7: =+[3]Report1!BN12 -> 0.92179422 | AQ7: =+[3]Report1!BO12 -> 0.85357949 | AR7: =+[3]Report1!R12 -> 50.56 | AS7: =+[3]Report1!S12 -> 187.615 | AT7: =+[3]Report1!AF12 -> 114.65588 | AU7: =+[3]Report1!AG12 -> 117.61431 | AV7: =+[3]Report1!AL12 -> 1.3548259 | AW7: =+[3]Report1!AM12 -> 1.4295232 | AX7: =+[3]Report1!AR12 -> 0.21954114 | AY7: =+[3]Report1!AS12 -> 0.21213656 | AZ7: =+[3]Report1!AX12 -> 801.26068 | BA7: =+[3]Report1!AY12 -> 879.19356 | BB7: =+[3]Report1!BD12 -> 505.15823 | BC7: =+[3]Report1!BE12 -> 495.4816 | BD7: =+[3]Report1!BJ12 -> 6.3884494 | BE7: =+[3]Report1!BK12 -> 6.140767 | BF7: =+[4]Report1!J12 -> 0.84422829 | BG7: =+[4]Report1!K12 -> 0.7598969 | BH7: =+[4]Report1!AN12 -> 0.84422829 | BI7: =+[4]Report1!AO12 -> 0.7598969 | BJ7: =+[4]Report1!R12 -> 44.168 | BK7: =+[4]Report1!S12 -> 162.831 | BL7: =+[4]Report1!AD12 -> 3.1583952 | BM7: =+[4]Report1!AE12 -> 2.8907272 | BN7: 0 | BO7: 0 | BP7: =+[4]Report1!AJ12 -> 1147.9415 | BQ7: =+[4]Report1!AK12 -> 1062.1331 | BR7: 0 | BS7: 0 | BT7: =+[5]Report1!J12 -> 0.87173046 | BU7: =+[5]Report1!K12 -> 0.74349493 | BV7: =+[5]Report1!BG12 -> 0.87173046 | BW7: =+[5]Report1!BH12 -> 0.74349493 | BX7: =+[5]Report1!R12 -> 45.641 | BY7: =+[5]Report1!S12 -> 155.663 | BZ7: =+[5]Report1!X12 -> 89.305637 | CA7: =+[5]Report1!Y12 -> 88.09281 | CB7: =+[5]Report1!AD12 -> 2.2085406 | CC7: =+[5]Report1!AE12 -> 2.2413804 | CD7: =+[5]Report1!AJ12 -> 0.23005631 | CE7: =+[5]Report1!AK12 -> 0.21777815 | CF7: =+[5]Report1!AP12 -> 608.63566 | CG7: =+[5]Report1!AQ12 -> 617.55138 | CH7: =+[5]Report1!AV12 -> 537.65693 | CI7: =+[5]Report1!AW12 -> 517.2727
A8: =1+A7 -> 45966 | B8: =+Report1!J13 -> 0.90111446 | C8: =+Report1!K13 -> 0.87891146 | D8: =+Report1!AJ13 -> 0.90111446 | E8: =+Report1!AK13 -> 0.87891146 | F8: =+Report1!R13 -> 55.176 | G8: =+Report1!S13 -> 302.866 | H8: =+Report1!X13 -> 2.0944795 | I8: =+Report1!Y13 -> 2.4465275 | J8: =+Report1!AD13 -> 890.14354 | K8: =+Report1!AE13 -> 865.41395 | L8: =+[1]Report1!J13 -> 0.85890254 | M8: =+[1]Report1!K13 -> 0.8893807 | N8: =+[1]Report1!BJ13 -> 0.85890254 | O8: =+[1]Report1!BK13 -> 0.8893807 | P8: =+[1]Report1!R13 -> 44.61 | Q8: =+[1]Report1!S13 -> 231.475 | R8: =+[1]Report1!AL13 -> 3.1728312 | S8: =+[1]Report1!AM13 -> 2.9128934 | T8: =+[1]Report1!AR13 -> 0.34073078 | U8: =+[1]Report1!AS13 -> 0.29376823 | V8: =+[1]Report1!AX13 -> 835.6095 | W8: =+[1]Report1!AY13 -> 804.89336 | X8: =+[1]Report1!BD13 -> 519.99552 | Y8: =+[1]Report1!BE13 -> 473.66238 | Z8: =+[2]Report1!J13 -> 0 | AA8: =+[2]Report1!K13 -> 0 | AB8: =+[2]Report1!BC13 -> #DIV/0! | AC8: =+[2]Report1!BD13 -> #DIV/0! | AD8: =+[2]Report1!R13 -> 0 | AE8: =+[2]Report1!S13 -> 0 | AF8: =+[2]Report1!X13 -> 0 | AG8: =+[2]Report1!Y13 -> 0 | AH8: =+[2]Report1!AD13 -> 0 | AI8: =+[2]Report1!AE13 -> 0 | AJ8: =+[2]Report1!AJ13 -> 0 | AK8: =+[2]Report1!AK13 -> 0 | AN8: =+[3]Report1!J13 -> 0.54867609 | AO8: =+[3]Report1!K13 -> 0.79449769 | AP8: =+[3]Report1!BN13 -> 0.54867609 | AQ8: =+[3]Report1!BO13 -> 0.79449769 | AR8: =+[3]Report1!R13 -> 28.985 | AS8: =+[3]Report1!S13 -> 216.6 | AT8: =+[3]Report1!AF13 -> 113.30277 | AU8: =+[3]Report1!AG13 -> 117.03735 | AV8: =+[3]Report1!AL13 -> 1.5732275 | AW8: =+[3]Report1!AM13 -> 1.4487535 | AX8: =+[3]Report1!AR13 -> 0.20700362 | AY8: =+[3]Report1!AS13 -> 0.21144968 | AZ8: =+[3]Report1!AX13 -> 792.9812 | BA8: =+[3]Report1!AY13 -> 867.65679 | BB8: =+[3]Report1!BD13 -> 479.6984 | BC8: =+[3]Report1!BE13 -> 493.36952 | BD8: =+[3]Report1!BJ13 -> 7.4383302 | BE8: =+[3]Report1!BK13 -> 6.3144044 | BF8: =+[4]Report1!J13 -> 0.90952181 | BG8: =+[4]Report1!K13 -> 0.78934378 | BH8: =+[4]Report1!AN13 -> 0.90952181 | BI8: =+[4]Report1!AO13 -> 0.78934378 | BJ8: =+[4]Report1!R13 -> 47.754 | BK8: =+[4]Report1!S13 -> 210.585 | BL8: =+[4]Report1!AD13 -> 2.8186121 | BM8: =+[4]Report1!AE13 -> 2.8743738 | BN8: 0 | BO8: 0 | BP8: =+[4]Report1!AJ13 -> 1014.7364 | BQ8: =+[4]Report1!AK13 -> 1051.385 | BR8: 0 | BS8: 0 | BT8: =+[5]Report1!J13 -> 0.76888628 | BU8: =+[5]Report1!K13 -> 0.74857272 | BV8: =+[5]Report1!BG13 -> 0.76888628 | BW8: =+[5]Report1!BH13 -> 0.74857272 | BX8: =+[5]Report1!R13 -> 40.24 | BY8: =+[5]Report1!S13 -> 195.903 | BZ8: =+[5]Report1!X13 -> 89.461216 | CA8: =+[5]Report1!Y13 -> 88.373891 | CB8: =+[5]Report1!AD13 -> 2.1148111 | CC8: =+[5]Report1!AE13 -> 2.2153821 | CD8: =+[5]Report1!AJ13 -> 0.20626243 | CE8: =+[5]Report1!AK13 -> 0.21541273 | CF8: =+[5]Report1!AP13 -> 546.833 | CG8: =+[5]Report1!AQ13 -> 603.02527 | CH8: =+[5]Report1!AV13 -> 477.1581 | CI8: =+[5]Report1!AW13 -> 509.03285
A9: =1+A8 -> 45967 | B9: =+Report1!J14 -> 0.74072482 | C9: =+Report1!K14 -> 0.85845427 | D9: =+Report1!AJ14 -> 0.74072482 | E9: =+Report1!AK14 -> 0.85845427 | F9: =+Report1!R14 -> 44.353 | G9: =+Report1!S14 -> 347.219 | H9: =+Report1!X14 -> 2.6279395 | I9: =+Report1!Y14 -> 2.4697007 | J9: =+Report1!AD14 -> 1229.4496 | K9: =+Report1!AE14 -> 911.91507 | L9: =+[1]Report1!J14 -> 0.90230013 | M9: =+[1]Report1!K14 -> 0.89152998 | N9: =+[1]Report1!BJ14 -> 0.90230013 | O9: =+[1]Report1!BK14 -> 0.89152998 | P9: =+[1]Report1!R14 -> 46.864 | Q9: =+[1]Report1!S14 -> 278.339 | R9: =+[1]Report1!AL14 -> 3.0861002 | S9: =+[1]Report1!AM14 -> 2.9420563 | T9: =+[1]Report1!AR14 -> 0.30727211 | U9: =+[1]Report1!AS14 -> 0.29604188 | V9: =+[1]Report1!AX14 -> 867.68031 | W9: =+[1]Report1!AY14 -> 815.46481 | X9: =+[1]Report1!BD14 -> 453.6958 | Y9: =+[1]Report1!BE14 -> 470.3006 | Z9: =+[2]Report1!J14 -> 0 | AA9: =+[2]Report1!K14 -> 0 | AB9: =+[2]Report1!BC14 -> #DIV/0! | AC9: =+[2]Report1!BD14 -> #DIV/0! | AD9: =+[2]Report1!R14 -> 0 | AE9: =+[2]Report1!S14 -> 0 | AF9: =+[2]Report1!X14 -> 0 | AG9: =+[2]Report1!Y14 -> 0 | AH9: =+[2]Report1!AD14 -> 0 | AI9: =+[2]Report1!AE14 -> 0 | AJ9: =+[2]Report1!AJ14 -> 0 | AK9: =+[2]Report1!AK14 -> 0 | AN9: =+[3]Report1!J14 -> 1.0051395 | AO9: =+[3]Report1!K14 -> 0.83030316 | AP9: =+[3]Report1!BN14 -> 1.0051395 | AQ9: =+[3]Report1!BO14 -> 0.83030316 | AR9: =+[3]Report1!R14 -> 56.119 | AS9: =+[3]Report1!S14 -> 272.719 | AT9: =+[3]Report1!AF14 -> 98.465119 | AU9: =+[3]Report1!AG14 -> 113.21563 | AV9: =+[3]Report1!AL14 -> 1.2598229 | AW9: =+[3]Report1!AM14 -> 1.4098761 | AX9: =+[3]Report1!AR14 -> 0.19601205 | AY9: =+[3]Report1!AS14 -> 0.20827298 | AZ9: =+[3]Report1!AX14 -> 681.76161 | BA9: =+[3]Report1!AY14 -> 829.40404 | BB9: =+[3]Report1!BD14 -> 474.30521 | BC9: =+[3]Report1!BE14 -> 489.44654 | BD9: =+[3]Report1!BJ14 -> 5.3778578 | BE9: =+[3]Report1!BK14 -> 6.1216857 | BF9: =+[4]Report1!J14 -> 0.84156916 | BG9: =+[4]Report1!K14 -> 0.79786803 | BH9: =+[4]Report1!AN14 -> 0.84156916 | BI9: =+[4]Report1!AO14 -> 0.79786803 | BJ9: =+[4]Report1!R14 -> 43.794 | BK9: =+[4]Report1!S14 -> 254.379 | BL9: =+[4]Report1!AD14 -> 3.1282824 | BM9: =+[4]Report1!AE14 -> 2.9180868 | BN9: 0 | BO9: 0 | BP9: =+[4]Report1!AJ14 -> 1287.2051 | BQ9: =+[4]Report1!AK14 -> 1091.9839 | BR9: 0 | BS9: 0 | BT9: =+[5]Report1!J14 -> 0.70487072 | BU9: =+[5]Report1!K14 -> 0.74129155 | BV9: =+[5]Report1!BG14 -> 0.70487072 | BW9: =+[5]Report1!BH14 -> 0.74129155 | BX9: =+[5]Report1!R14 -> 36.878 | BY9: =+[5]Report1!S14 -> 232.781 | BZ9: =+[5]Report1!X14 -> 108.58062 | CA9: =+[5]Report1!Y14 -> 91.575113 | CB9: =+[5]Report1!AD14 -> 2.5245404 | CC9: =+[5]Report1!AE14 -> 2.2643601 | CD9: =+[5]Report1!AJ14 -> 0.21421986 | CE9: =+[5]Report1!AK14 -> 0.21522375 | CF9: =+[5]Report1!AP14 -> 726.44341 | CG9: =+[5]Report1!AQ14 -> 622.57762 | CH9: =+[5]Report1!AV14 -> 522.663 | CI9: =+[5]Report1!AW14 -> 511.19218
A10: =1+A9 -> 45968 | B10: =+Report1!J15 -> 0.78018144 | C10: =+Report1!K15 -> 0.84799102 | D10: =+Report1!AJ15 -> 0.78018144 | E10: =+Report1!AK15 -> 0.84799102 | F10: =+Report1!R15 -> 48.692 | G10: =+Report1!S15 -> 395.911 | H10: =+Report1!X15 -> 2.4436458 | I10: =+Report1!Y15 -> 2.4664963 | J10: =+Report1!AD15 -> 1053.0703 | K10: =+Report1!AE15 -> 929.27537 | L10: =+[1]Report1!J15 -> 0.90688638 | M10: =+[1]Report1!K15 -> 0.8937179 | N10: =+[1]Report1!BJ15 -> 0.90688638 | O10: =+[1]Report1!BK15 -> 0.8937179 | P10: =+[1]Report1!R15 -> 47.042 | Q10: =+[1]Report1!S15 -> 325.381 | R10: =+[1]Report1!AL15 -> 2.674206 | S10: =+[1]Report1!AM15 -> 2.9033318 | T10: =+[1]Report1!AR15 -> 0.27209727 | U10: =+[1]Report1!AS15 -> 0.29258008 | V10: =+[1]Report1!AX15 -> 738.89397 | W10: =+[1]Report1!AY15 -> 804.39457 | X10: =+[1]Report1!BD15 -> 396.26291 | Y10: =+[1]Report1!BE15 -> 459.5966 | Z10: =+[2]Report1!J15 -> 0 | AA10: =+[2]Report1!K15 -> 0 | AB10: =+[2]Report1!BC15 -> #DIV/0! | AC10: =+[2]Report1!BD15 -> #DIV/0! | AD10: =+[2]Report1!R15 -> 0 | AE10: =+[2]Report1!S15 -> 0 | AF10: =+[2]Report1!X15 -> 0 | AG10: =+[2]Report1!Y15 -> 0 | AH10: =+[2]Report1!AD15 -> 0 | AI10: =+[2]Report1!AE15 -> 0 | AJ10: =+[2]Report1!AJ15 -> 0 | AK10: =+[2]Report1!AK15 -> 0 | AN10: =+[3]Report1!J15 -> 0.95309108 | AO10: =+[3]Report1!K15 -> 0.84912389 | AP10: =+[3]Report1!BN15 -> 0.95309108 | AQ10: =+[3]Report1!BO15 -> 0.84912389 | AR10: =+[3]Report1!R15 -> 56.67 | AS10: =+[3]Report1!S15 -> 329.389 | AT10: =+[3]Report1!AF15 -> 99.362511 | AU10: =+[3]Report1!AG15 -> 110.83226 | AV10: =+[3]Report1!AL15 -> 1.166402 | AW10: =+[3]Report1!AM15 -> 1.3679874 | AX10: =+[3]Report1!AR15 -> 0.19057702 | AY10: =+[3]Report1!AS15 -> 0.20522847 | AZ10: =+[3]Report1!AX15 -> 667.83307 | BA10: =+[3]Report1!AY15 -> 801.60643 | BB10: =+[3]Report1!BD15 -> 468.73063 | BC10: =+[3]Report1!BE15 -> 485.88246 | BD10: =+[3]Report1!BJ15 -> 5.7702488 | BE10: =+[3]Report1!BK15 -> 6.0612224 | BF10: =+[4]Report1!J15 -> 0.89504879 | BG10: =+[4]Report1!K15 -> 0.81150422 | BH10: =+[4]Report1!AN15 -> 0.89504879 | BI10: =+[4]Report1!AO15 -> 0.81150422 | BJ10: =+[4]Report1!R15 -> 46.577 | BK10: =+[4]Report1!S15 -> 300.956 | BL10: =+[4]Report1!AD15 -> 2.928484 | BM10: =+[4]Report1!AE15 -> 2.9196959 | BN10: 0 | BO10: 0 | BP10: =+[4]Report1!AJ15 -> 1113.9039 | BQ10: =+[4]Report1!AK15 -> 1095.3763 | BR10: 0 | BS10: 0 | BT10: =+[5]Report1!J15 -> 0.76548655 | BU10: =+[5]Report1!K15 -> 0.74474324 | BV10: =+[5]Report1!BG15 -> 0.76548655 | BW10: =+[5]Report1!BH15 -> 0.74474324 | BX10: =+[5]Report1!R15 -> 39.999 | BY10: =+[5]Report1!S15 -> 272.78 | BZ10: =+[5]Report1!X15 -> 108.05586 | CA10: =+[5]Report1!Y15 -> 93.991762 | CB10: =+[5]Report1!AD15 -> 2.4725618 | CC10: =+[5]Report1!AE15 -> 2.2948897 | CD10: =+[5]Report1!AJ15 -> 0.22500563 | CE10: =+[5]Report1!AK15 -> 0.21665811 | CF10: =+[5]Report1!AP15 -> 681.16953 | CG10: =+[5]Report1!AQ15 -> 631.16922 | CH10: =+[5]Report1!AV15 -> 543.34696 | CI10: =+[5]Report1!AW15 -> 515.90719
A11: =1+A10 -> 45969 | B11: =+Report1!J16 -> 0.83272761 | C11: =+Report1!K16 -> 0.84632166 | D11: =+Report1!AJ16 -> 0.83272761 | E11: =+Report1!AK16 -> 0.84632166 | F11: =+Report1!R16 -> 47.743 | G11: =+Report1!S16 -> 443.654 | H11: =+Report1!X16 -> 2.3708816 | I11: =+Report1!Y16 -> 2.4562069 | J11: =+Report1!AD16 -> 1177.1045 | K11: =+Report1!AE16 -> 955.94504 | L11: =+[1]Report1!J16 -> 0.82066148 | M11: =+[1]Report1!K16 -> 0.88447993 | N11: =+[1]Report1!BJ16 -> 0.82066148 | O11: =+[1]Report1!BK16 -> 0.88447993 | P11: =+[1]Report1!R16 -> 43.25 | Q11: =+[1]Report1!S16 -> 368.631 | R11: =+[1]Report1!AL16 -> 3.0312139 | S11: =+[1]Report1!AM16 -> 2.9183357 | T11: =+[1]Report1!AR16 -> 0.33294798 | U11: =+[1]Report1!AS16 -> 0.29731629 | V11: =+[1]Report1!AX16 -> 935.9711 | W11: =+[1]Report1!AY16 -> 819.83192 | X11: =+[1]Report1!BD16 -> 569.89595 | Y11: =+[1]Report1!BE16 -> 472.53758 | Z11: =+[2]Report1!J16 -> 0 | AA11: =+[2]Report1!K16 -> 0 | AB11: =+[2]Report1!BC16 -> #DIV/0! | AC11: =+[2]Report1!BD16 -> #DIV/0! | AD11: =+[2]Report1!R16 -> 0 | AE11: =+[2]Report1!S16 -> 0 | AF11: =+[2]Report1!X16 -> 0 | AG11: =+[2]Report1!Y16 -> 0 | AH11: =+[2]Report1!AD16 -> 0 | AI11: =+[2]Report1!AE16 -> 0 | AJ11: =+[2]Report1!AJ16 -> 0 | AK11: =+[2]Report1!AK16 -> 0 | AN11: =+[3]Report1!J16 -> 0.97811113 | AO11: =+[3]Report1!K16 -> 0.86452548 | AP11: =+[3]Report1!BN16 -> 0.97811113 | AQ11: =+[3]Report1!BO16 -> 0.86452548 | AR11: =+[3]Report1!R16 -> 51.448 | AS11: =+[3]Report1!S16 -> 380.837 | AT11: =+[3]Report1!AF16 -> 111.50919 | AU11: =+[3]Report1!AG16 -> 110.92371 | AV11: =+[3]Report1!AL16 -> 1.294511 | AW11: =+[3]Report1!AM16 -> 1.3580613 | AX11: =+[3]Report1!AR16 -> 0.20214586 | AY11: =+[3]Report1!AS16 -> 0.20481203 | AZ11: =+[3]Report1!AX16 -> 811.27546 | BA11: =+[3]Report1!AY16 -> 802.91264 | BB11: =+[3]Report1!BD16 -> 542.95022 | BC11: =+[3]Report1!BE16 -> 493.59185 | BD11: =+[3]Report1!BJ16 -> 5.7747629 | BE11: =+[3]Report1!BK16 -> 6.0225241 | BF11: =+[4]Report1!J16 -> 1.0624655 | BG11: =+[4]Report1!K16 -> 0.84366601 | BH11: =+[4]Report1!AN16 -> 1.0624655 | BI11: =+[4]Report1!AO16 -> 0.84366601 | BJ11: =+[4]Report1!R16 -> 57.919 | BK11: =+[4]Report1!S16 -> 358.875 | BL11: =+[4]Report1!AD16 -> 2.3791847 | BM11: =+[4]Report1!AE16 -> 2.8324626 | BN11: 0 | BO11: 0 | BP11: =+[4]Report1!AJ16 -> 995.26926 | BQ11: =+[4]Report1!AK16 -> 1079.22 | BR11: 0 | BS11: 0 | BT11: =+[5]Report1!J16 -> 0.69176022 | BU11: =+[5]Report1!K16 -> 0.738118 | BV11: =+[5]Report1!BG16 -> 0.69176022 | BW11: =+[5]Report1!BH16 -> 0.738118 | BX11: =+[5]Report1!R16 -> 36.211 | BY11: =+[5]Report1!S16 -> 308.991 | BZ11: =+[5]Report1!X16 -> 117.61828 | CA11: =+[5]Report1!Y16 -> 96.76058 | CB11: =+[5]Report1!AD16 -> 2.7477838 | CC11: =+[5]Report1!AE16 -> 2.3479648 | CD11: =+[5]Report1!AJ16 -> 0.25958963 | CE11: =+[5]Report1!AK16 -> 0.2216893 | CF11: =+[5]Report1!AP16 -> 826.503 | CG11: =+[5]Report1!AQ16 -> 654.0606 | CH11: =+[5]Report1!AV16 -> 684.08486 | CI11: =+[5]Report1!AW16 -> 535.61612
A12: =1+A11 -> 45970 | B12: =+Report1!J17 -> 0.89529502 | C12: =+Report1!K17 -> 0.85130038 | D12: =+Report1!AJ17 -> 0.89529502 | E12: =+Report1!AK17 -> 0.85130038 | F12: =+Report1!R17 -> 53.112 | G12: =+Report1!S17 -> 496.766 | H12: =+Report1!X17 -> 2.2054526 | I12: =+Report1!Y17 -> 2.4293973 | J12: =+Report1!AD17 -> 1043.04 | K12: =+Report1!AE17 -> 965.25684 | L12: =+[1]Report1!J17 -> 0.77458077 | M12: =+[1]Report1!K17 -> 0.87142031 | N12: =+[1]Report1!BJ17 -> 0.77458077 | O12: =+[1]Report1!BK17 -> 0.87142031 | P12: =+[1]Report1!R17 -> 43.536 | Q12: =+[1]Report1!S17 -> 412.167 | R12: =+[1]Report1!AL17 -> 2.9492834 | S12: =+[1]Report1!AM17 -> 2.9216046 | T12: =+[1]Report1!AR17 -> 0.34913635 | U12: =+[1]Report1!AS17 -> 0.30278989 | V12: =+[1]Report1!AX17 -> 839.76273 | W12: =+[1]Report1!AY17 -> 821.93715 | X12: =+[1]Report1!BD17 -> 555.21867 | Y12: =+[1]Report1!BE17 -> 481.27094 | Z12: =+[2]Report1!J17 -> 0 | AA12: =+[2]Report1!K17 -> 0 | AB12: =+[2]Report1!BC17 -> #DIV/0! | AC12: =+[2]Report1!BD17 -> #DIV/0! | AD12: =+[2]Report1!R17 -> 0 | AE12: =+[2]Report1!S17 -> 0 | AF12: =+[2]Report1!X17 -> 0 | AG12: =+[2]Report1!Y17 -> 0 | AH12: =+[2]Report1!AD17 -> 0 | AI12: =+[2]Report1!AE17 -> 0 | AJ12: =+[2]Report1!AJ17 -> 0 | AK12: =+[2]Report1!AK17 -> 0 | AN12: =+[3]Report1!J17 -> 0.94802685 | AO12: =+[3]Report1!K17 -> 0.87351675 | AP12: =+[3]Report1!BN17 -> 0.94802685 | AQ12: =+[3]Report1!BO17 -> 0.87351675 | AR12: =+[3]Report1!R17 -> 50.395 | AS12: =+[3]Report1!S17 -> 431.232 | AT12: =+[3]Report1!AF17 -> 102.75839 | AU12: =+[3]Report1!AG17 -> 109.96948 | AV12: =+[3]Report1!AL17 -> 1.3056851 | AW12: =+[3]Report1!AM17 -> 1.3519405 | AX12: =+[3]Report1!AR17 -> 0.21430697 | AY12: =+[3]Report1!AS17 -> 0.20592164 | AZ12: =+[3]Report1!AX17 -> 777.81407 | BA12: =+[3]Report1!AY17 -> 799.97955 | BB12: =+[3]Report1!BD17 -> 497.68231 | BC12: =+[3]Report1!BE17 -> 494.06987 | BD12: =+[3]Report1!BJ17 -> 5.8815359 | BE12: =+[3]Report1!BK17 -> 6.0060478 | BF12: =+[4]Report1!J17 -> 0.96859019 | BG12: =+[4]Report1!K17 -> 0.85823173 | BH12: =+[4]Report1!AN17 -> 0.96859019 | BI12: =+[4]Report1!AO17 -> 0.85823173 | BJ12: =+[4]Report1!R17 -> 54.38 | BK12: =+[4]Report1!S17 -> 413.255 | BL12: =+[4]Report1!AD17 -> 2.5468922 | BM12: =+[4]Report1!AE17 -> 2.7948845 | BN12: 0 | BO12: 0 | BP12: =+[4]Report1!AJ17 -> 997.58146 | BQ12: =+[4]Report1!AK17 -> 1068.4772 | BR12: 0 | BS12: 0 | BT12: =+[5]Report1!J17 -> 0.97367385 | BU12: =+[5]Report1!K17 -> 0.76430278 | BV12: =+[5]Report1!BG17 -> 0.97367385 | BW12: =+[5]Report1!BH17 -> 0.76430278 | BX12: =+[5]Report1!R17 -> 50.976 | BY12: =+[5]Report1!S17 -> 359.967 | BZ12: =+[5]Report1!X17 -> 73.534432 | CA12: =+[5]Report1!Y17 -> 93.471455 | CB12: =+[5]Report1!AD17 -> 1.9911331 | CC12: =+[5]Report1!AE17 -> 2.2974328 | CD12: =+[5]Report1!AJ17 -> 0.21186441 | CE12: =+[5]Report1!AK17 -> 0.22029797 | CF12: =+[5]Report1!AP17 -> 571.40497 | CG12: =+[5]Report1!AQ17 -> 642.35549 | CH12: =+[5]Report1!AV17 -> 492.00997 | CI12: =+[5]Report1!AW17 -> 529.44092
A13: =1+A12 -> 45971 | B13: =+Report1!J18 -> 0.81277099 | C13: =+Report1!K18 -> 0.84807128 | D13: =+Report1!AJ18 -> 0.81277099 | E13: =+Report1!AK18 -> 0.84807128 | F13: =+Report1!R18 -> 43.385 | G13: =+Report1!S18 -> 540.151 | H13: =+Report1!X18 -> 2.7495909 | I13: =+Report1!Y18 -> 2.4551153 | J13: =+Report1!AD18 -> 1249.3313 | K13: =+Report1!AE18 -> 988.07374 | L13: =+[1]Report1!J18 -> 0.91681192 | M13: =+[1]Report1!K18 -> 0.87633816 | N13: =+[1]Report1!BJ18 -> 0.91681192 | O13: =+[1]Report1!BK18 -> 0.87633816 | P13: =+[1]Report1!R18 -> 52.69 | Q13: =+[1]Report1!S18 -> 464.857 | R13: =+[1]Report1!AL18 -> 2.4767508 | S13: =+[1]Report1!AM18 -> 2.8711819 | T13: =+[1]Report1!AR18 -> 0.25811349 | U13: =+[1]Report1!AS18 -> 0.29772597 | V13: =+[1]Report1!AX18 -> 734.9888 | W13: =+[1]Report1!AY18 -> 812.08184 | X13: =+[1]Report1!BD18 -> 444.10704 | Y13: =+[1]Report1!BE18 -> 477.05854 | Z13: =+[2]Report1!J18 -> 0 | AA13: =+[2]Report1!K18 -> 0 | AB13: =+[2]Report1!BC18 -> #DIV/0! | AC13: =+[2]Report1!BD18 -> #DIV/0! | AD13: =+[2]Report1!R18 -> 0 | AE13: =+[2]Report1!S18 -> 0 | AF13: =+[2]Report1!X18 -> 0 | AG13: =+[2]Report1!Y18 -> 0 | AH13: =+[2]Report1!AD18 -> 0 | AI13: =+[2]Report1!AE18 -> 0 | AJ13: =+[2]Report1!AJ18 -> 0 | AK13: =+[2]Report1!AK18 -> 0 | AN13: =+[3]Report1!J18 -> 0.92780652 | AO13: =+[3]Report1!K18 -> 0.87897349 | AP13: =+[3]Report1!BN18 -> 0.92780652 | AQ13: =+[3]Report1!BO18 -> 0.87897349 | AR13: =+[3]Report1!R18 -> 51.182 | AS13: =+[3]Report1!S18 -> 482.414 | AT13: =+[3]Report1!AF18 -> 118.34687 | AU13: =+[3]Report1!AG18 -> 110.85829 | AV13: =+[3]Report1!AL18 -> 1.287562 | AW13: =+[3]Report1!AM18 -> 1.3451102 | AX13: =+[3]Report1!AR18 -> 0.18756594 | AY13: =+[3]Report1!AS18 -> 0.20397418 | AZ13: =+[3]Report1!AX18 -> 838.42445 | BA13: =+[3]Report1!AY18 -> 804.05838 | BB13: =+[3]Report1!BD18 -> 487.46044 | BC13: =+[3]Report1!BE18 -> 493.36864 | BD13: =+[3]Report1!BJ18 -> 6.0587707 | BE13: =+[3]Report1!BK18 -> 6.0116415 | BF13: =+[4]Report1!J18 -> 0.95766095 | BG13: =+[4]Report1!K18 -> 0.86817834 | BH13: =+[4]Report1!AN18 -> 0.95766095 | BI13: =+[4]Report1!AO18 -> 0.86817834 | BJ13: =+[4]Report1!R18 -> 51.258 | BK13: =+[4]Report1!S18 -> 464.513 | BL13: =+[4]Report1!AD18 -> 2.6590971 | BM13: =+[4]Report1!AE18 -> 2.7799007 | BN13: 0 | BO13: 0 | BP13: =+[4]Report1!AJ18 -> 988.22584 | BQ13: =+[4]Report1!AK18 -> 1059.6217 | BR13: 0 | BS13: 0 | BT13: =+[5]Report1!J18 -> 0.88840863 | BU13: =+[5]Report1!K18 -> 0.77671844 | BV13: =+[5]Report1!BG18 -> 0.88840863 | BW13: =+[5]Report1!BH18 -> 0.77671844 | BX13: =+[5]Report1!R18 -> 46.512 | BY13: =+[5]Report1!S18 -> 406.479 | BZ13: =+[5]Report1!X18 -> 81.565415 | CA13: =+[5]Report1!Y18 -> 92.109088 | CB13: =+[5]Report1!AD18 -> 2.1327829 | CC13: =+[5]Report1!AE18 -> 2.2785925 | CD13: =+[5]Report1!AJ18 -> 0.1999484 | CE13: =+[5]Report1!AK18 -> 0.21796944 | CF13: =+[5]Report1!AP18 -> 594.5184 | CG13: =+[5]Report1!AQ18 -> 636.88166 | CH13: =+[5]Report1!AV18 -> 515.36808 | CI13: =+[5]Report1!AW18 -> 527.83061
A14: =1+A13 -> 45972 | B14: =+Report1!J19 -> 0.97658628 | C14: =+Report1!K19 -> 0.85786919 | D14: =+Report1!AJ19 -> 0.97658628 | E14: =+Report1!AK19 -> 0.85786919 | F14: =+Report1!R19 -> 51.335 | G14: =+Report1!S19 -> 591.486 | H14: =+Report1!X19 -> 2.3833837 | I14: =+Report1!Y19 -> 2.4488897 | J14: =+Report1!AD19 -> 1066.0512 | K14: =+Report1!AE19 -> 994.8414 | L14: =+[1]Report1!J19 -> 0.88547432 | M14: =+[1]Report1!K19 -> 0.87723124 | N14: =+[1]Report1!BJ19 -> 0.88547432 | O14: =+[1]Report1!BK19 -> 0.87723124 | P14: =+[1]Report1!R19 -> 50.889 | Q14: =+[1]Report1!S19 -> 515.746 | R14: =+[1]Report1!AL19 -> 2.6532256 | S14: =+[1]Report1!AM19 -> 2.849676 | T14: =+[1]Report1!AR19 -> 0.28296881 | U14: =+[1]Report1!AS19 -> 0.29626987 | V14: =+[1]Report1!AX19 -> 761.84853 | W14: =+[1]Report1!AY19 -> 807.12529 | X14: =+[1]Report1!BD19 -> 453.65403 | Y14: =+[1]Report1!BE19 -> 474.7492 | Z14: =+[2]Report1!J19 -> 0 | AA14: =+[2]Report1!K19 -> 0 | AB14: =+[2]Report1!BC19 -> #DIV/0! | AC14: =+[2]Report1!BD19 -> #DIV/0! | AD14: =+[2]Report1!R19 -> 0 | AE14: =+[2]Report1!S19 -> 0 | AF14: =+[2]Report1!X19 -> 0 | AG14: =+[2]Report1!Y19 -> 0 | AH14: =+[2]Report1!AD19 -> 0 | AI14: =+[2]Report1!AE19 -> 0 | AJ14: =+[2]Report1!AJ19 -> 0 | AK14: =+[2]Report1!AK19 -> 0 | AN14: =+[3]Report1!J19 -> 0.91821702 | AO14: =+[3]Report1!K19 -> 0.88255767 | AP14: =+[3]Report1!BN19 -> 0.91821702 | AQ14: =+[3]Report1!BO19 -> 0.88255767 | AR14: =+[3]Report1!R19 -> 50.653 | AS14: =+[3]Report1!S19 -> 533.067 | AT14: =+[3]Report1!AF19 -> 108.98568 | AU14: =+[3]Report1!AG19 -> 110.68035 | AV14: =+[3]Report1!AL19 -> 1.3799775 | AW14: =+[3]Report1!AM19 -> 1.3484234 | AX14: =+[3]Report1!AR19 -> 0.19347324 | AY14: =+[3]Report1!AS19 -> 0.20297636 | AZ14: =+[3]Report1!AX19 -> 873.5068 | BA14: =+[3]Report1!AY19 -> 810.6575 | BB14: =+[3]Report1!BD19 -> 453.75397 | BC14: =+[3]Report1!BE19 -> 489.60438 | BD14: =+[3]Report1!BJ19 -> 6.7103627 | BE14: =+[3]Report1!BK19 -> 6.0780352 | BF14: =+[4]Report1!J19 -> 0.89560871 | BG14: =+[4]Report1!K19 -> 0.87060047 | BH14: =+[4]Report1!AN19 -> 0.89560871 | BI14: =+[4]Report1!AO19 -> 0.87060047 | BJ14: =+[4]Report1!R19 -> 46.411 | BK14: =+[4]Report1!S19 -> 510.924 | BL14: =+[4]Report1!AD19 -> 2.7708948 | BM14: =+[4]Report1!AE19 -> 2.7790826 | BN14: 0 | BO14: 0 | BP14: =+[4]Report1!AJ19 -> 1155.146 | BQ14: =+[4]Report1!AK19 -> 1068.2988 | BR14: 0 | BS14: 0 | BT14: =+[5]Report1!J19 -> 0.91980834 | BU14: =+[5]Report1!K19 -> 0.78984708 | BV14: =+[5]Report1!BG19 -> 0.91980834 | BW14: =+[5]Report1!BH19 -> 0.78984708 | BX14: =+[5]Report1!R19 -> 48.627 | BY14: =+[5]Report1!S19 -> 455.106 | BZ14: =+[5]Report1!X19 -> 77.519659 | CA14: =+[5]Report1!Y19 -> 90.550242 | CB14: =+[5]Report1!AD19 -> 2.0790919 | CC14: =+[5]Report1!AE19 -> 2.2572763 | CD14: =+[5]Report1!AJ19 -> 0.18713883 | CE14: =+[5]Report1!AK19 -> 0.21467526 | CF14: =+[5]Report1!AP19 -> 596.70019 | CG14: =+[5]Report1!AQ19 -> 632.58836 | CH14: =+[5]Report1!AV19 -> 436.30082 | CI14: =+[5]Report1!AW19 -> 518.05087
A15: =1+A14 -> 45973 | B15: =+Report1!J20 -> 0.84842956 | C15: =+Report1!K20 -> 0.85714462 | D15: =+Report1!AJ20 -> 0.84842956 | E15: =+Report1!AK20 -> 0.85714462 | F15: =+Report1!R20 -> 48.635 | G15: =+Report1!S20 -> 640.121 | H15: =+Report1!X20 -> 2.5156986 | I15: =+Report1!Y20 -> 2.4539657 | J15: =+Report1!AD20 -> 1126.2601 | K15: =+Report1!AE20 -> 1004.8263 | L15: =+[1]Report1!J20 -> 0.88916362 | M15: =+[1]Report1!K20 -> 0.87832426 | N15: =+[1]Report1!BJ20 -> 0.88916362 | O15: =+[1]Report1!BK20 -> 0.87832426 | P15: =+[1]Report1!R20 -> 52.714 | Q15: =+[1]Report1!S20 -> 568.46 | R15: =+[1]Report1!AL20 -> 2.6122852 | S15: =+[1]Report1!AM20 -> 2.8276625 | T15: =+[1]Report1!AR20 -> 0.25799598 | U15: =+[1]Report1!AS20 -> 0.29272068 | V15: =+[1]Report1!AX20 -> 755.31908 | W15: =+[1]Report1!AY20 -> 802.32124 | X15: =+[1]Report1!BD20 -> 419.03479 | Y15: =+[1]Report1!BE20 -> 469.58273 | Z15: =+[2]Report1!J20 -> 0 | AA15: =+[2]Report1!K20 -> 0 | AB15: =+[2]Report1!BC20 -> #DIV/0! | AC15: =+[2]Report1!BD20 -> #DIV/0! | AD15: =+[2]Report1!R20 -> 0 | AE15: =+[2]Report1!S20 -> 0 | AF15: =+[2]Report1!X20 -> 0 | AG15: =+[2]Report1!Y20 -> 0 | AH15: =+[2]Report1!AD20 -> 0 | AI15: =+[2]Report1!AE20 -> 0 | AJ15: =+[2]Report1!AJ20 -> 0 | AK15: =+[2]Report1!AK20 -> 0 | AN15: =+[3]Report1!J20 -> 0.8906087 | AO15: =+[3]Report1!K20 -> 0.88323144 | AP15: =+[3]Report1!BN20 -> 0.8906087 | AQ15: =+[3]Report1!BO20 -> 0.88323144 | AR15: =+[3]Report1!R20 -> 49.13 | AS15: =+[3]Report1!S20 -> 582.197 | AT15: =+[3]Report1!AF20 -> 105.90074 | AU15: =+[3]Report1!AG20 -> 110.27701 | AV15: =+[3]Report1!AL20 -> 1.457358 | AW15: =+[3]Report1!AM20 -> 1.3576161 | AX15: =+[3]Report1!AR20 -> 0.1750458 | AY15: =+[3]Report1!AS20 -> 0.20061938 | AZ15: =+[3]Report1!AX20 -> 870.62609 | BA15: =+[3]Report1!AY20 -> 815.71808 | BB15: =+[3]Report1!BD20 -> 479.5115 | BC15: =+[3]Report1!BE20 -> 488.75267 | BD15: =+[3]Report1!BJ20 -> 6.9224506 | BE15: =+[3]Report1!BK20 -> 6.1492931 | BF15: =+[4]Report1!J20 -> 0.90895124 | BG15: =+[4]Report1!K20 -> 0.87370511 | BH15: =+[4]Report1!AN20 -> 0.90895124 | BI15: =+[4]Report1!AO20 -> 0.87370511 | BJ15: =+[4]Report1!R20 -> 46.987 | BK15: =+[4]Report1!S20 -> 557.911 | BL15: =+[4]Report1!AD20 -> 2.8199289 | BM15: =+[4]Report1!AE20 -> 2.7825227 | BN15: 0 | BO15: 0 | BP15: =+[4]Report1!AJ20 -> 1226.0353 | BQ15: =+[4]Report1!AK20 -> 1081.5833 | BR15: 0 | BS15: 0 | BT15: =+[5]Report1!J20 -> 1.018495 | BU15: =+[5]Report1!K20 -> 0.80941278 | BV15: =+[5]Report1!BG20 -> 1.018495 | BW15: =+[5]Report1!BH20 -> 0.80941278 | BX15: =+[5]Report1!R20 -> 54.917 | BY15: =+[5]Report1!S20 -> 510.023 | BZ15: =+[5]Report1!X20 -> 72.656859 | CA15: =+[5]Report1!Y20 -> 88.623562 | CB15: =+[5]Report1!AD20 -> 1.8591693 | CC15: =+[5]Report1!AE20 -> 2.2144099 | CD15: =+[5]Report1!AJ20 -> 0.1711674 | CE15: =+[5]Report1!AK20 -> 0.20999053 | CF15: =+[5]Report1!AP20 -> 521.22039 | CG15: =+[5]Report1!AQ20 -> 620.59676 | CH15: =+[5]Report1!AV20 -> 464.73041 | CI15: =+[5]Report1!AW20 -> 512.30956
A16: =1+A15 -> 45974 | B16: =+Report1!J21 -> 0.67228889 | C16: =+Report1!K21 -> 0.84227805 | D16: =+Report1!AJ21 -> 0.67228889 | E16: =+Report1!AK21 -> 0.84227805 | F16: =+Report1!R21 -> 43.909 | G16: =+Report1!S21 -> 684.03 | H16: =+Report1!X21 -> 2.1818762 | I16: =+Report1!Y21 -> 2.4364999 | J16: =+Report1!AD21 -> 878.80617 | K16: =+Report1!AE21 -> 996.73687 | L16: =+[1]Report1!J21 -> 0.94029852 | M16: =+[1]Report1!K21 -> 0.88380003 | N16: =+[1]Report1!BJ21 -> 0.94029852 | O16: =+[1]Report1!BK21 -> 0.88380003 | P16: =+[1]Report1!R21 -> 58.982 | Q16: =+[1]Report1!S21 -> 627.442 | R16: =+[1]Report1!AL21 -> 2.3828965 | S16: =+[1]Report1!AM21 -> 2.7858527 | T16: =+[1]Report1!AR21 -> 0.24414228 | U16: =+[1]Report1!AS21 -> 0.28815412 | V16: =+[1]Report1!AX21 -> 638.68553 | W16: =+[1]Report1!AY21 -> 786.93884 | X16: =+[1]Report1!BD21 -> 379.69211 | Y16: =+[1]Report1!BE21 -> 461.13266 | Z16: =+[2]Report1!J21 -> 0 | AA16: =+[2]Report1!K21 -> 0 | AB16: =+[2]Report1!BC21 -> #DIV/0! | AC16: =+[2]Report1!BD21 -> #DIV/0! | AD16: =+[2]Report1!R21 -> 0 | AE16: =+[2]Report1!S21 -> 0 | AF16: =+[2]Report1!X21 -> 0 | AG16: =+[2]Report1!Y21 -> 0 | AH16: =+[2]Report1!AD21 -> 0 | AI16: =+[2]Report1!AE21 -> 0 | AJ16: =+[2]Report1!AJ21 -> 0 | AK16: =+[2]Report1!AK21 -> 0 | AN16: =+[3]Report1!J21 -> 0.53402079 | AO16: =+[3]Report1!K21 -> 0.85626352 | AP16: =+[3]Report1!BN21 -> 0.53402079 | AQ16: =+[3]Report1!BO21 -> 0.85626352 | AR16: =+[3]Report1!R21 -> 29.459 | AS16: =+[3]Report1!S21 -> 611.656 | AT16: =+[3]Report1!AF21 -> 141.78211 | AU16: =+[3]Report1!AG21 -> 111.79438 | AV16: =+[3]Report1!AL21 -> 2.0876472 | AW16: =+[3]Report1!AM21 -> 1.3927763 | AX16: =+[3]Report1!AR21 -> 0.27495842 | AY16: =+[3]Report1!AS21 -> 0.20419975 | AZ16: =+[3]Report1!AX21 -> 1268.8584 | BA16: =+[3]Report1!AY21 -> 837.54254 | BB16: =+[3]Report1!BD21 -> 678.44462 | BC16: =+[3]Report1!BE21 -> 497.88875 | BD16: =+[3]Report1!BJ21 -> 7.8108558 | BE16: =+[3]Report1!BK21 -> 6.2293184 | BF16: =+[4]Report1!J21 -> 1.002162 | BG16: =+[4]Report1!K21 -> 0.88342041 | BH16: =+[4]Report1!AN21 -> 1.002162 | BI16: =+[4]Report1!AO21 -> 0.88342041 | BJ16: =+[4]Report1!R21 -> 52.359 | BK16: =+[4]Report1!S21 -> 610.27 | BL16: =+[4]Report1!AD21 -> 2.5191467 | BM16: =+[4]Report1!AE21 -> 2.7599259 | BN16: 0 | BO16: 0 | BP16: =+[4]Report1!AJ21 -> 1081.9267 | BQ16: =+[4]Report1!AK21 -> 1081.6128 | BR16: 0 | BS16: 0 | BT16: =+[5]Report1!J21 -> 0.64239115 | BU16: =+[5]Report1!K21 -> 0.79634963 | BV16: =+[5]Report1!BG21 -> 0.64239115 | BW16: =+[5]Report1!BH21 -> 0.79634963 | BX16: =+[5]Report1!R21 -> 34.345 | BY16: =+[5]Report1!S21 -> 544.368 | BZ16: =+[5]Report1!X21 -> 86.94834 | CA16: =+[5]Report1!Y21 -> 88.51787 | CB16: =+[5]Report1!AD21 -> 2.096375 | CC16: =+[5]Report1!AE21 -> 2.2069629 | CD16: =+[5]Report1!AJ21 -> 0.2096375 | CE16: =+[5]Report1!AK21 -> 0.20996826 | CF16: =+[5]Report1!AP21 -> 587.54695 | CG16: =+[5]Report1!AQ21 -> 618.5116 | CH16: =+[5]Report1!AV21 -> 516.04892 | CI16: =+[5]Report1!AW21 -> 512.54548
... A33: =1+A32 -> 45991 | B33: =+Report1!J38 -> 0.93511365 | C33: =+Report1!K38 -> 0.8526919 | D33: =+Report1!AJ38 -> 0.93511365 | E33: =+Report1!AK38 -> 0.8526919 | F33: =+Report1!R38 -> 58.089 | G33: =+Report1!S38 -> 1595.056 | H33: =+Report1!X38 -> 2.0557421 | I33: =+Report1!Y38 -> 2.3816926 | J33: =+Report1!AD38 -> 897.3575 | K33: =+Report1!AE38 -> 986.51592 | L33: =+[1]Report1!J38 -> 0.93989883 | M33: =+[1]Report1!K38 -> 0.90405789 | N33: =+[1]Report1!BJ38 -> 0.93989883 | O33: =+[1]Report1!BK38 -> 0.90405789 | P33: =+[1]Report1!R38 -> 65.747 | Q33: =+[1]Report1!S38 -> 1727.194 | R33: =+[1]Report1!AL38 -> 1.7229379 | S33: =+[1]Report1!AM38 -> 2.2665022 | T33: =+[1]Report1!AR38 -> 0.29202853 | U33: =+[1]Report1!AS38 -> 0.27727053 | V33: =+[1]Report1!AX38 -> 452.71876 | W33: =+[1]Report1!AY38 -> 627.66337 | X33: =+[1]Report1!BD38 -> 449.92167 | Y33: =+[1]Report1!BE38 -> 433.98773 | Z33: =+[2]Report1!J38 -> 0.83776074 | AA33: =+[2]Report1!K38 -> 0.3750124 | AB33: =+[2]Report1!BC38 -> 0.83776074 | AC33: =+[2]Report1!BD38 -> 0.78662425 | AD33: =+[2]Report1!R38 -> 41.049 | AE33: =+[2]Report1!S38 -> 500.227 | AF33: =+[2]Report1!X38 -> 113.94939 | AG33: =+[2]Report1!Y38 -> 127.56166 | AH33: =+[2]Report1!AD38 -> 1.2692148 | AI33: =+[2]Report1!AE38 -> 2.1896059 | AJ33: =+[2]Report1!AJ38 -> 918.81897 | AK33: =+[2]Report1!AK38 -> 1225.1601 | AN33: =+[3]Report1!J38 -> 0.90387639 | AO33: =+[3]Report1!K38 -> 0.89671049 | AP33: =+[3]Report1!BN38 -> 0.90387639 | AQ33: =+[3]Report1!BO38 -> 0.89671049 | AR33: =+[3]Report1!R38 -> 49.741 | AS33: =+[3]Report1!S38 -> 1468.263 | AT33: =+[3]Report1!AF38 -> 100.22614 | AU33: =+[3]Report1!AG38 -> 103.12302 | AV33: =+[3]Report1!AL38 -> 1.3409461 | AW33: =+[3]Report1!AM38 -> 1.3725743 | AX33: =+[3]Report1!AR38 -> 0.19702057 | AY33: =+[3]Report1!AS38 -> 0.20248416 | AZ33: =+[3]Report1!AX38 -> 885.11691 | BA33: =+[3]Report1!AY38 -> 823.1074 | BB33: =+[3]Report1!BD38 -> 477.36389 | BC33: =+[3]Report1!BE38 -> 492.04252 | BD33: =+[3]Report1!BJ38 -> 6.3344123 | BE33: =+[3]Report1!BK38 -> 6.326387 | BF33: =+[4]Report1!J38 -> 0.8895427 | BG33: =+[4]Report1!K38 -> 0.89079473 | BH33: =+[4]Report1!AN38 -> 0.8895427 | BI33: =+[4]Report1!AO38 -> 0.89079473 | BJ33: =+[4]Report1!R38 -> 45.418 | BK33: =+[4]Report1!S38 -> 1394.103 | BL33: =+[4]Report1!AD38 -> 2.7390022 | BM33: =+[4]Report1!AE38 -> 2.7063997 | BN33: 0 | BO33: 0 | BP33: =+[4]Report1!AJ38 -> 1249.0513 | BQ33: =+[4]Report1!AK38 -> 1148.9756 | BR33: 0 | BS33: 0 | BT33: =+[5]Report1!J38 -> 1.0145139 | BU33: =+[5]Report1!K38 -> 0.88250458 | BV33: =+[5]Report1!BG38 -> 1.0145139 | BW33: =+[5]Report1!BH38 -> 0.88250458 | BX33: =+[5]Report1!R38 -> 52.739 | BY33: =+[5]Report1!S38 -> 1387.303 | BZ33: =+[5]Report1!X38 -> 71.866041 | CA33: =+[5]Report1!Y38 -> 79.985776 | CB33: =+[5]Report1!AD38 -> 1.8657919 | CC33: =+[5]Report1!AE38 -> 2.0503812 | CD33: =+[5]Report1!AJ38 -> 0.189613 | CE33: =+[5]Report1!AK38 -> 0.20507416 | CF33: =+[5]Report1!AP38 -> 500.98788 | CG33: =+[5]Report1!AQ38 -> 562.52898 | CH33: =+[5]Report1!AV38 -> 468.60431 | CI33: =+[5]Report1!AW38 -> 497.97584
A36: Desember
A37: November | B37: =+C33 -> 0.8526919 | D37: =+E33 -> 0.8526919 | F37: =+G33 -> 1595.056 | H37: =+I33 -> 2.3816926 | J37: =+K33 -> 986.51592 | L37: =+M33 -> 0.90405789 | N37: =+O33 -> 0.90405789 | P37: =+Q33 -> 1727.194 | R37: =+S33 -> 2.2665022 | T37: =+U33 -> 0.27727053 | V37: =+W33 -> 627.66337 | X37: =+Y33 -> 433.98773 | Z37: =+AA33 -> 0.3750124 | AB37: =+AC33 -> 0.78662425 | AD37: =+AE33 -> 500.227 | AF37: =+AG33 -> 127.56166 | AH37: =+AI33 -> 2.1896059 | AJ37: =+AK33 -> 1225.1601 | AL37: =+AM33 -> 0 | AN37: =+AO33 -> 0.89671049 | AP37: =+AQ33 -> 0.89671049 | AR37: =+AS33 -> 1468.263 | AT37: =+AU33 -> 103.12302 | AV37: =+AW33 -> 1.3725743 | AX37: =+AY33 -> 0.20248416 | AZ37: =+BA33 -> 823.1074 | BB37: =+BC33 -> 492.04252 | BD37: =+BE33 -> 6.326387 | BF37: =+BG33 -> 0.89079473 | BH37: =+BI33 -> 0.89079473 | BJ37: =+BK33 -> 1394.103 | BL37: =+BM33 -> 2.7063997 | BN37: =+BO33 -> 0 | BP37: =+BQ33 -> 1148.9756 | BR37: =+BS33 -> 0 | BT37: =+BU33 -> 0.88250458 | BV37: =+BW33 -> 0.88250458 | BX37: =+BY33 -> 1387.303 | BZ37: =+CA33 -> 79.985776 | CB37: =+CC33 -> 2.0503812 | CD37: =+CE33 -> 0.20507416 | CF37: =+CG33 -> 562.52898 | CH37: =+CI33 -> 497.97584 | CJ37: =+CK33 -> 0
A38: Oktober | B38: =+'[6]eff all'!$B$38:$C$38 -> 0.81961611 | D38: =+'[6]eff all'!$D$38:$E$38 -> 0.83793084 | F38: =+'[6]eff all'!$F$38:$G$38 -> 1655.884 | H38: =+'[6]eff all'!$H$38:$I$38 -> 2.3800164 | J38: =+'[6]eff all'!$J$38:$K$38 -> 987.22519 | L38: =+'[6]eff all'!$L$38:$M$38 -> 0.84175524 | N38: =+'[6]eff all'!$N$38:$O$38 -> 0.87679264 | P38: =+'[6]eff all'!$P$38:$Q$38 -> 1649.297 | R38: =+'[6]eff all'!$R$38:$S$38 -> 2.3196877 | T38: =+'[6]eff all'!$T$38:$U$38 -> 0.24616549 | V38: =+'[6]eff all'!$V$38:$W$38 -> 616.10298 | X38: =+'[6]eff all'!$X$38:$Y$38 -> 486.41123 | Z38: =+'[6]eff all'!$Z$38:$AA$38 -> 0.51081757 | AB38: =+'[6]eff all'!$AB$38:$AC$38 -> 0.80748846 | AD38: =+'[6]eff all'!$AD$38:$AE$38 -> 700.591 | AF38: =+'[6]eff all'!$AF$38:$AG$38 -> 110.32386 | AH38: =+'[6]eff all'!$AH$38:$AI$38 -> 1.9417891 | AJ38: =+'[6]eff all'!$AJ$38:$AK$38 -> 1127.8883 | AL38: =+'[6]eff all'!$AL$38:$AM$38 -> 0 | AN38: =+'[6]eff all'!$AN$38:$AO$38 -> 0.78888926 | AP38: =+'[6]eff all'!$AP$38:$AQ$38 -> 0.80397213 | AR38: =+'[6]eff all'!$AR$38:$AS$38 -> 1297.219 | AT38: =+'[6]eff all'!$AT$38:$AU$38 -> 120.0559 | AV38: =+'[6]eff all'!$AV$38:$AW$38 -> 1.4886461 | AX38: =+'[6]eff all'!$AX$38:$AY$38 -> 0.19526387 | AZ38: =+'[6]eff all'!$AZ$38:$BA$38 -> 913.20617 | BB38: =+'[6]eff all'!$BB$38:$BC$38 -> 493.47212 | BD38: =+'[6]eff all'!$BD$38:$BE$38 -> 2.9987227 | BF38: =+'[6]eff all'!$BF$38:$BG$38 -> 0.84480151 | BH38: =+'[6]eff all'!$BH$38:$BI$38 -> 0.85404309 | BJ38: =+'[6]eff all'!$BJ$38:$BK$38 -> 1387.38 | BL38: =+'[6]eff all'!$BL$38:$BM$38 -> 2.841471 | BN38: =+'[6]eff all'!$BN$38:$BO$38 -> 0 | BP38: =+'[6]eff all'!$BP$38:$BQ$38 -> 1094.5931 | BR38: =+'[6]eff all'!$BR$38:$BS$38 -> 0 | BT38: =+'[6]eff all'!$BT$38:$BU$38 -> 0.56906056 | BV38: =+'[6]eff all'!$BV$38:$BW$38 -> 0.79794558 | BX38: =+'[6]eff all'!$BX$38:$BY$38 -> 904.638 | BZ38: =+'[6]eff all'!$BZ$38:$CA$38 -> 98.183246 | CB38: =+'[6]eff all'!$CB$38:$CC$38 -> 2.3456897 | CD38: =+'[6]eff all'!$CD$38:$CE$38 -> 0.013817682 | CF38: =+'[6]eff all'!$CF$38:$CG$38 -> 1025.3921 | CH38: =+'[6]eff all'!$CH$38:$CI$38 -> 32.403016 | CJ38: =+'[6]eff all'!$CJ$38:$CK$38 -> 0
A39: September | B39: =+'[7]eff all'!$B$39:$C$39 -> 0.90399081 | D39: =+'[7]eff all'!$D$39:$E$39 -> 0.90437904 | F39: =+'[7]eff all'!$F$39:$G$39 -> 1787.584 | H39: =+'[7]eff all'!$H$39:$I$39 -> 2.2781229 | J39: =+'[7]eff all'!$J$39:$K$39 -> 915.86318 | L39: =+'[7]eff all'!$L$39:$M$39 -> 0.91235679 | N39: =+'[7]eff all'!$N$39:$O$39 -> 0.91641187 | P39: =+'[7]eff all'!$P$39:$Q$39 -> 1733.483 | R39: =+'[7]eff all'!$R$39:$S$39 -> 2.0999496 | T39: =+'[7]eff all'!$T$39:$U$39 -> 0.29126331 | V39: =+'[7]eff all'!$V$39:$W$39 -> 594.57701 | X39: =+'[7]eff all'!$X$39:$Y$39 -> 459.61051 | Z39: =+'[7]eff all'!$Z$39:$AA$39 -> 0.31795967 | AB39: =+'[7]eff all'!$AB$39:$AC$39 -> 0.77060412 | AD39: =+'[7]eff all'!$AD$39:$AE$39 -> 413.672 | AF39: =+'[7]eff all'!$AF$39:$AG$39 -> 99.280285 | AH39: =+'[7]eff all'!$AH$39:$AI$39 -> 1.8947379 | AJ39: =+'[7]eff all'!$AJ$39:$AK$39 -> 1272.9031 | AL39: =+'[7]eff all'!$AL$39:$AM$39 -> 0 | AN39: =+'[7]eff all'!$AN$39:$AO$39 -> 0.88030658 | AP39: =+'[7]eff all'!$AP$39:$AQ$39 -> 0.89025454 | AR39: =+'[7]eff all'!$AR$39:$AS$39 -> 1341.886 | AT39: =+'[7]eff all'!$AT$39:$AU$39 -> 122.30106 | AV39: =+'[7]eff all'!$AV$39:$AW$39 -> 1.4501977 | AX39: =+'[7]eff all'!$AX$39:$AY$39 -> 0.063790814 | AZ39: =+'[7]eff all'!$AZ$39:$BA$39 -> 910.28922 | BB39: =+'[7]eff all'!$BB$39:$BC$39 -> 164.14175 | BD39: =+'[7]eff all'!$BD$39:$BE$39 -> 2.0120934 | BF39: =+'[7]eff all'!$BF$39:$BG$39 -> 0.8468278 | BH39: =+'[7]eff all'!$BH$39:$BI$39 -> 0.8468278 | BJ39: =+'[7]eff all'!$BJ$39:$BK$39 -> 1322.914 | BL39: =+'[7]eff all'!$BL$39:$BM$39 -> 2.6480179 | BN39: =+'[7]eff all'!$BN$39:$BO$39 -> 0 | BP39: =+'[7]eff all'!$BP$39:$BQ$39 -> 1045.6073 | BR39: =+'[7]eff all'!$BR$39:$BS$39 -> 0 | BT39: =+'[7]eff all'!$BT$39:$BU$39 -> 0.84513582 | BV39: =+'[7]eff all'!$BV$39:$BW$39 -> 0.84822809 | BX39: =+'[7]eff all'!$BX$39:$BY$39 -> 1346.375 | BZ39: =+'[7]eff all'!$BZ$39:$CA$39 -> 79.267994 | CB39: =+'[7]eff all'!$CB$39:$CC$39 -> 1.957107 | CD39: =+'[7]eff all'!$CD$39:$CE$39 -> 0.21004549 | CF39: =+'[7]eff all'!$CF$39:$CG$39 -> 810.9602 | CH39: =+'[7]eff all'!$CH$39:$CI$39 -> 541.04427 | CJ39: =+'[7]eff all'!$CJ$39:$CK$393 -> 2.8892396
A40: Agustus | B40: =+'[8]eff all'!$B$40:$C$40 -> 0.89986679 | D40: =+'[8]eff all'!$D$40:$E$40 -> 0.9000777 | F40: =+'[8]eff all'!$F$40:$G$40 -> 1865.517 | H40: =+'[8]eff all'!$H$40:$I$40 -> 2.2984749 | J40: =+'[8]eff all'!$J$40:$K$40 -> 910.11683 | L40: =+'[8]eff all'!$L$40:$M$40 -> 0.88665976 | N40: =+'[8]eff all'!$N$40:$O$40 -> 0.91130228 | P40: =+'[8]eff all'!$P$40:$Q$40 -> 1681.041 | R40: =+'[8]eff all'!$R$40:$S$40 -> 2.3611024 | T40: =+'[8]eff all'!$T$40:$U$40 -> 0.085601719 | V40: =+'[8]eff all'!$V$40:$W$40 -> 751.4219 | X40: =+'[8]eff all'!$X$40:$Y$40 -> 160.39778 | Z40: =+'[8]eff all'!$Z$40:$AA$40 -> 0.90643195 | AB40: =+'[8]eff all'!$AB$40:$AC$40 -> 0.90643195 | AD40: =+'[8]eff all'!$AD$40:$AE$40 -> 1304.522 | AF40: =+'[8]eff all'!$AF$40:$AG$40 -> 93.687913 | AH40: =+'[8]eff all'!$AH$40:$AI$40 -> 1.3601917 | AJ40: =+'[8]eff all'!$AJ$40:$AK$40 -> 867.99488 | AL40: =+'[8]eff all'!$AL$40:$AM$40 -> 0 | AN40: =+'[8]eff all'!$AN$40:$AO$40 -> 0.89554899 | AP40: =+'[8]eff all'!$AP$40:$AQ$40 -> 0.90516623 | AR40: =+'[8]eff all'!$AR$40:$AS$40 -> 1480.133 | AT40: =+'[8]eff all'!$AT$40:$AU$40 -> 101.44643 | AV40: =+'[8]eff all'!$AV$40:$AW$40 -> 1.4403435 | AX40: =+'[8]eff all'!$AX$40:$AY$40 -> 0.14586527 | AZ40: =+'[8]eff all'!$AZ$40:$BA$40 -> 849.36179 | BB40: =+'[8]eff all'!$BB$40:$BC$40 -> 387.77383 | BD40: =+'[8]eff all'!$BD$40:$BE$40 -> 4.1014476 | BF40: =+'[8]eff all'!$BF$40:$BG$40 -> 0.90695193 | BH40: =+'[8]eff all'!$BH$40:$BI$40 -> 0.90825057 | BJ40: =+'[8]eff all'!$BJ$40:$BK$40 -> 1465.16 | BL40: =+'[8]eff all'!$BL$40:$BM$40 -> 2.8592099 | BN40: =+'[8]eff all'!$BN$40:$BO$40 -> 0 | BP40: =+'[8]eff all'!$BP$40:$BQ$40 -> 1013.159 | BR40: =+'[8]eff all'!$BR$40:$BS$40 -> 0 | BT40: =+'[8]eff all'!$BT$40:$BU$40 -> 0.86462303 | BV40: =+'[8]eff all'!$BV$40:$BW$40 -> 0.87445113 | BX40: =+'[8]eff all'!$BX$40:$BY$40 -> 1364.354 | BZ40: =+'[8]eff all'!$BZ$40:$CA$40 -> 84.357026 | CB40: =+'[8]eff all'!$CB$40:$CC$40 -> 2.0277802 | CD40: =+'[8]eff all'!$CD$40:$CE$40 -> 0.074687361 | CF40: =+'[8]eff all'!$CF$40:$CG$40 -> 883.67534 | CH40: =+'[8]eff all'!$CH$40:$CI$40 -> 193.15194 | CJ40: =+'[8]eff all'!$CJ$40:$CK$40 -> 2.4682832
A41: Juli | B41: =+'[9]eff all'!$B$41:$C$41 -> 0.83939759 | D41: =+'[9]eff all'!$D$41:$E$41 -> 0.84053151 | F41: =+'[9]eff all'!$F$41:$G$41 -> 1669.03 | H41: =+'[9]eff all'!$H$41:$I$41 -> 2.439188 | J41: =+'[9]eff all'!$J$41:$K$41 -> 1033.4659 | L41: =+'[9]eff all'!$L$41:$M$41 -> 0.88164645 | N41: =+'[9]eff all'!$N$41:$O$41 -> 0.90721678 | P41: =+'[9]eff all'!$P$41:$Q$41 -> 1849.253 | R41: =+'[9]eff all'!$R$41:$S$41 -> 2.6039628 | T41: =+'[9]eff all'!$T$41:$U$41 -> 0.22857878 | V41: =+'[9]eff all'!$V$41:$W$41 -> 604.72262 | X41: =+'[9]eff all'!$X$41:$Y$41 -> 521.78582 | Z41: =+'[9]eff all'!$Z$41:$AA$41 -> 0.88193173 | AB41: =+'[9]eff all'!$AB$41:$AC$41 -> 0.88340653 | AD41: =+'[9]eff all'!$AD$41:$AE$41 -> 1253.705 | AF41: =+'[9]eff all'!$AF$41:$AG$41 -> 98.517031 | AH41: =+'[9]eff all'!$AH$41:$AI$41 -> 1.4871122 | AJ41: =+'[9]eff all'!$AJ$41:$AK$41 -> 885.26052 | AL41: =+'[9]eff all'!$AL$41:$AM$41 -> 0 | AN41: =+'[9]eff all'!$AN$41:$AO$41 -> 0.88320077 | AP41: =+'[9]eff all'!$AP$41:$AQ$41 -> 0.8953444 | AR41: =+'[9]eff all'!$AR$41:$AS$41 -> 1406.635 | AT41: =+'[9]eff all'!$AT$41:$AU$41 -> 105.33379 | AV41: =+'[9]eff all'!$AV$41:$AW$41 -> 1.5242049 | AX41: =+'[9]eff all'!$AX$41:$AY$41 -> 0.080760112 | AZ41: =+'[9]eff all'!$AZ$41:$BA$41 -> 927.60065 | BB41: =+'[9]eff all'!$BB$41:$BC$41 -> 240.27392 | BD41: =+'[9]eff all'!$BD$41:$BE$41 -> 16.955358 | BF41: =+'[9]eff all'!$BF$41:$BG$41 -> 0.88101947 | BH41: =+'[9]eff all'!$BH$41:$BI$41 -> 0.8836277 | BJ41: =+'[9]eff all'!$BJ$41:$BK$41 -> 1457.009 | BL41: =+'[9]eff all'!$BL$41:$BM$41 -> 2.7597633 | BN41: =+'[9]eff all'!$BN$41:$BO$41 -> 0 | BP41: =+'[9]eff all'!$BP$41:$BQ$41 -> 932.94369 | BR41: =+'[9]eff all'!$BR$41:$BS$41 -> 0 | BT41: =+'[9]eff all'!$BT$41:$BU$41 -> 0.89958178 | BV41: =+'[9]eff all'!$BV$41:$BW$41 -> 0.90458737 | BX41: =+'[9]eff all'!$BX$41:$BY$41 -> 1385.694 | BZ41: =+'[9]eff all'!$BZ$41:$CA$41 -> 82.805082 | CB41: =+'[9]eff all'!$CB$41:$CC$41 -> 1.975097 | CD41: =+'[9]eff all'!$CD$41:$CE$41 -> 0.056505982 | CF41: =+'[9]eff all'!$CF$41:$CG$41 -> 886.8081 | CH41: =+'[9]eff all'!$CH$41:$CI$41 -> 150.23872 | CJ41: =+'[9]eff all'!$CJ$41:$CK$41 -> 14.750731
A42: Juni | B42: =+'[10]eff all'!$B$42:$C$42 -> 0.89683017 | D42: =+'[10]eff all'!$D$42:$E$42 -> 0.91651255 | F42: =+'[10]eff all'!$F$42:$G$42 -> 1608.12 | H42: =+'[10]eff all'!$H$42:$I$42 -> 2.3160038 | J42: =+'[10]eff all'!$J$42:$K$42 -> 1025.4408 | L42: =+'[10]eff all'!$L$42:$M$42 -> 0.92866755 | N42: =+'[10]eff all'!$N$42:$O$42 -> 0.93793898 | P42: =+'[10]eff all'!$P$42:$Q$42 -> 1827.359 | R42: =+'[10]eff all'!$R$42:$S$42 -> 2.0916447 | T42: =+'[10]eff all'!$T$42:$U$42 -> 0.23153633 | V42: =+'[10]eff all'!$V$42:$W$42 -> 614.27863 | X42: =+'[10]eff all'!$X$42:$Y$42 -> 437.11553 | Z42: =+'[10]eff all'!$Z$42:$AA$42 -> 0.83629624 | AB42: =+'[10]eff all'!$AB$42:$AC$42 -> 0.84011645 | AD42: =+'[10]eff all'!$AD$42:$AE$42 -> 1132.285 | AF42: =+'[10]eff all'!$AF$42:$AG$42 -> 111.282 | AH42: =+'[10]eff all'!$AH$42:$AI$42 -> 1.6594762 | AJ42: =+'[10]eff all'!$AJ$42:$AK$42 -> 964.83334 | AL42: =+'[10]eff all'!$AL$42:$AM$42 -> 0 | AN42: =+'[10]eff all'!$AN$42:$AO$42 -> 0.84149356 | AP42: =+'[10]eff all'!$AP$42:$AQ$42 -> 0.85108231 | AR42: =+'[10]eff all'!$AR$42:$AS$42 -> 1316.344 | AT42: =+'[10]eff all'!$AT$42:$AU$42 -> 121.83944 | AV42: =+'[10]eff all'!$AV$42:$AW$42 -> 1.4904159 | AX42: =+'[10]eff all'!$AX$42:$AY$42 -> 0.19523772 | AZ42: =+'[10]eff all'!$AZ$42:$BA$42 -> 883.634 | BB42: =+'[10]eff all'!$BB$42:$BC$42 -> 521.8822 | BD42: =+'[10]eff all'!$BD$42:$BE$42 -> 0 | BF42: =+'[10]eff all'!$BF$42:$BG$42 -> 0.81559728 | BH42: =+'[10]eff all'!$BH$42:$BI$42 -> 0.82877821 | BJ42: =+'[10]eff all'!$BJ$42:$BK$42 -> 1259.735 | BL42: =+'[10]eff all'!$BL$42:$BM$42 -> 2.8948152 | BN42: =+'[10]eff all'!$BN$42:$BO$42 -> 0 | BP42: =+'[10]eff all'!$BP$42:$BQ$42 -> 971.0194 | BR42: =+'[10]eff all'!$BR$42:$BS$42 -> 0 | BT42: =+'[10]eff all'!$BT$42:$BU$42 -> 0.90927146 | BV42: =+'[10]eff all'!$BV$42:$BW$42 -> 0.93351911 | BX42: =+'[10]eff all'!$BX$42:$BY$42 -> 1433.06 | BZ42: =+'[10]eff all'!$BZ$42:$CA$42 -> 77.094083 | CB42: =+'[10]eff all'!$CB$42:$CC$42 -> 1.8864528 | CD42: =+'[10]eff all'!$CD$42:$CE$42 -> 0.14263185 | CF42: =+'[10]eff all'!$CF$42:$CG$42 -> 754.59782 | CH42: =+'[10]eff all'!$CH$42:$CI$42 -> 384.70371 | CJ42: 0
A43: Mei | B43: =+'[11]eff all'!$B$43:$C$43 -> 0.81728993 | D43: =+'[11]eff all'!$D$43:$E$43 -> 0.81728993 | F43: =+'[11]eff all'!$F$43:$G$43 -> 1753.698 | H43: =+'[11]eff all'!$H$43:$I$43 -> 2.3283627 | J43: =+'[11]eff all'!$J$43:$K$43 -> 919.17355 | L43: =+'[11]eff all'!$L$43:$M$43 -> 0.88541366 | N43: =+'[11]eff all'!$N$43:$O$43 -> 0.92564375 | P43: =+'[11]eff all'!$P$43:$Q$43 -> 1848.366 | R43: =+'[11]eff all'!$R$43:$S$43 -> 2.3081273 | T43: =+'[11]eff all'!$T$43:$U$43 -> 0.22165523 | V43: =+'[11]eff all'!$V$43:$W$43 -> 640.41015 | X43: =+'[11]eff all'!$X$43:$Y$43 -> 434.93518 | Z43: =+'[11]eff all'!$Z$43:$AA$43 -> 0.80335181 | AB43: =+'[11]eff all'!$AB$43:$AC$43 -> 0.86162049 | AD43: =+'[11]eff all'!$AD$43:$AE$43 -> 1130.835 | AF43: =+'[11]eff all'!$AF$43:$AG$43 -> 107.89352 | AH43: =+'[11]eff all'!$AH$43:$AI$43 -> 1.5947508 | AJ43: =+'[11]eff all'!$AJ$43:$AK$43 -> 914.38362 | AL43: =+'[11]eff all'!$AL$43:$AM$43 -> 20.16563 | AN43: =+'[11]eff all'!$AN$43:$AO$43 -> 0.85071019 | AP43: =+'[11]eff all'!$AP$43:$AQ$43 -> 0.85071019 | AR43: =+'[11]eff all'!$AR$43:$AS$43 -> 1375.357 | AT43: =+'[11]eff all'!$AT$43:$AU$43 -> 113.79765 | AV43: =+'[11]eff all'!$AV$43:$AW$43 -> 1.4656558 | AX43: =+'[11]eff all'!$AX$43:$AY$43 -> 0.18613349 | AZ43: =+'[11]eff all'!$AZ$43:$BA$43 -> 878.46065 | BB43: =+'[11]eff all'!$BB$43:$BC$43 -> 550.25946 | BD43: =+'[11]eff all'!$BD$43:$BE$43 -> 0 | BF43: =+'[11]eff all'!$BF$43:$BG$43 -> 0.89363459 | BH43: =+'[11]eff all'!$BH$43:$BI$43 -> 0.89363459 | BJ43: =+'[11]eff all'!$BJ$43:$BK$43 -> 1430.692 | BL43: =+'[11]eff all'!$BL$43:$BM$43 -> 2.6821286 | BN43: =+'[11]eff all'!$BN$43:$BO$43 -> 0 | BP43: =+'[11]eff all'!$BP$43:$BQ$43 -> 974.33569 | BR43: =+'[11]eff all'!$BR$43:$BS$43 -> 0 | BT43: =+'[11]eff all'!$BT$43:$BU$43 -> 0.90863448 | BV43: =+'[11]eff all'!$BV$43:$BW$43 -> 0.9187839 | BX43: =+'[11]eff all'!$BX$43:$BY$43 -> 1460.105 | BZ43: =+'[11]eff all'!$BZ$43:$CA$43 -> 77.669648 | CB43: =+'[11]eff all'!$CB$43:$CC$43 -> 2.0032806 | CD43: =+'[11]eff all'!$CD$43:$CE$43 -> 0.083692611 | CF43: =+'[11]eff all'!$CF$43:$CG$43 -> 840.76602 | CH43: =+'[11]eff all'!$CH$43:$CI$43 -> 246.27503 | CJ43: =+'[11]eff all'!$CJ$43:$CK$43 -> 19.550649
A44: April | B44: =+'[12]eff all'!$B$44:$C$44 -> 0.8512863 | D44: =+'[12]eff all'!$D$44:$E$44 -> 0.88261389 | F44: =+'[12]eff all'!$F$44:$G$44 -> 1626.863 | H44: =+'[12]eff all'!$H$44:$I$44 -> 2.4992418 | J44: =+'[12]eff all'!$J$44:$K$44 -> 943.70529 | L44: =+'[12]eff all'!$L$44:$M$44 -> 0.91684997 | N44: =+'[12]eff all'!$N$44:$O$44 -> 0.94547697 | P44: =+'[12]eff all'!$P$44:$Q$44 -> 1788.166 | R44: =+'[12]eff all'!$R$44:$S$44 -> 2.1331811 | T44: =+'[12]eff all'!$T$44:$U$44 -> 0.2123125 | V44: =+'[12]eff all'!$V$44:$W$44 -> 722.25094 | X44: =+'[12]eff all'!$X$44:$Y$44 -> 464.24761 | Z44: =+'[12]eff all'!$Z$44:$AA$44 -> 0.8620695 | AB44: =+'[12]eff all'!$AB$44:$AC$44 -> 0.90942581 | AD44: =+'[12]eff all'!$AD$44:$AE$44 -> 1188.791 | AF44: =+'[12]eff all'!$AF$44:$AG$44 -> 106.25948 | AH44: =+'[12]eff all'!$AH$44:$AI$44 -> 1.5097692 | AJ44: =+'[12]eff all'!$AJ$44:$AK$44 -> 921.84495 | AL44: =+'[12]eff all'!$AL$44:$AM$44 -> 7.553893 | AN44: =+'[12]eff all'!$AN$44:$AO$44 -> 0.9113018 | AP44: =+'[12]eff all'!$AP$44:$AQ$44 -> 0.94321744 | AR44: =+'[12]eff all'!$AR$44:$AS$44 -> 1441.538 | AT44: =+'[12]eff all'!$AT$44:$AU$44 -> 98.381361 | AV44: =+'[12]eff all'!$AV$44:$AW$44 -> 1.4245896 | AX44: =+'[12]eff all'!$AX$44:$AY$44 -> 0.063755313 | AZ44: =+'[12]eff all'!$AZ$44:$BA$44 -> 884.49349 | BB44: =+'[12]eff all'!$BB$44:$BC$44 -> 178.97537 | BD44: =+'[12]eff all'!$BD$44:$BE$44 -> 0 | BF44: =+'[12]eff all'!$BF$44:$BG$44 -> 0.83968008 | BH44: =+'[12]eff all'!$BH$44:$BI$44 -> 0.88025535 | BJ44: =+'[12]eff all'!$BJ$44:$BK$44 -> 1283.722 | BL44: =+'[12]eff all'!$BL$44:$BM$44 -> 2.9010175 | BN44: =+'[12]eff all'!$BN$44:$BO$44 -> 0 | BP44: =+'[12]eff all'!$BP$44:$BQ$44 -> 1018.1901 | BR44: =+'[12]eff all'!$BR$44:$BS$44 -> 0 | BT44: =+'[12]eff all'!$BT$44:$BU$44 -> 0.86479672 | BV44: =+'[12]eff all'!$BV$44:$BW$44 -> 0.91368892 | BX44: =+'[12]eff all'!$BX$44:$BY$44 -> 1364.988 | BZ44: =+'[12]eff all'!$BZ$44:$CA$44 -> 71.774412 | CB44: =+'[12]eff all'!$CB$44:$CC$44 -> 1.9880761 | CD44: =+'[12]eff all'!$CD$44:$CE$44 -> 0.17403816 | CF44: =+'[12]eff all'!$CF$44:$CG$44 -> 844.20452 | CH44: =+'[12]eff all'!$CH$44:$CI$44 -> 469.40955 | CJ44: =+'[12]eff all'!$CJ$44:$CK$44 -> 0
A45: Maret | B45: =+'[13]eff all'!$B$45:$C$45 -> 0.84979165 | D45: =+'[13]eff all'!$D$45:$E$45 -> 0.85889247 | F45: =+'[13]eff all'!$F$45:$G$45 -> 1534.469 | H45: =+'[13]eff all'!$H$45:$I$45 -> 2.430719 | J45: =+'[13]eff all'!$J$45:$K$45 -> 1009.2877 | L45: =+'[13]eff all'!$L$45:$M$45 -> 0.85741706 | N45: =+'[13]eff all'!$N$45:$O$45 -> 0.89481521 | P45: =+'[13]eff all'!$P$45:$Q$45 -> 1704.768 | R45: =+'[13]eff all'!$R$45:$S$45 -> 2.4058077 | T45: =+'[13]eff all'!$T$45:$U$45 -> 0.14817265 | V45: =+'[13]eff all'!$V$45:$W$45 -> 708.7489 | X45: =+'[13]eff all'!$X$45:$Y$45 -> 419.01831 | Z45: =+'[13]eff all'!$Z$45:$AA$45 -> 0.87132155 | AB45: =+'[13]eff all'!$AB$45:$AC$45 -> 0.87132155 | AD45: =+'[13]eff all'!$AD$45:$AE$45 -> 1204.645 | AF45: =+'[13]eff all'!$AF$45:$AG$45 -> 105.43836 | AH45: =+'[13]eff all'!$AH$45:$AI$45 -> 1.5603767 | AJ45: =+'[13]eff all'!$AJ$45:$AK$45 -> 928.04959 | AL45: =+'[13]eff all'!$AL$45:$AM$45 -> 0 | AN45: =+'[13]eff all'!$AN$45:$AO$45 -> 0.47758007 | AP45: =+'[13]eff all'!$AP$45:$AQ$45 -> 0.86385626 | AR45: =+'[13]eff all'!$AR$45:$AS$45 -> 764.21 | AT45: =+'[13]eff all'!$AT$45:$AU$45 -> 117.91594 | AV45: =+'[13]eff all'!$AV$45:$AW$45 -> 1.737088 | AX45: =+'[13]eff all'!$AX$45:$AY$45 -> 0 | AZ45: =+'[13]eff all'!$AZ$45:$BA$45 -> 1171.1575 | BB45: =+'[13]eff all'!$BB$45:$BC$45 -> 0 | BD45: =+'[13]eff all'!$BD$45:$BE$45 -> 23.422881 | BF45: =+'[13]eff all'!$BF$45:$BG$45 -> 0.79411424 | BH45: =+'[13]eff all'!$BH$45:$BI$45 -> 0.80751482 | BJ45: =+'[13]eff all'!$BJ$45:$BK$45 -> 1316.452 | BL45: =+'[13]eff all'!$BL$45:$BM$45 -> 2.6146035 | BN45: =+'[13]eff all'!$BN$45:$BO$45 -> 0 | BP45: =+'[13]eff all'!$BP$45:$BQ$45 -> 1083.3644 | BR45: =+'[13]eff all'!$BR$45:$BS$45 -> 0 | BT45: =+'[13]eff all'!$BT$45:$BU$45 -> 0.7921511 | BV45: =+'[13]eff all'!$BV$45:$BW$45 -> 0.80246911 | BX45: =+'[13]eff all'!$BX$45:$BY$45 -> 1219.024 | BZ45: =+'[13]eff all'!$BZ$45:$CA$45 -> 89.967609 | CB45: =+'[13]eff all'!$CB$45:$CC$45 -> 2.2528679 | CD45: =+'[13]eff all'!$CD$45:$CE$45 -> 0 | CF45: =+'[13]eff all'!$CF$45:$CG$45 -> 1093.3749 | CH45: =+'[13]eff all'!$CH$45:$CI$45 -> 0 | CJ45: =+'[13]eff all'!$CJ$45:$CK$45 -> 3.7653073
A46: Februari | B46: =+'[14]eff all'!$B$46:$C$46 -> 0.83769524 | D46: =+'[14]eff all'!$D$46:$E$46 -> 0.8766254 | F46: =+'[14]eff all'!$F$46:$G$46 -> 1634.192 | H46: =+'[14]eff all'!$H$46:$I$46 -> 2.3108466 | J46: =+'[14]eff all'!$J$46:$K$46 -> 925.52626 | L46: =+'[14]eff all'!$L$46:$M$46 -> 0.8461717 | N46: =+'[14]eff all'!$N$46:$O$46 -> 0.92040515 | P46: =+'[14]eff all'!$P$46:$Q$46 -> 1544.163 | R46: =+'[14]eff all'!$R$46:$S$46 -> 2.2768451 | T46: =+'[14]eff all'!$T$46:$U$46 -> 0.21063191 | V46: =+'[14]eff all'!$V$46:$W$46 -> 556.96866 | X46: =+'[14]eff all'!$X$46:$Y$46 -> 505.65161 | Z46: =+'[14]eff all'!$Z$46:$AA$46 -> 0.81429519 | AB46: =+'[14]eff all'!$AB$46:$AC$46 -> 0.84116946 | AD46: =+'[14]eff all'!$AD$46:$AE$46 -> 1037.251 | AF46: =+'[14]eff all'!$AF$46:$AG$46 -> 107.29574 | AH46: =+'[14]eff all'!$AH$46:$AI$46 -> 1.5367544 | AJ46: =+'[14]eff all'!$AJ$46:$AK$46 -> 927.08315 | AL46: =+'[14]eff all'!$AL$46:$AM$46 -> 0 | AN46: =+'[14]eff all'!$AN$46:$AO$46 -> 0.88342597 | AP46: =+'[14]eff all'!$AP$46:$AQ$46 -> 0.90448559 | AR46: =+'[14]eff all'!$AR$46:$AS$46 -> 1294.864 | AT46: =+'[14]eff all'!$AT$46:$AU$46 -> 106.60048 | AV46: =+'[14]eff all'!$AV$46:$AW$46 -> 1.7585631 | AX46: =+'[14]eff all'!$AX$46:$AY$46 -> 0.073212322 | AZ46: =+'[14]eff all'!$AZ$46:$BA$46 -> 932.75272 | BB46: =+'[14]eff all'!$BB$46:$BC$46 -> 205.07134 | BD46: =+'[14]eff all'!$BD$46:$BE$46 -> 0 | BF46: =+'[14]eff all'!$BF$46:$BG$46 -> 0.85694754 | BH46: =+'[14]eff all'!$BH$46:$BI$46 -> 0.88509205 | BJ46: =+'[14]eff all'!$BJ$46:$BK$46 -> 1241.78 | BL46: =+'[14]eff all'!$BL$46:$BM$46 -> 2.5784761 | BN46: =+'[14]eff all'!$BN$46:$BO$46 -> 0 | BP46: =+'[14]eff all'!$BP$46:$BQ$46 -> 1074.7242 | BR46: =+'[14]eff all'!$BR$46:$BS$46 -> 0 | BT46: =+'[14]eff all'!$BT$46:$BU$46 -> 0.52741322 | BV46: =+'[14]eff all'!$BV$46:$BW$46 -> 0.87317352 | BX46: =+'[14]eff all'!$BX$46:$BY$46 -> 769.938 | BZ46: =+'[14]eff all'!$BZ$46:$CA$46 -> 79.808071 | CB46: =+'[14]eff all'!$CB$46:$CC$46 -> 2.0515938 | CD46: =+'[14]eff all'!$CD$46:$CE$46 -> 0.078512815 | CF46: =+'[14]eff all'!$CF$46:$CG$46 -> 1021.1664 | CH46: =+'[14]eff all'!$CH$46:$CI$46 -> 210.64553 | CJ46: =+'[14]eff all'!$CJ$46:$CK$46 -> 0
A47: Januari | B47: =+'[15]eff all'!$B$47:$C$47 -> 0.83356469 | D47: =+'[15]eff all'!$D$47:$E$47 -> 0.83361178 | F47: =+'[15]eff all'!$F$47:$G$47 -> 1793.901 | H47: =+'[15]eff all'!$H$47:$I$47 -> 2.2654868 | J47: =+'[15]eff all'!$J$47:$K$47 -> 869.87488 | L47: =+'[15]eff all'!$L$47:$M$47 -> 0.92571233 | N47: =+'[15]eff all'!$N$47:$O$47 -> 0.92998024 | P47: =+'[15]eff all'!$P$47:$Q$47 -> 1900.575 | R47: =+'[15]eff all'!$R$47:$S$47 -> 2.4046281 | T47: =+'[15]eff all'!$T$47:$U$47 -> 0.23240335 | V47: =+'[15]eff all'!$V$47:$W$47 -> 527.49748 | X47: =+'[15]eff all'!$X$47:$Y$47 -> 446.15971 | Z47: =+'[15]eff all'!$Z$47:$AA$47 -> 0.89180765 | AB47: =+'[15]eff all'!$AB$47:$AC$47 -> 0.89180765 | AD47: =+'[15]eff all'!$AD$47:$AE$47 -> 1235.41 | AF47: =+'[15]eff all'!$AF$47:$AG$47 -> 96.393124 | AH47: =+'[15]eff all'!$AH$47:$AI$47 -> 1.4614581 | AJ47: =+'[15]eff all'!$AJ$47:$AK$47 -> 901.21824 | AL47: =+'[15]eff all'!$AL$47:$AM$47 -> 0 | AN47: =+'[15]eff all'!$AN$47:$AO$47 -> 0.65645764 | AP47: =+'[15]eff all'!$AP$47:$AQ$47 -> 0.84659222 | AR47: =+'[15]eff all'!$AR$47:$AS$47 -> 1045.391 | AT47: =+'[15]eff all'!$AT$47:$AU$47 -> 119.51094 | AV47: =+'[15]eff all'!$AV$47:$AW$47 -> 1.7690032 | AX47: =+'[15]eff all'!$AX$47:$AY$47 -> 0.090148088 | AZ47: =+'[15]eff all'!$AZ$47:$BA$47 -> 1055.9628 | BB47: =+'[15]eff all'!$BB$47:$BC$47 -> 340.18133 | BD47: =+'[15]eff all'!$BD$47:$BE$47 -> 7.609593 | BF47: =+'[15]eff all'!$BF$47:$BG$47 -> 0.90491768 | BH47: =+'[15]eff all'!$BH$47:$BI$47 -> 0.90491768 | BJ47: =+'[15]eff all'!$BJ$47:$BK$47 -> 1444.905 | BL47: =+'[15]eff all'!$BL$47:$BM$47 -> 2.4918593 | BN47: =+'[15]eff all'!$BN$47:$BO$47 -> 0 | BP47: =+'[15]eff all'!$BP$47:$BQ$47 -> 1021.2882 | BR47: =+'[15]eff all'!$BR$47:$BS$47 -> 0 | BT47: =+'[15]eff all'!$BT$47:$BU$47 -> 0.83316576 | BV47: =+'[15]eff all'!$BV$47:$BW$47 -> 0.84218323 | BX47: =+'[15]eff all'!$BX$47:$BY$47 -> 1301.7 | BZ47: =+'[15]eff all'!$BZ$47:$CA$47 -> 87.852276 | CB47: =+'[15]eff all'!$CB$47:$CC$47 -> 1.9540601 | CD47: =+'[15]eff all'!$CD$47:$CE$47 -> 0.090078359 | CF47: =+'[15]eff all'!$CF$47:$CG$47 -> 925.71846 | CH47: =+'[15]eff all'!$CH$47:$CI$47 -> 294.56672 | CJ47: =+'[15]eff all'!$CJ$47:$CK$47 -> 8.7308904

Sheet Report1
A3: PAPER MACHINE 11 DAILY REPORT 1
A6: Date | B6: Grade | C6: GSM | D6: Speed yankee (mpm) | E6: Speed reel (mpm) | F6: Creep ( % ) | G6: Real Eff PM ( % ) | H6: Real Eff PM vs Target (%) | I6: Real Eff FG vs Real Eff PM (%) | J6: Eff FG vs Target (%) | L6: Kapasitas Target (ton) | N6: Kapasitas Teori Real (ton) | P6: PM PROD Timbangan (TON) | R6: FINSHED GOODS (TON) | T6: STEAM (TON) | Z6: POWER (kWh) | AF6: TOTALIZER | AH6: Kapasitas Running (ton) | AJ6: Eff FG vs Target Running(%)
T7: CONSUMPTION | V7: /TON PM. | X7: /TON FG. | Z7: CONSUMPTION | AB7: /TON PM | AD7: /TON FG
J8: TODAY | K8: TODATE | L8: TODAY | M8: TODATE | N8: TODAY | O8: TODATE | P8: TODAY | Q8: TODATE | R8: TODAY | S8: TODATE | T8: TODAY | U8: TODATE | V8: TODAY | W8: TODATE | X8: TODAY | Y8: TODATE | Z8: TODAY | AA8: TODATE | AB8: TODAY | AC8: TODATE | AD8: TODAY | AE8: TODATE | AF8: Hood | AG8: Yankee | AH8: TODAY | AI8: TODATE | AJ8: TODAY | AK8: TODATE
A9: 45962 | B9: MG | C9: 14 | D9: =+'1'!F42 -> 1290 | E9: =+'1'!G42 -> 1285.485 | F9: =1-(E9/D9) -> 0.0035 | G9: =+P9/N9 -> 1.1098954 | H9: =+P9/L9 -> 1.1060108 | I9: =+R9/P9 -> 0.90651253 | J9: =+R9/L9 -> 1.0026126 | K9: =+S9/M9 -> 1.0026126 | L9: =+Efficiency1!K6 -> 59.517504 | M9: =L9 -> 59.517504 | N9: =+Efficiency1!C6 -> 59.309193 | O9: =N9 -> 59.309193 | P9: ='1'!I38 -> 65.827 | Q9: =P9 -> 65.827 | R9: ='1'!I40 -> 59.673 | S9: =R9 -> 59.673 | T9: =+AF9+AG9 -> 152.922 | U9: =T9 -> 152.922 | V9: =T9/(P9) -> 2.3230893 | W9: =U9/(Q9) -> 2.3230893 | X9: =IF(AND(R9>0,T9>0),T9/(R9),0) -> 2.5626665 | Y9: =IF(AND(S9>0,U9>0),U9/(S9),0) -> 2.5626665 | Z9: ='1'!I46 -> 50813.3 | AA9: =Z9 -> 50813.3 | AB9: =IF(AND(L9>0,Z9>0),(Z9/(P9*1000)*1000),0) -> 771.92186 | AC9: =IF(AND(M9>0,AA9>0),(AA9/(Q9*1000)*1000),0) -> 771.92186 | AD9: =IF(AND(R9>0,Z9>0),(Z9/(R9*1000)*1000),0) -> 851.52917 | AE9: =IF(AND(S9>0,AA9>0),(AA9/(S9*1000)*1000),0) -> 851.52917 | AF9: =13.79 -> 13.79 | AG9: 139.132 | AH9: =+Efficiency2!K6 -> 59.517504 | AI9: =AH9 -> 59.517504 | AJ9: =+R9/AH9 -> 1.0026126 | AK9: =+S9/AI9 -> 1.0026126
A10: =A9+1 -> 45963 | B10: MG | C10: 14/16,5 | D10: =+'2'!F42 -> 1285.5556 | E10: =+'2'!G42 -> 1281.0561 | F10: =1-(E10/D10) -> 0.0035 | G10: =+P10/N10 -> 0.90781452 | H10: =+P10/L10 -> 0.90128666 | I10: =+R10/P10 -> 0.9531955 | J10: =+R10/L10 -> 0.85910239 | K10: =+S10/M10 -> 0.9235392 | L10: =+SUM(Efficiency1!K10:K11) -> 73.036696 | M10: =M9+L10 -> 132.5542 | N10: =+SUM(Efficiency1!C10:C11) -> 72.511508 | O10: =O9+N10 -> 131.8207 | P10: ='2'!I38 -> 65.827 | Q10: =Q9+P10 -> 131.654 | R10: ='2'!I40 -> 62.746 | S10: =S9+R10 -> 122.419 | T10: =+AF10+AG10 -> 158.395 | U10: =T10+U9 -> 311.317 | V10: =T10/(P10) -> 2.4062315 | W10: =U10/(Q10) -> 2.3646604 | X10: =IF(AND(R10>0,T10>0),T10/(R10),0) -> 2.524384 | Y10: =IF(AND(S10>0,U10>0),U10/(S10),0) -> 2.5430448 | Z10: ='2'!I46 -> 58627.78 | AA10: =Z10+AA9 -> 109441.08 | AB10: =IF(AND(L10>0,Z10>0),(Z10/(P10*1000)*1000),0) -> 890.63424 | AC10: =IF(AND(M10>0,AA10>0),(AA10/(Q10*1000)*1000),0) -> 831.27805 | AD10: =IF(AND(R10>0,Z10>0),(Z10/(R10*1000)*1000),0) -> 934.36681 | AE10: =IF(AND(S10>0,AA10>0),(AA10/(S10*1000)*1000),0) -> 893.9877 | AF10: =17.064 -> 17.064 | AG10: 141.331 | AH10: =+SUM(Efficiency2!K10:K11) -> 73.036696 | AI10: =AI9+AH10 -> 132.5542 | AJ10: =+R10/AH10 -> 0.85910239 | AK10: =+S10/AI10 -> 0.9235392
A11: =A10+1 -> 45964 | B11: MG | C11: 16,5 | D11: =+'3'!F42 -> 1182.3889 | E11: =+'3'!G42 -> 1178.2505 | F11: =1-(E11/D11) -> 0.0035 | G11: =+P11/N11 -> 0.95515979 | H11: =+P11/L11 -> 0.93009713 | I11: =+R11/P11 -> 0.93669441 | J11: =+R11/L11 -> 0.87121678 | K11: =+S11/M11 -> 0.90458062 | L11: =+Efficiency1!K15 -> 75.322241 | M11: =M10+L11 -> 207.87644 | N11: =+Efficiency1!C15 -> 73.345843 | O11: =O10+N11 -> 205.16654 | P11: ='3'!I38 -> 70.057 | Q11: =Q10+P11 -> 201.711 | R11: ='3'!I40 -> 65.622 | S11: =S10+R11 -> 188.041 | T11: =+AF11+AG11 -> 167.041 | U11: =T11+U10 -> 478.358 | V11: =T11/(P11) -> 2.3843585 | W11: =U11/(Q11) -> 2.3715018 | X11: =IF(AND(R11>0,T11>0),T11/(R11),0) -> 2.545503 | Y11: =IF(AND(S11>0,U11>0),U11/(S11),0) -> 2.5439027 | Z11: ='3'!I46 -> 50077.08 | AA11: =Z11+AA10 -> 159518.16 | AB11: =IF(AND(L11>0,Z11>0),(Z11/(P11*1000)*1000),0) -> 714.8048 | AC11: =IF(AND(M11>0,AA11>0),(AA11/(Q11*1000)*1000),0) -> 790.82529 | AD11: =IF(AND(R11>0,Z11>0),(Z11/(R11*1000)*1000),0) -> 763.1142 | AE11: =IF(AND(S11>0,AA11>0),(AA11/(S11*1000)*1000),0) -> 848.31585 | AF11: =20.525 -> 20.525 | AG11: 146.516 | AH11: =+Efficiency2!K15 -> 75.322241 | AI11: =AI10+AH11 -> 207.87644 | AJ11: =+R11/AH11 -> 0.87121678 | AK11: =+S11/AI11 -> 0.90458062
A12: =A11+1 -> 45965 | B12: MG | C12: 16,5/30/17/18/14 | D12: =+'4'!F42 -> 1156.0417 | E12: =+'4'!G42 -> 1152.0155 | F12: =1-(E12/D12) -> 0.0034826996 | G12: =+P12/N12 -> 0.91470974 | H12: =+P12/L12 -> 0.90516145 | I12: =+R12/P12 -> 0.87300588 | J12: =+R12/L12 -> 0.79021127 | K12: =+S12/M12 -> 0.87411367 | L12: =+SUM(Efficiency1!K20:K24) -> 75.484876 | M12: =M11+L12 -> 283.36132 | N12: =+SUM(Efficiency1!C20:C24) -> 74.69692 | O12: =O11+N12 -> 279.86346 | P12: ='4'!I38 -> 68.326 | Q12: =Q11+P12 -> 270.037 | R12: ='4'!I40 -> 59.649 | S12: =S11+R12 -> 247.69 | T12: =+AF12+AG12 -> 147.047 | U12: =T12+U11 -> 625.405 | V12: =T12/(P12) -> 2.1521383 | W12: =U12/(Q12) -> 2.3159974 | X12: =IF(AND(R12>0,T12>0),T12/(R12),0) -> 2.4652048 | Y12: =IF(AND(S12>0,U12>0),U12/(S12),0) -> 2.5249505 | Z12: ='4'!I46 -> 53471.74 | AA12: =Z12+AA11 -> 212989.9 | AB12: =IF(AND(L12>0,Z12>0),(Z12/(P12*1000)*1000),0) -> 782.59725 | AC12: =IF(AND(M12>0,AA12>0),(AA12/(Q12*1000)*1000),0) -> 788.74339 | AD12: =IF(AND(R12>0,Z12>0),(Z12/(R12*1000)*1000),0) -> 896.43984 | AE12: =IF(AND(S12>0,AA12>0),(AA12/(S12*1000)*1000),0) -> 859.90512 | AF12: =5.723 -> 5.723 | AG12: 141.324 | AH12: =+SUM(Efficiency2!K20:K24) -> 75.484876 | AI12: =AI11+AH12 -> 283.36132 | AJ12: =+R12/AH12 -> 0.79021127 | AK12: =+S12/AI12 -> 0.87411367
A13: =A12+1 -> 45966 | B13: MG/Facial | C13: 14/10,3 | D13: =+'5'!F42 -> 1479.5161 | E13: =+'5'!G42 -> 1297.8967 | F13: =1-(E13/D13) -> 0.12275597 | G13: =+P13/N13 -> 0.80701099 | H13: =+P13/L13 -> 0.74878928 | I13: =+R13/P13 -> 1.2034286 | J13: =+R13/L13 -> 0.90111446 | K13: =+S13/M13 -> 0.87891146 | L13: =+SUM(Efficiency1!K27:K28) -> 61.230845 | M13: =M12+L13 -> 344.59216 | N13: =+SUM(Efficiency1!C27:C28) -> 56.813353 | O13: =O12+N13 -> 336.67682 | P13: ='5'!I38 -> 45.849 | Q13: =Q12+P13 -> 315.886 | R13: ='5'!I40 -> 55.176 | S13: =S12+R13 -> 302.866 | T13: =+AF13+AG13 -> 115.565 | U13: =T13+U12 -> 740.97 | V13: =T13/(P13) -> 2.5205566 | W13: =U13/(Q13) -> 2.345688 | X13: =IF(AND(R13>0,T13>0),T13/(R13),0) -> 2.0944795 | Y13: =IF(AND(S13>0,U13>0),U13/(S13),0) -> 2.4465275 | Z13: ='5'!I46 -> 49114.56 | AA13: =Z13+AA12 -> 262104.46 | AB13: =IF(AND(L13>0,Z13>0),(Z13/(P13*1000)*1000),0) -> 1071.2242 | AC13: =IF(AND(M13>0,AA13>0),(AA13/(Q13*1000)*1000),0) -> 829.74383 | AD13: =IF(AND(R13>0,Z13>0),(Z13/(R13*1000)*1000),0) -> 890.14354 | AE13: =IF(AND(S13>0,AA13>0),(AA13/(S13*1000)*1000),0) -> 865.41395 | AF13: =1.879 -> 1.879 | AG13: 113.686 | AH13: =+SUM(Efficiency2!K27:K28) -> 61.230845 | AI13: =AI12+AH13 -> 344.59216 | AJ13: =+R13/AH13 -> 0.90111446 | AK13: =+S13/AI13 -> 0.87891146
A14: =A13+1 -> 45967 | B14: Facial | C14: 12/13 | D14: =+'6'!F42 -> 1568.169 | E14: =+'6'!G42 -> 1191.8085 | F14: =1-(E14/D14) -> 0.24 | G14: =+P14/N14 -> 0.91739995 | H14: =+P14/L14 -> 0.84627305 | I14: =+R14/P14 -> 0.87527875 | J14: =+R14/L14 -> 0.74072482 | K14: =+S14/M14 -> 0.85845427 | L14: =+SUM(Efficiency1!K33:K34) -> 59.877837 | M14: =M13+L14 -> 404.47 | N14: =+SUM(Efficiency1!C33:C34) -> 55.235451 | O14: =O13+N14 -> 391.91227 | P14: ='6'!I38 -> 50.673 | Q14: =Q13+P14 -> 366.559 | R14: ='6'!I40 -> 44.353 | S14: =S13+R14 -> 347.219 | T14: =+AF14+AG14 -> 116.557 | U14: =T14+U13 -> 857.527 | V14: =T14/(P14) -> 2.3001796 | W14: =U14/(Q14) -> 2.3393969 | X14: =IF(AND(R14>0,T14>0),T14/(R14),0) -> 2.6279395 | Y14: =IF(AND(S14>0,U14>0),U14/(S14),0) -> 2.4697007 | Z14: ='6'!I46 -> 54529.78 | AA14: =Z14+AA13 -> 316634.24 | AB14: =IF(AND(L14>0,Z14>0),(Z14/(P14*1000)*1000),0) -> 1076.1111 | AC14: =IF(AND(M14>0,AA14>0),(AA14/(Q14*1000)*1000),0) -> 863.80157 | AD14: =IF(AND(R14>0,Z14>0),(Z14/(R14*1000)*1000),0) -> 1229.4496 | AE14: =IF(AND(S14>0,AA14>0),(AA14/(S14*1000)*1000),0) -> 911.91507 | AF14: =1.083 -> 1.083 | AG14: 115.474 | AH14: =+SUM(Efficiency2!K33:K34) -> 59.877837 | AI14: =AI13+AH14 -> 404.47 | AJ14: =+R14/AH14 -> 0.74072482 | AK14: =+S14/AI14 -> 0.85845427
A15: =A14+1 -> 45968 | B15: Facial | C15: 13/10,3 | D15: =+'7'!F42 -> 1603.6458 | E15: =+'7'!G42 -> 1218.7708 | F15: =1-(E15/D15) -> 0.24 | G15: =+P15/N15 -> 0.87550987 | H15: =+P15/L15 -> 0.82046272 | I15: =+R15/P15 -> 0.95090419 | J15: =+R15/L15 -> 0.78018144 | K15: =+S15/M15 -> 0.84799102 | L15: =+SUM(Efficiency1!K38:K39) -> 62.411124 | M15: =M14+L15 -> 466.88112 | N15: =+SUM(Efficiency1!C38:C39) -> 58.487062 | O15: =O14+N15 -> 450.39933 | P15: ='7'!I38 -> 51.206 | Q15: =Q14+P15 -> 417.765 | R15: ='7'!I40 -> 48.692 | S15: =S14+R15 -> 395.911 | T15: =+AF15+AG15 -> 118.986 | U15: =T15+U14 -> 976.513 | V15: =T15/(P15) -> 2.323673 | W15: =U15/(Q15) -> 2.3374696 | X15: =IF(AND(R15>0,T15>0),T15/(R15),0) -> 2.4436458 | Y15: =IF(AND(S15>0,U15>0),U15/(S15),0) -> 2.4664963 | Z15: ='7'!I46 -> 51276.1 | AA15: =Z15+AA14 -> 367910.34 | AB15: =IF(AND(L15>0,Z15>0),(Z15/(P15*1000)*1000),0) -> 1001.369 | AC15: =IF(AND(M15>0,AA15>0),(AA15/(Q15*1000)*1000),0) -> 880.66339 | AD15: =IF(AND(R15>0,Z15>0),(Z15/(R15*1000)*1000),0) -> 1053.0703 | AE15: =IF(AND(S15>0,AA15>0),(AA15/(S15*1000)*1000),0) -> 929.27537 | AF15: =0.261 -> 0.261 | AG15: 118.725 | AH15: =+SUM(Efficiency2!K38:K39) -> 62.411124 | AI15: =AI14+AH15 -> 466.88112 | AJ15: =+R15/AH15 -> 0.78018144 | AK15: =+S15/AI15 -> 0.84799102
A16: =A15+1 -> 45969 | B16: Facial | C16: 10,3 | D16: =+'8'!F42 -> 1553.3333 | E16: =+'8'!G42 -> 1304.8 | F16: =1-(E16/D16) -> 0.16 | G16: =+P16/N16 -> 0.90768112 | H16: =+P16/L16 -> 0.81498922 | I16: =+R16/P16 -> 1.0217652 | J16: =+R16/L16 -> 0.83272761 | K16: =+S16/M16 -> 0.84632166 | L16: =+Efficiency1!K42 -> 57.333274 | M16: =M15+L16 -> 524.2144 | N16: =+Efficiency1!C42 -> 51.478431 | O16: =O15+N16 -> 501.87776 | P16: ='8'!I38 -> 46.726 | Q16: =Q15+P16 -> 464.491 | R16: ='8'!I40 -> 47.743 | S16: =S15+R16 -> 443.654 | T16: =+AF16+AG16 -> 113.193 | U16: =T16+U15 -> 1089.706 | V16: =T16/(P16) -> 2.4224843 | W16: =U16/(Q16) -> 2.3460218 | X16: =IF(AND(R16>0,T16>0),T16/(R16),0) -> 2.3708816 | Y16: =IF(AND(S16>0,U16>0),U16/(S16),0) -> 2.4562069 | Z16: ='8'!I46 -> 56198.5 | AA16: =Z16+AA15 -> 424108.84 | AB16: =IF(AND(L16>0,Z16>0),(Z16/(P16*1000)*1000),0) -> 1202.7244 | AC16: =IF(AND(M16>0,AA16>0),(AA16/(Q16*1000)*1000),0) -> 913.06148 | AD16: =IF(AND(R16>0,Z16>0),(Z16/(R16*1000)*1000),0) -> 1177.1045 | AE16: =IF(AND(S16>0,AA16>0),(AA16/(S16*1000)*1000),0) -> 955.94504 | AF16: 0.129 | AG16: 113.064 | AH16: =+Efficiency2!K42 -> 57.333274 | AI16: =AI15+AH16 -> 524.2144 | AJ16: =+R16/AH16 -> 0.83272761 | AK16: =+S16/AI16 -> 0.84632166
A17: =A16+1 -> 45970 | B17: Facial | C17: 10,3/12,5 | D17: =+'9'!F42 -> 1580 | E17: =+'9'!G42 -> 1276.8156 | F17: =1-(E17/D17) -> 0.19188889 | G17: =+P17/N17 -> 1.0008938 | H17: =+P17/L17 -> 0.92086669 | I17: =+R17/P17 -> 0.97223087 | J17: =+R17/L17 -> 0.89529502 | K17: =+S17/M17 -> 0.85130038 | L17: =+SUM(Efficiency1!K46:K47) -> 59.323462 | M17: =M16+L17 -> 583.53786 | N17: =+SUM(Efficiency1!C46:C47) -> 54.580217 | O17: =O16+N17 -> 556.45798 | P17: ='9'!I38 -> 54.629 | Q17: =Q16+P17 -> 519.12 | R17: ='9'!I40 -> 53.112 | S17: =S16+R17 -> 496.766 | T17: =+AF17+AG17 -> 117.136 | U17: =T17+U16 -> 1206.842 | V17: =T17/(P17) -> 2.1442091 | W17: =U17/(Q17) -> 2.3247843 | X17: =IF(AND(R17>0,T17>0),T17/(R17),0) -> 2.2054526 | Y17: =IF(AND(S17>0,U17>0),U17/(S17),0) -> 2.4293973 | Z17: ='9'!I46 -> 55397.94 | AA17: =Z17+AA16 -> 479506.78 | AB17: =IF(AND(L17>0,Z17>0),(Z17/(P17*1000)*1000),0) -> 1014.0757 | AC17: =IF(AND(M17>0,AA17>0),(AA17/(Q17*1000)*1000),0) -> 923.69159 | AD17: =IF(AND(R17>0,Z17>0),(Z17/(R17*1000)*1000),0) -> 1043.04 | AE17: =IF(AND(S17>0,AA17>0),(AA17/(S17*1000)*1000),0) -> 965.25684 | AF17: 0.156 | AG17: 116.98 | AH17: =+SUM(Efficiency2!K46:K47) -> 59.323462 | AI17: =AI16+AH17 -> 583.53786 | AJ17: =+R17/AH17 -> 0.89529502 | AK17: =+S17/AI17 -> 0.85130038
A18: =A17+1 -> 45971 | B18: Facial/Sanitary Napkin | C18: 12/13 | D18: =+'10'!F42 -> 1369.1667 | E18: =+'10'!G42 -> 1090.0667 | F18: =1-(E18/D18) -> 0.20384662 | G18: =+P18/N18 -> 0.91808543 | H18: =+P18/L18 -> 0.91177974 | I18: =+R18/P18 -> 0.89141155 | J18: =+R18/L18 -> 0.81277099 | K18: =+S18/M18 -> 0.84807128 | L18: =+SUM(Efficiency1!K50:K51) -> 53.37912 | M18: =M17+L18 -> 636.91698 | N18: =+SUM(Efficiency1!C50:C51) -> 53.012496 | O18: =O17+N18 -> 609.47047 | P18: ='10'!I38 -> 48.67 | Q18: =Q17+P18 -> 567.79 | R18: ='10'!I40 -> 43.385 | S18: =S17+R18 -> 540.151 | T18: =+AF18+AG18 -> 119.291 | U18: =T18+U17 -> 1326.133 | V18: =T18/(P18) -> 2.4510171 | W18: =U18/(Q18) -> 2.3356047 | X18: =IF(AND(R18>0,T18>0),T18/(R18),0) -> 2.7495909 | Y18: =IF(AND(S18>0,U18>0),U18/(S18),0) -> 2.4551153 | Z18: ='10'!I46 -> 54202.24 | AA18: =Z18+AA17 -> 533709.02 | AB18: =IF(AND(L18>0,Z18>0),(Z18/(P18*1000)*1000),0) -> 1113.6684 | AC18: =IF(AND(M18>0,AA18>0),(AA18/(Q18*1000)*1000),0) -> 939.97608 | AD18: =IF(AND(R18>0,Z18>0),(Z18/(R18*1000)*1000),0) -> 1249.3313 | AE18: =IF(AND(S18>0,AA18>0),(AA18/(S18*1000)*1000),0) -> 988.07374 | AF18: =0.325 -> 0.325 | AG18: 118.966 | AH18: =+SUM(Efficiency2!K50:K51) -> 53.37912 | AI18: =AI17+AH18 -> 636.91698 | AJ18: =+R18/AH18 -> 0.81277099 | AK18: =+S18/AI18 -> 0.84807128
A19: =A18+1 -> 45972 | B19: Sanitary Napkin | C19: 13 | D19: =+'11'!F42 -> 1350 | E19: =+'11'!G42 -> 1080 | F19: =1-(E19/D19) -> 0.2 | G19: =+P19/N19 -> 1.0269613 | H19: =+P19/L19 -> 1.0269613 | I19: =+R19/P19 -> 0.95094752 | J19: =+R19/L19 -> 0.97658628 | K19: =+S19/M19 -> 0.85786919 | L19: =+Efficiency1!K55 -> 52.56576 | M19: =M18+L19 -> 689.48274 | N19: =+Efficiency1!C55 -> 52.56576 | O19: =O18+N19 -> 662.03623 | P19: ='11'!I38 -> 53.983 | Q19: =Q18+P19 -> 621.773 | R19: ='11'!I40 -> 51.335 | S19: =S18+R19 -> 591.486 | T19: =+AF19+AG19 -> 122.351 | U19: =T19+U18 -> 1448.484 | V19: =T19/(P19) -> 2.2664728 | W19: =U19/(Q19) -> 2.3296026 | X19: =IF(AND(R19>0,T19>0),T19/(R19),0) -> 2.3833837 | Y19: =IF(AND(S19>0,U19>0),U19/(S19),0) -> 2.4488897 | Z19: ='11'!I46 -> 54725.74 | AA19: =Z19+AA18 -> 588434.76 | AB19: =IF(AND(L19>0,Z19>0),(Z19/(P19*1000)*1000),0) -> 1013.7588 | AC19: =IF(AND(M19>0,AA19>0),(AA19/(Q19*1000)*1000),0) -> 946.38198 | AD19: =IF(AND(R19>0,Z19>0),(Z19/(R19*1000)*1000),0) -> 1066.0512 | AE19: =IF(AND(S19>0,AA19>0),(AA19/(S19*1000)*1000),0) -> 994.8414 | AF19: =0.607 -> 0.607 | AG19: 121.744 | AH19: =+Efficiency2!K55 -> 52.56576 | AI19: =AI18+AH19 -> 689.48274 | AJ19: =+R19/AH19 -> 0.97658628 | AK19: =+S19/AI19 -> 0.85786919
A20: =A19+1 -> 45973 | B20: Sanitary Napkin | C20: 13/14/15 | D20: =+'12'!F42 -> 1307.2917 | E20: =+'12'!G42 -> 1045.8333 | F20: =1-(E20/D20) -> 0.2 | G20: =+P20/N20 -> 1.0076313 | H20: =+P20/L20 -> 0.97406726 | I20: =+R20/P20 -> 0.87101743 | J20: =+R20/L20 -> 0.84842956 | K20: =+S20/M20 -> 0.85714462 | L20: =+SUM(Efficiency1!K60:K62) -> 57.323557 | M20: =M19+L20 -> 746.8063 | N20: =+SUM(Efficiency1!C60:C62) -> 55.414117 | O20: =O19+N20 -> 717.45035 | P20: ='12'!I38 -> 55.837 | Q20: =Q19+P20 -> 677.61 | R20: ='12'!I40 -> 48.635 | S20: =S19+R20 -> 640.121 | T20: =+AF20+AG20 -> 122.351 | U20: =T20+U19 -> 1570.835 | V20: =T20/(P20) -> 2.1912173 | W20: =U20/(Q20) -> 2.3181993 | X20: =IF(AND(R20>0,T20>0),T20/(R20),0) -> 2.5156986 | Y20: =IF(AND(S20>0,U20>0),U20/(S20),0) -> 2.4539657 | Z20: ='12'!I46 -> 54775.66 | AA20: =Z20+AA19 -> 643210.42 | AB20: =IF(AND(L20>0,Z20>0),(Z20/(P20*1000)*1000),0) -> 980.99217 | AC20: =IF(AND(M20>0,AA20>0),(AA20/(Q20*1000)*1000),0) -> 949.23395 | AD20: =IF(AND(R20>0,Z20>0),(Z20/(R20*1000)*1000),0) -> 1126.2601 | AE20: =IF(AND(S20>0,AA20>0),(AA20/(S20*1000)*1000),0) -> 1004.8263 | AF20: =0.607 -> 0.607 | AG20: 121.744 | AH20: =+SUM(Efficiency2!K60:K62) -> 57.323557 | AI20: =AI19+AH20 -> 746.8063 | AJ20: =+R20/AH20 -> 0.84842956 | AK20: =+S20/AI20 -> 0.85714462
A21: =A20+1 -> 45974 | B21: Sanitary Napkin/Facial | C21: 15/12,5/13 | D21: =+'13'!F42 -> 1271.3914 | E21: =+'13'!G42 -> 986.47462 | F21: =1-(E21/D21) -> 0.22409843 | G21: =+P21/N21 -> 0.71773277 | H21: =+P21/L21 -> 0.58068343 | I21: =+R21/P21 -> 1.1577546 | J21: =+R21/L21 -> 0.67228889 | K21: =+S21/M21 -> 0.84227805 | L21: =+SUM(Efficiency1!K64:K66) -> 65.312696 | M21: =M20+L21 -> 812.11899 | N21: =+SUM(Efficiency1!C64:C66) -> 52.841394 | O21: =O20+N21 -> 770.29174 | P21: ='13'!I38 -> 37.926 | Q21: =Q20+P21 -> 715.536 | R21: ='13'!I40 -> 43.909 | S21: =S20+R21 -> 684.03 | T21: =+AF21+AG21 -> 95.804 | U21: =T21+U20 -> 1666.639 | V21: =T21/(P21) -> 2.5260771 | W21: =U21/(Q21) -> 2.3292175 | X21: =IF(AND(R21>0,T21>0),T21/(R21),0) -> 2.1818762 | Y21: =IF(AND(S21>0,U21>0),U21/(S21),0) -> 2.4364999 | Z21: ='13'!I46 -> 38587.5 | AA21: =Z21+AA20 -> 681797.92 | AB21: =IF(AND(L21>0,Z21>0),(Z21/(P21*1000)*1000),0) -> 1017.4419 | AC21: =IF(AND(M21>0,AA21>0),(AA21/(Q21*1000)*1000),0) -> 952.84922 | AD21: =IF(AND(R21>0,Z21>0),(Z21/(R21*1000)*1000),0) -> 878.80617 | AE21: =IF(AND(S21>0,AA21>0),(AA21/(S21*1000)*1000),0) -> 996.73687 | AF21: =0.198 -> 0.198 | AG21: 95.606 | AH21: =+SUM(Efficiency2!K64:K66) -> 65.312696 | AI21: =AI20+AH21 -> 812.11899 | AJ21: =+R21/AH21 -> 0.67228889 | AK21: =+S21/AI21 -> 0.84227805
A22: =A21+1 -> 45975 | B22: Facial | C22: 13/12,5 | D22: =+'14'!F42 -> 1439.2917 | E22: =+'14'!G42 -> 1093.8617 | F22: =1-(E22/D22) -> 0.24 | G22: =+P22/N22 -> 0.99483675 | H22: =+P22/L22 -> 0.84152636 | I22: =+R22/P22 -> 0.91230014 | J22: =+R22/L22 -> 0.76772462 | K22: =+S22/M22 -> 0.83697367 | L22: =+SUM(Efficiency1!K70:K71) -> 62.207202 | M22: =M21+L22 -> 874.32619 | N22: =+SUM(Efficiency1!C70:C71) -> 52.620694 | O22: =O21+N22 -> 822.91244 | P22: ='14'!I38 -> 52.349 | Q22: =Q21+P22 -> 767.885 | R22: ='14'!I40 -> 47.758 | S22: =S21+R22 -> 731.788 | T22: =+AF22+AG22 -> 115.551 | U22: =T22+U21 -> 1782.19 | V22: =T22/(P22) -> 2.2073201 | W22: =U22/(Q22) -> 2.3209074 | X22: =IF(AND(R22>0,T22>0),T22/(R22),0) -> 2.4195109 | Y22: =IF(AND(S22>0,U22>0),U22/(S22),0) -> 2.4353911 | Z22: ='14'!I46 -> 45479.38 | AA22: =Z22+AA21 -> 727277.3 | AB22: =IF(AND(L22>0,Z22>0),(Z22/(P22*1000)*1000),0) -> 868.77266 | AC22: =IF(AND(M22>0,AA22>0),(AA22/(Q22*1000)*1000),0) -> 947.11747 | AD22: =IF(AND(R22>0,Z22>0),(Z22/(R22*1000)*1000),0) -> 952.2882 | AE22: =IF(AND(S22>0,AA22>0),(AA22/(S22*1000)*1000),0) -> 993.83606 | AF22: =0.135 -> 0.135 | AG22: 115.416 | AH22: =+SUM(Efficiency2!K70:K71) -> 62.207202 | AI22: =AI21+AH22 -> 874.32619 | AJ22: =+R22/AH22 -> 0.76772462 | AK22: =+S22/AI22 -> 0.83697367
A23: =A22+1 -> 45976 | B23: Facial | C23: 12,5/12 | D23: =+'15'!F42 -> 1539.9028 | E23: =+'15'!G42 -> 1170.3261 | F23: =1-(E23/D23) -> 0.24 | G23: =+P23/N23 -> 0.94613217 | H23: =+P23/L23 -> 0.85702955 | I23: =+R23/P23 -> 0.91411235 | J23: =+R23/L23 -> 0.7834213 | K23: =+S23/M23 -> 0.83355545 | L23: =+SUM(Efficiency1!K75:K76) -> 59.61288 | M23: =M22+L23 -> 933.93907 | N23: =+SUM(Efficiency1!C75:C76) -> 53.998798 | O23: =O22+N23 -> 876.91123 | P23: ='15'!I38 -> 51.09 | Q23: =Q22+P23 -> 818.975 | R23: ='15'!I40 -> 46.702 | S23: =S22+R23 -> 778.49 | T23: =+AF23+AG23 -> 120.894 | U23: =T23+U22 -> 1903.084 | V23: =T23/(P23) -> 2.3662948 | W23: =U23/(Q23) -> 2.3237388 | X23: =IF(AND(R23>0,T23>0),T23/(R23),0) -> 2.5886258 | Y23: =IF(AND(S23>0,U23>0),U23/(S23),0) -> 2.4445837 | Z23: ='15'!I46 -> 51429.52 | AA23: =Z23+AA22 -> 778706.82 | AB23: =IF(AND(L23>0,Z23>0),(Z23/(P23*1000)*1000),0) -> 1006.6455 | AC23: =IF(AND(M23>0,AA23>0),(AA23/(Q23*1000)*1000),0) -> 950.831 | AD23: =IF(AND(R23>0,Z23>0),(Z23/(R23*1000)*1000),0) -> 1101.2274 | AE23: =IF(AND(S23>0,AA23>0),(AA23/(S23*1000)*1000),0) -> 1000.2785 | AF23: =0.136 -> 0.136 | AG23: 120.758 | AH23: =+SUM(Efficiency2!K75:K76) -> 59.61288 | AI23: =AI22+AH23 -> 933.93907 | AJ23: =+R23/AH23 -> 0.7834213 | AK23: =+S23/AI23 -> 0.83355545
A24: =A23+1 -> 45977 | B24: Facial | C24: 12/13 | D24: =+'16'!F42 -> 1547 | E24: =+'16'!G42 -> 1175.8 | F24: =1-(E24/D24) -> 0.23994829 | G24: =+P24/N24 -> 0.98590108 | H24: =+P24/L24 -> 0.89727035 | I24: =+R24/P24 -> 0.95515526 | J24: =+R24/L24 -> 0.85703249 | K24: =+S24/M24 -> 0.83508228 | L24: =+SUM(Efficiency1!K79:K80) -> 64.963698 | M24: =M23+L24 -> 998.90277 | N24: =+SUM(Efficiency1!C79:C80) -> 59.123578 | O24: =O23+N24 -> 936.03481 | P24: ='16'!I38 -> 58.29 | Q24: =Q23+P24 -> 877.265 | R24: ='16'!I40 -> 55.676 | S24: =S23+R24 -> 834.166 | T24: =+AF24+AG24 -> 124.684 | U24: =T24+U23 -> 2027.768 | V24: =T24/(P24) -> 2.139029 | W24: =U24/(Q24) -> 2.3114657 | X24: =IF(AND(R24>0,T24>0),T24/(R24),0) -> 2.2394569 | Y24: =IF(AND(S24>0,U24>0),U24/(S24),0) -> 2.4308927 | Z24: ='16'!I46 -> 47404.82 | AA24: =Z24+AA23 -> 826111.64 | AB24: =IF(AND(L24>0,Z24>0),(Z24/(P24*1000)*1000),0) -> 813.25819 | AC24: =IF(AND(M24>0,AA24>0),(AA24/(Q24*1000)*1000),0) -> 941.68996 | AD24: =IF(AND(R24>0,Z24>0),(Z24/(R24*1000)*1000),0) -> 851.44084 | AE24: =IF(AND(S24>0,AA24>0),(AA24/(S24*1000)*1000),0) -> 990.34442 | AF24: =0.135 -> 0.135 | AG24: 124.549 | AH24: =+SUM(Efficiency2!K79:K80) -> 64.963698 | AI24: =AI23+AH24 -> 998.90277 | AJ24: =+R24/AH24 -> 0.85703249 | AK24: =+S24/AI24 -> 0.83508228
A25: =A24+1 -> 45978 | B25: Facial | C25: 13/12 | D25: =+'17'!F42 -> 1572.643 | E25: =+'17'!G42 -> 1195.2087 | F25: =1-(E25/D25) -> 0.24 | G25: =+P25/N25 -> 0.82797081 | H25: =+P25/L25 -> 0.76169036 | I25: =+R25/P25 -> 0.95582584 | J25: =+R25/L25 -> 0.72804333 | K25: =+S25/M25 -> 0.82881023 | L25: =+SUM(Efficiency1!K83:K84) -> 62.174871 | M25: =M24+L25 -> 1061.0776 | N25: =+SUM(Efficiency1!C83:C84) -> 57.197668 | O25: =O24+N25 -> 993.23248 | P25: ='17'!I38 -> 47.358 | Q25: =Q24+P25 -> 924.623 | R25: ='17'!I40 -> 45.266 | S25: =S24+R25 -> 879.432 | T25: =+AF25+AG25 -> 111.85 | U25: =T25+U24 -> 2139.618 | V25: =T25/(P25) -> 2.3617974 | W25: =U25/(Q25) -> 2.3140437 | X25: =IF(AND(R25>0,T25>0),T25/(R25),0) -> 2.4709495 | Y25: =IF(AND(S25>0,U25>0),U25/(S25),0) -> 2.4329545 | Z25: ='17'!I46 -> 48979.06 | AA25: =Z25+AA24 -> 875090.7 | AB25: =IF(AND(L25>0,Z25>0),(Z25/(P25*1000)*1000),0) -> 1034.2299 | AC25: =IF(AND(M25>0,AA25>0),(AA25/(Q25*1000)*1000),0) -> 946.42973 | AD25: =IF(AND(R25>0,Z25>0),(Z25/(R25*1000)*1000),0) -> 1082.0276 | AE25: =IF(AND(S25>0,AA25>0),(AA25/(S25*1000)*1000),0) -> 995.06352 | AF25: =0.127 -> 0.127 | AG25: 111.723 | AH25: =+SUM(Efficiency2!K83:K84) -> 62.174871 | AI25: =AI24+AH25 -> 1061.0776 | AJ25: =+R25/AH25 -> 0.72804333 | AK25: =+S25/AI25 -> 0.82881023
A26: =A25+1 -> 45979 | B26: Facial | C26: 12/13 | D26: =+'18'!F42 -> 1608.6614 | E26: =+'18'!G42 -> 1222.5827 | F26: =1-(E26/D26) -> 0.24 | G26: =+P26/N26 -> 0.83271914 | H26: =+P26/L26 -> 0.78933403 | I26: =+R26/P26 -> 0.88924552 | J26: =+R26/L26 -> 0.70191175 | K26: =+S26/M26 -> 0.82151382 | L26: =+SUM(Efficiency1!K89:K90) -> 64.731784 | M26: =M25+L26 -> 1125.8094 | N26: =+SUM(Efficiency1!C89:C90) -> 61.359224 | O26: =O25+N26 -> 1054.5917 | P26: ='18'!I38 -> 51.095 | Q26: =Q25+P26 -> 975.718 | R26: ='18'!I40 -> 45.436 | S26: =S25+R26 -> 924.868 | T26: =+AF26+AG26 -> 123.029 | U26: =T26+U25 -> 2262.647 | V26: =T26/(P26) -> 2.4078481 | W26: =U26/(Q26) -> 2.3189559 | X26: =IF(AND(R26>0,T26>0),T26/(R26),0) -> 2.7077428 | Y26: =IF(AND(S26>0,U26>0),U26/(S26),0) -> 2.446454 | Z26: ='18'!I46 -> 50933.88 | AA26: =Z26+AA25 -> 926024.58 | AB26: =IF(AND(L26>0,Z26>0),(Z26/(P26*1000)*1000),0) -> 996.84666 | AC26: =IF(AND(M26>0,AA26>0),(AA26/(Q26*1000)*1000),0) -> 949.0699 | AD26: =IF(AND(R26>0,Z26>0),(Z26/(R26*1000)*1000),0) -> 1121.0027 | AE26: =IF(AND(S26>0,AA26>0),(AA26/(S26*1000)*1000),0) -> 1001.2505 | AF26: =0.383 -> 0.383 | AG26: 122.646 | AH26: =+SUM(Efficiency2!K89:K90) -> 64.731784 | AI26: =AI25+AH26 -> 1125.8094 | AJ26: =+R26/AH26 -> 0.70191175 | AK26: =+S26/AI26 -> 0.82151382
A27: =A26+1 -> 45980 | B27: Facial | C27: 13 | D27: =+'19'!F42 -> 1683.3333 | E27: =+'19'!G42 -> 1279.3333 | F27: =1-(E27/D27) -> 0.24 | G27: =+P27/N27 -> 0.982475 | H27: =+P27/L27 -> 0.9728429 | I27: =+R27/P27 -> 0.97989063 | J27: =+R27/L27 -> 0.95327963 | K27: =+S27/M27 -> 0.82878845 | L27: =+Efficiency1!K96 -> 65.786573 | M27: =M26+L27 -> 1191.596 | N27: =+Efficiency1!C96 -> 65.141606 | O27: =O26+N27 -> 1119.7333 | P27: ='19'!I38 -> 64 | Q27: =Q26+P27 -> 1039.718 | R27: ='19'!I40 -> 62.713 | S27: =S26+R27 -> 987.581 | T27: =+AF27+AG27 -> 136.767 | U27: =T27+U26 -> 2399.414 | V27: =T27/(P27) -> 2.1369844 | W27: =U27/(Q27) -> 2.3077546 | X27: =IF(AND(R27>0,T27>0),T27/(R27),0) -> 2.1808397 | Y27: =IF(AND(S27>0,U27>0),U27/(S27),0) -> 2.429587 | Z27: ='19'!I46 -> 55796 | AA27: =Z27+AA26 -> 981820.58 | AB27: =IF(AND(L27>0,Z27>0),(Z27/(P27*1000)*1000),0) -> 871.8125 | AC27: =IF(AND(M27>0,AA27>0),(AA27/(Q27*1000)*1000),0) -> 944.3143 | AD27: =IF(AND(R27>0,Z27>0),(Z27/(R27*1000)*1000),0) -> 889.70389 | AE27: =IF(AND(S27>0,AA27>0),(AA27/(S27*1000)*1000),0) -> 994.16714 | AF27: 0.351 | AG27: 136.416 | AH27: =+Efficiency2!K96 -> 65.786573 | AI27: =AI26+AH27 -> 1191.596 | AJ27: =+R27/AH27 -> 0.95327963 | AK27: =+S27/AI27 -> 0.82878845
A28: =A27+1 -> 45981 | B28: Facial | C28: 13 | D28: =+'20'!F42 -> 1626.6667 | E28: =+'20'!G42 -> 1236.2667 | F28: =1-(E28/D28) -> 0.24 | G28: =+P28/N28 -> 0.92283051 | H28: =+P28/L28 -> 0.88302214 | I28: =+R28/P28 -> 0.9935274 | J28: =+R28/L28 -> 0.87730668 | K28: =+S28/M28 -> 0.83132694 | L28: =+Efficiency1!K101 -> 65.786573 | M28: =M27+L28 -> 1257.3826 | N28: =+Efficiency1!C101 -> 62.948721 | O28: =O27+N28 -> 1182.682 | P28: ='20'!I38 -> 58.091 | Q28: =Q27+P28 -> 1097.809 | R28: ='20'!I40 -> 57.715 | S28: =S27+R28 -> 1045.296 | T28: =+AF28+AG28 -> 134.458 | U28: =T28+U27 -> 2533.872 | V28: =T28/(P28) -> 2.3146098 | W28: =U28/(Q28) -> 2.3081174 | X28: =IF(AND(R28>0,T28>0),T28/(R28),0) -> 2.329689 | Y28: =IF(AND(S28>0,U28>0),U28/(S28),0) -> 2.4240713 | Z28: ='20'!I46 -> 55439.06 | AA28: =Z28+AA27 -> 1037259.6 | AB28: =IF(AND(L28>0,Z28>0),(Z28/(P28*1000)*1000),0) -> 954.34852 | AC28: =IF(AND(M28>0,AA28>0),(AA28/(Q28*1000)*1000),0) -> 944.84527 | AD28: =IF(AND(R28>0,Z28>0),(Z28/(R28*1000)*1000),0) -> 960.56588 | AE28: =IF(AND(S28>0,AA28>0),(AA28/(S28*1000)*1000),0) -> 992.31188 | AF28: =1.19 -> 1.19 | AG28: 133.268 | AH28: =+Efficiency2!K101 -> 65.786573 | AI28: =AI27+AH28 -> 1257.3826 | AJ28: =+R28/AH28 -> 0.87730668 | AK28: =+S28/AI28 -> 0.83132694
A29: =A28+1 -> 45982 | B29: Facial | C29: 13 | D29: =+'21'!F42 -> 1663.3333 | E29: =+'21'!G42 -> 1264.1333 | F29: =1-(E29/D29) -> 0.24 | G29: =+P29/N29 -> 0.94036372 | H29: =+P29/L29 -> 0.92008137 | I29: =+R29/P29 -> 0.92745626 | J29: =+R29/L29 -> 0.85333523 | K29: =+S29/M29 -> 0.83242116 | L29: =+Efficiency1!K105 -> 65.786573 | M29: =M28+L29 -> 1323.1691 | N29: =+Efficiency1!C105 -> 64.367647 | O29: =O28+N29 -> 1247.0497 | P29: ='21'!I38 -> 60.529 | Q29: =Q28+P29 -> 1158.338 | R29: ='21'!I40 -> 56.138 | S29: =S28+R29 -> 1101.434 | T29: =+AF29+AG29 -> 132.782 | U29: =T29+U28 -> 2666.654 | V29: =T29/(P29) -> 2.1936923 | W29: =U29/(Q29) -> 2.3021381 | X29: =IF(AND(R29>0,T29>0),T29/(R29),0) -> 2.3652784 | Y29: =IF(AND(S29>0,U29>0),U29/(S29),0) -> 2.4210747 | Z29: ='21'!I46 -> 54296.02 | AA29: =Z29+AA28 -> 1091555.7 | AB29: =IF(AND(L29>0,Z29>0),(Z29/(P29*1000)*1000),0) -> 897.0249 | AC29: =IF(AND(M29>0,AA29>0),(AA29/(Q29*1000)*1000),0) -> 942.34641 | AD29: =IF(AND(R29>0,Z29>0),(Z29/(R29*1000)*1000),0) -> 967.18836 | AE29: =IF(AND(S29>0,AA29>0),(AA29/(S29*1000)*1000),0) -> 991.03138 | AF29: =0.531 -> 0.531 | AG29: 132.251 | AH29: =+Efficiency2!K105 -> 65.786573 | AI29: =AI28+AH29 -> 1323.1691 | AJ29: =+R29/AH29 -> 0.85333523 | AK29: =+S29/AI29 -> 0.83242116
A30: =A29+1 -> 45983 | B30: Facial | C30: 13 | D30: =+'22'!F42 -> 1670 | E30: =+'22'!G42 -> 1269.2 | F30: =1-(E30/D30) -> 0.24 | G30: =+P30/N30 -> 0.81367094 | H30: =+P30/L30 -> 0.79931204 | I30: =+R30/P30 -> 1.0440058 | J30: =+R30/L30 -> 0.8344864 | K30: =+S30/M30 -> 0.83251898 | L30: =+Efficiency1!K111 -> 65.786573 | M30: =M29+L30 -> 1388.9557 | N30: =+Efficiency1!C111 -> 64.625633 | O30: =O29+N30 -> 1311.6753 | P30: ='22'!I38 -> 52.584 | Q30: =Q29+P30 -> 1210.922 | R30: ='22'!I40 -> 54.898 | S30: =S29+R30 -> 1156.332 | T30: =+AF30+AG30 -> 123.971 | U30: =T30+U29 -> 2790.625 | V30: =T30/(P30) -> 2.3575803 | W30: =U30/(Q30) -> 2.3045456 | X30: =IF(AND(R30>0,T30>0),T30/(R30),0) -> 2.2582061 | Y30: =IF(AND(S30>0,U30>0),U30/(S30),0) -> 2.4133424 | Z30: ='22'!I46 -> 54511.7 | AA30: =Z30+AA29 -> 1146067.4 | AB30: =IF(AND(L30>0,Z30>0),(Z30/(P30*1000)*1000),0) -> 1036.6594 | AC30: =IF(AND(M30>0,AA30>0),(AA30/(Q30*1000)*1000),0) -> 946.44193 | AD30: =IF(AND(R30>0,Z30>0),(Z30/(R30*1000)*1000),0) -> 992.96331 | AE30: =IF(AND(S30>0,AA30>0),(AA30/(S30*1000)*1000),0) -> 991.1231 | AF30: =1.195 -> 1.195 | AG30: 122.776 | AH30: =+Efficiency2!K111 -> 65.786573 | AI30: =AI29+AH30 -> 1388.9557 | AJ30: =+R30/AH30 -> 0.8344864 | AK30: =+S30/AI30 -> 0.83251898
A31: =A30+1 -> 45984 | B31: Facial | C31: 13 | D31: =+'23'!F42 -> 1657.6642 | E31: =+'23'!G42 -> 1259.8248 | F31: =1-(E31/D31) -> 0.24 | G31: =+P31/N31 -> 0.92177085 | H31: =+P31/L31 -> 0.89881563 | I31: =+R31/P31 -> 0.87028581 | J31: =+R31/L31 -> 0.78222649 | K31: =+S31/M31 -> 0.83024465 | L31: =+Efficiency1!K116 -> 65.786573 | M31: =M30+L31 -> 1454.7423 | N31: =+Efficiency1!C116 -> 64.148264 | O31: =O30+N31 -> 1375.8236 | P31: ='23'!I38 -> 59.13 | Q31: =Q30+P31 -> 1270.052 | R31: ='23'!I40 -> 51.46 | S31: =S30+R31 -> 1207.792 | T31: =+AF31+AG31 -> 131.047 | U31: =T31+U30 -> 2921.672 | V31: =T31/(P31) -> 2.2162523 | W31: =U31/(Q31) -> 2.3004349 | X31: =IF(AND(R31>0,T31>0),T31/(R31),0) -> 2.5465799 | Y31: =IF(AND(S31>0,U31>0),U31/(S31),0) -> 2.4190192 | Z31: ='23'!I46 -> 54181.6 | AA31: =Z31+AA30 -> 1200249 | AB31: =IF(AND(L31>0,Z31>0),(Z31/(P31*1000)*1000),0) -> 916.31321 | AC31: =IF(AND(M31>0,AA31>0),(AA31/(Q31*1000)*1000),0) -> 945.03923 | AD31: =IF(AND(R31>0,Z31>0),(Z31/(R31*1000)*1000),0) -> 1052.8877 | AE31: =IF(AND(S31>0,AA31>0),(AA31/(S31*1000)*1000),0) -> 993.75469 | AF31: =0.613 -> 0.613 | AG31: 130.434 | AH31: =+Efficiency2!K116 -> 65.786573 | AI31: =AI30+AH31 -> 1454.7423 | AJ31: =+R31/AH31 -> 0.78222649 | AK31: =+S31/AI31 -> 0.83024465
A32: =A31+1 -> 45985 | B32: Facial | C32: 13/10,3 | D32: =+'24'!F42 -> 1612.5 | E32: =+'24'!G42 -> 1272 | F32: =1-(E32/D32) -> 0.21116279 | G32: =+P32/N32 -> 0.9609959 | H32: =+P32/L32 -> 0.90808061 | I32: =+R32/P32 -> 0.98517762 | J32: =+R32/L32 -> 0.8946207 | K32: =+S32/M32 -> 0.83289878 | L32: =+SUM(Efficiency1!K122:K123) -> 62.55612 | M32: =M31+L32 -> 1517.2984 | N32: =+SUM(Efficiency1!C122:C123) -> 59.111595 | O32: =O31+N32 -> 1434.9352 | P32: ='24'!I38 -> 56.806 | Q32: =Q31+P32 -> 1326.858 | R32: ='24'!I40 -> 55.964 | S32: =S31+R32 -> 1263.756 | T32: =+AF32+AG32 -> 128.206 | U32: =T32+U31 -> 3049.878 | V32: =T32/(P32) -> 2.2569095 | W32: =U32/(Q32) -> 2.2985715 | X32: =IF(AND(R32>0,T32>0),T32/(R32),0) -> 2.2908656 | Y32: =IF(AND(S32>0,U32>0),U32/(S32),0) -> 2.413344 | Z32: =+'24'!I46 -> 54771.68 | AA32: =Z32+AA31 -> 1255020.6 | AB32: =IF(AND(L32>0,Z32>0),(Z32/(P32*1000)*1000),0) -> 964.18829 | AC32: =IF(AND(M32>0,AA32>0),(AA32/(Q32*1000)*1000),0) -> 945.85904 | AD32: =IF(AND(R32>0,Z32>0),(Z32/(R32*1000)*1000),0) -> 978.69488 | AE32: =IF(AND(S32>0,AA32>0),(AA32/(S32*1000)*1000),0) -> 993.08778 | AF32: =0.564 -> 0.564 | AG32: 127.642 | AH32: =+SUM(Efficiency2!K122:K123) -> 62.55612 | AI32: =AI31+AH32 -> 1517.2984 | AJ32: =+R32/AH32 -> 0.8946207 | AK32: =+S32/AI32 -> 0.83289878
A33: =A32+1 -> 45986 | B33: Facial | C33: 10,3 | D33: =+'25'!F42 -> 1600 | E33: =+'25'!G42 -> 1344 | F33: =1-(E33/D33) -> 0.16 | G33: =+P33/N33 -> 0.97740701 | H33: =+P33/L33 -> 0.90396024 | I33: =+R33/P33 -> 1.0370463 | J33: =+R33/L33 -> 0.93744864 | K33: =+S33/M33 -> 0.83670551 | L33: =+Efficiency1!K127 -> 57.333274 | M33: =M32+L33 -> 1574.6317 | N33: =+Efficiency1!C127 -> 53.024993 | O33: =O32+N33 -> 1487.9602 | P33: ='25'!I38 -> 51.827 | Q33: =Q32+P33 -> 1378.685 | R33: ='25'!I40 -> 53.747 | S33: =S32+R33 -> 1317.503 | T33: =+AF33+AG33 -> 125.011 | U33: =T33+U32 -> 3174.889 | V33: =T33/(P33) -> 2.4120825 | W33: =U33/(Q33) -> 2.3028386 | X33: =IF(AND(R33>0,T33>0),T33/(R33),0) -> 2.3259159 | Y33: =IF(AND(S33>0,U33>0),U33/(S33),0) -> 2.4097774 | Z33: =+'25'!I46 -> 54506.64 | AA33: =Z33+AA32 -> 1309527.3 | AB33: =IF(AND(L33>0,Z33>0),(Z33/(P33*1000)*1000),0) -> 1051.7036 | AC33: =IF(AND(M33>0,AA33>0),(AA33/(Q33*1000)*1000),0) -> 949.83791 | AD33: =IF(AND(R33>0,Z33>0),(Z33/(R33*1000)*1000),0) -> 1014.1336 | AE33: =IF(AND(S33>0,AA33>0),(AA33/(S33*1000)*1000),0) -> 993.94634 | AF33: =0.319 -> 0.319 | AG33: 124.692 | AH33: =+Efficiency2!K127 -> 57.333274 | AI33: =AI32+AH33 -> 1574.6317 | AJ33: =+R33/AH33 -> 0.93744864 | AK33: =+S33/AI33 -> 0.83670551
A34: =A33+1 -> 45987 | B34: Facial | C34: 10,3 | D34: =+'26'!F42 -> 1630.9722 | E34: =+'26'!G42 -> 1370.0167 | F34: =1-(E34/D34) -> 0.16 | G34: =+P34/N34 -> 1.0529729 | H34: =+P34/L34 -> 0.9921074 | I34: =+R34/P34 -> 0.91007485 | J34: =+R34/L34 -> 0.902892 | K34: =+S34/M34 -> 0.83903204 | L34: =+Efficiency1!K131 -> 57.366773 | M34: =M33+L34 -> 1631.9985 | N34: =+Efficiency1!C131 -> 54.050774 | O34: =O33+N34 -> 1542.0109 | P34: ='26'!I38 -> 56.914 | Q34: =Q33+P34 -> 1435.599 | R34: ='26'!I40 -> 51.796 | S34: =S33+R34 -> 1369.299 | T34: =+AF34+AG34 -> 129.503 | U34: =T34+U33 -> 3304.392 | V34: =T34/(P34) -> 2.2754155 | W34: =U34/(Q34) -> 2.3017514 | X34: =IF(AND(R34>0,T34>0),T34/(R34),0) -> 2.500251 | Y34: =IF(AND(S34>0,U34>0),U34/(S34),0) -> 2.4131997 | Z34: ='26'!I46 -> 53214.46 | AA34: =Z34+AA33 -> 1362741.7 | AB34: =IF(AND(L34>0,Z34>0),(Z34/(P34*1000)*1000),0) -> 934.99772 | AC34: =IF(AND(M34>0,AA34>0),(AA34/(Q34*1000)*1000),0) -> 949.24957 | AD34: =IF(AND(R34>0,Z34>0),(Z34/(R34*1000)*1000),0) -> 1027.3855 | AE34: =IF(AND(S34>0,AA34>0),(AA34/(S34*1000)*1000),0) -> 995.21123 | AF34: =0.097 -> 0.097 | AG34: 129.406 | AH34: =+Efficiency2!K131 -> 57.366773 | AI34: =AI33+AH34 -> 1631.9985 | AJ34: =+R34/AH34 -> 0.902892 | AK34: =+S34/AI34 -> 0.83903204
A35: =A34+1 -> 45988 | B35: Facial | C35: 10,3/12 | D35: =+'27'!F42 -> 1620 | E35: =+'27'!G42 -> 1312.2 | F35: =1-(E35/D35) -> 0.19 | G35: =+P35/N35 -> 1.0027636 | H35: =+P35/L35 -> 0.94527688 | I35: =+R35/P35 -> 1.1029173 | J35: =+R35/L35 -> 1.0425622 | K35: =+S35/M35 -> 0.84602362 | L35: =+SUM(Efficiency1!K135:K136) -> 58.056006 | M35: =M34+L35 -> 1690.0545 | N35: =+SUM(Efficiency1!C135:C136) -> 54.727752 | O35: =O34+N35 -> 1596.7387 | P35: ='27'!I38 -> 54.879 | Q35: =Q34+P35 -> 1490.478 | R35: ='27'!I40 -> 60.527 | S35: =S34+R35 -> 1429.826 | T35: =+AF35+AG35 -> 127.277 | U35: =T35+U34 -> 3431.669 | V35: =T35/(P35) -> 2.3192296 | W35: =U35/(Q35) -> 2.3023949 | X35: =IF(AND(R35>0,T35>0),T35/(R35),0) -> 2.1028136 | Y35: =IF(AND(S35>0,U35>0),U35/(S35),0) -> 2.4000606 | Z35: ='27'!I46 -> 51927.78 | AA35: =Z35+AA34 -> 1414669.5 | AB35: =IF(AND(L35>0,Z35>0),(Z35/(P35*1000)*1000),0) -> 946.22315 | AC35: =IF(AND(M35>0,AA35>0),(AA35/(Q35*1000)*1000),0) -> 949.13814 | AD35: =IF(AND(R35>0,Z35>0),(Z35/(R35*1000)*1000),0) -> 857.92754 | AE35: =IF(AND(S35>0,AA35>0),(AA35/(S35*1000)*1000),0) -> 989.39977 | AF35: =0.474 -> 0.474 | AG35: 126.803 | AH35: =+SUM(Efficiency2!K135:K136) -> 58.056006 | AI35: =AI34+AH35 -> 1690.0545 | AJ35: =+R35/AH35 -> 1.0425622 | AK35: =+S35/AI35 -> 0.84602362
A36: =A35+1 -> 45989 | B36: Facial | C36: 12 | D36: =+'28'!F42 -> 1600 | E36: =+'28'!G42 -> 1216 | F36: =1-(E36/D36) -> 0.24 | G36: =+P36/N36 -> 0.97957205 | H36: =+P36/L36 -> 0.92195016 | I36: =+R36/P36 -> 0.95889397 | J36: =+R36/L36 -> 0.88405245 | K36: =+S36/M36 -> 0.84729813 | L36: =+Efficiency1!K140 -> 58.60512 | M36: =M35+L36 -> 1748.6596 | N36: =+Efficiency1!C140 -> 55.15776 | O36: =O35+N36 -> 1651.8965 | P36: ='28'!I38 -> 54.031 | Q36: =Q35+P36 -> 1544.509 | R36: ='28'!I40 -> 51.81 | S36: =S35+R36 -> 1481.636 | T36: =+AF36+AG36 -> 124.27 | U36: =T36+U35 -> 3555.939 | V36: =T36/(P36) -> 2.2999759 | W36: =U36/(Q36) -> 2.3023103 | X36: =IF(AND(R36>0,T36>0),T36/(R36),0) -> 2.3985717 | Y36: =IF(AND(S36>0,U36>0),U36/(S36),0) -> 2.4000085 | Z36: ='28'!I46 -> 52540.8 | AA36: =Z36+AA35 -> 1467210.3 | AB36: =IF(AND(L36>0,Z36>0),(Z36/(P36*1000)*1000),0) -> 972.41954 | AC36: =IF(AND(M36>0,AA36>0),(AA36/(Q36*1000)*1000),0) -> 949.95259 | AD36: =IF(AND(R36>0,Z36>0),(Z36/(R36*1000)*1000),0) -> 1014.1054 | AE36: =IF(AND(S36>0,AA36>0),(AA36/(S36*1000)*1000),0) -> 990.26368 | AF36: =0.679 -> 0.679 | AG36: 123.591 | AH36: =+Efficiency2!K140 -> 58.60512 | AI36: =AI35+AH36 -> 1748.6596 | AJ36: =+R36/AH36 -> 0.88405245 | AK36: =+S36/AI36 -> 0.84729813
A37: =A36+1 -> 45990 | B37: Facial | C37: 12 | D37: =+'29'!F42 -> 1600 | E37: =+'29'!G42 -> 1216 | F37: =1-(E37/D37) -> 0.24 | G37: =+P37/N37 -> 0.94307849 | H37: =+P37/L37 -> 0.88760328 | I37: =+R37/P37 -> 1.0418581 | J37: =+R37/L37 -> 0.92475667 | K37: =+S37/M37 -> 0.84986081 | L37: =+Efficiency1!K144 -> 59.833037 | M37: =M36+L37 -> 1808.4926 | N37: =+Efficiency1!C144 -> 56.313446 | O37: =O36+N37 -> 1708.2099 | P37: ='29'!I38 -> 53.108 | Q37: =Q36+P37 -> 1597.617 | R37: ='29'!I40 -> 55.331 | S37: =S36+R37 -> 1536.967 | T37: =+AF37+AG37 -> 123.578 | U37: =T37+U36 -> 3679.517 | V37: =T37/(P37) -> 2.3269187 | W37: =U37/(Q37) -> 2.3031283 | X37: =IF(AND(R37>0,T37>0),T37/(R37),0) -> 2.2334315 | Y37: =IF(AND(S37>0,U37>0),U37/(S37),0) -> 2.3940117 | Z37: ='29'!I46 -> 54211.22 | AA37: =Z37+AA36 -> 1521421.5 | AB37: =IF(AND(L37>0,Z37>0),(Z37/(P37*1000)*1000),0) -> 1020.7731 | AC37: =IF(AND(M37>0,AA37>0),(AA37/(Q37*1000)*1000),0) -> 952.3068 | AD37: =IF(AND(R37>0,Z37>0),(Z37/(R37*1000)*1000),0) -> 979.76216 | AE37: =IF(AND(S37>0,AA37>0),(AA37/(S37*1000)*1000),0) -> 989.88563 | AF37: =0.369 -> 0.369 | AG37: 123.209 | AH37: =+Efficiency2!K144 -> 59.833037 | AI37: =AI36+AH37 -> 1808.4926 | AJ37: =+R37/AH37 -> 0.92475667 | AK37: =+S37/AI37 -> 0.84986081
A38: =A37+1 -> 45991 | B38: Facial | C38: 12/13 | D38: =+'30'!F42 -> 1600 | E38: =+'30'!G42 -> 1216 | F38: =1-(E38/D38) -> 0.24 | G38: =+P38/N38 -> 0.93793583 | H38: =+P38/L38 -> 0.88276313 | I38: =+R38/P38 -> 1.059303 | J38: =+R38/L38 -> 0.93511365 | K38: =+S38/M38 -> 0.8526919 | L38: =+SUM(Efficiency1!K148:K149) -> 62.119722 | M38: =M37+L38 -> 1870.6123 | N38: =+SUM(Efficiency1!C148:C149) -> 58.46562 | O38: =O37+N38 -> 1766.6755 | P38: ='30'!I38 -> 54.837 | Q38: =Q37+P38 -> 1652.454 | R38: ='30'!I40 -> 58.089 | S38: =S37+R38 -> 1595.056 | T38: =+AF38+AG38 -> 119.416 | U38: =T38+U37 -> 3798.933 | V38: =T38/(P38) -> 2.1776538 | W38: =U38/(Q38) -> 2.2989644 | X38: =IF(AND(R38>0,T38>0),T38/(R38),0) -> 2.0557421 | Y38: =IF(AND(S38>0,U38>0),U38/(S38),0) -> 2.3816926 | Z38: ='30'!I46 -> 52126.6 | AA38: =Z38+AA37 -> 1573548.1 | AB38: =IF(AND(L38>0,Z38>0),(Z38/(P38*1000)*1000),0) -> 950.57352 | AC38: =IF(AND(M38>0,AA38>0),(AA38/(Q38*1000)*1000),0) -> 952.24929 | AD38: =IF(AND(R38>0,Z38>0),(Z38/(R38*1000)*1000),0) -> 897.3575 | AE38: =IF(AND(S38>0,AA38>0),(AA38/(S38*1000)*1000),0) -> 986.51592 | AF38: =0.276 -> 0.276 | AG38: 119.14 | AH38: =+SUM(Efficiency2!K148:K149) -> 62.119722 | AI38: =AI37+AH38 -> 1870.6123 | AJ38: =+R38/AH38 -> 0.93511365 | AK38: =+S38/AI38 -> 0.8526919
A39: =A38+1 -> 45992 | D39: =+'31'!F42 -> 0 | E39: =+'31'!G42 -> 0 | F39: =1-(E39/D39) -> #DIV/0! | G39: =+P39/N39 -> #DIV/0! | H39: =+P39/L39 -> #DIV/0! | I39: =+R39/P39 -> #DIV/0! | J39: =+R39/L39 -> #DIV/0! | K39: =+S39/M39 -> 0.8526919 | M39: =M38+L39 -> 1870.6123 | O39: =O38+N39 -> 1766.6755 | P39: ='31'!I38 -> 0 | Q39: =Q38+P39 -> 1652.454 | R39: ='31'!I40 -> 0 | S39: =S38+R39 -> 1595.056 | T39: =+AF39+AG39 -> 0 | U39: =T39+U38 -> 3798.933 | V39: =T39/(P39) -> #DIV/0! | W39: =U39/(Q39) -> 2.2989644 | X39: =IF(AND(R39>0,T39>0),T39/(R39),0) -> 0 | Y39: =IF(AND(S39>0,U39>0),U39/(S39),0) -> 2.3816926 | Z39: ='31'!I46 -> 0 | AA39: =Z39+AA38 -> 1573548.1 | AB39: =IF(AND(L39>0,Z39>0),(Z39/(P39*1000)*1000),0) -> 0 | AC39: =IF(AND(M39>0,AA39>0),(AA39/(Q39*1000)*1000),0) -> 952.24929 | AD39: =IF(AND(R39>0,Z39>0),(Z39/(R39*1000)*1000),0) -> 0 | AE39: =IF(AND(S39>0,AA39>0),(AA39/(S39*1000)*1000),0) -> 986.51592 | AI39: =AI38+AH39 -> 1870.6123 | AJ39: =+R39/AH39 -> #DIV/0! | AK39: =+S39/AI39 -> 0.8526919
G41: =+P41/N41 -> 0.93534663 | H41: =+P41/L41 -> 0.88337597 | I41: =+R41/P41 -> 0.96526499 | J41: =+R41/L41 -> 0.8526919 | L41: =SUM(L9:L39) -> 1870.6123 | N41: =SUM(N9:N39) -> 1766.6755 | P41: =SUM(P9:P39) -> 1652.454 | R41: =SUM(R9:R39) -> 1595.056 | T41: =SUM(T9:T40) -> 3798.933 | V41: =T41/P41 -> 2.2989644 | X41: =T41/R41 -> 2.3816926 | Z41: =SUM(Z9:Z39) -> 1573548.1 | AB41: =Z41/P41 -> 952.24929 | AD41: =Z41/R41 -> 986.51592 | AH41: =SUM(AH9:AH39) -> 1870.6123 | AJ41: =+R41/AH41 -> 0.8526919

Sheet GRAFIK

Sheet Listrik
A2: MACHINE POWER CONSUMPTION (PER PANEL)
A4: Date | B4: PM (TON) | C4: FINSHED GOODS (TON) | AR4: Total PM11
D5: Vacuum A | H5: Vacuum B | L5: Vaccum Turbo | P5: MCC Aux TM | T5: WL II 1250 A (yankee + popereel) | X5: WL II 3200 A (Hood, Fan Pump, Felt & Wire) | AB5: Stock Prep & UTM 1 (3200 A) | AF5: Stock Prep & UTM 2 (3200 A) | AJ5: Rewinder 1 (800 A) | AN5: Rewinder 2 (800A)
D6: KWH | E6: Consumption | F6: /TON PM | G6: /TON FG | H6: KWH | I6: Consumption | J6: /TON PM | K6: /TON FG | L6: KWH | M6: Consumption | N6: /TON PM | O6: /TON FG | P6: KWH | Q6: Consumption | R6: /TON PM | S6: /TON FG | T6: KWH | U6: Consumption | V6: /TON PM | W6: /TON FG | X6: KWH | Y6: Consumption | Z6: /TON PM | AA6: /TON FG | AB6: KWH | AC6: Consumption | AD6: /TON PM | AE6: /TON FG | AF6: KWH | AG6: Consumption | AH6: /TON PM | AI6: /TON FG | AJ6: KWH | AK6: Consumption | AL6: /TON PM | AM6: /TON FG | AN6: KWH | AO6: Consumption | AP6: /TON PM | AQ6: /TON FG | AR6: Consumption | AS6: /TON PM | AT6: /TON FG
A7: =A8-1 -> 45961 | B7: 0 | C7: 0
A8: =+Report1!A9 -> 45962 | B8: =+Report1!P9 -> 65.827 | C8: =+Report1!R9 -> 59.673 | D8: =+D7+E8 -> 0 | E8: =+[16]DailyNov!D7 -> 0 | F8: =E8/B8 -> 0 | G8: =E8/C8 -> 0 | H8: =+H7+I8 -> 0 | I8: =+[16]DailyNov!E7 -> 0 | J8: =I8/B8 -> 0 | K8: =I8/C8 -> 0 | L8: =+L7+M8 -> 6300 | M8: =+[16]DailyNov!F7 -> 6300 | N8: =M8/B8 -> 95.70541 | O8: =M8/C8 -> 105.57539 | P8: =+P7+Q8 -> 8002 | Q8: =+[16]DailyNov!G7 -> 8002 | R8: =Q8/B8 -> 121.56106 | S8: =Q8/C8 -> 134.0975 | T8: =+T7+U8 -> 4800 | U8: =+[16]DailyNov!H7 -> 4800 | V8: =U8/B8 -> 72.918407 | W8: =U8/C8 -> 80.438389 | X8: =+X7+Y8 -> 10730.65 | Y8: =+[16]DailyNov!I7 -> 10730.65 | Z8: =Y8/B8 -> 163.0129 | AA8: =Y8/C8 -> 179.82421 | AB8: =+AB7+AC8 -> 5720.65 | AC8: =+[16]DailyNov!J7 -> 5720.65 | AD8: =AC8/B8 -> 86.90431 | AE8: =AC8/C8 -> 95.86664 | AF8: =+AF7+AG8 -> 14100 | AG8: =+[16]DailyNov!K7 -> 14100 | AH8: =AG8/B8 -> 214.19782 | AI8: =AG8/C8 -> 236.28777 | AJ8: =+AJ7+AK8 -> 460 | AK8: =+[16]DailyNov!L7 -> 460 | AL8: =AK8/B8 -> 6.988014 | AM8: =AK8/C8 -> 7.708679 | AN8: =+AN7+AO8 -> 700 | AO8: =+[16]DailyNov!M7 -> 700 | AP8: =AO8/B8 -> 10.633934 | AQ8: =AO8/C8 -> 11.730598 | AR8: =+E8+I8+M8+Q8+U8+Y8+AC8+AG8+AK8+AO8 -> 50813.3 | AS8: =AR8/B8 -> 771.92186 | AT8: =AR8/C8 -> 851.52917 | AX8: Off Reel | AY8: Off Rewinder
A9: =A8+1 -> 45963 | B9: =+Report1!P10 -> 65.827 | C9: =+Report1!R10 -> 62.746 | D9: =+D8+E9 -> 0 | E9: =+[16]DailyNov!D8 -> 0 | F9: =E9/B9 -> 0 | G9: =E9/C9 -> 0 | H9: =+H8+I9 -> 0 | I9: =+[16]DailyNov!E8 -> 0 | J9: =I9/B9 -> 0 | K9: =I9/C9 -> 0 | L9: =+L8+M9 -> 12400 | M9: =+[16]DailyNov!F8 -> 6100 | N9: =M9/B9 -> 92.667143 | O9: =M9/C9 -> 97.217353 | P9: =+P8+Q9 -> 16200 | Q9: =+[16]DailyNov!G8 -> 8198 | R9: =Q9/B9 -> 124.53856 | S9: =Q9/C9 -> 130.65375 | T9: =+T8+U9 -> 9600 | U9: =+[16]DailyNov!H8 -> 4800 | V9: =U9/B9 -> 72.918407 | W9: =U9/C9 -> 76.4989 | X9: =+X8+Y9 -> 24910.54 | Y9: =+[16]DailyNov!I8 -> 14179.89 | Z9: =Y9/B9 -> 215.41146 | AA9: =Y9/C9 -> 225.98875 | AB9: =+AB8+AC9 -> 14960.54 | AC9: =+[16]DailyNov!J8 -> 9239.89 | AD9: =AC9/B9 -> 140.36626 | AE9: =AC9/C9 -> 147.25863 | AF9: =+AF8+AG9 -> 29000 | AG9: =+[16]DailyNov!K8 -> 14900 | AH9: =AG9/B9 -> 226.35089 | AI9: =AG9/C9 -> 237.46534 | AJ9: =+AJ8+AK9 -> 940 | AK9: =+[16]DailyNov!L8 -> 480 | AL9: =AK9/B9 -> 7.2918407 | AM9: =AK9/C9 -> 7.64989 | AN9: =+AN8+AO9 -> 1430 | AO9: =+[16]DailyNov!M8 -> 730 | AP9: =AO9/B9 -> 11.089674 | AQ9: =AO9/C9 -> 11.634208 | AR9: =+E9+I9+M9+Q9+U9+Y9+AC9+AG9+AK9+AO9 -> 58627.78 | AS9: =AR9/B9 -> 890.63424 | AT9: =AR9/C9 -> 934.36681 | AX9: Kwh/ ton | AY9: Kwh/ ton
A10: =A9+1 -> 45964 | B10: =+Report1!P11 -> 70.057 | C10: =+Report1!R11 -> 65.622 | D10: =+D9+E10 -> 0 | E10: =+[16]DailyNov!D9 -> 0 | F10: =E10/B10 -> 0 | G10: =E10/C10 -> 0 | H10: =+H9+I10 -> 0 | I10: =+[16]DailyNov!E9 -> 0 | J10: =I10/B10 -> 0 | K10: =I10/C10 -> 0 | L10: =+L9+M10 -> 18500 | M10: =+[16]DailyNov!F9 -> 6100 | N10: =M10/B10 -> 87.071956 | O10: =M10/C10 -> 92.95663 | P10: =+P9+Q10 -> 23800 | Q10: =+[16]DailyNov!G9 -> 7600 | R10: =Q10/B10 -> 108.48309 | S10: =Q10/C10 -> 115.81482 | T10: =+T9+U10 -> 14000 | U10: =+[16]DailyNov!H9 -> 4400 | V10: =U10/B10 -> 62.806001 | W10: =U10/C10 -> 67.050684 | X10: =+X9+Y10 -> 35484.08 | Y10: =+[16]DailyNov!I9 -> 10573.54 | Z10: =Y10/B10 -> 150.92767 | AA10: =Y10/C10 -> 161.12798 | AB10: =+AB9+AC10 -> 21654.08 | AC10: =+[16]DailyNov!J9 -> 6693.54 | AD10: =AC10/B10 -> 95.5442 | AE10: =AC10/C10 -> 102.00146 | AF10: =+AF9+AG10 -> 42600 | AG10: =+[16]DailyNov!K9 -> 13600 | AH10: =AG10/B10 -> 194.12764 | AI10: =AG10/C10 -> 207.24757 | AJ10: =+AJ9+AK10 -> 1400 | AK10: =+[16]DailyNov!L9 -> 460 | AL10: =AK10/B10 -> 6.5660819 | AM10: =AK10/C10 -> 7.0098443 | AN10: =+AN9+AO10 -> 2080 | AO10: =+[16]DailyNov!M9 -> 650 | AP10: =AO10/B10 -> 9.2781592 | AQ10: =AO10/C10 -> 9.9052147 | AR10: =+E10+I10+M10+Q10+U10+Y10+AC10+AG10+AK10+AO10 -> 50077.08 | AS10: =AR10/B10 -> 714.8048 | AT10: =AR10/C10 -> 763.1142 | AV10: PM | AW10: Vacuum A | AX10: =+F39 -> 0 | AY10: =+G39 -> 0
A11: =A10+1 -> 45965 | B11: =+Report1!P12 -> 68.326 | C11: =+Report1!R12 -> 59.649 | D11: =+D10+E11 -> 0 | E11: =+[16]DailyNov!D10 -> 0 | F11: =E11/B11 -> 0 | G11: =E11/C11 -> 0 | H11: =+H10+I11 -> 0 | I11: =+[16]DailyNov!E10 -> 0 | J11: =I11/B11 -> 0 | K11: =I11/C11 -> 0 | L11: =+L10+M11 -> 25000 | M11: =+[16]DailyNov!F10 -> 6500 | N11: =M11/B11 -> 95.132161 | O11: =M11/C11 -> 108.97081 | P11: =+P10+Q11 -> 32100 | Q11: =+[16]DailyNov!G10 -> 8300 | R11: =Q11/B11 -> 121.47645 | S11: =Q11/C11 -> 139.14735 | T11: =+T10+U11 -> 18600 | U11: =+[16]DailyNov!H10 -> 4600 | V11: =U11/B11 -> 67.324298 | W11: =U11/C11 -> 77.117806 | X11: =+X10+Y11 -> 46924.95 | Y11: =+[16]DailyNov!I10 -> 11440.87 | Z11: =Y11/B11 -> 167.44534 | AA11: =Y11/C11 -> 191.80322 | AB11: =+AB10+AC11 -> 28964.95 | AC11: =+[16]DailyNov!J10 -> 7310.87 | AD11: =AC11/B11 -> 106.99982 | AE11: =AC11/C11 -> 122.56484 | AF11: =+AF10+AG11 -> 56800 | AG11: =+[16]DailyNov!K10 -> 14200 | AH11: =AG11/B11 -> 207.82718 | AI11: =AG11/C11 -> 238.05931 | AJ11: =+AJ10+AK11 -> 1830 | AK11: =+[16]DailyNov!L10 -> 430 | AL11: =AK11/B11 -> 6.2933583 | AM11: =AK11/C11 -> 7.2088384 | AN11: =+AN10+AO11 -> 2770 | AO11: =+[16]DailyNov!M10 -> 690 | AP11: =AO11/B11 -> 10.098645 | AQ11: =AO11/C11 -> 11.567671 | AR11: =+E11+I11+M11+Q11+U11+Y11+AC11+AG11+AK11+AO11 -> 53471.74 | AS11: =AR11/B11 -> 782.59725 | AT11: =AR11/C11 -> 896.43984 | AW11: Vacuum B | AX11: =+J39 -> 0 | AY11: =+K39 -> 0
A12: =A11+1 -> 45966 | B12: =+Report1!P13 -> 45.849 | C12: =+Report1!R13 -> 55.176 | D12: =+D11+E12 -> 0 | E12: =+[16]DailyNov!D11 -> 0 | F12: =E12/B12 -> 0 | G12: =E12/C12 -> 0 | H12: =+H11+I12 -> 0 | I12: =+[16]DailyNov!E11 -> 0 | J12: =I12/B12 -> 0 | K12: =I12/C12 -> 0 | L12: =+L11+M12 -> 31100 | M12: =+[16]DailyNov!F11 -> 6100 | N12: =M12/B12 -> 133.04543 | O12: =M12/C12 -> 110.55531 | P12: =+P11+Q12 -> 39600 | Q12: =+[16]DailyNov!G11 -> 7500 | R12: =Q12/B12 -> 163.58045 | S12: =Q12/C12 -> 135.92866 | T12: =+T11+U12 -> 24200 | U12: =+[16]DailyNov!H11 -> 5600 | V12: =U12/B12 -> 122.14007 | W12: =U12/C12 -> 101.4934 | X12: =+X11+Y12 -> 59057.23 | Y12: =+[16]DailyNov!I11 -> 12132.28 | Z12: =Y12/B12 -> 264.61384 | AA12: =Y12/C12 -> 219.88328 | AB12: =+AB11+AC12 -> 35677.23 | AC12: =+[16]DailyNov!J11 -> 6712.28 | AD12: =AC12/B12 -> 146.3997 | AE12: =AC12/C12 -> 121.65217 | AF12: =+AF11+AG12 -> 66800 | AG12: =+[16]DailyNov!K11 -> 10000 | AH12: =AG12/B12 -> 218.10727 | AI12: =AG12/C12 -> 181.23822 | AJ12: =+AJ11+AK12 -> 2270 | AK12: =+[16]DailyNov!L11 -> 440 | AL12: =AK12/B12 -> 9.5967197 | AM12: =AK12/C12 -> 7.9744817 | AN12: =+AN11+AO12 -> 3400 | AO12: =+[16]DailyNov!M11 -> 630 | AP12: =AO12/B12 -> 13.740758 | AQ12: =AO12/C12 -> 11.418008 | AR12: =+E12+I12+M12+Q12+U12+Y12+AC12+AG12+AK12+AO12 -> 49114.56 | AS12: =AR12/B12 -> 1071.2242 | AT12: =AR12/C12 -> 890.14354 | AW12: MCC Aux TM | AX12: =+N39 -> 0 | AY12: =+O39 -> 0
A13: =A12+1 -> 45967 | B13: =+Report1!P14 -> 50.673 | C13: =+Report1!R14 -> 44.353 | D13: =+D12+E13 -> 0 | E13: =+[16]DailyNov!D12 -> 0 | F13: =E13/B13 -> 0 | G13: =E13/C13 -> 0 | H13: =+H12+I13 -> 0 | I13: =+[16]DailyNov!E12 -> 0 | J13: =I13/B13 -> 0 | K13: =I13/C13 -> 0 | L13: =+L12+M13 -> 37400 | M13: =+[16]DailyNov!F12 -> 6300 | N13: =M13/B13 -> 124.32656 | O13: =M13/C13 -> 142.04225 | P13: =+P12+Q13 -> 48100 | Q13: =+[16]DailyNov!G12 -> 8500 | R13: =Q13/B13 -> 167.74219 | S13: =Q13/C13 -> 191.64431 | T13: =+T12+U13 -> 31300 | U13: =+[16]DailyNov!H12 -> 7100 | V13: =U13/B13 -> 140.11406 | W13: =U13/C13 -> 160.07936 | X13: =+X12+Y13 -> 74852.12 | Y13: =+[16]DailyNov!I12 -> 15794.89 | Z13: =Y13/B13 -> 311.70229 | AA13: =Y13/C13 -> 356.11774 | AB13: =+AB12+AC13 -> 43752.12 | AC13: =+[16]DailyNov!J12 -> 8074.89 | AD13: =AC13/B13 -> 159.35291 | AE13: =AC13/C13 -> 182.05961 | AF13: =+AF12+AG13 -> 74700 | AG13: =+[16]DailyNov!K12 -> 7900 | AH13: =AG13/B13 -> 155.90156 | AI13: =AG13/C13 -> 178.11647 | AJ13: =+AJ12+AK13 -> 2620 | AK13: =+[16]DailyNov!L12 -> 350 | AL13: =AK13/B13 -> 6.9070314 | AM13: =AK13/C13 -> 7.8912362 | AN13: =+AN12+AO13 -> 3910 | AO13: =+[16]DailyNov!M12 -> 510 | AP13: =AO13/B13 -> 10.064531 | AQ13: =AO13/C13 -> 11.498658 | AR13: =+E13+I13+M13+Q13+U13+Y13+AC13+AG13+AK13+AO13 -> 54529.78 | AS13: =AR13/B13 -> 1076.1111 | AT13: =AR13/C13 -> 1229.4496 | AW13: Multi Screen | AX13: =+R39 -> 0 | AY13: =+S39 -> 0
A14: =A13+1 -> 45968 | B14: =+Report1!P15 -> 51.206 | C14: =+Report1!R15 -> 48.692 | D14: =+D13+E14 -> 0 | E14: =+[16]DailyNov!D13 -> 0 | F14: =E14/B14 -> 0 | G14: =E14/C14 -> 0 | H14: =+H13+I14 -> 0 | I14: =+[16]DailyNov!E13 -> 0 | J14: =I14/B14 -> 0 | K14: =I14/C14 -> 0 | L14: =+L13+M14 -> 43400 | M14: =+[16]DailyNov!F13 -> 6000 | N14: =M14/B14 -> 117.17377 | O14: =M14/C14 -> 123.22353 | P14: =+P13+Q14 -> 56500 | Q14: =+[16]DailyNov!G13 -> 8400 | R14: =Q14/B14 -> 164.04328 | S14: =Q14/C14 -> 172.51294 | T14: =+T13+U14 -> 38200 | U14: =+[16]DailyNov!H13 -> 6900 | V14: =U14/B14 -> 134.74983 | W14: =U14/C14 -> 141.70706 | X14: =+X13+Y14 -> 88835.17 | Y14: =+[16]DailyNov!I13 -> 13983.05 | Z14: =Y14/B14 -> 273.07444 | AA14: =Y14/C14 -> 287.17346 | AB14: =+AB13+AC14 -> 50335.17 | AC14: =+[16]DailyNov!J13 -> 6583.05 | AD14: =AC14/B14 -> 128.56013 | AE14: =AC14/C14 -> 135.19777 | AF14: =+AF13+AG14 -> 83200 | AG14: =+[16]DailyNov!K13 -> 8500 | AH14: =AG14/B14 -> 165.99617 | AI14: =AG14/C14 -> 174.56666 | AJ14: =+AJ13+AK14 -> 2960 | AK14: =+[16]DailyNov!L13 -> 340 | AL14: =AK14/B14 -> 6.6398469 | AM14: =AK14/C14 -> 6.9826666 | AN14: =+AN13+AO14 -> 4480 | AO14: =+[16]DailyNov!M13 -> 570 | AP14: =AO14/B14 -> 11.131508 | AQ14: =AO14/C14 -> 11.706235 | AR14: =+E14+I14+M14+Q14+U14+Y14+AC14+AG14+AK14+AO14 -> 51276.1 | AS14: =AR14/B14 -> 1001.369 | AT14: =AR14/C14 -> 1053.0703 | AW14: WL II 1250 A (yankee + popereel) | AX14: =+V39 -> 0 | AY14: =+W39 -> 0
A15: =A14+1 -> 45969 | B15: =+Report1!P16 -> 46.726 | C15: =+Report1!R16 -> 47.743 | D15: =+D14+E15 -> 0 | E15: =+[16]DailyNov!D14 -> 0 | F15: =E15/B15 -> 0 | G15: =E15/C15 -> 0 | H15: =+H14+I15 -> 0 | I15: =+[16]DailyNov!E14 -> 0 | J15: =I15/B15 -> 0 | K15: =I15/C15 -> 0 | L15: =+L14+M15 -> 49800 | M15: =+[16]DailyNov!F14 -> 6400 | N15: =M15/B15 -> 136.96871 | O15: =M15/C15 -> 134.05107 | P15: =+P14+Q15 -> 65200 | Q15: =+[16]DailyNov!G14 -> 8700 | R15: =Q15/B15 -> 186.19184 | S15: =Q15/C15 -> 182.22567 | T15: =+T14+U15 -> 45400 | U15: =+[16]DailyNov!H14 -> 7200 | V15: =U15/B15 -> 154.0898 | W15: =U15/C15 -> 150.80745 | X15: =+X14+Y15 -> 103919.42 | Y15: =+[16]DailyNov!I14 -> 15084.25 | Z15: =Y15/B15 -> 322.82348 | AA15: =Y15/C15 -> 315.94684 | AB15: =+AB14+AC15 -> 59069.42 | AC15: =+[16]DailyNov!J14 -> 8734.25 | AD15: =AC15/B15 -> 186.92484 | AE15: =AC15/C15 -> 182.94305 | AF15: =+AF14+AG15 -> 92300 | AG15: =+[16]DailyNov!K14 -> 9100 | AH15: =AG15/B15 -> 194.75239 | AI15: =AG15/C15 -> 190.60386 | AJ15: =+AJ14+AK15 -> 3330 | AK15: =+[16]DailyNov!L14 -> 370 | AL15: =AK15/B15 -> 7.9185036 | AM15: =AK15/C15 -> 7.7498272 | AN15: =+AN14+AO15 -> 5090 | AO15: =+[16]DailyNov!M14 -> 610 | AP15: =AO15/B15 -> 13.05483 | AQ15: =AO15/C15 -> 12.776742 | AR15: =+E15+I15+M15+Q15+U15+Y15+AC15+AG15+AK15+AO15 -> 56198.5 | AS15: =AR15/B15 -> 1202.7244 | AT15: =AR15/C15 -> 1177.1045 | AW15: WL II 3200 A (Hood, Fan Pump, Felt & Wire) | AX15: =+Z39 -> 0 | AY15: =+AA39 -> 0
A16: =A15+1 -> 45970 | B16: =+Report1!P17 -> 54.629 | C16: =+Report1!R17 -> 53.112 | D16: =+D15+E16 -> 0 | E16: =+[16]DailyNov!D15 -> 0 | F16: =E16/B16 -> 0 | G16: =E16/C16 -> 0 | H16: =+H15+I16 -> 0 | I16: =+[16]DailyNov!E15 -> 0 | J16: =I16/B16 -> 0 | K16: =I16/C16 -> 0 | L16: =+L15+M16 -> 56000 | M16: =+[16]DailyNov!F15 -> 6200 | N16: =M16/B16 -> 113.49283 | O16: =M16/C16 -> 116.73445 | P16: =+P15+Q16 -> 74000 | Q16: =+[16]DailyNov!G15 -> 8800 | R16: =Q16/B16 -> 161.0866 | S16: =Q16/C16 -> 165.6876 | T16: =+T15+U16 -> 52700 | U16: =+[16]DailyNov!H15 -> 7300 | V16: =U16/B16 -> 133.62866 | W16: =U16/C16 -> 137.4454 | X16: =+X15+Y16 -> 118578.39 | Y16: =+[16]DailyNov!I15 -> 14658.97 | Z16: =Y16/B16 -> 268.33678 | AA16: =Y16/C16 -> 276.00109 | AB16: =+AB15+AC16 -> 67388.39 | AC16: =+[16]DailyNov!J15 -> 8318.97 | AD16: =AC16/B16 -> 152.28121 | AE16: =AC16/C16 -> 156.6307 | AF16: =+AF15+AG16 -> 101400 | AG16: =+[16]DailyNov!K15 -> 9100 | AH16: =AG16/B16 -> 166.57819 | AI16: =AG16/C16 -> 171.33604 | AJ16: =+AJ15+AK16 -> 3720 | AK16: =+[16]DailyNov!L15 -> 390 | AL16: =AK16/B16 -> 7.1390653 | AM16: =AK16/C16 -> 7.3429733 | AN16: =+AN15+AO16 -> 5720 | AO16: =+[16]DailyNov!M15 -> 630 | AP16: =AO16/B16 -> 11.532336 | AQ16: =AO16/C16 -> 11.861726 | AR16: =+E16+I16+M16+Q16+U16+Y16+AC16+AG16+AK16+AO16 -> 55397.94 | AS16: =AR16/B16 -> 1014.0757 | AT16: =AR16/C16 -> 1043.04 | AX16: =SUM(AX10:AX15) -> 0 | AY16: =SUM(AY10:AY15) -> 0
A17: =A16+1 -> 45971 | B17: =+Report1!P18 -> 48.67 | C17: =+Report1!R18 -> 43.385 | D17: =+D16+E17 -> 0 | E17: =+[16]DailyNov!D16 -> 0 | F17: =E17/B17 -> 0 | G17: =E17/C17 -> 0 | H17: =+H16+I17 -> 0 | I17: =+[16]DailyNov!E16 -> 0 | J17: =I17/B17 -> 0 | K17: =I17/C17 -> 0 | L17: =+L16+M17 -> 62000 | M17: =+[16]DailyNov!F16 -> 6000 | N17: =M17/B17 -> 123.27923 | O17: =M17/C17 -> 138.29665 | P17: =+P16+Q17 -> 82400 | Q17: =+[16]DailyNov!G16 -> 8400 | R17: =Q17/B17 -> 172.59092 | S17: =Q17/C17 -> 193.6153 | T17: =+T16+U17 -> 58800 | U17: =+[16]DailyNov!H16 -> 6100 | V17: =U17/B17 -> 125.33388 | W17: =U17/C17 -> 140.60159 | X17: =+X16+Y17 -> 131649.51 | Y17: =+[16]DailyNov!I16 -> 13071.12 | Z17: =Y17/B17 -> 268.56626 | AA17: =Y17/C17 -> 301.28201 | AB17: =+AB16+AC17 -> 75909.51 | AC17: =+[16]DailyNov!J16 -> 8521.12 | AD17: =AC17/B17 -> 175.07952 | AE17: =AC17/C17 -> 196.40705 | AF17: =+AF16+AG17 -> 112500 | AG17: =+[16]DailyNov!K16 -> 11100 | AH17: =AG17/B17 -> 228.06657 | AI17: =AG17/C17 -> 255.8488 | AJ17: =+AJ16+AK17 -> 4090 | AK17: =+[16]DailyNov!L16 -> 370 | AL17: =AK17/B17 -> 7.602219 | AM17: =AK17/C17 -> 8.5282932 | AN17: =+AN16+AO17 -> 6360 | AO17: =+[16]DailyNov!M16 -> 640 | AP17: =AO17/B17 -> 13.149784 | AQ17: =AO17/C17 -> 14.751642 | AR17: =+E17+I17+M17+Q17+U17+Y17+AC17+AG17+AK17+AO17 -> 54202.24 | AS17: =AR17/B17 -> 1113.6684 | AT17: =AR17/C17 -> 1249.3313 | AV17: Stockprep | AW17: Stock Prep & UTM 1 (3200 A) | AX17: =+AD39 -> 0 | AY17: =+AE39 -> 0
A18: =A17+1 -> 45972 | B18: =+Report1!P19 -> 53.983 | C18: =+Report1!R19 -> 51.335 | D18: =+D17+E18 -> 0 | E18: =+[16]DailyNov!D17 -> 0 | F18: =E18/B18 -> 0 | G18: =E18/C18 -> 0 | H18: =+H17+I18 -> 0 | I18: =+[16]DailyNov!E17 -> 0 | J18: =I18/B18 -> 0 | K18: =I18/C18 -> 0 | L18: =+L17+M18 -> 68000 | M18: =+[16]DailyNov!F17 -> 6000 | N18: =M18/B18 -> 111.1461 | O18: =M18/C18 -> 116.87932 | P18: =+P17+Q18 -> 90700 | Q18: =+[16]DailyNov!G17 -> 8300 | R18: =Q18/B18 -> 153.75211 | S18: =Q18/C18 -> 161.68306 | T18: =+T17+U18 -> 64900 | U18: =+[16]DailyNov!H17 -> 6100 | V18: =U18/B18 -> 112.99854 | W18: =U18/C18 -> 118.82731 | X18: =+X17+Y18 -> 144552.38 | Y18: =+[16]DailyNov!I17 -> 12902.87 | Z18: =Y18/B18 -> 239.01728 | AA18: =Y18/C18 -> 251.34645 | AB18: =+AB17+AC18 -> 84262.38 | AC18: =+[16]DailyNov!J17 -> 8352.87 | AD18: =AC18/B18 -> 154.73149 | AE18: =AC18/C18 -> 162.71296 | AF18: =+AF17+AG18 -> 124500 | AG18: =+[16]DailyNov!K17 -> 12000 | AH18: =AG18/B18 -> 222.2922 | AI18: =AG18/C18 -> 233.75864 | AJ18: =+AJ17+AK18 -> 4460 | AK18: =+[16]DailyNov!L17 -> 370 | AL18: =AK18/B18 -> 6.8540096 | AM18: =AK18/C18 -> 7.2075582 | AN18: =+AN17+AO18 -> 7060 | AO18: =+[16]DailyNov!M17 -> 700 | AP18: =AO18/B18 -> 12.967045 | AQ18: =AO18/C18 -> 13.635921 | AR18: =+E18+I18+M18+Q18+U18+Y18+AC18+AG18+AK18+AO18 -> 54725.74 | AS18: =AR18/B18 -> 1013.7588 | AT18: =AR18/C18 -> 1066.0512 | AW18: Stock Prep & UTM 2 (3200 A) | AX18: =+AH39 -> 0 | AY18: =+AI39 -> 0
A19: =A18+1 -> 45973 | B19: =+Report1!P20 -> 55.837 | C19: =+Report1!R20 -> 48.635 | D19: =+D18+E19 -> 0 | E19: =+[16]DailyNov!D18 -> 0 | F19: =E19/B19 -> 0 | G19: =E19/C19 -> 0 | H19: =+H18+I19 -> 0 | I19: =+[16]DailyNov!E18 -> 0 | J19: =I19/B19 -> 0 | K19: =I19/C19 -> 0 | L19: =+L18+M19 -> 74300 | M19: =+[16]DailyNov!F18 -> 6300 | N19: =M19/B19 -> 112.82841 | O19: =M19/C19 -> 129.53634 | P19: =+P18+Q19 -> 99400 | Q19: =+[16]DailyNov!G18 -> 8700 | R19: =Q19/B19 -> 155.81066 | S19: =Q19/C19 -> 178.88352 | T19: =+T18+U19 -> 70800 | U19: =+[16]DailyNov!H18 -> 5900 | V19: =U19/B19 -> 105.6647 | W19: =U19/C19 -> 121.31181 | X19: =+X18+Y19 -> 157009.31 | Y19: =+[16]DailyNov!I18 -> 12456.93 | Z19: =Y19/B19 -> 223.09454 | AA19: =Y19/C19 -> 256.13098 | AB19: =+AB18+AC19 -> 93179.31 | AC19: =+[16]DailyNov!J18 -> 8916.93 | AD19: =AC19/B19 -> 159.69572 | AE19: =AC19/C19 -> 183.34389 | AF19: =+AF18+AG19 -> 135900 | AG19: =+[16]DailyNov!K18 -> 11400 | AH19: =AG19/B19 -> 204.1657 | AI19: =AG19/C19 -> 234.3991 | AJ19: =+AJ18+AK19 -> 4842.92 | AK19: =+[16]DailyNov!L18 -> 382.92 | AL19: =AK19/B19 -> 6.8578183 | AM19: =AK19/C19 -> 7.8733422 | AN19: =+AN18+AO19 -> 7778.88 | AO19: =+[16]DailyNov!M18 -> 718.88 | AP19: =AO19/B19 -> 12.874617 | AQ19: =AO19/C19 -> 14.781125 | AR19: =+E19+I19+M19+Q19+U19+Y19+AC19+AG19+AK19+AO19 -> 54775.66 | AS19: =AR19/B19 -> 980.99217 | AT19: =AR19/C19 -> 1126.2601 | AX19: =SUM(AX17:AX18) -> 0 | AY19: =SUM(AY17:AY18) -> 0
A20: =A19+1 -> 45974 | B20: =+Report1!P21 -> 37.926 | C20: =+Report1!R21 -> 43.909 | D20: =+D19+E20 -> 0 | E20: =+[16]DailyNov!D19 -> 0 | F20: =E20/B20 -> 0 | G20: =E20/C20 -> 0 | H20: =+H19+I20 -> 0 | I20: =+[16]DailyNov!E19 -> 0 | J20: =I20/B20 -> 0 | K20: =I20/C20 -> 0 | L20: =+L19+M20 -> 79600 | M20: =+[16]DailyNov!F19 -> 5300 | N20: =M20/B20 -> 139.74582 | O20: =M20/C20 -> 120.70418 | P20: =+P19+Q20 -> 106400 | Q20: =+[16]DailyNov!G19 -> 7000 | R20: =Q20/B20 -> 184.56995 | S20: =Q20/C20 -> 159.42062 | T20: =+T19+U20 -> 74800 | U20: =+[16]DailyNov!H19 -> 4000 | V20: =U20/B20 -> 105.46854 | W20: =U20/C20 -> 91.097497 | X20: =+X19+Y20 -> 165918.96 | Y20: =+[16]DailyNov!I19 -> 8909.65 | Z20: =Y20/B20 -> 234.92195 | AA20: =Y20/C20 -> 202.9117 | AB20: =+AB19+AC20 -> 98548.96 | AC20: =+[16]DailyNov!J19 -> 5369.65 | AD20: =AC20/B20 -> 141.58229 | AE20: =AC20/C20 -> 122.29042 | AF20: =+AF19+AG20 -> 143000 | AG20: =+[16]DailyNov!K19 -> 7100 | AH20: =AG20/B20 -> 187.20667 | AI20: =AG20/C20 -> 161.69806 | AJ20: =+AJ19+AK20 -> 5190 | AK20: =+[16]DailyNov!L19 -> 347.08 | AL20: =AK20/B20 -> 9.1515056 | AM20: =AK20/C20 -> 7.9045298 | AN20: =+AN19+AO20 -> 8340 | AO20: =+[16]DailyNov!M19 -> 561.12 | AP20: =AO20/B20 -> 14.795127 | AQ20: =AO20/C20 -> 12.779157 | AR20: =+E20+I20+M20+Q20+U20+Y20+AC20+AG20+AK20+AO20 -> 38587.5 | AS20: =AR20/B20 -> 1017.4419 | AT20: =AR20/C20 -> 878.80617 | AV20: Rewinder | AW20: Rewinder 1 (800 A) | AX20: =+AL39 -> 0 | AY20: =+AM39 -> 0
A21: =A20+1 -> 45975 | B21: =+Report1!P22 -> 52.349 | C21: =+Report1!R22 -> 47.758 | D21: =+D20+E21 -> 0 | E21: =+[16]DailyNov!D20 -> 0 | F21: =E21/B21 -> 0 | G21: =E21/C21 -> 0 | H21: =+H20+I21 -> 0 | I21: =+[16]DailyNov!E20 -> 0 | J21: =I21/B21 -> 0 | K21: =I21/C21 -> 0 | L21: =+L20+M21 -> 86000 | M21: =+[16]DailyNov!F20 -> 6400 | N21: =M21/B21 -> 122.25639 | O21: =M21/C21 -> 134.00896 | P21: =+P20+Q21 -> 114600 | Q21: =+[16]DailyNov!G20 -> 8200 | R21: =Q21/B21 -> 156.64101 | S21: =Q21/C21 -> 171.69898 | T21: =+T20+U21 -> 80000 | U21: =+[16]DailyNov!H20 -> 5200 | V21: =U21/B21 -> 99.333321 | W21: =U21/C21 -> 108.88228 | X21: =+X20+Y21 -> 177373.65 | Y21: =+[16]DailyNov!I20 -> 11454.69 | Z21: =Y21/B21 -> 218.81392 | AA21: =Y21/C21 -> 239.84861 | AB21: =+AB20+AC21 -> 103553.65 | AC21: =+[16]DailyNov!J20 -> 5004.69 | AD21: =AC21/B21 -> 95.602399 | AE21: =AC21/C21 -> 104.7927 | AF21: =+AF20+AG21 -> 151300 | AG21: =+[16]DailyNov!K20 -> 8300 | AH21: =AG21/B21 -> 158.55126 | AI21: =AG21/C21 -> 173.79287 | AJ21: =+AJ20+AK21 -> 5500 | AK21: =+[16]DailyNov!L20 -> 310 | AL21: =AK21/B21 -> 5.9217941 | AM21: =AK21/C21 -> 6.4910591 | AN21: =+AN20+AO21 -> 8950 | AO21: =+[16]DailyNov!M20 -> 610 | AP21: =AO21/B21 -> 11.652563 | AQ21: =AO21/C21 -> 12.772729 | AR21: =+E21+I21+M21+Q21+U21+Y21+AC21+AG21+AK21+AO21 -> 45479.38 | AS21: =AR21/B21 -> 868.77266 | AT21: =AR21/C21 -> 952.2882 | AW21: Rewinder 2 (800A) | AX21: =+AP39 -> 0 | AY21: =+AQ39 -> 0
A22: =A21+1 -> 45976 | B22: =+Report1!P23 -> 51.09 | C22: =+Report1!R23 -> 46.702 | D22: =+D21+E22 -> 0 | E22: =+[16]DailyNov!D21 -> 0 | F22: =E22/B22 -> 0 | G22: =E22/C22 -> 0 | H22: =+H21+I22 -> 0 | I22: =+[16]DailyNov!E21 -> 0 | J22: =I22/B22 -> 0 | K22: =I22/C22 -> 0 | L22: =+L21+M22 -> 92400 | M22: =+[16]DailyNov!F21 -> 6400 | N22: =M22/B22 -> 125.26913 | O22: =M22/C22 -> 137.0391 | P22: =+P21+Q22 -> 123300 | Q22: =+[16]DailyNov!G21 -> 8700 | R22: =Q22/B22 -> 170.28773 | S22: =Q22/C22 -> 186.28753 | T22: =+T21+U22 -> 86000 | U22: =+[16]DailyNov!H21 -> 6000 | V22: =U22/B22 -> 117.43981 | W22: =U22/C22 -> 128.47416 | X22: =+X21+Y22 -> 191508.41 | Y22: =+[16]DailyNov!I21 -> 14134.76 | Z22: =Y22/B22 -> 276.66393 | AA22: =Y22/C22 -> 302.65856 | AB22: =+AB21+AC22 -> 110218.41 | AC22: =+[16]DailyNov!J21 -> 6664.76 | AD22: =AC22/B22 -> 130.45136 | AE22: =AC22/C22 -> 142.70824 | AF22: =+AF21+AG22 -> 160000 | AG22: =+[16]DailyNov!K21 -> 8700 | AH22: =AG22/B22 -> 170.28773 | AI22: =AG22/C22 -> 186.28753 | AJ22: =+AJ21+AK22 -> 5850 | AK22: =+[16]DailyNov!L21 -> 350 | AL22: =AK22/B22 -> 6.8506557 | AM22: =AK22/C22 -> 7.4943257 | AN22: =+AN21+AO22 -> 9430 | AO22: =+[16]DailyNov!M21 -> 480 | AP22: =AO22/B22 -> 9.395185 | AQ22: =AO22/C22 -> 10.277932 | AR22: =+E22+I22+M22+Q22+U22+Y22+AC22+AG22+AK22+AO22 -> 51429.52 | AS22: =AR22/B22 -> 1006.6455 | AT22: =AR22/C22 -> 1101.2274 | AW22: Rewinder 2 (800A) | AX22: =+AP40 -> 10.947355 | AY22: =+AQ40 -> 11.341295
A23: =A22+1 -> 45977 | B23: =+Report1!P24 -> 58.29 | C23: =+Report1!R24 -> 55.676 | D23: =+D22+E23 -> 0 | E23: =+[16]DailyNov!D22 -> 0 | F23: =E23/B23 -> 0 | G23: =E23/C23 -> 0 | H23: =+H22+I23 -> 0 | I23: =+[16]DailyNov!E22 -> 0 | J23: =I23/B23 -> 0 | K23: =I23/C23 -> 0 | L23: =+L22+M23 -> 98500 | M23: =+[16]DailyNov!F22 -> 6100 | N23: =M23/B23 -> 104.64917 | O23: =M23/C23 -> 109.56247 | P23: =+P22+Q23 -> 131200 | Q23: =+[16]DailyNov!G22 -> 7900 | R23: =Q23/B23 -> 135.52925 | S23: =Q23/C23 -> 141.89238 | T23: =+T22+U23 -> 91800 | U23: =+[16]DailyNov!H22 -> 5800 | V23: =U23/B23 -> 99.502488 | W23: =U23/C23 -> 104.17415 | X23: =+X22+Y23 -> 204370.82 | Y23: =+[16]DailyNov!I22 -> 12862.41 | Z23: =Y23/B23 -> 220.66238 | AA23: =Y23/C23 -> 231.02252 | AB23: =+AB22+AC23 -> 115520.82 | AC23: =+[16]DailyNov!J22 -> 5302.41 | AD23: =AC23/B23 -> 90.966032 | AE23: =AC23/C23 -> 95.236906 | AF23: =+AF22+AG23 -> 168600 | AG23: =+[16]DailyNov!K22 -> 8600 | AH23: =AG23/B23 -> 147.53817 | AI23: =AG23/C23 -> 154.46512 | AJ23: =+AJ22+AK23 -> 6170 | AK23: =+[16]DailyNov!L22 -> 320 | AL23: =AK23/B23 -> 5.4897924 | AM23: =AK23/C23 -> 5.7475393 | AN23: =+AN22+AO23 -> 9950 | AO23: =+[16]DailyNov!M22 -> 520 | AP23: =AO23/B23 -> 8.9209127 | AQ23: =AO23/C23 -> 9.3397514 | AR23: =+E23+I23+M23+Q23+U23+Y23+AC23+AG23+AK23+AO23 -> 47404.82 | AS23: =AR23/B23 -> 813.25819 | AT23: =AR23/C23 -> 851.44084
A24: =A23+1 -> 45978 | B24: =+Report1!P25 -> 47.358 | C24: =+Report1!R25 -> 45.266 | D24: =+D23+E24 -> 0 | E24: =+[16]DailyNov!D23 -> 0 | F24: =E24/B24 -> 0 | G24: =E24/C24 -> 0 | H24: =+H23+I24 -> 0 | I24: =+[16]DailyNov!E23 -> 0 | J24: =I24/B24 -> 0 | K24: =I24/C24 -> 0 | L24: =+L23+M24 -> 104500 | M24: =+[16]DailyNov!F23 -> 6000 | N24: =M24/B24 -> 126.69454 | O24: =M24/C24 -> 132.54982 | P24: =+P23+Q24 -> 139200 | Q24: =+[16]DailyNov!G23 -> 8000 | R24: =Q24/B24 -> 168.92605 | S24: =Q24/C24 -> 176.73309 | T24: =+T23+U24 -> 97400 | U24: =+[16]DailyNov!H23 -> 5600 | V24: =U24/B24 -> 118.24824 | W24: =U24/C24 -> 123.71316 | X24: =+X23+Y24 -> 218410.35 | Y24: =+[16]DailyNov!I23 -> 14039.53 | Z24: =Y24/B24 -> 296.4553 | AA24: =Y24/C24 -> 310.15619 | AB24: =+AB23+AC24 -> 122000.35 | AC24: =+[16]DailyNov!J23 -> 6479.53 | AD24: =AC24/B24 -> 136.82018 | AE24: =AC24/C24 -> 143.14342 | AF24: =+AF23+AG24 -> 176600 | AG24: =+[16]DailyNov!K23 -> 8000 | AH24: =AG24/B24 -> 168.92605 | AI24: =AG24/C24 -> 176.73309 | AJ24: =+AJ23+AK24 -> 6510 | AK24: =+[16]DailyNov!L23 -> 340 | AL24: =AK24/B24 -> 7.1793572 | AM24: =AK24/C24 -> 7.5111563 | AN24: =+AN23+AO24 -> 10470 | AO24: =+[16]DailyNov!M23 -> 520 | AP24: =AO24/B24 -> 10.980193 | AQ24: =AO24/C24 -> 11.487651 | AR24: =+E24+I24+M24+Q24+U24+Y24+AC24+AG24+AK24+AO24 -> 48979.06 | AS24: =AR24/B24 -> 1034.2299 | AT24: =AR24/C24 -> 1082.0276 | AW24: Total | AX24: =+AX16+AX19+AX22 -> 10.947355 | AY24: =+AY16+AY19+AY22 -> 11.341295
A25: =A24+1 -> 45979 | B25: =+Report1!P26 -> 51.095 | C25: =+Report1!R26 -> 45.436 | D25: =+D24+E25 -> 5 | E25: =+[16]DailyNov!D24 -> 5 | F25: =E25/B25 -> 0.097856933 | G25: =E25/C25 -> 0.1100449 | H25: =+H24+I25 -> 0 | I25: =+[16]DailyNov!E24 -> 0 | J25: =I25/B25 -> 0 | K25: =I25/C25 -> 0 | L25: =+L24+M25 -> 110800 | M25: =+[16]DailyNov!F24 -> 6300 | N25: =M25/B25 -> 123.29974 | O25: =M25/C25 -> 138.65657 | P25: =+P24+Q25 -> 147895 | Q25: =+[16]DailyNov!G24 -> 8695 | R25: =Q25/B25 -> 170.17321 | S25: =Q25/C25 -> 191.36808 | T25: =+T24+U25 -> 103000 | U25: =+[16]DailyNov!H24 -> 5600 | V25: =U25/B25 -> 109.59977 | W25: =U25/C25 -> 123.25029 | X25: =+X24+Y25 -> 233777.29 | Y25: =+[16]DailyNov!I24 -> 15366.94 | Z25: =Y25/B25 -> 300.75232 | AA25: =Y25/C25 -> 338.21067 | AB25: =+AB24+AC25 -> 127597.29 | AC25: =+[16]DailyNov!J24 -> 5596.94 | AD25: =AC25/B25 -> 109.53988 | AE25: =AC25/C25 -> 123.18294 | AF25: =+AF24+AG25 -> 185100 | AG25: =+[16]DailyNov!K24 -> 8500 | AH25: =AG25/B25 -> 166.35679 | AI25: =AG25/C25 -> 187.07633 | AJ25: =+AJ24+AK25 -> 6820 | AK25: =+[16]DailyNov!L24 -> 310 | AL25: =AK25/B25 -> 6.0671299 | AM25: =AK25/C25 -> 6.8227837 | AN25: =+AN24+AO25 -> 11030 | AO25: =+[16]DailyNov!M24 -> 560 | AP25: =AO25/B25 -> 10.959977 | AQ25: =AO25/C25 -> 12.325029 | AR25: =+E25+I25+M25+Q25+U25+Y25+AC25+AG25+AK25+AO25 -> 50933.88 | AS25: =AR25/B25 -> 996.84666 | AT25: =AR25/C25 -> 1121.0027
A26: =A25+1 -> 45980 | B26: =+Report1!P27 -> 64 | C26: =+Report1!R27 -> 62.713 | D26: =+D25+E26 -> 5 | E26: =+[16]DailyNov!D25 -> 0 | F26: =E26/B26 -> 0 | G26: =E26/C26 -> 0 | H26: =+H25+I26 -> 0 | I26: =+[16]DailyNov!E25 -> 0 | J26: =I26/B26 -> 0 | K26: =I26/C26 -> 0 | L26: =+L25+M26 -> 117400 | M26: =+[16]DailyNov!F25 -> 6600 | N26: =M26/B26 -> 103.125 | O26: =M26/C26 -> 105.24134 | P26: =+P25+Q26 -> 155295 | Q26: =+[16]DailyNov!G25 -> 7400 | R26: =Q26/B26 -> 115.625 | S26: =Q26/C26 -> 117.99786 | T26: =+T25+U26 -> 109200 | U26: =+[16]DailyNov!H25 -> 6200 | V26: =U26/B26 -> 96.875 | W26: =U26/C26 -> 98.863075 | X26: =+X25+Y26 -> 253185.29 | Y26: =+[16]DailyNov!I25 -> 19408 | Z26: =Y26/B26 -> 303.25 | AA26: =Y26/C26 -> 309.47331 | AB26: =+AB25+AC26 -> 133645.29 | AC26: =+[16]DailyNov!J25 -> 6048 | AD26: =AC26/B26 -> 94.5 | AE26: =AC26/C26 -> 96.439335 | AF26: =+AF25+AG26 -> 194300 | AG26: =+[16]DailyNov!K25 -> 9200 | AH26: =AG26/B26 -> 143.75 | AI26: =AG26/C26 -> 146.70005 | AJ26: =+AJ25+AK26 -> 7150 | AK26: =+[16]DailyNov!L25 -> 330 | AL26: =AK26/B26 -> 5.15625 | AM26: =AK26/C26 -> 5.2620669 | AN26: =+AN25+AO26 -> 11640 | AO26: =+[16]DailyNov!M25 -> 610 | AP26: =AO26/B26 -> 9.53125 | AQ26: =AO26/C26 -> 9.7268509 | AR26: =+E26+I26+M26+Q26+U26+Y26+AC26+AG26+AK26+AO26 -> 55796 | AS26: =AR26/B26 -> 871.8125 | AT26: =AR26/C26 -> 889.70389 | AW26: LEBIH TINGGI DARI OFF REEL | AY26: =+AY24/AX24-1 -> 0.035984943
A27: =A26+1 -> 45981 | B27: =+Report1!P28 -> 58.091 | C27: =+Report1!R28 -> 57.715 | D27: =+D26+E27 -> 5 | E27: =+[16]DailyNov!D26 -> 0 | F27: =E27/B27 -> 0 | G27: =E27/C27 -> 0 | H27: =+H26+I27 -> 0 | I27: =+[16]DailyNov!E26 -> 0 | J27: =I27/B27 -> 0 | K27: =I27/C27 -> 0 | L27: =+L26+M27 -> 124100 | M27: =+[16]DailyNov!F26 -> 6700 | N27: =M27/B27 -> 115.33628 | O27: =M27/C27 -> 116.08767 | P27: =+P26+Q27 -> 163995 | Q27: =+[16]DailyNov!G26 -> 8700 | R27: =Q27/B27 -> 149.76502 | S27: =Q27/C27 -> 150.74071 | T27: =+T26+U27 -> 115600 | U27: =+[16]DailyNov!H26 -> 6400 | V27: =U27/B27 -> 110.17197 | W27: =U27/C27 -> 110.88972 | X27: =+X26+Y27 -> 271279.82 | Y27: =+[16]DailyNov!I26 -> 18094.53 | Z27: =Y27/B27 -> 311.48594 | AA27: =Y27/C27 -> 313.5152 | AB27: =+AB26+AC27 -> 139289.82 | AC27: =+[16]DailyNov!J26 -> 5644.53 | AD27: =AC27/B27 -> 97.167031 | AE27: =AC27/C27 -> 97.800052 | AF27: =+AF26+AG27 -> 203300 | AG27: =+[16]DailyNov!K26 -> 9000 | AH27: =AG27/B27 -> 154.92934 | AI27: =AG27/C27 -> 155.93866 | AJ27: =+AJ26+AK27 -> 7460 | AK27: =+[16]DailyNov!L26 -> 310 | AL27: =AK27/B27 -> 5.3364549 | AM27: =AK27/C27 -> 5.3712207 | AN27: =+AN26+AO27 -> 12230 | AO27: =+[16]DailyNov!M26 -> 590 | AP27: =AO27/B27 -> 10.156479 | AQ27: =AO27/C27 -> 10.222646 | AR27: =+E27+I27+M27+Q27+U27+Y27+AC27+AG27+AK27+AO27 -> 55439.06 | AS27: =AR27/B27 -> 954.34852 | AT27: =AR27/C27 -> 960.56588
A28: =A27+1 -> 45982 | B28: =+Report1!P29 -> 60.529 | C28: =+Report1!R29 -> 56.138 | D28: =+D27+E28 -> 5 | E28: =+[16]DailyNov!D27 -> 0 | F28: =E28/B28 -> 0 | G28: =E28/C28 -> 0 | H28: =+H27+I28 -> 0 | I28: =+[16]DailyNov!E27 -> 0 | J28: =I28/B28 -> 0 | K28: =I28/C28 -> 0 | L28: =+L27+M28 -> 130700 | M28: =+[16]DailyNov!F27 -> 6600 | N28: =M28/B28 -> 109.03864 | O28: =M28/C28 -> 117.56742 | P28: =+P27+Q28 -> 172195 | Q28: =+[16]DailyNov!G27 -> 8200 | R28: =Q28/B28 -> 135.47225 | S28: =Q28/C28 -> 146.06862 | T28: =+T27+U28 -> 121900 | U28: =+[16]DailyNov!H27 -> 6300 | V28: =U28/B28 -> 104.08234 | W28: =U28/C28 -> 112.22345 | X28: =+X27+Y28 -> 289062.83 | Y28: =+[16]DailyNov!I27 -> 17783.01 | Z28: =Y28/B28 -> 293.79322 | AA28: =Y28/C28 -> 316.77313 | AB28: =+AB27+AC28 -> 144802.83 | AC28: =+[16]DailyNov!J27 -> 5513.01 | AD28: =AC28/B28 -> 91.080474 | AE28: =AC28/C28 -> 98.204603 | AF28: =+AF27+AG28 -> 212300 | AG28: =+[16]DailyNov!K27 -> 9000 | AH28: =AG28/B28 -> 148.68906 | AI28: =AG28/C28 -> 160.31921 | AJ28: =+AJ27+AK28 -> 7790 | AK28: =+[16]DailyNov!L27 -> 330 | AL28: =AK28/B28 -> 5.4519321 | AM28: =AK28/C28 -> 5.8783712 | AN28: =+AN27+AO28 -> 12800 | AO28: =+[16]DailyNov!M27 -> 570 | AP28: =AO28/B28 -> 9.4169737 | AQ28: =AO28/C28 -> 10.15355 | AR28: =+E28+I28+M28+Q28+U28+Y28+AC28+AG28+AK28+AO28 -> 54296.02 | AS28: =AR28/B28 -> 897.0249 | AT28: =AR28/C28 -> 967.18836
A29: =A28+1 -> 45983 | B29: =+Report1!P30 -> 52.584 | C29: =+Report1!R30 -> 54.898 | D29: =+D28+E29 -> 5 | E29: =+[16]DailyNov!D28 -> 0 | F29: =E29/B29 -> 0 | G29: =E29/C29 -> 0 | H29: =+H28+I29 -> 0 | I29: =+[16]DailyNov!E28 -> 0 | J29: =I29/B29 -> 0 | K29: =I29/C29 -> 0 | L29: =+L28+M29 -> 137200 | M29: =+[16]DailyNov!F28 -> 6500 | N29: =M29/B29 -> 123.61175 | O29: =M29/C29 -> 118.4014 | P29: =+P28+Q29 -> 180395 | Q29: =+[16]DailyNov!G28 -> 8200 | R29: =Q29/B29 -> 155.94097 | S29: =Q29/C29 -> 149.36792 | T29: =+T28+U29 -> 128200 | U29: =+[16]DailyNov!H28 -> 6300 | V29: =U29/B29 -> 119.80831 | W29: =U29/C29 -> 114.75828 | X29: =+X28+Y29 -> 307408.68 | Y29: =+[16]DailyNov!I28 -> 18345.85 | Z29: =Y29/B29 -> 348.88654 | AA29: =Y29/C29 -> 334.18066 | AB29: =+AB28+AC29 -> 149978.68 | AC29: =+[16]DailyNov!J28 -> 5175.85 | AD29: =AC29/B29 -> 98.430131 | AE29: =AC29/C29 -> 94.281212 | AF29: =+AF28+AG29 -> 221400 | AG29: =+[16]DailyNov!K28 -> 9100 | AH29: =AG29/B29 -> 173.05644 | AI29: =AG29/C29 -> 165.76196 | AJ29: =+AJ28+AK29 -> 8120 | AK29: =+[16]DailyNov!L28 -> 330 | AL29: =AK29/B29 -> 6.2756732 | AM29: =AK29/C29 -> 6.0111479 | AN29: =+AN28+AO29 -> 13360 | AO29: =+[16]DailyNov!M28 -> 560 | AP29: =AO29/B29 -> 10.649627 | AQ29: =AO29/C29 -> 10.200736 | AR29: =+E29+I29+M29+Q29+U29+Y29+AC29+AG29+AK29+AO29 -> 54511.7 | AS29: =AR29/B29 -> 1036.6594 | AT29: =AR29/C29 -> 992.96331
A30: =A29+1 -> 45984 | B30: =+Report1!P31 -> 59.13 | C30: =+Report1!R31 -> 51.46 | D30: =+D29+E30 -> 5 | E30: =+[16]DailyNov!D29 -> 0 | F30: =E30/B30 -> 0 | G30: =E30/C30 -> 0 | H30: =+H29+I30 -> 0 | I30: =+[16]DailyNov!E29 -> 0 | J30: =I30/B30 -> 0 | K30: =I30/C30 -> 0 | L30: =+L29+M30 -> 143700 | M30: =+[16]DailyNov!F29 -> 6500 | N30: =M30/B30 -> 109.92728 | O30: =M30/C30 -> 126.3117 | P30: =+P29+Q30 -> 188595 | Q30: =+[16]DailyNov!G29 -> 8200 | R30: =Q30/B30 -> 138.67749 | S30: =Q30/C30 -> 159.34707 | T30: =+T29+U30 -> 134200 | U30: =+[16]DailyNov!H29 -> 6000 | V30: =U30/B30 -> 101.47133 | W30: =U30/C30 -> 116.59541 | X30: =+X29+Y30 -> 325109.48 | Y30: =+[16]DailyNov!I29 -> 17700.8 | Z30: =Y30/B30 -> 299.35397 | AA30: =Y30/C30 -> 343.97202 | AB30: =+AB29+AC30 -> 155999.48 | AC30: =+[16]DailyNov!J29 -> 6020.8 | AD30: =AC30/B30 -> 101.8231 | AE30: =AC30/C30 -> 116.99961 | AF30: =+AF29+AG30 -> 230300 | AG30: =+[16]DailyNov!K29 -> 8900 | AH30: =AG30/B30 -> 150.51581 | AI30: =AG30/C30 -> 172.94986 | AJ30: =+AJ29+AK30 -> 8450 | AK30: =+[16]DailyNov!L29 -> 330 | AL30: =AK30/B30 -> 5.5809234 | AM30: =AK30/C30 -> 6.4127478 | AN30: =+AN29+AO30 -> 13890 | AO30: =+[16]DailyNov!M29 -> 530 | AP30: =AO30/B30 -> 8.9633012 | AQ30: =AO30/C30 -> 10.299262 | AR30: =+E30+I30+M30+Q30+U30+Y30+AC30+AG30+AK30+AO30 -> 54181.6 | AS30: =AR30/B30 -> 916.31321 | AT30: =AR30/C30 -> 1052.8877
A31: =A30+1 -> 45985 | B31: =+Report1!P32 -> 56.806 | C31: =+Report1!R32 -> 55.964 | D31: =+D30+E31 -> 5 | E31: =+[16]DailyNov!D30 -> 0 | F31: =E31/B31 -> 0 | G31: =E31/C31 -> 0 | H31: =+H30+I31 -> 0 | I31: =+[16]DailyNov!E30 -> 0 | J31: =I31/B31 -> 0 | K31: =I31/C31 -> 0 | L31: =+L30+M31 -> 150100 | M31: =+[16]DailyNov!F30 -> 6400 | N31: =M31/B31 -> 112.66416 | O31: =M31/C31 -> 114.35923 | P31: =+P30+Q31 -> 196795 | Q31: =+[16]DailyNov!G30 -> 8200 | R31: =Q31/B31 -> 144.35095 | S31: =Q31/C31 -> 146.52276 | T31: =+T30+U31 -> 140100 | U31: =+[16]DailyNov!H30 -> 5900 | V31: =U31/B31 -> 103.86227 | W31: =U31/C31 -> 105.42492 | X31: =+X30+Y31 -> 342005.32 | Y31: =+[16]DailyNov!I30 -> 16895.84 | Z31: =Y31/B31 -> 297.43055 | AA31: =Y31/C31 -> 301.90551 | AB31: =+AB30+AC31 -> 163255.32 | AC31: =+[16]DailyNov!J30 -> 7255.84 | AD31: =AC31/B31 -> 127.73017 | AE31: =AC31/C31 -> 129.65192 | AF31: =+AF30+AG31 -> 239500 | AG31: =+[16]DailyNov!K30 -> 9200 | AH31: =AG31/B31 -> 161.95472 | AI31: =AG31/C31 -> 164.39139 | AJ31: =+AJ30+AK31 -> 8770 | AK31: =+[16]DailyNov!L30 -> 320 | AL31: =AK31/B31 -> 5.6332078 | AM31: =AK31/C31 -> 5.7179615 | AN31: =+AN30+AO31 -> 14490 | AO31: =+[16]DailyNov!M30 -> 600 | AP31: =AO31/B31 -> 10.562265 | AQ31: =AO31/C31 -> 10.721178 | AR31: =+E31+I31+M31+Q31+U31+Y31+AC31+AG31+AK31+AO31 -> 54771.68 | AS31: =AR31/B31 -> 964.18829 | AT31: =AR31/C31 -> 978.69488
A32: =A31+1 -> 45986 | B32: =+Report1!P33 -> 51.827 | C32: =+Report1!R33 -> 53.747 | D32: =+D31+E32 -> 5 | E32: =+[16]DailyNov!D31 -> 0 | F32: =E32/B32 -> 0 | G32: =E32/C32 -> 0 | H32: =+H31+I32 -> 0 | I32: =+[16]DailyNov!E31 -> 0 | J32: =I32/B32 -> 0 | K32: =I32/C32 -> 0 | L32: =+L31+M32 -> 157100 | M32: =+[16]DailyNov!F31 -> 7000 | N32: =M32/B32 -> 135.06473 | O32: =M32/C32 -> 130.23983 | P32: =+P31+Q32 -> 205295 | Q32: =+[16]DailyNov!G31 -> 8500 | R32: =Q32/B32 -> 164.00718 | S32: =Q32/C32 -> 158.14836 | T32: =+T31+U32 -> 146400 | U32: =+[16]DailyNov!H31 -> 6300 | V32: =U32/B32 -> 121.55826 | W32: =U32/C32 -> 117.21584 | X32: =+X31+Y32 -> 356688.64 | Y32: =+[16]DailyNov!I31 -> 14683.32 | Z32: =Y32/B32 -> 283.3141 | AA32: =Y32/C32 -> 273.19329 | AB32: =+AB31+AC32 -> 169658.64 | AC32: =+[16]DailyNov!J31 -> 6403.32 | AD32: =AC32/B32 -> 123.55182 | AE32: =AC32/C32 -> 119.13818 | AF32: =+AF31+AG32 -> 250100 | AG32: =+[16]DailyNov!K31 -> 10600 | AH32: =AG32/B32 -> 204.5266 | AI32: =AG32/C32 -> 197.22031 | AJ32: =+AJ31+AK32 -> 9160 | AK32: =+[16]DailyNov!L31 -> 390 | AL32: =AK32/B32 -> 7.5250352 | AM32: =AK32/C32 -> 7.256219 | AN32: =+AN31+AO32 -> 15120 | AO32: =+[16]DailyNov!M31 -> 630 | AP32: =AO32/B32 -> 12.155826 | AQ32: =AO32/C32 -> 11.721584 | AR32: =+E32+I32+M32+Q32+U32+Y32+AC32+AG32+AK32+AO32 -> 54506.64 | AS32: =AR32/B32 -> 1051.7036 | AT32: =AR32/C32 -> 1014.1336
A33: =A32+1 -> 45987 | B33: =+Report1!P34 -> 56.914 | C33: =+Report1!R34 -> 51.796 | D33: =+D32+E33 -> 5 | E33: =+[16]DailyNov!D32 -> 0 | F33: =E33/B33 -> 0 | G33: =E33/C33 -> 0 | H33: =+H32+I33 -> 0 | I33: =+[16]DailyNov!E32 -> 0 | J33: =I33/B33 -> 0 | K33: =I33/C33 -> 0 | L33: =+L32+M33 -> 163800 | M33: =+[16]DailyNov!F32 -> 6700 | N33: =M33/B33 -> 117.72147 | O33: =M33/C33 -> 129.35362 | P33: =+P32+Q33 -> 213595 | Q33: =+[16]DailyNov!G32 -> 8300 | R33: =Q33/B33 -> 145.83407 | S33: =Q33/C33 -> 160.24403 | T33: =+T32+U33 -> 152500 | U33: =+[16]DailyNov!H32 -> 6100 | V33: =U33/B33 -> 107.17925 | W33: =U33/C33 -> 117.76971 | X33: =+X32+Y33 -> 371955.87 | Y33: =+[16]DailyNov!I32 -> 15267.23 | Z33: =Y33/B33 -> 268.25087 | AA33: =Y33/C33 -> 294.75693 | AB33: =+AB32+AC33 -> 177265.87 | AC33: =+[16]DailyNov!J32 -> 7607.23 | AD33: =AC33/B33 -> 133.66184 | AE33: =AC33/C33 -> 146.86906 | AF33: =+AF32+AG33 -> 258400 | AG33: =+[16]DailyNov!K32 -> 8300 | AH33: =AG33/B33 -> 145.83407 | AI33: =AG33/C33 -> 160.24403 | AJ33: =+AJ32+AK33 -> 9540 | AK33: =+[16]DailyNov!L32 -> 380 | AL33: =AK33/B33 -> 6.6767403 | AM33: =AK33/C33 -> 7.3364739 | AN33: =+AN32+AO33 -> 15680 | AO33: =+[16]DailyNov!M32 -> 560 | AP33: =AO33/B33 -> 9.8394068 | AQ33: =AO33/C33 -> 10.811646 | AR33: =+E33+I33+M33+Q33+U33+Y33+AC33+AG33+AK33+AO33 -> 53214.46 | AS33: =AR33/B33 -> 934.99772 | AT33: =AR33/C33 -> 1027.3855
A34: =A33+1 -> 45988 | B34: =+Report1!P35 -> 54.879 | C34: =+Report1!R35 -> 60.527 | D34: =+D33+E34 -> 5 | E34: =+[16]DailyNov!D33 -> 0 | F34: =E34/B34 -> 0 | G34: =E34/C34 -> 0 | H34: =+H33+I34 -> 0 | I34: =+[16]DailyNov!E33 -> 0 | J34: =I34/B34 -> 0 | K34: =I34/C34 -> 0 | L34: =+L33+M34 -> 170200 | M34: =+[16]DailyNov!F33 -> 6400 | N34: =M34/B34 -> 116.6202 | O34: =M34/C34 -> 105.73794 | P34: =+P33+Q34 -> 221595 | Q34: =+[16]DailyNov!G33 -> 8000 | R34: =Q34/B34 -> 145.77525 | S34: =Q34/C34 -> 132.17242 | T34: =+T33+U34 -> 158500 | U34: =+[16]DailyNov!H33 -> 6000 | V34: =U34/B34 -> 109.33144 | W34: =U34/C34 -> 99.129314 | X34: =+X33+Y34 -> 386974.76 | Y34: =+[16]DailyNov!I33 -> 15018.89 | Z34: =Y34/B34 -> 273.67281 | AA34: =Y34/C34 -> 248.13538 | AB34: =+AB33+AC34 -> 184144.76 | AC34: =+[16]DailyNov!J33 -> 6878.89 | AD34: =AC34/B34 -> 125.34649 | AE34: =AC34/C34 -> 113.64994 | AF34: =+AF33+AG34 -> 267000 | AG34: =+[16]DailyNov!K33 -> 8600 | AH34: =AG34/B34 -> 156.70839 | AI34: =AG34/C34 -> 142.08535 | AJ34: =+AJ33+AK34 -> 9950 | AK34: =+[16]DailyNov!L33 -> 410 | AL34: =AK34/B34 -> 7.4709816 | AM34: =AK34/C34 -> 6.7738365 | AN34: =+AN33+AO34 -> 16300 | AO34: =+[16]DailyNov!M33 -> 620 | AP34: =AO34/B34 -> 11.297582 | AQ34: =AO34/C34 -> 10.243362 | AR34: =+E34+I34+M34+Q34+U34+Y34+AC34+AG34+AK34+AO34 -> 51927.78 | AS34: =AR34/B34 -> 946.22315 | AT34: =AR34/C34 -> 857.92754
A35: =A34+1 -> 45989 | B35: =+Report1!P36 -> 54.031 | C35: =+Report1!R36 -> 51.81 | D35: =+D34+E35 -> 5 | E35: =+[16]DailyNov!D34 -> 0 | F35: =E35/B35 -> 0 | G35: =E35/C35 -> 0 | H35: =+H34+I35 -> 0 | I35: =+[16]DailyNov!E34 -> 0 | J35: =I35/B35 -> 0 | K35: =I35/C35 -> 0 | L35: =+L34+M35 -> 176900 | M35: =+[16]DailyNov!F34 -> 6700 | N35: =M35/B35 -> 124.00289 | O35: =M35/C35 -> 129.31866 | P35: =+P34+Q35 -> 229895 | Q35: =+[16]DailyNov!G34 -> 8300 | R35: =Q35/B35 -> 153.61552 | S35: =Q35/C35 -> 160.20073 | T35: =+T34+U35 -> 164400 | U35: =+[16]DailyNov!H34 -> 5900 | V35: =U35/B35 -> 109.19657 | W35: =U35/C35 -> 113.87763 | X35: =+X34+Y35 -> 402225.16 | Y35: =+[16]DailyNov!I34 -> 15250.4 | Z35: =Y35/B35 -> 282.25278 | AA35: =Y35/C35 -> 294.35244 | AB35: =+AB34+AC35 -> 191045.16 | AC35: =+[16]DailyNov!J34 -> 6900.4 | AD35: =AC35/B35 -> 127.71187 | AE35: =AC35/C35 -> 133.18664 | AF35: =+AF34+AG35 -> 275600 | AG35: =+[16]DailyNov!K34 -> 8600 | AH35: =AG35/B35 -> 159.16789 | AI35: =AG35/C35 -> 165.99112 | AJ35: =+AJ34+AK35 -> 10180 | AK35: =+[16]DailyNov!L34 -> 230 | AL35: =AK35/B35 -> 4.2568155 | AM35: =AK35/C35 -> 4.4392974 | AN35: =+AN34+AO35 -> 16960 | AO35: =+[16]DailyNov!M34 -> 660 | AP35: =AO35/B35 -> 12.21521 | AQ35: =AO35/C35 -> 12.738854 | AR35: =+E35+I35+M35+Q35+U35+Y35+AC35+AG35+AK35+AO35 -> 52540.8 | AS35: =AR35/B35 -> 972.41954 | AT35: =AR35/C35 -> 1014.1054
A36: =A35+1 -> 45990 | B36: =+Report1!P37 -> 53.108 | C36: =+Report1!R37 -> 55.331 | D36: =+D35+E36 -> 5 | E36: =+[16]DailyNov!D35 -> 0 | F36: =E36/B36 -> 0 | G36: =E36/C36 -> 0 | H36: =+H35+I36 -> 0 | I36: =+[16]DailyNov!E35 -> 0 | J36: =I36/B36 -> 0 | K36: =I36/C36 -> 0 | L36: =+L35+M36 -> 183800 | M36: =+[16]DailyNov!F35 -> 6900 | N36: =M36/B36 -> 129.92393 | O36: =M36/C36 -> 124.70405 | P36: =+P35+Q36 -> 238295 | Q36: =+[16]DailyNov!G35 -> 8400 | R36: =Q36/B36 -> 158.16826 | S36: =Q36/C36 -> 151.81363 | T36: =+T35+U36 -> 170700 | U36: =+[16]DailyNov!H35 -> 6300 | V36: =U36/B36 -> 118.6262 | W36: =U36/C36 -> 113.86022 | X36: =+X35+Y36 -> 418200.77 | Y36: =+[16]DailyNov!I35 -> 15975.61 | Z36: =Y36/B36 -> 300.81363 | AA36: =Y36/C36 -> 288.72802 | AB36: =+AB35+AC36 -> 198140.77 | AC36: =+[16]DailyNov!J35 -> 7095.61 | AD36: =AC36/B36 -> 133.60718 | AE36: =AC36/C36 -> 128.23932 | AF36: =+AF35+AG36 -> 284200 | AG36: =+[16]DailyNov!K35 -> 8600 | AH36: =AG36/B36 -> 161.93417 | AI36: =AG36/C36 -> 155.42824 | AJ36: =+AJ35+AK36 -> 10560 | AK36: =+[16]DailyNov!L35 -> 380 | AL36: =AK36/B36 -> 7.1552309 | AM36: =AK36/C36 -> 6.8677595 | AN36: =+AN35+AO36 -> 17520 | AO36: =+[16]DailyNov!M35 -> 560 | AP36: =AO36/B36 -> 10.544551 | AQ36: =AO36/C36 -> 10.120909 | AR36: =+E36+I36+M36+Q36+U36+Y36+AC36+AG36+AK36+AO36 -> 54211.22 | AS36: =AR36/B36 -> 1020.7731 | AT36: =AR36/C36 -> 979.76216
A37: =A36+1 -> 45991 | B37: =+Report1!P38 -> 54.837 | C37: =+Report1!R38 -> 58.089 | D37: =+D36+E37 -> 5 | E37: =+[16]DailyNov!D36 -> 0 | F37: =E37/B37 -> 0 | G37: =E37/C37 -> 0 | H37: =+H36+I37 -> 0 | I37: =+[16]DailyNov!E36 -> 0 | J37: =I37/B37 -> 0 | K37: =I37/C37 -> 0 | L37: =+L36+M37 -> 190300 | M37: =+[16]DailyNov!F36 -> 6500 | N37: =M37/B37 -> 118.53311 | O37: =M37/C37 -> 111.89726 | P37: =+P36+Q37 -> 246595 | Q37: =+[16]DailyNov!G36 -> 8300 | R37: =Q37/B37 -> 151.35766 | S37: =Q37/C37 -> 142.88419 | T37: =+T36+U37 -> 176600 | U37: =+[16]DailyNov!H36 -> 5900 | V37: =U37/B37 -> 107.59159 | W37: =U37/C37 -> 101.56828 | X37: =+X36+Y37 -> 433379.07 | Y37: =+[16]DailyNov!I36 -> 15178.3 | Z37: =Y37/B37 -> 276.78939 | AA37: =Y37/C37 -> 261.29388 | AB37: =+AB36+AC37 -> 205169.07 | AC37: =+[16]DailyNov!J36 -> 7028.3 | AD37: =AC37/B37 -> 128.16711 | AE37: =AC37/C37 -> 120.99193 | AF37: =+AF36+AG37 -> 292500 | AG37: =+[16]DailyNov!K36 -> 8300 | AH37: =AG37/B37 -> 151.35766 | AI37: =AG37/C37 -> 142.88419 | AJ37: =+AJ36+AK37 -> 10910 | AK37: =+[16]DailyNov!L36 -> 350 | AL37: =AK37/B37 -> 6.3825519 | AM37: =AK37/C37 -> 6.0252371 | AN37: =+AN36+AO37 -> 18090 | AO37: =+[16]DailyNov!M36 -> 570 | AP37: =AO37/B37 -> 10.394442 | AQ37: =AO37/C37 -> 9.8125291 | AR37: =+E37+I37+M37+Q37+U37+Y37+AC37+AG37+AK37+AO37 -> 52126.6 | AS37: =AR37/B37 -> 950.57352 | AT37: =AR37/C37 -> 897.3575
A38: =A37+1 -> 45992 | B38: =+Report1!P39 -> 0 | C38: =+Report1!R39 -> 0 | D38: =+D37+E38 -> 5 | E38: =+[16]DailyNov!D37 -> 0 | F38: =E38/B38 -> #DIV/0! | G38: =E38/C38 -> #DIV/0! | H38: =+H37+I38 -> 0 | I38: =+[16]DailyNov!E37 -> 0 | J38: =I38/B38 -> #DIV/0! | K38: =I38/C38 -> #DIV/0! | L38: =+L37+M38 -> 190300 | M38: =+[16]DailyNov!F37 -> 0 | N38: =M38/B38 -> #DIV/0! | O38: =M38/C38 -> #DIV/0! | P38: =+P37+Q38 -> 246595 | Q38: =+[16]DailyNov!G37 -> 0 | R38: =Q38/B38 -> #DIV/0! | S38: =Q38/C38 -> #DIV/0! | T38: =+T37+U38 -> 176600 | U38: =+[16]DailyNov!H37 -> 0 | V38: =U38/B38 -> #DIV/0! | W38: =U38/C38 -> #DIV/0! | X38: =+X37+Y38 -> 433379.07 | Y38: =+[16]DailyNov!I37 -> 0 | Z38: =Y38/B38 -> #DIV/0! | AA38: =Y38/C38 -> #DIV/0! | AB38: =+AB37+AC38 -> 205169.07 | AC38: =+[16]DailyNov!J37 -> 0 | AD38: =AC38/B38 -> #DIV/0! | AE38: =AC38/C38 -> #DIV/0! | AF38: =+AF37+AG38 -> 292500 | AG38: =+[16]DailyNov!K37 -> 0 | AH38: =AG38/B38 -> #DIV/0! | AI38: =AG38/C38 -> #DIV/0! | AJ38: =+AJ37+AK38 -> 10910 | AK38: =+[16]DailyNov!L37 -> 0 | AL38: =AK38/B38 -> #DIV/0! | AM38: =AK38/C38 -> #DIV/0! | AN38: =+AN37+AO38 -> 18090 | AO38: =+[16]DailyNov!M37 -> 0 | AP38: =AO38/B38 -> #DIV/0! | AQ38: =AO38/C38 -> #DIV/0! | AR38: =+E38+I38+M38+Q38+U38+Y38+AC38+AG38+AK38+AO38 -> 0 | AS38: =AR38/B38 -> #DIV/0! | AT38: =AR38/C38 -> #DIV/0!
A40: TOTAL | B40: =SUM(B8:B38) -> 1652.454 | C40: =SUM(C8:C38) -> 1595.056 | E40: =SUM(E8:E38) -> 5 | F40: =E40/B40 -> 0.0030258028 | G40: =E40/C40 -> 0.0031346862 | I40: =SUM(I8:I38) -> 0 | J40: =I40/B40 -> 0 | K40: =I40/C40 -> 0 | M40: =SUM(M8:M38) -> 190300 | N40: =M40/B40 -> 115.16206 | O40: =M40/C40 -> 119.30616 | Q40: =SUM(Q8:Q38) -> 246595 | R40: =Q40/B40 -> 149.22957 | S40: =Q40/C40 -> 154.59959 | U40: =SUM(U8:U38) -> 176600 | V40: =U40/B40 -> 106.87136 | W40: =U40/C40 -> 110.71712 | Y40: =SUM(Y8:Y38) -> 433379.07 | Z40: =Y40/B40 -> 262.26392 | AA40: =Y40/C40 -> 271.70148 | AC40: =SUM(AC8:AC38) -> 205169.07 | AD40: =AC40/B40 -> 124.16023 | AE40: =AC40/C40 -> 128.62813 | AG40: =SUM(AG8:AG38) -> 292500 | AH40: =AG40/B40 -> 177.00947 | AI40: =AG40/C40 -> 183.37914 | AK40: =SUM(AK8:AK38) -> 10910 | AL40: =AK40/B40 -> 6.6023018 | AM40: =AK40/C40 -> 6.8398852 | AO40: =SUM(AO8:AO38) -> 18090 | AP40: =AO40/B40 -> 10.947355 | AQ40: =AO40/C40 -> 11.341295 | AR40: =E40+I40+M40+Q40+U40+Y40+AC40+AG40+AK40+AO40 -> 1573548.1 | AS40: =AR40/B40 -> 952.24929 | AT40: =AR40/C40 -> 986.51592
AR42: =+AR40-[16]DailyNov!$N$38 -> 0

Sheet Trim Rwd
A1: PM 11 | B1: =+Report1!A9 -> 45962
A3: Tgl | B3: Grade | C3: Ply | D3: Kombinasi Pot. | E3: Lebar Trim | F3: Jml Turunan | G3: Lebar x Turunan | H3: Rata-rata | I3: PHP PM
A4: =+B1 -> 45962 | B4: MG 14 | C4: 1 | D4: 42*2+61*3 | E4: =42*2+61*3 -> 267 | F4: =12+13+13+15+13+13 -> 79 | G4: =+E4*F4 -> 21093 | H4: =+G4/F4 -> 267 | I4: =+'1'!I38 -> 65.827
L5: =+SUM(I:I) -> 1652.454
A6: 45963 | B6: MG 14 | C6: 1 | D6: 42*2+61*3 | E6: =42*2+61*3 -> 267 | F6: =9+3+15+9 -> 36 | G6: =+E6*F6 -> 9612 | H6: =+(E6*F6+E7*F7)/(SUM(F6:F7)) -> 268.91304 | I6: =+'2'!N37 -> 39.419 | L6: =+L5-'31'!J38 -> 0
B7: MG 14 | C7: 1 | D7: 42*5+61 | E7: =42*5+61 -> 271 | F7: 33 | G7: =+E7*F7 -> 8943
B8: MG 16,5 | C8: 1 | D8: 42*5+61 | E8: =42*5+61 -> 271 | F8: 13 | G8: =+E8*F8 -> 3523 | H8: =+G8/F8 -> 271 | I8: =+'2'!N38 -> 26.408
A10: 45964 | B10: MG 14 | C10: 1 | D10: 42*5+61 | E10: =42*5+61 -> 271 | F10: 33 | G10: =+E10*F10 -> 8943 | H10: =+G10/F10 -> 271 | I10: Backlog
B11: MG 16,5 | C11: 1 | D11: 100*2+61 | E11: =100*2+61 -> 261 | F11: =43+4 -> 47 | G11: =+E11*F11 -> 12267 | H11: =+(E11*F11+E12*F12+E13*F13+E14*F14)/(SUM(F11:F14)) -> 261.99405 | I11: =+'3'!I38 -> 70.057
B12: MG 16,5 | C12: 1 | D12: 42*5+61 | E12: =42*5+61 -> 271 | F12: 1 | G12: =+E12*F12 -> 271
B13: MG 16,5 | C13: 1 | D13: 86,5*3 | E13: =86.5*3 -> 259.5 | F13: =14+5 -> 19 | G13: =+E13*F13 -> 4930.5
B14: MG 16,5 | C14: 1 | D14: 61*3+42*2 | E14: =61*3+42*2 -> 267 | F14: =9+8 -> 17 | G14: =+E14*F14 -> 4539
A16: 45965 | B16: MG 16,5 | C16: 1 | D16: 100*2+61 | E16: =100*2+61 -> 261 | F16: 26 | G16: =+E16*F16 -> 6786 | H16: =+G16/F16 -> 261 | I16: =+'4'!N37 -> 10.956
B17: MG 30 | C17: 1 | D17: 127+90 | E17: =127+90 -> 217 | F17: 5 | G17: =+E17*F17 -> 1085 | H17: =+(E17*F17+E18*F18)/(SUM(F17:F18)) -> 232.14286 | I17: =+'4'!N38 -> 5.336
B18: MG 30 | C18: 1 | D18: 90*3 | E18: =90*3 -> 270 | F18: 2 | G18: =+E18*F18 -> 540
B19: MG 17 | C19: 1 | D19: 101,5*2+61 | E19: =101.5*2+61 -> 264 | F19: =2+11 -> 13 | G19: =+E19*F19 -> 3432 | H19: =+(E19*F19+E20*F20)/(SUM(F19:F20)) -> 263.2381 | I19: =+'4'!N39 -> 5.923
B20: MG 17 | C20: 1 | D20: 22+60*4 | E20: =22+60*4 -> 262 | F20: 8 | G20: =+E20*F20 -> 2096
B21: MG 18 | C21: 1 | D21: 28*9+20 | E21: =28*9+20 -> 272 | F21: =5+13 -> 18 | G21: =+E21*F21 -> 4896 | H21: =+G21/F21 -> 272 | I21: =+'4'!N40 -> 29.605
B22: MG 14 | C22: 1 | D22: 79*2+109 | E22: =79*2+109 -> 267 | F22: 1 | G22: =+E22*F22 -> 267 | H22: =+G22/F22 -> 267 | I22: =+'4'!N41 -> 16.506
B23: MG 21,5 | C23: 1 | D23: 62,5*4 | E23: =62.5*4 -> 250 | F23: 1 | G23: =+E23*F23 -> 250 | H23: =+G23/F23 -> 250 | I23: Backlog
A25: 45966 | B25: MG 14 | C25: 1 | D25: 109+79*2 | E25: =109+79*2 -> 267 | F25: =11+13+6 -> 30 | G25: =+E25*F25 -> 8010 | H25: =+G25/F25 -> 267 | I25: =+'5'!N37 -> 15.953
B26: F 10,3 | C26: 1 | D26: 126+144 | E26: =126+144 -> 270 | F26: =4+17 -> 21 | G26: =+E26*F26 -> 5670 | H26: =+G26/F26 -> 270 | I26: =+'5'!N38 -> 29.896
B27: MG 18 | C27: 1 | D27: 28*9+20 | E27: =28*9+20 -> 272 | F27: 10 | G27: =+E27*F27 -> 2720 | H27: =+G27/F27 -> 272 | I27: Backlog
A29: 45967 | B29: F 10,3 | C29: 1 | D29: 126+144 | E29: =126+144 -> 270 | F29: 2 | G29: =+E29*F29 -> 540 | H29: =+G29/F29 -> 270 | I29: Backlog
B30: F 12 | C30: 1 | D30: 120+150 | E30: =120+150 -> 270 | F30: =17+28+4 -> 49 | G30: =+E30*F30 -> 13230 | H30: =+(E30*F30+E31*F31+E32*F32)/(SUM(F30:F32)) -> 267.92208 | I30: =+'6'!I38 -> 50.673
B31: F 12 | C31: 1 | D31: 133*2 | E31: =133*2 -> 266 | F31: 20 | G31: =+E31*F31 -> 5320
B32: F 12 | C32: 1 | D32: 130*2 | E32: =130*2 -> 260 | F32: 8 | G32: =+E32*F32 -> 2080
B33: F 13 | C33: 1 | D33: 128,5*2+15 | E33: =128.5*2+15 -> 272 | F33: 0 | G33: =+E33*F33 -> 0 | H33: =+E33 -> 272 | I33: 0
A35: 45968 | B35: F 13 | C35: 1 | D35: 128,5*2+15 | E35: =128.5*2+15 -> 272 | F35: =21+34+3 -> 58 | G35: =+E35*F35 -> 15776 | H35: =+G35/F35 -> 272 | I35: =+'7'!N37 -> 35.566
B36: F 10,3 | C36: 1 | D36: 266*1 | E36: =266*1 -> 266 | F36: 15 | G36: =+E36*F36 -> 3990 | H36: =+G36/F36 -> 266 | I36: =+'7'!N38 -> 15.64
B37: F 12 | C37: 1 | D37: 130*2 | E37: =130*2 -> 260 | F37: 7 | G37: =+E37*F37 -> 1820 | H37: =+G37/F37 -> 260 | I37: Backlog
A39: 45969 | B39: F 10,3 | C39: 1 | D39: 266*1 | E39: =266*1 -> 266 | F39: =18+2+20 -> 40 | G39: =+E39*F39 -> 10640 | H39: =+(E39*F39+E40*F40)/(SUM(F39:F40)) -> 266 | I39: =+'8'!I38 -> 46.726
B40: F 10,3 | C40: 1 | D40: 133*2 | E40: =133*2 -> 266 | F40: =38/2 -> 19 | G40: =+E40*F40 -> 5054
A42: 45970 | B42: F 10,3 | C42: 1 | D42: 266*1 | E42: =266*1 -> 266 | F42: =21+21+6 -> 48 | G42: =+E42*F42 -> 12768 | H42: =+G42/F42 -> 266 | I42: =+'9'!N37 -> 33.325
B43: F 12,5 | C43: 1 | D43: 60+68+140 | E43: =60+68+140 -> 268 | F43: 29 | G43: =+E43*F43 -> 7772 | H43: =+G43/F43 -> 268 | I43: =+'9'!N38 -> 21.304
A45: 45971 | B45: F 12,5 | C45: 1 | D45: 60+68+140 | E45: =60+68+140 -> 268 | F45: 12 | G45: =+E45*F45 -> 3216 | H45: =+G45/F45 -> 268 | I45: =+'10'!N37 -> 5.727
B46: SN 13 | C46: 1 | D46: 48*3+58*2 | E46: =48*3+58*2 -> 260 | F46: =19+27+24+22+23 -> 115 | G46: =+E46*F46 -> 29900 | H46: =+G46/F46 -> 260 | I46: =+'10'!N38 -> 42.943
A48: 45972 | B48: SN 13 | C48: 1 | D48: 48*3+58*2 | E48: =48*3+58*2 -> 260 | F48: 161 | G48: =+E48*F48 -> 41860 | H48: =+G48/F48 -> 260 | I48: =+'11'!I38 -> 53.983
A50: 45973 | B50: SN 13 | C50: 1 | D50: 48*3+58*2 | E50: =48*3+58*2 -> 260 | F50: =19+12 -> 31 | G50: =+E50*F50 -> 8060 | H50: =+(E50*F50+E51*F51)/(SUM(F50:F51)) -> 266.39535 | I50: =+'12'!L37 -> 18.877
B51: SN 13 | C51: 1 | D51: 54*5 | E51: =54*5 -> 270 | F51: =27+18+8+2 -> 55 | G51: =+E51*F51 -> 14850
B52: SN 14 | C52: 1 | D52: 39*6+26 | E52: =39*6+26 -> 260 | F52: =26+35 -> 61 | G52: =+E52*F52 -> 15860 | H52: =+G52/F52 -> 260 | I52: =+'12'!L38 -> 16.718
B53: SN 15 | C53: 1 | D53: 23*4+28*6 | E53: =23*4+28*6 -> 260 | F53: 24 | G53: =+E53*F53 -> 6240 | H53: =+G53/F53 -> 260 | I53: =+'12'!L39 -> 20.242
A55: 45974 | B55: SN 15 | C55: 1 | D55: 23*4+28*6 | E55: =23*4+28*6 -> 260 | F55: =41+17 -> 58 | G55: =+E55*F55 -> 15080 | H55: =+(E55*F55+E56*F56+E57*F57)/(SUM(F55:F57)) -> 262.74194 | I55: =+'13'!N37 -> 10.51
B56: SN 15 | C56: 1 | D56: 20+27,5*9 | E56: =20+27.5*9 -> 267.5 | F56: =27+5 -> 32 | G56: =+E56*F56 -> 8560
B57: SN 15 | C57: 1 | D57: 16*7+25,5*6 | E57: =16*7+25.5*6 -> 265 | F57: 3 | G57: =+E57*F57 -> 795
B58: SN 14 | C58: 1 | D58: 39*6+26 | E58: =39*6+26 -> 260 | F58: 3 | G58: =+E58*F58 -> 780 | H58: =+G58/F58 -> 260 | I58: Backlog
B59: SN 13 | C59: 1 | D59: 54*5 | E59: =54*5 -> 270 | F59: 2 | G59: =+E59*F59 -> 540 | H59: =+G59/F59 -> 270 | I59: Backlog
B60: F 12,5 | C60: 1 | D60: 140+116+16 | E60: =140+116+16 -> 272 | F60: 6 | G60: =+E60*F60 -> 1632 | H60: =+(E60*F60+E61*F61)/(SUM(F60:F61)) -> 272 | I60: =+'13'!N38 -> 2.95
B61: F 13 | C61: 1 | D61: 140+116+16 | E61: =140+116+16 -> 272 | F61: 32 | G61: =+E61*F61 -> 8704 | H61: =+(E61*F61+E62*F62)/(SUM(F61:F62)) -> 272.09091 | I61: =+'13'!N39 -> 24.466
B62: F 13 | C62: 1 | D62: 140+135 | E62: =140+135 -> 275 | F62: 1 | G62: =+E62*F62 -> 275
A64: 45975 | B64: F 13 | C64: 1 | D64: 140+116+16 | E64: =140+116+16 -> 272 | F64: 4 | G64: =+E64*F64 -> 1088 | H64: =+(E64*F64+E65*F65)/(SUM(F64:F65)) -> 270.73077 | I64: =+'14'!N37 -> 8.335
B65: F 13 | C65: 1 | D65: 130,5+140 | E65: =130.5+140 -> 270.5 | F65: =5+12+5 -> 22 | G65: =+E65*F65 -> 5951
B66: F 12,5 | C66: 1 | D66: 140+68+60 | E66: =140+68+60 -> 268 | F66: =8+9+16+1+7 -> 41 | G66: =+E66*F66 -> 10988 | H66: =+(E66*F66+E67*F67)/(SUM(F66:F67)) -> 265.04615 | I66: =+'14'!N38 -> 44.014
B67: F 12,5 | C67: 1 | D67: 120+140 | E67: =120+140 -> 260 | F67: =12+12 -> 24 | G67: =+E67*F67 -> 6240
A69: 45976 | B69: F 12,5 | C69: 1 | D69: 120+140 | E69: =120+140 -> 260 | F69: =27+25 -> 52 | G69: =+E69*F69 -> 13520 | H69: =+G69/F69 -> 260 | I69: =+'15'!N37 -> 29.185
B70: F 12 | C70: 1 | D70: 140+122,5 | E70: =140+122.5 -> 262.5 | F70: =6+34 -> 40 | G70: =+E70*F70 -> 10500 | H70: =+G70/F70 -> 262.5 | I70: =+'15'!N38 -> 21.905
A72: 45977 | B72: F 12 | C72: 1 | D72: 140+122,5 | E72: =140+122.5 -> 262.5 | F72: 22 | G72: =+E72*F72 -> 5775 | H72: =+G72/F72 -> 262.5 | I72: =+'16'!L37 -> 7.653
B73: F 13 | C73: 1 | D73: 128,5*2+15 | E73: =128.5*2+15 -> 272 | F73: =9+38+35 -> 82 | G73: =+E73*F73 -> 22304 | H73: =+G73/F73 -> 272 | I73: =+'16'!L38 -> 50.637
A75: 45978 | B75: F 13 | C75: 1 | D75: 128,5*2+15 | E75: =128.5*2+15 -> 272 | F75: =33+8 -> 41 | G75: =+E75*F75 -> 11152 | H75: =+G75/F75 -> 272 | I75: =+'17'!L37 -> 20.715
B76: F 12 | C76: 1 | D76: 146+122,5 | E76: =146+122.5 -> 268.5 | F76: =5+33 -> 38 | G76: =+E76*F76 -> 10203 | H76: =+(E76*F76+E77*F77)/(SUM(F76:F77)) -> 264.41304 | I76: =+'17'!L38 -> 26.643
B77: F 12 | C77: 1 | D77: 122,5*2 | E77: =122.5*2 -> 245 | F77: 8 | G77: =+E77*F77 -> 1960
A79: 45979 | B79: F 12 | C79: 1 | D79: 146+122,5 | E79: =146+122.5 -> 268.5 | F79: 27 | G79: =+E79*F79 -> 7249.5 | H79: =+G79/F79 -> 268.5 | I79: =+'18'!N37 -> 10.18
B80: F 13 | C80: 1 | D80: 128,5*2+15 | E80: =128.5*2+15 -> 272 | F80: =18+33+6 -> 57 | G80: =+E80*F80 -> 15504 | H80: =+G80/F80 -> 272 | I80: =+'18'!N38 -> 40.915
A82: 45980 | B82: F 13 | C82: 1 | D82: 128,5*2+15 | E82: =128.5*2+15 -> 272 | F82: =35+39+36 -> 110 | G82: =+E82*F82 -> 29920 | H82: =+G82/F82 -> 272 | I82: =+'19'!I38 -> 64
A84: 45981 | B84: F 13 | C84: 1 | D84: 128,5*2+15 | E84: =128.5*2+15 -> 272 | F84: =32+38+36 -> 106 | G84: =+E84*F84 -> 28832 | H84: =+G84/F84 -> 272 | I84: =+'20'!I38 -> 58.091
A86: 45982 | B86: F 13 | C86: 1 | D86: 128,5*2+15 | E86: =128.5*2+15 -> 272 | F86: =35+36+29 -> 100 | G86: =+E86*F86 -> 27200 | H86: =+G86/F86 -> 272 | I86: =+'21'!I38 -> 60.529
A88: 45983 | B88: F 13 | C88: 1 | D88: 128,5*2+15 | E88: =128.5*2+15 -> 272 | F88: 102 | G88: =+E88*F88 -> 27744 | H88: =+G88/F88 -> 272 | I88: =+'22'!I38 -> 52.584
A90: 45984 | B90: F 13 | C90: 1 | D90: 128,5*2+15 | E90: =128.5*2+15 -> 272 | F90: =32+37+22 -> 91 | G90: =+E90*F90 -> 24752 | H90: =+G90/F90 -> 272 | I90: =+'23'!I38 -> 59.13
A92: 45985 | B92: F 13 | C92: 1 | D92: 128,5*2+15 | E92: =128.5*2+15 -> 272 | F92: 70 | G92: =+E92*F92 -> 19040 | H92: =+(E92*F92+E93*F93)/(SUM(F92:F93)) -> 271.6 | I92: =+'24'!L37 -> 38.405
B93: F 12 | C93: 1 | D93: 133*2 | E93: =133*2 -> 266 | F93: 5 | G93: =+E93*F93 -> 1330 | I93: pengalian
B94: F 10,3 | C94: 1 | D94: 133*2 | E94: =133*2 -> 266 | F94: 17 | G94: =+E94*F94 -> 4522 | H94: =+G94/F94 -> 266 | I94: =+'24'!L38 -> 18.401
A96: 45986 | B96: F 10,3 | C96: 1 | D96: 133*2 | E96: =133*2 -> 266 | F96: 31 | G96: =+E96*F96 -> 8246 | H96: =+(E96*F96+E97*F97)/(SUM(F96:F97)) -> 266 | I96: =+'25'!I38 -> 51.827
B97: F 10,3 | C97: 1 | D97: 266*1 | E97: 266 | F97: =12+25 -> 37 | G97: =+E97*F97 -> 9842
A99: 45987 | B99: F 10,3 | C99: 1 | D99: 266*1 | E99: 266 | F99: 66 | G99: =+E99*F99 -> 17556 | H99: =+G99/F99 -> 266 | I99: =+'26'!I38 -> 56.914
A101: 45988 | B101: F 10,3 | C101: 1 | D101: 133*2 | E101: 266 | F101: =12+2 -> 14 | G101: =+E101*F101 -> 3724 | H101: =+(E101*F101+E102*F102+E103*F103)/(SUM(F101:F103)) -> 267.82456 | I101: =+'27'!L37 -> 34.626
B102: F 10,3 | C102: 1 | D102: 266*1 | E102: 266 | F102: =13+4 -> 17 | G102: =+E102*F102 -> 4522
B103: F 10,3 | C103: 1 | D103: 126+144 | E103: =126+144 -> 270 | F103: 26 | G103: =+E103*F103 -> 7020
B104: F 12 | C104: 1 | D104: 140+122,5 | E104: =140+122.5 -> 262.5 | F104: 31 | G104: =+E104*F104 -> 8137.5 | H104: =+G104/F104 -> 262.5 | I104: =+'27'!L38 -> 20.253
A106: 45989 | B106: F 12 | C106: 1 | D106: 140+122,5 | E106: =140+122.5 -> 262.5 | F106: =29+36+37 -> 102 | G106: =+E106*F106 -> 26775 | H106: =+G106/F106 -> 262.5 | I106: =+'28'!I38 -> 54.031
A108: 45990 | B108: F 12 | C108: 1 | D108: 140+122,5 | E108: =140+128 -> 268 | F108: =40+36+35 -> 111 | G108: =+E108*F108 -> 29748 | H108: =+G108/F108 -> 268 | I108: =+'29'!I38 -> 53.108
A110: 45991 | B110: F 12 | C110: 1 | D110: 140+122,5 | E110: =140+128 -> 268 | F110: =37+32+4 -> 73 | G110: =+E110*F110 -> 19564 | H110: =+G110/F110 -> 268 | I110: =+'30'!L37 -> 32.679
B111: F 13 | C111: 1 | D111: 135*2 | E111: =135*2 -> 270 | F111: 40 | G111: =+E111*F111 -> 10800 | H111: =+G111/F111 -> 270 | I111: =+'30'!L38 -> 22.158

Sheet Efficiency1
A1: PM11 Efficiency Report
A3: Date | B3: Grade | C3: Speed real (ton) with Available Time | D3: Colour | E3: gsm | F3: Ply | G3: Standard | L3: Real Running | O3: Trim Rewinder (cm) | P3: Trim Rewinder x Running Time | Q3: Available Time (mnt) | R3: Down Time (mnt) | S3: Loss Time (mnt) | T3: Real Speed & Real Creepe Ratio with Available Time (ton) | U3: Real Speed & Real Creepe Ratio setelah dipotong DT & LT (ton) | V3: Loss tonase akibat DT + LT dari hitungan Teori with available time (ton) | W3: Accepted (ton) | X3: Real Eff dr Target Eff | Y3: Backlog | Z3: Reject Rewinder (ton) | AA3: Estimasi Reject to Broke Plant (ton) | AB3: Estimasi Faktor BW (ton) | AC3: Loss Opportunity in Speed (ton) | AD3: Downtime/ Losstime | AE3: Reason of Downtime / Losstime | AF3: Loss Time | AM3: Total Losstime | AN3: Unschedule Shut Down (mnt) | AS3: Schedule Shut Down | AT3: Marketing | AV3: EXT FACTOR | AX3: EXT FACTOR | AZ3: MANAGEMENT | BA3: Total Down Time | BB3: Freq. Sheets Break (X) | BC3: Freq. Change Blade (X) | BD3: Steam, & gangguan sinergy (X) | BE3: Freq, Trip PLN (X) | BF3: Cleaning Holes (X)
AF4: Proses | AI4: Change Grade | AJ4: Mekanik | AK4: Electric & Instrument | AL4: Boiler | AN4: Down Time Produksi | AO4: Mekanik | AP4: Electrical & Instrument | AQ4: Boiler | AR4: Total Unschedule Shut Down | AV4: LOSS | AW4: DOWN TIME | AX4: LOSS | AY4: DOWN TIME
G5: Yankee Speed (mpm) | H5: Max % Creeping | I5: Target Eff | J5: Kapasitas PM-Teori (ton) | K5: Teori (ton) with Available Time | L5: Yankee Speed (mpm) | M5: Popereel Speed (mpm) | N5: % Creeping | AF5: sheet break | AG5: change blade | AH5: change spool | AT5: Loss time | AU5: Down Time | AV5: SINERGY | AW5: SINERGY | AX5: PLN | AY5: PLN
A6: =+Report1!A9 -> 45962 | B6: MG | C6: =(M6*E6*O6*Q6)/100000000 -> 59.309193 | D6: High White | E6: 12 | F6: 1 | G6: 1270 | H6: 0 | I6: 0.88 | J6: =E6*G6*(1-H6)*1440/1000000*2.77 -> 60.789312 | K6: =(IF(G6<L6,L6,G6)*(1-IF(H6<N6,H6,N6))*E6*O6*Q6)/100000000 -> 59.517504 | L6: 1290 | M6: =+L6-L6*0.0035 -> 1285.485 | N6: =1-(M6/L6) -> 0.0035 | O6: =+'Trim Rwd'!H4 -> 267 | P6: =O6*(Q6-R6-S6) -> 371931 | Q6: 1440 | R6: 0 | S6: 47 | T6: =E6*M6*O6*Q6/100000000 -> 59.309193 | U6: =E6*M6*O6*(Q6-R6-S6)/100000000 -> 57.373407 | V6: =E6*G6*(1-N6)*O6/100*(R6+S6)/1000000 -> 1.905774 | W6: =+'1'!K34/1000 -> 59.673 | X6: =SUM(W6:W9)/SUM(K6:K9) -> 1.0026126 | Y6: 0 | Z6: =+'1'!D34/1000 -> 0.862 | AA6: =SUM(U6:U9)-SUM(W6:W9)-SUM(Z6:Z9)-SUM(Y6:Y9) -> -3.1615934 | AB6: =(SUM(K6:K9)-SUM(W6:W9)-SUM(Y6:Y9)-SUM(Z6:Z9)-SUM(AC6:AC9)-SUM(V6:V9))-AA6 -> 0.030012188 | AC6: =K6-T6 -> 0.20831126 | AD6: =+AM6+BA6 -> 20 | AE6: - Sheet Breaks (4x) | AF6: 20 | AM6: =SUM(AF6:AL6)+AT6+AV6+AX6 -> 20 | AR6: =SUM(AN6:AQ6) -> 0 | BA6: =+AR6+AS6+AU6+AW6+AY6+AZ6 -> 0 | BB6: 4
AD7: =+AM7+BA7 -> 3 | AE7: - Change Blade (2x) | AG7: 3 | AM7: =SUM(AF7:AL7)+AT7+AV7+AX7 -> 3 | AR7: =SUM(AN7:AQ7) -> 0 | BA7: =+AR7+AS7+AU7+AW7+AY7+AZ7 -> 0 | BC7: 2
AD8: =+AM8+BA8 -> 24 | AE8: - Change Spool (24x) | AH8: 24 | AM8: =SUM(AF8:AL8)+AT8+AV8+AX8 -> 24 | AR8: =SUM(AN8:AQ8) -> 0 | BA8: =+AR8+AS8+AU8+AW8+AY8+AZ8 -> 0
A10: 45963 | B10: MG | C10: =(M10*E10*O10*Q10)/100000000 -> 42.58823 | D10: High White | E10: 14 | F10: 1 | G10: 1270 | H10: 0 | I10: 0.88 | J10: =E10*G10*(1-H10)*1440/1000000*2.77 -> 70.920864 | K10: =(IF(G10<L10,L10,G10)*(1-IF(H10<N10,H10,N10))*E10*O10*Q10)/100000000 -> 42.737812 | L10: 1290 | M10: 1285.485 | N10: =1-(M10/L10) -> 0.0035 | O10: =+'Trim Rwd'!H6 -> 268.91304 | P10: =O10*(Q10-R10-S10) -> 229382.83 | Q10: 880 | R10: 0 | S10: 27 | T10: =E10*M10*O10*Q10/100000000 -> 42.58823 | U10: =E10*M10*O10*(Q10-R10-S10)/100000000 -> 41.281546 | V10: =E10*G10*(1-N10)*O10/100*(R10+S10)/1000000 -> 1.2864257 | W10: =+'2'!K7/1000 -> 51.575 | X10: =SUM(W10:W13)/SUM(K10:K13) -> 0.85910239 | Y10: 0 | Z10: =+'2'!D34/1000 -> 0.967 | AA10: =SUM(U10:U13)-SUM(W10:W13)-SUM(Z10:Z13)-SUM(Y10:Y13) -> 5.6216186 | AB10: =(SUM(K10:K13)-SUM(W10:W13)-SUM(Y10:Y13)-SUM(Z10:Z13)-SUM(AC10:AC13)-SUM(V10:V13))-AA10 -> 0.0046736311 | AC10: =K10-T10 -> 0.14958234 | AD10: =+AM10+BA10 -> 25 | AE10: - Sheet Breaks (5x) | AF10: 25 | AM10: =SUM(AF10:AL10)+AT10+AV10+AX10 -> 25 | AR10: =SUM(AN10:AQ10) -> 0 | BA10: =+AR10+AS10+AU10+AW10+AY10+AZ10 -> 0 | BB10: 5
B11: MG | C11: =(M11*E11*O11*Q11)/100000000 -> 29.923278 | D11: High White | E11: 16.5 | F11: 1 | G11: 1210 | H11: 0 | I11: 0.88 | J11: =E11*G11*(1-H11)*1440/1000000*2.77 -> 79.636392 | K11: =(IF(G11<L11,L11,G11)*(1-IF(H11<N11,H11,N11))*E11*O11*Q11)/100000000 -> 30.298884 | L11: 1200 | M11: 1195 | N11: =1-(M11/L11) -> 0.0041666667 | O11: =+'Trim Rwd'!H8 -> 271 | P11: =O11*(Q11-R11-S11) -> 142275 | Q11: 560 | R11: 0 | S11: 35 | T11: =E11*M11*O11*Q11/100000000 -> 29.923278 | U11: =E11*M11*O11*(Q11-R11-S11)/100000000 -> 28.053073 | V11: =E11*G11*(1-N11)*O11/100*(R11+S11)/1000000 -> 1.8857899 | W11: =+'2'!K8/1000 -> 11.171 | AC11: =K11-T11 -> 0.375606 | AD11: =+AM11+BA11 -> 2 | AE11: - Change Blade (2x) | AG11: 2 | AM11: =SUM(AF11:AL11)+AT11+AV11+AX11 -> 2 | AR11: =SUM(AN11:AQ11) -> 0 | BA11: =+AR11+AS11+AU11+AW11+AY11+AZ11 -> 0 | BC11: 2
AD12: =+AM12+BA12 -> 25 | AE12: - Change Spool (24x) | AH12: 25 | AM12: =SUM(AF12:AL12)+AT12+AV12+AX12 -> 25 | AR12: =SUM(AN12:AQ12) -> 0 | BA12: =+AR12+AS12+AU12+AW12+AY12+AZ12 -> 0
AD13: =+AM13+BA13 -> 10 | AE13: - Change Grade | AI13: 10 | AM13: =SUM(AF13:AL13)+AT13+AV13+AX13 -> 10 | AR13: =SUM(AN13:AQ13) -> 0 | BA13: =+AR13+AS13+AU13+AW13+AY13+AZ13 -> 0
A15: 45964 | B15: MG | C15: =(M15*E15*O15*Q15)/100000000 -> 73.345843 | D15: High White | E15: 16.5 | F15: 1 | G15: 1210 | H15: 0 | I15: 0.88 | J15: =E15*G15*(1-H15)*1440/1000000*2.77 -> 79.636392 | K15: =(IF(G15<L15,L15,G15)*(1-IF(H15<N15,H15,N15))*E15*O15*Q15)/100000000 -> 75.322241 | L15: 1182.3889 | M15: 1178.2505 | N15: =1-(M15/L15) -> 0.0035 | O15: =+'Trim Rwd'!H11 -> 261.99405 | P15: =O15*(Q15-R15-S15) -> 358669.85 | Q15: 1440 | R15: 0 | S15: 71 | T15: =E15*M15*O15*Q15/100000000 -> 73.345843 | U15: =E15*M15*O15*(Q15-R15-S15)/100000000 -> 69.729485 | V15: =E15*G15*(1-N15)*O15/100*(R15+S15)/1000000 -> 3.7008066 | W15: =+'3'!K8/1000 -> 63.193 | X15: =SUM(W15:W18)/SUM(K15:K18) -> 0.87121678 | Y15: 0 | Z15: =+'3'!D34/1000 -> 0.848 | AA15: =SUM(U15:U18)-SUM(W15:W18)-SUM(Z15:Z18)-SUM(Y15:Y18) -> 3.2594853 | AB15: =(SUM(K15:K18)-SUM(W15:W18)-SUM(Y15:Y18)-SUM(Z15:Z18)-SUM(AC15:AC18)-SUM(V15:V18))-AA15 -> -0.084449076 | AC15: =K15-T15 -> 1.9763978 | AD15: =+AM15+BA15 -> 30 | AE15: - Sheet Breaks (6x) | AF15: 30 | AM15: =SUM(AF15:AL15)+AT15+AV15+AX15 -> 30 | AR15: =SUM(AN15:AQ15) -> 0 | BA15: =+AR15+AS15+AU15+AW15+AY15+AZ15 -> 0 | BB15: 6
B16: MG | E16: 14 | W16: =+'3'!K7/1000 -> 2.429 | AD16: =+AM16+BA16 -> 0 | AE16: - Change Blade (0x) | AG16: 0 | AM16: =SUM(AF16:AL16)+AT16+AV16+AX16 -> 0 | AR16: =SUM(AN16:AQ16) -> 0 | BA16: =+AR16+AS16+AU16+AW16+AY16+AZ16 -> 0 | BC16: 0
AD17: =+AM17+BA17 -> 31 | AE17: - Change Spool (25x) | AH17: 31 | AM17: =SUM(AF17:AL17)+AT17+AV17+AX17 -> 31 | AR17: =SUM(AN17:AQ17) -> 0 | BA17: =+AR17+AS17+AU17+AW17+AY17+AZ17 -> 0
AD18: =+AM18+BA18 -> 10 | AE18: - Change Grade | AI18: 10 | AM18: =SUM(AF18:AL18)+AT18+AV18+AX18 -> 10 | AR18: =SUM(AN18:AQ18) -> 0 | BA18: =+AR18+AS18+AU18+AW18+AY18+AZ18 -> 0
A20: 45965 | B20: MG | C20: =(M20*E20*O20*Q20)/100000000 -> 10.70282 | D20: High White | E20: 16.5 | F20: 1 | G20: 1210 | H20: 0 | I20: 0.88 | J20: =E20*G20*(1-H20)*1440/1000000*2.77 -> 79.636392 | K20: =(IF(G20<L20,L20,G20)*(1-IF(H20<N20,H20,N20))*E20*O20*Q20)/100000000 -> 11.20336 | L20: 1160 | M20: =+L20-L20*0.0035 -> 1155.94 | N20: =1-(M20/L20) -> 0.0035 | O20: =+'Trim Rwd'!H16 -> 261 | P20: =O20*(Q20-R20-S20) -> 52200 | Q20: 215 | R20: 0 | S20: 15 | T20: =E20*M20*O20*Q20/100000000 -> 10.70282 | U20: =E20*M20*O20*(Q20-R20-S20)/100000000 -> 9.9561112 | V20: =E20*G20*(1-N20)*O20/100*(R20+S20)/1000000 -> 0.77889405 | W20: =+'4'!K8/1000 -> 19.001 | X20: =SUM(W20:W25)/SUM(K20:K25) -> 0.79021127 | Y20: 0 | Z20: 0 | AA20: =SUM(U20:U25)-SUM(W20:W25)-SUM(Z20:Z25)-SUM(Y20:Y25) -> 8.3693381 | AB20: =(SUM(K20:K25)-SUM(W20:W25)-SUM(Y20:Y25)-SUM(Z20:Z25)-SUM(AC20:AC25)-SUM(V20:V25))-AA20 -> -0.018707188 | AC20: =K20-T20 -> 0.50054019 | AD20: =+AM20+BA20 -> 33 | AE20: - Sheet Breaks (7x) | AF20: 33 | AM20: =SUM(AF20:AL20)+AT20+AV20+AX20 -> 33 | AR20: =SUM(AN20:AQ20) -> 0 | BA20: =+AR20+AS20+AU20+AW20+AY20+AZ20 -> 0 | BB20: 7
B21: MG | C21: =(M21*E21*O21*Q21)/100000000 -> 6.0724219 | D21: High White | E21: 30 | F21: 1 | G21: 690 | H21: 0 | I21: 0.88 | J21: =E21*G21*(1-H21)*1440/1000000*2.77 -> 82.56816 | K21: =(IF(G21<L21,L21,G21)*(1-IF(H21<N21,H21,N21))*E21*O21*Q21)/100000000 -> 6.09375 | L21: 700 | M21: =+L21-L21*0.0035 -> 697.55 | N21: =1-(M21/L21) -> 0.0035 | O21: =+'Trim Rwd'!H17 -> 232.14286 | P21: =O21*(Q21-R21-S21) -> 25535.714 | Q21: 125 | R21: 0 | S21: 15 | T21: =E21*M21*O21*Q21/100000000 -> 6.0724219 | U21: =E21*M21*O21*(Q21-R21-S21)/100000000 -> 5.3437313 | V21: =E21*G21*(1-N21)*O21/100*(R21+S21)/1000000 -> 0.71828076 | W21: =+'4'!K9/1000 -> 4.193 | Z21: =+'4'!D18/1000 -> 0.998 | AC21: =K21-T21 -> 0.021328125 | AD21: =+AM21+BA21 -> 0 | AE21: - Change Blade (0x) | AG21: 0 | AM21: =SUM(AF21:AL21)+AT21+AV21+AX21 -> 0 | AR21: =SUM(AN21:AQ21) -> 0 | BA21: =+AR21+AS21+AU21+AW21+AY21+AZ21 -> 0 | BC21: 0
B22: MG | C22: =(M22*E22*O22*Q22)/100000000 -> 7.4917667 | D22: High White | E22: 17 | F22: 1 | G22: 1210 | H22: 0 | I22: 0.88 | J22: =E22*G22*(1-H22)*1440/1000000*2.77 -> 82.049616 | K22: =(IF(G22<L22,L22,G22)*(1-IF(H22<N22,H22,N22))*E22*O22*Q22)/100000000 -> 7.5807307 | L22: 1200 | M22: =+L22-L22*0.0035 -> 1195.8 | N22: =1-(M22/L22) -> 0.0035 | O22: =+'Trim Rwd'!H19 -> 263.2381 | P22: =O22*(Q22-R22-S22) -> 32904.762 | Q22: 140 | R22: 0 | S22: 15 | T22: =E22*M22*O22*Q22/100000000 -> 7.4917667 | U22: =E22*M22*O22*(Q22-R22-S22)/100000000 -> 6.6890774 | V22: =E22*G22*(1-N22)*O22/100*(R22+S22)/1000000 -> 0.80937837 | W22: =+'4'!K10/1000 -> 18.114 | Z22: =+('4'!D17/1000) -> 0.724 | AC22: =K22-T22 -> 0.088963947 | AD22: =+AM22+BA22 -> 29 | AE22: - Change Spool (25x) | AH22: 29 | AM22: =SUM(AF22:AL22)+AT22+AV22+AX22 -> 29 | AR22: =SUM(AN22:AQ22) -> 0 | BA22: =+AR22+AS22+AU22+AW22+AY22+AZ22 -> 0
B23: MG | C23: =(M23*E23*O23*Q23)/100000000 -> 30.561204 | D23: High White | E23: 18 | F23: 1 | G23: 1150 | H23: 0 | I23: 0.88 | J23: =E23*G23*(1-H23)*1440/1000000*2.77 -> 82.56816 | K23: =(IF(G23<L23,L23,G23)*(1-IF(H23<N23,H23,N23))*E23*O23*Q23)/100000000 -> 30.668544 | L23: 1160 | M23: =+L23-L23*0.0035 -> 1155.94 | N23: =1-(M23/L23) -> 0.0035 | O23: =+'Trim Rwd'!H21 -> 272 | P23: =O23*(Q23-R23-S23) -> 141440 | Q23: 540 | R23: 0 | S23: 20 | T23: =E23*M23*O23*Q23/100000000 -> 30.561204 | U23: =E23*M23*O23*(Q23-R23-S23)/100000000 -> 29.429308 | V23: =E23*G23*(1-N23)*O23/100*(R23+S23)/1000000 -> 1.1221387 | W23: =+'4'!K11/1000 -> 16.696 | Z23: =+('4'!D19+'4'!D25)/1000 -> 0.564 | AC23: =K23-T23 -> 0.1073399 | AD23: =+AM23+BA23 -> 18 | AE23: - Change Grade | AI23: 18 | AM23: =SUM(AF23:AL23)+AT23+AV23+AX23 -> 18 | AR23: =SUM(AN23:AQ23) -> 0 | BA23: =+AR23+AS23+AU23+AW23+AY23+AZ23 -> 0
B24: MG | C24: =(M24*E24*O24*Q24)/100000000 -> 19.868707 | D24: Off White | E24: 14 | F24: 1 | G24: 1270 | H24: 0 | I24: 0.88 | J24: =E24*G24*(1-H24)*1440/1000000*2.77 -> 70.920864 | K24: =(IF(G24<L24,L24,G24)*(1-IF(H24<N24,H24,N24))*E24*O24*Q24)/100000000 -> 19.938492 | L24: 1270 | M24: =+L24-L24*0.0035 -> 1265.555 | N24: =1-(M24/L24) -> 0.0035 | O24: =+'Trim Rwd'!H22 -> 267 | P24: =O24*(Q24-R24-S24) -> 108135 | Q24: 420 | R24: 0 | S24: 15 | T24: =E24*M24*O24*Q24/100000000 -> 19.868707 | U24: =E24*M24*O24*(Q24-R24-S24)/100000000 -> 19.159111 | V24: =E24*G24*(1-N24)*O24/100*(R24+S24)/1000000 -> 0.70959669 | W24: =+'4'!K7/1000 -> 0.658 | Z24: =+'4'!D27/1000 -> 0.273 | AC24: =K24-T24 -> 0.069784722
B25: MG | E25: 21.5 | W25: =+'4'!K12/1000 -> 0.987
A27: 45966 | B27: MG | C27: =(M27*E27*O27*Q27)/100000000 -> 18.900229 | D27: Off White | E27: 14 | F27: 1 | G27: 1270 | H27: 0 | I27: 0.88 | J27: =E27*G27*(1-H27)*1440/1000000*2.77 -> 70.920864 | K27: =(IF(G27<L27,L27,G27)*(1-IF(H27<N27,H27,N27))*E27*O27*Q27)/100000000 -> 20.413218 | L27: 1180 | M27: =+L27-L27*0.0035 -> 1175.87 | N27: =1-(M27/L27) -> 0.0035 | O27: =+'Trim Rwd'!H25 -> 267 | P27: =O27*(Q27-R27-S27) -> 93717 | Q27: 430 | R27: 60 | S27: 19 | T27: =E27*M27*O27*Q27/100000000 -> 18.900229 | U27: =E27*M27*O27*(Q27-R27-S27)/100000000 -> 15.427861 | V27: =E27*G27*(1-N27)*O27/100*(R27+S27)/1000000 -> 3.7372092 | W27: =+'5'!K7/1000 -> 29.161 | X27: =SUM(W27:W30)/SUM(K27:K30) -> 0.90111446 | Y27: 0 | Z27: =+'5'!D16/1000 -> 0.444 | AA27: =SUM(U27:U30)-SUM(W27:W30)-SUM(Z27:Z30)-SUM(Y27:Y30) -> -9.9001869 | AB27: =(SUM(K27:K30)-SUM(W27:W30)-SUM(Y27:Y30)-SUM(Z27:Z30)-SUM(AC27:AC30)-SUM(V27:V30))-AA27 -> -0.8112333 | AC27: =K27-T27 -> 1.5129891 | AD27: =+AM27+BA27 -> 50 | AE27: - Sheet Breaks (10x) | AF27: 50 | AM27: =SUM(AF27:AL27)+AT27+AV27+AX27 -> 50 | AR27: =SUM(AN27:AQ27) -> 0 | BA27: =+AR27+AS27+AU27+AW27+AY27+AZ27 -> 0 | BB27: 10
B28: Facial | C28: =(M28*E28*O28*Q28)/100000000 -> 37.913124 | D28: Off White | E28: 10.3 | F28: 1 | G28: 1730 | H28: 0.16 | I28: 0.88 | J28: =E28*G28*(1-H28)*1440/1000000*2.77 -> 59.704199 | K28: =(IF(G28<L28,L28,G28)*(1-IF(H28<N28,H28,N28))*E28*O28*Q28)/100000000 -> 40.817627 | L28: 1606.8966 | M28: 1349.7931 | N28: =1-(M28/L28) -> 0.16 | O28: =+'Trim Rwd'!H26 -> 270 | P28: =O28*(Q28-R28-S28) -> 221400 | Q28: 1010 | R28: 140 | S28: 50 | T28: =E28*M28*O28*Q28/100000000 -> 37.913124 | U28: =E28*M28*O28*(Q28-R28-S28)/100000000 -> 30.780952 | V28: =E28*G28*(1-N28)*O28/100*(R28+S28)/1000000 -> 7.6785635 | W28: =+'5'!K13/1000 -> 17.317 | Z28: 0 | AC28: =K28-T28 -> 2.9045033 | AD28: =+AM28+BA28 -> 0 | AE28: - Change Blade (0x) | AG28: 0 | AM28: =SUM(AF28:AL28)+AT28+AV28+AX28 -> 0 | AR28: =SUM(AN28:AQ28) -> 0 | BA28: =+AR28+AS28+AU28+AW28+AY28+AZ28 -> 0 | BC28: 0
B29: MG | E29: 18 | W29: =+'5'!K11/1000 -> 8.698 | Z29: =+'5'!D8/1000 -> 0.489 | AD29: =+AM29+BA29 -> 19 | AE29: - Change Spool (19x) | AH29: 19 | AM29: =SUM(AF29:AL29)+AT29+AV29+AX29 -> 19 | AR29: =SUM(AN29:AQ29) -> 0 | BA29: =+AR29+AS29+AU29+AW29+AY29+AZ29 -> 0
AD30: =+AM30+BA30 -> 60 | AE30: - 11.30 Pm stop, turbo vaccum trip | AM30: =SUM(AF30:AL30)+AT30+AV30+AX30 -> 0 | AP30: 60 | AR30: =SUM(AN30:AQ30) -> 60 | BA30: =+AR30+AS30+AU30+AW30+AY30+AZ30 -> 60
AD31: =+AM31+BA31 -> 140 | AE31: - 04.00 PM Stop, Van belt vertikal screen putus tinggal 1, Med Ganti Van belt | AM31: =SUM(AF31:AL31)+AT31+AV31+AX31 -> 0 | AO31: 140 | AR31: =SUM(AN31:AQ31) -> 140 | BA31: =+AR31+AS31+AU31+AW31+AY31+AZ31 -> 140
A33: 45936 | B33: Facial | C33: =(M33*E33*O33*Q33)/100000000 -> 54.590485 | D33: Off White | E33: 12 | F33: 1 | G33: 1700 | H33: 0.24 | I33: 0.88 | J33: =E33*G33*(1-H33)*1440/1000000*2.77 -> 61.842355 | K33: =(IF(G33<L33,L33,G33)*(1-IF(H33<N33,H33,N33))*E33*O33*Q33)/100000000 -> 59.192561 | L33: 1567.8292 | M33: 1191.5502 | N33: =1-(M33/L33) -> 0.24 | O33: =+'Trim Rwd'!H30 -> 267.92208 | P33: =O33*(Q33-R33-S33) -> 346423.25 | Q33: 1425 | R33: 20 | S33: =85+27 -> 112 | T33: =E33*M33*O33*Q33/100000000 -> 54.590485 | U33: =E33*M33*O33*(Q33-R33-S33)/100000000 -> 49.533682 | V33: =E33*G33*(1-N33)*O33/100*(R33+S33)/1000000 -> 5.4831003 | W33: =+'6'!K14/1000 -> 43.052 | X33: =SUM(W33:W36)/SUM(K33:K36) -> 0.74072482 | Y33: 0 | Z33: 0 | AA33: =SUM(U33:U36)-SUM(W33:W36)-SUM(Z33:Z36)-SUM(Y33:Y36) -> 5.4756482 | AB33: =(SUM(K33:K36)-SUM(W33:W36)-SUM(Y33:Y36)-SUM(Z33:Z36)-SUM(AC33:AC36)-SUM(V33:V36))-AA33 -> -0.42629756 | AC33: =K33-T33 -> 4.602076 | AD33: =+AM33+BA33 -> 85 | AE33: - Sheet Breaks (27x) | AF33: 85 | AM33: =SUM(AF33:AL33)+AT33+AV33+AX33 -> 85 | AR33: =SUM(AN33:AQ33) -> 0 | BA33: =+AR33+AS33+AU33+AW33+AY33+AZ33 -> 0 | BB33: 27
B34: Facial | C34: =(M34*E34*O34*Q34)/100000000 -> 0.6449664 | D34: Off White | E34: 13 | F34: 1 | G34: 1700 | H34: 0.24 | I34: 0.88 | J34: =E34*G34*(1-H34)*1440/1000000*2.77 -> 66.995885 | K34: =(IF(G34<L34,L34,G34)*(1-IF(H34<N34,H34,N34))*E34*O34*Q34)/100000000 -> 0.6852768 | L34: 1600 | M34: 1216 | N34: =1-(M34/L34) -> 0.24 | O34: =+'Trim Rwd'!H33 -> 272 | P34: =O34*(Q34-R34-S34) -> 4080 | Q34: 15 | R34: 0 | S34: 0 | T34: =E34*M34*O34*Q34/100000000 -> 0.6449664 | U34: =E34*M34*O34*(Q34-R34-S34)/100000000 -> 0.6449664 | V34: =E34*G34*(1-N34)*O34/100*(R34+S34)/1000000 -> 0 | W34: =+'6'!K15/1000 -> 0 | Z34: 0 | AC34: =K34-T34 -> 0.0403104 | AD34: =+AM34+BA34 -> 0 | AE34: - Change Blade (0x) | AG34: 0 | AM34: =SUM(AF34:AL34)+AT34+AV34+AX34 -> 0 | AR34: =SUM(AN34:AQ34) -> 0 | BA34: =+AR34+AS34+AU34+AW34+AY34+AZ34 -> 0 | BC34: 0
B35: Facial | E35: 10.3 | W35: =+'6'!K13/1000 -> 1.301 | Z35: =+'6'!D8/1000 -> 0.35 | AD35: =+AM35+BA35 -> 27 | AE35: - Change Spool (26x) | AH35: 27 | AM35: =SUM(AF35:AL35)+AT35+AV35+AX35 -> 27 | AR35: =SUM(AN35:AQ35) -> 0 | BA35: =+AR35+AS35+AU35+AW35+AY35+AZ35 -> 0
AD36: =+AM36+BA36 -> 20 | AE36: - 12.20 pm trip stock flow alarm | AM36: =SUM(AF36:AL36)+AT36+AV36+AX36 -> 0 | AP36: 20 | AR36: =SUM(AN36:AQ36) -> 20 | BA36: =+AR36+AS36+AU36+AW36+AY36+AZ36 -> 20
A38: 45968 | B38: Facial | C38: =(M38*E38*O38*Q38)/100000000 -> 37.193062 | D38: Off White | E38: 13 | F38: 1 | G38: 1700 | H38: 0.24 | I38: 0.88 | J38: =E38*G38*(1-H38)*1440/1000000*2.77 -> 66.995885 | K38: =(IF(G38<L38,L38,G38)*(1-IF(H38<N38,H38,N38))*E38*O38*Q38)/100000000 -> 39.517629 | L38: 1600 | M38: 1216 | N38: =1-(M38/L38) -> 0.24 | O38: =+'Trim Rwd'!H35 -> 272 | P38: =O38*(Q38-R38-S38) -> 210800 | Q38: 865 | R38: 0 | S38: 90 | T38: =E38*M38*O38*Q38/100000000 -> 37.193062 | U38: =E38*M38*O38*(Q38-R38-S38)/100000000 -> 33.323264 | V38: =E38*G38*(1-N38)*O38/100*(R38+S38)/1000000 -> 4.1116608 | W38: =+'7'!K15/1000 -> 32.631 | X38: =SUM(W38:W41)/SUM(K38:K41) -> 0.78018144 | Y38: 0 | Z38: 0 | AA38: =SUM(U38:U41)-SUM(W38:W41)-SUM(Z38:Z41)-SUM(Y38:Y41) -> 4.4809749 | AB38: =(SUM(K38:K41)-SUM(W38:W41)-SUM(Y38:Y41)-SUM(Z38:Z41)-SUM(AC38:AC41)-SUM(V38:V41))-AA38 -> -0.3503499 | AC38: =K38-T38 -> 2.3245664 | AD38: =+AM38+BA38 -> 90 | AE38: - Sheet Breaks (18x) | AF38: 90 | AM38: =SUM(AF38:AL38)+AT38+AV38+AX38 -> 90 | AR38: =SUM(AN38:AQ38) -> 0 | BA38: =+AR38+AS38+AU38+AW38+AY38+AZ38 -> 0 | BB38: 18
B39: Facial | C39: =(M39*E39*O39*Q39)/100000000 -> 21.294 | D39: Off White | E39: 10.3 | F39: 1 | G39: 1730 | H39: 0.16 | I39: 0.88 | J39: =E39*G39*(1-H39)*1440/1000000*2.77 -> 59.704199 | K39: =(IF(G39<L39,L39,G39)*(1-IF(H39<N39,H39,N39))*E39*O39*Q39)/100000000 -> 22.893495 | L39: 1609.1304 | M39: 1351.6696 | N39: =1-(M39/L39) -> 0.16 | O39: =+'Trim Rwd'!H36 -> 266 | P39: =O39*(Q39-R39-S39) -> 142576 | Q39: 575 | R39: 0 | S39: =13+26 -> 39 | T39: =E39*M39*O39*Q39/100000000 -> 21.294 | U39: =E39*M39*O39*(Q39-R39-S39)/100000000 -> 19.849711 | V39: =E39*G39*(1-N39)*O39/100*(R39+S39)/1000000 -> 1.5527762 | W39: =+'7'!K13/1000 -> 11.616 | Z39: 0 | AC39: =K39-T39 -> 1.5994952 | AD39: =+AM39+BA39 -> 13 | AE39: - Change Blade (7x) | AG39: 13 | AM39: =SUM(AF39:AL39)+AT39+AV39+AX39 -> 13 | AR39: =SUM(AN39:AQ39) -> 0 | BA39: =+AR39+AS39+AU39+AW39+AY39+AZ39 -> 0 | BC39: 7
B40: Facial | E40: 12 | W40: =+'7'!K14/1000 -> 4.445 | AD40: =+AM40+BA40 -> 26 | AE40: - Change Spool (25x) | AH40: 26 | AM40: =SUM(AF40:AL40)+AT40+AV40+AX40 -> 26 | AR40: =SUM(AN40:AQ40) -> 0 | BA40: =+AR40+AS40+AU40+AW40+AY40+AZ40 -> 0
A42: 45969 | B42: Facial | C42: =(M42*E42*O42*Q42)/100000000 -> 51.478431 | D42: Off White | E42: 10.3 | F42: 1 | G42: 1730 | H42: 0.16 | I42: 0.88 | J42: =E42*G42*(1-H42)*1440/1000000*2.77 -> 59.704199 | K42: =(IF(G42<L42,L42,G42)*(1-IF(H42<N42,H42,N42))*E42*O42*Q42)/100000000 -> 57.333274 | L42: 1553.3333 | M42: 1304.8 | N42: =1-(M42/L42) -> 0.16 | O42: =+'Trim Rwd'!H39 -> 266 | P42: =O42*(Q42-R42-S42) -> 364686 | Q42: 1440 | R42: 0 | S42: 69 | T42: =E42*M42*O42*Q42/100000000 -> 51.478431 | U42: =E42*M42*O42*(Q42-R42-S42)/100000000 -> 49.011756 | V42: =E42*G42*(1-N42)*O42/100*(R42+S42)/1000000 -> 2.7472194 | W42: =+'8'!K34/1000 -> 47.743 | X42: =SUM(W42:W45)/SUM(K42:K45) -> 0.83272761 | Y42: 0 | Z42: 0 | AA42: =SUM(U42:U45)-SUM(W42:W45)-SUM(Z42:Z45)-SUM(Y42:Y45) -> 1.2687562 | AB42: =(SUM(K42:K45)-SUM(W42:W45)-SUM(Y42:Y45)-SUM(Z42:Z45)-SUM(AC42:AC45)-SUM(V42:V45))-AA42 -> -0.28054456 | AC42: =K42-T42 -> 5.854843 | AD42: =+AM42+BA42 -> 25 | AE42: - Sheet Breaks (5x) | AF42: 25 | AM42: =SUM(AF42:AL42)+AT42+AV42+AX42 -> 25 | AR42: =SUM(AN42:AQ42) -> 0 | BA42: =+AR42+AS42+AU42+AW42+AY42+AZ42 -> 0 | BB42: 5
AD43: =+AM43+BA43 -> 18 | AE43: - Change Blade (10x) | AG43: 18 | AM43: =SUM(AF43:AL43)+AT43+AV43+AX43 -> 18 | AR43: =SUM(AN43:AQ43) -> 0 | BA43: =+AR43+AS43+AU43+AW43+AY43+AZ43 -> 0 | BC43: 10
AD44: =+AM44+BA44 -> 26 | AE44: - Change Spool (19x) | AH44: 26 | AM44: =SUM(AF44:AL44)+AT44+AV44+AX44 -> 26 | AR44: =SUM(AN44:AQ44) -> 0 | BA44: =+AR44+AS44+AU44+AW44+AY44+AZ44 -> 0
A46: 45970 | B46: Facial | C46: =(M46*E46*O46*Q46)/100000000 -> 31.490034 | D46: Off White | E46: 10.3 | F46: 1 | G46: 1730 | H46: 0.16 | I46: 0.88 | J46: =E46*G46*(1-H46)*1440/1000000*2.77 -> 59.704199 | K46: =(IF(G46<L46,L46,G46)*(1-IF(H46<N46,H46,N46))*E46*O46*Q46)/100000000 -> 34.479594 | L46: 1580 | M46: =+L46-L46*0.16 -> 1327.2 | N46: =1-(M46/L46) -> 0.16 | O46: =+'Trim Rwd'!H42 -> 266 | P46: =O46*(Q46-R46-S46) -> 222642 | Q46: 866 | R46: 0 | S46: 29 | T46: =E46*M46*O46*Q46/100000000 -> 31.490034 | U46: =E46*M46*O46*(Q46-R46-S46)/100000000 -> 30.435518 | V46: =E46*G46*(1-N46)*O46/100*(R46+S46)/1000000 -> 1.1546284 | W46: =+'9'!K13/1000 -> 37.961 | X46: =SUM(W46:W49)/SUM(K46:K49) -> 0.89529502 | Y46: 0 | Z46: 0 | AA46: =SUM(U46:U49)-SUM(W46:W49)-SUM(Z46:Z49)-SUM(Y46:Y49) -> -0.55747437 | AB46: =(SUM(K46:K49)-SUM(W46:W49)-SUM(Y46:Y49)-SUM(Z46:Z49)-SUM(AC46:AC49)-SUM(V46:V49))-AA46 -> -0.14288509 | AC46: =K46-T46 -> 2.9895602 | AD46: =+AM46+BA46 -> 0 | AE46: - Sheet Breaks (0x) | AF46: 0 | AM46: =SUM(AF46:AL46)+AT46+AV46+AX46 -> 0 | AR46: =SUM(AN46:AQ46) -> 0 | BA46: =+AR46+AS46+AU46+AW46+AY46+AZ46 -> 0 | BB46: 0
B47: Facial | C47: =(M47*E47*O47*Q47)/100000000 -> 23.090183 | D47: Off White | E47: 12.5 | F47: 1 | G47: 1700 | H47: 0.24 | I47: 0.88 | J47: =E47*G47*(1-H47)*1440/1000000*2.77 -> 64.41912 | K47: =(IF(G47<L47,L47,G47)*(1-IF(H47<N47,H47,N47))*E47*O47*Q47)/100000000 -> 24.843868 | L47: 1580 | M47: =+L47-L47*0.24 -> 1200.8 | N47: =1-(M47/L47) -> 0.24 | O47: =+'Trim Rwd'!H43 -> 268 | P47: =O47*(Q47-R47-S47) -> 150080 | Q47: 574 | R47: 0 | S47: 14 | T47: =E47*M47*O47*Q47/100000000 -> 23.090183 | U47: =E47*M47*O47*(Q47-R47-S47)/100000000 -> 22.527008 | V47: =E47*G47*(1-N47)*O47/100*(R47+S47)/1000000 -> 0.605948 | W47: =+'9'!K16/1000 -> 15.151 | Z47: =+'9'!D34/1000 -> 0.408 | AC47: =K47-T47 -> 1.7536848 | AD47: =+AM47+BA47 -> 14 | AE47: - Change Blade (11x) | AG47: 14 | AM47: =SUM(AF47:AL47)+AT47+AV47+AX47 -> 14 | AR47: =SUM(AN47:AQ47) -> 0 | BA47: =+AR47+AS47+AU47+AW47+AY47+AZ47 -> 0 | BC47: 11
AD48: =+AM48+BA48 -> 29 | AE48: - Change Spool (26x) | AH48: 29 | AM48: =SUM(AF48:AL48)+AT48+AV48+AX48 -> 29 | AR48: =SUM(AN48:AQ48) -> 0 | BA48: =+AR48+AS48+AU48+AW48+AY48+AZ48 -> 0
A50: 45971 | B50: Facial | C50: =(M50*E50*O50*Q50)/100000000 -> 4.827216 | D50: Off White | E50: 12.5 | F50: 1 | G50: 1700 | H50: 0.24 | I50: 0.88 | J50: =E50*G50*(1-H50)*1440/1000000*2.77 -> 64.41912 | K50: =(IF(G50<L50,L50,G50)*(1-IF(H50<N50,H50,N50))*E50*O50*Q50)/100000000 -> 5.19384 | L50: 1580 | M50: =+L50-L50*0.24 -> 1200.8 | N50: =1-(M50/L50) -> 0.24 | O50: =+'Trim Rwd'!H45 -> 268 | P50: =O50*(Q50-R50-S50) -> 28676 | Q50: 120 | R50: 0 | S50: 13 | T50: =E50*M50*O50*Q50/100000000 -> 4.827216 | U50: =E50*M50*O50*(Q50-R50-S50)/100000000 -> 4.3042676 | V50: =E50*G50*(1-N50)*O50/100*(R50+S50)/1000000 -> 0.562666 | W50: =+'10'!K16/1000 -> 10.034 | X50: =SUM(W50:W53)/SUM(K50:K53) -> 0.81277099 | Y50: 0 | Z50: =+'10'!D7/1000 -> 0.88 | AA50: =SUM(U50:U53)-SUM(W50:W53)-SUM(Z50:Z53)-SUM(Y50:Y53) -> 2.3899476 | AB50: =(SUM(K50:K53)-SUM(W50:W53)-SUM(Y50:Y53)-SUM(Z50:Z53)-SUM(AC50:AC53)-SUM(V50:V53))-AA50 -> -0.0397176 | AC50: =K50-T50 -> 0.366624 | AD50: =+AM50+BA50 -> 0 | AE50: - Sheet Breaks (0x) | AF50: 0 | AM50: =SUM(AF50:AL50)+AT50+AV50+AX50 -> 0 | AR50: =SUM(AN50:AQ50) -> 0 | BA50: =+AR50+AS50+AU50+AW50+AY50+AZ50 -> 0 | BB50: 0
B51: Sanitary Napkin | C51: =(M51*E51*O51*Q51)/100000000 -> 48.18528 | D51: Off White | E51: 13 | F51: 1 | G51: 1350 | H51: 0.2 | I51: 0.88 | J51: =E51*G51*(1-H51)*1440/1000000*2.77 -> 56.002752 | K51: =(IF(G51<L51,L51,G51)*(1-IF(H51<N51,H51,N51))*E51*O51*Q51)/100000000 -> 48.18528 | L51: 1350 | M51: =+L51-L51*0.2 -> 1080 | N51: =1-(M51/L51) -> 0.2 | O51: =+'Trim Rwd'!H46 -> 260 | P51: =O51*(Q51-R51-S51) -> 304200 | Q51: 1320 | R51: 0 | S51: 150 | T51: =E51*M51*O51*Q51/100000000 -> 48.18528 | U51: =E51*M51*O51*(Q51-R51-S51)/100000000 -> 42.70968 | V51: =E51*G51*(1-N51)*O51/100*(R51+S51)/1000000 -> 5.4756 | W51: =+'10'!K17/1000 -> 33.351 | Z51: =+('10'!D8+'10'!D16+'10'!D25)/1000 -> 0.359 | AC51: =K51-T51 -> 0 | AD51: =+AM51+BA51 -> 10 | AE51: - Change Blade (9x) | AG51: 10 | AM51: =SUM(AF51:AL51)+AT51+AV51+AX51 -> 10 | AR51: =SUM(AN51:AQ51) -> 0 | BA51: =+AR51+AS51+AU51+AW51+AY51+AZ51 -> 0 | BC51: 9
AD52: =+AM52+BA52 -> 18 | AE52: - Change Spool (18x) | AH52: 18 | AM52: =SUM(AF52:AL52)+AT52+AV52+AX52 -> 18 | AR52: =SUM(AN52:AQ52) -> 0 | BA52: =+AR52+AS52+AU52+AW52+AY52+AZ52 -> 0
AD53: =+AM53+BA53 -> 135 | AE53: - Change Grade | AI53: 135 | AM53: =SUM(AF53:AL53)+AT53+AV53+AX53 -> 135 | AR53: =SUM(AN53:AQ53) -> 0 | BA53: =+AR53+AS53+AU53+AW53+AY53+AZ53 -> 0
A55: 45972 | B55: Sanitary Napkin | C55: =(M55*E55*O55*Q55)/100000000 -> 52.56576 | D55: Off White | E55: 13 | F55: 1 | G55: 1350 | H55: 0.2 | I55: 0.88 | J55: =E55*G55*(1-H55)*1440/1000000*2.77 -> 56.002752 | K55: =(IF(G55<L55,L55,G55)*(1-IF(H55<N55,H55,N55))*E55*O55*Q55)/100000000 -> 52.56576 | L55: 1350 | M55: =+L55-L55*0.2 -> 1080 | N55: =1-(M55/L55) -> 0.2 | O55: =+'Trim Rwd'!H48 -> 260 | P55: =O55*(Q55-R55-S55) -> 346320 | Q55: 1440 | R55: 75 | S55: 33 | T55: =E55*M55*O55*Q55/100000000 -> 52.56576 | U55: =E55*M55*O55*(Q55-R55-S55)/100000000 -> 48.623328 | V55: =E55*G55*(1-N55)*O55/100*(R55+S55)/1000000 -> 3.942432 | W55: =+'11'!K34/1000 -> 51.335 | X55: =SUM(W55:W58)/SUM(K55:K58) -> 0.97658628 | Y55: 0 | Z55: =+'11'!D34/1000 -> 0.464 | AA55: =SUM(U55:U58)-SUM(W55:W58)-SUM(Z55:Z58)-SUM(Y55:Y58) -> -3.175672 | AB55: =(SUM(K55:K58)-SUM(W55:W58)-SUM(Y55:Y58)-SUM(Z55:Z58)-SUM(AC55:AC58)-SUM(V55:V58))-AA55 -> -3.5527137e-15 | AC55: =K55-T55 -> 0 | AD55: =+AM55+BA55 -> 5 | AE55: - Sheet Breaks (1x) | AF55: 5 | AM55: =SUM(AF55:AL55)+AT55+AV55+AX55 -> 5 | AR55: =SUM(AN55:AQ55) -> 0 | BA55: =+AR55+AS55+AU55+AW55+AY55+AZ55 -> 0 | BB55: 1
AD56: =+AM56+BA56 -> 9 | AE56: - Change Blade (9x) | AG56: 9 | AM56: =SUM(AF56:AL56)+AT56+AV56+AX56 -> 9 | AR56: =SUM(AN56:AQ56) -> 0 | BA56: =+AR56+AS56+AU56+AW56+AY56+AZ56 -> 0 | BC56: 9
AD57: =+AM57+BA57 -> 19 | AE57: - Change Spool (20x) | AH57: 19 | AM57: =SUM(AF57:AL57)+AT57+AV57+AX57 -> 19 | AR57: =SUM(AN57:AQ57) -> 0 | BA57: =+AR57+AS57+AU57+AW57+AY57+AZ57 -> 0
AD58: =+AM58+BA58 -> 75 | AE58: - 03.00 pm stop flicker listrik | AM58: =SUM(AF58:AL58)+AT58+AV58+AX58 -> 0 | AR58: =SUM(AN58:AQ58) -> 0 | AY58: 75 | BA58: =+AR58+AS58+AU58+AW58+AY58+AZ58 -> 75 | BE58: 1
A60: 45973 | B60: Sanitary Napkin | C60: =(M60*E60*O60*Q60)/100000000 -> 17.354485 | D60: Off White | E60: 13 | F60: 1 | G60: 1350 | H60: 0.2 | I60: 0.88 | J60: =E60*G60*(1-H60)*1440/1000000*2.77 -> 56.002752 | K60: =(IF(G60<L60,L60,G60)*(1-IF(H60<N60,H60,N60))*E60*O60*Q60)/100000000 -> 17.354485 | L60: 1350 | M60: 1080 | N60: =1-(M60/L60) -> 0.2 | O60: =+'Trim Rwd'!H50 -> 266.39535 | P60: =O60*(Q60-R60-S60) -> 121209.88 | Q60: 464 | R60: 0 | S60: 9 | T60: =E60*M60*O60*Q60/100000000 -> 17.354485 | U60: =E60*M60*O60*(Q60-R60-S60)/100000000 -> 17.017868 | V60: =E60*G60*(1-N60)*O60/100*(R60+S60)/1000000 -> 0.33661716 | W60: =+'12'!K17/1000 -> 27.731 | X60: =SUM(W60:W63)/SUM(K60:K63) -> 0.84842956 | Y60: 0 | Z60: =+('12'!D7+'12'!D16+'12'!D25)/1000 -> 0.505 | AA60: =SUM(U60:U63)-SUM(W60:W63)-SUM(Z60:Z63)-SUM(Y60:Y63) -> 3.6036073 | AB60: =(SUM(K60:K63)-SUM(W60:W63)-SUM(Y60:Y63)-SUM(Z60:Z63)-SUM(AC60:AC63)-SUM(V60:V63))-AA60 -> -0.034427586 | AC60: =K60-T60 -> 0 | AD60: =+AM60+BA60 -> 0 | AE60: - Sheet Breaks (0x) | AF60: 0 | AM60: =SUM(AF60:AL60)+AT60+AV60+AX60 -> 0 | AR60: =SUM(AN60:AQ60) -> 0 | BA60: =+AR60+AS60+AU60+AW60+AY60+AZ60 -> 0 | BB60: 0
B61: Sanitary Napkin | C61: =(M61*E61*O61*Q61)/100000000 -> 15.829632 | D61: Off White | E61: 14 | F61: 1 | G61: 1350 | H61: 0.2 | I61: 0.88 | J61: =E61*G61*(1-H61)*1440/1000000*2.77 -> 60.310656 | K61: =(IF(G61<L61,L61,G61)*(1-IF(H61<N61,H61,N61))*E61*O61*Q61)/100000000 -> 15.960672 | L61: 1338.9163 | M61: 1071.133 | N61: =1-(M61/L61) -> 0.2 | O61: =+'Trim Rwd'!H52 -> 260 | P61: =O61*(Q61-R61-S61) -> 102960 | Q61: 406 | R61: 0 | S61: 10 | T61: =E61*M61*O61*Q61/100000000 -> 15.829632 | U61: =E61*M61*O61*(Q61-R61-S61)/100000000 -> 15.43974 | V61: =E61*G61*(1-N61)*O61/100*(R61+S61)/1000000 -> 0.39312 | W61: =+'12'!K18/1000 -> 15.617 | Z61: =+('12'!D17+'12'!D26)/1000 -> 1.554 | AC61: =K61-T61 -> 0.13104 | AD61: =+AM61+BA61 -> 9 | AE61: - Change Blade (8x) | AG61: 9 | AM61: =SUM(AF61:AL61)+AT61+AV61+AX61 -> 9 | AR61: =SUM(AN61:AQ61) -> 0 | BA61: =+AR61+AS61+AU61+AW61+AY61+AZ61 -> 0 | BC61: 8
B62: Sanitary Napkin | C62: =(M62*E62*O62*Q62)/100000000 -> 22.23 | D62: Off White | E62: 15 | F62: 1 | G62: 1350 | H62: 0.2 | I62: 0.88 | J62: =E62*G62*(1-H62)*1440/1000000*2.77 -> 64.61856 | K62: =(IF(G62<L62,L62,G62)*(1-IF(H62<N62,H62,N62))*E62*O62*Q62)/100000000 -> 24.0084 | L62: 1250 | M62: =+L62-L62*0.2 -> 1000 | N62: =1-(M62/L62) -> 0.2 | O62: =+'Trim Rwd'!H53 -> 260 | P62: =O62*(Q62-R62-S62) -> 145600 | Q62: 570 | R62: 0 | S62: 10 | T62: =E62*M62*O62*Q62/100000000 -> 22.23 | U62: =E62*M62*O62*(Q62-R62-S62)/100000000 -> 21.84 | V62: =E62*G62*(1-N62)*O62/100*(R62+S62)/1000000 -> 0.4212 | W62: =+'12'!K19/1000 -> 5.287 | AC62: =K62-T62 -> 1.7784 | AD62: =+AM62+BA62 -> 20 | AE62: - Change Spool (18x) | AH62: 20 | AM62: =SUM(AF62:AL62)+AT62+AV62+AX62 -> 20 | AR62: =SUM(AN62:AQ62) -> 0 | BA62: =+AR62+AS62+AU62+AW62+AY62+AZ62 -> 0
A64: 45974 | B64: Sanitary Napkin | C64: =(M64*E64*O64*Q64)/100000000 -> 9.6557661 | D64: Off White | E64: 15 | F64: 1 | G64: 1350 | H64: 0.2 | I64: 0.88 | J64: =E64*G64*(1-H64)*1440/1000000*2.77 -> 64.61856 | K64: =(IF(G64<L64,L64,G64)*(1-IF(H64<N64,H64,N64))*E64*O64*Q64)/100000000 -> 10.428227 | L64: 1250 | M64: =+L64-L64*0.2 -> 1000 | N64: =1-(M64/L64) -> 0.2 | O64: =+'Trim Rwd'!H55 -> 262.74194 | P64: =O64*(Q64-R64-S64) -> 56489.516 | Q64: 245 | R64: 0 | S64: 30 | T64: =E64*M64*O64*Q64/100000000 -> 9.6557661 | U64: =E64*M64*O64*(Q64-R64-S64)/100000000 -> 8.4734274 | V64: =E64*G64*(1-N64)*O64/100*(R64+S64)/1000000 -> 1.2769258 | W64: =+'13'!K19/1000 -> 22.653 | X64: =SUM(W64:W68)/SUM(K64:K68) -> 0.67228889 | Y64: 0 | Z64: =+('13'!D7+'13'!D18)/1000 -> 0.865 | AA64: =SUM(U64:U68)-SUM(W64:W68)-SUM(Z64:Z68)-SUM(Y64:Y68) -> -8.5463677 | AB64: =(SUM(K64:K68)-SUM(W64:W68)-SUM(Y64:Y68)-SUM(Z64:Z68)-SUM(AC64:AC68)-SUM(V64:V68))-AA64 -> -2.1921715 | AC64: =K64-T64 -> 0.77246129 | AD64: =+AM64+BA64 -> 30 | AE64: - Sheet Breaks (6x) | AF64: 30 | AM64: =SUM(AF64:AL64)+AT64+AV64+AX64 -> 30 | AR64: =SUM(AN64:AQ64) -> 0 | BA64: =+AR64+AS64+AU64+AW64+AY64+AZ64 -> 0 | BB64: 6
B65: Facial | C65: =(M65*E65*O65*Q65)/100000000 -> 20.74136 | D65: Off White | E65: 12.5 | F65: 1 | G65: 1700 | H65: 0.24 | I65: 0.88 | J65: =E65*G65*(1-H65)*1440/1000000*2.77 -> 64.41912 | K65: =(IF(G65<L65,L65,G65)*(1-IF(H65<N65,H65,N65))*E65*O65*Q65)/100000000 -> 23.3512 | L65: 1510 | M65: =+L65-L65*0.2 -> 1208 | N65: =1-(M65/L65) -> 0.2 | O65: =+'Trim Rwd'!H60 -> 272 | P65: =O65*(Q65-R65-S65) -> 39440 | Q65: =155+350 -> 505 | R65: 350 | S65: 10 | T65: =E65*M65*O65*Q65/100000000 -> 20.74136 | U65: =E65*M65*O65*(Q65-R65-S65)/100000000 -> 5.95544 | V65: =E65*G65*(1-N65)*O65/100*(R65+S65)/1000000 -> 16.6464 | W65: =+'13'!K16/1000 -> 3.234 | Z65: 0 | AC65: =K65-T65 -> 2.60984 | AD65: =+AM65+BA65 -> 10 | AE65: - Change Blade (8x) | AG65: 10 | AM65: =SUM(AF65:AL65)+AT65+AV65+AX65 -> 10 | AR65: =SUM(AN65:AQ65) -> 0 | BA65: =+AR65+AS65+AU65+AW65+AY65+AZ65 -> 0 | BC65: 8
B66: Facial | C66: =(M66*E66*O66*Q66)/100000000 -> 22.444268 | D66: Off White | E66: 13 | F66: 1 | G66: 1700 | H66: 0.24 | I66: 0.88 | J66: =E66*G66*(1-H66)*1440/1000000*2.77 -> 66.995885 | K66: =(IF(G66<L66,L66,G66)*(1-IF(H66<N66,H66,N66))*E66*O66*Q66)/100000000 -> 31.533268 | L66: 1210 | M66: =+L66-L66*0.24 -> 919.6 | N66: =1-(M66/L66) -> 0.24 | O66: =+'Trim Rwd'!H61 -> 272.09091 | P66: =O66*(Q66-R66-S66) -> 182845.09 | Q66: 690 | R66: 0 | S66: 18 | T66: =E66*M66*O66*Q66/100000000 -> 22.444268 | U66: =E66*M66*O66*(Q66-R66-S66)/100000000 -> 21.858765 | V66: =E66*G66*(1-N66)*O66/100*(R66+S66)/1000000 -> 0.822607 | W66: =+'13'!K15/1000 -> 16.794 | Z66: 0 | AC66: =K66-T66 -> 9.0890009 | AD66: =+AM66+BA66 -> 18 | AE66: - Change Spool (23x) | AH66: 18 | AM66: =SUM(AF66:AL66)+AT66+AV66+AX66 -> 18 | AR66: =SUM(AN66:AQ66) -> 0 | BA66: =+AR66+AS66+AU66+AW66+AY66+AZ66 -> 0
B67: Sanitary Napkin | E67: 13 | W67: =+'13'!K17/1000 -> 0.391 | Z67: =+'13'!D16/1000 -> 0.06 | AD67: =+AM67+BA67 -> 350 | AE67: - PM STOP Ganti Felt | AM67: =SUM(AF67:AL67)+AT67+AV67+AX67 -> 0 | AN67: 350 | AR67: =SUM(AN67:AQ67) -> 350 | BA67: =+AR67+AS67+AU67+AW67+AY67+AZ67 -> 350
B68: Sanitary Napkin | E68: 14 | W68: =+'13'!K18/1000 -> 0.837
A70: 45975 | B70: Facial | C70: =(M70*E70*O70*Q70)/100000000 -> 7.4065766 | D70: Off White | E70: 13 | F70: 1 | G70: 1700 | H70: 0.24 | I70: 0.88 | J70: =E70*G70*(1-H70)*1440/1000000*2.77 -> 66.995885 | K70: =(IF(G70<L70,L70,G70)*(1-IF(H70<N70,H70,N70))*E70*O70*Q70)/100000000 -> 9.6855232 | L70: 1300 | M70: 988 | N70: =1-(M70/L70) -> 0.24 | O70: =+'Trim Rwd'!H64 -> 270.73077 | P70: =O70*(Q70-R70-S70) -> 50897.385 | Q70: 213 | R70: 0 | S70: 25 | T70: =E70*M70*O70*Q70/100000000 -> 7.4065766 | U70: =E70*M70*O70*(Q70-R70-S70)/100000000 -> 6.5372601 | V70: =E70*G70*(1-N70)*O70/100*(R70+S70)/1000000 -> 1.1367985 | W70: =+'14'!K15/1000 -> 13.165 | X70: =SUM(W70:W73)/SUM(K70:K73) -> 0.76772462 | Y70: 0 | Z70: 0 | AA70: =SUM(U70:U73)-SUM(W70:W73)-SUM(Z70:Z73)-SUM(Y70:Y73) -> 2.335158 | AB70: =(SUM(K70:K73)-SUM(W70:W73)-SUM(Y70:Y73)-SUM(Z70:Z73)-SUM(AC70:AC73)-SUM(V70:V73))-AA70 -> -0.53548546 | AC70: =K70-T70 -> 2.2789466 | AD70: =+AM70+BA70 -> 0 | AE70: - Sheet Breaks (0x) | AF70: 0 | AM70: =SUM(AF70:AL70)+AT70+AV70+AX70 -> 0 | AR70: =SUM(AN70:AQ70) -> 0 | BA70: =+AR70+AS70+AU70+AW70+AY70+AZ70 -> 0 | BB70: 0
