Workbook

Sheet eff all
A1: DATE | B1: PM 11 | L1: PM 12 | Z1: PM 14 | AN1: PM 15 | BF1: PM 16 | BT1: PM 17
B2: Eff Avaliable | D2: Eff Running | F2: PHP (ton) | H2: STEAM/Ton FG | J2: ELECTRIC/ton FG | L2: Eff Avaliable | N2: Eff Running | P2: PHP (ton) | R2: STEAM/ton FG | T2: STEAM DIP/ton FG | V2: ELECTRIC/ton FG | X2: ELECTRIC DIP/ton FG | Z2: Eff Avaliable | AB2: Eff Running | AD2: PHP (ton) | AF2: GAS /ton FG | AH2: STEAM /ton FG | AJ2: ELECTRIC /ton FG | AL2: Electric WPL /ton FG | AN2: Eff Avaliable | AP2: Eff Running | AR2: PHP (ton) | AT2: GAS /ton FG | AV2: STEAM /ton FG | AX2: STEAM DIP /ton FG | AZ2: ELECTRIC /ton FG | BB2: ELECTRIC DIP /ton FG | BD2: Electric WPL /ton FG | BF2: Eff Avaliable | BH2: Eff Running | BJ2: PHP (ton) | BL2: STEAM /ton FG | BN2: STEAM DIP/ton FG | BP2: ELECTRIC /ton FG | BR2: ELECTRIC DIP/ton FG | BT2: Eff Avaliable | BV2: Eff Running | BX2: PHP (ton) | BZ2: GAS /ton FG | CB2: STEAM /ton FG | CD2: STEAM DIP /ton FG | CF2: ELECTRIC /ton FG | CH2: ELECTRIC DIP /ton FG | CJ2: ELECTRIC WPL /ton FG
B3: Today | C3: Todate | D3: Today | E3: Todate | F3: Today | G3: Todate | H3: Today | I3: Todate | J3: Today | K3: Todate | L3: Today | M3: Todate | N3: Today | O3: Todate | P3: Today | Q3: Todate | R3: Today | S3: Todate | T3: Today | U3: Todate | V3: Today | W3: Todate | X3: Today | Y3: Todate | Z3: Today | AA3: Todate | AB3: Today | AC3: Todate | AD3: Today | AE3: Todate | AF3: Today | AG3: Todate | AH3: Today | AI3: Todate | AJ3: Today | AK3: Todate | AL3: Today | AM3: Todate | AN3: Today | AO3: Todate | AP3: Today | AQ3: Todate | AR3: Today | AS3: Todate | AT3: Today | AU3: Todate | AV3: Today | AW3: Todate | AX3: Today | AY3: Todate | AZ3: Today | BA3: Todate | BB3: Today | BC3: Todate | BD3: Today | BE3: Todate | BF3: Today | BG3: Todate | BH3: Today | BI3: Todate | BJ3: Today | BK3: Todate | BL3: Today | BM3: Todate | BN3: Today | BO3: Todate | BP3: Today | BQ3: Todate | BR3: Today | BS3: Todate | BT3: Today | BU3: Todate | BV3: Today | BW3: Todate | BX3: Today | BY3: Todate | BZ3: Today | CA3: Todate | CB3: Today | CC3: Todate | CD3: Today | CE3: Todate | CF3: Today | CG3: Todate | CH3: Today | CI3: Todate | CJ3: Today | CK3: Todate
A4: =+Report1!A9 -> 45992 | B4: =+Report1!J9 -> 0.57448452 | C4: =+Report1!K9 -> 0.57448452 | D4: =+Report1!AJ9 -> 0.57448452 | E4: =+Report1!AK9 -> 0.57448452 | F4: =+Report1!R9 -> 41.514 | G4: =+Report1!S9 -> 41.514 | H4: =+Report1!X9 -> 3.3730067 | I4: =+Report1!Y9 -> 3.3730067 | J4: =+Report1!AD9 -> 1260.9399 | K4: =+Report1!AE9 -> 1260.9399 | L4: =+[1]Report1!J9 -> 0.90824861 | M4: =+[1]Report1!K9 -> 0.90824861 | N4: =+[1]Report1!BJ9 -> 0.90824861 | O4: =+[1]Report1!BK9 -> 0.90824861 | P4: =+[1]Report1!R9 -> 60.009 | Q4: =+[1]Report1!S9 -> 60.009 | R4: =+[1]Report1!AL9 -> 1.6696329 | S4: =+[1]Report1!AM9 -> 1.6696329 | T4: =+[1]Report1!AR9 -> 0.31995201 | U4: =+[1]Report1!AS9 -> 0.31995201 | V4: =+[1]Report1!AX9 -> 552.30199 | W4: =+[1]Report1!AY9 -> 552.30199 | X4: =+[1]Report1!BD9 -> 494.04256 | Y4: =+[1]Report1!BE9 -> 494.04256 | Z4: =+[2]Report1!J9 -> 0.51059755 | AA4: =+[2]Report1!K9 -> 0.51059755 | AB4: =+[2]Report1!BC9 -> 0.51059755 | AC4: =+[2]Report1!BD9 -> 0.51059755 | AD4: =+[2]Report1!R9 -> 23.289 | AE4: =+[2]Report1!S9 -> 23.289 | AF4: =+[2]Report1!X9 -> 127.95504 | AG4: =+[2]Report1!Y9 -> 127.95504 | AH4: =+[2]Report1!AD9 -> 1.5329125 | AI4: =+[2]Report1!AE9 -> 1.5329125 | AJ4: =+[2]Report1!AJ9 -> 1603.618 | AK4: =+[2]Report1!AK9 -> 1603.618 | AN4: =+[3]Report1!J9 -> 0.70699367 | AO4: =+[3]Report1!K9 -> 0.70699367 | AP4: =+[3]Report1!BN9 -> 0.70699367 | AQ4: =+[3]Report1!BO9 -> 0.70699367 | AR4: =+[3]Report1!R9 -> 38.92 | AS4: =+[3]Report1!S9 -> 38.92 | AT4: =+[3]Report1!AF9 -> 117.41015 | AU4: =+[3]Report1!AG9 -> 117.41015 | AV4: =+[3]Report1!AL9 -> 1.5647482 | AW4: =+[3]Report1!AM9 -> 1.5647482 | AX4: =+[3]Report1!AR9 -> 0.22353546 | AY4: =+[3]Report1!AS9 -> 0.22353546 | AZ4: =+[3]Report1!AX9 -> 1160.5 | BA4: =+[3]Report1!AY9 -> 1160.5 | BB4: =+[3]Report1!BD9 -> 563.78484 | BC4: =+[3]Report1!BE9 -> 563.78484 | BD4: =+[3]Report1!BJ9 -> 8.532888 | BE4: =+[3]Report1!BK9 -> 8.532888 | BF4: =+[4]Report1!J9 -> 1.0202573 | BG4: =+[4]Report1!K9 -> 1.0202573 | BH4: =+[4]Report1!AN9 -> 1.0202573 | BI4: =+[4]Report1!AO9 -> 1.0202573 | BJ4: =+[4]Report1!R9 -> 54.765 | BK4: =+[4]Report1!S9 -> 54.765 | BL4: =+[4]Report1!AD9 -> 2.3080435 | BM4: =+[4]Report1!AE9 -> 2.3080435 | BN4: 0 | BO4: 0 | BP4: =+[4]Report1!AJ9 -> 606.06884 | BQ4: =+[4]Report1!AK9 -> 606.06884 | BR4: 0 | BS4: 0 | BT4: =+[5]Report1!J9 -> 0.72471446 | BU4: =+[5]Report1!K9 -> 0.72471446 | BV4: =+[5]Report1!BA9 -> 0.74003978 | BW4: =+[5]Report1!BB9 -> 0.74003978 | BX4: =+[5]Report1!R9 -> 40.387 | BY4: =+[5]Report1!S9 -> 40.387 | BZ4: =+[5]Report1!X9 -> 98.062547 | CA4: =+[5]Report1!Y9 -> 98.062547 | CB4: =+[5]Report1!AD9 -> 2.4017629 | CC4: =+[5]Report1!AE9 -> 2.4017629 | CD4: =+[5]Report1!AJ9 -> 0.25503256 | CE4: =+[5]Report1!AK9 -> 0.25503256 | CF4: =+[5]Report1!AP9 -> 1147.283 | CG4: =+[5]Report1!AQ9 -> 1147.283 | CH4: =+[5]Report1!AV9 -> 637.79419 | CI4: =+[5]Report1!AW9 -> 637.79419
A5: =1+A4 -> 45993 | B5: =+Report1!J10 -> 0.55551258 | C5: =+Report1!K10 -> 0.56446973 | D5: =+Report1!AJ10 -> 0.55551258 | E5: =+Report1!AK10 -> 0.56446973 | F5: =+Report1!R10 -> 44.883 | G5: =+Report1!S10 -> 86.397 | H5: =+Report1!X10 -> 3.0830381 | I5: =+Report1!Y10 -> 3.2223688 | J5: =+Report1!AD10 -> 636.67536 | K5: =+Report1!AE10 -> 936.63623 | L5: =+[1]Report1!J10 -> 0.65938128 | M5: =+[1]Report1!K10 -> 0.78260306 | N5: =+[1]Report1!BJ10 -> 0.65938128 | O5: =+[1]Report1!BK10 -> 0.78260306 | P5: =+[1]Report1!R10 -> 44.423 | Q5: =+[1]Report1!S10 -> 104.432 | R5: =+[1]Report1!AL10 -> 2.7579182 | S5: =+[1]Report1!AM10 -> 2.1325647 | T5: =+[1]Report1!AR10 -> 0.37818247 | U5: =+[1]Report1!AS10 -> 0.34472192 | V5: =+[1]Report1!AX10 -> 693.06103 | W5: =+[1]Report1!AY10 -> 612.17769 | X5: =+[1]Report1!BD10 -> 406.50114 | Y5: =+[1]Report1!BE10 -> 456.80443 | Z5: =+[2]Report1!J10 -> 0.91595944 | AA5: =+[2]Report1!K10 -> 0.71466356 | AB5: =+[2]Report1!BC10 -> 0.91595944 | AC5: =+[2]Report1!BD10 -> 0.71466356 | AD5: =+[2]Report1!R10 -> 42.353 | AE5: =+[2]Report1!S10 -> 65.642 | AF5: =+[2]Report1!X10 -> 108.84738 | AG5: =+[2]Report1!Y10 -> 115.62655 | AH5: =+[2]Report1!AD10 -> 1.2844427 | AI5: =+[2]Report1!AE10 -> 1.3725968 | AJ5: =+[2]Report1!AJ10 -> 796.06876 | AK5: =+[2]Report1!AK10 -> 1082.5776 | AN5: =+[3]Report1!J10 -> 0.93591974 | AO5: =+[3]Report1!K10 -> 0.82098895 | AP5: =+[3]Report1!BN10 -> 0.93591974 | AQ5: =+[3]Report1!BO10 -> 0.82098895 | AR5: =+[3]Report1!R10 -> 51.103 | AS5: =+[3]Report1!S10 -> 90.023 | AT5: =+[3]Report1!AF10 -> 102.26877 | AU5: =+[3]Report1!AG10 -> 108.8149 | AV5: =+[3]Report1!AL10 -> 1.3619553 | AW5: =+[3]Report1!AM10 -> 1.4496295 | AX5: =+[3]Report1!AR10 -> 0.17415807 | AY5: =+[3]Report1!AS10 -> 0.19550559 | AZ5: =+[3]Report1!AX10 -> 875.40653 | BA5: =+[3]Report1!AY10 -> 998.66212 | BB5: =+[3]Report1!BD10 -> 479.97979 | BC5: =+[3]Report1!BE10 -> 516.21156 | BD5: =+[3]Report1!BJ10 -> 6.2755611 | BE5: =+[3]Report1!BK10 -> 7.2514802 | BF5: =+[4]Report1!J10 -> 0.98022825 | BG5: =+[4]Report1!K10 -> 1.0001501 | BH5: =+[4]Report1!AN10 -> 0.98022825 | BI5: =+[4]Report1!AO10 -> 1.0001501 | BJ5: =+[4]Report1!R10 -> 53.106 | BK5: =+[4]Report1!S10 -> 107.871 | BL5: =+[4]Report1!AD10 -> 2.4196889 | BM5: =+[4]Report1!AE10 -> 2.3630077 | BN5: 0 | BO5: 0 | BP5: =+[4]Report1!AJ10 -> 615.2205 | BQ5: =+[4]Report1!AK10 -> 610.5743 | BR5: 0 | BS5: 0 | BT5: =+[5]Report1!J10 -> 0.96817879 | BU5: =+[5]Report1!K10 -> 0.84594844 | BV5: =+[5]Report1!BA10 -> 0.96817879 | BW5: =+[5]Report1!BB10 -> 0.85483597 | BX5: =+[5]Report1!R10 -> 53.515 | BY5: =+[5]Report1!S10 -> 93.902 | BZ5: =+[5]Report1!X10 -> 67.322171 | CA5: =+[5]Report1!Y10 -> 80.543525 | CB5: =+[5]Report1!AD10 -> 1.7938896 | CC5: =+[5]Report1!AE10 -> 2.0553343 | CD5: =+[5]Report1!AJ10 -> 0.1868635 | CE5: =+[5]Report1!AK10 -> 0.21618283 | CF5: =+[5]Report1!AP10 -> 827.35308 | CG5: =+[5]Report1!AQ10 -> 964.9541 | CH5: =+[5]Report1!AV10 -> 516.85869 | CI5: =+[5]Report1!AW10 -> 568.87273
A6: =1+A5 -> 45994 | B6: =+Report1!J11 -> 0.29165502 | C6: =+Report1!K11 -> 0.46912956 | D6: =+Report1!AJ11 -> 0.29165502 | E6: =+Report1!AK11 -> 0.46912956 | F6: =+Report1!R11 -> 23.981 | G6: =+Report1!S11 -> 110.378 | H6: =+Report1!X11 -> 2.8229015 | I6: =+Report1!Y11 -> 3.1355796 | J6: =+Report1!AD11 -> 2492.1897 | K6: =+Report1!AE11 -> 1274.5996 | L6: =+[1]Report1!J11 -> 0.73430615 | M6: =+[1]Report1!K11 -> 0.76632515 | N6: =+[1]Report1!BJ11 -> 0.89610242 | O6: =+[1]Report1!BK11 -> 0.81598097 | P6: =+[1]Report1!R11 -> 49.815 | Q6: =+[1]Report1!S11 -> 154.247 | R6: =+[1]Report1!AL11 -> 2.1755495 | S6: =+[1]Report1!AM11 -> 2.1464469 | T6: =+[1]Report1!AR11 -> 0.19672789 | U6: =+[1]Report1!AS11 -> 0.29692636 | V6: =+[1]Report1!AX11 -> 193.14383 | W6: =+[1]Report1!AY11 -> 476.84817 | X6: =+[1]Report1!BD11 -> 10.217806 | Y6: =+[1]Report1!BE11 -> 312.57658 | Z6: =+[2]Report1!J11 -> 0.9163842 | AA6: =+[2]Report1!K11 -> 0.7817886 | AB6: =+[2]Report1!BC11 -> 0.9163842 | AC6: =+[2]Report1!BD11 -> 0.7817886 | AD6: =+[2]Report1!R11 -> 41.977 | AE6: =+[2]Report1!S11 -> 107.619 | AF6: =+[2]Report1!X11 -> 115.8244 | AG6: =+[2]Report1!Y11 -> 115.70372 | AH6: =+[2]Report1!AD11 -> 1.2530672 | AI6: =+[2]Report1!AE11 -> 1.325974 | AJ6: =+[2]Report1!AJ11 -> 967.40691 | AK6: =+[2]Report1!AK11 -> 1037.6551 | AN6: =+[3]Report1!J11 -> 0.93162214 | AO6: =+[3]Report1!K11 -> 0.85710952 | AP6: =+[3]Report1!BN11 -> 0.93162214 | AQ6: =+[3]Report1!BO11 -> 0.85710952 | AR6: =+[3]Report1!R11 -> 49.52 | AS6: =+[3]Report1!S11 -> 139.543 | AT6: =+[3]Report1!AF11 -> 106.79286 | AU6: =+[3]Report1!AG11 -> 108.09733 | AV6: =+[3]Report1!AL11 -> 1.4297254 | AW6: =+[3]Report1!AM11 -> 1.4425661 | AX6: =+[3]Report1!AR11 -> 0.21203554 | AY6: =+[3]Report1!AS11 -> 0.20137162 | AZ6: =+[3]Report1!AX11 -> 954.94426 | BA6: =+[3]Report1!AY11 -> 983.14785 | BB6: =+[3]Report1!BD11 -> 490.3958 | BC6: =+[3]Report1!BE11 -> 507.05025 | BD6: =+[3]Report1!BJ11 -> 5.8582391 | BE6: =+[3]Report1!BK11 -> 6.757057 | BF6: =+[4]Report1!J11 -> 1.0538755 | BG6: =+[4]Report1!K11 -> 1.0181138 | BH6: =+[4]Report1!AN11 -> 1.0538755 | BI6: =+[4]Report1!AO11 -> 1.0181138 | BJ6: =+[4]Report1!R11 -> 57.096 | BK6: =+[4]Report1!S11 -> 164.967 | BL6: =+[4]Report1!AD11 -> 2.2523469 | BM6: =+[4]Report1!AE11 -> 2.3247074 | BN6: 0 | BO6: 0 | BP6: =+[4]Report1!AJ11 -> 601.07258 | BQ6: =+[4]Report1!AK11 -> 607.2857 | BR6: 0 | BS6: 0 | BT6: =+[5]Report1!J11 -> 0.97062118 | BU6: =+[5]Report1!K11 -> 0.88739248 | BV6: =+[5]Report1!BA11 -> 0.97062118 | BW6: =+[5]Report1!BB11 -> 0.8935946 | BX6: =+[5]Report1!R11 -> 53.65 | BY6: =+[5]Report1!S11 -> 147.552 | BZ6: =+[5]Report1!X11 -> 66.442816 | CA6: =+[5]Report1!Y11 -> 75.416498 | CB6: =+[5]Report1!AD11 -> 1.7651445 | CC6: =+[5]Report1!AE11 -> 1.9498211 | CD6: =+[5]Report1!AJ11 -> 0.20689655 | CE6: =+[5]Report1!AK11 -> 0.21280633 | CF6: =+[5]Report1!AP11 -> 961.00056 | CG6: =+[5]Report1!AQ11 -> 963.51659 | CH6: =+[5]Report1!AV11 -> 471.12022 | CI6: =+[5]Report1!AW11 -> 533.32986
A7: =1+A6 -> 45995 | B7: =+Report1!J12 -> 0.90880857 | C7: =+Report1!K12 -> 0.57830322 | D7: =+Report1!AJ12 -> 0.90880857 | E7: =+Report1!AK12 -> 0.57830322 | F7: =+Report1!R12 -> 70.632 | G7: =+Report1!S12 -> 181.01 | H7: =+Report1!X12 -> 2.1512629 | I7: =+Report1!Y12 -> 2.7514889 | J7: =+Report1!AD12 -> 693.66803 | K7: =+Report1!AE12 -> 1047.914 | L7: =+[1]Report1!J12 -> 0 | M7: =+[1]Report1!K12 -> 0.57315121 | N7: =+[1]Report1!BJ12 -> 0 | O7: =+[1]Report1!BK12 -> 0.76632515 | P7: =+[1]Report1!R12 -> 0 | Q7: =+[1]Report1!S12 -> 154.247 | R7: =+[1]Report1!AL12 -> 0 | S7: =+[1]Report1!AM12 -> 2.1865385 | T7: =+[1]Report1!AR12 -> 0 | U7: =+[1]Report1!AS12 -> 0.29692636 | V7: =+[1]Report1!AX12 -> 0 | W7: =+[1]Report1!AY12 -> 629.63675 | X7: =+[1]Report1!BD12 -> 0 | Y7: =+[1]Report1!BE12 -> 319.51351 | Z7: =+[2]Report1!J12 -> 0.89503757 | AA7: =+[2]Report1!K12 -> 0.80962902 | AB7: =+[2]Report1!BC12 -> 0.89503757 | AC7: =+[2]Report1!BD12 -> 0.80962902 | AD7: =+[2]Report1!R12 -> 40.162 | AE7: =+[2]Report1!S12 -> 147.781 | AF7: =+[2]Report1!X12 -> 120.04289 | AG7: =+[2]Report1!Y12 -> 116.88296 | AH7: =+[2]Report1!AD12 -> 1.2897764 | AI7: =+[2]Report1!AE12 -> 1.3161367 | AJ7: =+[2]Report1!AJ12 -> 810.00747 | AK7: =+[2]Report1!AK12 -> 975.78796 | AN7: =+[3]Report1!J12 -> 0.93469721 | AO7: =+[3]Report1!K12 -> 0.87642288 | AP7: =+[3]Report1!BN12 -> 0.93469721 | AQ7: =+[3]Report1!BO12 -> 0.87642288 | AR7: =+[3]Report1!R12 -> 50.434 | AS7: =+[3]Report1!S12 -> 189.977 | AT7: =+[3]Report1!AF12 -> 102.42855 | AU7: =+[3]Report1!AG12 -> 106.59242 | AV7: =+[3]Report1!AL12 -> 1.3324345 | AW7: =+[3]Report1!AM12 -> 1.413329 | AX7: =+[3]Report1!AR12 -> 0.19629615 | AY7: =+[3]Report1!AS12 -> 0.20002421 | AZ7: =+[3]Report1!AX12 -> 838.15521 | BA7: =+[3]Report1!AY12 -> 944.65604 | BB7: =+[3]Report1!BD12 -> 448.90352 | BC7: =+[3]Report1!BE12 -> 491.61379 | BD7: =+[3]Report1!BJ12 -> 2.7778879 | BE7: =+[3]Report1!BK12 -> 5.7006901 | BF7: =+[4]Report1!J12 -> 0.75773604 | BG7: =+[4]Report1!K12 -> 0.95286894 | BH7: =+[4]Report1!AN12 -> 0.75773604 | BI7: =+[4]Report1!AO12 -> 0.95286894 | BJ7: =+[4]Report1!R12 -> 41.052 | BK7: =+[4]Report1!S12 -> 206.019 | BL7: =+[4]Report1!AD12 -> 2.9426094 | BM7: =+[4]Report1!AE12 -> 2.4478325 | BN7: 0 | BO7: 0 | BP7: =+[4]Report1!AJ12 -> 711.33002 | BQ7: =+[4]Report1!AK12 -> 628.0179 | BR7: 0 | BS7: 0 | BT7: =+[5]Report1!J12 -> 0.90945141 | BU7: =+[5]Report1!K12 -> 0.89290363 | BV7: =+[5]Report1!BA12 -> 0.99213613 | BW7: =+[5]Report1!BB12 -> 0.9167653 | BX7: =+[5]Report1!R12 -> 50.363 | BY7: =+[5]Report1!S12 -> 197.915 | BZ7: =+[5]Report1!X12 -> 69.990978 | CA7: =+[5]Report1!Y12 -> 74.035878 | CB7: =+[5]Report1!AD12 -> 1.8624784 | CC7: =+[5]Report1!AE12 -> 1.9275952 | CD7: =+[5]Report1!AJ12 -> 0.19657288 | CE7: =+[5]Report1!AK12 -> 0.20867544 | CF7: =+[5]Report1!AP12 -> 492.08824 | CG7: =+[5]Report1!AQ12 -> 843.55324 | CH7: =+[5]Report1!AV12 -> 449.53637 | CI7: =+[5]Report1!AW12 -> 512.00711
A8: =1+A7 -> 45996 | B8: =+Report1!J13 -> 0.96078195 | C8: =+Report1!K13 -> 0.65573572 | D8: =+Report1!AJ13 -> 0.96078195 | E8: =+Report1!AK13 -> 0.65573572 | F8: =+Report1!R13 -> 76.336 | G8: =+Report1!S13 -> 257.346 | H8: =+Report1!X13 -> 1.4329543 | I8: =+Report1!Y13 -> 2.3603747 | J8: =+Report1!AD13 -> 731.94587 | K8: =+Report1!AE13 -> 954.18907 | L8: =+[1]Report1!J13 -> 0.60005298 | M8: =+[1]Report1!K13 -> 0.57775515 | N8: =+[1]Report1!BJ13 -> 0.60005298 | O8: =+[1]Report1!BK13 -> 0.73035368 | P8: =+[1]Report1!R13 -> 33.343 | Q8: =+[1]Report1!S13 -> 187.59 | R8: =+[1]Report1!AL13 -> 3.2806286 | S8: =+[1]Report1!AM13 -> 2.3810065 | T8: =+[1]Report1!AR13 -> 0.22493477 | U8: =+[1]Report1!AS13 -> 0.28413028 | V8: =+[1]Report1!AX13 -> 951.84087 | W8: =+[1]Report1!AY13 -> 686.9066 | X8: =+[1]Report1!BD13 -> 641.25903 | Y8: =+[1]Report1!BE13 -> 376.70185 | Z8: =+[2]Report1!J13 -> 1.0347328 | AA8: =+[2]Report1!K13 -> 0.85309468 | AB8: =+[2]Report1!BC13 -> 1.0347328 | AC8: =+[2]Report1!BD13 -> 0.85309468 | AD8: =+[2]Report1!R13 -> 45.196 | AE8: =+[2]Report1!S13 -> 192.977 | AF8: =+[2]Report1!X13 -> 105.77035 | AG8: =+[2]Report1!Y13 -> 114.28034 | AH8: =+[2]Report1!AD13 -> 1.2036463 | AI8: =+[2]Report1!AE13 -> 1.289791 | AJ8: =+[2]Report1!AJ13 -> 759.44376 | AK8: =+[2]Report1!AK13 -> 925.11926 | AN8: =+[3]Report1!J13 -> 0.95856381 | AO8: =+[3]Report1!K13 -> 0.89293709 | AP8: =+[3]Report1!BN13 -> 0.95856381 | AQ8: =+[3]Report1!BO13 -> 0.89293709 | AR8: =+[3]Report1!R13 -> 52.286 | AS8: =+[3]Report1!S13 -> 242.263 | AT8: =+[3]Report1!AF13 -> 103.63266 | AU8: =+[3]Report1!AG13 -> 105.95363 | AV8: =+[3]Report1!AL13 -> 1.3043645 | AW8: =+[3]Report1!AM13 -> 1.3898119 | AX8: =+[3]Report1!AR13 -> 0.17595532 | AY8: =+[3]Report1!AS13 -> 0.19482959 | AZ8: =+[3]Report1!AX13 -> 847.52745 | BA8: =+[3]Report1!AY13 -> 923.69342 | BB8: =+[3]Report1!BD13 -> 469.88678 | BC8: =+[3]Report1!BE13 -> 486.92459 | BD8: =+[3]Report1!BJ13 -> 2.8650117 | BE8: =+[3]Report1!BK13 -> 5.0886846 | BF8: =+[4]Report1!J13 -> 0.95252474 | BG8: =+[4]Report1!K13 -> 0.95279941 | BH8: =+[4]Report1!AN13 -> 0.95252474 | BI8: =+[4]Report1!AO13 -> 0.95279941 | BJ8: =+[4]Report1!R13 -> 52.134 | BK8: =+[4]Report1!S13 -> 258.153 | BL8: =+[4]Report1!AD13 -> 2.4993287 | BM8: =+[4]Report1!AE13 -> 2.4582321 | BN8: 0 | BO8: 0 | BP8: =+[4]Report1!AJ13 -> 697.69862 | BQ8: =+[4]Report1!AK13 -> 642.08992 | BR8: 0 | BS8: 0 | BT8: =+[5]Report1!J13 -> 0.14079745 | BU8: =+[5]Report1!K13 -> 0.74584891 | BV8: =+[5]Report1!BA13 -> 0.18772994 | BW8: =+[5]Report1!BB13 -> 0.80183285 | BX8: =+[5]Report1!R13 -> 7.585 | BY8: =+[5]Report1!S13 -> 205.5 | BZ8: =+[5]Report1!X13 -> 224.39893 | CA8: =+[5]Report1!Y13 -> 79.585775 | CB8: =+[5]Report1!AD13 -> 5.4845089 | CC8: =+[5]Report1!AE13 -> 2.0588808 | CD8: =+[5]Report1!AJ13 -> 0 | CE8: =+[5]Report1!AK13 -> 0.20097324 | CF8: =+[5]Report1!AP13 -> 7136.1424 | CG8: =+[5]Report1!AQ13 -> 1075.8126 | CH8: =+[5]Report1!AV13 -> 0 | CI8: =+[5]Report1!AW13 -> 493.10894
A9: =1+A8 -> 45997 | B9: =+Report1!J14 -> 1.0548482 | C9: =+Report1!K14 -> 0.71494296 | D9: =+Report1!AJ14 -> 1.0548482 | E9: =+Report1!AK14 -> 0.71494296 | F9: =+Report1!R14 -> 72.11 | G9: =+Report1!S14 -> 329.456 | H9: =+Report1!X14 -> 1.9805159 | I9: =+Report1!Y14 -> 2.2772328 | J9: =+Report1!AD14 -> 758.06379 | K9: =+Report1!AE14 -> 911.26196 | L9: =+[1]Report1!J14 -> 0.73952524 | M9: =+[1]Report1!K14 -> 0.60007309 | N9: =+[1]Report1!BJ14 -> 0.73952524 | O9: =+[1]Report1!BK14 -> 0.73189696 | P9: =+[1]Report1!R14 -> 38.428 | Q9: =+[1]Report1!S14 -> 226.018 | R9: =+[1]Report1!AL14 -> 3.2365723 | S9: =+[1]Report1!AM14 -> 2.5264713 | T9: =+[1]Report1!AR14 -> 0.23160196 | U9: =+[1]Report1!AS14 -> 0.27519932 | V9: =+[1]Report1!AX14 -> 949.07281 | W9: =+[1]Report1!AY14 -> 731.48059 | X9: =+[1]Report1!BD14 -> 509.13396 | Y9: =+[1]Report1!BE14 -> 399.2182 | Z9: =+[2]Report1!J14 -> 0.92907022 | AA9: =+[2]Report1!K14 -> 0.86534015 | AB9: =+[2]Report1!BC14 -> 0.92907022 | AC9: =+[2]Report1!BD14 -> 0.86534015 | AD9: =+[2]Report1!R14 -> 40.382 | AE9: =+[2]Report1!S14 -> 233.359 | AF9: =+[2]Report1!X14 -> 114.51853 | AG9: =+[2]Report1!Y14 -> 114.32156 | AH9: =+[2]Report1!AD14 -> 1.3768511 | AI9: =+[2]Report1!AE14 -> 1.3048565 | AJ9: =+[2]Report1!AJ14 -> 841.81021 | AK9: =+[2]Report1!AK14 -> 910.70291 | AN9: =+[3]Report1!J14 -> 0.96946344 | AO9: =+[3]Report1!K14 -> 0.90528152 | AP9: =+[3]Report1!BN14 -> 0.96946344 | AQ9: =+[3]Report1!BO14 -> 0.90528152 | AR9: =+[3]Report1!R14 -> 50.589 | AS9: =+[3]Report1!S14 -> 292.852 | AT9: =+[3]Report1!AF14 -> 102.39669 | AU9: =+[3]Report1!AG14 -> 105.33919 | AV9: =+[3]Report1!AL14 -> 1.3797466 | AW9: =+[3]Report1!AM14 -> 1.3880732 | AX9: =+[3]Report1!AR14 -> 0.21546186 | AY9: =+[3]Report1!AS14 -> 0.19839373 | AZ9: =+[3]Report1!AX14 -> 785.82261 | BA9: =+[3]Report1!AY14 -> 899.8768 | BB9: =+[3]Report1!BD14 -> 443.57469 | BC9: =+[3]Report1!BE14 -> 479.43607 | BD9: =+[3]Report1!BJ14 -> 2.5717053 | BE9: =+[3]Report1!BK14 -> 4.6538866 | BF9: =+[4]Report1!J14 -> 0.90094567 | BG9: =+[4]Report1!K14 -> 0.94443053 | BH9: =+[4]Report1!AN14 -> 0.90094567 | BI9: =+[4]Report1!AO14 -> 0.94443053 | BJ9: =+[4]Report1!R14 -> 46.979 | BK9: =+[4]Report1!S14 -> 305.132 | BL9: =+[4]Report1!AD14 -> 2.7416505 | BM9: =+[4]Report1!AE14 -> 2.501868 | BN9: 0 | BO9: 0 | BP9: =+[4]Report1!AJ14 -> 1110.8261 | BQ9: =+[4]Report1!AK14 -> 714.25789 | BR9: 0 | BS9: 0 | BT9: =+[5]Report1!J14 -> 0.69217015 | BU9: =+[5]Report1!K14 -> 0.73806048 | BV9: =+[5]Report1!BA14 -> 0.69217015 | BW9: =+[5]Report1!BB14 -> 0.7849115 | BX9: =+[5]Report1!R14 -> 32.367 | BY9: =+[5]Report1!S14 -> 237.867 | BZ9: =+[5]Report1!X14 -> 114.13992 | CA9: =+[5]Report1!Y14 -> 84.287621 | CB9: =+[5]Report1!AD14 -> 2.9258195 | CC9: =+[5]Report1!AE14 -> 2.1768467 | CD9: =+[5]Report1!AJ14 -> 0 | CE9: =+[5]Report1!AK14 -> 0.17362644 | CF9: =+[5]Report1!AP14 -> 1310.4842 | CG9: =+[5]Report1!AQ14 -> 1107.7448 | CH9: =+[5]Report1!AV14 -> 0 | CI9: =+[5]Report1!AW14 -> 426.0107
A10: =1+A9 -> 45998 | B10: =+Report1!J15 -> 1.0597551 | C10: =+Report1!K15 -> 0.76073971 | D10: =+Report1!AJ15 -> 1.0597551 | E10: =+Report1!AK15 -> 0.76073971 | F10: =+Report1!R15 -> 74.795 | G10: =+Report1!S15 -> 404.251 | H10: =+Report1!X15 -> 1.9182699 | I10: =+Report1!Y15 -> 2.210817 | J10: =+Report1!AD15 -> 678.03436 | K10: =+Report1!AE15 -> 868.10991 | L10: =+[1]Report1!J15 -> 0.93770625 | M10: =+[1]Report1!K15 -> 0.64079475 | N10: =+[1]Report1!BJ15 -> 0.93770625 | O10: =+[1]Report1!BK15 -> 0.76139099 | P10: =+[1]Report1!R15 -> 48.44 | Q10: =+[1]Report1!S15 -> 274.458 | R10: =+[1]Report1!AL15 -> 2.5624897 | S10: =+[1]Report1!AM15 -> 2.5328283 | T10: =+[1]Report1!AR15 -> 0.18166804 | U10: =+[1]Report1!AS15 -> 0.25869168 | V10: =+[1]Report1!AX15 -> 736.8429 | W10: =+[1]Report1!AY15 -> 732.427 | X10: =+[1]Report1!BD15 -> 480.98679 | Y10: =+[1]Report1!BE15 -> 413.64981 | Z10: =+[2]Report1!J15 -> 0.97750804 | AA10: =+[2]Report1!K15 -> 0.88066234 | AB10: =+[2]Report1!BC15 -> 0.97750804 | AC10: =+[2]Report1!BD15 -> 0.88066234 | AD10: =+[2]Report1!R15 -> 41.706 | AE10: =+[2]Report1!S15 -> 275.065 | AF10: =+[2]Report1!X15 -> 114.99405 | AG10: =+[2]Report1!Y15 -> 114.42352 | AH10: =+[2]Report1!AD15 -> 1.3091641 | AI10: =+[2]Report1!AE15 -> 1.3055096 | AJ10: =+[2]Report1!AJ15 -> 922.73486 | AK10: =+[2]Report1!AK15 -> 912.52722 | AN10: =+[3]Report1!J15 -> 0.79564141 | AO10: =+[3]Report1!K15 -> 0.88973627 | AP10: =+[3]Report1!BN15 -> 0.79564141 | AQ10: =+[3]Report1!BO15 -> 0.88973627 | AR10: =+[3]Report1!R15 -> 42.522 | AS10: =+[3]Report1!S15 -> 335.374 | AT10: =+[3]Report1!AF15 -> 110.50462 | AU10: =+[3]Report1!AG15 -> 105.99411 | AV10: =+[3]Report1!AL15 -> 1.4909929 | AW10: =+[3]Report1!AM15 -> 1.4011223 | AX10: =+[3]Report1!AR15 -> 0.19519308 | AY10: =+[3]Report1!AS15 -> 0.19798792 | AZ10: =+[3]Report1!AX15 -> 992.27647 | BA10: =+[3]Report1!AY15 -> 911.59213 | BB10: =+[3]Report1!BD15 -> 498.96524 | BC10: =+[3]Report1!BE15 -> 481.91217 | BD10: =+[3]Report1!BJ15 -> 3.525234 | BE10: =+[3]Report1!BK15 -> 4.510785 | BF10: =+[4]Report1!J15 -> 0.86403462 | BG10: =+[4]Report1!K15 -> 0.93338087 | BH10: =+[4]Report1!AN15 -> 0.86403462 | BI10: =+[4]Report1!AO15 -> 0.93338087 | BJ10: =+[4]Report1!R15 -> 44.481 | BK10: =+[4]Report1!S15 -> 349.613 | BL10: =+[4]Report1!AD15 -> 2.7989479 | BM10: =+[4]Report1!AE15 -> 2.5396653 | BN10: 0 | BO10: 0 | BP10: =+[4]Report1!AJ15 -> 1210.5249 | BQ10: =+[4]Report1!AK15 -> 777.39757 | BR10: 0 | BS10: 0 | BT10: =+[5]Report1!J15 -> 0.71056284 | BU10: =+[5]Report1!K15 -> 0.7347038 | BV10: =+[5]Report1!BA15 -> 0.71056284 | BW10: =+[5]Report1!BB15 -> 0.77533373 | BX10: =+[5]Report1!R15 -> 31.842 | BY10: =+[5]Report1!S15 -> 269.709 | BZ10: =+[5]Report1!X15 -> 121.48046 | CA10: =+[5]Report1!Y15 -> 88.67863 | CB10: =+[5]Report1!AD15 -> 2.8892657 | CC10: =+[5]Report1!AE15 -> 2.2609553 | CD10: =+[5]Report1!AJ15 -> 0 | CE10: =+[5]Report1!AK15 -> 0.153128 | CF10: =+[5]Report1!AP15 -> 1382.3058 | CG10: =+[5]Report1!AQ15 -> 1140.1596 | CH10: =+[5]Report1!AV15 -> 0 | CI10: =+[5]Report1!AW15 -> 375.71563
A11: =1+A10 -> 45999 | B11: =+Report1!J16 -> 1.0979342 | C11: =+Report1!K16 -> 0.80622244 | D11: =+Report1!AJ16 -> 1.0979342 | E11: =+Report1!AK16 -> 0.80622244 | F11: =+Report1!R16 -> 90.967 | G11: =+Report1!S16 -> 495.218 | H11: =+Report1!X16 -> 1.6259743 | I11: =+Report1!Y16 -> 2.1033868 | J11: =+Report1!AD16 -> 625.83552 | K11: =+Report1!AE16 -> 823.60633 | L11: =+[1]Report1!J16 -> 0.88884951 | M11: =+[1]Report1!K16 -> 0.66753231 | N11: =+[1]Report1!BJ16 -> 0.88884951 | O11: =+[1]Report1!BK16 -> 0.77739062 | P11: =+[1]Report1!R16 -> 45.993 | Q11: =+[1]Report1!S16 -> 320.451 | R11: =+[1]Report1!AL16 -> 2.5711304 | S11: =+[1]Report1!AM16 -> 2.5383257 | T11: =+[1]Report1!AR16 -> 0.17176527 | U11: =+[1]Report1!AS16 -> 0.24621549 | V11: =+[1]Report1!AX16 -> 746.71515 | W11: =+[1]Report1!AY16 -> 734.47772 | X11: =+[1]Report1!BD16 -> 465.36647 | Y11: =+[1]Report1!BE16 -> 421.07249 | Z11: =+[2]Report1!J16 -> 0.85490802 | AA11: =+[2]Report1!K16 -> 0.87750063 | AB11: =+[2]Report1!BC16 -> 0.85490802 | AC11: =+[2]Report1!BD16 -> 0.87750063 | AD11: =+[2]Report1!R16 -> 37.368 | AE11: =+[2]Report1!S16 -> 312.433 | AF11: =+[2]Report1!X16 -> 135.31267 | AG11: =+[2]Report1!Y16 -> 116.92193 | AH11: =+[2]Report1!AD16 -> 1.5253693 | AI11: =+[2]Report1!AE16 -> 1.3318055 | AJ11: =+[2]Report1!AJ16 -> 979.19022 | AK11: =+[2]Report1!AK16 -> 920.50033 | AN11: =+[3]Report1!J16 -> 0.98960422 | AO11: =+[3]Report1!K16 -> 0.9024652 | AP11: =+[3]Report1!BN16 -> 0.98960422 | AQ11: =+[3]Report1!BO16 -> 0.9024652 | AR11: =+[3]Report1!R16 -> 54.489 | AS11: =+[3]Report1!S16 -> 389.863 | AT11: =+[3]Report1!AF16 -> 94.149589 | AU11: =+[3]Report1!AG16 -> 104.33867 | AV11: =+[3]Report1!AL16 -> 1.2791573 | AW11: =+[3]Report1!AM16 -> 1.3840759 | AX11: =+[3]Report1!AR16 -> 0.16884142 | AY11: =+[3]Report1!AS16 -> 0.19391427 | AZ11: =+[3]Report1!AX16 -> 689.32041 | BA11: =+[3]Report1!AY16 -> 880.52644 | BB11: =+[3]Report1!BD16 -> 433.67285 | BC11: =+[3]Report1!BE16 -> 475.17003 | BD11: =+[3]Report1!BJ16 -> 2.3876379 | BE11: =+[3]Report1!BK16 -> 4.2140444 | BF11: =+[4]Report1!J16 -> 1.0523192 | BG11: =+[4]Report1!K16 -> 0.94775257 | BH11: =+[4]Report1!AN16 -> 1.0523192 | BI11: =+[4]Report1!AO16 -> 0.94775257 | BJ11: =+[4]Report1!R16 -> 54.174 | BK11: =+[4]Report1!S16 -> 403.787 | BL11: =+[4]Report1!AD16 -> 2.2833832 | BM11: =+[4]Report1!AE16 -> 2.5052812 | BN11: 0 | BO11: 0 | BP11: =+[4]Report1!AJ16 -> 950.11727 | BQ11: =+[4]Report1!AK16 -> 800.57047 | BR11: 0 | BS11: 0 | BT11: =+[5]Report1!J16 -> 0.91403027 | BU11: =+[5]Report1!K16 -> 0.75472289 | BV11: =+[5]Report1!BA16 -> 0.91403027 | BW11: =+[5]Report1!BB16 -> 0.7915731 | BX11: =+[5]Report1!R16 -> 42.165 | BY11: =+[5]Report1!S16 -> 311.874 | BZ11: =+[5]Report1!X16 -> 89.019785 | CA11: =+[5]Report1!Y16 -> 88.724753 | CB11: =+[5]Report1!AD16 -> 2.1107554 | CC11: =+[5]Report1!AE16 -> 2.2406485 | CD11: =+[5]Report1!AJ16 -> 0 | CE11: =+[5]Report1!AK16 -> 0.13242527 | CF11: =+[5]Report1!AP16 -> 949.82775 | CG11: =+[5]Report1!AQ16 -> 1114.427 | CH11: =+[5]Report1!AV16 -> 0 | CI11: =+[5]Report1!AW16 -> 324.91932
A12: =1+A11 -> 46000 | B12: =+Report1!J17 -> 0.82735468 | C12: =+Report1!K17 -> 0.80826482 | D12: =+Report1!AJ17 -> 0.82735468 | E12: =+Report1!AK17 -> 0.80826482 | F12: =+Report1!R17 -> 54.371 | G12: =+Report1!S17 -> 549.589 | H12: =+Report1!X17 -> 2.4790605 | I12: =+Report1!Y17 -> 2.1405523 | J12: =+Report1!AD17 -> 1040.2924 | K12: =+Report1!AE17 -> 845.04315 | L12: =+[1]Report1!J17 -> 0.90604789 | M12: =+[1]Report1!K17 -> 0.69265777 | N12: =+[1]Report1!BJ17 -> 0.90604789 | O12: =+[1]Report1!BK17 -> 0.79290499 | P12: =+[1]Report1!R17 -> 51.213 | Q12: =+[1]Report1!S17 -> 371.664 | R12: =+[1]Report1!AL17 -> 2.6473942 | S12: =+[1]Report1!AM17 -> 2.5533546 | T12: =+[1]Report1!AR17 -> 0.18354715 | U12: =+[1]Report1!AS17 -> 0.23758018 | V12: =+[1]Report1!AX17 -> 675.54293 | W12: =+[1]Report1!AY17 -> 726.35687 | X12: =+[1]Report1!BD17 -> 565.3916 | Y12: =+[1]Report1!BE17 -> 440.95877 | Z12: =+[2]Report1!J17 -> 0.90977725 | AA12: =+[2]Report1!K17 -> 0.88082373 | AB12: =+[2]Report1!BC17 -> 0.90977725 | AC12: =+[2]Report1!BD17 -> 0.88082373 | AD12: =+[2]Report1!R17 -> 37.178 | AE12: =+[2]Report1!S17 -> 349.611 | AF12: =+[2]Report1!X17 -> 141.93137 | AG12: =+[2]Report1!Y17 -> 119.58146 | AH12: =+[2]Report1!AD17 -> 1.4551617 | AI12: =+[2]Report1!AE17 -> 1.3449234 | AJ12: =+[2]Report1!AJ17 -> 1069.4045 | AK12: =+[2]Report1!AK17 -> 936.33496 | AN12: =+[3]Report1!J17 -> 0.84895799 | AO12: =+[3]Report1!K17 -> 0.89652289 | AP12: =+[3]Report1!BN17 -> 0.84895799 | AQ12: =+[3]Report1!BO17 -> 0.89652289 | AR12: =+[3]Report1!R17 -> 45.818 | AS12: =+[3]Report1!S17 -> 435.681 | AT12: =+[3]Report1!AF17 -> 100.40254 | AU12: =+[3]Report1!AG17 -> 103.92473 | AV12: =+[3]Report1!AL17 -> 1.3859182 | AW12: =+[3]Report1!AM17 -> 1.3842697 | AX12: =+[3]Report1!AR17 -> 0.17896896 | AY12: =+[3]Report1!AS17 -> 0.19234256 | AZ12: =+[3]Report1!AX17 -> 936.71308 | BA12: =+[3]Report1!AY17 -> 886.43526 | BB12: =+[3]Report1!BD17 -> 535.26125 | BC12: =+[3]Report1!BE17 -> 481.48947 | BD12: =+[3]Report1!BJ17 -> 1.7482212 | BE12: =+[3]Report1!BK17 -> 3.9547283 | BF12: =+[4]Report1!J17 -> 0.95636071 | BG12: =+[4]Report1!K17 -> 0.94868058 | BH12: =+[4]Report1!AN17 -> 0.95636071 | BI12: =+[4]Report1!AO17 -> 0.94868058 | BJ12: =+[4]Report1!R17 -> 49.234 | BK12: =+[4]Report1!S17 -> 453.021 | BL12: =+[4]Report1!AD17 -> 2.4617135 | BM12: =+[4]Report1!AE17 -> 2.5005463 | BN12: 0 | BO12: 0 | BP12: =+[4]Report1!AJ17 -> 1045.9562 | BQ12: =+[4]Report1!AK17 -> 827.23882 | BR12: 0 | BS12: 0 | BT12: =+[5]Report1!J17 -> 0.940531 | BU12: =+[5]Report1!K17 -> 0.77351643 | BV12: =+[5]Report1!BA17 -> 0.940531 | BW12: =+[5]Report1!BB17 -> 0.80729741 | BX12: =+[5]Report1!R17 -> 43.734 | BY12: =+[5]Report1!S17 -> 355.608 | BZ12: =+[5]Report1!X17 -> 86.958241 | CA12: =+[5]Report1!Y17 -> 88.507501 | CB12: =+[5]Report1!AD17 -> 2.0716148 | CC12: =+[5]Report1!AE17 -> 2.2198601 | CD12: =+[5]Report1!AJ17 -> 0 | CE12: =+[5]Report1!AK17 -> 0.11613912 | CF12: =+[5]Report1!AP17 -> 1083.7873 | CG12: =+[5]Report1!AQ17 -> 1110.6588 | CH12: =+[5]Report1!AV17 -> 0 | CI12: =+[5]Report1!AW17 -> 284.95953
A13: =1+A12 -> 46001 | B13: =+Report1!J18 -> 0.94746434 | C13: =+Report1!K18 -> 0.81993914 | D13: =+Report1!AJ18 -> 0.94746434 | E13: =+Report1!AK18 -> 0.81993914 | F13: =+Report1!R18 -> 58.977 | G13: =+Report1!S18 -> 608.566 | H13: =+Report1!X18 -> 2.1234888 | I13: =+Report1!Y18 -> 2.1388987 | J13: =+Report1!AD18 -> 961.71694 | K13: =+Report1!AE18 -> 856.35017 | L13: =+[1]Report1!J18 -> 0.83809516 | M13: =+[1]Report1!K18 -> 0.70898163 | N13: =+[1]Report1!BJ18 -> 0.83809516 | O13: =+[1]Report1!BK18 -> 0.7986184 | P13: =+[1]Report1!R18 -> 56.856 | Q13: =+[1]Report1!S18 -> 428.52 | R13: =+[1]Report1!AL18 -> 2.2436858 | S13: =+[1]Report1!AM18 -> 2.5122678 | T13: =+[1]Report1!AR18 -> 0.19698888 | U13: =+[1]Report1!AS18 -> 0.23219453 | V13: =+[1]Report1!AX18 -> 396.42254 | W13: =+[1]Report1!AY18 -> 682.58121 | X13: =+[1]Report1!BD18 -> 595.31237 | Y13: =+[1]Report1!BE18 -> 461.43839 | Z13: =+[2]Report1!J18 -> 0.92095308 | AA13: =+[2]Report1!K18 -> 0.88456868 | AB13: =+[2]Report1!BC18 -> 0.92095308 | AC13: =+[2]Report1!BD18 -> 0.88456868 | AD13: =+[2]Report1!R18 -> 37.624 | AE13: =+[2]Report1!S18 -> 387.235 | AF13: =+[2]Report1!X18 -> 136.53917 | AG13: =+[2]Report1!Y18 -> 121.22909 | AH13: =+[2]Report1!AD18 -> 1.4299383 | AI13: =+[2]Report1!AE18 -> 1.3531835 | AJ13: =+[2]Report1!AJ18 -> 1036.9073 | AK13: =+[2]Report1!AK18 -> 946.10663 | AN13: =+[3]Report1!J18 -> 0.95105316 | AO13: =+[3]Report1!K18 -> 0.90190956 | AP13: =+[3]Report1!BN18 -> 0.95105316 | AQ13: =+[3]Report1!BO18 -> 0.90190956 | AR13: =+[3]Report1!R18 -> 50.66 | AS13: =+[3]Report1!S18 -> 486.341 | AT13: =+[3]Report1!AF18 -> 95.92954 | AU13: =+[3]Report1!AG18 -> 103.0919 | AV13: =+[3]Report1!AL18 -> 1.3541255 | AW13: =+[3]Report1!AM18 -> 1.3811297 | AX13: =+[3]Report1!AR18 -> 0.19147256 | AY13: =+[3]Report1!AS18 -> 0.19225194 | AZ13: =+[3]Report1!AX18 -> 744.42558 | BA13: =+[3]Report1!AY18 -> 871.64274 | BB13: =+[3]Report1!BD18 -> 283.29886 | BC13: =+[3]Report1!BE18 -> 460.84482 | BD13: =+[3]Report1!BJ18 -> 3.94394 | BE13: =+[3]Report1!BK18 -> 3.9536046 | BF13: =+[4]Report1!J18 -> 0.96135288 | BG13: =+[4]Report1!K18 -> 0.94991379 | BH13: =+[4]Report1!AN18 -> 0.96135288 | BI13: =+[4]Report1!AO18 -> 0.94991379 | BJ13: =+[4]Report1!R18 -> 49.491 | BK13: =+[4]Report1!S18 -> 502.512 | BL13: =+[4]Report1!AD18 -> 2.4044776 | BM13: =+[4]Report1!AE18 -> 2.4910848 | BN13: 0 | BO13: 0 | BP13: =+[4]Report1!AJ18 -> 1102.8664 | BQ13: =+[4]Report1!AK18 -> 854.3846 | BR13: 0 | BS13: 0 | BT13: =+[5]Report1!J18 -> 0.78936587 | BU13: =+[5]Report1!K18 -> 0.77510967 | BV13: =+[5]Report1!BA18 -> 0.78936587 | BW13: =+[5]Report1!BB18 -> 0.80542438 | BX13: =+[5]Report1!R18 -> 40.556 | BY13: =+[5]Report1!S18 -> 396.164 | BZ13: =+[5]Report1!X18 -> 99.740107 | CA13: =+[5]Report1!Y18 -> 89.657403 | CB13: =+[5]Report1!AD18 -> 2.3449058 | CC13: =+[5]Report1!AE18 -> 2.2326612 | CD13: =+[5]Report1!AJ18 -> 0 | CE13: =+[5]Report1!AK18 -> 0.10424976 | CF13: =+[5]Report1!AP18 -> 1096.8991 | CG13: =+[5]Report1!AQ18 -> 1109.2502 | CH13: =+[5]Report1!AV18 -> 0 | CI13: =+[5]Report1!AW18 -> 255.78772
A14: =1+A13 -> 46002 | B14: =+Report1!J19 -> 0.89446438 | C14: =+Report1!K19 -> 0.82495235 | D14: =+Report1!AJ19 -> 0.93299368 | E14: =+Report1!AK19 -> 0.82725041 | F14: =+Report1!R19 -> 47.879 | G14: =+Report1!S19 -> 656.445 | H14: =+Report1!X19 -> 2.6365839 | I14: =+Report1!Y19 -> 2.1751982 | J14: =+Report1!AD19 -> 1159.9081 | K14: =+Report1!AE19 -> 878.49072 | L14: =+[1]Report1!J19 -> 0.69310599 | M14: =+[1]Report1!K19 -> 0.70737957 | N14: =+[1]Report1!BJ19 -> 0.69310599 | O14: =+[1]Report1!BK19 -> 0.78677571 | P14: =+[1]Report1!R19 -> 47.02 | Q14: =+[1]Report1!S19 -> 475.54 | R14: =+[1]Report1!AL19 -> 2.0714164 | S14: =+[1]Report1!AM19 -> 2.4686777 | T14: =+[1]Report1!AR19 -> 0.22756274 | U14: =+[1]Report1!AS19 -> 0.23173655 | V14: =+[1]Report1!AX19 -> 745.69247 | W14: =+[1]Report1!AY19 -> 688.82147 | X14: =+[1]Report1!BD19 -> 626.65419 | Y14: =+[1]Report1!BE19 -> 477.77445 | Z14: =+[2]Report1!J19 -> 0.89961009 | AA14: =+[2]Report1!K19 -> 0.88584767 | AB14: =+[2]Report1!BC19 -> 0.89961009 | AC14: =+[2]Report1!BD19 -> 0.88584767 | AD14: =+[2]Report1!R19 -> 36.599 | AE14: =+[2]Report1!S19 -> 423.834 | AF14: =+[2]Report1!X19 -> 141.0617 | AG14: =+[2]Report1!Y19 -> 122.94168 | AH14: =+[2]Report1!AD19 -> 1.4426624 | AI14: =+[2]Report1!AE19 -> 1.3609102 | AJ14: =+[2]Report1!AJ19 -> 952.62821 | AK14: =+[2]Report1!AK19 -> 946.66978 | AN14: =+[3]Report1!J19 -> 0.81937936 | AO14: =+[3]Report1!K19 -> 0.89437407 | AP14: =+[3]Report1!BN19 -> 0.81937936 | AQ14: =+[3]Report1!BO19 -> 0.89437407 | AR14: =+[3]Report1!R19 -> 44.396 | AS14: =+[3]Report1!S19 -> 530.737 | AT14: =+[3]Report1!AF19 -> 92.971037 | AU14: =+[3]Report1!AG19 -> 102.2453 | AV14: =+[3]Report1!AL19 -> 1.3717452 | AW14: =+[3]Report1!AM19 -> 1.3803447 | AX14: =+[3]Report1!AR19 -> 0.22524552 | AY14: =+[3]Report1!AS19 -> 0.19501184 | AZ14: =+[3]Report1!AX19 -> 850.87035 | BA14: =+[3]Report1!AY19 -> 869.90513 | BB14: =+[3]Report1!BD19 -> 500.737 | BC14: =+[3]Report1!BE19 -> 464.18179 | BD14: =+[3]Report1!BJ19 -> 3.1556897 | BE14: =+[3]Report1!BK19 -> 3.8868592 | BF14: =+[4]Report1!J19 -> 0.81819209 | BG14: =+[4]Report1!K19 -> 0.93823206 | BH14: =+[4]Report1!AN19 -> 0.81819209 | BI14: =+[4]Report1!AO19 -> 0.93823206 | BJ14: =+[4]Report1!R19 -> 42.121 | BK14: =+[4]Report1!S19 -> 544.633 | BL14: =+[4]Report1!AD19 -> 2.8536834 | BM14: =+[4]Report1!AE19 -> 2.5191276 | BN14: 0 | BO14: 0 | BP14: =+[4]Report1!AJ19 -> 1153.524 | BQ14: =+[4]Report1!AK19 -> 877.51954 | BR14: 0 | BS14: 0 | BT14: =+[5]Report1!J19 -> 0.93024437 | BU14: =+[5]Report1!K19 -> 0.78922915 | BV14: =+[5]Report1!BA19 -> 0.93024437 | BW14: =+[5]Report1!BB19 -> 0.81718723 | BX14: =+[5]Report1!R19 -> 47.606 | BY14: =+[5]Report1!S19 -> 443.77 | BZ14: =+[5]Report1!X19 -> 84.206626 | CA14: =+[5]Report1!Y19 -> 89.072664 | CB14: =+[5]Report1!AD19 -> 1.9955468 | CC14: =+[5]Report1!AE19 -> 2.2072245 | CD14: =+[5]Report1!AJ19 -> 0 | CE14: =+[5]Report1!AK19 -> 0.093066228 | CF14: =+[5]Report1!AP19 -> 865.8181 | CG14: =+[5]Report1!AQ19 -> 1083.1357 | CH14: =+[5]Report1!AV19 -> 0 | CI14: =+[5]Report1!AW19 -> 228.34776
A15: =1+A14 -> 46003 | B15: =+Report1!J20 -> 1.0314661 | C15: =+Report1!K20 -> 0.83777021 | D15: =+Report1!AJ20 -> 1.0314661 | E15: =+Report1!AK20 -> 0.83995875 | F15: =+Report1!R20 -> 54.315 | G15: =+Report1!S20 -> 710.76 | H15: =+Report1!X20 -> 2.2876185 | I15: =+Report1!Y20 -> 2.1837892 | J15: =+Report1!AD20 -> 1102.7981 | K15: =+Report1!AE20 -> 895.63189 | L15: =+[1]Report1!J20 -> 0.88654408 | M15: =+[1]Report1!K20 -> 0.72360625 | N15: =+[1]Report1!BJ20 -> 0.88654408 | O15: =+[1]Report1!BK20 -> 0.79672464 | P15: =+[1]Report1!R20 -> 59.353 | Q15: =+[1]Report1!S20 -> 534.893 | R15: =+[1]Report1!AL20 -> 2.1571445 | S15: =+[1]Report1!AM20 -> 2.4341093 | T15: =+[1]Report1!AR20 -> 0.21565885 | U15: =+[1]Report1!AS20 -> 0.22995253 | V15: =+[1]Report1!AX20 -> 711.37129 | W15: =+[1]Report1!AY20 -> 691.32365 | X15: =+[1]Report1!BD20 -> 480.07346 | Y15: =+[1]Report1!BE20 -> 478.02955 | Z15: =+[2]Report1!J20 -> 0.96351061 | AA15: =+[2]Report1!K20 -> 0.89226272 | AB15: =+[2]Report1!BC20 -> 0.96351061 | AC15: =+[2]Report1!BD20 -> 0.89226272 | AD15: =+[2]Report1!R20 -> 41.507 | AE15: =+[2]Report1!S20 -> 465.341 | AF15: =+[2]Report1!X20 -> 127.0278 | AG15: =+[2]Report1!Y20 -> 123.30615 | AH15: =+[2]Report1!AD20 -> 1.2528007 | AI15: =+[2]Report1!AE20 -> 1.3512671 | AJ15: =+[2]Report1!AJ20 -> 1010.3954 | AK15: =+[2]Report1!AK20 -> 952.35391 | AN15: =+[3]Report1!J20 -> 0.87376279 | AO15: =+[3]Report1!K20 -> 0.8926597 | AP15: =+[3]Report1!BN20 -> 0.87376279 | AQ15: =+[3]Report1!BO20 -> 0.8926597 | AR15: =+[3]Report1!R20 -> 47.04 | AS15: =+[3]Report1!S20 -> 577.777 | AT15: =+[3]Report1!AF20 -> 104.0462 | AU15: =+[3]Report1!AG20 -> 102.39192 | AV15: =+[3]Report1!AL20 -> 1.4413265 | AW15: =+[3]Report1!AM20 -> 1.3853096 | AX15: =+[3]Report1!AR20 -> 0.21258503 | AY15: =+[3]Report1!AS20 -> 0.19644257 | AZ15: =+[3]Report1!AX20 -> 849.03231 | BA15: =+[3]Report1!AY20 -> 868.20576 | BB15: =+[3]Report1!BD20 -> 416.52211 | BC15: =+[3]Report1!BE20 -> 460.30156 | BD15: =+[3]Report1!BJ20 -> 2.7657313 | BE15: =+[3]Report1!BK20 -> 3.795582 | BF15: =+[4]Report1!J20 -> 0.83132325 | BG15: =+[4]Report1!K20 -> 0.92952321 | BH15: =+[4]Report1!AN20 -> 0.83132325 | BI15: =+[4]Report1!AO20 -> 0.92952321 | BJ15: =+[4]Report1!R20 -> 42.797 | BK15: =+[4]Report1!S20 -> 587.43 | BL15: =+[4]Report1!AD20 -> 2.7992616 | BM15: =+[4]Report1!AE20 -> 2.5395366 | BN15: 0 | BO15: 0 | BP15: =+[4]Report1!AJ20 -> 1248.4561 | BQ15: =+[4]Report1!AK20 -> 904.54399 | BR15: 0 | BS15: 0 | BT15: =+[5]Report1!J20 -> 0.90534701 | BU15: =+[5]Report1!K20 -> 0.79846658 | BV15: =+[5]Report1!BA20 -> 0.90534701 | BW15: =+[5]Report1!BB20 -> 0.82442857 | BX15: =+[5]Report1!R20 -> 43.997 | BY15: =+[5]Report1!S20 -> 487.767 | BZ15: =+[5]Report1!X20 -> 90.190783 | CA15: =+[5]Report1!Y20 -> 89.173519 | CB15: =+[5]Report1!AD20 -> 2.1569652 | CC15: =+[5]Report1!AE20 -> 2.202691 | CD15: =+[5]Report1!AJ20 -> 0 | CE15: =+[5]Report1!AK20 -> 0.084671575 | CF15: =+[5]Report1!AP20 -> 1039.2814 | CG15: =+[5]Report1!AQ20 -> 1079.18 | CH15: =+[5]Report1!AV20 -> 0 | CI15: =+[5]Report1!AW20 -> 207.7506
A16: =1+A15 -> 46004 | B16: =+Report1!J21 -> 0.88974942 | C16: =+Report1!K21 -> 0.8410105 | D16: =+Report1!AJ21 -> 0.88974942 | E16: =+Report1!AK21 -> 0.84307021 | F16: =+Report1!R21 -> 50.185 | G16: =+Report1!S21 -> 760.945 | H16: =+Report1!X21 -> 2.4976587 | I16: =+Report1!Y21 -> 2.2044892 | J16: =+Report1!AD21 -> 1139.2014 | K16: =+Report1!AE21 -> 911.69551 | L16: =+[1]Report1!J21 -> 0.8377358 | M16: =+[1]Report1!K21 -> 0.73324632 | N16: =+[1]Report1!BJ21 -> 0.8377358 | O16: =+[1]Report1!BK21 -> 0.80050645 | P16: =+[1]Report1!R21 -> 57.132 | Q16: =+[1]Report1!S21 -> 592.025 | R16: =+[1]Report1!AL21 -> 2.334121 | S16: =+[1]Report1!AM21 -> 2.4244601 | T16: =+[1]Report1!AR21 -> 0.18028425 | U16: =+[1]Report1!AS21 -> 0.22515941 | V16: =+[1]Report1!AX21 -> 713.8369 | W16: =+[1]Report1!AY21 -> 693.49624 | X16: =+[1]Report1!BD21 -> 427.62725 | Y16: =+[1]Report1!BE21 -> 473.16559 | Z16: =+[2]Report1!J21 -> 0.81833417 | AA16: =+[2]Report1!K21 -> 0.88679943 | AB16: =+[2]Report1!BC21 -> 0.81833417 | AC16: =+[2]Report1!BD21 -> 0.88679943 | AD16: =+[2]Report1!R21 -> 34.056 | AE16: =+[2]Report1!S21 -> 499.397 | AF16: =+[2]Report1!X21 -> 145.3013 | AG16: =+[2]Report1!Y21 -> 124.80609 | AH16: =+[2]Report1!AD21 -> 1.5063425 | AI16: =+[2]Report1!AE21 -> 1.3618424 | AJ16: =+[2]Report1!AJ21 -> 1203.0426 | AK16: =+[2]Report1!AK21 -> 969.44944 | AN16: =+[3]Report1!J21 -> 0.95742329 | AO16: =+[3]Report1!K21 -> 0.89776891 | AP16: =+[3]Report1!BN21 -> 0.95742329 | AQ16: =+[3]Report1!BO21 -> 0.89776891 | AR16: =+[3]Report1!R21 -> 53.075 | AS16: =+[3]Report1!S21 -> 630.852 | AT16: =+[3]Report1!AF21 -> 86.58978 | AU16: =+[3]Report1!AG21 -> 101.06245 | AV16: =+[3]Report1!AL21 -> 1.2962789 | AW16: =+[3]Report1!AM21 -> 1.3778192 | AX16: =+[3]Report1!AR21 -> 0.17899199 | AY16: =+[3]Report1!AS21 -> 0.19497442 | AZ16: =+[3]Report1!AX21 -> 780.23212 | BA16: =+[3]Report1!AY21 -> 860.80434 | BB16: =+[3]Report1!BD21 -> 399.82666 | BC16: =+[3]Report1!BE21 -> 455.21367 | BD16: =+[3]Report1!BJ21 -> 2.2628356 | BE16: =+[3]Report1!BK21 -> 3.6666286 | BF16: =+[4]Report1!J21 -> 0.94639578 | BG16: =+[4]Report1!K21 -> 0.93079413 | BH16: =+[4]Report1!AN21 -> 0.94639578 | BI16: =+[4]Report1!AO21 -> 0.93079413 | BJ16: =+[4]Report1!R21 -> 48.721 | BK16: =+[4]Report1!S21 -> 636.151 | BL16: =+[4]Report1!AD21 -> 2.3891135 | BM16: =+[4]Report1!AE21 -> 2.5280161 | BN16: 0 | BO16: 0 | BP16: =+[4]Report1!AJ21 -> 1102.5457 | BQ16: =+[4]Report1!AK21 -> 919.70838 | BR16: 0 | BS16: 0 | BT16: =+[5]Report1!J21 -> 1.0551092 | BU16: =+[5]Report1!K21 -> 0.81641224 | BV16: =+[5]Report1!BA21 -> 1.0551092 | BW16: =+[5]Report1!BB21 -> 0.84104553 | BX16: =+[5]Report1!R21 -> 48.458 | BY16: =+[5]Report1!S21 -> 536.225 | BZ16: =+[5]Report1!X21 -> 74.205835 | CA16: =+[5]Report1!Y21 -> 87.820907 | CB16: =+[5]Report1!AD21 -> 1.923315 | CC16: =+[5]Report1!AE21 -> 2.1774442 | CD16: =+[5]Report1!AJ21 -> 0 | CE16: =+[5]Report1!AK21 -> 0.077019908 | CF16: =+[5]Report1!AP21 -> 990.65856 | CG16: =+[5]Report1!AQ21 -> 1071.1804 | CH16: =+[5]Report1!AV21 -> 0 | CI16: =+[5]Report1!AW21 -> 188.97643
... A26: =1+A25 -> 46014 | B26: =+Report1!J31 -> 0.99405536 | C26: =+Report1!K31 -> 0.86689387 | D26: =+Report1!AJ31 -> 0.99405536 | E26: =+Report1!AK31 -> 0.86808586 | F26: =+Report1!R31 -> 80.235 | G26: =+Report1!S31 -> 1395.562 | H26: =+Report1!X31 -> 2.1354272 | I26: =+Report1!Y31 -> 2.2306913 | J26: =+Report1!AD31 -> 695.23774 | K26: =+Report1!AE31 -> 889.06839 | L26: =+[1]Report1!J31 -> 0.96970947 | M26: =+[1]Report1!K31 -> 0.83554952 | N26: =+[1]Report1!BJ31 -> 0.96970947 | O26: =+[1]Report1!BK31 -> 0.87452304 | P26: =+[1]Report1!R31 -> 75.752 | Q26: =+[1]Report1!S31 -> 1241.036 | R26: =+[1]Report1!AL31 -> 1.5401178 | S26: =+[1]Report1!AM31 -> 2.1600759 | T26: =+[1]Report1!AR31 -> 0.17908029 | U26: =+[1]Report1!AS31 -> 0.205607 | V26: =+[1]Report1!AX31 -> 441.79428 | W26: =+[1]Report1!AY31 -> 624.23386 | X26: =+[1]Report1!BD31 -> 481.94857 | Y26: =+[1]Report1!BE31 -> 490.95118 | Z26: =+[2]Report1!J31 -> 0.93279582 | AA26: =+[2]Report1!K31 -> 0.87700632 | AB26: =+[2]Report1!BC31 -> 0.93279582 | AC26: =+[2]Report1!BD31 -> 0.87700632 | AD26: =+[2]Report1!R31 -> 41.517 | AE26: =+[2]Report1!S31 -> 867.112 | AF26: =+[2]Report1!X31 -> 123.82933 | AG26: =+[2]Report1!Y31 -> 130.26727 | AH26: =+[2]Report1!AD31 -> 1.2139605 | AI26: =+[2]Report1!AE31 -> 1.354035 | AJ26: =+[2]Report1!AJ31 -> 923.53494 | AK26: =+[2]Report1!AK31 -> 993.22816 | AN26: =+[3]Report1!J31 -> 0.8673274 | AO26: =+[3]Report1!K31 -> 0.88396161 | AP26: =+[3]Report1!BN31 -> 0.8673274 | AQ26: =+[3]Report1!BO31 -> 0.88396161 | AR26: =+[3]Report1!R31 -> 43.62 | AS26: =+[3]Report1!S31 -> 1084.15 | AT26: =+[3]Report1!AF31 -> 108.8337 | AU26: =+[3]Report1!AG31 -> 101.82408 | AV26: =+[3]Report1!AL31 -> 1.4695094 | AW26: =+[3]Report1!AM31 -> 1.3973159 | AX26: =+[3]Report1!AR31 -> 0.17731109 | AY26: =+[3]Report1!AS31 -> 0.19363954 | AZ26: =+[3]Report1!AX31 -> 919.12884 | BA26: =+[3]Report1!AY31 -> 877.7476 | BB26: =+[3]Report1!BD31 -> 420.97964 | BC26: =+[3]Report1!BE31 -> 446.94962 | BD26: =+[3]Report1!BJ31 -> 2.7556167 | BE26: =+[3]Report1!BK31 -> 3.3207582 | BF26: =+[4]Report1!J31 -> 0.91998201 | BG26: =+[4]Report1!K31 -> 0.93017523 | BH26: =+[4]Report1!AN31 -> 0.91998201 | BI26: =+[4]Report1!AO31 -> 0.93017523 | BJ26: =+[4]Report1!R31 -> 50.735 | BK26: =+[4]Report1!S31 -> 1145.537 | BL26: =+[4]Report1!AD31 -> 2.3672021 | BM26: =+[4]Report1!AE31 -> 2.4518632 | BN26: 0 | BO26: 0 | BP26: =+[4]Report1!AJ31 -> 944.12662 | BQ26: =+[4]Report1!AK31 -> 905.94461 | BR26: 0 | BS26: 0 | BT26: =+[5]Report1!J31 -> 0.81035246 | BU26: =+[5]Report1!K31 -> 0.84751808 | BV26: =+[5]Report1!BA31 -> 0.81035246 | BW26: =+[5]Report1!BB31 -> 0.86198798 | BX26: =+[5]Report1!R31 -> 42.019 | BY26: =+[5]Report1!S31 -> 971.237 | BZ26: =+[5]Report1!X31 -> 99.399124 | CA26: =+[5]Report1!Y31 -> 90.11818 | CB26: =+[5]Report1!AD31 -> 2.3798758 | CC26: =+[5]Report1!AE31 -> 2.1909174 | CD26: =+[5]Report1!AJ31 -> 0 | CE26: =+[5]Report1!AK31 -> 0.042523092 | CF26: =+[5]Report1!AP31 -> 1020.344 | CG26: =+[5]Report1!AQ31 -> 1037.1072 | CH26: =+[5]Report1!AV31 -> 0 | CI26: =+[5]Report1!AW31 -> 104.33487
A27: =1+A26 -> 46015 | B27: =+Report1!J32 -> 0.96728506 | C27: =+Report1!K32 -> 0.87158703 | D27: =+Report1!AJ32 -> 0.96728506 | E27: =+Report1!AK32 -> 0.87272937 | F27: =+Report1!R32 -> 76.366 | G27: =+Report1!S32 -> 1471.928 | H27: =+Report1!X32 -> 2.2506613 | I27: =+Report1!Y32 -> 2.2317274 | J27: =+Report1!AD32 -> 713.26742 | K27: =+Report1!AE32 -> 879.94755 | L27: =+[1]Report1!J32 -> 0.98974383 | M27: =+[1]Report1!K32 -> 0.84304872 | N27: =+[1]Report1!BJ32 -> 0.98974383 | O27: =+[1]Report1!BK32 -> 0.88037489 | P27: =+[1]Report1!R32 -> 75.151 | Q27: =+[1]Report1!S32 -> 1316.187 | R27: =+[1]Report1!AL32 -> 1.5275113 | S27: =+[1]Report1!AM32 -> 2.1239581 | T27: =+[1]Report1!AR32 -> 0.079676901 | U27: =+[1]Report1!AS32 -> 0.19841671 | V27: =+[1]Report1!AX32 -> 418.839 | W27: =+[1]Report1!AY32 -> 612.50632 | X27: =+[1]Report1!BD32 -> 482.31073 | Y27: =+[1]Report1!BE32 -> 490.45783 | Z27: =+[2]Report1!J32 -> 0.91794846 | AA27: =+[2]Report1!K32 -> 0.87874062 | AB27: =+[2]Report1!BC32 -> 0.91794846 | AC27: =+[2]Report1!BD32 -> 0.87874062 | AD27: =+[2]Report1!R32 -> 40.146 | AE27: =+[2]Report1!S32 -> 907.258 | AF27: =+[2]Report1!X32 -> 131.92624 | AG27: =+[2]Report1!Y32 -> 130.34068 | AH27: =+[2]Report1!AD32 -> 1.2454541 | AI27: =+[2]Report1!AE32 -> 1.3492303 | AJ27: =+[2]Report1!AJ32 -> 979.90784 | AK27: =+[2]Report1!AK32 -> 992.63874 | AL27: =+[6]Report1!AP32 -> 0 | AM27: =+[6]Report1!AQ32 -> 0 | AN27: =+[3]Report1!J32 -> 0.82813259 | AO27: =+[3]Report1!K32 -> 0.88170369 | AP27: =+[3]Report1!BN32 -> 0.82813259 | AQ27: =+[3]Report1!BO32 -> 0.88170369 | AR27: =+[3]Report1!R32 -> 42.809 | AS27: =+[3]Report1!S32 -> 1126.959 | AT27: =+[3]Report1!AF32 -> 108.9373 | AU27: =+[3]Report1!AG32 -> 102.09428 | AV27: =+[3]Report1!AL32 -> 1.5066925 | AW27: =+[3]Report1!AM32 -> 1.4014707 | AX27: =+[3]Report1!AR32 -> 0.084379481 | AY27: =+[3]Report1!AS32 -> 0.18948916 | AZ27: =+[3]Report1!AX32 -> 962.16637 | BA27: =+[3]Report1!AY32 -> 880.95436 | BB27: =+[3]Report1!BD32 -> 492.97031 | BC27: =+[3]Report1!BE32 -> 448.69777 | BD27: =+[3]Report1!BJ32 -> 2.9222827 | BE27: =+[3]Report1!BK32 -> 3.3056216 | BF27: =+[4]Report1!J32 -> 0.99410497 | BG27: =+[4]Report1!K32 -> 0.93278636 | BH27: =+[4]Report1!AN32 -> 0.99410497 | BI27: =+[4]Report1!AO32 -> 0.93278636 | BJ27: =+[4]Report1!R32 -> 52.133 | BK27: =+[4]Report1!S32 -> 1197.67 | BL27: =+[4]Report1!AD32 -> 2.3113959 | BM27: =+[4]Report1!AE32 -> 2.4457488 | BN27: 0 | BO27: 0 | BP27: =+[4]Report1!AJ32 -> 931.33656 | BQ27: =+[4]Report1!AK32 -> 907.04989 | BR27: 0 | BS27: 0 | BT27: =+[5]Report1!J32 -> 0.97226642 | BU27: =+[5]Report1!K32 -> 0.85289188 | BV27: =+[5]Report1!BA32 -> 0.97226642 | BW27: =+[5]Report1!BB32 -> 0.86681602 | BX27: =+[5]Report1!R32 -> 50.157 | BY27: =+[5]Report1!S32 -> 1021.394 | BZ27: =+[5]Report1!X32 -> 83.84059 | CA27: =+[5]Report1!Y32 -> 89.80991 | CB27: =+[5]Report1!AD32 -> 2.0535518 | CC27: =+[5]Report1!AE32 -> 2.1841718 | CD27: =+[5]Report1!AJ32 -> 0 | CE27: =+[5]Report1!AK32 -> 0.040434935 | CF27: =+[5]Report1!AP32 -> 828.3504 | CG27: =+[5]Report1!AQ32 -> 1026.8559 | CH27: =+[5]Report1!AV32 -> 0 | CI27: =+[5]Report1!AW32 -> 99.211359
A28: =1+A27 -> 46016 | B28: =+Report1!J33 -> 0.98312552 | C28: =+Report1!K33 -> 0.87655847 | D28: =+Report1!AJ33 -> 0.98312552 | E28: =+Report1!AK33 -> 0.87765606 | F28: =+Report1!R33 -> 77.454 | G28: =+Report1!S33 -> 1549.382 | H28: =+Report1!X33 -> 2.1978981 | I28: =+Report1!Y33 -> 2.2300362 | J28: =+Report1!AD33 -> 682.02882 | K28: =+Report1!AE33 -> 870.05354 | L28: =+[1]Report1!J33 -> 0.95414717 | M28: =+[1]Report1!K33 -> 0.84823866 | N28: =+[1]Report1!BJ33 -> 0.95414717 | O28: =+[1]Report1!BK33 -> 0.88396629 | P28: =+[1]Report1!R33 -> 72.998 | Q28: =+[1]Report1!S33 -> 1389.185 | R28: =+[1]Report1!AL33 -> 1.5763309 | S28: =+[1]Report1!AM33 -> 2.0951817 | T28: =+[1]Report1!AR33 -> 0.088197797 | U28: =+[1]Report1!AS33 -> 0.19262499 | V28: =+[1]Report1!AX33 -> 412.38376 | W28: =+[1]Report1!AY33 -> 601.99041 | X28: =+[1]Report1!BD33 -> 553.69106 | Y28: =+[1]Report1!BE33 -> 493.78057 | Z28: =+[2]Report1!J33 -> 0.93150629 | AA28: =+[2]Report1!K33 -> 0.88087736 | AB28: =+[2]Report1!BC33 -> 0.93150629 | AC28: =+[2]Report1!BD33 -> 0.88087736 | AD28: =+[2]Report1!R33 -> 40.589 | AE28: =+[2]Report1!S33 -> 947.847 | AF28: =+[2]Report1!X33 -> 125.33919 | AG28: =+[2]Report1!Y33 -> 130.12651 | AH28: =+[2]Report1!AD33 -> 1.2885264 | AI28: =+[2]Report1!AE33 -> 1.3466308 | AJ28: =+[2]Report1!AJ33 -> 947.93811 | AK28: =+[2]Report1!AK33 -> 990.72456 | AL28: =+[6]Report1!AP33 -> 0 | AM28: =+[6]Report1!AQ33 -> 0 | AN28: =+[3]Report1!J33 -> 0.91819997 | AO28: =+[3]Report1!K33 -> 0.88314357 | AP28: =+[3]Report1!BN33 -> 0.91819997 | AQ28: =+[3]Report1!BO33 -> 0.88314357 | AR28: =+[3]Report1!R33 -> 48.204 | AS28: =+[3]Report1!S33 -> 1175.163 | AT28: =+[3]Report1!AF33 -> 102.39055 | AU28: =+[3]Report1!AG33 -> 102.10643 | AV28: =+[3]Report1!AL33 -> 1.3795536 | AW28: =+[3]Report1!AM33 -> 1.4005717 | AX28: =+[3]Report1!AR33 -> 0.090484964 | AY28: =+[3]Report1!AS33 -> 0.18542811 | AZ28: =+[3]Report1!AX33 -> 792.37947 | BA28: =+[3]Report1!AY33 -> 877.3211 | BB28: =+[3]Report1!BD33 -> 485.96714 | BC28: =+[3]Report1!BE33 -> 450.22653 | BD28: =+[3]Report1!BJ33 -> 2.7736287 | BE28: =+[3]Report1!BK33 -> 3.2837998 | BF28: =+[4]Report1!J33 -> 0.90277429 | BG28: =+[4]Report1!K33 -> 0.93162193 | BH28: =+[4]Report1!AN33 -> 0.90277429 | BI28: =+[4]Report1!AO33 -> 0.93162193 | BJ28: =+[4]Report1!R33 -> 46.788 | BK28: =+[4]Report1!S33 -> 1244.458 | BL28: =+[4]Report1!AD33 -> 2.6459776 | BM28: =+[4]Report1!AE33 -> 2.4532768 | BN28: 0 | BO28: 0 | BP28: =+[4]Report1!AJ33 -> 1098.932 | BQ28: =+[4]Report1!AK33 -> 914.2641 | BR28: 0 | BS28: 0 | BT28: =+[5]Report1!J33 -> 0.95994036 | BU28: =+[5]Report1!K33 -> 0.85734837 | BV28: =+[5]Report1!BA33 -> 0.95994036 | BW28: =+[5]Report1!BB33 -> 0.87075345 | BX28: =+[5]Report1!R33 -> 49.937 | BY28: =+[5]Report1!S33 -> 1071.331 | BZ28: =+[5]Report1!X33 -> 86.348273 | CA28: =+[5]Report1!Y33 -> 89.648556 | CB28: =+[5]Report1!AD33 -> 2.0445762 | CC28: =+[5]Report1!AE33 -> 2.177665 | CD28: =+[5]Report1!AJ33 -> 0 | CE28: =+[5]Report1!AK33 -> 0.038550177 | CF28: =+[5]Report1!AP33 -> 900.6318 | CG28: =+[5]Report1!AQ33 -> 1020.9723 | CH28: =+[5]Report1!AV33 -> 0 | CI28: =+[5]Report1!AW33 -> 94.586908
A29: =1+A28 -> 46017 | B29: =+Report1!J34 -> 0.91172477 | C29: =+Report1!K34 -> 0.87797148 | D29: =+Report1!AJ34 -> 0.91172477 | E29: =+Report1!AK34 -> 0.87902662 | F29: =+Report1!R34 -> 67.464 | G29: =+Report1!S34 -> 1616.846 | H29: =+Report1!X34 -> 2.3086535 | I29: =+Report1!Y34 -> 2.2333166 | J29: =+Report1!AD34 -> 845.98245 | K29: =+Report1!AE34 -> 869.04916 | L29: =+[1]Report1!J34 -> 0.97862741 | M29: =+[1]Report1!K34 -> 0.85433861 | N29: =+[1]Report1!BJ34 -> 0.97862741 | O29: =+[1]Report1!BK34 -> 0.88857226 | P29: =+[1]Report1!R34 -> 78.66 | Q29: =+[1]Report1!S34 -> 1467.845 | R29: =+[1]Report1!AL34 -> 1.5057971 | S29: =+[1]Report1!AM34 -> 2.0635973 | T29: =+[1]Report1!AR34 -> 0.087719298 | U29: =+[1]Report1!AS34 -> 0.18700323 | V29: =+[1]Report1!AX34 -> 434.63056 | W29: =+[1]Report1!AY34 -> 593.0218 | X29: =+[1]Report1!BD34 -> 477.85914 | Y29: =+[1]Report1!BE34 -> 492.92736 | Z29: =+[2]Report1!J34 -> 0.88724325 | AA29: =+[2]Report1!K34 -> 0.88112627 | AB29: =+[2]Report1!BC34 -> 0.88724325 | AC29: =+[2]Report1!BD34 -> 0.88112627 | AD29: =+[2]Report1!R34 -> 38.848 | AE29: =+[2]Report1!S34 -> 986.695 | AF29: =+[2]Report1!X34 -> 139.66254 | AG29: =+[2]Report1!Y34 -> 130.50196 | AH29: =+[2]Report1!AD34 -> 1.315383 | AI29: =+[2]Report1!AE34 -> 1.3454006 | AJ29: =+[2]Report1!AJ34 -> 1042.6112 | AK29: =+[2]Report1!AK34 -> 992.76743 | AL29: =+[6]Report1!AP34 -> 0 | AM29: =+[6]Report1!AQ34 -> 0 | AN29: =+[3]Report1!J34 -> 0.87025556 | AO29: =+[3]Report1!K34 -> 0.88265313 | AP29: =+[3]Report1!BN34 -> 0.87025556 | AQ29: =+[3]Report1!BO34 -> 0.88265313 | AR29: =+[3]Report1!R34 -> 45.81 | AS29: =+[3]Report1!S34 -> 1220.973 | AT29: =+[3]Report1!AF34 -> 100.16026 | AU29: =+[3]Report1!AG34 -> 102.03342 | AV29: =+[3]Report1!AL34 -> 1.4145383 | AW29: =+[3]Report1!AM34 -> 1.4010957 | AX29: =+[3]Report1!AR34 -> 0.08513425 | AY29: =+[3]Report1!AS34 -> 0.18166515 | AZ29: =+[3]Report1!AX34 -> 881.32198 | BA29: =+[3]Report1!AY34 -> 877.47121 | BB29: =+[3]Report1!BD34 -> 401.65029 | BC29: =+[3]Report1!BE34 -> 448.40398 | BD29: =+[3]Report1!BJ34 -> 2.9207597 | BE29: =+[3]Report1!BK34 -> 3.2701788 | BF29: =+[4]Report1!J34 -> 0.88392484 | BG29: =+[4]Report1!K34 -> 0.92978104 | BH29: =+[4]Report1!AN34 -> 0.88392484 | BI29: =+[4]Report1!AO34 -> 0.92978104 | BJ29: =+[4]Report1!R34 -> 47.401 | BK29: =+[4]Report1!S34 -> 1291.859 | BL29: =+[4]Report1!AD34 -> 2.5041666 | BM29: =+[4]Report1!AE34 -> 2.4551441 | BN29: 0 | BO29: 0 | BP29: =+[4]Report1!AJ34 -> 1051.1749 | BQ29: =+[4]Report1!AK34 -> 919.28764 | BR29: 0 | BS29: 0 | BT29: =+[5]Report1!J34 -> 0.9139253 | BU29: =+[5]Report1!K34 -> 0.85954889 | BV29: =+[5]Report1!BA34 -> 0.9139253 | BW29: =+[5]Report1!BB34 -> 0.8724578 | BX29: =+[5]Report1!R34 -> 46.216 | BY29: =+[5]Report1!S34 -> 1117.547 | BZ29: =+[5]Report1!X34 -> 95.833653 | CA29: =+[5]Report1!Y34 -> 89.904339 | CB29: =+[5]Report1!AD34 -> 2.1875541 | CC29: =+[5]Report1!AE34 -> 2.1780739 | CD29: =+[5]Report1!AJ34 -> 0 | CE29: =+[5]Report1!AK34 -> 0.03695594 | CF29: =+[5]Report1!AP34 -> 981.1178 | CG29: =+[5]Report1!AQ34 -> 1019.3242 | CH29: =+[5]Report1!AV34 -> 0 | CI29: =+[5]Report1!AW34 -> 90.67528
A30: =1+A29 -> 46018 | B30: =+Report1!J35 -> 0.843469 | C30: =+Report1!K35 -> 0.87673656 | D30: =+Report1!AJ35 -> 0.843469 | E30: =+Report1!AK35 -> 0.87775246 | F30: =+Report1!R35 -> 57.66 | G30: =+Report1!S35 -> 1674.506 | H30: =+Report1!X35 -> 2.4779917 | I30: =+Report1!Y35 -> 2.2417417 | J30: =+Report1!AD35 -> 950.13978 | K30: =+Report1!AE35 -> 871.84144 | L30: =+[1]Report1!J35 -> 0.93182345 | M30: =+[1]Report1!K35 -> 0.85783366 | N30: =+[1]Report1!BJ35 -> 0.93182345 | O30: =+[1]Report1!BK35 -> 0.89059767 | P30: =+[1]Report1!R35 -> 75.625 | Q30: =+[1]Report1!S35 -> 1543.47 | R30: =+[1]Report1!AL35 -> 1.6126281 | S30: =+[1]Report1!AM35 -> 2.0415013 | T30: =+[1]Report1!AR35 -> 0.084628099 | U30: =+[1]Report1!AS35 -> 0.18198718 | V30: =+[1]Report1!AX35 -> 422.10235 | W30: =+[1]Report1!AY35 -> 584.64731 | X30: =+[1]Report1!BD35 -> 532.32 | Y30: =+[1]Report1!BE35 -> 494.85747 | Z30: =+[2]Report1!J35 -> 0.97340971 | AA30: =+[2]Report1!K35 -> 0.88461576 | AB30: =+[2]Report1!BC35 -> 0.97340971 | AC30: =+[2]Report1!BD35 -> 0.88461576 | AD30: =+[2]Report1!R35 -> 42.837 | AE30: =+[2]Report1!S35 -> 1029.532 | AF30: =+[2]Report1!X35 -> 122.70769 | AG30: =+[2]Report1!Y35 -> 130.17765 | AH30: =+[2]Report1!AD35 -> 1.2302449 | AI30: =+[2]Report1!AE35 -> 1.3406091 | AJ30: =+[2]Report1!AJ35 -> 953.73299 | AK30: =+[2]Report1!AK35 -> 991.14328 | AL30: =+[6]Report1!AP35 -> 0 | AM30: =+[6]Report1!AQ35 -> 0 | AN30: =+[3]Report1!J35 -> 0.96192326 | AO30: =+[3]Report1!K35 -> 0.88562435 | AP30: =+[3]Report1!BN35 -> 0.96192326 | AQ30: =+[3]Report1!BO35 -> 0.88562435 | AR30: =+[3]Report1!R35 -> 51.817 | AS30: =+[3]Report1!S35 -> 1272.79 | AT30: =+[3]Report1!AF35 -> 93.803588 | AU30: =+[3]Report1!AG35 -> 101.69837 | AV30: =+[3]Report1!AL35 -> 1.2872223 | AW30: =+[3]Report1!AM35 -> 1.3964597 | AX30: =+[3]Report1!AR35 -> 0.084914217 | AY30: =+[3]Report1!AS35 -> 0.17772629 | AZ30: =+[3]Report1!AX35 -> 818.36193 | BA30: =+[3]Report1!AY35 -> 875.06479 | BB30: =+[3]Report1!BD35 -> 434.63149 | BC30: =+[3]Report1!BE35 -> 447.84328 | BD30: =+[3]Report1!BJ35 -> 2.510759 | BE30: =+[3]Report1!BK35 -> 3.2392618 | BF30: =+[4]Report1!J35 -> 0.95056341 | BG30: =+[4]Report1!K35 -> 0.93053969 | BH30: =+[4]Report1!AN35 -> 0.95056341 | BI30: =+[4]Report1!AO35 -> 0.93053969 | BJ30: =+[4]Report1!R35 -> 50.04 | BK30: =+[4]Report1!S35 -> 1341.899 | BL30: =+[4]Report1!AD35 -> 2.3441247 | BM30: =+[4]Report1!AE35 -> 2.4510041 | BN30: 0 | BO30: 0 | BP30: =+[4]Report1!AJ35 -> 987.67445 | BQ30: =+[4]Report1!AK35 -> 921.83782 | BR30: 0 | BS30: 0 | BT30: =+[5]Report1!J35 -> 0.84750799 | BU30: =+[5]Report1!K35 -> 0.85912347 | BV30: =+[5]Report1!BA35 -> 0.84750799 | BW30: =+[5]Report1!BB35 -> 0.87156353 | BX30: =+[5]Report1!R35 -> 40.357 | BY30: =+[5]Report1!S35 -> 1157.904 | BZ30: =+[5]Report1!X35 -> 104.2186 | CA30: =+[5]Report1!Y35 -> 90.403241 | CB30: =+[5]Report1!AD35 -> 2.4927522 | CC30: =+[5]Report1!AE35 -> 2.1890416 | CD30: =+[5]Report1!AJ35 -> 0 | CE30: =+[5]Report1!AK35 -> 0.035667896 | CF30: =+[5]Report1!AP35 -> 1056.8662 | CG30: =+[5]Report1!AQ35 -> 1020.6326 | CH30: =+[5]Report1!AV35 -> 0 | CI30: =+[5]Report1!AW35 -> 87.51493
A31: =1+A30 -> 46019 | B31: =+Report1!J36 -> 0.98046323 | C31: =+Report1!K36 -> 0.88032087 | D31: =+Report1!AJ36 -> 0.98046323 | E31: =+Report1!AK36 -> 0.88130563 | F31: =+Report1!R36 -> 67.025 | G31: =+Report1!S36 -> 1741.531 | H31: =+Report1!X36 -> 2.1153749 | I31: =+Report1!Y36 -> 2.2368784 | J31: =+Report1!AD36 -> 870.71481 | K31: =+Report1!AE36 -> 871.79808 | L31: =+[1]Report1!J36 -> 0.95027087 | M31: =+[1]Report1!K36 -> 0.86148807 | N31: =+[1]Report1!BJ36 -> 0.95027087 | O31: =+[1]Report1!BK36 -> 0.8930432 | P31: =+[1]Report1!R36 -> 70.377 | Q31: =+[1]Report1!S36 -> 1613.847 | R31: =+[1]Report1!AL36 -> 1.548162 | S31: =+[1]Report1!AM36 -> 2.0199876 | T31: =+[1]Report1!AR36 -> 0.099464314 | U31: =+[1]Report1!AS36 -> 0.1783885 | V31: =+[1]Report1!AX36 -> 480.98228 | W31: =+[1]Report1!AY36 -> 580.12666 | X31: =+[1]Report1!BD36 -> 597.79189 | Y31: =+[1]Report1!BE36 -> 499.34626 | Z31: =+[2]Report1!J36 -> 0.88688931 | AA31: =+[2]Report1!K36 -> 0.88469897 | AB31: =+[2]Report1!BC36 -> 0.88688931 | AC31: =+[2]Report1!BD36 -> 0.88469897 | AD31: =+[2]Report1!R36 -> 39.214 | AE31: =+[2]Report1!S36 -> 1068.746 | AF31: =+[2]Report1!X36 -> 143.50991 | AG31: =+[2]Report1!Y36 -> 130.66683 | AH31: =+[2]Report1!AD36 -> 1.3439078 | AI31: =+[2]Report1!AE36 -> 1.3407302 | AJ31: =+[2]Report1!AJ36 -> 1006.5196 | AK31: =+[2]Report1!AK36 -> 991.70746 | AL31: =+[6]Report1!AP36 -> 0 | AM31: =+[6]Report1!AQ36 -> 0 | AN31: =+[3]Report1!J36 -> 0.97389647 | AO31: =+[3]Report1!K36 -> 0.88881755 | AP31: =+[3]Report1!BN36 -> 0.97389647 | AQ31: =+[3]Report1!BO36 -> 0.88881755 | AR31: =+[3]Report1!R36 -> 52.532 | AS31: =+[3]Report1!S36 -> 1325.322 | AT31: =+[3]Report1!AF36 -> 99.169505 | AU31: =+[3]Report1!AG36 -> 101.59813 | AV31: =+[3]Report1!AL36 -> 1.2754131 | AW31: =+[3]Report1!AM36 -> 1.3916618 | AX31: =+[3]Report1!AR36 -> 0.098987284 | AY31: =+[3]Report1!AS36 -> 0.1746053 | AZ31: =+[3]Report1!AX36 -> 804.64593 | BA31: =+[3]Report1!AY36 -> 872.27359 | BB31: =+[3]Report1!BD36 -> 276.99688 | BC31: =+[3]Report1!BE36 -> 441.07142 | BD31: =+[3]Report1!BJ36 -> 3.2342191 | BE31: =+[3]Report1!BK36 -> 3.2390619 | BF31: =+[4]Report1!J36 -> 0.93341554 | BG31: =+[4]Report1!K36 -> 0.93063742 | BH31: =+[4]Report1!AN36 -> 0.93341554 | BI31: =+[4]Report1!AO36 -> 0.93063742 | BJ31: =+[4]Report1!R36 -> 47.352 | BK31: =+[4]Report1!S36 -> 1389.251 | BL31: =+[4]Report1!AD36 -> 2.4961987 | BM31: =+[4]Report1!AE36 -> 2.4525446 | BN31: 0 | BO31: 0 | BP31: =+[4]Report1!AJ36 -> 1132.2956 | BQ31: =+[4]Report1!AK36 -> 929.01118 | BR31: 0 | BS31: 0 | BT31: =+[5]Report1!J36 -> 0.99501161 | BU31: =+[5]Report1!K36 -> 0.86362067 | BV31: =+[5]Report1!BA36 -> 0.99501161 | BW31: =+[5]Report1!BB36 -> 0.87570621 | BX31: =+[5]Report1!R36 -> 45.901 | BY31: =+[5]Report1!S36 -> 1203.805 | BZ31: =+[5]Report1!X36 -> 97.009432 | CA31: =+[5]Report1!Y36 -> 90.655135 | CB31: =+[5]Report1!AD36 -> 2.1633516 | CC31: =+[5]Report1!AE36 -> 2.188062 | CD31: =+[5]Report1!AJ36 -> 0 | CE31: =+[5]Report1!AK36 -> 0.034307882 | CF31: =+[5]Report1!AP36 -> 1009.1832 | CG31: =+[5]Report1!AQ36 -> 1020.1961 | CH31: =+[5]Report1!AV36 -> 0 | CI31: =+[5]Report1!AW36 -> 84.177991
A32: =1+A31 -> 46020 | B32: =+Report1!J37 -> 0.90890636 | C32: =+Report1!K37 -> 0.88133061 | D32: =+Report1!AJ37 -> 0.90890636 | E32: =+Report1!AK37 -> 0.88228164 | F32: =+Report1!R37 -> 65.84 | G32: =+Report1!S37 -> 1807.371 | H32: =+Report1!X37 -> 2.3532655 | I32: =+Report1!Y37 -> 2.2411182 | J32: =+Report1!AD37 -> 828.53888 | K32: =+Report1!AE37 -> 870.22221 | L32: =+[1]Report1!J37 -> 0.92274352 | M32: =+[1]Report1!K37 -> 0.86321313 | N32: =+[1]Report1!BJ37 -> 0.9622189 | O32: =+[1]Report1!BK37 -> 0.89498014 | P32: =+[1]Report1!R37 -> 50.091 | Q32: =+[1]Report1!S37 -> 1663.938 | R32: =+[1]Report1!AL37 -> 1.9789383 | S32: =+[1]Report1!AM37 -> 2.0187519 | T32: =+[1]Report1!AR37 -> 0.22159669 | U32: =+[1]Report1!AS37 -> 0.17968924 | V32: =+[1]Report1!AX37 -> 680.89876 | W32: =+[1]Report1!AY37 -> 583.16029 | X32: =+[1]Report1!BD37 -> 553.14328 | Y32: =+[1]Report1!BE37 -> 500.96576 | Z32: =+[2]Report1!J37 -> 0.92305602 | AA32: =+[2]Report1!K37 -> 0.88605212 | AB32: =+[2]Report1!BC37 -> 0.92305602 | AC32: =+[2]Report1!BD37 -> 0.88605212 | AD32: =+[2]Report1!R37 -> 40.776 | AE32: =+[2]Report1!S37 -> 1109.522 | AF32: =+[2]Report1!X37 -> 130.27415 | AG32: =+[2]Report1!Y37 -> 130.6524 | AH32: =+[2]Report1!AD37 -> 1.2973318 | AI32: =+[2]Report1!AE37 -> 1.3391352 | AJ32: =+[2]Report1!AJ37 -> 964.56249 | AK32: =+[2]Report1!AK37 -> 990.70986 | AL32: =+[6]Report1!AP37 -> 0 | AM32: =+[6]Report1!AQ37 -> 0 | AN32: =+[3]Report1!J37 -> 0.93959461 | AO32: =+[3]Report1!K37 -> 0.89056395 | AP32: =+[3]Report1!BN37 -> 0.93959461 | AQ32: =+[3]Report1!BO37 -> 0.89056395 | AR32: =+[3]Report1!R37 -> 49.903 | AS32: =+[3]Report1!S37 -> 1375.225 | AT32: =+[3]Report1!AF37 -> 100.0204 | AU32: =+[3]Report1!AG37 -> 101.54088 | AV32: =+[3]Report1!AL37 -> 1.3927018 | AW32: =+[3]Report1!AM37 -> 1.3916995 | AX32: =+[3]Report1!AR37 -> 0.11822936 | AY32: =+[3]Report1!AS37 -> 0.17255958 | AZ32: =+[3]Report1!AX37 -> 802.577 | BA32: =+[3]Report1!AY37 -> 869.7445 | BB32: =+[3]Report1!BD37 -> 389.54572 | BC32: =+[3]Report1!BE37 -> 439.2017 | BD32: =+[3]Report1!BJ37 -> 2.8074464 | BE32: =+[3]Report1!BK37 -> 3.2233998 | BF32: =+[4]Report1!J37 -> 0.92427298 | BG32: =+[4]Report1!K37 -> 0.93043553 | BH32: =+[4]Report1!AN37 -> 0.92427298 | BI32: =+[4]Report1!AO37 -> 0.93043553 | BJ32: =+[4]Report1!R37 -> 45.203 | BK32: =+[4]Report1!S37 -> 1434.454 | BL32: =+[4]Report1!AD37 -> 2.5662014 | BM32: =+[4]Report1!AE37 -> 2.4561262 | BN32: 0 | BO32: 0 | BP32: =+[4]Report1!AJ37 -> 1001.7251 | BQ32: =+[4]Report1!AK37 -> 931.30256 | BR32: 0 | BS32: 0 | BT32: =+[5]Report1!J37 -> 0.96241117 | BU32: =+[5]Report1!K37 -> 0.8668125 | BV32: =+[5]Report1!BA37 -> 0.96241117 | BW32: =+[5]Report1!BB37 -> 0.87854548 | BX32: =+[5]Report1!R37 -> 44.79 | BY32: =+[5]Report1!S37 -> 1248.595 | BZ32: =+[5]Report1!X37 -> 96.352387 | CA32: =+[5]Report1!Y37 -> 90.859509 | CB32: =+[5]Report1!AD37 -> 2.2036169 | CC32: =+[5]Report1!AE37 -> 2.18862 | CD32: =+[5]Report1!AJ37 -> 0 | CE32: =+[5]Report1!AK37 -> 0.033077179 | CF32: =+[5]Report1!AP37 -> 941.10338 | CG32: =+[5]Report1!AQ37 -> 1017.3588 | CH32: =+[5]Report1!AV37 -> 0 | CI32: =+[5]Report1!AW37 -> 81.158332
A33: =1+A32 -> 46021 | B33: =+Report1!J38 -> 1.0057023 | C33: =+Report1!K38 -> 0.88603218 | D33: =+Report1!AJ38 -> 1.0057023 | E33: =+Report1!AK38 -> 0.8869521 | F33: =+Report1!R38 -> 81.028 | G33: =+Report1!S38 -> 1888.399 | H33: =+Report1!X38 -> 2.0987436 | I33: =+Report1!Y38 -> 2.2350091 | J33: =+Report1!AD38 -> 666.67078 | K33: =+Report1!AE38 -> 861.48816 | L33: =+[1]Report1!J38 -> 0.97153987 | M33: =+[1]Report1!K38 -> 0.86617045 | N33: =+[1]Report1!BJ38 -> 0.97153987 | O33: =+[1]Report1!BK38 -> 0.89714496 | P33: =+[1]Report1!R38 -> 52.561 | Q33: =+[1]Report1!S38 -> 1716.499 | R33: =+[1]Report1!AL38 -> 2.0031392 | S33: =+[1]Report1!AM38 -> 2.0182738 | T33: =+[1]Report1!AR38 -> 0.24733167 | U33: =+[1]Report1!AS38 -> 0.18176052 | V33: =+[1]Report1!AX38 -> 668.93514 | W33: =+[1]Report1!AY38 -> 585.78681 | X33: =+[1]Report1!BD38 -> 465.47821 | Y33: =+[1]Report1!BE38 -> 499.87909 | Z33: =+[2]Report1!J38 -> 0.90385658 | AA33: =+[2]Report1!K38 -> 0.88664738 | AB33: =+[2]Report1!BC38 -> 0.90385658 | AC33: =+[2]Report1!BD38 -> 0.88664738 | AD33: =+[2]Report1!R38 -> 39.149 | AE33: =+[2]Report1!S38 -> 1148.671 | AF33: =+[2]Report1!X38 -> 137.46595 | AG33: =+[2]Report1!Y38 -> 130.88462 | AH33: =+[2]Report1!AD38 -> 1.3129326 | AI33: =+[2]Report1!AE38 -> 1.3382422 | AJ33: =+[2]Report1!AJ38 -> 970.36961 | AK33: =+[2]Report1!AK38 -> 990.01662 | AL33: =+[6]Report1!AP38 -> 0 | AM33: =+[6]Report1!AQ38 -> 0 | AN33: =+[3]Report1!J38 -> 0.86059861 | AO33: =+[3]Report1!K38 -> 0.88958978 | AP33: =+[3]Report1!BN38 -> 0.86059861 | AQ33: =+[3]Report1!BO38 -> 0.88958978 | AR33: =+[3]Report1!R38 -> 44.656 | AS33: =+[3]Report1!S38 -> 1419.881 | AT33: =+[3]Report1!AF38 -> 108.61021 | AU33: =+[3]Report1!AG38 -> 101.76321 | AV33: =+[3]Report1!AL38 -> 1.4578108 | AW33: =+[3]Report1!AM38 -> 1.3937788 | AX33: =+[3]Report1!AR38 -> 0.080616267 | AY33: =+[3]Report1!AS38 -> 0.16966791 | AZ33: =+[3]Report1!AX38 -> 935.1263 | BA33: =+[3]Report1!AY38 -> 871.80079 | BB33: =+[3]Report1!BD38 -> 624.3282 | BC33: =+[3]Report1!BE38 -> 445.02402 | BD33: =+[3]Report1!BJ38 -> 3.1373164 | BE33: =+[3]Report1!BK38 -> 3.2206924 | BF33: =+[4]Report1!J38 -> 0.92063883 | BG33: =+[4]Report1!K38 -> 0.93012187 | BH33: =+[4]Report1!AN38 -> 0.92063883 | BI33: =+[4]Report1!AO38 -> 0.93012187 | BJ33: =+[4]Report1!R38 -> 46.946 | BK33: =+[4]Report1!S38 -> 1481.4 | BL33: =+[4]Report1!AD38 -> 2.6136412 | BM33: =+[4]Report1!AE38 -> 2.4611179 | BN33: 0 | BO33: 0 | BP33: =+[4]Report1!AJ38 -> 948.43336 | BQ33: =+[4]Report1!AK38 -> 931.84544 | BR33: 0 | BS33: 0 | BT33: =+[5]Report1!J38 -> 0.91086258 | BU33: =+[5]Report1!K38 -> 0.86819394 | BV33: =+[5]Report1!BA38 -> 0.91086258 | BW33: =+[5]Report1!BB38 -> 0.87957225 | BX33: =+[5]Report1!R38 -> 42.479 | BY33: =+[5]Report1!S38 -> 1291.074 | BZ33: =+[5]Report1!X38 -> 102.55062 | CA33: =+[5]Report1!Y38 -> 91.24417 | CB33: =+[5]Report1!AD38 -> 2.3211469 | CC33: =+[5]Report1!AE38 -> 2.1929804 | CD33: =+[5]Report1!AJ38 -> 0 | CE33: =+[5]Report1!AK38 -> 0.031988871 | CF33: =+[5]Report1!AP38 -> 1048.3262 | CG33: =+[5]Report1!AQ38 -> 1018.3777 | CH33: =+[5]Report1!AV38 -> 0 | CI33: =+[5]Report1!AW38 -> 78.488055
A34: =1+A33 -> 46022 | B34: =+Report1!J39 -> 0.97402681 | C34: =+Report1!K39 -> 0.88892939 | D34: =+Report1!AJ39 -> 0.97402681 | E34: =+Report1!AK39 -> 0.8898219 | F34: =+Report1!R39 -> 70.677 | G34: =+Report1!S39 -> 1959.076 | H34: =+Report1!X39 -> 2.0090411 | I34: =+Report1!Y39 -> 2.2268569 | J34: =+Report1!AD39 -> 746.90097 | K34: =+Report1!AE39 -> 857.35423 | L34: =+[1]Report1!J39 -> 1.0004636 | M34: =+[1]Report1!K39 -> 0.8699491 | N34: =+[1]Report1!BJ39 -> 1.0004636 | O34: =+[1]Report1!BK39 -> 0.900153 | P34: =+[1]Report1!R39 -> 57.401 | Q34: =+[1]Report1!S39 -> 1773.9 | R34: =+[1]Report1!AL39 -> 1.8770405 | S34: =+[1]Report1!AM39 -> 2.0137037 | T34: =+[1]Report1!AR39 -> 0.23170328 | U34: =+[1]Report1!AS39 -> 0.1833766 | V34: =+[1]Report1!AX39 -> 606.60407 | W34: =+[1]Report1!AY39 -> 586.46043 | X34: =+[1]Report1!BD39 -> 508.33609 | Y34: =+[1]Report1!BE39 -> 500.15275 | Z34: =+[2]Report1!J39 -> 0.93457401 | AA34: =+[2]Report1!K39 -> 0.88818848 | AB34: =+[2]Report1!BC39 -> 0.93457401 | AC34: =+[2]Report1!BD39 -> 0.88818848 | AD34: =+[2]Report1!R39 -> 40.226 | AE34: =+[2]Report1!S39 -> 1188.897 | AF34: =+[2]Report1!X39 -> 130.96589 | AG34: =+[2]Report1!Y39 -> 130.88737 | AH34: =+[2]Report1!AD39 -> 1.255407 | AI34: =+[2]Report1!AE39 -> 1.3354395 | AJ34: =+[2]Report1!AJ39 -> 975.95386 | AK34: =+[2]Report1!AK39 -> 989.54081 | AL34: =+[6]Report1!AP39 -> 0 | AM34: =+[6]Report1!AQ39 -> 0 | AN34: =+[3]Report1!J39 -> 0.87172395 | AO34: =+[3]Report1!K39 -> 0.88900925 | AP34: =+[3]Report1!BN39 -> 0.87172395 | AQ34: =+[3]Report1!BO39 -> 0.88900925 | AR34: =+[3]Report1!R39 -> 46.729 | AS34: =+[3]Report1!S39 -> 1466.61 | AT34: =+[3]Report1!AF39 -> 111.11292 | AU34: =+[3]Report1!AG39 -> 102.06111 | AV34: =+[3]Report1!AL39 -> 1.4188191 | AW34: =+[3]Report1!AM39 -> 1.3945766 | AX34: =+[3]Report1!AR39 -> 0.096299942 | AY34: =+[3]Report1!AS39 -> 0.16733027 | AZ34: =+[3]Report1!AX39 -> 838.21011 | BA34: =+[3]Report1!AY39 -> 870.73053 | BB34: =+[3]Report1!BD39 -> 541.84767 | BC34: =+[3]Report1!BE39 -> 448.10901 | BD34: =+[3]Report1!BJ39 -> 2.9917182 | BE34: =+[3]Report1!BK39 -> 3.2133969 | BF34: =+[4]Report1!J39 -> 0.97243622 | BG34: =+[4]Report1!K39 -> 0.93153026 | BH34: =+[4]Report1!AN39 -> 0.97243622 | BI34: =+[4]Report1!AO39 -> 0.93153026 | BJ34: =+[4]Report1!R39 -> 53.325 | BK34: =+[4]Report1!S39 -> 1534.725 | BL34: =+[4]Report1!AD39 -> 2.4491327 | BM34: =+[4]Report1!AE39 -> 2.4607014 | BN34: 0 | BO34: 0 | BP34: =+[4]Report1!AJ39 -> 782.71617 | BQ34: =+[4]Report1!AK39 -> 926.66385 | BR34: 0 | BS34: 0 | BT34: =+[5]Report1!J39 -> 0.90804973 | BU34: =+[5]Report1!K39 -> 0.86938797 | BV34: =+[5]Report1!BA39 -> 0.90804973 | BW34: =+[5]Report1!BB39 -> 0.88043624 | BX34: =+[5]Report1!R39 -> 41.704 | BY34: =+[5]Report1!S39 -> 1332.778 | BZ34: =+[5]Report1!X39 -> 99.740327 | CA34: =+[5]Report1!Y39 -> 91.510024 | CB34: =+[5]Report1!AD39 -> 2.3522923 | CC34: =+[5]Report1!AE39 -> 2.1979655 | CD34: =+[5]Report1!AJ39 -> 0 | CE34: =+[5]Report1!AK39 -> 0.030987906 | CF34: =+[5]Report1!AP39 -> 1270.3295 | CG34: =+[5]Report1!AQ39 -> 1026.2616 | CH34: =+[5]Report1!AV39 -> 0 | CI34: =+[5]Report1!AW39 -> 76.032083
A36: Desember | B36: =+C34 -> 0.88892939 | D36: =+E34 -> 0.8898219 | F36: =+G34 -> 1959.076 | H36: =+I34 -> 2.2268569 | J36: =+K34 -> 857.35423 | L36: =+M34 -> 0.8699491 | N36: =+O34 -> 0.900153 | P36: =+Q34 -> 1773.9 | R36: =+S34 -> 2.0137037 | T36: =+U34 -> 0.1833766 | V36: =+W34 -> 586.46043 | X36: =+Y34 -> 500.15275 | Z36: =+AA34 -> 0.88818848 | AB36: =+AC34 -> 0.88818848 | AD36: =+AE34 -> 1188.897 | AF36: =+AG34 -> 130.88737 | AH36: =+AI34 -> 1.3354395 | AJ36: =+AK34 -> 989.54081 | AL36: =+AM34 -> 0 | AN36: =+AO34 -> 0.88900925 | AP36: =+AQ34 -> 0.88900925 | AR36: =+AS34 -> 1466.61 | AT36: =+AU34 -> 102.06111 | AV36: =+AW34 -> 1.3945766 | AX36: =+AY34 -> 0.16733027 | AZ36: =+BA34 -> 870.73053 | BB36: =+BC34 -> 448.10901 | BD36: =+BE34 -> 3.2133969 | BF36: =+BG34 -> 0.93153026 | BH36: =+BI34 -> 0.93153026 | BJ36: =+BK34 -> 1534.725 | BL36: =+BM34 -> 2.4607014 | BN36: =+BO34 -> 0 | BP36: =+BQ34 -> 926.66385 | BR36: =+BS34 -> 0 | BT36: =+BU34 -> 0.86938797 | BV36: =+BW34 -> 0.88043624 | BX36: =+BY34 -> 1332.778 | BZ36: =+CA34 -> 91.510024 | CB36: =+CC34 -> 2.1979655 | CD36: =+CE34 -> 0.030987906 | CF36: =+CG34 -> 1026.2616 | CH36: =+CI34 -> 76.032083 | CJ36: =+CK34 -> 0
A37: 45962 | B37: 1.0026126 | C37: 1.0026126 | D37: 1.0026126 | E37: 1.0026126 | F37: 59.673 | G37: 59.673 | H37: 2.5626665 | I37: 2.5626665 | J37: 851.52917 | K37: 851.52917 | L37: 0.82240431 | M37: 0.82240431 | N37: 0.82240431 | O37: 0.82240431 | P37: 43.186 | Q37: 43.186 | R37: 2.951952 | S37: 2.951952 | T37: 0.29639235 | U37: 0.29639235 | V37: 738.69425 | W37: 738.69425 | X37: 478.95151 | Y37: 478.95151 | Z37: 0 | AA37: 0 | AB37: #DIV/0! | AC37: #DIV/0! | AD37: 0 | AE37: 0 | AF37: 0 | AG37: 0 | AH37: 0 | AI37: 0 | AJ37: 0 | AK37: 0 | AN37: 0.72220006 | AO37: 0.72220006 | AP37: 0.72220006 | AQ37: 0.72220006 | AR37: 39.835 | AS37: 39.835 | AT37: 121.34644 | AU37: 121.34644 | AV37: 1.5790134 | AW37: 1.5790134 | AX37: 0.19831806 | AY37: 0.19831806 | AZ37: 913.5509 | BA37: 913.5509 | BB37: 563.5868 | BC37: 563.5868 | BD37: 7.8323083 | BE37: 7.8323083 | BF37: 0.94810264 | BG37: 0.94810264 | BH37: 0.94810264 | BI37: 0.94810264 | BJ37: 51.744 | BK37: 51.744 | BL37: 2.6611781 | BM37: 2.6611781 | BN37: 0 | BO37: 0 | BP37: 964.39394 | BQ37: 964.39394 | BR37: 0 | BS37: 0 | BT37: 0.81787214 | BU37: 0.81787214 | BV37: 0.81787214 | BW37: 0.81787214 | BX37: 42.733 | BY37: 42.733 | BZ37: 76.829728 | CA37: 76.829728 | CB37: 2.0195165 | CC37: 2.0195165 | CD37: 0.17082817 | CE37: 0.17082817 | CF37: 545.97852 | CG37: 545.97852 | CH37: 484.95355 | CI37: 484.95355
A38: 45963 | B38: 0.85910239 | C38: 0.9235392 | D38: 0.85910239 | E38: 0.9235392 | F38: 62.746 | G38: 122.419 | H38: 2.524384 | I38: 2.5430448 | J38: 938.61696 | K38: 896.16612 | L38: 0.92430698 | M38: 0.87307588 | N38: 0.92430698 | O38: 0.87307588 | P38: 48.007 | Q38: 91.193 | R38: 2.6909617 | S38: 2.8145581 | T38: 0.28329202 | U38: 0.2894959 | V38: 917.99717 | W38: 833.08521 | X38: 463.43242 | Y38: 470.78175 | Z38: 0 | AA38: 0 | AB38: #DIV/0! | AC38: #DIV/0! | AD38: 0 | AE38: 0 | AF38: 0 | AG38: 0 | AH38: 0 | AI38: 0 | AJ38: 0 | AK38: 0 | AN38: 0.89075191 | AO38: 0.80644943 | AP38: 0.89075191 | AQ38: 0.80644943 | AR38: 49.101 | AS38: 88.936 | AT38: 117.27096 | AU38: 119.09639 | AV38: 1.3808273 | AW38: 1.4695961 | AX38: 0.22199141 | AY38: 0.21138796 | AZ38: 910.49999 | BA38: 911.86651 | BB38: 490.00428 | BC38: 522.96235 | BD38: 4.6434899 | BE38: 6.071782 | BF38: 1.0570738 | BG38: 1.0034081 | BH38: 1.0570738 | BI38: 1.0034081 | BJ38: 59.454 | BK38: 111.198 | BL38: 2.274027 | BM38: 2.4541808 | BN38: 0 | BO38: 0 | BP38: 785.31167 | BQ38: 868.6444 | BR38: 0 | BS38: 0 | BT38: 0.49042025 | BU38: 0.65390364 | BV38: 0.49042025 | BW38: 0.65390364 | BX38: 25.7 | BY38: 68.433 | BZ38: 113.76959 | CA38: 90.702487 | CB38: 2.8754864 | CC38: 2.3409758 | CD38: 0.31128405 | CE38: 0.22357634 | CF38: 789.74553 | CG38: 637.52517 | CH38: 706.23735 | CI38: 568.05664
A39: 45964 | B39: 0.87121678 | C39: 0.90458062 | D39: 0.87121678 | E39: 0.90458062 | F39: 65.622 | G39: 188.041 | H39: 2.545503 | I39: 2.5439027 | J39: 748.89123 | K39: 844.77056 | L39: 0.93399154 | M39: 0.89330664 | N39: 0.93399154 | O39: 0.89330664 | P39: 48.51 | Q39: 139.703 | R39: 2.828757 | S39: 2.8194885 | T39: 0.23088023 | U39: 0.26914239 | V39: 701.37724 | W39: 787.35138 | X39: 403.25706 | Y39: 447.3347 | Z39: 0 | AA39: 0 | AB39: #DIV/0! | AC39: #DIV/0! | AD39: 0 | AE39: 0 | AF39: 0 | AG39: 0 | AH39: 0 | AI39: 0 | AJ39: 0 | AK39: 0 | AN39: 0.88021328 | AO39: 0.83089635 | AP39: 0.88021328 | AQ39: 0.83089635 | AR39: 48.119 | AS39: 137.055 | AT39: 117.98356 | AU39: 118.70568 | AV39: 1.433945 | AW39: 1.4570793 | AX39: 0.20573994 | AY39: 0.20940498 | AZ39: 886.83763 | BA39: 903.07906 | BB39: 434.52275 | BC39: 491.91186 | BD39: 6.0080218 | BE39: 6.0493962 | BF39: 0.1459648 | BG39: 0.73265598 | BH39: 0.1459648 | BI39: 0.73265598 | BJ39: 7.465 | BK39: 118.663 | BL39: 7.809779 | BM39: 2.7910975 | BN39: 0 | BO39: 0 | BP39: 3258.0147 | BQ39: 1018.9579 | BR39: 0 | BS39: 0 | BT39: 0.79433838 | BU39: 0.70073327 | BV39: 0.79433838 | BW39: 0.70073327 | BX39: 41.589 | BY39: 110.022 | BZ39: 82.4677 | CA39: 87.589686 | CB39: 2.1135396 | CC39: 2.2550035 | CD39: 0.19476304 | CE39: 0.21268474 | CF39: 578.43997 | CG39: 615.1906 | CH39: 411.33954 | CI39: 508.8166
A40: 45965 | B40: 0.79021127 | C40: 0.87411367 | D40: 0.79021127 | E40: 0.87411367 | F40: 59.649 | G40: 247.69 | H40: 2.4652048 | I40: 2.5249505 | J40: 889.73394 | K40: 855.59869 | L40: 0.9080377 | M40: 0.89697926 | N40: 0.9080377 | O40: 0.89697926 | P40: 47.162 | Q40: 186.865 | R40: 2.9437047 | S40: 2.8508388 | T40: 0.32229337 | U40: 0.28255693 | V40: 793.87664 | W40: 788.99826 | X40: 507.8241 | Y40: 462.60134 | Z40: 0 | AA40: 0 | AB40: #DIV/0! | AC40: #DIV/0! | AD40: 0 | AE40: 0 | AF40: 0 | AG40: 0 | AH40: 0 | AI40: 0 | AJ40: 0 | AK40: 0 | AN40: 0.92179422 | AO40: 0.85357949 | AP40: 0.92179422 | AQ40: 0.85357949 | AR40: 50.56 | AS40: 187.615 | AT40: 114.65588 | AU40: 117.61431 | AV40: 1.3548259 | AW40: 1.4295232 | AX40: 0.21954114 | AY40: 0.21213656 | AZ40: 793.34929 | BA40: 873.50819 | BB40: 505.15823 | BC40: 495.4816 | BD40: 6.3884494 | BE40: 6.140767 | BF40: 0.84422829 | BG40: 0.7598969 | BH40: 0.84422829 | BI40: 0.7598969 | BJ40: 44.168 | BK40: 162.831 | BL40: 3.1583952 | BM40: 2.8907272 | BN40: 0 | BO40: 0 | BP40: 1129.8288 | BQ40: 1049.0317 | BR40: 0 | BS40: 0 | BT40: 0.87173046 | BU40: 0.74349493 | BV40: 0.87173046 | BW40: 0.74349493 | BX40: 45.641 | BY40: 155.663 | BZ40: 89.305637 | CA40: 88.09281 | CB40: 2.2085406 | CC40: 2.2413804 | CD40: 0.23005631 | CE40: 0.21777815 | CF40: 599.87161 | CG40: 610.69901 | CH40: 537.65693 | CI40: 517.2727
A41: 45966 | B41: 0.90111446 | C41: 0.87891146 | D41: 0.90111446 | E41: 0.87891146 | F41: 55.176 | G41: 302.866 | H41: 2.0944795 | I41: 2.4465275 | J41: 948.13977 | K41: 872.45779 | L41: 0.85890254 | M41: 0.8893807 | N41: 0.85890254 | O41: 0.8893807 | P41: 44.61 | Q41: 231.475 | R41: 3.1728312 | S41: 2.9128934 | T41: 0.34073078 | U41: 0.29376823 | V41: 943.2087 | W41: 818.71779 | X41: 519.99552 | Y41: 473.66238 | Z41: 0 | AA41: 0 | AB41: #DIV/0! | AC41: #DIV/0! | AD41: 0 | AE41: 0 | AF41: 0 | AG41: 0 | AH41: 0 | AI41: 0 | AJ41: 0 | AK41: 0 | AN41: 0.54867609 | AO41: 0.79449769 | AP41: 0.54867609 | AQ41: 0.79449769 | AR41: 28.985 | AS41: 216.6 | AT41: 113.30277 | AU41: 117.03735 | AV41: 1.5732275 | AW41: 1.4487535 | AX41: 0.20700362 | AY41: 0.21144968 | AZ41: 903.38313 | BA41: 877.506 | BB41: 479.6984 | BC41: 493.36952 | BD41: 7.4383302 | BE41: 6.3144044 | BF41: 0.90952181 | BG41: 0.78934378 | BH41: 0.90952181 | BI41: 0.78934378 | BJ41: 47.754 | BK41: 210.585 | BL41: 2.8186121 | BM41: 2.8743738 | BN41: 0 | BO41: 0 | BP41: 1148.7565 | BQ41: 1071.6461 | BR41: 0 | BS41: 0 | BT41: 0.76888628 | BU41: 0.74857272 | BV41: 0.76888628 | BW41: 0.74857272 | BX41: 40.24 | BY41: 195.903 | BZ41: 89.461216 | CA41: 88.373891 | CB41: 2.1148111 | CC41: 2.2153821 | CD41: 0.20626243 | CE41: 0.21541273 | CF41: 626.35586 | CG41: 613.91505 | CH41: 477.1581 | CI41: 509.03285
A42: 45967 | B42: 0.74072482 | C42: 0.85845427 | D42: 0.74072482 | E42: 0.85845427 | F42: 44.353 | G42: 347.219 | H42: 2.6279395 | I42: 2.4697007 | J42: 1178.3442 | K42: 911.53105 | L42: 0.90230013 | M42: 0.89152998 | N42: 0.90230013 | O42: 0.89152998 | P42: 46.864 | Q42: 278.339 | R42: 3.0861002 | S42: 2.9420563 | T42: 0.30727211 | U42: 0.29604188 | V42: 795.12952 | W42: 814.74623 | X42: 453.6958 | Y42: 470.3006 | Z42: 0 | AA42: 0 | AB42: #DIV/0! | AC42: #DIV/0! | AD42: 0 | AE42: 0 | AF42: 0 | AG42: 0 | AH42: 0 | AI42: 0 | AJ42: 0 | AK42: 0 | AN42: 1.0051395 | AO42: 0.83030316 | AP42: 1.0051395 | AQ42: 0.83030316 | AR42: 56.119 | AS42: 272.719 | AT42: 98.465119 | AU42: 113.21563 | AV42: 1.2598229 | AW42: 1.4098761 | AX42: 0.19601205 | AY42: 0.20827298 | AZ42: 641.37102 | BA42: 828.91511 | BB42: 474.30521 | BC42: 489.44654 | BD42: 5.3778578 | BE42: 6.1216857 | BF42: 0.84156916 | BG42: 0.79786803 | BH42: 0.84156916 | BI42: 0.79786803 | BJ42: 43.794 | BK42: 254.379 | BL42: 3.1282824 | BM42: 2.9180868 | BN42: 0 | BO42: 0 | BP42: 1183.6895 | BQ42: 1090.9356 | BR42: 0 | BS42: 0 | BT42: 0.70487072 | BU42: 0.74129155 | BV42: 0.70487072 | BW42: 0.74129155 | BX42: 36.878 | BY42: 232.781 | BZ42: 108.58062 | CA42: 91.575113 | CB42: 2.5245404 | CC42: 2.2643601 | CD42: 0.21421986 | CE42: 0.21522375 | CF42: 664.97912 | CG42: 622.0048 | CH42: 522.663 | CI42: 511.19218
A43: 45968 | B43: 0.78018144 | C43: 0.84799102 | D43: 0.78018144 | E43: 0.84799102 | F43: 48.692 | G43: 395.911 | H43: 2.4436458 | I43: 2.4664963 | J43: 1044.8554 | K43: 927.92825 | L43: 0.90688638 | M43: 0.8937179 | N43: 0.90688638 | O43: 0.8937179 | P43: 47.042 | Q43: 325.381 | R43: 2.674206 | S43: 2.9033318 | T43: 0.27209727 | U43: 0.29258008 | V43: 726.13941 | W43: 801.93588 | X43: 396.26291 | Y43: 459.5966 | Z43: 0 | AA43: 0 | AB43: #DIV/0! | AC43: #DIV/0! | AD43: 0 | AE43: 0 | AF43: 0 | AG43: 0 | AH43: 0 | AI43: 0 | AJ43: 0 | AK43: 0 | AN43: 0.95309108 | AO43: 0.84912389 | AP43: 0.95309108 | AQ43: 0.84912389 | AR43: 56.67 | AS43: 329.389 | AT43: 99.362511 | AU43: 110.83226 | AV43: 1.166402 | AW43: 1.3679874 | AX43: 0.19057702 | AY43: 0.20522847 | AZ43: 660.77466 | BA43: 799.98725 | BB43: 468.73063 | BC43: 485.88246 | BD43: 5.7702488 | BE43: 6.0612224 | BF43: 0.89504879 | BG43: 0.81150422 | BH43: 0.89504879 | BI43: 0.81150422 | BJ43: 46.577 | BK43: 300.956 | BL43: 2.928484 | BM43: 2.9196959 | BN43: 0 | BO43: 0 | BP43: 1096.728 | BQ43: 1091.832 | BR43: 0 | BS43: 0 | BT43: 0.76548655 | BU43: 0.74474324 | BV43: 0.76548655 | BW43: 0.74474324 | BX43: 39.999 | BY43: 272.78 | BZ43: 108.05586 | CA43: 93.991762 | CB43: 2.4725618 | CC43: 2.2948897 | CD43: 0.22500563 | CE43: 0.21665811 | CF43: 671.16928 | CG43: 629.21402 | CH43: 543.34696 | CI43: 515.90719
A44: 45969 | B44: 0.83272761 | C44: 0.84632166 | D44: 0.83272761 | E44: 0.84632166 | F44: 47.743 | G44: 443.654 | H44: 2.3708816 | I44: 2.4562069 | J44: 1165.9339 | K44: 953.54078 | L44: 0.82066148 | M44: 0.88447993 | N44: 0.82066148 | O44: 0.88447993 | P44: 43.25 | Q44: 368.631 | R44: 3.0312139 | S44: 2.9183357 | T44: 0.33294798 | U44: 0.29731629 | V44: 917.47445 | W44: 815.49156 | X44: 569.89595 | Y44: 472.53758 | Z44: 0 | AA44: 0 | AB44: #DIV/0! | AC44: #DIV/0! | AD44: 0 | AE44: 0 | AF44: 0 | AG44: 0 | AH44: 0 | AI44: 0 | AJ44: 0 | AK44: 0 | AN44: 0.97811113 | AO44: 0.86452548 | AP44: 0.97811113 | AQ44: 0.86452548 | AR44: 51.448 | AS44: 380.837 | AT44: 111.50919 | AU44: 110.92371 | AV44: 1.294511 | AW44: 1.3580613 | AX44: 0.20214586 | AY44: 0.20481203 | AZ44: 800.90927 | BA44: 800.11181 | BB44: 542.95022 | BC44: 493.59185 | BD44: 5.7747629 | BE44: 6.0225241 | BF44: 1.0624655 | BG44: 0.84366601 | BH44: 1.0624655 | BI44: 0.84366601 | BJ44: 57.919 | BK44: 358.875 | BL44: 2.3791847 | BM44: 2.8324626 | BN44: 0 | BO44: 0 | BP44: 976.85319 | BQ44: 1073.2755 | BR44: 0 | BS44: 0 | BT44: 0.69176022 | BU44: 0.738118 | BV44: 0.69176022 | BW44: 0.738118 | BX44: 36.211 | BY44: 308.991 | BZ44: 117.61828 | CA44: 96.76058 | CB44: 2.7477838 | CC44: 2.3479648 | CD44: 0.25958963 | CE44: 0.2216893 | CF44: 811.77488 | CG44: 650.60853 | CH44: 684.08486 | CI44: 535.61612
A45: 45970 | B45: 0.89529502 | C45: 0.85130038 | D45: 0.89529502 | E45: 0.85130038 | F45: 53.112 | G45: 496.766 | H45: 2.2054526 | I45: 2.4293973 | J45: 1048.0611 | K45: 963.64647 | L45: 0.77458077 | M45: 0.87142031 | N45: 0.77458077 | O45: 0.87142031 | P45: 43.536 | Q45: 412.167 | R45: 2.9492834 | S45: 2.9216046 | T45: 0.34913635 | U45: 0.30278989 | V45: 848.95098 | W45: 819.02578 | X45: 555.21867 | Y45: 481.27094 | Z45: 0 | AA45: 0 | AB45: #DIV/0! | AC45: #DIV/0! | AD45: 0 | AE45: 0 | AF45: 0 | AG45: 0 | AH45: 0 | AI45: 0 | AJ45: 0 | AK45: 0 | AN45: 0.94802685 | AO45: 0.87351675 | AP45: 0.94802685 | AQ45: 0.87351675 | AR45: 50.395 | AS45: 431.232 | AT45: 102.75839 | AU45: 109.96948 | AV45: 1.3056851 | AW45: 1.3519405 | AX45: 0.21430697 | AY45: 0.20592164 | AZ45: 783.10586 | BA45: 798.12444 | BB45: 497.68231 | BC45: 494.06987 | BD45: 5.8815359 | BE45: 6.0060478 | BF45: 0.96859019 | BG45: 0.85823173 | BH45: 0.96859019 | BI45: 0.85823173 | BJ45: 54.38 | BK45: 413.255 | BL45: 2.5468922 | BM45: 2.7948845 | BN45: 0 | BO45: 0 | BP45: 1007.3895 | BQ45: 1064.6056 | BR45: 0 | BS45: 0 | BT45: 0.97367385 | BU45: 0.76430278 | BV45: 0.97367385 | BW45: 0.76430278 | BX45: 50.976 | BY45: 359.967 | BZ45: 73.534432 | CA45: 93.471455 | CB45: 1.9911331 | CC45: 2.2974328 | CD45: 0.21186441 | CE45: 0.22029797 | CF45: 576.63646 | CG45: 640.13312 | CH45: 492.00997 | CI45: 529.44092
A46: 45971 | B46: 0.81277099 | C46: 0.84807128 | D46: 0.81277099 | E46: 0.84807128 | F46: 43.385 | G46: 540.151 | H46: 2.7495909 | I46: 2.4551153 | J46: 1237.0381 | K46: 985.60532 | L46: 0.91681192 | M46: 0.87633816 | N46: 0.91681192 | O46: 0.87633816 | P46: 52.69 | Q46: 464.857 | R46: 2.4767508 | S46: 2.8711819 | T46: 0.25811349 | U46: 0.29772597 | V46: 719.80547 | W46: 807.77949 | X46: 444.10704 | Y46: 477.05854 | Z46: 0 | AA46: 0 | AB46: #DIV/0! | AC46: #DIV/0! | AD46: 0 | AE46: 0 | AF46: 0 | AG46: 0 | AH46: 0 | AI46: 0 | AJ46: 0 | AK46: 0 | AN46: 0.92780652 | AO46: 0.87897349 | AP46: 0.92780652 | AQ46: 0.87897349 | AR46: 51.182 | AS46: 482.414 | AT46: 118.34687 | AU46: 110.85829 | AV46: 1.287562 | AW46: 1.3451102 | AX46: 0.18756594 | AY46: 0.20397418 | AZ46: 828.00399 | BA46: 801.29453 | BB46: 487.46044 | BC46: 493.36864 | BD46: 6.0587707 | BE46: 6.0116415 | BF46: 0.95766095 | BG46: 0.86817834 | BH46: 0.95766095 | BI46: 0.86817834 | BJ46: 51.258 | BK46: 464.513 | BL46: 2.6590971 | BM46: 2.7799007 | BN46: 0 | BO46: 0 | BP46: 967.41582 | BQ46: 1053.8809 | BR46: 0 | BS46: 0 | BT46: 0.88840863 | BU46: 0.77671844 | BV46: 0.88840863 | BW46: 0.77671844 | BX46: 46.512 | BY46: 406.479 | BZ46: 81.565415 | CA46: 92.109088 | CB46: 2.1327829 | CC46: 2.2785925 | CD46: 0.1999484 | CE46: 0.21796944 | CF46: 583.05169 | CG46: 633.60149 | CH46: 515.36808 | CI46: 527.83061
A47: 45972 | B47: 0.97658628 | C47: 0.85786919 | D47: 0.97658628 | E47: 0.85786919 | F47: 51.335 | G47: 591.486 | H47: 2.3833837 | I47: 2.4488897 | J47: 1060.8563 | K47: 992.13635 | L47: 0.88547432 | M47: 0.87723124 | N47: 0.88547432 | O47: 0.87723124 | P47: 50.889 | Q47: 515.746 | R47: 2.6532256 | S47: 2.849676 | T47: 0.28296881 | U47: 0.29626987 | V47: 753.9879 | W47: 802.47184 | X47: 453.65403 | Y47: 474.7492 | Z47: 0 | AA47: 0 | AB47: #DIV/0! | AC47: #DIV/0! | AD47: 0 | AE47: 0 | AF47: 0 | AG47: 0 | AH47: 0 | AI47: 0 | AJ47: 0 | AK47: 0 | AN47: 0.91821702 | AO47: 0.88255767 | AP47: 0.91821702 | AQ47: 0.88255767 | AR47: 50.653 | AS47: 533.067 | AT47: 108.98568 | AU47: 110.68035 | AV47: 1.3799775 | AW47: 1.3484234 | AX47: 0.19347324 | AY47: 0.20297636 | AZ47: 868.24196 | BA47: 807.656 | BB47: 453.75397 | BC47: 489.60438 | BD47: 6.7103627 | BE47: 6.0780352 | BF47: 0.89560871 | BG47: 0.87060047 | BH47: 0.89560871 | BI47: 0.87060047 | BJ47: 46.411 | BK47: 510.924 | BL47: 2.7708948 | BM47: 2.7790826 | BN47: 0 | BO47: 0 | BP47: 1143.6539 | BQ47: 1062.0357 | BR47: 0 | BS47: 0 | BT47: 0.91980834 | BU47: 0.78984708 | BV47: 0.91980834 | BW47: 0.78984708 | BX47: 48.627 | BY47: 455.106 | BZ47: 77.519659 | CA47: 90.550242 | CB47: 2.0790919 | CC47: 2.2572763 | CD47: 0.18713883 | CE47: 0.21467526 | CF47: 591.21599 | CG47: 629.0727 | CH47: 436.30082 | CI47: 518.05087
A48: 45973 | B48: 0.84842956 | C48: 0.85714462 | D48: 0.84842956 | E48: 0.85714462 | F48: 48.635 | G48: 640.121 | H48: 2.5156986 | I48: 2.4539657 | J48: 1129.0017 | K48: 1002.5351 | L48: 0.88916362 | M48: 0.87832426 | N48: 0.88916362 | O48: 0.87832426 | P48: 52.714 | Q48: 568.46 | R48: 2.6122852 | S48: 2.8276625 | T48: 0.25799598 | U48: 0.29272068 | V48: 759.11333 | W48: 798.45115 | X48: 419.03479 | Y48: 469.58273 | Z48: 0 | AA48: 0 | AB48: #DIV/0! | AC48: #DIV/0! | AD48: 0 | AE48: 0 | AF48: 0 | AG48: 0 | AH48: 0 | AI48: 0 | AJ48: 0 | AK48: 0 | AN48: 0.8906087 | AO48: 0.88323144 | AP48: 0.8906087 | AQ48: 0.88323144 | AR48: 49.13 | AS48: 582.197 | AT48: 105.90074 | AU48: 110.27701 | AV48: 1.457358 | AW48: 1.3576161 | AX48: 0.1750458 | AY48: 0.20061938 | AZ48: 873.34012 | BA48: 813.1989 | BB48: 479.5115 | BC48: 488.75267 | BD48: 6.9224506 | BE48: 6.1492931 | BF48: 0.90895124 | BG48: 0.87370511 | BH48: 0.90895124 | BI48: 0.87370511 | BJ48: 46.987 | BK48: 557.911 | BL48: 2.8199289 | BM48: 2.7825227 | BN48: 0 | BO48: 0 | BP48: 1231.7109 | BQ48: 1076.3257 | BR48: 0 | BS48: 0 | BT48: 1.018495 | BU48: 0.80941278 | BV48: 1.018495 | BW48: 0.80941278 | BX48: 54.917 | BY48: 510.023 | BZ48: 72.656859 | CA48: 88.623562 | CB48: 1.8591693 | CC48: 2.2144099 | CD48: 0.1711674 | CE48: 0.20999053 | CF48: 523.64841 | CG48: 617.72108 | CH48: 464.73041 | CI48: 512.30956
... A51: 45976 | B51: 0.7834213 | C51: 0.83355545 | D51: 0.7834213 | E51: 0.83355545 | F51: 46.702 | G51: 778.49 | H51: 2.5886258 | I51: 2.4445837 | J51: 1092.6624 | K51: 999.0796 | L51: 0.5936904 | M51: 0.86090982 | N51: 0.5936904 | O51: 0.86090982 | P51: 44.984 | Q51: 730.427 | R51: 2.8058643 | S51: 2.7572434 | T51: 0.39125022 | U51: 0.29024119 | V51: 823.9992 | W51: 776.52417 | X51: 605.92655 | Y51: 463.9834 | Z51: 0 | AA51: 0 | AB51: #DIV/0! | AC51: #DIV/0! | AD51: 0 | AE51: 0 | AF51: 0 | AG51: 0 | AH51: 0 | AI51: 0 | AJ51: 0 | AK51: 0 | AN51: 0.92907907 | AO51: 0.86945538 | AP51: 0.92907907 | AQ51: 0.86945538 | AR51: 50.348 | AS51: 715.493 | AT51: 103.35747 | AU51: 109.33888 | AV51: 1.4062128 | AW51: 1.3857578 | AX51: 0.21450703 | AY51: 0.20321652 | AZ51: 723.15723 | BA51: 819.356 | BB51: 531.88707 | BC51: 495.80903 | BD51: 6.5563677 | BE51: 6.233604 | BF51: 1.1537969 | BG51: 0.90013051 | BH51: 1.1537969 | BI51: 0.90013051 | BJ51: 60.936 | BK51: 715.729 | BL51: 2.0825128 | BM51: 2.7073096 | BN51: 0 | BO51: 0 | BP51: 941.79369 | BQ51: 1077.2891 | BR51: 0 | BS51: 0 | BT51: 0.97048045 | BU51: 0.81451099 | BV51: 0.97048045 | BW51: 0.81451099 | BX51: 50.865 | BY51: 642.106 | BZ51: 77.749278 | CA51: 86.844469 | CB51: 2.0013762 | CC51: 2.184686 | CD51: 0.21232675 | CE51: 0.21071287 | CF51: 570.5204 | CG51: 607.61538 | CH51: 526.48088 | CI51: 514.21574
A52: 45977 | B52: 0.85703249 | C52: 0.83508228 | D52: 0.85703249 | E52: 0.83508228 | F52: 55.676 | G52: 834.166 | H52: 2.2394569 | I52: 2.4308927 | J52: 810.72886 | K52: 986.50822 | L52: 0.98286429 | M52: 0.87025822 | N52: 0.98286429 | O52: 0.87025822 | P52: 69.229 | Q52: 799.656 | R52: 1.9554378 | S52: 2.6878283 | T52: 0.2325615 | U52: 0.28524766 | V52: 506.60865 | W52: 753.15664 | X52: 371.49172 | Y52: 455.97607 | Z52: 0.5223641 | AA52: 0.032409516 | AB52: 0.58310411 | AC52: 0.58310411 | AD52: 22.441 | AE52: 22.441 | AF52: 129.86238 | AG52: 139.77465 | AH52: 2.4419589 | AI52: 16.933292 | AJ52: 1212.8755 | AK52: 4821.6042 | AN52: 0.9629708 | AO52: 0.8752562 | AP52: 0.9629708 | AQ52: 0.8752562 | AR52: 52.407 | AS52: 767.9 | AT52: 84.556596 | AU52: 107.64756 | AV52: 1.3643216 | AW52: 1.3842948 | AX52: 0.22897705 | AY52: 0.20497461 | AZ52: 792.98834 | BA52: 817.55648 | BB52: 556.19379 | BC52: 499.93012 | BD52: 5.1538917 | BE52: 6.1599167 | BF52: 0.92813393 | BG52: 0.90181772 | BH52: 0.92813393 | BI52: 0.90181772 | BJ52: 47.315 | BK52: 763.044 | BL52: 2.6165064 | BM52: 2.7016791 | BN52: 0 | BO52: 0 | BP52: 964.10187 | BQ52: 1070.2706 | BR52: 0 | BS52: 0 | BT52: 0.87368921 | BU52: 0.81819473 | BV52: 0.87368921 | BW52: 0.81819473 | BX52: 45.72 | BY52: 687.826 | BZ52: 62.804041 | CA52: 85.246495 | CB52: 1.8022747 | CC52: 2.159267 | CD52: 0.20997375 | CE52: 0.21066374 | CF52: 434.34252 | CG52: 596.09788 | CH52: 500.92633 | CI52: 513.33239
A53: 45978 | B53: 0.72804333 | C53: 0.82881023 | D53: 0.72804333 | E53: 0.82881023 | F53: 45.266 | G53: 879.432 | H53: 2.4709495 | I53: 2.4329545 | J53: 1034.8986 | K53: 988.99897 | L53: 0.96618672 | M53: 0.87713061 | N53: 0.96618672 | O53: 0.87713061 | P53: 68.511 | Q53: 868.167 | R53: 1.9681949 | S53: 2.6310387 | T53: 0.2160237 | U53: 0.27978488 | V53: 533.29509 | W53: 735.80637 | X53: 325.29083 | Y53: 445.6631 | Z53: 0.59466315 | AA53: 0.065256009 | AB53: 0.59466315 | AC53: 0.58920119 | AD53: 25.547 | AE53: 47.988 | AF53: 156.68069 | AG53: 148.77479 | AH53: 2.3916703 | AI53: 9.1918813 | AJ53: 1331.1042 | AK53: 2963.3938 | AN53: 0.93426728 | AO53: 0.87877768 | AP53: 0.93426728 | AQ53: 0.87877768 | AR53: 52.018 | AS53: 819.918 | AT53: 94.821416 | AU53: 106.83383 | AV53: 1.3533777 | AW53: 1.3823334 | AX53: 0.22299973 | AY53: 0.20611817 | AZ53: 749.86966 | BA53: 813.26223 | BB53: 550.0535 | BC53: 503.11009 | BD53: 6.5765696 | BE53: 6.1863503 | BF53: 0.67441514 | BG53: 0.88820543 | BH53: 0.67441514 | BI53: 0.88820543 | BJ53: 36.333 | BK53: 799.377 | BL53: 3.6248039 | BM53: 2.7436366 | BN53: 0 | BO53: 0 | BP53: 1326.5665 | BQ53: 1081.9196 | BR53: 0 | BS53: 0 | BT53: 0.94044253 | BU53: 0.82541697 | BV53: 0.94044253 | BW53: 0.82541697 | BX53: 49.64 | BY53: 737.466 | BZ53: 77.736863 | CA53: 84.74101 | CB53: 2.036664 | CC53: 2.1510144 | CD53: 0.2256245 | CE53: 0.21167078 | CF53: 569.01128 | CG53: 594.27464 | CH53: 553.7997 | CI53: 516.0563
A54: 45979 | B54: 0.70191175 | C54: 0.82151382 | D54: 0.70191175 | E54: 0.82151382 | F54: 45.436 | G54: 924.868 | H54: 2.7077428 | I54: 2.446454 | J54: 1135.6752 | K54: 996.20473 | L54: 0.95680935 | M54: 0.8823419 | N54: 0.95680935 | O54: 0.8823419 | P54: 66.274 | Q54: 934.441 | R54: 2.0695748 | S54: 2.5912176 | T54: 0.24142198 | U54: 0.27706404 | V54: 568.2773 | W54: 723.92459 | X54: 408.42563 | Y54: 443.02208 | Z54: 0.80760889 | AA54: 0.10586366 | AB54: 0.84897981 | AC54: 0.67544949 | AD54: 34.367 | AE54: 82.355 | AF54: 129.71691 | AG54: 140.82188 | AH54: 1.6236506 | AI54: 6.0336349 | AJ54: 1113.293 | AK54: 2191.3409 | AN54: 0.8546638 | AO54: 0.87745873 | AP54: 0.8546638 | AQ54: 0.87745873 | AR54: 46.14 | AS54: 866.058 | AT54: 99.540265 | AU54: 106.44526 | AV54: 1.4217599 | AW54: 1.3844338 | AX54: 0.19505852 | AY54: 0.20552896 | AZ54: 825.52102 | BA54: 813.91533 | BB54: 446.74447 | BC54: 500.10716 | BD54: 6.668834 | BE54: 6.2120551 | BF54: 1.0373274 | BG54: 0.89701634 | BH54: 1.0373274 | BI54: 0.89701634 | BJ54: 58.625 | BK54: 858.002 | BL54: 2.2515991 | BM54: 2.710017 | BN54: 0 | BO54: 0 | BP54: 898.66235 | BQ54: 1069.3982 | BR54: 0 | BS54: 0 | BT54: 0.96536207 | BU54: 0.83313737 | BV54: 0.96536207 | BW54: 0.83313737 | BX54: 50.36 | BY54: 787.826 | BZ54: 77.824288 | CA54: 84.298874 | CB54: 1.971803 | CC54: 2.1395587 | CD54: 0.200556 | CE54: 0.21096029 | CF54: 538.33479 | CG54: 590.69881 | CH54: 461.56096 | CI54: 512.57281
A55: 45980 | B55: 0.95327963 | C55: 0.82878845 | D55: 0.95327963 | E55: 0.82878845 | F55: 62.713 | G55: 987.581 | H55: 2.1808397 | I55: 2.429587 | J55: 917.34313 | K55: 991.19689 | L55: 0.97993771 | M55: 0.88833318 | N55: 0.97993771 | O55: 0.88833318 | P55: 67.876 | Q55: 1002.317 | R55: 2.0119925 | S55: 2.551993 | T55: 0.23867052 | U55: 0.27446407 | V55: 618.99508 | W55: 716.81886 | X55: 365.94673 | Y55: 437.80261 | Z55: 0.60527929 | AA55: 0.1314601 | AB55: 1.1074996 | AC55: 0.74393608 | AD55: 25.437 | AE55: 107.792 | AF55: 100.16952 | AG55: 131.22864 | AH55: 1.1440028 | AI55: 4.8797684 | AJ55: 1183.6828 | AK55: 1953.5515 | AN55: 0.94715343 | AO55: 0.88100118 | AP55: 0.94715343 | AQ55: 0.88100118 | AR55: 50.061 | AS55: 916.119 | AT55: 98.601101 | AU55: 106.01662 | AV55: 1.3863087 | AW55: 1.3845363 | AX55: 0.20774655 | AY55: 0.20565014 | AZ55: 851.74767 | BA55: 815.98266 | BB55: 553.28499 | BC55: 503.01305 | BD55: 6.3941991 | BE55: 6.2220083 | BF55: 0.92841535 | BG55: 0.89870966 | BH55: 0.92841535 | BI55: 0.89870966 | BJ55: 50.621 | BK55: 908.623 | BL55: 2.5700796 | BM55: 2.7022208 | BN55: 0 | BO55: 0 | BP55: 1212.5142 | BQ55: 1077.3714 | BR55: 0 | BS55: 0 | BT55: 0.78021146 | BU55: 0.83036736 | BV55: 0.78021146 | BW55: 0.83036736 | BX55: 40.746 | BY55: 828.572 | BZ55: 76.987143 | CA55: 83.939311 | CB55: 2.0100133 | CC55: 2.1331882 | CD55: 0.21106366 | CE55: 0.21096537 | CF55: 618.44942 | CG55: 592.06348 | CH55: 556.17729 | CI55: 514.71711
A56: 45981 | B56: 0.87730668 | C56: 0.83132694 | D56: 0.87730668 | E56: 0.83132694 | F56: 57.715 | G56: 1045.296 | H56: 2.329689 | I56: 2.4240713 | J56: 962.8762 | K56: 989.63319 | L56: 0.97605179 | M56: 0.89352458 | N56: 0.97605179 | O56: 0.89352458 | P56: 69.277 | Q56: 1071.594 | R56: 1.9465479 | S56: 2.5128519 | T56: 0.25982649 | U56: 0.27351777 | V56: 496.40573 | W56: 702.56947 | X56: 375.2472 | Y56: 433.75849 | Z56: 0.25645273 | AA56: 0.1381041 | AB56: 0.51061851 | AC56: 0.71183102 | AD56: 11.805 | AE56: 119.597 | AF56: 218.32445 | AG56: 139.82556 | AH56: 2.8293096 | AI56: 4.6773749 | AJ56: 1692.7065 | AK56: 1927.8044 | AN56: 0.96062044 | AO56: 0.88505585 | AP56: 0.96062044 | AQ56: 0.88505585 | AR56: 53.6 | AS56: 969.719 | AT56: 92.609363 | AU56: 105.27555 | AV56: 1.3003731 | AW56: 1.3798843 | AX56: 0.18656716 | AY56: 0.20459535 | AZ56: 711.79851 | BA56: 810.22401 | BB56: 479.15672 | BC56: 501.69442 | BD56: 6.1585821 | BE56: 6.2185025 | BF56: 1.0491932 | BG56: 0.90624091 | BH56: 1.0491932 | BI56: 0.90624091 | BJ56: 55.885 | BK56: 964.508 | BL56: 2.3047329 | BM56: 2.6791898 | BN56: 0 | BO56: 0 | BP56: 1028.0898 | BQ56: 1074.516 | BR56: 0 | BS56: 0 | BT56: 0.93007595 | BU56: 0.8353281 | BV56: 0.93007595 | BW56: 0.8353281 | BX56: 48.591 | BY56: 877.163 | BZ56: 78.879174 | CA56: 83.659002 | CB56: 2.0538783 | CC56: 2.1287948 | CD56: 0.19345146 | CE56: 0.20999518 | CF56: 528.54232 | CG56: 588.54468 | CH56: 487.89282 | CI56: 513.23117
A57: 45982 | B57: 0.85333523 | C57: 0.83242116 | D57: 0.85333523 | E57: 0.83242116 | F57: 56.138 | G57: 1101.434 | H57: 2.3652784 | I57: 2.4210747 | J57: 924.43657 | K57: 986.31025 | L57: 0.97867089 | M57: 0.8983475 | N57: 0.97867089 | O57: 0.8983475 | P57: 70.474 | Q57: 1142.068 | R57: 1.9042484 | S57: 2.4752966 | T57: 0.24973749 | U57: 0.27205035 | V57: 455.4606 | W57: 687.32104 | X57: 388.02963 | Y57: 430.93669 | Z57: 0.92279177 | AA57: 0.17520869 | AB57: 0.92279177 | AC57: 0.75480563 | AD57: 39.663 | AE57: 159.26 | AF57: 114.58428 | AG57: 133.53933 | AH57: 1.399289 | AI57: 3.860982 | AJ57: 958.72778 | AK57: 1686.4601 | AN57: 0.97684578 | AO57: 0.88944442 | AP57: 0.97684578 | AQ57: 0.88944442 | AR57: 53.741 | AS57: 1023.46 | AT57: 88.323401 | AU57: 104.38541 | AV57: 1.308126 | AW57: 1.3761163 | AX57: 0.18235612 | AY57: 0.20342759 | AZ57: 664.96753 | BA57: 802.59672 | BB57: 452.44785 | BC57: 499.10853 | BD57: 6.5089969 | BE57: 6.2337561 | BF57: 0.93679138 | BG57: 0.90763277 | BH57: 0.93679138 | BI57: 0.90763277 | BJ57: 47.592 | BK57: 1012.1 | BL57: 2.6895277 | BM57: 2.6796759 | BN57: 0 | BO57: 0 | BP57: 1082.7879 | BQ57: 1074.9049 | BR57: 0 | BS57: 0 | BT57: 1.0748852 | BU57: 0.84667437 | BV57: 1.0748852 | BW57: 0.84667437 | BX57: 56.118 | BY57: 933.281 | BZ57: 70.773299 | CA57: 82.884187 | CB57: 1.7890873 | CC57: 2.1083682 | CD57: 0.17463203 | CE57: 0.2078688 | CF57: 430.80687 | CG57: 579.05994 | CH57: 433.28344 | CI57: 508.42392
A58: 45983 | B58: 0.8344864 | C58: 0.83251898 | D58: 0.8344864 | E58: 0.83251898 | F58: 54.898 | G58: 1156.332 | H58: 2.2582061 | I58: 2.4133424 | J58: 995.39182 | K58: 986.7414 | L58: 0.96910276 | M58: 0.90214044 | N58: 0.96910276 | O58: 0.90214044 | P58: 69.785 | Q58: 1211.853 | R58: 1.9252991 | S58: 2.4436248 | T58: 0.24360536 | U58: 0.27041234 | V58: 528.7344 | W58: 678.18877 | X58: 409.85885 | Y58: 429.72291 | Z58: 0.83116241 | AA58: 0.20373151 | AB58: 0.83116241 | AC58: 0.76731052 | AD58: 34.345 | AE58: 193.605 | AF58: 129.31343 | AG58: 132.78967 | AH58: 1.5402533 | AI58: 3.4492911 | AJ58: 1120.5421 | AK58: 1586.0678 | AN58: 0.93131034 | AO58: 0.89135395 | AP58: 0.93131034 | AQ58: 0.89135395 | AR58: 51.214 | AS58: 1074.674 | AT58: 103.21968 | AU58: 104.32985 | AV58: 1.3707189 | AW58: 1.3758591 | AX58: 0.18940134 | AY58: 0.20275916 | AZ58: 768.24735 | BA58: 800.95979 | BB58: 480.29836 | BC58: 498.21212 | BD58: 6.6407623 | BE58: 6.2531521 | BF58: 0.98918357 | BG58: 0.91115734 | BH58: 0.98918357 | BI58: 0.91115734 | BJ58: 49.826 | BK58: 1061.926 | BL58: 2.5689399 | BM58: 2.6744801 | BN58: 0 | BO58: 0 | BP58: 1213.2228 | BQ58: 1081.3949 | BR58: 0 | BS58: 0 | BT58: 0.99272149 | BU58: 0.85327882 | BV58: 0.99272149 | BW58: 0.85327882 | BX58: 51.828 | BY58: 985.109 | BZ58: 79.984511 | CA58: 82.731631 | CB58: 1.9198117 | CC58: 2.098448 | CD58: 0.19487536 | CE58: 0.20718519 | CF58: 479.18152 | CG58: 573.80519 | CH58: 493.98009 | CI58: 507.66401
A59: 45984 | B59: 0.78222649 | C59: 0.83024465 | D59: 0.78222649 | E59: 0.83024465 | F59: 51.46 | G59: 1207.792 | H59: 2.5465799 | I59: 2.4190192 | J59: 1063.2518 | K59: 990.00126 | L59: 0.9709941 | M59: 0.9057339 | N59: 0.9709941 | O59: 0.9057339 | P59: 71.822 | Q59: 1283.675 | R59: 1.8879452 | S59: 2.4125343 | T59: 0.24505026 | U59: 0.26899332 | V59: 542.88811 | W59: 670.61865 | X59: 398.74969 | Y59: 427.98995 | Z59: 0.81768216 | AA59: 0.23205715 | AB59: 0.81768216 | AC59: 0.77507263 | AD59: 37.584 | AE59: 231.189 | AF59: 118.2185 | AG59: 130.42086 | AH59: 1.4766922 | AI59: 3.1286091 | AJ59: 1029.5589 | AK59: 1495.5971 | AN59: 0.90018752 | AO59: 0.89173278 | AP59: 0.90018752 | AQ59: 0.89173278 | AR59: 48.63 | AS59: 1123.304 | AT59: 98.903232 | AU59: 104.09493 | AV59: 1.4209336 | AW59: 1.3778105 | AX59: 0.2159161 | AY59: 0.20332875 | AZ59: 871.58009 | BA59: 804.01708 | BB59: 467.00596 | BC59: 496.86114 | BD59: 5.759819 | BE59: 6.2317948 | BF59: 0.9775182 | BG59: 0.91379612 | BH59: 0.9775182 | BI59: 0.91379612 | BJ59: 47.178 | BK59: 1109.104 | BL59: 2.713129 | BM59: 2.6761242 | BN59: 0 | BO59: 0 | BP59: 1271.7767 | BQ59: 1089.4931 | BR59: 0 | BS59: 0 | BT59: 0.81396916 | BU59: 0.85157762 | BV59: 0.81396916 | BW59: 0.85157762 | BX59: 42.508 | BY59: 1027.617 | BZ59: 74.908533 | CA59: 82.408023 | CB59: 2.0443211 | CC59: 2.096209 | CD59: 0.22113485 | CE59: 0.20776223 | CF59: 545.66058 | CG59: 572.64097 | CH59: 473.78141 | CI59: 506.26244
A60: 45985 | B60: 0.8946207 | C60: 0.83289878 | D60: 0.8946207 | E60: 0.83289878 | F60: 55.964 | G60: 1263.756 | H60: 2.2908656 | I60: 2.413344 | J60: 971.54742 | K60: 989.18405 | L60: 0.98216566 | M60: 0.90953863 | N60: 0.98216566 | O60: 0.90953863 | P60: 72.923 | Q60: 1356.598 | R60: 1.8303964 | S60: 2.3812419 | T60: 0.27974713 | U60: 0.26957138 | V60: 490.63834 | W60: 660.94393 | X60: 397.0078 | Y60: 426.32453 | Z60: 0.7208217 | AA60: 0.25500098 | AB60: 0.7208217 | AC60: 0.76740858 | AD60: 35.371 | AE60: 266.56 | AF60: 137.3805 | AG60: 131.34436 | AH60: 1.5125385 | AI60: 2.9141657 | AJ60: 1013.5897 | AK60: 1431.6375 | AN60: 0.93009409 | AO60: 0.89334159 | AP60: 0.93009409 | AQ60: 0.89334159 | AR60: 51.287 | AS60: 1174.591 | AT60: 100.15019 | AU60: 103.92268 | AV60: 1.3180728 | AW60: 1.3752021 | AX60: 0.20668006 | AY60: 0.20347508 | AZ60: 790.48648 | BA60: 803.42628 | BB60: 499.0095 | BC60: 496.95495 | BD60: 6.2403728 | BE60: 6.2321693 | BF60: 0.81397558 | BG60: 0.9099564 | BH60: 0.81397558 | BI60: 0.9099564 | BJ60: 39.523 | BK60: 1148.627 | BL60: 3.2386206 | BM60: 2.695479 | BN60: 0 | BO60: 0 | BP60: 1538.1768 | BQ60: 1104.9319 | BR60: 0 | BS60: 0 | BT60: 1.0933829 | BU60: 0.86169027 | BV60: 1.0933829 | BW60: 0.86169027 | BX60: 57.588 | BY60: 1085.205 | BZ60: 67.814673 | CA60: 81.633606 | CB60: 1.7382093 | CC60: 2.0772112 | CD60: 0.19101202 | CE60: 0.20687336 | CF60: 475.82274 | CG60: 567.50317 | CH60: 462.54949 | CI60: 503.94275
A61: 45986 | B61: 0.93744864 | C61: 0.83670551 | D61: 0.93744864 | E61: 0.83670551 | F61: 53.747 | G61: 1317.503 | H61: 2.3259159 | I61: 2.4097774 | J61: 1001.73 | K61: 989.69586 | L61: 0.67743153 | M61: 0.89908537 | N61: 0.67743153 | O61: 0.89908537 | P61: 47.651 | Q61: 1404.249 | R61: 1.9258777 | S61: 2.3657898 | T61: 0.26861976 | U61: 0.26953909 | V61: 508.51126 | W61: 655.77137 | X61: 448.86781 | Y61: 427.0895 | Z61: 0.75741497 | AA61: 0.27827741 | AB61: 0.75741497 | AC61: 0.76613389 | AD61: 38.463 | AE61: 305.023 | AF61: 129.46131 | AG61: 131.10691 | AH61: 1.4143463 | AI61: 2.7250404 | AJ61: 901.12524 | AK61: 1364.7406 | AN61: 0.93980399 | AO61: 0.89510937 | AP61: 0.93980399 | AQ61: 0.89510937 | AR61: 48.874 | AS61: 1223.465 | AT61: 101.43612 | AU61: 103.82335 | AV61: 1.4097475 | AW61: 1.3765821 | AX61: 0.20869992 | AY61: 0.2036838 | AZ61: 824.97811 | BA61: 804.28722 | BB61: 540.28932 | BC61: 498.68604 | BD61: 6.9576871 | BE61: 6.2611517 | BF61: 0.68435366 | BG61: 0.90150393 | BH61: 0.68435366 | BI61: 0.90150393 | BJ61: 33.625 | BK61: 1182.252 | BL61: 2.5576208 | BM61: 2.6915581 | BN61: 0 | BO61: 0 | BP61: 1117.3222 | BQ61: 1105.2843 | BR61: 0 | BS61: 0 | BT61: 0.94126563 | BU61: 0.86486558 | BV61: 0.94126563 | BW61: 0.86486558 | BX61: 49.268 | BY61: 1134.473 | BZ61: 78.711153 | CA61: 81.506689 | CB61: 2.0033287 | CC61: 2.0740026 | CD61: 0.21717951 | CE61: 0.20732093 | CF61: 510.6759 | CG61: 565.03527 | CH61: 557.84485 | CI61: 506.28361
A62: 45987 | B62: 0.902892 | C62: 0.83903204 | D62: 0.902892 | E62: 0.83903204 | F62: 51.796 | G62: 1369.299 | H62: 2.500251 | I62: 2.4131997 | J62: 1029.9598 | K62: 991.21891 | L62: 0.94005021 | M62: 0.90088908 | N62: 0.94005021 | O62: 0.90088908 | P62: 67.625 | Q62: 1471.874 | R62: 1.9288281 | S62: 2.3457137 | T62: 0.30166359 | U62: 0.27101505 | V62: 523.42329 | W62: 649.69066 | X62: 444.89464 | Y62: 427.90755 | Z62: 0.73922498 | AA62: 0.29940915 | AB62: 0.73922498 | AC62: 0.76299024 | AD62: 38.931 | AE62: 343.954 | AF62: 133.74717 | AG62: 131.40575 | AH62: 1.4076186 | AI62: 2.5759259 | AJ62: 961.3881 | AK62: 1319.0864 | AN62: 0.93809888 | AO62: 0.8966711 | AP62: 0.93809888 | AQ62: 0.8966711 | AR62: 48.337 | AS62: 1271.802 | AT62: 105.59193 | AU62: 103.89057 | AV62: 1.4129963 | AW62: 1.3779661 | AX62: 0.19860562 | AY62: 0.20349079 | AZ62: 930.50458 | BA62: 809.08432 | BB62: 447.80396 | BC62: 496.75218 | BD62: 5.9933384 | BE62: 6.250973 | BF62: 0.66263659 | BG62: 0.89287154 | BH62: 0.66263659 | BI62: 0.89287154 | BJ62: 32.582 | BK62: 1214.834 | BL62: 3.0845252 | BM62: 2.7020976 | BN62: 0 | BO62: 0 | BP62: 1519.1087 | BQ62: 1116.3831 | BR62: 0 | BS62: 0 | BT62: 0.96765375 | BU62: 0.86878383 | BV62: 0.96765375 | BW62: 0.86878383 | BX62: 50.303 | BY62: 1184.776 | BZ62: 73.337412 | CA62: 81.15984 | CB62: 1.9283144 | CC62: 2.067817 | CD62: 0.18885554 | CE62: 0.20653693 | CF62: 508.47464 | CG62: 562.63383 | CH62: 430.30237 | CI62: 503.05762
A63: 45988 | B63: 1.0425622 | C63: 0.84602362 | D63: 1.0425622 | E63: 0.84602362 | F63: 60.527 | G63: 1429.826 | H63: 2.1028136 | I63: 2.4000606 | J63: 866.73881 | K63: 985.94945 | L63: 0.86055079 | M63: 0.89924103 | N63: 0.86055079 | O63: 0.89924103 | P63: 59.889 | Q63: 1531.763 | R63: 1.9613786 | S63: 2.3306869 | T63: 0.3356209 | U63: 0.27354101 | V63: 507.96724 | W63: 644.14955 | X63: 483.04363 | Y63: 430.06327 | Z63: 0.8459875 | AA63: 0.31968468 | AB63: 0.8459875 | AC63: 0.7704099 | AD63: 37.44 | AE63: 381.394 | AF63: 125.06909 | AG63: 130.78371 | AH63: 1.4449786 | AI63: 2.4649051 | AJ63: 1061.1939 | AK63: 1293.7701 | AN63: 0.75305578 | AO63: 0.8914135 | AP63: 0.75305578 | AQ63: 0.8914135 | AR63: 40.588 | AS63: 1312.39 | AT63: 112.03061 | AU63: 104.14232 | AV63: 1.5250813 | AW63: 1.3825159 | AX63: 0.20695772 | AY63: 0.20359802 | AZ63: 1013.3808 | BA63: 815.40256 | BB63: 441.51863 | BC63: 495.04398 | BD63: 6.9478664 | BE63: 6.2725257 | BF63: 0.80621725 | BG63: 0.88971641 | BH63: 0.80621725 | BI63: 0.88971641 | BJ63: 41.449 | BK63: 1256.283 | BL63: 2.9095997 | BM63: 2.7089438 | BN63: 0 | BO63: 0 | BP63: 1388.1059 | BQ63: 1125.3481 | BR63: 0 | BS63: 0 | BT63: 0.89164557 | BU63: 0.86962304 | BV63: 0.89164557 | BW63: 0.86962304 | BX63: 46.336 | BY63: 1231.112 | BZ63: 80.268357 | CA63: 81.126286 | CB63: 2.1214606 | CC63: 2.0698361 | CD63: 0.21149862 | CE63: 0.20672368 | CF63: 601.71573 | CG63: 564.10478 | CH63: 454.00859 | CI63: 501.21153
... A66: 45991 | B66: 0.93511365 | C66: 0.8526919 | D66: 0.93511365 | E66: 0.8526919 | F66: 58.089 | G66: 1595.056 | H66: 2.0557421 | I66: 2.3816926 | J66: 904.24349 | K66: 983.17224 | L66: 0.93989883 | M66: 0.90405789 | N66: 0.93989883 | O66: 0.90405789 | P66: 65.747 | Q66: 1727.194 | R66: 1.7229379 | S66: 2.2665022 | T66: 0.29202853 | U66: 0.27727053 | V66: 461.84465 | W66: 623.03156 | X66: 449.92167 | Y66: 433.98773 | Z66: 0.83776074 | AA66: 0.3750124 | AB66: 0.83776074 | AC66: 0.78662425 | AD66: 41.049 | AE66: 500.227 | AF66: 113.94939 | AG66: 127.56166 | AH66: 1.2692148 | AI66: 2.1896059 | AJ66: 928.56342 | AK66: 1214.4982 | AN66: 0.90387639 | AO66: 0.89671049 | AP66: 0.90387639 | AQ66: 0.89671049 | AR66: 49.741 | AS66: 1468.263 | AT66: 100.22614 | AU66: 103.12302 | AV66: 1.3409461 | AW66: 1.3725743 | AX66: 0.19702057 | AY66: 0.20248416 | AZ66: 893.15856 | BA66: 819.47497 | BB66: 477.36389 | BC66: 492.04252 | BD66: 6.3344123 | BE66: 6.326387 | BF66: 0.8895427 | BG66: 0.89079473 | BH66: 0.8895427 | BI66: 0.89079473 | BJ66: 45.418 | BK66: 1394.103 | BL66: 2.7390022 | BM66: 2.7063997 | BN66: 0 | BO66: 0 | BP66: 1266.6654 | BQ66: 1141.3243 | BR66: 0 | BS66: 0 | BT66: 1.0145139 | BU66: 0.88250458 | BV66: 1.0145139 | BW66: 0.88250458 | BX66: 52.739 | BY66: 1387.303 | BZ66: 71.866041 | CA66: 79.985776 | CB66: 1.8657919 | CC66: 2.0503812 | CD66: 0.189613 | CE66: 0.20507416 | CF66: 508.5724 | CG66: 558.68457 | CH66: 468.60431 | CI66: 497.97584
A69: November | B69: =+'[7]eff all'!$B$37:$C$37 -> 0.8526919 | D69: =+'[7]eff all'!$D$37:$E$37 -> 0.8526919 | F69: =+'[7]eff all'!$F$37:$G$37 -> 1595.056 | H69: =+'[7]eff all'!$H$37:$I$37 -> 2.3816926 | J69: =+'[7]eff all'!$J$37:$K$37 -> 986.51592 | L69: =+'[7]eff all'!$L$37:$M$37 -> 0.90405789 | N69: =+'[7]eff all'!$N$37:$O$37 -> 0.90405789 | P69: =+'[7]eff all'!$P$37:$Q$37 -> 1727.194 | R69: =+'[7]eff all'!$R$37:$S$37 -> 2.2665022 | T69: =+'[7]eff all'!$T$37:$U$37 -> 0.27727053 | V69: =+'[7]eff all'!$V$37:$W$37 -> 627.66337 | X69: =+'[7]eff all'!$X$37:$Y$37 -> 433.98773 | Z69: =+'[7]eff all'!$Z$37:$AA$37 -> 0.3750124 | AB69: =+'[7]eff all'!$AB$37:$AC$37 -> 0.78662425 | AD69: =+'[7]eff all'!$AD$37:$AE$37 -> 500.227 | AF69: =+'[7]eff all'!$AF$37:$AG$37 -> 127.56166 | AH69: =+'[7]eff all'!$AH$37:$AI$37 -> 2.1896059 | AJ69: =+'[7]eff all'!$AJ$37:$AK$37 -> 1225.1601 | AL69: =+'[7]eff all'!$AL$37:$AM$37 -> 0 | AN69: =+'[7]eff all'!$AN$37:$AO$37 -> 0.89671049 | AP69: =+'[7]eff all'!$AP$37:$AQ$37 -> 0.89671049 | AR69: =+'[7]eff all'!$AR$37:$AS$37 -> 1468.263 | AT69: =+'[7]eff all'!$AT$37:$AU$37 -> 103.12302 | AV69: =+'[7]eff all'!$AV$37:$AW$37 -> 1.3725743 | AX69: =+'[7]eff all'!$AX$37:$AY$37 -> 0.20248416 | AZ69: =+'[7]eff all'!$AZ$37:$BA$37 -> 823.1074 | BB69: =+'[7]eff all'!$BB$37:$BC$37 -> 492.04252 | BD69: =+'[7]eff all'!$BD$37:$BE$37 -> 6.326387 | BF69: =+'[7]eff all'!$BF$37:$BG$37 -> 0.89079473 | BH69: =+'[7]eff all'!$BH$37:$BI$37 -> 0.89079473 | BJ69: =+'[7]eff all'!$BJ$37:$BK$37 -> 1394.103 | BL69: =+'[7]eff all'!$BL$37:$BM$37 -> 2.7063997 | BN69: =+'[7]eff all'!$BN$37:$BO$37 -> 0 | BP69: =+'[7]eff all'!$BP$37:$BQ$37 -> 1148.9756 | BR69: =+'[7]eff all'!$BR$37:$BS$37 -> 0 | BT69: =+'[7]eff all'!$BT$37:$BU$37 -> 0.88250458 | BV69: =+'[7]eff all'!$BV$37:$BW$37 -> 0.88250458 | BX69: =+'[7]eff all'!$BX$37:$BY$37 -> 1387.303 | BZ69: =+'[7]eff all'!$BZ$37:$CA$37 -> 79.985776 | CB69: =+'[7]eff all'!$CB$37:$CC$37 -> 2.0503812 | CD69: =+'[7]eff all'!$CD$37:$CE$37 -> 0.20507416 | CF69: =+'[7]eff all'!$CF$37:$CG$37 -> 562.52898 | CH69: =+'[7]eff all'!$CH$37:$CI$37 -> 497.97584 | CJ69: =+'[7]eff all'!$CJ$37:$CK$37 -> 0
A70: 45931 | B70: 0.27966994 | C70: 0.27966994 | D70: 0.40002229 | E70: 0.40002229 | F70: 17.941 | G70: 17.941 | H70: 2.9326125 | I70: 2.9326125 | J70: 1661.5183 | K70: 1661.5183 | L70: 0 | M70: 0 | N70: #DIV/0! | O70: #DIV/0! | P70: 0 | Q70: 0 | R70: 0 | S70: 0 | T70: 0 | U70: 0 | V70: 0 | W70: 0 | X70: 0 | Y70: 0 | Z70: 0.20474 | AA70: 0.20474 | AB70: 0.40948 | AC70: 0.40948 | AD70: 8.913 | AE70: 8.913 | AF70: 244.31698 | AG70: 244.31698 | AH70: 4.3980702 | AI70: 4.3980702 | AJ70: 2759.7105 | AK70: 2759.7105 | AL70: 0 | AM70: 0 | AN70: 0.57523912 | AO70: 0.57523912 | AP70: 0.65489845 | AQ70: 0.65489845 | AR70: 29.349 | AS70: 29.349 | AT70: 137.80377 | AU70: 137.80377 | AV70: 1.6457119 | AW70: 1.6457119 | AX70: 0 | AY70: 0 | AZ70: 1246.9692 | BA70: 1246.9692 | BB70: 0 | BC70: 0 | BD70: 0 | BE70: 0 | BF70: 0.37609655 | BG70: 0.37609655 | BH70: 0.4828526 | BI70: 0.4828526 | BJ70: 18.686 | BK70: 18.686 | BL70: 4.2598737 | BM70: 4.2598737 | BN70: 0 | BO70: 0 | BP70: 2001.7446 | BQ70: 2001.7446 | BR70: 0 | BS70: 0 | BT70: 0.063779031 | BU70: 0.063779031 | BV70: #DIV/0! | BW70: #DIV/0! | BX70: 3.364 | BY70: 3.364 | BZ70: 0 | CA70: 0 | CB70: 0.11890606 | CC70: 0.11890606 | CD70: 0 | CE70: 0 | CF70: 1542.0036 | CG70: 1542.0036 | CH70: 0 | CI70: 0
A71: 45932 | B71: 0.75908102 | C71: 0.53436518 | D71: 0.75908102 | E71: 0.62209629 | F71: 55.192 | G71: 73.133 | H71: 2.7908936 | I71: 2.8256601 | J71: 1050.2279 | K71: 1200.1898 | L71: 0.63705352 | M71: 0.28260253 | N71: 0.76446422 | O71: 0.76446422 | P71: 35.399 | Q71: 35.399 | R71: 4.1513602 | S71: 4.2126331 | T71: 0.42939066 | U71: 0.42939066 | V71: 942.90714 | W71: 1207.4415 | X71: 981.29891 | Y71: 1224.5261 | Z71: 0.84868927 | AA71: 0.52514178 | AB71: 0.84868927 | AC71: 0.70133105 | AD71: 36.587 | AE71: 45.5 | AF71: 125.28724 | AG71: 148.60399 | AH71: 1.656326 | AI71: 2.1934066 | AJ71: 1112.8045 | AK71: 1435.4171 | AL71: 0 | AM71: 0 | AN71: 0.91422026 | AO71: 0.74490575 | AP71: 0.91422026 | AQ71: 0.79308985 | AR71: 46.741 | AS71: 76.09 | AT71: 119.51212 | AU71: 126.56747 | AV71: 1.4312916 | AW71: 1.5139966 | AX71: 0 | AY71: 0 | AZ71: 958.56272 | BA71: 1069.8052 | BB71: 0 | BC71: 0 | BD71: 0 | BE71: 0 | BF71: 0.95144341 | BG71: 0.67262167 | BH71: 0.95144341 | BI71: 0.75333867 | BJ71: 50.273 | BK71: 68.959 | BL71: 2.3352495 | BM71: 2.85677 | BN71: 0 | BO71: 0 | BP71: 877.57564 | BQ71: 1182.1946 | BR71: 0 | BS71: 0 | BT71: 0 | BU71: 0.031889516 | BV71: #DIV/0! | BW71: #DIV/0! | BX71: 0 | BY71: 3.364 | BZ71: 0 | CA71: 0 | CB71: 0 | CC71: 0.14863258 | CD71: 0 | CE71: 0 | CF71: 0 | CG71: 2806.6231 | CH71: 0 | CI71: 0
A72: 45933 | B72: 1.04961 | C72: 0.72564174 | D72: 1.04961 | E72: 0.79624621 | F72: 84.813 | G72: 157.946 | H72: 1.8975747 | I72: 2.3273017 | J72: 651.81305 | K72: 905.72537 | L72: 0.89617874 | M72: 0.4794761 | N72: 0.89617874 | O72: 0.83835935 | P72: 53.036 | Q72: 88.435 | R72: 2.5553963 | S72: 3.2187595 | T72: 0.19043668 | U72: 0.28608583 | V72: 680.19326 | W72: 891.24159 | X72: 513.5606 | Y72: 798.14779 | Z72: 0.85738843 | AA72: 0.63456998 | AB72: 0.85738843 | AC72: 0.76314407 | AD72: 36.483 | AE72: 81.983 | AF72: 123.84804 | AG72: 137.58742 | AH72: 1.5267385 | AI72: 1.8967347 | AJ72: 1072.6152 | AK72: 1273.9678 | AL72: 0 | AM72: 0 | AN72: 0.91821354 | AO72: 0.80302507 | AP72: 0.91821354 | AQ72: 0.83681617 | AR72: 47.324 | AS72: 123.414 | AT72: 130.7297 | AU72: 128.1635 | AV72: 1.4516947 | AW72: 1.4901065 | AX72: 0.18595216 | AY72: 0.071304714 | AZ72: 894.30775 | BA72: 1002.5094 | BB72: 485.05621 | BC72: 185.99835 | BD72: 4.0148762 | BE72: 1.5395336 | BF72: 0.79954858 | BG72: 0.71604177 | BH72: 0.79954858 | BI72: 0.77034534 | BJ72: 42.622 | BK72: 111.581 | BL72: 2.9327577 | BM72: 2.885796 | BN72: 0 | BO72: 0 | BP72: 1059.4163 | BQ72: 1135.2954 | BR72: 0 | BS72: 0 | BT72: 0 | BU72: 0.021259677 | BV72: #DIV/0! | BW72: #DIV/0! | BX72: 0 | BY72: 3.364 | BZ72: 0 | CA72: 0 | CB72: 0 | CC72: 0.1783591 | CD72: 0 | CE72: 0 | CF72: 0 | CG72: 3318.5791 | CH72: 0 | CI72: 0
A73: 45934 | B73: 0.76859272 | C73: 0.73703148 | D73: 0.76859272 | E73: 0.78840194 | F73: 60.373 | G73: 218.319 | H73: 2.4247925 | I73: 2.3542614 | J73: 804.43973 | K73: 877.71628 | L73: 0.55182441 | M73: 0.49705656 | N73: 0.55182441 | O73: 0.73535189 | P73: 32.671 | Q73: 121.106 | R73: 3.7707753 | S73: 3.3676779 | T73: 0.25710875 | U73: 0.27826862 | V73: 906.68666 | W73: 895.40824 | X73: 688.39338 | Y73: 768.53913 | Z73: 0.91146148 | AA73: 0.70620875 | AB73: 0.91146148 | AC73: 0.80699389 | AD73: 41.1 | AE73: 123.083 | AF73: 108.17045 | AG73: 127.76447 | AH73: 1.4793187 | AI73: 1.7573507 | AJ73: 902.34647 | AK73: 1149.8756 | AL73: 0 | AM73: 0 | AN73: 0.79414901 | AO73: 0.80079737 | AP73: 0.79414901 | AQ73: 0.82577361 | AR73: 40.896 | AS73: 164.31 | AT73: 143.4271 | AU73: 131.96254 | AV73: 1.5038146 | AW73: 1.4935183 | AX73: 0.21273474 | AY73: 0.10650599 | AZ73: 934.23415 | BA73: 985.51604 | BB73: 540.60299 | BC73: 274.25781 | BD73: 3.6678404 | BE73: 2.0692593 | BF73: 0.88507614 | BG73: 0.75890216 | BH73: 0.88507614 | BI73: 0.80105226 | BJ73: 46.851 | BK73: 158.432 | BL73: 2.7021835 | BM73: 2.8314987 | BN73: 0 | BO73: 0 | BP73: 1068.1283 | BQ73: 1115.433 | BR73: 0 | BS73: 0 | BT73: 0 | BU73: 0.015944758 | BV73: #DIV/0! | BW73: #DIV/0! | BX73: 0 | BY73: 3.364 | BZ73: 0 | CA73: 0 | CB73: 0 | CC73: 0.20808561 | CD73: 0 | CE73: 0 | CF73: 0 | CG73: 4500.6361 | CH73: 0 | CI73: 0
A74: 45935 | B74: 0.8903163 | C74: 0.76944113 | D74: 0.8903163 | E74: 0.81111725 | F74: 70.711 | G74: 289.03 | H74: 2.072167 | I74: 2.2852472 | J74: 697.06948 | K74: 833.52116 | L74: 0.71890526 | M74: 0.54222786 | N74: 0.71890526 | O74: 0.7308383 | P74: 44.783 | Q74: 165.889 | R74: 2.7971105 | S74: 3.2136489 | T74: 0.23669696 | U74: 0.26704604 | V74: 701.36257 | W74: 843.02413 | X74: 578.13545 | Y74: 717.13821 | Z74: 0.92939545 | AA74: 0.75069483 | AB74: 0.92939545 | AC74: 0.83410195 | AD74: 40.324 | AE74: 163.407 | AF74: 105.11704 | AG74: 122.17576 | AH74: 1.5003472 | AI74: 1.6939299 | AJ74: 976.60153 | AK74: 1107.1167 | AL74: 0 | AM74: 0 | AN74: 0.61549655 | AO74: 0.76362119 | AP74: 0.61549655 | AQ74: 0.78254128 | AR74: 31.696 | AS74: 196.006 | AT74: 154.55453 | AU74: 135.61588 | AV74: 2.1012115 | AW74: 1.591788 | AX74: 0.29025745 | AY74: 0.13622032 | AZ74: 1215.3104 | BA74: 1022.6759 | BB74: 662.74483 | BC74: 337.07978 | BD74: 3.8175164 | BE74: 2.3519688 | BF74: 0.86866891 | BG74: 0.77983074 | BH74: 0.86866891 | BI74: 0.81451777 | BJ74: 42.722 | BK74: 201.154 | BL74: 2.8861008 | BM74: 2.8430953 | BN74: 0 | BO74: 0 | BP74: 1140.8867 | BQ74: 1120.839 | BR74: 0 | BS74: 0 | BT74: 0 | BU74: 0.012755806 | BV74: #DIV/0! | BW74: #DIV/0! | BX74: 0 | BY74: 3.364 | BZ74: 0 | CA74: 0 | CB74: 0 | CC74: 0.23781213 | CD74: 0 | CE74: 0 | CF74: 0 | CG74: 5398.5196 | CH74: 0 | CI74: 0
A75: 45936 | B75: 0.82304459 | C75: 0.77853842 | D75: 0.82304459 | E75: 0.8132317 | F75: 63.195 | G75: 352.225 | H75: 2.2893583 | I75: 2.2859848 | J75: 842.38848 | K75: 835.1121 | L75: 0.92244268 | M75: 0.60950089 | N75: 0.92244268 | O75: 0.77388286 | P75: 60.667 | Q75: 226.556 | R75: 2.2418119 | S75: 2.9534111 | T75: 0.16977929 | U75: 0.24100002 | V75: 594.68261 | W75: 776.52342 | X75: 432.94378 | Y75: 641.03683 | Z75: 0.95068274 | AA75: 0.7842481 | AB75: 0.95068274 | AC75: 0.85543695 | AD75: 41.719 | AE75: 205.126 | AF75: 107.09364 | AG75: 119.10832 | AH75: 1.4166207 | AI75: 1.6375301 | AJ75: 897.06704 | AK75: 1064.3963 | AL75: 0 | AM75: 0 | AN75: 0.60328659 | AO75: 0.73598063 | AP75: 0.60328659 | AQ75: 0.75100806 | AR75: 32.256 | AS75: 228.262 | AT75: 155.08 | AU75: 138.36638 | AV75: 1.8446181 | AW75: 1.6275157 | AX75: 0.21081349 | AY75: 0.14676118 | AZ75: 1128.3092 | BA75: 1037.6031 | BB75: 515.5506 | BC75: 362.29973 | BD75: 3.0691964 | BE75: 2.4533212 | BF75: 0.87306104 | BG75: 0.79531404 | BH75: 0.87306104 | BI75: 0.82459839 | BJ75: 44.849 | BK75: 246.003 | BL75: 2.7782113 | BM75: 2.8312663 | BN75: 0 | BO75: 0 | BP75: 1130.4484 | BQ75: 1122.5909 | BR75: 0 | BS75: 0 | BT75: 0 | BU75: 0.010629839 | BV75: #DIV/0! | BW75: #DIV/0! | BX75: 0 | BY75: 3.364 | BZ75: 0 | CA75: 0 | CB75: 0 | CC75: 0.26753864 | CD75: 0 | CE75: 0 | CF75: 0 | CG75: 6062.83 | CH75: 0 | CI75: 0
A76: 45937 | B76: 0.85142903 | C76: 0.78797623 | D76: 0.85142903 | E76: 0.81836821 | F76: 57.294 | G76: 409.519 | H76: 2.4499948 | I76: 2.3089307 | J76: 1012.9036 | K76: 859.98613 | L76: 1.0472504 | M76: 0.67572565 | N76: 1.0472504 | O76: 0.82433443 | P76: 69.388 | Q76: 295.944 | R76: 1.7545253 | S76: 2.6723164 | T76: 0.18879345 | U76: 0.2287595 | V76: 518.71001 | W76: 716.07564 | X76: 502.37217 | Y76: 608.52506 | Z76: 0.96700039 | AA76: 0.81047101 | AB76: 0.96700039 | AC76: 0.87267366 | AD76: 42.372 | AE76: 247.498 | AF76: 99.457189 | AG76: 115.74402 | AH76: 1.3900689 | AI76: 1.5951644 | AJ76: 930.64524 | AK76: 1041.498 | AL76: 0 | AM76: 0 | AN76: 0.82758586 | AO76: 0.7496527 | AP76: 0.82758586 | AQ76: 0.76263522 | AR76: 45.029 | AS76: 273.291 | AT76: 110.61316 | AU76: 133.7936 | AV76: 1.381332 | AW76: 1.5869531 | AX76: 0.148793 | AY76: 0.14709595 | AZ76: 851.30249 | BA76: 1006.9071 | BB76: 384.40561 | BC76: 365.94202 | BD76: 2.6649493 | BE76: 2.4881902 | BF76: 0.87556478 | BG76: 0.80655069 | BH76: 0.87556478 | BI76: 0.83195948 | BJ76: 44.095 | BK76: 290.098 | BL76: 2.7985032 | BM76: 2.8262863 | BN76: 0 | BO76: 0 | BP76: 1250.0646 | BQ76: 1141.9669 | BR76: 0 | BS76: 0 | BT76: 0 | BU76: 0.0091112902 | BV76: #DIV/0! | BW76: #DIV/0! | BX76: 0 | BY76: 3.364 | BZ76: 0 | CA76: 0 | CB76: 0 | CC76: 0.29726516 | CD76: 0 | CE76: 0 | CF76: 0 | CG76: 6933.3115 | CH76: 0 | CI76: 0
A77: 45938 | B77: 0.97948993 | C77: 0.80853871 | D77: 0.97948993 | E77: 0.8362607 | F77: 61.23 | G77: 470.749 | H77: 2.192324 | I77: 2.2937638 | J77: 943.56133 | K77: 870.8567 | L77: 0.94454587 | M77: 0.71156213 | N77: 0.94454587 | O77: 0.84332739 | P77: 63.63 | Q77: 359.574 | R77: 1.9104668 | S77: 2.5374999 | T77: 0.16658809 | U77: 0.21775768 | V77: 510.78721 | W77: 679.74792 | X77: 423.43863 | Y77: 575.77227 | Z77: 0.98571547 | AA77: 0.83245902 | AB77: 0.98571547 | AC77: 0.88779997 | AD77: 43.187 | AE77: 290.685 | AF77: 103.00174 | AG77: 113.85091 | AH77: 1.3707829 | AI77: 1.5618281 | AJ77: 875.36203 | AK77: 1016.8152 | AL77: 0 | AM77: 0 | AN77: 0.89908567 | AO77: 0.76876774 | AP77: 0.89908567 | AQ77: 0.7803526 | AR77: 48.077 | AS77: 321.368 | AT77: 122.38001 | AU77: 132.08611 | AV77: 1.3644778 | AW77: 1.5536706 | AX77: 0.17263972 | AY77: 0.15091733 | AZ77: 846.02325 | BA77: 982.83874 | BB77: 419.52701 | BC77: 373.95839 | BD77: 2.7039957 | BE77: 2.520475 | BF77: 0.87151233 | BG77: 0.81515145 | BH77: 0.87151233 | BI77: 0.83733872 | BJ77: 47.835 | BK77: 337.933 | BL77: 2.5817916 | BM77: 2.7916776 | BN77: 0 | BO77: 0 | BP77: 1012.9303 | BQ77: 1123.7016 | BR77: 0 | BS77: 0 | BT77: 0 | BU77: 0.0079723789 | BV77: #DIV/0! | BW77: #DIV/0! | BX77: 0 | BY77: 3.364 | BZ77: 0 | CA77: 0 | CB77: 0 | CC77: 0.77288942 | CD77: 0 | CE77: 0 | CF77: 0 | CG77: 7658.4185 | CH77: 0 | CI77: 0
A78: 45939 | B78: 0.94994402 | C78: 0.82162852 | D78: 0.94994402 | E78: 0.84711068 | F78: 56.421 | G78: 527.17 | H78: 2.3658921 | I78: 2.3014834 | J78: 1057.7597 | K78: 890.86022 | L78: 0.98030034 | M78: 0.74353555 | N78: 0.98030034 | O78: 0.86222529 | P78: 66.897 | Q78: 426.471 | R78: 1.8717282 | S78: 2.4330658 | T78: 0.21077178 | U78: 0.21666186 | V78: 461.21336 | W78: 645.4682 | X78: 552.15032 | Y78: 572.06689 | Z78: 0.83407045 | AA78: 0.83263867 | AB78: 0.83407045 | AC78: 0.88145885 | AD78: 36.543 | AE78: 327.228 | AF78: 118.16663 | AG78: 114.33286 | AH78: 1.5953808 | AI78: 1.5655751 | AJ78: 1029.4683 | AK78: 1018.2282 | AL78: 0 | AM78: 0 | AN78: 0.56729199 | AO78: 0.74634942 | AP78: 0.56729199 | AQ78: 0.75632826 | AR78: 29.691 | AS78: 351.059 | AT78: 151.50503 | AU78: 133.72848 | AV78: 1.7884207 | AW78: 1.5735247 | AX78: 0.23576168 | AY78: 0.15809308 | AZ78: 1108.7488 | BA78: 993.48765 | BB78: 589.73426 | BC78: 392.20775 | BD78: 3.368024 | BE78: 2.5921569 | BF78: 0.99998578 | BG78: 0.83747379 | BH78: 0.99998578 | BI78: 0.85745005 | BJ78: 56.943 | BK78: 394.876 | BL78: 2.1899092 | BM78: 2.7048998 | BN78: 0 | BO78: 0 | BP78: 1038.9288 | BQ78: 1111.4769 | BR78: 0 | BS78: 0 | BT78: 0.33723214 | BU78: 0.044702661 | BV78: 0.43567002 | BW78: 0.517698 | BX78: 17.867 | BY78: 21.231 | BZ78: 154.95052 | CA78: 130.39899 | CB78: 3.5764258 | CC78: 3.1322123 | CD78: 0 | CE78: 0 | CF78: 932.99715 | CG78: 1998.6237 | CH78: 0 | CI78: 0
A79: 45940 | B79: 0.80516097 | C79: 0.82020298 | D79: 0.80516097 | E79: 0.84337663 | F79: 48.959 | G79: 576.129 | H79: 2.5410241 | I79: 2.3218394 | J79: 1207.2824 | K79: 917.74953 | L79: 0.96058493 | M79: 0.76704967 | N79: 0.96058493 | O79: 0.87437203 | P79: 66.941 | Q79: 493.412 | R79: 2.044218 | S79: 2.380311 | T79: 0.18225004 | U79: 0.21199322 | V79: 482.91794 | W79: 623.41508 | X79: 466.54218 | Y79: 557.7504 | Z79: 0.82035301 | AA79: 0.83140641 | AB79: 0.82035301 | AC79: 0.87500845 | AD79: 35.942 | AE79: 363.17 | AF79: 116.37519 | AG79: 114.53499 | AH79: 1.6387513 | AI79: 1.5728171 | AJ79: 1084.4511 | AK79: 1024.7821 | AL79: 0 | AM79: 0 | AN79: 0.79855671 | AO79: 0.75150994 | AP79: 0.79855671 | AQ79: 0.76055263 | AR79: 41.201 | AS79: 392.26 | AT79: 125.67449 | AU79: 132.88253 | AV79: 1.4854008 | AW79: 1.5642686 | AX79: 0.18446154 | AY79: 0.16086269 | AZ79: 1001.8529 | BA79: 994.36629 | BB79: 444.92124 | BC79: 397.74451 | BD79: 2.8882794 | BE79: 2.6232601 | BF79: 0.71953197 | BG79: 0.82500006 | BH79: 0.71953197 | BI79: 0.84255324 | BJ79: 40.125 | BK79: 435.001 | BL79: 3.1102804 | BM79: 2.7422925 | BN79: 0 | BO79: 0 | BP79: 1295.3131 | BQ79: 1128.4342 | BR79: 0 | BS79: 0 | BT79: 0.73928463 | BU79: 0.11276736 | BV79: 0.73928463 | BW79: 0.64115707 | BX79: 38.145 | BY79: 59.376 | BZ79: 99.602258 | CA79: 110.61421 | CB79: 2.4957399 | CC79: 2.7233226 | CD79: 0 | CE79: 0 | CF79: 938.93256 | CG79: 1317.845 | CH79: 0 | CI79: 0
A80: 45941 | B80: 0.89387042 | C80: 0.82562571 | D80: 0.89387042 | E80: 0.84719061 | F80: 49.891 | G80: 626.02 | H80: 2.4571165 | I80: 2.3326204 | J80: 1140.3415 | K80: 935.48912 | L80: 0.90271028 | M80: 0.77990833 | N80: 0.90271028 | O80: 0.87739384 | P80: 60.803 | Q80: 554.215 | R80: 2.2938177 | S80: 2.3708218 | T80: 0.1891354 | U80: 0.20948549 | V80: 583.78978 | W80: 619.06778 | X80: 472.20443 | Y80: 548.36514 | Z80: 0.91753522 | AA80: 0.83925863 | AB80: 0.91753522 | AC80: 0.87906946 | AD80: 40.205 | AE80: 403.375 | AF80: 102.55969 | AG80: 113.34139 | AH80: 1.4699664 | AI80: 1.5625659 | AJ80: 967.6105 | AK80: 1019.0837 | AL80: 0 | AM80: 0 | AN80: 0.86145438 | AO80: 0.76138295 | AP80: 0.86145438 | AQ80: 0.76971274 | AR80: 44.362 | AS80: 436.622 | AT80: 122.18345 | AU80: 131.79547 | AV80: 1.4426762 | AW80: 1.5519145 | AX80: 0.18709707 | AY80: 0.16352818 | AZ80: 950.65101 | BA80: 989.92469 | BB80: 444.86845 | BC80: 402.53243 | BD80: 2.6914927 | BE80: 2.6301927 | BF80: 0.97475649 | BG80: 0.83913283 | BH80: 0.97475649 | BI80: 0.85526941 | BJ80: 53.558 | BK80: 488.559 | BL80: 2.259233 | BM80: 2.6893374 | BN80: 0 | BO80: 0 | BP80: 910.47407 | BQ80: 1104.5404 | BR80: 0 | BS80: 0 | BT80: 0.68754318 | BU80: 0.16405009 | BV80: 0.68754318 | BW80: 0.65775086 | BX80: 35.464 | BY80: 94.84 | BZ80: 116.0976 | CA80: 112.66464 | CB80: 2.7746447 | CC80: 2.7425137 | CD80: 0 | CE80: 0 | CF80: 1129.8548 | CG80: 1247.5488 | CH80: 0 | CI80: 0
A81: 45942 | B81: 0.80351983 | C81: 0.82398319 | D81: 0.80351983 | E81: 0.84386746 | F81: 48.903 | G81: 674.923 | H81: 2.5551193 | I81: 2.348742 | J81: 1167.8441 | K81: 952.3249 | L81: 0.75947247 | M81: 0.7781398 | N81: 0.75947247 | O81: 0.86603616 | P81: 51.13 | Q81: 605.345 | R81: 2.4602777 | S81: 2.3783776 | T81: 0.19949149 | U81: 0.20864135 | V81: 658.86212 | W81: 622.42898 | X81: 555.87135 | Y81: 548.99915 | Z81: 0.8774019 | AA81: 0.84261756 | AB81: 0.8774019 | AC81: 0.87891629 | AD81: 40.722 | AE81: 444.097 | AF81: 102.71237 | AG81: 112.36675 | AH81: 1.4832277 | AI81: 1.5552908 | AJ81: 930.4818 | AK81: 1010.9593 | AL81: 0 | AM81: 0 | AN81: 0.83798892 | AO81: 0.76770866 | AP81: 0.83798892 | AQ81: 0.77540715 | AR81: 43.253 | AS81: 479.875 | AT81: 121.73825 | AU81: 130.88898 | AV81: 1.5027859 | AW81: 1.5474863 | AX81: 0.20114212 | AY81: 0.16691847 | AZ81: 970.82468 | BA81: 988.20314 | BB81: 534.95938 | BC81: 414.46858 | BD81: 2.8113657 | BE81: 2.6465225 | BF81: 0.9186246 | BG81: 0.84603596 | BH81: 0.9186246 | BI81: 0.86086768 | BJ81: 50.863 | BK81: 539.422 | BL81: 2.4084305 | BM81: 2.6628502 | BN81: 0 | BO81: 0 | BP81: 982.53387 | BQ81: 1093.0362 | BR81: 0 | BS81: 0 | BT81: 0.86841446 | BU81: 0.22171346 | BV81: 0.86841446 | BW81: 0.71322999 | BX81: 44.765 | BY81: 139.605 | BZ81: 80.058134 | CA81: 102.20921 | CB81: 2.0194348 | CC81: 2.5106551 | CD81: 0 | CE81: 0 | CF81: 830.70747 | CG81: 1113.8867 | CH81: 0 | CI81: 0
A82: 45943 | B82: 0.92987401 | C82: 0.83112327 | D82: 0.92987401 | E82: 0.84979707 | F82: 55.071 | G82: 729.994 | H82: 2.1780429 | I82: 2.3358644 | J82: 963.3553 | K82: 953.15704 | L82: 0.81169827 | M82: 0.78081266 | N82: 0.81169827 | O82: 0.86126237 | P82: 54.646 | Q82: 659.991 | R82: 2.4825605 | S82: 2.3870038 | T82: 0.18665593 | U82: 0.206821 | V82: 595.07393 | W82: 620.16403 | X82: 482.10848 | Y82: 543.46073 | Z82: 0.8536474 | AA82: 0.84350837 | AB82: 0.8536474 | AC82: 0.87679494 | AD82: 39.529 | AE82: 483.626 | AF82: 107.56071 | AG82: 111.97393 | AH82: 1.5431708 | AI82: 1.5543002 | AJ82: 950.7688 | AK82: 1006.0396 | AL82: 0 | AM82: 0 | AN82: 0.65129983 | AO82: 0.75849162 | AP82: 0.65129983 | AQ82: 0.76548989 | AR82: 35.006 | AS82: 514.881 | AT82: 134.85413 | AU82: 131.15856 | AV82: 1.6025824 | AW82: 1.5512322 | AX82: 0.19710907 | AY82: 0.16897108 | AZ82: 935.63789 | BA82: 984.6293 | BB82: 496.24921 | BC82: 420.02873 | BD82: 3.1423185 | BE82: 2.680231 | BF82: 0.8829953 | BG82: 0.84889087 | BH82: 0.8829953 | BI82: 0.86260453 | BJ82: 47.128 | BK82: 586.55 | BL82: 2.5950603 | BM82: 2.6574035 | BN82: 0 | BO82: 0 | BP82: 947.30118 | BQ82: 1081.3267 | BR82: 0 | BS82: 0 | BT82: 0.81946711 | BU82: 0.26693728 | BV82: 0.81946711 | BW82: 0.73537211 | BX82: 42.233 | BY82: 181.838 | BZ82: 93.920133 | CA82: 100.28402 | CB82: 2.2328511 | CC82: 2.4461334 | CD82: 0 | CE82: 0 | CF82: 951.49315 | CG82: 1076.1698 | CH82: 0 | CI82: 0
A83: 45944 | B83: 1.0189127 | C83: 0.84304817 | D83: 1.0189127 | E83: 0.86076179 | F83: 60.683 | G83: 790.677 | H83: 1.9399338 | I83: 2.3054775 | J83: 878.86888 | K83: 947.45556 | L83: 1.0556142 | M83: 0.80080352 | N83: 1.0556142 | O83: 0.8767415 | P83: 70.002 | Q83: 729.993 | R83: 2.0351276 | S83: 2.3532609 | T83: 0.23713608 | U83: 0.20972804 | V83: 482.06623 | W83: 606.92127 | X83: 547.41865 | Y83: 543.84027 | Z83: 0.74835821 | AA83: 0.83636388 | AB83: 0.74835821 | AC83: 0.86680012 | AD83: 34.833 | AE83: 518.459 | AF83: 117.41282 | AG83: 112.33934 | AH83: 1.713892 | AI83: 1.5650225 | AJ83: 1070.0313 | AK83: 1010.3389 | AL83: 0 | AM83: 0 | AN83: 0.87682704 | AO83: 0.76707644 | AP83: 0.87682704 | AQ83: 0.77363609 | AR83: 46.558 | AS83: 561.439 | AT83: 114.47303 | AU83: 129.77489 | AV83: 1.3402638 | AW83: 1.5337374 | AX83: 0.18471584 | AY83: 0.17027674 | AZ83: 865.20899 | BA83: 974.72623 | BB83: 481.5413 | BC83: 425.12973 | BD83: 3.007002 | BE83: 2.7073288 | BF83: 0.78521739 | BG83: 0.84429089 | BH83: 0.78521739 | BI83: 0.85693014 | BJ83: 42.248 | BK83: 628.798 | BL83: 3.0604999 | BM83: 2.6844869 | BN83: 0 | BO83: 0 | BP83: 1034.5721 | BQ83: 1078.1854 | BR83: 0 | BS83: 0 | BT83: 0.75745989 | BU83: 0.30178192 | BV83: 0.75745989 | BW83: 0.73921543 | BX83: 39.456 | BY83: 221.294 | BZ83: 104.12926 | CA83: 100.96961 | CB83: 2.4178832 | CC83: 2.4410965 | CD83: 0 | CE83: 0 | CF83: 1067.7362 | CG83: 1074.6661 | CH83: 0 | CI83: 0
A84: 45945 | B84: 0.91120137 | C84: 0.84721353 | D84: 0.91120137 | E84: 0.86390528 | F84: 55.631 | G84: 846.308 | H84: 2.1223598 | I84: 2.2934404 | J84: 1023.6595 | K84: 952.46473 | L84: 0.89034243 | M84: 0.80598669 | N84: 0.89034243 | O84: 0.87759878 | P84: 49.869 | Q84: 779.862 | R84: 2.5088331 | S84: 2.3632091 | T84: 0.33688263 | U84: 0.21785906 | V84: 714.64838 | W84: 613.80998 | X84: 518.79925 | Y84: 542.239 | Z84: 0.77149255 | AA84: 0.83197873 | AB84: 0.77149255 | AC84: 0.86013949 | AD84: 34.672 | AE84: 553.131 | AF84: 103.40786 | AG84: 111.77949 | AH84: 1.6526304 | AI84: 1.570514 | AJ84: 1122.7273 | AK84: 1017.3838 | AL84: 0 | AM84: 0 | AN84: 0.49950639 | AO84: 0.74866103 | AP84: 0.49950639 | AQ84: 0.75461906 | AR84: 27.022 | AS84: 588.461 | AT84: 111.14338 | AU84: 128.91934 | AV84: 1.5357857 | AW84: 1.5338315 | AX84: 0.36636814 | AY84: 0.17928121 | AZ84: 1081.9776 | BA84: 979.65119 | BB84: 895.56658 | BC84: 446.73209 | BD84: 2.5904818 | BE84: 2.7019633 | BF84: 0.87302044 | BG84: 0.84623167 | BH84: 0.87302044 | BI84: 0.85803225 | BJ84: 47.105 | BK84: 675.903 | BL84: 2.7767753 | BM84: 2.6909187 | BN84: 0 | BO84: 0 | BP84: 939.19541 | BQ84: 1068.4989 | BR84: 0 | BS84: 0 | BT84: 0.76448885 | BU84: 0.3323878 | BV84: 0.76448885 | BW84: 0.74295205 | BX84: 39.707 | BY84: 261.001 | BZ84: 98.706181 | CA84: 100.62527 | CB84: 2.3874884 | CC84: 2.4329409 | CD84: 0 | CE84: 0 | CF84: 1051.472 | CG84: 1071.1375 | CH84: 0 | CI84: 0
A85: 45946 | B85: 0.74194394 | C85: 0.84118276 | D85: 0.74194394 | E85: 0.85678863 | F85: 45.04 | G85: 891.348 | H85: 2.6407416 | I85: 2.3109896 | J85: 1236.9094 | K85: 966.83778 | L85: 0.46310174 | M85: 0.78819439 | N85: 0.46310174 | O85: 0.85428699 | P85: 24.524 | Q85: 804.386 | R85: 5.2697358 | S85: 2.4518229 | T85: 0.5545588 | U85: 0.22812431 | V85: 1259.8108 | W85: 633.50516 | X85: 1005.0155 | Y85: 556.34806 | Z85: 0.84942606 | AA85: 0.83309035 | AB85: 0.84942606 | AC85: 0.85943532 | AD85: 38.429 | AE85: 591.56 | AF85: 92.762145 | AG85: 110.54408 | AH85: 1.6289781 | AI85: 1.574312 | AJ85: 905.3163 | AK85: 1010.1037 | AL85: 0 | AM85: 0 | AN85: 0.64699367 | AO85: 0.74200664 | AP85: 0.64699367 | AQ85: 0.74752234 | AR85: 35.617 | AS85: 624.078 | AT85: 114.7088 | AU85: 128.10832 | AV85: 1.6003594 | AW85: 1.5376283 | AX85: 0.22741949 | AY85: 0.18202853 | AZ85: 931.86961 | BA85: 976.92423 | BB85: 576.12938 | BC85: 454.11697 | BD85: 2.807648 | BE85: 2.7079948 | BF85: 0.95223505 | BG85: 0.85300468 | BH85: 0.95223505 | BI85: 0.86412977 | BJ85: 51.913 | BK85: 727.816 | BL85: 2.5041897 | BM85: 2.6775998 | BN85: 0 | BO85: 0 | BP85: 952.75942 | BQ85: 1060.2435 | BR85: 0 | BS85: 0 | BT85: 0.83539903 | BU85: 0.36398766 | BV85: 0.83539903 | BW85: 0.75499852 | BX85: 43.972 | BY85: 304.973 | BZ85: 89.321844 | CA85: 98.995505 | CB85: 2.3151096 | CC85: 2.4159516 | CD85: 0 | CE85: 0 | CF85: 956.53143 | CG85: 1054.6132 | CH85: 0 | CI85: 0
A86: 45947 | B86: 0.93396511 | C86: 0.84646521 | D86: 0.93396511 | E86: 0.86125938 | F86: 59.747 | G86: 951.095 | H86: 2.0287211 | I86: 2.2932578 | J86: 959.35796 | K86: 966.3679 | L86: 0.81809222 | M86: 0.78965832 | N86: 0.81809222 | O86: 0.85237398 | P86: 42.985 | Q86: 847.371 | R86: 2.4458997 | S86: 2.4515224 | T86: 0.1977434 | U86: 0.22658316 | V86: 780.44527 | W86: 640.95906 | X86: 403.18716 | Y86: 548.57859 | Z86: 0.86844313 | AA86: 0.83503483 | AB86: 0.86844313 | AC86: 0.85994555 | AD86: 35.892 | AE86: 627.452 | AF86: 92.787741 | AG86: 109.52837 | AH86: 1.6521788 | AI86: 1.5787662 | AJ86: 1106.6187 | AK86: 1015.6246 | AL86: 0 | AM86: 0 | AN86: 0.73755848 | AO86: 0.74173333 | AP86: 0.73755848 | AQ86: 0.74690585 | AR86: 40.612 | AS86: 664.69 | AT86: 109.28058 | AU86: 126.95796 | AV86: 1.4773958 | AW86: 1.5339482 | AX86: 0.22160938 | AY86: 0.18444689 | AZ86: 955.35211 | BA86: 975.60619 | BB86: 547.12893 | BC86: 459.79992 | BD86: 3.2010243 | BE86: 2.7381185 | BF86: 0.89401389 | BG86: 0.85537787 | BH86: 0.89401389 | BI86: 0.86588039 | BJ86: 46.855 | BK86: 774.671 | BL86: 2.7745171 | BM86: 2.6834618 | BN86: 0 | BO86: 0 | BP86: 1083.9428 | BQ86: 1061.6769 | BR86: 0 | BS86: 0 | BT86: 1.0551598 | BU86: 0.4045048 | BV86: 1.0551598 | BW86: 0.7893341 | BX86: 55.053 | BY86: 360.026 | BZ86: 75.246751 | CA86: 95.363989 | CB86: 1.8999873 | CC86: 2.3370534 | CD86: 0 | CE86: 0 | CF86: 808.82313 | CG86: 1017.0285 | CH86: 0 | CI86: 0
A87: 45948 | B87: 0.87887574 | C87: 0.84814893 | D87: 0.87887574 | E87: 0.86218969 | F87: 54.112 | G87: 1005.207 | H87: 2.1798492 | I87: 2.2871528 | J87: 1059.2471 | K87: 971.36775 | L87: 0.4695483 | M87: 0.77475031 | N87: 0.4695483 | O87: 0.83320014 | P87: 24.612 | Q87: 871.983 | R87: 3.2520315 | S87: 2.474117 | T87: 0.45099951 | U87: 0.23291738 | V87: 855.11417 | W87: 647.00366 | X87: 703.1123 | Y87: 552.94035 | Z87: 0.8309423 | AA87: 0.83481596 | AB87: 0.8309423 | AC87: 0.85835074 | AD87: 35.278 | AE87: 662.73 | AF87: 89.860944 | AG87: 108.48145 | AH87: 1.7149498 | AI87: 1.5860154 | AJ87: 1057.2589 | AK87: 1017.8408 | AL87: 0 | AM87: 0 | AN87: 0.79962302 | AO87: 0.74508772 | AP87: 0.79962302 | AQ87: 0.74998057 | AR87: 44.075 | AS87: 708.765 | AT87: 97.561036 | AU87: 125.1299 | AV87: 1.3998866 | AW87: 1.5256115 | AX87: 0.21554169 | AY87: 0.18638054 | AZ87: 826.04606 | BA87: 966.3057 | BB87: 577.87862 | BC87: 467.14272 | BD87: 2.9495179 | BE87: 2.7512645 | BF87: 0.87901943 | BG87: 0.85663363 | BH87: 0.87901943 | BI87: 0.8665864 | BJ87: 44.657 | BK87: 819.328 | BL87: 2.8371812 | BM87: 2.6918401 | BN87: 0 | BO87: 0 | BP87: 1173.2085 | BQ87: 1067.7559 | BR87: 0 | BS87: 0 | BT87: 0.92884416 | BU87: 0.4332951 | BV87: 0.92884416 | BW87: 0.80353981 | BX87: 48.03 | BY87: 408.056 | BZ87: 80.822047 | CA87: 93.652338 | CB87: 2.140329 | CC87: 2.3138981 | CD87: 0 | CE87: 0 | CF87: 972.14179 | CG87: 1011.7451 | CH87: 0 | CI87: 0
A88: 45949 | B88: 0.88803709 | C88: 0.8500931 | D88: 0.88803709 | E88: 0.86346933 | F88: 53.927 | G88: 1059.134 | H88: 2.1540972 | I88: 2.2803781 | J88: 1111.6246 | K88: 978.50908 | L88: 0.93570072 | M88: 0.78191246 | N88: 0.93570072 | O88: 0.83808903 | P88: 49.046 | Q88: 921.029 | R88: 2.4711495 | S88: 2.473959 | T88: 0.24466827 | U88: 0.23354313 | V88: 764.68152 | W88: 653.27016 | X88: 393.36541 | Y88: 544.44278 | Z88: 0.065665039 | AA88: 0.79532968 | AB88: 3.6368329 | AC88: 0.8611393 | AD88: 2.821 | AE88: 665.551 | AF88: 0 | AG88: 108.02164 | AH88: 5.9198866 | AI88: 1.6043849 | AJ88: 2894.9238 | AK88: 1025.797 | AL88: 0 | AM88: 0 | AN88: 0.87991103 | AO88: 0.75245188 | AP88: 0.87991103 | AQ88: 0.75712153 | AR88: 48.36 | AS88: 757.125 | AT88: 113.26918 | AU88: 124.37232 | AV88: 1.3172043 | AW88: 1.5122998 | AX88: 0.17783292 | AY88: 0.18583457 | AZ88: 747.86146 | BA88: 952.35297 | BB88: 480.76923 | BC88: 468.01309 | BD88: 2.688172 | BE88: 2.7472346 | BF88: 0.92088687 | BG88: 0.85987439 | BH88: 0.92088687 | BI88: 0.86935537 | BJ88: 46.784 | BK88: 866.112 | BL88: 2.7466655 | BM88: 2.6948016 | BN88: 0 | BO88: 0 | BP88: 1160.7573 | BQ88: 1072.7795 | BR88: 0 | BS88: 0 | BT88: 0.86881282 | BU88: 0.45631364 | BV88: 0.86881282 | BW88: 0.80966113 | BX88: 45.658 | BY88: 453.714 | BZ88: 104.19428 | CA88: 94.713191 | CB88: 2.2537124 | CC88: 2.3078415 | CD88: 0 | CE88: 0 | CF88: 863.48219 | CG88: 996.82519 | CH88: 0 | CI88: 0
A89: 45950 | B89: 0.91003753 | C89: 0.85287904 | D89: 0.91003753 | E89: 0.86566605 | F89: 55.263 | G89: 1114.397 | H89: 2.1257985 | I89: 2.2727125 | J89: 1027.726 | K89: 980.94975 | L89: 0.94678505 | M89: 0.78893658 | N89: 0.94678505 | O89: 0.84303739 | P89: 49.627 | Q89: 970.656 | R89: 2.4346223 | S89: 2.4719478 | T89: 0.29016463 | U89: 0.23643804 | V89: 710.17249 | W89: 656.17942 | X89: 461.38191 | Y89: 540.1961 | Z89: 0 | AA89: 0.75649321 | AB89: #DIV/0! | AC89: 0.8611393 | AD89: 0 | AE89: 665.551 | AF89: 0 | AG89: 108.02164 | AH89: 0 | AI89: 1.6557709 | AJ89: 0 | AK89: 1033.3174 | AL89: 0 | AM89: 0 | AN89: 1.0228373 | AO89: 0.76653944 | AP89: 1.0228373 | AQ89: 0.77104721 | AR89: 56.57 | AS89: 813.695 | AT89: 98.749055 | AU89: 122.59093 | AV89: 1.1967474 | AW89: 1.4903619 | AX89: 0.17500442 | AY89: 0.18508163 | AZ89: 618.618 | BA89: 929.15092 | BB89: 499.20453 | BC89: 470.18159 | BD89: 3.0051264 | BE89: 2.7651639 | BF89: 1.0063621 | BG89: 0.86677509 | BH89: 1.0063621 | BI89: 0.87587722 | BJ89: 50.112 | BK89: 916.224 | BL89: 2.5762292 | BM89: 2.6883164 | BN89: 0 | BO89: 0 | BP89: 1025.26 | BQ89: 1070.1804 | BR89: 0 | BS89: 0 | BT89: 0.93397022 | BU89: 0.48022558 | BV89: 0.93397022 | BW89: 0.82029092 | BX89: 48.939 | BY89: 502.653 | BZ89: 93.35634 | CA89: 94.581086 | CB89: 2.1026175 | CC89: 2.2878606 | CD89: 0 | CE89: 0 | CF89: 828.33384 | CG89: 980.42063 | CH89: 0 | CI89: 0
A90: 45951 | B90: 0.74059237 | C90: 0.84839763 | D90: 0.91047654 | E90: 0.86715292 | F90: 40.226 | G90: 1154.623 | H90: 2.6143539 | I90: 2.284615 | J90: 1222.4646 | K90: 989.3639 | L90: 0.89679114 | M90: 0.79359268 | N90: 0.89679114 | O90: 0.84550976 | P90: 49.781 | Q90: 1020.437 | R90: 2.5716237 | S90: 2.4768104 | T90: 0.24306462 | U90: 0.23676131 | V90: 743.27334 | W90: 660.42821 | X90: 389.14445 | Y90: 532.8272 | Z90: 0 | AA90: 0.72127297 | AB90: #DIV/0! | AC90: 0.8611393 | AD90: 0 | AE90: 665.551 | AF90: 0 | AG90: 108.02164 | AH90: 0 | AI90: 1.7112137 | AJ90: 0 | AK90: 1042.6403 | AL90: 0 | AM90: 0 | AN90: 0.85285087 | AO90: 0.77060679 | AP90: 0.85285087 | AQ90: 0.77492372 | AR90: 44.772 | AS90: 858.467 | AT90: 129.46024 | AU90: 122.94918 | AV90: 1.5165729 | AW90: 1.4917289 | AX90: 0.22112034 | AY90: 0.18696118 | AZ90: 850.86349 | BA90: 925.06796 | BB90: 606.40579 | BC90: 477.28615 | BD90: 3.3503082 | BE90: 2.7956811 | BF90: 0.81316847 | BG90: 0.86425919 | BH90: 0.81316847 | BI90: 0.87290469 | BJ90: 42.328 | BK90: 958.552 | BL90: 3.1137781 | BM90: 2.707104 | BN90: 0 | BO90: 0 | BP90: 1136.8902 | BQ90: 1073.1262 | BR90: 0 | BS90: 0 | BT90: 0.81538717 | BU90: 0.49463715 | BV90: 0.81538717 | BW90: 0.81994139 | BX90: 38.347 | BY90: 541 | BZ90: 117.99635 | CA90: 96.2408 | CB90: 2.3939291 | CC90: 2.2953789 | CD90: 0 | CE90: 0 | CF90: 1095.0606 | CG90: 988.54651 | CH90: 0 | CI90: 0
A91: 45952 | B91: 0.9542582 | C91: 0.85251915 | D91: 0.9542582 | E91: 0.87061623 | F91: 52.611 | G91: 1207.234 | H91: 2.2892551 | I91: 2.2848172 | J91: 1049.7326 | K91: 991.99476 | L91: 0.81392114 | M91: 0.79454385 | N91: 0.81392114 | O91: 0.84393984 | P91: 51.373 | Q91: 1071.81 | R91: 2.5981741 | S91: 2.4826275 | T91: 0.34259241 | U91: 0.24183391 | V91: 713.39264 | W91: 662.96685 | X91: 537.03307 | Y91: 533.02879 | Z91: 0 | AA91: 0.68918636 | AB91: #DIV/0! | AC91: 0.8611393 | AD91: 0 | AE91: 665.551 | AF91: 0 | AG91: 108.02164 | AH91: 0 | AI91: 1.7366062 | AJ91: 0 | AK91: 1051.7718 | AL91: 0 | AM91: 0 | AN91: 0.96970923 | AO91: 0.77940577 | AP91: 0.96970923 | AQ91: 0.78357801 | AR91: 49.948 | AS91: 908.415 | AT91: 114.21301 | AU91: 122.46884 | AV91: 1.4074638 | AW91: 1.4870957 | AX91: 0.19019781 | AY91: 0.18713914 | AZ91: 792.77409 | BA91: 917.79396 | BB91: 510.73116 | BC91: 479.12508 | BD91: 2.802915 | BE91: 2.7960789 | BF91: 0.95092448 | BG91: 0.86842517 | BH91: 0.95092448 | BI91: 0.87669078 | BJ91: 53.258 | BK91: 1011.81 | BL91: 2.5198092 | BM91: 2.6972455 | BN91: 0 | BO91: 0 | BP91: 830.03906 | BQ91: 1060.331 | BR91: 0 | BS91: 0 | BT91: 0.83047657 | BU91: 0.50809847 | BV91: 0.83047657 | BW91: 0.82062341 | BX91: 37.928 | BY91: 578.928 | BZ91: 121.34277 | CA91: 97.885335 | CB91: 2.4098291 | CC91: 2.302877 | CD91: 0 | CE91: 0 | CF91: 1117.808 | CG91: 997.01497 | CH91: 0 | CI91: 0
A92: 45953 | B92: 0.96262027 | C92: 0.85671393 | D92: 0.96262027 | E92: 0.87419304 | F92: 53.992 | G92: 1261.226 | H92: 2.2411468 | I92: 2.2829477 | J92: 1019.1128 | K92: 993.15566 | L92: 1.0250073 | M92: 0.80570668 | N92: 1.0250073 | O92: 0.85322738 | P92: 70.382 | Q92: 1142.192 | R92: 1.9997585 | S92: 2.4528731 | T92: 0.23869739 | U92: 0.24164063 | V92: 520.8066 | W92: 654.20692 | X92: 373.22043 | Y92: 523.18138 | Z92: 0 | AA92: 0.65983297 | AB92: #DIV/0! | AC92: 0.8611393 | AD92: 0 | AE92: 665.551 | AF92: 0 | AG92: 108.02164 | AH92: 0 | AI92: 1.7624495 | AJ92: 0 | AK92: 1058.5992 | AL92: 0 | AM92: 0 | AN92: 0.97394156 | AO92: 0.78763908 | AP92: 0.97394156 | AQ92: 0.79167603 | AR92: 50.166 | AS92: 958.581 | AT92: 114.11904 | AU92: 122.03186 | AV92: 1.3973608 | AW92: 1.4823995 | AX92: 0.18937129 | AY92: 0.18725595 | AZ92: 772.11538 | BA92: 910.17007 | BB92: 484.98983 | BC92: 479.43201 | BD92: 2.7907348 | BE92: 2.7957992 | BF92: 0.67091062 | BG92: 0.8593099 | BH92: 0.76272745 | BI92: 0.87199621 | BJ92: 37.82 | BK92: 1049.63 | BL92: 3.4082496 | BM92: 2.7228642 | BN92: 0 | BO92: 0 | BP92: 1127.3377 | BQ92: 1062.7454 | BR92: 0 | BS92: 0 | BT92: 0.83073164 | BU92: 0.52187275 | BV92: 0.83073164 | BW92: 0.82130257 | BX92: 42.213 | BY92: 621.141 | BZ92: 110.86879 | CA92: 98.767696 | CB92: 2.2812878 | CC92: 2.3014098 | CD92: 0 | CE92: 0 | CF92: 1052.4225 | CG92: 1000.7805 | CH92: 0 | CI92: 0
A93: 45954 | B93: 0.492536 | C93: 0.8425928 | D93: 0.65489552 | E93: 0.86760795 | F93: 29.25 | G93: 1290.476 | H93: 3.612547 | I93: 2.3130845 | J93: 1263.4345 | K93: 999.28182 | L93: 0.98454249 | M93: 0.81418748 | N93: 0.98454249 | O93: 0.85980354 | P93: 69.483 | Q93: 1211.675 | R93: 1.8538491 | S93: 2.4185223 | T93: 0.26481298 | U93: 0.24296944 | V93: 464.11626 | W93: 643.30625 | X93: 403.1058 | Y93: 516.2957 | Z93: 0 | AA93: 0.63287784 | AB93: #DIV/0! | AC93: 0.8611393 | AD93: 0 | AE93: 665.551 | AF93: 0 | AG93: 108.02164 | AH93: 0 | AI93: 1.7882927 | AJ93: 0 | AK93: 1069.3954 | AL93: 0 | AM93: 0 | AN93: 0.93084165 | AO93: 0.79345373 | AP93: 0.93084165 | AQ93: 0.79735454 | AR93: 47.946 | AS93: 1006.527 | AT93: 111.57052 | AU93: 121.53354 | AV93: 1.4495474 | AW93: 1.4808346 | AX93: 0.20648229 | AY93: 0.1881718 | AZ93: 864.83669 | BA93: 908.01061 | BB93: 533.30831 | BC93: 481.99841 | BD93: 3.1285196 | BE93: 2.8116484 | BF93: 0.77639117 | BG93: 0.85572904 | BH93: 0.77639117 | BI93: 0.8678092 | BJ93: 42.803 | BK93: 1092.433 | BL93: 3.083896 | BM93: 2.73701 | BN93: 0 | BO93: 0 | BP93: 1102.9178 | BQ93: 1064.3194 | BR93: 0 | BS93: 0 | BT93: 0.80693927 | BU93: 0.53287601 | BV93: 0.8331868 | BW93: 0.82198787 | BX93: 38.56 | BY93: 659.701 | BZ93: 110.54564 | CA93: 99.456125 | CB93: 2.3314315 | CC93: 2.3031646 | CD93: 0 | CE93: 0 | CF93: 1166.7062 | CG93: 1010.479 | CH93: 0 | CI93: 0
A94: 45955 | B94: 0.67129498 | C94: 0.83528664 | D94: 0.67129498 | E94: 0.85899718 | F94: 45.805 | G94: 1336.281 | H94: 2.9895645 | I94: 2.3362728 | J94: 1031.9974 | K94: 1000.4032 | L94: 0.97513906 | M94: 0.8211651 | N94: 0.97513906 | O94: 0.86507094 | P94: 65.764 | Q94: 1277.439 | R94: 1.8971018 | S94: 2.391679 | T94: 0.29195304 | U94: 0.24549117 | V94: 471.32413 | W94: 634.45242 | X94: 448.11751 | Y94: 512.78581 | Z94: 0 | AA94: 0.60803859 | AB94: #DIV/0! | AC94: 0.8611393 | AD94: 0 | AE94: 665.551 | AF94: 0 | AG94: 108.02164 | AH94: 0 | AI94: 1.8088772 | AJ94: 0 | AK94: 1078.3364 | AL94: 0 | AM94: 0 | AN94: 0.83435558 | AO94: 0.79508765 | AP94: 0.83435558 | AQ94: 0.79883961 | AR94: 44.04 | AS94: 1050.567 | AT94: 83.641128 | AU94: 119.94508 | AV94: 1.5304269 | AW94: 1.4829135 | AX94: 0.22479564 | AY94: 0.18970708 | AZ94: 866.49955 | BA94: 906.27046 | BB94: 535.87648 | BC94: 484.25699 | BD94: 2.7247956 | BE94: 2.8080075 | BF94: 0.88950665 | BG94: 0.85705205 | BH94: 0.88950665 | BI94: 0.86867058 | BJ94: 46.291 | BK94: 1138.724 | BL94: 2.9141734 | BM94: 2.7442119 | BN94: 0 | BO94: 0 | BP94: 1077.444 | BQ94: 1064.8529 | BR94: 0 | BS94: 0 | BT94: 0.4642747 | BU94: 0.5302216 | BV94: 0.4642747 | BW94: 0.80107629 | BX94: 23.135 | BY94: 682.836 | BZ94: 134.53403 | CA94: 100.64459 | CB94: 3.7907932 | CC94: 2.3535666 | CD94: 0 | CE94: 0 | CF94: 1845.0815 | CG94: 1038.7559 | CH94: 0 | CI94: 0
A95: 45956 | B95: 0.66534898 | C95: 0.82857742 | D95: 0.66534898 | E95: 0.85114363 | F95: 43.751 | G95: 1380.032 | H95: 2.8576718 | I95: 2.3528027 | J95: 1026.953 | K95: 1001.2449 | L95: 0.97980613 | M95: 0.82770201 | N95: 0.97026284 | O95: 0.86967001 | P95: 65.506 | Q95: 1342.945 | R95: 1.8967728 | S95: 2.3675385 | T95: 0.19540195 | U95: 0.24304793 | V95: 499.03413 | W95: 627.847 | X95: 307.13217 | Y95: 502.75446 | Z95: 0 | AA95: 0.58507548 | AB95: #DIV/0! | AC95: 0.8611393 | AD95: 0 | AE95: 665.551 | AF95: 0 | AG95: 108.15281 | AH95: 0 | AI95: 1.849445 | AJ95: 0 | AK95: 1085.3985 | AL95: 0 | AM95: 0 | AN95: 0.32501563 | AO95: 0.7768987 | AP95: 0.60563083 | AQ95: 0.79473545 | AR95: 17.286 | AS95: 1067.853 | AT95: 106.76847 | AU95: 119.73178 | AV95: 3.5346523 | AW95: 1.5161263 | AX95: 0.30082147 | AY95: 0.19150576 | AZ95: 1938.5757 | BA95: 922.98103 | BB95: 670.48479 | BC95: 487.27157 | BD95: 4.0495198 | BE95: 2.8281046 | BF95: 0.81208704 | BG95: 0.85533759 | BH95: 0.81208704 | BI95: 0.866485 | BJ95: 42.771 | BK95: 1181.495 | BL95: 3.1750485 | BM95: 2.7598085 | BN95: 0 | BO95: 0 | BP95: 1108.9367 | BQ95: 1066.4488 | BR95: 0 | BS95: 0 | BT95: 0.4946514 | BU95: 0.52892481 | BV95: 0.83570358 | BW95: 0.80220959 | BX95: 24.103 | BY95: 706.939 | BZ95: 51.242639 | CA95: 98.960238 | CB95: 3.285898 | CC95: 2.3853543 | CD95: 0 | CE95: 0 | CF95: 1365.4039 | CG95: 1049.893 | CH95: 0 | CI95: 0
A96: 45957 | B96: 0.72930116 | C96: 0.82457684 | D96: 0.72930116 | E96: 0.8461055 | F96: 51.004 | G96: 1431.036 | H96: 2.651243 | I96: 2.3634395 | J96: 975.25331 | K96: 1000.3186 | L96: 0.90811978 | M96: 0.83081241 | N96: 0.90811978 | O96: 0.87122952 | P96: 59.282 | Q96: 1402.227 | R96: 1.9202962 | S96: 2.3486304 | T96: 0.32387571 | U96: 0.24646509 | V96: 494.61945 | W96: 622.21453 | X96: 486.94376 | Y96: 502.08603 | Z96: 0.27892518 | AA96: 0.57172779 | AB96: 0.44040818 | AC96: 0.84398961 | AD96: 14.464 | AE96: 680.015 | AF96: 191.76796 | AG96: 109.93131 | AH96: 3.2148783 | AI96: 1.878488 | AJ96: 1643.5163 | AK96: 1097.2697 | AL96: 0 | AM96: 0 | AN96: 0.91180863 | AO96: 0.78205066 | AP96: 0.91180863 | AQ96: 0.79930489 | AR96: 49.761 | AS96: 1117.614 | AT96: 114.20015 | AU96: 119.48549 | AV96: 1.2459557 | AW96: 1.5040971 | AX96: 0.17282611 | AY96: 0.19067406 | AZ96: 784.1848 | BA96: 916.80122 | BB96: 445.73059 | BC96: 485.42199 | BD96: 2.8134483 | BE96: 2.8274521 | BF96: 0.73505446 | BG96: 0.85098126 | BH96: 0.73505446 | BI96: 0.86166517 | BJ96: 38.155 | BK96: 1219.65 | BL96: 3.4884026 | BM96: 2.7826016 | BN96: 0 | BO96: 0 | BP96: 1310.3847 | BQ96: 1074.08 | BR96: 0 | BS96: 0 | BT96: 0.56080583 | BU96: 0.530054 | BV96: 0.56080583 | BW96: 0.78947467 | BX96: 27.523 | BY96: 734.462 | BZ96: 119.15686 | CA96: 99.71708 | CB96: 2.8594267 | CC96: 2.4031196 | CD96: 0 | CE96: 0 | CF96: 1336.6177 | CG96: 1060.6376 | CH96: 0 | CI96: 0
A97: 45958 | B97: 0.7313933 | C97: 0.82115487 | D97: 0.7313933 | E97: 0.84178709 | F97: 48.39 | G97: 1479.426 | H97: 2.660529 | I97: 2.3731569 | J97: 922.47944 | K97: 997.77256 | L97: 0.97036088 | M97: 0.83605348 | N97: 0.97036088 | O97: 0.87512663 | P97: 63.91 | Q97: 1466.137 | R97: 1.8992333 | S97: 2.3290409 | T97: 0.28321077 | U97: 0.24806686 | V97: 420.42356 | W97: 613.41832 | X97: 461.86825 | Y97: 500.33291 | Z97: 0.20423658 | AA97: 0.55695657 | AB97: 0.20423658 | AC97: 0.80674227 | AD97: 10.173 | AE97: 690.188 | AF97: 191.48266 | AG97: 111.13333 | AH97: 3.6862283 | AI97: 1.9051331 | AJ97: 1898.0419 | AK97: 1109.0727 | AL97: 0 | AM97: 0 | AN97: 0.88749759 | AO97: 0.78592278 | AP97: 0.88749759 | AQ97: 0.8026122 | AR97: 48.349 | AS97: 1165.963 | AT97: 120.94421 | AU97: 119.54598 | AV97: 1.2761381 | AW97: 1.4946443 | AX97: 0.17787338 | AY97: 0.19014325 | AZ97: 811.16011 | BA97: 912.4206 | BB97: 467.02103 | BC97: 484.65896 | BD97: 2.8956131 | BE97: 2.8302785 | BF97: 0.79284083 | BG97: 0.8489818 | BH97: 0.79284083 | BI97: 0.85926961 | BJ97: 40.47 | BK97: 1260.12 | BL97: 3.3012108 | BM97: 2.7992572 | BN97: 0 | BO97: 0 | BP97: 1117.2021 | BQ97: 1075.4649 | BR97: 0 | BS97: 0 | BT97: 1.0354079 | BU97: 0.54731995 | BV97: 1.0354079 | BW97: 0.80178382 | BX97: 50.752 | BY97: 785.214 | BZ97: 78.568637 | CA97: 98.350158 | CB97: 1.8087957 | CC97: 2.3647057 | CD97: 0 | CE97: 0 | CF97: 812.05017 | CG97: 1044.5702 | CH97: 0 | CI97: 0
A98: 45959 | B98: 0.94014828 | C98: 0.82534028 | D98: 0.94014828 | E98: 0.84533059 | F98: 61.749 | G98: 1541.175 | H98: 2.0970542 | I98: 2.3620945 | J98: 860.25393 | K98: 992.26271 | L98: 0.98321761 | M98: 0.84202816 | N98: 0.98321761 | O98: 0.87971138 | P98: 72.963 | Q98: 1539.1 | R98: 1.9875005 | S98: 2.3128497 | T98: 0.17406083 | U98: 0.24455851 | V98: 567.89523 | W98: 611.26024 | X98: 314.11811 | Y98: 491.50516 | Z98: 0.23000545 | AA98: 0.54544357 | AB98: 0.86028012 | AC98: 0.80748846 | AD98: 10.403 | AE98: 700.591 | AF98: 56.619495 | AG98: 110.32386 | AH98: 1.336153 | AI98: 1.8966844 | AJ98: 1347.6074 | AK98: 1112.6147 | AL98: 0 | AM98: 0 | AN98: 0.84773451 | AO98: 0.78803843 | AP98: 0.84773451 | AQ98: 0.80418826 | AR98: 44.572 | AS98: 1210.535 | AT98: 124.64298 | AU98: 119.73365 | AV98: 1.4201741 | AW98: 1.4919023 | AX98: 0.24230459 | AY98: 0.19206384 | AZ98: 917.37324 | BA98: 912.60296 | BB98: 608.67809 | BC98: 489.22535 | BD98: 2.9166293 | BE98: 2.8334579 | BF98: 0.82674456 | BG98: 0.8482277 | BH98: 0.82674456 | BI98: 0.85815373 | BJ98: 43.074 | BK98: 1303.194 | BL98: 3.1620003 | BM98: 2.8112468 | BN98: 0 | BO98: 0 | BP98: 1139.2891 | BQ98: 1077.5744 | BR98: 0 | BS98: 0 | BT98: 0.82954699 | BU98: 0.55677131 | BV98: 0.82954699 | BW98: 0.80312495 | BX98: 41.236 | BY98: 826.45 | BZ98: 100.31042 | CA98: 98.447966 | CB98: 2.2553109 | CC98: 2.3592474 | CD98: 0 | CE98: 0 | CF98: 1070.9996 | CG98: 1045.8889 | CH98: 0 | CI98: 0
A99: 45960 | B99: 0.70458464 | C99: 0.82060091 | D99: 0.70458464 | E99: 0.83967822 | F99: 53.747 | G99: 1594.922 | H99: 2.7069976 | I99: 2.3737173 | J99: 934.0045 | K99: 990.29948 | L99: 0.91218583 | M99: 0.84479647 | N99: 0.91218583 | O99: 0.88104776 | P99: 68.493 | Q99: 1607.593 | R99: 2.0809426 | S99: 2.3029691 | T99: 0.23360051 | U99: 0.24409163 | V99: 552.68422 | W99: 608.76455 | X99: 348.09397 | Y99: 485.39499 | Z99: 0 | AA99: 0.52756302 | AB99: #DIV/0! | AC99: 0.80748846 | AD99: 0 | AE99: 700.591 | AF99: 0 | AG99: 110.32386 | AH99: 0 | AI99: 1.9172384 | AJ99: 0 | AK99: 1119.8523 | AL99: 0 | AM99: 0 | AN99: 0.82012368 | AO99: 0.7891435 | AP99: 0.82012368 | AQ99: 0.80474795 | AR99: 44.938 | AS99: 1255.473 | AT99: 124.2155 | AU99: 119.89407 | AV99: 1.4108327 | AW99: 1.4890006 | AX99: 0.26480929 | AY99: 0.19466767 | AZ99: 912.82656 | BA99: 912.61096 | BB99: 600.07566 | BC99: 493.19309 | BD99: 5.1181628 | BE99: 2.9152359 | BF99: 0.74764745 | BG99: 0.8449262 | BH99: 0.74764745 | BI99: 0.85448538 | BJ99: 38.984 | BK99: 1342.178 | BL99: 3.5476093 | BM99: 2.8326347 | BN99: 0 | BO99: 0 | BP99: 1413.8626 | BQ99: 1087.342 | BR99: 0 | BS99: 0 | BT99: 0.73589136 | BU99: 0.56292283 | BV99: 0.74544485 | BW99: 0.80034466 | BX99: 38.848 | BY99: 865.298 | BZ99: 105.66835 | CA99: 98.772129 | CB99: 2.3990939 | CC99: 2.3610363 | CD99: 0.11068781 | CE99: 0.0049693863 | CF99: 972.86295 | CG99: 1042.6104 | CH99: 256.73909 | CI99: 11.526434
A100: 45961 | B100: 0.79466555 | C100: 0.81961611 | D100: 0.79466555 | E100: 0.83793084 | F100: 60.962 | G100: 1655.884 | H100: 2.5448148 | I100: 2.3800164 | J100: 906.79407 | K100: 987.22519 | L100: 0.73917938 | M100: 0.84175524 | N100: 0.73917938 | O100: 0.87679264 | P100: 41.704 | Q100: 1649.297 | R100: 2.9641521 | S100: 2.3196877 | T100: 0.32610781 | U100: 0.24616549 | V100: 898.98259 | W100: 616.10298 | X100: 525.58508 | Y100: 486.41123 | Z100: 0 | AA100: 0.51081757 | AB100: #DIV/0! | AC100: 0.80748846 | AD100: 0 | AE100: 700.591 | AF100: 0 | AG100: 110.32386 | AH100: 0 | AI100: 1.9417891 | AJ100: 0 | AK100: 1127.8883 | AL100: 0 | AM100: 0 | AN100: 0.78131922 | AO100: 0.78888926 | AP100: 0.78131922 | AQ100: 0.80397213 | AR100: 41.746 | AS100: 1297.219 | AT100: 124.92287 | AU100: 120.0559 | AV100: 1.4779859 | AW100: 1.4886461 | AX100: 0.21319408 | AY100: 0.19526387 | AZ100: 931.10669 | BA100: 913.20617 | BB100: 501.86365 | BC100: 493.47212 | BD100: 5.5095099 | BE100: 2.9987227 | BF100: 0.84111559 | BG100: 0.84480151 | BH100: 0.84111559 | BI100: 0.85404309 | BJ100: 45.202 | BK100: 1387.38 | BL100: 3.103845 | BM100: 2.841471 | BN100: 0 | BO100: 0 | BP100: 1309.8969 | BQ100: 1094.5931 | BR100: 0 | BS100: 0 | BT100: 0.74858932 | BU100: 0.56906056 | BV100: 0.74858932 | BW100: 0.79794558 | BX100: 39.34 | BY100: 904.638 | BZ100: 85.230546 | CA100: 98.183246 | CB100: 2.0081342 | CC100: 2.3456897 | CD100: 0.20843925 | CE100: 0.013817682 | CF100: 646.66955 | CG100: 1025.3921 | CH100: 491.59126 | CI100: 32.403016
A102: Oktober | B102: =+'[8]eff all'!$B$38:$C$38 -> 0.81961611 | D102: =+'[8]eff all'!$D$38:$E$38 -> 0.83793084 | F102: =+'[8]eff all'!$F$38:$G$38 -> 1655.884 | H102: =+'[8]eff all'!$H$38:$I$38 -> 2.3800164 | J102: =+'[8]eff all'!$J$38:$K$38 -> 987.22519 | L102: =+'[8]eff all'!$L$38:$M$38 -> 0.84175524 | N102: =+'[8]eff all'!$N$38:$O$38 -> 0.87679264 | P102: =+'[8]eff all'!$P$38:$Q$38 -> 1649.297 | R102: =+'[8]eff all'!$R$38:$S$38 -> 2.3196877 | T102: =+'[8]eff all'!$T$38:$U$38 -> 0.24616549 | V102: =+'[8]eff all'!$V$38:$W$38 -> 616.10298 | X102: =+'[8]eff all'!$X$38:$Y$38 -> 486.41123 | Z102: =+'[8]eff all'!$Z$38:$AA$38 -> 0.51081757 | AB102: =+'[8]eff all'!$AB$38:$AC$38 -> 0.80748846 | AD102: =+'[8]eff all'!$AD$38:$AE$38 -> 700.591 | AF102: =+'[8]eff all'!$AF$38:$AG$38 -> 110.32386 | AH102: =+'[8]eff all'!$AH$38:$AI$38 -> 1.9417891 | AJ102: =+'[8]eff all'!$AJ$38:$AK$38 -> 1127.8883 | AL102: =+'[8]eff all'!$AL$38:$AM$38 -> 0 | AN102: =+'[8]eff all'!$AN$38:$AO$38 -> 0.78888926 | AP102: =+'[8]eff all'!$AP$38:$AQ$38 -> 0.80397213 | AR102: =+'[8]eff all'!$AR$38:$AS$38 -> 1297.219 | AT102: =+'[8]eff all'!$AT$38:$AU$38 -> 120.0559 | AV102: =+'[8]eff all'!$AV$38:$AW$38 -> 1.4886461 | AX102: =+'[8]eff all'!$AX$38:$AY$38 -> 0.19526387 | AZ102: =+'[8]eff all'!$AZ$38:$BA$38 -> 913.20617 | BB102: =+'[8]eff all'!$BB$38:$BC$38 -> 493.47212 | BD102: =+'[8]eff all'!$BD$38:$BE$38 -> 2.9987227 | BF102: =+'[8]eff all'!$BF$38:$BG$38 -> 0.84480151 | BH102: =+'[8]eff all'!$BH$38:$BI$38 -> 0.85404309 | BJ102: =+'[8]eff all'!$BJ$38:$BK$38 -> 1387.38 | BL102: =+'[8]eff all'!$BL$38:$BM$38 -> 2.841471 | BN102: =+'[8]eff all'!$BN$38:$BO$38 -> 0 | BP102: =+'[8]eff all'!$BP$38:$BQ$38 -> 1094.5931 | BR102: =+'[8]eff all'!$BR$38:$BS$38 -> 0 | BT102: =+'[8]eff all'!$BT$38:$BU$38 -> 0.56906056 | BV102: =+'[8]eff all'!$BV$38:$BW$38 -> 0.79794558 | BX102: =+'[8]eff all'!$BX$38:$BY$38 -> 904.638 | BZ102: =+'[8]eff all'!$BZ$38:$CA$38 -> 98.183246 | CB102: =+'[8]eff all'!$CB$38:$CC$38 -> 2.3456897 | CD102: =+'[8]eff all'!$CD$38:$CE$38 -> 0.013817682 | CF102: =+'[8]eff all'!$CF$38:$CG$38 -> 1025.3921 | CH102: =+'[8]eff all'!$CH$38:$CI$38 -> 32.403016 | CJ102: =+'[8]eff all'!$CJ$38:$CK$38 -> 0
A103: 45901 | B103: 1.0678219 | C103: 1.0678219 | D103: 1.0678219 | E103: 1.0678219 | F103: 64.294 | G103: 64.294 | H103: 1.8991974 | I103: 1.8991974 | J103: 888.5277 | K103: 888.5277 | L103: 0.98323083 | M103: 0.98323083 | N103: 0.98323083 | O103: 0.98323083 | P103: 73.316 | Q103: 73.316 | R103: 1.8645043 | S103: 1.8645043 | T103: 0.24551258 | U103: 0.24551258 | V103: 431.76114 | W103: 431.76114 | X103: 436.37132 | Y103: 436.37132 | Z103: 0.96558565 | AA103: 0.96558565 | AB103: 0.96558565 | AC103: 0.96558565 | AD103: 41.482 | AE103: 41.482 | AF103: 82.606975 | AG103: 82.606975 | AH103: 1.4223036 | AI103: 1.4223036 | AJ103: 852.82773 | AK103: 852.82773 | AL103: 0 | AM103: 0 | AN103: 0.98361101 | AO103: 0.98361101 | AP103: 0.98361101 | AQ103: 0.98361101 | AR103: 52.709 | AS103: 52.709 | AT103: 94.546489 | AU103: 94.546489 | AV103: 1.3925516 | AW103: 1.3925516 | AX103: 0.2276651 | AY103: 0.2276651 | AZ103: 697.92635 | BA103: 697.92635 | BB103: 582.05525 | BC103: 582.05525 | BD103: 6.0710695 | BE103: 6.0710695 | BF103: 0.8031443 | BG103: 0.8031443 | BH103: 0.8031443 | BI103: 0.8031443 | BJ103: 41.051 | BK103: 41.051 | BL103: 3.4469319 | BM103: 3.4469319 | BN103: 0 | BO103: 0 | BP103: 1086.9285 | BQ103: 1086.9285 | BR103: 0 | BS103: 0 | BT103: 0.8896989 | BU103: 0.8896989 | BV103: 0.8896989 | BW103: 0.8896989 | BX103: 48.403 | BY103: 48.403 | BZ103: 72.988173 | CA103: 72.988173 | CB103: 1.9110386 | CC103: 1.9110386 | CD103: 0.19833481 | CE103: 0.19833481 | CF103: 724.5522 | CG103: 724.5522 | CH103: 518.59286 | CI103: 518.59286 | CJ103: 0 | CK103: 0
A104: 45902 | B104: 0.85276139 | C104: 0.94741911 | D104: 0.85276139 | E104: 0.94741911 | F104: 65.31 | G104: 129.604 | H104: 2.1482621 | I104: 2.024706 | J104: 816.14301 | K104: 852.05163 | L104: 0.95719613 | M104: 0.97141642 | N104: 0.95719613 | O104: 0.97141642 | P104: 59.299 | Q104: 132.615 | R104: 1.7975683 | S104: 1.8345738 | T104: 0.22934619 | U104: 0.23828375 | V104: 615.57783 | W104: 513.95506 | X104: 394.66096 | Y104: 417.72047 | Z104: 0.73741505 | AA104: 0.85158809 | AB104: 0.73741505 | AC104: 0.85158809 | AD104: 31.631 | AE104: 73.113 | AF104: 118.65273 | AG104: 98.201513 | AH104: 1.8589359 | AI104: 1.6112046 | AJ104: 1119.5441 | AK104: 968.21769 | AL104: 0 | AM104: 0 | AN104: 0.94147686 | AO104: 0.96236531 | AP104: 0.94147686 | AQ104: 0.96236531 | AR104: 51.314 | AS104: 104.023 | AT104: 102.94912 | AU104: 98.691465 | AV104: 1.4323576 | AW104: 1.4121877 | AX104: 0.18318588 | AY104: 0.20572373 | AZ104: 817.36563 | BA104: 756.84512 | BB104: 488.98936 | BC104: 536.14633 | BD104: 6.4309935 | BE104: 6.2486181 | BF104: 0.87043464 | BG104: 0.83667816 | BH104: 0.87043464 | BI104: 0.83667816 | BJ104: 44.197 | BK104: 85.248 | BL104: 3.1088083 | BM104: 3.271631 | BN104: 0 | BO104: 0 | BP104: 934.44012 | BQ104: 1007.8706 | BR104: 0 | BS104: 0 | BT104: 0.95087673 | BU104: 0.92065519 | BV104: 0.95087673 | BW104: 0.92065519 | BX104: 52.989 | BY104: 101.392 | BZ104: 71.093322 | CA104: 71.997895 | CB104: 1.76263 | CC104: 1.833478 | CD104: 0.17928249 | CE104: 0.18837778 | CF104: 644.16105 | CG104: 682.53856 | CH104: 473.53224 | CI104: 495.04349 | CJ104: 0 | CK104: 0
A105: 45903 | B105: 0.95985015 | C105: 0.95208778 | D105: 0.95985015 | E105: 0.95208778 | F105: 78.973 | G105: 208.577 | H105: 2.078989 | I105: 2.0452591 | J105: 643.38571 | K105: 773.04497 | L105: 0.72036837 | M105: 0.8973071 | N105: 0.84950367 | O105: 0.93946473 | P105: 41.19 | Q105: 173.805 | R105: 2.6957271 | S105: 2.0386583 | T105: 0.3884438 | U105: 0.27387014 | V105: 771.70066 | W105: 575.03812 | X105: 659.69896 | Y105: 475.06689 | Z105: 0.75118846 | AA105: 0.8184718 | AB105: 0.75118846 | AC105: 0.8184718 | AD105: 31.743 | AE105: 104.856 | AF105: 119.74718 | AG105: 104.72402 | AH105: 1.7421164 | AI105: 1.6508354 | AJ105: 1059.1343 | AK105: 995.74083 | AL105: 0 | AM105: 0 | AN105: 0.95395307 | AO105: 0.95954543 | AP105: 0.95395307 | AQ105: 0.95954543 | AR105: 51.994 | AS105: 156.017 | AT105: 102.29934 | AU105: 99.893821 | AV105: 1.4193945 | AW105: 1.4145894 | AX105: 0.18271339 | AY105: 0.19805534 | AZ105: 710.08386 | BA105: 741.26153 | BB105: 473.67966 | BC105: 515.32878 | BD105: 5.9622264 | BE105: 6.1531756 | BF105: 0.33684821 | BG105: 0.67301644 | BH105: 0.33684821 | BI105: 0.67301644 | BJ105: 16.709 | BK105: 101.957 | BL105: 3.6447424 | BM105: 3.3327775 | BN105: 0 | BO105: 0 | BP105: 2815.4378 | BQ105: 1304.0998 | BR105: 0 | BS105: 0 | BT105: 0.93061928 | BU105: 0.92397514 | BV105: 0.93061928 | BW105: 0.92397514 | BX105: 51.212 | BY105: 152.604 | BZ105: 73.594339 | CA105: 72.533642 | CB105: 1.7945013 | CC105: 1.8203979 | CD105: 0.18355073 | CE105: 0.18675788 | CF105: 594.39487 | CG105: 652.95864 | CH105: 480.91268 | CI105: 490.30137 | CJ105: 0 | CK105: 0
A106: 45904 | B106: 0.89540385 | C106: 0.93685701 | D106: 0.89540385 | E106: 0.93685701 | F106: 72.073 | G106: 280.65 | H106: 2.3098803 | I106: 2.1132157 | J106: 875.77761 | K106: 799.42747 | L106: 0.90779745 | M106: 0.89950372 | N106: 0.90779745 | O106: 0.93258987 | P106: 46.571 | Q106: 220.376 | R106: 2.365485 | S106: 2.107725 | T106: 0.356445 | U106: 0.29132029 | V106: 923.11696 | W106: 648.59595 | X106: 515.98634 | Y106: 483.7142 | Z106: 0.93365626 | AA106: 0.84769114 | AB106: 0.93365626 | AC106: 0.84769114 | AD106: 40.656 | AE106: 145.512 | AF106: 92.692371 | AG106: 101.36238 | AH106: 1.4684179 | AI106: 1.5998681 | AJ106: 922.12515 | AK106: 975.17263 | AL106: 0 | AM106: 0 | AN106: 0.91641848 | AO106: 0.94877725 | AP106: 0.91641848 | AQ106: 0.94877725 | AR106: 49.585 | AS106: 205.602 | AT106: 106.72399 | AU106: 101.54105 | AV106: 1.4540688 | AW106: 1.4241107 | AX106: 0.17948977 | AY106: 0.19357788 | AZ106: 863.76767 | BA106: 770.80632 | BB106: 460.70969 | BC106: 502.1563 | BD106: 0.60502168 | BE106: 4.8151283 | BF106: 0.86412217 | BG106: 0.72096836 | BH106: 0.86412217 | BI106: 0.72096836 | BJ106: 43.85 | BK106: 145.807 | BL106: 2.677309 | BM106: 3.1356519 | BN106: 0 | BO106: 0 | BP106: 764.28461 | BQ106: 1141.7557 | BR106: 0 | BS106: 0 | BT106: 0.95234777 | BU106: 0.93094676 | BV106: 0.95234777 | BW106: 0.93094676 | BX106: 51.239 | BY106: 203.843 | BZ106: 73.471179 | CA106: 72.769306 | CB106: 1.8930892 | CC106: 1.83867 | CD106: 0.17759909 | CE106: 0.18445568 | CF106: 728.83702 | CG106: 672.03181 | CH106: 464.0354 | CI106: 483.69902 | CJ106: 0 | CK106: 0
A107: 45905 | B107: 0.89387056 | C107: 0.92787501 | D107: 0.89387056 | E107: 0.92787501 | F107: 70.73 | G107: 351.38 | H107: 2.2907818 | I107: 2.1489584 | J107: 815.62929 | K107: 802.68877 | L107: 0.92861572 | M107: 0.90454417 | N107: 0.92861572 | O107: 0.93188099 | P107: 47.639 | Q107: 268.015 | R107: 2.2947795 | S107: 2.1409735 | T107: 0.30437247 | U107: 0.29364028 | V107: 778.75879 | W107: 671.73207 | X107: 453.01119 | Y107: 478.25681 | Z107: 0.93246799 | AA107: 0.86518585 | AB107: 0.93246799 | AC107: 0.86518585 | AD107: 41.62 | AE107: 187.132 | AF107: 89.91527 | AG107: 98.816431 | AH107: 1.4632388 | AI107: 1.5694804 | AJ107: 819.30466 | AK107: 940.50606 | AL107: 0 | AM107: 0 | AN107: 0.87475931 | AO107: 0.93403909 | AP107: 0.87475931 | AQ107: 0.93403909 | AR107: 47.129 | AS107: 252.731 | AT107: 112.48354 | AU107: 103.5816 | AV107: 1.5171126 | AW107: 1.4414536 | AX107: 0.21430542 | AY107: 0.19744313 | AZ107: 813.28821 | BA107: 778.72829 | BB107: 557.77228 | BC107: 512.52751 | BD107: 12.094464 | BE107: 6.1725708 | BF107: 0.91309238 | BG107: 0.75950599 | BH107: 0.91309238 | BI107: 0.75950599 | BJ107: 46.335 | BK107: 192.142 | BL107: 2.5337218 | BM107: 2.9904966 | BN107: 0 | BO107: 0 | BP107: 1061.34 | BQ107: 1122.3635 | BR107: 0 | BS107: 0 | BT107: 0.78086979 | BU107: 0.90134422 | BV107: 0.78086979 | BW107: 0.90134422 | BX107: 42.013 | BY107: 245.856 | BZ107: 77.797103 | CA107: 73.628479 | CB107: 1.9493966 | CC107: 1.8575914 | CD107: 0.19993811 | CE107: 0.18710139 | CF107: 901.13036 | CG107: 711.18122 | CH107: 511.93083 | CI107: 488.5234 | CJ107: 0 | CK107: 0
A108: 45906 | B108: 0.586101 | C108: 0.87347793 | D108: 0.586101 | E108: 0.87347793 | F108: 42.013 | G108: 393.393 | H108: 2.5762026 | I108: 2.1945866 | J108: 698.74087 | K108: 791.5875 | L108: 0.92731399 | M108: 0.9079169 | N108: 0.92731399 | O108: 0.93118718 | P108: 47.775 | Q108: 315.79 | R108: 2.2993407 | S108: 2.1649324 | T108: 0.25745683 | U108: 0.28816619 | V108: 730.79644 | W108: 680.66775 | X108: 387.37834 | Y108: 464.50806 | Z108: 0.50696506 | AA108: 0.80390812 | AB108: 0.50696506 | AC108: 0.80390812 | AD108: 22.628 | AE108: 209.76 | AF108: 113.73293 | AG108: 100.42556 | AH108: 2.0107831 | AI108: 1.6170862 | AJ108: 1050.3005 | AK108: 952.35021 | AL108: 0 | AM108: 0 | AN108: 0.82301129 | AO108: 0.91564395 | AP108: 0.82301129 | AQ108: 0.91564395 | AR108: 44.222 | AS108: 296.953 | AT108: 102.29386 | AU108: 103.38983 | AV108: 1.5218669 | AW108: 1.4534287 | AX108: 0.19447334 | AY108: 0.19700087 | AZ108: 844.74244 | BA108: 788.55906 | BB108: 501.30795 | BC108: 510.8567 | BD108: 0.45226358 | BE108: 5.3207073 | BF108: 0.88211277 | BG108: 0.78015979 | BH108: 0.88211277 | BI108: 0.78015979 | BJ108: 45.208 | BK108: 237.35 | BL108: 2.6190055 | BM108: 2.9197388 | BN108: 0 | BO108: 0 | BP108: 807.00982 | BQ108: 1062.2982 | BR108: 0 | BS108: 0 | BT108: 0.64662176 | BU108: 0.86016098 | BV108: 0.64662176 | BW108: 0.86016098 | BX108: 34.016 | BY108: 279.872 | BZ108: 94.097248 | CA108: 76.116279 | CB108: 2.4253293 | CC108: 1.926595 | CD108: 0.22342427 | CE108: 0.19151612 | CF108: 1057.129 | CG108: 753.22815 | CH108: 577.93862 | CI108: 499.39104 | CJ108: 0 | CK108: 0
A109: 45907 | B109: 0.75330194 | C109: 0.85758932 | D109: 0.75330194 | E109: 0.85758932 | F109: 51.689 | G109: 445.082 | H109: 2.8473176 | I109: 2.2703906 | J109: 952.14804 | K109: 810.23398 | L109: 0.73773035 | M109: 0.88495401 | N109: 0.73773035 | O109: 0.90450773 | P109: 40.022 | Q109: 355.812 | R109: 2.7579831 | S109: 2.2316392 | T109: 0.38228974 | U109: 0.29875327 | V109: 977.5491 | W109: 714.06119 | X109: 552.89591 | Y109: 474.44999 | Z109: 0.82946545 | AA109: 0.80742101 | AB109: 0.82946545 | AC109: 0.80742101 | AD109: 34.489 | AE109: 244.249 | AF109: 92.209442 | AG109: 99.265408 | AH109: 1.5976108 | AI109: 1.6143362 | AJ109: 1041.6533 | AK109: 964.96018 | AL109: 0 | AM109: 0 | AN109: 0.9534867 | AO109: 0.92101796 | AP109: 0.9534867 | AQ109: 0.92101796 | AR109: 51.181 | AS109: 348.134 | AT109: 92.018748 | AU109: 101.71811 | AV109: 1.4575721 | AW109: 1.4540378 | AX109: 0.19733886 | AY109: 0.19705056 | AZ109: 767.38594 | BA109: 785.44629 | BB109: 506.92093 | BC109: 510.27808 | BD109: 10.961099 | BE109: 6.1499308 | BF109: 0.87181188 | BG109: 0.79351595 | BH109: 0.87181188 | BI109: 0.79351595 | BJ109: 45.245 | BK109: 282.595 | BL109: 2.6301249 | BM109: 2.87337 | BN109: 0 | BO109: 0 | BP109: 1224.0108 | BQ109: 1088.1892 | BR109: 0 | BS109: 0 | BT109: 0.91407344 | BU109: 0.86763391 | BV109: 0.91407344 | BW109: 0.86763391 | BX109: 47.859 | BY109: 327.731 | BZ109: 79.131971 | CA109: 76.556665 | CB109: 1.995445 | CC109: 1.9366493 | CD109: 0.2026787 | CE109: 0.19314621 | CF109: 842.02282 | CG109: 766.19496 | CH109: 520.84833 | CI109: 502.52448 | CJ109: 0 | CK109: 0
A110: 45908 | B110: 1.0296637 | C110: 0.8773458 | D110: 1.0296637 | E110: 0.8773458 | F110: 69.313 | G110: 514.395 | H110: 2.107671 | I110: 2.2484647 | J110: 796.06567 | K110: 808.32485 | L110: 0.94951569 | M110: 0.89299409 | N110: 0.94951569 | O110: 0.91022084 | P110: 54.306 | Q110: 410.118 | R110: 2.1364674 | S110: 2.219037 | T110: 0.25043273 | U110: 0.29235488 | V110: 672.74058 | W110: 708.5897 | X110: 407.04526 | Y110: 465.52456 | Z110: 0 | AA110: 0.71088685 | AB110: 0 | AC110: 0.71088685 | AD110: 0 | AE110: 244.249 | AF110: 0 | AG110: 100.4478 | AH110: 0 | AI110: 1.6790243 | AJ110: 0 | AK110: 992.54556 | AL110: 0 | AM110: 0 | AN110: 0.92090401 | AO110: 0.92100436 | AP110: 0.92090401 | AQ110: 0.92100436 | AR110: 47.154 | AS110: 395.288 | AT110: 118.75851 | AU110: 103.75086 | AV110: 1.613861 | AW110: 1.4731032 | AX110: 0.20358824 | AY110: 0.19783044 | AZ110: 861.80812 | BA110: 794.55551 | BB110: 475.29605 | BC110: 506.10507 | BD110: 6.6590321 | BE110: 6.2106616 | BF110: 1.0447146 | BG110: 0.82579687 | BH110: 1.0447146 | BI110: 0.82579687 | BJ110: 54.862 | BK110: 337.457 | BL110: 2.1344464 | BM110: 2.7532397 | BN110: 0 | BO110: 0 | BP110: 793.60122 | BQ110: 1040.2967 | BR110: 0 | BS110: 0 | BT110: 0.9239106 | BU110: 0.8746504 | BV110: 0.9239106 | BW110: 0.8746504 | BX110: 49.709 | BY110: 377.44 | BZ110: 78.783809 | CA110: 76.849981 | CB110: 1.9453218 | CC110: 1.9377914 | CD110: 0.20519423 | CE110: 0.19473294 | CF110: 759.75276 | CG110: 765.34652 | CH110: 469.26895 | CI110: 498.14471 | CJ110: 0 | CK110: 0
A111: 45909 | B111: 1.0228548 | C111: 0.89114554 | D111: 1.0228548 | E111: 0.89114554 | F111: 62.834 | G111: 577.229 | H111: 2.0939141 | I111: 2.2316412 | J111: 886.77499 | K111: 816.8645 | L111: 0.89713475 | M111: 0.89349628 | N111: 0.89713475 | O111: 0.90860688 | P111: 56.868 | Q111: 466.986 | R111: 2.1506647 | S111: 2.2107108 | T111: 0.25497644 | U111: 0.28780306 | V111: 732.27879 | W111: 711.47448 | X111: 404.69157 | Y111: 458.11652 | Z111: 0.75825128 | AA111: 0.71642963 | AB111: 0.75825128 | AC111: 0.71642963 | AD111: 34.528 | AE111: 278.777 | AF111: 106.64212 | AG111: 101.21499 | AH111: 1.8680491 | AI111: 1.702436 | AJ111: 1032.774 | AK111: 997.52806 | AL111: 0 | AM111: 0 | AN111: 0.69590702 | AO111: 0.89705537 | AP111: 0.69590702 | AQ111: 0.89705537 | AR111: 35.561 | AS111: 430.849 | AT111: 111.93649 | AU111: 104.42648 | AV111: 1.7969123 | AW111: 1.4998294 | AX111: 0.20809314 | AY111: 0.19867749 | AZ111: 1009.8034 | BA111: 812.32144 | BB111: 568.10157 | BC111: 511.22208 | BD111: 6.88957 | BE111: 6.2666967 | BF111: 0.92890615 | BG111: 0.83696194 | BH111: 0.92890615 | BI111: 0.83696194 | BJ111: 46.095 | BK111: 383.552 | BL111: 2.5382363 | BM111: 2.7274007 | BN111: 0 | BO111: 0 | BP111: 1123.7104 | BQ111: 1050.3213 | BR111: 0 | BS111: 0 | BT111: 0.85675118 | BU111: 0.87268679 | BV111: 0.85675118 | BW111: 0.87268679 | BX111: 45.557 | BY111: 422.997 | BZ111: 71.872323 | CA111: 76.313884 | CB111: 2.0282284 | CC111: 1.9475315 | CD111: 0.21292008 | CE111: 0.1966917 | CF111: 902.154 | CG111: 780.08076 | CH111: 587.82931 | CI111: 507.80379 | CJ111: 0 | CK111: 0
A112: 45910 | B112: 0.89912884 | C112: 0.89179471 | D112: 0.89912884 | E112: 0.89179471 | F112: 51.55 | G112: 628.779 | H112: 2.4567216 | I112: 2.2500942 | J112: 931.19573 | K112: 826.23787 | L112: 0.89034205 | M112: 0.89314508 | N112: 0.89034205 | O112: 0.90654274 | P112: 58.303 | Q112: 525.289 | R112: 2.1253109 | S112: 2.2012321 | T112: 0.33445963 | U112: 0.29298158 | V112: 484.85001 | W112: 686.32092 | X112: 498.99662 | Y112: 462.65389 | Z112: 0.85091418 | AA112: 0.73006475 | AB112: 0.85091418 | AC112: 0.73006475 | AD112: 37.358 | AE112: 316.135 | AF112: 113.73495 | AG112: 102.69449 | AH112: 1.5632529 | AI112: 1.6859886 | AJ112: 915.01526 | AK112: 987.77744 | AL112: 0 | AM112: 0 | AN112: 0.08805689 | AO112: 0.81891191 | AP112: 0.13176083 | AQ112: 0.84601748 | AR112: 4.522 | AS112: 435.371 | AT112: 412.26706 | AU112: 107.62388 | AV112: 5.1525874 | AW112: 1.5377689 | AX112: 0 | AY112: 0.19661392 | AZ112: 3306.7536 | BA112: 838.22997 | BB112: 0 | BC112: 505.91224 | BD112: 0 | BE112: 6.2016074 | BF112: 0.82268928 | BG112: 0.83552977 | BH112: 0.82268928 | BI112: 0.83552977 | BJ112: 42.05 | BK112: 425.602 | BL112: 2.803805 | BM112: 2.7349496 | BN112: 0 | BO112: 0 | BP112: 970.21902 | BQ112: 1042.4071 | BR112: 0 | BS112: 0 | BT112: 0.72851204 | BU112: 0.85809657 | BV112: 0.72851204 | BW112: 0.85809657 | BX112: 39.758 | BY112: 462.755 | BZ112: 84.909157 | CA112: 77.052355 | CB112: 2.120328 | CC112: 1.9623775 | CD112: 0.23894562 | CE112: 0.20032198 | CF112: 685.01207 | CG112: 771.91285 | CH112: 578.17295 | CI112: 513.84962 | CJ112: 3.2697822 | CK112: 0.28092619
A113: 45911 | B113: 0.92092365 | C113: 0.89467601 | D113: 0.92092365 | E113: 0.89467601 | F113: 71.278 | G113: 700.057 | H113: 2.386613 | I113: 2.2639942 | J113: 746.49906 | K113: 818.11907 | L113: 0.85668999 | M113: 0.89002894 | N113: 0.85668999 | O113: 0.90222299 | P113: 47.094 | Q113: 572.383 | R113: 2.3791778 | S113: 2.2158729 | T113: 0.36098017 | U113: 0.2985763 | V113: 816.16002 | W113: 697.0037 | X113: 550.81327 | Y113: 469.90739 | Z113: 0.87485288 | AA113: 0.74355839 | AB113: 0.87485288 | AC113: 0.74355839 | AD113: 38.934 | AE113: 355.069 | AF113: 88.454075 | AG113: 101.133 | AH113: 1.5462064 | AI113: 1.6706612 | AJ113: 955.95007 | AK113: 984.2875 | AL113: 0 | AM113: 0 | AN113: 0.6905248 | AO113: 0.80798102 | AP113: 0.6905248 | AQ113: 0.83237905 | AR113: 34.165 | AS113: 469.536 | AT113: 127.8417 | AU113: 109.09499 | AV113: 1.7152056 | AW113: 1.5506798 | AX113: 0 | AY113: 0.18230764 | AZ113: 1099.9257 | BA113: 857.27182 | BB113: 0 | BC113: 469.10039 | BD113: 0 | BE113: 5.7503578 | BF113: 0.84799198 | BG113: 0.83670737 | BH113: 0.84799198 | BI113: 0.83670737 | BJ113: 45.076 | BK113: 470.678 | BL113: 2.5911793 | BM113: 2.7211809 | BN113: 0 | BO113: 0 | BP113: 1012.2114 | BQ113: 1039.5153 | BR113: 0 | BS113: 0 | BT113: 0.58932351 | BU113: 0.83249136 | BV113: 0.58932351 | BW113: 0.83249136 | BX113: 33.465 | BY113: 496.22 | BZ113: 89.748011 | CA113: 77.908548 | CB113: 2.265053 | CC113: 1.9827899 | CD113: 0.24204393 | CE113: 0.20313571 | CF113: 1089.1511 | CG113: 793.30734 | CH113: 456.95503 | CI113: 510.01266 | CJ113: 4.1834753 | CK113: 0.5441135
A114: 45912 | B114: 0.94480049 | C114: 0.89904249 | D114: 0.94480049 | E114: 0.89904249 | F114: 70.546 | G114: 770.603 | H114: 2.3801775 | I114: 2.2746304 | J114: 768.72679 | K114: 813.59738 | L114: 0.88279398 | M114: 0.88948881 | N114: 0.88279398 | O114: 0.90075413 | P114: 45.804 | Q114: 618.187 | R114: 2.4771199 | S114: 2.2352298 | T114: 0.2969173 | U114: 0.29845338 | V114: 806.816 | W114: 705.14014 | X114: 513.95075 | Y114: 473.17074 | Z114: 0.88333889 | AA114: 0.75566095 | AB114: 0.88333889 | AC114: 0.75566095 | AD114: 39.984 | AE114: 395.053 | AF114: 101.34047 | AG114: 101.154 | AH114: 1.5206082 | AI114: 1.6554741 | AJ114: 997.16387 | AK114: 985.59074 | AL114: 0 | AM114: 0 | AN114: 0.84628732 | AO114: 0.81101755 | AP114: 0.84628732 | AQ114: 0.83351214 | AR114: 42.341 | AS114: 511.877 | AT114: 148.11884 | AU114: 112.32293 | AV114: 1.5729435 | AW114: 1.5525214 | AX114: 0 | AY114: 0.16722767 | AZ114: 1016.0506 | BA114: 870.40555 | BB114: 0 | BC114: 430.29775 | BD114: 0 | BE114: 5.2747047 | BF114: 0.85446468 | BG114: 0.83821018 | BH114: 0.85446468 | BI114: 0.83821018 | BJ114: 44.44 | BK114: 515.118 | BL114: 2.5810081 | BM114: 2.709088 | BN114: 0 | BO114: 0 | BP114: 1126.6629 | BQ114: 1047.0336 | BR114: 0 | BS114: 0 | BT114: 0.78381753 | BU114: 0.82858614 | BV114: 0.78381753 | BW114: 0.82858614 | BX114: 40.755 | BY114: 536.975 | BZ114: 86.602937 | CA114: 78.568429 | CB114: 1.9752178 | CC114: 1.9822152 | CD114: 0.21101705 | CE114: 0.20373388 | CF114: 874.27064 | CG114: 799.45225 | CH114: 648.06772 | CI114: 520.49067 | CJ114: 3.68053 | CK114: 0.78215932
A115: 45913 | B115: 1.0056969 | C115: 0.90709241 | D115: 1.0056969 | E115: 0.90709241 | F115: 70.374 | G115: 840.977 | H115: 2.1514338 | I115: 2.2643211 | J115: 813.66499 | K115: 813.60304 | L115: 0.99205408 | M115: 0.89709599 | N115: 0.99205408 | O115: 0.9076051 | P115: 55.234 | Q115: 673.421 | R115: 2.0786291 | S115: 2.2223854 | T115: 0.29329761 | U115: 0.2980305 | V115: 757.21096 | W115: 709.41099 | X115: 444.67176 | Y115: 470.83325 | Z115: 0.42579185 | AA115: 0.73019933 | AB115: 1.3276666 | AC115: 0.77060412 | AD115: 18.619 | AE115: 413.672 | AF115: 59.52431 | AG115: 99.280285 | AH115: 1.0312047 | AI115: 1.6273763 | AJ115: 1133.8343 | AK115: 992.26305 | AL115: 0 | AM115: 0 | AN115: 0.95309049 | AO115: 0.82134543 | AP115: 0.95309049 | AQ115: 0.84242791 | AR115: 47.157 | AS115: 559.034 | AT115: 142.3109 | AU115: 114.85255 | AV115: 1.3677715 | AW115: 1.5369369 | AX115: 0 | AY115: 0.15312128 | AZ115: 923.95318 | BA115: 874.92253 | BB115: 0 | BC115: 394.00022 | BD115: 0 | BE115: 4.8297599 | BF115: 0.7292132 | BG115: 0.83015317 | BH115: 0.7292132 | BI115: 0.83015317 | BJ115: 35.77 | BK115: 550.888 | BL115: 3.2065977 | BM115: 2.7413921 | BN115: 0 | BO115: 0 | BP115: 1242.0266 | BQ115: 1059.6948 | BR115: 0 | BS115: 0 | BT115: 0.88586478 | BU115: 0.83284041 | BV115: 0.88586478 | BW115: 0.83284041 | BX115: 46.061 | BY115: 583.036 | BZ115: 80.279665 | CA115: 78.70362 | CB115: 1.8540631 | CC115: 1.9720909 | CD115: 0.21493237 | CE115: 0.20461858 | CF115: 815.79406 | CG115: 800.74328 | CH115: 568.35501 | CI115: 524.27205 | CJ115: 0.21710341 | CK115: 0.73751878
A116: 45914 | B116: 0.92250382 | C116: 0.90822796 | D116: 0.92250382 | E116: 0.90822796 | F116: 68.031 | G116: 909.008 | H116: 2.3596743 | I116: 2.2714575 | J116: 759.82626 | K116: 809.57833 | L116: 0.90324047 | M116: 0.89754626 | N116: 0.90324047 | O116: 0.90728179 | P116: 53.616 | Q116: 727.037 | R116: 2.1854857 | S116: 2.2196642 | T116: 0.25365563 | U116: 0.29475804 | V116: 680.14231 | W116: 707.25255 | X116: 415.41704 | Y116: 466.74653 | Z116: 0 | AA116: 0.67845643 | AB116: #DIV/0! | AC116: 0.77060412 | AD116: 0 | AE116: 413.672 | AF116: 0 | AG116: 99.280285 | AH116: 0 | AI116: 1.632211 | AJ116: 0 | AK116: 1008.6812 | AL116: 0 | AM116: 0 | AN116: 0.71470051 | AO116: 0.81409622 | AP116: 0.71470051 | AQ116: 0.83353828 | AR116: 35.478 | AS116: 594.512 | AT116: 147.46385 | AU116: 116.79866 | AV116: 1.6319973 | AW116: 1.5426097 | AX116: 0 | AY116: 0.14398364 | AZ116: 1095.9395 | BA116: 888.1119 | BB116: 0 | BC116: 370.48793 | BD116: 0 | BE116: 4.54154 | BF116: 0.90967646 | BG116: 0.83562183 | BH116: 0.90967646 | BI116: 0.83562183 | BJ116: 44.578 | BK116: 595.466 | BL116: 2.5102068 | BM116: 2.724085 | BN116: 0 | BO116: 0 | BP116: 1044.7443 | BQ116: 1058.5756 | BR116: 0 | BS116: 0 | BT116: 0.98329625 | BU116: 0.84324265 | BV116: 0.98329625 | BW116: 0.84324265 | BX116: 51.127 | BY116: 634.163 | BZ116: 72.961007 | CA116: 78.240644 | CB116: 1.8287793 | CC116: 1.960537 | CD116: 0.17603223 | CE116: 0.20231392 | CF116: 733.12751 | CG116: 795.29201 | CH116: 474.30907 | CI116: 520.24398 | CJ116: 6.4545152 | CK116: 1.1984301
A117: 45915 | B117: 1.0712136 | C117: 0.91977512 | D117: 1.0712136 | E117: 0.91977512 | F117: 81.75 | G117: 990.758 | H117: 1.8384343 | I117: 2.2357276 | J117: 676.26985 | K117: 798.5787 | L117: 0.83695326 | M117: 0.89319426 | N117: 0.83695326 | O117: 0.90217973 | P117: 52.461 | Q117: 779.498 | R117: 2.3626503 | S117: 2.2292873 | T117: 0.3888603 | U117: 0.30109122 | V117: 683.13013 | W117: 705.62908 | X117: 613.25556 | Y117: 476.60674 | Z117: 0 | AA117: 0.63356142 | AB117: #DIV/0! | AC117: 0.77060412 | AD117: 0 | AE117: 413.672 | AF117: 0 | AG117: 99.280285 | AH117: 0 | AI117: 1.6384962 | AJ117: 0 | AK117: 1023.2219 | AL117: 0 | AM117: 0 | AN117: 0.95467823 | AO117: 0.82305458 | AP117: 0.95467823 | AQ117: 0.84143006 | AR117: 47.45 | AS117: 641.962 | AT117: 125.03541 | AU117: 117.40747 | AV117: 1.3466807 | AW117: 1.5281278 | AX117: 0 | AY117: 0.13334123 | AZ117: 882.93066 | BA117: 887.72893 | BB117: 0 | BC117: 343.10367 | BD117: 0 | BE117: 4.2058564 | BF117: 0.82573464 | BG117: 0.83500823 | BH117: 0.82573464 | BI117: 0.83500823 | BJ117: 38.934 | BK117: 634.4 | BL117: 2.8663893 | BM117: 2.7328184 | BN117: 0 | BO117: 0 | BP117: 1190.8252 | BQ117: 1066.6919 | BR117: 0 | BS117: 0 | BT117: 0.90978992 | BU117: 0.84754607 | BV117: 0.90978992 | BW117: 0.84754607 | BX117: 47.305 | BY117: 681.468 | BZ117: 77.414007 | CA117: 78.183262 | CB117: 1.9427122 | CC117: 1.9592996 | CD117: 0.22830568 | CE117: 0.20411817 | CF117: 754.62615 | CG117: 792.46914 | CH117: 552.45746 | CI117: 522.48012 | CJ117: 3.5937005 | CK117: 1.3647009
...

Sheet Report1
A3: PAPER MACHINE 11 DAILY REPORT 1
A6: Date | B6: Grade | C6: GSM | D6: Speed yankee (mpm) | E6: Speed reel (mpm) | F6: Creep ( % ) | G6: Real Eff PM ( % ) | H6: Real Eff PM vs Target (%) | I6: Real Eff FG vs Real Eff PM (%) | J6: Eff FG vs Target (%) | L6: Kapasitas Target (ton) | N6: Kapasitas Teori Real (ton) | P6: PM PROD Timbangan (TON) | R6: FINSHED GOODS (TON) | T6: STEAM (TON) | Z6: POWER (kWh) | AF6: TOTALIZER | AH6: Kapasitas Running (ton) | AJ6: Eff FG vs Target Running(%)
T7: CONSUMPTION | V7: /TON PM. | X7: /TON FG. | Z7: CONSUMPTION | AB7: /TON PM | AD7: /TON FG
J8: TODAY | K8: TODATE | L8: TODAY | M8: TODATE | N8: TODAY | O8: TODATE | P8: TODAY | Q8: TODATE | R8: TODAY | S8: TODATE | T8: TODAY | U8: TODATE | V8: TODAY | W8: TODATE | X8: TODAY | Y8: TODATE | Z8: TODAY | AA8: TODATE | AB8: TODAY | AC8: TODATE | AD8: TODAY | AE8: TODATE | AF8: Hood | AG8: Yankee | AH8: TODAY | AI8: TODATE | AJ8: TODAY | AK8: TODATE
A9: 45992 | B9: Facial/MG | C9: 13/15,5/16,5 | D9: =+'1'!F42 -> 1123.8264 | E9: =+'1'!G42 -> 1101.0699 | F9: =1-(E9/D9) -> 0.020249118 | G9: =+P9/N9 -> 0.87245399 | H9: =+P9/L9 -> 0.79106826 | I9: =+R9/P9 -> 0.72621359 | J9: =+R9/L9 -> 0.57448452 | K9: =+S9/M9 -> 0.57448452 | L9: =+SUM(Efficiency1!K6:K8) -> 72.263043 | M9: =L9 -> 72.263043 | N9: =+SUM(Efficiency1!C6:C8) -> 65.52208 | O9: =N9 -> 65.52208 | P9: ='1'!I38 -> 57.165 | Q9: =P9 -> 57.165 | R9: ='1'!I40 -> 41.514 | S9: =R9 -> 41.514 | T9: =+AF9+AG9 -> 140.027 | U9: =T9 -> 140.027 | V9: =T9/(P9) -> 2.4495233 | W9: =U9/(Q9) -> 2.4495233 | X9: =IF(AND(R9>0,T9>0),T9/(R9),0) -> 3.3730067 | Y9: =IF(AND(S9>0,U9>0),U9/(S9),0) -> 3.3730067 | Z9: ='1'!I46 -> 52346.66 | AA9: =Z9 -> 52346.66 | AB9: =IF(AND(L9>0,Z9>0),(Z9/(P9*1000)*1000),0) -> 915.71171 | AC9: =IF(AND(M9>0,AA9>0),(AA9/(Q9*1000)*1000),0) -> 915.71171 | AD9: =IF(AND(R9>0,Z9>0),(Z9/(R9*1000)*1000),0) -> 1260.9399 | AE9: =IF(AND(S9>0,AA9>0),(AA9/(S9*1000)*1000),0) -> 1260.9399 | AF9: =4.03 -> 4.03 | AG9: 135.997 | AH9: =+SUM(Efficiency2!K6:K8) -> 72.263043 | AI9: =AH9 -> 72.263043 | AJ9: =+R9/AH9 -> 0.57448452 | AK9: =+S9/AI9 -> 0.57448452
A10: =A9+1 -> 45993 | B10: MG | C10: 16,5 | D10: =+'2'!F42 -> 1100 | E10: =+'2'!G42 -> 1096.15 | F10: =1-(E10/D10) -> 0.0035 | G10: =+P10/N10 -> 0.62340527 | H10: =+P10/L10 -> 0.5647485 | I10: =+R10/P10 -> 0.98364596 | J10: =+R10/L10 -> 0.55551258 | K10: =+S10/M10 -> 0.56446973 | L10: =+Efficiency1!K11 -> 80.79565 | M10: =M9+L10 -> 153.05869 | N10: =+Efficiency1!C11 -> 73.193514 | O10: =O9+N10 -> 138.71559 | P10: ='2'!I38 -> 45.629222 | Q10: =Q9+P10 -> 102.79422 | R10: ='2'!I40 -> 44.883 | S10: =S9+R10 -> 86.397 | T10: =+AF10+AG10 -> 138.376 | U10: =T10+U9 -> 278.403 | V10: =T10/(P10) -> 3.032618 | W10: =U10/(Q10) -> 2.7083526 | X10: =IF(AND(R10>0,T10>0),T10/(R10),0) -> 3.0830381 | Y10: =IF(AND(S10>0,U10>0),U10/(S10),0) -> 3.2223688 | Z10: ='2'!I46 -> 28575.9 | AA10: =Z10+AA9 -> 80922.56 | AB10: =IF(AND(L10>0,Z10>0),(Z10/(P10*1000)*1000),0) -> 626.26314 | AC10: =IF(AND(M10>0,AA10>0),(AA10/(Q10*1000)*1000),0) -> 787.22868 | AD10: =IF(AND(R10>0,Z10>0),(Z10/(R10*1000)*1000),0) -> 636.67536 | AE10: =IF(AND(S10>0,AA10>0),(AA10/(S10*1000)*1000),0) -> 936.63623 | AF10: =3.08 -> 3.08 | AG10: 135.296 | AH10: =+Efficiency2!K11 -> 80.79565 | AI10: =AI9+AH10 -> 153.05869 | AJ10: =+R10/AH10 -> 0.55551258 | AK10: =+S10/AI10 -> 0.56446973
A11: =A10+1 -> 45994 | B11: MG | C11: 16,5 | D11: =+'3'!F42 -> 1151.5789 | E11: =+'3'!G42 -> 1147.5484 | F11: =1-(E11/D11) -> 0.0035 | G11: =+P11/N11 -> 0.39334421 | H11: =+P11/L11 -> 0.37304259 | I11: =+R11/P11 -> 0.78182767 | J11: =+R11/L11 -> 0.29165502 | K11: =+S11/M11 -> 0.46912956 | L11: =+Efficiency1!K16 -> 82.223856 | M11: =M10+L11 -> 235.28255 | N11: =+Efficiency1!C16 -> 77.980046 | O11: =O10+N11 -> 216.69564 | P11: ='3'!I38 -> 30.673 | Q11: =Q10+P11 -> 133.46722 | R11: ='3'!I40 -> 23.981 | S11: =S10+R11 -> 110.378 | T11: =+AF11+AG11 -> 67.696 | U11: =T11+U10 -> 346.099 | V11: =T11/(P11) -> 2.2070225 | W11: =U11/(Q11) -> 2.5931386 | X11: =IF(AND(R11>0,T11>0),T11/(R11),0) -> 2.8229015 | Y11: =IF(AND(S11>0,U11>0),U11/(S11),0) -> 3.1355796 | Z11: ='3'!I46 -> 59765.2 | AA11: =Z11+AA10 -> 140687.76 | AB11: =IF(AND(L11>0,Z11>0),(Z11/(P11*1000)*1000),0) -> 1948.4628 | AC11: =IF(AND(M11>0,AA11>0),(AA11/(Q11*1000)*1000),0) -> 1054.0997 | AD11: =IF(AND(R11>0,Z11>0),(Z11/(R11*1000)*1000),0) -> 2492.1897 | AE11: =IF(AND(S11>0,AA11>0),(AA11/(S11*1000)*1000),0) -> 1274.5996 | AF11: =0.728 -> 0.728 | AG11: 66.968 | AH11: =+Efficiency2!K16 -> 82.223856 | AI11: =AI10+AH11 -> 235.28255 | AJ11: =+R11/AH11 -> 0.29165502 | AK11: =+S11/AI11 -> 0.46912956
A12: =A11+1 -> 45995 | B12: MG | C12: 17 | D12: =+'4'!F42 -> 1200 | E12: =+'4'!G42 -> 1195.8 | F12: =1-(E12/D12) -> 0.0035 | G12: =+P12/N12 -> 0.98486785 | H12: =+P12/L12 -> 0.9733099 | I12: =+R12/P12 -> 0.93372992 | J12: =+R12/L12 -> 0.90880857 | K12: =+S12/M12 -> 0.57830322 | L12: =+Efficiency1!K22 -> 77.719337 | M12: =M11+L12 -> 313.00189 | N12: =+Efficiency1!C22 -> 76.807259 | O12: =O11+N12 -> 293.5029 | P12: ='4'!I38 -> 75.645 | Q12: =Q11+P12 -> 209.11222 | R12: ='4'!I40 -> 70.632 | S12: =S11+R12 -> 181.01 | T12: =+AF12+AG12 -> 151.948 | U12: =T12+U11 -> 498.047 | V12: =T12/(P12) -> 2.0086985 | W12: =U12/(Q12) -> 2.3817211 | X12: =IF(AND(R12>0,T12>0),T12/(R12),0) -> 2.1512629 | Y12: =IF(AND(S12>0,U12>0),U12/(S12),0) -> 2.7514889 | Z12: ='4'!I46 -> 48995.16 | AA12: =Z12+AA11 -> 189682.92 | AB12: =IF(AND(L12>0,Z12>0),(Z12/(P12*1000)*1000),0) -> 647.69859 | AC12: =IF(AND(M12>0,AA12>0),(AA12/(Q12*1000)*1000),0) -> 907.08672 | AD12: =IF(AND(R12>0,Z12>0),(Z12/(R12*1000)*1000),0) -> 693.66803 | AE12: =IF(AND(S12>0,AA12>0),(AA12/(S12*1000)*1000),0) -> 1047.914 | AF12: =4.064 -> 4.064 | AG12: 147.884 | AH12: =+Efficiency2!K22 -> 77.719337 | AI12: =AI11+AH12 -> 313.00189 | AJ12: =+R12/AH12 -> 0.90880857 | AK12: =+S12/AI12 -> 0.57830322
A13: =A12+1 -> 45996 | B13: MG | C13: 17/14 | D13: =+'5'!F42 -> 1230.6944 | E13: =+'5'!G42 -> 1226.387 | F13: =1-(E13/D13) -> 0.0035 | G13: =+P13/N13 -> 1.0050538 | H13: =+P13/L13 -> 1.0015361 | I13: =+R13/P13 -> 0.95930832 | J13: =+R13/L13 -> 0.96078195 | K13: =+S13/M13 -> 0.65573572 | L13: =+SUM(Efficiency1!K26:K27) -> 79.451951 | M13: =M12+L13 -> 392.45384 | N13: =+SUM(Efficiency1!C26:C27) -> 79.173869 | O13: =O12+N13 -> 372.67677 | P13: ='5'!I38 -> 79.574 | Q13: =Q12+P13 -> 288.68622 | R13: ='5'!I40 -> 76.336 | S13: =S12+R13 -> 257.346 | T13: =+AF13+AG13 -> 109.386 | U13: =T13+U12 -> 607.433 | V13: =T13/(P13) -> 1.374645 | W13: =U13/(Q13) -> 2.1041288 | X13: =IF(AND(R13>0,T13>0),T13/(R13),0) -> 1.4329543 | Y13: =IF(AND(S13>0,U13>0),U13/(S13),0) -> 2.3603747 | Z13: ='5'!I46 -> 55873.82 | AA13: =Z13+AA12 -> 245556.74 | AB13: =IF(AND(L13>0,Z13>0),(Z13/(P13*1000)*1000),0) -> 702.16176 | AC13: =IF(AND(M13>0,AA13>0),(AA13/(Q13*1000)*1000),0) -> 850.60083 | AD13: =IF(AND(R13>0,Z13>0),(Z13/(R13*1000)*1000),0) -> 731.94587 | AE13: =IF(AND(S13>0,AA13>0),(AA13/(S13*1000)*1000),0) -> 954.18907 | AF13: =0.024 -> 0.024 | AG13: 109.362 | AH13: =+SUM(Efficiency1!K26:K27) -> 79.451951 | AI13: =AI12+AH13 -> 392.45384 | AJ13: =+R13/AH13 -> 0.96078195 | AK13: =+S13/AI13 -> 0.65573572
A14: =A13+1 -> 45997 | B14: MG | C14: 14 | D14: =+'6'!F42 -> 1270 | E14: =+'6'!G42 -> 1265.555 | F14: =1-(E14/D14) -> 0.0035 | G14: =+P14/N14 -> 1.0153508 | H14: =+P14/L14 -> 1.0117971 | I14: =+R14/P14 -> 1.0425492 | J14: =+R14/L14 -> 1.0548482 | K14: =+S14/M14 -> 0.71494296 | L14: =+Efficiency1!K31 -> 68.360544 | M14: =M13+L14 -> 460.81438 | N14: =+Efficiency1!C31 -> 68.121282 | O14: =O13+N14 -> 440.79805 | P14: ='6'!I38 -> 69.167 | Q14: =Q13+P14 -> 357.85322 | R14: ='6'!I40 -> 72.11 | S14: =S13+R14 -> 329.456 | T14: =+AF14+AG14 -> 142.815 | U14: =T14+U13 -> 750.248 | V14: =T14/(P14) -> 2.0647852 | W14: =U14/(Q14) -> 2.0965244 | X14: =IF(AND(R14>0,T14>0),T14/(R14),0) -> 1.9805159 | Y14: =IF(AND(S14>0,U14>0),U14/(S14),0) -> 2.2772328 | Z14: ='6'!I46 -> 54663.98 | AA14: =Z14+AA13 -> 300220.72 | AB14: =IF(AND(L14>0,Z14>0),(Z14/(P14*1000)*1000),0) -> 790.31879 | AC14: =IF(AND(M14>0,AA14>0),(AA14/(Q14*1000)*1000),0) -> 838.94933 | AD14: =IF(AND(R14>0,Z14>0),(Z14/(R14*1000)*1000),0) -> 758.06379 | AE14: =IF(AND(S14>0,AA14>0),(AA14/(S14*1000)*1000),0) -> 911.26196 | AF14: =0.157 -> 0.157 | AG14: 142.658 | AH14: =+Efficiency2!K31 -> 68.360544 | AI14: =AI13+AH14 -> 460.81438 | AJ14: =+R14/AH14 -> 1.0548482 | AK14: =+S14/AI14 -> 0.71494296
A15: =A14+1 -> 45998 | B15: MG | C15: 14/19 | D15: =+'7'!F42 -> 1253.3333 | E15: =+'7'!G42 -> 1248.9467 | F15: =1-(E15/D15) -> 0.0035 | G15: =+P15/N15 -> 1.0048115 | H15: =+P15/L15 -> 1.0012947 | I15: =+R15/P15 -> 1.0583849 | J15: =+R15/L15 -> 1.0597551 | K15: =+S15/M15 -> 0.76073971 | L15: =+SUM(Efficiency1!K35:K36) -> 70.577624 | M15: =M14+L15 -> 531.39201 | N15: =+SUM(Efficiency1!C35:C36) -> 70.330602 | O15: =O14+N15 -> 511.12865 | P15: ='7'!I38 -> 70.669 | Q15: =Q14+P15 -> 428.52222 | R15: ='7'!I40 -> 74.795 | S15: =S14+R15 -> 404.251 | T15: =+AF15+AG15 -> 143.477 | U15: =T15+U14 -> 893.725 | V15: =T15/(P15) -> 2.0302679 | W15: =U15/(Q15) -> 2.0855978 | X15: =IF(AND(R15>0,T15>0),T15/(R15),0) -> 1.9182699 | Y15: =IF(AND(S15>0,U15>0),U15/(S15),0) -> 2.210817 | Z15: ='7'!I46 -> 50713.58 | AA15: =Z15+AA14 -> 350934.3 | AB15: =IF(AND(L15>0,Z15>0),(Z15/(P15*1000)*1000),0) -> 717.6213 | AC15: =IF(AND(M15>0,AA15>0),(AA15/(Q15*1000)*1000),0) -> 818.94073 | AD15: =IF(AND(R15>0,Z15>0),(Z15/(R15*1000)*1000),0) -> 678.03436 | AE15: =IF(AND(S15>0,AA15>0),(AA15/(S15*1000)*1000),0) -> 868.10991 | AF15: =0.896 -> 0.896 | AG15: 142.581 | AH15: =+SUM(Efficiency2!K35:K36) -> 70.577624 | AI15: =AI14+AH15 -> 531.39201 | AJ15: =+R15/AH15 -> 1.0597551 | AK15: =+S15/AI15 -> 0.76073971
A16: =A15+1 -> 45999 | B16: MG | C16: 19/17/17/21,5 | D16: =+'8'!F42 -> 1045.1389 | E16: =+'8'!G42 -> 1041.4809 | F16: =1-(E16/D16) -> 0.0035 | G16: =+P16/N16 -> 0.95974118 | H16: =+P16/L16 -> 0.95638209 | I16: =+R16/P16 -> 1.1480079 | J16: =+R16/L16 -> 1.0979342 | K16: =+S16/M16 -> 0.80622244 | L16: =+SUM(Efficiency1!K40:K43) -> 82.852869 | M16: =M15+L16 -> 614.24487 | N16: =+SUM(Efficiency1!C40:C43) -> 82.562884 | O16: =O15+N16 -> 593.69154 | P16: ='8'!I38 -> 79.239 | Q16: =Q15+P16 -> 507.76122 | R16: ='8'!I40 -> 90.967 | S16: =S15+R16 -> 495.218 | T16: =+AF16+AG16 -> 147.91 | U16: =T16+U15 -> 1041.635 | V16: =T16/(P16) -> 1.8666313 | W16: =U16/(Q16) -> 2.0514268 | X16: =IF(AND(R16>0,T16>0),T16/(R16),0) -> 1.6259743 | Y16: =IF(AND(S16>0,U16>0),U16/(S16),0) -> 2.1033868 | Z16: ='8'!I46 -> 56930.38 | AA16: =Z16+AA15 -> 407864.68 | AB16: =IF(AND(L16>0,Z16>0),(Z16/(P16*1000)*1000),0) -> 718.46414 | AC16: =IF(AND(M16>0,AA16>0),(AA16/(Q16*1000)*1000),0) -> 803.26079 | AD16: =IF(AND(R16>0,Z16>0),(Z16/(R16*1000)*1000),0) -> 625.83552 | AE16: =IF(AND(S16>0,AA16>0),(AA16/(S16*1000)*1000),0) -> 823.60633 | AF16: =4.608 -> 4.608 | AG16: 143.302 | AH16: =+SUM(Efficiency2!K40:K43) -> 82.852869 | AI16: =AI15+AH16 -> 614.24487 | AJ16: =+R16/AH16 -> 1.0979342 | AK16: =+S16/AI16 -> 0.80622244
A17: =A16+1 -> 46000 | B17: MG/Facial | C17: 21,5/13 | D17: =+'9'!F42 -> 1654.4167 | E17: =+'9'!G42 -> 1262.7223 | F17: =1-(E17/D17) -> 0.23675681 | G17: =+P17/N17 -> 0.96344932 | H17: =+P17/L17 -> 0.94683729 | I17: =+R17/P17 -> 0.87380872 | J17: =+R17/L17 -> 0.82735468 | K17: =+S17/M17 -> 0.80826482 | L17: =+SUM(Efficiency1!K46:K47) -> 65.716677 | M17: =M16+L17 -> 679.96155 | N17: =+SUM(Efficiency1!C46:C47) -> 64.583573 | O17: =O16+N17 -> 658.27511 | P17: ='9'!I38 -> 62.223 | Q17: =Q16+P17 -> 569.98422 | R17: ='9'!I40 -> 54.371 | S17: =S16+R17 -> 549.589 | T17: =+AF17+AG17 -> 134.789 | U17: =T17+U16 -> 1176.424 | V17: =T17/(P17) -> 2.1662247 | W17: =U17/(Q17) -> 2.0639589 | X17: =IF(AND(R17>0,T17>0),T17/(R17),0) -> 2.4790605 | Y17: =IF(AND(S17>0,U17>0),U17/(S17),0) -> 2.1405523 | Z17: ='9'!I46 -> 56561.74 | AA17: =Z17+AA16 -> 464426.42 | AB17: =IF(AND(L17>0,Z17>0),(Z17/(P17*1000)*1000),0) -> 909.0166 | AC17: =IF(AND(M17>0,AA17>0),(AA17/(Q17*1000)*1000),0) -> 814.80575 | AD17: =IF(AND(R17>0,Z17>0),(Z17/(R17*1000)*1000),0) -> 1040.2924 | AE17: =IF(AND(S17>0,AA17>0),(AA17/(S17*1000)*1000),0) -> 845.04315 | AF17: =0.136 -> 0.136 | AG17: 134.653 | AH17: =+SUM(Efficiency2!K46:K47) -> 65.716677 | AI17: =AI16+AH17 -> 679.96155 | AJ17: =+R17/AH17 -> 0.82735468 | AK17: =+S17/AI17 -> 0.80826482
A18: =A17+1 -> 46001 | B18: Facial | C18: 13/10,5 | D18: =+'10'!F42 -> 1651.6667 | E18: =+'10'!G42 -> 1255 | F18: =1-(E18/D18) -> 0.24016145 | G18: =+P18/N18 -> 0.98162742 | H18: =+P18/L18 -> 0.95258907 | I18: =+R18/P18 -> 0.99462021 | J18: =+R18/L18 -> 0.94746434 | K18: =+S18/M18 -> 0.81993914 | L18: =+SUM(Efficiency1!K50:K51) -> 62.247197 | M18: =M17+L18 -> 742.20875 | N18: =+SUM(Efficiency1!C50:C51) -> 60.405811 | O18: =O17+N18 -> 718.68092 | P18: ='10'!I38 -> 59.296 | Q18: =Q17+P18 -> 629.28022 | R18: ='10'!I40 -> 58.977 | S18: =S17+R18 -> 608.566 | T18: =+AF18+AG18 -> 125.237 | U18: =T18+U17 -> 1301.661 | V18: =T18/(P18) -> 2.1120649 | W18: =U18/(Q18) -> 2.0684918 | X18: =IF(AND(R18>0,T18>0),T18/(R18),0) -> 2.1234888 | Y18: =IF(AND(S18>0,U18>0),U18/(S18),0) -> 2.1388987 | Z18: ='10'!I46 -> 56719.18 | AA18: =Z18+AA17 -> 521145.6 | AB18: =IF(AND(L18>0,Z18>0),(Z18/(P18*1000)*1000),0) -> 956.54311 | AC18: =IF(AND(M18>0,AA18>0),(AA18/(Q18*1000)*1000),0) -> 828.16142 | AD18: =IF(AND(R18>0,Z18>0),(Z18/(R18*1000)*1000),0) -> 961.71694 | AE18: =IF(AND(S18>0,AA18>0),(AA18/(S18*1000)*1000),0) -> 856.35017 | AF18: =0.166 -> 0.166 | AG18: 125.071 | AH18: =+SUM(Efficiency2!K50:K51) -> 62.247197 | AI18: =AI17+AH18 -> 742.20875 | AJ18: =+R18/AH18 -> 0.94746434 | AK18: =+S18/AI18 -> 0.81993914
A19: =A18+1 -> 46002 | B19: Facial/Sanitary Napkin | C19: 10,3/13 | D19: =+'11'!F42 -> 1378.8889 | E19: =+'11'!G42 -> 1109.8222 | F19: =1-(E19/D19) -> 0.19513296 | G19: =+P19/N19 -> 0.96401573 | H19: =+P19/L19 -> 0.94942614 | I19: =+R19/P19 -> 0.94211054 | J19: =+R19/L19 -> 0.89446438 | K19: =+S19/M19 -> 0.82495235 | L19: =+SUM(Efficiency1!K55:K56) -> 53.528124 | M19: =M18+L19 -> 795.73687 | N19: =+SUM(Efficiency1!C55:C56) -> 52.71802 | O19: =O18+N19 -> 771.39894 | P19: ='11'!I38 -> 50.821 | Q19: =Q18+P19 -> 680.10122 | R19: ='11'!I40 -> 47.879 | S19: =S18+R19 -> 656.445 | T19: =+AF19+AG19 -> 126.237 | U19: =T19+U18 -> 1427.898 | V19: =T19/(P19) -> 2.4839535 | W19: =U19/(Q19) -> 2.0995375 | X19: =IF(AND(R19>0,T19>0),T19/(R19),0) -> 2.6365839 | Y19: =IF(AND(S19>0,U19>0),U19/(S19),0) -> 2.1751982 | Z19: ='11'!I46 -> 55535.24 | AA19: =Z19+AA18 -> 576680.84 | AB19: =IF(AND(L19>0,Z19>0),(Z19/(P19*1000)*1000),0) -> 1092.7617 | AC19: =IF(AND(M19>0,AA19>0),(AA19/(Q19*1000)*1000),0) -> 847.93384 | AD19: =IF(AND(R19>0,Z19>0),(Z19/(R19*1000)*1000),0) -> 1159.9081 | AE19: =IF(AND(S19>0,AA19>0),(AA19/(S19*1000)*1000),0) -> 878.49072 | AF19: 0.166 | AG19: 126.071 | AH19: =+SUM(Efficiency2!K55:K56) -> 51.317604 | AI19: =AI18+AH19 -> 793.52635 | AJ19: =+R19/AH19 -> 0.93299368 | AK19: =+S19/AI19 -> 0.82725041
A20: =A19+1 -> 46003 | B20: Sanitary Napkin | C20: 13 | D20: =+'12'!F42 -> 1350 | E20: =+'12'!G42 -> 1080 | F20: =1-(E20/D20) -> 0.2 | G20: =+P20/N20 -> 1.0396699 | H20: =+P20/L20 -> 1.0396699 | I20: =+R20/P20 -> 0.99210916 | J20: =+R20/L20 -> 1.0314661 | K20: =+S20/M20 -> 0.83777021 | L20: =+Efficiency1!K60 -> 52.658058 | M20: =M19+L20 -> 848.39493 | N20: =+Efficiency1!C60 -> 52.658058 | O20: =O19+N20 -> 824.057 | P20: ='12'!I38 -> 54.747 | Q20: =Q19+P20 -> 734.84822 | R20: ='12'!I40 -> 54.315 | S20: =S19+R20 -> 710.76 | T20: =+AF20+AG20 -> 124.252 | U20: =T20+U19 -> 1552.15 | V20: =T20/(P20) -> 2.2695673 | W20: =U20/(Q20) -> 2.1122049 | X20: =IF(AND(R20>0,T20>0),T20/(R20),0) -> 2.2876185 | Y20: =IF(AND(S20>0,U20>0),U20/(S20),0) -> 2.1837892 | Z20: ='12'!I46 -> 59898.48 | AA20: =Z20+AA19 -> 636579.32 | AB20: =IF(AND(L20>0,Z20>0),(Z20/(P20*1000)*1000),0) -> 1094.0961 | AC20: =IF(AND(M20>0,AA20>0),(AA20/(Q20*1000)*1000),0) -> 866.2732 | AD20: =IF(AND(R20>0,Z20>0),(Z20/(R20*1000)*1000),0) -> 1102.7981 | AE20: =IF(AND(S20>0,AA20>0),(AA20/(S20*1000)*1000),0) -> 895.63189 | AF20: =0.14 -> 0.14 | AG20: 124.112 | AH20: =+Efficiency2!K60 -> 52.658058 | AI20: =AI19+AH20 -> 846.18441 | AJ20: =+R20/AH20 -> 1.0314661 | AK20: =+S20/AI20 -> 0.83995875
A21: =A20+1 -> 46004 | B21: Sanitary Napkin | C21: 13/14/15 | D21: =+'13'!F42 -> 1359.7222 | E21: =+'13'!G42 -> 1087.7778 | F21: =1-(E21/D21) -> 0.2 | G21: =+P21/N21 -> 1.0098483 | H21: =+P21/L21 -> 1.0098483 | I21: =+R21/P21 -> 0.88107235 | J21: =+R21/L21 -> 0.88974942 | K21: =+S21/M21 -> 0.8410105 | L21: =+SUM(Efficiency1!K64:K66) -> 56.403521 | M21: =M20+L21 -> 904.79845 | N21: =+SUM(Efficiency1!C64:C66) -> 56.403521 | O21: =O20+N21 -> 880.46052 | P21: ='13'!I38 -> 56.959 | Q21: =Q20+P21 -> 791.80722 | R21: ='13'!I40 -> 50.185 | S21: =S20+R21 -> 760.945 | T21: =+AF21+AG21 -> 125.345 | U21: =T21+U20 -> 1677.495 | V21: =T21/(P21) -> 2.200618 | W21: =U21/(Q21) -> 2.1185649 | X21: =IF(AND(R21>0,T21>0),T21/(R21),0) -> 2.4976587 | Y21: =IF(AND(S21>0,U21>0),U21/(S21),0) -> 2.2044892 | Z21: ='13'!I46 -> 57170.82 | AA21: =Z21+AA20 -> 693750.14 | AB21: =IF(AND(L21>0,Z21>0),(Z21/(P21*1000)*1000),0) -> 1003.7188 | AC21: =IF(AND(M21>0,AA21>0),(AA21/(Q21*1000)*1000),0) -> 876.16041 | AD21: =IF(AND(R21>0,Z21>0),(Z21/(R21*1000)*1000),0) -> 1139.2014 | AE21: =IF(AND(S21>0,AA21>0),(AA21/(S21*1000)*1000),0) -> 911.69551 | AF21: =0.311 -> 0.311 | AG21: 125.034 | AH21: =+SUM(Efficiency2!K64:K66) -> 56.403521 | AI21: =AI20+AH21 -> 902.58793 | AJ21: =+R21/AH21 -> 0.88974942 | AK21: =+S21/AI21 -> 0.84307021
A22: =A21+1 -> 46005 | B22: Sanitary Napkin/Facial | C22: 15/10,3 | D22: =+'14'!F42 -> 1355.1042 | E22: =+'14'!G42 -> 1085.6 | F22: =1-(E22/D22) -> 0.19888077 | G22: =+P22/N22 -> 1.0313115 | H22: =+P22/L22 -> 1.0289194 | I22: =+R22/P22 -> 0.78486764 | J22: =+R22/L22 -> 0.80756556 | K22: =+S22/M22 -> 0.83896194 | L22: =SUM(Efficiency1!K69:K70) -> 59.036693 | M22: =M21+L22 -> 963.83514 | N22: =+SUM(Efficiency1!C69:C70) -> 58.899758 | O22: =O21+N22 -> 939.36028 | P22: ='14'!I38 -> 60.744 | Q22: =Q21+P22 -> 852.55122 | R22: ='14'!I40 -> 47.676 | S22: =S21+R22 -> 808.621 | T22: =+AF22+AG22 -> 130.701 | U22: =T22+U21 -> 1808.196 | V22: =T22/(P22) -> 2.1516693 | W22: =U22/(Q22) -> 2.1209236 | X22: =IF(AND(R22>0,T22>0),T22/(R22),0) -> 2.7414422 | Y22: =IF(AND(S22>0,U22>0),U22/(S22),0) -> 2.2361477 | Z22: ='14'!I46 -> 51936.82 | AA22: =Z22+AA21 -> 745686.96 | AB22: =IF(AND(L22>0,Z22>0),(Z22/(P22*1000)*1000),0) -> 855.01152 | AC22: =IF(AND(M22>0,AA22>0),(AA22/(Q22*1000)*1000),0) -> 874.65356 | AD22: =IF(AND(R22>0,Z22>0),(Z22/(R22*1000)*1000),0) -> 1089.3703 | AE22: =IF(AND(S22>0,AA22>0),(AA22/(S22*1000)*1000),0) -> 922.17115 | AF22: =1.349 -> 1.349 | AG22: 129.352 | AH22: =+SUM(Efficiency2!K69:K70) -> 59.036693 | AI22: =AI21+AH22 -> 961.62462 | AJ22: =+R22/AH22 -> 0.80756556 | AK22: =+S22/AI22 -> 0.84089049
A23: =A22+1 -> 46006 | B23: Facial | C23: 10,3 | D23: =+'15'!F42 -> 1603.3333 | E23: =+'15'!G42 -> 1346.8 | F23: =1-(E23/D23) -> 0.16 | G23: =+P23/N23 -> 1.0015722 | H23: =+P23/L23 -> 0.92823933 | I23: =+R23/P23 -> 1.209211 | J23: =+R23/L23 -> 1.1224372 | K23: =+S23/M23 -> 0.85487759 | L23: =+Efficiency1!K75 -> 57.333274 | M23: =M22+L23 -> 1021.1684 | N23: =+Efficiency1!C75 -> 53.135462 | O23: =O22+N23 -> 992.49574 | P23: ='15'!I38 -> 53.219 | Q23: =Q22+P23 -> 905.77022 | R23: ='15'!I40 -> 64.353 | S23: =S22+R23 -> 872.974 | T23: =+AF23+AG23 -> 120.385 | U23: =T23+U22 -> 1928.581 | V23: =T23/(P23) -> 2.2620681 | W23: =U23/(Q23) -> 2.1292166 | X23: =IF(AND(R23>0,T23>0),T23/(R23),0) -> 1.8706976 | Y23: =IF(AND(S23>0,U23>0),U23/(S23),0) -> 2.2092078 | Z23: ='15'!I46 -> 55241.1 | AA23: =Z23+AA22 -> 800928.06 | AB23: =IF(AND(L23>0,Z23>0),(Z23/(P23*1000)*1000),0) -> 1037.9958 | AC23: =IF(AND(M23>0,AA23>0),(AA23/(Q23*1000)*1000),0) -> 884.25082 | AD23: =IF(AND(R23>0,Z23>0),(Z23/(R23*1000)*1000),0) -> 858.40753 | AE23: =IF(AND(S23>0,AA23>0),(AA23/(S23*1000)*1000),0) -> 917.47069 | AF23: =0.36 -> 0.36 | AG23: 120.025 | AH23: =+Efficiency2!K75 -> 57.333274 | AI23: =AI22+AH23 -> 1018.9579 | AJ23: =+R23/AH23 -> 1.1224372 | AK23: =+S23/AI23 -> 0.85673216
