Workbook

Sheet eff all
A1: DATE | B1: PM 11 | L1: PM 12 | Z1: PM 14 | AN1: PM 15 | BF1: PM 16 | BT1: PM 17
B2: Eff Avaliable | D2: Eff Running | F2: PHP (ton) | H2: STEAM/Ton FG | J2: ELECTRIC/ton FG | L2: Eff Avaliable | N2: Eff Running | P2: PHP (ton) | R2: STEAM/ton FG | T2: STEAM DIP/ton FG | V2: ELECTRIC/ton FG | X2: ELECTRIC DIP/ton FG | Z2: Eff Avaliable | AB2: Eff Running | AD2: PHP (ton) | AF2: GAS /ton FG | AH2: STEAM /ton FG | AJ2: ELECTRIC /ton FG | AL2: Electric WPL /ton FG | AN2: Eff Avaliable | AP2: Eff Running | AR2: PHP (ton) | AT2: GAS /ton FG | AV2: STEAM /ton FG | AX2: STEAM DIP /ton FG | AZ2: ELECTRIC /ton FG | BB2: ELECTRIC DIP /ton FG | BD2: Electric WPL /ton FG | BF2: Eff Avaliable | BH2: Eff Running | BJ2: PHP (ton) | BL2: STEAM /ton FG | BN2: STEAM DIP/ton FG | BP2: ELECTRIC /ton FG | BR2: ELECTRIC DIP/ton FG | BT2: Eff Avaliable | BV2: Eff Running | BX2: PHP (ton) | BZ2: GAS /ton FG | CB2: STEAM /ton FG | CD2: STEAM DIP /ton FG | CF2: ELECTRIC /ton FG | CH2: ELECTRIC DIP /ton FG | CJ2: ELECTRIC WPL /ton FG
B3: Today | C3: Todate | D3: Today | E3: Todate | F3: Today | G3: Todate | H3: Today | I3: Todate | J3: Today | K3: Todate | L3: Today | M3: Todate | N3: Today | O3: Todate | P3: Today | Q3: Todate | R3: Today | S3: Todate | T3: Today | U3: Todate | V3: Today | W3: Todate | X3: Today | Y3: Todate | Z3: Today | AA3: Todate | AB3: Today | AC3: Todate | AD3: Today | AE3: Todate | AF3: Today | AG3: Todate | AH3: Today | AI3: Todate | AJ3: Today | AK3: Todate | AL3: Today | AM3: Todate | AN3: Today | AO3: Todate | AP3: Today | AQ3: Todate | AR3: Today | AS3: Todate | AT3: Today | AU3: Todate | AV3: Today | AW3: Todate | AX3: Today | AY3: Todate | AZ3: Today | BA3: Todate | BB3: Today | BC3: Todate | BD3: Today | BE3: Todate | BF3: Today | BG3: Todate | BH3: Today | BI3: Todate | BJ3: Today | BK3: Todate | BL3: Today | BM3: Todate | BN3: Today | BO3: Todate | BP3: Today | BQ3: Todate | BR3: Today | BS3: Todate | BT3: Today | BU3: Todate | BV3: Today | BW3: Todate | BX3: Today | BY3: Todate | BZ3: Today | CA3: Todate | CB3: Today | CC3: Todate | CD3: Today | CE3: Todate | CF3: Today | CG3: Todate | CH3: Today | CI3: Todate | CJ3: Today | CK3: Todate
A4: 45839 | B4: =+Report1!J9 -> 0.99094273 | C4: =+Report1!K9 -> 0.99094273 | D4: =+Report1!AJ9 -> 0.99094273 | E4: =+Report1!AK9 -> 0.99094273 | F4: =+Report1!R9 -> 68.672 | G4: =+Report1!S9 -> 68.672 | H4: =+Report1!X9 -> 2.0336382 | I4: =+Report1!Y9 -> 2.0336382 | J4: =+Report1!AD9 -> 870.29736 | K4: =+Report1!AE9 -> 870.29736 | L4: =+[1]Report1!J9 -> 0.87283823 | M4: =+[1]Report1!K9 -> 0.87283823 | N4: =+[1]Report1!BJ9 -> 0.90228791 | O4: =+[1]Report1!BK9 -> 0.90228791 | P4: =+[1]Report1!R9 -> 59.787 | Q4: =+[1]Report1!S9 -> 59.787 | R4: =+[1]Report1!AL9 -> 2.0316791 | S4: =+[1]Report1!AM9 -> 2.0316791 | T4: =+[1]Report1!AR9 -> 0.26761671 | U4: =+[1]Report1!AS9 -> 0.26761671 | V4: =+[1]Report1!AX9 -> 622.43615 | W4: =+[1]Report1!AY9 -> 622.43615 | X4: =+[1]Report1!BD9 -> 530.73411 | Y4: =+[1]Report1!BE9 -> 530.73411 | Z4: =+[2]Report1!J9 -> 0.7960581 | AA4: =+[2]Report1!K9 -> 0.7960581 | AB4: =+[2]Report1!BC9 -> 0.84102785 | AC4: =+[2]Report1!BD9 -> 0.84102785 | AD4: =+[2]Report1!R9 -> 35.332 | AE4: =+[2]Report1!S9 -> 35.332 | AF4: =+[2]Report1!X9 -> 111.72373 | AG4: =+[2]Report1!Y9 -> 111.72373 | AH4: =+[2]Report1!AD9 -> 1.6330805 | AI4: =+[2]Report1!AE9 -> 1.6330805 | AJ4: =+[2]Report1!AJ9 -> 1031.5029 | AK4: =+[2]Report1!AK9 -> 1031.5029 | AL4: =+[3]Report1!AP9 -> 0 | AM4: =+[3]Report1!AQ9 -> 0 | AN4: =+[4]Report1!J9 -> 0.55958666 | AO4: =+[4]Report1!K9 -> 0.55958666 | AP4: =+[4]Report1!BN9 -> 0.55958666 | AQ4: =+[4]Report1!BO9 -> 0.55958666 | AR4: =+[4]Report1!R9 -> 28.595 | AS4: =+[4]Report1!S9 -> 28.595 | AT4: =+[4]Report1!AF9 -> 151.92345 | AU4: =+[4]Report1!AG9 -> 151.92345 | AV4: =+[4]Report1!AL9 -> 2.0108411 | AW4: =+[4]Report1!AM9 -> 2.0108411 | AX4: =+[4]Report1!AR9 -> 0.26927785 | AY4: =+[4]Report1!AS9 -> 0.26927785 | AZ4: =+[4]Report1!AX9 -> 1170.3116 | BA4: =+[4]Report1!AY9 -> 1170.3116 | BB4: =+[4]Report1!BD9 -> 758.87393 | BC4: =+[4]Report1!BE9 -> 758.87393 | BD4: =+[4]Report1!BJ9 -> 0 | BE4: =+[4]Report1!BK9 -> 0 | BF4: =+[5]Report1!J9 -> 0.69481654 | BG4: =+[5]Report1!K9 -> 0.69481654 | BH4: =+[5]Report1!AN9 -> 0.69481654 | BI4: =+[5]Report1!AO9 -> 0.69481654 | BJ4: =+[5]Report1!R9 -> 36.506 | BK4: =+[5]Report1!S9 -> 36.506 | BL4: =+[5]Report1!AD9 -> 3.6487153 | BM4: =+[5]Report1!AE9 -> 3.6487153 | BN4: 0 | BO4: 0 | BP4: =+[5]Report1!AJ9 -> 1068.8222 | BQ4: =+[5]Report1!AK9 -> 1068.8222 | BR4: 0 | BS4: 0 | BT4: =+[6]Report1!J9 -> 0.43564258 | BU4: =+[6]Report1!K9 -> 0.43564258 | BV4: =+[6]Report1!BG9 -> 0.4884309 | BW4: =+[6]Report1!BH9 -> 0.4884309 | BX4: =+[6]Report1!R9 -> 20.062 | BY4: =+[6]Report1!S9 -> 20.062 | BZ4: =+[6]Report1!X9 -> 132.60524 | CA4: =+[6]Report1!Y9 -> 132.60524 | CB4: =+[6]Report1!AD9 -> 3.1602034 | CC4: =+[6]Report1!AE9 -> 3.1602034 | CD4: =+[6]Report1!AJ9 -> 0 | CE4: =+[6]Report1!AK9 -> 0 | CF4: =+[6]Report1!AP9 -> 1533.8334 | CG4: =+[6]Report1!AQ9 -> 1533.8334 | CH4: =+[6]Report1!AV9 -> 0 | CI4: =+[6]Report1!AW9 -> 0 | CJ4: =+[6]Report1!BB9 -> 0 | CK4: =+[6]Report1!BC9 -> 0
A5: =1+A4 -> 45840 | B5: =+Report1!J10 -> 0.99122114 | C5: =+Report1!K10 -> 0.99108287 | D5: =+Report1!AJ10 -> 0.99815275 | E5: =+Report1!AK10 -> 0.99455957 | F5: =+Report1!R10 -> 69.627 | G5: =+Report1!S10 -> 138.299 | H5: =+Report1!X10 -> 2.0488316 | I5: =+Report1!Y10 -> 2.0412874 | J5: =+Report1!AD10 -> 855.42103 | K5: =+Report1!AE10 -> 862.80783 | L5: =+[1]Report1!J10 -> 0.96540934 | M5: =+[1]Report1!K10 -> 0.91888568 | N5: =+[1]Report1!BJ10 -> 0.99655158 | O5: =+[1]Report1!BK10 -> 0.9492111 | P5: =+[1]Report1!R10 -> 65.451 | Q5: =+[1]Report1!S10 -> 125.238 | R5: =+[1]Report1!AL10 -> 2.1193565 | S5: =+[1]Report1!AM10 -> 2.0775004 | T5: =+[1]Report1!AR10 -> 0.22917908 | U5: =+[1]Report1!AS10 -> 0.24752871 | V5: =+[1]Report1!AX10 -> 610.97004 | W5: =+[1]Report1!AY10 -> 616.44381 | X5: =+[1]Report1!BD10 -> 452.6898 | Y5: =+[1]Report1!BE10 -> 489.94714 | Z5: =+[2]Report1!J10 -> 0.8370308 | AA5: =+[2]Report1!K10 -> 0.81659189 | AB5: =+[2]Report1!BC10 -> 0.8370308 | AC5: =+[2]Report1!BD10 -> 0.8389698 | AD5: =+[2]Report1!R10 -> 37.323 | AE5: =+[2]Report1!S10 -> 72.655 | AF5: =+[2]Report1!X10 -> 100.50054 | AG5: =+[2]Report1!Y10 -> 105.95835 | AH5: =+[2]Report1!AD10 -> 1.5888326 | AI5: =+[2]Report1!AE10 -> 1.6103503 | AJ5: =+[2]Report1!AJ10 -> 926.51716 | AK5: =+[2]Report1!AK10 -> 977.57154 | AL5: =+[3]Report1!AP10 -> 0 | AM5: =+[3]Report1!AQ10 -> 0 | AN5: =+[4]Report1!J10 -> 0.59463544 | AO5: =+[4]Report1!K10 -> 0.57711105 | AP5: =+[4]Report1!BN10 -> 0.65115972 | AQ5: =+[4]Report1!BO10 -> 0.60329576 | AR5: =+[4]Report1!R10 -> 30.386 | AS5: =+[4]Report1!S10 -> 58.981 | AT5: =+[4]Report1!AF10 -> 124.9005 | AU5: =+[4]Report1!AG10 -> 138.00169 | AV5: =+[4]Report1!AL10 -> 1.9318107 | AW5: =+[4]Report1!AM10 -> 1.970126 | AX5: =+[4]Report1!AR10 -> 0.08885671 | AY5: =+[4]Report1!AS10 -> 0.17632797 | AZ5: =+[4]Report1!AX10 -> 1152.5176 | BA5: =+[4]Report1!AY10 -> 1161.1444 | BB5: =+[4]Report1!BD10 -> 434.73968 | BC5: =+[4]Report1!BE10 -> 591.88552 | BD5: =+[4]Report1!BJ10 -> 0 | BE5: =+[4]Report1!BK10 -> 0 | BF5: =+[5]Report1!J10 -> 0.72883595 | BG5: =+[5]Report1!K10 -> 0.71173595 | BH5: =+[5]Report1!AN10 -> 0.77046479 | BI5: =+[5]Report1!AO10 -> 0.73138986 | BJ5: =+[5]Report1!R10 -> 37.889 | BK5: =+[5]Report1!S10 -> 74.395 | BL5: =+[5]Report1!AD10 -> 3.705561 | BM5: =+[5]Report1!AE10 -> 3.6776665 | BN5: 0 | BO5: 0 | BP5: =+[5]Report1!AJ10 -> 1183.9126 | BQ5: =+[5]Report1!AK10 -> 1127.4372 | BR5: 0 | BS5: 0 | BT5: =+[6]Report1!J10 -> 0.77542102 | BU5: =+[6]Report1!K10 -> 0.60392217 | BV5: =+[6]Report1!BG10 -> 0.81385296 | BW5: =+[6]Report1!BH10 -> 0.65496921 | BX5: =+[6]Report1!R10 -> 35.039 | BY5: =+[6]Report1!S10 -> 55.101 | BZ5: =+[6]Report1!X10 -> 71.657067 | CA5: =+[6]Report1!Y10 -> 93.847992 | CB5: =+[6]Report1!AD10 -> 2.0120437 | CC5: =+[6]Report1!AE10 -> 2.4300829 | CD5: =+[6]Report1!AJ10 -> 0 | CE5: =+[6]Report1!AK10 -> 0 | CF5: =+[6]Report1!AP10 -> 992.72025 | CG5: =+[6]Report1!AQ10 -> 1189.7368 | CH5: =+[6]Report1!AV10 -> 0 | CI5: =+[6]Report1!AW10 -> 0 | CJ5: =+[6]Report1!BB10 -> 0 | CK5: =+[6]Report1!BC10 -> 0
A6: =1+A5 -> 45841 | B6: =+Report1!J11 -> 0.9140773 | C6: =+Report1!K11 -> 0.96267081 | D6: =+Report1!AJ11 -> 0.93934384 | E6: =+Report1!AK11 -> 0.97449166 | F6: =+Report1!R11 -> 74.579 | G6: =+Report1!S11 -> 212.878 | H6: =+Report1!X11 -> 2.083187 | I6: =+Report1!Y11 -> 2.0559663 | J6: =+Report1!AD11 -> 773.43864 | K6: =+Report1!AE11 -> 831.49851 | L6: =+[1]Report1!J11 -> 0.99304793 | M6: =+[1]Report1!K11 -> 0.94406248 | N6: =+[1]Report1!BJ11 -> 1.0020946 | O6: =+[1]Report1!BK11 -> 0.96744266 | P6: =+[1]Report1!R11 -> 69.563 | Q6: =+[1]Report1!S11 -> 194.801 | R6: =+[1]Report1!AL11 -> 2.1498498 | S6: =+[1]Report1!AM11 -> 2.1033362 | T6: =+[1]Report1!AR11 -> 0.2228196 | U6: =+[1]Report1!AS11 -> 0.23870514 | V6: =+[1]Report1!AX11 -> 589.34089 | W6: =+[1]Report1!AY11 -> 606.76542 | X6: =+[1]Report1!BD11 -> 435.14512 | Y6: =+[1]Report1!BE11 -> 470.37746 | Z6: =+[2]Report1!J11 -> 0.91724471 | AA6: =+[2]Report1!K11 -> 0.84957779 | AB6: =+[2]Report1!BC11 -> 0.91724471 | AC6: =+[2]Report1!BD11 -> 0.86509041 | AD6: =+[2]Report1!R11 -> 39.783 | AE6: =+[2]Report1!S11 -> 112.438 | AF6: =+[2]Report1!X11 -> 102.53546 | AG6: =+[2]Report1!Y11 -> 104.74726 | AH6: =+[2]Report1!AD11 -> 1.5433728 | AI6: =+[2]Report1!AE11 -> 1.5866522 | AJ6: =+[2]Report1!AJ11 -> 933.37054 | AK6: =+[2]Report1!AK11 -> 961.93226 | AL6: =+[3]Report1!AP11 -> 0 | AM6: =+[3]Report1!AQ11 -> 0 | AN6: =+[4]Report1!J11 -> 0.60619657 | AO6: =+[4]Report1!K11 -> 0.58678601 | AP6: =+[4]Report1!BN11 -> 0.82055154 | AQ6: =+[4]Report1!BO11 -> 0.66368102 | AR6: =+[4]Report1!R11 -> 30.88 | AS6: =+[4]Report1!S11 -> 89.861 | AT6: =+[4]Report1!AF11 -> 113.48988 | AU6: =+[4]Report1!AG11 -> 129.5784 | AV6: =+[4]Report1!AL11 -> 1.6547927 | AW6: =+[4]Report1!AM11 -> 1.8617643 | AX6: =+[4]Report1!AR11 -> 0.084196891 | AY6: =+[4]Report1!AS11 -> 0.14466788 | AZ6: =+[4]Report1!AX11 -> 1138.6749 | BA6: =+[4]Report1!AY11 -> 1153.423 | BB6: =+[4]Report1!BD11 -> 239.63731 | BC6: =+[4]Report1!BE11 -> 470.83829 | BD6: =+[4]Report1!BJ11 -> 0 | BE6: =+[4]Report1!BK11 -> 0 | BF6: =+[5]Report1!J11 -> 0.88011508 | BG6: =+[5]Report1!K11 -> 0.76778703 | BH6: =+[5]Report1!AN11 -> 0.91308769 | BI6: =+[5]Report1!AO11 -> 0.79149024 | BJ6: =+[5]Report1!R11 -> 45.905 | BK6: =+[5]Report1!S11 -> 120.3 | BL6: =+[5]Report1!AD11 -> 3.2196928 | BM6: =+[5]Report1!AE11 -> 3.5029094 | BN6: 0 | BO6: 0 | BP6: =+[5]Report1!AJ11 -> 1036.8897 | BQ6: =+[5]Report1!AK11 -> 1092.8854 | BR6: 0 | BS6: 0 | BT6: =+[6]Report1!J11 -> 0.85057527 | BU6: =+[6]Report1!K11 -> 0.6856189 | BV6: =+[6]Report1!BG11 -> 0.86867262 | BW6: =+[6]Report1!BH11 -> 0.72862511 | BX6: =+[6]Report1!R11 -> 38.435 | BY6: =+[6]Report1!S11 -> 93.536 | BZ6: =+[6]Report1!X11 -> 83.186272 | CA6: =+[6]Report1!Y11 -> 89.466971 | CB6: =+[6]Report1!AD11 -> 2.2297385 | CC6: =+[6]Report1!AE11 -> 2.3477592 | CD6: =+[6]Report1!AJ11 -> 0 | CE6: =+[6]Report1!AK11 -> 0 | CF6: =+[6]Report1!AP11 -> 1046.9213 | CG6: =+[6]Report1!AQ11 -> 1131.0523 | CH6: =+[6]Report1!AV11 -> 0 | CI6: =+[6]Report1!AW11 -> 0 | CJ6: =+[6]Report1!BB11 -> 0 | CK6: =+[6]Report1!BC11 -> 0
A7: =1+A6 -> 45842 | B7: =+Report1!J12 -> 0.94664245 | C7: =+Report1!K12 -> 0.95829495 | D7: =+Report1!AJ12 -> 0.94664245 | E7: =+Report1!AK12 -> 0.96682097 | F7: =+Report1!R12 -> 78.611 | G7: =+Report1!S12 -> 291.489 | H7: =+Report1!X12 -> 2.032769 | I7: =+Report1!Y12 -> 2.0497103 | J7: =+Report1!AD12 -> 752.43795 | K7: =+Report1!AE12 -> 810.17685 | L7: =+[1]Report1!J12 -> 0.98739656 | M7: =+[1]Report1!K12 -> 0.95489406 | N7: =+[1]Report1!BJ12 -> 0.98739656 | O7: =+[1]Report1!BK12 -> 0.97252232 | P7: =+[1]Report1!R12 -> 67.898 | Q7: =+[1]Report1!S12 -> 262.699 | R7: =+[1]Report1!AL12 -> 2.1459542 | S7: =+[1]Report1!AM12 -> 2.1143514 | T7: =+[1]Report1!AR12 -> 0.24742997 | U7: =+[1]Report1!AS12 -> 0.24096019 | V7: =+[1]Report1!AX12 -> 611.17485 | W7: =+[1]Report1!AY12 -> 607.90509 | X7: =+[1]Report1!BD12 -> 498.88067 | Y7: =+[1]Report1!BE12 -> 477.74449 | Z7: =+[2]Report1!J12 -> 0.96262026 | AA7: =+[2]Report1!K12 -> 0.87755786 | AB7: =+[2]Report1!BC12 -> 0.96262026 | AC7: =+[2]Report1!BD12 -> 0.88956102 | AD7: =+[2]Report1!R12 -> 41.906 | AE7: =+[2]Report1!S12 -> 154.344 | AF7: =+[2]Report1!X12 -> 102.76159 | AG7: =+[2]Report1!Y12 -> 104.20813 | AH7: =+[2]Report1!AD12 -> 1.481888 | AI7: =+[2]Report1!AE12 -> 1.5582076 | AJ7: =+[2]Report1!AJ12 -> 920.86813 | AK7: =+[2]Report1!AK12 -> 950.78293 | AL7: =+[3]Report1!AP12 -> 0 | AM7: =+[3]Report1!AQ12 -> 0 | AN7: =+[4]Report1!J12 -> 0.086822782 | AO7: =+[4]Report1!K12 -> 0.45840062 | AP7: =+[4]Report1!BN12 -> 0.09365154 | AQ7: =+[4]Report1!BO12 -> 0.51208428 | AR7: =+[4]Report1!R12 -> 4.594 | AS7: =+[4]Report1!S12 -> 94.455 | AT7: =+[4]Report1!AF12 -> 371.94786 | AU7: =+[4]Report1!AG12 -> 141.36651 | AV7: =+[4]Report1!AL12 -> 6.8785372 | AW7: =+[4]Report1!AM12 -> 2.1057646 | AX7: =+[4]Report1!AR12 -> 0 | AY7: =+[4]Report1!AS12 -> 0.13763168 | AZ7: =+[4]Report1!AX12 -> 4505.8555 | BA7: =+[4]Report1!AY12 -> 1316.4749 | BB7: =+[4]Report1!BD12 -> 0 | BC7: =+[4]Report1!BE12 -> 447.93817 | BD7: =+[4]Report1!BJ12 -> 0 | BE7: =+[4]Report1!BK12 -> 0 | BF7: =+[5]Report1!J12 -> 0.923445 | BG7: =+[5]Report1!K12 -> 0.80666235 | BH7: =+[5]Report1!AN12 -> 0.923445 | BI7: =+[5]Report1!AO12 -> 0.82520319 | BJ7: =+[5]Report1!R12 -> 48.165 | BK7: =+[5]Report1!S12 -> 168.465 | BL7: =+[5]Report1!AD12 -> 3.128828 | BM7: =+[5]Report1!AE12 -> 3.3959576 | BN7: 0 | BO7: 0 | BP7: =+[5]Report1!AJ12 -> 929.85602 | BQ7: =+[5]Report1!AK12 -> 1046.2744 | BR7: 0 | BS7: 0 | BT7: =+[6]Report1!J12 -> 0.93192598 | BU7: =+[6]Report1!K12 -> 0.74690258 | BV7: =+[6]Report1!BG12 -> 0.93192598 | BW7: =+[6]Report1!BH12 -> 0.78155523 | BX7: =+[6]Report1!R12 -> 42.111 | BY7: =+[6]Report1!S12 -> 135.647 | BZ7: =+[6]Report1!X12 -> 84.822124 | CA7: =+[6]Report1!Y12 -> 88.024999 | CB7: =+[6]Report1!AD12 -> 2.0018522 | CC7: =+[6]Report1!AE12 -> 2.2403739 | CD7: =+[6]Report1!AJ12 -> 0 | CE7: =+[6]Report1!AK12 -> 0 | CF7: =+[6]Report1!AP12 -> 1017.6243 | CG7: =+[6]Report1!AQ12 -> 1095.8391 | CH7: =+[6]Report1!AV12 -> 0 | CI7: =+[6]Report1!AW12 -> 0 | CJ7: =+[6]Report1!BB12 -> 0 | CK7: =+[6]Report1!BC12 -> 0
A8: =1+A7 -> 45843 | B8: =+Report1!J13 -> 0.95324641 | C8: =+Report1!K13 -> 0.95726238 | D8: =+Report1!AJ13 -> 0.95324641 | E8: =+Report1!AK13 -> 0.96402497 | F8: =+Report1!R13 -> 74.552 | G8: =+Report1!S13 -> 366.041 | H8: =+Report1!X13 -> 2.0579193 | I8: =+Report1!Y13 -> 2.0513822 | J8: =+Report1!AD13 -> 788.8832 | K8: =+Report1!AE13 -> 805.83995 | L8: =+[1]Report1!J13 -> 0.9959051 | M8: =+[1]Report1!K13 -> 0.96316812 | N8: =+[1]Report1!BJ13 -> 0.9959051 | O8: =+[1]Report1!BK13 -> 0.9773091 | P8: =+[1]Report1!R13 -> 69.247 | Q8: =+[1]Report1!S13 -> 331.946 | R8: =+[1]Report1!AL13 -> 2.1263015 | S8: =+[1]Report1!AM13 -> 2.1168443 | T8: =+[1]Report1!AR13 -> 0.22528052 | U8: =+[1]Report1!AS13 -> 0.23768926 | V8: =+[1]Report1!AX13 -> 591.68094 | W8: =+[1]Report1!AY13 -> 604.52058 | X8: =+[1]Report1!BD13 -> 458.73467 | Y8: =+[1]Report1!BE13 -> 473.77887 | Z8: =+[2]Report1!J13 -> 0.90884413 | AA8: =+[2]Report1!K13 -> 0.8839903 | AB8: =+[2]Report1!BC13 -> 0.90884413 | AC8: =+[2]Report1!BD13 -> 0.89356857 | AD8: =+[2]Report1!R13 -> 41.37 | AE8: =+[2]Report1!S13 -> 195.714 | AF8: =+[2]Report1!X13 -> 103.3777 | AG8: =+[2]Report1!Y13 -> 104.03259 | AH8: =+[2]Report1!AD13 -> 1.4914189 | AI8: =+[2]Report1!AE13 -> 1.5440898 | AJ8: =+[2]Report1!AJ13 -> 961.87624 | AK8: =+[2]Report1!AK13 -> 953.12783 | AL8: =+[3]Report1!AP13 -> 0 | AM8: =+[3]Report1!AQ13 -> 0 | AN8: =+[4]Report1!J13 -> 0.85459483 | AO8: =+[4]Report1!K13 -> 0.53381833 | AP8: =+[4]Report1!BN13 -> 0.85459483 | AQ8: =+[4]Report1!BO13 -> 0.58333023 | AR8: =+[4]Report1!R13 -> 41.401 | AS8: =+[4]Report1!S13 -> 135.856 | AT8: =+[4]Report1!AF13 -> 109.18777 | AU8: =+[4]Report1!AG13 -> 131.5603 | AV8: =+[4]Report1!AL13 -> 1.688365 | AW8: =+[4]Report1!AM13 -> 1.9785655 | AX8: =+[4]Report1!AR13 -> 0 | AY8: =+[4]Report1!AS13 -> 0.095689554 | AZ8: =+[4]Report1!AX13 -> 1086.9984 | BA8: =+[4]Report1!AY13 -> 1246.5438 | BB8: =+[4]Report1!BD13 -> 0 | BC8: =+[4]Report1!BE13 -> 311.43269 | BD8: =+[4]Report1!BJ13 -> 0 | BE8: =+[4]Report1!BK13 -> 0 | BF8: =+[5]Report1!J13 -> 0.8647254 | BG8: =+[5]Report1!K13 -> 0.81843475 | BH8: =+[5]Report1!AN13 -> 0.8647254 | BI8: =+[5]Report1!AO13 -> 0.83336256 | BJ8: =+[5]Report1!R13 -> 45.927 | BK8: =+[5]Report1!S13 -> 214.392 | BL8: =+[5]Report1!AD13 -> 3.2399242 | BM8: =+[5]Report1!AE13 -> 3.3625322 | BN8: 0 | BO8: 0 | BP8: =+[5]Report1!AJ13 -> 976.91402 | BQ8: =+[5]Report1!AK13 -> 1031.4161 | BR8: 0 | BS8: 0 | BT8: =+[6]Report1!J13 -> 0.87734603 | BU8: =+[6]Report1!K13 -> 0.77408761 | BV8: =+[6]Report1!BG13 -> 0.87734603 | BW8: =+[6]Report1!BH13 -> 0.80224464 | BX8: =+[6]Report1!R13 -> 41.949 | BY8: =+[6]Report1!S13 -> 177.596 | BZ8: =+[6]Report1!X13 -> 83.691662 | CA8: =+[6]Report1!Y13 -> 87.001445 | CB8: =+[6]Report1!AD13 -> 2.0763308 | CC8: =+[6]Report1!AE13 -> 2.2016262 | CD8: =+[6]Report1!AJ13 -> 0 | CE8: =+[6]Report1!AK13 -> 0 | CF8: =+[6]Report1!AP13 -> 1004.7136 | CG8: =+[6]Report1!AQ13 -> 1074.3148 | CH8: =+[6]Report1!AV13 -> 0 | CI8: =+[6]Report1!AW13 -> 0 | CJ8: =+[6]Report1!BB13 -> 0 | CK8: =+[6]Report1!BC13 -> 0
A9: =1+A8 -> 45844 | B9: =+Report1!J14 -> 0.89766145 | C9: =+Report1!K14 -> 0.94715096 | D9: =+Report1!AJ14 -> 0.89766145 | E9: =+Report1!AK14 -> 0.9527003 | F9: =+Report1!R14 -> 70.131 | G9: =+Report1!S14 -> 436.172 | H9: =+Report1!X14 -> 2.1183927 | I9: =+Report1!Y14 -> 2.0621567 | J9: =+Report1!AD14 -> 789.10411 | K9: =+Report1!AE14 -> 803.14903 | L9: =+[1]Report1!J14 -> 0.99404705 | M9: =+[1]Report1!K14 -> 0.96849148 | N9: =+[1]Report1!BJ14 -> 0.99404705 | O9: =+[1]Report1!BK14 -> 0.98022961 | P9: =+[1]Report1!R14 -> 71.363 | Q9: =+[1]Report1!S14 -> 403.309 | R9: =+[1]Report1!AL14 -> 2.1418102 | S9: =+[1]Report1!AM14 -> 2.1212619 | T9: =+[1]Report1!AR14 -> 0.2059891 | U9: =+[1]Report1!AS14 -> 0.23208012 | V9: =+[1]Report1!AX14 -> 558.14764 | W9: =+[1]Report1!AY14 -> 596.31518 | X9: =+[1]Report1!BD14 -> 409.17562 | Y9: =+[1]Report1!BE14 -> 462.34773 | Z9: =+[2]Report1!J14 -> 0.91062769 | AA9: =+[2]Report1!K14 -> 0.88860181 | AB9: =+[2]Report1!BC14 -> 0.91062769 | AC9: =+[2]Report1!BD14 -> 0.89654829 | AD9: =+[2]Report1!R14 -> 42.211 | AE9: =+[2]Report1!S14 -> 237.925 | AF9: =+[2]Report1!X14 -> 97.936679 | AG9: =+[2]Report1!Y14 -> 102.9511 | AH9: =+[2]Report1!AD14 -> 1.492502 | AI9: =+[2]Report1!AE14 -> 1.5349375 | AJ9: =+[2]Report1!AJ14 -> 886.27751 | AK9: =+[2]Report1!AK14 -> 941.26771 | AL9: =+[3]Report1!AP14 -> 0 | AM9: =+[3]Report1!AQ14 -> 0 | AN9: =+[4]Report1!J14 -> 0.82134858 | AO9: =+[4]Report1!K14 -> 0.57733187 | AP9: =+[4]Report1!BN14 -> 0.82134858 | AQ9: =+[4]Report1!BO14 -> 0.62214694 | AR9: =+[4]Report1!R14 -> 37.275 | AS9: =+[4]Report1!S14 -> 173.131 | AT9: =+[4]Report1!AF14 -> 105.98292 | AU9: =+[4]Report1!AG14 -> 126.05351 | AV9: =+[4]Report1!AL14 -> 1.8189135 | AW9: =+[4]Report1!AM14 -> 1.9441925 | AX9: =+[4]Report1!AR14 -> 0 | AY9: =+[4]Report1!AS14 -> 0.07508765 | AZ9: =+[4]Report1!AX14 -> 1139.119 | BA9: =+[4]Report1!AY14 -> 1223.4153 | BB9: =+[4]Report1!BD14 -> 0 | BC9: =+[4]Report1!BE14 -> 244.38142 | BD9: =+[4]Report1!BJ14 -> 0 | BE9: =+[4]Report1!BK14 -> 0 | BF9: =+[5]Report1!J14 -> 0.82235152 | BG9: =+[5]Report1!K14 -> 0.81910916 | BH9: =+[5]Report1!AN14 -> 0.82235152 | BI9: =+[5]Report1!AO14 -> 0.83143808 | BJ9: =+[5]Report1!R14 -> 44.807 | BK9: =+[5]Report1!S14 -> 259.199 | BL9: =+[5]Report1!AD14 -> 3.2294061 | BM9: =+[5]Report1!AE14 -> 3.3395191 | BN9: 0 | BO9: 0 | BP9: =+[5]Report1!AJ14 -> 916.04336 | BQ9: =+[5]Report1!AK14 -> 1011.4719 | BR9: 0 | BS9: 0 | BT9: =+[6]Report1!J14 -> 0.88337241 | BU9: =+[6]Report1!K14 -> 0.7942603 | BV9: =+[6]Report1!BG14 -> 0.88337241 | BW9: =+[6]Report1!BH14 -> 0.81766108 | BX9: =+[6]Report1!R14 -> 45.879 | BY9: =+[6]Report1!S14 -> 223.475 | BZ9: =+[6]Report1!X14 -> 79.894536 | CA9: =+[6]Report1!Y14 -> 85.54241 | CB9: =+[6]Report1!AD14 -> 2.0772031 | CC9: =+[6]Report1!AE14 -> 2.1760823 | CD9: =+[6]Report1!AJ14 -> 0 | CE9: =+[6]Report1!AK14 -> 0 | CF9: =+[6]Report1!AP14 -> 840.29327 | CG9: =+[6]Report1!AQ14 -> 1026.2706 | CH9: =+[6]Report1!AV14 -> 0 | CI9: =+[6]Report1!AW14 -> 0 | CJ9: =+[6]Report1!BB14 -> 0 | CK9: =+[6]Report1!BC14 -> 0
A10: =1+A9 -> 45845 | B10: =+Report1!J15 -> 0.7651949 | C10: =+Report1!K15 -> 0.9203766 | D10: =+Report1!AJ15 -> 0.7651949 | E10: =+Report1!AK15 -> 0.92497162 | F10: =+Report1!R15 -> 60.798 | G10: =+Report1!S15 -> 496.97 | H10: =+Report1!X15 -> 1.8849469 | I10: =+Report1!Y15 -> 2.0404773 | J10: =+Report1!AD15 -> 785.2334 | K10: =+Report1!AE15 -> 800.95728 | L10: =+[1]Report1!J15 -> 0.99039365 | M10: =+[1]Report1!K15 -> 0.97167803 | N10: =+[1]Report1!BJ15 -> 1.1068627 | O10: =+[1]Report1!BK15 -> 0.99714695 | P10: =+[1]Report1!R15 -> 70.221 | Q10: =+[1]Report1!S15 -> 473.53 | R10: =+[1]Report1!AL15 -> 2.0121189 | S10: =+[1]Report1!AM15 -> 2.1050768 | T10: =+[1]Report1!AR15 -> 0.13955939 | U10: =+[1]Report1!AS15 -> 0.21835998 | V10: =+[1]Report1!AX15 -> 508.55627 | W10: =+[1]Report1!AY15 -> 583.30118 | X10: =+[1]Report1!BD15 -> 363.42405 | Y10: =+[1]Report1!BE15 -> 447.67808 | Z10: =+[2]Report1!J15 -> 0.88237815 | AA10: =+[2]Report1!K15 -> 0.8876939 | AB10: =+[2]Report1!BC15 -> 0.88237815 | AC10: =+[2]Report1!BD15 -> 0.89446538 | AD10: =+[2]Report1!R15 -> 40.352 | AE10: =+[2]Report1!S15 -> 278.277 | AF10: =+[2]Report1!X15 -> 102.87943 | AG10: =+[2]Report1!Y15 -> 102.94071 | AH10: =+[2]Report1!AD15 -> 1.5439136 | AI10: =+[2]Report1!AE15 -> 1.5362391 | AJ10: =+[2]Report1!AJ15 -> 944.20648 | AK10: =+[2]Report1!AK15 -> 941.69385 | AL10: =+[3]Report1!AP15 -> 0 | AM10: =+[3]Report1!AQ15 -> 0 | AN10: =+[4]Report1!J15 -> 0.90295752 | AO10: =+[4]Report1!K15 -> 0.6199729 | AP10: =+[4]Report1!BN15 -> 0.90295752 | AQ10: =+[4]Report1!BO15 -> 0.66137507 | AR10: =+[4]Report1!R15 -> 40.802 | AS10: =+[4]Report1!S15 -> 213.933 | AT10: =+[4]Report1!AF15 -> 94.988414 | AU10: =+[4]Report1!AG15 -> 120.12867 | AV10: =+[4]Report1!AL15 -> 1.6249203 | AW10: =+[4]Report1!AM15 -> 1.8832999 | AX10: =+[4]Report1!AR15 -> 0 | AY10: =+[4]Report1!AS15 -> 0.060766689 | AZ10: =+[4]Report1!AX15 -> 1064.4238 | BA10: =+[4]Report1!AY15 -> 1193.0919 | BB10: =+[4]Report1!BD15 -> 0 | BC10: =+[4]Report1!BE15 -> 197.7722 | BD10: =+[4]Report1!BJ15 -> 0 | BE10: =+[4]Report1!BK15 -> 0 | BF10: =+[5]Report1!J15 -> 0.11559759 | BG10: =+[5]Report1!K15 -> 0.72262749 | BH10: =+[5]Report1!AN15 -> 0.11559759 | BI10: =+[5]Report1!AO15 -> 0.73199321 | BJ10: =+[5]Report1!R15 -> 5.814 | BK10: =+[5]Report1!S15 -> 265.013 | BL10: =+[5]Report1!AD15 -> 7.4475404 | BM10: =+[5]Report1!AE15 -> 3.4296431 | BN10: 0 | BO10: 0 | BP10: =+[5]Report1!AJ15 -> 3126.6649 | BQ10: =+[5]Report1!AK15 -> 1057.8762 | BR10: 0 | BS10: 0 | BT10: =+[6]Report1!J15 -> 0.9353874 | BU10: =+[6]Report1!K15 -> 0.81615983 | BV10: =+[6]Report1!BG15 -> 0.9353874 | BW10: =+[6]Report1!BH15 -> 0.83638201 | BX10: =+[6]Report1!R15 -> 48.341 | BY10: =+[6]Report1!S15 -> 271.816 | BZ10: =+[6]Report1!X15 -> 78.523241 | CA10: =+[6]Report1!Y15 -> 84.294089 | CB10: =+[6]Report1!AD15 -> 1.9817546 | CC10: =+[6]Report1!AE15 -> 2.1415222 | CD10: =+[6]Report1!AJ15 -> 0 | CE10: =+[6]Report1!AK15 -> 0 | CF10: =+[6]Report1!AP15 -> 807.97729 | CG10: =+[6]Report1!AQ15 -> 987.44835 | CH10: =+[6]Report1!AV15 -> 0 | CI10: =+[6]Report1!AW15 -> 0 | CJ10: =+[6]Report1!BB15 -> 0 | CK10: =+[6]Report1!BC15 -> 0
A11: =1+A10 -> 45846 | B11: =+Report1!J16 -> 0.15586048 | C11: =+Report1!K16 -> 0.82419168 | D11: =+Report1!AJ16 -> 0.15586048 | E11: =+Report1!AK16 -> 0.82778655 | F11: =+Report1!R16 -> 12.112 | G11: =+Report1!S16 -> 509.082 | H11: =+Report1!X16 -> 9.0530878 | I11: =+Report1!Y16 -> 2.2073202 | J11: =+Report1!AD16 -> 3460.0908 | K11: =+Report1!AE16 -> 864.22297 | L11: =+[1]Report1!J16 -> 0.032789366 | M11: =+[1]Report1!K16 -> 0.87991138 | N11: =+[1]Report1!BJ16 -> 0.27774522 | O11: =+[1]Report1!BK16 -> 0.98782792 | P11: =+[1]Report1!R16 -> 1.731 | Q11: =+[1]Report1!S16 -> 475.261 | R11: =+[1]Report1!AL16 -> 15.581745 | S11: =+[1]Report1!AM16 -> 2.1541616 | T11: =+[1]Report1!AR16 -> 2.8307337 | U11: =+[1]Report1!AS16 -> 0.22787479 | V11: =+[1]Report1!AX16 -> 4360.0404 | W11: =+[1]Report1!AY16 -> 597.05686 | X11: =+[1]Report1!BD16 -> 12597.343 | Y11: =+[1]Report1!BE16 -> 491.9297 | Z11: =+[2]Report1!J16 -> 0.81886143 | AA11: =+[2]Report1!K16 -> 0.87867824 | AB11: =+[2]Report1!BC16 -> 0.81886143 | AC11: =+[2]Report1!BD16 -> 0.88449721 | AD11: =+[2]Report1!R16 -> 38.69 | AE11: =+[2]Report1!S16 -> 316.967 | AF11: =+[2]Report1!X16 -> 112.52801 | AG11: =+[2]Report1!Y16 -> 104.11096 | AH11: =+[2]Report1!AD16 -> 1.6257431 | AI11: =+[2]Report1!AE16 -> 1.5471642 | AJ11: =+[2]Report1!AJ16 -> 949.04678 | AK11: =+[2]Report1!AK16 -> 942.59137 | AL11: =+[3]Report1!AP16 -> 0 | AM11: =+[3]Report1!AQ16 -> 0 | AN11: =+[4]Report1!J16 -> 0.79964255 | AO11: =+[4]Report1!K16 -> 0.6415151 | AP11: =+[4]Report1!BN16 -> 0.79964255 | AQ11: =+[4]Report1!BO16 -> 0.67891982 | AR11: =+[4]Report1!R16 -> 37.591 | AS11: =+[4]Report1!S16 -> 251.524 | AT11: =+[4]Report1!AF16 -> 109.88356 | AU11: =+[4]Report1!AG16 -> 118.59751 | AV11: =+[4]Report1!AL16 -> 1.7983028 | AW11: =+[4]Report1!AM16 -> 1.8705968 | AX11: =+[4]Report1!AR16 -> 0 | AY11: =+[4]Report1!AS16 -> 0.051684929 | AZ11: =+[4]Report1!AX16 -> 1130.021 | BA11: =+[4]Report1!AY16 -> 1183.6658 | BB11: =+[4]Report1!BD16 -> 0 | BC11: =+[4]Report1!BE16 -> 168.21456 | BD11: =+[4]Report1!BJ16 -> 28.996302 | BE11: =+[4]Report1!BK16 -> 4.3335825 | BF11: =+[5]Report1!J16 -> 0.82757595 | BG11: =+[5]Report1!K16 -> 0.73618571 | BH11: =+[5]Report1!AN16 -> 0.82757595 | BI11: =+[5]Report1!AO16 -> 0.74448061 | BJ11: =+[5]Report1!R16 -> 45.026 | BK11: =+[5]Report1!S16 -> 310.039 | BL11: =+[5]Report1!AD16 -> 2.7806156 | BM11: =+[5]Report1!AE16 -> 3.3353868 | BN11: 0 | BO11: 0 | BP11: =+[5]Report1!AJ16 -> 881.24117 | BQ11: =+[5]Report1!AK16 -> 1032.224 | BR11: 0 | BS11: 0 | BT11: =+[6]Report1!J16 -> 0.9816939 | BU11: =+[6]Report1!K16 -> 0.83838285 | BV11: =+[6]Report1!BG16 -> 0.9850964 | BW11: =+[6]Report1!BH16 -> 0.85671302 | BX11: =+[6]Report1!R16 -> 50.699 | BY11: =+[6]Report1!S16 -> 322.515 | BZ11: =+[6]Report1!X16 -> 73.663358 | CA11: =+[6]Report1!Y16 -> 82.62295 | CB11: =+[6]Report1!AD16 -> 1.8422454 | CC11: =+[6]Report1!AE16 -> 2.0944762 | CD11: =+[6]Report1!AJ16 -> 0 | CE11: =+[6]Report1!AK16 -> 0 | CF11: =+[6]Report1!AP16 -> 799.46557 | CG11: =+[6]Report1!AQ16 -> 957.89766 | CH11: =+[6]Report1!AV16 -> 0 | CI11: =+[6]Report1!AW16 -> 0 | CJ11: =+[6]Report1!BB16 -> 0 | CK11: =+[6]Report1!BC16 -> 0
A12: =1+A11 -> 45847 | B12: =+Report1!J17 -> 0.84062529 | C12: =+Report1!K17 -> 0.82603075 | D12: =+Report1!AJ17 -> 0.84062529 | E12: =+Report1!AK17 -> 0.82922888 | F12: =+Report1!R17 -> 65.429 | G12: =+Report1!S17 -> 574.511 | H12: =+Report1!X17 -> 2.1731801 | I12: =+Report1!Y17 -> 2.2034321 | J12: =+Report1!AD17 -> 806.65546 | K12: =+Report1!AE17 -> 857.66682 | L12: =+[1]Report1!J17 -> 0.31866178 | M12: =+[1]Report1!K17 -> 0.82217008 | N12: =+[1]Report1!BJ17 -> 0.31866178 | O12: =+[1]Report1!BK17 -> 0.91150388 | P12: =+[1]Report1!R17 -> 19.738 | Q12: =+[1]Report1!S17 -> 494.999 | R12: =+[1]Report1!AL17 -> 5.2952173 | S12: =+[1]Report1!AM17 -> 2.2794107 | T12: =+[1]Report1!AR17 -> 0.2989158 | U12: =+[1]Report1!AS17 -> 0.23070754 | V12: =+[1]Report1!AX17 -> 1216.2321 | W12: =+[1]Report1!AY17 -> 621.74637 | X12: =+[1]Report1!BD17 -> 1196.5751 | Y12: =+[1]Report1!BE17 -> 520.02731 | Z12: =+[2]Report1!J17 -> 1.0134814 | AA12: =+[2]Report1!K17 -> 0.89354809 | AB12: =+[2]Report1!BC17 -> 1.0134814 | AC12: =+[2]Report1!BD17 -> 0.89880894 | AD12: =+[2]Report1!R17 -> 45.328 | AE12: =+[2]Report1!S17 -> 362.295 | AF12: =+[2]Report1!X17 -> 99.10689 | AG12: =+[2]Report1!Y17 -> 103.48489 | AH12: =+[2]Report1!AD17 -> 1.3744264 | AI12: =+[2]Report1!AE17 -> 1.5255524 | AJ12: =+[2]Report1!AJ17 -> 811.93655 | AK12: =+[2]Report1!AK17 -> 926.24469 | AL12: =+[3]Report1!AP17 -> 0 | AM12: =+[3]Report1!AQ17 -> 0 | AN12: =+[4]Report1!J17 -> 0.95244056 | AO12: =+[4]Report1!K17 -> 0.67528993 | AP12: =+[4]Report1!BN17 -> 0.95244056 | AQ12: =+[4]Report1!BO17 -> 0.71016598 | AR12: =+[4]Report1!R17 -> 45.508 | AS12: =+[4]Report1!S17 -> 297.032 | AT12: =+[4]Report1!AF17 -> 94.812259 | AU12: =+[4]Report1!AG17 -> 114.95339 | AV12: =+[4]Report1!AL17 -> 1.553573 | AW12: =+[4]Report1!AM17 -> 1.8220259 | AX12: =+[4]Report1!AR17 -> 0 | AY12: =+[4]Report1!AS17 -> 0.043766328 | AZ12: =+[4]Report1!AX17 -> 975.72866 | BA12: =+[4]Report1!AY17 -> 1151.808 | BB12: =+[4]Report1!BD17 -> 0 | BC12: =+[4]Report1!BE17 -> 142.44257 | BD12: =+[4]Report1!BJ17 -> 82.842577 | BE12: =+[4]Report1!BK17 -> 16.361873 | BF12: =+[5]Report1!J17 -> 0.91368518 | BG12: =+[5]Report1!K17 -> 0.75576891 | BH12: =+[5]Report1!AN17 -> 0.91700706 | BI12: =+[5]Report1!AO17 -> 0.7636438 | BJ12: =+[5]Report1!R17 -> 47.718 | BK12: =+[5]Report1!S17 -> 357.757 | BL12: =+[5]Report1!AD17 -> 2.6027914 | BM12: =+[5]Report1!AE17 -> 3.2376725 | BN12: 0 | BO12: 0 | BP12: =+[5]Report1!AJ17 -> 921.98311 | BQ12: =+[5]Report1!AK17 -> 1017.52 | BR12: 0 | BS12: 0 | BT12: =+[6]Report1!J17 -> 0.91168308 | BU12: =+[6]Report1!K17 -> 0.84638117 | BV12: =+[6]Report1!BG17 -> 0.91168308 | BW12: =+[6]Report1!BH17 -> 0.86282775 | BX12: =+[6]Report1!R17 -> 42.956 | BY12: =+[6]Report1!S17 -> 365.471 | BZ12: =+[6]Report1!X17 -> 83.479994 | CA12: =+[6]Report1!Y17 -> 82.723683 | CB12: =+[6]Report1!AD17 -> 2.0160164 | CC12: =+[6]Report1!AE17 -> 2.0852544 | CD12: =+[6]Report1!AJ17 -> 0 | CE12: =+[6]Report1!AK17 -> 0 | CF12: =+[6]Report1!AP17 -> 907.3282 | CG12: =+[6]Report1!AQ17 -> 951.95393 | CH12: =+[6]Report1!AV17 -> 0 | CI12: =+[6]Report1!AW17 -> 0 | CJ12: =+[6]Report1!BB17 -> 0 | CK12: =+[6]Report1!BC17 -> 0
A13: =1+A12 -> 45848 | B13: =+Report1!J18 -> 0.88034017 | C13: =+Report1!K18 -> 0.83075725 | D13: =+Report1!AJ18 -> 0.88034017 | E13: =+Report1!AK18 -> 0.83369277 | F13: =+Report1!R18 -> 58.366 | G13: =+Report1!S18 -> 632.877 | H13: =+Report1!X18 -> 2.277062 | I13: =+Report1!Y18 -> 2.2102225 | J13: =+Report1!AD18 -> 909.17006 | K13: =+Report1!AE18 -> 862.41661 | L13: =+[1]Report1!J18 -> 0.77901133 | M13: =+[1]Report1!K18 -> 0.81825351 | N13: =+[1]Report1!BJ18 -> 0.77901133 | O13: =+[1]Report1!BK18 -> 0.8983042 | P13: =+[1]Report1!R18 -> 46.81 | Q13: =+[1]Report1!S18 -> 541.809 | R13: =+[1]Report1!AL18 -> 4.025721 | S13: =+[1]Report1!AM18 -> 2.4302845 | T13: =+[1]Report1!AR18 -> 0.20081179 | U13: =+[1]Report1!AS18 -> 0.22812467 | V13: =+[1]Report1!AX18 -> 708.01602 | W13: =+[1]Report1!AY18 -> 629.1997 | X13: =+[1]Report1!BD18 -> 676.86392 | Y13: =+[1]Report1!BE18 -> 533.57733 | Z13: =+[2]Report1!J18 -> 0.94552493 | AA13: =+[2]Report1!K18 -> 0.89884313 | AB13: =+[2]Report1!BC18 -> 0.94552493 | AC13: =+[2]Report1!BD18 -> 0.9035932 | AD13: =+[2]Report1!R18 -> 43.485 | AE13: =+[2]Report1!S18 -> 405.78 | AF13: =+[2]Report1!X18 -> 99.934951 | AG13: =+[2]Report1!Y18 -> 103.10446 | AH13: =+[2]Report1!AD18 -> 1.5062665 | AI13: =+[2]Report1!AE18 -> 1.5234856 | AJ13: =+[2]Report1!AJ18 -> 836.83615 | AK13: =+[2]Report1!AK18 -> 916.66332 | AL13: =+[3]Report1!AP18 -> 0 | AM13: =+[3]Report1!AQ18 -> 0 | AN13: =+[4]Report1!J18 -> 0.88444198 | AO13: =+[4]Report1!K18 -> 0.69578332 | AP13: =+[4]Report1!BN18 -> 0.88444198 | AQ13: =+[4]Report1!BO18 -> 0.7280336 | AR13: =+[4]Report1!R18 -> 42.259 | AS13: =+[4]Report1!S18 -> 339.291 | AT13: =+[4]Report1!AF18 -> 106.03576 | AU13: =+[4]Report1!AG18 -> 113.84269 | AV13: =+[4]Report1!AL18 -> 1.6990464 | AW13: =+[4]Report1!AM18 -> 1.8067087 | AX13: =+[4]Report1!AR18 -> 0 | AY13: =+[4]Report1!AS18 -> 0.038315193 | AZ13: =+[4]Report1!AX18 -> 987.95097 | BA13: =+[4]Report1!AY18 -> 1131.3994 | BB13: =+[4]Report1!BD18 -> 0 | BC13: =+[4]Report1!BE18 -> 124.70122 | BD13: =+[4]Report1!BJ18 -> 85.662226 | BE13: =+[4]Report1!BK18 -> 24.993295 | BF13: =+[5]Report1!J18 -> 1.0821527 | BG13: =+[5]Report1!K18 -> 0.78835081 | BH13: =+[5]Report1!AN18 -> 1.0821527 | BI13: =+[5]Report1!AO18 -> 0.7957375 | BJ13: =+[5]Report1!R18 -> 56.808 | BK13: =+[5]Report1!S18 -> 414.565 | BL13: =+[5]Report1!AD18 -> 2.1581467 | BM13: =+[5]Report1!AE18 -> 3.0897447 | BN13: 0 | BO13: 0 | BP13: =+[5]Report1!AJ18 -> 793.42813 | BQ13: =+[5]Report1!AK18 -> 986.81259 | BR13: 0 | BS13: 0 | BT13: =+[6]Report1!J18 -> 0.8661378 | BU13: =+[6]Report1!K18 -> 0.84829975 | BV13: =+[6]Report1!BG18 -> 0.8661378 | BW13: =+[6]Report1!BH18 -> 0.86315482 | BX13: =+[6]Report1!R18 -> 40.226 | BY13: =+[6]Report1!S18 -> 405.697 | BZ13: =+[6]Report1!X18 -> 93.132887 | CA13: =+[6]Report1!Y18 -> 83.755785 | CB13: =+[6]Report1!AD18 -> 2.1279769 | CC13: =+[6]Report1!AE18 -> 2.0894904 | CD13: =+[6]Report1!AJ18 -> 0 | CE13: =+[6]Report1!AK18 -> 0 | CF13: =+[6]Report1!AP18 -> 1022.3837 | CG13: =+[6]Report1!AQ18 -> 958.93724 | CH13: =+[6]Report1!AV18 -> 0 | CI13: =+[6]Report1!AW18 -> 0 | CJ13: =+[6]Report1!BB18 -> 0 | CK13: =+[6]Report1!BC18 -> 0
A14: =1+A13 -> 45849 | B14: =+Report1!J19 -> 0.88129264 | C14: =+Report1!K19 -> 0.83444155 | D14: =+Report1!AJ19 -> 0.88129264 | E14: =+Report1!AK19 -> 0.83717442 | F14: =+Report1!R19 -> 52.796 | G14: =+Report1!S19 -> 685.673 | H14: =+Report1!X19 -> 2.411338 | I14: =+Report1!Y19 -> 2.2257082 | J14: =+Report1!AD19 -> 1099.517 | K14: =+Report1!AE19 -> 880.67306 | L14: =+[1]Report1!J19 -> 0.802732 | M14: =+[1]Report1!K19 -> 0.81674935 | N14: =+[1]Report1!BJ19 -> 0.802732 | O14: =+[1]Report1!BK19 -> 0.88823189 | P14: =+[1]Report1!R19 -> 57.037 | Q14: =+[1]Report1!S19 -> 598.846 | R14: =+[1]Report1!AL19 -> 3.2793976 | S14: =+[1]Report1!AM19 -> 2.5111581 | T14: =+[1]Report1!AR19 -> 0.1648053 | U14: =+[1]Report1!AS19 -> 0.22209383 | V14: =+[1]Report1!AX19 -> 767.86034 | W14: =+[1]Report1!AY19 -> 642.40641 | X14: =+[1]Report1!BD19 -> 625.34846 | Y14: =+[1]Report1!BE19 -> 542.31806 | Z14: =+[2]Report1!J19 -> 0.94659439 | AA14: =+[2]Report1!K19 -> 0.90321316 | AB14: =+[2]Report1!BC19 -> 0.94659439 | AC14: =+[2]Report1!BD19 -> 0.9075474 | AD14: =+[2]Report1!R19 -> 43.048 | AE14: =+[2]Report1!S19 -> 448.828 | AF14: =+[2]Report1!X19 -> 103.18729 | AG14: =+[2]Report1!Y19 -> 103.11241 | AH14: =+[2]Report1!AD19 -> 1.5471102 | AI14: =+[2]Report1!AE19 -> 1.5257515 | AJ14: =+[2]Report1!AJ19 -> 873.67822 | AK14: =+[2]Report1!AK19 -> 912.54053 | AL14: =+[3]Report1!AP19 -> 0 | AM14: =+[3]Report1!AQ19 -> 0 | AN14: =+[4]Report1!J19 -> 0.93233824 | AO14: =+[4]Report1!K19 -> 0.71696211 | AP14: =+[4]Report1!BN19 -> 0.93233824 | AQ14: =+[4]Report1!BO19 -> 0.74709375 | AR14: =+[4]Report1!R19 -> 44.707 | AS14: =+[4]Report1!S19 -> 383.998 | AT14: =+[4]Report1!AF19 -> 104.99133 | AU14: =+[4]Report1!AG19 -> 112.81217 | AV14: =+[4]Report1!AL19 -> 1.6820632 | AW14: =+[4]Report1!AM19 -> 1.7921968 | AX14: =+[4]Report1!AR19 -> 0 | AY14: =+[4]Report1!AS19 -> 0.033854343 | AZ14: =+[4]Report1!AX19 -> 1016.6216 | BA14: =+[4]Report1!AY19 -> 1118.0364 | BB14: =+[4]Report1!BD19 -> 0 | BC14: =+[4]Report1!BE19 -> 110.18287 | BD14: =+[4]Report1!BJ19 -> 85.668911 | BE14: =+[4]Report1!BK19 -> 32.057459 | BF14: =+[5]Report1!J19 -> 0.92288355 | BG14: =+[5]Report1!K19 -> 0.8005705 | BH14: =+[5]Report1!AN19 -> 0.92288355 | BI14: =+[5]Report1!AO19 -> 0.80738455 | BJ14: =+[5]Report1!R19 -> 48.485 | BK14: =+[5]Report1!S19 -> 463.05 | BL14: =+[5]Report1!AD19 -> 2.4976797 | BM14: =+[5]Report1!AE19 -> 3.0277508 | BN14: 0 | BO14: 0 | BP14: =+[5]Report1!AJ19 -> 961.45169 | BQ14: =+[5]Report1!AK19 -> 984.1571 | BR14: 0 | BS14: 0 | BT14: =+[6]Report1!J19 -> 0.66322077 | BU14: =+[6]Report1!K19 -> 0.83168991 | BV14: =+[6]Report1!BG19 -> 0.66322077 | BW14: =+[6]Report1!BH19 -> 0.84492626 | BX14: =+[6]Report1!R19 -> 31.272 | BY14: =+[6]Report1!S19 -> 436.969 | BZ14: =+[6]Report1!X19 -> 121.16737 | CA14: =+[6]Report1!Y19 -> 86.433172 | CB14: =+[6]Report1!AD19 -> 2.7148887 | CC14: =+[6]Report1!AE19 -> 2.1342475 | CD14: =+[6]Report1!AJ19 -> 0 | CE14: =+[6]Report1!AK19 -> 0 | CF14: =+[6]Report1!AP19 -> 1348.4691 | CG14: =+[6]Report1!AQ19 -> 986.81436 | CH14: =+[6]Report1!AV19 -> 0 | CI14: =+[6]Report1!AW19 -> 0 | CJ14: =+[6]Report1!BB19 -> 0 | CK14: =+[6]Report1!BC19 -> 0
A15: =1+A14 -> 45850 | B15: =+Report1!J20 -> 0.78168732 | C15: =+Report1!K20 -> 0.83091104 | D15: =+Report1!AJ20 -> 0.78168732 | E15: =+Report1!AK20 -> 0.83344966 | F15: =+Report1!R20 -> 46.07 | G15: =+Report1!S20 -> 731.743 | H15: =+Report1!X20 -> 2.8061428 | I15: =+Report1!Y20 -> 2.2622519 | J15: =+Report1!AD20 -> 1273.5494 | K15: =+Report1!AE20 -> 905.40826 | L15: =+[1]Report1!J20 -> 0.86502013 | M15: =+[1]Report1!K20 -> 0.8210107 | N15: =+[1]Report1!BJ20 -> 0.86502013 | O15: =+[1]Report1!BK20 -> 0.8860205 | P15: =+[1]Report1!R20 -> 61.412 | Q15: =+[1]Report1!S20 -> 660.258 | R15: =+[1]Report1!AL20 -> 3.074562 | S15: =+[1]Report1!AM20 -> 2.5635615 | T15: =+[1]Report1!AR20 -> 0.1937732 | U15: =+[1]Report1!AS20 -> 0.21945967 | V15: =+[1]Report1!AX20 -> 742.3554 | W15: =+[1]Report1!AY20 -> 651.70288 | X15: =+[1]Report1!BD20 -> 599.2477 | Y15: =+[1]Report1!BE20 -> 547.61321 | Z15: =+[2]Report1!J20 -> 0.94875897 | AA15: =+[2]Report1!K20 -> 0.90706214 | AB15: =+[2]Report1!BC20 -> 0.94875897 | AC15: =+[2]Report1!BD20 -> 0.9110454 | AD15: =+[2]Report1!R20 -> 43.52 | AE15: =+[2]Report1!S20 -> 492.348 | AF15: =+[2]Report1!X20 -> 98.125608 | AG15: =+[2]Report1!Y20 -> 102.67161 | AH15: =+[2]Report1!AD20 -> 1.5372243 | AI15: =+[2]Report1!AE20 -> 1.5267656 | AJ15: =+[2]Report1!AJ20 -> 856.90303 | AK15: =+[2]Report1!AK20 -> 907.62258 | AL15: =+[3]Report1!AP20 -> 0 | AM15: =+[3]Report1!AQ20 -> 0 | AN15: =+[4]Report1!J20 -> 1.0099746 | AO15: =+[4]Report1!K20 -> 0.74096101 | AP15: =+[4]Report1!BN20 -> 1.0099746 | AQ15: =+[4]Report1!BO20 -> 0.76945266 | AR15: =+[4]Report1!R20 -> 48.257 | AS15: =+[4]Report1!S20 -> 432.255 | AT15: =+[4]Report1!AF20 -> 93.853043 | AU15: =+[4]Report1!AG20 -> 110.69557 | AV15: =+[4]Report1!AL20 -> 1.5458897 | AW15: =+[4]Report1!AM20 -> 1.7646991 | AX15: =+[4]Report1!AR20 -> 0 | AY15: =+[4]Report1!AS20 -> 0.03007484 | AZ15: =+[4]Report1!AX20 -> 936.90905 | BA15: =+[4]Report1!AY20 -> 1097.8153 | BB15: =+[4]Report1!BD20 -> 0 | BC15: =+[4]Report1!BE20 -> 97.882037 | BD15: =+[4]Report1!BJ20 -> 78.537829 | BE15: =+[4]Report1!BK20 -> 37.246533 | BF15: =+[5]Report1!J20 -> 0.82936628 | BG15: =+[5]Report1!K20 -> 0.80294806 | BH15: =+[5]Report1!AN20 -> 0.82936628 | BI15: =+[5]Report1!AO20 -> 0.80921366 | BJ15: =+[5]Report1!R20 -> 43.172 | BK15: =+[5]Report1!S20 -> 506.222 | BL15: =+[5]Report1!AD20 -> 2.8351709 | BM15: =+[5]Report1!AE20 -> 3.011327 | BN15: 0 | BO15: 0 | BP15: =+[5]Report1!AJ20 -> 1095.9912 | BQ15: =+[5]Report1!AK20 -> 993.69461 | BR15: 0 | BS15: 0 | BT15: =+[6]Report1!J20 -> 0.84570104 | BU15: =+[6]Report1!K20 -> 0.83284502 | BV15: =+[6]Report1!BG20 -> 0.84570104 | BW15: =+[6]Report1!BH20 -> 0.84499106 | BX15: =+[6]Report1!R20 -> 39.923 | BY15: =+[6]Report1!S20 -> 476.892 | BZ15: =+[6]Report1!X20 -> 95.020596 | CA15: =+[6]Report1!Y20 -> 87.152068 | CB15: =+[6]Report1!AD20 -> 2.1341082 | CC15: =+[6]Report1!AE20 -> 2.1342358 | CD15: =+[6]Report1!AJ20 -> 0 | CE15: =+[6]Report1!AK20 -> 0 | CF15: =+[6]Report1!AP20 -> 1079.4813 | CG15: =+[6]Report1!AQ20 -> 994.57197 | CH15: =+[6]Report1!AV20 -> 0 | CI15: =+[6]Report1!AW20 -> 0 | CJ15: =+[6]Report1!BB20 -> 0 | CK15: =+[6]Report1!BC20 -> 0
A16: =1+A15 -> 45851 | B16: =+Report1!J21 -> 0.60333694 | C16: =+Report1!K21 -> 0.81633737 | D16: =+Report1!AJ21 -> 0.60333694 | E16: =+Report1!AK21 -> 0.8186713 | F16: =+Report1!R21 -> 36.354 | G16: =+Report1!S21 -> 768.097 | H16: =+Report1!X21 -> 3.5524839 | I16: =+Report1!Y21 -> 2.3233185 | J16: =+Report1!AD21 -> 1532.1632 | K16: =+Report1!AE21 -> 935.07255 | L16: =+[1]Report1!J21 -> 0.97995064 | M16: =+[1]Report1!K21 -> 0.83287989 | N16: =+[1]Report1!BJ21 -> 0.97995064 | O16: =+[1]Report1!BK21 -> 0.89354587 | P16: =+[1]Report1!R21 -> 63.601 | Q16: =+[1]Report1!S21 -> 723.859 | R16: =+[1]Report1!AL21 -> 2.9070298 | S16: =+[1]Report1!AM21 -> 2.5937399 | T16: =+[1]Report1!AR21 -> 0.16037484 | U16: =+[1]Report1!AS21 -> 0.21426825 | V16: =+[1]Report1!AX21 -> 612.93675 | W16: =+[1]Report1!AY21 -> 648.29674 | X16: =+[1]Report1!BD21 -> 523.7339 | Y16: =+[1]Report1!BE21 -> 545.51508 | Z16: =+[2]Report1!J21 -> 0.89669886 | AA16: =+[2]Report1!K21 -> 0.90627991 | AB16: =+[2]Report1!BC21 -> 0.89669886 | AC16: =+[2]Report1!BD21 -> 0.90995811 | AD16: =+[2]Report1!R21 -> 39.738 | AE16: =+[2]Report1!S21 -> 532.086 | AF16: =+[2]Report1!X21 -> 99.788036 | AG16: =+[2]Report1!Y21 -> 102.45625 | AH16: =+[2]Report1!AD21 -> 1.5224722 | AI16: =+[2]Report1!AE21 -> 1.526445 | AJ16: =+[2]Report1!AJ21 -> 876.74921 | AK16: =+[2]Report1!AK21 -> 905.31685 | AL16: =+[3]Report1!AP21 -> 0 | AM16: =+[3]Report1!AQ21 -> 0 | AN16: =+[4]Report1!J21 -> 0.99454987 | AO16: =+[4]Report1!K21 -> 0.7601586 | AP16: =+[4]Report1!BN21 -> 0.99454987 | AQ16: =+[4]Report1!BO21 -> 0.78709722 | AR16: =+[4]Report1!R21 -> 47.52 | AS16: =+[4]Report1!S21 -> 479.775 | AT16: =+[4]Report1!AF21 -> 98.802557 | AU16: =+[4]Report1!AG21 -> 109.51761 | AV16: =+[4]Report1!AL21 -> 1.5677609 | AW16: =+[4]Report1!AM21 -> 1.7451931 | AX16: =+[4]Report1!AR21 -> 0 | AY16: =+[4]Report1!AS21 -> 0.027096035 | AZ16: =+[4]Report1!AX21 -> 940.4516 | BA16: =+[4]Report1!AY21 -> 1082.229 | BB16: =+[4]Report1!BD21 -> 0 | BC16: =+[4]Report1!BE21 -> 88.187171 | BD16: =+[4]Report1!BJ21 -> 86.279461 | BE16: =+[4]Report1!BK21 -> 42.103069 | BF16: =+[5]Report1!J21 -> 0.81142569 | BG16: =+[5]Report1!K21 -> 0.80359155 | BH16: =+[5]Report1!AN21 -> 0.81142569 | BI16: =+[5]Report1!AO21 -> 0.80938277 | BJ16: =+[5]Report1!R21 -> 42.02 | BK16: =+[5]Report1!S21 -> 548.242 | BL16: =+[5]Report1!AD21 -> 2.9295574 | BM16: =+[5]Report1!AE21 -> 3.0050598 | BN16: 0 | BO16: 0 | BP16: =+[5]Report1!AJ21 -> 1116.6403 | BQ16: =+[5]Report1!AK21 -> 1003.1178 | BR16: 0 | BS16: 0 | BT16: =+[6]Report1!J21 -> 0.79184063 | BU16: =+[6]Report1!K21 -> 0.82970891 | BV16: =+[6]Report1!BG21 -> 0.79184063 | BW16: =+[6]Report1!BH21 -> 0.8408713 | BX16: =+[6]Report1!R21 -> 37.55 | BY16: =+[6]Report1!S21 -> 514.442 | BZ16: =+[6]Report1!X21 -> 104.96739 | CA16: =+[6]Report1!Y21 -> 88.452439 | CB16: =+[6]Report1!AD21 -> 2.2130493 | CC16: =+[6]Report1!AE21 -> 2.1399886 | CD16: =+[6]Report1!AJ21 -> 0 | CE16: =+[6]Report1!AK21 -> 0 | CF16: =+[6]Report1!AP21 -> 1090.1349 | CG16: =+[6]Report1!AQ21 -> 1001.5473 | CH16: =+[6]Report1!AV21 -> 0 | CI16: =+[6]Report1!AW21 -> 0 | CJ16: =+[6]Report1!BB21 -> 0 | CK16: =+[6]Report1!BC21 -> 0
... A34: =1+A33 -> 45869 | B34: =+Report1!J39 -> 0.84132217 | C34: =+Report1!K39 -> 0.83939759 | D34: =+Report1!AJ39 -> 0.84132217 | E34: =+Report1!AK39 -> 0.84053151 | F34: =+Report1!R39 -> 50.648 | G34: =+Report1!S39 -> 1669.03 | H34: =+Report1!X39 -> 2.4645198 | I34: =+Report1!Y39 -> 2.439188 | J34: =+Report1!AD39 -> 1039.2122 | K34: =+Report1!AE39 -> 1033.4659 | L34: =+[1]Report1!J39 -> 1.0064663 | M34: =+[1]Report1!K39 -> 0.88164645 | N34: =+[1]Report1!BJ39 -> 1.0064663 | O34: =+[1]Report1!BK39 -> 0.90721678 | P34: =+[1]Report1!R39 -> 78.098 | Q34: =+[1]Report1!S39 -> 1849.253 | R34: =+[1]Report1!AL39 -> 2.2478168 | S34: =+[1]Report1!AM39 -> 2.6039628 | T34: =+[1]Report1!AR39 -> 0.24584496 | U34: =+[1]Report1!AS39 -> 0.22857878 | V34: =+[1]Report1!AX39 -> 419.64621 | W34: =+[1]Report1!AY39 -> 604.72262 | X34: =+[1]Report1!BD39 -> 422.54603 | Y34: =+[1]Report1!BE39 -> 521.78582 | Z34: =+[2]Report1!J39 -> 0.96785843 | AA34: =+[2]Report1!K39 -> 0.88193173 | AB34: =+[2]Report1!BC39 -> 0.96785843 | AC34: =+[2]Report1!BD39 -> 0.88340653 | AD34: =+[2]Report1!R39 -> 46.16 | AE34: =+[2]Report1!S39 -> 1253.705 | AF34: =+[2]Report1!X39 -> 90.473738 | AG34: =+[2]Report1!Y39 -> 98.517031 | AH34: =+[2]Report1!AD39 -> 1.3388215 | AI34: =+[2]Report1!AE39 -> 1.4871122 | AJ34: =+[2]Report1!AJ39 -> 830.24307 | AK34: =+[2]Report1!AK39 -> 885.26052 | AL34: =+[3]Report1!AP39 -> 0 | AM34: =+[3]Report1!AQ39 -> 0 | AN34: =+[4]Report1!J39 -> 0.98297038 | AO34: =+[4]Report1!K39 -> 0.88320077 | AP34: =+[4]Report1!BN39 -> 0.98297038 | AQ34: =+[4]Report1!BO39 -> 0.8953444 | AR34: =+[4]Report1!R39 -> 50.23 | AS34: =+[4]Report1!S39 -> 1406.635 | AT34: =+[4]Report1!AF39 -> 110.50624 | AU34: =+[4]Report1!AG39 -> 105.33379 | AV34: =+[4]Report1!AL39 -> 1.4334063 | AW34: =+[4]Report1!AM39 -> 1.5242049 | AX34: =+[4]Report1!AR39 -> 0.17917579 | AY34: =+[4]Report1!AS39 -> 0.080760112 | AZ34: =+[4]Report1!AX39 -> 846.98427 | BA34: =+[4]Report1!AY39 -> 927.60065 | BB34: =+[4]Report1!BD39 -> 483.91129 | BC34: =+[4]Report1!BE39 -> 240.27392 | BD34: =+[4]Report1!BJ39 -> 0 | BE34: =+[4]Report1!BK39 -> 16.955358 | BF34: =+[5]Report1!J39 -> 1.0666989 | BG34: =+[5]Report1!K39 -> 0.88101947 | BH34: =+[5]Report1!AN39 -> 1.0666989 | BI34: =+[5]Report1!AO39 -> 0.8836277 | BJ34: =+[5]Report1!R39 -> 56.478 | BK34: =+[5]Report1!S39 -> 1457.009 | BL34: =+[5]Report1!AD39 -> 2.2769928 | BM34: =+[5]Report1!AE39 -> 2.7597633 | BN34: 0 | BO34: 0 | BP34: =+[5]Report1!AJ39 -> 824.54903 | BQ34: =+[5]Report1!AK39 -> 932.94369 | BR34: 0 | BS34: 0 | BT34: =+[6]Report1!J39 -> 0.99336552 | BU34: =+[6]Report1!K39 -> 0.89958178 | BV34: =+[6]Report1!BG39 -> 0.99336552 | BW34: =+[6]Report1!BH39 -> 0.90458737 | BX34: =+[6]Report1!R39 -> 53.885 | BY34: =+[6]Report1!S39 -> 1385.694 | BZ34: =+[6]Report1!X39 -> 76.793243 | CA34: =+[6]Report1!Y39 -> 82.805082 | CB34: =+[6]Report1!AD39 -> 1.827967 | CC34: =+[6]Report1!AE39 -> 1.975097 | CD34: =+[6]Report1!AJ39 -> 0.18001299 | CE34: =+[6]Report1!AK39 -> 0.056505982 | CF34: =+[6]Report1!AP39 -> 697.15468 | CG34: =+[6]Report1!AQ39 -> 886.8081 | CH34: =+[6]Report1!AV39 -> 488.67841 | CI34: =+[6]Report1!AW39 -> 150.23872 | CJ34: =+[6]Report1!BB39 -> 0 | CK34: =+[6]Report1!BC39 -> 14.750731
A36: Desember
A37: November
A38: Oktober
A39: September
A40: Agustus
A41: Juli | B41: =+C34 -> 0.83939759 | D41: =+E34 -> 0.84053151 | F41: =+G34 -> 1669.03 | H41: =+I34 -> 2.439188 | J41: =+K34 -> 1033.4659 | L41: =+M34 -> 0.88164645 | N41: =+O34 -> 0.90721678 | P41: =+Q34 -> 1849.253 | R41: =+S34 -> 2.6039628 | T41: =+U34 -> 0.22857878 | V41: =+W34 -> 604.72262 | X41: =+Y34 -> 521.78582 | Z41: =+AA34 -> 0.88193173 | AB41: =+AC34 -> 0.88340653 | AD41: =+AE34 -> 1253.705 | AF41: =+AG34 -> 98.517031 | AH41: =+AI34 -> 1.4871122 | AJ41: =+AK34 -> 885.26052 | AL41: =+AM34 -> 0 | AN41: =+AO34 -> 0.88320077 | AP41: =+AQ34 -> 0.8953444 | AR41: =+AS34 -> 1406.635 | AT41: =+AU34 -> 105.33379 | AV41: =+AW34 -> 1.5242049 | AX41: =+AY34 -> 0.080760112 | AZ41: =+BA34 -> 927.60065 | BB41: =+BC34 -> 240.27392 | BD41: =+BE34 -> 16.955358 | BF41: =+BG34 -> 0.88101947 | BH41: =+BI34 -> 0.8836277 | BJ41: =+BK34 -> 1457.009 | BL41: =+BM34 -> 2.7597633 | BN41: =+BO34 -> 0 | BP41: =+BQ34 -> 932.94369 | BR41: =+BS34 -> 0 | BT41: =+BU34 -> 0.89958178 | BV41: =+BW34 -> 0.90458737 | BX41: =+BY34 -> 1385.694 | BZ41: =+CA34 -> 82.805082 | CB41: =+CC34 -> 1.975097 | CD41: =+CE34 -> 0.056505982 | CF41: =+CG34 -> 886.8081 | CH41: =+CI34 -> 150.23872 | CJ41: =+CK34 -> 14.750731
A42: Juni | B42: =+'[7]eff all'!$B$42:$C$42 -> 0.89683017 | D42: =+'[7]eff all'!$D$42:$E$42 -> 0.91651255 | F42: =+'[7]eff all'!$F$42:$G$42 -> 1608.12 | H42: =+'[7]eff all'!$H$42:$I$42 -> 2.3160038 | J42: =+'[7]eff all'!$J$42:$K$42 -> 1025.4408 | L42: =+'[7]eff all'!$L$42:$M$42 -> 0.92866755 | N42: =+'[7]eff all'!$N$42:$O$42 -> 0.93793898 | P42: =+'[7]eff all'!$P$42:$Q$42 -> 1827.359 | R42: =+'[7]eff all'!$R$42:$S$42 -> 2.0916447 | T42: =+'[7]eff all'!$T$42:$U$42 -> 0.23153633 | V42: =+'[7]eff all'!$V$42:$W$42 -> 614.27863 | X42: =+'[7]eff all'!$X$42:$Y$42 -> 437.11553 | Z42: =+'[7]eff all'!$Z$42:$AA$42 -> 0.83629624 | AB42: =+'[7]eff all'!$AB$42:$AC$42 -> 0.84011645 | AD42: =+'[7]eff all'!$AD$42:$AE$42 -> 1132.285 | AF42: =+'[7]eff all'!$AF$42:$AG$42 -> 111.282 | AH42: =+'[7]eff all'!$AH$42:$AI$42 -> 1.6594762 | AJ42: =+'[7]eff all'!$AJ$42:$AK$42 -> 964.83334 | AL42: =+'[7]eff all'!$AL$42:$AM$42 -> 0 | AN42: =+'[7]eff all'!$AN$42:$AO$42 -> 0.84149356 | AP42: =+'[7]eff all'!$AP$42:$AQ$42 -> 0.85108231 | AR42: =+'[7]eff all'!$AR$42:$AS$42 -> 1316.344 | AT42: =+'[7]eff all'!$AT$42:$AU$42 -> 121.83944 | AV42: =+'[7]eff all'!$AV$42:$AW$42 -> 1.4904159 | AX42: =+'[7]eff all'!$AX$42:$AY$42 -> 0.19523772 | AZ42: =+'[7]eff all'!$AZ$42:$BA$42 -> 883.634 | BB42: =+'[7]eff all'!$BB$42:$BC$42 -> 521.8822 | BD42: =+'[7]eff all'!$BD$42:$BE$42 -> 0 | BF42: =+'[7]eff all'!$BF$42:$BG$42 -> 0.81559728 | BH42: =+'[7]eff all'!$BH$42:$BI$42 -> 0.82877821 | BJ42: =+'[7]eff all'!$BJ$42:$BK$42 -> 1259.735 | BL42: =+'[7]eff all'!$BL$42:$BM$42 -> 2.8948152 | BN42: =+'[7]eff all'!$BN$42:$BO$42 -> 0 | BP42: =+'[7]eff all'!$BP$42:$BQ$42 -> 971.0194 | BR42: =+'[7]eff all'!$BR$42:$BS$42 -> 0 | BT42: =+'[7]eff all'!$BT$42:$BU$42 -> 0.90927146 | BV42: =+'[7]eff all'!$BV$42:$BW$42 -> 0.93351911 | BX42: =+'[7]eff all'!$BX$42:$BY$42 -> 1433.06 | BZ42: =+'[7]eff all'!$BZ$42:$CA$42 -> 77.094083 | CB42: =+'[7]eff all'!$CB$42:$CC$42 -> 1.8864528 | CD42: =+'[7]eff all'!$CD$42:$CE$42 -> 0.14263185 | CF42: =+'[7]eff all'!$CF$42:$CG$42 -> 754.59782 | CH42: =+'[7]eff all'!$CH$42:$CI$42 -> 384.70371 | CJ42: 0
A43: Mei | B43: =+'[8]eff all'!$B$43:$C$43 -> 0.81728993 | D43: =+'[8]eff all'!$D$43:$E$43 -> 0.81728993 | F43: =+'[8]eff all'!$F$43:$G$43 -> 1753.698 | H43: =+'[8]eff all'!$H$43:$I$43 -> 2.3283627 | J43: =+'[8]eff all'!$J$43:$K$43 -> 919.17355 | L43: =+'[8]eff all'!$L$43:$M$43 -> 0.88541366 | N43: =+'[8]eff all'!$N$43:$O$43 -> 0.92564375 | P43: =+'[8]eff all'!$P$43:$Q$43 -> 1848.366 | R43: =+'[8]eff all'!$R$43:$S$43 -> 2.3081273 | T43: =+'[8]eff all'!$T$43:$U$43 -> 0.22165523 | V43: =+'[8]eff all'!$V$43:$W$43 -> 618.58479 | X43: =+'[8]eff all'!$X$43:$Y$43 -> 420.83341 | Z43: =+'[8]eff all'!$Z$43:$AA$43 -> 0.80335181 | AB43: =+'[8]eff all'!$AB$43:$AC$43 -> 0.86162049 | AD43: =+'[8]eff all'!$AD$43:$AE$43 -> 1130.835 | AF43: =+'[8]eff all'!$AF$43:$AG$43 -> 107.89352 | AH43: =+'[8]eff all'!$AH$43:$AI$43 -> 1.5947508 | AJ43: =+'[8]eff all'!$AJ$43:$AK$43 -> 914.38362 | AL43: =+'[8]eff all'!$AL$43:$AM$43 -> 20.16563 | AN43: =+'[8]eff all'!$AN$43:$AO$43 -> 0.85071019 | AP43: =+'[8]eff all'!$AP$43:$AQ$43 -> 0.85071019 | AR43: =+'[8]eff all'!$AR$43:$AS$43 -> 1375.357 | AT43: =+'[8]eff all'!$AT$43:$AU$43 -> 113.79765 | AV43: =+'[8]eff all'!$AV$43:$AW$43 -> 1.4656558 | AX43: =+'[8]eff all'!$AX$43:$AY$43 -> 0.18613349 | AZ43: =+'[8]eff all'!$AZ$43:$BA$43 -> 878.46065 | BB43: =+'[8]eff all'!$BB$43:$BC$43 -> 550.25946 | BD43: =+'[8]eff all'!$BD$43:$BE$43 -> 0 | BF43: =+'[8]eff all'!$BF$43:$BG$43 -> 0.89363459 | BH43: =+'[8]eff all'!$BH$43:$BI$43 -> 0.89363459 | BJ43: =+'[8]eff all'!$BJ$43:$BK$43 -> 1430.692 | BL43: =+'[8]eff all'!$BL$43:$BM$43 -> 2.6821286 | BN43: =+'[8]eff all'!$BN$43:$BO$43 -> 0 | BP43: =+'[8]eff all'!$BP$43:$BQ$43 -> 974.33569 | BR43: =+'[8]eff all'!$BR$43:$BS$43 -> 0 | BT43: =+'[8]eff all'!$BT$43:$BU$43 -> 0.90863448 | BV43: =+'[8]eff all'!$BV$43:$BW$43 -> 0.9187839 | BX43: =+'[8]eff all'!$BX$43:$BY$43 -> 1460.105 | BZ43: =+'[8]eff all'!$BZ$43:$CA$43 -> 77.669648 | CB43: =+'[8]eff all'!$CB$43:$CC$43 -> 2.0032806 | CD43: =+'[8]eff all'!$CD$43:$CE$43 -> 0.083692611 | CF43: =+'[8]eff all'!$CF$43:$CG$43 -> 840.76602 | CH43: =+'[8]eff all'!$CH$43:$CI$43 -> 246.27503 | CJ43: =+'[8]eff all'!$CJ$43:$CK$43 -> 20.270491
A44: April | B44: =+'[9]eff all'!$B$44:$C$44 -> 0.8512863 | D44: =+'[9]eff all'!$D$44:$E$44 -> 0.88261389 | F44: =+'[9]eff all'!$F$44:$G$44 -> 1626.863 | H44: =+'[9]eff all'!$H$44:$I$44 -> 2.4992418 | J44: =+'[9]eff all'!$J$44:$K$44 -> 943.70529 | L44: =+'[9]eff all'!$L$44:$M$44 -> 0.91684997 | N44: =+'[9]eff all'!$N$44:$O$44 -> 0.94547697 | P44: =+'[9]eff all'!$P$44:$Q$44 -> 1788.166 | R44: =+'[9]eff all'!$R$44:$S$44 -> 2.1331811 | T44: =+'[9]eff all'!$T$44:$U$44 -> 0.2123125 | V44: =+'[9]eff all'!$V$44:$W$44 -> 722.25094 | X44: =+'[9]eff all'!$X$44:$Y$44 -> 464.24761 | Z44: =+'[9]eff all'!$Z$44:$AA$44 -> 0.8620695 | AB44: =+'[9]eff all'!$AB$44:$AC$44 -> 0.90942581 | AD44: =+'[9]eff all'!$AD$44:$AE$44 -> 1188.791 | AF44: =+'[9]eff all'!$AF$44:$AG$44 -> 106.25948 | AH44: =+'[9]eff all'!$AH$44:$AI$44 -> 1.5097692 | AJ44: =+'[9]eff all'!$AJ$44:$AK$44 -> 921.84495 | AL44: =+'[9]eff all'!$AL$44:$AM$44 -> 7.553893 | AN44: =+'[9]eff all'!$AN$44:$AO$44 -> 0.9113018 | AP44: =+'[9]eff all'!$AP$44:$AQ$44 -> 0.94321744 | AR44: =+'[9]eff all'!$AR$44:$AS$44 -> 1441.538 | AT44: =+'[9]eff all'!$AT$44:$AU$44 -> 98.381361 | AV44: =+'[9]eff all'!$AV$44:$AW$44 -> 1.4245896 | AX44: =+'[9]eff all'!$AX$44:$AY$44 -> 0.063755313 | AZ44: =+'[9]eff all'!$AZ$44:$BA$44 -> 884.49349 | BB44: =+'[9]eff all'!$BB$44:$BC$44 -> 178.97537 | BD44: =+'[9]eff all'!$BD$44:$BE$44 -> 0 | BF44: =+'[9]eff all'!$BF$44:$BG$44 -> 0.83968008 | BH44: =+'[9]eff all'!$BH$44:$BI$44 -> 0.88025535 | BJ44: =+'[9]eff all'!$BJ$44:$BK$44 -> 1283.722 | BL44: =+'[9]eff all'!$BL$44:$BM$44 -> 2.9010175 | BN44: =+'[9]eff all'!$BN$44:$BO$44 -> 0 | BP44: =+'[9]eff all'!$BP$44:$BQ$44 -> 1018.1901 | BR44: =+'[9]eff all'!$BR$44:$BS$44 -> 0 | BT44: =+'[9]eff all'!$BT$44:$BU$44 -> 0.86479672 | BV44: =+'[9]eff all'!$BV$44:$BW$44 -> 0.91368892 | BX44: =+'[9]eff all'!$BX$44:$BY$44 -> 1364.988 | BZ44: =+'[9]eff all'!$BZ$44:$CA$44 -> 71.774412 | CB44: =+'[9]eff all'!$CB$44:$CC$44 -> 1.9880761 | CD44: =+'[9]eff all'!$CD$44:$CE$44 -> 0.17403816 | CF44: =+'[9]eff all'!$CF$44:$CG$44 -> 844.20452 | CH44: =+'[9]eff all'!$CH$44:$CI$44 -> 469.40955 | CJ44: =+'[9]eff all'!$CJ$44:$CK$44 -> 0
A45: Maret | B45: =+'[10]eff all'!$B$45:$C$45 -> 0.84979165 | D45: =+'[10]eff all'!$D$45:$E$45 -> 0.85889247 | F45: =+'[10]eff all'!$F$45:$G$45 -> 1534.469 | H45: =+'[10]eff all'!$H$45:$I$45 -> 2.430719 | J45: =+'[10]eff all'!$J$45:$K$45 -> 1009.2877 | L45: =+'[10]eff all'!$L$45:$M$45 -> 0.85741706 | N45: =+'[10]eff all'!$N$45:$O$45 -> 0.89481521 | P45: =+'[10]eff all'!$P$45:$Q$45 -> 1704.768 | R45: =+'[10]eff all'!$R$45:$S$45 -> 2.4058077 | T45: =+'[10]eff all'!$T$45:$U$45 -> 0.14817265 | V45: =+'[10]eff all'!$V$45:$W$45 -> 708.7489 | X45: =+'[10]eff all'!$X$45:$Y$45 -> 419.01831 | Z45: =+'[10]eff all'!$Z$45:$AA$45 -> 0.87132155 | AB45: =+'[10]eff all'!$AB$45:$AC$45 -> 0.87132155 | AD45: =+'[10]eff all'!$AD$45:$AE$45 -> 1204.645 | AF45: =+'[10]eff all'!$AF$45:$AG$45 -> 105.43836 | AH45: =+'[10]eff all'!$AH$45:$AI$45 -> 1.5603767 | AJ45: =+'[10]eff all'!$AJ$45:$AK$45 -> 928.04959 | AL45: =+'[10]eff all'!$AL$45:$AM$45 -> 0 | AN45: =+'[10]eff all'!$AN$45:$AO$45 -> 0.47758007 | AP45: =+'[10]eff all'!$AP$45:$AQ$45 -> 0.86385626 | AR45: =+'[10]eff all'!$AR$45:$AS$45 -> 764.21 | AT45: =+'[10]eff all'!$AT$45:$AU$45 -> 117.91594 | AV45: =+'[10]eff all'!$AV$45:$AW$45 -> 1.737088 | AX45: =+'[10]eff all'!$AX$45:$AY$45 -> 0 | AZ45: =+'[10]eff all'!$AZ$45:$BA$45 -> 1171.1575 | BB45: =+'[10]eff all'!$BB$45:$BC$45 -> 0 | BD45: =+'[10]eff all'!$BD$45:$BE$45 -> 23.422881 | BF45: =+'[10]eff all'!$BF$45:$BG$45 -> 0.79411424 | BH45: =+'[10]eff all'!$BH$45:$BI$45 -> 0.80751482 | BJ45: =+'[10]eff all'!$BJ$45:$BK$45 -> 1316.452 | BL45: =+'[10]eff all'!$BL$45:$BM$45 -> 2.6146035 | BN45: =+'[10]eff all'!$BN$45:$BO$45 -> 0 | BP45: =+'[10]eff all'!$BP$45:$BQ$45 -> 1083.3644 | BR45: =+'[10]eff all'!$BR$45:$BS$45 -> 0 | BT45: =+'[10]eff all'!$BT$45:$BU$45 -> 0.7921511 | BV45: =+'[10]eff all'!$BV$45:$BW$45 -> 0.80246911 | BX45: =+'[10]eff all'!$BX$45:$BY$45 -> 1219.024 | BZ45: =+'[10]eff all'!$BZ$45:$CA$45 -> 89.967609 | CB45: =+'[10]eff all'!$CB$45:$CC$45 -> 2.2528679 | CD45: =+'[10]eff all'!$CD$45:$CE$45 -> 0 | CF45: =+'[10]eff all'!$CF$45:$CG$45 -> 1093.3749 | CH45: =+'[10]eff all'!$CH$45:$CI$45 -> 0 | CJ45: =+'[10]eff all'!$CJ$45:$CK$45 -> 3.7653073
A46: Februari | B46: =+'[11]eff all'!$B$46:$C$46 -> 0.83769524 | D46: =+'[11]eff all'!$D$46:$E$46 -> 0.8766254 | F46: =+'[11]eff all'!$F$46:$G$46 -> 1634.192 | H46: =+'[11]eff all'!$H$46:$I$46 -> 2.3108466 | J46: =+'[11]eff all'!$J$46:$K$46 -> 925.52626 | L46: =+'[11]eff all'!$L$46:$M$46 -> 0.8461717 | N46: =+'[11]eff all'!$N$46:$O$46 -> 0.92040515 | P46: =+'[11]eff all'!$P$46:$Q$46 -> 1544.163 | R46: =+'[11]eff all'!$R$46:$S$46 -> 2.2768451 | T46: =+'[11]eff all'!$T$46:$U$46 -> 0.21063191 | V46: =+'[11]eff all'!$V$46:$W$46 -> 556.96866 | X46: =+'[11]eff all'!$X$46:$Y$46 -> 505.65161 | Z46: =+'[11]eff all'!$Z$46:$AA$46 -> 0.81429519 | AB46: =+'[11]eff all'!$AB$46:$AC$46 -> 0.84116946 | AD46: =+'[11]eff all'!$AD$46:$AE$46 -> 1037.251 | AF46: =+'[11]eff all'!$AF$46:$AG$46 -> 107.29574 | AH46: =+'[11]eff all'!$AH$46:$AI$46 -> 1.5367544 | AJ46: =+'[11]eff all'!$AJ$46:$AK$46 -> 927.08315 | AL46: =+'[11]eff all'!$AL$46:$AM$46 -> 0 | AN46: =+'[11]eff all'!$AN$46:$AO$46 -> 0.88342597 | AP46: =+'[11]eff all'!$AP$46:$AQ$46 -> 0.90448559 | AR46: =+'[11]eff all'!$AR$46:$AS$46 -> 1294.864 | AT46: =+'[11]eff all'!$AT$46:$AU$46 -> 106.60048 | AV46: =+'[11]eff all'!$AV$46:$AW$46 -> 1.7585631 | AX46: =+'[11]eff all'!$AX$46:$AY$46 -> 0.073212322 | AZ46: =+'[11]eff all'!$AZ$46:$BA$46 -> 932.75272 | BB46: =+'[11]eff all'!$BB$46:$BC$46 -> 205.07134 | BD46: =+'[11]eff all'!$BD$46:$BE$46 -> 0 | BF46: =+'[11]eff all'!$BF$46:$BG$46 -> 0.85694754 | BH46: =+'[11]eff all'!$BH$46:$BI$46 -> 0.88509205 | BJ46: =+'[11]eff all'!$BJ$46:$BK$46 -> 1241.78 | BL46: =+'[11]eff all'!$BL$46:$BM$46 -> 2.5784761 | BN46: =+'[11]eff all'!$BN$46:$BO$46 -> 0 | BP46: =+'[11]eff all'!$BP$46:$BQ$46 -> 1074.7242 | BR46: =+'[11]eff all'!$BR$46:$BS$46 -> 0 | BT46: =+'[11]eff all'!$BT$46:$BU$46 -> 0.52741322 | BV46: =+'[11]eff all'!$BV$46:$BW$46 -> 0.87317352 | BX46: =+'[11]eff all'!$BX$46:$BY$46 -> 769.938 | BZ46: =+'[11]eff all'!$BZ$46:$CA$46 -> 79.808071 | CB46: =+'[11]eff all'!$CB$46:$CC$46 -> 2.0515938 | CD46: =+'[11]eff all'!$CD$46:$CE$46 -> 0.078512815 | CF46: =+'[11]eff all'!$CF$46:$CG$46 -> 1021.1664 | CH46: =+'[11]eff all'!$CH$46:$CI$46 -> 210.64553 | CJ46: =+'[11]eff all'!$CJ$46:$CK$46 -> 0
A47: Januari | B47: =+'[12]eff all'!$B$47:$C$47 -> 0.83356469 | D47: =+'[12]eff all'!$D$47:$E$47 -> 0.83361178 | F47: =+'[12]eff all'!$F$47:$G$47 -> 1793.901 | H47: =+'[12]eff all'!$H$47:$I$47 -> 2.2654868 | J47: =+'[12]eff all'!$J$47:$K$47 -> 869.87488 | L47: =+'[12]eff all'!$L$47:$M$47 -> 0.92571233 | N47: =+'[12]eff all'!$N$47:$O$47 -> 0.92998024 | P47: =+'[12]eff all'!$P$47:$Q$47 -> 1900.575 | R47: =+'[12]eff all'!$R$47:$S$47 -> 2.4046281 | T47: =+'[12]eff all'!$T$47:$U$47 -> 0.23240335 | V47: =+'[12]eff all'!$V$47:$W$47 -> 527.49748 | X47: =+'[12]eff all'!$X$47:$Y$47 -> 446.15971 | Z47: =+'[12]eff all'!$Z$47:$AA$47 -> 0.89180765 | AB47: =+'[12]eff all'!$AB$47:$AC$47 -> 0.89180765 | AD47: =+'[12]eff all'!$AD$47:$AE$47 -> 1235.41 | AF47: =+'[12]eff all'!$AF$47:$AG$47 -> 96.393124 | AH47: =+'[12]eff all'!$AH$47:$AI$47 -> 1.4614581 | AJ47: =+'[12]eff all'!$AJ$47:$AK$47 -> 901.21824 | AL47: =+'[12]eff all'!$AL$47:$AM$47 -> 0 | AN47: =+'[12]eff all'!$AN$47:$AO$47 -> 0.65645764 | AP47: =+'[12]eff all'!$AP$47:$AQ$47 -> 0.84659222 | AR47: =+'[12]eff all'!$AR$47:$AS$47 -> 1045.391 | AT47: =+'[12]eff all'!$AT$47:$AU$47 -> 0 | AV47: =+'[12]eff all'!$AV$47:$AW$47 -> 1.7690032 | AX47: =+'[12]eff all'!$AX$47:$AY$47 -> 0.090148088 | AZ47: =+'[12]eff all'!$AZ$47:$BA$47 -> 1055.9628 | BB47: =+'[12]eff all'!$BB$47:$BC$47 -> 340.18133 | BD47: =+'[12]eff all'!$BD$47:$BE$47 -> 7.609593 | BF47: =+'[12]eff all'!$BF$47:$BG$47 -> 0.90491768 | BH47: =+'[12]eff all'!$BH$47:$BI$47 -> 0.90491768 | BJ47: =+'[12]eff all'!$BJ$47:$BK$47 -> 1444.905 | BL47: =+'[12]eff all'!$BL$47:$BM$47 -> 2.4918593 | BN47: =+'[12]eff all'!$BN$47:$BO$47 -> 0 | BP47: =+'[12]eff all'!$BP$47:$BQ$47 -> 1021.2882 | BR47: =+'[12]eff all'!$BR$47:$BS$47 -> 0 | BT47: =+'[12]eff all'!$BT$47:$BU$47 -> 0.83316576 | BV47: =+'[12]eff all'!$BV$47:$BW$47 -> 0.84218323 | BX47: =+'[12]eff all'!$BX$47:$BY$47 -> 1301.7 | BZ47: =+'[12]eff all'!$BZ$47:$CA$47 -> 87.852276 | CB47: =+'[12]eff all'!$CB$47:$CC$47 -> 1.9540601 | CD47: =+'[12]eff all'!$CD$47:$CE$47 -> 0.090078359 | CF47: =+'[12]eff all'!$CF$47:$CG$47 -> 925.71846 | CH47: =+'[12]eff all'!$CH$47:$CI$47 -> 294.56672 | CJ47: =+'[12]eff all'!$CJ$47:$CK$47 -> 8.7308904

Sheet Report1
A3: PAPER MACHINE 11 DAILY REPORT 1
A6: Date | B6: Grade | C6: GSM | D6: Speed yankee (mpm) | E6: Speed reel (mpm) | F6: Creep ( % ) | G6: Real Eff PM ( % ) | H6: Real Eff PM vs Target (%) | I6: Real Eff FG vs Real Eff PM (%) | J6: Eff FG vs Target (%) | L6: Kapasitas Target (ton) | N6: Kapasitas Teori Real (ton) | P6: PM PROD Timbangan (TON) | R6: FINSHED GOODS (TON) | T6: STEAM (TON) | Z6: POWER (kWh) | AF6: TOTALIZER | AH6: Kapasitas Running (ton) | AJ6: Eff FG vs Target Running(%)
T7: CONSUMPTION | V7: /TON PM. | X7: /TON FG. | Z7: CONSUMPTION | AB7: /TON PM | AD7: /TON FG
J8: TODAY | K8: TODATE | L8: TODAY | M8: TODATE | N8: TODAY | O8: TODATE | P8: TODAY | Q8: TODATE | R8: TODAY | S8: TODATE | T8: TODAY | U8: TODATE | V8: TODAY | W8: TODATE | X8: TODAY | Y8: TODATE | Z8: TODAY | AA8: TODATE | AB8: TODAY | AC8: TODATE | AD8: TODAY | AE8: TODATE | AF8: Hood | AG8: Yankee | AH8: TODAY | AI8: TODATE | AJ8: TODAY | AK8: TODATE
A9: 45839 | B9: MG | C9: 14 | D9: =+'1'!F42 -> 1281.129 | E9: =+'1'!G42 -> 1276.6451 | F9: =1-(E9/D9) -> 0.0035 | G9: =+P9/N9 -> 0.99820111 | H9: =+P9/L9 -> 0.99430494 | I9: =+R9/P9 -> 0.99661853 | J9: =+R9/L9 -> 0.99094273 | K9: =+S9/M9 -> 0.99094273 | L9: =+Efficiency1!K6 -> 69.299666 | M9: =L9 -> 69.299666 | N9: =+Efficiency1!C6 -> 69.029176 | O9: =N9 -> 69.029176 | P9: ='1'!I38 -> 68.905 | Q9: =P9 -> 68.905 | R9: ='1'!I40 -> 68.672 | S9: =R9 -> 68.672 | T9: =+AF9+AG9 -> 139.654 | U9: =T9 -> 139.654 | V9: =T9/(P9) -> 2.0267615 | W9: =U9/(Q9) -> 2.0267615 | X9: =IF(AND(R9>0,T9>0),T9/(R9),0) -> 2.0336382 | Y9: =IF(AND(S9>0,U9>0),U9/(S9),0) -> 2.0336382 | Z9: ='1'!I46 -> 59765.06 | AA9: =Z9 -> 59765.06 | AB9: =IF(AND(L9>0,Z9>0),(Z9/(P9*1000)*1000),0) -> 867.35447 | AC9: =IF(AND(M9>0,AA9>0),(AA9/(Q9*1000)*1000),0) -> 867.35447 | AD9: =IF(AND(R9>0,Z9>0),(Z9/(R9*1000)*1000),0) -> 870.29736 | AE9: =IF(AND(S9>0,AA9>0),(AA9/(S9*1000)*1000),0) -> 870.29736 | AF9: =0.63 -> 0.63 | AG9: 139.024 | AH9: =+Efficiency2!K6 -> 69.299666 | AI9: =AH9 -> 69.299666 | AJ9: =+R9/AH9 -> 0.99094273 | AK9: =+S9/AI9 -> 0.99094273
A10: =A9+1 -> 45840 | B10: MG | C10: 14 | D10: =+'2'!F42 -> 1297.7778 | E10: =+'2'!G42 -> 1293.2356 | F10: =1-(E10/D10) -> 0.0035 | G10: =+P10/N10 -> 0.98342033 | H10: =+P10/L10 -> 0.98038742 | I10: =+R10/P10 -> 1.0110504 | J10: =+R10/L10 -> 0.99122114 | K10: =+S10/M10 -> 0.99108287 | L10: =+Efficiency1!K12 -> 70.243659 | M10: =M9+L10 -> 139.54333 | N10: =+Efficiency1!C12 -> 70.027025 | O10: =O9+N10 -> 139.0562 | P10: ='2'!I38 -> 68.866 | Q10: =Q9+P10 -> 137.771 | R10: ='2'!I40 -> 69.627 | S10: =S9+R10 -> 138.299 | T10: =+AF10+AG10 -> 142.654 | U10: =T10+U9 -> 282.308 | V10: =T10/(P10) -> 2.0714721 | W10: =U10/(Q10) -> 2.0491105 | X10: =IF(AND(R10>0,T10>0),T10/(R10),0) -> 2.0488316 | Y10: =IF(AND(S10>0,U10>0),U10/(S10),0) -> 2.0412874 | Z10: ='2'!I46 -> 59560.4 | AA10: =Z10+AA9 -> 119325.46 | AB10: =IF(AND(L10>0,Z10>0),(Z10/(P10*1000)*1000),0) -> 864.87381 | AC10: =IF(AND(M10>0,AA10>0),(AA10/(Q10*1000)*1000),0) -> 866.11449 | AD10: =IF(AND(R10>0,Z10>0),(Z10/(R10*1000)*1000),0) -> 855.42103 | AE10: =IF(AND(S10>0,AA10>0),(AA10/(S10*1000)*1000),0) -> 862.80783 | AF10: =0.815 -> 0.815 | AG10: 141.839 | AH10: =+Efficiency2!K12 -> 69.755856 | AI10: =AI9+AH10 -> 139.05552 | AJ10: =+R10/AH10 -> 0.99815275 | AK10: =+S10/AI10 -> 0.99455957
A11: =A10+1 -> 45841 | B11: MG | C11: 14/17 | D11: =+'3'!F42 -> 1271.9829 | E11: =+'3'!G42 -> 1267.5309 | F11: =1-(E11/D11) -> 0.0035 | G11: =+P11/N11 -> 0.95738658 | H11: =+P11/L11 -> 0.95361676 | I11: =+R11/P11 -> 0.95853737 | J11: =+R11/L11 -> 0.9140773 | K11: =+S11/M11 -> 0.96267081 | L11: =+SUM(Efficiency1!K17:K18) -> 81.589379 | M11: =M10+L11 -> 221.1327 | N11: =+SUM(Efficiency1!C17:C18) -> 81.268112 | O11: =O10+N11 -> 220.32431 | P11: ='3'!I38 -> 77.805 | Q11: =Q10+P11 -> 215.576 | R11: ='3'!I40 -> 74.579 | S11: =S10+R11 -> 212.878 | T11: =+AF11+AG11 -> 155.362 | U11: =T11+U10 -> 437.67 | V11: =T11/(P11) -> 1.9968125 | W11: =U11/(Q11) -> 2.0302353 | X11: =IF(AND(R11>0,T11>0),T11/(R11),0) -> 2.083187 | Y11: =IF(AND(S11>0,U11>0),U11/(S11),0) -> 2.0559663 | Z11: ='3'!I46 -> 57682.28 | AA11: =Z11+AA10 -> 177007.74 | AB11: =IF(AND(L11>0,Z11>0),(Z11/(P11*1000)*1000),0) -> 741.36983 | AC11: =IF(AND(M11>0,AA11>0),(AA11/(Q11*1000)*1000),0) -> 821.09205 | AD11: =IF(AND(R11>0,Z11>0),(Z11/(R11*1000)*1000),0) -> 773.43864 | AE11: =IF(AND(S11>0,AA11>0),(AA11/(S11*1000)*1000),0) -> 831.49851 | AF11: =8.405 -> 8.405 | AG11: 146.957 | AH11: =+SUM(Efficiency2!K17:K18) -> 79.394783 | AI11: =AI10+AH11 -> 218.45031 | AJ11: =+R11/AH11 -> 0.93934384 | AK11: =+S11/AI11 -> 0.97449166
A12: =A11+1 -> 45842 | B12: MG | C12: 17 | D12: =+'4'!F42 -> 1260 | E12: =+'4'!G42 -> 1255.59 | F12: =1-(E12/D12) -> 0.0035 | G12: =+P12/N12 -> 0.95683377 | H12: =+P12/L12 -> 0.95303681 | I12: =+R12/P12 -> 0.99329054 | J12: =+R12/L12 -> 0.94664245 | K12: =+S12/M12 -> 0.95829495 | L12: =+Efficiency1!K22 -> 83.041913 | M12: =M11+L12 -> 304.17462 | N12: =+Efficiency1!C22 -> 82.712381 | O12: =O11+N12 -> 303.03669 | P12: ='4'!I38 -> 79.142 | Q12: =Q11+P12 -> 294.718 | R12: ='4'!I40 -> 78.611 | S12: =S11+R12 -> 291.489 | T12: =+AF12+AG12 -> 159.798 | U12: =T12+U11 -> 597.468 | V12: =T12/(P12) -> 2.0191302 | W12: =U12/(Q12) -> 2.0272532 | X12: =IF(AND(R12>0,T12>0),T12/(R12),0) -> 2.032769 | Y12: =IF(AND(S12>0,U12>0),U12/(S12),0) -> 2.0497103 | Z12: ='4'!I46 -> 59149.9 | AA12: =Z12+AA11 -> 236157.64 | AB12: =IF(AND(L12>0,Z12>0),(Z12/(P12*1000)*1000),0) -> 747.3895 | AC12: =IF(AND(M12>0,AA12>0),(AA12/(Q12*1000)*1000),0) -> 801.30036 | AD12: =IF(AND(R12>0,Z12>0),(Z12/(R12*1000)*1000),0) -> 752.43795 | AE12: =IF(AND(S12>0,AA12>0),(AA12/(S12*1000)*1000),0) -> 810.17685 | AF12: =11.414 -> 11.414 | AG12: 148.384 | AH12: =+Efficiency2!K22 -> 83.041913 | AI12: =AI11+AH12 -> 301.49222 | AJ12: =+R12/AH12 -> 0.94664245 | AK12: =+S12/AI12 -> 0.96682097
A13: =A12+1 -> 45843 | B13: MG | C13: 16 | D13: =+'5'!F42 -> 1260 | E13: =+'5'!G42 -> 1255.59 | F13: =1-(E13/D13) -> 0.0035 | G13: =+P13/N13 -> 0.96439395 | H13: =+P13/L13 -> 0.95300347 | I13: =+R13/P13 -> 1.0002549 | J13: =+R13/L13 -> 0.95324641 | K13: =+S13/M13 -> 0.95726238 | L13: =+Efficiency1!K26 -> 78.208529 | M13: =M12+L13 -> 382.38315 | N13: =+Efficiency1!C26 -> 77.284806 | O13: =O12+N13 -> 380.3215 | P13: ='5'!I38 -> 74.533 | Q13: =Q12+P13 -> 369.251 | R13: ='5'!I40 -> 74.552 | S13: =S12+R13 -> 366.041 | T13: =+AF13+AG13 -> 153.422 | U13: =T13+U12 -> 750.89 | V13: =T13/(P13) -> 2.0584439 | W13: =U13/(Q13) -> 2.033549 | X13: =IF(AND(R13>0,T13>0),T13/(R13),0) -> 2.0579193 | Y13: =IF(AND(S13>0,U13>0),U13/(S13),0) -> 2.0513822 | Z13: ='5'!I46 -> 58812.82 | AA13: =Z13+AA12 -> 294970.46 | AB13: =IF(AND(L13>0,Z13>0),(Z13/(P13*1000)*1000),0) -> 789.0843 | AC13: =IF(AND(M13>0,AA13>0),(AA13/(Q13*1000)*1000),0) -> 798.83456 | AD13: =IF(AND(R13>0,Z13>0),(Z13/(R13*1000)*1000),0) -> 788.8832 | AE13: =IF(AND(S13>0,AA13>0),(AA13/(S13*1000)*1000),0) -> 805.83995 | AF13: =7.217 -> 7.217 | AG13: 146.205 | AH13: =+Efficiency2!K26 -> 78.208529 | AI13: =AI12+AH13 -> 379.70075 | AJ13: =+R13/AH13 -> 0.95324641 | AK13: =+S13/AI13 -> 0.96402497
A14: =A13+1 -> 45844 | B14: MG | C14: 16 | D14: =+'6'!F42 -> 1249.8403 | E14: =+'6'!G42 -> 1245.4659 | F14: =1-(E14/D14) -> 0.0035 | G14: =+P14/N14 -> 0.89934258 | H14: =+P14/L14 -> 0.88196892 | I14: =+R14/P14 -> 1.0177926 | J14: =+R14/L14 -> 0.89766145 | K14: =+S14/M14 -> 0.94715096 | L14: =+Efficiency1!K30 -> 78.126336 | M14: =M13+L14 -> 460.50948 | N14: =+Efficiency1!C30 -> 76.617077 | O14: =O13+N14 -> 456.93858 | P14: ='6'!I38 -> 68.905 | Q14: =Q13+P14 -> 438.156 | R14: ='6'!I40 -> 70.131 | S14: =S13+R14 -> 436.172 | T14: =+AF14+AG14 -> 148.565 | U14: =T14+U13 -> 899.455 | V14: =T14/(P14) -> 2.1560845 | W14: =U14/(Q14) -> 2.0528191 | X14: =IF(AND(R14>0,T14>0),T14/(R14),0) -> 2.1183927 | Y14: =IF(AND(S14>0,U14>0),U14/(S14),0) -> 2.0621567 | Z14: ='6'!I46 -> 55340.66 | AA14: =Z14+AA13 -> 350311.12 | AB14: =IF(AND(L14>0,Z14>0),(Z14/(P14*1000)*1000),0) -> 803.14433 | AC14: =IF(AND(M14>0,AA14>0),(AA14/(Q14*1000)*1000),0) -> 799.51232 | AD14: =IF(AND(R14>0,Z14>0),(Z14/(R14*1000)*1000),0) -> 789.10411 | AE14: =IF(AND(S14>0,AA14>0),(AA14/(S14*1000)*1000),0) -> 803.14903 | AF14: =5.759 -> 5.759 | AG14: 142.806 | AH14: =+Efficiency2!K30 -> 78.126336 | AI14: =AI13+AH14 -> 457.82708 | AJ14: =+R14/AH14 -> 0.89766145 | AK14: =+S14/AI14 -> 0.9527003
A15: =A14+1 -> 45845 | B15: MG | C15: 16/22/24/20 | D15: =+'7'!F42 -> 1058.1924 | E15: =+'7'!G42 -> 1055.5789 | F15: =1-(E15/D15) -> 0.0024697914 | G15: =+P15/N15 -> 0.72028498 | H15: =+P15/L15 -> 0.69314087 | I15: =+R15/P15 -> 1.1039529 | J15: =+R15/L15 -> 0.7651949 | K15: =+S15/M15 -> 0.9203766 | L15: =+SUM(Efficiency1!K35:K38) -> 79.454267 | M15: =M14+L15 -> 539.96375 | N15: =+SUM(Efficiency1!C35:C38) -> 76.460015 | O15: =O14+N15 -> 533.39859 | P15: ='7'!I38 -> 55.073 | Q15: =Q14+P15 -> 493.229 | R15: ='7'!I40 -> 60.798 | S15: =S14+R15 -> 496.97 | T15: =+AF15+AG15 -> 114.601 | U15: =T15+U14 -> 1014.056 | V15: =T15/(P15) -> 2.0808926 | W15: =U15/(Q15) -> 2.0559537 | X15: =IF(AND(R15>0,T15>0),T15/(R15),0) -> 1.8849469 | Y15: =IF(AND(S15>0,U15>0),U15/(S15),0) -> 2.0404773 | Z15: ='7'!I46 -> 47740.62 | AA15: =Z15+AA14 -> 398051.74 | AB15: =IF(AND(L15>0,Z15>0),(Z15/(P15*1000)*1000),0) -> 866.86071 | AC15: =IF(AND(M15>0,AA15>0),(AA15/(Q15*1000)*1000),0) -> 807.03231 | AD15: =IF(AND(R15>0,Z15>0),(Z15/(R15*1000)*1000),0) -> 785.2334 | AE15: =IF(AND(S15>0,AA15>0),(AA15/(S15*1000)*1000),0) -> 800.95728 | AF15: =2.958 -> 2.958 | AG15: 111.643 | AH15: =+SUM(Efficiency2!K35:K38) -> 79.454267 | AI15: =AI14+AH15 -> 537.28135 | AJ15: =+R15/AH15 -> 0.7651949 | AK15: =+S15/AI15 -> 0.92497162
A16: =A15+1 -> 45846 | B16: MG | C16: 16 | D16: =+'8'!F42 -> 1105.4957 | E16: =+'8'!G42 -> 1101.6265 | F16: =1-(E16/D16) -> 0.0035 | G16: =+P16/N16 -> 0.59837151 | H16: =+P16/L16 -> 0.51874569 | I16: =+R16/P16 -> 0.30045644 | J16: =+R16/L16 -> 0.15586048 | K16: =+S16/M16 -> 0.82419168 | L16: =+Efficiency1!K42 -> 77.710525 | M16: =M15+L16 -> 617.67427 | N16: =+Efficiency1!C42 -> 67.369518 | O16: =O15+N16 -> 600.76811 | P16: ='8'!I38 -> 40.312 | Q16: =Q15+P16 -> 533.541 | R16: ='8'!I40 -> 12.112 | S16: =S15+R16 -> 509.082 | T16: =+AF16+AG16 -> 109.651 | U16: =T16+U15 -> 1123.707 | V16: =T16/(P16) -> 2.7200585 | W16: =U16/(Q16) -> 2.1061306 | X16: =IF(AND(R16>0,T16>0),T16/(R16),0) -> 9.0530878 | Y16: =IF(AND(S16>0,U16>0),U16/(S16),0) -> 2.2073202 | Z16: ='8'!I46 -> 41908.62 | AA16: =Z16+AA15 -> 439960.36 | AB16: =IF(AND(L16>0,Z16>0),(Z16/(P16*1000)*1000),0) -> 1039.6066 | AC16: =IF(AND(M16>0,AA16>0),(AA16/(Q16*1000)*1000),0) -> 824.60459 | AD16: =IF(AND(R16>0,Z16>0),(Z16/(R16*1000)*1000),0) -> 3460.0908 | AE16: =IF(AND(S16>0,AA16>0),(AA16/(S16*1000)*1000),0) -> 864.22297 | AF16: =4.843 -> 4.843 | AG16: 104.808 | AH16: =+Efficiency2!K42 -> 77.710525 | AI16: =AI15+AH16 -> 614.99187 | AJ16: =+R16/AH16 -> 0.15586048 | AK16: =+S16/AI16 -> 0.82778655
A17: =A16+1 -> 45847 | B17: MG | C17: 16 | D17: =+'9'!F42 -> 1107 | E17: =+'9'!G42 -> 1103.1255 | F17: =1-(E17/D17) -> 0.0035 | G17: =+P17/N17 -> 0.96920217 | H17: =+P17/L17 -> 0.8417559 | I17: =+R17/P17 -> 0.99865684 | J17: =+R17/L17 -> 0.84062529 | K17: =+S17/M17 -> 0.82603075 | L17: =+Efficiency1!K48 -> 77.833728 | M17: =M16+L17 -> 695.508 | N17: =+Efficiency1!C48 -> 67.598899 | O17: =O16+N17 -> 668.36701 | P17: ='9'!I38 -> 65.517 | Q17: =Q16+P17 -> 599.058 | R17: ='9'!I40 -> 65.429 | S17: =S16+R17 -> 574.511 | T17: =+AF17+AG17 -> 142.189 | U17: =T17+U16 -> 1265.896 | V17: =T17/(P17) -> 2.1702612 | W17: =U17/(Q17) -> 2.1131443 | X17: =IF(AND(R17>0,T17>0),T17/(R17),0) -> 2.1731801 | Y17: =IF(AND(S17>0,U17>0),U17/(S17),0) -> 2.2034321 | Z17: ='9'!I46 -> 52778.66 | AA17: =Z17+AA16 -> 492739.02 | AB17: =IF(AND(L17>0,Z17>0),(Z17/(P17*1000)*1000),0) -> 805.57199 | AC17: =IF(AND(M17>0,AA17>0),(AA17/(Q17*1000)*1000),0) -> 822.52306 | AD17: =IF(AND(R17>0,Z17>0),(Z17/(R17*1000)*1000),0) -> 806.65546 | AE17: =IF(AND(S17>0,AA17>0),(AA17/(S17*1000)*1000),0) -> 857.66682 | AF17: =5.064 -> 5.064 | AG17: 137.125 | AH17: =+Efficiency2!K48 -> 77.833728 | AI17: =AI16+AH17 -> 692.8256 | AJ17: =+R17/AH17 -> 0.84062529 | AK17: =+S17/AI17 -> 0.82922888
A18: =A17+1 -> 45848 | B18: MG/Facial | C18: 16/12 | D18: =+'10'!F42 -> 1484.4167 | E18: =+'10'!G42 -> 1242.1112 | F18: =1-(E18/D18) -> 0.16323278 | G18: =+P18/N18 -> 0.9527539 | H18: =+P18/L18 -> 0.88050608 | I18: =+R18/P18 -> 0.99981157 | J18: =+R18/L18 -> 0.88034017 | K18: =+S18/M18 -> 0.83075725 | L18: =+SUM(Efficiency1!K52:K53) -> 66.299372 | M18: =M17+L18 -> 761.80737 | N18: =+SUM(Efficiency1!C52:C53) -> 61.271856 | O18: =O17+N18 -> 729.63887 | P18: ='10'!I38 -> 58.377 | Q18: =Q17+P18 -> 657.435 | R18: ='10'!I40 -> 58.366 | S18: =S17+R18 -> 632.877 | T18: =+AF18+AG18 -> 132.903 | U18: =T18+U17 -> 1398.799 | V18: =T18/(P18) -> 2.2766329 | W18: =U18/(Q18) -> 2.1276613 | X18: =IF(AND(R18>0,T18>0),T18/(R18),0) -> 2.277062 | Y18: =IF(AND(S18>0,U18>0),U18/(S18),0) -> 2.2102225 | Z18: ='10'!I46 -> 53064.62 | AA18: =Z18+AA17 -> 545803.64 | AB18: =IF(AND(L18>0,Z18>0),(Z18/(P18*1000)*1000),0) -> 908.99875 | AC18: =IF(AND(M18>0,AA18>0),(AA18/(Q18*1000)*1000),0) -> 830.20168 | AD18: =IF(AND(R18>0,Z18>0),(Z18/(R18*1000)*1000),0) -> 909.17006 | AE18: =IF(AND(S18>0,AA18>0),(AA18/(S18*1000)*1000),0) -> 862.41661 | AF18: =1.276 -> 1.276 | AG18: 131.627 | AH18: =+SUM(Efficiency2!K52:K53) -> 66.299372 | AI18: =AI17+AH18 -> 759.12497 | AJ18: =+R18/AH18 -> 0.88034017 | AK18: =+S18/AI18 -> 0.83369277
A19: =A18+1 -> 45849 | B19: Facial | C19: 11,5 | D19: =+'11'!F42 -> 1640 | E19: =+'11'!G42 -> 1312 | F19: =1-(E19/D19) -> 0.2 | G19: =+P19/N19 -> 0.93447182 | H19: =+P19/L19 -> 0.90149046 | I19: =+R19/P19 -> 0.97759508 | J19: =+R19/L19 -> 0.88129264 | K19: =+S19/M19 -> 0.83444155 | L19: =+Efficiency1!K57 -> 59.907456 | M19: =M18+L19 -> 821.71483 | N19: =+Efficiency1!C57 -> 57.793075 | O19: =O18+N19 -> 787.43194 | P19: ='11'!I38 -> 54.006 | Q19: =Q18+P19 -> 711.441 | R19: ='11'!I40 -> 52.796 | S19: =S18+R19 -> 685.673 | T19: =+AF19+AG19 -> 127.309 | U19: =T19+U18 -> 1526.108 | V19: =T19/(P19) -> 2.3573122 | W19: =U19/(Q19) -> 2.1450943 | X19: =IF(AND(R19>0,T19>0),T19/(R19),0) -> 2.411338 | Y19: =IF(AND(S19>0,U19>0),U19/(S19),0) -> 2.2257082 | Z19: ='11'!I46 -> 58050.1 | AA19: =Z19+AA18 -> 603853.74 | AB19: =IF(AND(L19>0,Z19>0),(Z19/(P19*1000)*1000),0) -> 1074.8824 | AC19: =IF(AND(M19>0,AA19>0),(AA19/(Q19*1000)*1000),0) -> 848.77557 | AD19: =IF(AND(R19>0,Z19>0),(Z19/(R19*1000)*1000),0) -> 1099.517 | AE19: =IF(AND(S19>0,AA19>0),(AA19/(S19*1000)*1000),0) -> 880.67306 | AF19: =0.22 -> 0.22 | AG19: 127.089 | AH19: =+Efficiency2!K57 -> 59.907456 | AI19: =AI18+AH19 -> 819.03243 | AJ19: =+R19/AH19 -> 0.88129264 | AK19: =+S19/AI19 -> 0.83717442
A20: =A19+1 -> 45850 | B20: Facial | C20: 11,5/10,5/10,3 | D20: =+'12'!F42 -> 1656.6667 | E20: =+'12'!G42 -> 1375.4667 | F20: =1-(E20/D20) -> 0.16973843 | G20: =+P20/N20 -> 0.97583055 | H20: =+P20/L20 -> 0.93514033 | I20: =+R20/P20 -> 0.83590376 | J20: =+R20/L20 -> 0.78168732 | K20: =+S20/M20 -> 0.83091104 | L20: =+SUM(Efficiency1!K62:K64) -> 58.936609 | M20: =M19+L20 -> 880.65144 | N20: =+SUM(Efficiency1!C62:C64) -> 56.479068 | O20: =O19+N20 -> 843.91101 | P20: ='12'!I38 -> 55.114 | Q20: =Q19+P20 -> 766.555 | R20: ='12'!I40 -> 46.07 | S20: =S19+R20 -> 731.743 | T20: =+AF20+AG20 -> 129.279 | U20: =T20+U19 -> 1655.387 | V20: =T20/(P20) -> 2.3456653 | W20: =U20/(Q20) -> 2.159515 | X20: =IF(AND(R20>0,T20>0),T20/(R20),0) -> 2.8061428 | Y20: =IF(AND(S20>0,U20>0),U20/(S20),0) -> 2.2622519 | Z20: ='12'!I46 -> 58672.42 | AA20: =Z20+AA19 -> 662526.16 | AB20: =IF(AND(L20>0,Z20>0),(Z20/(P20*1000)*1000),0) -> 1064.5647 | AC20: =IF(AND(M20>0,AA20>0),(AA20/(Q20*1000)*1000),0) -> 864.29044 | AD20: =IF(AND(R20>0,Z20>0),(Z20/(R20*1000)*1000),0) -> 1273.5494 | AE20: =IF(AND(S20>0,AA20>0),(AA20/(S20*1000)*1000),0) -> 905.40826 | AF20: =0.105 -> 0.105 | AG20: 129.174 | AH20: =+SUM(Efficiency2!K62:K64) -> 58.936609 | AI20: =AI19+AH20 -> 877.96904 | AJ20: =+R20/AH20 -> 0.78168732 | AK20: =+S20/AI20 -> 0.83344966
A21: =A20+1 -> 45851 | B21: Facial | C21: 10,5/12 | D21: =+'13'!F42 -> 1623.75 | E21: =+'13'!G42 -> 1344.7 | F21: =1-(E21/D21) -> 0.17185527 | G21: =+P21/N21 -> 0.98153431 | H21: =+P21/L21 -> 0.92648085 | I21: =+R21/P21 -> 0.65121361 | J21: =+R21/L21 -> 0.60333694 | K21: =+S21/M21 -> 0.81633737 | L21: =+SUM(Efficiency1!K67:K68) -> 60.254888 | M21: =M20+L21 -> 940.90633 | N21: =+SUM(Efficiency1!C67:C68) -> 56.875241 | O21: =O20+N21 -> 900.78625 | P21: ='13'!I38 -> 55.825 | Q21: =Q20+P21 -> 822.38 | R21: ='13'!I40 -> 36.354 | S21: =S20+R21 -> 768.097 | T21: =+AF21+AG21 -> 129.147 | U21: =T21+U20 -> 1784.534 | V21: =T21/(P21) -> 2.3134259 | W21: =U21/(Q21) -> 2.1699628 | X21: =IF(AND(R21>0,T21>0),T21/(R21),0) -> 3.5524839 | Y21: =IF(AND(S21>0,U21>0),U21/(S21),0) -> 2.3233185 | Z21: ='13'!I46 -> 55700.26 | AA21: =Z21+AA20 -> 718226.42 | AB21: =IF(AND(L21>0,Z21>0),(Z21/(P21*1000)*1000),0) -> 997.76552 | AC21: =IF(AND(M21>0,AA21>0),(AA21/(Q21*1000)*1000),0) -> 873.35103 | AD21: =IF(AND(R21>0,Z21>0),(Z21/(R21*1000)*1000),0) -> 1532.1632 | AE21: =IF(AND(S21>0,AA21>0),(AA21/(S21*1000)*1000),0) -> 935.07255 | AF21: =0.103 -> 0.103 | AG21: 129.044 | AH21: =+SUM(Efficiency2!K67:K68) -> 60.254888 | AI21: =AI20+AH21 -> 938.22393 | AJ21: =+R21/AH21 -> 0.60333694 | AK21: =+S21/AI21 -> 0.8186713
A22: =A21+1 -> 45852 | B22: Facial | C22: 10,5 | D22: =+'14'!F42 -> 1633.6667 | E22: =+'14'!G42 -> 1372.28 | F22: =1-(E22/D22) -> 0.16 | G22: =+P22/N22 -> 0.90734451 | H22: =+P22/L22 -> 0.85647028 | I22: =+R22/P22 -> 0.89484923 | J22: =+R22/L22 -> 0.76641178 | K22: =+S22/M22 -> 0.81338911 | L22: =+Efficiency1!K72 -> 59.050502 | M22: =M21+L22 -> 999.95683 | N22: =+Efficiency1!C72 -> 55.739578 | O22: =O21+N22 -> 956.52583 | P22: ='14'!I38 -> 50.575 | Q22: =Q21+P22 -> 872.955 | R22: ='14'!I40 -> 45.257 | S22: =S21+R22 -> 813.354 | T22: =+AF22+AG22 -> 130.65 | U22: =T22+U21 -> 1915.184 | V22: =T22/(P22) -> 2.5832921 | W22: =U22/(Q22) -> 2.1939092 | X22: =IF(AND(R22>0,T22>0),T22/(R22),0) -> 2.8868462 | Y22: =IF(AND(S22>0,U22>0),U22/(S22),0) -> 2.3546746 | Z22: ='14'!I46 -> 56269.64 | AA22: =Z22+AA21 -> 774496.06 | AB22: =IF(AND(L22>0,Z22>0),(Z22/(P22*1000)*1000),0) -> 1112.5979 | AC22: =IF(AND(M22>0,AA22>0),(AA22/(Q22*1000)*1000),0) -> 887.2119 | AD22: =IF(AND(R22>0,Z22>0),(Z22/(R22*1000)*1000),0) -> 1243.3356 | AE22: =IF(AND(S22>0,AA22>0),(AA22/(S22*1000)*1000),0) -> 952.22506 | AF22: =0.126 -> 0.126 | AG22: 130.524 | AH22: =+Efficiency2!K72 -> 59.050502 | AI22: =AI21+AH22 -> 997.27443 | AJ22: =+R22/AH22 -> 0.76641178 | AK22: =+S22/AI22 -> 0.81557691
A23: =A22+1 -> 45853 | B23: Facial | C23: 10,5 | D23: =+'15'!F42 -> 1646.6667 | E23: =+'15'!G42 -> 1383.2 | F23: =1-(E23/D23) -> 0.16 | G23: =+P23/N23 -> 0.94000646 | H23: =+P23/L23 -> 0.89436453 | I23: =+R23/P23 -> 0.95544752 | J23: =+R23/L23 -> 0.85451837 | K23: =+S23/M23 -> 0.81567611 | L23: =+Efficiency1!K77 -> 58.87644 | M23: =M22+L23 -> 1058.8333 | N23: =+Efficiency1!C77 -> 56.0177 | O23: =O22+N23 -> 1012.5435 | P23: ='15'!I38 -> 52.657 | Q23: =Q22+P23 -> 925.612 | R23: ='15'!I40 -> 50.311 | S23: =S22+R23 -> 863.665 | T23: =+AF23+AG23 -> 131.541 | U23: =T23+U22 -> 2046.725 | V23: =T23/(P23) -> 2.4980724 | W23: =U23/(Q23) -> 2.2112127 | X23: =IF(AND(R23>0,T23>0),T23/(R23),0) -> 2.6145575 | Y23: =IF(AND(S23>0,U23>0),U23/(S23),0) -> 2.3698135 | Z23: ='15'!I46 -> 56081.46 | AA23: =Z23+AA22 -> 830577.52 | AB23: =IF(AND(L23>0,Z23>0),(Z23/(P23*1000)*1000),0) -> 1065.0333 | AC23: =IF(AND(M23>0,AA23>0),(AA23/(Q23*1000)*1000),0) -> 897.32795 | AD23: =IF(AND(R23>0,Z23>0),(Z23/(R23*1000)*1000),0) -> 1114.6958 | AE23: =IF(AND(S23>0,AA23>0),(AA23/(S23*1000)*1000),0) -> 961.68945 | AF23: =0.153 -> 0.153 | AG23: 131.388 | AH23: =+Efficiency2!K77 -> 58.87644 | AI23: =AI22+AH23 -> 1056.1509 | AJ23: =+R23/AH23 -> 0.85451837 | AK23: =+S23/AI23 -> 0.81774775
A24: =A23+1 -> 45854 | B24: Facial | C24: 10,3 | D24: =+'16'!F42 -> 1670 | E24: =+'16'!G42 -> 1402.8 | F24: =1-(E24/D24) -> 0.16 | G24: =+P24/N24 -> 0.96397454 | H24: =+P24/L24 -> 0.93001122 | I24: =+R24/P24 -> 1.0041058 | J24: =+R24/L24 -> 0.93382965 | K24: =+S24/M24 -> 0.82177354 | L24: =+Efficiency1!K82 -> 57.615434 | M24: =M23+L24 -> 1116.4487 | N24: =+Efficiency1!C82 -> 55.585493 | O24: =O23+N24 -> 1068.129 | P24: ='16'!I38 -> 53.583 | Q24: =Q23+P24 -> 979.195 | R24: ='16'!I40 -> 53.803 | S24: =S23+R24 -> 917.468 | T24: =+AF24+AG24 -> 133.115 | U24: =T24+U23 -> 2179.84 | V24: =T24/(P24) -> 2.4842767 | W24: =U24/(Q24) -> 2.2261552 | X24: =IF(AND(R24>0,T24>0),T24/(R24),0) -> 2.4741185 | Y24: =IF(AND(S24>0,U24>0),U24/(S24),0) -> 2.3759303 | Z24: ='16'!I46 -> 57613.26 | AA24: =Z24+AA23 -> 888190.78 | AB24: =IF(AND(L24>0,Z24>0),(Z24/(P24*1000)*1000),0) -> 1075.2153 | AC24: =IF(AND(M24>0,AA24>0),(AA24/(Q24*1000)*1000),0) -> 907.06221 | AD24: =IF(AND(R24>0,Z24>0),(Z24/(R24*1000)*1000),0) -> 1070.8187 | AE24: =IF(AND(S24>0,AA24>0),(AA24/(S24*1000)*1000),0) -> 968.08911 | AF24: =0.132 -> 0.132 | AG24: 132.983 | AH24: =+Efficiency2!K82 -> 57.615434 | AI24: =AI23+AH24 -> 1113.7663 | AJ24: =+R24/AH24 -> 0.93382965 | AK24: =+S24/AI24 -> 0.8237527
A25: =A24+1 -> 45855 | B25: Facial | C25: 10,3/11,5 | D25: =+'17'!F42 -> 1695.5556 | E25: =+'17'!G42 -> 1416.7111 | F25: =1-(E25/D25) -> 0.16445609 | G25: =+P25/N25 -> 0.96026893 | H25: =+P25/L25 -> 0.94261828 | I25: =+R25/P25 -> 0.99839817 | J25: =+R25/L25 -> 0.94110837 | K25: =+S25/M25 -> 0.82763009 | L25: =+SUM(Efficiency1!K86:K87) -> 57.619294 | M25: =M24+L25 -> 1174.068 | N25: =+SUM(Efficiency1!C86:C87) -> 56.560197 | O25: =O24+N25 -> 1124.6892 | P25: ='17'!I38 -> 54.313 | Q25: =Q24+P25 -> 1033.508 | R25: ='17'!I40 -> 54.226 | S25: =S24+R25 -> 971.694 | T25: =+AF25+AG25 -> 133.878 | U25: =T25+U24 -> 2313.718 | V25: =T25/(P25) -> 2.4649347 | W25: =U25/(Q25) -> 2.2387035 | X25: =IF(AND(R25>0,T25>0),T25/(R25),0) -> 2.4688895 | Y25: =IF(AND(S25>0,U25>0),U25/(S25),0) -> 2.3811179 | Z25: ='17'!I46 -> 58245.5 | AA25: =Z25+AA24 -> 946436.28 | AB25: =IF(AND(L25>0,Z25>0),(Z25/(P25*1000)*1000),0) -> 1072.4044 | AC25: =IF(AND(M25>0,AA25>0),(AA25/(Q25*1000)*1000),0) -> 915.75129 | AD25: =IF(AND(R25>0,Z25>0),(Z25/(R25*1000)*1000),0) -> 1074.125 | AE25: =IF(AND(S25>0,AA25>0),(AA25/(S25*1000)*1000),0) -> 974.00651 | AF25: =0.15 -> 0.15 | AG25: 133.728 | AH25: =+SUM(Efficiency2!K86:K87) -> 57.619294 | AI25: =AI24+AH25 -> 1171.3856 | AJ25: =+R25/AH25 -> 0.94110837 | AK25: =+S25/AI25 -> 0.82952531
A26: =A25+1 -> 45856 | B26: Facial | C26: 11,5 | D26: =+'18'!F42 -> 1673.3333 | E26: =+'18'!G42 -> 1338.6667 | F26: =1-(E26/D26) -> 0.2 | G26: =+P26/N26 -> 0.90650632 | H26: =+P26/L26 -> 0.89184224 | I26: =+R26/P26 -> 1.005222 | J26: =+R26/L26 -> 0.89649943 | K26: =+S26/M26 -> 0.83097358 | L26: =+Efficiency1!K91 -> 59.907456 | M26: =M25+L26 -> 1233.9755 | N26: =+Efficiency1!C91 -> 58.938365 | O26: =O25+N26 -> 1183.6276 | P26: ='18'!I38 -> 53.428 | Q26: =Q25+P26 -> 1086.936 | R26: ='18'!I40 -> 53.707 | S26: =S25+R26 -> 1025.401 | T26: =+AF26+AG26 -> 129.981 | U26: =T26+U25 -> 2443.699 | V26: =T26/(P26) -> 2.4328255 | W26: =U26/(Q26) -> 2.2482455 | X26: =IF(AND(R26>0,T26>0),T26/(R26),0) -> 2.4201873 | Y26: =IF(AND(S26>0,U26>0),U26/(S26),0) -> 2.3831642 | Z26: ='18'!I46 -> 56604.74 | AA26: =Z26+AA25 -> 1003041 | AB26: =IF(AND(L26>0,Z26>0),(Z26/(P26*1000)*1000),0) -> 1059.4583 | AC26: =IF(AND(M26>0,AA26>0),(AA26/(Q26*1000)*1000),0) -> 922.81516 | AD26: =IF(AND(R26>0,Z26>0),(Z26/(R26*1000)*1000),0) -> 1053.9546 | AE26: =IF(AND(S26>0,AA26>0),(AA26/(S26*1000)*1000),0) -> 978.19392 | AF26: =0.469 -> 0.469 | AG26: 129.512 | AH26: =+Efficiency2!K91 -> 59.907456 | AI26: =AI25+AH26 -> 1231.2931 | AJ26: =+R26/AH26 -> 0.89649943 | AK26: =+S26/AI26 -> 0.83278387
A27: =A26+1 -> 45857 | B27: Facial | C27: 11,5/10,3 | D27: =+'19'!F42 -> 1667.4306 | E27: =+'19'!G42 -> 1290.9528 | F27: =1-(E27/D27) -> 0.22578318 | G27: =+P27/N27 -> 0.91270533 | H27: =+P27/L27 -> 0.89301547 | I27: =+R27/P27 -> 1.0157994 | J27: =+R27/L27 -> 0.90712458 | K27: =+S27/M27 -> 0.83426697 | L27: =+SUM(Efficiency1!K95:K96) -> 55.779549 | M27: =M26+L27 -> 1289.755 | N27: =+SUM(Efficiency1!C95:C96) -> 54.576213 | O27: =O26+N27 -> 1238.2038 | P27: ='19'!I38 -> 49.812 | Q27: =Q26+P27 -> 1136.748 | R27: ='19'!I40 -> 50.599 | S27: =S26+R27 -> 1076 | T27: =+AF27+AG27 -> 123.617 | U27: =T27+U26 -> 2567.316 | V27: =T27/(P27) -> 2.4816711 | W27: =U27/(Q27) -> 2.2584742 | X27: =IF(AND(R27>0,T27>0),T27/(R27),0) -> 2.443072 | Y27: =IF(AND(S27>0,U27>0),U27/(S27),0) -> 2.3859814 | Z27: ='19'!I46 -> 58485.12 | AA27: =Z27+AA26 -> 1061526.1 | AB27: =IF(AND(L27>0,Z27>0),(Z27/(P27*1000)*1000),0) -> 1174.1171 | AC27: =IF(AND(M27>0,AA27>0),(AA27/(Q27*1000)*1000),0) -> 933.82715 | AD27: =IF(AND(R27>0,Z27>0),(Z27/(R27*1000)*1000),0) -> 1155.8553 | AE27: =IF(AND(S27>0,AA27>0),(AA27/(S27*1000)*1000),0) -> 986.54846 | AF27: =0.411 -> 0.411 | AG27: 123.206 | AH27: =+SUM(Efficiency2!K95:K96) -> 55.779549 | AI27: =AI26+AH27 -> 1287.0726 | AJ27: =+R27/AH27 -> 0.90712458 | AK27: =+S27/AI27 -> 0.83600568
A28: =A27+1 -> 45858 | B28: Facial | C28: 11,5 | D28: =+'20'!F42 -> 1650.7639 | E28: =+'20'!G42 -> 1254.5806 | F28: =1-(E28/D28) -> 0.24 | G28: =+P28/N28 -> 0.8719925 | H28: =+P28/L28 -> 0.84634566 | I28: =+R28/P28 -> 0.94688629 | J28: =+R28/L28 -> 0.80139311 | K28: =+S28/M28 -> 0.83289346 | L28: =+Efficiency1!K99 -> 56.23707 | M28: =M27+L28 -> 1345.9921 | N28: =+Efficiency1!C99 -> 54.583038 | O28: =O27+N28 -> 1292.7868 | P28: ='20'!I38 -> 47.596 | Q28: =Q27+P28 -> 1184.344 | R28: ='20'!I40 -> 45.068 | S28: =S27+R28 -> 1121.068 | T28: =+AF28+AG28 -> 120.901 | U28: =T28+U27 -> 2688.217 | V28: =T28/(P28) -> 2.5401504 | W28: =U28/(Q28) -> 2.2697941 | X28: =IF(AND(R28>0,T28>0),T28/(R28),0) -> 2.6826351 | Y28: =IF(AND(S28>0,U28>0),U28/(S28),0) -> 2.3979072 | Z28: ='20'!I46 -> 56851.22 | AA28: =Z28+AA27 -> 1118377.4 | AB28: =IF(AND(L28>0,Z28>0),(Z28/(P28*1000)*1000),0) -> 1194.4537 | AC28: =IF(AND(M28>0,AA28>0),(AA28/(Q28*1000)*1000),0) -> 944.30112 | AD28: =IF(AND(R28>0,Z28>0),(Z28/(R28*1000)*1000),0) -> 1261.4542 | AE28: =IF(AND(S28>0,AA28>0),(AA28/(S28*1000)*1000),0) -> 997.59993 | AF28: =0.402 -> 0.402 | AG28: 120.499 | AH28: =+Efficiency2!K99 -> 56.23707 | AI28: =AI27+AH28 -> 1343.3097 | AJ28: =+R28/AH28 -> 0.80139311 | AK28: =+S28/AI28 -> 0.83455664
A29: =A28+1 -> 45859 | B29: Facial | C29: 11,5 | D29: =+'21'!F42 -> 1650 | E29: =+'21'!G42 -> 1254 | F29: =1-(E29/D29) -> 0.24 | G29: =+P29/N29 -> 0.92252297 | H29: =+P29/L29 -> 0.89538994 | I29: =+R29/P29 -> 0.87674992 | J29: =+R29/L29 -> 0.78503306 | K29: =+S29/M29 -> 0.83097642 | L29: =+Efficiency1!K103 -> 56.16324 | M29: =M28+L29 -> 1402.1553 | N29: =+Efficiency1!C103 -> 54.51138 | O29: =O28+N29 -> 1347.2982 | P29: ='21'!I38 -> 50.288 | Q29: =Q28+P29 -> 1234.632 | R29: ='21'!I40 -> 44.09 | S29: =S28+R29 -> 1165.158 | T29: =+AF29+AG29 -> 120.27 | U29: =T29+U28 -> 2808.487 | V29: =T29/(P29) -> 2.3916242 | W29: =U29/(Q29) -> 2.2747564 | X29: =IF(AND(R29>0,T29>0),T29/(R29),0) -> 2.7278294 | Y29: =IF(AND(S29>0,U29>0),U29/(S29),0) -> 2.4103916 | Z29: ='21'!I46 -> 56830.48 | AA29: =Z29+AA28 -> 1175207.8 | AB29: =IF(AND(L29>0,Z29>0),(Z29/(P29*1000)*1000),0) -> 1130.1002 | AC29: =IF(AND(M29>0,AA29>0),(AA29/(Q29*1000)*1000),0) -> 951.86893 | AD29: =IF(AND(R29>0,Z29>0),(Z29/(R29*1000)*1000),0) -> 1288.9653 | AE29: =IF(AND(S29>0,AA29>0),(AA29/(S29*1000)*1000),0) -> 1008.6253 | AF29: =0.485 -> 0.485 | AG29: 119.785 | AH29: =+Efficiency2!K103 -> 56.16324 | AI29: =AI28+AH29 -> 1399.4729 | AJ29: =+R29/AH29 -> 0.78503306 | AK29: =+S29/AI29 -> 0.83256917
A30: =A29+1 -> 45860 | B30: Facial | C30: 11,5/12 | D30: =+'22'!F42 -> 1660 | E30: =+'22'!G42 -> 1261.6 | F30: =1-(E30/D30) -> 0.24 | G30: =+P30/N30 -> 0.94578448 | H30: =+P30/L30 -> 0.92341112 | I30: =+R30/P30 -> 0.89345076 | J30: =+R30/L30 -> 0.82502237 | K30: =+S30/M30 -> 0.83074073 | L30: =+SUM(Efficiency1!K107:K108) -> 57.79116 | M30: =M29+L30 -> 1459.9465 | N30: =+SUM(Efficiency1!C107:C108) -> 56.42406 | O30: =O29+N30 -> 1403.7223 | P30: ='22'!I38 -> 53.365 | Q30: =Q29+P30 -> 1287.997 | R30: ='22'!I40 -> 47.679 | S30: =S29+R30 -> 1212.837 | T30: =+AF30+AG30 -> 124.457 | U30: =T30+U29 -> 2932.944 | V30: =T30/(P30) -> 2.332184 | W30: =U30/(Q30) -> 2.2771357 | X30: =IF(AND(R30>0,T30>0),T30/(R30),0) -> 2.6103106 | Y30: =IF(AND(S30>0,U30>0),U30/(S30),0) -> 2.4182508 | Z30: ='22'!I46 -> 57384.98 | AA30: =Z30+AA29 -> 1232592.8 | AB30: =IF(AND(L30>0,Z30>0),(Z30/(P30*1000)*1000),0) -> 1075.3299 | AC30: =IF(AND(M30>0,AA30>0),(AA30/(Q30*1000)*1000),0) -> 956.98423 | AD30: =IF(AND(R30>0,Z30>0),(Z30/(R30*1000)*1000),0) -> 1203.5693 | AE30: =IF(AND(S30>0,AA30>0),(AA30/(S30*1000)*1000),0) -> 1016.2889 | AF30: =0.398 -> 0.398 | AG30: 124.059 | AH30: =+SUM(Efficiency2!K107:K108) -> 57.79116 | AI30: =AI29+AH30 -> 1457.2641 | AJ30: =+R30/AH30 -> 0.82502237 | AK30: =+S30/AI30 -> 0.83226988
A31: =A30+1 -> 45861 | B31: Facial | C31: 12 | D31: =+'23'!F42 -> 1693.3333 | E31: =+'23'!G42 -> 1286.9333 | F31: =1-(E31/D31) -> 0.24 | G31: =+P31/N31 -> 0.89933718 | H31: =+P31/L31 -> 0.8951607 | I31: =+R31/P31 -> 0.81828406 | J31: =+R31/L31 -> 0.73249573 | K31: =+S31/M31 -> 0.82694918 | L31: =+Efficiency1!K111 -> 58.60512 | M31: =M30+L31 -> 1518.5516 | N31: =+Efficiency1!C111 -> 58.33296 | O31: =O30+N31 -> 1462.0552 | P31: ='23'!I38 -> 52.461 | Q31: =Q30+P31 -> 1340.458 | R31: ='23'!I40 -> 42.928 | S31: =S30+R31 -> 1255.765 | T31: =+AF31+AG31 -> 128.711 | U31: =T31+U30 -> 3061.655 | V31: =T31/(P31) -> 2.4534607 | W31: =U31/(Q31) -> 2.2840365 | X31: =IF(AND(R31>0,T31>0),T31/(R31),0) -> 2.9982995 | Y31: =IF(AND(S31>0,U31>0),U31/(S31),0) -> 2.4380796 | Z31: ='23'!I46 -> 58413.46 | AA31: =Z31+AA30 -> 1291006.3 | AB31: =IF(AND(L31>0,Z31>0),(Z31/(P31*1000)*1000),0) -> 1113.4645 | AC31: =IF(AND(M31>0,AA31>0),(AA31/(Q31*1000)*1000),0) -> 963.10834 | AD31: =IF(AND(R31>0,Z31>0),(Z31/(R31*1000)*1000),0) -> 1360.731 | AE31: =IF(AND(S31>0,AA31>0),(AA31/(S31*1000)*1000),0) -> 1028.0636 | AF31: =0.834 -> 0.834 | AG31: 127.877 | AH31: =+Efficiency2!K111 -> 58.60512 | AI31: =AI30+AH31 -> 1515.8692 | AJ31: =+R31/AH31 -> 0.73249573 | AK31: =+S31/AI31 -> 0.82841251
A32: =A31+1 -> 45862 | B32: Facial | C32: 12/12,5 | D32: =+'24'!F42 -> 1695.3194 | E32: =+'24'!G42 -> 1288.4428 | F32: =1-(E32/D32) -> 0.24 | G32: =+P32/N32 -> 0.90420717 | H32: =+P32/L32 -> 0.90150511 | I32: =+R32/P32 -> 1.0386892 | J32: =+R32/L32 -> 0.93638366 | K32: =+S32/M32 -> 0.83105572 | L32: =+SUM(Efficiency1!K116:K117) -> 59.205433 | M32: =M31+L32 -> 1577.757 | N32: =+SUM(Efficiency1!C116:C117) -> 59.028508 | O32: =O31+N32 -> 1521.0837 | P32: ='24'!I38 -> 53.374 | Q32: =Q31+P32 -> 1393.832 | R32: ='24'!I40 -> 55.439 | S32: =S31+R32 -> 1311.204 | T32: =+AF32+AG32 -> 128.891 | U32: =T32+U31 -> 3190.546 | V32: =T32/(P32) -> 2.4148649 | W32: =U32/(Q32) -> 2.2890463 | X32: =IF(AND(R32>0,T32>0),T32/(R32),0) -> 2.3249157 | Y32: =IF(AND(S32>0,U32>0),U32/(S32),0) -> 2.4332949 | Z32: =+'24'!I46 -> 57465.7 | AA32: =Z32+AA31 -> 1348472 | AB32: =IF(AND(L32>0,Z32>0),(Z32/(P32*1000)*1000),0) -> 1076.6609 | AC32: =IF(AND(M32>0,AA32>0),(AA32/(Q32*1000)*1000),0) -> 967.45661 | AD32: =IF(AND(R32>0,Z32>0),(Z32/(R32*1000)*1000),0) -> 1036.5573 | AE32: =IF(AND(S32>0,AA32>0),(AA32/(S32*1000)*1000),0) -> 1028.4227 | AF32: =0.338 -> 0.338 | AG32: 128.553 | AH32: =+SUM(Efficiency2!K116:K117) -> 59.205433 | AI32: =AI31+AH32 -> 1575.0746 | AJ32: =+R32/AH32 -> 0.93638366 | AK32: =+S32/AI32 -> 0.83247103
A33: =A32+1 -> 45863 | B33: Facial | C33: 12,5 | D33: =+'25'!F42 -> 1611.6667 | E33: =+'25'!G42 -> 1224.8667 | F33: =1-(E33/D33) -> 0.24 | G33: =+P33/N33 -> 0.91248394 | H33: =+P33/L33 -> 0.86445847 | I33: =+R33/P33 -> 0.79018557 | J33: =+R33/L33 -> 0.68308261 | K33: =+S33/M33 -> 0.82559414 | L33: =+Efficiency1!K121 -> 60.4656 | M33: =M32+L33 -> 1638.2226 | N33: =+Efficiency1!C121 -> 57.2832 | O33: =O32+N33 -> 1578.3669 | P33: ='25'!I38 -> 52.27 | Q33: =Q32+P33 -> 1446.102 | R33: ='25'!I40 -> 41.303 | S33: =S32+R33 -> 1352.507 | T33: =+AF33+AG33 -> 127.147 | U33: =T33+U32 -> 3317.693 | V33: =T33/(P33) -> 2.4325043 | W33: =U33/(Q33) -> 2.2942317 | X33: =IF(AND(R33>0,T33>0),T33/(R33),0) -> 3.0783962 | Y33: =IF(AND(S33>0,U33>0),U33/(S33),0) -> 2.4529951 | Z33: =+'25'!I46 -> 55168.82 | AA33: =Z33+AA32 -> 1403640.8 | AB33: =IF(AND(L33>0,Z33>0),(Z33/(P33*1000)*1000),0) -> 1055.4586 | AC33: =IF(AND(M33>0,AA33>0),(AA33/(Q33*1000)*1000),0) -> 970.63748 | AD33: =IF(AND(R33>0,Z33>0),(Z33/(R33*1000)*1000),0) -> 1335.7098 | AE33: =IF(AND(S33>0,AA33>0),(AA33/(S33*1000)*1000),0) -> 1037.8067 | AF33: =0.404 -> 0.404 | AG33: 126.743 | AH33: =+Efficiency2!K121 -> 60.4656 | AI33: =AI32+AH33 -> 1635.5402 | AJ33: =+R33/AH33 -> 0.68308261 | AK33: =+S33/AI33 -> 0.82694817
A34: =A33+1 -> 45864 | B34: Facial | C34: 12,5/12 | D34: =+'26'!F42 -> 1600 | E34: =+'26'!G42 -> 1216 | F34: =1-(E34/D34) -> 0.24 | G34: =+P34/N34 -> 0.96183761 | H34: =+P34/L34 -> 0.90525893 | I34: =+R34/P34 -> 1.1286744 | J34: =+R34/L34 -> 1.0217426 | K34: =+S34/M34 -> 0.83232892 | L34: =+SUM(Efficiency1!K125:K126) -> 58.248528 | M34: =M33+L34 -> 1696.4712 | N34: =+SUM(Efficiency1!C125:C126) -> 54.822144 | O34: =O33+N34 -> 1633.1891 | P34: ='26'!I38 -> 52.73 | Q34: =Q33+P34 -> 1498.832 | R34: ='26'!I40 -> 59.515 | S34: =S33+R34 -> 1412.022 | T34: =+AF34+AG34 -> 123.29 | U34: =T34+U33 -> 3440.983 | V34: =T34/(P34) -> 2.3381377 | W34: =U34/(Q34) -> 2.2957763 | X34: =IF(AND(R34>0,T34>0),T34/(R34),0) -> 2.0715786 | Y34: =IF(AND(S34>0,U34>0),U34/(S34),0) -> 2.4369188 | Z34: ='26'!I46 -> 56571.34 | AA34: =Z34+AA33 -> 1460212.1 | AB34: =IF(AND(L34>0,Z34>0),(Z34/(P34*1000)*1000),0) -> 1072.8492 | AC34: =IF(AND(M34>0,AA34>0),(AA34/(Q34*1000)*1000),0) -> 974.23336 | AD34: =IF(AND(R34>0,Z34>0),(Z34/(R34*1000)*1000),0) -> 950.53919 | AE34: =IF(AND(S34>0,AA34>0),(AA34/(S34*1000)*1000),0) -> 1034.1285 | AF34: =0.491 -> 0.491 | AG34: 122.799 | AH34: =+SUM(Efficiency2!K125:K126) -> 58.248528 | AI34: =AI33+AH34 -> 1693.7888 | AJ34: =+R34/AH34 -> 1.0217426 | AK34: =+S34/AI34 -> 0.83364705
A35: =A34+1 -> 45865 | B35: Facial | C35: 12 | D35: =+'27'!F42 -> 1600 | E35: =+'27'!G42 -> 1216 | F35: =1-(E35/D35) -> 0.24 | G35: =+P35/N35 -> 0.93334642 | H35: =+P35/L35 -> 0.87844369 | I35: =+R35/P35 -> 1.0156694 | J35: =+R35/L35 -> 0.89220841 | K35: =+S35/M35 -> 0.83430999 | L35: =+Efficiency1!K129 -> 58.046976 | M35: =M34+L35 -> 1754.5181 | N35: =+Efficiency1!C129 -> 54.632448 | O35: =O34+N35 -> 1687.8215 | P35: ='27'!I38 -> 50.991 | Q35: =Q34+P35 -> 1549.823 | R35: ='27'!I40 -> 51.79 | S35: =S34+R35 -> 1463.812 | T35: =+AF35+AG35 -> 123.263 | U35: =T35+U34 -> 3564.246 | V35: =T35/(P35) -> 2.4173482 | W35: =U35/(Q35) -> 2.2997762 | X35: =IF(AND(R35>0,T35>0),T35/(R35),0) -> 2.3800541 | Y35: =IF(AND(S35>0,U35>0),U35/(S35),0) -> 2.4349069 | Z35: ='27'!I46 -> 55551.34 | AA35: =Z35+AA34 -> 1515763.5 | AB35: =IF(AND(L35>0,Z35>0),(Z35/(P35*1000)*1000),0) -> 1089.4342 | AC35: =IF(AND(M35>0,AA35>0),(AA35/(Q35*1000)*1000),0) -> 978.02361 | AD35: =IF(AND(R35>0,Z35>0),(Z35/(R35*1000)*1000),0) -> 1072.6268 | AE35: =IF(AND(S35>0,AA35>0),(AA35/(S35*1000)*1000),0) -> 1035.4905 | AF35: =0.494 -> 0.494 | AG35: 122.769 | AH35: =+Efficiency2!K129 -> 58.046976 | AI35: =AI34+AH35 -> 1751.8357 | AJ35: =+R35/AH35 -> 0.89220841 | AK35: =+S35/AI35 -> 0.83558748
A36: =A35+1 -> 45866 | B36: Facial | C36: 12/10,5/10,3 | D36: =+'28'!F42 -> 1612.9167 | E36: =+'28'!G42 -> 1281.9611 | F36: =1-(E36/D36) -> 0.20519073 | G36: =+P36/N36 -> 0.99580931 | H36: =+P36/L36 -> 0.93238478 | I36: =+R36/P36 -> 0.92449179 | J36: =+R36/L36 -> 0.86198208 | K36: =+S36/M36 -> 0.83516557 | L36: =+SUM(Efficiency1!K133:K135) -> 55.977962 | M36: =M35+L36 -> 1810.4961 | N36: =+SUM(Efficiency1!C133:C135) -> 52.412645 | O36: =O35+N36 -> 1740.2342 | P36: ='28'!I38 -> 52.193 | Q36: =Q35+P36 -> 1602.016 | R36: ='28'!I40 -> 48.252 | S36: =S35+R36 -> 1512.064 | T36: =+AF36+AG36 -> 126.025 | U36: =T36+U35 -> 3690.271 | V36: =T36/(P36) -> 2.4145958 | W36: =U36/(Q36) -> 2.3035169 | X36: =IF(AND(R36>0,T36>0),T36/(R36),0) -> 2.6118088 | Y36: =IF(AND(S36>0,U36>0),U36/(S36),0) -> 2.4405521 | Z36: ='28'!I46 -> 48398.5 | AA36: =Z36+AA35 -> 1564162 | AB36: =IF(AND(L36>0,Z36>0),(Z36/(P36*1000)*1000),0) -> 927.29868 | AC36: =IF(AND(M36>0,AA36>0),(AA36/(Q36*1000)*1000),0) -> 976.37101 | AD36: =IF(AND(R36>0,Z36>0),(Z36/(R36*1000)*1000),0) -> 1003.0361 | AE36: =IF(AND(S36>0,AA36>0),(AA36/(S36*1000)*1000),0) -> 1034.4549 | AF36: =0.301 -> 0.301 | AG36: 125.724 | AH36: =+SUM(Efficiency2!K133:K135) -> 55.977962 | AI36: =AI35+AH36 -> 1807.8137 | AJ36: =+R36/AH36 -> 0.86198208 | AK36: =+S36/AI36 -> 0.83640477
A37: =A36+1 -> 45867 | B37: Facial | C37: 10,3/13/12 | D37: =+'29'!F42 -> 1618.3333 | E37: =+'29'!G42 -> 1295.4 | F37: =1-(E37/D37) -> 0.19954686 | G37: =+P37/N37 -> 0.96566263 | H37: =+P37/L37 -> 0.91088582 | I37: =+R37/P37 -> 0.99616972 | J37: =+R37/L37 -> 0.90739687 | K37: =+S37/M37 -> 0.83744677 | L37: =+SUM(Efficiency1!K138:K140) -> 59.043624 | M37: =M36+L37 -> 1869.5397 | N37: =+SUM(Efficiency1!C138:C140) -> 55.694399 | O37: =O36+N37 -> 1795.9286 | P37: ='29'!I38 -> 53.782 | Q37: =Q36+P37 -> 1655.798 | R37: ='29'!I40 -> 53.576 | S37: =S36+R37 -> 1565.64 | T37: =+AF37+AG37 -> 129.783 | U37: =T37+U36 -> 3820.054 | V37: =T37/(P37) -> 2.4131308 | W37: =U37/(Q37) -> 2.3070773 | X37: =IF(AND(R37>0,T37>0),T37/(R37),0) -> 2.4224093 | Y37: =IF(AND(S37>0,U37>0),U37/(S37),0) -> 2.4399313 | Z37: ='29'!I46 -> 56776.9 | AA37: =Z37+AA36 -> 1620938.9 | AB37: =IF(AND(L37>0,Z37>0),(Z37/(P37*1000)*1000),0) -> 1055.6859 | AC37: =IF(AND(M37>0,AA37>0),(AA37/(Q37*1000)*1000),0) -> 978.94724 | AD37: =IF(AND(R37>0,Z37>0),(Z37/(R37*1000)*1000),0) -> 1059.745 | AE37: =IF(AND(S37>0,AA37>0),(AA37/(S37*1000)*1000),0) -> 1035.3203 | AF37: =0.26 -> 0.26 | AG37: 129.523 | AH37: =+SUM(Efficiency2!K138:K140) -> 59.043624 | AI37: =AI36+AH37 -> 1866.8573 | AJ37: =+R37/AH37 -> 0.90739687 | AK37: =+S37/AI37 -> 0.83865006
A38: =A37+1 -> 45868 | B38: Facial | C38: 12 | D38: =+'30'!F42 -> 1606.6667 | E38: =+'30'!G42 -> 1221.0667 | F38: =1-(E38/D38) -> 0.24 | G38: =+P38/N38 -> 0.96198291 | H38: =+P38/L38 -> 0.90879091 | I38: =+R38/P38 -> 0.98992098 | J38: =+R38/L38 -> 0.89963119 | K38: =+S38/M38 -> 0.8393375 | L38: =+Efficiency1!K143 -> 58.626247 | M38: =M37+L38 -> 1928.166 | N38: =+Efficiency1!C143 -> 55.38456 | O38: =O37+N38 -> 1851.3131 | P38: ='30'!I38 -> 53.279 | Q38: =Q37+P38 -> 1709.077 | R38: ='30'!I40 -> 52.742 | S38: =S37+R38 -> 1618.382 | T38: =+AF38+AG38 -> 126.201 | U38: =T38+U37 -> 3946.255 | V38: =T38/(P38) -> 2.3686818 | W38: =U38/(Q38) -> 2.3089978 | X38: =IF(AND(R38>0,T38>0),T38/(R38),0) -> 2.3927989 | Y38: =IF(AND(S38>0,U38>0),U38/(S38),0) -> 2.4383953 | Z38: ='30'!I46 -> 51312.64 | AA38: =Z38+AA37 -> 1672251.5 | AB38: =IF(AND(L38>0,Z38>0),(Z38/(P38*1000)*1000),0) -> 963.09315 | AC38: =IF(AND(M38>0,AA38>0),(AA38/(Q38*1000)*1000),0) -> 978.453 | AD38: =IF(AND(R38>0,Z38>0),(Z38/(R38*1000)*1000),0) -> 972.89902 | AE38: =IF(AND(S38>0,AA38>0),(AA38/(S38*1000)*1000),0) -> 1033.286 | AF38: =0.342 -> 0.342 | AG38: 125.859 | AH38: =+Efficiency2!K143 -> 58.626247 | AI38: =AI37+AH38 -> 1925.4836 | AJ38: =+R38/AH38 -> 0.89963119 | AK38: =+S38/AI38 -> 0.84050679
A39: =A38+1 -> 45869 | B39: Facial | C39: 12/13,5 | D39: =+'31'!F42 -> 1598 | E39: =+'31'!G42 -> 1214.48 | F39: =1-(E39/D39) -> 0.24 | G39: =+P39/N39 -> 0.94155669 | H39: =+P39/L39 -> 0.88419558 | I39: =+R39/P39 -> 0.95151139 | J39: =+R39/L39 -> 0.84132217 | K39: =+S39/M39 -> 0.83939759 | L39: =+SUM(Efficiency1!K147:K148) -> 60.200482 | M39: =M38+L39 -> 1988.3664 | N39: =+SUM(Efficiency1!C147:C148) -> 56.532974 | O39: =O38+N39 -> 1907.8461 | P39: ='31'!I38 -> 53.229 | Q39: =Q38+P39 -> 1762.306 | R39: ='31'!I40 -> 50.648 | S39: =S38+R39 -> 1669.03 | T39: =+AF39+AG39 -> 124.823 | U39: =T39+U38 -> 4071.078 | V39: =T39/(P39) -> 2.3450187 | W39: =U39/(Q39) -> 2.3100858 | X39: =IF(AND(R39>0,T39>0),T39/(R39),0) -> 2.4645198 | Y39: =IF(AND(S39>0,U39>0),U39/(S39),0) -> 2.439188 | Z39: ='31'!I46 -> 52634.02 | AA39: =Z39+AA38 -> 1724885.5 | AB39: =IF(AND(L39>0,Z39>0),(Z39/(P39*1000)*1000),0) -> 988.82226 | AC39: =IF(AND(M39>0,AA39>0),(AA39/(Q39*1000)*1000),0) -> 978.7662 | AD39: =IF(AND(R39>0,Z39>0),(Z39/(R39*1000)*1000),0) -> 1039.2122 | AE39: =IF(AND(S39>0,AA39>0),(AA39/(S39*1000)*1000),0) -> 1033.4659 | AF39: =0.911 -> 0.911 | AG39: 123.912 | AH39: =+SUM(Efficiency2!K147:K148) -> 60.200482 | AI39: =AI38+AH39 -> 1985.684 | AJ39: =+R39/AH39 -> 0.84132217 | AK39: =+S39/AI39 -> 0.84053151
G41: =+P41/N41 -> 0.92371496 | H41: =+P41/L41 -> 0.88630846 | I41: =+R41/P41 -> 0.94707162 | J41: =+R41/L41 -> 0.83939759 | L41: =SUM(L9:L39) -> 1988.3664 | N41: =SUM(N9:N39) -> 1907.8461 | P41: =SUM(P9:P39) -> 1762.306 | R41: =SUM(R9:R39) -> 1669.03 | T41: =SUM(T9:T40) -> 4071.078 | V41: =T41/P41 -> 2.3100858 | X41: =T41/R41 -> 2.439188 | Z41: =SUM(Z9:Z39) -> 1724885.5 | AB41: =Z41/P41 -> 978.7662 | AD41: =Z41/R41 -> 1033.4659 | AH41: =SUM(AH9:AH39) -> 1985.684 | AJ41: =+R41/AH41 -> 0.84053151

Sheet GRAFIK

Sheet Listrik
A2: MACHINE POWER CONSUMPTION (PER PANEL)
A4: Date | B4: PM (TON) | C4: FINSHED GOODS (TON) | AR4: Total PM11
D5: Vacuum A | H5: Vacuum B | L5: Vaccum Turbo | P5: MCC Aux TM | T5: WL II 1250 A (yankee + popereel) | X5: WL II 3200 A (Hood, Fan Pump, Felt & Wire) | AB5: Stock Prep & UTM 1 (3200 A) | AF5: Stock Prep & UTM 2 (3200 A) | AJ5: Rewinder 1 (800 A) | AN5: Rewinder 2 (800A)
D6: KWH | E6: Consumption | F6: /TON PM | G6: /TON FG | H6: KWH | I6: Consumption | J6: /TON PM | K6: /TON FG | L6: KWH | M6: Consumption | N6: /TON PM | O6: /TON FG | P6: KWH | Q6: Consumption | R6: /TON PM | S6: /TON FG | T6: KWH | U6: Consumption | V6: /TON PM | W6: /TON FG | X6: KWH | Y6: Consumption | Z6: /TON PM | AA6: /TON FG | AB6: KWH | AC6: Consumption | AD6: /TON PM | AE6: /TON FG | AF6: KWH | AG6: Consumption | AH6: /TON PM | AI6: /TON FG | AJ6: KWH | AK6: Consumption | AL6: /TON PM | AM6: /TON FG | AN6: KWH | AO6: Consumption | AP6: /TON PM | AQ6: /TON FG | AR6: Consumption | AS6: /TON PM | AT6: /TON FG
A7: =A8-1 -> 45838 | B7: 0 | C7: 0
A8: =+Report1!A9 -> 45839 | B8: =+Report1!P9 -> 68.905 | C8: =+Report1!R9 -> 68.672 | D8: =+D7+E8 -> 285.96 | E8: =+[13]DailyJul!D7 -> 285.96 | F8: =E8/B8 -> 4.1500617 | G8: =E8/C8 -> 4.1641426 | H8: =+H7+I8 -> 0 | I8: =+[13]DailyJul!E7 -> 0 | J8: =I8/B8 -> 0 | K8: =I8/C8 -> 0 | L8: =+L7+M8 -> 100 | M8: =+[13]DailyJul!F7 -> 100 | N8: =M8/B8 -> 1.4512735 | O8: =M8/C8 -> 1.4561976 | P8: =+P7+Q8 -> 18014.04 | Q8: =+[13]DailyJul!G7 -> 18014.04 | R8: =Q8/B8 -> 261.43299 | S8: =Q8/C8 -> 262.32001 | T8: =+T7+U8 -> 5800 | U8: =+[13]DailyJul!H7 -> 5800 | V8: =U8/B8 -> 84.173863 | W8: =U8/C8 -> 84.459459 | X8: =+X7+Y8 -> 13742.53 | Y8: =+[13]DailyJul!I7 -> 13742.53 | Z8: =Y8/B8 -> 199.4417 | AA8: =Y8/C8 -> 200.11839 | AB8: =+AB7+AC8 -> 6332.53 | AC8: =+[13]DailyJul!J7 -> 6332.53 | AD8: =AC8/B8 -> 91.902329 | AE8: =AC8/C8 -> 92.214148 | AF8: =+AF7+AG8 -> 14200 | AG8: =+[13]DailyJul!K7 -> 14200 | AH8: =AG8/B8 -> 206.08084 | AI8: =AG8/C8 -> 206.78006 | AJ8: =+AJ7+AK8 -> 540 | AK8: =+[13]DailyJul!L7 -> 540 | AL8: =AK8/B8 -> 7.8368769 | AM8: =AK8/C8 -> 7.8634669 | AN8: =+AN7+AO8 -> 750 | AO8: =+[13]DailyJul!M7 -> 750 | AP8: =AO8/B8 -> 10.884551 | AQ8: =AO8/C8 -> 10.921482 | AR8: =+E8+I8+M8+Q8+U8+Y8+AC8+AG8+AK8+AO8 -> 59765.06 | AS8: =AR8/B8 -> 867.35447 | AT8: =AR8/C8 -> 870.29736 | AX8: Off Reel | AY8: Off Rewinder
A9: =A8+1 -> 45840 | B9: =+Report1!P10 -> 68.866 | C9: =+Report1!R10 -> 69.627 | D9: =+D8+E9 -> 569.09 | E9: =+[13]DailyJul!D8 -> 283.13 | F9: =E9/B9 -> 4.1113176 | G9: =E9/C9 -> 4.0663823 | H9: =+H8+I9 -> 0 | I9: =+[13]DailyJul!E8 -> 0 | J9: =I9/B9 -> 0 | K9: =I9/C9 -> 0 | L9: =+L8+M9 -> 200 | M9: =+[13]DailyJul!F8 -> 100 | N9: =M9/B9 -> 1.4520954 | O9: =M9/C9 -> 1.4362245 | P9: =+P8+Q9 -> 35730.91 | Q9: =+[13]DailyJul!G8 -> 17716.87 | R9: =Q9/B9 -> 257.26585 | S9: =Q9/C9 -> 254.45402 | T9: =+T8+U9 -> 11600 | U9: =+[13]DailyJul!H8 -> 5800 | V9: =U9/B9 -> 84.221532 | W9: =U9/C9 -> 83.301018 | X9: =+X8+Y9 -> 27352.73 | Y9: =+[13]DailyJul!I8 -> 13610.2 | Z9: =Y9/B9 -> 197.63308 | AA9: =Y9/C9 -> 195.47302 | AB9: =+AB8+AC9 -> 12812.73 | AC9: =+[13]DailyJul!J8 -> 6480.2 | AD9: =AC9/B9 -> 94.098684 | AE9: =AC9/C9 -> 93.070217 | AF9: =+AF8+AG9 -> 28500 | AG9: =+[13]DailyJul!K8 -> 14300 | AH9: =AG9/B9 -> 207.64964 | AI9: =AG9/C9 -> 205.3801 | AJ9: =+AJ8+AK9 -> 1070 | AK9: =+[13]DailyJul!L8 -> 530 | AL9: =AK9/B9 -> 7.6961055 | AM9: =AK9/C9 -> 7.6119896 | AN9: =+AN8+AO9 -> 1490 | AO9: =+[13]DailyJul!M8 -> 740 | AP9: =AO9/B9 -> 10.745506 | AQ9: =AO9/C9 -> 10.628061 | AR9: =+E9+I9+M9+Q9+U9+Y9+AC9+AG9+AK9+AO9 -> 59560.4 | AS9: =AR9/B9 -> 864.87381 | AT9: =AR9/C9 -> 855.42103 | AX9: Kwh/ ton | AY9: Kwh/ ton
A10: =A9+1 -> 45841 | B10: =+Report1!P11 -> 77.805 | C10: =+Report1!R11 -> 74.579 | D10: =+D9+E10 -> 867.72 | E10: =+[13]DailyJul!D9 -> 298.63 | F10: =E10/B10 -> 3.8381852 | G10: =E10/C10 -> 4.0042103 | H10: =+H9+I10 -> 0 | I10: =+[13]DailyJul!E9 -> 0 | J10: =I10/B10 -> 0 | K10: =I10/C10 -> 0 | L10: =+L9+M10 -> 300 | M10: =+[13]DailyJul!F9 -> 100 | N10: =M10/B10 -> 1.2852644 | O10: =M10/C10 -> 1.34086 | P10: =+P9+Q10 -> 53632.28 | Q10: =+[13]DailyJul!G9 -> 17901.37 | R10: =Q10/B10 -> 230.07994 | S10: =Q10/C10 -> 240.03231 | T10: =+T9+U10 -> 17100 | U10: =+[13]DailyJul!H9 -> 5500 | V10: =U10/B10 -> 70.689544 | W10: =U10/C10 -> 73.747302 | X10: =+X9+Y10 -> 39888.87 | Y10: =+[13]DailyJul!I9 -> 12536.14 | Z10: =Y10/B10 -> 161.12255 | AA10: =Y10/C10 -> 168.09209 | AB10: =+AB9+AC10 -> 19208.87 | AC10: =+[13]DailyJul!J9 -> 6396.14 | AD10: =AC10/B10 -> 82.207313 | AE10: =AC10/C10 -> 85.763285 | AF10: =+AF9+AG10 -> 42200 | AG10: =+[13]DailyJul!K9 -> 13700 | AH10: =AG10/B10 -> 176.08123 | AI10: =AG10/C10 -> 183.69782 | AJ10: =+AJ9+AK10 -> 1600 | AK10: =+[13]DailyJul!L9 -> 530 | AL10: =AK10/B10 -> 6.8119015 | AM10: =AK10/C10 -> 7.1065581 | AN10: =+AN9+AO10 -> 2210 | AO10: =+[13]DailyJul!M9 -> 720 | AP10: =AO10/B10 -> 9.253904 | AQ10: =AO10/C10 -> 9.6541922 | AR10: =+E10+I10+M10+Q10+U10+Y10+AC10+AG10+AK10+AO10 -> 57682.28 | AS10: =AR10/B10 -> 741.36983 | AT10: =AR10/C10 -> 773.43864 | AV10: PM | AW10: Vacuum A | AX10: =+F39 -> 0 | AY10: =+G39 -> 0
A11: =A10+1 -> 45842 | B11: =+Report1!P12 -> 79.142 | C11: =+Report1!R12 -> 78.611 | D11: =+D10+E11 -> 1178.32 | E11: =+[13]DailyJul!D10 -> 310.6 | F11: =E11/B11 -> 3.9245912 | G11: =E11/C11 -> 3.951101 | H11: =+H10+I11 -> 0 | I11: =+[13]DailyJul!E10 -> 0 | J11: =I11/B11 -> 0 | K11: =I11/C11 -> 0 | L11: =+L10+M11 -> 400 | M11: =+[13]DailyJul!F10 -> 100 | N11: =M11/B11 -> 1.2635516 | O11: =M11/C11 -> 1.2720866 | P11: =+P10+Q11 -> 71921.68 | Q11: =+[13]DailyJul!G10 -> 18289.4 | R11: =Q11/B11 -> 231.096 | S11: =Q11/C11 -> 232.65701 | T11: =+T10+U11 -> 22700 | U11: =+[13]DailyJul!H10 -> 5600 | V11: =U11/B11 -> 70.758889 | W11: =U11/C11 -> 71.23685 | X11: =+X10+Y11 -> 52703.82 | Y11: =+[13]DailyJul!I10 -> 12814.95 | Z11: =Y11/B11 -> 161.9235 | AA11: =Y11/C11 -> 163.01726 | AB11: =+AB10+AC11 -> 26093.82 | AC11: =+[13]DailyJul!J10 -> 6884.95 | AD11: =AC11/B11 -> 86.994895 | AE11: =AC11/C11 -> 87.582527 | AF11: =+AF10+AG11 -> 56100 | AG11: =+[13]DailyJul!K10 -> 13900 | AH11: =AG11/B11 -> 175.63367 | AI11: =AG11/C11 -> 176.82004 | AJ11: =+AJ10+AK11 -> 2100 | AK11: =+[13]DailyJul!L10 -> 500 | AL11: =AK11/B11 -> 6.317758 | AM11: =AK11/C11 -> 6.360433 | AN11: =+AN10+AO11 -> 2960 | AO11: =+[13]DailyJul!M10 -> 750 | AP11: =AO11/B11 -> 9.4766369 | AQ11: =AO11/C11 -> 9.5406495 | AR11: =+E11+I11+M11+Q11+U11+Y11+AC11+AG11+AK11+AO11 -> 59149.9 | AS11: =AR11/B11 -> 747.3895 | AT11: =AR11/C11 -> 752.43795 | AW11: Vacuum B | AX11: =+J39 -> 0 | AY11: =+K39 -> 0
A12: =A11+1 -> 45843 | B12: =+Report1!P13 -> 74.533 | C12: =+Report1!R13 -> 74.552 | D12: =+D11+E12 -> 1421.47 | E12: =+[13]DailyJul!D11 -> 243.15 | F12: =E12/B12 -> 3.2623133 | G12: =E12/C12 -> 3.2614819 | H12: =+H11+I12 -> 0 | I12: =+[13]DailyJul!E11 -> 0 | J12: =I12/B12 -> 0 | K12: =I12/C12 -> 0 | L12: =+L11+M12 -> 600 | M12: =+[13]DailyJul!F11 -> 200 | N12: =M12/B12 -> 2.6833751 | O12: =M12/C12 -> 2.6826913 | P12: =+P11+Q12 -> 89678.53 | Q12: =+[13]DailyJul!G11 -> 17756.85 | R12: =Q12/B12 -> 238.24145 | S12: =Q12/C12 -> 238.18073 | T12: =+T11+U12 -> 28200 | U12: =+[13]DailyJul!H11 -> 5500 | V12: =U12/B12 -> 73.792817 | W12: =U12/C12 -> 73.77401 | X12: =+X11+Y12 -> 65570.23 | Y12: =+[13]DailyJul!I11 -> 12866.41 | Z12: =Y12/B12 -> 172.62702 | AA12: =Y12/C12 -> 172.58303 | AB12: =+AB11+AC12 -> 33380.23 | AC12: =+[13]DailyJul!J11 -> 7286.41 | AD12: =AC12/B12 -> 97.760858 | AE12: =AC12/C12 -> 97.735943 | AF12: =+AF11+AG12 -> 69800 | AG12: =+[13]DailyJul!K11 -> 13700 | AH12: =AG12/B12 -> 183.8112 | AI12: =AG12/C12 -> 183.76435 | AJ12: =+AJ11+AK12 -> 2630 | AK12: =+[13]DailyJul!L11 -> 530 | AL12: =AK12/B12 -> 7.1109441 | AM12: =AK12/C12 -> 7.1091319 | AN12: =+AN11+AO12 -> 3690 | AO12: =+[13]DailyJul!M11 -> 730 | AP12: =AO12/B12 -> 9.7943193 | AQ12: =AO12/C12 -> 9.7918232 | AR12: =+E12+I12+M12+Q12+U12+Y12+AC12+AG12+AK12+AO12 -> 58812.82 | AS12: =AR12/B12 -> 789.0843 | AT12: =AR12/C12 -> 788.8832 | AW12: MCC Aux TM | AX12: =+N39 -> 0 | AY12: =+O39 -> 0
A13: =A12+1 -> 45844 | B13: =+Report1!P14 -> 68.905 | C13: =+Report1!R14 -> 70.131 | D13: =+D12+E13 -> 1653.68 | E13: =+[13]DailyJul!D12 -> 232.21 | F13: =E13/B13 -> 3.3700022 | G13: =E13/C13 -> 3.3110892 | H13: =+H12+I13 -> 0 | I13: =+[13]DailyJul!E12 -> 0 | J13: =I13/B13 -> 0 | K13: =I13/C13 -> 0 | L13: =+L12+M13 -> 700 | M13: =+[13]DailyJul!F12 -> 100 | N13: =M13/B13 -> 1.4512735 | O13: =M13/C13 -> 1.425903 | P13: =+P12+Q13 -> 107146.32 | Q13: =+[13]DailyJul!G12 -> 17467.79 | R13: =Q13/B13 -> 253.50541 | S13: =Q13/C13 -> 249.07373 | T13: =+T12+U13 -> 33500 | U13: =+[13]DailyJul!H12 -> 5300 | V13: =U13/B13 -> 76.917495 | W13: =U13/C13 -> 75.572857 | X13: =+X12+Y13 -> 77395.56 | Y13: =+[13]DailyJul!I12 -> 11825.33 | Z13: =Y13/B13 -> 171.61788 | AA13: =Y13/C13 -> 168.61773 | AB13: =+AB12+AC13 -> 39705.56 | AC13: =+[13]DailyJul!J12 -> 6325.33 | AD13: =AC13/B13 -> 91.797838 | AE13: =AC13/C13 -> 90.193067 | AF13: =+AF12+AG13 -> 82700 | AG13: =+[13]DailyJul!K12 -> 12900 | AH13: =AG13/B13 -> 187.21428 | AI13: =AG13/C13 -> 183.94148 | AJ13: =+AJ12+AK13 -> 3120 | AK13: =+[13]DailyJul!L12 -> 490 | AL13: =AK13/B13 -> 7.1112401 | AM13: =AK13/C13 -> 6.9869245 | AN13: =+AN12+AO13 -> 4390 | AO13: =+[13]DailyJul!M12 -> 700 | AP13: =AO13/B13 -> 10.158914 | AQ13: =AO13/C13 -> 9.9813207 | AR13: =+E13+I13+M13+Q13+U13+Y13+AC13+AG13+AK13+AO13 -> 55340.66 | AS13: =AR13/B13 -> 803.14433 | AT13: =AR13/C13 -> 789.10411 | AW13: Multi Screen | AX13: =+R39 -> 0 | AY13: =+S39 -> 0
A14: =A13+1 -> 45845 | B14: =+Report1!P15 -> 55.073 | C14: =+Report1!R15 -> 60.798 | D14: =+D13+E14 -> 1955.36 | E14: =+[13]DailyJul!D13 -> 301.68 | F14: =E14/B14 -> 5.4778203 | G14: =E14/C14 -> 4.9620053 | H14: =+H13+I14 -> 0 | I14: =+[13]DailyJul!E13 -> 0 | J14: =I14/B14 -> 0 | K14: =I14/C14 -> 0 | L14: =+L13+M14 -> 800 | M14: =+[13]DailyJul!F13 -> 100 | N14: =M14/B14 -> 1.8157718 | O14: =M14/C14 -> 1.6447909 | P14: =+P13+Q14 -> 123344.64 | Q14: =+[13]DailyJul!G13 -> 16198.32 | R14: =Q14/B14 -> 294.12453 | S14: =Q14/C14 -> 266.4285 | T14: =+T13+U14 -> 37500 | U14: =+[13]DailyJul!H13 -> 4000 | V14: =U14/B14 -> 72.630872 | W14: =U14/C14 -> 65.791638 | X14: =+X13+Y14 -> 86415.87 | Y14: =+[13]DailyJul!I13 -> 9020.31 | Z14: =Y14/B14 -> 163.78824 | AA14: =Y14/C14 -> 148.36524 | AB14: =+AB13+AC14 -> 46245.87 | AC14: =+[13]DailyJul!J13 -> 6540.31 | AD14: =AC14/B14 -> 118.7571 | AE14: =AC14/C14 -> 107.57443 | AF14: =+AF13+AG14 -> 93200 | AG14: =+[13]DailyJul!K13 -> 10500 | AH14: =AG14/B14 -> 190.65604 | AI14: =AG14/C14 -> 172.70305 | AJ14: =+AJ13+AK14 -> 3560 | AK14: =+[13]DailyJul!L13 -> 440 | AL14: =AK14/B14 -> 7.9893959 | AM14: =AK14/C14 -> 7.2370802 | AN14: =+AN13+AO14 -> 5030 | AO14: =+[13]DailyJul!M13 -> 640 | AP14: =AO14/B14 -> 11.620939 | AQ14: =AO14/C14 -> 10.526662 | AR14: =+E14+I14+M14+Q14+U14+Y14+AC14+AG14+AK14+AO14 -> 47740.62 | AS14: =AR14/B14 -> 866.86071 | AT14: =AR14/C14 -> 785.2334 | AW14: WL II 1250 A (yankee + popereel) | AX14: =+V39 -> 0 | AY14: =+W39 -> 0
A15: =A14+1 -> 45846 | B15: =+Report1!P16 -> 40.312 | C15: =+Report1!R16 -> 12.112 | D15: =+D14+E15 -> 2217.75 | E15: =+[13]DailyJul!D14 -> 262.39 | F15: =E15/B15 -> 6.50898 | G15: =E15/C15 -> 21.663639 | H15: =+H14+I15 -> 0 | I15: =+[13]DailyJul!E14 -> 0 | J15: =I15/B15 -> 0 | K15: =I15/C15 -> 0 | L15: =+L14+M15 -> 800 | M15: =+[13]DailyJul!F14 -> 0 | N15: =M15/B15 -> 0 | O15: =M15/C15 -> 0 | P15: =+P14+Q15 -> 138582.25 | Q15: =+[13]DailyJul!G14 -> 15237.61 | R15: =Q15/B15 -> 377.99191 | S15: =Q15/C15 -> 1258.0589 | T15: =+T14+U15 -> 41100 | U15: =+[13]DailyJul!H14 -> 3600 | V15: =U15/B15 -> 89.303433 | W15: =U15/C15 -> 297.22589 | X15: =+X14+Y15 -> 93895.18 | Y15: =+[13]DailyJul!I14 -> 7479.31 | Z15: =Y15/B15 -> 185.53557 | AA15: =Y15/C15 -> 617.51238 | AB15: =+AB14+AC15 -> 51705.18 | AC15: =+[13]DailyJul!J14 -> 5459.31 | AD15: =AC15/B15 -> 135.42642 | AE15: =AC15/C15 -> 450.73563 | AF15: =+AF14+AG15 -> 102300 | AG15: =+[13]DailyJul!K14 -> 9100 | AH15: =AG15/B15 -> 225.73923 | AI15: =AG15/C15 -> 751.321 | AJ15: =+AJ14+AK15 -> 3910 | AK15: =+[13]DailyJul!L14 -> 350 | AL15: =AK15/B15 -> 8.6822782 | AM15: =AK15/C15 -> 28.896962 | AN15: =+AN14+AO15 -> 5450 | AO15: =+[13]DailyJul!M14 -> 420 | AP15: =AO15/B15 -> 10.418734 | AQ15: =AO15/C15 -> 34.676354 | AR15: =+E15+I15+M15+Q15+U15+Y15+AC15+AG15+AK15+AO15 -> 41908.62 | AS15: =AR15/B15 -> 1039.6066 | AT15: =AR15/C15 -> 3460.0908 | AW15: WL II 3200 A (Hood, Fan Pump, Felt & Wire) | AX15: =+Z39 -> 0 | AY15: =+AA39 -> 0
A16: =A15+1 -> 45847 | B16: =+Report1!P17 -> 65.517 | C16: =+Report1!R17 -> 65.429 | D16: =+D15+E16 -> 2555.45 | E16: =+[13]DailyJul!D15 -> 337.7 | F16: =E16/B16 -> 5.1543874 | G16: =E16/C16 -> 5.1613199 | H16: =+H15+I16 -> 0 | I16: =+[13]DailyJul!E15 -> 0 | J16: =I16/B16 -> 0 | K16: =I16/C16 -> 0 | L16: =+L15+M16 -> 920 | M16: =+[13]DailyJul!F15 -> 120 | N16: =M16/B16 -> 1.8315857 | O16: =M16/C16 -> 1.8340491 | P16: =+P15+Q16 -> 156424.55 | Q16: =+[13]DailyJul!G15 -> 17842.3 | R16: =Q16/B16 -> 272.33085 | S16: =Q16/C16 -> 272.69712 | T16: =+T15+U16 -> 46000 | U16: =+[13]DailyJul!H15 -> 4900 | V16: =U16/B16 -> 74.789749 | W16: =U16/C16 -> 74.890339 | X16: =+X15+Y16 -> 102916.91 | Y16: =+[13]DailyJul!I15 -> 9021.73 | Z16: =Y16/B16 -> 137.7006 | AA16: =Y16/C16 -> 137.8858 | AB16: =+AB15+AC16 -> 58856.91 | AC16: =+[13]DailyJul!J15 -> 7151.73 | AD16: =AC16/B16 -> 109.15839 | AE16: =AC16/C16 -> 109.3052 | AF16: =+AF15+AG16 -> 114500 | AG16: =+[13]DailyJul!K15 -> 12200 | AH16: =AG16/B16 -> 186.21121 | AI16: =AG16/C16 -> 186.46166 | AJ16: =+AJ15+AK16 -> 4422.92 | AK16: =+[13]DailyJul!L15 -> 512.92 | AL16: =AK16/B16 -> 7.8288078 | AM16: =AK16/C16 -> 7.8393373 | AN16: =+AN15+AO16 -> 6142.28 | AO16: =+[13]DailyJul!M15 -> 692.28 | AP16: =AO16/B16 -> 10.566418 | AQ16: =AO16/C16 -> 10.580629 | AR16: =+E16+I16+M16+Q16+U16+Y16+AC16+AG16+AK16+AO16 -> 52778.66 | AS16: =AR16/B16 -> 805.57199 | AT16: =AR16/C16 -> 806.65546 | AX16: =SUM(AX10:AX15) -> 0 | AY16: =SUM(AY10:AY15) -> 0
A17: =A16+1 -> 45848 | B17: =+Report1!P18 -> 58.377 | C17: =+Report1!R18 -> 58.366 | D17: =+D16+E17 -> 2882.49 | E17: =+[13]DailyJul!D16 -> 327.04 | F17: =E17/B17 -> 5.6022063 | G17: =E17/C17 -> 5.6032622 | H17: =+H16+I17 -> 0 | I17: =+[13]DailyJul!E16 -> 0 | J17: =I17/B17 -> 0 | K17: =I17/C17 -> 0 | L17: =+L16+M17 -> 1000 | M17: =+[13]DailyJul!F16 -> 80 | N17: =M17/B17 -> 1.3704027 | O17: =M17/C17 -> 1.370661 | P17: =+P16+Q17 -> 174317.51 | Q17: =+[13]DailyJul!G16 -> 17892.96 | R17: =Q17/B17 -> 306.50701 | S17: =Q17/C17 -> 306.56478 | T17: =+T16+U17 -> 52800 | U17: =+[13]DailyJul!H16 -> 6800 | V17: =U17/B17 -> 116.48423 | W17: =U17/C17 -> 116.50619 | X17: =+X16+Y17 -> 115031.82 | Y17: =+[13]DailyJul!I16 -> 12114.91 | Z17: =Y17/B17 -> 207.52882 | AA17: =Y17/C17 -> 207.56793 | AB17: =+AB16+AC17 -> 65241.82 | AC17: =+[13]DailyJul!J16 -> 6384.91 | AD17: =AC17/B17 -> 109.37373 | AE17: =AC17/C17 -> 109.39434 | AF17: =+AF16+AG17 -> 123000 | AG17: =+[13]DailyJul!K16 -> 8500 | AH17: =AG17/B17 -> 145.60529 | AI17: =AG17/C17 -> 145.63273 | AJ17: =+AJ16+AK17 -> 4840 | AK17: =+[13]DailyJul!L16 -> 417.08 | AL17: =AK17/B17 -> 7.1445946 | AM17: =AK17/C17 -> 7.1459411 | AN17: =+AN16+AO17 -> 6690 | AO17: =+[13]DailyJul!M16 -> 547.72 | AP17: =AO17/B17 -> 9.3824623 | AQ17: =AO17/C17 -> 9.3842305 | AR17: =+E17+I17+M17+Q17+U17+Y17+AC17+AG17+AK17+AO17 -> 53064.62 | AS17: =AR17/B17 -> 908.99875 | AT17: =AR17/C17 -> 909.17006 | AV17: Stockprep | AW17: Stock Prep & UTM 1 (3200 A) | AX17: =+AD39 -> 0 | AY17: =+AE39 -> 0
A18: =A17+1 -> 45849 | B18: =+Report1!P19 -> 54.006 | C18: =+Report1!R19 -> 52.796 | D18: =+D17+E18 -> 3235.1 | E18: =+[13]DailyJul!D17 -> 352.61 | F18: =E18/B18 -> 6.5290894 | G18: =E18/C18 -> 6.6787257 | H18: =+H17+I18 -> 0 | I18: =+[13]DailyJul!E17 -> 0 | J18: =I18/B18 -> 0 | K18: =I18/C18 -> 0 | L18: =+L17+M18 -> 1100 | M18: =+[13]DailyJul!F17 -> 100 | N18: =M18/B18 -> 1.8516461 | O18: =M18/C18 -> 1.8940829 | P18: =+P17+Q18 -> 192564.9 | Q18: =+[13]DailyJul!G17 -> 18247.39 | R18: =Q18/B18 -> 337.87709 | S18: =Q18/C18 -> 345.62069 | T18: =+T17+U18 -> 61000 | U18: =+[13]DailyJul!H17 -> 8200 | V18: =U18/B18 -> 151.83498 | W18: =U18/C18 -> 155.3148 | X18: =+X17+Y18 -> 129956.87 | Y18: =+[13]DailyJul!I17 -> 14925.05 | Z18: =Y18/B18 -> 276.35911 | AA18: =Y18/C18 -> 282.69282 | AB18: =+AB17+AC18 -> 72676.87 | AC18: =+[13]DailyJul!J17 -> 7435.05 | AD18: =AC18/B18 -> 137.67081 | AE18: =AC18/C18 -> 140.82601 | AF18: =+AF17+AG18 -> 130800 | AG18: =+[13]DailyJul!K17 -> 7800 | AH18: =AG18/B18 -> 144.4284 | AI18: =AG18/C18 -> 147.73847 | AJ18: =+AJ17+AK18 -> 5250 | AK18: =+[13]DailyJul!L17 -> 410 | AL18: =AK18/B18 -> 7.5917491 | AM18: =AK18/C18 -> 7.7657398 | AN18: =+AN17+AO18 -> 7270 | AO18: =+[13]DailyJul!M17 -> 580 | AP18: =AO18/B18 -> 10.739547 | AQ18: =AO18/C18 -> 10.985681 | AR18: =+E18+I18+M18+Q18+U18+Y18+AC18+AG18+AK18+AO18 -> 58050.1 | AS18: =AR18/B18 -> 1074.8824 | AT18: =AR18/C18 -> 1099.517 | AW18: Stock Prep & UTM 2 (3200 A) | AX18: =+AH39 -> 0 | AY18: =+AI39 -> 0
A19: =A18+1 -> 45850 | B19: =+Report1!P20 -> 55.114 | C19: =+Report1!R20 -> 46.07 | D19: =+D18+E19 -> 3489.01 | E19: =+[13]DailyJul!D18 -> 253.91 | F19: =E19/B19 -> 4.6069964 | G19: =E19/C19 -> 5.5113957 | H19: =+H18+I19 -> 0 | I19: =+[13]DailyJul!E18 -> 0 | J19: =I19/B19 -> 0 | K19: =I19/C19 -> 0 | L19: =+L18+M19 -> 1100 | M19: =+[13]DailyJul!F18 -> 0 | N19: =M19/B19 -> 0 | O19: =M19/C19 -> 0 | P19: =+P18+Q19 -> 211210.99 | Q19: =+[13]DailyJul!G18 -> 18646.09 | R19: =Q19/B19 -> 338.31858 | S19: =Q19/C19 -> 404.73388 | T19: =+T18+U19 -> 69400 | U19: =+[13]DailyJul!H18 -> 8400 | V19: =U19/B19 -> 152.41137 | W19: =U19/C19 -> 182.33124 | X19: =+X18+Y19 -> 144873.08 | Y19: =+[13]DailyJul!I18 -> 14916.21 | Z19: =Y19/B19 -> 270.64285 | AA19: =Y19/C19 -> 323.77274 | AB19: =+AB18+AC19 -> 79903.08 | AC19: =+[13]DailyJul!J18 -> 7226.21 | AD19: =AC19/B19 -> 131.11387 | AE19: =AC19/C19 -> 156.85283 | AF19: =+AF18+AG19 -> 139300 | AG19: =+[13]DailyJul!K18 -> 8500 | AH19: =AG19/B19 -> 154.22579 | AI19: =AG19/C19 -> 184.50185 | AJ19: =+AJ18+AK19 -> 5530 | AK19: =+[13]DailyJul!L18 -> 280 | AL19: =AK19/B19 -> 5.0803789 | AM19: =AK19/C19 -> 6.0777078 | AN19: =+AN18+AO19 -> 7720 | AO19: =+[13]DailyJul!M18 -> 450 | AP19: =AO19/B19 -> 8.1648946 | AQ19: =AO19/C19 -> 9.7677447 | AR19: =+E19+I19+M19+Q19+U19+Y19+AC19+AG19+AK19+AO19 -> 58672.42 | AS19: =AR19/B19 -> 1064.5647 | AT19: =AR19/C19 -> 1273.5494 | AX19: =SUM(AX17:AX18) -> 0 | AY19: =SUM(AY17:AY18) -> 0
A20: =A19+1 -> 45851 | B20: =+Report1!P21 -> 55.825 | C20: =+Report1!R21 -> 36.354 | D20: =+D19+E20 -> 3712.92 | E20: =+[13]DailyJul!D19 -> 223.91 | F20: =E20/B20 -> 4.010927 | G20: =E20/C20 -> 6.1591572 | H20: =+H19+I20 -> 0 | I20: =+[13]DailyJul!E19 -> 0 | J20: =I20/B20 -> 0 | K20: =I20/C20 -> 0 | L20: =+L19+M20 -> 1200 | M20: =+[13]DailyJul!F19 -> 100 | N20: =M20/B20 -> 1.7913121 | O20: =M20/C20 -> 2.7507289 | P20: =+P19+Q20 -> 229287.08 | Q20: =+[13]DailyJul!G19 -> 18076.09 | R20: =Q20/B20 -> 323.79919 | S20: =Q20/C20 -> 497.22424 | T20: =+T19+U20 -> 77500 | U20: =+[13]DailyJul!H19 -> 8100 | V20: =U20/B20 -> 145.09628 | W20: =U20/C20 -> 222.80904 | X20: =+X19+Y20 -> 158413.21 | Y20: =+[13]DailyJul!I19 -> 13540.13 | Z20: =Y20/B20 -> 242.54599 | AA20: =Y20/C20 -> 372.45227 | AB20: =+AB19+AC20 -> 86983.21 | AC20: =+[13]DailyJul!J19 -> 7080.13 | AD20: =AC20/B20 -> 126.82723 | AE20: =AC20/C20 -> 194.75519 | AF20: =+AF19+AG20 -> 147000 | AG20: =+[13]DailyJul!K19 -> 7700 | AH20: =AG20/B20 -> 137.93103 | AI20: =AG20/C20 -> 211.80613 | AJ20: =+AJ19+AK20 -> 5880 | AK20: =+[13]DailyJul!L19 -> 350 | AL20: =AK20/B20 -> 6.2695925 | AM20: =AK20/C20 -> 9.6275513 | AN20: =+AN19+AO20 -> 8250 | AO20: =+[13]DailyJul!M19 -> 530 | AP20: =AO20/B20 -> 9.4939543 | AQ20: =AO20/C20 -> 14.578863 | AR20: =+E20+I20+M20+Q20+U20+Y20+AC20+AG20+AK20+AO20 -> 55700.26 | AS20: =AR20/B20 -> 997.76552 | AT20: =AR20/C20 -> 1532.1632 | AV20: Rewinder | AW20: Rewinder 1 (800 A) | AX20: =+AL39 -> 0 | AY20: =+AM39 -> 0
A21: =A20+1 -> 45852 | B21: =+Report1!P22 -> 50.575 | C21: =+Report1!R22 -> 45.257 | D21: =+D20+E21 -> 4036.02 | E21: =+[13]DailyJul!D20 -> 323.1 | F21: =E21/B21 -> 6.3885319 | G21: =E21/C21 -> 7.1392271 | H21: =+H20+I21 -> 0 | I21: =+[13]DailyJul!E20 -> 0 | J21: =I21/B21 -> 0 | K21: =I21/C21 -> 0 | L21: =+L20+M21 -> 1300 | M21: =+[13]DailyJul!F20 -> 100 | N21: =M21/B21 -> 1.9772615 | O21: =M21/C21 -> 2.2096029 | P21: =+P20+Q21 -> 246963.98 | Q21: =+[13]DailyJul!G20 -> 17676.9 | R21: =Q21/B21 -> 349.51854 | S21: =Q21/C21 -> 390.5893 | T21: =+T20+U21 -> 85800 | U21: =+[13]DailyJul!H20 -> 8300 | V21: =U21/B21 -> 164.1127 | W21: =U21/C21 -> 183.39704 | X21: =+X20+Y21 -> 172253.03 | Y21: =+[13]DailyJul!I20 -> 13839.82 | Z21: =Y21/B21 -> 273.64943 | AA21: =Y21/C21 -> 305.80507 | AB21: =+AB20+AC21 -> 93873.03 | AC21: =+[13]DailyJul!J20 -> 6889.82 | AD21: =AC21/B21 -> 136.22976 | AE21: =AC21/C21 -> 152.23766 | AF21: =+AF20+AG21 -> 155100 | AG21: =+[13]DailyJul!K20 -> 8100 | AH21: =AG21/B21 -> 160.15818 | AI21: =AG21/C21 -> 178.97784 | AJ21: =+AJ20+AK21 -> 6250 | AK21: =+[13]DailyJul!L20 -> 370 | AL21: =AK21/B21 -> 7.3158675 | AM21: =AK21/C21 -> 8.1755309 | AN21: =+AN20+AO21 -> 8920 | AO21: =+[13]DailyJul!M20 -> 670 | AP21: =AO21/B21 -> 13.247652 | AQ21: =AO21/C21 -> 14.80434 | AR21: =+E21+I21+M21+Q21+U21+Y21+AC21+AG21+AK21+AO21 -> 56269.64 | AS21: =AR21/B21 -> 1112.5979 | AT21: =AR21/C21 -> 1243.3356 | AW21: Rewinder 2 (800A) | AX21: =+AP39 -> 0 | AY21: =+AQ39 -> 0
A22: =A21+1 -> 45853 | B22: =+Report1!P23 -> 52.657 | C22: =+Report1!R23 -> 50.311 | D22: =+D21+E22 -> 4365.63 | E22: =+[13]DailyJul!D21 -> 329.61 | F22: =E22/B22 -> 6.2595666 | G22: =E22/C22 -> 6.55145 | H22: =+H21+I22 -> 0 | I22: =+[13]DailyJul!E21 -> 0 | J22: =I22/B22 -> 0 | K22: =I22/C22 -> 0 | L22: =+L21+M22 -> 1400 | M22: =+[13]DailyJul!F21 -> 100 | N22: =M22/B22 -> 1.8990827 | O22: =M22/C22 -> 1.9876369 | P22: =+P21+Q22 -> 264134.37 | Q22: =+[13]DailyJul!G21 -> 17170.39 | R22: =Q22/B22 -> 326.07991 | S22: =Q22/C22 -> 341.28501 | T22: =+T21+U22 -> 94100 | U22: =+[13]DailyJul!H21 -> 8300 | V22: =U22/B22 -> 157.62387 | W22: =U22/C22 -> 164.97386 | X22: =+X21+Y22 -> 186388.76 | Y22: =+[13]DailyJul!I21 -> 14135.73 | Z22: =Y22/B22 -> 268.44921 | AA22: =Y22/C22 -> 280.96699 | AB22: =+AB21+AC22 -> 100628.76 | AC22: =+[13]DailyJul!J21 -> 6755.73 | AD22: =AC22/B22 -> 128.2969 | AE22: =AC22/C22 -> 134.27938 | AF22: =+AF21+AG22 -> 163300 | AG22: =+[13]DailyJul!K21 -> 8200 | AH22: =AG22/B22 -> 155.72478 | AI22: =AG22/C22 -> 162.98623 | AJ22: =+AJ21+AK22 -> 6670 | AK22: =+[13]DailyJul!L21 -> 420 | AL22: =AK22/B22 -> 7.9761475 | AM22: =AK22/C22 -> 8.348075 | AN22: =+AN21+AO22 -> 9590 | AO22: =+[13]DailyJul!M21 -> 670 | AP22: =AO22/B22 -> 12.723854 | AQ22: =AO22/C22 -> 13.317167 | AR22: =+E22+I22+M22+Q22+U22+Y22+AC22+AG22+AK22+AO22 -> 56081.46 | AS22: =AR22/B22 -> 1065.0333 | AT22: =AR22/C22 -> 1114.6958 | AW22: Rewinder 2 (800A) | AX22: =+AP40 -> 10.838072 | AY22: =+AQ40 -> 11.443773
A23: =A22+1 -> 45854 | B23: =+Report1!P24 -> 53.583 | C23: =+Report1!R24 -> 53.803 | D23: =+D22+E23 -> 4693.98 | E23: =+[13]DailyJul!D22 -> 328.35 | F23: =E23/B23 -> 6.1278764 | G23: =E23/C23 -> 6.1028195 | H23: =+H22+I23 -> 0 | I23: =+[13]DailyJul!E22 -> 0 | J23: =I23/B23 -> 0 | K23: =I23/C23 -> 0 | L23: =+L22+M23 -> 1500 | M23: =+[13]DailyJul!F22 -> 100 | N23: =M23/B23 -> 1.8662636 | O23: =M23/C23 -> 1.8586324 | P23: =+P22+Q23 -> 281506.02 | Q23: =+[13]DailyJul!G22 -> 17371.65 | R23: =Q23/B23 -> 324.20077 | S23: =Q23/C23 -> 322.87512 | T23: =+T22+U23 -> 102600 | U23: =+[13]DailyJul!H22 -> 8500 | V23: =U23/B23 -> 158.6324 | W23: =U23/C23 -> 157.98376 | X23: =+X22+Y23 -> 201295.39 | Y23: =+[13]DailyJul!I22 -> 14906.63 | Z23: =Y23/B23 -> 278.197 | AA23: =Y23/C23 -> 277.05946 | AB23: =+AB22+AC23 -> 107455.39 | AC23: =+[13]DailyJul!J22 -> 6826.63 | AD23: =AC23/B23 -> 127.40291 | AE23: =AC23/C23 -> 126.88196 | AF23: =+AF22+AG23 -> 171800 | AG23: =+[13]DailyJul!K22 -> 8500 | AH23: =AG23/B23 -> 158.6324 | AI23: =AG23/C23 -> 157.98376 | AJ23: =+AJ22+AK23 -> 7100 | AK23: =+[13]DailyJul!L22 -> 430 | AL23: =AK23/B23 -> 8.0249333 | AM23: =AK23/C23 -> 7.9921194 | AN23: =+AN22+AO23 -> 10240 | AO23: =+[13]DailyJul!M22 -> 650 | AP23: =AO23/B23 -> 12.130713 | AQ23: =AO23/C23 -> 12.081111 | AR23: =+E23+I23+M23+Q23+U23+Y23+AC23+AG23+AK23+AO23 -> 57613.26 | AS23: =AR23/B23 -> 1075.2153 | AT23: =AR23/C23 -> 1070.8187
A24: =A23+1 -> 45855 | B24: =+Report1!P25 -> 54.313 | C24: =+Report1!R25 -> 54.226 | D24: =+D23+E24 -> 5005.48 | E24: =+[13]DailyJul!D23 -> 311.5 | F24: =E24/B24 -> 5.7352752 | G24: =E24/C24 -> 5.7444768 | H24: =+H23+I24 -> 0 | I24: =+[13]DailyJul!E23 -> 0 | J24: =I24/B24 -> 0 | K24: =I24/C24 -> 0 | L24: =+L23+M24 -> 1600 | M24: =+[13]DailyJul!F23 -> 100 | N24: =M24/B24 -> 1.8411798 | O24: =M24/C24 -> 1.8441338 | P24: =+P23+Q24 -> 298794.52 | Q24: =+[13]DailyJul!G23 -> 17288.5 | R24: =Q24/B24 -> 318.31237 | S24: =Q24/C24 -> 318.82307 | T24: =+T23+U24 -> 111200 | U24: =+[13]DailyJul!H23 -> 8600 | V24: =U24/B24 -> 158.34147 | W24: =U24/C24 -> 158.59551 | X24: =+X23+Y24 -> 217148.14 | Y24: =+[13]DailyJul!I23 -> 15852.75 | Z24: =Y24/B24 -> 291.87764 | AA24: =Y24/C24 -> 292.34592 | AB24: =+AB23+AC24 -> 114318.14 | AC24: =+[13]DailyJul!J23 -> 6862.75 | AD24: =AC24/B24 -> 126.35557 | AE24: =AC24/C24 -> 126.55829 | AF24: =+AF23+AG24 -> 180000 | AG24: =+[13]DailyJul!K23 -> 8200 | AH24: =AG24/B24 -> 150.97675 | AI24: =AG24/C24 -> 151.21897 | AJ24: =+AJ23+AK24 -> 7490 | AK24: =+[13]DailyJul!L23 -> 390 | AL24: =AK24/B24 -> 7.1806013 | AM24: =AK24/C24 -> 7.1921219 | AN24: =+AN23+AO24 -> 10880 | AO24: =+[13]DailyJul!M23 -> 640 | AP24: =AO24/B24 -> 11.783551 | AQ24: =AO24/C24 -> 11.802456 | AR24: =+E24+I24+M24+Q24+U24+Y24+AC24+AG24+AK24+AO24 -> 58245.5 | AS24: =AR24/B24 -> 1072.4044 | AT24: =AR24/C24 -> 1074.125 | AW24: Total | AX24: =+AX16+AX19+AX22 -> 10.838072 | AY24: =+AY16+AY19+AY22 -> 11.443773
A25: =A24+1 -> 45856 | B25: =+Report1!P26 -> 53.428 | C25: =+Report1!R26 -> 53.707 | D25: =+D24+E25 -> 5264.02 | E25: =+[13]DailyJul!D24 -> 258.54 | F25: =E25/B25 -> 4.8390357 | G25: =E25/C25 -> 4.8138976 | H25: =+H24+I25 -> 0 | I25: =+[13]DailyJul!E24 -> 0 | J25: =I25/B25 -> 0 | K25: =I25/C25 -> 0 | L25: =+L24+M25 -> 1600 | M25: =+[13]DailyJul!F24 -> 0 | N25: =M25/B25 -> 0 | O25: =M25/C25 -> 0 | P25: =+P24+Q25 -> 317035.98 | Q25: =+[13]DailyJul!G24 -> 18241.46 | R25: =Q25/B25 -> 341.42135 | S25: =Q25/C25 -> 339.64772 | T25: =+T24+U25 -> 119700 | U25: =+[13]DailyJul!H24 -> 8500 | V25: =U25/B25 -> 159.09261 | W25: =U25/C25 -> 158.26615 | X25: =+X24+Y25 -> 231880.51 | Y25: =+[13]DailyJul!I24 -> 14732.37 | Z25: =Y25/B25 -> 275.74249 | AA25: =Y25/C25 -> 274.31005 | AB25: =+AB24+AC25 -> 120700.51 | AC25: =+[13]DailyJul!J24 -> 6382.37 | AD25: =AC25/B25 -> 119.4574 | AE25: =AC25/C25 -> 118.83684 | AF25: =+AF24+AG25 -> 187500 | AG25: =+[13]DailyJul!K24 -> 7500 | AH25: =AG25/B25 -> 140.37583 | AI25: =AG25/C25 -> 139.6466 | AJ25: =+AJ24+AK25 -> 7880 | AK25: =+[13]DailyJul!L24 -> 390 | AL25: =AK25/B25 -> 7.2995433 | AM25: =AK25/C25 -> 7.2616233 | AN25: =+AN24+AO25 -> 11480 | AO25: =+[13]DailyJul!M24 -> 600 | AP25: =AO25/B25 -> 11.230067 | AQ25: =AO25/C25 -> 11.171728 | AR25: =+E25+I25+M25+Q25+U25+Y25+AC25+AG25+AK25+AO25 -> 56604.74 | AS25: =AR25/B25 -> 1059.4583 | AT25: =AR25/C25 -> 1053.9546
A26: =A25+1 -> 45857 | B26: =+Report1!P27 -> 49.812 | C26: =+Report1!R27 -> 50.599 | D26: =+D25+E26 -> 5560.78 | E26: =+[13]DailyJul!D25 -> 296.76 | F26: =E26/B26 -> 5.9576006 | G26: =E26/C26 -> 5.864938 | H26: =+H25+I26 -> 0 | I26: =+[13]DailyJul!E25 -> 0 | J26: =I26/B26 -> 0 | K26: =I26/C26 -> 0 | L26: =+L25+M26 -> 1700 | M26: =+[13]DailyJul!F25 -> 100 | N26: =M26/B26 -> 2.0075484 | O26: =M26/C26 -> 1.9763236 | P26: =+P25+Q26 -> 334639.22 | Q26: =+[13]DailyJul!G25 -> 17603.24 | R26: =Q26/B26 -> 353.39356 | S26: =Q26/C26 -> 347.89699 | T26: =+T25+U26 -> 128400 | U26: =+[13]DailyJul!H25 -> 8700 | V26: =U26/B26 -> 174.65671 | W26: =U26/C26 -> 171.94016 | X26: =+X25+Y26 -> 247943.07 | Y26: =+[13]DailyJul!I25 -> 16062.56 | Z26: =Y26/B26 -> 322.46366 | AA26: =Y26/C26 -> 317.44817 | AB26: =+AB25+AC26 -> 127603.07 | AC26: =+[13]DailyJul!J25 -> 6902.56 | AD26: =AC26/B26 -> 138.57223 | AE26: =AC26/C26 -> 136.41693 | AF26: =+AF25+AG26 -> 195300 | AG26: =+[13]DailyJul!K25 -> 7800 | AH26: =AG26/B26 -> 156.58877 | AI26: =AG26/C26 -> 154.15324 | AJ26: =+AJ25+AK26 -> 8260 | AK26: =+[13]DailyJul!L25 -> 380 | AL26: =AK26/B26 -> 7.6286839 | AM26: =AK26/C26 -> 7.5100298 | AN26: =+AN25+AO26 -> 12120 | AO26: =+[13]DailyJul!M25 -> 640 | AP26: =AO26/B26 -> 12.84831 | AQ26: =AO26/C26 -> 12.648471 | AR26: =+E26+I26+M26+Q26+U26+Y26+AC26+AG26+AK26+AO26 -> 58485.12 | AS26: =AR26/B26 -> 1174.1171 | AT26: =AR26/C26 -> 1155.8553 | AW26: LEBIH TINGGI DARI OFF REEL | AY26: =+AY24/AX24-1 -> 0.055886353
A27: =A26+1 -> 45858 | B27: =+Report1!P28 -> 47.596 | C27: =+Report1!R28 -> 45.068 | D27: =+D26+E27 -> 5852.91 | E27: =+[13]DailyJul!D26 -> 292.13 | F27: =E27/B27 -> 6.1377006 | G27: =E27/C27 -> 6.4819828 | H27: =+H26+I27 -> 0 | I27: =+[13]DailyJul!E26 -> 0 | J27: =I27/B27 -> 0 | K27: =I27/C27 -> 0 | L27: =+L26+M27 -> 1800 | M27: =+[13]DailyJul!F26 -> 100 | N27: =M27/B27 -> 2.1010169 | O27: =M27/C27 -> 2.2188693 | P27: =+P26+Q27 -> 353247.09 | Q27: =+[13]DailyJul!G26 -> 18607.87 | R27: =Q27/B27 -> 390.95449 | S27: =Q27/C27 -> 412.88431 | T27: =+T26+U27 -> 136800 | U27: =+[13]DailyJul!H26 -> 8400 | V27: =U27/B27 -> 176.48542 | W27: =U27/C27 -> 186.38502 | X27: =+X26+Y27 -> 262888.68 | Y27: =+[13]DailyJul!I26 -> 14945.61 | Z27: =Y27/B27 -> 314.00979 | AA27: =Y27/C27 -> 331.62355 | AB27: =+AB26+AC27 -> 133798.68 | AC27: =+[13]DailyJul!J26 -> 6195.61 | AD27: =AC27/B27 -> 130.17081 | AE27: =AC27/C27 -> 137.47249 | AF27: =+AF26+AG27 -> 202700 | AG27: =+[13]DailyJul!K26 -> 7400 | AH27: =AG27/B27 -> 155.47525 | AI27: =AG27/C27 -> 164.19633 | AJ27: =+AJ26+AK27 -> 8610 | AK27: =+[13]DailyJul!L26 -> 350 | AL27: =AK27/B27 -> 7.3535591 | AM27: =AK27/C27 -> 7.7660424 | AN27: =+AN26+AO27 -> 12680 | AO27: =+[13]DailyJul!M26 -> 560 | AP27: =AO27/B27 -> 11.765695 | AQ27: =AO27/C27 -> 12.425668 | AR27: =+E27+I27+M27+Q27+U27+Y27+AC27+AG27+AK27+AO27 -> 56851.22 | AS27: =AR27/B27 -> 1194.4537 | AT27: =AR27/C27 -> 1261.4542
A28: =A27+1 -> 45859 | B28: =+Report1!P29 -> 50.288 | C28: =+Report1!R29 -> 44.09 | D28: =+D27+E28 -> 6130.91 | E28: =+[13]DailyJul!D27 -> 278 | F28: =E28/B28 -> 5.5281578 | G28: =E28/C28 -> 6.3052846 | H28: =+H27+I28 -> 0 | I28: =+[13]DailyJul!E27 -> 0 | J28: =I28/B28 -> 0 | K28: =I28/C28 -> 0 | L28: =+L27+M28 -> 1900 | M28: =+[13]DailyJul!F27 -> 100 | N28: =M28/B28 -> 1.988546 | O28: =M28/C28 -> 2.268088 | P28: =+P27+Q28 -> 370869.09 | Q28: =+[13]DailyJul!G27 -> 17622 | R28: =Q28/B28 -> 350.42157 | S28: =Q28/C28 -> 399.68247 | T28: =+T27+U28 -> 145700 | U28: =+[13]DailyJul!H27 -> 8900 | V28: =U28/B28 -> 176.98059 | W28: =U28/C28 -> 201.85983 | X28: =+X27+Y28 -> 278663.92 | Y28: =+[13]DailyJul!I27 -> 15775.24 | Z28: =Y28/B28 -> 313.6979 | AA28: =Y28/C28 -> 357.79633 | AB28: =+AB27+AC28 -> 139393.92 | AC28: =+[13]DailyJul!J27 -> 5595.24 | AD28: =AC28/B28 -> 111.26392 | AE28: =AC28/C28 -> 126.90497 | AF28: =+AF27+AG28 -> 210300 | AG28: =+[13]DailyJul!K27 -> 7600 | AH28: =AG28/B28 -> 151.12949 | AI28: =AG28/C28 -> 172.37469 | AJ28: =+AJ27+AK28 -> 8940 | AK28: =+[13]DailyJul!L27 -> 330 | AL28: =AK28/B28 -> 6.5622017 | AM28: =AK28/C28 -> 7.4846904 | AN28: =+AN27+AO28 -> 13310 | AO28: =+[13]DailyJul!M27 -> 630 | AP28: =AO28/B28 -> 12.52784 | AQ28: =AO28/C28 -> 14.288954 | AR28: =+E28+I28+M28+Q28+U28+Y28+AC28+AG28+AK28+AO28 -> 56830.48 | AS28: =AR28/B28 -> 1130.1002 | AT28: =AR28/C28 -> 1288.9653
A29: =A28+1 -> 45860 | B29: =+Report1!P30 -> 53.365 | C29: =+Report1!R30 -> 47.679 | D29: =+D28+E29 -> 6427.69 | E29: =+[13]DailyJul!D28 -> 296.78 | F29: =E29/B29 -> 5.561323 | G29: =E29/C29 -> 6.2245433 | H29: =+H28+I29 -> 0 | I29: =+[13]DailyJul!E28 -> 0 | J29: =I29/B29 -> 0 | K29: =I29/C29 -> 0 | L29: =+L28+M29 -> 1900 | M29: =+[13]DailyJul!F28 -> 0 | N29: =M29/B29 -> 0 | O29: =M29/C29 -> 0 | P29: =+P28+Q29 -> 388572.31 | Q29: =+[13]DailyJul!G28 -> 17703.22 | R29: =Q29/B29 -> 331.73841 | S29: =Q29/C29 -> 371.30015 | T29: =+T28+U29 -> 154300 | U29: =+[13]DailyJul!H28 -> 8600 | V29: =U29/B29 -> 161.15431 | W29: =U29/C29 -> 180.37291 | X29: =+X28+Y29 -> 294596.41 | Y29: =+[13]DailyJul!I28 -> 15932.49 | Z29: =Y29/B29 -> 298.55692 | AA29: =Y29/C29 -> 334.16158 | AB29: =+AB28+AC29 -> 145266.41 | AC29: =+[13]DailyJul!J28 -> 5872.49 | AD29: =AC29/B29 -> 110.04385 | AE29: =AC29/C29 -> 123.16722 | AF29: =+AF28+AG29 -> 218300 | AG29: =+[13]DailyJul!K28 -> 8000 | AH29: =AG29/B29 -> 149.91099 | AI29: =AG29/C29 -> 167.78875 | AJ29: =+AJ28+AK29 -> 9290 | AK29: =+[13]DailyJul!L28 -> 350 | AL29: =AK29/B29 -> 6.5586058 | AM29: =AK29/C29 -> 7.340758 | AN29: =+AN28+AO29 -> 13940 | AO29: =+[13]DailyJul!M28 -> 630 | AP29: =AO29/B29 -> 11.80549 | AQ29: =AO29/C29 -> 13.213364 | AR29: =+E29+I29+M29+Q29+U29+Y29+AC29+AG29+AK29+AO29 -> 57384.98 | AS29: =AR29/B29 -> 1075.3299 | AT29: =AR29/C29 -> 1203.5693
A30: =A29+1 -> 45861 | B30: =+Report1!P31 -> 52.461 | C30: =+Report1!R31 -> 42.928 | D30: =+D29+E30 -> 6741.07 | E30: =+[13]DailyJul!D29 -> 313.38 | F30: =E30/B30 -> 5.9735804 | G30: =E30/C30 -> 7.3001305 | H30: =+H29+I30 -> 0 | I30: =+[13]DailyJul!E29 -> 0 | J30: =I30/B30 -> 0 | K30: =I30/C30 -> 0 | L30: =+L29+M30 -> 2000 | M30: =+[13]DailyJul!F29 -> 100 | N30: =M30/B30 -> 1.9061779 | O30: =M30/C30 -> 2.3294819 | P30: =+P29+Q30 -> 407158.93 | Q30: =+[13]DailyJul!G29 -> 18586.62 | R30: =Q30/B30 -> 354.29405 | S30: =Q30/C30 -> 432.97195 | T30: =+T29+U30 -> 163300 | U30: =+[13]DailyJul!H29 -> 9000 | V30: =U30/B30 -> 171.55601 | W30: =U30/C30 -> 209.65337 | X30: =+X29+Y30 -> 310973.14 | Y30: =+[13]DailyJul!I29 -> 16376.73 | Z30: =Y30/B30 -> 312.16961 | AA30: =Y30/C30 -> 381.49296 | AB30: =+AB29+AC30 -> 150683.14 | AC30: =+[13]DailyJul!J29 -> 5416.73 | AD30: =AC30/B30 -> 103.25251 | AE30: =AC30/C30 -> 126.18175 | AF30: =+AF29+AG30 -> 226000 | AG30: =+[13]DailyJul!K29 -> 7700 | AH30: =AG30/B30 -> 146.7757 | AI30: =AG30/C30 -> 179.37011 | AJ30: =+AJ29+AK30 -> 9560 | AK30: =+[13]DailyJul!L29 -> 270 | AL30: =AK30/B30 -> 5.1466804 | AM30: =AK30/C30 -> 6.2896012 | AN30: =+AN29+AO30 -> 14590 | AO30: =+[13]DailyJul!M29 -> 650 | AP30: =AO30/B30 -> 12.390156 | AQ30: =AO30/C30 -> 15.141633 | AR30: =+E30+I30+M30+Q30+U30+Y30+AC30+AG30+AK30+AO30 -> 58413.46 | AS30: =AR30/B30 -> 1113.4645 | AT30: =AR30/C30 -> 1360.731
A31: =A30+1 -> 45862 | B31: =+Report1!P32 -> 53.374 | C31: =+Report1!R32 -> 55.439 | D31: =+D30+E31 -> 7041.73 | E31: =+[13]DailyJul!D30 -> 300.66 | F31: =E31/B31 -> 5.6330798 | G31: =E31/C31 -> 5.423258 | H31: =+H30+I31 -> 0 | I31: =+[13]DailyJul!E30 -> 0 | J31: =I31/B31 -> 0 | K31: =I31/C31 -> 0 | L31: =+L30+M31 -> 2100 | M31: =+[13]DailyJul!F30 -> 100 | N31: =M31/B31 -> 1.8735714 | O31: =M31/C31 -> 1.8037843 | P31: =+P30+Q31 -> 425458.27 | Q31: =+[13]DailyJul!G30 -> 18299.34 | R31: =Q31/B31 -> 342.8512 | S31: =Q31/C31 -> 330.08063 | T31: =+T30+U31 -> 172000 | U31: =+[13]DailyJul!H30 -> 8700 | V31: =U31/B31 -> 163.00071 | W31: =U31/C31 -> 156.92924 | X31: =+X30+Y31 -> 326890.99 | Y31: =+[13]DailyJul!I30 -> 15917.85 | Z31: =Y31/B31 -> 298.23229 | AA31: =Y31/C31 -> 287.12369 | AB31: =+AB30+AC31 -> 156220.99 | AC31: =+[13]DailyJul!J30 -> 5537.85 | AD31: =AC31/B31 -> 103.75557 | AE31: =AC31/C31 -> 99.890871 | AF31: =+AF30+AG31 -> 233600 | AG31: =+[13]DailyJul!K30 -> 7600 | AH31: =AG31/B31 -> 142.39143 | AI31: =AG31/C31 -> 137.08761 | AJ31: =+AJ30+AK31 -> 9960 | AK31: =+[13]DailyJul!L30 -> 400 | AL31: =AK31/B31 -> 7.4942856 | AM31: =AK31/C31 -> 7.2151374 | AN31: =+AN30+AO31 -> 15200 | AO31: =+[13]DailyJul!M30 -> 610 | AP31: =AO31/B31 -> 11.428786 | AQ31: =AO31/C31 -> 11.003084 | AR31: =+E31+I31+M31+Q31+U31+Y31+AC31+AG31+AK31+AO31 -> 57465.7 | AS31: =AR31/B31 -> 1076.6609 | AT31: =AR31/C31 -> 1036.5573
A32: =A31+1 -> 45863 | B32: =+Report1!P33 -> 52.27 | C32: =+Report1!R33 -> 41.303 | D32: =+D31+E32 -> 7337.79 | E32: =+[13]DailyJul!D31 -> 296.06 | F32: =E32/B32 -> 5.664052 | G32: =E32/C32 -> 7.1680023 | H32: =+H31+I32 -> 0 | I32: =+[13]DailyJul!E31 -> 0 | J32: =I32/B32 -> 0 | K32: =I32/C32 -> 0 | L32: =+L31+M32 -> 2200 | M32: =+[13]DailyJul!F31 -> 100 | N32: =M32/B32 -> 1.9131433 | O32: =M32/C32 -> 2.4211316 | P32: =+P31+Q32 -> 443962.21 | Q32: =+[13]DailyJul!G31 -> 18503.94 | R32: =Q32/B32 -> 354.00689 | S32: =Q32/C32 -> 448.00475 | T32: =+T31+U32 -> 180200 | U32: =+[13]DailyJul!H31 -> 8200 | V32: =U32/B32 -> 156.87775 | W32: =U32/C32 -> 198.53279 | X32: =+X31+Y32 -> 341055.4 | Y32: =+[13]DailyJul!I31 -> 14164.41 | Z32: =Y32/B32 -> 270.98546 | AA32: =Y32/C32 -> 342.93901 | AB32: =+AB31+AC32 -> 162145.4 | AC32: =+[13]DailyJul!J31 -> 5924.41 | AD32: =AC32/B32 -> 113.34245 | AE32: =AC32/C32 -> 143.43776 | AF32: =+AF31+AG32 -> 241100 | AG32: =+[13]DailyJul!K31 -> 7500 | AH32: =AG32/B32 -> 143.48575 | AI32: =AG32/C32 -> 181.58487 | AJ32: =+AJ31+AK32 -> 10260 | AK32: =+[13]DailyJul!L31 -> 300 | AL32: =AK32/B32 -> 5.7394299 | AM32: =AK32/C32 -> 7.2633949 | AN32: =+AN31+AO32 -> 15380 | AO32: =+[13]DailyJul!M31 -> 180 | AP32: =AO32/B32 -> 3.4436579 | AQ32: =AO32/C32 -> 4.3580369 | AR32: =+E32+I32+M32+Q32+U32+Y32+AC32+AG32+AK32+AO32 -> 55168.82 | AS32: =AR32/B32 -> 1055.4586 | AT32: =AR32/C32 -> 1335.7098
A33: =A32+1 -> 45864 | B33: =+Report1!P34 -> 52.73 | C33: =+Report1!R34 -> 59.515 | D33: =+D32+E33 -> 7644.46 | E33: =+[13]DailyJul!D32 -> 306.67 | F33: =E33/B33 -> 5.8158544 | G33: =E33/C33 -> 5.1528186 | H33: =+H32+I33 -> 0 | I33: =+[13]DailyJul!E32 -> 0 | J33: =I33/B33 -> 0 | K33: =I33/C33 -> 0 | L33: =+L32+M33 -> 2300 | M33: =+[13]DailyJul!F32 -> 100 | N33: =M33/B33 -> 1.8964536 | O33: =M33/C33 -> 1.6802487 | P33: =+P32+Q33 -> 462255.54 | Q33: =+[13]DailyJul!G32 -> 18293.33 | R33: =Q33/B33 -> 346.92452 | S33: =Q33/C33 -> 307.37344 | T33: =+T32+U33 -> 188400 | U33: =+[13]DailyJul!H32 -> 8200 | V33: =U33/B33 -> 155.5092 | W33: =U33/C33 -> 137.78039 | X33: =+X32+Y33 -> 355841.07 | Y33: =+[13]DailyJul!I32 -> 14785.67 | Z33: =Y33/B33 -> 280.40338 | AA33: =Y33/C33 -> 248.43602 | AB33: =+AB32+AC33 -> 168931.07 | AC33: =+[13]DailyJul!J32 -> 6785.67 | AD33: =AC33/B33 -> 128.68709 | AE33: =AC33/C33 -> 114.01613 | AF33: =+AF32+AG33 -> 248300 | AG33: =+[13]DailyJul!K32 -> 7200 | AH33: =AG33/B33 -> 136.54466 | AI33: =AG33/C33 -> 120.9779 | AJ33: =+AJ32+AK33 -> 10560 | AK33: =+[13]DailyJul!L32 -> 300 | AL33: =AK33/B33 -> 5.6893609 | AM33: =AK33/C33 -> 5.040746 | AN33: =+AN32+AO33 -> 15980 | AO33: =+[13]DailyJul!M32 -> 600 | AP33: =AO33/B33 -> 11.378722 | AQ33: =AO33/C33 -> 10.081492 | AR33: =+E33+I33+M33+Q33+U33+Y33+AC33+AG33+AK33+AO33 -> 56571.34 | AS33: =AR33/B33 -> 1072.8492 | AT33: =AR33/C33 -> 950.53919
A34: =A33+1 -> 45865 | B34: =+Report1!P35 -> 50.991 | C34: =+Report1!R35 -> 51.79 | D34: =+D33+E34 -> 7919.75 | E34: =+[13]DailyJul!D33 -> 275.29 | F34: =E34/B34 -> 5.3987959 | G34: =E34/C34 -> 5.3155049 | H34: =+H33+I34 -> 0 | I34: =+[13]DailyJul!E33 -> 0 | J34: =I34/B34 -> 0 | K34: =I34/C34 -> 0 | L34: =+L33+M34 -> 2400 | M34: =+[13]DailyJul!F33 -> 100 | N34: =M34/B34 -> 1.9611304 | O34: =M34/C34 -> 1.9308747 | P34: =+P33+Q34 -> 480480.25 | Q34: =+[13]DailyJul!G33 -> 18224.71 | R34: =Q34/B34 -> 357.41033 | S34: =Q34/C34 -> 351.89631 | T34: =+T33+U34 -> 196600 | U34: =+[13]DailyJul!H33 -> 8200 | V34: =U34/B34 -> 160.81269 | W34: =U34/C34 -> 158.33172 | X34: =+X33+Y34 -> 370166.74 | Y34: =+[13]DailyJul!I33 -> 14325.67 | Z34: =Y34/B34 -> 280.94507 | AA34: =Y34/C34 -> 276.61074 | AB34: =+AB33+AC34 -> 175256.74 | AC34: =+[13]DailyJul!J33 -> 6325.67 | AD34: =AC34/B34 -> 124.05464 | AE34: =AC34/C34 -> 122.14076 | AF34: =+AF33+AG34 -> 255500 | AG34: =+[13]DailyJul!K33 -> 7200 | AH34: =AG34/B34 -> 141.20139 | AI34: =AG34/C34 -> 139.02298 | AJ34: =+AJ33+AK34 -> 10860 | AK34: =+[13]DailyJul!L33 -> 300 | AL34: =AK34/B34 -> 5.8833912 | AM34: =AK34/C34 -> 5.7926241 | AN34: =+AN33+AO34 -> 16580 | AO34: =+[13]DailyJul!M33 -> 600 | AP34: =AO34/B34 -> 11.766782 | AQ34: =AO34/C34 -> 11.585248 | AR34: =+E34+I34+M34+Q34+U34+Y34+AC34+AG34+AK34+AO34 -> 55551.34 | AS34: =AR34/B34 -> 1089.4342 | AT34: =AR34/C34 -> 1072.6268
A35: =A34+1 -> 45866 | B35: =+Report1!P36 -> 52.193 | C35: =+Report1!R36 -> 48.252 | D35: =+D34+E35 -> 8233.92 | E35: =+[13]DailyJul!D34 -> 314.17 | F35: =E35/B35 -> 6.0193896 | G35: =E35/C35 -> 6.5110254 | H35: =+H34+I35 -> 0 | I35: =+[13]DailyJul!E34 -> 0 | J35: =I35/B35 -> 0 | K35: =I35/C35 -> 0 | L35: =+L34+M35 -> 2500 | M35: =+[13]DailyJul!F34 -> 100 | N35: =M35/B35 -> 1.9159657 | O35: =M35/C35 -> 2.072453 | P35: =+P34+Q35 -> 496966.08 | Q35: =+[13]DailyJul!G34 -> 16485.83 | R35: =Q35/B35 -> 315.86286 | S35: =Q35/C35 -> 341.66107 | T35: =+T34+U35 -> 204100 | U35: =+[13]DailyJul!H34 -> 7500 | V35: =U35/B35 -> 143.69743 | W35: =U35/C35 -> 155.43397 | X35: =+X34+Y35 -> 384005.99 | Y35: =+[13]DailyJul!I34 -> 13839.25 | Z35: =Y35/B35 -> 265.15529 | AA35: =Y35/C35 -> 286.81195 | AB35: =+AB34+AC35 -> 175905.99 | AC35: =+[13]DailyJul!J34 -> 649.25 | AD35: =AC35/B35 -> 12.439408 | AE35: =AC35/C35 -> 13.455401 | AF35: =+AF34+AG35 -> 263600 | AG35: =+[13]DailyJul!K34 -> 8100 | AH35: =AG35/B35 -> 155.19323 | AI35: =AG35/C35 -> 167.86869 | AJ35: =+AJ34+AK35 -> 11330 | AK35: =+[13]DailyJul!L34 -> 470 | AL35: =AK35/B35 -> 9.005039 | AM35: =AK35/C35 -> 9.7405289 | AN35: =+AN34+AO35 -> 17520 | AO35: =+[13]DailyJul!M34 -> 940 | AP35: =AO35/B35 -> 18.010078 | AQ35: =AO35/C35 -> 19.481058 | AR35: =+E35+I35+M35+Q35+U35+Y35+AC35+AG35+AK35+AO35 -> 48398.5 | AS35: =AR35/B35 -> 927.29868 | AT35: =AR35/C35 -> 1003.0361
A36: =A35+1 -> 45867 | B36: =+Report1!P37 -> 53.782 | C36: =+Report1!R37 -> 53.576 | D36: =+D35+E36 -> 8554.53 | E36: =+[13]DailyJul!D35 -> 320.61 | F36: =E36/B36 -> 5.9612882 | G36: =E36/C36 -> 5.9842093 | H36: =+H35+I36 -> 0 | I36: =+[13]DailyJul!E35 -> 0 | J36: =I36/B36 -> 0 | K36: =I36/C36 -> 0 | L36: =+L35+M36 -> 2600 | M36: =+[13]DailyJul!F35 -> 100 | N36: =M36/B36 -> 1.8593581 | O36: =M36/C36 -> 1.8665074 | P36: =+P35+Q36 -> 514745.47 | Q36: =+[13]DailyJul!G35 -> 17779.39 | R36: =Q36/B36 -> 330.58254 | S36: =Q36/C36 -> 331.85363 | T36: =+T35+U36 -> 212100 | U36: =+[13]DailyJul!H35 -> 8000 | V36: =U36/B36 -> 148.74865 | W36: =U36/C36 -> 149.32059 | X36: =+X35+Y36 -> 399464.44 | Y36: =+[13]DailyJul!I35 -> 15458.45 | Z36: =Y36/B36 -> 287.42795 | AA36: =Y36/C36 -> 288.53311 | AB36: =+AB35+AC36 -> 182264.44 | AC36: =+[13]DailyJul!J35 -> 6358.45 | AD36: =AC36/B36 -> 118.22636 | AE36: =AC36/C36 -> 118.68094 | AF36: =+AF35+AG36 -> 271400 | AG36: =+[13]DailyJul!K35 -> 7800 | AH36: =AG36/B36 -> 145.02994 | AI36: =AG36/C36 -> 145.58758 | AJ36: =+AJ35+AK36 -> 11740 | AK36: =+[13]DailyJul!L35 -> 410 | AL36: =AK36/B36 -> 7.6233684 | AM36: =AK36/C36 -> 7.6526803 | AN36: =+AN35+AO36 -> 18070 | AO36: =+[13]DailyJul!M35 -> 550 | AP36: =AO36/B36 -> 10.22647 | AQ36: =AO36/C36 -> 10.265791 | AR36: =+E36+I36+M36+Q36+U36+Y36+AC36+AG36+AK36+AO36 -> 56776.9 | AS36: =AR36/B36 -> 1055.6859 | AT36: =AR36/C36 -> 1059.745
A37: =A36+1 -> 45868 | B37: =+Report1!P38 -> 53.279 | C37: =+Report1!R38 -> 52.742 | D37: =+D36+E37 -> 8858.15 | E37: =+[13]DailyJul!D36 -> 303.62 | F37: =E37/B37 -> 5.6986805 | G37: =E37/C37 -> 5.7567024 | H37: =+H36+I37 -> 0 | I37: =+[13]DailyJul!E36 -> 0 | J37: =I37/B37 -> 0 | K37: =I37/C37 -> 0 | L37: =+L36+M37 -> 2600 | M37: =+[13]DailyJul!F36 -> 0 | N37: =M37/B37 -> 0 | O37: =M37/C37 -> 0 | P37: =+P36+Q37 -> 531941.85 | Q37: =+[13]DailyJul!G36 -> 17196.38 | R37: =Q37/B37 -> 322.76094 | S37: =Q37/C37 -> 326.04717 | T37: =+T36+U37 -> 219600 | U37: =+[13]DailyJul!H36 -> 7500 | V37: =U37/B37 -> 140.76841 | W37: =U37/C37 -> 142.20166 | X37: =+X36+Y37 -> 412915.76 | Y37: =+[13]DailyJul!I36 -> 13451.32 | Z37: =Y37/B37 -> 252.46945 | AA37: =Y37/C37 -> 255.04001 | AB37: =+AB36+AC37 -> 187145.76 | AC37: =+[13]DailyJul!J36 -> 4881.32 | AD37: =AC37/B37 -> 91.618086 | AE37: =AC37/C37 -> 92.550908 | AF37: =+AF36+AG37 -> 278500 | AG37: =+[13]DailyJul!K36 -> 7100 | AH37: =AG37/B37 -> 133.26076 | AI37: =AG37/C37 -> 134.61757 | AJ37: =+AJ36+AK37 -> 12140 | AK37: =+[13]DailyJul!L36 -> 400 | AL37: =AK37/B37 -> 7.5076484 | AM37: =AK37/C37 -> 7.5840886 | AN37: =+AN36+AO37 -> 18550 | AO37: =+[13]DailyJul!M36 -> 480 | AP37: =AO37/B37 -> 9.0091781 | AQ37: =AO37/C37 -> 9.1009063 | AR37: =+E37+I37+M37+Q37+U37+Y37+AC37+AG37+AK37+AO37 -> 51312.64 | AS37: =AR37/B37 -> 963.09315 | AT37: =AR37/C37 -> 972.89902
A38: =A37+1 -> 45869 | B38: =+Report1!P39 -> 53.229 | C38: =+Report1!R39 -> 50.648 | D38: =+D37+E38 -> 9224.05 | E38: =+[13]DailyJul!D37 -> 365.9 | F38: =E38/B38 -> 6.8740724 | G38: =E38/C38 -> 7.2243721 | H38: =+H37+I38 -> 0 | I38: =+[13]DailyJul!E37 -> 0 | J38: =I38/B38 -> 0 | K38: =I38/C38 -> 0 | L38: =+L37+M38 -> 2700 | M38: =+[13]DailyJul!F37 -> 100 | N38: =M38/B38 -> 1.8786752 | O38: =M38/C38 -> 1.9744116 | P38: =+P37+Q38 -> 549975.95 | Q38: =+[13]DailyJul!G37 -> 18034.1 | R38: =Q38/B38 -> 338.80216 | S38: =Q38/C38 -> 356.06737 | T38: =+T37+U38 -> 227600 | U38: =+[13]DailyJul!H37 -> 8000 | V38: =U38/B38 -> 150.29401 | W38: =U38/C38 -> 157.95293 | X38: =+X37+Y38 -> 425597.77 | Y38: =+[13]DailyJul!I37 -> 12682.01 | Z38: =Y38/B38 -> 238.25377 | AA38: =Y38/C38 -> 250.39508 | AB38: =+AB37+AC38 -> 191777.77 | AC38: =+[13]DailyJul!J37 -> 4632.01 | AD38: =AC38/B38 -> 87.020421 | AE38: =AC38/C38 -> 91.454944 | AF38: =+AF37+AG38 -> 286400 | AG38: =+[13]DailyJul!K37 -> 7900 | AH38: =AG38/B38 -> 148.41534 | AI38: =AG38/C38 -> 155.97852 | AJ38: =+AJ37+AK38 -> 12510 | AK38: =+[13]DailyJul!L37 -> 370 | AL38: =AK38/B38 -> 6.9510981 | AM38: =AK38/C38 -> 7.305323 | AN38: =+AN37+AO38 -> 19100 | AO38: =+[13]DailyJul!M37 -> 550 | AP38: =AO38/B38 -> 10.332713 | AQ38: =AO38/C38 -> 10.859264 | AR38: =+E38+I38+M38+Q38+U38+Y38+AC38+AG38+AK38+AO38 -> 52634.02 | AS38: =AR38/B38 -> 988.82226 | AT38: =AR38/C38 -> 1039.2122
A40: TOTAL | B40: =SUM(B8:B38) -> 1762.306 | C40: =SUM(C8:C38) -> 1669.03 | E40: =SUM(E8:E38) -> 9224.05 | F40: =E40/B40 -> 5.2340797 | G40: =E40/C40 -> 5.5265933 | I40: =SUM(I8:I38) -> 0 | J40: =I40/B40 -> 0 | K40: =I40/C40 -> 0 | M40: =SUM(M8:M38) -> 2700 | N40: =M40/B40 -> 1.5320835 | O40: =M40/C40 -> 1.6177061 | Q40: =SUM(Q8:Q38) -> 549975.95 | R40: =Q40/B40 -> 312.07744 | S40: =Q40/C40 -> 329.51831 | U40: =SUM(U8:U38) -> 227600 | V40: =U40/B40 -> 129.14897 | W40: =U40/C40 -> 136.36663 | Y40: =SUM(Y8:Y38) -> 425597.77 | Z40: =Y40/B40 -> 241.50049 | AA40: =Y40/C40 -> 254.99708 | AC40: =SUM(AC8:AC38) -> 191777.77 | AD40: =AC40/B40 -> 108.82206 | AE40: =AC40/C40 -> 114.90373 | AG40: =SUM(AG8:AG38) -> 286400 | AH40: =AG40/B40 -> 162.51434 | AI40: =AG40/C40 -> 171.59668 | AK40: =SUM(AK8:AK38) -> 12510 | AL40: =AK40/B40 -> 7.0986537 | AM40: =AK40/C40 -> 7.4953716 | AO40: =SUM(AO8:AO38) -> 19100 | AP40: =AO40/B40 -> 10.838072 | AQ40: =AO40/C40 -> 11.443773 | AR40: =E40+I40+M40+Q40+U40+Y40+AC40+AG40+AK40+AO40 -> 1724885.5 | AS40: =AR40/B40 -> 978.7662 | AT40: =AR40/C40 -> 1033.4659
AR42: =+AR40-[13]DailyJul!$N$38 -> 0

Sheet Trim Rwd
A1: PM 11 | B1: =+Report1!A9 -> 45839
A3: Tgl | B3: Grade | C3: Ply | D3: Kombinasi Pot. | E3: Lebar Trim | F3: Jml Turunan | G3: Lebar x Turunan | H3: Rata-rata | I3: PHP PM
A4: =+B1 -> 45839 | B4: MG 14 | C4: 1 | D4: 42*2+61*3 | E4: =42*2+61*3 -> 267 | F4: =14+11+13+14+1 -> 53 | G4: =+E4*F4 -> 14151 | H4: =+(E4*F4+E5*F5)/(SUM(F4:F5)) -> 268.34375 | I4: =+'1'!I38 -> 68.905
B5: MG 14 | C5: 1 | D5: 42*4+51*2 | E5: =42*4+51*2 -> 270 | F5: =3+24+16 -> 43 | G5: =+E5*F5 -> 11610
A7: 45840 | B7: MG 14 | C7: 1 | D7: 42*2+61*3 | E7: =42*2+61*3 -> 267 | F7: =15+14+1+14 -> 44 | G7: =+E7*F7 -> 11748 | H7: =+(E7*F7+E8*F8+E9*F9)/(SUM(F7:F9)) -> 268.64368 | I7: =+'2'!I38 -> 68.866
B8: MG 14 | C8: 1 | D8: 42*4+51*2 | E8: =42*4+51*2 -> 270 | F8: =14+15 -> 29 | G8: =+E8*F8 -> 7830
B9: MG 14 | C9: 1 | D9: 42*5+61 | E9: =42*5+61 -> 271 | F9: 14 | G9: =+E9*F9 -> 3794
A11: 45841 | B11: MG 14 | C11: 1 | D11: 42*2+61*3 | E11: =42*2+61*3 -> 267 | F11: =15+3+3 -> 21 | G11: =+E11*F11 -> 5607 | H11: =+(E11*F11+E12*F12)/(SUM(F11:F12)) -> 267.88889 | I11: =+'3'!I38 -> 77.805
B12: MG 14 | C12: 1 | D12: 42*5+61 | E12: =42*5+61 -> 271 | F12: 6 | G12: =+E12*F12 -> 1626
B13: MG 17 | C13: 1 | D13: 120+152 | E13: =120+152 -> 272 | F13: =6+8 -> 14 | G13: =+E13*F13 -> 3808 | H13: =+(E13*F13+E14*F14+E15*F15+E16*F16+E17*F17)/(SUM(F13:F17)) -> 269.61972
B14: MG 16 | C14: 1 | D14: 42*2+61*3 | E14: =42*2+61*3 -> 267 | F14: =10+17 -> 27 | G14: =+E14*F14 -> 7209
B15: MG 17 | C15: 1 | D15: 153+119 | E15: =153+119 -> 272 | F15: =13+4 -> 17 | G15: =+E15*F15 -> 4624
B16: MG 17 | C16: 1 | D16: 137+133 | E16: =137+133 -> 270 | F16: 9 | G16: =+E16*F16 -> 2430
B17: MG 17 | C17: 1 | D17: 88+101+79 | E17: =88+101+79 -> 268 | F17: 4 | G17: =+E17*F17 -> 1072
A19: 45842 | B19: MG 16 | C19: 1 | D19: 42*2+61*3 | E19: =42*2+61*3 -> 267 | F19: =15+14+1+12 -> 42 | G19: =+E19*F19 -> 11214 | H19: =+(E19*F19+E20*F20+E21*F21+E22*F22)/(SUM(F19:F22)) -> 269.225 | I19: =+'4'!I38 -> 79.142
B20: MG 17 | C20: 1 | D20: 88+101+79 | E20: =88+101+79 -> 268 | F20: 3 | G20: =+E20*F20 -> 804
B21: MG 17 | C21: 1 | D21: 81+93+79+19 | E21: =81+93+79+19 -> 272 | F21: =9+13 -> 22 | G21: =+E21*F21 -> 5984
B22: MG 17 | C22: 1 | D22: 88+93+71+20 | E22: =88+93+71+20 -> 272 | F22: 13 | G22: =+E22*F22 -> 3536
A24: 45843 | B24: MG 16 | C24: 1 | D24: 42*2+61*3 | E24: =42*2+61*3 -> 267 | F24: =13+8+17+2+14+14+16 -> 84 | G24: =+E24*F24 -> 22428 | H24: =+(E24*F24+E25*F25)/(SUM(F24:F25)) -> 267.2809 | I24: =+'5'!I38 -> 74.533
B25: MG 17 | C25: 1 | D25: 88+93+71+20 | E25: =88+93+71+20 -> 272 | F25: 5 | G25: =+E25*F25 -> 1360
A27: 45844 | B27: MG 16 | C27: 1 | D27: 42*2+61*3 | E27: =42*2+61*3 -> 267 | F27: =14+17+12+14+15+10+5 -> 87 | G27: =+E27*F27 -> 23229 | H27: =+G27/F27 -> 267 | I27: =+'6'!I38 -> 68.905
A29: 45845 | B29: MG 16 | C29: 1 | D29: 42*2+61*3 | E29: =42*2+61*3 -> 267 | F29: =3+9+14+5+3 -> 34 | G29: =+E29*F29 -> 9078 | H29: =+(E29*F29+E30*F30)/(SUM(F29:F30)) -> 266.75556 | I29: =+'7'!N37 -> 22.074
B30: MG 16 | C30: 1 | D30: 61*2+42+51*2 | E30: =61*2+42+51*2 -> 266 | F30: =3+3+5 -> 11 | G30: =+E30*F30 -> 2926
B31: MG 22 | C31: 1 | D31: 28+60*2+62*2 | E31: =28+60*2+62*2 -> 272 | F31: =6+4+1 -> 11 | G31: =+E31*F31 -> 2992 | H31: =+G31/F31 -> 272 | I31: =+'7'!N38 -> 12.788
B32: MG 24 | C32: 1 | D32: 24+62*4 | E32: =24+62*4 -> 272 | F32: 5 | G32: =+E32*F32 -> 1360 | H32: =+G32/F32 -> 272 | I32: =+'7'!N39 -> 11.008
B33: MG 20 | C33: 1 | D33: 32+60*4 | E33: =32+60*4 -> 272 | F33: =4+3 -> 7 | G33: =+E33*F33 -> 1904 | H33: =+G33/F33 -> 272 | I33: =+'7'!N40 -> 9.203
A35: 45846 | B35: MG 17 | C35: 1 | D35: 22+60*4 | E35: =22+60*4 -> 262 | F35: 2 | G35: =+E35*F35 -> 524 | H35: =+(E35*F35+E36*F36)/(SUM(F35:F36)) -> 265.57895 | I35: =+'8'!I38 -> 40.312
B36: MG 16 | C36: 1 | D36: 61*2+42+51*2 | E36: =61*2+42+51*2 -> 266 | F36: =1+1+2+3+6+4 -> 17 | G36: =+E36*F36 -> 4522
A38: 45847 | B38: MG 16 | C38: 1 | D38: 61*2+42+51*2 | E38: =61*2+42+51*2 -> 266 | F38: =11+1+14+17+1+14+15+16 -> 89 | G38: =+E38*F38 -> 23674 | H38: =+G38/F38 -> 266 | I38: =+'9'!I38 -> 65.517
A40: 45848 | B40: MG 16 | C40: 1 | D40: 61*2+42+51*2 | E40: =61*2+42+51*2 -> 266 | F40: =9+12 -> 21 | G40: =+E40*F40 -> 5586 | H40: =+(E40*F40+E41*F41)/(SUM(F40:F41)) -> 265.11111 | I40: =+'10'!N37 -> 17.944
B41: MG 17 | C41: 1 | D41: 22+60*4 | E41: =22+60*4 -> 262 | F41: =3+3 -> 6 | G41: =+E41*F41 -> 1572
B42: F 12 | C42: 1 | D42: 133*2 | E42: =133*2 -> 266 | F42: =7+18+2+15+8+6 -> 56 | G42: =+E42*F42 -> 14896 | H42: =+G42/F42 -> 266 | I42: =+'10'!N38 -> 40.433
A44: 45849 | B44: F 11,5 | C44: 1 | D44: 133*2 | E44: =133*2 -> 266 | F44: 71 | G44: =+E44*F44 -> 18886 | H44: =+G44/F44 -> 266 | I44: =+'11'!I38 -> 54.006
A46: 45850 | B46: F 11,5 | C46: 1 | D46: 133*2 | E46: =133*2 -> 266 | F46: 11 | G46: =+E46*F46 -> 2926 | H46: =+G46/F46 -> 266 | I46: =+'12'!L37 -> 4.264
B47: F 10,5 | C47: 1 | D47: 36*7+18 | E47: =36*7+18 -> 270 | F47: =4+2+4+8 -> 18 | G47: =+E47*F47 -> 4860 | H47: =+G47/F47 -> 270 | I47: =+'12'!L38 -> 21.831
B48: F 10,3 | C48: 1 | D48: 277*1 | E48: =277*1 -> 277 | F48: =5+7 -> 12 | G48: =+E48*F48 -> 3324 | H48: =+G48/F48 -> 277 | I48: =+'12'!L39 -> 29.019
A50: 45851 | B50: F 12 | C50: 1 | D50: 133*2 | E50: =133*2 -> 266 | F50: =5+5+2+9 -> 21 | G50: =+E50*F50 -> 5586 | H50: =+G50/F50 -> 266 | I50: =+'13'!N37 -> 40.463
B51: F 10,5 | C51: 1 | D51: 36*7+18 | E51: =36*7+18 -> 270 | F51: =2+6+5+7+7 -> 27 | G51: =+E51*F51 -> 7290 | H51: =+G51/F51 -> 270 | I51: =+'13'!N38 -> 15.362
A53: 45852 | B53: F 10,5 | C53: 1 | D53: 36*7+18 | E53: =36*7+18 -> 270 | F53: =11+13+9 -> 33 | G53: =+E53*F53 -> 8910 | H53: =+(E53*F53+E54*F54)/(SUM(F53:F54)) -> 268.69388 | I53: =+'14'!I38 -> 50.575
B54: F 11 | C54: 1 | D54: 266*1 | E54: =266*1 -> 266 | F54: =9+7 -> 16 | G54: =+E54*F54 -> 4256
A56: 45853 | B56: F 10,5 | C56: 1 | D56: 36*7+18 | E56: =36*7+18 -> 270 | F56: =9+6+10 -> 25 | G56: =+E56*F56 -> 6750 | H56: =+(E56*F56+E57*F57)/(SUM(F56:F57)) -> 267.88679 | I56: =+'15'!I38 -> 52.657
B57: F 11 | C57: 1 | D57: 266*1 | E57: =266*1 -> 266 | F57: =9+10+9 -> 28 | G57: =+E57*F57 -> 7448
A59: 45854 | B59: F 10,5 | C59: 1 | D59: 36*7+18 | E59: =36*7+18 -> 270 | F59: =6+9+3 -> 18 | G59: =+E59*F59 -> 4860 | H59: =+(E59*F59+E60*F60)/(SUM(F59:F60)) -> 267.30909 | I59: =+'16'!I38 -> 53.583
B60: F 11 | C60: 1 | D60: 266*1 | E60: =266*1 -> 266 | F60: =19+8+10 -> 37 | G60: =+E60*F60 -> 9842
A62: 45855 | B62: F 10,3 | C62: 1 | D62: 133*2 | E62: =133*2 -> 266 | F62: =28/2 -> 14 | G62: =+E62*F62 -> 3724 | H62: =+(E62*F62+E63*F63)/(SUM(F62:F63)) -> 266 | I62: =+'17'!L37 -> 50.547
B63: F 10,3 | C63: 1 | D63: 266*1 | E63: =266*1 -> 266 | F63: =14+13+18 -> 45 | G63: =+E63*F63 -> 11970
B64: F 11,5 | C64: 1 | D64: 133*2 | E64: =133*2 -> 266 | F64: 0 | G64: =+E64*F64 -> 0 | H64: =+E64 -> 266 | I64: =+'17'!L38 -> 3.766
A66: 45856 | B66: F 11,5 | C66: 1 | D66: 133*2 | E66: =133*2 -> 266 | F66: =136/2 -> 68 | G66: =+E66*F66 -> 18088 | H66: =+(E66*F66+E67*F67)/(SUM(F66:F67)) -> 266 | I66: =+'18'!I38 -> 53.428
B67: F 11,5 | C67: 1 | D67: 266*1 | E67: 266 | F67: 3 | G67: =+E67*F67 -> 798
A69: 45857 | B69: F 11,5 | C69: 1 | D69: 133*2 | E69: =133*2 -> 266 | F69: =11+1+1 -> 13 | G69: =+E69*F69 -> 3458 | H69: =+(E69*F69+E70*F70+E71*F71)/(SUM(F69:F71)) -> 262.19643 | I69: =+'19'!L37 -> 15.327
B70: F 11,5 | C70: 1 | D70: 130*2 | E70: =130*2 -> 260 | F70: =15+1+12 -> 28 | G70: =+E70*F70 -> 7280
B71: F 11,5 | C71: 1 | D71: 130+133 | E71: =130+133 -> 263 | F71: =12+3 -> 15 | G71: =+E71*F71 -> 3945
B72: F 10,3 | C72: 1 | D72: 126+144 | E72: =126+144 -> 270 | F72: =9+1+14+14 -> 38 | G72: =+E72*F72 -> 10260 | H72: =+(E72*F72+E73*F73)/(SUM(F72:F73)) -> 270.9 | I72: =+'19'!L38 -> 34.485
B73: F 10,3 | C73: 1 | D73: 144*2 | E73: =144*2 -> 288 | F73: 2 | G73: =+E73*F73 -> 576
A75: 45858 | B75: F 11,5 | C75: 1 | D75: 130+133 | E75: =130+133 -> 263 | F75: =10+14+10+13+2 -> 49 | G75: =+E75*F75 -> 12887 | H75: =+(E75*F75+E76*F76)/(SUM(F75:F76)) -> 262.84507 | I75: =+'20'!I38 -> 47.596
B76: F 11,5 | C76: 1 | D76: 122,5+140 | E76: =122.5+140 -> 262.5 | F76: =11+11 -> 22 | G76: =+E76*F76 -> 5775
A78: 45859 | B78: F 11,5 | C78: 1 | D78: 122,5+140 | E78: =122.5+140 -> 262.5 | F78: 67 | G78: =+E78*F78 -> 17587.5 | H78: =+G78/F78 -> 262.5 | I78: =+'21'!I38 -> 50.288
A80: 45860 | B80: F 11,5 | C80: 1 | D80: 122,5+140 | E80: =122.5+140 -> 262.5 | F80: =3+2 -> 5 | G80: =+E80*F80 -> 1312.5 | H80: =+G80/F80 -> 262.5 | I80: =+'22'!L37 -> 17.653
B81: F 12 | C81: 1 | D81: 122,5+140 | E81: =122.5+140 -> 262.5 | F81: =11+14+9+17+15+20 -> 86 | G81: =+E81*F81 -> 22575 | H81: =+G81/F81 -> 262.5 | I81: =+'22'!L38 -> 35.712
A83: 45861 | B83: F 12 | C83: 1 | D83: 122,5+140 | E83: =122.5+140 -> 262.5 | F83: =6+20+2+22+16+4+13 -> 83 | G83: =+E83*F83 -> 21787.5 | H83: =+G83/F83 -> 262.5 | I83: =+'23'!I38 -> 52.461
A85: 45862 | B85: F 12 | C85: 1 | D85: 122,5+140 | E85: =122.5+140 -> 262.5 | F85: =18+14+15+21+11 -> 79 | G85: =+E85*F85 -> 20737.5 | H85: =+(E85*F85+E86*F86)/(SUM(F85:F86)) -> 262.66867 | I85: =+'24'!L37 -> 42.97
B86: F 11,5 | C86: 1 | D86: 133*2 | E86: =133*2 -> 266 | F86: 4 | G86: =+E86*F86 -> 1064
B87: F 12,5 | C87: 1 | D87: 122,5+140 | E87: =122.5+140 -> 262.5 | F87: =4+13+7 -> 24 | G87: =+E87*F87 -> 6300 | H87: =+G87/F87 -> 262.5 | I87: =+'24'!L38 -> 10.404
A89: 45863 | B89: F 12,5 | C89: 1 | D89: 120+140 | E89: =120+140 -> 260 | F89: =14+13+3+23+28 -> 81 | G89: =+E89*F89 -> 21060 | H89: =+G89/F89 -> 260 | I89: =+'25'!I38 -> 52.27
A91: 45864 | B91: F 12,5 | C91: 1 | D91: 120+140 | E91: =120+140 -> 260 | F91: 29 | G91: =+E91*F91 -> 7540 | H91: =+G91/F91 -> 260 | I91: =+'26'!L37 -> 4.485
B92: F 12 | C92: 1 | D92: 120+140 | E92: =120+140 -> 260 | F92: =12+35+39 -> 86 | G92: =+E92*F92 -> 22360 | H92: =+G92/F92 -> 260 | I92: =+'26'!L38 -> 48.245
A94: 45865 | B94: F 12 | C94: 1 | D94: 120+140 | E94: =120+140 -> 260 | F94: 101 | G94: =+E94*F94 -> 26260 | H94: =+G94/F94 -> 260 | I94: =+'27'!I38 -> 50.991
A96: 45866 | B96: F 12 | C96: 1 | D96: 120+140 | E96: =120+140 -> 260 | F96: =11+1+4 -> 16 | G96: =+E96*F96 -> 4160 | H96: =+G96/F96 -> 260 | I96: =+'28'!L37 -> 10.619
B97: F 10,5 | C97: 1 | D97: 133*2 | E97: =133*2 -> 266 | F97: =1+9+16+1 -> 27 | G97: =+E97*F97 -> 7182 | H97: =+G97/F97 -> 266 | I97: =+'28'!L38 -> 18.812
B98: F 10,3 | C98: 1 | D98: 266*1 | E98: =266*1 -> 266 | F98: =8+11 -> 19 | G98: =+E98*F98 -> 5054 | H98: =+G98/F98 -> 266 | I98: =+'28'!L39 -> 22.762
A100: 45867 | B100: F 10,3 | C100: 1 | D100: 266*1 | E100: =266*1 -> 266 | F100: =16+18 -> 34 | G100: =+E100*F100 -> 9044 | H100: =+G100/F100 -> 266 | I100: =+'29'!L37 -> 28.093
B101: F 13 | C101: 1 | D101: 133*2 | E101: =133*2 -> 266 | F101: =36/2 -> 18 | G101: =+E101*F101 -> 4788 | H101: =+G101/F101 -> 266 | I101: =+'29'!L38 -> 10.57
B102: F 12 | C102: 1 | D102: 122,5+140 | E102: =122.5+140 -> 262.5 | F102: 23 | G102: =+E102*F102 -> 6037.5 | H102: =+G102/F102 -> 262.5 | I102: =+'29'!L39 -> 15.119
A104: 45868 | B104: F 12 | C104: 1 | D104: 122,5+140 | E104: =122.5+140 -> 262.5 | F104: =34+34+32 -> 100 | G104: =+E104*F104 -> 26250 | H104: =+G104/F104 -> 262.5 | I104: =+'30'!I38 -> 53.279
A106: 45869 | B106: F 12 | C106: 1 | D106: 122,5+140 | E106: =122.5+140 -> 262.5 | F106: =27+25+13 -> 65 | G106: =+E106*F106 -> 17062.5 | H106: =+G106/F106 -> 262.5 | I106: =+'31'!L37 -> 41.33
B107: F 13,5 | C107: 1 | D107: 133*2 | E107: =133*2 -> 266 | F107: 12 | G107: =+E107*F107 -> 3192 | H107: =+G107/F107 -> 266 | I107: =+'31'!L38 -> 11.899

Sheet Efficiency1
A1: PM11 Efficiency Report
A3: Date | B3: Grade | C3: Speed real (ton) with Available Time | D3: Colour | E3: gsm | F3: Ply | G3: Standard | L3: Real Running | O3: Trim Rewinder (cm) | P3: Trim Rewinder x Running Time | Q3: Available Time (mnt) | R3: Down Time (mnt) | S3: Loss Time (mnt) | T3: Real Speed & Real Creepe Ratio with Available Time (ton) | U3: Real Speed & Real Creepe Ratio setelah dipotong DT & LT (ton) | V3: Loss tonase akibat DT + LT dari hitungan Teori with available time (ton) | W3: Accepted (ton) | X3: Real Eff dr Target Eff | Y3: Backlog | Z3: Reject Rewinder (ton) | AA3: Estimasi Reject to Broke Plant (ton) | AB3: Estimasi Faktor BW (ton) | AC3: Loss Opportunity in Speed (ton) | AD3: Downtime/ Losstime | AE3: Reason of Downtime / Losstime | AF3: Loss Time | AM3: Total Losstime | AN3: Unschedule Shut Down (mnt) | AS3: Schedule Shut Down | AT3: Marketing | AV3: EXT FACTOR | AX3: EXT FACTOR | AZ3: MANAGEMENT | BA3: Total Down Time | BB3: Freq. Sheets Break (X) | BC3: Freq. Change Blade (X) | BD3: Steam, & gangguan sinergy (X) | BE3: Freq, Trip PLN (X) | BF3: Cleaning Holes (X)
AF4: Proses | AI4: Change Grade | AJ4: Mekanik | AK4: Electric & Instrument | AL4: Boiler | AN4: Down Time Produksi | AO4: Mekanik | AP4: Electrical & Instrument | AQ4: Boiler | AR4: Total Unschedule Shut Down | AV4: LOSS | AW4: DOWN TIME | AX4: LOSS | AY4: DOWN TIME
G5: Yankee Speed (mpm) | H5: Max % Creeping | I5: Target Eff | J5: Kapasitas PM-Teori (ton) | K5: Teori (ton) with Available Time | L5: Yankee Speed (mpm) | M5: Popereel Speed (mpm) | N5: % Creeping | AF5: sheet break | AG5: change blade | AH5: change spool | AT5: Loss time | AU5: Down Time | AV5: SINERGY | AW5: SINERGY | AX5: PLN | AY5: PLN
A6: =+Report1!A9 -> 45839 | B6: MG | C6: =(M6*E6*O6*Q6)/100000000 -> 69.029176 | D6: High White | E6: 14 | F6: 1 | G6: 1270 | H6: 0 | I6: 0.88 | J6: =E6*G6*(1-H6)*1440/1000000*2.77 -> 70.920864 | K6: =(IF(G6<L6,L6,G6)*(1-IF(H6<N6,H6,N6))*E6*O6*Q6)/100000000 -> 69.299666 | L6: 1281 | M6: 1276 | N6: =1-(M6/L6) -> 0.0039032006 | O6: =+'Trim Rwd'!H4 -> 268.34375 | P6: =O6*(Q6-R6-S6) -> 327916.06 | Q6: 1440 | R6: 105 | S6: =68+45 -> 113 | T6: =E6*M6*O6*Q6/100000000 -> 69.029176 | U6: =E6*M6*O6*(Q6-R6-S6)/100000000 -> 58.578925 | V6: =E6*G6*(1-N6)*O6/100*(R6+S6)/1000000 -> 10.360513 | W6: =+'1'!K34/1000 -> 68.672 | X6: =SUM(W6:W9)/SUM(K6:K9) -> 0.99094273 | Y6: 0 | Z6: =+'1'!D34/1000 -> 0.361 | AA6: =SUM(U6:U9)-SUM(W6:W9)-SUM(Z6:Z9)-SUM(Y6:Y9) -> -10.454075 | AB6: =(SUM(K6:K9)-SUM(W6:W9)-SUM(Y6:Y9)-SUM(Z6:Z9)-SUM(AC6:AC9)-SUM(V6:V9))-AA6 -> 0.089736731 | AC6: =K6-T6 -> 0.2704905 | AD6: =+AM6+BA6 -> 30 | AE6: - Sheet Breaks (6x) | AF6: 30 | AM6: =SUM(AF6:AL6)+AT6+AV6+AX6 -> 30 | AR6: =SUM(AN6:AQ6) -> 0 | BA6: =+AR6+AS6+AU6+AW6+AY6+AZ6 -> 0 | BB6: 6
AD7: =+AM7+BA7 -> 2 | AE7: - Change Blade (3x) | AG7: 2 | AM7: =SUM(AF7:AL7)+AT7+AV7+AX7 -> 2 | AR7: =SUM(AN7:AQ7) -> 0 | BA7: =+AR7+AS7+AU7+AW7+AY7+AZ7 -> 0 | BC7: 3
AD8: =+AM8+BA8 -> 13 | AE8: - Change Spool (25x) | AH8: 13 | AM8: =SUM(AF8:AL8)+AT8+AV8+AX8 -> 13 | AR8: =SUM(AN8:AQ8) -> 0 | BA8: =+AR8+AS8+AU8+AW8+AY8+AZ8 -> 0
AD9: =+AM9+BA9 -> 68 | AE9: - 09.45 Steam Pressure Dari Boiler Turun, loss speed | AM9: =SUM(AF9:AL9)+AT9+AV9+AX9 -> 68 | AR9: =SUM(AN9:AQ9) -> 0 | AV9: 68 | BA9: =+AR9+AS9+AU9+AW9+AY9+AZ9 -> 0 | BD9: 4
AD10: =+AM10+BA10 -> 105 | AE10: - 14.10 Steam Drop, PM Stop | AM10: =SUM(AF10:AL10)+AT10+AV10+AX10 -> 0 | AR10: =SUM(AN10:AQ10) -> 0 | AW10: 105 | BA10: =+AR10+AS10+AU10+AW10+AY10+AZ10 -> 105
A12: 45840 | B12: MG | C12: =(M12*E12*O12*Q12)/100000000 -> 70.027025 | D12: High White | E12: 14 | F12: 1 | G12: 1270 | H12: 0 | I12: 0.88 | J12: =E12*G12*(1-H12)*1440/1000000*2.77 -> 70.920864 | K12: =(IF(G12<L12,L12,G12)*(1-IF(H12<N12,H12,N12))*E12*O12*Q12)/100000000 -> 70.243659 | L12: 1297 | M12: 1293 | N12: =1-(M12/L12) -> 0.0030840401 | O12: =+'Trim Rwd'!H7 -> 268.64368 | P12: =O12*(Q12-R12-S12) -> 360519.82 | Q12: 1440 | R12: 0 | S12: 98 | T12: =E12*M12*O12*Q12/100000000 -> 70.027025 | U12: =E12*M12*O12*(Q12-R12-S12)/100000000 -> 65.261297 | V12: =E12*G12*(1-N12)*O12/100*(R12+S12)/1000000 -> 4.6665187 | W12: =+'2'!K34/1000 -> 69.627 | X12: =SUM(W12:W15)/SUM(K12:K15) -> 0.99122114 | Y12: 0 | Z12: =+'2'!D34/1000 -> 0.128 | AA12: =SUM(U12:U15)-SUM(W12:W15)-SUM(Z12:Z15)-SUM(Y12:Y15) -> -4.4937029 | AB12: =(SUM(K12:K15)-SUM(W12:W15)-SUM(Y12:Y15)-SUM(Z12:Z15)-SUM(AC12:AC15)-SUM(V12:V15))-AA12 -> 0.099209452 | AC12: =K12-T12 -> 0.21663426 | AD12: =+AM12+BA12 -> 10 | AE12: - Sheet Breaks (2x) | AF12: 10 | AM12: =SUM(AF12:AL12)+AT12+AV12+AX12 -> 10 | AR12: =SUM(AN12:AQ12) -> 0 | BA12: =+AR12+AS12+AU12+AW12+AY12+AZ12 -> 0 | BB12: 6
AD13: =+AM13+BA13 -> 0 | AE13: - Change Blade (0x) | AG13: 0 | AM13: =SUM(AF13:AL13)+AT13+AV13+AX13 -> 0 | AR13: =SUM(AN13:AQ13) -> 0 | BA13: =+AR13+AS13+AU13+AW13+AY13+AZ13 -> 0 | BC13: 3
AD14: =+AM14+BA14 -> 28 | AE14: - Change Spool (25x) | AH14: 28 | AM14: =SUM(AF14:AL14)+AT14+AV14+AX14 -> 28 | AR14: =SUM(AN14:AQ14) -> 0 | BA14: =+AR14+AS14+AU14+AW14+AY14+AZ14 -> 0
AD15: =+AM15+BA15 -> 60 | AE15: - 11.40 Steam Drop Sampai 7 Bar Dari Sinergi PM turun Speed 1050 MPM | AM15: =SUM(AF15:AL15)+AT15+AV15+AX15 -> 60 | AR15: =SUM(AN15:AQ15) -> 0 | AV15: 60 | BA15: =+AR15+AS15+AU15+AW15+AY15+AZ15 -> 0 | BD15: 1
A17: 45841 | B17: MG | C17: =(M17*E17*O17*Q17)/100000000 -> 10.514371 | D17: High White | E17: 14 | F17: 1 | G17: 1270 | H17: 0 | I17: 0.88 | J17: =E17*G17*(1-H17)*1440/1000000*2.77 -> 70.920864 | K17: =(IF(G17<L17,L17,G17)*(1-IF(H17<N17,H17,N17))*E17*O17*Q17)/100000000 -> 10.553751 | L17: 1340 | M17: 1335 | N17: =1-(M17/L17) -> 0.0037313433 | O17: =+'Trim Rwd'!H11 -> 267.88889 | P17: =O17*(Q17-R17-S17) -> 53577.778 | Q17: 210 | R17: 0 | S17: 10 | T17: =E17*M17*O17*Q17/100000000 -> 10.514371 | U17: =E17*M17*O17*(Q17-R17-S17)/100000000 -> 10.013687 | V17: =E17*G17*(1-N17)*O17/100*(R17+S17)/1000000 -> 0.47452918 | W17: =+'3'!K7/1000 -> 22.142 | X17: =SUM(W17:W20)/SUM(K17:K20) -> 0.9140773 | Y17: 0 | Z17: 0 | AA17: =SUM(U17:U20)-SUM(W17:W20)-SUM(Z17:Z20)-SUM(Y17:Y20) -> 2.609596 | AB17: =(SUM(K17:K20)-SUM(W17:W20)-SUM(Y17:Y20)-SUM(Z17:Z20)-SUM(AC17:AC20)-SUM(V17:V20))-AA17 -> 0.15626753 | AC17: =K17-T17 -> 0.039379667 | AD17: =+AM17+BA17 -> 0 | AE17: - Sheet Breaks (0x) | AF17: 0 | AM17: =SUM(AF17:AL17)+AT17+AV17+AX17 -> 0 | AR17: =SUM(AN17:AQ17) -> 0 | BA17: =+AR17+AS17+AU17+AW17+AY17+AZ17 -> 0 | BB17: 0
B18: MG | C18: =(M18*E18*O18*Q18)/100000000 -> 70.753741 | D18: High White | E18: 17 | F18: 1 | G18: 1210 | H18: 0 | I18: 0.88 | J18: =E18*G18*(1-H18)*1440/1000000*2.77 -> 82.049616 | K18: =(IF(G18<L18,L18,G18)*(1-IF(H18<N18,H18,N18))*E18*O18*Q18)/100000000 -> 71.035629 | L18: 1260 | M18: 1255 | N18: =1-(M18/L18) -> 0.003968254 | O18: =+'Trim Rwd'!H13 -> 269.61972 | P18: =O18*(Q18-R18-S18) -> 316263.93 | Q18: =1192+38 -> 1230 | R18: 38 | S18: 19 | T18: =E18*M18*O18*Q18/100000000 -> 70.753741 | U18: =E18*M18*O18*(Q18-R18-S18)/100000000 -> 67.474909 | V18: =E18*G18*(1-N18)*O18/100*(R18+S18)/1000000 -> 3.1487195 | W18: =+'3'!K8/1000 -> 52.437 | Z18: =+'3'!D8/1000 -> 0.3 | AC18: =K18-T18 -> 0.28188742 | AD18: =+AM18+BA18 -> 0 | AE18: - Change Blade (0x) | AG18: 0 | AM18: =SUM(AF18:AL18)+AT18+AV18+AX18 -> 0 | AR18: =SUM(AN18:AQ18) -> 0 | BA18: =+AR18+AS18+AU18+AW18+AY18+AZ18 -> 0 | BC18: 0
AD19: =+AM19+BA19 -> 29 | AE19: - Change Spool (26x) | AH19: 29 | AM19: =SUM(AF19:AL19)+AT19+AV19+AX19 -> 29 | AR19: =SUM(AN19:AQ19) -> 0 | BA19: =+AR19+AS19+AU19+AW19+AY19+AZ19 -> 0
AD20: =+AM20+BA20 -> 38 | AE20: - 15.54 PM trip Flicker | AM20: =SUM(AF20:AL20)+AT20+AV20+AX20 -> 0 | AR20: =SUM(AN20:AQ20) -> 0 | AY20: 38 | BA20: =+AR20+AS20+AU20+AW20+AY20+AZ20 -> 38 | BE20: 1
A22: 45842 | B22: MG | C22: =(M22*E22*O22*Q22)/100000000 -> 82.712381 | D22: High White | E22: 17 | F22: 1 | G22: 1210 | H22: 0 | I22: 0.88 | J22: =E22*G22*(1-H22)*1440/1000000*2.77 -> 82.049616 | K22: =(IF(G22<L22,L22,G22)*(1-IF(H22<N22,H22,N22))*E22*O22*Q22)/100000000 -> 83.041913 | L22: 1260 | M22: 1255 | N22: =1-(M22/L22) -> 0.003968254 | O22: =+'Trim Rwd'!H19 -> 269.225 | P22: =O22*(Q22-R22-S22) -> 370722.83 | Q22: 1440 | R22: 0 | S22: 63 | T22: =E22*M22*O22*Q22/100000000 -> 82.712381 | U22: =E22*M22*O22*(Q22-R22-S22)/100000000 -> 79.093715 | V22: =E22*G22*(1-N22)*O22/100*(R22+S22)/1000000 -> 3.4750688 | W22: =+'4'!K34/1000 -> 78.611 | X22: =SUM(W22:W25)/SUM(K22:K25) -> 0.94664245 | Y22: 0 | Z22: =+'4'!D34/1000 -> 0.311 | AA22: =SUM(U22:U25)-SUM(W22:W25)-SUM(Z22:Z25)-SUM(Y22:Y25) -> 0.17171471 | AB22: =(SUM(K22:K25)-SUM(W22:W25)-SUM(Y22:Y25)-SUM(Z22:Z25)-SUM(AC22:AC25)-SUM(V22:V25))-AA22 -> 0.14359788 | AC22: =K22-T22 -> 0.3295314 | AD22: =+AM22+BA22 -> 30 | AE22: - Sheet Breaks (6x) | AF22: 30 | AM22: =SUM(AF22:AL22)+AT22+AV22+AX22 -> 30 | AR22: =SUM(AN22:AQ22) -> 0 | BA22: =+AR22+AS22+AU22+AW22+AY22+AZ22 -> 0 | BB22: 6
AD23: =+AM23+BA23 -> 0 | AE23: - Change Blade (0x) | AG23: 0 | AM23: =SUM(AF23:AL23)+AT23+AV23+AX23 -> 0 | AR23: =SUM(AN23:AQ23) -> 0 | BA23: =+AR23+AS23+AU23+AW23+AY23+AZ23 -> 0 | BC23: 0
AD24: =+AM24+BA24 -> 33 | AE24: - Change Spool (26x) | AH24: 33 | AM24: =SUM(AF24:AL24)+AT24+AV24+AX24 -> 33 | AR24: =SUM(AN24:AQ24) -> 0 | BA24: =+AR24+AS24+AU24+AW24+AY24+AZ24 -> 0
A26: 45843 | B26: MG | C26: =(M26*E26*O26*Q26)/100000000 -> 77.284806 | D26: High White | E26: 16 | F26: 1 | G26: 1270 | H26: 0 | I26: 0.88 | J26: =E26*G26*(1-H26)*1440/1000000*2.77 -> 81.052416 | K26: =(IF(G26<L26,L26,G26)*(1-IF(H26<N26,H26,N26))*E26*O26*Q26)/100000000 -> 78.208529 | L26: 1260 | M26: 1255 | N26: =1-(M26/L26) -> 0.003968254 | O26: =+'Trim Rwd'!H24 -> 267.2809 | P26: =O26*(Q26-R26-S26) -> 372055.01 | Q26: 1440 | R26: 0 | S26: 48 | T26: =E26*M26*O26*Q26/100000000 -> 77.284806 | U26: =E26*M26*O26*(Q26-R26-S26)/100000000 -> 74.708646 | V26: =E26*G26*(1-N26)*O26/100*(R26+S26)/1000000 -> 2.5966059 | W26: =+'5'!K34/1000 -> 74.552 | X26: =SUM(W26:W29)/SUM(K26:K29) -> 0.95324641 | Y26: 0 | Z26: =+'5'!D34/1000 -> 0.13 | AA26: =SUM(U26:U29)-SUM(W26:W29)-SUM(Z26:Z29)-SUM(Y26:Y29) -> 0.026646256 | AB26: =(SUM(K26:K29)-SUM(W26:W29)-SUM(Y26:Y29)-SUM(Z26:Z29)-SUM(AC26:AC29)-SUM(V26:V29))-AA26 -> -0.020445716 | AC26: =K26-T26 -> 0.92372279 | AD26: =+AM26+BA26 -> 20 | AE26: - Sheet Breaks (4x) | AF26: 20 | AM26: =SUM(AF26:AL26)+AT26+AV26+AX26 -> 20 | AR26: =SUM(AN26:AQ26) -> 0 | BA26: =+AR26+AS26+AU26+AW26+AY26+AZ26 -> 0 | BB26: 4
AD27: =+AM27+BA27 -> 0 | AE27: - Change Blade (0x) | AG27: 0 | AM27: =SUM(AF27:AL27)+AT27+AV27+AX27 -> 0 | AR27: =SUM(AN27:AQ27) -> 0 | BA27: =+AR27+AS27+AU27+AW27+AY27+AZ27 -> 0 | BC27: 0
AD28: =+AM28+BA28 -> 28 | AE28: - Change Spool (24x) | AH28: 28 | AM28: =SUM(AF28:AL28)+AT28+AV28+AX28 -> 28 | AR28: =SUM(AN28:AQ28) -> 0 | BA28: =+AR28+AS28+AU28+AW28+AY28+AZ28 -> 0
A30: 45844 | B30: MG | C30: =(M30*E30*O30*Q30)/100000000 -> 76.617077 | D30: High White | E30: 16 | F30: 1 | G30: 1270 | H30: 0 | I30: 0.88 | J30: =E30*G30*(1-H30)*1440/1000000*2.77 -> 81.052416 | K30: =(IF(G30<L30,L30,G30)*(1-IF(H30<N30,H30,N30))*E30*O30*Q30)/100000000 -> 78.126336 | L30: 1249.8403 | M30: 1245.4659 | N30: =1-(M30/L30) -> 0.0035 | O30: =+'Trim Rwd'!H27 -> 267 | P30: =O30*(Q30-R30-S30) -> 353775 | Q30: 1440 | R30: 62 | S30: 53 | T30: =E30*M30*O30*Q30/100000000 -> 76.617077 | U30: =E30*M30*O30*(Q30-R30-S30)/100000000 -> 70.498352 | V30: =E30*G30*(1-N30)*O30/100*(R30+S30)/1000000 -> 6.2174186 | W30: =+'6'!K34/1000 -> 70.131 | X30: =SUM(W30:W33)/SUM(K30:K33) -> 0.89766145 | Y30: 0 | Z30: =+'6'!D34/1000 -> 0 | AA30: =SUM(U30:U33)-SUM(W30:W33)-SUM(Z30:Z33)-SUM(Y30:Y33) -> 0.36735221 | AB30: =(SUM(K30:K33)-SUM(W30:W33)-SUM(Y30:Y33)-SUM(Z30:Z33)-SUM(AC30:AC33)-SUM(V30:V33))-AA30 -> -0.098693696 | AC30: =K30-T30 -> 1.5092589 | AD30: =+AM30+BA30 -> 30 | AE30: - Sheet Breaks (6x) | AF30: 30 | AM30: =SUM(AF30:AL30)+AT30+AV30+AX30 -> 30 | AR30: =SUM(AN30:AQ30) -> 0 | BA30: =+AR30+AS30+AU30+AW30+AY30+AZ30 -> 0 | BB30: 6
AD31: =+AM31+BA31 -> 0 | AE31: - Change Blade (0x) | AG31: 0 | AM31: =SUM(AF31:AL31)+AT31+AV31+AX31 -> 0 | AR31: =SUM(AN31:AQ31) -> 0 | BA31: =+AR31+AS31+AU31+AW31+AY31+AZ31 -> 0 | BC31: 0
AD32: =+AM32+BA32 -> 23 | AE32: - Change Spool (24x) | AH32: 23 | AM32: =SUM(AF32:AL32)+AT32+AV32+AX32 -> 23 | AR32: =SUM(AN32:AQ32) -> 0 | BA32: =+AR32+AS32+AU32+AW32+AY32+AZ32 -> 0
AD33: =+AM33+BA33 -> 62 | AE33: - 18.18 PM trip Diffential Pressure nipcoflex alarm, EID ganti pump spare. | AM33: =SUM(AF33:AL33)+AT33+AV33+AX33 -> 0 | AP33: 62 | AR33: =SUM(AN33:AQ33) -> 62 | BA33: =+AR33+AS33+AU33+AW33+AY33+AZ33 -> 62
A35: 45845 | B35: MG | C35: =(M35*E35*O35*Q35)/100000000 -> 35.136274 | D35: High White | E35: 16 | F35: 1 | G35: 1270 | H35: 0 | I35: 0.88 | J35: =E35*G35*(1-H35)*1440/1000000*2.77 -> 81.052416 | K35: =(IF(G35<L35,L35,G35)*(1-IF(H35<N35,H35,N35))*E35*O35*Q35)/100000000 -> 36.696601 | L35: 1220 | M35: 1216 | N35: =1-(M35/L35) -> 0.0032786885 | O35: =+'Trim Rwd'!H29 -> 266.75556 | P35: =O35*(Q35-R35-S35) -> 171257.07 | Q35: 677 | R35: 0 | S35: 35 | T35: =E35*M35*O35*Q35/100000000 -> 35.136274 | U35: =E35*M35*O35*(Q35-R35-S35)/100000000 -> 33.319775 | V35: =E35*G35*(1-N35)*O35/100*(R35+S35)/1000000 -> 1.8909453 | W35: =+'7'!K9/1000 -> 35.378 | X35: =SUM(W35:W38)/SUM(K35:K38) -> 0.7651949 | Y35: 0 | Z35: 0 | AA35: =SUM(U35:U38)-SUM(W35:W38)-SUM(Z35:Z38)-SUM(Y35:Y38) -> 6.2162863 | AB35: =(SUM(K35:K38)-SUM(W35:W38)-SUM(Y35:Y38)-SUM(Z35:Z38)-SUM(AC35:AC38)-SUM(V35:V38))-AA35 -> 1.1739225 | AC35: =K35-T35 -> 1.5603279 | AD35: =+AM35+BA35 -> 35 | AE35: - Sheet Breaks (7x) | AF35: 35 | AM35: =SUM(AF35:AL35)+AT35+AV35+AX35 -> 35 | AR35: =SUM(AN35:AQ35) -> 0 | BA35: =+AR35+AS35+AU35+AW35+AY35+AZ35 -> 0 | BB35: 7
B36: MG | C36: =(M36*E36*O36*Q36)/100000000 -> 17.37586 | D36: High White | E36: 22 | F36: 1 | G36: 935 | H36: 0 | I36: 0.88 | J36: =E36*G36*(1-H36)*1440/1000000*2.77 -> 82.049616 | K36: =(IF(G36<L36,L36,G36)*(1-IF(H36<N36,H36,N36))*E36*O36*Q36)/100000000 -> 17.736277 | L36: 920 | M36: 916 | N36: =1-(M36/L36) -> 0.0043478261 | O36: =+'Trim Rwd'!H31 -> 272 | P36: =O36*(Q36-R36-S36) -> 68544 | Q36: =282+35 -> 317 | R36: 35 | S36: 30 | T36: =E36*M36*O36*Q36/100000000 -> 17.37586 | U36: =E36*M36*O36*(Q36-R36-S36)/100000000 -> 13.812987 | V36: =E36*G36*(1-N36)*O36/100*(R36+S36)/1000000 -> 3.6209639 | W36: =+'7'!K10/1000 -> 12.128 | AD36: =+AM36+BA36 -> 5 | AE36: - Change Blade (1x) | AG36: 5 | AM36: =SUM(AF36:AL36)+AT36+AV36+AX36 -> 5 | AR36: =SUM(AN36:AQ36) -> 0 | BA36: =+AR36+AS36+AU36+AW36+AY36+AZ36 -> 0 | BC36: 1
B37: MG | C37: =(M37*E37*O37*Q37)/100000000 -> 15.626857 | D37: High White | E37: 24 | F37: 1 | G37: 860 | H37: 0 | I37: 0.88 | J37: =E37*G37*(1-H37)*1440/1000000*2.77 -> 82.328832 | K37: =(IF(G37<L37,L37,G37)*(1-IF(H37<N37,H37,N37))*E37*O37*Q37)/100000000 -> 16.056269 | L37: 840 | M37: 837 | N37: =1-(M37/L37) -> 0.0035714286 | O37: =+'Trim Rwd'!H32 -> 272 | P37: =O37*(Q37-R37-S37) -> 60656 | Q37: =253+33 -> 286 | R37: 33 | S37: 30 | T37: =E37*M37*O37*Q37/100000000 -> 15.626857 | U37: =E37*M37*O37*(Q37-R37-S37)/100000000 -> 12.184577 | V37: =E37*G37*(1-N37)*O37/100*(R37+S37)/1000000 -> 3.5242387 | W37: =+'7'!K11/1000 -> 5.566 | AD37: =+AM37+BA37 -> 27 | AE37: - Change Spool (23x) | AH37: 27 | AM37: =SUM(AF37:AL37)+AT37+AV37+AX37 -> 27 | AR37: =SUM(AN37:AQ37) -> 0 | BA37: =+AR37+AS37+AU37+AW37+AY37+AZ37 -> 0
B38: MG | C38: =(M38*E38*O38*Q38)/100000000 -> 8.321024 | D38: High White | E38: 20 | F38: 1 | G38: 1030 | H38: 0 | I38: 0.88 | J38: =E38*G38*(1-H38)*1440/1000000*2.77 -> 82.16928 | K38: =(IF(G38<L38,L38,G38)*(1-IF(H38<N38,H38,N38))*E38*O38*Q38)/100000000 -> 8.96512 | L38: 960 | M38: 956 | N38: =1-(M38/L38) -> 0.0041666667 | O38: =+'Trim Rwd'!H33 -> 272 | P38: =O38*(Q38-R38-S38) -> 40256 | Q38: 160 | R38: 0 | S38: 12 | T38: =E38*M38*O38*Q38/100000000 -> 8.321024 | U38: =E38*M38*O38*(Q38-R38-S38)/100000000 -> 7.6969472 | V38: =E38*G38*(1-N38)*O38/100*(R38+S38)/1000000 -> 0.6695824 | W38: =+'7'!K12/1000 -> 7.726 | AD38: =+AM38+BA38 -> 40 | AE38: - Change Grade | AI38: 40 | AM38: =SUM(AF38:AL38)+AT38+AV38+AX38 -> 40 | AR38: =SUM(AN38:AQ38) -> 0 | BA38: =+AR38+AS38+AU38+AW38+AY38+AZ38 -> 0
AD39: =+AM39+BA39 -> 35 | AE39: - 11.55 pm stop kertas lolos, cleaning uhle box | AM39: =SUM(AF39:AL39)+AT39+AV39+AX39 -> 0 | AN39: 35 | AR39: =SUM(AN39:AQ39) -> 35 | BA39: =+AR39+AS39+AU39+AW39+AY39+AZ39 -> 35
AD40: =+AM40+BA40 -> 33 | AE40: - 12.37 secodary arm macet sirkulasi utm | AM40: =SUM(AF40:AL40)+AT40+AV40+AX40 -> 0 | AP40: 33 | AR40: =SUM(AN40:AQ40) -> 33 | BA40: =+AR40+AS40+AU40+AW40+AY40+AZ40 -> 33
A42: 45846 | B42: MG | C42: =(M42*E42*O42*Q42)/100000000 -> 67.369518 | D42: High White | E42: 16 | F42: 1 | G42: 1270 | H42: 0 | I42: 0.88 | J42: =E42*G42*(1-H42)*1440/1000000*2.77 -> 81.052416 | K42: =(IF(G42<L42,L42,G42)*(1-IF(H42<N42,H42,N42))*E42*O42*Q42)/100000000 -> 77.710525 | L42: 1105 | M42: 1101 | N42: =1-(M42/L42) -> 0.0036199095 | O42: =+'Trim Rwd'!H35 -> 265.57895 | P42: =O42*(Q42-R42-S42) -> 232381.58 | Q42: 1440 | R42: =119+393 -> 512 | S42: 53 | T42: =E42*M42*O42*Q42/100000000 -> 67.369518 | U42: =E42*M42*O42*(Q42-R42-S42)/100000000 -> 40.936339 | V42: =E42*G42*(1-N42)*O42/100*(R42+S42)/1000000 -> 30.380215 | W42: =+'8'!K34/1000 -> 12.112 | X42: =SUM(W42:W45)/SUM(K42:K45) -> 0.15586048 | Y42: 0 | Z42: =+'8'!D34/1000 -> 3.436 | AA42: =SUM(U42:U45)-SUM(W42:W45)-SUM(Z42:Z45)-SUM(Y42:Y45) -> 25.388339 | AB42: =(SUM(K42:K45)-SUM(W42:W45)-SUM(Y42:Y45)-SUM(Z42:Z45)-SUM(AC42:AC45)-SUM(V42:V45))-AA42 -> -3.9470358 | AC42: =K42-T42 -> 10.341007 | AD42: =+AM42+BA42 -> 35 | AE42: - Sheet Breaks (7x) | AF42: 35 | AM42: =SUM(AF42:AL42)+AT42+AV42+AX42 -> 35 | AR42: =SUM(AN42:AQ42) -> 0 | BA42: =+AR42+AS42+AU42+AW42+AY42+AZ42 -> 0 | BB42: 7
AD43: =+AM43+BA43 -> 0 | AE43: - Change Blade (0x) | AG43: 0 | AM43: =SUM(AF43:AL43)+AT43+AV43+AX43 -> 0 | AR43: =SUM(AN43:AQ43) -> 0 | BA43: =+AR43+AS43+AU43+AW43+AY43+AZ43 -> 0 | BC43: 0
AD44: =+AM44+BA44 -> 18 | AE44: - Change Spool (20x) | AH44: 18 | AM44: =SUM(AF44:AL44)+AT44+AV44+AX44 -> 18 | AR44: =SUM(AN44:AQ44) -> 0 | BA44: =+AR44+AS44+AU44+AW44+AY44+AZ44 -> 0
AD45: =+AM45+BA45 -> 393 | AE45: - 10.00 PM stop cleaning headbox ada gejolak kertas ada lubang | AM45: =SUM(AF45:AL45)+AT45+AV45+AX45 -> 0 | AN45: 393 | AR45: =SUM(AN45:AQ45) -> 393 | BA45: =+AR45+AS45+AU45+AW45+AY45+AZ45 -> 393
AD46: =+AM46+BA46 -> 119 | AE46: - 17.10 pm trip (alarm felt/yankee no speed matched) | AM46: =SUM(AF46:AL46)+AT46+AV46+AX46 -> 0 | AP46: 119 | AR46: =SUM(AN46:AQ46) -> 119 | BA46: =+AR46+AS46+AU46+AW46+AY46+AZ46 -> 119 | BF46: 3
A48: 45847 | B48: MG | C48: =(M48*E48*O48*Q48)/100000000 -> 67.598899 | D48: High White | E48: 16 | F48: 1 | G48: 1270 | H48: 0 | I48: 0.88 | J48: =E48*G48*(1-H48)*1440/1000000*2.77 -> 81.052416 | K48: =(IF(G48<L48,L48,G48)*(1-IF(H48<N48,H48,N48))*E48*O48*Q48)/100000000 -> 77.833728 | L48: 1107 | M48: 1103 | N48: =1-(M48/L48) -> 0.0036133695 | O48: =+'Trim Rwd'!H38 -> 266 | P48: =O48*(Q48-R48-S48) -> 377986 | Q48: 1440 | R48: 0 | S48: 19 | T48: =E48*M48*O48*Q48/100000000 -> 67.598899 | U48: =E48*M48*O48*(Q48-R48-S48)/100000000 -> 66.706969 | V48: =E48*G48*(1-N48)*O48/100*(R48+S48)/1000000 -> 1.023262 | W48: =+'9'!K34/1000 -> 65.429 | X48: =SUM(W48:W51)/SUM(K48:K51) -> 0.84062529 | Y48: 0 | Z48: =+'9'!D34/1000 -> 4.04 | AA48: =SUM(U48:U51)-SUM(W48:W51)-SUM(Z48:Z51)-SUM(Y48:Y51) -> -2.7620307 | AB48: =(SUM(K48:K51)-SUM(W48:W51)-SUM(Y48:Y51)-SUM(Z48:Z51)-SUM(AC48:AC51)-SUM(V48:V51))-AA48 -> -0.13133205 | AC48: =K48-T48 -> 10.234829 | AD48: =+AM48+BA48 -> 0 | AE48: - Sheet Breaks (0x) | AF48: 0 | AM48: =SUM(AF48:AL48)+AT48+AV48+AX48 -> 0 | AR48: =SUM(AN48:AQ48) -> 0 | BA48: =+AR48+AS48+AU48+AW48+AY48+AZ48 -> 0 | BB48: 0
AD49: =+AM49+BA49 -> 0 | AE49: - Change Blade (0x) | AG49: 0 | AM49: =SUM(AF49:AL49)+AT49+AV49+AX49 -> 0 | AR49: =SUM(AN49:AQ49) -> 0 | BA49: =+AR49+AS49+AU49+AW49+AY49+AZ49 -> 0 | BC49: 0
AD50: =+AM50+BA50 -> 19 | AE50: - Change Spool (23x) | AH50: 19 | AM50: =SUM(AF50:AL50)+AT50+AV50+AX50 -> 19 | AR50: =SUM(AN50:AQ50) -> 0 | BA50: =+AR50+AS50+AU50+AW50+AY50+AZ50 -> 0
A52: 45848 | B52: MG | C52: =(M52*E52*O52*Q52)/100000000 -> 16.904333 | D52: High White/Off White | E52: 16 | F52: 1 | G52: 1270 | H52: 0 | I52: 0.88 | J52: =E52*G52*(1-H52)*1440/1000000*2.77 -> 81.052416 | K52: =(IF(G52<L52,L52,G52)*(1-IF(H52<N52,H52,N52))*E52*O52*Q52)/100000000 -> 19.393408 | L52: 1111 | M52: 1107 | N52: =1-(M52/L52) -> 0.00360036 | O52: =+'Trim Rwd'!H40 -> 265.11111 | P52: =O52*(Q52-R52-S52) -> 92788.889 | Q52: 360 | R52: 0 | S52: 10 | T52: =E52*M52*O52*Q52/100000000 -> 16.904333 | U52: =E52*M52*O52*(Q52-R52-S52)/100000000 -> 16.434768 | V52: =E52*G52*(1-N52)*O52/100*(R52+S52)/1000000 -> 0.53676624 | W52: =+'10'!K9/1000 -> 21.044 | X52: =SUM(W52:W55)/SUM(K52:K55) -> 0.88034017 | Y52: 0 | Z52: =+'10'!D7/1000 -> 0.607 | AA52: =SUM(U52:U55)-SUM(W52:W55)-SUM(Z52:Z55)-SUM(Y52:Y55) -> -0.38908496 | AB52: =(SUM(K52:K55)-SUM(W52:W55)-SUM(Y52:Y55)-SUM(Z52:Z55)-SUM(AC52:AC55)-SUM(V52:V55))-AA52 -> -0.19412346 | AC52: =K52-T52 -> 2.4890752 | AD52: =+AM52+BA52 -> 10 | AE52: - Sheet Breaks (2x) | AF52: 10 | AM52: =SUM(AF52:AL52)+AT52+AV52+AX52 -> 10 | AR52: =SUM(AN52:AQ52) -> 0 | BA52: =+AR52+AS52+AU52+AW52+AY52+AZ52 -> 0 | BB52: 2
B53: Facial | C53: =(M53*E53*O53*Q53)/100000000 -> 44.367523 | D53: Off White | E53: 12 | F53: 1 | G53: 1700 | H53: 0.2 | I53: 0.88 | J53: =E53*G53*(1-H53)*1440/1000000*2.77 -> 65.097216 | K53: =(IF(G53<L53,L53,G53)*(1-IF(H53<N53,H53,N53))*E53*O53*Q53)/100000000 -> 46.905964 | L53: 1608 | M53: 1287 | N53: =1-(M53/L53) -> 0.19962687 | O53: =+'Trim Rwd'!H42 -> 266 | P53: =O53*(Q53-R53-S53) -> 272916 | Q53: 1080 | R53: 0 | S53: 54 | T53: =E53*M53*O53*Q53/100000000 -> 44.367523 | U53: =E53*M53*O53*(Q53-R53-S53)/100000000 -> 42.149147 | V53: =E53*G53*(1-N53)*O53/100*(R53+S53)/1000000 -> 2.3452982 | W53: =+'10'!K13/1000 -> 37.322 | AC53: =K53-T53 -> 2.5384404 | AD53: =+AM53+BA53 -> 12 | AE53: - Change Blade (10x) | AG53: 12 | AM53: =SUM(AF53:AL53)+AT53+AV53+AX53 -> 12 | AR53: =SUM(AN53:AQ53) -> 0 | BA53: =+AR53+AS53+AU53+AW53+AY53+AZ53 -> 0 | BC53: 10
AD54: =+AM54+BA54 -> 27 | AE54: - Change Spool (27x) | AH54: 27 | AM54: =SUM(AF54:AL54)+AT54+AV54+AX54 -> 27 | AR54: =SUM(AN54:AQ54) -> 0 | BA54: =+AR54+AS54+AU54+AW54+AY54+AZ54 -> 0
AD55: =+AM55+BA55 -> 15 | AE55: - Change Grade | AI55: 15 | AM55: =SUM(AF55:AL55)+AT55+AV55+AX55 -> 15 | AR55: =SUM(AN55:AQ55) -> 0 | BA55: =+AR55+AS55+AU55+AW55+AY55+AZ55 -> 0
A57: 45849 | B57: Facial | C57: =(M57*E57*O57*Q57)/100000000 -> 57.793075 | D57: Off White | E57: 11.5 | F57: 1 | G57: 1700 | H57: 0.2 | I57: 0.88 | J57: =E57*G57*(1-H57)*1440/1000000*2.77 -> 62.384832 | K57: =(IF(G57<L57,L57,G57)*(1-IF(H57<N57,H57,N57))*E57*O57*Q57)/100000000 -> 59.907456 | L57: 1640 | M57: 1312 | N57: =1-(M57/L57) -> 0.2 | O57: =+'Trim Rwd'!H44 -> 266 | P57: =O57*(Q57-R57-S57) -> 355908 | Q57: 1440 | R57: 0 | S57: 102 | T57: =E57*M57*O57*Q57/100000000 -> 57.793075 | U57: =E57*M57*O57*(Q57-R57-S57)/100000000 -> 53.699399 | V57: =E57*G57*(1-N57)*O57/100*(R57+S57)/1000000 -> 4.2434448 | W57: =+'11'!K34/1000 -> 52.796 | X57: =SUM(W57:W60)/SUM(K57:K60) -> 0.88129264 | Y57: 0 | Z57: 0 | AA57: =SUM(U57:U60)-SUM(W57:W60)-SUM(Z57:Z60)-SUM(Y57:Y60) -> 0.90339904 | AB57: =(SUM(K57:K60)-SUM(W57:W60)-SUM(Y57:Y60)-SUM(Z57:Z60)-SUM(AC57:AC60)-SUM(V57:V60))-AA57 -> -0.14976864 | AC57: =K57-T57 -> 2.1143808 | AD57: =+AM57+BA57 -> 20 | AE57: - Sheet Breaks (2x) | AF57: 20 | AM57: =SUM(AF57:AL57)+AT57+AV57+AX57 -> 20 | AR57: =SUM(AN57:AQ57) -> 0 | BA57: =+AR57+AS57+AU57+AW57+AY57+AZ57 -> 0 | BB57: 2
AD58: =+AM58+BA58 -> 16 | AE58: - Change Blade (18x) | AG58: 16 | AM58: =SUM(AF58:AL58)+AT58+AV58+AX58 -> 16 | AR58: =SUM(AN58:AQ58) -> 0 | BA58: =+AR58+AS58+AU58+AW58+AY58+AZ58 -> 0 | BC58: 18
AD59: =+AM59+BA59 -> 30 | AE59: - Change Spool (28x) | AH59: 30 | AM59: =SUM(AF59:AL59)+AT59+AV59+AX59 -> 30 | AR59: =SUM(AN59:AQ59) -> 0 | BA59: =+AR59+AS59+AU59+AW59+AY59+AZ59 -> 0
AD60: =+AM60+BA60 -> 36 | AE60: - 11.40 Belting tail cutter putus kertas sirkulasi. | AI60: 36 | AM60: =SUM(AF60:AL60)+AT60+AV60+AX60 -> 36 | AR60: =SUM(AN60:AQ60) -> 0 | BA60: =+AR60+AS60+AU60+AW60+AY60+AZ60 -> 0
A62: 45850 | B62: Facial | C62: =(M62*E62*O62*Q62)/100000000 -> 3.3918192 | D62: Off White | E62: 11.5 | F62: 1 | G62: 1700 | H62: 0.2 | I62: 0.88 | J62: =E62*G62*(1-H62)*1440/1000000*2.77 -> 62.384832 | K62: =(IF(G62<L62,L62,G62)*(1-IF(H62<N62,H62,N62))*E62*O62*Q62)/100000000 -> 3.4946016 | L62: 1650 | M62: 1320 | N62: =1-(M62/L62) -> 0.2 | O62: =+'Trim Rwd'!H46 -> 266 | P62: =O62*(Q62-R62-S62) -> 21014 | Q62: 84 | R62: 0 | S62: 5 | T62: =E62*M62*O62*Q62/100000000 -> 3.3918192 | U62: =E62*M62*O62*(Q62-R62-S62)/100000000 -> 3.1899252 | V62: =E62*G62*(1-N62)*O62/100*(R62+S62)/1000000 -> 0.208012 | W62: =+'12'!K14/1000 -> 8.551 | X62: =SUM(W62:W65)/SUM(K62:K65) -> 0.78168732 | Y62: 0 | Z62: 0 | AA62: =SUM(U62:U65)-SUM(W62:W65)-SUM(Z62:Z65)-SUM(Y62:Y65) -> 6.7772136 | AB62: =(SUM(K62:K65)-SUM(W62:W65)-SUM(Y62:Y65)-SUM(Z62:Z65)-SUM(AC62:AC65)-SUM(V62:V65))-AA62 -> -0.11170309 | AC62: =K62-T62 -> 0.1027824 | AD62: =+AM62+BA62 -> 5 | AE62: - Sheet Breaks (1x) | AF62: 5 | AM62: =SUM(AF62:AL62)+AT62+AV62+AX62 -> 5 | AR62: =SUM(AN62:AQ62) -> 0 | BA62: =+AR62+AS62+AU62+AW62+AY62+AZ62 -> 0 | BB62: 1
B63: Facial | C63: =(M63*E63*O63*Q63)/100000000 -> 38.531903 | D63: Off White | E63: 10.5 | F63: 1 | G63: 1730 | H63: 0.16 | I63: 0.88 | J63: =E63*G63*(1-H63)*1440/1000000*2.77 -> 60.863504 | K63: =(IF(G63<L63,L63,G63)*(1-IF(H63<N63,H63,N63))*E63*O63*Q63)/100000000 -> 40.180947 | L63: 1659 | M63: 1394 | N63: =1-(M63/L63) -> 0.15973478 | O63: =+'Trim Rwd'!H47 -> 270 | P63: =O63*(Q63-R63-S63) -> 250830 | Q63: 975 | R63: 0 | S63: =18+28 -> 46 | T63: =E63*M63*O63*Q63/100000000 -> 38.531903 | U63: =E63*M63*O63*(Q63-R63-S63)/100000000 -> 36.713987 | V63: =E63*G63*(1-N63)*O63/100*(R63+S63)/1000000 -> 1.8957165 | W63: =+'12'!K15/1000 -> 15.566 | Z63: =+'12'!D34/1000 -> 1.039 | AC63: =K63-T63 -> 1.6490447 | AD63: =+AM63+BA63 -> 18 | AE63: - Change Blade (15x) | AG63: 18 | AM63: =SUM(AF63:AL63)+AT63+AV63+AX63 -> 18 | AR63: =SUM(AN63:AQ63) -> 0 | BA63: =+AR63+AS63+AU63+AW63+AY63+AZ63 -> 0 | BC63: 15
B64: Facial | C64: =(M64*E64*O64*Q64)/100000000 -> 14.555346 | D64: Off White | E64: 10.3 | F64: 1 | G64: 1730 | H64: 0.2 | I64: 0.88 | J64: =E64*G64*(1-H64)*1440/1000000*2.77 -> 56.861142 | K64: =(IF(G64<L64,L64,G64)*(1-IF(H64<N64,H64,N64))*E64*O64*Q64)/100000000 -> 15.26106 | L64: 1650 | M64: 1339 | N64: =1-(M64/L64) -> 0.18848485 | O64: =+'Trim Rwd'!H48 -> 277 | P64: =O64*(Q64-R64-S64) -> 101382 | Q64: 381 | R64: 0 | S64: 15 | T64: =E64*M64*O64*Q64/100000000 -> 14.555346 | U64: =E64*M64*O64*(Q64-R64-S64)/100000000 -> 13.982301 | V64: =E64*G64*(1-N64)*O64/100*(R64+S64)/1000000 -> 0.60082914 | W64: =+'12'!K16/1000 -> 21.953 | AC64: =K64-T64 -> 0.70571377 | AD64: =+AM64+BA64 -> 28 | AE64: - Change Spool (27x) | AH64: 28 | AM64: =SUM(AF64:AL64)+AT64+AV64+AX64 -> 28 | AR64: =SUM(AN64:AQ64) -> 0 | BA64: =+AR64+AS64+AU64+AW64+AY64+AZ64 -> 0
AD65: =+AM65+BA65 -> 15 | AE65: - Change Grade | AI65: 15 | AM65: =SUM(AF65:AL65)+AT65+AV65+AX65 -> 15 | AR65: =SUM(AN65:AQ65) -> 0 | BA65: =+AR65+AS65+AU65+AW65+AY65+AZ65 -> 0
A67: 45851 | B67: Facial | C67: =(M67*E67*O67*Q67)/100000000 -> 39.178793 | D67: Off White | E67: 10.5 | F67: 1 | G67: 1730 | H67: 0.16 | I67: 0.88 | J67: =E67*G67*(1-H67)*1440/1000000*2.77 -> 60.863504 | K67: =(IF(G67<L67,L67,G67)*(1-IF(H67<N67,H67,N67))*E67*O67*Q67)/100000000 -> 42.022184 | L67: 1612.9412 | M67: 1354.8706 | N67: =1-(M67/L67) -> 0.16 | O67: =+'Trim Rwd'!H51 -> 270 | P67: =O67*(Q67-R67-S67) -> 260550 | Q67: 1020 | R67: 0 | S67: 55 | T67: =E67*M67*O67*Q67/100000000 -> 39.178793 | U67: =E67*M67*O67*(Q67-R67-S67)/100000000 -> 37.066211 | V67: =E67*G67*(1-N67)*O67/100*(R67+S67)/1000000 -> 2.2659021 | W67: =+'13'!K15/1000 -> 22.26 | X67: =SUM(W67:W70)/SUM(K67:K70) -> 0.60333694 | Y67: 0 | Z67: =+'13'!D34/1000 -> 3.012 | AA67: =SUM(U67:U70)-SUM(W67:W70)-SUM(Z67:Z70)-SUM(Y67:Y70) -> 14.63824 | AB67: =(SUM(K67:K70)-SUM(W67:W70)-SUM(Y67:Y70)-SUM(Z67:Z70)-SUM(AC67:AC70)-SUM(V67:V70))-AA67 -> -0.17630254 | AC67: =K67-T67 -> 2.8433916 | AD67: =+AM67+BA67 -> 20 | AE67: - Sheet Breaks (4x) | AF67: 20 | AM67: =SUM(AF67:AL67)+AT67+AV67+AX67 -> 20 | AR67: =SUM(AN67:AQ67) -> 0 | BA67: =+AR67+AS67+AU67+AW67+AY67+AZ67 -> 0 | BB67: 4
B68: Facial | C68: =(M68*E68*O68*Q68)/100000000 -> 17.696448 | D68: Off White | E68: 12 | F68: 1 | G68: 1700 | H68: 0.2 | I68: 0.88 | J68: =E68*G68*(1-H68)*1440/1000000*2.77 -> 65.097216 | K68: =(IF(G68<L68,L68,G68)*(1-IF(H68<N68,H68,N68))*E68*O68*Q68)/100000000 -> 18.232704 | L68: 1650 | M68: 1320 | N68: =1-(M68/L68) -> 0.2 | O68: =+'Trim Rwd'!H50 -> 266 | P68: =O68*(Q68-R68-S68) -> 106932 | Q68: 420 | R68: 0 | S68: 18 | T68: =E68*M68*O68*Q68/100000000 -> 17.696448 | U68: =E68*M68*O68*(Q68-R68-S68)/100000000 -> 16.938029 | V68: =E68*G68*(1-N68)*O68/100*(R68+S68)/1000000 -> 0.7814016 | W68: =+'13'!K13/1000 -> 14.094 | AC68: =K68-T68 -> 0.536256 | AD68: =+AM68+BA68 -> 18 | AE68: - Change Blade (17x) | AG68: 18 | AM68: =SUM(AF68:AL68)+AT68+AV68+AX68 -> 18 | AR68: =SUM(AN68:AQ68) -> 0 | BA68: =+AR68+AS68+AU68+AW68+AY68+AZ68 -> 0 | BC68: 17
AD69: =+AM69+BA69 -> 25 | AE69: - Change Spool (25x) | AH69: 25 | AM69: =SUM(AF69:AL69)+AT69+AV69+AX69 -> 25 | AR69: =SUM(AN69:AQ69) -> 0 | BA69: =+AR69+AS69+AU69+AW69+AY69+AZ69 -> 0
AD70: =+AM70+BA70 -> 10 | AE70: - Change Grade | AI70: 10 | AM70: =SUM(AF70:AL70)+AT70+AV70+AX70 -> 10 | AR70: =SUM(AN70:AQ70) -> 0 | BA70: =+AR70+AS70+AU70+AW70+AY70+AZ70 -> 0
A72: 45852 | B72: Facial | C72: =(M72*E72*O72*Q72)/100000000 -> 55.739578 | D72: Off White | E72: 10.5 | F72: 1 | G72: 1730 | H72: 0.16 | I72: 0.88 | J72: =E72*G72*(1-H72)*1440/1000000*2.77 -> 60.863504 | K72: =(IF(G72<L72,L72,G72)*(1-IF(H72<N72,H72,N72))*E72*O72*Q72)/100000000 -> 59.050502 | L72: 1633 | M72: 1372 | N72: =1-(M72/L72) -> 0.15982854 | O72: =+'Trim Rwd'!H53 -> 268.69388 | P72: =O72*(Q72-R72-S72) -> 295025.88 | Q72: 1440 | R72: 0 | S72: 342 | T72: =E72*M72*O72*Q72/100000000 -> 55.739578 | U72: =E72*M72*O72*(Q72-R72-S72)/100000000 -> 42.501428 | V72: =E72*G72*(1-N72)*O72/100*(R72+S72)/1000000 -> 14.024494 | W72: =+'14'!K34/1000 -> 45.257 | X72: =SUM(W72:W75)/SUM(K72:K75) -> 0.76641178 | Y72: 0 | Z72: =+'14'!D34/1000 -> 1.316 | AA72: =SUM(U72:U75)-SUM(W72:W75)-SUM(Z72:Z75)-SUM(Y72:Y75) -> -4.0715721 | AB72: =(SUM(K72:K75)-SUM(W72:W75)-SUM(Y72:Y75)-SUM(Z72:Z75)-SUM(AC72:AC75)-SUM(V72:V75))-AA72 -> -0.78634447 | AC72: =K72-T72 -> 3.3109241 | AD72: =+AM72+BA72 -> 120 | AE72: - Sheet Breaks (24x) | AF72: 120 | AM72: =SUM(AF72:AL72)+AT72+AV72+AX72 -> 120 | AR72: =SUM(AN72:AQ72) -> 0 | BA72: =+AR72+AS72+AU72+AW72+AY72+AZ72 -> 0 | BB72: 24
AD73: =+AM73+BA73 -> 12 | AE73: - Change Blade (13x) | AG73: 12 | AM73: =SUM(AF73:AL73)+AT73+AV73+AX73 -> 12 | AR73: =SUM(AN73:AQ73) -> 0 | BA73: =+AR73+AS73+AU73+AW73+AY73+AZ73 -> 0 | BC73: 13
AD74: =+AM74+BA74 -> 30 | AE74: - Change Spool (21x) | AH74: 30 | AM74: =SUM(AF74:AL74)+AT74+AV74+AX74 -> 30 | AR74: =SUM(AN74:AQ74) -> 0 | BA74: =+AR74+AS74+AU74+AW74+AY74+AZ74 -> 0
AD75: =+AM75+BA75 -> 180 | AE75: - 23.40 Pm kurang lancar consintensi mixing error presure tickling refiner naik turun. Perbaikan eid sambil jalan. | AK75: 180 | AM75: =SUM(AF75:AL75)+AT75+AV75+AX75 -> 180 | AR75: =SUM(AN75:AQ75) -> 0 | BA75: =+AR75+AS75+AU75+AW75+AY75+AZ75 -> 0 | BF75: 1
A77: 45853 | B77: Facial | C77: =(M77*E77*O77*Q77)/100000000 -> 56.0177 | D77: Off White | E77: 10.5 | F77: 1 | G77: 1730 | H77: 0.16 | I77: 0.88 | J77: =E77*G77*(1-H77)*1440/1000000*2.77 -> 60.863504 | K77: =(IF(G77<L77,L77,G77)*(1-IF(H77<N77,H77,N77))*E77*O77*Q77)/100000000 -> 58.87644 | L77: 1646 | M77: 1383 | N77: =1-(M77/L77) -> 0.15978129 | O77: =+'Trim Rwd'!H56 -> 267.88679 | P77: =O77*(Q77-R77-S77) -> 358700.42 | Q77: 1440 | R77: 0 | S77: 101 | T77: =E77*M77*O77*Q77/100000000 -> 56.0177 | U77: =E77*M77*O77*(Q77-R77-S77)/100000000 -> 52.088681 | V77: =E77*G77*(1-N77)*O77/100*(R77+S77)/1000000 -> 4.1295281 | W77: =+'15'!K34/1000 -> 50.311 | X77: =SUM(W77:W80)/SUM(K77:K80) -> 0.85451837 | Y77: 0 | Z77: =+'15'!D34/1000 -> 1.711 | AA77: =SUM(U77:U80)-SUM(W77:W80)-SUM(Z77:Z80)-SUM(Y77:Y80) -> 0.066680778 | AB77: =(SUM(K77:K80)-SUM(W77:W80)-SUM(Y77:Y80)-SUM(Z77:Z80)-SUM(AC77:AC80)-SUM(V77:V80))-AA77 -> -0.20050888 | AC77: =K77-T77 -> 2.8587405 | AD77: =+AM77+BA77 -> 40 | AE77: - Sheet Breaks (8x) | AF77: 40 | AM77: =SUM(AF77:AL77)+AT77+AV77+AX77 -> 40 | AR77: =SUM(AN77:AQ77) -> 0 | BA77: =+AR77+AS77+AU77+AW77+AY77+AZ77 -> 0 | BB77: 8
AD78: =+AM78+BA78 -> 21 | AE78: - Change Blade (14x) | AG78: 21 | AM78: =SUM(AF78:AL78)+AT78+AV78+AX78 -> 21 | AR78: =SUM(AN78:AQ78) -> 0 | BA78: =+AR78+AS78+AU78+AW78+AY78+AZ78 -> 0 | BC78: 14
AD79: =+AM79+BA79 -> 30 | AE79: - Change Spool (24x) | AH79: 30 | AM79: =SUM(AF79:AL79)+AT79+AV79+AX79 -> 30 | AR79: =SUM(AN79:AQ79) -> 0 | BA79: =+AR79+AS79+AU79+AW79+AY79+AZ79 -> 0
AD80: =+AM80+BA80 -> 10 | AE80: - 00.42 saat change spool secondary arm macet perbaikan eid ( sirkulasi utm) | AK80: 10 | AM80: =SUM(AF80:AL80)+AT80+AV80+AX80 -> 10 | AR80: =SUM(AN80:AQ80) -> 0 | BA80: =+AR80+AS80+AU80+AW80+AY80+AZ80 -> 0 | BF80: 1
A82: 45854 | B82: Facial | C82: =(M82*E82*O82*Q82)/100000000 -> 55.585493 | D82: Off White | E82: 10.3 | F82: 1 | G82: 1730 | H82: 0.16 | I82: 0.88 | J82: =E82*G82*(1-H82)*1440/1000000*2.77 -> 59.704199 | K82: =(IF(G82<L82,L82,G82)*(1-IF(H82<N82,H82,N82))*E82*O82*Q82)/100000000 -> 57.615434 | L82: 1670 | M82: 1402 | N82: =1-(M82/L82) -> 0.16047904 | O82: =+'Trim Rwd'!H59 -> 267.30909 | P82: =O82*(Q82-R82-S82) -> 369153.85 | Q82: 1440 | R82: 0 | S82: 59 | T82: =E82*M82*O82*Q82/100000000 -> 55.585493 | U82: =E82*M82*O82*(Q82-R82-S82)/100000000 -> 53.308032 | V82: =E82*G82*(1-N82)*O82/100*(R82+S82)/1000000 -> 2.3592861 | W82: =+'16'!K34/1000 -> 53.803 | X82: =SUM(W82:W85)/SUM(K82:K85) -> 0.93382965 | Y82: 0 | Z82: =+'16'!D34/1000 -> 0.973 | AA82: =SUM(U82:U85)-SUM(W82:W85)-SUM(Z82:Z85)-SUM(Y82:Y85) -> -1.4679685 | AB82: =(SUM(K82:K85)-SUM(W82:W85)-SUM(Y82:Y85)-SUM(Z82:Z85)-SUM(AC82:AC85)-SUM(V82:V85))-AA82 -> -0.081824952 | AC82: =K82-T82 -> 2.029941 | AD82: =+AM82+BA82 -> 20 | AE82: - Sheet Breaks (4x) | AF82: 20 | AM82: =SUM(AF82:AL82)+AT82+AV82+AX82 -> 20 | AR82: =SUM(AN82:AQ82) -> 0 | BA82: =+AR82+AS82+AU82+AW82+AY82+AZ82 -> 0 | BB82: 4
AD83: =+AM83+BA83 -> 14 | AE83: - Change Blade (13x) | AG83: 14 | AM83: =SUM(AF83:AL83)+AT83+AV83+AX83 -> 14 | AR83: =SUM(AN83:AQ83) -> 0 | BA83: =+AR83+AS83+AU83+AW83+AY83+AZ83 -> 0 | BC83: 13
AD84: =+AM84+BA84 -> 25 | AE84: - Change Spool (25x) | AH84: 25 | AM84: =SUM(AF84:AL84)+AT84+AV84+AX84 -> 25 | AR84: =SUM(AN84:AQ84) -> 0 | BA84: =+AR84+AS84+AU84+AW84+AY84+AZ84 -> 0
A86: 45855 | B86: Facial | C86: =(M86*E86*O86*Q86)/100000000 -> 49.903813 | D86: Off White | E86: 10.3 | F86: 1 | G86: 1730 | H86: 0.16 | I86: 0.88 | J86: =E86*G86*(1-H86)*1440/1000000*2.77 -> 59.704199 | K86: =(IF(G86<L86,L86,G86)*(1-IF(H86<N86,H86,N86))*E86*O86*Q86)/100000000 -> 50.96291 | L86: 1695 | M86: 1423 | N86: =1-(M86/L86) -> 0.16047198 | O86: =+'Trim Rwd'!H62 -> 266 | P86: =O86*(Q86-R86-S86) -> 319200 | Q86: 1280 | R86: 0 | S86: 80 | T86: =E86*M86*O86*Q86/100000000 -> 49.903813 | U86: =E86*M86*O86*(Q86-R86-S86)/100000000 -> 46.784825 | V86: =E86*G86*(1-N86)*O86/100*(R86+S86)/1000000 -> 3.1833922 | W86: =+'17'!K16/1000 -> 54.226 | X86: =SUM(W86:W89)/SUM(K86:K89) -> 0.94110837 | Y86: 0 | Z86: 0 | AA86: =SUM(U86:U89)-SUM(W86:W89)-SUM(Z86:Z89)-SUM(Y86:Y89) -> -1.1176104 | AB86: =(SUM(K86:K89)-SUM(W86:W89)-SUM(Y86:Y89)-SUM(Z86:Z89)-SUM(AC86:AC89)-SUM(V86:V89))-AA86 -> -0.064403889 | AC86: =K86-T86 -> 1.0590971 | AD86: =+AM86+BA86 -> 30 | AE86: - Sheet Breaks (6x) | AF86: 30 | AM86: =SUM(AF86:AL86)+AT86+AV86+AX86 -> 30 | AR86: =SUM(AN86:AQ86) -> 0 | BA86: =+AR86+AS86+AU86+AW86+AY86+AZ86 -> 0 | BB86: 6
B87: Facial | C87: =(M87*E87*O87*Q87)/100000000 -> 6.656384 | D87: Off White | E87: 11.5 | F87: 1 | G87: 1700 | H87: 0.2 | I87: 0.88 | J87: =E87*G87*(1-H87)*1440/1000000*2.77 -> 62.384832 | K87: =(IF(G87<L87,L87,G87)*(1-IF(H87<N87,H87,N87))*E87*O87*Q87)/100000000 -> 6.656384 | L87: 1700 | M87: 1360 | N87: =1-(M87/L87) -> 0.2 | O87: =+'Trim Rwd'!H64 -> 266 | P87: =O87*(Q87-R87-S87) -> 40432 | Q87: 160 | R87: 0 | S87: 8 | T87: =E87*M87*O87*Q87/100000000 -> 6.656384 | U87: =E87*M87*O87*(Q87-R87-S87)/100000000 -> 6.3235648 | V87: =E87*G87*(1-N87)*O87/100*(R87+S87)/1000000 -> 0.3328192 | W87: =+'17'!K17/1000 -> 0 | AC87: =K87-T87 -> 0 | AD87: =+AM87+BA87 -> 21 | AE87: - Change Blade (14x) | AG87: 21 | AM87: =SUM(AF87:AL87)+AT87+AV87+AX87 -> 21 | AR87: =SUM(AN87:AQ87) -> 0 | BA87: =+AR87+AS87+AU87+AW87+AY87+AZ87 -> 0 | BC87: 14
AD88: =+AM88+BA88 -> 30 | AE88: - Change Spool (25x) | AH88: 30 | AM88: =SUM(AF88:AL88)+AT88+AV88+AX88 -> 30 | AR88: =SUM(AN88:AQ88) -> 0 | BA88: =+AR88+AS88+AU88+AW88+AY88+AZ88 -> 0
AD89: =+AM89+BA89 -> 7 | AE89: - Change Grade | AI89: 7 | AM89: =SUM(AF89:AL89)+AT89+AV89+AX89 -> 7 | AR89: =SUM(AN89:AQ89) -> 0 | BA89: =+AR89+AS89+AU89+AW89+AY89+AZ89 -> 0
A91: 45856 | B91: Facial | C91: =(M91*E91*O91*Q91)/100000000 -> 58.938365 | D91: Off White | E91: 11.5 | F91: 1 | G91: 1700 | H91: 0.2 | I91: 0.88 | J91: =E91*G91*(1-H91)*1440/1000000*2.77 -> 62.384832 | K91: =(IF(G91<L91,L91,G91)*(1-IF(H91<N91,H91,N91))*E91*O91*Q91)/100000000 -> 59.907456 | L91: 1673 | M91: 1338 | N91: =1-(M91/L91) -> 0.20023909 | O91: =+'Trim Rwd'!H66 -> 266 | P91: =O91*(Q91-R91-S91) -> 343938 | Q91: 1440 | R91: 0 | S91: 147 | T91: =E91*M91*O91*Q91/100000000 -> 58.938365 | U91: =E91*M91*O91*(Q91-R91-S91)/100000000 -> 52.92174 | V91: =E91*G91*(1-N91)*O91/100*(R91+S91)/1000000 -> 6.1137251 | W91: =+'18'!K34/1000 -> 53.707 | X91: =SUM(W91:W94)/SUM(K91:K94) -> 0.89649943 | Y91: 0 | Z91: 0 | AA91: =SUM(U91:U94)-SUM(W91:W94)-SUM(Z91:Z94)-SUM(Y91:Y94) -> -0.78525994 | AB91: =(SUM(K91:K94)-SUM(W91:W94)-SUM(Y91:Y94)-SUM(Z91:Z94)-SUM(AC91:AC94)-SUM(V91:V94))-AA91 -> -0.097100339 | AC91: =K91-T91 -> 0.9690912 | AD91: =+AM91+BA91 -> 100 | AE91: - Sheet Breaks (20x) | AF91: 100 | AM91: =SUM(AF91:AL91)+AT91+AV91+AX91 -> 100 | AR91: =SUM(AN91:AQ91) -> 0 | BA91: =+AR91+AS91+AU91+AW91+AY91+AZ91 -> 0 | BB91: 20
AD92: =+AM92+BA92 -> 18 | AE92: - Change Blade (13x) | AG92: 18 | AM92: =SUM(AF92:AL92)+AT92+AV92+AX92 -> 18 | AR92: =SUM(AN92:AQ92) -> 0 | BA92: =+AR92+AS92+AU92+AW92+AY92+AZ92 -> 0 | BC92: 13
AD93: =+AM93+BA93 -> 29 | AE93: - Change Spool (28x) | AH93: 29 | AM93: =SUM(AF93:AL93)+AT93+AV93+AX93 -> 29 | AR93: =SUM(AN93:AQ93) -> 0 | BA93: =+AR93+AS93+AU93+AW93+AY93+AZ93 -> 0
A95: 45857 | B95: Facial | C95: =(M95*E95*O95*Q95)/100000000 -> 18.981296 | D95: Off White | E95: 11.5 | F95: 1 | G95: 1700 | H95: 0.24 | I95: 0.88 | J95: =E95*G95*(1-H95)*1440/1000000*2.77 -> 59.26559 | K95: =(IF(G95<L95,L95,G95)*(1-IF(H95<N95,H95,N95))*E95*O95*Q95)/100000000 -> 19.556487 | L95: 1650 | M95: 1254 | N95: =1-(M95/L95) -> 0.24 | O95: =+'Trim Rwd'!H69 -> 262.19643 | P95: =O95*(Q95-R95-S95) -> 120085.96 | Q95: 502 | R95: 0 | S95: 44 | T95: =E95*M95*O95*Q95/100000000 -> 18.981296 | U95: =E95*M95*O95*(Q95-R95-S95)/100000000 -> 17.317597 | V95: =E95*G95*(1-N95)*O95/100*(R95+S95)/1000000 -> 1.7141144 | W95: =+'19'!K14/1000 -> 34.943 | X95: =SUM(W95:W98)/SUM(K95:K98) -> 0.90712458 | Y95: 0 | Z95: =+'19'!D7/1000 -> 0.71 | AA95: =SUM(U95:U98)-SUM(W95:W98)-SUM(Z95:Z98)-SUM(Y95:Y98) -> -0.90618432 | AB95: =(SUM(K95:K98)-SUM(W95:W98)-SUM(Y95:Y98)-SUM(Z95:Z98)-SUM(AC95:AC98)-SUM(V95:V98))-AA95 -> -0.07988038 | AC95: =K95-T95 -> 0.57519079 | AD95: =+AM95+BA95 -> 40 | AE95: - Sheet Breaks (8x) | AF95: 40 | AM95: =SUM(AF95:AL95)+AT95+AV95+AX95 -> 40 | AR95: =SUM(AN95:AQ95) -> 0 | BA95: =+AR95+AS95+AU95+AW95+AY95+AZ95 -> 0 | BB95: 8
B96: Facial | C96: =(M96*E96*O96*Q96)/100000000 -> 35.594916 | D96: Off White | E96: 10.3 | F96: 1 | G96: 1730 | H96: 0.2 | I96: 0.88 | J96: =E96*G96*(1-H96)*1440/1000000*2.77 -> 56.861142 | K96: =(IF(G96<L96,L96,G96)*(1-IF(H96<N96,H96,N96))*E96*O96*Q96)/100000000 -> 36.223062 | L96: 1700 | M96: 1360 | N96: =1-(M96/L96) -> 0.2 | O96: =+'Trim Rwd'!H72 -> 270.9 | P96: =O96*(Q96-R96-S96) -> 242184.6 | Q96: 938 | R96: 0 | S96: 44 | T96: =E96*M96*O96*Q96/100000000 -> 35.594916 | U96: =E96*M96*O96*(Q96-R96-S96)/100000000 -> 33.925219 | V96: =E96*G96*(1-N96)*O96/100*(R96+S96)/1000000 -> 1.6991628 | W96: =+'19'!K16/1000 -> 15.656 | Z96: =+('19'!D17+'19'!D26)/1000 -> 0.84 | AC96: =K96-T96 -> 0.62814558 | AD96: =+AM96+BA96 -> 18 | AE96: - Change Blade (15x) | AG96: 18 | AM96: =SUM(AF96:AL96)+AT96+AV96+AX96 -> 18 | AR96: =SUM(AN96:AQ96) -> 0 | BA96: =+AR96+AS96+AU96+AW96+AY96+AZ96 -> 0 | BC96: 15
AD97: =+AM97+BA97 -> 30 | AE97: - Change Spool (25x) | AH97: 30 | AM97: =SUM(AF97:AL97)+AT97+AV97+AX97 -> 30 | AR97: =SUM(AN97:AQ97) -> 0 | BA97: =+AR97+AS97+AU97+AW97+AY97+AZ97 -> 0
