Workbook

Sheet eff all
A1: DATE | B1: PM 11 | L1: PM 12 | Z1: PM 14 | AN1: PM 15 | BF1: PM 16 | BT1: PM 17
B2: Eff Avaliable | D2: Eff Running | F2: PHP (ton) | H2: STEAM/Ton FG | J2: ELECTRIC/ton FG | L2: Eff Avaliable | N2: Eff Running | P2: PHP (ton) | R2: STEAM/ton FG | T2: STEAM DIP/ton FG | V2: ELECTRIC/ton FG | X2: ELECTRIC DIP/ton FG | Z2: Eff Avaliable | AB2: Eff Running | AD2: PHP (ton) | AF2: GAS /ton FG | AH2: STEAM /ton FG | AJ2: ELECTRIC /ton FG | AL2: Electric WPL /ton FG | AN2: Eff Avaliable | AP2: Eff Running | AR2: PHP (ton) | AT2: GAS /ton FG | AV2: STEAM /ton FG | AX2: STEAM DIP /ton FG | AZ2: ELECTRIC /ton FG | BB2: ELECTRIC DIP /ton FG | BD2: Electric WPL /ton FG | BF2: Eff Avaliable | BH2: Eff Running | BJ2: PHP (ton) | BL2: STEAM /ton FG | BN2: STEAM DIP/ton FG | BP2: ELECTRIC /ton FG | BR2: ELECTRIC DIP/ton FG | BT2: Eff Avaliable | BV2: Eff Running | BX2: PHP (ton) | BZ2: GAS /ton FG | CB2: STEAM /ton FG | CD2: STEAM DIP /ton FG | CF2: ELECTRIC /ton FG | CH2: ELECTRIC DIP /ton FG | CJ2: ELECTRIC WPL /ton FG
B3: Today | C3: Todate | D3: Today | E3: Todate | F3: Today | G3: Todate | H3: Today | I3: Todate | J3: Today | K3: Todate | L3: Today | M3: Todate | N3: Today | O3: Todate | P3: Today | Q3: Todate | R3: Today | S3: Todate | T3: Today | U3: Todate | V3: Today | W3: Todate | X3: Today | Y3: Todate | Z3: Today | AA3: Todate | AB3: Today | AC3: Todate | AD3: Today | AE3: Todate | AF3: Today | AG3: Todate | AH3: Today | AI3: Todate | AJ3: Today | AK3: Todate | AL3: Today | AM3: Todate | AN3: Today | AO3: Todate | AP3: Today | AQ3: Todate | AR3: Today | AS3: Todate | AT3: Today | AU3: Todate | AV3: Today | AW3: Todate | AX3: Today | AY3: Todate | AZ3: Today | BA3: Todate | BB3: Today | BC3: Todate | BD3: Today | BE3: Todate | BF3: Today | BG3: Todate | BH3: Today | BI3: Todate | BJ3: Today | BK3: Todate | BL3: Today | BM3: Todate | BN3: Today | BO3: Todate | BP3: Today | BQ3: Todate | BR3: Today | BS3: Todate | BT3: Today | BU3: Todate | BV3: Today | BW3: Todate | BX3: Today | BY3: Todate | BZ3: Today | CA3: Todate | CB3: Today | CC3: Todate | CD3: Today | CE3: Todate | CF3: Today | CG3: Todate | CH3: Today | CI3: Todate | CJ3: Today | CK3: Todate
A4: =+Report1!A9 -> 45931 | B4: =+Report1!J9 -> 0.27966994 | C4: =+Report1!K9 -> 0.27966994 | D4: =+Report1!AJ9 -> 0.40002229 | E4: =+Report1!AK9 -> 0.40002229 | F4: =+Report1!R9 -> 17.941 | G4: =+Report1!S9 -> 17.941 | H4: =+Report1!X9 -> 2.9326125 | I4: =+Report1!Y9 -> 2.9326125 | J4: =+Report1!AD9 -> 1661.5183 | K4: =+Report1!AE9 -> 1661.5183 | L4: =+[1]Report1!J9 -> 0 | M4: =+[1]Report1!K9 -> 0 | N4: =+[1]Report1!BJ9 -> #DIV/0! | O4: =+[1]Report1!BK9 -> #DIV/0! | P4: =+[1]Report1!R9 -> 0 | Q4: =+[1]Report1!S9 -> 0 | R4: =+[1]Report1!AL9 -> 0 | S4: =+[1]Report1!AM9 -> 0 | T4: =+[1]Report1!AR9 -> 0 | U4: =+[1]Report1!AS9 -> 0 | V4: =+[1]Report1!AX9 -> 0 | W4: =+[1]Report1!AY9 -> 0 | X4: =+[1]Report1!BD9 -> 0 | Y4: =+[1]Report1!BE9 -> 0 | Z4: =+[2]Report1!J9 -> 0.20474 | AA4: =+[2]Report1!K9 -> 0.20474 | AB4: =+[2]Report1!BC9 -> 0.40948 | AC4: =+[2]Report1!BD9 -> 0.40948 | AD4: =+[2]Report1!R9 -> 8.913 | AE4: =+[2]Report1!S9 -> 8.913 | AF4: =+[2]Report1!X9 -> 244.31698 | AG4: =+[2]Report1!Y9 -> 244.31698 | AH4: =+[2]Report1!AD9 -> 4.3980702 | AI4: =+[2]Report1!AE9 -> 4.3980702 | AJ4: =+[2]Report1!AJ9 -> 2759.7105 | AK4: =+[2]Report1!AK9 -> 2759.7105 | AL4: =+[3]Report1!AP9 -> 0 | AM4: =+[3]Report1!AQ9 -> 0 | AN4: =+[4]Report1!J9 -> 0.57523912 | AO4: =+[4]Report1!K9 -> 0.57523912 | AP4: =+[4]Report1!BN9 -> 0.65489845 | AQ4: =+[4]Report1!BO9 -> 0.65489845 | AR4: =+[4]Report1!R9 -> 29.349 | AS4: =+[4]Report1!S9 -> 29.349 | AT4: =+[4]Report1!AF9 -> 137.80377 | AU4: =+[4]Report1!AG9 -> 137.80377 | AV4: =+[4]Report1!AL9 -> 1.6457119 | AW4: =+[4]Report1!AM9 -> 1.6457119 | AX4: =+[4]Report1!AR9 -> 0 | AY4: =+[4]Report1!AS9 -> 0 | AZ4: =+[4]Report1!AX9 -> 1246.9692 | BA4: =+[4]Report1!AY9 -> 1246.9692 | BB4: =+[4]Report1!BD9 -> 0 | BC4: =+[4]Report1!BE9 -> 0 | BD4: =+[4]Report1!BJ9 -> 0 | BE4: =+[4]Report1!BK9 -> 0 | BF4: =+[5]Report1!J9 -> 0.37609655 | BG4: =+[5]Report1!K9 -> 0.37609655 | BH4: =+[5]Report1!AN9 -> 0.4828526 | BI4: =+[5]Report1!AO9 -> 0.4828526 | BJ4: =+[5]Report1!R9 -> 18.686 | BK4: =+[5]Report1!S9 -> 18.686 | BL4: =+[5]Report1!AD9 -> 4.2598737 | BM4: =+[5]Report1!AE9 -> 4.2598737 | BN4: 0 | BO4: 0 | BP4: =+[5]Report1!AJ9 -> 2001.7446 | BQ4: =+[5]Report1!AK9 -> 2001.7446 | BR4: 0 | BS4: 0 | BT4: =+[6]Report1!J9 -> 0.063779031 | BU4: =+[6]Report1!K9 -> 0.063779031 | BV4: =+[6]Report1!BA9 -> #DIV/0! | BW4: =+[6]Report1!BB9 -> #DIV/0! | BX4: =+[6]Report1!R9 -> 3.364 | BY4: =+[6]Report1!S9 -> 3.364 | BZ4: =+[6]Report1!X9 -> 0 | CA4: =+[6]Report1!Y9 -> 0 | CB4: =+[6]Report1!AD9 -> 0.11890606 | CC4: =+[6]Report1!AE9 -> 0.11890606 | CD4: =+[6]Report1!AJ9 -> 0 | CE4: =+[6]Report1!AK9 -> 0 | CF4: =+[6]Report1!AP9 -> 1542.0036 | CG4: =+[6]Report1!AQ9 -> 1542.0036 | CH4: =+[6]Report1!AV9 -> 0 | CI4: =+[6]Report1!AW9 -> 0
A5: =1+A4 -> 45932 | B5: =+Report1!J10 -> 0.75908102 | C5: =+Report1!K10 -> 0.53436518 | D5: =+Report1!AJ10 -> 0.75908102 | E5: =+Report1!AK10 -> 0.62209629 | F5: =+Report1!R10 -> 55.192 | G5: =+Report1!S10 -> 73.133 | H5: =+Report1!X10 -> 2.7908936 | I5: =+Report1!Y10 -> 2.8256601 | J5: =+Report1!AD10 -> 1050.2279 | K5: =+Report1!AE10 -> 1200.1898 | L5: =+[1]Report1!J10 -> 0.63705352 | M5: =+[1]Report1!K10 -> 0.28260253 | N5: =+[1]Report1!BJ10 -> 0.76446422 | O5: =+[1]Report1!BK10 -> 0.76446422 | P5: =+[1]Report1!R10 -> 35.399 | Q5: =+[1]Report1!S10 -> 35.399 | R5: =+[1]Report1!AL10 -> 4.1513602 | S5: =+[1]Report1!AM10 -> 4.2126331 | T5: =+[1]Report1!AR10 -> 0.42939066 | U5: =+[1]Report1!AS10 -> 0.42939066 | V5: =+[1]Report1!AX10 -> 942.90714 | W5: =+[1]Report1!AY10 -> 1207.4415 | X5: =+[1]Report1!BD10 -> 981.29891 | Y5: =+[1]Report1!BE10 -> 1224.5261 | Z5: =+[2]Report1!J10 -> 0.84868927 | AA5: =+[2]Report1!K10 -> 0.52514178 | AB5: =+[2]Report1!BC10 -> 0.84868927 | AC5: =+[2]Report1!BD10 -> 0.70133105 | AD5: =+[2]Report1!R10 -> 36.587 | AE5: =+[2]Report1!S10 -> 45.5 | AF5: =+[2]Report1!X10 -> 125.28724 | AG5: =+[2]Report1!Y10 -> 148.60399 | AH5: =+[2]Report1!AD10 -> 1.656326 | AI5: =+[2]Report1!AE10 -> 2.1934066 | AJ5: =+[2]Report1!AJ10 -> 1112.8045 | AK5: =+[2]Report1!AK10 -> 1435.4171 | AL5: =+[3]Report1!AP10 -> 0 | AM5: =+[3]Report1!AQ10 -> 0 | AN5: =+[4]Report1!J10 -> 0.91422026 | AO5: =+[4]Report1!K10 -> 0.74490575 | AP5: =+[4]Report1!BN10 -> 0.91422026 | AQ5: =+[4]Report1!BO10 -> 0.79308985 | AR5: =+[4]Report1!R10 -> 46.741 | AS5: =+[4]Report1!S10 -> 76.09 | AT5: =+[4]Report1!AF10 -> 119.51212 | AU5: =+[4]Report1!AG10 -> 126.56747 | AV5: =+[4]Report1!AL10 -> 1.4312916 | AW5: =+[4]Report1!AM10 -> 1.5139966 | AX5: =+[4]Report1!AR10 -> 0 | AY5: =+[4]Report1!AS10 -> 0 | AZ5: =+[4]Report1!AX10 -> 958.56272 | BA5: =+[4]Report1!AY10 -> 1069.8052 | BB5: =+[4]Report1!BD10 -> 0 | BC5: =+[4]Report1!BE10 -> 0 | BD5: =+[4]Report1!BJ10 -> 0 | BE5: =+[4]Report1!BK10 -> 0 | BF5: =+[5]Report1!J10 -> 0.95144341 | BG5: =+[5]Report1!K10 -> 0.67262167 | BH5: =+[5]Report1!AN10 -> 0.95144341 | BI5: =+[5]Report1!AO10 -> 0.75333867 | BJ5: =+[5]Report1!R10 -> 50.273 | BK5: =+[5]Report1!S10 -> 68.959 | BL5: =+[5]Report1!AD10 -> 2.3352495 | BM5: =+[5]Report1!AE10 -> 2.85677 | BN5: 0 | BO5: 0 | BP5: =+[5]Report1!AJ10 -> 877.57564 | BQ5: =+[5]Report1!AK10 -> 1182.1946 | BR5: 0 | BS5: 0 | BT5: =+[6]Report1!J10 -> 0 | BU5: =+[6]Report1!K10 -> 0.031889516 | BV5: =+[6]Report1!BA10 -> #DIV/0! | BW5: =+[6]Report1!BB10 -> #DIV/0! | BX5: =+[6]Report1!R10 -> 0 | BY5: =+[6]Report1!S10 -> 3.364 | BZ5: =+[6]Report1!X10 -> 0 | CA5: =+[6]Report1!Y10 -> 0 | CB5: =+[6]Report1!AD10 -> 0 | CC5: =+[6]Report1!AE10 -> 0.14863258 | CD5: =+[6]Report1!AJ10 -> 0 | CE5: =+[6]Report1!AK10 -> 0 | CF5: =+[6]Report1!AP10 -> 0 | CG5: =+[6]Report1!AQ10 -> 2806.6231 | CH5: =+[6]Report1!AV10 -> 0 | CI5: =+[6]Report1!AW10 -> 0
A6: =1+A5 -> 45933 | B6: =+Report1!J11 -> 1.04961 | C6: =+Report1!K11 -> 0.72564174 | D6: =+Report1!AJ11 -> 1.04961 | E6: =+Report1!AK11 -> 0.79624621 | F6: =+Report1!R11 -> 84.813 | G6: =+Report1!S11 -> 157.946 | H6: =+Report1!X11 -> 1.8975747 | I6: =+Report1!Y11 -> 2.3273017 | J6: =+Report1!AD11 -> 651.81305 | K6: =+Report1!AE11 -> 905.72537 | L6: =+[1]Report1!J11 -> 0.89617874 | M6: =+[1]Report1!K11 -> 0.4794761 | N6: =+[1]Report1!BJ11 -> 0.89617874 | O6: =+[1]Report1!BK11 -> 0.83835935 | P6: =+[1]Report1!R11 -> 53.036 | Q6: =+[1]Report1!S11 -> 88.435 | R6: =+[1]Report1!AL11 -> 2.5553963 | S6: =+[1]Report1!AM11 -> 3.2187595 | T6: =+[1]Report1!AR11 -> 0.19043668 | U6: =+[1]Report1!AS11 -> 0.28608583 | V6: =+[1]Report1!AX11 -> 680.19326 | W6: =+[1]Report1!AY11 -> 891.24159 | X6: =+[1]Report1!BD11 -> 513.5606 | Y6: =+[1]Report1!BE11 -> 798.14779 | Z6: =+[2]Report1!J11 -> 0.85738843 | AA6: =+[2]Report1!K11 -> 0.63456998 | AB6: =+[2]Report1!BC11 -> 0.85738843 | AC6: =+[2]Report1!BD11 -> 0.76314407 | AD6: =+[2]Report1!R11 -> 36.483 | AE6: =+[2]Report1!S11 -> 81.983 | AF6: =+[2]Report1!X11 -> 123.84804 | AG6: =+[2]Report1!Y11 -> 137.58742 | AH6: =+[2]Report1!AD11 -> 1.5267385 | AI6: =+[2]Report1!AE11 -> 1.8967347 | AJ6: =+[2]Report1!AJ11 -> 1072.6152 | AK6: =+[2]Report1!AK11 -> 1273.9678 | AL6: =+[3]Report1!AP11 -> 0 | AM6: =+[3]Report1!AQ11 -> 0 | AN6: =+[4]Report1!J11 -> 0.91821354 | AO6: =+[4]Report1!K11 -> 0.80302507 | AP6: =+[4]Report1!BN11 -> 0.91821354 | AQ6: =+[4]Report1!BO11 -> 0.83681617 | AR6: =+[4]Report1!R11 -> 47.324 | AS6: =+[4]Report1!S11 -> 123.414 | AT6: =+[4]Report1!AF11 -> 130.7297 | AU6: =+[4]Report1!AG11 -> 128.1635 | AV6: =+[4]Report1!AL11 -> 1.4516947 | AW6: =+[4]Report1!AM11 -> 1.4901065 | AX6: =+[4]Report1!AR11 -> 0.18595216 | AY6: =+[4]Report1!AS11 -> 0.071304714 | AZ6: =+[4]Report1!AX11 -> 894.30775 | BA6: =+[4]Report1!AY11 -> 1002.5094 | BB6: =+[4]Report1!BD11 -> 485.05621 | BC6: =+[4]Report1!BE11 -> 185.99835 | BD6: =+[4]Report1!BJ11 -> 4.0148762 | BE6: =+[4]Report1!BK11 -> 1.5395336 | BF6: =+[5]Report1!J11 -> 0.79954858 | BG6: =+[5]Report1!K11 -> 0.71604177 | BH6: =+[5]Report1!AN11 -> 0.79954858 | BI6: =+[5]Report1!AO11 -> 0.77034534 | BJ6: =+[5]Report1!R11 -> 42.622 | BK6: =+[5]Report1!S11 -> 111.581 | BL6: =+[5]Report1!AD11 -> 2.9327577 | BM6: =+[5]Report1!AE11 -> 2.885796 | BN6: 0 | BO6: 0 | BP6: =+[5]Report1!AJ11 -> 1059.4163 | BQ6: =+[5]Report1!AK11 -> 1135.2954 | BR6: 0 | BS6: 0 | BT6: =+[6]Report1!J11 -> 0 | BU6: =+[6]Report1!K11 -> 0.021259677 | BV6: =+[6]Report1!BA11 -> #DIV/0! | BW6: =+[6]Report1!BB11 -> #DIV/0! | BX6: =+[6]Report1!R11 -> 0 | BY6: =+[6]Report1!S11 -> 3.364 | BZ6: =+[6]Report1!X11 -> 0 | CA6: =+[6]Report1!Y11 -> 0 | CB6: =+[6]Report1!AD11 -> 0 | CC6: =+[6]Report1!AE11 -> 0.1783591 | CD6: =+[6]Report1!AJ11 -> 0 | CE6: =+[6]Report1!AK11 -> 0 | CF6: =+[6]Report1!AP11 -> 0 | CG6: =+[6]Report1!AQ11 -> 3318.5791 | CH6: =+[6]Report1!AV11 -> 0 | CI6: =+[6]Report1!AW11 -> 0
A7: =1+A6 -> 45934 | B7: =+Report1!J12 -> 0.76859272 | C7: =+Report1!K12 -> 0.73703148 | D7: =+Report1!AJ12 -> 0.76859272 | E7: =+Report1!AK12 -> 0.78840194 | F7: =+Report1!R12 -> 60.373 | G7: =+Report1!S12 -> 218.319 | H7: =+Report1!X12 -> 2.4247925 | I7: =+Report1!Y12 -> 2.3542614 | J7: =+Report1!AD12 -> 804.43973 | K7: =+Report1!AE12 -> 877.71628 | L7: =+[1]Report1!J12 -> 0.55182441 | M7: =+[1]Report1!K12 -> 0.49705656 | N7: =+[1]Report1!BJ12 -> 0.55182441 | O7: =+[1]Report1!BK12 -> 0.73535189 | P7: =+[1]Report1!R12 -> 32.671 | Q7: =+[1]Report1!S12 -> 121.106 | R7: =+[1]Report1!AL12 -> 3.7707753 | S7: =+[1]Report1!AM12 -> 3.3676779 | T7: =+[1]Report1!AR12 -> 0.25710875 | U7: =+[1]Report1!AS12 -> 0.27826862 | V7: =+[1]Report1!AX12 -> 906.68666 | W7: =+[1]Report1!AY12 -> 895.40824 | X7: =+[1]Report1!BD12 -> 688.39338 | Y7: =+[1]Report1!BE12 -> 768.53913 | Z7: =+[2]Report1!J12 -> 0.91146148 | AA7: =+[2]Report1!K12 -> 0.70620875 | AB7: =+[2]Report1!BC12 -> 0.91146148 | AC7: =+[2]Report1!BD12 -> 0.80699389 | AD7: =+[2]Report1!R12 -> 41.1 | AE7: =+[2]Report1!S12 -> 123.083 | AF7: =+[2]Report1!X12 -> 108.17045 | AG7: =+[2]Report1!Y12 -> 127.76447 | AH7: =+[2]Report1!AD12 -> 1.4793187 | AI7: =+[2]Report1!AE12 -> 1.7573507 | AJ7: =+[2]Report1!AJ12 -> 902.34647 | AK7: =+[2]Report1!AK12 -> 1149.8756 | AL7: =+[3]Report1!AP12 -> 0 | AM7: =+[3]Report1!AQ12 -> 0 | AN7: =+[4]Report1!J12 -> 0.79414901 | AO7: =+[4]Report1!K12 -> 0.80079737 | AP7: =+[4]Report1!BN12 -> 0.79414901 | AQ7: =+[4]Report1!BO12 -> 0.82577361 | AR7: =+[4]Report1!R12 -> 40.896 | AS7: =+[4]Report1!S12 -> 164.31 | AT7: =+[4]Report1!AF12 -> 143.4271 | AU7: =+[4]Report1!AG12 -> 131.96254 | AV7: =+[4]Report1!AL12 -> 1.5038146 | AW7: =+[4]Report1!AM12 -> 1.4935183 | AX7: =+[4]Report1!AR12 -> 0.21273474 | AY7: =+[4]Report1!AS12 -> 0.10650599 | AZ7: =+[4]Report1!AX12 -> 934.23415 | BA7: =+[4]Report1!AY12 -> 985.51604 | BB7: =+[4]Report1!BD12 -> 540.60299 | BC7: =+[4]Report1!BE12 -> 274.25781 | BD7: =+[4]Report1!BJ12 -> 3.6678404 | BE7: =+[4]Report1!BK12 -> 2.0692593 | BF7: =+[5]Report1!J12 -> 0.88507614 | BG7: =+[5]Report1!K12 -> 0.75890216 | BH7: =+[5]Report1!AN12 -> 0.88507614 | BI7: =+[5]Report1!AO12 -> 0.80105226 | BJ7: =+[5]Report1!R12 -> 46.851 | BK7: =+[5]Report1!S12 -> 158.432 | BL7: =+[5]Report1!AD12 -> 2.7021835 | BM7: =+[5]Report1!AE12 -> 2.8314987 | BN7: 0 | BO7: 0 | BP7: =+[5]Report1!AJ12 -> 1068.1283 | BQ7: =+[5]Report1!AK12 -> 1115.433 | BR7: 0 | BS7: 0 | BT7: =+[6]Report1!J12 -> 0 | BU7: =+[6]Report1!K12 -> 0.015944758 | BV7: =+[6]Report1!BA12 -> #DIV/0! | BW7: =+[6]Report1!BB12 -> #DIV/0! | BX7: =+[6]Report1!R12 -> 0 | BY7: =+[6]Report1!S12 -> 3.364 | BZ7: =+[6]Report1!X12 -> 0 | CA7: =+[6]Report1!Y12 -> 0 | CB7: =+[6]Report1!AD12 -> 0 | CC7: =+[6]Report1!AE12 -> 0.20808561 | CD7: =+[6]Report1!AJ12 -> 0 | CE7: =+[6]Report1!AK12 -> 0 | CF7: =+[6]Report1!AP12 -> 0 | CG7: =+[6]Report1!AQ12 -> 4500.6361 | CH7: =+[6]Report1!AV12 -> 0 | CI7: =+[6]Report1!AW12 -> 0
A8: =1+A7 -> 45935 | B8: =+Report1!J13 -> 0.8903163 | C8: =+Report1!K13 -> 0.76944113 | D8: =+Report1!AJ13 -> 0.8903163 | E8: =+Report1!AK13 -> 0.81111725 | F8: =+Report1!R13 -> 70.711 | G8: =+Report1!S13 -> 289.03 | H8: =+Report1!X13 -> 2.072167 | I8: =+Report1!Y13 -> 2.2852472 | J8: =+Report1!AD13 -> 697.06948 | K8: =+Report1!AE13 -> 833.52116 | L8: =+[1]Report1!J13 -> 0.71890526 | M8: =+[1]Report1!K13 -> 0.54222786 | N8: =+[1]Report1!BJ13 -> 0.71890526 | O8: =+[1]Report1!BK13 -> 0.7308383 | P8: =+[1]Report1!R13 -> 44.783 | Q8: =+[1]Report1!S13 -> 165.889 | R8: =+[1]Report1!AL13 -> 2.7971105 | S8: =+[1]Report1!AM13 -> 3.2136489 | T8: =+[1]Report1!AR13 -> 0.23669696 | U8: =+[1]Report1!AS13 -> 0.26704604 | V8: =+[1]Report1!AX13 -> 701.36257 | W8: =+[1]Report1!AY13 -> 843.02413 | X8: =+[1]Report1!BD13 -> 578.13545 | Y8: =+[1]Report1!BE13 -> 717.13821 | Z8: =+[2]Report1!J13 -> 0.92939545 | AA8: =+[2]Report1!K13 -> 0.75069483 | AB8: =+[2]Report1!BC13 -> 0.92939545 | AC8: =+[2]Report1!BD13 -> 0.83410195 | AD8: =+[2]Report1!R13 -> 40.324 | AE8: =+[2]Report1!S13 -> 163.407 | AF8: =+[2]Report1!X13 -> 105.11704 | AG8: =+[2]Report1!Y13 -> 122.17576 | AH8: =+[2]Report1!AD13 -> 1.5003472 | AI8: =+[2]Report1!AE13 -> 1.6939299 | AJ8: =+[2]Report1!AJ13 -> 976.60153 | AK8: =+[2]Report1!AK13 -> 1107.1167 | AL8: =+[3]Report1!AP13 -> 0 | AM8: =+[3]Report1!AQ13 -> 0 | AN8: =+[4]Report1!J13 -> 0.61549655 | AO8: =+[4]Report1!K13 -> 0.76362119 | AP8: =+[4]Report1!BN13 -> 0.61549655 | AQ8: =+[4]Report1!BO13 -> 0.78254128 | AR8: =+[4]Report1!R13 -> 31.696 | AS8: =+[4]Report1!S13 -> 196.006 | AT8: =+[4]Report1!AF13 -> 154.55453 | AU8: =+[4]Report1!AG13 -> 135.61588 | AV8: =+[4]Report1!AL13 -> 2.1012115 | AW8: =+[4]Report1!AM13 -> 1.591788 | AX8: =+[4]Report1!AR13 -> 0.29025745 | AY8: =+[4]Report1!AS13 -> 0.13622032 | AZ8: =+[4]Report1!AX13 -> 1215.3104 | BA8: =+[4]Report1!AY13 -> 1022.6759 | BB8: =+[4]Report1!BD13 -> 662.74483 | BC8: =+[4]Report1!BE13 -> 337.07978 | BD8: =+[4]Report1!BJ13 -> 3.8175164 | BE8: =+[4]Report1!BK13 -> 2.3519688 | BF8: =+[5]Report1!J13 -> 0.86866891 | BG8: =+[5]Report1!K13 -> 0.77983074 | BH8: =+[5]Report1!AN13 -> 0.86866891 | BI8: =+[5]Report1!AO13 -> 0.81451777 | BJ8: =+[5]Report1!R13 -> 42.722 | BK8: =+[5]Report1!S13 -> 201.154 | BL8: =+[5]Report1!AD13 -> 2.8861008 | BM8: =+[5]Report1!AE13 -> 2.8430953 | BN8: 0 | BO8: 0 | BP8: =+[5]Report1!AJ13 -> 1140.8867 | BQ8: =+[5]Report1!AK13 -> 1120.839 | BR8: 0 | BS8: 0 | BT8: =+[6]Report1!J13 -> 0 | BU8: =+[6]Report1!K13 -> 0.012755806 | BV8: =+[6]Report1!BA13 -> #DIV/0! | BW8: =+[6]Report1!BB13 -> #DIV/0! | BX8: =+[6]Report1!R13 -> 0 | BY8: =+[6]Report1!S13 -> 3.364 | BZ8: =+[6]Report1!X13 -> 0 | CA8: =+[6]Report1!Y13 -> 0 | CB8: =+[6]Report1!AD13 -> 0 | CC8: =+[6]Report1!AE13 -> 0.23781213 | CD8: =+[6]Report1!AJ13 -> 0 | CE8: =+[6]Report1!AK13 -> 0 | CF8: =+[6]Report1!AP13 -> 0 | CG8: =+[6]Report1!AQ13 -> 5398.5196 | CH8: =+[6]Report1!AV13 -> 0 | CI8: =+[6]Report1!AW13 -> 0
A9: =1+A8 -> 45936 | B9: =+Report1!J14 -> 0.82304459 | C9: =+Report1!K14 -> 0.77853842 | D9: =+Report1!AJ14 -> 0.82304459 | E9: =+Report1!AK14 -> 0.8132317 | F9: =+Report1!R14 -> 63.195 | G9: =+Report1!S14 -> 352.225 | H9: =+Report1!X14 -> 2.2893583 | I9: =+Report1!Y14 -> 2.2859848 | J9: =+Report1!AD14 -> 842.38848 | K9: =+Report1!AE14 -> 835.1121 | L9: =+[1]Report1!J14 -> 0.92244268 | M9: =+[1]Report1!K14 -> 0.60950089 | N9: =+[1]Report1!BJ14 -> 0.92244268 | O9: =+[1]Report1!BK14 -> 0.77388286 | P9: =+[1]Report1!R14 -> 60.667 | Q9: =+[1]Report1!S14 -> 226.556 | R9: =+[1]Report1!AL14 -> 2.2418119 | S9: =+[1]Report1!AM14 -> 2.9534111 | T9: =+[1]Report1!AR14 -> 0.16977929 | U9: =+[1]Report1!AS14 -> 0.24100002 | V9: =+[1]Report1!AX14 -> 594.68261 | W9: =+[1]Report1!AY14 -> 776.52342 | X9: =+[1]Report1!BD14 -> 432.94378 | Y9: =+[1]Report1!BE14 -> 641.03683 | Z9: =+[2]Report1!J14 -> 0.95068274 | AA9: =+[2]Report1!K14 -> 0.7842481 | AB9: =+[2]Report1!BC14 -> 0.95068274 | AC9: =+[2]Report1!BD14 -> 0.85543695 | AD9: =+[2]Report1!R14 -> 41.719 | AE9: =+[2]Report1!S14 -> 205.126 | AF9: =+[2]Report1!X14 -> 107.09364 | AG9: =+[2]Report1!Y14 -> 119.10832 | AH9: =+[2]Report1!AD14 -> 1.4166207 | AI9: =+[2]Report1!AE14 -> 1.6375301 | AJ9: =+[2]Report1!AJ14 -> 897.06704 | AK9: =+[2]Report1!AK14 -> 1064.3963 | AL9: =+[3]Report1!AP14 -> 0 | AM9: =+[3]Report1!AQ14 -> 0 | AN9: =+[4]Report1!J14 -> 0.60328659 | AO9: =+[4]Report1!K14 -> 0.73598063 | AP9: =+[4]Report1!BN14 -> 0.60328659 | AQ9: =+[4]Report1!BO14 -> 0.75100806 | AR9: =+[4]Report1!R14 -> 32.256 | AS9: =+[4]Report1!S14 -> 228.262 | AT9: =+[4]Report1!AF14 -> 155.08 | AU9: =+[4]Report1!AG14 -> 138.36638 | AV9: =+[4]Report1!AL14 -> 1.8446181 | AW9: =+[4]Report1!AM14 -> 1.6275157 | AX9: =+[4]Report1!AR14 -> 0.21081349 | AY9: =+[4]Report1!AS14 -> 0.14676118 | AZ9: =+[4]Report1!AX14 -> 1128.3092 | BA9: =+[4]Report1!AY14 -> 1037.6031 | BB9: =+[4]Report1!BD14 -> 515.5506 | BC9: =+[4]Report1!BE14 -> 362.29973 | BD9: =+[4]Report1!BJ14 -> 3.0691964 | BE9: =+[4]Report1!BK14 -> 2.4533212 | BF9: =+[5]Report1!J14 -> 0.87306104 | BG9: =+[5]Report1!K14 -> 0.79531404 | BH9: =+[5]Report1!AN14 -> 0.87306104 | BI9: =+[5]Report1!AO14 -> 0.82459839 | BJ9: =+[5]Report1!R14 -> 44.849 | BK9: =+[5]Report1!S14 -> 246.003 | BL9: =+[5]Report1!AD14 -> 2.7782113 | BM9: =+[5]Report1!AE14 -> 2.8312663 | BN9: 0 | BO9: 0 | BP9: =+[5]Report1!AJ14 -> 1130.4484 | BQ9: =+[5]Report1!AK14 -> 1122.5909 | BR9: 0 | BS9: 0 | BT9: =+[6]Report1!J14 -> 0 | BU9: =+[6]Report1!K14 -> 0.010629839 | BV9: =+[6]Report1!BA14 -> #DIV/0! | BW9: =+[6]Report1!BB14 -> #DIV/0! | BX9: =+[6]Report1!R14 -> 0 | BY9: =+[6]Report1!S14 -> 3.364 | BZ9: =+[6]Report1!X14 -> 0 | CA9: =+[6]Report1!Y14 -> 0 | CB9: =+[6]Report1!AD14 -> 0 | CC9: =+[6]Report1!AE14 -> 0.26753864 | CD9: =+[6]Report1!AJ14 -> 0 | CE9: =+[6]Report1!AK14 -> 0 | CF9: =+[6]Report1!AP14 -> 0 | CG9: =+[6]Report1!AQ14 -> 6062.83 | CH9: =+[6]Report1!AV14 -> 0 | CI9: =+[6]Report1!AW14 -> 0
A10: =1+A9 -> 45937 | B10: =+Report1!J15 -> 0.85142903 | C10: =+Report1!K15 -> 0.78797623 | D10: =+Report1!AJ15 -> 0.85142903 | E10: =+Report1!AK15 -> 0.81836821 | F10: =+Report1!R15 -> 57.294 | G10: =+Report1!S15 -> 409.519 | H10: =+Report1!X15 -> 2.4499948 | I10: =+Report1!Y15 -> 2.3089307 | J10: =+Report1!AD15 -> 1012.9036 | K10: =+Report1!AE15 -> 859.98613 | L10: =+[1]Report1!J15 -> 1.0472504 | M10: =+[1]Report1!K15 -> 0.67572565 | N10: =+[1]Report1!BJ15 -> 1.0472504 | O10: =+[1]Report1!BK15 -> 0.82433443 | P10: =+[1]Report1!R15 -> 69.388 | Q10: =+[1]Report1!S15 -> 295.944 | R10: =+[1]Report1!AL15 -> 1.7545253 | S10: =+[1]Report1!AM15 -> 2.6723164 | T10: =+[1]Report1!AR15 -> 0.18879345 | U10: =+[1]Report1!AS15 -> 0.2287595 | V10: =+[1]Report1!AX15 -> 518.71001 | W10: =+[1]Report1!AY15 -> 716.07564 | X10: =+[1]Report1!BD15 -> 502.37217 | Y10: =+[1]Report1!BE15 -> 608.52506 | Z10: =+[2]Report1!J15 -> 0.96700039 | AA10: =+[2]Report1!K15 -> 0.81047101 | AB10: =+[2]Report1!BC15 -> 0.96700039 | AC10: =+[2]Report1!BD15 -> 0.87267366 | AD10: =+[2]Report1!R15 -> 42.372 | AE10: =+[2]Report1!S15 -> 247.498 | AF10: =+[2]Report1!X15 -> 99.457189 | AG10: =+[2]Report1!Y15 -> 115.74402 | AH10: =+[2]Report1!AD15 -> 1.3900689 | AI10: =+[2]Report1!AE15 -> 1.5951644 | AJ10: =+[2]Report1!AJ15 -> 930.64524 | AK10: =+[2]Report1!AK15 -> 1041.498 | AL10: =+[3]Report1!AP15 -> 0 | AM10: =+[3]Report1!AQ15 -> 0 | AN10: =+[4]Report1!J15 -> 0.82758586 | AO10: =+[4]Report1!K15 -> 0.7496527 | AP10: =+[4]Report1!BN15 -> 0.82758586 | AQ10: =+[4]Report1!BO15 -> 0.76263522 | AR10: =+[4]Report1!R15 -> 45.029 | AS10: =+[4]Report1!S15 -> 273.291 | AT10: =+[4]Report1!AF15 -> 110.61316 | AU10: =+[4]Report1!AG15 -> 133.7936 | AV10: =+[4]Report1!AL15 -> 1.381332 | AW10: =+[4]Report1!AM15 -> 1.5869531 | AX10: =+[4]Report1!AR15 -> 0.148793 | AY10: =+[4]Report1!AS15 -> 0.14709595 | AZ10: =+[4]Report1!AX15 -> 851.30249 | BA10: =+[4]Report1!AY15 -> 1006.9071 | BB10: =+[4]Report1!BD15 -> 384.40561 | BC10: =+[4]Report1!BE15 -> 365.94202 | BD10: =+[4]Report1!BJ15 -> 2.6649493 | BE10: =+[4]Report1!BK15 -> 2.4881902 | BF10: =+[5]Report1!J15 -> 0.87556478 | BG10: =+[5]Report1!K15 -> 0.80655069 | BH10: =+[5]Report1!AN15 -> 0.87556478 | BI10: =+[5]Report1!AO15 -> 0.83195948 | BJ10: =+[5]Report1!R15 -> 44.095 | BK10: =+[5]Report1!S15 -> 290.098 | BL10: =+[5]Report1!AD15 -> 2.7985032 | BM10: =+[5]Report1!AE15 -> 2.8262863 | BN10: 0 | BO10: 0 | BP10: =+[5]Report1!AJ15 -> 1250.0646 | BQ10: =+[5]Report1!AK15 -> 1141.9669 | BR10: 0 | BS10: 0 | BT10: =+[6]Report1!J15 -> 0 | BU10: =+[6]Report1!K15 -> 0.0091112902 | BV10: =+[6]Report1!BA15 -> #DIV/0! | BW10: =+[6]Report1!BB15 -> #DIV/0! | BX10: =+[6]Report1!R15 -> 0 | BY10: =+[6]Report1!S15 -> 3.364 | BZ10: =+[6]Report1!X15 -> 0 | CA10: =+[6]Report1!Y15 -> 0 | CB10: =+[6]Report1!AD15 -> 0 | CC10: =+[6]Report1!AE15 -> 0.29726516 | CD10: =+[6]Report1!AJ15 -> 0 | CE10: =+[6]Report1!AK15 -> 0 | CF10: =+[6]Report1!AP15 -> 0 | CG10: =+[6]Report1!AQ15 -> 6933.3115 | CH10: =+[6]Report1!AV15 -> 0 | CI10: =+[6]Report1!AW15 -> 0
A11: =1+A10 -> 45938 | B11: =+Report1!J16 -> 0.97948993 | C11: =+Report1!K16 -> 0.80853871 | D11: =+Report1!AJ16 -> 0.97948993 | E11: =+Report1!AK16 -> 0.8362607 | F11: =+Report1!R16 -> 61.23 | G11: =+Report1!S16 -> 470.749 | H11: =+Report1!X16 -> 2.192324 | I11: =+Report1!Y16 -> 2.2937638 | J11: =+Report1!AD16 -> 943.56133 | K11: =+Report1!AE16 -> 870.8567 | L11: =+[1]Report1!J16 -> 0.94454587 | M11: =+[1]Report1!K16 -> 0.71156213 | N11: =+[1]Report1!BJ16 -> 0.94454587 | O11: =+[1]Report1!BK16 -> 0.84332739 | P11: =+[1]Report1!R16 -> 63.63 | Q11: =+[1]Report1!S16 -> 359.574 | R11: =+[1]Report1!AL16 -> 1.9104668 | S11: =+[1]Report1!AM16 -> 2.5374999 | T11: =+[1]Report1!AR16 -> 0.16658809 | U11: =+[1]Report1!AS16 -> 0.21775768 | V11: =+[1]Report1!AX16 -> 510.78721 | W11: =+[1]Report1!AY16 -> 679.74792 | X11: =+[1]Report1!BD16 -> 423.43863 | Y11: =+[1]Report1!BE16 -> 575.77227 | Z11: =+[2]Report1!J16 -> 0.98571547 | AA11: =+[2]Report1!K16 -> 0.83245902 | AB11: =+[2]Report1!BC16 -> 0.98571547 | AC11: =+[2]Report1!BD16 -> 0.88779997 | AD11: =+[2]Report1!R16 -> 43.187 | AE11: =+[2]Report1!S16 -> 290.685 | AF11: =+[2]Report1!X16 -> 103.00174 | AG11: =+[2]Report1!Y16 -> 113.85091 | AH11: =+[2]Report1!AD16 -> 1.3707829 | AI11: =+[2]Report1!AE16 -> 1.5618281 | AJ11: =+[2]Report1!AJ16 -> 875.36203 | AK11: =+[2]Report1!AK16 -> 1016.8152 | AL11: =+[3]Report1!AP16 -> 0 | AM11: =+[3]Report1!AQ16 -> 0 | AN11: =+[4]Report1!J16 -> 0.89908567 | AO11: =+[4]Report1!K16 -> 0.76876774 | AP11: =+[4]Report1!BN16 -> 0.89908567 | AQ11: =+[4]Report1!BO16 -> 0.7803526 | AR11: =+[4]Report1!R16 -> 48.077 | AS11: =+[4]Report1!S16 -> 321.368 | AT11: =+[4]Report1!AF16 -> 122.38001 | AU11: =+[4]Report1!AG16 -> 132.08611 | AV11: =+[4]Report1!AL16 -> 1.3644778 | AW11: =+[4]Report1!AM16 -> 1.5536706 | AX11: =+[4]Report1!AR16 -> 0.17263972 | AY11: =+[4]Report1!AS16 -> 0.15091733 | AZ11: =+[4]Report1!AX16 -> 846.02325 | BA11: =+[4]Report1!AY16 -> 982.83874 | BB11: =+[4]Report1!BD16 -> 419.52701 | BC11: =+[4]Report1!BE16 -> 373.95839 | BD11: =+[4]Report1!BJ16 -> 2.7039957 | BE11: =+[4]Report1!BK16 -> 2.520475 | BF11: =+[5]Report1!J16 -> 0.87151233 | BG11: =+[5]Report1!K16 -> 0.81515145 | BH11: =+[5]Report1!AN16 -> 0.87151233 | BI11: =+[5]Report1!AO16 -> 0.83733872 | BJ11: =+[5]Report1!R16 -> 47.835 | BK11: =+[5]Report1!S16 -> 337.933 | BL11: =+[5]Report1!AD16 -> 2.5817916 | BM11: =+[5]Report1!AE16 -> 2.7916776 | BN11: 0 | BO11: 0 | BP11: =+[5]Report1!AJ16 -> 1012.9303 | BQ11: =+[5]Report1!AK16 -> 1123.7016 | BR11: 0 | BS11: 0 | BT11: =+[6]Report1!J16 -> 0 | BU11: =+[6]Report1!K16 -> 0.0079723789 | BV11: =+[6]Report1!BA16 -> #DIV/0! | BW11: =+[6]Report1!BB16 -> #DIV/0! | BX11: =+[6]Report1!R16 -> 0 | BY11: =+[6]Report1!S16 -> 3.364 | BZ11: =+[6]Report1!X16 -> 0 | CA11: =+[6]Report1!Y16 -> 0 | CB11: =+[6]Report1!AD16 -> 0 | CC11: =+[6]Report1!AE16 -> 0.77288942 | CD11: =+[6]Report1!AJ16 -> 0 | CE11: =+[6]Report1!AK16 -> 0 | CF11: =+[6]Report1!AP16 -> 0 | CG11: =+[6]Report1!AQ16 -> 7658.4185 | CH11: =+[6]Report1!AV16 -> 0 | CI11: =+[6]Report1!AW16 -> 0
A12: =1+A11 -> 45939 | B12: =+Report1!J17 -> 0.94994402 | C12: =+Report1!K17 -> 0.82162852 | D12: =+Report1!AJ17 -> 0.94994402 | E12: =+Report1!AK17 -> 0.84711068 | F12: =+Report1!R17 -> 56.421 | G12: =+Report1!S17 -> 527.17 | H12: =+Report1!X17 -> 2.3658921 | I12: =+Report1!Y17 -> 2.3014834 | J12: =+Report1!AD17 -> 1057.7597 | K12: =+Report1!AE17 -> 890.86022 | L12: =+[1]Report1!J17 -> 0.98030034 | M12: =+[1]Report1!K17 -> 0.74353555 | N12: =+[1]Report1!BJ17 -> 0.98030034 | O12: =+[1]Report1!BK17 -> 0.86222529 | P12: =+[1]Report1!R17 -> 66.897 | Q12: =+[1]Report1!S17 -> 426.471 | R12: =+[1]Report1!AL17 -> 1.8717282 | S12: =+[1]Report1!AM17 -> 2.4330658 | T12: =+[1]Report1!AR17 -> 0.21077178 | U12: =+[1]Report1!AS17 -> 0.21666186 | V12: =+[1]Report1!AX17 -> 461.21336 | W12: =+[1]Report1!AY17 -> 645.4682 | X12: =+[1]Report1!BD17 -> 552.15032 | Y12: =+[1]Report1!BE17 -> 572.06689 | Z12: =+[2]Report1!J17 -> 0.83407045 | AA12: =+[2]Report1!K17 -> 0.83263867 | AB12: =+[2]Report1!BC17 -> 0.83407045 | AC12: =+[2]Report1!BD17 -> 0.88145885 | AD12: =+[2]Report1!R17 -> 36.543 | AE12: =+[2]Report1!S17 -> 327.228 | AF12: =+[2]Report1!X17 -> 118.16663 | AG12: =+[2]Report1!Y17 -> 114.33286 | AH12: =+[2]Report1!AD17 -> 1.5953808 | AI12: =+[2]Report1!AE17 -> 1.5655751 | AJ12: =+[2]Report1!AJ17 -> 1029.4683 | AK12: =+[2]Report1!AK17 -> 1018.2282 | AL12: =+[3]Report1!AP17 -> 0 | AM12: =+[3]Report1!AQ17 -> 0 | AN12: =+[4]Report1!J17 -> 0.56729199 | AO12: =+[4]Report1!K17 -> 0.74634942 | AP12: =+[4]Report1!BN17 -> 0.56729199 | AQ12: =+[4]Report1!BO17 -> 0.75632826 | AR12: =+[4]Report1!R17 -> 29.691 | AS12: =+[4]Report1!S17 -> 351.059 | AT12: =+[4]Report1!AF17 -> 151.50503 | AU12: =+[4]Report1!AG17 -> 133.72848 | AV12: =+[4]Report1!AL17 -> 1.7884207 | AW12: =+[4]Report1!AM17 -> 1.5735247 | AX12: =+[4]Report1!AR17 -> 0.23576168 | AY12: =+[4]Report1!AS17 -> 0.15809308 | AZ12: =+[4]Report1!AX17 -> 1108.7488 | BA12: =+[4]Report1!AY17 -> 993.48765 | BB12: =+[4]Report1!BD17 -> 589.73426 | BC12: =+[4]Report1!BE17 -> 392.20775 | BD12: =+[4]Report1!BJ17 -> 3.368024 | BE12: =+[4]Report1!BK17 -> 2.5921569 | BF12: =+[5]Report1!J17 -> 0.99998578 | BG12: =+[5]Report1!K17 -> 0.83747379 | BH12: =+[5]Report1!AN17 -> 0.99998578 | BI12: =+[5]Report1!AO17 -> 0.85745005 | BJ12: =+[5]Report1!R17 -> 56.943 | BK12: =+[5]Report1!S17 -> 394.876 | BL12: =+[5]Report1!AD17 -> 2.1899092 | BM12: =+[5]Report1!AE17 -> 2.7048998 | BN12: 0 | BO12: 0 | BP12: =+[5]Report1!AJ17 -> 1038.9288 | BQ12: =+[5]Report1!AK17 -> 1111.4769 | BR12: 0 | BS12: 0 | BT12: =+[6]Report1!J17 -> 0.33723214 | BU12: =+[6]Report1!K17 -> 0.044702661 | BV12: =+[6]Report1!BA17 -> 0.43567002 | BW12: =+[6]Report1!BB17 -> 0.517698 | BX12: =+[6]Report1!R17 -> 17.867 | BY12: =+[6]Report1!S17 -> 21.231 | BZ12: =+[6]Report1!X17 -> 154.95052 | CA12: =+[6]Report1!Y17 -> 130.39899 | CB12: =+[6]Report1!AD17 -> 3.5764258 | CC12: =+[6]Report1!AE17 -> 3.1322123 | CD12: =+[6]Report1!AJ17 -> 0 | CE12: =+[6]Report1!AK17 -> 0 | CF12: =+[6]Report1!AP17 -> 932.99715 | CG12: =+[6]Report1!AQ17 -> 1998.6237 | CH12: =+[6]Report1!AV17 -> 0 | CI12: =+[6]Report1!AW17 -> 0
A13: =1+A12 -> 45940 | B13: =+Report1!J18 -> 0.80516097 | C13: =+Report1!K18 -> 0.82020298 | D13: =+Report1!AJ18 -> 0.80516097 | E13: =+Report1!AK18 -> 0.84337663 | F13: =+Report1!R18 -> 48.959 | G13: =+Report1!S18 -> 576.129 | H13: =+Report1!X18 -> 2.5410241 | I13: =+Report1!Y18 -> 2.3218394 | J13: =+Report1!AD18 -> 1207.2824 | K13: =+Report1!AE18 -> 917.74953 | L13: =+[1]Report1!J18 -> 0.96058493 | M13: =+[1]Report1!K18 -> 0.76704967 | N13: =+[1]Report1!BJ18 -> 0.96058493 | O13: =+[1]Report1!BK18 -> 0.87437203 | P13: =+[1]Report1!R18 -> 66.941 | Q13: =+[1]Report1!S18 -> 493.412 | R13: =+[1]Report1!AL18 -> 2.044218 | S13: =+[1]Report1!AM18 -> 2.380311 | T13: =+[1]Report1!AR18 -> 0.18225004 | U13: =+[1]Report1!AS18 -> 0.21199322 | V13: =+[1]Report1!AX18 -> 482.91794 | W13: =+[1]Report1!AY18 -> 623.41508 | X13: =+[1]Report1!BD18 -> 466.54218 | Y13: =+[1]Report1!BE18 -> 557.7504 | Z13: =+[2]Report1!J18 -> 0.82035301 | AA13: =+[2]Report1!K18 -> 0.83140641 | AB13: =+[2]Report1!BC18 -> 0.82035301 | AC13: =+[2]Report1!BD18 -> 0.87500845 | AD13: =+[2]Report1!R18 -> 35.942 | AE13: =+[2]Report1!S18 -> 363.17 | AF13: =+[2]Report1!X18 -> 116.37519 | AG13: =+[2]Report1!Y18 -> 114.53499 | AH13: =+[2]Report1!AD18 -> 1.6387513 | AI13: =+[2]Report1!AE18 -> 1.5728171 | AJ13: =+[2]Report1!AJ18 -> 1084.4511 | AK13: =+[2]Report1!AK18 -> 1024.7821 | AL13: =+[3]Report1!AP18 -> 0 | AM13: =+[3]Report1!AQ18 -> 0 | AN13: =+[4]Report1!J18 -> 0.79855671 | AO13: =+[4]Report1!K18 -> 0.75150994 | AP13: =+[4]Report1!BN18 -> 0.79855671 | AQ13: =+[4]Report1!BO18 -> 0.76055263 | AR13: =+[4]Report1!R18 -> 41.201 | AS13: =+[4]Report1!S18 -> 392.26 | AT13: =+[4]Report1!AF18 -> 125.67449 | AU13: =+[4]Report1!AG18 -> 132.88253 | AV13: =+[4]Report1!AL18 -> 1.4854008 | AW13: =+[4]Report1!AM18 -> 1.5642686 | AX13: =+[4]Report1!AR18 -> 0.18446154 | AY13: =+[4]Report1!AS18 -> 0.16086269 | AZ13: =+[4]Report1!AX18 -> 1001.8529 | BA13: =+[4]Report1!AY18 -> 994.36629 | BB13: =+[4]Report1!BD18 -> 444.92124 | BC13: =+[4]Report1!BE18 -> 397.74451 | BD13: =+[4]Report1!BJ18 -> 2.8882794 | BE13: =+[4]Report1!BK18 -> 2.6232601 | BF13: =+[5]Report1!J18 -> 0.71953197 | BG13: =+[5]Report1!K18 -> 0.82500006 | BH13: =+[5]Report1!AN18 -> 0.71953197 | BI13: =+[5]Report1!AO18 -> 0.84255324 | BJ13: =+[5]Report1!R18 -> 40.125 | BK13: =+[5]Report1!S18 -> 435.001 | BL13: =+[5]Report1!AD18 -> 3.1102804 | BM13: =+[5]Report1!AE18 -> 2.7422925 | BN13: 0 | BO13: 0 | BP13: =+[5]Report1!AJ18 -> 1295.3131 | BQ13: =+[5]Report1!AK18 -> 1128.4342 | BR13: 0 | BS13: 0 | BT13: =+[6]Report1!J18 -> 0.73928463 | BU13: =+[6]Report1!K18 -> 0.11276736 | BV13: =+[6]Report1!BA18 -> 0.73928463 | BW13: =+[6]Report1!BB18 -> 0.64115707 | BX13: =+[6]Report1!R18 -> 38.145 | BY13: =+[6]Report1!S18 -> 59.376 | BZ13: =+[6]Report1!X18 -> 99.602258 | CA13: =+[6]Report1!Y18 -> 110.61421 | CB13: =+[6]Report1!AD18 -> 2.4957399 | CC13: =+[6]Report1!AE18 -> 2.7233226 | CD13: =+[6]Report1!AJ18 -> 0 | CE13: =+[6]Report1!AK18 -> 0 | CF13: =+[6]Report1!AP18 -> 938.93256 | CG13: =+[6]Report1!AQ18 -> 1317.845 | CH13: =+[6]Report1!AV18 -> 0 | CI13: =+[6]Report1!AW18 -> 0
A14: =1+A13 -> 45941 | B14: =+Report1!J19 -> 0.89387042 | C14: =+Report1!K19 -> 0.82562571 | D14: =+Report1!AJ19 -> 0.89387042 | E14: =+Report1!AK19 -> 0.84719061 | F14: =+Report1!R19 -> 49.891 | G14: =+Report1!S19 -> 626.02 | H14: =+Report1!X19 -> 2.4571165 | I14: =+Report1!Y19 -> 2.3326204 | J14: =+Report1!AD19 -> 1140.3415 | K14: =+Report1!AE19 -> 935.48912 | L14: =+[1]Report1!J19 -> 0.90271028 | M14: =+[1]Report1!K19 -> 0.77990833 | N14: =+[1]Report1!BJ19 -> 0.90271028 | O14: =+[1]Report1!BK19 -> 0.87739384 | P14: =+[1]Report1!R19 -> 60.803 | Q14: =+[1]Report1!S19 -> 554.215 | R14: =+[1]Report1!AL19 -> 2.2938177 | S14: =+[1]Report1!AM19 -> 2.3708218 | T14: =+[1]Report1!AR19 -> 0.1891354 | U14: =+[1]Report1!AS19 -> 0.20948549 | V14: =+[1]Report1!AX19 -> 583.78978 | W14: =+[1]Report1!AY19 -> 619.06778 | X14: =+[1]Report1!BD19 -> 472.20443 | Y14: =+[1]Report1!BE19 -> 548.36514 | Z14: =+[2]Report1!J19 -> 0.91753522 | AA14: =+[2]Report1!K19 -> 0.83925863 | AB14: =+[2]Report1!BC19 -> 0.91753522 | AC14: =+[2]Report1!BD19 -> 0.87906946 | AD14: =+[2]Report1!R19 -> 40.205 | AE14: =+[2]Report1!S19 -> 403.375 | AF14: =+[2]Report1!X19 -> 102.55969 | AG14: =+[2]Report1!Y19 -> 113.34139 | AH14: =+[2]Report1!AD19 -> 1.4699664 | AI14: =+[2]Report1!AE19 -> 1.5625659 | AJ14: =+[2]Report1!AJ19 -> 967.6105 | AK14: =+[2]Report1!AK19 -> 1019.0837 | AL14: =+[3]Report1!AP19 -> 0 | AM14: =+[3]Report1!AQ19 -> 0 | AN14: =+[4]Report1!J19 -> 0.86145438 | AO14: =+[4]Report1!K19 -> 0.76138295 | AP14: =+[4]Report1!BN19 -> 0.86145438 | AQ14: =+[4]Report1!BO19 -> 0.76971274 | AR14: =+[4]Report1!R19 -> 44.362 | AS14: =+[4]Report1!S19 -> 436.622 | AT14: =+[4]Report1!AF19 -> 122.18345 | AU14: =+[4]Report1!AG19 -> 131.79547 | AV14: =+[4]Report1!AL19 -> 1.4426762 | AW14: =+[4]Report1!AM19 -> 1.5519145 | AX14: =+[4]Report1!AR19 -> 0.18709707 | AY14: =+[4]Report1!AS19 -> 0.16352818 | AZ14: =+[4]Report1!AX19 -> 950.65101 | BA14: =+[4]Report1!AY19 -> 989.92469 | BB14: =+[4]Report1!BD19 -> 444.86845 | BC14: =+[4]Report1!BE19 -> 402.53243 | BD14: =+[4]Report1!BJ19 -> 2.6914927 | BE14: =+[4]Report1!BK19 -> 2.6301927 | BF14: =+[5]Report1!J19 -> 0.97475649 | BG14: =+[5]Report1!K19 -> 0.83913283 | BH14: =+[5]Report1!AN19 -> 0.97475649 | BI14: =+[5]Report1!AO19 -> 0.85526941 | BJ14: =+[5]Report1!R19 -> 53.558 | BK14: =+[5]Report1!S19 -> 488.559 | BL14: =+[5]Report1!AD19 -> 2.259233 | BM14: =+[5]Report1!AE19 -> 2.6893374 | BN14: 0 | BO14: 0 | BP14: =+[5]Report1!AJ19 -> 910.47407 | BQ14: =+[5]Report1!AK19 -> 1104.5404 | BR14: 0 | BS14: 0 | BT14: =+[6]Report1!J19 -> 0.68754318 | BU14: =+[6]Report1!K19 -> 0.16405009 | BV14: =+[6]Report1!BA19 -> 0.68754318 | BW14: =+[6]Report1!BB19 -> 0.65775086 | BX14: =+[6]Report1!R19 -> 35.464 | BY14: =+[6]Report1!S19 -> 94.84 | BZ14: =+[6]Report1!X19 -> 116.0976 | CA14: =+[6]Report1!Y19 -> 112.66464 | CB14: =+[6]Report1!AD19 -> 2.7746447 | CC14: =+[6]Report1!AE19 -> 2.7425137 | CD14: =+[6]Report1!AJ19 -> 0 | CE14: =+[6]Report1!AK19 -> 0 | CF14: =+[6]Report1!AP19 -> 1129.8548 | CG14: =+[6]Report1!AQ19 -> 1247.5488 | CH14: =+[6]Report1!AV19 -> 0 | CI14: =+[6]Report1!AW19 -> 0
A15: =1+A14 -> 45942 | B15: =+Report1!J20 -> 0.80351983 | C15: =+Report1!K20 -> 0.82398319 | D15: =+Report1!AJ20 -> 0.80351983 | E15: =+Report1!AK20 -> 0.84386746 | F15: =+Report1!R20 -> 48.903 | G15: =+Report1!S20 -> 674.923 | H15: =+Report1!X20 -> 2.5551193 | I15: =+Report1!Y20 -> 2.348742 | J15: =+Report1!AD20 -> 1167.8441 | K15: =+Report1!AE20 -> 952.3249 | L15: =+[1]Report1!J20 -> 0.75947247 | M15: =+[1]Report1!K20 -> 0.7781398 | N15: =+[1]Report1!BJ20 -> 0.75947247 | O15: =+[1]Report1!BK20 -> 0.86603616 | P15: =+[1]Report1!R20 -> 51.13 | Q15: =+[1]Report1!S20 -> 605.345 | R15: =+[1]Report1!AL20 -> 2.4602777 | S15: =+[1]Report1!AM20 -> 2.3783776 | T15: =+[1]Report1!AR20 -> 0.19949149 | U15: =+[1]Report1!AS20 -> 0.20864135 | V15: =+[1]Report1!AX20 -> 658.86212 | W15: =+[1]Report1!AY20 -> 622.42898 | X15: =+[1]Report1!BD20 -> 555.87135 | Y15: =+[1]Report1!BE20 -> 548.99915 | Z15: =+[2]Report1!J20 -> 0.8774019 | AA15: =+[2]Report1!K20 -> 0.84261756 | AB15: =+[2]Report1!BC20 -> 0.8774019 | AC15: =+[2]Report1!BD20 -> 0.87891629 | AD15: =+[2]Report1!R20 -> 40.722 | AE15: =+[2]Report1!S20 -> 444.097 | AF15: =+[2]Report1!X20 -> 102.71237 | AG15: =+[2]Report1!Y20 -> 112.36675 | AH15: =+[2]Report1!AD20 -> 1.4832277 | AI15: =+[2]Report1!AE20 -> 1.5552908 | AJ15: =+[2]Report1!AJ20 -> 930.4818 | AK15: =+[2]Report1!AK20 -> 1010.9593 | AL15: =+[3]Report1!AP20 -> 0 | AM15: =+[3]Report1!AQ20 -> 0 | AN15: =+[4]Report1!J20 -> 0.83798892 | AO15: =+[4]Report1!K20 -> 0.76770866 | AP15: =+[4]Report1!BN20 -> 0.83798892 | AQ15: =+[4]Report1!BO20 -> 0.77540715 | AR15: =+[4]Report1!R20 -> 43.253 | AS15: =+[4]Report1!S20 -> 479.875 | AT15: =+[4]Report1!AF20 -> 121.73825 | AU15: =+[4]Report1!AG20 -> 130.88898 | AV15: =+[4]Report1!AL20 -> 1.5027859 | AW15: =+[4]Report1!AM20 -> 1.5474863 | AX15: =+[4]Report1!AR20 -> 0.20114212 | AY15: =+[4]Report1!AS20 -> 0.16691847 | AZ15: =+[4]Report1!AX20 -> 970.82468 | BA15: =+[4]Report1!AY20 -> 988.20314 | BB15: =+[4]Report1!BD20 -> 534.95938 | BC15: =+[4]Report1!BE20 -> 414.46858 | BD15: =+[4]Report1!BJ20 -> 2.8113657 | BE15: =+[4]Report1!BK20 -> 2.6465225 | BF15: =+[5]Report1!J20 -> 0.9186246 | BG15: =+[5]Report1!K20 -> 0.84603596 | BH15: =+[5]Report1!AN20 -> 0.9186246 | BI15: =+[5]Report1!AO20 -> 0.86086768 | BJ15: =+[5]Report1!R20 -> 50.863 | BK15: =+[5]Report1!S20 -> 539.422 | BL15: =+[5]Report1!AD20 -> 2.4084305 | BM15: =+[5]Report1!AE20 -> 2.6628502 | BN15: 0 | BO15: 0 | BP15: =+[5]Report1!AJ20 -> 982.53387 | BQ15: =+[5]Report1!AK20 -> 1093.0362 | BR15: 0 | BS15: 0 | BT15: =+[6]Report1!J20 -> 0.86841446 | BU15: =+[6]Report1!K20 -> 0.22171346 | BV15: =+[6]Report1!BA20 -> 0.86841446 | BW15: =+[6]Report1!BB20 -> 0.71322999 | BX15: =+[6]Report1!R20 -> 44.765 | BY15: =+[6]Report1!S20 -> 139.605 | BZ15: =+[6]Report1!X20 -> 80.058134 | CA15: =+[6]Report1!Y20 -> 102.20921 | CB15: =+[6]Report1!AD20 -> 2.0194348 | CC15: =+[6]Report1!AE20 -> 2.5106551 | CD15: =+[6]Report1!AJ20 -> 0 | CE15: =+[6]Report1!AK20 -> 0 | CF15: =+[6]Report1!AP20 -> 830.70747 | CG15: =+[6]Report1!AQ20 -> 1113.8867 | CH15: =+[6]Report1!AV20 -> 0 | CI15: =+[6]Report1!AW20 -> 0
A16: =1+A15 -> 45943 | B16: =+Report1!J21 -> 0.92987401 | C16: =+Report1!K21 -> 0.83112327 | D16: =+Report1!AJ21 -> 0.92987401 | E16: =+Report1!AK21 -> 0.84979707 | F16: =+Report1!R21 -> 55.071 | G16: =+Report1!S21 -> 729.994 | H16: =+Report1!X21 -> 2.1780429 | I16: =+Report1!Y21 -> 2.3358644 | J16: =+Report1!AD21 -> 963.3553 | K16: =+Report1!AE21 -> 953.15704 | L16: =+[1]Report1!J21 -> 0.81169827 | M16: =+[1]Report1!K21 -> 0.78081266 | N16: =+[1]Report1!BJ21 -> 0.81169827 | O16: =+[1]Report1!BK21 -> 0.86126237 | P16: =+[1]Report1!R21 -> 54.646 | Q16: =+[1]Report1!S21 -> 659.991 | R16: =+[1]Report1!AL21 -> 2.4825605 | S16: =+[1]Report1!AM21 -> 2.3870038 | T16: =+[1]Report1!AR21 -> 0.18665593 | U16: =+[1]Report1!AS21 -> 0.206821 | V16: =+[1]Report1!AX21 -> 595.07393 | W16: =+[1]Report1!AY21 -> 620.16403 | X16: =+[1]Report1!BD21 -> 482.10848 | Y16: =+[1]Report1!BE21 -> 543.46073 | Z16: =+[2]Report1!J21 -> 0.8536474 | AA16: =+[2]Report1!K21 -> 0.84350837 | AB16: =+[2]Report1!BC21 -> 0.8536474 | AC16: =+[2]Report1!BD21 -> 0.87679494 | AD16: =+[2]Report1!R21 -> 39.529 | AE16: =+[2]Report1!S21 -> 483.626 | AF16: =+[2]Report1!X21 -> 107.56071 | AG16: =+[2]Report1!Y21 -> 111.97393 | AH16: =+[2]Report1!AD21 -> 1.5431708 | AI16: =+[2]Report1!AE21 -> 1.5543002 | AJ16: =+[2]Report1!AJ21 -> 950.7688 | AK16: =+[2]Report1!AK21 -> 1006.0396 | AL16: =+[3]Report1!AP21 -> 0 | AM16: =+[3]Report1!AQ21 -> 0 | AN16: =+[4]Report1!J21 -> 0.65129983 | AO16: =+[4]Report1!K21 -> 0.75849162 | AP16: =+[4]Report1!BN21 -> 0.65129983 | AQ16: =+[4]Report1!BO21 -> 0.76548989 | AR16: =+[4]Report1!R21 -> 35.006 | AS16: =+[4]Report1!S21 -> 514.881 | AT16: =+[4]Report1!AF21 -> 134.85413 | AU16: =+[4]Report1!AG21 -> 131.15856 | AV16: =+[4]Report1!AL21 -> 1.6025824 | AW16: =+[4]Report1!AM21 -> 1.5512322 | AX16: =+[4]Report1!AR21 -> 0.19710907 | AY16: =+[4]Report1!AS21 -> 0.16897108 | AZ16: =+[4]Report1!AX21 -> 935.63789 | BA16: =+[4]Report1!AY21 -> 984.6293 | BB16: =+[4]Report1!BD21 -> 496.24921 | BC16: =+[4]Report1!BE21 -> 420.02873 | BD16: =+[4]Report1!BJ21 -> 3.1423185 | BE16: =+[4]Report1!BK21 -> 2.680231 | BF16: =+[5]Report1!J21 -> 0.8829953 | BG16: =+[5]Report1!K21 -> 0.84889087 | BH16: =+[5]Report1!AN21 -> 0.8829953 | BI16: =+[5]Report1!AO21 -> 0.86260453 | BJ16: =+[5]Report1!R21 -> 47.128 | BK16: =+[5]Report1!S21 -> 586.55 | BL16: =+[5]Report1!AD21 -> 2.5950603 | BM16: =+[5]Report1!AE21 -> 2.6574035 | BN16: 0 | BO16: 0 | BP16: =+[5]Report1!AJ21 -> 947.30118 | BQ16: =+[5]Report1!AK21 -> 1081.3267 | BR16: 0 | BS16: 0 | BT16: =+[6]Report1!J21 -> 0.81946711 | BU16: =+[6]Report1!K21 -> 0.26693728 | BV16: =+[6]Report1!BA21 -> 0.81946711 | BW16: =+[6]Report1!BB21 -> 0.73537211 | BX16: =+[6]Report1!R21 -> 42.233 | BY16: =+[6]Report1!S21 -> 181.838 | BZ16: =+[6]Report1!X21 -> 93.920133 | CA16: =+[6]Report1!Y21 -> 100.28402 | CB16: =+[6]Report1!AD21 -> 2.2328511 | CC16: =+[6]Report1!AE21 -> 2.4461334 | CD16: =+[6]Report1!AJ21 -> 0 | CE16: =+[6]Report1!AK21 -> 0 | CF16: =+[6]Report1!AP21 -> 951.49315 | CG16: =+[6]Report1!AQ21 -> 1076.1698 | CH16: =+[6]Report1!AV21 -> 0 | CI16: =+[6]Report1!AW21 -> 0
... A34: =1+A33 -> 45961 | B34: =+Report1!J39 -> 0.79466555 | C34: =+Report1!K39 -> 0.81961611 | D34: =+Report1!AJ39 -> 0.79466555 | E34: =+Report1!AK39 -> 0.83793084 | F34: =+Report1!R39 -> 60.962 | G34: =+Report1!S39 -> 1655.884 | H34: =+Report1!X39 -> 2.5448148 | I34: =+Report1!Y39 -> 2.3800164 | J34: =+Report1!AD39 -> 906.79407 | K34: =+Report1!AE39 -> 987.22519 | L34: =+[1]Report1!J39 -> 0.73917938 | M34: =+[1]Report1!K39 -> 0.84175524 | N34: =+[1]Report1!BJ39 -> 0.73917938 | O34: =+[1]Report1!BK39 -> 0.87679264 | P34: =+[1]Report1!R39 -> 41.704 | Q34: =+[1]Report1!S39 -> 1649.297 | R34: =+[1]Report1!AL39 -> 2.9641521 | S34: =+[1]Report1!AM39 -> 2.3196877 | T34: =+[1]Report1!AR39 -> 0.32610781 | U34: =+[1]Report1!AS39 -> 0.24616549 | V34: =+[1]Report1!AX39 -> 898.98259 | W34: =+[1]Report1!AY39 -> 616.10298 | X34: =+[1]Report1!BD39 -> 525.58508 | Y34: =+[1]Report1!BE39 -> 486.41123 | Z34: =+[2]Report1!J39 -> 0 | AA34: =+[2]Report1!K39 -> 0.51081757 | AB34: =+[2]Report1!BC39 -> #DIV/0! | AC34: =+[2]Report1!BD39 -> 0.80748846 | AD34: =+[2]Report1!R39 -> 0 | AE34: =+[2]Report1!S39 -> 700.591 | AF34: =+[2]Report1!X39 -> 0 | AG34: =+[2]Report1!Y39 -> 110.32386 | AH34: =+[2]Report1!AD39 -> 0 | AI34: =+[2]Report1!AE39 -> 1.9417891 | AJ34: =+[2]Report1!AJ39 -> 0 | AK34: =+[2]Report1!AK39 -> 1127.8883 | AL34: =+[3]Report1!AP39 -> 0 | AM34: =+[3]Report1!AQ39 -> 0 | AN34: =+[4]Report1!J39 -> 0.78131922 | AO34: =+[4]Report1!K39 -> 0.78888926 | AP34: =+[4]Report1!BN39 -> 0.78131922 | AQ34: =+[4]Report1!BO39 -> 0.80397213 | AR34: =+[4]Report1!R39 -> 41.746 | AS34: =+[4]Report1!S39 -> 1297.219 | AT34: =+[4]Report1!AF39 -> 124.92287 | AU34: =+[4]Report1!AG39 -> 120.0559 | AV34: =+[4]Report1!AL39 -> 1.4779859 | AW34: =+[4]Report1!AM39 -> 1.4886461 | AX34: =+[4]Report1!AR39 -> 0.21319408 | AY34: =+[4]Report1!AS39 -> 0.19526387 | AZ34: =+[4]Report1!AX39 -> 931.10669 | BA34: =+[4]Report1!AY39 -> 913.20617 | BB34: =+[4]Report1!BD39 -> 501.86365 | BC34: =+[4]Report1!BE39 -> 493.47212 | BD34: =+[4]Report1!BJ39 -> 5.5095099 | BE34: =+[4]Report1!BK39 -> 2.9987227 | BF34: =+[5]Report1!J39 -> 0.84111559 | BG34: =+[5]Report1!K39 -> 0.84480151 | BH34: =+[5]Report1!AN39 -> 0.84111559 | BI34: =+[5]Report1!AO39 -> 0.85404309 | BJ34: =+[5]Report1!R39 -> 45.202 | BK34: =+[5]Report1!S39 -> 1387.38 | BL34: =+[5]Report1!AD39 -> 3.103845 | BM34: =+[5]Report1!AE39 -> 2.841471 | BN34: 0 | BO34: 0 | BP34: =+[5]Report1!AJ39 -> 1309.8969 | BQ34: =+[5]Report1!AK39 -> 1094.5931 | BR34: 0 | BS34: 0 | BT34: =+[6]Report1!J39 -> 0.74858932 | BU34: =+[6]Report1!K39 -> 0.56906056 | BV34: =+[6]Report1!BA39 -> 0.74858932 | BW34: =+[6]Report1!BB39 -> 0.79794558 | BX34: =+[6]Report1!R39 -> 39.34 | BY34: =+[6]Report1!S39 -> 904.638 | BZ34: =+[6]Report1!X39 -> 85.230546 | CA34: =+[6]Report1!Y39 -> 98.183246 | CB34: =+[6]Report1!AD39 -> 2.0081342 | CC34: =+[6]Report1!AE39 -> 2.3456897 | CD34: =+[6]Report1!AJ39 -> 0.20843925 | CE34: =+[6]Report1!AK39 -> 0.013817682 | CF34: =+[6]Report1!AP39 -> 646.66955 | CG34: =+[6]Report1!AQ39 -> 1025.3921 | CH34: =+[6]Report1!AV39 -> 491.59126 | CI34: =+[6]Report1!AW39 -> 32.403016
A36: Desember
A37: November
A38: Oktober | B38: =+C34 -> 0.81961611 | D38: =+E34 -> 0.83793084 | F38: =+G34 -> 1655.884 | H38: =+I34 -> 2.3800164 | J38: =+K34 -> 987.22519 | L38: =+M34 -> 0.84175524 | N38: =+O34 -> 0.87679264 | P38: =+Q34 -> 1649.297 | R38: =+S34 -> 2.3196877 | T38: =+U34 -> 0.24616549 | V38: =+W34 -> 616.10298 | X38: =+Y34 -> 486.41123 | Z38: =+AA34 -> 0.51081757 | AB38: =+AC34 -> 0.80748846 | AD38: =+AE34 -> 700.591 | AF38: =+AG34 -> 110.32386 | AH38: =+AI34 -> 1.9417891 | AJ38: =+AK34 -> 1127.8883 | AL38: =+AM34 -> 0 | AN38: =+AO34 -> 0.78888926 | AP38: =+AQ34 -> 0.80397213 | AR38: =+AS34 -> 1297.219 | AT38: =+AU34 -> 120.0559 | AV38: =+AW34 -> 1.4886461 | AX38: =+AY34 -> 0.19526387 | AZ38: =+BA34 -> 913.20617 | BB38: =+BC34 -> 493.47212 | BD38: =+BE34 -> 2.9987227 | BF38: =+BG34 -> 0.84480151 | BH38: =+BI34 -> 0.85404309 | BJ38: =+BK34 -> 1387.38 | BL38: =+BM34 -> 2.841471 | BN38: =+BO34 -> 0 | BP38: =+BQ34 -> 1094.5931 | BR38: =+BS34 -> 0 | BT38: =+BU34 -> 0.56906056 | BV38: =+BW34 -> 0.79794558 | BX38: =+BY34 -> 904.638 | BZ38: =+CA34 -> 98.183246 | CB38: =+CC34 -> 2.3456897 | CD38: =+CE34 -> 0.013817682 | CF38: =+CG34 -> 1025.3921 | CH38: =+CI34 -> 32.403016 | CJ38: =+CK34 -> 0
A39: September | B39: =+'[7]eff all'!$B$39:$C$39 -> 0.90399081 | D39: =+'[7]eff all'!$D$39:$E$39 -> 0.90437904 | F39: =+'[7]eff all'!$F$39:$G$39 -> 1787.584 | H39: =+'[7]eff all'!$H$39:$I$39 -> 2.2781229 | J39: =+'[7]eff all'!$J$39:$K$39 -> 915.86318 | L39: =+'[7]eff all'!$L$39:$M$39 -> 0.91235679 | N39: =+'[7]eff all'!$N$39:$O$39 -> 0.91641187 | P39: =+'[7]eff all'!$P$39:$Q$39 -> 1733.483 | R39: =+'[7]eff all'!$R$39:$S$39 -> 2.0999496 | T39: =+'[7]eff all'!$T$39:$U$39 -> 0.29126331 | V39: =+'[7]eff all'!$V$39:$W$39 -> 594.57701 | X39: =+'[7]eff all'!$X$39:$Y$39 -> 459.61051 | Z39: =+'[7]eff all'!$Z$39:$AA$39 -> 0.31795967 | AB39: =+'[7]eff all'!$AB$39:$AC$39 -> 0.77060412 | AD39: =+'[7]eff all'!$AD$39:$AE$39 -> 413.672 | AF39: =+'[7]eff all'!$AF$39:$AG$39 -> 99.280285 | AH39: =+'[7]eff all'!$AH$39:$AI$39 -> 1.8947379 | AJ39: =+'[7]eff all'!$AJ$39:$AK$39 -> 1272.9031 | AL39: =+'[7]eff all'!$AL$39:$AM$39 -> 0 | AN39: =+'[7]eff all'!$AN$39:$AO$39 -> 0.88030658 | AP39: =+'[7]eff all'!$AP$39:$AQ$39 -> 0.89025454 | AR39: =+'[7]eff all'!$AR$39:$AS$39 -> 1341.886 | AT39: =+'[7]eff all'!$AT$39:$AU$39 -> 122.30106 | AV39: =+'[7]eff all'!$AV$39:$AW$39 -> 1.4501977 | AX39: =+'[7]eff all'!$AX$39:$AY$39 -> 0.063790814 | AZ39: =+'[7]eff all'!$AZ$39:$BA$39 -> 910.28922 | BB39: =+'[7]eff all'!$BB$39:$BC$39 -> 164.14175 | BD39: =+'[7]eff all'!$BD$39:$BE$39 -> 2.0120934 | BF39: =+'[7]eff all'!$BF$39:$BG$39 -> 0.8468278 | BH39: =+'[7]eff all'!$BH$39:$BI$39 -> 0.8468278 | BJ39: =+'[7]eff all'!$BJ$39:$BK$39 -> 1322.914 | BL39: =+'[7]eff all'!$BL$39:$BM$39 -> 2.6480179 | BN39: =+'[7]eff all'!$BN$39:$BO$39 -> 0 | BP39: =+'[7]eff all'!$BP$39:$BQ$39 -> 1045.6073 | BR39: =+'[7]eff all'!$BR$39:$BS$39 -> 0 | BT39: =+'[7]eff all'!$BT$39:$BU$39 -> 0.84513582 | BV39: =+'[7]eff all'!$BV$39:$BW$39 -> 0.84822809 | BX39: =+'[7]eff all'!$BX$39:$BY$39 -> 1346.375 | BZ39: =+'[7]eff all'!$BZ$39:$CA$39 -> 79.267994 | CB39: =+'[7]eff all'!$CB$39:$CC$39 -> 1.957107 | CD39: =+'[7]eff all'!$CD$39:$CE$39 -> 0.21004549 | CF39: =+'[7]eff all'!$CF$39:$CG$39 -> 810.9602 | CH39: =+'[7]eff all'!$CH$39:$CI$39 -> 541.04427 | CJ39: =+'[7]eff all'!$CJ$39:$CK$393 -> 2.8892396
A40: Agustus | B40: =+'[8]eff all'!$B$40:$C$40 -> 0.89986679 | D40: =+'[8]eff all'!$D$40:$E$40 -> 0.9000777 | F40: =+'[8]eff all'!$F$40:$G$40 -> 1865.517 | H40: =+'[8]eff all'!$H$40:$I$40 -> 2.2984749 | J40: =+'[8]eff all'!$J$40:$K$40 -> 910.11683 | L40: =+'[8]eff all'!$L$40:$M$40 -> 0.88665976 | N40: =+'[8]eff all'!$N$40:$O$40 -> 0.91130228 | P40: =+'[8]eff all'!$P$40:$Q$40 -> 1681.041 | R40: =+'[8]eff all'!$R$40:$S$40 -> 2.3611024 | T40: =+'[8]eff all'!$T$40:$U$40 -> 0.085601719 | V40: =+'[8]eff all'!$V$40:$W$40 -> 751.4219 | X40: =+'[8]eff all'!$X$40:$Y$40 -> 160.39778 | Z40: =+'[8]eff all'!$Z$40:$AA$40 -> 0.90643195 | AB40: =+'[8]eff all'!$AB$40:$AC$40 -> 0.90643195 | AD40: =+'[8]eff all'!$AD$40:$AE$40 -> 1304.522 | AF40: =+'[8]eff all'!$AF$40:$AG$40 -> 93.687913 | AH40: =+'[8]eff all'!$AH$40:$AI$40 -> 1.3601917 | AJ40: =+'[8]eff all'!$AJ$40:$AK$40 -> 867.99488 | AL40: =+'[8]eff all'!$AL$40:$AM$40 -> 0 | AN40: =+'[8]eff all'!$AN$40:$AO$40 -> 0.89554899 | AP40: =+'[8]eff all'!$AP$40:$AQ$40 -> 0.90516623 | AR40: =+'[8]eff all'!$AR$40:$AS$40 -> 1480.133 | AT40: =+'[8]eff all'!$AT$40:$AU$40 -> 101.44643 | AV40: =+'[8]eff all'!$AV$40:$AW$40 -> 1.4403435 | AX40: =+'[8]eff all'!$AX$40:$AY$40 -> 0.14586527 | AZ40: =+'[8]eff all'!$AZ$40:$BA$40 -> 849.36179 | BB40: =+'[8]eff all'!$BB$40:$BC$40 -> 387.77383 | BD40: =+'[8]eff all'!$BD$40:$BE$40 -> 4.1014476 | BF40: =+'[8]eff all'!$BF$40:$BG$40 -> 0.90695193 | BH40: =+'[8]eff all'!$BH$40:$BI$40 -> 0.90825057 | BJ40: =+'[8]eff all'!$BJ$40:$BK$40 -> 1465.16 | BL40: =+'[8]eff all'!$BL$40:$BM$40 -> 2.8592099 | BN40: =+'[8]eff all'!$BN$40:$BO$40 -> 0 | BP40: =+'[8]eff all'!$BP$40:$BQ$40 -> 1013.159 | BR40: =+'[8]eff all'!$BR$40:$BS$40 -> 0 | BT40: =+'[8]eff all'!$BT$40:$BU$40 -> 0.86462303 | BV40: =+'[8]eff all'!$BV$40:$BW$40 -> 0.87445113 | BX40: =+'[8]eff all'!$BX$40:$BY$40 -> 1364.354 | BZ40: =+'[8]eff all'!$BZ$40:$CA$40 -> 84.357026 | CB40: =+'[8]eff all'!$CB$40:$CC$40 -> 2.0277802 | CD40: =+'[8]eff all'!$CD$40:$CE$40 -> 0.074687361 | CF40: =+'[8]eff all'!$CF$40:$CG$40 -> 883.67534 | CH40: =+'[8]eff all'!$CH$40:$CI$40 -> 193.15194 | CJ40: =+'[8]eff all'!$CJ$40:$CK$40 -> 2.4682832
A41: Juli | B41: =+'[9]eff all'!$B$41:$C$41 -> 0.83939759 | D41: =+'[9]eff all'!$D$41:$E$41 -> 0.84053151 | F41: =+'[9]eff all'!$F$41:$G$41 -> 1669.03 | H41: =+'[9]eff all'!$H$41:$I$41 -> 2.439188 | J41: =+'[9]eff all'!$J$41:$K$41 -> 1033.4659 | L41: =+'[9]eff all'!$L$41:$M$41 -> 0.88164645 | N41: =+'[9]eff all'!$N$41:$O$41 -> 0.90721678 | P41: =+'[9]eff all'!$P$41:$Q$41 -> 1849.253 | R41: =+'[9]eff all'!$R$41:$S$41 -> 2.6039628 | T41: =+'[9]eff all'!$T$41:$U$41 -> 0.22857878 | V41: =+'[9]eff all'!$V$41:$W$41 -> 604.72262 | X41: =+'[9]eff all'!$X$41:$Y$41 -> 521.78582 | Z41: =+'[9]eff all'!$Z$41:$AA$41 -> 0.88193173 | AB41: =+'[9]eff all'!$AB$41:$AC$41 -> 0.88340653 | AD41: =+'[9]eff all'!$AD$41:$AE$41 -> 1253.705 | AF41: =+'[9]eff all'!$AF$41:$AG$41 -> 98.517031 | AH41: =+'[9]eff all'!$AH$41:$AI$41 -> 1.4871122 | AJ41: =+'[9]eff all'!$AJ$41:$AK$41 -> 885.26052 | AL41: =+'[9]eff all'!$AL$41:$AM$41 -> 0 | AN41: =+'[9]eff all'!$AN$41:$AO$41 -> 0.88320077 | AP41: =+'[9]eff all'!$AP$41:$AQ$41 -> 0.8953444 | AR41: =+'[9]eff all'!$AR$41:$AS$41 -> 1406.635 | AT41: =+'[9]eff all'!$AT$41:$AU$41 -> 105.33379 | AV41: =+'[9]eff all'!$AV$41:$AW$41 -> 1.5242049 | AX41: =+'[9]eff all'!$AX$41:$AY$41 -> 0.080760112 | AZ41: =+'[9]eff all'!$AZ$41:$BA$41 -> 927.60065 | BB41: =+'[9]eff all'!$BB$41:$BC$41 -> 240.27392 | BD41: =+'[9]eff all'!$BD$41:$BE$41 -> 16.955358 | BF41: =+'[9]eff all'!$BF$41:$BG$41 -> 0.88101947 | BH41: =+'[9]eff all'!$BH$41:$BI$41 -> 0.8836277 | BJ41: =+'[9]eff all'!$BJ$41:$BK$41 -> 1457.009 | BL41: =+'[9]eff all'!$BL$41:$BM$41 -> 2.7597633 | BN41: =+'[9]eff all'!$BN$41:$BO$41 -> 0 | BP41: =+'[9]eff all'!$BP$41:$BQ$41 -> 932.94369 | BR41: =+'[9]eff all'!$BR$41:$BS$41 -> 0 | BT41: =+'[9]eff all'!$BT$41:$BU$41 -> 0.89958178 | BV41: =+'[9]eff all'!$BV$41:$BW$41 -> 0.90458737 | BX41: =+'[9]eff all'!$BX$41:$BY$41 -> 1385.694 | BZ41: =+'[9]eff all'!$BZ$41:$CA$41 -> 82.805082 | CB41: =+'[9]eff all'!$CB$41:$CC$41 -> 1.975097 | CD41: =+'[9]eff all'!$CD$41:$CE$41 -> 0.056505982 | CF41: =+'[9]eff all'!$CF$41:$CG$41 -> 886.8081 | CH41: =+'[9]eff all'!$CH$41:$CI$41 -> 150.23872 | CJ41: =+'[9]eff all'!$CJ$41:$CK$41 -> 14.750731
A42: Juni | B42: =+'[10]eff all'!$B$42:$C$42 -> 0.89683017 | D42: =+'[10]eff all'!$D$42:$E$42 -> 0.91651255 | F42: =+'[10]eff all'!$F$42:$G$42 -> 1608.12 | H42: =+'[10]eff all'!$H$42:$I$42 -> 2.3160038 | J42: =+'[10]eff all'!$J$42:$K$42 -> 1025.4408 | L42: =+'[10]eff all'!$L$42:$M$42 -> 0.92866755 | N42: =+'[10]eff all'!$N$42:$O$42 -> 0.93793898 | P42: =+'[10]eff all'!$P$42:$Q$42 -> 1827.359 | R42: =+'[10]eff all'!$R$42:$S$42 -> 2.0916447 | T42: =+'[10]eff all'!$T$42:$U$42 -> 0.23153633 | V42: =+'[10]eff all'!$V$42:$W$42 -> 614.27863 | X42: =+'[10]eff all'!$X$42:$Y$42 -> 437.11553 | Z42: =+'[10]eff all'!$Z$42:$AA$42 -> 0.83629624 | AB42: =+'[10]eff all'!$AB$42:$AC$42 -> 0.84011645 | AD42: =+'[10]eff all'!$AD$42:$AE$42 -> 1132.285 | AF42: =+'[10]eff all'!$AF$42:$AG$42 -> 111.282 | AH42: =+'[10]eff all'!$AH$42:$AI$42 -> 1.6594762 | AJ42: =+'[10]eff all'!$AJ$42:$AK$42 -> 964.83334 | AL42: =+'[10]eff all'!$AL$42:$AM$42 -> 0 | AN42: =+'[10]eff all'!$AN$42:$AO$42 -> 0.84149356 | AP42: =+'[10]eff all'!$AP$42:$AQ$42 -> 0.85108231 | AR42: =+'[10]eff all'!$AR$42:$AS$42 -> 1316.344 | AT42: =+'[10]eff all'!$AT$42:$AU$42 -> 121.83944 | AV42: =+'[10]eff all'!$AV$42:$AW$42 -> 1.4904159 | AX42: =+'[10]eff all'!$AX$42:$AY$42 -> 0.19523772 | AZ42: =+'[10]eff all'!$AZ$42:$BA$42 -> 883.634 | BB42: =+'[10]eff all'!$BB$42:$BC$42 -> 521.8822 | BD42: =+'[10]eff all'!$BD$42:$BE$42 -> 0 | BF42: =+'[10]eff all'!$BF$42:$BG$42 -> 0.81559728 | BH42: =+'[10]eff all'!$BH$42:$BI$42 -> 0.82877821 | BJ42: =+'[10]eff all'!$BJ$42:$BK$42 -> 1259.735 | BL42: =+'[10]eff all'!$BL$42:$BM$42 -> 2.8948152 | BN42: =+'[10]eff all'!$BN$42:$BO$42 -> 0 | BP42: =+'[10]eff all'!$BP$42:$BQ$42 -> 971.0194 | BR42: =+'[10]eff all'!$BR$42:$BS$42 -> 0 | BT42: =+'[10]eff all'!$BT$42:$BU$42 -> 0.90927146 | BV42: =+'[10]eff all'!$BV$42:$BW$42 -> 0.93351911 | BX42: =+'[10]eff all'!$BX$42:$BY$42 -> 1433.06 | BZ42: =+'[10]eff all'!$BZ$42:$CA$42 -> 77.094083 | CB42: =+'[10]eff all'!$CB$42:$CC$42 -> 1.8864528 | CD42: =+'[10]eff all'!$CD$42:$CE$42 -> 0.14263185 | CF42: =+'[10]eff all'!$CF$42:$CG$42 -> 754.59782 | CH42: =+'[10]eff all'!$CH$42:$CI$42 -> 384.70371 | CJ42: 0
A43: Mei | B43: =+'[11]eff all'!$B$43:$C$43 -> 0.81728993 | D43: =+'[11]eff all'!$D$43:$E$43 -> 0.81728993 | F43: =+'[11]eff all'!$F$43:$G$43 -> 1753.698 | H43: =+'[11]eff all'!$H$43:$I$43 -> 2.3283627 | J43: =+'[11]eff all'!$J$43:$K$43 -> 919.17355 | L43: =+'[11]eff all'!$L$43:$M$43 -> 0.88541366 | N43: =+'[11]eff all'!$N$43:$O$43 -> 0.92564375 | P43: =+'[11]eff all'!$P$43:$Q$43 -> 1848.366 | R43: =+'[11]eff all'!$R$43:$S$43 -> 2.3081273 | T43: =+'[11]eff all'!$T$43:$U$43 -> 0.22165523 | V43: =+'[11]eff all'!$V$43:$W$43 -> 640.41015 | X43: =+'[11]eff all'!$X$43:$Y$43 -> 434.93518 | Z43: =+'[11]eff all'!$Z$43:$AA$43 -> 0.80335181 | AB43: =+'[11]eff all'!$AB$43:$AC$43 -> 0.86162049 | AD43: =+'[11]eff all'!$AD$43:$AE$43 -> 1130.835 | AF43: =+'[11]eff all'!$AF$43:$AG$43 -> 107.89352 | AH43: =+'[11]eff all'!$AH$43:$AI$43 -> 1.5947508 | AJ43: =+'[11]eff all'!$AJ$43:$AK$43 -> 914.38362 | AL43: =+'[11]eff all'!$AL$43:$AM$43 -> 20.16563 | AN43: =+'[11]eff all'!$AN$43:$AO$43 -> 0.85071019 | AP43: =+'[11]eff all'!$AP$43:$AQ$43 -> 0.85071019 | AR43: =+'[11]eff all'!$AR$43:$AS$43 -> 1375.357 | AT43: =+'[11]eff all'!$AT$43:$AU$43 -> 113.79765 | AV43: =+'[11]eff all'!$AV$43:$AW$43 -> 1.4656558 | AX43: =+'[11]eff all'!$AX$43:$AY$43 -> 0.18613349 | AZ43: =+'[11]eff all'!$AZ$43:$BA$43 -> 878.46065 | BB43: =+'[11]eff all'!$BB$43:$BC$43 -> 550.25946 | BD43: =+'[11]eff all'!$BD$43:$BE$43 -> 0 | BF43: =+'[11]eff all'!$BF$43:$BG$43 -> 0.89363459 | BH43: =+'[11]eff all'!$BH$43:$BI$43 -> 0.89363459 | BJ43: =+'[11]eff all'!$BJ$43:$BK$43 -> 1430.692 | BL43: =+'[11]eff all'!$BL$43:$BM$43 -> 2.6821286 | BN43: =+'[11]eff all'!$BN$43:$BO$43 -> 0 | BP43: =+'[11]eff all'!$BP$43:$BQ$43 -> 974.33569 | BR43: =+'[11]eff all'!$BR$43:$BS$43 -> 0 | BT43: =+'[11]eff all'!$BT$43:$BU$43 -> 0.90863448 | BV43: =+'[11]eff all'!$BV$43:$BW$43 -> 0.9187839 | BX43: =+'[11]eff all'!$BX$43:$BY$43 -> 1460.105 | BZ43: =+'[11]eff all'!$BZ$43:$CA$43 -> 77.669648 | CB43: =+'[11]eff all'!$CB$43:$CC$43 -> 2.0032806 | CD43: =+'[11]eff all'!$CD$43:$CE$43 -> 0.083692611 | CF43: =+'[11]eff all'!$CF$43:$CG$43 -> 840.76602 | CH43: =+'[11]eff all'!$CH$43:$CI$43 -> 246.27503 | CJ43: =+'[11]eff all'!$CJ$43:$CK$43 -> 19.550649
A44: April | B44: =+'[12]eff all'!$B$44:$C$44 -> 0.8512863 | D44: =+'[12]eff all'!$D$44:$E$44 -> 0.88261389 | F44: =+'[12]eff all'!$F$44:$G$44 -> 1626.863 | H44: =+'[12]eff all'!$H$44:$I$44 -> 2.4992418 | J44: =+'[12]eff all'!$J$44:$K$44 -> 943.70529 | L44: =+'[12]eff all'!$L$44:$M$44 -> 0.91684997 | N44: =+'[12]eff all'!$N$44:$O$44 -> 0.94547697 | P44: =+'[12]eff all'!$P$44:$Q$44 -> 1788.166 | R44: =+'[12]eff all'!$R$44:$S$44 -> 2.1331811 | T44: =+'[12]eff all'!$T$44:$U$44 -> 0.2123125 | V44: =+'[12]eff all'!$V$44:$W$44 -> 722.25094 | X44: =+'[12]eff all'!$X$44:$Y$44 -> 464.24761 | Z44: =+'[12]eff all'!$Z$44:$AA$44 -> 0.8620695 | AB44: =+'[12]eff all'!$AB$44:$AC$44 -> 0.90942581 | AD44: =+'[12]eff all'!$AD$44:$AE$44 -> 1188.791 | AF44: =+'[12]eff all'!$AF$44:$AG$44 -> 106.25948 | AH44: =+'[12]eff all'!$AH$44:$AI$44 -> 1.5097692 | AJ44: =+'[12]eff all'!$AJ$44:$AK$44 -> 921.84495 | AL44: =+'[12]eff all'!$AL$44:$AM$44 -> 7.553893 | AN44: =+'[12]eff all'!$AN$44:$AO$44 -> 0.9113018 | AP44: =+'[12]eff all'!$AP$44:$AQ$44 -> 0.94321744 | AR44: =+'[12]eff all'!$AR$44:$AS$44 -> 1441.538 | AT44: =+'[12]eff all'!$AT$44:$AU$44 -> 98.381361 | AV44: =+'[12]eff all'!$AV$44:$AW$44 -> 1.4245896 | AX44: =+'[12]eff all'!$AX$44:$AY$44 -> 0.063755313 | AZ44: =+'[12]eff all'!$AZ$44:$BA$44 -> 884.49349 | BB44: =+'[12]eff all'!$BB$44:$BC$44 -> 178.97537 | BD44: =+'[12]eff all'!$BD$44:$BE$44 -> 0 | BF44: =+'[12]eff all'!$BF$44:$BG$44 -> 0.83968008 | BH44: =+'[12]eff all'!$BH$44:$BI$44 -> 0.88025535 | BJ44: =+'[12]eff all'!$BJ$44:$BK$44 -> 1283.722 | BL44: =+'[12]eff all'!$BL$44:$BM$44 -> 2.9010175 | BN44: =+'[12]eff all'!$BN$44:$BO$44 -> 0 | BP44: =+'[12]eff all'!$BP$44:$BQ$44 -> 1018.1901 | BR44: =+'[12]eff all'!$BR$44:$BS$44 -> 0 | BT44: =+'[12]eff all'!$BT$44:$BU$44 -> 0.86479672 | BV44: =+'[12]eff all'!$BV$44:$BW$44 -> 0.91368892 | BX44: =+'[12]eff all'!$BX$44:$BY$44 -> 1364.988 | BZ44: =+'[12]eff all'!$BZ$44:$CA$44 -> 71.774412 | CB44: =+'[12]eff all'!$CB$44:$CC$44 -> 1.9880761 | CD44: =+'[12]eff all'!$CD$44:$CE$44 -> 0.17403816 | CF44: =+'[12]eff all'!$CF$44:$CG$44 -> 844.20452 | CH44: =+'[12]eff all'!$CH$44:$CI$44 -> 469.40955 | CJ44: =+'[12]eff all'!$CJ$44:$CK$44 -> 0
A45: Maret | B45: =+'[13]eff all'!$B$45:$C$45 -> 0.84979165 | D45: =+'[13]eff all'!$D$45:$E$45 -> 0.85889247 | F45: =+'[13]eff all'!$F$45:$G$45 -> 1534.469 | H45: =+'[13]eff all'!$H$45:$I$45 -> 2.430719 | J45: =+'[13]eff all'!$J$45:$K$45 -> 1009.2877 | L45: =+'[13]eff all'!$L$45:$M$45 -> 0.85741706 | N45: =+'[13]eff all'!$N$45:$O$45 -> 0.89481521 | P45: =+'[13]eff all'!$P$45:$Q$45 -> 1704.768 | R45: =+'[13]eff all'!$R$45:$S$45 -> 2.4058077 | T45: =+'[13]eff all'!$T$45:$U$45 -> 0.14817265 | V45: =+'[13]eff all'!$V$45:$W$45 -> 708.7489 | X45: =+'[13]eff all'!$X$45:$Y$45 -> 419.01831 | Z45: =+'[13]eff all'!$Z$45:$AA$45 -> 0.87132155 | AB45: =+'[13]eff all'!$AB$45:$AC$45 -> 0.87132155 | AD45: =+'[13]eff all'!$AD$45:$AE$45 -> 1204.645 | AF45: =+'[13]eff all'!$AF$45:$AG$45 -> 105.43836 | AH45: =+'[13]eff all'!$AH$45:$AI$45 -> 1.5603767 | AJ45: =+'[13]eff all'!$AJ$45:$AK$45 -> 928.04959 | AL45: =+'[13]eff all'!$AL$45:$AM$45 -> 0 | AN45: =+'[13]eff all'!$AN$45:$AO$45 -> 0.47758007 | AP45: =+'[13]eff all'!$AP$45:$AQ$45 -> 0.86385626 | AR45: =+'[13]eff all'!$AR$45:$AS$45 -> 764.21 | AT45: =+'[13]eff all'!$AT$45:$AU$45 -> 117.91594 | AV45: =+'[13]eff all'!$AV$45:$AW$45 -> 1.737088 | AX45: =+'[13]eff all'!$AX$45:$AY$45 -> 0 | AZ45: =+'[13]eff all'!$AZ$45:$BA$45 -> 1171.1575 | BB45: =+'[13]eff all'!$BB$45:$BC$45 -> 0 | BD45: =+'[13]eff all'!$BD$45:$BE$45 -> 23.422881 | BF45: =+'[13]eff all'!$BF$45:$BG$45 -> 0.79411424 | BH45: =+'[13]eff all'!$BH$45:$BI$45 -> 0.80751482 | BJ45: =+'[13]eff all'!$BJ$45:$BK$45 -> 1316.452 | BL45: =+'[13]eff all'!$BL$45:$BM$45 -> 2.6146035 | BN45: =+'[13]eff all'!$BN$45:$BO$45 -> 0 | BP45: =+'[13]eff all'!$BP$45:$BQ$45 -> 1083.3644 | BR45: =+'[13]eff all'!$BR$45:$BS$45 -> 0 | BT45: =+'[13]eff all'!$BT$45:$BU$45 -> 0.7921511 | BV45: =+'[13]eff all'!$BV$45:$BW$45 -> 0.80246911 | BX45: =+'[13]eff all'!$BX$45:$BY$45 -> 1219.024 | BZ45: =+'[13]eff all'!$BZ$45:$CA$45 -> 89.967609 | CB45: =+'[13]eff all'!$CB$45:$CC$45 -> 2.2528679 | CD45: =+'[13]eff all'!$CD$45:$CE$45 -> 0 | CF45: =+'[13]eff all'!$CF$45:$CG$45 -> 1093.3749 | CH45: =+'[13]eff all'!$CH$45:$CI$45 -> 0 | CJ45: =+'[13]eff all'!$CJ$45:$CK$45 -> 3.7653073
A46: Februari | B46: =+'[14]eff all'!$B$46:$C$46 -> 0.83769524 | D46: =+'[14]eff all'!$D$46:$E$46 -> 0.8766254 | F46: =+'[14]eff all'!$F$46:$G$46 -> 1634.192 | H46: =+'[14]eff all'!$H$46:$I$46 -> 2.3108466 | J46: =+'[14]eff all'!$J$46:$K$46 -> 925.52626 | L46: =+'[14]eff all'!$L$46:$M$46 -> 0.8461717 | N46: =+'[14]eff all'!$N$46:$O$46 -> 0.92040515 | P46: =+'[14]eff all'!$P$46:$Q$46 -> 1544.163 | R46: =+'[14]eff all'!$R$46:$S$46 -> 2.2768451 | T46: =+'[14]eff all'!$T$46:$U$46 -> 0.21063191 | V46: =+'[14]eff all'!$V$46:$W$46 -> 556.96866 | X46: =+'[14]eff all'!$X$46:$Y$46 -> 505.65161 | Z46: =+'[14]eff all'!$Z$46:$AA$46 -> 0.81429519 | AB46: =+'[14]eff all'!$AB$46:$AC$46 -> 0.84116946 | AD46: =+'[14]eff all'!$AD$46:$AE$46 -> 1037.251 | AF46: =+'[14]eff all'!$AF$46:$AG$46 -> 107.29574 | AH46: =+'[14]eff all'!$AH$46:$AI$46 -> 1.5367544 | AJ46: =+'[14]eff all'!$AJ$46:$AK$46 -> 927.08315 | AL46: =+'[14]eff all'!$AL$46:$AM$46 -> 0 | AN46: =+'[14]eff all'!$AN$46:$AO$46 -> 0.88342597 | AP46: =+'[14]eff all'!$AP$46:$AQ$46 -> 0.90448559 | AR46: =+'[14]eff all'!$AR$46:$AS$46 -> 1294.864 | AT46: =+'[14]eff all'!$AT$46:$AU$46 -> 106.60048 | AV46: =+'[14]eff all'!$AV$46:$AW$46 -> 1.7585631 | AX46: =+'[14]eff all'!$AX$46:$AY$46 -> 0.073212322 | AZ46: =+'[14]eff all'!$AZ$46:$BA$46 -> 932.75272 | BB46: =+'[14]eff all'!$BB$46:$BC$46 -> 205.07134 | BD46: =+'[14]eff all'!$BD$46:$BE$46 -> 0 | BF46: =+'[14]eff all'!$BF$46:$BG$46 -> 0.85694754 | BH46: =+'[14]eff all'!$BH$46:$BI$46 -> 0.88509205 | BJ46: =+'[14]eff all'!$BJ$46:$BK$46 -> 1241.78 | BL46: =+'[14]eff all'!$BL$46:$BM$46 -> 2.5784761 | BN46: =+'[14]eff all'!$BN$46:$BO$46 -> 0 | BP46: =+'[14]eff all'!$BP$46:$BQ$46 -> 1074.7242 | BR46: =+'[14]eff all'!$BR$46:$BS$46 -> 0 | BT46: =+'[14]eff all'!$BT$46:$BU$46 -> 0.52741322 | BV46: =+'[14]eff all'!$BV$46:$BW$46 -> 0.87317352 | BX46: =+'[14]eff all'!$BX$46:$BY$46 -> 769.938 | BZ46: =+'[14]eff all'!$BZ$46:$CA$46 -> 79.808071 | CB46: =+'[14]eff all'!$CB$46:$CC$46 -> 2.0515938 | CD46: =+'[14]eff all'!$CD$46:$CE$46 -> 0.078512815 | CF46: =+'[14]eff all'!$CF$46:$CG$46 -> 1021.1664 | CH46: =+'[14]eff all'!$CH$46:$CI$46 -> 210.64553 | CJ46: =+'[14]eff all'!$CJ$46:$CK$46 -> 0
A47: Januari | B47: =+'[15]eff all'!$B$47:$C$47 -> 0.83356469 | D47: =+'[15]eff all'!$D$47:$E$47 -> 0.83361178 | F47: =+'[15]eff all'!$F$47:$G$47 -> 1793.901 | H47: =+'[15]eff all'!$H$47:$I$47 -> 2.2654868 | J47: =+'[15]eff all'!$J$47:$K$47 -> 869.87488 | L47: =+'[15]eff all'!$L$47:$M$47 -> 0.92571233 | N47: =+'[15]eff all'!$N$47:$O$47 -> 0.92998024 | P47: =+'[15]eff all'!$P$47:$Q$47 -> 1900.575 | R47: =+'[15]eff all'!$R$47:$S$47 -> 2.4046281 | T47: =+'[15]eff all'!$T$47:$U$47 -> 0.23240335 | V47: =+'[15]eff all'!$V$47:$W$47 -> 527.49748 | X47: =+'[15]eff all'!$X$47:$Y$47 -> 446.15971 | Z47: =+'[15]eff all'!$Z$47:$AA$47 -> 0.89180765 | AB47: =+'[15]eff all'!$AB$47:$AC$47 -> 0.89180765 | AD47: =+'[15]eff all'!$AD$47:$AE$47 -> 1235.41 | AF47: =+'[15]eff all'!$AF$47:$AG$47 -> 96.393124 | AH47: =+'[15]eff all'!$AH$47:$AI$47 -> 1.4614581 | AJ47: =+'[15]eff all'!$AJ$47:$AK$47 -> 901.21824 | AL47: =+'[15]eff all'!$AL$47:$AM$47 -> 0 | AN47: =+'[15]eff all'!$AN$47:$AO$47 -> 0.65645764 | AP47: =+'[15]eff all'!$AP$47:$AQ$47 -> 0.84659222 | AR47: =+'[15]eff all'!$AR$47:$AS$47 -> 1045.391 | AT47: =+'[15]eff all'!$AT$47:$AU$47 -> 0 | AV47: =+'[15]eff all'!$AV$47:$AW$47 -> 1.7690032 | AX47: =+'[15]eff all'!$AX$47:$AY$47 -> 0.090148088 | AZ47: =+'[15]eff all'!$AZ$47:$BA$47 -> 1055.9628 | BB47: =+'[15]eff all'!$BB$47:$BC$47 -> 340.18133 | BD47: =+'[15]eff all'!$BD$47:$BE$47 -> 7.609593 | BF47: =+'[15]eff all'!$BF$47:$BG$47 -> 0.90491768 | BH47: =+'[15]eff all'!$BH$47:$BI$47 -> 0.90491768 | BJ47: =+'[15]eff all'!$BJ$47:$BK$47 -> 1444.905 | BL47: =+'[15]eff all'!$BL$47:$BM$47 -> 2.4918593 | BN47: =+'[15]eff all'!$BN$47:$BO$47 -> 0 | BP47: =+'[15]eff all'!$BP$47:$BQ$47 -> 1021.2882 | BR47: =+'[15]eff all'!$BR$47:$BS$47 -> 0 | BT47: =+'[15]eff all'!$BT$47:$BU$47 -> 0.83316576 | BV47: =+'[15]eff all'!$BV$47:$BW$47 -> 0.84218323 | BX47: =+'[15]eff all'!$BX$47:$BY$47 -> 1301.7 | BZ47: =+'[15]eff all'!$BZ$47:$CA$47 -> 87.852276 | CB47: =+'[15]eff all'!$CB$47:$CC$47 -> 1.9540601 | CD47: =+'[15]eff all'!$CD$47:$CE$47 -> 0.090078359 | CF47: =+'[15]eff all'!$CF$47:$CG$47 -> 925.71846 | CH47: =+'[15]eff all'!$CH$47:$CI$47 -> 294.56672 | CJ47: =+'[15]eff all'!$CJ$47:$CK$47 -> 8.7308904

Sheet Report1
A3: PAPER MACHINE 11 DAILY REPORT 1
A6: Date | B6: Grade | C6: GSM | D6: Speed yankee (mpm) | E6: Speed reel (mpm) | F6: Creep ( % ) | G6: Real Eff PM ( % ) | H6: Real Eff PM vs Target (%) | I6: Real Eff FG vs Real Eff PM (%) | J6: Eff FG vs Target (%) | L6: Kapasitas Target (ton) | N6: Kapasitas Teori Real (ton) | P6: PM PROD Timbangan (TON) | R6: FINSHED GOODS (TON) | T6: STEAM (TON) | Z6: POWER (kWh) | AF6: TOTALIZER | AH6: Kapasitas Running (ton) | AJ6: Eff FG vs Target Running(%)
T7: CONSUMPTION | V7: /TON PM. | X7: /TON FG. | Z7: CONSUMPTION | AB7: /TON PM | AD7: /TON FG
J8: TODAY | K8: TODATE | L8: TODAY | M8: TODATE | N8: TODAY | O8: TODATE | P8: TODAY | Q8: TODATE | R8: TODAY | S8: TODATE | T8: TODAY | U8: TODATE | V8: TODAY | W8: TODATE | X8: TODAY | Y8: TODATE | Z8: TODAY | AA8: TODATE | AB8: TODAY | AC8: TODATE | AD8: TODAY | AE8: TODATE | AF8: Hood | AG8: Yankee | AH8: TODAY | AI8: TODATE | AJ8: TODAY | AK8: TODATE
A9: 45931 | B9: Facial | C9: 12/10,3 | D9: =+'1'!F42 -> 1653.3484 | E9: =+'1'!G42 -> 1267.962 | F9: =1-(E9/D9) -> 0.2330945 | G9: =+P9/N9 -> 0.27181549 | H9: =+P9/L9 -> 0.26417515 | I9: =+R9/P9 -> 1.0586534 | J9: =+R9/L9 -> 0.27966994 | K9: =+S9/M9 -> 0.27966994 | L9: =+SUM(Efficiency1!K6:K7) -> 64.15062 | M9: =L9 -> 64.15062 | N9: =+SUM(Efficiency1!C6:C7) -> 62.34744 | O9: =N9 -> 62.34744 | P9: ='1'!I38 -> 16.947 | Q9: =P9 -> 16.947 | R9: ='1'!I40 -> 17.941 | S9: =R9 -> 17.941 | T9: =+AF9+AG9 -> 52.614 | U9: =T9 -> 52.614 | V9: =T9/(P9) -> 3.1046203 | W9: =U9/(Q9) -> 3.1046203 | X9: =IF(AND(R9>0,T9>0),T9/(R9),0) -> 2.9326125 | Y9: =IF(AND(S9>0,U9>0),U9/(S9),0) -> 2.9326125 | Z9: ='1'!I46 -> 29809.3 | AA9: =Z9 -> 29809.3 | AB9: =IF(AND(L9>0,Z9>0),(Z9/(P9*1000)*1000),0) -> 1758.9721 | AC9: =IF(AND(M9>0,AA9>0),(AA9/(Q9*1000)*1000),0) -> 1758.9721 | AD9: =IF(AND(R9>0,Z9>0),(Z9/(R9*1000)*1000),0) -> 1661.5183 | AE9: =IF(AND(S9>0,AA9>0),(AA9/(S9*1000)*1000),0) -> 1661.5183 | AF9: =1.949 -> 1.949 | AG9: 50.665 | AH9: =+SUM(Efficiency2!K6:K7) -> 44.850001 | AI9: =AH9 -> 44.850001 | AJ9: =+R9/AH9 -> 0.40002229 | AK9: =+S9/AI9 -> 0.40002229
A10: =A9+1 -> 45932 | B10: Facial/MG | C10: 10,3/15,5/16,5 | D10: =+'2'!F42 -> 1343.125 | E10: =+'2'!G42 -> 1289.7134 | F10: =1-(E10/D10) -> 0.039766636 | G10: =+P10/N10 -> 0.9727141 | H10: =+P10/L10 -> 0.96399384 | I10: =+R10/P10 -> 0.78743348 | J10: =+R10/L10 -> 0.75908102 | K10: =+S10/M10 -> 0.53436518 | L10: =+SUM(Efficiency1!K13:K15) -> 72.708971 | M10: =M9+L10 -> 136.85959 | N10: =+SUM(Efficiency1!C13:C15) -> 72.057144 | O10: =O9+N10 -> 134.40458 | P10: ='2'!I38 -> 70.091 | Q10: =Q9+P10 -> 87.038 | R10: ='2'!I40 -> 55.192 | S10: =S9+R10 -> 73.133 | T10: =+AF10+AG10 -> 154.035 | U10: =T10+U9 -> 206.649 | V10: =T10/(P10) -> 2.1976431 | W10: =U10/(Q10) -> 2.3742388 | X10: =IF(AND(R10>0,T10>0),T10/(R10),0) -> 2.7908936 | Y10: =IF(AND(S10>0,U10>0),U10/(S10),0) -> 2.8256601 | Z10: ='2'!I46 -> 57964.18 | AA10: =Z10+AA9 -> 87773.48 | AB10: =IF(AND(L10>0,Z10>0),(Z10/(P10*1000)*1000),0) -> 826.98463 | AC10: =IF(AND(M10>0,AA10>0),(AA10/(Q10*1000)*1000),0) -> 1008.4501 | AD10: =IF(AND(R10>0,Z10>0),(Z10/(R10*1000)*1000),0) -> 1050.2279 | AE10: =IF(AND(S10>0,AA10>0),(AA10/(S10*1000)*1000),0) -> 1200.1898 | AF10: =8.669 -> 8.669 | AG10: 145.366 | AH10: =+SUM(Efficiency2!K13:K15) -> 72.708971 | AI10: =AI9+AH10 -> 117.55897 | AJ10: =+R10/AH10 -> 0.75908102 | AK10: =+S10/AI10 -> 0.62209629
A11: =A10+1 -> 45933 | B11: MG | C11: 16,5/21 | D11: =+'3'!F42 -> 1088.5417 | E11: =+'3'!G42 -> 1084.7318 | F11: =1-(E11/D11) -> 0.0035 | G11: =+P11/N11 -> 0.97868296 | H11: =+P11/L11 -> 0.97525757 | I11: =+R11/P11 -> 1.0762388 | J11: =+R11/L11 -> 1.04961 | K11: =+S11/M11 -> 0.72564174 | L11: =+SUM(Efficiency1!K18:K19) -> 80.804295 | M11: =M10+L11 -> 217.66389 | N11: =+SUM(Efficiency1!C18:C19) -> 80.52148 | O11: =O10+N11 -> 214.92606 | P11: ='3'!I38 -> 78.805 | Q11: =Q10+P11 -> 165.843 | R11: ='3'!I40 -> 84.813 | S11: =S10+R11 -> 157.946 | T11: =+AF11+AG11 -> 160.939 | U11: =T11+U10 -> 367.588 | V11: =T11/(P11) -> 2.0422435 | W11: =U11/(Q11) -> 2.2164819 | X11: =IF(AND(R11>0,T11>0),T11/(R11),0) -> 1.8975747 | Y11: =IF(AND(S11>0,U11>0),U11/(S11),0) -> 2.3273017 | Z11: ='3'!I46 -> 55282.22 | AA11: =Z11+AA10 -> 143055.7 | AB11: =IF(AND(L11>0,Z11>0),(Z11/(P11*1000)*1000),0) -> 701.5065 | AC11: =IF(AND(M11>0,AA11>0),(AA11/(Q11*1000)*1000),0) -> 862.59716 | AD11: =IF(AND(R11>0,Z11>0),(Z11/(R11*1000)*1000),0) -> 651.81305 | AE11: =IF(AND(S11>0,AA11>0),(AA11/(S11*1000)*1000),0) -> 905.72537 | AF11: =10.017 -> 10.017 | AG11: 150.922 | AH11: =+SUM(Efficiency2!K18:K19) -> 80.804295 | AI11: =AI10+AH11 -> 198.36327 | AJ11: =+R11/AH11 -> 1.04961 | AK11: =+S11/AI11 -> 0.79624621
A12: =A11+1 -> 45934 | B12: MG | C12: 21 | D12: =+'4'!F42 -> 920.83333 | E12: =+'4'!G42 -> 917.61042 | F12: =1-(E12/D12) -> 0.0035 | G12: =+P12/N12 -> 0.9665621 | H12: =+P12/L12 -> 0.90502801 | I12: =+R12/P12 -> 0.84924743 | J12: =+R12/L12 -> 0.76859272 | K12: =+S12/M12 -> 0.73703148 | L12: =+Efficiency1!K24 -> 78.550055 | M12: =M11+L12 -> 296.21394 | N12: =+Efficiency1!C24 -> 73.549335 | O12: =O11+N12 -> 288.4754 | P12: ='4'!I38 -> 71.09 | Q12: =Q11+P12 -> 236.933 | R12: ='4'!I40 -> 60.373 | S12: =S11+R12 -> 218.319 | T12: =+AF12+AG12 -> 146.392 | U12: =T12+U11 -> 513.98 | V12: =T12/(P12) -> 2.0592488 | W12: =U12/(Q12) -> 2.1693052 | X12: =IF(AND(R12>0,T12>0),T12/(R12),0) -> 2.4247925 | Y12: =IF(AND(S12>0,U12>0),U12/(S12),0) -> 2.3542614 | Z12: ='4'!I46 -> 48566.44 | AA12: =Z12+AA11 -> 191622.14 | AB12: =IF(AND(L12>0,Z12>0),(Z12/(P12*1000)*1000),0) -> 683.16838 | AC12: =IF(AND(M12>0,AA12>0),(AA12/(Q12*1000)*1000),0) -> 808.76087 | AD12: =IF(AND(R12>0,Z12>0),(Z12/(R12*1000)*1000),0) -> 804.43973 | AE12: =IF(AND(S12>0,AA12>0),(AA12/(S12*1000)*1000),0) -> 877.71628 | AF12: =4.888 -> 4.888 | AG12: 141.504 | AH12: =+Efficiency2!K24 -> 78.550055 | AI12: =AI11+AH12 -> 276.91332 | AJ12: =+R12/AH12 -> 0.76859272 | AK12: =+S12/AI12 -> 0.78840194
A13: =A12+1 -> 45935 | B13: MG | C13: 21 | D13: =+'5'!F42 -> 907.08333 | E13: =+'5'!G42 -> 903.90854 | F13: =1-(E13/D13) -> 0.0035 | G13: =+P13/N13 -> 0.98916615 | H13: =+P13/L13 -> 0.91236299 | I13: =+R13/P13 -> 0.97583561 | J13: =+R13/L13 -> 0.8903163 | K13: =+S13/M13 -> 0.76944113 | L13: =+Efficiency1!K29 -> 79.422336 | M13: =M12+L13 -> 375.63628 | N13: =+Efficiency1!C29 -> 73.255641 | O13: =O12+N13 -> 361.73104 | P13: ='5'!I38 -> 72.462 | Q13: =Q12+P13 -> 309.395 | R13: ='5'!I40 -> 70.711 | S13: =S12+R13 -> 289.03 | T13: =+AF13+AG13 -> 146.525 | U13: =T13+U12 -> 660.505 | V13: =T13/(P13) -> 2.0220943 | W13: =U13/(Q13) -> 2.1348276 | X13: =IF(AND(R13>0,T13>0),T13/(R13),0) -> 2.072167 | Y13: =IF(AND(S13>0,U13>0),U13/(S13),0) -> 2.2852472 | Z13: ='5'!I46 -> 49290.48 | AA13: =Z13+AA12 -> 240912.62 | AB13: =IF(AND(L13>0,Z13>0),(Z13/(P13*1000)*1000),0) -> 680.22522 | AC13: =IF(AND(M13>0,AA13>0),(AA13/(Q13*1000)*1000),0) -> 778.65712 | AD13: =IF(AND(R13>0,Z13>0),(Z13/(R13*1000)*1000),0) -> 697.06948 | AE13: =IF(AND(S13>0,AA13>0),(AA13/(S13*1000)*1000),0) -> 833.52116 | AF13: =4.715 -> 4.715 | AG13: 141.81 | AH13: =+Efficiency2!K29 -> 79.422336 | AI13: =AI12+AH13 -> 356.33566 | AJ13: =+R13/AH13 -> 0.8903163 | AK13: =+S13/AI13 -> 0.81111725
A14: =A13+1 -> 45936 | B14: MG | C14: 21/22/16,5/14 | D14: =+'6'!F42 -> 1024.5139 | E14: =+'6'!G42 -> 1020.9281 | F14: =1-(E14/D14) -> 0.0035 | G14: =+P14/N14 -> 0.9679439 | H14: =+P14/L14 -> 0.90370152 | I14: =+R14/P14 -> 0.91074826 | J14: =+R14/L14 -> 0.82304459 | K14: =+S14/M14 -> 0.77853842 | L14: =+SUM(Efficiency1!K33:K36) -> 76.781989 | M14: =M13+L14 -> 452.41827 | N14: =+SUM(Efficiency1!C33:C36) -> 71.685973 | O14: =O13+N14 -> 433.41701 | P14: ='6'!I38 -> 69.388 | Q14: =Q13+P14 -> 378.783 | R14: ='6'!I40 -> 63.195 | S14: =S13+R14 -> 352.225 | T14: =+AF14+AG14 -> 144.676 | U14: =T14+U13 -> 805.181 | V14: =T14/(P14) -> 2.0850291 | W14: =U14/(Q14) -> 2.1257052 | X14: =IF(AND(R14>0,T14>0),T14/(R14),0) -> 2.2893583 | Y14: =IF(AND(S14>0,U14>0),U14/(S14),0) -> 2.2859848 | Z14: ='6'!I46 -> 53234.74 | AA14: =Z14+AA13 -> 294147.36 | AB14: =IF(AND(L14>0,Z14>0),(Z14/(P14*1000)*1000),0) -> 767.20384 | AC14: =IF(AND(M14>0,AA14>0),(AA14/(Q14*1000)*1000),0) -> 776.55903 | AD14: =IF(AND(R14>0,Z14>0),(Z14/(R14*1000)*1000),0) -> 842.38848 | AE14: =IF(AND(S14>0,AA14>0),(AA14/(S14*1000)*1000),0) -> 835.1121 | AF14: =3.872 -> 3.872 | AG14: 140.804 | AH14: =+SUM(Efficiency2!K33:K36) -> 76.781989 | AI14: =AI13+AH14 -> 433.11765 | AJ14: =+R14/AH14 -> 0.82304459 | AK14: =+S14/AI14 -> 0.8132317
A15: =A14+1 -> 45937 | B15: MG/Facial | C15: 14/17/10,3/12 | D15: =+'7'!F42 -> 1303.4167 | E15: =+'7'!G42 -> 1205.3016 | F15: =1-(E15/D15) -> 0.075275286 | G15: =+P15/N15 -> 0.99335832 | H15: =+P15/L15 -> 0.92594059 | I15: =+R15/P15 -> 0.91952879 | J15: =+R15/L15 -> 0.85142903 | K15: =+S15/M15 -> 0.78797623 | L15: =+SUM(Efficiency1!K38:K41) -> 67.291574 | M15: =M14+L15 -> 519.70984 | N15: =+SUM(Efficiency1!C38:C41) -> 62.724596 | O15: =O14+N15 -> 496.14161 | P15: ='7'!I38 -> 62.308 | Q15: =Q14+P15 -> 441.091 | R15: ='7'!I40 -> 57.294 | S15: =S14+R15 -> 409.519 | T15: =+AF15+AG15 -> 140.37 | U15: =T15+U14 -> 945.551 | V15: =T15/(P15) -> 2.2528407 | W15: =U15/(Q15) -> 2.1436642 | X15: =IF(AND(R15>0,T15>0),T15/(R15),0) -> 2.4499948 | Y15: =IF(AND(S15>0,U15>0),U15/(S15),0) -> 2.3089307 | Z15: ='7'!I46 -> 58033.3 | AA15: =Z15+AA14 -> 352180.66 | AB15: =IF(AND(L15>0,Z15>0),(Z15/(P15*1000)*1000),0) -> 931.39404 | AC15: =IF(AND(M15>0,AA15>0),(AA15/(Q15*1000)*1000),0) -> 798.43085 | AD15: =IF(AND(R15>0,Z15>0),(Z15/(R15*1000)*1000),0) -> 1012.9036 | AE15: =IF(AND(S15>0,AA15>0),(AA15/(S15*1000)*1000),0) -> 859.98613 | AF15: =1.664 -> 1.664 | AG15: 138.706 | AH15: =+SUM(Efficiency2!K38:K41) -> 67.291574 | AI15: =AI14+AH15 -> 500.40922 | AJ15: =+R15/AH15 -> 0.85142903 | AK15: =+S15/AI15 -> 0.81836821
A16: =A15+1 -> 45938 | B16: Facial | C16: 12 | D16: =+'8'!F42 -> 1680 | E16: =+'8'!G42 -> 1344 | F16: =1-(E16/D16) -> 0.2 | G16: =+P16/N16 -> 0.95432434 | H16: =+P16/L16 -> 0.94309699 | I16: =+R16/P16 -> 1.0385888 | J16: =+R16/L16 -> 0.97948993 | K16: =+S16/M16 -> 0.80853871 | L16: =+Efficiency1!K43 -> 62.512128 | M16: =M15+L16 -> 582.22197 | N16: =+Efficiency1!C43 -> 61.776691 | O16: =O15+N16 -> 557.9183 | P16: ='8'!I38 -> 58.955 | Q16: =Q15+P16 -> 500.046 | R16: ='8'!I40 -> 61.23 | S16: =S15+R16 -> 470.749 | T16: =+AF16+AG16 -> 134.236 | U16: =T16+U15 -> 1079.787 | V16: =T16/(P16) -> 2.2769231 | W16: =U16/(Q16) -> 2.1593753 | X16: =IF(AND(R16>0,T16>0),T16/(R16),0) -> 2.192324 | Y16: =IF(AND(S16>0,U16>0),U16/(S16),0) -> 2.2937638 | Z16: ='8'!I46 -> 57774.26 | AA16: =Z16+AA15 -> 409954.92 | AB16: =IF(AND(L16>0,Z16>0),(Z16/(P16*1000)*1000),0) -> 979.97218 | AC16: =IF(AND(M16>0,AA16>0),(AA16/(Q16*1000)*1000),0) -> 819.83442 | AD16: =IF(AND(R16>0,Z16>0),(Z16/(R16*1000)*1000),0) -> 943.56133 | AE16: =IF(AND(S16>0,AA16>0),(AA16/(S16*1000)*1000),0) -> 870.8567 | AF16: =0.575 -> 0.575 | AG16: 133.661 | AH16: =+Efficiency2!K43 -> 62.512128 | AI16: =AI15+AH16 -> 562.92135 | AJ16: =+R16/AH16 -> 0.97948993 | AK16: =+S16/AI16 -> 0.8362607
A17: =A16+1 -> 45939 | B17: Facial | C17: 12/10,3 | D17: =+'9'!F42 -> 1713.7569 | E17: =+'9'!G42 -> 1400.2503 | F17: =1-(E17/D17) -> 0.18293532 | G17: =+P17/N17 -> 0.99558772 | H17: =+P17/L17 -> 0.98336489 | I17: =+R17/P17 -> 0.96601377 | J17: =+R17/L17 -> 0.94994402 | K17: =+S17/M17 -> 0.82162852 | L17: =+SUM(Efficiency1!K47:K48) -> 59.394026 | M17: =M16+L17 -> 641.61599 | N17: =+SUM(Efficiency1!C47:C48) -> 58.664846 | O17: =O16+N17 -> 616.58315 | P17: ='9'!I38 -> 58.406 | Q17: =Q16+P17 -> 558.452 | R17: ='9'!I40 -> 56.421 | S17: =S16+R17 -> 527.17 | T17: =+AF17+AG17 -> 133.486 | U17: =T17+U16 -> 1213.273 | V17: =T17/(P17) -> 2.2854844 | W17: =U17/(Q17) -> 2.1725645 | X17: =IF(AND(R17>0,T17>0),T17/(R17),0) -> 2.3658921 | Y17: =IF(AND(S17>0,U17>0),U17/(S17),0) -> 2.3014834 | Z17: ='9'!I46 -> 59679.86 | AA17: =Z17+AA16 -> 469634.78 | AB17: =IF(AND(L17>0,Z17>0),(Z17/(P17*1000)*1000),0) -> 1021.8104 | AC17: =IF(AND(M17>0,AA17>0),(AA17/(Q17*1000)*1000),0) -> 840.95818 | AD17: =IF(AND(R17>0,Z17>0),(Z17/(R17*1000)*1000),0) -> 1057.7597 | AE17: =IF(AND(S17>0,AA17>0),(AA17/(S17*1000)*1000),0) -> 890.86022 | AF17: =0.442 -> 0.442 | AG17: 133.044 | AH17: =+SUM(Efficiency2!K47:K48) -> 59.394026 | AI17: =AI16+AH17 -> 622.31537 | AJ17: =+R17/AH17 -> 0.94994402 | AK17: =+S17/AI17 -> 0.84711068
A18: =A17+1 -> 45940 | B18: Facial | C18: 12/10,5 | D18: =+'10'!F42 -> 1681.5278 | E18: =+'10'!G42 -> 1277.9611 | F18: =1-(E18/D18) -> 0.24 | G18: =+P18/N18 -> 0.88184747 | H18: =+P18/L18 -> 0.83338164 | I18: =+R18/P18 -> 0.96613715 | J18: =+R18/L18 -> 0.80516097 | K18: =+S18/M18 -> 0.82020298 | L18: =+SUM(Efficiency1!K52:K53) -> 60.806475 | M18: =M17+L18 -> 702.42247 | N18: =+SUM(Efficiency1!C52:C53) -> 57.464586 | O18: =O17+N18 -> 674.04773 | P18: ='10'!I38 -> 50.675 | Q18: =Q17+P18 -> 609.127 | R18: ='10'!I40 -> 48.959 | S18: =S17+R18 -> 576.129 | T18: =+AF18+AG18 -> 124.406 | U18: =T18+U17 -> 1337.679 | V18: =T18/(P18) -> 2.4549778 | W18: =U18/(Q18) -> 2.1960593 | X18: =IF(AND(R18>0,T18>0),T18/(R18),0) -> 2.5410241 | Y18: =IF(AND(S18>0,U18>0),U18/(S18),0) -> 2.3218394 | Z18: ='10'!I46 -> 59107.34 | AA18: =Z18+AA17 -> 528742.12 | AB18: =IF(AND(L18>0,Z18>0),(Z18/(P18*1000)*1000),0) -> 1166.4004 | AC18: =IF(AND(M18>0,AA18>0),(AA18/(Q18*1000)*1000),0) -> 868.03264 | AD18: =IF(AND(R18>0,Z18>0),(Z18/(R18*1000)*1000),0) -> 1207.2824 | AE18: =IF(AND(S18>0,AA18>0),(AA18/(S18*1000)*1000),0) -> 917.74953 | AF18: =1.188 -> 1.188 | AG18: 123.218 | AH18: =+SUM(Efficiency2!K52:K53) -> 60.806475 | AI18: =AI17+AH18 -> 683.12185 | AJ18: =+R18/AH18 -> 0.80516097 | AK18: =+S18/AI18 -> 0.84337663
A19: =A18+1 -> 45941 | B19: Facial | C19: 10,5/10,3/12 | D19: =+'11'!F42 -> 1667.0833 | E19: =+'11'!G42 -> 1308.4833 | F19: =1-(E19/D19) -> 0.21510622 | G19: =+P19/N19 -> 1.0032822 | H19: =+P19/L19 -> 0.97091122 | I19: =+R19/P19 -> 0.92065103 | J19: =+R19/L19 -> 0.89387042 | K19: =+S19/M19 -> 0.82562571 | L19: =+SUM(Efficiency1!K56:K58) -> 55.814578 | M19: =M18+L19 -> 758.23705 | N19: =+SUM(Efficiency1!C56:C58) -> 54.013715 | O19: =O18+N19 -> 728.06145 | P19: ='11'!I38 -> 54.191 | Q19: =Q18+P19 -> 663.318 | R19: ='11'!I40 -> 49.891 | S19: =S18+R19 -> 626.02 | T19: =+AF19+AG19 -> 122.588 | U19: =T19+U18 -> 1460.267 | V19: =T19/(P19) -> 2.2621469 | W19: =U19/(Q19) -> 2.2014584 | X19: =IF(AND(R19>0,T19>0),T19/(R19),0) -> 2.4571165 | Y19: =IF(AND(S19>0,U19>0),U19/(S19),0) -> 2.3326204 | Z19: ='11'!I46 -> 56892.78 | AA19: =Z19+AA18 -> 585634.9 | AB19: =IF(AND(L19>0,Z19>0),(Z19/(P19*1000)*1000),0) -> 1049.8566 | AC19: =IF(AND(M19>0,AA19>0),(AA19/(Q19*1000)*1000),0) -> 882.88709 | AD19: =IF(AND(R19>0,Z19>0),(Z19/(R19*1000)*1000),0) -> 1140.3415 | AE19: =IF(AND(S19>0,AA19>0),(AA19/(S19*1000)*1000),0) -> 935.48912 | AF19: =0.925 -> 0.925 | AG19: 121.663 | AH19: =+SUM(Efficiency2!K56:K58) -> 55.814578 | AI19: =AI18+AH19 -> 738.93643 | AJ19: =+R19/AH19 -> 0.89387042 | AK19: =+S19/AI19 -> 0.84719061
A20: =A19+1 -> 45942 | B20: Facial | C20: 12 | D20: =+'12'!F42 -> 1669.375 | E20: =+'12'!G42 -> 1300.225 | F20: =1-(E20/D20) -> 0.22113066 | G20: =+P20/N20 -> 0.87643882 | H20: =+P20/L20 -> 0.86065004 | I20: =+R20/P20 -> 0.9336197 | J20: =+R20/L20 -> 0.80351983 | K20: =+S20/M20 -> 0.82398319 | L20: =+Efficiency1!K61 -> 60.860975 | M20: =M19+L20 -> 819.09802 | N20: =+Efficiency1!C61 -> 59.764582 | O20: =O19+N20 -> 787.82603 | P20: ='12'!I38 -> 52.38 | Q20: =Q19+P20 -> 715.698 | R20: ='12'!I40 -> 48.903 | S20: =S19+R20 -> 674.923 | T20: =+AF20+AG20 -> 124.953 | U20: =T20+U19 -> 1585.22 | V20: =T20/(P20) -> 2.3855097 | W20: =U20/(Q20) -> 2.2149286 | X20: =IF(AND(R20>0,T20>0),T20/(R20),0) -> 2.5551193 | Y20: =IF(AND(S20>0,U20>0),U20/(S20),0) -> 2.348742 | Z20: ='12'!I46 -> 57111.08 | AA20: =Z20+AA19 -> 642745.98 | AB20: =IF(AND(L20>0,Z20>0),(Z20/(P20*1000)*1000),0) -> 1090.3223 | AC20: =IF(AND(M20>0,AA20>0),(AA20/(Q20*1000)*1000),0) -> 898.06871 | AD20: =IF(AND(R20>0,Z20>0),(Z20/(R20*1000)*1000),0) -> 1167.8441 | AE20: =IF(AND(S20>0,AA20>0),(AA20/(S20*1000)*1000),0) -> 952.3249 | AF20: =0.389 -> 0.389 | AG20: 124.564 | AH20: =+Efficiency2!K61 -> 60.860975 | AI20: =AI19+AH20 -> 799.7974 | AJ20: =+R20/AH20 -> 0.80351983 | AK20: =+S20/AI20 -> 0.84386746
A21: =A20+1 -> 45943 | B21: Facial | C21: 12 | D21: =+'13'!F42 -> 1666.6667 | E21: =+'13'!G42 -> 1266.6667 | F21: =1-(E21/D21) -> 0.24 | G21: =+P21/N21 -> 0.94738646 | H21: =+P21/L21 -> 0.92881025 | I21: =+R21/P21 -> 1.0011453 | J21: =+R21/L21 -> 0.92987401 | K21: =+S21/M21 -> 0.83112327 | L21: =+Efficiency1!K65 -> 59.224152 | M21: =M20+L21 -> 878.32217 | N21: =+Efficiency1!C65 -> 58.062895 | O21: =O20+N21 -> 845.88892 | P21: ='13'!I38 -> 55.008 | Q21: =Q20+P21 -> 770.706 | R21: ='13'!I40 -> 55.071 | S21: =S20+R21 -> 729.994 | T21: =+AF21+AG21 -> 119.947 | U21: =T21+U20 -> 1705.167 | V21: =T21/(P21) -> 2.1805374 | W21: =U21/(Q21) -> 2.212474 | X21: =IF(AND(R21>0,T21>0),T21/(R21),0) -> 2.1780429 | Y21: =IF(AND(S21>0,U21>0),U21/(S21),0) -> 2.3358644 | Z21: ='13'!I46 -> 53052.94 | AA21: =Z21+AA20 -> 695798.92 | AB21: =IF(AND(L21>0,Z21>0),(Z21/(P21*1000)*1000),0) -> 964.45862 | AC21: =IF(AND(M21>0,AA21>0),(AA21/(Q21*1000)*1000),0) -> 902.80719 | AD21: =IF(AND(R21>0,Z21>0),(Z21/(R21*1000)*1000),0) -> 963.3553 | AE21: =IF(AND(S21>0,AA21>0),(AA21/(S21*1000)*1000),0) -> 953.15704 | AF21: =0.994 -> 0.994 | AG21: 118.953 | AH21: =+Efficiency2!K65 -> 59.224152 | AI21: =AI20+AH21 -> 859.02155 | AJ21: =+R21/AH21 -> 0.92987401 | AK21: =+S21/AI21 -> 0.84979707
A22: =A21+1 -> 45944 | B22: Facial | C22: 12 | D22: =+'14'!F42 -> 1671.3889 | E22: =+'14'!G42 -> 1270.2556 | F22: =1-(E22/D22) -> 0.24 | G22: =+P22/N22 -> 1.0081586 | H22: =+P22/L22 -> 0.9911912 | I22: =+R22/P22 -> 1.0279679 | J22: =+R22/L22 -> 1.0189127 | K22: =+S22/M22 -> 0.84304817 | L22: =+Efficiency1!K69 -> 59.556623 | M22: =M21+L22 -> 937.8788 | N22: =+Efficiency1!C69 -> 58.554281 | O22: =O21+N22 -> 904.44321 | P22: ='14'!I38 -> 59.032 | Q22: =Q21+P22 -> 829.738 | R22: ='14'!I40 -> 60.683 | S22: =S21+R22 -> 790.677 | T22: =+AF22+AG22 -> 117.721 | U22: =T22+U21 -> 1822.888 | V22: =T22/(P22) -> 1.9941896 | W22: =U22/(Q22) -> 2.1969441 | X22: =IF(AND(R22>0,T22>0),T22/(R22),0) -> 1.9399338 | Y22: =IF(AND(S22>0,U22>0),U22/(S22),0) -> 2.3054775 | Z22: ='14'!I46 -> 53332.4 | AA22: =Z22+AA21 -> 749131.32 | AB22: =IF(AND(L22>0,Z22>0),(Z22/(P22*1000)*1000),0) -> 903.44898 | AC22: =IF(AND(M22>0,AA22>0),(AA22/(Q22*1000)*1000),0) -> 902.85285 | AD22: =IF(AND(R22>0,Z22>0),(Z22/(R22*1000)*1000),0) -> 878.86888 | AE22: =IF(AND(S22>0,AA22>0),(AA22/(S22*1000)*1000),0) -> 947.45556 | AF22: =0.832 -> 0.832 | AG22: 116.889 | AH22: =+Efficiency2!K69 -> 59.556623 | AI22: =AI21+AH22 -> 918.57818 | AJ22: =+R22/AH22 -> 1.0189127 | AK22: =+S22/AI22 -> 0.86076179
A23: =A22+1 -> 45945 | B23: Facial | C23: 12 | D23: =+'15'!F42 -> 1660 | E23: =+'15'!G42 -> 1261.6 | F23: =1-(E23/D23) -> 0.24 | G23: =+P23/N23 -> 0.96739389 | H23: =+P23/L23 -> 0.94463168 | I23: =+R23/P23 -> 0.96461021 | J23: =+R23/L23 -> 0.91120137 | K23: =+S23/M23 -> 0.84721353 | L23: =+Efficiency1!K74 -> 61.052367 | M23: =M22+L23 -> 998.93116 | N23: =+Efficiency1!C74 -> 59.61584 | O23: =O22+N23 -> 964.05905 | P23: ='15'!I38 -> 57.672 | Q23: =Q22+P23 -> 887.41 | R23: ='15'!I40 -> 55.631 | S23: =S22+R23 -> 846.308 | T23: =+AF23+AG23 -> 118.069 | U23: =T23+U22 -> 1940.957 | V23: =T23/(P23) -> 2.04725 | W23: =U23/(Q23) -> 2.1872156 | X23: =IF(AND(R23>0,T23>0),T23/(R23),0) -> 2.1223598 | Y23: =IF(AND(S23>0,U23>0),U23/(S23),0) -> 2.2934404 | Z23: ='15'!I46 -> 56947.2 | AA23: =Z23+AA22 -> 806078.52 | AB23: =IF(AND(L23>0,Z23>0),(Z23/(P23*1000)*1000),0) -> 987.43238 | AC23: =IF(AND(M23>0,AA23>0),(AA23/(Q23*1000)*1000),0) -> 908.3496 | AD23: =IF(AND(R23>0,Z23>0),(Z23/(R23*1000)*1000),0) -> 1023.6595 | AE23: =IF(AND(S23>0,AA23>0),(AA23/(S23*1000)*1000),0) -> 952.46473 | AF23: =1.862 -> 1.862 | AG23: 116.207 | AH23: =+Efficiency2!K74 -> 61.052367 | AI23: =AI22+AH23 -> 979.63054 | AJ23: =+R23/AH23 -> 0.91120137 | AK23: =+S23/AI23 -> 0.86390528
A24: =A23+1 -> 45946 | B24: Facial | C24: 12/12,5 | D24: =+'16'!F42 -> 1660 | E24: =+'16'!G42 -> 1261.6 | F24: =1-(E24/D24) -> 0.24 | G24: =+P24/N24 -> 0.84543705 | H24: =+P24/L24 -> 0.82554442 | I24: =+R24/P24 -> 0.89873291 | J24: =+R24/L24 -> 0.74194394 | K24: =+S24/M24 -> 0.84118276 | L24: =+SUM(Efficiency1!K78:K79) -> 60.705395 | M24: =M23+L24 -> 1059.6366 | N24: =+SUM(Efficiency1!C78:C79) -> 59.277033 | O24: =O23+N24 -> 1023.3361 | P24: ='16'!I38 -> 50.115 | Q24: =Q23+P24 -> 937.525 | R24: ='16'!I40 -> 45.04 | S24: =S23+R24 -> 891.348 | T24: =+AF24+AG24 -> 118.939 | U24: =T24+U23 -> 2059.896 | V24: =T24/(P24) -> 2.3733214 | W24: =U24/(Q24) -> 2.1971638 | X24: =IF(AND(R24>0,T24>0),T24/(R24),0) -> 2.6407416 | Y24: =IF(AND(S24>0,U24>0),U24/(S24),0) -> 2.3109896 | Z24: ='16'!I46 -> 55710.4 | AA24: =Z24+AA23 -> 861788.92 | AB24: =IF(AND(L24>0,Z24>0),(Z24/(P24*1000)*1000),0) -> 1111.6512 | AC24: =IF(AND(M24>0,AA24>0),(AA24/(Q24*1000)*1000),0) -> 919.217 | AD24: =IF(AND(R24>0,Z24>0),(Z24/(R24*1000)*1000),0) -> 1236.9094 | AE24: =IF(AND(S24>0,AA24>0),(AA24/(S24*1000)*1000),0) -> 966.83778 | AF24: =1.588 -> 1.588 | AG24: 117.351 | AH24: =+SUM(Efficiency2!K78:K79) -> 60.705395 | AI24: =AI23+AH24 -> 1040.3359 | AJ24: =+R24/AH24 -> 0.74194394 | AK24: =+S24/AI24 -> 0.85678863
A25: =A24+1 -> 45947 | B25: Facial | C25: 12,5/13 | D25: =+'17'!F42 -> 1687.9167 | E25: =+'17'!G42 -> 1282.8167 | F25: =1-(E25/D25) -> 0.24 | G25: =+P25/N25 -> 0.99218565 | H25: =+P25/L25 -> 0.96884011 | I25: =+R25/P25 -> 0.96400336 | J25: =+R25/L25 -> 0.93396511 | K25: =+S25/M25 -> 0.84646521 | L25: =+SUM(Efficiency1!K85:K86) -> 63.97134 | M25: =M24+L25 -> 1123.6079 | N25: =+SUM(Efficiency1!C85:C86) -> 62.466132 | O25: =O24+N25 -> 1085.8022 | P25: ='17'!I38 -> 61.978 | Q25: =Q24+P25 -> 999.503 | R25: ='17'!I40 -> 59.747 | S25: =S24+R25 -> 951.095 | T25: =+AF25+AG25 -> 121.21 | U25: =T25+U24 -> 2181.106 | V25: =T25/(P25) -> 1.955694 | W25: =U25/(Q25) -> 2.1821905 | X25: =IF(AND(R25>0,T25>0),T25/(R25),0) -> 2.0287211 | Y25: =IF(AND(S25>0,U25>0),U25/(S25),0) -> 2.2932578 | Z25: ='17'!I46 -> 57318.76 | AA25: =Z25+AA24 -> 919107.68 | AB25: =IF(AND(L25>0,Z25>0),(Z25/(P25*1000)*1000),0) -> 924.82429 | AC25: =IF(AND(M25>0,AA25>0),(AA25/(Q25*1000)*1000),0) -> 919.5647 | AD25: =IF(AND(R25>0,Z25>0),(Z25/(R25*1000)*1000),0) -> 959.35796 | AE25: =IF(AND(S25>0,AA25>0),(AA25/(S25*1000)*1000),0) -> 966.3679 | AF25: =2.629 -> 2.629 | AG25: 118.581 | AH25: =+SUM(Efficiency2!K85:K86) -> 63.97134 | AI25: =AI24+AH25 -> 1104.3073 | AJ25: =+R25/AH25 -> 0.93396511 | AK25: =+S25/AI25 -> 0.86125938
A26: =A25+1 -> 45948 | B26: Facial | C26: 13/12 | D26: =+'18'!F42 -> 1667.5 | E26: =+'18'!G42 -> 1267.3 | F26: =1-(E26/D26) -> 0.24 | G26: =+P26/N26 -> 0.93636699 | H26: =+P26/L26 -> 0.91863564 | I26: =+R26/P26 -> 0.95671853 | J26: =+R26/L26 -> 0.87887574 | K26: =+S26/M26 -> 0.84814893 | L26: =+SUM(Efficiency1!K91:K92) -> 61.569569 | M26: =M25+L26 -> 1185.1775 | N26: =+SUM(Efficiency1!C91:C92) -> 60.403667 | O26: =O25+N26 -> 1146.2059 | P26: ='18'!I38 -> 56.56 | Q26: =Q25+P26 -> 1056.063 | R26: ='18'!I40 -> 54.112 | S26: =S25+R26 -> 1005.207 | T26: =+AF26+AG26 -> 117.956 | U26: =T26+U25 -> 2299.062 | V26: =T26/(P26) -> 2.0855021 | W26: =U26/(Q26) -> 2.1770122 | X26: =IF(AND(R26>0,T26>0),T26/(R26),0) -> 2.1798492 | Y26: =IF(AND(S26>0,U26>0),U26/(S26),0) -> 2.2871528 | Z26: ='18'!I46 -> 57317.98 | AA26: =Z26+AA25 -> 976425.66 | AB26: =IF(AND(L26>0,Z26>0),(Z26/(P26*1000)*1000),0) -> 1013.4013 | AC26: =IF(AND(M26>0,AA26>0),(AA26/(Q26*1000)*1000),0) -> 924.59035 | AD26: =IF(AND(R26>0,Z26>0),(Z26/(R26*1000)*1000),0) -> 1059.2471 | AE26: =IF(AND(S26>0,AA26>0),(AA26/(S26*1000)*1000),0) -> 971.36775 | AF26: =2.111 -> 2.111 | AG26: 115.845 | AH26: =+SUM(Efficiency2!K91:K92) -> 61.569569 | AI26: =AI25+AH26 -> 1165.8768 | AJ26: =+R26/AH26 -> 0.87887574 | AK26: =+S26/AI26 -> 0.86218969
A27: =A26+1 -> 45949 | B27: Facial | C27: 12 | D27: =+'19'!F42 -> 1666.996 | E27: =+'19'!G42 -> 1266.917 | F27: =1-(E27/D27) -> 0.24 | G27: =+P27/N27 -> 0.94179189 | H27: =+P27/L27 -> 0.92350785 | I27: =+R27/P27 -> 0.96159127 | J27: =+R27/L27 -> 0.88803709 | K27: =+S27/M27 -> 0.8500931 | L27: =+Efficiency1!K96 -> 60.726067 | M27: =M26+L27 -> 1245.9035 | N27: =+Efficiency1!C96 -> 59.547126 | O27: =O26+N27 -> 1205.753 | P27: ='19'!I38 -> 56.081 | Q27: =Q26+P27 -> 1112.144 | R27: ='19'!I40 -> 53.927 | S27: =S26+R27 -> 1059.134 | T27: =+AF27+AG27 -> 116.164 | U27: =T27+U26 -> 2415.226 | V27: =T27/(P27) -> 2.0713611 | W27: =U27/(Q27) -> 2.1716846 | X27: =IF(AND(R27>0,T27>0),T27/(R27),0) -> 2.1540972 | Y27: =IF(AND(S27>0,U27>0),U27/(S27),0) -> 2.2803781 | Z27: ='19'!I46 -> 59946.58 | AA27: =Z27+AA26 -> 1036372.2 | AB27: =IF(AND(L27>0,Z27>0),(Z27/(P27*1000)*1000),0) -> 1068.9285 | AC27: =IF(AND(M27>0,AA27>0),(AA27/(Q27*1000)*1000),0) -> 931.86875 | AD27: =IF(AND(R27>0,Z27>0),(Z27/(R27*1000)*1000),0) -> 1111.6246 | AE27: =IF(AND(S27>0,AA27>0),(AA27/(S27*1000)*1000),0) -> 978.50908 | AF27: =1.423 -> 1.423 | AG27: 114.741 | AH27: =+Efficiency2!K96 -> 60.726067 | AI27: =AI26+AH27 -> 1226.6029 | AJ27: =+R27/AH27 -> 0.88803709 | AK27: =+S27/AI27 -> 0.86346933
A28: =A27+1 -> 45950 | B28: Facial | C28: 12 | D28: =+'20'!F42 -> 1676.6667 | E28: =+'20'!G42 -> 1274.2667 | F28: =1-(E28/D28) -> 0.24 | G28: =+P28/N28 -> 0.95719716 | H28: =+P28/L28 -> 0.94405916 | I28: =+R28/P28 -> 0.96396239 | J28: =+R28/L28 -> 0.91003753 | K28: =+S28/M28 -> 0.85287904 | L28: =+Efficiency1!K100 -> 60.726067 | M28: =M27+L28 -> 1306.6296 | N28: =+Efficiency1!C100 -> 59.892572 | O28: =O27+N28 -> 1265.6456 | P28: ='20'!I38 -> 57.329 | Q28: =Q27+P28 -> 1169.473 | R28: ='20'!I40 -> 55.263 | S28: =S27+R28 -> 1114.397 | T28: =+AF28+AG28 -> 117.478 | U28: =T28+U27 -> 2532.704 | V28: =T28/(P28) -> 2.0491898 | W28: =U28/(Q28) -> 2.1656798 | X28: =IF(AND(R28>0,T28>0),T28/(R28),0) -> 2.1257985 | Y28: =IF(AND(S28>0,U28>0),U28/(S28),0) -> 2.2727125 | Z28: ='20'!I46 -> 56795.22 | AA28: =Z28+AA27 -> 1093167.5 | AB28: =IF(AND(L28>0,Z28>0),(Z28/(P28*1000)*1000),0) -> 990.68918 | AC28: =IF(AND(M28>0,AA28>0),(AA28/(Q28*1000)*1000),0) -> 934.7522 | AD28: =IF(AND(R28>0,Z28>0),(Z28/(R28*1000)*1000),0) -> 1027.726 | AE28: =IF(AND(S28>0,AA28>0),(AA28/(S28*1000)*1000),0) -> 980.94975 | AF28: =1.304 -> 1.304 | AG28: 116.174 | AH28: =+Efficiency2!K100 -> 60.726067 | AI28: =AI27+AH28 -> 1287.329 | AJ28: =+R28/AH28 -> 0.91003753 | AK28: =+S28/AI28 -> 0.86566605
A29: =A28+1 -> 45951 | B29: Facial/Sanitary Napkin | C29: 12/15 | D29: =+'21'!F42 -> 1175.8537 | E29: =+'21'!G42 -> 937.40488 | F29: =1-(E29/D29) -> 0.2027878 | G29: =+P29/N29 -> 0.77513003 | H29: =+P29/L29 -> 0.77470757 | I29: =+R29/P29 -> 0.95596378 | J29: =+R29/L29 -> 0.74059237 | K29: =+S29/M29 -> 0.84839763 | L29: =+SUM(Efficiency1!K104:K105) -> 54.315979 | M29: =M28+L29 -> 1360.9456 | N29: =+SUM(Efficiency1!C104:C105) -> 54.286376 | O29: =O28+N29 -> 1319.932 | P29: ='21'!I38 -> 42.079 | Q29: =Q28+P29 -> 1211.552 | R29: ='21'!I40 -> 40.226 | S29: =S28+R29 -> 1154.623 | T29: =+AF29+AG29 -> 105.165 | U29: =T29+U28 -> 2637.869 | V29: =T29/(P29) -> 2.4992276 | W29: =U29/(Q29) -> 2.1772644 | X29: =IF(AND(R29>0,T29>0),T29/(R29),0) -> 2.6143539 | Y29: =IF(AND(S29>0,U29>0),U29/(S29),0) -> 2.284615 | Z29: ='21'!I46 -> 49174.86 | AA29: =Z29+AA28 -> 1142342.3 | AB29: =IF(AND(L29>0,Z29>0),(Z29/(P29*1000)*1000),0) -> 1168.6319 | AC29: =IF(AND(M29>0,AA29>0),(AA29/(Q29*1000)*1000),0) -> 942.87519 | AD29: =IF(AND(R29>0,Z29>0),(Z29/(R29*1000)*1000),0) -> 1222.4646 | AE29: =IF(AND(S29>0,AA29>0),(AA29/(S29*1000)*1000),0) -> 989.3639 | AF29: =1.315 -> 1.315 | AG29: 103.85 | AH29: =+SUM(Efficiency2!K104:K105) -> 44.181259 | AI29: =AI28+AH29 -> 1331.5102 | AJ29: =+R29/AH29 -> 0.91047654 | AK29: =+S29/AI29 -> 0.86715292
A30: =A29+1 -> 45952 | B30: Sanitary Napkin | C30: 15 | D30: =+'22'!F42 -> 1173 | E30: =+'22'!G42 -> 938.4 | F30: =1-(E30/D30) -> 0.2 | G30: =+P30/N30 -> 1.0169975 | H30: =+P30/L30 -> 1.0169975 | I30: =+R30/P30 -> 0.93830926 | J30: =+R30/L30 -> 0.9542582 | K30: =+S30/M30 -> 0.85251915 | L30: =+Efficiency1!K109 -> 55.132877 | M30: =M29+L30 -> 1416.0785 | N30: =+Efficiency1!C109 -> 55.132877 | O30: =O29+N30 -> 1375.0648 | P30: ='22'!I38 -> 56.07 | Q30: =Q29+P30 -> 1267.622 | R30: ='22'!I40 -> 52.611 | S30: =S29+R30 -> 1207.234 | T30: =+AF30+AG30 -> 120.44 | U30: =T30+U29 -> 2758.309 | V30: =T30/(P30) -> 2.1480292 | W30: =U30/(Q30) -> 2.1759712 | X30: =IF(AND(R30>0,T30>0),T30/(R30),0) -> 2.2892551 | Y30: =IF(AND(S30>0,U30>0),U30/(S30),0) -> 2.2848172 | Z30: ='22'!I46 -> 55227.48 | AA30: =Z30+AA29 -> 1197569.8 | AB30: =IF(AND(L30>0,Z30>0),(Z30/(P30*1000)*1000),0) -> 984.97378 | AC30: =IF(AND(M30>0,AA30>0),(AA30/(Q30*1000)*1000),0) -> 944.73731 | AD30: =IF(AND(R30>0,Z30>0),(Z30/(R30*1000)*1000),0) -> 1049.7326 | AE30: =IF(AND(S30>0,AA30>0),(AA30/(S30*1000)*1000),0) -> 991.99476 | AF30: =2.465 -> 2.465 | AG30: 117.975 | AH30: =+Efficiency2!K109 -> 55.132877 | AI30: =AI29+AH30 -> 1386.6431 | AJ30: =+R30/AH30 -> 0.9542582 | AK30: =+S30/AI30 -> 0.87061623
A31: =A30+1 -> 45953 | B31: Sanitary Napkin | C31: 15 | D31: =+'23'!F42 -> 1193.3333 | E31: =+'23'!G42 -> 954.66667 | F31: =1-(E31/D31) -> 0.2 | G31: =+P31/N31 -> 0.99267986 | H31: =+P31/L31 -> 0.99267986 | I31: =+R31/P31 -> 0.96971874 | J31: =+R31/L31 -> 0.96262027 | K31: =+S31/M31 -> 0.85671393 | L31: =+Efficiency1!K113 -> 56.088576 | M31: =M30+L31 -> 1472.167 | N31: =+Efficiency1!C113 -> 56.088576 | O31: =O30+N31 -> 1431.1534 | P31: ='23'!I38 -> 55.678 | Q31: =Q30+P31 -> 1323.3 | R31: ='23'!I40 -> 53.992 | S31: =S30+R31 -> 1261.226 | T31: =+AF31+AG31 -> 121.004 | U31: =T31+U30 -> 2879.313 | V31: =T31/(P31) -> 2.1732821 | W31: =U31/(Q31) -> 2.1758581 | X31: =IF(AND(R31>0,T31>0),T31/(R31),0) -> 2.2411468 | Y31: =IF(AND(S31>0,U31>0),U31/(S31),0) -> 2.2829477 | Z31: ='23'!I46 -> 55023.94 | AA31: =Z31+AA30 -> 1252593.7 | AB31: =IF(AND(L31>0,Z31>0),(Z31/(P31*1000)*1000),0) -> 988.25281 | AC31: =IF(AND(M31>0,AA31>0),(AA31/(Q31*1000)*1000),0) -> 946.56823 | AD31: =IF(AND(R31>0,Z31>0),(Z31/(R31*1000)*1000),0) -> 1019.1128 | AE31: =IF(AND(S31>0,AA31>0),(AA31/(S31*1000)*1000),0) -> 993.15566 | AF31: =2.435 -> 2.435 | AG31: 118.569 | AH31: =+Efficiency2!K113 -> 56.088576 | AI31: =AI30+AH31 -> 1442.7317 | AJ31: =+R31/AH31 -> 0.96262027 | AK31: =+S31/AI31 -> 0.87419304
A32: =A31+1 -> 45954 | B32: Facial | C32: 12 | D32: =+'24'!F42 -> 1267.4046 | E32: =+'24'!G42 -> 963.22748 | F32: =1-(E32/D32) -> 0.24 | G32: =+P32/N32 -> 0.67819987 | H32: =+P32/L32 -> 0.50561978 | I32: =+R32/P32 -> 0.97412329 | J32: =+R32/L32 -> 0.492536 | K32: =+S32/M32 -> 0.8425928 | L32: =+Efficiency1!K117 -> 59.386522 | M32: =M31+L32 -> 1531.5536 | N32: =+Efficiency1!C117 -> 44.274559 | O32: =O31+N32 -> 1475.428 | P32: ='24'!I38 -> 30.027 | Q32: =Q31+P32 -> 1353.327 | R32: ='24'!I40 -> 29.25 | S32: =S31+R32 -> 1290.476 | T32: =+AF32+AG32 -> 105.667 | U32: =T32+U31 -> 2984.98 | V32: =T32/(P32) -> 3.5190662 | W32: =U32/(Q32) -> 2.2056606 | X32: =IF(AND(R32>0,T32>0),T32/(R32),0) -> 3.612547 | Y32: =IF(AND(S32>0,U32>0),U32/(S32),0) -> 2.3130845 | Z32: =+'24'!I46 -> 36955.46 | AA32: =Z32+AA31 -> 1289549.2 | AB32: =IF(AND(L32>0,Z32>0),(Z32/(P32*1000)*1000),0) -> 1230.741 | AC32: =IF(AND(M32>0,AA32>0),(AA32/(Q32*1000)*1000),0) -> 952.87333 | AD32: =IF(AND(R32>0,Z32>0),(Z32/(R32*1000)*1000),0) -> 1263.4345 | AE32: =IF(AND(S32>0,AA32>0),(AA32/(S32*1000)*1000),0) -> 999.28182 | AF32: =2.301 -> 2.301 | AG32: 103.366 | AH32: =+Efficiency2!K117 -> 44.663613 | AI32: =AI31+AH32 -> 1487.3953 | AJ32: =+R32/AH32 -> 0.65489552 | AK32: =+S32/AI32 -> 0.86760795
A33: =A32+1 -> 45955 | B33: Facial | C33: 12/13/13,5 | D33: =+'25'!F42 -> 1429.1667 | E33: =+'25'!G42 -> 1099.9667 | F33: =1-(E33/D33) -> 0.23034402 | G33: =+P33/N33 -> 0.93656488 | H33: =+P33/L33 -> 0.78930103 | I33: =+R33/P33 -> 0.85049297 | J33: =+R33/L33 -> 0.67129498 | K33: =+S33/M33 -> 0.83528664 | L33: =+SUM(Efficiency1!K123:K125) -> 68.233789 | M33: =M32+L33 -> 1599.7873 | N33: =+SUM(Efficiency1!C123:C125) -> 57.504826 | O33: =O32+N33 -> 1532.9328 | P33: ='25'!I38 -> 53.857 | Q33: =Q32+P33 -> 1407.184 | R33: ='25'!I40 -> 45.805 | S33: =S32+R33 -> 1336.281 | T33: =+AF33+AG33 -> 136.937 | U33: =T33+U32 -> 3121.917 | V33: =T33/(P33) -> 2.5426036 | W33: =U33/(Q33) -> 2.2185564 | X33: =IF(AND(R33>0,T33>0),T33/(R33),0) -> 2.9895645 | Y33: =IF(AND(S33>0,U33>0),U33/(S33),0) -> 2.3362728 | Z33: =+'25'!I46 -> 47270.64 | AA33: =Z33+AA32 -> 1336819.8 | AB33: =IF(AND(L33>0,Z33>0),(Z33/(P33*1000)*1000),0) -> 877.70652 | AC33: =IF(AND(M33>0,AA33>0),(AA33/(Q33*1000)*1000),0) -> 949.99648 | AD33: =IF(AND(R33>0,Z33>0),(Z33/(R33*1000)*1000),0) -> 1031.9974 | AE33: =IF(AND(S33>0,AA33>0),(AA33/(S33*1000)*1000),0) -> 1000.4032 | AF33: =1.804 -> 1.804 | AG33: 135.133 | AH33: =+SUM(Efficiency2!K123:K125) -> 68.233789 | AI33: =AI32+AH33 -> 1555.6291 | AJ33: =+R33/AH33 -> 0.67129498 | AK33: =+S33/AI33 -> 0.85899718
A34: =A33+1 -> 45956 | B34: Facial | C34: 12/14 | D34: =+'26'!F42 -> 1400 | E34: =+'26'!G42 -> 1064 | F34: =1-(E34/D34) -> 0.24 | G34: =+P34/N34 -> 0.99151678 | H34: =+P34/L34 -> 0.81654323 | I34: =+R34/P34 -> 0.8148362 | J34: =+R34/L34 -> 0.66534898 | K34: =+S34/M34 -> 0.82857742 | L34: =+SUM(Efficiency1!K128:K129) -> 65.756469 | M34: =M33+L34 -> 1665.5438 | N34: =+SUM(Efficiency1!C128:C129) -> 54.152386 | O34: =O33+N34 -> 1587.0852 | P34: ='26'!I38 -> 53.693 | Q34: =Q33+P34 -> 1460.877 | R34: ='26'!I40 -> 43.751 | S34: =S33+R34 -> 1380.032 | T34: =+AF34+AG34 -> 125.026 | U34: =T34+U33 -> 3246.943 | V34: =T34/(P34) -> 2.3285344 | W34: =U34/(Q34) -> 2.2225985 | X34: =IF(AND(R34>0,T34>0),T34/(R34),0) -> 2.8576718 | Y34: =IF(AND(S34>0,U34>0),U34/(S34),0) -> 2.3528027 | Z34: ='26'!I46 -> 44930.22 | AA34: =Z34+AA33 -> 1381750.1 | AB34: =IF(AND(L34>0,Z34>0),(Z34/(P34*1000)*1000),0) -> 836.79847 | AC34: =IF(AND(M34>0,AA34>0),(AA34/(Q34*1000)*1000),0) -> 945.836 | AD34: =IF(AND(R34>0,Z34>0),(Z34/(R34*1000)*1000),0) -> 1026.953 | AE34: =IF(AND(S34>0,AA34>0),(AA34/(S34*1000)*1000),0) -> 1001.2449 | AF34: =1.469 -> 1.469 | AG34: 123.557 | AH34: =+SUM(Efficiency2!K128:K129) -> 65.756469 | AI34: =AI33+AH34 -> 1621.3856 | AJ34: =+R34/AH34 -> 0.66534898 | AK34: =+S34/AI34 -> 0.85114363
A35: =A34+1 -> 45957 | B35: Facial | C35: 14 | D35: =+'27'!F42 -> 1490 | E35: =+'27'!G42 -> 1132.4 | F35: =1-(E35/D35) -> 0.24 | G35: =+P35/N35 -> 0.8186121 | H35: =+P35/L35 -> 0.8186121 | I35: =+R35/P35 -> 0.89089956 | J35: =+R35/L35 -> 0.72930116 | K35: =+S35/M35 -> 0.82457684 | L35: =+Efficiency1!K133 -> 69.935443 | M35: =M34+L35 -> 1735.4793 | N35: =+Efficiency2!K133 -> 69.935443 | O35: =O34+N35 -> 1657.0206 | P35: ='27'!I38 -> 57.25 | Q35: =Q34+P35 -> 1518.127 | R35: ='27'!I40 -> 51.004 | S35: =S34+R35 -> 1431.036 | T35: =+AF35+AG35 -> 135.224 | U35: =T35+U34 -> 3382.167 | V35: =T35/(P35) -> 2.3619913 | W35: =U35/(Q35) -> 2.2278551 | X35: =IF(AND(R35>0,T35>0),T35/(R35),0) -> 2.651243 | Y35: =IF(AND(S35>0,U35>0),U35/(S35),0) -> 2.3634395 | Z35: ='27'!I46 -> 49741.82 | AA35: =Z35+AA34 -> 1431491.9 | AB35: =IF(AND(L35>0,Z35>0),(Z35/(P35*1000)*1000),0) -> 868.85275 | AC35: =IF(AND(M35>0,AA35>0),(AA35/(Q35*1000)*1000),0) -> 942.93289 | AD35: =IF(AND(R35>0,Z35>0),(Z35/(R35*1000)*1000),0) -> 975.25331 | AE35: =IF(AND(S35>0,AA35>0),(AA35/(S35*1000)*1000),0) -> 1000.3186 | AF35: =1.535 -> 1.535 | AG35: 133.689 | AH35: =+Efficiency2!K133 -> 69.935443 | AI35: =AI34+AH35 -> 1691.321 | AJ35: =+R35/AH35 -> 0.72930116 | AK35: =+S35/AI35 -> 0.8461055
A36: =A35+1 -> 45958 | B36: Facial | C36: 14/13 | D36: =+'28'!F42 -> 1566.4454 | E36: =+'28'!G42 -> 1190.4985 | F36: =1-(E36/D36) -> 0.24 | G36: =+P36/N36 -> 0.90997211 | H36: =+P36/L36 -> 0.83834389 | I36: =+R36/P36 -> 0.87242635 | J36: =+R36/L36 -> 0.7313933 | K36: =+S36/M36 -> 0.82115487 | L36: =+SUM(Efficiency1!K137:K138) -> 66.161393 | M36: =M35+L36 -> 1801.6406 | N36: =+SUM(Efficiency1!C137:C138) -> 60.953517 | O36: =O35+N36 -> 1717.9741 | P36: ='28'!I38 -> 55.466 | Q36: =Q35+P36 -> 1573.593 | R36: ='28'!I40 -> 48.39 | S36: =S35+R36 -> 1479.426 | T36: =+AF36+AG36 -> 128.743 | U36: =T36+U35 -> 3510.91 | V36: =T36/(P36) -> 2.3211156 | W36: =U36/(Q36) -> 2.2311424 | X36: =IF(AND(R36>0,T36>0),T36/(R36),0) -> 2.660529 | Y36: =IF(AND(S36>0,U36>0),U36/(S36),0) -> 2.3731569 | Z36: ='28'!I46 -> 44638.78 | AA36: =Z36+AA35 -> 1476130.7 | AB36: =IF(AND(L36>0,Z36>0),(Z36/(P36*1000)*1000),0) -> 804.79537 | AC36: =IF(AND(M36>0,AA36>0),(AA36/(Q36*1000)*1000),0) -> 938.06382 | AD36: =IF(AND(R36>0,Z36>0),(Z36/(R36*1000)*1000),0) -> 922.47944 | AE36: =IF(AND(S36>0,AA36>0),(AA36/(S36*1000)*1000),0) -> 997.77256 | AF36: =1.448 -> 1.448 | AG36: 127.295 | AH36: =+SUM(Efficiency2!K137:K138) -> 66.161393 | AI36: =AI35+AH36 -> 1757.4824 | AJ36: =+R36/AH36 -> 0.7313933 | AK36: =+S36/AI36 -> 0.84178709
A37: =A36+1 -> 45959 | B37: Facial | C37: 13 | D37: =+'29'!F42 -> 1550 | E37: =+'29'!G42 -> 1178 | F37: =1-(E37/D37) -> 0.24 | G37: =+P37/N37 -> 0.96765847 | H37: =+P37/L37 -> 0.88227684 | I37: =+R37/P37 -> 1.0655933 | J37: =+R37/L37 -> 0.94014828 | K37: =+S37/M37 -> 0.82534028 | L37: =+Efficiency1!K142 -> 65.680065 | M37: =M36+L37 -> 1867.3207 | N37: =+Efficiency1!C142 -> 59.884765 | O37: =O36+N37 -> 1777.8589 | P37: ='29'!I38 -> 57.948 | Q37: =Q36+P37 -> 1631.541 | R37: ='29'!I40 -> 61.749 | S37: =S36+R37 -> 1541.175 | T37: =+AF37+AG37 -> 129.491 | U37: =T37+U36 -> 3640.401 | V37: =T37/(P37) -> 2.2346069 | W37: =U37/(Q37) -> 2.2312654 | X37: =IF(AND(R37>0,T37>0),T37/(R37),0) -> 2.0970542 | Y37: =IF(AND(S37>0,U37>0),U37/(S37),0) -> 2.3620945 | Z37: ='29'!I46 -> 53119.82 | AA37: =Z37+AA36 -> 1529250.5 | AB37: =IF(AND(L37>0,Z37>0),(Z37/(P37*1000)*1000),0) -> 916.68082 | AC37: =IF(AND(M37>0,AA37>0),(AA37/(Q37*1000)*1000),0) -> 937.30435 | AD37: =IF(AND(R37>0,Z37>0),(Z37/(R37*1000)*1000),0) -> 860.25393 | AE37: =IF(AND(S37>0,AA37>0),(AA37/(S37*1000)*1000),0) -> 992.26271 | AF37: =2.383 -> 2.383 | AG37: 127.108 | AH37: =+Efficiency2!K142 -> 65.680065 | AI37: =AI36+AH37 -> 1823.1625 | AJ37: =+R37/AH37 -> 0.94014828 | AK37: =+S37/AI37 -> 0.84533059
A38: =A37+1 -> 45960 | B38: Facial/MG | C38: 13/15,5/22/17/16,5 | D38: =+'30'!F42 -> 1109.7708 | E38: =+'30'!G42 -> 1075.3387 | F38: =1-(E38/D38) -> 0.031026329 | G38: =+P38/N38 -> 0.90569517 | H38: =+P38/L38 -> 0.85171013 | I38: =+R38/P38 -> 0.82725873 | J38: =+R38/L38 -> 0.70458464 | K38: =+S38/M38 -> 0.82060091 | L38: =+SUM(Efficiency1!K146:K150) -> 76.281821 | M38: =M37+L38 -> 1943.6025 | N38: =+SUM(Efficiency1!C146:C150) -> 71.734953 | O38: =O37+N38 -> 1849.5939 | P38: ='30'!I38 -> 64.97 | Q38: =Q37+P38 -> 1696.511 | R38: ='30'!I40 -> 53.747 | S38: =S37+R38 -> 1594.922 | T38: =+AF38+AG38 -> 145.493 | U38: =T38+U37 -> 3785.894 | V38: =T38/(P38) -> 2.2393874 | W38: =U38/(Q38) -> 2.2315765 | X38: =IF(AND(R38>0,T38>0),T38/(R38),0) -> 2.7069976 | Y38: =IF(AND(S38>0,U38>0),U38/(S38),0) -> 2.3737173 | Z38: ='30'!I46 -> 50199.94 | AA38: =Z38+AA37 -> 1579450.4 | AB38: =IF(AND(L38>0,Z38>0),(Z38/(P38*1000)*1000),0) -> 772.66338 | AC38: =IF(AND(M38>0,AA38>0),(AA38/(Q38*1000)*1000),0) -> 930.99922 | AD38: =IF(AND(R38>0,Z38>0),(Z38/(R38*1000)*1000),0) -> 934.0045 | AE38: =IF(AND(S38>0,AA38>0),(AA38/(S38*1000)*1000),0) -> 990.29948 | AF38: =6.879 -> 6.879 | AG38: 138.614 | AH38: =+SUM(Efficiency2!K146:K150) -> 76.281821 | AI38: =AI37+AH38 -> 1899.4443 | AJ38: =+R38/AH38 -> 0.70458464 | AK38: =+S38/AI38 -> 0.83967822
A39: =A38+1 -> 45961 | B39: MG | C39: 16,5/14 | D39: =+'31'!F42 -> 1193.5 | E39: =+'31'!G42 -> 1189.3228 | F39: =1-(E39/D39) -> 0.0035 | G39: =+P39/N39 -> 0.89921125 | H39: =+P39/L39 -> 0.85982963 | I39: =+R39/P39 -> 0.92421279 | J39: =+R39/L39 -> 0.79466555 | K39: =+S39/M39 -> 0.81961611 | L39: =+SUM(Efficiency1!K152:K153) -> 76.714034 | M39: =M38+L39 -> 2020.3166 | N39: =+SUM(Efficiency1!C152:C153) -> 73.354287 | O39: =O38+N39 -> 1922.9481 | P39: ='31'!I38 -> 65.961 | Q39: =Q38+P39 -> 1762.472 | R39: ='31'!I40 -> 60.962 | S39: =S38+R39 -> 1655.884 | T39: =+AF39+AG39 -> 155.137 | U39: =T39+U38 -> 3941.031 | V39: =T39/(P39) -> 2.3519504 | W39: =U39/(Q39) -> 2.2360815 | X39: =IF(AND(R39>0,T39>0),T39/(R39),0) -> 2.5448148 | Y39: =IF(AND(S39>0,U39>0),U39/(S39),0) -> 2.3800164 | Z39: ='31'!I46 -> 55279.98 | AA39: =Z39+AA38 -> 1634730.4 | AB39: =IF(AND(L39>0,Z39>0),(Z39/(P39*1000)*1000),0) -> 838.07068 | AC39: =IF(AND(M39>0,AA39>0),(AA39/(Q39*1000)*1000),0) -> 927.52135 | AD39: =IF(AND(R39>0,Z39>0),(Z39/(R39*1000)*1000),0) -> 906.79407 | AE39: =IF(AND(S39>0,AA39>0),(AA39/(S39*1000)*1000),0) -> 987.22519 | AF39: =11.142 -> 11.142 | AG39: 143.995 | AH39: =+SUM(Efficiency2!K152:K153) -> 76.714034 | AI39: =AI38+AH39 -> 1976.1583 | AJ39: =+R39/AH39 -> 0.79466555 | AK39: =+S39/AI39 -> 0.83793084
G41: =+P41/N41 -> 0.91654682 | H41: =+P41/L41 -> 0.87237417 | I41: =+R41/P41 -> 0.93952358 | J41: =+R41/L41 -> 0.81961611 | L41: =SUM(L9:L39) -> 2020.3166 | N41: =SUM(N9:N39) -> 1922.9481 | P41: =SUM(P9:P39) -> 1762.472 | R41: =SUM(R9:R39) -> 1655.884 | T41: =SUM(T9:T40) -> 3941.031 | V41: =T41/P41 -> 2.2360815 | X41: =T41/R41 -> 2.3800164 | Z41: =SUM(Z9:Z39) -> 1634730.4 | AB41: =Z41/P41 -> 927.52135 | AD41: =Z41/R41 -> 987.22519 | AH41: =SUM(AH9:AH39) -> 1976.1583 | AJ41: =+R41/AH41 -> 0.83793084

Sheet GRAFIK

Sheet Listrik
A2: MACHINE POWER CONSUMPTION (PER PANEL)
A4: Date | B4: PM (TON) | C4: FINSHED GOODS (TON) | AR4: Total PM11
D5: Vacuum A | H5: Vacuum B | L5: Vaccum Turbo | P5: MCC Aux TM | T5: WL II 1250 A (yankee + popereel) | X5: WL II 3200 A (Hood, Fan Pump, Felt & Wire) | AB5: Stock Prep & UTM 1 (3200 A) | AF5: Stock Prep & UTM 2 (3200 A) | AJ5: Rewinder 1 (800 A) | AN5: Rewinder 2 (800A)
D6: KWH | E6: Consumption | F6: /TON PM | G6: /TON FG | H6: KWH | I6: Consumption | J6: /TON PM | K6: /TON FG | L6: KWH | M6: Consumption | N6: /TON PM | O6: /TON FG | P6: KWH | Q6: Consumption | R6: /TON PM | S6: /TON FG | T6: KWH | U6: Consumption | V6: /TON PM | W6: /TON FG | X6: KWH | Y6: Consumption | Z6: /TON PM | AA6: /TON FG | AB6: KWH | AC6: Consumption | AD6: /TON PM | AE6: /TON FG | AF6: KWH | AG6: Consumption | AH6: /TON PM | AI6: /TON FG | AJ6: KWH | AK6: Consumption | AL6: /TON PM | AM6: /TON FG | AN6: KWH | AO6: Consumption | AP6: /TON PM | AQ6: /TON FG | AR6: Consumption | AS6: /TON PM | AT6: /TON FG
A7: =A8-1 -> 45930 | B7: 0 | C7: 0
A8: =+Report1!A9 -> 45931 | B8: =+Report1!P9 -> 16.947 | C8: =+Report1!R9 -> 17.941 | D8: =+D7+E8 -> 98.21 | E8: =+[16]DailyOct!D7 -> 98.21 | F8: =E8/B8 -> 5.795126 | G8: =E8/C8 -> 5.4740538 | H8: =+H7+I8 -> 0 | I8: =+[16]DailyOct!E7 -> 0 | J8: =I8/B8 -> 0 | K8: =I8/C8 -> 0 | L8: =+L7+M8 -> 690 | M8: =+[16]DailyOct!F7 -> 690 | N8: =M8/B8 -> 40.715171 | O8: =M8/C8 -> 38.459395 | P8: =+P7+Q8 -> 7211.79 | Q8: =+[16]DailyOct!G7 -> 7211.79 | R8: =Q8/B8 -> 425.54965 | S8: =Q8/C8 -> 401.97258 | T8: =+T7+U8 -> 3300 | U8: =+[16]DailyOct!H7 -> 3300 | V8: =U8/B8 -> 194.72473 | W8: =U8/C8 -> 183.93624 | X8: =+X7+Y8 -> 9168.65 | Y8: =+[16]DailyOct!I7 -> 9168.65 | Z8: =Y8/B8 -> 541.01906 | AA8: =Y8/C8 -> 511.04453 | AB8: =+AB7+AC8 -> 4938.65 | AC8: =+[16]DailyOct!J7 -> 4938.65 | AD8: =AC8/B8 -> 291.41736 | AE8: =AC8/C8 -> 275.27172 | AF8: =+AF7+AG8 -> 3900 | AG8: =+[16]DailyOct!K7 -> 3900 | AH8: =AG8/B8 -> 230.12923 | AI8: =AG8/C8 -> 217.37919 | AJ8: =+AJ7+AK8 -> 269 | AK8: =+[16]DailyOct!L7 -> 269 | AL8: =AK8/B8 -> 15.873016 | AM8: =AK8/C8 -> 14.99359 | AN8: =+AN7+AO8 -> 233 | AO8: =+[16]DailyOct!M7 -> 233 | AP8: =AO8/B8 -> 13.748746 | AQ8: =AO8/C8 -> 12.987013 | AR8: =+E8+I8+M8+Q8+U8+Y8+AC8+AG8+AK8+AO8 -> 29809.3 | AS8: =AR8/B8 -> 1758.9721 | AT8: =AR8/C8 -> 1661.5183 | AX8: Off Reel | AY8: Off Rewinder
A9: =A8+1 -> 45932 | B9: =+Report1!P10 -> 70.091 | C9: =+Report1!R10 -> 55.192 | D9: =+D8+E9 -> 369.27 | E9: =+[16]DailyOct!D8 -> 271.06 | F9: =E9/B9 -> 3.8672583 | G9: =E9/C9 -> 4.911219 | H9: =+H8+I9 -> 0 | I9: =+[16]DailyOct!E8 -> 0 | J9: =I9/B9 -> 0 | K9: =I9/C9 -> 0 | L9: =+L8+M9 -> 790 | M9: =+[16]DailyOct!F8 -> 100 | N9: =M9/B9 -> 1.4267167 | O9: =M9/C9 -> 1.8118568 | P9: =+P8+Q9 -> 24840.73 | Q9: =+[16]DailyOct!G8 -> 17628.94 | R9: =Q9/B9 -> 251.51503 | S9: =Q9/C9 -> 319.41115 | T9: =+T8+U9 -> 9100 | U9: =+[16]DailyOct!H8 -> 5800 | V9: =U9/B9 -> 82.749568 | W9: =U9/C9 -> 105.08769 | X9: =+X8+Y9 -> 22245.74 | Y9: =+[16]DailyOct!I8 -> 13077.09 | Z9: =Y9/B9 -> 186.57303 | AA9: =Y9/C9 -> 236.93814 | AB9: =+AB8+AC9 -> 11845.74 | AC9: =+[16]DailyOct!J8 -> 6907.09 | AD9: =AC9/B9 -> 98.544606 | AE9: =AC9/C9 -> 125.14658 | AF9: =+AF8+AG9 -> 17000 | AG9: =+[16]DailyOct!K8 -> 13100 | AH9: =AG9/B9 -> 186.89989 | AI9: =AG9/C9 -> 237.35324 | AJ9: =+AJ8+AK9 -> 679 | AK9: =+[16]DailyOct!L8 -> 410 | AL9: =AK9/B9 -> 5.8495385 | AM9: =AK9/C9 -> 7.4286128 | AN9: =+AN8+AO9 -> 903 | AO9: =+[16]DailyOct!M8 -> 670 | AP9: =AO9/B9 -> 9.5590019 | AQ9: =AO9/C9 -> 12.13944 | AR9: =+E9+I9+M9+Q9+U9+Y9+AC9+AG9+AK9+AO9 -> 57964.18 | AS9: =AR9/B9 -> 826.98463 | AT9: =AR9/C9 -> 1050.2279 | AX9: Kwh/ ton | AY9: Kwh/ ton
A10: =A9+1 -> 45933 | B10: =+Report1!P11 -> 78.805 | C10: =+Report1!R11 -> 84.813 | D10: =+D9+E10 -> 646.22 | E10: =+[16]DailyOct!D9 -> 276.95 | F10: =E10/B10 -> 3.5143709 | G10: =E10/C10 -> 3.2654192 | H10: =+H9+I10 -> 0 | I10: =+[16]DailyOct!E9 -> 0 | J10: =I10/B10 -> 0 | K10: =I10/C10 -> 0 | L10: =+L9+M10 -> 990 | M10: =+[16]DailyOct!F9 -> 200 | N10: =M10/B10 -> 2.53791 | O10: =M10/C10 -> 2.3581291 | P10: =+P9+Q10 -> 41463.78 | Q10: =+[16]DailyOct!G9 -> 16623.05 | R10: =Q10/B10 -> 210.93903 | S10: =Q10/C10 -> 195.99649 | T10: =+T9+U10 -> 13500 | U10: =+[16]DailyOct!H9 -> 4400 | V10: =U10/B10 -> 55.834021 | W10: =U10/C10 -> 51.878839 | X10: =+X9+Y10 -> 33631.85 | Y10: =+[16]DailyOct!I9 -> 11386.11 | Z10: =Y10/B10 -> 144.48461 | AA10: =Y10/C10 -> 134.24958 | AB10: =+AB9+AC10 -> 19101.85 | AC10: =+[16]DailyOct!J9 -> 7256.11 | AD10: =AC10/B10 -> 92.076772 | AE10: =AC10/C10 -> 85.554219 | AF10: =+AF9+AG10 -> 31000 | AG10: =+[16]DailyOct!K9 -> 14000 | AH10: =AG10/B10 -> 177.6537 | AI10: =AG10/C10 -> 165.06903 | AJ10: =+AJ9+AK10 -> 1109 | AK10: =+[16]DailyOct!L9 -> 430 | AL10: =AK10/B10 -> 5.4565066 | AM10: =AK10/C10 -> 5.0699775 | AN10: =+AN9+AO10 -> 1613 | AO10: =+[16]DailyOct!M9 -> 710 | AP10: =AO10/B10 -> 9.0095806 | AQ10: =AO10/C10 -> 8.3713582 | AR10: =+E10+I10+M10+Q10+U10+Y10+AC10+AG10+AK10+AO10 -> 55282.22 | AS10: =AR10/B10 -> 701.5065 | AT10: =AR10/C10 -> 651.81305 | AV10: PM | AW10: Vacuum A | AX10: =+F39 -> 0 | AY10: =+G39 -> 0
A11: =A10+1 -> 45934 | B11: =+Report1!P12 -> 71.09 | C11: =+Report1!R12 -> 60.373 | D11: =+D10+E11 -> 963.62 | E11: =+[16]DailyOct!D10 -> 317.4 | F11: =E11/B11 -> 4.464763 | G11: =E11/C11 -> 5.257317 | H11: =+H10+I11 -> 0 | I11: =+[16]DailyOct!E10 -> 0 | J11: =I11/B11 -> 0 | K11: =I11/C11 -> 0 | L11: =+L10+M11 -> 1090 | M11: =+[16]DailyOct!F10 -> 100 | N11: =M11/B11 -> 1.4066676 | O11: =M11/C11 -> 1.6563696 | P11: =+P10+Q11 -> 58346.38 | Q11: =+[16]DailyOct!G10 -> 16882.6 | R11: =Q11/B11 -> 237.48206 | S11: =Q11/C11 -> 279.63825 | T11: =+T10+U11 -> 16600 | U11: =+[16]DailyOct!H10 -> 3100 | V11: =U11/B11 -> 43.606696 | W11: =U11/C11 -> 51.347457 | X11: =+X10+Y11 -> 42245.07 | Y11: =+[16]DailyOct!I10 -> 8613.22 | Z11: =Y11/B11 -> 121.15938 | AA11: =Y11/C11 -> 142.66676 | AB11: =+AB10+AC11 -> 26085.07 | AC11: =+[16]DailyOct!J10 -> 6983.22 | AD11: =AC11/B11 -> 98.230693 | AE11: =AC11/C11 -> 115.66793 | AF11: =+AF10+AG11 -> 42600 | AG11: =+[16]DailyOct!K10 -> 11600 | AH11: =AG11/B11 -> 163.17344 | AI11: =AG11/C11 -> 192.13887 | AJ11: =+AJ10+AK11 -> 1499 | AK11: =+[16]DailyOct!L10 -> 390 | AL11: =AK11/B11 -> 5.4860037 | AM11: =AK11/C11 -> 6.4598413 | AN11: =+AN10+AO11 -> 2193 | AO11: =+[16]DailyOct!M10 -> 580 | AP11: =AO11/B11 -> 8.1586721 | AQ11: =AO11/C11 -> 9.6069435 | AR11: =+E11+I11+M11+Q11+U11+Y11+AC11+AG11+AK11+AO11 -> 48566.44 | AS11: =AR11/B11 -> 683.16838 | AT11: =AR11/C11 -> 804.43973 | AW11: Vacuum B | AX11: =+J39 -> 0 | AY11: =+K39 -> 0
A12: =A11+1 -> 45935 | B12: =+Report1!P13 -> 72.462 | C12: =+Report1!R13 -> 70.711 | D12: =+D11+E12 -> 1230.38 | E12: =+[16]DailyOct!D11 -> 266.76 | F12: =E12/B12 -> 3.6813778 | G12: =E12/C12 -> 3.7725389 | H12: =+H11+I12 -> 0 | I12: =+[16]DailyOct!E11 -> 0 | J12: =I12/B12 -> 0 | K12: =I12/C12 -> 0 | L12: =+L11+M12 -> 1290 | M12: =+[16]DailyOct!F11 -> 200 | N12: =M12/B12 -> 2.7600673 | O12: =M12/C12 -> 2.8284142 | P12: =+P11+Q12 -> 74779.62 | Q12: =+[16]DailyOct!G11 -> 16433.24 | R12: =Q12/B12 -> 226.78425 | S12: =Q12/C12 -> 232.40005 | T12: =+T11+U12 -> 20400 | U12: =+[16]DailyOct!H11 -> 3800 | V12: =U12/B12 -> 52.44128 | W12: =U12/C12 -> 53.739871 | X12: =+X11+Y12 -> 51305.31 | Y12: =+[16]DailyOct!I11 -> 9060.24 | Z12: =Y12/B12 -> 125.03436 | AA12: =Y12/C12 -> 128.13056 | AB12: =+AB11+AC12 -> 33605.31 | AC12: =+[16]DailyOct!J11 -> 7520.24 | AD12: =AC12/B12 -> 103.78184 | AE12: =AC12/C12 -> 106.35177 | AF12: =+AF11+AG12 -> 53600 | AG12: =+[16]DailyOct!K11 -> 11000 | AH12: =AG12/B12 -> 151.8037 | AI12: =AG12/C12 -> 155.56278 | AJ12: =+AJ11+AK12 -> 1909 | AK12: =+[16]DailyOct!L11 -> 410 | AL12: =AK12/B12 -> 5.6581381 | AM12: =AK12/C12 -> 5.7982492 | AN12: =+AN11+AO12 -> 2793 | AO12: =+[16]DailyOct!M11 -> 600 | AP12: =AO12/B12 -> 8.280202 | AQ12: =AO12/C12 -> 8.4852427 | AR12: =+E12+I12+M12+Q12+U12+Y12+AC12+AG12+AK12+AO12 -> 49290.48 | AS12: =AR12/B12 -> 680.22522 | AT12: =AR12/C12 -> 697.06948 | AW12: MCC Aux TM | AX12: =+N39 -> 0 | AY12: =+O39 -> 0
A13: =A12+1 -> 45936 | B13: =+Report1!P14 -> 69.388 | C13: =+Report1!R14 -> 63.195 | D13: =+D12+E13 -> 1595.36 | E13: =+[16]DailyOct!D12 -> 364.98 | F13: =E13/B13 -> 5.2599873 | G13: =E13/C13 -> 5.7754569 | H13: =+H12+I13 -> 0 | I13: =+[16]DailyOct!E12 -> 0 | J13: =I13/B13 -> 0 | K13: =I13/C13 -> 0 | L13: =+L12+M13 -> 1690 | M13: =+[16]DailyOct!F12 -> 400 | N13: =M13/B13 -> 5.7646855 | O13: =M13/C13 -> 6.3296147 | P13: =+P12+Q13 -> 92314.64 | Q13: =+[16]DailyOct!G12 -> 17535.02 | R13: =Q13/B13 -> 252.70969 | S13: =Q13/C13 -> 277.4748 | T13: =+T12+U13 -> 24800 | U13: =+[16]DailyOct!H12 -> 4400 | V13: =U13/B13 -> 63.411541 | W13: =U13/C13 -> 69.625762 | X13: =+X12+Y13 -> 61287.68 | Y13: =+[16]DailyOct!I12 -> 9982.37 | Z13: =Y13/B13 -> 143.86306 | AA13: =Y13/C13 -> 157.96139 | AB13: =+AB12+AC13 -> 40907.68 | AC13: =+[16]DailyOct!J12 -> 7302.37 | AD13: =AC13/B13 -> 105.23967 | AE13: =AC13/C13 -> 115.55297 | AF13: =+AF12+AG13 -> 65800 | AG13: =+[16]DailyOct!K12 -> 12200 | AH13: =AG13/B13 -> 175.82291 | AI13: =AG13/C13 -> 193.05325 | AJ13: =+AJ12+AK13 -> 2319 | AK13: =+[16]DailyOct!L12 -> 410 | AL13: =AK13/B13 -> 5.9088027 | AM13: =AK13/C13 -> 6.4878551 | AN13: =+AN12+AO13 -> 3433 | AO13: =+[16]DailyOct!M12 -> 640 | AP13: =AO13/B13 -> 9.2234969 | AQ13: =AO13/C13 -> 10.127383 | AR13: =+E13+I13+M13+Q13+U13+Y13+AC13+AG13+AK13+AO13 -> 53234.74 | AS13: =AR13/B13 -> 767.20384 | AT13: =AR13/C13 -> 842.38848 | AW13: Multi Screen | AX13: =+R39 -> 0 | AY13: =+S39 -> 0
A14: =A13+1 -> 45937 | B14: =+Report1!P15 -> 62.308 | C14: =+Report1!R15 -> 57.294 | D14: =+D13+E14 -> 1944.82 | E14: =+[16]DailyOct!D13 -> 349.46 | F14: =E14/B14 -> 5.6085896 | G14: =E14/C14 -> 6.099417 | H14: =+H13+I14 -> 0 | I14: =+[16]DailyOct!E13 -> 0 | J14: =I14/B14 -> 0 | K14: =I14/C14 -> 0 | L14: =+L13+M14 -> 1790 | M14: =+[16]DailyOct!F13 -> 100 | N14: =M14/B14 -> 1.6049303 | O14: =M14/C14 -> 1.7453835 | P14: =+P13+Q14 -> 109265.18 | Q14: =+[16]DailyOct!G13 -> 16950.54 | R14: =Q14/B14 -> 272.04436 | S14: =Q14/C14 -> 295.85192 | T14: =+T13+U14 -> 30700 | U14: =+[16]DailyOct!H13 -> 5900 | V14: =U14/B14 -> 94.69089 | W14: =U14/C14 -> 102.97762 | X14: =+X13+Y14 -> 75274.33 | Y14: =+[16]DailyOct!I13 -> 13986.65 | Z14: =Y14/B14 -> 224.47599 | AA14: =Y14/C14 -> 244.12068 | AB14: =+AB13+AC14 -> 48604.33 | AC14: =+[16]DailyOct!J13 -> 7696.65 | AD14: =AC14/B14 -> 123.52587 | AE14: =AC14/C14 -> 134.33606 | AF14: =+AF13+AG14 -> 77800 | AG14: =+[16]DailyOct!K13 -> 12000 | AH14: =AG14/B14 -> 192.59164 | AI14: =AG14/C14 -> 209.44602 | AJ14: =+AJ13+AK14 -> 2719 | AK14: =+[16]DailyOct!L13 -> 400 | AL14: =AK14/B14 -> 6.4197214 | AM14: =AK14/C14 -> 6.9815338 | AN14: =+AN13+AO14 -> 4083 | AO14: =+[16]DailyOct!M13 -> 650 | AP14: =AO14/B14 -> 10.432047 | AQ14: =AO14/C14 -> 11.344992 | AR14: =+E14+I14+M14+Q14+U14+Y14+AC14+AG14+AK14+AO14 -> 58033.3 | AS14: =AR14/B14 -> 931.39404 | AT14: =AR14/C14 -> 1012.9036 | AW14: WL II 1250 A (yankee + popereel) | AX14: =+V39 -> 0 | AY14: =+W39 -> 0
A15: =A14+1 -> 45938 | B15: =+Report1!P16 -> 58.955 | C15: =+Report1!R16 -> 61.23 | D15: =+D14+E15 -> 2366.65 | E15: =+[16]DailyOct!D14 -> 421.83 | F15: =E15/B15 -> 7.1551183 | G15: =E15/C15 -> 6.88927 | H15: =+H14+I15 -> 0 | I15: =+[16]DailyOct!E14 -> 0 | J15: =I15/B15 -> 0 | K15: =I15/C15 -> 0 | L15: =+L14+M15 -> 1990 | M15: =+[16]DailyOct!F14 -> 200 | N15: =M15/B15 -> 3.3924179 | O15: =M15/C15 -> 3.2663727 | P15: =+P14+Q15 -> 126743.35 | Q15: =+[16]DailyOct!G14 -> 17478.17 | R15: =Q15/B15 -> 296.46629 | S15: =Q15/C15 -> 285.45109 | T15: =+T14+U15 -> 38300 | U15: =+[16]DailyOct!H14 -> 7600 | V15: =U15/B15 -> 128.91188 | W15: =U15/C15 -> 124.12216 | X15: =+X14+Y15 -> 91246.46 | Y15: =+[16]DailyOct!I14 -> 15972.13 | Z15: =Y15/B15 -> 270.9207 | AA15: =Y15/C15 -> 260.85465 | AB15: =+AB14+AC15 -> 55946.46 | AC15: =+[16]DailyOct!J14 -> 7342.13 | AD15: =AC15/B15 -> 124.53787 | AE15: =AC15/C15 -> 119.91066 | AF15: =+AF14+AG15 -> 85600 | AG15: =+[16]DailyOct!K14 -> 7800 | AH15: =AG15/B15 -> 132.3043 | AI15: =AG15/C15 -> 127.38854 | AJ15: =+AJ14+AK15 -> 3109 | AK15: =+[16]DailyOct!L14 -> 390 | AL15: =AK15/B15 -> 6.615215 | AM15: =AK15/C15 -> 6.3694268 | AN15: =+AN14+AO15 -> 4653 | AO15: =+[16]DailyOct!M14 -> 570 | AP15: =AO15/B15 -> 9.6683911 | AQ15: =AO15/C15 -> 9.3091622 | AR15: =+E15+I15+M15+Q15+U15+Y15+AC15+AG15+AK15+AO15 -> 57774.26 | AS15: =AR15/B15 -> 979.97218 | AT15: =AR15/C15 -> 943.56133 | AW15: WL II 3200 A (Hood, Fan Pump, Felt & Wire) | AX15: =+Z39 -> 0 | AY15: =+AA39 -> 0
A16: =A15+1 -> 45939 | B16: =+Report1!P17 -> 58.406 | C16: =+Report1!R17 -> 56.421 | D16: =+D15+E16 -> 2636.89 | E16: =+[16]DailyOct!D15 -> 270.24 | F16: =E16/B16 -> 4.6269219 | G16: =E16/C16 -> 4.789706 | H16: =+H15+I16 -> 0 | I16: =+[16]DailyOct!E15 -> 0 | J16: =I16/B16 -> 0 | K16: =I16/C16 -> 0 | L16: =+L15+M16 -> 2190 | M16: =+[16]DailyOct!F15 -> 200 | N16: =M16/B16 -> 3.4243057 | O16: =M16/C16 -> 3.5447794 | P16: =+P15+Q16 -> 144373.11 | Q16: =+[16]DailyOct!G15 -> 17629.76 | R16: =Q16/B16 -> 301.84844 | S16: =Q16/C16 -> 312.46805 | T16: =+T15+U16 -> 46300 | U16: =+[16]DailyOct!H15 -> 8000 | V16: =U16/B16 -> 136.97223 | W16: =U16/C16 -> 141.79118 | X16: =+X15+Y16 -> 108576.39 | Y16: =+[16]DailyOct!I15 -> 17329.93 | Z16: =Y16/B16 -> 296.71489 | AA16: =Y16/C16 -> 307.1539 | AB16: =+AB15+AC16 -> 62646.39 | AC16: =+[16]DailyOct!J15 -> 6699.93 | AD16: =AC16/B16 -> 114.71304 | AE16: =AC16/C16 -> 118.74887 | AF16: =+AF15+AG16 -> 94200 | AG16: =+[16]DailyOct!K15 -> 8600 | AH16: =AG16/B16 -> 147.24515 | AI16: =AG16/C16 -> 152.42552 | AJ16: =+AJ15+AK16 -> 3519 | AK16: =+[16]DailyOct!L15 -> 410 | AL16: =AK16/B16 -> 7.0198267 | AM16: =AK16/C16 -> 7.2667978 | AN16: =+AN15+AO16 -> 5193 | AO16: =+[16]DailyOct!M15 -> 540 | AP16: =AO16/B16 -> 9.2456254 | AQ16: =AO16/C16 -> 9.5709045 | AR16: =+E16+I16+M16+Q16+U16+Y16+AC16+AG16+AK16+AO16 -> 59679.86 | AS16: =AR16/B16 -> 1021.8104 | AT16: =AR16/C16 -> 1057.7597 | AX16: =SUM(AX10:AX15) -> 0 | AY16: =SUM(AY10:AY15) -> 0
A17: =A16+1 -> 45940 | B17: =+Report1!P18 -> 50.675 | C17: =+Report1!R18 -> 48.959 | D17: =+D16+E17 -> 2983 | E17: =+[16]DailyOct!D16 -> 346.11 | F17: =E17/B17 -> 6.8299951 | G17: =E17/C17 -> 7.0693846 | H17: =+H16+I17 -> 0 | I17: =+[16]DailyOct!E16 -> 0 | J17: =I17/B17 -> 0 | K17: =I17/C17 -> 0 | L17: =+L16+M17 -> 2290 | M17: =+[16]DailyOct!F16 -> 100 | N17: =M17/B17 -> 1.9733596 | O17: =M17/C17 -> 2.0425254 | P17: =+P16+Q17 -> 161627 | Q17: =+[16]DailyOct!G16 -> 17253.89 | R17: =Q17/B17 -> 340.4813 | S17: =Q17/C17 -> 352.41508 | T17: =+T16+U17 -> 53900 | U17: =+[16]DailyOct!H16 -> 7600 | V17: =U17/B17 -> 149.97533 | W17: =U17/C17 -> 155.23193 | X17: =+X16+Y17 -> 124635.06 | Y17: =+[16]DailyOct!I16 -> 16058.67 | Z17: =Y17/B17 -> 316.89531 | AA17: =Y17/C17 -> 328.00241 | AB17: =+AB16+AC17 -> 71385.06 | AC17: =+[16]DailyOct!J16 -> 8738.67 | AD17: =AC17/B17 -> 172.44539 | AE17: =AC17/C17 -> 178.48955 | AF17: =+AF16+AG17 -> 102300 | AG17: =+[16]DailyOct!K16 -> 8100 | AH17: =AG17/B17 -> 159.84213 | AI17: =AG17/C17 -> 165.44456 | AJ17: =+AJ16+AK17 -> 3879 | AK17: =+[16]DailyOct!L16 -> 360 | AL17: =AK17/B17 -> 7.1040947 | AM17: =AK17/C17 -> 7.3530914 | AN17: =+AN16+AO17 -> 5743 | AO17: =+[16]DailyOct!M16 -> 550 | AP17: =AO17/B17 -> 10.853478 | AQ17: =AO17/C17 -> 11.23389 | AR17: =+E17+I17+M17+Q17+U17+Y17+AC17+AG17+AK17+AO17 -> 59107.34 | AS17: =AR17/B17 -> 1166.4004 | AT17: =AR17/C17 -> 1207.2824 | AV17: Stockprep | AW17: Stock Prep & UTM 1 (3200 A) | AX17: =+AD39 -> 0 | AY17: =+AE39 -> 0
A18: =A17+1 -> 45941 | B18: =+Report1!P19 -> 54.191 | C18: =+Report1!R19 -> 49.891 | D18: =+D17+E18 -> 3267.34 | E18: =+[16]DailyOct!D17 -> 284.34 | F18: =E18/B18 -> 5.2469967 | G18: =E18/C18 -> 5.6992243 | H18: =+H17+I18 -> 0 | I18: =+[16]DailyOct!E17 -> 0 | J18: =I18/B18 -> 0 | K18: =I18/C18 -> 0 | L18: =+L17+M18 -> 2390 | M18: =+[16]DailyOct!F17 -> 100 | N18: =M18/B18 -> 1.8453249 | O18: =M18/C18 -> 2.0043695 | P18: =+P17+Q18 -> 179242.66 | Q18: =+[16]DailyOct!G17 -> 17615.66 | R18: =Q18/B18 -> 325.06615 | S18: =Q18/C18 -> 353.08292 | T18: =+T17+U18 -> 61300 | U18: =+[16]DailyOct!H17 -> 7400 | V18: =U18/B18 -> 136.55404 | W18: =U18/C18 -> 148.32334 | X18: =+X17+Y18 -> 139606.45 | Y18: =+[16]DailyOct!I17 -> 14971.39 | Z18: =Y18/B18 -> 276.27078 | AA18: =Y18/C18 -> 300.08198 | AB18: =+AB17+AC18 -> 78356.45 | AC18: =+[16]DailyOct!J17 -> 6971.39 | AD18: =AC18/B18 -> 128.64479 | AE18: =AC18/C18 -> 139.73242 | AF18: =+AF17+AG18 -> 110900 | AG18: =+[16]DailyOct!K17 -> 8600 | AH18: =AG18/B18 -> 158.69794 | AI18: =AG18/C18 -> 172.37578 | AJ18: =+AJ17+AK18 -> 4219 | AK18: =+[16]DailyOct!L17 -> 340 | AL18: =AK18/B18 -> 6.2741046 | AM18: =AK18/C18 -> 6.8148564 | AN18: =+AN17+AO18 -> 6353 | AO18: =+[16]DailyOct!M17 -> 610 | AP18: =AO18/B18 -> 11.256482 | AQ18: =AO18/C18 -> 12.226654 | AR18: =+E18+I18+M18+Q18+U18+Y18+AC18+AG18+AK18+AO18 -> 56892.78 | AS18: =AR18/B18 -> 1049.8566 | AT18: =AR18/C18 -> 1140.3415 | AW18: Stock Prep & UTM 2 (3200 A) | AX18: =+AH39 -> 0 | AY18: =+AI39 -> 0
A19: =A18+1 -> 45942 | B19: =+Report1!P20 -> 52.38 | C19: =+Report1!R20 -> 48.903 | D19: =+D18+E19 -> 3639.42 | E19: =+[16]DailyOct!D18 -> 372.08 | F19: =E19/B19 -> 7.1034746 | G19: =E19/C19 -> 7.6085312 | H19: =+H18+I19 -> 0 | I19: =+[16]DailyOct!E18 -> 0 | J19: =I19/B19 -> 0 | K19: =I19/C19 -> 0 | L19: =+L18+M19 -> 2590 | M19: =+[16]DailyOct!F18 -> 200 | N19: =M19/B19 -> 3.8182512 | O19: =M19/C19 -> 4.0897286 | P19: =+P18+Q19 -> 196570.58 | Q19: =+[16]DailyOct!G18 -> 17327.92 | R19: =Q19/B19 -> 330.81176 | S19: =Q19/C19 -> 354.33245 | T19: =+T18+U19 -> 68700 | U19: =+[16]DailyOct!H18 -> 7400 | V19: =U19/B19 -> 141.2753 | W19: =U19/C19 -> 151.31996 | X19: =+X18+Y19 -> 155871.99 | Y19: =+[16]DailyOct!I18 -> 16265.54 | Z19: =Y19/B19 -> 310.52959 | AA19: =Y19/C19 -> 332.60822 | AB19: =+AB18+AC19 -> 84991.99 | AC19: =+[16]DailyOct!J18 -> 6635.54 | AD19: =AC19/B19 -> 126.68079 | AE19: =AC19/C19 -> 135.68779 | AF19: =+AF18+AG19 -> 118900 | AG19: =+[16]DailyOct!K18 -> 8000 | AH19: =AG19/B19 -> 152.73005 | AI19: =AG19/C19 -> 163.58915 | AJ19: =+AJ18+AK19 -> 4589 | AK19: =+[16]DailyOct!L18 -> 370 | AL19: =AK19/B19 -> 7.0637648 | AM19: =AK19/C19 -> 7.565998 | AN19: =+AN18+AO19 -> 6893 | AO19: =+[16]DailyOct!M18 -> 540 | AP19: =AO19/B19 -> 10.309278 | AQ19: =AO19/C19 -> 11.042267 | AR19: =+E19+I19+M19+Q19+U19+Y19+AC19+AG19+AK19+AO19 -> 57111.08 | AS19: =AR19/B19 -> 1090.3223 | AT19: =AR19/C19 -> 1167.8441 | AX19: =SUM(AX17:AX18) -> 0 | AY19: =SUM(AY17:AY18) -> 0
A20: =A19+1 -> 45943 | B20: =+Report1!P21 -> 55.008 | C20: =+Report1!R21 -> 55.071 | D20: =+D19+E20 -> 3972.32 | E20: =+[16]DailyOct!D19 -> 332.9 | F20: =E20/B20 -> 6.051847 | G20: =E20/C20 -> 6.0449238 | H20: =+H19+I20 -> 0 | I20: =+[16]DailyOct!E19 -> 0 | J20: =I20/B20 -> 0 | K20: =I20/C20 -> 0 | L20: =+L19+M20 -> 2690 | M20: =+[16]DailyOct!F19 -> 100 | N20: =M20/B20 -> 1.8179174 | O20: =M20/C20 -> 1.8158377 | P20: =+P19+Q20 -> 213937.68 | Q20: =+[16]DailyOct!G19 -> 17367.1 | R20: =Q20/B20 -> 315.71953 | S20: =Q20/C20 -> 315.35836 | T20: =+T19+U20 -> 76100 | U20: =+[16]DailyOct!H19 -> 7400 | V20: =U20/B20 -> 134.52589 | W20: =U20/C20 -> 134.37199 | X20: =+X19+Y20 -> 170933.46 | Y20: =+[16]DailyOct!I19 -> 15061.47 | Z20: =Y20/B20 -> 273.80508 | AA20: =Y20/C20 -> 273.49186 | AB20: =+AB19+AC20 -> 88873.46 | AC20: =+[16]DailyOct!J19 -> 3881.47 | AD20: =AC20/B20 -> 70.561918 | AE20: =AC20/C20 -> 70.481197 | AF20: =+AF19+AG20 -> 126900 | AG20: =+[16]DailyOct!K19 -> 8000 | AH20: =AG20/B20 -> 145.43339 | AI20: =AG20/C20 -> 145.26702 | AJ20: =+AJ19+AK20 -> 4949 | AK20: =+[16]DailyOct!L19 -> 360 | AL20: =AK20/B20 -> 6.5445026 | AM20: =AK20/C20 -> 6.5370159 | AN20: =+AN19+AO20 -> 7443 | AO20: =+[16]DailyOct!M19 -> 550 | AP20: =AO20/B20 -> 9.9985457 | AQ20: =AO20/C20 -> 9.9871076 | AR20: =+E20+I20+M20+Q20+U20+Y20+AC20+AG20+AK20+AO20 -> 53052.94 | AS20: =AR20/B20 -> 964.45862 | AT20: =AR20/C20 -> 963.3553 | AV20: Rewinder | AW20: Rewinder 1 (800 A) | AX20: =+AL39 -> 0 | AY20: =+AM39 -> 0
A21: =A20+1 -> 45944 | B21: =+Report1!P22 -> 59.032 | C21: =+Report1!R22 -> 60.683 | D21: =+D20+E21 -> 4320 | E21: =+[16]DailyOct!D20 -> 347.68 | F21: =E21/B21 -> 5.8896869 | G21: =E21/C21 -> 5.7294465 | H21: =+H20+I21 -> 0 | I21: =+[16]DailyOct!E20 -> 0 | J21: =I21/B21 -> 0 | K21: =I21/C21 -> 0 | L21: =+L20+M21 -> 2890 | M21: =+[16]DailyOct!F20 -> 200 | N21: =M21/B21 -> 3.387993 | O21: =M21/C21 -> 3.295816 | P21: =+P20+Q21 -> 231890 | Q21: =+[16]DailyOct!G20 -> 17952.32 | R21: =Q21/B21 -> 304.11167 | S21: =Q21/C21 -> 295.83771 | T21: =+T20+U21 -> 83700 | U21: =+[16]DailyOct!H20 -> 7600 | V21: =U21/B21 -> 128.74373 | W21: =U21/C21 -> 125.24101 | X21: =+X20+Y21 -> 187639.66 | Y21: =+[16]DailyOct!I20 -> 16706.2 | Z21: =Y21/B21 -> 283.00244 | AA21: =Y21/C21 -> 275.3028 | AB21: =+AB20+AC21 -> 90999.66 | AC21: =+[16]DailyOct!J20 -> 2126.2 | AD21: =AC21/B21 -> 36.017753 | AE21: =AC21/C21 -> 35.037819 | AF21: =+AF20+AG21 -> 134800 | AG21: =+[16]DailyOct!K20 -> 7900 | AH21: =AG21/B21 -> 133.82572 | AI21: =AG21/C21 -> 130.18473 | AJ21: =+AJ20+AK21 -> 5199 | AK21: =+[16]DailyOct!L20 -> 250 | AL21: =AK21/B21 -> 4.2349912 | AM21: =AK21/C21 -> 4.11977 | AN21: =+AN20+AO21 -> 7693 | AO21: =+[16]DailyOct!M20 -> 250 | AP21: =AO21/B21 -> 4.2349912 | AQ21: =AO21/C21 -> 4.11977 | AR21: =+E21+I21+M21+Q21+U21+Y21+AC21+AG21+AK21+AO21 -> 53332.4 | AS21: =AR21/B21 -> 903.44898 | AT21: =AR21/C21 -> 878.86888 | AW21: Rewinder 2 (800A) | AX21: =+AP39 -> 0 | AY21: =+AQ39 -> 0
A22: =A21+1 -> 45945 | B22: =+Report1!P23 -> 57.672 | C22: =+Report1!R23 -> 55.631 | D22: =+D21+E22 -> 4645.98 | E22: =+[16]DailyOct!D21 -> 325.98 | F22: =E22/B22 -> 5.6523096 | G22: =E22/C22 -> 5.8596826 | H22: =+H21+I22 -> 0 | I22: =+[16]DailyOct!E21 -> 0 | J22: =I22/B22 -> 0 | K22: =I22/C22 -> 0 | L22: =+L21+M22 -> 2990 | M22: =+[16]DailyOct!F21 -> 100 | N22: =M22/B22 -> 1.7339437 | O22: =M22/C22 -> 1.7975589 | P22: =+P21+Q22 -> 250264.02 | Q22: =+[16]DailyOct!G21 -> 18374.02 | R22: =Q22/B22 -> 318.59516 | S22: =Q22/C22 -> 330.28383 | T22: =+T21+U22 -> 91100 | U22: =+[16]DailyOct!H21 -> 7400 | V22: =U22/B22 -> 128.31183 | W22: =U22/C22 -> 133.01936 | X22: =+X21+Y22 -> 204373.26 | Y22: =+[16]DailyOct!I21 -> 16733.6 | Z22: =Y22/B22 -> 290.1512 | AA22: =Y22/C22 -> 300.79632 | AB22: =+AB21+AC22 -> 96553.26 | AC22: =+[16]DailyOct!J21 -> 5553.6 | AD22: =AC22/B22 -> 96.296296 | AE22: =AC22/C22 -> 99.829232 | AF22: =+AF21+AG22 -> 142700 | AG22: =+[16]DailyOct!K21 -> 7900 | AH22: =AG22/B22 -> 136.98155 | AI22: =AG22/C22 -> 142.00715 | AJ22: =+AJ21+AK22 -> 5379 | AK22: =+[16]DailyOct!L21 -> 180 | AL22: =AK22/B22 -> 3.1210986 | AM22: =AK22/C22 -> 3.235606 | AN22: =+AN21+AO22 -> 8073 | AO22: =+[16]DailyOct!M21 -> 380 | AP22: =AO22/B22 -> 6.588986 | AQ22: =AO22/C22 -> 6.8307239 | AR22: =+E22+I22+M22+Q22+U22+Y22+AC22+AG22+AK22+AO22 -> 56947.2 | AS22: =AR22/B22 -> 987.43238 | AT22: =AR22/C22 -> 1023.6595 | AW22: Rewinder 2 (800A) | AX22: =+AP40 -> 9.6926363 | AY22: =+AQ40 -> 10.316544
A23: =A22+1 -> 45946 | B23: =+Report1!P24 -> 50.115 | C23: =+Report1!R24 -> 45.04 | D23: =+D22+E23 -> 4980.38 | E23: =+[16]DailyOct!D22 -> 334.4 | F23: =E23/B23 -> 6.6726529 | G23: =E23/C23 -> 7.4245115 | H23: =+H22+I23 -> 0 | I23: =+[16]DailyOct!E22 -> 0 | J23: =I23/B23 -> 0 | K23: =I23/C23 -> 0 | L23: =+L22+M23 -> 3090 | M23: =+[16]DailyOct!F22 -> 100 | N23: =M23/B23 -> 1.9954106 | O23: =M23/C23 -> 2.2202487 | P23: =+P22+Q23 -> 268629.62 | Q23: =+[16]DailyOct!G22 -> 18365.6 | R23: =Q23/B23 -> 366.46912 | S23: =Q23/C23 -> 407.76199 | T23: =+T22+U23 -> 98600 | U23: =+[16]DailyOct!H22 -> 7500 | V23: =U23/B23 -> 149.65579 | W23: =U23/C23 -> 166.51865 | X23: =+X22+Y23 -> 219888.46 | Y23: =+[16]DailyOct!I22 -> 15515.2 | Z23: =Y23/B23 -> 309.59194 | AA23: =Y23/C23 -> 344.47602 | AB23: =+AB22+AC23 -> 101678.46 | AC23: =+[16]DailyOct!J22 -> 5125.2 | AD23: =AC23/B23 -> 102.26878 | AE23: =AC23/C23 -> 113.79218 | AF23: =+AF22+AG23 -> 150700 | AG23: =+[16]DailyOct!K22 -> 8000 | AH23: =AG23/B23 -> 159.63284 | AI23: =AG23/C23 -> 177.61989 | AJ23: =+AJ22+AK23 -> 5669 | AK23: =+[16]DailyOct!L22 -> 290 | AL23: =AK23/B23 -> 5.7866906 | AM23: =AK23/C23 -> 6.4387211 | AN23: =+AN22+AO23 -> 8553 | AO23: =+[16]DailyOct!M22 -> 480 | AP23: =AO23/B23 -> 9.5779707 | AQ23: =AO23/C23 -> 10.657194 | AR23: =+E23+I23+M23+Q23+U23+Y23+AC23+AG23+AK23+AO23 -> 55710.4 | AS23: =AR23/B23 -> 1111.6512 | AT23: =AR23/C23 -> 1236.9094
A24: =A23+1 -> 45947 | B24: =+Report1!P25 -> 61.978 | C24: =+Report1!R25 -> 59.747 | D24: =+D23+E24 -> 5319.4 | E24: =+[16]DailyOct!D23 -> 339.02 | F24: =E24/B24 -> 5.4700055 | G24: =E24/C24 -> 5.6742598 | H24: =+H23+I24 -> 0 | I24: =+[16]DailyOct!E23 -> 0 | J24: =I24/B24 -> 0 | K24: =I24/C24 -> 0 | L24: =+L23+M24 -> 3290 | M24: =+[16]DailyOct!F23 -> 200 | N24: =M24/B24 -> 3.2269515 | O24: =M24/C24 -> 3.3474484 | P24: =+P23+Q24 -> 286490.6 | Q24: =+[16]DailyOct!G23 -> 17860.98 | R24: =Q24/B24 -> 288.18258 | S24: =Q24/C24 -> 298.94355 | T24: =+T23+U24 -> 106000 | U24: =+[16]DailyOct!H23 -> 7400 | V24: =U24/B24 -> 119.39721 | W24: =U24/C24 -> 123.85559 | X24: =+X23+Y24 -> 236217.84 | Y24: =+[16]DailyOct!I23 -> 16329.38 | Z24: =Y24/B24 -> 263.47059 | AA24: =Y24/C24 -> 273.30879 | AB24: =+AB23+AC24 -> 108047.84 | AC24: =+[16]DailyOct!J23 -> 6369.38 | AD24: =AC24/B24 -> 102.7684 | AE24: =AC24/C24 -> 106.60585 | AF24: =+AF23+AG24 -> 158600 | AG24: =+[16]DailyOct!K23 -> 7900 | AH24: =AG24/B24 -> 127.46458 | AI24: =AG24/C24 -> 132.22421 | AJ24: =+AJ23+AK24 -> 6019 | AK24: =+[16]DailyOct!L23 -> 350 | AL24: =AK24/B24 -> 5.6471651 | AM24: =AK24/C24 -> 5.8580347 | AN24: =+AN23+AO24 -> 9123 | AO24: =+[16]DailyOct!M23 -> 570 | AP24: =AO24/B24 -> 9.1968118 | AQ24: =AO24/C24 -> 9.540228 | AR24: =+E24+I24+M24+Q24+U24+Y24+AC24+AG24+AK24+AO24 -> 57318.76 | AS24: =AR24/B24 -> 924.82429 | AT24: =AR24/C24 -> 959.35796 | AW24: Total | AX24: =+AX16+AX19+AX22 -> 9.6926363 | AY24: =+AY16+AY19+AY22 -> 10.316544
A25: =A24+1 -> 45948 | B25: =+Report1!P26 -> 56.56 | C25: =+Report1!R26 -> 54.112 | D25: =+D24+E25 -> 5678.44 | E25: =+[16]DailyOct!D24 -> 359.04 | F25: =E25/B25 -> 6.3479491 | G25: =E25/C25 -> 6.6351271 | H25: =+H24+I25 -> 0 | I25: =+[16]DailyOct!E24 -> 0 | J25: =I25/B25 -> 0 | K25: =I25/C25 -> 0 | L25: =+L24+M25 -> 3390 | M25: =+[16]DailyOct!F24 -> 100 | N25: =M25/B25 -> 1.7680339 | O25: =M25/C25 -> 1.8480189 | P25: =+P24+Q25 -> 304831.56 | Q25: =+[16]DailyOct!G24 -> 18340.96 | R25: =Q25/B25 -> 324.2744 | S25: =Q25/C25 -> 338.94441 | T25: =+T24+U25 -> 113500 | U25: =+[16]DailyOct!H24 -> 7500 | V25: =U25/B25 -> 132.60255 | W25: =U25/C25 -> 138.60142 | X25: =+X24+Y25 -> 251586.83 | Y25: =+[16]DailyOct!I24 -> 15368.99 | Z25: =Y25/B25 -> 271.72896 | AA25: =Y25/C25 -> 284.02184 | AB25: =+AB24+AC25 -> 114916.83 | AC25: =+[16]DailyOct!J24 -> 6868.99 | AD25: =AC25/B25 -> 121.44607 | AE25: =AC25/C25 -> 126.94024 | AF25: =+AF24+AG25 -> 166500 | AG25: =+[16]DailyOct!K24 -> 7900 | AH25: =AG25/B25 -> 139.67468 | AI25: =AG25/C25 -> 145.99349 | AJ25: =+AJ24+AK25 -> 6379 | AK25: =+[16]DailyOct!L24 -> 360 | AL25: =AK25/B25 -> 6.3649222 | AM25: =AK25/C25 -> 6.6528681 | AN25: =+AN24+AO25 -> 9643 | AO25: =+[16]DailyOct!M24 -> 520 | AP25: =AO25/B25 -> 9.1937765 | AQ25: =AO25/C25 -> 9.6096984 | AR25: =+E25+I25+M25+Q25+U25+Y25+AC25+AG25+AK25+AO25 -> 57317.98 | AS25: =AR25/B25 -> 1013.4013 | AT25: =AR25/C25 -> 1059.2471
A26: =A25+1 -> 45949 | B26: =+Report1!P27 -> 56.081 | C26: =+Report1!R27 -> 53.927 | D26: =+D25+E26 -> 6002.47 | E26: =+[16]DailyOct!D25 -> 324.03 | F26: =E26/B26 -> 5.7778927 | G26: =E26/C26 -> 6.0086784 | H26: =+H25+I26 -> 0 | I26: =+[16]DailyOct!E25 -> 0 | J26: =I26/B26 -> 0 | K26: =I26/C26 -> 0 | L26: =+L25+M26 -> 3590 | M26: =+[16]DailyOct!F25 -> 200 | N26: =M26/B26 -> 3.5662702 | O26: =M26/C26 -> 3.7087173 | P26: =+P25+Q26 -> 322707.53 | Q26: =+[16]DailyOct!G25 -> 17875.97 | R26: =Q26/B26 -> 318.7527 | S26: =Q26/C26 -> 331.4846 | T26: =+T25+U26 -> 121100 | U26: =+[16]DailyOct!H25 -> 7600 | V26: =U26/B26 -> 135.51827 | W26: =U26/C26 -> 140.93126 | X26: =+X25+Y26 -> 268140.12 | Y26: =+[16]DailyOct!I25 -> 16553.29 | Z26: =Y26/B26 -> 295.16753 | AA26: =Y26/C26 -> 306.95737 | AB26: =+AB25+AC26 -> 123370.12 | AC26: =+[16]DailyOct!J25 -> 8453.29 | AD26: =AC26/B26 -> 150.73358 | AE26: =AC26/C26 -> 156.75432 | AF26: =+AF25+AG26 -> 174500 | AG26: =+[16]DailyOct!K25 -> 8000 | AH26: =AG26/B26 -> 142.65081 | AI26: =AG26/C26 -> 148.34869 | AJ26: =+AJ25+AK26 -> 6729 | AK26: =+[16]DailyOct!L25 -> 350 | AL26: =AK26/B26 -> 6.2409729 | AM26: =AK26/C26 -> 6.4902553 | AN26: =+AN25+AO26 -> 10233 | AO26: =+[16]DailyOct!M25 -> 590 | AP26: =AO26/B26 -> 10.520497 | AQ26: =AO26/C26 -> 10.940716 | AR26: =+E26+I26+M26+Q26+U26+Y26+AC26+AG26+AK26+AO26 -> 59946.58 | AS26: =AR26/B26 -> 1068.9285 | AT26: =AR26/C26 -> 1111.6246 | AW26: LEBIH TINGGI DARI OFF REEL | AY26: =+AY24/AX24-1 -> 0.064369243
A27: =A26+1 -> 45950 | B27: =+Report1!P28 -> 57.329 | C27: =+Report1!R28 -> 55.263 | D27: =+D26+E27 -> 6370.18 | E27: =+[16]DailyOct!D26 -> 367.71 | F27: =E27/B27 -> 6.4140313 | G27: =E27/C27 -> 6.653819 | H27: =+H26+I27 -> 0 | I27: =+[16]DailyOct!E26 -> 0 | J27: =I27/B27 -> 0 | K27: =I27/C27 -> 0 | L27: =+L26+M27 -> 3690 | M27: =+[16]DailyOct!F26 -> 100 | N27: =M27/B27 -> 1.7443179 | O27: =M27/C27 -> 1.809529 | P27: =+P26+Q27 -> 340339.82 | Q27: =+[16]DailyOct!G26 -> 17632.29 | R27: =Q27/B27 -> 307.56319 | S27: =Q27/C27 -> 319.0614 | T27: =+T26+U27 -> 128600 | U27: =+[16]DailyOct!H26 -> 7500 | V27: =U27/B27 -> 130.82384 | W27: =U27/C27 -> 135.71467 | X27: =+X26+Y27 -> 283612.73 | Y27: =+[16]DailyOct!I26 -> 15472.61 | Z27: =Y27/B27 -> 269.8915 | AA27: =Y27/C27 -> 279.98136 | AB27: =+AB26+AC27 -> 130142.73 | AC27: =+[16]DailyOct!J26 -> 6772.61 | AD27: =AC27/B27 -> 118.13585 | AE27: =AC27/C27 -> 122.55234 | AF27: =+AF26+AG27 -> 182500 | AG27: =+[16]DailyOct!K26 -> 8000 | AH27: =AG27/B27 -> 139.54543 | AI27: =AG27/C27 -> 144.76232 | AJ27: =+AJ26+AK27 -> 7089 | AK27: =+[16]DailyOct!L26 -> 360 | AL27: =AK27/B27 -> 6.2795444 | AM27: =AK27/C27 -> 6.5143043 | AN27: =+AN26+AO27 -> 10823 | AO27: =+[16]DailyOct!M26 -> 590 | AP27: =AO27/B27 -> 10.291476 | AQ27: =AO27/C27 -> 10.676221 | AR27: =+E27+I27+M27+Q27+U27+Y27+AC27+AG27+AK27+AO27 -> 56795.22 | AS27: =AR27/B27 -> 990.68918 | AT27: =AR27/C27 -> 1027.726
A28: =A27+1 -> 45951 | B28: =+Report1!P29 -> 42.079 | C28: =+Report1!R29 -> 40.226 | D28: =+D27+E28 -> 6668.32 | E28: =+[16]DailyOct!D27 -> 298.14 | F28: =E28/B28 -> 7.0852444 | G28: =E28/C28 -> 7.4116243 | H28: =+H27+I28 -> 0 | I28: =+[16]DailyOct!E27 -> 0 | J28: =I28/B28 -> 0 | K28: =I28/C28 -> 0 | L28: =+L27+M28 -> 3890 | M28: =+[16]DailyOct!F27 -> 200 | N28: =M28/B28 -> 4.7529647 | O28: =M28/C28 -> 4.9719087 | P28: =+P27+Q28 -> 356241.68 | Q28: =+[16]DailyOct!G27 -> 15901.86 | R28: =Q28/B28 -> 377.90489 | S28: =Q28/C28 -> 395.31298 | T28: =+T27+U28 -> 132800 | U28: =+[16]DailyOct!H27 -> 4200 | V28: =U28/B28 -> 99.812258 | W28: =U28/C28 -> 104.41008 | X28: =+X27+Y28 -> 292765.16 | Y28: =+[16]DailyOct!I27 -> 9152.43 | Z28: =Y28/B28 -> 217.50588 | AA28: =Y28/C28 -> 227.52523 | AB28: =+AB27+AC28 -> 136965.16 | AC28: =+[16]DailyOct!J27 -> 6822.43 | AD28: =AC28/B28 -> 162.13384 | AE28: =AC28/C28 -> 169.6025 | AF28: =+AF27+AG28 -> 194200 | AG28: =+[16]DailyOct!K27 -> 11700 | AH28: =AG28/B28 -> 278.04843 | AI28: =AG28/C28 -> 290.85666 | AJ28: =+AJ27+AK28 -> 7449 | AK28: =+[16]DailyOct!L27 -> 360 | AL28: =AK28/B28 -> 8.5553364 | AM28: =AK28/C28 -> 8.9494357 | AN28: =+AN27+AO28 -> 11363 | AO28: =+[16]DailyOct!M27 -> 540 | AP28: =AO28/B28 -> 12.833005 | AQ28: =AO28/C28 -> 13.424154 | AR28: =+E28+I28+M28+Q28+U28+Y28+AC28+AG28+AK28+AO28 -> 49174.86 | AS28: =AR28/B28 -> 1168.6319 | AT28: =AR28/C28 -> 1222.4646
A29: =A28+1 -> 45952 | B29: =+Report1!P30 -> 56.07 | C29: =+Report1!R30 -> 52.611 | D29: =+D28+E29 -> 7005.05 | E29: =+[16]DailyOct!D28 -> 336.73 | F29: =E29/B29 -> 6.0055288 | G29: =E29/C29 -> 6.4003725 | H29: =+H28+I29 -> 0 | I29: =+[16]DailyOct!E28 -> 0 | J29: =I29/B29 -> 0 | K29: =I29/C29 -> 0 | L29: =+L28+M29 -> 4190 | M29: =+[16]DailyOct!F28 -> 300 | N29: =M29/B29 -> 5.3504548 | O29: =M29/C29 -> 5.7022296 | P29: =+P28+Q29 -> 373804.95 | Q29: =+[16]DailyOct!G28 -> 17563.27 | R29: =Q29/B29 -> 313.23827 | S29: =Q29/C29 -> 333.83266 | T29: =+T28+U29 -> 137500 | U29: =+[16]DailyOct!H28 -> 4700 | V29: =U29/B29 -> 83.823792 | W29: =U29/C29 -> 89.33493 | X29: =+X28+Y29 -> 303943.9 | Y29: =+[16]DailyOct!I28 -> 11178.74 | Z29: =Y29/B29 -> 199.37114 | AA29: =Y29/C29 -> 212.47914 | AB29: =+AB28+AC29 -> 144073.9 | AC29: =+[16]DailyOct!J28 -> 7108.74 | AD29: =AC29/B29 -> 126.78331 | AE29: =AC29/C29 -> 135.11889 | AF29: =+AF28+AG29 -> 207200 | AG29: =+[16]DailyOct!K28 -> 13000 | AH29: =AG29/B29 -> 231.85304 | AI29: =AG29/C29 -> 247.09661 | AJ29: =+AJ28+AK29 -> 7839 | AK29: =+[16]DailyOct!L28 -> 390 | AL29: =AK29/B29 -> 6.9555912 | AM29: =AK29/C29 -> 7.4128984 | AN29: =+AN28+AO29 -> 12013 | AO29: =+[16]DailyOct!M28 -> 650 | AP29: =AO29/B29 -> 11.592652 | AQ29: =AO29/C29 -> 12.354831 | AR29: =+E29+I29+M29+Q29+U29+Y29+AC29+AG29+AK29+AO29 -> 55227.48 | AS29: =AR29/B29 -> 984.97378 | AT29: =AR29/C29 -> 1049.7326
A30: =A29+1 -> 45953 | B30: =+Report1!P31 -> 55.678 | C30: =+Report1!R31 -> 53.992 | D30: =+D29+E30 -> 7336.41 | E30: =+[16]DailyOct!D29 -> 331.36 | F30: =E30/B30 -> 5.9513632 | G30: =E30/C30 -> 6.1372055 | H30: =+H29+I30 -> 0 | I30: =+[16]DailyOct!E29 -> 0 | J30: =I30/B30 -> 0 | K30: =I30/C30 -> 0 | L30: =+L29+M30 -> 4390 | M30: =+[16]DailyOct!F29 -> 200 | N30: =M30/B30 -> 3.592083 | O30: =M30/C30 -> 3.7042525 | P30: =+P29+Q30 -> 390273.59 | Q30: =+[16]DailyOct!G29 -> 16468.64 | R30: =Q30/B30 -> 295.78361 | S30: =Q30/C30 -> 305.02 | T30: =+T29+U30 -> 142300 | U30: =+[16]DailyOct!H29 -> 4800 | V30: =U30/B30 -> 86.209993 | W30: =U30/C30 -> 88.90206 | X30: =+X29+Y30 -> 315035.87 | Y30: =+[16]DailyOct!I29 -> 11091.97 | Z30: =Y30/B30 -> 199.21639 | AA30: =Y30/C30 -> 205.43729 | AB30: =+AB29+AC30 -> 152065.87 | AC30: =+[16]DailyOct!J29 -> 7991.97 | AD30: =AC30/B30 -> 143.5391 | AE30: =AC30/C30 -> 148.02137 | AF30: =+AF29+AG30 -> 220300 | AG30: =+[16]DailyOct!K29 -> 13100 | AH30: =AG30/B30 -> 235.28144 | AI30: =AG30/C30 -> 242.62854 | AJ30: =+AJ29+AK30 -> 8239 | AK30: =+[16]DailyOct!L29 -> 400 | AL30: =AK30/B30 -> 7.1841661 | AM30: =AK30/C30 -> 7.408505 | AN30: =+AN29+AO30 -> 12653 | AO30: =+[16]DailyOct!M29 -> 640 | AP30: =AO30/B30 -> 11.494666 | AQ30: =AO30/C30 -> 11.853608 | AR30: =+E30+I30+M30+Q30+U30+Y30+AC30+AG30+AK30+AO30 -> 55023.94 | AS30: =AR30/B30 -> 988.25281 | AT30: =AR30/C30 -> 1019.1128
A31: =A30+1 -> 45954 | B31: =+Report1!P32 -> 30.027 | C31: =+Report1!R32 -> 29.25 | D31: =+D30+E31 -> 7341.56 | E31: =+[16]DailyOct!D30 -> 5.15 | F31: =E31/B31 -> 0.17151231 | G31: =E31/C31 -> 0.17606838 | H31: =+H30+I31 -> 0 | I31: =+[16]DailyOct!E30 -> 0 | J31: =I31/B31 -> 0 | K31: =I31/C31 -> 0 | L31: =+L30+M31 -> 9690 | M31: =+[16]DailyOct!F30 -> 5300 | N31: =M31/B31 -> 176.50781 | O31: =M31/C31 -> 181.19658 | P31: =+P30+Q31 -> 397968.44 | Q31: =+[16]DailyOct!G30 -> 7694.85 | R31: =Q31/B31 -> 256.26436 | S31: =Q31/C31 -> 263.07179 | T31: =+T30+U31 -> 145300 | U31: =+[16]DailyOct!H30 -> 3000 | V31: =U31/B31 -> 99.910081 | W31: =U31/C31 -> 102.5641 | X31: =+X30+Y31 -> 323598.6 | Y31: =+[16]DailyOct!I30 -> 8562.73 | Z31: =Y31/B31 -> 285.16768 | AA31: =Y31/C31 -> 292.74291 | AB31: =+AB30+AC31 -> 158228.6 | AC31: =+[16]DailyOct!J30 -> 6162.73 | AD31: =AC31/B31 -> 205.23962 | AE31: =AC31/C31 -> 210.69162 | AF31: =+AF30+AG31 -> 225800 | AG31: =+[16]DailyOct!K30 -> 5500 | AH31: =AG31/B31 -> 183.16848 | AI31: =AG31/C31 -> 188.03419 | AJ31: =+AJ30+AK31 -> 8519 | AK31: =+[16]DailyOct!L30 -> 280 | AL31: =AK31/B31 -> 9.3249409 | AM31: =AK31/C31 -> 9.5726496 | AN31: =+AN30+AO31 -> 13103 | AO31: =+[16]DailyOct!M30 -> 450 | AP31: =AO31/B31 -> 14.986512 | AQ31: =AO31/C31 -> 15.384615 | AR31: =+E31+I31+M31+Q31+U31+Y31+AC31+AG31+AK31+AO31 -> 36955.46 | AS31: =AR31/B31 -> 1230.741 | AT31: =AR31/C31 -> 1263.4345
A32: =A31+1 -> 45955 | B32: =+Report1!P33 -> 53.857 | C32: =+Report1!R33 -> 45.805 | D32: =+D31+E32 -> 7341.56 | E32: =+[16]DailyOct!D31 -> 0 | F32: =E32/B32 -> 0 | G32: =E32/C32 -> 0 | H32: =+H31+I32 -> 0 | I32: =+[16]DailyOct!E31 -> 0 | J32: =I32/B32 -> 0 | K32: =I32/C32 -> 0 | L32: =+L31+M32 -> 16390 | M32: =+[16]DailyOct!F31 -> 6700 | N32: =M32/B32 -> 124.40351 | O32: =M32/C32 -> 146.27224 | P32: =+P31+Q32 -> 406268.44 | Q32: =+[16]DailyOct!G31 -> 8300 | R32: =Q32/B32 -> 154.11181 | S32: =Q32/C32 -> 181.20293 | T32: =+T31+U32 -> 150200 | U32: =+[16]DailyOct!H31 -> 4900 | V32: =U32/B32 -> 90.981674 | W32: =U32/C32 -> 106.97522 | X32: =+X31+Y32 -> 336643.92 | Y32: =+[16]DailyOct!I31 -> 13045.32 | Z32: =Y32/B32 -> 242.22144 | AA32: =Y32/C32 -> 284.80122 | AB32: =+AB31+AC32 -> 164173.92 | AC32: =+[16]DailyOct!J31 -> 5945.32 | AD32: =AC32/B32 -> 110.39085 | AE32: =AC32/C32 -> 129.79631 | AF32: =+AF31+AG32 -> 233300 | AG32: =+[16]DailyOct!K31 -> 7500 | AH32: =AG32/B32 -> 139.25766 | AI32: =AG32/C32 -> 163.73758 | AJ32: =+AJ31+AK32 -> 8829 | AK32: =+[16]DailyOct!L31 -> 310 | AL32: =AK32/B32 -> 5.7559834 | AM32: =AK32/C32 -> 6.7678201 | AN32: =+AN31+AO32 -> 13673 | AO32: =+[16]DailyOct!M31 -> 570 | AP32: =AO32/B32 -> 10.583582 | AQ32: =AO32/C32 -> 12.444056 | AR32: =+E32+I32+M32+Q32+U32+Y32+AC32+AG32+AK32+AO32 -> 47270.64 | AS32: =AR32/B32 -> 877.70652 | AT32: =AR32/C32 -> 1031.9974
A33: =A32+1 -> 45956 | B33: =+Report1!P34 -> 53.693 | C33: =+Report1!R34 -> 43.751 | D33: =+D32+E33 -> 7341.56 | E33: =+[16]DailyOct!D32 -> 0 | F33: =E33/B33 -> 0 | G33: =E33/C33 -> 0 | H33: =+H32+I33 -> 0 | I33: =+[16]DailyOct!E32 -> 0 | J33: =I33/B33 -> 0 | K33: =I33/C33 -> 0 | L33: =+L32+M33 -> 22790 | M33: =+[16]DailyOct!F32 -> 6400 | N33: =M33/B33 -> 119.19617 | O33: =M33/C33 -> 146.28237 | P33: =+P32+Q33 -> 413868.44 | Q33: =+[16]DailyOct!G32 -> 7600 | R33: =Q33/B33 -> 141.54545 | S33: =Q33/C33 -> 173.71032 | T33: =+T32+U33 -> 155120 | U33: =+[16]DailyOct!H32 -> 4920 | V33: =U33/B33 -> 91.632056 | W33: =U33/C33 -> 112.45457 | X33: =+X32+Y33 -> 348164.03 | Y33: =+[16]DailyOct!I32 -> 11520.11 | Z33: =Y33/B33 -> 214.55516 | AA33: =Y33/C33 -> 263.31078 | AB33: =+AB32+AC33 -> 169994.03 | AC33: =+[16]DailyOct!J32 -> 5820.11 | AD33: =AC33/B33 -> 108.39607 | AE33: =AC33/C33 -> 133.02805 | AF33: =+AF32+AG33 -> 241100 | AG33: =+[16]DailyOct!K32 -> 7800 | AH33: =AG33/B33 -> 145.27033 | AI33: =AG33/C33 -> 178.28164 | AJ33: =+AJ32+AK33 -> 9169 | AK33: =+[16]DailyOct!L32 -> 340 | AL33: =AK33/B33 -> 6.3322966 | AM33: =AK33/C33 -> 7.7712509 | AN33: =+AN32+AO33 -> 14203 | AO33: =+[16]DailyOct!M32 -> 530 | AP33: =AO33/B33 -> 9.8709329 | AQ33: =AO33/C33 -> 12.114009 | AR33: =+E33+I33+M33+Q33+U33+Y33+AC33+AG33+AK33+AO33 -> 44930.22 | AS33: =AR33/B33 -> 836.79847 | AT33: =AR33/C33 -> 1026.953
A34: =A33+1 -> 45957 | B34: =+Report1!P35 -> 57.25 | C34: =+Report1!R35 -> 51.004 | D34: =+D33+E34 -> 7346.06 | E34: =+[16]DailyOct!D33 -> 4.5 | F34: =E34/B34 -> 0.07860262 | G34: =E34/C34 -> 0.088228374 | H34: =+H33+I34 -> 0 | I34: =+[16]DailyOct!E33 -> 0 | J34: =I34/B34 -> 0 | K34: =I34/C34 -> 0 | L34: =+L33+M34 -> 29490 | M34: =+[16]DailyOct!F33 -> 6700 | N34: =M34/B34 -> 117.03057 | O34: =M34/C34 -> 131.36225 | P34: =+P33+Q34 -> 422163.94 | Q34: =+[16]DailyOct!G33 -> 8295.5 | R34: =Q34/B34 -> 144.89956 | S34: =Q34/C34 -> 162.64411 | T34: =+T33+U34 -> 160600 | U34: =+[16]DailyOct!H33 -> 5480 | V34: =U34/B34 -> 95.720524 | W34: =U34/C34 -> 107.44255 | X34: =+X33+Y34 -> 361419.94 | Y34: =+[16]DailyOct!I33 -> 13255.91 | Z34: =Y34/B34 -> 231.54428 | AA34: =Y34/C34 -> 259.89942 | AB34: =+AB33+AC34 -> 176949.94 | AC34: =+[16]DailyOct!J33 -> 6955.91 | AD34: =AC34/B34 -> 121.50061 | AE34: =AC34/C34 -> 136.3797 | AF34: =+AF33+AG34 -> 249300 | AG34: =+[16]DailyOct!K33 -> 8200 | AH34: =AG34/B34 -> 143.23144 | AI34: =AG34/C34 -> 160.7717 | AJ34: =+AJ33+AK34 -> 9489 | AK34: =+[16]DailyOct!L33 -> 320 | AL34: =AK34/B34 -> 5.5895197 | AM34: =AK34/C34 -> 6.2740177 | AN34: =+AN33+AO34 -> 14733 | AO34: =+[16]DailyOct!M33 -> 530 | AP34: =AO34/B34 -> 9.2576419 | AQ34: =AO34/C34 -> 10.391342 | AR34: =+E34+I34+M34+Q34+U34+Y34+AC34+AG34+AK34+AO34 -> 49741.82 | AS34: =AR34/B34 -> 868.85275 | AT34: =AR34/C34 -> 975.25331
A35: =A34+1 -> 45958 | B35: =+Report1!P36 -> 55.466 | C35: =+Report1!R36 -> 48.39 | D35: =+D34+E35 -> 7346.56 | E35: =+[16]DailyOct!D34 -> 0.5 | F35: =E35/B35 -> 0.0090145314 | G35: =E35/C35 -> 0.010332713 | H35: =+H34+I35 -> 0 | I35: =+[16]DailyOct!E34 -> 0 | J35: =I35/B35 -> 0 | K35: =I35/C35 -> 0 | L35: =+L34+M35 -> 35890 | M35: =+[16]DailyOct!F34 -> 6400 | N35: =M35/B35 -> 115.386 | O35: =M35/C35 -> 132.25873 | P35: =+P34+Q35 -> 429963.44 | Q35: =+[16]DailyOct!G34 -> 7799.5 | R35: =Q35/B35 -> 140.61768 | S35: =Q35/C35 -> 161.18 | T35: =+T34+U35 -> 165800 | U35: =+[16]DailyOct!H34 -> 5200 | V35: =U35/B35 -> 93.751127 | W35: =U35/C35 -> 107.46022 | X35: =+X34+Y35 -> 374694.33 | Y35: =+[16]DailyOct!I34 -> 13274.39 | Z35: =Y35/B35 -> 239.32481 | AA35: =Y35/C35 -> 274.32093 | AB35: =+AB34+AC35 -> 180324.33 | AC35: =+[16]DailyOct!J34 -> 3374.39 | AD35: =AC35/B35 -> 60.837089 | AE35: =AC35/C35 -> 69.733209 | AF35: =+AF34+AG35 -> 257200 | AG35: =+[16]DailyOct!K34 -> 7900 | AH35: =AG35/B35 -> 142.4296 | AI35: =AG35/C35 -> 163.25687 | AJ35: =+AJ34+AK35 -> 9749 | AK35: =+[16]DailyOct!L34 -> 260 | AL35: =AK35/B35 -> 4.6875563 | AM35: =AK35/C35 -> 5.373011 | AN35: =+AN34+AO35 -> 15163 | AO35: =+[16]DailyOct!M34 -> 430 | AP35: =AO35/B35 -> 7.752497 | AQ35: =AO35/C35 -> 8.8861335 | AR35: =+E35+I35+M35+Q35+U35+Y35+AC35+AG35+AK35+AO35 -> 44638.78 | AS35: =AR35/B35 -> 804.79537 | AT35: =AR35/C35 -> 922.47944
A36: =A35+1 -> 45959 | B36: =+Report1!P37 -> 57.948 | C36: =+Report1!R37 -> 61.749 | D36: =+D35+E36 -> 7346.56 | E36: =+[16]DailyOct!D35 -> 0 | F36: =E36/B36 -> 0 | G36: =E36/C36 -> 0 | H36: =+H35+I36 -> 0 | I36: =+[16]DailyOct!E35 -> 0 | J36: =I36/B36 -> 0 | K36: =I36/C36 -> 0 | L36: =+L35+M36 -> 42590 | M36: =+[16]DailyOct!F35 -> 6700 | N36: =M36/B36 -> 115.6209 | O36: =M36/C36 -> 108.50378 | P36: =+P35+Q36 -> 438063.44 | Q36: =+[16]DailyOct!G35 -> 8100 | R36: =Q36/B36 -> 139.78049 | S36: =Q36/C36 -> 131.17621 | T36: =+T35+U36 -> 172000 | U36: =+[16]DailyOct!H35 -> 6200 | V36: =U36/B36 -> 106.99248 | W36: =U36/C36 -> 100.40648 | X36: =+X35+Y36 -> 390423.91 | Y36: =+[16]DailyOct!I35 -> 15729.58 | Z36: =Y36/B36 -> 271.44302 | AA36: =Y36/C36 -> 254.73417 | AB36: =+AB35+AC36 -> 187493.91 | AC36: =+[16]DailyOct!J35 -> 7169.58 | AD36: =AC36/B36 -> 123.72437 | AE36: =AC36/C36 -> 116.10844 | AF36: =+AF35+AG36 -> 265500 | AG36: =+[16]DailyOct!K35 -> 8300 | AH36: =AG36/B36 -> 143.23186 | AI36: =AG36/C36 -> 134.41513 | AJ36: =+AJ35+AK36 -> 10102.2 | AK36: =+[16]DailyOct!L35 -> 353.2 | AL36: =AK36/B36 -> 6.0951198 | AM36: =AK36/C36 -> 5.7199307 | AN36: =+AN35+AO36 -> 15730.46 | AO36: =+[16]DailyOct!M35 -> 567.46 | AP36: =AO36/B36 -> 9.7925727 | AQ36: =AO36/C36 -> 9.1897844 | AR36: =+E36+I36+M36+Q36+U36+Y36+AC36+AG36+AK36+AO36 -> 53119.82 | AS36: =AR36/B36 -> 916.68082 | AT36: =AR36/C36 -> 860.25393
A37: =A36+1 -> 45960 | B37: =+Report1!P38 -> 64.97 | C37: =+Report1!R38 -> 53.747 | D37: =+D36+E37 -> 7346.56 | E37: =+[16]DailyOct!D36 -> 0 | F37: =E37/B37 -> 0 | G37: =E37/C37 -> 0 | H37: =+H36+I37 -> 0 | I37: =+[16]DailyOct!E36 -> 0 | J37: =I37/B37 -> 0 | K37: =I37/C37 -> 0 | L37: =+L36+M37 -> 48890 | M37: =+[16]DailyOct!F36 -> 6300 | N37: =M37/B37 -> 96.967831 | O37: =M37/C37 -> 117.21584 | P37: =+P36+Q37 -> 446063.44 | Q37: =+[16]DailyOct!G36 -> 8000 | R37: =Q37/B37 -> 123.13375 | S37: =Q37/C37 -> 148.84552 | T37: =+T36+U37 -> 176800 | U37: =+[16]DailyOct!H36 -> 4800 | V37: =U37/B37 -> 73.880252 | W37: =U37/C37 -> 89.30731 | X37: =+X36+Y37 -> 399629.21 | Y37: =+[16]DailyOct!I36 -> 9205.3 | Z37: =Y37/B37 -> 141.68539 | AA37: =Y37/C37 -> 171.27095 | AB37: =+AB36+AC37 -> 195159.21 | AC37: =+[16]DailyOct!J36 -> 7665.3 | AD37: =AC37/B37 -> 117.98215 | AE37: =AC37/C37 -> 142.61819 | AF37: =+AF36+AG37 -> 278700 | AG37: =+[16]DailyOct!K36 -> 13200 | AH37: =AG37/B37 -> 203.17069 | AI37: =AG37/C37 -> 245.5951 | AJ37: =+AJ36+AK37 -> 10469 | AK37: =+[16]DailyOct!L36 -> 366.8 | AL37: =AK37/B37 -> 5.6456826 | AM37: =AK37/C37 -> 6.824567 | AN37: =+AN36+AO37 -> 16393 | AO37: =+[16]DailyOct!M36 -> 662.54 | AP37: =AO37/B37 -> 10.19763 | AQ37: =AO37/C37 -> 12.327014 | AR37: =+E37+I37+M37+Q37+U37+Y37+AC37+AG37+AK37+AO37 -> 50199.94 | AS37: =AR37/B37 -> 772.66338 | AT37: =AR37/C37 -> 934.0045
A38: =A37+1 -> 45961 | B38: =+Report1!P39 -> 65.961 | C38: =+Report1!R39 -> 60.962 | D38: =+D37+E38 -> 7352.56 | E38: =+[16]DailyOct!D37 -> 6 | F38: =E38/B38 -> 0.090962842 | G38: =E38/C38 -> 0.098421968 | H38: =+H37+I38 -> 0 | I38: =+[16]DailyOct!E37 -> 0 | J38: =I38/B38 -> 0 | K38: =I38/C38 -> 0 | L38: =+L37+M38 -> 55590 | M38: =+[16]DailyOct!F37 -> 6700 | N38: =M38/B38 -> 101.57517 | O38: =M38/C38 -> 109.90453 | P38: =+P37+Q38 -> 454357.44 | Q38: =+[16]DailyOct!G37 -> 8294 | R38: =Q38/B38 -> 125.74097 | S38: =Q38/C38 -> 136.05197 | T38: =+T37+U38 -> 181300 | U38: =+[16]DailyOct!H37 -> 4500 | V38: =U38/B38 -> 68.222131 | W38: =U38/C38 -> 73.816476 | X38: =+X37+Y38 -> 412664.2 | Y38: =+[16]DailyOct!I37 -> 13034.99 | Z38: =Y38/B38 -> 197.61662 | AA38: =Y38/C38 -> 213.82156 | AB38: =+AB37+AC38 -> 202864.2 | AC38: =+[16]DailyOct!J37 -> 7704.99 | AD38: =AC38/B38 -> 116.8113 | AE38: =AC38/C38 -> 126.39005 | AF38: =+AF37+AG38 -> 292600 | AG38: =+[16]DailyOct!K37 -> 13900 | AH38: =AG38/B38 -> 210.73058 | AI38: =AG38/C38 -> 228.01089 | AJ38: =+AJ37+AK38 -> 10919 | AK38: =+[16]DailyOct!L37 -> 450 | AL38: =AK38/B38 -> 6.8222131 | AM38: =AK38/C38 -> 7.3816476 | AN38: =+AN37+AO38 -> 17083 | AO38: =+[16]DailyOct!M37 -> 690 | AP38: =AO38/B38 -> 10.460727 | AQ38: =AO38/C38 -> 11.318526 | AR38: =+E38+I38+M38+Q38+U38+Y38+AC38+AG38+AK38+AO38 -> 55279.98 | AS38: =AR38/B38 -> 838.07068 | AT38: =AR38/C38 -> 906.79407
A40: TOTAL | B40: =SUM(B8:B38) -> 1762.472 | C40: =SUM(C8:C38) -> 1655.884 | E40: =SUM(E8:E38) -> 7352.56 | F40: =E40/B40 -> 4.1717315 | G40: =E40/C40 -> 4.4402627 | I40: =SUM(I8:I38) -> 0 | J40: =I40/B40 -> 0 | K40: =I40/C40 -> 0 | M40: =SUM(M8:M38) -> 55590 | N40: =M40/B40 -> 31.540927 | O40: =M40/C40 -> 33.571192 | Q40: =SUM(Q8:Q38) -> 454357.44 | R40: =Q40/B40 -> 257.79555 | S40: =Q40/C40 -> 274.38966 | U40: =SUM(U8:U38) -> 181300 | V40: =U40/B40 -> 102.86688 | W40: =U40/C40 -> 109.48835 | Y40: =SUM(Y8:Y38) -> 412664.2 | Z40: =Y40/B40 -> 234.13944 | AA40: =Y40/C40 -> 249.21081 | AC40: =SUM(AC8:AC38) -> 202864.2 | AD40: =AC40/B40 -> 115.10208 | AE40: =AC40/C40 -> 122.51112 | AG40: =SUM(AG8:AG38) -> 292600 | AH40: =AG40/B40 -> 166.01682 | AI40: =AG40/C40 -> 176.7032 | AK40: =SUM(AK8:AK38) -> 10919 | AL40: =AK40/B40 -> 6.1952757 | AM40: =AK40/C40 -> 6.5940609 | AO40: =SUM(AO8:AO38) -> 17083 | AP40: =AO40/B40 -> 9.6926363 | AQ40: =AO40/C40 -> 10.316544 | AR40: =E40+I40+M40+Q40+U40+Y40+AC40+AG40+AK40+AO40 -> 1634730.4 | AS40: =AR40/B40 -> 927.52135 | AT40: =AR40/C40 -> 987.22519
AR42: =+AR40-[16]DailyOct!$N$38 -> 0

Sheet Trim Rwd
A1: PM 11 | B1: =+Report1!A9 -> 45931
A3: Tgl | B3: Grade | C3: Ply | D3: Kombinasi Pot. | E3: Lebar Trim | F3: Jml Turunan | G3: Lebar x Turunan | H3: Rata-rata | I3: PHP PM
A4: =+B1 -> 45931 | B4: F 13 | C4: 1 | D4: 126+140 | E4: =126+140 -> 266 | F4: =14+3+11 -> 28 | G4: =+E4*F4 -> 7448 | H4: =+G4/F4 -> 266 | I4: =+'1'!N37 -> 16.537
B5: F 10,3 | C5: 1 | D5: 266*1 | E5: 266 | F5: 0 | G5: =+E5*F5 -> 0 | H5: =+E5 -> 266 | I5: =+'1'!N38 -> 0.41
B6: SN 15 | C6: 1 | D6: 133*2 | E6: =133*2 -> 266 | F6: =1+8 -> 9 | G6: =+E6*F6 -> 2394 | H6: =+E6 -> 266 | I6: Backlog
A8: 45932 | B8: F 10,3 | C8: 1 | D8: 266*1 | E8: 266 | F8: =12+1 -> 13 | G8: =+E8*F8 -> 3458 | H8: =+G8/F8 -> 266 | I8: =+'2'!L37 -> 10.168
B9: F 13 | C9: 1 | D9: 140+126 | E9: =126+140 -> 266 | F9: 2 | G9: =+E9*F9 -> 532 | H9: =+(E9*F9+E10*F10)/(SUM(F9:F10)) -> 263 | I9: Backlog
B10: F 13 | C10: 1 | D10: 140+122 | E10: =140+122 -> 262 | F10: 6 | G10: =+E10*F10 -> 1572
B11: MG 15,5 | C11: 1 | D11: 83+102+83 | E11: =83+100+83 -> 266 | F11: =24+20 -> 44 | G11: =+E11*F11 -> 11704 | H11: =+G11/F11 -> 266 | I11: =+'2'!L38 -> 52.514
B12: MG 16,5 | C12: 1 | D12: 59*4+22+14 | E12: =59*4+22+14 -> 272 | F12: 0 | G12: =+E12*F12 -> 0 | H12: =+E12 -> 272 | I12: =+'2'!L39 -> 7.409
A14: 45933 | B14: MG 15,5 | C14: 1 | D14: 83+102+83 | E14: =83+100+83 -> 266 | F14: =10+2+1 -> 13 | G14: =+E14*F14 -> 3458 | H14: =+G14/F14 -> 266 | I14: Backlog
B15: MG 16,5 | C15: 1 | D15: 59*4+22+14 | E15: =59*4+22+14 -> 272 | F15: =14+3 -> 17 | G15: =+E15*F15 -> 4624 | H15: =+(E15*F15+E16*F16)/(SUM(F15:F16)) -> 269.10345 | I15: =+'3'!L37 -> 24.762
B16: MG 16,5 | C16: 1 | D16: 59*2+22*4+59 | E16: =59*2+22*4+59 -> 265 | F16: =11+1 -> 12 | G16: =+E16*F16 -> 3180
B17: MG 21 | C17: 1 | D17: 264*1 | E17: 264 | F17: =12+13+14 -> 39 | G17: =+E17*F17 -> 10296 | H17: =+G17/F17 -> 264 | I17: =+'3'!L38 -> 54.043
A19: 45934 | B19: MG 21 | C19: 1 | D19: 264*1 | E19: 264 | F19: =12+13+14 -> 39 | G19: =+E19*F19 -> 10296 | H19: =+(E19*F19+E20*F20)/(SUM(F19:F20)) -> 265.0566 | I19: =+'4'!I38 -> 71.09
B20: MG 21 | C20: 1 | D20: 92,5*2+83 | E20: =92.5*2+83 -> 268 | F20: =3+6+1+1+3 -> 14 | G20: =+E20*F20 -> 3752
A22: 45935 | B22: MG 21 | C22: 1 | D22: 92,5*2+83 | E22: =92.5*2+83 -> 268 | F22: =13+10+10+12+11+10 -> 66 | G22: =+E22*F22 -> 17688 | H22: =+G22/F22 -> 268 | I22: =+'5'!I38 -> 72.462
A24: 45936 | B24: MG 21 | C24: 1 | D24: 92,5*2+83 | E24: =92.5*2+83 -> 268 | F24: =3+3 -> 6 | G24: =+E24*F24 -> 1608 | H24: =+(E24*F24+E25*F25+E26*F26)/(SUM(F24:F26)) -> 268.38462 | I24: =+'6'!N37 -> 27.955
B25: MG 21 | C25: 1 | D25: 83*2+92,5 | E25: =83*2+92.5 -> 258.5 | F25: =2+2 -> 4 | G25: =+E25*F25 -> 1034
B26: MG 21 | C26: 1 | D26: 271*1 | E26: =271*1 -> 271 | F26: =10+3+3 -> 16 | G26: =+E26*F26 -> 4336
B27: MG 22 | C27: 1 | D27: 83*2+102 | E27: =83*2+102 -> 268 | F27: =8+6 -> 14 | G27: =+E27*F27 -> 3752 | H27: =+G27/F27 -> 268 | I27: =+'6'!N38 -> 11.079
B28: MG 16,5 | C28: 1 | D28: 61*3+42*2 | E28: =61*3+42*2 -> 267 | F28: =3+12+2+12 -> 29 | G28: =+E28*F28 -> 7743 | H28: =+G28/F28 -> 267 | I28: =+'6'!N39 -> 21.458
B29: MG 14 | C29: 1 | D29: 42*2+61*3 | E29: =42*2+61*3 -> 267 | F29: 3 | G29: =+E29*F29 -> 801 | H29: =+G29/F29 -> 267 | I29: =+'6'!N40 -> 8.896
A31: 45937 | B31: MG 14 | C31: 1 | D31: 61*3+42*2 | E31: =61*3+42*2 -> 267 | F31: =13+11+13+12+3+3 -> 55 | G31: =+E31*F31 -> 14685 | H31: =+G31/F31 -> 267 | I31: =+'7'!N37 -> 40.269
B32: MG 17 | C32: 1 | D32: 22+60*4 | E32: =22+60*4 -> 262 | F32: =4+3 -> 7 | G32: =+E32*F32 -> 1834 | H32: =+G32/F32 -> 262 | I32: =+'7'!N38 -> 7.704
B33: F 10,3 | C33: 1 | D33: 133*2 | E33: =133*2 -> 266 | F33: 0 | G33: =+E33*F33 -> 0 | H33: =+E33 -> 266 | I33: =+'7'!N40 -> 12.446
B34: F 12 | C34: 1 | D34: 133*2 | E34: =133*2 -> 266 | F34: =3+7 -> 10 | G34: =+E34*F34 -> 2660 | H34: =+G34/F34 -> 266 | I34: =+'7'!N39 -> 1.889
A36: 45938 | B36: F 12 | C36: 1 | D36: 133*2 | E36: =133*2 -> 266 | F36: 85 | G36: =+E36*F36 -> 22610 | H36: =+G36/F36 -> 266 | I36: =+'8'!I38 -> 58.955
A38: 45939 | B38: F 12 | C38: 1 | D38: 133*2 | E38: =133*2 -> 266 | F38: 32 | G38: =+E38*F38 -> 8512 | H38: =+G38/F38 -> 266 | I38: =+'9'!L37 -> 15.201
B39: F 10,3 | C39: 1 | D39: 133*2 | E39: =133*2 -> 266 | F39: =20+3 -> 23 | G39: =+E39*F39 -> 6118 | H39: =+(E39*F39+E40*F40)/(SUM(F39:F40)) -> 266 | I39: =+'9'!L38 -> 43.205
B40: F 10,3 | C40: 1 | D40: 266*1 | E40: =133*2 -> 266 | F40: =3+16 -> 19 | G40: =+E40*F40 -> 5054
A42: 45940 | B42: F 12 | C42: 1 | D42: 133*2 | E42: =133*2 -> 266 | F42: =134/2 -> 67 | G42: =+E42*F42 -> 17822 | H42: =+G42/F42 -> 266 | I42: =+'10'!N37 -> 44.433
B43: F 10,5 | C43: 1 | D43: 133*2 | E43: =133*2 -> 266 | F43: 5 | G43: =+E43*F43 -> 1330 | H43: =+G43/F43 -> 266 | I43: =+'10'!N38 -> 6.242
A45: 45941 | B45: F 10,5 | C45: 1 | D45: 133*2 | E45: =133*2 -> 266 | F45: 49 | G45: =+E45*F45 -> 13034 | H45: =+G45/F45 -> 266 | I45: =+'11'!N37 -> 30.114
B46: F 10,3 | C46: 1 | D46: 133*2 | E46: =133*2 -> 266 | F46: =26/2 -> 13 | G46: =+E46*F46 -> 3458 | H46: =+G46/F46 -> 266 | I46: =+'11'!N38 -> 10.987
B47: F 12 | C47: 1 | D47: 133*2 | E47: =133*2 -> 266 | F47: 11 | G47: =+E47*F47 -> 2926 | H47: =+G47/F47 -> 266 | I47: =+'11'!N39 -> 13.09
A49: 45942 | B49: F 12 | C49: 1 | D49: 133*2 | E49: =133*2 -> 266 | F49: 45 | G49: =+E49*F49 -> 11970 | H49: =+(E49*F49+E50*F50)/(SUM(F49:F50)) -> 266 | I49: =+'12'!I38 -> 52.38
B50: F 12 | C50: 1 | D50: 146+126 | E50: =133*2 -> 266 | F50: =4+34 -> 38 | G50: =+E50*F50 -> 10108
A52: 45943 | B52: F 12 | C52: 1 | D52: 133*2 | E52: =133*2 -> 266 | F52: 4 | G52: =+E52*F52 -> 1064 | H52: =+(E52*F52+E53*F53+E54*F54)/(SUM(F52:F54)) -> 265.27273 | I52: =+'13'!I38 -> 55.008
B53: F 12 | C53: 1 | D53: 146+126 | E53: =133*2 -> 266 | F53: =28+33+22 -> 83 | G53: =+E53*F53 -> 22078
B54: F 12 | C54: 1 | D54: 140+120 | E54: =140+120 -> 260 | F54: 12 | G54: =+E54*F54 -> 3120
A56: 45944 | B56: F 12 | C56: 1 | D56: 133*2 | E56: =133*2 -> 266 | F56: =2+1 -> 3 | G56: =+E56*F56 -> 798 | H56: =+(E56*F56+E57*F57+E58*F58)/(SUM(F56:F58)) -> 266.7619 | I56: =+'14'!I38 -> 59.032
B57: F 12 | C57: 1 | D57: 277*1 | E57: =277*1 -> 277 | F57: =2+12+10 -> 24 | G57: =+E57*F57 -> 6648
B58: F 12 | C58: 1 | D58: 140+120 | E58: =140+120 -> 260 | F58: =25+6+5 -> 36 | G58: =+E58*F58 -> 9360
A60: 45945 | B60: F 12 | C60: 1 | D60: 277*1 | E60: =277*1 -> 277 | F60: =10+1+8 -> 19 | G60: =+E60*F60 -> 5263 | H60: =+(E60*F60+E61*F61)/(SUM(F60:F61)) -> 273.46154 | I60: =+'15'!I38 -> 57.672
B61: F 12 | C61: 1 | D61: 150+122 | E61: =150+122 -> 272 | F61: =2+28+16 -> 46 | G61: =+E61*F61 -> 12512
A63: 45946 | B63: F 12 | C63: 1 | D63: 277*1 | E63: =277*1 -> 277 | F63: 3 | G63: =+E63*F63 -> 831 | H63: =+(E63*F63+E64*F64)/(SUM(F63:F64)) -> 272.21429 | I63: =+'16'!L37 -> 39.551
B64: F 12 | C64: 1 | D64: 150+122 | E64: =150+122 -> 272 | F64: =19+25+23 -> 67 | G64: =+E64*F64 -> 18224
B65: F 12,5 | C65: 1 | D65: 120+140 | E65: =120+140 -> 260 | F65: 8 | G65: =+E65*F65 -> 2080 | H65: =+G65/F65 -> 260 | I65: =+'16'!L38 -> 10.564
A67: 45947 | B67: F 12,5 | C67: 1 | D67: 120+140 | E67: =120+140 -> 260 | F67: 24 | G67: =+E67*F67 -> 6240 | H67: =+G67/F67 -> 260 | I67: =+'17'!L37 -> 6.004
B68: F 13 | C68: 1 | D68: 126+140 | E68: =126+140 -> 266 | F68: =11+37+31 -> 79 | G68: =+E68*F68 -> 21014 | H68: =+(E68*F68+E69*F69)/(SUM(F68:F69)) -> 265.57647 | I68: =+'17'!L38 -> 55.974
B69: F 13 | C69: 1 | D69: 120+140 | E69: =120+140 -> 260 | F69: 6 | G69: =+E69*F69 -> 1560
A71: 45948 | B71: F 13 | C71: 1 | D71: 126+140 | E71: =126+140 -> 266 | F71: 31 | G71: =+E71*F71 -> 8246 | H71: =+(E71*F71+E72*F72)/(SUM(F71:F72)) -> 265.02703 | I71: =+'18'!L37 -> 15.49
B72: F 13 | C72: 1 | D72: 120+140 | E72: =120+140 -> 260 | F72: =2+4 -> 6 | G72: =+E72*F72 -> 1560
B73: F 12 | C73: 1 | D73: 150+122 | E73: =150+122 -> 272 | F73: =35+29 -> 64 | G73: =+E73*F73 -> 17408 | H73: =+G73/F73 -> 272 | I73: =+'18'!L38 -> 41.07
A75: 45949 | B75: F 12 | C75: 1 | D75: 150+122 | E75: =150+122 -> 272 | F75: 101 | G75: =+E75*F75 -> 27472 | H75: =+G75/F75 -> 272 | I75: =+'19'!I38 -> 56.081
A77: 45950 | B77: F 12 | C77: 1 | D77: 150+122 | E77: =150+122 -> 272 | F77: 105 | G77: =+E77*F77 -> 28560 | H77: =+G77/F77 -> 272 | I77: =+'20'!I38 -> 57.329
A79: 45951 | B79: F 12 | C79: 1 | D79: 150+122 | E79: =150+122 -> 272 | F79: 12 | G79: =+E79*F79 -> 3264 | H79: =+(E79*F79+E80*F80)/(SUM(F79:F80)) -> 270.5 | I79: =+'21'!L37 -> 3.328
B80: F 12 | C80: 1 | D80: 133*2 | E80: =133*2 -> 266 | F80: 4 | G80: =+E80*F80 -> 1064
B81: SN 15,5 | C81: 1 | D81: 55*3+53,5*2 | E81: =55*3+53.5*2 -> 272 | F81: =35+29 -> 64 | G81: =+E81*F81 -> 17408 | H81: =+G81/F81 -> 272 | I81: =+'21'!L38 -> 38.751
A83: 45952 | B83: SN 15,5 | C83: 1 | D83: 55*3+53,5*2 | E83: =55*3+53.5*2 -> 272 | F83: 180 | G83: =+E83*F83 -> 48960 | H83: =+G83/F83 -> 272 | I83: =+'22'!I38 -> 56.07
A85: 45953 | B85: SN 15,5 | C85: 1 | D85: 55*3+53,5*2 | E85: =55*3+53.5*2 -> 272 | F85: 172 | G85: =+E85*F85 -> 46784 | H85: =+G85/F85 -> 272 | I85: =+'23'!I38 -> 55.678
A87: 45954 | B87: F 12 | C87: 1 | D87: 133*2 | E87: =133*2 -> 266 | F87: 35 | G87: =+E87*F87 -> 9310 | H87: =+G87/F87 -> 266 | I87: =+'24'!I38 -> 30.027
B88: SN 15,5 | C88: 1 | D88: 55*3+53,5*2 | E88: =55*3+53.5*2 -> 272 | F88: =48/2 -> 24 | G88: =+E88*F88 -> 6528 | H88: =+G88/F88 -> 272 | I88: Backlog
A90: 45955 | B90: F 12 | C90: 1 | D90: 133*2 | E90: =133*2 -> 266 | F90: 19 | G90: =+E90*F90 -> 5054 | H90: =+G90/F90 -> 266 | I90: =+'25'!L37 -> 12.49
B91: F 13 | C91: 1 | D91: 128,5*2+15 | E91: =128.5*2+15 -> 272 | F91: =3+19 -> 22 | G91: =+E91*F91 -> 5984 | H91: =+(E91*F91+E92*F92)/(SUM(F91:F92)) -> 273.56 | I91: =+'25'!L38 -> 13.055
B92: F 13 | C92: 1 | D92: 47,5*6 | E92: =47.5*6 -> 285 | F92: 3 | G92: =+E92*F92 -> 855
B93: F 13,5 | C93: 1 | D93: 133*2 | E93: =133*2 -> 266 | F93: =11+10 -> 21 | G93: =+E93*F93 -> 5586 | H93: =+(E93*F93+E94*F94)/(SUM(F93:F94)) -> 278.5 | I93: =+'25'!L39 -> 28.312
B94: F 13,5 | C94: 1 | D94: 74*4 | E94: =74*4 -> 296 | F94: 15 | G94: =+E94*F94 -> 4440
A96: 45956 | B96: F 12 | C96: 1 | D96: 150+122 | E96: =150+122 -> 272 | F96: =18+7 -> 25 | G96: =+E96*F96 -> 6800 | H96: =+G96/F96 -> 272 | I96: =+'26'!L37 -> 15.25
B97: F 14 | C97: 1 | D97: 128,5*2 | E97: =128.5*2 -> 257 | F97: 5 | G97: =+E97*F97 -> 1285 | H97: =+(E97*F97+E98*F98)/(SUM(F97:F98)) -> 261.66667 | I97: =+'26'!L38 -> 38.443
B98: F 13 | C98: 1 | D98: 47,5*6 | E98: =47.5*6 -> 285 | F98: 1 | G98: =+E98*F98 -> 285 | H98: =+(E98*F98+E99*F99)/(SUM(F98:F99)) -> 280.17241 | I98: Backlog
B99: F 13 | C99: 1 | D99: 140*2 | E99: =140*2 -> 280 | F99: =56/2 -> 28 | G99: =+E99*F99 -> 7840 | I99: Backlog
B100: F 13,5 | C100: 1 | D100: 74*4 | E100: =74*4 -> 296 | F100: 1 | G100: =+E100*F100 -> 296 | H100: =+(E100*F100+E101*F101)/(SUM(F100:F101)) -> 296 | I100: Backlog
A102: 45957 | B102: F 14 | C102: 1 | D102: 140+128,5 | E102: =140+128.5 -> 268.5 | F102: =25+28+40 -> 93 | G102: =+E102*F102 -> 24970.5 | H102: =+(E102*F102+E103*F103)/(SUM(F102:F103)) -> 268.5 | I102: =+'27'!I38 -> 57.25
A104: 45958 | B104: F 14 | C104: 1 | D104: 140+128,5 | E104: =140+128.5 -> 268.5 | F104: 19 | G104: =+E104*F104 -> 5101.5 | H104: =+G104/F104 -> 268.5 | I104: =+'28'!L37 -> 5.224
B105: F 13 | C105: 1 | D105: 128,5*2+15 | E105: =128.5*2+15 -> 272 | F105: =15+38+12 -> 65 | G105: =+E105*F105 -> 17680 | H105: =+(E105*F105+E106*F106)/(SUM(F105:F106)) -> 271.73529 | I105: =+'28'!L38 -> 50.242
B106: F 12 | C106: 1 | D106: 133*2 | E106: =133*2 -> 266 | F106: 3 | G106: =+E106*F106 -> 798
A108: 45959 | B108: F 13 | C108: 1 | D108: 128,5*2+15 | E108: =128.5*2+15 -> 272 | F108: =30+34+37 -> 101 | G108: =+E108*F108 -> 27472 | H108: =+(E108*F108+E109*F109)/(SUM(F108:F109)) -> 271.55963 | I108: =+'29'!I38 -> 57.948
B109: F 12 | C109: 1 | D109: 133*2 | E109: =133*2 -> 266 | F109: 8 | G109: =+E109*F109 -> 2128
A111: 45960 | B111: F 13 | C111: 1 | D111: 128,5*2+15 | E111: =128.5*2+15 -> 272 | F111: 16 | G111: =+E111*F111 -> 4352 | H111: =+G111/F111 -> 272 | I111: =+'30'!L37 -> 5.086
B112: MG 15,5 | C112: 1 | D112: 102+83*2 | E112: =102+83*2 -> 268 | F112: =5+22 -> 27 | G112: =+E112*F112 -> 7236 | H112: =+G112/F112 -> 268 | I112: =+'30'!L38 -> 27.064
B113: MG 22 | C113: 1 | D113: 111+92,5+62,5 | E113: =111+92.5+62.5 -> 266 | F113: =4+6 -> 10 | G113: =+E113*F113 -> 2660 | H113: =+(E113*F113+E114*F114)/(SUM(F113:F114)) -> 262.25 | I113: =+'30'!L39 -> 25.919
B114: MG 22 | C114: 1 | D114: 92,5+83*2 | E114: =92.5+83*2 -> 258.5 | F114: =5+1+4 -> 10 | G114: =+E114*F114 -> 2585
B115: MG 17 | C115: 1 | D115: 262*1 | E115: =262*1 -> 262 | F115: 0 | G115: =+E115*F115 -> 0 | H115: =+E115 -> 262 | I115: =+'30'!L40 -> 1.202
B116: MG 16,5 | C116: 1 | D116: 272*1 | E116: =272*1 -> 272 | F116: 0 | G116: =+E116*F116 -> 0 | H116: =+E116 -> 272 | I116: =+'30'!L41 -> 5.699
A118: 45961 | B118: MG 16,5 | C118: 1 | D118: 22+50+100*2 | E118: =22+50+100*2 -> 272 | F118: =22+22 -> 44 | G118: =+E118*F118 -> 11968 | H118: =+G118/F118 -> 272 | I118: =+'31'!L37 -> 50.611
B119: MG 14 | C119: 1 | D119: 42*5+61 | E119: =42*5+61 -> 271 | F119: 88 | G119: =+E119*F119 -> 23848 | H119: =+(E119*F119+E120*F120)/(SUM(F119:F120)) -> 268 | I119: =+'31'!L38 -> 15.35
B120: MG 14 | C120: 1 | D120: 42*2+61*3 | E120: =42*2+61*3 -> 267 | F120: 264 | G120: =+E120*F120 -> 70488
B121: MG 22 | C121: 1 | D121: 83*2+92,5 | E121: =83*2+92.5 -> 258.5 | F121: 10 | G121: =+E121*F121 -> 2585 | H121: =+G121/F121 -> 258.5 | I121: Backlog
B122: MG 17 | C122: 1 | D122: 14+76+91*2 | E122: =14+76+91*2 -> 272 | F122: =28+28 -> 56 | G122: =+E122*F122 -> 15232 | H122: =+G122/F122 -> 272 | I122: Backlog

Sheet Efficiency1
A1: PM11 Efficiency Report
A3: Date | B3: Grade | C3: Speed real (ton) with Available Time | D3: Colour | E3: gsm | F3: Ply | G3: Standard | L3: Real Running | O3: Trim Rewinder (cm) | P3: Trim Rewinder x Running Time | Q3: Available Time (mnt) | R3: Down Time (mnt) | S3: Loss Time (mnt) | T3: Real Speed & Real Creepe Ratio with Available Time (ton) | U3: Real Speed & Real Creepe Ratio setelah dipotong DT & LT (ton) | V3: Loss tonase akibat DT + LT dari hitungan Teori with available time (ton) | W3: Accepted (ton) | X3: Real Eff dr Target Eff | Y3: Backlog | Z3: Reject Rewinder (ton) | AA3: Estimasi Reject to Broke Plant (ton) | AB3: Estimasi Faktor BW (ton) | AC3: Loss Opportunity in Speed (ton) | AD3: Downtime/ Losstime | AE3: Reason of Downtime / Losstime | AF3: Loss Time | AM3: Total Losstime | AN3: Unschedule Shut Down (mnt) | AS3: Schedule Shut Down | AT3: Marketing | AV3: EXT FACTOR | AX3: EXT FACTOR | AZ3: MANAGEMENT | BA3: Total Down Time | BB3: Freq. Sheets Break (X) | BC3: Freq. Change Blade (X) | BD3: Steam, & gangguan sinergy (X) | BE3: Freq, Trip PLN (X) | BF3: Cleaning Holes (X)
AF4: Proses | AI4: Change Grade | AJ4: Mekanik | AK4: Electric & Instrument | AL4: Boiler | AN4: Down Time Produksi | AO4: Mekanik | AP4: Electrical & Instrument | AQ4: Boiler | AR4: Total Unschedule Shut Down | AV4: LOSS | AW4: DOWN TIME | AX4: LOSS | AY4: DOWN TIME
G5: Yankee Speed (mpm) | H5: Max % Creeping | I5: Target Eff | J5: Kapasitas PM-Teori (ton) | K5: Teori (ton) with Available Time | L5: Yankee Speed (mpm) | M5: Popereel Speed (mpm) | N5: % Creeping | AF5: sheet break | AG5: change blade | AH5: change spool | AT5: Loss time | AU5: Down Time | AV5: SINERGY | AW5: SINERGY | AX5: PLN | AY5: PLN
A6: =+Report1!A9 -> 45931 | B6: Facial | C6: =(M6*E6*O6*Q6)/100000000 -> 60.895697 | D6: Off White | E6: 13 | F6: 1 | G6: 1700 | H6: =+N6 -> 0.24 | I6: 0.88 | J6: =E6*G6*(1-H6)*1440/1000000*2.77 -> 66.995885 | K6: =(IF(G6<L6,L6,G6)*(1-IF(H6<N6,H6,N6))*E6*O6*Q6)/100000000 -> 62.637659 | L6: 1652.7228 | M6: 1256.0693 | N6: =1-(M6/L6) -> 0.24 | O6: =+'Trim Rwd'!H4 -> 266 | P6: =O6*(Q6-R6-S6) -> 88046 | Q6: =404+878+120 -> 1402 | R6: =878+120 -> 998 | S6: 73 | T6: =E6*M6*O6*Q6/100000000 -> 60.895697 | U6: =E6*M6*O6*(Q6-R6-S6)/100000000 -> 14.376944 | V6: =E6*G6*(1-N6)*O6/100*(R6+S6)/1000000 -> 47.849453 | W6: =+'1'!K7/1000 -> 15.437 | X6: =SUM(W6:W9)/SUM(K6:K9) -> 0.27966994 | Y6: 0 | Z6: 0 | AA6: =SUM(U6:U9)-SUM(W6:W9)-SUM(Z6:Z9)-SUM(Y6:Y9) -> -2.1123125 | AB6: =(SUM(K6:K9)-SUM(W6:W9)-SUM(Y6:Y9)-SUM(Z6:Z9)-SUM(AC6:AC9)-SUM(V6:V9))-AA6 -> -1.3306997 | AC6: =K6-T6 -> 1.7419617 | AD6: =+AM6+BA6 -> 20 | AE6: - Sheet Breaks (0x) | AF6: 20 | AM6: =SUM(AF6:AL6)+AT6+AV6+AX6 -> 20 | AR6: =SUM(AN6:AQ6) -> 0 | BA6: =+AR6+AS6+AU6+AW6+AY6+AZ6 -> 0 | BB6: 0
B7: Facial | C7: =(M7*E7*O7*Q7)/100000000 -> 1.4517433 | D7: Off White | E7: 10.3 | F7: 1 | G7: 1730 | H7: 0.16 | I7: 0.88 | J7: =E7*G7*(1-H7)*1440/1000000*2.77 -> 59.704199 | K7: =(IF(G7<L7,L7,G7)*(1-IF(H7<N7,H7,N7))*E7*O7*Q7)/100000000 -> 1.5129614 | L7: 1660 | M7: =+L7-L7*0.16 -> 1394.4 | N7: =1-(M7/L7) -> 0.16 | O7: =+'Trim Rwd'!H5 -> 266 | P7: =O7*(Q7-R7-S7) -> 10108 | Q7: 38 | R7: 0 | S7: 0 | T7: =E7*M7*O7*Q7/100000000 -> 1.4517433 | U7: =E7*M7*O7*(Q7-R7-S7)/100000000 -> 1.4517433 | V7: =E7*G7*(1-N7)*O7/100*(R7+S7)/1000000 -> 0 | W7: =+'1'!K8/1000 -> 0 | AC7: =K7-T7 -> 0.061218091 | AD7: =+AM7+BA7 -> 13 | AE7: - Change Blade (6x) | AG7: 13 | AM7: =SUM(AF7:AL7)+AT7+AV7+AX7 -> 13 | AR7: =SUM(AN7:AQ7) -> 0 | BA7: =+AR7+AS7+AU7+AW7+AY7+AZ7 -> 0 | BC7: 6
B8: Sanitary Napkin | E8: 15 | W8: =+'1'!K9/1000 -> 2.504 | AD8: =+AM8+BA8 -> 30 | AE8: - Change Spool (10x) | AH8: 30 | AM8: =SUM(AF8:AL8)+AT8+AV8+AX8 -> 30 | AR8: =SUM(AN8:AQ8) -> 0 | BA8: =+AR8+AS8+AU8+AW8+AY8+AZ8 -> 0
AD9: =+AM9+BA9 -> 10 | AE9: - Change Grade | AI9: 10 | AM9: =SUM(AF9:AL9)+AT9+AV9+AX9 -> 10 | AR9: =SUM(AN9:AQ9) -> 0 | BA9: =+AR9+AS9+AU9+AW9+AY9+AZ9 -> 0
AD10: =+AM10+BA10 -> 878 | AE10: - 07:52 pm stop perbaikan jalur pipa steam | AM10: =SUM(AF10:AL10)+AT10+AV10+AX10 -> 0 | AR10: =SUM(AN10:AQ10) -> 0 | AW10: 878 | BA10: =+AR10+AS10+AU10+AW10+AY10+AZ10 -> 878
AD11: =+AM11+BA11 -> 120 | AE11: - Awal shift PM stop Turbo vacuum trip Eid | AM11: =SUM(AF11:AL11)+AT11+AV11+AX11 -> 0 | AP11: 120 | AR11: =SUM(AN11:AQ11) -> 120 | BA11: =+AR11+AS11+AU11+AW11+AY11+AZ11 -> 120
A13: 45932 | B13: Facial | C13: =(M13*E13*O13*Q13)/100000000 -> 10.315018 | D13: Off White | E13: 10.3 | F13: 1 | G13: 1730 | H13: 0.16 | I13: 0.88 | J13: =E13*G13*(1-H13)*1440/1000000*2.77 -> 59.704199 | K13: =(IF(G13<L13,L13,G13)*(1-IF(H13<N13,H13,N13))*E13*O13*Q13)/100000000 -> 10.749989 | L13: 1660 | M13: =+L13-L13*0.16 -> 1394.4 | N13: =1-(M13/L13) -> 0.16 | O13: =+'Trim Rwd'!H8 -> 266 | P13: =O13*(Q13-R13-S13) -> 65702 | Q13: =240+30 -> 270 | R13: 0 | S13: 23 | T13: =E13*M13*O13*Q13/100000000 -> 10.315018 | U13: =E13*M13*O13*(Q13-R13-S13)/100000000 -> 9.4363315 | V13: =E13*G13*(1-N13)*O13/100*(R13+S13)/1000000 -> 0.91573979 | W13: =+'2'!K8/1000 -> 9.628 | X13: =SUM(W13:W16)/SUM(K13:K16) -> 0.75908102 | Y13: 0 | Z13: 0 | AA13: =SUM(U13:U16)-SUM(W13:W16)-SUM(Z13:Z16)-SUM(Y13:Y16) -> 12.01912 | AB13: =(SUM(K13:K16)-SUM(W13:W16)-SUM(Y13:Y16)-SUM(Z13:Z16)-SUM(AC13:AC16)-SUM(V13:V16))-AA13 -> -0.023636179 | AC13: =K13-T13 -> 0.43497065 | AD13: =+AM13+BA13 -> 30 | AE13: - Sheet Breaks (6x) | AF13: 30 | AM13: =SUM(AF13:AL13)+AT13+AV13+AX13 -> 30 | AR13: =SUM(AN13:AQ13) -> 0 | BA13: =+AR13+AS13+AU13+AW13+AY13+AZ13 -> 0 | BB13: 6
B14: MG | C14: =(M14*E14*O14*Q14)/100000000 -> 53.222409 | D14: Off White | E14: 15.5 | F14: 1 | G14: 1270 | H14: 0 | I14: 0.88 | J14: =E14*G14*(1-H14)*1440/1000000*2.77 -> 78.519528 | K14: =(IF(G14<L14,L14,G14)*(1-IF(H14<N14,H14,N14))*E14*O14*Q14)/100000000 -> 53.409342 | L14: 1270 | M14: =+L14-L14*0.0035 -> 1265.555 | N14: =1-(M14/L14) -> 0.0035 | O14: =+'Trim Rwd'!H11 -> 266 | P14: =O14*(Q14-R14-S14) -> 263340 | Q14: =210+480+330 -> 1020 | R14: 0 | S14: 30 | T14: =E14*M14*O14*Q14/100000000 -> 53.222409 | U14: =E14*M14*O14*(Q14-R14-S14)/100000000 -> 51.657044 | V14: =E14*G14*(1-N14)*O14/100*(R14+S14)/1000000 -> 1.565365 | W14: =+'2'!K9/1000 -> 0 | Z14: =+'2'!D34/1000 -> 1.55 | AC14: =K14-T14 -> 0.1869327 | AD14: =+AM14+BA14 -> 1 | AE14: - Change Blade (1x) | AG14: 1 | AM14: =SUM(AF14:AL14)+AT14+AV14+AX14 -> 1 | AR14: =SUM(AN14:AQ14) -> 0 | BA14: =+AR14+AS14+AU14+AW14+AY14+AZ14 -> 0 | BC14: 1
B15: MG | C15: =(M15*E15*O15*Q15)/100000000 -> 8.5197163 | D15: Off White | E15: 16.5 | F15: 1 | G15: 1250 | H15: 0 | I15: 0.88 | J15: =E15*G15*(1-H15)*1440/1000000*2.77 -> 82.269 | K15: =(IF(G15<L15,L15,G15)*(1-IF(H15<N15,H15,N15))*E15*O15*Q15)/100000000 -> 8.54964 | L15: 1270 | M15: =+L15-L15*0.0035 -> 1265.555 | N15: =1-(M15/L15) -> 0.0035 | O15: =+'Trim Rwd'!H12 -> 272 | P15: =O15*(Q15-R15-S15) -> 36720 | Q15: =30+120 -> 150 | R15: 0 | S15: 15 | T15: =E15*M15*O15*Q15/100000000 -> 8.5197163 | U15: =E15*M15*O15*(Q15-R15-S15)/100000000 -> 7.6677446 | V15: =E15*G15*(1-N15)*O15/100*(R15+S15)/1000000 -> 0.83855475 | W15: =+'2'!K10/1000 -> 41.311 | AC15: =K15-T15 -> 0.02992374 | AD15: =+AM15+BA15 -> 23 | AE15: - Change Spool (26x) | AH15: 23 | AM15: =SUM(AF15:AL15)+AT15+AV15+AX15 -> 23 | AR15: =SUM(AN15:AQ15) -> 0 | BA15: =+AR15+AS15+AU15+AW15+AY15+AZ15 -> 0
B16: Facial | E16: 13 | W16: =+'2'!K7/1000 -> 4.253 | AD16: =+AM16+BA16 -> 14 | AE16: - Change Grade | AI16: 14 | AM16: =SUM(AF16:AL16)+AT16+AV16+AX16 -> 14 | AR16: =SUM(AN16:AQ16) -> 0 | BA16: =+AR16+AS16+AU16+AW16+AY16+AZ16 -> 0
A18: 45933 | B18: MG | C18: =(M18*E18*O18*Q18)/100000000 -> 24.444068 | D18: Off White | E18: 16.5 | F18: 1 | G18: 1250 | H18: 0 | I18: 0.88 | J18: =E18*G18*(1-H18)*1440/1000000*2.77 -> 82.269 | K18: =(IF(G18<L18,L18,G18)*(1-IF(H18<N18,H18,N18))*E18*O18*Q18)/100000000 -> 24.529923 | L18: 1270 | M18: 1265.555 | N18: =1-(M18/L18) -> 0.0035 | O18: =+'Trim Rwd'!H15 -> 269.10345 | P18: =O18*(Q18-R18-S18) -> 113292.55 | Q18: 435 | R18: 0 | S18: 14 | T18: =E18*M18*O18*Q18/100000000 -> 24.444068 | U18: =E18*M18*O18*(Q18-R18-S18)/100000000 -> 23.657363 | V18: =E18*G18*(1-N18)*O18/100*(R18+S18)/1000000 -> 0.77431658 | W18: =+'3'!K11/1000 -> 16.069 | X18: =SUM(W18:W21)/SUM(K18:K21) -> 1.04961 | Y18: 0 | Z18: 0 | AA18: =SUM(U18:U21)-SUM(W18:W21)-SUM(Z18:Z21)-SUM(Y18:Y21) -> -6.0510004 | AB18: =(SUM(K18:K21)-SUM(W18:W21)-SUM(Y18:Y21)-SUM(Z18:Z21)-SUM(AC18:AC21)-SUM(V18:V21))-AA18 -> 0.038907126 | AC18: =K18-T18 -> 0.08585473 | AD18: =+AM18+BA18 -> 0 | AE18: - Sheet Breaks (0x) | AF18: 0 | AM18: =SUM(AF18:AL18)+AT18+AV18+AX18 -> 0 | AR18: =SUM(AN18:AQ18) -> 0 | BA18: =+AR18+AS18+AU18+AW18+AY18+AZ18 -> 0 | BB18: 0
B19: MG | C19: =(M19*E19*O19*Q19)/100000000 -> 56.077412 | D19: Off White | E19: 21 | F19: 1 | G19: 980 | H19: 0 | I19: 0.88 | J19: =E19*G19*(1-H19)*1440/1000000*2.77 -> 82.089504 | K19: =(IF(G19<L19,L19,G19)*(1-IF(H19<N19,H19,N19))*E19*O19*Q19)/100000000 -> 56.274372 | L19: 1010 | M19: 1006.465 | N19: =1-(M19/L19) -> 0.0035 | O19: =+'Trim Rwd'!H17 -> 264 | P19: =O19*(Q19-R19-S19) -> 261096 | Q19: 1005 | R19: 0 | S19: 16 | T19: =E19*M19*O19*Q19/100000000 -> 56.077412 | U19: =E19*M19*O19*(Q19-R19-S19)/100000000 -> 55.184637 | V19: =E19*G19*(1-N19)*O19/100*(R19+S19)/1000000 -> 0.86625665 | W19: =+'3'!K12/1000 -> 47.55 | Z19: =+'3'!D16/1000 -> 0.08 | AC19: =K19-T19 -> 0.1969603 | AD19: =+AM19+BA19 -> 0 | AE19: - Change Blade (0x) | AG19: 0 | AM19: =SUM(AF19:AL19)+AT19+AV19+AX19 -> 0 | AR19: =SUM(AN19:AQ19) -> 0 | BA19: =+AR19+AS19+AU19+AW19+AY19+AZ19 -> 0 | BC19: 0
B20: MG | E20: 15.5 | W20: =+'3'!K10/1000 -> 21.194 | Z20: 0 | AD20: =+AM20+BA20 -> 14 | AE20: - Change Spool (24x) | AH20: 14 | AM20: =SUM(AF20:AL20)+AT20+AV20+AX20 -> 14 | AR20: =SUM(AN20:AQ20) -> 0 | BA20: =+AR20+AS20+AU20+AW20+AY20+AZ20 -> 0
AD21: =+AM21+BA21 -> 10 | AE21: - Change Grade | AI21: 10 | AM21: =SUM(AF21:AL21)+AT21+AV21+AX21 -> 10 | AR21: =SUM(AN21:AQ21) -> 0 | BA21: =+AR21+AS21+AU21+AW21+AY21+AZ21 -> 0
AD22: =+AM22+BA22 -> 6 | AE22: - kertas sirkulasi nozzle tail buntu | AK22: 6 | AM22: =SUM(AF22:AL22)+AT22+AV22+AX22 -> 6 | AR22: =SUM(AN22:AQ22) -> 0 | BA22: =+AR22+AS22+AU22+AW22+AY22+AZ22 -> 0
A24: 45934 | B24: MG | C24: =(M24*E24*O24*Q24)/100000000 -> 73.549335 | D24: Off White | E24: 21 | F24: 1 | G24: 980 | H24: 0 | I24: 0.88 | J24: =E24*G24*(1-H24)*1440/1000000*2.77 -> 82.089504 | K24: =(IF(G24<L24,L24,G24)*(1-IF(H24<N24,H24,N24))*E24*O24*Q24)/100000000 -> 78.550055 | L24: 920.83333 | M24: 917.61042 | N24: =1-(M24/L24) -> 0.0035 | O24: =+'Trim Rwd'!H19 -> 265.0566 | P24: =O24*(Q24-R24-S24) -> 375055.09 | Q24: 1440 | R24: 0 | S24: 25 | T24: =E24*M24*O24*Q24/100000000 -> 73.549335 | U24: =E24*M24*O24*(Q24-R24-S24)/100000000 -> 72.272437 | V24: =E24*G24*(1-N24)*O24/100*(R24+S24)/1000000 -> 1.3589432 | W24: =+'4'!K34/1000 -> 60.373 | X24: =SUM(W24:W27)/SUM(K24:K27) -> 0.76859272 | Y24: 0 | Z24: =+'4'!D34/1000 -> 10.263 | AA24: =SUM(U24:U27)-SUM(W24:W27)-SUM(Z24:Z27)-SUM(Y24:Y27) -> 1.6364369 | AB24: =(SUM(K24:K27)-SUM(W24:W27)-SUM(Y24:Y27)-SUM(Z24:Z27)-SUM(AC24:AC27)-SUM(V24:V27))-AA24 -> -0.082045041 | AC24: =K24-T24 -> 5.0007196 | AD24: =+AM24+BA24 -> 0 | AE24: - Sheet Breaks (0x) | AF24: 0 | AM24: =SUM(AF24:AL24)+AT24+AV24+AX24 -> 0 | AR24: =SUM(AN24:AQ24) -> 0 | BA24: =+AR24+AS24+AU24+AW24+AY24+AZ24 -> 0 | BB24: 0
AD25: =+AM25+BA25 -> 0 | AE25: - Change Blade (0x) | AG25: 0 | AM25: =SUM(AF25:AL25)+AT25+AV25+AX25 -> 0 | AR25: =SUM(AN25:AQ25) -> 0 | BA25: =+AR25+AS25+AU25+AW25+AY25+AZ25 -> 0 | BC25: 0
AD26: =+AM26+BA26 -> 19 | AE26: - Change Spool (21x) | AH26: 19 | AM26: =SUM(AF26:AL26)+AT26+AV26+AX26 -> 19 | AR26: =SUM(AN26:AQ26) -> 0 | BA26: =+AR26+AS26+AU26+AW26+AY26+AZ26 -> 0
AD27: =+AM27+BA27 -> 6 | AE27: - Sirkulasi utm nozel tail cutter buntu | AK27: 6 | AM27: =SUM(AF27:AL27)+AT27+AV27+AX27 -> 6 | AR27: =SUM(AN27:AQ27) -> 0 | BA27: =+AR27+AS27+AU27+AW27+AY27+AZ27 -> 0
A29: 45935 | B29: MG | C29: =(M29*E29*O29*Q29)/100000000 -> 73.255641 | D29: Off White | E29: 21 | F29: 1 | G29: 980 | H29: 0 | I29: 0.88 | J29: =E29*G29*(1-H29)*1440/1000000*2.77 -> 82.089504 | K29: =(IF(G29<L29,L29,G29)*(1-IF(H29<N29,H29,N29))*E29*O29*Q29)/100000000 -> 79.422336 | L29: 907.08333 | M29: 903.90854 | N29: =1-(M29/L29) -> 0.0035 | O29: =+'Trim Rwd'!H22 -> 268 | P29: =O29*(Q29-R29-S29) -> 381364 | Q29: 1440 | R29: 0 | S29: 17 | T29: =E29*M29*O29*Q29/100000000 -> 73.255641 | U29: =E29*M29*O29*(Q29-R29-S29)/100000000 -> 72.390817 | V29: =E29*G29*(1-N29)*O29/100*(R29+S29)/1000000 -> 0.93434311 | W29: =+'5'!K34/1000 -> 70.711 | X29: =SUM(W29:W32)/SUM(K29:K32) -> 0.8903163 | Y29: 0 | Z29: =+'5'!D34/1000 -> 2.76 | AA29: =SUM(U29:U32)-SUM(W29:W32)-SUM(Z29:Z32)-SUM(Y29:Y32) -> -1.0801828 | AB29: =(SUM(K29:K32)-SUM(W29:W32)-SUM(Y29:Y32)-SUM(Z29:Z32)-SUM(AC29:AC32)-SUM(V29:V32))-AA29 -> -0.069519577 | AC29: =K29-T29 -> 6.1666953 | AD29: =+AM29+BA29 -> 0 | AE29: - Sheet Breaks (0x) | AF29: 0 | AM29: =SUM(AF29:AL29)+AT29+AV29+AX29 -> 0 | AR29: =SUM(AN29:AQ29) -> 0 | BA29: =+AR29+AS29+AU29+AW29+AY29+AZ29 -> 0 | BB29: 0
AD30: =+AM30+BA30 -> 0 | AE30: - Change Blade (0x) | AG30: 0 | AM30: =SUM(AF30:AL30)+AT30+AV30+AX30 -> 0 | AR30: =SUM(AN30:AQ30) -> 0 | BA30: =+AR30+AS30+AU30+AW30+AY30+AZ30 -> 0 | BC30: 0
AD31: =+AM31+BA31 -> 17 | AE31: - Change Spool (24x) | AH31: 17 | AM31: =SUM(AF31:AL31)+AT31+AV31+AX31 -> 17 | AR31: =SUM(AN31:AQ31) -> 0 | BA31: =+AR31+AS31+AU31+AW31+AY31+AZ31 -> 0
A33: 45936 | B33: MG | C33: =(M33*E33*O33*Q33)/100000000 -> 26.537257 | D33: Off White | E33: 21 | F33: 1 | G33: 980 | H33: 0 | I33: 0.88 | J33: =E33*G33*(1-H33)*1440/1000000*2.77 -> 82.089504 | K33: =(IF(G33<L33,L33,G33)*(1-IF(H33<N33,H33,N33))*E33*O33*Q33)/100000000 -> 28.997616 | L33: 900 | M33: =+L33-L33*0.0035 -> 896.85 | N33: =1-(M33/L33) -> 0.0035 | O33: =+'Trim Rwd'!H24 -> 268.38462 | P33: =O33*(Q33-R33-S33) -> 134192.31 | Q33: 525 | R33: 0 | S33: 25 | T33: =E33*M33*O33*Q33/100000000 -> 26.537257 | U33: =E33*M33*O33*(Q33-R33-S33)/100000000 -> 25.273578 | V33: =E33*G33*(1-N33)*O33/100*(R33+S33)/1000000 -> 1.3760059 | W33: =+'6'!K12/1000 -> 27.527 | X33: =SUM(W33:W36)/SUM(K33:K36) -> 0.82304459 | Y33: 0 | Z33: =+'6'!D7/1000 -> 1.975 | AA33: =SUM(U33:U36)-SUM(W33:W36)-SUM(Z33:Z36)-SUM(Y33:Y36) -> 1.9428203 | AB33: =(SUM(K33:K36)-SUM(W33:W36)-SUM(Y33:Y36)-SUM(Z33:Z36)-SUM(AC33:AC36)-SUM(V33:V36))-AA33 -> -0.23657572 | AC33: =K33-T33 -> 2.4603589 | AD33: =+AM33+BA33 -> 25 | AE33: - Sheet Breaks (5x) | AF33: 25 | AM33: =SUM(AF33:AL33)+AT33+AV33+AX33 -> 25 | AR33: =SUM(AN33:AQ33) -> 0 | BA33: =+AR33+AS33+AU33+AW33+AY33+AZ33 -> 0 | BB33: 5
B34: MG | C34: =(M34*E34*O34*Q34)/100000000 -> 11.62147 | D34: Off White | E34: 22 | F34: 1 | G34: 935 | H34: 0 | I34: 0.88 | J34: =E34*G34*(1-H34)*1440/1000000*2.77 -> 82.049616 | K34: =(IF(G34<L34,L34,G34)*(1-IF(H34<N34,H34,N34))*E34*O34*Q34)/100000000 -> 11.852434 | L34: 920 | M34: =+L34-L34*0.0035 -> 916.78 | N34: =1-(M34/L34) -> 0.0035 | O34: =+'Trim Rwd'!H27 -> 268 | P34: =O34*(Q34-R34-S34) -> 53600 | Q34: 215 | R34: 0 | S34: 15 | T34: =E34*M34*O34*Q34/100000000 -> 11.62147 | U34: =E34*M34*O34*(Q34-R34-S34)/100000000 -> 10.81067 | V34: =E34*G34*(1-N34)*O34/100*(R34+S34)/1000000 -> 0.8240198 | W34: =+'6'!K13/1000 -> 10.13 | Z34: =+'6'!D17/1000 -> 1.056 | AC34: =K34-T34 -> 0.23096401 | AD34: =+AM34+BA34 -> 0 | AE34: - Change Blade (0x) | AG34: 0 | AM34: =SUM(AF34:AL34)+AT34+AV34+AX34 -> 0 | AR34: =SUM(AN34:AQ34) -> 0 | BA34: =+AR34+AS34+AU34+AW34+AY34+AZ34 -> 0 | BC34: 0
B35: MG | C35: =(M35*E35*O35*Q35)/100000000 -> 23.374985 | D35: Off White | E35: 16.5 | F35: 1 | G35: 1210 | H35: 0 | I35: 0.88 | J35: =E35*G35*(1-H35)*1440/1000000*2.77 -> 79.636392 | K35: =(IF(G35<L35,L35,G35)*(1-IF(H35<N35,H35,N35))*E35*O35*Q35)/100000000 -> 24.680933 | L35: 1150 | M35: =+L35-L35*0.0035 -> 1145.975 | N35: =1-(M35/L35) -> 0.0035 | O35: =+'Trim Rwd'!H28 -> 267 | P35: =O35*(Q35-R35-S35) -> 119616 | Q35: =243+220 -> 463 | R35: 0 | S35: 15 | T35: =E35*M35*O35*Q35/100000000 -> 23.374985 | U35: =E35*M35*O35*(Q35-R35-S35)/100000000 -> 22.617696 | V35: =E35*G35*(1-N35)*O35/100*(R35+S35)/1000000 -> 0.79679966 | W35: =+'6'!K11/1000 -> 21.566 | AC35: =K35-T35 -> 1.3059477 | AD35: =+AM35+BA35 -> 31 | AE35: - Change Spool (26x) | AH35: 31 | AM35: =SUM(AF35:AL35)+AT35+AV35+AX35 -> 31 | AR35: =SUM(AN35:AQ35) -> 0 | BA35: =+AR35+AS35+AU35+AW35+AY35+AZ35 -> 0
B36: MG | C36: =(M36*E36*O36*Q36)/100000000 -> 10.152261 | D36: Off White | E36: 14 | F36: 1 | G36: 1270 | H36: 0 | I36: 0.88 | J36: =E36*G36*(1-H36)*1440/1000000*2.77 -> 70.920864 | K36: =(IF(G36<L36,L36,G36)*(1-IF(H36<N36,H36,N36))*E36*O36*Q36)/100000000 -> 11.251006 | L36: 1150 | M36: =+L36-L36*0.0035 -> 1145.975 | N36: =1-(M36/L36) -> 0.0035 | O36: =+'Trim Rwd'!H29 -> 267 | P36: =O36*(Q36-R36-S36) -> 59007 | Q36: 237 | R36: 0 | S36: 16 | T36: =E36*M36*O36*Q36/100000000 -> 10.152261 | U36: =E36*M36*O36*(Q36-R36-S36)/100000000 -> 9.4668766 | V36: =E36*G36*(1-N36)*O36/100*(R36+S36)/1000000 -> 0.75690313 | W36: =+'6'!K15/1000 -> 3.972 | AC36: =K36-T36 -> 1.0987449 | AD36: =+AM36+BA36 -> 15 | AE36: - Change Grade | AI36: 15 | AM36: =SUM(AF36:AL36)+AT36+AV36+AX36 -> 15 | AR36: =SUM(AN36:AQ36) -> 0 | BA36: =+AR36+AS36+AU36+AW36+AY36+AZ36 -> 0
A38: 45937 | B38: MG | C38: =(M38*E38*O38*Q38)/100000000 -> 37.69616 | D38: High White | E38: 14 | F38: 1 | G38: 1270 | H38: 0 | I38: 0.88 | J38: =E38*G38*(1-H38)*1440/1000000*2.77 -> 70.920864 | K38: =(IF(G38<L38,L38,G38)*(1-IF(H38<N38,H38,N38))*E38*O38*Q38)/100000000 -> 41.775888 | L38: 1150 | M38: =+L38-L38*0.0035 -> 1145.975 | N38: =1-(M38/L38) -> 0.0035 | O38: =+'Trim Rwd'!H31 -> 267 | P38: =O38*(Q38-R38-S38) -> 226950 | Q38: =480+400 -> 880 | R38: 0 | S38: 30 | T38: =E38*M38*O38*Q38/100000000 -> 37.69616 | U38: =E38*M38*O38*(Q38-R38-S38)/100000000 -> 36.411064 | V38: =E38*G38*(1-N38)*O38/100*(R38+S38)/1000000 -> 1.4191934 | W38: =+'7'!K15/1000 -> 43.146 | X38: =SUM(W38:W41)/SUM(K38:K41) -> 0.85142903 | Y38: 0 | Z38: 0 | AA38: =SUM(U38:U41)-SUM(W38:W41)-SUM(Z38:Z41)-SUM(Y38:Y41) -> 2.0523733 | AB38: =(SUM(K38:K41)-SUM(W38:W41)-SUM(Y38:Y41)-SUM(Z38:Z41)-SUM(AC38:AC41)-SUM(V38:V41))-AA38 -> -0.16543028 | AC38: =K38-T38 -> 4.079728 | AD38: =+AM38+BA38 -> 20 | AE38: - Sheet Breaks (4x) | AF38: 20 | AM38: =SUM(AF38:AL38)+AT38+AV38+AX38 -> 20 | AR38: =SUM(AN38:AQ38) -> 0 | BA38: =+AR38+AS38+AU38+AW38+AY38+AZ38 -> 0 | BB38: 4
B39: MG | C39: =(M39*E39*O39*Q39)/100000000 -> 7.9598463 | D39: High White | E39: 17 | F39: 1 | G39: 1210 | H39: 0 | I39: 0.88 | J39: =E39*G39*(1-H39)*1440/1000000*2.77 -> 82.049616 | K39: =(IF(G39<L39,L39,G39)*(1-IF(H39<N39,H39,N39))*E39*O39*Q39)/100000000 -> 7.9878036 | L39: 1220 | M39: =+L39-L39*0.0035 -> 1215.73 | N39: =1-(M39/L39) -> 0.0035 | O39: =+'Trim Rwd'!H32 -> 262 | P39: =O39*(Q39-R39-S39) -> 35894 | Q39: =80+67 -> 147 | R39: 0 | S39: 10 | T39: =E39*M39*O39*Q39/100000000 -> 7.9598463 | U39: =E39*M39*O39*(Q39-R39-S39)/100000000 -> 7.4183601 | V39: =E39*G39*(1-N39)*O39/100*(R39+S39)/1000000 -> 0.53704773 | W39: =+'7'!K14/1000 -> 7.375 | Z39: =+'7'!D26/1000 -> 0.34 | AC39: =K39-T39 -> 0.027957313 | AD39: =+AM39+BA39 -> 10 | AE39: - Change Blade (5x) | AG39: 10 | AM39: =SUM(AF39:AL39)+AT39+AV39+AX39 -> 10 | AR39: =SUM(AN39:AQ39) -> 0 | BA39: =+AR39+AS39+AU39+AW39+AY39+AZ39 -> 0 | BC39: 5
B40: Facial | C40: =(M40*E40*O40*Q40)/100000000 -> 2.6560717 | D40: Off White | E40: 10.3 | F40: 1 | G40: 1730 | H40: 0.2 | I40: 0.88 | J40: =E40*G40*(1-H40)*1440/1000000*2.77 -> 56.861142 | K40: =(IF(G40<L40,L40,G40)*(1-IF(H40<N40,H40,N40))*E40*O40*Q40)/100000000 -> 2.7680747 | L40: 1660 | M40: =+L40-L40*0.2 -> 1328 | N40: =1-(M40/L40) -> 0.2 | O40: =+'Trim Rwd'!H33 -> 266 | P40: =O40*(Q40-R40-S40) -> 16758 | Q40: 73 | R40: 0 | S40: 10 | T40: =E40*M40*O40*Q40/100000000 -> 2.6560717 | U40: =E40*M40*O40*(Q40-R40-S40)/100000000 -> 2.2922263 | V40: =E40*G40*(1-N40)*O40/100*(R40+S40)/1000000 -> 0.37918832 | W40: =+'7'!K8/1000 -> 0 | AC40: =K40-T40 -> 0.11200302 | AD40: =+AM40+BA40 -> 30 | AE40: - Change Spool (26x) | AH40: 30 | AM40: =SUM(AF40:AL40)+AT40+AV40+AX40 -> 30 | AR40: =SUM(AN40:AQ40) -> 0 | BA40: =+AR40+AS40+AU40+AW40+AY40+AZ40 -> 0
B41: Facial | C41: =(M41*E41*O41*Q41)/100000000 -> 14.412518 | D41: Off White | E41: 12 | F41: 1 | G41: 1700 | H41: 0.2 | I41: 0.88 | J41: =E41*G41*(1-H41)*1440/1000000*2.77 -> 65.097216 | K41: =(IF(G41<L41,L41,G41)*(1-IF(H41<N41,H41,N41))*E41*O41*Q41)/100000000 -> 14.759808 | L41: 1660 | M41: =+L41-L41*0.2 -> 1328 | N41: =1-(M41/L41) -> 0.2 | O41: =+'Trim Rwd'!H34 -> 266 | P41: =O41*(Q41-R41-S41) -> 85120 | Q41: 340 | R41: 0 | S41: 20 | T41: =E41*M41*O41*Q41/100000000 -> 14.412518 | U41: =E41*M41*O41*(Q41-R41-S41)/100000000 -> 13.564723 | V41: =E41*G41*(1-N41)*O41/100*(R41+S41)/1000000 -> 0.868224 | W41: =+'7'!K16/1000 -> 6.773 | AC41: =K41-T41 -> 0.3472896 | AD41: =+AM41+BA41 -> 10 | AE41: - Change Grade | AI41: 10 | AM41: =SUM(AF41:AL41)+AT41+AV41+AX41 -> 10 | AR41: =SUM(AN41:AQ41) -> 0 | BA41: =+AR41+AS41+AU41+AW41+AY41+AZ41 -> 0
A43: 45938 | B43: Facial | C43: =(M43*E43*O43*Q43)/100000000 -> 61.776691 | D43: Off White | E43: 12 | F43: 1 | G43: 1700 | H43: 0.2 | I43: 0.88 | J43: =E43*G43*(1-H43)*1440/1000000*2.77 -> 65.097216 | K43: =(IF(G43<L43,L43,G43)*(1-IF(H43<N43,H43,N43))*E43*O43*Q43)/100000000 -> 62.512128 | L43: 1680 | M43: 1344 | N43: =1-(M43/L43) -> 0.2 | O43: =+'Trim Rwd'!H36 -> 266 | P43: =O43*(Q43-R43-S43) -> 366548 | Q43: 1440 | R43: 0 | S43: 62 | T43: =E43*M43*O43*Q43/100000000 -> 61.776691 | U43: =E43*M43*O43*(Q43-R43-S43)/100000000 -> 59.116861 | V43: =E43*G43*(1-N43)*O43/100*(R43+S43)/1000000 -> 2.6914944 | W43: =+'8'!K34/1000 -> 61.23 | X43: =SUM(W43:W46)/SUM(K43:K46) -> 0.97948993 | Y43: 0 | Z43: =+'8'!D34/1000 -> 0.387 | AA43: =SUM(U43:U46)-SUM(W43:W46)-SUM(Z43:Z46)-SUM(Y43:Y46) -> -2.5001386 | AB43: =(SUM(K43:K46)-SUM(W43:W46)-SUM(Y43:Y46)-SUM(Z43:Z46)-SUM(AC43:AC46)-SUM(V43:V46))-AA43 -> -0.03166464 | AC43: =K43-T43 -> 0.7354368 | AD43: =+AM43+BA43 -> 20 | AE43: - Sheet Breaks (4x) | AF43: 20 | AM43: =SUM(AF43:AL43)+AT43+AV43+AX43 -> 20 | AR43: =SUM(AN43:AQ43) -> 0 | BA43: =+AR43+AS43+AU43+AW43+AY43+AZ43 -> 0 | BB43: 4
AD44: =+AM44+BA44 -> 12 | AE44: - Change Blade (11x) | AG44: 12 | AM44: =SUM(AF44:AL44)+AT44+AV44+AX44 -> 12 | AR44: =SUM(AN44:AQ44) -> 0 | BA44: =+AR44+AS44+AU44+AW44+AY44+AZ44 -> 0 | BC44: 11
AD45: =+AM45+BA45 -> 30 | AE45: - Change Spool (26x) | AH45: 30 | AM45: =SUM(AF45:AL45)+AT45+AV45+AX45 -> 30 | AR45: =SUM(AN45:AQ45) -> 0 | BA45: =+AR45+AS45+AU45+AW45+AY45+AZ45 -> 0
A47: 45939 | B47: Facial | C47: =(M47*E47*O47*Q47)/100000000 -> 24.145437 | D47: Off White | E47: 12 | F47: 1 | G47: 1700 | H47: 0.2 | I47: 0.88 | J47: =E47*G47*(1-H47)*1440/1000000*2.77 -> 65.097216 | K47: =(IF(G47<L47,L47,G47)*(1-IF(H47<N47,H47,N47))*E47*O47*Q47)/100000000 -> 24.874618 | L47: 1689.1798 | M47: 1320.1326 | N47: =1-(M47/L47) -> 0.21847712 | O47: =+'Trim Rwd'!H38 -> 266 | P47: =O47*(Q47-R47-S47) -> 147098 | Q47: 573 | R47: 0 | S47: 20 | T47: =E47*M47*O47*Q47/100000000 -> 24.145437 | U47: =E47*M47*O47*(Q47-R47-S47)/100000000 -> 23.302664 | V47: =E47*G47*(1-N47)*O47/100*(R47+S47)/1000000 -> 0.84817116 | W47: =+'9'!K16/1000 -> 23.15 | X47: =SUM(W47:W50)/SUM(K47:K50) -> 0.94994402 | Y47: 0 | Z47: =+'9'!D34/1000 -> 0.392 | AA47: =SUM(U47:U50)-SUM(W47:W50)-SUM(Z47:Z50)-SUM(Y47:Y50) -> -0.98166552 | AB47: =(SUM(K47:K50)-SUM(W47:W50)-SUM(Y47:Y50)-SUM(Z47:Z50)-SUM(AC47:AC50)-SUM(V47:V50))-AA47 -> -0.0053984818 | AC47: =K47-T47 -> 0.72918048 | AD47: =+AM47+BA47 -> 20 | AE47: - Sheet Breaks (4x) | AF47: 20 | AM47: =SUM(AF47:AL47)+AT47+AV47+AX47 -> 20 | AR47: =SUM(AN47:AQ47) -> 0 | BA47: =+AR47+AS47+AU47+AW47+AY47+AZ47 -> 0 | BB47: 4
B48: Facial | C48: =(M48*E48*O48*Q48)/100000000 -> 34.519409 | D48: Off White | E48: 10.3 | F48: 1 | G48: 1730 | H48: 0.16 | I48: 0.88 | J48: =E48*G48*(1-H48)*1440/1000000*2.77 -> 59.704199 | K48: =(IF(G48<L48,L48,G48)*(1-IF(H48<N48,H48,N48))*E48*O48*Q48)/100000000 -> 34.519409 | L48: 1730 | M48: =+L48-L48*0.16 -> 1453.2 | N48: =1-(M48/L48) -> 0.16 | O48: =+'Trim Rwd'!H39 -> 266 | P48: =O48*(Q48-R48-S48) -> 217322 | Q48: 867 | R48: 0 | S48: 50 | T48: =E48*M48*O48*Q48/100000000 -> 34.519409 | U48: =E48*M48*O48*(Q48-R48-S48)/100000000 -> 32.52867 | V48: =E48*G48*(1-N48)*O48/100*(R48+S48)/1000000 -> 1.9907387 | W48: =+'9'!K8/1000 -> 33.271 | AC48: =K48-T48 -> 0 | AD48: =+AM48+BA48 -> 16 | AE48: - Change Blade (15x) | AG48: 16 | AM48: =SUM(AF48:AL48)+AT48+AV48+AX48 -> 16 | AR48: =SUM(AN48:AQ48) -> 0 | BA48: =+AR48+AS48+AU48+AW48+AY48+AZ48 -> 0 | BC48: 15
AD49: =+AM49+BA49 -> 26 | AE49: - Change Spool (28x) | AH49: 26 | AM49: =SUM(AF49:AL49)+AT49+AV49+AX49 -> 26 | AR49: =SUM(AN49:AQ49) -> 0 | BA49: =+AR49+AS49+AU49+AW49+AY49+AZ49 -> 0
AD50: =+AM50+BA50 -> 8 | AE50: - Change Grade | AI50: 8 | AM50: =SUM(AF50:AL50)+AT50+AV50+AX50 -> 8 | AR50: =SUM(AN50:AQ50) -> 0 | BA50: =+AR50+AS50+AU50+AW50+AY50+AZ50 -> 0
A52: 45940 | B52: Facial | C52: =(M52*E52*O52*Q52)/100000000 -> 48.528104 | D52: Off White | E52: 12 | F52: 1 | G52: 1700 | H52: 0.2 | I52: 0.88 | J52: =E52*G52*(1-H52)*1440/1000000*2.77 -> 65.097216 | K52: =(IF(G52<L52,L52,G52)*(1-IF(H52<N52,H52,N52))*E52*O52*Q52)/100000000 -> 51.442272 | L52: 1688.1013 | M52: 1282.957 | N52: =1-(M52/L52) -> 0.24 | O52: =+'Trim Rwd'!H42 -> 266 | P52: =O52*(Q52-R52-S52) -> 296590 | Q52: 1185 | R52: 0 | S52: 70 | T52: =E52*M52*O52*Q52/100000000 -> 48.528104 | U52: =E52*M52*O52*(Q52-R52-S52)/100000000 -> 45.661465 | V52: =E52*G52*(1-N52)*O52/100*(R52+S52)/1000000 -> 2.8868448 | W52: =+'10'!K16/1000 -> 45.845 | X52: =SUM(W52:W55)/SUM(K52:K55) -> 0.80516097 | Y52: 0 | Z52: =+'10'!D34/1000 -> 0.689 | AA52: =SUM(U52:U55)-SUM(W52:W55)-SUM(Z52:Z55)-SUM(Y52:Y55) -> 3.8285065 | AB52: =(SUM(K52:K55)-SUM(W52:W55)-SUM(Y52:Y55)-SUM(Z52:Z55)-SUM(AC52:AC55)-SUM(V52:V55))-AA52 -> -0.073880433 | AC52: =K52-T52 -> 2.9141683 | AD52: =+AM52+BA52 -> 55 | AE52: - Sheet Breaks (11x) | AF52: 55 | AM52: =SUM(AF52:AL52)+AT52+AV52+AX52 -> 55 | AR52: =SUM(AN52:AQ52) -> 0 | BA52: =+AR52+AS52+AU52+AW52+AY52+AZ52 -> 0 | BB52: 11
B53: Facial | C53: =(M53*E53*O53*Q53)/100000000 -> 8.9364828 | D53: Off White | E53: 10.5 | F53: 1 | G53: 1730 | H53: 0.24 | I53: 0.88 | J53: =E53*G53*(1-H53)*1440/1000000*2.77 -> 55.06698 | K53: =(IF(G53<L53,L53,G53)*(1-IF(H53<N53,H53,N53))*E53*O53*Q53)/100000000 -> 9.3642028 | L53: 1650.9804 | M53: 1254.7451 | N53: =1-(M53/L53) -> 0.24 | O53: =+'Trim Rwd'!H43 -> 266 | P53: =O53*(Q53-R53-S53) -> 59318 | Q53: 255 | R53: 0 | S53: 32 | T53: =E53*M53*O53*Q53/100000000 -> 8.9364828 | U53: =E53*M53*O53*(Q53-R53-S53)/100000000 -> 7.8150418 | V53: =E53*G53*(1-N53)*O53/100*(R53+S53)/1000000 -> 1.1751156 | W53: =+'10'!K17/1000 -> 3.114 | AC53: =K53-T53 -> 0.42772002 | AD53: =+AM53+BA53 -> 16 | AE53: - Change Blade (12x) | AG53: 16 | AM53: =SUM(AF53:AL53)+AT53+AV53+AX53 -> 16 | AR53: =SUM(AN53:AQ53) -> 0 | BA53: =+AR53+AS53+AU53+AW53+AY53+AZ53 -> 0 | BC53: 12
AD54: =+AM54+BA54 -> 31 | AE54: - Change Spool (30x) | AH54: 31 | AM54: =SUM(AF54:AL54)+AT54+AV54+AX54 -> 31 | AR54: =SUM(AN54:AQ54) -> 0 | BA54: =+AR54+AS54+AU54+AW54+AY54+AZ54 -> 0
A56: 45941 | B56: Facial | C56: =(M56*E56*O56*Q56)/100000000 -> 29.751483 | D56: Off White | E56: 10.5 | F56: 1 | G56: 1730 | H56: 0.24 | I56: 0.88 | J56: =E56*G56*(1-H56)*1440/1000000*2.77 -> 55.06698 | K56: =(IF(G56<L56,L56,G56)*(1-IF(H56<N56,H56,N56))*E56*O56*Q56)/100000000 -> 30.846786 | L56: 1668.5714 | M56: 1268.1143 | N56: =1-(M56/L56) -> 0.24 | O56: =+'Trim Rwd'!H45 -> 266 | P56: =O56*(Q56-R56-S56) -> 212534 | Q56: 840 | R56: 0 | S56: =15+26 -> 41 | T56: =E56*M56*O56*Q56/100000000 -> 29.751483 | U56: =E56*M56*O56*(Q56-R56-S56)/100000000 -> 28.299327 | V56: =E56*G56*(1-N56)*O56/100*(R56+S56)/1000000 -> 1.5056169 | W56: =+'11'!K17/1000 -> 32.397 | X56: =SUM(W56:W59)/SUM(K56:K59) -> 0.89387042 | Y56: 0 | Z56: 0 | AA56: =SUM(U56:U59)-SUM(W56:W59)-SUM(Z56:Z59)-SUM(Y56:Y59) -> 1.7197777 | AB56: =(SUM(K56:K59)-SUM(W56:W59)-SUM(Y56:Y59)-SUM(Z56:Z59)-SUM(AC56:AC59)-SUM(V56:V59))-AA56 -> 0.066210698 | AC56: =K56-T56 -> 1.0953029 | AD56: =+AM56+BA56 -> 15 | AE56: - Sheet Breaks (3x) | AF56: 15 | AM56: =SUM(AF56:AL56)+AT56+AV56+AX56 -> 15 | AR56: =SUM(AN56:AQ56) -> 0 | BA56: =+AR56+AS56+AU56+AW56+AY56+AZ56 -> 0 | BB56: 3
B57: Facial | C57: =(M57*E57*O57*Q57)/100000000 -> 11.392088 | D57: Off White | E57: 10.3 | F57: 1 | G57: 1730 | H57: 0.16 | I57: 0.88 | J57: =E57*G57*(1-H57)*1440/1000000*2.77 -> 59.704199 | K57: =(IF(G57<L57,L57,G57)*(1-IF(H57<N57,H57,N57))*E57*O57*Q57)/100000000 -> 11.944432 | L57: 1650 | M57: =+L57-L57*0.16 -> 1386 | N57: =1-(M57/L57) -> 0.16 | O57: =+'Trim Rwd'!H46 -> 266 | P57: =O57*(Q57-R57-S57) -> 75544 | Q57: 300 | R57: 0 | S57: 16 | T57: =E57*M57*O57*Q57/100000000 -> 11.392088 | U57: =E57*M57*O57*(Q57-R57-S57)/100000000 -> 10.78451 | V57: =E57*G57*(1-N57)*O57/100*(R57+S57)/1000000 -> 0.63703638 | W57: =+'11'!K8/1000 -> 10.47 | AC57: =K57-T57 -> 0.55234368 | AD57: =+AM57+BA57 -> 16 | AE57: - Change Blade (17x) | AG57: 16 | AM57: =SUM(AF57:AL57)+AT57+AV57+AX57 -> 16 | AR57: =SUM(AN57:AQ57) -> 0 | BA57: =+AR57+AS57+AU57+AW57+AY57+AZ57 -> 0 | BC57: 17
B58: Facial | C58: =(M58*E58*O58*Q58)/100000000 -> 12.870144 | D58: Off White | E58: 12 | F58: 1 | G58: 1700 | H58: 0.2 | I58: 0.88 | J58: =E58*G58*(1-H58)*1440/1000000*2.77 -> 65.097216 | K58: =(IF(G58<L58,L58,G58)*(1-IF(H58<N58,H58,N58))*E58*O58*Q58)/100000000 -> 13.02336 | L58: 1680 | M58: =+L58-L58*0.2 -> 1344 | N58: =1-(M58/L58) -> 0.2 | O58: =+'Trim Rwd'!H47 -> 266 | P58: =O58*(Q58-R58-S58) -> 77672 | Q58: 300 | R58: 0 | S58: 8 | T58: =E58*M58*O58*Q58/100000000 -> 12.870144 | U58: =E58*M58*O58*(Q58-R58-S58)/100000000 -> 12.52694 | V58: =E58*G58*(1-N58)*O58/100*(R58+S58)/1000000 -> 0.3472896 | W58: =+'11'!K16/1000 -> 7.024 | AD58: =+AM58+BA58 -> 26 | AE58: - Change Spool (30x) | AH58: 26 | AM58: =SUM(AF58:AL58)+AT58+AV58+AX58 -> 26 | AR58: =SUM(AN58:AQ58) -> 0 | BA58: =+AR58+AS58+AU58+AW58+AY58+AZ58 -> 0
AD59: =+AM59+BA59 -> 8 | AE59: - Change Grade | AI59: 8 | AM59: =SUM(AF59:AL59)+AT59+AV59+AX59 -> 8 | AR59: =SUM(AN59:AQ59) -> 0 | BA59: =+AR59+AS59+AU59+AW59+AY59+AZ59 -> 0
A61: 45942 | B61: Facial | C61: =(M61*E61*O61*Q61)/100000000 -> 59.764582 | D61: Off White | E61: 12 | F61: 1 | G61: 1700 | H61: =+N61 -> 0.22113066 | I61: 0.88 | J61: =E61*G61*(1-H61)*1440/1000000*2.77 -> 63.377782 | K61: =(IF(G61<L61,L61,G61)*(1-IF(H61<N61,H61,N61))*E61*O61*Q61)/100000000 -> 60.860975 | L61: 1669.375 | M61: 1300.225 | N61: =1-(M61/L61) -> 0.22113066 | O61: =+'Trim Rwd'!H49 -> 266 | P61: =O61*(Q61-R61-S61) -> 351918 | Q61: 1440 | R61: 0 | S61: 117 | T61: =E61*M61*O61*Q61/100000000 -> 59.764582 | U61: =E61*M61*O61*(Q61-R61-S61)/100000000 -> 54.90871 | V61: =E61*G61*(1-N61)*O61/100*(R61+S61)/1000000 -> 4.9449542 | W61: =+'12'!K34/1000 -> 48.903 | X61: =SUM(W61:W64)/SUM(K61:K64) -> 0.80351983 | Y61: 0 | Z61: =+'12'!D34/1000 -> 0.89 | AA61: =SUM(U61:U64)-SUM(W61:W64)-SUM(Z61:Z64)-SUM(Y61:Y64) -> 5.1157098 | AB61: =(SUM(K61:K64)-SUM(W61:W64)-SUM(Y61:Y64)-SUM(Z61:Z64)-SUM(AC61:AC64)-SUM(V61:V64))-AA61 -> -0.089081895 | AC61: =K61-T61 -> 1.0963926 | AD61: =+AM61+BA61 -> 65 | AE61: - Sheet Breaks (13x) | AF61: 65 | AM61: =SUM(AF61:AL61)+AT61+AV61+AX61 -> 65 | AR61: =SUM(AN61:AQ61) -> 0 | BA61: =+AR61+AS61+AU61+AW61+AY61+AZ61 -> 0 | BB61: 13
AD62: =+AM62+BA62 -> 22 | AE62: - Change Blade (16x) | AG62: 22 | AM62: =SUM(AF62:AL62)+AT62+AV62+AX62 -> 22 | AR62: =SUM(AN62:AQ62) -> 0 | BA62: =+AR62+AS62+AU62+AW62+AY62+AZ62 -> 0 | BC62: 16
AD63: =+AM63+BA63 -> 30 | AE63: - Change Spool (29x) | AH63: 30 | AM63: =SUM(AF63:AL63)+AT63+AV63+AX63 -> 30 | AR63: =SUM(AN63:AQ63) -> 0 | BA63: =+AR63+AS63+AU63+AW63+AY63+AZ63 -> 0
A65: 45943 | B65: Facial | C65: =(M65*E65*O65*Q65)/100000000 -> 58.062895 | D65: Off White | E65: 12 | F65: 1 | G65: 1700 | H65: 0.24 | I65: 0.88 | J65: =E65*G65*(1-H65)*1440/1000000*2.77 -> 61.842355 | K65: =(IF(G65<L65,L65,G65)*(1-IF(H65<N65,H65,N65))*E65*O65*Q65)/100000000 -> 59.224152 | L65: 1666.6667 | M65: 1266.6667 | N65: =1-(M65/L65) -> 0.24 | O65: =+'Trim Rwd'!H52 -> 265.27273 | P65: =O65*(Q65-R65-S65) -> 352812.73 | Q65: 1440 | R65: 0 | S65: 110 | T65: =E65*M65*O65*Q65/100000000 -> 58.062895 | U65: =E65*M65*O65*(Q65-R65-S65)/100000000 -> 53.627535 | V65: =E65*G65*(1-N65)*O65/100*(R65+S65)/1000000 -> 4.5240672 | W65: =+'13'!K34/1000 -> 55.071 | X65: =SUM(W65:W68)/SUM(K65:K68) -> 0.92987401 | Y65: 0 | Z65: 0 | AA65: =SUM(U65:U68)-SUM(W65:W68)-SUM(Z65:Z68)-SUM(Y65:Y68) -> -1.4434655 | AB65: =(SUM(K65:K68)-SUM(W65:W68)-SUM(Y65:Y68)-SUM(Z65:Z68)-SUM(AC65:AC68)-SUM(V65:V68))-AA65 -> -0.0887072 | AC65: =K65-T65 -> 1.1612579 | AD65: =+AM65+BA65 -> 65 | AE65: - Sheet Breaks (13x) | AF65: 65 | AM65: =SUM(AF65:AL65)+AT65+AV65+AX65 -> 65 | AR65: =SUM(AN65:AQ65) -> 0 | BA65: =+AR65+AS65+AU65+AW65+AY65+AZ65 -> 0 | BB65: 13
AD66: =+AM66+BA66 -> 15 | AE66: - Change Blade (11x) | AG66: 15 | AM66: =SUM(AF66:AL66)+AT66+AV66+AX66 -> 15 | AR66: =SUM(AN66:AQ66) -> 0 | BA66: =+AR66+AS66+AU66+AW66+AY66+AZ66 -> 0 | BC66: 11
