Workbook

Sheet Report1
A3: PAPER MACHINE 17 DAILY REPORT 1
A6: Date | B6: Grade | C6: GSM | D6: Speed yankee (mpm) | E6: Speed reel (mpm) | F6: Creep ( % ) | G6: Real Eff PM ( % ) | H6: Real Eff PM vs Target (%) | I6: Real Eff FG vs Real Eff PM (%) | J6: Eff FG vs Target (%) | L6: Kapasitas Target (ton) | N6: Kapasitas Teori Real (ton) | P6: PM PROD Timbangan (TON) | R6: FINSHED GOODS (TON) | T6: GAS HOOD | Z6: STEAM (TON) | AF6: STEAM DEINKING (TON) | AL6: POWER (kWh) | AR6: POWER DEINKING (kWh) | AX6: POWER WPL (kWh) | BD6: TOTALIZER | BE6: Kapasitas Running (ton) | BG6: Eff FG vs Target Running(%)
T7: CONSUMPTION | V7: /TON PM. | X7: /TON FG. | Z7: CONSUMPTION | AB7: /TON PM. | AD7: /TON FG. | AF7: CONSUMPTION | AH7: /TON PM. | AJ7: /TON FG. | AL7: CONSUMPTION | AN7: /TON PM | AP7: /TON FG | AR7: CONSUMPTION | AT7: /TON PM | AV7: /TON FG | AX7: CONSUMPTION | AZ7: /TON PM | BB7: /TON FG
J8: TODAY | K8: TODATE | L8: TODAY | M8: TODATE | N8: TODAY | O8: TODATE | P8: TODAY | Q8: TODATE | R8: TODAY | S8: TODATE | T8: TODAY | U8: TODATE | V8: TODAY | W8: TODATE | X8: TODAY | Y8: TODATE | Z8: TODAY | AA8: TODATE | AB8: TODAY | AC8: TODATE | AD8: TODAY | AE8: TODATE | AF8: TODAY | AG8: TODATE | AH8: TODAY | AI8: TODATE | AJ8: TODAY | AK8: TODATE | AL8: TODAY | AM8: TODATE | AN8: TODAY | AO8: TODATE | AP8: TODAY | AQ8: TODATE | AR8: TODAY | AS8: TODATE | AT8: TODAY | AU8: TODATE | AV8: TODAY | AW8: TODATE | AX8: TODAY | AY8: TODATE | AZ8: TODAY | BA8: TODATE | BB8: TODAY | BC8: TODATE | BE8: TODAY | BF8: TODATE | BG8: TODAY | BH8: TODATE
A9: 45839 | B9: Facial | C9: 12/11,5 | D9: =+'1'!F42 -> 1186.6174 | E9: =+'1'!G42 -> 909.38253 | F9: =1-(E9/D9) -> 0.23363457 | G9: =+P9/N9 -> 0.62843847 | H9: =+P9/L9 -> 0.56947097 | I9: =+R9/P9 -> 0.76499523 | J9: =+R9/L9 -> 0.43564258 | K9: =+S9/M9 -> 0.43564258 | L9: =+SUM(Efficiency1!K6:K7) -> 46.051513 | M9: =L9 -> 46.051513 | N9: =+SUM(Efficiency1!C6:C7) -> 41.730418 | O9: =N9 -> 41.730418 | P9: ='1'!I38 -> 26.225 | Q9: =P9 -> 26.225 | R9: ='1'!I40 -> 20.062 | S9: =R9 -> 20.062 | T9: =+[1]Report1!AZ9 -> 2660.3262 | U9: =T9 -> 2660.3262 | V9: =T9/P9 -> 101.44237 | W9: =U9/Q9 -> 101.44237 | X9: =IF(AND(R9>0,T9>0),(T9/(R9*1000))*1000,0) -> 132.60524 | Y9: =IF(AND(S9>0,U9>0),U9/S9,0) -> 132.60524 | Z9: 63.4 | AA9: =Z9 -> 63.4 | AB9: 63.4 | AC9: =AA9/(Q9) -> 2.4175405 | AD9: =IF(AND(R9>0,Z9>0),Z9/(R9),0) -> 3.1602034 | AE9: =IF(AND(S9>0,AA9>0),AA9/(S9),0) -> 3.1602034 | AF9: 0 | AG9: =AF9 -> 0 | AH9: =AF9/(P9) -> 0 | AI9: =AG9/(Q9) -> 0 | AJ9: =IF(AND(R9>0,AF9>0),AF9/(R9),0) -> 0 | AK9: =IF(AND(S9>0,AG9>0),AG9/(S9),0) -> 0 | AL9: ='1'!I46 -> 30771.765 | AM9: =AL9 -> 30771.765 | AN9: =IF(AND(L9>0,AL9>0),(AL9/(P9*1000)*1000),0) -> 1173.3752 | AO9: =IF(AND(M9>0,AM9>0),(AM9/(Q9*1000)*1000),0) -> 1173.3752 | AP9: =IF(AND(R9>0,AL9>0),(AL9/(R9*1000)*1000),0) -> 1533.8334 | AQ9: =IF(AND(S9>0,AM9>0),(AM9/(S9*1000)*1000),0) -> 1533.8334 | AR9: =+Listrik!AA8 -> 0 | AS9: =AR9 -> 0 | AT9: =IF(AND(L9>0,AR9>0),(AR9/(P9*1000)*1000),0) -> 0 | AU9: =IF(AND(M9>0,AS9>0),(AS9/(Q9*1000)*1000),0) -> 0 | AV9: =IF(AND(R9>0,AR9>0),(AR9/(R9*1000)*1000),0) -> 0 | AW9: =IF(AND(S9>0,AS9>0),(AS9/(S9*1000)*1000),0) -> 0 | AX9: =+Listrik!AD8 -> 0 | AY9: =AX9 -> 0 | AZ9: =IF(AND(L9>0,AX9>0),(AX9/(P9*1000)*1000),0) -> 0 | BA9: =IF(AND(M9>0,AY9>0),(AY9/(Q9*1000)*1000),0) -> 0 | BB9: =IF(AND(R9>0,AX9>0),(AX9/(R9*1000)*1000),0) -> 0 | BC9: =IF(AND(S9>0,AY9>0),(AY9/(S9*1000)*1000),0) -> 0 | BE9: =+SUM(Efficiency2!K6:K7) -> 41.074387 | BF9: =BE9 -> 41.074387 | BG9: =+R9/BE9 -> 0.4884309 | BH9: =+S9/BF9 -> 0.4884309
A10: =A9+1 -> 45840 | B10: Facial | C10: 11,5 | D10: =+'2'!F42 -> 1272.5532 | E10: =+'2'!G42 -> 979.86596 | F10: =1-(E10/D10) -> 0.23 | G10: =+P10/N10 -> 0.80509878 | H10: =+P10/L10 -> 0.75891187 | I10: =+R10/P10 -> 1.0217537 | J10: =+R10/L10 -> 0.77542102 | K10: =+S10/M10 -> 0.60392217 | L10: =+Efficiency1!K12 -> 45.187065 | M10: =M9+L10 -> 91.238578 | N10: =+Efficiency1!C12 -> 42.594773 | O10: =O9+N10 -> 84.325191 | P10: ='2'!I38 -> 34.293 | Q10: =Q9+P10 -> 60.518 | R10: ='2'!I40 -> 35.039 | S10: =S9+R10 -> 55.101 | T10: =+[1]Report1!AZ10 -> 2510.792 | U10: =T10+U9 -> 5171.1182 | V10: =T10/P10 -> 73.215874 | W10: =U10/Q10 -> 85.447606 | X10: =IF(AND(R10>0,T10>0),(T10/(R10*1000))*1000,0) -> 71.657067 | Y10: =IF(AND(S10>0,U10>0),U10/S10,0) -> 93.847992 | Z10: 70.5 | AA10: =Z10+AA9 -> 133.9 | AB10: 70.5 | AC10: =AA10/(Q10) -> 2.2125649 | AD10: =IF(AND(R10>0,Z10>0),Z10/(R10),0) -> 2.0120437 | AE10: =IF(AND(S10>0,AA10>0),AA10/(S10),0) -> 2.4300829 | AF10: 0 | AG10: =+AF10+AG9 -> 0 | AH10: =AF10/(P10) -> 0 | AI10: =AG10/(Q10) -> 0 | AJ10: =IF(AND(R10>0,AF10>0),AF10/(R10),0) -> 0 | AK10: =IF(AND(S10>0,AG10>0),AG10/(S10),0) -> 0 | AL10: ='2'!I46 -> 34783.925 | AM10: =AL10+AM9 -> 65555.69 | AN10: =IF(AND(L10>0,AL10>0),(AL10/(P10*1000)*1000),0) -> 1014.3156 | AO10: =IF(AND(M10>0,AM10>0),(AM10/(Q10*1000)*1000),0) -> 1083.2428 | AP10: =IF(AND(R10>0,AL10>0),(AL10/(R10*1000)*1000),0) -> 992.72025 | AQ10: =IF(AND(S10>0,AM10>0),(AM10/(S10*1000)*1000),0) -> 1189.7368 | AR10: =+Listrik!AA9 -> 0 | AS10: =AR10+AS9 -> 0 | AT10: =IF(AND(L10>0,AR10>0),(AR10/(P10*1000)*1000),0) -> 0 | AU10: =IF(AND(M10>0,AS10>0),(AS10/(Q10*1000)*1000),0) -> 0 | AV10: =IF(AND(R10>0,AR10>0),(AR10/(R10*1000)*1000),0) -> 0 | AW10: =IF(AND(S10>0,AS10>0),(AS10/(S10*1000)*1000),0) -> 0 | AX10: =+Listrik!AD9 -> 0 | AY10: =AX10+AY9 -> 0 | AZ10: =IF(AND(L10>0,AX10>0),(AX10/(P10*1000)*1000),0) -> 0 | BA10: =IF(AND(M10>0,AY10>0),(AY10/(Q10*1000)*1000),0) -> 0 | BB10: =IF(AND(R10>0,AX10>0),(AX10/(R10*1000)*1000),0) -> 0 | BC10: =IF(AND(S10>0,AY10>0),(AY10/(S10*1000)*1000),0) -> 0 | BE10: =+Efficiency2!K12 -> 43.053231 | BF10: =BF9+BE10 -> 84.127619 | BG10: =+R10/BE10 -> 0.81385296 | BH10: =+S10/BF10 -> 0.65496921
A11: =A10+1 -> 45841 | B11: Facial | C11: 11,5 | D11: =+'3'!F42 -> 1349.7872 | E11: =+'3'!G42 -> 1039.3362 | F11: =1-(E11/D11) -> 0.23 | G11: =+P11/N11 -> 0.90571163 | H11: =+P11/L11 -> 0.90556888 | I11: =+R11/P11 -> 0.93927175 | J11: =+R11/L11 -> 0.85057527 | K11: =+S11/M11 -> 0.6856189 | L11: =+Efficiency1!K19 -> 45.187065 | M11: =M10+L11 -> 136.42564 | N11: =+Efficiency1!C19 -> 45.179943 | O11: =O10+N11 -> 129.50513 | P11: ='3'!I38 -> 40.92 | Q11: =Q10+P11 -> 101.438 | R11: ='3'!I40 -> 38.435 | S11: =S10+R11 -> 93.536 | T11: =+[1]Report1!AZ11 -> 3197.2643 | U11: =T11+U10 -> 8368.3826 | V11: =T11/P11 -> 78.134515 | W11: =U11/Q11 -> 82.497511 | X11: =IF(AND(R11>0,T11>0),(T11/(R11*1000))*1000,0) -> 83.186272 | Y11: =IF(AND(S11>0,U11>0),U11/S11,0) -> 89.466971 | Z11: 85.7 | AA11: =Z11+AA10 -> 219.6 | AB11: 85.7 | AC11: =AA11/(Q11) -> 2.1648692 | AD11: =IF(AND(R11>0,Z11>0),Z11/(R11),0) -> 2.2297385 | AE11: =IF(AND(S11>0,AA11>0),AA11/(S11),0) -> 2.3477592 | AF11: 0 | AG11: =+AF11+AG10 -> 0 | AH11: =AF11/(P11) -> 0 | AI11: =AG11/(Q11) -> 0 | AJ11: =IF(AND(R11>0,AF11>0),AF11/(R11),0) -> 0 | AK11: =IF(AND(S11>0,AG11>0),AG11/(S11),0) -> 0 | AL11: ='3'!I46 -> 40238.42 | AM11: =AL11+AM10 -> 105794.11 | AN11: =IF(AND(L11>0,AL11>0),(AL11/(P11*1000)*1000),0) -> 983.3436 | AO11: =IF(AND(M11>0,AM11>0),(AM11/(Q11*1000)*1000),0) -> 1042.9436 | AP11: =IF(AND(R11>0,AL11>0),(AL11/(R11*1000)*1000),0) -> 1046.9213 | AQ11: =IF(AND(S11>0,AM11>0),(AM11/(S11*1000)*1000),0) -> 1131.0523 | AR11: =+Listrik!AA10 -> 0 | AS11: =AR11+AS10 -> 0 | AT11: =IF(AND(L11>0,AR11>0),(AR11/(P11*1000)*1000),0) -> 0 | AU11: =IF(AND(M11>0,AS11>0),(AS11/(Q11*1000)*1000),0) -> 0 | AV11: =IF(AND(R11>0,AR11>0),(AR11/(R11*1000)*1000),0) -> 0 | AW11: =IF(AND(S11>0,AS11>0),(AS11/(S11*1000)*1000),0) -> 0 | AX11: =+Listrik!AD10 -> 0 | AY11: =AX11+AY10 -> 0 | AZ11: =IF(AND(L11>0,AX11>0),(AX11/(P11*1000)*1000),0) -> 0 | BA11: =IF(AND(M11>0,AY11>0),(AY11/(Q11*1000)*1000),0) -> 0 | BB11: =IF(AND(R11>0,AX11>0),(AX11/(R11*1000)*1000),0) -> 0 | BC11: =IF(AND(S11>0,AY11>0),(AY11/(S11*1000)*1000),0) -> 0 | BE11: =+Efficiency2!K19 -> 44.245668 | BF11: =BF10+BE11 -> 128.37329 | BG11: =+R11/BE11 -> 0.86867262 | BH11: =+S11/BF11 -> 0.72862511
A12: =A11+1 -> 45842 | B12: Facial | C12: 11,5 | D12: =+'4'!F42 -> 1289.8681 | E12: =+'4'!G42 -> 993.1984 | F12: =1-(E12/D12) -> 0.23 | G12: =+P12/N12 -> 0.97645975 | H12: =+P12/L12 -> 0.9329661 | I12: =+R12/P12 -> 0.99888515 | J12: =+R12/L12 -> 0.93192598 | K12: =+S12/M12 -> 0.74690258 | L12: =+Efficiency1!K25 -> 45.187065 | M12: =M11+L12 -> 181.61271 | N12: =+Efficiency1!C25 -> 43.174335 | O12: =O11+N12 -> 172.67947 | P12: ='4'!I38 -> 42.158 | Q12: =Q11+P12 -> 143.596 | R12: ='4'!I40 -> 42.111 | S12: =S11+R12 -> 135.647 | T12: =+[1]Report1!AZ12 -> 3571.9445 | U12: =T12+U11 -> 11940.327 | V12: =T12/P12 -> 84.72756 | W12: =U12/Q12 -> 83.152226 | X12: =IF(AND(R12>0,T12>0),(T12/(R12*1000))*1000,0) -> 84.822124 | Y12: =IF(AND(S12>0,U12>0),U12/S12,0) -> 88.024999 | Z12: 84.3 | AA12: =Z12+AA11 -> 303.9 | AB12: 84.3 | AC12: =AA12/(Q12) -> 2.1163542 | AD12: =IF(AND(R12>0,Z12>0),Z12/(R12),0) -> 2.0018522 | AE12: =IF(AND(S12>0,AA12>0),AA12/(S12),0) -> 2.2403739 | AF12: 0 | AG12: =+AF12+AG11 -> 0 | AH12: =AF12/(P12) -> 0 | AI12: =AG12/(Q12) -> 0 | AJ12: =IF(AND(R12>0,AF12>0),AF12/(R12),0) -> 0 | AK12: =IF(AND(S12>0,AG12>0),AG12/(S12),0) -> 0 | AL12: ='4'!I46 -> 42853.175 | AM12: =AL12+AM11 -> 148647.28 | AN12: =IF(AND(L12>0,AL12>0),(AL12/(P12*1000)*1000),0) -> 1016.4898 | AO12: =IF(AND(M12>0,AM12>0),(AM12/(Q12*1000)*1000),0) -> 1035.1771 | AP12: =IF(AND(R12>0,AL12>0),(AL12/(R12*1000)*1000),0) -> 1017.6243 | AQ12: =IF(AND(S12>0,AM12>0),(AM12/(S12*1000)*1000),0) -> 1095.8391 | AR12: =+Listrik!AA11 -> 0 | AS12: =AR12+AS11 -> 0 | AT12: =IF(AND(L12>0,AR12>0),(AR12/(P12*1000)*1000),0) -> 0 | AU12: =IF(AND(M12>0,AS12>0),(AS12/(Q12*1000)*1000),0) -> 0 | AV12: =IF(AND(R12>0,AR12>0),(AR12/(R12*1000)*1000),0) -> 0 | AW12: =IF(AND(S12>0,AS12>0),(AS12/(S12*1000)*1000),0) -> 0 | AX12: =+Listrik!AD11 -> 0 | AY12: =AX12+AY11 -> 0 | AZ12: =IF(AND(L12>0,AX12>0),(AX12/(P12*1000)*1000),0) -> 0 | BA12: =IF(AND(M12>0,AY12>0),(AY12/(Q12*1000)*1000),0) -> 0 | BB12: =IF(AND(R12>0,AX12>0),(AX12/(R12*1000)*1000),0) -> 0 | BC12: =IF(AND(S12>0,AY12>0),(AY12/(S12*1000)*1000),0) -> 0 | BE12: =+Efficiency2!K25 -> 45.187065 | BF12: =BF11+BE12 -> 173.56035 | BG12: =+R12/BE12 -> 0.93192598 | BH12: =+S12/BF12 -> 0.78155523
A13: =A12+1 -> 45843 | B13: Facial | C13: 11,5/12/13 | D13: =+'5'!F42 -> 1350 | E13: =+'5'!G42 -> 1039.5 | F13: =1-(E13/D13) -> 0.23 | G13: =+P13/N13 -> 0.92406922 | H13: =+P13/L13 -> 0.92406922 | I13: =+R13/P13 -> 0.94943757 | J13: =+R13/L13 -> 0.87734603 | K13: =+S13/M13 -> 0.77408761 | L13: =+SUM(Efficiency1!K30:K32) -> 47.813518 | M13: =M12+L13 -> 229.42623 | N13: =+SUM(Efficiency1!C30:C32) -> 47.813518 | O13: =O12+N13 -> 220.49299 | P13: ='5'!I38 -> 44.183 | Q13: =Q12+P13 -> 187.779 | R13: ='5'!I40 -> 41.949 | S13: =S12+R13 -> 177.596 | T13: =+[1]Report1!AZ13 -> 3510.7815 | U13: =T13+U12 -> 15451.109 | V13: =T13/P13 -> 79.460008 | W13: =U13/Q13 -> 82.283475 | X13: =IF(AND(R13>0,T13>0),(T13/(R13*1000))*1000,0) -> 83.691662 | Y13: =IF(AND(S13>0,U13>0),U13/S13,0) -> 87.001445 | Z13: 87.1 | AA13: =Z13+AA12 -> 391 | AB13: 87.1 | AC13: =AA13/(Q13) -> 2.082235 | AD13: =IF(AND(R13>0,Z13>0),Z13/(R13),0) -> 2.0763308 | AE13: =IF(AND(S13>0,AA13>0),AA13/(S13),0) -> 2.2016262 | AF13: 0 | AG13: =+AF13+AG12 -> 0 | AH13: =AF13/(P13) -> 0 | AI13: =AG13/(Q13) -> 0 | AJ13: =IF(AND(R13>0,AF13>0),AF13/(R13),0) -> 0 | AK13: =IF(AND(S13>0,AG13>0),AG13/(S13),0) -> 0 | AL13: ='5'!I46 -> 42146.73 | AM13: =AL13+AM12 -> 190794.01 | AN13: =IF(AND(L13>0,AL13>0),(AL13/(P13*1000)*1000),0) -> 953.91282 | AO13: =IF(AND(M13>0,AM13>0),(AM13/(Q13*1000)*1000),0) -> 1016.0562 | AP13: =IF(AND(R13>0,AL13>0),(AL13/(R13*1000)*1000),0) -> 1004.7136 | AQ13: =IF(AND(S13>0,AM13>0),(AM13/(S13*1000)*1000),0) -> 1074.3148 | AR13: =+Listrik!AA12 -> 0 | AS13: =AR13+AS12 -> 0 | AT13: =IF(AND(L13>0,AR13>0),(AR13/(P13*1000)*1000),0) -> 0 | AU13: =IF(AND(M13>0,AS13>0),(AS13/(Q13*1000)*1000),0) -> 0 | AV13: =IF(AND(R13>0,AR13>0),(AR13/(R13*1000)*1000),0) -> 0 | AW13: =IF(AND(S13>0,AS13>0),(AS13/(S13*1000)*1000),0) -> 0 | AX13: =+Listrik!AD12 -> 0 | AY13: =AX13+AY12 -> 0 | AZ13: =IF(AND(L13>0,AX13>0),(AX13/(P13*1000)*1000),0) -> 0 | BA13: =IF(AND(M13>0,AY13>0),(AY13/(Q13*1000)*1000),0) -> 0 | BB13: =IF(AND(R13>0,AX13>0),(AX13/(R13*1000)*1000),0) -> 0 | BC13: =IF(AND(S13>0,AY13>0),(AY13/(S13*1000)*1000),0) -> 0 | BE13: =+SUM(Efficiency2!K30:K32) -> 47.813518 | BF13: =BF12+BE13 -> 221.37387 | BG13: =+R13/BE13 -> 0.87734603 | BH13: =+S13/BF13 -> 0.80224464
A14: =A13+1 -> 45844 | B14: Facial/Toilet | C14: 13/13 | D14: =+'6'!F42 -> 1316.6667 | E14: =+'6'!G42 -> 1075.7292 | F14: =1-(E14/D14) -> 0.18299051 | G14: =+P14/N14 -> 0.92193897 | H14: =+P14/L14 -> 0.92193897 | I14: =+R14/P14 -> 0.958168 | J14: =+R14/L14 -> 0.88337241 | K14: =+S14/M14 -> 0.7942603 | L14: =+SUM(Efficiency1!K35:K36) -> 51.936193 | M14: =M13+L14 -> 281.36242 | N14: =+SUM(Efficiency1!C35:C36) -> 51.936193 | O14: =O13+N14 -> 272.42918 | P14: ='6'!I38 -> 47.882 | Q14: =Q13+P14 -> 235.661 | R14: ='6'!I40 -> 45.879 | S14: =S13+R14 -> 223.475 | T14: =+[1]Report1!AZ14 -> 3665.4814 | U14: =T14+U13 -> 19116.59 | V14: =T14/P14 -> 76.552387 | W14: =U14/Q14 -> 81.119023 | X14: =IF(AND(R14>0,T14>0),(T14/(R14*1000))*1000,0) -> 79.894536 | Y14: =IF(AND(S14>0,U14>0),U14/S14,0) -> 85.54241 | Z14: 95.3 | AA14: =Z14+AA13 -> 486.3 | AB14: 95.3 | AC14: =AA14/(Q14) -> 2.0635574 | AD14: =IF(AND(R14>0,Z14>0),Z14/(R14),0) -> 2.0772031 | AE14: =IF(AND(S14>0,AA14>0),AA14/(S14),0) -> 2.1760823 | AF14: 0 | AG14: =+AF14+AG13 -> 0 | AH14: =AF14/(P14) -> 0 | AI14: =AG14/(Q14) -> 0 | AJ14: =IF(AND(R14>0,AF14>0),AF14/(R14),0) -> 0 | AK14: =IF(AND(S14>0,AG14>0),AG14/(S14),0) -> 0 | AL14: ='6'!I46 -> 38551.815 | AM14: =AL14+AM13 -> 229345.83 | AN14: =IF(AND(L14>0,AL14>0),(AL14/(P14*1000)*1000),0) -> 805.14212 | AO14: =IF(AND(M14>0,AM14>0),(AM14/(Q14*1000)*1000),0) -> 973.20231 | AP14: =IF(AND(R14>0,AL14>0),(AL14/(R14*1000)*1000),0) -> 840.29327 | AQ14: =IF(AND(S14>0,AM14>0),(AM14/(S14*1000)*1000),0) -> 1026.2706 | AR14: =+Listrik!AA13 -> 0 | AS14: =AR14+AS13 -> 0 | AT14: =IF(AND(L14>0,AR14>0),(AR14/(P14*1000)*1000),0) -> 0 | AU14: =IF(AND(M14>0,AS14>0),(AS14/(Q14*1000)*1000),0) -> 0 | AV14: =IF(AND(R14>0,AR14>0),(AR14/(R14*1000)*1000),0) -> 0 | AW14: =IF(AND(S14>0,AS14>0),(AS14/(S14*1000)*1000),0) -> 0 | AX14: =+Listrik!AD13 -> 0 | AY14: =AX14+AY13 -> 0 | AZ14: =IF(AND(L14>0,AX14>0),(AX14/(P14*1000)*1000),0) -> 0 | BA14: =IF(AND(M14>0,AY14>0),(AY14/(Q14*1000)*1000),0) -> 0 | BB14: =IF(AND(R14>0,AX14>0),(AX14/(R14*1000)*1000),0) -> 0 | BC14: =IF(AND(S14>0,AY14>0),(AY14/(S14*1000)*1000),0) -> 0 | BE14: =+SUM(Efficiency2!K35:K36) -> 51.936193 | BF14: =BF13+BE14 -> 273.31006 | BG14: =+R14/BE14 -> 0.88337241 | BH14: =+S14/BF14 -> 0.81766108
A15: =A14+1 -> 45845 | B15: Toilet | C15: 13 | D15: =+'7'!F42 -> 1300 | E15: =+'7'!G42 -> 1066 | F15: =1-(E15/D15) -> 0.18 | G15: =+P15/N15 -> 1.0044128 | H15: =+P15/L15 -> 0.99674553 | I15: =+R15/P15 -> 0.93844153 | J15: =+R15/L15 -> 0.9353874 | K15: =+S15/M15 -> 0.81615983 | L15: =+Efficiency1!K39 -> 51.680192 | M15: =M14+L15 -> 333.04261 | N15: =+Efficiency1!C39 -> 51.285686 | O15: =O14+N15 -> 323.71487 | P15: ='7'!I38 -> 51.512 | Q15: =Q14+P15 -> 287.173 | R15: ='7'!I40 -> 48.341 | S15: =S14+R15 -> 271.816 | T15: =+[1]Report1!AZ15 -> 3795.892 | U15: =T15+U14 -> 22912.482 | V15: =T15/P15 -> 73.68947 | W15: =U15/Q15 -> 79.786338 | X15: =IF(AND(R15>0,T15>0),(T15/(R15*1000))*1000,0) -> 78.523241 | Y15: =IF(AND(S15>0,U15>0),U15/S15,0) -> 84.294089 | Z15: 95.8 | AA15: =Z15+AA14 -> 582.1 | AB15: 95.8 | AC15: =AA15/(Q15) -> 2.0270011 | AD15: =IF(AND(R15>0,Z15>0),Z15/(R15),0) -> 1.9817546 | AE15: =IF(AND(S15>0,AA15>0),AA15/(S15),0) -> 2.1415222 | AF15: 0 | AG15: =+AF15+AG14 -> 0 | AH15: =AF15/(P15) -> 0 | AI15: =AG15/(Q15) -> 0 | AJ15: =IF(AND(R15>0,AF15>0),AF15/(R15),0) -> 0 | AK15: =IF(AND(S15>0,AG15>0),AG15/(S15),0) -> 0 | AL15: ='7'!I46 -> 39058.43 | AM15: =AL15+AM14 -> 268404.26 | AN15: =IF(AND(L15>0,AL15>0),(AL15/(P15*1000)*1000),0) -> 758.23944 | AO15: =IF(AND(M15>0,AM15>0),(AM15/(Q15*1000)*1000),0) -> 934.64309 | AP15: =IF(AND(R15>0,AL15>0),(AL15/(R15*1000)*1000),0) -> 807.97729 | AQ15: =IF(AND(S15>0,AM15>0),(AM15/(S15*1000)*1000),0) -> 987.44835 | AR15: =+Listrik!AA14 -> 0 | AS15: =AR15+AS14 -> 0 | AT15: =IF(AND(L15>0,AR15>0),(AR15/(P15*1000)*1000),0) -> 0 | AU15: =IF(AND(M15>0,AS15>0),(AS15/(Q15*1000)*1000),0) -> 0 | AV15: =IF(AND(R15>0,AR15>0),(AR15/(R15*1000)*1000),0) -> 0 | AW15: =IF(AND(S15>0,AS15>0),(AS15/(S15*1000)*1000),0) -> 0 | AX15: =+Listrik!AD14 -> 0 | AY15: =AX15+AY14 -> 0 | AZ15: =IF(AND(L15>0,AX15>0),(AX15/(P15*1000)*1000),0) -> 0 | BA15: =IF(AND(M15>0,AY15>0),(AY15/(Q15*1000)*1000),0) -> 0 | BB15: =IF(AND(R15>0,AX15>0),(AX15/(R15*1000)*1000),0) -> 0 | BC15: =IF(AND(S15>0,AY15>0),(AY15/(S15*1000)*1000),0) -> 0 | BE15: =+Efficiency2!K39 -> 51.680192 | BF15: =BF14+BE15 -> 324.99025 | BG15: =+R15/BE15 -> 0.9353874 | BH15: =+S15/BF15 -> 0.83638201
A16: =A15+1 -> 45846 | B16: Toilet/Facial | C16: 13/13 | D16: =+'8'!F42 -> 1328.4722 | E16: =+'8'!G42 -> 1050.9097 | F16: =1-(E16/D16) -> 0.20893361 | G16: =+P16/N16 -> 0.95060567 | H16: =+P16/L16 -> 0.94747916 | I16: =+R16/P16 -> 1.0361113 | J16: =+R16/L16 -> 0.9816939 | K16: =+S16/M16 -> 0.83838285 | L16: =+SUM(Efficiency1!K43:K45) -> 51.644407 | M16: =M15+L16 -> 384.68702 | N16: =+SUM(Efficiency1!C43:C45) -> 51.474551 | O16: =O15+N16 -> 375.18942 | P16: ='8'!I38 -> 48.932 | Q16: =Q15+P16 -> 336.105 | R16: ='8'!I40 -> 50.699 | S16: =S15+R16 -> 322.515 | T16: =+[1]Report1!AZ16 -> 3734.6586 | U16: =T16+U15 -> 26647.141 | V16: =T16/P16 -> 76.32344 | W16: =U16/Q16 -> 79.28219 | X16: =IF(AND(R16>0,T16>0),(T16/(R16*1000))*1000,0) -> 73.663358 | Y16: =IF(AND(S16>0,U16>0),U16/S16,0) -> 82.62295 | Z16: 93.4 | AA16: =Z16+AA15 -> 675.5 | AB16: 93.4 | AC16: =AA16/(Q16) -> 2.0097886 | AD16: =IF(AND(R16>0,Z16>0),Z16/(R16),0) -> 1.8422454 | AE16: =IF(AND(S16>0,AA16>0),AA16/(S16),0) -> 2.0944762 | AF16: 0 | AG16: =+AF16+AG15 -> 0 | AH16: =AF16/(P16) -> 0 | AI16: =AG16/(Q16) -> 0 | AJ16: =IF(AND(R16>0,AF16>0),AF16/(R16),0) -> 0 | AK16: =IF(AND(S16>0,AG16>0),AG16/(S16),0) -> 0 | AL16: ='8'!I46 -> 40532.105 | AM16: =AL16+AM15 -> 308936.36 | AN16: =IF(AND(L16>0,AL16>0),(AL16/(P16*1000)*1000),0) -> 828.33534 | AO16: =IF(AND(M16>0,AM16>0),(AM16/(Q16*1000)*1000),0) -> 919.16623 | AP16: =IF(AND(R16>0,AL16>0),(AL16/(R16*1000)*1000),0) -> 799.46557 | AQ16: =IF(AND(S16>0,AM16>0),(AM16/(S16*1000)*1000),0) -> 957.89766 | AR16: =+Listrik!AA15 -> 0 | AS16: =AR16+AS15 -> 0 | AT16: =IF(AND(L16>0,AR16>0),(AR16/(P16*1000)*1000),0) -> 0 | AU16: =IF(AND(M16>0,AS16>0),(AS16/(Q16*1000)*1000),0) -> 0 | AV16: =IF(AND(R16>0,AR16>0),(AR16/(R16*1000)*1000),0) -> 0 | AW16: =IF(AND(S16>0,AS16>0),(AS16/(S16*1000)*1000),0) -> 0 | AX16: =+Listrik!AD15 -> 0 | AY16: =AX16+AY15 -> 0 | AZ16: =IF(AND(L16>0,AX16>0),(AX16/(P16*1000)*1000),0) -> 0 | BA16: =IF(AND(M16>0,AY16>0),(AY16/(Q16*1000)*1000),0) -> 0 | BB16: =IF(AND(R16>0,AX16>0),(AX16/(R16*1000)*1000),0) -> 0 | BC16: =IF(AND(S16>0,AY16>0),(AY16/(S16*1000)*1000),0) -> 0 | BE16: =+SUM(Efficiency2!K43:K45) -> 51.466029 | BF16: =BF15+BE16 -> 376.45628 | BG16: =+R16/BE16 -> 0.9850964 | BH16: =+S16/BF16 -> 0.85671302
A17: =A16+1 -> 45847 | B17: Facial | C17: 13/12 | D17: =+'9'!F42 -> 1350 | E17: =+'9'!G42 -> 1039.5 | F17: =1-(E17/D17) -> 0.23 | G17: =+P17/N17 -> 0.88687264 | H17: =+P17/L17 -> 0.88687264 | I17: =+R17/P17 -> 1.0279752 | J17: =+R17/L17 -> 0.91168308 | K17: =+S17/M17 -> 0.84638117 | L17: =+SUM(Efficiency1!K48:K49) -> 47.11725 | M17: =M16+L17 -> 431.80427 | N17: =+SUM(Efficiency1!C48:C49) -> 47.11725 | O17: =O16+N17 -> 422.30667 | P17: ='9'!I38 -> 41.787 | Q17: =Q16+P17 -> 377.892 | R17: ='9'!I40 -> 42.956 | S17: =S16+R17 -> 365.471 | T17: =+[1]Report1!AZ17 -> 3585.9666 | U17: =T17+U16 -> 30233.107 | V17: =T17/P17 -> 85.815364 | W17: =U17/Q17 -> 80.004624 | X17: =IF(AND(R17>0,T17>0),(T17/(R17*1000))*1000,0) -> 83.479994 | Y17: =IF(AND(S17>0,U17>0),U17/S17,0) -> 82.723683 | Z17: 86.6 | AA17: =Z17+AA16 -> 762.1 | AB17: 86.6 | AC17: =AA17/(Q17) -> 2.0167138 | AD17: =IF(AND(R17>0,Z17>0),Z17/(R17),0) -> 2.0160164 | AE17: =IF(AND(S17>0,AA17>0),AA17/(S17),0) -> 2.0852544 | AF17: 0 | AG17: =+AF17+AG16 -> 0 | AH17: =AF17/(P17) -> 0 | AI17: =AG17/(Q17) -> 0 | AJ17: =IF(AND(R17>0,AF17>0),AF17/(R17),0) -> 0 | AK17: =IF(AND(S17>0,AG17>0),AG17/(S17),0) -> 0 | AL17: ='9'!I46 -> 38975.19 | AM17: =AL17+AM16 -> 347911.55 | AN17: =IF(AND(L17>0,AL17>0),(AL17/(P17*1000)*1000),0) -> 932.71089 | AO17: =IF(AND(M17>0,AM17>0),(AM17/(Q17*1000)*1000),0) -> 920.66399 | AP17: =IF(AND(R17>0,AL17>0),(AL17/(R17*1000)*1000),0) -> 907.3282 | AQ17: =IF(AND(S17>0,AM17>0),(AM17/(S17*1000)*1000),0) -> 951.95393 | AR17: =+Listrik!AA16 -> 0 | AS17: =AR17+AS16 -> 0 | AT17: =IF(AND(L17>0,AR17>0),(AR17/(P17*1000)*1000),0) -> 0 | AU17: =IF(AND(M17>0,AS17>0),(AS17/(Q17*1000)*1000),0) -> 0 | AV17: =IF(AND(R17>0,AR17>0),(AR17/(R17*1000)*1000),0) -> 0 | AW17: =IF(AND(S17>0,AS17>0),(AS17/(S17*1000)*1000),0) -> 0 | AX17: =+Listrik!AD16 -> 0 | AY17: =AX17+AY16 -> 0 | AZ17: =IF(AND(L17>0,AX17>0),(AX17/(P17*1000)*1000),0) -> 0 | BA17: =IF(AND(M17>0,AY17>0),(AY17/(Q17*1000)*1000),0) -> 0 | BB17: =IF(AND(R17>0,AX17>0),(AX17/(R17*1000)*1000),0) -> 0 | BC17: =IF(AND(S17>0,AY17>0),(AY17/(S17*1000)*1000),0) -> 0 | BE17: =+SUM(Efficiency2!K48:K49) -> 47.11725 | BF17: =BF16+BE17 -> 423.57353 | BG17: =+R17/BE17 -> 0.91168308 | BH17: =+S17/BF17 -> 0.86282775
A18: =A17+1 -> 45848 | B18: Facial | C18: 12 | D18: =+'10'!F42 -> 1343.3333 | E18: =+'10'!G42 -> 1034.3667 | F18: =1-(E18/D18) -> 0.23 | G18: =+P18/N18 -> 0.92699968 | H18: =+P18/L18 -> 0.9224219 | I18: =+R18/P18 -> 0.93898226 | J18: =+R18/L18 -> 0.8661378 | K18: =+S18/M18 -> 0.84829975 | L18: =+Efficiency1!K52 -> 46.442956 | M18: =M17+L18 -> 478.24722 | N18: =+Efficiency1!C52 -> 46.213608 | O18: =O17+N18 -> 468.52028 | P18: ='10'!I38 -> 42.84 | Q18: =Q17+P18 -> 420.732 | R18: ='10'!I40 -> 40.226 | S18: =S17+R18 -> 405.697 | T18: =+[1]Report1!AZ18 -> 3746.3635 | U18: =T18+U17 -> 33979.471 | V18: =T18/P18 -> 87.450129 | W18: =U18/Q18 -> 80.762744 | X18: =IF(AND(R18>0,T18>0),(T18/(R18*1000))*1000,0) -> 93.132887 | Y18: =IF(AND(S18>0,U18>0),U18/S18,0) -> 83.755785 | Z18: 85.6 | AA18: =Z18+AA17 -> 847.7 | AB18: 85.6 | AC18: =AA18/(Q18) -> 2.0148218 | AD18: =IF(AND(R18>0,Z18>0),Z18/(R18),0) -> 2.1279769 | AE18: =IF(AND(S18>0,AA18>0),AA18/(S18),0) -> 2.0894904 | AF18: 0 | AG18: =+AF18+AG17 -> 0 | AH18: =AF18/(P18) -> 0 | AI18: =AG18/(Q18) -> 0 | AJ18: =IF(AND(R18>0,AF18>0),AF18/(R18),0) -> 0 | AK18: =IF(AND(S18>0,AG18>0),AG18/(S18),0) -> 0 | AL18: ='10'!I46 -> 41126.405 | AM18: =AL18+AM17 -> 389037.96 | AN18: =IF(AND(L18>0,AL18>0),(AL18/(P18*1000)*1000),0) -> 960.00012 | AO18: =IF(AND(M18>0,AM18>0),(AM18/(Q18*1000)*1000),0) -> 924.66929 | AP18: =IF(AND(R18>0,AL18>0),(AL18/(R18*1000)*1000),0) -> 1022.3837 | AQ18: =IF(AND(S18>0,AM18>0),(AM18/(S18*1000)*1000),0) -> 958.93724 | AR18: =+Listrik!AA17 -> 0 | AS18: =AR18+AS17 -> 0 | AT18: =IF(AND(L18>0,AR18>0),(AR18/(P18*1000)*1000),0) -> 0 | AU18: =IF(AND(M18>0,AS18>0),(AS18/(Q18*1000)*1000),0) -> 0 | AV18: =IF(AND(R18>0,AR18>0),(AR18/(R18*1000)*1000),0) -> 0 | AW18: =IF(AND(S18>0,AS18>0),(AS18/(S18*1000)*1000),0) -> 0 | AX18: =+Listrik!AD17 -> 0 | AY18: =AX18+AY17 -> 0 | AZ18: =IF(AND(L18>0,AX18>0),(AX18/(P18*1000)*1000),0) -> 0 | BA18: =IF(AND(M18>0,AY18>0),(AY18/(Q18*1000)*1000),0) -> 0 | BB18: =IF(AND(R18>0,AX18>0),(AX18/(R18*1000)*1000),0) -> 0 | BC18: =IF(AND(S18>0,AY18>0),(AY18/(S18*1000)*1000),0) -> 0 | BE18: =+Efficiency2!K52 -> 46.442956 | BF18: =BF17+BE18 -> 470.01649 | BG18: =+R18/BE18 -> 0.8661378 | BH18: =+S18/BF18 -> 0.86315482
A19: =A18+1 -> 45849 | B19: Facial | C19: 12 | D19: =+'11'!F42 -> 1346.9792 | E19: =+'11'!G42 -> 1037.174 | F19: =1-(E19/D19) -> 0.23 | G19: =+P19/N19 -> 0.83439239 | H19: =+P19/L19 -> 0.8325253 | I19: =+R19/P19 -> 0.79663737 | J19: =+R19/L19 -> 0.66322077 | K19: =+S19/M19 -> 0.83168991 | L19: =+Efficiency1!K56 -> 47.15172 | M19: =M18+L19 -> 525.39894 | N19: =+Efficiency1!C56 -> 47.046211 | O19: =O18+N19 -> 515.56649 | P19: ='11'!I38 -> 39.255 | Q19: =Q18+P19 -> 459.987 | R19: ='11'!I40 -> 31.272 | S19: =S18+R19 -> 436.969 | T19: =+[1]Report1!AZ19 -> 3789.146 | U19: =T19+U18 -> 37768.617 | V19: =T19/P19 -> 96.526455 | W19: =U19/Q19 -> 82.108009 | X19: =IF(AND(R19>0,T19>0),(T19/(R19*1000))*1000,0) -> 121.16737 | Y19: =IF(AND(S19>0,U19>0),U19/S19,0) -> 86.433172 | Z19: 84.9 | AA19: =Z19+AA18 -> 932.6 | AB19: 84.9 | AC19: =AA19/(Q19) -> 2.0274486 | AD19: =IF(AND(R19>0,Z19>0),Z19/(R19),0) -> 2.7148887 | AE19: =IF(AND(S19>0,AA19>0),AA19/(S19),0) -> 2.1342475 | AF19: 0 | AG19: =+AF19+AG18 -> 0 | AH19: =AF19/(P19) -> 0 | AI19: =AG19/(Q19) -> 0 | AJ19: =IF(AND(R19>0,AF19>0),AF19/(R19),0) -> 0 | AK19: =IF(AND(S19>0,AG19>0),AG19/(S19),0) -> 0 | AL19: ='11'!I46 -> 42169.325 | AM19: =AL19+AM18 -> 431207.28 | AN19: =IF(AND(L19>0,AL19>0),(AL19/(P19*1000)*1000),0) -> 1074.2409 | AO19: =IF(AND(M19>0,AM19>0),(AM19/(Q19*1000)*1000),0) -> 937.43363 | AP19: =IF(AND(R19>0,AL19>0),(AL19/(R19*1000)*1000),0) -> 1348.4691 | AQ19: =IF(AND(S19>0,AM19>0),(AM19/(S19*1000)*1000),0) -> 986.81436 | AR19: =+Listrik!AA18 -> 0 | AS19: =AR19+AS18 -> 0 | AT19: =IF(AND(L19>0,AR19>0),(AR19/(P19*1000)*1000),0) -> 0 | AU19: =IF(AND(M19>0,AS19>0),(AS19/(Q19*1000)*1000),0) -> 0 | AV19: =IF(AND(R19>0,AR19>0),(AR19/(R19*1000)*1000),0) -> 0 | AW19: =IF(AND(S19>0,AS19>0),(AS19/(S19*1000)*1000),0) -> 0 | AX19: =+Listrik!AD18 -> 0 | AY19: =AX19+AY18 -> 0 | AZ19: =IF(AND(L19>0,AX19>0),(AX19/(P19*1000)*1000),0) -> 0 | BA19: =IF(AND(M19>0,AY19>0),(AY19/(Q19*1000)*1000),0) -> 0 | BB19: =IF(AND(R19>0,AX19>0),(AX19/(R19*1000)*1000),0) -> 0 | BC19: =IF(AND(S19>0,AY19>0),(AY19/(S19*1000)*1000),0) -> 0 | BE19: =+Efficiency2!K56 -> 47.15172 | BF19: =BF18+BE19 -> 517.16821 | BG19: =+R19/BE19 -> 0.66322077 | BH19: =+S19/BF19 -> 0.84492626
A20: =A19+1 -> 45850 | B20: Facial | C20: 12 | D20: =+'12'!F42 -> 1350 | E20: =+'12'!G42 -> 1039.5 | F20: =1-(E20/D20) -> 0.23 | G20: =+P20/N20 -> 0.90658185 | H20: =+P20/L20 -> 0.90658185 | I20: =+R20/P20 -> 0.93284576 | J20: =+R20/L20 -> 0.84570104 | K20: =+S20/M20 -> 0.83284502 | L20: =+Efficiency1!K60 -> 47.206989 | M20: =M19+L20 -> 572.60593 | N20: =+Efficiency1!C60 -> 47.206989 | O20: =O19+N20 -> 562.77348 | P20: ='12'!I38 -> 42.797 | Q20: =Q19+P20 -> 502.784 | R20: ='12'!I40 -> 39.923 | S20: =S19+R20 -> 476.892 | T20: =+[1]Report1!AZ20 -> 3793.5073 | U20: =T20+U19 -> 41562.124 | V20: =T20/P20 -> 88.63956 | W20: =U20/Q20 -> 82.663975 | X20: =IF(AND(R20>0,T20>0),(T20/(R20*1000))*1000,0) -> 95.020596 | Y20: =IF(AND(S20>0,U20>0),U20/S20,0) -> 87.152068 | Z20: 85.2 | AA20: =Z20+AA19 -> 1017.8 | AB20: 85.2 | AC20: =AA20/(Q20) -> 2.0243285 | AD20: =IF(AND(R20>0,Z20>0),Z20/(R20),0) -> 2.1341082 | AE20: =IF(AND(S20>0,AA20>0),AA20/(S20),0) -> 2.1342358 | AF20: 0 | AG20: =+AF20+AG19 -> 0 | AH20: =AF20/(P20) -> 0 | AI20: =AG20/(Q20) -> 0 | AJ20: =IF(AND(R20>0,AF20>0),AF20/(R20),0) -> 0 | AK20: =IF(AND(S20>0,AG20>0),AG20/(S20),0) -> 0 | AL20: ='12'!I46 -> 43096.13 | AM20: =AL20+AM19 -> 474303.41 | AN20: =IF(AND(L20>0,AL20>0),(AL20/(P20*1000)*1000),0) -> 1006.9895 | AO20: =IF(AND(M20>0,AM20>0),(AM20/(Q20*1000)*1000),0) -> 943.35423 | AP20: =IF(AND(R20>0,AL20>0),(AL20/(R20*1000)*1000),0) -> 1079.4813 | AQ20: =IF(AND(S20>0,AM20>0),(AM20/(S20*1000)*1000),0) -> 994.57197 | AR20: =+Listrik!AA19 -> 0 | AS20: =AR20+AS19 -> 0 | AT20: =IF(AND(L20>0,AR20>0),(AR20/(P20*1000)*1000),0) -> 0 | AU20: =IF(AND(M20>0,AS20>0),(AS20/(Q20*1000)*1000),0) -> 0 | AV20: =IF(AND(R20>0,AR20>0),(AR20/(R20*1000)*1000),0) -> 0 | AW20: =IF(AND(S20>0,AS20>0),(AS20/(S20*1000)*1000),0) -> 0 | AX20: =+Listrik!AD19 -> 0 | AY20: =AX20+AY19 -> 0 | AZ20: =IF(AND(L20>0,AX20>0),(AX20/(P20*1000)*1000),0) -> 0 | BA20: =IF(AND(M20>0,AY20>0),(AY20/(Q20*1000)*1000),0) -> 0 | BB20: =IF(AND(R20>0,AX20>0),(AX20/(R20*1000)*1000),0) -> 0 | BC20: =IF(AND(S20>0,AY20>0),(AY20/(S20*1000)*1000),0) -> 0 | BE20: =+Efficiency2!K60 -> 47.206989 | BF20: =BF19+BE20 -> 564.3752 | BG20: =+R20/BE20 -> 0.84570104 | BH20: =+S20/BF20 -> 0.84499106
A21: =A20+1 -> 45851 | B21: Facial | C21: 12 | D21: =+'13'!F42 -> 1314.9097 | E21: =+'13'!G42 -> 1012.4805 | F21: =1-(E21/D21) -> 0.23 | G21: =+P21/N21 -> 0.90202009 | H21: =+P21/L21 -> 0.87857407 | I21: =+R21/P21 -> 0.90127931 | J21: =+R21/L21 -> 0.79184063 | K21: =+S21/M21 -> 0.82970891 | L21: =+Efficiency1!K64 -> 47.421158 | M21: =M20+L21 -> 620.02709 | N21: =+Efficiency1!C64 -> 46.18855 | O21: =O20+N21 -> 608.96203 | P21: ='13'!I38 -> 41.663 | Q21: =Q20+P21 -> 544.447 | R21: ='13'!I40 -> 37.55 | S21: =S20+R21 -> 514.442 | T21: =+[1]Report1!AZ21 -> 3941.5255 | U21: =T21+U20 -> 45503.649 | V21: =T21/P21 -> 94.604937 | W21: =U21/Q21 -> 83.577739 | X21: =IF(AND(R21>0,T21>0),(T21/(R21*1000))*1000,0) -> 104.96739 | Y21: =IF(AND(S21>0,U21>0),U21/S21,0) -> 88.452439 | Z21: 83.1 | AA21: =Z21+AA20 -> 1100.9 | AB21: 83.1 | AC21: =AA21/(Q21) -> 2.0220517 | AD21: =IF(AND(R21>0,Z21>0),Z21/(R21),0) -> 2.2130493 | AE21: =IF(AND(S21>0,AA21>0),AA21/(S21),0) -> 2.1399886 | AF21: 0 | AG21: =+AF21+AG20 -> 0 | AH21: =AF21/(P21) -> 0 | AI21: =AG21/(Q21) -> 0 | AJ21: =IF(AND(R21>0,AF21>0),AF21/(R21),0) -> 0 | AK21: =IF(AND(S21>0,AG21>0),AG21/(S21),0) -> 0 | AL21: ='13'!I46 -> 40934.565 | AM21: =AL21+AM20 -> 515237.98 | AN21: =IF(AND(L21>0,AL21>0),(AL21/(P21*1000)*1000),0) -> 982.51602 | AO21: =IF(AND(M21>0,AM21>0),(AM21/(Q21*1000)*1000),0) -> 946.35103 | AP21: =IF(AND(R21>0,AL21>0),(AL21/(R21*1000)*1000),0) -> 1090.1349 | AQ21: =IF(AND(S21>0,AM21>0),(AM21/(S21*1000)*1000),0) -> 1001.5473 | AR21: =+Listrik!AA20 -> 0 | AS21: =AR21+AS20 -> 0 | AT21: =IF(AND(L21>0,AR21>0),(AR21/(P21*1000)*1000),0) -> 0 | AU21: =IF(AND(M21>0,AS21>0),(AS21/(Q21*1000)*1000),0) -> 0 | AV21: =IF(AND(R21>0,AR21>0),(AR21/(R21*1000)*1000),0) -> 0 | AW21: =IF(AND(S21>0,AS21>0),(AS21/(S21*1000)*1000),0) -> 0 | AX21: =+Listrik!AD20 -> 0 | AY21: =AX21+AY20 -> 0 | AZ21: =IF(AND(L21>0,AX21>0),(AX21/(P21*1000)*1000),0) -> 0 | BA21: =IF(AND(M21>0,AY21>0),(AY21/(Q21*1000)*1000),0) -> 0 | BB21: =IF(AND(R21>0,AX21>0),(AX21/(R21*1000)*1000),0) -> 0 | BC21: =IF(AND(S21>0,AY21>0),(AY21/(S21*1000)*1000),0) -> 0 | BE21: =+Efficiency2!K64 -> 47.421158 | BF21: =BF20+BE21 -> 611.79636 | BG21: =+R21/BE21 -> 0.79184063 | BH21: =+S21/BF21 -> 0.8408713
A22: =A21+1 -> 45852 | B22: Facial/Towel | C22: 12/15 | D22: =+'14'!F42 -> 1208.3333 | E22: =+'14'!G42 -> 950.08333 | F22: =1-(E22/D22) -> 0.21372414 | G22: =+P22/N22 -> 0.95067839 | H22: =+P22/L22 -> 0.95067839 | I22: =+R22/P22 -> 0.99006589 | J22: =+R22/L22 -> 0.94123425 | K22: =+S22/M22 -> 0.83836936 | L22: =+SUM(Efficiency1!K69:K70) -> 52.20167 | M22: =M21+L22 -> 672.22876 | N22: =+SUM(Efficiency1!C69:C70) -> 52.20167 | O22: =O21+N22 -> 661.1637 | P22: ='14'!I38 -> 49.627 | Q22: =Q21+P22 -> 594.074 | R22: ='14'!I40 -> 49.134 | S22: =S21+R22 -> 563.576 | T22: =+[1]Report1!AZ22 -> 3897.989 | U22: =T22+U21 -> 49401.639 | V22: =T22/P22 -> 78.545732 | W22: =U22/Q22 -> 83.157382 | X22: =IF(AND(R22>0,T22>0),(T22/(R22*1000))*1000,0) -> 79.333843 | Y22: =IF(AND(S22>0,U22>0),U22/S22,0) -> 87.657456 | Z22: 90.8 | AA22: =Z22+AA21 -> 1191.7 | AB22: 90.8 | AC22: =AA22/(Q22) -> 2.0059791 | AD22: =IF(AND(R22>0,Z22>0),Z22/(R22),0) -> 1.8480075 | AE22: =IF(AND(S22>0,AA22>0),AA22/(S22),0) -> 2.1145329 | AF22: 0 | AG22: =+AF22+AG21 -> 0 | AH22: =AF22/(P22) -> 0 | AI22: =AG22/(Q22) -> 0 | AJ22: =IF(AND(R22>0,AF22>0),AF22/(R22),0) -> 0 | AK22: =IF(AND(S22>0,AG22>0),AG22/(S22),0) -> 0 | AL22: ='14'!I46 -> 41816.96 | AM22: =AL22+AM21 -> 557054.94 | AN22: =IF(AND(L22>0,AL22>0),(AL22/(P22*1000)*1000),0) -> 842.62518 | AO22: =IF(AND(M22>0,AM22>0),(AM22/(Q22*1000)*1000),0) -> 937.68611 | AP22: =IF(AND(R22>0,AL22>0),(AL22/(R22*1000)*1000),0) -> 851.0799 | AQ22: =IF(AND(S22>0,AM22>0),(AM22/(S22*1000)*1000),0) -> 988.42914 | AR22: =+Listrik!AA21 -> 0 | AS22: =AR22+AS21 -> 0 | AT22: =IF(AND(L22>0,AR22>0),(AR22/(P22*1000)*1000),0) -> 0 | AU22: =IF(AND(M22>0,AS22>0),(AS22/(Q22*1000)*1000),0) -> 0 | AV22: =IF(AND(R22>0,AR22>0),(AR22/(R22*1000)*1000),0) -> 0 | AW22: =IF(AND(S22>0,AS22>0),(AS22/(S22*1000)*1000),0) -> 0 | AX22: =+Listrik!AD21 -> 0 | AY22: =AX22+AY21 -> 0 | AZ22: =IF(AND(L22>0,AX22>0),(AX22/(P22*1000)*1000),0) -> 0 | BA22: =IF(AND(M22>0,AY22>0),(AY22/(Q22*1000)*1000),0) -> 0 | BB22: =IF(AND(R22>0,AX22>0),(AX22/(R22*1000)*1000),0) -> 0 | BC22: =IF(AND(S22>0,AY22>0),(AY22/(S22*1000)*1000),0) -> 0 | BE22: =+SUM(Efficiency2!K69:K70) -> 52.20167 | BF22: =BF21+BE22 -> 663.99803 | BG22: =+R22/BE22 -> 0.94123425 | BH22: =+S22/BF22 -> 0.84876156
A23: =A22+1 -> 45853 | B23: Towel/Facial | C23: 15/12 | D23: =+'15'!F42 -> 1293.3333 | E23: =+'15'!G42 -> 1003.7333 | F23: =1-(E23/D23) -> 0.22391753 | G23: =+P23/N23 -> 1.0155787 | H23: =+P23/L23 -> 1.0155787 | I23: =+R23/P23 -> 1.0535312 | J23: =+R23/L23 -> 1.0699438 | K23: =+S23/M23 -> 0.85381641 | L23: =+SUM(Efficiency1!K73:K74) -> 48.045514 | M23: =M22+L23 -> 720.27428 | N23: =+SUM(Efficiency1!C73:C74) -> 48.045514 | O23: =O22+N23 -> 709.20921 | P23: ='15'!I38 -> 48.794 | Q23: =Q22+P23 -> 642.868 | R23: ='15'!I40 -> 51.406 | S23: =S22+R23 -> 614.982 | T23: =+[1]Report1!AZ23 -> 3756.5645 | U23: =T23+U22 -> 53158.203 | V23: =T23/P23 -> 76.988247 | W23: =U23/Q23 -> 82.689142 | X23: =IF(AND(R23>0,T23>0),(T23/(R23*1000))*1000,0) -> 73.076383 | Y23: =IF(AND(S23>0,U23>0),U23/S23,0) -> 86.438632 | Z23: 89 | AA23: =Z23+AA22 -> 1280.7 | AB23: 89 | AC23: =AA23/(Q23) -> 1.9921664 | AD23: =IF(AND(R23>0,Z23>0),Z23/(R23),0) -> 1.7313154 | AE23: =IF(AND(S23>0,AA23>0),AA23/(S23),0) -> 2.0825 | AF23: 0 | AG23: =+AF23+AG22 -> 0 | AH23: =AF23/(P23) -> 0 | AI23: =AG23/(Q23) -> 0 | AJ23: =IF(AND(R23>0,AF23>0),AF23/(R23),0) -> 0 | AK23: =IF(AND(S23>0,AG23>0),AG23/(S23),0) -> 0 | AL23: ='15'!I46 -> 40653.015 | AM23: =AL23+AM22 -> 597707.95 | AN23: =IF(AND(L23>0,AL23>0),(AL23/(P23*1000)*1000),0) -> 833.15602 | AO23: =IF(AND(M23>0,AM23>0),(AM23/(Q23*1000)*1000),0) -> 929.75223 | AP23: =IF(AND(R23>0,AL23>0),(AL23/(R23*1000)*1000),0) -> 790.82237 | AQ23: =IF(AND(S23>0,AM23>0),(AM23/(S23*1000)*1000),0) -> 971.9113 | AR23: =+Listrik!AA22 -> 0 | AS23: =AR23+AS22 -> 0 | AT23: =IF(AND(L23>0,AR23>0),(AR23/(P23*1000)*1000),0) -> 0 | AU23: =IF(AND(M23>0,AS23>0),(AS23/(Q23*1000)*1000),0) -> 0 | AV23: =IF(AND(R23>0,AR23>0),(AR23/(R23*1000)*1000),0) -> 0 | AW23: =IF(AND(S23>0,AS23>0),(AS23/(S23*1000)*1000),0) -> 0 | AX23: =+Listrik!AD22 -> 2300 | AY23: =AX23+AY22 -> 2300 | AZ23: =IF(AND(L23>0,AX23>0),(AX23/(P23*1000)*1000),0) -> 47.136943 | BA23: =IF(AND(M23>0,AY23>0),(AY23/(Q23*1000)*1000),0) -> 3.5777174 | BB23: =IF(AND(R23>0,AX23>0),(AX23/(R23*1000)*1000),0) -> 44.741859 | BC23: =IF(AND(S23>0,AY23>0),(AY23/(S23*1000)*1000),0) -> 3.7399469 | BE23: =+SUM(Efficiency2!K73:K74) -> 48.045514 | BF23: =BF22+BE23 -> 712.04354 | BG23: =+R23/BE23 -> 1.0699438 | BH23: =+S23/BF23 -> 0.86368595
A24: =A23+1 -> 45854 | B24: Facial | C24: 12/11,5 | D24: =+'16'!F42 -> 1350 | E24: =+'16'!G42 -> 1039.5 | F24: =1-(E24/D24) -> 0.23 | G24: =+P24/N24 -> 0.97939134 | H24: =+P24/L24 -> 0.97939134 | I24: =+R24/P24 -> 0.92307864 | J24: =+R24/L24 -> 0.90405523 | K24: =+S24/M24 -> 0.85680899 | L24: =+SUM(Efficiency1!K77:K78) -> 45.622213 | M24: =M23+L24 -> 765.89649 | N24: =+SUM(Efficiency1!C77:C78) -> 45.622213 | O24: =O23+N24 -> 754.83142 | P24: ='16'!I38 -> 44.682 | Q24: =Q23+P24 -> 687.55 | R24: ='16'!I40 -> 41.245 | S24: =S23+R24 -> 656.227 | T24: =+[1]Report1!AZ24 -> 3749.8233 | U24: =T24+U23 -> 56908.026 | V24: =T24/P24 -> 83.922459 | W24: =U24/Q24 -> 82.769291 | X24: =IF(AND(R24>0,T24>0),(T24/(R24*1000))*1000,0) -> 90.915828 | Y24: =IF(AND(S24>0,U24>0),U24/S24,0) -> 86.720032 | Z24: 84.93 | AA24: =Z24+AA23 -> 1365.63 | AB24: 84.93 | AC24: =AA24/(Q24) -> 1.9862265 | AD24: =IF(AND(R24>0,Z24>0),Z24/(R24),0) -> 2.0591587 | AE24: =IF(AND(S24>0,AA24>0),AA24/(S24),0) -> 2.0810329 | AF24: 0 | AG24: =+AF24+AG23 -> 0 | AH24: =AF24/(P24) -> 0 | AI24: =AG24/(Q24) -> 0 | AJ24: =IF(AND(R24>0,AF24>0),AF24/(R24),0) -> 0 | AK24: =IF(AND(S24>0,AG24>0),AG24/(S24),0) -> 0 | AL24: ='16'!I46 -> 41299.89 | AM24: =AL24+AM23 -> 639007.84 | AN24: =IF(AND(L24>0,AL24>0),(AL24/(P24*1000)*1000),0) -> 924.3071 | AO24: =IF(AND(M24>0,AM24>0),(AM24/(Q24*1000)*1000),0) -> 929.39836 | AP24: =IF(AND(R24>0,AL24>0),(AL24/(R24*1000)*1000),0) -> 1001.3308 | AQ24: =IF(AND(S24>0,AM24>0),(AM24/(S24*1000)*1000),0) -> 973.76037 | AR24: =+Listrik!AA23 -> 0 | AS24: =AR24+AS23 -> 0 | AT24: =IF(AND(L24>0,AR24>0),(AR24/(P24*1000)*1000),0) -> 0 | AU24: =IF(AND(M24>0,AS24>0),(AS24/(Q24*1000)*1000),0) -> 0 | AV24: =IF(AND(R24>0,AR24>0),(AR24/(R24*1000)*1000),0) -> 0 | AW24: =IF(AND(S24>0,AS24>0),(AS24/(S24*1000)*1000),0) -> 0 | AX24: =+Listrik!AD23 -> 3830 | AY24: =AX24+AY23 -> 6130 | AZ24: =IF(AND(L24>0,AX24>0),(AX24/(P24*1000)*1000),0) -> 85.716843 | BA24: =IF(AND(M24>0,AY24>0),(AY24/(Q24*1000)*1000),0) -> 8.9157152 | BB24: =IF(AND(R24>0,AX24>0),(AX24/(R24*1000)*1000),0) -> 92.859741 | BC24: =IF(AND(S24>0,AY24>0),(AY24/(S24*1000)*1000),0) -> 9.3412798 | BE24: =+SUM(Efficiency2!K77:K78) -> 45.622213 | BF24: =BF23+BE24 -> 757.66575 | BG24: =+R24/BE24 -> 0.90405523 | BH24: =+S24/BF24 -> 0.86611675
A25: =A24+1 -> 45855 | B25: Facial | C25: 11,5 | D25: =+'17'!F42 -> 1350 | E25: =+'17'!G42 -> 1039.5 | F25: =1-(E25/D25) -> 0.23 | G25: =+P25/N25 -> 0.93387344 | H25: =+P25/L25 -> 0.93387344 | I25: =+R25/P25 -> 0.94895614 | J25: =+R25/L25 -> 0.88620493 | K25: =+S25/M25 -> 0.8584467 | L25: =+Efficiency1!K81 -> 45.187065 | M25: =M24+L25 -> 811.08355 | N25: =+Efficiency1!C81 -> 45.187065 | O25: =O24+N25 -> 800.01849 | P25: ='17'!I38 -> 42.199 | Q25: =Q24+P25 -> 729.749 | R25: ='17'!I40 -> 40.045 | S25: =S24+R25 -> 696.272 | T25: =+[1]Report1!AZ25 -> 3692.4809 | U25: =T25+U24 -> 60600.507 | V25: =T25/P25 -> 87.501621 | W25: =U25/Q25 -> 83.042947 | X25: =IF(AND(R25>0,T25>0),(T25/(R25*1000))*1000,0) -> 92.208288 | Y25: =IF(AND(S25>0,U25>0),U25/S25,0) -> 87.03568 | Z25: 84.6 | AA25: =Z25+AA24 -> 1450.23 | AB25: 84.6 | AC25: =AA25/(Q25) -> 1.9872997 | AD25: =IF(AND(R25>0,Z25>0),Z25/(R25),0) -> 2.1126233 | AE25: =IF(AND(S25>0,AA25>0),AA25/(S25),0) -> 2.0828498 | AF25: 0 | AG25: =+AF25+AG24 -> 0 | AH25: =AF25/(P25) -> 0 | AI25: =AG25/(Q25) -> 0 | AJ25: =IF(AND(R25>0,AF25>0),AF25/(R25),0) -> 0 | AK25: =IF(AND(S25>0,AG25>0),AG25/(S25),0) -> 0 | AL25: ='17'!I46 -> 40405.75 | AM25: =AL25+AM24 -> 679413.59 | AN25: =IF(AND(L25>0,AL25>0),(AL25/(P25*1000)*1000),0) -> 957.50492 | AO25: =IF(AND(M25>0,AM25>0),(AM25/(Q25*1000)*1000),0) -> 931.02367 | AP25: =IF(AND(R25>0,AL25>0),(AL25/(R25*1000)*1000),0) -> 1009.0086 | AQ25: =IF(AND(S25>0,AM25>0),(AM25/(S25*1000)*1000),0) -> 975.78762 | AR25: =+Listrik!AA24 -> 0 | AS25: =AR25+AS24 -> 0 | AT25: =IF(AND(L25>0,AR25>0),(AR25/(P25*1000)*1000),0) -> 0 | AU25: =IF(AND(M25>0,AS25>0),(AS25/(Q25*1000)*1000),0) -> 0 | AV25: =IF(AND(R25>0,AR25>0),(AR25/(R25*1000)*1000),0) -> 0 | AW25: =IF(AND(S25>0,AS25>0),(AS25/(S25*1000)*1000),0) -> 0 | AX25: =+Listrik!AD24 -> 3650 | AY25: =AX25+AY24 -> 9780 | AZ25: =IF(AND(L25>0,AX25>0),(AX25/(P25*1000)*1000),0) -> 86.494941 | BA25: =IF(AND(M25>0,AY25>0),(AY25/(Q25*1000)*1000),0) -> 13.401868 | BB25: =IF(AND(R25>0,AX25>0),(AX25/(R25*1000)*1000),0) -> 91.147459 | BC25: =IF(AND(S25>0,AY25>0),(AY25/(S25*1000)*1000),0) -> 14.046235 | BE25: =+Efficiency2!K81 -> 45.187065 | BF25: =BF24+BE25 -> 802.85282 | BG25: =+R25/BE25 -> 0.88620493 | BH25: =+S25/BF25 -> 0.86724738
A26: =A25+1 -> 45856 | B26: Facial | C26: 11,5/12 | D26: =+'18'!F42 -> 1350 | E26: =+'18'!G42 -> 1039.5 | F26: =1-(E26/D26) -> 0.23 | G26: =+P26/N26 -> 1.0010798 | H26: =+P26/L26 -> 1.0010798 | I26: =+R26/P26 -> 1.026376 | J26: =+R26/L26 -> 1.0274843 | K26: =+S26/M26 -> 0.8677265 | L26: =+SUM(Efficiency1!K86:K87) -> 47.113129 | M26: =M25+L26 -> 858.19668 | N26: =+SUM(Efficiency1!C86:C87) -> 47.113129 | O26: =O25+N26 -> 847.13162 | P26: ='18'!I38 -> 47.164 | Q26: =Q25+P26 -> 776.913 | R26: ='18'!I40 -> 48.408 | S26: =S25+R26 -> 744.68 | T26: =+[1]Report1!AZ26 -> 3780.6825 | U26: =T26+U25 -> 64381.19 | V26: =T26/P26 -> 80.160344 | W26: =U26/Q26 -> 82.867953 | X26: =IF(AND(R26>0,T26>0),(T26/(R26*1000))*1000,0) -> 78.100365 | Y26: =IF(AND(S26>0,U26>0),U26/S26,0) -> 86.454839 | Z26: 85.9 | AA26: =Z26+AA25 -> 1536.13 | AB26: 85.9 | AC26: =AA26/(Q26) -> 1.9772227 | AD26: =IF(AND(R26>0,Z26>0),Z26/(R26),0) -> 1.7745001 | AE26: =IF(AND(S26>0,AA26>0),AA26/(S26),0) -> 2.0628055 | AF26: 0 | AG26: =+AF26+AG25 -> 0 | AH26: =AF26/(P26) -> 0 | AI26: =AG26/(Q26) -> 0 | AJ26: =IF(AND(R26>0,AF26>0),AF26/(R26),0) -> 0 | AK26: =IF(AND(S26>0,AG26>0),AG26/(S26),0) -> 0 | AL26: ='18'!I46 -> 39345.435 | AM26: =AL26+AM25 -> 718759.03 | AN26: =IF(AND(L26>0,AL26>0),(AL26/(P26*1000)*1000),0) -> 834.226 | AO26: =IF(AND(M26>0,AM26>0),(AM26/(Q26*1000)*1000),0) -> 925.14738 | AP26: =IF(AND(R26>0,AL26>0),(AL26/(R26*1000)*1000),0) -> 812.78787 | AQ26: =IF(AND(S26>0,AM26>0),(AM26/(S26*1000)*1000),0) -> 965.1918 | AR26: =+Listrik!AA25 -> 0 | AS26: =AR26+AS25 -> 0 | AT26: =IF(AND(L26>0,AR26>0),(AR26/(P26*1000)*1000),0) -> 0 | AU26: =IF(AND(M26>0,AS26>0),(AS26/(Q26*1000)*1000),0) -> 0 | AV26: =IF(AND(R26>0,AR26>0),(AR26/(R26*1000)*1000),0) -> 0 | AW26: =IF(AND(S26>0,AS26>0),(AS26/(S26*1000)*1000),0) -> 0 | AX26: =+Listrik!AD25 -> 4050 | AY26: =AX26+AY25 -> 13830 | AZ26: =IF(AND(L26>0,AX26>0),(AX26/(P26*1000)*1000),0) -> 85.870579 | BA26: =IF(AND(M26>0,AY26>0),(AY26/(Q26*1000)*1000),0) -> 17.801221 | BB26: =IF(AND(R26>0,AX26>0),(AX26/(R26*1000)*1000),0) -> 83.663857 | BC26: =IF(AND(S26>0,AY26>0),(AY26/(S26*1000)*1000),0) -> 18.571736 | BE26: =+SUM(Efficiency2!K86:K87) -> 47.113129 | BF26: =BF25+BE26 -> 849.96595 | BG26: =+R26/BE26 -> 1.0274843 | BH26: =+S26/BF26 -> 0.87612922
A27: =A26+1 -> 45857 | B27: Facial | C27: 12 | D27: =+'19'!F42 -> 1350 | E27: =+'19'!G42 -> 1039.5 | F27: =1-(E27/D27) -> 0.23 | G27: =+P27/N27 -> 0.96734206 | H27: =+P27/L27 -> 0.96734206 | I27: =+R27/P27 -> 0.88680225 | J27: =+R27/L27 -> 0.85784112 | K27: =+S27/M27 -> 0.86720515 | L27: =+Efficiency1!K90 -> 47.78041 | M27: =M26+L27 -> 905.97709 | N27: =+Efficiency1!C90 -> 47.78041 | O27: =O26+N27 -> 894.91203 | P27: ='19'!I38 -> 46.22 | Q27: =Q26+P27 -> 823.133 | R27: ='19'!I40 -> 40.988 | S27: =S26+R27 -> 785.668 | T27: =+[1]Report1!AZ27 -> 3788.8914 | U27: =T27+U26 -> 68170.081 | V27: =T27/P27 -> 81.97515 | W27: =U27/Q27 -> 82.817821 | X27: =IF(AND(R27>0,T27>0),(T27/(R27*1000))*1000,0) -> 92.439041 | Y27: =IF(AND(S27>0,U27>0),U27/S27,0) -> 86.767033 | Z27: 87.1 | AA27: =Z27+AA26 -> 1623.23 | AB27: 87.1 | AC27: =AA27/(Q27) -> 1.9720142 | AD27: =IF(AND(R27>0,Z27>0),Z27/(R27),0) -> 2.1250122 | AE27: =IF(AND(S27>0,AA27>0),AA27/(S27),0) -> 2.0660508 | AF27: 0 | AG27: =+AF27+AG26 -> 0 | AH27: =AF27/(P27) -> 0 | AI27: =AG27/(Q27) -> 0 | AJ27: =IF(AND(R27>0,AF27>0),AF27/(R27),0) -> 0 | AK27: =IF(AND(S27>0,AG27>0),AG27/(S27),0) -> 0 | AL27: ='19'!I46 -> 40886.005 | AM27: =AL27+AM26 -> 759645.03 | AN27: =IF(AND(L27>0,AL27>0),(AL27/(P27*1000)*1000),0) -> 884.59552 | AO27: =IF(AND(M27>0,AM27>0),(AM27/(Q27*1000)*1000),0) -> 922.87034 | AP27: =IF(AND(R27>0,AL27>0),(AL27/(R27*1000)*1000),0) -> 997.51159 | AQ27: =IF(AND(S27>0,AM27>0),(AM27/(S27*1000)*1000),0) -> 966.87791 | AR27: =+Listrik!AA26 -> 0 | AS27: =AR27+AS26 -> 0 | AT27: =IF(AND(L27>0,AR27>0),(AR27/(P27*1000)*1000),0) -> 0 | AU27: =IF(AND(M27>0,AS27>0),(AS27/(Q27*1000)*1000),0) -> 0 | AV27: =IF(AND(R27>0,AR27>0),(AR27/(R27*1000)*1000),0) -> 0 | AW27: =IF(AND(S27>0,AS27>0),(AS27/(S27*1000)*1000),0) -> 0 | AX27: =+Listrik!AD26 -> 3890 | AY27: =AX27+AY26 -> 17720 | AZ27: =IF(AND(L27>0,AX27>0),(AX27/(P27*1000)*1000),0) -> 84.1627 | BA27: =IF(AND(M27>0,AY27>0),(AY27/(Q27*1000)*1000),0) -> 21.527505 | BB27: =IF(AND(R27>0,AX27>0),(AX27/(R27*1000)*1000),0) -> 94.905826 | BC27: =IF(AND(S27>0,AY27>0),(AY27/(S27*1000)*1000),0) -> 22.554056 | BE27: =+Efficiency2!K90 -> 47.78041 | BF27: =BF26+BE27 -> 897.74636 | BG27: =+R27/BE27 -> 0.85784112 | BH27: =+S27/BF27 -> 0.87515588
A28: =A27+1 -> 45858 | B28: Facial | C28: 12 | D28: =+'20'!F42 -> 1350 | E28: =+'20'!G42 -> 1039.5 | F28: =1-(E28/D28) -> 0.23 | G28: =+P28/N28 -> 0.93716503 | H28: =+P28/L28 -> 0.93716503 | I28: =+R28/P28 -> 1.0495224 | J28: =+R28/L28 -> 0.98357574 | K28: =+S28/M28 -> 0.87302617 | L28: =+Efficiency1!K94 -> 47.704511 | M28: =M27+L28 -> 953.6816 | N28: =+Efficiency1!C94 -> 47.704511 | O28: =O27+N28 -> 942.61654 | P28: ='20'!I38 -> 44.707 | Q28: =Q27+P28 -> 867.84 | R28: ='20'!I40 -> 46.921 | S28: =S27+R28 -> 832.589 | T28: =+[1]Report1!AZ28 -> 3848.956 | U28: =T28+U27 -> 72019.037 | V28: =T28/P28 -> 86.092916 | W28: =U28/Q28 -> 82.986538 | X28: =IF(AND(R28>0,T28>0),(T28/(R28*1000))*1000,0) -> 82.030562 | Y28: =IF(AND(S28>0,U28>0),U28/S28,0) -> 86.500106 | Z28: 87.2 | AA28: =Z28+AA27 -> 1710.43 | AB28: 87.2 | AC28: =AA28/(Q28) -> 1.9709048 | AD28: =IF(AND(R28>0,Z28>0),Z28/(R28),0) -> 1.8584429 | AE28: =IF(AND(S28>0,AA28>0),AA28/(S28),0) -> 2.0543509 | AF28: 0 | AG28: =+AF28+AG27 -> 0 | AH28: =AF28/(P28) -> 0 | AI28: =AG28/(Q28) -> 0 | AJ28: =IF(AND(R28>0,AF28>0),AF28/(R28),0) -> 0 | AK28: =IF(AND(S28>0,AG28>0),AG28/(S28),0) -> 0 | AL28: ='20'!I46 -> 40534.33 | AM28: =AL28+AM27 -> 800179.36 | AN28: =IF(AND(L28>0,AL28>0),(AL28/(P28*1000)*1000),0) -> 906.66629 | AO28: =IF(AND(M28>0,AM28>0),(AM28/(Q28*1000)*1000),0) -> 922.03559 | AP28: =IF(AND(R28>0,AL28>0),(AL28/(R28*1000)*1000),0) -> 863.88461 | AQ28: =IF(AND(S28>0,AM28>0),(AM28/(S28*1000)*1000),0) -> 961.07367 | AR28: =+Listrik!AA27 -> 0 | AS28: =AR28+AS27 -> 0 | AT28: =IF(AND(L28>0,AR28>0),(AR28/(P28*1000)*1000),0) -> 0 | AU28: =IF(AND(M28>0,AS28>0),(AS28/(Q28*1000)*1000),0) -> 0 | AV28: =IF(AND(R28>0,AR28>0),(AR28/(R28*1000)*1000),0) -> 0 | AW28: =IF(AND(S28>0,AS28>0),(AS28/(S28*1000)*1000),0) -> 0 | AX28: =+Listrik!AD27 -> 2720 | AY28: =AX28+AY27 -> 20440 | AZ28: =IF(AND(L28>0,AX28>0),(AX28/(P28*1000)*1000),0) -> 60.840584 | BA28: =IF(AND(M28>0,AY28>0),(AY28/(Q28*1000)*1000),0) -> 23.552729 | BB28: =IF(AND(R28>0,AX28>0),(AX28/(R28*1000)*1000),0) -> 57.969779 | BC28: =IF(AND(S28>0,AY28>0),(AY28/(S28*1000)*1000),0) -> 24.549928 | BE28: =+Efficiency2!K94 -> 47.704511 | BF28: =BF27+BE28 -> 945.45087 | BG28: =+R28/BE28 -> 0.98357574 | BH28: =+S28/BF28 -> 0.88062641
A29: =A28+1 -> 45859 | B29: Facial | C29: 12 | D29: =+'21'!F42 -> 1350 | E29: =+'21'!G42 -> 1039.5 | F29: =1-(E29/D29) -> 0.23 | G29: =+P29/N29 -> 0.985854 | H29: =+P29/L29 -> 0.985854 | I29: =+R29/P29 -> 0.98838017 | J29: =+R29/L29 -> 0.97439854 | K29: =+S29/M29 -> 0.87775871 | L29: =+Efficiency1!K98 -> 46.702656 | M29: =M28+L29 -> 1000.3843 | N29: =+Efficiency1!C98 -> 46.702656 | O29: =O28+N29 -> 989.31919 | P29: ='21'!I38 -> 46.042 | Q29: =Q28+P29 -> 913.882 | R29: ='21'!I40 -> 45.507 | S29: =S28+R29 -> 878.096 | T29: =+[1]Report1!AZ29 -> 3772.4844 | U29: =T29+U28 -> 75791.522 | V29: =T29/P29 -> 81.935719 | W29: =U29/Q29 -> 82.933597 | X29: =IF(AND(R29>0,T29>0),(T29/(R29*1000))*1000,0) -> 82.89899 | Y29: =IF(AND(S29>0,U29>0),U29/S29,0) -> 86.31348 | Z29: 87.2 | AA29: =Z29+AA28 -> 1797.63 | AB29: 87.2 | AC29: =AA29/(Q29) -> 1.9670264 | AD29: =IF(AND(R29>0,Z29>0),Z29/(R29),0) -> 1.9161887 | AE29: =IF(AND(S29>0,AA29>0),AA29/(S29),0) -> 2.0471907 | AF29: 0 | AG29: =+AF29+AG28 -> 0 | AH29: =AF29/(P29) -> 0 | AI29: =AG29/(Q29) -> 0 | AJ29: =IF(AND(R29>0,AF29>0),AF29/(R29),0) -> 0 | AK29: =IF(AND(S29>0,AG29>0),AG29/(S29),0) -> 0 | AL29: ='21'!I46 -> 43722.395 | AM29: =AL29+AM28 -> 843901.76 | AN29: =IF(AND(L29>0,AL29>0),(AL29/(P29*1000)*1000),0) -> 949.6198 | AO29: =IF(AND(M29>0,AM29>0),(AM29/(Q29*1000)*1000),0) -> 923.4253 | AP29: =IF(AND(R29>0,AL29>0),(AL29/(R29*1000)*1000),0) -> 960.78395 | AQ29: =IF(AND(S29>0,AM29>0),(AM29/(S29*1000)*1000),0) -> 961.05865 | AR29: =+Listrik!AA28 -> 0 | AS29: =AR29+AS28 -> 0 | AT29: =IF(AND(L29>0,AR29>0),(AR29/(P29*1000)*1000),0) -> 0 | AU29: =IF(AND(M29>0,AS29>0),(AS29/(Q29*1000)*1000),0) -> 0 | AV29: =IF(AND(R29>0,AR29>0),(AR29/(R29*1000)*1000),0) -> 0 | AW29: =IF(AND(S29>0,AS29>0),(AS29/(S29*1000)*1000),0) -> 0 | AX29: =+Listrik!AD28 -> 0 | AY29: =AX29+AY28 -> 20440 | AZ29: =IF(AND(L29>0,AX29>0),(AX29/(P29*1000)*1000),0) -> 0 | BA29: =IF(AND(M29>0,AY29>0),(AY29/(Q29*1000)*1000),0) -> 22.366126 | BB29: =IF(AND(R29>0,AX29>0),(AX29/(R29*1000)*1000),0) -> 0 | BC29: =IF(AND(S29>0,AY29>0),(AY29/(S29*1000)*1000),0) -> 23.277637 | BE29: =+Efficiency2!K98 -> 46.702656 | BF29: =BF28+BE29 -> 992.15352 | BG29: =+R29/BE29 -> 0.97439854 | BH29: =+S29/BF29 -> 0.88504045
A30: =A29+1 -> 45860 | B30: Facial | C30: 12/13 | D30: =+'22'!F42 -> 1350 | E30: =+'22'!G42 -> 1039.5 | F30: =1-(E30/D30) -> 0.23 | G30: =+P30/N30 -> 0.95194478 | H30: =+P30/L30 -> 0.95194478 | I30: =+R30/P30 -> 0.94858293 | J30: =+R30/L30 -> 0.90299856 | K30: =+S30/M30 -> 0.87893897 | L30: =+SUM(Efficiency1!K102:K103) -> 49.074275 | M30: =M29+L30 -> 1049.4585 | N30: =+SUM(Efficiency1!C102:C103) -> 49.074275 | O30: =O29+N30 -> 1038.3935 | P30: ='22'!I38 -> 46.716 | Q30: =Q29+P30 -> 960.598 | R30: ='22'!I40 -> 44.314 | S30: =S29+R30 -> 922.41 | T30: =+[1]Report1!AZ30 -> 3729.7432 | U30: =T30+U29 -> 79521.265 | V30: =T30/P30 -> 79.838668 | W30: =U30/Q30 -> 82.783084 | X30: =IF(AND(R30>0,T30>0),(T30/(R30*1000))*1000,0) -> 84.166251 | Y30: =IF(AND(S30>0,U30>0),U30/S30,0) -> 86.210324 | Z30: 90 | AA30: =Z30+AA29 -> 1887.63 | AB30: 90 | AC30: =AA30/(Q30) -> 1.9650572 | AD30: =IF(AND(R30>0,Z30>0),Z30/(R30),0) -> 2.0309609 | AE30: =IF(AND(S30>0,AA30>0),AA30/(S30),0) -> 2.046411 | AF30: 0 | AG30: =+AF30+AG29 -> 0 | AH30: =AF30/(P30) -> 0 | AI30: =AG30/(Q30) -> 0 | AJ30: =IF(AND(R30>0,AF30>0),AF30/(R30),0) -> 0 | AK30: =IF(AND(S30>0,AG30>0),AG30/(S30),0) -> 0 | AL30: ='22'!I46 -> 45912.47 | AM30: =AL30+AM29 -> 889814.23 | AN30: =IF(AND(L30>0,AL30>0),(AL30/(P30*1000)*1000),0) -> 982.79968 | AO30: =IF(AND(M30>0,AM30>0),(AM30/(Q30*1000)*1000),0) -> 926.31281 | AP30: =IF(AND(R30>0,AL30>0),(AL30/(R30*1000)*1000),0) -> 1036.0714 | AQ30: =IF(AND(S30>0,AM30>0),(AM30/(S30*1000)*1000),0) -> 964.66238 | AR30: =+Listrik!AA29 -> 0 | AS30: =AR30+AS29 -> 0 | AT30: =IF(AND(L30>0,AR30>0),(AR30/(P30*1000)*1000),0) -> 0 | AU30: =IF(AND(M30>0,AS30>0),(AS30/(Q30*1000)*1000),0) -> 0 | AV30: =IF(AND(R30>0,AR30>0),(AR30/(R30*1000)*1000),0) -> 0 | AW30: =IF(AND(S30>0,AS30>0),(AS30/(S30*1000)*1000),0) -> 0 | AX30: =+Listrik!AD29 -> 0 | AY30: =AX30+AY29 -> 20440 | AZ30: =IF(AND(L30>0,AX30>0),(AX30/(P30*1000)*1000),0) -> 0 | BA30: =IF(AND(M30>0,AY30>0),(AY30/(Q30*1000)*1000),0) -> 21.278412 | BB30: =IF(AND(R30>0,AX30>0),(AX30/(R30*1000)*1000),0) -> 0 | BC30: =IF(AND(S30>0,AY30>0),(AY30/(S30*1000)*1000),0) -> 22.159343 | BE30: =+SUM(Efficiency2!K102:K103) -> 49.074275 | BF30: =BF29+BE30 -> 1041.2278 | BG30: =+R30/BE30 -> 0.90299856 | BH30: =+S30/BF30 -> 0.88588683
A31: =A30+1 -> 45861 | B31: Facial | C31: 13/12/12,5 | D31: =+'23'!F42 -> 1350 | E31: =+'23'!G42 -> 1039.5 | F31: =1-(E31/D31) -> 0.23 | G31: =+P31/N31 -> 0.92770546 | H31: =+P31/L31 -> 0.92770546 | I31: =+R31/P31 -> 0.97347154 | J31: =+R31/L31 -> 0.90309486 | K31: =+S31/M31 -> 0.88001829 | L31: =+SUM(Efficiency1!K106:K108) -> 49.084545 | M31: =M30+L31 -> 1098.5431 | N31: =+SUM(Efficiency1!C106:C108) -> 49.084545 | O31: =O30+N31 -> 1087.478 | P31: ='23'!I38 -> 45.536 | Q31: =Q30+P31 -> 1006.134 | R31: ='23'!I40 -> 44.328 | S31: =S30+R31 -> 966.738 | T31: =+[1]Report1!AZ31 -> 3622.0686 | U31: =T31+U30 -> 83143.333 | V31: =T31/P31 -> 79.542969 | W31: =U31/Q31 -> 82.636441 | X31: =IF(AND(R31>0,T31>0),(T31/(R31*1000))*1000,0) -> 81.710626 | Y31: =IF(AND(S31>0,U31>0),U31/S31,0) -> 86.003998 | Z31: 89 | AA31: =Z31+AA30 -> 1976.63 | AB31: 89 | AC31: =AA31/(Q31) -> 1.9645793 | AD31: =IF(AND(R31>0,Z31>0),Z31/(R31),0) -> 2.0077603 | AE31: =IF(AND(S31>0,AA31>0),AA31/(S31),0) -> 2.0446388 | AF31: 0 | AG31: =+AF31+AG30 -> 0 | AH31: =AF31/(P31) -> 0 | AI31: =AG31/(Q31) -> 0 | AJ31: =IF(AND(R31>0,AF31>0),AF31/(R31),0) -> 0 | AK31: =IF(AND(S31>0,AG31>0),AG31/(S31),0) -> 0 | AL31: ='23'!I46 -> 40393.515 | AM31: =AL31+AM30 -> 930207.74 | AN31: =IF(AND(L31>0,AL31>0),(AL31/(P31*1000)*1000),0) -> 887.0677 | AO31: =IF(AND(M31>0,AM31>0),(AM31/(Q31*1000)*1000),0) -> 924.53664 | AP31: =IF(AND(R31>0,AL31>0),(AL31/(R31*1000)*1000),0) -> 911.24154 | AQ31: =IF(AND(S31>0,AM31>0),(AM31/(S31*1000)*1000),0) -> 962.21287 | AR31: =+Listrik!AA30 -> 0 | AS31: =AR31+AS30 -> 0 | AT31: =IF(AND(L31>0,AR31>0),(AR31/(P31*1000)*1000),0) -> 0 | AU31: =IF(AND(M31>0,AS31>0),(AS31/(Q31*1000)*1000),0) -> 0 | AV31: =IF(AND(R31>0,AR31>0),(AR31/(R31*1000)*1000),0) -> 0 | AW31: =IF(AND(S31>0,AS31>0),(AS31/(S31*1000)*1000),0) -> 0 | AX31: =+Listrik!AD30 -> 0 | AY31: =AX31+AY30 -> 20440 | AZ31: =IF(AND(L31>0,AX31>0),(AX31/(P31*1000)*1000),0) -> 0 | BA31: =IF(AND(M31>0,AY31>0),(AY31/(Q31*1000)*1000),0) -> 20.315385 | BB31: =IF(AND(R31>0,AX31>0),(AX31/(R31*1000)*1000),0) -> 0 | BC31: =IF(AND(S31>0,AY31>0),(AY31/(S31*1000)*1000),0) -> 21.143267 | BE31: =+SUM(Efficiency2!K106:K108) -> 49.084545 | BF31: =BF30+BE31 -> 1090.3123 | BG31: =+R31/BE31 -> 0.90309486 | BH31: =+S31/BF31 -> 0.88666152
A32: =A31+1 -> 45862 | B32: Facial/Toilet | C32: 12,5/14,5/17 | D32: =+'24'!F42 -> 1133.4722 | E32: =+'24'!G42 -> 927.03194 | F32: =1-(E32/D32) -> 0.18213087 | G32: =+P32/N32 -> 0.95187923 | H32: =+P32/L32 -> 0.95187923 | I32: =+R32/P32 -> 0.94142703 | J32: =+R32/L32 -> 0.89612484 | K32: =+S32/M32 -> 0.88075337 | L32: =+SUM(Efficiency1!K111:K113) -> 52.533975 | M32: =M31+L32 -> 1151.0771 | N32: =+SUM(Efficiency1!C111:C113) -> 52.533975 | O32: =O31+N32 -> 1140.012 | P32: ='24'!I38 -> 50.006 | Q32: =Q31+P32 -> 1056.14 | R32: ='24'!I40 -> 47.077 | S32: =S31+R32 -> 1013.815 | T32: =+[1]Report1!AZ32 -> 3759.7835 | U32: =T32+U31 -> 86903.117 | V32: =T32/P32 -> 75.186648 | W32: =U32/Q32 -> 82.283709 | X32: =IF(AND(R32>0,T32>0),(T32/(R32*1000))*1000,0) -> 79.864552 | Y32: =IF(AND(S32>0,U32>0),U32/S32,0) -> 85.71891 | Z32: 91.05 | AA32: =Z32+AA31 -> 2067.68 | AB32: 91.05 | AC32: =AA32/(Q32) -> 1.9577708 | AD32: =IF(AND(R32>0,Z32>0),Z32/(R32),0) -> 1.9340655 | AE32: =IF(AND(S32>0,AA32>0),AA32/(S32),0) -> 2.0395042 | AF32: 7.9 | AG32: =+AF32+AG31 -> 7.9 | AH32: =AF32/(P32) -> 0.15798104 | AI32: =AG32/(Q32) -> 0.0074800689 | AJ32: =IF(AND(R32>0,AF32>0),AF32/(R32),0) -> 0.16781018 | AK32: =IF(AND(S32>0,AG32>0),AG32/(S32),0) -> 0.0077923487 | AL32: =+'24'!I46 -> 36466.875 | AM32: =AL32+AM31 -> 966674.62 | AN32: =IF(AND(L32>0,AL32>0),(AL32/(P32*1000)*1000),0) -> 729.24999 | AO32: =IF(AND(M32>0,AM32>0),(AM32/(Q32*1000)*1000),0) -> 915.29023 | AP32: =IF(AND(R32>0,AL32>0),(AL32/(R32*1000)*1000),0) -> 774.6219 | AQ32: =IF(AND(S32>0,AM32>0),(AM32/(S32*1000)*1000),0) -> 953.50199 | AR32: =+Listrik!AA31 -> 20531 | AS32: =AR32+AS31 -> 20531 | AT32: =IF(AND(L32>0,AR32>0),(AR32/(P32*1000)*1000),0) -> 410.57073 | AU32: =IF(AND(M32>0,AS32>0),(AS32/(Q32*1000)*1000),0) -> 19.439658 | AV32: =IF(AND(R32>0,AR32>0),(AR32/(R32*1000)*1000),0) -> 436.1153 | AW32: =IF(AND(S32>0,AS32>0),(AS32/(S32*1000)*1000),0) -> 20.251229 | AX32: =+Listrik!AD31 -> 0 | AY32: =AX32+AY31 -> 20440 | AZ32: =IF(AND(L32>0,AX32>0),(AX32/(P32*1000)*1000),0) -> 0 | BA32: =IF(AND(M32>0,AY32>0),(AY32/(Q32*1000)*1000),0) -> 19.353495 | BB32: =IF(AND(R32>0,AX32>0),(AX32/(R32*1000)*1000),0) -> 0 | BC32: =IF(AND(S32>0,AY32>0),(AY32/(S32*1000)*1000),0) -> 20.161469 | BE32: =+Efficiency2!K111+Efficiency2!K112+Efficiency2!K113 -> 52.24095 | BF32: =BF31+BE32 -> 1142.5533 | BG32: =+R32/BE32 -> 0.9011513 | BH32: =+S32/BF32 -> 0.88732404
A33: =A32+1 -> 45863 | B33: Toilet | C33: 17/19/20 | D33: =+'25'!F42 -> 1004.8264 | E33: =+'25'!G42 -> 803.86111 | F33: =1-(E33/D33) -> 0.2 | G33: =+P33/N33 -> 0.98957053 | H33: =+P33/L33 -> 0.98957053 | I33: =+R33/P33 -> 0.87141812 | J33: =+R33/L33 -> 0.86232969 | K33: =+S33/M33 -> 0.87990992 | L33: =+SUM(Efficiency1!K117:K119) -> 55.225978 | M33: =M32+L33 -> 1206.303 | N33: =+SUM(Efficiency1!C117:C119) -> 55.225978 | O33: =O32+N33 -> 1195.238 | P33: ='25'!I38 -> 54.65 | Q33: =Q32+P33 -> 1110.79 | R33: ='25'!I40 -> 47.623 | S33: =S32+R33 -> 1061.438 | T33: =+[1]Report1!AZ33 -> 3718.3625 | U33: =T33+U32 -> 90621.479 | V33: =T33/P33 -> 68.03957 | W33: =U33/Q33 -> 81.582909 | X33: =IF(AND(R33>0,T33>0),(T33/(R33*1000))*1000,0) -> 78.079132 | Y33: =IF(AND(S33>0,U33>0),U33/S33,0) -> 85.37614 | Z33: 89.8 | AA33: =Z33+AA32 -> 2157.48 | AB33: 89.8 | AC33: =AA33/(Q33) -> 1.9422933 | AD33: =IF(AND(R33>0,Z33>0),Z33/(R33),0) -> 1.8856435 | AE33: =IF(AND(S33>0,AA33>0),AA33/(S33),0) -> 2.0326011 | AF33: 9.3 | AG33: =+AF33+AG32 -> 17.2 | AH33: =AF33/(P33) -> 0.17017383 | AI33: =AG33/(Q33) -> 0.015484475 | AJ33: =IF(AND(R33>0,AF33>0),AF33/(R33),0) -> 0.19528379 | AK33: =IF(AND(S33>0,AG33>0),AG33/(S33),0) -> 0.016204432 | AL33: =+'25'!I46 -> 33439.905 | AM33: =AL33+AM32 -> 1000114.5 | AN33: =IF(AND(L33>0,AL33>0),(AL33/(P33*1000)*1000),0) -> 611.89213 | AO33: =IF(AND(M33>0,AM33>0),(AM33/(Q33*1000)*1000),0) -> 900.36328 | AP33: =IF(AND(R33>0,AL33>0),(AL33/(R33*1000)*1000),0) -> 702.17972 | AQ33: =IF(AND(S33>0,AM33>0),(AM33/(S33*1000)*1000),0) -> 942.22604 | AR33: =+Listrik!AA32 -> 27050 | AS33: =AR33+AS32 -> 47581 | AT33: =IF(AND(L33>0,AR33>0),(AR33/(P33*1000)*1000),0) -> 494.96798 | AU33: =IF(AND(M33>0,AS33>0),(AS33/(Q33*1000)*1000),0) -> 42.835279 | AV33: =IF(AND(R33>0,AR33>0),(AR33/(R33*1000)*1000),0) -> 568.00286 | AW33: =IF(AND(S33>0,AS33>0),(AS33/(S33*1000)*1000),0) -> 44.826923 | AX33: =+Listrik!AD32 -> 0 | AY33: =AX33+AY32 -> 20440 | AZ33: =IF(AND(L33>0,AX33>0),(AX33/(P33*1000)*1000),0) -> 0 | BA33: =IF(AND(M33>0,AY33>0),(AY33/(Q33*1000)*1000),0) -> 18.401318 | BB33: =IF(AND(R33>0,AX33>0),(AX33/(R33*1000)*1000),0) -> 0 | BC33: =IF(AND(S33>0,AY33>0),(AY33/(S33*1000)*1000),0) -> 19.256895 | BE33: =+SUM(Efficiency2!K117:K119) -> 55.225978 | BF33: =BF32+BE33 -> 1197.7793 | BG33: =+R33/BE33 -> 0.86232969 | BH33: =+S33/BF33 -> 0.88617162
A34: =A33+1 -> 45864 | B34: Toilet | C34: 20/15,5 | D34: =+'26'!F42 -> 1142.7083 | E34: =+'26'!G42 -> 886.41667 | F34: =1-(E34/D34) -> 0.22428441 | G34: =+P34/N34 -> 0.99735454 | H34: =+P34/L34 -> 0.99735454 | I34: =+R34/P34 -> 1.0154866 | J34: =+R34/L34 -> 1.0128002 | K34: =+S34/M34 -> 0.88583171 | L34: =+SUM(Efficiency1!K122:K123) -> 56.261839 | M34: =M33+L34 -> 1262.5649 | N34: =+SUM(Efficiency1!C122:C123) -> 56.261839 | O34: =O33+N34 -> 1251.4998 | P34: ='26'!I38 -> 56.113 | Q34: =Q33+P34 -> 1166.903 | R34: ='26'!I40 -> 56.982 | S34: =S33+R34 -> 1118.42 | T34: =+[1]Report1!AZ34 -> 3865.9015 | U34: =T34+U33 -> 94487.381 | V34: =T34/P34 -> 68.894934 | W34: =U34/Q34 -> 80.972781 | X34: =IF(AND(R34>0,T34>0),(T34/(R34*1000))*1000,0) -> 67.844257 | Y34: =IF(AND(S34>0,U34>0),U34/S34,0) -> 84.482914 | Z34: 93.9 | AA34: =Z34+AA33 -> 2251.38 | AB34: 93.9 | AC34: =AA34/(Q34) -> 1.9293635 | AD34: =IF(AND(R34>0,Z34>0),Z34/(R34),0) -> 1.6478888 | AE34: =IF(AND(S34>0,AA34>0),AA34/(S34),0) -> 2.0130005 | AF34: 10.4 | AG34: =+AF34+AG33 -> 27.6 | AH34: =AF34/(P34) -> 0.1853403 | AI34: =AG34/(Q34) -> 0.023652352 | AJ34: =IF(AND(R34>0,AF34>0),AF34/(R34),0) -> 0.18251378 | AK34: =IF(AND(S34>0,AG34>0),AG34/(S34),0) -> 0.02467767 | AL34: ='26'!I46 -> 38514.51 | AM34: =AL34+AM33 -> 1038629 | AN34: =IF(AND(L34>0,AL34>0),(AL34/(P34*1000)*1000),0) -> 686.3741 | AO34: =IF(AND(M34>0,AM34>0),(AM34/(Q34*1000)*1000),0) -> 890.07316 | AP34: =IF(AND(R34>0,AL34>0),(AL34/(R34*1000)*1000),0) -> 675.9066 | AQ34: =IF(AND(S34>0,AM34>0),(AM34/(S34*1000)*1000),0) -> 928.65742 | AR34: =+Listrik!AA33 -> 27081 | AS34: =AR34+AS33 -> 74662 | AT34: =IF(AND(L34>0,AR34>0),(AR34/(P34*1000)*1000),0) -> 482.61544 | AU34: =IF(AND(M34>0,AS34>0),(AS34/(Q34*1000)*1000),0) -> 63.983039 | AV34: =IF(AND(R34>0,AR34>0),(AR34/(R34*1000)*1000),0) -> 475.25534 | AW34: =IF(AND(S34>0,AS34>0),(AS34/(S34*1000)*1000),0) -> 66.756675 | AX34: =+Listrik!AD33 -> 0 | AY34: =AX34+AY33 -> 20440 | AZ34: =IF(AND(L34>0,AX34>0),(AX34/(P34*1000)*1000),0) -> 0 | BA34: =IF(AND(M34>0,AY34>0),(AY34/(Q34*1000)*1000),0) -> 17.516452 | BB34: =IF(AND(R34>0,AX34>0),(AX34/(R34*1000)*1000),0) -> 0 | BC34: =IF(AND(S34>0,AY34>0),(AY34/(S34*1000)*1000),0) -> 18.275782 | BE34: =+SUM(Efficiency2!K122:K123) -> 56.261839 | BF34: =BF33+BE34 -> 1254.0411 | BG34: =+R34/BE34 -> 1.0128002 | BH34: =+S34/BF34 -> 0.89185274
A35: =A34+1 -> 45865 | B35: Toilet | C35: 15,5 | D35: =+'27'!F42 -> 1200 | E35: =+'27'!G42 -> 924 | F35: =1-(E35/D35) -> 0.23 | G35: =+P35/N35 -> 1.0049518 | H35: =+P35/L35 -> 1.0049518 | I35: =+R35/P35 -> 0.96446228 | J35: =+R35/L35 -> 0.96923807 | K35: =+S35/M35 -> 0.88934692 | L35: =+Efficiency1!K127 -> 55.552915 | M35: =M34+L35 -> 1318.1178 | N35: =+Efficiency1!C127 -> 55.552915 | O35: =O34+N35 -> 1307.0527 | P35: ='27'!I38 -> 55.828 | Q35: =Q34+P35 -> 1222.731 | R35: ='27'!I40 -> 53.844 | S35: =S34+R35 -> 1172.264 | T35: =+[1]Report1!AZ35 -> 3979.5041 | U35: =T35+U34 -> 98466.885 | V35: =T35/P35 -> 71.281508 | W35: =U35/Q35 -> 80.530292 | X35: =IF(AND(R35>0,T35>0),(T35/(R35*1000))*1000,0) -> 73.908032 | Y35: =IF(AND(S35>0,U35>0),U35/S35,0) -> 83.997193 | Z35: 95.1 | AA35: =Z35+AA34 -> 2346.48 | AB35: 95.1 | AC35: =AA35/(Q35) -> 1.9190484 | AD35: =IF(AND(R35>0,Z35>0),Z35/(R35),0) -> 1.7662135 | AE35: =IF(AND(S35>0,AA35>0),AA35/(S35),0) -> 2.0016652 | AF35: 10.1 | AG35: =+AF35+AG34 -> 37.7 | AH35: =AF35/(P35) -> 0.1809128 | AI35: =AG35/(Q35) -> 0.03083262 | AJ35: =IF(AND(R35>0,AF35>0),AF35/(R35),0) -> 0.18757893 | AK35: =IF(AND(S35>0,AG35>0),AG35/(S35),0) -> 0.032159991 | AL35: ='27'!I46 -> 38171.185 | AM35: =AL35+AM34 -> 1076800.2 | AN35: =IF(AND(L35>0,AL35>0),(AL35/(P35*1000)*1000),0) -> 683.72833 | AO35: =IF(AND(M35>0,AM35>0),(AM35/(Q35*1000)*1000),0) -> 880.65177 | AP35: =IF(AND(R35>0,AL35>0),(AL35/(R35*1000)*1000),0) -> 708.92179 | AQ35: =IF(AND(S35>0,AM35>0),(AM35/(S35*1000)*1000),0) -> 918.56461 | AR35: =+Listrik!AA34 -> 25729.9 | AS35: =AR35+AS34 -> 100391.9 | AT35: =IF(AND(L35>0,AR35>0),(AR35/(P35*1000)*1000),0) -> 460.87805 | AU35: =IF(AND(M35>0,AS35>0),(AS35/(Q35*1000)*1000),0) -> 82.104649 | AV35: =IF(AND(R35>0,AR35>0),(AR35/(R35*1000)*1000),0) -> 477.86011 | AW35: =IF(AND(S35>0,AS35>0),(AS35/(S35*1000)*1000),0) -> 85.639327 | AX35: =+Listrik!AD34 -> 0 | AY35: =AX35+AY34 -> 20440 | AZ35: =IF(AND(L35>0,AX35>0),(AX35/(P35*1000)*1000),0) -> 0 | BA35: =IF(AND(M35>0,AY35>0),(AY35/(Q35*1000)*1000),0) -> 16.716678 | BB35: =IF(AND(R35>0,AX35>0),(AX35/(R35*1000)*1000),0) -> 0 | BC35: =IF(AND(S35>0,AY35>0),(AY35/(S35*1000)*1000),0) -> 17.436345 | BE35: =+Efficiency2!K127 -> 55.552915 | BF35: =BF34+BE35 -> 1309.594 | BG35: =+R35/BE35 -> 0.96923807 | BH35: =+S35/BF35 -> 0.89513542
A36: =A35+1 -> 45866 | B36: Toilet | C36: 15,5/20 | D36: =+'28'!F42 -> 1196.0069 | E36: =+'28'!G42 -> 932.88542 | F36: =1-(E36/D36) -> 0.22 | G36: =+P36/N36 -> 0.99279611 | H36: =+P36/L36 -> 0.99237984 | I36: =+R36/P36 -> 1.0278051 | J36: =+R36/L36 -> 1.0199731 | K36: =+S36/M36 -> 0.89469609 | L36: =+SUM(Efficiency1!K131:K132) -> 56.281877 | M36: =M35+L36 -> 1374.3997 | N36: =+SUM(Efficiency1!C131:C132) -> 56.258279 | O36: =O35+N36 -> 1363.311 | P36: ='28'!I38 -> 55.853 | Q36: =Q35+P36 -> 1278.584 | R36: ='28'!I40 -> 57.406 | S36: =S35+R36 -> 1229.67 | T36: =+[1]Report1!AZ36 -> 3982.8701 | U36: =T36+U35 -> 102449.75 | V36: =T36/P36 -> 71.309868 | W36: =U36/Q36 -> 80.127512 | X36: =IF(AND(R36>0,T36>0),(T36/(R36*1000))*1000,0) -> 69.380728 | Y36: =IF(AND(S36>0,U36>0),U36/S36,0) -> 83.314836 | Z36: 95.6 | AA36: =Z36+AA35 -> 2442.08 | AB36: 95.6 | AC36: =AA36/(Q36) -> 1.9099879 | AD36: =IF(AND(R36>0,Z36>0),Z36/(R36),0) -> 1.6653312 | AE36: =IF(AND(S36>0,AA36>0),AA36/(S36),0) -> 1.9859637 | AF36: 11 | AG36: =+AF36+AG35 -> 48.7 | AH36: =AF36/(P36) -> 0.19694555 | AI36: =AG36/(Q36) -> 0.038089011 | AJ36: =IF(AND(R36>0,AF36>0),AF36/(R36),0) -> 0.1916176 | AK36: =IF(AND(S36>0,AG36>0),AG36/(S36),0) -> 0.039604121 | AL36: ='28'!I46 -> 37975.25 | AM36: =AL36+AM35 -> 1114775.5 | AN36: =IF(AND(L36>0,AL36>0),(AL36/(P36*1000)*1000),0) -> 679.91424 | AO36: =IF(AND(M36>0,AM36>0),(AM36/(Q36*1000)*1000),0) -> 871.88286 | AP36: =IF(AND(R36>0,AL36>0),(AL36/(R36*1000)*1000),0) -> 661.52057 | AQ36: =IF(AND(S36>0,AM36>0),(AM36/(S36*1000)*1000),0) -> 906.56475 | AR36: =+Listrik!AA35 -> 28509 | AS36: =AR36+AS35 -> 128900.9 | AT36: =IF(AND(L36>0,AR36>0),(AR36/(P36*1000)*1000),0) -> 510.42916 | AU36: =IF(AND(M36>0,AS36>0),(AS36/(Q36*1000)*1000),0) -> 100.81536 | AV36: =IF(AND(R36>0,AR36>0),(AR36/(R36*1000)*1000),0) -> 496.62056 | AW36: =IF(AND(S36>0,AS36>0),(AS36/(S36*1000)*1000),0) -> 104.8256 | AX36: =+Listrik!AD35 -> 0 | AY36: =AX36+AY35 -> 20440 | AZ36: =IF(AND(L36>0,AX36>0),(AX36/(P36*1000)*1000),0) -> 0 | BA36: =IF(AND(M36>0,AY36>0),(AY36/(Q36*1000)*1000),0) -> 15.986435 | BB36: =IF(AND(R36>0,AX36>0),(AX36/(R36*1000)*1000),0) -> 0 | BC36: =IF(AND(S36>0,AY36>0),(AY36/(S36*1000)*1000),0) -> 16.622346 | BE36: =+SUM(Efficiency2!K131:K132) -> 56.281877 | BF36: =BF35+BE36 -> 1365.8759 | BG36: =+R36/BE36 -> 1.0199731 | BH36: =+S36/BF36 -> 0.90027945
A37: =A36+1 -> 45867 | B37: Toilet | C37: 15,5 | D37: =+'29'!F42 -> 1200 | E37: =+'29'!G42 -> 936 | F37: =1-(E37/D37) -> 0.22 | G37: =+P37/N37 -> 0.99865553 | H37: =+P37/L37 -> 0.99865553 | I37: =+R37/P37 -> 0.9306132 | J37: =+R37/L37 -> 0.92936201 | K37: =+S37/M37 -> 0.89604706 | L37: =+Efficiency1!K135 -> 55.733933 | M37: =M36+L37 -> 1430.1336 | N37: =+Efficiency1!C135 -> 55.733933 | O37: =O36+N37 -> 1419.0449 | P37: ='29'!I38 -> 55.659 | Q37: =Q36+P37 -> 1334.243 | R37: ='29'!I40 -> 51.797 | S37: =S36+R37 -> 1281.467 | T37: =+[1]Report1!AZ37 -> 4004.5529 | U37: =T37+U36 -> 106454.31 | V37: =T37/P37 -> 71.947986 | W37: =U37/Q37 -> 79.786297 | X37: =IF(AND(R37>0,T37>0),(T37/(R37*1000))*1000,0) -> 77.312449 | Y37: =IF(AND(S37>0,U37>0),U37/S37,0) -> 83.072219 | Z37: 97.1 | AA37: =Z37+AA36 -> 2539.18 | AB37: 97.1 | AC37: =AA37/(Q37) -> 1.9030866 | AD37: =IF(AND(R37>0,Z37>0),Z37/(R37),0) -> 1.8746259 | AE37: =IF(AND(S37>0,AA37>0),AA37/(S37),0) -> 1.9814634 | AF37: 10.3 | AG37: =+AF37+AG36 -> 59 | AH37: =AF37/(P37) -> 0.18505543 | AI37: =AG37/(Q37) -> 0.044219831 | AJ37: =IF(AND(R37>0,AF37>0),AF37/(R37),0) -> 0.19885322 | AK37: =IF(AND(S37>0,AG37>0),AG37/(S37),0) -> 0.046040983 | AL37: ='29'!I46 -> 40272.85 | AM37: =AL37+AM36 -> 1155048.3 | AN37: =IF(AND(L37>0,AL37>0),(AL37/(P37*1000)*1000),0) -> 723.56402 | AO37: =IF(AND(M37>0,AM37>0),(AM37/(Q37*1000)*1000),0) -> 865.69562 | AP37: =IF(AND(R37>0,AL37>0),(AL37/(R37*1000)*1000),0) -> 777.51318 | AQ37: =IF(AND(S37>0,AM37>0),(AM37/(S37*1000)*1000),0) -> 901.34847 | AR37: =+Listrik!AA36 -> 28200.654 | AS37: =AR37+AS36 -> 157101.55 | AT37: =IF(AND(L37>0,AR37>0),(AR37/(P37*1000)*1000),0) -> 506.66836 | AU37: =IF(AND(M37>0,AS37>0),(AS37/(Q37*1000)*1000),0) -> 117.74583 | AV37: =IF(AND(R37>0,AR37>0),(AR37/(R37*1000)*1000),0) -> 544.4457 | AW37: =IF(AND(S37>0,AS37>0),(AS37/(S37*1000)*1000),0) -> 122.59508 | AX37: =+Listrik!AD36 -> 0 | AY37: =AX37+AY36 -> 20440 | AZ37: =IF(AND(L37>0,AX37>0),(AX37/(P37*1000)*1000),0) -> 0 | BA37: =IF(AND(M37>0,AY37>0),(AY37/(Q37*1000)*1000),0) -> 15.319548 | BB37: =IF(AND(R37>0,AX37>0),(AX37/(R37*1000)*1000),0) -> 0 | BC37: =IF(AND(S37>0,AY37>0),(AY37/(S37*1000)*1000),0) -> 15.950469 | BE37: =+Efficiency2!K135 -> 55.733933 | BF37: =BF36+BE37 -> 1421.6098 | BG37: =+R37/BE37 -> 0.92936201 | BH37: =+S37/BF37 -> 0.90141962
A38: =A37+1 -> 45868 | B38: Toilet | C38: 15,5 | D38: =+'30'!F42 -> 1200 | E38: =+'30'!G42 -> 936 | F38: =1-(E38/D38) -> 0.22 | G38: =+P38/N38 -> 0.9846366 | H38: =+P38/L38 -> 0.9846366 | I38: =+R38/P38 -> 0.9130348 | J38: =+R38/L38 -> 0.89900749 | K38: =+S38/M38 -> 0.89615861 | L38: =+Efficiency1!K139 -> 55.997309 | M38: =M37+L38 -> 1486.1309 | N38: =+Efficiency1!C139 -> 55.997309 | O38: =O37+N38 -> 1475.0422 | P38: ='30'!I38 -> 55.137 | Q38: =Q37+P38 -> 1389.38 | R38: ='30'!I40 -> 50.342 | S38: =S37+R38 -> 1331.809 | T38: =+[1]Report1!AZ38 -> 4150.1941 | U38: =T38+U37 -> 110604.5 | V38: =T38/P38 -> 75.270582 | W38: =U38/Q38 -> 79.607092 | X38: =IF(AND(R38>0,T38>0),(T38/(R38*1000))*1000,0) -> 82.439992 | Y38: =IF(AND(S38>0,U38>0),U38/S38,0) -> 83.048321 | Z38: 99.2 | AA38: =Z38+AA37 -> 2638.38 | AB38: 99.2 | AC38: =AA38/(Q38) -> 1.8989621 | AD38: =IF(AND(R38>0,Z38>0),Z38/(R38),0) -> 1.9705216 | AE38: =IF(AND(S38>0,AA38>0),AA38/(S38),0) -> 1.9810498 | AF38: 9.6 | AG38: =+AF38+AG37 -> 68.6 | AH38: =AF38/(P38) -> 0.17411176 | AI38: =AG38/(Q38) -> 0.049374541 | AJ38: =IF(AND(R38>0,AF38>0),AF38/(R38),0) -> 0.19069564 | AK38: =IF(AND(S38>0,AG38>0),AG38/(S38),0) -> 0.051508888 | AL38: ='30'!I46 -> 36230.16 | AM38: =AL38+AM37 -> 1191278.5 | AN38: =IF(AND(L38>0,AL38>0),(AL38/(P38*1000)*1000),0) -> 657.09342 | AO38: =IF(AND(M38>0,AM38>0),(AM38/(Q38*1000)*1000),0) -> 857.41732 | AP38: =IF(AND(R38>0,AL38>0),(AL38/(R38*1000)*1000),0) -> 719.68058 | AQ38: =IF(AND(S38>0,AM38>0),(AM38/(S38*1000)*1000),0) -> 894.48148 | AR38: =+Listrik!AA37 -> 24750.908 | AS38: =AR38+AS37 -> 181852.46 | AT38: =IF(AND(L38>0,AR38>0),(AR38/(P38*1000)*1000),0) -> 448.89834 | AU38: =IF(AND(M38>0,AS38>0),(AS38/(Q38*1000)*1000),0) -> 130.88749 | AV38: =IF(AND(R38>0,AR38>0),(AR38/(R38*1000)*1000),0) -> 491.65524 | AW38: =IF(AND(S38>0,AS38>0),(AS38/(S38*1000)*1000),0) -> 136.54545 | AX38: =+Listrik!AD37 -> 0 | AY38: =AX38+AY37 -> 20440 | AZ38: =IF(AND(L38>0,AX38>0),(AX38/(P38*1000)*1000),0) -> 0 | BA38: =IF(AND(M38>0,AY38>0),(AY38/(Q38*1000)*1000),0) -> 14.711598 | BB38: =IF(AND(R38>0,AX38>0),(AX38/(R38*1000)*1000),0) -> 0 | BC38: =IF(AND(S38>0,AY38>0),(AY38/(S38*1000)*1000),0) -> 15.347546 | BE38: =+Efficiency2!K139 -> 55.997309 | BF38: =BF37+BE38 -> 1477.6071 | BG38: =+R38/BE38 -> 0.89900749 | BH38: =+S38/BF38 -> 0.90132821
A39: =A38+1 -> 45869 | B39: Toilet | C39: 15,5/13,5 | D39: =+'31'!F42 -> 1187.5 | E39: =+'31'!G42 -> 930.975 | F39: =1-(E39/D39) -> 0.21602105 | G39: =+P39/N39 -> 0.99227786 | H39: =+P39/L39 -> 0.99227786 | I39: =+R39/P39 -> 1.0010961 | J39: =+R39/L39 -> 0.99336552 | K39: =+S39/M39 -> 0.89958178 | L39: =+SUM(Efficiency1!K143:K144) -> 54.244886 | M39: =M38+L39 -> 1540.3758 | N39: =+SUM(Efficiency1!C143:C144) -> 54.244886 | O39: =O38+N39 -> 1529.2871 | P39: ='31'!I38 -> 53.826 | Q39: =Q38+P39 -> 1443.206 | R39: ='31'!I40 -> 53.885 | S39: =S38+R39 -> 1385.694 | T39: =+[1]Report1!AZ39 -> 4138.0039 | U39: =T39+U38 -> 114742.51 | V39: =T39/P39 -> 76.877418 | W39: =U39/Q39 -> 79.505286 | X39: =IF(AND(R39>0,T39>0),(T39/(R39*1000))*1000,0) -> 76.793243 | Y39: =IF(AND(S39>0,U39>0),U39/S39,0) -> 82.805082 | Z39: 98.5 | AA39: =Z39+AA38 -> 2736.88 | AB39: =Z39/(P39) -> 1.8299706 | AC39: =AA39/(Q39) -> 1.896389 | AD39: =IF(AND(R39>0,Z39>0),Z39/(R39),0) -> 1.827967 | AE39: =IF(AND(S39>0,AA39>0),AA39/(S39),0) -> 1.975097 | AF39: 9.7 | AG39: =+AF39+AG38 -> 78.3 | AH39: =AF39/(P39) -> 0.18021031 | AI39: =AG39/(Q39) -> 0.054254209 | AJ39: =IF(AND(R39>0,AF39>0),AF39/(R39),0) -> 0.18001299 | AK39: =IF(AND(S39>0,AG39>0),AG39/(S39),0) -> 0.056505982 | AL39: ='31'!I46 -> 37566.18 | AM39: =AL39+AM38 -> 1228844.7 | AN39: =IF(AND(L39>0,AL39>0),(AL39/(P39*1000)*1000),0) -> 697.91885 | AO39: =IF(AND(M39>0,AM39>0),(AM39/(Q39*1000)*1000),0) -> 851.46865 | AP39: =IF(AND(R39>0,AL39>0),(AL39/(R39*1000)*1000),0) -> 697.15468 | AQ39: =IF(AND(S39>0,AM39>0),(AM39/(S39*1000)*1000),0) -> 886.8081 | AR39: =+Listrik!AA38 -> 26332.436 | AS39: =AR39+AS38 -> 208184.9 | AT39: =IF(AND(L39>0,AR39>0),(AR39/(P39*1000)*1000),0) -> 489.21406 | AU39: =IF(AND(M39>0,AS39>0),(AS39/(Q39*1000)*1000),0) -> 144.25169 | AV39: =IF(AND(R39>0,AR39>0),(AR39/(R39*1000)*1000),0) -> 488.67841 | AW39: =IF(AND(S39>0,AS39>0),(AS39/(S39*1000)*1000),0) -> 150.23872 | AX39: =+Listrik!AD38 -> 0 | AY39: =AX39+AY38 -> 20440 | AZ39: =IF(AND(L39>0,AX39>0),(AX39/(P39*1000)*1000),0) -> 0 | BA39: =IF(AND(M39>0,AY39>0),(AY39/(Q39*1000)*1000),0) -> 14.162912 | BB39: =IF(AND(R39>0,AX39>0),(AX39/(R39*1000)*1000),0) -> 0 | BC39: =IF(AND(S39>0,AY39>0),(AY39/(S39*1000)*1000),0) -> 14.750731 | BE39: =+SUM(Efficiency2!K143:K144) -> 54.244886 | BF39: =BF38+BE39 -> 1531.852 | BG39: =+R39/BE39 -> 0.99336552 | BH39: =+S39/BF39 -> 0.90458737
G41: =+P41/N41 -> 0.9437116 | H41: =+P41/L41 -> 0.93691813 | I41: =+R41/P41 -> 0.96014983 | J41: =+R41/L41 -> 0.89958178 | L41: =SUM(L9:L39) -> 1540.3758 | N41: =SUM(N9:N39) -> 1529.2871 | P41: =SUM(P9:P39) -> 1443.206 | R41: =SUM(R9:R39) -> 1385.694 | T41: =SUM(T9:T39) -> 114742.51 | V41: =T41/P41 -> 79.505286 | X41: =IF(AND(R41>0,T41>0),(T41/(R41*1000))*1000,0) -> 82.805082 | Z41: =SUM(Z9:Z40) -> 2736.88 | AB41: =Z41/P41 -> 1.896389 | AD41: =Z41/R41 -> 1.975097 | AF41: =SUM(AF9:AF40) -> 78.3 | AH41: =AF41/V41 -> 0.98484018 | AJ41: =AF41/R41 -> 0.056505982 | AL41: =SUM(AL9:AL39) -> 1228844.7 | AN41: =AL41/P41 -> 851.46865 | AP41: =AL41/R41 -> 886.8081 | AR41: =SUM(AR9:AR39) -> 208184.9 | AT41: =AR41/V41 -> 2618.5039 | AV41: =AR41/R41 -> 150.23872 | AX41: =SUM(AX9:AX39) -> 20440 | AZ41: =AX41/AH41 -> 20754.637 | BB41: =AX41/AJ41 -> 361731.61 | BE41: =SUM(BE9:BE39) -> 1531.852 | BG41: =+R41/BE41 -> 0.90458737

Sheet GRAFIK

Sheet Listrik
A2: MACHINE POWER CONSUMPTION (PER PANEL)
A4: Date | B4: PM (TON) | C4: FINSHED GOODS (TON) | X4: Total PM17 | AA4: Deinking | AD4: WPL
D5: MCC Aux TM | H5: Drive Panel | L5: Stock Prep & UTM 1 (3200 A) | P5: Stock Prep & UTM 2 (3200 A) | T5: Pulper
D6: KWH | E6: Consumption | F6: /TON PM | G6: /TON FG | H6: KWH | I6: Consumption | J6: /TON PM | K6: /TON FG | L6: KWH | M6: Consumption | N6: /TON PM | O6: /TON FG | P6: KWH | Q6: Consumption | R6: /TON PM | S6: /TON FG | T6: KWH | U6: Consumption | V6: /TON PM | W6: /TON FG | X6: Consumption | Y6: /TON PM | Z6: /TON FG | AA6: Consumption | AB6: /TON PM | AC6: /TON FG | AD6: Consumption
A8: =+Report1!A9 -> 45839 | B8: =+Report1!P9 -> 26.225 | C8: =+Report1!R9 -> 20.062 | D8: =+D7+E8 -> 7719.2 | E8: =+[2]DailyJul!AZ7 -> 7719.2 | F8: =E8/B8 -> 294.34509 | G8: =E8/C8 -> 384.76722 | H8: =+H7+I8 -> 12254.2 | I8: =+[2]DailyJul!BA7 -> 12254.2 | J8: =I8/B8 -> 467.27169 | K8: =I8/C8 -> 610.81647 | L8: =+L7+M8 -> 9898.365 | M8: =+[2]DailyJul!BB7 -> 9898.365 | N8: =M8/B8 -> 377.44004 | O8: =M8/C8 -> 493.38874 | P8: =+P7+Q8 -> 0 | R8: =Q8/B8 -> 0 | S8: =Q8/C8 -> 0 | T8: =+T7+U8 -> 900 | U8: =+[2]DailyJul!BC7 -> 900 | V8: =U8/B8 -> 34.318398 | W8: =U8/C8 -> 44.860931 | X8: =+E8+I8+M8+U8 -> 30771.765 | Y8: =X8/B8 -> 1173.3752 | Z8: =X8/C8 -> 1533.8334 | AA8: =+[2]DailyJul!BO7 -> 0 | AB8: =AA8/B8 -> 0 | AC8: =AA8/C8 -> 0 | AD8: =+[2]DailyJul!BS7 -> 0 | AH8: Off Reel | AI8: Off Rewinder
A9: =A8+1 -> 45840 | B9: =+Report1!P10 -> 34.293 | C9: =+Report1!R10 -> 35.039 | D9: =+D8+E9 -> 16442.73 | E9: =+[2]DailyJul!AZ8 -> 8723.53 | F9: =E9/B9 -> 254.38224 | G9: =E9/C9 -> 248.96629 | H9: =+H8+I9 -> 27057.73 | I9: =+[2]DailyJul!BA8 -> 14803.53 | J9: =I9/B9 -> 431.67789 | K9: =I9/C9 -> 422.48723 | L9: =+L8+M9 -> 20855.23 | M9: =+[2]DailyJul!BB8 -> 10956.865 | N9: =M9/B9 -> 319.50733 | O9: =M9/C9 -> 312.70484 | P9: =+P8+Q9 -> 0 | R9: =Q9/B9 -> 0 | S9: =Q9/C9 -> 0 | T9: =+T8+U9 -> 1200 | U9: =+[2]DailyJul!BC8 -> 300 | V9: =U9/B9 -> 8.748141 | W9: =U9/C9 -> 8.5618882 | X9: =+E9+I9+M9+U9 -> 34783.925 | Y9: =X9/B9 -> 1014.3156 | Z9: =X9/C9 -> 992.72025 | AA9: =+[2]DailyJul!BO8 -> 0 | AB9: =AA9/B9 -> 0 | AC9: =AA9/C9 -> 0 | AD9: =+[2]DailyJul!BS8 -> 0 | AH9: Kwh/ ton | AI9: Kwh/ ton
A10: =A9+1 -> 45841 | B10: =+Report1!P11 -> 40.92 | C10: =+Report1!R11 -> 38.435 | D10: =+D9+E10 -> 25698.87 | E10: =+[2]DailyJul!AZ9 -> 9256.14 | F10: =E10/B10 -> 226.20088 | G10: =E10/C10 -> 240.82581 | H10: =+H9+I10 -> 45133.87 | I10: =+[2]DailyJul!BA9 -> 18076.14 | J10: =I10/B10 -> 441.7434 | K10: =I10/C10 -> 470.30415 | L10: =+L9+M10 -> 33661.37 | M10: =+[2]DailyJul!BB9 -> 12806.14 | N10: =M10/B10 -> 312.95552 | O10: =M10/C10 -> 333.18954 | P10: =+P9+Q10 -> 0 | R10: =Q10/B10 -> 0 | S10: =Q10/C10 -> 0 | T10: =+T9+U10 -> 1300 | U10: =+[2]DailyJul!BC9 -> 100 | V10: =U10/B10 -> 2.4437928 | W10: =U10/C10 -> 2.6017952 | X10: =+E10+I10+M10+U10 -> 40238.42 | Y10: =X10/B10 -> 983.3436 | Z10: =X10/C10 -> 1046.9213 | AA10: =+[2]DailyJul!BO9 -> 0 | AB10: =AA10/B10 -> 0 | AC10: =AA10/C10 -> 0 | AD10: =+[2]DailyJul!BS9 -> 0 | AF10: PM | AG10: Vacuum A | AH10: =+#REF! -> #REF! | AI10: =+#REF! -> #REF!
A11: =A10+1 -> 45842 | B11: =+Report1!P12 -> 42.158 | C11: =+Report1!R12 -> 42.111 | D11: =+D10+E11 -> 36047.15 | E11: =+[2]DailyJul!AZ10 -> 10348.28 | F11: =E11/B11 -> 245.46421 | G11: =E11/C11 -> 245.73817 | H11: =+H10+I11 -> 62832.15 | I11: =+[2]DailyJul!BA10 -> 17698.28 | J11: =I11/B11 -> 419.80834 | K11: =I11/C11 -> 420.27689 | L11: =+L10+M11 -> 46167.985 | M11: =+[2]DailyJul!BB10 -> 12506.615 | N11: =M11/B11 -> 296.66054 | O11: =M11/C11 -> 296.99164 | P11: =+P10+Q11 -> 0 | R11: =Q11/B11 -> 0 | S11: =Q11/C11 -> 0 | T11: =+T10+U11 -> 3600 | U11: =+[2]DailyJul!BC10 -> 2300 | V11: =U11/B11 -> 54.556668 | W11: =U11/C11 -> 54.617558 | X11: =+E11+I11+M11+U11 -> 42853.175 | Y11: =X11/B11 -> 1016.4898 | Z11: =X11/C11 -> 1017.6243 | AA11: =+[2]DailyJul!BO10 -> 0 | AB11: =AA11/B11 -> 0 | AC11: =AA11/C11 -> 0 | AD11: =+[2]DailyJul!BS10 -> 0 | AG11: Vacuum B | AH11: =+#REF! -> #REF! | AI11: =+#REF! -> #REF!
A12: =A11+1 -> 45843 | B12: =+Report1!P13 -> 44.183 | C12: =+Report1!R13 -> 41.949 | D12: =+D11+E12 -> 45203.56 | E12: =+[2]DailyJul!AZ11 -> 9156.41 | F12: =E12/B12 -> 207.2383 | G12: =E12/C12 -> 218.27481 | H12: =+H11+I12 -> 81103.56 | I12: =+[2]DailyJul!BA11 -> 18271.41 | J12: =I12/B12 -> 413.53937 | K12: =I12/C12 -> 435.56247 | L12: =+L11+M12 -> 59086.895 | M12: =+[2]DailyJul!BB11 -> 12918.91 | N12: =M12/B12 -> 292.39549 | O12: =M12/C12 -> 307.96706 | P12: =+P11+Q12 -> 0 | R12: =Q12/B12 -> 0 | S12: =Q12/C12 -> 0 | T12: =+T11+U12 -> 5400 | U12: =+[2]DailyJul!BC11 -> 1800 | V12: =U12/B12 -> 40.739651 | W12: =U12/C12 -> 42.909247 | X12: =+E12+I12+M12+U12 -> 42146.73 | Y12: =X12/B12 -> 953.91282 | Z12: =X12/C12 -> 1004.7136 | AA12: =+[2]DailyJul!BO11 -> 0 | AB12: =AA12/B12 -> 0 | AC12: =AA12/C12 -> 0 | AD12: =+[2]DailyJul!BS11 -> 0 | AG12: MCC Aux TM | AH12: =+F39 -> 0 | AI12: =+G39 -> 0
A13: =A12+1 -> 45844 | B13: =+Report1!P14 -> 47.882 | C13: =+Report1!R14 -> 45.879 | D13: =+D12+E13 -> 53932.22 | E13: =+[2]DailyJul!AZ12 -> 8728.66 | F13: =E13/B13 -> 182.29523 | G13: =E13/C13 -> 190.25393 | H13: =+H12+I13 -> 97977.22 | I13: =+[2]DailyJul!BA12 -> 16873.66 | J13: =I13/B13 -> 352.4009 | K13: =I13/C13 -> 367.78613 | L13: =+L12+M13 -> 70436.39 | M13: =+[2]DailyJul!BB12 -> 11349.495 | N13: =M13/B13 -> 237.03051 | O13: =M13/C13 -> 247.37887 | P13: =+P12+Q13 -> 0 | R13: =Q13/B13 -> 0 | S13: =Q13/C13 -> 0 | T13: =+T12+U13 -> 7000 | U13: =+[2]DailyJul!BC12 -> 1600 | V13: =U13/B13 -> 33.41548 | W13: =U13/C13 -> 34.874343 | X13: =+E13+I13+M13+U13 -> 38551.815 | Y13: =X13/B13 -> 805.14212 | Z13: =X13/C13 -> 840.29327 | AA13: =+[2]DailyJul!BO12 -> 0 | AB13: =AA13/B13 -> 0 | AC13: =AA13/C13 -> 0 | AD13: =+[2]DailyJul!BS12 -> 0 | AG13: Multi Screen | AH13: =+J39 -> 0 | AI13: =+K39 -> 0
A14: =A13+1 -> 45845 | B14: =+Report1!P15 -> 51.512 | C14: =+Report1!R15 -> 48.341 | D14: =+D13+E14 -> 64042.53 | E14: =+[2]DailyJul!AZ13 -> 10110.31 | F14: =E14/B14 -> 196.27097 | G14: =E14/C14 -> 209.14565 | H14: =+H13+I14 -> 115902.53 | I14: =+[2]DailyJul!BA13 -> 17925.31 | J14: =I14/B14 -> 347.98319 | K14: =I14/C14 -> 370.80966 | L14: =+L13+M14 -> 79759.2 | M14: =+[2]DailyJul!BB13 -> 9322.81 | N14: =M14/B14 -> 180.98327 | O14: =M14/C14 -> 192.85513 | P14: =+P13+Q14 -> 0 | R14: =Q14/B14 -> 0 | S14: =Q14/C14 -> 0 | T14: =+T13+U14 -> 8700 | U14: =+[2]DailyJul!BC13 -> 1700 | V14: =U14/B14 -> 33.002019 | W14: =U14/C14 -> 35.166836 | X14: =+E14+I14+M14+U14 -> 39058.43 | Y14: =X14/B14 -> 758.23944 | Z14: =X14/C14 -> 807.97729 | AA14: =+[2]DailyJul!BO13 -> 0 | AB14: =AA14/B14 -> 0 | AC14: =AA14/C14 -> 0 | AD14: =+[2]DailyJul!BS13 -> 0 | AG14: WL II 1250 A (yankee + popereel) | AH14: =+#REF! -> #REF! | AI14: =+#REF! -> #REF!
A15: =A14+1 -> 45846 | B15: =+Report1!P16 -> 48.932 | C15: =+Report1!R16 -> 50.699 | D15: =+D14+E15 -> 72998.51 | E15: =+[2]DailyJul!AZ14 -> 8955.98 | F15: =E15/B15 -> 183.0291 | G15: =E15/C15 -> 176.65003 | H15: =+H14+I15 -> 134493.51 | I15: =+[2]DailyJul!BA14 -> 18590.98 | J15: =I15/B15 -> 379.93501 | K15: =I15/C15 -> 366.69323 | L15: =+L14+M15 -> 91244.345 | M15: =+[2]DailyJul!BB14 -> 11485.145 | N15: =M15/B15 -> 234.71644 | O15: =M15/C15 -> 226.53593 | P15: =+P14+Q15 -> 0 | R15: =Q15/B15 -> 0 | S15: =Q15/C15 -> 0 | T15: =+T14+U15 -> 10200 | U15: =+[2]DailyJul!BC14 -> 1500 | V15: =U15/B15 -> 30.654786 | W15: =U15/C15 -> 29.586382 | X15: =+E15+I15+M15+U15 -> 40532.105 | Y15: =X15/B15 -> 828.33534 | Z15: =X15/C15 -> 799.46557 | AA15: =+[2]DailyJul!BO14 -> 0 | AB15: =AA15/B15 -> 0 | AC15: =AA15/C15 -> 0 | AD15: =+[2]DailyJul!BS14 -> 0 | AG15: WL II 3200 A (Hood, Fan Pump, Felt & Wire) | AH15: =+#REF! -> #REF! | AI15: =+#REF! -> #REF!
A16: =A15+1 -> 45847 | B16: =+Report1!P17 -> 41.787 | C16: =+Report1!R17 -> 42.956 | D16: =+D15+E16 -> 81660.24 | E16: =+[2]DailyJul!AZ15 -> 8661.73 | F16: =E16/B16 -> 207.28289 | G16: =E16/C16 -> 201.64191 | H16: =+H15+I16 -> 152495.24 | I16: =+[2]DailyJul!BA15 -> 18001.73 | J16: =I16/B16 -> 430.79738 | K16: =I16/C16 -> 419.0737 | L16: =+L15+M16 -> 102056.07 | M16: =+[2]DailyJul!BB15 -> 10811.73 | N16: =M16/B16 -> 258.7343 | O16: =M16/C16 -> 251.69313 | P16: =+P15+Q16 -> 0 | R16: =Q16/B16 -> 0 | S16: =Q16/C16 -> 0 | T16: =+T15+U16 -> 11700 | U16: =+[2]DailyJul!BC15 -> 1500 | V16: =U16/B16 -> 35.896331 | W16: =U16/C16 -> 34.919452 | X16: =+E16+I16+M16+U16 -> 38975.19 | Y16: =X16/B16 -> 932.71089 | Z16: =X16/C16 -> 907.3282 | AA16: =+[2]DailyJul!BO15 -> 0 | AB16: =AA16/B16 -> 0 | AC16: =AA16/C16 -> 0 | AD16: =+[2]DailyJul!BS15 -> 0 | AH16: =SUM(AH10:AH15) -> #REF! | AI16: =SUM(AI10:AI15) -> #REF!
A17: =A16+1 -> 45848 | B17: =+Report1!P18 -> 42.84 | C17: =+Report1!R18 -> 40.226 | D17: =+D16+E17 -> 91201.82 | E17: =+[2]DailyJul!AZ16 -> 9541.58 | F17: =E17/B17 -> 222.72596 | G17: =E17/C17 -> 237.19932 | H17: =+H16+I17 -> 171346.82 | I17: =+[2]DailyJul!BA16 -> 18851.58 | J17: =I17/B17 -> 440.04622 | K17: =I17/C17 -> 468.64167 | L17: =+L16+M17 -> 113389.32 | M17: =+[2]DailyJul!BB16 -> 11333.245 | N17: =M17/B17 -> 264.5482 | O17: =M17/C17 -> 281.7393 | P17: =+P16+Q17 -> 0 | R17: =Q17/B17 -> 0 | S17: =Q17/C17 -> 0 | T17: =+T16+U17 -> 13100 | U17: =+[2]DailyJul!BC16 -> 1400 | V17: =U17/B17 -> 32.679739 | W17: =U17/C17 -> 34.803361 | X17: =+E17+I17+M17+U17 -> 41126.405 | Y17: =X17/B17 -> 960.00012 | Z17: =X17/C17 -> 1022.3837 | AA17: =+[2]DailyJul!BO16 -> 0 | AB17: =AA17/B17 -> 0 | AC17: =AA17/C17 -> 0 | AD17: =+[2]DailyJul!BS16 -> 0 | AF17: Stockprep | AG17: Stock Prep & UTM 1 (3200 A) | AH17: =+N39 -> 0 | AI17: =+O39 -> 0
A18: =A17+1 -> 45849 | B18: =+Report1!P19 -> 39.255 | C18: =+Report1!R19 -> 31.272 | D18: =+D17+E18 -> 101203.54 | E18: =+[2]DailyJul!AZ17 -> 10001.72 | F18: =E18/B18 -> 254.78843 | G18: =E18/C18 -> 319.82988 | H18: =+H17+I18 -> 191183.54 | I18: =+[2]DailyJul!BA17 -> 19836.72 | J18: =I18/B18 -> 505.32977 | K18: =I18/C18 -> 634.32847 | L18: =+L17+M18 -> 125120.2 | M18: =+[2]DailyJul!BB17 -> 11730.885 | N18: =M18/B18 -> 298.83798 | O18: =M18/C18 -> 375.12423 | P18: =+P17+Q18 -> 0 | R18: =Q18/B18 -> 0 | S18: =Q18/C18 -> 0 | T18: =+T17+U18 -> 13700 | U18: =+[2]DailyJul!BC17 -> 600 | V18: =U18/B18 -> 15.284677 | W18: =U18/C18 -> 19.186493 | X18: =+E18+I18+M18+U18 -> 42169.325 | Y18: =X18/B18 -> 1074.2409 | Z18: =X18/C18 -> 1348.4691 | AA18: =+[2]DailyJul!BO17 -> 0 | AB18: =AA18/B18 -> 0 | AC18: =AA18/C18 -> 0 | AD18: =+[2]DailyJul!BS17 -> 0 | AG18: Stock Prep & UTM 2 (3200 A) | AH18: =+R39 -> 0 | AI18: =+S39 -> 0
A19: =A18+1 -> 45850 | B19: =+Report1!P20 -> 42.797 | C19: =+Report1!R20 -> 39.923 | D19: =+D18+E19 -> 111409.75 | E19: =+[2]DailyJul!AZ18 -> 10206.21 | F19: =E19/B19 -> 238.47957 | G19: =E19/C19 -> 255.64737 | H19: =+H18+I19 -> 210304.75 | I19: =+[2]DailyJul!BA18 -> 19121.21 | J19: =I19/B19 -> 446.78856 | K19: =I19/C19 -> 478.95223 | L19: =+L18+M19 -> 138888.91 | M19: =+[2]DailyJul!BB18 -> 13768.71 | N19: =M19/B19 -> 321.72138 | O19: =M19/C19 -> 344.88165 | P19: =+P18+Q19 -> 0 | R19: =Q19/B19 -> 0 | S19: =Q19/C19 -> 0 | T19: =+T18+U19 -> 13700 | U19: =+[2]DailyJul!BC18 -> 0 | V19: =U19/B19 -> 0 | W19: =U19/C19 -> 0 | X19: =+E19+I19+M19+U19 -> 43096.13 | Y19: =X19/B19 -> 1006.9895 | Z19: =X19/C19 -> 1079.4813 | AA19: =+[2]DailyJul!BO18 -> 0 | AB19: =AA19/B19 -> 0 | AC19: =AA19/C19 -> 0 | AD19: =+[2]DailyJul!BS18 -> 0 | AH19: =SUM(AH17:AH18) -> 0 | AI19: =SUM(AI17:AI18) -> 0
A20: =A19+1 -> 45851 | B20: =+Report1!P21 -> 41.663 | C20: =+Report1!R21 -> 37.55 | D20: =+D19+E20 -> 121206.55 | E20: =+[2]DailyJul!AZ19 -> 9796.8 | F20: =E20/B20 -> 235.14389 | G20: =E20/C20 -> 260.90013 | H20: =+H19+I20 -> 229416.55 | I20: =+[2]DailyJul!BA19 -> 19111.8 | J20: =I20/B20 -> 458.72357 | K20: =I20/C20 -> 508.96937 | L20: =+L19+M20 -> 150814.88 | M20: =+[2]DailyJul!BB19 -> 11925.965 | N20: =M20/B20 -> 286.24835 | O20: =M20/C20 -> 317.60226 | P20: =+P19+Q20 -> 0 | R20: =Q20/B20 -> 0 | S20: =Q20/C20 -> 0 | T20: =+T19+U20 -> 13800 | U20: =+[2]DailyJul!BC19 -> 100 | V20: =U20/B20 -> 2.4002112 | W20: =U20/C20 -> 2.6631158 | X20: =+E20+I20+M20+U20 -> 40934.565 | Y20: =X20/B20 -> 982.51602 | Z20: =X20/C20 -> 1090.1349 | AA20: =+[2]DailyJul!BO19 -> 0 | AB20: =AA20/B20 -> 0 | AC20: =AA20/C20 -> 0 | AD20: =+[2]DailyJul!BS19 -> 0 | AF20: Rewinder | AG20: Rewinder 1 (800 A) | AH20: =+V39 -> 0 | AI20: =+W39 -> 0
A21: =A20+1 -> 45852 | B21: =+Report1!P22 -> 49.627 | C21: =+Report1!R22 -> 49.134 | D21: =+D20+E21 -> 130936.37 | E21: =+[2]DailyJul!AZ20 -> 9729.82 | F21: =E21/B21 -> 196.059 | G21: =E21/C21 -> 198.02621 | H21: =+H20+I21 -> 246361.37 | I21: =+[2]DailyJul!BA20 -> 16944.82 | J21: =I21/B21 -> 341.44357 | K21: =I21/C21 -> 344.86954 | L21: =+L20+M21 -> 164157.2 | M21: =+[2]DailyJul!BB20 -> 13342.32 | N21: =M21/B21 -> 268.85204 | O21: =M21/C21 -> 271.54964 | P21: =+P20+Q21 -> 0 | R21: =Q21/B21 -> 0 | S21: =Q21/C21 -> 0 | T21: =+T20+U21 -> 15600 | U21: =+[2]DailyJul!BC20 -> 1800 | V21: =U21/B21 -> 36.270579 | W21: =U21/C21 -> 36.63451 | X21: =+E21+I21+M21+U21 -> 41816.96 | Y21: =X21/B21 -> 842.62518 | Z21: =X21/C21 -> 851.0799 | AA21: =+[2]DailyJul!BO20 -> 0 | AB21: =AA21/B21 -> 0 | AC21: =AA21/C21 -> 0 | AD21: =+[2]DailyJul!BS20 -> 0 | AG21: Rewinder 2 (800A) | AH21: =+#REF! -> #REF! | AI21: =+#REF! -> #REF!
A22: =A21+1 -> 45853 | B22: =+Report1!P23 -> 48.794 | C22: =+Report1!R23 -> 51.406 | D22: =+D21+E22 -> 139955.43 | E22: =+[2]DailyJul!AZ21 -> 9019.06 | F22: =E22/B22 -> 184.83953 | G22: =E22/C22 -> 175.44761 | H22: =+H21+I22 -> 265305.43 | I22: =+[2]DailyJul!BA21 -> 18944.06 | J22: =I22/B22 -> 388.24569 | K22: =I22/C22 -> 368.51846 | L22: =+L21+M22 -> 176247.09 | M22: =+[2]DailyJul!BB21 -> 12089.895 | N22: =M22/B22 -> 247.77421 | O22: =M22/C22 -> 235.18451 | P22: =+P21+Q22 -> 0 | R22: =Q22/B22 -> 0 | S22: =Q22/C22 -> 0 | T22: =+T21+U22 -> 16200 | U22: =+[2]DailyJul!BC21 -> 600 | V22: =U22/B22 -> 12.296594 | W22: =U22/C22 -> 11.671789 | X22: =+E22+I22+M22+U22 -> 40653.015 | Y22: =X22/B22 -> 833.15602 | Z22: =X22/C22 -> 790.82237 | AA22: =+[2]DailyJul!BO21 -> 0 | AB22: =AA22/B22 -> 0 | AC22: =AA22/C22 -> 0 | AD22: =+[2]DailyJul!BS21 -> 2300 | AH22: =SUM(AH20:AH21) -> #REF! | AI22: =SUM(AI20:AI21) -> #REF!
A23: =A22+1 -> 45854 | B23: =+Report1!P24 -> 44.682 | C23: =+Report1!R24 -> 41.245 | D23: =+D22+E23 -> 149682.06 | E23: =+[2]DailyJul!AZ22 -> 9726.63 | F23: =E23/B23 -> 217.68565 | G23: =E23/C23 -> 235.82568 | H23: =+H22+I23 -> 284352.06 | I23: =+[2]DailyJul!BA22 -> 19046.63 | J23: =I23/B23 -> 426.27076 | K23: =I23/C23 -> 461.79246 | L23: =+L22+M23 -> 188773.72 | M23: =+[2]DailyJul!BB22 -> 12526.63 | N23: =M23/B23 -> 280.3507 | O23: =M23/C23 -> 303.71269 | P23: =+P22+Q23 -> 0 | R23: =Q23/B23 -> 0 | S23: =Q23/C23 -> 0 | T23: =+T22+U23 -> 16200 | U23: =+[2]DailyJul!BC22 -> 0 | V23: =U23/B23 -> 0 | W23: =U23/C23 -> 0 | X23: =+E23+I23+M23+U23 -> 41299.89 | Y23: =X23/B23 -> 924.3071 | Z23: =X23/C23 -> 1001.3308 | AA23: =+[2]DailyJul!BO22 -> 0 | AB23: =AA23/B23 -> 0 | AC23: =AA23/C23 -> 0 | AD23: =+[2]DailyJul!BS22 -> 3830
A24: =A23+1 -> 45855 | B24: =+Report1!P25 -> 42.199 | C24: =+Report1!R25 -> 40.045 | D24: =+D23+E24 -> 158824.81 | E24: =+[2]DailyJul!AZ23 -> 9142.75 | F24: =E24/B24 -> 216.65798 | G24: =E24/C24 -> 228.3119 | H24: =+H23+I24 -> 303409.81 | I24: =+[2]DailyJul!BA23 -> 19057.75 | J24: =I24/B24 -> 451.61615 | K24: =I24/C24 -> 475.90835 | L24: =+L23+M24 -> 200978.97 | M24: =+[2]DailyJul!BB23 -> 12205.25 | N24: =M24/B24 -> 289.23079 | O24: =M24/C24 -> 304.78836 | P24: =+P23+Q24 -> 0 | R24: =Q24/B24 -> 0 | S24: =Q24/C24 -> 0 | T24: =+T23+U24 -> 16200 | U24: =+[2]DailyJul!BC23 -> 0 | V24: =U24/B24 -> 0 | W24: =U24/C24 -> 0 | X24: =+E24+I24+M24+U24 -> 40405.75 | Y24: =X24/B24 -> 957.50492 | Z24: =X24/C24 -> 1009.0086 | AA24: =+[2]DailyJul!BO23 -> 0 | AB24: =AA24/B24 -> 0 | AC24: =AA24/C24 -> 0 | AD24: =+[2]DailyJul!BS23 -> 3650 | AG24: Total | AH24: =+AH16+AH19+AH22 -> #REF! | AI24: =+AI16+AI19+AI22 -> #REF!
A25: =A24+1 -> 45856 | B25: =+Report1!P26 -> 47.164 | C25: =+Report1!R26 -> 48.408 | D25: =+D24+E25 -> 168150.51 | E25: =+[2]DailyJul!AZ24 -> 9325.7 | F25: =E25/B25 -> 197.7292 | G25: =E25/C25 -> 192.64791 | H25: =+H24+I25 -> 321845.51 | I25: =+[2]DailyJul!BA24 -> 18435.7 | J25: =I25/B25 -> 390.885 | K25: =I25/C25 -> 380.83994 | L25: =+L24+M25 -> 212563.01 | M25: =+[2]DailyJul!BB24 -> 11584.035 | N25: =M25/B25 -> 245.6118 | O25: =M25/C25 -> 239.30001 | P25: =+P24+Q25 -> 0 | R25: =Q25/B25 -> 0 | S25: =Q25/C25 -> 0 | T25: =+T24+U25 -> 16200 | U25: =+[2]DailyJul!BC24 -> 0 | V25: =U25/B25 -> 0 | W25: =U25/C25 -> 0 | X25: =+E25+I25+M25+U25 -> 39345.435 | Y25: =X25/B25 -> 834.226 | Z25: =X25/C25 -> 812.78787 | AA25: =+[2]DailyJul!BO24 -> 0 | AB25: =AA25/B25 -> 0 | AC25: =AA25/C25 -> 0 | AD25: =+[2]DailyJul!BS24 -> 4050
A26: =A25+1 -> 45857 | B26: =+Report1!P27 -> 46.22 | C26: =+Report1!R27 -> 40.988 | D26: =+D25+E26 -> 177406.4 | E26: =+[2]DailyJul!AZ25 -> 9255.89 | F26: =E26/B26 -> 200.25725 | G26: =E26/C26 -> 225.81951 | H26: =+H25+I26 -> 341711.4 | I26: =+[2]DailyJul!BA25 -> 19865.89 | J26: =I26/B26 -> 429.81155 | K26: =I26/C26 -> 484.67576 | L26: =+L25+M26 -> 224327.23 | M26: =+[2]DailyJul!BB25 -> 11764.225 | N26: =M26/B26 -> 254.52672 | O26: =M26/C26 -> 287.01632 | P26: =+P25+Q26 -> 0 | R26: =Q26/B26 -> 0 | S26: =Q26/C26 -> 0 | T26: =+T25+U26 -> 16200 | U26: =+[2]DailyJul!BC25 -> 0 | V26: =U26/B26 -> 0 | W26: =U26/C26 -> 0 | X26: =+E26+I26+M26+U26 -> 40886.005 | Y26: =X26/B26 -> 884.59552 | Z26: =X26/C26 -> 997.51159 | AA26: =+[2]DailyJul!BO25 -> 0 | AB26: =AA26/B26 -> 0 | AC26: =AA26/C26 -> 0 | AD26: =+[2]DailyJul!BS25 -> 3890 | AG26: LEBIH TINGGI DARI OFF REEL | AI26: =+AI24/AH24-1 -> #REF!
A27: =A26+1 -> 45858 | B27: =+Report1!P28 -> 44.707 | C27: =+Report1!R28 -> 46.921 | D27: =+D26+E27 -> 186142.01 | E27: =+[2]DailyJul!AZ26 -> 8735.61 | F27: =E27/B27 -> 195.39692 | G27: =E27/C27 -> 186.17698 | H27: =+H26+I27 -> 361962.01 | I27: =+[2]DailyJul!BA26 -> 20250.61 | J27: =I27/B27 -> 452.96285 | K27: =I27/C27 -> 431.58948 | L27: =+L26+M27 -> 234725.34 | M27: =+[2]DailyJul!BB26 -> 10398.11 | N27: =M27/B27 -> 232.58349 | O27: =M27/C27 -> 221.60887 | P27: =+P26+Q27 -> 0 | R27: =Q27/B27 -> 0 | S27: =Q27/C27 -> 0 | T27: =+T26+U27 -> 17350 | U27: =+[2]DailyJul!BC26 -> 1150 | V27: =U27/B27 -> 25.723041 | W27: =U27/C27 -> 24.509282 | X27: =+E27+I27+M27+U27 -> 40534.33 | Y27: =X27/B27 -> 906.66629 | Z27: =X27/C27 -> 863.88461 | AA27: =+[2]DailyJul!BO26 -> 0 | AB27: =AA27/B27 -> 0 | AC27: =AA27/C27 -> 0 | AD27: =+[2]DailyJul!BS26 -> 2720
A28: =A27+1 -> 45859 | B28: =+Report1!P29 -> 46.042 | C28: =+Report1!R29 -> 45.507 | D28: =+D27+E28 -> 197103.92 | E28: =+[2]DailyJul!AZ27 -> 10961.91 | F28: =E28/B28 -> 238.08501 | G28: =E28/C28 -> 240.88404 | H28: =+H27+I28 -> 380343.92 | I28: =+[2]DailyJul!BA27 -> 18381.91 | J28: =I28/B28 -> 399.24221 | K28: =I28/C28 -> 403.93588 | L28: =+L27+M28 -> 247503.92 | M28: =+[2]DailyJul!BB27 -> 12778.575 | N28: =M28/B28 -> 277.5417 | O28: =M28/C28 -> 280.8046 | P28: =+P27+Q28 -> 0 | R28: =Q28/B28 -> 0 | S28: =Q28/C28 -> 0 | T28: =+T27+U28 -> 18950 | U28: =+[2]DailyJul!BC27 -> 1600 | V28: =U28/B28 -> 34.75088 | W28: =U28/C28 -> 35.159426 | X28: =+E28+I28+M28+U28 -> 43722.395 | Y28: =X28/B28 -> 949.6198 | Z28: =X28/C28 -> 960.78395 | AA28: =+[2]DailyJul!BO27 -> 0 | AB28: =AA28/B28 -> 0 | AC28: =AA28/C28 -> 0 | AD28: =+[2]DailyJul!BS27 -> 0
A29: =A28+1 -> 45860 | B29: =+Report1!P30 -> 46.716 | C29: =+Report1!R30 -> 44.314 | D29: =+D28+E29 -> 207096.41 | E29: =+[2]DailyJul!AZ28 -> 9992.49 | F29: =E29/B29 -> 213.89866 | G29: =E29/C29 -> 225.49285 | H29: =+H28+I29 -> 401446.41 | I29: =+[2]DailyJul!BA28 -> 21102.49 | J29: =I29/B29 -> 451.71868 | K29: =I29/C29 -> 476.20368 | L29: =+L28+M29 -> 260921.41 | M29: =+[2]DailyJul!BB28 -> 13417.49 | N29: =M29/B29 -> 287.21402 | O29: =M29/C29 -> 302.78219 | P29: =+P28+Q29 -> 0 | R29: =Q29/B29 -> 0 | S29: =Q29/C29 -> 0 | T29: =+T28+U29 -> 20350 | U29: =+[2]DailyJul!BC28 -> 1400 | V29: =U29/B29 -> 29.968319 | W29: =U29/C29 -> 31.592725 | X29: =+E29+I29+M29+U29 -> 45912.47 | Y29: =X29/B29 -> 982.79968 | Z29: =X29/C29 -> 1036.0714 | AA29: =+[2]DailyJul!BO28 -> 0 | AB29: =AA29/B29 -> 0 | AC29: =AA29/C29 -> 0 | AD29: =+[2]DailyJul!BS28 -> 0
A30: =A29+1 -> 45861 | B30: =+Report1!P31 -> 45.536 | C30: =+Report1!R31 -> 44.328 | D30: =+D29+E30 -> 216226.47 | E30: =+[2]DailyJul!AZ29 -> 9130.06 | F30: =E30/B30 -> 200.50202 | G30: =E30/C30 -> 205.96598 | H30: =+H29+I30 -> 419996.47 | I30: =+[2]DailyJul!BA29 -> 18550.06 | J30: =I30/B30 -> 407.37131 | K30: =I30/C30 -> 418.47275 | L30: =+L29+M30 -> 272534.8 | M30: =+[2]DailyJul!BB29 -> 11613.395 | N30: =M30/B30 -> 255.03766 | O30: =M30/C30 -> 261.9878 | P30: =+P29+Q30 -> 0 | R30: =Q30/B30 -> 0 | S30: =Q30/C30 -> 0 | T30: =+T29+U30 -> 21450 | U30: =+[2]DailyJul!BC29 -> 1100 | V30: =U30/B30 -> 24.156711 | W30: =U30/C30 -> 24.815015 | X30: =+E30+I30+M30+U30 -> 40393.515 | Y30: =X30/B30 -> 887.0677 | Z30: =X30/C30 -> 911.24154 | AA30: =+[2]DailyJul!BO29 -> 0 | AB30: =AA30/B30 -> 0 | AC30: =AA30/C30 -> 0 | AD30: =+[2]DailyJul!BS29 -> 0
A31: =A30+1 -> 45862 | B31: =+Report1!P32 -> 50.006 | C31: =+Report1!R32 -> 47.077 | D31: =+D30+E31 -> 226397.65 | E31: =+[2]DailyJul!AZ30 -> 10171.18 | F31: =E31/B31 -> 203.39919 | G31: =E31/C31 -> 216.05412 | H31: =+H30+I31 -> 435487.65 | I31: =+[2]DailyJul!BA30 -> 15491.18 | J31: =I31/B31 -> 309.78643 | K31: =I31/C31 -> 329.06048 | L31: =+L30+M31 -> 283339.32 | M31: =+[2]DailyJul!BB30 -> 10804.515 | N31: =M31/B31 -> 216.06437 | O31: =M31/C31 -> 229.5073 | P31: =+P30+Q31 -> 0 | R31: =Q31/B31 -> 0 | S31: =Q31/C31 -> 0 | T31: =+T30+U31 -> 21450 | U31: =+[2]DailyJul!BC30 -> 0 | V31: =U31/B31 -> 0 | W31: =U31/C31 -> 0 | X31: =+E31+I31+M31+U31 -> 36466.875 | Y31: =X31/B31 -> 729.24999 | Z31: =X31/C31 -> 774.6219 | AA31: =+[2]DailyJul!BO30 -> 20531 | AB31: =AA31/B31 -> 410.57073 | AC31: =AA31/C31 -> 436.1153 | AD31: =+[2]DailyJul!BS30 -> 0
A32: =A31+1 -> 45863 | B32: =+Report1!P33 -> 54.65 | C32: =+Report1!R33 -> 47.623 | D32: =+D31+E32 -> 234648.73 | E32: =+[2]DailyJul!AZ31 -> 8251.08 | F32: =E32/B32 -> 150.98042 | G32: =E32/C32 -> 173.2583 | H32: =+H31+I32 -> 449458.73 | I32: =+[2]DailyJul!BA31 -> 13971.08 | J32: =I32/B32 -> 255.64648 | K32: =I32/C32 -> 293.36833 | L32: =+L31+M32 -> 294557.07 | M32: =+[2]DailyJul!BB31 -> 11217.745 | N32: =M32/B32 -> 205.26523 | O32: =M32/C32 -> 235.55309 | P32: =+P31+Q32 -> 0 | R32: =Q32/B32 -> 0 | S32: =Q32/C32 -> 0 | T32: =+T31+U32 -> 21450 | U32: =+[2]DailyJul!BC31 -> 0 | V32: =U32/B32 -> 0 | W32: =U32/C32 -> 0 | X32: =+E32+I32+M32+U32 -> 33439.905 | Y32: =X32/B32 -> 611.89213 | Z32: =X32/C32 -> 702.17972 | AA32: =+[2]DailyJul!BO31 -> 27050 | AB32: =AA32/B32 -> 494.96798 | AC32: =AA32/C32 -> 568.00286 | AD32: =+[2]DailyJul!BS31 -> 0
A33: =A32+1 -> 45864 | B33: =+Report1!P34 -> 56.113 | C33: =+Report1!R34 -> 56.982 | D33: =+D32+E33 -> 245064.4 | E33: =+[2]DailyJul!AZ32 -> 10415.67 | F33: =E33/B33 -> 185.61955 | G33: =E33/C33 -> 182.78878 | H33: =+H32+I33 -> 465929.4 | I33: =+[2]DailyJul!BA32 -> 16470.67 | J33: =I33/B33 -> 293.52681 | K33: =I33/C33 -> 289.0504 | L33: =+L32+M33 -> 306185.23 | M33: =+[2]DailyJul!BB32 -> 11628.17 | N33: =M33/B33 -> 207.22774 | O33: =M33/C33 -> 204.06742 | P33: =+P32+Q33 -> 0 | R33: =Q33/B33 -> 0 | S33: =Q33/C33 -> 0 | T33: =+T32+U33 -> 21450 | U33: =+[2]DailyJul!BC32 -> 0 | V33: =U33/B33 -> 0 | W33: =U33/C33 -> 0 | X33: =+E33+I33+M33+U33 -> 38514.51 | Y33: =X33/B33 -> 686.3741 | Z33: =X33/C33 -> 675.9066 | AA33: =+[2]DailyJul!BO32 -> 27081 | AB33: =AA33/B33 -> 482.61544 | AC33: =AA33/C33 -> 475.25534 | AD33: =+[2]DailyJul!BS32 -> 0
A34: =A33+1 -> 45865 | B34: =+Report1!P35 -> 55.828 | C34: =+Report1!R35 -> 53.844 | D34: =+D33+E34 -> 254386.74 | E34: =+[2]DailyJul!AZ33 -> 9322.34 | F34: =E34/B34 -> 166.98323 | G34: =E34/C34 -> 173.1361 | H34: =+H33+I34 -> 483206.74 | I34: =+[2]DailyJul!BA33 -> 17277.34 | J34: =I34/B34 -> 309.47446 | K34: =I34/C34 -> 320.87772 | L34: =+L33+M34 -> 317536.74 | M34: =+[2]DailyJul!BB33 -> 11351.505 | N34: =M34/B34 -> 203.32996 | O34: =M34/C34 -> 210.8221 | P34: =+P33+Q34 -> 0 | R34: =Q34/B34 -> 0 | S34: =Q34/C34 -> 0 | T34: =+T33+U34 -> 21670 | U34: =+[2]DailyJul!BC33 -> 220 | V34: =U34/B34 -> 3.9406749 | W34: =U34/C34 -> 4.0858777 | X34: =+E34+I34+M34+U34 -> 38171.185 | Y34: =X34/B34 -> 683.72833 | Z34: =X34/C34 -> 708.92179 | AA34: =+[2]DailyJul!BO33 -> 25729.9 | AB34: =AA34/B34 -> 460.87805 | AC34: =AA34/C34 -> 477.86011 | AD34: =+[2]DailyJul!BS33 -> 0
A35: =A34+1 -> 45866 | B35: =+Report1!P36 -> 55.853 | C35: =+Report1!R36 -> 57.406 | D35: =+D34+E35 -> 263355.99 | E35: =+[2]DailyJul!AZ34 -> 8969.25 | F35: =E35/B35 -> 160.58672 | G35: =E35/C35 -> 156.24238 | H35: =+H34+I35 -> 500580.99 | I35: =+[2]DailyJul!BA34 -> 17374.25 | J35: =I35/B35 -> 311.07103 | K35: =I35/C35 -> 302.65565 | L35: =+L34+M35 -> 328943.49 | M35: =+[2]DailyJul!BB34 -> 11406.75 | N35: =M35/B35 -> 204.22806 | O35: =M35/C35 -> 198.7031 | P35: =+P34+Q35 -> 0 | R35: =Q35/B35 -> 0 | S35: =Q35/C35 -> 0 | T35: =+T34+U35 -> 21895 | U35: =+[2]DailyJul!BC34 -> 225 | V35: =U35/B35 -> 4.0284318 | W35: =U35/C35 -> 3.9194509 | X35: =+E35+I35+M35+U35 -> 37975.25 | Y35: =X35/B35 -> 679.91424 | Z35: =X35/C35 -> 661.52057 | AA35: =+[2]DailyJul!BO34 -> 28509 | AB35: =AA35/B35 -> 510.42916 | AC35: =AA35/C35 -> 496.62056 | AD35: =+[2]DailyJul!BS34 -> 0
A36: =A35+1 -> 45867 | B36: =+Report1!P37 -> 55.659 | C36: =+Report1!R37 -> 51.797 | D36: =+D35+E36 -> 273924.44 | E36: =+[2]DailyJul!AZ35 -> 10568.45 | F36: =E36/B36 -> 189.87855 | G36: =E36/C36 -> 204.03595 | H36: =+H35+I36 -> 518484.44 | I36: =+[2]DailyJul!BA35 -> 17903.45 | J36: =I36/B36 -> 321.66316 | K36: =I36/C36 -> 345.64647 | L36: =+L35+M36 -> 340524.44 | M36: =+[2]DailyJul!BB35 -> 11580.95 | N36: =M36/B36 -> 208.06967 | O36: =M36/C36 -> 223.58341 | P36: =+P35+Q36 -> 0 | R36: =Q36/B36 -> 0 | S36: =Q36/C36 -> 0 | T36: =+T35+U36 -> 22115 | U36: =+[2]DailyJul!BC35 -> 220 | V36: =U36/B36 -> 3.9526402 | W36: =U36/C36 -> 4.2473502 | X36: =+E36+I36+M36+U36 -> 40272.85 | Y36: =X36/B36 -> 723.56402 | Z36: =X36/C36 -> 777.51318 | AA36: =+[2]DailyJul!BO35 -> 28200.654 | AB36: =AA36/B36 -> 506.66836 | AC36: =AA36/C36 -> 544.4457 | AD36: =+[2]DailyJul!BS35 -> 0
A37: =A36+1 -> 45868 | B37: =+Report1!P38 -> 55.137 | C37: =+Report1!R38 -> 50.342 | D37: =+D36+E37 -> 282805.76 | E37: =+[2]DailyJul!AZ36 -> 8881.32 | F37: =E37/B37 -> 161.07732 | G37: =E37/C37 -> 176.41969 | H37: =+H36+I37 -> 535010.76 | I37: =+[2]DailyJul!BA36 -> 16526.32 | J37: =I37/B37 -> 299.73194 | K37: =I37/C37 -> 328.28096 | L37: =+L36+M37 -> 351328.26 | M37: =+[2]DailyJul!BB36 -> 10803.82 | N37: =M37/B37 -> 195.94501 | O37: =M37/C37 -> 214.60848 | P37: =+P36+Q37 -> 0 | R37: =Q37/B37 -> 0 | S37: =Q37/C37 -> 0 | T37: =+T36+U37 -> 22133.7 | U37: =+[2]DailyJul!BC36 -> 18.7 | V37: =U37/B37 -> 0.3391552 | W37: =U37/C37 -> 0.37145922 | X37: =+E37+I37+M37+U37 -> 36230.16 | Y37: =X37/B37 -> 657.09342 | Z37: =X37/C37 -> 719.68058 | AA37: =+[2]DailyJul!BO36 -> 24750.908 | AB37: =AA37/B37 -> 448.89834 | AC37: =AA37/C37 -> 491.65524 | AD37: =+[2]DailyJul!BS36 -> 0
A38: =A37+1 -> 45869 | B38: =+Report1!P39 -> 53.826 | C38: =+Report1!R39 -> 53.885 | D38: =+D37+E38 -> 292107.77 | E38: =+[2]DailyJul!AZ37 -> 9302.01 | F38: =E38/B38 -> 172.8163 | G38: =E38/C38 -> 172.62708 | H38: =+H37+I38 -> 551862.77 | I38: =+[2]DailyJul!BA37 -> 16852.01 | J38: =I38/B38 -> 313.08308 | K38: =I38/C38 -> 312.74028 | L38: =+L37+M38 -> 362325.27 | M38: =+[2]DailyJul!BB37 -> 10997.01 | N38: =M38/B38 -> 204.30665 | O38: =M38/C38 -> 204.08295 | P38: =+P37+Q38 -> 0 | R38: =Q38/B38 -> 0 | S38: =Q38/C38 -> 0 | T38: =+T37+U38 -> 22548.85 | U38: =+[2]DailyJul!BC37 -> 415.15 | V38: =U38/B38 -> 7.7128154 | W38: =U38/C38 -> 7.7043704 | X38: =+E38+I38+M38+U38 -> 37566.18 | Y38: =X38/B38 -> 697.91885 | Z38: =X38/C38 -> 697.15468 | AA38: =+[2]DailyJul!BO37 -> 26332.436 | AB38: =AA38/B38 -> 489.21406 | AC38: =AA38/C38 -> 488.67841 | AD38: =+[2]DailyJul!BS37 -> 0
A40: TOTAL | B40: =SUM(B8:B38) -> 1443.206 | C40: =SUM(C8:C38) -> 1385.694 | E40: =SUM(E8:E39) -> 292107.77 | F40: =E40/B40 -> 202.40199 | G40: =E40/C40 -> 210.80251 | I40: =SUM(I8:I39) -> 551862.77 | J40: =I40/B40 -> 382.38669 | K40: =I40/C40 -> 398.25731 | M40: =SUM(M8:M39) -> 362325.27 | N40: =M40/B40 -> 251.05582 | O40: =M40/C40 -> 261.47567 | Q40: =SUM(Q8:Q38) -> 0 | R40: =Q40/B40 -> 0 | S40: =Q40/C40 -> 0 | U40: =SUM(U8:U39) -> 22548.85 | V40: =U40/B40 -> 15.624138 | W40: =U40/C40 -> 16.272604 | X40: =+E40+I40+M40+U40 -> 1228844.7 | Y40: =X40/B40 -> 851.46865 | Z40: =X40/C40 -> 886.8081 | AA40: =SUM(AA8:AA38) -> 208184.9 | AB40: =AA40/B40 -> 144.25169 | AC40: =AA40/C40 -> 150.23872 | AD40: =SUM(AD8:AD38) -> 20440
X42: 0 | AA42: 0
AD43: =+AD40-[3]DailyJan!$BO$38 -> 12485

Sheet Trim Rwd
A1: PM 17 | B1: =+Report1!A9 -> 45839
A3: Tgl | B3: Grade | C3: Ply | D3: Kombinasi Pot. | E3: Lebar Trim | F3: Jml Turunan | G3: Lebar x Turunan | H3: Rata-rata | I3: PHP PM
A4: 45839 | B4: F 12 | C4: 1 | D4: 133*2 | E4: =133*2 -> 266 | F4: 16 | G4: =+E4*F4 -> 4256 | H4: =+G4/F4 -> 266 | I4: =+'1'!I38 -> 26.225
B5: F 11,5 | C5: 1 | D5: 140+122,5 | E5: =140+122.5 -> 262.5 | F5: =4+11 -> 15 | G5: =+E5*F5 -> 3937.5 | H5: =+G5/F5 -> 262.5
A7: 45840 | B7: F 11,5 | C7: 1 | D7: 140+122,5 | E7: =140+122.5 -> 262.5 | F7: =112/2 -> 56 | G7: =+E7*F7 -> 14700 | H7: =+G7/F7 -> 262.5 | I7: =+'2'!I38 -> 34.293
A9: 45841 | B9: F 11,5 | C9: 1 | D9: 140+122,5 | E9: =140+122.5 -> 262.5 | F9: =122/2 -> 61 | G9: =+E9*F9 -> 16012.5 | H9: =+G9/F9 -> 262.5 | I9: =+'3'!I38 -> 40.92
A11: 45842 | B11: F 11,5 | C11: 1 | D11: 140+122,5 | E11: =140+122.5 -> 262.5 | F11: =130/2 -> 65 | G11: =+E11*F11 -> 17062.5 | H11: =+G11/F11 -> 262.5 | I11: =+'4'!I38 -> 42.158
A13: 45843 | B13: F 11,5 | C13: 1 | D13: 140+122,5 | E13: =140+122.5 -> 262.5 | F13: =13+7+13+5+2 -> 40 | G13: =+E13*F13 -> 10500 | H13: =+G13/F13 -> 262.5 | I13: =+'5'!I38 -> 44.183
B14: F 12 | C14: 1 | D14: 133*2 | E14: =133*2 -> 266 | F14: =4+3 -> 7 | G14: =+E14*F14 -> 1862 | H14: =+G14/F14 -> 266
B15: F 13 | C15: 1 | D15: 140+126 | E15: =140+126 -> 266 | F15: =3+13+5 -> 21 | G15: =+E15*F15 -> 5586 | H15: =+G15/F15 -> 266
A17: 45844 | B17: F 13 | C17: 1 | D17: 140+126 | E17: =140+126 -> 266 | F17: 17 | G17: =+E17*F17 -> 4522 | H17: =+G17/F17 -> 266 | I17: =+'6'!I38 -> 47.882
B18: T 13 | C18: 1 | D18: 257*1 | E18: =257*1 -> 257 | F18: =5+20+19+1 -> 45 | G18: =+E18*F18 -> 11565 | H18: =+G18/F18 -> 257
A20: 45845 | B20: T 13 | C20: 1 | D20: 257*1 | E20: =257*1 -> 257 | F20: =17+5+20+3+17 -> 62 | G20: =+E20*F20 -> 15934 | H20: =+G20/F20 -> 257 | I20: =+'7'!I38 -> 51.512
A22: 45846 | B22: T 13 | C22: 1 | D22: 257*1 | E22: =257*1 -> 257 | F22: =25+12 -> 37 | G22: =+E22*F22 -> 9509 | H22: =+G22/F22 -> 257 | I22: =+'8'!I38 -> 48.932
B23: T 13 | C23: 1 | D23: 132*2 | E23: =132*2 -> 264 | F23: 15 | G23: =+E23*F23 -> 3960 | H23: =+G23/F23 -> 264
B24: F 13 | C24: 1 | D24: 140+126 | E24: =140+126 -> 266 | F24: 21 | G24: =+E24*F24 -> 5586 | H24: =+G24/F24 -> 266
A26: 45847 | B26: F 13 | C26: 1 | D26: 140+126 | E26: =140+126 -> 266 | F26: =13+3+3 -> 19 | G26: =+E26*F26 -> 5054 | H26: =+G26/F26 -> 266 | I26: =+'9'!I38 -> 41.787
B27: F 12 | C27: 1 | D27: 140+120 | E27: =140+120 -> 260 | F27: =2+8+5+13+12+13+11 -> 64 | G27: =+E27*F27 -> 16640 | H27: =+G27/F27 -> 260
A29: 45848 | B29: F 12 | C29: 1 | D29: 140+120 | E29: =140+120 -> 260 | F29: 75 | G29: =+E29*F29 -> 19500 | H29: =+SUM(F29*E29+F30*E30+F31*E31)/SUM(F29:F31) -> 258.55422 | I29: =+'10'!I38 -> 42.84
B30: F 12 | C30: 1 | D30: 122,5*2 | E30: =122.5*2 -> 245 | F30: 8 | G30: =+E30*F30 -> 1960
A32: 45849 | B32: F 12 | C32: 1 | D32: 140+122,5 | E32: =140+122.5 -> 262.5 | F32: =124/1 -> 124 | G32: =+E32*F32 -> 32550 | H32: =+G32/F32 -> 262.5 | I32: =+'11'!I38 -> 39.255
A34: 45850 | B34: F 12 | C34: 1 | D34: 140+122,5 | E34: =140+122.5 -> 262.5 | F34: 62 | G34: =+E34*F34 -> 16275 | H34: =+SUM(F34*E34+F35*E35+F36*E36)/SUM(F34:F36) -> 262.80769 | I34: =+'12'!I38 -> 42.797
B35: F 12 | C35: 1 | D35: 132*2 | E35: =132*2 -> 264 | F35: 16 | G35: =+E35*F35 -> 4224
A37: 45851 | B37: F 12 | C37: 1 | D37: 132*2 | E37: =132*2 -> 264 | F37: =146/2 -> 73 | G37: =+E37*F37 -> 19272 | H37: =+G37/F37 -> 264 | I37: =+'13'!I38 -> 41.663
A39: 45852 | B39: F 12 | C39: 1 | D39: 132*2 | E39: =132*2 -> 264 | F39: =52/2 -> 26 | G39: =+E39*F39 -> 6864 | H39: =+G39/F39 -> 264 | I39: =+'14'!I38 -> 49.627
B40: TW 15 | C40: 1 | D40: 132*2 | E40: =132*2 -> 264 | F40: 56 | G40: =+E40*F40 -> 14784 | H40: =+G40/F40 -> 264
A42: 45853 | B42: TW 15 | C42: 1 | D42: 132*2 | E42: =132*2 -> 264 | F42: 24 | G42: =+E42*F42 -> 6336 | H42: =+G42/F42 -> 264 | I42: =+'15'!I38 -> 48.794
B43: F 12 | C43: 1 | D43: 132*2 | E43: =132*2 -> 264 | F43: 1 | G43: =+E43*F43 -> 264 | H43: =+SUM(F43*E43+F44*E44+F45*E45)/SUM(F43:F45) -> 263.01818
B44: F 12 | C44: 1 | D44: 133+130 | E44: =133+130 -> 263 | F44: =4+3+12+12+13+10 -> 54 | G44: =+E44*F44 -> 14202
A46: 45854 | B46: F 12 | C46: 1 | D46: 133+130 | E46: =133+130 -> 263 | F46: 21 | G46: =+E46*F46 -> 5523 | H46: =+G46/F46 -> 263 | I46: =+'16'!I38 -> 44.682
B47: F 11,5 | C47: 1 | D47: 140+122,5 | E47: =140+122.5 -> 262.5 | F47: 45 | G47: =+E47*F47 -> 11812.5 | H47: =+G47/F47 -> 262.5
A49: 45855 | B49: F 11,5 | C49: 1 | D49: 140+122,5 | E49: =140+122.5 -> 262.5 | F49: =128/2 -> 64 | G49: =+E49*F49 -> 16800 | H49: =+G49/F49 -> 262.5 | I49: =+'17'!I38 -> 42.199
A51: 45856 | B51: F 11,5 | C51: 1 | D51: 140+122,5 | E51: =140+122.5 -> 262.5 | F51: 12 | G51: =+E51*F51 -> 3150 | H51: =+G51/F51 -> 262.5 | I51: =+'18'!I38 -> 47.164
B52: F 12 | C52: 1 | D52: 133+130 | E52: =133+130 -> 263 | F52: =124/2 -> 62 | G52: =+E52*F52 -> 16306 | H52: =+G52/F52 -> 263
A54: 45857 | B54: F 12 | C54: 1 | D54: 133*2 | E54: =133*2 -> 266 | F54: 30 | G54: =+E54*F54 -> 7980 | H54: =+SUM(F54*E54+F55*E55+F56*E56)/SUM(F54:F56) -> 266 | I54: =+'19'!I38 -> 46.22
B55: F 12 | C55: 1 | D55: 266*1 | E55: =266*1 -> 266 | F55: =19+12 -> 31 | G55: =+E55*F55 -> 8246
A57: 45858 | B57: F 12 | C57: 1 | D57: 266*1 | E57: =266*1 -> 266 | F57: =20+24+22 -> 66 | G57: =+E57*F57 -> 17556 | H57: =+SUM(F57*E57+F58*E58+F59*E59)/SUM(F57:F59) -> 265.57746 | I57: =+'20'!I38 -> 44.707
B58: F 12 | C58: 1 | D58: 140+120 | E58: =140+120 -> 260 | F58: 5 | G58: =+E58*F58 -> 1300
A60: 45859 | B60: F 12 | C60: 1 | D60: 140+120 | E60: =140+120 -> 260 | F60: 89 | G60: =+E60*F60 -> 23140 | H60: =+G60/F60 -> 260 | I60: =+'21'!I38 -> 46.042
A62: 45860 | B62: F 12 | C62: 1 | D62: 140+120 | E62: =140+120 -> 260 | F62: =26+9 -> 35 | G62: =+E62*F62 -> 9100 | H62: =+G62/F62 -> 260 | I62: =+'22'!I38 -> 46.716
B63: F 13 | C63: 1 | D63: 129*2 | E63: =129*2 -> 258 | F63: =96/2 -> 48 | G63: =+E63*F63 -> 12384 | H63: =+G63/F63 -> 258
A65: 45861 | B65: F 13 | C65: 1 | D65: 133*2 | E65: =133*2 -> 266 | F65: =13+3 -> 16 | G65: =+E65*F65 -> 4256 | H65: =+SUM(F65*E65+F66*E66)/SUM(F65:F66) -> 262.41379 | I65: =+'23'!I38 -> 45.536
B66: F 13 | C66: 1 | D66: 129*2 | E66: =129*2 -> 258 | F66: =9+4 -> 13 | G66: =+E66*F66 -> 3354
B67: F 12 | C67: 1 | D67: 133*2 | E67: =133*2 -> 266 | F67: =9+8+13+1 -> 31 | G67: =+E67*F67 -> 8246 | H67: =+G67/F67 -> 266
B68: F 12,5 | C68: 1 | D68: 133*2 | E68: =133*2 -> 266 | F68: =6+5 -> 11 | G68: =+E68*F68 -> 2926 | H68: =+G68/F68 -> 266
A70: 45862 | B70: F 12,5 | C70: 1 | D70: 133*2 | E70: =133*2 -> 266 | F70: 5 | G70: =+E70*F70 -> 1330 | H70: =+G70/F70 -> 266 | I70: =+'24'!I38 -> 50.006
B71: T 14,5 | C71: 1 | D71: 256,5*1 | E71: =256.5*1 -> 256.5 | F71: =21+22+3 -> 46 | G71: =+E71*F71 -> 11799 | H71: =+G71/F71 -> 256.5
B72: T 17 | C72: 1 | D72: 256,5*1 | E72: =256.5*1 -> 256.5 | F72: 17 | G72: =+E72*F72 -> 4360.5 | H72: =+G72/F72 -> 256.5
A74: 45863 | B74: T 17 | C74: 1 | D74: 256,5*1 | E74: =256.5*1 -> 256.5 | F74: 18 | G74: =+E74*F74 -> 4617 | H74: =+SUM(F74*E74+F75*E75)/SUM(F74:F75) -> 259 | I74: =+'22'!I50 -> 79.838668
B75: T 17 | C75: 1 | D75: 262*1 | E75: =262*1 -> 262 | F75: 15 | G75: =+E75*F75 -> 3930
B76: T 19 | C76: 1 | D76: 256,5*1 | E76: =256.5*1 -> 256.5 | F76: =1+17 -> 18 | G76: =+E76*F76 -> 4617 | H76: =+G76/F76 -> 256.5
B77: T 20 | C77: 1 | D77: 270*1 | E77: =270*1 -> 270 | F77: 4 | G77: =+E77*F77 -> 1080 | H77: =+G77/F77 -> 270
A79: 45864 | B79: T 20 | C79: 1 | D79: 270*1 | E79: =270*1 -> 270 | F79: 27 | G79: =+E79*F79 -> 7290 | H79: =+G79/F79 -> 270 | I79: =+'26'!I38 -> 56.113
B80: T 15,5 | C80: 1 | D80: 261*1 | E80: =261*1 -> 261 | F80: =4+4 -> 8 | G80: =+E80*F80 -> 2088 | H80: =+SUM(F80*E80+F81*E81)/SUM(F80:F81) -> 268.71429
B81: T 15,5 | C81: 1 | D81: 270*1 | E81: =270*1 -> 270 | F81: =24+24 -> 48 | G81: =+E81*F81 -> 12960
A83: 45865 | B83: T 15,5 | C83: 1 | D83: 261*1 | E83: =261*1 -> 261 | F83: 6 | G83: =+E83*F83 -> 1566 | H83: =+SUM(F83*E83+F84*E84)/SUM(F83:F84) -> 269.36471 | I83: =+'27'!I38 -> 55.828
B84: T 15,5 | C84: 1 | D84: 270*1 | E84: =270*1 -> 270 | F84: =85-6 -> 79 | G84: =+E84*F84 -> 21330
A86: 45866 | B86: T 20 | C86: 1 | D86: 270*1 | E86: =270*1 -> 270 | F86: 1 | G86: =+E86*F86 -> 270 | H86: =+G86/F86 -> 270 | I86: =+'28'!I38 -> 55.853
B87: T 15,5 | C87: 1 | D87: 261*1 | E87: =261*1 -> 261 | F87: 8 | G87: =+E87*F87 -> 2088 | H87: =+SUM(F87*E87+F88*E88)/SUM(F87:F88) -> 269.18182
B88: T 15,5 | C88: 1 | D88: 270*1 | E88: =270*1 -> 270 | F88: =89-F86-F87 -> 80 | G88: =+E88*F88 -> 21600
A90: 45867 | B90: T 15,5 | C90: 1 | D90: 261*1 | E90: =261*1 -> 261 | F90: =7+22 -> 29 | G90: =+E90*F90 -> 7569 | H90: =+SUM(F90*E90+F91*E91)/SUM(F90:F91) -> 266.77778 | I90: =+'29'!I38 -> 55.659
B91: T 15,5 | C91: 1 | D91: 270*1 | E91: =270*1 -> 270 | F91: =81-F90 -> 52 | G91: =+E91*F91 -> 14040
A93: 45868 | B93: T 15,5 | C93: 1 | D93: 261*1 | E93: =261*1 -> 261 | F93: =1+8+8 -> 17 | G93: =+E93*F93 -> 4437 | H93: =+SUM(F93*E93+F94*E94)/SUM(F93:F94) -> 268.03846 | I93: =+'30'!I38 -> 55.137
B94: T 15,5 | C94: 1 | D94: 270*1 | E94: =270*1 -> 270 | F94: =20+3+20+10+8 -> 61 | G94: =+E94*F94 -> 16470
A96: 45869 | B96: T 15,5 | C96: 1 | D96: 261*1 | E96: =261*1 -> 261 | F96: 84 | G96: =+E96*F96 -> 21924 | H96: =+G96/F96 -> 261 | I96: =+'31'!I38 -> 53.826
B97: T 13,5 | C97: 1 | D97: 256,5*1 | E97: =256.5*1 -> 256.5 | F97: 0 | G97: =+E97 -> 256.5 | H97: =+E97 -> 256.5

Sheet Efficiency1
A1: PM17 Efficiency Report
A3: Date | B3: Grade | C3: Speed real (ton) with Available Time | D3: Colour | E3: gsm | F3: Ply | G3: Standard | L3: Real Running | O3: Trim Rewinder (cm) | P3: Trim Rewinder x Running Time | Q3: Available Time (mnt) | R3: Down Time (mnt) | S3: Loss Time (mnt) | T3: Real Speed & Real Creepe Ratio with Available Time (ton) | U3: Real Speed & Real Creepe Ratio setelah dipotong DT & LT (ton) | V3: Loss tonase akibat DT + LT dari hitungan Teori with available time (ton) | W3: Accepted (ton) | X3: Real Eff dr Target Eff | Y3: Backlog | Z3: Reject Rewinder (ton) | AA3: Estimasi Reject to Broke Plant (ton) | AB3: Estimasi Faktor BW (ton) | AC3: Loss Opportunity in Speed (ton) | AD3: Downtime/ Losstime | AE3: Reason of Downtime / Losstime | AF3: Loss Time | AM3: Total Losstime | AN3: Unschedule Shut Down (mnt) | AS3: Schedule Shut Down | AT3: Marketing | AV3: EXT FACTOR | AX3: EXT FACTOR | AZ3: MANAGEMENT | BA3: Total Down Time | BB3: Freq. Sheets Break (X) | BC3: Freq. Change Blade (X) | BD3: Steam, & gangguan sinergy (X) | BE3: Freq, Trip PLN (X) | BF3: Cleaning Holes (X)
AF4: Proses | AI4: Change Grade | AJ4: Mekanik | AK4: Electric & Instrument | AL4: Boiler | AN4: Down Time Produksi | AO4: Mekanik | AP4: Electrical & Instrument | AQ4: Boiler | AR4: Total Unschedule Shut Down | AV4: LOSS | AW4: DOWN TIME | AX4: LOSS | AY4: DOWN TIME
G5: Yankee Speed (mpm) | H5: Max % Creeping | I5: Target Eff | J5: Kapasitas PM-Teori (ton) | K5: Teori (ton) with Available Time | L5: Yankee Speed (mpm) | M5: Popereel Speed (mpm) | N5: % Creeping | AF5: sheet break | AG5: change blade | AH5: change spool | AT5: Loss time | AU5: Down Time | AV5: SINERGY | AW5: SINERGY | AX5: PLN | AY5: PLN
A6: =+Report1!A9 -> 45839 | B6: Facial | C6: =(M6*E6*O6*Q6)/100000000 -> 14.994771 | D6: VP OW | E6: 12 | F6: 1 | G6: 1350 | H6: 0.23 | I6: 0.88 | J6: =E6*G6*(1-H6)*1440/1000000*2.74 -> 49.217414 | K6: =(IF(G6<L6,L6,G6)*(1-IF(H6<N6,H6,N6))*E6*O6*Q6)/100000000 -> 15.926803 | L6: 1296.25 | M6: 978.66875 | N6: =1-(M6/L6) -> 0.245 | O6: =+'Trim Rwd'!H4 -> 266 | P6: =O6*(Q6-R6-S6) -> 54530 | Q6: =240+240 -> 480 | R6: 240 | S6: 35 | T6: =E6*M6*O6*Q6/100000000 -> 14.994771 | U6: =E6*M6*O6*(Q6-R6-S6)/100000000 -> 6.4040168 | V6: =E6*G6*(1-N6)*O6/100*(R6+S6)/1000000 -> 8.9469765 | W6: =+'1'!K7/1000 -> 10.598 | X6: =SUM(W6:W9)/SUM(K6:K9) -> 0.43564258 | Y6: 0 | Z6: =+'1'!D34/1000 -> 0 | AA6: =SUM(U6:U9)-SUM(W6:W9)-SUM(Z6:Z9)-SUM(Y6:Y9) -> 6.9228951 | AB6: =(SUM(K6:K9)-SUM(W6:W9)-SUM(Y6:Y9)-SUM(Z6:Z9)-SUM(AC6:AC9)-SUM(V6:V9))-AA6 -> 2.2526502 | AC6: =K6-T6 -> 0.93203208 | AD6: =+AM6+BA6 -> 80 | AE6: - Sheet Breaks (15x) | AF6: 80 | AM6: =SUM(AF6:AL6)+AT6+AV6+AX6 -> 80 | AR6: =SUM(AN6:AQ6) -> 0 | BA6: =+AR6+AS6+AU6+AW6+AY6+AZ6 -> 0 | BB6: 15 | BD6: 1
B7: Facial | C7: =(M7*E7*O7*Q7)/100000000 -> 26.735647 | D7: VP OW | E7: 11.5 | F7: 1 | G7: 1350 | H7: 0.23 | I7: 0.88 | J7: =E7*G7*(1-H7)*1440/1000000*2.74 -> 47.166689 | K7: =(IF(G7<L7,L7,G7)*(1-IF(H7<N7,H7,N7))*E7*O7*Q7)/100000000 -> 30.12471 | L7: 1198.1235 | M7: 922.55511 | N7: =1-(M7/L7) -> 0.23 | O7: =+'Trim Rwd'!H5 -> 262.5 | P7: =O7*(Q7-R7-S7) -> 193987.5 | Q7: =842+118 -> 960 | R7: 118 | S7: =50+23+30 -> 103 | T7: =E7*M7*O7*Q7/100000000 -> 26.735647 | U7: =E7*M7*O7*(Q7-R7-S7)/100000000 -> 20.580878 | V7: =E7*G7*(1-N7)*O7/100*(R7+S7)/1000000 -> 6.9349593 | W7: =+'1'!K8/1000 -> 9.464 | AD7: =+AM7+BA7 -> 15 | AE7: - Change Blade (12x) | AG7: 15 | AM7: =SUM(AF7:AL7)+AT7+AV7+AX7 -> 15 | AR7: =SUM(AN7:AQ7) -> 0 | BA7: =+AR7+AS7+AU7+AW7+AY7+AZ7 -> 0 | BC7: 12
AD8: =+AM8+BA8 -> 43 | AE8: - Change Spool (27x) | AH8: 43 | AM8: =SUM(AF8:AL8)+AT8+AV8+AX8 -> 43 | AR8: =SUM(AN8:AQ8) -> 0 | BA8: =+AR8+AS8+AU8+AW8+AY8+AZ8 -> 0
AD9: =+AM9+BA9 -> 120 | AE9: - 11:00 pm 17 stop, ganti wire | AM9: =SUM(AF9:AL9)+AT9+AV9+AX9 -> 0 | AN9: 120 | AR9: =SUM(AN9:AQ9) -> 120 | BA9: =+AR9+AS9+AU9+AW9+AY9+AZ9 -> 120
AD10: =+AM10+BA10 -> 238 | AE10: - 14:00 steam drop lagi, pm 17 gagal start up | AM10: =SUM(AF10:AL10)+AT10+AV10+AX10 -> 0 | AR10: =SUM(AN10:AQ10) -> 0 | AW10: 238 | BA10: =+AR10+AS10+AU10+AW10+AY10+AZ10 -> 238
A12: 45840 | B12: Facial | C12: =(M12*E12*O12*Q12)/100000000 -> 42.594773 | D12: VP OW | E12: 11.5 | F12: 1 | G12: 1350 | H12: 0.23 | I12: 0.88 | J12: =E12*G12*(1-H12)*1440/1000000*2.74 -> 47.166689 | K12: =(IF(G12<L12,L12,G12)*(1-IF(H12<N12,H12,N12))*E12*O12*Q12)/100000000 -> 45.187065 | L12: 1272.5532 | M12: 979.86596 | N12: =1-(M12/L12) -> 0.23 | O12: =+'Trim Rwd'!H7 -> 262.5 | P12: =O12*(Q12-R12-S12) -> 282450 | Q12: 1440 | R12: =130+135 -> 265 | S12: =31+68 -> 99 | T12: =E12*M12*O12*Q12/100000000 -> 42.594773 | U12: =E12*M12*O12*(Q12-R12-S12)/100000000 -> 31.827761 | V12: =E12*G12*(1-N12)*O12/100*(R12+S12)/1000000 -> 11.422286 | W12: =+'2'!K8/1000 -> 35.039 | X12: =SUM(W12:W15)/SUM(K12:K15) -> 0.77542102 | Y12: 0 | Z12: =+'1'!D40/1000 -> 0 | AA12: =SUM(U12:U15)-SUM(W12:W15)-SUM(Z12:Z15)-SUM(Y12:Y15) -> -3.2112389 | AB12: =(SUM(K12:K15)-SUM(W12:W15)-SUM(Y12:Y15)-SUM(Z12:Z15)-SUM(AC12:AC15)-SUM(V12:V15))-AA12 -> -0.65527377 | AC12: =K12-T12 -> 2.5922918 | AD12: =+AM12+BA12 -> 4 | AE12: - Sheet Breaks (2x) | AF12: 4 | AM12: =SUM(AF12:AL12)+AT12+AV12+AX12 -> 4 | AR12: =SUM(AN12:AQ12) -> 0 | BA12: =+AR12+AS12+AU12+AW12+AY12+AZ12 -> 0 | BB12: 2 | BD12: 2
AD13: =+AM13+BA13 -> 10 | AE13: - Change Blade (4x) | AG13: 10 | AM13: =SUM(AF13:AL13)+AT13+AV13+AX13 -> 10 | AR13: =SUM(AN13:AQ13) -> 0 | BA13: =+AR13+AS13+AU13+AW13+AY13+AZ13 -> 0 | BC13: 4
AD14: =+AM14+BA14 -> 17 | AE14: - Change Spool (22x) | AH14: 17 | AM14: =SUM(AF14:AL14)+AT14+AV14+AX14 -> 17 | AR14: =SUM(AN14:AQ14) -> 0 | BA14: =+AR14+AS14+AU14+AW14+AY14+AZ14 -> 0
AD15: =+AM15+BA15 -> 130 | AE15: - 09:20 pm 17 stop, ganti wire + cuci felt | AM15: =SUM(AF15:AL15)+AT15+AV15+AX15 -> 0 | AN15: 130 | AR15: =SUM(AN15:AQ15) -> 130 | BA15: =+AR15+AS15+AU15+AW15+AY15+AZ15 -> 130
AD16: =+AM16+BA16 -> 135 | AE16: - 11:30 pm 17 selesai ganti wire, tunggu steam stabil | AM16: =SUM(AF16:AL16)+AT16+AV16+AX16 -> 0 | AR16: =SUM(AN16:AQ16) -> 0 | AW16: 135 | BA16: =+AR16+AS16+AU16+AW16+AY16+AZ16 -> 135
AD17: =+AM17+BA17 -> 68 | AE17: - Seset steam drop 1920 kg | AM17: =SUM(AF17:AL17)+AT17+AV17+AX17 -> 68 | AR17: =SUM(AN17:AQ17) -> 0 | AV17: 68
A19: 45841 | B19: Facial | C19: =(M19*E19*O19*Q19)/100000000 -> 45.179943 | D19: VP OW | E19: 11.5 | F19: 1 | G19: 1350 | H19: 0.23 | I19: 0.88 | J19: =E19*G19*(1-H19)*1440/1000000*2.74 -> 47.166689 | K19: =(IF(G19<L19,L19,G19)*(1-IF(H19<N19,H19,N19))*E19*O19*Q19)/100000000 -> 45.187065 | L19: 1349.7872 | M19: 1039.3362 | N19: =1-(M19/L19) -> 0.23 | O19: =+'Trim Rwd'!H9 -> 262.5 | P19: =O19*(Q19-R19-S19) -> 351750 | Q19: 1440 | R19: 30 | S19: =62+3+5 -> 70 | T19: =E19*M19*O19*Q19/100000000 -> 45.179943 | U19: =E19*M19*O19*(Q19-R19-S19)/100000000 -> 42.042447 | V19: =E19*G19*(1-N19)*O19/100*(R19+S19)/1000000 -> 3.1379906 | W19: =+'3'!K8/1000 -> 38.435 | X19: =SUM(W19:W22)/SUM(K19:K22) -> 0.85057527 | Y19: 0 | Z19: =+'1'!D46/1000 -> 0 | AA19: =SUM(U19:U22)-SUM(W19:W22)-SUM(Z19:Z22)-SUM(Y19:Y22) -> 3.6074473 | AB19: =(SUM(K19:K22)-SUM(W19:W22)-SUM(Y19:Y22)-SUM(Z19:Z22)-SUM(AC19:AC22)-SUM(V19:V22))-AA19 -> -0.00049456117 | AC19: =K19-T19 -> 0.0071216809 | AD19: =+AM19+BA19 -> 20 | AE19: - Sheet Breaks (4x) | AF19: 20 | AM19: =SUM(AF19:AL19)+AT19+AV19+AX19 -> 20 | AR19: =SUM(AN19:AQ19) -> 0 | BA19: =+AR19+AS19+AU19+AW19+AY19+AZ19 -> 0 | BB19: 4
AD20: =+AM20+BA20 -> 10 | AE20: - Change Blade (8x) | AG20: 10 | AM20: =SUM(AF20:AL20)+AT20+AV20+AX20 -> 10 | AR20: =SUM(AN20:AQ20) -> 0 | BA20: =+AR20+AS20+AU20+AW20+AY20+AZ20 -> 0 | BC20: 8
AD21: =+AM21+BA21 -> 29 | AE21: - Change Spool (22x) | AH21: 29 | AM21: =SUM(AF21:AL21)+AT21+AV21+AX21 -> 29 | AR21: =SUM(AN21:AQ21) -> 0 | BA21: =+AR21+AS21+AU21+AW21+AY21+AZ21 -> 0
AD22: =+AM22+BA22 -> 30 | AE22: -16:00 PM 17 stop (TRIP FLICKER) | AM22: =SUM(AF22:AL22)+AT22+AV22+AX22 -> 0 | AR22: =SUM(AN22:AQ22) -> 0 | AY22: 30 | BA22: =+AR22+AS22+AU22+AW22+AY22+AZ22 -> 30
AD23: =+AM23+BA23 -> 11 | AE23: - 06.12 Sirkulai UTM, pasang spool dari reel | AK23: 11 | AM23: =SUM(AF23:AL23)+AT23+AV23+AX23 -> 11 | AR23: =SUM(AN23:AQ23) -> 0 | BA23: =+AR23+AS23+AU23+AW23+AY23+AZ23 -> 0
A25: 45842 | B25: Facial | C25: =(M25*E25*O25*Q25)/100000000 -> 43.174335 | D25: VP OW | E25: 11.5 | F25: 1 | G25: 1350 | H25: 0.23 | I25: 0.88 | J25: =E25*G25*(1-H25)*1440/1000000*2.74 -> 47.166689 | K25: =(IF(G25<L25,L25,G25)*(1-IF(H25<N25,H25,N25))*E25*O25*Q25)/100000000 -> 45.187065 | L25: 1289.8681 | M25: 993.1984 | N25: =1-(M25/L25) -> 0.23 | O25: =+'Trim Rwd'!H11 -> 262.5 | P25: =O25*(Q25-R25-S25) -> 359625 | Q25: 1440 | R25: 0 | S25: 70 | T25: =E25*M25*O25*Q25/100000000 -> 43.174335 | U25: =E25*M25*O25*(Q25-R25-S25)/100000000 -> 41.075582 | V25: =E25*G25*(1-N25)*O25/100*(R25+S25)/1000000 -> 2.1965934 | W25: =+'4'!K8/1000 -> 42.111 | X25: =SUM(W25:W28)/SUM(K25:K28) -> 0.93192598 | Y25: =+SUM(RBP!AG15:AG16) -> 0 | Z25: =+'1'!D52/1000 -> 0 | AA25: =SUM(U25:U28)-SUM(W25:W28)-SUM(Z25:Z28)-SUM(Y25:Y28) -> -1.0354178 | AB25: =(SUM(K25:K28)-SUM(W25:W28)-SUM(Y25:Y28)-SUM(Z25:Z28)-SUM(AC25:AC28)-SUM(V25:V28))-AA25 -> -0.097841063 | AC25: =K25-T25 -> 2.0127304 | AD25: =+AM25+BA25 -> 12 | AE25: - Sheet Breaks (3x) | AF25: 12 | AM25: =SUM(AF25:AL25)+AT25+AV25+AX25 -> 12 | AR25: =SUM(AN25:AQ25) -> 0 | BA25: =+AR25+AS25+AU25+AW25+AY25+AZ25 -> 0 | BB25: 3
AD26: =+AM26+BA26 -> 16 | AE26: - Change Blade (6x) | AG26: 16 | AM26: =SUM(AF26:AL26)+AT26+AV26+AX26 -> 16 | AR26: =SUM(AN26:AQ26) -> 0 | BA26: =+AR26+AS26+AU26+AW26+AY26+AZ26 -> 0 | BC26: 6
AD27: =+AM27+BA27 -> 17 | AE27: - Change Spool (23x) | AH27: 17 | AM27: =SUM(AF27:AL27)+AT27+AV27+AX27 -> 17 | AR27: =SUM(AN27:AQ27) -> 0 | BA27: =+AR27+AS27+AU27+AW27+AY27+AZ27 -> 0
AD28: =+AM28+BA28 -> 25 | AE28: - 08:48 eid setting consistensi yg eror ( mdt kurang stabil ) | AK28: 25 | AM28: =SUM(AF28:AL28)+AT28+AV28+AX28 -> 25 | AR28: =SUM(AN28:AQ28) -> 0 | BA28: =+AR28+AS28+AU28+AW28+AY28+AZ28 -> 0
A30: 45843 | B30: Facial | C30: =(M30*E30*O30*Q30)/100000000 -> 24.476327 | D30: VP OW | E30: 11.5 | F30: 1 | G30: 1350 | H30: 0.23 | I30: 0.88 | J30: =E30*G30*(1-H30)*1440/1000000*2.74 -> 47.166689 | K30: =(IF(G30<L30,L30,G30)*(1-IF(H30<N30,H30,N30))*E30*O30*Q30)/100000000 -> 24.476327 | L30: 1350 | M30: 1039.5 | N30: =1-(M30/L30) -> 0.23 | O30: =+'Trim Rwd'!H13 -> 262.5 | P30: =O30*(Q30-R30-S30) -> 193987.5 | Q30: 780 | R30: 0 | S30: =26+5+10 -> 41 | T30: =E30*M30*O30*Q30/100000000 -> 24.476327 | U30: =E30*M30*O30*(Q30-R30-S30)/100000000 -> 23.189751 | V30: =E30*G30*(1-N30)*O30/100*(R30+S30)/1000000 -> 1.2865762 | W30: =+'5'!K8/1000 -> 25.81 | X30: =SUM(W30:W34)/SUM(K30:K34) -> 0.87734603 | Y30: =+SUM(RBP!AG20:AG21) -> 0 | Z30: =+'1'!D57/1000 -> 0 | AA30: =SUM(U30:U34)-SUM(W30:W34)-SUM(Z30:Z34)-SUM(Y30:Y34) -> 3.8756137 | AB30: =(SUM(K30:K34)-SUM(W30:W34)-SUM(Y30:Y34)-SUM(Z30:Z34)-SUM(AC30:AC34)-SUM(V30:V34))-AA30 -> 4.4408921e-15 | AC30: =K30-T30 -> 0 | AD30: =+AM30+BA30 -> 15 | AE30: - Sheet Breaks (6x) | AF30: 15 | AM30: =SUM(AF30:AL30)+AT30+AV30+AX30 -> 15 | AR30: =SUM(AN30:AQ30) -> 0 | BA30: =+AR30+AS30+AU30+AW30+AY30+AZ30 -> 0 | BB30: 6
B31: Facial | C31: =(M31*E31*O31*Q31)/100000000 -> 4.6453176 | D31: VP OW | E31: 12 | F31: 1 | G31: 1350 | H31: 0.23 | I31: 0.88 | J31: =E31*G31*(1-H31)*1440/1000000*2.74 -> 49.217414 | K31: =(IF(G31<L31,L31,G31)*(1-IF(H31<N31,H31,N31))*E31*O31*Q31)/100000000 -> 4.6453176 | L31: 1350 | M31: 1039.5 | N31: =1-(M31/L31) -> 0.23 | O31: =+'Trim Rwd'!H14 -> 266 | P31: =O31*(Q31-R31-S31) -> 35644 | Q31: 140 | R31: 0 | S31: 6 | T31: =E31*M31*O31*Q31/100000000 -> 4.6453176 | U31: =E31*M31*O31*(Q31-R31-S31)/100000000 -> 4.4462326 | V31: =E31*G31*(1-N31)*O31/100*(R31+S31)/1000000 -> 0.19908504 | W31: =+'5'!K7/1000 -> 4.596 | AD31: =+AM31+BA31 -> 16 | AE31: - Change Blade (9x) | AG31: 16 | AM31: =SUM(AF31:AL31)+AT31+AV31+AX31 -> 16 | AR31: =SUM(AN31:AQ31) -> 0 | BA31: =+AR31+AS31+AU31+AW31+AY31+AZ31 -> 0 | BC31: 9
B32: Facial | C32: =(M32*E32*O32*Q32)/100000000 -> 18.691873 | D32: VP OW | E32: 13 | F32: 1 | G32: 1350 | H32: 0.23 | I32: 0.88 | J32: =E32*G32*(1-H32)*1440/1000000*2.74 -> 53.318866 | K32: =(IF(G32<L32,L32,G32)*(1-IF(H32<N32,H32,N32))*E32*O32*Q32)/100000000 -> 18.691873 | L32: 1350 | M32: 1039.5 | N32: =1-(M32/L32) -> 0.23 | O32: =+'Trim Rwd'!H15 -> 266 | P32: =O32*(Q32-R32-S32) -> 134596 | Q32: 520 | R32: 0 | S32: =61-S30-S31 -> 14 | T32: =E32*M32*O32*Q32/100000000 -> 18.691873 | U32: =E32*M32*O32*(Q32-R32-S32)/100000000 -> 18.18863 | V32: =E32*G32*(1-N32)*O32/100*(R32+S32)/1000000 -> 0.50324274 | W32: =+'5'!K10/1000 -> 11.543 | AD32: =+AM32+BA32 -> 25 | AE32: - Change Spool (25x) | AH32: 25 | AM32: =SUM(AF32:AL32)+AT32+AV32+AX32 -> 25 | AR32: =SUM(AN32:AQ32) -> 0 | BA32: =+AR32+AS32+AU32+AW32+AY32+AZ32 -> 0
AD33: =+AM33+BA33 -> 5 | AE33: - Loader arm selalu sering macet | AJ33: 5 | AM33: =SUM(AF33:AL33)+AT33+AV33+AX33 -> 5 | AR33: =SUM(AN33:AQ33) -> 0 | BA33: =+AR33+AS33+AU33+AW33+AY33+AZ33 -> 0
A35: 45844 | B35: Facial | C35: =(M35*E35*O35*Q35)/100000000 -> 5.3918865 | D35: VP OW | E35: 13 | F35: 1 | G35: 1350 | H35: 0.23 | I35: 0.88 | J35: =E35*G35*(1-H35)*1440/1000000*2.74 -> 53.318866 | K35: =(IF(G35<L35,L35,G35)*(1-IF(H35<N35,H35,N35))*E35*O35*Q35)/100000000 -> 5.3918865 | L35: 1350 | M35: 1039.5 | N35: =1-(M35/L35) -> 0.23 | O35: =+'Trim Rwd'!H17 -> 266 | P35: =O35*(Q35-R35-S35) -> 34580 | Q35: 150 | R35: 0 | S35: =10+5+5 -> 20 | T35: =E35*M35*O35*Q35/100000000 -> 5.3918865 | U35: =E35*M35*O35*(Q35-R35-S35)/100000000 -> 4.6729683 | V35: =E35*G35*(1-N35)*O35/100*(R35+S35)/1000000 -> 0.7189182 | W35: =+'6'!K10/1000 -> 9.714 | X35: =SUM(W35:W38)/SUM(K35:K38) -> 0.88337241 | Y35: =+SUM(RBP!AG24:AG25) -> 0 | Z35: =+'1'!D61/1000 -> 0 | AA35: =SUM(U35:U38)-SUM(W35:W38)-SUM(Z35:Z38)-SUM(Y35:Y38) -> 4.1836871 | AB35: =(SUM(K35:K38)-SUM(W35:W38)-SUM(Y35:Y38)-SUM(Z35:Z38)-SUM(AC35:AC38)-SUM(V35:V38))-AA35 -> 0.0068518475 | AC35: =K35-T35 -> 0 | AD35: =+AM35+BA35 -> 15 | AE35: - Sheet Breaks (6x) | AF35: 15 | AM35: =SUM(AF35:AL35)+AT35+AV35+AX35 -> 15 | AR35: =SUM(AN35:AQ35) -> 0 | BA35: =+AR35+AS35+AU35+AW35+AY35+AZ35 -> 0 | BB35: 6
B36: Toilet | C36: =(M36*E36*O36*Q36)/100000000 -> 46.544306 | D36: VP OW | E36: 13 | F36: 1 | G36: 1305 | H36: =+N36 -> 0.17736935 | I36: 0.88 | J36: =E36*G36*(1-H36)*1440/1000000*2.74 -> 55.064513 | K36: =(IF(G36<L36,L36,G36)*(1-IF(H36<N36,H36,N36))*E36*O36*Q36)/100000000 -> 46.544306 | L36: 1312.7907 | M36: 1079.9419 | N36: =1-(M36/L36) -> 0.17736935 | O36: =+'Trim Rwd'!H18 -> 257 | P36: =O36*(Q36-R36-S36) -> 323306 | Q36: 1290 | R36: 0 | S36: =27+5 -> 32 | T36: =E36*M36*O36*Q36/100000000 -> 46.544306 | U36: =E36*M36*O36*(Q36-R36-S36)/100000000 -> 45.389719 | V36: =E36*G36*(1-N36)*O36/100*(R36+S36)/1000000 -> 1.1477356 | W36: =+'6'!K9/1000 -> 36.165 | AD36: =+AM36+BA36 -> 13 | AE36: - Change Blade (10x) | AG36: 13 | AM36: =SUM(AF36:AL36)+AT36+AV36+AX36 -> 13 | AR36: =SUM(AN36:AQ36) -> 0 | BA36: =+AR36+AS36+AU36+AW36+AY36+AZ36 -> 0 | BC36: 10
AD37: =+AM37+BA37 -> 24 | AE37: - Change Spool (22x) | AH37: 24 | AM37: =SUM(AF37:AL37)+AT37+AV37+AX37 -> 24 | AR37: =SUM(AN37:AQ37) -> 0 | BA37: =+AR37+AS37+AU37+AW37+AY37+AZ37 -> 0
A39: 45845 | B39: Toilet | C39: =(M39*E39*O39*Q39)/100000000 -> 51.285686 | D39: VP OW | E39: 13 | F39: 1 | G39: 1310 | H39: =+N39 -> 0.18 | I39: 0.88 | J39: =E39*G39*(1-H39)*1440/1000000*2.74 -> 55.098726 | K39: =(IF(G39<L39,L39,G39)*(1-IF(H39<N39,H39,N39))*E39*O39*Q39)/100000000 -> 51.680192 | L39: 1300 | M39: 1066 | N39: =1-(M39/L39) -> 0.18 | O39: =+'Trim Rwd'!H20 -> 257 | P39: =O39*(Q39-R39-S39) -> 363912 | Q39: 1440 | R39: 0 | S39: 24 | T39: =E39*M39*O39*Q39/100000000 -> 51.285686 | U39: =E39*M39*O39*(Q39-R39-S39)/100000000 -> 50.430925 | V39: =E39*G39*(1-N39)*O39/100*(R39+S39)/1000000 -> 0.86133653 | W39: =+'7'!K9/1000 -> 48.341 | X39: =SUM(W39:W42)/SUM(K39:K42) -> 0.9353874 | Y39: =+SUM(RBP!AG29:AG30) -> 0 | Z39: =+'1'!D66/1000 -> 0 | AA39: =SUM(U39:U42)-SUM(W39:W42)-SUM(Z39:Z42)-SUM(Y39:Y42) -> 2.089925 | AB39: =(SUM(K39:K42)-SUM(W39:W42)-SUM(Y39:Y42)-SUM(Z39:Z42)-SUM(AC39:AC42)-SUM(V39:V42))-AA39 -> -0.006575088 | AC39: =K39-T39 -> 0.39450528 | AD39: =+AM39+BA39 -> 0 | AE39: - Sheet Breaks (0x) | AF39: 0 | AM39: =SUM(AF39:AL39)+AT39+AV39+AX39 -> 0 | AR39: =SUM(AN39:AQ39) -> 0 | BA39: =+AR39+AS39+AU39+AW39+AY39+AZ39 -> 0 | BB39: 0
AD40: =+AM40+BA40 -> 12 | AE40: - Change Blade (11x) | AG40: 12 | AM40: =SUM(AF40:AL40)+AT40+AV40+AX40 -> 12 | AR40: =SUM(AN40:AQ40) -> 0 | BA40: =+AR40+AS40+AU40+AW40+AY40+AZ40 -> 0 | BC40: 11
AD41: =+AM41+BA41 -> 12 | AE41: - Change Spool (23x) | AH41: 12 | AM41: =SUM(AF41:AL41)+AT41+AV41+AX41 -> 12 | AR41: =SUM(AN41:AQ41) -> 0 | BA41: =+AR41+AS41+AU41+AW41+AY41+AZ41 -> 0
A43: 45846 | B43: Toilet | C43: =(M43*E43*O43*Q43)/100000000 -> 22.081337 | D43: VP OW | E43: 13 | F43: 1 | G43: 1310 | H43: =+N43 -> 0.18 | I43: 0.88 | J43: =E43*G43*(1-H43)*1440/1000000*2.74 -> 55.098726 | K43: =(IF(G43<L43,L43,G43)*(1-IF(H43<N43,H43,N43))*E43*O43*Q43)/100000000 -> 22.251194 | L43: 1300 | M43: 1066 | N43: =1-(M43/L43) -> 0.18 | O43: =+'Trim Rwd'!H22 -> 257 | P43: =O43*(Q43-R43-S43) -> 155742 | Q43: 620 | R43: 0 | S43: 14 | T43: =E43*M43*O43*Q43/100000000 -> 22.081337 | U43: =E43*M43*O43*(Q43-R43-S43)/100000000 -> 21.582726 | V43: =E43*G43*(1-N43)*O43/100*(R43+S43)/1000000 -> 0.50244631 | W43: =+'8'!K9/1000 -> 28.852 | X43: =SUM(W43:W46)/SUM(K43:K46) -> 0.9816939 | Y43: =+SUM(RBP!AG33:AG34) -> 0 | Z43: =+'1'!D70/1000 -> 0 | AA43: =SUM(U43:U46)-SUM(W43:W46)-SUM(Z43:Z46)-SUM(Y43:Y46) -> -0.43981583 | AB43: =(SUM(K43:K46)-SUM(W43:W46)-SUM(Y43:Y46)-SUM(Z43:Z46)-SUM(AC43:AC46)-SUM(V43:V46))-AA43 -> -0.003835468 | AC43: =K43-T43 -> 0.16985644 | AD43: =+AM43+BA43 -> 0 | AE43: - Sheet Breaks (0x) | AF43: 0 | AM43: =SUM(AF43:AL43)+AT43+AV43+AX43 -> 0 | AR43: =SUM(AN43:AQ43) -> 0 | BA43: =+AR43+AS43+AU43+AW43+AY43+AZ43 -> 0 | BB43: 0 | BD43: 3
B44: Toilet | C44: =(M44*E44*O44*Q44)/100000000 -> 10.88107 | D44: VP OW | E44: 13 | F44: 1 | G44: 1350 | H44: 0.23 | I44: 0.88 | J44: =E44*G44*(1-H44)*1440/1000000*2.74 -> 53.318866 | K44: =(IF(G44<L44,L44,G44)*(1-IF(H44<N44,H44,N44))*E44*O44*Q44)/100000000 -> 10.88107 | L44: 1350 | M44: 1039.5 | N44: =1-(M44/L44) -> 0.23 | O44: =+'Trim Rwd'!H23 -> 264 | P44: =O44*(Q44-R44-S44) -> 78408 | Q44: 305 | R44: 0 | S44: =34-S43-S45 -> 8 | T44: =E44*M44*O44*Q44/100000000 -> 10.88107 | U44: =E44*M44*O44*(Q44-R44-S44)/100000000 -> 10.595665 | V44: =E44*G44*(1-N44)*O44/100*(R44+S44)/1000000 -> 0.28540512 | W44: =+'8'!K11/1000 -> 10.128 | AD44: =+AM44+BA44 -> 13 | AE44: - Change Blade (10x) | AG44: 13 | AM44: =SUM(AF44:AL44)+AT44+AV44+AX44 -> 13 | AR44: =SUM(AN44:AQ44) -> 0 | BA44: =+AR44+AS44+AU44+AW44+AY44+AZ44 -> 0 | BC44: 10
B45: Facial | C45: =(M45*E45*O45*Q45)/100000000 -> 18.512144 | D45: VP OW | E45: 13 | F45: 1 | G45: 1350 | H45: =+N45 -> 0.23 | I45: 0.88 | J45: =E45*G45*(1-H45)*1440/1000000*2.74 -> 53.318866 | K45: =(IF(G45<L45,L45,G45)*(1-IF(H45<N45,H45,N45))*E45*O45*Q45)/100000000 -> 18.512144 | L45: 1350 | M45: 1039.5 | N45: =1-(M45/L45) -> 0.23 | O45: =+'Trim Rwd'!H24 -> 266 | P45: =O45*(Q45-R45-S45) -> 133798 | Q45: 515 | R45: 0 | S45: 12 | T45: =E45*M45*O45*Q45/100000000 -> 18.512144 | U45: =E45*M45*O45*(Q45-R45-S45)/100000000 -> 18.080793 | V45: =E45*G45*(1-N45)*O45/100*(R45+S45)/1000000 -> 0.43135092 | W45: =+'8'!K10/1000 -> 11.719 | AD45: =+AM45+BA45 -> 16 | AE45: - Change Spool (27x) | AH45: 16 | AM45: =SUM(AF45:AL45)+AT45+AV45+AX45 -> 16 | AR45: =SUM(AN45:AQ45) -> 0 | BA45: =+AR45+AS45+AU45+AW45+AY45+AZ45 -> 0
AD46: =+AM46+BA46 -> 5 | AE46: - Steam drop | AM46: =SUM(AF46:AL46)+AT46+AV46+AX46 -> 5 | AR46: =SUM(AN46:AQ46) -> 0 | AV46: 5
A48: 45847 | B48: Facial | C48: =(M48*E48*O48*Q48)/100000000 -> 4.2416174 | D48: VP OW | E48: 13 | F48: 1 | G48: 1350 | H48: =+N48 -> 0.23 | I48: 0.88 | J48: =E48*G48*(1-H48)*1440/1000000*2.74 -> 53.318866 | K48: =(IF(G48<L48,L48,G48)*(1-IF(H48<N48,H48,N48))*E48*O48*Q48)/100000000 -> 4.2416174 | L48: 1350 | M48: 1039.5 | N48: =1-(M48/L48) -> 0.23 | O48: =+'Trim Rwd'!H26 -> 266 | P48: =O48*(Q48-R48-S48) -> 24738 | Q48: 118 | R48: 0 | S48: 25 | T48: =E48*M48*O48*Q48/100000000 -> 4.2416174 | U48: =E48*M48*O48*(Q48-R48-S48)/100000000 -> 3.3429696 | V48: =E48*G48*(1-N48)*O48/100*(R48+S48)/1000000 -> 0.89864775 | W48: =+'9'!K10/1000 -> 10.231 | X48: =SUM(W48:W51)/SUM(K48:K51) -> 0.91168308 | Y48: 0 | Z48: =+'1'!D75/1000 -> 0 | AA48: =SUM(U48:U51)-SUM(W48:W51)-SUM(Z48:Z51)-SUM(Y48:Y51) -> -0.62928557 | AB48: =(SUM(K48:K51)-SUM(W48:W51)-SUM(Y48:Y51)-SUM(Z48:Z51)-SUM(AC48:AC51)-SUM(V48:V51))-AA48 -> 3.5527137e-15 | AC48: =K48-T48 -> 0 | AD48: =+AM48+BA48 -> 80 | AE48: - Sheet Breaks (30x) | AF48: 80 | AM48: =SUM(AF48:AL48)+AT48+AV48+AX48 -> 80 | AR48: =SUM(AN48:AQ48) -> 0 | BA48: =+AR48+AS48+AU48+AW48+AY48+AZ48 -> 0 | BB48: 30
B49: Facial | C49: =(M49*E49*O49*Q49)/100000000 -> 42.875633 | D49: VP OW | E49: 12 | F49: 1 | G49: 1350 | H49: =+N49 -> 0.23 | I49: 0.88 | J49: =E49*G49*(1-H49)*1440/1000000*2.74 -> 49.217414 | K49: =(IF(G49<L49,L49,G49)*(1-IF(H49<N49,H49,N49))*E49*O49*Q49)/100000000 -> 42.875633 | L49: 1350 | M49: 1039.5 | N49: =1-(M49/L49) -> 0.23 | O49: =+'Trim Rwd'!H27 -> 260 | P49: =O49*(Q49-R49-S49) -> 312520 | Q49: 1322 | R49: 0 | S49: =145-S48 -> 120 | T49: =E49*M49*O49*Q49/100000000 -> 42.875633 | U49: =E49*M49*O49*(Q49-R49-S49)/100000000 -> 38.983745 | V49: =E49*G49*(1-N49)*O49/100*(R49+S49)/1000000 -> 3.891888 | W49: =+'9'!K7/1000 -> 32.725 | AD49: =+AM49+BA49 -> 21 | AE49: - Change Blade (9x) | AG49: 21 | AM49: =SUM(AF49:AL49)+AT49+AV49+AX49 -> 21 | AR49: =SUM(AN49:AQ49) -> 0 | BA49: =+AR49+AS49+AU49+AW49+AY49+AZ49 -> 0 | BC49: 9
AD50: =+AM50+BA50 -> 44 | AE50: - Change Spool (24x) | AH50: 44 | AM50: =SUM(AF50:AL50)+AT50+AV50+AX50 -> 44 | AR50: =SUM(AN50:AQ50) -> 0 | BA50: =+AR50+AS50+AU50+AW50+AY50+AZ50 -> 0
A52: 45848 | B52: Facial | C52: =(M52*E52*O52*Q52)/100000000 -> 46.213608 | D52: VP OW | E52: 12 | F52: 1 | G52: 1350 | H52: =+N52 -> 0.23 | I52: 0.88 | J52: =E52*G52*(1-H52)*1440/1000000*2.74 -> 49.217414 | K52: =(IF(G52<L52,L52,G52)*(1-IF(H52<N52,H52,N52))*E52*O52*Q52)/100000000 -> 46.442956 | L52: 1343.3333 | M52: 1034.3667 | N52: =1-(M52/L52) -> 0.23 | O52: =+'Trim Rwd'!H29 -> 258.55422 | P52: =O52*(Q52-R52-S52) -> 354477.83 | Q52: 1440 | R52: 0 | S52: 69 | T52: =E52*M52*O52*Q52/100000000 -> 46.213608 | U52: =E52*M52*O52*(Q52-R52-S52)/100000000 -> 43.999206 | V52: =E52*G52*(1-N52)*O52/100*(R52+S52)/1000000 -> 2.2253917 | W52: =+'10'!K7/1000 -> 40.226 | X52: =SUM(W52:W55)/SUM(K52:K55) -> 0.8661378 | Y52: 0 | Z52: =+'10'!D34/1000 -> 0.996 | AA52: =SUM(U52:U55)-SUM(W52:W55)-SUM(Z52:Z55)-SUM(Y52:Y55) -> 2.7772063 | AB52: =(SUM(K52:K55)-SUM(W52:W55)-SUM(Y52:Y55)-SUM(Z52:Z55)-SUM(AC52:AC55)-SUM(V52:V55))-AA52 -> -0.010989588 | AC52: =K52-T52 -> 0.22934793 | AD52: =+AM52+BA52 -> 8 | AE52: - Sheet Breaks (4x) | AF52: 8 | AM52: =SUM(AF52:AL52)+AT52+AV52+AX52 -> 8 | AR52: =SUM(AN52:AQ52) -> 0 | BA52: =+AR52+AS52+AU52+AW52+AY52+AZ52 -> 0 | BB52: 4
AD53: =+AM53+BA53 -> 14 | AE53: - Change Blade (7x) | AG53: 14 | AM53: =SUM(AF53:AL53)+AT53+AV53+AX53 -> 14 | AR53: =SUM(AN53:AQ53) -> 0 | BA53: =+AR53+AS53+AU53+AW53+AY53+AZ53 -> 0 | BC53: 7
AD54: =+AM54+BA54 -> 47 | AE54: - Change Spool (26x) | AH54: 47 | AM54: =SUM(AF54:AL54)+AT54+AV54+AX54 -> 47 | AR54: =SUM(AN54:AQ54) -> 0 | BA54: =+AR54+AS54+AU54+AW54+AY54+AZ54 -> 0
A56: 45849 | B56: Facial | C56: =(M56*E56*O56*Q56)/100000000 -> 47.046211 | D56: VP OW | E56: 12 | F56: 1 | G56: 1350 | H56: =+N56 -> 0.23 | I56: 0.88 | J56: =E56*G56*(1-H56)*1440/1000000*2.74 -> 49.217414 | K56: =(IF(G56<L56,L56,G56)*(1-IF(H56<N56,H56,N56))*E56*O56*Q56)/100000000 -> 47.15172 | L56: 1346.9792 | M56: 1037.174 | N56: =1-(M56/L56) -> 0.23 | O56: =+'Trim Rwd'!H32 -> 262.5 | P56: =O56*(Q56-R56-S56) -> 341250 | Q56: 1440 | R56: 0 | S56: 140 | T56: =E56*M56*O56*Q56/100000000 -> 47.046211 | U56: =E56*M56*O56*(Q56-R56-S56)/100000000 -> 42.472274 | V56: =E56*G56*(1-N56)*O56/100*(R56+S56)/1000000 -> 4.584195 | W56: =+'11'!K7/1000 -> 31.272 | X56: =SUM(W56:W59)/SUM(K56:K59) -> 0.66322077 | Y56: 0 | Z56: =+'11'!D34/1000 -> 1.032 | AA56: =SUM(U56:U59)-SUM(W56:W59)-SUM(Z56:Z59)-SUM(Y56:Y59) -> 10.168274 | AB56: =(SUM(K56:K59)-SUM(W56:W59)-SUM(Y56:Y59)-SUM(Z56:Z59)-SUM(AC56:AC59)-SUM(V56:V59))-AA56 -> -0.010257844 | AC56: =K56-T56 -> 0.10550925 | AD56: =+AM56+BA56 -> 85 | AE56: - Sheet Breaks (29x) | AF56: 85 | AM56: =SUM(AF56:AL56)+AT56+AV56+AX56 -> 85 | AR56: =SUM(AN56:AQ56) -> 0 | BA56: =+AR56+AS56+AU56+AW56+AY56+AZ56 -> 0 | BB56: 29
AD57: =+AM57+BA57 -> 14 | AE57: - Change Blade (10x) | AG57: 14 | AM57: =SUM(AF57:AL57)+AT57+AV57+AX57 -> 14 | AR57: =SUM(AN57:AQ57) -> 0 | BA57: =+AR57+AS57+AU57+AW57+AY57+AZ57 -> 0 | BC57: 10
AD58: =+AM58+BA58 -> 41 | AE58: - Change Spool (25x) | AH58: 41 | AM58: =SUM(AF58:AL58)+AT58+AV58+AX58 -> 41 | AR58: =SUM(AN58:AQ58) -> 0 | BA58: =+AR58+AS58+AU58+AW58+AY58+AZ58 -> 0
A60: 45850 | B60: Facial | C60: =(M60*E60*O60*Q60)/100000000 -> 47.206989 | D60: VP OW | E60: 12 | F60: 1 | G60: 1350 | H60: =+N60 -> 0.23 | I60: 0.88 | J60: =E60*G60*(1-H60)*1440/1000000*2.74 -> 49.217414 | K60: =(IF(G60<L60,L60,G60)*(1-IF(H60<N60,H60,N60))*E60*O60*Q60)/100000000 -> 47.206989 | L60: 1350 | M60: 1039.5 | N60: =1-(M60/L60) -> 0.23 | O60: =+'Trim Rwd'!H34 -> 262.80769 | P60: =O60*(Q60-R60-S60) -> 352687.92 | Q60: 1440 | R60: 0 | S60: 98 | T60: =E60*M60*O60*Q60/100000000 -> 47.206989 | U60: =E60*M60*O60*(Q60-R60-S60)/100000000 -> 43.994292 | V60: =E60*G60*(1-N60)*O60/100*(R60+S60)/1000000 -> 3.2126979 | W60: =+'12'!K7/1000 -> 39.923 | X60: =SUM(W60:W63)/SUM(K60:K63) -> 0.84570104 | Y60: 0 | Z60: =+'12'!D34/1000 -> 0.52 | AA60: =SUM(U60:U63)-SUM(W60:W63)-SUM(Z60:Z63)-SUM(Y60:Y63) -> 3.5512915 | AB60: =(SUM(K60:K63)-SUM(W60:W63)-SUM(Y60:Y63)-SUM(Z60:Z63)-SUM(AC60:AC63)-SUM(V60:V63))-AA60 -> 4.4408921e-15 | AC60: =K60-T60 -> 0 | AD60: =+AM60+BA60 -> 43 | AE60: - Sheet Breaks (11x) | AF60: 43 | AM60: =SUM(AF60:AL60)+AT60+AV60+AX60 -> 43 | AR60: =SUM(AN60:AQ60) -> 0 | BA60: =+AR60+AS60+AU60+AW60+AY60+AZ60 -> 0 | BB60: 11
AD61: =+AM61+BA61 -> 19 | AE61: - Change Blade (11x) | AG61: 19 | AM61: =SUM(AF61:AL61)+AT61+AV61+AX61 -> 19 | AR61: =SUM(AN61:AQ61) -> 0 | BA61: =+AR61+AS61+AU61+AW61+AY61+AZ61 -> 0 | BC61: 11
AD62: =+AM62+BA62 -> 36 | AE62: - Change Spool (23x) | AH62: 36 | AM62: =SUM(AF62:AL62)+AT62+AV62+AX62 -> 36 | AR62: =SUM(AN62:AQ62) -> 0 | BA62: =+AR62+AS62+AU62+AW62+AY62+AZ62 -> 0
A64: 45851 | B64: Facial | C64: =(M64*E64*O64*Q64)/100000000 -> 46.18855 | D64: VP OW | E64: 12 | F64: 1 | G64: 1350 | H64: =+N64 -> 0.23 | I64: 0.88 | J64: =E64*G64*(1-H64)*1440/1000000*2.74 -> 49.217414 | K64: =(IF(G64<L64,L64,G64)*(1-IF(H64<N64,H64,N64))*E64*O64*Q64)/100000000 -> 47.421158 | L64: 1314.9097 | M64: 1012.4805 | N64: =1-(M64/L64) -> 0.23 | O64: =+'Trim Rwd'!H37 -> 264 | P64: =O64*(Q64-R64-S64) -> 352440 | Q64: 1440 | R64: 0 | S64: =82+23 -> 105 | T64: =E64*M64*O64*Q64/100000000 -> 46.18855 | U64: =E64*M64*O64*(Q64-R64-S64)/100000000 -> 42.820635 | V64: =E64*G64*(1-N64)*O64/100*(R64+S64)/1000000 -> 3.4577928 | W64: =+'13'!K7/1000 -> 37.55 | X64: =SUM(W64:W67)/SUM(K64:K67) -> 0.79184063 | Y64: =+SUM(RBP!AG15:AG16) -> 0 | Z64: =+'13'!D34/1000 -> 0.505 | AA64: =SUM(U64:U67)-SUM(W64:W67)-SUM(Z64:Z67)-SUM(Y64:Y67) -> 4.7656347 | AB64: =(SUM(K64:K67)-SUM(W64:W67)-SUM(Y64:Y67)-SUM(Z64:Z67)-SUM(AC64:AC67)-SUM(V64:V67))-AA64 -> -0.089877711 | AC64: =K64-T64 -> 1.2326086 | AD64: =+AM64+BA64 -> 18 | AE64: - Sheet Breaks (6x) | AF64: 18 | AM64: =SUM(AF64:AL64)+AT64+AV64+AX64 -> 18 | AR64: =SUM(AN64:AQ64) -> 0 | BA64: =+AR64+AS64+AU64+AW64+AY64+AZ64 -> 0 | BB64: 6
AD65: =+AM65+BA65 -> 25 | AE65: - Change Blade (11x) | AG65: 25 | AM65: =SUM(AF65:AL65)+AT65+AV65+AX65 -> 25 | AR65: =SUM(AN65:AQ65) -> 0 | BA65: =+AR65+AS65+AU65+AW65+AY65+AZ65 -> 0 | BC65: 11
AD66: =+AM66+BA66 -> 39 | AE66: - Change Spool (24x) | AH66: 39 | AM66: =SUM(AF66:AL66)+AT66+AV66+AX66 -> 39 | AR66: =SUM(AN66:AQ66) -> 0 | BA66: =+AR66+AS66+AU66+AW66+AY66+AZ66 -> 0
AD67: =+AM67+BA67 -> 23 | AE67: - 10:20 speed turun ke 1000 mpm flow oli tidak stabil,MED proses penambahan oli. | AJ67: 23 | AM67: =SUM(AF67:AL67)+AT67+AV67+AX67 -> 23 | AR67: =SUM(AN67:AQ67) -> 0 | BA67: =+AR67+AS67+AU67+AW67+AY67+AZ67 -> 0
A69: 45852 | B69: Facial | C69: =(M69*E69*O69*Q69)/100000000 -> 7.9035264 | D69: VP OW | E69: 12 | F69: 1 | G69: 1350 | H69: =+N69 -> 0.23 | I69: 0.88 | J69: =E69*G69*(1-H69)*1440/1000000*2.74 -> 49.217414 | K69: =(IF(G69<L69,L69,G69)*(1-IF(H69<N69,H69,N69))*E69*O69*Q69)/100000000 -> 7.9035264 | L69: 1350 | M69: 1039.5 | N69: =1-(M69/L69) -> 0.23 | O69: =+'Trim Rwd'!H39 -> 264 | P69: =O69*(Q69-R69-S69) -> 60984 | Q69: 240 | R69: 0 | S69: 9 | T69: =E69*M69*O69*Q69/100000000 -> 7.9035264 | U69: =E69*M69*O69*(Q69-R69-S69)/100000000 -> 7.6071442 | V69: =E69*G69*(1-N69)*O69/100*(R69+S69)/1000000 -> 0.29638224 | W69: =+'14'!K7/1000 -> 13.038 | X69: =SUM(W69:W72)/SUM(K69:K72) -> 0.94123425 | Y69: 0 | Z69: =+'14'!D7/1000 -> 0.636 | AA69: =SUM(U69:U72)-SUM(W69:W72)-SUM(Z69:Z72)-SUM(Y69:Y72) -> 1.3969858 | AB69: =(SUM(K69:K72)-SUM(W69:W72)-SUM(Y69:Y72)-SUM(Z69:Z72)-SUM(AC69:AC72)-SUM(V69:V72))-AA69 -> 1.7763568e-15 | AC69: =K69-T69 -> 0 | AD69: =+AM69+BA69 -> 0 | AE69: - Sheet Breaks (0x) | AF69: 0 | AM69: =SUM(AF69:AL69)+AT69+AV69+AX69 -> 0 | AR69: =SUM(AN69:AQ69) -> 0 | BA69: =+AR69+AS69+AU69+AW69+AY69+AZ69 -> 0 | BB69: 0
B70: Towel | C70: =(M70*E70*O70*Q70)/100000000 -> 44.298144 | D70: VP OW | E70: 15 | F70: 1 | G70: 1180 | H70: =+N70 -> 0.21 | I70: 0.88 | J70: =E70*G70*(1-H70)*1440/1000000*2.74 -> 55.171325 | K70: =(IF(G70<L70,L70,G70)*(1-IF(H70<N70,H70,N70))*E70*O70*Q70)/100000000 -> 44.298144 | L70: 1180 | M70: 932.2 | N70: =1-(M70/L70) -> 0.21 | O70: =+'Trim Rwd'!H40 -> 264 | P70: =O70*(Q70-R70-S70) -> 311520 | Q70: 1200 | R70: 0 | S70: 20 | T70: =E70*M70*O70*Q70/100000000 -> 44.298144 | U70: =E70*M70*O70*(Q70-R70-S70)/100000000 -> 43.559842 | V70: =E70*G70*(1-N70)*O70/100*(R70+S70)/1000000 -> 0.7383024 | W70: =+'14'!K12/1000 -> 36.096 | AD70: =+AM70+BA70 -> 10 | AE70: - Change Blade (6x) | AG70: 10 | AM70: =SUM(AF70:AL70)+AT70+AV70+AX70 -> 10 | AR70: =SUM(AN70:AQ70) -> 0 | BA70: =+AR70+AS70+AU70+AW70+AY70+AZ70 -> 0 | BC70: 6
AD71: =+AM71+BA71 -> 19 | AE71: - Change Spool (21x) | AH71: 19 | AM71: =SUM(AF71:AL71)+AT71+AV71+AX71 -> 19 | AR71: =SUM(AN71:AQ71) -> 0 | BA71: =+AR71+AS71+AU71+AW71+AY71+AZ71 -> 0
A73: 45853 | B73: Towel | C73: =(M73*E73*O73*Q73)/100000000 -> 7.1984484 | D73: VP OW | E73: 15 | F73: 1 | G73: 1180 | H73: =+N73 -> 0.21 | I73: 0.88 | J73: =E73*G73*(1-H73)*1440/1000000*2.74 -> 55.171325 | K73: =(IF(G73<L73,L73,G73)*(1-IF(H73<N73,H73,N73))*E73*O73*Q73)/100000000 -> 7.1984484 | L73: 1180 | M73: 932.2 | N73: =1-(M73/L73) -> 0.21 | O73: =+'Trim Rwd'!H42 -> 264 | P73: =O73*(Q73-R73-S73) -> 50160 | Q73: 195 | R73: 0 | S73: 5 | T73: =E73*M73*O73*Q73/100000000 -> 7.1984484 | U73: =E73*M73*O73*(Q73-R73-S73)/100000000 -> 7.0138728 | V73: =E73*G73*(1-N73)*O73/100*(R73+S73)/1000000 -> 0.1845756 | W73: =+'15'!K12/1000 -> 14.919 | X73: =SUM(W73:W76)/SUM(K73:K76) -> 1.0699438 | Y73: 0 | Z73: 0 | AA73: =SUM(U73:U76)-SUM(W73:W76)-SUM(Z73:Z76)-SUM(Y73:Y76) -> -4.037195 | AB73: =(SUM(K73:K76)-SUM(W73:W76)-SUM(Y73:Y76)-SUM(Z73:Z76)-SUM(AC73:AC76)-SUM(V73:V76))-AA73 -> 0 | AC73: =K73-T73 -> 0 | AD73: =+AM73+BA73 -> 0 | AE73: - Sheet Breaks (0x) | AF73: 0 | AM73: =SUM(AF73:AL73)+AT73+AV73+AX73 -> 0 | AR73: =SUM(AN73:AQ73) -> 0 | BA73: =+AR73+AS73+AU73+AW73+AY73+AZ73 -> 0 | BB73: 0
B74: Facial | C74: =(M74*E74*O74*Q74)/100000000 -> 40.847066 | D74: VP OW | E74: 12 | F74: 1 | G74: 1350 | H74: =+N74 -> 0.23 | I74: 0.88 | J74: =E74*G74*(1-H74)*1440/1000000*2.74 -> 49.217414 | K74: =(IF(G74<L74,L74,G74)*(1-IF(H74<N74,H74,N74))*E74*O74*Q74)/100000000 -> 40.847066 | L74: 1350 | M74: 1039.5 | N74: =1-(M74/L74) -> 0.23 | O74: =+'Trim Rwd'!H43 -> 263.01818 | P74: =O74*(Q74-R74-S74) -> 323512.36 | Q74: 1245 | R74: 0 | S74: 15 | T74: =E74*M74*O74*Q74/100000000 -> 40.847066 | U74: =E74*M74*O74*(Q74-R74-S74)/100000000 -> 40.354932 | V74: =E74*G74*(1-N74)*O74/100*(R74+S74)/1000000 -> 0.49213332 | W74: =+'15'!K7/1000 -> 36.487 | AD74: =+AM74+BA74 -> 7 | AE74: - Change Blade (9x) | AG74: 7 | AM74: =SUM(AF74:AL74)+AT74+AV74+AX74 -> 7 | AR74: =SUM(AN74:AQ74) -> 0 | BA74: =+AR74+AS74+AU74+AW74+AY74+AZ74 -> 0 | BC74: 9
AD75: =+AM75+BA75 -> 13 | AE75: - Change Spool (26x) | AH75: 13 | AM75: =SUM(AF75:AL75)+AT75+AV75+AX75 -> 13 | AR75: =SUM(AN75:AQ75) -> 0 | BA75: =+AR75+AS75+AU75+AW75+AY75+AZ75 -> 0
A77: 45854 | B77: Facial | C77: =(M77*E77*O77*Q77)/100000000 -> 10.006019 | D77: VP OW | E77: 12 | F77: 1 | G77: 1350 | H77: =+N77 -> 0.23 | I77: 0.88 | J77: =E77*G77*(1-H77)*1440/1000000*2.74 -> 49.217414 | K77: =(IF(G77<L77,L77,G77)*(1-IF(H77<N77,H77,N77))*E77*O77*Q77)/100000000 -> 10.006019 | L77: 1350 | M77: 1039.5 | N77: =1-(M77/L77) -> 0.23 | O77: =+'Trim Rwd'!H46 -> 263 | P77: =O77*(Q77-R77-S77) -> 77585 | Q77: 305 | R77: 0 | S77: 10 | T77: =E77*M77*O77*Q77/100000000 -> 10.006019 | U77: =E77*M77*O77*(Q77-R77-S77)/100000000 -> 9.6779529 | V77: =E77*G77*(1-N77)*O77/100*(R77+S77)/1000000 -> 0.3280662 | W77: =+'16'!K7/1000 -> 13.337 | X77: =SUM(W77:W80)/SUM(K77:K80) -> 0.90405523 | Y77: 0 | Z77: 0 | AA77: =SUM(U77:U80)-SUM(W77:W80)-SUM(Z77:Z80)-SUM(Y77:Y80) -> 3.1315484 | AB77: =(SUM(K77:K80)-SUM(W77:W80)-SUM(Y77:Y80)-SUM(Z77:Z80)-SUM(AC77:AC80)-SUM(V77:V80))-AA77 -> 0 | AC77: =K77-T77 -> 0 | AD77: =+AM77+BA77 -> 0 | AE77: - Sheet Breaks (0x) | AF77: 0 | AM77: =SUM(AF77:AL77)+AT77+AV77+AX77 -> 0 | AR77: =SUM(AN77:AQ77) -> 0 | BA77: =+AR77+AS77+AU77+AW77+AY77+AZ77 -> 0 | BB77: 0
B78: Facial | C78: =(M78*E78*O78*Q78)/100000000 -> 35.616194 | D78: VP OW | E78: 11.5 | F78: 1 | G78: 1350 | H78: =+N78 -> 0.23 | I78: 0.88 | J78: =E78*G78*(1-H78)*1440/1000000*2.74 -> 47.166689 | K78: =(IF(G78<L78,L78,G78)*(1-IF(H78<N78,H78,N78))*E78*O78*Q78)/100000000 -> 35.616194 | L78: 1350 | M78: 1039.5 | N78: =1-(M78/L78) -> 0.23 | O78: =+'Trim Rwd'!H47 -> 262.5 | P78: =O78*(Q78-R78-S78) -> 292687.5 | Q78: 1135 | R78: 0 | S78: 20 | T78: =E78*M78*O78*Q78/100000000 -> 35.616194 | U78: =E78*M78*O78*(Q78-R78-S78)/100000000 -> 34.988595 | V78: =E78*G78*(1-N78)*O78/100*(R78+S78)/1000000 -> 0.62759813 | W78: =+'16'!K8/1000 -> 27.908 | Z78: =+'16'!D25/1000 -> 0.29 | AD78: =+AM78+BA78 -> 9 | AE78: - Change Blade (9x) | AG78: 9 | AM78: =SUM(AF78:AL78)+AT78+AV78+AX78 -> 9 | AR78: =SUM(AN78:AQ78) -> 0 | BA78: =+AR78+AS78+AU78+AW78+AY78+AZ78 -> 0 | BC78: 9
AD79: =+AM79+BA79 -> 21 | AE79: - Change Spool (28x) | AH79: 21 | AM79: =SUM(AF79:AL79)+AT79+AV79+AX79 -> 21 | AR79: =SUM(AN79:AQ79) -> 0 | BA79: =+AR79+AS79+AU79+AW79+AY79+AZ79 -> 0
A81: 45855 | B81: Facial | C81: =(M81*E81*O81*Q81)/100000000 -> 45.187065 | D81: VP OW | E81: 11.5 | F81: 1 | G81: 1350 | H81: =+N81 -> 0.23 | I81: 0.88 | J81: =E81*G81*(1-H81)*1440/1000000*2.74 -> 47.166689 | K81: =(IF(G81<L81,L81,G81)*(1-IF(H81<N81,H81,N81))*E81*O81*Q81)/100000000 -> 45.187065 | L81: 1350 | M81: 1039.5 | N81: =1-(M81/L81) -> 0.23 | O81: =+'Trim Rwd'!H49 -> 262.5 | P81: =O81*(Q81-R81-S81) -> 364875 | Q81: 1440 | R81: 0 | S81: 50 | T81: =E81*M81*O81*Q81/100000000 -> 45.187065 | U81: =E81*M81*O81*(Q81-R81-S81)/100000000 -> 43.61807 | V81: =E81*G81*(1-N81)*O81/100*(R81+S81)/1000000 -> 1.5689953 | W81: =+'17'!K8/1000 -> 40.045 | X81: =SUM(W81:W84)/SUM(K81:K84) -> 0.88620493 | Y81: =+SUM(RBP!AG32:AG33) -> 0 | Z81: 0 | AA81: =SUM(U81:U84)-SUM(W81:W84)-SUM(Z81:Z84)-SUM(Y81:Y84) -> 3.5730697 | AB81: =(SUM(K81:K84)-SUM(W81:W84)-SUM(Y81:Y84)-SUM(Z81:Z84)-SUM(AC81:AC84)-SUM(V81:V84))-AA81 -> 0 | AC81: =K81-T81 -> 0 | AD81: =+AM81+BA81 -> 0 | AE81: - Sheet Breaks (0x) | AF81: 0 | AM81: =SUM(AF81:AL81)+AT81+AV81+AX81 -> 0 | AR81: =SUM(AN81:AQ81) -> 0 | BA81: =+AR81+AS81+AU81+AW81+AY81+AZ81 -> 0 | BB81: 0
AD82: =+AM82+BA82 -> 15 | AE82: - Change Blade (8x) | AG82: 15 | AM82: =SUM(AF82:AL82)+AT82+AV82+AX82 -> 15 | AR82: =SUM(AN82:AQ82) -> 0 | BA82: =+AR82+AS82+AU82+AW82+AY82+AZ82 -> 0 | BC82: 8
AD83: =+AM83+BA83 -> 23 | AE83: - Change Spool (24x) | AH83: 23 | AM83: =SUM(AF83:AL83)+AT83+AV83+AX83 -> 23 | AR83: =SUM(AN83:AQ83) -> 0 | BA83: =+AR83+AS83+AU83+AW83+AY83+AZ83 -> 0
AD84: =+AM84+BA84 -> 12 | AE84: - Eid/osilasi shower coating | AK84: 12 | AM84: =SUM(AF84:AL84)+AT84+AV84+AX84 -> 12 | AR84: =SUM(AN84:AQ84) -> 0 | BA84: =+AR84+AS84+AU84+AW84+AY84+AZ84 -> 0
A86: 45856 | B86: Facial | C86: =(M86*E86*O86*Q86)/100000000 -> 2.8241916 | D86: VP OW | E86: 11.5 | F86: 1 | G86: 1350 | H86: =+N86 -> 0.23 | I86: 0.88 | J86: =E86*G86*(1-H86)*1440/1000000*2.74 -> 47.166689 | K86: =(IF(G86<L86,L86,G86)*(1-IF(H86<N86,H86,N86))*E86*O86*Q86)/100000000 -> 2.8241916 | L86: 1350 | M86: 1039.5 | N86: =1-(M86/L86) -> 0.23 | O86: =+'Trim Rwd'!H51 -> 262.5 | P86: =O86*(Q86-R86-S86) -> 22312.5 | Q86: 90 | R86: 0 | S86: 5 | T86: =E86*M86*O86*Q86/100000000 -> 2.8241916 | U86: =E86*M86*O86*(Q86-R86-S86)/100000000 -> 2.667292 | V86: =E86*G86*(1-N86)*O86/100*(R86+S86)/1000000 -> 0.15689953 | W86: =+'18'!K8/1000 -> 7.527 | X86: =SUM(W86:W89)/SUM(K86:K89) -> 1.0274843 | Y86: 0 | Z86: 0 | AA86: =SUM(U86:U89)-SUM(W86:W89)-SUM(Z86:Z89)-SUM(Y86:Y89) -> -2.2391298 | AB86: =(SUM(K86:K89)-SUM(W86:W89)-SUM(Y86:Y89)-SUM(Z86:Z89)-SUM(AC86:AC89)-SUM(V86:V89))-AA86 -> 0 | AC86: =K86-T86 -> 0 | AD86: =+AM86+BA86 -> 0 | AE86: - Sheet Breaks (0x) | AF86: 0 | AM86: =SUM(AF86:AL86)+AT86+AV86+AX86 -> 0 | AR86: =SUM(AN86:AQ86) -> 0 | BA86: =+AR86+AS86+AU86+AW86+AY86+AZ86 -> 0 | BB86: 0
B87: Facial | C87: =(M87*E87*O87*Q87)/100000000 -> 44.288937 | D87: VP OW | E87: 12 | F87: 1 | G87: 1350 | H87: =+N87 -> 0.23 | I87: 0.88 | J87: =E87*G87*(1-H87)*1440/1000000*2.74 -> 49.217414 | K87: =(IF(G87<L87,L87,G87)*(1-IF(H87<N87,H87,N87))*E87*O87*Q87)/100000000 -> 44.288937 | L87: 1350 | M87: 1039.5 | N87: =1-(M87/L87) -> 0.23 | O87: =+'Trim Rwd'!H52 -> 263 | P87: =O87*(Q87-R87-S87) -> 348738 | Q87: 1350 | R87: 0 | S87: =29-S86 -> 24 | T87: =E87*M87*O87*Q87/100000000 -> 44.288937 | U87: =E87*M87*O87*(Q87-R87-S87)/100000000 -> 43.501578 | V87: =E87*G87*(1-N87)*O87/100*(R87+S87)/1000000 -> 0.78735888 | W87: =+'18'!K7/1000 -> 40.881 | Z87: 0 | AD87: =+AM87+BA87 -> 10 | AE87: - Change Blade (10x) | AG87: 10 | AM87: =SUM(AF87:AL87)+AT87+AV87+AX87 -> 10 | AR87: =SUM(AN87:AQ87) -> 0 | BA87: =+AR87+AS87+AU87+AW87+AY87+AZ87 -> 0 | BC87: 10
AD88: =+AM88+BA88 -> 19 | AE88: - Change Spool (28x) | AH88: 19 | AM88: =SUM(AF88:AL88)+AT88+AV88+AX88 -> 19 | AR88: =SUM(AN88:AQ88) -> 0 | BA88: =+AR88+AS88+AU88+AW88+AY88+AZ88 -> 0
A90: 45857 | B90: Facial | C90: =(M90*E90*O90*Q90)/100000000 -> 47.78041 | D90: VP OW | E90: 12 | F90: 1 | G90: 1350 | H90: =+N90 -> 0.23 | I90: 0.88 | J90: =E90*G90*(1-H90)*1440/1000000*2.74 -> 49.217414 | K90: =(IF(G90<L90,L90,G90)*(1-IF(H90<N90,H90,N90))*E90*O90*Q90)/100000000 -> 47.78041 | L90: 1350 | M90: 1039.5 | N90: =1-(M90/L90) -> 0.23 | O90: =+'Trim Rwd'!H54 -> 266 | P90: =O90*(Q90-R90-S90) -> 373996 | Q90: 1440 | R90: 0 | S90: 34 | T90: =E90*M90*O90*Q90/100000000 -> 47.78041 | U90: =E90*M90*O90*(Q90-R90-S90)/100000000 -> 46.652261 | V90: =E90*G90*(1-N90)*O90/100*(R90+S90)/1000000 -> 1.1281486 | W90: =+'19'!K7/1000 -> 40.988 | X90: =SUM(W90:W93)/SUM(K90:K93) -> 0.85784112 | Y90: =+SUM(RBP!AG41:AG42) -> 0 | Z90: =+'13'!D60/1000 -> 0 | AA90: =SUM(U90:U93)-SUM(W90:W93)-SUM(Z90:Z93)-SUM(Y90:Y93) -> 5.664261 | AB90: =(SUM(K90:K93)-SUM(W90:W93)-SUM(Y90:Y93)-SUM(Z90:Z93)-SUM(AC90:AC93)-SUM(V90:V93))-AA90 -> 0 | AC90: =K90-T90 -> 0 | AD90: =+AM90+BA90 -> 0 | AE90: - Sheet Breaks (0x) | AF90: 0 | AM90: =SUM(AF90:AL90)+AT90+AV90+AX90 -> 0 | AR90: =SUM(AN90:AQ90) -> 0 | BA90: =+AR90+AS90+AU90+AW90+AY90+AZ90 -> 0 | BB90: 0
AD91: =+AM91+BA91 -> 10 | AE91: - Change Blade (8x) | AG91: 10 | AM91: =SUM(AF91:AL91)+AT91+AV91+AX91 -> 10 | AR91: =SUM(AN91:AQ91) -> 0 | BA91: =+AR91+AS91+AU91+AW91+AY91+AZ91 -> 0 | BC91: 8
AD92: =+AM92+BA92 -> 24 | AE92: - Change Spool (26x) | AH92: 24 | AM92: =SUM(AF92:AL92)+AT92+AV92+AX92 -> 24 | AR92: =SUM(AN92:AQ92) -> 0 | BA92: =+AR92+AS92+AU92+AW92+AY92+AZ92 -> 0
A94: 45858 | B94: Facial | C94: =(M94*E94*O94*Q94)/100000000 -> 47.704511 | D94: VP OW | E94: 12 | F94: 1 | G94: 1350 | H94: =+N94 -> 0.23 | I94: 0.88 | J94: =E94*G94*(1-H94)*1440/1000000*2.74 -> 49.217414 | K94: =(IF(G94<L94,L94,G94)*(1-IF(H94<N94,H94,N94))*E94*O94*Q94)/100000000 -> 47.704511 | L94: 1350 | M94: 1039.5 | N94: =1-(M94/L94) -> 0.23 | O94: =+'Trim Rwd'!H57 -> 265.57746 | P94: =O94*(Q94-R94-S94) -> 374995.38 | Q94: 1440 | R94: 0 | S94: 28 | T94: =E94*M94*O94*Q94/100000000 -> 47.704511 | U94: =E94*M94*O94*(Q94-R94-S94)/100000000 -> 46.776924 | V94: =E94*G94*(1-N94)*O94/100*(R94+S94)/1000000 -> 0.92758772 | W94: =+'20'!K7/1000 -> 46.921 | X94: =SUM(W94:W97)/SUM(K94:K97) -> 0.98357574 | Y94: =+SUM(RBP!AG45:AG46) -> 0 | Z94: =+'13'!D64/1000 -> 0 | AA94: =SUM(U94:U97)-SUM(W94:W97)-SUM(Z94:Z97)-SUM(Y94:Y97) -> -0.14407626 | AB94: =(SUM(K94:K97)-SUM(W94:W97)-SUM(Y94:Y97)-SUM(Z94:Z97)-SUM(AC94:AC97)-SUM(V94:V97))-AA94 -> -6.2172489e-15 | AC94: =K94-T94 -> 0 | AD94: =+AM94+BA94 -> 0 | AE94: - Sheet Breaks (0x) | AF94: 0 | AM94: =SUM(AF94:AL94)+AT94+AV94+AX94 -> 0 | AR94: =SUM(AN94:AQ94) -> 0 | BA94: =+AR94+AS94+AU94+AW94+AY94+AZ94 -> 0 | BB94: 0
AD95: =+AM95+BA95 -> 9 | AE95: - Change Blade (8x) | AG95: 9 | AM95: =SUM(AF95:AL95)+AT95+AV95+AX95 -> 9 | AR95: =SUM(AN95:AQ95) -> 0 | BA95: =+AR95+AS95+AU95+AW95+AY95+AZ95 -> 0 | BC95: 8
AD96: =+AM96+BA96 -> 19 | AE96: - Change Spool (24x) | AH96: 19 | AM96: =SUM(AF96:AL96)+AT96+AV96+AX96 -> 19 | AR96: =SUM(AN96:AQ96) -> 0 | BA96: =+AR96+AS96+AU96+AW96+AY96+AZ96 -> 0
A98: 45859 | B98: Facial | C98: =(M98*E98*O98*Q98)/100000000 -> 46.702656 | D98: VP OW | E98: 12 | F98: 1 | G98: 1350 | H98: =+N98 -> 0.23 | I98: 0.88 | J98: =E98*G98*(1-H98)*1440/1000000*2.74 -> 49.217414 | K98: =(IF(G98<L98,L98,G98)*(1-IF(H98<N98,H98,N98))*E98*O98*Q98)/100000000 -> 46.702656 | L98: 1350 | M98: 1039.5 | N98: =1-(M98/L98) -> 0.23 | O98: =+'Trim Rwd'!H60 -> 260 | P98: =O98*(Q98-R98-S98) -> 364000 | Q98: 1440 | R98: 0 | S98: 40 | T98: =E98*M98*O98*Q98/100000000 -> 46.702656 | U98: =E98*M98*O98*(Q98-R98-S98)/100000000 -> 45.40536 | V98: =E98*G98*(1-N98)*O98/100*(R98+S98)/1000000 -> 1.297296 | W98: =+'21'!K7/1000 -> 45.507 | X98: =SUM(W98:W101)/SUM(K98:K101) -> 0.97439854 | Y98: =+SUM(RBP!AG49:AG50) -> 0 | Z98: =+'21'!D25/1000 -> 0 | AA98: =SUM(U98:U101)-SUM(W98:W101)-SUM(Z98:Z101)-SUM(Y98:Y101) -> -0.10164 | AB98: =(SUM(K98:K101)-SUM(W98:W101)-SUM(Y98:Y101)-SUM(Z98:Z101)-SUM(AC98:AC101)-SUM(V98:V101))-AA98 -> -4.2188475e-15 | AC98: =K98-T98 -> 0 | AD98: =+AM98+BA98 -> 6 | AE98: - Sheet Breaks (3x) | AF98: 6 | AM98: =SUM(AF98:AL98)+AT98+AV98+AX98 -> 6 | AR98: =SUM(AN98:AQ98) -> 0 | BA98: =+AR98+AS98+AU98+AW98+AY98+AZ98 -> 0 | BB98: 3
AD99: =+AM99+BA99 -> 12 | AE99: - Change Blade (7x) | AG99: 12 | AM99: =SUM(AF99:AL99)+AT99+AV99+AX99 -> 12 | AR99: =SUM(AN99:AQ99) -> 0 | BA99: =+AR99+AS99+AU99+AW99+AY99+AZ99 -> 0 | BC99: 7
AD100: =+AM100+BA100 -> 22 | AE100: - Change Spool (26x) | AH100: 22 | AM100: =SUM(AF100:AL100)+AT100+AV100+AX100 -> 22 | AR100: =SUM(AN100:AQ100) -> 0 | BA100: =+AR100+AS100+AU100+AW100+AY100+AZ100 -> 0
A102: 45860 | B102: Facial | C102: =(M102*E102*O102*Q102)/100000000 -> 15.081066 | D102: VP OW | E102: 12 | F102: 1 | G102: 1350 | H102: =+N102 -> 0.23 | I102: 0.88 | J102: =E102*G102*(1-H102)*1440/1000000*2.74 -> 49.217414 | K102: =(IF(G102<L102,L102,G102)*(1-IF(H102<N102,H102,N102))*E102*O102*Q102)/100000000 -> 15.081066 | L102: 1350 | M102: 1039.5 | N102: =1-(M102/L102) -> 0.23 | O102: =+'Trim Rwd'!H62 -> 260 | P102: =O102*(Q102-R102-S102) -> 118040 | Q102: 465 | R102: 0 | S102: 11 | T102: =E102*M102*O102*Q102/100000000 -> 15.081066 | U102: =E102*M102*O102*(Q102-R102-S102)/100000000 -> 14.72431 | V102: =E102*G102*(1-N102)*O102/100*(R102+S102)/1000000 -> 0.3567564 | W102: =+'22'!K7/1000 -> 18.165 | X102: =SUM(W102:W105)/SUM(K102:K105) -> 0.90299856 | Y102: =+SUM(RBP!AG53:AG54) -> 0 | Z102: =+'21'!D29/1000 -> 0 | AA102: =SUM(U102:U105)-SUM(W102:W105)-SUM(Z102:Z105)-SUM(Y102:Y105) -> 2.8415739 | AB102: =(SUM(K102:K105)-SUM(W102:W105)-SUM(Y102:Y105)-SUM(Z102:Z105)-SUM(AC102:AC105)-SUM(V102:V105))-AA102 -> 3.5527137e-15 | AC102: =K102-T102 -> 0 | AD102: =+AM102+BA102 -> 0 | AE102: - Sheet Breaks (0x) | AF102: 0 | AM102: =SUM(AF102:AL102)+AT102+AV102+AX102 -> 0 | AR102: =SUM(AN102:AQ102) -> 0 | BA102: =+AR102+AS102+AU102+AW102+AY102+AZ102 -> 0 | BB102: 0 | BD102: 1
B103: Facial | C103: =(M103*E103*O103*Q103)/100000000 -> 33.993209 | D103: VP OW | E103: 13 | F103: 1 | G103: 1350 | H103: =+N103 -> 0.23 | I103: 0.88 | J103: =E103*G103*(1-H103)*1440/1000000*2.74 -> 53.318866 | K103: =(IF(G103<L103,L103,G103)*(1-IF(H103<N103,H103,N103))*E103*O103*Q103)/100000000 -> 33.993209 | L103: 1350 | M103: 1039.5 | N103: =1-(M103/L103) -> 0.23 | O103: =+'Trim Rwd'!H63 -> 258 | P103: =O103*(Q103-R103-S103) -> 243810 | Q103: 975 | R103: 0 | S103: 30 | T103: =E103*M103*O103*Q103/100000000 -> 33.993209 | U103: =E103*M103*O103*(Q103-R103-S103)/100000000 -> 32.947264 | V103: =E103*G103*(1-N103)*O103/100*(R103+S103)/1000000 -> 1.0459449 | W103: =+'22'!K10/1000 -> 26.149 | Z103: =+'22'!D17/1000 -> 0.516 | AD103: =+AM103+BA103 -> 20 | AE103: - Change Blade (13x) | AG103: 20 | AM103: =SUM(AF103:AL103)+AT103+AV103+AX103 -> 20 | AR103: =SUM(AN103:AQ103) -> 0 | BA103: =+AR103+AS103+AU103+AW103+AY103+AZ103 -> 0 | BC103: 13
AD104: =+AM104+BA104 -> 21 | AE104: - Change Spool (27x) | AH104: 21 | AM104: =SUM(AF104:AL104)+AT104+AV104+AX104 -> 21 | AR104: =SUM(AN104:AQ104) -> 0 | BA104: =+AR104+AS104+AU104+AW104+AY104+AZ104 -> 0
A106: 45861 | B106: Facial | C106: =(M106*E106*O106*Q106)/100000000 -> 13.829902 | D106: VP OW | E106: 13 | F106: 1 | G106: 1350 | H106: =+N106 -> 0.23 | I106: 0.88 | J106: =E106*G106*(1-H106)*1440/1000000*2.74 -> 53.318866 | K106: =(IF(G106<L106,L106,G106)*(1-IF(H106<N106,H106,N106))*E106*O106*Q106)/100000000 -> 13.829902 | L106: 1350 | M106: 1039.5 | N106: =1-(M106/L106) -> 0.23 | O106: =+'Trim Rwd'!H65 -> 262.41379 | P106: =O106*(Q106-R106-S106) -> 98142.759 | Q106: 390 | R106: 0 | S106: 16 | T106: =E106*M106*O106*Q106/100000000 -> 13.829902 | U106: =E106*M106*O106*(Q106-R106-S106)/100000000 -> 13.262522 | V106: =E106*G106*(1-N106)*O106/100*(R106+S106)/1000000 -> 0.56738061 | W106: =+'23'!K10/1000 -> 15.72 | X106: =SUM(W106:W109)/SUM(K106:K109) -> 0.90309486 | Y106: =+SUM(RBP!AG57:AG58) -> 0 | Z106: =+'23'!D7/1000 -> 0.26 | AA106: =SUM(U106:U109)-SUM(W106:W109)-SUM(Z106:Z109)-SUM(Y106:Y109) -> 2.0903926 | AB106: =(SUM(K106:K109)-SUM(W106:W109)-SUM(Y106:Y109)-SUM(Z106:Z109)-SUM(AC106:AC109)-SUM(V106:V109))-AA106 -> 0 | AC106: =K106-T106 -> 0 | AD106: =+AM106+BA106 -> 18 | AE106: - Sheet Breaks (0x) | AF106: 18 | AM106: =SUM(AF106:AL106)+AT106+AV106+AX106 -> 18 | AR106: =SUM(AN106:AQ106) -> 0 | BA106: =+AR106+AS106+AU106+AW106+AY106+AZ106 -> 0 | BB106: 0 | BF106: 1
B107: Facial | C107: =(M107*E107*O107*Q107)/100000000 -> 24.88563 | D107: VP OW | E107: 12 | F107: 1 | G107: 1350 | H107: =+N107 -> 0.23 | I107: 0.88 | J107: =E107*G107*(1-H107)*1440/1000000*2.74 -> 49.217414 | K107: =(IF(G107<L107,L107,G107)*(1-IF(H107<N107,H107,N107))*E107*O107*Q107)/100000000 -> 24.88563 | L107: 1350 | M107: 1039.5 | N107: =1-(M107/L107) -> 0.23 | O107: =+'Trim Rwd'!H67 -> 266 | P107: =O107*(Q107-R107-S107) -> 187530 | Q107: 750 | R107: 0 | S107: 45 | T107: =E107*M107*O107*Q107/100000000 -> 24.88563 | U107: =E107*M107*O107*(Q107-R107-S107)/100000000 -> 23.392492 | V107: =E107*G107*(1-N107)*O107/100*(R107+S107)/1000000 -> 1.4931378 | W107: =+'23'!K7/1000 -> 21.272 | AD107: =+AM107+BA107 -> 17 | AE107: - Change Blade (14x) | AG107: 17 | AM107: =SUM(AF107:AL107)+AT107+AV107+AX107 -> 17 | AR107: =SUM(AN107:AQ107) -> 0 | BA107: =+AR107+AS107+AU107+AW107+AY107+AZ107 -> 0 | BC107: 14
B108: Facial | C108: =(M108*E108*O108*Q108)/100000000 -> 10.369013 | D108: VP OW | E108: 12.5 | F108: 1 | G108: 1350 | H108: =+N108 -> 0.23 | I108: 0.88 | J108: =E108*G108*(1-H108)*1440/1000000*2.74 -> 51.26814 | K108: =(IF(G108<L108,L108,G108)*(1-IF(H108<N108,H108,N108))*E108*O108*Q108)/100000000 -> 10.369013 | L108: 1350 | M108: 1039.5 | N108: =1-(M108/L108) -> 0.23 | O108: =+'Trim Rwd'!H68 -> 266 | P108: =O108*(Q108-R108-S108) -> 77140 | Q108: 300 | R108: 0 | S108: 10 | T108: =E108*M108*O108*Q108/100000000 -> 10.369013 | U108: =E108*M108*O108*(Q108-R108-S108)/100000000 -> 10.023379 | V108: =E108*G108*(1-N108)*O108/100*(R108+S108)/1000000 -> 0.34563375 | W108: =+'23'!K13/1000 -> 7.336 | AD108: =+AM108+BA108 -> 25 | AE108: - Change Spool (24x) | AH108: 25 | AM108: =SUM(AF108:AL108)+AT108+AV108+AX108 -> 25 | AR108: =SUM(AN108:AQ108) -> 0 | BA108: =+AR108+AS108+AU108+AW108+AY108+AZ108 -> 0
AD109: =+AM109+BA109 -> 11 | AE109: - 09:55 sheet breaks, pressure blade no.2 turun, kompresor drop, cek eid | AK109: 11 | AM109: =SUM(AF109:AL109)+AT109+AV109+AX109 -> 11 | AR109: =SUM(AN109:AQ109) -> 0 | BA109: =+AR109+AS109+AU109+AW109+AY109+AZ109 -> 0
A111: 45862 | B111: Facial | C111: =(M111*E111*O111*Q111)/100000000 -> 0.51845063 | D111: VP OW | E111: 12.5 | F111: 1 | G111: 1350 | H111: =+N111 -> 0.23 | I111: 0.88 | J111: =E111*G111*(1-H111)*1440/1000000*2.74 -> 51.26814 | K111: =(IF(G111<L111,L111,G111)*(1-IF(H111<N111,H111,N111))*E111*O111*Q111)/100000000 -> 0.51845063 | L111: 1350 | M111: 1039.5 | N111: =1-(M111/L111) -> 0.23 | O111: =+'Trim Rwd'!H70 -> 266 | P111: =O111*(Q111-R111-S111) -> 2660 | Q111: 15 | R111: 0 | S111: 5 | T111: =E111*M111*O111*Q111/100000000 -> 0.51845063 | U111: =E111*M111*O111*(Q111-R111-S111)/100000000 -> 0.34563375 | V111: =E111*G111*(1-N111)*O111/100*(R111+S111)/1000000 -> 0.17281688 | W111: =+'24'!K13/1000 -> 3.518 | X111: =SUM(W111:W114)/SUM(K111:K114) -> 0.89612484 | Y111: =+SUM(RBP!AG62:AG63) -> 0 | Z111: 0 | AA111: =SUM(U111:U114)-SUM(W111:W114)-SUM(Z111:Z114)-SUM(Y111:Y114) -> 3.3135028 | AB111: =(SUM(K111:K114)-SUM(W111:W114)-SUM(Y111:Y114)-SUM(Z111:Z114)-SUM(AC111:AC114)-SUM(V111:V114))-AA111 -> 0.037924038 | AC111: =K111-T111 -> 0 | AD111: =+AM111+BA111 -> 0 | AE111: - Sheet Breaks (0x) | AF111: 0 | AM111: =SUM(AF111:AL111)+AT111+AV111+AX111 -> 0 | AR111: =SUM(AN111:AQ111) -> 0 | BA111: =+AR111+AS111+AU111+AW111+AY111+AZ111 -> 0 | BB111: 0
B112: Toilet | C112: =(M112*E112*O112*Q112)/100000000 -> 32.419438 | D112: RC HW | E112: 14.5 | F112: 1 | G112: 1160 | H112: =+N112 -> 0.17 | I112: 0.88 | J112: =E112*G112*(1-H112)*1440/1000000*2.74 -> 55.082943 | K112: =(IF(G112<L112,L112,G112)*(1-IF(H112<N112,H112,N112))*E112*O112*Q112)/100000000 -> 32.419438 | L112: 1180 | M112: 979.4 | N112: =1-(M112/L112) -> 0.17 | O112: =+'Trim Rwd'!H71 -> 256.5 | P112: =O112*(Q112-R112-S112) -> 219051 | Q112: 890 | R112: 0 | S112: 36 | T112: =E112*M112*O112*Q112/100000000 -> 32.419438 | U112: =E112*M112*O112*(Q112-R112-S112)/100000000 -> 31.10809 | V112: =E112*G112*(1-N112)*O112/100*(R112+S112)/1000000 -> 1.2891218 | W112: =+'24'!K14/1000 -> 30.142 | AD112: =+AM112+BA112 -> 15 | AE112: - Change Blade (10x) | AG112: 15 | AM112: =SUM(AF112:AL112)+AT112+AV112+AX112 -> 15 | AR112: =SUM(AN112:AQ112) -> 0 | BA112: =+AR112+AS112+AU112+AW112+AY112+AZ112 -> 0 | BC112: 10
B113: Toilet | C113: =(M113*E113*O113*Q113)/100000000 -> 19.596087 | D113: RC HW | E113: 17 | F113: 1 | G113: 1025 | H113: 0.2 | I113: 0.88 | J113: =E113*G113*(1-H113)*1440/1000000*2.74 -> 55.001664 | K113: =(IF(G113<L113,L113,G113)*(1-IF(H113<N113,H113,N113))*E113*O113*Q113)/100000000 -> 19.596087 | L113: 1050 | M113: 840 | N113: =1-(M113/L113) -> 0.2 | O113: =+'Trim Rwd'!H72 -> 256.5 | P113: =O113*(Q113-R113-S113) -> 132610.5 | Q113: 535 | R113: 0 | S113: =10+8 -> 18 | T113: =E113*M113*O113*Q113/100000000 -> 19.596087 | U113: =E113*M113*O113*(Q113-R113-S113)/100000000 -> 18.936779 | V113: =E113*G113*(1-N113)*O113/100*(R113+S113)/1000000 -> 0.6436098 | W113: =+'24'!K15/1000 -> 13.417 | AD113: =+AM113+BA113 -> 22 | AE113: - Change Spool (23x) | AH113: 22 | AM113: =SUM(AF113:AL113)+AT113+AV113+AX113 -> 22 | AR113: =SUM(AN113:AQ113) -> 0 | BA113: =+AR113+AS113+AU113+AW113+AY113+AZ113 -> 0
AD114: =+AM114+BA114 -> 14 | AE114: - 15:10 MED selesai pelepasan piston hidrolik loader spool. | AJ114: 14 | AM114: =SUM(AF114:AL114)+AT114+AV114+AX114 -> 14 | AR114: =SUM(AN114:AQ114) -> 0 | BA114: =+AR114+AS114+AU114+AW114+AY114+AZ114 -> 0
AD115: =+AM115+BA115 -> 8 | AE115: - Reject PM : 300 kg/ 1.8 % ( keriput saat steam drop ) | AM115: =SUM(AF115:AL115)+AT115+AV115+AX115 -> 8 | AR115: =SUM(AN115:AQ115) -> 0 | AV115: 8 | BA115: =+AR115+AS115+AU115+AW115+AY115+AZ115 -> 0
A117: 45863 | B117: Toilet | C117: =(M117*E117*O117*Q117)/100000000 -> 24.595158 | D117: RC HW | E117: 17 | F117: 1 | G117: 1025 | H117: 0.2 | I117: 0.88 | J117: =E117*G117*(1-H117)*1440/1000000*2.74 -> 55.001664 | K117: =(IF(G117<L117,L117,G117)*(1-IF(H117<N117,H117,N117))*E117*O117*Q117)/100000000 -> 24.595158 | L117: 1050 | M117: 840 | N117: =1-(M117/L117) -> 0.2 | O117: =+'Trim Rwd'!H74 -> 259 | P117: =O117*(Q117-R117-S117) -> 167055 | Q117: 665 | R117: 0 | S117: 20 | T117: =E117*M117*O117*Q117/100000000 -> 24.595158 | U117: =E117*M117*O117*(Q117-R117-S117)/100000000 -> 23.855454 | V117: =E117*G117*(1-N117)*O117/100*(R117+S117)/1000000 -> 0.722092 | W117: =+'25'!K15/1000 -> 28.242 | X117: =SUM(W117:W120)/SUM(K117:K120) -> 0.86232969 | Y117: =+SUM(RBP!AG68:AG69) -> 0 | Z117: =+'23'!D18/1000 -> 0 | AA117: =SUM(U117:U120)-SUM(W117:W120)-SUM(Z117:Z120)-SUM(Y117:Y120) -> 5.8882453 | AB117: =(SUM(K117:K120)-SUM(W117:W120)-SUM(Y117:Y120)-SUM(Z117:Z120)-SUM(AC117:AC120)-SUM(V117:V120))-AA117 -> 0.08239904 | AC117: =K117-T117 -> 0 | AD117: =+AM117+BA117 -> 0 | AE117: - Sheet Breaks (0x) | AF117: 0 | AM117: =SUM(AF117:AL117)+AT117+AV117+AX117 -> 0 | AR117: =SUM(AN117:AQ117) -> 0 | BA117: =+AR117+AS117+AU117+AW117+AY117+AZ117 -> 0 | BB117: 0
B118: Toilet | C118: =(M118*E118*O118*Q118)/100000000 -> 15.85642 | D118: RC HW | E118: 19 | F118: 1 | G118: 920 | H118: 0.2 | I118: 0.88 | J118: =E118*G118*(1-H118)*1440/1000000*2.74 -> 55.17527 | K118: =(IF(G118<L118,L118,G118)*(1-IF(H118<N118,H118,N118))*E118*O118*Q118)/100000000 -> 15.85642 | L118: 980 | M118: 784 | N118: =1-(M118/L118) -> 0.2 | O118: =+'Trim Rwd'!H76 -> 256.5 | P118: =O118*(Q118-R118-S118) -> 101830.5 | Q118: 415 | R118: 0 | S118: =8+10 -> 18 | T118: =E118*M118*O118*Q118/100000000 -> 15.85642 | U118: =E118*M118*O118*(Q118-R118-S118)/100000000 -> 15.168671 | V118: =E118*G118*(1-N118)*O118/100*(R118+S118)/1000000 -> 0.64564128 | W118: =+'25'!K16/1000 -> 15.992 | AD118: =+AM118+BA118 -> 9 | AE118: - Change Blade (7x) | AG118: 9 | AM118: =SUM(AF118:AL118)+AT118+AV118+AX118 -> 9 | AR118: =SUM(AN118:AQ118) -> 0 | BA118: =+AR118+AS118+AU118+AW118+AY118+AZ118 -> 0 | BC118: 7
B119: Toilet | C119: =(M119*E119*O119*Q119)/100000000 -> 14.7744 | D119: RC HW | E119: 20 | F119: 1 | G119: 875 | H119: 0.2 | I119: 0.88 | J119: =E119*G119*(1-H119)*1440/1000000*2.74 -> 55.2384 | K119: =(IF(G119<L119,L119,G119)*(1-IF(H119<N119,H119,N119))*E119*O119*Q119)/100000000 -> 14.7744 | L119: 950 | M119: 760 | N119: =1-(M119/L119) -> 0.2 | O119: =+'Trim Rwd'!H77 -> 270 | P119: =O119*(Q119-R119-S119) -> 95310 | Q119: 360 | R119: 0 | S119: 7 | T119: =E119*M119*O119*Q119/100000000 -> 14.7744 | U119: =E119*M119*O119*(Q119-R119-S119)/100000000 -> 14.48712 | V119: =E119*G119*(1-N119)*O119/100*(R119+S119)/1000000 -> 0.2646 | W119: =+'25'!K17/1000 -> 3.389 | AD119: =+AM119+BA119 -> 26 | AE119: - Change Spool (20x) | AH119: 26 | AM119: =SUM(AF119:AL119)+AT119+AV119+AX119 -> 26 | AR119: =SUM(AN119:AQ119) -> 0 | BA119: =+AR119+AS119+AU119+AW119+AY119+AZ119 -> 0
AD120: =+AM120+BA120 -> 10 | AE120: - 15.05 Sirkulasi UTM, Mekanik pasang piston loader arm. | AJ120: 10 | AM120: =SUM(AF120:AL120)+AT120+AV120+AX120 -> 10 | AR120: =SUM(AN120:AQ120) -> 0 | BA120: =+AR120+AS120+AU120+AW120+AY120+AZ120 -> 0
A122: 45864 | B122: Toilet | C122: =(M122*E122*O122*Q122)/100000000 -> 13.5432 | D122: RC HW | E122: 20 | F122: 1 | G122: 875 | H122: 0.2 | I122: 0.88 | J122: =E122*G122*(1-H122)*1440/1000000*2.74 -> 55.2384 | K122: =(IF(G122<L122,L122,G122)*(1-IF(H122<N122,H122,N122))*E122*O122*Q122)/100000000 -> 13.5432 | L122: 950 | M122: 760 | N122: =1-(M122/L122) -> 0.2 | O122: =+'Trim Rwd'!H79 -> 270 | P122: =O122*(Q122-R122-S122) -> 82080 | Q122: 330 | R122: 0 | S122: =5+21 -> 26 | T122: =E122*M122*O122*Q122/100000000 -> 13.5432 | U122: =E122*M122*O122*(Q122-R122-S122)/100000000 -> 12.47616 | V122: =E122*G122*(1-N122)*O122/100*(R122+S122)/1000000 -> 0.9828 | W122: =+'26'!K17/1000 -> 21.735 | X122: =SUM(W122:W125)/SUM(K122:K125) -> 1.0128002 | Y122: 0 | Z122: =+'26'!D16/1000 -> 0.846 | AA122: =SUM(U122:U125)-SUM(W122:W125)-SUM(Z122:Z125)-SUM(Y122:Y125) -> -3.0950245 | AB122: =(SUM(K122:K125)-SUM(W122:W125)-SUM(Y122:Y125)-SUM(Z122:Z125)-SUM(AC122:AC125)-SUM(V122:V125))-AA122 -> 0.095785578 | AC122: =K122-T122 -> 0 | AD122: =+AM122+BA122 -> 0 | AE122: - Sheet Breaks (0x) | AF122: 0 | AM122: =SUM(AF122:AL122)+AT122+AV122+AX122 -> 0 | AR122: =SUM(AN122:AQ122) -> 0 | BA122: =+AR122+AS122+AU122+AW122+AY122+AZ122 -> 0 | BB122: 0
B123: Toilet | C123: =(M123*E123*O123*Q123)/100000000 -> 42.718639 | D123: RC HW | E123: 15.5 | F123: 1 | G123: 1170 | H123: 0.23 | I123: 0.88 | J123: =E123*G123*(1-H123)*1440/1000000*2.74 -> 55.096161 | K123: =(IF(G123<L123,L123,G123)*(1-IF(H123<N123,H123,N123))*E123*O123*Q123)/100000000 -> 42.718639 | L123: 1200 | M123: 924 | N123: =1-(M123/L123) -> 0.23 | O123: =+'Trim Rwd'!H80 -> 268.71429 | P123: =O123*(Q123-R123-S123) -> 295048.29 | Q123: 1110 | R123: 0 | S123: 12 | T123: =E123*M123*O123*Q123/100000000 -> 42.718639 | U123: =E123*M123*O123*(Q123-R123-S123)/100000000 -> 42.256815 | V123: =E123*G123*(1-N123)*O123/100*(R123+S123)/1000000 -> 0.45027754 | W123: =+'26'!K18/1000 -> 35.247 | Z123: 0 | AD123: =+AM123+BA123 -> 5 | AE123: - Change Blade (5x) | AG123: 5 | AM123: =SUM(AF123:AL123)+AT123+AV123+AX123 -> 5 | AR123: =SUM(AN123:AQ123) -> 0 | BA123: =+AR123+AS123+AU123+AW123+AY123+AZ123 -> 0 | BC123: 5
AD124: =+AM124+BA124 -> 12 | AE124: - Change Spool (23x) | AH124: 12 | AM124: =SUM(AF124:AL124)+AT124+AV124+AX124 -> 12 | AR124: =SUM(AN124:AQ124) -> 0 | BA124: =+AR124+AS124+AU124+AW124+AY124+AZ124 -> 0
AD125: =+AM125+BA125 -> 21 | AE125: - Seset PM :863kg/4.2%(MED perbaikan Secondary arm. | AJ125: 21 | AM125: =SUM(AF125:AL125)+AT125+AV125+AX125 -> 21 | AR125: =SUM(AN125:AQ125) -> 0 | BA125: =+AR125+AS125+AU125+AW125+AY125+AZ125 -> 0
A127: 45865 | B127: Toilet | C127: =(M127*E127*O127*Q127)/100000000 -> 55.552915 | D127: RC HW | E127: 15.5 | F127: 1 | G127: 1170 | H127: 0.23 | I127: 0.88 | J127: =E127*G127*(1-H127)*1440/1000000*2.74 -> 55.096161 | K127: =(IF(G127<L127,L127,G127)*(1-IF(H127<N127,H127,N127))*E127*O127*Q127)/100000000 -> 55.552915 | L127: 1200 | M127: 924 | N127: =1-(M127/L127) -> 0.23 | O127: =+'Trim Rwd'!H83 -> 269.36471 | P127: =O127*(Q127-R127-S127) -> 384383.44 | Q127: 1440 | R127: 0 | S127: 13 | T127: =E127*M127*O127*Q127/100000000 -> 55.552915 | U127: =E127*M127*O127*(Q127-R127-S127)/100000000 -> 55.051396 | V127: =E127*G127*(1-N127)*O127/100*(R127+S127)/1000000 -> 0.48898139 | W127: =+'27'!K18/1000 -> 53.844 | X127: =SUM(W127:W129)/SUM(K127:K129) -> 0.96923807 | Y127: =+SUM(RBP!AG78:AG79) -> 0 | Z127: =+'27'!D25/1000 -> 0.632 | AA127: =SUM(U127:U129)-SUM(W127:W129)-SUM(Z127:Z129)-SUM(Y127:Y129) -> 0.5753956 | AB127: =(SUM(K127:K129)-SUM(W127:W129)-SUM(Y127:Y129)-SUM(Z127:Z129)-SUM(AC127:AC129)-SUM(V127:V129))-AA127 -> 0.012537984 | AC127: =K127-T127 -> 0 | AD127: =+AM127+BA127 -> 0 | AE127: - Sheet Breaks (0x) | AF127: 0 | AM127: =SUM(AF127:AL127)+AT127+AV127+AX127 -> 0 | AR127: =SUM(AN127:AQ127) -> 0 | BA127: =+AR127+AS127+AU127+AW127+AY127+AZ127 -> 0 | BB127: 0
...

Sheet Efficiency2
A1: PM17 Efficiency Running Report
A3: Date | B3: Grade | C3: Speed real (ton) with Available Time | D3: Colour | E3: gsm | F3: Ply | G3: Standard | L3: Real Running | O3: Trim Rewinder (cm) | P3: Trim Rewinder x Running Time | Q3: Available Time (mnt) | R3: Down Time (mnt) | S3: Loss Time (mnt) | T3: Real Speed & Real Creepe Ratio with Available Time (ton) | U3: Real Speed & Real Creepe Ratio setelah dipotong DT & LT (ton) | V3: Loss tonase akibat DT + LT dari hitungan Teori with available time (ton) | W3: Accepted (ton) | X3: Real Eff dr Target Eff | Y3: Backlog | Z3: Reject Rewinder (ton) | AA3: Estimasi Reject to Broke Plant (ton) | AB3: Estimasi Faktor BW (ton) | AC3: Loss Opportunity in Speed (ton) | AD3: Downtime/ Losstime | AE3: Reason of Downtime / Losstime | AF3: Loss Time | AM3: Total Losstime | AN3: Unschedule Shut Down (mnt) | AS3: Schedule Shut Down | AT3: Marketing | AV3: EXT FACTOR | AX3: EXT FACTOR | AZ3: MANAGEMENT | BA3: Total Down Time | BB3: Freq. Sheets Break (X) | BC3: Freq. Change Blade (X) | BD3: Steam, & gangguan sinergy (X) | BE3: Freq, Trip PLN (X) | BF3: Cleaning Holes (X)
AF4: Proses | AI4: Change Grade | AJ4: Mekanik | AK4: Electric & Instrument | AL4: Boiler | AN4: Down Time Produksi | AO4: Mekanik | AP4: Electrical & Instrument | AQ4: Boiler | AR4: Total Unschedule Shut Down | AV4: LOSS | AW4: DOWN TIME | AX4: LOSS | AY4: DOWN TIME
G5: Yankee Speed (mpm) | H5: Max % Creeping | I5: Target Eff | J5: Kapasitas PM-Teori (ton) | K5: Teori (ton) with Available Time | L5: Yankee Speed (mpm) | M5: Popereel Speed (mpm) | N5: % Creeping | AF5: sheet break | AG5: change blade | AH5: change spool | AT5: Loss time | AU5: Down Time | AV5: SINERGY | AW5: SINERGY | AX5: PLN | AY5: PLN
A6: =+Report1!A9 -> 45839 | B6: Facial | C6: =(M6*E6*O6*Q6)/100000000 -> 10.308905 | D6: VP OW | E6: 12 | F6: 1 | G6: 1350 | H6: 0.23 | I6: 0.88 | J6: =E6*G6*(1-H6)*1440/1000000*2.74 -> 49.217414 | K6: =(IF(G6<L6,L6,G6)*(1-IF(H6<N6,H6,N6))*E6*O6*Q6)/100000000 -> 10.949677 | L6: 1296.25 | M6: 978.66875 | N6: =1-(M6/L6) -> 0.245 | O6: =+'Trim Rwd'!H4 -> 266 | P6: =O6*(Q6-R6-S6) -> 54530 | Q6: =480-150 -> 330 | R6: =240-150 -> 90 | S6: 35 | T6: =E6*M6*O6*Q6/100000000 -> 10.308905 | U6: =E6*M6*O6*(Q6-R6-S6)/100000000 -> 6.4040168 | V6: =E6*G6*(1-N6)*O6/100*(R6+S6)/1000000 -> 4.0668075 | W6: =+'1'!K7/1000 -> 10.598 | X6: =SUM(W6:W9)/SUM(K6:K9) -> 0.4884309 | Y6: 0 | Z6: =+'1'!D34/1000 -> 0 | AA6: =SUM(U6:U9)-SUM(W6:W9)-SUM(Z6:Z9)-SUM(Y6:Y9) -> 6.9228951 | AB6: =(SUM(K6:K9)-SUM(W6:W9)-SUM(Y6:Y9)-SUM(Z6:Z9)-SUM(AC6:AC9)-SUM(V6:V9))-AA6 -> 2.4469533 | AC6: =K6-T6 -> 0.64077205 | AD6: =+AM6+BA6 -> 80 | AE6: - Sheet Breaks (15x) | AF6: 80 | AM6: =SUM(AF6:AL6)+AT6+AV6+AX6 -> 80 | AR6: =SUM(AN6:AQ6) -> 0 | BA6: =+AR6+AS6+AU6+AW6+AY6+AZ6 -> 0 | BB6: 15 | BD6: 1
B7: Facial | C7: =(M7*E7*O7*Q7)/100000000 -> 26.735647 | D7: VP OW | E7: 11.5 | F7: 1 | G7: 1350 | H7: 0.23 | I7: 0.88 | J7: =E7*G7*(1-H7)*1440/1000000*2.74 -> 47.166689 | K7: =(IF(G7<L7,L7,G7)*(1-IF(H7<N7,H7,N7))*E7*O7*Q7)/100000000 -> 30.12471 | L7: 1198.1235 | M7: 922.55511 | N7: =1-(M7/L7) -> 0.23 | O7: =+'Trim Rwd'!H5 -> 262.5 | P7: =O7*(Q7-R7-S7) -> 193987.5 | Q7: =842+118 -> 960 | R7: 118 | S7: =50+23+30 -> 103 | T7: =E7*M7*O7*Q7/100000000 -> 26.735647 | U7: =E7*M7*O7*(Q7-R7-S7)/100000000 -> 20.580878 | V7: =E7*G7*(1-N7)*O7/100*(R7+S7)/1000000 -> 6.9349593 | W7: =+'1'!K8/1000 -> 9.464 | AD7: =+AM7+BA7 -> 15 | AE7: - Change Blade (12x) | AG7: 15 | AM7: =SUM(AF7:AL7)+AT7+AV7+AX7 -> 15 | AR7: =SUM(AN7:AQ7) -> 0 | BA7: =+AR7+AS7+AU7+AW7+AY7+AZ7 -> 0 | BC7: 12
AD8: =+AM8+BA8 -> 43 | AE8: - Change Spool (27x) | AH8: 43 | AM8: =SUM(AF8:AL8)+AT8+AV8+AX8 -> 43 | AR8: =SUM(AN8:AQ8) -> 0 | BA8: =+AR8+AS8+AU8+AW8+AY8+AZ8 -> 0
AD9: =+AM9+BA9 -> 120 | AE9: - 11:00 pm 17 stop, ganti wire | AM9: =SUM(AF9:AL9)+AT9+AV9+AX9 -> 0 | AN9: 120 | AR9: =SUM(AN9:AQ9) -> 120 | BA9: =+AR9+AS9+AU9+AW9+AY9+AZ9 -> 120
AD10: =+AM10+BA10 -> 88 | AE10: - 14:00 steam drop lagi, pm 17 gagal start up | AM10: =SUM(AF10:AL10)+AT10+AV10+AX10 -> 0 | AR10: =SUM(AN10:AQ10) -> 0 | AW10: =238-150 -> 88 | BA10: =+AR10+AS10+AU10+AW10+AY10+AZ10 -> 88
A12: 45840 | B12: Facial | C12: =(M12*E12*O12*Q12)/100000000 -> 40.583353 | D12: VP OW | E12: 11.5 | F12: 1 | G12: 1350 | H12: 0.23 | I12: 0.88 | J12: =E12*G12*(1-H12)*1440/1000000*2.74 -> 47.166689 | K12: =(IF(G12<L12,L12,G12)*(1-IF(H12<N12,H12,N12))*E12*O12*Q12)/100000000 -> 43.053231 | L12: 1272.5532 | M12: 979.86596 | N12: =1-(M12/L12) -> 0.23 | O12: =+'Trim Rwd'!H7 -> 262.5 | P12: =O12*(Q12-R12-S12) -> 282450 | Q12: =1440-68 -> 1372 | R12: =130+135 -> 265 | S12: =99-68 -> 31 | T12: =E12*M12*O12*Q12/100000000 -> 40.583353 | U12: =E12*M12*O12*(Q12-R12-S12)/100000000 -> 31.827761 | V12: =E12*G12*(1-N12)*O12/100*(R12+S12)/1000000 -> 9.2884522 | W12: =+'2'!K8/1000 -> 35.039 | X12: =SUM(W12:W15)/SUM(K12:K15) -> 0.81385296 | Y12: 0 | Z12: =+'1'!D40/1000 -> 0 | AA12: =SUM(U12:U15)-SUM(W12:W15)-SUM(Z12:Z15)-SUM(Y12:Y15) -> -3.2112389 | AB12: =(SUM(K12:K15)-SUM(W12:W15)-SUM(Y12:Y15)-SUM(Z12:Z15)-SUM(AC12:AC15)-SUM(V12:V15))-AA12 -> -0.53285999 | AC12: =K12-T12 -> 2.469878 | AD12: =+AM12+BA12 -> 4 | AE12: - Sheet Breaks (2x) | AF12: 4 | AM12: =SUM(AF12:AL12)+AT12+AV12+AX12 -> 4 | AR12: =SUM(AN12:AQ12) -> 0 | BA12: =+AR12+AS12+AU12+AW12+AY12+AZ12 -> 0 | BB12: 2 | BD12: 2
AD13: =+AM13+BA13 -> 10 | AE13: - Change Blade (4x) | AG13: 10 | AM13: =SUM(AF13:AL13)+AT13+AV13+AX13 -> 10 | AR13: =SUM(AN13:AQ13) -> 0 | BA13: =+AR13+AS13+AU13+AW13+AY13+AZ13 -> 0 | BC13: 4
AD14: =+AM14+BA14 -> 17 | AE14: - Change Spool (22x) | AH14: 17 | AM14: =SUM(AF14:AL14)+AT14+AV14+AX14 -> 17 | AR14: =SUM(AN14:AQ14) -> 0 | BA14: =+AR14+AS14+AU14+AW14+AY14+AZ14 -> 0
AD15: =+AM15+BA15 -> 130 | AE15: - 09:20 pm 17 stop, ganti wire + cuci felt | AM15: =SUM(AF15:AL15)+AT15+AV15+AX15 -> 0 | AN15: 130 | AR15: =SUM(AN15:AQ15) -> 130 | BA15: =+AR15+AS15+AU15+AW15+AY15+AZ15 -> 130
AD16: =+AM16+BA16 -> 135 | AE16: - 11:30 pm 17 selesai ganti wire, tunggu steam stabil | AM16: =SUM(AF16:AL16)+AT16+AV16+AX16 -> 0 | AR16: =SUM(AN16:AQ16) -> 0 | AW16: 135 | BA16: =+AR16+AS16+AU16+AW16+AY16+AZ16 -> 135
AD17: =+AM17+BA17 -> 0 | AE17: - Seset steam drop 1920 kg | AM17: =SUM(AF17:AL17)+AT17+AV17+AX17 -> 0 | AR17: =SUM(AN17:AQ17) -> 0 | AV17: =68-68 -> 0
A19: 45841 | B19: Facial | C19: =(M19*E19*O19*Q19)/100000000 -> 44.238695 | D19: VP OW | E19: 11.5 | F19: 1 | G19: 1350 | H19: 0.23 | I19: 0.88 | J19: =E19*G19*(1-H19)*1440/1000000*2.74 -> 47.166689 | K19: =(IF(G19<L19,L19,G19)*(1-IF(H19<N19,H19,N19))*E19*O19*Q19)/100000000 -> 44.245668 | L19: 1349.7872 | M19: 1039.3362 | N19: =1-(M19/L19) -> 0.23 | O19: =+'Trim Rwd'!H9 -> 262.5 | P19: =O19*(Q19-R19-S19) -> 351750 | Q19: =1440-30 -> 1410 | R19: =30-30 -> 0 | S19: =51+11+8 -> 70 | T19: =E19*M19*O19*Q19/100000000 -> 44.238695 | U19: =E19*M19*O19*(Q19-R19-S19)/100000000 -> 42.042447 | V19: =E19*G19*(1-N19)*O19/100*(R19+S19)/1000000 -> 2.1965934 | W19: =+'3'!K8/1000 -> 38.435 | X19: =SUM(W19:W22)/SUM(K19:K22) -> 0.86867262 | Y19: 0 | Z19: =+'1'!D46/1000 -> 0 | AA19: =SUM(U19:U22)-SUM(W19:W22)-SUM(Z19:Z22)-SUM(Y19:Y22) -> 3.6074473 | AB19: =(SUM(K19:K22)-SUM(W19:W22)-SUM(Y19:Y22)-SUM(Z19:Z22)-SUM(AC19:AC22)-SUM(V19:V22))-AA19 -> -0.00034619282 | AC19: =K19-T19 -> 0.0069733125 | AD19: =+AM19+BA19 -> 20 | AE19: - Sheet Breaks (4x) | AF19: 20 | AM19: =SUM(AF19:AL19)+AT19+AV19+AX19 -> 20 | AR19: =SUM(AN19:AQ19) -> 0 | BA19: =+AR19+AS19+AU19+AW19+AY19+AZ19 -> 0 | BB19: 4
AD20: =+AM20+BA20 -> 10 | AE20: - Change Blade (8x) | AG20: 10 | AM20: =SUM(AF20:AL20)+AT20+AV20+AX20 -> 10 | AR20: =SUM(AN20:AQ20) -> 0 | BA20: =+AR20+AS20+AU20+AW20+AY20+AZ20 -> 0 | BC20: 8
AD21: =+AM21+BA21 -> 29 | AE21: - Change Spool (22x) | AH21: 29 | AM21: =SUM(AF21:AL21)+AT21+AV21+AX21 -> 29 | AR21: =SUM(AN21:AQ21) -> 0 | BA21: =+AR21+AS21+AU21+AW21+AY21+AZ21 -> 0
AD22: =+AM22+BA22 -> 0 | AE22: -16:00 PM 17 stop (TRIP FLICKER) | AM22: =SUM(AF22:AL22)+AT22+AV22+AX22 -> 0 | AR22: =SUM(AN22:AQ22) -> 0 | AY22: =30-30 -> 0 | BA22: =+AR22+AS22+AU22+AW22+AY22+AZ22 -> 0
AD23: =+AM23+BA23 -> 11 | AE23: - 06.12 Sirkulai UTM, pasang spool dari reel | AK23: 11 | AM23: =SUM(AF23:AL23)+AT23+AV23+AX23 -> 11 | AR23: =SUM(AN23:AQ23) -> 0 | BA23: =+AR23+AS23+AU23+AW23+AY23+AZ23 -> 0
A25: 45842 | B25: Facial | C25: =(M25*E25*O25*Q25)/100000000 -> 43.174335 | D25: VP OW | E25: 11.5 | F25: 1 | G25: 1350 | H25: 0.23 | I25: 0.88 | J25: =E25*G25*(1-H25)*1440/1000000*2.74 -> 47.166689 | K25: =(IF(G25<L25,L25,G25)*(1-IF(H25<N25,H25,N25))*E25*O25*Q25)/100000000 -> 45.187065 | L25: 1289.8681 | M25: 993.1984 | N25: =1-(M25/L25) -> 0.23 | O25: =+'Trim Rwd'!H11 -> 262.5 | P25: =O25*(Q25-R25-S25) -> 359625 | Q25: 1440 | R25: 0 | S25: 70 | T25: =E25*M25*O25*Q25/100000000 -> 43.174335 | U25: =E25*M25*O25*(Q25-R25-S25)/100000000 -> 41.075582 | V25: =E25*G25*(1-N25)*O25/100*(R25+S25)/1000000 -> 2.1965934 | W25: =+'4'!K8/1000 -> 42.111 | X25: =SUM(W25:W28)/SUM(K25:K28) -> 0.93192598 | Y25: =+SUM(RBP!AG15:AG16) -> 0 | Z25: =+'1'!D52/1000 -> 0 | AA25: =SUM(U25:U28)-SUM(W25:W28)-SUM(Z25:Z28)-SUM(Y25:Y28) -> -1.0354178 | AB25: =(SUM(K25:K28)-SUM(W25:W28)-SUM(Y25:Y28)-SUM(Z25:Z28)-SUM(AC25:AC28)-SUM(V25:V28))-AA25 -> -0.097841063 | AC25: =K25-T25 -> 2.0127304 | AD25: =+AM25+BA25 -> 12 | AE25: - Sheet Breaks (3x) | AF25: 12 | AM25: =SUM(AF25:AL25)+AT25+AV25+AX25 -> 12 | AR25: =SUM(AN25:AQ25) -> 0 | BA25: =+AR25+AS25+AU25+AW25+AY25+AZ25 -> 0 | BB25: 3
AD26: =+AM26+BA26 -> 16 | AE26: - Change Blade (6x) | AG26: 16 | AM26: =SUM(AF26:AL26)+AT26+AV26+AX26 -> 16 | AR26: =SUM(AN26:AQ26) -> 0 | BA26: =+AR26+AS26+AU26+AW26+AY26+AZ26 -> 0 | BC26: 6
AD27: =+AM27+BA27 -> 17 | AE27: - Change Spool (23x) | AH27: 17 | AM27: =SUM(AF27:AL27)+AT27+AV27+AX27 -> 17 | AR27: =SUM(AN27:AQ27) -> 0 | BA27: =+AR27+AS27+AU27+AW27+AY27+AZ27 -> 0
AD28: =+AM28+BA28 -> 25 | AE28: - 08:48 eid setting consistensi yg eror ( mdt kurang stabil ) | AK28: 25 | AM28: =SUM(AF28:AL28)+AT28+AV28+AX28 -> 25 | AR28: =SUM(AN28:AQ28) -> 0 | BA28: =+AR28+AS28+AU28+AW28+AY28+AZ28 -> 0
A30: 45843 | B30: Facial | C30: =(M30*E30*O30*Q30)/100000000 -> 24.476327 | D30: VP OW | E30: 11.5 | F30: 1 | G30: 1350 | H30: 0.23 | I30: 0.88 | J30: =E30*G30*(1-H30)*1440/1000000*2.74 -> 47.166689 | K30: =(IF(G30<L30,L30,G30)*(1-IF(H30<N30,H30,N30))*E30*O30*Q30)/100000000 -> 24.476327 | L30: 1350 | M30: 1039.5 | N30: =1-(M30/L30) -> 0.23 | O30: =+'Trim Rwd'!H13 -> 262.5 | P30: =O30*(Q30-R30-S30) -> 193987.5 | Q30: 780 | R30: 0 | S30: =26+5+10 -> 41 | T30: =E30*M30*O30*Q30/100000000 -> 24.476327 | U30: =E30*M30*O30*(Q30-R30-S30)/100000000 -> 23.189751 | V30: =E30*G30*(1-N30)*O30/100*(R30+S30)/1000000 -> 1.2865762 | W30: =+'5'!K8/1000 -> 25.81 | X30: =SUM(W30:W34)/SUM(K30:K34) -> 0.87734603 | Y30: =+SUM(RBP!AG20:AG21) -> 0 | Z30: =+'1'!D57/1000 -> 0 | AA30: =SUM(U30:U34)-SUM(W30:W34)-SUM(Z30:Z34)-SUM(Y30:Y34) -> 3.8756137 | AB30: =(SUM(K30:K34)-SUM(W30:W34)-SUM(Y30:Y34)-SUM(Z30:Z34)-SUM(AC30:AC34)-SUM(V30:V34))-AA30 -> 4.4408921e-15 | AC30: =K30-T30 -> 0 | AD30: =+AM30+BA30 -> 15 | AE30: - Sheet Breaks (6x) | AF30: 15 | AM30: =SUM(AF30:AL30)+AT30+AV30+AX30 -> 15 | AR30: =SUM(AN30:AQ30) -> 0 | BA30: =+AR30+AS30+AU30+AW30+AY30+AZ30 -> 0 | BB30: 6
B31: Facial | C31: =(M31*E31*O31*Q31)/100000000 -> 4.6453176 | D31: VP OW | E31: 12 | F31: 1 | G31: 1350 | H31: 0.23 | I31: 0.88 | J31: =E31*G31*(1-H31)*1440/1000000*2.74 -> 49.217414 | K31: =(IF(G31<L31,L31,G31)*(1-IF(H31<N31,H31,N31))*E31*O31*Q31)/100000000 -> 4.6453176 | L31: 1350 | M31: 1039.5 | N31: =1-(M31/L31) -> 0.23 | O31: =+'Trim Rwd'!H14 -> 266 | P31: =O31*(Q31-R31-S31) -> 35644 | Q31: 140 | R31: 0 | S31: 6 | T31: =E31*M31*O31*Q31/100000000 -> 4.6453176 | U31: =E31*M31*O31*(Q31-R31-S31)/100000000 -> 4.4462326 | V31: =E31*G31*(1-N31)*O31/100*(R31+S31)/1000000 -> 0.19908504 | W31: =+'5'!K7/1000 -> 4.596 | AD31: =+AM31+BA31 -> 16 | AE31: - Change Blade (9x) | AG31: 16 | AM31: =SUM(AF31:AL31)+AT31+AV31+AX31 -> 16 | AR31: =SUM(AN31:AQ31) -> 0 | BA31: =+AR31+AS31+AU31+AW31+AY31+AZ31 -> 0 | BC31: 9
B32: Facial | C32: =(M32*E32*O32*Q32)/100000000 -> 18.691873 | D32: VP OW | E32: 13 | F32: 1 | G32: 1350 | H32: 0.23 | I32: 0.88 | J32: =E32*G32*(1-H32)*1440/1000000*2.74 -> 53.318866 | K32: =(IF(G32<L32,L32,G32)*(1-IF(H32<N32,H32,N32))*E32*O32*Q32)/100000000 -> 18.691873 | L32: 1350 | M32: 1039.5 | N32: =1-(M32/L32) -> 0.23 | O32: =+'Trim Rwd'!H15 -> 266 | P32: =O32*(Q32-R32-S32) -> 134596 | Q32: 520 | R32: 0 | S32: =61-S30-S31 -> 14 | T32: =E32*M32*O32*Q32/100000000 -> 18.691873 | U32: =E32*M32*O32*(Q32-R32-S32)/100000000 -> 18.18863 | V32: =E32*G32*(1-N32)*O32/100*(R32+S32)/1000000 -> 0.50324274 | W32: =+'5'!K10/1000 -> 11.543 | AD32: =+AM32+BA32 -> 25 | AE32: - Change Spool (25x) | AH32: 25 | AM32: =SUM(AF32:AL32)+AT32+AV32+AX32 -> 25 | AR32: =SUM(AN32:AQ32) -> 0 | BA32: =+AR32+AS32+AU32+AW32+AY32+AZ32 -> 0
AD33: =+AM33+BA33 -> 5 | AE33: - Loader arm selalu sering macet | AJ33: 5 | AM33: =SUM(AF33:AL33)+AT33+AV33+AX33 -> 5 | AR33: =SUM(AN33:AQ33) -> 0 | BA33: =+AR33+AS33+AU33+AW33+AY33+AZ33 -> 0
A35: 45844 | B35: Facial | C35: =(M35*E35*O35*Q35)/100000000 -> 5.3918865 | D35: VP OW | E35: 13 | F35: 1 | G35: 1350 | H35: 0.23 | I35: 0.88 | J35: =E35*G35*(1-H35)*1440/1000000*2.74 -> 53.318866 | K35: =(IF(G35<L35,L35,G35)*(1-IF(H35<N35,H35,N35))*E35*O35*Q35)/100000000 -> 5.3918865 | L35: 1350 | M35: 1039.5 | N35: =1-(M35/L35) -> 0.23 | O35: =+'Trim Rwd'!H17 -> 266 | P35: =O35*(Q35-R35-S35) -> 34580 | Q35: 150 | R35: 0 | S35: =10+5+5 -> 20 | T35: =E35*M35*O35*Q35/100000000 -> 5.3918865 | U35: =E35*M35*O35*(Q35-R35-S35)/100000000 -> 4.6729683 | V35: =E35*G35*(1-N35)*O35/100*(R35+S35)/1000000 -> 0.7189182 | W35: =+'6'!K10/1000 -> 9.714 | X35: =SUM(W35:W38)/SUM(K35:K38) -> 0.88337241 | Y35: =+SUM(RBP!AG24:AG25) -> 0 | Z35: =+'1'!D61/1000 -> 0 | AA35: =SUM(U35:U38)-SUM(W35:W38)-SUM(Z35:Z38)-SUM(Y35:Y38) -> 4.1836871 | AB35: =(SUM(K35:K38)-SUM(W35:W38)-SUM(Y35:Y38)-SUM(Z35:Z38)-SUM(AC35:AC38)-SUM(V35:V38))-AA35 -> 0.0068518475 | AC35: =K35-T35 -> 0 | AD35: =+AM35+BA35 -> 15 | AE35: - Sheet Breaks (6x) | AF35: 15 | AM35: =SUM(AF35:AL35)+AT35+AV35+AX35 -> 15 | AR35: =SUM(AN35:AQ35) -> 0 | BA35: =+AR35+AS35+AU35+AW35+AY35+AZ35 -> 0 | BB35: 6
B36: Toilet | C36: =(M36*E36*O36*Q36)/100000000 -> 46.544306 | D36: VP OW | E36: 13 | F36: 1 | G36: 1305 | H36: =+N36 -> 0.17736935 | I36: 0.88 | J36: =E36*G36*(1-H36)*1440/1000000*2.74 -> 55.064513 | K36: =(IF(G36<L36,L36,G36)*(1-IF(H36<N36,H36,N36))*E36*O36*Q36)/100000000 -> 46.544306 | L36: 1312.7907 | M36: 1079.9419 | N36: =1-(M36/L36) -> 0.17736935 | O36: =+'Trim Rwd'!H18 -> 257 | P36: =O36*(Q36-R36-S36) -> 323306 | Q36: 1290 | R36: 0 | S36: =27+5 -> 32 | T36: =E36*M36*O36*Q36/100000000 -> 46.544306 | U36: =E36*M36*O36*(Q36-R36-S36)/100000000 -> 45.389719 | V36: =E36*G36*(1-N36)*O36/100*(R36+S36)/1000000 -> 1.1477356 | W36: =+'6'!K9/1000 -> 36.165 | AD36: =+AM36+BA36 -> 13 | AE36: - Change Blade (10x) | AG36: 13 | AM36: =SUM(AF36:AL36)+AT36+AV36+AX36 -> 13 | AR36: =SUM(AN36:AQ36) -> 0 | BA36: =+AR36+AS36+AU36+AW36+AY36+AZ36 -> 0 | BC36: 10
AD37: =+AM37+BA37 -> 24 | AE37: - Change Spool (22x) | AH37: 24 | AM37: =SUM(AF37:AL37)+AT37+AV37+AX37 -> 24 | AR37: =SUM(AN37:AQ37) -> 0 | BA37: =+AR37+AS37+AU37+AW37+AY37+AZ37 -> 0
A39: 45845 | B39: Toilet | C39: =(M39*E39*O39*Q39)/100000000 -> 51.285686 | D39: VP OW | E39: 13 | F39: 1 | G39: 1310 | H39: =+N39 -> 0.18 | I39: 0.88 | J39: =E39*G39*(1-H39)*1440/1000000*2.74 -> 55.098726 | K39: =(IF(G39<L39,L39,G39)*(1-IF(H39<N39,H39,N39))*E39*O39*Q39)/100000000 -> 51.680192 | L39: 1300 | M39: 1066 | N39: =1-(M39/L39) -> 0.18 | O39: =+'Trim Rwd'!H20 -> 257 | P39: =O39*(Q39-R39-S39) -> 363912 | Q39: 1440 | R39: 0 | S39: 24 | T39: =E39*M39*O39*Q39/100000000 -> 51.285686 | U39: =E39*M39*O39*(Q39-R39-S39)/100000000 -> 50.430925 | V39: =E39*G39*(1-N39)*O39/100*(R39+S39)/1000000 -> 0.86133653 | W39: =+'7'!K9/1000 -> 48.341 | X39: =SUM(W39:W42)/SUM(K39:K42) -> 0.9353874 | Y39: =+SUM(RBP!AG29:AG30) -> 0 | Z39: =+'1'!D66/1000 -> 0 | AA39: =SUM(U39:U42)-SUM(W39:W42)-SUM(Z39:Z42)-SUM(Y39:Y42) -> 2.089925 | AB39: =(SUM(K39:K42)-SUM(W39:W42)-SUM(Y39:Y42)-SUM(Z39:Z42)-SUM(AC39:AC42)-SUM(V39:V42))-AA39 -> -0.006575088 | AC39: =K39-T39 -> 0.39450528 | AD39: =+AM39+BA39 -> 0 | AE39: - Sheet Breaks (0x) | AF39: 0 | AM39: =SUM(AF39:AL39)+AT39+AV39+AX39 -> 0 | AR39: =SUM(AN39:AQ39) -> 0 | BA39: =+AR39+AS39+AU39+AW39+AY39+AZ39 -> 0 | BB39: 0
AD40: =+AM40+BA40 -> 12 | AE40: - Change Blade (11x) | AG40: 12 | AM40: =SUM(AF40:AL40)+AT40+AV40+AX40 -> 12 | AR40: =SUM(AN40:AQ40) -> 0 | BA40: =+AR40+AS40+AU40+AW40+AY40+AZ40 -> 0 | BC40: 11
AD41: =+AM41+BA41 -> 12 | AE41: - Change Spool (23x) | AH41: 12 | AM41: =SUM(AF41:AL41)+AT41+AV41+AX41 -> 12 | AR41: =SUM(AN41:AQ41) -> 0 | BA41: =+AR41+AS41+AU41+AW41+AY41+AZ41 -> 0
A43: 45846 | B43: Toilet | C43: =(M43*E43*O43*Q43)/100000000 -> 22.081337 | D43: VP OW | E43: 13 | F43: 1 | G43: 1310 | H43: =+N43 -> 0.18 | I43: 0.88 | J43: =E43*G43*(1-H43)*1440/1000000*2.74 -> 55.098726 | K43: =(IF(G43<L43,L43,G43)*(1-IF(H43<N43,H43,N43))*E43*O43*Q43)/100000000 -> 22.251194 | L43: 1300 | M43: 1066 | N43: =1-(M43/L43) -> 0.18 | O43: =+'Trim Rwd'!H22 -> 257 | P43: =O43*(Q43-R43-S43) -> 155742 | Q43: 620 | R43: 0 | S43: 14 | T43: =E43*M43*O43*Q43/100000000 -> 22.081337 | U43: =E43*M43*O43*(Q43-R43-S43)/100000000 -> 21.582726 | V43: =E43*G43*(1-N43)*O43/100*(R43+S43)/1000000 -> 0.50244631 | W43: =+'8'!K9/1000 -> 28.852 | X43: =SUM(W43:W46)/SUM(K43:K46) -> 0.9850964 | Y43: =+SUM(RBP!AG33:AG34) -> 0 | Z43: =+'1'!D70/1000 -> 0 | AA43: =SUM(U43:U46)-SUM(W43:W46)-SUM(Z43:Z46)-SUM(Y43:Y46) -> -0.43981583 | AB43: =(SUM(K43:K46)-SUM(W43:W46)-SUM(Y43:Y46)-SUM(Z43:Z46)-SUM(AC43:AC46)-SUM(V43:V46))-AA43 -> -0.003835468 | AC43: =K43-T43 -> 0.16985644 | AD43: =+AM43+BA43 -> 0 | AE43: - Sheet Breaks (0x) | AF43: 0 | AM43: =SUM(AF43:AL43)+AT43+AV43+AX43 -> 0 | AR43: =SUM(AN43:AQ43) -> 0 | BA43: =+AR43+AS43+AU43+AW43+AY43+AZ43 -> 0 | BB43: 0 | BD43: 3
B44: Toilet | C44: =(M44*E44*O44*Q44)/100000000 -> 10.702692 | D44: VP OW | E44: 13 | F44: 1 | G44: 1350 | H44: 0.23 | I44: 0.88 | J44: =E44*G44*(1-H44)*1440/1000000*2.74 -> 53.318866 | K44: =(IF(G44<L44,L44,G44)*(1-IF(H44<N44,H44,N44))*E44*O44*Q44)/100000000 -> 10.702692 | L44: 1350 | M44: 1039.5 | N44: =1-(M44/L44) -> 0.23 | O44: =+'Trim Rwd'!H23 -> 264 | P44: =O44*(Q44-R44-S44) -> 78408 | Q44: =305-5 -> 300 | R44: 0 | S44: =8-5 -> 3 | T44: =E44*M44*O44*Q44/100000000 -> 10.702692 | U44: =E44*M44*O44*(Q44-R44-S44)/100000000 -> 10.595665 | V44: =E44*G44*(1-N44)*O44/100*(R44+S44)/1000000 -> 0.10702692 | W44: =+'8'!K11/1000 -> 10.128 | AD44: =+AM44+BA44 -> 13 | AE44: - Change Blade (10x) | AG44: 13 | AM44: =SUM(AF44:AL44)+AT44+AV44+AX44 -> 13 | AR44: =SUM(AN44:AQ44) -> 0 | BA44: =+AR44+AS44+AU44+AW44+AY44+AZ44 -> 0 | BC44: 10
B45: Facial | C45: =(M45*E45*O45*Q45)/100000000 -> 18.512144 | D45: VP OW | E45: 13 | F45: 1 | G45: 1350 | H45: =+N45 -> 0.23 | I45: 0.88 | J45: =E45*G45*(1-H45)*1440/1000000*2.74 -> 53.318866 | K45: =(IF(G45<L45,L45,G45)*(1-IF(H45<N45,H45,N45))*E45*O45*Q45)/100000000 -> 18.512144 | L45: 1350 | M45: 1039.5 | N45: =1-(M45/L45) -> 0.23 | O45: =+'Trim Rwd'!H24 -> 266 | P45: =O45*(Q45-R45-S45) -> 133798 | Q45: 515 | R45: 0 | S45: 12 | T45: =E45*M45*O45*Q45/100000000 -> 18.512144 | U45: =E45*M45*O45*(Q45-R45-S45)/100000000 -> 18.080793 | V45: =E45*G45*(1-N45)*O45/100*(R45+S45)/1000000 -> 0.43135092 | W45: =+'8'!K10/1000 -> 11.719 | AD45: =+AM45+BA45 -> 16 | AE45: - Change Spool (27x) | AH45: 16 | AM45: =SUM(AF45:AL45)+AT45+AV45+AX45 -> 16 | AR45: =SUM(AN45:AQ45) -> 0 | BA45: =+AR45+AS45+AU45+AW45+AY45+AZ45 -> 0
AD46: =+AM46+BA46 -> 0 | AE46: - Steam drop | AM46: =SUM(AF46:AL46)+AT46+AV46+AX46 -> 0 | AR46: =SUM(AN46:AQ46) -> 0 | AV46: =5-5 -> 0
A48: 45847 | B48: Facial | C48: =(M48*E48*O48*Q48)/100000000 -> 4.2416174 | D48: VP OW | E48: 13 | F48: 1 | G48: 1350 | H48: =+N48 -> 0.23 | I48: 0.88 | J48: =E48*G48*(1-H48)*1440/1000000*2.74 -> 53.318866 | K48: =(IF(G48<L48,L48,G48)*(1-IF(H48<N48,H48,N48))*E48*O48*Q48)/100000000 -> 4.2416174 | L48: 1350 | M48: 1039.5 | N48: =1-(M48/L48) -> 0.23 | O48: =+'Trim Rwd'!H26 -> 266 | P48: =O48*(Q48-R48-S48) -> 24738 | Q48: 118 | R48: 0 | S48: 25 | T48: =E48*M48*O48*Q48/100000000 -> 4.2416174 | U48: =E48*M48*O48*(Q48-R48-S48)/100000000 -> 3.3429696 | V48: =E48*G48*(1-N48)*O48/100*(R48+S48)/1000000 -> 0.89864775 | W48: =+'9'!K10/1000 -> 10.231 | X48: =SUM(W48:W51)/SUM(K48:K51) -> 0.91168308 | Y48: 0 | Z48: =+'1'!D75/1000 -> 0 | AA48: =SUM(U48:U51)-SUM(W48:W51)-SUM(Z48:Z51)-SUM(Y48:Y51) -> -0.62928557 | AB48: =(SUM(K48:K51)-SUM(W48:W51)-SUM(Y48:Y51)-SUM(Z48:Z51)-SUM(AC48:AC51)-SUM(V48:V51))-AA48 -> 3.5527137e-15 | AC48: =K48-T48 -> 0 | AD48: =+AM48+BA48 -> 80 | AE48: - Sheet Breaks (30x) | AF48: 80 | AM48: =SUM(AF48:AL48)+AT48+AV48+AX48 -> 80 | AR48: =SUM(AN48:AQ48) -> 0 | BA48: =+AR48+AS48+AU48+AW48+AY48+AZ48 -> 0 | BB48: 30
B49: Facial | C49: =(M49*E49*O49*Q49)/100000000 -> 42.875633 | D49: VP OW | E49: 12 | F49: 1 | G49: 1350 | H49: =+N49 -> 0.23 | I49: 0.88 | J49: =E49*G49*(1-H49)*1440/1000000*2.74 -> 49.217414 | K49: =(IF(G49<L49,L49,G49)*(1-IF(H49<N49,H49,N49))*E49*O49*Q49)/100000000 -> 42.875633 | L49: 1350 | M49: 1039.5 | N49: =1-(M49/L49) -> 0.23 | O49: =+'Trim Rwd'!H27 -> 260 | P49: =O49*(Q49-R49-S49) -> 312520 | Q49: 1322 | R49: 0 | S49: =145-S48 -> 120 | T49: =E49*M49*O49*Q49/100000000 -> 42.875633 | U49: =E49*M49*O49*(Q49-R49-S49)/100000000 -> 38.983745 | V49: =E49*G49*(1-N49)*O49/100*(R49+S49)/1000000 -> 3.891888 | W49: =+'9'!K7/1000 -> 32.725 | AD49: =+AM49+BA49 -> 21 | AE49: - Change Blade (9x) | AG49: 21 | AM49: =SUM(AF49:AL49)+AT49+AV49+AX49 -> 21 | AR49: =SUM(AN49:AQ49) -> 0 | BA49: =+AR49+AS49+AU49+AW49+AY49+AZ49 -> 0 | BC49: 9
AD50: =+AM50+BA50 -> 44 | AE50: - Change Spool (24x) | AH50: 44 | AM50: =SUM(AF50:AL50)+AT50+AV50+AX50 -> 44 | AR50: =SUM(AN50:AQ50) -> 0 | BA50: =+AR50+AS50+AU50+AW50+AY50+AZ50 -> 0
A52: 45848 | B52: Facial | C52: =(M52*E52*O52*Q52)/100000000 -> 46.213608 | D52: VP OW | E52: 12 | F52: 1 | G52: 1350 | H52: =+N52 -> 0.23 | I52: 0.88 | J52: =E52*G52*(1-H52)*1440/1000000*2.74 -> 49.217414 | K52: =(IF(G52<L52,L52,G52)*(1-IF(H52<N52,H52,N52))*E52*O52*Q52)/100000000 -> 46.442956 | L52: 1343.3333 | M52: 1034.3667 | N52: =1-(M52/L52) -> 0.23 | O52: =+'Trim Rwd'!H29 -> 258.55422 | P52: =O52*(Q52-R52-S52) -> 354477.83 | Q52: 1440 | R52: 0 | S52: 69 | T52: =E52*M52*O52*Q52/100000000 -> 46.213608 | U52: =E52*M52*O52*(Q52-R52-S52)/100000000 -> 43.999206 | V52: =E52*G52*(1-N52)*O52/100*(R52+S52)/1000000 -> 2.2253917 | W52: =+'10'!K7/1000 -> 40.226 | X52: =SUM(W52:W55)/SUM(K52:K55) -> 0.8661378 | Y52: 0 | Z52: =+'10'!D34/1000 -> 0.996 | AA52: =SUM(U52:U55)-SUM(W52:W55)-SUM(Z52:Z55)-SUM(Y52:Y55) -> 2.7772063 | AB52: =(SUM(K52:K55)-SUM(W52:W55)-SUM(Y52:Y55)-SUM(Z52:Z55)-SUM(AC52:AC55)-SUM(V52:V55))-AA52 -> -0.010989588 | AC52: =K52-T52 -> 0.22934793 | AD52: =+AM52+BA52 -> 8 | AE52: - Sheet Breaks (4x) | AF52: 8 | AM52: =SUM(AF52:AL52)+AT52+AV52+AX52 -> 8 | AR52: =SUM(AN52:AQ52) -> 0 | BA52: =+AR52+AS52+AU52+AW52+AY52+AZ52 -> 0 | BB52: 4
AD53: =+AM53+BA53 -> 14 | AE53: - Change Blade (7x) | AG53: 14 | AM53: =SUM(AF53:AL53)+AT53+AV53+AX53 -> 14 | AR53: =SUM(AN53:AQ53) -> 0 | BA53: =+AR53+AS53+AU53+AW53+AY53+AZ53 -> 0 | BC53: 7
AD54: =+AM54+BA54 -> 47 | AE54: - Change Spool (26x) | AH54: 47 | AM54: =SUM(AF54:AL54)+AT54+AV54+AX54 -> 47 | AR54: =SUM(AN54:AQ54) -> 0 | BA54: =+AR54+AS54+AU54+AW54+AY54+AZ54 -> 0
A56: 45849 | B56: Facial | C56: =(M56*E56*O56*Q56)/100000000 -> 47.046211 | D56: VP OW | E56: 12 | F56: 1 | G56: 1350 | H56: =+N56 -> 0.23 | I56: 0.88 | J56: =E56*G56*(1-H56)*1440/1000000*2.74 -> 49.217414 | K56: =(IF(G56<L56,L56,G56)*(1-IF(H56<N56,H56,N56))*E56*O56*Q56)/100000000 -> 47.15172 | L56: 1346.9792 | M56: 1037.174 | N56: =1-(M56/L56) -> 0.23 | O56: =+'Trim Rwd'!H32 -> 262.5 | P56: =O56*(Q56-R56-S56) -> 341250 | Q56: 1440 | R56: 0 | S56: 140 | T56: =E56*M56*O56*Q56/100000000 -> 47.046211 | U56: =E56*M56*O56*(Q56-R56-S56)/100000000 -> 42.472274 | V56: =E56*G56*(1-N56)*O56/100*(R56+S56)/1000000 -> 4.584195 | W56: =+'11'!K7/1000 -> 31.272 | X56: =SUM(W56:W59)/SUM(K56:K59) -> 0.66322077 | Y56: 0 | Z56: =+'11'!D34/1000 -> 1.032 | AA56: =SUM(U56:U59)-SUM(W56:W59)-SUM(Z56:Z59)-SUM(Y56:Y59) -> 10.168274 | AB56: =(SUM(K56:K59)-SUM(W56:W59)-SUM(Y56:Y59)-SUM(Z56:Z59)-SUM(AC56:AC59)-SUM(V56:V59))-AA56 -> -0.010257844 | AC56: =K56-T56 -> 0.10550925 | AD56: =+AM56+BA56 -> 85 | AE56: - Sheet Breaks (29x) | AF56: 85 | AM56: =SUM(AF56:AL56)+AT56+AV56+AX56 -> 85 | AR56: =SUM(AN56:AQ56) -> 0 | BA56: =+AR56+AS56+AU56+AW56+AY56+AZ56 -> 0 | BB56: 29
AD57: =+AM57+BA57 -> 14 | AE57: - Change Blade (10x) | AG57: 14 | AM57: =SUM(AF57:AL57)+AT57+AV57+AX57 -> 14 | AR57: =SUM(AN57:AQ57) -> 0 | BA57: =+AR57+AS57+AU57+AW57+AY57+AZ57 -> 0 | BC57: 10
AD58: =+AM58+BA58 -> 41 | AE58: - Change Spool (25x) | AH58: 41 | AM58: =SUM(AF58:AL58)+AT58+AV58+AX58 -> 41 | AR58: =SUM(AN58:AQ58) -> 0 | BA58: =+AR58+AS58+AU58+AW58+AY58+AZ58 -> 0
A60: 45850 | B60: Facial | C60: =(M60*E60*O60*Q60)/100000000 -> 47.206989 | D60: VP OW | E60: 12 | F60: 1 | G60: 1350 | H60: =+N60 -> 0.23 | I60: 0.88 | J60: =E60*G60*(1-H60)*1440/1000000*2.74 -> 49.217414 | K60: =(IF(G60<L60,L60,G60)*(1-IF(H60<N60,H60,N60))*E60*O60*Q60)/100000000 -> 47.206989 | L60: 1350 | M60: 1039.5 | N60: =1-(M60/L60) -> 0.23 | O60: =+'Trim Rwd'!H34 -> 262.80769 | P60: =O60*(Q60-R60-S60) -> 352687.92 | Q60: 1440 | R60: 0 | S60: 98 | T60: =E60*M60*O60*Q60/100000000 -> 47.206989 | U60: =E60*M60*O60*(Q60-R60-S60)/100000000 -> 43.994292 | V60: =E60*G60*(1-N60)*O60/100*(R60+S60)/1000000 -> 3.2126979 | W60: =+'12'!K7/1000 -> 39.923 | X60: =SUM(W60:W63)/SUM(K60:K63) -> 0.84570104 | Y60: 0 | Z60: =+'12'!D34/1000 -> 0.52 | AA60: =SUM(U60:U63)-SUM(W60:W63)-SUM(Z60:Z63)-SUM(Y60:Y63) -> 3.5512915 | AB60: =(SUM(K60:K63)-SUM(W60:W63)-SUM(Y60:Y63)-SUM(Z60:Z63)-SUM(AC60:AC63)-SUM(V60:V63))-AA60 -> 4.4408921e-15 | AC60: =K60-T60 -> 0 | AD60: =+AM60+BA60 -> 43 | AE60: - Sheet Breaks (11x) | AF60: 43 | AM60: =SUM(AF60:AL60)+AT60+AV60+AX60 -> 43 | AR60: =SUM(AN60:AQ60) -> 0 | BA60: =+AR60+AS60+AU60+AW60+AY60+AZ60 -> 0 | BB60: 11
AD61: =+AM61+BA61 -> 19 | AE61: - Change Blade (11x) | AG61: 19 | AM61: =SUM(AF61:AL61)+AT61+AV61+AX61 -> 19 | AR61: =SUM(AN61:AQ61) -> 0 | BA61: =+AR61+AS61+AU61+AW61+AY61+AZ61 -> 0 | BC61: 11
AD62: =+AM62+BA62 -> 36 | AE62: - Change Spool (23x) | AH62: 36 | AM62: =SUM(AF62:AL62)+AT62+AV62+AX62 -> 36 | AR62: =SUM(AN62:AQ62) -> 0 | BA62: =+AR62+AS62+AU62+AW62+AY62+AZ62 -> 0
A64: 45851 | B64: Facial | C64: =(M64*E64*O64*Q64)/100000000 -> 46.18855 | D64: VP OW | E64: 12 | F64: 1 | G64: 1350 | H64: =+N64 -> 0.23 | I64: 0.88 | J64: =E64*G64*(1-H64)*1440/1000000*2.74 -> 49.217414 | K64: =(IF(G64<L64,L64,G64)*(1-IF(H64<N64,H64,N64))*E64*O64*Q64)/100000000 -> 47.421158 | L64: 1314.9097 | M64: 1012.4805 | N64: =1-(M64/L64) -> 0.23 | O64: =+'Trim Rwd'!H37 -> 264 | P64: =O64*(Q64-R64-S64) -> 352440 | Q64: 1440 | R64: 0 | S64: =82+23 -> 105 | T64: =E64*M64*O64*Q64/100000000 -> 46.18855 | U64: =E64*M64*O64*(Q64-R64-S64)/100000000 -> 42.820635 | V64: =E64*G64*(1-N64)*O64/100*(R64+S64)/1000000 -> 3.4577928 | W64: =+'13'!K7/1000 -> 37.55 | X64: =SUM(W64:W67)/SUM(K64:K67) -> 0.79184063 | Y64: =+SUM(RBP!AG15:AG16) -> 0 | Z64: =+'13'!D34/1000 -> 0.505 | AA64: =SUM(U64:U67)-SUM(W64:W67)-SUM(Z64:Z67)-SUM(Y64:Y67) -> 4.7656347 | AB64: =(SUM(K64:K67)-SUM(W64:W67)-SUM(Y64:Y67)-SUM(Z64:Z67)-SUM(AC64:AC67)-SUM(V64:V67))-AA64 -> -0.089877711 | AC64: =K64-T64 -> 1.2326086 | AD64: =+AM64+BA64 -> 18 | AE64: - Sheet Breaks (6x) | AF64: 18 | AM64: =SUM(AF64:AL64)+AT64+AV64+AX64 -> 18 | AR64: =SUM(AN64:AQ64) -> 0 | BA64: =+AR64+AS64+AU64+AW64+AY64+AZ64 -> 0 | BB64: 6
AD65: =+AM65+BA65 -> 25 | AE65: - Change Blade (11x) | AG65: 25 | AM65: =SUM(AF65:AL65)+AT65+AV65+AX65 -> 25 | AR65: =SUM(AN65:AQ65) -> 0 | BA65: =+AR65+AS65+AU65+AW65+AY65+AZ65 -> 0 | BC65: 11
AD66: =+AM66+BA66 -> 39 | AE66: - Change Spool (24x) | AH66: 39 | AM66: =SUM(AF66:AL66)+AT66+AV66+AX66 -> 39 | AR66: =SUM(AN66:AQ66) -> 0 | BA66: =+AR66+AS66+AU66+AW66+AY66+AZ66 -> 0
AD67: =+AM67+BA67 -> 23 | AE67: - 10:20 speed turun ke 1000 mpm flow oli tidak stabil,MED proses penambahan oli. | AJ67: 23 | AM67: =SUM(AF67:AL67)+AT67+AV67+AX67 -> 23 | AR67: =SUM(AN67:AQ67) -> 0 | BA67: =+AR67+AS67+AU67+AW67+AY67+AZ67 -> 0
A69: 45852 | B69: Facial | C69: =(M69*E69*O69*Q69)/100000000 -> 7.9035264 | D69: VP OW | E69: 12 | F69: 1 | G69: 1350 | H69: =+N69 -> 0.23 | I69: 0.88 | J69: =E69*G69*(1-H69)*1440/1000000*2.74 -> 49.217414 | K69: =(IF(G69<L69,L69,G69)*(1-IF(H69<N69,H69,N69))*E69*O69*Q69)/100000000 -> 7.9035264 | L69: 1350 | M69: 1039.5 | N69: =1-(M69/L69) -> 0.23 | O69: =+'Trim Rwd'!H39 -> 264 | P69: =O69*(Q69-R69-S69) -> 60984 | Q69: 240 | R69: 0 | S69: 9 | T69: =E69*M69*O69*Q69/100000000 -> 7.9035264 | U69: =E69*M69*O69*(Q69-R69-S69)/100000000 -> 7.6071442 | V69: =E69*G69*(1-N69)*O69/100*(R69+S69)/1000000 -> 0.29638224 | W69: =+'14'!K7/1000 -> 13.038 | X69: =SUM(W69:W72)/SUM(K69:K72) -> 0.94123425 | Y69: 0 | Z69: =+'14'!D7/1000 -> 0.636 | AA69: =SUM(U69:U72)-SUM(W69:W72)-SUM(Z69:Z72)-SUM(Y69:Y72) -> 1.3969858 | AB69: =(SUM(K69:K72)-SUM(W69:W72)-SUM(Y69:Y72)-SUM(Z69:Z72)-SUM(AC69:AC72)-SUM(V69:V72))-AA69 -> 1.7763568e-15 | AC69: =K69-T69 -> 0 | AD69: =+AM69+BA69 -> 0 | AE69: - Sheet Breaks (0x) | AF69: 0 | AM69: =SUM(AF69:AL69)+AT69+AV69+AX69 -> 0 | AR69: =SUM(AN69:AQ69) -> 0 | BA69: =+AR69+AS69+AU69+AW69+AY69+AZ69 -> 0 | BB69: 0
