Workbook

Sheet eff all value

Sheet Report1
A3: PAPER MACHINE 17 DAILY REPORT 1
A6: Date | B6: Grade | C6: GSM | D6: Speed yankee (mpm) | E6: Speed reel (mpm) | F6: Creep ( % ) | G6: Real Eff PM ( % ) | H6: Real Eff PM vs Target (%) | I6: Real Eff FG vs Real Eff PM (%) | J6: Eff FG vs Target (%) | L6: Kapasitas Target (ton) | N6: Kapasitas Teori Real (ton) | P6: PM PROD Timbangan (TON) | R6: FINSHED GOODS (TON) | T6: GAS HOOD | Z6: STEAM (TON) | AF6: STEAM DEINKING (TON) | AL6: POWER (kWh) | AR6: POWER DEINKING (kWh) | AX6: POWER WPL (kWh) | BD6: TOTALIZER | BE6: Kapasitas Running (ton) | BG6: Eff FG vs Target Running(%)
T7: CONSUMPTION | V7: /TON PM. | X7: /TON FG. | Z7: CONSUMPTION | AB7: /TON PM. | AD7: /TON FG. | AF7: CONSUMPTION | AH7: /TON PM. | AJ7: /TON FG. | AL7: CONSUMPTION | AN7: /TON PM | AP7: /TON FG | AR7: CONSUMPTION | AT7: /TON PM | AV7: /TON FG | AX7: CONSUMPTION | AZ7: /TON PM | BB7: /TON FG
J8: TODAY | K8: TODATE | L8: TODAY | M8: TODATE | N8: TODAY | O8: TODATE | P8: TODAY | Q8: TODATE | R8: TODAY | S8: TODATE | T8: TODAY | U8: TODATE | V8: TODAY | W8: TODATE | X8: TODAY | Y8: TODATE | Z8: TODAY | AA8: TODATE | AB8: TODAY | AC8: TODATE | AD8: TODAY | AE8: TODATE | AF8: TODAY | AG8: TODATE | AH8: TODAY | AI8: TODATE | AJ8: TODAY | AK8: TODATE | AL8: TODAY | AM8: TODATE | AN8: TODAY | AO8: TODATE | AP8: TODAY | AQ8: TODATE | AR8: TODAY | AS8: TODATE | AT8: TODAY | AU8: TODATE | AV8: TODAY | AW8: TODATE | AX8: TODAY | AY8: TODATE | AZ8: TODAY | BA8: TODATE | BB8: TODAY | BC8: TODATE | BE8: TODAY | BF8: TODATE | BG8: TODAY | BH8: TODATE
A9: 46082 | B9: Toilet | C9: 15 | D9: =+'1'!F42 -> 1127.8646 | E9: =+'1'!G42 -> 932.31562 | F9: =1-(E9/D9) -> 0.17337982 | G9: =+P9/N9 -> 0.97055379 | H9: =+P9/L9 -> 0.95602904 | I9: =+R9/P9 -> 1.1217561 | J9: =+R9/L9 -> 1.0724314 | K9: =+S9/M9 -> 1.0724314 | L9: =+Efficiency1!K6 -> 52.438784 | M9: =L9 -> 52.438784 | N9: =+Efficiency1!C6 -> 51.654015 | O9: =N9 -> 51.654015 | P9: ='1'!I38 -> 50.133 | Q9: =P9 -> 50.133 | R9: ='1'!I40 -> 56.237 | S9: =R9 -> 56.237 | T9: =+[1]Report1!AZ9 -> 3735.0527 | U9: =T9 -> 3735.0527 | V9: =T9/P9 -> 74.502876 | W9: =U9/Q9 -> 74.502876 | X9: =IF(AND(R9>0,T9>0),(T9/(R9*1000))*1000,0) -> 66.416286 | Y9: =IF(AND(S9>0,U9>0),U9/S9,0) -> 66.416286 | Z9: 100.8 | AA9: =Z9 -> 100.8 | AB9: =Z9/(P9) -> 2.0106517 | AC9: =AA9/(Q9) -> 2.0106517 | AD9: =IF(AND(R9>0,Z9>0),Z9/(R9),0) -> 1.7924142 | AE9: =IF(AND(S9>0,AA9>0),AA9/(S9),0) -> 1.7924142 | AF9: 0 | AG9: =AF9 -> 0 | AH9: =AF9/(P9) -> 0 | AI9: =AG9/(Q9) -> 0 | AJ9: =IF(AND(R9>0,AF9>0),AF9/(R9),0) -> 0 | AK9: =IF(AND(S9>0,AG9>0),AG9/(S9),0) -> 0 | AL9: ='1'!I46 -> 39310.92 | AM9: =AL9 -> 39310.92 | AN9: =IF(AND(L9>0,AL9>0),(AL9/(P9*1000)*1000),0) -> 784.13261 | AO9: =IF(AND(M9>0,AM9>0),(AM9/(Q9*1000)*1000),0) -> 784.13261 | AP9: =IF(AND(R9>0,AL9>0),(AL9/(R9*1000)*1000),0) -> 699.02235 | AQ9: =IF(AND(S9>0,AM9>0),(AM9/(S9*1000)*1000),0) -> 699.02235 | AR9: =+Listrik!AA8 -> 30967.4 | AS9: =AR9 -> 30967.4 | AT9: =IF(AND(L9>0,AR9>0),(AR9/(P9*1000)*1000),0) -> 617.7049 | AU9: =IF(AND(M9>0,AS9>0),(AS9/(Q9*1000)*1000),0) -> 617.7049 | AV9: =IF(AND(R9>0,AR9>0),(AR9/(R9*1000)*1000),0) -> 550.65882 | AW9: =IF(AND(S9>0,AS9>0),(AS9/(S9*1000)*1000),0) -> 550.65882 | AX9: 0 | AY9: =AX9 -> 0 | AZ9: =IF(AND(L9>0,AX9>0),(AX9/(P9*1000)*1000),0) -> 0 | BA9: =IF(AND(M9>0,AY9>0),(AY9/(Q9*1000)*1000),0) -> 0 | BB9: =IF(AND(R9>0,AX9>0),(AX9/(R9*1000)*1000),0) -> 0 | BC9: =IF(AND(S9>0,AY9>0),(AY9/(S9*1000)*1000),0) -> 0 | BE9: =+Efficiency2!K6 -> 52.438784 | BF9: =BE9 -> 52.438784 | BG9: =+R9/BE9 -> 1.0724314 | BH9: =+S9/BF9 -> 1.0724314
A10: =A9+1 -> 46083 | B10: Toilet | C10: 15 | D10: =+'2'!F42 -> 1124.6504 | E10: =+'2'!G42 -> 955.95286 | F10: =1-(E10/D10) -> 0.15 | G10: =+P10/N10 -> 0.98507254 | H10: =+P10/L10 -> 0.98507254 | I10: =+R10/P10 -> 1.0049834 | J10: =+R10/L10 -> 0.98998157 | K10: =+S10/M10 -> 1.0310012 | L10: =+Efficiency1!K10 -> 52.963612 | M10: =M9+L10 -> 105.4024 | N10: =+Efficiency1!C10 -> 52.963612 | O10: =O9+N10 -> 104.61763 | P10: ='2'!I38 -> 52.173 | Q10: =Q9+P10 -> 102.306 | R10: ='2'!I40 -> 52.433 | S10: =S9+R10 -> 108.67 | T10: =+[1]Report1!AZ10 -> 3946.6675 | U10: =T10+U9 -> 7681.7202 | V10: =T10/P10 -> 75.645785 | W10: =U10/Q10 -> 75.085725 | X10: =IF(AND(R10>0,T10>0),(T10/(R10*1000))*1000,0) -> 75.270679 | Y10: =IF(AND(S10>0,U10>0),U10/S10,0) -> 70.688509 | Z10: 99.2 | AA10: =Z10+AA9 -> 200 | AB10: =Z10/(P10) -> 1.9013666 | AC10: =AA10/(Q10) -> 1.9549196 | AD10: =IF(AND(R10>0,Z10>0),Z10/(R10),0) -> 1.8919383 | AE10: =IF(AND(S10>0,AA10>0),AA10/(S10),0) -> 1.8404343 | AF10: 0 | AG10: =+AF10+AG9 -> 0 | AH10: =AF10/(P10) -> 0 | AI10: =AG10/(Q10) -> 0 | AJ10: =IF(AND(R10>0,AF10>0),AF10/(R10),0) -> 0 | AK10: =IF(AND(S10>0,AG10>0),AG10/(S10),0) -> 0 | AL10: ='2'!I46 -> 36966.385 | AM10: =AL10+AM9 -> 76277.305 | AN10: =IF(AND(L10>0,AL10>0),(AL10/(P10*1000)*1000),0) -> 708.53478 | AO10: =IF(AND(M10>0,AM10>0),(AM10/(Q10*1000)*1000),0) -> 745.57998 | AP10: =IF(AND(R10>0,AL10>0),(AL10/(R10*1000)*1000),0) -> 705.02136 | AQ10: =IF(AND(S10>0,AM10>0),(AM10/(S10*1000)*1000),0) -> 701.91686 | AR10: =+Listrik!AA9 -> 29196 | AS10: =AR10+AS9 -> 60163.4 | AT10: =IF(AND(L10>0,AR10>0),(AR10/(P10*1000)*1000),0) -> 559.59979 | AU10: =IF(AND(M10>0,AS10>0),(AS10/(Q10*1000)*1000),0) -> 588.07304 | AV10: =IF(AND(R10>0,AR10>0),(AR10/(R10*1000)*1000),0) -> 556.8249 | AW10: =IF(AND(S10>0,AS10>0),(AS10/(S10*1000)*1000),0) -> 553.63394 | AX10: 0 | AY10: =AX10+AY9 -> 0 | AZ10: =IF(AND(L10>0,AX10>0),(AX10/(P10*1000)*1000),0) -> 0 | BA10: =IF(AND(M10>0,AY10>0),(AY10/(Q10*1000)*1000),0) -> 0 | BB10: =IF(AND(R10>0,AX10>0),(AX10/(R10*1000)*1000),0) -> 0 | BC10: =IF(AND(S10>0,AY10>0),(AY10/(S10*1000)*1000),0) -> 0 | BE10: =+Efficiency2!K10 -> 52.963612 | BF10: =BF9+BE10 -> 105.4024 | BG10: =+R10/BE10 -> 0.98998157 | BH10: =+S10/BF10 -> 1.0310012
A11: =A10+1 -> 46084 | B11: Toilet | C11: 15 | D11: =+'3'!F42 -> 1125 | E11: =+'3'!G42 -> 945 | F11: =1-(E11/D11) -> 0.16 | G11: =+P11/N11 -> 1.0134127 | H11: =+P11/L11 -> 1.0134127 | I11: =+R11/P11 -> 0.92948169 | J11: =+R11/L11 -> 0.94194859 | K11: =+S11/M11 -> 1.0012186 | L11: =+Efficiency1!K14 -> 52.963612 | M11: =M10+L11 -> 158.36601 | N11: =+Efficiency1!C14 -> 52.963612 | O11: =O10+N11 -> 157.58124 | P11: ='3'!I38 -> 53.674 | Q11: =Q10+P11 -> 155.98 | R11: ='3'!I40 -> 49.889 | S11: =S10+R11 -> 158.559 | T11: =+[1]Report1!AZ11 -> 3635.0489 | U11: =T11+U10 -> 11316.769 | V11: =T11/P11 -> 67.724577 | W11: =U11/Q11 -> 72.552694 | X11: =IF(AND(R11>0,T11>0),(T11/(R11*1000))*1000,0) -> 72.862734 | Y11: =IF(AND(S11>0,U11>0),U11/S11,0) -> 71.372607 | Z11: 100.36 | AA11: =Z11+AA10 -> 300.36 | AB11: =Z11/(P11) -> 1.8698066 | AC11: =AA11/(Q11) -> 1.9256315 | AD11: =IF(AND(R11>0,Z11>0),Z11/(R11),0) -> 2.0116659 | AE11: =IF(AND(S11>0,AA11>0),AA11/(S11),0) -> 1.8943106 | AG11: =+AF11+AG10 -> 0 | AH11: =AF11/(P11) -> 0 | AI11: =AG11/(Q11) -> 0 | AJ11: =IF(AND(R11>0,AF11>0),AF11/(R11),0) -> 0 | AK11: =IF(AND(S11>0,AG11>0),AG11/(S11),0) -> 0 | AL11: ='3'!I46 -> 35761.525 | AM11: =AL11+AM10 -> 112038.83 | AN11: =IF(AND(L11>0,AL11>0),(AL11/(P11*1000)*1000),0) -> 666.27279 | AO11: =IF(AND(M11>0,AM11>0),(AM11/(Q11*1000)*1000),0) -> 718.28972 | AP11: =IF(AND(R11>0,AL11>0),(AL11/(R11*1000)*1000),0) -> 716.82185 | AQ11: =IF(AND(S11>0,AM11>0),(AM11/(S11*1000)*1000),0) -> 706.60657 | AR11: =+Listrik!AA10 -> 21611 | AS11: =AR11+AS10 -> 81774.4 | AT11: =IF(AND(L11>0,AR11>0),(AR11/(P11*1000)*1000),0) -> 402.63442 | AU11: =IF(AND(M11>0,AS11>0),(AS11/(Q11*1000)*1000),0) -> 524.26208 | AV11: =IF(AND(R11>0,AR11>0),(AR11/(R11*1000)*1000),0) -> 433.18166 | AW11: =IF(AND(S11>0,AS11>0),(AS11/(S11*1000)*1000),0) -> 515.73484 | AX11: 0 | AY11: =AX11+AY10 -> 0 | AZ11: =IF(AND(L11>0,AX11>0),(AX11/(P11*1000)*1000),0) -> 0 | BA11: =IF(AND(M11>0,AY11>0),(AY11/(Q11*1000)*1000),0) -> 0 | BB11: =IF(AND(R11>0,AX11>0),(AX11/(R11*1000)*1000),0) -> 0 | BC11: =IF(AND(S11>0,AY11>0),(AY11/(S11*1000)*1000),0) -> 0 | BE11: =+Efficiency1!K14 -> 52.963612 | BF11: =BF10+BE11 -> 158.36601 | BG11: =+R11/BE11 -> 0.94194859 | BH11: =+S11/BF11 -> 1.0012186
A12: =A11+1 -> 46085 | B12: Toilet | C12: 15/14,5 | D12: =+'4'!F42 -> 1108.196 | E12: =+'4'!G42 -> 930.88462 | F12: =1-(E12/D12) -> 0.16 | G12: =+P12/N12 -> 0.70984923 | H12: =+P12/L12 -> 0.67601328 | I12: =+R12/P12 -> 1.0475738 | J12: =+R12/L12 -> 0.70817379 | K12: =+S12/M12 -> 0.92463319 | L12: =+SUM(Efficiency1!K18:K19) -> 56.031444 | M12: =M11+L12 -> 214.39745 | N12: =+SUM(Efficiency1!C18:C19) -> 53.360627 | O12: =O11+N12 -> 210.94187 | P12: ='4'!I38 -> 37.878 | Q12: =Q11+P12 -> 193.858 | R12: ='4'!I40 -> 39.68 | S12: =S11+R12 -> 198.239 | T12: =+[1]Report1!AZ12 -> 3119.1602 | U12: =T12+U11 -> 14435.929 | V12: =T12/P12 -> 82.347542 | W12: =U12/Q12 -> 74.466513 | X12: =IF(AND(R12>0,T12>0),(T12/(R12*1000))*1000,0) -> 78.607867 | Y12: =IF(AND(S12>0,U12>0),U12/S12,0) -> 72.820834 | Z12: 81.4 | AA12: =Z12+AA11 -> 381.76 | AB12: =Z12/(P12) -> 2.1490047 | AC12: =AA12/(Q12) -> 1.9692765 | AD12: =IF(AND(R12>0,Z12>0),Z12/(R12),0) -> 2.0514113 | AE12: =IF(AND(S12>0,AA12>0),AA12/(S12),0) -> 1.9257563 | AG12: =+AF12+AG11 -> 0 | AH12: =AF12/(P12) -> 0 | AI12: =AG12/(Q12) -> 0 | AJ12: =IF(AND(R12>0,AF12>0),AF12/(R12),0) -> 0 | AK12: =IF(AND(S12>0,AG12>0),AG12/(S12),0) -> 0 | AL12: ='4'!I46 -> 30472.534 | AM12: =AL12+AM11 -> 142511.36 | AN12: =IF(AND(L12>0,AL12>0),(AL12/(P12*1000)*1000),0) -> 804.49163 | AO12: =IF(AND(M12>0,AM12>0),(AM12/(Q12*1000)*1000),0) -> 735.13275 | AP12: =IF(AND(R12>0,AL12>0),(AL12/(R12*1000)*1000),0) -> 767.95701 | AQ12: =IF(AND(S12>0,AM12>0),(AM12/(S12*1000)*1000),0) -> 718.88662 | AR12: =+Listrik!AA11 -> 18324.901 | AS12: =AR12+AS11 -> 100099.3 | AT12: =IF(AND(L12>0,AR12>0),(AR12/(P12*1000)*1000),0) -> 483.78745 | AU12: =IF(AND(M12>0,AS12>0),(AS12/(Q12*1000)*1000),0) -> 516.35373 | AV12: =IF(AND(R12>0,AR12>0),(AR12/(R12*1000)*1000),0) -> 461.81706 | AW12: =IF(AND(S12>0,AS12>0),(AS12/(S12*1000)*1000),0) -> 504.94252 | AX12: 0 | AY12: =AX12+AY11 -> 0 | AZ12: =IF(AND(L12>0,AX12>0),(AX12/(P12*1000)*1000),0) -> 0 | BA12: =IF(AND(M12>0,AY12>0),(AY12/(Q12*1000)*1000),0) -> 0 | BB12: =IF(AND(R12>0,AX12>0),(AX12/(R12*1000)*1000),0) -> 0 | BC12: =IF(AND(S12>0,AY12>0),(AY12/(S12*1000)*1000),0) -> 0 | BE12: =+SUM(Efficiency2!K18:K19) -> 49.592868 | BF12: =BF11+BE12 -> 207.95888 | BG12: =+R12/BE12 -> 0.80011505 | BH12: =+S12/BF12 -> 0.95326058
A13: =A12+1 -> 46086 | B13: Toilet | C13: 14,5 | D13: =+'5'!F42 -> 1150 | E13: =+'5'!G42 -> 966 | F13: =1-(E13/D13) -> 0.16 | G13: =+P13/N13 -> 0.94966947 | H13: =+P13/L13 -> 0.93744196 | I13: =+R13/P13 -> 1.0285139 | J13: =+R13/L13 -> 0.96417212 | K13: =+S13/M13 -> 0.93284395 | L13: =+Efficiency1!K25 -> 56.191212 | M13: =M12+L13 -> 270.58866 | N13: =+Efficiency1!C25 -> 55.46772 | O13: =O12+N13 -> 266.40959 | P13: ='5'!I38 -> 52.676 | Q13: =Q12+P13 -> 246.534 | R13: ='5'!I40 -> 54.178 | S13: =S12+R13 -> 252.417 | T13: =+[1]Report1!AZ13 -> 3824.0561 | U13: =T13+U12 -> 18259.985 | V13: =T13/P13 -> 72.595796 | W13: =U13/Q13 -> 74.066804 | X13: =IF(AND(R13>0,T13>0),(T13/(R13*1000))*1000,0) -> 70.583191 | Y13: =IF(AND(S13>0,U13>0),U13/S13,0) -> 72.340553 | Z13: 96.2 | AA13: =Z13+AA12 -> 477.96 | AB13: =Z13/(P13) -> 1.8262586 | AC13: =AA13/(Q13) -> 1.9387184 | AD13: =IF(AND(R13>0,Z13>0),Z13/(R13),0) -> 1.7756285 | AE13: =IF(AND(S13>0,AA13>0),AA13/(S13),0) -> 1.8935333 | AG13: =+AF13+AG12 -> 0 | AH13: =AF13/(P13) -> 0 | AI13: =AG13/(Q13) -> 0 | AJ13: =IF(AND(R13>0,AF13>0),AF13/(R13),0) -> 0 | AK13: =IF(AND(S13>0,AG13>0),AG13/(S13),0) -> 0 | AL13: ='5'!I46 -> 37494.221 | AM13: =AL13+AM12 -> 180005.59 | AN13: =IF(AND(L13>0,AL13>0),(AL13/(P13*1000)*1000),0) -> 711.78946 | AO13: =IF(AND(M13>0,AM13>0),(AM13/(Q13*1000)*1000),0) -> 730.14507 | AP13: =IF(AND(R13>0,AL13>0),(AL13/(R13*1000)*1000),0) -> 692.05621 | AQ13: =IF(AND(S13>0,AM13>0),(AM13/(S13*1000)*1000),0) -> 713.12782 | AR13: =+Listrik!AA12 -> 23445.415 | AS13: =AR13+AS12 -> 123544.72 | AT13: =IF(AND(L13>0,AR13>0),(AR13/(P13*1000)*1000),0) -> 445.08723 | AU13: =IF(AND(M13>0,AS13>0),(AS13/(Q13*1000)*1000),0) -> 501.12648 | AV13: =IF(AND(R13>0,AR13>0),(AR13/(R13*1000)*1000),0) -> 432.74789 | AW13: =IF(AND(S13>0,AS13>0),(AS13/(S13*1000)*1000),0) -> 489.44689 | AX13: 0 | AY13: =AX13+AY12 -> 0 | AZ13: =IF(AND(L13>0,AX13>0),(AX13/(P13*1000)*1000),0) -> 0 | BA13: =IF(AND(M13>0,AY13>0),(AY13/(Q13*1000)*1000),0) -> 0 | BB13: =IF(AND(R13>0,AX13>0),(AX13/(R13*1000)*1000),0) -> 0 | BC13: =IF(AND(S13>0,AY13>0),(AY13/(S13*1000)*1000),0) -> 0 | BE13: =+Efficiency2!K25 -> 56.191212 | BF13: =BF12+BE13 -> 264.15009 | BG13: =+R13/BE13 -> 0.96417212 | BH13: =+S13/BF13 -> 0.95558174
A14: =A13+1 -> 46087 | B14: Toilet | C14: 14,5/15 | D14: =+'6'!F42 -> 1134.9451 | E14: =+'6'!G42 -> 953.35385 | F14: =1-(E14/D14) -> 0.16 | G14: =+P14/N14 -> 0.63123121 | H14: =+P14/L14 -> 0.62988869 | I14: =+R14/P14 -> 0.98611111 | J14: =+R14/L14 -> 0.62114024 | K14: =+S14/M14 -> 0.88166799 | L14: =+SUM(Efficiency1!K29:K30) -> 53.152248 | M14: =M13+L14 -> 323.74091 | N14: =+SUM(Efficiency1!C29:C30) -> 53.039202 | O14: =O13+N14 -> 319.44879 | P14: ='6'!I38 -> 33.48 | Q14: =Q13+P14 -> 280.014 | R14: ='6'!I40 -> 33.015 | S14: =S13+R14 -> 285.432 | T14: =+[1]Report1!AZ14 -> 2068.6607 | U14: =T14+U13 -> 20328.646 | V14: =T14/P14 -> 61.787954 | W14: =U14/Q14 -> 72.598678 | X14: =IF(AND(R14>0,T14>0),(T14/(R14*1000))*1000,0) -> 62.658207 | Y14: =IF(AND(S14>0,U14>0),U14/S14,0) -> 71.220628 | Z14: 63.6 | AA14: =Z14+AA13 -> 541.56 | AB14: =Z14/(P14) -> 1.8996416 | AC14: =AA14/(Q14) -> 1.9340462 | AD14: =IF(AND(R14>0,Z14>0),Z14/(R14),0) -> 1.9263971 | AE14: =IF(AND(S14>0,AA14>0),AA14/(S14),0) -> 1.8973346 | AG14: =+AF14+AG13 -> 0 | AH14: =AF14/(P14) -> 0 | AI14: =AG14/(Q14) -> 0 | AJ14: =IF(AND(R14>0,AF14>0),AF14/(R14),0) -> 0 | AK14: =IF(AND(S14>0,AG14>0),AG14/(S14),0) -> 0 | AL14: ='6'!I46 -> 27123.787 | AM14: =AL14+AM13 -> 207129.37 | AN14: =IF(AND(L14>0,AL14>0),(AL14/(P14*1000)*1000),0) -> 810.14895 | AO14: =IF(AND(M14>0,AM14>0),(AM14/(Q14*1000)*1000),0) -> 739.71077 | AP14: =IF(AND(R14>0,AL14>0),(AL14/(R14*1000)*1000),0) -> 821.5595 | AQ14: =IF(AND(S14>0,AM14>0),(AM14/(S14*1000)*1000),0) -> 725.66977 | AR14: =+Listrik!AA13 -> 20592.308 | AS14: =AR14+AS13 -> 144137.02 | AT14: =IF(AND(L14>0,AR14>0),(AR14/(P14*1000)*1000),0) -> 615.06296 | AU14: =IF(AND(M14>0,AS14>0),(AS14/(Q14*1000)*1000),0) -> 514.74935 | AV14: =IF(AND(R14>0,AR14>0),(AR14/(R14*1000)*1000),0) -> 623.72582 | AW14: =IF(AND(S14>0,AS14>0),(AS14/(S14*1000)*1000),0) -> 504.9785 | AX14: 0 | AY14: =AX14+AY13 -> 0 | AZ14: =IF(AND(L14>0,AX14>0),(AX14/(P14*1000)*1000),0) -> 0 | BA14: =IF(AND(M14>0,AY14>0),(AY14/(Q14*1000)*1000),0) -> 0 | BB14: =IF(AND(R14>0,AX14>0),(AX14/(R14*1000)*1000),0) -> 0 | BC14: =IF(AND(S14>0,AY14>0),(AY14/(S14*1000)*1000),0) -> 0 | BE14: =+SUM(Efficiency2!K29:K30) -> 33.796399 | BF14: =BF13+BE14 -> 297.94649 | BG14: =+R14/BE14 -> 0.97687923 | BH14: =+S14/BF14 -> 0.95799753
A15: =A14+1 -> 46088 | B15: Toilet | C15: 15 | D15: =+'7'!F42 -> 1149.5101 | E15: =+'7'!G42 -> 942.59829 | F15: =1-(E15/D15) -> 0.18 | G15: =+P15/N15 -> 0.89292766 | H15: =+P15/L15 -> 0.89254728 | I15: =+R15/P15 -> 0.82183908 | J15: =+R15/L15 -> 0.73353023 | K15: =+S15/M15 -> 0.86108323 | L15: =+Efficiency1!K34 -> 52.245972 | M15: =M14+L15 -> 375.98688 | N15: =+Efficiency1!C34 -> 52.223716 | O15: =O14+N15 -> 371.6725 | P15: ='7'!I38 -> 46.632 | Q15: =Q14+P15 -> 326.646 | R15: ='7'!I40 -> 38.324 | S15: =S14+R15 -> 323.756 | T15: =+[1]Report1!AZ15 -> 3997.8692 | U15: =T15+U14 -> 24326.515 | V15: =T15/P15 -> 85.732312 | W15: =U15/Q15 -> 74.473636 | X15: =IF(AND(R15>0,T15>0),(T15/(R15*1000))*1000,0) -> 104.31764 | Y15: =IF(AND(S15>0,U15>0),U15/S15,0) -> 75.138423 | Z15: 94.3 | AA15: =Z15+AA14 -> 635.86 | AB15: =Z15/(P15) -> 2.0222165 | AC15: =AA15/(Q15) -> 1.9466334 | AD15: =IF(AND(R15>0,Z15>0),Z15/(R15),0) -> 2.4605991 | AE15: =IF(AND(S15>0,AA15>0),AA15/(S15),0) -> 1.9640099 | AG15: =+AF15+AG14 -> 0 | AH15: =AF15/(P15) -> 0 | AI15: =AG15/(Q15) -> 0 | AJ15: =IF(AND(R15>0,AF15>0),AF15/(R15),0) -> 0 | AK15: =IF(AND(S15>0,AG15>0),AG15/(S15),0) -> 0 | AL15: ='7'!I46 -> 36777.095 | AM15: =AL15+AM14 -> 243906.47 | AN15: =IF(AND(L15>0,AL15>0),(AL15/(P15*1000)*1000),0) -> 788.66646 | AO15: =IF(AND(M15>0,AM15>0),(AM15/(Q15*1000)*1000),0) -> 746.69969 | AP15: =IF(AND(R15>0,AL15>0),(AL15/(R15*1000)*1000),0) -> 959.63612 | AQ15: =IF(AND(S15>0,AM15>0),(AM15/(S15*1000)*1000),0) -> 753.36509 | AR15: =+Listrik!AA14 -> 19486.9 | AS15: =AR15+AS14 -> 163623.92 | AT15: =IF(AND(L15>0,AR15>0),(AR15/(P15*1000)*1000),0) -> 417.88686 | AU15: =IF(AND(M15>0,AS15>0),(AS15/(Q15*1000)*1000),0) -> 500.92125 | AV15: =IF(AND(R15>0,AR15>0),(AR15/(R15*1000)*1000),0) -> 508.47772 | AW15: =IF(AND(S15>0,AS15>0),(AS15/(S15*1000)*1000),0) -> 505.39272 | AX15: 0 | AY15: =AX15+AY14 -> 0 | AZ15: =IF(AND(L15>0,AX15>0),(AX15/(P15*1000)*1000),0) -> 0 | BA15: =IF(AND(M15>0,AY15>0),(AY15/(Q15*1000)*1000),0) -> 0 | BB15: =IF(AND(R15>0,AX15>0),(AX15/(R15*1000)*1000),0) -> 0 | BC15: =IF(AND(S15>0,AY15>0),(AY15/(S15*1000)*1000),0) -> 0 | BE15: =+Efficiency2!K34 -> 46.658556 | BF15: =BF14+BE15 -> 344.60504 | BG15: =+R15/BE15 -> 0.82137133 | BH15: =+S15/BF15 -> 0.93949873
A16: =A15+1 -> 46089 | B16: Toilet | C16: 15 | D16: =+'8'!F42 -> 1148.4375 | E16: =+'8'!G42 -> 941.71875 | F16: =1-(E16/D16) -> 0.18 | G16: =+P16/N16 -> 1.0028944 | H16: =+P16/L16 -> 1.0015318 | I16: =+R16/P16 -> 0.8850667 | J16: =+R16/L16 -> 0.8864224 | K16: =+S16/M16 -> 0.8641747 | L16: =+Efficiency1!K40 -> 52.245972 | M16: =M15+L16 -> 428.23286 | N16: =+Efficiency1!C40 -> 52.174986 | O16: =O15+N16 -> 423.84749 | P16: ='8'!I38 -> 52.326 | Q16: =Q15+P16 -> 378.972 | R16: ='8'!I40 -> 46.312 | S16: =S15+R16 -> 370.068 | T16: =+[1]Report1!AZ16 -> 3559.8694 | U16: =T16+U15 -> 27886.385 | V16: =T16/P16 -> 68.032516 | W16: =U16/Q16 -> 73.584288 | X16: =IF(AND(R16>0,T16>0),(T16/(R16*1000))*1000,0) -> 76.867107 | Y16: =IF(AND(S16>0,U16>0),U16/S16,0) -> 75.354759 | Z16: 99.6 | AA16: =Z16+AA15 -> 735.46 | AB16: =Z16/(P16) -> 1.9034514 | AC16: =AA16/(Q16) -> 1.9406711 | AD16: =IF(AND(R16>0,Z16>0),Z16/(R16),0) -> 2.1506305 | AE16: =IF(AND(S16>0,AA16>0),AA16/(S16),0) -> 1.9873645 | AG16: =+AF16+AG15 -> 0 | AH16: =AF16/(P16) -> 0 | AI16: =AG16/(Q16) -> 0 | AJ16: =IF(AND(R16>0,AF16>0),AF16/(R16),0) -> 0 | AK16: =IF(AND(S16>0,AG16>0),AG16/(S16),0) -> 0 | AL16: ='8'!I46 -> 37494.252 | AM16: =AL16+AM15 -> 281400.72 | AN16: =IF(AND(L16>0,AL16>0),(AL16/(P16*1000)*1000),0) -> 716.55109 | AO16: =IF(AND(M16>0,AM16>0),(AM16/(Q16*1000)*1000),0) -> 742.53697 | AP16: =IF(AND(R16>0,AL16>0),(AL16/(R16*1000)*1000),0) -> 809.60124 | AQ16: =IF(AND(S16>0,AM16>0),(AM16/(S16*1000)*1000),0) -> 760.40274 | AR16: =+Listrik!AA15 -> 26268.044 | AS16: =AR16+AS15 -> 189891.97 | AT16: =IF(AND(L16>0,AR16>0),(AR16/(P16*1000)*1000),0) -> 502.00749 | AU16: =IF(AND(M16>0,AS16>0),(AS16/(Q16*1000)*1000),0) -> 501.07123 | AV16: =IF(AND(R16>0,AR16>0),(AR16/(R16*1000)*1000),0) -> 567.19736 | AW16: =IF(AND(S16>0,AS16>0),(AS16/(S16*1000)*1000),0) -> 513.12723 | AX16: 0 | AY16: =AX16+AY15 -> 0 | AZ16: =IF(AND(L16>0,AX16>0),(AX16/(P16*1000)*1000),0) -> 0 | BA16: =IF(AND(M16>0,AY16>0),(AY16/(Q16*1000)*1000),0) -> 0 | BB16: =IF(AND(R16>0,AX16>0),(AX16/(R16*1000)*1000),0) -> 0 | BC16: =IF(AND(S16>0,AY16>0),(AY16/(S16*1000)*1000),0) -> 0 | BE16: =+Efficiency2!K40 -> 52.245972 | BF16: =BF15+BE16 -> 396.85101 | BG16: =+R16/BE16 -> 0.8864224 | BH16: =+S16/BF16 -> 0.93251116
A17: =A16+1 -> 46090 | B17: Toilet | C17: 15/14,5 | D17: =+'9'!F42 -> 1150 | E17: =+'9'!G42 -> 943 | F17: =1-(E17/D17) -> 0.18 | G17: =+P17/N17 -> 1.034309 | H17: =+P17/L17 -> 1.0036291 | I17: =+R17/P17 -> 1.2008106 | J17: =+R17/L17 -> 1.2051685 | K17: =+S17/M17 -> 0.90333365 | L17: =+SUM(Efficiency1!K44:K45) -> 55.557378 | M17: =M16+L17 -> 483.79023 | N17: =+SUM(Efficiency1!C44:C45) -> 53.909424 | O17: =O16+N17 -> 477.75691 | P17: ='9'!I38 -> 55.759 | Q17: =Q16+P17 -> 434.731 | R17: ='9'!I40 -> 66.956 | S17: =S16+R17 -> 437.024 | T17: =+[1]Report1!AZ17 -> 3851.5604 | U17: =T17+U16 -> 31737.945 | V17: =T17/P17 -> 69.075134 | W17: =U17/Q17 -> 73.00594 | X17: =IF(AND(R17>0,T17>0),(T17/(R17*1000))*1000,0) -> 57.523753 | Y17: =IF(AND(S17>0,U17>0),U17/S17,0) -> 72.622888 | Z17: 96.6 | AA17: =Z17+AA16 -> 832.06 | AB17: =Z17/(P17) -> 1.7324557 | AC17: =AA17/(Q17) -> 1.9139652 | AD17: =IF(AND(R17>0,Z17>0),Z17/(R17),0) -> 1.4427385 | AE17: =IF(AND(S17>0,AA17>0),AA17/(S17),0) -> 1.9039229 | AG17: =+AF17+AG16 -> 0 | AH17: =AF17/(P17) -> 0 | AI17: =AG17/(Q17) -> 0 | AJ17: =IF(AND(R17>0,AF17>0),AF17/(R17),0) -> 0 | AK17: =IF(AND(S17>0,AG17>0),AG17/(S17),0) -> 0 | AL17: ='9'!I46 -> 44055.334 | AM17: =AL17+AM16 -> 325456.05 | AN17: =IF(AND(L17>0,AL17>0),(AL17/(P17*1000)*1000),0) -> 790.10266 | AO17: =IF(AND(M17>0,AM17>0),(AM17/(Q17*1000)*1000),0) -> 748.63779 | AP17: =IF(AND(R17>0,AL17>0),(AL17/(R17*1000)*1000),0) -> 657.97441 | AQ17: =IF(AND(S17>0,AM17>0),(AM17/(S17*1000)*1000),0) -> 744.7098 | AR17: =+Listrik!AA16 -> 23221.706 | AS17: =AR17+AS16 -> 213113.67 | AT17: =IF(AND(L17>0,AR17>0),(AR17/(P17*1000)*1000),0) -> 416.46561 | AU17: =IF(AND(M17>0,AS17>0),(AS17/(Q17*1000)*1000),0) -> 490.21964 | AV17: =IF(AND(R17>0,AR17>0),(AR17/(R17*1000)*1000),0) -> 346.82039 | AW17: =IF(AND(S17>0,AS17>0),(AS17/(S17*1000)*1000),0) -> 487.64753 | AX17: 0 | AY17: =AX17+AY16 -> 0 | AZ17: =IF(AND(L17>0,AX17>0),(AX17/(P17*1000)*1000),0) -> 0 | BA17: =IF(AND(M17>0,AY17>0),(AY17/(Q17*1000)*1000),0) -> 0 | BB17: =IF(AND(R17>0,AX17>0),(AX17/(R17*1000)*1000),0) -> 0 | BC17: =IF(AND(S17>0,AY17>0),(AY17/(S17*1000)*1000),0) -> 0 | BE17: =+SUM(Efficiency2!K44:K45) -> 55.557378 | BF17: =BF16+BE17 -> 452.40839 | BG17: =+R17/BE17 -> 1.2051685 | BH17: =+S17/BF17 -> 0.96599446
A18: =A17+1 -> 46091 | B18: Toilet | C18: 14,5 | D18: =+'10'!F42 -> 1150 | E18: =+'10'!G42 -> 943 | F18: =1-(E18/D18) -> 0.18 | G18: =+P18/N18 -> 1.0553112 | H18: =+P18/L18 -> 1.0198386 | I18: =+R18/P18 -> 0.96837703 | J18: =+R18/L18 -> 0.98758825 | K18: =+S18/M18 -> 0.91207882 | L18: =+Efficiency1!K48 -> 56.030436 | M18: =M17+L18 -> 539.82067 | N18: =+Efficiency1!C48 -> 54.14706 | O18: =O17+N18 -> 531.90397 | P18: ='10'!I38 -> 57.142 | Q18: =Q17+P18 -> 491.873 | R18: ='10'!I40 -> 55.335 | S18: =S17+R18 -> 492.359 | T18: =+[1]Report1!AZ18 -> 3763.2663 | U18: =T18+U17 -> 35501.211 | V18: =T18/P18 -> 65.858148 | W18: =U18/Q18 -> 72.175565 | X18: =IF(AND(R18>0,T18>0),(T18/(R18*1000))*1000,0) -> 68.008788 | Y18: =IF(AND(S18>0,U18>0),U18/S18,0) -> 72.104321 | Z18: 97.9 | AA18: =Z18+AA17 -> 929.96 | AB18: =Z18/(P18) -> 1.7132757 | AC18: =AA18/(Q18) -> 1.8906506 | AD18: =IF(AND(R18>0,Z18>0),Z18/(R18),0) -> 1.7692238 | AE18: =IF(AND(S18>0,AA18>0),AA18/(S18),0) -> 1.8887844 | AG18: =+AF18+AG17 -> 0 | AH18: =AF18/(P18) -> 0 | AI18: =AG18/(Q18) -> 0 | AJ18: =IF(AND(R18>0,AF18>0),AF18/(R18),0) -> 0 | AK18: =IF(AND(S18>0,AG18>0),AG18/(S18),0) -> 0 | AL18: ='10'!I46 -> 41034.571 | AM18: =AL18+AM17 -> 366490.63 | AN18: =IF(AND(L18>0,AL18>0),(AL18/(P18*1000)*1000),0) -> 718.11577 | AO18: =IF(AND(M18>0,AM18>0),(AM18/(Q18*1000)*1000),0) -> 745.09198 | AP18: =IF(AND(R18>0,AL18>0),(AL18/(R18*1000)*1000),0) -> 741.5663 | AQ18: =IF(AND(S18>0,AM18>0),(AM18/(S18*1000)*1000),0) -> 744.35651 | AR18: =+Listrik!AA17 -> 27725.951 | AS18: =AR18+AS17 -> 240839.62 | AT18: =IF(AND(L18>0,AR18>0),(AR18/(P18*1000)*1000),0) -> 485.21142 | AU18: =IF(AND(M18>0,AS18>0),(AS18/(Q18*1000)*1000),0) -> 489.63782 | AV18: =IF(AND(R18>0,AR18>0),(AR18/(R18*1000)*1000),0) -> 501.05631 | AW18: =IF(AND(S18>0,AS18>0),(AS18/(S18*1000)*1000),0) -> 489.15451 | AX18: 0 | AY18: =AX18+AY17 -> 0 | AZ18: =IF(AND(L18>0,AX18>0),(AX18/(P18*1000)*1000),0) -> 0 | BA18: =IF(AND(M18>0,AY18>0),(AY18/(Q18*1000)*1000),0) -> 0 | BB18: =IF(AND(R18>0,AX18>0),(AX18/(R18*1000)*1000),0) -> 0 | BC18: =IF(AND(S18>0,AY18>0),(AY18/(S18*1000)*1000),0) -> 0 | BE18: =+Efficiency2!K48 -> 56.030436 | BF18: =BF17+BE18 -> 508.43883 | BG18: =+R18/BE18 -> 0.98758825 | BH18: =+S18/BF18 -> 0.96837411
A19: =A18+1 -> 46092 | B19: Toilet | C19: 14,5/15 | D19: =+'11'!F42 -> 1157.2153 | E19: =+'11'!G42 -> 930.88333 | F19: =1-(E19/D19) -> 0.19558327 | G19: =+P19/N19 -> 0.97437023 | H19: =+P19/L19 -> 0.95378482 | I19: =+R19/P19 -> 0.91305893 | J19: =+R19/L19 -> 0.87086175 | K19: =+S19/M19 -> 0.9082009 | L19: =+SUM(Efficiency1!K52:K53) -> 56.064008 | M19: =M18+L19 -> 595.88468 | N19: =+SUM(Efficiency1!C52:C53) -> 54.87955 | O19: =O18+N19 -> 586.78352 | P19: ='11'!I38 -> 53.473 | Q19: =Q18+P19 -> 545.346 | R19: ='11'!I40 -> 48.824 | S19: =S18+R19 -> 541.183 | T19: =+[1]Report1!AZ19 -> 3672.0505 | U19: =T19+U18 -> 39173.262 | V19: =T19/P19 -> 68.671114 | W19: =U19/Q19 -> 71.831942 | X19: =IF(AND(R19>0,T19>0),(T19/(R19*1000))*1000,0) -> 75.209948 | Y19: =IF(AND(S19>0,U19>0),U19/S19,0) -> 72.384502 | Z19: 96.3 | AA19: =Z19+AA18 -> 1026.26 | AB19: =Z19/(P19) -> 1.8009089 | AC19: =AA19/(Q19) -> 1.8818512 | AD19: =IF(AND(R19>0,Z19>0),Z19/(R19),0) -> 1.9723906 | AE19: =IF(AND(S19>0,AA19>0),AA19/(S19),0) -> 1.8963271 | AG19: =+AF19+AG18 -> 0 | AH19: =AF19/(P19) -> 0 | AI19: =AG19/(Q19) -> 0 | AJ19: =IF(AND(R19>0,AF19>0),AF19/(R19),0) -> 0 | AK19: =IF(AND(S19>0,AG19>0),AG19/(S19),0) -> 0 | AL19: ='11'!I46 -> 42059.935 | AM19: =AL19+AM18 -> 408550.56 | AN19: =IF(AND(L19>0,AL19>0),(AL19/(P19*1000)*1000),0) -> 786.56397 | AO19: =IF(AND(M19>0,AM19>0),(AM19/(Q19*1000)*1000),0) -> 749.15844 | AP19: =IF(AND(R19>0,AL19>0),(AL19/(R19*1000)*1000),0) -> 861.46025 | AQ19: =IF(AND(S19>0,AM19>0),(AM19/(S19*1000)*1000),0) -> 754.92128 | AR19: =+Listrik!AA18 -> 25138.049 | AS19: =AR19+AS18 -> 265977.67 | AT19: =IF(AND(L19>0,AR19>0),(AR19/(P19*1000)*1000),0) -> 470.10733 | AU19: =IF(AND(M19>0,AS19>0),(AS19/(Q19*1000)*1000),0) -> 487.72279 | AV19: =IF(AND(R19>0,AR19>0),(AR19/(R19*1000)*1000),0) -> 514.87074 | AW19: =IF(AND(S19>0,AS19>0),(AS19/(S19*1000)*1000),0) -> 491.47455 | AX19: 0 | AY19: =AX19+AY18 -> 0 | AZ19: =IF(AND(L19>0,AX19>0),(AX19/(P19*1000)*1000),0) -> 0 | BA19: =IF(AND(M19>0,AY19>0),(AY19/(Q19*1000)*1000),0) -> 0 | BB19: =IF(AND(R19>0,AX19>0),(AX19/(R19*1000)*1000),0) -> 0 | BC19: =IF(AND(S19>0,AY19>0),(AY19/(S19*1000)*1000),0) -> 0 | BE19: =+SUM(Efficiency2!K52:K53) -> 56.064008 | BF19: =BF18+BE19 -> 564.50284 | BG19: =+R19/BE19 -> 0.87086175 | BH19: =+S19/BF19 -> 0.9586896
A20: =A19+1 -> 46093 | B20: Toilet | C20: 15/14 | D20: =+'12'!F42 -> 1187.5 | E20: =+'12'!G42 -> 954.06667 | F20: =1-(E20/D20) -> 0.19657544 | G20: =+P20/N20 -> 0.97927808 | H20: =+P20/L20 -> 0.9541275 | I20: =+R20/P20 -> 1.008939 | J20: =+R20/L20 -> 0.9626564 | K20: =+S20/M20 -> 0.9128016 | L20: =+SUM(Efficiency1!K56:K57) -> 54.989506 | M20: =M19+L20 -> 650.87418 | N20: =+SUM(Efficiency1!C56:C57) -> 53.577223 | O20: =O19+N20 -> 640.36075 | P20: ='12'!I38 -> 52.467 | Q20: =Q19+P20 -> 597.813 | R20: ='12'!I40 -> 52.936 | S20: =S19+R20 -> 594.119 | T20: =+[1]Report1!AZ20 -> 3690.0664 | U20: =T20+U19 -> 42863.328 | V20: =T20/P20 -> 70.331188 | W20: =U20/Q20 -> 71.700228 | X20: =IF(AND(R20>0,T20>0),(T20/(R20*1000))*1000,0) -> 69.708071 | Y20: =IF(AND(S20>0,U20>0),U20/S20,0) -> 72.146032 | Z20: 95.6 | AA20: =Z20+AA19 -> 1121.86 | AB20: =Z20/(P20) -> 1.8220977 | AC20: =AA20/(Q20) -> 1.8766069 | AD20: =IF(AND(R20>0,Z20>0),Z20/(R20),0) -> 1.8059544 | AE20: =IF(AND(S20>0,AA20>0),AA20/(S20),0) -> 1.8882749 | AG20: =+AF20+AG19 -> 0 | AH20: =AF20/(P20) -> 0 | AI20: =AG20/(Q20) -> 0 | AJ20: =IF(AND(R20>0,AF20>0),AF20/(R20),0) -> 0 | AK20: =IF(AND(S20>0,AG20>0),AG20/(S20),0) -> 0 | AL20: ='12'!I46 -> 40299.71 | AM20: =AL20+AM19 -> 448850.27 | AN20: =IF(AND(L20>0,AL20>0),(AL20/(P20*1000)*1000),0) -> 768.09633 | AO20: =IF(AND(M20>0,AM20>0),(AM20/(Q20*1000)*1000),0) -> 750.82053 | AP20: =IF(AND(R20>0,AL20>0),(AL20/(R20*1000)*1000),0) -> 761.29119 | AQ20: =IF(AND(S20>0,AM20>0),(AM20/(S20*1000)*1000),0) -> 755.48883 | AR20: =+Listrik!AA19 -> 23180.1 | AS20: =AR20+AS19 -> 289157.77 | AT20: =IF(AND(L20>0,AR20>0),(AR20/(P20*1000)*1000),0) -> 441.80342 | AU20: =IF(AND(M20>0,AS20>0),(AS20/(Q20*1000)*1000),0) -> 483.69268 | AV20: =IF(AND(R20>0,AR20>0),(AR20/(R20*1000)*1000),0) -> 437.88915 | AW20: =IF(AND(S20>0,AS20>0),(AS20/(S20*1000)*1000),0) -> 486.7001 | AX20: 0 | AY20: =AX20+AY19 -> 0 | AZ20: =IF(AND(L20>0,AX20>0),(AX20/(P20*1000)*1000),0) -> 0 | BA20: =IF(AND(M20>0,AY20>0),(AY20/(Q20*1000)*1000),0) -> 0 | BB20: =IF(AND(R20>0,AX20>0),(AX20/(R20*1000)*1000),0) -> 0 | BC20: =IF(AND(S20>0,AY20>0),(AY20/(S20*1000)*1000),0) -> 0 | BE20: =+SUM(Efficiency2!K56:K57) -> 54.989506 | BF20: =BF19+BE20 -> 619.49234 | BG20: =+R20/BE20 -> 0.9626564 | BH20: =+S20/BF20 -> 0.95904172
A21: =A20+1 -> 46094 | B21: Toilet | C21: 14/13,5 | D21: =+'13'!F42 -> 1225 | E21: =+'13'!G42 -> 1003.0708 | F21: =1-(E21/D21) -> 0.18116667 | G21: =+P21/N21 -> 0.98757808 | H21: =+P21/L21 -> 0.96172329 | I21: =+R21/P21 -> 0.948401 | J21: =+R21/L21 -> 0.91209932 | K21: =+S21/M21 -> 0.91274687 | L21: =+SUM(Efficiency1!K60:K61) -> 55.013745 | M21: =M20+L21 -> 705.88793 | N21: =+SUM(Efficiency1!C60:C61) -> 53.573486 | O21: =O20+N21 -> 693.93423 | P21: ='13'!I38 -> 52.908 | Q21: =Q20+P21 -> 650.721 | R21: ='13'!I40 -> 50.178 | S21: =S20+R21 -> 644.297 | T21: =+[1]Report1!AZ21 -> 3466.1579 | U21: =T21+U20 -> 46329.486 | V21: =T21/P21 -> 65.512926 | W21: =U21/Q21 -> 71.197159 | X21: =IF(AND(R21>0,T21>0),(T21/(R21*1000))*1000,0) -> 69.077243 | Y21: =IF(AND(S21>0,U21>0),U21/S21,0) -> 71.907034 | Z21: 95.9 | AA21: =Z21+AA20 -> 1217.76 | AB21: =Z21/(P21) -> 1.8125803 | AC21: =AA21/(Q21) -> 1.8714011 | AD21: =IF(AND(R21>0,Z21>0),Z21/(R21),0) -> 1.9111961 | AE21: =IF(AND(S21>0,AA21>0),AA21/(S21),0) -> 1.89006 | AG21: =+AF21+AG20 -> 0 | AH21: =AF21/(P21) -> 0 | AI21: =AG21/(Q21) -> 0 | AJ21: =IF(AND(R21>0,AF21>0),AF21/(R21),0) -> 0 | AK21: =IF(AND(S21>0,AG21>0),AG21/(S21),0) -> 0 | AL21: ='13'!I46 -> 40397.662 | AM21: =AL21+AM20 -> 489247.93 | AN21: =IF(AND(L21>0,AL21>0),(AL21/(P21*1000)*1000),0) -> 763.54544 | AO21: =IF(AND(M21>0,AM21>0),(AM21/(Q21*1000)*1000),0) -> 751.85515 | AP21: =IF(AND(R21>0,AL21>0),(AL21/(R21*1000)*1000),0) -> 805.08713 | AQ21: =IF(AND(S21>0,AM21>0),(AM21/(S21*1000)*1000),0) -> 759.35156 | AR21: =+Listrik!AA20 -> 24190.451 | AS21: =AR21+AS20 -> 313348.23 | AT21: =IF(AND(L21>0,AR21>0),(AR21/(P21*1000)*1000),0) -> 457.21726 | AU21: =IF(AND(M21>0,AS21>0),(AS21/(Q21*1000)*1000),0) -> 481.54005 | AV21: =IF(AND(R21>0,AR21>0),(AR21/(R21*1000)*1000),0) -> 482.09277 | AW21: =IF(AND(S21>0,AS21>0),(AS21/(S21*1000)*1000),0) -> 486.34128 | AX21: 0 | AY21: =AX21+AY20 -> 0 | AZ21: =IF(AND(L21>0,AX21>0),(AX21/(P21*1000)*1000),0) -> 0 | BA21: =IF(AND(M21>0,AY21>0),(AY21/(Q21*1000)*1000),0) -> 0 | BB21: =IF(AND(R21>0,AX21>0),(AX21/(R21*1000)*1000),0) -> 0 | BC21: =IF(AND(S21>0,AY21>0),(AY21/(S21*1000)*1000),0) -> 0 | BE21: =+SUM(Efficiency2!K60:K61) -> 55.013745 | BF21: =BF20+BE21 -> 674.50609 | BG21: =+R21/BE21 -> 0.91209932 | BH21: =+S21/BF21 -> 0.95521302
A22: =A21+1 -> 46095 | B22: Toilet | C22: 13,5 | D22: =+'14'!F42 -> 1225 | E22: =+'14'!G42 -> 1029 | F22: =1-(E22/D22) -> 0.16 | G22: =+P22/N22 -> 1.0038598 | H22: =+P22/L22 -> 0.98378259 | I22: =+R22/P22 -> 0.92890722 | J22: =+R22/L22 -> 0.91384275 | K22: =+S22/M22 -> 0.91282569 | L22: =+Efficiency1!K64 -> 54.70416 | M22: =M21+L22 -> 760.59209 | N22: =+Efficiency1!C64 -> 53.610077 | O22: =O21+N22 -> 747.54431 | P22: ='14'!I38 -> 53.817 | Q22: =Q21+P22 -> 704.538 | R22: ='14'!I40 -> 49.991 | S22: =S21+R22 -> 694.288 | T22: =+[1]Report1!AZ22 -> 3499.8967 | U22: =T22+U21 -> 49829.383 | V22: =T22/P22 -> 65.033293 | W22: =U22/Q22 -> 70.726324 | X22: =IF(AND(R22>0,T22>0),(T22/(R22*1000))*1000,0) -> 70.010537 | Y22: =IF(AND(S22>0,U22>0),U22/S22,0) -> 71.77048 | Z22: 95.6 | AA22: =Z22+AA21 -> 1313.36 | AB22: =Z22/(P22) -> 1.7763904 | AC22: =AA22/(Q22) -> 1.8641436 | AD22: =IF(AND(R22>0,Z22>0),Z22/(R22),0) -> 1.9123442 | AE22: =IF(AND(S22>0,AA22>0),AA22/(S22),0) -> 1.8916646 | AG22: =+AF22+AG21 -> 0 | AH22: =AF22/(P22) -> 0 | AI22: =AG22/(Q22) -> 0 | AJ22: =IF(AND(R22>0,AF22>0),AF22/(R22),0) -> 0 | AK22: =IF(AND(S22>0,AG22>0),AG22/(S22),0) -> 0 | AL22: ='14'!I46 -> 43210.253 | AM22: =AL22+AM21 -> 532458.19 | AN22: =IF(AND(L22>0,AL22>0),(AL22/(P22*1000)*1000),0) -> 802.91084 | AO22: =IF(AND(M22>0,AM22>0),(AM22/(Q22*1000)*1000),0) -> 755.7551 | AP22: =IF(AND(R22>0,AL22>0),(AL22/(R22*1000)*1000),0) -> 864.36064 | AQ22: =IF(AND(S22>0,AM22>0),(AM22/(S22*1000)*1000),0) -> 766.91256 | AR22: =+Listrik!AA21 -> 25840 | AS22: =AR22+AS21 -> 339188.23 | AT22: =IF(AND(L22>0,AR22>0),(AR22/(P22*1000)*1000),0) -> 480.14568 | AU22: =IF(AND(M22>0,AS22>0),(AS22/(Q22*1000)*1000),0) -> 481.43354 | AV22: =IF(AND(R22>0,AR22>0),(AR22/(R22*1000)*1000),0) -> 516.89304 | AW22: =IF(AND(S22>0,AS22>0),(AS22/(S22*1000)*1000),0) -> 488.5411 | AX22: 0 | AY22: =AX22+AY21 -> 0 | AZ22: =IF(AND(L22>0,AX22>0),(AX22/(P22*1000)*1000),0) -> 0 | BA22: =IF(AND(M22>0,AY22>0),(AY22/(Q22*1000)*1000),0) -> 0 | BB22: =IF(AND(R22>0,AX22>0),(AX22/(R22*1000)*1000),0) -> 0 | BC22: =IF(AND(S22>0,AY22>0),(AY22/(S22*1000)*1000),0) -> 0 | BE22: =+Efficiency2!K64 -> 54.70416 | BF22: =BF21+BE22 -> 729.21025 | BG22: =+R22/BE22 -> 0.91384275 | BH22: =+S22/BF22 -> 0.95210949
A23: =A22+1 -> 46096 | B23: Toilet | C23: 13,5 | D23: =+'15'!F42 -> 1225 | E23: =+'15'!G42 -> 1029 | F23: =1-(E23/D23) -> 0.16 | G23: =+P23/N23 -> 0.95049534 | H23: =+P23/L23 -> 0.93148543 | I23: =+R23/P23 -> 0.98879754 | J23: =+R23/L23 -> 0.9210505 | K23: =+S23/M23 -> 0.91336777 | L23: =+Efficiency1!K68 -> 53.665896 | M23: =M22+L23 -> 814.25799 | N23: =+Efficiency1!C68 -> 52.592578 | O23: =O22+N23 -> 800.13689 | P23: ='15'!I38 -> 49.989 | Q23: =Q22+P23 -> 754.527 | R23: ='15'!I40 -> 49.429 | S23: =S22+R23 -> 743.717 | T23: =+[1]Report1!AZ23 -> 3378.7757 | U23: =T23+U22 -> 53208.159 | V23: =T23/P23 -> 67.590385 | W23: =U23/Q23 -> 70.518562 | X23: =IF(AND(R23>0,T23>0),(T23/(R23*1000))*1000,0) -> 68.356142 | Y23: =IF(AND(S23>0,U23>0),U23/S23,0) -> 71.543556 | Z23: 96.5 | AA23: =Z23+AA22 -> 1409.86 | AB23: =Z23/(P23) -> 1.9304247 | AC23: =AA23/(Q23) -> 1.8685349 | AD23: =IF(AND(R23>0,Z23>0),Z23/(R23),0) -> 1.9522952 | AE23: =IF(AND(S23>0,AA23>0),AA23/(S23),0) -> 1.8956942 | AG23: =+AF23+AG22 -> 0 | AH23: =AF23/(P23) -> 0 | AI23: =AG23/(Q23) -> 0 | AJ23: =IF(AND(R23>0,AF23>0),AF23/(R23),0) -> 0 | AK23: =IF(AND(S23>0,AG23>0),AG23/(S23),0) -> 0 | AL23: ='15'!I46 -> 40973.65 | AM23: =AL23+AM22 -> 573431.84 | AN23: =IF(AND(L23>0,AL23>0),(AL23/(P23*1000)*1000),0) -> 819.65333 | AO23: =IF(AND(M23>0,AM23>0),(AM23/(Q23*1000)*1000),0) -> 759.98849 | AP23: =IF(AND(R23>0,AL23>0),(AL23/(R23*1000)*1000),0) -> 828.93949 | AQ23: =IF(AND(S23>0,AM23>0),(AM23/(S23*1000)*1000),0) -> 771.035 | AR23: =+Listrik!AA22 -> 23723.6 | AS23: =AR23+AS22 -> 362911.83 | AT23: =IF(AND(L23>0,AR23>0),(AR23/(P23*1000)*1000),0) -> 474.57641 | AU23: =IF(AND(M23>0,AS23>0),(AS23/(Q23*1000)*1000),0) -> 480.97924 | AV23: =IF(AND(R23>0,AR23>0),(AR23/(R23*1000)*1000),0) -> 479.95306 | AW23: =IF(AND(S23>0,AS23>0),(AS23/(S23*1000)*1000),0) -> 487.97032 | AX23: 0 | AY23: =AX23+AY22 -> 0 | AZ23: =IF(AND(L23>0,AX23>0),(AX23/(P23*1000)*1000),0) -> 0 | BA23: =IF(AND(M23>0,AY23>0),(AY23/(Q23*1000)*1000),0) -> 0 | BB23: =IF(AND(R23>0,AX23>0),(AX23/(R23*1000)*1000),0) -> 0 | BC23: =IF(AND(S23>0,AY23>0),(AY23/(S23*1000)*1000),0) -> 0 | BE23: =+Efficiency2!K68 -> 53.665896 | BF23: =BF22+BE23 -> 782.87614 | BG23: =+R23/BE23 -> 0.9210505 | BH23: =+S23/BF23 -> 0.94998041
A24: =A23+1 -> 46097 | B24: Toilet | C24: 13,5 | D24: =+'16'!F42 -> 1225 | E24: =+'16'!G42 -> 1020.8333 | F24: =1-(E24/D24) -> 0.16666667 | G24: =+P24/N24 -> 0.9497128 | H24: =+P24/L24 -> 0.92333188 | I24: =+R24/P24 -> 1.0120598 | J24: =+R24/L24 -> 0.93446708 | K24: =+S24/M24 -> 0.91467939 | L24: =+Efficiency1!K72 -> 53.973009 | M24: =M23+L24 -> 868.23099 | N24: =+Efficiency1!C72 -> 52.473759 | O24: =O23+N24 -> 852.61065 | P24: ='16'!I38 -> 49.835 | Q24: =Q23+P24 -> 804.362 | R24: ='16'!I40 -> 50.436 | S24: =S23+R24 -> 794.153 | T24: =+[1]Report1!AZ24 -> 3015.5204 | U24: =T24+U23 -> 56223.679 | V24: =T24/P24 -> 60.510092 | W24: =U24/Q24 -> 69.898478 | X24: =IF(AND(R24>0,T24>0),(T24/(R24*1000))*1000,0) -> 59.789048 | Y24: =IF(AND(S24>0,U24>0),U24/S24,0) -> 70.797037 | Z24: 95.6 | AA24: =Z24+AA23 -> 1505.46 | AB24: =Z24/(P24) -> 1.9183305 | AC24: =AA24/(Q24) -> 1.87162 | AD24: =IF(AND(R24>0,Z24>0),Z24/(R24),0) -> 1.8954715 | AE24: =IF(AND(S24>0,AA24>0),AA24/(S24),0) -> 1.8956801 | AG24: =+AF24+AG23 -> 0 | AH24: =AF24/(P24) -> 0 | AI24: =AG24/(Q24) -> 0 | AJ24: =IF(AND(R24>0,AF24>0),AF24/(R24),0) -> 0 | AK24: =IF(AND(S24>0,AG24>0),AG24/(S24),0) -> 0 | AL24: ='16'!I46 -> 39730.313 | AM24: =AL24+AM23 -> 613162.15 | AN24: =IF(AND(L24>0,AL24>0),(AL24/(P24*1000)*1000),0) -> 797.23715 | AO24: =IF(AND(M24>0,AM24>0),(AM24/(Q24*1000)*1000),0) -> 762.29627 | AP24: =IF(AND(R24>0,AL24>0),(AL24/(R24*1000)*1000),0) -> 787.7372 | AQ24: =IF(AND(S24>0,AM24>0),(AM24/(S24*1000)*1000),0) -> 772.09574 | AR24: =+Listrik!AA23 -> 20391 | AS24: =AR24+AS23 -> 383302.83 | AT24: =IF(AND(L24>0,AR24>0),(AR24/(P24*1000)*1000),0) -> 409.17026 | AU24: =IF(AND(M24>0,AS24>0),(AS24/(Q24*1000)*1000),0) -> 476.53025 | AV24: =IF(AND(R24>0,AR24>0),(AR24/(R24*1000)*1000),0) -> 404.29455 | AW24: =IF(AND(S24>0,AS24>0),(AS24/(S24*1000)*1000),0) -> 482.65614 | AX24: 0 | AY24: =AX24+AY23 -> 0 | AZ24: =IF(AND(L24>0,AX24>0),(AX24/(P24*1000)*1000),0) -> 0 | BA24: =IF(AND(M24>0,AY24>0),(AY24/(Q24*1000)*1000),0) -> 0 | BB24: =IF(AND(R24>0,AX24>0),(AX24/(R24*1000)*1000),0) -> 0 | BC24: =IF(AND(S24>0,AY24>0),(AY24/(S24*1000)*1000),0) -> 0 | BE24: =+Efficiency2!K72 -> 53.973009 | BF24: =BF23+BE24 -> 836.84915 | BG24: =+R24/BE24 -> 0.93446708 | BH24: =+S24/BF24 -> 0.94897987
A25: =A24+1 -> 46098 | B25: Toilet | C25: 13,5/15 | D25: =+'17'!F42 -> 1192.9167 | E25: =+'17'!G42 -> 946.23594 | F25: =1-(E25/D25) -> 0.2067879 | G25: =+P25/N25 -> 0.96467366 | H25: =+P25/L25 -> 0.93319399 | I25: =+R25/P25 -> 1.0521031 | J25: =+R25/L25 -> 0.9818163 | K25: =+S25/M25 -> 0.91854475 | L25: =+SUM(Efficiency1!K76:K77) -> 53.04149 | M25: =M24+L25 -> 921.27248 | N25: =+SUM(Efficiency1!C76:C77) -> 51.310616 | O25: =O24+N25 -> 903.92126 | P25: ='17'!I38 -> 49.498 | Q25: =Q24+P25 -> 853.86 | R25: ='17'!I40 -> 52.077 | S25: =S24+R25 -> 846.23 | T25: =+[1]Report1!AZ25 -> 4765.5036 | U25: =T25+U24 -> 60989.183 | V25: =T25/P25 -> 96.276689 | W25: =U25/Q25 -> 71.427614 | X25: =IF(AND(R25>0,T25>0),(T25/(R25*1000))*1000,0) -> 91.508796 | Y25: =IF(AND(S25>0,U25>0),U25/S25,0) -> 72.071639 | Z25: 94.7 | AA25: =Z25+AA24 -> 1600.16 | AB25: =Z25/(P25) -> 1.9132086 | AC25: =AA25/(Q25) -> 1.8740309 | AD25: =IF(AND(R25>0,Z25>0),Z25/(R25),0) -> 1.8184611 | AE25: =IF(AND(S25>0,AA25>0),AA25/(S25),0) -> 1.890928 | AG25: =+AF25+AG24 -> 0 | AH25: =AF25/(P25) -> 0 | AI25: =AG25/(Q25) -> 0 | AJ25: =IF(AND(R25>0,AF25>0),AF25/(R25),0) -> 0 | AK25: =IF(AND(S25>0,AG25>0),AG25/(S25),0) -> 0 | AL25: ='17'!I46 -> 42800.329 | AM25: =AL25+AM24 -> 655962.48 | AN25: =IF(AND(L25>0,AL25>0),(AL25/(P25*1000)*1000),0) -> 864.68805 | AO25: =IF(AND(M25>0,AM25>0),(AM25/(Q25*1000)*1000),0) -> 768.23189 | AP25: =IF(AND(R25>0,AL25>0),(AL25/(R25*1000)*1000),0) -> 821.86626 | AQ25: =IF(AND(S25>0,AM25>0),(AM25/(S25*1000)*1000),0) -> 775.15862 | AR25: =+Listrik!AA24 -> 21455.651 | AS25: =AR25+AS24 -> 404758.48 | AT25: =IF(AND(L25>0,AR25>0),(AR25/(P25*1000)*1000),0) -> 433.46501 | AU25: =IF(AND(M25>0,AS25>0),(AS25/(Q25*1000)*1000),0) -> 474.03377 | AV25: =IF(AND(R25>0,AR25>0),(AR25/(R25*1000)*1000),0) -> 411.9986 | AW25: =IF(AND(S25>0,AS25>0),(AS25/(S25*1000)*1000),0) -> 478.30788 | AX25: 0 | AY25: =AX25+AY24 -> 0 | AZ25: =IF(AND(L25>0,AX25>0),(AX25/(P25*1000)*1000),0) -> 0 | BA25: =IF(AND(M25>0,AY25>0),(AY25/(Q25*1000)*1000),0) -> 0 | BB25: =IF(AND(R25>0,AX25>0),(AX25/(R25*1000)*1000),0) -> 0 | BC25: =IF(AND(S25>0,AY25>0),(AY25/(S25*1000)*1000),0) -> 0 | BE25: =+SUM(Efficiency2!K76:K77) -> 53.04149 | BF25: =BF24+BE25 -> 889.89064 | BG25: =+R25/BE25 -> 0.9818163 | BH25: =+S25/BF25 -> 0.95093707
A26: =A25+1 -> 46099 | B26: Toilet /Towel | C26: 15/22 | D26: =+'18'!F42 -> 900 | E26: =+'18'!G42 -> 745.675 | F26: =1-(E26/D26) -> 0.17147222 | G26: =+P26/N26 -> 0.98228918 | H26: =+P26/L26 -> 0.97817569 | I26: =+R26/P26 -> 1.0440177 | J26: =+R26/L26 -> 1.0212328 | K26: =+S26/M26 -> 0.92463517 | L26: =+SUM(Efficiency1!K80:K81) -> 58.08568 | M26: =M25+L26 -> 979.35816 | N26: =+SUM(Efficiency1!C80:C81) -> 57.842437 | O26: =O25+N26 -> 961.7637 | P26: ='18'!I38 -> 56.818 | Q26: =Q25+P26 -> 910.678 | R26: ='18'!I40 -> 59.319 | S26: =S25+R26 -> 905.549 | T26: =+[1]Report1!AZ26 -> 3933.9585 | U26: =T26+U25 -> 64923.141 | V26: =T26/P26 -> 69.237891 | W26: =U26/Q26 -> 71.290996 | X26: =IF(AND(R26>0,T26>0),(T26/(R26*1000))*1000,0) -> 66.318692 | Y26: =IF(AND(S26>0,U26>0),U26/S26,0) -> 71.694785 | Z26: 98.9 | AA26: =Z26+AA25 -> 1699.06 | AB26: =Z26/(P26) -> 1.7406456 | AC26: =AA26/(Q26) -> 1.8657088 | AD26: =IF(AND(R26>0,Z26>0),Z26/(R26),0) -> 1.6672567 | AE26: =IF(AND(S26>0,AA26>0),AA26/(S26),0) -> 1.8762762 | AG26: =+AF26+AG25 -> 0 | AH26: =AF26/(P26) -> 0 | AI26: =AG26/(Q26) -> 0 | AJ26: =IF(AND(R26>0,AF26>0),AF26/(R26),0) -> 0 | AK26: =IF(AND(S26>0,AG26>0),AG26/(S26),0) -> 0 | AL26: ='18'!I46 -> 37462.56 | AM26: =AL26+AM25 -> 693425.04 | AN26: =IF(AND(L26>0,AL26>0),(AL26/(P26*1000)*1000),0) -> 659.34317 | AO26: =IF(AND(M26>0,AM26>0),(AM26/(Q26*1000)*1000),0) -> 761.43822 | AP26: =IF(AND(R26>0,AL26>0),(AL26/(R26*1000)*1000),0) -> 631.54402 | AQ26: =IF(AND(S26>0,AM26>0),(AM26/(S26*1000)*1000),0) -> 765.75098 | AR26: =+Listrik!AA25 -> 22982.946 | AS26: =AR26+AS25 -> 427741.42 | AT26: =IF(AND(L26>0,AR26>0),(AR26/(P26*1000)*1000),0) -> 404.50114 | AU26: =IF(AND(M26>0,AS26>0),(AS26/(Q26*1000)*1000),0) -> 469.69557 | AV26: =IF(AND(R26>0,AR26>0),(AR26/(R26*1000)*1000),0) -> 387.44662 | AW26: =IF(AND(S26>0,AS26>0),(AS26/(S26*1000)*1000),0) -> 472.35591 | AX26: 0 | AY26: =AX26+AY25 -> 0 | AZ26: =IF(AND(L26>0,AX26>0),(AX26/(P26*1000)*1000),0) -> 0 | BA26: =IF(AND(M26>0,AY26>0),(AY26/(Q26*1000)*1000),0) -> 0 | BB26: =IF(AND(R26>0,AX26>0),(AX26/(R26*1000)*1000),0) -> 0 | BC26: =IF(AND(S26>0,AY26>0),(AY26/(S26*1000)*1000),0) -> 0 | BE26: =+SUM(Efficiency2!K80:K81) -> 58.08568 | BF26: =BF25+BE26 -> 947.97632 | BG26: =+R26/BE26 -> 1.0212328 | BH26: =+S26/BF26 -> 0.95524432
A27: =A26+1 -> 46100 | B27: Towel | C27: 22 | D27: =+'19'!F42 -> 860 | E27: =+'19'!G42 -> 662.2 | F27: =1-(E27/D27) -> 0.23 | G27: =+P27/N27 -> 1.0281033 | H27: =+P27/L27 -> 1.0281033 | I27: =+R27/P27 -> 0.95829268 | J27: =+R27/L27 -> 0.98522387 | K27: =+S27/M27 -> 0.92806772 | L27: =+Efficiency1!K84 -> 58.816074 | M27: =M26+L27 -> 1038.1742 | N27: =+Efficiency1!C84 -> 58.816074 | O27: =O26+N27 -> 1020.5798 | P27: ='19'!I38 -> 60.469 | Q27: =Q26+P27 -> 971.147 | R27: ='19'!I40 -> 57.947 | S27: =S26+R27 -> 963.496 | T27: =+[1]Report1!AZ27 -> 3752.4743 | U27: =T27+U26 -> 68675.616 | V27: =T27/P27 -> 62.056167 | W27: =U27/Q27 -> 70.715984 | X27: =IF(AND(R27>0,T27>0),(T27/(R27*1000))*1000,0) -> 64.757008 | Y27: =IF(AND(S27>0,U27>0),U27/S27,0) -> 71.277531 | Z27: 100.1 | AA27: =Z27+AA26 -> 1799.16 | AB27: =Z27/(P27) -> 1.6553937 | AC27: =AA27/(Q27) -> 1.8526135 | AD27: =IF(AND(R27>0,Z27>0),Z27/(R27),0) -> 1.7274406 | AE27: =IF(AND(S27>0,AA27>0),AA27/(S27),0) -> 1.8673248 | AG27: =+AF27+AG26 -> 0 | AH27: =AF27/(P27) -> 0 | AI27: =AG27/(Q27) -> 0 | AJ27: =IF(AND(R27>0,AF27>0),AF27/(R27),0) -> 0 | AK27: =IF(AND(S27>0,AG27>0),AG27/(S27),0) -> 0 | AL27: ='19'!I46 -> 35820.32 | AM27: =AL27+AM26 -> 729245.36 | AN27: =IF(AND(L27>0,AL27>0),(AL27/(P27*1000)*1000),0) -> 592.37494 | AO27: =IF(AND(M27>0,AM27>0),(AM27/(Q27*1000)*1000),0) -> 750.91141 | AP27: =IF(AND(R27>0,AL27>0),(AL27/(R27*1000)*1000),0) -> 618.15659 | AQ27: =IF(AND(S27>0,AM27>0),(AM27/(S27*1000)*1000),0) -> 756.8743 | AR27: =+Listrik!AA26 -> 28270.912 | AS27: =AR27+AS26 -> 456012.33 | AT27: =IF(AND(L27>0,AR27>0),(AR27/(P27*1000)*1000),0) -> 467.52736 | AU27: =IF(AND(M27>0,AS27>0),(AS27/(Q27*1000)*1000),0) -> 469.56056 | AV27: =IF(AND(R27>0,AR27>0),(AR27/(R27*1000)*1000),0) -> 487.87533 | AW27: =IF(AND(S27>0,AS27>0),(AS27/(S27*1000)*1000),0) -> 473.28929 | AX27: 0 | AY27: =AX27+AY26 -> 0 | AZ27: =IF(AND(L27>0,AX27>0),(AX27/(P27*1000)*1000),0) -> 0 | BA27: =IF(AND(M27>0,AY27>0),(AY27/(Q27*1000)*1000),0) -> 0 | BB27: =IF(AND(R27>0,AX27>0),(AX27/(R27*1000)*1000),0) -> 0 | BC27: =IF(AND(S27>0,AY27>0),(AY27/(S27*1000)*1000),0) -> 0 | BE27: =+Efficiency2!K84 -> 58.816074 | BF27: =BF26+BE27 -> 1006.7924 | BG27: =+R27/BE27 -> 0.98522387 | BH27: =+S27/BF27 -> 0.95699571
A28: =A27+1 -> 46101 | B28: Towel | C28: 22 | D28: =+'20'!F42 -> 860 | E28: =+'20'!G42 -> 722.4 | F28: =1-(E28/D28) -> 0.16 | G28: =+P28/N28 -> 0.9641922 | H28: =+P28/L28 -> 0.9641922 | I28: =+R28/P28 -> 0.99107741 | J28: =+R28/L28 -> 0.95558911 | K28: =+S28/M28 -> 0.9295433 | L28: =+Efficiency1!K88 -> 58.816074 | M28: =M27+L28 -> 1096.9903 | N28: =+Efficiency1!C88 -> 58.816074 | O28: =O27+N28 -> 1079.3958 | P28: ='20'!I38 -> 56.71 | Q28: =Q27+P28 -> 1027.857 | R28: ='20'!I40 -> 56.204 | S28: =S27+R28 -> 1019.7 | T28: =+[1]Report1!AZ28 -> 3950.1688 | U28: =T28+U27 -> 72625.784 | V28: =T28/P28 -> 69.655595 | W28: =U28/Q28 -> 70.657479 | X28: =IF(AND(R28>0,T28>0),(T28/(R28*1000))*1000,0) -> 70.282699 | Y28: =IF(AND(S28>0,U28>0),U28/S28,0) -> 71.222697 | Z28: 100.3 | AA28: =Z28+AA27 -> 1899.46 | AB28: =Z28/(P28) -> 1.7686475 | AC28: =AA28/(Q28) -> 1.8479808 | AD28: =IF(AND(R28>0,Z28>0),Z28/(R28),0) -> 1.7845705 | AE28: =IF(AND(S28>0,AA28>0),AA28/(S28),0) -> 1.8627636 | AG28: =+AF28+AG27 -> 0 | AH28: =AF28/(P28) -> 0 | AI28: =AG28/(Q28) -> 0 | AJ28: =IF(AND(R28>0,AF28>0),AF28/(R28),0) -> 0 | AK28: =IF(AND(S28>0,AG28>0),AG28/(S28),0) -> 0 | AL28: ='20'!I46 -> 38239.96 | AM28: =AL28+AM27 -> 767485.32 | AN28: =IF(AND(L28>0,AL28>0),(AL28/(P28*1000)*1000),0) -> 674.30718 | AO28: =IF(AND(M28>0,AM28>0),(AM28/(Q28*1000)*1000),0) -> 746.68492 | AP28: =IF(AND(R28>0,AL28>0),(AL28/(R28*1000)*1000),0) -> 680.37791 | AQ28: =IF(AND(S28>0,AM28>0),(AM28/(S28*1000)*1000),0) -> 752.65796 | AR28: =+Listrik!AA27 -> 27003.445 | AS28: =AR28+AS27 -> 483015.78 | AT28: =IF(AND(L28>0,AR28>0),(AR28/(P28*1000)*1000),0) -> 476.16725 | AU28: =IF(AND(M28>0,AS28>0),(AS28/(Q28*1000)*1000),0) -> 469.92508 | AV28: =IF(AND(R28>0,AR28>0),(AR28/(R28*1000)*1000),0) -> 480.45415 | AW28: =IF(AND(S28>0,AS28>0),(AS28/(S28*1000)*1000),0) -> 473.6842 | AX28: 0 | AY28: =AX28+AY27 -> 0 | AZ28: =IF(AND(L28>0,AX28>0),(AX28/(P28*1000)*1000),0) -> 0 | BA28: =IF(AND(M28>0,AY28>0),(AY28/(Q28*1000)*1000),0) -> 0 | BB28: =IF(AND(R28>0,AX28>0),(AX28/(R28*1000)*1000),0) -> 0 | BC28: =IF(AND(S28>0,AY28>0),(AY28/(S28*1000)*1000),0) -> 0 | BE28: =+Efficiency2!K88 -> 58.816074 | BF28: =BF27+BE28 -> 1065.6085 | BG28: =+R28/BE28 -> 0.95558911 | BH28: =+S28/BF28 -> 0.95691807
A29: =A28+1 -> 46102 | B29: Towel | C29: 22 | D29: =+'21'!F42 -> 860 | E29: =+'21'!G42 -> 722.4 | F29: =1-(E29/D29) -> 0.16 | G29: =+P29/N29 -> 1.0237848 | H29: =+P29/L29 -> 1.0237848 | I29: =+R29/P29 -> 0.96178693 | J29: =+R29/L29 -> 0.98466279 | K29: =+S29/M29 -> 0.9323482 | L29: =+Efficiency1!K92 -> 58.816074 | M29: =M28+L29 -> 1155.8064 | N29: =+Efficiency1!C92 -> 58.816074 | O29: =O28+N29 -> 1138.2119 | P29: ='21'!I38 -> 60.215 | Q29: =Q28+P29 -> 1088.072 | R29: ='21'!I40 -> 57.914 | S29: =S28+R29 -> 1077.614 | T29: =+[1]Report1!AZ29 -> 4009.242 | U29: =T29+U28 -> 76635.026 | V29: =T29/P29 -> 66.582114 | W29: =U29/Q29 -> 70.431944 | X29: =IF(AND(R29>0,T29>0),(T29/(R29*1000))*1000,0) -> 69.22751 | Y29: =IF(AND(S29>0,U29>0),U29/S29,0) -> 71.11547 | Z29: 98.7 | AA29: =Z29+AA28 -> 1998.16 | AB29: =Z29/(P29) -> 1.6391265 | AC29: =AA29/(Q29) -> 1.8364226 | AD29: =IF(AND(R29>0,Z29>0),Z29/(R29),0) -> 1.7042511 | AE29: =IF(AND(S29>0,AA29>0),AA29/(S29),0) -> 1.8542447 | AG29: =+AF29+AG28 -> 0 | AH29: =AF29/(P29) -> 0 | AI29: =AG29/(Q29) -> 0 | AJ29: =IF(AND(R29>0,AF29>0),AF29/(R29),0) -> 0 | AK29: =IF(AND(S29>0,AG29>0),AG29/(S29),0) -> 0 | AL29: ='21'!I46 -> 35523.08 | AM29: =AL29+AM28 -> 803008.4 | AN29: =IF(AND(L29>0,AL29>0),(AL29/(P29*1000)*1000),0) -> 589.93739 | AO29: =IF(AND(M29>0,AM29>0),(AM29/(Q29*1000)*1000),0) -> 738.01035 | AP29: =IF(AND(R29>0,AL29>0),(AL29/(R29*1000)*1000),0) -> 613.37639 | AQ29: =IF(AND(S29>0,AM29>0),(AM29/(S29*1000)*1000),0) -> 745.17257 | AR29: =+Listrik!AA28 -> 29083.555 | AS29: =AR29+AS28 -> 512099.33 | AT29: =IF(AND(L29>0,AR29>0),(AR29/(P29*1000)*1000),0) -> 482.99518 | AU29: =IF(AND(M29>0,AS29>0),(AS29/(Q29*1000)*1000),0) -> 470.64839 | AV29: =IF(AND(R29>0,AR29>0),(AR29/(R29*1000)*1000),0) -> 502.18522 | AW29: =IF(AND(S29>0,AS29>0),(AS29/(S29*1000)*1000),0) -> 475.21593 | AX29: 0 | AY29: =AX29+AY28 -> 0 | AZ29: =IF(AND(L29>0,AX29>0),(AX29/(P29*1000)*1000),0) -> 0 | BA29: =IF(AND(M29>0,AY29>0),(AY29/(Q29*1000)*1000),0) -> 0 | BB29: =IF(AND(R29>0,AX29>0),(AX29/(R29*1000)*1000),0) -> 0 | BC29: =IF(AND(S29>0,AY29>0),(AY29/(S29*1000)*1000),0) -> 0 | BE29: =+Efficiency2!K92 -> 58.816074 | BF29: =BF28+BE29 -> 1124.4245 | BG29: =+R29/BE29 -> 0.98466279 | BH29: =+S29/BF29 -> 0.95836933
A30: =A29+1 -> 46103 | B30: Towel/Toilet | C30: 22/15 | D30: =+'22'!F42 -> 962.22222 | E30: =+'22'!G42 -> 781.88056 | F30: =1-(E30/D30) -> 0.18742206 | G30: =+P30/N30 -> 0.9677444 | H30: =+P30/L30 -> 0.95718118 | I30: =+R30/P30 -> 0.999468 | J30: =+R30/L30 -> 0.95667195 | K30: =+S30/M30 -> 0.93349041 | L30: =+SUM(Efficiency1!K96:K97) -> 56.949511 | M30: =M29+L30 -> 1212.7559 | N30: =+SUM(Efficiency1!C96:C97) -> 56.32789 | O30: =O29+N30 -> 1194.5398 | P30: ='22'!I38 -> 54.511 | Q30: =Q29+P30 -> 1142.583 | R30: ='22'!I40 -> 54.482 | S30: =S29+R30 -> 1132.096 | T30: =+[1]Report1!AZ30 -> 4020.5961 | U30: =T30+U29 -> 80655.623 | V30: =T30/P30 -> 73.757519 | W30: =U30/Q30 -> 70.590603 | X30: =IF(AND(R30>0,T30>0),(T30/(R30*1000))*1000,0) -> 73.796779 | Y30: =IF(AND(S30>0,U30>0),U30/S30,0) -> 71.244508 | Z30: 98.4 | AA30: =Z30+AA29 -> 2096.56 | AB30: =Z30/(P30) -> 1.8051402 | AC30: =AA30/(Q30) -> 1.8349302 | AD30: =IF(AND(R30>0,Z30>0),Z30/(R30),0) -> 1.8061011 | AE30: =IF(AND(S30>0,AA30>0),AA30/(S30),0) -> 1.8519278 | AG30: =+AF30+AG29 -> 0 | AH30: =AF30/(P30) -> 0 | AI30: =AG30/(Q30) -> 0 | AJ30: =IF(AND(R30>0,AF30>0),AF30/(R30),0) -> 0 | AK30: =IF(AND(S30>0,AG30>0),AG30/(S30),0) -> 0 | AL30: ='22'!I46 -> 37190.6 | AM30: =AL30+AM29 -> 840199 | AN30: =IF(AND(L30>0,AL30>0),(AL30/(P30*1000)*1000),0) -> 682.25863 | AO30: =IF(AND(M30>0,AM30>0),(AM30/(Q30*1000)*1000),0) -> 735.35052 | AP30: =IF(AND(R30>0,AL30>0),(AL30/(R30*1000)*1000),0) -> 682.62178 | AQ30: =IF(AND(S30>0,AM30>0),(AM30/(S30*1000)*1000),0) -> 742.16232 | AR30: =+Listrik!AA29 -> 26157.247 | AS30: =AR30+AS29 -> 538256.58 | AT30: =IF(AND(L30>0,AR30>0),(AR30/(P30*1000)*1000),0) -> 479.85264 | AU30: =IF(AND(M30>0,AS30>0),(AS30/(Q30*1000)*1000),0) -> 471.08751 | AV30: =IF(AND(R30>0,AR30>0),(AR30/(R30*1000)*1000),0) -> 480.10805 | AW30: =IF(AND(S30>0,AS30>0),(AS30/(S30*1000)*1000),0) -> 475.45136 | AX30: 0 | AY30: =AX30+AY29 -> 0 | AZ30: =IF(AND(L30>0,AX30>0),(AX30/(P30*1000)*1000),0) -> 0 | BA30: =IF(AND(M30>0,AY30>0),(AY30/(Q30*1000)*1000),0) -> 0 | BB30: =IF(AND(R30>0,AX30>0),(AX30/(R30*1000)*1000),0) -> 0 | BC30: =IF(AND(S30>0,AY30>0),(AY30/(S30*1000)*1000),0) -> 0 | BE30: =+SUM(Efficiency2!K96:K97) -> 56.949511 | BF30: =BF29+BE30 -> 1181.3741 | BG30: =+R30/BE30 -> 0.95667195 | BH30: =+S30/BF30 -> 0.95828751
A31: =A30+1 -> 46104 | B31: Toilet | C31: 15/13,5 | D31: =+'23'!F42 -> 1203.4375 | E31: =+'23'!G42 -> 971.30833 | F31: =1-(E31/D31) -> 0.19288843 | G31: =+P31/N31 -> 1.0243639 | H31: =+P31/L31 -> 0.99561244 | I31: =+R31/P31 -> 0.86728601 | J31: =+R31/L31 -> 0.86348074 | K31: =+S31/M31 -> 0.9305774 | L31: =+SUM(Efficiency1!K100:K101) -> 52.652014 | M31: =M30+L31 -> 1265.4079 | N31: =+SUM(Efficiency1!C100:C101) -> 51.174199 | O31: =O30+N31 -> 1245.714 | P31: ='23'!I38 -> 52.421 | Q31: =Q30+P31 -> 1195.004 | R31: ='23'!I40 -> 45.464 | S31: =S30+R31 -> 1177.56 | T31: =+[1]Report1!AZ31 -> 3910.1204 | U31: =T31+U30 -> 84565.743 | V31: =T31/P31 -> 74.590726 | W31: =U31/Q31 -> 70.766075 | X31: =IF(AND(R31>0,T31>0),(T31/(R31*1000))*1000,0) -> 86.004761 | Y31: =IF(AND(S31>0,U31>0),U31/S31,0) -> 71.814381 | Z31: 93.6 | AA31: =Z31+AA30 -> 2190.16 | AB31: =Z31/(P31) -> 1.785544 | AC31: =AA31/(Q31) -> 1.8327637 | AD31: =IF(AND(R31>0,Z31>0),Z31/(R31),0) -> 2.0587718 | AE31: =IF(AND(S31>0,AA31>0),AA31/(S31),0) -> 1.8599137 | AG31: =+AF31+AG30 -> 0 | AH31: =AF31/(P31) -> 0 | AI31: =AG31/(Q31) -> 0 | AJ31: =IF(AND(R31>0,AF31>0),AF31/(R31),0) -> 0 | AK31: =IF(AND(S31>0,AG31>0),AG31/(S31),0) -> 0 | AL31: ='23'!I46 -> 41518.04 | AM31: =AL31+AM30 -> 881717.04 | AN31: =IF(AND(L31>0,AL31>0),(AL31/(P31*1000)*1000),0) -> 792.0116 | AO31: =IF(AND(M31>0,AM31>0),(AM31/(Q31*1000)*1000),0) -> 737.83606 | AP31: =IF(AND(R31>0,AL31>0),(AL31/(R31*1000)*1000),0) -> 913.20693 | AQ31: =IF(AND(S31>0,AM31>0),(AM31/(S31*1000)*1000),0) -> 748.76613 | AR31: =+Listrik!AA30 -> 18237.158 | AS31: =AR31+AS30 -> 556493.74 | AT31: =IF(AND(L31>0,AR31>0),(AR31/(P31*1000)*1000),0) -> 347.89794 | AU31: =IF(AND(M31>0,AS31>0),(AS31/(Q31*1000)*1000),0) -> 465.68358 | AV31: =IF(AND(R31>0,AR31>0),(AR31/(R31*1000)*1000),0) -> 401.13404 | AW31: =IF(AND(S31>0,AS31>0),(AS31/(S31*1000)*1000),0) -> 472.58207 | AX31: 0 | AY31: =AX31+AY30 -> 0 | AZ31: =IF(AND(L31>0,AX31>0),(AX31/(P31*1000)*1000),0) -> 0 | BA31: =IF(AND(M31>0,AY31>0),(AY31/(Q31*1000)*1000),0) -> 0 | BB31: =IF(AND(R31>0,AX31>0),(AX31/(R31*1000)*1000),0) -> 0 | BC31: =IF(AND(S31>0,AY31>0),(AY31/(S31*1000)*1000),0) -> 0 | BE31: =+SUM(Efficiency2!K100:K101) -> 52.652014 | BF31: =BF30+BE31 -> 1234.0261 | BG31: =+R31/BE31 -> 0.86348074 | BH31: =+S31/BF31 -> 0.9542424
A32: =A31+1 -> 46105 | B32: Toilet | C32: 13,5 | D32: =+'24'!F42 -> 1225 | E32: =+'24'!G42 -> 1029 | F32: =1-(E32/D32) -> 0.16 | G32: =+P32/N32 -> 0.95368153 | H32: =+P32/L32 -> 0.9346079 | I32: =+R32/P32 -> 1.0080552 | J32: =+R32/L32 -> 0.94213632 | K32: =+S32/M32 -> 0.93104653 | L32: =+Efficiency1!K104 -> 53.53047 | M32: =M31+L32 -> 1318.9384 | N32: =+Efficiency1!C104 -> 52.459861 | O32: =O31+N32 -> 1298.1739 | P32: ='24'!I38 -> 50.03 | Q32: =Q31+P32 -> 1245.034 | R32: ='24'!I40 -> 50.433 | S32: =S31+R32 -> 1227.993 | T32: =+[1]Report1!AZ32 -> 3619.3398 | U32: =T32+U31 -> 88185.083 | V32: =T32/P32 -> 72.343389 | W32: =U32/Q32 -> 70.829457 | X32: =IF(AND(R32>0,T32>0),(T32/(R32*1000))*1000,0) -> 71.765308 | Y32: =IF(AND(S32>0,U32>0),U32/S32,0) -> 71.812366 | Z32: 94.9 | AA32: =Z32+AA31 -> 2285.06 | AB32: =Z32/(P32) -> 1.8968619 | AC32: =AA32/(Q32) -> 1.8353394 | AD32: =IF(AND(R32>0,Z32>0),Z32/(R32),0) -> 1.8817044 | AE32: =IF(AND(S32>0,AA32>0),AA32/(S32),0) -> 1.8608087 | AG32: =+AF32+AG31 -> 0 | AH32: =AF32/(P32) -> 0 | AI32: =AG32/(Q32) -> 0 | AJ32: =IF(AND(R32>0,AF32>0),AF32/(R32),0) -> 0 | AK32: =IF(AND(S32>0,AG32>0),AG32/(S32),0) -> 0 | AL32: =+'24'!I46 -> 42826.36 | AM32: =AL32+AM31 -> 924543.4 | AN32: =IF(AND(L32>0,AL32>0),(AL32/(P32*1000)*1000),0) -> 856.01359 | AO32: =IF(AND(M32>0,AM32>0),(AM32/(Q32*1000)*1000),0) -> 742.58486 | AP32: =IF(AND(R32>0,AL32>0),(AL32/(R32*1000)*1000),0) -> 849.17336 | AQ32: =IF(AND(S32>0,AM32>0),(AM32/(S32*1000)*1000),0) -> 752.8898 | AR32: =+Listrik!AA31 -> 20513.798 | AS32: =AR32+AS31 -> 577007.54 | AT32: =IF(AND(L32>0,AR32>0),(AR32/(P32*1000)*1000),0) -> 410.02994 | AU32: =IF(AND(M32>0,AS32>0),(AS32/(Q32*1000)*1000),0) -> 463.44721 | AV32: =IF(AND(R32>0,AR32>0),(AR32/(R32*1000)*1000),0) -> 406.75347 | AW32: =IF(AND(S32>0,AS32>0),(AS32/(S32*1000)*1000),0) -> 469.87852 | AX32: 0 | AY32: =AX32+AY31 -> 0 | AZ32: =IF(AND(L32>0,AX32>0),(AX32/(P32*1000)*1000),0) -> 0 | BA32: =IF(AND(M32>0,AY32>0),(AY32/(Q32*1000)*1000),0) -> 0 | BB32: =IF(AND(R32>0,AX32>0),(AX32/(R32*1000)*1000),0) -> 0 | BC32: =IF(AND(S32>0,AY32>0),(AY32/(S32*1000)*1000),0) -> 0 | BE32: =+Efficiency2!K104 -> 53.53047 | BF32: =BF31+BE32 -> 1287.5565 | BG32: =+R32/BE32 -> 0.94213632 | BH32: =+S32/BF32 -> 0.95373909
A33: =A32+1 -> 46106 | B33: Toilet | C33: 13,5 | D33: =+'25'!F42 -> 1225 | E33: =+'25'!G42 -> 1029 | F33: =1-(E33/D33) -> 0.16 | G33: =+P33/N33 -> 0.96504512 | H33: =+P33/L33 -> 0.94574421 | I33: =+R33/P33 -> 1.0802399 | J33: =+R33/L33 -> 1.0216306 | K33: =+S33/M33 -> 0.93452837 | L33: =+Efficiency1!K108 -> 52.723558 | M33: =M32+L33 -> 1371.6619 | N33: =+Efficiency1!C108 -> 51.669087 | O33: =O32+N33 -> 1349.843 | P33: ='25'!I38 -> 49.863 | Q33: =Q32+P33 -> 1294.897 | R33: ='25'!I40 -> 53.864 | S33: =S32+R33 -> 1281.857 | T33: =+[1]Report1!AZ33 -> 3619.8031 | U33: =T33+U32 -> 91804.886 | V33: =T33/P33 -> 72.594972 | W33: =U33/Q33 -> 70.897443 | X33: =IF(AND(R33>0,T33>0),(T33/(R33*1000))*1000,0) -> 67.202642 | Y33: =IF(AND(S33>0,U33>0),U33/S33,0) -> 71.618664 | Z33: 93.5 | AA33: =Z33+AA32 -> 2378.56 | AB33: =Z33/(P33) -> 1.8751379 | AC33: =AA33/(Q33) -> 1.836872 | AD33: =IF(AND(R33>0,Z33>0),Z33/(R33),0) -> 1.7358533 | AE33: =IF(AND(S33>0,AA33>0),AA33/(S33),0) -> 1.855558 | AG33: =+AF33+AG32 -> 0 | AH33: =AF33/(P33) -> 0 | AI33: =AG33/(Q33) -> 0 | AJ33: =IF(AND(R33>0,AF33>0),AF33/(R33),0) -> 0 | AK33: =IF(AND(S33>0,AG33>0),AG33/(S33),0) -> 0 | AL33: =+'25'!I46 -> 37579.775 | AM33: =AL33+AM32 -> 962123.17 | AN33: =IF(AND(L33>0,AL33>0),(AL33/(P33*1000)*1000),0) -> 753.66053 | AO33: =IF(AND(M33>0,AM33>0),(AM33/(Q33*1000)*1000),0) -> 743.01135 | AP33: =IF(AND(R33>0,AL33>0),(AL33/(R33*1000)*1000),0) -> 697.67888 | AQ33: =IF(AND(S33>0,AM33>0),(AM33/(S33*1000)*1000),0) -> 750.56982 | AR33: =+Listrik!AA32 -> 26694 | AS33: =AR33+AS32 -> 603701.54 | AT33: =IF(AND(L33>0,AR33>0),(AR33/(P33*1000)*1000),0) -> 535.34685 | AU33: =IF(AND(M33>0,AS33>0),(AS33/(Q33*1000)*1000),0) -> 466.21587 | AV33: =IF(AND(R33>0,AR33>0),(AR33/(R33*1000)*1000),0) -> 495.58146 | AW33: =IF(AND(S33>0,AS33>0),(AS33/(S33*1000)*1000),0) -> 470.95857 | AX33: 0 | AY33: =AX33+AY32 -> 0 | AZ33: =IF(AND(L33>0,AX33>0),(AX33/(P33*1000)*1000),0) -> 0 | BA33: =IF(AND(M33>0,AY33>0),(AY33/(Q33*1000)*1000),0) -> 0 | BB33: =IF(AND(R33>0,AX33>0),(AX33/(R33*1000)*1000),0) -> 0 | BC33: =IF(AND(S33>0,AY33>0),(AY33/(S33*1000)*1000),0) -> 0 | BE33: =+Efficiency2!K108 -> 52.723558 | BF33: =BF32+BE33 -> 1340.2801 | BG33: =+R33/BE33 -> 1.0216306 | BH33: =+S33/BF33 -> 0.95640978
A34: =A33+1 -> 46107 | B34: Toilet | C34: 13,5 | D34: =+'26'!F42 -> 1225 | E34: =+'26'!G42 -> 1029 | F34: =1-(E34/D34) -> 0.16 | G34: =+P34/N34 -> 0.95028918 | H34: =+P34/L34 -> 0.9312834 | I34: =+R34/P34 -> 1.0223754 | J34: =+R34/L34 -> 0.9521212 | K34: =+S34/M34 -> 0.93517521 | L34: =+Efficiency1!K112 -> 52.35678 | M34: =M33+L34 -> 1424.0187 | N34: =+Efficiency1!C112 -> 51.309644 | O34: =O33+N34 -> 1401.1526 | P34: ='26'!I38 -> 48.759 | Q34: =Q33+P34 -> 1343.656 | R34: ='26'!I40 -> 49.85 | S34: =S33+R34 -> 1331.707 | T34: =+[1]Report1!AZ34 -> 3586.241 | U34: =T34+U33 -> 95391.127 | V34: =T34/P34 -> 73.55034 | W34: =U34/Q34 -> 70.993712 | X34: =IF(AND(R34>0,T34>0),(T34/(R34*1000))*1000,0) -> 71.940642 | Y34: =IF(AND(S34>0,U34>0),U34/S34,0) -> 71.630717 | Z34: 94.9 | AA34: =Z34+AA33 -> 2473.46 | AB34: =Z34/(P34) -> 1.9463073 | AC34: =AA34/(Q34) -> 1.8408432 | AD34: =IF(AND(R34>0,Z34>0),Z34/(R34),0) -> 1.9037111 | AE34: =IF(AND(S34>0,AA34>0),AA34/(S34),0) -> 1.8573605 | AG34: =+AF34+AG33 -> 0 | AH34: =AF34/(P34) -> 0 | AI34: =AG34/(Q34) -> 0 | AJ34: =IF(AND(R34>0,AF34>0),AF34/(R34),0) -> 0 | AK34: =IF(AND(S34>0,AG34>0),AG34/(S34),0) -> 0 | AL34: ='26'!I46 -> 40860 | AM34: =AL34+AM33 -> 1002983.2 | AN34: =IF(AND(L34>0,AL34>0),(AL34/(P34*1000)*1000),0) -> 837.99914 | AO34: =IF(AND(M34>0,AM34>0),(AM34/(Q34*1000)*1000),0) -> 746.4583 | AP34: =IF(AND(R34>0,AL34>0),(AL34/(R34*1000)*1000),0) -> 819.65898 | AQ34: =IF(AND(S34>0,AM34>0),(AM34/(S34*1000)*1000),0) -> 753.15604 | AR34: =+Listrik!AA33 -> 20463.6 | AS34: =AR34+AS33 -> 624165.14 | AT34: =IF(AND(L34>0,AR34>0),(AR34/(P34*1000)*1000),0) -> 419.68867 | AU34: =IF(AND(M34>0,AS34>0),(AS34/(Q34*1000)*1000),0) -> 464.52748 | AV34: =IF(AND(R34>0,AR34>0),(AR34/(R34*1000)*1000),0) -> 410.50351 | AW34: =IF(AND(S34>0,AS34>0),(AS34/(S34*1000)*1000),0) -> 468.69554 | AX34: 0 | AY34: =AX34+AY33 -> 0 | AZ34: =IF(AND(L34>0,AX34>0),(AX34/(P34*1000)*1000),0) -> 0 | BA34: =IF(AND(M34>0,AY34>0),(AY34/(Q34*1000)*1000),0) -> 0 | BB34: =IF(AND(R34>0,AX34>0),(AX34/(R34*1000)*1000),0) -> 0 | BC34: =IF(AND(S34>0,AY34>0),(AY34/(S34*1000)*1000),0) -> 0 | BE34: =+Efficiency2!K112 -> 52.35678 | BF34: =BF33+BE34 -> 1392.6369 | BG34: =+R34/BE34 -> 0.9521212 | BH34: =+S34/BF34 -> 0.95624855
A35: =A34+1 -> 46108 | B35: Toilet | C35: 13,5 | D35: =+'27'!F42 -> 1225 | E35: =+'27'!G42 -> 1029 | F35: =1-(E35/D35) -> 0.16 | G35: =+P35/N35 -> 0.96184798 | H35: =+P35/L35 -> 0.94261102 | I35: =+R35/P35 -> 0.8230256 | J35: =+R35/L35 -> 0.775793 | K35: =+S35/M35 -> 0.92931299 | L35: =+Efficiency1!K116 -> 54.376619 | M35: =M34+L35 -> 1478.3953 | N35: =+Efficiency1!C116 -> 53.289086 | O35: =O34+N35 -> 1454.4417 | P35: ='27'!I38 -> 51.256 | Q35: =Q34+P35 -> 1394.912 | R35: ='27'!I40 -> 42.185 | S35: =S34+R35 -> 1373.892 | T35: =+[1]Report1!AZ35 -> 3644.9278 | U35: =T35+U34 -> 99036.055 | V35: =T35/P35 -> 71.112216 | W35: =U35/Q35 -> 70.998066 | X35: =IF(AND(R35>0,T35>0),(T35/(R35*1000))*1000,0) -> 86.403408 | Y35: =IF(AND(S35>0,U35>0),U35/S35,0) -> 72.084308 | Z35: 95.3 | AA35: =Z35+AA34 -> 2568.76 | AB35: =Z35/(P35) -> 1.8592945 | AC35: =AA35/(Q35) -> 1.8415212 | AD35: =IF(AND(R35>0,Z35>0),Z35/(R35),0) -> 2.2590968 | AE35: =IF(AND(S35>0,AA35>0),AA35/(S35),0) -> 1.8696957 | AG35: =+AF35+AG34 -> 0 | AH35: =AF35/(P35) -> 0 | AI35: =AG35/(Q35) -> 0 | AJ35: =IF(AND(R35>0,AF35>0),AF35/(R35),0) -> 0 | AK35: =IF(AND(S35>0,AG35>0),AG35/(S35),0) -> 0 | AL35: ='27'!I46 -> 37571.507 | AM35: =AL35+AM34 -> 1040554.7 | AN35: =IF(AND(L35>0,AL35>0),(AL35/(P35*1000)*1000),0) -> 733.01676 | AO35: =IF(AND(M35>0,AM35>0),(AM35/(Q35*1000)*1000),0) -> 745.96439 | AP35: =IF(AND(R35>0,AL35>0),(AL35/(R35*1000)*1000),0) -> 890.63665 | AQ35: =IF(AND(S35>0,AM35>0),(AM35/(S35*1000)*1000),0) -> 757.37735 | AR35: =+Listrik!AA34 -> 23219.9 | AS35: =AR35+AS34 -> 647385.04 | AT35: =IF(AND(L35>0,AR35>0),(AR35/(P35*1000)*1000),0) -> 453.01818 | AU35: =IF(AND(M35>0,AS35>0),(AS35/(Q35*1000)*1000),0) -> 464.10457 | AV35: =IF(AND(R35>0,AR35>0),(AR35/(R35*1000)*1000),0) -> 550.43025 | AW35: =IF(AND(S35>0,AS35>0),(AS35/(S35*1000)*1000),0) -> 471.20519 | AX35: 0 | AY35: =AX35+AY34 -> 0 | AZ35: =IF(AND(L35>0,AX35>0),(AX35/(P35*1000)*1000),0) -> 0 | BA35: =IF(AND(M35>0,AY35>0),(AY35/(Q35*1000)*1000),0) -> 0 | BB35: =IF(AND(R35>0,AX35>0),(AX35/(R35*1000)*1000),0) -> 0 | BC35: =IF(AND(S35>0,AY35>0),(AY35/(S35*1000)*1000),0) -> 0 | BE35: =+Efficiency2!K116 -> 54.376619 | BF35: =BF34+BE35 -> 1447.0135 | BG35: =+R35/BE35 -> 0.775793 | BH35: =+S35/BF35 -> 0.9494673
A36: =A35+1 -> 46109 | B36: Toilet | C36: 13,5 | D36: =+'28'!F42 -> 1208.3333 | E36: =+'28'!G42 -> 1015 | F36: =1-(E36/D36) -> 0.16 | G36: =+P36/N36 -> 0.98693875 | H36: =+P36/L36 -> 0.95404079 | I36: =+R36/P36 -> 0.83531328 | J36: =+R36/L36 -> 0.79692294 | K36: =+S36/M36 -> 0.92458904 | L36: =+Efficiency1!K120 -> 54.70416 | M36: =M35+L36 -> 1533.0995 | N36: =+Efficiency1!C120 -> 52.880688 | O36: =O35+N36 -> 1507.3224 | P36: ='28'!I38 -> 52.19 | Q36: =Q35+P36 -> 1447.102 | R36: ='28'!I40 -> 43.595 | S36: =S35+R36 -> 1417.487 | T36: =+[1]Report1!AZ36 -> 3762.7395 | U36: =T36+U35 -> 102798.79 | V36: =T36/P36 -> 72.096944 | W36: =U36/Q36 -> 71.037697 | X36: =IF(AND(R36>0,T36>0),(T36/(R36*1000))*1000,0) -> 86.311263 | Y36: =IF(AND(S36>0,U36>0),U36/S36,0) -> 72.52186 | Z36: 94 | AA36: =Z36+AA35 -> 2662.76 | AB36: =Z36/(P36) -> 1.8011113 | AC36: =AA36/(Q36) -> 1.8400638 | AD36: =IF(AND(R36>0,Z36>0),Z36/(R36),0) -> 2.1562106 | AE36: =IF(AND(S36>0,AA36>0),AA36/(S36),0) -> 1.8785075 | AG36: =+AF36+AG35 -> 0 | AH36: =AF36/(P36) -> 0 | AI36: =AG36/(Q36) -> 0 | AJ36: =IF(AND(R36>0,AF36>0),AF36/(R36),0) -> 0 | AK36: =IF(AND(S36>0,AG36>0),AG36/(S36),0) -> 0 | AL36: ='28'!I46 -> 38411.682 | AM36: =AL36+AM35 -> 1078966.4 | AN36: =IF(AND(L36>0,AL36>0),(AL36/(P36*1000)*1000),0) -> 735.99697 | AO36: =IF(AND(M36>0,AM36>0),(AM36/(Q36*1000)*1000),0) -> 745.60491 | AP36: =IF(AND(R36>0,AL36>0),(AL36/(R36*1000)*1000),0) -> 881.10292 | AQ36: =IF(AND(S36>0,AM36>0),(AM36/(S36*1000)*1000),0) -> 761.18255 | AR36: =+Listrik!AA35 -> 23223.05 | AS36: =AR36+AS35 -> 670608.09 | AT36: =IF(AND(L36>0,AR36>0),(AR36/(P36*1000)*1000),0) -> 444.97126 | AU36: =IF(AND(M36>0,AS36>0),(AS36/(Q36*1000)*1000),0) -> 463.41453 | AV36: =IF(AND(R36>0,AR36>0),(AR36/(R36*1000)*1000),0) -> 532.69985 | AW36: =IF(AND(S36>0,AS36>0),(AS36/(S36*1000)*1000),0) -> 473.09646 | AX36: 0 | AY36: =AX36+AY35 -> 0 | AZ36: =IF(AND(L36>0,AX36>0),(AX36/(P36*1000)*1000),0) -> 0 | BA36: =IF(AND(M36>0,AY36>0),(AY36/(Q36*1000)*1000),0) -> 0 | BB36: =IF(AND(R36>0,AX36>0),(AX36/(R36*1000)*1000),0) -> 0 | BC36: =IF(AND(S36>0,AY36>0),(AY36/(S36*1000)*1000),0) -> 0 | BE36: =+Efficiency2!K120 -> 54.70416 | BF36: =BF35+BE36 -> 1501.7177 | BG36: =+R36/BE36 -> 0.79692294 | BH36: =+S36/BF36 -> 0.94391046
A37: =A36+1 -> 46110 | B37: Toilet | C37: 13,5/14,5 | D37: =+'29'!F42 -> 1187.3611 | E37: =+'29'!G42 -> 997.38333 | F37: =1-(E37/D37) -> 0.16 | G37: =+P37/N37 -> 0.96500664 | H37: =+P37/L37 -> 0.93754746 | I37: =+R37/P37 -> 0.88183332 | J37: =+R37/L37 -> 0.82676059 | K37: =+S37/M37 -> 0.92123336 | L37: =+SUM(Efficiency1!K124:K125) -> 54.45591 | M37: =M36+L37 -> 1587.5554 | N37: =+SUM(Efficiency1!C124:C125) -> 52.906372 | O37: =O36+N37 -> 1560.2287 | P37: ='29'!I38 -> 51.055 | Q37: =Q36+P37 -> 1498.157 | R37: ='29'!I40 -> 45.022 | S37: =S36+R37 -> 1462.509 | T37: =+[1]Report1!AZ37 -> 3761.7017 | U37: =T37+U36 -> 106560.5 | V37: =T37/P37 -> 73.6794 | W37: =U37/Q37 -> 71.127723 | X37: =IF(AND(R37>0,T37>0),(T37/(R37*1000))*1000,0) -> 83.552524 | Y37: =IF(AND(S37>0,U37>0),U37/S37,0) -> 72.861429 | Z37: 93.8 | AA37: =Z37+AA36 -> 2756.56 | AB37: =Z37/(P37) -> 1.8372344 | AC37: =AA37/(Q37) -> 1.8399674 | AD37: =IF(AND(R37>0,Z37>0),Z37/(R37),0) -> 2.0834259 | AE37: =IF(AND(S37>0,AA37>0),AA37/(S37),0) -> 1.8848158 | AG37: =+AF37+AG36 -> 0 | AH37: =AF37/(P37) -> 0 | AI37: =AG37/(Q37) -> 0 | AJ37: =IF(AND(R37>0,AF37>0),AF37/(R37),0) -> 0 | AK37: =IF(AND(S37>0,AG37>0),AG37/(S37),0) -> 0 | AL37: ='29'!I46 -> 39765.44 | AM37: =AL37+AM36 -> 1118731.8 | AN37: =IF(AND(L37>0,AL37>0),(AL37/(P37*1000)*1000),0) -> 778.87455 | AO37: =IF(AND(M37>0,AM37>0),(AM37/(Q37*1000)*1000),0) -> 746.73869 | AP37: =IF(AND(R37>0,AL37>0),(AL37/(R37*1000)*1000),0) -> 883.24463 | AQ37: =IF(AND(S37>0,AM37>0),(AM37/(S37*1000)*1000),0) -> 764.94011 | AR37: =+Listrik!AA36 -> 23978.638 | AS37: =AR37+AS36 -> 694586.72 | AT37: =IF(AND(L37>0,AR37>0),(AR37/(P37*1000)*1000),0) -> 469.66287 | AU37: =IF(AND(M37>0,AS37>0),(AS37/(Q37*1000)*1000),0) -> 463.62746 | AV37: =IF(AND(R37>0,AR37>0),(AR37/(R37*1000)*1000),0) -> 532.59824 | AW37: =IF(AND(S37>0,AS37>0),(AS37/(S37*1000)*1000),0) -> 474.92817 | AX37: 0 | AY37: =AX37+AY36 -> 0 | AZ37: =IF(AND(L37>0,AX37>0),(AX37/(P37*1000)*1000),0) -> 0 | BA37: =IF(AND(M37>0,AY37>0),(AY37/(Q37*1000)*1000),0) -> 0 | BB37: =IF(AND(R37>0,AX37>0),(AX37/(R37*1000)*1000),0) -> 0 | BC37: =IF(AND(S37>0,AY37>0),(AY37/(S37*1000)*1000),0) -> 0 | BE37: =+SUM(Efficiency2!K124:K125) -> 54.45591 | BF37: =BF36+BE37 -> 1556.1736 | BG37: =+R37/BE37 -> 0.82676059 | BH37: =+S37/BF37 -> 0.93981098
A38: =A37+1 -> 46111 | B38: Toilet | C38: 13,5/14,5 | D38: =+'30'!F42 -> 1134.0625 | E38: =+'30'!G42 -> 952.6125 | F38: =1-(E38/D38) -> 0.16 | G38: =+P38/N38 -> 0.97443262 | H38: =+P38/L38 -> 0.9357754 | I38: =+R38/P38 -> 1.0862628 | J38: =+R38/L38 -> 1.016498 | K38: =+S38/M38 -> 0.92435114 | L38: =+SUM(Efficiency1!K128:K129) -> 53.714813 | M38: =M37+L38 -> 1641.2702 | N38: =+SUM(Efficiency1!C128:C129) -> 51.583864 | O38: =O37+N38 -> 1611.8126 | P38: ='30'!I38 -> 50.265 | Q38: =Q37+P38 -> 1548.422 | R38: ='30'!I40 -> 54.601 | S38: =S37+R38 -> 1517.11 | T38: =+[1]Report1!AZ38 -> 3711.3867 | U38: =T38+U37 -> 110271.88 | V38: =T38/P38 -> 73.8364 | W38: =U38/Q38 -> 71.215652 | X38: =IF(AND(R38>0,T38>0),(T38/(R38*1000))*1000,0) -> 67.97287 | Y38: =IF(AND(S38>0,U38>0),U38/S38,0) -> 72.685489 | Z38: 91.2 | AA38: =Z38+AA37 -> 2847.76 | AB38: =Z38/(P38) -> 1.8143838 | AC38: =AA38/(Q38) -> 1.8391369 | AD38: =IF(AND(R38>0,Z38>0),Z38/(R38),0) -> 1.6702991 | AE38: =IF(AND(S38>0,AA38>0),AA38/(S38),0) -> 1.8770953 | AG38: =+AF38+AG37 -> 0 | AH38: =AF38/(P38) -> 0 | AI38: =AG38/(Q38) -> 0 | AJ38: =IF(AND(R38>0,AF38>0),AF38/(R38),0) -> 0 | AK38: =IF(AND(S38>0,AG38>0),AG38/(S38),0) -> 0 | AL38: ='30'!I46 -> 41917.127 | AM38: =AL38+AM37 -> 1160648.9 | AN38: =IF(AND(L38>0,AL38>0),(AL38/(P38*1000)*1000),0) -> 833.92274 | AO38: =IF(AND(M38>0,AM38>0),(AM38/(Q38*1000)*1000),0) -> 749.56887 | AP38: =IF(AND(R38>0,AL38>0),(AL38/(R38*1000)*1000),0) -> 767.69888 | AQ38: =IF(AND(S38>0,AM38>0),(AM38/(S38*1000)*1000),0) -> 765.0394 | AR38: =+Listrik!AA37 -> 21571.428 | AS38: =AR38+AS37 -> 716158.15 | AT38: =IF(AND(L38>0,AR38>0),(AR38/(P38*1000)*1000),0) -> 429.15404 | AU38: =IF(AND(M38>0,AS38>0),(AS38/(Q38*1000)*1000),0) -> 462.50838 | AV38: =IF(AND(R38>0,AR38>0),(AR38/(R38*1000)*1000),0) -> 395.07386 | AW38: =IF(AND(S38>0,AS38>0),(AS38/(S38*1000)*1000),0) -> 472.0542 | AX38: 0 | AY38: =AX38+AY37 -> 0 | AZ38: =IF(AND(L38>0,AX38>0),(AX38/(P38*1000)*1000),0) -> 0 | BA38: =IF(AND(M38>0,AY38>0),(AY38/(Q38*1000)*1000),0) -> 0 | BB38: =IF(AND(R38>0,AX38>0),(AX38/(R38*1000)*1000),0) -> 0 | BC38: =IF(AND(S38>0,AY38>0),(AY38/(S38*1000)*1000),0) -> 0 | BE38: =+SUM(Efficiency2!K128:K129) -> 53.714813 | BF38: =BF37+BE38 -> 1609.8884 | BG38: =+R38/BE38 -> 1.016498 | BH38: =+S38/BF38 -> 0.94236968
A39: =A38+1 -> 46112 | B39: Toilet | C39: 13,5/15 | D39: =+'31'!F42 -> 1176.5556 | E39: =+'31'!G42 -> 988.30667 | F39: =1-(E39/D39) -> 0.16 | G39: =+P39/N39 -> 0.96931483 | H39: =+P39/L39 -> 0.94064226 | I39: =+R39/P39 -> 0.7969908 | J39: =+R39/L39 -> 0.74968323 | K39: =+S39/M39 -> 0.91895146 | L39: =+SUM(Efficiency1!K132:K133) -> 52.35678 | M39: =M38+L39 -> 1693.627 | N39: =+SUM(Efficiency1!C132:C133) -> 50.808054 | O39: =O38+N39 -> 1662.6207 | P39: ='31'!I38 -> 49.249 | Q39: =Q38+P39 -> 1597.671 | R39: ='31'!I40 -> 39.251 | S39: =S38+R39 -> 1556.361 | T39: =+[1]Report1!AZ39 -> 3877.0003 | U39: =T39+U38 -> 114148.88 | V39: =T39/P39 -> 78.722418 | W39: =U39/Q39 -> 71.447052 | X39: =IF(AND(R39>0,T39>0),(T39/(R39*1000))*1000,0) -> 98.774562 | Y39: =IF(AND(S39>0,U39>0),U39/S39,0) -> 73.343449 | Z39: 94.1 | AA39: =Z39+AA38 -> 2941.86 | AB39: =Z39/(P39) -> 1.9106987 | AC39: =AA39/(Q39) -> 1.8413428 | AD39: =IF(AND(R39>0,Z39>0),Z39/(R39),0) -> 2.3973911 | AE39: =IF(AND(S39>0,AA39>0),AA39/(S39),0) -> 1.890217 | AG39: =+AF39+AG38 -> 0 | AH39: =AF39/(P39) -> 0 | AI39: =AG39/(Q39) -> 0 | AJ39: =IF(AND(R39>0,AF39>0),AF39/(R39),0) -> 0 | AK39: =IF(AND(S39>0,AG39>0),AG39/(S39),0) -> 0 | AL39: ='31'!I46 -> 41946.466 | AM39: =AL39+AM38 -> 1202595.4 | AN39: =IF(AND(L39>0,AL39>0),(AL39/(P39*1000)*1000),0) -> 851.72219 | AO39: =IF(AND(M39>0,AM39>0),(AM39/(Q39*1000)*1000),0) -> 752.7178 | AP39: =IF(AND(R39>0,AL39>0),(AL39/(R39*1000)*1000),0) -> 1068.6725 | AQ39: =IF(AND(S39>0,AM39>0),(AM39/(S39*1000)*1000),0) -> 772.69695 | AR39: =+Listrik!AA38 -> 31893.76 | AS39: =AR39+AS38 -> 748051.91 | AT39: =IF(AND(L39>0,AR39>0),(AR39/(P39*1000)*1000),0) -> 647.60218 | AU39: =IF(AND(M39>0,AS39>0),(AS39/(Q39*1000)*1000),0) -> 468.21399 | AV39: =IF(AND(R39>0,AR39>0),(AR39/(R39*1000)*1000),0) -> 812.55917 | AW39: =IF(AND(S39>0,AS39>0),(AS39/(S39*1000)*1000),0) -> 480.64165 | AX39: 0 | AY39: =AX39+AY38 -> 0 | AZ39: =IF(AND(L39>0,AX39>0),(AX39/(P39*1000)*1000),0) -> 0 | BA39: =IF(AND(M39>0,AY39>0),(AY39/(Q39*1000)*1000),0) -> 0 | BB39: =IF(AND(R39>0,AX39>0),(AX39/(R39*1000)*1000),0) -> 0 | BC39: =IF(AND(S39>0,AY39>0),(AY39/(S39*1000)*1000),0) -> 0 | BE39: =+SUM(Efficiency2!K132:K133) -> 52.35678 | BF39: =BF38+BE39 -> 1662.2452 | BG39: =+R39/BE39 -> 0.74968323 | BH39: =+S39/BF39 -> 0.93630052
G41: =+P41/N41 -> 0.96093537 | H41: =+P41/L41 -> 0.9433429 | I41: =+R41/P41 -> 0.97414361 | J41: =+R41/L41 -> 0.91895146 | L41: =SUM(L9:L39) -> 1693.627 | N41: =SUM(N9:N39) -> 1662.6207 | P41: =SUM(P9:P39) -> 1597.671 | R41: =SUM(R9:R39) -> 1556.361 | T41: =SUM(T9:T39) -> 114148.88 | V41: =T41/P41 -> 71.447052 | X41: =IF(AND(R41>0,T41>0),(T41/(R41*1000))*1000,0) -> 73.343449 | Z41: =SUM(Z9:Z40) -> 2941.86 | AB41: =Z41/P41 -> 1.8413428 | AD41: =Z41/R41 -> 1.890217 | AF41: =SUM(AF9:AF40) -> 0 | AH41: =AF41/V41 -> 0 | AJ41: =AF41/R41 -> 0 | AL41: =SUM(AL9:AL39) -> 1202595.4 | AN41: =AL41/P41 -> 752.7178 | AP41: =AL41/R41 -> 772.69695 | AR41: =SUM(AR9:AR39) -> 748051.91 | AT41: =AR41/V41 -> 10470.018 | AV41: =AR41/R41 -> 480.64165 | AX41: =SUM(AX9:AX39) -> 0 | AZ41: =AX41/P41 -> 0 | BB41: =AX41/R41 -> 0 | BE41: =SUM(BE9:BE39) -> 1662.2452 | BG41: =+R41/BE41 -> 0.93630052

Sheet GRAFIK

Sheet Listrik
A2: MACHINE POWER CONSUMPTION (PER PANEL)
A4: Date | B4: PM (TON) | C4: FINSHED GOODS (TON) | X4: Total PM17 | AA4: Deinking | AD4: WPL
D5: MCC Aux TM | H5: Drive Panel | L5: Stock Prep & UTM 1 (3200 A) | P5: Stock Prep & UTM 2 (3200 A) | T5: Pulper
D6: KWH | E6: Consumption | F6: /TON PM | G6: /TON FG | H6: KWH | I6: Consumption | J6: /TON PM | K6: /TON FG | L6: KWH | M6: Consumption | N6: /TON PM | O6: /TON FG | P6: KWH | Q6: Consumption | R6: /TON PM | S6: /TON FG | T6: KWH | U6: Consumption | V6: /TON PM | W6: /TON FG | X6: Consumption | Y6: /TON PM | Z6: /TON FG | AA6: Consumption | AB6: /TON PM | AC6: /TON FG | AD6: Consumption | AE6: /TON PM | AF6: /TON FG
A8: =+Report1!A9 -> 46082 | B8: =+Report1!P9 -> 50.133 | C8: =+Report1!R9 -> 56.237 | D8: =+D7+E8 -> 11885.45 | E8: =+[2]Dailymar!AZ7 -> 11885.45 | F8: =E8/B8 -> 237.07837 | G8: =E8/C8 -> 211.34573 | H8: =+H7+I8 -> 16435.45 | I8: =+[2]Dailymar!BA7 -> 16435.45 | J8: =I8/B8 -> 327.83695 | K8: =I8/C8 -> 292.25332 | L8: =+L7+M8 -> 10980.02 | M8: =+[2]Dailymar!BB7 -> 10980.02 | N8: =M8/B8 -> 219.01782 | O8: =M8/C8 -> 195.24548 | P8: =+P7+Q8 -> 0 | R8: =Q8/B8 -> 0 | S8: =Q8/C8 -> 0 | T8: =+T7+U8 -> 10 | U8: =+[3]Dailymar!BC7 -> 10 | V8: =U8/B8 -> 0.19946941 | W8: =U8/C8 -> 0.17781887 | X8: =+E8+I8+M8+U8 -> 39310.92 | Y8: =X8/B8 -> 784.13261 | Z8: =X8/C8 -> 699.02235 | AA8: =+[2]Dailymar!BO7 -> 30967.4 | AB8: =AA8/B8 -> 617.7049 | AC8: =AA8/C8 -> 550.65882 | AE8: =AD8/D8 -> 0 | AF8: =AD8/E8 -> 0 | AJ8: Off Reel | AK8: Off Rewinder
A9: =+Report1!A10 -> 46083 | B9: =+Report1!P10 -> 52.173 | C9: =+Report1!R10 -> 52.433 | D9: =+D8+E9 -> 22541.3 | E9: =+[2]Dailymar!AZ8 -> 10655.85 | F9: =E9/B9 -> 204.2407 | G9: =E9/C9 -> 203.22793 | H9: =+H8+I9 -> 31941.3 | I9: =+[2]Dailymar!BA8 -> 15505.85 | J9: =I9/B9 -> 297.20066 | K9: =I9/C9 -> 295.72693 | L9: =+L8+M9 -> 21774.705 | M9: =+[2]Dailymar!BB8 -> 10794.685 | N9: =M9/B9 -> 206.90175 | O9: =M9/C9 -> 205.87578 | P9: =+P8+Q9 -> 0 | R9: =Q9/B9 -> 0 | S9: =Q9/C9 -> 0 | T9: =+T8+U9 -> 20 | U9: =+[3]Dailymar!BC8 -> 10 | V9: =U9/B9 -> 0.19167002 | W9: =U9/C9 -> 0.19071958 | X9: =+E9+I9+M9+U9 -> 36966.385 | Y9: =X9/B9 -> 708.53478 | Z9: =X9/C9 -> 705.02136 | AA9: =+[2]Dailymar!BO8 -> 29196 | AB9: =AA9/B9 -> 559.59979 | AC9: =AA9/C9 -> 556.8249 | AE9: =AD9/D9 -> 0 | AF9: =AD9/E9 -> 0 | AJ9: Off Reel | AK9: Off Rewinder
A10: =+Report1!A11 -> 46084 | B10: =+Report1!P11 -> 53.674 | C10: =+Report1!R11 -> 49.889 | D10: =+D9+E10 -> 32939.79 | E10: =+[2]Dailymar!AZ9 -> 10398.49 | F10: =E10/B10 -> 193.73421 | G10: =E10/C10 -> 208.43252 | H10: =+H9+I10 -> 46189.79 | I10: =+[2]Dailymar!BA9 -> 14248.49 | J10: =I10/B10 -> 265.46354 | K10: =I10/C10 -> 285.60384 | L10: =+L9+M10 -> 32879.25 | M10: =+[2]Dailymar!BB9 -> 11104.545 | N10: =M10/B10 -> 206.88873 | O10: =M10/C10 -> 222.58505 | P10: =+P9+Q10 -> 0 | R10: =Q10/B10 -> 0 | S10: =Q10/C10 -> 0 | T10: =+T9+U10 -> 30 | U10: =+[3]Dailymar!BC9 -> 10 | V10: =U10/B10 -> 0.18630995 | W10: =U10/C10 -> 0.20044499 | X10: =+E10+I10+M10+U10 -> 35761.525 | Y10: =X10/B10 -> 666.27279 | Z10: =X10/C10 -> 716.82185 | AA10: =+[2]Dailymar!BO9 -> 21611 | AB10: =AA10/B10 -> 402.63442 | AC10: =AA10/C10 -> 433.18166 | AE10: =AD10/D10 -> 0 | AF10: =AD10/E10 -> 0 | AJ10: Off Reel | AK10: Off Rewinder
A11: =+Report1!A12 -> 46085 | B11: =+Report1!P12 -> 37.878 | C11: =+Report1!R12 -> 39.68 | D11: =+D10+E11 -> 41711.47 | E11: =+[2]Dailymar!AZ10 -> 8771.68 | F11: =E11/B11 -> 231.57717 | G11: =E11/C11 -> 221.06048 | H11: =+H10+I11 -> 59011.47 | I11: =+[2]Dailymar!BA10 -> 12821.68 | J11: =I11/B11 -> 338.49939 | K11: =I11/C11 -> 323.12702 | L11: =+L10+M11 -> 41748.425 | M11: =+[2]Dailymar!BB10 -> 8869.1741 | N11: =M11/B11 -> 234.15107 | O11: =M11/C11 -> 223.51749 | P11: =+P10+Q11 -> 0 | R11: =Q11/B11 -> 0 | S11: =Q11/C11 -> 0 | T11: =+T10+U11 -> 40 | U11: =+[3]Dailymar!BC10 -> 10 | V11: =U11/B11 -> 0.26400549 | W11: =U11/C11 -> 0.25201613 | X11: =+E11+I11+M11+U11 -> 30472.534 | Y11: =X11/B11 -> 804.49163 | Z11: =X11/C11 -> 767.95701 | AA11: =+[2]Dailymar!BO10 -> 18324.901 | AB11: =AA11/B11 -> 483.78745 | AC11: =AA11/C11 -> 461.81706 | AE11: =AD11/D11 -> 0 | AF11: =AD11/E11 -> 0 | AJ11: Off Reel | AK11: Off Rewinder
A12: =+Report1!A13 -> 46086 | B12: =+Report1!P13 -> 52.676 | C12: =+Report1!R13 -> 54.178 | D12: =+D11+E12 -> 50730.18 | E12: =+[2]Dailymar!AZ11 -> 9018.71 | F12: =E12/B12 -> 171.21099 | G12: =E12/C12 -> 166.46443 | H12: =+H11+I12 -> 75480.18 | I12: =+[2]Dailymar!BA11 -> 16468.71 | J12: =I12/B12 -> 312.64162 | K12: =I12/C12 -> 303.97412 | L12: =+L11+M12 -> 53745.226 | M12: =+[2]Dailymar!BB11 -> 11996.801 | N12: =M12/B12 -> 227.74701 | O12: =M12/C12 -> 221.43308 | P12: =+P11+Q12 -> 0 | R12: =Q12/B12 -> 0 | S12: =Q12/C12 -> 0 | T12: =+T11+U12 -> 50 | U12: =+[3]Dailymar!BC11 -> 10 | V12: =U12/B12 -> 0.18983978 | W12: =U12/C12 -> 0.18457677 | X12: =+E12+I12+M12+U12 -> 37494.221 | Y12: =X12/B12 -> 711.78946 | Z12: =X12/C12 -> 692.05621 | AA12: =+[2]Dailymar!BO11 -> 23445.415 | AB12: =AA12/B12 -> 445.08723 | AC12: =AA12/C12 -> 432.74789 | AE12: =AD12/D12 -> 0 | AF12: =AD12/E12 -> 0 | AJ12: Off Reel | AK12: Off Rewinder
A13: =+Report1!A14 -> 46087 | B13: =+Report1!P14 -> 33.48 | C13: =+Report1!R14 -> 33.015 | D13: =+D12+E13 -> 59074.69 | E13: =+[2]Dailymar!AZ12 -> 8344.51 | F13: =E13/B13 -> 249.23865 | G13: =E13/C13 -> 252.74905 | H13: =+H12+I13 -> 85824.69 | I13: =+[2]Dailymar!BA12 -> 10344.51 | J13: =I13/B13 -> 308.97581 | K13: =I13/C13 -> 313.32758 | L13: =+L12+M13 -> 62169.993 | M13: =+[2]Dailymar!BB12 -> 8424.7669 | N13: =M13/B13 -> 251.63581 | O13: =M13/C13 -> 255.17997 | P13: =+P12+Q13 -> 0 | R13: =Q13/B13 -> 0 | S13: =Q13/C13 -> 0 | T13: =+T12+U13 -> 60 | U13: =+[3]Dailymar!BC12 -> 10 | V13: =U13/B13 -> 0.29868578 | W13: =U13/C13 -> 0.30289262 | X13: =+E13+I13+M13+U13 -> 27123.787 | Y13: =X13/B13 -> 810.14895 | Z13: =X13/C13 -> 821.5595 | AA13: =+[2]Dailymar!BO12 -> 20592.308 | AB13: =AA13/B13 -> 615.06296 | AC13: =AA13/C13 -> 623.72582 | AE13: =AD13/D13 -> 0 | AF13: =AD13/E13 -> 0 | AJ13: Off Reel | AK13: Off Rewinder
A14: =+Report1!A15 -> 46088 | B14: =+Report1!P15 -> 46.632 | C14: =+Report1!R15 -> 38.324 | D14: =+D13+E14 -> 68954.2 | E14: =+[2]Dailymar!AZ13 -> 9879.51 | F14: =E14/B14 -> 211.86117 | G14: =E14/C14 -> 257.78911 | H14: =+H13+I14 -> 101204.2 | I14: =+[2]Dailymar!BA13 -> 15379.51 | J14: =I14/B14 -> 329.80593 | K14: =I14/C14 -> 401.30232 | L14: =+L13+M14 -> 73678.067 | M14: =+[2]Dailymar!BB13 -> 11508.075 | N14: =M14/B14 -> 246.78492 | O14: =M14/C14 -> 300.28375 | P14: =+P13+Q14 -> 0 | R14: =Q14/B14 -> 0 | S14: =Q14/C14 -> 0 | T14: =+T13+U14 -> 70 | U14: =+[3]Dailymar!BC13 -> 10 | V14: =U14/B14 -> 0.21444502 | W14: =U14/C14 -> 0.2609331 | X14: =+E14+I14+M14+U14 -> 36777.095 | Y14: =X14/B14 -> 788.66646 | Z14: =X14/C14 -> 959.63612 | AA14: =+[2]Dailymar!BO13 -> 19486.9 | AB14: =AA14/B14 -> 417.88686 | AC14: =AA14/C14 -> 508.47772 | AE14: =AD14/D14 -> 0 | AF14: =AD14/E14 -> 0 | AJ14: Off Reel | AK14: Off Rewinder
A15: =+Report1!A16 -> 46089 | B15: =+Report1!P16 -> 52.326 | C15: =+Report1!R16 -> 46.312 | D15: =+D14+E15 -> 78727.43 | E15: =+[2]Dailymar!AZ14 -> 9773.23 | F15: =E15/B15 -> 186.77579 | G15: =E15/C15 -> 211.03019 | H15: =+H14+I15 -> 117627.43 | I15: =+[2]Dailymar!BA14 -> 16423.23 | J15: =I15/B15 -> 313.86366 | K15: =I15/C15 -> 354.62148 | L15: =+L14+M15 -> 84965.86 | M15: =+[2]Dailymar!BB14 -> 11287.792 | N15: =M15/B15 -> 215.72053 | O15: =M15/C15 -> 243.73364 | P15: =+P14+Q15 -> 0 | R15: =Q15/B15 -> 0 | S15: =Q15/C15 -> 0 | T15: =+T14+U15 -> 80 | U15: =+[3]Dailymar!BC14 -> 10 | V15: =U15/B15 -> 0.19110958 | W15: =U15/C15 -> 0.21592676 | X15: =+E15+I15+M15+U15 -> 37494.252 | Y15: =X15/B15 -> 716.55109 | Z15: =X15/C15 -> 809.60124 | AA15: =+[2]Dailymar!BO14 -> 26268.044 | AB15: =AA15/B15 -> 502.00749 | AC15: =AA15/C15 -> 567.19736 | AE15: =AD15/D15 -> 0 | AF15: =AD15/E15 -> 0 | AJ15: Off Reel | AK15: Off Rewinder
A16: =+Report1!A17 -> 46090 | B16: =+Report1!P17 -> 55.759 | C16: =+Report1!R17 -> 66.956 | D16: =+D15+E16 -> 89619.98 | E16: =+[2]Dailymar!AZ15 -> 10892.55 | F16: =E16/B16 -> 195.35053 | G16: =E16/C16 -> 162.68221 | H16: =+H15+I16 -> 134269.98 | I16: =+[2]Dailymar!BA15 -> 16642.55 | J16: =I16/B16 -> 298.47289 | K16: =I16/C16 -> 248.5595 | L16: =+L15+M16 -> 101476.09 | M16: =+[2]Dailymar!BB15 -> 16510.234 | N16: =M16/B16 -> 296.0999 | O16: =M16/C16 -> 246.58334 | P16: =+P15+Q16 -> 0 | R16: =Q16/B16 -> 0 | S16: =Q16/C16 -> 0 | T16: =+T15+U16 -> 90 | U16: =+[3]Dailymar!BC15 -> 10 | V16: =U16/B16 -> 0.17934325 | W16: =U16/C16 -> 0.14935181 | X16: =+E16+I16+M16+U16 -> 44055.334 | Y16: =X16/B16 -> 790.10266 | Z16: =X16/C16 -> 657.97441 | AA16: =+[2]Dailymar!BO15 -> 23221.706 | AB16: =AA16/B16 -> 416.46561 | AC16: =AA16/C16 -> 346.82039 | AE16: =AD16/D16 -> 0 | AF16: =AD16/E16 -> 0 | AJ16: Off Reel | AK16: Off Rewinder
A17: =+Report1!A18 -> 46091 | B17: =+Report1!P18 -> 57.142 | C17: =+Report1!R18 -> 55.335 | D17: =+D16+E17 -> 97987.14 | E17: =+[2]Dailymar!AZ16 -> 8367.16 | F17: =E17/B17 -> 146.4275 | G17: =E17/C17 -> 151.20918 | H17: =+H16+I17 -> 151587.14 | I17: =+[2]Dailymar!BA16 -> 17317.16 | J17: =I17/B17 -> 303.05485 | K17: =I17/C17 -> 312.9513 | L17: =+L16+M17 -> 116816.35 | M17: =+[2]Dailymar!BB16 -> 15340.251 | N17: =M17/B17 -> 268.45842 | O17: =M17/C17 -> 277.22511 | P17: =+P16+Q17 -> 0 | R17: =Q17/B17 -> 0 | S17: =Q17/C17 -> 0 | T17: =+T16+U17 -> 100 | U17: =+[3]Dailymar!BC16 -> 10 | V17: =U17/B17 -> 0.17500263 | W17: =U17/C17 -> 0.18071745 | X17: =+E17+I17+M17+U17 -> 41034.571 | Y17: =X17/B17 -> 718.11577 | Z17: =X17/C17 -> 741.5663 | AA17: =+[2]Dailymar!BO16 -> 27725.951 | AB17: =AA17/B17 -> 485.21142 | AC17: =AA17/C17 -> 501.05631 | AE17: =AD17/D17 -> 0 | AF17: =AD17/E17 -> 0 | AJ17: Off Reel | AK17: Off Rewinder
A18: =+Report1!A19 -> 46092 | B18: =+Report1!P19 -> 53.473 | C18: =+Report1!R19 -> 48.824 | D18: =+D17+E18 -> 107394.01 | E18: =+[2]Dailymar!AZ17 -> 9406.87 | F18: =E18/B18 -> 175.91813 | G18: =E18/C18 -> 192.66897 | H18: =+H17+I18 -> 168994.01 | I18: =+[2]Dailymar!BA17 -> 17406.87 | J18: =I18/B18 -> 325.52634 | K18: =I18/C18 -> 356.52282 | L18: =+L17+M18 -> 132052.54 | M18: =+[2]Dailymar!BB17 -> 15236.195 | N18: =M18/B18 -> 284.9325 | O18: =M18/C18 -> 312.06365 | P18: =+P17+Q18 -> 0 | R18: =Q18/B18 -> 0 | S18: =Q18/C18 -> 0 | T18: =+T17+U18 -> 110 | U18: =+[3]Dailymar!BC17 -> 10 | V18: =U18/B18 -> 0.18701027 | W18: =U18/C18 -> 0.2048173 | X18: =+E18+I18+M18+U18 -> 42059.935 | Y18: =X18/B18 -> 786.56397 | Z18: =X18/C18 -> 861.46025 | AA18: =+[2]Dailymar!BO17 -> 25138.049 | AB18: =AA18/B18 -> 470.10733 | AC18: =AA18/C18 -> 514.87074 | AE18: =AD18/D18 -> 0 | AF18: =AD18/E18 -> 0 | AJ18: Off Reel | AK18: Off Rewinder
A19: =+Report1!A20 -> 46093 | B19: =+Report1!P20 -> 52.467 | C19: =+Report1!R20 -> 52.936 | D19: =+D18+E19 -> 118097.9 | E19: =+[2]Dailymar!AZ18 -> 10703.89 | F19: =E19/B19 -> 204.01186 | G19: =E19/C19 -> 202.20436 | H19: =+H18+I19 -> 186647.9 | I19: =+[2]Dailymar!BA18 -> 17653.89 | J19: =I19/B19 -> 336.47607 | K19: =I19/C19 -> 333.49498 | L19: =+L18+M19 -> 143984.47 | M19: =+[2]Dailymar!BB18 -> 11931.93 | N19: =M19/B19 -> 227.41781 | O19: =M19/C19 -> 225.40294 | P19: =+P18+Q19 -> 0 | R19: =Q19/B19 -> 0 | S19: =Q19/C19 -> 0 | T19: =+T18+U19 -> 120 | U19: =+[3]Dailymar!BC18 -> 10 | V19: =U19/B19 -> 0.19059599 | W19: =U19/C19 -> 0.18890736 | X19: =+E19+I19+M19+U19 -> 40299.71 | Y19: =X19/B19 -> 768.09633 | Z19: =X19/C19 -> 761.29119 | AA19: =+[2]Dailymar!BO18 -> 23180.1 | AB19: =AA19/B19 -> 441.80342 | AC19: =AA19/C19 -> 437.88915 | AE19: =AD19/D19 -> 0 | AF19: =AD19/E19 -> 0 | AJ19: Off Reel | AK19: Off Rewinder
... A38: =+Report1!A39 -> 46112 | B38: =+Report1!P39 -> 49.249 | C38: =+Report1!R39 -> 39.251 | D38: =+D37+E38 -> 317947.37 | E38: =+[2]Dailymar!AZ37 -> 10683.9 | F38: =E38/B38 -> 216.93638 | G38: =E38/C38 -> 272.19434 | H38: =+H37+I38 -> 499697.37 | I38: =+[2]Dailymar!BA37 -> 16983.9 | J38: =I38/B38 -> 344.85776 | K38: =I38/C38 -> 432.6998 | L38: =+L37+M38 -> 384640.66 | M38: =+[2]Dailymar!BB37 -> 14268.666 | N38: =M38/B38 -> 289.72499 | O38: =M38/C38 -> 363.52363 | P38: =+P37+Q38 -> 0 | R38: =Q38/B38 -> 0 | S38: =Q38/C38 -> 0 | T38: =+T37+U38 -> 310 | U38: =+[3]Dailymar!BC37 -> 10 | V38: =U38/B38 -> 0.20304981 | W38: =U38/C38 -> 0.25477058 | X38: =+E38+I38+M38+U38 -> 41946.466 | Y38: =X38/B38 -> 851.72219 | Z38: =X38/C38 -> 1068.6725 | AA38: =+[2]Dailymar!BO37 -> 31893.76 | AB38: =AA38/B38 -> 647.60218 | AC38: =AA38/C38 -> 812.55917 | AE38: =AD38/D38 -> 0 | AF38: =AD38/E38 -> 0 | AJ38: Off Reel | AK38: Off Rewinder
A40: TOTAL | B40: =SUM(B8:B38) -> 1597.671 | C40: =SUM(C8:C38) -> 1556.361 | E40: =SUM(E8:E39) -> 317947.37 | F40: =E40/B40 -> 199.00679 | G40: =E40/C40 -> 204.28896 | I40: =SUM(I8:I39) -> 499697.37 | J40: =I40/B40 -> 312.76613 | K40: =I40/C40 -> 321.06778 | M40: =SUM(M8:M39) -> 384640.66 | N40: =M40/B40 -> 240.75085 | O40: =M40/C40 -> 247.14103 | Q40: =SUM(Q8:Q38) -> 0 | R40: =Q40/B40 -> 0 | S40: =Q40/C40 -> 0 | U40: =SUM(U8:U39) -> 310 | V40: =U40/B40 -> 0.19403244 | W40: =U40/C40 -> 0.19918258 | X40: =+E40+I40+M40+U40 -> 1202595.4 | Y40: =X40/B40 -> 752.7178 | Z40: =X40/C40 -> 772.69695 | AA40: =SUM(AA8:AA38) -> 748051.91 | AB40: =AA40/B40 -> 468.21399 | AC40: =AA40/C40 -> 480.64165 | AD40: =SUM(AD8:AD38) -> 0 | AE40: =AD40/D40 -> #DIV/0! | AF40: =AD40/E40 -> 0
X42: 0 | AA42: 0 | AD42: =+AD40-[4]DailyDes!$BO$38 -> -8717

Sheet Trim Rwd
A1: PM 17 | B1: =+Report1!A9 -> 46082
A3: Tgl | B3: Grade | C3: Ply | D3: Kombinasi Pot. | E3: Lebar Trim | F3: Jml Turunan | G3: Lebar x Turunan | H3: Rata-rata | I3: PHP PM
A4: =+B1 -> 46082 | B4: T 15 | C4: 2 | D4: 256,5*1 | E4: =256.5*1 -> 256.5 | F4: 65 | G4: =+E4*F4 -> 16672.5 | H4: =+G4/F4 -> 256.5 | I4: =+'1'!I38 -> 50.133
A6: =+A4+1 -> 46083 | B6: T 15 | C6: 2 | D6: 256,5*1 | E6: =256.5*1 -> 256.5 | F6: 60 | G6: =+E6*F6 -> 15390 | H6: =+G6/F6 -> 256.5 | I6: =+'2'!I38 -> 52.173
A8: =+A6+1 -> 46084 | B8: T 15 | C8: 2 | D8: 256,5*1 | E8: =256.5*1 -> 256.5 | F8: 57 | G8: =+E8*F8 -> 14620.5 | H8: =+G8/F8 -> 256.5 | I8: =+'3'!I38 -> 53.674
A10: =+A8+1 -> 46085 | B10: T 15 | C10: 2 | D10: 256,5*1 | E10: =256.5*1 -> 256.5 | F10: =5+3 -> 8 | G10: =+E10*F10 -> 2052 | H10: =+G10/F10 -> 256.5 | I10: =+'4'!I38 -> 37.878
B11: T 14,5 | C11: 2 | D11: 275*1 | E11: =275*1 -> 275 | F11: =6+2+8 -> 16 | G11: =+E11*F11 -> 4400 | H11: =+G11/F11 -> 275
A13: 46086 | B13: T 14,5 | C13: 2 | D13: 275*1 | E13: =275*1 -> 275 | F13: 27 | G13: =+E13*F13 -> 7425 | H13: =+G13/F13 -> 275 | I13: =+'5'!I38 -> 52.676
A15: 46087 | B15: T 15 | C15: 2 | D15: 256,5*1 | E15: =256.5*1 -> 256.5 | F15: =4+14+8 -> 26 | G15: =+E15*F15 -> 6669 | H15: =+G15/F15 -> 256.5 | I15: =+'6'!I38 -> 33.48
B16: T 14,5 | C16: 2 | D16: 275*1 | E16: =275*1 -> 275 | F16: 5 | G16: =+E16*F16 -> 1375 | H16: =+G16/F16 -> 275
A18: 46088 | B18: T 15 | C18: 2 | D18: 256,5*1 | E18: =256.5*1 -> 256.5 | F18: =4+3+11+9+11+6 -> 44 | G18: =+E18*F18 -> 11286 | H18: =+G18/F18 -> 256.5 | I18: =+'7'!I38 -> 46.632
A20: 46089 | B20: T 15 | C20: 2 | D20: 256,5*1 | E20: =256.5*1 -> 256.5 | F20: =12+9+11+11+10 -> 53 | G20: =+E20*F20 -> 13594.5 | H20: =+G20/F20 -> 256.5 | I20: =+'8'!I38 -> 52.326
A22: 46090 | B22: T 14,5 | C22: 2 | D22: 275*1 | E22: =275*1 -> 275 | F22: =9+9+8 -> 26 | G22: =+E22*F22 -> 7150 | H22: =+G22/F22 -> 275 | I22: =+'9'!I38 -> 55.759
B23: T 15 | C23: 2 | D23: 256,5*1 | E23: =256.5*1 -> 256.5 | F23: =9+2+2+2 -> 15 | G23: =+E23*F23 -> 3847.5 | H23: =+G23/F23 -> 256.5
A25: 46091 | B25: T 14,5 | C25: 2 | D25: 275*1 | E25: =275*1 -> 275 | F25: 27 | G25: =+E25*F25 -> 7425 | H25: =+G25/F25 -> 275 | I25: =+'10'!I38 -> 57.142
A27: 46092 | B27: T 14,5 | C27: 2 | D27: 275*1 | E27: =275*1 -> 275 | F27: 7 | G27: =+E27*F27 -> 1925 | H27: =+G27/F27 -> 275 | I27: =+'11'!I38 -> 53.473
B28: T 15 | C28: 2 | D28: 275*1 | E28: 275 | F28: =2+25+23 -> 50 | G28: =+E28*F28 -> 13750 | H28: =+G28/F28 -> 275
A30: 46093 | B30: T 15 | C30: 2 | D30: 275*1 | E30: =275*1 -> 275 | F30: =20+4+2+4 -> 30 | G30: =+E30*F30 -> 8250 | H30: =+SUM(F30*E30+F31*E31)/SUM(F30:F31) -> 268.0625 | I30: =+'12'!I38 -> 52.467
B31: T 15 | C31: 2 | D31: 256,5*1 | E31: =256.5*1 -> 256.5 | F31: =5+13 -> 18 | G31: =+E31*F31 -> 4617
B32: T 14 | C32: 2 | D32: 271*1 | E32: 271 | F32: =20+6 -> 26 | G32: =+E32*F32 -> 7046 | H32: =+G32/F32 -> 271
A34: 46094 | B34: T 14 | C34: 2 | D34: 271*1 | E34: 271 | F34: =3+20+6+16+5 -> 50 | G34: =+E34*F34 -> 13550 | H34: =+G34/F34 -> 271 | I34: =+'13'!I38 -> 52.908
B35: T 13,5 | C35: 2 | D35: 254+14 | E35: =254+14 -> 268 | F35: =3+13+7 -> 23 | G35: =+E35*F35 -> 6164 | H35: =+G35/F35 -> 268
A37: 46095 | B37: T 13,5 | C37: 2 | D37: 254+14 | E37: =254+14 -> 268 | F37: =118/2 -> 59 | G37: =+E37*F37 -> 15812 | H37: =+G37/F37 -> 268 | I37: =+'14'!I38 -> 53.817
A39: 46096 | B39: T 13,5 | C39: 2 | D39: 254+14 | E39: =254+14 -> 268 | F39: =19+10 -> 29 | G39: =+E39*F39 -> 7772 | H39: =+SUM(F39*E39+F40*E40)/SUM(F39:F40) -> 262.91346 | I39: =+'15'!I38 -> 49.989
B40: T 13,5 | C40: 2 | D40: 256,5*1 | E40: =256.5*1 -> 256.5 | F40: =3+13+7 -> 23 | G40: =+E40*F40 -> 5899.5
A42: 46097 | B42: T 13,5 | C42: 2 | D42: 254+14 | E42: =254+14 -> 268 | F42: =10+9+23 -> 42 | G42: =+E42*F42 -> 11256 | H42: =+SUM(F42*E42+F43*E43)/SUM(F42:F43) -> 264.41803 | I42: =+'16'!I38 -> 49.835
B43: T 13,5 | C43: 2 | D43: 256,5*1 | E43: =256.5*1 -> 256.5 | F43: =4+12+3 -> 19 | G43: =+E43*F43 -> 4873.5
A45: 46098 | B45: T 13,5 | C45: 2 | D45: 254+14 | E45: =254+14 -> 268 | F45: =11+1 -> 12 | G45: =+E45*F45 -> 3216 | H45: =+SUM(F45*E45+F46*E46)/SUM(F45:F46) -> 260.55882 | I45: =+'17'!I38 -> 49.498
B46: T 13,5 | C46: 2 | D46: 256,5*1 | E46: =256.5*1 -> 256.5 | F46: =6+16 -> 22 | G46: =+E46*F46 -> 5643
B47: T 15 | C47: 2 | D47: 130*2 | E47: =130*2 -> 260 | F47: =76/2 -> 38 | G47: =+E47*F47 -> 9880 | H47: =+G47/F47 -> 260
A49: 46099 | B49: T 15 | C49: 2 | D49: 130*2 | E49: =130*2 -> 260 | F49: 20 | G49: =+E49*F49 -> 5200 | H49: =+G49/F49 -> 260 | I49: =+'18'!N37 -> 7.957
B50: TW 22 | C50: 2 | D50: 257*1 | E50: =257*1 -> 257 | F50: =6+18+18 -> 42 | G50: =+E50*F50 -> 10794 | H50: =+G50/F50 -> 257 | I50: =+'18'!N38 -> 48.861
A52: 46100 | B52: TW 22 | C52: 2 | D52: 257*1 | E52: =257*1 -> 257 | F52: 53 | G52: =+E52*F52 -> 13621 | H52: =+G52/F52 -> 257 | I52: =+'19'!I38 -> 60.469
A54: 46101 | B54: TW 22 | C54: 2 | D54: 257*1 | E54: =257*1 -> 257 | F54: 51 | G54: =+E54*F54 -> 13107 | H54: =+G54/F54 -> 257 | I54: =+'20'!I38 -> 56.71
A56: 46102 | B56: TW 22 | C56: 2 | D56: 257*1 | E56: =257*1 -> 257 | F56: 53 | G56: =+E56*F56 -> 13621 | H56: =+G56/F56 -> 257 | I56: =+'21'!I38 -> 60.215
A58: 46103 | B58: TW 22 | C58: 2 | D58: 257*1 | E58: =257*1 -> 257 | F58: =5+18+17 -> 40 | G58: =+E58*F58 -> 10280 | H58: =+G58/F58 -> 257 | I58: =+'22'!I38 -> 54.511
B59: T 15 | C59: 2 | D59: 130*2 | E59: =130*2 -> 260 | F59: 17 | G59: =+E59*F59 -> 4420 | H59: =+G59/F59 -> 260
A61: 46104 | B61: T 15 | C61: 2 | D61: 130*2 | E61: =130*2 -> 260 | F61: =94/2 -> 47 | G61: =+E61*F61 -> 12220 | H61: =+G61/F61 -> 260 | I61: =+'23'!I38 -> 52.421
B62: T 13,5 | C62: 2 | D62: 256,5*1 | E62: =256.5*1 -> 256.5 | F62: =4+19 -> 23 | G62: =+E62*F62 -> 5899.5 | H62: =+G62/F62 -> 256.5
A64: 46105 | B64: T 13,5 | C64: 2 | D64: 254+14 | E64: =254+14 -> 268 | F64: =25+6 -> 31 | G64: =+E64*F64 -> 8308 | H64: =+SUM(F64*E64+F65*E65)/SUM(F64:F65) -> 262.25 | I64: =+'24'!I38 -> 50.03
B65: T 13,5 | C65: 2 | D65: 256,5*1 | E65: =256.5*1 -> 256.5 | F65: =19+12 -> 31 | G65: =+E65*F65 -> 7951.5
A67: 46106 | B67: T 13,5 | C67: 2 | D67: 254+14 | E67: =254+14 -> 268 | F67: 5 | G67: =+E67*F67 -> 1340 | H67: =+SUM(F67*E67+F68*E68)/SUM(F67:F68) -> 258.29688 | I67: =+'25'!I38 -> 49.863
B68: T 13,5 | C68: 2 | D68: 256,5*1 | E68: =256.5*1 -> 256.5 | F68: =9+9+9 -> 27 | G68: =+E68*F68 -> 6925.5
A70: 46107 | B70: T 13,5 | C70: 2 | D70: 256,5*1 | E70: =256.5*1 -> 256.5 | F70: =9+9+9 -> 27 | G70: =+E70*F70 -> 6925.5 | H70: =+G70/F70 -> 256.5 | I70: =+'26'!I38 -> 48.759
A72: 46108 | B72: T 13,5 | C72: 2 | D72: 256,5*1 | E72: =256.5*1 -> 256.5 | F72: 6 | G72: =+E72*F72 -> 1539 | H72: =+SUM(F72*E72+F73*E73)/SUM(F72:F73) -> 266.39535 | I72: =+'27'!I38 -> 51.256
B73: T 13,5 | C73: 2 | D73: 254+14 | E73: =254+14 -> 268 | F73: =74/2 -> 37 | G73: =+E73*F73 -> 9916
A75: 46109 | B75: T 13,5 | C75: 2 | D75: 254+14 | E75: =254+14 -> 268 | F75: =104/2 -> 52 | G75: =+E75*F75 -> 13936 | H75: =+G75/F75 -> 268 | I75: =+'28'!I38 -> 52.19
A77: 46110 | B77: T 13,5 | C77: 2 | D77: 254+14 | E77: =254+14 -> 268 | F77: =19+20+11 -> 50 | G77: =+E77*F77 -> 13400 | H77: =+G77/F77 -> 268 | I77: =+'29'!I38 -> 51.055
B78: T 14,5 | C78: 2 | D78: 264*1 | E78: =264*1 -> 264 | F78: 3 | G78: =+E78*F78 -> 792 | H78: =+G78/F78 -> 264
A80: 46111 | B80: T 13,5 | C80: 2 | D80: 254+14 | E80: =254+14 -> 268 | F80: 5 | G80: =+E80*F80 -> 1340 | H80: =+SUM(F80*E80+F81*E81)/SUM(F80:F81) -> 258.29688 | I80: =+'30'!I38 -> 50.265
B81: T 13,5 | C81: 2 | D81: 256,5*1 | E81: =256.5*1 -> 256.5 | F81: =9+9+9 -> 27 | G81: =+E81*F81 -> 6925.5
B82: T 14,5 | C82: 2 | D82: 264*1 | E82: =264*1 -> 264 | F82: =17+19+16 -> 52 | G82: =+E82*F82 -> 13728 | H82: =+G82/F82 -> 264
A84: 46112 | B84: T 13,5 | C84: 2 | D84: 256,5*1 | E84: =256.5*1 -> 256.5 | F84: =16+11+20 -> 47 | G84: =+E84*F84 -> 12055.5 | H84: =+G84/F84 -> 256.5 | I84: =+'31'!I38 -> 49.249
B85: T 14,5 | C85: 2 | D85: 264*1 | E85: =264*1 -> 264 | F85: 1 | G85: =+E85*F85 -> 264 | H85: =+G85/F85 -> 264
B86: T 15 | C86: 2 | D86: 256,5*1 | E86: =256.5*1 -> 256.5 | F86: 0 | G86: 0 | H86: =+E86 -> 256.5

Sheet Efficiency1
A1: PM17 Efficiency Report
A3: Date | B3: Grade | C3: Speed real (ton) with Available Time | D3: Colour | E3: gsm | F3: Ply | G3: Standard | L3: Real Running | O3: Trim Rewinder (cm) | P3: Trim Rewinder x Running Time | Q3: Available Time (mnt) | R3: Down Time (mnt) | S3: Loss Time (mnt) | T3: Real Speed & Real Creepe Ratio with Available Time (ton) | U3: Real Speed & Real Creepe Ratio setelah dipotong DT & LT (ton) | V3: Loss tonase akibat DT + LT dari hitungan Teori with available time (ton) | W3: Accepted (ton) | X3: Real Eff dr Target Eff | Y3: Backlog | Z3: Reject Rewinder (ton) | AA3: Estimasi Reject to Broke Plant (ton) | AB3: Estimasi Faktor BW (ton) | AC3: Loss Opportunity in Speed (ton) | AD3: Downtime/ Losstime | AE3: Reason of Downtime / Losstime | AF3: Loss Time | AM3: Total Losstime | AN3: Unschedule Shut Down (mnt) | AS3: Schedule Shut Down | AT3: Marketing | AV3: EXT FACTOR | AX3: EXT FACTOR | AZ3: MANAGEMENT | BA3: Total Down Time | BB3: Freq. Sheets Break (X) | BC3: Freq. Change Blade (X) | BD3: Steam, & gangguan sinergy (X) | BE3: Freq, Trip PLN (X) | BF3: Cleaning Holes (X)
AF4: Proses | AI4: Change Grade | AJ4: Mekanik | AK4: Electric & Instrument | AL4: Boiler | AN4: Down Time Produksi | AO4: Mekanik | AP4: Electrical & Instrument | AQ4: Boiler | AR4: Total Unschedule Shut Down | AV4: LOSS | AW4: DOWN TIME | AX4: LOSS | AY4: DOWN TIME
G5: Yankee Speed (mpm) | H5: Max % Creeping | I5: Target Eff | J5: Kapasitas PM-Teori (ton) | K5: Teori (ton) with Available Time | L5: Yankee Speed (mpm) | M5: Popereel Speed (mpm) | N5: % Creeping | AF5: sheet break | AG5: change blade | AH5: change spool | AT5: Loss time | AU5: Down Time | AV5: SINERGY | AW5: SINERGY | AX5: PLN | AY5: PLN
A6: =+Report1!A9 -> 46082 | B6: Toilet | C6: =(M6*E6*O6*Q6)/100000000 -> 51.654015 | D6: RC HW | E6: 15 | F6: 1 | G6: 1145 | H6: =+N6 -> 0.17337982 | I6: 0.88 | J6: =E6*G6*(1-H6)*1440/1000000*2.7 -> 55.19872 | K6: =(IF(G6<L6,L6,G6)*(1-IF(H6<N6,H6,N6))*E6*O6*Q6)/100000000 -> 52.438784 | L6: 1127.8646 | M6: 932.31562 | N6: =1-(M6/L6) -> 0.17337982 | O6: =+'Trim Rwd'!H4 -> 256.5 | P6: =O6*(Q6-R6-S6) -> 362434.5 | Q6: 1440 | R6: 0 | S6: 27 | T6: =E6*M6*O6*Q6/100000000 -> 51.654015 | U6: =E6*M6*O6*(Q6-R6-S6)/100000000 -> 50.685502 | V6: =E6*G6*(1-N6)*O6/100*(R6+S6)/1000000 -> 0.9832272 | W6: =+'1'!K7/1000 -> 56.237 | X6: =SUM(W6:W9)/SUM(K6:K9) -> 1.0724314 | Y6: 0 | Z6: 0 | AA6: =SUM(U6:U9)-SUM(W6:W9)-SUM(Z6:Z9)-SUM(Y6:Y9) -> -5.5514979 | AB6: =(SUM(K6:K9)-SUM(W6:W9)-SUM(Y6:Y9)-SUM(Z6:Z9)-SUM(AC6:AC9)-SUM(V6:V9))-AA6 -> -0.014714417 | AC6: =K6-T6 -> 0.78476892 | AD6: =+AM6+BA6 -> 0 | AE6: - Sheet Breaks (0x) | AF6: 0 | AM6: =SUM(AF6:AL6)+AT6+AV6+AX6 -> 0 | AR6: =SUM(AN6:AQ6) -> 0 | BA6: =+AR6+AS6+AU6+AW6+AY6+AZ6 -> 0 | BB6: 0
AD7: =+AM7+BA7 -> 2 | AE7: - Change Blade (1x) | AG7: 2 | AM7: =SUM(AF7:AL7)+AT7+AV7+AX7 -> 2 | AR7: =SUM(AN7:AQ7) -> 0 | BA7: =+AR7+AS7+AU7+AW7+AY7+AZ7 -> 0 | BC7: 1
AD8: =+AM8+BA8 -> 25 | AE8: - Change Spool (19x) | AH8: 25 | AM8: =SUM(AF8:AL8)+AT8+AV8+AX8 -> 25 | AR8: =SUM(AN8:AQ8) -> 0 | BA8: =+AR8+AS8+AU8+AW8+AY8+AZ8 -> 0
A10: 46083 | B10: Toilet | C10: =(M10*E10*O10*Q10)/100000000 -> 52.963612 | D10: RC HW | E10: 15 | F10: 1 | G10: 1110 | H10: =+N10 -> 0.15 | I10: 0.88 | J10: =E10*G10*(1-H10)*1440/1000000*2.7 -> 55.02492 | K10: =(IF(G10<L10,L10,G10)*(1-IF(H10<N10,H10,N10))*E10*O10*Q10)/100000000 -> 52.963612 | L10: 1124.6504 | M10: 955.95286 | N10: =1-(M10/L10) -> 0.15 | O10: =+'Trim Rwd'!H6 -> 256.5 | P10: =O10*(Q10-R10-S10) -> 361921.5 | Q10: 1440 | R10: 0 | S10: 29 | T10: =E10*M10*O10*Q10/100000000 -> 52.963612 | U10: =E10*M10*O10*(Q10-R10-S10)/100000000 -> 51.896984 | V10: =E10*G10*(1-N10)*O10/100*(R10+S10)/1000000 -> 1.0527337 | W10: =+'2'!K7/1000 -> 52.433 | X10: =SUM(W10:W13)/SUM(K10:K13) -> 0.98998157 | Y10: 0 | Z10: 0 | AA10: =SUM(U10:U13)-SUM(W10:W13)-SUM(Z10:Z13)-SUM(Y10:Y13) -> -0.5360159 | AB10: =(SUM(K10:K13)-SUM(W10:W13)-SUM(Y10:Y13)-SUM(Z10:Z13)-SUM(AC10:AC13)-SUM(V10:V13))-AA10 -> 0.013894593 | AC10: =K10-T10 -> 0 | AD10: =+AM10+BA10 -> 5 | AE10: - Sheet Breaks (2x) | AF10: 5 | AM10: =SUM(AF10:AL10)+AT10+AV10+AX10 -> 5 | AR10: =SUM(AN10:AQ10) -> 0 | BA10: =+AR10+AS10+AU10+AW10+AY10+AZ10 -> 0 | BB10: 2
AD11: =+AM11+BA11 -> 3 | AE11: - Change Blade (1x) | AG11: 3 | AM11: =SUM(AF11:AL11)+AT11+AV11+AX11 -> 3 | AR11: =SUM(AN11:AQ11) -> 0 | BA11: =+AR11+AS11+AU11+AW11+AY11+AZ11 -> 0 | BC11: 1
AD12: =+AM12+BA12 -> 21 | AE12: - Change Spool (20x) | AH12: 21 | AM12: =SUM(AF12:AL12)+AT12+AV12+AX12 -> 21 | AR12: =SUM(AN12:AQ12) -> 0 | BA12: =+AR12+AS12+AU12+AW12+AY12+AZ12 -> 0
A14: 46084 | B14: Toilet | C14: =(M14*E14*O14*Q14)/100000000 -> 52.963612 | D14: RC HW | E14: 15 | F14: 1 | G14: 1110 | H14: =+N14 -> 0.15 | I14: 0.88 | J14: =E14*G14*(1-H14)*1440/1000000*2.7 -> 55.02492 | K14: =(IF(G14<L14,L14,G14)*(1-IF(H14<N14,H14,N14))*E14*O14*Q14)/100000000 -> 52.963612 | L14: 1124.6504 | M14: 955.95286 | N14: =1-(M14/L14) -> 0.15 | O14: =+'Trim Rwd'!H8 -> 256.5 | P14: =O14*(Q14-R14-S14) -> 363717 | Q14: 1440 | R14: 0 | S14: 22 | T14: =E14*M14*O14*Q14/100000000 -> 52.963612 | U14: =E14*M14*O14*(Q14-R14-S14)/100000000 -> 52.154446 | V14: =E14*G14*(1-N14)*O14/100*(R14+S14)/1000000 -> 0.79862557 | W14: =+'3'!K7/1000 -> 49.889 | X14: =SUM(W14:W17)/SUM(K14:K17) -> 0.94194859 | Y14: 0 | Z14: =+'1'!D42/1000 -> 0 | AA14: =SUM(U14:U17)-SUM(W14:W17)-SUM(Z14:Z17)-SUM(Y14:Y17) -> 2.2654461 | AB14: =(SUM(K14:K17)-SUM(W14:W17)-SUM(Y14:Y17)-SUM(Z14:Z17)-SUM(AC14:AC17)-SUM(V14:V17))-AA14 -> 0.010540726 | AC14: =K14-T14 -> 0 | AD14: =+AM14+BA14 -> 0 | AE14: - Sheet Breaks (0x) | AF14: 0 | AM14: =SUM(AF14:AL14)+AT14+AV14+AX14 -> 0 | AR14: =SUM(AN14:AQ14) -> 0 | BA14: =+AR14+AS14+AU14+AW14+AY14+AZ14 -> 0 | BB14: 0
AD15: =+AM15+BA15 -> 3 | AE15: - Change Blade (1x) | AG15: 3 | AM15: =SUM(AF15:AL15)+AT15+AV15+AX15 -> 3 | AR15: =SUM(AN15:AQ15) -> 0 | BA15: =+AR15+AS15+AU15+AW15+AY15+AZ15 -> 0 | BC15: 1
AD16: =+AM16+BA16 -> 19 | AE16: - Change Spool (21x) | AH16: 19 | AM16: =SUM(AF16:AL16)+AT16+AV16+AX16 -> 19 | AR16: =SUM(AN16:AQ16) -> 0 | BA16: =+AR16+AS16+AU16+AW16+AY16+AZ16 -> 0
A18: 46085 | B18: Toilet | C18: =(M18*E18*O18*Q18)/100000000 -> 2.1815325 | D18: RC HW | E18: 15 | F18: 1 | G18: 1125 | H18: =+N18 -> 0.16 | I18: 0.88 | J18: =E18*G18*(1-H18)*1440/1000000*2.7 -> 55.1124 | K18: =(IF(G18<L18,L18,G18)*(1-IF(H18<N18,H18,N18))*E18*O18*Q18)/100000000 -> 2.1815325 | L18: 1125 | M18: 945 | N18: =1-(M18/L18) -> 0.16 | O18: =+'Trim Rwd'!H10 -> 256.5 | P18: =O18*(Q18-R18-S18) -> 14620.5 | Q18: 60 | R18: 0 | S18: 3 | T18: =E18*M18*O18*Q18/100000000 -> 2.1815325 | U18: =E18*M18*O18*(Q18-R18-S18)/100000000 -> 2.0724559 | V18: =E18*G18*(1-N18)*O18/100*(R18+S18)/1000000 -> 0.10907662 | W18: =+'4'!K7/1000 -> 7.075 | X18: =SUM(W18:W21)/SUM(K18:K21) -> 0.70817379 | Y18: 0 | Z18: =+'1'!D46/1000 -> 0 | AA18: =SUM(U18:U21)-SUM(W18:W21)-SUM(Z18:Z21)-SUM(Y18:Y21) -> -2.2643001 | AB18: =(SUM(K18:K21)-SUM(W18:W21)-SUM(Y18:Y21)-SUM(Z18:Z21)-SUM(AC18:AC21)-SUM(V18:V21))-AA18 -> -0.82640506 | AC18: =K18-T18 -> 0 | AD18: =+AM18+BA18 -> 0 | AE18: - Sheet Breaks (0x) | AF18: 0 | AM18: =SUM(AF18:AL18)+AT18+AV18+AX18 -> 0 | AR18: =SUM(AN18:AQ18) -> 0 | BA18: =+AR18+AS18+AU18+AW18+AY18+AZ18 -> 0 | BB18: 0 | BD18: 2 | BF18: 1
B19: Toilet | C19: =(M19*E19*O19*Q19)/100000000 -> 51.179094 | D19: RC HW | E19: 14.5 | F19: 1 | G19: 1165 | H19: =+N19 -> 0.16 | I19: 0.88 | J19: =E19*G19*(1-H19)*1440/1000000*2.7 -> 55.169554 | K19: =(IF(G19<L19,L19,G19)*(1-IF(H19<N19,H19,N19))*E19*O19*Q19)/100000000 -> 53.849912 | L19: 1107.219 | M19: 930.06395 | N19: =1-(M19/L19) -> 0.16 | O19: =+'Trim Rwd'!H11 -> 275 | P19: =O19*(Q19-R19-S19) -> 262075 | Q19: =1032+348 -> 1380 | R19: 348 | S19: =10+69 -> 79 | T19: =E19*M19*O19*Q19/100000000 -> 51.179094 | U19: =E19*M19*O19*(Q19-R19-S19)/100000000 -> 35.343244 | V19: =E19*G19*(1-N19)*O19/100*(R19+S19)/1000000 -> 16.662255 | W19: =+'4'!K8/1000 -> 32.605 | AC19: =K19-T19 -> 2.6708173 | AD19: =+AM19+BA19 -> 0 | AE19: - Change Blade (0x) | AG19: 0 | AM19: =SUM(AF19:AL19)+AT19+AV19+AX19 -> 0 | AR19: =SUM(AN19:AQ19) -> 0 | BA19: =+AR19+AS19+AU19+AW19+AY19+AZ19 -> 0 | BC19: 0
AD20: =+AM20+BA20 -> 13 | AE20: - Change Spool (18x) | AH20: 13 | AM20: =SUM(AF20:AL20)+AT20+AV20+AX20 -> 13 | AR20: =SUM(AN20:AQ20) -> 0 | BA20: =+AR20+AS20+AU20+AW20+AY20+AZ20 -> 0
AD21: =+AM21+BA21 -> 35 | AE21: - 13.05 PM stop, cleaning PM | AM21: =SUM(AF21:AL21)+AT21+AV21+AX21 -> 0 | AN21: 35 | AR21: =SUM(AN21:AQ21) -> 35 | BA21: =+AR21+AS21+AU21+AW21+AY21+AZ21 -> 35
AD22: =+AM22+BA22 -> 313 | AE22: - 13.40 Change power sinergy -> PLN | AM22: =SUM(AF22:AL22)+AT22+AV22+AX22 -> 0 | AR22: =SUM(AN22:AQ22) -> 0 | AW22: =348-35 -> 313 | BA22: =+AR22+AS22+AU22+AW22+AY22+AZ22 -> 313
AD23: =+AM23+BA23 -> 69 | AE23: - Reject PM : 2.230 kg / 54,3 % (Hole acak dan keriput mati) | AM23: =SUM(AF23:AL23)+AT23+AV23+AX23 -> 69 | AR23: =SUM(AN23:AQ23) -> 0 | AV23: 69 | BA23: =+AR23+AS23+AU23+AW23+AY23+AZ23 -> 0
A25: 46086 | B25: Toilet | C25: =(M25*E25*O25*Q25)/100000000 -> 55.46772 | D25: RC HW | E25: 14.5 | F25: 1 | G25: 1165 | H25: =+N25 -> 0.16 | I25: 0.88 | J25: =E25*G25*(1-H25)*1440/1000000*2.7 -> 55.169554 | K25: =(IF(G25<L25,L25,G25)*(1-IF(H25<N25,H25,N25))*E25*O25*Q25)/100000000 -> 56.191212 | L25: 1150 | M25: 966 | N25: =1-(M25/L25) -> 0.16 | O25: =+'Trim Rwd'!H13 -> 275 | P25: =O25*(Q25-R25-S25) -> 387475 | Q25: 1440 | R25: 0 | S25: 31 | T25: =E25*M25*O25*Q25/100000000 -> 55.46772 | U25: =E25*M25*O25*(Q25-R25-S25)/100000000 -> 54.273623 | V25: =E25*G25*(1-N25)*O25/100*(R25+S25)/1000000 -> 1.2096719 | W25: =+'5'!K8/1000 -> 54.178 | X25: =SUM(W25:W28)/SUM(K25:K28) -> 0.96417212 | Y25: 0 | Z25: 0 | AA25: =SUM(U25:U28)-SUM(W25:W28)-SUM(Z25:Z28)-SUM(Y25:Y28) -> 0.09562325 | AB25: =(SUM(K25:K28)-SUM(W25:W28)-SUM(Y25:Y28)-SUM(Z25:Z28)-SUM(AC25:AC28)-SUM(V25:V28))-AA25 -> -0.015575175 | AC25: =K25-T25 -> 0.723492 | AD25: =+AM25+BA25 -> 4 | AE25: - Sheet Breaks (2x) | AF25: 4 | AM25: =SUM(AF25:AL25)+AT25+AV25+AX25 -> 4 | AR25: =SUM(AN25:AQ25) -> 0 | BA25: =+AR25+AS25+AU25+AW25+AY25+AZ25 -> 0 | BB25: 2
AD26: =+AM26+BA26 -> 3 | AE26: - Change Blade (1x) | AG26: 3 | AM26: =SUM(AF26:AL26)+AT26+AV26+AX26 -> 3 | AR26: =SUM(AN26:AQ26) -> 0 | BA26: =+AR26+AS26+AU26+AW26+AY26+AZ26 -> 0 | BC26: 1
AD27: =+AM27+BA27 -> 24 | AE27: - Change Spool (26x) | AH27: 24 | AM27: =SUM(AF27:AL27)+AT27+AV27+AX27 -> 24 | AR27: =SUM(AN27:AQ27) -> 0 | BA27: =+AR27+AS27+AU27+AW27+AY27+AZ27 -> 0
A29: 46087 | B29: Toilet | C29: =(M29*E29*O29*Q29)/100000000 -> 8.6668312 | D29: RC HW | E29: 14.5 | F29: 1 | G29: 1165 | H29: =+N29 -> 0.16 | I29: 0.88 | J29: =E29*G29*(1-H29)*1440/1000000*2.7 -> 55.169554 | K29: =(IF(G29<L29,L29,G29)*(1-IF(H29<N29,H29,N29))*E29*O29*Q29)/100000000 -> 8.7798769 | L29: 1150 | M29: 966 | N29: =1-(M29/L29) -> 0.16 | O29: =+'Trim Rwd'!H16 -> 275 | P29: =O29*(Q29-R29-S29) -> 60500 | Q29: 225 | R29: 0 | S29: 5 | T29: =E29*M29*O29*Q29/100000000 -> 8.6668312 | U29: =E29*M29*O29*(Q29-R29-S29)/100000000 -> 8.474235 | V29: =E29*G29*(1-N29)*O29/100*(R29+S29)/1000000 -> 0.19510837 | W29: =+'6'!K8/1000 -> 10.114 | X29: =SUM(W29:W32)/SUM(K29:K32) -> 0.62114024 | Y29: 0 | Z29: 0 | AA29: =SUM(U29:U32)-SUM(W29:W32)-SUM(Z29:Z32)-SUM(Y29:Y32) -> -0.10857057 | AB29: =(SUM(K29:K32)-SUM(W29:W32)-SUM(Y29:Y32)-SUM(Z29:Z32)-SUM(AC29:AC32)-SUM(V29:V32))-AA29 -> 0.085718745 | AC29: =K29-T29 -> 0.11304562 | AD29: =+AM29+BA29 -> 0 | AE29: - Sheet Breaks (0x) | AF29: 0 | AM29: =SUM(AF29:AL29)+AT29+AV29+AX29 -> 0 | AR29: =SUM(AN29:AQ29) -> 0 | BA29: =+AR29+AS29+AU29+AW29+AY29+AZ29 -> 0 | BB29: 0 | BD29: 2
B30: Toilet | C30: =(M30*E30*O30*Q30)/100000000 -> 44.372371 | D30: RC HW | E30: 15 | F30: 1 | G30: 1125 | H30: =+N30 -> 0.16 | I30: 0.88 | J30: =E30*G30*(1-H30)*1440/1000000*2.7 -> 55.1124 | K30: =(IF(G30<L30,L30,G30)*(1-IF(H30<N30,H30,N30))*E30*O30*Q30)/100000000 -> 44.372371 | L30: 1130 | M30: 949.2 | N30: =1-(M30/L30) -> 0.16 | O30: =+'Trim Rwd'!H15 -> 256.5 | P30: =O30*(Q30-R30-S30) -> 171598.5 | Q30: =685+530 -> 1215 | R30: 530 | S30: 16 | T30: =E30*M30*O30*Q30/100000000 -> 44.372371 | U30: =E30*M30*O30*(Q30-R30-S30)/100000000 -> 24.432194 | V30: =E30*G30*(1-N30)*O30/100*(R30+S30)/1000000 -> 19.851946 | W30: =+'6'!K7/1000 -> 22.901 | AC30: =K30-T30 -> 0 | AD30: =+AM30+BA30 -> 2 | AE30: - Change Blade (1x) | AG30: 2 | AM30: =SUM(AF30:AL30)+AT30+AV30+AX30 -> 2 | AR30: =SUM(AN30:AQ30) -> 0 | BA30: =+AR30+AS30+AU30+AW30+AY30+AZ30 -> 0 | BC30: 1
AD31: =+AM31+BA31 -> 19 | AE31: - Change Spool (14x) | AH31: 19 | AM31: =SUM(AF31:AL31)+AT31+AV31+AX31 -> 19 | AR31: =SUM(AN31:AQ31) -> 0 | BA31: =+AR31+AS31+AU31+AW31+AY31+AZ31 -> 0
AD32: =+AM32+BA32 -> 530 | AE32: - Sinergy Black Out | AM32: =SUM(AF32:AL32)+AT32+AV32+AX32 -> 0 | AR32: =SUM(AN32:AQ32) -> 0 | AW32: 530 | BA32: =+AR32+AS32+AU32+AW32+AY32+AZ32 -> 530
A34: 46088 | B34: Toilet | C34: =(M34*E34*O34*Q34)/100000000 -> 52.223716 | D34: RC HW | E34: 15 | F34: 1 | G34: 1150 | H34: =+N34 -> 0.18 | I34: 0.88 | J34: =E34*G34*(1-H34)*1440/1000000*2.7 -> 54.99576 | K34: =(IF(G34<L34,L34,G34)*(1-IF(H34<N34,H34,N34))*E34*O34*Q34)/100000000 -> 52.245972 | L34: 1149.5101 | M34: 942.59829 | N34: =1-(M34/L34) -> 0.18 | O34: =+'Trim Rwd'!H18 -> 256.5 | P34: =O34*(Q34-R34-S34) -> 323959.5 | Q34: 1440 | R34: 154 | S34: =17+6 -> 23 | T34: =E34*M34*O34*Q34/100000000 -> 52.223716 | U34: =E34*M34*O34*(Q34-R34-S34)/100000000 -> 45.804551 | V34: =E34*G34*(1-N34)*O34/100*(R34+S34)/1000000 -> 6.4219007 | W34: =+'7'!K7/1000 -> 38.324 | X34: =SUM(W34:W37)/SUM(K34:K37) -> 0.73353023 | Y34: 0 | Z34: 0 | AA34: =SUM(U34:U37)-SUM(W34:W37)-SUM(Z34:Z37)-SUM(Y34:Y37) -> 7.4805506 | AB34: =(SUM(K34:K37)-SUM(W34:W37)-SUM(Y34:Y37)-SUM(Z34:Z37)-SUM(AC34:AC37)-SUM(V34:V37))-AA34 -> -0.0027356802 | AC34: =K34-T34 -> 0.022256381 | AD34: =+AM34+BA34 -> 0 | AE34: - Sheet Breaks (0x) | AF34: 0 | AM34: =SUM(AF34:AL34)+AT34+AV34+AX34 -> 0 | AR34: =SUM(AN34:AQ34) -> 0 | BA34: =+AR34+AS34+AU34+AW34+AY34+AZ34 -> 0 | BB34: 0 | BD34: 2
AD35: =+AM35+BA35 -> 0 | AE35: - Change Blade (0x) | AG35: 0 | AM35: =SUM(AF35:AL35)+AT35+AV35+AX35 -> 0 | AR35: =SUM(AN35:AQ35) -> 0 | BA35: =+AR35+AS35+AU35+AW35+AY35+AZ35 -> 0 | BC35: 0
AD36: =+AM36+BA36 -> 17 | AE36: - Change Spool (18x) | AH36: 17 | AM36: =SUM(AF36:AL36)+AT36+AV36+AX36 -> 17 | AR36: =SUM(AN36:AQ36) -> 0 | BA36: =+AR36+AS36+AU36+AW36+AY36+AZ36 -> 0
AD37: =+AM37+BA37 -> 154 | AE37: - Sinergy Black Out | AM37: =SUM(AF37:AL37)+AT37+AV37+AX37 -> 0 | AR37: =SUM(AN37:AQ37) -> 0 | AW37: 154 | BA37: =+AR37+AS37+AU37+AW37+AY37+AZ37 -> 154
AD38: =+AM38+BA38 -> 6 | AE38: - Seset PM : 200 kg / 1,7 % (keriput mati saat kondisi steam drop) | AM38: =SUM(AF38:AL38)+AT38+AV38+AX38 -> 6 | AR38: =SUM(AN38:AQ38) -> 0 | AV38: 6 | BA38: =+AR38+AS38+AU38+AW38+AY38+AZ38 -> 0
A40: 46089 | B40: Toilet | C40: =(M40*E40*O40*Q40)/100000000 -> 52.174986 | D40: RC HW | E40: 15 | F40: 1 | G40: 1150 | H40: =+N40 -> 0.18 | I40: 0.88 | J40: =E40*G40*(1-H40)*1440/1000000*2.7 -> 54.99576 | K40: =(IF(G40<L40,L40,G40)*(1-IF(H40<N40,H40,N40))*E40*O40*Q40)/100000000 -> 52.245972 | L40: 1148.4375 | M40: 941.71875 | N40: =1-(M40/L40) -> 0.18 | O40: =+'Trim Rwd'!H20 -> 256.5 | P40: =O40*(Q40-R40-S40) -> 363204 | Q40: 1440 | R40: 0 | S40: 24 | T40: =E40*M40*O40*Q40/100000000 -> 52.174986 | U40: =E40*M40*O40*(Q40-R40-S40)/100000000 -> 51.305403 | V40: =E40*G40*(1-N40)*O40/100*(R40+S40)/1000000 -> 0.8707662 | W40: =+'8'!K7/1000 -> 46.312 | X40: =SUM(W40:W43)/SUM(K40:K43) -> 0.8864224 | Y40: 0 | Z40: 0 | AA40: =SUM(U40:U43)-SUM(W40:W43)-SUM(Z40:Z43)-SUM(Y40:Y43) -> 4.9934025 | AB40: =(SUM(K40:K43)-SUM(W40:W43)-SUM(Y40:Y43)-SUM(Z40:Z43)-SUM(AC40:AC43)-SUM(V40:V43))-AA40 -> -0.0011831063 | AC40: =K40-T40 -> 0.070986375 | AD40: =+AM40+BA40 -> 0 | AE40: - Sheet Breaks (0x) | AF40: 0 | AM40: =SUM(AF40:AL40)+AT40+AV40+AX40 -> 0 | AR40: =SUM(AN40:AQ40) -> 0 | BA40: =+AR40+AS40+AU40+AW40+AY40+AZ40 -> 0 | BB40: 0
AD41: =+AM41+BA41 -> 3 | AE41: - Change Blade (1x) | AG41: 3 | AM41: =SUM(AF41:AL41)+AT41+AV41+AX41 -> 3 | AR41: =SUM(AN41:AQ41) -> 0 | BA41: =+AR41+AS41+AU41+AW41+AY41+AZ41 -> 0 | BC41: 1
AD42: =+AM42+BA42 -> 21 | AE42: - Change Spool (20x) | AH42: 21 | AM42: =SUM(AF42:AL42)+AT42+AV42+AX42 -> 21 | AR42: =SUM(AN42:AQ42) -> 0 | BA42: =+AR42+AS42+AU42+AW42+AY42+AZ42 -> 0
A44: 46090 | B44: Toilet | C44: =(M44*E44*O44*Q44)/100000000 -> 6.5307465 | D44: RC HW | E44: 15 | F44: 1 | G44: 1150 | H44: =+N44 -> 0.18 | I44: 0.88 | J44: =E44*G44*(1-H44)*1440/1000000*2.7 -> 54.99576 | K44: =(IF(G44<L44,L44,G44)*(1-IF(H44<N44,H44,N44))*E44*O44*Q44)/100000000 -> 6.5307465 | L44: 1150 | M44: 943 | N44: =1-(M44/L44) -> 0.18 | O44: =+'Trim Rwd'!H23 -> 256.5 | P44: =O44*(Q44-R44-S44) -> 44631 | Q44: 180 | R44: 0 | S44: 6 | T44: =E44*M44*O44*Q44/100000000 -> 6.5307465 | U44: =E44*M44*O44*(Q44-R44-S44)/100000000 -> 6.3130549 | V44: =E44*G44*(1-N44)*O44/100*(R44+S44)/1000000 -> 0.21769155 | W44: =+'9'!K7/1000 -> 27.425 | X44: =SUM(W44:W47)/SUM(K44:K47) -> 1.2051685 | Y44: 0 | Z44: 0 | AA44: =SUM(U44:U47)-SUM(W44:W47)-SUM(Z44:Z47)-SUM(Y44:Y47) -> -13.865902 | AB44: =(SUM(K44:K47)-SUM(W44:W47)-SUM(Y44:Y47)-SUM(Z44:Z47)-SUM(AC44:AC47)-SUM(V44:V47))-AA44 -> -0.0209264 | AC44: =K44-T44 -> 0 | AD44: =+AM44+BA44 -> 0 | AE44: - Sheet Breaks (0x) | AF44: 0 | AM44: =SUM(AF44:AL44)+AT44+AV44+AX44 -> 0 | AR44: =SUM(AN44:AQ44) -> 0 | BA44: =+AR44+AS44+AU44+AW44+AY44+AZ44 -> 0 | BB44: 0
B45: Toilet | C45: =(M45*E45*O45*Q45)/100000000 -> 47.378678 | D45: RC HW | E45: 14.5 | F45: 1 | G45: 1190 | H45: =+N45 -> 0.18 | I45: 0.88 | J45: =E45*G45*(1-H45)*1440/1000000*2.7 -> 55.011701 | K45: =(IF(G45<L45,L45,G45)*(1-IF(H45<N45,H45,N45))*E45*O45*Q45)/100000000 -> 49.026631 | L45: 1150 | M45: 943 | N45: =1-(M45/L45) -> 0.18 | O45: =+'Trim Rwd'!H22 -> 275 | P45: =O45*(Q45-R45-S45) -> 342100 | Q45: 1260 | R45: 0 | S45: 16 | T45: =E45*M45*O45*Q45/100000000 -> 47.378678 | U45: =E45*M45*O45*(Q45-R45-S45)/100000000 -> 46.777043 | V45: =E45*G45*(1-N45)*O45/100*(R45+S45)/1000000 -> 0.6225604 | W45: =+'9'!K8/1000 -> 39.531 | AC45: =K45-T45 -> 1.647954 | AD45: =+AM45+BA45 -> 0 | AE45: - Change Blade (0x) | AG45: 0 | AM45: =SUM(AF45:AL45)+AT45+AV45+AX45 -> 0 | AR45: =SUM(AN45:AQ45) -> 0 | BA45: =+AR45+AS45+AU45+AW45+AY45+AZ45 -> 0 | BC45: 0
AD46: =+AM46+BA46 -> 22 | AE46: - Change Spool (27x) | AH46: 22 | AM46: =SUM(AF46:AL46)+AT46+AV46+AX46 -> 22 | AR46: =SUM(AN46:AQ46) -> 0 | BA46: =+AR46+AS46+AU46+AW46+AY46+AZ46 -> 0
A48: 46091 | B48: Toilet | C48: =(M48*E48*O48*Q48)/100000000 -> 54.14706 | D48: RC HW | E48: 14.5 | F48: 1 | G48: 1190 | H48: =+N48 -> 0.18 | I48: 0.88 | J48: =E48*G48*(1-H48)*1440/1000000*2.7 -> 55.011701 | K48: =(IF(G48<L48,L48,G48)*(1-IF(H48<N48,H48,N48))*E48*O48*Q48)/100000000 -> 56.030436 | L48: 1150 | M48: 943 | N48: =1-(M48/L48) -> 0.18 | O48: =+'Trim Rwd'!H25 -> 275 | P48: =O48*(Q48-R48-S48) -> 389400 | Q48: 1440 | R48: 0 | S48: 24 | T48: =E48*M48*O48*Q48/100000000 -> 54.14706 | U48: =E48*M48*O48*(Q48-R48-S48)/100000000 -> 53.244609 | V48: =E48*G48*(1-N48)*O48/100*(R48+S48)/1000000 -> 0.9338406 | W48: =+'10'!K8/1000 -> 55.335 | X48: =SUM(W48:W51)/SUM(K48:K51) -> 0.98758825 | Y48: 0 | Z48: 0 | AA48: =SUM(U48:U51)-SUM(W48:W51)-SUM(Z48:Z51)-SUM(Y48:Y51) -> -2.090391 | AB48: =(SUM(K48:K51)-SUM(W48:W51)-SUM(Y48:Y51)-SUM(Z48:Z51)-SUM(AC48:AC51)-SUM(V48:V51))-AA48 -> -0.0313896 | AC48: =K48-T48 -> 1.883376 | AD48: =+AM48+BA48 -> 0 | AE48: - Sheet Breaks (0x) | AF48: 0 | AM48: =SUM(AF48:AL48)+AT48+AV48+AX48 -> 0 | AR48: =SUM(AN48:AQ48) -> 0 | BA48: =+AR48+AS48+AU48+AW48+AY48+AZ48 -> 0 | BB48: 0
AD49: =+AM49+BA49 -> 0 | AE49: - Change Blade (0x) | AG49: 0 | AM49: =SUM(AF49:AL49)+AT49+AV49+AX49 -> 0 | AR49: =SUM(AN49:AQ49) -> 0 | BA49: =+AR49+AS49+AU49+AW49+AY49+AZ49 -> 0 | BC49: 0
AD50: =+AM50+BA50 -> 24 | AE50: - Change Spool (28x) | AH50: 24 | AM50: =SUM(AF50:AL50)+AT50+AV50+AX50 -> 24 | AR50: =SUM(AN50:AQ50) -> 0 | BA50: =+AR50+AS50+AU50+AW50+AY50+AZ50 -> 0
A52: 46092 | B52: Toilet | C52: =(M52*E52*O52*Q52)/100000000 -> 12.03268 | D52: RC HW | E52: 14.5 | F52: 1 | G52: 1190 | H52: =+N52 -> 0.18 | I52: 0.88 | J52: =E52*G52*(1-H52)*1440/1000000*2.7 -> 55.011701 | K52: =(IF(G52<L52,L52,G52)*(1-IF(H52<N52,H52,N52))*E52*O52*Q52)/100000000 -> 12.451208 | L52: 1150 | M52: 943 | N52: =1-(M52/L52) -> 0.18 | O52: =+'Trim Rwd'!H27 -> 275 | P52: =O52*(Q52-R52-S52) -> 85800 | Q52: 320 | R52: 0 | S52: 8 | T52: =E52*M52*O52*Q52/100000000 -> 12.03268 | U52: =E52*M52*O52*(Q52-R52-S52)/100000000 -> 11.731863 | V52: =E52*G52*(1-N52)*O52/100*(R52+S52)/1000000 -> 0.3112802 | W52: =+'11'!K8/1000 -> 14.357 | X52: =SUM(W52:W55)/SUM(K52:K55) -> 0.87086175 | Y52: 0 | Z52: 0 | AA52: =SUM(U52:U55)-SUM(W52:W55)-SUM(Z52:Z55)-SUM(Y52:Y55) -> 5.180891 | AB52: =(SUM(K52:K55)-SUM(W52:W55)-SUM(Y52:Y55)-SUM(Z52:Z55)-SUM(AC52:AC55)-SUM(V52:V55))-AA52 -> -0.020721191 | AC52: =K52-T52 -> 0.418528 | AD52: =+AM52+BA52 -> 0 | AE52: - Sheet Breaks (0x) | AF52: 0 | AM52: =SUM(AF52:AL52)+AT52+AV52+AX52 -> 0 | AR52: =SUM(AN52:AQ52) -> 0 | BA52: =+AR52+AS52+AU52+AW52+AY52+AZ52 -> 0 | BB52: 0
B53: Toilet | C53: =(M53*E53*O53*Q53)/100000000 -> 42.84687 | D53: RC HW | E53: 15 | F53: 1 | G53: 1180 | H53: =+N53 -> 0.2 | I53: 0.88 | J53: =E53*G53*(1-H53)*1440/1000000*2.7 -> 55.05408 | K53: =(IF(G53<L53,L53,G53)*(1-IF(H53<N53,H53,N53))*E53*O53*Q53)/100000000 -> 43.6128 | L53: 1159.2768 | M53: 927.42143 | N53: =1-(M53/L53) -> 0.2 | O53: =+'Trim Rwd'!H28 -> 275 | P53: =O53*(Q53-R53-S53) -> 303875 | Q53: 1120 | R53: 0 | S53: 15 | T53: =E53*M53*O53*Q53/100000000 -> 42.84687 | U53: =E53*M53*O53*(Q53-R53-S53)/100000000 -> 42.273028 | V53: =E53*G53*(1-N53)*O53/100*(R53+S53)/1000000 -> 0.5841 | W53: =+'11'!K7/1000 -> 34.467 | AC53: =K53-T53 -> 0.76593 | AD53: =+AM53+BA53 -> 2 | AE53: - Change Blade (1x) | AG53: 2 | AM53: =SUM(AF53:AL53)+AT53+AV53+AX53 -> 2 | AR53: =SUM(AN53:AQ53) -> 0 | BA53: =+AR53+AS53+AU53+AW53+AY53+AZ53 -> 0 | BC53: 1
AD54: =+AM54+BA54 -> 21 | AE54: - Change Spool (22x) | AH54: 21 | AM54: =SUM(AF54:AL54)+AT54+AV54+AX54 -> 21 | AR54: =SUM(AN54:AQ54) -> 0 | BA54: =+AR54+AS54+AU54+AW54+AY54+AZ54 -> 0
A56: 46093 | B56: Toilet | C56: =(M56*E56*O56*Q56)/100000000 -> 25.746867 | D56: RC HW | E56: 15 | F56: 1 | G56: 1180 | H56: =+N56 -> 0.2 | I56: 0.88 | J56: =E56*G56*(1-H56)*1440/1000000*2.7 -> 55.05408 | K56: =(IF(G56<L56,L56,G56)*(1-IF(H56<N56,H56,N56))*E56*O56*Q56)/100000000 -> 26.190779 | L56: 1160 | M56: 928 | N56: =1-(M56/L56) -> 0.2 | O56: =+'Trim Rwd'!H30 -> 268.0625 | P56: =O56*(Q56-R56-S56) -> 182014.44 | Q56: 690 | R56: 0 | S56: 11 | T56: =E56*M56*O56*Q56/100000000 -> 25.746867 | U56: =E56*M56*O56*(Q56-R56-S56)/100000000 -> 25.33641 | V56: =E56*G56*(1-N56)*O56/100*(R56+S56)/1000000 -> 0.41753415 | W56: =+'12'!K7/1000 -> 33.937 | X56: =SUM(W56:W59)/SUM(K56:K59) -> 0.9626564 | Y56: 0 | Z56: 0 | AA56: =SUM(U56:U59)-SUM(W56:W59)-SUM(Z56:Z59)-SUM(Y56:Y59) -> -0.25162729 | AB56: =(SUM(K56:K59)-SUM(W56:W59)-SUM(Y56:Y59)-SUM(Z56:Z59)-SUM(AC56:AC59)-SUM(V56:V59))-AA56 -> -0.023861957 | AC56: =K56-T56 -> 0.4439115 | AD56: =+AM56+BA56 -> 0 | AE56: - Sheet Breaks (0x) | AF56: 0 | AM56: =SUM(AF56:AL56)+AT56+AV56+AX56 -> 0 | AR56: =SUM(AN56:AQ56) -> 0 | BA56: =+AR56+AS56+AU56+AW56+AY56+AZ56 -> 0 | BB56: 0
B57: Toilet | C57: =(M57*E57*O57*Q57)/100000000 -> 27.830356 | D57: RC HW | E57: 14 | F57: 1 | G57: 1255 | H57: =+N57 -> 0.19356201 | I57: 0.88 | J57: =E57*G57*(1-H57)*1440/1000000*2.7 -> 55.089521 | K57: =(IF(G57<L57,L57,G57)*(1-IF(H57<N57,H57,N57))*E57*O57*Q57)/100000000 -> 28.798727 | L57: 1212.8 | M57: 978.048 | N57: =1-(M57/L57) -> 0.19356201 | O57: =+'Trim Rwd'!H32 -> 271 | P57: =O57*(Q57-R57-S57) -> 199727 | Q57: 750 | R57: 0 | S57: 13 | T57: =E57*M57*O57*Q57/100000000 -> 27.830356 | U57: =E57*M57*O57*(Q57-R57-S57)/100000000 -> 27.347963 | V57: =E57*G57*(1-N57)*O57/100*(R57+S57)/1000000 -> 0.49917794 | W57: =+'12'!K9/1000 -> 18.999 | AC57: =K57-T57 -> 0.96837155 | AD57: =+AM57+BA57 -> 0 | AE57: - Change Blade (0x) | AG57: 0 | AM57: =SUM(AF57:AL57)+AT57+AV57+AX57 -> 0 | AR57: =SUM(AN57:AQ57) -> 0 | BA57: =+AR57+AS57+AU57+AW57+AY57+AZ57 -> 0 | BC57: 0
AD58: =+AM58+BA58 -> 24 | AE58: - Change Spool (21x) | AH58: 24 | AM58: =SUM(AF58:AL58)+AT58+AV58+AX58 -> 24 | AR58: =SUM(AN58:AQ58) -> 0 | BA58: =+AR58+AS58+AU58+AW58+AY58+AZ58 -> 0
A60: 46094 | B60: Toilet | C60: =(M60*E60*O60*Q60)/100000000 -> 28.332074 | D60: RC HW | E60: 14 | F60: 1 | G60: 1265 | H60: =+N60 -> 0.2 | I60: 0.88 | J60: =E60*G60*(1-H60)*1440/1000000*2.7 -> 55.085184 | K60: =(IF(G60<L60,L60,G60)*(1-IF(H60<N60,H60,N60))*E60*O60*Q60)/100000000 -> 29.257203 | L60: 1225 | M60: 980 | N60: =1-(M60/L60) -> 0.2 | O60: =+'Trim Rwd'!H34 -> 271 | P60: =O60*(Q60-R60-S60) -> 202708 | Q60: 762 | R60: 0 | S60: 14 | T60: =E60*M60*O60*Q60/100000000 -> 28.332074 | U60: =E60*M60*O60*(Q60-R60-S60)/100000000 -> 27.811538 | V60: =E60*G60*(1-N60)*O60/100*(R60+S60)/1000000 -> 0.53753392 | W60: =+'13'!K9/1000 -> 30.647 | X60: =SUM(W60:W63)/SUM(K60:K63) -> 0.91209932 | Y60: 0 | Z60: 0 | AA60: =SUM(U60:U63)-SUM(W60:W63)-SUM(Z60:Z63)-SUM(Y60:Y63) -> 2.5026566 | AB60: =(SUM(K60:K63)-SUM(W60:W63)-SUM(Y60:Y63)-SUM(Z60:Z63)-SUM(AC60:AC63)-SUM(V60:V63))-AA60 -> -0.02459492 | AC60: =K60-T60 -> 0.92512896 | AD60: =+AM60+BA60 -> 0 | AE60: - Sheet Breaks (0x) | AF60: 0 | AM60: =SUM(AF60:AL60)+AT60+AV60+AX60 -> 0 | AR60: =SUM(AN60:AQ60) -> 0 | BA60: =+AR60+AS60+AU60+AW60+AY60+AZ60 -> 0 | BB60: 0
B61: Toilet | C61: =(M61*E61*O61*Q61)/100000000 -> 25.241411 | D61: RC HW | E61: 13.5 | F61: 1 | G61: 1250 | H61: =+N61 -> 0.16 | I61: 0.88 | J61: =E61*G61*(1-H61)*1440/1000000*2.7 -> 55.1124 | K61: =(IF(G61<L61,L61,G61)*(1-IF(H61<N61,H61,N61))*E61*O61*Q61)/100000000 -> 25.756542 | L61: 1225 | M61: 1029 | N61: =1-(M61/L61) -> 0.16 | O61: =+'Trim Rwd'!H35 -> 268 | P61: =O61*(Q61-R61-S61) -> 179024 | Q61: 678 | R61: 0 | S61: 10 | T61: =E61*M61*O61*Q61/100000000 -> 25.241411 | U61: =E61*M61*O61*(Q61-R61-S61)/100000000 -> 24.869119 | V61: =E61*G61*(1-N61)*O61/100*(R61+S61)/1000000 -> 0.37989 | W61: =+'13'!K10/1000 -> 19.531 | AC61: =K61-T61 -> 0.51513084 | AD61: =+AM61+BA61 -> 3 | AE61: - Change Blade (1x) | AG61: 3 | AM61: =SUM(AF61:AL61)+AT61+AV61+AX61 -> 3 | AR61: =SUM(AN61:AQ61) -> 0 | BA61: =+AR61+AS61+AU61+AW61+AY61+AZ61 -> 0 | BC61: 1
AD62: =+AM62+BA62 -> 21 | AE62: - Change Spool (22x) | AH62: 21 | AM62: =SUM(AF62:AL62)+AT62+AV62+AX62 -> 21 | AR62: =SUM(AN62:AQ62) -> 0 | BA62: =+AR62+AS62+AU62+AW62+AY62+AZ62 -> 0
A64: 46095 | B64: Toilet | C64: =(M64*E64*O64*Q64)/100000000 -> 53.610077 | D64: RC HW | E64: 13.5 | F64: 1 | G64: 1250 | H64: =+N64 -> 0.16 | I64: 0.88 | J64: =E64*G64*(1-H64)*1440/1000000*2.7 -> 55.1124 | K64: =(IF(G64<L64,L64,G64)*(1-IF(H64<N64,H64,N64))*E64*O64*Q64)/100000000 -> 54.70416 | L64: 1225 | M64: 1029 | N64: =1-(M64/L64) -> 0.16 | O64: =+'Trim Rwd'!H37 -> 268 | P64: =O64*(Q64-R64-S64) -> 379756 | Q64: 1440 | R64: 0 | S64: 23 | T64: =E64*M64*O64*Q64/100000000 -> 53.610077 | U64: =E64*M64*O64*(Q64-R64-S64)/100000000 -> 52.753805 | V64: =E64*G64*(1-N64)*O64/100*(R64+S64)/1000000 -> 0.873747 | W64: =+'14'!K10/1000 -> 49.991 | X64: =SUM(W64:W67)/SUM(K64:K67) -> 0.91384275 | Y64: 0 | Z64: 0 | AA64: =SUM(U64:U67)-SUM(W64:W67)-SUM(Z64:Z67)-SUM(Y64:Y67) -> 2.7628047 | AB64: =(SUM(K64:K67)-SUM(W64:W67)-SUM(Y64:Y67)-SUM(Z64:Z67)-SUM(AC64:AC67)-SUM(V64:V67))-AA64 -> -0.01747494 | AC64: =K64-T64 -> 1.0940832 | AD64: =+AM64+BA64 -> 0 | AE64: - Sheet Breaks (0x) | AF64: 0 | AM64: =SUM(AF64:AL64)+AT64+AV64+AX64 -> 0 | AR64: =SUM(AN64:AQ64) -> 0 | BA64: =+AR64+AS64+AU64+AW64+AY64+AZ64 -> 0 | BB64: 0
AD65: =+AM65+BA65 -> 0 | AE65: - Change Blade (0x) | AG65: 0 | AM65: =SUM(AF65:AL65)+AT65+AV65+AX65 -> 0 | AR65: =SUM(AN65:AQ65) -> 0 | BA65: =+AR65+AS65+AU65+AW65+AY65+AZ65 -> 0 | BC65: 0
AD66: =+AM66+BA66 -> 23 | AE66: - Change Spool (21x) | AH66: 23 | AM66: =SUM(AF66:AL66)+AT66+AV66+AX66 -> 23 | AR66: =SUM(AN66:AQ66) -> 0 | BA66: =+AR66+AS66+AU66+AW66+AY66+AZ66 -> 0
A68: 46096 | B68: Toilet | C68: =(M68*E68*O68*Q68)/100000000 -> 52.592578 | D68: RC HW | E68: 13.5 | F68: 1 | G68: 1250 | H68: =+N68 -> 0.16 | I68: 0.88 | J68: =E68*G68*(1-H68)*1440/1000000*2.7 -> 55.1124 | K68: =(IF(G68<L68,L68,G68)*(1-IF(H68<N68,H68,N68))*E68*O68*Q68)/100000000 -> 53.665896 | L68: 1225 | M68: 1029 | N68: =1-(M68/L68) -> 0.16 | O68: =+'Trim Rwd'!H39 -> 262.91346 | P68: =O68*(Q68-R68-S68) -> 368341.76 | Q68: 1440 | R68: 0 | S68: 39 | T68: =E68*M68*O68*Q68/100000000 -> 52.592578 | U68: =E68*M68*O68*(Q68-R68-S68)/100000000 -> 51.168196 | V68: =E68*G68*(1-N68)*O68/100*(R68+S68)/1000000 -> 1.4534513 | W68: =+'15'!K10/1000 -> 49.429 | X68: =SUM(W68:W71)/SUM(K68:K71) -> 0.9210505 | Y68: 0 | Z68: 0 | AA68: =SUM(U68:U71)-SUM(W68:W71)-SUM(Z68:Z71)-SUM(Y68:Y71) -> 1.7391955 | AB68: =(SUM(K68:K71)-SUM(W68:W71)-SUM(Y68:Y71)-SUM(Z68:Z71)-SUM(AC68:AC71)-SUM(V68:V71))-AA68 -> -0.029069027 | AC68: =K68-T68 -> 1.0733179 | AD68: =+AM68+BA68 -> 15 | AE68: - Sheet Breaks (6x) | AF68: 15 | AM68: =SUM(AF68:AL68)+AT68+AV68+AX68 -> 15 | AR68: =SUM(AN68:AQ68) -> 0 | BA68: =+AR68+AS68+AU68+AW68+AY68+AZ68 -> 0 | BB68: 6
AD69: =+AM69+BA69 -> 2 | AE69: - Change Blade (1x) | AG69: 2 | AM69: =SUM(AF69:AL69)+AT69+AV69+AX69 -> 2 | AR69: =SUM(AN69:AQ69) -> 0 | BA69: =+AR69+AS69+AU69+AW69+AY69+AZ69 -> 0 | BC69: 1
AD70: =+AM70+BA70 -> 22 | AE70: - Change Spool (21x) | AH70: 22 | AM70: =SUM(AF70:AL70)+AT70+AV70+AX70 -> 22 | AR70: =SUM(AN70:AQ70) -> 0 | BA70: =+AR70+AS70+AU70+AW70+AY70+AZ70 -> 0
A72: 46097 | B72: Toilet | C72: =(M72*E72*O72*Q72)/100000000 -> 52.473759 | D72: RC HW | E72: 13.5 | F72: 1 | G72: 1260 | H72: =+N72 -> 0.16666667 | I72: 0.88 | J72: =E72*G72*(1-H72)*1440/1000000*2.7 -> 55.1124 | K72: =(IF(G72<L72,L72,G72)*(1-IF(H72<N72,H72,N72))*E72*O72*Q72)/100000000 -> 53.973009 | L72: 1225 | M72: 1020.8333 | N72: =1-(M72/L72) -> 0.16666667 | O72: =+'Trim Rwd'!H42 -> 264.41803 | P72: =O72*(Q72-R72-S72) -> 374151.52 | Q72: 1440 | R72: 0 | S72: 25 | T72: =E72*M72*O72*Q72/100000000 -> 52.473759 | U72: =E72*M72*O72*(Q72-R72-S72)/100000000 -> 51.562756 | V72: =E72*G72*(1-N72)*O72/100*(R72+S72)/1000000 -> 0.9370314 | W72: =+'16'!K10/1000 -> 50.436 | X72: =SUM(W72:W75)/SUM(K72:K75) -> 0.93446708 | Y72: 0 | Z72: 0 | AA72: =SUM(U72:U75)-SUM(W72:W75)-SUM(Z72:Z75)-SUM(Y72:Y75) -> 1.1267559 | AB72: =(SUM(K72:K75)-SUM(W72:W75)-SUM(Y72:Y75)-SUM(Z72:Z75)-SUM(AC72:AC75)-SUM(V72:V75))-AA72 -> -0.02602865 | AC72: =K72-T72 -> 1.4992502 | AD72: =+AM72+BA72 -> 0 | AE72: - Sheet Breaks (0x) | AF72: 0 | AM72: =SUM(AF72:AL72)+AT72+AV72+AX72 -> 0 | AR72: =SUM(AN72:AQ72) -> 0 | BA72: =+AR72+AS72+AU72+AW72+AY72+AZ72 -> 0 | BB72: 0
AD73: =+AM73+BA73 -> 0 | AE73: - Change Blade (0x) | AG73: 0 | AM73: =SUM(AF73:AL73)+AT73+AV73+AX73 -> 0 | AR73: =SUM(AN73:AQ73) -> 0 | BA73: =+AR73+AS73+AU73+AW73+AY73+AZ73 -> 0 | BC73: 0
AD74: =+AM74+BA74 -> 25 | AE74: - Change Spool (21x) | AH74: 25 | AM74: =SUM(AF74:AL74)+AT74+AV74+AX74 -> 25 | AR74: =SUM(AN74:AQ74) -> 0 | BA74: =+AR74+AS74+AU74+AW74+AY74+AZ74 -> 0
A76: 46098 | B76: Toilet | C76: =(M76*E76*O76*Q76)/100000000 -> 16.830921 | D76: RC HW | E76: 13.5 | F76: 1 | G76: 1250 | H76: =+N76 -> 0.16 | I76: 0.88 | J76: =E76*G76*(1-H76)*1440/1000000*2.7 -> 55.1124 | K76: =(IF(G76<L76,L76,G76)*(1-IF(H76<N76,H76,N76))*E76*O76*Q76)/100000000 -> 17.174409 | L76: 1225 | M76: 1029 | N76: =1-(M76/L76) -> 0.16 | O76: =+'Trim Rwd'!H45 -> 260.55882 | P76: =O76*(Q76-R76-S76) -> 117772.59 | Q76: 465 | R76: 0 | S76: 13 | T76: =E76*M76*O76*Q76/100000000 -> 16.830921 | U76: =E76*M76*O76*(Q76-R76-S76)/100000000 -> 16.360379 | V76: =E76*G76*(1-N76)*O76/100*(R76+S76)/1000000 -> 0.48014477 | W76: =+'17'!K10/1000 -> 26.974 | X76: =SUM(W76:W79)/SUM(K76:K79) -> 0.9818163 | Y76: 0 | Z76: =+'17'!D25/1000 -> 0.71 | AA76: =SUM(U76:U79)-SUM(W76:W79)-SUM(Z76:Z79)-SUM(Y76:Y79) -> -2.6542015 | AB76: =(SUM(K76:K79)-SUM(W76:W79)-SUM(Y76:Y79)-SUM(Z76:Z79)-SUM(AC76:AC79)-SUM(V76:V79))-AA76 -> 1.3493239 | AC76: =K76-T76 -> 0.34348818 | AD76: =+AM76+BA76 -> 0 | AE76: - Sheet Breaks (0x) | AF76: 0 | AM76: =SUM(AF76:AL76)+AT76+AV76+AX76 -> 0 | AR76: =SUM(AN76:AQ76) -> 0 | BA76: =+AR76+AS76+AU76+AW76+AY76+AZ76 -> 0 | BB76: 0
B77: Toilet | C77: =(M77*E77*O77*Q77)/100000000 -> 34.479695 | D77: RC HW | E77: 15 | F77: 1 | G77: 1225 | H77: =+N77 -> 0.23 | I77: 0.88 | J77: =E77*G77*(1-H77)*1440/1000000*2.7 -> 55.01034 | K77: =(IF(G77<L77,L77,G77)*(1-IF(H77<N77,H77,N77))*E77*O77*Q77)/100000000 -> 35.867081 | L77: 1177.6154 | M77: 906.76385 | N77: =1-(M77/L77) -> 0.23 | O77: =+'Trim Rwd'!H47 -> 260 | P77: =O77*(Q77-R77-S77) -> 248300 | Q77: 975 | R77: 0 | S77: 20 | T77: =E77*M77*O77*Q77/100000000 -> 34.479695 | U77: =E77*M77*O77*(Q77-R77-S77)/100000000 -> 33.772419 | V77: =E77*G77*(1-N77)*O77/100*(R77+S77)/1000000 -> 0.735735 | W77: =+'17'!K7/1000 -> 25.103 | AD77: =+AM77+BA77 -> 4 | AE77: - Change Blade (2x) | AG77: 4 | AM77: =SUM(AF77:AL77)+AT77+AV77+AX77 -> 4 | AR77: =SUM(AN77:AQ77) -> 0 | BA77: =+AR77+AS77+AU77+AW77+AY77+AZ77 -> 0 | BC77: 2
AD78: =+AM78+BA78 -> 29 | AE78: - Change Spool (21x) | AH78: 29 | AM78: =SUM(AF78:AL78)+AT78+AV78+AX78 -> 29 | AR78: =SUM(AN78:AQ78) -> 0 | BA78: =+AR78+AS78+AU78+AW78+AY78+AZ78 -> 0
A80: 46099 | B80: Toilet | C80: =(M80*E80*O80*Q80)/100000000 -> 6.378372 | D80: RC HW | E80: 15 | F80: 1 | G80: 1225 | H80: =+N80 -> 0.23 | I80: 0.88 | J80: =E80*G80*(1-H80)*1440/1000000*2.7 -> 55.01034 | K80: =(IF(G80<L80,L80,G80)*(1-IF(H80<N80,H80,N80))*E80*O80*Q80)/100000000 -> 6.621615 | L80: 1180 | M80: =+L80-L80*0.23 -> 908.6 | N80: =1-(M80/L80) -> 0.23 | O80: =+'Trim Rwd'!H49 -> 260 | P80: =O80*(Q80-R80-S80) -> 46280 | Q80: 180 | R80: 0 | S80: 2 | T80: =E80*M80*O80*Q80/100000000 -> 6.378372 | U80: =E80*M80*O80*(Q80-R80-S80)/100000000 -> 6.3075012 | V80: =E80*G80*(1-N80)*O80/100*(R80+S80)/1000000 -> 0.0735735 | W80: =+'18'!K7/1000 -> 12.499 | X80: =SUM(W80:W83)/SUM(K80:K83) -> 1.0212328 | Y80: 0 | Z80: 0 | AA80: =SUM(U80:U83)-SUM(W80:W83)-SUM(Z80:Z83)-SUM(Y80:Y83) -> -2.6502352 | AB80: =(SUM(K80:K83)-SUM(W80:W83)-SUM(Y80:Y83)-SUM(Z80:Z83)-SUM(AC80:AC83)-SUM(V80:V83))-AA80 -> 0.11270675 | AC80: =K80-T80 -> 0.243243 | AD80: =+AM80+BA80 -> 0 | AE80: - Sheet Breaks (0x) | AF80: 0 | AM80: =SUM(AF80:AL80)+AT80+AV80+AX80 -> 0 | AR80: =SUM(AN80:AQ80) -> 0 | BA80: =+AR80+AS80+AU80+AW80+AY80+AZ80 -> 0 | BB80: 0
B81: Towel | C81: =(M81*E81*O81*Q81)/100000000 -> 51.464065 | D81: RC HW | E81: 22 | F81: 1 | G81: 770 | H81: =+N81 -> 0.16 | I81: 0.88 | J81: =E81*G81*(1-H81)*1440/1000000*2.7 -> 55.324685 | K81: =(IF(G81<L81,L81,G81)*(1-IF(H81<N81,H81,N81))*E81*O81*Q81)/100000000 -> 51.464065 | L81: 860 | M81: =+L81-L81*0.16 -> 722.4 | N81: =1-(M81/L81) -> 0.16 | O81: =+'Trim Rwd'!H50 -> 257 | P81: =O81*(Q81-R81-S81) -> 316881 | Q81: =1440-Q80 -> 1260 | R81: 0 | S81: 27 | T81: =E81*M81*O81*Q81/100000000 -> 51.464065 | U81: =E81*M81*O81*(Q81-R81-S81)/100000000 -> 50.361264 | V81: =E81*G81*(1-N81)*O81/100*(R81+S81)/1000000 -> 0.98739194 | W81: =+'18'!K11/1000 -> 46.82 | AC81: =K81-T81 -> 0 | AD81: =+AM81+BA81 -> 2 | AE81: - Change Blade (2x) | AG81: 2 | AM81: =SUM(AF81:AL81)+AT81+AV81+AX81 -> 2 | AR81: =SUM(AN81:AQ81) -> 0 | BA81: =+AR81+AS81+AU81+AW81+AY81+AZ81 -> 0 | BC81: 2
AD82: =+AM82+BA82 -> 27 | AE82: - Change Spool (23x) | AH82: 27 | AM82: =SUM(AF82:AL82)+AT82+AV82+AX82 -> 27 | AR82: =SUM(AN82:AQ82) -> 0 | BA82: =+AR82+AS82+AU82+AW82+AY82+AZ82 -> 0
A84: 46100 | B84: Towel | C84: =(M84*E84*O84*Q84)/100000000 -> 58.816074 | D84: RC HW | E84: 22 | F84: 1 | G84: 770 | H84: =+N84 -> 0.16 | I84: 0.88 | J84: =E84*G84*(1-H84)*1440/1000000*2.7 -> 55.324685 | K84: =(IF(G84<L84,L84,G84)*(1-IF(H84<N84,H84,N84))*E84*O84*Q84)/100000000 -> 58.816074 | L84: 860 | M84: =+L84-L84*0.16 -> 722.4 | N84: =1-(M84/L84) -> 0.16 | O84: =+'Trim Rwd'!H52 -> 257 | P84: =O84*(Q84-R84-S84) -> 358258 | Q84: =1440-Q83 -> 1440 | R84: 0 | S84: 46 | T84: =E84*M84*O84*Q84/100000000 -> 58.816074 | U84: =E84*M84*O84*(Q84-R84-S84)/100000000 -> 56.937227 | V84: =E84*G84*(1-N84)*O84/100*(R84+S84)/1000000 -> 1.6822233 | W84: =+'19'!K34/1000 -> 57.947 | X84: =SUM(W84:W87)/SUM(K84:K87) -> 0.98522387 | Y84: 0 | Z84: 0 | AA84: =SUM(U84:U87)-SUM(W84:W87)-SUM(Z84:Z87)-SUM(Y84:Y87) -> -1.0097726 | AB84: =(SUM(K84:K87)-SUM(W84:W87)-SUM(Y84:Y87)-SUM(Z84:Z87)-SUM(AC84:AC87)-SUM(V84:V87))-AA84 -> 0.1966235 | AC84: =K84-T84 -> 0 | AD84: =+AM84+BA84 -> 10 | AE84: - Sheet Breaks (2x) | AF84: 10 | AM84: =SUM(AF84:AL84)+AT84+AV84+AX84 -> 10 | AR84: =SUM(AN84:AQ84) -> 0 | BA84: =+AR84+AS84+AU84+AW84+AY84+AZ84 -> 0 | BB84: 2
AD85: =+AM85+BA85 -> 12 | AE85: - Change Blade (6x) | AG85: 12 | AM85: =SUM(AF85:AL85)+AT85+AV85+AX85 -> 12 | AR85: =SUM(AN85:AQ85) -> 0 | BA85: =+AR85+AS85+AU85+AW85+AY85+AZ85 -> 0 | BC85: 6
AD86: =+AM86+BA86 -> 24 | AE86: - Change Spool (22x) | AH86: 24 | AM86: =SUM(AF86:AL86)+AT86+AV86+AX86 -> 24 | AR86: =SUM(AN86:AQ86) -> 0 | BA86: =+AR86+AS86+AU86+AW86+AY86+AZ86 -> 0
A88: 46101 | B88: Towel | C88: =(M88*E88*O88*Q88)/100000000 -> 58.816074 | D88: RC HW | E88: 22 | F88: 1 | G88: 770 | H88: =+N88 -> 0.16 | I88: 0.88 | J88: =E88*G88*(1-H88)*1440/1000000*2.7 -> 55.324685 | K88: =(IF(G88<L88,L88,G88)*(1-IF(H88<N88,H88,N88))*E88*O88*Q88)/100000000 -> 58.816074 | L88: 860 | M88: 722.4 | N88: =1-(M88/L88) -> 0.16 | O88: =+'Trim Rwd'!H54 -> 257 | P88: =O88*(Q88-R88-S88) -> 359800 | Q88: =1440-Q87 -> 1440 | R88: 0 | S88: 40 | T88: =E88*M88*O88*Q88/100000000 -> 58.816074 | U88: =E88*M88*O88*(Q88-R88-S88)/100000000 -> 57.182294 | V88: =E88*G88*(1-N88)*O88/100*(R88+S88)/1000000 -> 1.4628029 | W88: =+'20'!K11/1000 -> 56.204 | X88: =SUM(W88:W91)/SUM(K88:K91) -> 0.95558911 | Y88: 0 | Z88: 0 | AA88: =SUM(U88:U91)-SUM(W88:W91)-SUM(Z88:Z91)-SUM(Y88:Y91) -> 0.9782944 | AB88: =(SUM(K88:K91)-SUM(W88:W91)-SUM(Y88:Y91)-SUM(Z88:Z91)-SUM(AC88:AC91)-SUM(V88:V91))-AA88 -> 0.17097696 | AC88: =K88-T88 -> 0 | AD88: =+AM88+BA88 -> 0 | AE88: - Sheet Breaks (0x) | AF88: 0 | AM88: =SUM(AF88:AL88)+AT88+AV88+AX88 -> 0 | AR88: =SUM(AN88:AQ88) -> 0 | BA88: =+AR88+AS88+AU88+AW88+AY88+AZ88 -> 0 | BB88: 0
AD89: =+AM89+BA89 -> 14 | AE89: - Change Blade (5x) | AG89: 14 | AM89: =SUM(AF89:AL89)+AT89+AV89+AX89 -> 14 | AR89: =SUM(AN89:AQ89) -> 0 | BA89: =+AR89+AS89+AU89+AW89+AY89+AZ89 -> 0 | BC89: 5
AD90: =+AM90+BA90 -> 26 | AE90: - Change Spool (20x) | AH90: 26 | AM90: =SUM(AF90:AL90)+AT90+AV90+AX90 -> 26 | AR90: =SUM(AN90:AQ90) -> 0 | BA90: =+AR90+AS90+AU90+AW90+AY90+AZ90 -> 0
A92: 46102 | B92: Towel | C92: =(M92*E92*O92*Q92)/100000000 -> 58.816074 | D92: RC HW | E92: 22 | F92: 1 | G92: 770 | H92: =+N92 -> 0.16 | I92: 0.88 | J92: =E92*G92*(1-H92)*1440/1000000*2.7 -> 55.324685 | K92: =(IF(G92<L92,L92,G92)*(1-IF(H92<N92,H92,N92))*E92*O92*Q92)/100000000 -> 58.816074 | L92: 860 | M92: 722.4 | N92: =1-(M92/L92) -> 0.16 | O92: =+'Trim Rwd'!H56 -> 257 | P92: =O92*(Q92-R92-S92) -> 364426 | Q92: =1440-Q91 -> 1440 | R92: 0 | S92: 22 | T92: =E92*M92*O92*Q92/100000000 -> 58.816074 | U92: =E92*M92*O92*(Q92-R92-S92)/100000000 -> 57.917495 | V92: =E92*G92*(1-N92)*O92/100*(R92+S92)/1000000 -> 0.80454158 | W92: =+'21'!K11/1000 -> 57.914 | X92: =SUM(W92:W95)/SUM(K92:K95) -> 0.98466279 | Y92: 0 | Z92: 0 | AA92: =SUM(U92:U95)-SUM(W92:W95)-SUM(Z92:Z95)-SUM(Y92:Y95) -> 0.003495328 | AB92: =(SUM(K92:K95)-SUM(W92:W95)-SUM(Y92:Y95)-SUM(Z92:Z95)-SUM(AC92:AC95)-SUM(V92:V95))-AA92 -> 0.094037328 | AC92: =K92-T92 -> 0 | AD92: =+AM92+BA92 -> 0 | AE92: - Sheet Breaks (0x) | AF92: 0 | AM92: =SUM(AF92:AL92)+AT92+AV92+AX92 -> 0 | AR92: =SUM(AN92:AQ92) -> 0 | BA92: =+AR92+AS92+AU92+AW92+AY92+AZ92 -> 0 | BB92: 0
AD93: =+AM93+BA93 -> 6 | AE93: - Change Blade (4x) | AG93: 6 | AM93: =SUM(AF93:AL93)+AT93+AV93+AX93 -> 6 | AR93: =SUM(AN93:AQ93) -> 0 | BA93: =+AR93+AS93+AU93+AW93+AY93+AZ93 -> 0 | BC93: 4
AD94: =+AM94+BA94 -> 16 | AE94: - Change Spool (20x) | AH94: 16 | AM94: =SUM(AF94:AL94)+AT94+AV94+AX94 -> 16 | AR94: =SUM(AN94:AQ94) -> 0 | BA94: =+AR94+AS94+AU94+AW94+AY94+AZ94 -> 0
A96: 46103 | B96: Towel | C96: =(M96*E96*O96*Q96)/100000000 -> 40.027606 | D96: RC HW | E96: 22 | F96: 1 | G96: 770 | H96: =+N96 -> 0.16 | I96: 0.88 | J96: =E96*G96*(1-H96)*1440/1000000*2.7 -> 55.324685 | K96: =(IF(G96<L96,L96,G96)*(1-IF(H96<N96,H96,N96))*E96*O96*Q96)/100000000 -> 40.027606 | L96: 860 | M96: 722.4 | N96: =1-(M96/L96) -> 0.16 | O96: =+'Trim Rwd'!H58 -> 257 | P96: =O96*(Q96-R96-S96) -> 247234 | Q96: 980 | R96: 0 | S96: 18 | T96: =E96*M96*O96*Q96/100000000 -> 40.027606 | U96: =E96*M96*O96*(Q96-R96-S96)/100000000 -> 39.292405 | V96: =E96*G96*(1-N96)*O96/100*(R96+S96)/1000000 -> 0.6582613 | W96: =+'22'!K11/1000 -> 44.061 | X96: =SUM(W96:W99)/SUM(K96:K99) -> 0.95667195 | Y96: 0 | Z96: 0 | AA96: =SUM(U96:U99)-SUM(W96:W99)-SUM(Z96:Z99)-SUM(Y96:Y99) -> 0.82720595 | AB96: =(SUM(K96:K99)-SUM(W96:W99)-SUM(Y96:Y99)-SUM(Z96:Z99)-SUM(AC96:AC99)-SUM(V96:V99))-AA96 -> 0.066128832 | AC96: =K96-T96 -> 0 | AD96: =+AM96+BA96 -> 0 | AE96: - Sheet Breaks (0x) | AF96: 0 | AM96: =SUM(AF96:AL96)+AT96+AV96+AX96 -> 0 | AR96: =SUM(AN96:AQ96) -> 0 | BA96: =+AR96+AS96+AU96+AW96+AY96+AZ96 -> 0 | BB96: 0
B97: Toilet | C97: =(M97*E97*O97*Q97)/100000000 -> 16.300284 | D97: RC HW | E97: 15 | F97: 1 | G97: 1225 | H97: =+N97 -> 0.23 | I97: 0.88 | J97: =E97*G97*(1-H97)*1440/1000000*2.7 -> 55.01034 | K97: =(IF(G97<L97,L97,G97)*(1-IF(H97<N97,H97,N97))*E97*O97*Q97)/100000000 -> 16.921905 | L97: 1180 | M97: 908.6 | N97: =1-(M97/L97) -> 0.23 | O97: =+'Trim Rwd'!H59 -> 260 | P97: =O97*(Q97-R97-S97) -> 117520 | Q97: 460 | R97: 0 | S97: 8 | T97: =E97*M97*O97*Q97/100000000 -> 16.300284 | U97: =E97*M97*O97*(Q97-R97-S97)/100000000 -> 16.016801 | V97: =E97*G97*(1-N97)*O97/100*(R97+S97)/1000000 -> 0.294294 | W97: =+'22'!K7/1000 -> 10.421 | AC97: =K97-T97 -> 0.621621 | AD97: =+AM97+BA97 -> 4 | AE97: - Change Blade (3x) | AG97: 4 | AM97: =SUM(AF97:AL97)+AT97+AV97+AX97 -> 4 | AR97: =SUM(AN97:AQ97) -> 0 | BA97: =+AR97+AS97+AU97+AW97+AY97+AZ97 -> 0 | BC97: 3
AD98: =+AM98+BA98 -> 22 | AE98: - Change Spool (22x) | AH98: 22 | AM98: =SUM(AF98:AL98)+AT98+AV98+AX98 -> 22 | AR98: =SUM(AN98:AQ98) -> 0 | BA98: =+AR98+AS98+AU98+AW98+AY98+AZ98 -> 0
A100: 46104 | B100: Toilet | C100: =(M100*E100*O100*Q100)/100000000 -> 24.450426 | D100: RC HW | E100: 15 | F100: 1 | G100: 1225 | H100: =+N100 -> 0.23 | I100: 0.88 | J100: =E100*G100*(1-H100)*1440/1000000*2.7 -> 55.01034 | K100: =(IF(G100<L100,L100,G100)*(1-IF(H100<N100,H100,N100))*E100*O100*Q100)/100000000 -> 25.382857 | L100: 1180 | M100: 908.6 | N100: =1-(M100/L100) -> 0.23 | O100: =+'Trim Rwd'!H61 -> 260 | P100: =O100*(Q100-R100-S100) -> 176280 | Q100: 690 | R100: 0 | S100: 12 | T100: =E100*M100*O100*Q100/100000000 -> 24.450426 | U100: =E100*M100*O100*(Q100-R100-S100)/100000000 -> 24.025201 | V100: =E100*G100*(1-N100)*O100/100*(R100+S100)/1000000 -> 0.441441 | W100: =+'23'!K7/1000 -> 27.837 | X100: =SUM(W100:W103)/SUM(K100:K103) -> 0.86348074 | Y100: 0 | Z100: =+'23'!D7/1000 -> 1.5 | AA100: =SUM(U100:U103)-SUM(W100:W103)-SUM(Z100:Z103)-SUM(Y100:Y103) -> 3.2861306 | AB100: =(SUM(K100:K103)-SUM(W100:W103)-SUM(Y100:Y103)-SUM(Z100:Z103)-SUM(AC100:AC103)-SUM(V100:V103))-AA100 -> -0.026396685 | AC100: =K100-T100 -> 0.9324315 | AD100: =+AM100+BA100 -> 4 | AE100: - Sheet Breaks (2x) | AF100: 4 | AM100: =SUM(AF100:AL100)+AT100+AV100+AX100 -> 4 | AR100: =SUM(AN100:AQ100) -> 0 | BA100: =+AR100+AS100+AU100+AW100+AY100+AZ100 -> 0 | BB100: 2
B101: Toilet | C101: =(M101*E101*O101*Q101)/100000000 -> 26.723773 | D101: RC HW | E101: 13.5 | F101: 1 | G101: 1250 | H101: =+N101 -> 0.16 | I101: 0.88 | J101: =E101*G101*(1-H101)*1440/1000000*2.7 -> 55.1124 | K101: =(IF(G101<L101,L101,G101)*(1-IF(H101<N101,H101,N101))*E101*O101*Q101)/100000000 -> 27.269156 | L101: 1225 | M101: 1029 | N101: =1-(M101/L101) -> 0.16 | O101: =+'Trim Rwd'!H62 -> 256.5 | P101: =O101*(Q101-R101-S101) -> 188784 | Q101: 750 | R101: 0 | S101: 14 | T101: =E101*M101*O101*Q101/100000000 -> 26.723773 | U101: =E101*M101*O101*(Q101-R101-S101)/100000000 -> 26.224929 | V101: =E101*G101*(1-N101)*O101/100*(R101+S101)/1000000 -> 0.50902425 | W101: =+'23'!K10/1000 -> 17.627 | AC101: =K101-T101 -> 0.54538313 | AD101: =+AM101+BA101 -> 0 | AE101: - Change Blade (0x) | AG101: 0 | AM101: =SUM(AF101:AL101)+AT101+AV101+AX101 -> 0 | AR101: =SUM(AN101:AQ101) -> 0 | BA101: =+AR101+AS101+AU101+AW101+AY101+AZ101 -> 0 | BC101: 0
AD102: =+AM102+BA102 -> 22 | AE102: - Change Spool (23x) | AH102: 22 | AM102: =SUM(AF102:AL102)+AT102+AV102+AX102 -> 22 | AR102: =SUM(AN102:AQ102) -> 0 | BA102: =+AR102+AS102+AU102+AW102+AY102+AZ102 -> 0
A104: 46105 | B104: Toilet | C104: =(M104*E104*O104*Q104)/100000000 -> 52.459861 | D104: RC HW | E104: 13.5 | F104: 1 | G104: 1250 | H104: =+N104 -> 0.16 | I104: 0.88 | J104: =E104*G104*(1-H104)*1440/1000000*2.7 -> 55.1124 | K104: =(IF(G104<L104,L104,G104)*(1-IF(H104<N104,H104,N104))*E104*O104*Q104)/100000000 -> 53.53047 | L104: 1225 | M104: 1029 | N104: =1-(M104/L104) -> 0.16 | O104: =+'Trim Rwd'!H64 -> 262.25 | P104: =O104*(Q104-R104-S104) -> 369772.5 | Q104: 1440 | R104: 0 | S104: 30 | T104: =E104*M104*O104*Q104/100000000 -> 52.459861 | U104: =E104*M104*O104*(Q104-R104-S104)/100000000 -> 51.366947 | V104: =E104*G104*(1-N104)*O104/100*(R104+S104)/1000000 -> 1.1152181 | W104: =+'24'!K10/1000 -> 50.433 | X104: =SUM(W104:W107)/SUM(K104:K107) -> 0.94213632 | Y104: 0 | Z104: =+'23'!D11/1000 -> 0 | AA104: =SUM(U104:U107)-SUM(W104:W107)-SUM(Z104:Z107)-SUM(Y104:Y107) -> 0.93394684 | AB104: =(SUM(K104:K107)-SUM(W104:W107)-SUM(Y104:Y107)-SUM(Z104:Z107)-SUM(AC104:AC107)-SUM(V104:V107))-AA104 -> -0.022304363 | AC104: =K104-T104 -> 1.0706094 | AD104: =+AM104+BA104 -> 8 | AE104: - Sheet Breaks (4x) | AF104: 8 | AM104: =SUM(AF104:AL104)+AT104+AV104+AX104 -> 8 | AR104: =SUM(AN104:AQ104) -> 0 | BA104: =+AR104+AS104+AU104+AW104+AY104+AZ104 -> 0 | BB104: 4
AD105: =+AM105+BA105 -> 0 | AE105: - Change Blade (0x) | AG105: 0 | AM105: =SUM(AF105:AL105)+AT105+AV105+AX105 -> 0 | AR105: =SUM(AN105:AQ105) -> 0 | BA105: =+AR105+AS105+AU105+AW105+AY105+AZ105 -> 0 | BC105: 0
AD106: =+AM106+BA106 -> 22 | AE106: - Change Spool (21x) | AH106: 22 | AM106: =SUM(AF106:AL106)+AT106+AV106+AX106 -> 22 | AR106: =SUM(AN106:AQ106) -> 0 | BA106: =+AR106+AS106+AU106+AW106+AY106+AZ106 -> 0
A108: 46106 | B108: Toilet | C108: =(M108*E108*O108*Q108)/100000000 -> 51.669087 | D108: RC HW | E108: 13.5 | F108: 1 | G108: 1250 | H108: =+N108 -> 0.16 | I108: 0.88 | J108: =E108*G108*(1-H108)*1440/1000000*2.7 -> 55.1124 | K108: =(IF(G108<L108,L108,G108)*(1-IF(H108<N108,H108,N108))*E108*O108*Q108)/100000000 -> 52.723558 | L108: 1225 | M108: 1029 | N108: =1-(M108/L108) -> 0.16 | O108: =+'Trim Rwd'!H67 -> 258.29688 | P108: =O108*(Q108-R108-S108) -> 362648.81 | Q108: 1440 | R108: 0 | S108: 36 | T108: =E108*M108*O108*Q108/100000000 -> 51.669087 | U108: =E108*M108*O108*(Q108-R108-S108)/100000000 -> 50.37736 | V108: =E108*G108*(1-N108)*O108/100*(R108+S108)/1000000 -> 1.318089 | W108: =+'25'!K10/1000 -> 53.864 | X108: =SUM(W108:W111)/SUM(K108:K111) -> 1.0216306 | Y108: 0 | Z108: 0 | AA108: =SUM(U108:U111)-SUM(W108:W111)-SUM(Z108:Z111)-SUM(Y108:Y111) -> -3.4866402 | AB108: =(SUM(K108:K111)-SUM(W108:W111)-SUM(Y108:Y111)-SUM(Z108:Z111)-SUM(AC108:AC111)-SUM(V108:V111))-AA108 -> -0.026361779 | AC108: =K108-T108 -> 1.0544712 | AD108: =+AM108+BA108 -> 0 | AE108: - Sheet Breaks (0x) | AF108: 0 | AM108: =SUM(AF108:AL108)+AT108+AV108+AX108 -> 0 | AR108: =SUM(AN108:AQ108) -> 0 | BA108: =+AR108+AS108+AU108+AW108+AY108+AZ108 -> 0 | BB108: 0
AD109: =+AM109+BA109 -> 8 | AE109: - Change Blade (3x) | AG109: 8 | AM109: =SUM(AF109:AL109)+AT109+AV109+AX109 -> 8 | AR109: =SUM(AN109:AQ109) -> 0 | BA109: =+AR109+AS109+AU109+AW109+AY109+AZ109 -> 0 | BC109: 3
AD110: =+AM110+BA110 -> 28 | AE110: - Change Spool (27x) | AH110: 28 | AM110: =SUM(AF110:AL110)+AT110+AV110+AX110 -> 28 | AR110: =SUM(AN110:AQ110) -> 0 | BA110: =+AR110+AS110+AU110+AW110+AY110+AZ110 -> 0
A112: 46107 | B112: Toilet | C112: =(M112*E112*O112*Q112)/100000000 -> 51.309644 | D112: RC HW | E112: 13.5 | F112: 1 | G112: 1250 | H112: =+N112 -> 0.16 | I112: 0.88 | J112: =E112*G112*(1-H112)*1440/1000000*2.7 -> 55.1124 | K112: =(IF(G112<L112,L112,G112)*(1-IF(H112<N112,H112,N112))*E112*O112*Q112)/100000000 -> 52.35678 | L112: 1225 | M112: 1029 | N112: =1-(M112/L112) -> 0.16 | O112: =+'Trim Rwd'!H70 -> 256.5 | P112: =O112*(Q112-R112-S112) -> 360639 | Q112: 1440 | R112: 0 | S112: 34 | T112: =E112*M112*O112*Q112/100000000 -> 51.309644 | U112: =E112*M112*O112*(Q112-R112-S112)/100000000 -> 50.098167 | V112: =E112*G112*(1-N112)*O112/100*(R112+S112)/1000000 -> 1.2362017 | W112: =+'26'!K10/1000 -> 49.85 | X112: =SUM(W112:W115)/SUM(K112:K115) -> 0.9521212 | Y112: 0 | Z112: =+'23'!D19/1000 -> 0 | AA112: =SUM(U112:U115)-SUM(W112:W115)-SUM(Z112:Z115)-SUM(Y112:Y115) -> 0.24816669 | AB112: =(SUM(K112:K115)-SUM(W112:W115)-SUM(Y112:Y115)-SUM(Z112:Z115)-SUM(AC112:AC115)-SUM(V112:V115))-AA112 -> -0.024724035 | AC112: =K112-T112 -> 1.0471356 | AD112: =+AM112+BA112 -> 0 | AE112: - Sheet Breaks (0x) | AF112: 0 | AM112: =SUM(AF112:AL112)+AT112+AV112+AX112 -> 0 | AR112: =SUM(AN112:AQ112) -> 0 | BA112: =+AR112+AS112+AU112+AW112+AY112+AZ112 -> 0 | BB112: 0
AD113: =+AM113+BA113 -> 2 | AE113: - Change Blade (1x) | AG113: 2 | AM113: =SUM(AF113:AL113)+AT113+AV113+AX113 -> 2 | AR113: =SUM(AN113:AQ113) -> 0 | BA113: =+AR113+AS113+AU113+AW113+AY113+AZ113 -> 0 | BC113: 1
AD114: =+AM114+BA114 -> 32 | AE114: - Change Spool (26x) | AH114: 32 | AM114: =SUM(AF114:AL114)+AT114+AV114+AX114 -> 32 | AR114: =SUM(AN114:AQ114) -> 0 | BA114: =+AR114+AS114+AU114+AW114+AY114+AZ114 -> 0
A116: 46108 | B116: Toilet | C116: =(M116*E116*O116*Q116)/100000000 -> 53.289086 | D116: RC HW | E116: 13.5 | F116: 1 | G116: 1250 | H116: =+N116 -> 0.16 | I116: 0.88 | J116: =E116*G116*(1-H116)*1440/1000000*2.7 -> 55.1124 | K116: =(IF(G116<L116,L116,G116)*(1-IF(H116<N116,H116,N116))*E116*O116*Q116)/100000000 -> 54.376619 | L116: 1225 | M116: 1029 | N116: =1-(M116/L116) -> 0.16 | O116: =+'Trim Rwd'!H72 -> 266.39535 | P116: =O116*(Q116-R116-S116) -> 376683.02 | Q116: 1440 | R116: 0 | S116: 26 | T116: =E116*M116*O116*Q116/100000000 -> 53.289086 | U116: =E116*M116*O116*(Q116-R116-S116)/100000000 -> 52.326922 | V116: =E116*G116*(1-N116)*O116/100*(R116+S116)/1000000 -> 0.98180006 | W116: =+'27'!K10/1000 -> 42.185 | X116: =SUM(W116:W119)/SUM(K116:K119) -> 0.775793 | Y116: 0 | Z116: =+'27'!D34/1000 -> 0.85 | AA116: =SUM(U116:U119)-SUM(W116:W119)-SUM(Z116:Z119)-SUM(Y116:Y119) -> 9.2919222 | AB116: =(SUM(K116:K119)-SUM(W116:W119)-SUM(Y116:Y119)-SUM(Z116:Z119)-SUM(AC116:AC119)-SUM(V116:V119))-AA116 -> -0.019636001 | AC116: =K116-T116 -> 1.0875324 | AD116: =+AM116+BA116 -> 0 | AE116: - Sheet Breaks (0x) | AF116: 0 | AM116: =SUM(AF116:AL116)+AT116+AV116+AX116 -> 0 | AR116: =SUM(AN116:AQ116) -> 0 | BA116: =+AR116+AS116+AU116+AW116+AY116+AZ116 -> 0 | BB116: 0
AD117: =+AM117+BA117 -> 2 | AE117: - Change Blade (1x) | AG117: 2 | AM117: =SUM(AF117:AL117)+AT117+AV117+AX117 -> 2 | AR117: =SUM(AN117:AQ117) -> 0 | BA117: =+AR117+AS117+AU117+AW117+AY117+AZ117 -> 0 | BC117: 1
AD118: =+AM118+BA118 -> 24 | AE118: - Change Spool (23x) | AH118: 24 | AM118: =SUM(AF118:AL118)+AT118+AV118+AX118 -> 24 | AR118: =SUM(AN118:AQ118) -> 0 | BA118: =+AR118+AS118+AU118+AW118+AY118+AZ118 -> 0
A120: 46109 | B120: Toilet | C120: =(M120*E120*O120*Q120)/100000000 -> 52.880688 | D120: RC HW | E120: 13.5 | F120: 1 | G120: 1250 | H120: =+N120 -> 0.16 | I120: 0.88 | J120: =E120*G120*(1-H120)*1440/1000000*2.7 -> 55.1124 | K120: =(IF(G120<L120,L120,G120)*(1-IF(H120<N120,H120,N120))*E120*O120*Q120)/100000000 -> 54.70416 | L120: 1208.3333 | M120: 1015 | N120: =1-(M120/L120) -> 0.16 | O120: =+'Trim Rwd'!H75 -> 268 | P120: =O120*(Q120-R120-S120) -> 378952 | Q120: 1440 | R120: 0 | S120: 26 | T120: =E120*M120*O120*Q120/100000000 -> 52.880688 | U120: =E120*M120*O120*(Q120-R120-S120)/100000000 -> 51.925898 | V120: =E120*G120*(1-N120)*O120/100*(R120+S120)/1000000 -> 0.987714 | W120: =+'28'!K10/1000 -> 43.595 | X120: =SUM(W120:W123)/SUM(K120:K123) -> 0.79692294 | Y120: 0 | Z120: 0 | AA120: =SUM(U120:U123)-SUM(W120:W123)-SUM(Z120:Z123)-SUM(Y120:Y123) -> 8.3308978 | AB120: =(SUM(K120:K123)-SUM(W120:W123)-SUM(Y120:Y123)-SUM(Z120:Z123)-SUM(AC120:AC123)-SUM(V120:V123))-AA120 -> -0.0329238 | AC120: =K120-T120 -> 1.823472 | AD120: =+AM120+BA120 -> 0 | AE120: - Sheet Breaks (0x) | AF120: 0 | AM120: =SUM(AF120:AL120)+AT120+AV120+AX120 -> 0 | AR120: =SUM(AN120:AQ120) -> 0 | BA120: =+AR120+AS120+AU120+AW120+AY120+AZ120 -> 0 | BB120: 0
AD121: =+AM121+BA121 -> 3 | AE121: - Change Blade (1x) | AG121: 3 | AM121: =SUM(AF121:AL121)+AT121+AV121+AX121 -> 3 | AR121: =SUM(AN121:AQ121) -> 0 | BA121: =+AR121+AS121+AU121+AW121+AY121+AZ121 -> 0 | BC121: 1
AD122: =+AM122+BA122 -> 23 | AE122: - Change Spool (22x) | AH122: 23 | AM122: =SUM(AF122:AL122)+AT122+AV122+AX122 -> 23 | AR122: =SUM(AN122:AQ122) -> 0 | BA122: =+AR122+AS122+AU122+AW122+AY122+AZ122 -> 0
A124: 46110 | B124: Toilet | C124: =(M124*E124*O124*Q124)/100000000 -> 35.375357 | D124: RC HW | E124: 13.5 | F124: 1 | G124: 1250 | H124: =+N124 -> 0.16 | I124: 0.88 | J124: =E124*G124*(1-H124)*1440/1000000*2.7 -> 55.1124 | K124: =(IF(G124<L124,L124,G124)*(1-IF(H124<N124,H124,N124))*E124*O124*Q124)/100000000 -> 36.84933 | L124: 1200 | M124: 1008 | N124: =1-(M124/L124) -> 0.16 | O124: =+'Trim Rwd'!H77 -> 268 | P124: =O124*(Q124-R124-S124) -> 254064 | Q124: 970 | R124: 0 | S124: 22 | T124: =E124*M124*O124*Q124/100000000 -> 35.375357 | U124: =E124*M124*O124*(Q124-R124-S124)/100000000 -> 34.573029 | V124: =E124*G124*(1-N124)*O124/100*(R124+S124)/1000000 -> 0.835758 | W124: =+'29'!K10/1000 -> 42.407 | X124: =SUM(W124:W127)/SUM(K124:K127) -> 0.82676059 | Y124: 0 | Z124: =+'27'!D42/1000 -> 0 | AA124: =SUM(U124:U127)-SUM(W124:W127)-SUM(Z124:Z127)-SUM(Y124:Y127) -> 6.7090438 | AB124: =(SUM(K124:K127)-SUM(W124:W127)-SUM(Y124:Y127)-SUM(Z124:Z127)-SUM(AC124:AC127)-SUM(V124:V127))-AA124 -> -0.03503808 | AC124: =K124-T124 -> 1.4739732 | AD124: =+AM124+BA124 -> 0 | AE124: - Sheet Breaks (0x) | AF124: 0 | AM124: =SUM(AF124:AL124)+AT124+AV124+AX124 -> 0 | AR124: =SUM(AN124:AQ124) -> 0 | BA124: =+AR124+AS124+AU124+AW124+AY124+AZ124 -> 0 | BB124: 0
B125: Toilet | C125: =(M125*E125*O125*Q125)/100000000 -> 17.531015 | D125: RC HW | E125: 14.5 | F125: 1 | G125: 1165 | H125: =+N125 -> 0.16 | I125: 0.88 | J125: =E125*G125*(1-H125)*1440/1000000*2.7 -> 55.169554 | K125: =(IF(G125<L125,L125,G125)*(1-IF(H125<N125,H125,N125))*E125*O125*Q125)/100000000 -> 17.60658 | L125: 1160 | M125: 974.4 | N125: =1-(M125/L125) -> 0.16 | O125: =+'Trim Rwd'!H78 -> 264 | P125: =O125*(Q125-R125-S125) -> 121440 | Q125: 470 | R125: 0 | S125: 10 | T125: =E125*M125*O125*Q125/100000000 -> 17.531015 | U125: =E125*M125*O125*(Q125-R125-S125)/100000000 -> 17.158015 | V125: =E125*G125*(1-N125)*O125/100*(R125+S125)/1000000 -> 0.37460808 | W125: =+'29'!K8/1000 -> 2.615 | AC125: =K125-T125 -> 0.07556472 | AD125: =+AM125+BA125 -> 4 | AE125: - Change Blade (2x) | AG125: 4 | AM125: =SUM(AF125:AL125)+AT125+AV125+AX125 -> 4 | AR125: =SUM(AN125:AQ125) -> 0 | BA125: =+AR125+AS125+AU125+AW125+AY125+AZ125 -> 0 | BC125: 2
AD126: =+AM126+BA126 -> 28 | AE126: - Change Spool (21x) | AH126: 28 | AM126: =SUM(AF126:AL126)+AT126+AV126+AX126 -> 28 | AR126: =SUM(AN126:AQ126) -> 0 | BA126: =+AR126+AS126+AU126+AW126+AY126+AZ126 -> 0
A128: 46111 | B128: Toilet | C128: =(M128*E128*O128*Q128)/100000000 -> 9.4814532 | D128: RC HW | E128: 13.5 | F128: 1 | G128: 1250 | H128: =+N128 -> 0.16 | I128: 0.88 | J128: =E128*G128*(1-H128)*1440/1000000*2.7 -> 55.1124 | K128: =(IF(G128<L128,L128,G128)*(1-IF(H128<N128,H128,N128))*E128*O128*Q128)/100000000 -> 9.8856671 | L128: 1198.8889 | M128: 1007.0667 | N128: =1-(M128/L128) -> 0.16 | O128: =+'Trim Rwd'!H80 -> 258.29688 | P128: =O128*(Q128-R128-S128) -> 68190.375 | Q128: 270 | R128: 0 | S128: 6 | T128: =E128*M128*O128*Q128/100000000 -> 9.4814532 | U128: =E128*M128*O128*(Q128-R128-S128)/100000000 -> 9.2707542 | V128: =E128*G128*(1-N128)*O128/100*(R128+S128)/1000000 -> 0.21968149 | W128: =+'30'!K10/1000 -> 4.224 | X128: =SUM(W128:W131)/SUM(K128:K131) -> 1.016498 | Y128: 0 | Z128: =+'27'!D46/1000 -> 0 | AA128: =SUM(U128:U131)-SUM(W128:W131)-SUM(Z128:Z131)-SUM(Y128:Y131) -> -3.7676091 | AB128: =(SUM(K128:K131)-SUM(W128:W131)-SUM(Y128:Y131)-SUM(Z128:Z131)-SUM(AC128:AC131)-SUM(V128:V131))-AA128 -> -0.031120151 | AC128: =K128-T128 -> 0.40421395 | AD128: =+AM128+BA128 -> 0 | AE128: - Sheet Breaks (0x) | AF128: 0 | AM128: =SUM(AF128:AL128)+AT128+AV128+AX128 -> 0 | AR128: =SUM(AN128:AQ128) -> 0 | BA128: =+AR128+AS128+AU128+AW128+AY128+AZ128 -> 0 | BB128: 0
B129: Toilet | C129: =(M129*E129*O129*Q129)/100000000 -> 42.102411 | D129: RC HW | E129: 14.5 | F129: 1 | G129: 1165 | H129: =+N129 -> 0.16 | I129: 0.88 | J129: =E129*G129*(1-H129)*1440/1000000*2.7 -> 55.169554 | K129: =(IF(G129<L129,L129,G129)*(1-IF(H129<N129,H129,N129))*E129*O129*Q129)/100000000 -> 43.829145 | L129: 1119.1026 | M129: 940.04615 | N129: =1-(M129/L129) -> 0.16 | O129: =+'Trim Rwd'!H82 -> 264 | P129: =O129*(Q129-R129-S129) -> 304920 | Q129: 1170 | R129: 0 | S129: 15 | T129: =E129*M129*O129*Q129/100000000 -> 42.102411 | U129: =E129*M129*O129*(Q129-R129-S129)/100000000 -> 41.562637 | V129: =E129*G129*(1-N129)*O129/100*(R129+S129)/1000000 -> 0.56191212 | W129: =+'30'!K8/1000 -> 50.377 | AC129: =K129-T129 -> 1.7267342 | AD129: =+AM129+BA129 -> 3 | AE129: - Change Blade (2x) | AG129: 3 | AM129: =SUM(AF129:AL129)+AT129+AV129+AX129 -> 3 | AR129: =SUM(AN129:AQ129) -> 0 | BA129: =+AR129+AS129+AU129+AW129+AY129+AZ129 -> 0 | BC129: 2
AD130: =+AM130+BA130 -> 18 | AE130: - Change Spool (22x) | AH130: 18 | AM130: =SUM(AF130:AL130)+AT130+AV130+AX130 -> 18 | AR130: =SUM(AN130:AQ130) -> 0 | BA130: =+AR130+AS130+AU130+AW130+AY130+AZ130 -> 0
...

Sheet Efficiency2
A1: PM17 Efficiency Running Report
A3: Date | B3: Grade | C3: Speed real (ton) with Available Time | D3: Colour | E3: gsm | F3: Ply | G3: Standard | L3: Real Running | O3: Trim Rewinder (cm) | P3: Trim Rewinder x Running Time | Q3: Available Time (mnt) | R3: Down Time (mnt) | S3: Loss Time (mnt) | T3: Real Speed & Real Creepe Ratio with Available Time (ton) | U3: Real Speed & Real Creepe Ratio setelah dipotong DT & LT (ton) | V3: Loss tonase akibat DT + LT dari hitungan Teori with available time (ton) | W3: Accepted (ton) | X3: Real Eff dr Target Eff | Y3: Backlog | Z3: Reject Rewinder (ton) | AA3: Estimasi Reject to Broke Plant (ton) | AB3: Estimasi Faktor BW (ton) | AC3: Loss Opportunity in Speed (ton) | AD3: Downtime/ Losstime | AE3: Reason of Downtime / Losstime | AF3: Loss Time | AM3: Total Losstime | AN3: Unschedule Shut Down (mnt) | AS3: Schedule Shut Down | AT3: Marketing | AV3: EXT FACTOR | AX3: EXT FACTOR | AZ3: MANAGEMENT | BA3: Total Down Time | BB3: Freq. Sheets Break (X) | BC3: Freq. Change Blade (X) | BD3: Steam, & gangguan sinergy (X) | BE3: Freq, Trip PLN (X) | BF3: Cleaning Holes (X)
AF4: Proses | AI4: Change Grade | AJ4: Mekanik | AK4: Electric & Instrument | AL4: Boiler | AN4: Down Time Produksi | AO4: Mekanik | AP4: Electrical & Instrument | AQ4: Boiler | AR4: Total Unschedule Shut Down | AV4: LOSS | AW4: DOWN TIME | AX4: LOSS | AY4: DOWN TIME
G5: Yankee Speed (mpm) | H5: Max % Creeping | I5: Target Eff | J5: Kapasitas PM-Teori (ton) | K5: Teori (ton) with Available Time | L5: Yankee Speed (mpm) | M5: Popereel Speed (mpm) | N5: % Creeping | AF5: sheet break | AG5: change blade | AH5: change spool | AT5: Loss time | AU5: Down Time | AV5: SINERGY | AW5: SINERGY | AX5: PLN | AY5: PLN
A6: =+Report1!A9 -> 46082 | B6: Toilet | C6: =(M6*E6*O6*Q6)/100000000 -> 51.654015 | D6: RC HW | E6: 15 | F6: 1 | G6: 1145 | H6: =+N6 -> 0.17337982 | I6: 0.88 | J6: =E6*G6*(1-H6)*1440/1000000*2.7 -> 55.19872 | K6: =(IF(G6<L6,L6,G6)*(1-IF(H6<N6,H6,N6))*E6*O6*Q6)/100000000 -> 52.438784 | L6: 1127.8646 | M6: 932.31562 | N6: =1-(M6/L6) -> 0.17337982 | O6: =+'Trim Rwd'!H4 -> 256.5 | P6: =O6*(Q6-R6-S6) -> 362434.5 | Q6: 1440 | R6: 0 | S6: 27 | T6: =E6*M6*O6*Q6/100000000 -> 51.654015 | U6: =E6*M6*O6*(Q6-R6-S6)/100000000 -> 50.685502 | V6: =E6*G6*(1-N6)*O6/100*(R6+S6)/1000000 -> 0.9832272 | W6: =+'1'!K7/1000 -> 56.237 | X6: =SUM(W6:W9)/SUM(K6:K9) -> 1.0724314 | Y6: 0 | Z6: 0 | AA6: =SUM(U6:U9)-SUM(W6:W9)-SUM(Z6:Z9)-SUM(Y6:Y9) -> -5.5514979 | AB6: =(SUM(K6:K9)-SUM(W6:W9)-SUM(Y6:Y9)-SUM(Z6:Z9)-SUM(AC6:AC9)-SUM(V6:V9))-AA6 -> -0.014714417 | AC6: =K6-T6 -> 0.78476892 | AD6: =+AM6+BA6 -> 0 | AE6: - Sheet Breaks (0x) | AF6: 0 | AM6: =SUM(AF6:AL6)+AT6+AV6+AX6 -> 0 | AR6: =SUM(AN6:AQ6) -> 0 | BA6: =+AR6+AS6+AU6+AW6+AY6+AZ6 -> 0 | BB6: 0
AD7: =+AM7+BA7 -> 2 | AE7: - Change Blade (1x) | AG7: 2 | AM7: =SUM(AF7:AL7)+AT7+AV7+AX7 -> 2 | AR7: =SUM(AN7:AQ7) -> 0 | BA7: =+AR7+AS7+AU7+AW7+AY7+AZ7 -> 0 | BC7: 1
AD8: =+AM8+BA8 -> 25 | AE8: - Change Spool (19x) | AH8: 25 | AM8: =SUM(AF8:AL8)+AT8+AV8+AX8 -> 25 | AR8: =SUM(AN8:AQ8) -> 0 | BA8: =+AR8+AS8+AU8+AW8+AY8+AZ8 -> 0
A10: 46083 | B10: Toilet | C10: =(M10*E10*O10*Q10)/100000000 -> 52.963612 | D10: RC HW | E10: 15 | F10: 1 | G10: 1110 | H10: =+N10 -> 0.15 | I10: 0.88 | J10: =E10*G10*(1-H10)*1440/1000000*2.7 -> 55.02492 | K10: =(IF(G10<L10,L10,G10)*(1-IF(H10<N10,H10,N10))*E10*O10*Q10)/100000000 -> 52.963612 | L10: 1124.6504 | M10: 955.95286 | N10: =1-(M10/L10) -> 0.15 | O10: =+'Trim Rwd'!H6 -> 256.5 | P10: =O10*(Q10-R10-S10) -> 361921.5 | Q10: 1440 | R10: 0 | S10: 29 | T10: =E10*M10*O10*Q10/100000000 -> 52.963612 | U10: =E10*M10*O10*(Q10-R10-S10)/100000000 -> 51.896984 | V10: =E10*G10*(1-N10)*O10/100*(R10+S10)/1000000 -> 1.0527337 | W10: =+'2'!K7/1000 -> 52.433 | X10: =SUM(W10:W13)/SUM(K10:K13) -> 0.98998157 | Y10: 0 | Z10: 0 | AA10: =SUM(U10:U13)-SUM(W10:W13)-SUM(Z10:Z13)-SUM(Y10:Y13) -> -0.5360159 | AB10: =(SUM(K10:K13)-SUM(W10:W13)-SUM(Y10:Y13)-SUM(Z10:Z13)-SUM(AC10:AC13)-SUM(V10:V13))-AA10 -> 0.013894593 | AC10: =K10-T10 -> 0 | AD10: =+AM10+BA10 -> 5 | AE10: - Sheet Breaks (2x) | AF10: 5 | AM10: =SUM(AF10:AL10)+AT10+AV10+AX10 -> 5 | AR10: =SUM(AN10:AQ10) -> 0 | BA10: =+AR10+AS10+AU10+AW10+AY10+AZ10 -> 0 | BB10: 2
AD11: =+AM11+BA11 -> 3 | AE11: - Change Blade (1x) | AG11: 3 | AM11: =SUM(AF11:AL11)+AT11+AV11+AX11 -> 3 | AR11: =SUM(AN11:AQ11) -> 0 | BA11: =+AR11+AS11+AU11+AW11+AY11+AZ11 -> 0 | BC11: 1
AD12: =+AM12+BA12 -> 21 | AE12: - Change Spool (20x) | AH12: 21 | AM12: =SUM(AF12:AL12)+AT12+AV12+AX12 -> 21 | AR12: =SUM(AN12:AQ12) -> 0 | BA12: =+AR12+AS12+AU12+AW12+AY12+AZ12 -> 0
A14: 46084 | B14: Toilet | C14: =(M14*E14*O14*Q14)/100000000 -> 52.963612 | D14: RC HW | E14: 15 | F14: 1 | G14: 1110 | H14: =+N14 -> 0.15 | I14: 0.88 | J14: =E14*G14*(1-H14)*1440/1000000*2.7 -> 55.02492 | K14: =(IF(G14<L14,L14,G14)*(1-IF(H14<N14,H14,N14))*E14*O14*Q14)/100000000 -> 52.963612 | L14: 1124.6504 | M14: 955.95286 | N14: =1-(M14/L14) -> 0.15 | O14: =+'Trim Rwd'!H8 -> 256.5 | P14: =O14*(Q14-R14-S14) -> 363717 | Q14: 1440 | R14: 0 | S14: 22 | T14: =E14*M14*O14*Q14/100000000 -> 52.963612 | U14: =E14*M14*O14*(Q14-R14-S14)/100000000 -> 52.154446 | V14: =E14*G14*(1-N14)*O14/100*(R14+S14)/1000000 -> 0.79862557 | W14: =+'3'!K7/1000 -> 49.889 | X14: =SUM(W14:W17)/SUM(K14:K17) -> 0.94194859 | Y14: 0 | Z14: =+'1'!D42/1000 -> 0 | AA14: =SUM(U14:U17)-SUM(W14:W17)-SUM(Z14:Z17)-SUM(Y14:Y17) -> 2.2654461 | AB14: =(SUM(K14:K17)-SUM(W14:W17)-SUM(Y14:Y17)-SUM(Z14:Z17)-SUM(AC14:AC17)-SUM(V14:V17))-AA14 -> 0.010540726 | AC14: =K14-T14 -> 0 | AD14: =+AM14+BA14 -> 0 | AE14: - Sheet Breaks (0x) | AF14: 0 | AM14: =SUM(AF14:AL14)+AT14+AV14+AX14 -> 0 | AR14: =SUM(AN14:AQ14) -> 0 | BA14: =+AR14+AS14+AU14+AW14+AY14+AZ14 -> 0 | BB14: 0
AD15: =+AM15+BA15 -> 3 | AE15: - Change Blade (1x) | AG15: 3 | AM15: =SUM(AF15:AL15)+AT15+AV15+AX15 -> 3 | AR15: =SUM(AN15:AQ15) -> 0 | BA15: =+AR15+AS15+AU15+AW15+AY15+AZ15 -> 0 | BC15: 1
AD16: =+AM16+BA16 -> 19 | AE16: - Change Spool (21x) | AH16: 19 | AM16: =SUM(AF16:AL16)+AT16+AV16+AX16 -> 19 | AR16: =SUM(AN16:AQ16) -> 0 | BA16: =+AR16+AS16+AU16+AW16+AY16+AZ16 -> 0
A18: 46085 | B18: Toilet | C18: =(M18*E18*O18*Q18)/100000000 -> 2.1815325 | D18: RC HW | E18: 15 | F18: 1 | G18: 1125 | H18: =+N18 -> 0.16 | I18: 0.88 | J18: =E18*G18*(1-H18)*1440/1000000*2.7 -> 55.1124 | K18: =(IF(G18<L18,L18,G18)*(1-IF(H18<N18,H18,N18))*E18*O18*Q18)/100000000 -> 2.1815325 | L18: 1125 | M18: 945 | N18: =1-(M18/L18) -> 0.16 | O18: =+'Trim Rwd'!H10 -> 256.5 | P18: =O18*(Q18-R18-S18) -> 14620.5 | Q18: 60 | R18: 0 | S18: 3 | T18: =E18*M18*O18*Q18/100000000 -> 2.1815325 | U18: =E18*M18*O18*(Q18-R18-S18)/100000000 -> 2.0724559 | V18: =E18*G18*(1-N18)*O18/100*(R18+S18)/1000000 -> 0.10907662 | W18: =+'4'!K7/1000 -> 7.075 | X18: =SUM(W18:W21)/SUM(K18:K21) -> 0.80011505 | Y18: 0 | Z18: =+'1'!D46/1000 -> 0 | AA18: =SUM(U18:U21)-SUM(W18:W21)-SUM(Z18:Z21)-SUM(Y18:Y21) -> -2.2643001 | AB18: =(SUM(K18:K21)-SUM(W18:W21)-SUM(Y18:Y21)-SUM(Z18:Z21)-SUM(AC18:AC21)-SUM(V18:V21))-AA18 -> -0.50706821 | AC18: =K18-T18 -> 0 | AD18: =+AM18+BA18 -> 0 | AE18: - Sheet Breaks (0x) | AF18: 0 | AM18: =SUM(AF18:AL18)+AT18+AV18+AX18 -> 0 | AR18: =SUM(AN18:AQ18) -> 0 | BA18: =+AR18+AS18+AU18+AW18+AY18+AZ18 -> 0 | BB18: 0 | BD18: 2 | BF18: 1
B19: Toilet | C19: =(M19*E19*O19*Q19)/100000000 -> 45.059855 | D19: RC HW | E19: 14.5 | F19: 1 | G19: 1165 | H19: =+N19 -> 0.16 | I19: 0.88 | J19: =E19*G19*(1-H19)*1440/1000000*2.7 -> 55.169554 | K19: =(IF(G19<L19,L19,G19)*(1-IF(H19<N19,H19,N19))*E19*O19*Q19)/100000000 -> 47.411335 | L19: 1107.219 | M19: 930.06395 | N19: =1-(M19/L19) -> 0.16 | O19: =+'Trim Rwd'!H11 -> 275 | P19: =O19*(Q19-R19-S19) -> 262075 | Q19: =1380-159-6 -> 1215 | R19: =348-159-6 -> 183 | S19: =10+69 -> 79 | T19: =E19*M19*O19*Q19/100000000 -> 45.059855 | U19: =E19*M19*O19*(Q19-R19-S19)/100000000 -> 35.343244 | V19: =E19*G19*(1-N19)*O19/100*(R19+S19)/1000000 -> 10.223679 | W19: =+'4'!K8/1000 -> 32.605 | AC19: =K19-T19 -> 2.3514804 | AD19: =+AM19+BA19 -> 0 | AE19: - Change Blade (0x) | AG19: 0 | AM19: =SUM(AF19:AL19)+AT19+AV19+AX19 -> 0 | AR19: =SUM(AN19:AQ19) -> 0 | BA19: =+AR19+AS19+AU19+AW19+AY19+AZ19 -> 0 | BC19: 0
AD20: =+AM20+BA20 -> 13 | AE20: - Change Spool (18x) | AH20: 13 | AM20: =SUM(AF20:AL20)+AT20+AV20+AX20 -> 13 | AR20: =SUM(AN20:AQ20) -> 0 | BA20: =+AR20+AS20+AU20+AW20+AY20+AZ20 -> 0
AD21: =+AM21+BA21 -> 35 | AE21: - 13.05 PM stop, cleaning PM | AM21: =SUM(AF21:AL21)+AT21+AV21+AX21 -> 0 | AN21: 35 | AR21: =SUM(AN21:AQ21) -> 35 | BA21: =+AR21+AS21+AU21+AW21+AY21+AZ21 -> 35
AD22: =+AM22+BA22 -> 148 | AE22: - 13.40 Change power sinergy -> PLN | AM22: =SUM(AF22:AL22)+AT22+AV22+AX22 -> 0 | AR22: =SUM(AN22:AQ22) -> 0 | AW22: =313-159-6 -> 148 | BA22: =+AR22+AS22+AU22+AW22+AY22+AZ22 -> 148
AD23: =+AM23+BA23 -> 69 | AE23: - Reject PM : 2.230 kg / 54,3 % (Hole acak dan keriput mati) | AM23: =SUM(AF23:AL23)+AT23+AV23+AX23 -> 69 | AR23: =SUM(AN23:AQ23) -> 0 | AV23: 69 | BA23: =+AR23+AS23+AU23+AW23+AY23+AZ23 -> 0
A25: 46086 | B25: Toilet | C25: =(M25*E25*O25*Q25)/100000000 -> 55.46772 | D25: RC HW | E25: 14.5 | F25: 1 | G25: 1165 | H25: =+N25 -> 0.16 | I25: 0.88 | J25: =E25*G25*(1-H25)*1440/1000000*2.7 -> 55.169554 | K25: =(IF(G25<L25,L25,G25)*(1-IF(H25<N25,H25,N25))*E25*O25*Q25)/100000000 -> 56.191212 | L25: 1150 | M25: 966 | N25: =1-(M25/L25) -> 0.16 | O25: =+'Trim Rwd'!H13 -> 275 | P25: =O25*(Q25-R25-S25) -> 387475 | Q25: 1440 | R25: 0 | S25: 31 | T25: =E25*M25*O25*Q25/100000000 -> 55.46772 | U25: =E25*M25*O25*(Q25-R25-S25)/100000000 -> 54.273623 | V25: =E25*G25*(1-N25)*O25/100*(R25+S25)/1000000 -> 1.2096719 | W25: =+'5'!K8/1000 -> 54.178 | X25: =SUM(W25:W28)/SUM(K25:K28) -> 0.96417212 | Y25: 0 | Z25: 0 | AA25: =SUM(U25:U28)-SUM(W25:W28)-SUM(Z25:Z28)-SUM(Y25:Y28) -> 0.09562325 | AB25: =(SUM(K25:K28)-SUM(W25:W28)-SUM(Y25:Y28)-SUM(Z25:Z28)-SUM(AC25:AC28)-SUM(V25:V28))-AA25 -> -0.015575175 | AC25: =K25-T25 -> 0.723492 | AD25: =+AM25+BA25 -> 4 | AE25: - Sheet Breaks (2x) | AF25: 4 | AM25: =SUM(AF25:AL25)+AT25+AV25+AX25 -> 4 | AR25: =SUM(AN25:AQ25) -> 0 | BA25: =+AR25+AS25+AU25+AW25+AY25+AZ25 -> 0 | BB25: 2
AD26: =+AM26+BA26 -> 3 | AE26: - Change Blade (1x) | AG26: 3 | AM26: =SUM(AF26:AL26)+AT26+AV26+AX26 -> 3 | AR26: =SUM(AN26:AQ26) -> 0 | BA26: =+AR26+AS26+AU26+AW26+AY26+AZ26 -> 0 | BC26: 1
AD27: =+AM27+BA27 -> 24 | AE27: - Change Spool (26x) | AH27: 24 | AM27: =SUM(AF27:AL27)+AT27+AV27+AX27 -> 24 | AR27: =SUM(AN27:AQ27) -> 0 | BA27: =+AR27+AS27+AU27+AW27+AY27+AZ27 -> 0
A29: 46087 | B29: Toilet | C29: =(M29*E29*O29*Q29)/100000000 -> 8.6668312 | D29: RC HW | E29: 14.5 | F29: 1 | G29: 1165 | H29: =+N29 -> 0.16 | I29: 0.88 | J29: =E29*G29*(1-H29)*1440/1000000*2.7 -> 55.169554 | K29: =(IF(G29<L29,L29,G29)*(1-IF(H29<N29,H29,N29))*E29*O29*Q29)/100000000 -> 8.7798769 | L29: 1150 | M29: 966 | N29: =1-(M29/L29) -> 0.16 | O29: =+'Trim Rwd'!H16 -> 275 | P29: =O29*(Q29-R29-S29) -> 60500 | Q29: 225 | R29: 0 | S29: 5 | T29: =E29*M29*O29*Q29/100000000 -> 8.6668312 | U29: =E29*M29*O29*(Q29-R29-S29)/100000000 -> 8.474235 | V29: =E29*G29*(1-N29)*O29/100*(R29+S29)/1000000 -> 0.19510837 | W29: =+'6'!K8/1000 -> 10.114 | X29: =SUM(W29:W32)/SUM(K29:K32) -> 0.97687923 | Y29: 0 | Z29: 0 | AA29: =SUM(U29:U32)-SUM(W29:W32)-SUM(Z29:Z32)-SUM(Y29:Y32) -> -0.10857057 | AB29: =(SUM(K29:K32)-SUM(W29:W32)-SUM(Y29:Y32)-SUM(Z29:Z32)-SUM(AC29:AC32)-SUM(V29:V32))-AA29 -> 7.3395e-05 | AC29: =K29-T29 -> 0.11304562 | AD29: =+AM29+BA29 -> 0 | AE29: - Sheet Breaks (0x) | AF29: 0 | AM29: =SUM(AF29:AL29)+AT29+AV29+AX29 -> 0 | AR29: =SUM(AN29:AQ29) -> 0 | BA29: =+AR29+AS29+AU29+AW29+AY29+AZ29 -> 0 | BB29: 0 | BD29: 2
B30: Toilet | C30: =(M30*E30*O30*Q30)/100000000 -> 25.016522 | D30: RC HW | E30: 15 | F30: 1 | G30: 1125 | H30: =+N30 -> 0.16 | I30: 0.88 | J30: =E30*G30*(1-H30)*1440/1000000*2.7 -> 55.1124 | K30: =(IF(G30<L30,L30,G30)*(1-IF(H30<N30,H30,N30))*E30*O30*Q30)/100000000 -> 25.016522 | L30: 1130 | M30: 949.2 | N30: =1-(M30/L30) -> 0.16 | O30: =+'Trim Rwd'!H15 -> 256.5 | P30: =O30*(Q30-R30-S30) -> 171598.5 | Q30: =1215-530 -> 685 | R30: =530-530 -> 0 | S30: 16 | T30: =E30*M30*O30*Q30/100000000 -> 25.016522 | U30: =E30*M30*O30*(Q30-R30-S30)/100000000 -> 24.432194 | V30: =E30*G30*(1-N30)*O30/100*(R30+S30)/1000000 -> 0.581742 | W30: =+'6'!K7/1000 -> 22.901 | AC30: =K30-T30 -> 0 | AD30: =+AM30+BA30 -> 2 | AE30: - Change Blade (1x) | AG30: 2 | AM30: =SUM(AF30:AL30)+AT30+AV30+AX30 -> 2 | AR30: =SUM(AN30:AQ30) -> 0 | BA30: =+AR30+AS30+AU30+AW30+AY30+AZ30 -> 0 | BC30: 1
AD31: =+AM31+BA31 -> 19 | AE31: - Change Spool (14x) | AH31: 19 | AM31: =SUM(AF31:AL31)+AT31+AV31+AX31 -> 19 | AR31: =SUM(AN31:AQ31) -> 0 | BA31: =+AR31+AS31+AU31+AW31+AY31+AZ31 -> 0
AD32: =+AM32+BA32 -> 0 | AE32: - Sinergy Black Out | AM32: =SUM(AF32:AL32)+AT32+AV32+AX32 -> 0 | AR32: =SUM(AN32:AQ32) -> 0 | AW32: =530-530 -> 0 | BA32: =+AR32+AS32+AU32+AW32+AY32+AZ32 -> 0
A34: 46088 | B34: Toilet | C34: =(M34*E34*O34*Q34)/100000000 -> 46.638679 | D34: RC HW | E34: 15 | F34: 1 | G34: 1150 | H34: =+N34 -> 0.18 | I34: 0.88 | J34: =E34*G34*(1-H34)*1440/1000000*2.7 -> 54.99576 | K34: =(IF(G34<L34,L34,G34)*(1-IF(H34<N34,H34,N34))*E34*O34*Q34)/100000000 -> 46.658556 | L34: 1149.5101 | M34: 942.59829 | N34: =1-(M34/L34) -> 0.18 | O34: =+'Trim Rwd'!H18 -> 256.5 | P34: =O34*(Q34-R34-S34) -> 323959.5 | Q34: =1440-154 -> 1286 | R34: =154-154 -> 0 | S34: =17+6 -> 23 | T34: =E34*M34*O34*Q34/100000000 -> 46.638679 | U34: =E34*M34*O34*(Q34-R34-S34)/100000000 -> 45.804551 | V34: =E34*G34*(1-N34)*O34/100*(R34+S34)/1000000 -> 0.83448427 | W34: =+'7'!K7/1000 -> 38.324 | X34: =SUM(W34:W37)/SUM(K34:K37) -> 0.82137133 | Y34: 0 | Z34: 0 | AA34: =SUM(U34:U37)-SUM(W34:W37)-SUM(Z34:Z37)-SUM(Y34:Y37) -> 7.4805506 | AB34: =(SUM(K34:K37)-SUM(W34:W37)-SUM(Y34:Y37)-SUM(Z34:Z37)-SUM(AC34:AC37)-SUM(V34:V37))-AA34 -> -0.00035548387 | AC34: =K34-T34 -> 0.019876185 | AD34: =+AM34+BA34 -> 0 | AE34: - Sheet Breaks (0x) | AF34: 0 | AM34: =SUM(AF34:AL34)+AT34+AV34+AX34 -> 0 | AR34: =SUM(AN34:AQ34) -> 0 | BA34: =+AR34+AS34+AU34+AW34+AY34+AZ34 -> 0 | BB34: 0 | BD34: 2
AD35: =+AM35+BA35 -> 0 | AE35: - Change Blade (0x) | AG35: 0 | AM35: =SUM(AF35:AL35)+AT35+AV35+AX35 -> 0 | AR35: =SUM(AN35:AQ35) -> 0 | BA35: =+AR35+AS35+AU35+AW35+AY35+AZ35 -> 0 | BC35: 0
AD36: =+AM36+BA36 -> 17 | AE36: - Change Spool (18x) | AH36: 17 | AM36: =SUM(AF36:AL36)+AT36+AV36+AX36 -> 17 | AR36: =SUM(AN36:AQ36) -> 0 | BA36: =+AR36+AS36+AU36+AW36+AY36+AZ36 -> 0
AD37: =+AM37+BA37 -> 0 | AE37: - Sinergy Black Out | AM37: =SUM(AF37:AL37)+AT37+AV37+AX37 -> 0 | AR37: =SUM(AN37:AQ37) -> 0 | AW37: =154-154 -> 0 | BA37: =+AR37+AS37+AU37+AW37+AY37+AZ37 -> 0
AD38: =+AM38+BA38 -> 6 | AE38: - Seset PM : 200 kg / 1,7 % (keriput mati saat kondisi steam drop) | AM38: =SUM(AF38:AL38)+AT38+AV38+AX38 -> 6 | AR38: =SUM(AN38:AQ38) -> 0 | AV38: 6 | BA38: =+AR38+AS38+AU38+AW38+AY38+AZ38 -> 0
A40: 46089 | B40: Toilet | C40: =(M40*E40*O40*Q40)/100000000 -> 52.174986 | D40: RC HW | E40: 15 | F40: 1 | G40: 1150 | H40: =+N40 -> 0.18 | I40: 0.88 | J40: =E40*G40*(1-H40)*1440/1000000*2.7 -> 54.99576 | K40: =(IF(G40<L40,L40,G40)*(1-IF(H40<N40,H40,N40))*E40*O40*Q40)/100000000 -> 52.245972 | L40: 1148.4375 | M40: 941.71875 | N40: =1-(M40/L40) -> 0.18 | O40: =+'Trim Rwd'!H20 -> 256.5 | P40: =O40*(Q40-R40-S40) -> 363204 | Q40: 1440 | R40: 0 | S40: 24 | T40: =E40*M40*O40*Q40/100000000 -> 52.174986 | U40: =E40*M40*O40*(Q40-R40-S40)/100000000 -> 51.305403 | V40: =E40*G40*(1-N40)*O40/100*(R40+S40)/1000000 -> 0.8707662 | W40: =+'8'!K7/1000 -> 46.312 | X40: =SUM(W40:W43)/SUM(K40:K43) -> 0.8864224 | Y40: 0 | Z40: 0 | AA40: =SUM(U40:U43)-SUM(W40:W43)-SUM(Z40:Z43)-SUM(Y40:Y43) -> 4.9934025 | AB40: =(SUM(K40:K43)-SUM(W40:W43)-SUM(Y40:Y43)-SUM(Z40:Z43)-SUM(AC40:AC43)-SUM(V40:V43))-AA40 -> -0.0011831063 | AC40: =K40-T40 -> 0.070986375 | AD40: =+AM40+BA40 -> 0 | AE40: - Sheet Breaks (0x) | AF40: 0 | AM40: =SUM(AF40:AL40)+AT40+AV40+AX40 -> 0 | AR40: =SUM(AN40:AQ40) -> 0 | BA40: =+AR40+AS40+AU40+AW40+AY40+AZ40 -> 0 | BB40: 0
AD41: =+AM41+BA41 -> 3 | AE41: - Change Blade (1x) | AG41: 3 | AM41: =SUM(AF41:AL41)+AT41+AV41+AX41 -> 3 | AR41: =SUM(AN41:AQ41) -> 0 | BA41: =+AR41+AS41+AU41+AW41+AY41+AZ41 -> 0 | BC41: 1
AD42: =+AM42+BA42 -> 21 | AE42: - Change Spool (20x) | AH42: 21 | AM42: =SUM(AF42:AL42)+AT42+AV42+AX42 -> 21 | AR42: =SUM(AN42:AQ42) -> 0 | BA42: =+AR42+AS42+AU42+AW42+AY42+AZ42 -> 0
A44: 46090 | B44: Toilet | C44: =(M44*E44*O44*Q44)/100000000 -> 6.5307465 | D44: RC HW | E44: 15 | F44: 1 | G44: 1150 | H44: =+N44 -> 0.18 | I44: 0.88 | J44: =E44*G44*(1-H44)*1440/1000000*2.7 -> 54.99576 | K44: =(IF(G44<L44,L44,G44)*(1-IF(H44<N44,H44,N44))*E44*O44*Q44)/100000000 -> 6.5307465 | L44: 1150 | M44: 943 | N44: =1-(M44/L44) -> 0.18 | O44: =+'Trim Rwd'!H23 -> 256.5 | P44: =O44*(Q44-R44-S44) -> 44631 | Q44: 180 | R44: 0 | S44: 6 | T44: =E44*M44*O44*Q44/100000000 -> 6.5307465 | U44: =E44*M44*O44*(Q44-R44-S44)/100000000 -> 6.3130549 | V44: =E44*G44*(1-N44)*O44/100*(R44+S44)/1000000 -> 0.21769155 | W44: =+'9'!K7/1000 -> 27.425 | X44: =SUM(W44:W47)/SUM(K44:K47) -> 1.2051685 | Y44: 0 | Z44: 0 | AA44: =SUM(U44:U47)-SUM(W44:W47)-SUM(Z44:Z47)-SUM(Y44:Y47) -> -13.865902 | AB44: =(SUM(K44:K47)-SUM(W44:W47)-SUM(Y44:Y47)-SUM(Z44:Z47)-SUM(AC44:AC47)-SUM(V44:V47))-AA44 -> -0.0209264 | AC44: =K44-T44 -> 0 | AD44: =+AM44+BA44 -> 0 | AE44: - Sheet Breaks (0x) | AF44: 0 | AM44: =SUM(AF44:AL44)+AT44+AV44+AX44 -> 0 | AR44: =SUM(AN44:AQ44) -> 0 | BA44: =+AR44+AS44+AU44+AW44+AY44+AZ44 -> 0 | BB44: 0
B45: Toilet | C45: =(M45*E45*O45*Q45)/100000000 -> 47.378678 | D45: RC HW | E45: 14.5 | F45: 1 | G45: 1190 | H45: =+N45 -> 0.18 | I45: 0.88 | J45: =E45*G45*(1-H45)*1440/1000000*2.7 -> 55.011701 | K45: =(IF(G45<L45,L45,G45)*(1-IF(H45<N45,H45,N45))*E45*O45*Q45)/100000000 -> 49.026631 | L45: 1150 | M45: 943 | N45: =1-(M45/L45) -> 0.18 | O45: =+'Trim Rwd'!H22 -> 275 | P45: =O45*(Q45-R45-S45) -> 342100 | Q45: 1260 | R45: 0 | S45: 16 | T45: =E45*M45*O45*Q45/100000000 -> 47.378678 | U45: =E45*M45*O45*(Q45-R45-S45)/100000000 -> 46.777043 | V45: =E45*G45*(1-N45)*O45/100*(R45+S45)/1000000 -> 0.6225604 | W45: =+'9'!K8/1000 -> 39.531 | AC45: =K45-T45 -> 1.647954 | AD45: =+AM45+BA45 -> 0 | AE45: - Change Blade (0x) | AG45: 0 | AM45: =SUM(AF45:AL45)+AT45+AV45+AX45 -> 0 | AR45: =SUM(AN45:AQ45) -> 0 | BA45: =+AR45+AS45+AU45+AW45+AY45+AZ45 -> 0 | BC45: 0
AD46: =+AM46+BA46 -> 22 | AE46: - Change Spool (27x) | AH46: 22 | AM46: =SUM(AF46:AL46)+AT46+AV46+AX46 -> 22 | AR46: =SUM(AN46:AQ46) -> 0 | BA46: =+AR46+AS46+AU46+AW46+AY46+AZ46 -> 0
A48: 46091 | B48: Toilet | C48: =(M48*E48*O48*Q48)/100000000 -> 54.14706 | D48: RC HW | E48: 14.5 | F48: 1 | G48: 1190 | H48: =+N48 -> 0.18 | I48: 0.88 | J48: =E48*G48*(1-H48)*1440/1000000*2.7 -> 55.011701 | K48: =(IF(G48<L48,L48,G48)*(1-IF(H48<N48,H48,N48))*E48*O48*Q48)/100000000 -> 56.030436 | L48: 1150 | M48: 943 | N48: =1-(M48/L48) -> 0.18 | O48: =+'Trim Rwd'!H25 -> 275 | P48: =O48*(Q48-R48-S48) -> 389400 | Q48: 1440 | R48: 0 | S48: 24 | T48: =E48*M48*O48*Q48/100000000 -> 54.14706 | U48: =E48*M48*O48*(Q48-R48-S48)/100000000 -> 53.244609 | V48: =E48*G48*(1-N48)*O48/100*(R48+S48)/1000000 -> 0.9338406 | W48: =+'10'!K8/1000 -> 55.335 | X48: =SUM(W48:W51)/SUM(K48:K51) -> 0.98758825 | Y48: 0 | Z48: 0 | AA48: =SUM(U48:U51)-SUM(W48:W51)-SUM(Z48:Z51)-SUM(Y48:Y51) -> -2.090391 | AB48: =(SUM(K48:K51)-SUM(W48:W51)-SUM(Y48:Y51)-SUM(Z48:Z51)-SUM(AC48:AC51)-SUM(V48:V51))-AA48 -> -0.0313896 | AC48: =K48-T48 -> 1.883376 | AD48: =+AM48+BA48 -> 0 | AE48: - Sheet Breaks (0x) | AF48: 0 | AM48: =SUM(AF48:AL48)+AT48+AV48+AX48 -> 0 | AR48: =SUM(AN48:AQ48) -> 0 | BA48: =+AR48+AS48+AU48+AW48+AY48+AZ48 -> 0 | BB48: 0
AD49: =+AM49+BA49 -> 0 | AE49: - Change Blade (0x) | AG49: 0 | AM49: =SUM(AF49:AL49)+AT49+AV49+AX49 -> 0 | AR49: =SUM(AN49:AQ49) -> 0 | BA49: =+AR49+AS49+AU49+AW49+AY49+AZ49 -> 0 | BC49: 0
AD50: =+AM50+BA50 -> 24 | AE50: - Change Spool (28x) | AH50: 24 | AM50: =SUM(AF50:AL50)+AT50+AV50+AX50 -> 24 | AR50: =SUM(AN50:AQ50) -> 0 | BA50: =+AR50+AS50+AU50+AW50+AY50+AZ50 -> 0
A52: 46092 | B52: Toilet | C52: =(M52*E52*O52*Q52)/100000000 -> 12.03268 | D52: RC HW | E52: 14.5 | F52: 1 | G52: 1190 | H52: =+N52 -> 0.18 | I52: 0.88 | J52: =E52*G52*(1-H52)*1440/1000000*2.7 -> 55.011701 | K52: =(IF(G52<L52,L52,G52)*(1-IF(H52<N52,H52,N52))*E52*O52*Q52)/100000000 -> 12.451208 | L52: 1150 | M52: 943 | N52: =1-(M52/L52) -> 0.18 | O52: =+'Trim Rwd'!H27 -> 275 | P52: =O52*(Q52-R52-S52) -> 85800 | Q52: 320 | R52: 0 | S52: 8 | T52: =E52*M52*O52*Q52/100000000 -> 12.03268 | U52: =E52*M52*O52*(Q52-R52-S52)/100000000 -> 11.731863 | V52: =E52*G52*(1-N52)*O52/100*(R52+S52)/1000000 -> 0.3112802 | W52: =+'11'!K8/1000 -> 14.357 | X52: =SUM(W52:W55)/SUM(K52:K55) -> 0.87086175 | Y52: 0 | Z52: 0 | AA52: =SUM(U52:U55)-SUM(W52:W55)-SUM(Z52:Z55)-SUM(Y52:Y55) -> 5.180891 | AB52: =(SUM(K52:K55)-SUM(W52:W55)-SUM(Y52:Y55)-SUM(Z52:Z55)-SUM(AC52:AC55)-SUM(V52:V55))-AA52 -> -0.020721191 | AC52: =K52-T52 -> 0.418528 | AD52: =+AM52+BA52 -> 0 | AE52: - Sheet Breaks (0x) | AF52: 0 | AM52: =SUM(AF52:AL52)+AT52+AV52+AX52 -> 0 | AR52: =SUM(AN52:AQ52) -> 0 | BA52: =+AR52+AS52+AU52+AW52+AY52+AZ52 -> 0 | BB52: 0
B53: Toilet | C53: =(M53*E53*O53*Q53)/100000000 -> 42.84687 | D53: RC HW | E53: 15 | F53: 1 | G53: 1180 | H53: =+N53 -> 0.2 | I53: 0.88 | J53: =E53*G53*(1-H53)*1440/1000000*2.7 -> 55.05408 | K53: =(IF(G53<L53,L53,G53)*(1-IF(H53<N53,H53,N53))*E53*O53*Q53)/100000000 -> 43.6128 | L53: 1159.2768 | M53: 927.42143 | N53: =1-(M53/L53) -> 0.2 | O53: =+'Trim Rwd'!H28 -> 275 | P53: =O53*(Q53-R53-S53) -> 303875 | Q53: 1120 | R53: 0 | S53: 15 | T53: =E53*M53*O53*Q53/100000000 -> 42.84687 | U53: =E53*M53*O53*(Q53-R53-S53)/100000000 -> 42.273028 | V53: =E53*G53*(1-N53)*O53/100*(R53+S53)/1000000 -> 0.5841 | W53: =+'11'!K7/1000 -> 34.467 | AC53: =K53-T53 -> 0.76593 | AD53: =+AM53+BA53 -> 2 | AE53: - Change Blade (1x) | AG53: 2 | AM53: =SUM(AF53:AL53)+AT53+AV53+AX53 -> 2 | AR53: =SUM(AN53:AQ53) -> 0 | BA53: =+AR53+AS53+AU53+AW53+AY53+AZ53 -> 0 | BC53: 1
AD54: =+AM54+BA54 -> 21 | AE54: - Change Spool (22x) | AH54: 21 | AM54: =SUM(AF54:AL54)+AT54+AV54+AX54 -> 21 | AR54: =SUM(AN54:AQ54) -> 0 | BA54: =+AR54+AS54+AU54+AW54+AY54+AZ54 -> 0
A56: 46093 | B56: Toilet | C56: =(M56*E56*O56*Q56)/100000000 -> 25.746867 | D56: RC HW | E56: 15 | F56: 1 | G56: 1180 | H56: =+N56 -> 0.2 | I56: 0.88 | J56: =E56*G56*(1-H56)*1440/1000000*2.7 -> 55.05408 | K56: =(IF(G56<L56,L56,G56)*(1-IF(H56<N56,H56,N56))*E56*O56*Q56)/100000000 -> 26.190779 | L56: 1160 | M56: 928 | N56: =1-(M56/L56) -> 0.2 | O56: =+'Trim Rwd'!H30 -> 268.0625 | P56: =O56*(Q56-R56-S56) -> 182014.44 | Q56: 690 | R56: 0 | S56: 11 | T56: =E56*M56*O56*Q56/100000000 -> 25.746867 | U56: =E56*M56*O56*(Q56-R56-S56)/100000000 -> 25.33641 | V56: =E56*G56*(1-N56)*O56/100*(R56+S56)/1000000 -> 0.41753415 | W56: =+'12'!K7/1000 -> 33.937 | X56: =SUM(W56:W59)/SUM(K56:K59) -> 0.9626564 | Y56: 0 | Z56: 0 | AA56: =SUM(U56:U59)-SUM(W56:W59)-SUM(Z56:Z59)-SUM(Y56:Y59) -> -0.25162729 | AB56: =(SUM(K56:K59)-SUM(W56:W59)-SUM(Y56:Y59)-SUM(Z56:Z59)-SUM(AC56:AC59)-SUM(V56:V59))-AA56 -> -0.023861957 | AC56: =K56-T56 -> 0.4439115 | AD56: =+AM56+BA56 -> 0 | AE56: - Sheet Breaks (0x) | AF56: 0 | AM56: =SUM(AF56:AL56)+AT56+AV56+AX56 -> 0 | AR56: =SUM(AN56:AQ56) -> 0 | BA56: =+AR56+AS56+AU56+AW56+AY56+AZ56 -> 0 | BB56: 0
B57: Toilet | C57: =(M57*E57*O57*Q57)/100000000 -> 27.830356 | D57: RC HW | E57: 14 | F57: 1 | G57: 1255 | H57: =+N57 -> 0.19356201 | I57: 0.88 | J57: =E57*G57*(1-H57)*1440/1000000*2.7 -> 55.089521 | K57: =(IF(G57<L57,L57,G57)*(1-IF(H57<N57,H57,N57))*E57*O57*Q57)/100000000 -> 28.798727 | L57: 1212.8 | M57: 978.048 | N57: =1-(M57/L57) -> 0.19356201 | O57: =+'Trim Rwd'!H32 -> 271 | P57: =O57*(Q57-R57-S57) -> 199727 | Q57: 750 | R57: 0 | S57: 13 | T57: =E57*M57*O57*Q57/100000000 -> 27.830356 | U57: =E57*M57*O57*(Q57-R57-S57)/100000000 -> 27.347963 | V57: =E57*G57*(1-N57)*O57/100*(R57+S57)/1000000 -> 0.49917794 | W57: =+'12'!K9/1000 -> 18.999 | AC57: =K57-T57 -> 0.96837155 | AD57: =+AM57+BA57 -> 0 | AE57: - Change Blade (0x) | AG57: 0 | AM57: =SUM(AF57:AL57)+AT57+AV57+AX57 -> 0 | AR57: =SUM(AN57:AQ57) -> 0 | BA57: =+AR57+AS57+AU57+AW57+AY57+AZ57 -> 0 | BC57: 0
AD58: =+AM58+BA58 -> 24 | AE58: - Change Spool (21x) | AH58: 24 | AM58: =SUM(AF58:AL58)+AT58+AV58+AX58 -> 24 | AR58: =SUM(AN58:AQ58) -> 0 | BA58: =+AR58+AS58+AU58+AW58+AY58+AZ58 -> 0
A60: 46094 | B60: Toilet | C60: =(M60*E60*O60*Q60)/100000000 -> 28.332074 | D60: RC HW | E60: 14 | F60: 1 | G60: 1265 | H60: =+N60 -> 0.2 | I60: 0.88 | J60: =E60*G60*(1-H60)*1440/1000000*2.7 -> 55.085184 | K60: =(IF(G60<L60,L60,G60)*(1-IF(H60<N60,H60,N60))*E60*O60*Q60)/100000000 -> 29.257203 | L60: 1225 | M60: 980 | N60: =1-(M60/L60) -> 0.2 | O60: =+'Trim Rwd'!H34 -> 271 | P60: =O60*(Q60-R60-S60) -> 202708 | Q60: 762 | R60: 0 | S60: 14 | T60: =E60*M60*O60*Q60/100000000 -> 28.332074 | U60: =E60*M60*O60*(Q60-R60-S60)/100000000 -> 27.811538 | V60: =E60*G60*(1-N60)*O60/100*(R60+S60)/1000000 -> 0.53753392 | W60: =+'13'!K9/1000 -> 30.647 | X60: =SUM(W60:W63)/SUM(K60:K63) -> 0.91209932 | Y60: 0 | Z60: 0 | AA60: =SUM(U60:U63)-SUM(W60:W63)-SUM(Z60:Z63)-SUM(Y60:Y63) -> 2.5026566 | AB60: =(SUM(K60:K63)-SUM(W60:W63)-SUM(Y60:Y63)-SUM(Z60:Z63)-SUM(AC60:AC63)-SUM(V60:V63))-AA60 -> -0.02459492 | AC60: =K60-T60 -> 0.92512896 | AD60: =+AM60+BA60 -> 0 | AE60: - Sheet Breaks (0x) | AF60: 0 | AM60: =SUM(AF60:AL60)+AT60+AV60+AX60 -> 0 | AR60: =SUM(AN60:AQ60) -> 0 | BA60: =+AR60+AS60+AU60+AW60+AY60+AZ60 -> 0 | BB60: 0
B61: Toilet | C61: =(M61*E61*O61*Q61)/100000000 -> 25.241411 | D61: RC HW | E61: 13.5 | F61: 1 | G61: 1250 | H61: =+N61 -> 0.16 | I61: 0.88 | J61: =E61*G61*(1-H61)*1440/1000000*2.7 -> 55.1124 | K61: =(IF(G61<L61,L61,G61)*(1-IF(H61<N61,H61,N61))*E61*O61*Q61)/100000000 -> 25.756542 | L61: 1225 | M61: 1029 | N61: =1-(M61/L61) -> 0.16 | O61: =+'Trim Rwd'!H35 -> 268 | P61: =O61*(Q61-R61-S61) -> 179024 | Q61: 678 | R61: 0 | S61: 10 | T61: =E61*M61*O61*Q61/100000000 -> 25.241411 | U61: =E61*M61*O61*(Q61-R61-S61)/100000000 -> 24.869119 | V61: =E61*G61*(1-N61)*O61/100*(R61+S61)/1000000 -> 0.37989 | W61: =+'13'!K10/1000 -> 19.531 | AC61: =K61-T61 -> 0.51513084 | AD61: =+AM61+BA61 -> 3 | AE61: - Change Blade (1x) | AG61: 3 | AM61: =SUM(AF61:AL61)+AT61+AV61+AX61 -> 3 | AR61: =SUM(AN61:AQ61) -> 0 | BA61: =+AR61+AS61+AU61+AW61+AY61+AZ61 -> 0 | BC61: 1
AD62: =+AM62+BA62 -> 21 | AE62: - Change Spool (22x) | AH62: 21 | AM62: =SUM(AF62:AL62)+AT62+AV62+AX62 -> 21 | AR62: =SUM(AN62:AQ62) -> 0 | BA62: =+AR62+AS62+AU62+AW62+AY62+AZ62 -> 0
A64: 46095 | B64: Toilet | C64: =(M64*E64*O64*Q64)/100000000 -> 53.610077 | D64: RC HW | E64: 13.5 | F64: 1 | G64: 1250 | H64: =+N64 -> 0.16 | I64: 0.88 | J64: =E64*G64*(1-H64)*1440/1000000*2.7 -> 55.1124 | K64: =(IF(G64<L64,L64,G64)*(1-IF(H64<N64,H64,N64))*E64*O64*Q64)/100000000 -> 54.70416 | L64: 1225 | M64: 1029 | N64: =1-(M64/L64) -> 0.16 | O64: =+'Trim Rwd'!H37 -> 268 | P64: =O64*(Q64-R64-S64) -> 379756 | Q64: 1440 | R64: 0 | S64: 23 | T64: =E64*M64*O64*Q64/100000000 -> 53.610077 | U64: =E64*M64*O64*(Q64-R64-S64)/100000000 -> 52.753805 | V64: =E64*G64*(1-N64)*O64/100*(R64+S64)/1000000 -> 0.873747 | W64: =+'14'!K10/1000 -> 49.991 | X64: =SUM(W64:W67)/SUM(K64:K67) -> 0.91384275 | Y64: 0 | Z64: 0 | AA64: =SUM(U64:U67)-SUM(W64:W67)-SUM(Z64:Z67)-SUM(Y64:Y67) -> 2.7628047 | AB64: =(SUM(K64:K67)-SUM(W64:W67)-SUM(Y64:Y67)-SUM(Z64:Z67)-SUM(AC64:AC67)-SUM(V64:V67))-AA64 -> -0.01747494 | AC64: =K64-T64 -> 1.0940832 | AD64: =+AM64+BA64 -> 0 | AE64: - Sheet Breaks (0x) | AF64: 0 | AM64: =SUM(AF64:AL64)+AT64+AV64+AX64 -> 0 | AR64: =SUM(AN64:AQ64) -> 0 | BA64: =+AR64+AS64+AU64+AW64+AY64+AZ64 -> 0 | BB64: 0
AD65: =+AM65+BA65 -> 0 | AE65: - Change Blade (0x) | AG65: 0 | AM65: =SUM(AF65:AL65)+AT65+AV65+AX65 -> 0 | AR65: =SUM(AN65:AQ65) -> 0 | BA65: =+AR65+AS65+AU65+AW65+AY65+AZ65 -> 0 | BC65: 0
AD66: =+AM66+BA66 -> 23 | AE66: - Change Spool (21x) | AH66: 23 | AM66: =SUM(AF66:AL66)+AT66+AV66+AX66 -> 23 | AR66: =SUM(AN66:AQ66) -> 0 | BA66: =+AR66+AS66+AU66+AW66+AY66+AZ66 -> 0
A68: 46096 | B68: Toilet | C68: =(M68*E68*O68*Q68)/100000000 -> 52.592578 | D68: RC HW | E68: 13.5 | F68: 1 | G68: 1250 | H68: =+N68 -> 0.16 | I68: 0.88 | J68: =E68*G68*(1-H68)*1440/1000000*2.7 -> 55.1124 | K68: =(IF(G68<L68,L68,G68)*(1-IF(H68<N68,H68,N68))*E68*O68*Q68)/100000000 -> 53.665896 | L68: 1225 | M68: 1029 | N68: =1-(M68/L68) -> 0.16 | O68: =+'Trim Rwd'!H39 -> 262.91346 | P68: =O68*(Q68-R68-S68) -> 368341.76 | Q68: 1440 | R68: 0 | S68: 39 | T68: =E68*M68*O68*Q68/100000000 -> 52.592578 | U68: =E68*M68*O68*(Q68-R68-S68)/100000000 -> 51.168196 | V68: =E68*G68*(1-N68)*O68/100*(R68+S68)/1000000 -> 1.4534513 | W68: =+'15'!K10/1000 -> 49.429 | X68: =SUM(W68:W71)/SUM(K68:K71) -> 0.9210505 | Y68: 0 | Z68: 0 | AA68: =SUM(U68:U71)-SUM(W68:W71)-SUM(Z68:Z71)-SUM(Y68:Y71) -> 1.7391955 | AB68: =(SUM(K68:K71)-SUM(W68:W71)-SUM(Y68:Y71)-SUM(Z68:Z71)-SUM(AC68:AC71)-SUM(V68:V71))-AA68 -> -0.029069027 | AC68: =K68-T68 -> 1.0733179 | AD68: =+AM68+BA68 -> 15 | AE68: - Sheet Breaks (6x) | AF68: 15 | AM68: =SUM(AF68:AL68)+AT68+AV68+AX68 -> 15 | AR68: =SUM(AN68:AQ68) -> 0 | BA68: =+AR68+AS68+AU68+AW68+AY68+AZ68 -> 0 | BB68: 6
AD69: =+AM69+BA69 -> 2 | AE69: - Change Blade (1x) | AG69: 2 | AM69: =SUM(AF69:AL69)+AT69+AV69+AX69 -> 2 | AR69: =SUM(AN69:AQ69) -> 0 | BA69: =+AR69+AS69+AU69+AW69+AY69+AZ69 -> 0 | BC69: 1
AD70: =+AM70+BA70 -> 22 | AE70: - Change Spool (21x) | AH70: 22 | AM70: =SUM(AF70:AL70)+AT70+AV70+AX70 -> 22 | AR70: =SUM(AN70:AQ70) -> 0 | BA70: =+AR70+AS70+AU70+AW70+AY70+AZ70 -> 0
A72: 46097 | B72: Toilet | C72: =(M72*E72*O72*Q72)/100000000 -> 52.473759 | D72: RC HW | E72: 13.5 | F72: 1 | G72: 1260 | H72: =+N72 -> 0.16666667 | I72: 0.88 | J72: =E72*G72*(1-H72)*1440/1000000*2.7 -> 55.1124 | K72: =(IF(G72<L72,L72,G72)*(1-IF(H72<N72,H72,N72))*E72*O72*Q72)/100000000 -> 53.973009 | L72: 1225 | M72: 1020.8333 | N72: =1-(M72/L72) -> 0.16666667 | O72: =+'Trim Rwd'!H42 -> 264.41803 | P72: =O72*(Q72-R72-S72) -> 374151.52 | Q72: 1440 | R72: 0 | S72: 25 | T72: =E72*M72*O72*Q72/100000000 -> 52.473759 | U72: =E72*M72*O72*(Q72-R72-S72)/100000000 -> 51.562756 | V72: =E72*G72*(1-N72)*O72/100*(R72+S72)/1000000 -> 0.9370314 | W72: =+'16'!K10/1000 -> 50.436 | X72: =SUM(W72:W75)/SUM(K72:K75) -> 0.93446708 | Y72: 0 | Z72: 0 | AA72: =SUM(U72:U75)-SUM(W72:W75)-SUM(Z72:Z75)-SUM(Y72:Y75) -> 1.1267559 | AB72: =(SUM(K72:K75)-SUM(W72:W75)-SUM(Y72:Y75)-SUM(Z72:Z75)-SUM(AC72:AC75)-SUM(V72:V75))-AA72 -> -0.02602865 | AC72: =K72-T72 -> 1.4992502 | AD72: =+AM72+BA72 -> 0 | AE72: - Sheet Breaks (0x) | AF72: 0 | AM72: =SUM(AF72:AL72)+AT72+AV72+AX72 -> 0 | AR72: =SUM(AN72:AQ72) -> 0 | BA72: =+AR72+AS72+AU72+AW72+AY72+AZ72 -> 0 | BB72: 0
AD73: =+AM73+BA73 -> 0 | AE73: - Change Blade (0x) | AG73: 0 | AM73: =SUM(AF73:AL73)+AT73+AV73+AX73 -> 0 | AR73: =SUM(AN73:AQ73) -> 0 | BA73: =+AR73+AS73+AU73+AW73+AY73+AZ73 -> 0 | BC73: 0
AD74: =+AM74+BA74 -> 25 | AE74: - Change Spool (21x) | AH74: 25 | AM74: =SUM(AF74:AL74)+AT74+AV74+AX74 -> 25 | AR74: =SUM(AN74:AQ74) -> 0 | BA74: =+AR74+AS74+AU74+AW74+AY74+AZ74 -> 0
A76: 46098 | B76: Toilet | C76: =(M76*E76*O76*Q76)/100000000 -> 16.830921 | D76: RC HW | E76: 13.5 | F76: 1 | G76: 1250 | H76: =+N76 -> 0.16 | I76: 0.88 | J76: =E76*G76*(1-H76)*1440/1000000*2.7 -> 55.1124 | K76: =(IF(G76<L76,L76,G76)*(1-IF(H76<N76,H76,N76))*E76*O76*Q76)/100000000 -> 17.174409 | L76: 1225 | M76: 1029 | N76: =1-(M76/L76) -> 0.16 | O76: =+'Trim Rwd'!H45 -> 260.55882 | P76: =O76*(Q76-R76-S76) -> 117772.59 | Q76: 465 | R76: 0 | S76: 13 | T76: =E76*M76*O76*Q76/100000000 -> 16.830921 | U76: =E76*M76*O76*(Q76-R76-S76)/100000000 -> 16.360379 | V76: =E76*G76*(1-N76)*O76/100*(R76+S76)/1000000 -> 0.48014477 | W76: =+'17'!K10/1000 -> 26.974 | X76: =SUM(W76:W79)/SUM(K76:K79) -> 0.9818163 | Y76: 0 | Z76: =+'17'!D25/1000 -> 0.71 | AA76: =SUM(U76:U79)-SUM(W76:W79)-SUM(Z76:Z79)-SUM(Y76:Y79) -> -2.6542015 | AB76: =(SUM(K76:K79)-SUM(W76:W79)-SUM(Y76:Y79)-SUM(Z76:Z79)-SUM(AC76:AC79)-SUM(V76:V79))-AA76 -> 1.3493239 | AC76: =K76-T76 -> 0.34348818 | AD76: =+AM76+BA76 -> 0 | AE76: - Sheet Breaks (0x) | AF76: 0 | AM76: =SUM(AF76:AL76)+AT76+AV76+AX76 -> 0 | AR76: =SUM(AN76:AQ76) -> 0 | BA76: =+AR76+AS76+AU76+AW76+AY76+AZ76 -> 0 | BB76: 0
B77: Toilet | C77: =(M77*E77*O77*Q77)/100000000 -> 34.479695 | D77: RC HW | E77: 15 | F77: 1 | G77: 1225 | H77: =+N77 -> 0.23 | I77: 0.88 | J77: =E77*G77*(1-H77)*1440/1000000*2.7 -> 55.01034 | K77: =(IF(G77<L77,L77,G77)*(1-IF(H77<N77,H77,N77))*E77*O77*Q77)/100000000 -> 35.867081 | L77: 1177.6154 | M77: 906.76385 | N77: =1-(M77/L77) -> 0.23 | O77: =+'Trim Rwd'!H47 -> 260 | P77: =O77*(Q77-R77-S77) -> 248300 | Q77: 975 | R77: 0 | S77: 20 | T77: =E77*M77*O77*Q77/100000000 -> 34.479695 | U77: =E77*M77*O77*(Q77-R77-S77)/100000000 -> 33.772419 | V77: =E77*G77*(1-N77)*O77/100*(R77+S77)/1000000 -> 0.735735 | W77: =+'17'!K7/1000 -> 25.103 | AD77: =+AM77+BA77 -> 4 | AE77: - Change Blade (2x) | AG77: 4 | AM77: =SUM(AF77:AL77)+AT77+AV77+AX77 -> 4 | AR77: =SUM(AN77:AQ77) -> 0 | BA77: =+AR77+AS77+AU77+AW77+AY77+AZ77 -> 0 | BC77: 2
AD78: =+AM78+BA78 -> 29 | AE78: - Change Spool (21x) | AH78: 29 | AM78: =SUM(AF78:AL78)+AT78+AV78+AX78 -> 29 | AR78: =SUM(AN78:AQ78) -> 0 | BA78: =+AR78+AS78+AU78+AW78+AY78+AZ78 -> 0
A80: 46099 | B80: Toilet | C80: =(M80*E80*O80*Q80)/100000000 -> 6.378372 | D80: RC HW | E80: 15 | F80: 1 | G80: 1225 | H80: =+N80 -> 0.23 | I80: 0.88 | J80: =E80*G80*(1-H80)*1440/1000000*2.7 -> 55.01034 | K80: =(IF(G80<L80,L80,G80)*(1-IF(H80<N80,H80,N80))*E80*O80*Q80)/100000000 -> 6.621615 | L80: 1180 | M80: =+L80-L80*0.23 -> 908.6 | N80: =1-(M80/L80) -> 0.23 | O80: =+'Trim Rwd'!H49 -> 260 | P80: =O80*(Q80-R80-S80) -> 46280 | Q80: 180 | R80: 0 | S80: 2 | T80: =E80*M80*O80*Q80/100000000 -> 6.378372 | U80: =E80*M80*O80*(Q80-R80-S80)/100000000 -> 6.3075012 | V80: =E80*G80*(1-N80)*O80/100*(R80+S80)/1000000 -> 0.0735735 | W80: =+'18'!K7/1000 -> 12.499 | X80: =SUM(W80:W83)/SUM(K80:K83) -> 1.0212328 | Y80: 0 | Z80: 0 | AA80: =SUM(U80:U83)-SUM(W80:W83)-SUM(Z80:Z83)-SUM(Y80:Y83) -> -2.6502352 | AB80: =(SUM(K80:K83)-SUM(W80:W83)-SUM(Y80:Y83)-SUM(Z80:Z83)-SUM(AC80:AC83)-SUM(V80:V83))-AA80 -> 0.11270675 | AC80: =K80-T80 -> 0.243243 | AD80: =+AM80+BA80 -> 0 | AE80: - Sheet Breaks (0x) | AF80: 0 | AM80: =SUM(AF80:AL80)+AT80+AV80+AX80 -> 0 | AR80: =SUM(AN80:AQ80) -> 0 | BA80: =+AR80+AS80+AU80+AW80+AY80+AZ80 -> 0 | BB80: 0
B81: Towel | C81: =(M81*E81*O81*Q81)/100000000 -> 51.464065 | D81: RC HW | E81: 22 | F81: 1 | G81: 770 | H81: =+N81 -> 0.16 | I81: 0.88 | J81: =E81*G81*(1-H81)*1440/1000000*2.7 -> 55.324685 | K81: =(IF(G81<L81,L81,G81)*(1-IF(H81<N81,H81,N81))*E81*O81*Q81)/100000000 -> 51.464065 | L81: 860 | M81: =+L81-L81*0.16 -> 722.4 | N81: =1-(M81/L81) -> 0.16 | O81: =+'Trim Rwd'!H50 -> 257 | P81: =O81*(Q81-R81-S81) -> 316881 | Q81: =1440-Q80 -> 1260 | R81: 0 | S81: 27 | T81: =E81*M81*O81*Q81/100000000 -> 51.464065 | U81: =E81*M81*O81*(Q81-R81-S81)/100000000 -> 50.361264 | V81: =E81*G81*(1-N81)*O81/100*(R81+S81)/1000000 -> 0.98739194 | W81: =+'18'!K11/1000 -> 46.82 | AC81: =K81-T81 -> 0 | AD81: =+AM81+BA81 -> 2 | AE81: - Change Blade (2x) | AG81: 2 | AM81: =SUM(AF81:AL81)+AT81+AV81+AX81 -> 2 | AR81: =SUM(AN81:AQ81) -> 0 | BA81: =+AR81+AS81+AU81+AW81+AY81+AZ81 -> 0 | BC81: 2
AD82: =+AM82+BA82 -> 27 | AE82: - Change Spool (23x) | AH82: 27 | AM82: =SUM(AF82:AL82)+AT82+AV82+AX82 -> 27 | AR82: =SUM(AN82:AQ82) -> 0 | BA82: =+AR82+AS82+AU82+AW82+AY82+AZ82 -> 0
A84: 46100 | B84: Towel | C84: =(M84*E84*O84*Q84)/100000000 -> 58.816074 | D84: RC HW | E84: 22 | F84: 1 | G84: 770 | H84: =+N84 -> 0.16 | I84: 0.88 | J84: =E84*G84*(1-H84)*1440/1000000*2.7 -> 55.324685 | K84: =(IF(G84<L84,L84,G84)*(1-IF(H84<N84,H84,N84))*E84*O84*Q84)/100000000 -> 58.816074 | L84: 860 | M84: =+L84-L84*0.16 -> 722.4 | N84: =1-(M84/L84) -> 0.16 | O84: =+'Trim Rwd'!H52 -> 257 | P84: =O84*(Q84-R84-S84) -> 358258 | Q84: =1440-Q83 -> 1440 | R84: 0 | S84: 46 | T84: =E84*M84*O84*Q84/100000000 -> 58.816074 | U84: =E84*M84*O84*(Q84-R84-S84)/100000000 -> 56.937227 | V84: =E84*G84*(1-N84)*O84/100*(R84+S84)/1000000 -> 1.6822233 | W84: =+'19'!K34/1000 -> 57.947 | X84: =SUM(W84:W87)/SUM(K84:K87) -> 0.98522387 | Y84: 0 | Z84: 0 | AA84: =SUM(U84:U87)-SUM(W84:W87)-SUM(Z84:Z87)-SUM(Y84:Y87) -> -1.0097726 | AB84: =(SUM(K84:K87)-SUM(W84:W87)-SUM(Y84:Y87)-SUM(Z84:Z87)-SUM(AC84:AC87)-SUM(V84:V87))-AA84 -> 0.1966235 | AC84: =K84-T84 -> 0 | AD84: =+AM84+BA84 -> 10 | AE84: - Sheet Breaks (2x) | AF84: 10 | AM84: =SUM(AF84:AL84)+AT84+AV84+AX84 -> 10 | AR84: =SUM(AN84:AQ84) -> 0 | BA84: =+AR84+AS84+AU84+AW84+AY84+AZ84 -> 0 | BB84: 2
AD85: =+AM85+BA85 -> 12 | AE85: - Change Blade (6x) | AG85: 12 | AM85: =SUM(AF85:AL85)+AT85+AV85+AX85 -> 12 | AR85: =SUM(AN85:AQ85) -> 0 | BA85: =+AR85+AS85+AU85+AW85+AY85+AZ85 -> 0 | BC85: 6
AD86: =+AM86+BA86 -> 24 | AE86: - Change Spool (22x) | AH86: 24 | AM86: =SUM(AF86:AL86)+AT86+AV86+AX86 -> 24 | AR86: =SUM(AN86:AQ86) -> 0 | BA86: =+AR86+AS86+AU86+AW86+AY86+AZ86 -> 0
A88: 46101 | B88: Towel | C88: =(M88*E88*O88*Q88)/100000000 -> 58.816074 | D88: RC HW | E88: 22 | F88: 1 | G88: 770 | H88: =+N88 -> 0.16 | I88: 0.88 | J88: =E88*G88*(1-H88)*1440/1000000*2.7 -> 55.324685 | K88: =(IF(G88<L88,L88,G88)*(1-IF(H88<N88,H88,N88))*E88*O88*Q88)/100000000 -> 58.816074 | L88: 860 | M88: 722.4 | N88: =1-(M88/L88) -> 0.16 | O88: =+'Trim Rwd'!H54 -> 257 | P88: =O88*(Q88-R88-S88) -> 359800 | Q88: =1440-Q87 -> 1440 | R88: 0 | S88: 40 | T88: =E88*M88*O88*Q88/100000000 -> 58.816074 | U88: =E88*M88*O88*(Q88-R88-S88)/100000000 -> 57.182294 | V88: =E88*G88*(1-N88)*O88/100*(R88+S88)/1000000 -> 1.4628029 | W88: =+'20'!K11/1000 -> 56.204 | X88: =SUM(W88:W91)/SUM(K88:K91) -> 0.95558911 | Y88: 0 | Z88: 0 | AA88: =SUM(U88:U91)-SUM(W88:W91)-SUM(Z88:Z91)-SUM(Y88:Y91) -> 0.9782944 | AB88: =(SUM(K88:K91)-SUM(W88:W91)-SUM(Y88:Y91)-SUM(Z88:Z91)-SUM(AC88:AC91)-SUM(V88:V91))-AA88 -> 0.17097696 | AC88: =K88-T88 -> 0 | AD88: =+AM88+BA88 -> 0 | AE88: - Sheet Breaks (0x) | AF88: 0 | AM88: =SUM(AF88:AL88)+AT88+AV88+AX88 -> 0 | AR88: =SUM(AN88:AQ88) -> 0 | BA88: =+AR88+AS88+AU88+AW88+AY88+AZ88 -> 0 | BB88: 0
AD89: =+AM89+BA89 -> 14 | AE89: - Change Blade (5x) | AG89: 14 | AM89: =SUM(AF89:AL89)+AT89+AV89+AX89 -> 14 | AR89: =SUM(AN89:AQ89) -> 0 | BA89: =+AR89+AS89+AU89+AW89+AY89+AZ89 -> 0 | BC89: 5
AD90: =+AM90+BA90 -> 26 | AE90: - Change Spool (20x) | AH90: 26 | AM90: =SUM(AF90:AL90)+AT90+AV90+AX90 -> 26 | AR90: =SUM(AN90:AQ90) -> 0 | BA90: =+AR90+AS90+AU90+AW90+AY90+AZ90 -> 0
A92: 46102 | B92: Towel | C92: =(M92*E92*O92*Q92)/100000000 -> 58.816074 | D92: RC HW | E92: 22 | F92: 1 | G92: 770 | H92: =+N92 -> 0.16 | I92: 0.88 | J92: =E92*G92*(1-H92)*1440/1000000*2.7 -> 55.324685 | K92: =(IF(G92<L92,L92,G92)*(1-IF(H92<N92,H92,N92))*E92*O92*Q92)/100000000 -> 58.816074 | L92: 860 | M92: 722.4 | N92: =1-(M92/L92) -> 0.16 | O92: =+'Trim Rwd'!H56 -> 257 | P92: =O92*(Q92-R92-S92) -> 364426 | Q92: =1440-Q91 -> 1440 | R92: 0 | S92: 22 | T92: =E92*M92*O92*Q92/100000000 -> 58.816074 | U92: =E92*M92*O92*(Q92-R92-S92)/100000000 -> 57.917495 | V92: =E92*G92*(1-N92)*O92/100*(R92+S92)/1000000 -> 0.80454158 | W92: =+'21'!K11/1000 -> 57.914 | X92: =SUM(W92:W95)/SUM(K92:K95) -> 0.98466279 | Y92: 0 | Z92: 0 | AA92: =SUM(U92:U95)-SUM(W92:W95)-SUM(Z92:Z95)-SUM(Y92:Y95) -> 0.003495328 | AB92: =(SUM(K92:K95)-SUM(W92:W95)-SUM(Y92:Y95)-SUM(Z92:Z95)-SUM(AC92:AC95)-SUM(V92:V95))-AA92 -> 0.094037328 | AC92: =K92-T92 -> 0 | AD92: =+AM92+BA92 -> 0 | AE92: - Sheet Breaks (0x) | AF92: 0 | AM92: =SUM(AF92:AL92)+AT92+AV92+AX92 -> 0 | AR92: =SUM(AN92:AQ92) -> 0 | BA92: =+AR92+AS92+AU92+AW92+AY92+AZ92 -> 0 | BB92: 0
AD93: =+AM93+BA93 -> 6 | AE93: - Change Blade (4x) | AG93: 6 | AM93: =SUM(AF93:AL93)+AT93+AV93+AX93 -> 6 | AR93: =SUM(AN93:AQ93) -> 0 | BA93: =+AR93+AS93+AU93+AW93+AY93+AZ93 -> 0 | BC93: 4
AD94: =+AM94+BA94 -> 16 | AE94: - Change Spool (20x) | AH94: 16 | AM94: =SUM(AF94:AL94)+AT94+AV94+AX94 -> 16 | AR94: =SUM(AN94:AQ94) -> 0 | BA94: =+AR94+AS94+AU94+AW94+AY94+AZ94 -> 0
A96: 46103 | B96: Towel | C96: =(M96*E96*O96*Q96)/100000000 -> 40.027606 | D96: RC HW | E96: 22 | F96: 1 | G96: 770 | H96: =+N96 -> 0.16 | I96: 0.88 | J96: =E96*G96*(1-H96)*1440/1000000*2.7 -> 55.324685 | K96: =(IF(G96<L96,L96,G96)*(1-IF(H96<N96,H96,N96))*E96*O96*Q96)/100000000 -> 40.027606 | L96: 860 | M96: 722.4 | N96: =1-(M96/L96) -> 0.16 | O96: =+'Trim Rwd'!H58 -> 257 | P96: =O96*(Q96-R96-S96) -> 247234 | Q96: 980 | R96: 0 | S96: 18 | T96: =E96*M96*O96*Q96/100000000 -> 40.027606 | U96: =E96*M96*O96*(Q96-R96-S96)/100000000 -> 39.292405 | V96: =E96*G96*(1-N96)*O96/100*(R96+S96)/1000000 -> 0.6582613 | W96: =+'22'!K11/1000 -> 44.061 | X96: =SUM(W96:W99)/SUM(K96:K99) -> 0.95667195 | Y96: 0 | Z96: 0 | AA96: =SUM(U96:U99)-SUM(W96:W99)-SUM(Z96:Z99)-SUM(Y96:Y99) -> 0.82720595 | AB96: =(SUM(K96:K99)-SUM(W96:W99)-SUM(Y96:Y99)-SUM(Z96:Z99)-SUM(AC96:AC99)-SUM(V96:V99))-AA96 -> 0.066128832 | AC96: =K96-T96 -> 0 | AD96: =+AM96+BA96 -> 0 | AE96: - Sheet Breaks (0x) | AF96: 0 | AM96: =SUM(AF96:AL96)+AT96+AV96+AX96 -> 0 | AR96: =SUM(AN96:AQ96) -> 0 | BA96: =+AR96+AS96+AU96+AW96+AY96+AZ96 -> 0 | BB96: 0
B97: Toilet | C97: =(M97*E97*O97*Q97)/100000000 -> 16.300284 | D97: RC HW | E97: 15 | F97: 1 | G97: 1225 | H97: =+N97 -> 0.23 | I97: 0.88 | J97: =E97*G97*(1-H97)*1440/1000000*2.7 -> 55.01034 | K97: =(IF(G97<L97,L97,G97)*(1-IF(H97<N97,H97,N97))*E97*O97*Q97)/100000000 -> 16.921905 | L97: 1180 | M97: 908.6 | N97: =1-(M97/L97) -> 0.23 | O97: =+'Trim Rwd'!H59 -> 260 | P97: =O97*(Q97-R97-S97) -> 117520 | Q97: 460 | R97: 0 | S97: 8 | T97: =E97*M97*O97*Q97/100000000 -> 16.300284 | U97: =E97*M97*O97*(Q97-R97-S97)/100000000 -> 16.016801 | V97: =E97*G97*(1-N97)*O97/100*(R97+S97)/1000000 -> 0.294294 | W97: =+'22'!K7/1000 -> 10.421 | AC97: =K97-T97 -> 0.621621 | AD97: =+AM97+BA97 -> 4 | AE97: - Change Blade (3x) | AG97: 4 | AM97: =SUM(AF97:AL97)+AT97+AV97+AX97 -> 4 | AR97: =SUM(AN97:AQ97) -> 0 | BA97: =+AR97+AS97+AU97+AW97+AY97+AZ97 -> 0 | BC97: 3
AD98: =+AM98+BA98 -> 22 | AE98: - Change Spool (22x) | AH98: 22 | AM98: =SUM(AF98:AL98)+AT98+AV98+AX98 -> 22 | AR98: =SUM(AN98:AQ98) -> 0 | BA98: =+AR98+AS98+AU98+AW98+AY98+AZ98 -> 0
A100: 46104 | B100: Toilet | C100: =(M100*E100*O100*Q100)/100000000 -> 24.450426 | D100: RC HW | E100: 15 | F100: 1 | G100: 1225 | H100: =+N100 -> 0.23 | I100: 0.88 | J100: =E100*G100*(1-H100)*1440/1000000*2.7 -> 55.01034 | K100: =(IF(G100<L100,L100,G100)*(1-IF(H100<N100,H100,N100))*E100*O100*Q100)/100000000 -> 25.382857 | L100: 1180 | M100: 908.6 | N100: =1-(M100/L100) -> 0.23 | O100: =+'Trim Rwd'!H61 -> 260 | P100: =O100*(Q100-R100-S100) -> 176280 | Q100: 690 | R100: 0 | S100: 12 | T100: =E100*M100*O100*Q100/100000000 -> 24.450426 | U100: =E100*M100*O100*(Q100-R100-S100)/100000000 -> 24.025201 | V100: =E100*G100*(1-N100)*O100/100*(R100+S100)/1000000 -> 0.441441 | W100: =+'23'!K7/1000 -> 27.837 | X100: =SUM(W100:W103)/SUM(K100:K103) -> 0.86348074 | Y100: 0 | Z100: =+'23'!D7/1000 -> 1.5 | AA100: =SUM(U100:U103)-SUM(W100:W103)-SUM(Z100:Z103)-SUM(Y100:Y103) -> 3.2861306 | AB100: =(SUM(K100:K103)-SUM(W100:W103)-SUM(Y100:Y103)-SUM(Z100:Z103)-SUM(AC100:AC103)-SUM(V100:V103))-AA100 -> -0.026396685 | AC100: =K100-T100 -> 0.9324315 | AD100: =+AM100+BA100 -> 4 | AE100: - Sheet Breaks (2x) | AF100: 4 | AM100: =SUM(AF100:AL100)+AT100+AV100+AX100 -> 4 | AR100: =SUM(AN100:AQ100) -> 0 | BA100: =+AR100+AS100+AU100+AW100+AY100+AZ100 -> 0 | BB100: 2
B101: Toilet | C101: =(M101*E101*O101*Q101)/100000000 -> 26.723773 | D101: RC HW | E101: 13.5 | F101: 1 | G101: 1250 | H101: =+N101 -> 0.16 | I101: 0.88 | J101: =E101*G101*(1-H101)*1440/1000000*2.7 -> 55.1124 | K101: =(IF(G101<L101,L101,G101)*(1-IF(H101<N101,H101,N101))*E101*O101*Q101)/100000000 -> 27.269156 | L101: 1225 | M101: 1029 | N101: =1-(M101/L101) -> 0.16 | O101: =+'Trim Rwd'!H62 -> 256.5 | P101: =O101*(Q101-R101-S101) -> 188784 | Q101: 750 | R101: 0 | S101: 14 | T101: =E101*M101*O101*Q101/100000000 -> 26.723773 | U101: =E101*M101*O101*(Q101-R101-S101)/100000000 -> 26.224929 | V101: =E101*G101*(1-N101)*O101/100*(R101+S101)/1000000 -> 0.50902425 | W101: =+'23'!K10/1000 -> 17.627 | AC101: =K101-T101 -> 0.54538313 | AD101: =+AM101+BA101 -> 0 | AE101: - Change Blade (0x) | AG101: 0 | AM101: =SUM(AF101:AL101)+AT101+AV101+AX101 -> 0 | AR101: =SUM(AN101:AQ101) -> 0 | BA101: =+AR101+AS101+AU101+AW101+AY101+AZ101 -> 0 | BC101: 0
AD102: =+AM102+BA102 -> 22 | AE102: - Change Spool (23x) | AH102: 22 | AM102: =SUM(AF102:AL102)+AT102+AV102+AX102 -> 22 | AR102: =SUM(AN102:AQ102) -> 0 | BA102: =+AR102+AS102+AU102+AW102+AY102+AZ102 -> 0
A104: 46105 | B104: Toilet | C104: =(M104*E104*O104*Q104)/100000000 -> 52.459861 | D104: RC HW | E104: 13.5 | F104: 1 | G104: 1250 | H104: =+N104 -> 0.16 | I104: 0.88 | J104: =E104*G104*(1-H104)*1440/1000000*2.7 -> 55.1124 | K104: =(IF(G104<L104,L104,G104)*(1-IF(H104<N104,H104,N104))*E104*O104*Q104)/100000000 -> 53.53047 | L104: 1225 | M104: 1029 | N104: =1-(M104/L104) -> 0.16 | O104: =+'Trim Rwd'!H64 -> 262.25 | P104: =O104*(Q104-R104-S104) -> 369772.5 | Q104: 1440 | R104: 0 | S104: 30 | T104: =E104*M104*O104*Q104/100000000 -> 52.459861 | U104: =E104*M104*O104*(Q104-R104-S104)/100000000 -> 51.366947 | V104: =E104*G104*(1-N104)*O104/100*(R104+S104)/1000000 -> 1.1152181 | W104: =+'24'!K10/1000 -> 50.433 | X104: =SUM(W104:W107)/SUM(K104:K107) -> 0.94213632 | Y104: 0 | Z104: =+'23'!D11/1000 -> 0 | AA104: =SUM(U104:U107)-SUM(W104:W107)-SUM(Z104:Z107)-SUM(Y104:Y107) -> 0.93394684 | AB104: =(SUM(K104:K107)-SUM(W104:W107)-SUM(Y104:Y107)-SUM(Z104:Z107)-SUM(AC104:AC107)-SUM(V104:V107))-AA104 -> -0.022304363 | AC104: =K104-T104 -> 1.0706094 | AD104: =+AM104+BA104 -> 8 | AE104: - Sheet Breaks (4x) | AF104: 8 | AM104: =SUM(AF104:AL104)+AT104+AV104+AX104 -> 8 | AR104: =SUM(AN104:AQ104) -> 0 | BA104: =+AR104+AS104+AU104+AW104+AY104+AZ104 -> 0 | BB104: 4
AD105: =+AM105+BA105 -> 0 | AE105: - Change Blade (0x) | AG105: 0 | AM105: =SUM(AF105:AL105)+AT105+AV105+AX105 -> 0 | AR105: =SUM(AN105:AQ105) -> 0 | BA105: =+AR105+AS105+AU105+AW105+AY105+AZ105 -> 0 | BC105: 0
AD106: =+AM106+BA106 -> 22 | AE106: - Change Spool (21x) | AH106: 22 | AM106: =SUM(AF106:AL106)+AT106+AV106+AX106 -> 22 | AR106: =SUM(AN106:AQ106) -> 0 | BA106: =+AR106+AS106+AU106+AW106+AY106+AZ106 -> 0
A108: 46106 | B108: Toilet | C108: =(M108*E108*O108*Q108)/100000000 -> 51.669087 | D108: RC HW | E108: 13.5 | F108: 1 | G108: 1250 | H108: =+N108 -> 0.16 | I108: 0.88 | J108: =E108*G108*(1-H108)*1440/1000000*2.7 -> 55.1124 | K108: =(IF(G108<L108,L108,G108)*(1-IF(H108<N108,H108,N108))*E108*O108*Q108)/100000000 -> 52.723558 | L108: 1225 | M108: 1029 | N108: =1-(M108/L108) -> 0.16 | O108: =+'Trim Rwd'!H67 -> 258.29688 | P108: =O108*(Q108-R108-S108) -> 362648.81 | Q108: 1440 | R108: 0 | S108: 36 | T108: =E108*M108*O108*Q108/100000000 -> 51.669087 | U108: =E108*M108*O108*(Q108-R108-S108)/100000000 -> 50.37736 | V108: =E108*G108*(1-N108)*O108/100*(R108+S108)/1000000 -> 1.318089 | W108: =+'25'!K10/1000 -> 53.864 | X108: =SUM(W108:W111)/SUM(K108:K111) -> 1.0216306 | Y108: 0 | Z108: 0 | AA108: =SUM(U108:U111)-SUM(W108:W111)-SUM(Z108:Z111)-SUM(Y108:Y111) -> -3.4866402 | AB108: =(SUM(K108:K111)-SUM(W108:W111)-SUM(Y108:Y111)-SUM(Z108:Z111)-SUM(AC108:AC111)-SUM(V108:V111))-AA108 -> -0.026361779 | AC108: =K108-T108 -> 1.0544712 | AD108: =+AM108+BA108 -> 0 | AE108: - Sheet Breaks (0x) | AF108: 0 | AM108: =SUM(AF108:AL108)+AT108+AV108+AX108 -> 0 | AR108: =SUM(AN108:AQ108) -> 0 | BA108: =+AR108+AS108+AU108+AW108+AY108+AZ108 -> 0 | BB108: 0
AD109: =+AM109+BA109 -> 8 | AE109: - Change Blade (3x) | AG109: 8 | AM109: =SUM(AF109:AL109)+AT109+AV109+AX109 -> 8 | AR109: =SUM(AN109:AQ109) -> 0 | BA109: =+AR109+AS109+AU109+AW109+AY109+AZ109 -> 0 | BC109: 3
AD110: =+AM110+BA110 -> 28 | AE110: - Change Spool (27x) | AH110: 28 | AM110: =SUM(AF110:AL110)+AT110+AV110+AX110 -> 28 | AR110: =SUM(AN110:AQ110) -> 0 | BA110: =+AR110+AS110+AU110+AW110+AY110+AZ110 -> 0
