Workbook

Sheet Report1
A3: PAPER MACHINE 17 DAILY REPORT 1
A6: Date | B6: Grade | C6: GSM | D6: Speed yankee (mpm) | E6: Speed reel (mpm) | F6: Creep ( % ) | G6: Real Eff PM ( % ) | H6: Real Eff PM vs Target (%) | I6: Real Eff FG vs Real Eff PM (%) | J6: Eff FG vs Target (%) | L6: Kapasitas Target (ton) | N6: Kapasitas Teori Real (ton) | P6: PM PROD Timbangan (TON) | R6: FINSHED GOODS (TON) | T6: GAS HOOD | Z6: STEAM (TON) | AF6: STEAM DEINKING (TON) | AL6: POWER (kWh) | AR6: POWER DEINKING (kWh) | AX6: TOTALIZER | AY6: Kapasitas Running (ton) | BA6: Eff FG vs Target Running(%)
T7: CONSUMPTION | V7: /TON PM. | X7: /TON FG. | Z7: CONSUMPTION | AB7: /TON PM. | AD7: /TON FG. | AF7: CONSUMPTION | AH7: /TON PM. | AJ7: /TON FG. | AL7: CONSUMPTION | AN7: /TON PM | AP7: /TON FG | AR7: CONSUMPTION | AT7: /TON PM | AV7: /TON FG
J8: TODAY | K8: TODATE | L8: TODAY | M8: TODATE | N8: TODAY | O8: TODATE | P8: TODAY | Q8: TODATE | R8: TODAY | S8: TODATE | T8: TODAY | U8: TODATE | V8: TODAY | W8: TODATE | X8: TODAY | Y8: TODATE | Z8: TODAY | AA8: TODATE | AB8: TODAY | AC8: TODATE | AD8: TODAY | AE8: TODATE | AF8: TODAY | AG8: TODATE | AH8: TODAY | AI8: TODATE | AJ8: TODAY | AK8: TODATE | AL8: TODAY | AM8: TODATE | AN8: TODAY | AO8: TODATE | AP8: TODAY | AQ8: TODATE | AR8: TODAY | AS8: TODATE | AT8: TODAY | AU8: TODATE | AV8: TODAY | AW8: TODATE | AY8: TODAY | AZ8: TODATE | BA8: TODAY | BB8: TODATE
A9: 45931 | B9: STOP | C9: 17 | D9: =+'1'!F42 -> 0 | E9: =+'1'!G42 -> 0 | F9: =1-(E9/D9) -> #DIV/0! | G9: =+P9/N9 -> 0 | H9: =+P9/L9 -> 0 | I9: =+R9/P9 -> #DIV/0! | J9: =+R9/L9 -> 0.063779031 | K9: =+S9/M9 -> 0.063779031 | L9: =+Efficiency1!K6 -> 52.744608 | M9: =L9 -> 52.744608 | N9: =+Efficiency1!C6 -> 52.744608 | O9: =N9 -> 52.744608 | P9: ='1'!I38 -> 0 | Q9: =P9 -> 0 | R9: ='1'!I40 -> 3.364 | S9: =R9 -> 3.364 | T9: =+[1]Report1!AZ9 -> 0 | U9: =T9 -> 0 | V9: =T9/P9 -> #DIV/0! | W9: =U9/Q9 -> #DIV/0! | X9: =IF(AND(R9>0,T9>0),(T9/(R9*1000))*1000,0) -> 0 | Y9: =IF(AND(S9>0,U9>0),U9/S9,0) -> 0 | Z9: 0.4 | AA9: =Z9 -> 0.4 | AB9: =Z9/(P9) -> #DIV/0! | AC9: =AA9/(Q9) -> #DIV/0! | AD9: =IF(AND(R9>0,Z9>0),Z9/(R9),0) -> 0.11890606 | AE9: =IF(AND(S9>0,AA9>0),AA9/(S9),0) -> 0.11890606 | AF9: 0 | AG9: =AF9 -> 0 | AH9: =AF9/(P9) -> #DIV/0! | AI9: =AG9/(Q9) -> #DIV/0! | AJ9: =IF(AND(R9>0,AF9>0),AF9/(R9),0) -> 0 | AK9: =IF(AND(S9>0,AG9>0),AG9/(S9),0) -> 0 | AL9: ='1'!I46 -> 5187.3 | AM9: =AL9 -> 5187.3 | AN9: =IF(AND(L9>0,AL9>0),(AL9/(P9*1000)*1000),0) -> #DIV/0! | AO9: =IF(AND(M9>0,AM9>0),(AM9/(Q9*1000)*1000),0) -> #DIV/0! | AP9: =IF(AND(R9>0,AL9>0),(AL9/(R9*1000)*1000),0) -> 1542.0036 | AQ9: =IF(AND(S9>0,AM9>0),(AM9/(S9*1000)*1000),0) -> 1542.0036 | AR9: =+Listrik!AA8 -> 0 | AS9: =AR9 -> 0 | AT9: =IF(AND(L9>0,AR9>0),(AR9/(P9*1000)*1000),0) -> 0 | AU9: =IF(AND(M9>0,AS9>0),(AS9/(Q9*1000)*1000),0) -> 0 | AV9: =IF(AND(R9>0,AR9>0),(AR9/(R9*1000)*1000),0) -> 0 | AW9: =IF(AND(S9>0,AS9>0),(AS9/(S9*1000)*1000),0) -> 0 | AY9: =+Efficiency2!K6 -> 0 | AZ9: =AY9 -> 0 | BA9: =+R9/AY9 -> #DIV/0! | BB9: =+S9/AZ9 -> #DIV/0!
A10: =A9+1 -> 45932 | B10: STOP | C10: 17 | D10: =+'2'!F42 -> 0 | E10: =+'2'!G42 -> 0 | F10: =1-(E10/D10) -> #DIV/0! | G10: =+P10/N10 -> 0 | H10: =+P10/L10 -> 0 | I10: =+R10/P10 -> #DIV/0! | J10: =+R10/L10 -> 0 | K10: =+S10/M10 -> 0.031889516 | L10: =+Efficiency1!K11 -> 52.744608 | M10: =M9+L10 -> 105.48922 | N10: =+Efficiency1!C11 -> 52.744608 | O10: =O9+N10 -> 105.48922 | P10: ='2'!I38 -> 0 | Q10: =Q9+P10 -> 0 | R10: ='2'!I40 -> 0 | S10: =S9+R10 -> 3.364 | T10: =+[1]Report1!AZ10 -> 0 | U10: =T10+U9 -> 0 | V10: =T10/P10 -> #DIV/0! | W10: =U10/Q10 -> #DIV/0! | X10: =IF(AND(R10>0,T10>0),(T10/(R10*1000))*1000,0) -> 0 | Y10: =IF(AND(S10>0,U10>0),U10/S10,0) -> 0 | Z10: 0.1 | AA10: =Z10+AA9 -> 0.5 | AB10: =Z10/(P10) -> #DIV/0! | AC10: =AA10/(Q10) -> #DIV/0! | AD10: =IF(AND(R10>0,Z10>0),Z10/(R10),0) -> 0 | AE10: =IF(AND(S10>0,AA10>0),AA10/(S10),0) -> 0.14863258 | AF10: 0 | AG10: =+AF10+AG9 -> 0 | AH10: =AF10/(P10) -> #DIV/0! | AI10: =AG10/(Q10) -> #DIV/0! | AJ10: =IF(AND(R10>0,AF10>0),AF10/(R10),0) -> 0 | AK10: =IF(AND(S10>0,AG10>0),AG10/(S10),0) -> 0 | AL10: ='2'!I46 -> 4254.18 | AM10: =AL10+AM9 -> 9441.48 | AN10: =IF(AND(L10>0,AL10>0),(AL10/(P10*1000)*1000),0) -> #DIV/0! | AO10: =IF(AND(M10>0,AM10>0),(AM10/(Q10*1000)*1000),0) -> #DIV/0! | AP10: =IF(AND(R10>0,AL10>0),(AL10/(R10*1000)*1000),0) -> 0 | AQ10: =IF(AND(S10>0,AM10>0),(AM10/(S10*1000)*1000),0) -> 2806.6231 | AR10: =+Listrik!AA9 -> 0 | AS10: =AR10+AS9 -> 0 | AT10: =IF(AND(L10>0,AR10>0),(AR10/(P10*1000)*1000),0) -> 0 | AU10: =IF(AND(M10>0,AS10>0),(AS10/(Q10*1000)*1000),0) -> 0 | AV10: =IF(AND(R10>0,AR10>0),(AR10/(R10*1000)*1000),0) -> 0 | AW10: =IF(AND(S10>0,AS10>0),(AS10/(S10*1000)*1000),0) -> 0 | AY10: =+Efficiency2!K11 -> 0 | AZ10: =AZ9+AY10 -> 0 | BA10: =+R10/AY10 -> #DIV/0! | BB10: =+S10/AZ10 -> #DIV/0!
A11: =A10+1 -> 45933 | B11: STOP | C11: 17 | D11: =+'3'!F42 -> 0 | E11: =+'3'!G42 -> 0 | F11: =1-(E11/D11) -> #DIV/0! | G11: =+P11/N11 -> 0 | H11: =+P11/L11 -> 0 | I11: =+R11/P11 -> #DIV/0! | J11: =+R11/L11 -> 0 | K11: =+S11/M11 -> 0.021259677 | L11: =+Efficiency1!K16 -> 52.744608 | M11: =M10+L11 -> 158.23382 | N11: =+Efficiency1!C16 -> 52.744608 | O11: =O10+N11 -> 158.23382 | P11: ='3'!I38 -> 0 | Q11: =Q10+P11 -> 0 | R11: ='3'!I40 -> 0 | S11: =S10+R11 -> 3.364 | T11: =+[1]Report1!AZ11 -> 0 | U11: =T11+U10 -> 0 | V11: =T11/P11 -> #DIV/0! | W11: =U11/Q11 -> #DIV/0! | X11: =IF(AND(R11>0,T11>0),(T11/(R11*1000))*1000,0) -> 0 | Y11: =IF(AND(S11>0,U11>0),U11/S11,0) -> 0 | Z11: 0.1 | AA11: =Z11+AA10 -> 0.6 | AB11: =Z11/(P11) -> #DIV/0! | AC11: =AA11/(Q11) -> #DIV/0! | AD11: =IF(AND(R11>0,Z11>0),Z11/(R11),0) -> 0 | AE11: =IF(AND(S11>0,AA11>0),AA11/(S11),0) -> 0.1783591 | AF11: 0 | AG11: =+AF11+AG10 -> 0 | AH11: =AF11/(P11) -> #DIV/0! | AI11: =AG11/(Q11) -> #DIV/0! | AJ11: =IF(AND(R11>0,AF11>0),AF11/(R11),0) -> 0 | AK11: =IF(AND(S11>0,AG11>0),AG11/(S11),0) -> 0 | AL11: ='3'!I46 -> 1722.22 | AM11: =AL11+AM10 -> 11163.7 | AN11: =IF(AND(L11>0,AL11>0),(AL11/(P11*1000)*1000),0) -> #DIV/0! | AO11: =IF(AND(M11>0,AM11>0),(AM11/(Q11*1000)*1000),0) -> #DIV/0! | AP11: =IF(AND(R11>0,AL11>0),(AL11/(R11*1000)*1000),0) -> 0 | AQ11: =IF(AND(S11>0,AM11>0),(AM11/(S11*1000)*1000),0) -> 3318.5791 | AR11: =+Listrik!AA10 -> 0 | AS11: =AR11+AS10 -> 0 | AT11: =IF(AND(L11>0,AR11>0),(AR11/(P11*1000)*1000),0) -> 0 | AU11: =IF(AND(M11>0,AS11>0),(AS11/(Q11*1000)*1000),0) -> 0 | AV11: =IF(AND(R11>0,AR11>0),(AR11/(R11*1000)*1000),0) -> 0 | AW11: =IF(AND(S11>0,AS11>0),(AS11/(S11*1000)*1000),0) -> 0 | AY11: =+Efficiency2!K16 -> 0 | AZ11: =AZ10+AY11 -> 0 | BA11: =+R11/AY11 -> #DIV/0! | BB11: =+S11/AZ11 -> #DIV/0!
A12: =A11+1 -> 45934 | B12: STOP | C12: 17 | D12: =+'4'!F42 -> 0 | E12: =+'4'!G42 -> 0 | F12: =1-(E12/D12) -> #DIV/0! | G12: =+P12/N12 -> 0 | H12: =+P12/L12 -> 0 | I12: =+R12/P12 -> #DIV/0! | J12: =+R12/L12 -> 0 | K12: =+S12/M12 -> 0.015944758 | L12: =+Efficiency1!K21 -> 52.744608 | M12: =M11+L12 -> 210.97843 | N12: =+Efficiency1!C21 -> 52.744608 | O12: =O11+N12 -> 210.97843 | P12: ='4'!I38 -> 0 | Q12: =Q11+P12 -> 0 | R12: ='4'!I40 -> 0 | S12: =S11+R12 -> 3.364 | T12: =+[1]Report1!AZ12 -> 0 | U12: =T12+U11 -> 0 | V12: =T12/P12 -> #DIV/0! | W12: =U12/Q12 -> #DIV/0! | X12: =IF(AND(R12>0,T12>0),(T12/(R12*1000))*1000,0) -> 0 | Y12: =IF(AND(S12>0,U12>0),U12/S12,0) -> 0 | Z12: 0.1 | AA12: =Z12+AA11 -> 0.7 | AB12: =Z12/(P12) -> #DIV/0! | AC12: =AA12/(Q12) -> #DIV/0! | AD12: =IF(AND(R12>0,Z12>0),Z12/(R12),0) -> 0 | AE12: =IF(AND(S12>0,AA12>0),AA12/(S12),0) -> 0.20808561 | AF12: 0 | AG12: =+AF12+AG11 -> 0 | AH12: =AF12/(P12) -> #DIV/0! | AI12: =AG12/(Q12) -> #DIV/0! | AJ12: =IF(AND(R12>0,AF12>0),AF12/(R12),0) -> 0 | AK12: =IF(AND(S12>0,AG12>0),AG12/(S12),0) -> 0 | AL12: ='4'!I46 -> 3976.44 | AM12: =AL12+AM11 -> 15140.14 | AN12: =IF(AND(L12>0,AL12>0),(AL12/(P12*1000)*1000),0) -> #DIV/0! | AO12: =IF(AND(M12>0,AM12>0),(AM12/(Q12*1000)*1000),0) -> #DIV/0! | AP12: =IF(AND(R12>0,AL12>0),(AL12/(R12*1000)*1000),0) -> 0 | AQ12: =IF(AND(S12>0,AM12>0),(AM12/(S12*1000)*1000),0) -> 4500.6361 | AR12: =+Listrik!AA11 -> 0 | AS12: =AR12+AS11 -> 0 | AT12: =IF(AND(L12>0,AR12>0),(AR12/(P12*1000)*1000),0) -> 0 | AU12: =IF(AND(M12>0,AS12>0),(AS12/(Q12*1000)*1000),0) -> 0 | AV12: =IF(AND(R12>0,AR12>0),(AR12/(R12*1000)*1000),0) -> 0 | AW12: =IF(AND(S12>0,AS12>0),(AS12/(S12*1000)*1000),0) -> 0 | AY12: =+Efficiency2!K21 -> 0 | AZ12: =AZ11+AY12 -> 0 | BA12: =+R12/AY12 -> #DIV/0! | BB12: =+S12/AZ12 -> #DIV/0!
A13: =A12+1 -> 45935 | B13: STOP | C13: 17 | D13: =+'5'!F42 -> 0 | E13: =+'5'!G42 -> 0 | F13: =1-(E13/D13) -> #DIV/0! | G13: =+P13/N13 -> 0 | H13: =+P13/L13 -> 0 | I13: =+R13/P13 -> #DIV/0! | J13: =+R13/L13 -> 0 | K13: =+S13/M13 -> 0.012755806 | L13: =+Efficiency1!K26 -> 52.744608 | M13: =M12+L13 -> 263.72304 | N13: =+Efficiency1!C26 -> 52.744608 | O13: =O12+N13 -> 263.72304 | P13: ='5'!I38 -> 0 | Q13: =Q12+P13 -> 0 | R13: ='5'!I40 -> 0 | S13: =S12+R13 -> 3.364 | T13: =+[1]Report1!AZ13 -> 0 | U13: =T13+U12 -> 0 | V13: =T13/P13 -> #DIV/0! | W13: =U13/Q13 -> #DIV/0! | X13: =IF(AND(R13>0,T13>0),(T13/(R13*1000))*1000,0) -> 0 | Y13: =IF(AND(S13>0,U13>0),U13/S13,0) -> 0 | Z13: 0.1 | AA13: =Z13+AA12 -> 0.8 | AB13: =Z13/(P13) -> #DIV/0! | AC13: =AA13/(Q13) -> #DIV/0! | AD13: =IF(AND(R13>0,Z13>0),Z13/(R13),0) -> 0 | AE13: =IF(AND(S13>0,AA13>0),AA13/(S13),0) -> 0.23781213 | AF13: 0 | AG13: =+AF13+AG12 -> 0 | AH13: =AF13/(P13) -> #DIV/0! | AI13: =AG13/(Q13) -> #DIV/0! | AJ13: =IF(AND(R13>0,AF13>0),AF13/(R13),0) -> 0 | AK13: =IF(AND(S13>0,AG13>0),AG13/(S13),0) -> 0 | AL13: ='5'!I46 -> 3020.48 | AM13: =AL13+AM12 -> 18160.62 | AN13: =IF(AND(L13>0,AL13>0),(AL13/(P13*1000)*1000),0) -> #DIV/0! | AO13: =IF(AND(M13>0,AM13>0),(AM13/(Q13*1000)*1000),0) -> #DIV/0! | AP13: =IF(AND(R13>0,AL13>0),(AL13/(R13*1000)*1000),0) -> 0 | AQ13: =IF(AND(S13>0,AM13>0),(AM13/(S13*1000)*1000),0) -> 5398.5196 | AR13: =+Listrik!AA12 -> 0 | AS13: =AR13+AS12 -> 0 | AT13: =IF(AND(L13>0,AR13>0),(AR13/(P13*1000)*1000),0) -> 0 | AU13: =IF(AND(M13>0,AS13>0),(AS13/(Q13*1000)*1000),0) -> 0 | AV13: =IF(AND(R13>0,AR13>0),(AR13/(R13*1000)*1000),0) -> 0 | AW13: =IF(AND(S13>0,AS13>0),(AS13/(S13*1000)*1000),0) -> 0 | AY13: =+Efficiency2!K26 -> 0 | AZ13: =AZ12+AY13 -> 0 | BA13: =+R13/AY13 -> #DIV/0! | BB13: =+S13/AZ13 -> #DIV/0!
A14: =A13+1 -> 45936 | B14: STOP | C14: 17 | D14: =+'6'!F42 -> 0 | E14: =+'6'!G42 -> 0 | F14: =1-(E14/D14) -> #DIV/0! | G14: =+P14/N14 -> 0 | H14: =+P14/L14 -> 0 | I14: =+R14/P14 -> #DIV/0! | J14: =+R14/L14 -> 0 | K14: =+S14/M14 -> 0.010629839 | L14: =+Efficiency1!K31 -> 52.744608 | M14: =M13+L14 -> 316.46765 | N14: =+Efficiency1!C31 -> 52.744608 | O14: =O13+N14 -> 316.46765 | P14: ='6'!I38 -> 0 | Q14: =Q13+P14 -> 0 | R14: ='6'!I40 -> 0 | S14: =S13+R14 -> 3.364 | T14: =+[1]Report1!AZ14 -> 0 | U14: =T14+U13 -> 0 | V14: =T14/P14 -> #DIV/0! | W14: =U14/Q14 -> #DIV/0! | X14: =IF(AND(R14>0,T14>0),(T14/(R14*1000))*1000,0) -> 0 | Y14: =IF(AND(S14>0,U14>0),U14/S14,0) -> 0 | Z14: 0.1 | AA14: =Z14+AA13 -> 0.9 | AB14: =Z14/(P14) -> #DIV/0! | AC14: =AA14/(Q14) -> #DIV/0! | AD14: =IF(AND(R14>0,Z14>0),Z14/(R14),0) -> 0 | AE14: =IF(AND(S14>0,AA14>0),AA14/(S14),0) -> 0.26753864 | AF14: 0 | AG14: =+AF14+AG13 -> 0 | AH14: =AF14/(P14) -> #DIV/0! | AI14: =AG14/(Q14) -> #DIV/0! | AJ14: =IF(AND(R14>0,AF14>0),AF14/(R14),0) -> 0 | AK14: =IF(AND(S14>0,AG14>0),AG14/(S14),0) -> 0 | AL14: ='6'!I46 -> 2234.74 | AM14: =AL14+AM13 -> 20395.36 | AN14: =IF(AND(L14>0,AL14>0),(AL14/(P14*1000)*1000),0) -> #DIV/0! | AO14: =IF(AND(M14>0,AM14>0),(AM14/(Q14*1000)*1000),0) -> #DIV/0! | AP14: =IF(AND(R14>0,AL14>0),(AL14/(R14*1000)*1000),0) -> 0 | AQ14: =IF(AND(S14>0,AM14>0),(AM14/(S14*1000)*1000),0) -> 6062.83 | AR14: =+Listrik!AA13 -> 0 | AS14: =AR14+AS13 -> 0 | AT14: =IF(AND(L14>0,AR14>0),(AR14/(P14*1000)*1000),0) -> 0 | AU14: =IF(AND(M14>0,AS14>0),(AS14/(Q14*1000)*1000),0) -> 0 | AV14: =IF(AND(R14>0,AR14>0),(AR14/(R14*1000)*1000),0) -> 0 | AW14: =IF(AND(S14>0,AS14>0),(AS14/(S14*1000)*1000),0) -> 0 | AY14: =+Efficiency2!K31 -> 0 | AZ14: =AZ13+AY14 -> 0 | BA14: =+R14/AY14 -> #DIV/0! | BB14: =+S14/AZ14 -> #DIV/0!
A15: =A14+1 -> 45937 | B15: STOP | C15: 17 | D15: =+'7'!F42 -> 0 | E15: =+'7'!G42 -> 0 | F15: =1-(E15/D15) -> #DIV/0! | G15: =+P15/N15 -> 0 | H15: =+P15/L15 -> 0 | I15: =+R15/P15 -> #DIV/0! | J15: =+R15/L15 -> 0 | K15: =+S15/M15 -> 0.0091112902 | L15: =+Efficiency1!K36 -> 52.744608 | M15: =M14+L15 -> 369.21226 | N15: =+Efficiency1!C36 -> 52.744608 | O15: =O14+N15 -> 369.21226 | P15: ='7'!I38 -> 0 | Q15: =Q14+P15 -> 0 | R15: ='7'!I40 -> 0 | S15: =S14+R15 -> 3.364 | T15: =+[1]Report1!AZ15 -> 0 | U15: =T15+U14 -> 0 | V15: =T15/P15 -> #DIV/0! | W15: =U15/Q15 -> #DIV/0! | X15: =IF(AND(R15>0,T15>0),(T15/(R15*1000))*1000,0) -> 0 | Y15: =IF(AND(S15>0,U15>0),U15/S15,0) -> 0 | Z15: 0.1 | AA15: =Z15+AA14 -> 1 | AB15: =Z15/(P15) -> #DIV/0! | AC15: =AA15/(Q15) -> #DIV/0! | AD15: =IF(AND(R15>0,Z15>0),Z15/(R15),0) -> 0 | AE15: =IF(AND(S15>0,AA15>0),AA15/(S15),0) -> 0.29726516 | AF15: 0 | AG15: =+AF15+AG14 -> 0 | AH15: =AF15/(P15) -> #DIV/0! | AI15: =AG15/(Q15) -> #DIV/0! | AJ15: =IF(AND(R15>0,AF15>0),AF15/(R15),0) -> 0 | AK15: =IF(AND(S15>0,AG15>0),AG15/(S15),0) -> 0 | AL15: ='7'!I46 -> 2928.3 | AM15: =AL15+AM14 -> 23323.66 | AN15: =IF(AND(L15>0,AL15>0),(AL15/(P15*1000)*1000),0) -> #DIV/0! | AO15: =IF(AND(M15>0,AM15>0),(AM15/(Q15*1000)*1000),0) -> #DIV/0! | AP15: =IF(AND(R15>0,AL15>0),(AL15/(R15*1000)*1000),0) -> 0 | AQ15: =IF(AND(S15>0,AM15>0),(AM15/(S15*1000)*1000),0) -> 6933.3115 | AR15: =+Listrik!AA14 -> 0 | AS15: =AR15+AS14 -> 0 | AT15: =IF(AND(L15>0,AR15>0),(AR15/(P15*1000)*1000),0) -> 0 | AU15: =IF(AND(M15>0,AS15>0),(AS15/(Q15*1000)*1000),0) -> 0 | AV15: =IF(AND(R15>0,AR15>0),(AR15/(R15*1000)*1000),0) -> 0 | AW15: =IF(AND(S15>0,AS15>0),(AS15/(S15*1000)*1000),0) -> 0 | AY15: =+Efficiency2!K36 -> 0 | AZ15: =AZ14+AY15 -> 0 | BA15: =+R15/AY15 -> #DIV/0! | BB15: =+S15/AZ15 -> #DIV/0!
A16: =A15+1 -> 45938 | B16: STOP | C16: 17 | D16: =+'8'!F42 -> 0 | E16: =+'8'!G42 -> 0 | F16: =1-(E16/D16) -> #DIV/0! | G16: =+P16/N16 -> 0 | H16: =+P16/L16 -> 0 | I16: =+R16/P16 -> #DIV/0! | J16: =+R16/L16 -> 0 | K16: =+S16/M16 -> 0.0079723789 | L16: =+Efficiency1!K41 -> 52.744608 | M16: =M15+L16 -> 421.95686 | N16: =+Efficiency1!C41 -> 52.744608 | O16: =O15+N16 -> 421.95686 | P16: ='8'!I38 -> 0 | Q16: =Q15+P16 -> 0 | R16: ='8'!I40 -> 0 | S16: =S15+R16 -> 3.364 | T16: =+[1]Report1!AZ16 -> 0 | U16: =T16+U15 -> 0 | V16: =T16/P16 -> #DIV/0! | W16: =U16/Q16 -> #DIV/0! | X16: =IF(AND(R16>0,T16>0),(T16/(R16*1000))*1000,0) -> 0 | Y16: =IF(AND(S16>0,U16>0),U16/S16,0) -> 0 | Z16: 1.6 | AA16: =Z16+AA15 -> 2.6 | AB16: =Z16/(P16) -> #DIV/0! | AC16: =AA16/(Q16) -> #DIV/0! | AD16: =IF(AND(R16>0,Z16>0),Z16/(R16),0) -> 0 | AE16: =IF(AND(S16>0,AA16>0),AA16/(S16),0) -> 0.77288942 | AF16: 0 | AG16: =+AF16+AG15 -> 0 | AH16: =AF16/(P16) -> #DIV/0! | AI16: =AG16/(Q16) -> #DIV/0! | AJ16: =IF(AND(R16>0,AF16>0),AF16/(R16),0) -> 0 | AK16: =IF(AND(S16>0,AG16>0),AG16/(S16),0) -> 0 | AL16: ='8'!I46 -> 2439.26 | AM16: =AL16+AM15 -> 25762.92 | AN16: =IF(AND(L16>0,AL16>0),(AL16/(P16*1000)*1000),0) -> #DIV/0! | AO16: =IF(AND(M16>0,AM16>0),(AM16/(Q16*1000)*1000),0) -> #DIV/0! | AP16: =IF(AND(R16>0,AL16>0),(AL16/(R16*1000)*1000),0) -> 0 | AQ16: =IF(AND(S16>0,AM16>0),(AM16/(S16*1000)*1000),0) -> 7658.4185 | AR16: =+Listrik!AA15 -> 0 | AS16: =AR16+AS15 -> 0 | AT16: =IF(AND(L16>0,AR16>0),(AR16/(P16*1000)*1000),0) -> 0 | AU16: =IF(AND(M16>0,AS16>0),(AS16/(Q16*1000)*1000),0) -> 0 | AV16: =IF(AND(R16>0,AR16>0),(AR16/(R16*1000)*1000),0) -> 0 | AW16: =IF(AND(S16>0,AS16>0),(AS16/(S16*1000)*1000),0) -> 0 | AY16: =+Efficiency2!K41 -> 0 | AZ16: =AZ15+AY16 -> 0 | BA16: =+R16/AY16 -> #DIV/0! | BB16: =+S16/AZ16 -> #DIV/0!
A17: =A16+1 -> 45939 | B17: Toilet | C17: 14/14,5 | D17: =+'9'!F42 -> 951.44865 | E17: =+'9'!G42 -> 729.57978 | F17: =1-(E17/D17) -> 0.23319058 | G17: =+P17/N17 -> 0.57939612 | H17: =+P17/L17 -> 0.42345123 | I17: =+R17/P17 -> 0.79638957 | J17: =+R17/L17 -> 0.33723214 | K17: =+S17/M17 -> 0.044702661 | L17: =+SUM(Efficiency1!K46:K47) -> 52.981308 | M17: =M16+L17 -> 474.93817 | N17: =+SUM(Efficiency1!C46:C47) -> 38.72135 | O17: =O16+N17 -> 460.67821 | P17: ='9'!I38 -> 22.435 | Q17: =Q16+P17 -> 22.435 | R17: ='9'!I40 -> 17.867 | S17: =S16+R17 -> 21.231 | T17: =+[1]Report1!AZ17 -> 2768.5009 | U17: =T17+U16 -> 2768.5009 | V17: =T17/P17 -> 123.40098 | W17: =U17/Q17 -> 123.40098 | X17: =IF(AND(R17>0,T17>0),(T17/(R17*1000))*1000,0) -> 154.95052 | Y17: =IF(AND(S17>0,U17>0),U17/S17,0) -> 130.39899 | Z17: 63.9 | AA17: =Z17+AA16 -> 66.5 | AB17: =Z17/(P17) -> 2.8482282 | AC17: =AA17/(Q17) -> 2.9641186 | AD17: =IF(AND(R17>0,Z17>0),Z17/(R17),0) -> 3.5764258 | AE17: =IF(AND(S17>0,AA17>0),AA17/(S17),0) -> 3.1322123 | AF17: 0 | AG17: =+AF17+AG16 -> 0 | AH17: =AF17/(P17) -> 0 | AI17: =AG17/(Q17) -> 0 | AJ17: =IF(AND(R17>0,AF17>0),AF17/(R17),0) -> 0 | AK17: =IF(AND(S17>0,AG17>0),AG17/(S17),0) -> 0 | AL17: ='9'!I46 -> 16669.86 | AM17: =AL17+AM16 -> 42432.78 | AN17: =IF(AND(L17>0,AL17>0),(AL17/(P17*1000)*1000),0) -> 743.0292 | AO17: =IF(AND(M17>0,AM17>0),(AM17/(Q17*1000)*1000),0) -> 1891.3653 | AP17: =IF(AND(R17>0,AL17>0),(AL17/(R17*1000)*1000),0) -> 932.99715 | AQ17: =IF(AND(S17>0,AM17>0),(AM17/(S17*1000)*1000),0) -> 1998.6237 | AR17: =+Listrik!AA16 -> 0 | AS17: =AR17+AS16 -> 0 | AT17: =IF(AND(L17>0,AR17>0),(AR17/(P17*1000)*1000),0) -> 0 | AU17: =IF(AND(M17>0,AS17>0),(AS17/(Q17*1000)*1000),0) -> 0 | AV17: =IF(AND(R17>0,AR17>0),(AR17/(R17*1000)*1000),0) -> 0 | AW17: =IF(AND(S17>0,AS17>0),(AS17/(S17*1000)*1000),0) -> 0 | AY17: =+SUM(Efficiency2!K46:K47) -> 41.010396 | AZ17: =AZ16+AY17 -> 41.010396 | BA17: =+R17/AY17 -> 0.43567002 | BB17: =+S17/AZ17 -> 0.517698
A18: =A17+1 -> 45940 | B18: Toilet | C18: 14,5 | D18: =+'10'!F42 -> 1163.1159 | E18: =+'10'!G42 -> 911.01594 | F18: =1-(E18/D18) -> 0.21674537 | G18: =+P18/N18 -> 0.87433328 | H18: =+P18/L18 -> 0.82678941 | I18: =+R18/P18 -> 0.89416315 | J18: =+R18/L18 -> 0.73928463 | K18: =+S18/M18 -> 0.11276736 | L18: =+Efficiency1!K52 -> 51.597177 | M18: =M17+L18 -> 526.53535 | N18: =+Efficiency1!C52 -> 48.791463 | O18: =O17+N18 -> 509.46968 | P18: ='10'!I38 -> 42.66 | Q18: =Q17+P18 -> 65.095 | R18: ='10'!I40 -> 38.145 | S18: =S17+R18 -> 59.376 | T18: =+[1]Report1!AZ18 -> 3799.3281 | U18: =T18+U17 -> 6567.8291 | V18: =T18/P18 -> 89.060669 | W18: =U18/Q18 -> 100.89606 | X18: =IF(AND(R18>0,T18>0),(T18/(R18*1000))*1000,0) -> 99.602258 | Y18: =IF(AND(S18>0,U18>0),U18/S18,0) -> 110.61421 | Z18: 95.2 | AA18: =Z18+AA17 -> 161.7 | AB18: =Z18/(P18) -> 2.2315987 | AC18: =AA18/(Q18) -> 2.4840618 | AD18: =IF(AND(R18>0,Z18>0),Z18/(R18),0) -> 2.4957399 | AE18: =IF(AND(S18>0,AA18>0),AA18/(S18),0) -> 2.7233226 | AF18: 0 | AG18: =+AF18+AG17 -> 0 | AH18: =AF18/(P18) -> 0 | AI18: =AG18/(Q18) -> 0 | AJ18: =IF(AND(R18>0,AF18>0),AF18/(R18),0) -> 0 | AK18: =IF(AND(S18>0,AG18>0),AG18/(S18),0) -> 0 | AL18: ='10'!I46 -> 35815.582 | AM18: =AL18+AM17 -> 78248.362 | AN18: =IF(AND(L18>0,AL18>0),(AL18/(P18*1000)*1000),0) -> 839.55889 | AO18: =IF(AND(M18>0,AM18>0),(AM18/(Q18*1000)*1000),0) -> 1202.0641 | AP18: =IF(AND(R18>0,AL18>0),(AL18/(R18*1000)*1000),0) -> 938.93256 | AQ18: =IF(AND(S18>0,AM18>0),(AM18/(S18*1000)*1000),0) -> 1317.845 | AR18: =+Listrik!AA17 -> 0 | AS18: =AR18+AS17 -> 0 | AT18: =IF(AND(L18>0,AR18>0),(AR18/(P18*1000)*1000),0) -> 0 | AU18: =IF(AND(M18>0,AS18>0),(AS18/(Q18*1000)*1000),0) -> 0 | AV18: =IF(AND(R18>0,AR18>0),(AR18/(R18*1000)*1000),0) -> 0 | AW18: =IF(AND(S18>0,AS18>0),(AS18/(S18*1000)*1000),0) -> 0 | AY18: =+SUM(Efficiency2!K52) -> 51.597177 | AZ18: =AZ17+AY18 -> 92.607573 | BA18: =+R18/AY18 -> 0.73928463 | BB18: =+S18/AZ18 -> 0.64115707
A19: =A18+1 -> 45941 | B19: Toilet | C19: 14,5 | D19: =+'11'!F42 -> 1215.5903 | E19: =+'11'!G42 -> 944.13785 | F19: =1-(E19/D19) -> 0.22330915 | G19: =+P19/N19 -> 0.89183549 | H19: =+P19/L19 -> 0.87427948 | I19: =+R19/P19 -> 0.78641121 | J19: =+R19/L19 -> 0.68754318 | K19: =+S19/M19 -> 0.16405009 | L19: =+Efficiency1!K57 -> 51.58076 | M19: =M18+L19 -> 578.11611 | N19: =+Efficiency1!C57 -> 50.56538 | O19: =O18+N19 -> 560.03506 | P19: ='11'!I38 -> 45.096 | Q19: =Q18+P19 -> 110.191 | R19: ='11'!I40 -> 35.464 | S19: =S18+R19 -> 94.84 | T19: =+[1]Report1!AZ19 -> 4117.2852 | U19: =T19+U18 -> 10685.114 | V19: =T19/P19 -> 91.300452 | W19: =U19/Q19 -> 96.969029 | X19: =IF(AND(R19>0,T19>0),(T19/(R19*1000))*1000,0) -> 116.0976 | Y19: =IF(AND(S19>0,U19>0),U19/S19,0) -> 112.66464 | Z19: 98.4 | AA19: =Z19+AA18 -> 260.1 | AB19: =Z19/(P19) -> 2.1820117 | AC19: =AA19/(Q19) -> 2.3604469 | AD19: =IF(AND(R19>0,Z19>0),Z19/(R19),0) -> 2.7746447 | AE19: =IF(AND(S19>0,AA19>0),AA19/(S19),0) -> 2.7425137 | AF19: 0 | AG19: =+AF19+AG18 -> 0 | AH19: =AF19/(P19) -> 0 | AI19: =AG19/(Q19) -> 0 | AJ19: =IF(AND(R19>0,AF19>0),AF19/(R19),0) -> 0 | AK19: =IF(AND(S19>0,AG19>0),AG19/(S19),0) -> 0 | AL19: ='11'!I46 -> 40069.17 | AM19: =AL19+AM18 -> 118317.53 | AN19: =IF(AND(L19>0,AL19>0),(AL19/(P19*1000)*1000),0) -> 888.53047 | AO19: =IF(AND(M19>0,AM19>0),(AM19/(Q19*1000)*1000),0) -> 1073.7495 | AP19: =IF(AND(R19>0,AL19>0),(AL19/(R19*1000)*1000),0) -> 1129.8548 | AQ19: =IF(AND(S19>0,AM19>0),(AM19/(S19*1000)*1000),0) -> 1247.5488 | AR19: =+Listrik!AA18 -> 0 | AS19: =AR19+AS18 -> 0 | AT19: =IF(AND(L19>0,AR19>0),(AR19/(P19*1000)*1000),0) -> 0 | AU19: =IF(AND(M19>0,AS19>0),(AS19/(Q19*1000)*1000),0) -> 0 | AV19: =IF(AND(R19>0,AR19>0),(AR19/(R19*1000)*1000),0) -> 0 | AW19: =IF(AND(S19>0,AS19>0),(AS19/(S19*1000)*1000),0) -> 0 | AY19: =+Efficiency2!K57 -> 51.58076 | AZ19: =AZ18+AY19 -> 144.18833 | BA19: =+R19/AY19 -> 0.68754318 | BB19: =+S19/AZ19 -> 0.65775086
A20: =A19+1 -> 45942 | B20: Toilet | C20: 14,5 | D20: =+'12'!F42 -> 1219.2936 | E20: =+'12'!G42 -> 946.41212 | F20: =1-(E20/D20) -> 0.22380294 | G20: =+P20/N20 -> 0.8418499 | H20: =+P20/L20 -> 0.8277921 | I20: =+R20/P20 -> 1.0490731 | J20: =+R20/L20 -> 0.86841446 | K20: =+S20/M20 -> 0.22171346 | L20: =+Efficiency1!K61 -> 51.547967 | M20: =M19+L20 -> 629.66408 | N20: =+Efficiency1!C61 -> 50.687183 | O20: =O19+N20 -> 610.72224 | P20: ='12'!I38 -> 42.671 | Q20: =Q19+P20 -> 152.862 | R20: ='12'!I40 -> 44.765 | S20: =S19+R20 -> 139.605 | T20: =+[1]Report1!AZ20 -> 3583.8023 | U20: =T20+U19 -> 14268.917 | V20: =T20/P20 -> 83.986838 | W20: =U20/Q20 -> 93.345087 | X20: =IF(AND(R20>0,T20>0),(T20/(R20*1000))*1000,0) -> 80.058134 | Y20: =IF(AND(S20>0,U20>0),U20/S20,0) -> 102.20921 | Z20: 90.4 | AA20: =Z20+AA19 -> 350.5 | AB20: =Z20/(P20) -> 2.1185348 | AC20: =AA20/(Q20) -> 2.2929178 | AD20: =IF(AND(R20>0,Z20>0),Z20/(R20),0) -> 2.0194348 | AE20: =IF(AND(S20>0,AA20>0),AA20/(S20),0) -> 2.5106551 | AF20: 0 | AG20: =+AF20+AG19 -> 0 | AH20: =AF20/(P20) -> 0 | AI20: =AG20/(Q20) -> 0 | AJ20: =IF(AND(R20>0,AF20>0),AF20/(R20),0) -> 0 | AK20: =IF(AND(S20>0,AG20>0),AG20/(S20),0) -> 0 | AL20: ='12'!I46 -> 37186.62 | AM20: =AL20+AM19 -> 155504.15 | AN20: =IF(AND(L20>0,AL20>0),(AL20/(P20*1000)*1000),0) -> 871.4729 | AO20: =IF(AND(M20>0,AM20>0),(AM20/(Q20*1000)*1000),0) -> 1017.2846 | AP20: =IF(AND(R20>0,AL20>0),(AL20/(R20*1000)*1000),0) -> 830.70747 | AQ20: =IF(AND(S20>0,AM20>0),(AM20/(S20*1000)*1000),0) -> 1113.8867 | AR20: =+Listrik!AA19 -> 0 | AS20: =AR20+AS19 -> 0 | AT20: =IF(AND(L20>0,AR20>0),(AR20/(P20*1000)*1000),0) -> 0 | AU20: =IF(AND(M20>0,AS20>0),(AS20/(Q20*1000)*1000),0) -> 0 | AV20: =IF(AND(R20>0,AR20>0),(AR20/(R20*1000)*1000),0) -> 0 | AW20: =IF(AND(S20>0,AS20>0),(AS20/(S20*1000)*1000),0) -> 0 | AY20: =+Efficiency2!K61 -> 51.547967 | AZ20: =AZ19+AY20 -> 195.7363 | BA20: =+R20/AY20 -> 0.86841446 | BB20: =+S20/AZ20 -> 0.71322999
A21: =A20+1 -> 45943 | B21: Toilet | C21: 14,5 | D21: =+'13'!F42 -> 1193.4896 | E21: =+'13'!G42 -> 929.93847 | F21: =1-(E21/D21) -> 0.22082397 | G21: =+P21/N21 -> 0.87619892 | H21: =+P21/L21 -> 0.8467484 | I21: =+R21/P21 -> 0.96778111 | J21: =+R21/L21 -> 0.81946711 | K21: =+S21/M21 -> 0.26693728 | L21: =+Efficiency1!K66 -> 51.537151 | M21: =M20+L21 -> 681.20123 | N21: =+Efficiency1!C66 -> 49.804901 | O21: =O20+N21 -> 660.52714 | P21: ='13'!I38 -> 43.639 | Q21: =Q20+P21 -> 196.501 | R21: ='13'!I40 -> 42.233 | S21: =S20+R21 -> 181.838 | T21: =+[1]Report1!AZ21 -> 3966.529 | U21: =T21+U20 -> 18235.446 | V21: =T21/P21 -> 90.894131 | W21: =U21/Q21 -> 92.800778 | X21: =IF(AND(R21>0,T21>0),(T21/(R21*1000))*1000,0) -> 93.920133 | Y21: =IF(AND(S21>0,U21>0),U21/S21,0) -> 100.28402 | Z21: 94.3 | AA21: =Z21+AA20 -> 444.8 | AB21: =Z21/(P21) -> 2.1609111 | AC21: =AA21/(Q21) -> 2.2636017 | AD21: =IF(AND(R21>0,Z21>0),Z21/(R21),0) -> 2.2328511 | AE21: =IF(AND(S21>0,AA21>0),AA21/(S21),0) -> 2.4461334 | AF21: 0 | AG21: =+AF21+AG20 -> 0 | AH21: =AF21/(P21) -> 0 | AI21: =AG21/(Q21) -> 0 | AJ21: =IF(AND(R21>0,AF21>0),AF21/(R21),0) -> 0 | AK21: =IF(AND(S21>0,AG21>0),AG21/(S21),0) -> 0 | AL21: ='13'!I46 -> 40184.41 | AM21: =AL21+AM20 -> 195688.56 | AN21: =IF(AND(L21>0,AL21>0),(AL21/(P21*1000)*1000),0) -> 920.8371 | AO21: =IF(AND(M21>0,AM21>0),(AM21/(Q21*1000)*1000),0) -> 995.86548 | AP21: =IF(AND(R21>0,AL21>0),(AL21/(R21*1000)*1000),0) -> 951.49315 | AQ21: =IF(AND(S21>0,AM21>0),(AM21/(S21*1000)*1000),0) -> 1076.1698 | AR21: =+Listrik!AA20 -> 0 | AS21: =AR21+AS20 -> 0 | AT21: =IF(AND(L21>0,AR21>0),(AR21/(P21*1000)*1000),0) -> 0 | AU21: =IF(AND(M21>0,AS21>0),(AS21/(Q21*1000)*1000),0) -> 0 | AV21: =IF(AND(R21>0,AR21>0),(AR21/(R21*1000)*1000),0) -> 0 | AW21: =IF(AND(S21>0,AS21>0),(AS21/(S21*1000)*1000),0) -> 0 | AY21: =+Efficiency2!K66 -> 51.537151 | AZ21: =AZ20+AY21 -> 247.27345 | BA21: =+R21/AY21 -> 0.81946711 | BB21: =+S21/AZ21 -> 0.73537211
A22: =A21+1 -> 45944 | B22: Toilet | C22: 14,5/13,5 | D22: =+'14'!F42 -> 1233.4722 | E22: =+'14'!G42 -> 970.61736 | F22: =1-(E22/D22) -> 0.21310157 | G22: =+P22/N22 -> 0.89169958 | H22: =+P22/L22 -> 0.87477633 | I22: =+R22/P22 -> 0.86588979 | J22: =+R22/L22 -> 0.75745989 | K22: =+S22/M22 -> 0.30178192 | L22: =+SUM(Efficiency1!K70:K71) -> 52.089887 | M22: =M21+L22 -> 733.29111 | N22: =+SUM(Efficiency1!C70:C71) -> 51.101291 | O22: =O21+N22 -> 711.62843 | P22: ='14'!I38 -> 45.567 | Q22: =Q21+P22 -> 242.068 | R22: ='14'!I40 -> 39.456 | S22: =S21+R22 -> 221.294 | T22: =+[1]Report1!AZ22 -> 4108.524 | U22: =T22+U21 -> 22343.97 | V22: =T22/P22 -> 90.164461 | W22: =U22/Q22 -> 92.304516 | X22: =IF(AND(R22>0,T22>0),(T22/(R22*1000))*1000,0) -> 104.12926 | Y22: =IF(AND(S22>0,U22>0),U22/S22,0) -> 100.96961 | Z22: 95.4 | AA22: =Z22+AA21 -> 540.2 | AB22: =Z22/(P22) -> 2.0936204 | AC22: =AA22/(Q22) -> 2.2316043 | AD22: =IF(AND(R22>0,Z22>0),Z22/(R22),0) -> 2.4178832 | AE22: =IF(AND(S22>0,AA22>0),AA22/(S22),0) -> 2.4410965 | AF22: 0 | AG22: =+AF22+AG21 -> 0 | AH22: =AF22/(P22) -> 0 | AI22: =AG22/(Q22) -> 0 | AJ22: =IF(AND(R22>0,AF22>0),AF22/(R22),0) -> 0 | AK22: =IF(AND(S22>0,AG22>0),AG22/(S22),0) -> 0 | AL22: ='14'!I46 -> 42128.6 | AM22: =AL22+AM21 -> 237817.16 | AN22: =IF(AND(L22>0,AL22>0),(AL22/(P22*1000)*1000),0) -> 924.54188 | AO22: =IF(AND(M22>0,AM22>0),(AM22/(Q22*1000)*1000),0) -> 982.43949 | AP22: =IF(AND(R22>0,AL22>0),(AL22/(R22*1000)*1000),0) -> 1067.7362 | AQ22: =IF(AND(S22>0,AM22>0),(AM22/(S22*1000)*1000),0) -> 1074.6661 | AR22: =+Listrik!AA21 -> 0 | AS22: =AR22+AS21 -> 0 | AT22: =IF(AND(L22>0,AR22>0),(AR22/(P22*1000)*1000),0) -> 0 | AU22: =IF(AND(M22>0,AS22>0),(AS22/(Q22*1000)*1000),0) -> 0 | AV22: =IF(AND(R22>0,AR22>0),(AR22/(R22*1000)*1000),0) -> 0 | AW22: =IF(AND(S22>0,AS22>0),(AS22/(S22*1000)*1000),0) -> 0 | AY22: =+SUM(Efficiency2!K70:K71) -> 52.089887 | AZ22: =AZ21+AY22 -> 299.36334 | BA22: =+R22/AY22 -> 0.75745989 | BB22: =+S22/AZ22 -> 0.73921543
A23: =A22+1 -> 45945 | B23: Toilet | C23: 13,5/16,5/12,5 | D23: =+'15'!F42 -> 1251.0825 | E23: =+'15'!G42 -> 983.96389 | F23: =1-(E23/D23) -> 0.21350997 | G23: =+P23/N23 -> 0.91002021 | H23: =+P23/L23 -> 0.88709355 | I23: =+R23/P23 -> 0.86179056 | J23: =+R23/L23 -> 0.76448885 | K23: =+S23/M23 -> 0.3323878 | L23: =+SUM(Efficiency1!K74:K76) -> 51.939279 | M23: =M22+L23 -> 785.23039 | N23: =+SUM(Efficiency1!C74:C76) -> 50.630744 | O23: =O22+N23 -> 762.25918 | P23: ='15'!I38 -> 46.075 | Q23: =Q22+P23 -> 288.143 | R23: ='15'!I40 -> 39.707 | S23: =S22+R23 -> 261.001 | T23: =+[1]Report1!AZ23 -> 3919.3263 | U23: =T23+U22 -> 26263.296 | V23: =T23/P23 -> 85.064055 | W23: =U23/Q23 -> 91.146743 | X23: =IF(AND(R23>0,T23>0),(T23/(R23*1000))*1000,0) -> 98.706181 | Y23: =IF(AND(S23>0,U23>0),U23/S23,0) -> 100.62527 | Z23: 94.8 | AA23: =Z23+AA22 -> 635 | AB23: =Z23/(P23) -> 2.0575149 | AC23: =AA23/(Q23) -> 2.2037669 | AD23: =IF(AND(R23>0,Z23>0),Z23/(R23),0) -> 2.3874884 | AE23: =IF(AND(S23>0,AA23>0),AA23/(S23),0) -> 2.4329409 | AF23: 0 | AG23: =+AF23+AG22 -> 0 | AH23: =AF23/(P23) -> 0 | AI23: =AG23/(Q23) -> 0 | AJ23: =IF(AND(R23>0,AF23>0),AF23/(R23),0) -> 0 | AK23: =IF(AND(S23>0,AG23>0),AG23/(S23),0) -> 0 | AL23: ='15'!I46 -> 41750.8 | AM23: =AL23+AM22 -> 279567.96 | AN23: =IF(AND(L23>0,AL23>0),(AL23/(P23*1000)*1000),0) -> 906.14867 | AO23: =IF(AND(M23>0,AM23>0),(AM23/(Q23*1000)*1000),0) -> 970.24034 | AP23: =IF(AND(R23>0,AL23>0),(AL23/(R23*1000)*1000),0) -> 1051.472 | AQ23: =IF(AND(S23>0,AM23>0),(AM23/(S23*1000)*1000),0) -> 1071.1375 | AR23: =+Listrik!AA22 -> 0 | AS23: =AR23+AS22 -> 0 | AT23: =IF(AND(L23>0,AR23>0),(AR23/(P23*1000)*1000),0) -> 0 | AU23: =IF(AND(M23>0,AS23>0),(AS23/(Q23*1000)*1000),0) -> 0 | AV23: =IF(AND(R23>0,AR23>0),(AR23/(R23*1000)*1000),0) -> 0 | AW23: =IF(AND(S23>0,AS23>0),(AS23/(S23*1000)*1000),0) -> 0 | AY23: =+SUM(Efficiency2!K74:K76) -> 51.939279 | AZ23: =AZ22+AY23 -> 351.30262 | BA23: =+R23/AY23 -> 0.76448885 | BB23: =+S23/AZ23 -> 0.74295205
A24: =A23+1 -> 45946 | B24: Toilet/Towel | C24: 12,5/16,5/18 | D24: =+'16'!F42 -> 1090.4518 | E24: =+'16'!G42 -> 846.1718 | F24: =1-(E24/D24) -> 0.22401724 | G24: =+P24/N24 -> 0.9157624 | H24: =+P24/L24 -> 0.9157624 | I24: =+R24/P24 -> 0.91224431 | J24: =+R24/L24 -> 0.83539903 | K24: =+S24/M24 -> 0.36398766 | L24: =+SUM(Efficiency1!K78:K81) -> 52.635924 | M24: =M23+L24 -> 837.86632 | N24: =+SUM(Efficiency1!C78:C81) -> 52.635924 | O24: =O23+N24 -> 814.8951 | P24: ='16'!I38 -> 48.202 | Q24: =Q23+P24 -> 336.345 | R24: ='16'!I40 -> 43.972 | S24: =S23+R24 -> 304.973 | T24: =+[1]Report1!AZ24 -> 3927.6601 | U24: =T24+U23 -> 30190.956 | V24: =T24/P24 -> 81.483343 | W24: =U24/Q24 -> 89.76187 | X24: =IF(AND(R24>0,T24>0),(T24/(R24*1000))*1000,0) -> 89.321844 | Y24: =IF(AND(S24>0,U24>0),U24/S24,0) -> 98.995505 | Z24: 101.8 | AA24: =Z24+AA23 -> 736.8 | AB24: =Z24/(P24) -> 2.1119456 | AC24: =AA24/(Q24) -> 2.1906079 | AD24: =IF(AND(R24>0,Z24>0),Z24/(R24),0) -> 2.3151096 | AE24: =IF(AND(S24>0,AA24>0),AA24/(S24),0) -> 2.4159516 | AF24: 0 | AG24: =+AF24+AG23 -> 0 | AH24: =AF24/(P24) -> 0 | AI24: =AG24/(Q24) -> 0 | AJ24: =IF(AND(R24>0,AF24>0),AF24/(R24),0) -> 0 | AK24: =IF(AND(S24>0,AG24>0),AG24/(S24),0) -> 0 | AL24: ='16'!I46 -> 42060.6 | AM24: =AL24+AM23 -> 321628.56 | AN24: =IF(AND(L24>0,AL24>0),(AL24/(P24*1000)*1000),0) -> 872.59035 | AO24: =IF(AND(M24>0,AM24>0),(AM24/(Q24*1000)*1000),0) -> 956.246 | AP24: =IF(AND(R24>0,AL24>0),(AL24/(R24*1000)*1000),0) -> 956.53143 | AQ24: =IF(AND(S24>0,AM24>0),(AM24/(S24*1000)*1000),0) -> 1054.6132 | AR24: =+Listrik!AA23 -> 0 | AS24: =AR24+AS23 -> 0 | AT24: =IF(AND(L24>0,AR24>0),(AR24/(P24*1000)*1000),0) -> 0 | AU24: =IF(AND(M24>0,AS24>0),(AS24/(Q24*1000)*1000),0) -> 0 | AV24: =IF(AND(R24>0,AR24>0),(AR24/(R24*1000)*1000),0) -> 0 | AW24: =IF(AND(S24>0,AS24>0),(AS24/(S24*1000)*1000),0) -> 0 | AY24: =+SUM(Efficiency2!K78:K80) -> 52.635924 | AZ24: =AZ23+AY24 -> 403.93854 | BA24: =+R24/AY24 -> 0.83539903 | BB24: =+S24/AZ24 -> 0.75499852
A25: =A24+1 -> 45947 | B25: Towel | C25: 18 | D25: =+'17'!F42 -> 1026.6667 | E25: =+'17'!G42 -> 776.93333 | F25: =1-(E25/D25) -> 0.24324675 | G25: =+P25/N25 -> 0.98365474 | H25: =+P25/L25 -> 0.97573482 | I25: =+R25/P25 -> 1.0814001 | J25: =+R25/L25 -> 1.0551598 | K25: =+S25/M25 -> 0.4045048 | L25: =+Efficiency1!K83 -> 52.175037 | M25: =M24+L25 -> 890.04135 | N25: =+Efficiency1!C83 -> 51.754948 | O25: =O24+N25 -> 866.65005 | P25: ='17'!I38 -> 50.909 | Q25: =Q24+P25 -> 387.254 | R25: ='17'!I40 -> 55.053 | S25: =S24+R25 -> 360.026 | T25: =+[1]Report1!AZ25 -> 4142.5594 | U25: =T25+U24 -> 34333.515 | V25: =T25/P25 -> 81.371847 | W25: =U25/Q25 -> 88.658904 | X25: =IF(AND(R25>0,T25>0),(T25/(R25*1000))*1000,0) -> 75.246751 | Y25: =IF(AND(S25>0,U25>0),U25/S25,0) -> 95.363989 | Z25: 104.6 | AA25: =Z25+AA24 -> 841.4 | AB25: =Z25/(P25) -> 2.0546465 | AC25: =AA25/(Q25) -> 2.1727342 | AD25: =IF(AND(R25>0,Z25>0),Z25/(R25),0) -> 1.8999873 | AE25: =IF(AND(S25>0,AA25>0),AA25/(S25),0) -> 2.3370534 | AF25: 0 | AG25: =+AF25+AG24 -> 0 | AH25: =AF25/(P25) -> 0 | AI25: =AG25/(Q25) -> 0 | AJ25: =IF(AND(R25>0,AF25>0),AF25/(R25),0) -> 0 | AK25: =IF(AND(S25>0,AG25>0),AG25/(S25),0) -> 0 | AL25: ='17'!I46 -> 44528.14 | AM25: =AL25+AM24 -> 366156.7 | AN25: =IF(AND(L25>0,AL25>0),(AL25/(P25*1000)*1000),0) -> 874.66145 | AO25: =IF(AND(M25>0,AM25>0),(AM25/(Q25*1000)*1000),0) -> 945.52078 | AP25: =IF(AND(R25>0,AL25>0),(AL25/(R25*1000)*1000),0) -> 808.82313 | AQ25: =IF(AND(S25>0,AM25>0),(AM25/(S25*1000)*1000),0) -> 1017.0285 | AR25: =+Listrik!AA24 -> 0 | AS25: =AR25+AS24 -> 0 | AT25: =IF(AND(L25>0,AR25>0),(AR25/(P25*1000)*1000),0) -> 0 | AU25: =IF(AND(M25>0,AS25>0),(AS25/(Q25*1000)*1000),0) -> 0 | AV25: =IF(AND(R25>0,AR25>0),(AR25/(R25*1000)*1000),0) -> 0 | AW25: =IF(AND(S25>0,AS25>0),(AS25/(S25*1000)*1000),0) -> 0 | AY25: =+Efficiency2!K83 -> 52.175037 | AZ25: =AZ24+AY25 -> 456.11358 | BA25: =+R25/AY25 -> 1.0551598 | BB25: =+S25/AZ25 -> 0.7893341
A26: =A25+1 -> 45948 | B26: Towel | C26: 18 | D26: =+'18'!F42 -> 1020.7083 | E26: =+'18'!G42 -> 765.52417 | F26: =1-(E26/D26) -> 0.25000694 | G26: =+P26/N26 -> 0.91014925 | H26: =+P26/L26 -> 0.89757326 | I26: =+R26/P26 -> 1.0348394 | J26: =+R26/L26 -> 0.92884416 | K26: =+S26/M26 -> 0.4332951 | L26: =+Efficiency1!K87 -> 51.709428 | M26: =M25+L26 -> 941.75078 | N26: =+Efficiency1!C87 -> 50.994933 | O26: =O25+N26 -> 917.64498 | P26: ='18'!I38 -> 46.413 | Q26: =Q25+P26 -> 433.667 | R26: ='18'!I40 -> 48.03 | S26: =S25+R26 -> 408.056 | T26: =+[1]Report1!AZ26 -> 3881.8829 | U26: =T26+U25 -> 38215.398 | V26: =T26/P26 -> 83.637837 | W26: =U26/Q26 -> 88.121527 | X26: =IF(AND(R26>0,T26>0),(T26/(R26*1000))*1000,0) -> 80.822047 | Y26: =IF(AND(S26>0,U26>0),U26/S26,0) -> 93.652338 | Z26: 102.8 | AA26: =Z26+AA25 -> 944.2 | AB26: =Z26/(P26) -> 2.2148967 | AC26: =AA26/(Q26) -> 2.1772466 | AD26: =IF(AND(R26>0,Z26>0),Z26/(R26),0) -> 2.140329 | AE26: =IF(AND(S26>0,AA26>0),AA26/(S26),0) -> 2.3138981 | AF26: 0 | AG26: =+AF26+AG25 -> 0 | AH26: =AF26/(P26) -> 0 | AI26: =AG26/(Q26) -> 0 | AJ26: =IF(AND(R26>0,AF26>0),AF26/(R26),0) -> 0 | AK26: =IF(AND(S26>0,AG26>0),AG26/(S26),0) -> 0 | AL26: ='18'!I46 -> 46691.97 | AM26: =AL26+AM25 -> 412848.67 | AN26: =IF(AND(L26>0,AL26>0),(AL26/(P26*1000)*1000),0) -> 1006.0106 | AO26: =IF(AND(M26>0,AM26>0),(AM26/(Q26*1000)*1000),0) -> 951.99467 | AP26: =IF(AND(R26>0,AL26>0),(AL26/(R26*1000)*1000),0) -> 972.14179 | AQ26: =IF(AND(S26>0,AM26>0),(AM26/(S26*1000)*1000),0) -> 1011.7451 | AR26: =+Listrik!AA25 -> 0 | AS26: =AR26+AS25 -> 0 | AT26: =IF(AND(L26>0,AR26>0),(AR26/(P26*1000)*1000),0) -> 0 | AU26: =IF(AND(M26>0,AS26>0),(AS26/(Q26*1000)*1000),0) -> 0 | AV26: =IF(AND(R26>0,AR26>0),(AR26/(R26*1000)*1000),0) -> 0 | AW26: =IF(AND(S26>0,AS26>0),(AS26/(S26*1000)*1000),0) -> 0 | AY26: =+Efficiency2!K87 -> 51.709428 | AZ26: =AZ25+AY26 -> 507.82301 | BA26: =+R26/AY26 -> 0.92884416 | BB26: =+S26/AZ26 -> 0.80353981
A27: =A26+1 -> 45949 | B27: Towel | C27: 18 | D27: =+'19'!F42 -> 1017.6681 | E27: =+'19'!G42 -> 775.69032 | F27: =1-(E27/D27) -> 0.23777675 | G27: =+P27/N27 -> 0.943429 | H27: =+P27/L27 -> 0.92763056 | I27: =+R27/P27 -> 0.93659357 | J27: =+R27/L27 -> 0.86881282 | K27: =+S27/M27 -> 0.45631364 | L27: =+Efficiency1!K91 -> 52.552171 | M27: =M26+L27 -> 994.30295 | N27: =+Efficiency1!C91 -> 51.672145 | O27: =O26+N27 -> 969.31713 | P27: ='19'!I38 -> 48.749 | Q27: =Q26+P27 -> 482.416 | R27: ='19'!I40 -> 45.658 | S27: =S26+R27 -> 453.714 | T27: =+[1]Report1!AZ27 -> 4757.3024 | U27: =T27+U26 -> 42972.701 | V27: =T27/P27 -> 97.587693 | W27: =U27/Q27 -> 89.0781 | X27: =IF(AND(R27>0,T27>0),(T27/(R27*1000))*1000,0) -> 104.19428 | Y27: =IF(AND(S27>0,U27>0),U27/S27,0) -> 94.713191 | Z27: 102.9 | AA27: =Z27+AA26 -> 1047.1 | AB27: =Z27/(P27) -> 2.1108125 | AC27: =AA27/(Q27) -> 2.1705333 | AD27: =IF(AND(R27>0,Z27>0),Z27/(R27),0) -> 2.2537124 | AE27: =IF(AND(S27>0,AA27>0),AA27/(S27),0) -> 2.3078415 | AF27: 0 | AG27: =+AF27+AG26 -> 0 | AH27: =AF27/(P27) -> 0 | AI27: =AG27/(Q27) -> 0 | AJ27: =IF(AND(R27>0,AF27>0),AF27/(R27),0) -> 0 | AK27: =IF(AND(S27>0,AG27>0),AG27/(S27),0) -> 0 | AL27: ='19'!I46 -> 39424.87 | AM27: =AL27+AM26 -> 452273.54 | AN27: =IF(AND(L27>0,AL27>0),(AL27/(P27*1000)*1000),0) -> 808.73187 | AO27: =IF(AND(M27>0,AM27>0),(AM27/(Q27*1000)*1000),0) -> 937.51771 | AP27: =IF(AND(R27>0,AL27>0),(AL27/(R27*1000)*1000),0) -> 863.48219 | AQ27: =IF(AND(S27>0,AM27>0),(AM27/(S27*1000)*1000),0) -> 996.82519 | AR27: =+Listrik!AA26 -> 0 | AS27: =AR27+AS26 -> 0 | AT27: =IF(AND(L27>0,AR27>0),(AR27/(P27*1000)*1000),0) -> 0 | AU27: =IF(AND(M27>0,AS27>0),(AS27/(Q27*1000)*1000),0) -> 0 | AV27: =IF(AND(R27>0,AR27>0),(AR27/(R27*1000)*1000),0) -> 0 | AW27: =IF(AND(S27>0,AS27>0),(AS27/(S27*1000)*1000),0) -> 0 | AY27: =+Efficiency2!K91 -> 52.552171 | AZ27: =AZ26+AY27 -> 560.37518 | BA27: =+R27/AY27 -> 0.86881282 | BB27: =+S27/AZ27 -> 0.80966113
A28: =A27+1 -> 45950 | B28: Towel | C28: 18 | D28: =+'20'!F42 -> 1013.3333 | E28: =+'20'!G42 -> 770.13333 | F28: =1-(E28/D28) -> 0.24 | G28: =+P28/N28 -> 0.9639201 | H28: =+P28/L28 -> 0.94374142 | I28: =+R28/P28 -> 0.98964632 | J28: =+R28/L28 -> 0.93397022 | K28: =+S28/M28 -> 0.48022558 | L28: =+Efficiency1!K95 -> 52.398887 | M28: =M27+L28 -> 1046.7018 | N28: =+Efficiency1!C95 -> 51.30197 | O28: =O27+N28 -> 1020.6191 | P28: ='20'!I38 -> 49.451 | Q28: =Q27+P28 -> 531.867 | R28: ='20'!I40 -> 48.939 | S28: =S27+R28 -> 502.653 | T28: =+[1]Report1!AZ28 -> 4568.7659 | U28: =T28+U27 -> 47541.467 | V28: =T28/P28 -> 92.389758 | W28: =U28/Q28 -> 89.386006 | X28: =IF(AND(R28>0,T28>0),(T28/(R28*1000))*1000,0) -> 93.35634 | Y28: =IF(AND(S28>0,U28>0),U28/S28,0) -> 94.581086 | Z28: 102.9 | AA28: =Z28+AA27 -> 1150 | AB28: =Z28/(P28) -> 2.0808477 | AC28: =AA28/(Q28) -> 2.1621947 | AD28: =IF(AND(R28>0,Z28>0),Z28/(R28),0) -> 2.1026175 | AE28: =IF(AND(S28>0,AA28>0),AA28/(S28),0) -> 2.2878606 | AF28: 0 | AG28: =+AF28+AG27 -> 0 | AH28: =AF28/(P28) -> 0 | AI28: =AG28/(Q28) -> 0 | AJ28: =IF(AND(R28>0,AF28>0),AF28/(R28),0) -> 0 | AK28: =IF(AND(S28>0,AG28>0),AG28/(S28),0) -> 0 | AL28: ='20'!I46 -> 40537.83 | AM28: =AL28+AM27 -> 492811.37 | AN28: =IF(AND(L28>0,AL28>0),(AL28/(P28*1000)*1000),0) -> 819.75754 | AO28: =IF(AND(M28>0,AM28>0),(AM28/(Q28*1000)*1000),0) -> 926.56881 | AP28: =IF(AND(R28>0,AL28>0),(AL28/(R28*1000)*1000),0) -> 828.33384 | AQ28: =IF(AND(S28>0,AM28>0),(AM28/(S28*1000)*1000),0) -> 980.42063 | AR28: =+Listrik!AA27 -> 0 | AS28: =AR28+AS27 -> 0 | AT28: =IF(AND(L28>0,AR28>0),(AR28/(P28*1000)*1000),0) -> 0 | AU28: =IF(AND(M28>0,AS28>0),(AS28/(Q28*1000)*1000),0) -> 0 | AV28: =IF(AND(R28>0,AR28>0),(AR28/(R28*1000)*1000),0) -> 0 | AW28: =IF(AND(S28>0,AS28>0),(AS28/(S28*1000)*1000),0) -> 0 | AY28: =+Efficiency2!K95 -> 52.398887 | AZ28: =AZ27+AY28 -> 612.77406 | BA28: =+R28/AY28 -> 0.93397022 | BB28: =+S28/AZ28 -> 0.82029092
A29: =A28+1 -> 45951 | B29: Towel/Facial/Toilet | C29: 18/15/12 | D29: =+'21'!F42 -> 1258.9259 | E29: =+'21'!G42 -> 925.19089 | F29: =1-(E29/D29) -> 0.26509505 | G29: =+P29/N29 -> 0.87947368 | H29: =+P29/L29 -> 0.86180515 | I29: =+R29/P29 -> 0.94613866 | J29: =+R29/L29 -> 0.81538717 | K29: =+S29/M29 -> 0.49463715 | L29: =+SUM(Efficiency1!K99:K102) -> 47.029192 | M29: =M28+L29 -> 1093.731 | N29: =+SUM(Efficiency1!C99:C102) -> 46.084381 | O29: =O28+N29 -> 1066.7035 | P29: ='21'!I38 -> 40.53 | Q29: =Q28+P29 -> 572.397 | R29: ='21'!I40 -> 38.347 | S29: =S28+R29 -> 541 | T29: =+[1]Report1!AZ29 -> 4524.8061 | U29: =T29+U28 -> 52066.273 | V29: =T29/P29 -> 111.64091 | W29: =U29/Q29 -> 90.96182 | X29: =IF(AND(R29>0,T29>0),(T29/(R29*1000))*1000,0) -> 117.99635 | Y29: =IF(AND(S29>0,U29>0),U29/S29,0) -> 96.2408 | Z29: 91.8 | AA29: =Z29+AA28 -> 1241.8 | AB29: =Z29/(P29) -> 2.2649889 | AC29: =AA29/(Q29) -> 2.1694733 | AD29: =IF(AND(R29>0,Z29>0),Z29/(R29),0) -> 2.3939291 | AE29: =IF(AND(S29>0,AA29>0),AA29/(S29),0) -> 2.2953789 | AF29: 0 | AG29: =+AF29+AG28 -> 0 | AH29: =AF29/(P29) -> 0 | AI29: =AG29/(Q29) -> 0 | AJ29: =IF(AND(R29>0,AF29>0),AF29/(R29),0) -> 0 | AK29: =IF(AND(S29>0,AG29>0),AG29/(S29),0) -> 0 | AL29: ='21'!I46 -> 41992.29 | AM29: =AL29+AM28 -> 534803.66 | AN29: =IF(AND(L29>0,AL29>0),(AL29/(P29*1000)*1000),0) -> 1036.0792 | AO29: =IF(AND(M29>0,AM29>0),(AM29/(Q29*1000)*1000),0) -> 934.32297 | AP29: =IF(AND(R29>0,AL29>0),(AL29/(R29*1000)*1000),0) -> 1095.0606 | AQ29: =IF(AND(S29>0,AM29>0),(AM29/(S29*1000)*1000),0) -> 988.54651 | AR29: =+Listrik!AA28 -> 0 | AS29: =AR29+AS28 -> 0 | AT29: =IF(AND(L29>0,AR29>0),(AR29/(P29*1000)*1000),0) -> 0 | AU29: =IF(AND(M29>0,AS29>0),(AS29/(Q29*1000)*1000),0) -> 0 | AV29: =IF(AND(R29>0,AR29>0),(AR29/(R29*1000)*1000),0) -> 0 | AW29: =IF(AND(S29>0,AS29>0),(AS29/(S29*1000)*1000),0) -> 0 | AY29: =+SUM(Efficiency2!K99:K101) -> 47.029192 | AZ29: =AZ28+AY29 -> 659.80326 | BA29: =+R29/AY29 -> 0.81538717 | BB29: =+S29/AZ29 -> 0.81994139
A30: =A29+1 -> 45952 | B30: Toilet/Facial | C30: 12/12/12,5 | D30: =+'22'!F42 -> 1341.6667 | E30: =+'22'!G42 -> 997.16667 | F30: =1-(E30/D30) -> 0.25677019 | G30: =+P30/N30 -> 0.90230942 | H30: =+P30/L30 -> 0.89684375 | I30: =+R30/P30 -> 0.92599917 | J30: =+R30/L30 -> 0.83047657 | K30: =+S30/M30 -> 0.50809847 | L30: =+SUM(Efficiency1!K104:K106) -> 45.670163 | M30: =M29+L30 -> 1139.4012 | N30: =+SUM(Efficiency1!C104:C106) -> 45.393519 | O30: =O29+N30 -> 1112.097 | P30: ='22'!I38 -> 40.959 | Q30: =Q29+P30 -> 613.356 | R30: ='22'!I40 -> 37.928 | S30: =S29+R30 -> 578.928 | T30: =+[1]Report1!AZ30 -> 4602.2886 | U30: =T30+U29 -> 56668.561 | V30: =T30/P30 -> 112.3633 | W30: =U30/Q30 -> 92.390979 | X30: =IF(AND(R30>0,T30>0),(T30/(R30*1000))*1000,0) -> 121.34277 | Y30: =IF(AND(S30>0,U30>0),U30/S30,0) -> 97.885335 | Z30: 91.4 | AA30: =Z30+AA29 -> 1333.2 | AB30: =Z30/(P30) -> 2.2314998 | AC30: =AA30/(Q30) -> 2.1736153 | AD30: =IF(AND(R30>0,Z30>0),Z30/(R30),0) -> 2.4098291 | AE30: =IF(AND(S30>0,AA30>0),AA30/(S30),0) -> 2.302877 | AF30: 0 | AG30: =+AF30+AG29 -> 0 | AH30: =AF30/(P30) -> 0 | AI30: =AG30/(Q30) -> 0 | AJ30: =IF(AND(R30>0,AF30>0),AF30/(R30),0) -> 0 | AK30: =IF(AND(S30>0,AG30>0),AG30/(S30),0) -> 0 | AL30: ='22'!I46 -> 42396.22 | AM30: =AL30+AM29 -> 577199.88 | AN30: =IF(AND(L30>0,AL30>0),(AL30/(P30*1000)*1000),0) -> 1035.0892 | AO30: =IF(AND(M30>0,AM30>0),(AM30/(Q30*1000)*1000),0) -> 941.05199 | AP30: =IF(AND(R30>0,AL30>0),(AL30/(R30*1000)*1000),0) -> 1117.808 | AQ30: =IF(AND(S30>0,AM30>0),(AM30/(S30*1000)*1000),0) -> 997.01497 | AR30: =+Listrik!AA29 -> 0 | AS30: =AR30+AS29 -> 0 | AT30: =IF(AND(L30>0,AR30>0),(AR30/(P30*1000)*1000),0) -> 0 | AU30: =IF(AND(M30>0,AS30>0),(AS30/(Q30*1000)*1000),0) -> 0 | AV30: =IF(AND(R30>0,AR30>0),(AR30/(R30*1000)*1000),0) -> 0 | AW30: =IF(AND(S30>0,AS30>0),(AS30/(S30*1000)*1000),0) -> 0 | AY30: =+SUM(Efficiency2!K104:K106) -> 45.670163 | AZ30: =AZ29+AY30 -> 705.47342 | BA30: =+R30/AY30 -> 0.83047657 | BB30: =+S30/AZ30 -> 0.82062341
A31: =A30+1 -> 45953 | B31: Toilet | C31: 12,5/13/14,5 | D31: =+'23'!F42 -> 1287.7431 | E31: =+'23'!G42 -> 974.14062 | F31: =1-(E31/D31) -> 0.24352873 | G31: =+P31/N31 -> 0.95729036 | H31: =+P31/L31 -> 0.95254788 | I31: =+R31/P31 -> 0.87211536 | J31: =+R31/L31 -> 0.83073164 | K31: =+S31/M31 -> 0.52187275 | L31: =+SUM(Efficiency1!K108:K110) -> 50.814243 | M31: =M30+L31 -> 1190.2154 | N31: =+SUM(Efficiency1!C108:C110) -> 50.562506 | O31: =O30+N31 -> 1162.6595 | P31: ='23'!I38 -> 48.403 | Q31: =Q30+P31 -> 661.759 | R31: ='23'!I40 -> 42.213 | S31: =S30+R31 -> 621.141 | T31: =+[1]Report1!AZ31 -> 4680.104 | U31: =T31+U30 -> 61348.665 | V31: =T31/P31 -> 96.690371 | W31: =U31/Q31 -> 92.705449 | X31: =IF(AND(R31>0,T31>0),(T31/(R31*1000))*1000,0) -> 110.86879 | Y31: =IF(AND(S31>0,U31>0),U31/S31,0) -> 98.767696 | Z31: 96.3 | AA31: =Z31+AA30 -> 1429.5 | AB31: =Z31/(P31) -> 1.9895461 | AC31: =AA31/(Q31) -> 2.160152 | AD31: =IF(AND(R31>0,Z31>0),Z31/(R31),0) -> 2.2812878 | AE31: =IF(AND(S31>0,AA31>0),AA31/(S31),0) -> 2.3014098 | AF31: 0 | AG31: =+AF31+AG30 -> 0 | AH31: =AF31/(P31) -> 0 | AI31: =AG31/(Q31) -> 0 | AJ31: =IF(AND(R31>0,AF31>0),AF31/(R31),0) -> 0 | AK31: =IF(AND(S31>0,AG31>0),AG31/(S31),0) -> 0 | AL31: ='23'!I46 -> 44425.91 | AM31: =AL31+AM30 -> 621625.79 | AN31: =IF(AND(L31>0,AL31>0),(AL31/(P31*1000)*1000),0) -> 917.83381 | AO31: =IF(AND(M31>0,AM31>0),(AM31/(Q31*1000)*1000),0) -> 939.35374 | AP31: =IF(AND(R31>0,AL31>0),(AL31/(R31*1000)*1000),0) -> 1052.4225 | AQ31: =IF(AND(S31>0,AM31>0),(AM31/(S31*1000)*1000),0) -> 1000.7805 | AR31: =+Listrik!AA30 -> 0 | AS31: =AR31+AS30 -> 0 | AT31: =IF(AND(L31>0,AR31>0),(AR31/(P31*1000)*1000),0) -> 0 | AU31: =IF(AND(M31>0,AS31>0),(AS31/(Q31*1000)*1000),0) -> 0 | AV31: =IF(AND(R31>0,AR31>0),(AR31/(R31*1000)*1000),0) -> 0 | AW31: =IF(AND(S31>0,AS31>0),(AS31/(S31*1000)*1000),0) -> 0 | AY31: =+SUM(Efficiency2!K108:K110) -> 50.814243 | AZ31: =AZ30+AY31 -> 756.28766 | BA31: =+R31/AY31 -> 0.83073164 | BB31: =+S31/AZ31 -> 0.82130257
A32: =A31+1 -> 45954 | B32: Toilet/Facial | C32: 14,5/12/16 | D32: =+'24'!F42 -> 1280.5556 | E32: =+'24'!G42 -> 958.20833 | F32: =1-(E32/D32) -> 0.25172451 | G32: =+P32/N32 -> 0.85931236 | H32: =+P32/L32 -> 0.83552534 | I32: =+R32/P32 -> 0.96578671 | J32: =+R32/L32 -> 0.80693927 | K32: =+S32/M32 -> 0.53287601 | L32: =+SUM(Efficiency1!K112:K114) -> 47.785504 | M32: =M31+L32 -> 1238.0009 | N32: =+SUM(Efficiency1!C112:C114) -> 46.462732 | O32: =O31+N32 -> 1209.1222 | P32: ='24'!I38 -> 39.926 | Q32: =Q31+P32 -> 701.685 | R32: ='24'!I40 -> 38.56 | S32: =S31+R32 -> 659.701 | T32: =+[1]Report1!AZ32 -> 4262.64 | U32: =T32+U31 -> 65611.305 | V32: =T32/P32 -> 106.76351 | W32: =U32/Q32 -> 93.505355 | X32: =IF(AND(R32>0,T32>0),(T32/(R32*1000))*1000,0) -> 110.54564 | Y32: =IF(AND(S32>0,U32>0),U32/S32,0) -> 99.456125 | Z32: 89.9 | AA32: =Z32+AA31 -> 1519.4 | AB32: =Z32/(P32) -> 2.2516656 | AC32: =AA32/(Q32) -> 2.1653591 | AD32: =IF(AND(R32>0,Z32>0),Z32/(R32),0) -> 2.3314315 | AE32: =IF(AND(S32>0,AA32>0),AA32/(S32),0) -> 2.3031646 | AF32: 0 | AG32: =+AF32+AG31 -> 0 | AH32: =AF32/(P32) -> 0 | AI32: =AG32/(Q32) -> 0 | AJ32: =IF(AND(R32>0,AF32>0),AF32/(R32),0) -> 0 | AK32: =IF(AND(S32>0,AG32>0),AG32/(S32),0) -> 0 | AL32: =+'24'!I46 -> 44988.19 | AM32: =AL32+AM31 -> 666613.98 | AN32: =IF(AND(L32>0,AL32>0),(AL32/(P32*1000)*1000),0) -> 1126.7893 | AO32: =IF(AND(M32>0,AM32>0),(AM32/(Q32*1000)*1000),0) -> 950.01886 | AP32: =IF(AND(R32>0,AL32>0),(AL32/(R32*1000)*1000),0) -> 1166.7062 | AQ32: =IF(AND(S32>0,AM32>0),(AM32/(S32*1000)*1000),0) -> 1010.479 | AR32: =+Listrik!AA31 -> 0 | AS32: =AR32+AS31 -> 0 | AT32: =IF(AND(L32>0,AR32>0),(AR32/(P32*1000)*1000),0) -> 0 | AU32: =IF(AND(M32>0,AS32>0),(AS32/(Q32*1000)*1000),0) -> 0 | AV32: =IF(AND(R32>0,AR32>0),(AR32/(R32*1000)*1000),0) -> 0 | AW32: =IF(AND(S32>0,AS32>0),(AS32/(S32*1000)*1000),0) -> 0 | AY32: =+SUM(Efficiency2!K112:K114) -> 46.280138 | AZ32: =AZ31+AY32 -> 802.5678 | BA32: =+R32/AY32 -> 0.8331868 | BB32: =+S32/AZ32 -> 0.82198787
A33: =A32+1 -> 45955 | B33: Facial/Toilet | C33: 12/13 | D33: =+'25'!F42 -> 1214.2662 | E33: =+'25'!G42 -> 939.57873 | F33: =1-(E33/D33) -> 0.22621685 | G33: =+P33/N33 -> 0.67063396 | H33: =+P33/L33 -> 0.60240319 | I33: =+R33/P33 -> 0.77070424 | J33: =+R33/L33 -> 0.4642747 | K33: =+S33/M33 -> 0.5302216 | L33: =+SUM(Efficiency1!K117:K118) -> 49.830413 | M33: =M32+L33 -> 1287.8314 | N33: =+SUM(Efficiency1!C117:C118) -> 44.760632 | O33: =O32+N33 -> 1253.8829 | P33: ='25'!I38 -> 30.018 | Q33: =Q32+P33 -> 731.703 | R33: ='25'!I40 -> 23.135 | S33: =S32+R33 -> 682.836 | T33: =+[1]Report1!AZ33 -> 3112.4447 | U33: =T33+U32 -> 68723.75 | V33: =T33/P33 -> 103.68595 | W33: =U33/Q33 -> 93.923013 | X33: =IF(AND(R33>0,T33>0),(T33/(R33*1000))*1000,0) -> 134.53403 | Y33: =IF(AND(S33>0,U33>0),U33/S33,0) -> 100.64459 | Z33: 87.7 | AA33: =Z33+AA32 -> 1607.1 | AB33: =Z33/(P33) -> 2.9215804 | AC33: =AA33/(Q33) -> 2.196383 | AD33: =IF(AND(R33>0,Z33>0),Z33/(R33),0) -> 3.7907932 | AE33: =IF(AND(S33>0,AA33>0),AA33/(S33),0) -> 2.3535666 | AF33: 0 | AG33: =+AF33+AG32 -> 0 | AH33: =AF33/(P33) -> 0 | AI33: =AG33/(Q33) -> 0 | AJ33: =IF(AND(R33>0,AF33>0),AF33/(R33),0) -> 0 | AK33: =IF(AND(S33>0,AG33>0),AG33/(S33),0) -> 0 | AL33: =+'25'!I46 -> 42685.96 | AM33: =AL33+AM32 -> 709299.94 | AN33: =IF(AND(L33>0,AL33>0),(AL33/(P33*1000)*1000),0) -> 1422.0121 | AO33: =IF(AND(M33>0,AM33>0),(AM33/(Q33*1000)*1000),0) -> 969.38231 | AP33: =IF(AND(R33>0,AL33>0),(AL33/(R33*1000)*1000),0) -> 1845.0815 | AQ33: =IF(AND(S33>0,AM33>0),(AM33/(S33*1000)*1000),0) -> 1038.7559 | AR33: =+Listrik!AA32 -> 0 | AS33: =AR33+AS32 -> 0 | AT33: =IF(AND(L33>0,AR33>0),(AR33/(P33*1000)*1000),0) -> 0 | AU33: =IF(AND(M33>0,AS33>0),(AS33/(Q33*1000)*1000),0) -> 0 | AV33: =IF(AND(R33>0,AR33>0),(AR33/(R33*1000)*1000),0) -> 0 | AW33: =IF(AND(S33>0,AS33>0),(AS33/(S33*1000)*1000),0) -> 0 | AY33: =+SUM(Efficiency2!K117:K118) -> 49.830413 | AZ33: =AZ32+AY33 -> 852.39821 | BA33: =+R33/AY33 -> 0.4642747 | BB33: =+S33/AZ33 -> 0.80107629
A34: =A33+1 -> 45956 | B34: Toilet | C34: 13 | D34: =+'26'!F42 -> 799.0625 | E34: =+'26'!G42 -> 600.65573 | F34: =1-(E34/D34) -> 0.24829944 | G34: =+P34/N34 -> 1.2361673 | H34: =+P34/L34 -> 0.73168512 | I34: =+R34/P34 -> 0.67604409 | J34: =+R34/L34 -> 0.4946514 | K34: =+S34/M34 -> 0.52892481 | L34: =+Efficiency1!K122 -> 48.727245 | M34: =M33+L34 -> 1336.5586 | N34: =+Efficiency1!C122 -> 28.841566 | O34: =O33+N34 -> 1282.7244 | P34: ='26'!I38 -> 35.653 | Q34: =Q33+P34 -> 767.356 | R34: ='26'!I40 -> 24.103 | S34: =S33+R34 -> 706.939 | T34: =+[1]Report1!AZ34 -> 1235.1013 | U34: =T34+U33 -> 69958.851 | V34: =T34/P34 -> 34.642283 | W34: =U34/Q34 -> 91.168703 | X34: =IF(AND(R34>0,T34>0),(T34/(R34*1000))*1000,0) -> 51.242639 | Y34: =IF(AND(S34>0,U34>0),U34/S34,0) -> 98.960238 | Z34: 79.2 | AA34: =Z34+AA33 -> 1686.3 | AB34: =Z34/(P34) -> 2.2214119 | AC34: =AA34/(Q34) -> 2.1975459 | AD34: =IF(AND(R34>0,Z34>0),Z34/(R34),0) -> 3.285898 | AE34: =IF(AND(S34>0,AA34>0),AA34/(S34),0) -> 2.3853543 | AF34: 0 | AG34: =+AF34+AG33 -> 0 | AH34: =AF34/(P34) -> 0 | AI34: =AG34/(Q34) -> 0 | AJ34: =IF(AND(R34>0,AF34>0),AF34/(R34),0) -> 0 | AK34: =IF(AND(S34>0,AG34>0),AG34/(S34),0) -> 0 | AL34: ='26'!I46 -> 32910.33 | AM34: =AL34+AM33 -> 742210.27 | AN34: =IF(AND(L34>0,AL34>0),(AL34/(P34*1000)*1000),0) -> 923.07323 | AO34: =IF(AND(M34>0,AM34>0),(AM34/(Q34*1000)*1000),0) -> 967.23069 | AP34: =IF(AND(R34>0,AL34>0),(AL34/(R34*1000)*1000),0) -> 1365.4039 | AQ34: =IF(AND(S34>0,AM34>0),(AM34/(S34*1000)*1000),0) -> 1049.893 | AR34: =+Listrik!AA33 -> 0 | AS34: =AR34+AS33 -> 0 | AT34: =IF(AND(L34>0,AR34>0),(AR34/(P34*1000)*1000),0) -> 0 | AU34: =IF(AND(M34>0,AS34>0),(AS34/(Q34*1000)*1000),0) -> 0 | AV34: =IF(AND(R34>0,AR34>0),(AR34/(R34*1000)*1000),0) -> 0 | AW34: =IF(AND(S34>0,AS34>0),(AS34/(S34*1000)*1000),0) -> 0 | AY34: =+Efficiency2!K122 -> 28.841566 | AZ34: =AZ33+AY34 -> 881.23978 | BA34: =+R34/AY34 -> 0.83570358 | BB34: =+S34/AZ34 -> 0.80220959
A35: =A34+1 -> 45957 | B35: Toilet | C35: 13 | D35: =+'27'!F42 -> 1310.9076 | E35: =+'27'!G42 -> 1009.3988 | F35: =1-(E35/D35) -> 0.23 | G35: =+P35/N35 -> 0.7117192 | H35: =+P35/L35 -> 0.6911097 | I35: =+R35/P35 -> 0.81145704 | J35: =+R35/L35 -> 0.56080583 | K35: =+S35/M35 -> 0.530054 | L35: =+Efficiency1!K126 -> 49.077592 | M35: =M34+L35 -> 1385.6362 | N35: =+Efficiency1!C126 -> 47.656435 | O35: =O34+N35 -> 1330.3809 | P35: ='27'!I38 -> 33.918 | Q35: =Q34+P35 -> 801.274 | R35: ='27'!I40 -> 27.523 | S35: =S34+R35 -> 734.462 | T35: =+[1]Report1!AZ35 -> 3279.5542 | U35: =T35+U34 -> 73238.406 | V35: =T35/P35 -> 96.690673 | W35: =U35/Q35 -> 91.402449 | X35: =IF(AND(R35>0,T35>0),(T35/(R35*1000))*1000,0) -> 119.15686 | Y35: =IF(AND(S35>0,U35>0),U35/S35,0) -> 99.71708 | Z35: 78.7 | AA35: =Z35+AA34 -> 1765 | AB35: =Z35/(P35) -> 2.3203019 | AC35: =AA35/(Q35) -> 2.2027421 | AD35: =IF(AND(R35>0,Z35>0),Z35/(R35),0) -> 2.8594267 | AE35: =IF(AND(S35>0,AA35>0),AA35/(S35),0) -> 2.4031196 | AF35: 0 | AG35: =+AF35+AG34 -> 0 | AH35: =AF35/(P35) -> 0 | AI35: =AG35/(Q35) -> 0 | AJ35: =IF(AND(R35>0,AF35>0),AF35/(R35),0) -> 0 | AK35: =IF(AND(S35>0,AG35>0),AG35/(S35),0) -> 0 | AL35: ='27'!I46 -> 36787.73 | AM35: =AL35+AM34 -> 778998 | AN35: =IF(AND(L35>0,AL35>0),(AL35/(P35*1000)*1000),0) -> 1084.6079 | AO35: =IF(AND(M35>0,AM35>0),(AM35/(Q35*1000)*1000),0) -> 972.19928 | AP35: =IF(AND(R35>0,AL35>0),(AL35/(R35*1000)*1000),0) -> 1336.6177 | AQ35: =IF(AND(S35>0,AM35>0),(AM35/(S35*1000)*1000),0) -> 1060.6376 | AR35: =+Listrik!AA34 -> 0 | AS35: =AR35+AS34 -> 0 | AT35: =IF(AND(L35>0,AR35>0),(AR35/(P35*1000)*1000),0) -> 0 | AU35: =IF(AND(M35>0,AS35>0),(AS35/(Q35*1000)*1000),0) -> 0 | AV35: =IF(AND(R35>0,AR35>0),(AR35/(R35*1000)*1000),0) -> 0 | AW35: =IF(AND(S35>0,AS35>0),(AS35/(S35*1000)*1000),0) -> 0 | AY35: =+Efficiency2!K126 -> 49.077592 | AZ35: =AZ34+AY35 -> 930.31737 | BA35: =+R35/AY35 -> 0.56080583 | BB35: =+S35/AZ35 -> 0.78947467
A36: =A35+1 -> 45958 | B36: Toilet | C36: 13 | D36: =+'28'!F42 -> 1306.6667 | E36: =+'28'!G42 -> 1006.1333 | F36: =1-(E36/D36) -> 0.23 | G36: =+P36/N36 -> 0.93828257 | H36: =+P36/L36 -> 0.90816486 | I36: =+R36/P36 -> 1.1401101 | J36: =+R36/L36 -> 1.0354079 | K36: =+S36/M36 -> 0.54731995 | L36: =+Efficiency1!K132 -> 49.016431 | M36: =M35+L36 -> 1434.6526 | N36: =+Efficiency1!C132 -> 47.443064 | O36: =O35+N36 -> 1377.8239 | P36: ='28'!I38 -> 44.515 | Q36: =Q35+P36 -> 845.789 | R36: ='28'!I40 -> 50.752 | S36: =S35+R36 -> 785.214 | T36: =+[1]Report1!AZ36 -> 3987.5155 | U36: =T36+U35 -> 77225.921 | V36: =T36/P36 -> 89.576895 | W36: =U36/Q36 -> 91.306367 | X36: =IF(AND(R36>0,T36>0),(T36/(R36*1000))*1000,0) -> 78.568637 | Y36: =IF(AND(S36>0,U36>0),U36/S36,0) -> 98.350158 | Z36: 91.8 | AA36: =Z36+AA35 -> 1856.8 | AB36: =Z36/(P36) -> 2.0622262 | AC36: =AA36/(Q36) -> 2.1953466 | AD36: =IF(AND(R36>0,Z36>0),Z36/(R36),0) -> 1.8087957 | AE36: =IF(AND(S36>0,AA36>0),AA36/(S36),0) -> 2.3647057 | AF36: 0 | AG36: =+AF36+AG35 -> 0 | AH36: =AF36/(P36) -> 0 | AI36: =AG36/(Q36) -> 0 | AJ36: =IF(AND(R36>0,AF36>0),AF36/(R36),0) -> 0 | AK36: =IF(AND(S36>0,AG36>0),AG36/(S36),0) -> 0 | AL36: ='28'!I46 -> 41213.17 | AM36: =AL36+AM35 -> 820211.17 | AN36: =IF(AND(L36>0,AL36>0),(AL36/(P36*1000)*1000),0) -> 925.82658 | AO36: =IF(AND(M36>0,AM36>0),(AM36/(Q36*1000)*1000),0) -> 969.75862 | AP36: =IF(AND(R36>0,AL36>0),(AL36/(R36*1000)*1000),0) -> 812.05017 | AQ36: =IF(AND(S36>0,AM36>0),(AM36/(S36*1000)*1000),0) -> 1044.5702 | AR36: =+Listrik!AA35 -> 0 | AS36: =AR36+AS35 -> 0 | AT36: =IF(AND(L36>0,AR36>0),(AR36/(P36*1000)*1000),0) -> 0 | AU36: =IF(AND(M36>0,AS36>0),(AS36/(Q36*1000)*1000),0) -> 0 | AV36: =IF(AND(R36>0,AR36>0),(AR36/(R36*1000)*1000),0) -> 0 | AW36: =IF(AND(S36>0,AS36>0),(AS36/(S36*1000)*1000),0) -> 0 | AY36: =+Efficiency2!K132 -> 49.016431 | AZ36: =AZ35+AY36 -> 979.3338 | BA36: =+R36/AY36 -> 1.0354079 | BB36: =+S36/AZ36 -> 0.80178382
A37: =A36+1 -> 45959 | B37: Toilet/Facial | C37: 13/13 | D37: =+'29'!F42 -> 1320.2431 | E37: =+'29'!G42 -> 1016.5872 | F37: =1-(E37/D37) -> 0.23 | G37: =+P37/N37 -> 0.95223449 | H37: =+P37/L37 -> 0.93125883 | I37: =+R37/P37 -> 0.89078026 | J37: =+R37/L37 -> 0.82954699 | K37: =+S37/M37 -> 0.55677131 | L37: =+SUM(Efficiency1!K136:K137) -> 49.709059 | M37: =M36+L37 -> 1484.3617 | N37: =+SUM(Efficiency1!C136:C137) -> 48.614076 | O37: =O36+N37 -> 1426.438 | P37: ='29'!I38 -> 46.292 | Q37: =Q36+P37 -> 892.081 | R37: ='29'!I40 -> 41.236 | S37: =S36+R37 -> 826.45 | T37: =+[1]Report1!AZ37 -> 4136.4004 | U37: =T37+U36 -> 81362.322 | V37: =T37/P37 -> 89.35454 | W37: =U37/Q37 -> 91.205083 | X37: =IF(AND(R37>0,T37>0),(T37/(R37*1000))*1000,0) -> 100.31042 | Y37: =IF(AND(S37>0,U37>0),U37/S37,0) -> 98.447966 | Z37: 93 | AA37: =Z37+AA36 -> 1949.8 | AB37: =Z37/(P37) -> 2.0089864 | AC37: =AA37/(Q37) -> 2.185676 | AD37: =IF(AND(R37>0,Z37>0),Z37/(R37),0) -> 2.2553109 | AE37: =IF(AND(S37>0,AA37>0),AA37/(S37),0) -> 2.3592474 | AF37: 0 | AG37: =+AF37+AG36 -> 0 | AH37: =AF37/(P37) -> 0 | AI37: =AG37/(Q37) -> 0 | AJ37: =IF(AND(R37>0,AF37>0),AF37/(R37),0) -> 0 | AK37: =IF(AND(S37>0,AG37>0),AG37/(S37),0) -> 0 | AL37: ='29'!I46 -> 44163.74 | AM37: =AL37+AM36 -> 864374.91 | AN37: =IF(AND(L37>0,AL37>0),(AL37/(P37*1000)*1000),0) -> 954.02532 | AO37: =IF(AND(M37>0,AM37>0),(AM37/(Q37*1000)*1000),0) -> 968.94218 | AP37: =IF(AND(R37>0,AL37>0),(AL37/(R37*1000)*1000),0) -> 1070.9996 | AQ37: =IF(AND(S37>0,AM37>0),(AM37/(S37*1000)*1000),0) -> 1045.8889 | AR37: =+Listrik!AA36 -> 0 | AS37: =AR37+AS36 -> 0 | AT37: =IF(AND(L37>0,AR37>0),(AR37/(P37*1000)*1000),0) -> 0 | AU37: =IF(AND(M37>0,AS37>0),(AS37/(Q37*1000)*1000),0) -> 0 | AV37: =IF(AND(R37>0,AR37>0),(AR37/(R37*1000)*1000),0) -> 0 | AW37: =IF(AND(S37>0,AS37>0),(AS37/(S37*1000)*1000),0) -> 0 | AY37: =+SUM(Efficiency2!K136:K137) -> 49.709059 | AZ37: =AZ36+AY37 -> 1029.0429 | BA37: =+R37/AY37 -> 0.82954699 | BB37: =+S37/AZ37 -> 0.80312495
A38: =A37+1 -> 45960 | B38: Toilet/Facial | C38: 13/12/16/14/13,5 | D38: =+'30'!F42 -> 1332.9861 | E38: =+'30'!G42 -> 1041.1826 | F38: =1-(E38/D38) -> 0.21890961 | G38: =+P38/N38 -> 0.90364721 | H38: =+P38/L38 -> 0.90131916 | I38: =+R38/P38 -> 0.81646035 | J38: =+R38/L38 -> 0.73589136 | K38: =+S38/M38 -> 0.56292283 | L38: =+SUM(Efficiency1!K141:K145) -> 52.790401 | M38: =M37+L38 -> 1537.1521 | N38: =+SUM(Efficiency1!C141:C145) -> 52.654398 | O38: =O37+N38 -> 1479.0924 | P38: ='30'!I38 -> 47.581 | Q38: =Q37+P38 -> 939.662 | R38: ='30'!I40 -> 38.848 | S38: =S37+R38 -> 865.298 | T38: =+[1]Report1!AZ38 -> 4105.0039 | U38: =T38+U37 -> 85467.325 | V38: =T38/P38 -> 86.274014 | W38: =U38/Q38 -> 90.955392 | X38: =IF(AND(R38>0,T38>0),(T38/(R38*1000))*1000,0) -> 105.66835 | Y38: =IF(AND(S38>0,U38>0),U38/S38,0) -> 98.772129 | Z38: 93.2 | AA38: =Z38+AA37 -> 2043 | AB38: =Z38/(P38) -> 1.9587651 | AC38: =AA38/(Q38) -> 2.174186 | AD38: =IF(AND(R38>0,Z38>0),Z38/(R38),0) -> 2.3990939 | AE38: =IF(AND(S38>0,AA38>0),AA38/(S38),0) -> 2.3610363 | AF38: 4.3 | AG38: =+AF38+AG37 -> 4.3 | AH38: =AF38/(P38) -> 0.090372207 | AI38: =AG38/(Q38) -> 0.0045761135 | AJ38: =IF(AND(R38>0,AF38>0),AF38/(R38),0) -> 0.11068781 | AK38: =IF(AND(S38>0,AG38>0),AG38/(S38),0) -> 0.0049693863 | AL38: ='30'!I46 -> 37793.78 | AM38: =AL38+AM37 -> 902168.69 | AN38: =IF(AND(L38>0,AL38>0),(AL38/(P38*1000)*1000),0) -> 794.30403 | AO38: =IF(AND(M38>0,AM38>0),(AM38/(Q38*1000)*1000),0) -> 960.09916 | AP38: =IF(AND(R38>0,AL38>0),(AL38/(R38*1000)*1000),0) -> 972.86295 | AQ38: =IF(AND(S38>0,AM38>0),(AM38/(S38*1000)*1000),0) -> 1042.6104 | AR38: =+Listrik!AA37 -> 9973.8 | AS38: =AR38+AS37 -> 9973.8 | AT38: =IF(AND(L38>0,AR38>0),(AR38/(P38*1000)*1000),0) -> 209.61728 | AU38: =IF(AND(M38>0,AS38>0),(AS38/(Q38*1000)*1000),0) -> 10.614242 | AV38: =IF(AND(R38>0,AR38>0),(AR38/(R38*1000)*1000),0) -> 256.73909 | AW38: =IF(AND(S38>0,AS38>0),(AS38/(S38*1000)*1000),0) -> 11.526434 | AY38: =+SUM(Efficiency2!K141:K145) -> 52.113849 | AZ38: =AZ37+AY38 -> 1081.1567 | BA38: =+R38/AY38 -> 0.74544485 | BB38: =+S38/AZ38 -> 0.80034466
A39: =A38+1 -> 45961 | B39: Toilet | C39: 13,5 | D39: =+'31'!F42 -> 1291.0667 | E39: =+'31'!G42 -> 1053.9187 | F39: =1-(E39/D39) -> 0.18368378 | G39: =+P39/N39 -> 0.7534797 | H39: =+P39/L39 -> 0.7534797 | I39: =+R39/P39 -> 0.99350961 | J39: =+R39/L39 -> 0.74858932 | K39: =+S39/M39 -> 0.56906056 | L39: =+Efficiency1!K147 -> 52.552179 | M39: =M38+L39 -> 1589.7043 | N39: =+Efficiency1!C147 -> 52.552179 | O39: =O38+N39 -> 1531.6446 | P39: ='31'!I38 -> 39.597 | Q39: =Q38+P39 -> 979.259 | R39: ='31'!I40 -> 39.34 | S39: =S38+R39 -> 904.638 | T39: =+[1]Report1!AZ39 -> 3352.9697 | U39: =T39+U38 -> 88820.295 | V39: =T39/P39 -> 84.677366 | W39: =U39/Q39 -> 90.701536 | X39: =IF(AND(R39>0,T39>0),(T39/(R39*1000))*1000,0) -> 85.230546 | Y39: =IF(AND(S39>0,U39>0),U39/S39,0) -> 98.183246 | Z39: 79 | AA39: =Z39+AA38 -> 2122 | AB39: =Z39/(P39) -> 1.9951006 | AC39: =AA39/(Q39) -> 2.1669446 | AD39: =IF(AND(R39>0,Z39>0),Z39/(R39),0) -> 2.0081342 | AE39: =IF(AND(S39>0,AA39>0),AA39/(S39),0) -> 2.3456897 | AF39: 8.2 | AG39: =+AF39+AG38 -> 12.5 | AH39: =AF39/(P39) -> 0.2070864 | AI39: =AG39/(Q39) -> 0.012764754 | AJ39: =IF(AND(R39>0,AF39>0),AF39/(R39),0) -> 0.20843925 | AK39: =IF(AND(S39>0,AG39>0),AG39/(S39),0) -> 0.013817682 | AL39: ='31'!I46 -> 25439.98 | AM39: =AL39+AM38 -> 927608.67 | AN39: =IF(AND(L39>0,AL39>0),(AL39/(P39*1000)*1000),0) -> 642.47241 | AO39: =IF(AND(M39>0,AM39>0),(AM39/(Q39*1000)*1000),0) -> 947.2557 | AP39: =IF(AND(R39>0,AL39>0),(AL39/(R39*1000)*1000),0) -> 646.66955 | AQ39: =IF(AND(S39>0,AM39>0),(AM39/(S39*1000)*1000),0) -> 1025.3921 | AR39: =+Listrik!AA38 -> 19339.2 | AS39: =AR39+AS38 -> 29313 | AT39: =IF(AND(L39>0,AR39>0),(AR39/(P39*1000)*1000),0) -> 488.40064 | AU39: =IF(AND(M39>0,AS39>0),(AS39/(Q39*1000)*1000),0) -> 29.933858 | AV39: =IF(AND(R39>0,AR39>0),(AR39/(R39*1000)*1000),0) -> 491.59126 | AW39: =IF(AND(S39>0,AS39>0),(AS39/(S39*1000)*1000),0) -> 32.403016 | AY39: =+Efficiency2!K147 -> 52.552179 | AZ39: =AZ38+AY39 -> 1133.7089 | BA39: =+R39/AY39 -> 0.74858932 | BB39: =+S39/AZ39 -> 0.79794558
G41: =+P41/N41 -> 0.63935133 | H41: =+P41/L41 -> 0.61600074 | I41: =+R41/P41 -> 0.9237985 | J41: =+R41/L41 -> 0.56906056 | L41: =SUM(L9:L39) -> 1589.7043 | N41: =SUM(N9:N39) -> 1531.6446 | P41: =SUM(P9:P39) -> 979.259 | R41: =SUM(R9:R39) -> 904.638 | T41: =SUM(T9:T39) -> 88820.295 | V41: =T41/P41 -> 90.701536 | X41: =IF(AND(R41>0,T41>0),(T41/(R41*1000))*1000,0) -> 98.183246 | Z41: =SUM(Z9:Z40) -> 2122 | AB41: =Z41/P41 -> 2.1669446 | AD41: =Z41/R41 -> 2.3456897 | AF41: =SUM(AF9:AF40) -> 12.5 | AH41: =AF41/V41 -> 0.13781465 | AJ41: =AF41/R41 -> 0.013817682 | AL41: =SUM(AL9:AL39) -> 927608.67 | AN41: =AL41/P41 -> 947.2557 | AP41: =AL41/R41 -> 1025.3921 | AR41: =SUM(AR9:AR39) -> 29313 | AT41: =AR41/V41 -> 323.18086 | AV41: =AR41/R41 -> 32.403016 | AY41: =SUM(AY9:AY39) -> 1133.7089 | BA41: =+R41/AY41 -> 0.79794558

Sheet GRAFIK

Sheet Listrik
A2: MACHINE POWER CONSUMPTION (PER PANEL)
A4: Date | B4: PM (TON) | C4: FINSHED GOODS (TON) | X4: Total PM17 | AA4: Deinking
D5: MCC Aux TM | H5: Drive Panel | L5: Stock Prep & UTM 1 (3200 A) | P5: Stock Prep & UTM 2 (3200 A) | T5: Pulper
D6: KWH | E6: Consumption | F6: /TON PM | G6: /TON FG | H6: KWH | I6: Consumption | J6: /TON PM | K6: /TON FG | L6: KWH | M6: Consumption | N6: /TON PM | O6: /TON FG | P6: KWH | Q6: Consumption | R6: /TON PM | S6: /TON FG | T6: KWH | U6: Consumption | V6: /TON PM | W6: /TON FG | X6: Consumption | Y6: /TON PM | Z6: /TON FG | AA6: Consumption | AB6: /TON PM | AC6: /TON FG
A8: =+Report1!A9 -> 45931 | B8: =+Report1!P9 -> 0 | C8: =+Report1!R9 -> 3.364 | D8: =+D7+E8 -> 3118.65 | E8: =+[2]DailyOct!AZ7 -> 3118.65 | F8: =E8/B8 -> #DIV/0! | G8: =E8/C8 -> 927.06599 | H8: =+H7+I8 -> 2068.65 | I8: =+[2]DailyOct!BA7 -> 2068.65 | J8: =I8/B8 -> #DIV/0! | K8: =I8/C8 -> 614.93757 | L8: =+L7+M8 -> 0 | M8: =+[2]DailyOct!BB7 -> 0 | N8: =M8/B8 -> #DIV/0! | O8: =M8/C8 -> 0 | P8: =+P7+Q8 -> 0 | R8: =Q8/B8 -> #DIV/0! | S8: =Q8/C8 -> 0 | T8: =+T7+U8 -> 0 | U8: =+[2]DailyOct!BC7 -> 0 | V8: =U8/B8 -> #DIV/0! | W8: =U8/C8 -> 0 | X8: =+E8+I8+M8+U8 -> 5187.3 | Y8: =X8/B8 -> #DIV/0! | Z8: =X8/C8 -> 1542.0036 | AA8: =+[2]DailyOct!BO7 -> 0 | AB8: =AA8/B8 -> #DIV/0! | AC8: =AA8/C8 -> 0 | AG8: Off Reel | AH8: Off Rewinder
A9: =A8+1 -> 45932 | B9: =+Report1!P10 -> 0 | C9: =+Report1!R10 -> 0 | D9: =+D8+E9 -> 5995.74 | E9: =+[2]DailyOct!AZ8 -> 2877.09 | F9: =E9/B9 -> #DIV/0! | G9: =E9/C9 -> #DIV/0! | H9: =+H8+I9 -> 3445.74 | I9: =+[2]DailyOct!BA8 -> 1377.09 | J9: =I9/B9 -> #DIV/0! | K9: =I9/C9 -> #DIV/0! | L9: =+L8+M9 -> 0 | M9: =+[2]DailyOct!BB8 -> 0 | N9: =M9/B9 -> #DIV/0! | O9: =M9/C9 -> #DIV/0! | P9: =+P8+Q9 -> 0 | R9: =Q9/B9 -> #DIV/0! | S9: =Q9/C9 -> #DIV/0! | T9: =+T8+U9 -> 0 | U9: =+[2]DailyOct!BC8 -> 0 | V9: =U9/B9 -> #DIV/0! | W9: =U9/C9 -> #DIV/0! | X9: =+E9+I9+M9+U9 -> 4254.18 | Y9: =X9/B9 -> #DIV/0! | Z9: =X9/C9 -> #DIV/0! | AA9: =+[2]DailyOct!BO8 -> 0 | AB9: =AA9/B9 -> #DIV/0! | AC9: =AA9/C9 -> #DIV/0! | AG9: Kwh/ ton | AH9: Kwh/ ton
A10: =A9+1 -> 45933 | B10: =+Report1!P11 -> 0 | C10: =+Report1!R11 -> 0 | D10: =+D9+E10 -> 7531.85 | E10: =+[2]DailyOct!AZ9 -> 1536.11 | F10: =E10/B10 -> #DIV/0! | G10: =E10/C10 -> #DIV/0! | H10: =+H9+I10 -> 3631.85 | I10: =+[2]DailyOct!BA9 -> 186.11 | J10: =I10/B10 -> #DIV/0! | K10: =I10/C10 -> #DIV/0! | L10: =+L9+M10 -> 0 | M10: =+[2]DailyOct!BB9 -> 0 | N10: =M10/B10 -> #DIV/0! | O10: =M10/C10 -> #DIV/0! | P10: =+P9+Q10 -> 0 | R10: =Q10/B10 -> #DIV/0! | S10: =Q10/C10 -> #DIV/0! | T10: =+T9+U10 -> 0 | U10: =+[2]DailyOct!BC9 -> 0 | V10: =U10/B10 -> #DIV/0! | W10: =U10/C10 -> #DIV/0! | X10: =+E10+I10+M10+U10 -> 1722.22 | Y10: =X10/B10 -> #DIV/0! | Z10: =X10/C10 -> #DIV/0! | AA10: =+[2]DailyOct!BO9 -> 0 | AB10: =AA10/B10 -> #DIV/0! | AC10: =AA10/C10 -> #DIV/0! | AE10: PM | AF10: Vacuum A | AG10: =+#REF! -> #REF! | AH10: =+#REF! -> #REF!
A11: =A10+1 -> 45934 | B11: =+Report1!P12 -> 0 | C11: =+Report1!R12 -> 0 | D11: =+D10+E11 -> 11495.07 | E11: =+[2]DailyOct!AZ10 -> 3963.22 | F11: =E11/B11 -> #DIV/0! | G11: =E11/C11 -> #DIV/0! | H11: =+H10+I11 -> 3645.07 | I11: =+[2]DailyOct!BA10 -> 13.22 | J11: =I11/B11 -> #DIV/0! | K11: =I11/C11 -> #DIV/0! | L11: =+L10+M11 -> 0 | M11: =+[2]DailyOct!BB10 -> 0 | N11: =M11/B11 -> #DIV/0! | O11: =M11/C11 -> #DIV/0! | P11: =+P10+Q11 -> 0 | R11: =Q11/B11 -> #DIV/0! | S11: =Q11/C11 -> #DIV/0! | T11: =+T10+U11 -> 0 | U11: =+[2]DailyOct!BC10 -> 0 | V11: =U11/B11 -> #DIV/0! | W11: =U11/C11 -> #DIV/0! | X11: =+E11+I11+M11+U11 -> 3976.44 | Y11: =X11/B11 -> #DIV/0! | Z11: =X11/C11 -> #DIV/0! | AA11: =+[2]DailyOct!BO10 -> 0 | AB11: =AA11/B11 -> #DIV/0! | AC11: =AA11/C11 -> #DIV/0! | AF11: Vacuum B | AG11: =+#REF! -> #REF! | AH11: =+#REF! -> #REF!
A12: =A11+1 -> 45935 | B12: =+Report1!P13 -> 0 | C12: =+Report1!R13 -> 0 | D12: =+D11+E12 -> 14155.31 | E12: =+[2]DailyOct!AZ11 -> 2660.24 | F12: =E12/B12 -> #DIV/0! | G12: =E12/C12 -> #DIV/0! | H12: =+H11+I12 -> 4005.31 | I12: =+[2]DailyOct!BA11 -> 360.24 | J12: =I12/B12 -> #DIV/0! | K12: =I12/C12 -> #DIV/0! | L12: =+L11+M12 -> 0 | M12: =+[2]DailyOct!BB11 -> 0 | N12: =M12/B12 -> #DIV/0! | O12: =M12/C12 -> #DIV/0! | P12: =+P11+Q12 -> 0 | R12: =Q12/B12 -> #DIV/0! | S12: =Q12/C12 -> #DIV/0! | T12: =+T11+U12 -> 0 | U12: =+[2]DailyOct!BC11 -> 0 | V12: =U12/B12 -> #DIV/0! | W12: =U12/C12 -> #DIV/0! | X12: =+E12+I12+M12+U12 -> 3020.48 | Y12: =X12/B12 -> #DIV/0! | Z12: =X12/C12 -> #DIV/0! | AA12: =+[2]DailyOct!BO11 -> 0 | AB12: =AA12/B12 -> #DIV/0! | AC12: =AA12/C12 -> #DIV/0! | AF12: MCC Aux TM | AG12: =+F39 -> 0 | AH12: =+G39 -> 0
A13: =A12+1 -> 45936 | B13: =+Report1!P14 -> 0 | C13: =+Report1!R14 -> 0 | D13: =+D12+E13 -> 16307.68 | E13: =+[2]DailyOct!AZ12 -> 2152.37 | F13: =E13/B13 -> #DIV/0! | G13: =E13/C13 -> #DIV/0! | H13: =+H12+I13 -> 4087.68 | I13: =+[2]DailyOct!BA12 -> 82.37 | J13: =I13/B13 -> #DIV/0! | K13: =I13/C13 -> #DIV/0! | L13: =+L12+M13 -> 0 | M13: =+[2]DailyOct!BB12 -> 0 | N13: =M13/B13 -> #DIV/0! | O13: =M13/C13 -> #DIV/0! | P13: =+P12+Q13 -> 0 | R13: =Q13/B13 -> #DIV/0! | S13: =Q13/C13 -> #DIV/0! | T13: =+T12+U13 -> 0 | U13: =+[2]DailyOct!BC12 -> 0 | V13: =U13/B13 -> #DIV/0! | W13: =U13/C13 -> #DIV/0! | X13: =+E13+I13+M13+U13 -> 2234.74 | Y13: =X13/B13 -> #DIV/0! | Z13: =X13/C13 -> #DIV/0! | AA13: =+[2]DailyOct!BO12 -> 0 | AB13: =AA13/B13 -> #DIV/0! | AC13: =AA13/C13 -> #DIV/0! | AF13: Multi Screen | AG13: =+J39 -> 0 | AH13: =+K39 -> 0
A14: =A13+1 -> 45937 | B14: =+Report1!P15 -> 0 | C14: =+Report1!R15 -> 0 | D14: =+D13+E14 -> 18349.33 | E14: =+[2]DailyOct!AZ13 -> 2041.65 | F14: =E14/B14 -> #DIV/0! | G14: =E14/C14 -> #DIV/0! | H14: =+H13+I14 -> 4974.33 | I14: =+[2]DailyOct!BA13 -> 886.65 | J14: =I14/B14 -> #DIV/0! | K14: =I14/C14 -> #DIV/0! | L14: =+L13+M14 -> 0 | M14: =+[2]DailyOct!BB13 -> 0 | N14: =M14/B14 -> #DIV/0! | O14: =M14/C14 -> #DIV/0! | P14: =+P13+Q14 -> 0 | R14: =Q14/B14 -> #DIV/0! | S14: =Q14/C14 -> #DIV/0! | T14: =+T13+U14 -> 0 | U14: =+[2]DailyOct!BC13 -> 0 | V14: =U14/B14 -> #DIV/0! | W14: =U14/C14 -> #DIV/0! | X14: =+E14+I14+M14+U14 -> 2928.3 | Y14: =X14/B14 -> #DIV/0! | Z14: =X14/C14 -> #DIV/0! | AA14: =+[2]DailyOct!BO13 -> 0 | AB14: =AA14/B14 -> #DIV/0! | AC14: =AA14/C14 -> #DIV/0! | AF14: WL II 1250 A (yankee + popereel) | AG14: =+#REF! -> #REF! | AH14: =+#REF! -> #REF!
A15: =A14+1 -> 45938 | B15: =+Report1!P16 -> 0 | C15: =+Report1!R16 -> 0 | D15: =+D14+E15 -> 20616.46 | E15: =+[2]DailyOct!AZ14 -> 2267.13 | F15: =E15/B15 -> #DIV/0! | G15: =E15/C15 -> #DIV/0! | H15: =+H14+I15 -> 5046.46 | I15: =+[2]DailyOct!BA14 -> 72.13 | J15: =I15/B15 -> #DIV/0! | K15: =I15/C15 -> #DIV/0! | L15: =+L14+M15 -> 0 | M15: =+[2]DailyOct!BB14 -> 0 | N15: =M15/B15 -> #DIV/0! | O15: =M15/C15 -> #DIV/0! | P15: =+P14+Q15 -> 0 | R15: =Q15/B15 -> #DIV/0! | S15: =Q15/C15 -> #DIV/0! | T15: =+T14+U15 -> 100 | U15: =+[2]DailyOct!BC14 -> 100 | V15: =U15/B15 -> #DIV/0! | W15: =U15/C15 -> #DIV/0! | X15: =+E15+I15+M15+U15 -> 2439.26 | Y15: =X15/B15 -> #DIV/0! | Z15: =X15/C15 -> #DIV/0! | AA15: =+[2]DailyOct!BO14 -> 0 | AB15: =AA15/B15 -> #DIV/0! | AC15: =AA15/C15 -> #DIV/0! | AF15: WL II 3200 A (Hood, Fan Pump, Felt & Wire) | AG15: =+#REF! -> #REF! | AH15: =+#REF! -> #REF!
A16: =A15+1 -> 45939 | B16: =+Report1!P17 -> 22.435 | C16: =+Report1!R17 -> 17.867 | D16: =+D15+E16 -> 29056.39 | E16: =+[2]DailyOct!AZ15 -> 8439.93 | F16: =E16/B16 -> 376.19478 | G16: =E16/C16 -> 472.37533 | H16: =+H15+I16 -> 12376.39 | I16: =+[2]DailyOct!BA15 -> 7329.93 | J16: =I16/B16 -> 326.71852 | K16: =I16/C16 -> 410.24962 | L16: =+L15+M16 -> 0 | M16: =+[2]DailyOct!BB15 -> 0 | N16: =M16/B16 -> 0 | O16: =M16/C16 -> 0 | P16: =+P15+Q16 -> 0 | R16: =Q16/B16 -> 0 | S16: =Q16/C16 -> 0 | T16: =+T15+U16 -> 1000 | U16: =+[2]DailyOct!BC15 -> 900 | V16: =U16/B16 -> 40.11589 | W16: =U16/C16 -> 50.372195 | X16: =+E16+I16+M16+U16 -> 16669.86 | Y16: =X16/B16 -> 743.0292 | Z16: =X16/C16 -> 932.99715 | AA16: =+[2]DailyOct!BO15 -> 0 | AB16: =AA16/B16 -> 0 | AC16: =AA16/C16 -> 0 | AG16: =SUM(AG10:AG15) -> #REF! | AH16: =SUM(AH10:AH15) -> #REF!
A17: =A16+1 -> 45940 | B17: =+Report1!P18 -> 42.66 | C17: =+Report1!R18 -> 38.145 | D17: =+D16+E17 -> 40685.06 | E17: =+[2]DailyOct!AZ16 -> 11628.67 | F17: =E17/B17 -> 272.58955 | G17: =E17/C17 -> 304.85437 | H17: =+H16+I17 -> 27635.06 | I17: =+[2]DailyOct!BA16 -> 15258.67 | J17: =I17/B17 -> 357.68097 | K17: =I17/C17 -> 400.01756 | L17: =+L16+M17 -> 8628.2424 | M17: =+[2]DailyOct!BB16 -> 8628.2424 | N17: =M17/B17 -> 202.25603 | O17: =M17/C17 -> 226.19589 | P17: =+P16+Q17 -> 0 | R17: =Q17/B17 -> 0 | S17: =Q17/C17 -> 0 | T17: =+T16+U17 -> 1300 | U17: =+[2]DailyOct!BC16 -> 300 | V17: =U17/B17 -> 7.0323488 | W17: =U17/C17 -> 7.8647267 | X17: =+E17+I17+M17+U17 -> 35815.582 | Y17: =X17/B17 -> 839.55889 | Z17: =X17/C17 -> 938.93256 | AA17: =+[2]DailyOct!BO16 -> 0 | AB17: =AA17/B17 -> 0 | AC17: =AA17/C17 -> 0 | AE17: Stockprep | AF17: Stock Prep & UTM 1 (3200 A) | AG17: =+N39 -> 0 | AH17: =+O39 -> 0
A18: =A17+1 -> 45941 | B18: =+Report1!P19 -> 45.096 | C18: =+Report1!R19 -> 35.464 | D18: =+D17+E18 -> 52306.45 | E18: =+[2]DailyOct!AZ17 -> 11621.39 | F18: =E18/B18 -> 257.70334 | G18: =E18/C18 -> 327.69541 | H18: =+H17+I18 -> 43906.45 | I18: =+[2]DailyOct!BA17 -> 16271.39 | J18: =I18/B18 -> 360.8167 | K18: =I18/C18 -> 458.81429 | L18: =+L17+M18 -> 20804.632 | M18: =+[2]DailyOct!BB17 -> 12176.39 | N18: =M18/B18 -> 270.01042 | O18: =M18/C18 -> 343.34508 | P18: =+P17+Q18 -> 0 | R18: =Q18/B18 -> 0 | S18: =Q18/C18 -> 0 | T18: =+T17+U18 -> 1300 | U18: =+[2]DailyOct!BC17 -> 0 | V18: =U18/B18 -> 0 | W18: =U18/C18 -> 0 | X18: =+E18+I18+M18+U18 -> 40069.17 | Y18: =X18/B18 -> 888.53047 | Z18: =X18/C18 -> 1129.8548 | AA18: =+[2]DailyOct!BO17 -> 0 | AB18: =AA18/B18 -> 0 | AC18: =AA18/C18 -> 0 | AF18: Stock Prep & UTM 2 (3200 A) | AG18: =+R39 -> 0 | AH18: =+S39 -> 0
A19: =A18+1 -> 45942 | B19: =+Report1!P20 -> 42.671 | C19: =+Report1!R20 -> 44.765 | D19: =+D18+E19 -> 61891.99 | E19: =+[2]DailyOct!AZ18 -> 9585.54 | F19: =E19/B19 -> 224.63828 | G19: =E19/C19 -> 214.13024 | H19: =+H18+I19 -> 59271.99 | I19: =+[2]DailyOct!BA18 -> 15365.54 | J19: =I19/B19 -> 360.09327 | K19: =I19/C19 -> 343.24897 | L19: =+L18+M19 -> 33040.172 | M19: =+[2]DailyOct!BB18 -> 12235.54 | N19: =M19/B19 -> 286.74135 | O19: =M19/C19 -> 273.32827 | P19: =+P18+Q19 -> 0 | R19: =Q19/B19 -> 0 | S19: =Q19/C19 -> 0 | T19: =+T18+U19 -> 1300 | U19: =+[2]DailyOct!BC18 -> 0 | V19: =U19/B19 -> 0 | W19: =U19/C19 -> 0 | X19: =+E19+I19+M19+U19 -> 37186.62 | Y19: =X19/B19 -> 871.4729 | Z19: =X19/C19 -> 830.70747 | AA19: =+[2]DailyOct!BO18 -> 0 | AB19: =AA19/B19 -> 0 | AC19: =AA19/C19 -> 0 | AG19: =SUM(AG17:AG18) -> 0 | AH19: =SUM(AH17:AH18) -> 0
A20: =A19+1 -> 45943 | B20: =+Report1!P21 -> 43.639 | C20: =+Report1!R21 -> 42.233 | D20: =+D19+E20 -> 74153.46 | E20: =+[2]DailyOct!AZ19 -> 12261.47 | F20: =E20/B20 -> 280.97505 | G20: =E20/C20 -> 290.32913 | H20: =+H19+I20 -> 74733.46 | I20: =+[2]DailyOct!BA19 -> 15461.47 | J20: =I20/B20 -> 354.30395 | K20: =I20/C20 -> 366.09926 | L20: =+L19+M20 -> 44501.642 | M20: =+[2]DailyOct!BB19 -> 11461.47 | N20: =M20/B20 -> 262.64282 | O20: =M20/C20 -> 271.38659 | P20: =+P19+Q20 -> 0 | R20: =Q20/B20 -> 0 | S20: =Q20/C20 -> 0 | T20: =+T19+U20 -> 2300 | U20: =+[2]DailyOct!BC19 -> 1000 | V20: =U20/B20 -> 22.915282 | W20: =U20/C20 -> 23.678166 | X20: =+E20+I20+M20+U20 -> 40184.41 | Y20: =X20/B20 -> 920.8371 | Z20: =X20/C20 -> 951.49315 | AA20: =+[2]DailyOct!BO19 -> 0 | AB20: =AA20/B20 -> 0 | AC20: =AA20/C20 -> 0 | AE20: Rewinder | AF20: Rewinder 1 (800 A) | AG20: =+V39 -> 0 | AH20: =+W39 -> 0
A21: =A20+1 -> 45944 | B21: =+Report1!P22 -> 45.567 | C21: =+Report1!R22 -> 39.456 | D21: =+D20+E21 -> 85969.66 | E21: =+[2]DailyOct!AZ20 -> 11816.2 | F21: =E21/B21 -> 259.31486 | G21: =E21/C21 -> 299.4779 | H21: =+H20+I21 -> 92039.66 | I21: =+[2]DailyOct!BA20 -> 17306.2 | J21: =I21/B21 -> 379.79678 | K21: =I21/C21 -> 438.62024 | L21: =+L20+M21 -> 56307.842 | M21: =+[2]DailyOct!BB20 -> 11806.2 | N21: =M21/B21 -> 259.0954 | O21: =M21/C21 -> 299.22445 | P21: =+P20+Q21 -> 0 | R21: =Q21/B21 -> 0 | S21: =Q21/C21 -> 0 | T21: =+T20+U21 -> 3500 | U21: =+[2]DailyOct!BC20 -> 1200 | V21: =U21/B21 -> 26.334848 | W21: =U21/C21 -> 30.413625 | X21: =+E21+I21+M21+U21 -> 42128.6 | Y21: =X21/B21 -> 924.54188 | Z21: =X21/C21 -> 1067.7362 | AA21: =+[2]DailyOct!BO20 -> 0 | AB21: =AA21/B21 -> 0 | AC21: =AA21/C21 -> 0 | AF21: Rewinder 2 (800A) | AG21: =+#REF! -> #REF! | AH21: =+#REF! -> #REF!
A22: =A21+1 -> 45945 | B22: =+Report1!P23 -> 46.075 | C22: =+Report1!R23 -> 39.707 | D22: =+D21+E22 -> 97053.26 | E22: =+[2]DailyOct!AZ21 -> 11083.6 | F22: =E22/B22 -> 240.55562 | G22: =E22/C22 -> 279.13466 | H22: =+H21+I22 -> 109773.26 | I22: =+[2]DailyOct!BA21 -> 17733.6 | J22: =I22/B22 -> 384.88551 | K22: =I22/C22 -> 446.61143 | L22: =+L21+M22 -> 68041.442 | M22: =+[2]DailyOct!BB21 -> 11733.6 | N22: =M22/B22 -> 254.66305 | O22: =M22/C22 -> 295.50457 | P22: =+P21+Q22 -> 0 | R22: =Q22/B22 -> 0 | S22: =Q22/C22 -> 0 | T22: =+T21+U22 -> 4700 | U22: =+[2]DailyOct!BC21 -> 1200 | V22: =U22/B22 -> 26.044493 | W22: =U22/C22 -> 30.221372 | X22: =+E22+I22+M22+U22 -> 41750.8 | Y22: =X22/B22 -> 906.14867 | Z22: =X22/C22 -> 1051.472 | AA22: =+[2]DailyOct!BO21 -> 0 | AB22: =AA22/B22 -> 0 | AC22: =AA22/C22 -> 0 | AG22: =SUM(AG20:AG21) -> #REF! | AH22: =SUM(AH20:AH21) -> #REF!
A23: =A22+1 -> 45946 | B23: =+Report1!P24 -> 48.202 | C23: =+Report1!R24 -> 43.972 | D23: =+D22+E23 -> 109183.46 | E23: =+[2]DailyOct!AZ22 -> 12130.2 | F23: =E23/B23 -> 251.65346 | G23: =E23/C23 -> 275.86191 | H23: =+H22+I23 -> 124488.46 | I23: =+[2]DailyOct!BA22 -> 14715.2 | J23: =I23/B23 -> 305.28194 | K23: =I23/C23 -> 334.64932 | L23: =+L22+M23 -> 81756.642 | M23: =+[2]DailyOct!BB22 -> 13715.2 | N23: =M23/B23 -> 284.53591 | O23: =M23/C23 -> 311.90758 | P23: =+P22+Q23 -> 0 | R23: =Q23/B23 -> 0 | S23: =Q23/C23 -> 0 | T23: =+T22+U23 -> 6200 | U23: =+[2]DailyOct!BC22 -> 1500 | V23: =U23/B23 -> 31.119041 | W23: =U23/C23 -> 34.112617 | X23: =+E23+I23+M23+U23 -> 42060.6 | Y23: =X23/B23 -> 872.59035 | Z23: =X23/C23 -> 956.53143 | AA23: =+[2]DailyOct!BO22 -> 0 | AB23: =AA23/B23 -> 0 | AC23: =AA23/C23 -> 0
A24: =A23+1 -> 45947 | B24: =+Report1!P25 -> 50.909 | C24: =+Report1!R25 -> 55.053 | D24: =+D23+E24 -> 122152.84 | E24: =+[2]DailyOct!AZ23 -> 12969.38 | F24: =E24/B24 -> 254.75613 | G24: =E24/C24 -> 235.5799 | H24: =+H23+I24 -> 139017.84 | I24: =+[2]DailyOct!BA23 -> 14529.38 | J24: =I24/B24 -> 285.39905 | K24: =I24/C24 -> 263.91623 | L24: =+L23+M24 -> 97286.022 | M24: =+[2]DailyOct!BB23 -> 15529.38 | N24: =M24/B24 -> 305.04194 | O24: =M24/C24 -> 282.08054 | P24: =+P23+Q24 -> 0 | R24: =Q24/B24 -> 0 | S24: =Q24/C24 -> 0 | T24: =+T23+U24 -> 7700 | U24: =+[2]DailyOct!BC23 -> 1500 | V24: =U24/B24 -> 29.464338 | W24: =U24/C24 -> 27.246472 | X24: =+E24+I24+M24+U24 -> 44528.14 | Y24: =X24/B24 -> 874.66145 | Z24: =X24/C24 -> 808.82313 | AA24: =+[2]DailyOct!BO23 -> 0 | AB24: =AA24/B24 -> 0 | AC24: =AA24/C24 -> 0 | AF24: Total | AG24: =+AG16+AG19+AG22 -> #REF! | AH24: =+AH16+AH19+AH22 -> #REF!
A25: =A24+1 -> 45948 | B25: =+Report1!P26 -> 46.413 | C25: =+Report1!R26 -> 48.03 | D25: =+D24+E25 -> 133506.83 | E25: =+[2]DailyOct!AZ24 -> 11353.99 | F25: =E25/B25 -> 244.62952 | G25: =E25/C25 -> 236.39371 | H25: =+H24+I25 -> 157886.83 | I25: =+[2]DailyOct!BA24 -> 18868.99 | J25: =I25/B25 -> 406.54536 | K25: =I25/C25 -> 392.85842 | L25: =+L24+M25 -> 112155.01 | M25: =+[2]DailyOct!BB24 -> 14868.99 | N25: =M25/B25 -> 320.36261 | O25: =M25/C25 -> 309.57714 | P25: =+P24+Q25 -> 0 | R25: =Q25/B25 -> 0 | S25: =Q25/C25 -> 0 | T25: =+T24+U25 -> 9300 | U25: =+[2]DailyOct!BC24 -> 1600 | V25: =U25/B25 -> 34.4731 | W25: =U25/C25 -> 33.312513 | X25: =+E25+I25+M25+U25 -> 46691.97 | Y25: =X25/B25 -> 1006.0106 | Z25: =X25/C25 -> 972.14179 | AA25: =+[2]DailyOct!BO24 -> 0 | AB25: =AA25/B25 -> 0 | AC25: =AA25/C25 -> 0
A26: =A25+1 -> 45949 | B26: =+Report1!P27 -> 48.749 | C26: =+Report1!R27 -> 45.658 | D26: =+D25+E26 -> 145525.12 | E26: =+[2]DailyOct!AZ25 -> 12018.29 | F26: =E26/B26 -> 246.53408 | G26: =E26/C26 -> 263.22419 | H26: =+H25+I26 -> 167540.12 | I26: =+[2]DailyOct!BA25 -> 9653.29 | J26: =I26/B26 -> 198.02027 | K26: =I26/C26 -> 211.42604 | L26: =+L25+M26 -> 128308.3 | M26: =+[2]DailyOct!BB25 -> 16153.29 | N26: =M26/B26 -> 331.35634 | O26: =M26/C26 -> 353.78882 | P26: =+P25+Q26 -> 0 | R26: =Q26/B26 -> 0 | S26: =Q26/C26 -> 0 | T26: =+T25+U26 -> 10900 | U26: =+[2]DailyOct!BC25 -> 1600 | V26: =U26/B26 -> 32.821186 | W26: =U26/C26 -> 35.043147 | X26: =+E26+I26+M26+U26 -> 39424.87 | Y26: =X26/B26 -> 808.73187 | Z26: =X26/C26 -> 863.48219 | AA26: =+[2]DailyOct!BO25 -> 0 | AB26: =AA26/B26 -> 0 | AC26: =AA26/C26 -> 0 | AF26: LEBIH TINGGI DARI OFF REEL | AH26: =+AH24/AG24-1 -> #REF!
A27: =A26+1 -> 45950 | B27: =+Report1!P28 -> 49.451 | C27: =+Report1!R28 -> 48.939 | D27: =+D26+E27 -> 156517.73 | E27: =+[2]DailyOct!AZ26 -> 10992.61 | F27: =E27/B27 -> 222.29298 | G27: =E27/C27 -> 224.61861 | H27: =+H26+I27 -> 181112.73 | I27: =+[2]DailyOct!BA26 -> 13572.61 | J27: =I27/B27 -> 274.46583 | K27: =I27/C27 -> 277.3373 | L27: =+L26+M27 -> 142880.91 | M27: =+[2]DailyOct!BB26 -> 14572.61 | N27: =M27/B27 -> 294.68787 | O27: =M27/C27 -> 297.7709 | P27: =+P26+Q27 -> 0 | R27: =Q27/B27 -> 0 | S27: =Q27/C27 -> 0 | T27: =+T26+U27 -> 12300 | U27: =+[2]DailyOct!BC26 -> 1400 | V27: =U27/B27 -> 28.310853 | W27: =U27/C27 -> 28.607041 | X27: =+E27+I27+M27+U27 -> 40537.83 | Y27: =X27/B27 -> 819.75754 | Z27: =X27/C27 -> 828.33384 | AA27: =+[2]DailyOct!BO26 -> 0 | AB27: =AA27/B27 -> 0 | AC27: =AA27/C27 -> 0
A28: =A27+1 -> 45951 | B28: =+Report1!P29 -> 40.53 | C28: =+Report1!R29 -> 38.347 | D28: =+D27+E28 -> 167265.16 | E28: =+[2]DailyOct!AZ27 -> 10747.43 | F28: =E28/B28 -> 265.17222 | G28: =E28/C28 -> 280.26782 | H28: =+H27+I28 -> 198435.16 | I28: =+[2]DailyOct!BA27 -> 17322.43 | J28: =I28/B28 -> 427.39773 | K28: =I28/C28 -> 451.72843 | L28: =+L27+M28 -> 155203.34 | M28: =+[2]DailyOct!BB27 -> 12322.43 | N28: =M28/B28 -> 304.03232 | O28: =M28/C28 -> 321.34013 | P28: =+P27+Q28 -> 0 | R28: =Q28/B28 -> 0 | S28: =Q28/C28 -> 0 | T28: =+T27+U28 -> 13900 | U28: =+[2]DailyOct!BC27 -> 1600 | V28: =U28/B28 -> 39.476931 | W28: =U28/C28 -> 41.724255 | X28: =+E28+I28+M28+U28 -> 41992.29 | Y28: =X28/B28 -> 1036.0792 | Z28: =X28/C28 -> 1095.0606 | AA28: =+[2]DailyOct!BO27 -> 0 | AB28: =AA28/B28 -> 0 | AC28: =AA28/C28 -> 0
A29: =A28+1 -> 45952 | B29: =+Report1!P30 -> 40.959 | C29: =+Report1!R30 -> 37.928 | D29: =+D28+E29 -> 178943.9 | E29: =+[2]DailyOct!AZ28 -> 11678.74 | F29: =E29/B29 -> 285.13245 | G29: =E29/C29 -> 307.91869 | H29: =+H28+I29 -> 217643.9 | I29: =+[2]DailyOct!BA28 -> 19208.74 | J29: =I29/B29 -> 468.97483 | K29: =I29/C29 -> 506.45275 | L29: =+L28+M29 -> 165912.08 | M29: =+[2]DailyOct!BB28 -> 10708.74 | N29: =M29/B29 -> 261.45023 | O29: =M29/C29 -> 282.34391 | P29: =+P28+Q29 -> 0 | R29: =Q29/B29 -> 0 | S29: =Q29/C29 -> 0 | T29: =+T28+U29 -> 14700 | U29: =+[2]DailyOct!BC28 -> 800 | V29: =U29/B29 -> 19.531727 | W29: =U29/C29 -> 21.092596 | X29: =+E29+I29+M29+U29 -> 42396.22 | Y29: =X29/B29 -> 1035.0892 | Z29: =X29/C29 -> 1117.808 | AA29: =+[2]DailyOct!BO28 -> 0 | AB29: =AA29/B29 -> 0 | AC29: =AA29/C29 -> 0
A30: =A29+1 -> 45953 | B30: =+Report1!P31 -> 48.403 | C30: =+Report1!R31 -> 42.213 | D30: =+D29+E30 -> 191885.87 | E30: =+[2]DailyOct!AZ29 -> 12941.97 | F30: =E30/B30 -> 267.3795 | G30: =E30/C30 -> 306.58731 | H30: =+H29+I30 -> 237235.87 | I30: =+[2]DailyOct!BA29 -> 19591.97 | J30: =I30/B30 -> 404.76768 | K30: =I30/C30 -> 464.12172 | L30: =+L29+M30 -> 176504.05 | M30: =+[2]DailyOct!BB29 -> 10591.97 | N30: =M30/B30 -> 218.82879 | O30: =M30/C30 -> 250.91725 | P30: =+P29+Q30 -> 0 | R30: =Q30/B30 -> 0 | S30: =Q30/C30 -> 0 | T30: =+T29+U30 -> 16000 | U30: =+[2]DailyOct!BC29 -> 1300 | V30: =U30/B30 -> 26.857839 | W30: =U30/C30 -> 30.7962 | X30: =+E30+I30+M30+U30 -> 44425.91 | Y30: =X30/B30 -> 917.83381 | Z30: =X30/C30 -> 1052.4225 | AA30: =+[2]DailyOct!BO29 -> 0 | AB30: =AA30/B30 -> 0 | AC30: =AA30/C30 -> 0
A31: =A30+1 -> 45954 | B31: =+Report1!P32 -> 39.926 | C31: =+Report1!R32 -> 38.56 | D31: =+D30+E31 -> 204148.6 | E31: =+[2]DailyOct!AZ30 -> 12262.73 | F31: =E31/B31 -> 307.13645 | G31: =E31/C31 -> 318.01686 | H31: =+H30+I31 -> 256098.6 | I31: =+[2]DailyOct!BA30 -> 18862.73 | J31: =I31/B31 -> 472.44227 | K31: =I31/C31 -> 489.17868 | L31: =+L30+M31 -> 188366.78 | M31: =+[2]DailyOct!BB30 -> 11862.73 | N31: =M31/B31 -> 297.11792 | O31: =M31/C31 -> 307.64341 | P31: =+P30+Q31 -> 0 | R31: =Q31/B31 -> 0 | S31: =Q31/C31 -> 0 | T31: =+T30+U31 -> 18000 | U31: =+[2]DailyOct!BC30 -> 2000 | V31: =U31/B31 -> 50.092671 | W31: =U31/C31 -> 51.86722 | X31: =+E31+I31+M31+U31 -> 44988.19 | Y31: =X31/B31 -> 1126.7893 | Z31: =X31/C31 -> 1166.7062 | AA31: =+[2]DailyOct!BO30 -> 0 | AB31: =AA31/B31 -> 0 | AC31: =AA31/C31 -> 0
A32: =A31+1 -> 45955 | B32: =+Report1!P33 -> 30.018 | C32: =+Report1!R33 -> 23.135 | D32: =+D31+E32 -> 215843.92 | E32: =+[2]DailyOct!AZ31 -> 11695.32 | F32: =E32/B32 -> 389.61023 | G32: =E32/C32 -> 505.52496 | H32: =+H31+I32 -> 274343.92 | I32: =+[2]DailyOct!BA31 -> 18245.32 | J32: =I32/B32 -> 607.81265 | K32: =I32/C32 -> 788.64577 | L32: =+L31+M32 -> 199112.1 | M32: =+[2]DailyOct!BB31 -> 10745.32 | N32: =M32/B32 -> 357.96256 | O32: =M32/C32 -> 464.46164 | P32: =+P31+Q32 -> 0 | R32: =Q32/B32 -> 0 | S32: =Q32/C32 -> 0 | T32: =+T31+U32 -> 20000 | U32: =+[2]DailyOct!BC31 -> 2000 | V32: =U32/B32 -> 66.626691 | W32: =U32/C32 -> 86.449103 | X32: =+E32+I32+M32+U32 -> 42685.96 | Y32: =X32/B32 -> 1422.0121 | Z32: =X32/C32 -> 1845.0815 | AA32: =+[2]DailyOct!BO31 -> 0 | AB32: =AA32/B32 -> 0 | AC32: =AA32/C32 -> 0
A33: =A32+1 -> 45956 | B33: =+Report1!P34 -> 35.653 | C33: =+Report1!R34 -> 24.103 | D33: =+D32+E33 -> 226014.03 | E33: =+[2]DailyOct!AZ32 -> 10170.11 | F33: =E33/B33 -> 285.25257 | G33: =E33/C33 -> 421.94374 | H33: =+H32+I33 -> 285464.03 | I33: =+[2]DailyOct!BA32 -> 11120.11 | J33: =I33/B33 -> 311.8983 | K33: =I33/C33 -> 461.35792 | L33: =+L32+M33 -> 208732.21 | M33: =+[2]DailyOct!BB32 -> 9620.11 | N33: =M33/B33 -> 269.8261 | O33: =M33/C33 -> 399.12501 | P33: =+P32+Q33 -> 0 | R33: =Q33/B33 -> 0 | S33: =Q33/C33 -> 0 | T33: =+T32+U33 -> 22000 | U33: =+[2]DailyOct!BC32 -> 2000 | V33: =U33/B33 -> 56.096261 | W33: =U33/C33 -> 82.977223 | X33: =+E33+I33+M33+U33 -> 32910.33 | Y33: =X33/B33 -> 923.07323 | Z33: =X33/C33 -> 1365.4039 | AA33: =+[2]DailyOct!BO32 -> 0 | AB33: =AA33/B33 -> 0 | AC33: =AA33/C33 -> 0
A34: =A33+1 -> 45957 | B34: =+Report1!P35 -> 33.918 | C34: =+Report1!R35 -> 27.523 | D34: =+D33+E34 -> 235019.94 | E34: =+[2]DailyOct!AZ33 -> 9005.91 | F34: =E34/B34 -> 265.52008 | G34: =E34/C34 -> 327.21397 | H34: =+H33+I34 -> 301119.94 | I34: =+[2]DailyOct!BA33 -> 15655.91 | J34: =I34/B34 -> 461.58117 | K34: =I34/C34 -> 568.83007 | L34: =+L33+M34 -> 218888.12 | M34: =+[2]DailyOct!BB33 -> 10155.91 | N34: =M34/B34 -> 299.42538 | O34: =M34/C34 -> 368.9972 | P34: =+P33+Q34 -> 0 | R34: =Q34/B34 -> 0 | S34: =Q34/C34 -> 0 | T34: =+T33+U34 -> 23970 | U34: =+[2]DailyOct!BC33 -> 1970 | V34: =U34/B34 -> 58.081255 | W34: =U34/C34 -> 71.5765 | X34: =+E34+I34+M34+U34 -> 36787.73 | Y34: =X34/B34 -> 1084.6079 | Z34: =X34/C34 -> 1336.6177 | AA34: =+[2]DailyOct!BO33 -> 0 | AB34: =AA34/B34 -> 0 | AC34: =AA34/C34 -> 0
A35: =A34+1 -> 45958 | B35: =+Report1!P36 -> 44.515 | C35: =+Report1!R36 -> 50.752 | D35: =+D34+E35 -> 246314.33 | E35: =+[2]DailyOct!AZ34 -> 11294.39 | F35: =E35/B35 -> 253.72099 | G35: =E35/C35 -> 222.54079 | H35: =+H34+I35 -> 318894.33 | I35: =+[2]DailyOct!BA34 -> 17774.39 | J35: =I35/B35 -> 399.2899 | K35: =I35/C35 -> 350.22048 | L35: =+L34+M35 -> 229162.51 | M35: =+[2]DailyOct!BB34 -> 10274.39 | N35: =M35/B35 -> 230.80737 | O35: =M35/C35 -> 202.44306 | P35: =+P34+Q35 -> 0 | R35: =Q35/B35 -> 0 | S35: =Q35/C35 -> 0 | T35: =+T34+U35 -> 25840 | U35: =+[2]DailyOct!BC34 -> 1870 | V35: =U35/B35 -> 42.008312 | W35: =U35/C35 -> 36.845839 | X35: =+E35+I35+M35+U35 -> 41213.17 | Y35: =X35/B35 -> 925.82658 | Z35: =X35/C35 -> 812.05017 | AA35: =+[2]DailyOct!BO34 -> 0 | AB35: =AA35/B35 -> 0 | AC35: =AA35/C35 -> 0
A36: =A35+1 -> 45959 | B36: =+Report1!P37 -> 46.292 | C36: =+Report1!R37 -> 41.236 | D36: =+D35+E36 -> 257153.91 | E36: =+[2]DailyOct!AZ35 -> 10839.58 | F36: =E36/B36 -> 234.15666 | G36: =E36/C36 -> 262.86691 | H36: =+H35+I36 -> 338423.91 | I36: =+[2]DailyOct!BA35 -> 19529.58 | J36: =I36/B36 -> 421.87808 | K36: =I36/C36 -> 473.6051 | L36: =+L35+M36 -> 241192.09 | M36: =+[2]DailyOct!BB35 -> 12029.58 | N36: =M36/B36 -> 259.86304 | O36: =M36/C36 -> 291.72519 | P36: =+P35+Q36 -> 0 | R36: =Q36/B36 -> 0 | S36: =Q36/C36 -> 0 | T36: =+T35+U36 -> 27605 | U36: =+[2]DailyOct!BC35 -> 1765 | V36: =U36/B36 -> 38.127538 | W36: =U36/C36 -> 42.802406 | X36: =+E36+I36+M36+U36 -> 44163.74 | Y36: =X36/B36 -> 954.02532 | Z36: =X36/C36 -> 1070.9996 | AA36: =+[2]DailyOct!BO35 -> 0 | AB36: =AA36/B36 -> 0 | AC36: =AA36/C36 -> 0
A37: =A36+1 -> 45960 | B37: =+Report1!P38 -> 47.581 | C37: =+Report1!R38 -> 38.848 | D37: =+D36+E37 -> 268604.21 | E37: =+[2]DailyOct!AZ36 -> 11450.3 | F37: =E37/B37 -> 240.64858 | G37: =E37/C37 -> 294.74619 | H37: =+H36+I37 -> 356629.21 | I37: =+[2]DailyOct!BA36 -> 18205.3 | J37: =I37/B37 -> 382.61701 | K37: =I37/C37 -> 468.62902 | L37: =+L36+M37 -> 248515.27 | M37: =+[2]DailyOct!BB36 -> 7323.18 | N37: =M37/B37 -> 153.90975 | O37: =M37/C37 -> 188.50855 | P37: =+P36+Q37 -> 0 | R37: =Q37/B37 -> 0 | S37: =Q37/C37 -> 0 | T37: =+T36+U37 -> 28420 | U37: =+[2]DailyOct!BC36 -> 815 | V37: =U37/B37 -> 17.128686 | W37: =U37/C37 -> 20.979201 | X37: =+E37+I37+M37+U37 -> 37793.78 | Y37: =X37/B37 -> 794.30403 | Z37: =X37/C37 -> 972.86295 | AA37: =+[2]DailyOct!BO36 -> 9973.8 | AB37: =AA37/B37 -> 209.61728 | AC37: =AA37/C37 -> 256.73909
A38: =A37+1 -> 45961 | B38: =+Report1!P39 -> 39.597 | C38: =+Report1!R39 -> 39.34 | D38: =+D37+E38 -> 278394.2 | E38: =+[2]DailyOct!AZ37 -> 9789.99 | F38: =E38/B38 -> 247.2407 | G38: =E38/C38 -> 248.85587 | H38: =+H37+I38 -> 372164.2 | I38: =+[2]DailyOct!BA37 -> 15534.99 | J38: =I38/B38 -> 392.32745 | K38: =I38/C38 -> 394.89044 | L38: =+L37+M38 -> 248515.27 | M38: =+[2]DailyOct!BB37 -> 0 | N38: =M38/B38 -> 0 | O38: =M38/C38 -> 0 | P38: =+P37+Q38 -> 0 | R38: =Q38/B38 -> 0 | S38: =Q38/C38 -> 0 | T38: =+T37+U38 -> 28535 | U38: =+[2]DailyOct!BC37 -> 115 | V38: =U38/B38 -> 2.9042604 | W38: =U38/C38 -> 2.9232334 | X38: =+E38+I38+M38+U38 -> 25439.98 | Y38: =X38/B38 -> 642.47241 | Z38: =X38/C38 -> 646.66955 | AA38: =+[2]DailyOct!BO37 -> 19339.2 | AB38: =AA38/B38 -> 488.40064 | AC38: =AA38/C38 -> 491.59126
A40: TOTAL | B40: =SUM(B8:B38) -> 979.259 | C40: =SUM(C8:C38) -> 904.638 | E40: =SUM(E8:E39) -> 278394.2 | F40: =E40/B40 -> 284.29067 | G40: =E40/C40 -> 307.741 | I40: =SUM(I8:I39) -> 372164.2 | J40: =I40/B40 -> 380.04675 | K40: =I40/C40 -> 411.39572 | M40: =SUM(M8:M39) -> 248515.27 | N40: =M40/B40 -> 253.7789 | O40: =M40/C40 -> 274.7124 | Q40: =SUM(Q8:Q38) -> 0 | R40: =Q40/B40 -> 0 | S40: =Q40/C40 -> 0 | U40: =SUM(U8:U39) -> 28535 | V40: =U40/B40 -> 29.13938 | W40: =U40/C40 -> 31.543004 | X40: =+E40+I40+M40+U40 -> 927608.67 | Y40: =X40/B40 -> 947.2557 | Z40: =X40/C40 -> 1025.3921 | AA40: =SUM(AA8:AA38) -> 29313 | AB40: =AA40/B40 -> 29.933858 | AC40: =AA40/C40 -> 32.403016
X42: 0 | AA42: 0

Sheet Trim Rwd
A1: PM 17 | B1: =+Report1!A9 -> 45931
A3: Tgl | B3: Grade | C3: Ply | D3: Kombinasi Pot. | E3: Lebar Trim | F3: Jml Turunan | G3: Lebar x Turunan | H3: Rata-rata | I3: PHP PM
A4: =+B1 -> 45931 | B4: TW 17 | C4: 2 | D4: 256,5*1 | E4: =256.5*1 -> 256.5 | F4: 4 | G4: =+E4*F4 -> 1026 | H4: =+E4 -> 256.5 | I4: =+'1'!I38 -> 0
A6: 45932 | B6: TW 17 | C6: 2 | D6: 256,5*1 | E6: =256.5*1 -> 256.5 | F6: 0 | G6: =+E6*F6 -> 0 | H6: =+E6 -> 256.5 | I6: =+'2'!I38 -> 0
A8: 45933 | B8: TW 17 | C8: 2 | D8: 256,5*1 | E8: =256.5*1 -> 256.5 | F8: 0 | G8: =+E8*F8 -> 0 | H8: =+E8 -> 256.5 | I8: =+'3'!I38 -> 0
A10: 45934 | B10: TW 17 | C10: 2 | D10: 256,5*1 | E10: =256.5*1 -> 256.5 | F10: 0 | G10: =+E10*F10 -> 0 | H10: =+E10 -> 256.5 | I10: =+'4'!I38 -> 0
A12: 45935 | B12: TW 17 | C12: 2 | D12: 256,5*1 | E12: =256.5*1 -> 256.5 | F12: 0 | G12: =+E12*F12 -> 0 | H12: =+E12 -> 256.5 | I12: =+'5'!I38 -> 0
A14: 45936 | B14: TW 17 | C14: 2 | D14: 256,5*1 | E14: =256.5*1 -> 256.5 | F14: 0 | G14: =+E14*F14 -> 0 | H14: =+E14 -> 256.5 | I14: =+'6'!I38 -> 0
A16: 45937 | B16: TW 17 | C16: 2 | D16: 256,5*1 | E16: =256.5*1 -> 256.5 | F16: 0 | G16: =+E16*F16 -> 0 | H16: =+E16 -> 256.5 | I16: =+'7'!I38 -> 0
A18: 45938 | B18: TW 17 | C18: 2 | D18: 256,5*1 | E18: =256.5*1 -> 256.5 | F18: 0 | G18: =+E18*F18 -> 0 | H18: =+E18 -> 256.5 | I18: =+'8'!I38 -> 0
A20: 45939 | B20: T 14 | C20: 2 | D20: 132*2 | E20: =132*2 -> 264 | F20: 28 | G20: =+E20*F20 -> 7392 | H20: =+(F20*E20)/SUM(F20:F20) -> 264 | I20: =+'9'!I38 -> 22.435
B21: T 14,5 | C21: 2 | D21: 256,5*1 | E21: =256.5*1 -> 256.5 | F21: 0 | G21: =+F21 -> 0 | H21: =+E21 -> 256.5
A23: 45940 | B23: T 14 | C23: 2 | D23: 132*2 | E23: =132*2 -> 264 | F23: 9 | G23: =+E23*F23 -> 2376 | H23: =+(F23*E23)/SUM(F23:F23) -> 264 | I23: =+'10'!I38 -> 42.66
B24: T 14,5 | C24: 2 | D24: 256,5*1 | E24: =256.5*1 -> 256.5 | F24: 45 | G24: =+E24*F24 -> 11542.5 | H24: =+(F24*E24)/SUM(F24:F24) -> 256.5
A26: 45941 | B26: T 14,5 | C26: 2 | D26: 256,5*1 | E26: =256.5*1 -> 256.5 | F26: 65 | G26: =+E26*F26 -> 16672.5 | H26: =+(F26*E26)/SUM(F26:F26) -> 256.5 | I26: =+'11'!I38 -> 45.096
A28: 45942 | B28: T 14,5 | C28: 2 | D28: 256,5*1 | E28: =256.5*1 -> 256.5 | F28: 51 | G28: =+E28*F28 -> 13081.5 | H28: =+(F28*E28)/SUM(F28:F28) -> 256.5 | I28: =+'12'!I38 -> 42.671
A30: 45943 | B30: T 14,5 | C30: 2 | D30: 256,5*1 | E30: =256.5*1 -> 256.5 | F30: 62 | G30: =+E30*F30 -> 15903 | H30: =+(F30*E30)/SUM(F30:F30) -> 256.5 | I30: =+'13'!I38 -> 43.639
A32: 45944 | B32: T 14,5 | C32: 2 | D32: 256,5*1 | E32: =256.5*1 -> 256.5 | F32: =22+19+6 -> 47 | G32: =+E32*F32 -> 12055.5 | H32: =+(F32*E32)/SUM(F32:F32) -> 256.5 | I32: =+'14'!I38 -> 45.567
B33: T 13,5 | C33: 2 | D33: 263,5*1 | E33: =263.5*1 -> 263.5 | F33: 9 | G33: =+E33*F33 -> 2371.5 | H33: =+(F33*E33)/SUM(F33:F33) -> 263.5
A35: 45945 | B35: T 13,5 | C35: 2 | D35: 263,5*1 | E35: =263.5*1 -> 263.5 | F35: 17 | G35: =+E35*F35 -> 4479.5 | H35: =+(F35*E35+F36*E36)/SUM(F35:F36) -> 255.9898 | I35: =+'15'!I38 -> 46.075
B36: T 13,5 | C36: 2 | D36: 126*2 | E36: =126*2 -> 252 | F36: 32 | G36: =+E36*F36 -> 8064
B37: T 16,5 | C37: 2 | D37: 259*1 | E37: =259*1 -> 259 | F37: 12 | G37: =+E37*F37 -> 3108 | H37: =+(F37*E37)/SUM(F37:F37) -> 259
B38: T 12,5 | C38: 2 | D38: 258*1 | E38: =258*1 -> 258 | F38: 0 | G38: =+E38*F38 -> 0 | H38: =+E38 -> 258
A40: 45946 | B40: T 12,5 | C40: 2 | D40: 258*1 | E40: =258*1 -> 258 | F40: 16 | G40: =+E40*F40 -> 4128 | H40: =+(F40*E40)/SUM(F40:F40) -> 258 | I40: =+'16'!I38 -> 48.202
B41: T 13,5 | C41: 2 | D41: 126*2 | E41: =126*2 -> 252 | F41: 16 | G41: =+E41*F41 -> 4032 | H41: =+(F41*E41)/SUM(F41:F41) -> 252
B42: T 16,5 | C42: 2 | D42: 259*1 | E42: =259*1 -> 259 | F42: 3 | G42: =+E42*F42 -> 777 | H42: =+(F42*E42)/SUM(F42:F42) -> 259
B43: TW 18 | C43: 2 | D43: 257*1 | E43: =257*1 -> 257 | F43: =8+18 -> 26 | G43: =+E43*F43 -> 6682 | H43: =+(F43*E43)/SUM(F43:F43) -> 257
A45: 45947 | B45: TW 18 | C45: 2 | D45: 257*1 | E45: =257*1 -> 257 | F45: 58 | G45: =+E45*F45 -> 14906 | H45: =+(F45*E45)/SUM(F45:F45) -> 257 | I45: =+'17'!I38 -> 50.909
A47: 45948 | B47: TW 18 | C47: 2 | D47: 257*1 | E47: =257*1 -> 257 | F47: =15+5+15+17 -> 52 | G47: =+E47*F47 -> 13364 | H47: =+(F47*E47)/SUM(F47:F47) -> 257 | I47: =+'18'!I38 -> 46.413
A49: 45949 | B49: TW 18 | C49: 2 | D49: 257*1 | E49: =257*1 -> 257 | F49: =17+15+18 -> 50 | G49: =+E49*F49 -> 12850 | H49: =+(F49*E49)/SUM(F49:F49) -> 257 | I49: =+'19'!I38 -> 48.749
A51: 45950 | B51: TW 18 | C51: 2 | D51: 257*1 | E51: =257*1 -> 257 | F51: 53 | G51: =+E51*F51 -> 13621 | H51: =+(F51*E51)/SUM(F51:F51) -> 257 | I51: =+'19'!I40 -> 45.658
A53: 45951 | B53: TW 18 | C53: 2 | D53: 257*1 | E53: =257*1 -> 257 | F53: 13 | G53: =+E53*F53 -> 3341 | H53: =+(F53*E53)/SUM(F53:F53) -> 257 | I53: =+'21'!I38 -> 40.53
B54: T 12 | C54: 2 | D54: 259*1 | E54: =259*1 -> 259 | F54: =23+8 -> 31 | G54: =+E54*F54 -> 8029 | H54: =+(F54*E54)/SUM(F54:F54) -> 259
B55: F 15 | C55: 2 | D55: 132*2 | E55: =132*2 -> 264 | F55: 8 | G55: =+E55*F55 -> 2112 | H55: =+(F55*E55)/SUM(F55:F55) -> 264
A57: 45952 | B57: T 12 | C57: 2 | D57: 259*1 | E57: =259*1 -> 259 | F57: 19 | G57: =+E57*F57 -> 4921 | H57: =+(F57*E57+F58*E58)/SUM(F57:F58) -> 259.13636 | I57: =+'22'!I38 -> 40.959
B58: T 12 | C58: 2 | D58: 260*1 | E58: =260*1 -> 260 | F58: 3 | G58: =+E58*F58 -> 780
B59: F 12 | C59: 2 | D59: 257*1 | E59: =257*1 -> 257 | F59: =23+8 -> 31 | G59: =+E59*F59 -> 7967 | H59: =+(F59*E59)/SUM(F59:F59) -> 257
B60: T 12,5 | C60: 2 | D60: 259*1 | E60: =259*1 -> 259 | F60: =18+14 -> 32 | G60: =+E60*F60 -> 8288 | H60: =+(F60*E60+F61*E61)/SUM(F60:F61) -> 259.08571
B61: T 12,5 | C61: 2 | D61: 260*1 | E61: =260*1 -> 260 | F61: 3 | G61: =+E61*F61 -> 780
A63: 45953 | B63: T 13 | C63: 2 | D63: 260*1 | E63: =260*1 -> 260 | F63: =9+5+3 -> 17 | G63: =+E63*F63 -> 4420 | H63: =+(F63*E63)/SUM(F63:F63) -> 260 | I63: =+'23'!I38 -> 48.403
B64: T 12 | C64: 2 | D64: 260*1 | E64: =260*1 -> 260 | F64: =5+6 -> 11 | G64: =+E64*F64 -> 2860 | H64: =+(F64*E64)/SUM(F64:F64) -> 260
B65: T 14,5 | C65: 2 | D65: 128*2 | E65: =128*2 -> 256 | F65: =5+13+13+9 -> 40 | G65: =+E65*F65 -> 10240 | H65: =+(F65*E65+F66*E66)/SUM(F65:F66) -> 256
B66: T 14,5 | C66: 2 | D66: 256*1 | E66: =256*1 -> 256 | F66: 3 | G66: =+E66*F66 -> 768
A68: 45954 | B68: T 14,5 | C68: 2 | D68: 256*1 | E68: =256*1 -> 256 | F68: =14+1 -> 15 | G68: =+E68*F68 -> 3840 | H68: =+(F68*E68)/SUM(F68:F68) -> 256 | I68: =+'23'!I43 -> 96.3
B69: F 12 | C69: 2 | D69: 140+122,5 | E69: =140+122.5 -> 262.5 | F69: =12+13+8 -> 33 | G69: =+E69*F69 -> 8662.5 | H69: =+(F69*E69)/SUM(F69:F69) -> 262.5
B70: F 16 | C70: 2 | D70: 270*1 | E70: =270*1 -> 270 | F70: 6 | G70: =+E70*F70 -> 1620 | H70: =+(F70*E70)/SUM(F70:F70) -> 270
A72: 45955 | B72: T 13 | C72: 2 | D72: 256,5*1 | E72: =256.5*1 -> 256.5 | F72: =2+4+3 -> 9 | G72: =+E72*F72 -> 2308.5 | H72: =+(F72*E72)/SUM(F72:F72) -> 256.5 | I72: =+'25'!I38 -> 30.018
B73: F 12 | C73: 2 | D73: 140+122,5 | E73: =140+122.5 -> 262.5 | F73: =13+2 -> 15 | G73: =+E73*F73 -> 3937.5 | H73: =+(F73*E73)/SUM(F73:F73) -> 262.5
A75: 45956 | B75: T 13 | C75: 2 | D75: 256,5*1 | E75: =256.5*1 -> 256.5 | F75: =4+5+5 -> 14 | G75: =+E75*F75 -> 3591 | H75: =+(F75*E75)/SUM(F75:F75) -> 256.5 | I75: =+'26'!I38 -> 35.653
A77: 45957 | B77: T 13 | C77: 2 | D77: 256,5*1 | E77: =256.5*1 -> 256.5 | F77: =1+6+8 -> 15 | G77: =+E77*F77 -> 3847.5 | H77: =+(F77*E77+F78*E78)/SUM(F77:F78) -> 252.20455 | I77: =+'27'!I38 -> 33.918
B78: T 13 | C78: 2 | D78: 243*1 | E78: =243*1 -> 243 | F78: 7 | G78: =+E78*F78 -> 1701
A80: 45958 | B80: T 13 | C80: 2 | D80: 256,5*1 | E80: =256.5*1 -> 256.5 | F80: =8+9+10 -> 27 | G80: =+E80*F80 -> 6925.5 | H80: =+(F80*E80+F81*E81)/SUM(F80:F81) -> 251.89024 | I80: =+'28'!I38 -> 44.515
B81: T 13 | C81: 2 | D81: 243*1 | E81: =243*1 -> 243 | F81: =5+2+7 -> 14 | G81: =+E81*F81 -> 3402
A83: 45959 | B83: T 13 | C83: 2 | D83: 256,5*1 | E83: =256.5*1 -> 256.5 | F83: =9+10+4 -> 23 | G83: =+E83*F83 -> 5899.5 | H83: =+(F83*E83+F84*E84)/SUM(F83:F84) -> 254.94231 | I83: =+'29'!I38 -> 46.292
B84: T 13 | C84: 2 | D84: 243*1 | E84: =243*1 -> 243 | F84: 3 | G84: =+E84*F84 -> 729
B85: F 13 | C85: 2 | D85: 140+117 | E85: =140+117 -> 257 | F85: 8 | G85: =+E85*F85 -> 2056 | H85: =+(F85*E85)/SUM(F85:F85) -> 257
A87: 45960 | B87: F 16 | C87: 2 | D87: 270*1 | E87: =270*1 -> 270 | F87: 9 | G87: =+E87*F87 -> 2430 | H87: =+(F87*E87)/SUM(F87:F87) -> 270 | I87: =+'30'!I38 -> 47.581
B88: F 13 | C88: 2 | D88: 140+117 | E88: =140+117 -> 257 | F88: 15 | G88: =+E88*F88 -> 3855 | H88: =+(F88*E88)/SUM(F88:F88) -> 257
B89: F 12 | C89: 2 | D89: 140+122,5 | E89: =140+122.5 -> 262.5 | F89: 18 | G89: =+E89*F89 -> 4725 | H89: =+(F89*E89)/SUM(F89:F89) -> 262.5
B90: T 14 | C90: 2 | D90: 130*2 | E90: =130*2 -> 260 | F90: 17 | G90: =+E90*F90 -> 4420 | H90: =+(F90*E90)/SUM(F90:F90) -> 260
B91: T 13,5 | C91: 2 | D91: 256,5*1 | E91: =256.5*1 -> 256.5 | F91: 2 | G91: =+E91*F91 -> 513 | H91: =+(F91*E91)/SUM(F91:F91) -> 256.5
A93: 45961 | B93: T 13,5 | C93: 2 | D93: 256,5*1 | E93: =256.5*1 -> 256.5 | F93: 50 | G93: =+E93*F93 -> 12825 | H93: =+(F93*E93)/SUM(F93:F93) -> 256.5 | I93: =+'31'!I38 -> 39.597

Sheet Efficiency1
A1: PM17 Efficiency Report
A3: Date | B3: Grade | C3: Speed real (ton) with Available Time | D3: Colour | E3: gsm | F3: Ply | G3: Standard | L3: Real Running | O3: Trim Rewinder (cm) | P3: Trim Rewinder x Running Time | Q3: Available Time (mnt) | R3: Down Time (mnt) | S3: Loss Time (mnt) | T3: Real Speed & Real Creepe Ratio with Available Time (ton) | U3: Real Speed & Real Creepe Ratio setelah dipotong DT & LT (ton) | V3: Loss tonase akibat DT + LT dari hitungan Teori with available time (ton) | W3: Accepted (ton) | X3: Real Eff dr Target Eff | Y3: Backlog | Z3: Reject Rewinder (ton) | AA3: Estimasi Reject to Broke Plant (ton) | AB3: Estimasi Faktor BW (ton) | AC3: Loss Opportunity in Speed (ton) | AD3: Downtime/ Losstime | AE3: Reason of Downtime / Losstime | AF3: Loss Time | AM3: Total Losstime | AN3: Unschedule Shut Down (mnt) | AS3: Schedule Shut Down | AT3: Marketing | AV3: EXT FACTOR | AX3: EXT FACTOR | AZ3: MANAGEMENT | BA3: Total Down Time | BB3: Freq. Sheets Break (X) | BC3: Freq. Change Blade (X) | BD3: Steam, & gangguan sinergy (X) | BE3: Freq, Trip PLN (X) | BF3: Cleaning Holes (X)
AF4: Proses | AI4: Change Grade/Cleaning | AJ4: Mekanik | AK4: Electric & Instrument | AL4: Boiler | AN4: Down Time Produksi | AO4: Mekanik | AP4: Electrical & Instrument | AQ4: Boiler | AR4: Total Unschedule Shut Down | AV4: LOSS | AW4: DOWN TIME | AX4: LOSS | AY4: DOWN TIME
G5: Yankee Speed (mpm) | H5: Max % Creeping | I5: Target Eff | J5: Kapasitas PM-Teori (ton) | K5: Teori (ton) with Available Time | L5: Yankee Speed (mpm) | M5: Popereel Speed (mpm) | N5: % Creeping | AF5: sheet break | AG5: change blade | AH5: change spool | AT5: Loss time | AU5: Down Time | AV5: SINERGY | AW5: SINERGY | AX5: PLN | AY5: PLN
A6: =+Report1!A9 -> 45931 | B6: STOP | C6: =(M6*E6*O6*Q6)/100000000 -> 52.744608 | D6: RC HW | E6: 17 | F6: 1 | G6: 1025 | H6: =+N6 -> 0.2 | I6: 0.88 | J6: =E6*G6*(1-H6)*1440/1000000*2.74 -> 55.001664 | K6: =(IF(G6<L6,L6,G6)*(1-IF(H6<N6,H6,N6))*E6*O6*Q6)/100000000 -> 52.744608 | L6: 1050 | M6: 840 | N6: =1-(M6/L6) -> 0.2 | O6: =+'Trim Rwd'!H4 -> 256.5 | P6: =O6*(Q6-R6-S6) -> 0 | Q6: 1440 | R6: 1440 | S6: 0 | T6: =E6*M6*O6*Q6/100000000 -> 52.744608 | U6: =E6*M6*O6*(Q6-R6-S6)/100000000 -> 0 | V6: =E6*G6*(1-N6)*O6/100*(R6+S6)/1000000 -> 51.488784 | W6: =+'1'!K7/1000 -> 3.364 | X6: =SUM(W6:W9)/SUM(K6:K9) -> 0.063779031 | Y6: 0 | Z6: =+'1'!D34/1000 -> 0 | AA6: =SUM(U6:U9)-SUM(W6:W9)-SUM(Z6:Z9)-SUM(Y6:Y9) -> -3.364 | AB6: =(SUM(K6:K9)-SUM(W6:W9)-SUM(Y6:Y9)-SUM(Z6:Z9)-SUM(AC6:AC9)-SUM(V6:V9))-AA6 -> 1.255824 | AC6: =K6-T6 -> 0 | AD6: =+AM6+BA6 -> 0 | AE6: - Sheet Breaks (0x) | AF6: 0 | AM6: =SUM(AF6:AL6)+AT6+AV6+AX6 -> 0 | AR6: =SUM(AN6:AQ6) -> 0 | BA6: =+AR6+AS6+AU6+AW6+AY6+AZ6 -> 0 | BB6: 0
AD7: =+AM7+BA7 -> 0 | AE7: - Change Blade (0x) | AG7: 0 | AM7: =SUM(AF7:AL7)+AT7+AV7+AX7 -> 0 | AR7: =SUM(AN7:AQ7) -> 0 | BA7: =+AR7+AS7+AU7+AW7+AY7+AZ7 -> 0 | BC7: 0
AD8: =+AM8+BA8 -> 0 | AE8: - Change Spool (0x) | AH8: 0 | AM8: =SUM(AF8:AL8)+AT8+AV8+AX8 -> 0 | AR8: =SUM(AN8:AQ8) -> 0 | BA8: =+AR8+AS8+AU8+AW8+AY8+AZ8 -> 0
AD9: =+AM9+BA9 -> 1440 | AE9: - STOP, No Order | AM9: =SUM(AF9:AL9)+AT9+AV9+AX9 -> 0 | AR9: =SUM(AN9:AQ9) -> 0 | AU9: 1440 | BA9: =+AR9+AS9+AU9+AW9+AY9+AZ9 -> 1440
A11: 45932 | B11: STOP | C11: =(M11*E11*O11*Q11)/100000000 -> 52.744608 | D11: RC HW | E11: 17 | F11: 1 | G11: 1025 | H11: =+N11 -> 0.2 | I11: 0.88 | J11: =E11*G11*(1-H11)*1440/1000000*2.74 -> 55.001664 | K11: =(IF(G11<L11,L11,G11)*(1-IF(H11<N11,H11,N11))*E11*O11*Q11)/100000000 -> 52.744608 | L11: 1050 | M11: 840 | N11: =1-(M11/L11) -> 0.2 | O11: =+'Trim Rwd'!H6 -> 256.5 | P11: =O11*(Q11-R11-S11) -> 0 | Q11: 1440 | R11: 1440 | S11: 0 | T11: =E11*M11*O11*Q11/100000000 -> 52.744608 | U11: =E11*M11*O11*(Q11-R11-S11)/100000000 -> 0 | V11: =E11*G11*(1-N11)*O11/100*(R11+S11)/1000000 -> 51.488784 | W11: =+'1'!K12/1000 -> 0 | X11: =SUM(W11:W14)/SUM(K11:K14) -> 0 | Y11: 0 | Z11: =+'1'!D39/1000 -> 0 | AA11: =SUM(U11:U14)-SUM(W11:W14)-SUM(Z11:Z14)-SUM(Y11:Y14) -> 0 | AB11: =(SUM(K11:K14)-SUM(W11:W14)-SUM(Y11:Y14)-SUM(Z11:Z14)-SUM(AC11:AC14)-SUM(V11:V14))-AA11 -> 1.255824 | AC11: =K11-T11 -> 0 | AD11: =+AM11+BA11 -> 0 | AE11: - Sheet Breaks (0x) | AF11: 0 | AM11: =SUM(AF11:AL11)+AT11+AV11+AX11 -> 0 | AR11: =SUM(AN11:AQ11) -> 0 | BA11: =+AR11+AS11+AU11+AW11+AY11+AZ11 -> 0 | BB11: 0
AD12: =+AM12+BA12 -> 0 | AE12: - Change Blade (0x) | AG12: 0 | AM12: =SUM(AF12:AL12)+AT12+AV12+AX12 -> 0 | AR12: =SUM(AN12:AQ12) -> 0 | BA12: =+AR12+AS12+AU12+AW12+AY12+AZ12 -> 0 | BC12: 0
AD13: =+AM13+BA13 -> 0 | AE13: - Change Spool (0x) | AH13: 0 | AM13: =SUM(AF13:AL13)+AT13+AV13+AX13 -> 0 | AR13: =SUM(AN13:AQ13) -> 0 | BA13: =+AR13+AS13+AU13+AW13+AY13+AZ13 -> 0
AD14: =+AM14+BA14 -> 1440 | AE14: - STOP, No Order | AM14: =SUM(AF14:AL14)+AT14+AV14+AX14 -> 0 | AR14: =SUM(AN14:AQ14) -> 0 | AU14: 1440 | BA14: =+AR14+AS14+AU14+AW14+AY14+AZ14 -> 1440
A16: 45933 | B16: STOP | C16: =(M16*E16*O16*Q16)/100000000 -> 52.744608 | D16: RC HW | E16: 17 | F16: 1 | G16: 1025 | H16: =+N16 -> 0.2 | I16: 0.88 | J16: =E16*G16*(1-H16)*1440/1000000*2.74 -> 55.001664 | K16: =(IF(G16<L16,L16,G16)*(1-IF(H16<N16,H16,N16))*E16*O16*Q16)/100000000 -> 52.744608 | L16: 1050 | M16: 840 | N16: =1-(M16/L16) -> 0.2 | O16: =+'Trim Rwd'!H8 -> 256.5 | P16: =O16*(Q16-R16-S16) -> 0 | Q16: 1440 | R16: 1440 | S16: 0 | T16: =E16*M16*O16*Q16/100000000 -> 52.744608 | U16: =E16*M16*O16*(Q16-R16-S16)/100000000 -> 0 | V16: =E16*G16*(1-N16)*O16/100*(R16+S16)/1000000 -> 51.488784 | W16: =+'1'!K17/1000 -> 0 | X16: =SUM(W16:W19)/SUM(K16:K19) -> 0 | Y16: 0 | Z16: =+'1'!D44/1000 -> 0 | AA16: =SUM(U16:U19)-SUM(W16:W19)-SUM(Z16:Z19)-SUM(Y16:Y19) -> 0 | AB16: =(SUM(K16:K19)-SUM(W16:W19)-SUM(Y16:Y19)-SUM(Z16:Z19)-SUM(AC16:AC19)-SUM(V16:V19))-AA16 -> 1.255824 | AC16: =K16-T16 -> 0 | AD16: =+AM16+BA16 -> 0 | AE16: - Sheet Breaks (0x) | AF16: 0 | AM16: =SUM(AF16:AL16)+AT16+AV16+AX16 -> 0 | AR16: =SUM(AN16:AQ16) -> 0 | BA16: =+AR16+AS16+AU16+AW16+AY16+AZ16 -> 0 | BB16: 0
AD17: =+AM17+BA17 -> 0 | AE17: - Change Blade (0x) | AG17: 0 | AM17: =SUM(AF17:AL17)+AT17+AV17+AX17 -> 0 | AR17: =SUM(AN17:AQ17) -> 0 | BA17: =+AR17+AS17+AU17+AW17+AY17+AZ17 -> 0 | BC17: 0
AD18: =+AM18+BA18 -> 0 | AE18: - Change Spool (0x) | AH18: 0 | AM18: =SUM(AF18:AL18)+AT18+AV18+AX18 -> 0 | AR18: =SUM(AN18:AQ18) -> 0 | BA18: =+AR18+AS18+AU18+AW18+AY18+AZ18 -> 0
AD19: =+AM19+BA19 -> 1440 | AE19: - STOP, No Order | AM19: =SUM(AF19:AL19)+AT19+AV19+AX19 -> 0 | AR19: =SUM(AN19:AQ19) -> 0 | AU19: 1440 | BA19: =+AR19+AS19+AU19+AW19+AY19+AZ19 -> 1440
A21: 45934 | B21: STOP | C21: =(M21*E21*O21*Q21)/100000000 -> 52.744608 | D21: RC HW | E21: 17 | F21: 1 | G21: 1025 | H21: =+N21 -> 0.2 | I21: 0.88 | J21: =E21*G21*(1-H21)*1440/1000000*2.74 -> 55.001664 | K21: =(IF(G21<L21,L21,G21)*(1-IF(H21<N21,H21,N21))*E21*O21*Q21)/100000000 -> 52.744608 | L21: 1050 | M21: 840 | N21: =1-(M21/L21) -> 0.2 | O21: =+'Trim Rwd'!H10 -> 256.5 | P21: =O21*(Q21-R21-S21) -> 0 | Q21: 1440 | R21: 1440 | S21: 0 | T21: =E21*M21*O21*Q21/100000000 -> 52.744608 | U21: =E21*M21*O21*(Q21-R21-S21)/100000000 -> 0 | V21: =E21*G21*(1-N21)*O21/100*(R21+S21)/1000000 -> 51.488784 | W21: =+'1'!K22/1000 -> 0 | X21: =SUM(W21:W24)/SUM(K21:K24) -> 0 | Y21: 0 | Z21: 0 | AA21: =SUM(U21:U24)-SUM(W21:W24)-SUM(Z21:Z24)-SUM(Y21:Y24) -> 0 | AB21: =(SUM(K21:K24)-SUM(W21:W24)-SUM(Y21:Y24)-SUM(Z21:Z24)-SUM(AC21:AC24)-SUM(V21:V24))-AA21 -> 1.255824 | AC21: =K21-T21 -> 0 | AD21: =+AM21+BA21 -> 0 | AE21: - Sheet Breaks (0x) | AF21: 0 | AM21: =SUM(AF21:AL21)+AT21+AV21+AX21 -> 0 | AR21: =SUM(AN21:AQ21) -> 0 | BA21: =+AR21+AS21+AU21+AW21+AY21+AZ21 -> 0 | BB21: 0
AD22: =+AM22+BA22 -> 0 | AE22: - Change Blade (0x) | AG22: 0 | AM22: =SUM(AF22:AL22)+AT22+AV22+AX22 -> 0 | AR22: =SUM(AN22:AQ22) -> 0 | BA22: =+AR22+AS22+AU22+AW22+AY22+AZ22 -> 0 | BC22: 0
AD23: =+AM23+BA23 -> 0 | AE23: - Change Spool (0x) | AH23: 0 | AM23: =SUM(AF23:AL23)+AT23+AV23+AX23 -> 0 | AR23: =SUM(AN23:AQ23) -> 0 | BA23: =+AR23+AS23+AU23+AW23+AY23+AZ23 -> 0
AD24: =+AM24+BA24 -> 1440 | AE24: - STOP, No Order | AM24: =SUM(AF24:AL24)+AT24+AV24+AX24 -> 0 | AR24: =SUM(AN24:AQ24) -> 0 | AU24: 1440 | BA24: =+AR24+AS24+AU24+AW24+AY24+AZ24 -> 1440
A26: 45935 | B26: STOP | C26: =(M26*E26*O26*Q26)/100000000 -> 52.744608 | D26: RC HW | E26: 17 | F26: 1 | G26: 1025 | H26: =+N26 -> 0.2 | I26: 0.88 | J26: =E26*G26*(1-H26)*1440/1000000*2.74 -> 55.001664 | K26: =(IF(G26<L26,L26,G26)*(1-IF(H26<N26,H26,N26))*E26*O26*Q26)/100000000 -> 52.744608 | L26: 1050 | M26: 840 | N26: =1-(M26/L26) -> 0.2 | O26: =+'Trim Rwd'!H12 -> 256.5 | P26: =O26*(Q26-R26-S26) -> 0 | Q26: 1440 | R26: 1440 | S26: 0 | T26: =E26*M26*O26*Q26/100000000 -> 52.744608 | U26: =E26*M26*O26*(Q26-R26-S26)/100000000 -> 0 | V26: =E26*G26*(1-N26)*O26/100*(R26+S26)/1000000 -> 51.488784 | W26: =+'1'!K27/1000 -> 0 | X26: =SUM(W26:W29)/SUM(K26:K29) -> 0 | Y26: 0 | Z26: 0 | AA26: =SUM(U26:U29)-SUM(W26:W29)-SUM(Z26:Z29)-SUM(Y26:Y29) -> 0 | AB26: =(SUM(K26:K29)-SUM(W26:W29)-SUM(Y26:Y29)-SUM(Z26:Z29)-SUM(AC26:AC29)-SUM(V26:V29))-AA26 -> 1.255824 | AC26: =K26-T26 -> 0 | AD26: =+AM26+BA26 -> 0 | AE26: - Sheet Breaks (0x) | AF26: 0 | AM26: =SUM(AF26:AL26)+AT26+AV26+AX26 -> 0 | AR26: =SUM(AN26:AQ26) -> 0 | BA26: =+AR26+AS26+AU26+AW26+AY26+AZ26 -> 0 | BB26: 0
AD27: =+AM27+BA27 -> 0 | AE27: - Change Blade (0x) | AG27: 0 | AM27: =SUM(AF27:AL27)+AT27+AV27+AX27 -> 0 | AR27: =SUM(AN27:AQ27) -> 0 | BA27: =+AR27+AS27+AU27+AW27+AY27+AZ27 -> 0 | BC27: 0
AD28: =+AM28+BA28 -> 0 | AE28: - Change Spool (0x) | AH28: 0 | AM28: =SUM(AF28:AL28)+AT28+AV28+AX28 -> 0 | AR28: =SUM(AN28:AQ28) -> 0 | BA28: =+AR28+AS28+AU28+AW28+AY28+AZ28 -> 0
AD29: =+AM29+BA29 -> 1440 | AE29: - STOP, No Order | AM29: =SUM(AF29:AL29)+AT29+AV29+AX29 -> 0 | AR29: =SUM(AN29:AQ29) -> 0 | AU29: 1440 | BA29: =+AR29+AS29+AU29+AW29+AY29+AZ29 -> 1440
A31: 45936 | B31: STOP | C31: =(M31*E31*O31*Q31)/100000000 -> 52.744608 | D31: RC HW | E31: 17 | F31: 1 | G31: 1025 | H31: =+N31 -> 0.2 | I31: 0.88 | J31: =E31*G31*(1-H31)*1440/1000000*2.74 -> 55.001664 | K31: =(IF(G31<L31,L31,G31)*(1-IF(H31<N31,H31,N31))*E31*O31*Q31)/100000000 -> 52.744608 | L31: 1050 | M31: 840 | N31: =1-(M31/L31) -> 0.2 | O31: =+'Trim Rwd'!H14 -> 256.5 | P31: =O31*(Q31-R31-S31) -> 0 | Q31: 1440 | R31: 1440 | S31: 0 | T31: =E31*M31*O31*Q31/100000000 -> 52.744608 | U31: =E31*M31*O31*(Q31-R31-S31)/100000000 -> 0 | V31: =E31*G31*(1-N31)*O31/100*(R31+S31)/1000000 -> 51.488784 | W31: =+'1'!K32/1000 -> 0 | X31: =SUM(W31:W34)/SUM(K31:K34) -> 0 | Y31: 0 | Z31: =+'1'!D59/1000 -> 0 | AA31: =SUM(U31:U34)-SUM(W31:W34)-SUM(Z31:Z34)-SUM(Y31:Y34) -> 0 | AB31: =(SUM(K31:K34)-SUM(W31:W34)-SUM(Y31:Y34)-SUM(Z31:Z34)-SUM(AC31:AC34)-SUM(V31:V34))-AA31 -> 1.255824 | AC31: =K31-T31 -> 0 | AD31: =+AM31+BA31 -> 0 | AE31: - Sheet Breaks (0x) | AF31: 0 | AM31: =SUM(AF31:AL31)+AT31+AV31+AX31 -> 0 | AR31: =SUM(AN31:AQ31) -> 0 | BA31: =+AR31+AS31+AU31+AW31+AY31+AZ31 -> 0 | BB31: 0
AD32: =+AM32+BA32 -> 0 | AE32: - Change Blade (0x) | AG32: 0 | AM32: =SUM(AF32:AL32)+AT32+AV32+AX32 -> 0 | AR32: =SUM(AN32:AQ32) -> 0 | BA32: =+AR32+AS32+AU32+AW32+AY32+AZ32 -> 0 | BC32: 0
AD33: =+AM33+BA33 -> 0 | AE33: - Change Spool (0x) | AH33: 0 | AM33: =SUM(AF33:AL33)+AT33+AV33+AX33 -> 0 | AR33: =SUM(AN33:AQ33) -> 0 | BA33: =+AR33+AS33+AU33+AW33+AY33+AZ33 -> 0
AD34: =+AM34+BA34 -> 1440 | AE34: - STOP, No Order | AM34: =SUM(AF34:AL34)+AT34+AV34+AX34 -> 0 | AR34: =SUM(AN34:AQ34) -> 0 | AU34: 1440 | BA34: =+AR34+AS34+AU34+AW34+AY34+AZ34 -> 1440
A36: 45937 | B36: STOP | C36: =(M36*E36*O36*Q36)/100000000 -> 52.744608 | D36: RC HW | E36: 17 | F36: 1 | G36: 1025 | H36: =+N36 -> 0.2 | I36: 0.88 | J36: =E36*G36*(1-H36)*1440/1000000*2.74 -> 55.001664 | K36: =(IF(G36<L36,L36,G36)*(1-IF(H36<N36,H36,N36))*E36*O36*Q36)/100000000 -> 52.744608 | L36: 1050 | M36: 840 | N36: =1-(M36/L36) -> 0.2 | O36: =+'Trim Rwd'!H16 -> 256.5 | P36: =O36*(Q36-R36-S36) -> 0 | Q36: 1440 | R36: 1440 | S36: 0 | T36: =E36*M36*O36*Q36/100000000 -> 52.744608 | U36: =E36*M36*O36*(Q36-R36-S36)/100000000 -> 0 | V36: =E36*G36*(1-N36)*O36/100*(R36+S36)/1000000 -> 51.488784 | W36: 0 | X36: =SUM(W36:W39)/SUM(K36:K39) -> 0 | Y36: 0 | Z36: =+'1'!D64/1000 -> 0 | AA36: =SUM(U36:U39)-SUM(W36:W39)-SUM(Z36:Z39)-SUM(Y36:Y39) -> 0 | AB36: =(SUM(K36:K39)-SUM(W36:W39)-SUM(Y36:Y39)-SUM(Z36:Z39)-SUM(AC36:AC39)-SUM(V36:V39))-AA36 -> 1.255824 | AC36: =K36-T36 -> 0 | AD36: =+AM36+BA36 -> 0 | AE36: - Sheet Breaks (0x) | AF36: 0 | AM36: =SUM(AF36:AL36)+AT36+AV36+AX36 -> 0 | AR36: =SUM(AN36:AQ36) -> 0 | BA36: =+AR36+AS36+AU36+AW36+AY36+AZ36 -> 0 | BB36: 0
AD37: =+AM37+BA37 -> 0 | AE37: - Change Blade (0x) | AG37: 0 | AM37: =SUM(AF37:AL37)+AT37+AV37+AX37 -> 0 | AR37: =SUM(AN37:AQ37) -> 0 | BA37: =+AR37+AS37+AU37+AW37+AY37+AZ37 -> 0 | BC37: 0
AD38: =+AM38+BA38 -> 0 | AE38: - Change Spool (0x) | AH38: 0 | AM38: =SUM(AF38:AL38)+AT38+AV38+AX38 -> 0 | AR38: =SUM(AN38:AQ38) -> 0 | BA38: =+AR38+AS38+AU38+AW38+AY38+AZ38 -> 0
AD39: =+AM39+BA39 -> 1440 | AE39: - STOP, No Order | AM39: =SUM(AF39:AL39)+AT39+AV39+AX39 -> 0 | AR39: =SUM(AN39:AQ39) -> 0 | AU39: 1440 | BA39: =+AR39+AS39+AU39+AW39+AY39+AZ39 -> 1440
A41: 45938 | B41: STOP | C41: =(M41*E41*O41*Q41)/100000000 -> 52.744608 | D41: RC HW | E41: 17 | F41: 1 | G41: 1025 | H41: =+N41 -> 0.2 | I41: 0.88 | J41: =E41*G41*(1-H41)*1440/1000000*2.74 -> 55.001664 | K41: =(IF(G41<L41,L41,G41)*(1-IF(H41<N41,H41,N41))*E41*O41*Q41)/100000000 -> 52.744608 | L41: 1050 | M41: 840 | N41: =1-(M41/L41) -> 0.2 | O41: =+'Trim Rwd'!H18 -> 256.5 | P41: =O41*(Q41-R41-S41) -> 0 | Q41: 1440 | R41: 1440 | S41: 0 | T41: =E41*M41*O41*Q41/100000000 -> 52.744608 | U41: =E41*M41*O41*(Q41-R41-S41)/100000000 -> 0 | V41: =E41*G41*(1-N41)*O41/100*(R41+S41)/1000000 -> 51.488784 | W41: 0 | X41: =SUM(W41:W44)/SUM(K41:K44) -> 0 | Y41: 0 | Z41: =+'1'!D69/1000 -> 0 | AA41: =SUM(U41:U44)-SUM(W41:W44)-SUM(Z41:Z44)-SUM(Y41:Y44) -> 0 | AB41: =(SUM(K41:K44)-SUM(W41:W44)-SUM(Y41:Y44)-SUM(Z41:Z44)-SUM(AC41:AC44)-SUM(V41:V44))-AA41 -> 1.255824 | AC41: =K41-T41 -> 0 | AD41: =+AM41+BA41 -> 0 | AE41: - Sheet Breaks (0x) | AF41: 0 | AM41: =SUM(AF41:AL41)+AT41+AV41+AX41 -> 0 | AR41: =SUM(AN41:AQ41) -> 0 | BA41: =+AR41+AS41+AU41+AW41+AY41+AZ41 -> 0 | BB41: 0
AD42: =+AM42+BA42 -> 0 | AE42: - Change Blade (0x) | AG42: 0 | AM42: =SUM(AF42:AL42)+AT42+AV42+AX42 -> 0 | AR42: =SUM(AN42:AQ42) -> 0 | BA42: =+AR42+AS42+AU42+AW42+AY42+AZ42 -> 0 | BC42: 0
AD43: =+AM43+BA43 -> 0 | AE43: - Change Spool (0x) | AH43: 0 | AM43: =SUM(AF43:AL43)+AT43+AV43+AX43 -> 0 | AR43: =SUM(AN43:AQ43) -> 0 | BA43: =+AR43+AS43+AU43+AW43+AY43+AZ43 -> 0
AD44: =+AM44+BA44 -> 1440 | AE44: - STOP, No Order | AM44: =SUM(AF44:AL44)+AT44+AV44+AX44 -> 0 | AR44: =SUM(AN44:AQ44) -> 0 | AU44: 1440 | BA44: =+AR44+AS44+AU44+AW44+AY44+AZ44 -> 1440
A46: 45939 | B46: Toilet | C46: =(M46*E46*O46*Q46)/100000000 -> 37.04 | D46: VP OW | E46: 14 | F46: 1 | G46: 1300 | H46: =+N46 -> 0.23340045 | I46: 0.88 | J46: =E46*G46*(1-H46)*1440/1000000*2.74 -> 55.049452 | K46: =(IF(G46<L46,L46,G46)*(1-IF(H46<N46,H46,N46))*E46*O46*Q46)/100000000 -> 50.940835 | L46: 945.25346 | M46: 724.63088 | N46: =1-(M46/L46) -> 0.23340045 | O46: =+'Trim Rwd'!H20 -> 264 | P46: =O46*(Q46-R46-S46) -> 225456 | Q46: =868+515 -> 1383 | R46: =325+190 -> 515 | S46: 14 | T46: =E46*M46*O46*Q46/100000000 -> 37.04 | U46: =E46*M46*O46*(Q46-R46-S46)/100000000 -> 22.872133 | V46: =E46*G46*(1-N46)*O46/100*(R46+S46)/1000000 -> 19.484961 | W46: =+'9'!K8/1000 -> 17.867 | X46: =SUM(W46:W49)/SUM(K46:K49) -> 0.33723214 | Y46: 0 | Z46: =+'1'!D74/1000 -> 0 | AA46: =SUM(U46:U49)-SUM(W46:W49)-SUM(Z46:Z49)-SUM(Y46:Y49) -> 6.6274885 | AB46: =(SUM(K46:K49)-SUM(W46:W49)-SUM(Y46:Y49)-SUM(Z46:Z49)-SUM(AC46:AC49)-SUM(V46:V49))-AA46 -> -5.3296952 | AC46: =K46-T46 -> 13.900835 | AD46: =+AM46+BA46 -> 0 | AE46: - Sheet Breaks (0x) | AF46: 0 | AM46: =SUM(AF46:AL46)+AT46+AV46+AX46 -> 0 | AR46: =SUM(AN46:AQ46) -> 0 | BA46: =+AR46+AS46+AU46+AW46+AY46+AZ46 -> 0 | BB46: 0
B47: Toilet | C47: =(M47*E47*O47*Q47)/100000000 -> 1.6813502 | D47: VP OW | E47: 14.5 | F47: 1 | G47: 1250 | H47: =+N47 -> 0.23 | I47: 0.88 | J47: =E47*G47*(1-H47)*1440/1000000*2.74 -> 55.06578 | K47: =(IF(G47<L47,L47,G47)*(1-IF(H47<N47,H47,N47))*E47*O47*Q47)/100000000 -> 2.0404735 | L47: 1030 | M47: 793.1 | N47: =1-(M47/L47) -> 0.23 | O47: =+'Trim Rwd'!H21 -> 256.5 | P47: =O47*(Q47-R47-S47) -> 14107.5 | Q47: 57 | R47: 0 | S47: 2 | T47: =E47*M47*O47*Q47/100000000 -> 1.6813502 | U47: =E47*M47*O47*(Q47-R47-S47)/100000000 -> 1.6223554 | V47: =E47*G47*(1-N47)*O47/100*(R47+S47)/1000000 -> 0.071595563 | W47: 0 | AC47: =K47-T47 -> 0.35912334 | AD47: =+AM47+BA47 -> 5 | AE47: - Change Blade (9x) | AG47: 5 | AM47: =SUM(AF47:AL47)+AT47+AV47+AX47 -> 5 | AR47: =SUM(AN47:AQ47) -> 0 | BA47: =+AR47+AS47+AU47+AW47+AY47+AZ47 -> 0 | BC47: 9
AD48: =+AM48+BA48 -> 11 | AE48: - Change Spool (17x) | AH48: 11 | AM48: =SUM(AF48:AL48)+AT48+AV48+AX48 -> 11 | AR48: =SUM(AN48:AQ48) -> 0 | BA48: =+AR48+AS48+AU48+AW48+AY48+AZ48 -> 0
AD49: =+AM49+BA49 -> 325 | AE49: - STOP, No Order | AM49: =SUM(AF49:AL49)+AT49+AV49+AX49 -> 0 | AR49: =SUM(AN49:AQ49) -> 0 | AU49: 325 | BA49: =+AR49+AS49+AU49+AW49+AY49+AZ49 -> 325
AD50: =+AM50+BA50 -> 190 | AE50: - 16:06 pm 17 stop, kertas hole -> cek wire | AM50: =SUM(AF50:AL50)+AT50+AV50+AX50 -> 0 | AN50: 190 | AR50: =SUM(AN50:AQ50) -> 190 | BA50: =+AR50+AS50+AU50+AW50+AY50+AZ50 -> 190 | BF50: 1
A52: 45940 | B52: Toilet | C52: =(M52*E52*O52*Q52)/100000000 -> 48.791463 | D52: VP OW | E52: 14.5 | F52: 1 | G52: 1230 | H52: =+N52 -> 0.21674537 | I52: 0.88 | J52: =E52*G52*(1-H52)*1440/1000000*2.74 -> 55.117453 | K52: =(IF(G52<L52,L52,G52)*(1-IF(H52<N52,H52,N52))*E52*O52*Q52)/100000000 -> 51.597177 | L52: 1163.1159 | M52: 911.01594 | N52: =1-(M52/L52) -> 0.21674537 | O52: =+'Trim Rwd'!H24 -> 256.5 | P52: =O52*(Q52-R52-S52) -> 339349.5 | Q52: 1440 | R52: 60 | S52: 57 | T52: =E52*M52*O52*Q52/100000000 -> 48.791463 | U52: =E52*M52*O52*(Q52-R52-S52)/100000000 -> 44.827157 | V52: =E52*G52*(1-N52)*O52/100*(R52+S52)/1000000 -> 4.1922707 | W52: =+'10'!K9/1000 -> 32.18 | X52: =SUM(W52:W55)/SUM(K52:K55) -> 0.73928463 | Y52: 0 | Z52: =+'1'!D80/1000 -> 0 | AA52: =SUM(U52:U55)-SUM(W52:W55)-SUM(Z52:Z55)-SUM(Y52:Y55) -> 6.6821566 | AB52: =(SUM(K52:K55)-SUM(W52:W55)-SUM(Y52:Y55)-SUM(Z52:Z55)-SUM(AC52:AC55)-SUM(V52:V55))-AA52 -> -0.22796429 | AC52: =K52-T52 -> 2.8057143 | AD52: =+AM52+BA52 -> 0 | AE52: - Sheet Breaks (0x) | AF52: 0 | AM52: =SUM(AF52:AL52)+AT52+AV52+AX52 -> 0 | AR52: =SUM(AN52:AQ52) -> 0 | BA52: =+AR52+AS52+AU52+AW52+AY52+AZ52 -> 0 | BB52: 0
B53: Toilet | D53: VP OW | E53: 14 | W53: =+'10'!K8/1000 -> 5.965 | AD53: =+AM53+BA53 -> 27 | AE53: - Change Blade (16x) | AG53: 27 | AM53: =SUM(AF53:AL53)+AT53+AV53+AX53 -> 27 | AR53: =SUM(AN53:AQ53) -> 0 | BA53: =+AR53+AS53+AU53+AW53+AY53+AZ53 -> 0 | BC53: 16
AD54: =+AM54+BA54 -> 30 | AE54: - Change Spool (23x) | AH54: 30 | AM54: =SUM(AF54:AL54)+AT54+AV54+AX54 -> 30 | AR54: =SUM(AN54:AQ54) -> 0 | BA54: =+AR54+AS54+AU54+AW54+AY54+AZ54 -> 0
AD55: =+AM55+BA55 -> 60 | AE55: -20:30 PM stop Trip proximity felt ds ,Alrm actual felt tidak geser (eid perbaikan) | AM55: =SUM(AF55:AL55)+AT55+AV55+AX55 -> 0 | AP55: 60 | AR55: =SUM(AN55:AQ55) -> 60 | AU55: 0 | BA55: =+AR55+AS55+AU55+AW55+AY55+AZ55 -> 60
A57: 45941 | B57: Toilet | C57: =(M57*E57*O57*Q57)/100000000 -> 50.56538 | D57: VP OW | E57: 14.5 | F57: 1 | G57: 1240 | H57: =+N57 -> 0.22330915 | I57: 0.88 | J57: =E57*G57*(1-H57)*1440/1000000*2.74 -> 55.099915 | K57: =(IF(G57<L57,L57,G57)*(1-IF(H57<N57,H57,N57))*E57*O57*Q57)/100000000 -> 51.58076 | L57: 1215.5903 | M57: 944.13785 | N57: =1-(M57/L57) -> 0.22330915 | O57: =+'Trim Rwd'!H26 -> 256.5 | P57: =O57*(Q57-R57-S57) -> 345762 | Q57: 1440 | R57: 0 | S57: 92 | T57: =E57*M57*O57*Q57/100000000 -> 50.56538 | U57: =E57*M57*O57*(Q57-R57-S57)/100000000 -> 47.334814 | V57: =E57*G57*(1-N57)*O57/100*(R57+S57)/1000000 -> 3.2954375 | W57: =+'11'!K9/1000 -> 35.464 | X57: =SUM(W57:W60)/SUM(K57:K60) -> 0.68754318 | Y57: =+SUM(RBP!AG8:AG9) -> 0 | Z57: =+'1'!D85/1000 -> 0 | AA57: =SUM(U57:U60)-SUM(W57:W60)-SUM(Z57:Z60)-SUM(Y57:Y60) -> 11.870814 | AB57: =(SUM(K57:K60)-SUM(W57:W60)-SUM(Y57:Y60)-SUM(Z57:Z60)-SUM(AC57:AC60)-SUM(V57:V60))-AA57 -> -0.064871543 | AC57: =K57-T57 -> 1.0153807 | AD57: =+AM57+BA57 -> 10 | AE57: - Sheet Breaks (5x) | AF57: 10 | AM57: =SUM(AF57:AL57)+AT57+AV57+AX57 -> 10 | AR57: =SUM(AN57:AQ57) -> 0 | BA57: =+AR57+AS57+AU57+AW57+AY57+AZ57 -> 0 | BB57: 5
AD58: =+AM58+BA58 -> 28 | AE58: - Change Blade (12x) | AG58: 28 | AM58: =SUM(AF58:AL58)+AT58+AV58+AX58 -> 28 | AR58: =SUM(AN58:AQ58) -> 0 | BA58: =+AR58+AS58+AU58+AW58+AY58+AZ58 -> 0 | BC58: 12
AD59: =+AM59+BA59 -> 54 | AE59: - Change Spool (24x) | AH59: 54 | AM59: =SUM(AF59:AL59)+AT59+AV59+AX59 -> 54 | AR59: =SUM(AN59:AQ59) -> 0 | BA59: =+AR59+AS59+AU59+AW59+AY59+AZ59 -> 0
A61: 45942 | B61: Toilet | C61: =(M61*E61*O61*Q61)/100000000 -> 50.687183 | D61: VP OW | E61: 14.5 | F61: 1 | G61: 1240 | H61: =+N61 -> 0.22380294 | I61: 0.88 | J61: =E61*G61*(1-H61)*1440/1000000*2.74 -> 55.064885 | K61: =(IF(G61<L61,L61,G61)*(1-IF(H61<N61,H61,N61))*E61*O61*Q61)/100000000 -> 51.547967 | L61: 1219.2936 | M61: 946.41212 | N61: =1-(M61/L61) -> 0.22380294 | O61: =+'Trim Rwd'!H28 -> 256.5 | P61: =O61*(Q61-R61-S61) -> 310365 | Q61: 1440 | R61: 173 | S61: 57 | T61: =E61*M61*O61*Q61/100000000 -> 50.687183 | U61: =E61*M61*O61*(Q61-R61-S61)/100000000 -> 42.591313 | V61: =E61*G61*(1-N61)*O61/100*(R61+S61)/1000000 -> 8.2333559 | W61: =+'12'!K9/1000 -> 44.765 | X61: =SUM(W61:W64)/SUM(K61:K64) -> 0.86841446 | Y61: 0 | Z61: =+'1'!D89/1000 -> 0 | AA61: =SUM(U61:U64)-SUM(W61:W64)-SUM(Z61:Z64)-SUM(Y61:Y64) -> -2.1736866 | AB61: =(SUM(K61:K64)-SUM(W61:W64)-SUM(Y61:Y64)-SUM(Z61:Z64)-SUM(AC61:AC64)-SUM(V61:V64))-AA61 -> -0.13748637 | AC61: =K61-T61 -> 0.86078425 | AD61: =+AM61+BA61 -> 0 | AE61: - Sheet Breaks (0x) | AF61: 0 | AM61: =SUM(AF61:AL61)+AT61+AV61+AX61 -> 0 | AR61: =SUM(AN61:AQ61) -> 0 | BA61: =+AR61+AS61+AU61+AW61+AY61+AZ61 -> 0 | BB61: 0
AD62: =+AM62+BA62 -> 27 | AE62: - Change Blade (9x) | AG62: 27 | AM62: =SUM(AF62:AL62)+AT62+AV62+AX62 -> 27 | AR62: =SUM(AN62:AQ62) -> 0 | BA62: =+AR62+AS62+AU62+AW62+AY62+AZ62 -> 0 | BC62: 9
AD63: =+AM63+BA63 -> 30 | AE63: - Change Spool (20x) | AH63: 30 | AM63: =SUM(AF63:AL63)+AT63+AV63+AX63 -> 30 | AR63: =SUM(AN63:AQ63) -> 0 | BA63: =+AR63+AS63+AU63+AW63+AY63+AZ63 -> 0
AD64: =+AM64+BA64 -> 173 | AE64: - 09:18 pm 17 stop, cleaning wire & felt | AM64: =SUM(AF64:AL64)+AT64+AV64+AX64 -> 0 | AN64: 173 | AR64: =SUM(AN64:AQ64) -> 173 | AU64: 0 | BA64: =+AR64+AS64+AU64+AW64+AY64+AZ64 -> 173 | BF64: 2
A66: 45943 | B66: Toilet | C66: =(M66*E66*O66*Q66)/100000000 -> 49.804901 | D66: VP OW | E66: 14.5 | F66: 1 | G66: 1235 | H66: =+N66 -> 0.22082397 | I66: 0.88 | J66: =E66*G66*(1-H66)*1440/1000000*2.74 -> 55.05333 | K66: =(IF(G66<L66,L66,G66)*(1-IF(H66<N66,H66,N66))*E66*O66*Q66)/100000000 -> 51.537151 | L66: 1193.4896 | M66: 929.93847 | N66: =1-(M66/L66) -> 0.22082397 | O66: =+'Trim Rwd'!H30 -> 256.5 | P66: =O66*(Q66-R66-S66) -> 355252.5 | Q66: 1440 | R66: 0 | S66: 55 | T66: =E66*M66*O66*Q66/100000000 -> 49.804901 | U66: =E66*M66*O66*(Q66-R66-S66)/100000000 -> 47.90263 | V66: =E66*G66*(1-N66)*O66/100*(R66+S66)/1000000 -> 1.9684328 | W66: =+'13'!K9/1000 -> 42.233 | X66: =SUM(W66:W69)/SUM(K66:K69) -> 0.81946711 | Y66: 0 | Z66: =+'1'!D94/1000 -> 0 | AA66: =SUM(U66:U69)-SUM(W66:W69)-SUM(Z66:Z69)-SUM(Y66:Y69) -> 5.6696302 | AB66: =(SUM(K66:K69)-SUM(W66:W69)-SUM(Y66:Y69)-SUM(Z66:Z69)-SUM(AC66:AC69)-SUM(V66:V69))-AA66 -> -0.066162322 | AC66: =K66-T66 -> 1.7322499 | AD66: =+AM66+BA66 -> 0 | AE66: - Sheet Breaks (0x) | AF66: 0 | AM66: =SUM(AF66:AL66)+AT66+AV66+AX66 -> 0 | AR66: =SUM(AN66:AQ66) -> 0 | BA66: =+AR66+AS66+AU66+AW66+AY66+AZ66 -> 0 | BB66: 0 | BF66: 2
AD67: =+AM67+BA67 -> 18 | AE67: - Change Blade (9x) | AG67: 18 | AM67: =SUM(AF67:AL67)+AT67+AV67+AX67 -> 18 | AR67: =SUM(AN67:AQ67) -> 0 | BA67: =+AR67+AS67+AU67+AW67+AY67+AZ67 -> 0 | BC67: 9
AD68: =+AM68+BA68 -> 37 | AE68: - Change Spool (24x) | AH68: 37 | AM68: =SUM(AF68:AL68)+AT68+AV68+AX68 -> 37 | AR68: =SUM(AN68:AQ68) -> 0 | BA68: =+AR68+AS68+AU68+AW68+AY68+AZ68 -> 0
A70: 45944 | B70: Toilet | C70: =(M70*E70*O70*Q70)/100000000 -> 31.728401 | D70: VP OW | E70: 14.5 | F70: 1 | G70: 1235 | H70: =+N70 -> 0.22 | I70: 0.88 | J70: =E70*G70*(1-H70)*1440/1000000*2.74 -> 55.111549 | K70: =(IF(G70<L70,L70,G70)*(1-IF(H70<N70,H70,N70))*E70*O70*Q70)/100000000 -> 32.423919 | L70: 1208.5083 | M70: 942.63646 | N70: =1-(M70/L70) -> 0.22 | O70: =+'Trim Rwd'!H32 -> 256.5 | P70: =O70*(Q70-R70-S70) -> 219820.5 | Q70: 905 | R70: 0 | S70: 48 | T70: =E70*M70*O70*Q70/100000000 -> 31.728401 | U70: =E70*M70*O70*(Q70-R70-S70)/100000000 -> 30.045569 | V70: =E70*G70*(1-N70)*O70/100*(R70+S70)/1000000 -> 1.7197217 | W70: =+'14'!K9/1000 -> 35.51 | X70: =SUM(W70:W73)/SUM(K70:K73) -> 0.75745989 | Y70: =+SUM(RBP!AG21:AG22) -> 0 | Z70: =+'1'!D98/1000 -> 0 | AA70: =SUM(U70:U73)-SUM(W70:W73)-SUM(Z70:Z73)-SUM(Y70:Y73) -> 9.0571837 | AB70: =(SUM(K70:K73)-SUM(W70:W73)-SUM(Y70:Y73)-SUM(Z70:Z73)-SUM(AC70:AC73)-SUM(V70:V73))-AA70 -> -0.05058456 | AC70: =K70-T70 -> 0.69551835 | AD70: =+AM70+BA70 -> 0 | AE70: - Sheet Breaks (0x) | AF70: 0 | AM70: =SUM(AF70:AL70)+AT70+AV70+AX70 -> 0 | AR70: =SUM(AN70:AQ70) -> 0 | BA70: =+AR70+AS70+AU70+AW70+AY70+AZ70 -> 0 | BB70: 0
B71: Toilet | C71: =(M71*E71*O71*Q71)/100000000 -> 19.37289 | D71: VP OW | E71: 13.5 | F71: 1 | G71: 1295 | H71: =+N71 -> 0.20204689 | I71: 0.88 | J71: =E71*G71*(1-H71)*1440/1000000*2.74 -> 55.04197 | K71: =(IF(G71<L71,L71,G71)*(1-IF(H71<N71,H71,N71))*E71*O71*Q71)/100000000 -> 19.665967 | L71: 1275.7009 | M71: 1017.9495 | N71: =1-(M71/L71) -> 0.20204689 | O71: =+'Trim Rwd'!H33 -> 263.5 | P71: =O71*(Q71-R71-S71) -> 134385 | Q71: 535 | R71: 0 | S71: =73-S70 -> 25 | T71: =E71*M71*O71*Q71/100000000 -> 19.37289 | U71: =E71*M71*O71*(Q71-R71-S71)/100000000 -> 18.467615 | V71: =E71*G71*(1-N71)*O71/100*(R71+S71)/1000000 -> 0.91897043 | W71: =+'14'!K10/1000 -> 3.946 | AC71: =K71-T71 -> 0.29307706 | AD71: =+AM71+BA71 -> 24 | AE71: - Change Blade (9x) | AG71: 24 | AM71: =SUM(AF71:AL71)+AT71+AV71+AX71 -> 24 | AR71: =SUM(AN71:AQ71) -> 0 | BA71: =+AR71+AS71+AU71+AW71+AY71+AZ71 -> 0 | BC71: 9
AD72: =+AM72+BA72 -> 49 | AE72: - Change Spool (24x) | AH72: 49 | AM72: =SUM(AF72:AL72)+AT72+AV72+AX72 -> 49 | AR72: =SUM(AN72:AQ72) -> 0 | BA72: =+AR72+AS72+AU72+AW72+AY72+AZ72 -> 0
A74: 45945 | B74: Toilet | C74: =(M74*E74*O74*Q74)/100000000 -> 31.624734 | D74: VP OW | E74: 13.5 | F74: 1 | G74: 1335 | H74: =+N74 -> 0.22409361 | I74: 0.88 | J74: =E74*G74*(1-H74)*1440/1000000*2.74 -> 55.174375 | K74: =(IF(G74<L74,L74,G74)*(1-IF(H74<N74,H74,N74))*E74*O74*Q74)/100000000 -> 32.933269 | L74: 1281.9565 | M74: 994.67826 | N74: =1-(M74/L74) -> 0.22409361 | O74: =+'Trim Rwd'!H35 -> 255.9898 | P74: =O74*(Q74-R74-S74) -> 222711.12 | Q74: 920 | R74: 0 | S74: =85-S75-S76 -> 50 | T74: =E74*M74*O74*Q74/100000000 -> 31.624734 | U74: =E74*M74*O74*(Q74-R74-S74)/100000000 -> 29.905998 | V74: =E74*G74*(1-N74)*O74/100*(R74+S74)/1000000 -> 1.7898516 | W74: =+'15'!K10/1000 -> 31.662 | X74: =SUM(W74:W77)/SUM(K74:K77) -> 0.76448885 | Y74: 0 | Z74: =+'1'!D102/1000 -> 0 | AA74: =SUM(U74:U77)-SUM(W74:W77)-SUM(Z74:Z77)-SUM(Y74:Y77) -> 7.9267662 | AB74: =(SUM(K74:K77)-SUM(W74:W77)-SUM(Y74:Y77)-SUM(Z74:Z77)-SUM(AC74:AC77)-SUM(V74:V77))-AA74 -> -0.020859711 | AC74: =K74-T74 -> 1.3085357 | AD74: =+AM74+BA74 -> 0 | AE74: - Sheet Breaks (0x) | AF74: 0 | AM74: =SUM(AF74:AL74)+AT74+AV74+AX74 -> 0 | AR74: =SUM(AN74:AQ74) -> 0 | BA74: =+AR74+AS74+AU74+AW74+AY74+AZ74 -> 0 | BB74: 0
B75: Toilet | C75: =(M75*E75*O75*Q75)/100000000 -> 11.630758 | D75: VP OW | E75: 16.5 | F75: 1 | G75: 1010 | H75: =+N75 -> 0.16 | I75: 0.88 | J75: =E75*G75*(1-H75)*1440/1000000*2.74 -> 55.232876 | K75: =(IF(G75<L75,L75,G75)*(1-IF(H75<N75,H75,N75))*E75*O75*Q75)/100000000 -> 11.630758 | L75: 1080 | M75: 907.2 | N75: =1-(M75/L75) -> 0.16 | O75: =+'Trim Rwd'!H37 -> 259 | P75: =O75*(Q75-R75-S75) -> 72520 | Q75: 300 | R75: 0 | S75: 20 | T75: =E75*M75*O75*Q75/100000000 -> 11.630758 | U75: =E75*M75*O75*(Q75-R75-S75)/100000000 -> 10.855374 | V75: =E75*G75*(1-N75)*O75/100*(R75+S75)/1000000 -> 0.72512748 | W75: =+'15'!K11/1000 -> 8.045 | AC75: =K75-T75 -> 0 | AD75: =+AM75+BA75 -> 31 | AE75: - Change Blade (14x) | AG75: 31 | AM75: =SUM(AF75:AL75)+AT75+AV75+AX75 -> 31 | AR75: =SUM(AN75:AQ75) -> 0 | BA75: =+AR75+AS75+AU75+AW75+AY75+AZ75 -> 0 | BC75: 14
B76: Toilet | C76: =(M76*E76*O76*Q76)/100000000 -> 7.3752525 | D76: VP OW | E76: 12.5 | F76: 1 | G76: 1350 | H76: =+N76 -> 0.23 | I76: 0.88 | J76: =E76*G76*(1-H76)*1440/1000000*2.74 -> 51.26814 | K76: =(IF(G76<L76,L76,G76)*(1-IF(H76<N76,H76,N76))*E76*O76*Q76)/100000000 -> 7.3752525 | L76: 1350 | M76: 1039.5 | N76: =1-(M76/L76) -> 0.23 | O76: =+'Trim Rwd'!H38 -> 258 | P76: =O76*(Q76-R76-S76) -> 52890 | Q76: 220 | R76: 0 | S76: 15 | T76: =E76*M76*O76*Q76/100000000 -> 7.3752525 | U76: =E76*M76*O76*(Q76-R76-S76)/100000000 -> 6.8723944 | V76: =E76*G76*(1-N76)*O76/100*(R76+S76)/1000000 -> 0.50285813 | W76: =+'14'!K15/1000 -> 0 | AC76: =K76-T76 -> 0 | AD76: =+AM76+BA76 -> 54 | AE76: - Change Spool (23x) | AH76: 54 | AM76: =SUM(AF76:AL76)+AT76+AV76+AX76 -> 54 | AR76: =SUM(AN76:AQ76) -> 0 | BA76: =+AR76+AS76+AU76+AW76+AY76+AZ76 -> 0
A78: 45946 | B78: Toilet | C78: =(M78*E78*O78*Q78)/100000000 -> 7.471035 | D78: VP OW | E78: 12.5 | F78: 1 | G78: 1350 | H78: =+N78 -> 0.22 | I78: 0.88 | J78: =E78*G78*(1-H78)*1440/1000000*2.74 -> 51.93396 | K78: =(IF(G78<L78,L78,G78)*(1-IF(H78<N78,H78,N78))*E78*O78*Q78)/100000000 -> 7.471035 | L78: 1350 | M78: 1053 | N78: =1-(M78/L78) -> 0.22 | O78: =+'Trim Rwd'!H40 -> 258 | P78: =O78*(Q78-R78-S78) -> 53922 | Q78: 220 | R78: 0 | S78: 11 | T78: =E78*M78*O78*Q78/100000000 -> 7.471035 | U78: =E78*M78*O78*(Q78-R78-S78)/100000000 -> 7.0974832 | V78: =E78*G78*(1-N78)*O78/100*(R78+S78)/1000000 -> 0.37355175 | W78: =+'16'!K12/1000 -> 12.919 | X78: =SUM(W78:W81)/SUM(K78:K81) -> 0.83539903 | Y78: =+SUM(RBP!AG29:AG30) -> 0 | Z78: =+'1'!D106/1000 -> 0 | AA78: =SUM(U78:U81)-SUM(W78:W81)-SUM(Z78:Z81)-SUM(Y78:Y81) -> 6.6616428 | AB78: =(SUM(K78:K81)-SUM(W78:W81)-SUM(Y78:Y81)-SUM(Z78:Z81)-SUM(AC78:AC81)-SUM(V78:V81))-AA78 -> 0.0095741415 | AC78: =K78-T78 -> 0 | AD78: =+AM78+BA78 -> 0 | AE78: - Sheet Breaks (0x) | AF78: 0 | AM78: =SUM(AF78:AL78)+AT78+AV78+AX78 -> 0 | AR78: =SUM(AN78:AQ78) -> 0 | BA78: =+AR78+AS78+AU78+AW78+AY78+AZ78 -> 0 | BB78: 0
B79: Toilet | C79: =(M79*E79*O79*Q79)/100000000 -> 4.4153802 | D79: VP OW | E79: 16.5 | F79: 1 | G79: 1035 | H79: =+N79 -> 0.18 | I79: 0.88 | J79: =E79*G79*(1-H79)*1440/1000000*2.74 -> 55.252407 | K79: =(IF(G79<L79,L79,G79)*(1-IF(H79<N79,H79,N79))*E79*O79*Q79)/100000000 -> 4.4153802 | L79: 1050 | M79: 861 | N79: =1-(M79/L79) -> 0.18 | O79: =+'Trim Rwd'!H42 -> 259 | P79: =O79*(Q79-R79-S79) -> 29785 | Q79: 120 | R79: 0 | S79: 5 | T79: =E79*M79*O79*Q79/100000000 -> 4.4153802 | U79: =E79*M79*O79*(Q79-R79-S79)/100000000 -> 4.231406 | V79: =E79*G79*(1-N79)*O79/100*(R79+S79)/1000000 -> 0.18134597 | W79: =+'16'!K11/1000 -> 1.882 | AC79: =K79-T79 -> 0 | AD79: =+AM79+BA79 -> 10 | AE79: - Change Blade (6x) | AG79: 10 | AM79: =SUM(AF79:AL79)+AT79+AV79+AX79 -> 10 | AR79: =SUM(AN79:AQ79) -> 0 | BA79: =+AR79+AS79+AU79+AW79+AY79+AZ79 -> 0 | BC79: 6
B80: Towel | C80: =(M80*E80*O80*Q80)/100000000 -> 40.749509 | D80: VP OW | E80: 18 | F80: 1 | G80: 1035 | H80: 0.25 | I80: 0.88 | J80: =E80*G80*(1-H80)*1440/1000000*2.74 -> 55.129896 | K80: =(IF(G80<L80,L80,G80)*(1-IF(H80<N80,H80,N80))*E80*O80*Q80)/100000000 -> 40.749509 | L80: 1040 | M80: 800.8 | N80: =1-(M80/L80) -> 0.23 | O80: =+'Trim Rwd'!H43 -> 257 | P80: =O80*(Q80-R80-S80) -> 272677 | Q80: =1083+17 -> 1100 | R80: 17 | S80: =38-S78-S79 -> 22 | T80: =E80*M80*O80*Q80/100000000 -> 40.749509 | U80: =E80*M80*O80*(Q80-R80-S80)/100000000 -> 39.304753 | V80: =E80*G80*(1-N80)*O80/100*(R80+S80)/1000000 -> 1.4378094 | W80: =+'16'!K13/1000 -> 24.929 | AC80: =K80-T80 -> 0 | AD80: =+AM80+BA80 -> 28 | AE80: - Change Spool (20x) | AH80: 28 | AM80: =SUM(AF80:AL80)+AT80+AV80+AX80 -> 28 | AR80: =SUM(AN80:AQ80) -> 0 | BA80: =+AR80+AS80+AU80+AW80+AY80+AZ80 -> 0
B81: Toilet | D81: VP OW | E81: 13.5 | W81: =+'16'!K10/1000 -> 4.242 | AD81: =+AM81+BA81 -> 17 | AE81: -17. 03 press oli tiba" turun turbo vacum trip, PM stock off. | AM81: =SUM(AF81:AL81)+AT81+AV81+AX81 -> 0 | AO81: 17 | AR81: =SUM(AN81:AQ81) -> 17 | BA81: =+AR81+AS81+AU81+AW81+AY81+AZ81 -> 17
A83: 45947 | B83: Towel | C83: =(M83*E83*O83*Q83)/100000000 -> 51.754948 | D83: VP OW | E83: 18 | F83: 1 | G83: 1035 | H83: 0.25 | I83: 0.88 | J83: =E83*G83*(1-H83)*1440/1000000*2.74 -> 55.129896 | K83: =(IF(G83<L83,L83,G83)*(1-IF(H83<N83,H83,N83))*E83*O83*Q83)/100000000 -> 52.175037 | L83: 1026.6667 | M83: 776.93333 | N83: =1-(M83/L83) -> 0.24324675 | O83: =+'Trim Rwd'!H45 -> 257 | P83: =O83*(Q83-R83-S83) -> 363398 | Q83: 1440 | R83: 0 | S83: 26 | T83: =E83*M83*O83*Q83/100000000 -> 51.754948 | U83: =E83*M83*O83*(Q83-R83-S83)/100000000 -> 50.820484 | V83: =E83*G83*(1-N83)*O83/100*(R83+S83)/1000000 -> 0.94204927 | W83: =+'17'!K13/1000 -> 55.053 | X83: =SUM(W83:W86)/SUM(K83:K86) -> 1.0551598 | Y83: =+SUM(RBP!AG34:AG35) -> 0 | Z83: =+'17'!D34/1000 -> 1.8 | AA83: =SUM(U83:U86)-SUM(W83:W86)-SUM(Z83:Z86)-SUM(Y83:Y86) -> -6.0325165 | AB83: =(SUM(K83:K86)-SUM(W83:W86)-SUM(Y83:Y86)-SUM(Z83:Z86)-SUM(AC83:AC86)-SUM(V83:V86))-AA83 -> -0.0075849378 | AC83: =K83-T83 -> 0.42008886 | AD83: =+AM83+BA83 -> 0 | AE83: - Sheet Breaks (0x) | AF83: 0 | AM83: =SUM(AF83:AL83)+AT83+AV83+AX83 -> 0 | AR83: =SUM(AN83:AQ83) -> 0 | BA83: =+AR83+AS83+AU83+AW83+AY83+AZ83 -> 0 | BB83: 0
AD84: =+AM84+BA84 -> 7 | AE84: - Change Blade (5x) | AG84: 7 | AM84: =SUM(AF84:AL84)+AT84+AV84+AX84 -> 7 | AR84: =SUM(AN84:AQ84) -> 0 | BA84: =+AR84+AS84+AU84+AW84+AY84+AZ84 -> 0 | BC84: 5
AD85: =+AM85+BA85 -> 19 | AE85: - Change Spool (18x) | AH85: 19 | AM85: =SUM(AF85:AL85)+AT85+AV85+AX85 -> 19 | AR85: =SUM(AN85:AQ85) -> 0 | BA85: =+AR85+AS85+AU85+AW85+AY85+AZ85 -> 0
A87: 45948 | B87: Towel | C87: =(M87*E87*O87*Q87)/100000000 -> 50.994933 | D87: VP OW | E87: 18 | F87: 1 | G87: 1035 | H87: 0.25 | I87: 0.88 | J87: =E87*G87*(1-H87)*1440/1000000*2.74 -> 55.129896 | K87: =(IF(G87<L87,L87,G87)*(1-IF(H87<N87,H87,N87))*E87*O87*Q87)/100000000 -> 51.709428 | L87: 1020.7083 | M87: 765.52417 | N87: =1-(M87/L87) -> 0.25000694 | O87: =+'Trim Rwd'!H47 -> 257 | P87: =O87*(Q87-R87-S87) -> 360057 | Q87: 1440 | R87: 0 | S87: 39 | T87: =E87*M87*O87*Q87/100000000 -> 50.994933 | U87: =E87*M87*O87*(Q87-R87-S87)/100000000 -> 49.61382 | V87: =E87*G87*(1-N87)*O87/100*(R87+S87)/1000000 -> 1.4004507 | W87: =+'18'!K13/1000 -> 48.03 | X87: =SUM(W87:W90)/SUM(K87:K90) -> 0.92884416 | Y87: 0 | Z87: 0 | AA87: =SUM(U87:U90)-SUM(W87:W90)-SUM(Z87:Z90)-SUM(Y87:Y90) -> 1.5838203 | AB87: =(SUM(K87:K90)-SUM(W87:W90)-SUM(Y87:Y90)-SUM(Z87:Z90)-SUM(AC87:AC90)-SUM(V87:V90))-AA87 -> -0.019337947 | AC87: =K87-T87 -> 0.71449495 | AD87: =+AM87+BA87 -> 0 | AE87: - Sheet Breaks (0x) | AF87: 0 | AM87: =SUM(AF87:AL87)+AT87+AV87+AX87 -> 0 | AR87: =SUM(AN87:AQ87) -> 0 | BA87: =+AR87+AS87+AU87+AW87+AY87+AZ87 -> 0 | BB87: 0
AD88: =+AM88+BA88 -> 10 | AE88: - Change Blade (6x) | AG88: 10 | AM88: =SUM(AF88:AL88)+AT88+AV88+AX88 -> 10 | AR88: =SUM(AN88:AQ88) -> 0 | BA88: =+AR88+AS88+AU88+AW88+AY88+AZ88 -> 0 | BC88: 6
AD89: =+AM89+BA89 -> 29 | AE89: - Change Spool (18x) | AH89: 29 | AM89: =SUM(AF89:AL89)+AT89+AV89+AX89 -> 29 | AR89: =SUM(AN89:AQ89) -> 0 | BA89: =+AR89+AS89+AU89+AW89+AY89+AZ89 -> 0
A91: 45949 | B91: Towel | C91: =(M91*E91*O91*Q91)/100000000 -> 51.672145 | D91: VP OW | E91: 18 | F91: 1 | G91: 1035 | H91: 0.25 | I91: 0.88 | J91: =E91*G91*(1-H91)*1440/1000000*2.74 -> 55.129896 | K91: =(IF(G91<L91,L91,G91)*(1-IF(H91<N91,H91,N91))*E91*O91*Q91)/100000000 -> 52.552171 | L91: 1017.6681 | M91: 775.69032 | N91: =1-(M91/L91) -> 0.23777675 | O91: =+'Trim Rwd'!H49 -> 257 | P91: =O91*(Q91-R91-S91) -> 360571 | Q91: 1440 | R91: 0 | S91: 37 | T91: =E91*M91*O91*Q91/100000000 -> 51.672145 | U91: =E91*M91*O91*(Q91-R91-S91)/100000000 -> 50.344458 | V91: =E91*G91*(1-N91)*O91/100*(R91+S91)/1000000 -> 1.3502988 | W91: =+'19'!K13/1000 -> 45.658 | X91: =SUM(W91:W94)/SUM(K91:K94) -> 0.86881282 | Y91: =+SUM(RBP!AG42:AG43) -> 0 | Z91: =+'17'!D42/1000 -> 0 | AA91: =SUM(U91:U94)-SUM(W91:W94)-SUM(Z91:Z94)-SUM(Y91:Y94) -> 4.686458 | AB91: =(SUM(K91:K94)-SUM(W91:W94)-SUM(Y91:Y94)-SUM(Z91:Z94)-SUM(AC91:AC94)-SUM(V91:V94))-AA91 -> -0.022611775 | AC91: =K91-T91 -> 0.88002584 | AD91: =+AM91+BA91 -> 6 | AE91: - Sheet Breaks (3x) | AF91: 6 | AM91: =SUM(AF91:AL91)+AT91+AV91+AX91 -> 6 | AR91: =SUM(AN91:AQ91) -> 0 | BA91: =+AR91+AS91+AU91+AW91+AY91+AZ91 -> 0 | BB91: 3 | BF91: 1
AD92: =+AM92+BA92 -> 8 | AE92: - Change Blade (5x) | AG92: 8 | AM92: =SUM(AF92:AL92)+AT92+AV92+AX92 -> 8 | AR92: =SUM(AN92:AQ92) -> 0 | BA92: =+AR92+AS92+AU92+AW92+AY92+AZ92 -> 0 | BC92: 5
AD93: =+AM93+BA93 -> 23 | AE93: - Change Spool (19x) | AH93: 23 | AM93: =SUM(AF93:AL93)+AT93+AV93+AX93 -> 23 | AR93: =SUM(AN93:AQ93) -> 0 | BA93: =+AR93+AS93+AU93+AW93+AY93+AZ93 -> 0
A95: 45950 | B95: Towel | C95: =(M95*E95*O95*Q95)/100000000 -> 51.30197 | D95: VP OW | E95: 18 | F95: 1 | G95: 1035 | H95: 0.25 | I95: 0.88 | J95: =E95*G95*(1-H95)*1440/1000000*2.74 -> 55.129896 | K95: =(IF(G95<L95,L95,G95)*(1-IF(H95<N95,H95,N95))*E95*O95*Q95)/100000000 -> 52.398887 | L95: 1013.3333 | M95: 770.13333 | N95: =1-(M95/L95) -> 0.24 | O95: =+'Trim Rwd'!H51 -> 257 | P95: =O95*(Q95-R95-S95) -> 363912 | Q95: 1440 | R95: 0 | S95: 24 | T95: =E95*M95*O95*Q95/100000000 -> 51.30197 | U95: =E95*M95*O95*(Q95-R95-S95)/100000000 -> 50.446937 | V95: =E95*G95*(1-N95)*O95/100*(R95+S95)/1000000 -> 0.87331478 | W95: =+'20'!K13/1000 -> 48.939 | X95: =SUM(W95:W98)/SUM(K95:K98) -> 0.93397022 | Y95: =+SUM(RBP!AG46:AG47) -> 0 | Z95: =+'17'!D46/1000 -> 0 | AA95: =SUM(U95:U98)-SUM(W95:W98)-SUM(Z95:Z98)-SUM(Y95:Y98) -> 1.5079371 | AB95: =(SUM(K95:K98)-SUM(W95:W98)-SUM(Y95:Y98)-SUM(Z95:Z98)-SUM(AC95:AC98)-SUM(V95:V98))-AA95 -> -0.018281952 | AC95: =K95-T95 -> 1.0969171 | AD95: =+AM95+BA95 -> 0 | AE95: - Sheet Breaks (0x) | AF95: 0 | AM95: =SUM(AF95:AL95)+AT95+AV95+AX95 -> 0 | AR95: =SUM(AN95:AQ95) -> 0 | BA95: =+AR95+AS95+AU95+AW95+AY95+AZ95 -> 0 | BB95: 0
AD96: =+AM96+BA96 -> 6 | AE96: - Change Blade (6x) | AG96: 6 | AM96: =SUM(AF96:AL96)+AT96+AV96+AX96 -> 6 | AR96: =SUM(AN96:AQ96) -> 0 | BA96: =+AR96+AS96+AU96+AW96+AY96+AZ96 -> 0 | BC96: 6
AD97: =+AM97+BA97 -> 18 | AE97: - Change Spool (19x) | AH97: 18 | AM97: =SUM(AF97:AL97)+AT97+AV97+AX97 -> 18 | AR97: =SUM(AN97:AQ97) -> 0 | BA97: =+AR97+AS97+AU97+AW97+AY97+AZ97 -> 0
A99: 45951 | B99: Towel | C99: =(M99*E99*O99*Q99)/100000000 -> 10.041011 | D99: VP OW | E99: 18 | F99: 1 | G99: 1035 | H99: 0.25 | I99: 0.88 | J99: =E99*G99*(1-H99)*1440/1000000*2.74 -> 55.129896 | K99: =(IF(G99<L99,L99,G99)*(1-IF(H99<N99,H99,N99))*E99*O99*Q99)/100000000 -> 10.188672 | L99: 1020 | M99: 775.2 | N99: =1-(M99/L99) -> 0.24 | O99: =+'Trim Rwd'!H53 -> 257 | P99: =O99*(Q99-R99-S99) -> 44975 | Q99: =190+90 -> 280 | R99: 90 | S99: 15 | T99: =E99*M99*O99*Q99/100000000 -> 10.041011 | U99: =E99*M99*O99*(Q99-R99-S99)/100000000 -> 6.2756316 | V99: =E99*G99*(1-N99)*O99/100*(R99+S99)/1000000 -> 3.8207522 | W99: =+'21'!K13/1000 -> 12.037 | X99: =SUM(W99:W102)/SUM(K99:K102) -> 0.81538717 | Y99: =+SUM(RBP!AG50:AG51) -> 0 | Z99: =+'17'!D50/1000 -> 0 | AA99: =SUM(U99:U102)-SUM(W99:W102)-SUM(Z99:Z102)-SUM(Y99:Y102) -> 2.4444025 | AB99: =(SUM(K99:K102)-SUM(W99:W102)-SUM(Y99:Y102)-SUM(Z99:Z102)-SUM(AC99:AC102)-SUM(V99:V102))-AA99 -> -0.087174356 | AC99: =K99-T99 -> 0.14766192 | AD99: =+AM99+BA99 -> 20 | AE99: - Sheet Breaks (10x) | AF99: 20 | AM99: =SUM(AF99:AL99)+AT99+AV99+AX99 -> 20 | AR99: =SUM(AN99:AQ99) -> 0 | BA99: =+AR99+AS99+AU99+AW99+AY99+AZ99 -> 0 | BB99: 10
B100: Facial | C100: =(M100*E100*O100*Q100)/100000000 -> 6.181812 | D100: VP OW | E100: 15 | F100: 1 | G100: 1195 | H100: =+N100 -> 0.22 | I100: 0.88 | J100: =E100*G100*(1-H100)*1440/1000000*2.74 -> 55.165406 | K100: =(IF(G100<L100,L100,G100)*(1-IF(H100<N100,H100,N100))*E100*O100*Q100)/100000000 -> 6.181812 | L100: 1200 | M100: 936 | N100: =1-(M100/L100) -> 0.22 | O100: =+'Trim Rwd'!H54 -> 259 | P100: =O100*(Q100-R100-S100) -> 41958 | Q100: 170 | R100: 0 | S100: 8 | T100: =E100*M100*O100*Q100/100000000 -> 6.181812 | U100: =E100*M100*O100*(Q100-R100-S100)/100000000 -> 5.8909032 | V100: =E100*G100*(1-N100)*O100/100*(R100+S100)/1000000 -> 0.28969668 | W100: =+'21'!K14/1000 -> 5.496 | AC100: =K100-T100 -> 0 | AD100: =+AM100+BA100 -> 13 | AE100: - Change Blade (11x) | AG100: 13 | AM100: =SUM(AF100:AL100)+AT100+AV100+AX100 -> 13 | AR100: =SUM(AN100:AQ100) -> 0 | BA100: =+AR100+AS100+AU100+AW100+AY100+AZ100 -> 0 | BC100: 11
B101: Toilet | C101: =(M101*E101*O101*Q101)/100000000 -> 29.861558 | D101: VP OW | E101: 12 | F101: 1 | G101: 1350 | H101: =+N101 -> 0.27589806 | I101: 0.88 | J101: =E101*G101*(1-H101)*1440/1000000*2.74 -> 46.283669 | K101: =(IF(G101<L101,L101,G101)*(1-IF(H101<N101,H101,N101))*E101*O101*Q101)/100000000 -> 30.658708 | L101: 1314.899 | M101: 952.12091 | N101: =1-(M101/L101) -> 0.27589806 | O101: =+'Trim Rwd'!H55 -> 264 | P101: =O101*(Q101-R101-S101) -> 250536 | Q101: 990 | R101: 0 | S101: =64-S99-S100 -> 41 | T101: =E101*M101*O101*Q101/100000000 -> 29.861558 | U101: =E101*M101*O101*(Q101-R101-S101)/100000000 -> 28.624868 | V101: =E101*G101*(1-N101)*O101/100*(R101+S101)/1000000 -> 1.2697041 | W101: =+'21'!K15/1000 -> 20.814 | AC101: =K101-T101 -> 0.79714934 | AD101: =+AM101+BA101 -> 31 | AE101: - Change Spool (26x) | AH101: 31 | AM101: =SUM(AF101:AL101)+AT101+AV101+AX101 -> 31 | AR101: =SUM(AN101:AQ101) -> 0 | BA101: =+AR101+AS101+AU101+AW101+AY101+AZ101 -> 0
AD102: =+AM102+BA102 -> 90 | AE102: - 10:50 PM stop, cleaning wire. | AM102: =SUM(AF102:AL102)+AT102+AV102+AX102 -> 0 | AN102: 90 | AR102: =SUM(AN102:AQ102) -> 90 | BA102: =+AR102+AS102+AU102+AW102+AY102+AZ102 -> 90 | BF102: 2
A104: 45952 | B104: Toilet | C104: =(M104*E104*O104*Q104)/100000000 -> 23.37638 | D104: VP OW | E104: 12 | F104: 1 | G104: 1350 | H104: =+N104 -> 0.25863905 | I104: 0.88 | J104: =E104*G104*(1-H104)*1440/1000000*2.74 -> 47.386843 | K104: =(IF(G104<L104,L104,G104)*(1-IF(H104<N104,H104,N104))*E104*O104*Q104)/100000000 -> 23.653024 | L104: 1334.2105 | M104: 989.13158 | N104: =1-(M104/L104) -> 0.25863905 | O104: =+'Trim Rwd'!H57 -> 259.13636 | P104: =O104*(Q104-R104-S104) -> 192797.45 | Q104: 760 | R104: 0 | S104: 16 | T104: =E104*M104*O104*Q104/100000000 -> 23.37638 | U104: =E104*M104*O104*(Q104-R104-S104)/100000000 -> 22.884246 | V104: =E104*G104*(1-N104)*O104/100*(R104+S104)/1000000 -> 0.4979584 | W104: =+'22'!K15/1000 -> 16.572 | X104: =SUM(W104:W107)/SUM(K104:K107) -> 0.83047657 | Y104: =+SUM(RBP!AG55:AG56) -> 0 | Z104: =+'17'!D55/1000 -> 0 | AA104: =SUM(U104:U107)-SUM(W104:W107)-SUM(Z104:Z107)-SUM(Y104:Y107) -> 6.4605129 | AB104: =(SUM(K104:K107)-SUM(W104:W107)-SUM(Y104:Y107)-SUM(Z104:Z107)-SUM(AC104:AC107)-SUM(V104:V107))-AA104 -> -0.0058240748 | AC104: =K104-T104 -> 0.27664356 | AD104: =+AM104+BA104 -> 0 | AE104: - Sheet Breaks (0x) | AF104: 0 | AM104: =SUM(AF104:AL104)+AT104+AV104+AX104 -> 0 | AR104: =SUM(AN104:AQ104) -> 0 | BA104: =+AR104+AS104+AU104+AW104+AY104+AZ104 -> 0 | BB104: 0
B105: Facial | C105: =(M105*E105*O105*Q105)/100000000 -> 2.8036336 | D105: VP OW | E105: 12 | F105: 1 | G105: 1350 | H105: =+N105 -> 0.26 | I105: 0.88 | J105: =E105*G105*(1-H105)*1440/1000000*2.74 -> 47.299853 | K105: =(IF(G105<L105,L105,G105)*(1-IF(H105<N105,H105,N105))*E105*O105*Q105)/100000000 -> 2.8036336 | L105: 1350 | M105: 999 | N105: =1-(M105/L105) -> 0.26 | O105: =+'Trim Rwd'!H59 -> 257 | P105: =O105*(Q105-R105-S105) -> 22102 | Q105: 91 | R105: 0 | S105: 5 | T105: =E105*M105*O105*Q105/100000000 -> 2.8036336 | U105: =E105*M105*O105*(Q105-R105-S105)/100000000 -> 2.6495878 | V105: =E105*G105*(1-N105)*O105/100*(R105+S105)/1000000 -> 0.1540458 | W105: =+'21'!K19/1000 -> 0 | AC105: =K105-T105 -> 0 | AD105: =+AM105+BA105 -> 10 | AE105: - Change Blade (7x) | AG105: 10 | AM105: =SUM(AF105:AL105)+AT105+AV105+AX105 -> 10 | AR105: =SUM(AN105:AQ105) -> 0 | BA105: =+AR105+AS105+AU105+AW105+AY105+AZ105 -> 0 | BC105: 7
B106: Toilet | C106: =(M106*E106*O106*Q106)/100000000 -> 19.213505 | D106: VP OW | E106: 12.5 | F106: 1 | G106: 1350 | H106: =+N106 -> 0.25388795 | I106: 0.88 | J106: =E106*G106*(1-H106)*1440/1000000*2.74 -> 49.677633 | K106: =(IF(G106<L106,L106,G106)*(1-IF(H106<N106,H106,N106))*E106*O106*Q106)/100000000 -> 19.213505 | L106: 1350 | M106: 1007.2513 | N106: =1-(M106/L106) -> 0.25388795 | O106: =+'Trim Rwd'!H60 -> 259.08571 | P106: =O106*(Q106-R106-S106) -> 149751.54 | Q106: 589 | R106: 0 | S106: =32-S104-S105 -> 11 | T106: =E106*M106*O106*Q106/100000000 -> 19.213505 | U106: =E106*M106*O106*(Q106-R106-S106)/100000000 -> 18.854679 | V106: =E106*G106*(1-N106)*O106/100*(R106+S106)/1000000 -> 0.35882607 | W106: =+'22'!K12/1000 -> 21.356 | AC106: =K106-T106 -> 0 | AD106: =+AM106+BA106 -> 22 | AE106: - Change Spool (21x) | AH106: 22 | AM106: =SUM(AF106:AL106)+AT106+AV106+AX106 -> 22 | AR106: =SUM(AN106:AQ106) -> 0 | BA106: =+AR106+AS106+AU106+AW106+AY106+AZ106 -> 0
A108: 45953 | B108: Toilet | C108: =(M108*E108*O108*Q108)/100000000 -> 1.4807812 | D108: VP OW | E108: 12.5 | F108: 1 | G108: 1350 | H108: =+N108 -> 0.25 | I108: 0.88 | J108: =E108*G108*(1-H108)*1440/1000000*2.74 -> 49.9365 | K108: =(IF(G108<L108,L108,G108)*(1-IF(H108<N108,H108,N108))*E108*O108*Q108)/100000000 -> 1.4807812 | L108: 1350 | M108: 1012.5 | N108: =1-(M108/L108) -> 0.25 | O108: =+'Trim Rwd'!H64 -> 260 | P108: =O108*(Q108-R108-S108) -> 11180 | Q108: 45 | R108: 0 | S108: 2 | T108: =E108*M108*O108*Q108/100000000 -> 1.4807812 | U108: =E108*M108*O108*(Q108-R108-S108)/100000000 -> 1.4149688 | V108: =E108*G108*(1-N108)*O108/100*(R108+S108)/1000000 -> 0.0658125 | W108: =+'23'!K12/1000 -> 7.092 | X108: =SUM(W108:W111)/SUM(K108:K111) -> 0.83073164 | Y108: =+SUM(RBP!AG59:AG60) -> 0 | Z108: =+'17'!D59/1000 -> 0 | AA108: =SUM(U108:U111)-SUM(W108:W111)-SUM(Z108:Z111)-SUM(Y108:Y111) -> 7.3997363 | AB108: =(SUM(K108:K111)-SUM(W108:W111)-SUM(Y108:Y111)-SUM(Z108:Z111)-SUM(AC108:AC111)-SUM(V108:V111))-AA108 -> -0.0029939008 | AC108: =K108-T108 -> 0 | AD108: =+AM108+BA108 -> 0 | AE108: - Sheet Breaks (0x) | AF108: 0 | AM108: =SUM(AF108:AL108)+AT108+AV108+AX108 -> 0 | AR108: =SUM(AN108:AQ108) -> 0 | BA108: =+AR108+AS108+AU108+AW108+AY108+AZ108 -> 0 | BB108: 0 | BD108: 1
B109: Toilet | C109: =(M109*E109*O109*Q109)/100000000 -> 13.209885 | D109: VP OW | E109: 13 | F109: 1 | G109: 1350 | H109: =+N109 -> 0.25 | I109: 0.88 | J109: =E109*G109*(1-H109)*1440/1000000*2.74 -> 51.93396 | K109: =(IF(G109<L109,L109,G109)*(1-IF(H109<N109,H109,N109))*E109*O109*Q109)/100000000 -> 13.209885 | L109: 1350 | M109: 1012.5 | N109: =1-(M109/L109) -> 0.25 | O109: =+'Trim Rwd'!H63 -> 260 | P109: =O109*(Q109-R109-S109) -> 98800 | Q109: 386 | R109: 0 | S109: 6 | T109: =E109*M109*O109*Q109/100000000 -> 13.209885 | U109: =E109*M109*O109*(Q109-R109-S109)/100000000 -> 13.00455 | V109: =E109*G109*(1-N109)*O109/100*(R109+S109)/1000000 -> 0.205335 | W109: =+'23'!K16/1000 -> 11.528 | AC109: =K109-T109 -> 0 | AD109: =+AM109+BA109 -> 2 | AE109: - Change Blade (2x) | AG109: 2 | AM109: =SUM(AF109:AL109)+AT109+AV109+AX109 -> 2 | AR109: =SUM(AN109:AQ109) -> 0 | BA109: =+AR109+AS109+AU109+AW109+AY109+AZ109 -> 0 | BC109: 2
B110: Toilet | C110: =(M110*E110*O110*Q110)/100000000 -> 35.87184 | D110: VP OW | E110: 14.5 | F110: 1 | G110: 1270 | H110: =+N110 -> 0.24056974 | I110: 0.88 | J110: =E110*G110*(1-H110)*1440/1000000*2.74 -> 55.178854 | K110: =(IF(G110<L110,L110,G110)*(1-IF(H110<N110,H110,N110))*E110*O110*Q110)/100000000 -> 36.123577 | L110: 1261.1497 | M110: 957.7552 | N110: =1-(M110/L110) -> 0.24056974 | O110: =+'Trim Rwd'!H65 -> 256 | P110: =O110*(Q110-R110-S110) -> 255232 | Q110: 1009 | R110: 0 | S110: =20-S108-S109 -> 12 | T110: =E110*M110*O110*Q110/100000000 -> 35.87184 | U110: =E110*M110*O110*(Q110-R110-S110)/100000000 -> 35.445218 | V110: =E110*G110*(1-N110)*O110/100*(R110+S110)/1000000 -> 0.42961638 | W110: =+'23'!K9/1000 -> 23.593 | Z110: =+'23'!D17/1000 -> 0.252 | AC110: =K110-T110 -> 0.25173716 | AD110: =+AM110+BA110 -> 18 | AE110: - Change Spool (25x) | AH110: 18 | AM110: =SUM(AF110:AL110)+AT110+AV110+AX110 -> 18 | AR110: =SUM(AN110:AQ110) -> 0 | BA110: =+AR110+AS110+AU110+AW110+AY110+AZ110 -> 0
A112: 45954 | B112: Toilet | C112: =(M112*E112*O112*Q112)/100000000 -> 5.502112 | D112: VP OW | E112: 14.5 | F112: 1 | G112: 1270 | H112: =+N112 -> 0.23 | I112: 0.88 | J112: =E112*G112*(1-H112)*1440/1000000*2.74 -> 55.946832 | K112: =(IF(G112<L112,L112,G112)*(1-IF(H112<N112,H112,N112))*E112*O112*Q112)/100000000 -> 6.3524384 | L112: 1100 | M112: 847 | N112: =1-(M112/L112) -> 0.23 | O112: =+'Trim Rwd'!H68 -> 256 | P112: =O112*(Q112-R112-S112) -> 42240 | Q112: 175 | R112: 0 | S112: 10 | T112: =E112*M112*O112*Q112/100000000 -> 5.502112 | U112: =E112*M112*O112*(Q112-R112-S112)/100000000 -> 5.1877056 | V112: =E112*G112*(1-N112)*O112/100*(R112+S112)/1000000 -> 0.36299648 | W112: =+'24'!K9/1000 -> 10.913 | X112: =SUM(W112:W115)/SUM(K112:K115) -> 0.80693927 | Y112: =+SUM(RBP!AG63:AG64) -> 0 | Z112: =+'17'!D63/1000 -> 0 | AA112: =SUM(U112:U115)-SUM(W112:W115)-SUM(Z112:Z115)-SUM(Y112:Y115) -> 4.9307478 | AB112: =(SUM(K112:K115)-SUM(W112:W115)-SUM(Y112:Y115)-SUM(Z112:Z115)-SUM(AC112:AC115)-SUM(V112:V115))-AA112 -> -0.13258048 | AC112: =K112-T112 -> 0.8503264 | AD112: =+AM112+BA112 -> 9 | AE112: - Sheet Breaks (3x) | AF112: 9 | AM112: =SUM(AF112:AL112)+AT112+AV112+AX112 -> 9 | AR112: =SUM(AN112:AQ112) -> 0 | BA112: =+AR112+AS112+AU112+AW112+AY112+AZ112 -> 0 | BB112: 3
B113: Facial | C113: =(M113*E113*O113*Q113)/100000000 -> 32.96538 | D113: VP OW | E113: 12 | F113: 1 | G113: 1350 | H113: =+N113 -> 0.25461538 | I113: 0.88 | J113: =E113*G113*(1-H113)*1440/1000000*2.74 -> 47.644031 | K113: =(IF(G113<L113,L113,G113)*(1-IF(H113<N113,H113,N113))*E113*O113*Q113)/100000000 -> 32.96538 | L113: 1350 | M113: 1006.2692 | N113: =1-(M113/L113) -> 0.25461538 | O113: =+'Trim Rwd'!H69 -> 262.5 | P113: =O113*(Q113-R113-S113) -> 262762.5 | Q113: 1040 | R113: 0 | S113: 39 | T113: =E113*M113*O113*Q113/100000000 -> 32.96538 | U113: =E113*M113*O113*(Q113-R113-S113)/100000000 -> 31.729178 | V113: =E113*G113*(1-N113)*O113/100*(R113+S113)/1000000 -> 1.2362017 | W113: =+'24'!K17/1000 -> 22.322 | AC113: =K113-T113 -> 0 | AD113: =+AM113+BA113 -> 2 | AE113: - Change Blade (1x) | AG113: 2 | AM113: =SUM(AF113:AL113)+AT113+AV113+AX113 -> 2 | AR113: =SUM(AN113:AQ113) -> 0 | BA113: =+AR113+AS113+AU113+AW113+AY113+AZ113 -> 0 | BC113: 1
B114: Facial | C114: =(M114*E114*O114*Q114)/100000000 -> 7.99524 | D114: VP OW | E114: 16 | F114: 1 | G114: 1165 | H114: =+N114 -> 0.25222222 | I114: 0.88 | J114: =E114*G114*(1-H114)*1440/1000000*2.74 -> 54.996052 | K114: =(IF(G114<L114,L114,G114)*(1-IF(H114<N114,H114,N114))*E114*O114*Q114)/100000000 -> 8.467686 | L114: 1100 | M114: 822.55556 | N114: =1-(M114/L114) -> 0.25222222 | O114: =+'Trim Rwd'!H70 -> 270 | P114: =O114*(Q114-R114-S114) -> 49950 | Q114: 225 | R114: 0 | S114: 40 | T114: =E114*M114*O114*Q114/100000000 -> 7.99524 | U114: =E114*M114*O114*(Q114-R114-S114)/100000000 -> 6.573864 | V114: =E114*G114*(1-N114)*O114/100*(R114+S114)/1000000 -> 1.5053664 | W114: =+'24'!K18/1000 -> 5.325 | Z114: =+'23'!D21/1000 -> 0 | AC114: =K114-T114 -> 0.472446 | AD114: =+AM114+BA114 -> 38 | AE114: - Change Spool (25x) | AH114: 38 | AM114: =SUM(AF114:AL114)+AT114+AV114+AX114 -> 38 | AR114: =SUM(AN114:AQ114) -> 0 | BA114: =+AR114+AS114+AU114+AW114+AY114+AZ114 -> 0
AD115: =+AM115+BA115 -> 40 | AE115: - Trial Ganti Grade F16 | AM115: =SUM(AF115:AL115)+AT115+AV115+AX115 -> 40 | AR115: =SUM(AN115:AQ115) -> 0 | AT115: 40 | BA115: =+AR115+AS115+AU115+AW115+AY115+AZ115 -> 0
A117: 45955 | B117: Facial | C117: =(M117*E117*O117*Q117)/100000000 -> 6.0598125 | D117: VP OW | E117: 12 | F117: 1 | G117: 1350 | H117: =+N117 -> 0.25 | I117: 0.88 | J117: =E117*G117*(1-H117)*1440/1000000*2.74 -> 47.93904 | K117: =(IF(G117<L117,L117,G117)*(1-IF(H117<N117,H117,N117))*E117*O117*Q117)/100000000 -> 6.0598125 | L117: 1350 | M117: 1012.5 | N117: =1-(M117/L117) -> 0.25 | O117: =+'Trim Rwd'!H73 -> 262.5 | P117: =O117*(Q117-R117-S117) -> 44625 | Q117: 190 | R117: 0 | S117: 20 | T117: =E117*M117*O117*Q117/100000000 -> 6.0598125 | U117: =E117*M117*O117*(Q117-R117-S117)/100000000 -> 5.4219375 | V117: =E117*G117*(1-N117)*O117/100*(R117+S117)/1000000 -> 0.637875 | W117: =+'25'!K17/1000 -> 9.556 | X117: =SUM(W117:W120)/SUM(K117:K120) -> 0.4642747 | Y117: =+SUM(RBP!AG68:AG69) -> 0 | Z117: =+'17'!D68/1000 -> 0 | AA117: =SUM(U117:U120)-SUM(W117:W120)-SUM(Z117:Z120)-SUM(Y117:Y120) -> 13.97676 | AB117: =(SUM(K117:K120)-SUM(W117:W120)-SUM(Y117:Y120)-SUM(Z117:Z120)-SUM(AC117:AC120)-SUM(V117:V120))-AA117 -> -0.72193684 | AC117: =K117-T117 -> 0 | AD117: =+AM117+BA117 -> 132 | AE117: - Sheet Breaks (28x) | AF117: 132 | AM117: =SUM(AF117:AL117)+AT117+AV117+AX117 -> 132 | AR117: =SUM(AN117:AQ117) -> 0 | BA117: =+AR117+AS117+AU117+AW117+AY117+AZ117 -> 0 | BB117: 28 | BF117: 2
B118: Toilet | C118: =(M118*E118*O118*Q118)/100000000 -> 38.700819 | D118: VP OW | E118: 13 | F118: 1 | G118: 1350 | H118: =+N118 -> 0.22212824 | I118: 0.88 | J118: =E118*G118*(1-H118)*1440/1000000*2.74 -> 53.863947 | K118: =(IF(G118<L118,L118,G118)*(1-IF(H118<N118,H118,N118))*E118*O118*Q118)/100000000 -> 43.770601 | L118: 1193.6347 | M118: 928.49469 | N118: =1-(M118/L118) -> 0.22212824 | O118: =+'Trim Rwd'!H72 -> 256.5 | P118: =O118*(Q118-R118-S118) -> 274968 | Q118: 1250 | R118: 0 | S118: 178 | T118: =E118*M118*O118*Q118/100000000 -> 38.700819 | U118: =E118*M118*O118*(Q118-R118-S118)/100000000 -> 33.189823 | V118: =E118*G118*(1-N118)*O118/100*(R118+S118)/1000000 -> 6.2329335 | W118: =+'25'!K16/1000 -> 13.579 | Z118: =+'25'!D17/1000 -> 1.5 | AC118: =K118-T118 -> 5.0697811 | AD118: =+AM118+BA118 -> 4 | AE118: - Change Blade (2x) | AG118: 4 | AM118: =SUM(AF118:AL118)+AT118+AV118+AX118 -> 4 | AR118: =SUM(AN118:AQ118) -> 0 | BA118: =+AR118+AS118+AU118+AW118+AY118+AZ118 -> 0 | BC118: 2
AD119: =+AM119+BA119 -> 52 | AE119: - Change Spool (20x) | AH119: 52 | AM119: =SUM(AF119:AL119)+AT119+AV119+AX119 -> 52 | AR119: =SUM(AN119:AQ119) -> 0 | BA119: =+AR119+AS119+AU119+AW119+AY119+AZ119 -> 0
AD120: =+AM120+BA120 -> 10 | AE120: - 00.50 Sirkulsi UTM, Crane T15 macet, EID perbaikan. | AK120: 10 | AM120: =SUM(AF120:AL120)+AT120+AV120+AX120 -> 10 | AR120: =SUM(AN120:AQ120) -> 0 | BA120: =+AR120+AS120+AU120+AW120+AY120+AZ120 -> 0
A122: 45956 | B122: Toilet | C122: =(M122*E122*O122*Q122)/100000000 -> 28.841566 | D122: VP OW | E122: 13 | F122: 1 | G122: 1350 | H122: =+N122 -> 0.24829944 | I122: 0.88 | J122: =E122*G122*(1-H122)*1440/1000000*2.74 -> 52.051716 | K122: =(IF(G122<L122,L122,G122)*(1-IF(H122<N122,H122,N122))*E122*O122*Q122)/100000000 -> 48.727245 | L122: 799.0625 | M122: 600.65573 | N122: =1-(M122/L122) -> 0.24829944 | O122: =+'Trim Rwd'!H75 -> 256.5 | P122: =O122*(Q122-R122-S122) -> 349353 | Q122: 1440 | R122: 0 | S122: 78 | T122: =E122*M122*O122*Q122/100000000 -> 28.841566 | U122: =E122*M122*O122*(Q122-R122-S122)/100000000 -> 27.279315 | V122: =E122*G122*(1-N122)*O122/100*(R122+S122)/1000000 -> 2.6393924 | W122: =+'26'!K16/1000 -> 24.103 | X122: =SUM(W122:W125)/SUM(K122:K125) -> 0.4946514 | Y122: =+SUM(RBP!AG73:AG74) -> 0 | Z122: =+'17'!D73/1000 -> 0 | AA122: =SUM(U122:U125)-SUM(W122:W125)-SUM(Z122:Z125)-SUM(Y122:Y125) -> 3.1763145 | AB122: =(SUM(K122:K125)-SUM(W122:W125)-SUM(Y122:Y125)-SUM(Z122:Z125)-SUM(AC122:AC125)-SUM(V122:V125))-AA122 -> -1.0771409 | AC122: =K122-T122 -> 19.885679 | AD122: =+AM122+BA122 -> 29 | AE122: - Sheet Breaks (8x) | AF122: 29 | AM122: =SUM(AF122:AL122)+AT122+AV122+AX122 -> 29 | AR122: =SUM(AN122:AQ122) -> 0 | BA122: =+AR122+AS122+AU122+AW122+AY122+AZ122 -> 0 | BB122: 8 | BF122: 3
AD123: =+AM123+BA123 -> 12 | AE123: - Change Blade (9x) | AG123: 12 | AM123: =SUM(AF123:AL123)+AT123+AV123+AX123 -> 12 | AR123: =SUM(AN123:AQ123) -> 0 | BA123: =+AR123+AS123+AU123+AW123+AY123+AZ123 -> 0 | BC123: 9
AD124: =+AM124+BA124 -> 37 | AE124: - Change Spool (18x) | AH124: 37 | AM124: =SUM(AF124:AL124)+AT124+AV124+AX124 -> 37 | AR124: =SUM(AN124:AQ124) -> 0 | BA124: =+AR124+AS124+AU124+AW124+AY124+AZ124 -> 0
A126: 45957 | B126: Toilet | C126: =(M126*E126*O126*Q126)/100000000 -> 47.656435 | D126: VP OW | E126: 13 | F126: 1 | G126: 1350 | H126: =+N126 -> 0.23 | I126: 0.88 | J126: =E126*G126*(1-H126)*1440/1000000*2.74 -> 53.318866 | K126: =(IF(G126<L126,L126,G126)*(1-IF(H126<N126,H126,N126))*E126*O126*Q126)/100000000 -> 49.077592 | L126: 1310.9076 | M126: 1009.3988 | N126: =1-(M126/L126) -> 0.23 | O126: =+'Trim Rwd'!H77 -> 252.20455 | P126: =O126*(Q126-R126-S126) -> 265066.98 | Q126: 1440 | R126: =150+135 -> 285 | S126: 104 | T126: =E126*M126*O126*Q126/100000000 -> 47.656435 | U126: =E126*M126*O126*(Q126-R126-S126)/100000000 -> 34.782579 | V126: =E126*G126*(1-N126)*O126/100*(R126+S126)/1000000 -> 13.257766 | W126: =+'27'!K19/1000 -> 27.523 | X126: =SUM(W126:W129)/SUM(K126:K129) -> 0.56080583 | Y126: =+SUM(RBP!AG77:AG78) -> 0 | Z126: =+'27'!D7/1000 -> 1.3 | AA126: =SUM(U126:U129)-SUM(W126:W129)-SUM(Z126:Z129)-SUM(Y126:Y129) -> 5.9595789 | AB126: =(SUM(K126:K129)-SUM(W126:W129)-SUM(Y126:Y129)-SUM(Z126:Z129)-SUM(AC126:AC129)-SUM(V126:V129))-AA126 -> -0.3839097 | AC126: =K126-T126 -> 1.4211567 | AD126: =+AM126+BA126 -> 25 | AE126: - Sheet Breaks (5x) | AF126: 25 | AM126: =SUM(AF126:AL126)+AT126+AV126+AX126 -> 25 | AR126: =SUM(AN126:AQ126) -> 0 | BA126: =+AR126+AS126+AU126+AW126+AY126+AZ126 -> 0 | BB126: 5
AD127: =+AM127+BA127 -> 18 | AE127: - Change Blade (6x) | AG127: 18 | AM127: =SUM(AF127:AL127)+AT127+AV127+AX127 -> 18 | AR127: =SUM(AN127:AQ127) -> 0 | BA127: =+AR127+AS127+AU127+AW127+AY127+AZ127 -> 0 | BC127: 6
...

Sheet Efficiency2
A1: PM17 Efficiency Running Report
A3: Date | B3: Grade | C3: Speed real (ton) with Available Time | D3: Colour | E3: gsm | F3: Ply | G3: Standard | L3: Real Running | O3: Trim Rewinder (cm) | P3: Trim Rewinder x Running Time | Q3: Available Time (mnt) | R3: Down Time (mnt) | S3: Loss Time (mnt) | T3: Real Speed & Real Creepe Ratio with Available Time (ton) | U3: Real Speed & Real Creepe Ratio setelah dipotong DT & LT (ton) | V3: Loss tonase akibat DT + LT dari hitungan Teori with available time (ton) | W3: Accepted (ton) | X3: Real Eff dr Target Eff | Y3: Backlog | Z3: Reject Rewinder (ton) | AA3: Estimasi Reject to Broke Plant (ton) | AB3: Estimasi Faktor BW (ton) | AC3: Loss Opportunity in Speed (ton) | AD3: Downtime/ Losstime | AE3: Reason of Downtime / Losstime | AF3: Loss Time | AM3: Total Losstime | AN3: Unschedule Shut Down (mnt) | AS3: Schedule Shut Down | AT3: Marketing | AV3: EXT FACTOR | AX3: EXT FACTOR | AZ3: MANAGEMENT | BA3: Total Down Time | BB3: Freq. Sheets Break (X) | BC3: Freq. Change Blade (X) | BD3: Steam, & gangguan sinergy (X) | BE3: Freq, Trip PLN (X) | BF3: Cleaning Holes (X)
AF4: Proses | AI4: Change Grade | AJ4: Mekanik | AK4: Electric & Instrument | AL4: Boiler | AN4: Down Time Produksi | AO4: Mekanik | AP4: Electrical & Instrument | AQ4: Boiler | AR4: Total Unschedule Shut Down | AV4: LOSS | AW4: DOWN TIME | AX4: LOSS | AY4: DOWN TIME
G5: Yankee Speed (mpm) | H5: Max % Creeping | I5: Target Eff | J5: Kapasitas PM-Teori (ton) | K5: Teori (ton) with Available Time | L5: Yankee Speed (mpm) | M5: Popereel Speed (mpm) | N5: % Creeping | AF5: sheet break | AG5: change blade | AH5: change spool | AT5: Loss time | AU5: Down Time | AV5: SINERGY | AW5: SINERGY | AX5: PLN | AY5: PLN
A6: =+Report1!A9 -> 45931 | B6: STOP | C6: =(M6*E6*O6*Q6)/100000000 -> 0 | D6: RC HW | E6: 17 | F6: 1 | G6: 1025 | H6: =+N6 -> 0.2 | I6: 0.88 | J6: =E6*G6*(1-H6)*1440/1000000*2.74 -> 55.001664 | K6: =(IF(G6<L6,L6,G6)*(1-IF(H6<N6,H6,N6))*E6*O6*Q6)/100000000 -> 0 | L6: 1050 | M6: 840 | N6: =1-(M6/L6) -> 0.2 | O6: =+'Trim Rwd'!H4 -> 256.5 | P6: =O6*(Q6-R6-S6) -> 0 | Q6: =1440-1440 -> 0 | R6: =1440-1440 -> 0 | S6: 0 | T6: =E6*M6*O6*Q6/100000000 -> 0 | U6: =E6*M6*O6*(Q6-R6-S6)/100000000 -> 0 | V6: =E6*G6*(1-N6)*O6/100*(R6+S6)/1000000 -> 0 | W6: =+'1'!K7/1000 -> 3.364 | X6: =SUM(W6:W9)/SUM(K6:K9) -> #DIV/0! | Y6: 0 | Z6: =+'1'!D34/1000 -> 0 | AA6: =SUM(U6:U9)-SUM(W6:W9)-SUM(Z6:Z9)-SUM(Y6:Y9) -> -3.364 | AB6: =(SUM(K6:K9)-SUM(W6:W9)-SUM(Y6:Y9)-SUM(Z6:Z9)-SUM(AC6:AC9)-SUM(V6:V9))-AA6 -> 0 | AC6: =K6-T6 -> 0 | AD6: =+AM6+BA6 -> 0 | AE6: - Sheet Breaks (0x) | AF6: 0 | AM6: =SUM(AF6:AL6)+AT6+AV6+AX6 -> 0 | AR6: =SUM(AN6:AQ6) -> 0 | BA6: =+AR6+AS6+AU6+AW6+AY6+AZ6 -> 0 | BB6: 0
AD7: =+AM7+BA7 -> 0 | AE7: - Change Blade (0x) | AG7: 0 | AM7: =SUM(AF7:AL7)+AT7+AV7+AX7 -> 0 | AR7: =SUM(AN7:AQ7) -> 0 | BA7: =+AR7+AS7+AU7+AW7+AY7+AZ7 -> 0 | BC7: 0
AD8: =+AM8+BA8 -> 0 | AE8: - Change Spool (0x) | AH8: 0 | AM8: =SUM(AF8:AL8)+AT8+AV8+AX8 -> 0 | AR8: =SUM(AN8:AQ8) -> 0 | BA8: =+AR8+AS8+AU8+AW8+AY8+AZ8 -> 0
AD9: =+AM9+BA9 -> 0 | AE9: - STOP, No Order | AM9: =SUM(AF9:AL9)+AT9+AV9+AX9 -> 0 | AR9: =SUM(AN9:AQ9) -> 0 | AU9: =1440-1440 -> 0 | BA9: =+AR9+AS9+AU9+AW9+AY9+AZ9 -> 0
A11: 45932 | B11: STOP | C11: =(M11*E11*O11*Q11)/100000000 -> 0 | D11: RC HW | E11: 17 | F11: 1 | G11: 1025 | H11: =+N11 -> 0.2 | I11: 0.88 | J11: =E11*G11*(1-H11)*1440/1000000*2.74 -> 55.001664 | K11: =(IF(G11<L11,L11,G11)*(1-IF(H11<N11,H11,N11))*E11*O11*Q11)/100000000 -> 0 | L11: 1050 | M11: 840 | N11: =1-(M11/L11) -> 0.2 | O11: =+'Trim Rwd'!H6 -> 256.5 | P11: =O11*(Q11-R11-S11) -> 0 | Q11: =1440-1440 -> 0 | R11: =1440-1440 -> 0 | S11: 0 | T11: =E11*M11*O11*Q11/100000000 -> 0 | U11: =E11*M11*O11*(Q11-R11-S11)/100000000 -> 0 | V11: =E11*G11*(1-N11)*O11/100*(R11+S11)/1000000 -> 0 | W11: =+'1'!K12/1000 -> 0 | X11: =SUM(W11:W14)/SUM(K11:K14) -> #DIV/0! | Y11: 0 | Z11: =+'1'!D39/1000 -> 0 | AA11: =SUM(U11:U14)-SUM(W11:W14)-SUM(Z11:Z14)-SUM(Y11:Y14) -> 0 | AB11: =(SUM(K11:K14)-SUM(W11:W14)-SUM(Y11:Y14)-SUM(Z11:Z14)-SUM(AC11:AC14)-SUM(V11:V14))-AA11 -> 0 | AC11: =K11-T11 -> 0 | AD11: =+AM11+BA11 -> 0 | AE11: - Sheet Breaks (0x) | AF11: 0 | AM11: =SUM(AF11:AL11)+AT11+AV11+AX11 -> 0 | AR11: =SUM(AN11:AQ11) -> 0 | BA11: =+AR11+AS11+AU11+AW11+AY11+AZ11 -> 0 | BB11: 0
AD12: =+AM12+BA12 -> 0 | AE12: - Change Blade (0x) | AG12: 0 | AM12: =SUM(AF12:AL12)+AT12+AV12+AX12 -> 0 | AR12: =SUM(AN12:AQ12) -> 0 | BA12: =+AR12+AS12+AU12+AW12+AY12+AZ12 -> 0 | BC12: 0
AD13: =+AM13+BA13 -> 0 | AE13: - Change Spool (0x) | AH13: 0 | AM13: =SUM(AF13:AL13)+AT13+AV13+AX13 -> 0 | AR13: =SUM(AN13:AQ13) -> 0 | BA13: =+AR13+AS13+AU13+AW13+AY13+AZ13 -> 0
AD14: =+AM14+BA14 -> 0 | AE14: - STOP, No Order | AM14: =SUM(AF14:AL14)+AT14+AV14+AX14 -> 0 | AR14: =SUM(AN14:AQ14) -> 0 | AU14: =1440-1440 -> 0 | BA14: =+AR14+AS14+AU14+AW14+AY14+AZ14 -> 0
A16: 45933 | B16: STOP | C16: =(M16*E16*O16*Q16)/100000000 -> 0 | D16: RC HW | E16: 17 | F16: 1 | G16: 1025 | H16: =+N16 -> 0.2 | I16: 0.88 | J16: =E16*G16*(1-H16)*1440/1000000*2.74 -> 55.001664 | K16: =(IF(G16<L16,L16,G16)*(1-IF(H16<N16,H16,N16))*E16*O16*Q16)/100000000 -> 0 | L16: 1050 | M16: 840 | N16: =1-(M16/L16) -> 0.2 | O16: =+'Trim Rwd'!H8 -> 256.5 | P16: =O16*(Q16-R16-S16) -> 0 | Q16: =1440-1440 -> 0 | R16: =1440-1440 -> 0 | S16: 0 | T16: =E16*M16*O16*Q16/100000000 -> 0 | U16: =E16*M16*O16*(Q16-R16-S16)/100000000 -> 0 | V16: =E16*G16*(1-N16)*O16/100*(R16+S16)/1000000 -> 0 | W16: =+'1'!K17/1000 -> 0 | X16: =SUM(W16:W19)/SUM(K16:K19) -> #DIV/0! | Y16: 0 | Z16: =+'1'!D44/1000 -> 0 | AA16: =SUM(U16:U19)-SUM(W16:W19)-SUM(Z16:Z19)-SUM(Y16:Y19) -> 0 | AB16: =(SUM(K16:K19)-SUM(W16:W19)-SUM(Y16:Y19)-SUM(Z16:Z19)-SUM(AC16:AC19)-SUM(V16:V19))-AA16 -> 0 | AC16: =K16-T16 -> 0 | AD16: =+AM16+BA16 -> 0 | AE16: - Sheet Breaks (0x) | AF16: 0 | AM16: =SUM(AF16:AL16)+AT16+AV16+AX16 -> 0 | AR16: =SUM(AN16:AQ16) -> 0 | BA16: =+AR16+AS16+AU16+AW16+AY16+AZ16 -> 0 | BB16: 0
AD17: =+AM17+BA17 -> 0 | AE17: - Change Blade (0x) | AG17: 0 | AM17: =SUM(AF17:AL17)+AT17+AV17+AX17 -> 0 | AR17: =SUM(AN17:AQ17) -> 0 | BA17: =+AR17+AS17+AU17+AW17+AY17+AZ17 -> 0 | BC17: 0
AD18: =+AM18+BA18 -> 0 | AE18: - Change Spool (0x) | AH18: 0 | AM18: =SUM(AF18:AL18)+AT18+AV18+AX18 -> 0 | AR18: =SUM(AN18:AQ18) -> 0 | BA18: =+AR18+AS18+AU18+AW18+AY18+AZ18 -> 0
AD19: =+AM19+BA19 -> 0 | AE19: - STOP, No Order | AM19: =SUM(AF19:AL19)+AT19+AV19+AX19 -> 0 | AR19: =SUM(AN19:AQ19) -> 0 | AU19: =1440-1440 -> 0 | BA19: =+AR19+AS19+AU19+AW19+AY19+AZ19 -> 0
A21: 45934 | B21: STOP | C21: =(M21*E21*O21*Q21)/100000000 -> 0 | D21: RC HW | E21: 17 | F21: 1 | G21: 1025 | H21: =+N21 -> 0.2 | I21: 0.88 | J21: =E21*G21*(1-H21)*1440/1000000*2.74 -> 55.001664 | K21: =(IF(G21<L21,L21,G21)*(1-IF(H21<N21,H21,N21))*E21*O21*Q21)/100000000 -> 0 | L21: 1050 | M21: 840 | N21: =1-(M21/L21) -> 0.2 | O21: =+'Trim Rwd'!H10 -> 256.5 | P21: =O21*(Q21-R21-S21) -> 0 | Q21: =1440-1440 -> 0 | R21: =1440-1440 -> 0 | S21: 0 | T21: =E21*M21*O21*Q21/100000000 -> 0 | U21: =E21*M21*O21*(Q21-R21-S21)/100000000 -> 0 | V21: =E21*G21*(1-N21)*O21/100*(R21+S21)/1000000 -> 0 | W21: =+'1'!K22/1000 -> 0 | X21: =SUM(W21:W24)/SUM(K21:K24) -> #DIV/0! | Y21: 0 | Z21: 0 | AA21: =SUM(U21:U24)-SUM(W21:W24)-SUM(Z21:Z24)-SUM(Y21:Y24) -> 0 | AB21: =(SUM(K21:K24)-SUM(W21:W24)-SUM(Y21:Y24)-SUM(Z21:Z24)-SUM(AC21:AC24)-SUM(V21:V24))-AA21 -> 0 | AC21: =K21-T21 -> 0 | AD21: =+AM21+BA21 -> 0 | AE21: - Sheet Breaks (0x) | AF21: 0 | AM21: =SUM(AF21:AL21)+AT21+AV21+AX21 -> 0 | AR21: =SUM(AN21:AQ21) -> 0 | BA21: =+AR21+AS21+AU21+AW21+AY21+AZ21 -> 0 | BB21: 0
AD22: =+AM22+BA22 -> 0 | AE22: - Change Blade (0x) | AG22: 0 | AM22: =SUM(AF22:AL22)+AT22+AV22+AX22 -> 0 | AR22: =SUM(AN22:AQ22) -> 0 | BA22: =+AR22+AS22+AU22+AW22+AY22+AZ22 -> 0 | BC22: 0
AD23: =+AM23+BA23 -> 0 | AE23: - Change Spool (0x) | AH23: 0 | AM23: =SUM(AF23:AL23)+AT23+AV23+AX23 -> 0 | AR23: =SUM(AN23:AQ23) -> 0 | BA23: =+AR23+AS23+AU23+AW23+AY23+AZ23 -> 0
AD24: =+AM24+BA24 -> 0 | AE24: - STOP, No Order | AM24: =SUM(AF24:AL24)+AT24+AV24+AX24 -> 0 | AR24: =SUM(AN24:AQ24) -> 0 | AU24: =1440-1440 -> 0 | BA24: =+AR24+AS24+AU24+AW24+AY24+AZ24 -> 0
A26: 45935 | B26: STOP | C26: =(M26*E26*O26*Q26)/100000000 -> 0 | D26: RC HW | E26: 17 | F26: 1 | G26: 1025 | H26: =+N26 -> 0.2 | I26: 0.88 | J26: =E26*G26*(1-H26)*1440/1000000*2.74 -> 55.001664 | K26: =(IF(G26<L26,L26,G26)*(1-IF(H26<N26,H26,N26))*E26*O26*Q26)/100000000 -> 0 | L26: 1050 | M26: 840 | N26: =1-(M26/L26) -> 0.2 | O26: =+'Trim Rwd'!H12 -> 256.5 | P26: =O26*(Q26-R26-S26) -> 0 | Q26: =1440-1440 -> 0 | R26: =1440-1440 -> 0 | S26: 0 | T26: =E26*M26*O26*Q26/100000000 -> 0 | U26: =E26*M26*O26*(Q26-R26-S26)/100000000 -> 0 | V26: =E26*G26*(1-N26)*O26/100*(R26+S26)/1000000 -> 0 | W26: =+'1'!K27/1000 -> 0 | X26: =SUM(W26:W29)/SUM(K26:K29) -> #DIV/0! | Y26: 0 | Z26: 0 | AA26: =SUM(U26:U29)-SUM(W26:W29)-SUM(Z26:Z29)-SUM(Y26:Y29) -> 0 | AB26: =(SUM(K26:K29)-SUM(W26:W29)-SUM(Y26:Y29)-SUM(Z26:Z29)-SUM(AC26:AC29)-SUM(V26:V29))-AA26 -> 0 | AC26: =K26-T26 -> 0 | AD26: =+AM26+BA26 -> 0 | AE26: - Sheet Breaks (0x) | AF26: 0 | AM26: =SUM(AF26:AL26)+AT26+AV26+AX26 -> 0 | AR26: =SUM(AN26:AQ26) -> 0 | BA26: =+AR26+AS26+AU26+AW26+AY26+AZ26 -> 0 | BB26: 0
AD27: =+AM27+BA27 -> 0 | AE27: - Change Blade (0x) | AG27: 0 | AM27: =SUM(AF27:AL27)+AT27+AV27+AX27 -> 0 | AR27: =SUM(AN27:AQ27) -> 0 | BA27: =+AR27+AS27+AU27+AW27+AY27+AZ27 -> 0 | BC27: 0
AD28: =+AM28+BA28 -> 0 | AE28: - Change Spool (0x) | AH28: 0 | AM28: =SUM(AF28:AL28)+AT28+AV28+AX28 -> 0 | AR28: =SUM(AN28:AQ28) -> 0 | BA28: =+AR28+AS28+AU28+AW28+AY28+AZ28 -> 0
AD29: =+AM29+BA29 -> 0 | AE29: - STOP, No Order | AM29: =SUM(AF29:AL29)+AT29+AV29+AX29 -> 0 | AR29: =SUM(AN29:AQ29) -> 0 | AU29: =1440-1440 -> 0 | BA29: =+AR29+AS29+AU29+AW29+AY29+AZ29 -> 0
A31: 45936 | B31: STOP | C31: =(M31*E31*O31*Q31)/100000000 -> 0 | D31: RC HW | E31: 17 | F31: 1 | G31: 1025 | H31: =+N31 -> 0.2 | I31: 0.88 | J31: =E31*G31*(1-H31)*1440/1000000*2.74 -> 55.001664 | K31: =(IF(G31<L31,L31,G31)*(1-IF(H31<N31,H31,N31))*E31*O31*Q31)/100000000 -> 0 | L31: 1050 | M31: 840 | N31: =1-(M31/L31) -> 0.2 | O31: =+'Trim Rwd'!H14 -> 256.5 | P31: =O31*(Q31-R31-S31) -> 0 | Q31: =1440-1440 -> 0 | R31: =1440-1440 -> 0 | S31: 0 | T31: =E31*M31*O31*Q31/100000000 -> 0 | U31: =E31*M31*O31*(Q31-R31-S31)/100000000 -> 0 | V31: =E31*G31*(1-N31)*O31/100*(R31+S31)/1000000 -> 0 | W31: =+'1'!K32/1000 -> 0 | X31: =SUM(W31:W34)/SUM(K31:K34) -> #DIV/0! | Y31: 0 | Z31: =+'1'!D59/1000 -> 0 | AA31: =SUM(U31:U34)-SUM(W31:W34)-SUM(Z31:Z34)-SUM(Y31:Y34) -> 0 | AB31: =(SUM(K31:K34)-SUM(W31:W34)-SUM(Y31:Y34)-SUM(Z31:Z34)-SUM(AC31:AC34)-SUM(V31:V34))-AA31 -> 0 | AC31: =K31-T31 -> 0 | AD31: =+AM31+BA31 -> 0 | AE31: - Sheet Breaks (0x) | AF31: 0 | AM31: =SUM(AF31:AL31)+AT31+AV31+AX31 -> 0 | AR31: =SUM(AN31:AQ31) -> 0 | BA31: =+AR31+AS31+AU31+AW31+AY31+AZ31 -> 0 | BB31: 0
AD32: =+AM32+BA32 -> 0 | AE32: - Change Blade (0x) | AG32: 0 | AM32: =SUM(AF32:AL32)+AT32+AV32+AX32 -> 0 | AR32: =SUM(AN32:AQ32) -> 0 | BA32: =+AR32+AS32+AU32+AW32+AY32+AZ32 -> 0 | BC32: 0
AD33: =+AM33+BA33 -> 0 | AE33: - Change Spool (0x) | AH33: 0 | AM33: =SUM(AF33:AL33)+AT33+AV33+AX33 -> 0 | AR33: =SUM(AN33:AQ33) -> 0 | BA33: =+AR33+AS33+AU33+AW33+AY33+AZ33 -> 0
AD34: =+AM34+BA34 -> 0 | AE34: - STOP, No Order | AM34: =SUM(AF34:AL34)+AT34+AV34+AX34 -> 0 | AR34: =SUM(AN34:AQ34) -> 0 | AU34: =1440-1440 -> 0 | BA34: =+AR34+AS34+AU34+AW34+AY34+AZ34 -> 0
A36: 45937 | B36: STOP | C36: =(M36*E36*O36*Q36)/100000000 -> 0 | D36: RC HW | E36: 17 | F36: 1 | G36: 1025 | H36: =+N36 -> 0.2 | I36: 0.88 | J36: =E36*G36*(1-H36)*1440/1000000*2.74 -> 55.001664 | K36: =(IF(G36<L36,L36,G36)*(1-IF(H36<N36,H36,N36))*E36*O36*Q36)/100000000 -> 0 | L36: 1050 | M36: 840 | N36: =1-(M36/L36) -> 0.2 | O36: =+'Trim Rwd'!H16 -> 256.5 | P36: =O36*(Q36-R36-S36) -> 0 | Q36: =1440-1440 -> 0 | R36: =1440-1440 -> 0 | S36: 0 | T36: =E36*M36*O36*Q36/100000000 -> 0 | U36: =E36*M36*O36*(Q36-R36-S36)/100000000 -> 0 | V36: =E36*G36*(1-N36)*O36/100*(R36+S36)/1000000 -> 0 | W36: 0 | X36: =SUM(W36:W39)/SUM(K36:K39) -> #DIV/0! | Y36: 0 | Z36: =+'1'!D64/1000 -> 0 | AA36: =SUM(U36:U39)-SUM(W36:W39)-SUM(Z36:Z39)-SUM(Y36:Y39) -> 0 | AB36: =(SUM(K36:K39)-SUM(W36:W39)-SUM(Y36:Y39)-SUM(Z36:Z39)-SUM(AC36:AC39)-SUM(V36:V39))-AA36 -> 0 | AC36: =K36-T36 -> 0 | AD36: =+AM36+BA36 -> 0 | AE36: - Sheet Breaks (0x) | AF36: 0 | AM36: =SUM(AF36:AL36)+AT36+AV36+AX36 -> 0 | AR36: =SUM(AN36:AQ36) -> 0 | BA36: =+AR36+AS36+AU36+AW36+AY36+AZ36 -> 0 | BB36: 0
AD37: =+AM37+BA37 -> 0 | AE37: - Change Blade (0x) | AG37: 0 | AM37: =SUM(AF37:AL37)+AT37+AV37+AX37 -> 0 | AR37: =SUM(AN37:AQ37) -> 0 | BA37: =+AR37+AS37+AU37+AW37+AY37+AZ37 -> 0 | BC37: 0
AD38: =+AM38+BA38 -> 0 | AE38: - Change Spool (0x) | AH38: 0 | AM38: =SUM(AF38:AL38)+AT38+AV38+AX38 -> 0 | AR38: =SUM(AN38:AQ38) -> 0 | BA38: =+AR38+AS38+AU38+AW38+AY38+AZ38 -> 0
AD39: =+AM39+BA39 -> 0 | AE39: - STOP, No Order | AM39: =SUM(AF39:AL39)+AT39+AV39+AX39 -> 0 | AR39: =SUM(AN39:AQ39) -> 0 | AU39: =1440-1440 -> 0 | BA39: =+AR39+AS39+AU39+AW39+AY39+AZ39 -> 0
A41: 45938 | B41: STOP | C41: =(M41*E41*O41*Q41)/100000000 -> 0 | D41: RC HW | E41: 17 | F41: 1 | G41: 1025 | H41: =+N41 -> 0.2 | I41: 0.88 | J41: =E41*G41*(1-H41)*1440/1000000*2.74 -> 55.001664 | K41: =(IF(G41<L41,L41,G41)*(1-IF(H41<N41,H41,N41))*E41*O41*Q41)/100000000 -> 0 | L41: 1050 | M41: 840 | N41: =1-(M41/L41) -> 0.2 | O41: =+'Trim Rwd'!H18 -> 256.5 | P41: =O41*(Q41-R41-S41) -> 0 | Q41: =1440-1440 -> 0 | R41: =1440-1440 -> 0 | S41: 0 | T41: =E41*M41*O41*Q41/100000000 -> 0 | U41: =E41*M41*O41*(Q41-R41-S41)/100000000 -> 0 | V41: =E41*G41*(1-N41)*O41/100*(R41+S41)/1000000 -> 0 | W41: 0 | X41: =SUM(W41:W44)/SUM(K41:K44) -> #DIV/0! | Y41: 0 | Z41: =+'1'!D69/1000 -> 0 | AA41: =SUM(U41:U44)-SUM(W41:W44)-SUM(Z41:Z44)-SUM(Y41:Y44) -> 0 | AB41: =(SUM(K41:K44)-SUM(W41:W44)-SUM(Y41:Y44)-SUM(Z41:Z44)-SUM(AC41:AC44)-SUM(V41:V44))-AA41 -> 0 | AC41: =K41-T41 -> 0 | AD41: =+AM41+BA41 -> 0 | AE41: - Sheet Breaks (0x) | AF41: 0 | AM41: =SUM(AF41:AL41)+AT41+AV41+AX41 -> 0 | AR41: =SUM(AN41:AQ41) -> 0 | BA41: =+AR41+AS41+AU41+AW41+AY41+AZ41 -> 0 | BB41: 0
AD42: =+AM42+BA42 -> 0 | AE42: - Change Blade (0x) | AG42: 0 | AM42: =SUM(AF42:AL42)+AT42+AV42+AX42 -> 0 | AR42: =SUM(AN42:AQ42) -> 0 | BA42: =+AR42+AS42+AU42+AW42+AY42+AZ42 -> 0 | BC42: 0
AD43: =+AM43+BA43 -> 0 | AE43: - Change Spool (0x) | AH43: 0 | AM43: =SUM(AF43:AL43)+AT43+AV43+AX43 -> 0 | AR43: =SUM(AN43:AQ43) -> 0 | BA43: =+AR43+AS43+AU43+AW43+AY43+AZ43 -> 0
AD44: =+AM44+BA44 -> 0 | AE44: - STOP, No Order | AM44: =SUM(AF44:AL44)+AT44+AV44+AX44 -> 0 | AR44: =SUM(AN44:AQ44) -> 0 | AU44: =1440-1440 -> 0 | BA44: =+AR44+AS44+AU44+AW44+AY44+AZ44 -> 0
A46: 45939 | B46: Toilet | C46: =(M46*E46*O46*Q46)/100000000 -> 28.335734 | D46: VP OW | E46: 14 | F46: 1 | G46: 1300 | H46: =+N46 -> 0.23340045 | I46: 0.88 | J46: =E46*G46*(1-H46)*1440/1000000*2.74 -> 55.049452 | K46: =(IF(G46<L46,L46,G46)*(1-IF(H46<N46,H46,N46))*E46*O46*Q46)/100000000 -> 38.969923 | L46: 945.25346 | M46: 724.63088 | N46: =1-(M46/L46) -> 0.23340045 | O46: =+'Trim Rwd'!H20 -> 264 | P46: =O46*(Q46-R46-S46) -> 225456 | Q46: =1383-325 -> 1058 | R46: =515-325 -> 190 | S46: 14 | T46: =E46*M46*O46*Q46/100000000 -> 28.335734 | U46: =E46*M46*O46*(Q46-R46-S46)/100000000 -> 22.872133 | V46: =E46*G46*(1-N46)*O46/100*(R46+S46)/1000000 -> 7.5140494 | W46: =+'9'!K8/1000 -> 17.867 | X46: =SUM(W46:W49)/SUM(K46:K49) -> 0.43567002 | Y46: 0 | Z46: =+'1'!D74/1000 -> 0 | AA46: =SUM(U46:U49)-SUM(W46:W49)-SUM(Z46:Z49)-SUM(Y46:Y49) -> 6.6274885 | AB46: =(SUM(K46:K49)-SUM(W46:W49)-SUM(Y46:Y49)-SUM(Z46:Z49)-SUM(AC46:AC49)-SUM(V46:V49))-AA46 -> -2.0630493 | AC46: =K46-T46 -> 10.634189 | AD46: =+AM46+BA46 -> 0 | AE46: - Sheet Breaks (0x) | AF46: 0 | AM46: =SUM(AF46:AL46)+AT46+AV46+AX46 -> 0 | AR46: =SUM(AN46:AQ46) -> 0 | BA46: =+AR46+AS46+AU46+AW46+AY46+AZ46 -> 0 | BB46: 0
B47: Toilet | C47: =(M47*E47*O47*Q47)/100000000 -> 1.6813502 | D47: VP OW | E47: 14.5 | F47: 1 | G47: 1250 | H47: =+N47 -> 0.23 | I47: 0.88 | J47: =E47*G47*(1-H47)*1440/1000000*2.74 -> 55.06578 | K47: =(IF(G47<L47,L47,G47)*(1-IF(H47<N47,H47,N47))*E47*O47*Q47)/100000000 -> 2.0404735 | L47: 1030 | M47: 793.1 | N47: =1-(M47/L47) -> 0.23 | O47: =+'Trim Rwd'!H21 -> 256.5 | P47: =O47*(Q47-R47-S47) -> 14107.5 | Q47: 57 | R47: 0 | S47: 2 | T47: =E47*M47*O47*Q47/100000000 -> 1.6813502 | U47: =E47*M47*O47*(Q47-R47-S47)/100000000 -> 1.6223554 | V47: =E47*G47*(1-N47)*O47/100*(R47+S47)/1000000 -> 0.071595563 | W47: 0 | AC47: =K47-T47 -> 0.35912334 | AD47: =+AM47+BA47 -> 5 | AE47: - Change Blade (9x) | AG47: 5 | AM47: =SUM(AF47:AL47)+AT47+AV47+AX47 -> 5 | AR47: =SUM(AN47:AQ47) -> 0 | BA47: =+AR47+AS47+AU47+AW47+AY47+AZ47 -> 0 | BC47: 9
AD48: =+AM48+BA48 -> 11 | AE48: - Change Spool (17x) | AH48: 11 | AM48: =SUM(AF48:AL48)+AT48+AV48+AX48 -> 11 | AR48: =SUM(AN48:AQ48) -> 0 | BA48: =+AR48+AS48+AU48+AW48+AY48+AZ48 -> 0
AD49: =+AM49+BA49 -> 0 | AE49: - STOP, No Order | AM49: =SUM(AF49:AL49)+AT49+AV49+AX49 -> 0 | AR49: =SUM(AN49:AQ49) -> 0 | AU49: =325-325 -> 0 | BA49: =+AR49+AS49+AU49+AW49+AY49+AZ49 -> 0
AD50: =+AM50+BA50 -> 190 | AE50: - 16:06 pm 17 stop, kertas hole -> cek wire | AM50: =SUM(AF50:AL50)+AT50+AV50+AX50 -> 0 | AN50: 190 | AR50: =SUM(AN50:AQ50) -> 190 | BA50: =+AR50+AS50+AU50+AW50+AY50+AZ50 -> 190 | BF50: 1
A52: 45940 | B52: Toilet | C52: =(M52*E52*O52*Q52)/100000000 -> 48.791463 | D52: VP OW | E52: 14.5 | F52: 1 | G52: 1230 | H52: =+N52 -> 0.21674537 | I52: 0.88 | J52: =E52*G52*(1-H52)*1440/1000000*2.74 -> 55.117453 | K52: =(IF(G52<L52,L52,G52)*(1-IF(H52<N52,H52,N52))*E52*O52*Q52)/100000000 -> 51.597177 | L52: 1163.1159 | M52: 911.01594 | N52: =1-(M52/L52) -> 0.21674537 | O52: =+'Trim Rwd'!H24 -> 256.5 | P52: =O52*(Q52-R52-S52) -> 339349.5 | Q52: 1440 | R52: 60 | S52: 57 | T52: =E52*M52*O52*Q52/100000000 -> 48.791463 | U52: =E52*M52*O52*(Q52-R52-S52)/100000000 -> 44.827157 | V52: =E52*G52*(1-N52)*O52/100*(R52+S52)/1000000 -> 4.1922707 | W52: =+'10'!K9/1000 -> 32.18 | X52: =SUM(W52:W55)/SUM(K52:K55) -> 0.73928463 | Y52: 0 | Z52: =+'1'!D80/1000 -> 0 | AA52: =SUM(U52:U55)-SUM(W52:W55)-SUM(Z52:Z55)-SUM(Y52:Y55) -> 6.6821566 | AB52: =(SUM(K52:K55)-SUM(W52:W55)-SUM(Y52:Y55)-SUM(Z52:Z55)-SUM(AC52:AC55)-SUM(V52:V55))-AA52 -> -0.22796429 | AC52: =K52-T52 -> 2.8057143 | AD52: =+AM52+BA52 -> 0 | AE52: - Sheet Breaks (0x) | AF52: 0 | AM52: =SUM(AF52:AL52)+AT52+AV52+AX52 -> 0 | AR52: =SUM(AN52:AQ52) -> 0 | BA52: =+AR52+AS52+AU52+AW52+AY52+AZ52 -> 0 | BB52: 0
B53: Toilet | D53: VP OW | E53: 14 | W53: =+'10'!K8/1000 -> 5.965 | AD53: =+AM53+BA53 -> 27 | AE53: - Change Blade (16x) | AG53: 27 | AM53: =SUM(AF53:AL53)+AT53+AV53+AX53 -> 27 | AR53: =SUM(AN53:AQ53) -> 0 | BA53: =+AR53+AS53+AU53+AW53+AY53+AZ53 -> 0 | BC53: 16
AD54: =+AM54+BA54 -> 30 | AE54: - Change Spool (23x) | AH54: 30 | AM54: =SUM(AF54:AL54)+AT54+AV54+AX54 -> 30 | AR54: =SUM(AN54:AQ54) -> 0 | BA54: =+AR54+AS54+AU54+AW54+AY54+AZ54 -> 0
AD55: =+AM55+BA55 -> 60 | AE55: -20:30 PM stop Trip proximity felt ds ,Alrm actual felt tidak geser (eid perbaikan) | AM55: =SUM(AF55:AL55)+AT55+AV55+AX55 -> 0 | AP55: 60 | AR55: =SUM(AN55:AQ55) -> 60 | AU55: 0 | BA55: =+AR55+AS55+AU55+AW55+AY55+AZ55 -> 60
A57: 45941 | B57: Toilet | C57: =(M57*E57*O57*Q57)/100000000 -> 50.56538 | D57: VP OW | E57: 14.5 | F57: 1 | G57: 1240 | H57: =+N57 -> 0.22330915 | I57: 0.88 | J57: =E57*G57*(1-H57)*1440/1000000*2.74 -> 55.099915 | K57: =(IF(G57<L57,L57,G57)*(1-IF(H57<N57,H57,N57))*E57*O57*Q57)/100000000 -> 51.58076 | L57: 1215.5903 | M57: 944.13785 | N57: =1-(M57/L57) -> 0.22330915 | O57: =+'Trim Rwd'!H26 -> 256.5 | P57: =O57*(Q57-R57-S57) -> 345762 | Q57: 1440 | R57: 0 | S57: 92 | T57: =E57*M57*O57*Q57/100000000 -> 50.56538 | U57: =E57*M57*O57*(Q57-R57-S57)/100000000 -> 47.334814 | V57: =E57*G57*(1-N57)*O57/100*(R57+S57)/1000000 -> 3.2954375 | W57: =+'11'!K9/1000 -> 35.464 | X57: =SUM(W57:W60)/SUM(K57:K60) -> 0.68754318 | Y57: =+SUM(RBP!AG8:AG9) -> 0 | Z57: =+'1'!D85/1000 -> 0 | AA57: =SUM(U57:U60)-SUM(W57:W60)-SUM(Z57:Z60)-SUM(Y57:Y60) -> 11.870814 | AB57: =(SUM(K57:K60)-SUM(W57:W60)-SUM(Y57:Y60)-SUM(Z57:Z60)-SUM(AC57:AC60)-SUM(V57:V60))-AA57 -> -0.064871543 | AC57: =K57-T57 -> 1.0153807 | AD57: =+AM57+BA57 -> 10 | AE57: - Sheet Breaks (5x) | AF57: 10 | AM57: =SUM(AF57:AL57)+AT57+AV57+AX57 -> 10 | AR57: =SUM(AN57:AQ57) -> 0 | BA57: =+AR57+AS57+AU57+AW57+AY57+AZ57 -> 0 | BB57: 5
AD58: =+AM58+BA58 -> 28 | AE58: - Change Blade (12x) | AG58: 28 | AM58: =SUM(AF58:AL58)+AT58+AV58+AX58 -> 28 | AR58: =SUM(AN58:AQ58) -> 0 | BA58: =+AR58+AS58+AU58+AW58+AY58+AZ58 -> 0 | BC58: 12
AD59: =+AM59+BA59 -> 54 | AE59: - Change Spool (24x) | AH59: 54 | AM59: =SUM(AF59:AL59)+AT59+AV59+AX59 -> 54 | AR59: =SUM(AN59:AQ59) -> 0 | BA59: =+AR59+AS59+AU59+AW59+AY59+AZ59 -> 0
A61: 45942 | B61: Toilet | C61: =(M61*E61*O61*Q61)/100000000 -> 50.687183 | D61: VP OW | E61: 14.5 | F61: 1 | G61: 1240 | H61: =+N61 -> 0.22380294 | I61: 0.88 | J61: =E61*G61*(1-H61)*1440/1000000*2.74 -> 55.064885 | K61: =(IF(G61<L61,L61,G61)*(1-IF(H61<N61,H61,N61))*E61*O61*Q61)/100000000 -> 51.547967 | L61: 1219.2936 | M61: 946.41212 | N61: =1-(M61/L61) -> 0.22380294 | O61: =+'Trim Rwd'!H28 -> 256.5 | P61: =O61*(Q61-R61-S61) -> 310365 | Q61: 1440 | R61: 173 | S61: 57 | T61: =E61*M61*O61*Q61/100000000 -> 50.687183 | U61: =E61*M61*O61*(Q61-R61-S61)/100000000 -> 42.591313 | V61: =E61*G61*(1-N61)*O61/100*(R61+S61)/1000000 -> 8.2333559 | W61: =+'12'!K9/1000 -> 44.765 | X61: =SUM(W61:W64)/SUM(K61:K64) -> 0.86841446 | Y61: 0 | Z61: =+'1'!D89/1000 -> 0 | AA61: =SUM(U61:U64)-SUM(W61:W64)-SUM(Z61:Z64)-SUM(Y61:Y64) -> -2.1736866 | AB61: =(SUM(K61:K64)-SUM(W61:W64)-SUM(Y61:Y64)-SUM(Z61:Z64)-SUM(AC61:AC64)-SUM(V61:V64))-AA61 -> -0.13748637 | AC61: =K61-T61 -> 0.86078425 | AD61: =+AM61+BA61 -> 0 | AE61: - Sheet Breaks (0x) | AF61: 0 | AM61: =SUM(AF61:AL61)+AT61+AV61+AX61 -> 0 | AR61: =SUM(AN61:AQ61) -> 0 | BA61: =+AR61+AS61+AU61+AW61+AY61+AZ61 -> 0 | BB61: 0
AD62: =+AM62+BA62 -> 27 | AE62: - Change Blade (9x) | AG62: 27 | AM62: =SUM(AF62:AL62)+AT62+AV62+AX62 -> 27 | AR62: =SUM(AN62:AQ62) -> 0 | BA62: =+AR62+AS62+AU62+AW62+AY62+AZ62 -> 0 | BC62: 9
AD63: =+AM63+BA63 -> 30 | AE63: - Change Spool (20x) | AH63: 30 | AM63: =SUM(AF63:AL63)+AT63+AV63+AX63 -> 30 | AR63: =SUM(AN63:AQ63) -> 0 | BA63: =+AR63+AS63+AU63+AW63+AY63+AZ63 -> 0
AD64: =+AM64+BA64 -> 173 | AE64: - 09:18 pm 17 stop, cleaning wire & felt | AM64: =SUM(AF64:AL64)+AT64+AV64+AX64 -> 0 | AN64: 173 | AR64: =SUM(AN64:AQ64) -> 173 | AU64: 0 | BA64: =+AR64+AS64+AU64+AW64+AY64+AZ64 -> 173 | BF64: 2
A66: 45943 | B66: Toilet | C66: =(M66*E66*O66*Q66)/100000000 -> 49.804901 | D66: VP OW | E66: 14.5 | F66: 1 | G66: 1235 | H66: =+N66 -> 0.22082397 | I66: 0.88 | J66: =E66*G66*(1-H66)*1440/1000000*2.74 -> 55.05333 | K66: =(IF(G66<L66,L66,G66)*(1-IF(H66<N66,H66,N66))*E66*O66*Q66)/100000000 -> 51.537151 | L66: 1193.4896 | M66: 929.93847 | N66: =1-(M66/L66) -> 0.22082397 | O66: =+'Trim Rwd'!H30 -> 256.5 | P66: =O66*(Q66-R66-S66) -> 355252.5 | Q66: 1440 | R66: 0 | S66: 55 | T66: =E66*M66*O66*Q66/100000000 -> 49.804901 | U66: =E66*M66*O66*(Q66-R66-S66)/100000000 -> 47.90263 | V66: =E66*G66*(1-N66)*O66/100*(R66+S66)/1000000 -> 1.9684328 | W66: =+'13'!K9/1000 -> 42.233 | X66: =SUM(W66:W69)/SUM(K66:K69) -> 0.81946711 | Y66: 0 | Z66: =+'1'!D94/1000 -> 0 | AA66: =SUM(U66:U69)-SUM(W66:W69)-SUM(Z66:Z69)-SUM(Y66:Y69) -> 5.6696302 | AB66: =(SUM(K66:K69)-SUM(W66:W69)-SUM(Y66:Y69)-SUM(Z66:Z69)-SUM(AC66:AC69)-SUM(V66:V69))-AA66 -> -0.066162322 | AC66: =K66-T66 -> 1.7322499 | AD66: =+AM66+BA66 -> 0 | AE66: - Sheet Breaks (0x) | AF66: 0 | AM66: =SUM(AF66:AL66)+AT66+AV66+AX66 -> 0 | AR66: =SUM(AN66:AQ66) -> 0 | BA66: =+AR66+AS66+AU66+AW66+AY66+AZ66 -> 0 | BB66: 0 | BF66: 2
AD67: =+AM67+BA67 -> 18 | AE67: - Change Blade (9x) | AG67: 18 | AM67: =SUM(AF67:AL67)+AT67+AV67+AX67 -> 18 | AR67: =SUM(AN67:AQ67) -> 0 | BA67: =+AR67+AS67+AU67+AW67+AY67+AZ67 -> 0 | BC67: 9
AD68: =+AM68+BA68 -> 37 | AE68: - Change Spool (24x) | AH68: 37 | AM68: =SUM(AF68:AL68)+AT68+AV68+AX68 -> 37 | AR68: =SUM(AN68:AQ68) -> 0 | BA68: =+AR68+AS68+AU68+AW68+AY68+AZ68 -> 0
A70: 45944 | B70: Toilet | C70: =(M70*E70*O70*Q70)/100000000 -> 31.728401 | D70: VP OW | E70: 14.5 | F70: 1 | G70: 1235 | H70: =+N70 -> 0.22 | I70: 0.88 | J70: =E70*G70*(1-H70)*1440/1000000*2.74 -> 55.111549 | K70: =(IF(G70<L70,L70,G70)*(1-IF(H70<N70,H70,N70))*E70*O70*Q70)/100000000 -> 32.423919 | L70: 1208.5083 | M70: 942.63646 | N70: =1-(M70/L70) -> 0.22 | O70: =+'Trim Rwd'!H32 -> 256.5 | P70: =O70*(Q70-R70-S70) -> 219820.5 | Q70: 905 | R70: 0 | S70: 48 | T70: =E70*M70*O70*Q70/100000000 -> 31.728401 | U70: =E70*M70*O70*(Q70-R70-S70)/100000000 -> 30.045569 | V70: =E70*G70*(1-N70)*O70/100*(R70+S70)/1000000 -> 1.7197217 | W70: =+'14'!K9/1000 -> 35.51 | X70: =SUM(W70:W73)/SUM(K70:K73) -> 0.75745989 | Y70: =+SUM(RBP!AG21:AG22) -> 0 | Z70: =+'1'!D98/1000 -> 0 | AA70: =SUM(U70:U73)-SUM(W70:W73)-SUM(Z70:Z73)-SUM(Y70:Y73) -> 9.0571837 | AB70: =(SUM(K70:K73)-SUM(W70:W73)-SUM(Y70:Y73)-SUM(Z70:Z73)-SUM(AC70:AC73)-SUM(V70:V73))-AA70 -> -0.05058456 | AC70: =K70-T70 -> 0.69551835 | AD70: =+AM70+BA70 -> 0 | AE70: - Sheet Breaks (0x) | AF70: 0 | AM70: =SUM(AF70:AL70)+AT70+AV70+AX70 -> 0 | AR70: =SUM(AN70:AQ70) -> 0 | BA70: =+AR70+AS70+AU70+AW70+AY70+AZ70 -> 0 | BB70: 0
B71: Toilet | C71: =(M71*E71*O71*Q71)/100000000 -> 19.37289 | D71: VP OW | E71: 13.5 | F71: 1 | G71: 1295 | H71: =+N71 -> 0.20204689 | I71: 0.88 | J71: =E71*G71*(1-H71)*1440/1000000*2.74 -> 55.04197 | K71: =(IF(G71<L71,L71,G71)*(1-IF(H71<N71,H71,N71))*E71*O71*Q71)/100000000 -> 19.665967 | L71: 1275.7009 | M71: 1017.9495 | N71: =1-(M71/L71) -> 0.20204689 | O71: =+'Trim Rwd'!H33 -> 263.5 | P71: =O71*(Q71-R71-S71) -> 134385 | Q71: 535 | R71: 0 | S71: =73-S70 -> 25 | T71: =E71*M71*O71*Q71/100000000 -> 19.37289 | U71: =E71*M71*O71*(Q71-R71-S71)/100000000 -> 18.467615 | V71: =E71*G71*(1-N71)*O71/100*(R71+S71)/1000000 -> 0.91897043 | W71: =+'14'!K10/1000 -> 3.946 | AC71: =K71-T71 -> 0.29307706 | AD71: =+AM71+BA71 -> 24 | AE71: - Change Blade (9x) | AG71: 24 | AM71: =SUM(AF71:AL71)+AT71+AV71+AX71 -> 24 | AR71: =SUM(AN71:AQ71) -> 0 | BA71: =+AR71+AS71+AU71+AW71+AY71+AZ71 -> 0 | BC71: 9
AD72: =+AM72+BA72 -> 49 | AE72: - Change Spool (24x) | AH72: 49 | AM72: =SUM(AF72:AL72)+AT72+AV72+AX72 -> 49 | AR72: =SUM(AN72:AQ72) -> 0 | BA72: =+AR72+AS72+AU72+AW72+AY72+AZ72 -> 0
A74: 45945 | B74: Toilet | C74: =(M74*E74*O74*Q74)/100000000 -> 31.624734 | D74: VP OW | E74: 13.5 | F74: 1 | G74: 1335 | H74: =+N74 -> 0.22409361 | I74: 0.88 | J74: =E74*G74*(1-H74)*1440/1000000*2.74 -> 55.174375 | K74: =(IF(G74<L74,L74,G74)*(1-IF(H74<N74,H74,N74))*E74*O74*Q74)/100000000 -> 32.933269 | L74: 1281.9565 | M74: 994.67826 | N74: =1-(M74/L74) -> 0.22409361 | O74: =+'Trim Rwd'!H35 -> 255.9898 | P74: =O74*(Q74-R74-S74) -> 222711.12 | Q74: 920 | R74: 0 | S74: =85-S75-S76 -> 50 | T74: =E74*M74*O74*Q74/100000000 -> 31.624734 | U74: =E74*M74*O74*(Q74-R74-S74)/100000000 -> 29.905998 | V74: =E74*G74*(1-N74)*O74/100*(R74+S74)/1000000 -> 1.7898516 | W74: =+'15'!K10/1000 -> 31.662 | X74: =SUM(W74:W77)/SUM(K74:K77) -> 0.76448885 | Y74: 0 | Z74: =+'1'!D102/1000 -> 0 | AA74: =SUM(U74:U77)-SUM(W74:W77)-SUM(Z74:Z77)-SUM(Y74:Y77) -> 7.9267662 | AB74: =(SUM(K74:K77)-SUM(W74:W77)-SUM(Y74:Y77)-SUM(Z74:Z77)-SUM(AC74:AC77)-SUM(V74:V77))-AA74 -> -0.020859711 | AC74: =K74-T74 -> 1.3085357 | AD74: =+AM74+BA74 -> 0 | AE74: - Sheet Breaks (0x) | AF74: 0 | AM74: =SUM(AF74:AL74)+AT74+AV74+AX74 -> 0 | AR74: =SUM(AN74:AQ74) -> 0 | BA74: =+AR74+AS74+AU74+AW74+AY74+AZ74 -> 0 | BB74: 0
B75: Toilet | C75: =(M75*E75*O75*Q75)/100000000 -> 11.630758 | D75: VP OW | E75: 16.5 | F75: 1 | G75: 1010 | H75: =+N75 -> 0.16 | I75: 0.88 | J75: =E75*G75*(1-H75)*1440/1000000*2.74 -> 55.232876 | K75: =(IF(G75<L75,L75,G75)*(1-IF(H75<N75,H75,N75))*E75*O75*Q75)/100000000 -> 11.630758 | L75: 1080 | M75: 907.2 | N75: =1-(M75/L75) -> 0.16 | O75: =+'Trim Rwd'!H37 -> 259 | P75: =O75*(Q75-R75-S75) -> 72520 | Q75: 300 | R75: 0 | S75: 20 | T75: =E75*M75*O75*Q75/100000000 -> 11.630758 | U75: =E75*M75*O75*(Q75-R75-S75)/100000000 -> 10.855374 | V75: =E75*G75*(1-N75)*O75/100*(R75+S75)/1000000 -> 0.72512748 | W75: =+'15'!K11/1000 -> 8.045 | AC75: =K75-T75 -> 0 | AD75: =+AM75+BA75 -> 31 | AE75: - Change Blade (14x) | AG75: 31 | AM75: =SUM(AF75:AL75)+AT75+AV75+AX75 -> 31 | AR75: =SUM(AN75:AQ75) -> 0 | BA75: =+AR75+AS75+AU75+AW75+AY75+AZ75 -> 0 | BC75: 14
B76: Toilet | C76: =(M76*E76*O76*Q76)/100000000 -> 7.3752525 | D76: VP OW | E76: 12.5 | F76: 1 | G76: 1350 | H76: =+N76 -> 0.23 | I76: 0.88 | J76: =E76*G76*(1-H76)*1440/1000000*2.74 -> 51.26814 | K76: =(IF(G76<L76,L76,G76)*(1-IF(H76<N76,H76,N76))*E76*O76*Q76)/100000000 -> 7.3752525 | L76: 1350 | M76: 1039.5 | N76: =1-(M76/L76) -> 0.23 | O76: =+'Trim Rwd'!H38 -> 258 | P76: =O76*(Q76-R76-S76) -> 52890 | Q76: 220 | R76: 0 | S76: 15 | T76: =E76*M76*O76*Q76/100000000 -> 7.3752525 | U76: =E76*M76*O76*(Q76-R76-S76)/100000000 -> 6.8723944 | V76: =E76*G76*(1-N76)*O76/100*(R76+S76)/1000000 -> 0.50285813 | W76: =+'14'!K15/1000 -> 0 | AC76: =K76-T76 -> 0 | AD76: =+AM76+BA76 -> 54 | AE76: - Change Spool (23x) | AH76: 54 | AM76: =SUM(AF76:AL76)+AT76+AV76+AX76 -> 54 | AR76: =SUM(AN76:AQ76) -> 0 | BA76: =+AR76+AS76+AU76+AW76+AY76+AZ76 -> 0
A78: 45946 | B78: Toilet | C78: =(M78*E78*O78*Q78)/100000000 -> 7.471035 | D78: VP OW | E78: 12.5 | F78: 1 | G78: 1350 | H78: =+N78 -> 0.22 | I78: 0.88 | J78: =E78*G78*(1-H78)*1440/1000000*2.74 -> 51.93396 | K78: =(IF(G78<L78,L78,G78)*(1-IF(H78<N78,H78,N78))*E78*O78*Q78)/100000000 -> 7.471035 | L78: 1350 | M78: 1053 | N78: =1-(M78/L78) -> 0.22 | O78: =+'Trim Rwd'!H40 -> 258 | P78: =O78*(Q78-R78-S78) -> 53922 | Q78: 220 | R78: 0 | S78: 11 | T78: =E78*M78*O78*Q78/100000000 -> 7.471035 | U78: =E78*M78*O78*(Q78-R78-S78)/100000000 -> 7.0974832 | V78: =E78*G78*(1-N78)*O78/100*(R78+S78)/1000000 -> 0.37355175 | W78: =+'16'!K12/1000 -> 12.919 | X78: =SUM(W78:W81)/SUM(K78:K81) -> 0.83539903 | Y78: =+SUM(RBP!AG29:AG30) -> 0 | Z78: =+'1'!D106/1000 -> 0 | AA78: =SUM(U78:U81)-SUM(W78:W81)-SUM(Z78:Z81)-SUM(Y78:Y81) -> 6.6616428 | AB78: =(SUM(K78:K81)-SUM(W78:W81)-SUM(Y78:Y81)-SUM(Z78:Z81)-SUM(AC78:AC81)-SUM(V78:V81))-AA78 -> 0.0095741415 | AC78: =K78-T78 -> 0 | AD78: =+AM78+BA78 -> 0 | AE78: - Sheet Breaks (0x) | AF78: 0 | AM78: =SUM(AF78:AL78)+AT78+AV78+AX78 -> 0 | AR78: =SUM(AN78:AQ78) -> 0 | BA78: =+AR78+AS78+AU78+AW78+AY78+AZ78 -> 0 | BB78: 0
B79: Toilet | C79: =(M79*E79*O79*Q79)/100000000 -> 4.4153802 | D79: VP OW | E79: 16.5 | F79: 1 | G79: 1035 | H79: =+N79 -> 0.18 | I79: 0.88 | J79: =E79*G79*(1-H79)*1440/1000000*2.74 -> 55.252407 | K79: =(IF(G79<L79,L79,G79)*(1-IF(H79<N79,H79,N79))*E79*O79*Q79)/100000000 -> 4.4153802 | L79: 1050 | M79: 861 | N79: =1-(M79/L79) -> 0.18 | O79: =+'Trim Rwd'!H42 -> 259 | P79: =O79*(Q79-R79-S79) -> 29785 | Q79: 120 | R79: 0 | S79: 5 | T79: =E79*M79*O79*Q79/100000000 -> 4.4153802 | U79: =E79*M79*O79*(Q79-R79-S79)/100000000 -> 4.231406 | V79: =E79*G79*(1-N79)*O79/100*(R79+S79)/1000000 -> 0.18134597 | W79: =+'16'!K11/1000 -> 1.882 | AC79: =K79-T79 -> 0 | AD79: =+AM79+BA79 -> 10 | AE79: - Change Blade (6x) | AG79: 10 | AM79: =SUM(AF79:AL79)+AT79+AV79+AX79 -> 10 | AR79: =SUM(AN79:AQ79) -> 0 | BA79: =+AR79+AS79+AU79+AW79+AY79+AZ79 -> 0 | BC79: 6
B80: Towel | C80: =(M80*E80*O80*Q80)/100000000 -> 40.749509 | D80: VP OW | E80: 18 | F80: 1 | G80: 1035 | H80: 0.25 | I80: 0.88 | J80: =E80*G80*(1-H80)*1440/1000000*2.74 -> 55.129896 | K80: =(IF(G80<L80,L80,G80)*(1-IF(H80<N80,H80,N80))*E80*O80*Q80)/100000000 -> 40.749509 | L80: 1040 | M80: 800.8 | N80: =1-(M80/L80) -> 0.23 | O80: =+'Trim Rwd'!H43 -> 257 | P80: =O80*(Q80-R80-S80) -> 272677 | Q80: =1083+17 -> 1100 | R80: 17 | S80: =38-S78-S79 -> 22 | T80: =E80*M80*O80*Q80/100000000 -> 40.749509 | U80: =E80*M80*O80*(Q80-R80-S80)/100000000 -> 39.304753 | V80: =E80*G80*(1-N80)*O80/100*(R80+S80)/1000000 -> 1.4378094 | W80: =+'16'!K13/1000 -> 24.929 | AC80: =K80-T80 -> 0 | AD80: =+AM80+BA80 -> 28 | AE80: - Change Spool (20x) | AH80: 28 | AM80: =SUM(AF80:AL80)+AT80+AV80+AX80 -> 28 | AR80: =SUM(AN80:AQ80) -> 0 | BA80: =+AR80+AS80+AU80+AW80+AY80+AZ80 -> 0
B81: Toilet | D81: VP OW | E81: 13.5 | W81: =+'16'!K10/1000 -> 4.242 | AD81: =+AM81+BA81 -> 17 | AE81: -17. 03 press oli tiba" turun turbo vacum trip, PM stock off. | AM81: =SUM(AF81:AL81)+AT81+AV81+AX81 -> 0 | AO81: 17 | AR81: =SUM(AN81:AQ81) -> 17 | BA81: =+AR81+AS81+AU81+AW81+AY81+AZ81 -> 17
A83: 45947 | B83: Towel | C83: =(M83*E83*O83*Q83)/100000000 -> 51.754948 | D83: VP OW | E83: 18 | F83: 1 | G83: 1035 | H83: 0.25 | I83: 0.88 | J83: =E83*G83*(1-H83)*1440/1000000*2.74 -> 55.129896 | K83: =(IF(G83<L83,L83,G83)*(1-IF(H83<N83,H83,N83))*E83*O83*Q83)/100000000 -> 52.175037 | L83: 1026.6667 | M83: 776.93333 | N83: =1-(M83/L83) -> 0.24324675 | O83: =+'Trim Rwd'!H45 -> 257 | P83: =O83*(Q83-R83-S83) -> 363398 | Q83: 1440 | R83: 0 | S83: 26 | T83: =E83*M83*O83*Q83/100000000 -> 51.754948 | U83: =E83*M83*O83*(Q83-R83-S83)/100000000 -> 50.820484 | V83: =E83*G83*(1-N83)*O83/100*(R83+S83)/1000000 -> 0.94204927 | W83: =+'17'!K13/1000 -> 55.053 | X83: =SUM(W83:W86)/SUM(K83:K86) -> 1.0551598 | Y83: =+SUM(RBP!AG34:AG35) -> 0 | Z83: =+'17'!D34/1000 -> 1.8 | AA83: =SUM(U83:U86)-SUM(W83:W86)-SUM(Z83:Z86)-SUM(Y83:Y86) -> -6.0325165 | AB83: =(SUM(K83:K86)-SUM(W83:W86)-SUM(Y83:Y86)-SUM(Z83:Z86)-SUM(AC83:AC86)-SUM(V83:V86))-AA83 -> -0.0075849378 | AC83: =K83-T83 -> 0.42008886 | AD83: =+AM83+BA83 -> 0 | AE83: - Sheet Breaks (0x) | AF83: 0 | AM83: =SUM(AF83:AL83)+AT83+AV83+AX83 -> 0 | AR83: =SUM(AN83:AQ83) -> 0 | BA83: =+AR83+AS83+AU83+AW83+AY83+AZ83 -> 0 | BB83: 0
AD84: =+AM84+BA84 -> 7 | AE84: - Change Blade (5x) | AG84: 7 | AM84: =SUM(AF84:AL84)+AT84+AV84+AX84 -> 7 | AR84: =SUM(AN84:AQ84) -> 0 | BA84: =+AR84+AS84+AU84+AW84+AY84+AZ84 -> 0 | BC84: 5
AD85: =+AM85+BA85 -> 19 | AE85: - Change Spool (18x) | AH85: 19 | AM85: =SUM(AF85:AL85)+AT85+AV85+AX85 -> 19 | AR85: =SUM(AN85:AQ85) -> 0 | BA85: =+AR85+AS85+AU85+AW85+AY85+AZ85 -> 0
A87: 45948 | B87: Towel | C87: =(M87*E87*O87*Q87)/100000000 -> 50.994933 | D87: VP OW | E87: 18 | F87: 1 | G87: 1035 | H87: 0.25 | I87: 0.88 | J87: =E87*G87*(1-H87)*1440/1000000*2.74 -> 55.129896 | K87: =(IF(G87<L87,L87,G87)*(1-IF(H87<N87,H87,N87))*E87*O87*Q87)/100000000 -> 51.709428 | L87: 1020.7083 | M87: 765.52417 | N87: =1-(M87/L87) -> 0.25000694 | O87: =+'Trim Rwd'!H47 -> 257 | P87: =O87*(Q87-R87-S87) -> 360057 | Q87: 1440 | R87: 0 | S87: 39 | T87: =E87*M87*O87*Q87/100000000 -> 50.994933 | U87: =E87*M87*O87*(Q87-R87-S87)/100000000 -> 49.61382 | V87: =E87*G87*(1-N87)*O87/100*(R87+S87)/1000000 -> 1.4004507 | W87: =+'18'!K13/1000 -> 48.03 | X87: =SUM(W87:W90)/SUM(K87:K90) -> 0.92884416 | Y87: 0 | Z87: 0 | AA87: =SUM(U87:U90)-SUM(W87:W90)-SUM(Z87:Z90)-SUM(Y87:Y90) -> 1.5838203 | AB87: =(SUM(K87:K90)-SUM(W87:W90)-SUM(Y87:Y90)-SUM(Z87:Z90)-SUM(AC87:AC90)-SUM(V87:V90))-AA87 -> -0.019337947 | AC87: =K87-T87 -> 0.71449495 | AD87: =+AM87+BA87 -> 0 | AE87: - Sheet Breaks (0x) | AF87: 0 | AM87: =SUM(AF87:AL87)+AT87+AV87+AX87 -> 0 | AR87: =SUM(AN87:AQ87) -> 0 | BA87: =+AR87+AS87+AU87+AW87+AY87+AZ87 -> 0 | BB87: 0
AD88: =+AM88+BA88 -> 10 | AE88: - Change Blade (6x) | AG88: 10 | AM88: =SUM(AF88:AL88)+AT88+AV88+AX88 -> 10 | AR88: =SUM(AN88:AQ88) -> 0 | BA88: =+AR88+AS88+AU88+AW88+AY88+AZ88 -> 0 | BC88: 6
AD89: =+AM89+BA89 -> 29 | AE89: - Change Spool (18x) | AH89: 29 | AM89: =SUM(AF89:AL89)+AT89+AV89+AX89 -> 29 | AR89: =SUM(AN89:AQ89) -> 0 | BA89: =+AR89+AS89+AU89+AW89+AY89+AZ89 -> 0
A91: 45949 | B91: Towel | C91: =(M91*E91*O91*Q91)/100000000 -> 51.672145 | D91: VP OW | E91: 18 | F91: 1 | G91: 1035 | H91: 0.25 | I91: 0.88 | J91: =E91*G91*(1-H91)*1440/1000000*2.74 -> 55.129896 | K91: =(IF(G91<L91,L91,G91)*(1-IF(H91<N91,H91,N91))*E91*O91*Q91)/100000000 -> 52.552171 | L91: 1017.6681 | M91: 775.69032 | N91: =1-(M91/L91) -> 0.23777675 | O91: =+'Trim Rwd'!H49 -> 257 | P91: =O91*(Q91-R91-S91) -> 360571 | Q91: 1440 | R91: 0 | S91: 37 | T91: =E91*M91*O91*Q91/100000000 -> 51.672145 | U91: =E91*M91*O91*(Q91-R91-S91)/100000000 -> 50.344458 | V91: =E91*G91*(1-N91)*O91/100*(R91+S91)/1000000 -> 1.3502988 | W91: =+'19'!K13/1000 -> 45.658 | X91: =SUM(W91:W94)/SUM(K91:K94) -> 0.86881282 | Y91: =+SUM(RBP!AG42:AG43) -> 0 | Z91: =+'17'!D42/1000 -> 0 | AA91: =SUM(U91:U94)-SUM(W91:W94)-SUM(Z91:Z94)-SUM(Y91:Y94) -> 4.686458 | AB91: =(SUM(K91:K94)-SUM(W91:W94)-SUM(Y91:Y94)-SUM(Z91:Z94)-SUM(AC91:AC94)-SUM(V91:V94))-AA91 -> -0.022611775 | AC91: =K91-T91 -> 0.88002584 | AD91: =+AM91+BA91 -> 6 | AE91: - Sheet Breaks (3x) | AF91: 6 | AM91: =SUM(AF91:AL91)+AT91+AV91+AX91 -> 6 | AR91: =SUM(AN91:AQ91) -> 0 | BA91: =+AR91+AS91+AU91+AW91+AY91+AZ91 -> 0 | BB91: 3 | BF91: 1
AD92: =+AM92+BA92 -> 8 | AE92: - Change Blade (5x) | AG92: 8 | AM92: =SUM(AF92:AL92)+AT92+AV92+AX92 -> 8 | AR92: =SUM(AN92:AQ92) -> 0 | BA92: =+AR92+AS92+AU92+AW92+AY92+AZ92 -> 0 | BC92: 5
AD93: =+AM93+BA93 -> 23 | AE93: - Change Spool (19x) | AH93: 23 | AM93: =SUM(AF93:AL93)+AT93+AV93+AX93 -> 23 | AR93: =SUM(AN93:AQ93) -> 0 | BA93: =+AR93+AS93+AU93+AW93+AY93+AZ93 -> 0
A95: 45950 | B95: Towel | C95: =(M95*E95*O95*Q95)/100000000 -> 51.30197 | D95: VP OW | E95: 18 | F95: 1 | G95: 1035 | H95: 0.25 | I95: 0.88 | J95: =E95*G95*(1-H95)*1440/1000000*2.74 -> 55.129896 | K95: =(IF(G95<L95,L95,G95)*(1-IF(H95<N95,H95,N95))*E95*O95*Q95)/100000000 -> 52.398887 | L95: 1013.3333 | M95: 770.13333 | N95: =1-(M95/L95) -> 0.24 | O95: =+'Trim Rwd'!H51 -> 257 | P95: =O95*(Q95-R95-S95) -> 363912 | Q95: 1440 | R95: 0 | S95: 24 | T95: =E95*M95*O95*Q95/100000000 -> 51.30197 | U95: =E95*M95*O95*(Q95-R95-S95)/100000000 -> 50.446937 | V95: =E95*G95*(1-N95)*O95/100*(R95+S95)/1000000 -> 0.87331478 | W95: =+'20'!K13/1000 -> 48.939 | X95: =SUM(W95:W98)/SUM(K95:K98) -> 0.93397022 | Y95: =+SUM(RBP!AG46:AG47) -> 0 | Z95: =+'17'!D46/1000 -> 0 | AA95: =SUM(U95:U98)-SUM(W95:W98)-SUM(Z95:Z98)-SUM(Y95:Y98) -> 1.5079371 | AB95: =(SUM(K95:K98)-SUM(W95:W98)-SUM(Y95:Y98)-SUM(Z95:Z98)-SUM(AC95:AC98)-SUM(V95:V98))-AA95 -> -0.018281952 | AC95: =K95-T95 -> 1.0969171 | AD95: =+AM95+BA95 -> 0 | AE95: - Sheet Breaks (0x) | AF95: 0 | AM95: =SUM(AF95:AL95)+AT95+AV95+AX95 -> 0 | AR95: =SUM(AN95:AQ95) -> 0 | BA95: =+AR95+AS95+AU95+AW95+AY95+AZ95 -> 0 | BB95: 0
AD96: =+AM96+BA96 -> 6 | AE96: - Change Blade (6x) | AG96: 6 | AM96: =SUM(AF96:AL96)+AT96+AV96+AX96 -> 6 | AR96: =SUM(AN96:AQ96) -> 0 | BA96: =+AR96+AS96+AU96+AW96+AY96+AZ96 -> 0 | BC96: 6
AD97: =+AM97+BA97 -> 18 | AE97: - Change Spool (19x) | AH97: 18 | AM97: =SUM(AF97:AL97)+AT97+AV97+AX97 -> 18 | AR97: =SUM(AN97:AQ97) -> 0 | BA97: =+AR97+AS97+AU97+AW97+AY97+AZ97 -> 0
A99: 45951 | B99: Towel | C99: =(M99*E99*O99*Q99)/100000000 -> 10.041011 | D99: VP OW | E99: 18 | F99: 1 | G99: 1035 | H99: 0.25 | I99: 0.88 | J99: =E99*G99*(1-H99)*1440/1000000*2.74 -> 55.129896 | K99: =(IF(G99<L99,L99,G99)*(1-IF(H99<N99,H99,N99))*E99*O99*Q99)/100000000 -> 10.188672 | L99: 1020 | M99: 775.2 | N99: =1-(M99/L99) -> 0.24 | O99: =+'Trim Rwd'!H53 -> 257 | P99: =O99*(Q99-R99-S99) -> 44975 | Q99: =190+90 -> 280 | R99: 90 | S99: 15 | T99: =E99*M99*O99*Q99/100000000 -> 10.041011 | U99: =E99*M99*O99*(Q99-R99-S99)/100000000 -> 6.2756316 | V99: =E99*G99*(1-N99)*O99/100*(R99+S99)/1000000 -> 3.8207522 | W99: =+'21'!K13/1000 -> 12.037 | X99: =SUM(W99:W102)/SUM(K99:K102) -> 0.81538717 | Y99: =+SUM(RBP!AG50:AG51) -> 0 | Z99: =+'17'!D50/1000 -> 0 | AA99: =SUM(U99:U102)-SUM(W99:W102)-SUM(Z99:Z102)-SUM(Y99:Y102) -> 2.4444025 | AB99: =(SUM(K99:K102)-SUM(W99:W102)-SUM(Y99:Y102)-SUM(Z99:Z102)-SUM(AC99:AC102)-SUM(V99:V102))-AA99 -> -0.087174356 | AC99: =K99-T99 -> 0.14766192 | AD99: =+AM99+BA99 -> 20 | AE99: - Sheet Breaks (10x) | AF99: 20 | AM99: =SUM(AF99:AL99)+AT99+AV99+AX99 -> 20 | AR99: =SUM(AN99:AQ99) -> 0 | BA99: =+AR99+AS99+AU99+AW99+AY99+AZ99 -> 0 | BB99: 10
B100: Facial | C100: =(M100*E100*O100*Q100)/100000000 -> 6.181812 | D100: VP OW | E100: 15 | F100: 1 | G100: 1195 | H100: =+N100 -> 0.22 | I100: 0.88 | J100: =E100*G100*(1-H100)*1440/1000000*2.74 -> 55.165406 | K100: =(IF(G100<L100,L100,G100)*(1-IF(H100<N100,H100,N100))*E100*O100*Q100)/100000000 -> 6.181812 | L100: 1200 | M100: 936 | N100: =1-(M100/L100) -> 0.22 | O100: =+'Trim Rwd'!H54 -> 259 | P100: =O100*(Q100-R100-S100) -> 41958 | Q100: 170 | R100: 0 | S100: 8 | T100: =E100*M100*O100*Q100/100000000 -> 6.181812 | U100: =E100*M100*O100*(Q100-R100-S100)/100000000 -> 5.8909032 | V100: =E100*G100*(1-N100)*O100/100*(R100+S100)/1000000 -> 0.28969668 | W100: =+'21'!K14/1000 -> 5.496 | AC100: =K100-T100 -> 0 | AD100: =+AM100+BA100 -> 13 | AE100: - Change Blade (11x) | AG100: 13 | AM100: =SUM(AF100:AL100)+AT100+AV100+AX100 -> 13 | AR100: =SUM(AN100:AQ100) -> 0 | BA100: =+AR100+AS100+AU100+AW100+AY100+AZ100 -> 0 | BC100: 11
B101: Toilet | C101: =(M101*E101*O101*Q101)/100000000 -> 29.861558 | D101: VP OW | E101: 12 | F101: 1 | G101: 1350 | H101: =+N101 -> 0.27589806 | I101: 0.88 | J101: =E101*G101*(1-H101)*1440/1000000*2.74 -> 46.283669 | K101: =(IF(G101<L101,L101,G101)*(1-IF(H101<N101,H101,N101))*E101*O101*Q101)/100000000 -> 30.658708 | L101: 1314.899 | M101: 952.12091 | N101: =1-(M101/L101) -> 0.27589806 | O101: =+'Trim Rwd'!H55 -> 264 | P101: =O101*(Q101-R101-S101) -> 250536 | Q101: 990 | R101: 0 | S101: =64-S99-S100 -> 41 | T101: =E101*M101*O101*Q101/100000000 -> 29.861558 | U101: =E101*M101*O101*(Q101-R101-S101)/100000000 -> 28.624868 | V101: =E101*G101*(1-N101)*O101/100*(R101+S101)/1000000 -> 1.2697041 | W101: =+'21'!K15/1000 -> 20.814 | AC101: =K101-T101 -> 0.79714934 | AD101: =+AM101+BA101 -> 31 | AE101: - Change Spool (26x) | AH101: 31 | AM101: =SUM(AF101:AL101)+AT101+AV101+AX101 -> 31 | AR101: =SUM(AN101:AQ101) -> 0 | BA101: =+AR101+AS101+AU101+AW101+AY101+AZ101 -> 0
AD102: =+AM102+BA102 -> 90 | AE102: - 10:50 PM stop, cleaning wire. | AM102: =SUM(AF102:AL102)+AT102+AV102+AX102 -> 0 | AN102: 90 | AR102: =SUM(AN102:AQ102) -> 90 | BA102: =+AR102+AS102+AU102+AW102+AY102+AZ102 -> 90 | BF102: 2
A104: 45952 | B104: Toilet | C104: =(M104*E104*O104*Q104)/100000000 -> 23.37638 | D104: VP OW | E104: 12 | F104: 1 | G104: 1350 | H104: =+N104 -> 0.25863905 | I104: 0.88 | J104: =E104*G104*(1-H104)*1440/1000000*2.74 -> 47.386843 | K104: =(IF(G104<L104,L104,G104)*(1-IF(H104<N104,H104,N104))*E104*O104*Q104)/100000000 -> 23.653024 | L104: 1334.2105 | M104: 989.13158 | N104: =1-(M104/L104) -> 0.25863905 | O104: =+'Trim Rwd'!H57 -> 259.13636 | P104: =O104*(Q104-R104-S104) -> 192797.45 | Q104: 760 | R104: 0 | S104: 16 | T104: =E104*M104*O104*Q104/100000000 -> 23.37638 | U104: =E104*M104*O104*(Q104-R104-S104)/100000000 -> 22.884246 | V104: =E104*G104*(1-N104)*O104/100*(R104+S104)/1000000 -> 0.4979584 | W104: =+'22'!K15/1000 -> 16.572 | X104: =SUM(W104:W107)/SUM(K104:K107) -> 0.83047657 | Y104: =+SUM(RBP!AG55:AG56) -> 0 | Z104: =+'17'!D55/1000 -> 0 | AA104: =SUM(U104:U107)-SUM(W104:W107)-SUM(Z104:Z107)-SUM(Y104:Y107) -> 6.4605129 | AB104: =(SUM(K104:K107)-SUM(W104:W107)-SUM(Y104:Y107)-SUM(Z104:Z107)-SUM(AC104:AC107)-SUM(V104:V107))-AA104 -> -0.0058240748 | AC104: =K104-T104 -> 0.27664356 | AD104: =+AM104+BA104 -> 0 | AE104: - Sheet Breaks (0x) | AF104: 0 | AM104: =SUM(AF104:AL104)+AT104+AV104+AX104 -> 0 | AR104: =SUM(AN104:AQ104) -> 0 | BA104: =+AR104+AS104+AU104+AW104+AY104+AZ104 -> 0 | BB104: 0
B105: Facial | C105: =(M105*E105*O105*Q105)/100000000 -> 2.8036336 | D105: VP OW | E105: 12 | F105: 1 | G105: 1350 | H105: =+N105 -> 0.26 | I105: 0.88 | J105: =E105*G105*(1-H105)*1440/1000000*2.74 -> 47.299853 | K105: =(IF(G105<L105,L105,G105)*(1-IF(H105<N105,H105,N105))*E105*O105*Q105)/100000000 -> 2.8036336 | L105: 1350 | M105: 999 | N105: =1-(M105/L105) -> 0.26 | O105: =+'Trim Rwd'!H59 -> 257 | P105: =O105*(Q105-R105-S105) -> 22102 | Q105: 91 | R105: 0 | S105: 5 | T105: =E105*M105*O105*Q105/100000000 -> 2.8036336 | U105: =E105*M105*O105*(Q105-R105-S105)/100000000 -> 2.6495878 | V105: =E105*G105*(1-N105)*O105/100*(R105+S105)/1000000 -> 0.1540458 | W105: =+'21'!K19/1000 -> 0 | AC105: =K105-T105 -> 0 | AD105: =+AM105+BA105 -> 10 | AE105: - Change Blade (7x) | AG105: 10 | AM105: =SUM(AF105:AL105)+AT105+AV105+AX105 -> 10 | AR105: =SUM(AN105:AQ105) -> 0 | BA105: =+AR105+AS105+AU105+AW105+AY105+AZ105 -> 0 | BC105: 7
